time_stamp, total time, scan point size, incremental time, search time, delete size, delete time, tree size st, tree size end, add point size, preprocess time
1773324152.04182005,0.02742584,6065,0.00696155,0.00000000,0,0.00000000,2936,4009,1805,0.00000000
1773324152.14185882,0.01722568,6048,0.00285696,0.00000000,0,0.00000000,4009,5067,1379,0.00228064
1773324152.24183893,0.02698044,6069,0.00477594,0.00000000,0,0.00000000,4749,5448,1235,0.00325634
1773324152.34177732,0.02428068,6069,0.00426881,0.00000000,0,0.00000000,5448,6024,1129,0.00224386
1773324152.44176173,0.03102454,6045,0.00512896,0.00000000,0,0.00000000,6024,6327,1040,0.00386776
1773324152.54182839,0.02344194,6057,0.00438743,0.00000000,0,0.00000000,6327,6560,1017,0.00232269
1773324152.64183640,0.02060194,5967,0.00294456,0.00000000,0,0.00000000,6560,6808,1003,0.00158761
1773324152.74178433,0.02372501,6032,0.00499636,0.00000000,0,0.00000000,6808,7407,878,0.00118747
1773324152.84178972,0.02509937,6031,0.00386175,0.00000000,0,0.00000000,7407,7940,819,0.00206596
1773324152.94183445,0.02507470,6077,0.00345534,0.00000000,0,0.00000000,7940,8312,794,0.00105698
1773324153.04184699,0.02077794,6026,0.00338343,0.00000000,0,0.00000000,8312,8709,743,0.00183458
1773324153.14176607,0.02251459,6027,0.00415244,0.00000000,0,0.00000000,8709,8984,744,0.00254380
1773324153.24170446,0.02425551,6046,0.00342476,0.00000000,0,0.00000000,8984,9342,723,0.00128249
1773324153.34181213,0.02520593,6014,0.00499469,0.00000000,0,0.00000000,9342,9381,635,0.00145976
1773324153.44177532,0.02112320,5976,0.00263078,0.00000000,0,0.00000000,9381,9610,604,0.00092255
1773324153.54165626,0.01786762,6013,0.00207083,0.00000000,0,0.00000000,9610,9895,601,0.00090329
1773324153.64170408,0.02166992,6062,0.00230629,0.00000000,0,0.00000000,9895,10126,536,0.00136867
1773324153.74168372,0.02031184,6059,0.00171199,0.00000000,0,0.00000000,10126,10377,499,0.00123269
1773324153.84168887,0.02342320,6014,0.00372292,0.00000000,0,0.00000000,10377,10588,447,0.00090469
1773324153.94160414,0.02770345,6058,0.00262438,0.00000000,0,0.00000000,10588,10588,497,0.00085154
1773324154.04172087,0.02257894,6006,0.00226040,0.00000000,0,0.00000000,10588,10832,466,0.00120768
1773324154.14157462,0.02381406,6033,0.00350914,0.00000000,0,0.00000000,10832,10902,437,0.00095861
1773324154.24176764,0.02171660,6011,0.00183829,0.00000000,0,0.00000000,10902,11042,393,0.00087577
1773324154.34177232,0.02896626,6031,0.00276616,0.00000000,0,0.00000000,11042,11218,413,0.00078144
1773324154.44180870,0.03337444,6003,0.00353407,0.00000000,0,0.00000000,11218,11460,434,0.00154331
1773324154.54174113,0.03528279,5973,0.00239919,0.00000000,0,0.00000000,11460,11632,394,0.00151091
1773324154.64163160,0.02911344,5965,0.00396727,0.00000000,0,0.00000000,11632,11822,381,0.00086623
1773324154.74164414,0.02673229,6061,0.00165460,0.00000000,0,0.00000000,11023,11231,355,0.00109015
1773324154.84183049,0.03113176,5990,0.00185412,0.00000000,0,0.00000000,11231,11379,328,0.00175938
1773324154.94181728,0.02221238,5979,0.00122677,0.00000000,0,0.00000000,11379,11579,335,0.00143969
1773324155.04169846,0.02253999,5986,0.00262815,0.00000000,0,0.00000000,11579,11708,335,0.00117679
1773324155.14170384,0.01907612,6015,0.00109249,0.00000000,0,0.00000000,11708,11791,282,0.00130277
1773324155.24170041,0.02494992,6042,0.00209064,0.00000000,0,0.00000000,11791,11512,307,0.00234863
1773324155.34185648,0.02311951,6028,0.00210756,0.00000000,0,0.00000000,11512,11676,281,0.00078563
1773324155.44187808,0.02657401,6034,0.00134291,0.00000000,0,0.00000000,11676,11891,290,0.00230001
1773324155.54189801,0.01921091,6004,0.00146824,0.00000000,0,0.00000000,11891,12034,298,0.00165474
1773324155.64191985,0.02512474,5997,0.00151357,0.00000000,0,0.00000000,12034,12177,248,0.00115289
1773324155.74173403,0.02221445,6044,0.00108641,0.00000000,0,0.00000000,12177,12231,269,0.00084593
1773324155.84195232,0.02151024,6009,0.00211647,0.00000000,0,0.00000000,12231,12401,255,0.00139949
1773324155.94193077,0.02352657,6025,0.00132857,0.00000000,0,0.00000000,12401,12508,281,0.00076233
1773324156.04198456,0.02151812,6050,0.00108669,0.00000000,0,0.00000000,12508,12666,269,0.00170235
1773324156.14202118,0.02112880,5998,0.00160079,0.00000000,0,0.00000000,12666,12744,250,0.00307929
1773324156.24199080,0.02182184,6017,0.00115856,0.00000000,0,0.00000000,12744,12803,219,0.00081249
1773324156.34194827,0.02317506,6023,0.00137332,0.00000000,0,0.00000000,12803,12894,229,0.00170718
1773324156.44198060,0.02606857,6047,0.00091707,0.00000000,0,0.00000000,12894,12980,228,0.00098295
1773324156.54194379,0.02371553,6000,0.00140064,0.00000000,0,0.00000000,12980,12985,239,0.00171485
1773324156.64198780,0.02266815,6051,0.00118690,0.00000000,0,0.00000000,12985,13069,222,0.00104499
1773324156.74196863,0.02504103,6013,0.00098129,0.00000000,0,0.00000000,13069,13091,240,0.00109623
1773324156.84190011,0.02243826,6024,0.00116179,0.00000000,0,0.00000000,13091,13144,215,0.00101269
1773324156.94194984,0.02115199,6004,0.00076398,0.00000000,0,0.00000000,13144,13222,190,0.00096785
1773324157.04192400,0.01905600,6048,0.00100646,0.00000000,0,0.00000000,13222,13279,188,0.00100592
1773324157.14201975,0.02072646,5957,0.00114863,0.00000000,0,0.00000000,13279,13320,167,0.00125759
1773324157.24193239,0.02074513,6012,0.00117693,0.00000000,0,0.00000000,13320,13422,205,0.00191684
1773324157.34199023,0.02285846,6021,0.00125919,0.00000000,0,0.00000000,13422,13455,214,0.00183574
1773324157.44204783,0.02284687,5967,0.00078339,0.00000000,0,0.00000000,13455,13384,177,0.00172810
1773324157.54202533,0.02119198,6050,0.00134100,0.00000000,0,0.00000000,13384,13423,174,0.00092154
1773324157.64214158,0.02441832,6025,0.00151631,0.00000000,0,0.00000000,13423,13535,167,0.00087707
1773324157.74211287,0.02292996,6039,0.00151456,0.00000000,0,0.00000000,13535,13590,190,0.00095092
1773324157.84207463,0.02028466,5996,0.00095614,0.00000000,0,0.00000000,13590,13609,151,0.00170322
1773324157.94200373,0.02085957,6076,0.00149490,0.00000000,0,0.00000000,13609,13603,136,0.00085210
1773324158.04219484,0.02085063,5984,0.00070663,0.00000000,0,0.00000000,13603,13677,143,0.00124577
1773324158.14210439,0.01937705,6036,0.00083679,0.00000000,0,0.00000000,13677,13722,142,0.00524653
1773324158.24218607,0.02417664,6059,0.00063865,0.00000000,0,0.00000000,13722,13702,141,0.00127776
1773324158.34218931,0.01889421,6057,0.00061913,0.00000000,0,0.00000000,13702,13760,131,0.00089700
1773324158.44204330,0.02251349,6015,0.00122240,0.00000000,0,0.00000000,13760,13608,143,0.00131104
1773324158.54212117,0.01888427,6010,0.00105016,0.00000000,0,0.00000000,13608,13644,151,0.00165928
1773324158.64208698,0.01842874,6086,0.00067043,0.00000000,0,0.00000000,13644,13690,145,0.00084786
1773324158.74211192,0.02686296,6028,0.00067550,0.00000000,0,0.00000000,13690,13689,131,0.00087817
1773324158.84225178,0.02378572,6076,0.00133380,0.00000000,0,0.00000000,13689,13736,145,0.00191678
1773324158.94224072,0.02305613,6011,0.00053663,0.00000000,0,0.00000000,13736,13802,119,0.00123922
1773324159.04216003,0.02134809,6016,0.00080216,0.00000000,0,0.00000000,13802,13764,141,0.00097591
1773324159.14238024,0.03016458,6046,0.00079406,0.00000000,0,0.00000000,13764,13786,142,0.00267059
1773324159.24216270,0.02695927,5993,0.00066967,0.00000000,0,0.00000000,13786,13821,128,0.00097190
1773324159.34218931,0.03080063,6047,0.00142123,0.00000000,0,0.00000000,13821,13882,131,0.00084521
1773324159.44213986,0.03192120,6038,0.00098379,0.00000000,0,0.00000000,13882,13934,145,0.00085036
1773324159.54232311,0.01877974,5994,0.00076637,0.00000000,0,0.00000000,13934,13963,142,0.00106201
1773324159.64218235,0.01927471,5987,0.00168864,0.00000000,0,0.00000000,13963,13884,148,0.00127606
1773324159.74213314,0.02427721,6038,0.00045692,0.00000000,0,0.00000000,13884,13957,112,0.00193860
1773324159.84230351,0.02560887,6007,0.00055478,0.00000000,0,0.00000000,13957,13998,109,0.00123341
1773324159.94223571,0.02391678,6012,0.00113767,0.00000000,0,0.00000000,13998,14033,106,0.00173780
1773324160.04219151,0.02419091,5981,0.00060909,0.00000000,0,0.00000000,14033,14021,122,0.00083892
1773324160.14222813,0.01960506,5999,0.00068144,0.00000000,0,0.00000000,14021,14071,122,0.00185417
1773324160.24183297,0.02245330,6048,0.00055710,0.00000000,0,0.00000000,14071,14075,104,0.00088523
1773324160.34248304,0.02205704,6023,0.00186189,0.00000000,0,0.00000000,14075,14063,124,0.00089458
1773324160.44229817,0.02344907,6008,0.00213320,0.00000000,0,0.00000000,14063,13900,117,0.00112024
1773324160.54228783,0.02242060,6032,0.00139236,0.00000000,0,0.00000000,13900,13893,123,0.00200435
1773324160.64232183,0.02100968,6040,0.00043164,0.00000000,0,0.00000000,13893,13966,106,0.00237109
1773324160.74244142,0.02646941,5991,0.00052431,0.00000000,0,0.00000000,13966,14027,116,0.00084551
1773324160.84225941,0.02205733,6059,0.00048064,0.00000000,0,0.00000000,14027,14088,122,0.00177972
1773324160.94238830,0.01494087,6004,0.00043096,0.00000000,0,0.00000000,14088,14130,99,0.00125553
1773324161.04240918,0.02079354,5986,0.00081370,0.00000000,0,0.00000000,14130,14127,134,0.00169556
1773324161.14242697,0.01779554,5997,0.00047890,0.00000000,0,0.00000000,14127,14168,111,0.00175697
1773324161.24444485,0.01700154,6031,0.00120337,0.00000000,0,0.00000000,14168,14150,117,0.00092272
1773324161.34232211,0.02204488,5956,0.00044956,0.00000000,0,0.00000000,14150,14189,105,0.00145171
1773324161.44232416,0.01948659,6033,0.00051347,0.00000000,0,0.00000000,14189,14186,87,0.00292887
1773324161.54233456,0.02216964,6010,0.00160026,0.00000000,0,0.00000000,14186,14228,102,0.00082946
1773324161.64261222,0.02034738,6015,0.00056759,0.00000000,0,0.00000000,14228,14233,112,0.00167087
1773324161.74236774,0.02285662,6020,0.00079080,0.00000000,0,0.00000000,14233,14258,89,0.00085697
1773324161.84248567,0.01769964,5969,0.00061323,0.00000000,0,0.00000000,14258,14260,118,0.00157582
1773324161.94235802,0.01745503,6038,0.00059039,0.00000000,0,0.00000000,14260,14198,93,0.00073180
1773324162.04239535,0.01637742,6046,0.00098165,0.00000000,0,0.00000000,14198,14233,85,0.00184545
1773324162.14241838,0.02298518,6076,0.00041584,0.00000000,0,0.00000000,14233,14283,104,0.00267066
1773324162.24238873,0.02389965,6077,0.00060269,0.00000000,0,0.00000000,14283,14326,108,0.00130781
1773324162.34245968,0.02327774,6055,0.00066644,0.00000000,0,0.00000000,14326,14461,182,0.00087707
1773324162.44251871,0.02330072,6075,0.00081476,0.00000000,0,0.00000000,14461,14569,199,0.00155270
1773324162.54247236,0.01806331,6070,0.00109164,0.00000000,0,0.00000000,14569,14709,190,0.00089516
1773324162.64243102,0.02066654,6061,0.00087172,0.00000000,0,0.00000000,14709,14813,227,0.00167493
1773324162.74243617,0.02356161,6076,0.00081775,0.00000000,0,0.00000000,14813,14896,207,0.00087957
1773324162.84239912,0.02432459,6052,0.00162405,0.00000000,0,0.00000000,14896,14995,218,0.00152209
1773324162.94256687,0.02286082,5995,0.00109024,0.00000000,0,0.00000000,14995,15012,213,0.00129099
1773324163.04241109,0.02924350,6032,0.00228034,0.00000000,0,0.00000000,15012,14946,195,0.00093129
1773324163.14244699,0.02638026,6020,0.00078835,0.00000000,0,0.00000000,14946,14984,199,0.00329487
1773324163.24250627,0.02458309,6018,0.00104135,0.00000000,0,0.00000000,14984,15020,177,0.00135736
1773324163.34252834,0.02095573,6016,0.00110283,0.00000000,0,0.00000000,15020,15026,167,0.00201026
1773324163.44248843,0.02455039,6060,0.00111646,0.00000000,0,0.00000000,15026,15088,172,0.00165997
1773324163.54261494,0.01888385,6007,0.00123943,0.00000000,0,0.00000000,15088,15075,147,0.00099207
1773324163.64246440,0.02990177,6050,0.00192451,0.00000000,0,0.00000000,15075,15127,163,0.00109784
1773324163.74239492,0.03112619,6043,0.00132527,0.00000000,0,0.00000000,15127,15076,184,0.00312359
1773324163.84252238,0.02439893,6032,0.00060115,0.00000000,0,0.00000000,15076,15111,152,0.00332627
1773324163.94243002,0.02751554,6054,0.00125457,0.00000000,0,0.00000000,15111,15079,144,0.00137965
1773324164.04248381,0.02495008,6012,0.00082835,0.00000000,0,0.00000000,15079,15049,109,0.00120835
1773324164.14255333,0.02932305,6030,0.00212509,0.00000000,0,0.00000000,15049,14963,129,0.00239509
1773324164.24239469,0.02354006,6000,0.00096753,0.00000000,0,0.00000000,14963,14981,143,0.00090926
1773324164.34241748,0.03382694,6089,0.00242253,0.00000000,0,0.00000000,14981,14994,140,0.00103168
1773324164.44261265,0.03358959,6004,0.00075613,0.00000000,0,0.00000000,14994,15027,112,0.00114370
1773324164.54254127,0.02799390,6086,0.00054163,0.00000000,0,0.00000000,15027,15091,123,0.00283214
1773324164.64265823,0.03053049,6004,0.00134919,0.00000000,0,0.00000000,15091,15145,125,0.00323921
1773324164.74253583,0.02576100,6044,0.00068791,0.00000000,0,0.00000000,15145,15161,100,0.00131323
1773324164.84250522,0.02626908,6000,0.00071605,0.00000000,0,0.00000000,15161,15220,121,0.00328738
1773324164.94250250,0.02511319,6057,0.00118341,0.00000000,0,0.00000000,15220,15217,108,0.00114697
1773324165.04256582,0.02985316,6048,0.00047923,0.00000000,0,0.00000000,15217,15275,101,0.00209596
1773324165.14257479,0.02919321,5997,0.00054788,0.00000000,0,0.00000000,15275,15333,107,0.00139700
1773324165.24237967,0.02887210,6052,0.00050278,0.00000000,0,0.00000000,15333,15383,115,0.00130248
1773324165.34263682,0.03066877,6020,0.00043354,0.00000000,0,0.00000000,15383,15418,88,0.00286763
1773324165.44239116,0.02101628,6071,0.00036350,0.00000000,0,0.00000000,15418,15436,94,0.00094247
1773324165.54254079,0.01956135,6054,0.00058028,0.00000000,0,0.00000000,15436,15462,94,0.00307852
1773324165.64256477,0.04328462,6120,0.00071582,0.00000000,0,0.00000000,15462,15494,102,0.00300453
1773324165.74277067,0.02317968,6019,0.00167889,0.00000000,0,0.00000000,15494,15500,94,0.00166916
1773324165.84258509,0.03110231,6049,0.00127557,0.00000000,0,0.00000000,15500,15482,78,0.00180454
1773324165.94153142,0.02810723,6096,0.00105283,0.00000000,0,0.00000000,15482,15527,83,0.00136238
1773324166.04257035,0.02988477,6070,0.00086392,0.00000000,0,0.00000000,15527,15557,78,0.00303613
1773324166.14326262,0.02652162,6062,0.00084730,0.00000000,0,0.00000000,15557,15585,76,0.00335820
1773324166.24250960,0.01963976,6047,0.00039488,0.00000000,0,0.00000000,15585,15595,101,0.00300700
1773324166.34260488,0.03110934,6054,0.00052379,0.00000000,0,0.00000000,15595,15649,102,0.00327892
1773324166.44256830,0.02449856,6070,0.00047383,0.00000000,0,0.00000000,15649,15645,75,0.00477946
1773324166.54266667,0.02408235,6020,0.00053015,0.00000000,0,0.00000000,15645,15646,74,0.00087924
1773324166.64154148,0.04416700,6045,0.00097372,0.00000000,0,0.00000000,15646,15699,77,0.00143194
1773324166.74247265,0.02645926,6049,0.00117594,0.00000000,0,0.00000000,15699,15720,87,0.00142695
1773324166.84158301,0.02206592,6059,0.00052066,0.00000000,0,0.00000000,15720,15759,101,0.00142264
1773324166.94253659,0.02895002,6043,0.00081865,0.00000000,0,0.00000000,15759,15803,111,0.00299186
1773324167.04248643,0.02711610,6074,0.00048547,0.00000000,0,0.00000000,15803,15851,94,0.00130823
1773324167.14262009,0.03441609,6040,0.00059667,0.00000000,0,0.00000000,15851,15835,74,0.00439625
1773324167.24254513,0.02844411,6060,0.00074916,0.00000000,0,0.00000000,15835,15819,103,0.00098998
1773324167.34253979,0.02442382,6065,0.00079867,0.00000000,0,0.00000000,15819,15781,108,0.00189379
1773324167.44168591,0.02946708,6017,0.00073899,0.00000000,0,0.00000000,15781,15823,127,0.00119168
1773324167.54266906,0.02535965,6054,0.00086817,0.00000000,0,0.00000000,15823,15883,94,0.00125614
1773324167.64251542,0.03010732,6084,0.00140066,0.00000000,0,0.00000000,15883,15896,85,0.00170177
1773324167.74254751,0.02860409,6045,0.00057655,0.00000000,0,0.00000000,15896,15864,68,0.00156221
1773324167.84164810,0.02230739,6081,0.00036664,0.00000000,0,0.00000000,15864,15890,65,0.00182247
1773324167.94265556,0.02496659,6076,0.00047062,0.00000000,0,0.00000000,15890,15904,80,0.00261220
1773324168.04262471,0.02439883,6068,0.00040974,0.00000000,0,0.00000000,15904,15896,84,0.00132519
1773324168.14270544,0.01708206,6024,0.00055279,0.00000000,0,0.00000000,15896,15922,84,0.00172242
1773324168.24275732,0.04921900,6025,0.00121751,0.00000000,0,0.00000000,15922,15899,77,0.00115742
1773324168.34267235,0.04718612,5997,0.00104566,0.00000000,0,0.00000000,15899,15949,84,0.00101652
1773324168.44179487,0.02654702,6075,0.00090724,0.00000000,0,0.00000000,15949,15941,79,0.00129403
1773324168.54184151,0.02673415,6035,0.00037280,0.00000000,0,0.00000000,15941,15971,61,0.00242635
1773324168.64175200,0.03179816,6112,0.00060646,0.00000000,0,0.00000000,15971,15990,77,0.00221979
1773324168.74176621,0.03678368,6054,0.00083656,0.00000000,0,0.00000000,15990,16016,83,0.00254090
1773324168.84172440,0.03038096,6077,0.00061900,0.00000000,0,0.00000000,16016,15980,74,0.00135007
1773324168.94182491,0.02481050,6091,0.00047296,0.00000000,0,0.00000000,15980,15977,53,0.00121635
1773324169.04276896,0.02119523,6011,0.00034364,0.00000000,0,0.00000000,15977,15993,59,0.00160040
1773324169.14286304,0.02167314,6018,0.00063209,0.00000000,0,0.00000000,15993,16035,94,0.00177813
1773324169.24266410,0.02223352,6002,0.00056249,0.00000000,0,0.00000000,16035,16073,65,0.00139853
1773324169.34266973,0.01707858,6030,0.00066932,0.00000000,0,0.00000000,16073,16109,68,0.00202590
1773324169.44270205,0.02277985,6002,0.00059012,0.00000000,0,0.00000000,16109,16110,78,0.00241768
1773324169.54277897,0.02095926,6055,0.00027077,0.00000000,0,0.00000000,16110,16126,67,0.00180356
1773324169.64260817,0.02117945,6017,0.00038830,0.00000000,0,0.00000000,16126,16091,67,0.00105053
1773324169.74269319,0.02468240,6043,0.00031344,0.00000000,0,0.00000000,16091,16096,57,0.00101678
1773324169.84270048,0.02545060,5960,0.00106430,0.00000000,0,0.00000000,16096,15998,67,0.00105082
1773324169.94264388,0.01718350,6030,0.00053870,0.00000000,0,0.00000000,15998,16040,71,0.00110121
1773324170.04272819,0.01918864,6029,0.00084072,0.00000000,0,0.00000000,16040,16064,75,0.00103885
1773324170.14279842,0.01534811,6001,0.00038198,0.00000000,0,0.00000000,16064,16049,73,0.00213779
1773324170.24277472,0.02160761,5987,0.00028362,0.00000000,0,0.00000000,16049,16053,57,0.00207482
1773324170.34271979,0.02101069,6031,0.00026737,0.00000000,0,0.00000000,16053,16078,64,0.00115592
1773324170.44266009,0.02397067,6021,0.00036007,0.00000000,0,0.00000000,16078,16073,62,0.00118499
1773324170.54264569,0.03225845,6039,0.00048168,0.00000000,0,0.00000000,16073,16107,46,0.00101734
1773324170.64270949,0.02319788,6028,0.00064867,0.00000000,0,0.00000000,16107,16104,65,0.00126720
1773324170.74274063,0.02222750,6058,0.00030176,0.00000000,0,0.00000000,16104,16108,47,0.00089240
1773324170.84285975,0.02041202,6086,0.00215008,0.00000000,0,0.00000000,16108,15875,42,0.00098860
1773324170.94273520,0.01637857,6032,0.00085394,0.00000000,0,0.00000000,15875,15880,67,0.00281315
1773324171.04278207,0.02054389,6068,0.00033202,0.00000000,0,0.00000000,15880,15895,51,0.00263302
1773324171.14284277,0.02409877,6062,0.00024658,0.00000000,0,0.00000000,15895,15931,57,0.00180934
1773324171.24292397,0.02394263,6047,0.00017174,0.00000000,0,0.00000000,15931,15958,44,0.00086927
1773324171.34273720,0.02061739,6039,0.00025896,0.00000000,0,0.00000000,15958,15993,59,0.00163271
1773324171.44269872,0.02092555,6084,0.00038008,0.00000000,0,0.00000000,15993,16021,70,0.00147383
1773324171.54279423,0.01476715,6052,0.00027328,0.00000000,0,0.00000000,16021,16039,51,0.00094578
1773324171.64277983,0.02636109,6041,0.00035896,0.00000000,0,0.00000000,16039,16050,54,0.00088211
1773324171.74201369,0.02353281,6080,0.00082724,0.00000000,0,0.00000000,16050,16075,68,0.00099083
1773324171.84295964,0.02113540,6068,0.00031943,0.00000000,0,0.00000000,16075,16089,73,0.00190058
1773324171.94487357,0.02233218,6070,0.00042953,0.00000000,0,0.00000000,16089,16086,56,0.00236337
1773324172.04289150,0.02204308,6059,0.00062372,0.00000000,0,0.00000000,16086,16106,59,0.00170103
1773324172.14290166,0.01979768,6019,0.00024946,0.00000000,0,0.00000000,16106,16126,61,0.00113540
1773324172.24275112,0.01861412,6030,0.00048104,0.00000000,0,0.00000000,16126,16138,50,0.00096732
1773324172.34281993,0.01849514,6067,0.00034220,0.00000000,0,0.00000000,16138,16172,66,0.00088969
1773324172.44294024,0.01967140,6029,0.00036494,0.00000000,0,0.00000000,16172,16175,53,0.00123998
1773324172.54274178,0.02005800,6087,0.00035578,0.00000000,0,0.00000000,16175,16178,64,0.00201871
1773324172.64291334,0.02619827,6081,0.00036448,0.00000000,0,0.00000000,16178,16205,85,0.00247113
1773324172.74287653,0.02320524,6047,0.00044174,0.00000000,0,0.00000000,16205,16179,60,0.00145083
1773324172.84179640,0.02061969,6072,0.00023495,0.00000000,0,0.00000000,16179,16217,54,0.00098672
1773324172.94281077,0.01980049,6077,0.00033232,0.00000000,0,0.00000000,16217,16242,82,0.00156679
1773324173.04282165,0.02308426,6052,0.00039950,0.00000000,0,0.00000000,16242,16260,92,0.00087385
1773324173.14285707,0.01381022,6060,0.00036870,0.00000000,0,0.00000000,16260,16262,64,0.00075251
1773324173.24186826,0.01990524,6073,0.00057692,0.00000000,0,0.00000000,16262,16244,40,0.00092204
1773324173.34285712,0.02266157,6080,0.00056896,0.00000000,0,0.00000000,16244,16264,43,0.00197264
1773324173.44282269,0.02411300,6043,0.00049279,0.00000000,0,0.00000000,16264,16276,46,0.00200952
1773324173.54197526,0.02426456,6033,0.00029311,0.00000000,0,0.00000000,16276,16271,51,0.00149630
1773324173.64237285,0.02363311,6064,0.00024214,0.00000000,0,0.00000000,16271,16290,46,0.00104473
1773324173.74203396,0.03111249,6022,0.00037523,0.00000000,0,0.00000000,16290,16275,54,0.00083121
1773324173.84189272,0.02439936,6074,0.00020213,0.00000000,0,0.00000000,16275,16276,38,0.00091831
1773324173.94202209,0.02682933,5980,0.00034583,0.00000000,0,0.00000000,16276,16272,52,0.00132938
1773324174.04184723,0.03956468,6044,0.00124655,0.00000000,0,0.00000000,16272,16252,47,0.00083868
1773324174.14289117,0.02416663,6037,0.00065797,0.00000000,0,0.00000000,16252,16269,57,0.00119350
1773324174.24282098,0.02231200,6032,0.00051617,0.00000000,0,0.00000000,16269,16240,51,0.00097312
1773324174.34284067,0.04590282,6062,0.00063078,0.00000000,0,0.00000000,16240,16285,56,0.00270499
1773324174.44281125,0.04695725,6026,0.00061426,0.00000000,0,0.00000000,16285,16317,43,0.00127503
1773324174.54184937,0.01685196,6065,0.00024437,0.00000000,0,0.00000000,16317,16289,46,0.00455459
1773324174.64185333,0.02221240,6029,0.00021106,0.00000000,0,0.00000000,16289,16319,45,0.00139596
1773324174.74283147,0.02951191,6022,0.00017189,0.00000000,0,0.00000000,16319,16340,44,0.00141000
1773324174.84286642,0.01845240,5970,0.00086242,0.00000000,0,0.00000000,16340,16329,66,0.00206765
1773324174.94191957,0.01930746,6051,0.00040817,0.00000000,0,0.00000000,16329,16327,52,0.00136656
1773324175.04179192,0.02905533,6057,0.00029392,0.00000000,0,0.00000000,16327,16330,53,0.00174545
1773324175.14290929,0.02780090,6020,0.00094448,0.00000000,0,0.00000000,16330,16294,51,0.00231861
1773324175.24183106,0.02704564,6009,0.00021651,0.00000000,0,0.00000000,16294,16321,45,0.00167144
1773324175.34284520,0.02205870,6050,0.00021676,0.00000000,0,0.00000000,16321,16348,57,0.00081901
1773324175.44283128,0.02385689,6040,0.00061214,0.00000000,0,0.00000000,16348,16373,52,0.00191730
1773324175.54193091,0.02169301,6057,0.00044752,0.00000000,0,0.00000000,16373,16333,64,0.00090236
1773324175.64181328,0.02464507,6050,0.00063106,0.00000000,0,0.00000000,16333,16344,64,0.00129370
1773324175.74182391,0.02472812,6011,0.00064459,0.00000000,0,0.00000000,16344,16346,60,0.00145222
1773324175.84150124,0.02356029,6113,0.00039952,0.00000000,0,0.00000000,16346,16329,50,0.00293278
1773324175.94284940,0.02453095,6032,0.00078285,0.00000000,0,0.00000000,16329,16312,61,0.00230574
1773324176.04289460,0.01684753,6046,0.00015144,0.00000000,0,0.00000000,16312,16336,42,0.00276906
1773324176.14179325,0.02330379,6068,0.00026895,0.00000000,0,0.00000000,16336,16334,56,0.00182628
1773324176.24295020,0.01977717,6004,0.00020093,0.00000000,0,0.00000000,16334,16349,41,0.00181897
1773324176.34182978,0.01677512,6086,0.00027319,0.00000000,0,0.00000000,16349,16377,50,0.00093112
1773324176.44285083,0.01909309,6042,0.00023874,0.00000000,0,0.00000000,16377,16403,47,0.00207835
1773324176.54289317,0.01953058,5987,0.00027164,0.00000000,0,0.00000000,16403,16422,53,0.00251261
1773324176.64183950,0.02469690,6025,0.00038517,0.00000000,0,0.00000000,16422,16436,48,0.00316756
1773324176.74297881,0.02652935,5969,0.00047886,0.00000000,0,0.00000000,16436,16464,50,0.00151922
1773324176.84182191,0.02069482,6007,0.00016739,0.00000000,0,0.00000000,16464,16481,50,0.00175707
1773324176.94182110,0.02249755,5952,0.00018388,0.00000000,0,0.00000000,16481,16506,41,0.00098926
1773324177.04189491,0.02206947,5997,0.00019567,0.00000000,0,0.00000000,16506,16516,42,0.00098317
1773324177.14182949,0.01921148,5989,0.00024547,0.00000000,0,0.00000000,16516,16537,51,0.00085145
1773324177.24190974,0.01545604,5986,0.00020604,0.00000000,0,0.00000000,16537,16552,40,0.00089113
1773324177.34197330,0.02568843,6055,0.00049042,0.00000000,0,0.00000000,16552,16567,41,0.00089462
1773324177.44292688,0.02334504,5968,0.00050607,0.00000000,0,0.00000000,16567,16598,48,0.00089431
1773324177.54288316,0.02810854,6017,0.00031331,0.00000000,0,0.00000000,16598,16625,55,0.00101789
1773324177.64187360,0.02818103,6022,0.00031075,0.00000000,0,0.00000000,16625,16624,50,0.00174392
1773324177.74200106,0.03573234,6033,0.00061261,0.00000000,0,0.00000000,16624,16628,44,0.00174258
1773324177.84198856,0.01889131,6031,0.00021400,0.00000000,0,0.00000000,16628,16631,45,0.00114247
1773324177.94296193,0.02120856,6038,0.00018797,0.00000000,0,0.00000000,16631,16653,46,0.00324263
1773324178.04298973,0.02015017,6001,0.00013636,0.00000000,0,0.00000000,16653,16663,38,0.00143243
1773324178.14291620,0.01719893,6073,0.00043026,0.00000000,0,0.00000000,16663,16682,41,0.00196857
1773324178.24199533,0.02170165,6009,0.00051056,0.00000000,0,0.00000000,16682,16687,44,0.00178355
1773324178.34297466,0.02346735,6073,0.00049194,0.00000000,0,0.00000000,16687,16699,43,0.00174692
1773324178.44200420,0.02755129,6045,0.00022743,0.00000000,0,0.00000000,16699,16715,40,0.00188502
1773324178.54217815,0.02469420,6048,0.00017381,0.00000000,0,0.00000000,16715,16717,28,0.00102637
1773324178.64215446,0.02126969,6106,0.00031242,0.00000000,0,0.00000000,16717,16711,37,0.00144574
1773324178.74212885,0.02660866,6030,0.00027405,0.00000000,0,0.00000000,16711,16732,48,0.00095380
1773324178.84172273,0.01584005,6078,0.00019213,0.00000000,0,0.00000000,16732,16704,37,0.00178388
1773324178.94202876,0.01951468,6031,0.00047485,0.00000000,0,0.00000000,16704,16719,39,0.00385179
1773324179.04188132,0.02739128,6021,0.00026491,0.00000000,0,0.00000000,16719,16701,42,0.00228256
1773324179.14153528,0.02327113,6053,0.00053064,0.00000000,0,0.00000000,16701,16708,59,0.00210949
1773324179.24182224,0.02097700,6023,0.00022909,0.00000000,0,0.00000000,16708,16730,46,0.00204128
1773324179.34186101,0.02570507,6076,0.00018447,0.00000000,0,0.00000000,16730,16742,39,0.00094354
1773324179.44186831,0.02662069,6003,0.00013927,0.00000000,0,0.00000000,16742,16763,44,0.00177820
1773324179.54191566,0.02223661,6030,0.00015443,0.00000000,0,0.00000000,16763,16756,28,0.00089080
1773324179.64196706,0.02233245,6006,0.00069141,0.00000000,0,0.00000000,16756,16752,59,0.00151199
1773324179.74293232,0.02264580,6036,0.00032448,0.00000000,0,0.00000000,16752,16767,42,0.00165415
1773324179.84186769,0.02534665,6003,0.00026707,0.00000000,0,0.00000000,16767,16780,34,0.00092740
1773324179.94204354,0.02450181,6050,0.00012372,0.00000000,0,0.00000000,16780,16796,25,0.00171931
1773324180.04194903,0.01684103,6015,0.00017943,0.00000000,0,0.00000000,16796,16808,37,0.00149000
1773324180.14193535,0.02398473,6033,0.00012886,0.00000000,0,0.00000000,16808,16825,31,0.00137872
1773324180.24180937,0.02050040,5971,0.00021918,0.00000000,0,0.00000000,16825,16829,44,0.00085733
1773324180.34195065,0.01735809,6058,0.00022108,0.00000000,0,0.00000000,16829,16837,26,0.00171128
1773324180.44202900,0.01414601,6028,0.00046864,0.00000000,0,0.00000000,16837,16810,46,0.00215053
1773324180.54192138,0.02336825,6012,0.00047576,0.00000000,0,0.00000000,16810,16815,37,0.00098509
1773324180.64194536,0.02980281,6041,0.00027213,0.00000000,0,0.00000000,16815,16802,42,0.00226383
1773324180.74188733,0.03480358,6024,0.00024956,0.00000000,0,0.00000000,16802,16795,34,0.00183779
1773324180.84195805,0.02788743,6033,0.00021858,0.00000000,0,0.00000000,16795,16789,34,0.00159141
1773324180.94191360,0.02902696,6012,0.00030388,0.00000000,0,0.00000000,16789,16779,38,0.00241870
1773324181.04190755,0.03723688,5986,0.00020930,0.00000000,0,0.00000000,16779,16812,40,0.00190789
1773324181.14153600,0.02496885,6017,0.00019478,0.00000000,0,0.00000000,16812,16836,47,0.00160448
1773324181.24191451,0.02939929,6057,0.00044760,0.00000000,0,0.00000000,16836,16857,33,0.00119591
1773324181.34202504,0.02519541,6023,0.00041883,0.00000000,0,0.00000000,16857,16859,33,0.00092268
1773324181.44194436,0.02565627,6041,0.00048926,0.00000000,0,0.00000000,16859,16870,40,0.00235368
1773324181.54198122,0.02683310,5990,0.00016342,0.00000000,0,0.00000000,16870,16862,35,0.00089140
1773324181.64192128,0.04290345,5988,0.00044651,0.00000000,0,0.00000000,16862,16873,39,0.00205684
1773324181.74190283,0.04589907,6048,0.00054514,0.00000000,0,0.00000000,16873,16875,36,0.00215802
1773324181.84203935,0.04086688,6031,0.00027012,0.00000000,0,0.00000000,16875,16886,28,0.00100373
1773324181.94199324,0.04364352,6009,0.00040078,0.00000000,0,0.00000000,16886,16905,48,0.00308901
1773324182.04189897,0.04217749,6027,0.00060733,0.00000000,0,0.00000000,16905,16898,48,0.00386468
1773324182.14159513,0.02505546,6072,0.00013670,0.00000000,0,0.00000000,16898,16904,34,0.00278865
1773324182.24206901,0.01961909,6008,0.00015957,0.00000000,0,0.00000000,16904,16899,35,0.00316038
1773324182.34199810,0.02864582,5995,0.00019202,0.00000000,0,0.00000000,16899,16884,30,0.00360650
1773324182.44214487,0.03436664,6031,0.00039969,0.00000000,0,0.00000000,16884,16889,35,0.00384793
1773324182.54234862,0.03330105,6014,0.00038189,0.00000000,0,0.00000000,16889,16897,28,0.00199836
1773324182.64150143,0.02896662,6000,0.00052417,0.00000000,0,0.00000000,16897,16882,39,0.00181343
1773324182.74190998,0.03995462,6064,0.00053215,0.00000000,0,0.00000000,16882,16866,35,0.00260713
1773324182.84212351,0.03592711,6008,0.00097548,0.00000000,0,0.00000000,16866,16863,42,0.00222227
1773324182.94197512,0.02618167,6047,0.00037708,0.00000000,0,0.00000000,16863,16851,45,0.00291676
1773324183.04187751,0.02622845,6044,0.00030852,0.00000000,0,0.00000000,16851,16768,42,0.00240661
1773324183.14209008,0.02080633,6046,0.00027950,0.00000000,0,0.00000000,16768,16803,53,0.00130305
1773324183.24200749,0.02766560,6007,0.00059311,0.00000000,0,0.00000000,16803,16828,49,0.00247095
1773324183.34214830,0.02394299,6053,0.00046924,0.00000000,0,0.00000000,16828,16840,44,0.00177885
1773324183.44204760,0.02438453,6006,0.00043263,0.00000000,0,0.00000000,16840,16830,33,0.00177803
1773324183.54165220,0.02286968,6041,0.00030297,0.00000000,0,0.00000000,16830,16838,31,0.00185140
1773324183.64180756,0.03018798,6110,0.00025462,0.00000000,0,0.00000000,16838,16868,54,0.00278009
1773324183.74203777,0.02480884,6037,0.00031218,0.00000000,0,0.00000000,16868,16876,45,0.00196073
1773324183.84210658,0.01956580,6084,0.00012420,0.00000000,0,0.00000000,16876,16893,39,0.00085242
1773324183.94201899,0.01703848,6017,0.00021045,0.00000000,0,0.00000000,16893,16893,42,0.00216574
1773324184.04209518,0.02803811,6039,0.00045942,0.00000000,0,0.00000000,16893,16904,44,0.00187431
1773324184.14194512,0.02164378,6031,0.00045313,0.00000000,0,0.00000000,16904,16896,40,0.00320024
1773324184.24202085,0.01807927,6018,0.00025628,0.00000000,0,0.00000000,16896,16897,38,0.00307551
1773324184.34163523,0.02435542,6076,0.00016714,0.00000000,0,0.00000000,16897,16923,41,0.00136944
1773324184.44159269,0.02221161,6007,0.00021415,0.00000000,0,0.00000000,16923,16958,49,0.00314596
1773324184.54163194,0.01993187,6038,0.00015704,0.00000000,0,0.00000000,16958,16971,38,0.00099793
1773324184.64165521,0.01700493,6034,0.00017119,0.00000000,0,0.00000000,16971,16999,44,0.00153961
1773324184.74163437,0.02661512,6012,0.00043286,0.00000000,0,0.00000000,16999,17023,39,0.00190867
1773324184.84164190,0.03012044,6059,0.00022014,0.00000000,0,0.00000000,17023,17032,39,0.00266460
1773324184.94215059,0.02391331,6070,0.00052518,0.00000000,0,0.00000000,17032,17043,43,0.00230068
1773324185.04213333,0.01998557,6016,0.00018007,0.00000000,0,0.00000000,17043,17067,42,0.00137525
1773324185.14168262,0.03124840,6046,0.00030816,0.00000000,0,0.00000000,17067,17070,42,0.00195444
1773324185.24164367,0.02086482,6014,0.00017392,0.00000000,0,0.00000000,17070,17079,42,0.00299417
1773324185.34167814,0.02702720,6077,0.00022764,0.00000000,0,0.00000000,17079,17081,43,0.00111638
1773324185.44192839,0.02036732,6014,0.00024065,0.00000000,0,0.00000000,17081,17047,39,0.00251373
1773324185.54156899,0.03399387,6070,0.00031551,0.00000000,0,0.00000000,17047,17055,37,0.00291359
1773324185.64239335,0.02012102,6016,0.00076127,0.00000000,0,0.00000000,17055,17040,51,0.00226648
1773324185.74159837,0.02701633,6100,0.00065388,0.00000000,0,0.00000000,17040,17063,44,0.00115174
1773324185.84200573,0.03027073,6065,0.00048542,0.00000000,0,0.00000000,17063,17072,53,0.00194147
1773324185.94204855,0.02879031,6013,0.00030287,0.00000000,0,0.00000000,17072,17077,44,0.00242439
1773324186.04164076,0.01983099,6029,0.00023247,0.00000000,0,0.00000000,17077,17096,39,0.00196747
1773324186.14166379,0.02538008,6014,0.00022973,0.00000000,0,0.00000000,17096,17080,40,0.00238032
1773324186.24198437,0.02287059,6057,0.00051748,0.00000000,0,0.00000000,17080,17100,44,0.00173024
1773324186.34196329,0.02352967,6029,0.00055425,0.00000000,0,0.00000000,17100,17084,49,0.00169134
1773324186.44165969,0.01594000,6060,0.00067120,0.00000000,0,0.00000000,17084,17082,42,0.00219012
1773324186.54174900,0.02753580,6019,0.00025101,0.00000000,0,0.00000000,17082,17068,43,0.00099088
1773324186.64229250,0.02358583,6088,0.00042878,0.00000000,0,0.00000000,17068,17085,42,0.00240534
1773324186.74200821,0.03517171,6078,0.00025530,0.00000000,0,0.00000000,17085,17097,48,0.00265958
1773324186.84304905,0.02264458,6018,0.00018550,0.00000000,0,0.00000000,17097,17110,46,0.00097382
1773324186.94203472,0.02597310,6057,0.00028212,0.00000000,0,0.00000000,17110,17096,33,0.00237023
1773324187.04207540,0.02137609,6047,0.00048132,0.00000000,0,0.00000000,17096,17102,48,0.00086745
1773324187.14203691,0.02689833,6029,0.00072004,0.00000000,0,0.00000000,17102,17077,52,0.00125334
1773324187.24200106,0.03105133,6013,0.00053556,0.00000000,0,0.00000000,17077,17065,50,0.00180432
1773324187.34160519,0.02586522,6055,0.00104467,0.00000000,0,0.00000000,17065,17019,75,0.00232300
1773324187.44214749,0.02517089,6010,0.00049999,0.00000000,0,0.00000000,17019,17046,55,0.00146008
1773324187.54164410,0.03968298,6045,0.00098795,0.00000000,0,0.00000000,17046,17057,80,0.00244140
1773324187.64164853,0.03102200,6060,0.00059647,0.00000000,0,0.00000000,17057,17100,72,0.00289152
1773324187.74171710,0.03098189,6045,0.00038014,0.00000000,0,0.00000000,17100,17102,63,0.00273748
1773324187.84161925,0.02677858,6053,0.00023285,0.00000000,0,0.00000000,17102,17137,47,0.00074714
1773324187.94208431,0.02321322,5996,0.00024454,0.00000000,0,0.00000000,17137,17154,53,0.00257338
1773324188.04157186,0.03319266,6024,0.00050826,0.00000000,0,0.00000000,17154,17165,50,0.00169534
1773324188.14200568,0.02545617,6088,0.00105596,0.00000000,0,0.00000000,17165,17126,58,0.00250936
1773324188.24216318,0.02893908,6017,0.00066734,0.00000000,0,0.00000000,17126,17144,43,0.00088284
1773324188.34194326,0.02493843,6106,0.00029893,0.00000000,0,0.00000000,17144,17145,50,0.00203929
1773324188.44206619,0.02628104,6077,0.00053682,0.00000000,0,0.00000000,17145,17142,52,0.00209718
1773324188.54217339,0.02276115,6029,0.00021347,0.00000000,0,0.00000000,17142,17134,38,0.00179090
1773324188.64172602,0.02512067,6087,0.00074679,0.00000000,0,0.00000000,17134,17115,54,0.00142664
1773324188.74220872,0.02444057,6028,0.00030262,0.00000000,0,0.00000000,17115,17111,64,0.00095938
1773324188.84213972,0.02692330,6016,0.00091608,0.00000000,0,0.00000000,17111,17111,68,0.00077937
1773324188.94200015,0.02668353,6016,0.00032281,0.00000000,0,0.00000000,17111,17150,59,0.00192482
1773324189.04174638,0.01412526,6005,0.00042516,0.00000000,0,0.00000000,17150,17204,77,0.00154868
1773324189.14159727,0.02326612,6078,0.00064189,0.00000000,0,0.00000000,17204,17235,80,0.00198082
1773324189.24161553,0.02311765,6040,0.00035553,0.00000000,0,0.00000000,17235,17263,84,0.00273793
1773324189.34169054,0.02241159,6019,0.00036779,0.00000000,0,0.00000000,17263,17289,83,0.00193143
1773324189.44166589,0.02362605,5937,0.00051329,0.00000000,0,0.00000000,17289,17272,115,0.00077693
1773324189.54199696,0.01868278,5874,0.00055437,0.00000000,0,0.00000000,17272,17301,129,0.00201065
1773324189.64205647,0.02407461,5807,0.00118451,0.00000000,0,0.00000000,17301,17358,145,0.00116880
1773324189.74202657,0.02308681,5800,0.00162929,0.00000000,0,0.00000000,17358,17429,232,0.00259113
1773324189.84160352,0.02287921,5783,0.00229390,0.00000000,0,0.00000000,17429,17508,281,0.00278113
1773324189.94161582,0.01876827,5751,0.00165849,0.00000000,0,0.00000000,17508,17632,255,0.00149692
1773324190.04203916,0.02092894,5662,0.00161043,0.00000000,0,0.00000000,17632,17676,313,0.00217285
1773324190.14219093,0.01897467,5504,0.00109534,0.00000000,0,0.00000000,17676,17809,327,0.00274058
1773324190.24168682,0.01905784,5413,0.00250074,0.00000000,0,0.00000000,17809,17759,291,0.00090447
1773324190.34167171,0.02288564,5339,0.00198177,0.00000000,0,0.00000000,17759,17811,333,0.00092833
1773324190.44146252,0.02476483,5430,0.00498402,0.00000000,0,0.00000000,17811,17824,355,0.00152958
1773324190.54215312,0.01936002,5301,0.00228425,0.00000000,0,0.00000000,17824,17982,356,0.00166433
1773324190.64230728,0.01559867,5211,0.00334343,0.00000000,0,0.00000000,17982,18140,419,0.00165526
1773324190.74168324,0.02371929,5167,0.00235964,0.00000000,0,0.00000000,18140,18287,398,0.00100761
1773324190.84176540,0.01870064,4959,0.00285128,0.00000000,0,0.00000000,18287,18267,332,0.00162700
1773324190.94223309,0.02276682,4714,0.00092104,0.00000000,0,0.00000000,18267,18420,278,0.00131673
1773324191.04207325,0.01457743,4408,0.00148463,0.00000000,0,0.00000000,18420,18498,206,0.00088451
1773324191.14175797,0.01573531,4250,0.00081917,0.00000000,0,0.00000000,18498,18613,195,0.00086366
1773324191.24169564,0.01190273,4132,0.00116124,0.00000000,0,0.00000000,18613,18633,184,0.00103606
1773324191.34162378,0.00882568,4127,0.00059936,0.00000000,0,0.00000000,18633,18684,156,0.00250805
1773324191.44203329,0.01165089,4217,0.00248192,0.00000000,0,0.00000000,18684,18722,170,0.00105852
1773324191.54201174,0.01601246,4356,0.00207082,0.00000000,0,0.00000000,18722,18838,245,0.00303605
1773324191.64210892,0.01579924,4487,0.00224107,0.00000000,0,0.00000000,18838,18977,242,0.00273304
1773324191.74223256,0.02470046,4633,0.00135828,0.00000000,0,0.00000000,18977,19029,232,0.00119257
1773324191.84217215,0.02126691,4919,0.00178134,0.00000000,0,0.00000000,18725,18809,347,0.00084951
1773324191.94213438,0.01788518,5278,0.00138366,0.00000000,0,0.00000000,18809,19017,335,0.00084987
1773324192.04226327,0.02744470,5450,0.00132675,0.00000000,0,0.00000000,19017,19109,284,0.00121986
1773324192.14209390,0.01749997,5679,0.00276546,0.00000000,0,0.00000000,19109,19215,301,0.00122930
1773324192.24149346,0.02345878,5852,0.00106797,0.00000000,0,0.00000000,19215,19357,276,0.00214819
1773324192.34168172,0.02969849,5934,0.00276410,0.00000000,0,0.00000000,19357,19468,264,0.00227356
1773324192.44171524,0.02848176,5960,0.00262294,0.00000000,0,0.00000000,19468,19547,259,0.00298691
1773324192.54156184,0.02340029,6032,0.00122586,0.00000000,0,0.00000000,19547,19528,249,0.00186790
1773324192.64168048,0.02919898,6035,0.00281078,0.00000000,0,0.00000000,19528,19607,240,0.00091072
1773324192.74212050,0.03365959,6059,0.00222258,0.00000000,0,0.00000000,19607,19769,249,0.00090419
1773324192.84207797,0.03176611,6136,0.00308672,0.00000000,0,0.00000000,19769,19538,236,0.00255279
1773324192.94167900,0.02936159,6127,0.00289487,0.00000000,0,0.00000000,19538,19538,234,0.00134070
1773324193.04201937,0.02731917,6206,0.00118966,0.00000000,0,0.00000000,19538,19655,234,0.00231108
1773324193.14162540,0.02968083,6203,0.00087452,0.00000000,0,0.00000000,19655,19794,213,0.00278013
1773324193.24210739,0.02897509,6204,0.00103599,0.00000000,0,0.00000000,19794,19952,234,0.00362439
1773324193.34269047,0.05496315,6151,0.00196423,0.00000000,0,0.00000000,19337,19486,209,0.00214044
1773324193.44221163,0.05051309,6175,0.00303188,0.00000000,0,0.00000000,19486,19612,235,0.00196875
1773324193.54228735,0.03412288,6144,0.00211583,0.00000000,0,0.00000000,19612,19724,237,0.00275963
1773324193.64235616,0.04171300,6116,0.00345777,0.00000000,0,0.00000000,19724,19853,229,0.00094408
1773324193.74161291,0.06219671,6171,0.00444326,0.00000000,0,0.00000000,19853,19815,211,0.00224206
1773324193.84173107,0.05249762,6110,0.00286385,0.00000000,0,0.00000000,19815,19872,201,0.00284374
1773324193.94165683,0.03892713,6177,0.00148149,0.00000000,0,0.00000000,19872,19970,162,0.00189885
1773324194.04167628,0.04334099,6140,0.00121254,0.00000000,0,0.00000000,19970,20051,184,0.00202274
1773324194.14163756,0.04381605,6142,0.00167138,0.00000000,0,0.00000000,20051,20111,165,0.00402996
1773324194.24149537,0.04199719,6183,0.00171820,0.00000000,0,0.00000000,20111,20162,172,0.00374406
1773324194.34169793,0.03380493,6132,0.00157382,0.00000000,0,0.00000000,20162,20193,155,0.00294290
1773324194.44171524,0.03144619,6158,0.00168823,0.00000000,0,0.00000000,20193,20151,157,0.00319285
1773324194.54210663,0.02652397,6143,0.00116255,0.00000000,0,0.00000000,20151,20241,163,0.00196664
1773324194.64209890,0.03276771,6169,0.00092407,0.00000000,0,0.00000000,20241,20284,141,0.00241149
1773324194.74179292,0.03825092,6121,0.00191488,0.00000000,0,0.00000000,20284,20336,155,0.00321042
1773324194.84170222,0.04377812,6163,0.00295311,0.00000000,0,0.00000000,20336,20383,132,0.00154685
1773324194.94177747,0.04411572,6127,0.00126866,0.00000000,0,0.00000000,20383,20441,127,0.00190892
1773324195.04176068,0.03843804,6115,0.00106152,0.00000000,0,0.00000000,20441,20490,95,0.00302458
1773324195.14150596,0.02629200,6169,0.00145525,0.00000000,0,0.00000000,20490,20490,127,0.00166025
1773324195.24168277,0.03033018,6137,0.00108817,0.00000000,0,0.00000000,20490,20573,110,0.00220055
1773324195.34207559,0.03109930,6179,0.00210474,0.00000000,0,0.00000000,20573,20602,115,0.00400625
1773324195.44205618,0.05011532,6190,0.00130649,0.00000000,0,0.00000000,20602,20660,120,0.00296941
1773324195.54202724,0.04590765,6159,0.00148693,0.00000000,0,0.00000000,20660,20674,115,0.00122692
1773324195.64159632,0.03455220,6184,0.00088033,0.00000000,0,0.00000000,20674,20665,107,0.00189936
1773324195.74168062,0.03586022,6203,0.00061362,0.00000000,0,0.00000000,20665,20711,129,0.00304478
1773324195.84171486,0.03327181,6194,0.00217868,0.00000000,0,0.00000000,20711,20754,142,0.00256560
1773324195.94205475,0.03090517,6188,0.00195029,0.00000000,0,0.00000000,20754,20786,173,0.00312379
1773324196.04168463,0.03300678,6201,0.00138057,0.00000000,0,0.00000000,20786,20858,185,0.00300788
1773324196.14203858,0.03024001,6213,0.00226475,0.00000000,0,0.00000000,20858,20969,186,0.00279046
1773324196.24210501,0.03436252,6184,0.00212606,0.00000000,0,0.00000000,20969,21096,223,0.00185292
1773324196.34211850,0.03347922,6176,0.00205802,0.00000000,0,0.00000000,21096,21224,235,0.00221661
1773324196.44209313,0.03780249,6121,0.00620527,0.00000000,0,0.00000000,21224,21067,235,0.00111577
1773324196.54158688,0.04413405,6182,0.00557093,0.00000000,0,0.00000000,21067,21121,234,0.00182160
1773324196.64160204,0.04382675,6175,0.00482099,0.00000000,0,0.00000000,21121,21103,241,0.00287968
1773324196.74163318,0.04151598,6138,0.00237254,0.00000000,0,0.00000000,21103,21179,214,0.00309305
1773324196.84168029,0.05107042,6122,0.00108622,0.00000000,0,0.00000000,21179,21234,216,0.00201536
1773324196.94169474,0.06145603,6085,0.00268321,0.00000000,0,0.00000000,21234,21316,182,0.00327540
1773324197.04166508,0.03970192,6069,0.00081123,0.00000000,0,0.00000000,21316,21385,161,0.00377864
1773324197.14160562,0.03127663,6076,0.00187536,0.00000000,0,0.00000000,21385,21449,180,0.00381993
1773324197.24151611,0.02848005,6131,0.00067010,0.00000000,0,0.00000000,21449,21539,154,0.00218993
1773324197.34160352,0.02851187,6106,0.00189554,0.00000000,0,0.00000000,21539,21602,185,0.00128373
1773324197.44166875,0.02550048,6122,0.00114714,0.00000000,0,0.00000000,21602,21629,142,0.00243123
1773324197.54158926,0.02943075,6133,0.00310769,0.00000000,0,0.00000000,21629,21536,148,0.00084526
1773324197.64213681,0.03151401,6079,0.00153953,0.00000000,0,0.00000000,21536,21581,156,0.00162482
1773324197.74216342,0.03358038,6035,0.00202885,0.00000000,0,0.00000000,21581,21609,156,0.00215042
1773324197.84172034,0.03818878,6054,0.00173341,0.00000000,0,0.00000000,21609,21737,168,0.00289485
1773324197.94175100,0.03047050,5945,0.00141098,0.00000000,0,0.00000000,21737,21847,173,0.00096306
1773324198.04162169,0.03431213,6044,0.00084375,0.00000000,0,0.00000000,21847,21890,176,0.00232130
1773324198.14235854,0.03773759,5929,0.00181524,0.00000000,0,0.00000000,21890,21956,148,0.00230770
1773324198.24154997,0.03729323,6043,0.00157227,0.00000000,0,0.00000000,21956,22033,154,0.00288547
1773324198.34211016,0.04123264,6011,0.00291969,0.00000000,0,0.00000000,22033,22083,161,0.00201698
1773324198.44177413,0.02406254,6059,0.00159859,0.00000000,0,0.00000000,22083,22118,157,0.00186565
1773324198.54208493,0.02898101,6083,0.00168386,0.00000000,0,0.00000000,22118,22142,180,0.00288659
1773324198.64232755,0.03004923,6048,0.00182084,0.00000000,0,0.00000000,22142,22178,149,0.00187768
1773324198.74169755,0.02954223,6068,0.00114020,0.00000000,0,0.00000000,22178,22236,126,0.00337716
1773324198.84208632,0.03036586,6091,0.00098614,0.00000000,0,0.00000000,22236,22267,134,0.00307459
1773324198.94205022,0.03135620,6047,0.00131501,0.00000000,0,0.00000000,22267,22348,133,0.00162822
1773324199.04167533,0.02527746,6109,0.00067105,0.00000000,0,0.00000000,22348,22347,136,0.00301539
1773324199.14206266,0.03184338,6078,0.00128255,0.00000000,0,0.00000000,22347,22384,142,0.00234601
1773324199.24212050,0.03248102,6041,0.00059487,0.00000000,0,0.00000000,22384,22403,132,0.00190029
1773324199.34209800,0.03191341,5994,0.00131150,0.00000000,0,0.00000000,22403,22436,127,0.00119026
1773324199.44168115,0.03201063,6029,0.00104689,0.00000000,0,0.00000000,22436,22499,114,0.00090815
1773324199.54172492,0.03383425,6062,0.00100481,0.00000000,0,0.00000000,22499,22549,142,0.00203801
1773324199.64169955,0.03403037,6036,0.00075499,0.00000000,0,0.00000000,22549,22568,137,0.00123500
1773324199.74173856,0.03205296,6027,0.00060851,0.00000000,0,0.00000000,22568,22645,145,0.00193253
1773324199.84202361,0.02836605,6072,0.00070195,0.00000000,0,0.00000000,22645,22685,160,0.00467711
1773324199.94171309,0.02432727,6050,0.00090936,0.00000000,0,0.00000000,22685,22736,137,0.00210214
1773324200.04203510,0.01687220,6076,0.00053072,0.00000000,0,0.00000000,22736,22723,133,0.00088466
1773324200.14201522,0.02997526,6073,0.00073098,0.00000000,0,0.00000000,22723,22765,123,0.00106616
1773324200.24204826,0.03134417,6127,0.00049034,0.00000000,0,0.00000000,22765,22798,100,0.00114854
1773324200.34200501,0.02962926,6112,0.00122208,0.00000000,0,0.00000000,22798,22801,105,0.00225252
1773324200.44172764,0.03092634,6118,0.00084071,0.00000000,0,0.00000000,22801,22850,94,0.00153698
1773324200.54203653,0.02939555,6130,0.00064229,0.00000000,0,0.00000000,22850,22894,92,0.00230273
1773324200.64175224,0.02980557,6125,0.00194904,0.00000000,0,0.00000000,22894,22531,106,0.00084495
1773324200.74153495,0.03170744,6166,0.00052717,0.00000000,0,0.00000000,22531,22582,80,0.00309474
1773324200.84165812,0.02891571,6145,0.00056070,0.00000000,0,0.00000000,22582,22614,89,0.00200185
1773324200.94169593,0.02941747,6147,0.00075636,0.00000000,0,0.00000000,22614,22666,89,0.00086989
1773324201.04174638,0.03010823,6161,0.00043003,0.00000000,0,0.00000000,22666,22704,79,0.00087692
1773324201.14153886,0.03196858,6245,0.00060054,0.00000000,0,0.00000000,22704,22739,77,0.00089467
1773324201.24176621,0.02466089,6222,0.00085375,0.00000000,0,0.00000000,22739,22766,68,0.00090520
1773324201.34213138,0.02727166,6225,0.00084771,0.00000000,0,0.00000000,22766,22792,78,0.00273280
1773324201.44209576,0.02895569,6246,0.00096631,0.00000000,0,0.00000000,22792,22835,77,0.00210741
1773324201.54203272,0.03234246,6219,0.00028173,0.00000000,0,0.00000000,22835,22879,64,0.00304587
1773324201.64159632,0.02839868,6278,0.00080067,0.00000000,0,0.00000000,22879,22895,59,0.00283029
1773324201.74207664,0.03027087,6203,0.00052151,0.00000000,0,0.00000000,22895,22914,58,0.00264065
1773324201.84161162,0.02901653,6275,0.00025554,0.00000000,0,0.00000000,22914,22930,54,0.00193171
1773324201.94204831,0.03267088,6246,0.00072534,0.00000000,0,0.00000000,22930,22945,56,0.00153192
1773324202.04212642,0.02828074,6189,0.00032162,0.00000000,0,0.00000000,22945,22965,66,0.00119877
1773324202.14158511,0.02855347,6281,0.00067348,0.00000000,0,0.00000000,22965,22976,60,0.00167419
1773324202.24175096,0.02272793,6164,0.00079681,0.00000000,0,0.00000000,22976,22982,68,0.00150131
1773324202.34169483,0.02619607,6273,0.00098284,0.00000000,0,0.00000000,22982,22995,64,0.00256714
1773324202.44208884,0.02550602,6198,0.00082222,0.00000000,0,0.00000000,22995,23001,66,0.00073926
1773324202.54163480,0.03023862,6210,0.00046768,0.00000000,0,0.00000000,23001,23015,56,0.00195986
1773324202.64169669,0.02865754,6169,0.00057142,0.00000000,0,0.00000000,23015,22985,69,0.00204288
1773324202.74164844,0.03775893,6225,0.00051883,0.00000000,0,0.00000000,22985,23021,84,0.00235561
1773324202.84221601,0.04344991,6216,0.00104150,0.00000000,0,0.00000000,23021,23043,66,0.00114900
1773324202.94182849,0.03250828,6195,0.00074025,0.00000000,0,0.00000000,23043,23029,59,0.00088702
1773324203.04167199,0.03295439,6250,0.00028659,0.00000000,0,0.00000000,23029,23056,67,0.00088657
1773324203.14211154,0.03851830,6176,0.00028833,0.00000000,0,0.00000000,23056,23079,60,0.00123751
1773324203.24161291,0.03561499,6253,0.00045374,0.00000000,0,0.00000000,23079,23116,70,0.00253575
1773324203.34174609,0.03445178,6198,0.00075403,0.00000000,0,0.00000000,23116,23112,71,0.00214203
1773324203.44215560,0.03435055,6228,0.00086421,0.00000000,0,0.00000000,23112,23084,64,0.00237375
1773324203.54219127,0.02560294,6194,0.00093365,0.00000000,0,0.00000000,23084,23089,63,0.00127352
1773324203.64164805,0.02614000,6184,0.00058563,0.00000000,0,0.00000000,23089,23124,62,0.00344341
1773324203.74147058,0.03155503,6170,0.00027396,0.00000000,0,0.00000000,23124,23146,64,0.00200336
1773324203.84143376,0.02878404,6249,0.00056898,0.00000000,0,0.00000000,23146,23181,70,0.00398230
1773324203.94204617,0.02939788,6227,0.00075862,0.00000000,0,0.00000000,23181,23205,60,0.00228478
1773324204.04206061,0.03014428,6241,0.00025283,0.00000000,0,0.00000000,23205,23223,43,0.00259281
1773324204.14206100,0.02682759,6236,0.00036036,0.00000000,0,0.00000000,23223,23203,59,0.00102464
1773324204.24174523,0.03470938,6224,0.00063308,0.00000000,0,0.00000000,23203,23205,60,0.00084589
1773324204.34173751,0.02559419,6240,0.00080754,0.00000000,0,0.00000000,23205,23221,67,0.00286804
1773324204.44175816,0.02258377,6275,0.00060284,0.00000000,0,0.00000000,23221,23248,47,0.00242268
1773324204.54206848,0.02681594,6254,0.00047491,0.00000000,0,0.00000000,23248,23254,46,0.00106286
1773324204.64174914,0.02666984,6262,0.00063045,0.00000000,0,0.00000000,23254,23262,46,0.00172226
1773324204.74171638,0.03180525,6232,0.00073938,0.00000000,0,0.00000000,23262,23262,58,0.00231380
1773324204.84164023,0.01789094,6267,0.00021981,0.00000000,0,0.00000000,23262,23279,61,0.00177267
1773324204.94162297,0.02631127,6263,0.00053343,0.00000000,0,0.00000000,23279,23309,49,0.00196555
1773324205.04154992,0.02037250,6294,0.00033172,0.00000000,0,0.00000000,23309,23314,49,0.00268293
1773324205.14169335,0.02488497,6264,0.00062141,0.00000000,0,0.00000000,23314,23287,51,0.00291279
1773324205.24177790,0.03053363,6249,0.00025922,0.00000000,0,0.00000000,23287,23304,50,0.00185181
1773324205.34157252,0.02216175,6296,0.00052839,0.00000000,0,0.00000000,23304,23339,62,0.00170368
1773324205.44174123,0.03294346,6287,0.00062634,0.00000000,0,0.00000000,23339,23367,52,0.00331481
1773324205.54202104,0.03317386,6268,0.00069674,0.00000000,0,0.00000000,23367,23401,56,0.00163799
1773324205.64153647,0.02682021,6335,0.00065057,0.00000000,0,0.00000000,23401,23427,52,0.00262114
1773324205.74173236,0.02755885,6296,0.00070426,0.00000000,0,0.00000000,23427,23428,51,0.00233717
1773324205.84169030,0.02227799,6319,0.00057283,0.00000000,0,0.00000000,23428,23400,42,0.00259678
1773324205.94162989,0.02892025,6284,0.00037462,0.00000000,0,0.00000000,23400,23415,61,0.00283678
1773324206.04162741,0.01806833,6291,0.00018182,0.00000000,0,0.00000000,23415,23438,49,0.00278340
1773324206.14171624,0.02464004,6286,0.00074497,0.00000000,0,0.00000000,23438,23461,51,0.00099732
1773324206.24173594,0.02598763,6333,0.00018220,0.00000000,0,0.00000000,23461,23495,46,0.00116895
1773324206.34171104,0.03116831,6286,0.00032612,0.00000000,0,0.00000000,23495,23519,58,0.00085831
1773324206.44205403,0.02947316,6279,0.00073606,0.00000000,0,0.00000000,23519,23545,64,0.00335853
1773324206.54176378,0.03075098,6302,0.00079127,0.00000000,0,0.00000000,23545,23546,58,0.00101107
1773324206.64171648,0.02866939,6291,0.00041882,0.00000000,0,0.00000000,23546,23566,49,0.00093572
1773324206.74164891,0.03308664,6280,0.00065999,0.00000000,0,0.00000000,23566,23579,61,0.00122266
1773324206.84205723,0.03079436,6283,0.00059464,0.00000000,0,0.00000000,23579,23604,51,0.00258683
1773324206.94165587,0.03124031,6293,0.00080295,0.00000000,0,0.00000000,23604,23580,58,0.00312565
1773324207.04168177,0.02243361,6317,0.00024394,0.00000000,0,0.00000000,23580,23599,56,0.00244569
1773324207.14173627,0.03063092,6337,0.00031522,0.00000000,0,0.00000000,23599,23578,48,0.00309344
1773324207.24174237,0.03054415,6296,0.00074629,0.00000000,0,0.00000000,23578,23595,62,0.00264776
1773324207.34200573,0.02080240,6269,0.00031205,0.00000000,0,0.00000000,23595,23599,60,0.00205126
1773324207.44155550,0.03237686,6364,0.00075921,0.00000000,0,0.00000000,23599,23578,55,0.00260362
1773324207.54215765,0.03899014,6235,0.00095252,0.00000000,0,0.00000000,23578,23567,52,0.00190376
1773324207.64154553,0.03278919,6371,0.00055643,0.00000000,0,0.00000000,23567,23527,48,0.00214144
1773324207.74201655,0.05382549,6255,0.00074693,0.00000000,0,0.00000000,23527,23526,55,0.00218618
1773324207.84149027,0.03503162,6321,0.00081263,0.00000000,0,0.00000000,23526,23513,46,0.00232703
1773324207.94162178,0.03373828,6306,0.00059521,0.00000000,0,0.00000000,23513,23517,51,0.00324436
1773324208.04169440,0.03229561,6309,0.00074527,0.00000000,0,0.00000000,23517,23503,51,0.00270121
1773324208.14165831,0.03638680,6265,0.00064256,0.00000000,0,0.00000000,23503,23532,52,0.00295635
1773324208.24175000,0.03111109,6307,0.00053144,0.00000000,0,0.00000000,23532,23543,44,0.00313745
1773324208.34277558,0.02752150,6300,0.00054493,0.00000000,0,0.00000000,23543,23565,48,0.00271329
1773324208.44202185,0.02889482,6247,0.00048133,0.00000000,0,0.00000000,23565,23574,35,0.00147800
1773324208.54154873,0.02743206,6290,0.00093905,0.00000000,0,0.00000000,23574,23588,48,0.00298576
1773324208.64210391,0.02773660,6235,0.00065961,0.00000000,0,0.00000000,23588,23581,48,0.00287996
1773324208.74156237,0.02891686,6274,0.00060661,0.00000000,0,0.00000000,23581,23566,53,0.00217312
1773324208.84162307,0.01874004,6273,0.00024471,0.00000000,0,0.00000000,23566,23572,37,0.00160401
1773324208.94219089,0.03312887,6280,0.00025543,0.00000000,0,0.00000000,23572,23586,43,0.00189612
1773324209.04159307,0.02373433,6338,0.00058967,0.00000000,0,0.00000000,23586,23609,47,0.00258950
1773324209.14211345,0.03253358,6258,0.00081759,0.00000000,0,0.00000000,23609,23619,66,0.00173225
1773324209.24159503,0.03173957,6268,0.00070745,0.00000000,0,0.00000000,23619,23632,52,0.00274738
1773324209.34160352,0.02835987,6305,0.00068874,0.00000000,0,0.00000000,23632,23676,68,0.00085648
1773324209.44165659,0.03032544,6245,0.00077968,0.00000000,0,0.00000000,23676,23665,58,0.00280609
1773324209.54161334,0.03343424,6278,0.00036238,0.00000000,0,0.00000000,23665,23712,82,0.00113706
1773324209.64161015,0.03207070,6256,0.00105646,0.00000000,0,0.00000000,23712,23727,81,0.00287995
1773324209.74163151,0.03555145,6229,0.00046933,0.00000000,0,0.00000000,23727,23772,95,0.00259401
1773324209.84162402,0.02870324,6230,0.00161054,0.00000000,0,0.00000000,23772,23734,70,0.00274995
1773324209.94210839,0.02995453,6191,0.00099233,0.00000000,0,0.00000000,23734,23801,101,0.00089399
1773324210.04210424,0.02498146,6192,0.00087156,0.00000000,0,0.00000000,23801,23840,97,0.00155796
1773324210.14243627,0.02976608,6226,0.00094732,0.00000000,0,0.00000000,23840,23889,108,0.00124846
1773324210.24207926,0.03080458,6190,0.00087888,0.00000000,0,0.00000000,23889,23921,106,0.00138367
1773324210.34154439,0.03348903,6265,0.00110122,0.00000000,0,0.00000000,23921,23966,113,0.00089150
1773324210.44207978,0.02413602,6221,0.00087040,0.00000000,0,0.00000000,23966,24043,111,0.00321569
1773324210.54208565,0.03627560,6220,0.00113516,0.00000000,0,0.00000000,24043,24074,116,0.00182182
1773324210.64209747,0.03256141,6193,0.00109016,0.00000000,0,0.00000000,24074,24088,119,0.00334002
1773324210.74157977,0.03342262,6252,0.00109732,0.00000000,0,0.00000000,24088,24143,93,0.00082869
1773324210.84179473,0.02942030,6234,0.00090015,0.00000000,0,0.00000000,24143,24143,83,0.00228451
1773324210.94212937,0.03102608,6233,0.00114342,0.00000000,0,0.00000000,24143,24185,83,0.00175220
1773324211.04210901,0.03096701,6214,0.00054769,0.00000000,0,0.00000000,24185,24207,103,0.00362661
1773324211.14200544,0.03199595,6210,0.00047020,0.00000000,0,0.00000000,24207,24224,87,0.00185179
1773324211.24163198,0.03424975,6231,0.00042351,0.00000000,0,0.00000000,24224,24269,89,0.00227855
1773324211.34159017,0.03264150,6231,0.00070912,0.00000000,0,0.00000000,24269,24206,82,0.00372612
1773324211.44202662,0.03369352,6191,0.00033671,0.00000000,0,0.00000000,24206,24263,93,0.00190057
1773324211.54202533,0.02955799,6214,0.00040651,0.00000000,0,0.00000000,24263,24264,86,0.00240274
1773324211.64178300,0.02788090,6224,0.00058328,0.00000000,0,0.00000000,24264,24308,97,0.00154225
1773324211.74175882,0.03437542,6185,0.00051126,0.00000000,0,0.00000000,24308,24291,70,0.00183513
1773324211.84174156,0.02688239,6198,0.00027279,0.00000000,0,0.00000000,24291,24328,70,0.00082715
1773324211.94210029,0.03450340,6181,0.00103168,0.00000000,0,0.00000000,24328,24335,77,0.00122438
1773324212.04172730,0.03393073,6230,0.00053706,0.00000000,0,0.00000000,24335,24302,72,0.00120927
1773324212.14176774,0.02309274,6221,0.00033513,0.00000000,0,0.00000000,24302,24350,66,0.00099086
1773324212.24208593,0.02062061,6176,0.00029807,0.00000000,0,0.00000000,24350,24369,63,0.00199018
1773324212.34165835,0.03376941,6240,0.00044212,0.00000000,0,0.00000000,24369,24358,76,0.00315533
1773324212.44173932,0.02953382,6215,0.00097423,0.00000000,0,0.00000000,24358,24382,68,0.00240908
1773324212.54175687,0.03760168,6201,0.00045408,0.00000000,0,0.00000000,24382,24369,70,0.00219949
1773324212.64172101,0.03017442,6199,0.00107355,0.00000000,0,0.00000000,24369,24393,67,0.00311308
1773324212.74171352,0.03378358,6186,0.00038006,0.00000000,0,0.00000000,24393,24436,72,0.00435810
1773324212.84160948,0.03471507,6187,0.00071456,0.00000000,0,0.00000000,24436,24445,62,0.00107544
1773324212.94153404,0.03871206,6186,0.00236305,0.00000000,0,0.00000000,23410,23450,59,0.00168112
1773324213.04203653,0.02967020,6190,0.00083103,0.00000000,0,0.00000000,22149,22177,73,0.00619316
1773324213.14214087,0.02965003,6176,0.00060848,0.00000000,0,0.00000000,22177,22231,73,0.00116373
1773324213.24204993,0.03269652,6196,0.00054221,0.00000000,0,0.00000000,22231,22272,61,0.00177642
1773324213.34207010,0.02722652,6190,0.00053656,0.00000000,0,0.00000000,22272,22305,57,0.00111710
1773324213.44172263,0.02804883,6188,0.00029237,0.00000000,0,0.00000000,22305,22335,67,0.00415054
1773324213.54179168,0.03234367,6154,0.00032389,0.00000000,0,0.00000000,22335,22377,68,0.00118054
1773324213.64162660,0.02674779,6224,0.00033463,0.00000000,0,0.00000000,22377,22439,84,0.00243126
1773324213.74206901,0.03297048,6164,0.00063923,0.00000000,0,0.00000000,22439,22461,64,0.00229910
1773324213.84165120,0.03130052,6176,0.00092305,0.00000000,0,0.00000000,22461,22481,66,0.00153632
1773324213.94170308,0.02990743,6222,0.00067946,0.00000000,0,0.00000000,22481,22500,68,0.00115065
1773324214.04170823,0.03185028,6230,0.00026063,0.00000000,0,0.00000000,22500,22554,73,0.00157849
1773324214.14161777,0.02458161,6183,0.00054044,0.00000000,0,0.00000000,22554,22605,69,0.00249535
1773324214.24162674,0.02632159,6211,0.00078739,0.00000000,0,0.00000000,22605,22643,73,0.00246933
1773324214.34159350,0.02989269,6223,0.00050000,0.00000000,0,0.00000000,22643,22690,56,0.00189481
1773324214.44160724,0.03283454,6231,0.00069902,0.00000000,0,0.00000000,22690,22711,51,0.00079221
1773324214.54158592,0.03166191,6234,0.00131098,0.00000000,0,0.00000000,22711,22621,68,0.00180083
1773324214.64167547,0.02963772,6227,0.00024671,0.00000000,0,0.00000000,22621,22652,56,0.00131909
1773324214.74166489,0.03065520,6178,0.00098483,0.00000000,0,0.00000000,22652,22662,69,0.00159812
1773324214.84165716,0.02530850,6268,0.00063755,0.00000000,0,0.00000000,22662,22704,64,0.00153631
1773324214.94208503,0.02816068,6240,0.00081094,0.00000000,0,0.00000000,22704,22720,64,0.00144284
1773324215.04212618,0.03007308,6269,0.00032163,0.00000000,0,0.00000000,22720,22727,61,0.00091874
1773324215.14211512,0.02418766,6270,0.00042121,0.00000000,0,0.00000000,22727,22737,66,0.00206274
1773324215.24222398,0.02970517,6212,0.00063306,0.00000000,0,0.00000000,22737,22773,61,0.00306286
1773324215.34151697,0.03215772,6306,0.00046584,0.00000000,0,0.00000000,22773,22783,42,0.00255145
1773324215.44171858,0.03189782,6273,0.00080562,0.00000000,0,0.00000000,22783,22805,54,0.00181941
1773324215.54163527,0.02451963,6198,0.00060864,0.00000000,0,0.00000000,22805,22842,50,0.00287253
1773324215.64150906,0.02567333,6351,0.00053335,0.00000000,0,0.00000000,22842,22871,51,0.00172171
1773324215.74171782,0.02922238,6288,0.00058422,0.00000000,0,0.00000000,22871,22902,58,0.00163512
1773324215.84198880,0.02796202,6208,0.00104351,0.00000000,0,0.00000000,22902,22875,58,0.00367817
1773324215.94157600,0.02641354,6302,0.00044998,0.00000000,0,0.00000000,22875,22871,37,0.00172822
1773324216.04204798,0.02568005,6222,0.00025122,0.00000000,0,0.00000000,22871,22909,51,0.00164106
1773324216.14160872,0.03196879,6307,0.00081812,0.00000000,0,0.00000000,22909,22928,55,0.00333602
1773324216.24173951,0.02704408,6245,0.00019514,0.00000000,0,0.00000000,22928,22951,50,0.00275640
1773324216.34164381,0.02518760,6326,0.00058340,0.00000000,0,0.00000000,22951,22987,64,0.00187355
1773324216.44155908,0.02380683,6310,0.00049460,0.00000000,0,0.00000000,22987,23003,47,0.00253449
1773324216.54154444,0.02494812,6344,0.00057861,0.00000000,0,0.00000000,23003,23032,50,0.00300582
1773324216.64244056,0.02729555,6309,0.00059063,0.00000000,0,0.00000000,23032,23053,47,0.00164308
1773324216.74203181,0.02983730,6306,0.00027881,0.00000000,0,0.00000000,23053,23077,55,0.00198941
1773324216.84207082,0.02666700,6325,0.00075142,0.00000000,0,0.00000000,23077,23113,66,0.00194783
1773324216.94208288,0.02989214,6332,0.00076126,0.00000000,0,0.00000000,23113,23119,66,0.00190753
1773324217.04211307,0.01934117,6312,0.00031894,0.00000000,0,0.00000000,23119,23139,62,0.00111794
1773324217.14169669,0.02103485,6277,0.00056105,0.00000000,0,0.00000000,23139,23168,51,0.00176923
1773324217.24142814,0.02455959,6348,0.00072902,0.00000000,0,0.00000000,23168,23170,55,0.00113743
1773324217.34163952,0.02733299,6303,0.00022454,0.00000000,0,0.00000000,23170,23191,47,0.00093767
1773324217.44162869,0.02813992,6280,0.00027149,0.00000000,0,0.00000000,23191,23198,54,0.00086091
1773324217.54164052,0.02946405,6253,0.00066587,0.00000000,0,0.00000000,23198,23196,46,0.00087183
1773324217.64175749,0.03142719,6220,0.00034894,0.00000000,0,0.00000000,23196,23218,56,0.00086816
1773324217.74160719,0.02510868,6236,0.00073834,0.00000000,0,0.00000000,23218,23244,53,0.00176127
1773324217.84163976,0.03376175,6239,0.00027508,0.00000000,0,0.00000000,23244,23258,52,0.00154053
1773324217.94157457,0.02661887,6257,0.00077955,0.00000000,0,0.00000000,23258,23290,57,0.00243938
1773324218.04179406,0.03149833,6212,0.00080455,0.00000000,0,0.00000000,23290,23277,55,0.00111626
1773324218.14203000,0.02666091,6217,0.00019649,0.00000000,0,0.00000000,23277,23282,49,0.00283230
1773324218.24246573,0.02868185,6174,0.00053447,0.00000000,0,0.00000000,23282,23275,50,0.00175474
1773324218.34181833,0.02752345,6204,0.00062119,0.00000000,0,0.00000000,23275,23309,56,0.00298924
1773324218.44216967,0.02612511,6157,0.00033818,0.00000000,0,0.00000000,23309,23322,48,0.00096460
1773324218.54172277,0.03040389,6268,0.00028043,0.00000000,0,0.00000000,23322,23336,57,0.00089586
1773324218.64235091,0.02275829,6262,0.00054089,0.00000000,0,0.00000000,23336,23344,45,0.00093027
1773324218.74262714,0.02507851,6227,0.00062489,0.00000000,0,0.00000000,23344,23341,50,0.00086572
1773324218.84289312,0.02544052,6153,0.00046283,0.00000000,0,0.00000000,23341,23376,47,0.00090031
1773324218.94164205,0.03042788,6251,0.00034440,0.00000000,0,0.00000000,23376,23400,50,0.00173755
1773324219.04209232,0.01996679,6286,0.00022694,0.00000000,0,0.00000000,23400,23421,54,0.00080042
1773324219.14248037,0.01424475,6225,0.00022493,0.00000000,0,0.00000000,23421,23431,39,0.00117416
1773324219.24271846,0.02242102,6191,0.00051797,0.00000000,0,0.00000000,23431,23424,37,0.00087927
1773324219.34194303,0.03011865,6149,0.00041821,0.00000000,0,0.00000000,23424,23428,44,0.00087710
1773324219.44161296,0.02711662,6210,0.00105874,0.00000000,0,0.00000000,23428,23416,53,0.00087708
1773324219.54190898,0.02470887,6219,0.00062385,0.00000000,0,0.00000000,23416,23432,48,0.00175435
1773324219.64248824,0.02380618,6159,0.00044324,0.00000000,0,0.00000000,23432,23456,45,0.00121527
1773324219.74259067,0.02125877,6146,0.00035013,0.00000000,0,0.00000000,23456,23481,54,0.00081459
1773324219.84288788,0.02797128,6134,0.00013817,0.00000000,0,0.00000000,23481,23497,40,0.00118494
1773324219.94165230,0.02316741,6136,0.00060880,0.00000000,0,0.00000000,23497,23519,46,0.00197930
1773324220.04180837,0.02868582,6196,0.00022722,0.00000000,0,0.00000000,23519,23545,42,0.00211833
1773324220.14231253,0.01923144,6178,0.00034522,0.00000000,0,0.00000000,23545,23543,50,0.00290304
1773324220.24256468,0.02756942,6164,0.00033855,0.00000000,0,0.00000000,23543,23552,41,0.00109134
1773324220.34275794,0.02714748,6092,0.00015422,0.00000000,0,0.00000000,23552,23559,37,0.00197773
1773324220.44156408,0.02422201,6165,0.00051007,0.00000000,0,0.00000000,23559,23552,32,0.00170768
1773324220.54175186,0.02367136,6243,0.00059798,0.00000000,0,0.00000000,23552,23549,45,0.00121172
1773324220.64213991,0.02117896,6200,0.00065431,0.00000000,0,0.00000000,23549,23546,41,0.00137682
1773324220.74245477,0.02462254,6220,0.00066029,0.00000000,0,0.00000000,23546,23538,42,0.00175882
1773324220.84284568,0.02727102,6174,0.00053275,0.00000000,0,0.00000000,23538,23569,50,0.00255244
1773324220.94164014,0.01718888,6203,0.00046129,0.00000000,0,0.00000000,23569,23583,41,0.00203785
1773324221.04172873,0.02428572,6182,0.00017449,0.00000000,0,0.00000000,23583,23597,46,0.00176179
1773324221.14192438,0.02083479,6291,0.00030059,0.00000000,0,0.00000000,23597,23602,41,0.00128446
1773324221.24244213,0.01850983,6203,0.00034725,0.00000000,0,0.00000000,23602,23614,30,0.00120236
1773324221.34283614,0.01902282,6194,0.00019711,0.00000000,0,0.00000000,23614,23633,52,0.00286329
1773324221.44171357,0.01926716,6151,0.00037599,0.00000000,0,0.00000000,23633,23649,31,0.00258848
1773324221.54175353,0.01849372,6176,0.00051058,0.00000000,0,0.00000000,23649,23652,47,0.00215743
1773324221.64197803,0.02357488,6179,0.00065353,0.00000000,0,0.00000000,23652,23661,42,0.00270216
1773324221.74228144,0.03290318,6213,0.00089874,0.00000000,0,0.00000000,23661,23631,39,0.00185254
1773324221.84266877,0.02765728,6109,0.00051673,0.00000000,0,0.00000000,23631,23661,45,0.00377322
1773324221.94178081,0.02739332,6177,0.00115244,0.00000000,0,0.00000000,23661,23603,47,0.00278650
1773324222.04154468,0.02820739,6153,0.00028917,0.00000000,0,0.00000000,23603,23614,41,0.00124190
1773324222.14162230,0.02514679,6151,0.00020214,0.00000000,0,0.00000000,23614,23624,45,0.00153582
1773324222.24192786,0.02084741,6171,0.00068011,0.00000000,0,0.00000000,23624,23621,52,0.00077778
1773324222.34228492,0.02109489,6119,0.00026603,0.00000000,0,0.00000000,23621,23667,68,0.00292483
1773324222.44159436,0.02062982,6185,0.00064764,0.00000000,0,0.00000000,23667,23699,56,0.00183372
1773324222.54189014,0.02441095,6141,0.00065734,0.00000000,0,0.00000000,23699,23712,57,0.00201586
1773324222.64225602,0.02500160,6120,0.00055515,0.00000000,0,0.00000000,23712,23691,63,0.00221702
1773324222.74161339,0.05104744,6181,0.00073415,0.00000000,0,0.00000000,23691,23715,53,0.00193780
1773324222.84207153,0.02853038,6161,0.00022988,0.00000000,0,0.00000000,23715,23743,55,0.00333984
1773324222.94220519,0.03020753,6160,0.00090285,0.00000000,0,0.00000000,23743,23742,48,0.00277031
1773324223.04235625,0.02831983,6214,0.00069679,0.00000000,0,0.00000000,23742,23743,52,0.00179864
1773324223.14285564,0.01840449,6134,0.00056658,0.00000000,0,0.00000000,23743,23772,52,0.00138149
1773324223.24159384,0.01657460,6144,0.00041110,0.00000000,0,0.00000000,23772,23796,42,0.00327393
1773324223.34182215,0.02256102,6184,0.00022382,0.00000000,0,0.00000000,23796,23800,44,0.00295379
1773324223.44187045,0.02418619,6214,0.00032502,0.00000000,0,0.00000000,23800,23804,51,0.00089017
1773324223.54229665,0.02538193,6125,0.00037006,0.00000000,0,0.00000000,23804,23811,48,0.00115606
1773324223.64250445,0.02245913,6119,0.00024407,0.00000000,0,0.00000000,23811,23834,47,0.00158337
1773324223.74270892,0.02454471,6157,0.00025366,0.00000000,0,0.00000000,23834,23850,40,0.00257634
1773324223.84300423,0.03046241,6082,0.00056100,0.00000000,0,0.00000000,23850,23881,57,0.00301669
1773324223.94151998,0.02388715,6217,0.00068081,0.00000000,0,0.00000000,23881,23909,66,0.00208115
1773324224.04184532,0.01766737,6222,0.00049183,0.00000000,0,0.00000000,23909,23914,68,0.00206805
1773324224.14253831,0.01633770,6149,0.00035208,0.00000000,0,0.00000000,23914,23961,71,0.00081705
1773324224.24245405,0.01837261,6155,0.00028361,0.00000000,0,0.00000000,23961,23988,48,0.00156173
1773324224.34256768,0.01950616,6143,0.00033509,0.00000000,0,0.00000000,23988,24015,59,0.00111562
1773324224.44188046,0.02074609,6074,0.00039377,0.00000000,0,0.00000000,24015,24023,55,0.00226676
1773324224.54146075,0.02608530,6229,0.00034185,0.00000000,0,0.00000000,24023,24063,54,0.00234773
1773324224.64179063,0.02191144,6179,0.00018933,0.00000000,0,0.00000000,24063,24091,47,0.00215562
1773324224.74207425,0.02171481,6151,0.00032475,0.00000000,0,0.00000000,24091,24119,58,0.00272013
1773324224.84239125,0.01999235,6150,0.00060600,0.00000000,0,0.00000000,24119,24145,53,0.00216497
1773324224.94244385,0.01941373,6182,0.00089907,0.00000000,0,0.00000000,24145,24151,69,0.00078447
1773324225.04276943,0.02758890,6197,0.00045078,0.00000000,0,0.00000000,24151,24161,63,0.00235023
1773324225.14295363,0.01801865,6145,0.00031961,0.00000000,0,0.00000000,24161,24161,53,0.00326598
1773324225.24175477,0.01757635,6136,0.00078178,0.00000000,0,0.00000000,24161,24207,67,0.00153153
1773324225.34173417,0.01786057,6139,0.00062781,0.00000000,0,0.00000000,24207,24211,50,0.00370777
1773324225.44205093,0.02315191,6132,0.00059428,0.00000000,0,0.00000000,24211,24242,50,0.00246634
1773324225.54229689,0.01928856,6120,0.00062136,0.00000000,0,0.00000000,24242,24256,53,0.00268540
1773324225.64245057,0.01974078,6123,0.00056910,0.00000000,0,0.00000000,24256,24262,49,0.00343242
1773324225.74266052,0.02895047,6134,0.00032253,0.00000000,0,0.00000000,24262,24276,48,0.00245772
1773324225.84284997,0.02529644,6057,0.00060728,0.00000000,0,0.00000000,24276,24303,52,0.00291068
1773324225.94156504,0.02396229,6118,0.00026402,0.00000000,0,0.00000000,24303,24316,60,0.00339357
1773324226.04172039,0.02355780,6049,0.00060354,0.00000000,0,0.00000000,24316,24322,51,0.00323403
1773324226.14163065,0.02528963,6129,0.00035741,0.00000000,0,0.00000000,24322,24308,43,0.00260990
1773324226.24249482,0.02570751,5982,0.00049954,0.00000000,0,0.00000000,24308,24283,54,0.00091489
1773324226.34252119,0.02304582,5623,0.00063308,0.00000000,0,0.00000000,24283,24324,59,0.00182572
1773324226.43716931,0.02389092,6311,0.00016547,0.00000000,0,0.00000000,24324,24340,42,0.00088986
1773324226.54287624,0.02121460,5981,0.00041876,0.00000000,0,0.00000000,24340,24351,35,0.00211457
1773324226.64257073,0.01652918,5924,0.00031956,0.00000000,0,0.00000000,24351,24369,31,0.00092361
1773324226.74173260,0.01562895,5895,0.00075554,0.00000000,0,0.00000000,24369,24352,42,0.00132487
1773324226.84180951,0.01915790,5980,0.00053020,0.00000000,0,0.00000000,24352,24361,50,0.00201890
1773324226.94213653,0.02735570,5925,0.00023897,0.00000000,0,0.00000000,24361,24382,39,0.00340399
1773324227.04159069,0.01622446,5936,0.00017643,0.00000000,0,0.00000000,24382,24401,42,0.00286450
1773324227.14162827,0.01892842,5877,0.00050261,0.00000000,0,0.00000000,24401,24416,41,0.00124004
1773324227.24181247,0.02189837,5837,0.00046617,0.00000000,0,0.00000000,24416,24430,37,0.00305920
1773324227.34157062,0.02163873,5734,0.00064601,0.00000000,0,0.00000000,24430,24424,50,0.00168110
1773324227.44161248,0.02121073,5763,0.00055655,0.00000000,0,0.00000000,24424,24443,44,0.00262774
1773324227.54174066,0.01826927,5797,0.00026867,0.00000000,0,0.00000000,24443,24462,43,0.00083247
1773324227.64216185,0.02954479,5792,0.00044596,0.00000000,0,0.00000000,24462,24443,41,0.00093513
1773324227.74215531,0.02388181,5793,0.00062881,0.00000000,0,0.00000000,24443,24435,42,0.00120642
1773324227.84234047,0.02106532,5799,0.00035488,0.00000000,0,0.00000000,24435,24451,37,0.00180767
1773324227.94270897,0.02796240,5693,0.00024836,0.00000000,0,0.00000000,24451,24482,42,0.00216288
1773324228.04191232,0.01773228,5662,0.00044380,0.00000000,0,0.00000000,24482,24501,44,0.00128964
1773324228.14164448,0.01584182,5665,0.00023599,0.00000000,0,0.00000000,24501,24529,44,0.00143617
1773324228.24149895,0.02743632,5701,0.00021265,0.00000000,0,0.00000000,24529,24528,44,0.00425872
1773324228.34192562,0.02585280,5690,0.00094659,0.00000000,0,0.00000000,24528,24523,49,0.00116297
1773324228.44208503,0.02750513,5704,0.00033971,0.00000000,0,0.00000000,24523,24533,52,0.00338866
1773324228.54238343,0.02437127,5699,0.00027583,0.00000000,0,0.00000000,24533,24537,55,0.00164911
1773324228.64257336,0.01706169,5671,0.00023397,0.00000000,0,0.00000000,24537,24545,45,0.00270998
1773324228.74268341,0.02046912,5744,0.00038547,0.00000000,0,0.00000000,24545,24545,37,0.00120729
1773324228.84274578,0.01921293,5734,0.00063999,0.00000000,0,0.00000000,24545,24543,51,0.00114652
1773324228.94207263,0.02200294,5741,0.00037093,0.00000000,0,0.00000000,24543,24568,39,0.00209336
1773324229.04208899,0.01923552,5750,0.00032142,0.00000000,0,0.00000000,24568,24576,50,0.00218759
1773324229.14180303,0.02332945,5814,0.00060208,0.00000000,0,0.00000000,24576,24567,57,0.00262912
1773324229.24179292,0.02039799,5831,0.00035067,0.00000000,0,0.00000000,24567,24587,35,0.00265448
1773324229.34208393,0.02241415,5820,0.00043032,0.00000000,0,0.00000000,24587,24611,42,0.00087026
1773324229.44231725,0.02178255,5830,0.00019612,0.00000000,0,0.00000000,24611,24590,43,0.00290690
1773324229.54238176,0.02026771,5808,0.00050461,0.00000000,0,0.00000000,24590,24610,54,0.00229812
1773324229.64262986,0.02613318,5822,0.00050417,0.00000000,0,0.00000000,24610,24637,42,0.00350777
1773324229.74282408,0.02304363,5793,0.00068307,0.00000000,0,0.00000000,24637,24629,41,0.00323998
1773324229.84206581,0.02066606,5835,0.00035606,0.00000000,0,0.00000000,24629,24630,25,0.00259212
1773324229.94149423,0.02264027,5925,0.00041850,0.00000000,0,0.00000000,24630,24639,32,0.00271570
1773324230.04167962,0.01683103,5939,0.00034605,0.00000000,0,0.00000000,24639,24644,45,0.00319069
1773324230.14191747,0.01819508,6007,0.00032532,0.00000000,0,0.00000000,24644,24654,23,0.00131711
1773324230.24229455,0.01764511,5999,0.00046968,0.00000000,0,0.00000000,24654,24672,40,0.00347286
1773324230.34237790,0.02016844,5964,0.00066042,0.00000000,0,0.00000000,24672,24678,41,0.00119204
1773324230.44256830,0.01849613,6068,0.00035672,0.00000000,0,0.00000000,24678,24700,38,0.00224008
1773324230.54279852,0.02187431,6057,0.00019640,0.00000000,0,0.00000000,24700,24691,31,0.00320352
1773324230.64292479,0.01935956,6060,0.00035857,0.00000000,0,0.00000000,24691,24691,24,0.00286420
1773324230.74214268,0.02335162,6038,0.00050287,0.00000000,0,0.00000000,24691,24704,40,0.00383504
1773324230.84174466,0.01626808,6116,0.00021922,0.00000000,0,0.00000000,24704,24715,45,0.00376414
1773324230.94174576,0.01700782,6160,0.00042808,0.00000000,0,0.00000000,24715,24726,37,0.00111905
1773324231.04185367,0.01951798,6235,0.00027431,0.00000000,0,0.00000000,24726,24710,37,0.00304239
1773324231.14242363,0.02467088,6221,0.00046273,0.00000000,0,0.00000000,24710,24717,39,0.00226988
1773324231.24237347,0.02332301,6211,0.00042825,0.00000000,0,0.00000000,24717,24730,38,0.00194388
1773324231.34258318,0.01912823,6223,0.00069700,0.00000000,0,0.00000000,24730,24711,38,0.00244951
1773324231.44272280,0.02457642,6211,0.00022805,0.00000000,0,0.00000000,24711,24732,44,0.00292789
1773324231.54176426,0.02404784,6290,0.00026540,0.00000000,0,0.00000000,24732,24722,39,0.00129117
1773324231.64161777,0.02143598,6269,0.00052603,0.00000000,0,0.00000000,24722,24744,41,0.00098258
1773324231.74168444,0.02310289,6251,0.00038147,0.00000000,0,0.00000000,24744,24767,36,0.00091109
1773324231.84169865,0.01986171,6301,0.00039786,0.00000000,0,0.00000000,24767,24788,35,0.00252237
1773324231.94191265,0.02278883,6265,0.00059828,0.00000000,0,0.00000000,24788,24770,46,0.00249122
1773324232.04211450,0.02481482,6299,0.00014098,0.00000000,0,0.00000000,24770,24791,38,0.00278485
1773324232.14237142,0.02008575,6293,0.00057065,0.00000000,0,0.00000000,24791,24808,32,0.00267123
1773324232.24232388,0.02803681,6291,0.00056923,0.00000000,0,0.00000000,24808,24813,43,0.00361255
1773324232.34253430,0.02575756,6262,0.00024964,0.00000000,0,0.00000000,24813,24815,34,0.00345085
1773324232.44271874,0.02724192,6292,0.00016944,0.00000000,0,0.00000000,24815,24834,38,0.00097867
1773324232.54158640,0.02319994,6245,0.00039810,0.00000000,0,0.00000000,24834,24805,32,0.00163489
1773324232.64168191,0.02249777,6245,0.00061069,0.00000000,0,0.00000000,24805,24806,41,0.00128892
1773324232.74171495,0.02823392,6269,0.00026052,0.00000000,0,0.00000000,24806,24822,39,0.00218477
1773324232.84181714,0.01758375,6239,0.00048043,0.00000000,0,0.00000000,24822,24842,42,0.00105305
1773324232.94206452,0.02577886,6280,0.00044531,0.00000000,0,0.00000000,24842,24836,34,0.00108707
1773324233.04220819,0.02464258,6219,0.00018004,0.00000000,0,0.00000000,24836,24850,28,0.00122024
1773324233.14241123,0.02552656,6261,0.00071749,0.00000000,0,0.00000000,24850,24849,34,0.00213289
1773324233.24258089,0.02696698,6223,0.00034777,0.00000000,0,0.00000000,24849,24862,35,0.00314895
1773324233.34256148,0.01692114,6232,0.00018950,0.00000000,0,0.00000000,24862,24869,41,0.00322520
1773324233.44166636,0.02548669,6287,0.00037825,0.00000000,0,0.00000000,24869,24865,40,0.00115500
1773324233.54301476,0.01753012,6224,0.00042228,0.00000000,0,0.00000000,24865,24878,33,0.00104563
1773324233.64307928,0.02571548,6192,0.00021996,0.00000000,0,0.00000000,24878,24882,38,0.00088788
1773324233.74210382,0.02779783,6203,0.00015444,0.00000000,0,0.00000000,24882,24894,29,0.00290865
1773324233.84167600,0.02595974,6181,0.00020548,0.00000000,0,0.00000000,24894,24896,43,0.00104492
1773324233.94164276,0.02140313,6253,0.00035727,0.00000000,0,0.00000000,24896,24908,35,0.00092215
1773324234.04182982,0.02133784,6294,0.00012521,0.00000000,0,0.00000000,24908,24920,26,0.00087748
1773324234.14220715,0.01636280,6202,0.00023066,0.00000000,0,0.00000000,24920,24923,31,0.00141237
1773324234.24220347,0.01630885,6241,0.00030473,0.00000000,0,0.00000000,24923,24920,28,0.00089329
1773324234.34247017,0.02111225,6210,0.00029238,0.00000000,0,0.00000000,24920,24944,41,0.00304021
1773324234.44240737,0.01510229,6290,0.00048760,0.00000000,0,0.00000000,24944,24907,36,0.00281218
1773324234.54260206,0.02072199,6282,0.00065686,0.00000000,0,0.00000000,24907,24916,31,0.00212452
1773324234.64276409,0.02141377,6226,0.00038038,0.00000000,0,0.00000000,24916,24918,41,0.00303629
1773324234.74189806,0.02665251,6274,0.00057476,0.00000000,0,0.00000000,24918,24930,35,0.00353948
1773324234.84217811,0.02142885,6211,0.00044943,0.00000000,0,0.00000000,24930,24936,31,0.00313223
1773324234.94159532,0.02222791,6256,0.00029228,0.00000000,0,0.00000000,24936,24932,35,0.00271297
1773324235.04177451,0.01326879,6280,0.00013771,0.00000000,0,0.00000000,24932,24938,32,0.00141948
1773324235.14197803,0.02391314,6253,0.00015440,0.00000000,0,0.00000000,24938,24958,29,0.00148691
1773324235.24219751,0.01945794,6285,0.00014935,0.00000000,0,0.00000000,24958,24957,34,0.00305852
1773324235.34229112,0.02110467,6268,0.00073367,0.00000000,0,0.00000000,24957,24969,33,0.00209883
1773324235.44259405,0.02249047,6254,0.00042244,0.00000000,0,0.00000000,24969,24972,34,0.00129019
1773324235.54269528,0.01636625,6174,0.00030157,0.00000000,0,0.00000000,24972,24992,30,0.00340056
1773324235.64251041,0.02344877,6274,0.00109673,0.00000000,0,0.00000000,24992,24935,48,0.00347127
1773324235.74288225,0.02602711,6161,0.00042183,0.00000000,0,0.00000000,24935,24915,28,0.00317876
1773324235.84186101,0.01541107,6196,0.00063267,0.00000000,0,0.00000000,24915,24890,43,0.00340662
1773324235.94202352,0.02308964,6201,0.00014261,0.00000000,0,0.00000000,24890,24912,31,0.00224144
1773324236.04163265,0.01390868,6183,0.00016346,0.00000000,0,0.00000000,24912,24925,41,0.00202414
1773324236.14166570,0.02059182,6185,0.00063966,0.00000000,0,0.00000000,24925,24928,30,0.00116248
1773324236.24173260,0.01933593,6222,0.00039235,0.00000000,0,0.00000000,24928,24937,29,0.00114059
1773324236.34191966,0.02335983,6200,0.00048455,0.00000000,0,0.00000000,24937,24943,41,0.00298853
1773324236.44202924,0.02079513,6171,0.00018157,0.00000000,0,0.00000000,24943,24940,30,0.00131632
1773324236.54218984,0.01818926,6164,0.00042939,0.00000000,0,0.00000000,24940,24924,32,0.00175284
1773324236.64238167,0.02176976,6193,0.00020773,0.00000000,0,0.00000000,24924,24935,33,0.00139005
1773324236.74247909,0.02160851,6153,0.00011770,0.00000000,0,0.00000000,24935,24951,29,0.00134939
1773324236.84172177,0.01700530,6232,0.00034399,0.00000000,0,0.00000000,24951,24949,29,0.00322943
1773324236.94287562,0.01651537,6097,0.00026333,0.00000000,0,0.00000000,24949,24954,25,0.00153032
1773324237.04157996,0.01828664,6191,0.00015315,0.00000000,0,0.00000000,24954,24932,21,0.00228085
1773324237.14169192,0.01483579,6124,0.00015879,0.00000000,0,0.00000000,24932,24940,30,0.00295302
1773324237.24179435,0.01832242,6158,0.00014478,0.00000000,0,0.00000000,24940,24943,29,0.00396606
1773324237.34176874,0.01716478,6156,0.00038320,0.00000000,0,0.00000000,24943,24954,34,0.00288251
1773324237.44184017,0.01828169,6222,0.00030976,0.00000000,0,0.00000000,24954,24978,36,0.00217913
1773324237.54205942,0.01619978,6217,0.00182963,0.00000000,0,0.00000000,24978,24862,37,0.00338540
1773324237.64213347,0.02674229,6198,0.00061132,0.00000000,0,0.00000000,24862,24610,34,0.00389797
1773324237.74235320,0.02942821,6152,0.00027887,0.00000000,0,0.00000000,24610,24620,38,0.00372474
1773324237.84177518,0.02801084,6229,0.00020084,0.00000000,0,0.00000000,24620,24634,30,0.00092470
1773324237.94256043,0.02992549,6216,0.00048811,0.00000000,0,0.00000000,24634,24635,33,0.00236895
1773324238.04261565,0.02497528,6244,0.00018882,0.00000000,0,0.00000000,24635,24660,35,0.00153077
1773324238.14298105,0.02105291,6171,0.00061590,0.00000000,0,0.00000000,24660,24652,39,0.00378719
1773324238.24277043,0.02388976,6171,0.00037052,0.00000000,0,0.00000000,24652,24667,34,0.00370269
1773324238.34292531,0.02038039,6191,0.00041793,0.00000000,0,0.00000000,24667,24686,34,0.00132989
1773324238.44167352,0.01939590,6182,0.00032784,0.00000000,0,0.00000000,24686,24705,33,0.00291762
1773324238.54169297,0.01872886,6162,0.00050766,0.00000000,0,0.00000000,24705,24715,34,0.00352354
1773324238.64165044,0.01652864,6193,0.00056781,0.00000000,0,0.00000000,24715,24690,33,0.00320713
1773324238.74198246,0.02212837,6162,0.00076822,0.00000000,0,0.00000000,24690,24680,32,0.00291926
1773324238.84420657,0.01902064,6144,0.00057154,0.00000000,0,0.00000000,24680,24673,40,0.00291073
1773324238.94207144,0.01763601,6164,0.00044461,0.00000000,0,0.00000000,24673,24657,24,0.00181773
1773324239.04239964,0.01428826,6126,0.00021533,0.00000000,0,0.00000000,24657,24669,38,0.00086056
1773324239.14239693,0.02073962,6125,0.00018248,0.00000000,0,0.00000000,24669,24684,33,0.00169819
1773324239.24251842,0.01939913,6101,0.00044802,0.00000000,0,0.00000000,24684,24673,37,0.00364154
1773324239.34249282,0.01891170,6159,0.00045037,0.00000000,0,0.00000000,24673,24682,27,0.00114658
1773324239.44265342,0.01448599,6164,0.00052068,0.00000000,0,0.00000000,24682,24704,38,0.00199926
1773324239.54290628,0.01484600,6141,0.00019407,0.00000000,0,0.00000000,24704,24695,44,0.00152023
1773324239.64203548,0.01926628,6124,0.00040462,0.00000000,0,0.00000000,24695,24681,35,0.00357604
1773324239.74120164,0.02190248,6219,0.00050700,0.00000000,0,0.00000000,24681,24685,37,0.00358981
1773324239.84216595,0.02195584,6124,0.00050239,0.00000000,0,0.00000000,24685,24691,34,0.00086184
1773324239.94215655,0.01866966,6120,0.00055126,0.00000000,0,0.00000000,24691,24709,41,0.00110941
1773324240.04165196,0.01762133,6151,0.00043751,0.00000000,0,0.00000000,24709,24733,47,0.00343398
1773324240.14178324,0.02450355,6175,0.00017892,0.00000000,0,0.00000000,24733,24720,32,0.00270673
1773324240.24200249,0.02530011,6148,0.00104290,0.00000000,0,0.00000000,24720,24697,39,0.00117018
1773324240.34208322,0.02041295,6212,0.00016795,0.00000000,0,0.00000000,24697,24710,33,0.00084906
1773324240.44227576,0.01609081,6152,0.00037743,0.00000000,0,0.00000000,24710,24722,34,0.00185919
1773324240.54228425,0.02282591,6175,0.00015487,0.00000000,0,0.00000000,24722,24734,30,0.00260232
1773324240.64255357,0.01888585,6227,0.00017103,0.00000000,0,0.00000000,24734,24761,45,0.00088424
1773324240.74245787,0.01859585,6183,0.00016010,0.00000000,0,0.00000000,24761,24770,33,0.00182913
1773324240.84172678,0.02073659,6204,0.00006878,0.00000000,0,0.00000000,24770,24780,20,0.00261275
1773324240.94264507,0.01621005,6249,0.00032107,0.00000000,0,0.00000000,24780,24770,27,0.00295876
1773324241.04270434,0.02471598,6225,0.00036416,0.00000000,0,0.00000000,24770,24772,42,0.00175545
1773324241.14288712,0.02294362,6217,0.00048399,0.00000000,0,0.00000000,24772,24777,39,0.00333583
1773324241.24206519,0.01915906,6191,0.00015853,0.00000000,0,0.00000000,24777,24784,30,0.00268579
1773324241.34197092,0.01693791,6311,0.00013446,0.00000000,0,0.00000000,24784,24793,31,0.00212529
1773324241.44164252,0.01628875,6270,0.00025455,0.00000000,0,0.00000000,24793,24806,24,0.00220341
1773324241.54162478,0.02200732,6349,0.00030243,0.00000000,0,0.00000000,24806,24824,28,0.00102181
1773324241.64182496,0.02071524,6324,0.00009178,0.00000000,0,0.00000000,24824,24829,25,0.00255165
1773324241.74200106,0.02056289,6303,0.00014616,0.00000000,0,0.00000000,24829,24829,31,0.00199096
1773324241.84212208,0.02134788,6311,0.00013426,0.00000000,0,0.00000000,24829,24829,23,0.00274612
1773324241.94216967,0.01301476,6314,0.00050867,0.00000000,0,0.00000000,24829,24834,41,0.00094987
1773324242.04219103,0.02005344,6400,0.00030923,0.00000000,0,0.00000000,24834,24827,36,0.00400243
1773324242.14240861,0.02004930,6319,0.00047328,0.00000000,0,0.00000000,24827,24818,30,0.00209017
1773324242.24233031,0.02444410,6345,0.00014227,0.00000000,0,0.00000000,24818,24835,27,0.00306171
1773324242.34175038,0.02183275,6364,0.00014880,0.00000000,0,0.00000000,24835,24843,32,0.00155294
1773324242.44182134,0.02063044,6411,0.00031886,0.00000000,0,0.00000000,24843,24856,35,0.00314191
1773324242.54281044,0.01918456,6333,0.00046278,0.00000000,0,0.00000000,24856,24863,24,0.00290245
1773324242.64197969,0.01942631,6414,0.00040442,0.00000000,0,0.00000000,24863,24868,28,0.00342359
1773324242.74222159,0.03066340,6358,0.00036802,0.00000000,0,0.00000000,24868,24872,26,0.00200886
1773324242.84215069,0.02401730,6341,0.00056021,0.00000000,0,0.00000000,24872,24880,42,0.00330773
1773324242.94165611,0.01914100,6381,0.00037187,0.00000000,0,0.00000000,24880,24892,33,0.00277774
1773324243.04156256,0.03156345,6376,0.00027493,0.00000000,0,0.00000000,24892,24908,31,0.00152439
1773324243.14175606,0.02607606,6374,0.00022528,0.00000000,0,0.00000000,24908,24926,30,0.00390720
1773324243.24187255,0.02290550,6394,0.00038783,0.00000000,0,0.00000000,24926,24920,24,0.00290898
1773324243.34205699,0.03496378,6386,0.00040918,0.00000000,0,0.00000000,24920,24930,32,0.00273764
1773324243.44212294,0.02469667,6385,0.00024933,0.00000000,0,0.00000000,24930,24941,32,0.00248998
1773324243.54223657,0.02175891,6387,0.00017087,0.00000000,0,0.00000000,24941,24951,26,0.00178561
1773324243.64229774,0.02475221,6362,0.00018461,0.00000000,0,0.00000000,24951,24968,27,0.00133551
1773324243.74240112,0.04863654,6309,0.00017651,0.00000000,0,0.00000000,24968,24983,31,0.00374575
1773324243.84169531,0.02645871,6371,0.00044109,0.00000000,0,0.00000000,24983,24977,32,0.00485462
1773324243.94241905,0.02876245,6349,0.00029661,0.00000000,0,0.00000000,24977,24994,22,0.00186067
1773324244.04251504,0.01703048,6402,0.00034759,0.00000000,0,0.00000000,24994,24966,25,0.00358220
1773324244.14270115,0.01378136,6346,0.00007013,0.00000000,0,0.00000000,24966,24960,19,0.00511192
1773324244.24203992,0.01945522,6344,0.00009765,0.00000000,0,0.00000000,24960,24949,21,0.00243640
1773324244.34207797,0.01386081,6355,0.00011730,0.00000000,0,0.00000000,24949,24951,27,0.00248327
1773324244.44219804,0.01392856,6334,0.00016003,0.00000000,0,0.00000000,24951,24968,21,0.00376301
1773324244.54160285,0.02079893,6354,0.00011701,0.00000000,0,0.00000000,24968,24976,24,0.00319910
1773324244.64163876,0.02240980,6370,0.00022893,0.00000000,0,0.00000000,24976,24960,40,0.00252809
1773324244.74170160,0.01807827,6349,0.00010672,0.00000000,0,0.00000000,24960,24976,31,0.00133076
1773324244.84177327,0.01848213,6374,0.00019509,0.00000000,0,0.00000000,24976,24956,30,0.00084516
1773324244.94202590,0.01363839,6337,0.00013656,0.00000000,0,0.00000000,24956,24976,37,0.00094557
1773324245.04206586,0.01172083,6373,0.00013195,0.00000000,0,0.00000000,24976,24971,29,0.00105455
1773324245.14210224,0.02109448,6406,0.00009768,0.00000000,0,0.00000000,24971,24979,28,0.00166515
1773324245.24230313,0.01792173,6299,0.00018484,0.00000000,0,0.00000000,24979,24982,33,0.00183501
1773324245.34210181,0.01791368,6366,0.00025482,0.00000000,0,0.00000000,24982,24984,26,0.00197586
1773324245.44161224,0.02184378,6388,0.00022300,0.00000000,0,0.00000000,24984,24963,29,0.00211704
1773324245.54163027,0.02054928,6386,0.00007678,0.00000000,0,0.00000000,24963,24970,25,0.00182497
1773324245.64171362,0.02002500,6409,0.00017072,0.00000000,0,0.00000000,24970,24979,28,0.00141287
1773324245.74263000,0.01396799,6309,0.00012365,0.00000000,0,0.00000000,24979,24990,26,0.00138560
1773324245.84181166,0.01607623,6378,0.00018373,0.00000000,0,0.00000000,24990,24993,37,0.00084631
1773324245.94217539,0.01156640,6332,0.00024840,0.00000000,0,0.00000000,24993,25007,29,0.00303608
1773324246.04159665,0.01351245,6353,0.00007129,0.00000000,0,0.00000000,25007,25016,20,0.00162440
1773324246.14165044,0.01268310,6376,0.00037125,0.00000000,0,0.00000000,25016,25012,33,0.00200212
1773324246.24163222,0.01324792,6363,0.00017077,0.00000000,0,0.00000000,25012,25008,32,0.00245758
1773324246.34165430,0.01609907,6427,0.00035023,0.00000000,0,0.00000000,25008,24995,20,0.00091697
1773324246.44194841,0.01701547,6405,0.00016849,0.00000000,0,0.00000000,24995,25012,37,0.00158146
1773324246.54200101,0.01955722,6416,0.00006186,0.00000000,0,0.00000000,25012,25019,16,0.00123873
1773324246.64207363,0.01998740,6414,0.00015774,0.00000000,0,0.00000000,25019,25022,29,0.00215061
1773324246.74209142,0.01248823,6424,0.00007768,0.00000000,0,0.00000000,25022,25032,17,0.00210378
1773324246.84227252,0.01059703,6420,0.00010567,0.00000000,0,0.00000000,25032,25052,29,0.00124476
1773324246.94232702,0.00969750,6438,0.00011813,0.00000000,0,0.00000000,25052,25052,28,0.00295147
1773324247.04243660,0.01020947,6419,0.00012961,0.00000000,0,0.00000000,25052,25052,32,0.00281625
1773324247.14246845,0.01213417,6447,0.00019764,0.00000000,0,0.00000000,25052,25039,32,0.00173964
1773324247.24280190,0.01443750,6404,0.00011454,0.00000000,0,0.00000000,25039,25045,29,0.00162540
1773324247.34287810,0.01469065,6383,0.00040949,0.00000000,0,0.00000000,25045,25055,35,0.00160197
1773324247.44279313,0.01567670,6423,0.00027859,0.00000000,0,0.00000000,25055,25069,26,0.00180079
1773324247.54283261,0.01338611,6417,0.00025406,0.00000000,0,0.00000000,25069,25090,34,0.00265305
1773324247.64292312,0.01895640,6431,0.00033963,0.00000000,0,0.00000000,25090,25097,30,0.00237761
1773324247.74299049,0.01985129,6433,0.00015555,0.00000000,0,0.00000000,25097,25112,40,0.00197578
1773324247.84326077,0.01915089,6369,0.00025283,0.00000000,0,0.00000000,25112,25105,36,0.00217896
1773324247.94188952,0.02179401,6397,0.00017296,0.00000000,0,0.00000000,25105,25129,41,0.00164928
1773324248.04195356,0.01252010,6442,0.00016521,0.00000000,0,0.00000000,25129,25140,31,0.00176592
1773324248.14173841,0.01828365,6428,0.00018763,0.00000000,0,0.00000000,25140,25141,35,0.00160170
1773324248.24209666,0.02170394,6368,0.00035223,0.00000000,0,0.00000000,25141,25143,27,0.00253647
1773324248.34174705,0.01735959,6431,0.00017833,0.00000000,0,0.00000000,25143,25142,37,0.00317390
1773324248.44173026,0.01240081,6444,0.00019809,0.00000000,0,0.00000000,25142,25145,41,0.00125742
1773324248.54175735,0.00986303,6439,0.00014822,0.00000000,0,0.00000000,25145,25153,41,0.00263867
1773324248.64181995,0.01206814,6453,0.00013795,0.00000000,0,0.00000000,25153,25167,31,0.00121678
1773324248.74192357,0.01861721,6453,0.00039037,0.00000000,0,0.00000000,25167,25183,31,0.00176116
1773324248.84201717,0.01791723,6457,0.00043364,0.00000000,0,0.00000000,25183,25164,38,0.00209437
1773324248.94211030,0.01575998,6497,0.00009521,0.00000000,0,0.00000000,25164,25181,28,0.00262359
1773324249.04237032,0.01215427,6447,0.00014143,0.00000000,0,0.00000000,25181,25189,31,0.00083246
1773324249.14241099,0.01109604,6452,0.00015298,0.00000000,0,0.00000000,25189,25178,26,0.00130753
1773324249.24248600,0.01089915,6428,0.00009389,0.00000000,0,0.00000000,25178,25177,26,0.00094403
1773324249.34240222,0.01129272,6407,0.00012855,0.00000000,0,0.00000000,25177,25190,32,0.00251161
1773324249.44150615,0.01295652,6491,0.00026871,0.00000000,0,0.00000000,25190,25194,32,0.00151064
1773324249.54306674,0.01273972,6461,0.00014060,0.00000000,0,0.00000000,25194,25205,26,0.00300521
1773324249.64323258,0.02044666,6456,0.00024295,0.00000000,0,0.00000000,25205,25219,32,0.00186142
1773324249.74272609,0.01424019,6436,0.00024701,0.00000000,0,0.00000000,25219,25234,30,0.00168187
1773324249.84191537,0.01700625,6421,0.00009140,0.00000000,0,0.00000000,25234,25239,27,0.00098681
1773324249.94193888,0.01350472,6414,0.00019464,0.00000000,0,0.00000000,25239,25230,33,0.00109926
1773324250.04198647,0.01783695,6411,0.00016553,0.00000000,0,0.00000000,25230,25216,33,0.00098451
1773324250.14207292,0.02014195,6386,0.00013986,0.00000000,0,0.00000000,25216,25208,25,0.00114622
1773324250.24160290,0.02096024,6415,0.00013261,0.00000000,0,0.00000000,25208,25216,25,0.00117837
1773324250.34165525,0.02020456,6440,0.00011531,0.00000000,0,0.00000000,25216,25227,30,0.00164684
1773324250.44172812,0.01489673,6428,0.00058692,0.00000000,0,0.00000000,25227,25210,33,0.00171585
1773324250.54183125,0.01533383,6414,0.00009712,0.00000000,0,0.00000000,25210,25222,27,0.00209663
1773324250.64180803,0.01451746,6387,0.00020450,0.00000000,0,0.00000000,25222,25231,33,0.00238704
1773324250.74183369,0.01674150,6400,0.00029202,0.00000000,0,0.00000000,25231,25233,27,0.00281452
1773324250.84195471,0.01774438,6410,0.00016795,0.00000000,0,0.00000000,25233,25240,18,0.00110657
1773324250.94201875,0.01731653,6409,0.00006274,0.00000000,0,0.00000000,25240,25237,18,0.00191471
1773324251.04218411,0.00926901,6373,0.00008002,0.00000000,0,0.00000000,25237,25247,23,0.00159860
1773324251.14232087,0.01760965,6379,0.00012532,0.00000000,0,0.00000000,25247,25251,30,0.00108889
1773324251.24231243,0.01398999,6371,0.00005077,0.00000000,0,0.00000000,25251,25257,18,0.00114656
1773324251.34240484,0.01772051,6407,0.00060889,0.00000000,0,0.00000000,25257,25138,30,0.00214965
1773324251.44250107,0.01573456,6376,0.00011378,0.00000000,0,0.00000000,25138,25152,24,0.00116249
1773324251.54256773,0.01357819,6361,0.00017715,0.00000000,0,0.00000000,25152,25161,30,0.00282455
1773324251.64265990,0.01618486,6381,0.00031055,0.00000000,0,0.00000000,25161,25154,25,0.00276589
1773324251.74274683,0.01966051,6379,0.00043812,0.00000000,0,0.00000000,25154,25145,24,0.00264021
1773324251.84278202,0.02161868,6286,0.00009637,0.00000000,0,0.00000000,25145,25142,22,0.00284480
1773324251.94182301,0.02014369,6404,0.00013718,0.00000000,0,0.00000000,25142,25116,28,0.00118624
1773324252.04288745,0.01377885,6322,0.00008769,0.00000000,0,0.00000000,25116,25128,27,0.00105014
1773324252.14196444,0.01867696,6362,0.00028972,0.00000000,0,0.00000000,25128,25141,27,0.00081937
1773324252.24218178,0.02065091,6316,0.00009584,0.00000000,0,0.00000000,25141,25155,30,0.00188584
1773324252.34164023,0.02176604,6309,0.00007840,0.00000000,0,0.00000000,25155,25160,27,0.00083381
1773324252.44160724,0.01906087,6361,0.00019243,0.00000000,0,0.00000000,25160,25172,25,0.00152591
1773324252.54171753,0.01786130,6360,0.00010108,0.00000000,0,0.00000000,25172,25185,33,0.00189156
1773324252.64182568,0.01660182,6325,0.00013528,0.00000000,0,0.00000000,25185,25202,35,0.00173320
1773324252.74164629,0.02009184,6362,0.00033530,0.00000000,0,0.00000000,25202,25221,33,0.00207099
1773324252.84174871,0.01613292,6391,0.00011387,0.00000000,0,0.00000000,25221,25234,26,0.00268340
1773324252.94196892,0.02520057,6372,0.00013339,0.00000000,0,0.00000000,25234,25227,28,0.00188872
1773324253.04486156,0.02068521,6381,0.00033908,0.00000000,0,0.00000000,25227,25236,40,0.00327551
1773324253.14215779,0.02097730,6365,0.00010890,0.00000000,0,0.00000000,25236,25244,22,0.00338940
1773324253.24216342,0.02041288,6365,0.00031520,0.00000000,0,0.00000000,25244,25245,25,0.00185874
1773324253.34224510,0.01534434,6372,0.00014084,0.00000000,0,0.00000000,25245,25252,29,0.00087654
1773324253.44230986,0.01582824,6363,0.00025024,0.00000000,0,0.00000000,25252,25267,36,0.00089450
1773324253.54236674,0.01505535,6361,0.00028987,0.00000000,0,0.00000000,25267,25257,41,0.00185475
1773324253.64243078,0.01523108,6335,0.00035659,0.00000000,0,0.00000000,25257,25271,32,0.00179113
1773324253.74255824,0.01445559,6367,0.00031664,0.00000000,0,0.00000000,25271,25281,34,0.00170296
1773324253.84259462,0.02498090,6356,0.00013513,0.00000000,0,0.00000000,25281,25292,31,0.00184708
1773324253.94277930,0.02232851,6359,0.00011024,0.00000000,0,0.00000000,25292,25304,20,0.00250721
1773324254.04286361,0.01482515,6322,0.00010537,0.00000000,0,0.00000000,25304,25303,24,0.00147397
1773324254.14276004,0.01800824,6355,0.00022686,0.00000000,0,0.00000000,25303,25315,29,0.00072367
1773324254.24188757,0.01799121,6343,0.00026345,0.00000000,0,0.00000000,25315,25337,35,0.00117799
1773324254.34285212,0.01592522,6324,0.00050717,0.00000000,0,0.00000000,25337,25343,37,0.00087292
1773324254.44160819,0.01583394,6354,0.00040874,0.00000000,0,0.00000000,25343,25344,30,0.00080166
1773324254.54164815,0.01697279,6330,0.00033167,0.00000000,0,0.00000000,25344,25366,29,0.00182669
1773324254.64172745,0.02354188,6350,0.00013751,0.00000000,0,0.00000000,25366,25363,28,0.00171874
1773324254.74168682,0.01922699,6309,0.00030265,0.00000000,0,0.00000000,25363,25377,28,0.00225573
1773324254.84164977,0.01958969,6331,0.00014088,0.00000000,0,0.00000000,25377,25378,31,0.00084629
1773324254.94170213,0.01843565,6315,0.00015914,0.00000000,0,0.00000000,25378,25380,35,0.00165745
1773324255.04179144,0.01667372,6334,0.00017237,0.00000000,0,0.00000000,25380,25388,36,0.00114837
1773324255.14179444,0.02345495,6334,0.00024654,0.00000000,0,0.00000000,25388,25387,31,0.00095973
1773324255.24177337,0.02411311,6334,0.00021983,0.00000000,0,0.00000000,25387,25377,33,0.00194428
1773324255.34190249,0.02043282,6315,0.00017542,0.00000000,0,0.00000000,25377,25368,36,0.00172054
1773324255.44198799,0.01928560,6308,0.00018449,0.00000000,0,0.00000000,25368,25350,33,0.00085950
1773324255.54213309,0.01569814,6344,0.00013816,0.00000000,0,0.00000000,25350,25346,32,0.00076842
1773324255.64235258,0.01533846,6318,0.00009747,0.00000000,0,0.00000000,25346,25358,28,0.00091529
1773324255.74219060,0.01163146,6315,0.00008971,0.00000000,0,0.00000000,25358,25373,31,0.00246856
1773324255.84231305,0.01752040,6355,0.00029382,0.00000000,0,0.00000000,25373,25382,30,0.00193442
1773324255.94243383,0.02291902,6287,0.00017536,0.00000000,0,0.00000000,25382,25380,31,0.00285063
1773324256.04257631,0.01629828,6302,0.00011335,0.00000000,0,0.00000000,25380,25383,26,0.00148301
1773324256.14262414,0.01840936,6259,0.00061203,0.00000000,0,0.00000000,25383,25360,36,0.00082396
1773324256.24199009,0.01733489,6329,0.00029147,0.00000000,0,0.00000000,25360,25374,34,0.00080455
1773324256.34266591,0.01923083,6272,0.00027200,0.00000000,0,0.00000000,25374,25388,31,0.00087012
1773324256.44268179,0.02544269,6334,0.00014642,0.00000000,0,0.00000000,25388,25389,35,0.00167869
1773324256.54273534,0.01986438,6302,0.00012568,0.00000000,0,0.00000000,25389,25407,43,0.00101138
1773324256.64289641,0.02158752,6268,0.00018271,0.00000000,0,0.00000000,25407,25416,42,0.00158753
1773324256.74166298,0.01828043,6285,0.00015266,0.00000000,0,0.00000000,25416,25435,41,0.00080423
1773324256.84186411,0.01739454,6268,0.00013934,0.00000000,0,0.00000000,25435,25433,34,0.00086313
1773324256.94165635,0.02037059,6285,0.00044963,0.00000000,0,0.00000000,25433,25436,35,0.00167587
1773324257.04165435,0.01900528,6289,0.00021324,0.00000000,0,0.00000000,25436,25408,48,0.00308422
1773324257.14174151,0.01438944,6266,0.00017592,0.00000000,0,0.00000000,25408,25429,37,0.00166569
1773324257.24169087,0.02083175,6266,0.00047285,0.00000000,0,0.00000000,25429,25441,39,0.00156365
1773324257.34162951,0.02216906,6288,0.00009648,0.00000000,0,0.00000000,25441,25457,26,0.00128741
1773324257.44179249,0.02263523,6266,0.00023361,0.00000000,0,0.00000000,25457,25429,32,0.00154967
1773324257.54173160,0.02369325,6252,0.00017878,0.00000000,0,0.00000000,25429,25425,48,0.00195075
1773324257.64180636,0.02769000,6233,0.00024751,0.00000000,0,0.00000000,25425,25428,44,0.00120903
1773324257.74195457,0.02556196,6255,0.00024743,0.00000000,0,0.00000000,25428,25445,50,0.00081818
1773324257.84203243,0.02716554,6259,0.00055606,0.00000000,0,0.00000000,25445,25469,42,0.00075697
1773324257.94203019,0.03131353,6247,0.00036609,0.00000000,0,0.00000000,25469,25465,43,0.00088200
1773324258.04220366,0.01978670,6214,0.00025021,0.00000000,0,0.00000000,25465,25475,51,0.00095679
1773324258.14283991,0.02798317,6265,0.00044764,0.00000000,0,0.00000000,25475,25489,43,0.00274188
1773324258.24251008,0.02169809,6203,0.00013125,0.00000000,0,0.00000000,25489,25512,41,0.00285136
1773324258.34237576,0.02093557,6239,0.00019713,0.00000000,0,0.00000000,25512,25511,46,0.00264213
1773324258.44243526,0.02127939,6197,0.00042363,0.00000000,0,0.00000000,25511,25539,45,0.00289436
1773324258.54253960,0.02352025,6234,0.00040716,0.00000000,0,0.00000000,25539,25552,37,0.00138044
1773324258.64275861,0.02808274,6253,0.00049166,0.00000000,0,0.00000000,25552,25563,55,0.00197536
1773324258.74259114,0.02699658,6200,0.00019692,0.00000000,0,0.00000000,25563,25587,44,0.00179365
1773324258.84257174,0.02656424,6245,0.00022031,0.00000000,0,0.00000000,25587,25581,44,0.00256709
1773324258.94261026,0.02179957,6217,0.00012678,0.00000000,0,0.00000000,25581,25602,44,0.00077896
1773324259.04274273,0.01744545,6216,0.00029254,0.00000000,0,0.00000000,25602,25602,45,0.00083058
1773324259.14288163,0.03099692,6222,0.00022490,0.00000000,0,0.00000000,25602,25603,40,0.00118207
1773324259.24297500,0.02112740,6158,0.00074959,0.00000000,0,0.00000000,25603,25573,54,0.00090821
1773324259.34154058,0.02598847,6259,0.00046322,0.00000000,0,0.00000000,25573,25581,32,0.00174854
1773324259.44193244,0.02994620,6214,0.00049009,0.00000000,0,0.00000000,25581,25588,56,0.00090367
1773324259.54208660,0.02420057,6170,0.00062085,0.00000000,0,0.00000000,25588,25597,52,0.00138742
1773324259.64196348,0.02913784,6224,0.00057127,0.00000000,0,0.00000000,25597,25578,55,0.00198548
1773324259.74211216,0.02959209,6140,0.00020731,0.00000000,0,0.00000000,25578,25590,49,0.00183319
1773324259.84164310,0.02678454,6207,0.00030286,0.00000000,0,0.00000000,25590,25608,51,0.00212667
1773324259.94169855,0.02342409,6130,0.00016330,0.00000000,0,0.00000000,25608,25621,48,0.00103960
1773324260.04163098,0.02844023,6232,0.00024979,0.00000000,0,0.00000000,25621,25639,43,0.00078637
1773324260.14168501,0.03036508,6180,0.00053710,0.00000000,0,0.00000000,25639,25650,41,0.00167615
1773324260.24179435,0.03334623,6157,0.00076598,0.00000000,0,0.00000000,25650,25634,57,0.00192868
1773324260.34182501,0.02716951,6195,0.00068774,0.00000000,0,0.00000000,25634,25626,51,0.00161516
1773324260.44191432,0.02055274,6174,0.00056974,0.00000000,0,0.00000000,25626,25627,50,0.00204840
1773324260.54185033,0.02477010,6253,0.00038430,0.00000000,0,0.00000000,25627,25633,47,0.00245864
1773324260.64262033,0.02906990,6230,0.00058233,0.00000000,0,0.00000000,25633,25652,54,0.00163924
1773324260.74216700,0.02364080,6177,0.00015140,0.00000000,0,0.00000000,25652,25670,29,0.00270699
1773324260.84207082,0.02335547,6161,0.00040249,0.00000000,0,0.00000000,25670,25654,45,0.00099242
1773324260.94218183,0.01822126,6183,0.00018560,0.00000000,0,0.00000000,25654,25666,46,0.00078789
1773324261.04230213,0.01862249,6234,0.00016412,0.00000000,0,0.00000000,25666,25667,43,0.00115916
1773324261.14257550,0.03033083,6188,0.00056861,0.00000000,0,0.00000000,25667,25661,46,0.00159521
1773324261.24244952,0.01938041,6146,0.00035237,0.00000000,0,0.00000000,25661,25662,55,0.00169731
1773324261.34246039,0.02723377,6218,0.00055146,0.00000000,0,0.00000000,25662,25658,46,0.00227714
1773324261.44253898,0.02786127,6151,0.00039383,0.00000000,0,0.00000000,25658,25676,39,0.00112256
1773324261.54246378,0.02505632,6191,0.00039162,0.00000000,0,0.00000000,25676,25690,43,0.00181186
1773324261.64260840,0.02939546,6147,0.00037751,0.00000000,0,0.00000000,25690,25706,49,0.00254273
1773324261.74251056,0.02561362,6194,0.00013806,0.00000000,0,0.00000000,25706,25729,43,0.00127103
1773324261.84173250,0.02150331,6156,0.00022190,0.00000000,0,0.00000000,25729,25758,59,0.00081008
1773324261.94267535,0.02691916,6167,0.00026294,0.00000000,0,0.00000000,25758,25789,62,0.00096127
1773324262.04274940,0.02817323,6169,0.00026564,0.00000000,0,0.00000000,25789,25790,50,0.00115003
1773324262.14279509,0.02973154,6163,0.00045843,0.00000000,0,0.00000000,25790,25797,43,0.00183199
1773324262.24313903,0.02719970,6166,0.00065963,0.00000000,0,0.00000000,25797,25780,50,0.00162356
1773324262.34210587,0.02421344,6156,0.00041275,0.00000000,0,0.00000000,25780,25790,41,0.00205930
1773324262.44168782,0.02228862,6138,0.00036292,0.00000000,0,0.00000000,25790,25793,59,0.00237041
1773324262.54163051,0.02617303,6221,0.00048523,0.00000000,0,0.00000000,25793,25796,48,0.00163017
1773324262.64228344,0.03364300,6150,0.00060086,0.00000000,0,0.00000000,25796,25800,42,0.00227218
1773324262.74169922,0.03958422,6192,0.00101480,0.00000000,0,0.00000000,25800,25803,54,0.00245164
1773324262.84160185,0.03362142,6118,0.00026593,0.00000000,0,0.00000000,25803,25806,44,0.00230434
1773324262.94153285,0.03650795,6177,0.00021442,0.00000000,0,0.00000000,25806,25829,48,0.00179861
1773324263.04166722,0.02922734,6194,0.00052830,0.00000000,0,0.00000000,25829,25854,47,0.00312247
1773324263.14185858,0.03186992,6152,0.00068926,0.00000000,0,0.00000000,25854,25868,53,0.00277300
1773324263.24175453,0.03087841,6171,0.00023716,0.00000000,0,0.00000000,25868,25886,53,0.00281368
1773324263.34187365,0.03122925,6170,0.00033715,0.00000000,0,0.00000000,25886,25852,52,0.00319396
1773324263.44197130,0.02434687,6179,0.00023989,0.00000000,0,0.00000000,25852,25874,58,0.00273355
1773324263.54206157,0.02906732,6133,0.00056396,0.00000000,0,0.00000000,25874,25890,54,0.00175206
1773324263.64231944,0.03137346,6149,0.00020752,0.00000000,0,0.00000000,25890,25897,53,0.00255775
1773324263.74221897,0.02277223,6179,0.00027028,0.00000000,0,0.00000000,25897,25905,67,0.00168581
1773324263.84215355,0.02567866,6162,0.00041915,0.00000000,0,0.00000000,25905,25928,50,0.00175628
1773324263.94227028,0.03112253,6204,0.00023505,0.00000000,0,0.00000000,25928,25944,59,0.00277604
1773324264.04230428,0.02275834,6145,0.00040701,0.00000000,0,0.00000000,25944,25924,66,0.00178250
1773324264.14246225,0.03184119,6159,0.00028459,0.00000000,0,0.00000000,25924,25934,56,0.00272826
1773324264.24243927,0.03395439,6148,0.00031098,0.00000000,0,0.00000000,25934,25942,51,0.00079935
1773324264.34250546,0.03346688,6096,0.00051945,0.00000000,0,0.00000000,25942,25982,51,0.00173730
1773324264.44243050,0.03118771,6160,0.00027428,0.00000000,0,0.00000000,25982,25996,67,0.00079571
1773324264.54253244,0.03076084,6167,0.00037682,0.00000000,0,0.00000000,25996,25946,54,0.00167781
1773324264.64261794,0.03416540,6162,0.00062003,0.00000000,0,0.00000000,25946,25982,70,0.00189687
1773324264.74292517,0.03121295,6151,0.00072532,0.00000000,0,0.00000000,25982,26009,79,0.00156155
1773324264.84279704,0.03200419,6154,0.00038640,0.00000000,0,0.00000000,26009,26032,98,0.00160197
1773324264.94286609,0.03136533,6124,0.00042867,0.00000000,0,0.00000000,26032,26023,79,0.00222895
1773324265.04277897,0.03241553,6122,0.00061846,0.00000000,0,0.00000000,26023,26041,59,0.00253483
1773324265.14283466,0.03524752,6199,0.00085830,0.00000000,0,0.00000000,26041,26052,74,0.00123548
1773324265.24302769,0.03436864,6103,0.00097409,0.00000000,0,0.00000000,26052,26089,85,0.00174336
1773324265.34193277,0.02159557,6135,0.00031863,0.00000000,0,0.00000000,26089,26119,64,0.00093602
1773324265.44167566,0.02857553,6179,0.00040235,0.00000000,0,0.00000000,26119,26147,62,0.00088234
1773324265.54209042,0.02777557,6140,0.00040117,0.00000000,0,0.00000000,26147,26167,82,0.00086787
1773324265.64175868,0.03965440,6153,0.00102279,0.00000000,0,0.00000000,26167,26146,73,0.00139351
1773324265.74160004,0.03172500,6195,0.00056263,0.00000000,0,0.00000000,26146,26176,70,0.00205914
1773324265.84176087,0.03336107,6128,0.00044852,0.00000000,0,0.00000000,26176,26177,78,0.00108065
1773324265.94165516,0.03299282,6129,0.00034756,0.00000000,0,0.00000000,26177,26226,83,0.00137962
1773324266.04158998,0.02533336,6172,0.00040199,0.00000000,0,0.00000000,26226,26250,95,0.00228739
1773324266.14169693,0.03463892,6164,0.00082174,0.00000000,0,0.00000000,26250,26278,78,0.00249195
1773324266.24176598,0.02489031,6153,0.00086731,0.00000000,0,0.00000000,26278,26298,91,0.00163674
1773324266.34190392,0.02909991,6185,0.00115946,0.00000000,0,0.00000000,26298,26250,88,0.00115101
1773324266.44200492,0.03028683,6159,0.00054941,0.00000000,0,0.00000000,26250,26230,76,0.00090295
1773324266.54196048,0.03149232,6175,0.00032083,0.00000000,0,0.00000000,26230,26231,71,0.00199737
1773324266.64209533,0.03664437,6138,0.00030992,0.00000000,0,0.00000000,26231,26253,56,0.00239753
1773324266.74203467,0.04022734,6171,0.00041470,0.00000000,0,0.00000000,26253,26255,71,0.00221910
1773324266.84213877,0.03355506,6191,0.00048519,0.00000000,0,0.00000000,26255,26260,78,0.00127428
1773324266.94241285,0.03036382,6149,0.00079688,0.00000000,0,0.00000000,26260,26284,75,0.00132314
1773324267.04234052,0.02706465,6167,0.00026756,0.00000000,0,0.00000000,26284,26303,69,0.00117708
1773324267.14234090,0.03380955,6183,0.00039960,0.00000000,0,0.00000000,26303,26316,80,0.00219260
1773324267.24235821,0.02882512,6187,0.00042027,0.00000000,0,0.00000000,26316,26311,91,0.00099491
1773324267.34255981,0.03324365,6144,0.00048374,0.00000000,0,0.00000000,26311,26309,94,0.00085078
1773324267.44255495,0.03363752,6176,0.00087750,0.00000000,0,0.00000000,26309,26345,85,0.00353874
1773324267.54259944,0.03308564,6149,0.00109963,0.00000000,0,0.00000000,26345,26286,98,0.00234632
1773324267.64250827,0.02949677,6203,0.00066944,0.00000000,0,0.00000000,26286,26314,101,0.00263701
1773324267.74259353,0.04305870,6197,0.00108863,0.00000000,0,0.00000000,26314,26358,86,0.00232295
1773324267.84271550,0.03693023,6211,0.00065445,0.00000000,0,0.00000000,26358,26407,97,0.00091284
1773324267.94282532,0.03995933,6147,0.00042952,0.00000000,0,0.00000000,26407,26444,69,0.00247290
1773324268.04277587,0.03634399,6171,0.00113941,0.00000000,0,0.00000000,26444,26447,77,0.00254441
1773324268.14285707,0.02384490,6165,0.00028709,0.00000000,0,0.00000000,26447,26485,76,0.00340453
1773324268.24286580,0.03147206,6161,0.00070504,0.00000000,0,0.00000000,26485,26506,77,0.00160535
1773324268.34288597,0.02663513,6148,0.00064271,0.00000000,0,0.00000000,26506,26533,71,0.00085744
1773324268.44156265,0.03469748,6155,0.00031360,0.00000000,0,0.00000000,26533,26534,58,0.00114412
1773324268.54163122,0.03677790,6198,0.00027852,0.00000000,0,0.00000000,26534,26530,58,0.00114995
1773324268.64173937,0.03607002,6192,0.00041378,0.00000000,0,0.00000000,26530,26564,77,0.00250636
1773324268.74160028,0.03545153,6214,0.00049019,0.00000000,0,0.00000000,26564,26582,71,0.00190277
1773324268.84167671,0.03476774,6133,0.00034353,0.00000000,0,0.00000000,26582,26623,67,0.00116574
1773324268.94161272,0.03107416,6127,0.00064919,0.00000000,0,0.00000000,26623,26636,83,0.00089610
1773324269.04152727,0.03142331,6172,0.00041117,0.00000000,0,0.00000000,26636,26664,78,0.00086124
1773324269.14163566,0.04084224,6150,0.00094528,0.00000000,0,0.00000000,26664,26660,70,0.00099293
1773324269.24169111,0.03759351,6182,0.00040433,0.00000000,0,0.00000000,26660,26686,82,0.00135135
1773324269.34185696,0.03662670,6123,0.00031618,0.00000000,0,0.00000000,26686,26694,81,0.00108468
1773324269.44177294,0.03876540,6186,0.00068729,0.00000000,0,0.00000000,26694,26743,73,0.00087931
1773324269.54179549,0.03484877,6168,0.00084658,0.00000000,0,0.00000000,26743,26779,75,0.00262154
1773324269.64196754,0.03986965,6116,0.00116143,0.00000000,0,0.00000000,26779,26772,89,0.00210725
1773324269.74207687,0.03646459,6165,0.00093055,0.00000000,0,0.00000000,26772,26799,69,0.00079222
1773324269.84212875,0.02772562,6142,0.00035264,0.00000000,0,0.00000000,26799,26816,78,0.00212306
1773324269.94200945,0.03987106,6169,0.00080905,0.00000000,0,0.00000000,26816,26830,62,0.00184483
1773324270.04213405,0.02902195,6184,0.00029451,0.00000000,0,0.00000000,26830,26824,63,0.00145384
1773324270.14246011,0.03308361,6171,0.00039839,0.00000000,0,0.00000000,26824,26844,72,0.00294418
1773324270.24232888,0.04031048,6190,0.00038066,0.00000000,0,0.00000000,26844,26842,65,0.00198928
1773324270.34246421,0.03317788,6192,0.00086264,0.00000000,0,0.00000000,26842,26828,81,0.00180244
1773324270.44246531,0.03543742,6160,0.00081525,0.00000000,0,0.00000000,26828,26805,72,0.00285831
1773324270.54262447,0.03677274,6149,0.00046273,0.00000000,0,0.00000000,26805,26785,71,0.00153320
1773324270.64246750,0.03532181,6179,0.00045955,0.00000000,0,0.00000000,26785,26802,74,0.00199933
1773324270.74254537,0.03709698,6151,0.00084313,0.00000000,0,0.00000000,26802,26815,75,0.00252148
1773324270.84283066,0.03831839,6144,0.00083750,0.00000000,0,0.00000000,26815,26855,78,0.00174307
1773324270.94246483,0.03422546,6201,0.00081102,0.00000000,0,0.00000000,26855,26833,63,0.00088704
1773324271.04271984,0.02518615,6199,0.00075571,0.00000000,0,0.00000000,26833,26815,66,0.00086158
1773324271.14296246,0.03429696,6140,0.00033720,0.00000000,0,0.00000000,26815,26832,59,0.00114357
1773324271.24283838,0.03361968,6148,0.00061468,0.00000000,0,0.00000000,26832,26855,62,0.00157665
1773324271.34279537,0.03537106,6160,0.00039366,0.00000000,0,0.00000000,26855,26848,66,0.00172230
1773324271.44171071,0.03512463,6168,0.00027830,0.00000000,0,0.00000000,26848,26870,55,0.00091695
1773324271.54161263,0.03483899,6198,0.00027716,0.00000000,0,0.00000000,26870,26890,55,0.00093219
1773324271.64293265,0.03585475,6185,0.00061863,0.00000000,0,0.00000000,26890,26887,68,0.00159151
1773324271.74168086,0.03127118,6145,0.00035025,0.00000000,0,0.00000000,26887,26900,64,0.00114517
1773324271.84198165,0.03421490,6142,0.00088262,0.00000000,0,0.00000000,26900,26914,65,0.00093398
1773324271.94172502,0.03105324,6166,0.00034768,0.00000000,0,0.00000000,26914,26938,68,0.00102479
1773324272.04165888,0.03065752,6139,0.00026161,0.00000000,0,0.00000000,26938,26968,63,0.00145050
1773324272.14159250,0.02447306,6221,0.00064687,0.00000000,0,0.00000000,26968,26977,62,0.00085051
1773324272.24172950,0.02773529,6182,0.00026656,0.00000000,0,0.00000000,26977,27011,64,0.00227124
1773324272.34166002,0.01944065,6166,0.00024254,0.00000000,0,0.00000000,27011,27022,55,0.00138980
1773324272.44176579,0.02154014,6139,0.00027847,0.00000000,0,0.00000000,27022,27005,57,0.00270415
1773324272.54175234,0.02094704,6150,0.00021185,0.00000000,0,0.00000000,27005,27025,62,0.00133612
1773324272.64183569,0.04151030,6157,0.00056712,0.00000000,0,0.00000000,27025,27039,50,0.00210975
1773324272.74189234,0.03979319,6144,0.00036914,0.00000000,0,0.00000000,27039,27052,53,0.00125316
1773324272.84199286,0.02980529,6143,0.00070984,0.00000000,0,0.00000000,27052,27033,49,0.00080150
1773324272.94195461,0.04179153,6158,0.00156826,0.00000000,0,0.00000000,27033,27049,64,0.00098373
1773324273.04206920,0.02524921,6209,0.00028580,0.00000000,0,0.00000000,27049,27070,53,0.00253600
1773324273.14223075,0.02379753,6137,0.00026908,0.00000000,0,0.00000000,27070,27084,56,0.00278892
1773324273.24207234,0.03778150,6151,0.00046831,0.00000000,0,0.00000000,27084,27081,74,0.00296546
1773324273.34216499,0.03058665,6166,0.00015684,0.00000000,0,0.00000000,27081,27102,41,0.00270688
1773324273.44233108,0.03395323,6150,0.00131727,0.00000000,0,0.00000000,27102,27072,65,0.00244757
1773324273.54245448,0.03109245,6131,0.00033924,0.00000000,0,0.00000000,27072,27099,81,0.00160823
1773324273.64245534,0.03196656,6130,0.00079366,0.00000000,0,0.00000000,27099,27110,63,0.00155143
1773324273.74247551,0.03451668,6163,0.00037775,0.00000000,0,0.00000000,27110,27114,62,0.00130762
1773324273.84251165,0.03026255,6153,0.00056095,0.00000000,0,0.00000000,27114,27127,53,0.00198663
1773324273.94262743,0.03336222,6151,0.00049240,0.00000000,0,0.00000000,27127,27107,64,0.00219663
1773324274.04254007,0.03498249,6180,0.00034451,0.00000000,0,0.00000000,27107,27121,60,0.00091219
1773324274.14271879,0.03182088,6188,0.00020442,0.00000000,0,0.00000000,27121,27123,54,0.00301025
1773324274.24271870,0.03448869,6103,0.00022785,0.00000000,0,0.00000000,27123,27163,56,0.00118413
1773324274.34276247,0.03554998,6194,0.00030735,0.00000000,0,0.00000000,27163,27158,52,0.00152418
1773324274.44270515,0.03856149,6121,0.00067373,0.00000000,0,0.00000000,27158,27158,47,0.00115377
1773324274.54275346,0.03593541,6171,0.00064688,0.00000000,0,0.00000000,27158,27138,48,0.00130019
1773324274.64276695,0.03574614,6143,0.00069695,0.00000000,0,0.00000000,27138,27171,63,0.00168783
1773324274.74290729,0.03233582,6110,0.00078568,0.00000000,0,0.00000000,27171,27168,61,0.00092887
1773324274.84187078,0.02824603,6146,0.00059291,0.00000000,0,0.00000000,27168,27183,53,0.00125676
1773324274.94289851,0.02910468,6126,0.00060088,0.00000000,0,0.00000000,27183,27206,57,0.00237546
1773324275.04189873,0.03583033,6167,0.00028068,0.00000000,0,0.00000000,27206,27200,61,0.00196743
1773324275.14199996,0.03910763,6112,0.00074036,0.00000000,0,0.00000000,27200,27211,62,0.00262545
1773324275.24197149,0.03200446,6147,0.00049290,0.00000000,0,0.00000000,27211,27222,45,0.00275990
1773324275.34204888,0.03341367,6139,0.00049929,0.00000000,0,0.00000000,27222,27242,48,0.00219424
1773324275.44157910,0.03536089,6148,0.00023195,0.00000000,0,0.00000000,27242,27233,43,0.00077738
1773324275.54206371,0.03136541,6179,0.00039782,0.00000000,0,0.00000000,27233,27226,58,0.00230050
1773324275.64212918,0.03058306,6128,0.00064955,0.00000000,0,0.00000000,27226,27250,65,0.00256490
1773324275.74173713,0.03451156,6103,0.00020972,0.00000000,0,0.00000000,27250,27260,44,0.00354548
1773324275.84154344,0.03871430,6190,0.00029988,0.00000000,0,0.00000000,27260,27277,59,0.00086270
1773324275.94173431,0.03343011,6117,0.00022029,0.00000000,0,0.00000000,27277,27287,52,0.00127011
1773324276.04165268,0.02247404,6133,0.00032302,0.00000000,0,0.00000000,27287,27293,63,0.00207580
1773324276.14174438,0.01784394,6148,0.00016192,0.00000000,0,0.00000000,27293,27287,48,0.00087397
1773324276.24179053,0.03190746,6160,0.00043139,0.00000000,0,0.00000000,27287,27287,41,0.00093472
1773324276.34187818,0.04029490,6120,0.00066099,0.00000000,0,0.00000000,27287,27285,53,0.00110042
1773324276.44176745,0.03559542,6127,0.00022985,0.00000000,0,0.00000000,27285,27300,43,0.00259103
1773324276.54188800,0.03720951,6165,0.00048927,0.00000000,0,0.00000000,27300,27312,40,0.00075104
1773324276.64200187,0.03411241,6167,0.00101419,0.00000000,0,0.00000000,27312,27312,59,0.00179429
1773324276.74204111,0.03692574,6124,0.00063228,0.00000000,0,0.00000000,27312,27314,51,0.00170565
1773324276.84198904,0.03260124,6159,0.00066122,0.00000000,0,0.00000000,27314,27319,48,0.00148810
1773324276.94208789,0.03495346,6168,0.00062682,0.00000000,0,0.00000000,27319,27315,46,0.00227297
1773324277.04218030,0.03585788,6174,0.00026640,0.00000000,0,0.00000000,27315,27279,50,0.00182642
1773324277.14233088,0.01942302,6169,0.00015872,0.00000000,0,0.00000000,27279,27282,44,0.00190736
1773324277.24234939,0.04083131,6132,0.00059166,0.00000000,0,0.00000000,27282,27298,47,0.00301239
1773324277.34227157,0.03486495,6132,0.00072300,0.00000000,0,0.00000000,27298,27289,45,0.00163150
1773324277.44238973,0.03742387,6194,0.00036795,0.00000000,0,0.00000000,27289,27309,51,0.00152286
1773324277.54249978,0.03464583,6144,0.00077041,0.00000000,0,0.00000000,27309,27316,57,0.00079993
1773324277.64241028,0.03708612,6176,0.00058646,0.00000000,0,0.00000000,27316,27339,52,0.00189377
1773324277.74253368,0.03842495,6153,0.00030585,0.00000000,0,0.00000000,27339,27362,51,0.00207732
1773324277.84243488,0.03643975,6142,0.00048896,0.00000000,0,0.00000000,27362,27354,49,0.00116946
1773324277.94246674,0.04136026,6177,0.00058466,0.00000000,0,0.00000000,27354,27358,52,0.00207583
1773324278.04267955,0.03390263,6148,0.00027325,0.00000000,0,0.00000000,27358,27370,50,0.00316773
1773324278.14269328,0.01589005,6132,0.00024282,0.00000000,0,0.00000000,27370,27346,48,0.00222576
1773324278.24174023,0.03876833,6187,0.00026732,0.00000000,0,0.00000000,27346,27343,50,0.00315993
1773324278.34263301,0.03644969,6169,0.00023521,0.00000000,0,0.00000000,27343,27352,52,0.00298722
1773324278.44279432,0.03596871,6214,0.00032608,0.00000000,0,0.00000000,27352,27355,56,0.00083300
1773324278.54280353,0.03177885,6150,0.00024851,0.00000000,0,0.00000000,27355,27373,46,0.00082256
1773324278.64292359,0.03406187,6169,0.00069628,0.00000000,0,0.00000000,27373,27273,63,0.00084596
1773324278.74202681,0.03404614,6203,0.00029683,0.00000000,0,0.00000000,27273,27283,69,0.00261933
1773324278.84206939,0.03234129,6215,0.00046158,0.00000000,0,0.00000000,27283,27301,42,0.00075027
1773324278.94210458,0.02249017,6173,0.00070108,0.00000000,0,0.00000000,27301,27254,54,0.00120998
1773324279.04167819,0.03109545,6215,0.00022464,0.00000000,0,0.00000000,27254,27276,47,0.00090358
1773324279.14171553,0.03449844,6195,0.00072142,0.00000000,0,0.00000000,27276,27292,57,0.00088600
1773324279.24160099,0.02989018,6176,0.00058545,0.00000000,0,0.00000000,27292,27305,53,0.00078111
1773324279.34151506,0.02631115,6240,0.00052716,0.00000000,0,0.00000000,27305,27333,50,0.00152850
1773324279.44160318,0.03415532,6214,0.00070714,0.00000000,0,0.00000000,27333,27334,48,0.00084161
1773324279.54171062,0.03408789,6179,0.00066803,0.00000000,0,0.00000000,27334,27328,54,0.00112688
1773324279.64158177,0.03601479,6239,0.00071128,0.00000000,0,0.00000000,27328,27336,50,0.00179329
1773324279.74156880,0.02865935,6210,0.00027562,0.00000000,0,0.00000000,27336,27355,60,0.00281000
1773324279.84169006,0.03220770,6198,0.00090286,0.00000000,0,0.00000000,27355,27324,54,0.00276936
1773324279.94316363,0.02782696,6202,0.00066855,0.00000000,0,0.00000000,27324,27310,41,0.00200658
1773324280.04185081,0.03274205,6191,0.00046546,0.00000000,0,0.00000000,27310,27336,51,0.00197846
1773324280.14205098,0.02977951,6179,0.00060532,0.00000000,0,0.00000000,27336,27342,46,0.00266621
1773324280.24187469,0.02837572,6219,0.00040601,0.00000000,0,0.00000000,27342,27246,68,0.00262425
1773324280.34195542,0.03253014,6206,0.00027178,0.00000000,0,0.00000000,27246,27234,44,0.00203363
1773324280.44202518,0.03419017,6197,0.00028146,0.00000000,0,0.00000000,27234,27262,55,0.00084024
1773324280.54211140,0.02726105,6215,0.00073334,0.00000000,0,0.00000000,27262,27258,58,0.00153549
1773324280.64214969,0.03819432,6195,0.00076330,0.00000000,0,0.00000000,27258,27288,61,0.00173315
1773324280.74222994,0.02840181,6197,0.00077754,0.00000000,0,0.00000000,27288,27306,57,0.00081971
1773324280.84235740,0.03121123,6151,0.00025460,0.00000000,0,0.00000000,27306,27307,49,0.00081768
1773324280.94230437,0.03239996,6181,0.00027923,0.00000000,0,0.00000000,27307,27308,55,0.00178590
1773324281.04251099,0.02570977,6160,0.00052444,0.00000000,0,0.00000000,27308,27325,47,0.00247387
1773324281.14251924,0.01681328,6155,0.00021114,0.00000000,0,0.00000000,27325,27316,56,0.00440381
1773324281.24241686,0.02915445,6164,0.00062372,0.00000000,0,0.00000000,27316,27336,55,0.00243510
1773324281.34247398,0.03270001,6189,0.00067440,0.00000000,0,0.00000000,27336,27296,52,0.00163157
1773324281.44255233,0.03242240,6153,0.00060584,0.00000000,0,0.00000000,27296,27304,43,0.00422713
1773324281.54236698,0.03310850,6190,0.00035532,0.00000000,0,0.00000000,27304,27282,53,0.00086015
1773324281.64273024,0.03710549,6204,0.00040505,0.00000000,0,0.00000000,27282,27283,55,0.00288555
1773324281.74258709,0.01972389,6178,0.00019605,0.00000000,0,0.00000000,27283,27278,50,0.00195984
1773324281.84159088,0.03438045,6216,0.00027631,0.00000000,0,0.00000000,27278,27275,51,0.00199090
1773324281.94269061,0.03186845,6217,0.00072382,0.00000000,0,0.00000000,27275,27277,49,0.00285058
1773324282.04270387,0.02840022,6201,0.00073677,0.00000000,0,0.00000000,27277,27274,47,0.00245473
1773324282.14268732,0.02050211,6223,0.00019615,0.00000000,0,0.00000000,27274,27268,44,0.00277329
1773324282.24262762,0.03716868,6195,0.00076333,0.00000000,0,0.00000000,27268,27279,71,0.00098532
1773324282.34254909,0.03331653,6222,0.00032804,0.00000000,0,0.00000000,27279,27293,57,0.00218261
1773324282.44249558,0.03293980,6218,0.00061498,0.00000000,0,0.00000000,27293,27305,55,0.00090991
1773324282.54245782,0.03423749,6219,0.00069309,0.00000000,0,0.00000000,27305,27301,54,0.00088631
1773324282.64243054,0.03375798,6230,0.00073093,0.00000000,0,0.00000000,27301,27344,63,0.00309494
1773324282.74240208,0.03643012,6216,0.00050473,0.00000000,0,0.00000000,27344,27366,44,0.00290002
1773324282.84233117,0.03467971,6213,0.00038950,0.00000000,0,0.00000000,27366,27305,58,0.00138234
1773324282.94225526,0.03641851,6211,0.00028712,0.00000000,0,0.00000000,27305,27322,54,0.00322165
1773324283.04222417,0.03239659,6229,0.00076034,0.00000000,0,0.00000000,27322,27341,59,0.00146938
1773324283.14231086,0.02174161,6216,0.00029047,0.00000000,0,0.00000000,27341,27367,63,0.00309486
1773324283.24210119,0.03513932,6204,0.00026087,0.00000000,0,0.00000000,27367,27390,64,0.00110942
1773324283.34188318,0.03722968,6204,0.00051931,0.00000000,0,0.00000000,27390,27421,43,0.00089230
1773324283.44188595,0.03368681,6236,0.00040002,0.00000000,0,0.00000000,27421,27434,64,0.00281697
1773324283.54191327,0.03792863,6163,0.00032638,0.00000000,0,0.00000000,27434,27438,56,0.00097744
1773324283.64171243,0.03800752,6230,0.00051460,0.00000000,0,0.00000000,27438,27449,61,0.00095847
1773324283.74185395,0.02580748,6181,0.00057039,0.00000000,0,0.00000000,27449,27451,49,0.00174088
1773324283.84159184,0.03035261,6211,0.00074521,0.00000000,0,0.00000000,27451,27442,58,0.00106726
1773324283.94168425,0.03435227,6175,0.00021766,0.00000000,0,0.00000000,27442,27441,51,0.00088572
1773324284.04151678,0.03296943,6223,0.00063584,0.00000000,0,0.00000000,27441,27456,50,0.00091014
1773324284.14163017,0.02167010,6159,0.00029895,0.00000000,0,0.00000000,27456,27400,58,0.00178678
1773324284.24156904,0.03645169,6202,0.00035497,0.00000000,0,0.00000000,27400,27385,57,0.00224703
1773324284.34168720,0.03061366,6191,0.00084436,0.00000000,0,0.00000000,27385,27392,79,0.00085947
1773324284.44197726,0.03338560,6193,0.00070293,0.00000000,0,0.00000000,27392,27392,58,0.00210178
1773324284.54196477,0.03432208,6205,0.00066378,0.00000000,0,0.00000000,27392,27391,65,0.00116509
1773324284.64190722,0.03789600,6197,0.00069883,0.00000000,0,0.00000000,27391,27383,63,0.00088777
1773324284.74188232,0.02796088,6189,0.00065627,0.00000000,0,0.00000000,27383,27397,56,0.00186543
1773324284.84296989,0.03440131,6198,0.00026976,0.00000000,0,0.00000000,27397,27411,54,0.00163579
1773324284.94293571,0.03634997,6128,0.00023128,0.00000000,0,0.00000000,27411,27405,40,0.00163025
1773324285.04282284,0.03456947,6082,0.00064845,0.00000000,0,0.00000000,27405,27430,47,0.00296023
1773324285.14281607,0.02117788,6048,0.00029988,0.00000000,0,0.00000000,27430,27454,49,0.00173992
1773324285.24264073,0.03047233,5974,0.00088248,0.00000000,0,0.00000000,27454,27434,59,0.00133957
1773324285.34268808,0.03481873,5928,0.00063412,0.00000000,0,0.00000000,27434,27438,51,0.00134081
1773324285.44161534,0.02985442,5924,0.00026908,0.00000000,0,0.00000000,27438,27454,65,0.00232929
1773324285.54250264,0.03614703,5903,0.00030431,0.00000000,0,0.00000000,27454,27476,71,0.00079200
1773324285.64259601,0.04038369,5928,0.00026220,0.00000000,0,0.00000000,27476,27503,50,0.00207422
1773324285.74248719,0.02794976,5833,0.00103288,0.00000000,0,0.00000000,27503,27435,51,0.00179718
1773324285.84239054,0.02763399,5867,0.00045082,0.00000000,0,0.00000000,27435,27434,37,0.00176138
1773324285.94235206,0.03105455,5898,0.00069448,0.00000000,0,0.00000000,27434,27450,46,0.00177120
1773324286.04237819,0.02703024,5884,0.00069744,0.00000000,0,0.00000000,27450,27470,54,0.00176114
1773324286.14240789,0.01748732,5905,0.00032814,0.00000000,0,0.00000000,27470,27469,47,0.00187454
1773324286.24227524,0.03265701,5938,0.00069649,0.00000000,0,0.00000000,27469,27503,68,0.00262703
1773324286.34211898,0.03364896,5922,0.00070664,0.00000000,0,0.00000000,27503,27506,60,0.00172373
1773324286.44206619,0.02821149,5942,0.00058531,0.00000000,0,0.00000000,27506,27518,48,0.00245355
1773324286.54201770,0.02985455,5971,0.00054538,0.00000000,0,0.00000000,27518,27519,44,0.00157974
1773324286.64191556,0.03220371,5958,0.00069738,0.00000000,0,0.00000000,27519,27525,48,0.00083855
1773324286.74188542,0.03238455,5958,0.00049270,0.00000000,0,0.00000000,27525,27543,44,0.00082176
1773324286.84187770,0.02923916,5949,0.00066138,0.00000000,0,0.00000000,27543,27532,45,0.00214993
1773324286.94178104,0.03187893,6004,0.00051791,0.00000000,0,0.00000000,27532,27539,42,0.00227951
1773324287.04174328,0.04014861,6072,0.00041819,0.00000000,0,0.00000000,27539,27528,44,0.00181641
1773324287.14170575,0.02096605,6062,0.00022849,0.00000000,0,0.00000000,27528,27546,50,0.00092400
1773324287.24159026,0.03290490,6111,0.00049936,0.00000000,0,0.00000000,27546,27562,40,0.00093764
1773324287.34155083,0.03784957,6106,0.00030296,0.00000000,0,0.00000000,27562,27574,57,0.00223161
1773324287.44169450,0.03376888,6114,0.00055162,0.00000000,0,0.00000000,27574,27588,38,0.00116356
1773324287.54164958,0.03520251,6165,0.00021669,0.00000000,0,0.00000000,27588,27607,39,0.00155665
1773324287.64172053,0.03242105,6107,0.00053971,0.00000000,0,0.00000000,27607,27579,42,0.00303225
1773324287.74150705,0.03243761,6161,0.00047130,0.00000000,0,0.00000000,27579,27587,35,0.00113298
1773324287.84165359,0.03420535,6099,0.00014785,0.00000000,0,0.00000000,27587,27600,35,0.00283205
1773324287.94159174,0.02764570,6177,0.00064744,0.00000000,0,0.00000000,27600,27601,45,0.00113271
1773324288.04207683,0.03328903,6163,0.00024370,0.00000000,0,0.00000000,27601,27574,40,0.00262542
1773324288.14198589,0.03314372,6172,0.00039601,0.00000000,0,0.00000000,27574,27589,41,0.00199341
1773324288.24199009,0.02680483,6182,0.00049587,0.00000000,0,0.00000000,27589,27596,43,0.00081644
1773324288.34203529,0.03137885,6180,0.00059881,0.00000000,0,0.00000000,27596,27620,44,0.00207362
1773324288.44199896,0.02808229,6216,0.00038619,0.00000000,0,0.00000000,27620,27619,30,0.00202316
1773324288.54298615,0.02472515,6214,0.00030350,0.00000000,0,0.00000000,27619,27636,32,0.00174670
1773324288.64296889,0.03393354,6238,0.00047317,0.00000000,0,0.00000000,27636,27627,40,0.00088855
1773324288.74286771,0.02671157,6244,0.00051135,0.00000000,0,0.00000000,27627,27587,31,0.00162062
1773324288.84292197,0.03270941,6261,0.00055311,0.00000000,0,0.00000000,27587,27593,33,0.00182943
1773324288.94276500,0.03309308,6259,0.00040672,0.00000000,0,0.00000000,27593,27607,30,0.00295602
1773324289.04276204,0.02670190,6226,0.00057159,0.00000000,0,0.00000000,27607,27619,38,0.00278339
1773324289.14271498,0.01400914,6300,0.00011752,0.00000000,0,0.00000000,27619,27624,36,0.00152232
1773324289.24267197,0.03296287,6266,0.00034976,0.00000000,0,0.00000000,27624,27637,28,0.00200046
1773324289.34152198,0.02645154,6322,0.00051712,0.00000000,0,0.00000000,27637,27653,36,0.00252532
1773324289.44263434,0.02592762,6272,0.00015763,0.00000000,0,0.00000000,27653,27644,37,0.00185476
1773324289.54269338,0.02873553,6303,0.00014765,0.00000000,0,0.00000000,27644,27664,36,0.00082335
1773324289.64265776,0.03357008,6317,0.00032077,0.00000000,0,0.00000000,27664,27681,28,0.00270083
1773324289.74265265,0.03167414,6294,0.00029425,0.00000000,0,0.00000000,27681,27689,42,0.00252411
1773324289.84251904,0.03266504,6313,0.00029632,0.00000000,0,0.00000000,27689,27672,44,0.00221347
1773324289.94248700,0.03568027,6319,0.00019000,0.00000000,0,0.00000000,27672,27676,32,0.00243240
1773324290.04247808,0.03183131,6322,0.00015821,0.00000000,0,0.00000000,27676,27661,37,0.00251194
1773324290.14243555,0.01754497,6323,0.00013865,0.00000000,0,0.00000000,27661,27659,31,0.00084320
1773324290.24239564,0.03033869,6342,0.00030775,0.00000000,0,0.00000000,27659,27680,29,0.00088479
1773324290.34236932,0.01781789,6338,0.00041421,0.00000000,0,0.00000000,27680,27692,32,0.00086510
1773324290.44229245,0.03043466,6306,0.00053798,0.00000000,0,0.00000000,27692,27691,40,0.00194744
1773324290.54226589,0.03090547,6305,0.00041255,0.00000000,0,0.00000000,27691,27702,35,0.00083130
1773324290.64215112,0.03176915,6345,0.00057563,0.00000000,0,0.00000000,27702,27680,37,0.00119703
1773324290.74207735,0.03081068,6363,0.00041913,0.00000000,0,0.00000000,27680,27689,42,0.00162653
1773324290.84218740,0.03405722,6319,0.00055591,0.00000000,0,0.00000000,27689,27690,38,0.00193076
1773324290.94202971,0.02788902,6323,0.00043856,0.00000000,0,0.00000000,27690,27700,37,0.00206143
1773324291.04189014,0.02850702,6328,0.00044137,0.00000000,0,0.00000000,27700,27718,30,0.00258449
1773324291.14191294,0.02879711,6338,0.00020598,0.00000000,0,0.00000000,27718,27738,38,0.00079024
1773324291.24184322,0.03104931,6334,0.00061493,0.00000000,0,0.00000000,27738,27737,42,0.00085420
1773324291.34183335,0.01641585,6320,0.00012043,0.00000000,0,0.00000000,27737,27744,31,0.00196473
1773324291.44175053,0.02228199,6329,0.00046296,0.00000000,0,0.00000000,27744,27756,42,0.00076062
1773324291.54176211,0.03014291,6348,0.00066542,0.00000000,0,0.00000000,27756,27732,52,0.00176169
1773324291.64184809,0.03316131,6321,0.00060148,0.00000000,0,0.00000000,27732,27727,43,0.00179746
1773324291.74170446,0.02587534,6318,0.00075254,0.00000000,0,0.00000000,27727,27682,41,0.00177438
1773324291.84161425,0.03459453,6319,0.00024551,0.00000000,0,0.00000000,27682,27702,34,0.00242361
1773324291.94165087,0.03150120,6304,0.00057433,0.00000000,0,0.00000000,27702,27709,38,0.00301331
1773324292.04167771,0.03468151,6309,0.00045652,0.00000000,0,0.00000000,27709,27716,44,0.00081170
1773324292.14162993,0.03247139,6326,0.00083505,0.00000000,0,0.00000000,27716,27616,38,0.00222724
1773324292.24175453,0.03161797,6290,0.00039941,0.00000000,0,0.00000000,27616,27629,29,0.00238359
1773324292.34171605,0.02471279,6274,0.00013806,0.00000000,0,0.00000000,27629,27640,28,0.00295006
1773324292.44165635,0.02989306,6301,0.00036989,0.00000000,0,0.00000000,27640,27650,35,0.00119010
1773324292.54167151,0.03316838,6261,0.00056668,0.00000000,0,0.00000000,27650,27647,32,0.00164349
1773324292.64162540,0.03227089,6276,0.00016313,0.00000000,0,0.00000000,27647,27654,32,0.00246278
1773324292.74168777,0.03054318,6276,0.00037853,0.00000000,0,0.00000000,27654,27675,39,0.00297518
1773324292.84191632,0.02078978,6218,0.00028263,0.00000000,0,0.00000000,27675,27690,31,0.00194178
1773324292.94289756,0.02747079,6205,0.00054123,0.00000000,0,0.00000000,27690,27682,37,0.00174872
1773324293.04289007,0.02079677,6207,0.00012687,0.00000000,0,0.00000000,27682,27695,26,0.00197662
1773324293.14289713,0.02758081,6204,0.00037257,0.00000000,0,0.00000000,27695,27678,40,0.00186806
1773324293.24287224,0.02822336,6170,0.00015819,0.00000000,0,0.00000000,27678,27694,34,0.00210394
1773324293.34266543,0.03150893,6240,0.00012990,0.00000000,0,0.00000000,27694,27705,33,0.00141864
1773324293.44285822,0.03062373,6207,0.00016467,0.00000000,0,0.00000000,27705,27718,39,0.00314965
1773324293.54273081,0.02634753,6274,0.00039029,0.00000000,0,0.00000000,27718,27723,40,0.00315976
1773324293.64291143,0.03154314,6213,0.00044921,0.00000000,0,0.00000000,27723,27727,38,0.00180157
1773324293.74283552,0.03036314,6226,0.00017271,0.00000000,0,0.00000000,27727,27723,32,0.00080897
1773324293.84274101,0.03036215,6207,0.00054420,0.00000000,0,0.00000000,27723,27712,37,0.00195620
1773324293.94274759,0.02473691,6198,0.00011305,0.00000000,0,0.00000000,27712,27731,37,0.00203081
1773324294.04272366,0.03116959,6222,0.00027779,0.00000000,0,0.00000000,27731,27746,41,0.00230634
1773324294.14256787,0.02204314,6207,0.00047529,0.00000000,0,0.00000000,27746,27727,32,0.00315471
1773324294.24261761,0.03100627,6181,0.00045034,0.00000000,0,0.00000000,27727,27744,33,0.00306938
1773324294.34240794,0.03298840,6205,0.00061643,0.00000000,0,0.00000000,27744,27764,54,0.00221213
1773324294.44252086,0.02846672,6212,0.00033670,0.00000000,0,0.00000000,27764,27771,31,0.00437089
1773324294.54163432,0.03143458,6214,0.00047333,0.00000000,0,0.00000000,27771,27747,29,0.00121624
1773324294.64236450,0.03252012,6249,0.00053323,0.00000000,0,0.00000000,27747,27764,40,0.00321426
1773324294.74238944,0.02965864,6188,0.00072405,0.00000000,0,0.00000000,27764,27761,47,0.00222944
1773324294.84234357,0.02904078,6258,0.00070969,0.00000000,0,0.00000000,27761,27761,51,0.00345135
1773324294.94237113,0.03661301,6238,0.00073283,0.00000000,0,0.00000000,27761,27767,55,0.00194132
1773324295.04234028,0.02804220,6223,0.00049041,0.00000000,0,0.00000000,27767,27763,43,0.00124155
1773324295.14228606,0.01860480,6261,0.00013917,0.00000000,0,0.00000000,27763,27769,37,0.00311160
1773324295.24232745,0.02744262,6189,0.00033832,0.00000000,0,0.00000000,27769,27775,32,0.00295840
1773324295.34224749,0.03142798,6237,0.00022760,0.00000000,0,0.00000000,27775,27786,24,0.00361526
1773324295.44218040,0.03140343,6218,0.00014697,0.00000000,0,0.00000000,27786,27805,36,0.00256639
1773324295.54214430,0.03336439,6204,0.00043934,0.00000000,0,0.00000000,27805,27796,34,0.00091224
1773324295.64247036,0.03331146,6234,0.00037034,0.00000000,0,0.00000000,27796,27805,34,0.00210191
1773324295.74212265,0.03356706,6231,0.00039637,0.00000000,0,0.00000000,27805,27776,26,0.00305576
1773324295.84216881,0.03351325,6202,0.00031711,0.00000000,0,0.00000000,27776,27766,28,0.00247425
1773324295.94211197,0.02924038,6215,0.00010077,0.00000000,0,0.00000000,27766,27787,30,0.00135564
1773324296.04202151,0.02552088,6235,0.00020628,0.00000000,0,0.00000000,27787,27800,24,0.00226720
1773324296.14212322,0.01853806,6245,0.00014512,0.00000000,0,0.00000000,27800,27813,38,0.00108223
1773324296.24185586,0.03549089,6230,0.00056865,0.00000000,0,0.00000000,27813,27792,42,0.00255663
1773324296.34190178,0.03329913,6240,0.00042684,0.00000000,0,0.00000000,27792,27804,36,0.00262887
1773324296.44186544,0.03631412,6245,0.00057048,0.00000000,0,0.00000000,27804,27760,38,0.00459335
1773324296.54189229,0.02894600,6257,0.00043375,0.00000000,0,0.00000000,27760,27757,32,0.00164336
1773324296.64184904,0.03429853,6278,0.00044997,0.00000000,0,0.00000000,27757,27771,34,0.00231137
1773324296.74180722,0.03346324,6263,0.00047416,0.00000000,0,0.00000000,27771,27766,31,0.00216158
1773324296.84182072,0.03492612,6253,0.00018563,0.00000000,0,0.00000000,27766,27789,36,0.00092178
1773324296.94180155,0.02950491,6277,0.00043028,0.00000000,0,0.00000000,27789,27782,34,0.00237864
1773324297.04172182,0.03958670,6274,0.00037274,0.00000000,0,0.00000000,27782,27788,28,0.00316336
1773324297.14171243,0.01858411,6247,0.00018140,0.00000000,0,0.00000000,27788,27800,44,0.00411152
1773324297.24159789,0.02966101,6308,0.00023436,0.00000000,0,0.00000000,27800,27782,47,0.00327602
1773324297.34285164,0.03463939,6242,0.00052637,0.00000000,0,0.00000000,27782,27774,39,0.00308996
1773324297.44152164,0.03147752,6267,0.00048035,0.00000000,0,0.00000000,27774,27786,43,0.00351001
1773324297.54158664,0.03265097,6281,0.00064026,0.00000000,0,0.00000000,27786,27803,51,0.00088849
1773324297.64152455,0.03121228,6292,0.00033021,0.00000000,0,0.00000000,27803,27820,54,0.00095955
1773324297.74152851,0.02624906,6309,0.00047850,0.00000000,0,0.00000000,27820,27837,43,0.00135977
1773324297.84163117,0.03102509,6284,0.00054987,0.00000000,0,0.00000000,27837,27849,45,0.00245753
1773324297.94165730,0.02379870,6246,0.00046157,0.00000000,0,0.00000000,27849,27863,48,0.00282952
1773324298.04164410,0.01915388,6265,0.00048094,0.00000000,0,0.00000000,27863,27870,41,0.00162665
1773324298.14166665,0.01612351,6282,0.00013224,0.00000000,0,0.00000000,27870,27887,37,0.00162441
1773324298.24165320,0.02992707,6256,0.00042338,0.00000000,0,0.00000000,27887,27910,44,0.00242462
1773324298.34165859,0.03576455,6287,0.00062534,0.00000000,0,0.00000000,27910,27921,49,0.00283309
1773324298.44167471,0.03418637,6265,0.00027618,0.00000000,0,0.00000000,27921,27932,58,0.00156840
1773324298.54169250,0.02508257,6296,0.00035112,0.00000000,0,0.00000000,27932,27936,38,0.00088608
1773324298.64166045,0.02904556,6290,0.00040288,0.00000000,0,0.00000000,27936,27953,46,0.00220578
1773324298.74165368,0.03219769,6274,0.00023945,0.00000000,0,0.00000000,27953,27981,43,0.00303620
1773324298.84388041,0.03316303,6271,0.00028733,0.00000000,0,0.00000000,27981,27989,54,0.00148034
1773324298.94159627,0.03613329,6327,0.00075169,0.00000000,0,0.00000000,27989,27974,69,0.00134898
1773324299.04284859,0.02746568,6279,0.00055723,0.00000000,0,0.00000000,27974,27976,47,0.00297227
1773324299.14184713,0.01629691,6306,0.00025727,0.00000000,0,0.00000000,27976,27999,61,0.00109894
1773324299.24177742,0.03196735,6267,0.00021983,0.00000000,0,0.00000000,27999,28028,45,0.00101200
1773324299.34181213,0.02940890,6303,0.00043089,0.00000000,0,0.00000000,28028,28049,45,0.00090973
1773324299.44181013,0.02958369,6319,0.00065150,0.00000000,0,0.00000000,28049,28065,59,0.00191117
1773324299.54284143,0.02718039,6325,0.00051673,0.00000000,0,0.00000000,28065,28052,42,0.00098166
1773324299.64274597,0.03489860,6293,0.00094117,0.00000000,0,0.00000000,28052,28054,51,0.00118790
1773324299.74274707,0.03410757,6312,0.00072246,0.00000000,0,0.00000000,28054,28058,49,0.00116883
1773324299.84275723,0.02137400,6298,0.00031900,0.00000000,0,0.00000000,28058,28058,56,0.00138882
1773324299.94283605,0.02483980,6310,0.00047440,0.00000000,0,0.00000000,28058,28046,44,0.00332741
1773324300.04291487,0.02804449,6331,0.00052313,0.00000000,0,0.00000000,28046,28069,54,0.00344505
1773324300.14270711,0.02068325,6328,0.00057596,0.00000000,0,0.00000000,28069,28073,52,0.00353738
1773324300.24280047,0.03012369,6309,0.00029530,0.00000000,0,0.00000000,28073,28082,48,0.00362172
1773324300.34275079,0.03338669,6335,0.00074023,0.00000000,0,0.00000000,28082,28059,50,0.00290963
1773324300.44272351,0.03555143,6303,0.00027175,0.00000000,0,0.00000000,28059,28026,44,0.00108653
1773324300.54271340,0.03676188,6297,0.00019552,0.00000000,0,0.00000000,28026,28050,44,0.00159057
1773324300.64272022,0.08337882,6343,0.00432239,0.00000000,0,0.00000000,28050,28061,31,0.00190305
1773324300.74266934,0.05123024,6334,0.00032357,0.00000000,0,0.00000000,28061,28046,44,0.00282842
1773324300.84270549,0.03218073,6291,0.00053679,0.00000000,0,0.00000000,28046,28043,36,0.00285447
1773324300.94246340,0.02581092,6326,0.00036525,0.00000000,0,0.00000000,28043,28054,36,0.00168104
1773324301.04302764,0.03232395,6357,0.00036655,0.00000000,0,0.00000000,28054,28084,51,0.00098636
1773324301.14240718,0.02938548,6305,0.00065041,0.00000000,0,0.00000000,28084,28079,55,0.00474676
1773324301.24243569,0.02820120,6324,0.00055827,0.00000000,0,0.00000000,28079,28100,37,0.00130464
1773324301.34269619,0.03154718,6273,0.00046218,0.00000000,0,0.00000000,28100,28122,50,0.00271346
1773324301.44253492,0.04022490,6328,0.00030942,0.00000000,0,0.00000000,28122,28104,39,0.00089802
1773324301.54256129,0.03413912,6308,0.00056291,0.00000000,0,0.00000000,28104,28097,42,0.00092516
1773324301.64266419,0.04373857,6276,0.00169307,0.00000000,0,0.00000000,28097,28023,44,0.00218787
1773324301.74249196,0.03784725,6272,0.00042870,0.00000000,0,0.00000000,28023,28030,38,0.00220254
1773324301.84248877,0.03698316,6286,0.00017586,0.00000000,0,0.00000000,28030,28046,46,0.00098653
1773324301.94254684,0.03527697,6254,0.00059080,0.00000000,0,0.00000000,28046,28015,37,0.00129039
1773324302.04242063,0.03489230,6280,0.00012918,0.00000000,0,0.00000000,28015,28021,32,0.00317320
1773324302.14253545,0.02253555,6269,0.00031523,0.00000000,0,0.00000000,28021,28023,32,0.00241523
1773324302.24242783,0.03076047,6257,0.00045663,0.00000000,0,0.00000000,28023,28016,51,0.00261698
1773324302.34236336,0.03369431,6271,0.00060982,0.00000000,0,0.00000000,28016,27982,37,0.00365618
1773324302.44235253,0.03659321,6272,0.00067162,0.00000000,0,0.00000000,27982,28004,53,0.00275703
1773324302.54240417,0.04390160,6241,0.00040041,0.00000000,0,0.00000000,28004,28009,30,0.00076558
1773324302.64240694,0.03368491,6246,0.00064067,0.00000000,0,0.00000000,28009,28033,46,0.00214336
1773324302.74238777,0.03384310,6281,0.00029820,0.00000000,0,0.00000000,28033,28045,45,0.00266001
1773324302.84239745,0.03271915,6218,0.00033101,0.00000000,0,0.00000000,28045,28021,46,0.00218894
1773324302.94227219,0.03749832,6249,0.00021581,0.00000000,0,0.00000000,28021,28041,42,0.00085975
1773324303.04221463,0.03314397,6243,0.00042057,0.00000000,0,0.00000000,28041,28039,29,0.00231197
1773324303.14229250,0.01868121,6090,0.00016416,0.00000000,0,0.00000000,28039,28050,39,0.00119022
1773324303.24045086,0.03223852,6309,0.00075355,0.00000000,0,0.00000000,28050,28028,41,0.00123176
1773324303.34222865,0.03042175,6225,0.00018853,0.00000000,0,0.00000000,28028,28001,44,0.00082692
1773324303.44219041,0.03110974,6208,0.00021266,0.00000000,0,0.00000000,28001,28018,51,0.00290043
1773324303.54232407,0.03386339,6221,0.00017310,0.00000000,0,0.00000000,28018,28026,33,0.00084980
1773324303.64238930,0.03592909,6179,0.00018530,0.00000000,0,0.00000000,28026,28035,37,0.00195600
1773324303.74208975,0.03149007,6206,0.00045206,0.00000000,0,0.00000000,28035,28036,37,0.00243371
1773324303.84215713,0.03291539,6218,0.00033614,0.00000000,0,0.00000000,28036,28046,29,0.00241947
1773324303.94221711,0.03105797,6178,0.00024702,0.00000000,0,0.00000000,28046,28043,27,0.00138226
1773324304.04208279,0.03241025,6156,0.00060936,0.00000000,0,0.00000000,28043,28064,49,0.00156722
1773324304.14233994,0.02687665,6184,0.00063746,0.00000000,0,0.00000000,28064,28032,33,0.00247343
1773324304.24196935,0.03686581,6173,0.00047035,0.00000000,0,0.00000000,28032,28044,37,0.00241399
1773324304.34197068,0.03501125,6206,0.00047226,0.00000000,0,0.00000000,28044,28039,39,0.00269682
1773324304.44201064,0.03676002,6194,0.00066975,0.00000000,0,0.00000000,28039,28037,33,0.00326365
1773324304.54206610,0.03244799,6218,0.00062185,0.00000000,0,0.00000000,28037,28000,34,0.00157906
1773324304.64200830,0.03593005,6195,0.00016523,0.00000000,0,0.00000000,28000,28005,31,0.00212817
1773324304.74200058,0.03123536,6192,0.00045694,0.00000000,0,0.00000000,28005,28009,36,0.00194722
1773324304.84205413,0.03426059,6163,0.00033086,0.00000000,0,0.00000000,28009,28017,31,0.00269332
1773324304.94191122,0.02930670,6212,0.00029248,0.00000000,0,0.00000000,28017,28029,28,0.00257684
1773324305.04189706,0.03398648,6227,0.00044510,0.00000000,0,0.00000000,28029,28036,57,0.00110497
1773324305.14216900,0.01511387,6122,0.00015533,0.00000000,0,0.00000000,28036,28054,40,0.00207634
1773324305.24187040,0.03229263,6205,0.00045697,0.00000000,0,0.00000000,28054,28066,47,0.00304360
1773324305.34201384,0.03745736,6173,0.00036507,0.00000000,0,0.00000000,28066,28060,26,0.00226937
1773324305.44196439,0.03520547,6190,0.00020304,0.00000000,0,0.00000000,28060,28071,38,0.00088138
1773324305.54202032,0.03402462,6167,0.00034382,0.00000000,0,0.00000000,28071,28091,52,0.00092924
1773324305.64178467,0.03935738,6198,0.00021968,0.00000000,0,0.00000000,28091,28103,36,0.00204054
1773324305.74179578,0.03416313,6174,0.00034957,0.00000000,0,0.00000000,28103,28122,28,0.00294349
1773324305.84180522,0.03765937,6150,0.00055014,0.00000000,0,0.00000000,28122,28130,49,0.00125234
1773324305.94181752,0.03929183,6193,0.00044142,0.00000000,0,0.00000000,28130,28137,41,0.00199757
1773324306.04183984,0.03455839,6160,0.00013710,0.00000000,0,0.00000000,28137,28144,29,0.00169077
1773324306.14185596,0.02460486,6166,0.00017015,0.00000000,0,0.00000000,28144,28158,31,0.00226438
1773324306.24172664,0.03495337,6154,0.00052565,0.00000000,0,0.00000000,28158,28166,43,0.00251624
1773324306.34174466,0.04180904,6160,0.00068162,0.00000000,0,0.00000000,28166,28159,47,0.00272865
1773324306.44184065,0.03731884,6171,0.00018607,0.00000000,0,0.00000000,28159,28171,48,0.00225310
1773324306.54166675,0.03636711,6186,0.00044116,0.00000000,0,0.00000000,28171,28180,49,0.00120383
1773324306.64167714,0.04085302,6194,0.00024861,0.00000000,0,0.00000000,28180,28158,54,0.00200947
1773324306.74169660,0.03760551,6157,0.00045225,0.00000000,0,0.00000000,28158,28149,39,0.00320960
1773324306.84169507,0.03735806,6123,0.00020545,0.00000000,0,0.00000000,28149,28162,30,0.00287222
1773324306.94161725,0.03223781,6162,0.00048647,0.00000000,0,0.00000000,28162,28154,32,0.00301781
1773324307.04163313,0.02102380,6144,0.00028350,0.00000000,0,0.00000000,28154,28172,41,0.00089298
1773324307.14170289,0.02543722,6132,0.00051019,0.00000000,0,0.00000000,28172,28171,48,0.00303564
1773324307.24165177,0.02827926,6161,0.00059493,0.00000000,0,0.00000000,28171,28183,48,0.00101878
1773324307.34162760,0.04187197,6122,0.00061560,0.00000000,0,0.00000000,28183,28161,36,0.00249446
1773324307.44163585,0.03223694,6149,0.00018539,0.00000000,0,0.00000000,28161,28165,46,0.00108473
1773324307.54166484,0.02836224,6141,0.00062556,0.00000000,0,0.00000000,28165,28173,46,0.00081844
1773324307.64168596,0.04083818,6150,0.00056393,0.00000000,0,0.00000000,28173,28150,47,0.00269669
1773324307.74173403,0.03575516,6131,0.00032681,0.00000000,0,0.00000000,28150,28170,34,0.00279369
1773324307.84168148,0.03756065,6124,0.00064135,0.00000000,0,0.00000000,28170,28168,51,0.00117890
1773324307.94161224,0.04025747,6139,0.00075400,0.00000000,0,0.00000000,28168,28173,48,0.00297557
1773324308.04165196,0.02957889,6089,0.00016954,0.00000000,0,0.00000000,28173,28175,40,0.00319503
1773324308.14170337,0.02327972,6119,0.00012467,0.00000000,0,0.00000000,28175,28196,44,0.00188837
1773324308.24174309,0.03897688,6066,0.00057603,0.00000000,0,0.00000000,28196,28183,36,0.00222633
1773324308.34161878,0.03704734,6115,0.00065040,0.00000000,0,0.00000000,28183,28171,56,0.00204767
1773324308.44165587,0.03348699,6131,0.00021111,0.00000000,0,0.00000000,28171,28170,59,0.00219368
1773324308.54272842,0.02741304,6148,0.00052290,0.00000000,0,0.00000000,28170,28196,56,0.00088347
1773324308.64171648,0.03865162,6137,0.00028932,0.00000000,0,0.00000000,28196,28216,58,0.00174540
1773324308.74156880,0.03027165,6126,0.00063185,0.00000000,0,0.00000000,28216,28209,52,0.00276602
1773324308.84163427,0.03370057,6117,0.00026883,0.00000000,0,0.00000000,28209,28220,70,0.00173236
1773324308.94171095,0.03690690,6148,0.00030673,0.00000000,0,0.00000000,28220,28224,73,0.00167172
1773324309.04177451,0.02450097,6079,0.00018642,0.00000000,0,0.00000000,28224,28246,59,0.00317170
1773324309.14161801,0.02034760,6106,0.00016362,0.00000000,0,0.00000000,28246,28260,52,0.00201792
1773324309.24167466,0.04209371,6077,0.00065862,0.00000000,0,0.00000000,28260,28261,51,0.00125133
1773324309.34161234,0.04458919,6125,0.00110719,0.00000000,0,0.00000000,28261,28234,80,0.00090779
1773324309.44161248,0.03570939,6057,0.00023242,0.00000000,0,0.00000000,28234,28257,45,0.00214254
1773324309.54147887,0.03770259,6132,0.00037751,0.00000000,0,0.00000000,28257,28272,75,0.00087093
1773324309.64164615,0.03724965,6128,0.00072772,0.00000000,0,0.00000000,28272,28271,65,0.00212548
1773324309.74170065,0.03409399,6082,0.00064401,0.00000000,0,0.00000000,28271,28284,69,0.00187905
1773324309.84161305,0.03809270,6112,0.00088345,0.00000000,0,0.00000000,28284,28246,67,0.00070778
1773324309.94208217,0.03485136,6105,0.00080972,0.00000000,0,0.00000000,28246,28283,79,0.00129710
1773324310.04211903,0.03014639,6072,0.00039769,0.00000000,0,0.00000000,28283,28300,67,0.00316048
1773324310.14160991,0.02273672,6110,0.00027657,0.00000000,0,0.00000000,28300,28320,78,0.00296495
1773324310.24171352,0.04241904,6140,0.00099422,0.00000000,0,0.00000000,28320,28299,70,0.00292077
1773324310.34199619,0.04464560,6020,0.00081947,0.00000000,0,0.00000000,28299,28313,60,0.00243164
1773324310.44145346,0.04332345,6149,0.00077722,0.00000000,0,0.00000000,28313,28340,71,0.00331195
1773324310.54161310,0.03858445,6113,0.00032896,0.00000000,0,0.00000000,28340,28360,68,0.00087350
1773324310.64199758,0.04424989,6117,0.00103106,0.00000000,0,0.00000000,28360,28379,85,0.00200958
1773324310.74202704,0.04429832,6046,0.00077296,0.00000000,0,0.00000000,28379,28381,61,0.00202749
1773324310.84213448,0.04272980,6055,0.00072601,0.00000000,0,0.00000000,28381,28412,69,0.00098785
1773324310.94160247,0.04347720,6106,0.00044014,0.00000000,0,0.00000000,28412,28414,77,0.00210288
1773324311.04200912,0.04487530,6127,0.00110271,0.00000000,0,0.00000000,28414,28424,80,0.00230601
1773324311.14210439,0.02562285,6096,0.00026759,0.00000000,0,0.00000000,28424,28448,71,0.00294224
1773324311.24161172,0.03746853,6088,0.00077633,0.00000000,0,0.00000000,28448,28438,61,0.00194647
1773324311.34205127,0.03888370,6159,0.00037810,0.00000000,0,0.00000000,28438,28450,64,0.00160600
1773324311.44203424,0.04486629,6118,0.00067051,0.00000000,0,0.00000000,28450,28455,72,0.00180324
1773324311.54206038,0.03822499,6108,0.00074975,0.00000000,0,0.00000000,28455,28459,67,0.00104156
1773324311.64160323,0.04487499,6098,0.00056783,0.00000000,0,0.00000000,28459,28499,91,0.00084508
1773324311.74170947,0.04792509,6118,0.00311925,0.00000000,0,0.00000000,28499,28250,89,0.00231757
1773324311.84201980,0.04774680,6137,0.00126005,0.00000000,0,0.00000000,28250,28245,78,0.00349099
1773324311.94162107,0.04414006,6112,0.00053318,0.00000000,0,0.00000000,28245,28282,76,0.00200493
1773324312.04189992,0.04090853,6100,0.00032356,0.00000000,0,0.00000000,28282,28309,83,0.00159696
1773324312.14248610,0.02450990,6071,0.00045562,0.00000000,0,0.00000000,28309,28231,70,0.00185797
1773324312.24198818,0.04729518,6057,0.00089935,0.00000000,0,0.00000000,28231,28255,73,0.00297388
1773324312.34160161,0.03382820,6101,0.00032731,0.00000000,0,0.00000000,28255,28276,83,0.00233705
1773324312.44195461,0.04142916,6105,0.00137907,0.00000000,0,0.00000000,28276,28278,100,0.00231999
1773324312.54190087,0.04394438,6090,0.00066355,0.00000000,0,0.00000000,28278,28320,74,0.00089279
1773324312.64223814,0.03577707,6068,0.00071165,0.00000000,0,0.00000000,28320,28340,71,0.00150048
1773324312.74192357,0.04298360,6126,0.00119875,0.00000000,0,0.00000000,28340,28357,87,0.00100567
1773324312.84193826,0.04447447,6076,0.00054303,0.00000000,0,0.00000000,28357,28374,75,0.00182486
1773324312.94187498,0.04299279,6125,0.00100602,0.00000000,0,0.00000000,28374,28405,97,0.00317465
1773324313.04194450,0.03205304,6150,0.00069768,0.00000000,0,0.00000000,28405,28436,86,0.00342001
1773324313.14197063,0.02133009,6119,0.00035146,0.00000000,0,0.00000000,28436,28468,102,0.00102421
1773324313.24199080,0.03597270,6123,0.00124804,0.00000000,0,0.00000000,28468,28475,92,0.00196100
1773324313.34191942,0.03292331,6150,0.00099847,0.00000000,0,0.00000000,28475,28503,82,0.00216690
1773324313.44188261,0.04150660,6105,0.00099449,0.00000000,0,0.00000000,28503,28486,79,0.00286233
1773324313.54186797,0.04046701,6134,0.00053719,0.00000000,0,0.00000000,28486,28534,82,0.00162601
1773324313.64196491,0.04074257,6123,0.00095455,0.00000000,0,0.00000000,28534,28559,78,0.00217715
1773324313.74290538,0.04305111,6054,0.00096801,0.00000000,0,0.00000000,28559,28547,83,0.00235546
1773324313.84144664,0.04288927,6078,0.00144599,0.00000000,0,0.00000000,28547,28542,94,0.00246701
1773324313.94185591,0.04347751,6099,0.00117812,0.00000000,0,0.00000000,28542,28392,82,0.00156408
1773324314.04208779,0.03899186,6090,0.00052966,0.00000000,0,0.00000000,28392,28371,82,0.00120029
1773324314.14201832,0.02587266,6081,0.00042677,0.00000000,0,0.00000000,28371,28393,80,0.00264748
1773324314.24196458,0.04147858,6069,0.00038995,0.00000000,0,0.00000000,28393,28418,83,0.00143571
1773324314.34184623,0.03396913,6083,0.00026303,0.00000000,0,0.00000000,28418,28458,72,0.00187712
1773324314.44293475,0.04063180,6104,0.00071940,0.00000000,0,0.00000000,28458,28496,92,0.00358902
1773324314.54309845,0.03958857,6045,0.00083794,0.00000000,0,0.00000000,28496,28526,73,0.00223397
1773324314.64188862,0.03896963,6072,0.00080937,0.00000000,0,0.00000000,28526,28551,74,0.00194043
1773324314.74192834,0.03540035,6037,0.00100232,0.00000000,0,0.00000000,28551,28573,98,0.00214896
1773324314.84178972,0.03032870,6056,0.00081652,0.00000000,0,0.00000000,28573,28594,65,0.00113030
1773324314.94191909,0.04606605,6092,0.00109175,0.00000000,0,0.00000000,28594,28625,81,0.00234148
1773324315.04296112,0.02971193,6031,0.00031063,0.00000000,0,0.00000000,28625,28639,60,0.00229291
1773324315.14200425,0.02135150,6060,0.00033206,0.00000000,0,0.00000000,28639,28650,74,0.00173539
1773324315.24193454,0.03685384,6012,0.00106929,0.00000000,0,0.00000000,28650,28675,78,0.00239318
1773324315.34129643,0.04655863,6098,0.00115620,0.00000000,0,0.00000000,28675,28648,104,0.00209195
1773324315.44192624,0.04416197,6127,0.00135801,0.00000000,0,0.00000000,28648,28632,84,0.00277554
1773324315.54290032,0.04243512,6107,0.00039968,0.00000000,0,0.00000000,28632,28675,90,0.00095640
1773324315.64285755,0.04739098,6132,0.00079638,0.00000000,0,0.00000000,28675,28682,83,0.00279054
1773324315.74294186,0.04654337,6099,0.00058029,0.00000000,0,0.00000000,28682,28693,74,0.00108891
1773324315.84194875,0.04755717,6110,0.00102158,0.00000000,0,0.00000000,28693,28722,84,0.00151438
1773324315.94286275,0.04336453,6113,0.00116828,0.00000000,0,0.00000000,28722,28740,83,0.00129307
1773324316.04293609,0.04493287,6082,0.00050779,0.00000000,0,0.00000000,28740,28751,72,0.00311886
1773324316.14184642,0.03059732,6119,0.00047224,0.00000000,0,0.00000000,28751,28774,76,0.00121376
1773324316.24187922,0.04531654,6096,0.00125623,0.00000000,0,0.00000000,28774,28792,75,0.00353315
1773324316.34291053,0.04198501,6126,0.00064587,0.00000000,0,0.00000000,28792,28836,97,0.00153207
1773324316.44293022,0.04461161,6095,0.00085457,0.00000000,0,0.00000000,28836,28837,69,0.00201906
1773324316.54281592,0.04165991,6116,0.00030180,0.00000000,0,0.00000000,28837,28868,79,0.00165506
1773324316.64287043,0.03717953,6070,0.00081022,0.00000000,0,0.00000000,28868,28892,78,0.00115314
1773324316.74291778,0.03866417,6128,0.00068968,0.00000000,0,0.00000000,28892,28881,82,0.00299001
1773324316.84291267,0.04269050,6164,0.00030824,0.00000000,0,0.00000000,28881,28910,72,0.00287858
1773324316.94294500,0.04436614,6101,0.00090968,0.00000000,0,0.00000000,28910,28932,79,0.00140763
1773324317.04185343,0.04397325,6136,0.00078321,0.00000000,0,0.00000000,28932,28956,88,0.00250096
1773324317.14289641,0.03029313,6140,0.00054737,0.00000000,0,0.00000000,28956,28954,84,0.00212917
1773324317.24297285,0.03913372,6133,0.00087409,0.00000000,0,0.00000000,28954,28994,90,0.00165553
1773324317.34299541,0.03792580,6133,0.00056191,0.00000000,0,0.00000000,28994,28986,83,0.00231429
1773324317.44187784,0.04102297,6180,0.00031695,0.00000000,0,0.00000000,28986,28986,71,0.00229708
1773324317.54290462,0.04227353,6135,0.00037291,0.00000000,0,0.00000000,28986,28989,65,0.00149840
1773324317.64184546,0.03329207,6140,0.00083459,0.00000000,0,0.00000000,28989,28991,95,0.00284376
1773324317.74182963,0.04003701,6120,0.00041973,0.00000000,0,0.00000000,28991,29028,79,0.00180892
1773324317.84196949,0.03320366,6094,0.00093801,0.00000000,0,0.00000000,29028,29016,68,0.00092134
1773324317.94290090,0.04378557,6121,0.00117886,0.00000000,0,0.00000000,29016,29052,100,0.00244074
1773324318.04196167,0.02826514,6142,0.00040663,0.00000000,0,0.00000000,29052,29041,80,0.00220920
1773324318.14285469,0.02409816,6108,0.00066137,0.00000000,0,0.00000000,29041,28920,84,0.00271033
1773324318.24198675,0.03895443,6115,0.00091193,0.00000000,0,0.00000000,28920,28936,78,0.00277233
1773324318.34187651,0.03893260,6132,0.00033322,0.00000000,0,0.00000000,28936,28950,60,0.00175697
1773324318.44185352,0.04318175,6148,0.00120119,0.00000000,0,0.00000000,28950,28967,88,0.00282229
1773324318.54291892,0.04219543,6148,0.00110105,0.00000000,0,0.00000000,28967,28959,81,0.00084804
1773324318.64293480,0.04535311,6127,0.00101949,0.00000000,0,0.00000000,28959,29013,92,0.00162833
1773324318.74190044,0.03984308,6152,0.00103378,0.00000000,0,0.00000000,29013,29027,107,0.00111932
1773324318.84186888,0.04052552,6127,0.00081995,0.00000000,0,0.00000000,29027,29042,88,0.00167494
1773324318.94288898,0.03810148,6143,0.00075134,0.00000000,0,0.00000000,29042,29069,73,0.00201361
1773324319.04287338,0.04346402,6107,0.00039478,0.00000000,0,0.00000000,29069,29099,82,0.00277582
1773324319.14186263,0.02504211,6103,0.00032581,0.00000000,0,0.00000000,29099,29098,79,0.00191646
1773324319.24292278,0.04400013,6113,0.00111780,0.00000000,0,0.00000000,29098,29093,80,0.00169425
1773324319.34187698,0.04800628,6146,0.00104027,0.00000000,0,0.00000000,29093,29106,78,0.00188970
1773324319.44195437,0.04355254,6126,0.00045143,0.00000000,0,0.00000000,29106,29120,76,0.00356481
1773324319.54188466,0.04435324,6142,0.00111874,0.00000000,0,0.00000000,29120,29089,78,0.00078506
1773324319.64190197,0.04435210,6163,0.00093874,0.00000000,0,0.00000000,29089,29123,84,0.00274748
1773324319.74189115,0.04123592,6127,0.00040774,0.00000000,0,0.00000000,29123,29090,76,0.00083984
1773324319.84196234,0.04229388,6119,0.00079177,0.00000000,0,0.00000000,29090,29107,66,0.00130630
1773324319.94194484,0.04069199,6135,0.00117650,0.00000000,0,0.00000000,29107,29127,82,0.00242666
1773324320.04206014,0.04252161,6143,0.00103154,0.00000000,0,0.00000000,29127,29166,84,0.00194451
1773324320.14195800,0.02567101,6153,0.00038299,0.00000000,0,0.00000000,29166,29172,69,0.00085442
1773324320.24203062,0.03865423,6108,0.00076864,0.00000000,0,0.00000000,29172,29197,72,0.00250537
1773324320.34196901,0.03947966,6144,0.00073333,0.00000000,0,0.00000000,29197,29223,65,0.00180470
1773324320.44188905,0.02791697,6126,0.00069139,0.00000000,0,0.00000000,29223,29250,67,0.00231687
1773324320.54293442,0.03408163,6135,0.00027536,0.00000000,0,0.00000000,29250,29292,71,0.00154137
1773324320.64202785,0.03926459,6146,0.00098996,0.00000000,0,0.00000000,29292,29323,72,0.00201384
1773324320.74155116,0.04511174,6125,0.00042622,0.00000000,0,0.00000000,29323,29326,72,0.00135221
1773324320.84197617,0.05598425,6105,0.00104138,0.00000000,0,0.00000000,29326,29293,62,0.00173311
1773324320.94162607,0.04287947,6158,0.00079705,0.00000000,0,0.00000000,29293,29307,52,0.00238475
1773324321.04197621,0.04068680,6147,0.00096628,0.00000000,0,0.00000000,29307,29309,77,0.00222024
1773324321.14193559,0.02745673,6154,0.00042249,0.00000000,0,0.00000000,29309,29320,74,0.00116273
1773324321.24195051,0.04356079,6135,0.00082159,0.00000000,0,0.00000000,29320,29333,73,0.00304695
1773324321.34192443,0.03845899,6146,0.00087109,0.00000000,0,0.00000000,29333,29342,70,0.00211101
1773324321.44196129,0.03986442,6197,0.00040161,0.00000000,0,0.00000000,29342,29357,82,0.00263467
1773324321.54193974,0.03846210,6167,0.00124252,0.00000000,0,0.00000000,29357,29358,92,0.00084393
1773324321.64199615,0.03773988,6114,0.00051249,0.00000000,0,0.00000000,29358,29355,69,0.00232717
1773324321.74189568,0.04258593,6189,0.00085879,0.00000000,0,0.00000000,29355,29352,66,0.00298923
1773324321.84204435,0.04101221,6138,0.00127000,0.00000000,0,0.00000000,29352,29354,87,0.00079109
1773324321.94193983,0.03956437,6139,0.00050040,0.00000000,0,0.00000000,29354,29368,79,0.00312766
1773324322.04237771,0.03700761,6151,0.00079204,0.00000000,0,0.00000000,29368,29382,65,0.00290332
1773324322.14200592,0.02268936,6104,0.00031436,0.00000000,0,0.00000000,29382,29374,60,0.00202232
1773324322.24157071,0.03768145,6173,0.00041734,0.00000000,0,0.00000000,29374,29330,63,0.00196995
1773324322.34163356,0.02844319,6128,0.00073894,0.00000000,0,0.00000000,29330,29309,53,0.00089297
1773324322.44193077,0.03693201,6156,0.00047833,0.00000000,0,0.00000000,29309,29339,48,0.00179404
1773324322.54207420,0.03664093,6134,0.00046876,0.00000000,0,0.00000000,29339,29359,48,0.00087139
1773324322.64209199,0.03759244,6092,0.00091154,0.00000000,0,0.00000000,29359,29376,67,0.00123380
1773324322.74203444,0.03038468,6113,0.00021984,0.00000000,0,0.00000000,29376,29410,56,0.00292443
1773324322.84153748,0.04084480,6126,0.00026159,0.00000000,0,0.00000000,29410,29430,58,0.00190594
1773324322.94164991,0.02884351,6123,0.00070738,0.00000000,0,0.00000000,29430,29421,55,0.00172568
1773324323.04164219,0.04167355,6100,0.00087013,0.00000000,0,0.00000000,29421,29418,55,0.00208933
1773324323.14169621,0.02412586,6141,0.00024778,0.00000000,0,0.00000000,29418,29442,57,0.00210295
1773324323.24201393,0.03324492,6132,0.00059231,0.00000000,0,0.00000000,29442,29458,49,0.00149622
1773324323.34201789,0.03873236,6132,0.00028797,0.00000000,0,0.00000000,29458,29452,48,0.00204829
1773324323.44207764,0.03637399,6092,0.00084923,0.00000000,0,0.00000000,29452,29432,53,0.00259268
1773324323.54161048,0.03849635,6144,0.00086209,0.00000000,0,0.00000000,29432,29441,39,0.00171321
1773324323.64159513,0.03084416,6121,0.00082864,0.00000000,0,0.00000000,29441,29444,46,0.00302292
1773324323.74163222,0.03559210,6143,0.00058396,0.00000000,0,0.00000000,29444,29465,46,0.00123904
1773324323.84168339,0.02975068,6141,0.00052600,0.00000000,0,0.00000000,29465,29488,50,0.00293134
1773324323.94203043,0.03421570,6109,0.00077094,0.00000000,0,0.00000000,29488,29475,39,0.00173882
1773324324.04158640,0.03286322,6189,0.00069918,0.00000000,0,0.00000000,29475,29468,66,0.00199596
1773324324.14235520,0.01997263,6129,0.00017494,0.00000000,0,0.00000000,29468,29484,55,0.00110091
1773324324.24172878,0.03552362,6091,0.00080348,0.00000000,0,0.00000000,29484,29505,63,0.00227426
1773324324.34163833,0.04425022,6134,0.00055578,0.00000000,0,0.00000000,29505,29515,49,0.00210708
1773324324.44181585,0.03928592,6184,0.00057427,0.00000000,0,0.00000000,29515,29529,56,0.00312111
1773324324.54205942,0.03977386,6161,0.00069350,0.00000000,0,0.00000000,29529,29554,61,0.00084530
1773324324.64158773,0.04318928,6180,0.00162052,0.00000000,0,0.00000000,29554,29511,74,0.00281879
1773324324.74172211,0.03604956,6154,0.00014426,0.00000000,0,0.00000000,29511,29518,34,0.00161388
1773324324.84168291,0.03763370,6118,0.00024640,0.00000000,0,0.00000000,29518,29538,49,0.00189563
1773324324.94163442,0.03116537,6176,0.00078071,0.00000000,0,0.00000000,29538,29535,48,0.00172297
1773324325.04167461,0.02899147,6183,0.00068427,0.00000000,0,0.00000000,29535,29545,51,0.00158051
1773324325.14216995,0.02036749,6117,0.00018313,0.00000000,0,0.00000000,29545,29566,51,0.00237628
1773324325.24163747,0.04069691,6179,0.00077526,0.00000000,0,0.00000000,29566,29575,61,0.00080805
1773324325.34170413,0.03406258,6157,0.00059206,0.00000000,0,0.00000000,29575,29583,45,0.00223224
1773324325.44173169,0.03387414,6193,0.00048108,0.00000000,0,0.00000000,29583,29576,37,0.00145700
1773324325.54175997,0.03522557,6136,0.00071092,0.00000000,0,0.00000000,29576,29576,51,0.00095464
1773324325.64165545,0.03992663,6158,0.00068923,0.00000000,0,0.00000000,29576,29573,57,0.00260803
1773324325.74175715,0.04205135,6145,0.00059096,0.00000000,0,0.00000000,29573,29565,49,0.00291093
1773324325.84155107,0.03481284,6160,0.00050570,0.00000000,0,0.00000000,29565,29585,49,0.00210215
1773324325.94159532,0.04509504,6151,0.00071268,0.00000000,0,0.00000000,29585,29568,51,0.00303779
1773324326.04159212,0.04428843,6142,0.00067300,0.00000000,0,0.00000000,29568,29560,40,0.00324513
1773324326.14171076,0.02233686,6181,0.00020799,0.00000000,0,0.00000000,29560,29574,46,0.00315018
1773324326.24171233,0.02282355,6130,0.00026757,0.00000000,0,0.00000000,29574,29561,57,0.00214670
1773324326.34169984,0.03530862,6159,0.00022408,0.00000000,0,0.00000000,29561,29558,45,0.00089989
1773324326.44172406,0.02733457,6168,0.00044541,0.00000000,0,0.00000000,29558,29579,45,0.00302319
1773324326.54177690,0.04278324,6168,0.00059369,0.00000000,0,0.00000000,29579,29599,51,0.00131185
1773324326.64166403,0.03714972,6139,0.00075996,0.00000000,0,0.00000000,29599,29596,51,0.00163623
1773324326.74153185,0.03458208,6153,0.00029648,0.00000000,0,0.00000000,29596,29600,58,0.00087173
1773324326.84157777,0.04316337,6166,0.00082214,0.00000000,0,0.00000000,29600,29626,63,0.00179095
1773324326.94166708,0.04043737,6137,0.00090566,0.00000000,0,0.00000000,29626,29600,53,0.00097919
1773324327.04159617,0.04019680,6161,0.00028335,0.00000000,0,0.00000000,29600,29577,42,0.00221760
1773324327.14162064,0.01899446,6202,0.00019301,0.00000000,0,0.00000000,29577,29561,49,0.00081310
1773324327.24165225,0.04104704,6182,0.00067635,0.00000000,0,0.00000000,29561,29553,49,0.00225180
1773324327.34158659,0.03168657,6196,0.00014759,0.00000000,0,0.00000000,29553,29559,38,0.00084611
1773324327.44169021,0.03632374,6236,0.00064711,0.00000000,0,0.00000000,29559,29555,47,0.00171052
1773324327.54168677,0.03680308,6196,0.00070184,0.00000000,0,0.00000000,29555,29574,49,0.00153755
1773324327.64175367,0.03939416,6184,0.00030179,0.00000000,0,0.00000000,29574,29585,47,0.00182533
1773324327.74161434,0.03338235,6215,0.00047122,0.00000000,0,0.00000000,29585,29596,39,0.00184842
1773324327.84167051,0.03398051,6241,0.00032342,0.00000000,0,0.00000000,29596,29599,49,0.00230712
1773324327.94169855,0.03182591,6224,0.00032695,0.00000000,0,0.00000000,29599,29615,32,0.00210577
1773324328.04167700,0.02789659,6229,0.00063680,0.00000000,0,0.00000000,29615,29626,46,0.00122687
1773324328.14167237,0.02148182,6209,0.00020708,0.00000000,0,0.00000000,29626,29646,64,0.00266361
1773324328.24174023,0.02950944,6251,0.00018580,0.00000000,0,0.00000000,29646,29639,46,0.00115548
1773324328.34180379,0.03824501,6185,0.00090706,0.00000000,0,0.00000000,29639,29622,56,0.00326931
1773324328.44166946,0.03712134,6226,0.00063742,0.00000000,0,0.00000000,29622,29613,47,0.00208641
1773324328.54169774,0.03731973,6221,0.00023156,0.00000000,0,0.00000000,29613,29608,42,0.00099023
1773324328.64173174,0.03591271,6222,0.00051795,0.00000000,0,0.00000000,29608,29619,40,0.00189552
1773324328.74180913,0.03246533,6252,0.00014524,0.00000000,0,0.00000000,29619,29629,36,0.00170846
1773324328.84176612,0.03180481,6258,0.00041850,0.00000000,0,0.00000000,29629,29641,32,0.00234075
1773324328.94176579,0.03381841,6234,0.00037885,0.00000000,0,0.00000000,29641,29655,38,0.00112814
1773324329.04174709,0.02787034,6250,0.00023762,0.00000000,0,0.00000000,29655,29622,49,0.00218609
1773324329.14191818,0.01881869,6198,0.00018215,0.00000000,0,0.00000000,29622,29622,49,0.00195457
1773324329.24179602,0.03636601,6186,0.00020130,0.00000000,0,0.00000000,29622,29644,52,0.00253776
1773324329.34175515,0.03053338,6239,0.00052641,0.00000000,0,0.00000000,29644,29665,42,0.00211792
1773324329.44187450,0.03031080,6267,0.00058768,0.00000000,0,0.00000000,29665,29587,36,0.00240390
1773324329.54193330,0.03875269,6178,0.00058294,0.00000000,0,0.00000000,29587,29562,39,0.00089775
1773324329.64192390,0.02871836,6204,0.00055835,0.00000000,0,0.00000000,29562,29583,41,0.00175719
1773324329.74191046,0.06247324,6202,0.00027666,0.00000000,0,0.00000000,29583,29589,49,0.00219186
1773324329.84195375,0.05262177,6201,0.00090326,0.00000000,0,0.00000000,29589,29539,50,0.00290991
1773324329.94197321,0.03449595,6182,0.00049860,0.00000000,0,0.00000000,29539,29542,51,0.00088805
1773324330.04200792,0.02352300,6117,0.00028389,0.00000000,0,0.00000000,29542,29561,51,0.00225573
1773324330.14190626,0.01814954,6186,0.00020073,0.00000000,0,0.00000000,29561,29586,59,0.00341367
1773324330.24188662,0.03124253,6167,0.00073052,0.00000000,0,0.00000000,29586,29597,54,0.00430703
1773324330.34198689,0.03273509,6153,0.00045584,0.00000000,0,0.00000000,29597,29539,53,0.00200118
1773324330.44194841,0.03543139,6138,0.00062822,0.00000000,0,0.00000000,29539,29558,56,0.00088290
1773324330.54201174,0.02539548,6158,0.00044275,0.00000000,0,0.00000000,29558,29566,50,0.00190272
1773324330.64211702,0.03721954,6106,0.00040202,0.00000000,0,0.00000000,29566,29583,53,0.00300632
1773324330.74197817,0.04177791,6178,0.00076501,0.00000000,0,0.00000000,29583,29598,67,0.00293891
1773324330.84204674,0.04056305,6158,0.00078501,0.00000000,0,0.00000000,29598,29618,74,0.00158476
1773324330.94209385,0.03925025,6172,0.00089802,0.00000000,0,0.00000000,29618,29651,74,0.00214145
1773324331.04219198,0.05097941,6142,0.00047057,0.00000000,0,0.00000000,29651,29685,78,0.00250394
1773324331.14241457,0.02863943,6208,0.00026409,0.00000000,0,0.00000000,29685,29716,57,0.00372322
1773324331.24204493,0.02427255,6181,0.00043926,0.00000000,0,0.00000000,29716,29670,52,0.00250223
1773324331.34218287,0.03641221,6165,0.00061654,0.00000000,0,0.00000000,29670,29701,54,0.00300453
1773324331.44201279,0.03733468,6167,0.00032526,0.00000000,0,0.00000000,29701,29703,81,0.00299163
1773324331.54204035,0.02267576,6178,0.00049275,0.00000000,0,0.00000000,29703,29728,61,0.00245739
1773324331.64249110,0.03813835,6215,0.00069185,0.00000000,0,0.00000000,29728,29755,54,0.00164820
1773324331.74216366,0.03791441,6219,0.00074782,0.00000000,0,0.00000000,29755,29773,53,0.00298266
1773324331.84215713,0.03293086,6208,0.00036215,0.00000000,0,0.00000000,29773,29777,58,0.00115904
1773324331.94222307,0.03083664,6194,0.00053583,0.00000000,0,0.00000000,29777,29792,43,0.00240077
1773324332.04209352,0.03902945,6202,0.00055529,0.00000000,0,0.00000000,29792,29788,67,0.00252715
1773324332.14212990,0.03796426,6220,0.00082685,0.00000000,0,0.00000000,29788,29780,46,0.00319980
1773324332.24214792,0.01911102,6191,0.00014015,0.00000000,0,0.00000000,29780,29799,48,0.00311169
1773324332.34220600,0.01934355,6176,0.00022134,0.00000000,0,0.00000000,29799,29828,57,0.00218367
1773324332.44225073,0.01980304,6169,0.00021911,0.00000000,0,0.00000000,29828,29822,38,0.00252817
1773324332.54218173,0.02400091,6205,0.00022024,0.00000000,0,0.00000000,29822,29841,49,0.00243965
1773324332.64226174,0.02098387,6187,0.00079030,0.00000000,0,0.00000000,29841,29844,57,0.00162526
1773324332.74227023,0.03911185,6177,0.00057649,0.00000000,0,0.00000000,29844,29837,72,0.00175178
1773324332.84230781,0.03222882,6129,0.00068393,0.00000000,0,0.00000000,29837,29848,62,0.00082565
1773324332.94220829,0.03644894,6153,0.00037381,0.00000000,0,0.00000000,29848,29853,59,0.00079441
1773324333.04234767,0.03621390,6154,0.00018772,0.00000000,0,0.00000000,29853,29867,50,0.00083222
1773324333.14230680,0.02212348,6174,0.00024291,0.00000000,0,0.00000000,29867,29886,56,0.00124916
1773324333.24241781,0.03770422,6141,0.00072300,0.00000000,0,0.00000000,29886,29920,60,0.00319040
1773324333.34230542,0.04060622,6180,0.00054983,0.00000000,0,0.00000000,29920,29889,65,0.00118013
1773324333.44242334,0.03593972,6126,0.00077137,0.00000000,0,0.00000000,29889,29914,58,0.00265665
1773324333.54241896,0.03770064,6155,0.00037371,0.00000000,0,0.00000000,29914,29941,64,0.00082756
1773324333.64249444,0.03257724,6144,0.00065228,0.00000000,0,0.00000000,29941,29981,68,0.00296680
1773324333.74248457,0.02913586,6118,0.00090672,0.00000000,0,0.00000000,29981,30011,57,0.00173392
1773324333.84233427,0.03795337,6187,0.00081141,0.00000000,0,0.00000000,30011,30037,63,0.00279795
1773324333.94252396,0.03577228,6133,0.00049133,0.00000000,0,0.00000000,30037,29993,46,0.00161333
1773324334.04244685,0.03790871,6156,0.00032635,0.00000000,0,0.00000000,29993,29996,59,0.00173035
1773324334.14242411,0.02134819,6120,0.00032503,0.00000000,0,0.00000000,29996,29993,67,0.00200544
1773324334.24237370,0.03948343,6124,0.00036526,0.00000000,0,0.00000000,29993,29988,58,0.00266143
1773324334.34227943,0.03458027,6166,0.00061085,0.00000000,0,0.00000000,29988,29990,53,0.00102441
1773324334.44245315,0.03806624,6157,0.00041945,0.00000000,0,0.00000000,29990,29965,45,0.00160206
1773324334.54246068,0.03363455,6115,0.00058992,0.00000000,0,0.00000000,29965,29979,54,0.00075766
1773324334.64264226,0.03953726,6168,0.00065462,0.00000000,0,0.00000000,29979,29991,58,0.00132944
1773324334.74239564,0.03366806,6181,0.00061417,0.00000000,0,0.00000000,29991,30025,54,0.00203739
1773324334.84265089,0.03420306,6137,0.00026526,0.00000000,0,0.00000000,30025,30034,51,0.00279295
1773324334.94243741,0.02942703,6146,0.00074246,0.00000000,0,0.00000000,30034,29985,39,0.00189665
1773324335.04256988,0.03896024,6148,0.00021788,0.00000000,0,0.00000000,29985,29999,37,0.00223356
1773324335.14261794,0.02160840,6159,0.00024654,0.00000000,0,0.00000000,29999,30006,45,0.00213004
1773324335.24268055,0.03172007,6150,0.00048400,0.00000000,0,0.00000000,30006,30001,42,0.00300755
1773324335.34266210,0.03871231,6102,0.00109243,0.00000000,0,0.00000000,30001,29945,52,0.00216592
1773324335.44259620,0.02777243,6136,0.00065088,0.00000000,0,0.00000000,29945,29918,39,0.00266183
1773324335.54258299,0.02862411,6176,0.00053942,0.00000000,0,0.00000000,29918,29904,30,0.00082907
1773324335.64263773,0.03701573,6117,0.00047288,0.00000000,0,0.00000000,29904,29926,48,0.00202882
1773324335.74259496,0.03432307,6144,0.00063596,0.00000000,0,0.00000000,29926,29935,52,0.00160373
1773324335.84254885,0.04383341,6135,0.00025947,0.00000000,0,0.00000000,29935,29921,39,0.00305300
1773324335.94261646,0.03780111,6114,0.00072633,0.00000000,0,0.00000000,29921,29913,46,0.00147960
1773324336.04252386,0.04554616,6141,0.00019978,0.00000000,0,0.00000000,29913,29922,48,0.00305908
1773324336.14271188,0.02164842,6138,0.00020523,0.00000000,0,0.00000000,29922,29917,42,0.00245562
1773324336.24257708,0.03233111,6170,0.00052990,0.00000000,0,0.00000000,29917,29925,42,0.00097493
1773324336.34267378,0.04165296,6176,0.00072501,0.00000000,0,0.00000000,29925,29938,36,0.00309557
1773324336.44267344,0.03285827,6177,0.00017082,0.00000000,0,0.00000000,29938,29965,43,0.00327820
1773324336.54275846,0.03231192,6213,0.00042858,0.00000000,0,0.00000000,29965,29982,34,0.00084062
1773324336.64278507,0.03725452,6168,0.00028066,0.00000000,0,0.00000000,29982,29976,35,0.00374274
1773324336.74263144,0.02986844,6178,0.00056384,0.00000000,0,0.00000000,29976,29962,42,0.00275355
1773324336.84265471,0.03396166,6205,0.00023643,0.00000000,0,0.00000000,29962,29943,43,0.00264326
1773324336.94269848,0.03441688,6193,0.00043751,0.00000000,0,0.00000000,29943,29952,33,0.00253879
1773324337.04266238,0.02518037,6183,0.00052754,0.00000000,0,0.00000000,29952,29959,39,0.00117876
1773324337.14271307,0.02271110,6197,0.00016241,0.00000000,0,0.00000000,29959,29966,36,0.00321125
1773324337.24270892,0.03404328,6164,0.00020598,0.00000000,0,0.00000000,29966,29960,35,0.00128535
1773324337.34166193,0.03608105,6281,0.00045271,0.00000000,0,0.00000000,29960,29972,37,0.00275837
1773324337.44292736,0.03583880,6203,0.00054704,0.00000000,0,0.00000000,29972,29973,40,0.00090567
1773324337.54175282,0.03344444,6232,0.00021387,0.00000000,0,0.00000000,29973,29973,49,0.00158096
1773324337.64272714,0.03336536,6218,0.00050575,0.00000000,0,0.00000000,29973,29942,36,0.00328557
1773324337.74280095,0.03250345,6240,0.00009400,0.00000000,0,0.00000000,29942,29949,29,0.00302124
1773324337.84274006,0.02749230,6222,0.00051602,0.00000000,0,0.00000000,29949,29945,44,0.00190577
1773324337.94282198,0.03717217,6215,0.00079488,0.00000000,0,0.00000000,29945,29960,50,0.00081156
1773324338.04162741,0.03179359,6313,0.00019103,0.00000000,0,0.00000000,29960,29935,42,0.00177281
1773324338.14285016,0.01868907,6228,0.00009147,0.00000000,0,0.00000000,29935,29954,33,0.00311373
1773324338.24187112,0.03201787,6264,0.00029866,0.00000000,0,0.00000000,29954,29966,35,0.00168180
1773324338.34162760,0.02769604,6249,0.00042631,0.00000000,0,0.00000000,29966,29972,36,0.00291431
1773324338.44158673,0.03020769,6222,0.00012980,0.00000000,0,0.00000000,29972,29976,40,0.00163712
1773324338.54162073,0.02979589,6278,0.00041379,0.00000000,0,0.00000000,29976,29973,26,0.00083523
1773324338.64191937,0.03034014,6207,0.00015346,0.00000000,0,0.00000000,29973,29969,30,0.00078876
1773324338.74160075,0.03420854,6265,0.00038231,0.00000000,0,0.00000000,29969,29982,30,0.00225734
1773324338.84164453,0.02967336,6279,0.00021425,0.00000000,0,0.00000000,29982,29961,38,0.00169081
1773324338.94212508,0.03052354,6237,0.00038992,0.00000000,0,0.00000000,29961,29964,41,0.00224173
1773324339.04192257,0.02936461,6267,0.00054525,0.00000000,0,0.00000000,29964,29956,47,0.00179406
1773324339.14243102,0.01888896,6225,0.00019736,0.00000000,0,0.00000000,29956,29956,45,0.00259029
1773324339.24202085,0.03200394,6249,0.00068021,0.00000000,0,0.00000000,29956,29952,42,0.00248563
1773324339.34178233,0.03848936,6212,0.00022823,0.00000000,0,0.00000000,29952,29941,44,0.00233608
1773324339.44160891,0.02844352,6241,0.00035286,0.00000000,0,0.00000000,29941,29944,34,0.00210325
1773324339.54162502,0.02885605,6298,0.00009110,0.00000000,0,0.00000000,29944,29950,27,0.00080404
1773324339.64213395,0.03006989,6216,0.00054925,0.00000000,0,0.00000000,29950,29956,46,0.00241610
1773324339.74168992,0.03402504,6267,0.00022308,0.00000000,0,0.00000000,29956,29950,39,0.00089562
1773324339.84178376,0.03076657,6187,0.00059515,0.00000000,0,0.00000000,29950,29905,42,0.00216285
1773324339.94170570,0.03048473,6234,0.00039359,0.00000000,0,0.00000000,29905,29910,34,0.00268352
1773324340.04169917,0.03382216,6225,0.00047621,0.00000000,0,0.00000000,29910,29913,32,0.00169710
1773324340.14165449,0.01931309,6227,0.00013158,0.00000000,0,0.00000000,29913,29925,30,0.00171969
1773324340.24164510,0.03805732,6254,0.00049774,0.00000000,0,0.00000000,29925,29934,36,0.00282277
1773324340.34168577,0.03130438,6200,0.00009846,0.00000000,0,0.00000000,29934,29944,34,0.00254500
1773324340.44162107,0.01804430,6220,0.00010011,0.00000000,0,0.00000000,29944,29941,31,0.00264525
1773324340.54161954,0.03814023,6215,0.00024465,0.00000000,0,0.00000000,29941,29938,41,0.00077986
1773324340.64169550,0.03104592,6180,0.00037119,0.00000000,0,0.00000000,29938,29960,37,0.00174330
1773324340.74155402,0.03872454,6230,0.00014745,0.00000000,0,0.00000000,29960,29958,31,0.00169930
1773324340.84158850,0.03286849,6240,0.00038648,0.00000000,0,0.00000000,29958,29974,34,0.00298295
1773324340.94170547,0.03378795,6225,0.00043116,0.00000000,0,0.00000000,29974,29971,28,0.00164980
1773324341.04170799,0.03458888,6258,0.00066329,0.00000000,0,0.00000000,29971,29956,38,0.00205364
1773324341.14175224,0.03400562,6222,0.00013811,0.00000000,0,0.00000000,29956,29970,36,0.00082145
1773324341.24172831,0.01891442,6213,0.00012317,0.00000000,0,0.00000000,29970,29985,35,0.00202739
1773324341.34181595,0.03535302,6186,0.00017975,0.00000000,0,0.00000000,29985,29989,36,0.00227950
1773324341.44167066,0.02997492,6217,0.00041002,0.00000000,0,0.00000000,29989,30001,40,0.00206732
1773324341.54176426,0.03880888,6242,0.00019385,0.00000000,0,0.00000000,30001,30015,42,0.00190097
1773324341.64176154,0.03144511,6240,0.00032532,0.00000000,0,0.00000000,30015,30028,30,0.00084761
1773324341.74173594,0.03898716,6249,0.00049658,0.00000000,0,0.00000000,30028,30039,31,0.00243644
1773324341.84181976,0.03177769,6213,0.00015787,0.00000000,0,0.00000000,30039,30036,29,0.00198177
1773324341.94188333,0.02598243,6190,0.00058696,0.00000000,0,0.00000000,30036,30052,53,0.00082217
1773324342.04178882,0.03353907,6242,0.00049364,0.00000000,0,0.00000000,30052,30055,31,0.00261732
1773324342.14213538,0.01775289,6243,0.00017296,0.00000000,0,0.00000000,30055,30055,44,0.00296213
1773324342.24182582,0.03293238,6237,0.00046190,0.00000000,0,0.00000000,30055,30061,43,0.00271456
1773324342.34194040,0.03424804,6233,0.00062304,0.00000000,0,0.00000000,30061,30078,52,0.00185272
1773324342.44193172,0.03957547,6239,0.00014425,0.00000000,0,0.00000000,30078,30093,32,0.00342856
1773324342.54198384,0.03190010,6198,0.00072372,0.00000000,0,0.00000000,30093,30087,41,0.00076894
1773324342.64187646,0.03866260,6243,0.00024454,0.00000000,0,0.00000000,30087,30095,43,0.00085765
1773324342.74193335,0.02935105,6245,0.00071873,0.00000000,0,0.00000000,30095,30060,45,0.00187897
1773324342.84199119,0.03499338,6214,0.00025117,0.00000000,0,0.00000000,30060,30048,40,0.00149544
1773324342.94194078,0.02086174,6274,0.00049521,0.00000000,0,0.00000000,30048,30027,39,0.00177778
1773324343.04202008,0.03138524,6243,0.00035069,0.00000000,0,0.00000000,30027,30035,28,0.00258420
1773324343.14199352,0.02067430,6266,0.00019309,0.00000000,0,0.00000000,30035,30026,34,0.00175674
1773324343.24203539,0.03141056,6231,0.00013470,0.00000000,0,0.00000000,30026,30040,37,0.00086074
1773324343.34214377,0.03159682,6183,0.00058013,0.00000000,0,0.00000000,30040,30032,38,0.00177572
1773324343.44210696,0.03473917,6169,0.00029734,0.00000000,0,0.00000000,30032,30006,55,0.00485822
1773324343.54201388,0.02297359,6221,0.00040775,0.00000000,0,0.00000000,30006,30000,40,0.00085404
1773324343.64210582,0.03669356,6244,0.00056678,0.00000000,0,0.00000000,30000,30005,40,0.00176636
1773324343.74217701,0.03335879,6210,0.00042344,0.00000000,0,0.00000000,30005,30023,34,0.00231038
1773324343.84218645,0.03254042,6199,0.00009682,0.00000000,0,0.00000000,30023,30031,31,0.00172439
1773324343.94218445,0.03779311,6189,0.00061061,0.00000000,0,0.00000000,30031,30010,40,0.00232256
1773324344.04221368,0.04184109,6174,0.00056596,0.00000000,0,0.00000000,30010,30033,41,0.00276924
1773324344.14231348,0.01939671,6225,0.00013545,0.00000000,0,0.00000000,30033,30033,34,0.00289178
1773324344.24224401,0.01865162,6216,0.00013141,0.00000000,0,0.00000000,30033,30039,36,0.00274433
1773324344.34221864,0.03659708,6243,0.00018765,0.00000000,0,0.00000000,30039,30041,47,0.00298987
1773324344.44235849,0.03304862,6219,0.00038368,0.00000000,0,0.00000000,30041,30054,32,0.00220012
1773324344.54221320,0.03171369,6286,0.00045389,0.00000000,0,0.00000000,30054,30047,34,0.00085941
1773324344.64236355,0.03351376,6228,0.00032512,0.00000000,0,0.00000000,30047,30059,22,0.00078081
1773324344.74228573,0.03725723,6245,0.00038994,0.00000000,0,0.00000000,30059,30071,27,0.00169187
1773324344.84242082,0.03747679,6254,0.00022425,0.00000000,0,0.00000000,30071,30046,38,0.00170041
1773324344.94245672,0.03177331,6247,0.00037606,0.00000000,0,0.00000000,30046,30017,32,0.00255847
1773324345.04244947,0.02328200,6255,0.00038136,0.00000000,0,0.00000000,30017,30024,30,0.00090057
1773324345.14241767,0.01683532,6252,0.00008635,0.00000000,0,0.00000000,30024,30032,30,0.00176405
1773324345.24235749,0.03291341,6262,0.00042588,0.00000000,0,0.00000000,30032,30044,31,0.00094022
1773324345.34245729,0.03487996,6287,0.00052686,0.00000000,0,0.00000000,30044,30051,39,0.00309902
1773324345.44240594,0.02651203,6303,0.00053783,0.00000000,0,0.00000000,30051,30037,34,0.00347396
1773324345.54260325,0.03111446,6227,0.00041577,0.00000000,0,0.00000000,30037,30027,36,0.00076521
1773324345.64242339,0.02451852,6258,0.00029717,0.00000000,0,0.00000000,30027,30033,20,0.00300562
1773324345.74239779,0.03160042,6234,0.00046762,0.00000000,0,0.00000000,30033,30036,31,0.00185774
1773324345.84248233,0.03779784,6279,0.00037411,0.00000000,0,0.00000000,30036,30046,37,0.00238425
1773324345.94273663,0.03222520,6284,0.00038708,0.00000000,0,0.00000000,30046,30054,26,0.00088472
1773324346.04257417,0.02775474,6245,0.00048086,0.00000000,0,0.00000000,30054,30035,28,0.00216375
1773324346.14257789,0.02030912,6239,0.00015398,0.00000000,0,0.00000000,30035,30023,31,0.00153845
1773324346.24266315,0.03026484,6285,0.00012929,0.00000000,0,0.00000000,30023,30029,32,0.00275541
1773324346.34272861,0.02549015,6298,0.00046023,0.00000000,0,0.00000000,30029,30031,38,0.00215804
1773324346.44274068,0.03935752,6239,0.00023799,0.00000000,0,0.00000000,30031,30046,43,0.00254386
1773324346.54251099,0.02922707,6314,0.00032672,0.00000000,0,0.00000000,30046,30057,26,0.00168660
1773324346.64260888,0.03375157,6264,0.00064925,0.00000000,0,0.00000000,30057,30021,46,0.00321931
1773324346.74256110,0.02990878,6307,0.00014708,0.00000000,0,0.00000000,30021,30006,30,0.00327871
1773324346.84271407,0.03562725,6276,0.00030079,0.00000000,0,0.00000000,30006,30015,22,0.00133658
1773324346.94278979,0.02507456,6288,0.00044628,0.00000000,0,0.00000000,30015,29995,34,0.00257953
1773324347.04277420,0.02450820,6242,0.00015941,0.00000000,0,0.00000000,29995,30004,32,0.00137292
1773324347.14276576,0.01524105,6241,0.00019091,0.00000000,0,0.00000000,30004,30011,44,0.00172766
1773324347.24276066,0.02915426,6214,0.00011398,0.00000000,0,0.00000000,30011,30024,34,0.00217136
1773324347.34271955,0.02139237,6259,0.00034700,0.00000000,0,0.00000000,30024,30033,33,0.00165573
1773324347.44270158,0.03204972,6247,0.00036239,0.00000000,0,0.00000000,30033,30042,31,0.00363100
1773324347.54275894,0.02717506,6223,0.00028556,0.00000000,0,0.00000000,30042,30049,31,0.00079886
1773324347.64272809,0.02589701,6222,0.00020683,0.00000000,0,0.00000000,30049,30056,40,0.00242811
1773324347.74279332,0.02914440,6260,0.00046234,0.00000000,0,0.00000000,30056,30052,33,0.00180166
1773324347.84273696,0.02345380,6253,0.00016942,0.00000000,0,0.00000000,30052,30042,28,0.00324573
1773324347.94285297,0.03445639,6236,0.00015133,0.00000000,0,0.00000000,30042,30063,36,0.00253799
1773324348.04283619,0.02997698,6218,0.00013504,0.00000000,0,0.00000000,30063,30070,33,0.00212986
1773324348.14158201,0.01786404,6268,0.00030260,0.00000000,0,0.00000000,30070,30080,35,0.00179912
1773324348.24159384,0.02987244,6284,0.00067019,0.00000000,0,0.00000000,30080,30069,35,0.00280284
1773324348.34158492,0.02501499,6271,0.00027467,0.00000000,0,0.00000000,30069,30077,33,0.00136242
1773324348.44184375,0.03381321,6266,0.00015312,0.00000000,0,0.00000000,30077,30074,30,0.00160625
1773324348.54172611,0.02784944,6277,0.00046866,0.00000000,0,0.00000000,30074,30065,35,0.00079499
1773324348.64172745,0.03055495,6263,0.00018663,0.00000000,0,0.00000000,30065,30077,32,0.00149676
1773324348.74200010,0.02756492,6242,0.00013917,0.00000000,0,0.00000000,30077,30096,35,0.00178937
1773324348.84164286,0.03027519,6272,0.00057092,0.00000000,0,0.00000000,30096,30109,45,0.00121984
1773324348.94175315,0.02808834,6275,0.00011853,0.00000000,0,0.00000000,30109,30126,36,0.00180537
1773324349.04176164,0.02511075,6242,0.00019989,0.00000000,0,0.00000000,30126,30118,40,0.00171758
1773324349.14160085,0.01583283,6285,0.00012732,0.00000000,0,0.00000000,30118,30131,31,0.00076000
1773324349.24165225,0.03163873,6232,0.00044931,0.00000000,0,0.00000000,30131,30144,33,0.00163709
1773324349.34155822,0.03551936,6268,0.00022940,0.00000000,0,0.00000000,30144,30147,38,0.00284633
1773324349.44158792,0.02840812,6233,0.00035100,0.00000000,0,0.00000000,30147,30139,25,0.00357305
1773324349.54147530,0.03334744,6278,0.00025662,0.00000000,0,0.00000000,30139,30134,44,0.00092804
1773324349.64166975,0.02721019,6294,0.00051962,0.00000000,0,0.00000000,30134,30150,41,0.00103625
1773324349.74176812,0.02844288,6216,0.00056871,0.00000000,0,0.00000000,30150,30146,41,0.00092939
1773324349.84156847,0.02245789,6271,0.00055684,0.00000000,0,0.00000000,30146,30152,41,0.00201141
1773324349.94167471,0.02866673,6258,0.00033176,0.00000000,0,0.00000000,30152,30158,37,0.00141231
1773324350.04174709,0.03186727,6289,0.00022815,0.00000000,0,0.00000000,30158,30167,41,0.00182409
1773324350.14181399,0.01747313,6240,0.00013944,0.00000000,0,0.00000000,30167,30179,30,0.00183088
1773324350.24167347,0.02628218,6268,0.00043336,0.00000000,0,0.00000000,30179,30197,37,0.00351865
1773324350.34174800,0.02574251,6282,0.00025305,0.00000000,0,0.00000000,30197,30199,26,0.00296433
1773324350.44182730,0.02900681,6282,0.00035600,0.00000000,0,0.00000000,30199,30208,28,0.00199550
1773324350.54178071,0.01718665,6292,0.00048988,0.00000000,0,0.00000000,30208,30219,34,0.00078389
1773324350.64172983,0.02868264,6300,0.00014323,0.00000000,0,0.00000000,30219,30231,31,0.00085253
1773324350.74178672,0.02499346,6303,0.00022577,0.00000000,0,0.00000000,30231,30252,33,0.00177498
1773324350.84181762,0.02941476,6343,0.00012273,0.00000000,0,0.00000000,30252,30264,24,0.00107947
1773324350.94184732,0.03191686,6363,0.00035885,0.00000000,0,0.00000000,30264,30273,25,0.00171713
1773324351.04180622,0.02763470,6409,0.00021931,0.00000000,0,0.00000000,30273,30280,38,0.00165639
1773324351.14182210,0.01782125,6411,0.00020245,0.00000000,0,0.00000000,30280,30285,35,0.00141819
1773324351.24177361,0.02781541,6390,0.00058465,0.00000000,0,0.00000000,30285,30290,27,0.00087947
1773324351.34200859,0.03303992,6390,0.00059258,0.00000000,0,0.00000000,30290,30268,35,0.00288399
1773324351.44184566,0.02136845,6411,0.00039403,0.00000000,0,0.00000000,30268,30284,30,0.00251064
1773324351.54185653,0.02806542,6399,0.00015262,0.00000000,0,0.00000000,30284,30291,31,0.00085402
1773324351.64199519,0.03350076,6402,0.00062418,0.00000000,0,0.00000000,30291,30289,42,0.00269009
1773324351.74190044,0.02689959,6432,0.00062547,0.00000000,0,0.00000000,30289,30302,47,0.00107976
1773324351.84208035,0.02459455,6333,0.00013308,0.00000000,0,0.00000000,30302,30316,29,0.00169609
1773324351.94192600,0.02058150,6383,0.00046709,0.00000000,0,0.00000000,30316,30323,47,0.00196311
1773324352.04200411,0.02062239,6377,0.00042404,0.00000000,0,0.00000000,30323,30339,41,0.00090348
1773324352.14198351,0.01451451,6236,0.00013863,0.00000000,0,0.00000000,30339,30338,39,0.00292256
1773324352.23990798,0.02616906,6435,0.00013647,0.00000000,0,0.00000000,30338,30348,31,0.00300241
1773324352.34203672,0.02767514,6370,0.00023982,0.00000000,0,0.00000000,30348,30366,51,0.00081709
1773324352.44219375,0.02647224,6338,0.00045991,0.00000000,0,0.00000000,30366,30350,30,0.00088627
1773324352.54220772,0.02638095,6334,0.00050957,0.00000000,0,0.00000000,30350,30340,41,0.00074374
1773324352.64226985,0.02535519,6340,0.00047696,0.00000000,0,0.00000000,30340,30352,38,0.00216352
1773324352.74225783,0.02656936,6330,0.00041230,0.00000000,0,0.00000000,30352,30367,39,0.00164367
1773324352.84225249,0.02276477,6356,0.00022748,0.00000000,0,0.00000000,30367,30336,43,0.00154151
1773324352.94231486,0.02776711,6317,0.00042453,0.00000000,0,0.00000000,30336,30342,29,0.00270223
1773324353.04227734,0.02221210,6347,0.00047372,0.00000000,0,0.00000000,30342,30358,41,0.00180315
1773324353.14241385,0.01981526,6325,0.00016746,0.00000000,0,0.00000000,30358,30367,32,0.00084060
1773324353.24246645,0.01601024,6294,0.00043430,0.00000000,0,0.00000000,30367,30370,45,0.00207127
1773324353.34244990,0.02289481,6280,0.00036342,0.00000000,0,0.00000000,30370,30391,34,0.00119512
1773324353.44244027,0.02599803,6322,0.00011948,0.00000000,0,0.00000000,30391,30403,27,0.00235059
1773324353.54248166,0.02552527,6306,0.00049217,0.00000000,0,0.00000000,30403,30388,31,0.00288219
1773324353.64241052,0.02780054,6318,0.00046416,0.00000000,0,0.00000000,30388,30370,41,0.00077507
1773324353.74238920,0.02868514,6320,0.00036054,0.00000000,0,0.00000000,30370,30366,30,0.00295518
1773324353.84239388,0.02452163,6293,0.00048587,0.00000000,0,0.00000000,30366,30373,35,0.00196308
1773324353.94246173,0.02760551,6347,0.00035960,0.00000000,0,0.00000000,30373,30384,30,0.00173950
1773324354.04256368,0.02223905,6332,0.00027834,0.00000000,0,0.00000000,30384,30391,23,0.00205219
1773324354.14263344,0.01675412,6331,0.00010311,0.00000000,0,0.00000000,30391,30405,34,0.00111705
1773324354.24259400,0.02492642,6306,0.00013457,0.00000000,0,0.00000000,30405,30397,24,0.00216910
1773324354.34256148,0.02793431,6319,0.00049730,0.00000000,0,0.00000000,30397,30395,35,0.00185467
1773324354.44254303,0.02766374,6322,0.00027043,0.00000000,0,0.00000000,30395,30406,29,0.00453554
1773324354.54255080,0.02525956,6323,0.00048159,0.00000000,0,0.00000000,30406,30403,25,0.00081858
1773324354.64250612,0.02981793,6316,0.00012532,0.00000000,0,0.00000000,30403,30417,32,0.00201570
1773324354.74277067,0.02423281,6289,0.00045960,0.00000000,0,0.00000000,30417,30397,26,0.00082809
1773324354.84252906,0.02884336,6336,0.00044710,0.00000000,0,0.00000000,30397,30394,37,0.00285996
1773324354.94277143,0.02991028,6314,0.00012480,0.00000000,0,0.00000000,30394,30393,26,0.00181003
1773324355.04274225,0.02816487,6293,0.00010440,0.00000000,0,0.00000000,30393,30405,24,0.00081656
1773324355.14265847,0.01439664,6316,0.00007891,0.00000000,0,0.00000000,30405,30414,32,0.00248706
1773324355.24261355,0.02879086,6320,0.00017016,0.00000000,0,0.00000000,30414,30404,35,0.00257591
1773324355.34425926,0.02174036,6305,0.00022753,0.00000000,0,0.00000000,30404,30406,31,0.00216749
1773324355.44269609,0.02162441,6290,0.00044540,0.00000000,0,0.00000000,30406,30404,35,0.00180762
1773324355.54277778,0.02697450,6292,0.00042040,0.00000000,0,0.00000000,30404,30421,40,0.00102297
1773324355.64164019,0.02321791,6299,0.00025242,0.00000000,0,0.00000000,30421,30434,29,0.00293129
1773324355.74261165,0.02507964,6334,0.00010308,0.00000000,0,0.00000000,30434,30430,31,0.00240679
1773324355.84302378,0.02579522,6313,0.00027556,0.00000000,0,0.00000000,30430,30431,25,0.00282162
1773324355.94277239,0.02695682,6363,0.00025566,0.00000000,0,0.00000000,30431,30445,41,0.00081229
1773324356.04269004,0.03363645,6334,0.00020797,0.00000000,0,0.00000000,30445,30441,33,0.00245955
1773324356.14174175,0.01638615,6356,0.00018455,0.00000000,0,0.00000000,30441,30456,35,0.00310351
1773324356.24300098,0.02720211,6366,0.00009997,0.00000000,0,0.00000000,30456,30467,20,0.00089731
1773324356.34290910,0.02095592,6366,0.00047745,0.00000000,0,0.00000000,30467,30460,33,0.00319091
1773324356.44301343,0.02727588,6398,0.00005689,0.00000000,0,0.00000000,30460,30472,23,0.00200646
1773324356.54306793,0.02131893,6379,0.00028011,0.00000000,0,0.00000000,30472,30486,23,0.00102944
1773324356.64283371,0.02644020,6315,0.00032569,0.00000000,0,0.00000000,30486,30491,27,0.00203433
1773324356.74117827,0.02096060,6454,0.00009099,0.00000000,0,0.00000000,30491,30497,30,0.00186984
1773324356.84190083,0.02445082,6376,0.00033554,0.00000000,0,0.00000000,30497,30511,24,0.00318749
1773324356.94195557,0.02785203,6411,0.00016249,0.00000000,0,0.00000000,30511,30504,33,0.00154633
1773324357.04298592,0.02810757,6377,0.00016302,0.00000000,0,0.00000000,30504,30518,36,0.00195994
1773324357.14197350,0.01576339,6402,0.00010938,0.00000000,0,0.00000000,30518,30531,31,0.00208531
1773324357.24213314,0.02840304,6386,0.00025102,0.00000000,0,0.00000000,30531,30537,19,0.00227309
1773324357.34201455,0.01334291,6374,0.00011462,0.00000000,0,0.00000000,30537,30541,40,0.00162706
1773324357.44197655,0.02632853,6379,0.00041916,0.00000000,0,0.00000000,30541,30558,44,0.00298788
1773324357.54204679,0.02481684,6389,0.00044235,0.00000000,0,0.00000000,30558,30527,27,0.00118332
1773324357.64206481,0.02009396,6393,0.00045116,0.00000000,0,0.00000000,30527,30538,36,0.00077858
1773324357.74209690,0.03041648,6342,0.00012584,0.00000000,0,0.00000000,30538,30535,26,0.00237579
1773324357.84163523,0.02278130,6387,0.00042428,0.00000000,0,0.00000000,30535,30536,32,0.00220051
1773324357.94163036,0.01899769,6384,0.00010419,0.00000000,0,0.00000000,30536,30544,34,0.00135725
1773324358.04164410,0.01953651,6366,0.00010689,0.00000000,0,0.00000000,30544,30543,30,0.00214264
1773324358.14168596,0.01189781,6334,0.00013361,0.00000000,0,0.00000000,30543,30523,36,0.00091613
1773324358.24170041,0.02841174,6361,0.00033269,0.00000000,0,0.00000000,30523,30534,32,0.00143408
1773324358.34169102,0.03092111,6360,0.00014736,0.00000000,0,0.00000000,30534,30514,29,0.00237542
1773324358.44165277,0.02256220,6324,0.00024276,0.00000000,0,0.00000000,30514,30524,26,0.00225765
1773324358.54164600,0.02360344,6313,0.00013362,0.00000000,0,0.00000000,30524,30540,34,0.00083809
1773324358.64164448,0.02788268,6319,0.00015519,0.00000000,0,0.00000000,30540,30547,31,0.00286921
1773324358.74173570,0.05603589,6285,0.00028012,0.00000000,0,0.00000000,30547,30547,21,0.00257315
1773324358.84157825,0.04148419,6332,0.00037722,0.00000000,0,0.00000000,30547,30545,31,0.00228015
1773324358.94167805,0.02592373,6355,0.00028277,0.00000000,0,0.00000000,30545,30553,26,0.00108705
1773324359.04177547,0.01882196,6309,0.00033223,0.00000000,0,0.00000000,30553,30563,25,0.00270720
1773324359.14170122,0.01671494,6329,0.00015820,0.00000000,0,0.00000000,30563,30567,46,0.00505432
1773324359.24176168,0.02492888,6314,0.00036854,0.00000000,0,0.00000000,30567,30571,33,0.00200397
1773324359.34173679,0.02710179,6307,0.00050767,0.00000000,0,0.00000000,30571,30574,36,0.00240131
1773324359.44177604,0.03260741,6322,0.00037635,0.00000000,0,0.00000000,30574,30588,33,0.00195983
1773324359.54170012,0.02493418,6339,0.00042394,0.00000000,0,0.00000000,30588,30603,34,0.00159840
1773324359.64181113,0.02590251,6334,0.00017948,0.00000000,0,0.00000000,30603,30602,28,0.00326673
1773324359.74180961,0.02157714,6315,0.00037224,0.00000000,0,0.00000000,30602,30614,28,0.00228568
1773324359.84181595,0.02390274,6333,0.00037958,0.00000000,0,0.00000000,30614,30623,27,0.00085655
1773324359.94177842,0.02856869,6324,0.00027655,0.00000000,0,0.00000000,30623,30627,24,0.00276078
1773324360.04187274,0.02263073,6317,0.00005429,0.00000000,0,0.00000000,30627,30629,17,0.00077954
1773324360.14189553,0.01400379,6319,0.00011646,0.00000000,0,0.00000000,30629,30633,35,0.00286818
1773324360.24201035,0.01518358,6315,0.00032887,0.00000000,0,0.00000000,30633,30643,28,0.00342853
1773324360.34195709,0.02192240,6311,0.00011557,0.00000000,0,0.00000000,30643,30649,32,0.00181779
1773324360.44199944,0.02592245,6296,0.00014047,0.00000000,0,0.00000000,30649,30656,33,0.00290394
1773324360.54188585,0.03153220,6320,0.00034461,0.00000000,0,0.00000000,30656,30663,25,0.00094750
1773324360.64194107,0.02674050,6344,0.00039212,0.00000000,0,0.00000000,30663,30665,26,0.00139659
1773324360.74194837,0.02918984,6313,0.00007929,0.00000000,0,0.00000000,30665,30674,25,0.00239288
1773324360.84196663,0.02212809,6311,0.00062009,0.00000000,0,0.00000000,30674,30683,38,0.00218602
1773324360.94205379,0.03062224,6301,0.00010658,0.00000000,0,0.00000000,30683,30689,23,0.00085496
1773324361.04203033,0.03566077,6306,0.00012799,0.00000000,0,0.00000000,30689,30703,31,0.00271797
1773324361.14210534,0.02181316,6288,0.00029171,0.00000000,0,0.00000000,30703,30705,33,0.00214736
1773324361.24210811,0.03023277,6290,0.00039960,0.00000000,0,0.00000000,30705,30702,23,0.00291309
1773324361.34218144,0.02728109,6256,0.00036889,0.00000000,0,0.00000000,30702,30710,24,0.00325227
1773324361.44229889,0.02773070,6288,0.00039256,0.00000000,0,0.00000000,30710,30708,33,0.00343303
1773324361.54229641,0.03114020,6267,0.00013933,0.00000000,0,0.00000000,30708,30706,42,0.00122190
1773324361.64235163,0.03631769,6243,0.00048485,0.00000000,0,0.00000000,30706,30695,35,0.00116803
1773324361.74236965,0.03968615,6246,0.00040383,0.00000000,0,0.00000000,30695,30698,29,0.00233712
1773324361.84227014,0.03712444,6237,0.00013914,0.00000000,0,0.00000000,30698,30710,35,0.00174035
1773324361.94233513,0.03372837,6247,0.00058810,0.00000000,0,0.00000000,30710,30695,33,0.00202882
1773324362.04244041,0.02964730,6277,0.00053723,0.00000000,0,0.00000000,30695,30617,28,0.00106357
1773324362.14241624,0.01895434,6269,0.00016147,0.00000000,0,0.00000000,30617,30607,40,0.00207562
1773324362.24239182,0.02993073,6240,0.00011293,0.00000000,0,0.00000000,30607,30608,37,0.00092475
1773324362.34248185,0.03114067,6258,0.00034138,0.00000000,0,0.00000000,30608,30622,30,0.00310211
1773324362.44247532,0.03441391,6221,0.00054051,0.00000000,0,0.00000000,30622,30629,37,0.00250661
1773324362.54241538,0.03632024,6245,0.00042728,0.00000000,0,0.00000000,30629,30638,44,0.00089322
1773324362.64242792,0.03713776,6260,0.00009320,0.00000000,0,0.00000000,30638,30645,28,0.00228992
1773324362.74250889,0.03496534,6231,0.00042125,0.00000000,0,0.00000000,30645,30651,34,0.00148844
1773324362.84255886,0.03007581,6172,0.00021580,0.00000000,0,0.00000000,30651,30665,36,0.00244760
1773324362.94246149,0.03498601,6225,0.00025123,0.00000000,0,0.00000000,30665,30663,38,0.00272582
1773324363.04247499,0.03472636,6183,0.00049842,0.00000000,0,0.00000000,30663,30657,37,0.00256954
1773324363.14258933,0.02321548,6224,0.00013781,0.00000000,0,0.00000000,30657,30662,32,0.00250536
1773324363.24257970,0.03290349,6181,0.00055661,0.00000000,0,0.00000000,30662,30649,39,0.00308430
1773324363.34261680,0.03640364,6131,0.00032539,0.00000000,0,0.00000000,30649,30656,34,0.00120398
1773324363.44132566,0.02987368,6212,0.00012750,0.00000000,0,0.00000000,30656,30663,44,0.00281684
1773324363.54252934,0.03834842,6196,0.00021716,0.00000000,0,0.00000000,30663,30665,44,0.00140250
1773324363.64256287,0.03590973,6179,0.00057665,0.00000000,0,0.00000000,30665,30664,28,0.00200610
1773324363.74173737,0.03227154,6177,0.00055396,0.00000000,0,0.00000000,30664,30672,40,0.00221840
1773324363.84268546,0.03899011,6172,0.00015893,0.00000000,0,0.00000000,30672,30646,26,0.00224386
1773324363.94260240,0.02991693,6187,0.00031666,0.00000000,0,0.00000000,30646,30659,36,0.00106361
1773324364.04269767,0.03224585,6173,0.00020229,0.00000000,0,0.00000000,30659,30664,44,0.00291666
1773324364.14277291,0.02386993,6195,0.00016595,0.00000000,0,0.00000000,30664,30668,26,0.00321856
1773324364.24279499,0.03749198,6191,0.00047555,0.00000000,0,0.00000000,30668,30676,39,0.00084115
1773324364.34281421,0.03809885,6161,0.00044524,0.00000000,0,0.00000000,30676,30660,35,0.00200753
1773324364.44280624,0.03771716,6122,0.00064877,0.00000000,0,0.00000000,30660,30637,45,0.00317015
1773324364.54275966,0.04097039,6176,0.00030456,0.00000000,0,0.00000000,30637,30603,52,0.00139706
1773324364.64291978,0.03955194,6148,0.00023331,0.00000000,0,0.00000000,30603,30608,47,0.00245685
1773324364.74189496,0.03794514,6126,0.00019449,0.00000000,0,0.00000000,30608,30611,44,0.00274293
1773324364.84284496,0.03505742,6103,0.00045674,0.00000000,0,0.00000000,30611,30625,38,0.00242688
1773324364.94193840,0.03192192,6189,0.00049223,0.00000000,0,0.00000000,30625,30600,47,0.00223379
1773324365.04197764,0.03536033,6174,0.00028144,0.00000000,0,0.00000000,30600,30615,56,0.00265228
1773324365.14226961,0.02344158,6107,0.00019231,0.00000000,0,0.00000000,30615,30627,42,0.00214174
1773324365.24188328,0.02414142,6161,0.00023600,0.00000000,0,0.00000000,30627,30645,52,0.00198781
1773324365.34191895,0.03631733,6131,0.00048409,0.00000000,0,0.00000000,30645,30665,44,0.00274475
1773324365.44195676,0.03546375,6129,0.00033939,0.00000000,0,0.00000000,30665,30674,41,0.00099563
1773324365.54201889,0.04188677,6116,0.00019564,0.00000000,0,0.00000000,30674,30683,41,0.00186483
1773324365.64166832,0.03641756,6105,0.00036893,0.00000000,0,0.00000000,30683,30699,36,0.00129264
1773324365.74158263,0.04227066,6121,0.00070172,0.00000000,0,0.00000000,30699,30681,42,0.00417599
1773324365.84170389,0.04105553,6134,0.00040429,0.00000000,0,0.00000000,30681,30676,41,0.00245629
1773324365.94210601,0.03627959,6124,0.00060581,0.00000000,0,0.00000000,30676,30691,51,0.00147799
1773324366.04213357,0.03438899,6095,0.00019660,0.00000000,0,0.00000000,30691,30699,38,0.00279680
1773324366.14158821,0.02977824,6128,0.00035561,0.00000000,0,0.00000000,30699,30699,52,0.00121382
1773324366.24162054,0.02377511,6121,0.00017276,0.00000000,0,0.00000000,30699,30706,40,0.00085557
1773324366.34165096,0.03924813,6082,0.00064250,0.00000000,0,0.00000000,30706,30731,55,0.00182328
1773324366.44163823,0.04037621,6123,0.00054269,0.00000000,0,0.00000000,30731,30749,48,0.00387318
1773324366.54158401,0.03674283,6123,0.00066364,0.00000000,0,0.00000000,30749,30769,57,0.00229033
1773324366.64171457,0.03820991,6069,0.00078710,0.00000000,0,0.00000000,30769,30794,60,0.00120490
1773324366.74156356,0.03197150,6078,0.00042509,0.00000000,0,0.00000000,30794,30799,52,0.00270646
1773324366.84160566,0.03626027,6080,0.00054838,0.00000000,0,0.00000000,30799,30795,49,0.00117719
1773324366.94170785,0.04034016,6069,0.00057724,0.00000000,0,0.00000000,30795,30814,54,0.00160887
1773324367.04177141,0.03331587,6096,0.00021031,0.00000000,0,0.00000000,30814,30821,51,0.00217828
1773324367.14177561,0.02716709,6070,0.00024943,0.00000000,0,0.00000000,30821,30823,57,0.00212617
1773324367.24164462,0.02441872,6096,0.00032917,0.00000000,0,0.00000000,30823,30843,70,0.00238043
1773324367.34171724,0.04022710,6055,0.00025268,0.00000000,0,0.00000000,30843,30834,48,0.00180781
1773324367.44167066,0.03660387,6123,0.00063162,0.00000000,0,0.00000000,30834,30854,58,0.00330695
1773324367.54185104,0.02521232,6039,0.00071823,0.00000000,0,0.00000000,30854,30850,59,0.00079678
1773324367.64190841,0.04354338,6080,0.00069749,0.00000000,0,0.00000000,30850,30881,55,0.00088452
1773324367.74191499,0.03789001,6059,0.00075878,0.00000000,0,0.00000000,30881,30869,64,0.00142582
1773324367.84196234,0.04014055,6049,0.00034275,0.00000000,0,0.00000000,30869,30880,54,0.00102739
1773324367.94190693,0.03394526,6049,0.00059932,0.00000000,0,0.00000000,30880,30899,62,0.00089656
1773324368.04194832,0.03886028,6070,0.00059593,0.00000000,0,0.00000000,30899,30901,53,0.00328057
1773324368.14199901,0.03569172,6063,0.00056726,0.00000000,0,0.00000000,30901,30883,83,0.00234151
1773324368.24205947,0.02584929,6042,0.00044183,0.00000000,0,0.00000000,30883,30869,69,0.00085622
1773324368.34212899,0.03647264,6018,0.00025026,0.00000000,0,0.00000000,30869,30898,62,0.00211102
1773324368.44200754,0.03661413,6080,0.00072654,0.00000000,0,0.00000000,30898,30891,68,0.00301456
1773324368.54207492,0.03843201,6068,0.00063670,0.00000000,0,0.00000000,30891,30908,58,0.00075258
1773324368.64222336,0.04345924,6083,0.00090123,0.00000000,0,0.00000000,30908,30901,65,0.00119217
1773324368.74221253,0.04057162,6049,0.00034099,0.00000000,0,0.00000000,30901,30922,74,0.00095400
1773324368.84216142,0.04618626,6069,0.00105384,0.00000000,0,0.00000000,30922,30939,83,0.00217737
1773324368.94217038,0.03647431,6056,0.00052156,0.00000000,0,0.00000000,30939,30951,61,0.00239036
1773324369.04236269,0.03869000,6073,0.00060883,0.00000000,0,0.00000000,30951,30933,78,0.00194786
1773324369.14248228,0.02871935,6070,0.00028372,0.00000000,0,0.00000000,30933,30928,63,0.00173645
1773324369.24226451,0.02015536,6068,0.00038592,0.00000000,0,0.00000000,30928,30944,81,0.00325495
1773324369.34243870,0.02755464,6031,0.00069618,0.00000000,0,0.00000000,30944,30962,80,0.00230275
1773324369.44231415,0.04453268,6046,0.00089614,0.00000000,0,0.00000000,30962,30986,80,0.00252768
1773324369.54238915,0.04083460,6099,0.00023939,0.00000000,0,0.00000000,30986,31002,63,0.00183174
1773324369.64253521,0.04074463,6048,0.00123007,0.00000000,0,0.00000000,31002,30989,81,0.00076520
1773324369.74251485,0.04418151,6035,0.00086053,0.00000000,0,0.00000000,30989,31017,71,0.00210639
1773324369.84255147,0.03988665,6038,0.00085648,0.00000000,0,0.00000000,31017,31023,74,0.00195987
1773324369.94249582,0.04446383,6038,0.00116918,0.00000000,0,0.00000000,31023,31013,78,0.00089618
1773324370.04243779,0.03922409,6061,0.00086224,0.00000000,0,0.00000000,31013,31010,70,0.00210270
1773324370.14246082,0.02336005,6049,0.00035107,0.00000000,0,0.00000000,31010,30999,64,0.00207594
1773324370.24259925,0.02297955,6022,0.00034852,0.00000000,0,0.00000000,30999,31016,83,0.00183707
1773324370.34251642,0.04060606,6043,0.00040600,0.00000000,0,0.00000000,31016,31036,68,0.00185301
1773324370.44260788,0.03895262,6052,0.00096746,0.00000000,0,0.00000000,31036,31047,72,0.00216540
1773324370.54250169,0.04130996,6065,0.00073363,0.00000000,0,0.00000000,31047,31063,85,0.00075124
1773324370.64251566,0.04176144,6040,0.00045566,0.00000000,0,0.00000000,31063,31075,73,0.00085419
1773324370.74260235,0.04626206,6007,0.00086605,0.00000000,0,0.00000000,31075,31080,81,0.00182535
1773324370.84156561,0.03932053,6061,0.00106488,0.00000000,0,0.00000000,31080,31091,80,0.00160527
1773324370.94252586,0.03640421,6053,0.00108483,0.00000000,0,0.00000000,31091,31105,71,0.00084858
1773324371.04263377,0.04563332,6070,0.00097736,0.00000000,0,0.00000000,31105,31120,78,0.00232411
1773324371.14269567,0.03315983,6069,0.00057375,0.00000000,0,0.00000000,31120,31097,80,0.00087868
1773324371.24277735,0.02408962,6048,0.00049329,0.00000000,0,0.00000000,31097,31113,78,0.00265332
1773324371.34285092,0.04603601,6035,0.00065073,0.00000000,0,0.00000000,31113,31105,71,0.00167910
1773324371.44286466,0.04729989,6030,0.00045467,0.00000000,0,0.00000000,31105,31130,75,0.00363586
1773324371.54287529,0.04433978,6022,0.00165468,0.00000000,0,0.00000000,31130,31123,88,0.00279098
1773324371.64177322,0.04871031,6036,0.00104437,0.00000000,0,0.00000000,31123,31154,85,0.00115911
1773324371.74184775,0.03787726,6048,0.00056934,0.00000000,0,0.00000000,31154,31152,85,0.00309893
1773324371.84276795,0.03685682,6028,0.00091438,0.00000000,0,0.00000000,31152,31198,81,0.00216549
1773324371.94287586,0.03931587,6034,0.00098563,0.00000000,0,0.00000000,31198,31206,85,0.00202731
1773324372.04296184,0.04456486,6033,0.00039244,0.00000000,0,0.00000000,31206,31209,83,0.00205876
1773324372.14195704,0.03065357,6038,0.00045562,0.00000000,0,0.00000000,31209,31184,82,0.00159993
1773324372.24192739,0.01931559,6030,0.00041356,0.00000000,0,0.00000000,31184,31216,96,0.00295460
1773324372.34200048,0.04093279,5992,0.00106900,0.00000000,0,0.00000000,31216,31238,106,0.00292287
1773324372.44188333,0.04544450,6059,0.00121596,0.00000000,0,0.00000000,31238,31254,91,0.00155457
1773324372.54203725,0.04339039,6061,0.00104435,0.00000000,0,0.00000000,31254,31285,88,0.00187330
1773324372.64204860,0.04295800,6022,0.00125450,0.00000000,0,0.00000000,31285,31283,95,0.00093698
1773324372.74205899,0.04170003,6055,0.00135109,0.00000000,0,0.00000000,31283,31299,100,0.00188980
1773324372.84170079,0.03846644,6078,0.00056610,0.00000000,0,0.00000000,31299,31314,107,0.00231131
1773324372.94175792,0.03453572,6038,0.00107616,0.00000000,0,0.00000000,31314,31332,91,0.00181519
1773324373.04180145,0.04472033,6089,0.00066991,0.00000000,0,0.00000000,31332,31349,88,0.00235809
1773324373.14231753,0.02755180,6030,0.00126133,0.00000000,0,0.00000000,31349,31158,70,0.00089773
1773324373.24148512,0.02193371,6091,0.00024698,0.00000000,0,0.00000000,31158,31179,63,0.00217216
1773324373.34152508,0.03890154,6078,0.00075357,0.00000000,0,0.00000000,31179,31215,69,0.00181342
1773324373.44164920,0.04247978,6132,0.00074274,0.00000000,0,0.00000000,31215,31245,72,0.00092281
1773324373.54170895,0.04434218,6115,0.00037771,0.00000000,0,0.00000000,31245,31284,74,0.00264282
1773324373.64171791,0.03155820,6062,0.00079383,0.00000000,0,0.00000000,31284,31313,81,0.00089456
1773324373.74163532,0.04290015,6087,0.00088423,0.00000000,0,0.00000000,31313,31332,72,0.00291002
1773324373.84166312,0.03443163,6087,0.00078136,0.00000000,0,0.00000000,31332,31337,74,0.00146162
1773324373.94175887,0.04161044,6104,0.00080782,0.00000000,0,0.00000000,31337,31355,77,0.00224307
1773324374.04171324,0.03686894,6070,0.00030616,0.00000000,0,0.00000000,31355,31353,69,0.00256828
1773324374.14186931,0.03224331,6091,0.00036497,0.00000000,0,0.00000000,31353,31347,71,0.00263097
1773324374.24176049,0.02411476,6052,0.00048447,0.00000000,0,0.00000000,31347,31338,87,0.00201114
1773324374.34168148,0.04180614,6097,0.00081279,0.00000000,0,0.00000000,31338,31350,67,0.00228164
1773324374.44168782,0.04048875,6064,0.00090497,0.00000000,0,0.00000000,31350,31361,79,0.00217060
1773324374.54176593,0.04125314,6071,0.00094763,0.00000000,0,0.00000000,31361,31373,70,0.00187227
1773324374.64183307,0.04351284,6076,0.00055500,0.00000000,0,0.00000000,31373,31374,76,0.00117397
1773324374.74184799,0.04447903,6072,0.00104032,0.00000000,0,0.00000000,31374,31405,74,0.00301674
1773324374.84196520,0.04418046,6067,0.00101357,0.00000000,0,0.00000000,31405,31422,71,0.00116722
1773324374.94184756,0.04289596,6104,0.00031873,0.00000000,0,0.00000000,31422,31449,63,0.00185115
1773324375.04192662,0.04199187,6092,0.00077444,0.00000000,0,0.00000000,31449,31457,48,0.00184834
1773324375.14228010,0.03495357,6114,0.00030884,0.00000000,0,0.00000000,31457,31439,78,0.00286599
1773324375.24195337,0.01733714,6065,0.00022831,0.00000000,0,0.00000000,31439,31461,75,0.00291426
1773324375.34197712,0.03296550,6103,0.00066901,0.00000000,0,0.00000000,31461,31464,61,0.00192169
1773324375.44201922,0.03838688,6073,0.00076887,0.00000000,0,0.00000000,31464,31479,65,0.00224099
1773324375.54208851,0.04237986,6089,0.00078036,0.00000000,0,0.00000000,31479,31493,66,0.00241642
1773324375.64241576,0.04094682,6052,0.00360356,0.00000000,0,0.00000000,31493,31408,70,0.00190084
1773324375.74204779,0.02754166,6076,0.00078378,0.00000000,0,0.00000000,30623,30660,66,0.00158857
1773324375.84215021,0.03626171,6044,0.00044417,0.00000000,0,0.00000000,30660,30701,73,0.00138439
1773324375.94222641,0.03696390,6052,0.00052382,0.00000000,0,0.00000000,30701,30715,50,0.00310570
1773324376.04216933,0.05080138,6084,0.00115718,0.00000000,0,0.00000000,30715,30754,83,0.00263115
1773324376.14225411,0.03112215,6035,0.00033234,0.00000000,0,0.00000000,30754,30786,59,0.00247478
1773324376.24232173,0.02345879,6025,0.00020804,0.00000000,0,0.00000000,30786,30823,75,0.00234671
1773324376.34238076,0.04112019,6064,0.00092848,0.00000000,0,0.00000000,30823,30843,59,0.00217622
1773324376.44231582,0.04297729,6062,0.00085297,0.00000000,0,0.00000000,30843,30878,67,0.00343155
1773324376.54231977,0.03956276,6109,0.00072780,0.00000000,0,0.00000000,30878,30893,70,0.00327792
1773324376.64242244,0.03931539,6067,0.00066411,0.00000000,0,0.00000000,30893,30926,68,0.00195794
1773324376.74235678,0.04100056,6104,0.00065041,0.00000000,0,0.00000000,30926,30943,65,0.00191410
1773324376.84243679,0.03970947,6084,0.00030084,0.00000000,0,0.00000000,30943,30968,67,0.00335494
1773324376.94242048,0.03527060,6048,0.00077102,0.00000000,0,0.00000000,30968,31006,73,0.00301165
1773324377.04257536,0.03788361,6076,0.00044853,0.00000000,0,0.00000000,31006,31008,79,0.00291109
1773324377.14247179,0.01755611,6070,0.00023892,0.00000000,0,0.00000000,31008,31028,75,0.00201416
1773324377.24273705,0.02321208,6055,0.00030344,0.00000000,0,0.00000000,31028,31055,65,0.00178620
1773324377.34259248,0.03690081,6087,0.00069895,0.00000000,0,0.00000000,31055,31069,64,0.00318623
1773324377.44258404,0.03847332,6049,0.00035519,0.00000000,0,0.00000000,31069,31078,68,0.00184136
1773324377.54249048,0.03127628,6054,0.00095225,0.00000000,0,0.00000000,31078,31084,77,0.00183659
1773324377.64259028,0.03832628,6094,0.00069556,0.00000000,0,0.00000000,31084,31105,62,0.00151326
1773324377.74254227,0.03335149,6037,0.00082196,0.00000000,0,0.00000000,31105,31094,70,0.00223906
1773324377.84259963,0.03690697,6067,0.00025784,0.00000000,0,0.00000000,31094,31115,62,0.00165270
1773324377.94271016,0.03877195,6077,0.00063885,0.00000000,0,0.00000000,31115,31134,57,0.00292564
1773324378.04281878,0.04043527,6079,0.00122732,0.00000000,0,0.00000000,31134,31129,50,0.00292803
1773324378.14373350,0.03261052,6069,0.00028348,0.00000000,0,0.00000000,31129,31144,71,0.00164525
1773324378.24272490,0.01746778,6083,0.00024894,0.00000000,0,0.00000000,31144,31142,63,0.00124396
1773324378.34269571,0.03621967,6094,0.00088159,0.00000000,0,0.00000000,31142,31136,64,0.00230992
1773324378.44281983,0.04087739,6080,0.00070310,0.00000000,0,0.00000000,31136,31152,60,0.00306961
1773324378.54280472,0.03633517,6036,0.00099757,0.00000000,0,0.00000000,31152,31136,64,0.00192367
1773324378.64277482,0.03605674,6067,0.00080683,0.00000000,0,0.00000000,31136,31150,64,0.00184094
1773324378.74274898,0.02683969,6074,0.00018680,0.00000000,0,0.00000000,31150,31174,59,0.00272735
1773324378.84193993,0.04162106,6062,0.00026232,0.00000000,0,0.00000000,31174,31198,63,0.00323680
1773324378.94287729,0.03722724,6082,0.00077962,0.00000000,0,0.00000000,31198,31223,73,0.00184963
1773324379.04292703,0.04029691,6062,0.00103229,0.00000000,0,0.00000000,31223,31195,69,0.00301998
1773324379.14186597,0.02410939,6106,0.00026206,0.00000000,0,0.00000000,31195,31227,70,0.00213914
1773324379.24188423,0.02273463,6042,0.00022716,0.00000000,0,0.00000000,31227,31235,56,0.00128936
1773324379.34162593,0.04038891,6083,0.00029888,0.00000000,0,0.00000000,31235,31255,67,0.00218374
1773324379.44190335,0.03556479,6061,0.00070299,0.00000000,0,0.00000000,31255,31276,64,0.00243847
1773324379.54165220,0.04347675,6117,0.00093492,0.00000000,0,0.00000000,31276,31284,70,0.00180634
1773324379.64213419,0.04300793,6005,0.00038028,0.00000000,0,0.00000000,31284,31298,67,0.00115263
1773324379.74129844,0.03951708,6085,0.00061977,0.00000000,0,0.00000000,31298,31311,62,0.00089728
1773324379.84159303,0.04092754,6082,0.00079146,0.00000000,0,0.00000000,31311,31315,68,0.00243987
1773324379.94167686,0.03618995,6010,0.00053477,0.00000000,0,0.00000000,31315,31342,50,0.00212070
1773324380.04159904,0.03540522,6093,0.00017201,0.00000000,0,0.00000000,31342,31341,45,0.00289593
1773324380.14166236,0.03072233,6071,0.00026365,0.00000000,0,0.00000000,31341,31359,72,0.00193720
1773324380.24163604,0.01954748,6067,0.00022053,0.00000000,0,0.00000000,31359,31354,58,0.00113339
1773324380.34168553,0.03794227,6032,0.00029797,0.00000000,0,0.00000000,31354,31364,75,0.00217422
1773324380.44153166,0.03529757,6074,0.00063331,0.00000000,0,0.00000000,31364,31382,61,0.00202144
1773324380.54159856,0.04009158,6051,0.00054329,0.00000000,0,0.00000000,31382,31397,55,0.00184518
1773324380.64156699,0.03534961,6095,0.00035514,0.00000000,0,0.00000000,31397,31391,52,0.00078878
1773324380.74158216,0.03406000,6105,0.00061141,0.00000000,0,0.00000000,31391,31405,64,0.00298127
1773324380.84167004,0.04523638,6044,0.00041639,0.00000000,0,0.00000000,31405,31455,78,0.00241093
1773324380.94161582,0.03969376,6111,0.00061190,0.00000000,0,0.00000000,31455,31477,59,0.00138756
1773324381.04173136,0.03840249,6056,0.00035938,0.00000000,0,0.00000000,31477,31452,62,0.00176758
1773324381.14164782,0.04737017,6091,0.00027472,0.00000000,0,0.00000000,31452,31474,55,0.00246565
1773324381.24177361,0.02425746,6088,0.00046337,0.00000000,0,0.00000000,31474,31491,50,0.00151234
1773324381.34186530,0.02321722,6075,0.00026372,0.00000000,0,0.00000000,31491,31475,49,0.00266400
1773324381.44173241,0.03825331,6090,0.00064437,0.00000000,0,0.00000000,31475,31483,52,0.00327477
1773324381.54184937,0.04166519,6112,0.00024763,0.00000000,0,0.00000000,31483,31502,56,0.00152937
1773324381.64190364,0.03919806,6090,0.00053754,0.00000000,0,0.00000000,31502,31523,45,0.00082559
1773324381.74190164,0.04082378,6125,0.00061941,0.00000000,0,0.00000000,31523,31532,47,0.00101382
1773324381.84200168,0.03649601,6082,0.00017092,0.00000000,0,0.00000000,31532,31531,37,0.00180345
1773324381.94198680,0.03359086,6092,0.00066395,0.00000000,0,0.00000000,31531,31556,54,0.00166264
1773324382.04204893,0.03028380,6071,0.00027983,0.00000000,0,0.00000000,31556,31581,55,0.00308249
1773324382.14205432,0.02603246,6087,0.00020028,0.00000000,0,0.00000000,31581,31577,43,0.00175254
1773324382.24216366,0.02140860,6100,0.00038116,0.00000000,0,0.00000000,31577,31589,60,0.00274153
1773324382.34208655,0.04041251,6096,0.00068036,0.00000000,0,0.00000000,31589,31575,45,0.00212601
1773324382.44217014,0.03830977,6061,0.00053082,0.00000000,0,0.00000000,31575,31558,47,0.00278777
1773324382.54214287,0.03582552,6110,0.00030394,0.00000000,0,0.00000000,31558,31554,60,0.00190865
1773324382.64220953,0.03544857,6122,0.00071868,0.00000000,0,0.00000000,31554,31561,50,0.00094808
1773324382.74225760,0.03887372,6076,0.00048157,0.00000000,0,0.00000000,31561,31579,55,0.00299018
1773324382.84265208,0.02971155,6134,0.00022217,0.00000000,0,0.00000000,31579,31592,39,0.00209357
1773324382.94224119,0.04207760,6123,0.00021668,0.00000000,0,0.00000000,31592,31619,62,0.00084698
1773324383.04227614,0.04154911,6131,0.00019261,0.00000000,0,0.00000000,31619,31626,41,0.00159571
1773324383.14235735,0.03749245,6086,0.00059055,0.00000000,0,0.00000000,31626,31652,55,0.00163795
1773324383.24240255,0.02102286,6105,0.00019270,0.00000000,0,0.00000000,31652,31655,50,0.00211026
1773324383.34246111,0.03187329,6071,0.00066088,0.00000000,0,0.00000000,31655,31661,52,0.00161453
1773324383.44240737,0.03730718,6122,0.00018179,0.00000000,0,0.00000000,31661,31659,37,0.00277175
1773324383.54247546,0.03855395,6107,0.00076938,0.00000000,0,0.00000000,31659,31624,43,0.00079642
1773324383.64236832,0.03639792,6116,0.00018481,0.00000000,0,0.00000000,31624,31620,43,0.00079786
1773324383.74247503,0.03380656,6143,0.00057850,0.00000000,0,0.00000000,31620,31628,46,0.00205225
1773324383.84261918,0.02672190,6128,0.00042078,0.00000000,0,0.00000000,31628,31636,43,0.00189006
1773324383.94265509,0.03392430,6074,0.00016230,0.00000000,0,0.00000000,31636,31641,45,0.00285302
1773324384.04250598,0.03599069,6133,0.00045680,0.00000000,0,0.00000000,31641,31655,47,0.00191052
1773324384.14258361,0.03770878,6105,0.00076298,0.00000000,0,0.00000000,31655,31630,55,0.00131714
1773324384.24271703,0.02494957,6070,0.00025814,0.00000000,0,0.00000000,31630,31620,55,0.00265212
1773324384.34262109,0.03825994,6095,0.00060340,0.00000000,0,0.00000000,31620,31626,53,0.00117174
1773324384.44272900,0.03733096,6062,0.00061658,0.00000000,0,0.00000000,31626,31634,51,0.00246161
1773324384.54268503,0.04027098,6085,0.00053306,0.00000000,0,0.00000000,31634,31662,46,0.00076704
1773324384.64276075,0.03987028,6077,0.00070153,0.00000000,0,0.00000000,31662,31669,55,0.00092299
1773324384.74268413,0.03566722,6115,0.00057604,0.00000000,0,0.00000000,31669,31671,47,0.00161161
1773324384.84291911,0.03497937,6043,0.00062343,0.00000000,0,0.00000000,31671,31656,44,0.00161002
1773324384.94279933,0.03769685,6072,0.00069801,0.00000000,0,0.00000000,31656,31687,61,0.00231928
1773324385.04286885,0.04093592,6033,0.00037403,0.00000000,0,0.00000000,31687,31688,51,0.00276445
1773324385.14270592,0.03724839,6085,0.00042256,0.00000000,0,0.00000000,31688,31702,52,0.00319059
1773324385.24285698,0.02323242,6057,0.00023984,0.00000000,0,0.00000000,31702,31737,83,0.00126380
1773324385.34276986,0.03736555,6062,0.00085742,0.00000000,0,0.00000000,31737,31754,79,0.00165334
1773324385.44172168,0.03035453,6080,0.00112371,0.00000000,0,0.00000000,31754,31727,77,0.00111820
1773324385.54287171,0.04191640,6103,0.00059177,0.00000000,0,0.00000000,31727,31739,92,0.00232663
1773324385.64161801,0.04618790,6116,0.00124877,0.00000000,0,0.00000000,31739,31715,79,0.00124049
1773324385.74172568,0.05167523,6104,0.00102254,0.00000000,0,0.00000000,31715,31727,72,0.00267450
1773324385.84305286,0.04542068,6115,0.00154740,0.00000000,0,0.00000000,31727,31735,79,0.00230880
1773324385.94156933,0.03423418,6109,0.00104869,0.00000000,0,0.00000000,31735,31733,75,0.00124341
1773324386.04156232,0.04744527,6159,0.00045726,0.00000000,0,0.00000000,31733,31743,67,0.00288277
1773324386.14184380,0.02863558,6051,0.00080429,0.00000000,0,0.00000000,31743,31766,66,0.00354988
1773324386.24150395,0.02117099,6166,0.00041105,0.00000000,0,0.00000000,31766,31791,85,0.00332915
1773324386.34166074,0.04042153,6110,0.00132069,0.00000000,0,0.00000000,31791,31738,78,0.00292133
1773324386.44164324,0.03071272,6133,0.00083800,0.00000000,0,0.00000000,31738,31755,67,0.00121905
1773324386.54170585,0.02552715,6113,0.00066507,0.00000000,0,0.00000000,31755,31765,65,0.00150338
1773324386.64164639,0.03608721,6114,0.00071968,0.00000000,0,0.00000000,31765,31773,68,0.00107206
1773324386.74152255,0.04061247,6117,0.00107518,0.00000000,0,0.00000000,31773,31772,61,0.00096540
1773324386.84176373,0.03438857,6112,0.00040107,0.00000000,0,0.00000000,31772,31771,57,0.00212127
1773324386.94164300,0.02611206,6116,0.00027593,0.00000000,0,0.00000000,31771,31793,68,0.00081843
1773324387.04169798,0.04797840,6101,0.00031529,0.00000000,0,0.00000000,31793,31768,66,0.00164402
1773324387.14161658,0.03179768,6123,0.00018812,0.00000000,0,0.00000000,31768,31785,54,0.00208362
1773324387.24166751,0.02086007,6139,0.00020663,0.00000000,0,0.00000000,31785,31807,56,0.00086954
1773324387.34181571,0.04304246,6117,0.00086135,0.00000000,0,0.00000000,31807,31808,57,0.00252610
1773324387.44181633,0.04001622,6071,0.00074875,0.00000000,0,0.00000000,31808,31818,58,0.00201076
1773324387.54180884,0.03386268,6160,0.00040570,0.00000000,0,0.00000000,31818,31797,73,0.00184175
1773324387.64186192,0.03758556,6085,0.00074033,0.00000000,0,0.00000000,31797,31819,62,0.00084605
1773324387.74187541,0.09217279,6138,0.00082749,0.00000000,0,0.00000000,31819,31842,66,0.00192628
1773324387.84194565,0.03802770,6125,0.00038382,0.00000000,0,0.00000000,31842,31847,60,0.00281971
1773324387.94198394,0.03343257,6078,0.00036448,0.00000000,0,0.00000000,31847,31833,48,0.00287245
1773324388.04185486,0.02846052,6112,0.00033611,0.00000000,0,0.00000000,31833,31861,66,0.00201083
1773324388.14187860,0.02172779,6152,0.00025572,0.00000000,0,0.00000000,31861,31888,59,0.00747775
1773324388.24190927,0.01725294,6110,0.00022386,0.00000000,0,0.00000000,31888,31892,56,0.00364664
1773324388.34198833,0.03596870,6123,0.00071534,0.00000000,0,0.00000000,31892,31916,64,0.00188060
1773324388.44203138,0.03283114,6172,0.00092496,0.00000000,0,0.00000000,31916,31916,62,0.00273539
1773324388.54216838,0.03397123,6104,0.00096758,0.00000000,0,0.00000000,31916,31883,67,0.00289996
1773324388.64317560,0.03602235,6147,0.00061068,0.00000000,0,0.00000000,31883,31894,49,0.00082161
1773324388.74222136,0.03579380,6077,0.00075439,0.00000000,0,0.00000000,31894,31912,60,0.00298024
1773324388.84220862,0.03519153,6105,0.00027874,0.00000000,0,0.00000000,31912,31942,64,0.00173142
1773324388.94263458,0.02893601,6073,0.00038543,0.00000000,0,0.00000000,31942,31952,40,0.00255462
1773324389.04213691,0.03801390,6081,0.00021262,0.00000000,0,0.00000000,31952,31969,56,0.00306695
1773324389.14245963,0.03661375,6113,0.00022655,0.00000000,0,0.00000000,31969,31970,48,0.00286735
1773324389.24228454,0.02228445,6090,0.00026701,0.00000000,0,0.00000000,31970,31980,57,0.00187956
1773324389.34241438,0.03269031,6104,0.00049689,0.00000000,0,0.00000000,31980,31998,49,0.00196591
1773324389.44230962,0.03390485,6110,0.00062903,0.00000000,0,0.00000000,31998,32006,56,0.00184439
1773324389.54237795,0.03533253,6065,0.00056940,0.00000000,0,0.00000000,32006,32015,41,0.00274592
1773324389.64235330,0.04038427,6083,0.00038995,0.00000000,0,0.00000000,32015,32016,29,0.00087428
1773324389.74241614,0.02801558,6085,0.00043196,0.00000000,0,0.00000000,32016,32029,44,0.00250043
1773324389.84249139,0.03307119,6075,0.00059585,0.00000000,0,0.00000000,32029,32006,47,0.00232890
1773324389.94255996,0.02838003,6076,0.00075176,0.00000000,0,0.00000000,32006,31949,44,0.00221546
1773324390.04264450,0.04104040,6046,0.00061655,0.00000000,0,0.00000000,31949,31953,43,0.00196189
1773324390.14257860,0.03382943,6044,0.00013071,0.00000000,0,0.00000000,31953,31952,36,0.00162021
1773324390.24246764,0.01749714,6123,0.00014188,0.00000000,0,0.00000000,31952,31954,45,0.00089804
1773324390.34260488,0.03789199,6050,0.00054665,0.00000000,0,0.00000000,31954,31964,52,0.00197788
1773324390.44247532,0.04224793,6127,0.00078728,0.00000000,0,0.00000000,31964,31962,49,0.00158918
1773324390.54252768,0.04103842,6070,0.00022378,0.00000000,0,0.00000000,31962,31971,46,0.00180729
1773324390.64257836,0.05224776,6062,0.00061005,0.00000000,0,0.00000000,31971,31979,49,0.00152219
1773324390.74252248,0.04478757,6118,0.00069832,0.00000000,0,0.00000000,31979,31959,58,0.00107311
1773324390.84251404,0.04363859,6107,0.00018156,0.00000000,0,0.00000000,31959,31957,38,0.00285343
1773324390.94266987,0.04018501,6116,0.00022802,0.00000000,0,0.00000000,31957,31925,46,0.00168070
1773324391.04161739,0.03854298,6107,0.00044955,0.00000000,0,0.00000000,31925,31930,44,0.00089517
1773324391.14286256,0.03098894,6101,0.00046703,0.00000000,0,0.00000000,31930,31933,39,0.00273841
1773324391.24169660,0.02033205,6100,0.00021404,0.00000000,0,0.00000000,31933,31950,51,0.00127658
1773324391.34273577,0.03920638,6129,0.00025381,0.00000000,0,0.00000000,31950,31933,43,0.00265156
1773324391.44176888,0.04080151,6151,0.00065265,0.00000000,0,0.00000000,31933,31930,55,0.00317265
1773324391.54270768,0.03128789,6149,0.00057978,0.00000000,0,0.00000000,31930,31946,59,0.00098416
1773324391.64283705,0.03800518,6134,0.00053503,0.00000000,0,0.00000000,31946,31958,51,0.00081703
1773324391.74279189,0.03635787,6139,0.00067730,0.00000000,0,0.00000000,31958,31978,66,0.00191212
1773324391.84300447,0.03639817,6059,0.00072550,0.00000000,0,0.00000000,31978,31984,47,0.00211930
1773324391.94283938,0.03527898,6087,0.00068971,0.00000000,0,0.00000000,31984,31985,57,0.00186840
1773324392.04292846,0.04437248,6122,0.00079903,0.00000000,0,0.00000000,31985,31985,75,0.00193085
1773324392.14305735,0.04211888,6102,0.00018049,0.00000000,0,0.00000000,31985,32005,49,0.00302397
1773324392.24315119,0.02617113,6056,0.00026134,0.00000000,0,0.00000000,32005,32022,54,0.00273168
1773324392.34300661,0.02171411,6058,0.00020942,0.00000000,0,0.00000000,32022,32041,60,0.00234183
1773324392.44196963,0.02024899,6104,0.00027005,0.00000000,0,0.00000000,32041,32049,61,0.00214532
1773324392.54205585,0.02097734,6075,0.00047315,0.00000000,0,0.00000000,32049,31996,62,0.00103612
1773324392.64194155,0.01819252,6139,0.00016950,0.00000000,0,0.00000000,31996,32013,52,0.00105301
1773324392.74202728,0.01788734,6125,0.00017542,0.00000000,0,0.00000000,32013,32022,46,0.00175648
1773324392.84214091,0.03557001,6072,0.00070567,0.00000000,0,0.00000000,32022,32029,62,0.00246194
1773324392.94201350,0.03138956,6145,0.00081452,0.00000000,0,0.00000000,32029,31985,56,0.00182457
1773324393.04210806,0.03869825,6091,0.00066732,0.00000000,0,0.00000000,31985,31974,42,0.00106286
1773324393.14169478,0.02443152,6139,0.00090068,0.00000000,0,0.00000000,31974,31976,65,0.00088375
1773324393.24208045,0.01837743,6084,0.00017145,0.00000000,0,0.00000000,31976,31974,39,0.00236089
1773324393.34157372,0.02606138,6132,0.00065621,0.00000000,0,0.00000000,31974,31981,46,0.00175632
1773324393.44166565,0.03573900,6129,0.00062014,0.00000000,0,0.00000000,31981,31993,50,0.00322199
1773324393.54175735,0.03193978,6088,0.00063824,0.00000000,0,0.00000000,31993,31994,53,0.00073214
1773324393.64164257,0.04217232,6142,0.00019770,0.00000000,0,0.00000000,31994,32004,44,0.00158811
1773324393.74170542,0.03659329,6097,0.00059346,0.00000000,0,0.00000000,32004,32000,41,0.00085046
1773324393.84157348,0.03353928,6144,0.00055318,0.00000000,0,0.00000000,32000,31998,46,0.00265771
1773324393.94173717,0.04089836,6075,0.00027088,0.00000000,0,0.00000000,31998,31996,43,0.00287278
1773324394.04158497,0.04253252,6119,0.00072072,0.00000000,0,0.00000000,31996,32003,42,0.00082158
1773324394.14172769,0.02338799,6106,0.00029013,0.00000000,0,0.00000000,32003,32022,58,0.00234091
1773324394.24165416,0.02153843,6117,0.00020801,0.00000000,0,0.00000000,32022,32030,46,0.00263288
1773324394.34174490,0.03037417,6127,0.00052337,0.00000000,0,0.00000000,32030,32027,40,0.00080738
1773324394.44183183,0.03191283,6068,0.00044313,0.00000000,0,0.00000000,32027,32051,50,0.00433307
1773324394.54173803,0.03946985,6102,0.00082509,0.00000000,0,0.00000000,32051,32050,62,0.00174514
1773324394.64187980,0.04463428,6066,0.00075342,0.00000000,0,0.00000000,32050,32073,60,0.00130944
1773324394.74189878,0.03931557,6088,0.00056999,0.00000000,0,0.00000000,32073,32079,35,0.00123856
1773324394.84197760,0.03785070,6019,0.00043904,0.00000000,0,0.00000000,32079,32081,42,0.00237825
1773324394.94192529,0.03734758,6106,0.00017145,0.00000000,0,0.00000000,32081,32089,43,0.00296354
1773324395.04199171,0.04641040,6106,0.00024252,0.00000000,0,0.00000000,32089,32109,53,0.00190592
1773324395.14206648,0.03804588,6104,0.00023273,0.00000000,0,0.00000000,32109,32101,48,0.00275567
1773324395.24211884,0.02545640,6067,0.00020264,0.00000000,0,0.00000000,32101,32095,38,0.00296220
1773324395.34200239,0.04284723,6106,0.00060630,0.00000000,0,0.00000000,32095,32101,51,0.00197819
1773324395.44209862,0.04125511,6110,0.00083908,0.00000000,0,0.00000000,32101,32092,52,0.00210638
1773324395.54221845,0.04467045,6129,0.00075867,0.00000000,0,0.00000000,32092,32107,56,0.00259842
1773324395.64232779,0.04447782,6106,0.00062757,0.00000000,0,0.00000000,32107,32126,52,0.00137735
1773324395.74220419,0.04311639,6129,0.00062131,0.00000000,0,0.00000000,32126,32142,37,0.00432953
1773324395.84230614,0.03466150,6069,0.00056094,0.00000000,0,0.00000000,32142,32146,42,0.00340844
1773324395.94230032,0.04482428,6139,0.00018872,0.00000000,0,0.00000000,32146,32150,44,0.00328130
1773324396.04236102,0.04634419,6130,0.00050420,0.00000000,0,0.00000000,32150,32155,43,0.00296513
1773324396.14238095,0.03969625,6076,0.00020611,0.00000000,0,0.00000000,32155,32172,47,0.00275961
1773324396.24230170,0.02374960,6076,0.00010334,0.00000000,0,0.00000000,32172,32176,35,0.00300244
1773324396.34243011,0.02320444,6079,0.00016757,0.00000000,0,0.00000000,32176,32171,43,0.00206860
1773324396.44232082,0.03116617,6141,0.00052878,0.00000000,0,0.00000000,32171,32154,43,0.00189795
1773324396.54248571,0.03307537,6098,0.00041068,0.00000000,0,0.00000000,32154,32159,31,0.00132376
1773324396.64238501,0.03795864,6094,0.00060929,0.00000000,0,0.00000000,32159,32155,52,0.00148001
1773324396.74248242,0.03966920,6070,0.00055686,0.00000000,0,0.00000000,32155,32163,43,0.00081666
1773324396.84238482,0.03154938,6112,0.00036064,0.00000000,0,0.00000000,32163,32180,38,0.00325281
1773324396.94240618,0.03380117,6136,0.00015760,0.00000000,0,0.00000000,32180,32162,37,0.00190371
1773324397.04251051,0.03819114,6077,0.00041243,0.00000000,0,0.00000000,32162,32168,41,0.00304382
1773324397.14238286,0.03448198,6128,0.00050016,0.00000000,0,0.00000000,32168,32171,42,0.00270124
1773324397.24254632,0.02189015,6051,0.00010252,0.00000000,0,0.00000000,32171,32162,24,0.00229736
1773324397.34250832,0.03160525,6054,0.00044338,0.00000000,0,0.00000000,32162,32165,40,0.00221492
1773324397.44248581,0.03604229,6159,0.00015565,0.00000000,0,0.00000000,32165,32180,41,0.00223875
1773324397.54272103,0.04237866,6088,0.00042470,0.00000000,0,0.00000000,32180,32190,33,0.00146818
1773324397.64259410,0.03945082,6003,0.00039921,0.00000000,0,0.00000000,32190,32196,41,0.00078072
1773324397.74175644,0.04095931,6068,0.00027029,0.00000000,0,0.00000000,32196,32159,40,0.00080618
1773324397.84271407,0.03344213,6075,0.00020298,0.00000000,0,0.00000000,32159,32155,47,0.00164834
1773324397.94283915,0.03885470,6084,0.00051840,0.00000000,0,0.00000000,32155,32160,37,0.00230285
1773324398.04279518,0.03251392,6074,0.00013637,0.00000000,0,0.00000000,32160,32170,37,0.00297598
1773324398.14180779,0.04052475,6086,0.00026846,0.00000000,0,0.00000000,32170,32153,57,0.00150945
1773324398.24271226,0.02579693,6025,0.00017355,0.00000000,0,0.00000000,32153,32165,41,0.00228019
1773324398.34182477,0.03968224,6106,0.00063169,0.00000000,0,0.00000000,32165,32156,44,0.00231972
1773324398.44194412,0.03702490,6067,0.00118837,0.00000000,0,0.00000000,32156,32048,45,0.00281517
1773324398.54201031,0.04030083,6072,0.00017941,0.00000000,0,0.00000000,32048,32048,37,0.00163950
1773324398.64289188,0.04136728,6060,0.00055235,0.00000000,0,0.00000000,32048,32041,38,0.00153817
1773324398.74202132,0.03520574,6041,0.00040310,0.00000000,0,0.00000000,32041,32060,46,0.00201573
1773324398.84189510,0.04351606,6073,0.00051209,0.00000000,0,0.00000000,32060,32056,41,0.00158619
1773324398.94194651,0.03298933,6033,0.00014660,0.00000000,0,0.00000000,32056,32069,40,0.00182088
1773324399.04190063,0.03314284,6081,0.00011953,0.00000000,0,0.00000000,32069,32084,43,0.00218798
1773324399.14198112,0.01961745,6086,0.00019965,0.00000000,0,0.00000000,32084,32097,45,0.00185868
1773324399.24208498,0.02279968,6077,0.00012577,0.00000000,0,0.00000000,32097,32103,32,0.00088376
1773324399.34209704,0.03838291,6058,0.00046368,0.00000000,0,0.00000000,32103,32107,41,0.00173788
1773324399.44211602,0.04165222,6041,0.00046124,0.00000000,0,0.00000000,32107,32127,49,0.00295708
1773324399.54217482,0.04040703,6020,0.00044389,0.00000000,0,0.00000000,32127,32134,32,0.00086281
1773324399.64156485,0.03947248,6113,0.00050781,0.00000000,0,0.00000000,32134,32122,36,0.00082447
1773324399.74176002,0.04185417,6017,0.00019277,0.00000000,0,0.00000000,32122,32118,38,0.00198826
1773324399.84152412,0.03586673,6047,0.00029689,0.00000000,0,0.00000000,32118,32111,39,0.00166441
1773324399.94160104,0.04334795,6062,0.00032070,0.00000000,0,0.00000000,32111,32106,31,0.00176867
1773324400.04167151,0.04629635,6094,0.00055803,0.00000000,0,0.00000000,32106,32109,45,0.00171330
1773324400.14167643,0.03881979,6087,0.00016201,0.00000000,0,0.00000000,32109,32112,37,0.00106542
1773324400.24176073,0.02568771,6039,0.00012786,0.00000000,0,0.00000000,32112,32128,34,0.00219756
1773324400.34164762,0.04105491,6095,0.00019053,0.00000000,0,0.00000000,32128,32135,45,0.00457268
1773324400.44169259,0.04267462,6140,0.00077897,0.00000000,0,0.00000000,32135,32148,54,0.00347606
1773324400.54177904,0.04112342,6100,0.00045062,0.00000000,0,0.00000000,32148,32163,41,0.00263842
1773324400.64168024,0.04143439,6154,0.00071972,0.00000000,0,0.00000000,32163,32182,59,0.00153439
1773324400.74172306,0.03839572,6131,0.00075075,0.00000000,0,0.00000000,32182,32192,56,0.00281278
1773324400.84181333,0.04067404,6153,0.00022561,0.00000000,0,0.00000000,32192,32192,49,0.00310397
1773324400.94193149,0.03576945,6153,0.00048056,0.00000000,0,0.00000000,32192,32210,50,0.00302584
1773324401.04198360,0.04282374,6102,0.00042635,0.00000000,0,0.00000000,32210,32214,38,0.00206325
1773324401.14184904,0.03562029,6124,0.00025055,0.00000000,0,0.00000000,32214,32221,50,0.00172967
1773324401.24189448,0.02554579,6112,0.00018385,0.00000000,0,0.00000000,32221,32224,42,0.00095812
1773324401.34198046,0.02273028,6117,0.00021815,0.00000000,0,0.00000000,32224,32230,49,0.00157306
1773324401.44207692,0.04407100,6099,0.00066091,0.00000000,0,0.00000000,32230,32240,52,0.00278334
1773324401.54191828,0.04119705,6130,0.00024215,0.00000000,0,0.00000000,32240,32250,42,0.00195928
1773324401.64209676,0.03942818,6093,0.00062760,0.00000000,0,0.00000000,32250,32263,54,0.00123047
1773324401.74211049,0.04344386,6110,0.00082802,0.00000000,0,0.00000000,32263,32230,62,0.00078109
1773324401.84219408,0.03311614,6043,0.00059509,0.00000000,0,0.00000000,32230,32236,49,0.00169617
1773324401.94207478,0.04024975,6063,0.00046923,0.00000000,0,0.00000000,32236,32243,48,0.00117948
1773324402.04213548,0.03305592,6077,0.00058279,0.00000000,0,0.00000000,32243,32258,48,0.00187165
1773324402.14239693,0.01959519,6068,0.00017088,0.00000000,0,0.00000000,32258,32266,52,0.00222968
1773324402.24226785,0.02171174,6056,0.00012797,0.00000000,0,0.00000000,32266,32277,43,0.00302334
1773324402.34239674,0.02218244,6049,0.00018754,0.00000000,0,0.00000000,32277,32298,53,0.00219587
1773324402.44237161,0.03770464,6040,0.00061015,0.00000000,0,0.00000000,32298,32294,44,0.00316300
1773324402.54233241,0.03229010,6072,0.00050677,0.00000000,0,0.00000000,32294,32311,37,0.00082183
1773324402.64228702,0.04285468,6034,0.00032151,0.00000000,0,0.00000000,32311,32295,47,0.00082022
1773324402.74238467,0.04070098,6073,0.00057301,0.00000000,0,0.00000000,32295,32309,46,0.00087152
1773324402.84248233,0.04269771,6039,0.00053051,0.00000000,0,0.00000000,32309,32322,42,0.00240149
1773324402.94261289,0.02653994,6058,0.00045123,0.00000000,0,0.00000000,32322,32326,39,0.00254898
1773324403.04258299,0.03733596,6067,0.00024878,0.00000000,0,0.00000000,32326,32283,51,0.00159274
1773324403.14254260,0.03076963,6096,0.00008869,0.00000000,0,0.00000000,32283,32295,36,0.00187189
1773324403.24263000,0.02278402,6041,0.00017946,0.00000000,0,0.00000000,32295,32313,68,0.00351295
1773324403.34252644,0.02434138,6052,0.00060299,0.00000000,0,0.00000000,32313,32333,59,0.00161967
1773324403.44240093,0.03055712,6043,0.00079771,0.00000000,0,0.00000000,32333,32316,57,0.00273109
1773324403.54169965,0.03525041,6036,0.00017998,0.00000000,0,0.00000000,32316,32338,49,0.00230795
1773324403.64165449,0.04101487,6047,0.00060153,0.00000000,0,0.00000000,32338,32359,57,0.00132691
1773324403.74165797,0.02696491,6002,0.00054586,0.00000000,0,0.00000000,32359,32342,40,0.00221718
1773324403.84286547,0.03963514,6035,0.00042664,0.00000000,0,0.00000000,32342,32327,56,0.00175070
1773324403.94184756,0.03588866,6009,0.00053686,0.00000000,0,0.00000000,32327,32353,49,0.00196563
1773324404.04273152,0.04488391,6040,0.00067869,0.00000000,0,0.00000000,32353,32351,52,0.00303726
1773324404.14274716,0.03421881,6031,0.00042775,0.00000000,0,0.00000000,32351,32350,59,0.00227847
1773324404.24262905,0.02319322,6051,0.00016684,0.00000000,0,0.00000000,32350,32367,54,0.00185958
1773324404.34273434,0.03365383,6079,0.00018689,0.00000000,0,0.00000000,32367,32390,52,0.00237498
1773324404.44281864,0.04119908,6092,0.00058972,0.00000000,0,0.00000000,32390,32402,47,0.00388845
1773324404.54292631,0.04271875,6129,0.00024477,0.00000000,0,0.00000000,32402,32411,52,0.00276910
1773324404.64295220,0.04407339,6111,0.00021005,0.00000000,0,0.00000000,32411,32400,39,0.00082460
1773324404.74280143,0.04720611,6119,0.00027250,0.00000000,0,0.00000000,32400,32383,54,0.00110260
1773324404.84205317,0.04778972,6144,0.00025980,0.00000000,0,0.00000000,32383,32379,55,0.00174359
1773324404.94185257,0.04441409,6108,0.00024322,0.00000000,0,0.00000000,32379,32383,48,0.00178835
1773324405.04190445,0.04517232,6107,0.00066144,0.00000000,0,0.00000000,32383,32375,45,0.00087852
1773324405.14224958,0.02453632,6154,0.00115038,0.00000000,0,0.00000000,32375,32349,62,0.00260206
1773324405.24198151,0.02480405,6091,0.00017598,0.00000000,0,0.00000000,32349,32346,43,0.00099718
1773324405.34159899,0.02179471,6126,0.00017932,0.00000000,0,0.00000000,32346,32363,51,0.00141588
1773324405.44202733,0.04115680,6125,0.00061985,0.00000000,0,0.00000000,32363,32361,54,0.00307890
1773324405.54207850,0.03158124,6132,0.00067444,0.00000000,0,0.00000000,32361,32360,55,0.00147585
1773324405.64169455,0.03930479,6143,0.00063638,0.00000000,0,0.00000000,32360,32363,48,0.00099660
1773324405.74205208,0.03878814,6133,0.00045994,0.00000000,0,0.00000000,32363,32380,42,0.00081518
1773324405.84168005,0.03698818,6073,0.00053095,0.00000000,0,0.00000000,32380,32372,48,0.00196957
1773324405.94157457,0.03600340,6142,0.00060826,0.00000000,0,0.00000000,32372,32376,56,0.00199485
1773324406.04172063,0.03441938,6070,0.00049011,0.00000000,0,0.00000000,32376,32386,47,0.00159072
1773324406.14161825,0.02237473,6118,0.00016956,0.00000000,0,0.00000000,32386,32384,45,0.00140626
1773324406.24173021,0.02263920,6064,0.00019912,0.00000000,0,0.00000000,32384,32378,35,0.00210354
1773324406.34160209,0.02270359,6113,0.00014852,0.00000000,0,0.00000000,32378,32382,34,0.00245766
1773324406.44176102,0.04185627,6093,0.00056503,0.00000000,0,0.00000000,32382,32380,50,0.00356296
1773324406.54159617,0.04106681,6127,0.00019253,0.00000000,0,0.00000000,32380,32391,49,0.00144151
1773324406.64165282,0.04044736,6104,0.00069715,0.00000000,0,0.00000000,32391,32385,46,0.00081246
1773324406.74158716,0.02868938,6137,0.00014653,0.00000000,0,0.00000000,32385,32395,50,0.00123142
1773324406.84172416,0.02573709,6118,0.00048308,0.00000000,0,0.00000000,32395,32373,38,0.00307948
1773324406.94178486,0.03817657,6123,0.00048456,0.00000000,0,0.00000000,32373,32382,34,0.00078787
1773324407.04172540,0.04838943,6105,0.00067070,0.00000000,0,0.00000000,32382,32388,47,0.00170551
1773324407.14179778,0.03800854,6090,0.00064992,0.00000000,0,0.00000000,32388,32389,36,0.00183684
1773324407.24178052,0.01858985,6125,0.00011523,0.00000000,0,0.00000000,32389,32396,34,0.00213523
1773324407.34180474,0.01751630,6124,0.00015209,0.00000000,0,0.00000000,32396,32410,48,0.00156036
1773324407.44200349,0.04038687,6115,0.00085602,0.00000000,0,0.00000000,32410,32399,43,0.00290963
1773324407.54188776,0.03223715,6097,0.00048409,0.00000000,0,0.00000000,32399,32385,39,0.00120830
1773324407.64225841,0.03698748,6120,0.00024175,0.00000000,0,0.00000000,32385,32390,48,0.00123573
1773324407.74208379,0.03220063,6111,0.00058673,0.00000000,0,0.00000000,32390,32392,42,0.00071080
1773324407.84210610,0.03590714,6109,0.00067514,0.00000000,0,0.00000000,32392,32383,50,0.00255498
1773324407.94204450,0.04241290,6130,0.00018597,0.00000000,0,0.00000000,32383,32403,50,0.00177365
1773324408.04204750,0.04163207,6125,0.00024218,0.00000000,0,0.00000000,32403,32403,48,0.00191525
1773324408.14247632,0.03788336,6120,0.00015883,0.00000000,0,0.00000000,32403,32417,41,0.00182172
1773324408.24236155,0.02314075,6145,0.00020485,0.00000000,0,0.00000000,32417,32410,57,0.00210965
1773324408.34227514,0.01789163,6113,0.00016921,0.00000000,0,0.00000000,32410,32424,52,0.00091568
1773324408.44230485,0.03615701,6090,0.00045274,0.00000000,0,0.00000000,32424,32434,38,0.00329357
1773324408.54222965,0.03065919,6158,0.00058633,0.00000000,0,0.00000000,32434,32394,42,0.00181863
1773324408.64234591,0.04178840,6123,0.00060386,0.00000000,0,0.00000000,32394,32386,46,0.00086708
1773324408.74223781,0.04184452,6167,0.00068400,0.00000000,0,0.00000000,32386,32392,52,0.00165337
1773324408.84236097,0.03489681,6148,0.00024340,0.00000000,0,0.00000000,32392,32401,44,0.00307860
1773324408.94238615,0.04105788,6134,0.00073547,0.00000000,0,0.00000000,32401,32424,59,0.00177087
1773324409.04236913,0.03991961,6132,0.00017117,0.00000000,0,0.00000000,32424,32442,45,0.00088057
1773324409.14240527,0.02883752,6147,0.00046311,0.00000000,0,0.00000000,32442,32453,41,0.00217776
1773324409.24256659,0.02162366,6112,0.00014537,0.00000000,0,0.00000000,32453,32463,32,0.00133016
1773324409.34247327,0.02150726,6167,0.00020361,0.00000000,0,0.00000000,32463,32477,44,0.00186763
1773324409.44256258,0.03852340,6128,0.00091051,0.00000000,0,0.00000000,32477,32463,45,0.00212563
1773324409.54248500,0.03833789,6110,0.00063159,0.00000000,0,0.00000000,32463,32466,42,0.00093157
1773324409.64253521,0.03962136,6088,0.00048079,0.00000000,0,0.00000000,32466,32465,38,0.00080534
1773324409.74255753,0.03745559,6122,0.00093085,0.00000000,0,0.00000000,32465,32419,46,0.00080867
1773324409.84267449,0.03943134,6081,0.00078145,0.00000000,0,0.00000000,32419,32413,47,0.00204714
1773324409.94248223,0.04331274,6120,0.00067127,0.00000000,0,0.00000000,32413,32410,44,0.00250167
1773324410.04256415,0.03818851,6119,0.00021110,0.00000000,0,0.00000000,32410,32417,49,0.00301080
1773324410.14268899,0.03980373,6061,0.00065749,0.00000000,0,0.00000000,32417,32406,47,0.00301280
1773324410.24151349,0.02340991,6116,0.00017100,0.00000000,0,0.00000000,32406,32417,40,0.00321874
1773324410.34294033,0.02271596,6095,0.00015857,0.00000000,0,0.00000000,32417,32433,47,0.00292593
1773324410.44281888,0.03779753,6075,0.00045882,0.00000000,0,0.00000000,32433,32446,48,0.00369233
1773324410.54261208,0.04029761,6094,0.00048657,0.00000000,0,0.00000000,32446,32450,41,0.00094557
1773324410.64281106,0.04367674,6088,0.00054315,0.00000000,0,0.00000000,32450,32465,48,0.00090558
1773324410.74271202,0.03923690,6098,0.00014001,0.00000000,0,0.00000000,32465,32471,42,0.00086226
1773324410.84283543,0.04051529,6104,0.00037888,0.00000000,0,0.00000000,32471,32483,39,0.00196853
1773324410.94192028,0.03542543,6102,0.00049224,0.00000000,0,0.00000000,32483,32494,48,0.00257111
1773324411.04184294,0.02789408,6062,0.00015983,0.00000000,0,0.00000000,32494,32502,44,0.00127368
1773324411.14181447,0.03418303,6104,0.00047502,0.00000000,0,0.00000000,32502,32508,39,0.00184696
1773324411.24188089,0.02452293,6093,0.00019307,0.00000000,0,0.00000000,32508,32511,47,0.00217708
1773324411.34197497,0.02458882,6072,0.00047767,0.00000000,0,0.00000000,32511,32496,49,0.00174854
1773324411.44172359,0.03972323,6067,0.00040425,0.00000000,0,0.00000000,32496,32509,36,0.00305637
1773324411.54160643,0.03687606,6137,0.00017350,0.00000000,0,0.00000000,32509,32518,55,0.00161926
1773324411.64169908,0.03403157,6133,0.00065845,0.00000000,0,0.00000000,32518,32517,43,0.00162176
1773324411.74171090,0.03937472,6132,0.00052126,0.00000000,0,0.00000000,32517,32521,48,0.00104586
1773324411.84162927,0.04992920,6129,0.00038938,0.00000000,0,0.00000000,32521,32529,40,0.00112831
1773324411.94160271,0.04188401,6150,0.00022049,0.00000000,0,0.00000000,32529,32535,50,0.00255719
1773324412.04157853,0.03951021,6154,0.00057643,0.00000000,0,0.00000000,32535,32548,53,0.00201419
1773324412.14165735,0.03419135,6065,0.00049841,0.00000000,0,0.00000000,32548,32547,45,0.00200282
1773324412.24189258,0.02265106,6140,0.00033833,0.00000000,0,0.00000000,32547,32525,36,0.00236867
1773324412.34169912,0.03255374,6138,0.00012415,0.00000000,0,0.00000000,32525,32539,44,0.00278142
1773324412.44176793,0.03797701,6070,0.00033092,0.00000000,0,0.00000000,32539,32550,38,0.00078765
1773324412.54168224,0.03611731,6135,0.00035451,0.00000000,0,0.00000000,32550,32558,33,0.00121294
1773324412.64181828,0.04246584,6164,0.00020471,0.00000000,0,0.00000000,32558,32541,36,0.00085763
1773324412.74191093,0.03636295,6078,0.00031449,0.00000000,0,0.00000000,32541,32550,33,0.00192956
1773324412.84188509,0.04334878,6124,0.00048621,0.00000000,0,0.00000000,32550,32553,40,0.00265704
1773324412.94191289,0.04217421,6125,0.00022613,0.00000000,0,0.00000000,32553,32544,45,0.00172055
1773324413.04223943,0.04162533,6137,0.00020215,0.00000000,0,0.00000000,32544,32522,47,0.00183180
1773324413.14201164,0.02491247,6123,0.00048201,0.00000000,0,0.00000000,32522,32506,38,0.00163808
1773324413.24214149,0.02390818,6127,0.00022652,0.00000000,0,0.00000000,32506,32521,53,0.00168171
1773324413.34211612,0.02392480,6177,0.00031659,0.00000000,0,0.00000000,32521,32484,49,0.00143261
1773324413.44215083,0.03768874,6142,0.00036025,0.00000000,0,0.00000000,32484,32479,37,0.00135060
1773324413.54225230,0.03734241,6146,0.00038292,0.00000000,0,0.00000000,32479,32478,36,0.00083203
1773324413.64235258,0.03916091,6104,0.00014298,0.00000000,0,0.00000000,32478,32490,30,0.00150535
1773324413.74228907,0.03601250,6152,0.00012250,0.00000000,0,0.00000000,32490,32493,41,0.00078822
1773324413.84238338,0.03559548,6107,0.00044405,0.00000000,0,0.00000000,32493,32506,41,0.00270201
1773324413.94230533,0.03666240,6118,0.00065476,0.00000000,0,0.00000000,32506,32513,56,0.00171226
1773324414.04246664,0.04047921,6068,0.00050999,0.00000000,0,0.00000000,32513,32524,42,0.00344276
1773324414.14240170,0.02167767,6109,0.00036828,0.00000000,0,0.00000000,32524,32539,53,0.00170951
1773324414.24259043,0.02885668,6147,0.00019870,0.00000000,0,0.00000000,32539,32543,55,0.00217036
1773324414.34262419,0.03052420,6088,0.00021755,0.00000000,0,0.00000000,32543,32536,31,0.00146268
1773324414.44259095,0.04610633,6149,0.00018770,0.00000000,0,0.00000000,32536,32551,37,0.00318203
1773324414.54265118,0.04756081,6098,0.00019714,0.00000000,0,0.00000000,32551,32553,43,0.00194060
1773324414.64257479,0.05176107,6130,0.00088860,0.00000000,0,0.00000000,32553,32555,49,0.00085187
1773324414.74278045,0.04562993,6135,0.00078865,0.00000000,0,0.00000000,32555,32533,42,0.00078923
1773324414.84268856,0.04120829,6134,0.00022262,0.00000000,0,0.00000000,32533,32521,52,0.00122940
1773324414.94265962,0.03827160,6178,0.00041853,0.00000000,0,0.00000000,32521,32521,34,0.00171145
1773324415.04283857,0.03601056,6113,0.00039822,0.00000000,0,0.00000000,32521,32539,55,0.00097964
1773324415.14279079,0.03317687,6116,0.00010695,0.00000000,0,0.00000000,32539,32548,32,0.00196168
1773324415.24285698,0.01853088,6095,0.00019922,0.00000000,0,0.00000000,32548,32565,51,0.00281314
1773324415.34275222,0.03791678,6128,0.00055614,0.00000000,0,0.00000000,32565,32549,40,0.00190075
1773324415.44160342,0.03965688,6141,0.00068657,0.00000000,0,0.00000000,32549,32505,51,0.00363025
1773324415.54280853,0.03858935,6106,0.00075856,0.00000000,0,0.00000000,32505,32468,40,0.00204291
1773324415.64161491,0.04028192,6115,0.00047101,0.00000000,0,0.00000000,32468,32466,39,0.00084864
1773324415.74190640,0.03843871,6175,0.00050135,0.00000000,0,0.00000000,32466,32471,48,0.00076760
1773324415.84206343,0.03842643,6100,0.00021678,0.00000000,0,0.00000000,32471,32471,39,0.00184804
1773324415.94161248,0.03252310,6099,0.00058822,0.00000000,0,0.00000000,32471,32478,59,0.00204557
1773324416.04170823,0.04334288,6127,0.00014939,0.00000000,0,0.00000000,32478,32474,45,0.00181479
1773324416.14158440,0.03143847,6147,0.00017724,0.00000000,0,0.00000000,32474,32483,42,0.00156852
1773324416.24179721,0.01965219,6167,0.00015499,0.00000000,0,0.00000000,32483,32473,39,0.00251782
1773324416.34174800,0.04079580,6118,0.00051813,0.00000000,0,0.00000000,32473,32474,43,0.00290870
1773324416.44167662,0.03817164,6125,0.00049509,0.00000000,0,0.00000000,32474,32485,39,0.00296948
1773324416.54155660,0.03852269,6167,0.00070281,0.00000000,0,0.00000000,32485,32491,50,0.00190893
1773324416.64171386,0.04080160,6120,0.00073830,0.00000000,0,0.00000000,32491,32490,54,0.00083337
1773324416.74176574,0.06772155,6106,0.00064485,0.00000000,0,0.00000000,32490,32497,58,0.00177465
1773324416.84172416,0.05688927,6114,0.00140741,0.00000000,0,0.00000000,32497,32500,45,0.00122583
1773324416.94177580,0.03481962,6088,0.00024607,0.00000000,0,0.00000000,32500,32502,49,0.00284110
1773324417.04178333,0.04395777,6135,0.00022426,0.00000000,0,0.00000000,32502,32498,46,0.00415001
1773324417.14189935,0.03195808,6139,0.00059973,0.00000000,0,0.00000000,32498,32514,52,0.00548392
1773324417.24197841,0.01715057,6098,0.00010269,0.00000000,0,0.00000000,32514,32519,39,0.00416983
1773324417.34188175,0.01782722,6106,0.00010817,0.00000000,0,0.00000000,32519,32528,38,0.00161920
1773324417.44198608,0.03254235,6143,0.00049201,0.00000000,0,0.00000000,32528,32537,45,0.00302798
1773324417.54210091,0.04066372,6118,0.00048554,0.00000000,0,0.00000000,32537,32551,36,0.00107892
1773324417.64205980,0.03456782,6106,0.00048500,0.00000000,0,0.00000000,32551,32559,43,0.00091236
1773324417.74207759,0.04133165,6095,0.00046975,0.00000000,0,0.00000000,32559,32576,49,0.00073361
1773324417.84214902,0.03682318,6119,0.00052877,0.00000000,0,0.00000000,32576,32576,39,0.00227586
1773324417.94223809,0.02548379,6136,0.00049798,0.00000000,0,0.00000000,32576,32580,42,0.00194784
1773324418.04239559,0.03824547,6111,0.00016211,0.00000000,0,0.00000000,32580,32582,34,0.00120788
1773324418.14246416,0.04171236,6154,0.00026920,0.00000000,0,0.00000000,32582,32597,43,0.00163296
1773324418.24239230,0.02205168,6137,0.00020088,0.00000000,0,0.00000000,32597,32581,46,0.00292747
1773324418.34236073,0.03279045,6167,0.00044545,0.00000000,0,0.00000000,32581,32588,37,0.00295240
1773324418.44249797,0.04516551,6104,0.00014005,0.00000000,0,0.00000000,32588,32609,44,0.00404329
1773324418.54237890,0.04066494,6158,0.00020391,0.00000000,0,0.00000000,32609,32620,60,0.00114300
1773324418.64250612,0.03303019,6127,0.00011553,0.00000000,0,0.00000000,32620,32628,36,0.00110784
1773324418.74255991,0.03222224,6113,0.00048931,0.00000000,0,0.00000000,32628,32640,46,0.00109220
1773324418.84264708,0.03398615,6128,0.00050986,0.00000000,0,0.00000000,32640,32631,41,0.00118764
1773324418.94257975,0.03856700,6113,0.00047073,0.00000000,0,0.00000000,32631,32643,36,0.00276961
1773324419.04266477,0.04806018,6095,0.00020624,0.00000000,0,0.00000000,32643,32658,45,0.00249685
1773324419.14258766,0.03889291,6099,0.00060556,0.00000000,0,0.00000000,32658,32664,52,0.00307211
1773324419.24249911,0.02937834,6134,0.00024669,0.00000000,0,0.00000000,32664,32668,41,0.00279246
1773324419.34263349,0.02268121,6145,0.00020245,0.00000000,0,0.00000000,32668,32682,46,0.00171807
1773324419.44266415,0.02383198,6085,0.00025758,0.00000000,0,0.00000000,32682,32671,50,0.00195452
1773324419.54168105,0.04364458,6100,0.00068737,0.00000000,0,0.00000000,32671,32661,49,0.00188673
1773324419.64273787,0.03551332,6157,0.00040650,0.00000000,0,0.00000000,32661,32669,34,0.00277097
1773324419.74272132,0.04334256,6114,0.00025642,0.00000000,0,0.00000000,32669,32609,43,0.00111209
1773324419.84283495,0.03390161,6112,0.00020379,0.00000000,0,0.00000000,32609,32598,47,0.00122836
1773324419.94179630,0.03449667,6118,0.00036873,0.00000000,0,0.00000000,32598,32600,35,0.00273386
1773324420.04287338,0.04217207,6138,0.00046157,0.00000000,0,0.00000000,32600,32598,48,0.00163238
1773324420.14286518,0.03577973,6158,0.00015983,0.00000000,0,0.00000000,32598,32611,42,0.00119089
1773324420.24308324,0.02320280,6086,0.00008844,0.00000000,0,0.00000000,32611,32613,39,0.00236478
1773324420.34199858,0.03838903,6115,0.00053908,0.00000000,0,0.00000000,32613,32620,52,0.00298301
1773324420.44190073,0.03632909,6114,0.00069330,0.00000000,0,0.00000000,32620,32600,47,0.00390274
1773324420.54202724,0.03267815,6122,0.00048230,0.00000000,0,0.00000000,32600,32618,48,0.00187814
1773324420.64231658,0.03937173,6110,0.00046308,0.00000000,0,0.00000000,32618,32619,40,0.00149774
1773324420.74156213,0.03709317,6144,0.00052352,0.00000000,0,0.00000000,32619,32617,63,0.00118389
1773324420.84202480,0.03876912,6103,0.00069644,0.00000000,0,0.00000000,32617,32602,40,0.00198688
1773324420.94160557,0.03868245,6136,0.00051868,0.00000000,0,0.00000000,32602,32613,43,0.00163028
1773324421.04211164,0.03276604,6102,0.00019219,0.00000000,0,0.00000000,32613,32609,38,0.00191469
1773324421.14166355,0.03248087,6104,0.00034667,0.00000000,0,0.00000000,32609,32622,34,0.00081164
1773324421.24159098,0.02176369,6125,0.00020280,0.00000000,0,0.00000000,32622,32629,43,0.00252629
1773324421.34155631,0.02338480,6127,0.00021819,0.00000000,0,0.00000000,32629,32623,47,0.00163081
1773324421.44160914,0.03638528,6121,0.00052045,0.00000000,0,0.00000000,32623,32636,42,0.00370045
1773324421.54165959,0.03671905,6122,0.00041404,0.00000000,0,0.00000000,32636,32653,42,0.00080868
1773324421.64169359,0.03916955,6098,0.00063049,0.00000000,0,0.00000000,32653,32643,44,0.00139124
1773324421.74179578,0.03361395,5996,0.00017316,0.00000000,0,0.00000000,32643,32648,52,0.00118766
1773324421.84174013,0.03373958,6133,0.00050316,0.00000000,0,0.00000000,32648,32641,38,0.00318908
1773324421.94182301,0.03375259,6055,0.00043136,0.00000000,0,0.00000000,32641,32654,50,0.00186185
1773324422.04177451,0.03480382,6069,0.00065746,0.00000000,0,0.00000000,32654,32661,48,0.00167232
1773324422.14183712,0.02201884,6104,0.00021986,0.00000000,0,0.00000000,32661,32671,41,0.00267501
1773324422.24190807,0.02429632,6069,0.00017010,0.00000000,0,0.00000000,32671,32666,38,0.00225604
1773324422.34202361,0.02064973,6027,0.00009743,0.00000000,0,0.00000000,32666,32666,34,0.00101502
1773324422.44193745,0.03557427,6030,0.00013783,0.00000000,0,0.00000000,32666,32678,39,0.00283302
1773324422.54206896,0.03930257,5999,0.00071647,0.00000000,0,0.00000000,32678,32684,56,0.00110660
1773324422.64216542,0.03711409,5997,0.00057373,0.00000000,0,0.00000000,32684,32683,44,0.00078652
1773324422.74224210,0.03469299,5960,0.00060392,0.00000000,0,0.00000000,32683,32681,51,0.00093977
1773324422.84210014,0.03768839,6025,0.00069111,0.00000000,0,0.00000000,32681,32695,56,0.00091039
1773324422.94221115,0.03787649,5985,0.00019084,0.00000000,0,0.00000000,32695,32697,41,0.00349241
1773324423.04231858,0.04398944,5951,0.00030928,0.00000000,0,0.00000000,32697,32673,57,0.00269644
1773324423.14230776,0.03652043,5984,0.00067670,0.00000000,0,0.00000000,32673,32682,47,0.00216046
1773324423.24244165,0.01846193,5982,0.00017967,0.00000000,0,0.00000000,32682,32698,55,0.00184676
1773324423.34247398,0.02496256,5974,0.00053355,0.00000000,0,0.00000000,32698,32716,46,0.00210158
1773324423.44253755,0.03571426,5956,0.00015035,0.00000000,0,0.00000000,32716,32714,40,0.00304568
1773324423.54232526,0.04059361,5957,0.00057037,0.00000000,0,0.00000000,32714,32724,51,0.00090606
1773324423.64234734,0.07494641,6035,0.00074990,0.00000000,0,0.00000000,32724,32741,52,0.00134107
1773324423.74248934,0.04471127,6033,0.00079465,0.00000000,0,0.00000000,32741,32730,54,0.00092304
1773324423.84255362,0.04198226,6003,0.00029160,0.00000000,0,0.00000000,32730,32736,59,0.00207632
1773324423.94246793,0.04231150,6014,0.00026646,0.00000000,0,0.00000000,32736,32753,47,0.00258443
1773324424.04243493,0.04404387,6028,0.00018776,0.00000000,0,0.00000000,32753,32760,47,0.00321050
1773324424.14252210,0.05568517,5984,0.00036486,0.00000000,0,0.00000000,32760,32729,52,0.00209389
1773324424.24166608,0.03664578,6033,0.00019318,0.00000000,0,0.00000000,32729,32731,36,0.00313981
1773324424.34268117,0.02431236,5964,0.00027142,0.00000000,0,0.00000000,32731,32736,45,0.00217669
1773324424.44256544,0.02241652,6031,0.00028936,0.00000000,0,0.00000000,32736,32712,55,0.00287114
1773324424.54259562,0.03960001,6005,0.00041175,0.00000000,0,0.00000000,32712,32728,46,0.00154691
1773324424.64267659,0.03838786,6019,0.00059706,0.00000000,0,0.00000000,32728,32716,42,0.00305283
1773324424.74283290,0.02984027,5984,0.00022306,0.00000000,0,0.00000000,32716,32732,37,0.00077453
1773324424.84192014,0.03257454,6008,0.00064437,0.00000000,0,0.00000000,32732,32728,52,0.00097959
1773324424.94285560,0.03526478,6030,0.00051441,0.00000000,0,0.00000000,32728,32735,46,0.00192981
1773324425.04295325,0.04429108,6017,0.00019167,0.00000000,0,0.00000000,32735,32745,48,0.00227535
1773324425.14212155,0.02533956,6051,0.00029067,0.00000000,0,0.00000000,32745,32739,50,0.00291095
1773324425.24194336,0.02224069,6088,0.00011791,0.00000000,0,0.00000000,32739,32740,38,0.00252068
1773324425.34193730,0.02439143,6090,0.00011960,0.00000000,0,0.00000000,32740,32742,34,0.00262895
1773324425.44200993,0.03788670,6017,0.00012082,0.00000000,0,0.00000000,32742,32747,36,0.00216683
1773324425.54159141,0.03653263,6059,0.00046231,0.00000000,0,0.00000000,32747,32743,38,0.00088891
1773324425.64165711,0.04560083,6024,0.00038559,0.00000000,0,0.00000000,32743,32741,37,0.00107415
1773324425.74154949,0.03734015,6083,0.00047317,0.00000000,0,0.00000000,32741,32750,40,0.00122743
1773324425.84160638,0.04128861,6016,0.00043861,0.00000000,0,0.00000000,32750,32756,39,0.00256718
1773324425.94152641,0.04130066,6059,0.00022840,0.00000000,0,0.00000000,32756,32739,40,0.00326499
1773324426.04179430,0.03896051,6087,0.00012396,0.00000000,0,0.00000000,32739,32746,35,0.00285421
1773324426.14156675,0.02884598,6093,0.00049283,0.00000000,0,0.00000000,32746,32757,48,0.00234297
1773324426.24171615,0.02620672,6089,0.00017831,0.00000000,0,0.00000000,32757,32758,45,0.00226106
1773324426.34177589,0.02364724,6032,0.00015298,0.00000000,0,0.00000000,32758,32766,44,0.00192292
1773324426.44165516,0.03904694,6099,0.00016807,0.00000000,0,0.00000000,32766,32758,35,0.00271141
1773324426.54187202,0.03702783,6081,0.00048607,0.00000000,0,0.00000000,32758,32769,34,0.00079264
1773324426.64181113,0.03939235,6062,0.00044959,0.00000000,0,0.00000000,32769,32785,37,0.00076313
1773324426.74188662,0.03122164,6058,0.00047724,0.00000000,0,0.00000000,32785,32777,38,0.00075677
1773324426.84193277,0.03961400,6083,0.00020286,0.00000000,0,0.00000000,32777,32788,40,0.00209930
1773324426.94198155,0.03510877,5997,0.00042462,0.00000000,0,0.00000000,32788,32788,34,0.00268916
1773324427.04202247,0.03832336,6048,0.00015259,0.00000000,0,0.00000000,32788,32785,35,0.00327365
1773324427.14208531,0.04045483,6055,0.00027245,0.00000000,0,0.00000000,32785,32765,33,0.00183958
1773324427.24207544,0.02381328,6069,0.00012503,0.00000000,0,0.00000000,32765,32772,39,0.00290931
1773324427.34209228,0.02764650,6063,0.00041694,0.00000000,0,0.00000000,32772,32773,33,0.00249483
1773324427.44207883,0.04036499,6072,0.00032583,0.00000000,0,0.00000000,32773,32781,42,0.00333950
1773324427.54226208,0.03831665,6008,0.00013005,0.00000000,0,0.00000000,32781,32782,44,0.00094174
1773324427.64231157,0.03702215,6097,0.00044940,0.00000000,0,0.00000000,32782,32786,39,0.00142228
1773324427.74229860,0.03352702,6120,0.00039405,0.00000000,0,0.00000000,32786,32793,34,0.00114873
1773324427.84228277,0.04159054,6030,0.00047539,0.00000000,0,0.00000000,32793,32798,39,0.00092796
1773324427.94231510,0.03615750,6030,0.00028742,0.00000000,0,0.00000000,32798,32805,33,0.00190027
1773324428.04232979,0.04019661,6035,0.00050691,0.00000000,0,0.00000000,32805,32812,51,0.00220665
1773324428.14241910,0.03519139,6064,0.00069700,0.00000000,0,0.00000000,32812,32738,48,0.00222016
1773324428.24255776,0.02034249,6022,0.00024198,0.00000000,0,0.00000000,32738,32746,43,0.00084233
1773324428.34242582,0.02104927,6032,0.00010329,0.00000000,0,0.00000000,32746,32749,35,0.00193094
1773324428.44250512,0.04612308,6034,0.00023664,0.00000000,0,0.00000000,32749,32760,48,0.00334461
1773324428.54236054,0.05796762,6108,0.00024721,0.00000000,0,0.00000000,32760,32758,34,0.00310010
1773324428.64266515,0.04408716,6043,0.00056561,0.00000000,0,0.00000000,32758,32763,47,0.00083638
1773324428.74249172,0.03866474,6077,0.00046292,0.00000000,0,0.00000000,32763,32773,37,0.00079782
1773324428.84272933,0.03990561,6037,0.00046919,0.00000000,0,0.00000000,32773,32784,44,0.00138957
1773324428.94255710,0.04335478,6077,0.00064105,0.00000000,0,0.00000000,32784,32786,49,0.00085506
1773324429.04259562,0.03942171,6024,0.00054901,0.00000000,0,0.00000000,32786,32781,45,0.00238449
1773324429.14266753,0.02895629,6022,0.00028842,0.00000000,0,0.00000000,32781,32770,40,0.00288276
1773324429.24278712,0.01984498,6014,0.00015998,0.00000000,0,0.00000000,32770,32772,55,0.00307182
1773324429.34173989,0.01950567,6015,0.00013277,0.00000000,0,0.00000000,32772,32772,51,0.00288757
1773324429.44276214,0.03018705,6042,0.00095814,0.00000000,0,0.00000000,32772,32731,45,0.00312501
1773324429.54180598,0.04092820,6082,0.00095341,0.00000000,0,0.00000000,32731,32706,44,0.00264970
1773324429.64290786,0.04000567,6010,0.00061374,0.00000000,0,0.00000000,32706,32709,44,0.00228508
1773324429.74281788,0.03226735,6041,0.00046523,0.00000000,0,0.00000000,32709,32714,46,0.00079700
1773324429.84188795,0.04093096,6015,0.00049270,0.00000000,0,0.00000000,32714,32717,38,0.00093740
1773324429.94161177,0.02639803,6100,0.00037430,0.00000000,0,0.00000000,32717,32710,25,0.00277818
1773324430.04204178,0.03282650,6008,0.00013107,0.00000000,0,0.00000000,32710,32722,42,0.00212408
1773324430.14201140,0.04160057,6028,0.00035998,0.00000000,0,0.00000000,32722,32734,39,0.00149950
1773324430.24208379,0.02154866,6020,0.00015660,0.00000000,0,0.00000000,32734,32747,47,0.00254910
1773324430.34170485,0.03068731,6037,0.00067152,0.00000000,0,0.00000000,32747,32754,43,0.00239660
1773324430.44211936,0.03620599,6024,0.00053110,0.00000000,0,0.00000000,32754,32751,44,0.00428977
1773324430.54165840,0.04468254,5991,0.00017925,0.00000000,0,0.00000000,32751,32766,44,0.00102415
1773324430.64159465,0.04902215,6041,0.00068814,0.00000000,0,0.00000000,32766,32771,45,0.00088484
1773324430.74159145,0.04367810,6050,0.00050565,0.00000000,0,0.00000000,32771,32764,48,0.00086739
1773324430.84166527,0.05093027,6020,0.00041468,0.00000000,0,0.00000000,32764,32764,34,0.00198872
1773324430.94172955,0.04714966,6023,0.00065202,0.00000000,0,0.00000000,32764,32762,46,0.00090241
1773324431.04170203,0.06401279,6005,0.00058020,0.00000000,0,0.00000000,32762,32767,49,0.00091421
1773324431.14157701,0.06950581,6049,0.00058298,0.00000000,0,0.00000000,32767,32785,36,0.00202308
1773324431.24166250,0.04551537,6025,0.00054288,0.00000000,0,0.00000000,32785,32801,48,0.00224477
1773324431.34175730,0.04880746,6038,0.00095859,0.00000000,0,0.00000000,32801,32801,53,0.00218806
1773324431.44180608,0.02878056,6034,0.00044776,0.00000000,0,0.00000000,32801,32807,58,0.00427334
1773324431.54189754,0.02726953,6066,0.00015999,0.00000000,0,0.00000000,32807,32816,39,0.00249109
1773324431.64197135,0.07191384,5991,0.00028582,0.00000000,0,0.00000000,32816,32826,44,0.00262037
1773324431.74195695,0.06104299,6004,0.00038273,0.00000000,0,0.00000000,32826,32832,44,0.00305758
1773324431.84196687,0.04660417,6037,0.00053067,0.00000000,0,0.00000000,32832,32845,43,0.00417839
1773324431.94188952,0.04744465,6046,0.00062820,0.00000000,0,0.00000000,32845,32837,49,0.00198437
1773324432.04194403,0.04677209,6042,0.00100949,0.00000000,0,0.00000000,32837,32846,61,0.00133803
1773324432.14220357,0.05944964,6054,0.00073289,0.00000000,0,0.00000000,32846,32859,51,0.00589934
1773324432.24217701,0.04834436,6050,0.00082032,0.00000000,0,0.00000000,32859,32838,48,0.00263359
1773324432.34216404,0.03546701,6031,0.00052560,0.00000000,0,0.00000000,32838,32847,60,0.00292572
1773324432.44217849,0.02587854,6037,0.00016323,0.00000000,0,0.00000000,32847,32857,50,0.00297001
1773324432.54227734,0.03981291,6001,0.00071154,0.00000000,0,0.00000000,32857,32873,62,0.00345344
1773324432.64232707,0.04057984,6009,0.00064944,0.00000000,0,0.00000000,32873,32878,55,0.00314754
1773324432.74242234,0.04662550,5985,0.00121414,0.00000000,0,0.00000000,32878,32896,61,0.00333864
1773324432.84218264,0.04208621,5985,0.00049810,0.00000000,0,0.00000000,32896,32912,54,0.00270884
1773324432.94248056,0.04269182,6001,0.00065702,0.00000000,0,0.00000000,32912,32919,48,0.00111187
1773324433.04253387,0.05217283,5974,0.00100022,0.00000000,0,0.00000000,32919,32866,55,0.00268684
1773324433.14254141,0.05648409,5985,0.00053770,0.00000000,0,0.00000000,32866,32866,46,0.00336180
1773324433.24268484,0.03319619,5949,0.00053380,0.00000000,0,0.00000000,32866,32878,48,0.00358387
1773324433.34261560,0.03800043,5960,0.00026107,0.00000000,0,0.00000000,32878,32882,38,0.00170240
1773324433.44254136,0.03054125,5984,0.00032481,0.00000000,0,0.00000000,32882,32873,37,0.00332543
1773324433.54271460,0.02868159,5986,0.00023726,0.00000000,0,0.00000000,32873,32882,58,0.00267058
1773324433.64263725,0.05775865,6038,0.00060090,0.00000000,0,0.00000000,32882,32898,56,0.00125840
1773324433.74265170,0.05321636,6056,0.00124728,0.00000000,0,0.00000000,32898,32893,56,0.00540353
1773324433.84273124,0.05189730,5996,0.00046729,0.00000000,0,0.00000000,32893,32912,45,0.00309877
1773324433.94272447,0.04740829,6010,0.00097314,0.00000000,0,0.00000000,32912,32874,63,0.00113324
1773324434.04269099,0.05160301,5977,0.00081163,0.00000000,0,0.00000000,32874,32875,46,0.00342095
1773324434.14277148,0.04853585,6011,0.00075335,0.00000000,0,0.00000000,32875,32879,55,0.00329187
1773324434.24288273,0.03712647,5977,0.00045619,0.00000000,0,0.00000000,32879,32901,72,0.00238891
1773324434.34281564,0.04787453,6038,0.00067476,0.00000000,0,0.00000000,32901,32906,47,0.00280730
1773324434.44282126,0.02870458,5966,0.00040054,0.00000000,0,0.00000000,32906,32905,61,0.00379915
1773324434.54194570,0.02638117,6001,0.00020978,0.00000000,0,0.00000000,32905,32907,53,0.00415941
1773324434.64288235,0.03694747,5998,0.00054051,0.00000000,0,0.00000000,32907,32922,53,0.00232974
1773324434.74296212,0.04577924,5947,0.00058469,0.00000000,0,0.00000000,32922,32925,42,0.00494259
1773324434.84188509,0.03856933,5982,0.00054097,0.00000000,0,0.00000000,32925,32919,38,0.00088624
1773324434.94195795,0.04995436,5976,0.00056024,0.00000000,0,0.00000000,32919,32923,39,0.00113852
1773324435.04199481,0.05353153,5966,0.00050204,0.00000000,0,0.00000000,32923,32944,39,0.00138177
1773324435.14167714,0.04855663,6023,0.00068467,0.00000000,0,0.00000000,32944,32938,52,0.00244376
1773324435.24172521,0.04389386,6002,0.00059837,0.00000000,0,0.00000000,32938,32846,60,0.00374019
1773324435.34168172,0.02538455,6049,0.00016856,0.00000000,0,0.00000000,32846,32855,44,0.00287115
1773324435.44170380,0.02735818,6078,0.00015530,0.00000000,0,0.00000000,32855,32875,48,0.00335720
1773324435.54155207,0.04953244,6073,0.00088532,0.00000000,0,0.00000000,32875,32887,47,0.00204641
1773324435.64159131,0.05026546,6030,0.00074905,0.00000000,0,0.00000000,32887,32879,51,0.00264715
1773324435.74161005,0.05471003,6060,0.00098002,0.00000000,0,0.00000000,32879,32844,60,0.00106163
1773324435.84164381,0.04998647,6038,0.00083431,0.00000000,0,0.00000000,32844,32868,66,0.00121885
1773324435.94158959,0.04775910,6069,0.00063243,0.00000000,0,0.00000000,32868,32893,49,0.00342654
1773324436.04160142,0.03754232,6108,0.00077458,0.00000000,0,0.00000000,32893,32894,58,0.00427433
1773324436.14173341,0.05910150,6088,0.00057775,0.00000000,0,0.00000000,32894,32894,47,0.00423829
1773324436.24182463,0.04720944,6094,0.00046537,0.00000000,0,0.00000000,32894,32899,40,0.00239368
1773324436.34193182,0.03724410,6079,0.00032420,0.00000000,0,0.00000000,32899,32913,51,0.00312945
1773324436.44187617,0.03096034,6110,0.00019326,0.00000000,0,0.00000000,32913,32916,41,0.00524346
1773324436.54206800,0.02766180,6084,0.00014808,0.00000000,0,0.00000000,32916,32925,50,0.00342704
1773324436.64205527,0.05066369,6066,0.00063172,0.00000000,0,0.00000000,32925,32936,53,0.00181868
1773324436.74191880,0.05162005,6141,0.00086178,0.00000000,0,0.00000000,32936,32944,53,0.00129852
1773324436.84200263,0.05004303,6061,0.00052625,0.00000000,0,0.00000000,32944,32965,65,0.00140443
1773324436.94212532,0.04550801,6143,0.00062113,0.00000000,0,0.00000000,32965,32967,43,0.00123432
1773324437.04218364,0.04699701,6085,0.00058587,0.00000000,0,0.00000000,32967,32971,40,0.00371764
1773324437.14214206,0.04930625,6118,0.00114640,0.00000000,0,0.00000000,32971,32934,54,0.00356543
1773324437.24256635,0.03194919,6140,0.00066660,0.00000000,0,0.00000000,32934,32914,54,0.00377534
1773324437.34217882,0.02700800,6140,0.00018880,0.00000000,0,0.00000000,32914,32909,48,0.00243907
1773324437.44229460,0.02917281,6151,0.00019445,0.00000000,0,0.00000000,32909,32925,50,0.00360245
1773324437.54240155,0.02494861,6155,0.00014106,0.00000000,0,0.00000000,32925,32928,37,0.00307611
1773324437.64244056,0.05067191,6154,0.00050160,0.00000000,0,0.00000000,32928,32940,51,0.00229808
1773324437.74239302,0.04872190,6149,0.00076028,0.00000000,0,0.00000000,32940,32910,46,0.00470767
1773324437.84246898,0.04556546,6164,0.00033522,0.00000000,0,0.00000000,32910,32923,43,0.00156238
1773324437.94256043,0.04559408,6139,0.00058026,0.00000000,0,0.00000000,32923,32932,52,0.00112076
1773324438.04256058,0.04213352,6023,0.00042207,0.00000000,0,0.00000000,32932,32945,43,0.00211427
1773324438.14166188,0.04470517,6302,0.00044148,0.00000000,0,0.00000000,32945,32949,40,0.00281000
1773324438.24265289,0.03860116,6129,0.00018329,0.00000000,0,0.00000000,32949,32965,45,0.00330941
1773324438.34257269,0.03990535,6121,0.00014752,0.00000000,0,0.00000000,32965,32971,36,0.00257538
1773324438.44269967,0.02537438,6170,0.00014525,0.00000000,0,0.00000000,32971,32977,35,0.00549882
1773324438.54272532,0.02313766,6167,0.00014437,0.00000000,0,0.00000000,32977,32979,40,0.00313596
1773324438.64274788,0.05174359,6171,0.00057287,0.00000000,0,0.00000000,32979,32983,43,0.00126187
1773324438.74276114,0.04498067,6117,0.00054216,0.00000000,0,0.00000000,32983,32985,45,0.00282825
1773324438.84274554,0.04734777,6134,0.00059677,0.00000000,0,0.00000000,32985,32973,45,0.00090579
1773324438.94284296,0.04758232,6095,0.00080662,0.00000000,0,0.00000000,32973,32983,43,0.00096323
1773324439.04284191,0.06429540,6120,0.00100476,0.00000000,0,0.00000000,32983,32972,44,0.00245373
1773324439.14287186,0.04045092,6089,0.00068990,0.00000000,0,0.00000000,32972,32980,58,0.00338671
1773324439.24296618,0.04626531,6089,0.00078979,0.00000000,0,0.00000000,32980,32990,63,0.00276622
1773324439.34298325,0.02866251,6097,0.00024232,0.00000000,0,0.00000000,32990,33006,44,0.00384437
1773324439.44293165,0.03279737,6055,0.00024725,0.00000000,0,0.00000000,33006,33018,40,0.00535586
1773324439.54210734,0.03102931,6078,0.00024692,0.00000000,0,0.00000000,33018,33013,39,0.00415707
1773324439.64210558,0.05686734,6004,0.00066947,0.00000000,0,0.00000000,33013,32989,58,0.00295629
1773324439.74156690,0.04607563,6060,0.00065059,0.00000000,0,0.00000000,32989,33003,48,0.00124062
1773324439.84166908,0.04409947,6048,0.00063399,0.00000000,0,0.00000000,33003,33011,52,0.00120037
1773324439.94162989,0.04894098,6084,0.00070892,0.00000000,0,0.00000000,33011,32979,38,0.00124061
1773324440.04166031,0.04856148,6068,0.00078898,0.00000000,0,0.00000000,32979,32981,50,0.00139117
1773324440.14172769,0.04642642,6063,0.00027080,0.00000000,0,0.00000000,32981,32975,44,0.00361262
1773324440.24157405,0.04814749,6087,0.00056697,0.00000000,0,0.00000000,32975,32988,40,0.00373386
1773324440.34188795,0.02542543,6080,0.00026418,0.00000000,0,0.00000000,32988,32988,55,0.00196541
1773324440.44151735,0.02695281,6145,0.00019221,0.00000000,0,0.00000000,32988,33009,44,0.00306688
1773324440.54161263,0.04852450,6092,0.00035624,0.00000000,0,0.00000000,33009,33026,40,0.00216838
1773324440.64167213,0.04739445,6089,0.00057070,0.00000000,0,0.00000000,33026,33041,53,0.00236334
1773324440.74174714,0.04969370,6104,0.00058581,0.00000000,0,0.00000000,33041,33047,46,0.00280197
1773324440.84170771,0.04778378,6100,0.00086510,0.00000000,0,0.00000000,33047,33044,52,0.00273004
1773324440.94181085,0.04419806,6094,0.00075953,0.00000000,0,0.00000000,33044,33042,57,0.00193248
1773324441.04187822,0.04745003,6115,0.00053283,0.00000000,0,0.00000000,33042,33055,44,0.00215901
1773324441.14191723,0.06003466,6079,0.00047260,0.00000000,0,0.00000000,33055,33071,56,0.00304524
1773324441.24201703,0.04322210,6081,0.00048969,0.00000000,0,0.00000000,33071,33077,40,0.00255238
1773324441.34193397,0.03307112,6137,0.00078282,0.00000000,0,0.00000000,33077,33088,49,0.00260101
1773324441.44197321,0.03215391,6119,0.00045159,0.00000000,0,0.00000000,33088,33092,43,0.00392695
1773324441.54209661,0.02766614,6135,0.00032140,0.00000000,0,0.00000000,33092,33077,51,0.00318125
1773324441.64218807,0.04509737,6100,0.00052489,0.00000000,0,0.00000000,33077,33079,40,0.00133905
1773324441.74226737,0.04294723,6070,0.00051913,0.00000000,0,0.00000000,33079,33099,53,0.00236375
1773324441.84211445,0.05160561,6102,0.00063907,0.00000000,0,0.00000000,33099,33110,46,0.00257824
1773324441.94223309,0.05166919,6061,0.00054334,0.00000000,0,0.00000000,33110,33103,41,0.00283965
1773324442.04217410,0.05173669,6073,0.00069496,0.00000000,0,0.00000000,33103,33096,51,0.00193671
1773324442.14233661,0.05113532,6073,0.00091285,0.00000000,0,0.00000000,33096,33084,39,0.00376200
1773324442.24235320,0.04224803,5947,0.00057025,0.00000000,0,0.00000000,33084,33086,53,0.00358039
1773324442.34053898,0.02961819,6120,0.00058239,0.00000000,0,0.00000000,33086,33082,38,0.00231923
1773324442.44245362,0.02502610,6035,0.00028314,0.00000000,0,0.00000000,33082,33092,45,0.00287052
1773324442.54246473,0.02418002,6059,0.00018204,0.00000000,0,0.00000000,33092,33078,42,0.00368014
1773324442.64250255,0.04411050,6066,0.00053061,0.00000000,0,0.00000000,33078,33090,45,0.00166390
1773324442.74267673,0.04150334,6030,0.00061468,0.00000000,0,0.00000000,33090,33099,48,0.00320199
1773324442.84256482,0.04973805,6069,0.00097219,0.00000000,0,0.00000000,33099,33107,42,0.00122502
1773324442.94262505,0.04824128,6037,0.00053106,0.00000000,0,0.00000000,33107,33103,38,0.00258718
1773324443.04260731,0.04856578,6095,0.00013827,0.00000000,0,0.00000000,33103,33114,49,0.00278472
1773324443.14265966,0.04230664,6047,0.00066131,0.00000000,0,0.00000000,33114,33103,56,0.00264995
1773324443.24255085,0.02632026,6051,0.00013220,0.00000000,0,0.00000000,33103,33118,48,0.00209725
1773324443.34262514,0.02248303,6006,0.00016792,0.00000000,0,0.00000000,33118,33126,54,0.00229713
1773324443.44166088,0.04423277,6102,0.00067714,0.00000000,0,0.00000000,33126,33137,47,0.00215717
1773324443.54166913,0.04330847,6041,0.00048511,0.00000000,0,0.00000000,33137,33149,43,0.00293028
1773324443.64276433,0.03629353,6035,0.00051997,0.00000000,0,0.00000000,33149,33164,47,0.00116246
1773324443.74286890,0.03675662,6036,0.00059665,0.00000000,0,0.00000000,33164,33161,49,0.00143834
1773324443.84283447,0.04112056,6023,0.00057816,0.00000000,0,0.00000000,33161,33148,47,0.00205622
1773324443.94184566,0.04730319,6060,0.00040258,0.00000000,0,0.00000000,33148,33152,32,0.00277877
1773324444.04189801,0.05778679,6041,0.00102029,0.00000000,0,0.00000000,33152,33150,38,0.00153614
1773324444.14296293,0.06121387,5997,0.00094322,0.00000000,0,0.00000000,33150,33156,55,0.00110854
1773324444.24197316,0.05610955,6031,0.00048292,0.00000000,0,0.00000000,33156,33163,54,0.00262557
1773324444.34189057,0.03675194,6041,0.00028284,0.00000000,0,0.00000000,33163,33169,41,0.00226048
1773324444.44201756,0.03429018,6064,0.00027281,0.00000000,0,0.00000000,33169,33182,49,0.00275859
1773324444.54297781,0.02782915,6009,0.00031975,0.00000000,0,0.00000000,33182,33171,42,0.00349420
1773324444.64198112,0.05638973,6038,0.00070948,0.00000000,0,0.00000000,33171,33163,57,0.00285331
1773324444.74204135,0.04852961,6035,0.00064335,0.00000000,0,0.00000000,33163,33166,43,0.00101898
1773324444.84213400,0.05228409,6028,0.00062624,0.00000000,0,0.00000000,33166,33162,44,0.00376099
1773324444.94204116,0.04950884,6087,0.00040982,0.00000000,0,0.00000000,33162,33171,32,0.00219567
1773324445.04210925,0.04163021,6027,0.00063428,0.00000000,0,0.00000000,33171,33174,45,0.00461893
1773324445.14220929,0.04372005,6003,0.00107078,0.00000000,0,0.00000000,33174,33181,39,0.00282986
1773324445.24213529,0.03195826,6008,0.00056138,0.00000000,0,0.00000000,33181,33191,48,0.00362145
1773324445.34173656,0.02636203,6097,0.00017337,0.00000000,0,0.00000000,33191,33199,45,0.00242424
1773324445.44173312,0.02850274,6023,0.00023569,0.00000000,0,0.00000000,33199,33203,52,0.00344307
1773324445.54163551,0.02603562,5970,0.00012622,0.00000000,0,0.00000000,33203,33219,43,0.00249361
1773324445.64161563,0.04695126,6041,0.00045659,0.00000000,0,0.00000000,33219,33231,38,0.00264503
1773324445.74169040,0.04800557,6067,0.00106281,0.00000000,0,0.00000000,33231,33199,55,0.00232274
1773324445.84161544,0.04571337,6110,0.00047643,0.00000000,0,0.00000000,33199,33210,42,0.00128248
1773324445.94169044,0.04865549,6129,0.00036544,0.00000000,0,0.00000000,33210,33218,36,0.00109986
1773324446.04177761,0.05141916,6101,0.00058907,0.00000000,0,0.00000000,33218,33229,47,0.00272347
1773324446.14189100,0.04252853,6086,0.00026115,0.00000000,0,0.00000000,33229,33223,46,0.00181089
1773324446.24202323,0.05015796,6049,0.00060517,0.00000000,0,0.00000000,33223,33225,39,0.00407613
1773324446.34183812,0.02618664,6064,0.00024664,0.00000000,0,0.00000000,33225,33212,49,0.00346583
1773324446.44186234,0.02629467,6072,0.00015849,0.00000000,0,0.00000000,33212,33218,46,0.00284925
1773324446.54200673,0.02486912,6107,0.00051031,0.00000000,0,0.00000000,33218,33229,54,0.00243571
1773324446.64211297,0.04780257,6093,0.00078487,0.00000000,0,0.00000000,33229,33233,42,0.00113869
1773324446.74195623,0.03974979,6092,0.00058299,0.00000000,0,0.00000000,33233,33247,56,0.00229778
1773324446.84208059,0.04262089,6112,0.00049987,0.00000000,0,0.00000000,33247,33245,34,0.00183189
1773324446.94210601,0.04740029,6085,0.00067677,0.00000000,0,0.00000000,33245,33248,59,0.00147732
1773324447.04222727,0.04881134,6026,0.00040183,0.00000000,0,0.00000000,33248,33253,41,0.00244012
1773324447.14227080,0.06096904,6054,0.00051043,0.00000000,0,0.00000000,33253,33265,45,0.00364422
1773324447.24222469,0.04745043,6064,0.00072567,0.00000000,0,0.00000000,33265,33266,58,0.00264384
1773324447.34229136,0.03100313,6061,0.00047727,0.00000000,0,0.00000000,33266,33258,50,0.00259505
1773324447.44222760,0.02550122,6052,0.00013956,0.00000000,0,0.00000000,33258,33271,41,0.00389301
1773324447.54237080,0.02674066,6042,0.00046341,0.00000000,0,0.00000000,33271,33264,37,0.00274627
1773324447.64241433,0.05506516,6059,0.00109639,0.00000000,0,0.00000000,33264,33204,49,0.00280304
1773324447.74254870,0.05518070,6029,0.00087281,0.00000000,0,0.00000000,33204,33195,61,0.00229824
1773324447.84257460,0.05031876,6046,0.00049034,0.00000000,0,0.00000000,33195,33204,35,0.00233560
1773324447.94258380,0.04695078,6044,0.00058693,0.00000000,0,0.00000000,33204,33208,43,0.00225435
1773324448.04251003,0.05377735,6060,0.00023130,0.00000000,0,0.00000000,33208,33225,58,0.00322752
1773324448.14242768,0.04906263,6108,0.00070958,0.00000000,0,0.00000000,33225,33231,56,0.00236235
1773324448.24243093,0.03565099,6114,0.00080355,0.00000000,0,0.00000000,33231,33248,53,0.00255939
1773324448.34262681,0.02563691,6022,0.00031467,0.00000000,0,0.00000000,33248,33262,48,0.00396177
1773324448.44164705,0.02495933,6097,0.00018254,0.00000000,0,0.00000000,33262,33271,51,0.00335690
1773324448.54253340,0.04318635,6106,0.00045003,0.00000000,0,0.00000000,33271,33282,44,0.00544858
1773324448.64276743,0.04890010,6101,0.00041500,0.00000000,0,0.00000000,33282,33289,43,0.00302106
1773324448.74275684,0.04676732,6052,0.00066674,0.00000000,0,0.00000000,33289,33289,39,0.00307391
1773324448.84176874,0.04804980,6057,0.00056891,0.00000000,0,0.00000000,33289,33246,46,0.00154001
1773324448.94185114,0.04801925,6070,0.00054792,0.00000000,0,0.00000000,33246,33248,45,0.00151166
1773324449.04277420,0.05435521,6100,0.00079779,0.00000000,0,0.00000000,33248,33209,49,0.00249061
1773324449.14283156,0.06067097,6024,0.00213118,0.00000000,0,0.00000000,33209,33220,47,0.00308075
1773324449.24190593,0.05426920,6042,0.00063440,0.00000000,0,0.00000000,33220,33221,45,0.00361850
1773324449.34281468,0.04813035,6075,0.00034445,0.00000000,0,0.00000000,33221,33224,52,0.00311761
1773324449.44209814,0.05529218,6031,0.00027921,0.00000000,0,0.00000000,33224,33225,35,0.00367715
1773324449.54195333,0.03888530,6046,0.00034682,0.00000000,0,0.00000000,33225,33224,46,0.00293465
1773324449.64226723,0.03311469,6053,0.00023282,0.00000000,0,0.00000000,33224,33228,46,0.00258647
1773324449.74198294,0.02335862,6071,0.00020443,0.00000000,0,0.00000000,33228,33228,54,0.00308207
1773324449.84207535,0.04065488,6056,0.00060055,0.00000000,0,0.00000000,33228,33238,51,0.00398926
1773324449.94168425,0.04148128,6078,0.00063483,0.00000000,0,0.00000000,33238,33231,50,0.00150456
1773324450.04207778,0.05707008,6031,0.00053562,0.00000000,0,0.00000000,33231,33241,41,0.00200099
1773324450.14161444,0.05176984,6067,0.00056087,0.00000000,0,0.00000000,33241,33253,52,0.00137331
1773324450.24167109,0.04614603,6008,0.00057840,0.00000000,0,0.00000000,33253,33263,50,0.00321804
1773324450.34160399,0.02977592,6089,0.00053098,0.00000000,0,0.00000000,33263,33265,47,0.00273633
1773324450.44160914,0.02966718,6046,0.00056377,0.00000000,0,0.00000000,33265,33281,56,0.00235727
1773324450.54157996,0.03004941,6064,0.00065737,0.00000000,0,0.00000000,33281,33291,51,0.00284411
1773324450.64166164,0.05322812,6064,0.00051386,0.00000000,0,0.00000000,33291,33299,64,0.00108320
1773324450.74166846,0.05135951,6095,0.00048086,0.00000000,0,0.00000000,33299,33308,43,0.00357701
1773324450.84166956,0.04127102,6049,0.00087120,0.00000000,0,0.00000000,33308,33309,50,0.00240356
1773324450.94180965,0.05184814,6072,0.00051941,0.00000000,0,0.00000000,33309,33280,39,0.00169692
1773324451.04185891,0.06351389,5984,0.00025084,0.00000000,0,0.00000000,33280,33300,58,0.00205672
1773324451.14172959,0.04723334,6048,0.00044342,0.00000000,0,0.00000000,33300,33306,40,0.00309296
1773324451.24193096,0.04773974,6020,0.00015151,0.00000000,0,0.00000000,33306,33319,36,0.00307746
1773324451.34186625,0.03361889,6051,0.00025536,0.00000000,0,0.00000000,33319,33331,64,0.00187108
1773324451.44186163,0.03276973,6028,0.00020969,0.00000000,0,0.00000000,33331,33327,48,0.00312267
1773324451.54199195,0.03182635,6008,0.00028262,0.00000000,0,0.00000000,33327,33327,46,0.00266517
1773324451.64196014,0.04987558,6016,0.00045862,0.00000000,0,0.00000000,33327,33335,55,0.00211978
1773324451.74205494,0.05013250,5997,0.00050361,0.00000000,0,0.00000000,33335,33352,54,0.00268946
1773324451.84210467,0.04174263,6027,0.00060901,0.00000000,0,0.00000000,33352,33342,52,0.00113424
1773324451.94215298,0.04698843,6027,0.00058576,0.00000000,0,0.00000000,33342,33327,44,0.00139840
1773324452.04219246,0.05275480,6024,0.00057864,0.00000000,0,0.00000000,33327,33340,34,0.00332521
1773324452.14236212,0.04404838,5979,0.00073065,0.00000000,0,0.00000000,33340,33345,53,0.00198616
1773324452.24219918,0.04196973,5997,0.00047378,0.00000000,0,0.00000000,33345,33363,47,0.00230679
1773324452.34234405,0.03377333,6024,0.00029243,0.00000000,0,0.00000000,33363,33352,46,0.00406949
1773324452.44231534,0.02915410,6021,0.00078025,0.00000000,0,0.00000000,33352,33363,57,0.00302917
1773324452.54236794,0.02490150,6045,0.00060511,0.00000000,0,0.00000000,33363,33374,46,0.00325152
1773324452.64243722,0.02602960,5992,0.00016135,0.00000000,0,0.00000000,33374,33382,49,0.00276986
1773324452.74238062,0.02231721,6060,0.00019389,0.00000000,0,0.00000000,33382,33388,38,0.00171635
1773324452.84255505,0.02346774,5999,0.00024848,0.00000000,0,0.00000000,33388,33355,46,0.00148477
1773324452.94266987,0.03649770,6046,0.00064546,0.00000000,0,0.00000000,33355,33355,46,0.00186161
1773324453.04275322,0.03524294,5975,0.00035501,0.00000000,0,0.00000000,33355,33370,47,0.00205423
1773324453.14230752,0.03243970,6066,0.00060876,0.00000000,0,0.00000000,33370,33376,52,0.00193134
1773324453.24240947,0.03711958,6055,0.00020894,0.00000000,0,0.00000000,33376,33394,44,0.00347419
1773324453.34254217,0.02451958,5988,0.00025321,0.00000000,0,0.00000000,33394,33392,44,0.00269263
1773324453.44156694,0.02414244,6044,0.00019372,0.00000000,0,0.00000000,33392,33405,56,0.00079683
1773324453.54257298,0.02137621,6033,0.00027932,0.00000000,0,0.00000000,33405,33411,41,0.00149978
1773324453.64281130,0.04029920,6058,0.00037659,0.00000000,0,0.00000000,33411,33422,49,0.00309809
1773324453.74276900,0.04606157,5969,0.00073762,0.00000000,0,0.00000000,33422,33427,52,0.00215314
1773324453.84266591,0.04895613,6023,0.00062692,0.00000000,0,0.00000000,33427,33428,49,0.00166387
1773324453.94281149,0.04438792,6008,0.00081480,0.00000000,0,0.00000000,33428,33420,45,0.00165261
1773324454.04178977,0.05063920,6012,0.00068766,0.00000000,0,0.00000000,33420,33421,39,0.00190441
1773324454.14277577,0.04996135,6003,0.00084123,0.00000000,0,0.00000000,33421,33421,51,0.00118677
1773324454.24279785,0.04975662,5994,0.00140746,0.00000000,0,0.00000000,33421,33419,49,0.00164544
1773324454.34293175,0.05474134,6036,0.00048717,0.00000000,0,0.00000000,33419,33428,40,0.00393283
1773324454.44192719,0.03329281,6019,0.00026946,0.00000000,0,0.00000000,33428,33423,37,0.00317837
1773324454.54190302,0.02809927,6056,0.00029132,0.00000000,0,0.00000000,33423,33426,47,0.00277675
1773324454.64200616,0.02573354,5946,0.00021619,0.00000000,0,0.00000000,33426,33428,42,0.00558781
1773324454.74137831,0.04343227,6032,0.00050751,0.00000000,0,0.00000000,33428,33441,57,0.00150348
1773324454.84194207,0.04878134,5984,0.00067696,0.00000000,0,0.00000000,33441,33432,39,0.00472883
1773324454.94202423,0.03881565,5964,0.00065157,0.00000000,0,0.00000000,33432,33401,42,0.00135616
1773324455.04166818,0.04795409,6011,0.00053946,0.00000000,0,0.00000000,33401,33403,40,0.00099140
1773324455.14176965,0.03837098,6030,0.00023941,0.00000000,0,0.00000000,33403,33410,44,0.00207714
1773324455.24160409,0.04232115,6051,0.00017097,0.00000000,0,0.00000000,33410,33420,40,0.00307662
1773324455.34169269,0.02130508,5966,0.00020380,0.00000000,0,0.00000000,33420,33425,43,0.00303579
1773324455.44162083,0.02283484,6090,0.00028412,0.00000000,0,0.00000000,33425,33432,47,0.00410218
1773324455.54179096,0.03905028,5998,0.00018869,0.00000000,0,0.00000000,33432,33406,39,0.00227929
1773324455.64171505,0.03338714,6016,0.00028968,0.00000000,0,0.00000000,33406,33424,57,0.00277384
1773324455.74157476,0.03289134,6016,0.00064380,0.00000000,0,0.00000000,33424,33436,48,0.00078892
1773324455.84165907,0.02959482,6003,0.00080278,0.00000000,0,0.00000000,33436,33426,60,0.00117697
1773324455.94176435,0.04346176,6001,0.00052888,0.00000000,0,0.00000000,33426,33424,35,0.00178252
1773324456.04167485,0.04053035,5983,0.00012594,0.00000000,0,0.00000000,33424,33423,52,0.00178671
1773324456.14176250,0.03763631,6017,0.00018140,0.00000000,0,0.00000000,33423,33425,48,0.00206666
1773324456.24176645,0.02274341,6022,0.00018584,0.00000000,0,0.00000000,33425,33439,51,0.00227874
1773324456.34188509,0.01852368,6007,0.00030818,0.00000000,0,0.00000000,33439,33416,58,0.00081900
1773324456.44193363,0.03631167,5959,0.00025531,0.00000000,0,0.00000000,33416,33423,47,0.00281501
1773324456.54191470,0.03879312,6005,0.00045838,0.00000000,0,0.00000000,33423,33436,40,0.00274729
1773324456.64198709,0.03296383,6013,0.00077087,0.00000000,0,0.00000000,33436,33451,53,0.00151832
1773324456.74205828,0.02256372,5996,0.00073310,0.00000000,0,0.00000000,33451,33452,59,0.00072565
1773324456.84213257,0.03197690,6004,0.00061871,0.00000000,0,0.00000000,33452,33474,51,0.00285254
1773324456.94224143,0.04159848,5979,0.00028465,0.00000000,0,0.00000000,33474,33484,50,0.00197257
1773324457.04211354,0.03466764,6003,0.00020177,0.00000000,0,0.00000000,33484,33501,45,0.00283527
1773324457.14237165,0.03787596,5979,0.00016534,0.00000000,0,0.00000000,33501,33510,44,0.00211620
1773324457.24218488,0.03610106,5974,0.00038488,0.00000000,0,0.00000000,33510,33494,41,0.00270059
1773324457.34227848,0.01410331,5965,0.00017691,0.00000000,0,0.00000000,33494,33516,56,0.00115610
1773324457.44230890,0.01746567,6022,0.00016126,0.00000000,0,0.00000000,33516,33529,46,0.00268733
1773324457.54243207,0.03263669,5969,0.00051454,0.00000000,0,0.00000000,33529,33541,46,0.00283224
1773324457.64237905,0.03181076,6003,0.00081491,0.00000000,0,0.00000000,33541,33522,53,0.00263141
1773324457.74244952,0.03683528,5977,0.00060705,0.00000000,0,0.00000000,33522,33523,45,0.00080482
1773324457.84248853,0.03502972,6031,0.00039030,0.00000000,0,0.00000000,33523,33507,50,0.00159363
1773324457.94254041,0.03146708,6011,0.00017911,0.00000000,0,0.00000000,33507,33518,49,0.00218397
1773324458.04242730,0.03678873,6041,0.00014176,0.00000000,0,0.00000000,33518,33533,48,0.00174600
1773324458.14253044,0.01808345,6028,0.00015969,0.00000000,0,0.00000000,33533,33552,54,0.00200554
1773324458.24260807,0.01979949,5952,0.00017477,0.00000000,0,0.00000000,33552,33542,39,0.00284342
1773324458.34256768,0.01614666,6013,0.00020291,0.00000000,0,0.00000000,33542,33538,42,0.00204132
1773324458.44256997,0.03797510,6043,0.00046966,0.00000000,0,0.00000000,33538,33556,41,0.00393586
1773324458.54265022,0.03979607,5984,0.00058835,0.00000000,0,0.00000000,33556,33570,47,0.00081937
1773324458.64248729,0.04119662,6037,0.00022045,0.00000000,0,0.00000000,33570,33559,45,0.00073681
1773324458.74266481,0.03502782,6035,0.00024288,0.00000000,0,0.00000000,33559,33561,46,0.00088294
1773324458.84273553,0.03456248,6015,0.00043135,0.00000000,0,0.00000000,33561,33570,35,0.00078962
1773324458.94281244,0.03537521,6029,0.00086712,0.00000000,0,0.00000000,33570,33549,46,0.00119695
1773324459.04270864,0.04289577,5992,0.00069618,0.00000000,0,0.00000000,33549,33562,42,0.00077496
1773324459.14279318,0.04316240,6022,0.00067426,0.00000000,0,0.00000000,33562,33549,42,0.00241675
1773324459.24280405,0.02759192,6032,0.00017877,0.00000000,0,0.00000000,33549,33555,35,0.00259306
1773324459.34284425,0.02216364,6035,0.00023976,0.00000000,0,0.00000000,33555,33565,40,0.00228750
1773324459.44195199,0.02314704,6047,0.00030185,0.00000000,0,0.00000000,33565,33560,57,0.00278608
1773324459.54284000,0.03950097,6027,0.00058238,0.00000000,0,0.00000000,33560,33551,46,0.00222311
1773324459.64159703,0.03143763,6094,0.00055301,0.00000000,0,0.00000000,33551,33522,36,0.00278314
1773324459.74171209,0.03162432,6054,0.00056801,0.00000000,0,0.00000000,33522,33509,50,0.00078010
1773324459.84151101,0.04063031,6048,0.00050730,0.00000000,0,0.00000000,33509,33505,41,0.00115693
1773324459.94165325,0.03425667,6082,0.00044640,0.00000000,0,0.00000000,33505,33512,40,0.00229040
1773324460.04171753,0.03657913,5997,0.00071101,0.00000000,0,0.00000000,33512,33520,42,0.00205706
1773324460.14144516,0.03044023,6083,0.00094439,0.00000000,0,0.00000000,33520,33476,44,0.00177087
1773324460.24165988,0.02265331,6026,0.00018989,0.00000000,0,0.00000000,33476,33473,50,0.00175572
1773324460.34162831,0.01741849,6079,0.00025106,0.00000000,0,0.00000000,33473,33480,60,0.00075419
1773324460.44165134,0.04386697,6073,0.00028412,0.00000000,0,0.00000000,33480,33479,50,0.00356708
1773324460.54156756,0.04226248,6111,0.00024152,0.00000000,0,0.00000000,33479,33490,48,0.00334848
1773324460.64161253,0.03756033,6087,0.00027329,0.00000000,0,0.00000000,33490,33468,55,0.00080870
1773324460.74172282,0.03507161,6087,0.00057059,0.00000000,0,0.00000000,33468,33484,40,0.00075821
1773324460.84174752,0.03241850,6021,0.00044719,0.00000000,0,0.00000000,33484,33479,40,0.00213425
1773324460.94168544,0.03058403,6067,0.00070063,0.00000000,0,0.00000000,33479,33483,54,0.00307556
1773324461.04176402,0.04321124,6066,0.00020848,0.00000000,0,0.00000000,33483,33470,38,0.00174791
1773324461.14192390,0.01811864,6054,0.00014270,0.00000000,0,0.00000000,33470,33461,30,0.00317885
1773324461.24177551,0.02128311,6061,0.00019122,0.00000000,0,0.00000000,33461,33480,42,0.00188648
1773324461.34185958,0.02094294,6060,0.00025749,0.00000000,0,0.00000000,33480,33456,58,0.00086272
1773324461.44190264,0.02976108,6083,0.00057956,0.00000000,0,0.00000000,33456,33471,47,0.00346272
1773324461.54204202,0.03618758,6032,0.00023160,0.00000000,0,0.00000000,33471,33461,53,0.00106295
1773324461.64196682,0.03741608,6070,0.00032151,0.00000000,0,0.00000000,33461,33457,50,0.00076408
1773324461.74208307,0.04149064,6062,0.00023149,0.00000000,0,0.00000000,33457,33472,39,0.00073736
1773324461.84208202,0.04151888,6099,0.00054352,0.00000000,0,0.00000000,33472,33472,51,0.00073871
1773324461.94214654,0.03370306,6063,0.00046562,0.00000000,0,0.00000000,33472,33468,44,0.00168280
1773324462.04222083,0.03377811,6010,0.00038228,0.00000000,0,0.00000000,33468,33463,41,0.00158926
1773324462.14213896,0.03570039,6081,0.00026842,0.00000000,0,0.00000000,33463,33481,47,0.00165633
1773324462.24290252,0.02979357,6018,0.00012053,0.00000000,0,0.00000000,33481,33494,44,0.00156701
1773324462.34228778,0.01534509,6041,0.00011748,0.00000000,0,0.00000000,33494,33506,43,0.00223065
1773324462.44239521,0.01522762,5985,0.00009953,0.00000000,0,0.00000000,33506,33518,33,0.00338054
1773324462.54227257,0.03995054,6059,0.00019324,0.00000000,0,0.00000000,33518,33514,46,0.00162134
1773324462.64242196,0.03589502,6023,0.00058658,0.00000000,0,0.00000000,33514,33507,44,0.00300222
1773324462.74241853,0.03727225,6019,0.00052061,0.00000000,0,0.00000000,33507,33509,52,0.00077537
1773324462.84249830,0.03787014,5992,0.00050444,0.00000000,0,0.00000000,33509,33520,40,0.00080574
1773324462.94244289,0.03942694,6021,0.00042458,0.00000000,0,0.00000000,33520,33534,49,0.00194317
1773324463.04249835,0.04826432,6013,0.00018254,0.00000000,0,0.00000000,33534,33536,44,0.00224383
1773324463.14255643,0.04026593,5979,0.00024477,0.00000000,0,0.00000000,33536,33531,46,0.00197644
1773324463.24264741,0.01726420,5990,0.00027346,0.00000000,0,0.00000000,33531,33504,41,0.00178093
1773324463.34271908,0.01995092,5929,0.00014333,0.00000000,0,0.00000000,33504,33509,35,0.00142133
1773324463.44256616,0.03803070,5916,0.00048541,0.00000000,0,0.00000000,33509,33489,39,0.00228982
1773324463.54121947,0.04198258,5969,0.00042505,0.00000000,0,0.00000000,33489,33500,45,0.00109544
1773324463.64250350,0.04478029,5936,0.00028858,0.00000000,0,0.00000000,33500,33514,46,0.00077568
1773324463.74278140,0.04320246,5928,0.00052656,0.00000000,0,0.00000000,33514,33523,40,0.00081298
1773324463.84282660,0.04584549,5933,0.00047880,0.00000000,0,0.00000000,33523,33531,37,0.00123390
1773324463.94269753,0.04198720,5966,0.00056954,0.00000000,0,0.00000000,33531,33537,44,0.00302069
1773324464.04267979,0.04905626,5902,0.00054827,0.00000000,0,0.00000000,33537,33541,48,0.00087659
1773324464.14283371,0.02627952,5961,0.00066150,0.00000000,0,0.00000000,33541,33538,54,0.00252002
1773324464.24280143,0.02127216,5892,0.00029472,0.00000000,0,0.00000000,33538,33529,50,0.00123015
1773324464.34163809,0.02257569,5897,0.00032961,0.00000000,0,0.00000000,33529,33511,53,0.00169651
1773324464.44184470,0.03671048,5987,0.00033909,0.00000000,0,0.00000000,33511,33518,34,0.00207789
1773324464.54181075,0.04296494,5941,0.00072274,0.00000000,0,0.00000000,33518,33519,47,0.00213631
1773324464.64189029,0.03825046,5986,0.00015594,0.00000000,0,0.00000000,33519,33531,31,0.00112040
1773324464.74181581,0.03314194,5953,0.00044887,0.00000000,0,0.00000000,33531,33541,42,0.00122604
1773324464.84159350,0.02689333,5959,0.00037771,0.00000000,0,0.00000000,33541,33536,48,0.00112955
1773324464.94158626,0.02733569,5946,0.00053432,0.00000000,0,0.00000000,33536,33550,49,0.00200103
1773324465.04160190,0.03369063,5941,0.00038274,0.00000000,0,0.00000000,33550,33558,39,0.00174225
1773324465.14170861,0.02447114,5876,0.00014121,0.00000000,0,0.00000000,33558,33562,44,0.00291120
1773324465.24174404,0.02155641,5881,0.00018403,0.00000000,0,0.00000000,33562,33541,42,0.00261928
1773324465.34160495,0.01721463,5858,0.00029803,0.00000000,0,0.00000000,33541,33509,49,0.00199114
1773324465.44164062,0.01542272,5787,0.00012680,0.00000000,0,0.00000000,33509,33522,44,0.00259873
1773324465.54156518,0.06976924,5766,0.00065372,0.00000000,0,0.00000000,33522,33534,48,0.00217169
1773324465.64160180,0.05650151,5749,0.00020618,0.00000000,0,0.00000000,33534,33543,47,0.00080787
1773324465.74178386,0.02862416,5685,0.00077534,0.00000000,0,0.00000000,33543,33548,54,0.00081542
1773324465.84179163,0.03477947,5645,0.00057417,0.00000000,0,0.00000000,33548,33542,44,0.00085698
1773324465.94187236,0.03479234,5561,0.00019935,0.00000000,0,0.00000000,33542,33544,42,0.00291102
1773324466.04178381,0.03244360,5536,0.00068164,0.00000000,0,0.00000000,33544,33559,55,0.00138912
1773324466.14177155,0.03620428,5555,0.00029817,0.00000000,0,0.00000000,33559,33540,61,0.00223048
1773324466.24189973,0.02760510,5569,0.00024123,0.00000000,0,0.00000000,33540,33539,58,0.00127746
1773324466.34195924,0.01982121,5534,0.00097298,0.00000000,0,0.00000000,33539,33429,58,0.00240663
1773324466.44203138,0.01809788,5517,0.00020441,0.00000000,0,0.00000000,28284,28316,51,0.00186718
1773324466.54210615,0.02425640,5444,0.00049042,0.00000000,0,0.00000000,28316,28354,54,0.00227542
1773324466.64206314,0.02205040,5323,0.00046514,0.00000000,0,0.00000000,28354,28394,64,0.00186898
1773324466.74201345,0.02933146,5060,0.00048844,0.00000000,0,0.00000000,28394,28424,52,0.00113068
1773324466.84210134,0.02265913,4737,0.00014950,0.00000000,0,0.00000000,28424,28452,47,0.00114748
1773324466.94222069,0.02288940,4290,0.00011332,0.00000000,0,0.00000000,28452,28473,37,0.00202015
1773324467.04220700,0.01892970,4154,0.00025826,0.00000000,0,0.00000000,28473,28484,32,0.00107199
1773324467.14231730,0.01409529,4070,0.00012450,0.00000000,0,0.00000000,28484,28494,35,0.00288566
1773324467.24227118,0.01249739,4045,0.00018846,0.00000000,0,0.00000000,28494,28502,36,0.00221247
1773324467.34231997,0.01188696,4066,0.00015060,0.00000000,0,0.00000000,28502,28509,34,0.00162693
1773324467.44236493,0.01210531,4042,0.00006300,0.00000000,0,0.00000000,28509,28522,22,0.00220228
1773324467.54247904,0.01919698,4145,0.00024019,0.00000000,0,0.00000000,28522,28537,25,0.00148364
1773324467.64235663,0.01614201,4283,0.00030995,0.00000000,0,0.00000000,28537,28548,36,0.00085602
1773324467.74258280,0.01365568,4460,0.00011220,0.00000000,0,0.00000000,28548,28567,40,0.00076477
1773324467.84250832,0.01992919,4646,0.00024965,0.00000000,0,0.00000000,28567,28571,33,0.00121851
1773324467.94264531,0.02572568,4723,0.00033334,0.00000000,0,0.00000000,28571,28584,40,0.00214987
1773324468.04250002,0.02559374,4862,0.00025525,0.00000000,0,0.00000000,28584,28600,34,0.00290916
1773324468.14266515,0.01613957,4966,0.00026639,0.00000000,0,0.00000000,28600,28615,46,0.00239660
1773324468.24257231,0.01619895,5053,0.00014290,0.00000000,0,0.00000000,28615,28620,39,0.00086553
1773324468.34273148,0.01487986,5018,0.00015265,0.00000000,0,0.00000000,28620,28630,35,0.00194201
1773324468.44275832,0.01683939,5043,0.00038098,0.00000000,0,0.00000000,28630,28657,48,0.00266609
1773324468.54274225,0.02836282,5084,0.00038715,0.00000000,0,0.00000000,28657,28682,47,0.00093055
1773324468.64257336,0.03193198,5182,0.00045885,0.00000000,0,0.00000000,28682,28702,55,0.00166265
1773324468.74166536,0.03359783,5271,0.00043094,0.00000000,0,0.00000000,28702,28727,50,0.00094670
1773324468.84274006,0.03082663,5245,0.00025898,0.00000000,0,0.00000000,28727,28757,46,0.00082076
1773324468.94268560,0.02651966,5330,0.00047827,0.00000000,0,0.00000000,28757,28789,62,0.00258400
1773324469.04273558,0.02780080,5342,0.00053594,0.00000000,0,0.00000000,28789,28818,56,0.00082045
1773324469.14197731,0.03204378,5493,0.00027271,0.00000000,0,0.00000000,28818,28851,55,0.00188115
1773324469.24286819,0.02018399,5509,0.00019743,0.00000000,0,0.00000000,28851,28866,44,0.00185195
1773324469.34189749,0.01353456,5690,0.00012361,0.00000000,0,0.00000000,28866,28891,44,0.00206348
1773324469.44295716,0.01384466,5672,0.00016275,0.00000000,0,0.00000000,28891,28904,44,0.00455792
1773324469.54295874,0.03294214,5702,0.00029657,0.00000000,0,0.00000000,28904,28922,37,0.00226656
1773324469.64197779,0.03066350,5767,0.00015229,0.00000000,0,0.00000000,28922,28937,43,0.00154672
1773324469.74207520,0.02520994,5780,0.00035756,0.00000000,0,0.00000000,28937,28954,41,0.00081504
1773324469.84207845,0.02491984,5836,0.00053844,0.00000000,0,0.00000000,28954,28975,52,0.00080293
1773324469.94215560,0.03568326,5868,0.00047778,0.00000000,0,0.00000000,28975,28984,46,0.00196371
1773324470.04202819,0.03368535,5885,0.00019045,0.00000000,0,0.00000000,28984,28990,47,0.00200775
1773324470.14215469,0.02075046,5879,0.00015353,0.00000000,0,0.00000000,28990,29005,53,0.00208213
1773324470.24209499,0.01509813,5898,0.00011676,0.00000000,0,0.00000000,29005,29024,49,0.00191893
1773324470.34213495,0.02010637,5919,0.00017290,0.00000000,0,0.00000000,29024,29051,54,0.00075507
1773324470.44215631,0.03079720,5964,0.00038563,0.00000000,0,0.00000000,29051,29069,51,0.00093651
1773324470.54209781,0.03623496,5898,0.00020709,0.00000000,0,0.00000000,29069,29097,61,0.00144900
1773324470.64166093,0.03251711,5987,0.00039383,0.00000000,0,0.00000000,29097,29116,53,0.00085354
1773324470.74215651,0.03004025,5841,0.00058235,0.00000000,0,0.00000000,29116,29127,56,0.00121134
1773324470.84159923,0.03000733,5926,0.00042150,0.00000000,0,0.00000000,29127,29151,45,0.00088651
1773324470.94164062,0.03288013,5892,0.00049169,0.00000000,0,0.00000000,29151,29172,52,0.00356655
1773324471.04162502,0.03373225,5991,0.00018458,0.00000000,0,0.00000000,29172,29201,59,0.00262748
1773324471.14171147,0.03924261,5915,0.00023442,0.00000000,0,0.00000000,29201,29236,58,0.00270703
1773324471.24172544,0.03239959,5967,0.00018890,0.00000000,0,0.00000000,29236,29250,49,0.00271621
1773324471.34171033,0.01896972,5994,0.00012045,0.00000000,0,0.00000000,29250,29270,43,0.00087315
1773324471.44182444,0.01869843,5986,0.00017268,0.00000000,0,0.00000000,29270,29304,57,0.00252765
1773324471.54189372,0.03296740,6017,0.00056031,0.00000000,0,0.00000000,29304,29335,51,0.00223501
1773324471.64196420,0.03056269,6028,0.00055848,0.00000000,0,0.00000000,29335,29356,60,0.00187437
1773324471.74190378,0.02994430,6033,0.00046188,0.00000000,0,0.00000000,29356,29388,55,0.00158929
1773324471.84186578,0.03991625,6059,0.00031763,0.00000000,0,0.00000000,29388,29417,55,0.00082934
1773324471.94207335,0.03551906,6054,0.00045916,0.00000000,0,0.00000000,29417,29433,56,0.00308292
1773324472.04196501,0.03431421,6098,0.00050980,0.00000000,0,0.00000000,29433,29441,53,0.00183609
1773324472.14232755,0.02185032,6081,0.00018022,0.00000000,0,0.00000000,29441,29475,66,0.00127182
1773324472.24212766,0.02408120,6076,0.00017720,0.00000000,0,0.00000000,29475,29478,48,0.00082713
1773324472.34202600,0.02034653,6094,0.00025219,0.00000000,0,0.00000000,29478,29498,61,0.00228805
1773324472.44204855,0.01961602,6122,0.00039373,0.00000000,0,0.00000000,29498,29528,75,0.00265489
1773324472.54218674,0.03423086,6112,0.00040718,0.00000000,0,0.00000000,29528,29554,48,0.00276317
1773324472.64250731,0.03243873,6111,0.00040549,0.00000000,0,0.00000000,29554,29580,40,0.00189662
1773324472.74219751,0.03645773,6128,0.00024609,0.00000000,0,0.00000000,29580,29599,65,0.00079146
1773324472.84224749,0.03595616,6170,0.00046193,0.00000000,0,0.00000000,29599,29609,50,0.00083223
1773324472.94231868,0.03484514,6141,0.00068397,0.00000000,0,0.00000000,29609,29615,57,0.00221530
1773324473.04240131,0.03559527,6154,0.00056233,0.00000000,0,0.00000000,29615,29635,55,0.00131865
1773324473.14243531,0.02823897,6134,0.00032069,0.00000000,0,0.00000000,29635,29661,56,0.00187996
1773324473.24247766,0.02176068,6099,0.00019353,0.00000000,0,0.00000000,29661,29678,46,0.00267478
1773324473.34226680,0.02132137,6179,0.00020274,0.00000000,0,0.00000000,29678,29710,59,0.00194891
1773324473.44258928,0.01490327,6130,0.00015408,0.00000000,0,0.00000000,29710,29720,57,0.00188758
1773324473.54249501,0.02527591,6122,0.00037945,0.00000000,0,0.00000000,29720,29731,53,0.00229478
1773324473.64234757,0.03228921,6121,0.00053431,0.00000000,0,0.00000000,29731,29751,48,0.00090958
1773324473.74243069,0.03279007,6150,0.00036799,0.00000000,0,0.00000000,29751,29772,56,0.00092883
1773324473.84251237,0.03247098,6110,0.00043734,0.00000000,0,0.00000000,29772,29797,59,0.00081365
1773324473.94162679,0.03393256,6142,0.00039889,0.00000000,0,0.00000000,29797,29821,55,0.00193607
1773324474.04254961,0.03127566,6135,0.00041667,0.00000000,0,0.00000000,29821,29827,53,0.00266452
1773324474.14251828,0.03272248,6144,0.00015118,0.00000000,0,0.00000000,29827,29846,56,0.00193599
1773324474.24173927,0.02999585,6120,0.00012477,0.00000000,0,0.00000000,29846,29850,35,0.00199707
1773324474.34176087,0.02101351,6153,0.00015155,0.00000000,0,0.00000000,29850,29865,50,0.00240828
1773324474.44295382,0.02002469,6152,0.00012954,0.00000000,0,0.00000000,29865,29891,54,0.00442408
1773324474.54274201,0.03667513,6126,0.00046166,0.00000000,0,0.00000000,29891,29894,42,0.00205577
1773324474.64192057,0.03516377,6152,0.00027152,0.00000000,0,0.00000000,29894,29906,57,0.00223700
1773324474.74275708,0.03174816,6153,0.00014692,0.00000000,0,0.00000000,29906,29931,58,0.00145621
1773324474.84291744,0.03399664,6123,0.00057529,0.00000000,0,0.00000000,29931,29939,47,0.00078521
1773324474.94199324,0.02604528,6204,0.00042729,0.00000000,0,0.00000000,29939,29949,61,0.00235249
1773324475.04204464,0.03829666,6144,0.00023129,0.00000000,0,0.00000000,29949,29966,51,0.00190136
1773324475.14211893,0.02282080,6127,0.00018816,0.00000000,0,0.00000000,29966,29985,46,0.00331428
1773324475.24205256,0.02479966,6131,0.00019105,0.00000000,0,0.00000000,29985,30004,51,0.00196299
1773324475.34214568,0.02554601,6115,0.00022301,0.00000000,0,0.00000000,30004,30019,45,0.00225322
1773324475.44158602,0.02181126,6154,0.00015475,0.00000000,0,0.00000000,30019,30034,44,0.00229970
1773324475.54163885,0.03457318,6148,0.00015471,0.00000000,0,0.00000000,30034,30054,45,0.00155893
1773324475.64209557,0.03320971,6091,0.00052468,0.00000000,0,0.00000000,30054,30060,45,0.00127718
1773324475.74142504,0.03235263,6166,0.00015288,0.00000000,0,0.00000000,30060,30075,53,0.00186569
1773324475.84146929,0.03144358,6219,0.00039076,0.00000000,0,0.00000000,30075,30093,49,0.00118439
1773324475.94172764,0.03691593,6163,0.00045803,0.00000000,0,0.00000000,30093,30113,54,0.00178505
1773324476.04174519,0.04018604,6126,0.00014666,0.00000000,0,0.00000000,30113,30131,51,0.00223955
1773324476.14158773,0.02254664,6174,0.00018027,0.00000000,0,0.00000000,30131,30151,55,0.00224105
1773324476.24161577,0.02403324,6135,0.00013785,0.00000000,0,0.00000000,30151,30160,45,0.00178527
1773324476.34161854,0.02429091,6159,0.00017693,0.00000000,0,0.00000000,30160,30166,45,0.00210547
1773324476.44168925,0.01981786,6176,0.00012060,0.00000000,0,0.00000000,30166,30161,38,0.00266958
1773324476.54178619,0.03451051,6137,0.00012902,0.00000000,0,0.00000000,30161,30179,49,0.00090159
1773324476.64184403,0.03713992,6120,0.00016702,0.00000000,0,0.00000000,30179,30191,50,0.00080488
1773324476.74179268,0.03200047,6183,0.00017481,0.00000000,0,0.00000000,30191,30191,44,0.00079053
1773324476.84190774,0.02620093,6148,0.00012530,0.00000000,0,0.00000000,30191,30212,45,0.00077404
1773324476.94182277,0.03769075,6213,0.00056047,0.00000000,0,0.00000000,30212,30222,52,0.00324122
1773324477.04189777,0.04066323,6209,0.00020451,0.00000000,0,0.00000000,30222,30232,52,0.00133989
1773324477.14206791,0.02205608,6162,0.00016010,0.00000000,0,0.00000000,30232,30240,42,0.00179898
1773324477.24190021,0.02050769,6235,0.00018140,0.00000000,0,0.00000000,30240,30265,62,0.00216026
1773324477.34202600,0.02122344,6204,0.00016268,0.00000000,0,0.00000000,30265,30282,48,0.00181221
1773324477.44213963,0.01973372,6149,0.00013775,0.00000000,0,0.00000000,30282,30299,45,0.00240992
1773324477.54207683,0.03762268,6268,0.00042474,0.00000000,0,0.00000000,30299,30296,48,0.00098089
1773324477.64222407,0.03861900,6172,0.00042949,0.00000000,0,0.00000000,30296,30311,48,0.00084546
1773324477.74212480,0.03244119,6181,0.00061739,0.00000000,0,0.00000000,30311,30325,56,0.00082442
1773324477.84226990,0.03568236,6131,0.00038922,0.00000000,0,0.00000000,30325,30336,41,0.00085475
1773324477.94229984,0.03043781,6139,0.00035673,0.00000000,0,0.00000000,30336,30349,41,0.00213146
1773324478.04238749,0.03566903,6125,0.00043347,0.00000000,0,0.00000000,30349,30368,55,0.00145307
1773324478.14246893,0.01937216,6122,0.00022383,0.00000000,0,0.00000000,30368,30386,50,0.00176929
1773324478.24231100,0.01746477,6126,0.00015558,0.00000000,0,0.00000000,30386,30372,45,0.00195700
1773324478.34235883,0.01680060,6082,0.00012826,0.00000000,0,0.00000000,30372,30390,55,0.00191098
1773324478.44238901,0.02519182,6141,0.00042868,0.00000000,0,0.00000000,30390,30415,49,0.00397104
1773324478.54245448,0.03675559,6154,0.00042794,0.00000000,0,0.00000000,30415,30434,50,0.00120991
1773324478.64261651,0.03606352,6149,0.00045471,0.00000000,0,0.00000000,30434,30449,41,0.00086259
1773324478.74243355,0.03098324,6174,0.00034255,0.00000000,0,0.00000000,30449,30463,39,0.00084458
1773324478.84248090,0.03634736,6159,0.00019421,0.00000000,0,0.00000000,30463,30460,45,0.00091480
1773324478.94248915,0.03457640,6181,0.00034544,0.00000000,0,0.00000000,30460,30471,39,0.00149197
1773324479.04244924,0.04333308,6208,0.00034335,0.00000000,0,0.00000000,30471,30489,33,0.00121040
1773324479.14260864,0.02366899,6201,0.00018858,0.00000000,0,0.00000000,30489,30502,58,0.00269795
1773324479.24265957,0.02835583,6067,0.00013328,0.00000000,0,0.00000000,30502,30514,48,0.00163025
1773324479.34168005,0.02155501,6306,0.00012380,0.00000000,0,0.00000000,30514,30537,57,0.00328335
1773324479.44256234,0.02028329,6227,0.00011678,0.00000000,0,0.00000000,30537,30546,42,0.00347313
1773324479.54274058,0.04147655,6215,0.00041391,0.00000000,0,0.00000000,30546,30558,50,0.00100141
1773324479.64278769,0.03309064,6225,0.00049441,0.00000000,0,0.00000000,30558,30574,52,0.00184821
1773324479.74276853,0.03462578,6170,0.00019318,0.00000000,0,0.00000000,30574,30575,59,0.00157006
1773324479.84180188,0.03431964,6182,0.00049358,0.00000000,0,0.00000000,30575,30591,52,0.00082256
1773324479.94175887,0.03892916,6185,0.00043803,0.00000000,0,0.00000000,30591,30603,48,0.00179447
1773324480.04188824,0.03773873,6165,0.00045812,0.00000000,0,0.00000000,30603,30615,45,0.00282725
1773324480.14285827,0.03997716,6141,0.00058782,0.00000000,0,0.00000000,30615,30627,55,0.00096893
1773324480.24199700,0.02417683,6114,0.00019629,0.00000000,0,0.00000000,30627,30653,45,0.00298228
1773324480.34296060,0.02854675,6110,0.00021754,0.00000000,0,0.00000000,30653,30668,36,0.00240717
1773324480.44191694,0.02264322,6143,0.00019543,0.00000000,0,0.00000000,30668,30677,53,0.00405471
1773324480.54201436,0.02080385,6166,0.00014350,0.00000000,0,0.00000000,30677,30697,58,0.00312177
1773324480.64217806,0.02965549,6137,0.00044953,0.00000000,0,0.00000000,30697,30698,53,0.00340902
1773324480.74201751,0.02895164,6138,0.00039215,0.00000000,0,0.00000000,30698,30693,48,0.00303715
1773324480.84204936,0.03823628,6084,0.00031677,0.00000000,0,0.00000000,30693,30707,43,0.00116591
1773324480.94155025,0.03386049,6207,0.00023657,0.00000000,0,0.00000000,30707,30708,57,0.00157905
1773324481.04170513,0.03750147,6186,0.00011380,0.00000000,0,0.00000000,30708,30728,39,0.00239968
1773324481.14174104,0.02065548,6179,0.00015589,0.00000000,0,0.00000000,30728,30733,46,0.00158160
1773324481.24164891,0.02095400,6118,0.00013017,0.00000000,0,0.00000000,30733,30753,41,0.00134068
1773324481.34156370,0.02026879,6180,0.00014226,0.00000000,0,0.00000000,30753,30754,33,0.00321621
1773324481.44165015,0.02272414,6178,0.00021530,0.00000000,0,0.00000000,30754,30767,43,0.00265157
1773324481.54174423,0.03343982,6170,0.00039251,0.00000000,0,0.00000000,30767,30786,45,0.00075191
1773324481.64163804,0.03171756,6161,0.00042724,0.00000000,0,0.00000000,30786,30804,53,0.00085603
1773324481.74164486,0.02813419,6178,0.00038235,0.00000000,0,0.00000000,30804,30810,47,0.00092079
1773324481.84172392,0.03345821,6187,0.00009945,0.00000000,0,0.00000000,30810,30822,38,0.00077655
1773324481.94176364,0.03119521,6187,0.00035483,0.00000000,0,0.00000000,30822,30820,43,0.00290393
1773324482.04191113,0.03126269,6191,0.00050042,0.00000000,0,0.00000000,30820,30843,55,0.00211190
1773324482.14192677,0.02915713,6167,0.00015733,0.00000000,0,0.00000000,30843,30857,38,0.00144497
1773324482.24185538,0.02825874,6195,0.00015072,0.00000000,0,0.00000000,30857,30878,49,0.00251960
1773324482.34197998,0.01997219,6149,0.00013897,0.00000000,0,0.00000000,30878,30891,35,0.00268817
1773324482.44202876,0.02058560,6174,0.00013222,0.00000000,0,0.00000000,30891,30907,44,0.00243509
1773324482.54208231,0.03549906,6175,0.00037065,0.00000000,0,0.00000000,30907,30923,36,0.00203187
1773324482.64210677,0.03383866,6136,0.00050011,0.00000000,0,0.00000000,30923,30943,49,0.00247412
1773324482.74215198,0.03563869,6129,0.00036122,0.00000000,0,0.00000000,30943,30956,40,0.00158286
1773324482.84206843,0.03674818,6168,0.00033445,0.00000000,0,0.00000000,30956,30966,39,0.00098170
1773324482.94217420,0.03187279,6141,0.00060498,0.00000000,0,0.00000000,30966,30979,42,0.00297602
1773324483.04221773,0.02879698,6147,0.00013630,0.00000000,0,0.00000000,30979,30984,39,0.00258397
1773324483.14228296,0.03611707,6153,0.00008955,0.00000000,0,0.00000000,30984,30998,31,0.00099700
1773324483.24230862,0.03187330,6184,0.00012578,0.00000000,0,0.00000000,30998,31010,38,0.00321279
1773324483.34235191,0.02046345,6169,0.00013262,0.00000000,0,0.00000000,31010,31024,33,0.00278640
1773324483.44230676,0.01748964,6182,0.00020045,0.00000000,0,0.00000000,31024,31042,51,0.00350911
1773324483.54233146,0.03271290,6181,0.00019946,0.00000000,0,0.00000000,31042,31060,40,0.00270961
1773324483.64240170,0.03386323,6192,0.00047051,0.00000000,0,0.00000000,31060,31074,43,0.00279627
1773324483.74244404,0.03490204,6176,0.00039440,0.00000000,0,0.00000000,31074,31083,33,0.00075320
1773324483.84249139,0.03696225,6182,0.00011899,0.00000000,0,0.00000000,31083,31097,37,0.00088160
1773324483.94256258,0.03371100,6177,0.00042055,0.00000000,0,0.00000000,31097,31106,39,0.00204391
1773324484.04266572,0.03235217,6131,0.00045718,0.00000000,0,0.00000000,31106,31110,43,0.00216036
1773324484.14248657,0.01905431,6187,0.00017151,0.00000000,0,0.00000000,31110,31119,47,0.00160697
1773324484.24265027,0.02038227,6145,0.00019073,0.00000000,0,0.00000000,31119,31125,37,0.00235640
1773324484.34264255,0.01817650,6121,0.00017531,0.00000000,0,0.00000000,31125,31138,42,0.00296209
1773324484.44251108,0.01909439,6133,0.00017235,0.00000000,0,0.00000000,31138,31148,38,0.00329343
1773324484.54259038,0.03594972,6157,0.00032622,0.00000000,0,0.00000000,31148,31160,33,0.00082873
1773324484.64267445,0.03300804,6002,0.00027815,0.00000000,0,0.00000000,31160,31172,37,0.00094644
1773324484.74164867,0.03361415,6216,0.00012477,0.00000000,0,0.00000000,31172,31189,51,0.00081146
1773324484.84261322,0.03710376,6063,0.00013557,0.00000000,0,0.00000000,31189,31200,39,0.00084640
1773324484.94264054,0.03182680,6063,0.00035362,0.00000000,0,0.00000000,31200,31194,31,0.00237992
1773324485.04266214,0.02925993,6084,0.00038564,0.00000000,0,0.00000000,31194,31207,45,0.00085156
1773324485.14279366,0.03813033,6071,0.00009906,0.00000000,0,0.00000000,31207,31219,29,0.00290507
1773324485.24276400,0.03715433,6069,0.00044992,0.00000000,0,0.00000000,31219,31239,45,0.00252633
1773324485.34286976,0.02285595,6028,0.00014493,0.00000000,0,0.00000000,31239,31246,31,0.00331473
1773324485.44183469,0.02159314,6079,0.00023756,0.00000000,0,0.00000000,31246,31257,47,0.00196977
1773324485.54284453,0.01936577,6007,0.00015888,0.00000000,0,0.00000000,31257,31270,44,0.00162875
1773324485.64165831,0.02957352,6044,0.00033413,0.00000000,0,0.00000000,31270,31275,36,0.00323255
1773324485.74167371,0.03144698,6053,0.00043633,0.00000000,0,0.00000000,31275,31286,42,0.00081795
1773324485.84165359,0.04089735,6023,0.00048730,0.00000000,0,0.00000000,31286,31293,50,0.00127026
1773324485.94177723,0.03344827,6012,0.00015379,0.00000000,0,0.00000000,31293,31305,40,0.00080772
1773324486.04214597,0.02879321,6024,0.00025407,0.00000000,0,0.00000000,31305,31298,35,0.00229117
1773324486.14160824,0.03377654,6061,0.00010718,0.00000000,0,0.00000000,31298,31313,39,0.00120234
1773324486.24173141,0.02892856,6056,0.00010357,0.00000000,0,0.00000000,31313,31317,29,0.00247031
1773324486.34153628,0.01902936,6165,0.00009767,0.00000000,0,0.00000000,31317,31326,33,0.00277007
1773324486.44179559,0.01903837,6118,0.00008768,0.00000000,0,0.00000000,31326,31339,39,0.00248500
1773324486.54169774,0.03460821,6157,0.00030526,0.00000000,0,0.00000000,31339,31336,34,0.00229080
1773324486.64165783,0.03104817,6123,0.00050067,0.00000000,0,0.00000000,31336,31347,55,0.00212691
1773324486.74160957,0.03368092,6167,0.00030499,0.00000000,0,0.00000000,31347,31347,36,0.00081295
1773324486.84173298,0.03866676,6131,0.00013742,0.00000000,0,0.00000000,31347,31338,38,0.00085121
1773324486.94176483,0.03383933,6151,0.00022463,0.00000000,0,0.00000000,31338,31346,57,0.00234085
1773324487.04176235,0.03022842,6130,0.00048513,0.00000000,0,0.00000000,31346,31363,57,0.00242278
1773324487.14181161,0.04024697,6169,0.00021136,0.00000000,0,0.00000000,31363,31355,39,0.00099724
1773324487.24170136,0.03601554,6154,0.00022146,0.00000000,0,0.00000000,31355,31368,42,0.00302488
1773324487.34193873,0.02142492,6123,0.00021308,0.00000000,0,0.00000000,31368,31371,50,0.00206113
1773324487.44188118,0.01841575,6166,0.00012703,0.00000000,0,0.00000000,31371,31386,49,0.00209669
1773324487.54199505,0.03908973,6181,0.00036006,0.00000000,0,0.00000000,31386,31406,50,0.00273055
1773324487.64190865,0.03487685,6209,0.00053579,0.00000000,0,0.00000000,31406,31412,62,0.00237079
1773324487.74200320,0.03758649,6253,0.00045985,0.00000000,0,0.00000000,31412,31432,42,0.00116308
1773324487.84208226,0.03266358,6248,0.00064394,0.00000000,0,0.00000000,31432,31397,53,0.00096474
1773324487.94213247,0.03585393,6226,0.00019626,0.00000000,0,0.00000000,31397,31395,47,0.00110233
1773324488.04205155,0.03037377,6249,0.00044350,0.00000000,0,0.00000000,31395,31406,50,0.00230406
1773324488.14213395,0.03459391,6251,0.00013807,0.00000000,0,0.00000000,31406,31413,43,0.00322494
1773324488.24221921,0.03544973,6211,0.00016660,0.00000000,0,0.00000000,31413,31428,59,0.00091961
1773324488.34227252,0.01991390,6150,0.00016629,0.00000000,0,0.00000000,31428,31396,40,0.00298271
1773324488.44218874,0.01680145,6215,0.00013822,0.00000000,0,0.00000000,31396,31412,48,0.00315502
1773324488.54223728,0.02228312,6178,0.00018037,0.00000000,0,0.00000000,31412,31430,65,0.00205975
1773324488.64236712,0.03000852,6184,0.00038115,0.00000000,0,0.00000000,31430,31440,46,0.00445311
1773324488.74234939,0.03116270,6163,0.00047102,0.00000000,0,0.00000000,31440,31455,51,0.00084458
1773324488.84239388,0.02992522,6111,0.00049009,0.00000000,0,0.00000000,31455,31480,69,0.00083659
1773324488.94244027,0.03697283,6089,0.00054368,0.00000000,0,0.00000000,31480,31500,53,0.00245727
1773324489.04250121,0.03837343,6123,0.00021019,0.00000000,0,0.00000000,31500,31514,51,0.00215754
1773324489.14252210,0.01944979,6092,0.00027179,0.00000000,0,0.00000000,31514,31537,69,0.00224489
1773324489.24257350,0.02395123,6077,0.00010974,0.00000000,0,0.00000000,31537,31548,41,0.00265712
1773324489.34265852,0.01688705,6070,0.00012078,0.00000000,0,0.00000000,31548,31566,44,0.00193933
1773324489.44267392,0.01763041,6105,0.00015655,0.00000000,0,0.00000000,31566,31569,51,0.00170787
1773324489.54266000,0.03851175,6104,0.00017161,0.00000000,0,0.00000000,31569,31578,41,0.00098868
1773324489.64266181,0.03889674,6095,0.00044456,0.00000000,0,0.00000000,31578,31599,52,0.00080155
1773324489.74273419,0.04339309,6091,0.00078012,0.00000000,0,0.00000000,31599,31620,48,0.00078940
1773324489.84286284,0.04282156,6099,0.00017939,0.00000000,0,0.00000000,31620,31633,38,0.00080343
1773324489.94284487,0.04608001,6102,0.00033148,0.00000000,0,0.00000000,31633,31636,45,0.00180340
1773324490.04289150,0.03931848,6058,0.00021243,0.00000000,0,0.00000000,31636,31653,47,0.00186464
1773324490.14274383,0.03051905,6096,0.00031809,0.00000000,0,0.00000000,31653,31659,51,0.00239838
1773324490.24277806,0.05434519,6086,0.00051110,0.00000000,0,0.00000000,31659,31663,50,0.00140889
1773324490.34284568,0.02991453,6113,0.00032791,0.00000000,0,0.00000000,31663,31660,42,0.00340680
1773324490.44288731,0.04440555,6134,0.00022047,0.00000000,0,0.00000000,31660,31673,53,0.00424389
1773324490.54289365,0.03823665,6131,0.00036413,0.00000000,0,0.00000000,31673,31691,46,0.00355754
1773324490.64181948,0.03253238,6169,0.00026152,0.00000000,0,0.00000000,31691,31661,42,0.00127442
1773324490.74189830,0.04172402,6211,0.00080712,0.00000000,0,0.00000000,31661,31679,50,0.00170921
1773324490.84182239,0.05431418,6179,0.00050985,0.00000000,0,0.00000000,31679,31697,55,0.00225569
1773324490.94197822,0.04277348,6143,0.00092646,0.00000000,0,0.00000000,31697,31703,48,0.00121055
1773324491.04164171,0.04327336,6188,0.00106892,0.00000000,0,0.00000000,31703,31691,65,0.00098289
1773324491.14163446,0.04720689,6217,0.00069126,0.00000000,0,0.00000000,31691,31711,50,0.00369329
1773324491.24167800,0.03540337,6216,0.00018572,0.00000000,0,0.00000000,31711,31720,45,0.00370464
1773324491.34173727,0.03730232,6188,0.00058892,0.00000000,0,0.00000000,31720,31721,55,0.00272569
1773324491.44156384,0.02264780,6232,0.00020152,0.00000000,0,0.00000000,31721,31729,49,0.00433275
1773324491.54174066,0.02944964,6188,0.00019215,0.00000000,0,0.00000000,31729,31745,52,0.00311298
1773324491.64194751,0.02613107,6268,0.00031292,0.00000000,0,0.00000000,31745,31750,63,0.00145800
1773324491.74171424,0.04962415,6246,0.00103397,0.00000000,0,0.00000000,31750,31773,57,0.00110722
1773324491.84177637,0.05983447,6197,0.00046320,0.00000000,0,0.00000000,31773,31787,49,0.00128198
1773324491.94162345,0.05398736,6246,0.00056617,0.00000000,0,0.00000000,31787,31809,57,0.00115184
1773324492.04167247,0.05825068,6229,0.00105409,0.00000000,0,0.00000000,31809,31824,49,0.00148846
1773324492.14173746,0.06268131,6249,0.00074010,0.00000000,0,0.00000000,31824,31831,42,0.00420253
1773324492.24183273,0.09792218,6223,0.00060695,0.00000000,0,0.00000000,31831,31847,46,0.00543257
1773324492.34194422,0.05373751,6223,0.00030445,0.00000000,0,0.00000000,31847,31850,41,0.00458335
1773324492.44191122,0.04360248,6210,0.00069013,0.00000000,0,0.00000000,31850,31845,49,0.00418075
1773324492.54198837,0.05970020,6203,0.00030664,0.00000000,0,0.00000000,31845,31830,48,0.00477117
1773324492.64189267,0.03194847,6248,0.00048381,0.00000000,0,0.00000000,31830,31844,57,0.00260959
1773324492.74196315,0.02720652,6245,0.00023662,0.00000000,0,0.00000000,31844,31868,58,0.00341421
1773324492.84204078,0.02360598,6208,0.00030040,0.00000000,0,0.00000000,31868,31882,60,0.00437815
1773324492.94204760,0.02633007,6181,0.00034190,0.00000000,0,0.00000000,31882,31869,58,0.00363848
1773324493.04213476,0.04495275,6188,0.00037337,0.00000000,0,0.00000000,31869,31876,53,0.00356324
1773324493.14224672,0.04662330,6243,0.00071790,0.00000000,0,0.00000000,31876,31894,45,0.00115614
1773324493.24226904,0.04182599,6193,0.00042159,0.00000000,0,0.00000000,31894,31904,50,0.00124316
1773324493.34220243,0.03921557,6253,0.00061016,0.00000000,0,0.00000000,31904,31892,49,0.00211356
1773324493.44235420,0.02514476,6195,0.00015452,0.00000000,0,0.00000000,31892,31908,47,0.00313532
1773324493.54223084,0.02733601,6254,0.00048327,0.00000000,0,0.00000000,31908,31916,52,0.00120531
1773324493.64234400,0.02200137,6225,0.00017491,0.00000000,0,0.00000000,31916,31916,40,0.00201545
1773324493.74233389,0.04272793,6237,0.00084053,0.00000000,0,0.00000000,31916,31927,43,0.00305354
1773324493.84252477,0.04562503,6227,0.00066361,0.00000000,0,0.00000000,31927,31947,56,0.00094479
1773324493.94251561,0.04255024,6180,0.00085263,0.00000000,0,0.00000000,31947,31930,61,0.00087170
1773324494.04241347,0.06350344,6233,0.00037565,0.00000000,0,0.00000000,31930,31943,44,0.00097860
1773324494.14250660,0.04427361,6205,0.00025088,0.00000000,0,0.00000000,31943,31958,46,0.00367974
1773324494.24256825,0.03305847,6174,0.00040535,0.00000000,0,0.00000000,31958,31969,36,0.00219734
1773324494.34255195,0.04402035,6205,0.00029979,0.00000000,0,0.00000000,31969,31977,51,0.00397500
1773324494.44252896,0.02690376,6215,0.00020417,0.00000000,0,0.00000000,31977,31975,57,0.00210853
1773324494.54261899,0.02886081,6199,0.00020434,0.00000000,0,0.00000000,31975,31970,40,0.00208070
1773324494.64278078,0.02578494,6180,0.00015472,0.00000000,0,0.00000000,31970,31978,38,0.00102180
1773324494.74257517,0.03815149,6239,0.00057410,0.00000000,0,0.00000000,31978,31988,55,0.00294323
1773324494.84267330,0.05150088,6248,0.00074180,0.00000000,0,0.00000000,31988,32005,72,0.00240079
1773324494.94263482,0.05426284,6242,0.00065625,0.00000000,0,0.00000000,32005,32021,49,0.00132738
1773324495.04274249,0.05643342,6223,0.00037684,0.00000000,0,0.00000000,32021,32025,37,0.00124079
1773324495.14165473,0.05146218,6239,0.00052175,0.00000000,0,0.00000000,32025,32041,42,0.00131956
1773324495.24184084,0.04003933,6245,0.00032636,0.00000000,0,0.00000000,32041,32052,34,0.00385977
1773324495.34177589,0.03136489,6207,0.00034404,0.00000000,0,0.00000000,32052,32058,60,0.00334505
1773324495.44274783,0.04438167,6248,0.00058117,0.00000000,0,0.00000000,32058,32064,35,0.00321429
1773324495.54277706,0.03232041,6240,0.00036584,0.00000000,0,0.00000000,32064,32078,45,0.00267757
1773324495.64295864,0.02628151,6245,0.00019858,0.00000000,0,0.00000000,32078,32075,48,0.00342287
1773324495.74300408,0.02615663,6202,0.00018388,0.00000000,0,0.00000000,32075,32070,48,0.00217994
1773324495.84288788,0.03957067,6215,0.00069594,0.00000000,0,0.00000000,32070,32062,71,0.00323547
1773324495.94296861,0.04603483,6210,0.00032393,0.00000000,0,0.00000000,32062,32079,42,0.00202159
1773324496.04194570,0.04828883,6230,0.00060069,0.00000000,0,0.00000000,32079,32087,42,0.00088509
1773324496.14206553,0.04809770,6225,0.00054356,0.00000000,0,0.00000000,32087,32102,41,0.00162564
1773324496.24198365,0.04400983,6216,0.00045354,0.00000000,0,0.00000000,32102,32120,44,0.00216466
1773324496.34202242,0.02959205,6268,0.00027530,0.00000000,0,0.00000000,32120,32136,45,0.00446136
1773324496.44193649,0.04496444,6228,0.00020114,0.00000000,0,0.00000000,32136,32145,47,0.00322509
1773324496.54202461,0.02847344,6221,0.00016085,0.00000000,0,0.00000000,32145,32150,42,0.00499063
1773324496.64163613,0.03023507,6264,0.00037606,0.00000000,0,0.00000000,32150,32158,50,0.00352532
1773324496.74204183,0.03052033,6222,0.00039683,0.00000000,0,0.00000000,32158,32148,47,0.00166159
1773324496.84176636,0.04771931,6239,0.00060636,0.00000000,0,0.00000000,32148,32173,61,0.00285376
1773324496.94174314,0.05482987,6172,0.00062251,0.00000000,0,0.00000000,32173,32185,45,0.00178729
1773324497.04161787,0.05006586,6228,0.00058285,0.00000000,0,0.00000000,32185,32188,42,0.00178975
1773324497.14169693,0.04806947,6202,0.00058665,0.00000000,0,0.00000000,32188,32192,56,0.00098535
1773324497.24175453,0.03359163,6242,0.00032957,0.00000000,0,0.00000000,32192,32167,43,0.00240960
1773324497.34163690,0.04072583,6259,0.00055306,0.00000000,0,0.00000000,32167,32171,40,0.00238421
1773324497.44167495,0.02849887,6260,0.00017170,0.00000000,0,0.00000000,32171,32183,33,0.00389191
1773324497.54168391,0.02875502,6280,0.00014947,0.00000000,0,0.00000000,32183,32195,45,0.00453271
1773324497.64173174,0.02453820,6252,0.00028484,0.00000000,0,0.00000000,32195,32204,52,0.00169685
1773324497.74180150,0.02629269,6275,0.00024066,0.00000000,0,0.00000000,32204,32203,50,0.00143793
1773324497.84183288,0.05436143,6203,0.00047321,0.00000000,0,0.00000000,32203,32211,47,0.00218309
1773324497.94176722,0.04557548,6222,0.00064794,0.00000000,0,0.00000000,32211,32223,52,0.00247504
1773324498.04184818,0.05077656,6174,0.00077193,0.00000000,0,0.00000000,32223,32205,53,0.00249066
1773324498.14193630,0.05356920,6178,0.00062040,0.00000000,0,0.00000000,32205,32216,46,0.00094285
1773324498.24194193,0.03027713,6151,0.00021313,0.00000000,0,0.00000000,32216,32221,51,0.00481612
1773324498.34207273,0.04558534,6175,0.00072805,0.00000000,0,0.00000000,32221,32219,53,0.00379532
1773324498.44202042,0.03124148,6164,0.00069724,0.00000000,0,0.00000000,32219,32225,48,0.00345704
1773324498.54206014,0.02762477,6105,0.00026032,0.00000000,0,0.00000000,32225,32239,58,0.00456779
1773324498.64230943,0.02543656,6097,0.00041404,0.00000000,0,0.00000000,32239,32244,61,0.00353252
1773324498.74216270,0.03016103,6111,0.00036824,0.00000000,0,0.00000000,32244,32251,52,0.00131220
1773324498.84223151,0.04554159,6111,0.00057233,0.00000000,0,0.00000000,32251,32268,50,0.00488295
1773324498.94222713,0.05056562,6113,0.00062115,0.00000000,0,0.00000000,32268,32294,64,0.00114013
1773324499.04238868,0.04514822,6106,0.00047577,0.00000000,0,0.00000000,32294,32300,47,0.00433500
1773324499.14257264,0.04194873,6185,0.00064418,0.00000000,0,0.00000000,32300,32295,54,0.00166467
1773324499.24230814,0.03228189,6210,0.00061212,0.00000000,0,0.00000000,32295,32307,53,0.00377138
1773324499.34233880,0.03597707,6220,0.00119644,0.00000000,0,0.00000000,32307,32309,55,0.00349515
1773324499.44244194,0.02988806,6227,0.00032050,0.00000000,0,0.00000000,32309,32303,65,0.00359126
1773324499.54251218,0.02694018,6198,0.00022675,0.00000000,0,0.00000000,32303,32318,65,0.00444879
1773324499.64237571,0.02376856,6236,0.00021355,0.00000000,0,0.00000000,32318,32335,46,0.00380570
1773324499.74242401,0.02975609,6263,0.00043049,0.00000000,0,0.00000000,32335,32351,48,0.00145844
1773324499.84258223,0.04479159,6244,0.00072933,0.00000000,0,0.00000000,32351,32378,48,0.00096423
1773324499.94259739,0.05519556,6196,0.00056960,0.00000000,0,0.00000000,32378,32394,55,0.00173055
1773324500.04248929,0.06812796,6191,0.00062368,0.00000000,0,0.00000000,32394,32410,47,0.00154363
1773324500.14256310,0.04755477,6223,0.00032725,0.00000000,0,0.00000000,32410,32416,36,0.00086731
1773324500.24244690,0.05642408,6236,0.00097393,0.00000000,0,0.00000000,32416,32424,53,0.00348237
1773324500.34254098,0.04316596,6239,0.00056815,0.00000000,0,0.00000000,32424,32434,47,0.00218134
1773324500.44253778,0.04903980,6234,0.00032308,0.00000000,0,0.00000000,32434,32455,50,0.00567822
1773324500.54259300,0.04026809,6287,0.00028026,0.00000000,0,0.00000000,32455,32466,56,0.00560940
1773324500.64265776,0.02956950,6251,0.00024160,0.00000000,0,0.00000000,32466,32480,47,0.00331876
1773324500.74272847,0.04829393,6235,0.00033427,0.00000000,0,0.00000000,32480,32492,53,0.00504198
1773324500.84180355,0.03983474,6251,0.00080272,0.00000000,0,0.00000000,32492,32510,43,0.00149670
1773324500.94268680,0.02853112,6253,0.00020814,0.00000000,0,0.00000000,32510,32527,46,0.00298328
1773324501.04188204,0.06456724,6271,0.00059835,0.00000000,0,0.00000000,32527,32526,48,0.00115688
1773324501.14284110,0.03588601,6254,0.00045262,0.00000000,0,0.00000000,32526,32541,53,0.00696936
1773324501.24282527,0.03711095,6251,0.00075450,0.00000000,0,0.00000000,32541,32550,45,0.00119317
1773324501.34284258,0.03692458,6253,0.00087775,0.00000000,0,0.00000000,32550,32564,53,0.00216701
1773324501.44289303,0.02665081,6216,0.00015762,0.00000000,0,0.00000000,32564,32583,40,0.00486693
1773324501.54194045,0.02493061,6222,0.00017958,0.00000000,0,0.00000000,32583,32569,53,0.00502826
1773324501.64205742,0.02303637,6232,0.00016962,0.00000000,0,0.00000000,32569,32592,52,0.00125133
1773324501.74160886,0.04711041,6250,0.00054398,0.00000000,0,0.00000000,32592,32602,57,0.00190386
1773324501.84196043,0.04815869,6225,0.00101933,0.00000000,0,0.00000000,32602,32604,48,0.00111765
1773324501.94158196,0.04834367,6225,0.00069724,0.00000000,0,0.00000000,32604,32605,42,0.00093882
1773324502.04165339,0.04487840,6276,0.00054203,0.00000000,0,0.00000000,32605,32619,45,0.00094212
1773324502.14214420,0.05769487,6219,0.00067083,0.00000000,0,0.00000000,32619,32631,41,0.00211137
1773324502.24161029,0.05100746,6235,0.00030252,0.00000000,0,0.00000000,32631,32648,43,0.00256116
1773324502.34167957,0.04000937,6230,0.00053546,0.00000000,0,0.00000000,32648,32663,47,0.00427133
1773324502.44158459,0.03575492,6227,0.00019974,0.00000000,0,0.00000000,32663,32664,36,0.00349613
1773324502.54167962,0.03195060,6198,0.00034347,0.00000000,0,0.00000000,32664,32678,46,0.00372277
1773324502.64164209,0.02712648,6226,0.00050850,0.00000000,0,0.00000000,32678,32685,47,0.00342596
1773324502.74157619,0.02783467,6210,0.00021232,0.00000000,0,0.00000000,32685,32674,34,0.00138069
1773324502.84165716,0.04839254,6235,0.00158054,0.00000000,0,0.00000000,32674,32675,53,0.00263421
1773324502.94172215,0.05205270,6236,0.00105997,0.00000000,0,0.00000000,32675,32692,51,0.00132213
1773324503.04183269,0.08093041,6222,0.00049548,0.00000000,0,0.00000000,32692,32707,37,0.00469097
1773324503.14200306,0.09777505,6215,0.00065357,0.00000000,0,0.00000000,32707,32736,56,0.00289444
1773324503.24189353,0.05319858,6220,0.00064710,0.00000000,0,0.00000000,32736,32755,48,0.00445420
1773324503.34190202,0.05027884,6191,0.00062976,0.00000000,0,0.00000000,32755,32748,44,0.00330134
1773324503.44182444,0.04719076,6236,0.00062738,0.00000000,0,0.00000000,32748,32747,42,0.00380519
1773324503.54192996,0.03175148,6220,0.00018721,0.00000000,0,0.00000000,32747,32768,40,0.00430442
1773324503.64210916,0.03669267,6180,0.00058396,0.00000000,0,0.00000000,32768,32777,50,0.00306276
1773324503.74196792,0.03462524,6232,0.00027289,0.00000000,0,0.00000000,32777,32802,67,0.00385397
1773324503.84214830,0.02825659,6247,0.00013328,0.00000000,0,0.00000000,32802,32822,42,0.00416629
1773324503.94218564,0.03110982,6176,0.00037380,0.00000000,0,0.00000000,32822,32844,55,0.00358320
1773324504.04201889,0.02389699,6242,0.00021764,0.00000000,0,0.00000000,32844,32846,55,0.00129893
1773324504.14251781,0.04152075,6269,0.00050176,0.00000000,0,0.00000000,32846,32865,44,0.00375190
1773324504.24215031,0.03707700,6243,0.00064863,0.00000000,0,0.00000000,32865,32852,41,0.00128772
1773324504.34217191,0.02908956,6234,0.00015250,0.00000000,0,0.00000000,32852,32867,36,0.00178790
1773324504.44228864,0.02918876,6244,0.00019860,0.00000000,0,0.00000000,32867,32871,40,0.00124344
1773324504.54237819,0.02831261,6209,0.00038818,0.00000000,0,0.00000000,32871,32875,51,0.00138631
1773324504.64225531,0.02775556,6236,0.00024433,0.00000000,0,0.00000000,32875,32890,59,0.00222666
1773324504.74227619,0.04587457,6227,0.00039743,0.00000000,0,0.00000000,32890,32885,37,0.00186782
1773324504.84237385,0.04503075,6189,0.00080683,0.00000000,0,0.00000000,32885,32878,49,0.00102008
1773324504.94240642,0.06552213,6172,0.00146460,0.00000000,0,0.00000000,32878,32895,49,0.00168996
1773324505.04244471,0.06366495,6205,0.00066945,0.00000000,0,0.00000000,32895,32911,53,0.00220578
1773324505.14249969,0.06936492,6134,0.00054702,0.00000000,0,0.00000000,32911,32926,58,0.00460798
1773324505.24251080,0.03646720,6134,0.00047733,0.00000000,0,0.00000000,32926,32936,43,0.00234465
1773324505.34255362,0.05395557,6097,0.00243547,0.00000000,0,0.00000000,32936,32997,176,0.00474916
1773324505.44154382,0.05045322,6070,0.00039247,0.00000000,0,0.00000000,32997,33014,55,0.00359180
1773324505.54161525,0.04115581,6099,0.00021868,0.00000000,0,0.00000000,33014,33031,50,0.00371967
1773324505.64273357,0.03491333,5971,0.00026596,0.00000000,0,0.00000000,33031,33020,49,0.00507942
1773324505.74099922,0.04140425,6142,0.00122715,0.00000000,0,0.00000000,33020,33042,66,0.00187317
1773324505.84275770,0.03584105,6039,0.00058918,0.00000000,0,0.00000000,33042,33020,50,0.00424193
1773324505.94181371,0.03213655,6051,0.00031437,0.00000000,0,0.00000000,33020,33034,37,0.00474535
1773324506.04180741,0.05320360,6075,0.00024667,0.00000000,0,0.00000000,33034,33051,57,0.00138780
1773324506.14286947,0.03451432,6060,0.00017569,0.00000000,0,0.00000000,33051,33063,49,0.00204082
1773324506.24380207,0.03933351,6005,0.00045592,0.00000000,0,0.00000000,33063,33080,49,0.00186084
1773324506.34173250,0.03073652,6068,0.00027694,0.00000000,0,0.00000000,33080,33069,49,0.00151594
1773324506.44288087,0.02592752,6028,0.00013282,0.00000000,0,0.00000000,33069,33071,42,0.00188711
1773324506.54192209,0.02820939,6095,0.00017830,0.00000000,0,0.00000000,33071,33068,47,0.00200081
1773324506.64204431,0.05324946,6075,0.00046298,0.00000000,0,0.00000000,33068,33081,46,0.00319930
1773324506.74195266,0.04778802,6085,0.00042905,0.00000000,0,0.00000000,33081,33091,51,0.00108154
1773324506.84214973,0.05290873,6056,0.00065144,0.00000000,0,0.00000000,33091,33091,53,0.00155467
1773324506.94218063,0.05273858,6030,0.00023922,0.00000000,0,0.00000000,33091,33103,45,0.00208353
1773324507.04171395,0.05006748,6015,0.00054802,0.00000000,0,0.00000000,33103,33110,43,0.00316543
1773324507.14162636,0.05064883,6064,0.00060240,0.00000000,0,0.00000000,33110,33116,47,0.00222786
1773324507.24165654,0.05204344,6029,0.00031878,0.00000000,0,0.00000000,33116,33129,41,0.00243452
1773324507.34169173,0.03486536,6071,0.00051231,0.00000000,0,0.00000000,33129,33147,54,0.00335622
1773324507.44161201,0.04790024,6156,0.00051890,0.00000000,0,0.00000000,33147,33160,39,0.00333785
1773324507.54160953,0.03325293,6203,0.00031109,0.00000000,0,0.00000000,33160,33165,40,0.00159146
1773324507.64170504,0.02416231,6180,0.00012631,0.00000000,0,0.00000000,33165,33178,41,0.00298360
1773324507.74152136,0.02711437,6259,0.00016362,0.00000000,0,0.00000000,33178,33182,35,0.00422382
1773324507.84177375,0.02877453,6188,0.00061810,0.00000000,0,0.00000000,33182,33187,44,0.00254811
1773324507.94161081,0.04740482,6214,0.00063463,0.00000000,0,0.00000000,33187,33178,54,0.00117740
1773324508.04157281,0.04354275,6230,0.00050178,0.00000000,0,0.00000000,33178,33203,45,0.00155727
1773324508.14180136,0.04966453,6258,0.00074620,0.00000000,0,0.00000000,33203,33210,48,0.00202712
1773324508.24163365,0.03020668,6241,0.00024690,0.00000000,0,0.00000000,33210,33206,33,0.00139642
1773324508.34189653,0.03365226,6206,0.00060202,0.00000000,0,0.00000000,33206,33211,52,0.00332499
1773324508.44183826,0.03801017,6218,0.00019701,0.00000000,0,0.00000000,33211,33218,39,0.00377797
1773324508.54186416,0.02657724,6205,0.00013079,0.00000000,0,0.00000000,33218,33231,46,0.00309897
1773324508.64172101,0.02226425,6259,0.00023021,0.00000000,0,0.00000000,33231,33238,45,0.00485467
1773324508.74193501,0.02558741,6203,0.00015533,0.00000000,0,0.00000000,33238,33246,43,0.00127107
1773324508.84192896,0.05129054,6245,0.00043265,0.00000000,0,0.00000000,33246,33254,36,0.00237260
1773324508.94186473,0.04863047,6275,0.00069952,0.00000000,0,0.00000000,33254,33263,39,0.00113701
1773324509.04189420,0.05992017,6260,0.00055912,0.00000000,0,0.00000000,33263,33266,41,0.00287399
1773324509.14233446,0.04671445,6291,0.00053439,0.00000000,0,0.00000000,33266,33277,45,0.00113153
1773324509.24204230,0.04799267,6262,0.00032617,0.00000000,0,0.00000000,33277,33291,48,0.00556131
1773324509.34230161,0.02542642,6228,0.00030995,0.00000000,0,0.00000000,33291,33295,40,0.00259540
1773324509.44219422,0.04146047,6268,0.00026658,0.00000000,0,0.00000000,33295,33313,46,0.00325785
1773324509.54225016,0.02303273,6233,0.00024160,0.00000000,0,0.00000000,33313,33324,47,0.00297216
1773324509.64218044,0.01943490,6281,0.00013851,0.00000000,0,0.00000000,33324,33334,43,0.00251042
1773324509.74215174,0.02315332,6314,0.00013556,0.00000000,0,0.00000000,33334,33340,33,0.00167333
1773324509.84231567,0.03665410,6259,0.00044321,0.00000000,0,0.00000000,33340,33363,44,0.00292830
1773324509.94224072,0.03872285,6289,0.00034992,0.00000000,0,0.00000000,33363,33375,39,0.00168671
1773324510.04231310,0.06199904,6271,0.00041650,0.00000000,0,0.00000000,33375,33369,36,0.00305912
1773324510.14236856,0.06096641,6269,0.00041822,0.00000000,0,0.00000000,33369,33368,35,0.00090776
1773324510.24244356,0.03994795,6242,0.00036131,0.00000000,0,0.00000000,33368,33372,46,0.00269857
1773324510.34272838,0.03995338,6267,0.00086888,0.00000000,0,0.00000000,33372,33383,44,0.00299479
1773324510.44260740,0.04269244,6286,0.00025340,0.00000000,0,0.00000000,33383,33388,40,0.00356363
1773324510.54262018,0.03577318,6263,0.00022777,0.00000000,0,0.00000000,33388,33403,50,0.00406619
1773324510.64249349,0.03155721,6264,0.00038554,0.00000000,0,0.00000000,33403,33395,42,0.00239466
1773324510.74257755,0.02866223,6269,0.00071623,0.00000000,0,0.00000000,33395,33400,36,0.00160941
1773324510.84256744,0.02456604,6274,0.00016838,0.00000000,0,0.00000000,33400,33424,49,0.00316528
1773324510.94263816,0.08526880,6209,0.00082799,0.00000000,0,0.00000000,33424,33394,41,0.00294196
1773324511.04245377,0.05047616,6234,0.00067136,0.00000000,0,0.00000000,33394,33402,52,0.00173114
1773324511.14278483,0.04689268,6169,0.00039862,0.00000000,0,0.00000000,33402,33414,34,0.00161165
1773324511.24256873,0.04884942,6222,0.00034255,0.00000000,0,0.00000000,33414,33432,32,0.00107188
1773324511.34288287,0.04664887,6251,0.00020246,0.00000000,0,0.00000000,33432,33432,35,0.01077949
1773324511.44267464,0.03075146,6193,0.00013444,0.00000000,0,0.00000000,33432,33446,39,0.00515714
1773324511.54266930,0.04388923,6206,0.00022460,0.00000000,0,0.00000000,33446,33455,44,0.00473628
1773324511.64277506,0.02816575,6213,0.00032278,0.00000000,0,0.00000000,33455,33430,42,0.00335481
1773324511.74277449,0.02511444,6222,0.00023219,0.00000000,0,0.00000000,33430,33423,46,0.00300070
1773324511.84280038,0.02286433,6199,0.00011351,0.00000000,0,0.00000000,33423,33438,38,0.00367647
1773324511.94273376,0.02955213,6215,0.00017419,0.00000000,0,0.00000000,33438,33458,43,0.00139309
1773324512.04278088,0.04553243,6210,0.00052116,0.00000000,0,0.00000000,33458,33459,30,0.00288981
1773324512.14177155,0.04188479,6222,0.00019151,0.00000000,0,0.00000000,33459,33473,47,0.00132467
1773324512.24183702,0.03033610,6222,0.00039254,0.00000000,0,0.00000000,33473,33487,38,0.00115682
1773324512.34173656,0.03449593,6229,0.00060820,0.00000000,0,0.00000000,33487,33504,39,0.00092501
1773324512.44192386,0.04165179,6243,0.00024030,0.00000000,0,0.00000000,33504,33524,48,0.00304380
1773324512.54195428,0.02931264,6200,0.00019024,0.00000000,0,0.00000000,33524,33539,41,0.00330510
1773324512.64163089,0.02448570,6275,0.00012723,0.00000000,0,0.00000000,33539,33548,44,0.00266062
1773324512.74174857,0.02651801,6227,0.00016068,0.00000000,0,0.00000000,33548,33552,45,0.00230489
1773324512.84164333,0.02636047,6266,0.00014594,0.00000000,0,0.00000000,33552,33537,38,0.00187112
1773324512.94160843,0.02198306,6275,0.00023283,0.00000000,0,0.00000000,33537,33548,36,0.00351494
1773324513.04190636,0.02073118,6251,0.00011443,0.00000000,0,0.00000000,33548,33556,34,0.00181448
1773324513.14175081,0.02379532,6251,0.00033813,0.00000000,0,0.00000000,33556,33558,38,0.00204360
1773324513.24159145,0.02140457,6222,0.00012679,0.00000000,0,0.00000000,33558,33565,40,0.00135811
1773324513.34172773,0.04483749,6266,0.00048586,0.00000000,0,0.00000000,33565,33572,42,0.00302555
1773324513.44160581,0.03103424,6256,0.00072549,0.00000000,0,0.00000000,33572,33564,34,0.00097538
1773324513.54166675,0.03228626,6246,0.00018243,0.00000000,0,0.00000000,33564,33574,41,0.00126045
1773324513.64177179,0.02607221,6254,0.00021025,0.00000000,0,0.00000000,33574,33578,40,0.00080703
1773324513.74178576,0.02546251,6260,0.00034785,0.00000000,0,0.00000000,33578,33551,52,0.00091105
1773324513.84185243,0.02469287,6194,0.00019029,0.00000000,0,0.00000000,33551,33545,35,0.00099040
1773324513.94172883,0.05091401,6276,0.00046404,0.00000000,0,0.00000000,33545,33558,52,0.00238852
1773324514.04187751,0.05197714,6266,0.00051480,0.00000000,0,0.00000000,33558,33561,54,0.00231339
1773324514.14205384,0.04953622,6251,0.00067692,0.00000000,0,0.00000000,33561,33573,34,0.00092385
1773324514.24197769,0.04056787,6255,0.00027563,0.00000000,0,0.00000000,33573,33580,37,0.00097249
1773324514.34222007,0.03398475,6230,0.00083523,0.00000000,0,0.00000000,33580,33605,53,0.00416103
1773324514.44209480,0.05332851,6256,0.00166823,0.00000000,0,0.00000000,33605,33607,44,0.00327763
1773324514.54205942,0.04184007,6249,0.00023697,0.00000000,0,0.00000000,33607,33624,47,0.00238199
1773324514.64214468,0.03332006,6217,0.00021182,0.00000000,0,0.00000000,33624,33649,51,0.00477216
1773324514.74242663,0.02805591,6299,0.00013235,0.00000000,0,0.00000000,33649,33662,41,0.00278849
1773324514.84218645,0.02715127,6221,0.00067089,0.00000000,0,0.00000000,33662,33676,43,0.00275318
1773324514.94225597,0.06575124,6271,0.00058871,0.00000000,0,0.00000000,33676,33691,44,0.00365901
1773324515.04222322,0.05647316,6227,0.00055638,0.00000000,0,0.00000000,33691,33695,41,0.00158811
1773324515.14237761,0.05431201,6248,0.00018391,0.00000000,0,0.00000000,33695,33720,53,0.00165210
1773324515.24235582,0.04117975,6229,0.00039764,0.00000000,0,0.00000000,33720,33732,46,0.00136564
1773324515.34256768,0.03549420,6198,0.00037843,0.00000000,0,0.00000000,33732,33722,45,0.00386620
1773324515.44226933,0.05653234,6258,0.00029903,0.00000000,0,0.00000000,33722,33727,37,0.00385081
1773324515.54232883,0.03443381,6262,0.00018825,0.00000000,0,0.00000000,33727,33736,43,0.00389590
1773324515.64238095,0.03709306,6230,0.00016281,0.00000000,0,0.00000000,33736,33751,38,0.00369918
1773324515.74245119,0.02307640,6241,0.00018802,0.00000000,0,0.00000000,33751,33744,42,0.00200795
1773324515.84257746,0.03514521,6260,0.00047879,0.00000000,0,0.00000000,33744,33766,56,0.00344513
1773324515.94256353,0.05168651,6214,0.00039826,0.00000000,0,0.00000000,33766,33776,34,0.00303525
1773324516.04266310,0.04813855,6195,0.00046794,0.00000000,0,0.00000000,33776,33782,37,0.00164584
1773324516.14251018,0.04410646,6221,0.00042511,0.00000000,0,0.00000000,33782,33785,42,0.00146927
1773324516.24257660,0.03201734,6248,0.00025054,0.00000000,0,0.00000000,33785,33788,52,0.00142661
1773324516.34287691,0.02934297,6225,0.00043485,0.00000000,0,0.00000000,33788,33794,36,0.00290062
1773324516.44277668,0.03883242,6215,0.00039887,0.00000000,0,0.00000000,33794,33769,49,0.00462162
1773324516.54266238,0.06297048,6208,0.00020614,0.00000000,0,0.00000000,33769,33784,41,0.00380302
1773324516.64271688,0.04952790,6244,0.00021197,0.00000000,0,0.00000000,33784,33791,44,0.00169049
1773324516.74286127,0.02786420,6157,0.00032627,0.00000000,0,0.00000000,33791,33793,54,0.00210812
1773324516.84261179,0.04597684,6186,0.00110844,0.00000000,0,0.00000000,33793,33805,57,0.00335928
1773324516.94191241,0.04815237,6132,0.00051715,0.00000000,0,0.00000000,33805,33818,42,0.00103991
1773324517.04292655,0.05325758,6144,0.00061358,0.00000000,0,0.00000000,33818,33815,48,0.00132589
1773324517.14279318,0.04680233,6189,0.00026873,0.00000000,0,0.00000000,33815,33827,50,0.00118638
1773324517.24278545,0.03484031,6140,0.00014453,0.00000000,0,0.00000000,33827,33838,43,0.00125510
1773324517.34301567,0.04972628,6156,0.00016192,0.00000000,0,0.00000000,33838,33848,36,0.00293833
1773324517.44288325,0.02434538,6134,0.00018957,0.00000000,0,0.00000000,33848,33854,54,0.00308454
1773324517.54286551,0.02540476,6098,0.00042523,0.00000000,0,0.00000000,33854,33873,48,0.00262286
1773324517.64155483,0.02943129,6141,0.00035741,0.00000000,0,0.00000000,33873,33892,51,0.00109821
1773324517.74155116,0.02844898,6097,0.00061756,0.00000000,0,0.00000000,33892,33896,54,0.00110284
1773324517.84163690,0.05222982,6089,0.00043075,0.00000000,0,0.00000000,33896,33902,41,0.00138666
1773324517.94166160,0.05599888,6047,0.00049533,0.00000000,0,0.00000000,33902,33892,45,0.00181694
1773324518.04159045,0.05648866,6074,0.00039122,0.00000000,0,0.00000000,33892,33907,44,0.00154045
1773324518.14157200,0.05324509,6124,0.00050908,0.00000000,0,0.00000000,33907,33893,50,0.00140618
1773324518.24169564,0.05305678,6071,0.00040088,0.00000000,0,0.00000000,33893,33902,51,0.00235660
1773324518.34152699,0.03718136,6100,0.00038103,0.00000000,0,0.00000000,33902,33903,42,0.00371448
1773324518.44161034,0.03974901,6127,0.00045560,0.00000000,0,0.00000000,33903,33916,43,0.00448311
1773324518.54191256,0.02961502,6093,0.00025797,0.00000000,0,0.00000000,33916,33926,44,0.00556984
1773324518.64171410,0.02575757,6107,0.00018898,0.00000000,0,0.00000000,33926,33927,38,0.00183114
1773324518.74165845,0.02988137,6071,0.00019816,0.00000000,0,0.00000000,33927,33924,33,0.00256437
1773324518.84162641,0.02780868,6141,0.00040672,0.00000000,0,0.00000000,33924,33930,48,0.00132430
1773324518.94198656,0.05380252,6094,0.00031758,0.00000000,0,0.00000000,33930,33940,58,0.00087174
1773324519.04173827,0.05506505,6144,0.00058293,0.00000000,0,0.00000000,33940,33937,50,0.00181552
1773324519.14186168,0.04103999,6112,0.00036788,0.00000000,0,0.00000000,33937,33919,42,0.00172466
1773324519.24183536,0.03234156,6149,0.00023684,0.00000000,0,0.00000000,33919,33928,44,0.00161297
1773324519.34187412,0.03231780,6132,0.00044896,0.00000000,0,0.00000000,33928,33935,39,0.00454970
1773324519.44195318,0.03406552,6111,0.00017945,0.00000000,0,0.00000000,33935,33929,42,0.00259985
1773324519.54197335,0.02631331,6151,0.00016340,0.00000000,0,0.00000000,33929,33933,37,0.00195514
1773324519.64210725,0.02521328,6130,0.00015710,0.00000000,0,0.00000000,33933,33949,47,0.00114504
1773324519.74213743,0.02730002,6132,0.00022322,0.00000000,0,0.00000000,33949,33954,34,0.00103667
1773324519.84222412,0.06392371,6142,0.00055850,0.00000000,0,0.00000000,33954,33963,46,0.00436584
1773324519.94213319,0.06203543,6145,0.00055756,0.00000000,0,0.00000000,33963,33969,43,0.00311079
1773324520.04221106,0.06518324,6136,0.00052200,0.00000000,0,0.00000000,33969,33979,40,0.00320311
1773324520.14247680,0.05977923,6135,0.00054462,0.00000000,0,0.00000000,33979,33986,46,0.00199684
1773324520.24228644,0.05533634,6173,0.00070636,0.00000000,0,0.00000000,33986,33992,47,0.00397949
1773324520.34227276,0.06274163,6101,0.00040546,0.00000000,0,0.00000000,33992,33996,38,0.00791138
1773324520.44222903,0.07342955,6130,0.00032975,0.00000000,0,0.00000000,33996,34002,41,0.00218962
1773324520.54224563,0.05990538,6174,0.00025190,0.00000000,0,0.00000000,34002,34020,46,0.00396363
1773324520.64231515,0.07784310,6172,0.00057123,0.00000000,0,0.00000000,34020,34030,29,0.00444225
1773324520.74251270,0.07610249,6142,0.00091234,0.00000000,0,0.00000000,34030,34047,37,0.00356057
1773324520.84242082,0.06732659,6135,0.00061623,0.00000000,0,0.00000000,34047,34061,39,0.00360064
1773324520.94248414,0.06697321,6119,0.00057519,0.00000000,0,0.00000000,34061,34060,42,0.00384094
1773324521.04250550,0.06595585,6145,0.00050753,0.00000000,0,0.00000000,34060,34074,44,0.00349685
1773324521.14258790,0.06832467,6138,0.00073792,0.00000000,0,0.00000000,34074,34084,45,0.00565717
1773324521.24252558,0.03470516,6128,0.00034841,0.00000000,0,0.00000000,34084,34061,37,0.00499298
1773324521.34255743,0.06930242,6153,0.00040795,0.00000000,0,0.00000000,34061,34070,49,0.00359471
1773324521.44272614,0.03785404,6133,0.00016507,0.00000000,0,0.00000000,34070,34078,44,0.00332865
1773324521.54264045,0.03872512,6177,0.00052167,0.00000000,0,0.00000000,34078,34074,39,0.00464681
1773324521.64271188,0.03340915,6137,0.00028057,0.00000000,0,0.00000000,34074,34076,48,0.00333590
1773324521.74258900,0.03598560,6124,0.00074239,0.00000000,0,0.00000000,34076,34078,52,0.00111686
1773324521.84264708,0.02940268,6133,0.00036300,0.00000000,0,0.00000000,34078,34097,50,0.00122917
1773324521.94267273,0.03321895,6157,0.00032131,0.00000000,0,0.00000000,34097,34089,41,0.00124628
1773324522.04276729,0.02979653,6129,0.00028766,0.00000000,0,0.00000000,34089,34104,47,0.00130304
1773324522.14166498,0.02824767,6100,0.00048391,0.00000000,0,0.00000000,34104,34082,42,0.00111137
1773324522.24189329,0.02758989,6220,0.00026550,0.00000000,0,0.00000000,34082,34091,50,0.00141048
1773324522.34178972,0.03239385,6229,0.00019655,0.00000000,0,0.00000000,34091,34104,49,0.00141280
1773324522.44280696,0.02833329,6232,0.00017526,0.00000000,0,0.00000000,34104,34118,36,0.00089122
1773324522.54282379,0.05205691,6228,0.00027247,0.00000000,0,0.00000000,34118,34124,49,0.00098442
1773324522.64285040,0.06171537,6252,0.00043908,0.00000000,0,0.00000000,34124,34112,55,0.00087012
1773324522.74304962,0.04474339,6232,0.00025760,0.00000000,0,0.00000000,34112,34115,44,0.00201836
1773324522.84189773,0.03103233,6238,0.00045126,0.00000000,0,0.00000000,34115,34125,51,0.00096076
1773324522.94207239,0.02953516,6241,0.00030463,0.00000000,0,0.00000000,34125,34138,43,0.00294326
1773324523.04304886,0.04452836,6235,0.00109042,0.00000000,0,0.00000000,34138,34137,51,0.00114987
1773324523.14189982,0.05820214,6279,0.00026308,0.00000000,0,0.00000000,34137,34130,52,0.00537667
1773324523.24196410,0.03703621,6277,0.00023768,0.00000000,0,0.00000000,34130,34132,58,0.00148512
1773324523.34198117,0.04354092,6268,0.00033800,0.00000000,0,0.00000000,34132,34140,41,0.00167025
1773324523.44209838,0.02884188,6192,0.00074713,0.00000000,0,0.00000000,34140,34142,45,0.00344858
1773324523.54151750,0.02979755,6280,0.00062300,0.00000000,0,0.00000000,34142,34126,56,0.00210146
1773324523.64170408,0.02860680,6262,0.00023300,0.00000000,0,0.00000000,34126,34135,46,0.00177841
1773324523.74170542,0.03151338,6274,0.00019351,0.00000000,0,0.00000000,34135,34129,39,0.00225206
1773324523.84170604,0.05522155,6273,0.00049090,0.00000000,0,0.00000000,34129,34129,38,0.00084212
1773324523.94221115,0.05198167,6239,0.00063262,0.00000000,0,0.00000000,34129,34129,43,0.00118876
1773324524.04170585,0.05914531,6270,0.00066348,0.00000000,0,0.00000000,34129,34132,42,0.00091905
1773324524.14158392,0.04838854,6254,0.00082690,0.00000000,0,0.00000000,34132,34145,47,0.00114476
1773324524.24166083,0.05292487,6215,0.00019151,0.00000000,0,0.00000000,34145,34158,52,0.00446375
1773324524.34154654,0.03450649,6253,0.00016997,0.00000000,0,0.00000000,34158,34171,37,0.00311112
1773324524.44161081,0.04495538,6261,0.00032901,0.00000000,0,0.00000000,34171,34187,50,0.00186602
1773324524.54167867,0.03355652,6258,0.00016108,0.00000000,0,0.00000000,34187,34199,38,0.00127278
1773324524.64175653,0.02709602,6270,0.00058067,0.00000000,0,0.00000000,34199,34216,50,0.00389104
1773324524.74183536,0.02491761,6256,0.00029212,0.00000000,0,0.00000000,34216,34217,60,0.00132415
1773324524.84184933,0.02347970,6244,0.00016816,0.00000000,0,0.00000000,34217,34224,43,0.00130970
1773324524.94186521,0.04927556,6243,0.00068756,0.00000000,0,0.00000000,34224,34230,44,0.00077736
1773324525.04179120,0.05011741,6228,0.00045745,0.00000000,0,0.00000000,34230,34242,38,0.00191797
1773324525.14184022,0.04157820,6211,0.00020243,0.00000000,0,0.00000000,34242,34250,34,0.00118027
1773324525.24190736,0.02702000,6247,0.00028173,0.00000000,0,0.00000000,34250,34253,49,0.00215318
1773324525.34196782,0.04615075,6245,0.00025910,0.00000000,0,0.00000000,34253,34255,34,0.00323675
1773324525.44207525,0.03185870,6258,0.00033799,0.00000000,0,0.00000000,34255,34261,43,0.00341063
1773324525.54242373,0.03355190,6208,0.00033347,0.00000000,0,0.00000000,34261,34260,53,0.00317057
1773324525.64198017,0.02737330,6227,0.00019509,0.00000000,0,0.00000000,34260,34259,40,0.00301085
1773324525.74201870,0.02737784,6301,0.00024420,0.00000000,0,0.00000000,34259,34258,47,0.00147659
1773324525.84221053,0.05065658,6267,0.00071153,0.00000000,0,0.00000000,34258,34263,44,0.00121372
1773324525.94217277,0.06632097,6232,0.00044221,0.00000000,0,0.00000000,34263,34268,43,0.00219939
1773324526.04230046,0.05102887,6235,0.00092829,0.00000000,0,0.00000000,34268,34287,54,0.00193175
1773324526.14219427,0.05317109,6233,0.00063180,0.00000000,0,0.00000000,34287,34300,45,0.00100999
1773324526.24226618,0.03573000,6209,0.00033652,0.00000000,0,0.00000000,34300,34311,38,0.00140152
1773324526.34230947,0.04925749,6230,0.00066584,0.00000000,0,0.00000000,34311,34293,43,0.00360337
1773324526.44235229,0.04156208,6173,0.00021354,0.00000000,0,0.00000000,34293,34310,45,0.00393634
1773324526.54244256,0.02764005,6230,0.00048641,0.00000000,0,0.00000000,34310,34327,57,0.00187601
1773324526.64247704,0.02795118,6203,0.00031118,0.00000000,0,0.00000000,34327,34342,61,0.00292392
1773324526.74258661,0.02260488,6165,0.00032263,0.00000000,0,0.00000000,34342,34342,47,0.00197619
1773324526.84241939,0.05146781,6193,0.00061942,0.00000000,0,0.00000000,34342,34347,45,0.00315790
1773324526.94228888,0.04659461,6225,0.00020698,0.00000000,0,0.00000000,34347,34360,51,0.00216438
1773324527.04243064,0.06947017,6214,0.00040761,0.00000000,0,0.00000000,34360,34374,42,0.00121854
1773324527.14249802,0.06493716,6254,0.00038567,0.00000000,0,0.00000000,34374,34385,41,0.00089849
1773324527.24258518,0.04681492,6206,0.00100825,0.00000000,0,0.00000000,34385,34395,51,0.00335611
1773324527.34246778,0.03373629,6226,0.00031425,0.00000000,0,0.00000000,34395,34405,44,0.00326472
1773324527.44248319,0.04605744,6228,0.00061848,0.00000000,0,0.00000000,34405,34408,60,0.00394409
1773324527.54280138,0.03397918,6218,0.00016348,0.00000000,0,0.00000000,34408,34420,38,0.00385309
1773324527.64260221,0.02715285,6243,0.00022234,0.00000000,0,0.00000000,34420,34428,51,0.00194009
1773324527.74277472,0.02945246,6211,0.00014296,0.00000000,0,0.00000000,34428,34441,39,0.00180767
1773324527.84177041,0.03309795,6273,0.00014098,0.00000000,0,0.00000000,34441,34457,43,0.00115324
1773324527.94265795,0.05249974,6233,0.00073502,0.00000000,0,0.00000000,34457,34450,53,0.00163887
1773324528.04280233,0.04487022,6270,0.00045574,0.00000000,0,0.00000000,34450,34469,37,0.00128906
1773324528.14292502,0.04666141,6256,0.00056663,0.00000000,0,0.00000000,34469,34471,46,0.00087929
1773324528.24291253,0.02902752,6262,0.00030693,0.00000000,0,0.00000000,34471,34474,39,0.00109337
1773324528.34195423,0.04321420,6248,0.00038861,0.00000000,0,0.00000000,34474,34495,43,0.00372761
1773324528.44201207,0.02327741,6276,0.00017929,0.00000000,0,0.00000000,34495,34482,38,0.00343756
1773324528.54198909,0.02735458,6225,0.00016218,0.00000000,0,0.00000000,34482,34496,45,0.00378904
1773324528.64188123,0.02235617,6272,0.00017370,0.00000000,0,0.00000000,34496,34504,43,0.00244218
1773324528.74190760,0.03852637,6261,0.00018958,0.00000000,0,0.00000000,34504,34512,44,0.00166821
1773324528.84203625,0.04562909,6268,0.00030040,0.00000000,0,0.00000000,34512,34525,33,0.00086759
1773324528.94209647,0.13737603,6257,0.00064217,0.00000000,0,0.00000000,34525,34528,51,0.00115573
1773324529.04161906,0.04311362,6269,0.00016004,0.00000000,0,0.00000000,34528,34532,27,0.00095737
1773324529.14162254,0.01796621,6242,0.00014341,0.00000000,0,0.00000000,34532,34544,45,0.00187301
1773324529.24160886,0.02179301,6275,0.00013371,0.00000000,0,0.00000000,34544,34552,40,0.00375131
1773324529.34160900,0.03767671,6270,0.00042319,0.00000000,0,0.00000000,34552,34565,42,0.00620221
1773324529.44159937,0.03045857,6267,0.00022235,0.00000000,0,0.00000000,34565,34569,37,0.00342291
1773324529.54168081,0.02791493,6264,0.00015799,0.00000000,0,0.00000000,34569,34587,36,0.00317783
1773324529.64168978,0.02876716,6215,0.00020077,0.00000000,0,0.00000000,34587,34582,31,0.00308381
1773324529.74153423,0.02397717,6240,0.00012248,0.00000000,0,0.00000000,34582,34584,35,0.00074877
1773324529.84159493,0.04131707,6262,0.00055209,0.00000000,0,0.00000000,34584,34583,42,0.00286773
1773324529.94170690,0.04282771,6253,0.00039896,0.00000000,0,0.00000000,34583,34585,31,0.00144699
1773324530.04172873,0.05852105,6256,0.00063454,0.00000000,0,0.00000000,34585,34580,41,0.00159584
1773324530.14175105,0.04750881,6252,0.00053886,0.00000000,0,0.00000000,34580,34595,46,0.00111405
1773324530.24178553,0.03641654,6241,0.00017981,0.00000000,0,0.00000000,34595,34609,42,0.00278471
1773324530.34183025,0.02515483,6242,0.00015073,0.00000000,0,0.00000000,34609,34597,34,0.00312236
1773324530.44183683,0.03503816,6238,0.00024589,0.00000000,0,0.00000000,34597,34603,45,0.00267196
1773324530.54187989,0.02696170,6263,0.00012932,0.00000000,0,0.00000000,34603,34618,41,0.00224223
1773324530.64249420,0.02259052,6278,0.00029359,0.00000000,0,0.00000000,34618,34621,45,0.00394857
1773324530.74203563,0.02515424,6246,0.00016122,0.00000000,0,0.00000000,34621,34625,29,0.00108958
1773324530.84192252,0.04558836,6297,0.00024935,0.00000000,0,0.00000000,34625,34628,49,0.00280665
1773324530.94207025,0.04613290,6240,0.00063369,0.00000000,0,0.00000000,34628,34617,46,0.00100803
1773324531.04204321,0.04471695,6262,0.00042079,0.00000000,0,0.00000000,34617,34632,40,0.00089593
1773324531.14207745,0.04554528,6253,0.00083635,0.00000000,0,0.00000000,34632,34635,37,0.00123618
1773324531.24215055,0.02543400,6241,0.00026548,0.00000000,0,0.00000000,34635,34635,45,0.00187319
1773324531.34223342,0.04022950,6241,0.00015026,0.00000000,0,0.00000000,34635,34639,34,0.00142491
1773324531.44227123,0.02036777,6251,0.00021604,0.00000000,0,0.00000000,34639,34653,36,0.00212659
1773324531.54232168,0.02476382,6264,0.00015435,0.00000000,0,0.00000000,34653,34663,39,0.00180315
1773324531.64232802,0.02628221,6244,0.00045777,0.00000000,0,0.00000000,34663,34655,29,0.00146826
1773324531.74238157,0.04391794,6253,0.00055015,0.00000000,0,0.00000000,34655,34663,44,0.00171680
1773324531.84244323,0.04950047,6246,0.00061310,0.00000000,0,0.00000000,34663,34682,44,0.00089105
1773324531.94239306,0.04733261,6236,0.00046929,0.00000000,0,0.00000000,34682,34689,41,0.00082332
1773324532.04249620,0.04826314,6212,0.00061947,0.00000000,0,0.00000000,34689,34671,40,0.00104635
1773324532.14273167,0.03896482,6268,0.00012418,0.00000000,0,0.00000000,34671,34676,38,0.00186058
1773324532.24283290,0.02749363,6270,0.00058222,0.00000000,0,0.00000000,34676,34674,45,0.00213515
1773324532.34250712,0.02713211,6191,0.00022703,0.00000000,0,0.00000000,34674,34684,51,0.00323505
1773324532.44242501,0.02694262,6260,0.00052541,0.00000000,0,0.00000000,34684,34698,41,0.00316891
1773324532.54258132,0.02764495,6236,0.00019115,0.00000000,0,0.00000000,34698,34694,58,0.00206288
1773324532.64253545,0.02597863,6235,0.00025316,0.00000000,0,0.00000000,34694,34709,45,0.00152803
1773324532.74259782,0.04943783,6227,0.00055386,0.00000000,0,0.00000000,34709,34720,48,0.00224188
1773324532.84264827,0.04421479,6208,0.00048843,0.00000000,0,0.00000000,34720,34732,37,0.00189951
1773324532.94171882,0.04487353,6266,0.00052119,0.00000000,0,0.00000000,34732,34711,44,0.00083558
1773324533.04274631,0.05374749,6163,0.00049589,0.00000000,0,0.00000000,34711,34714,44,0.00107294
1773324533.14260197,0.05626289,6202,0.00040900,0.00000000,0,0.00000000,34714,34728,40,0.00186893
1773324533.24268031,0.02799679,6191,0.00027908,0.00000000,0,0.00000000,34728,34743,53,0.00281000
1773324533.34274244,0.04520969,6174,0.00046006,0.00000000,0,0.00000000,34743,34756,50,0.00314738
1773324533.44277501,0.02677799,6172,0.00021308,0.00000000,0,0.00000000,34756,34730,50,0.00293503
1773324533.54285002,0.02852515,6217,0.00013693,0.00000000,0,0.00000000,34730,34740,36,0.00307853
1773324533.64284468,0.02849986,6238,0.00010162,0.00000000,0,0.00000000,34740,34751,34,0.00118248
1773324533.74296904,0.03606881,6208,0.00034868,0.00000000,0,0.00000000,34751,34766,38,0.00170423
1773324533.84285927,0.05089710,6282,0.00048064,0.00000000,0,0.00000000,34766,34776,43,0.00090503
1773324533.94212008,0.04857719,6229,0.00061416,0.00000000,0,0.00000000,34776,34784,37,0.00093698
1773324534.04186487,0.04574228,6255,0.00040258,0.00000000,0,0.00000000,34784,34780,33,0.00106253
1773324534.14191747,0.04555391,6294,0.00034299,0.00000000,0,0.00000000,34780,34783,37,0.00082200
1773324534.24198318,0.03010058,6242,0.00031119,0.00000000,0,0.00000000,34783,34795,46,0.00299281
1773324534.34195018,0.03949018,6232,0.00041415,0.00000000,0,0.00000000,34795,34814,41,0.00193859
1773324534.44198704,0.02566489,6266,0.00018097,0.00000000,0,0.00000000,34814,34825,48,0.00368793
1773324534.54207397,0.02651586,6236,0.00019869,0.00000000,0,0.00000000,34825,34832,41,0.00510792
1773324534.64162254,0.02731903,6285,0.00011985,0.00000000,0,0.00000000,34832,34848,34,0.00122989
1773324534.74168277,0.04702826,6245,0.00045265,0.00000000,0,0.00000000,34848,34860,42,0.00134658
1773324534.84151888,0.04922272,6292,0.00034314,0.00000000,0,0.00000000,34860,34871,35,0.00080814
1773324534.94225812,0.08446101,6212,0.00062211,0.00000000,0,0.00000000,34871,34872,40,0.00163301
1773324535.04151177,0.07795944,6298,0.00040515,0.00000000,0,0.00000000,34872,34873,31,0.00088642
1773324535.14172745,0.05844816,6230,0.00071067,0.00000000,0,0.00000000,34873,34889,41,0.00127912
1773324535.24159384,0.06208939,6257,0.00087168,0.00000000,0,0.00000000,34889,34898,47,0.00219047
1773324535.34177828,0.07309906,6237,0.00061116,0.00000000,0,0.00000000,34898,34904,44,0.00472794
1773324535.44178796,0.05529512,6254,0.00059328,0.00000000,0,0.00000000,34904,34908,40,0.00500077
1773324535.54164076,0.06467607,6274,0.00043678,0.00000000,0,0.00000000,34908,34910,40,0.00342537
1773324535.64170885,0.06963769,6280,0.00043534,0.00000000,0,0.00000000,34910,34908,36,0.00439126
1773324535.74184823,0.05348562,6249,0.00100286,0.00000000,0,0.00000000,34908,34908,40,0.00412171
1773324535.84185696,0.05406245,6252,0.00016239,0.00000000,0,0.00000000,34908,34914,42,0.00389830
1773324535.94178796,0.05701468,6239,0.00043759,0.00000000,0,0.00000000,34914,34926,34,0.00378048
1773324536.04199314,0.06344599,6203,0.00044803,0.00000000,0,0.00000000,34926,34935,33,0.00274007
1773324536.14212728,0.02542621,6261,0.00026044,0.00000000,0,0.00000000,34935,34935,46,0.00425829
1773324536.24188995,0.03230953,6234,0.00029082,0.00000000,0,0.00000000,34935,34943,43,0.00116122
1773324536.34192896,0.04491841,6294,0.00057851,0.00000000,0,0.00000000,34943,34945,35,0.00392197
1773324536.44203186,0.02736113,6225,0.00053946,0.00000000,0,0.00000000,34945,34953,47,0.00287668
1773324536.54206371,0.02634927,6249,0.00010425,0.00000000,0,0.00000000,34953,34966,37,0.00208835
1773324536.64213419,0.02640811,6185,0.00015897,0.00000000,0,0.00000000,34966,34970,39,0.00268634
1773324536.74215555,0.02483295,6230,0.00010949,0.00000000,0,0.00000000,34970,34981,37,0.00142483
1773324536.84232187,0.04796377,6176,0.00081800,0.00000000,0,0.00000000,34981,34982,43,0.00085009
1773324536.94216394,0.02548757,6167,0.00009908,0.00000000,0,0.00000000,34982,34989,30,0.00099123
1773324537.04236555,0.02215738,6186,0.00016735,0.00000000,0,0.00000000,34989,34983,38,0.00083722
1773324537.14238739,0.02431189,6226,0.00017690,0.00000000,0,0.00000000,34983,34977,49,0.00077358
1773324537.24237776,0.04681280,6185,0.00065906,0.00000000,0,0.00000000,34977,34979,47,0.00327993
1773324537.34242678,0.04409401,6210,0.00060327,0.00000000,0,0.00000000,34979,34982,47,0.00083430
1773324537.44243526,0.02273292,6201,0.00047648,0.00000000,0,0.00000000,34982,34979,39,0.00121470
1773324537.54245186,0.02562351,6216,0.00017098,0.00000000,0,0.00000000,34979,34973,42,0.00091722
1773324537.64251208,0.01914578,6170,0.00029482,0.00000000,0,0.00000000,34973,34975,49,0.00196372
1773324537.74259591,0.03884248,6191,0.00038870,0.00000000,0,0.00000000,34975,34987,39,0.00171319
1773324537.84258223,0.03708843,6162,0.00021815,0.00000000,0,0.00000000,34987,35002,48,0.00081431
1773324537.94236469,0.05355853,6140,0.00038860,0.00000000,0,0.00000000,35002,35016,52,0.00152859
1773324538.04146528,0.05063769,6221,0.00048389,0.00000000,0,0.00000000,35016,35026,47,0.00084036
1773324538.14282799,0.05310258,6109,0.00067989,0.00000000,0,0.00000000,35026,35045,56,0.00197614
1773324538.24259663,0.02669003,6175,0.00026963,0.00000000,0,0.00000000,35045,35056,43,0.00190243
1773324538.34250927,0.03816885,6172,0.00054751,0.00000000,0,0.00000000,35056,35061,47,0.00283956
1773324538.44262433,0.02530238,6197,0.00019178,0.00000000,0,0.00000000,35061,35073,47,0.00228210
1773324538.54261971,0.02547142,6192,0.00018873,0.00000000,0,0.00000000,35073,35083,38,0.00226796
1773324538.64273787,0.02356684,6185,0.00030896,0.00000000,0,0.00000000,35083,35070,55,0.00289935
1773324538.74268103,0.04701502,6179,0.00059514,0.00000000,0,0.00000000,35070,35077,47,0.00118071
1773324538.84284592,0.05301621,6152,0.00040844,0.00000000,0,0.00000000,35077,35085,39,0.00081995
1773324538.94187260,0.04903654,6235,0.00054190,0.00000000,0,0.00000000,35085,35087,44,0.00079336
1773324539.04285669,0.04684767,6190,0.00039003,0.00000000,0,0.00000000,35087,35091,42,0.00078906
1773324539.14276266,0.02361403,6188,0.00016915,0.00000000,0,0.00000000,35091,35102,63,0.00112820
1773324539.24280190,0.02339687,6170,0.00017723,0.00000000,0,0.00000000,35102,35112,49,0.00253566
1773324539.34289074,0.02458133,6134,0.00016299,0.00000000,0,0.00000000,35112,35108,48,0.00400536
1773324539.44183755,0.02708268,6184,0.00032688,0.00000000,0,0.00000000,35108,35120,50,0.00280047
1773324539.54185581,0.02623102,6163,0.00015381,0.00000000,0,0.00000000,35120,35099,45,0.00269674
1773324539.64197111,0.02569332,6207,0.00030050,0.00000000,0,0.00000000,35099,35105,45,0.00137885
1773324539.74317431,0.05289321,6157,0.00056829,0.00000000,0,0.00000000,35105,35113,35,0.00174528
1773324539.84173536,0.05200344,6182,0.00053236,0.00000000,0,0.00000000,35113,35125,43,0.00108152
1773324539.94216228,0.05052652,6135,0.00129621,0.00000000,0,0.00000000,35125,35056,63,0.00162844
1773324540.04157710,0.04988843,6179,0.00023590,0.00000000,0,0.00000000,35056,35073,45,0.00081507
1773324540.14213300,0.04897420,6154,0.00035891,0.00000000,0,0.00000000,35073,35083,49,0.00338221
1773324540.24159384,0.02534366,6154,0.00025315,0.00000000,0,0.00000000,35083,35088,59,0.00316264
1773324540.34155059,0.04958655,6200,0.00061352,0.00000000,0,0.00000000,35088,35098,49,0.00320250
1773324540.44170165,0.02871300,6147,0.00046597,0.00000000,0,0.00000000,35098,35095,57,0.00313701
1773324540.54168367,0.02544667,6101,0.00021210,0.00000000,0,0.00000000,35095,35108,48,0.00236153
1773324540.64174581,0.02912302,6191,0.00020086,0.00000000,0,0.00000000,35108,35119,37,0.00113407
1773324540.74169827,0.02793741,6128,0.00019973,0.00000000,0,0.00000000,35119,35123,50,0.00100795
1773324540.84170008,0.05719966,6173,0.00064553,0.00000000,0,0.00000000,35123,35140,58,0.00082745
1773324540.94166636,0.11357625,6193,0.00033717,0.00000000,0,0.00000000,35140,35157,62,0.00090597
1773324541.04172850,0.05461631,6168,0.00043811,0.00000000,0,0.00000000,35157,35173,49,0.00157147
1773324541.14182830,0.04970722,6176,0.00034606,0.00000000,0,0.00000000,35173,35181,58,0.00090956
1773324541.24184084,0.03124379,6180,0.00024467,0.00000000,0,0.00000000,35181,35178,47,0.00326806
1773324541.34188986,0.04786022,6106,0.00053384,0.00000000,0,0.00000000,35178,35178,44,0.00714061
1773324541.44182444,0.03348679,6148,0.00047786,0.00000000,0,0.00000000,35178,35188,50,0.00384358
1773324541.54183578,0.02982884,6142,0.00021391,0.00000000,0,0.00000000,35188,35198,39,0.00348279
1773324541.64190245,0.02862048,6152,0.00014313,0.00000000,0,0.00000000,35198,35209,51,0.00398535
1773324541.74195600,0.02377872,6144,0.00019524,0.00000000,0,0.00000000,35209,35212,46,0.00343218
1773324541.84202623,0.02230836,6147,0.00025314,0.00000000,0,0.00000000,35212,35222,48,0.00097675
1773324541.94156837,0.05153105,6166,0.00068500,0.00000000,0,0.00000000,35222,35213,50,0.00156107
1773324542.04207993,0.05182673,6153,0.00051620,0.00000000,0,0.00000000,35213,35206,45,0.00117043
1773324542.14218354,0.04830423,6106,0.00047449,0.00000000,0,0.00000000,35206,35213,40,0.00098872
1773324542.24210501,0.03416059,6141,0.00024487,0.00000000,0,0.00000000,35213,35214,32,0.00079559
1773324542.34211016,0.03516823,6156,0.00061868,0.00000000,0,0.00000000,35214,35227,55,0.00300316
1773324542.44223070,0.02746801,6177,0.00021206,0.00000000,0,0.00000000,35227,35245,47,0.00417272
1773324542.54229665,0.02441003,6163,0.00020624,0.00000000,0,0.00000000,35245,35249,44,0.00275636
1773324542.64231110,0.02824782,6168,0.00021023,0.00000000,0,0.00000000,35249,35250,43,0.00218228
1773324542.74233913,0.04777261,6188,0.00066552,0.00000000,0,0.00000000,35250,35229,47,0.00125605
1773324542.84241152,0.05445120,6142,0.00056610,0.00000000,0,0.00000000,35229,35239,45,0.00098121
1773324542.94174480,0.05003000,6204,0.00066143,0.00000000,0,0.00000000,35239,35240,50,0.00075890
1773324543.04247355,0.05222644,6190,0.00021574,0.00000000,0,0.00000000,35240,35248,48,0.00114524
1773324543.14241672,0.03437854,6215,0.00030336,0.00000000,0,0.00000000,35248,35247,43,0.00095049
1773324543.24252605,0.04047653,6186,0.00041784,0.00000000,0,0.00000000,35247,35245,45,0.00367745
1773324543.34249783,0.02517900,6180,0.00016958,0.00000000,0,0.00000000,35245,35250,52,0.00321944
1773324543.44268799,0.02972082,6156,0.00024901,0.00000000,0,0.00000000,35250,35258,39,0.00370615
1773324543.54257393,0.02048739,6168,0.00018958,0.00000000,0,0.00000000,35258,35259,58,0.00303153
1773324543.64254713,0.02904450,6211,0.00030856,0.00000000,0,0.00000000,35259,35226,46,0.00102989
1773324543.74256611,0.05277675,6191,0.00062636,0.00000000,0,0.00000000,35226,35236,45,0.00229746
1773324543.84264660,0.04998600,6100,0.00049798,0.00000000,0,0.00000000,35236,35238,46,0.00152441
1773324543.94176626,0.04985944,6291,0.00071440,0.00000000,0,0.00000000,35238,35242,39,0.00090945
1773324544.04275155,0.05685138,6203,0.00042616,0.00000000,0,0.00000000,35242,35241,36,0.00123158
1773324544.14275098,0.05506863,6206,0.00051896,0.00000000,0,0.00000000,35241,35240,45,0.00276427
1773324544.24280381,0.03281182,6146,0.00025753,0.00000000,0,0.00000000,35240,35253,45,0.00337858
1773324544.34279442,0.04939187,6162,0.00040882,0.00000000,0,0.00000000,35253,35270,47,0.00144377
1773324544.44165325,0.02800353,6226,0.00017921,0.00000000,0,0.00000000,35270,35289,50,0.00310682
1773324544.54284048,0.02599982,6181,0.00013652,0.00000000,0,0.00000000,35289,35291,49,0.00245095
1773324544.64282703,0.02693443,6158,0.00020874,0.00000000,0,0.00000000,35291,35284,51,0.00192495
1773324544.74158549,0.04532275,6231,0.00056469,0.00000000,0,0.00000000,35284,35291,50,0.00106707
1773324544.84161043,0.04661683,6145,0.00065445,0.00000000,0,0.00000000,35291,35286,54,0.00087966
1773324544.94219685,0.04836372,6261,0.00045933,0.00000000,0,0.00000000,35286,35292,39,0.00097991
1773324545.04184556,0.07015946,6201,0.00052119,0.00000000,0,0.00000000,35292,35300,42,0.00160050
1773324545.14199758,0.05732295,6169,0.00045742,0.00000000,0,0.00000000,35300,35301,39,0.00268635
1773324545.24157500,0.03274795,6200,0.00019002,0.00000000,0,0.00000000,35301,35288,42,0.00351286
1773324545.34173775,0.03138763,6217,0.00019372,0.00000000,0,0.00000000,35288,35288,46,0.00189702
1773324545.44174838,0.05875862,6209,0.00021536,0.00000000,0,0.00000000,35288,35294,46,0.00302367
1773324545.54161024,0.04548107,6253,0.00018613,0.00000000,0,0.00000000,35294,35298,43,0.00370587
1773324545.64163709,0.03644284,6272,0.00024883,0.00000000,0,0.00000000,35298,35291,38,0.00302498
1773324545.74176812,0.02974989,6199,0.00017091,0.00000000,0,0.00000000,35291,35293,42,0.00355721
1773324545.84159517,0.02902578,6207,0.00014773,0.00000000,0,0.00000000,35293,35305,44,0.00161188
1773324545.94249582,0.05475140,6204,0.00048746,0.00000000,0,0.00000000,35305,35315,39,0.00095067
1773324546.04163671,0.05020417,6247,0.00074837,0.00000000,0,0.00000000,35315,35305,44,0.00118372
1773324546.14174962,0.03245736,6212,0.00025183,0.00000000,0,0.00000000,35305,35295,43,0.00099198
1773324546.24308419,0.02661598,6251,0.00037772,0.00000000,0,0.00000000,35295,35264,46,0.00141807
1773324546.34184599,0.04192759,6231,0.00045541,0.00000000,0,0.00000000,35264,35277,39,0.00360440
1773324546.44186115,0.03353632,6243,0.00017839,0.00000000,0,0.00000000,35277,35290,31,0.00363174
1773324546.54197407,0.02664806,6195,0.00017952,0.00000000,0,0.00000000,35290,35298,45,0.00317237
1773324546.64177513,0.02505125,6211,0.00017982,0.00000000,0,0.00000000,35298,35307,40,0.00118193
1773324546.74186778,0.02568289,6270,0.00049753,0.00000000,0,0.00000000,35307,35317,48,0.00133567
1773324546.84188676,0.05233198,6286,0.00049618,0.00000000,0,0.00000000,35317,35326,51,0.00094241
1773324546.94290042,0.12984445,6205,0.00017821,0.00000000,0,0.00000000,35326,35323,37,0.00119528
1773324547.04193306,0.04836925,6244,0.00070720,0.00000000,0,0.00000000,35323,35327,48,0.00118884
1773324547.14206457,0.04677468,6239,0.00013748,0.00000000,0,0.00000000,35327,35334,36,0.00088083
1773324547.24213219,0.02370650,6276,0.00026630,0.00000000,0,0.00000000,35334,35341,33,0.00352654
1773324547.34216809,0.02721756,6241,0.00049322,0.00000000,0,0.00000000,35341,35348,48,0.00395490
1773324547.44225383,0.04132845,6233,0.00014305,0.00000000,0,0.00000000,35348,35361,40,0.00516049
1773324547.54227710,0.02733493,6267,0.00022502,0.00000000,0,0.00000000,35361,35371,47,0.00420972
1773324547.64232779,0.02274904,6187,0.00019081,0.00000000,0,0.00000000,35371,35366,49,0.00352779
1773324547.74223733,0.02488302,6249,0.00043522,0.00000000,0,0.00000000,35366,35367,51,0.00102868
1773324547.84228802,0.03525382,6273,0.00055218,0.00000000,0,0.00000000,35367,35369,42,0.00264147
1773324547.94319153,0.04562314,6223,0.00060612,0.00000000,0,0.00000000,35369,35375,31,0.00118027
1773324548.04235196,0.05169995,6284,0.00045863,0.00000000,0,0.00000000,35375,35386,34,0.00182817
1773324548.14241338,0.05046479,6248,0.00054869,0.00000000,0,0.00000000,35386,35387,41,0.00123225
1773324548.24247551,0.02869043,6242,0.00019412,0.00000000,0,0.00000000,35387,35367,43,0.00165658
1773324548.34250998,0.03669648,6232,0.00031861,0.00000000,0,0.00000000,35367,35368,27,0.00430817
1773324548.44255567,0.02669666,6221,0.00013665,0.00000000,0,0.00000000,35368,35369,41,0.00324176
1773324548.54250193,0.02718142,6252,0.00007105,0.00000000,0,0.00000000,35369,35373,21,0.00264332
1773324548.64245796,0.02725525,6253,0.00008054,0.00000000,0,0.00000000,35373,35369,27,0.00102484
1773324548.74264574,0.02460930,6218,0.00014291,0.00000000,0,0.00000000,35369,35376,38,0.00092649
1773324548.84260964,0.04458038,6277,0.00053689,0.00000000,0,0.00000000,35376,35385,39,0.00119786
1773324548.94345593,0.04928466,6222,0.00038670,0.00000000,0,0.00000000,35385,35393,33,0.00112323
1773324549.04254484,0.05042315,6201,0.00045798,0.00000000,0,0.00000000,35393,35390,33,0.00188822
1773324549.14258575,0.03338638,6249,0.00026132,0.00000000,0,0.00000000,35390,35352,39,0.00079773
1773324549.24271274,0.02850804,6238,0.00027055,0.00000000,0,0.00000000,35352,35351,36,0.00218892
1773324549.34256721,0.04564648,6248,0.00022888,0.00000000,0,0.00000000,35351,35359,33,0.00189541
1773324549.44266725,0.03223211,6228,0.00024469,0.00000000,0,0.00000000,35359,35367,33,0.00272059
1773324549.54165792,0.01875866,6264,0.00014113,0.00000000,0,0.00000000,35367,35375,45,0.00318762
1773324549.64175963,0.02566309,6244,0.00013875,0.00000000,0,0.00000000,35375,35363,34,0.00182727
1773324549.74175024,0.04584644,6259,0.00047751,0.00000000,0,0.00000000,35363,35362,39,0.00264528
1773324549.84182739,0.04999021,6243,0.00018547,0.00000000,0,0.00000000,35362,35373,35,0.00172831
1773324549.94348907,0.04737720,6245,0.00067241,0.00000000,0,0.00000000,35373,35370,45,0.00086839
1773324550.04183340,0.05936420,6267,0.00054154,0.00000000,0,0.00000000,35370,35384,39,0.00139179
1773324550.14193082,0.06840670,6261,0.00017020,0.00000000,0,0.00000000,35384,35392,42,0.00287115
1773324550.24192119,0.04957908,6226,0.00013008,0.00000000,0,0.00000000,35392,35390,25,0.00325925
1773324550.34194064,0.03224078,6248,0.00032243,0.00000000,0,0.00000000,35390,35383,41,0.00373737
1773324550.44291568,0.04049980,6182,0.00028323,0.00000000,0,0.00000000,35383,35390,26,0.00520578
1773324550.54210162,0.02723064,6245,0.00017715,0.00000000,0,0.00000000,35390,35382,44,0.00349759
1773324550.64213657,0.02677917,6182,0.00017130,0.00000000,0,0.00000000,35382,35386,50,0.00185709
1773324550.74207854,0.02305468,6195,0.00025387,0.00000000,0,0.00000000,35386,35401,41,0.00346378
1773324550.84208488,0.02531021,6176,0.00009730,0.00000000,0,0.00000000,35401,35405,38,0.00107383
1773324550.94223380,0.05168371,6174,0.00040854,0.00000000,0,0.00000000,35405,35413,41,0.00426729
1773324551.04169321,0.05121150,6177,0.00032399,0.00000000,0,0.00000000,35413,35417,29,0.00120513
1773324551.14174724,0.04536321,6198,0.00019982,0.00000000,0,0.00000000,35417,35417,40,0.00108391
1773324551.24175954,0.03375249,6167,0.00059220,0.00000000,0,0.00000000,35417,35418,51,0.00101920
1773324551.34217119,0.03546219,6160,0.00014438,0.00000000,0,0.00000000,35418,35429,32,0.00251142
1773324551.44168401,0.02761909,6195,0.00014046,0.00000000,0,0.00000000,35429,35434,41,0.00251407
1773324551.54171181,0.02253860,6154,0.00016727,0.00000000,0,0.00000000,35434,35449,50,0.00337990
1773324551.64166355,0.02498043,6170,0.00022373,0.00000000,0,0.00000000,35449,35424,36,0.00103637
1773324551.74171495,0.02778756,6192,0.00030122,0.00000000,0,0.00000000,35424,35435,48,0.00293903
1773324551.84156656,0.05498752,6234,0.00054354,0.00000000,0,0.00000000,35435,35439,47,0.00137830
1773324551.94174099,0.05512315,6169,0.00036483,0.00000000,0,0.00000000,35439,35445,50,0.00104470
1773324552.04163814,0.05241172,6194,0.00042766,0.00000000,0,0.00000000,35445,35456,40,0.00148631
1773324552.14168978,0.03788417,6175,0.00018952,0.00000000,0,0.00000000,35456,35463,38,0.00174534
1773324552.24174571,0.02674103,6200,0.00025072,0.00000000,0,0.00000000,35463,35465,37,0.00354682
1773324552.34176970,0.04645428,6196,0.00014964,0.00000000,0,0.00000000,35465,35478,38,0.00339685
1773324552.44193673,0.02616080,6168,0.00012282,0.00000000,0,0.00000000,35478,35475,39,0.00388342
1773324552.54192924,0.02533850,6193,0.00012971,0.00000000,0,0.00000000,35475,35484,28,0.00174200
1773324552.64218545,0.02712155,6164,0.00017899,0.00000000,0,0.00000000,35484,35464,45,0.00109282
1773324552.74191046,0.03900140,6207,0.00075906,0.00000000,0,0.00000000,35464,35475,49,0.00220145
1773324552.84191251,0.09220163,6210,0.00031721,0.00000000,0,0.00000000,35475,35487,53,0.00100352
1773324552.94203210,0.04469706,6188,0.00017463,0.00000000,0,0.00000000,35487,35500,49,0.00177574
1773324553.04210353,0.05539540,6182,0.00085128,0.00000000,0,0.00000000,35500,35502,44,0.00131749
1773324553.14210939,0.05847089,6108,0.00044530,0.00000000,0,0.00000000,35502,35502,39,0.00116877
1773324553.24202871,0.03974501,6188,0.00037098,0.00000000,0,0.00000000,35502,35521,53,0.00710463
1773324553.34209275,0.04355789,6258,0.00051937,0.00000000,0,0.00000000,35521,35524,39,0.00229372
1773324553.44210243,0.03363038,6216,0.00013135,0.00000000,0,0.00000000,35524,35527,45,0.00330252
1773324553.54215193,0.02215441,6261,0.00025108,0.00000000,0,0.00000000,35527,35533,44,0.00165134
1773324553.64225197,0.02327380,6275,0.00011554,0.00000000,0,0.00000000,35533,35542,40,0.00156055
1773324553.74223781,0.02608932,6283,0.00019404,0.00000000,0,0.00000000,35542,35559,56,0.00106338
1773324553.84231997,0.04141394,6261,0.00056790,0.00000000,0,0.00000000,35559,35549,34,0.00283923
1773324553.94232273,0.04802232,6254,0.00053934,0.00000000,0,0.00000000,35549,35554,45,0.00086443
1773324554.04235172,0.05556290,6298,0.00050842,0.00000000,0,0.00000000,35554,35556,50,0.00115828
1773324554.14246058,0.03406430,6217,0.00034503,0.00000000,0,0.00000000,35556,35555,51,0.00088857
1773324554.24233317,0.03972793,6256,0.00048209,0.00000000,0,0.00000000,35555,35559,33,0.00393454
1773324554.34245515,0.03490064,6265,0.00015054,0.00000000,0,0.00000000,35559,35550,36,0.00416752
1773324554.44242787,0.03186863,6271,0.00022415,0.00000000,0,0.00000000,35550,35551,41,0.00257118
1773324554.54240918,0.02516471,6254,0.00010900,0.00000000,0,0.00000000,35551,35555,35,0.00308866
1773324554.64246011,0.02467315,6248,0.00013733,0.00000000,0,0.00000000,35555,35552,37,0.00205126
1773324554.74159241,0.02465234,6263,0.00015177,0.00000000,0,0.00000000,35552,35558,43,0.00299973
1773324554.84161377,0.04629217,6272,0.00052890,0.00000000,0,0.00000000,35558,35565,42,0.00154850
1773324554.94169140,0.05469240,6274,0.00042903,0.00000000,0,0.00000000,35565,35575,38,0.00093549
1773324555.04172587,0.06080996,6264,0.00048519,0.00000000,0,0.00000000,35575,35583,37,0.00090913
1773324555.14171553,0.05547004,6276,0.00051502,0.00000000,0,0.00000000,35583,35588,36,0.00092265
1773324555.24181175,0.04835119,6285,0.00134092,0.00000000,0,0.00000000,35588,35595,31,0.00280030
1773324555.34175611,0.03090737,6271,0.00019450,0.00000000,0,0.00000000,35595,35600,24,0.00353400
1773324555.44178534,0.05794783,6254,0.00066307,0.00000000,0,0.00000000,35600,35603,38,0.00398426
1773324555.54191113,0.02754996,6263,0.00019079,0.00000000,0,0.00000000,35603,35605,40,0.00417879
1773324555.64194679,0.02569446,6288,0.00012389,0.00000000,0,0.00000000,35605,35619,37,0.00324314
1773324555.74190855,0.02545105,6306,0.00022829,0.00000000,0,0.00000000,35619,35626,48,0.00861464
1773324555.84200525,0.02145957,6272,0.00016982,0.00000000,0,0.00000000,35626,35611,39,0.00243285
1773324555.94204712,0.04486680,6284,0.00041118,0.00000000,0,0.00000000,35611,35622,34,0.00113013
1773324556.04283166,0.04567205,6240,0.00036760,0.00000000,0,0.00000000,35622,35627,35,0.00174619
1773324556.14202476,0.03789731,6251,0.00041728,0.00000000,0,0.00000000,35627,35623,26,0.00166160
1773324556.24205065,0.02758742,6286,0.00013831,0.00000000,0,0.00000000,35623,35630,35,0.00115254
1773324556.34215498,0.03921070,6269,0.00040653,0.00000000,0,0.00000000,35630,35642,39,0.00242653
1773324556.44220948,0.02031510,6203,0.00011941,0.00000000,0,0.00000000,35642,35644,30,0.00298726
1773324556.54151535,0.02579675,6316,0.00010307,0.00000000,0,0.00000000,35644,35650,31,0.00227720
1773324556.64221334,0.02397478,6280,0.00015073,0.00000000,0,0.00000000,35650,35625,53,0.00140240
1773324556.74221921,0.04319625,6258,0.00047187,0.00000000,0,0.00000000,35625,35637,42,0.00124927
1773324556.84166884,0.04088093,6259,0.00042793,0.00000000,0,0.00000000,35637,35650,40,0.00136307
1773324556.94218254,0.04429049,6234,0.00050186,0.00000000,0,0.00000000,35650,35662,38,0.00162772
1773324557.04149175,0.04524488,6288,0.00033667,0.00000000,0,0.00000000,35662,35659,33,0.00124202
1773324557.14151263,0.04478154,6328,0.00038264,0.00000000,0,0.00000000,35659,35663,28,0.00348434
1773324557.24172926,0.03576928,6230,0.00014055,0.00000000,0,0.00000000,35663,35658,39,0.00252871
1773324557.34158993,0.02809427,6133,0.00032642,0.00000000,0,0.00000000,35658,35667,29,0.00322682
1773324557.44173312,0.02836641,6370,0.00016171,0.00000000,0,0.00000000,35667,35664,45,0.00308703
1773324557.54157639,0.02275144,6257,0.00010353,0.00000000,0,0.00000000,35664,35665,32,0.00194502
1773324557.64164376,0.02030891,6243,0.00010834,0.00000000,0,0.00000000,35665,35666,39,0.00371125
1773324557.74167991,0.02243957,6266,0.00014846,0.00000000,0,0.00000000,35666,35679,43,0.00126860
1773324557.84176731,0.05159881,6242,0.00034486,0.00000000,0,0.00000000,35679,35685,35,0.00126221
1773324557.94178557,0.04788490,6275,0.00046083,0.00000000,0,0.00000000,35685,35696,36,0.00099528
1773324558.04188299,0.04928182,6278,0.00098952,0.00000000,0,0.00000000,35696,35702,44,0.00148640
1773324558.14197636,0.04772203,6244,0.00054966,0.00000000,0,0.00000000,35702,35709,37,0.00086865
1773324558.24184322,0.05838930,6261,0.00046722,0.00000000,0,0.00000000,35709,35716,37,0.00446911
1773324558.34197402,0.02947826,6277,0.00016984,0.00000000,0,0.00000000,35716,35721,34,0.00272314
1773324558.44207597,0.04903643,6249,0.00028372,0.00000000,0,0.00000000,35721,35723,27,0.00360891
1773324558.54209185,0.02604014,6228,0.00013184,0.00000000,0,0.00000000,35723,35726,37,0.00335076
1773324558.64248919,0.02513990,6198,0.00019166,0.00000000,0,0.00000000,35726,35738,35,0.00344858
1773324558.74211621,0.02676873,6215,0.00012917,0.00000000,0,0.00000000,35738,35739,41,0.00366244
1773324558.84219694,0.02818425,6206,0.00014451,0.00000000,0,0.00000000,35739,35749,45,0.00150670
1773324558.94226980,0.12626086,6227,0.00419784,0.00000000,0,0.00000000,35749,35761,44,0.00148620
1773324559.04227829,0.05512282,6238,0.00047439,0.00000000,0,0.00000000,35761,35765,40,0.00223468
1773324559.14236450,0.05711261,6276,0.00080815,0.00000000,0,0.00000000,35765,35763,42,0.00104645
1773324559.24235272,0.03046980,6221,0.00026737,0.00000000,0,0.00000000,35763,35773,30,0.00261764
1773324559.34226847,0.03573448,6254,0.00035947,0.00000000,0,0.00000000,35773,35784,36,0.00801611
1773324559.44238472,0.04626055,6254,0.00017737,0.00000000,0,0.00000000,35784,35788,36,0.00285171
1773324559.54237962,0.02651132,6204,0.00013465,0.00000000,0,0.00000000,35788,35791,46,0.00318469
1773324559.64226437,0.02184541,6259,0.00015914,0.00000000,0,0.00000000,35791,35799,43,0.00281345
1773324559.74238443,0.02620409,6273,0.00016355,0.00000000,0,0.00000000,35799,35802,43,0.00329592
1773324559.84241343,0.02714303,6250,0.00020160,0.00000000,0,0.00000000,35802,35796,38,0.00247520
1773324559.94247293,0.02113942,6215,0.00012375,0.00000000,0,0.00000000,35796,35795,30,0.00100155
1773324560.04232740,0.05254605,6252,0.00064436,0.00000000,0,0.00000000,35795,35802,32,0.00222325
1773324560.14245677,0.05761614,6251,0.00043164,0.00000000,0,0.00000000,35802,35813,27,0.00094384
1773324560.24241614,0.03586134,6232,0.00072206,0.00000000,0,0.00000000,35813,35804,40,0.00318461
1773324560.34253573,0.04159907,6241,0.00043608,0.00000000,0,0.00000000,35804,35800,38,0.00099223
1773324560.44251204,0.02780022,6249,0.00031026,0.00000000,0,0.00000000,35800,35809,41,0.00315818
1773324560.54165745,0.02808680,6244,0.00015331,0.00000000,0,0.00000000,35809,35822,29,0.00440215
1773324560.64181828,0.02559481,6262,0.00012248,0.00000000,0,0.00000000,35822,35821,33,0.00223985
1773324560.74173999,0.02480016,6277,0.00012198,0.00000000,0,0.00000000,35821,35815,27,0.00125397
1773324560.84180284,0.04451268,6260,0.00035352,0.00000000,0,0.00000000,35815,35822,35,0.00262688
1773324560.94182634,0.04974754,6266,0.00033352,0.00000000,0,0.00000000,35822,35827,23,0.00124821
1773324561.04185772,0.03939590,6263,0.00048809,0.00000000,0,0.00000000,35827,35838,43,0.00133444
1773324561.14194584,0.04570150,6294,0.00050301,0.00000000,0,0.00000000,35838,35853,42,0.00088719
1773324561.24196601,0.03305400,6264,0.00024913,0.00000000,0,0.00000000,35853,35861,36,0.00353898
1773324561.34193921,0.03353378,6248,0.00047288,0.00000000,0,0.00000000,35861,35872,44,0.00416988
1773324561.44288421,0.02460162,6168,0.00016889,0.00000000,0,0.00000000,35872,35890,44,0.00404947
1773324561.54181290,0.02546867,6276,0.00016016,0.00000000,0,0.00000000,35890,35896,38,0.00365232
1773324561.64211249,0.02720791,6224,0.00016214,0.00000000,0,0.00000000,35896,35898,36,0.00241394
1773324561.74302888,0.02527388,6230,0.00022814,0.00000000,0,0.00000000,35898,35857,41,0.00101590
1773324561.84215021,0.04825672,6237,0.00030728,0.00000000,0,0.00000000,35857,35862,29,0.00192698
1773324561.94218636,0.04555446,6255,0.00048227,0.00000000,0,0.00000000,35862,35865,40,0.00172888
1773324562.04220295,0.05228711,6228,0.00054210,0.00000000,0,0.00000000,35865,35869,40,0.00194211
1773324562.14236808,0.04963585,6233,0.00037904,0.00000000,0,0.00000000,35869,35857,37,0.00087626
1773324562.24207568,0.04845491,6238,0.00034392,0.00000000,0,0.00000000,35857,35861,32,0.00229281
1773324562.34156799,0.03901195,6254,0.00027598,0.00000000,0,0.00000000,35861,35869,27,0.00247857
1773324562.44150853,0.05055341,6244,0.00025102,0.00000000,0,0.00000000,35869,35879,30,0.00269836
1773324562.54164386,0.04521923,6228,0.00053006,0.00000000,0,0.00000000,35879,35885,42,0.00230871
1773324562.64171982,0.04237546,6246,0.00066085,0.00000000,0,0.00000000,35885,35893,48,0.00243754
1773324562.74221277,0.04431556,6226,0.00056904,0.00000000,0,0.00000000,35893,35901,32,0.00271779
1773324562.84161592,0.04284035,6267,0.00041414,0.00000000,0,0.00000000,35901,35907,33,0.00252016
1773324562.94164991,0.04454145,6240,0.00042451,0.00000000,0,0.00000000,35907,35921,35,0.00252232
1773324563.04169750,0.05013760,6268,0.00053550,0.00000000,0,0.00000000,35921,35935,42,0.00195940
1773324563.14185810,0.04586289,6241,0.00017553,0.00000000,0,0.00000000,35935,35927,36,0.00193793
1773324563.24180222,0.02824587,6243,0.00016544,0.00000000,0,0.00000000,35927,35931,36,0.00240847
1773324563.34170532,0.04984224,6269,0.00013351,0.00000000,0,0.00000000,35931,35935,20,0.00285459
1773324563.44175863,0.02394832,6291,0.00010155,0.00000000,0,0.00000000,35935,35936,34,0.00493524
1773324563.54193091,0.02411315,6227,0.00010774,0.00000000,0,0.00000000,35936,35942,33,0.00460405
1773324563.64181376,0.02286100,6238,0.00007027,0.00000000,0,0.00000000,35942,35956,29,0.00169896
1773324563.74192238,0.02366008,6263,0.00017206,0.00000000,0,0.00000000,35956,35949,51,0.00106342
1773324563.84196615,0.02416884,6252,0.00011140,0.00000000,0,0.00000000,35949,35945,30,0.00233937
1773324563.94201708,0.02994292,6291,0.00021903,0.00000000,0,0.00000000,35945,35947,31,0.00078095
1773324564.04213595,0.02352666,6261,0.00007671,0.00000000,0,0.00000000,35947,35954,27,0.00222182
1773324564.14202285,0.01946936,6278,0.00013218,0.00000000,0,0.00000000,35954,35954,27,0.00071953
1773324564.24208164,0.02423176,6249,0.00006843,0.00000000,0,0.00000000,35954,35958,29,0.00118857
1773324564.34220982,0.03956743,6273,0.00010576,0.00000000,0,0.00000000,35958,35965,34,0.00184865
1773324564.44219804,0.04032333,6254,0.00014229,0.00000000,0,0.00000000,35965,35970,30,0.00161283
1773324564.54222727,0.02744465,6273,0.00016293,0.00000000,0,0.00000000,35970,35972,26,0.00084706
1773324564.64227080,0.02241132,6253,0.00014046,0.00000000,0,0.00000000,35972,35976,41,0.00218196
1773324564.74231458,0.02300771,6273,0.00011632,0.00000000,0,0.00000000,35976,35992,33,0.00157554
1773324564.84224033,0.02448778,6304,0.00050480,0.00000000,0,0.00000000,35992,36011,46,0.00288860
1773324564.94239998,0.08174562,6223,0.00036545,0.00000000,0,0.00000000,36011,36006,25,0.00154329
1773324565.04227686,0.05438703,6288,0.00054764,0.00000000,0,0.00000000,36006,35991,38,0.00214501
1773324565.14235926,0.07185739,6267,0.00040136,0.00000000,0,0.00000000,35991,36003,44,0.00073775
1773324565.24239922,0.04485634,6289,0.00015700,0.00000000,0,0.00000000,36003,36009,35,0.00283359
1773324565.34242606,0.03275295,6257,0.00014089,0.00000000,0,0.00000000,36009,36019,38,0.00638682
1773324565.44241929,0.02998353,6253,0.00025112,0.00000000,0,0.00000000,36019,36021,31,0.00462417
1773324565.54241490,0.05159685,6283,0.00033631,0.00000000,0,0.00000000,36021,36026,29,0.00414300
1773324565.64241433,0.03179170,6252,0.00029369,0.00000000,0,0.00000000,36026,36029,44,0.00370824
1773324565.74160719,0.02506049,6273,0.00021324,0.00000000,0,0.00000000,36029,36024,31,0.00323199
1773324565.84161448,0.02920097,6273,0.00013495,0.00000000,0,0.00000000,36024,36013,28,0.00142920
1773324565.94163871,0.02745960,6301,0.00024469,0.00000000,0,0.00000000,36013,36018,27,0.00106826
1773324566.04163432,0.04777347,6254,0.00046884,0.00000000,0,0.00000000,36018,36026,41,0.00291467
1773324566.14180374,0.03939871,6255,0.00013962,0.00000000,0,0.00000000,36026,36036,38,0.00129435
1773324566.24174261,0.03926646,6313,0.00031722,0.00000000,0,0.00000000,36036,36036,29,0.00087552
1773324566.34180617,0.02248541,6273,0.00011215,0.00000000,0,0.00000000,36036,36045,33,0.00103470
1773324566.44184470,0.02462249,6305,0.00015025,0.00000000,0,0.00000000,36045,36047,35,0.00226971
1773324566.54183841,0.01975347,6275,0.00005069,0.00000000,0,0.00000000,36047,36057,18,0.00250837
1773324566.64187527,0.03478261,6310,0.00028272,0.00000000,0,0.00000000,36057,36069,28,0.00081525
1773324566.74194002,0.04185368,6304,0.00046112,0.00000000,0,0.00000000,36069,36076,37,0.00100507
1773324566.84196949,0.04404416,6279,0.00042615,0.00000000,0,0.00000000,36076,36081,34,0.00073949
1773324566.94205999,0.04789884,6303,0.00035195,0.00000000,0,0.00000000,36081,36086,31,0.00203226
1773324567.04205680,0.05487256,6307,0.00045861,0.00000000,0,0.00000000,36086,36091,38,0.00098674
1773324567.14216185,0.03450350,6322,0.00012649,0.00000000,0,0.00000000,36091,36097,33,0.00213814
1773324567.24213076,0.02633424,6302,0.00008548,0.00000000,0,0.00000000,36097,36103,26,0.00503144
1773324567.34213233,0.03250087,6272,0.00040661,0.00000000,0,0.00000000,36103,36107,33,0.00119343
1773324567.44213390,0.02438125,6296,0.00011717,0.00000000,0,0.00000000,36107,36104,35,0.00386442
1773324567.54217052,0.01974437,6275,0.00014610,0.00000000,0,0.00000000,36104,36089,37,0.00271326
1773324567.64204717,0.01919229,6287,0.00011582,0.00000000,0,0.00000000,36089,36096,30,0.00094245
1773324567.74211049,0.02160399,6318,0.00011278,0.00000000,0,0.00000000,36096,36094,35,0.00151890
1773324567.84213662,0.04103759,6281,0.00049133,0.00000000,0,0.00000000,36094,36104,35,0.00091811
1773324567.94152546,0.04329852,6329,0.00046827,0.00000000,0,0.00000000,36104,36104,37,0.00211471
1773324568.04152203,0.04528884,6315,0.00057615,0.00000000,0,0.00000000,36104,36061,29,0.00080088
1773324568.14161730,0.03595071,6305,0.00007135,0.00000000,0,0.00000000,36061,36057,21,0.00116335
1773324568.24161410,0.02572830,6322,0.00009829,0.00000000,0,0.00000000,36057,36066,33,0.00428727
1773324568.34155941,0.03494816,6301,0.00049653,0.00000000,0,0.00000000,36066,36059,35,0.00212602
1773324568.44164658,0.02144856,6326,0.00016188,0.00000000,0,0.00000000,36059,36052,26,0.00311066
1773324568.54163432,0.01839010,6336,0.00012703,0.00000000,0,0.00000000,36052,36060,28,0.00383456
1773324568.64167070,0.01925109,6361,0.00013471,0.00000000,0,0.00000000,36060,36062,34,0.00089761
1773324568.74183774,0.03597258,6294,0.00028958,0.00000000,0,0.00000000,36062,36052,26,0.00288821
1773324568.84168196,0.04143474,6333,0.00037526,0.00000000,0,0.00000000,36052,36060,37,0.00081901
1773324568.94180226,0.03663263,6352,0.00020482,0.00000000,0,0.00000000,36060,36067,20,0.00090374
1773324569.04179215,0.03771183,6314,0.00028979,0.00000000,0,0.00000000,36067,36074,27,0.00089347
1773324569.14184046,0.04200039,6335,0.00026085,0.00000000,0,0.00000000,36074,36083,23,0.00132032
1773324569.24182487,0.02625261,6371,0.00006383,0.00000000,0,0.00000000,36083,36089,25,0.00217862
1773324569.34208584,0.02036950,6314,0.00028390,0.00000000,0,0.00000000,36089,36100,28,0.00315081
1773324569.44207954,0.01877635,6312,0.00012789,0.00000000,0,0.00000000,36100,36102,30,0.00343542
1773324569.54195714,0.02093109,6314,0.00009142,0.00000000,0,0.00000000,36102,36110,27,0.00335534
1773324569.64206600,0.02273652,6394,0.00013366,0.00000000,0,0.00000000,36110,36118,26,0.00205192
1773324569.74217534,0.01426305,6324,0.00006992,0.00000000,0,0.00000000,36118,36123,27,0.00205743
1773324569.84280729,0.03688822,6303,0.00041065,0.00000000,0,0.00000000,36123,36131,28,0.00079749
1773324569.94206882,0.05123139,6370,0.00043094,0.00000000,0,0.00000000,36131,36141,36,0.00220264
1773324570.04225659,0.05174053,6312,0.00044984,0.00000000,0,0.00000000,36141,36150,29,0.00100763
1773324570.14205480,0.05401280,6329,0.00044058,0.00000000,0,0.00000000,36150,36159,33,0.00142155
1773324570.24150038,0.07629171,6364,0.00034390,0.00000000,0,0.00000000,36159,36163,28,0.00425872
1773324570.34219289,0.05873546,6355,0.00014670,0.00000000,0,0.00000000,36163,36170,32,0.00272516
1773324570.44227147,0.03192582,6314,0.00021822,0.00000000,0,0.00000000,36170,36175,29,0.00552250
1773324570.54152012,0.06625807,6351,0.00155828,0.00000000,0,0.00000000,36175,36182,26,0.00519877
1773324570.64150667,0.04063043,6376,0.00014777,0.00000000,0,0.00000000,36182,36191,31,0.00315435
1773324570.74223685,0.03373828,6357,0.00010580,0.00000000,0,0.00000000,36191,36194,26,0.00377853
1773324570.84159970,0.02011663,6338,0.00007675,0.00000000,0,0.00000000,36194,36197,24,0.00328033
1773324570.94166374,0.01959870,6326,0.00008444,0.00000000,0,0.00000000,36197,36211,30,0.00150120
1773324571.04159951,0.01721848,6356,0.00007532,0.00000000,0,0.00000000,36211,36215,25,0.00380437
1773324571.14174557,0.03876760,6344,0.00016720,0.00000000,0,0.00000000,36215,36226,19,0.00142101
1773324571.24168086,0.02857798,6339,0.00028562,0.00000000,0,0.00000000,36226,36232,24,0.00143873
1773324571.34172153,0.02541801,6338,0.00017308,0.00000000,0,0.00000000,36232,36238,26,0.00136780
1773324571.44169855,0.02011653,6353,0.00008227,0.00000000,0,0.00000000,36238,36252,31,0.00136699
1773324571.54182124,0.01998498,6337,0.00010053,0.00000000,0,0.00000000,36252,36264,27,0.00087871
1773324571.64258671,0.01989372,6309,0.00006481,0.00000000,0,0.00000000,36264,36272,26,0.00142792
1773324571.74185181,0.04211920,6324,0.00045909,0.00000000,0,0.00000000,36272,36277,29,0.00150567
1773324571.84181929,0.04173050,6345,0.00045167,0.00000000,0,0.00000000,36277,36289,34,0.00288241
1773324571.94191504,0.04168289,6353,0.00103254,0.00000000,0,0.00000000,36289,36285,29,0.00080832
1773324572.04193783,0.04157636,6343,0.00042173,0.00000000,0,0.00000000,36285,36295,24,0.00230409
1773324572.14198327,0.03680032,6329,0.00027656,0.00000000,0,0.00000000,36295,36306,24,0.00293330
1773324572.24205256,0.02069296,6272,0.00019325,0.00000000,0,0.00000000,36306,36308,29,0.00284635
1773324572.34154916,0.02373588,6339,0.00029312,0.00000000,0,0.00000000,36308,36312,34,0.00361068
1773324572.44195819,0.04329060,6309,0.00043313,0.00000000,0,0.00000000,36312,36312,38,0.00308200
1773324572.54204392,0.02284277,6254,0.00044664,0.00000000,0,0.00000000,36312,36328,40,0.00265186
1773324572.64167166,0.02130681,6308,0.00011254,0.00000000,0,0.00000000,36328,36325,20,0.00356641
1773324572.74161839,0.02292887,6332,0.00020108,0.00000000,0,0.00000000,36325,36336,30,0.00270769
1773324572.84164214,0.02465393,6316,0.00022224,0.00000000,0,0.00000000,36336,36323,31,0.00277048
1773324572.94179010,0.02754374,6317,0.00018069,0.00000000,0,0.00000000,36323,36335,37,0.00272396
1773324573.04165196,0.02676351,6300,0.00016145,0.00000000,0,0.00000000,36335,36344,34,0.00284064
1773324573.14166546,0.02422061,6307,0.00017221,0.00000000,0,0.00000000,36344,36358,36,0.00263020
1773324573.24167061,0.02224488,6305,0.00009049,0.00000000,0,0.00000000,36358,36370,28,0.00201665
1773324573.34168696,0.02425226,6273,0.00017502,0.00000000,0,0.00000000,36370,36342,25,0.00385227
1773324573.44158411,0.01838976,6314,0.00010673,0.00000000,0,0.00000000,36342,36352,27,0.00104616
1773324573.54179764,0.02420161,6303,0.00026369,0.00000000,0,0.00000000,36352,36356,38,0.00155637
1773324573.64176607,0.02010341,6262,0.00011836,0.00000000,0,0.00000000,36356,36368,39,0.00196855
1773324573.74186206,0.02667546,6262,0.00017135,0.00000000,0,0.00000000,36368,36378,34,0.00107888
1773324573.84170675,0.01970882,6300,0.00012457,0.00000000,0,0.00000000,36378,36382,36,0.00099839
1773324573.94194031,0.03282426,6266,0.00050498,0.00000000,0,0.00000000,36382,36382,37,0.00192617
1773324574.04197860,0.04766236,6286,0.00036990,0.00000000,0,0.00000000,36382,36386,29,0.00277073
1773324574.14200878,0.04608449,6272,0.00047818,0.00000000,0,0.00000000,36386,36404,42,0.00144600
1773324574.24201870,0.02535909,6235,0.00013932,0.00000000,0,0.00000000,36404,36418,35,0.00128601
1773324574.34201884,0.02456723,6275,0.00012655,0.00000000,0,0.00000000,36418,36421,32,0.00118593
1773324574.44208241,0.01896570,6257,0.00012716,0.00000000,0,0.00000000,36421,36433,40,0.00358693
1773324574.54211235,0.02009138,6236,0.00015009,0.00000000,0,0.00000000,36433,36418,44,0.00271963
1773324574.64225268,0.02083257,6232,0.00013677,0.00000000,0,0.00000000,36418,36427,40,0.00421571
1773324574.74218011,0.02312869,6237,0.00011344,0.00000000,0,0.00000000,36427,36431,35,0.00160902
1773324574.84222198,0.04369861,6241,0.00033194,0.00000000,0,0.00000000,36431,36428,25,0.00090917
1773324574.94232011,0.04944465,6223,0.00040557,0.00000000,0,0.00000000,36428,36424,33,0.00082869
1773324575.04226160,0.05571543,6219,0.00041851,0.00000000,0,0.00000000,36424,36427,33,0.00120348
1773324575.14238405,0.04876646,6201,0.00031739,0.00000000,0,0.00000000,36427,36415,23,0.00119264
1773324575.24236274,0.05179014,6216,0.00024458,0.00000000,0,0.00000000,36415,36414,39,0.00179668
1773324575.34246993,0.04984594,6266,0.00030659,0.00000000,0,0.00000000,36414,36421,32,0.00252268
1773324575.44242024,0.02490028,6255,0.00013555,0.00000000,0,0.00000000,36421,36441,39,0.00357440
1773324575.54248834,0.04784547,6257,0.00042107,0.00000000,0,0.00000000,36441,36451,38,0.00375583
1773324575.64250755,0.02691390,6255,0.00054035,0.00000000,0,0.00000000,36451,36464,39,0.00332214
1773324575.74257016,0.02417116,6221,0.00016449,0.00000000,0,0.00000000,36464,36465,46,0.00121652
1773324575.84261227,0.02277903,6228,0.00014435,0.00000000,0,0.00000000,36465,36465,37,0.00258971
1773324575.94265652,0.02119476,6222,0.00041868,0.00000000,0,0.00000000,36465,36472,45,0.00088997
1773324576.04255152,0.04145104,6268,0.00045934,0.00000000,0,0.00000000,36472,36481,38,0.00178191
1773324576.14259148,0.02918843,6253,0.00013236,0.00000000,0,0.00000000,36481,36488,37,0.00086422
1773324576.24259377,0.01751090,6317,0.00007796,0.00000000,0,0.00000000,36488,36484,26,0.00118565
1773324576.34283495,0.02036929,6259,0.00015043,0.00000000,0,0.00000000,36484,36498,47,0.00078609
1773324576.44270778,0.01976427,6249,0.00008427,0.00000000,0,0.00000000,36498,36501,29,0.00222928
1773324576.54265213,0.02878927,6256,0.00047947,0.00000000,0,0.00000000,36501,36495,34,0.00246088
1773324576.64272213,0.02098372,6234,0.00009541,0.00000000,0,0.00000000,36495,36497,39,0.00113708
1773324576.74278569,0.03757967,6292,0.00039369,0.00000000,0,0.00000000,36497,36513,39,0.00131535
1773324576.84268832,0.04147045,6208,0.00047547,0.00000000,0,0.00000000,36513,36505,33,0.00167686
1773324576.94158244,0.12992508,6286,0.00038979,0.00000000,0,0.00000000,36505,36490,30,0.00096416
1773324577.04274678,0.04773331,6304,0.00046223,0.00000000,0,0.00000000,36490,36498,40,0.00083149
1773324577.14299512,0.04539954,6254,0.00040888,0.00000000,0,0.00000000,36498,36508,40,0.00255050
1773324577.24293375,0.04349974,6252,0.00023682,0.00000000,0,0.00000000,36508,36521,46,0.00323366
1773324577.34278750,0.02934405,6232,0.00028117,0.00000000,0,0.00000000,36521,36534,35,0.00331298
1773324577.44285464,0.02414444,6271,0.00039243,0.00000000,0,0.00000000,36534,36523,34,0.00350277
1773324577.54293609,0.03473231,6272,0.00022489,0.00000000,0,0.00000000,36523,36532,39,0.00248666
1773324577.64292121,0.02104505,6265,0.00012388,0.00000000,0,0.00000000,36532,36524,29,0.00377055
1773324577.74295521,0.02584523,6260,0.00095774,0.00000000,0,0.00000000,36524,36538,46,0.00328259
1773324577.84302402,0.02802214,6284,0.00021866,0.00000000,0,0.00000000,36538,36547,31,0.00142455
1773324577.94192290,0.02644060,6274,0.00039545,0.00000000,0,0.00000000,36547,36528,28,0.00325027
1773324578.04176497,0.04351176,6288,0.00056398,0.00000000,0,0.00000000,36528,36528,33,0.00093355
1773324578.14311552,0.05121014,6314,0.00018070,0.00000000,0,0.00000000,36528,36523,38,0.00195166
1773324578.24325252,0.03456436,6293,0.00036579,0.00000000,0,0.00000000,36523,36512,35,0.00121492
1773324578.34322762,0.03926839,6247,0.00079328,0.00000000,0,0.00000000,36512,36527,42,0.00097519
1773324578.44202542,0.02781181,6296,0.00048088,0.00000000,0,0.00000000,36527,36534,47,0.00346176
1773324578.54195070,0.02258608,6277,0.00013462,0.00000000,0,0.00000000,36534,36530,33,0.00252101
1773324578.64198303,0.01835957,6289,0.00014686,0.00000000,0,0.00000000,36530,36545,42,0.00211818
1773324578.74205852,0.01819846,6282,0.00011787,0.00000000,0,0.00000000,36545,36528,27,0.00293211
1773324578.84200215,0.04320757,6303,0.00041561,0.00000000,0,0.00000000,36528,36533,33,0.00193702
1773324578.94170642,0.05132450,6299,0.00054397,0.00000000,0,0.00000000,36533,36524,35,0.00077116
1773324579.04164410,0.04815526,6288,0.00065623,0.00000000,0,0.00000000,36524,36514,28,0.00092953
1773324579.14174199,0.04230786,6307,0.00040022,0.00000000,0,0.00000000,36514,36498,31,0.00084845
1773324579.24153233,0.05049386,6347,0.00037930,0.00000000,0,0.00000000,36498,36503,29,0.00277248
1773324579.34178758,0.04672039,6322,0.00049881,0.00000000,0,0.00000000,36503,36499,48,0.00362329
1773324579.44176507,0.04841139,6316,0.00049978,0.00000000,0,0.00000000,36499,36486,35,0.00380233
1773324579.54165769,0.06627615,6333,0.00188358,0.00000000,0,0.00000000,36486,36483,25,0.00424014
1773324579.64164948,0.04910909,6334,0.00070695,0.00000000,0,0.00000000,36483,36483,28,0.00363659
1773324579.74173713,0.05268606,6372,0.00060494,0.00000000,0,0.00000000,36483,36496,38,0.00243954
1773324579.84170294,0.05174923,6370,0.00037770,0.00000000,0,0.00000000,36496,36503,26,0.00281060
1773324579.94176316,0.07081483,6359,0.00041426,0.00000000,0,0.00000000,36503,36508,19,0.00378554
1773324580.04182625,0.05713678,6389,0.00048041,0.00000000,0,0.00000000,36508,36509,27,0.00413320
1773324580.14176941,0.03547374,6393,0.00010718,0.00000000,0,0.00000000,36509,36510,22,0.00366178
1773324580.24184108,0.01895561,6380,0.00031297,0.00000000,0,0.00000000,36510,36510,29,0.00461208
1773324580.34184647,0.02155771,6406,0.00034523,0.00000000,0,0.00000000,36510,36506,22,0.00412098
1773324580.44180155,0.04177333,6367,0.00036717,0.00000000,0,0.00000000,36506,36507,25,0.00343062
1773324580.54189181,0.02361921,6413,0.00011545,0.00000000,0,0.00000000,36507,36515,20,0.00361695
1773324580.64205050,0.02803948,6372,0.00025197,0.00000000,0,0.00000000,36515,36528,23,0.00366446
1773324580.74205184,0.05400989,6384,0.00011880,0.00000000,0,0.00000000,36528,36533,21,0.00111552
1773324580.84209919,0.01770037,6361,0.00019993,0.00000000,0,0.00000000,36533,36517,32,0.00130723
1773324580.94215512,0.01834867,6382,0.00011844,0.00000000,0,0.00000000,36517,36513,26,0.00100999
1773324581.04208517,0.04218222,6368,0.00045468,0.00000000,0,0.00000000,36513,36511,24,0.00147653
1773324581.14217377,0.06634140,6379,0.00049021,0.00000000,0,0.00000000,36511,36517,31,0.00170494
1773324581.24221492,0.03528700,6361,0.00028629,0.00000000,0,0.00000000,36517,36526,36,0.00130884
1773324581.34217143,0.02292035,6367,0.00021874,0.00000000,0,0.00000000,36526,36523,25,0.00169822
1773324581.44220448,0.02380645,6380,0.00014363,0.00000000,0,0.00000000,36523,36525,27,0.00367775
1773324581.54222059,0.02298356,6377,0.00029834,0.00000000,0,0.00000000,36525,36528,25,0.00432041
1773324581.64232016,0.02427617,6403,0.00016540,0.00000000,0,0.00000000,36528,36528,23,0.00330457
1773324581.74245906,0.01938128,6358,0.00013803,0.00000000,0,0.00000000,36528,36535,27,0.00137756
1773324581.84248710,0.02178432,6380,0.00011293,0.00000000,0,0.00000000,36535,36546,29,0.00131162
1773324581.94247389,0.04328853,6301,0.00037089,0.00000000,0,0.00000000,36546,36543,25,0.00097649
1773324582.04239368,0.02339282,6381,0.00009931,0.00000000,0,0.00000000,36543,36555,31,0.00154035
1773324582.14258361,0.02106485,6340,0.00012444,0.00000000,0,0.00000000,36555,36562,29,0.00086473
1773324582.24267364,0.01998901,6288,0.00019389,0.00000000,0,0.00000000,36562,36564,24,0.00242825
1773324582.34243155,0.02083737,6338,0.00010082,0.00000000,0,0.00000000,36564,36578,38,0.00337256
1773324582.44247413,0.02081480,6305,0.00012443,0.00000000,0,0.00000000,36578,36577,31,0.00172368
1773324582.54248166,0.02808626,6303,0.00015668,0.00000000,0,0.00000000,36577,36576,31,0.00105650
1773324582.64239502,0.02266957,6271,0.00016192,0.00000000,0,0.00000000,36576,36575,34,0.00147380
1773324582.74253869,0.02270973,6284,0.00030314,0.00000000,0,0.00000000,36575,36567,47,0.00082289
1773324582.84164572,0.02056886,6298,0.00013304,0.00000000,0,0.00000000,36567,36575,37,0.00121399
1773324582.94274473,0.04485188,6311,0.00017413,0.00000000,0,0.00000000,36575,36578,43,0.00284305
1773324583.04285264,0.04885410,6270,0.00033522,0.00000000,0,0.00000000,36578,36579,29,0.00095460
1773324583.14278960,0.02887974,6254,0.00011429,0.00000000,0,0.00000000,36579,36575,26,0.00170398
1773324583.24284005,0.02729041,6257,0.00018022,0.00000000,0,0.00000000,36575,36566,30,0.00080592
1773324583.34280825,0.04728841,6266,0.00020673,0.00000000,0,0.00000000,36566,36580,36,0.00305223
1773324583.44284773,0.01867939,6215,0.00012204,0.00000000,0,0.00000000,36580,36581,29,0.00443112
1773324583.54178619,0.01869567,6323,0.00008971,0.00000000,0,0.00000000,36581,36592,25,0.00176094
1773324583.64285707,0.01810588,6246,0.00012912,0.00000000,0,0.00000000,36592,36606,37,0.00133236
1773324583.74185705,0.01680648,6297,0.00011007,0.00000000,0,0.00000000,36606,36620,35,0.00147475
1773324583.84201479,0.04696273,6265,0.00040570,0.00000000,0,0.00000000,36620,36629,35,0.00086020
1773324583.94192457,0.04782332,6234,0.00042578,0.00000000,0,0.00000000,36629,36627,38,0.00083550
1773324584.04193354,0.05275984,6284,0.00038492,0.00000000,0,0.00000000,36627,36589,28,0.00157132
1773324584.14197636,0.04719519,6275,0.00042883,0.00000000,0,0.00000000,36589,36599,34,0.00091245
1773324584.24164486,0.02315650,6307,0.00030173,0.00000000,0,0.00000000,36599,36608,40,0.00254353
1773324584.34219766,0.04039021,6238,0.00041107,0.00000000,0,0.00000000,36608,36620,29,0.00210217
1773324584.44160128,0.02168792,6293,0.00022618,0.00000000,0,0.00000000,36620,36631,38,0.00297096
1773324584.54208779,0.01896876,6265,0.00017376,0.00000000,0,0.00000000,36631,36630,25,0.00386980
1773324584.64212656,0.02597886,6262,0.00015316,0.00000000,0,0.00000000,36630,36637,26,0.00178778
1773324584.74161315,0.01578822,6295,0.00006796,0.00000000,0,0.00000000,36637,36645,29,0.00124136
1773324584.84162068,0.04548054,6292,0.00031686,0.00000000,0,0.00000000,36645,36650,34,0.00342260
1773324584.94159627,0.03013075,6308,0.00012855,0.00000000,0,0.00000000,36650,36663,31,0.00129372
1773324585.04160380,0.04700522,6305,0.00046370,0.00000000,0,0.00000000,36663,36673,34,0.00153809
1773324585.14162898,0.04703935,6269,0.00043513,0.00000000,0,0.00000000,36673,36679,33,0.00085134
1773324585.24169683,0.04068501,6308,0.00031128,0.00000000,0,0.00000000,36679,36682,29,0.00092408
1773324585.34166384,0.03698536,6322,0.00036898,0.00000000,0,0.00000000,36682,36692,23,0.00235368
1773324585.44166231,0.03706437,6291,0.00016181,0.00000000,0,0.00000000,36692,36693,28,0.00397265
1773324585.54167485,0.02918612,6347,0.00023057,0.00000000,0,0.00000000,36693,36698,33,0.00362626
1773324585.64188671,0.02245551,6276,0.00011564,0.00000000,0,0.00000000,36698,36703,27,0.00170277
1773324585.74173522,0.02778999,6341,0.00017032,0.00000000,0,0.00000000,36703,36714,30,0.00148911
1773324585.84180331,0.02904737,6342,0.00018781,0.00000000,0,0.00000000,36714,36710,33,0.00272901
1773324585.94196868,0.07801915,6311,0.00044719,0.00000000,0,0.00000000,36710,36700,32,0.00153436
1773324586.04200983,0.05006750,6301,0.00035869,0.00000000,0,0.00000000,36700,36697,21,0.00207327
1773324586.14212179,0.05552084,6298,0.00069599,0.00000000,0,0.00000000,36697,36697,30,0.00124795
1773324586.24200797,0.03392431,6330,0.00027602,0.00000000,0,0.00000000,36697,36704,25,0.00137706
1773324586.34200835,0.02743079,6320,0.00041693,0.00000000,0,0.00000000,36704,36691,36,0.00258995
1773324586.44201565,0.04496119,6330,0.00046453,0.00000000,0,0.00000000,36691,36691,38,0.00691315
1773324586.54213691,0.02026661,6325,0.00015577,0.00000000,0,0.00000000,36691,36689,40,0.00434554
1773324586.64232540,0.01919179,6248,0.00011475,0.00000000,0,0.00000000,36689,36698,27,0.00284137
1773324586.74213290,0.01945023,6289,0.00012869,0.00000000,0,0.00000000,36698,36701,34,0.00425715
1773324586.84216762,0.01894884,6319,0.00014157,0.00000000,0,0.00000000,36701,36688,32,0.00367581
1773324586.94211435,0.02328751,6349,0.00014248,0.00000000,0,0.00000000,36688,36698,28,0.00284293
1773324587.04231954,0.04635720,6324,0.00040541,0.00000000,0,0.00000000,36698,36689,28,0.00081962
1773324587.14237261,0.03776274,6305,0.00038142,0.00000000,0,0.00000000,36689,36697,24,0.00081527
1773324587.24254084,0.04749167,6346,0.00012761,0.00000000,0,0.00000000,36697,36706,32,0.00145270
1773324587.34234047,0.02342672,6350,0.00011585,0.00000000,0,0.00000000,36706,36705,25,0.00083052
1773324587.44254041,0.03196564,6344,0.00007603,0.00000000,0,0.00000000,36705,36718,26,0.00247149
1773324587.54254508,0.02441813,6342,0.00011694,0.00000000,0,0.00000000,36718,36720,24,0.00198755
1773324587.64248323,0.01951174,6326,0.00025413,0.00000000,0,0.00000000,36720,36725,36,0.00334866
1773324587.74245238,0.02175178,6345,0.00006313,0.00000000,0,0.00000000,36725,36728,25,0.00104131
1773324587.84251261,0.02244123,6347,0.00011342,0.00000000,0,0.00000000,36728,36729,29,0.00262716
1773324587.94252372,0.02925632,6337,0.00047361,0.00000000,0,0.00000000,36729,36735,28,0.00138323
1773324588.04252601,0.03879334,6310,0.00032097,0.00000000,0,0.00000000,36735,36720,25,0.00088120
1773324588.14254880,0.04383171,6387,0.00041880,0.00000000,0,0.00000000,36720,36724,24,0.00086483
1773324588.24274349,0.02372189,6316,0.00013782,0.00000000,0,0.00000000,36724,36717,28,0.00160176
1773324588.34250927,0.02736570,6328,0.00008754,0.00000000,0,0.00000000,36717,36714,24,0.00087625
1773324588.44169784,0.02240213,6373,0.00027030,0.00000000,0,0.00000000,36714,36729,32,0.00406663
1773324588.54276490,0.03846853,6343,0.00029748,0.00000000,0,0.00000000,36729,36711,32,0.00321487
1773324588.64273787,0.02482919,6373,0.00010706,0.00000000,0,0.00000000,36711,36703,17,0.00272046
1773324588.74278522,0.02487164,6333,0.00012045,0.00000000,0,0.00000000,36703,36693,21,0.00181302
1773324588.84280920,0.01749206,6360,0.00025045,0.00000000,0,0.00000000,36693,36694,27,0.00130427
1773324588.94278264,0.04278247,6337,0.00019249,0.00000000,0,0.00000000,36694,36705,34,0.00140616
1773324589.04283309,0.04357709,6365,0.00031853,0.00000000,0,0.00000000,36705,36707,25,0.00089918
1773324589.14280844,0.04513516,6355,0.00039366,0.00000000,0,0.00000000,36707,36722,30,0.00154905
1773324589.24287581,0.03307752,6366,0.00012254,0.00000000,0,0.00000000,36722,36715,21,0.00095660
1773324589.34285712,0.02454692,6274,0.00016556,0.00000000,0,0.00000000,36715,36711,25,0.00207316
1773324589.44108987,0.02409704,6459,0.00009831,0.00000000,0,0.00000000,36711,36710,30,0.00206539
1773324589.54209042,0.02707243,6296,0.00006901,0.00000000,0,0.00000000,36710,36716,19,0.00350588
1773324589.64207506,0.02768485,6339,0.00039046,0.00000000,0,0.00000000,36716,36692,30,0.00271372
1773324589.74158669,0.01850825,6362,0.00011734,0.00000000,0,0.00000000,36692,36705,28,0.00111339
1773324589.84197259,0.03439642,6370,0.00019646,0.00000000,0,0.00000000,36705,36710,39,0.00296940
1773324589.94209814,0.04527557,6330,0.00062873,0.00000000,0,0.00000000,36710,36697,31,0.00171582
1773324590.04207277,0.07453895,6334,0.00037362,0.00000000,0,0.00000000,36697,36706,32,0.00154192
1773324590.14237547,0.04918421,6298,0.00040086,0.00000000,0,0.00000000,36706,36708,24,0.00100337
1773324590.24163508,0.03608128,6313,0.00024801,0.00000000,0,0.00000000,36708,36711,34,0.00253398
1773324590.34138513,0.04015460,6403,0.00038681,0.00000000,0,0.00000000,36711,36719,29,0.00233249
1773324590.44175243,0.06136503,6324,0.00069157,0.00000000,0,0.00000000,36719,36731,28,0.00386113
1773324590.54158449,0.05258653,6373,0.00039728,0.00000000,0,0.00000000,36731,36745,38,0.00394865
1773324590.64163232,0.03598593,6351,0.00029004,0.00000000,0,0.00000000,36745,36754,42,0.00330981
1773324590.74166226,0.05561812,6327,0.00072088,0.00000000,0,0.00000000,36754,36707,32,0.00428131
1773324590.84172177,0.05990956,6354,0.00052239,0.00000000,0,0.00000000,36707,36699,33,0.00354001
1773324590.94172311,0.05901238,6343,0.00061080,0.00000000,0,0.00000000,36699,36693,38,0.00193202
1773324591.04168892,0.04211656,6370,0.00039825,0.00000000,0,0.00000000,36693,36690,31,0.00447319
1773324591.14173198,0.04591356,6349,0.00012840,0.00000000,0,0.00000000,36690,36684,25,0.00536600
1773324591.24180841,0.02066411,6369,0.00009386,0.00000000,0,0.00000000,36684,36688,22,0.00244916
1773324591.34181809,0.01955853,6334,0.00014948,0.00000000,0,0.00000000,36688,36698,22,0.00321607
1773324591.44188118,0.04065126,6334,0.00063017,0.00000000,0,0.00000000,36698,36708,30,0.00331357
1773324591.54197669,0.02146137,6362,0.00013792,0.00000000,0,0.00000000,36708,36705,35,0.00335337
1773324591.64208770,0.01690617,6338,0.00008580,0.00000000,0,0.00000000,36705,36712,29,0.00346554
1773324591.74199033,0.02373055,6340,0.00014729,0.00000000,0,0.00000000,36712,36722,32,0.00091320
1773324591.84198046,0.02144573,6362,0.00018514,0.00000000,0,0.00000000,36722,36718,36,0.00110669
1773324591.94205260,0.01850544,6355,0.00022237,0.00000000,0,0.00000000,36718,36724,29,0.00151485
1773324592.04204178,0.02089952,6356,0.00028469,0.00000000,0,0.00000000,36724,36729,33,0.00085583
1773324592.14214802,0.01911964,6339,0.00024518,0.00000000,0,0.00000000,36729,36737,38,0.00085895
1773324592.24215150,0.01771917,6347,0.00018202,0.00000000,0,0.00000000,36737,36738,35,0.00114075
1773324592.34211302,0.02297767,6378,0.00012991,0.00000000,0,0.00000000,36738,36746,33,0.00087201
1773324592.44229198,0.02121534,6314,0.00014868,0.00000000,0,0.00000000,36746,36730,36,0.00104493
1773324592.54217529,0.02837236,6337,0.00015471,0.00000000,0,0.00000000,36730,36736,48,0.00170233
1773324592.64235067,0.02376079,6315,0.00031437,0.00000000,0,0.00000000,36736,36711,28,0.00092607
1773324592.74233007,0.02613641,6308,0.00008153,0.00000000,0,0.00000000,36711,36723,23,0.00084227
1773324592.84231353,0.01819515,6333,0.00013966,0.00000000,0,0.00000000,36723,36738,43,0.00149613
1773324592.94243526,0.03780688,6314,0.00035752,0.00000000,0,0.00000000,36738,36742,39,0.00229194
1773324593.04238176,0.03688998,6352,0.00035686,0.00000000,0,0.00000000,36742,36751,31,0.00122756
1773324593.14240527,0.03282502,6320,0.00050350,0.00000000,0,0.00000000,36751,36764,42,0.00105709
1773324593.24231768,0.04945299,6355,0.00008848,0.00000000,0,0.00000000,36764,36768,24,0.00146141
1773324593.34234810,0.03206524,6302,0.00017481,0.00000000,0,0.00000000,36768,36779,40,0.00305456
1773324593.44244814,0.02851741,6363,0.00017941,0.00000000,0,0.00000000,36779,36786,38,0.00272642
1773324593.54266930,0.02335674,6329,0.00008892,0.00000000,0,0.00000000,36786,36794,33,0.00225923
1773324593.64268899,0.07745877,6302,0.00018855,0.00000000,0,0.00000000,36794,36797,30,0.00293545
1773324593.74247551,0.02821299,6366,0.00014396,0.00000000,0,0.00000000,36797,36802,34,0.00174872
1773324593.84270692,0.04155086,6324,0.00027599,0.00000000,0,0.00000000,36802,36781,32,0.00082981
1773324593.94269347,0.04747839,6332,0.00052502,0.00000000,0,0.00000000,36781,36787,27,0.00115382
1773324594.04270053,0.04260250,6305,0.00015993,0.00000000,0,0.00000000,36787,36785,38,0.00846548
1773324594.14274216,0.04061087,6329,0.00030338,0.00000000,0,0.00000000,36785,36785,29,0.00127461
1773324594.24274516,0.02238625,6327,0.00012717,0.00000000,0,0.00000000,36785,36785,38,0.00341262
1773324594.34274411,0.02874988,6308,0.00012826,0.00000000,0,0.00000000,36785,36790,30,0.00344120
1773324594.44279003,0.02298180,6332,0.00023206,0.00000000,0,0.00000000,36790,36803,34,0.00292831
1773324594.54272819,0.02391357,6276,0.00010901,0.00000000,0,0.00000000,36803,36803,30,0.00309480
1773324594.64168024,0.01958460,6350,0.00013888,0.00000000,0,0.00000000,36803,36799,36,0.00092545
1773324594.74277878,0.02348713,6320,0.00016888,0.00000000,0,0.00000000,36799,36806,31,0.00086792
1773324594.84282517,0.03951700,6332,0.00058437,0.00000000,0,0.00000000,36806,36812,33,0.00088257
1773324594.94198537,0.06270522,6303,0.00061442,0.00000000,0,0.00000000,36812,36812,43,0.00117782
1773324595.04288435,0.04670838,6283,0.00030708,0.00000000,0,0.00000000,36812,36816,23,0.00109836
1773324595.14166451,0.04832054,6325,0.00061794,0.00000000,0,0.00000000,36816,36809,32,0.00104061
1773324595.24165201,0.03913265,6362,0.00019389,0.00000000,0,0.00000000,36809,36816,31,0.00315540
1773324595.34205461,0.02962390,6317,0.00029762,0.00000000,0,0.00000000,36816,36819,38,0.00091483
1773324595.44198966,0.05660694,6333,0.00053455,0.00000000,0,0.00000000,36819,36815,37,0.00252496
1773324595.54208684,0.03442807,6334,0.00024251,0.00000000,0,0.00000000,36815,36818,36,0.00511038
1773324595.64207149,0.04271933,6330,0.00044426,0.00000000,0,0.00000000,36818,36819,37,0.00343707
1773324595.74178553,0.03247807,6330,0.00025080,0.00000000,0,0.00000000,36819,36830,36,0.00173250
1773324595.84173727,0.04087180,6309,0.00025124,0.00000000,0,0.00000000,36830,36826,36,0.00152242
1773324595.94174695,0.03105776,6322,0.00028703,0.00000000,0,0.00000000,36826,36834,21,0.00127820
1773324596.04163742,0.06093987,6291,0.00017909,0.00000000,0,0.00000000,36834,36843,37,0.00184878
1773324596.14153147,0.05237076,6313,0.00028252,0.00000000,0,0.00000000,36843,36840,25,0.00087108
1773324596.24153137,0.06410998,6338,0.00063504,0.00000000,0,0.00000000,36840,36847,39,0.00093010
1773324596.34156895,0.05327515,6256,0.00046255,0.00000000,0,0.00000000,36847,36842,28,0.00101022
1773324596.44153714,0.04850568,6307,0.00020318,0.00000000,0,0.00000000,36842,36842,32,0.00471138
1773324596.54161382,0.04424999,6313,0.00055086,0.00000000,0,0.00000000,36842,36847,30,0.00385259
1773324596.64169717,0.05925483,6347,0.00033516,0.00000000,0,0.00000000,36847,36860,33,0.00259903
1773324596.74171138,0.04508009,6331,0.00049667,0.00000000,0,0.00000000,36860,36864,35,0.00133703
1773324596.84173203,0.05075833,6329,0.00059776,0.00000000,0,0.00000000,36864,36878,38,0.00325403
1773324596.94188476,0.05472035,6303,0.00017492,0.00000000,0,0.00000000,36878,36885,31,0.00271528
1773324597.04190254,0.05084494,6317,0.00041934,0.00000000,0,0.00000000,36885,36889,24,0.00265029
1773324597.14194822,0.07725304,6325,0.00035597,0.00000000,0,0.00000000,36889,36871,45,0.00313283
1773324597.24196959,0.06376015,6304,0.00064565,0.00000000,0,0.00000000,36871,36864,30,0.00271233
1773324597.34198785,0.05689316,6290,0.00029957,0.00000000,0,0.00000000,36864,36853,36,0.00121431
1773324597.44194007,0.03325442,6323,0.00020087,0.00000000,0,0.00000000,36853,36865,30,0.00503789
1773324597.54204679,0.02787471,6300,0.00012762,0.00000000,0,0.00000000,36865,36866,26,0.00338221
1773324597.64214969,0.02463226,6315,0.00023013,0.00000000,0,0.00000000,36866,36871,32,0.00512160
1773324597.74214792,0.02301984,6305,0.00010108,0.00000000,0,0.00000000,36871,36878,29,0.00534845
1773324597.84205413,0.01562448,6337,0.00006681,0.00000000,0,0.00000000,36878,36886,30,0.00310009
1773324597.94227409,0.02219245,6281,0.00023779,0.00000000,0,0.00000000,36886,36882,36,0.00152869
1773324598.04216981,0.01863918,6336,0.00012782,0.00000000,0,0.00000000,36882,36886,41,0.00147918
1773324598.14251351,0.02184232,6249,0.00022979,0.00000000,0,0.00000000,36886,36887,50,0.00091865
1773324598.24132514,0.01748846,6407,0.00011497,0.00000000,0,0.00000000,36887,36884,28,0.00089390
1773324598.34234619,0.02541566,6304,0.00005560,0.00000000,0,0.00000000,36884,36881,15,0.00083936
1773324598.44238019,0.02162197,6306,0.00013848,0.00000000,0,0.00000000,36881,36893,38,0.00115476
1773324598.54245353,0.02368510,6315,0.00010684,0.00000000,0,0.00000000,36893,36889,43,0.00184091
1773324598.64241219,0.04367023,6325,0.00021811,0.00000000,0,0.00000000,36889,36897,39,0.00081411
1773324598.74255562,0.04138136,6300,0.00035422,0.00000000,0,0.00000000,36897,36892,27,0.00083363
1773324598.84256005,0.05612939,6257,0.00051858,0.00000000,0,0.00000000,36892,36896,37,0.00083645
1773324598.94244218,0.04330342,6284,0.00026279,0.00000000,0,0.00000000,36896,36879,40,0.00075713
1773324599.04247022,0.03594980,6315,0.00008985,0.00000000,0,0.00000000,36879,36883,27,0.00244888
1773324599.14251900,0.02750678,6264,0.00031323,0.00000000,0,0.00000000,36883,36872,40,0.00348296
1773324599.24244881,0.03034336,6321,0.00056455,0.00000000,0,0.00000000,36872,36860,52,0.00349928
1773324599.34278321,0.02743889,6274,0.00068087,0.00000000,0,0.00000000,36860,36868,38,0.00312882
1773324599.44279623,0.02390583,6274,0.00048130,0.00000000,0,0.00000000,36868,36877,37,0.00295532
1773324599.54255533,0.02944607,6291,0.00017953,0.00000000,0,0.00000000,36877,36850,34,0.00185535
1773324599.64270282,0.02588799,6292,0.00018125,0.00000000,0,0.00000000,36850,36856,38,0.00309046
1773324599.74271703,0.02568250,6302,0.00010687,0.00000000,0,0.00000000,36856,36857,32,0.00319999
1773324599.84276581,0.04245289,6301,0.00013682,0.00000000,0,0.00000000,36857,36854,30,0.00104521
1773324599.94274902,0.02958738,6248,0.00014772,0.00000000,0,0.00000000,36854,36861,36,0.00080195
1773324600.04263902,0.02255002,6285,0.00012021,0.00000000,0,0.00000000,36861,36872,30,0.00168375
1773324600.14272094,0.02012215,6323,0.00012842,0.00000000,0,0.00000000,36872,36877,30,0.00087619
1773324600.24208403,0.01705254,6292,0.00026310,0.00000000,0,0.00000000,36877,36880,32,0.00353684
1773324600.34283543,0.04350359,6251,0.00050339,0.00000000,0,0.00000000,36880,36855,38,0.00082377
1773324600.44154382,0.02960227,6309,0.00015485,0.00000000,0,0.00000000,36855,36868,39,0.00151246
1773324600.54294324,0.03657499,6249,0.00050976,0.00000000,0,0.00000000,36868,36872,33,0.00078961
1773324600.64173841,0.02305540,6291,0.00022213,0.00000000,0,0.00000000,36872,36885,38,0.00083046
1773324600.74169588,0.02913774,6285,0.00013968,0.00000000,0,0.00000000,36885,36891,32,0.00144805
1773324600.84168267,0.03497418,6315,0.00025626,0.00000000,0,0.00000000,36891,36899,47,0.00169523
1773324600.94176078,0.02611695,6247,0.00020649,0.00000000,0,0.00000000,36899,36902,31,0.00114676
1773324601.04162717,0.06353064,6297,0.00033671,0.00000000,0,0.00000000,36902,36904,26,0.00084779
1773324601.14149690,0.04719398,6341,0.00048083,0.00000000,0,0.00000000,36904,36887,34,0.00082127
1773324601.24174261,0.05195345,6263,0.00012627,0.00000000,0,0.00000000,36887,36892,29,0.00136504
1773324601.34154916,0.02886059,6316,0.00030333,0.00000000,0,0.00000000,36892,36900,37,0.00094888
1773324601.44172835,0.04554741,6265,0.00014390,0.00000000,0,0.00000000,36900,36896,30,0.00511177
1773324601.54158998,0.02315047,6296,0.00013346,0.00000000,0,0.00000000,36896,36899,32,0.00420562
1773324601.64162207,0.02217119,6293,0.00013357,0.00000000,0,0.00000000,36899,36900,33,0.00362957
1773324601.74164438,0.02241014,6290,0.00012334,0.00000000,0,0.00000000,36900,36901,38,0.00137988
1773324601.84172559,0.02118566,6324,0.00010036,0.00000000,0,0.00000000,36901,36901,27,0.00323129
1773324601.94174099,0.04271330,6289,0.00043220,0.00000000,0,0.00000000,36901,36887,37,0.00168132
1773324602.04181504,0.04511877,6269,0.00048982,0.00000000,0,0.00000000,36887,36885,36,0.00084982
1773324602.14192843,0.04699103,6277,0.00047346,0.00000000,0,0.00000000,36885,36861,40,0.00087392
1773324602.24185610,0.02798625,6271,0.00050025,0.00000000,0,0.00000000,36861,36860,30,0.00078798
1773324602.34196162,0.04236721,6262,0.00035449,0.00000000,0,0.00000000,36860,36864,30,0.00422927
1773324602.44181514,0.02961102,6314,0.00013948,0.00000000,0,0.00000000,36864,36867,38,0.00349544
1773324602.54202557,0.02890642,6282,0.00010262,0.00000000,0,0.00000000,36867,36865,31,0.00307028
1773324602.64208770,0.02540364,6217,0.00013231,0.00000000,0,0.00000000,36865,36871,34,0.00279456
1773324602.74192357,0.02575415,6250,0.00011876,0.00000000,0,0.00000000,36871,36864,36,0.00116653
1773324602.84206939,0.02388802,6220,0.00019542,0.00000000,0,0.00000000,36864,36869,42,0.00357695
1773324602.94206381,0.13039184,6235,0.00020615,0.00000000,0,0.00000000,36869,36864,34,0.00109242
1773324603.04207397,0.04598899,6195,0.00039738,0.00000000,0,0.00000000,36864,36871,35,0.00097560
1773324603.14218807,0.04424747,6237,0.00038454,0.00000000,0,0.00000000,36871,36882,34,0.00108032
1773324603.24216843,0.04142974,6234,0.00021812,0.00000000,0,0.00000000,36882,36881,27,0.00104204
1773324603.34225988,0.04847970,6233,0.00066252,0.00000000,0,0.00000000,36881,36870,48,0.00565716
1773324603.44227743,0.04078878,6210,0.00039163,0.00000000,0,0.00000000,36870,36851,25,0.00294220
1773324603.54227996,0.04094241,6235,0.00011622,0.00000000,0,0.00000000,36851,36857,34,0.00278333
1773324603.64240789,0.04192357,6220,0.00034646,0.00000000,0,0.00000000,36857,36865,38,0.00214517
1773324603.74246550,0.04591652,6228,0.00032209,0.00000000,0,0.00000000,36865,36869,37,0.00281136
1773324603.84242225,0.04828304,6249,0.00045047,0.00000000,0,0.00000000,36869,36871,39,0.00411645
1773324603.94244742,0.04797079,6214,0.00057051,0.00000000,0,0.00000000,36871,36864,39,0.00191274
1773324604.04251719,0.04385384,6232,0.00024049,0.00000000,0,0.00000000,36864,36866,24,0.00365609
1773324604.14252472,0.05150109,6214,0.00071723,0.00000000,0,0.00000000,36866,36859,38,0.00409232
1773324604.24257350,0.03035356,6231,0.00031555,0.00000000,0,0.00000000,36859,36872,35,0.00308374
1773324604.34261656,0.02206765,6207,0.00031598,0.00000000,0,0.00000000,36872,36878,33,0.00584899
1773324604.44259858,0.03371147,6234,0.00015424,0.00000000,0,0.00000000,36878,36877,37,0.00195759
1773324604.54267597,0.02797799,6177,0.00018665,0.00000000,0,0.00000000,36877,36884,40,0.00310755
1773324604.64272237,0.02807005,6240,0.00012291,0.00000000,0,0.00000000,36884,36885,44,0.00452605
1773324604.74258351,0.02480323,6208,0.00013732,0.00000000,0,0.00000000,36885,36894,37,0.00111072
1773324604.84261394,0.02529070,6222,0.00011985,0.00000000,0,0.00000000,36894,36884,31,0.00373771
1773324604.94268823,0.02552181,6182,0.00010709,0.00000000,0,0.00000000,36884,36890,31,0.00133783
1773324605.04272819,0.03254751,6119,0.00033123,0.00000000,0,0.00000000,36890,36888,33,0.00130592
1773324605.14161158,0.02871627,6202,0.00027470,0.00000000,0,0.00000000,36888,36884,41,0.00165673
1773324605.24165988,0.02796751,6222,0.00010836,0.00000000,0,0.00000000,36884,36888,39,0.00145916
1773324605.34284186,0.03159807,6170,0.00041515,0.00000000,0,0.00000000,36888,36902,34,0.00130673
1773324605.44279814,0.02894567,6198,0.00016693,0.00000000,0,0.00000000,36902,36905,29,0.00132893
1773324605.54296184,0.04464293,6160,0.00049006,0.00000000,0,0.00000000,36905,36912,35,0.00155643
1773324605.64174771,0.04742832,6194,0.00019603,0.00000000,0,0.00000000,36912,36920,49,0.00110070
1773324605.74181533,0.04060138,6223,0.00041014,0.00000000,0,0.00000000,36920,36928,27,0.00138476
1773324605.84184313,0.04170534,6216,0.00036984,0.00000000,0,0.00000000,36928,36929,30,0.00134887
1773324605.94286418,0.04827535,6212,0.00050643,0.00000000,0,0.00000000,36929,36933,38,0.00340090
1773324606.04295850,0.04965912,6165,0.00031806,0.00000000,0,0.00000000,36933,36933,25,0.00175001
1773324606.14296055,0.04472520,6185,0.00017269,0.00000000,0,0.00000000,36933,36938,33,0.00275679
1773324606.24301219,0.03294881,6171,0.00029405,0.00000000,0,0.00000000,36938,36945,26,0.00270337
1773324606.34211731,0.04348522,6168,0.00040595,0.00000000,0,0.00000000,36945,36955,36,0.00385375
1773324606.44212842,0.03299625,6186,0.00024096,0.00000000,0,0.00000000,36955,36950,35,0.00376681
1773324606.54191804,0.02930463,6184,0.00022619,0.00000000,0,0.00000000,36950,36949,30,0.00353742
1773324606.64198041,0.03203374,6194,0.00064630,0.00000000,0,0.00000000,36949,36960,40,0.00351825
1773324606.74206591,0.03070150,6182,0.00015297,0.00000000,0,0.00000000,36960,36963,28,0.00200269
1773324606.84215832,0.02633052,6157,0.00012390,0.00000000,0,0.00000000,36963,36968,34,0.00328067
1773324606.94160867,0.05394752,6162,0.00043238,0.00000000,0,0.00000000,36968,36970,34,0.00242441
1773324607.04164457,0.02554080,6145,0.00045899,0.00000000,0,0.00000000,36970,36977,28,0.00247352
1773324607.14169216,0.02422133,6140,0.00023205,0.00000000,0,0.00000000,36977,36980,30,0.00198283
1773324607.24167895,0.02377118,6097,0.00020224,0.00000000,0,0.00000000,36980,36975,37,0.00175133
1773324607.34158754,0.02643111,6111,0.00009614,0.00000000,0,0.00000000,36975,36987,32,0.00189801
1773324607.44155335,0.02415952,6095,0.00012507,0.00000000,0,0.00000000,36987,36974,29,0.00121616
1773324607.54162693,0.02715440,6099,0.00019532,0.00000000,0,0.00000000,36974,36981,30,0.00156756
1773324607.64171839,0.03150976,6041,0.00023412,0.00000000,0,0.00000000,36981,36976,37,0.00138761
1773324607.74171853,0.02753003,5990,0.00018037,0.00000000,0,0.00000000,36976,36981,34,0.00196021
1773324607.84182930,0.02774884,5991,0.00022363,0.00000000,0,0.00000000,36981,36973,34,0.00095256
1773324607.94181943,0.02362031,5970,0.00010117,0.00000000,0,0.00000000,36973,36979,32,0.00109251
1773324608.04181623,0.05134581,6006,0.00066475,0.00000000,0,0.00000000,36979,36988,42,0.00383814
1773324608.14189672,0.05304202,5953,0.00040116,0.00000000,0,0.00000000,36988,36986,30,0.00132373
1773324608.24183679,0.04645596,6042,0.00019352,0.00000000,0,0.00000000,36986,36990,33,0.00179579
1773324608.34190083,0.03015104,6019,0.00017913,0.00000000,0,0.00000000,36990,36977,41,0.00117401
1773324608.44201422,0.04040973,6003,0.00020444,0.00000000,0,0.00000000,36977,36986,34,0.00350776
1773324608.54186988,0.03108949,5999,0.00030487,0.00000000,0,0.00000000,36986,36973,35,0.00360968
1773324608.64195967,0.02702167,5978,0.00013003,0.00000000,0,0.00000000,36973,36971,33,0.00334752
1773324608.74191380,0.02412574,6012,0.00016240,0.00000000,0,0.00000000,36971,36977,36,0.00094943
1773324608.84195304,0.03438197,6016,0.00039986,0.00000000,0,0.00000000,36977,36974,30,0.00242178
1773324608.94202423,0.04808490,6017,0.00072361,0.00000000,0,0.00000000,36974,36968,35,0.00132120
1773324609.04220462,0.04891855,5972,0.00027741,0.00000000,0,0.00000000,36968,36972,35,0.00118323
1773324609.14209795,0.04455003,5990,0.00020725,0.00000000,0,0.00000000,36972,36976,36,0.00158147
1773324609.24212503,0.02684252,6061,0.00016951,0.00000000,0,0.00000000,36976,36966,32,0.00164898
1773324609.34229851,0.02259087,5968,0.00008761,0.00000000,0,0.00000000,36966,36972,34,0.00383016
1773324609.44224453,0.03266233,6018,0.00013005,0.00000000,0,0.00000000,36972,36972,31,0.00266115
1773324609.54222775,0.02266177,6030,0.00026044,0.00000000,0,0.00000000,36972,36975,33,0.00217024
1773324609.64237761,0.03107813,6027,0.00015293,0.00000000,0,0.00000000,36975,36988,35,0.00307086
1773324609.74234104,0.02552247,6037,0.00011817,0.00000000,0,0.00000000,36988,36975,32,0.00122720
1773324609.84242225,0.02948260,6083,0.00013410,0.00000000,0,0.00000000,36975,36980,29,0.00332583
1773324609.94251180,0.13093742,6050,0.00048004,0.00000000,0,0.00000000,36980,36978,40,0.00164690
1773324610.04235125,0.05553027,6074,0.00050722,0.00000000,0,0.00000000,36978,36983,29,0.00116307
1773324610.14258122,0.04758033,6029,0.00033276,0.00000000,0,0.00000000,36983,36989,30,0.00133654
1773324610.24248481,0.05168949,6104,0.00046988,0.00000000,0,0.00000000,36989,36981,42,0.00131873
1773324610.34263039,0.04102576,6047,0.00017380,0.00000000,0,0.00000000,36981,36984,39,0.01288793
1773324610.44262934,0.03419331,6039,0.00057757,0.00000000,0,0.00000000,36984,36977,44,0.00483612
1773324610.54253936,0.04137555,6054,0.00038366,0.00000000,0,0.00000000,36977,36982,28,0.00315243
1773324610.64240623,0.02929084,6092,0.00010715,0.00000000,0,0.00000000,36982,36974,34,0.00256794
1773324610.74253798,0.02969759,6080,0.00013981,0.00000000,0,0.00000000,36974,36983,30,0.00436589
1773324610.84275556,0.02352352,6125,0.00032993,0.00000000,0,0.00000000,36983,36965,51,0.00307862
1773324610.94263315,0.03185372,6057,0.00023168,0.00000000,0,0.00000000,36965,36964,37,0.00327710
1773324611.04255033,0.02289914,6044,0.00010789,0.00000000,0,0.00000000,36964,36960,33,0.00115191
1773324611.14267206,0.02686208,6105,0.00011646,0.00000000,0,0.00000000,36960,36965,30,0.00144505
1773324611.24271369,0.04423296,6119,0.00034376,0.00000000,0,0.00000000,36965,36971,31,0.00091426
1773324611.34292674,0.02512337,6084,0.00017908,0.00000000,0,0.00000000,36971,36969,29,0.00219980
1773324611.44185305,0.02620913,6087,0.00007997,0.00000000,0,0.00000000,36969,36976,27,0.00269546
1773324611.54284501,0.02402486,6064,0.00013714,0.00000000,0,0.00000000,36976,36980,35,0.00082505
1773324611.64194083,0.02255713,6086,0.00010325,0.00000000,0,0.00000000,36980,36981,36,0.00306990
1773324611.74190021,0.02515863,6104,0.00018091,0.00000000,0,0.00000000,36981,36991,42,0.00148888
1773324611.84296656,0.03895858,6066,0.00024125,0.00000000,0,0.00000000,36991,37004,32,0.00188596
1773324611.94191742,0.04359216,6045,0.00041833,0.00000000,0,0.00000000,37004,36993,33,0.00093879
1773324612.04188156,0.04794290,6054,0.00038054,0.00000000,0,0.00000000,36993,36992,40,0.00119549
1773324612.14198756,0.03707564,6055,0.00011053,0.00000000,0,0.00000000,36992,36992,37,0.00130456
1773324612.24208617,0.02828099,6017,0.00030029,0.00000000,0,0.00000000,36992,37007,30,0.00220786
1773324612.34193158,0.03737223,6088,0.00037042,0.00000000,0,0.00000000,37007,37011,26,0.00358716
1773324612.44199800,0.02258414,6099,0.00009291,0.00000000,0,0.00000000,37011,37016,33,0.00346918
1773324612.54201317,0.02528235,6084,0.00013215,0.00000000,0,0.00000000,37016,37017,32,0.00210547
1773324612.64220738,0.02070038,6014,0.00007210,0.00000000,0,0.00000000,37017,37023,25,0.00278453
1773324612.74189138,0.02080958,5989,0.00014190,0.00000000,0,0.00000000,37023,37018,32,0.00343968
1773324612.84135318,0.04991324,6117,0.00037251,0.00000000,0,0.00000000,37018,37021,43,0.00110886
1773324612.94207406,0.04255452,6075,0.00049517,0.00000000,0,0.00000000,37021,37029,44,0.00091675
1773324613.04173326,0.05274542,6063,0.00044696,0.00000000,0,0.00000000,37029,37031,29,0.00115338
1773324613.14149857,0.05858878,6085,0.00053329,0.00000000,0,0.00000000,37031,37037,43,0.00132567
1773324613.24187255,0.03700037,6054,0.00013147,0.00000000,0,0.00000000,37037,37047,37,0.00307194
1773324613.34163165,0.03090380,6059,0.00008923,0.00000000,0,0.00000000,37047,37053,28,0.00200591
1773324613.44164896,0.04155016,6123,0.00028633,0.00000000,0,0.00000000,37053,37060,33,0.00287030
1773324613.54173255,0.02184875,6105,0.00007741,0.00000000,0,0.00000000,37060,37067,30,0.00237200
1773324613.64181948,0.02181494,6101,0.00030389,0.00000000,0,0.00000000,37067,37076,33,0.00313061
1773324613.74183917,0.02116120,6103,0.00010134,0.00000000,0,0.00000000,37076,37082,40,0.00108098
1773324613.84192967,0.02462790,6109,0.00011507,0.00000000,0,0.00000000,37082,37089,33,0.00099711
1773324613.94197702,0.04171687,6112,0.00033928,0.00000000,0,0.00000000,37089,37093,27,0.00104009
1773324614.04197931,0.05295332,6073,0.00028028,0.00000000,0,0.00000000,37093,37098,35,0.00117186
1773324614.14191723,0.05125437,6130,0.00045566,0.00000000,0,0.00000000,37098,37098,39,0.00123319
1773324614.24187684,0.04403899,6115,0.00015092,0.00000000,0,0.00000000,37098,37093,43,0.00106054
1773324614.34195828,0.03190104,6130,0.00021406,0.00000000,0,0.00000000,37093,37097,38,0.00284065
1773324614.44203901,0.03754331,6097,0.00034032,0.00000000,0,0.00000000,37097,37103,37,0.00351898
1773324614.54210162,0.02811913,6101,0.00014463,0.00000000,0,0.00000000,37103,37111,34,0.00382331
1773324614.64229846,0.03145632,6084,0.00033546,0.00000000,0,0.00000000,37111,37114,41,0.00460745
1773324614.74220228,0.03161469,6074,0.00014889,0.00000000,0,0.00000000,37114,37118,36,0.00357826
1773324614.84210706,0.02476538,6137,0.00010917,0.00000000,0,0.00000000,37118,37111,29,0.00201168
1773324614.94221258,0.02967784,6114,0.00054328,0.00000000,0,0.00000000,37111,37117,42,0.00118296
1773324615.04223299,0.05422103,6072,0.00031598,0.00000000,0,0.00000000,37117,37119,29,0.00178943
1773324615.14244890,0.04258606,6088,0.00024591,0.00000000,0,0.00000000,37119,37125,46,0.00199105
1773324615.24234486,0.02897415,6115,0.00019348,0.00000000,0,0.00000000,37125,37133,29,0.00172670
1773324615.34236026,0.03901818,6114,0.00029629,0.00000000,0,0.00000000,37133,37134,31,0.00126130
1773324615.44244552,0.03342619,6074,0.00051498,0.00000000,0,0.00000000,37134,37141,29,0.00273058
1773324615.54246998,0.02619107,6103,0.00015220,0.00000000,0,0.00000000,37141,37143,34,0.00168430
1773324615.64253998,0.02261916,6097,0.00008004,0.00000000,0,0.00000000,37143,37151,32,0.00158290
1773324615.74238968,0.02505706,6121,0.00009796,0.00000000,0,0.00000000,37151,37156,32,0.00229959
1773324615.84259295,0.05079366,6140,0.00044695,0.00000000,0,0.00000000,37156,37164,30,0.00250908
1773324615.94257784,0.04960089,6118,0.00019406,0.00000000,0,0.00000000,37164,37159,38,0.00105977
1773324616.04247570,0.04670634,6092,0.00037011,0.00000000,0,0.00000000,37159,37146,38,0.00129808
1773324616.14258885,0.05084960,6121,0.00050527,0.00000000,0,0.00000000,37146,37127,27,0.00192876
1773324616.24259686,0.02379820,6132,0.00017449,0.00000000,0,0.00000000,37127,37124,42,0.00266702
1773324616.34265518,0.02709434,6096,0.00021690,0.00000000,0,0.00000000,37124,37124,31,0.00530996
1773324616.44155049,0.04268102,6143,0.00018416,0.00000000,0,0.00000000,37124,37123,32,0.00314289
1773324616.54271054,0.03256880,6117,0.00015232,0.00000000,0,0.00000000,37123,37119,29,0.00536708
1773324616.64267802,0.02991333,6091,0.00025913,0.00000000,0,0.00000000,37119,37105,35,0.00172493
1773324616.74266028,0.02283229,6121,0.00011627,0.00000000,0,0.00000000,37105,37112,42,0.00149017
1773324616.84283233,0.02246692,6110,0.00010643,0.00000000,0,0.00000000,37112,37121,37,0.00146664
1773324616.94269538,0.11918870,6125,0.00043431,0.00000000,0,0.00000000,37121,37126,31,0.00105672
1773324617.04282522,0.04826013,6120,0.00055878,0.00000000,0,0.00000000,37126,37127,43,0.00175591
1773324617.14288425,0.03471650,6028,0.00044775,0.00000000,0,0.00000000,37127,37128,36,0.00124321
1773324617.24308133,0.02325743,6087,0.00015854,0.00000000,0,0.00000000,37128,37119,31,0.00129271
1773324617.34283400,0.03175925,6140,0.00053300,0.00000000,0,0.00000000,37119,37107,38,0.00392845
1773324617.44291806,0.03832294,6094,0.00021906,0.00000000,0,0.00000000,37107,37105,42,0.00289786
1773324617.54190445,0.02165998,6120,0.00009184,0.00000000,0,0.00000000,37105,37102,33,0.00268156
1773324617.64290023,0.02347010,6050,0.00011134,0.00000000,0,0.00000000,37102,37107,44,0.00286244
1773324617.74193978,0.02248767,6077,0.00009169,0.00000000,0,0.00000000,37107,37115,37,0.00233302
1773324617.84207106,0.02562577,6125,0.00012034,0.00000000,0,0.00000000,37115,37114,40,0.00095409
1773324617.94168377,0.03692966,6143,0.00045330,0.00000000,0,0.00000000,37114,37109,39,0.00109342
1773324618.04204679,0.05245928,6113,0.00051349,0.00000000,0,0.00000000,37109,37115,47,0.00147299
1773324618.14156723,0.04962676,6125,0.00038153,0.00000000,0,0.00000000,37115,37108,31,0.00089478
1773324618.24164104,0.05129069,6129,0.00053127,0.00000000,0,0.00000000,37108,37110,35,0.00172685
1773324618.34176350,0.05225326,6076,0.00032677,0.00000000,0,0.00000000,37110,37106,29,0.00081097
1773324618.44158196,0.05224265,6118,0.00039966,0.00000000,0,0.00000000,37106,37097,27,0.00319663
1773324618.54166651,0.04727911,6138,0.00055267,0.00000000,0,0.00000000,37097,37094,31,0.00205422
1773324618.64173460,0.05143323,6112,0.00077768,0.00000000,0,0.00000000,37094,37106,47,0.00249924
1773324618.74158311,0.05090904,6120,0.00079272,0.00000000,0,0.00000000,37106,37045,45,0.00315305
1773324618.84169245,0.04940162,6108,0.00041409,0.00000000,0,0.00000000,37045,37055,42,0.00258984
1773324618.94172549,0.05591581,6125,0.00043243,0.00000000,0,0.00000000,37055,37056,37,0.00218305
1773324619.04166698,0.10074087,6135,0.00064135,0.00000000,0,0.00000000,37056,37061,32,0.00299785
1773324619.14172721,0.03918580,6130,0.00049723,0.00000000,0,0.00000000,37061,37066,37,0.00153738
1773324619.24182129,0.03544812,6078,0.00043954,0.00000000,0,0.00000000,37066,37067,38,0.00291121
1773324619.34181309,0.05981930,6106,0.00032062,0.00000000,0,0.00000000,37067,37067,49,0.00289337
1773324619.44180417,0.04196447,6083,0.00016341,0.00000000,0,0.00000000,37067,37074,29,0.00405269
1773324619.54186034,0.02807676,6100,0.00020680,0.00000000,0,0.00000000,37074,37084,44,0.00312806
1773324619.64191413,0.02883691,6111,0.00017962,0.00000000,0,0.00000000,37084,37093,30,0.00296974
1773324619.74192977,0.02414695,6121,0.00014828,0.00000000,0,0.00000000,37093,37100,48,0.00126179
1773324619.84208822,0.02574328,6030,0.00012020,0.00000000,0,0.00000000,37100,37105,31,0.00193822
1773324619.94190335,0.04720633,6141,0.00034962,0.00000000,0,0.00000000,37105,37118,41,0.00146061
1773324620.04208398,0.05744205,6082,0.00038804,0.00000000,0,0.00000000,37118,37126,35,0.00142082
1773324620.14240527,0.05422477,6104,0.00044828,0.00000000,0,0.00000000,37126,37123,41,0.00256042
1773324620.24208808,0.03562770,6125,0.00012973,0.00000000,0,0.00000000,37123,37132,44,0.00087134
1773324620.34218216,0.02616965,6079,0.00015954,0.00000000,0,0.00000000,37132,37124,37,0.00083884
1773324620.44211483,0.04397869,6133,0.00027480,0.00000000,0,0.00000000,37124,37108,37,0.00193733
1773324620.54217982,0.02061116,6114,0.00010551,0.00000000,0,0.00000000,37108,37099,37,0.00189211
1773324620.64240479,0.02423806,6117,0.00011850,0.00000000,0,0.00000000,37099,37106,36,0.00274384
1773324620.74235654,0.02368696,6113,0.00009514,0.00000000,0,0.00000000,37106,37114,36,0.00076126
1773324620.84238863,0.02707030,6062,0.00015833,0.00000000,0,0.00000000,37114,37118,35,0.00279824
1773324620.94227314,0.02697580,6107,0.00028833,0.00000000,0,0.00000000,37118,37119,42,0.00315111
1773324621.04248047,0.02468017,6096,0.00012215,0.00000000,0,0.00000000,37119,37121,37,0.00163698
1773324621.14238667,0.02746872,6125,0.00010640,0.00000000,0,0.00000000,37121,37124,31,0.00160043
1773324621.24244022,0.02735076,6084,0.00019103,0.00000000,0,0.00000000,37124,37134,47,0.00121560
1773324621.34251952,0.02512400,6081,0.00010434,0.00000000,0,0.00000000,37134,37128,25,0.00082114
1773324621.44281125,0.02700491,6120,0.00038991,0.00000000,0,0.00000000,37128,37134,37,0.00080439
1773324621.54249263,0.04620353,6094,0.00042909,0.00000000,0,0.00000000,37134,37141,39,0.00077676
1773324621.64258170,0.04311705,6089,0.00046721,0.00000000,0,0.00000000,37141,37148,33,0.00081395
1773324621.74240184,0.04884310,6113,0.00042340,0.00000000,0,0.00000000,37148,37156,36,0.00087222
1773324621.84251213,0.05497694,6084,0.00054803,0.00000000,0,0.00000000,37156,37158,40,0.00136483
1773324621.94254613,0.05420306,6140,0.00052340,0.00000000,0,0.00000000,37158,37162,42,0.00297686
1773324622.04263997,0.05745968,6065,0.00063942,0.00000000,0,0.00000000,37162,37157,46,0.00326719
1773324622.14251471,0.04663093,6081,0.00028681,0.00000000,0,0.00000000,37157,37158,46,0.00309060
1773324622.24260306,0.03440645,6112,0.00027794,0.00000000,0,0.00000000,37158,37147,43,0.00303317
1773324622.34265590,0.04040666,6093,0.00047734,0.00000000,0,0.00000000,37147,37156,52,0.00202197
1773324622.44275331,0.03398547,6138,0.00012595,0.00000000,0,0.00000000,37156,37162,46,0.00222902
1773324622.54287863,0.02666221,6101,0.00016773,0.00000000,0,0.00000000,37162,37109,38,0.00189370
1773324622.64279771,0.02669554,6111,0.00017374,0.00000000,0,0.00000000,37109,37116,45,0.00277182
1773324622.74285913,0.02395616,6108,0.00015233,0.00000000,0,0.00000000,37116,37115,44,0.00121236
1773324622.84179735,0.02881705,6136,0.00017626,0.00000000,0,0.00000000,37115,37119,38,0.00339587
1773324622.94278932,0.11841035,6086,0.00062522,0.00000000,0,0.00000000,37119,37127,53,0.00216721
1773324623.04177332,0.05846227,6137,0.00018946,0.00000000,0,0.00000000,37127,37124,44,0.00116988
1773324623.14289689,0.03431693,6142,0.00051888,0.00000000,0,0.00000000,37124,37101,56,0.00205460
1773324623.24188209,0.03353767,6040,0.00051976,0.00000000,0,0.00000000,37101,37114,47,0.00113826
1773324623.34139562,0.04588178,6123,0.00020593,0.00000000,0,0.00000000,37114,37115,48,0.00535985
1773324623.44191933,0.03378405,6216,0.00025372,0.00000000,0,0.00000000,37115,37121,49,0.00250281
1773324623.54165530,0.03360215,6155,0.00017450,0.00000000,0,0.00000000,37121,37134,44,0.00203633
1773324623.64200497,0.02289395,6121,0.00018081,0.00000000,0,0.00000000,37134,37124,38,0.00331997
1773324623.74160385,0.02502884,6129,0.00011855,0.00000000,0,0.00000000,37124,37136,36,0.00416532
1773324623.84172821,0.02639278,6109,0.00017641,0.00000000,0,0.00000000,37136,37141,40,0.00317608
1773324623.94161868,0.03413023,6121,0.00022140,0.00000000,0,0.00000000,37141,37136,40,0.00143704
1773324624.04153609,0.06268791,6132,0.00020368,0.00000000,0,0.00000000,37136,37140,34,0.00078643
1773324624.14157891,0.04134113,6099,0.00029722,0.00000000,0,0.00000000,37140,37144,43,0.00175839
1773324624.24161935,0.02813212,6093,0.00029772,0.00000000,0,0.00000000,37144,37150,33,0.00080478
1773324624.34160638,0.05091802,6106,0.00020453,0.00000000,0,0.00000000,37150,37152,47,0.00117531
1773324624.44159293,0.03181256,6062,0.00019679,0.00000000,0,0.00000000,37152,37160,48,0.00441763
1773324624.54156041,0.02711842,6137,0.00017760,0.00000000,0,0.00000000,37160,37157,40,0.00351726
1773324624.64168262,0.03333160,6137,0.00021040,0.00000000,0,0.00000000,37157,37152,41,0.00348513
1773324624.74177837,0.02415770,6170,0.00016447,0.00000000,0,0.00000000,37152,37162,46,0.00280361
1773324624.84179664,0.04376010,6099,0.00144034,0.00000000,0,0.00000000,37162,37178,50,0.00143725
1773324624.94170165,0.05116004,6162,0.00033775,0.00000000,0,0.00000000,37178,37176,37,0.00310730
1773324625.04172373,0.05979864,6129,0.00059662,0.00000000,0,0.00000000,37176,37176,39,0.00147896
1773324625.14188981,0.05790651,6121,0.00019324,0.00000000,0,0.00000000,37176,37168,39,0.00231978
1773324625.24193335,0.03112621,6109,0.00032828,0.00000000,0,0.00000000,37168,37177,37,0.00208853
1773324625.34190869,0.03787810,6134,0.00056207,0.00000000,0,0.00000000,37177,37173,36,0.00192623
1773324625.44200325,0.04529622,6139,0.00030045,0.00000000,0,0.00000000,37173,37174,48,0.00300089
1773324625.54200721,0.03268221,6130,0.00018865,0.00000000,0,0.00000000,37174,37174,46,0.00260267
1773324625.64219141,0.02500908,6113,0.00013484,0.00000000,0,0.00000000,37174,37170,42,0.00214640
1773324625.74215817,0.03125667,6108,0.00017000,0.00000000,0,0.00000000,37170,37167,36,0.00148147
1773324625.84209609,0.02378045,6077,0.00012532,0.00000000,0,0.00000000,37167,37169,41,0.00326483
1773324625.94214559,0.05298692,6076,0.00052100,0.00000000,0,0.00000000,37169,37186,43,0.00149388
1773324626.04218888,0.05157297,6079,0.00038735,0.00000000,0,0.00000000,37186,37189,39,0.00148656
1773324626.14253306,0.04165557,6139,0.00011188,0.00000000,0,0.00000000,37189,37199,42,0.00184363
1773324626.24228716,0.02455264,6116,0.00034070,0.00000000,0,0.00000000,37199,37200,45,0.00245613
1773324626.34233880,0.03308870,6103,0.00031549,0.00000000,0,0.00000000,37200,37204,34,0.00292047
1773324626.44243169,0.03704944,6080,0.00014182,0.00000000,0,0.00000000,37204,37214,38,0.00196507
1773324626.54224849,0.03732275,6123,0.00087669,0.00000000,0,0.00000000,37214,37222,45,0.00292728
1773324626.64236593,0.02745599,6135,0.00024774,0.00000000,0,0.00000000,37222,37227,40,0.00322616
1773324626.74241424,0.02520753,6115,0.00014377,0.00000000,0,0.00000000,37227,37236,39,0.00178796
1773324626.84253883,0.03087068,6108,0.00018426,0.00000000,0,0.00000000,37236,37242,49,0.00318754
1773324626.94239902,0.06314346,6134,0.00136865,0.00000000,0,0.00000000,37242,37245,52,0.00174915
1773324627.04256463,0.07723965,6110,0.00034214,0.00000000,0,0.00000000,37245,37242,35,0.00082049
1773324627.14244914,0.06990697,6140,0.00284889,0.00000000,0,0.00000000,37242,37248,45,0.00175878
1773324627.24256587,0.06153492,6148,0.00047424,0.00000000,0,0.00000000,37248,37242,36,0.00102642
1773324627.34259319,0.06714168,6145,0.00073012,0.00000000,0,0.00000000,37242,37239,44,0.00326627
1773324627.44270253,0.05778342,6067,0.00097976,0.00000000,0,0.00000000,37239,37243,45,0.00512907
1773324627.54251909,0.05596220,6157,0.00058515,0.00000000,0,0.00000000,37243,37243,48,0.00511454
1773324627.64279532,0.07197407,6093,0.00039574,0.00000000,0,0.00000000,37243,37246,47,0.00269371
1773324627.74282837,0.07004506,6102,0.00016527,0.00000000,0,0.00000000,37246,37248,50,0.00279584
1773324627.84278488,0.09567674,6116,0.00043528,0.00000000,0,0.00000000,37248,37250,37,0.00254985
1773324627.94278932,0.04179264,6082,0.00033040,0.00000000,0,0.00000000,37250,37256,36,0.00305093
1773324628.04282522,0.06210282,6100,0.00021691,0.00000000,0,0.00000000,37256,37255,45,0.00428996
1773324628.14281321,0.03245491,6151,0.00020211,0.00000000,0,0.00000000,37255,37241,41,0.00505642
1773324628.24285388,0.03307274,6107,0.00022069,0.00000000,0,0.00000000,37241,37245,47,0.00355416
1773324628.34280252,0.05674489,6179,0.00068452,0.00000000,0,0.00000000,37245,37245,41,0.00372815
1773324628.44284368,0.03852045,6155,0.00023573,0.00000000,0,0.00000000,37245,37249,46,0.00246463
1773324628.54290223,0.02948237,6105,0.00021134,0.00000000,0,0.00000000,37249,37248,56,0.00350205
1773324628.64173985,0.02841099,6133,0.00023885,0.00000000,0,0.00000000,37248,37251,40,0.00218058
1773324628.74157429,0.03165011,6124,0.00024931,0.00000000,0,0.00000000,37251,37252,50,0.00078180
1773324628.84164929,0.04402751,6126,0.00040379,0.00000000,0,0.00000000,37252,37259,46,0.00100278
1773324628.94178200,0.03003285,6091,0.00069100,0.00000000,0,0.00000000,37259,37269,51,0.00098068
1773324629.04173374,0.03980826,6130,0.00042305,0.00000000,0,0.00000000,37269,37277,50,0.00261026
1773324629.14176869,0.03509219,6077,0.00020650,0.00000000,0,0.00000000,37277,37265,33,0.00130276
1773324629.24164629,0.02637945,6098,0.00018489,0.00000000,0,0.00000000,37265,37273,39,0.00377057
1773324629.34170175,0.02947768,6099,0.00018806,0.00000000,0,0.00000000,37273,37274,44,0.00202907
1773324629.44163394,0.03486563,6069,0.00019194,0.00000000,0,0.00000000,37274,37276,39,0.00089047
1773324629.54153705,0.03150379,6121,0.00013401,0.00000000,0,0.00000000,37276,37286,42,0.00081461
1773324629.64165878,0.02865090,6085,0.00033191,0.00000000,0,0.00000000,37286,37293,40,0.00317649
1773324629.74160695,0.05510234,6136,0.00020701,0.00000000,0,0.00000000,37293,37294,41,0.00151655
1773324629.84171581,0.03997173,6133,0.00021785,0.00000000,0,0.00000000,37294,37306,44,0.00258234
1773324629.94158316,0.04170787,6146,0.00027161,0.00000000,0,0.00000000,37306,37309,46,0.00175125
1773324630.04166961,0.03588191,6174,0.00030850,0.00000000,0,0.00000000,37309,37292,60,0.00214680
1773324630.14178467,0.03788037,6146,0.00018553,0.00000000,0,0.00000000,37292,37304,34,0.00475259
1773324630.24231362,0.03550198,6176,0.00030541,0.00000000,0,0.00000000,37304,37302,52,0.00207253
1773324630.34173155,0.03802622,6133,0.00016603,0.00000000,0,0.00000000,37302,37308,35,0.00166619
1773324630.44184041,0.04756060,6126,0.00046999,0.00000000,0,0.00000000,37308,37318,47,0.00414541
1773324630.54190087,0.02785867,6131,0.00018248,0.00000000,0,0.00000000,37318,37302,39,0.00127494
1773324630.64200330,0.02695723,6133,0.00028506,0.00000000,0,0.00000000,37302,37305,56,0.00117301
1773324630.74215746,0.02666445,6103,0.00027580,0.00000000,0,0.00000000,37305,37304,35,0.00113938
1773324630.84205198,0.02356033,6096,0.00016144,0.00000000,0,0.00000000,37304,37305,57,0.00184148
1773324630.94208598,0.02723733,6082,0.00057486,0.00000000,0,0.00000000,37305,37300,47,0.00087120
1773324631.04212475,0.02887886,6048,0.00023440,0.00000000,0,0.00000000,37300,37301,31,0.00199105
1773324631.14207006,0.02749255,6116,0.00018887,0.00000000,0,0.00000000,37301,37308,39,0.00083016
1773324631.24214792,0.02268327,6108,0.00012698,0.00000000,0,0.00000000,37308,37313,37,0.00156734
1773324631.34217501,0.02871292,6091,0.00026725,0.00000000,0,0.00000000,37313,37296,35,0.00115018
1773324631.44216943,0.02703711,6076,0.00048325,0.00000000,0,0.00000000,37296,37286,61,0.00159740
1773324631.54222894,0.02809276,6091,0.00016369,0.00000000,0,0.00000000,37286,37288,49,0.00079964
1773324631.64228630,0.03731475,6141,0.00049481,0.00000000,0,0.00000000,37288,37291,40,0.00166977
1773324631.74241614,0.03104181,6082,0.00037811,0.00000000,0,0.00000000,37291,37286,50,0.00082632
1773324631.84244466,0.02376121,6087,0.00016076,0.00000000,0,0.00000000,37286,37287,38,0.00238672
1773324631.94235110,0.03210858,6093,0.00021041,0.00000000,0,0.00000000,37287,37281,37,0.00164423
1773324632.04241776,0.04745703,6112,0.00074926,0.00000000,0,0.00000000,37281,37289,44,0.00531013
1773324632.14238763,0.05034057,6110,0.00015554,0.00000000,0,0.00000000,37289,37290,53,0.00222467
1773324632.24255967,0.03136382,6122,0.00024402,0.00000000,0,0.00000000,37290,37292,45,0.00096221
1773324632.34242392,0.03308314,6084,0.00049516,0.00000000,0,0.00000000,37292,37300,52,0.00108606
1773324632.44252157,0.04253220,6105,0.00016333,0.00000000,0,0.00000000,37300,37304,51,0.00313437
1773324632.54258966,0.02609708,6107,0.00012355,0.00000000,0,0.00000000,37304,37293,34,0.00295806
1773324632.64251995,0.03002960,6135,0.00014253,0.00000000,0,0.00000000,37293,37297,50,0.00315540
1773324632.74267054,0.02820898,6081,0.00012318,0.00000000,0,0.00000000,37297,37298,43,0.00467199
1773324632.84250093,0.02885219,6137,0.00020302,0.00000000,0,0.00000000,37298,37300,53,0.00248110
1773324632.94251132,0.09174265,6072,0.00018563,0.00000000,0,0.00000000,37300,37303,42,0.00230888
1773324633.04158378,0.02557559,6143,0.00011458,0.00000000,0,0.00000000,37303,37288,30,0.00076859
1773324633.14268589,0.01990606,6078,0.00017317,0.00000000,0,0.00000000,37288,37279,51,0.00156222
1773324633.24160886,0.02626578,6113,0.00020144,0.00000000,0,0.00000000,37279,37266,47,0.00078984
1773324633.34264994,0.02360921,6112,0.00012807,0.00000000,0,0.00000000,37266,37276,37,0.00081060
1773324633.44273448,0.06940387,6072,0.00042715,0.00000000,0,0.00000000,37276,37282,37,0.00077432
1773324633.54173207,0.03988894,6138,0.00351781,0.00000000,0,0.00000000,37282,37293,48,0.00078119
1773324633.64174056,0.03830009,6099,0.00025845,0.00000000,0,0.00000000,37293,37286,45,0.00150648
1773324633.74279594,0.02656643,6111,0.00023546,0.00000000,0,0.00000000,37286,37291,43,0.00135681
1773324633.84180236,0.02612570,6151,0.00016511,0.00000000,0,0.00000000,37291,37294,45,0.00285320
1773324633.94302917,0.02983486,6113,0.00016990,0.00000000,0,0.00000000,37294,37297,41,0.00178681
1773324634.04289365,0.02776800,6134,0.00028675,0.00000000,0,0.00000000,37297,37286,55,0.00186958
1773324634.14288020,0.04609821,6053,0.00020234,0.00000000,0,0.00000000,37286,37281,50,0.00122653
1773324634.24123907,0.04556042,6194,0.00087821,0.00000000,0,0.00000000,37281,37275,49,0.00091066
1773324634.34290051,0.01941253,6143,0.00009105,0.00000000,0,0.00000000,37275,37275,35,0.00087237
1773324634.44303012,0.02278283,6092,0.00011750,0.00000000,0,0.00000000,37275,37282,46,0.00085635
1773324634.54197907,0.02537020,6131,0.00047378,0.00000000,0,0.00000000,37282,37283,50,0.00245677
1773324634.64217329,0.02473706,6135,0.00017514,0.00000000,0,0.00000000,37283,37283,36,0.00079796
1773324634.74213934,0.04503396,6112,0.00040755,0.00000000,0,0.00000000,37283,37287,36,0.00095236
1773324634.84206223,0.04867719,6061,0.00056423,0.00000000,0,0.00000000,37287,37294,48,0.00081507
1773324634.94164252,0.05264565,6148,0.00137064,0.00000000,0,0.00000000,37294,37295,37,0.00168466
1773324635.04207635,0.04663604,6125,0.00083833,0.00000000,0,0.00000000,37295,37306,54,0.00088747
1773324635.14211464,0.04754533,6082,0.00040899,0.00000000,0,0.00000000,37306,37311,48,0.00243582
1773324635.24159932,0.02378256,6101,0.00010934,0.00000000,0,0.00000000,37311,37306,38,0.00114386
1773324635.34169555,0.02481387,6109,0.00023600,0.00000000,0,0.00000000,37306,37315,39,0.00245675
1773324635.44176006,0.04144546,6107,0.00027283,0.00000000,0,0.00000000,37315,37326,65,0.00463830
1773324635.54166126,0.02075501,6067,0.00011965,0.00000000,0,0.00000000,37326,37334,55,0.00231724
1773324635.64156699,0.02111788,6101,0.00012159,0.00000000,0,0.00000000,37334,37346,40,0.00158611
1773324635.74156952,0.01697682,6132,0.00010241,0.00000000,0,0.00000000,37346,37345,40,0.00098674
1773324635.84164715,0.03167985,6121,0.00053872,0.00000000,0,0.00000000,37345,37336,43,0.00194208
1773324635.94171548,0.04471862,6106,0.00053505,0.00000000,0,0.00000000,37336,37326,41,0.00097029
1773324636.04181004,0.04704677,6115,0.00041865,0.00000000,0,0.00000000,37326,37332,43,0.00179202
1773324636.14180565,0.05245709,6098,0.00016164,0.00000000,0,0.00000000,37332,37334,43,0.00139618
1773324636.24172282,0.02544070,6116,0.00018156,0.00000000,0,0.00000000,37334,37344,47,0.00094040
1773324636.34182739,0.02574644,6100,0.00021390,0.00000000,0,0.00000000,37344,37321,37,0.00226851
1773324636.44186449,0.04437123,6077,0.00021050,0.00000000,0,0.00000000,37321,37324,32,0.00501870
1773324636.54179311,0.02641824,6132,0.00016614,0.00000000,0,0.00000000,37324,37329,41,0.00223245
1773324636.64242435,0.01955163,6087,0.00009769,0.00000000,0,0.00000000,37329,37337,38,0.00217752
1773324636.74199653,0.01895307,6107,0.00013302,0.00000000,0,0.00000000,37337,37333,43,0.00114926
1773324636.84193230,0.01756794,6102,0.00015105,0.00000000,0,0.00000000,37333,37326,52,0.00181282
1773324636.94203639,0.04950590,6126,0.00044711,0.00000000,0,0.00000000,37326,37328,41,0.00185967
1773324637.04207492,0.04599817,6117,0.00109748,0.00000000,0,0.00000000,37328,37339,43,0.00080625
1773324637.14232516,0.04813793,6118,0.00044504,0.00000000,0,0.00000000,37339,37352,42,0.00094064
1773324637.24217677,0.01986369,6065,0.00010710,0.00000000,0,0.00000000,37352,37350,35,0.00086148
1773324637.34206414,0.02549586,6133,0.00020137,0.00000000,0,0.00000000,37350,37349,51,0.00194289
1773324637.44211268,0.03246200,6136,0.00013799,0.00000000,0,0.00000000,37349,37352,37,0.00419977
1773324637.54224896,0.01793743,6115,0.00017860,0.00000000,0,0.00000000,37352,37351,34,0.00233910
1773324637.64233303,0.01999124,6138,0.00021701,0.00000000,0,0.00000000,37351,37353,50,0.00251742
1773324637.74242115,0.03512518,6080,0.00009502,0.00000000,0,0.00000000,37353,37359,35,0.00135886
1773324637.84224224,0.02774586,6120,0.00021551,0.00000000,0,0.00000000,37359,37314,34,0.00182382
1773324637.94243073,0.06198204,6051,0.00110037,0.00000000,0,0.00000000,37314,37301,39,0.00084843
1773324638.04234743,0.06015492,6096,0.00039261,0.00000000,0,0.00000000,37301,37305,39,0.00077179
1773324638.14244628,0.06191009,6060,0.00135073,0.00000000,0,0.00000000,37305,37307,37,0.00157072
1773324638.24237704,0.04400947,6029,0.00017347,0.00000000,0,0.00000000,37307,37294,43,0.00086970
1773324638.34228945,0.03129873,6124,0.00039463,0.00000000,0,0.00000000,37294,37289,46,0.00383285
1773324638.44252467,0.03297617,6053,0.00031388,0.00000000,0,0.00000000,37289,37283,37,0.00426285
1773324638.54235554,0.05438472,6118,0.00027070,0.00000000,0,0.00000000,37283,37284,37,0.00301494
1773324638.64250302,0.02405167,6068,0.00012187,0.00000000,0,0.00000000,37284,37292,30,0.00369289
1773324638.74252343,0.02239979,6074,0.00027952,0.00000000,0,0.00000000,37292,37291,44,0.00286276
1773324638.84255242,0.03127669,6088,0.00020072,0.00000000,0,0.00000000,37291,37297,42,0.00097045
1773324638.94259095,0.03327579,6089,0.00057760,0.00000000,0,0.00000000,37297,37289,51,0.00192833
1773324639.04257965,0.04946209,6080,0.00079647,0.00000000,0,0.00000000,37289,37280,49,0.00085964
1773324639.14174008,0.05295442,6095,0.00061735,0.00000000,0,0.00000000,37280,37279,57,0.00178294
1773324639.24265218,0.02183284,6113,0.00018564,0.00000000,0,0.00000000,37279,37258,45,0.00090237
1773324639.34175277,0.03571641,6101,0.00013368,0.00000000,0,0.00000000,37258,37250,42,0.00112050
1773324639.44270444,0.02240031,6078,0.00018081,0.00000000,0,0.00000000,37250,37248,43,0.00130642
1773324639.54276228,0.02468289,6114,0.00020638,0.00000000,0,0.00000000,37248,37236,46,0.00292894
1773324639.64282274,0.02634419,6089,0.00015326,0.00000000,0,0.00000000,37236,37243,43,0.00119612
1773324639.74190307,0.02361921,6120,0.00025954,0.00000000,0,0.00000000,37243,37246,53,0.00270895
1773324639.84281754,0.04747450,6085,0.00062939,0.00000000,0,0.00000000,37246,37255,53,0.00084037
1773324639.94286942,0.05208338,6069,0.00079220,0.00000000,0,0.00000000,37255,37260,38,0.00156813
1773324640.04193950,0.07766605,6090,0.00055626,0.00000000,0,0.00000000,37260,37248,48,0.00093553
1773324640.14209461,0.09849461,6117,0.00300805,0.00000000,0,0.00000000,37248,37236,52,0.00108035
1773324640.24205923,0.10019232,6094,0.00359345,0.00000000,0,0.00000000,37236,37252,40,0.00246774
1773324640.34191084,0.06842318,6097,0.00263941,0.00000000,0,0.00000000,37252,37255,31,0.00334995
1773324640.44204426,0.05896878,6075,0.00076377,0.00000000,0,0.00000000,37255,37268,45,0.00506174
1773324640.54157782,0.06750818,6043,0.00011418,0.00000000,0,0.00000000,37268,37268,35,0.00297429
1773324640.64167547,0.02910357,6084,0.00011881,0.00000000,0,0.00000000,37268,37275,39,0.00489327
1773324640.74153900,0.02747332,6065,0.00017620,0.00000000,0,0.00000000,37275,37272,42,0.00680544
1773324640.84161115,0.02590790,6126,0.00014467,0.00000000,0,0.00000000,37272,37274,49,0.00121415
1773324640.94162798,0.03094433,6036,0.00036320,0.00000000,0,0.00000000,37274,37269,49,0.00449712
1773324641.04159069,0.03180518,6055,0.00012682,0.00000000,0,0.00000000,37269,37271,45,0.00489529
1773324641.14155531,0.02586978,6103,0.00012197,0.00000000,0,0.00000000,37271,37272,38,0.00175902
1773324641.24157333,0.02809943,6074,0.00011246,0.00000000,0,0.00000000,37272,37273,38,0.00094312
1773324641.34185839,0.02427822,6071,0.00024730,0.00000000,0,0.00000000,37273,37281,25,0.00107921
1773324641.44154501,0.02769632,6078,0.00024494,0.00000000,0,0.00000000,37281,37290,41,0.00150523
1773324641.54167318,0.03122762,6078,0.00021377,0.00000000,0,0.00000000,37290,37288,39,0.00085538
1773324641.64190626,0.03430649,6048,0.00012959,0.00000000,0,0.00000000,37288,37294,42,0.00204490
1773324641.74170923,0.02943302,6089,0.00010240,0.00000000,0,0.00000000,37294,37296,38,0.00089786
1773324641.84180069,0.02843985,6066,0.00017995,0.00000000,0,0.00000000,37296,37298,41,0.00083328
1773324641.94189548,0.02938977,5998,0.00023381,0.00000000,0,0.00000000,37298,37306,55,0.00155205
1773324642.04172611,0.02888936,6064,0.00027359,0.00000000,0,0.00000000,37306,37305,42,0.00219501
1773324642.14189625,0.04665389,6058,0.00025507,0.00000000,0,0.00000000,37305,37273,55,0.00076564
1773324642.24191928,0.03943457,6085,0.00044990,0.00000000,0,0.00000000,37273,37263,32,0.00164745
1773324642.34200907,0.02046658,6005,0.00013495,0.00000000,0,0.00000000,37263,37266,40,0.00196557
1773324642.44203782,0.02252390,6062,0.00018799,0.00000000,0,0.00000000,37266,37257,37,0.00098824
1773324642.54191256,0.02180409,6049,0.00031537,0.00000000,0,0.00000000,37257,37261,40,0.00315376
1773324642.64242935,0.02744543,6100,0.00010008,0.00000000,0,0.00000000,37261,37265,34,0.00099582
1773324642.74214315,0.04122811,6059,0.00071732,0.00000000,0,0.00000000,37265,37273,38,0.00093500
1773324642.84217930,0.07311538,6029,0.00049178,0.00000000,0,0.00000000,37273,37279,37,0.00112980
1773324642.94210005,0.05918134,6029,0.00071955,0.00000000,0,0.00000000,37279,37290,54,0.00343734
1773324643.04216385,0.05919546,6064,0.00094241,0.00000000,0,0.00000000,37290,37281,40,0.00104598
1773324643.14232183,0.07371797,6028,0.00074686,0.00000000,0,0.00000000,37281,37287,47,0.00093939
1773324643.24218392,0.06525807,6028,0.00082991,0.00000000,0,0.00000000,37287,37277,52,0.00500649
1773324643.34234786,0.03609822,6059,0.00021830,0.00000000,0,0.00000000,37277,37286,39,0.00198729
1773324643.44236064,0.02824867,5999,0.00026974,0.00000000,0,0.00000000,37286,37293,34,0.00567665
1773324643.54231477,0.04365401,6111,0.00060825,0.00000000,0,0.00000000,37293,37305,47,0.00397977
1773324643.64239144,0.04334026,6031,0.00021228,0.00000000,0,0.00000000,37305,37319,44,0.00332631
1773324643.74240398,0.02530579,6057,0.00017508,0.00000000,0,0.00000000,37319,37325,43,0.00295549
1773324643.84242153,0.03228086,6006,0.00016129,0.00000000,0,0.00000000,37325,37331,41,0.00430477
1773324643.94171524,0.03751715,6022,0.00040020,0.00000000,0,0.00000000,37331,37330,43,0.00386896
1773324644.04235172,0.02580972,6039,0.00014569,0.00000000,0,0.00000000,37330,37323,41,0.00619365
1773324644.14247274,0.02498135,6038,0.00024371,0.00000000,0,0.00000000,37323,37329,50,0.00089124
1773324644.24252415,0.02517346,6048,0.00024313,0.00000000,0,0.00000000,37329,37317,44,0.00107106
1773324644.34237885,0.03867737,5991,0.00015778,0.00000000,0,0.00000000,37317,37315,36,0.00134731
1773324644.44251728,0.05094300,6065,0.00051217,0.00000000,0,0.00000000,37315,37325,49,0.00194499
1773324644.54265833,0.02658078,6003,0.00022090,0.00000000,0,0.00000000,37325,37327,43,0.00159046
1773324644.64250255,0.02398848,6042,0.00022791,0.00000000,0,0.00000000,37327,37335,47,0.00098452
1773324644.74273705,0.03467488,6041,0.00025744,0.00000000,0,0.00000000,37335,37341,48,0.00271667
1773324644.84276152,0.02811517,5993,0.00077500,0.00000000,0,0.00000000,37341,37354,49,0.00182771
1773324644.94166040,0.02704631,6035,0.00025356,0.00000000,0,0.00000000,37354,37355,37,0.00086805
1773324645.04262757,0.04573507,6026,0.00034114,0.00000000,0,0.00000000,37355,37358,27,0.00089870
1773324645.14267111,0.04443594,6017,0.00040912,0.00000000,0,0.00000000,37358,37364,42,0.00166746
1773324645.24272442,0.04629149,6015,0.00046735,0.00000000,0,0.00000000,37364,37366,35,0.00080961
1773324645.34282732,0.03079887,6051,0.00044008,0.00000000,0,0.00000000,37366,37375,44,0.00086793
1773324645.44288373,0.04598289,5989,0.00075020,0.00000000,0,0.00000000,37375,37335,50,0.00395989
1773324645.54183483,0.02753358,6045,0.00014051,0.00000000,0,0.00000000,37335,37336,33,0.00285737
1773324645.64279270,0.01750810,5969,0.00008760,0.00000000,0,0.00000000,37336,37340,41,0.00175463
1773324645.74187613,0.03182488,6066,0.00014106,0.00000000,0,0.00000000,37340,37332,41,0.00375765
1773324645.84200978,0.02195735,6005,0.00026420,0.00000000,0,0.00000000,37332,37331,37,0.00079228
1773324645.94195390,0.04132988,6014,0.00052005,0.00000000,0,0.00000000,37331,37339,42,0.00153538
1773324646.04164433,0.05064771,6021,0.00041542,0.00000000,0,0.00000000,37339,37347,37,0.00086212
1773324646.14203262,0.04583960,5999,0.00048926,0.00000000,0,0.00000000,37347,37348,43,0.00090656
1773324646.24168515,0.04207498,6023,0.00037478,0.00000000,0,0.00000000,37348,37307,47,0.00083036
1773324646.34158874,0.03044206,6040,0.00020834,0.00000000,0,0.00000000,37307,37311,35,0.00100185
1773324646.44169760,0.02130774,6017,0.00017891,0.00000000,0,0.00000000,37311,37308,49,0.00407620
1773324646.54158878,0.03698199,5998,0.00014574,0.00000000,0,0.00000000,37308,37312,31,0.00441097
1773324646.64169908,0.02324703,6000,0.00061598,0.00000000,0,0.00000000,37312,37277,44,0.00343994
1773324646.74166059,0.02618317,5987,0.00028700,0.00000000,0,0.00000000,37277,37248,33,0.00326589
1773324646.84170389,0.02281378,6007,0.00012591,0.00000000,0,0.00000000,37248,37257,33,0.00179780
1773324646.94244361,0.02695117,5982,0.00023801,0.00000000,0,0.00000000,37257,37259,40,0.00191859
1773324647.04171872,0.04663473,6051,0.00032263,0.00000000,0,0.00000000,37259,37259,38,0.00130475
1773324647.14162207,0.04592426,5971,0.00037681,0.00000000,0,0.00000000,37259,37267,33,0.00155942
1773324647.24168277,0.05267023,6065,0.00095846,0.00000000,0,0.00000000,37267,37236,46,0.00079879
1773324647.34174514,0.03258800,6020,0.00024811,0.00000000,0,0.00000000,37236,37241,32,0.00085224
1773324647.44180107,0.03957284,6005,0.00031856,0.00000000,0,0.00000000,37241,37219,39,0.00212741
1773324647.54175138,0.02915890,6015,0.00010348,0.00000000,0,0.00000000,37219,37212,32,0.00200840
1773324647.64183092,0.02063330,5992,0.00018742,0.00000000,0,0.00000000,37212,37207,39,0.00363794
1773324647.74184394,0.02948826,6048,0.00015709,0.00000000,0,0.00000000,37207,37214,38,0.00095111
1773324647.84189892,0.02280864,5981,0.00014654,0.00000000,0,0.00000000,37214,37217,34,0.00200675
1773324647.94186544,0.12910796,6036,0.00022266,0.00000000,0,0.00000000,37217,37217,40,0.00073777
1773324648.04202199,0.05442612,6023,0.00036038,0.00000000,0,0.00000000,37217,37217,37,0.00077789
1773324648.14240670,0.05101926,6018,0.00073309,0.00000000,0,0.00000000,37217,37206,50,0.00148054
1773324648.24207711,0.04387427,6061,0.00019368,0.00000000,0,0.00000000,37206,37206,40,0.00114522
1773324648.34204149,0.02668216,6008,0.00036969,0.00000000,0,0.00000000,37206,37200,38,0.00123979
1773324648.44202375,0.02849107,6045,0.00045361,0.00000000,0,0.00000000,37200,37199,49,0.00262009
1773324648.54222822,0.04577935,6055,0.00020634,0.00000000,0,0.00000000,37199,37208,34,0.00268691
1773324648.64216352,0.03394309,6101,0.00025038,0.00000000,0,0.00000000,37208,37217,47,0.00331122
1773324648.74233174,0.03184944,6057,0.00016742,0.00000000,0,0.00000000,37217,37220,37,0.00315560
1773324648.84214354,0.02588872,6035,0.00027483,0.00000000,0,0.00000000,37220,37226,50,0.00315489
1773324648.94216824,0.02863561,6037,0.00012818,0.00000000,0,0.00000000,37226,37233,36,0.00132394
1773324649.04225254,0.02253159,6053,0.00011542,0.00000000,0,0.00000000,37233,37235,43,0.00134251
1773324649.14241362,0.02553001,6021,0.00011861,0.00000000,0,0.00000000,37235,37238,35,0.00148203
1773324649.24249411,0.02441028,6017,0.00036150,0.00000000,0,0.00000000,37238,37238,40,0.00089334
1773324649.34244347,0.03343997,6047,0.00007524,0.00000000,0,0.00000000,37238,37242,32,0.00156207
1773324649.44252491,0.02602940,6000,0.00015436,0.00000000,0,0.00000000,37242,37251,42,0.00313366
1773324649.54240608,0.02686655,6050,0.00012079,0.00000000,0,0.00000000,37251,37253,29,0.00165629
1773324649.64251041,0.02419225,6078,0.00021369,0.00000000,0,0.00000000,37253,37259,32,0.00177286
1773324649.74259400,0.02492848,6016,0.00013264,0.00000000,0,0.00000000,37259,37248,37,0.00184658
1773324649.84256458,0.03866838,6036,0.00038961,0.00000000,0,0.00000000,37248,37254,39,0.00079506
1773324649.94258237,0.04177124,6018,0.00042918,0.00000000,0,0.00000000,37254,37254,34,0.00076862
1773324650.04251409,0.04859058,6058,0.00016353,0.00000000,0,0.00000000,37254,37259,39,0.00089330
1773324650.14258337,0.05235362,6006,0.00054964,0.00000000,0,0.00000000,37259,37263,45,0.00084790
1773324650.24245954,0.03567305,6041,0.00016557,0.00000000,0,0.00000000,37263,37245,48,0.00225200
1773324650.34255672,0.03200295,6020,0.00018343,0.00000000,0,0.00000000,37245,37244,45,0.00279607
1773324650.44264340,0.04129098,6030,0.00042091,0.00000000,0,0.00000000,37244,37251,37,0.00221136
1773324650.54273844,0.02480300,5988,0.00015546,0.00000000,0,0.00000000,37251,37256,44,0.00287263
1773324650.64262700,0.02595082,6060,0.00062573,0.00000000,0,0.00000000,37256,37263,47,0.00444475
1773324650.74285722,0.03034909,5980,0.00016121,0.00000000,0,0.00000000,37263,37270,34,0.00149698
1773324650.84269953,0.05259221,6014,0.00021878,0.00000000,0,0.00000000,37270,37271,44,0.00159517
1773324650.94277573,0.01942745,5987,0.00013627,0.00000000,0,0.00000000,37271,37270,51,0.00196867
1773324651.04176211,0.04384023,6020,0.00046995,0.00000000,0,0.00000000,37270,37273,35,0.00168167
1773324651.14280343,0.04035058,5968,0.00067876,0.00000000,0,0.00000000,37273,37285,45,0.00135195
1773324651.24186444,0.02617362,6090,0.00010481,0.00000000,0,0.00000000,37285,37281,35,0.00129437
1773324651.34186411,0.02472516,5978,0.00017570,0.00000000,0,0.00000000,37281,37270,53,0.00078456
1773324651.44153142,0.02183286,6040,0.00013755,0.00000000,0,0.00000000,37270,37277,32,0.00307484
1773324651.54157400,0.01856878,6056,0.00010392,0.00000000,0,0.00000000,37277,37276,37,0.00240160
1773324651.64162302,0.02178166,6071,0.00009358,0.00000000,0,0.00000000,37276,37282,37,0.00230132
1773324651.74164152,0.02291094,6087,0.00018941,0.00000000,0,0.00000000,37282,37287,35,0.00279344
1773324651.84167171,0.03549121,6057,0.00040616,0.00000000,0,0.00000000,37287,37293,44,0.00083902
1773324651.94176388,0.03583994,6013,0.00040767,0.00000000,0,0.00000000,37293,37288,31,0.00164609
1773324652.04157829,0.04097566,6002,0.00043312,0.00000000,0,0.00000000,37288,37295,51,0.00156980
1773324652.14163542,0.03913820,5946,0.00041427,0.00000000,0,0.00000000,37295,37301,37,0.00098496
1773324652.24162245,0.03091697,5942,0.00010910,0.00000000,0,0.00000000,37301,37299,35,0.00174812
1773324652.34155273,0.02307126,5919,0.00030296,0.00000000,0,0.00000000,37299,37288,36,0.00220384
1773324652.44160414,0.02253851,5936,0.00018515,0.00000000,0,0.00000000,37288,37276,37,0.00285045
1773324652.54170156,0.05083234,5883,0.00027642,0.00000000,0,0.00000000,37276,37257,37,0.00199625
1773324652.64158535,0.02186505,5920,0.00014229,0.00000000,0,0.00000000,37257,37268,35,0.00260322
1773324652.74159384,0.02057347,5936,0.00019321,0.00000000,0,0.00000000,37268,37251,40,0.00087287
1773324652.84164524,0.01784746,6009,0.00009086,0.00000000,0,0.00000000,37251,37263,44,0.00120025
1773324652.94173217,0.04343013,5983,0.00012365,0.00000000,0,0.00000000,37263,37273,40,0.00317816
1773324653.04187107,0.04602495,5958,0.00039697,0.00000000,0,0.00000000,37273,37277,43,0.00098122
1773324653.14170289,0.03505578,5956,0.00016653,0.00000000,0,0.00000000,37277,37286,30,0.00088326
1773324653.24187326,0.02512064,5930,0.00013767,0.00000000,0,0.00000000,37286,37285,36,0.00132480
1773324653.34176159,0.02657588,5934,0.00015788,0.00000000,0,0.00000000,37285,37285,37,0.00336645
1773324653.44182229,0.03256856,5986,0.00018180,0.00000000,0,0.00000000,37285,37274,34,0.00266353
1773324653.54184937,0.02264925,5927,0.00019106,0.00000000,0,0.00000000,37274,37275,30,0.00325312
1773324653.64195108,0.02026816,5938,0.00014189,0.00000000,0,0.00000000,37275,37264,40,0.00289430
1773324653.74204540,0.02798541,5982,0.00015553,0.00000000,0,0.00000000,37264,37269,38,0.00101792
1773324653.84209418,0.02761538,5951,0.00020034,0.00000000,0,0.00000000,37269,37273,36,0.00421372
1773324653.94206214,0.03044158,5997,0.00034968,0.00000000,0,0.00000000,37273,37273,30,0.00105828
1773324654.04201651,0.03332187,6032,0.00034709,0.00000000,0,0.00000000,37273,37275,34,0.00075867
1773324654.14217424,0.03763173,6005,0.00012111,0.00000000,0,0.00000000,37275,37273,35,0.00351456
1773324654.24212050,0.02028979,6038,0.00010529,0.00000000,0,0.00000000,37273,37277,33,0.00097582
1773324654.34219122,0.02830828,6018,0.00007952,0.00000000,0,0.00000000,37277,37282,35,0.00099966
1773324654.44226146,0.02076302,5979,0.00017089,0.00000000,0,0.00000000,37282,37290,36,0.00203930
1773324654.54224634,0.02054868,6035,0.00010691,0.00000000,0,0.00000000,37290,37299,33,0.00221677
1773324654.64236760,0.02067203,6039,0.00011734,0.00000000,0,0.00000000,37299,37306,48,0.00096487
1773324654.74237657,0.03350133,6047,0.00046571,0.00000000,0,0.00000000,37306,37314,46,0.00275590
1773324654.84238911,0.03268472,5962,0.00052820,0.00000000,0,0.00000000,37314,37317,52,0.00080759
1773324654.94233155,0.04082060,6005,0.00040813,0.00000000,0,0.00000000,37317,37324,39,0.00078980
1773324655.04244304,0.04291609,6030,0.00012490,0.00000000,0,0.00000000,37324,37329,35,0.00080506
1773324655.14244485,0.01715069,6033,0.00015004,0.00000000,0,0.00000000,37329,37329,42,0.00209954
1773324655.24259663,0.01852859,6046,0.00017043,0.00000000,0,0.00000000,37329,37326,40,0.00078947
1773324655.34259820,0.01878037,6052,0.00009895,0.00000000,0,0.00000000,37326,37327,44,0.00224577
1773324655.44263172,0.01879620,6038,0.00008261,0.00000000,0,0.00000000,37327,37334,36,0.00173358
1773324655.54254484,0.02066385,6071,0.00007469,0.00000000,0,0.00000000,37334,37336,26,0.00223490
1773324655.64253664,0.02014784,6074,0.00013046,0.00000000,0,0.00000000,37336,37327,47,0.00078129
1773324655.74265504,0.03355343,6061,0.00040005,0.00000000,0,0.00000000,37327,37333,43,0.00262470
1773324655.84265161,0.02560688,6055,0.00033459,0.00000000,0,0.00000000,37333,37332,37,0.00095888
1773324655.94274616,0.03863260,6043,0.00040247,0.00000000,0,0.00000000,37332,37323,42,0.00077579
1773324656.04267907,0.04328083,6041,0.00027415,0.00000000,0,0.00000000,37323,37331,42,0.00082332
1773324656.14272809,0.01598560,6087,0.00006348,0.00000000,0,0.00000000,37331,37331,33,0.00221469
1773324656.24265742,0.01877602,6072,0.00012320,0.00000000,0,0.00000000,37331,37336,42,0.00229176
1773324656.34282851,0.02086273,6103,0.00011580,0.00000000,0,0.00000000,37336,37341,39,0.00253887
1773324656.44293690,0.01885905,6078,0.00013859,0.00000000,0,0.00000000,37341,37329,44,0.00270543
1773324656.54293227,0.02042603,6058,0.00010595,0.00000000,0,0.00000000,37329,37342,38,0.00264044
1773324656.64183426,0.02029425,6113,0.00009734,0.00000000,0,0.00000000,37342,37353,36,0.00078543
1773324656.74280882,0.04203611,6139,0.00035292,0.00000000,0,0.00000000,37353,37358,36,0.00106823
1773324656.84288454,0.03811717,6070,0.00055519,0.00000000,0,0.00000000,37358,37366,43,0.00120201
1773324656.94180679,0.03849046,6129,0.00051051,0.00000000,0,0.00000000,37366,37374,45,0.00092817
1773324657.04205441,0.04178684,6106,0.00051432,0.00000000,0,0.00000000,37374,37376,44,0.00282981
1773324657.14190936,0.03609909,6048,0.00013851,0.00000000,0,0.00000000,37376,37385,50,0.00304980
1773324657.24136424,0.02248594,6159,0.00022840,0.00000000,0,0.00000000,37385,37389,45,0.00225640
1773324657.34163952,0.02204571,6115,0.00015909,0.00000000,0,0.00000000,37389,37394,45,0.00177913
1773324657.44197583,0.02024122,6047,0.00011104,0.00000000,0,0.00000000,37394,37395,39,0.00318110
1773324657.54147029,0.02123156,6124,0.00011276,0.00000000,0,0.00000000,37395,37405,38,0.00161552
1773324657.64169288,0.01994720,6033,0.00011289,0.00000000,0,0.00000000,37405,37416,44,0.00094961
1773324657.74156880,0.03975191,6099,0.00028468,0.00000000,0,0.00000000,37416,37413,29,0.00196216
1773324657.84171414,0.02703506,6031,0.00045289,0.00000000,0,0.00000000,37413,37394,44,0.00152950
1773324657.94161820,0.03261104,6104,0.00075366,0.00000000,0,0.00000000,37394,37387,37,0.00157022
1773324658.04187727,0.04139749,6024,0.00039172,0.00000000,0,0.00000000,37387,37390,34,0.00086738
1773324658.14199448,0.04330942,6055,0.00018927,0.00000000,0,0.00000000,37390,37380,35,0.00218920
1773324658.24170661,0.02531330,6078,0.00024949,0.00000000,0,0.00000000,37380,37389,40,0.00221299
1773324658.34183931,0.03507286,6052,0.00020827,0.00000000,0,0.00000000,37389,37402,53,0.00181535
1773324658.44170690,0.02070824,6092,0.00013526,0.00000000,0,0.00000000,37402,37412,38,0.00296602
1773324658.54189634,0.02066267,6071,0.00007807,0.00000000,0,0.00000000,37412,37419,31,0.00171645
1773324658.64181852,0.01963093,6056,0.00010183,0.00000000,0,0.00000000,37419,37413,36,0.00110221
1773324658.74186587,0.01963864,6099,0.00014389,0.00000000,0,0.00000000,37413,37392,36,0.00277371
1773324658.84191918,0.04008048,6083,0.00040495,0.00000000,0,0.00000000,37392,37389,34,0.00083908
1773324658.94194722,0.03791556,6079,0.00011408,0.00000000,0,0.00000000,37389,37394,33,0.00093986
1773324659.04210758,0.03315643,6075,0.00026816,0.00000000,0,0.00000000,37394,37397,35,0.00080870
1773324659.14198065,0.03288200,6105,0.00037454,0.00000000,0,0.00000000,37397,37400,39,0.00078940
1773324659.24210644,0.01745841,6093,0.00008667,0.00000000,0,0.00000000,37400,37410,29,0.00276158
1773324659.34211636,0.03208207,6073,0.00032239,0.00000000,0,0.00000000,37410,37419,36,0.00212379
1773324659.44218254,0.01701955,6043,0.00009652,0.00000000,0,0.00000000,37419,37424,41,0.00162623
1773324659.54212976,0.01745649,6124,0.00012732,0.00000000,0,0.00000000,37424,37412,43,0.00175147
1773324659.64245653,0.02170893,6069,0.00013627,0.00000000,0,0.00000000,37412,37417,46,0.00162106
1773324659.74239063,0.02871644,6099,0.00034549,0.00000000,0,0.00000000,37417,37419,39,0.00172079
1773324659.84232426,0.03852736,6073,0.00011372,0.00000000,0,0.00000000,37419,37421,32,0.00094544
1773324659.94225860,0.03240908,6082,0.00047619,0.00000000,0,0.00000000,37421,37397,40,0.00087265
1773324660.04225922,0.03311668,6074,0.00045399,0.00000000,0,0.00000000,37397,37388,37,0.00128209
1773324660.14240336,0.03291272,6079,0.00040825,0.00000000,0,0.00000000,37388,37395,38,0.00081688
1773324660.24239254,0.02631795,6097,0.00009943,0.00000000,0,0.00000000,37395,37397,36,0.00194367
1773324660.34246135,0.01797597,6053,0.00023149,0.00000000,0,0.00000000,37397,37378,38,0.00285151
1773324660.44255996,0.01499174,6112,0.00012151,0.00000000,0,0.00000000,37378,37374,37,0.00292552
1773324660.54248095,0.01741158,6069,0.00014336,0.00000000,0,0.00000000,37374,37382,48,0.00289811
1773324660.64255977,0.01648867,6022,0.00013022,0.00000000,0,0.00000000,37382,37378,42,0.00167143
1773324660.74252295,0.01687663,6088,0.00009993,0.00000000,0,0.00000000,37378,37386,38,0.00080700
1773324660.84260845,0.04234465,6069,0.00037493,0.00000000,0,0.00000000,37386,37393,38,0.00089392
1773324660.94255686,0.03547426,6086,0.00009789,0.00000000,0,0.00000000,37393,37386,33,0.00101835
1773324661.04259014,0.04073629,6070,0.00043149,0.00000000,0,0.00000000,37386,37379,47,0.00096482
1773324661.14255929,0.02869591,6040,0.00017620,0.00000000,0,0.00000000,37379,37384,53,0.00091581
1773324661.24256110,0.01801765,6106,0.00010492,0.00000000,0,0.00000000,37384,37373,36,0.00227666
1773324661.34265494,0.03629579,6000,0.00013209,0.00000000,0,0.00000000,37373,37368,40,0.00201348
1773324661.44248438,0.01592609,6054,0.00009389,0.00000000,0,0.00000000,37368,37371,34,0.00193164
1773324661.54263520,0.01733916,6030,0.00015229,0.00000000,0,0.00000000,37371,37380,42,0.00171137
1773324661.64164138,0.01718931,6078,0.00009192,0.00000000,0,0.00000000,37380,37384,33,0.00077588
1773324661.74270892,0.01608695,6042,0.00013161,0.00000000,0,0.00000000,37384,37387,51,0.00202595
1773324661.84273005,0.03297770,6026,0.00034344,0.00000000,0,0.00000000,37387,37391,35,0.00093935
1773324661.94176984,0.03338355,6095,0.00010782,0.00000000,0,0.00000000,37391,37396,37,0.00102183
1773324662.04283810,0.03368187,6037,0.00044865,0.00000000,0,0.00000000,37396,37389,46,0.00156036
1773324662.14180207,0.02042431,6071,0.00008440,0.00000000,0,0.00000000,37389,37390,34,0.00083390
1773324662.24282742,0.01678918,6099,0.00026200,0.00000000,0,0.00000000,37390,37358,40,0.00195591
1773324662.34293437,0.02036345,6006,0.00015116,0.00000000,0,0.00000000,37358,37352,39,0.00187467
1773324662.44199586,0.02124686,6070,0.00016866,0.00000000,0,0.00000000,37352,37354,43,0.00196947
1773324662.54305148,0.01677237,6047,0.00012765,0.00000000,0,0.00000000,37354,37348,39,0.00218210
1773324662.64305782,0.01796060,6047,0.00015108,0.00000000,0,0.00000000,37348,37345,45,0.00081481
1773324662.74309611,0.04021369,6065,0.00042486,0.00000000,0,0.00000000,37345,37351,44,0.00084672
1773324662.84201598,0.04591367,6060,0.00032609,0.00000000,0,0.00000000,37351,37354,25,0.00114744
1773324662.94214988,0.03867472,6053,0.00042631,0.00000000,0,0.00000000,37354,37360,41,0.00088056
1773324663.04200912,0.04333916,6099,0.00050804,0.00000000,0,0.00000000,37360,37366,52,0.00106954
1773324663.14232731,0.03679488,6011,0.00015256,0.00000000,0,0.00000000,37366,37374,31,0.00241627
1773324663.24202013,0.01880247,6026,0.00011083,0.00000000,0,0.00000000,37374,37366,34,0.00285736
1773324663.34167290,0.01969696,6045,0.00011045,0.00000000,0,0.00000000,37366,37365,31,0.00292019
1773324663.44207621,0.01768616,6048,0.00013622,0.00000000,0,0.00000000,37365,37353,37,0.00276439
1773324663.54162693,0.01994220,6055,0.00014479,0.00000000,0,0.00000000,37353,37358,42,0.00341379
1773324663.64170766,0.01972230,6012,0.00009685,0.00000000,0,0.00000000,37358,37365,44,0.00155679
1773324663.74150109,0.02005412,6047,0.00011275,0.00000000,0,0.00000000,37365,37377,42,0.00139967
1773324663.84164071,0.04047555,6030,0.00043352,0.00000000,0,0.00000000,37377,37366,33,0.00101280
1773324663.94157267,0.03575824,6047,0.00040193,0.00000000,0,0.00000000,37366,37373,38,0.00090827
1773324664.04176688,0.03897883,6026,0.00034835,0.00000000,0,0.00000000,37373,37377,33,0.00084092
1773324664.14181972,0.03108873,6034,0.00009870,0.00000000,0,0.00000000,37377,37378,32,0.00121512
1773324664.24167490,0.02252098,6065,0.00015703,0.00000000,0,0.00000000,37378,37358,44,0.00166192
1773324664.34177351,0.03079398,6049,0.00014793,0.00000000,0,0.00000000,37358,37366,39,0.00189395
1773324664.44168162,0.01991716,6075,0.00011668,0.00000000,0,0.00000000,37366,37371,38,0.00275687
1773324664.54173231,0.02498363,6033,0.00013088,0.00000000,0,0.00000000,37371,37373,38,0.00261368
1773324664.64186621,0.02014553,6055,0.00011432,0.00000000,0,0.00000000,37373,37368,39,0.00081854
1773324664.74193525,0.03274450,6016,0.00044691,0.00000000,0,0.00000000,37368,37367,47,0.00249727
1773324664.84181905,0.03907080,6042,0.00036290,0.00000000,0,0.00000000,37367,37370,32,0.00161372
1773324664.94198728,0.03549439,6028,0.00034405,0.00000000,0,0.00000000,37370,37371,35,0.00220871
1773324665.04193091,0.03889454,6033,0.00032527,0.00000000,0,0.00000000,37371,37379,41,0.00086817
1773324665.14206076,0.03649718,6060,0.00011706,0.00000000,0,0.00000000,37379,37385,44,0.00240651
1773324665.24210501,0.01696701,6026,0.00008823,0.00000000,0,0.00000000,37385,37388,35,0.00225976
1773324665.34215713,0.03033335,6042,0.00055179,0.00000000,0,0.00000000,37388,37394,47,0.00213855
1773324665.44218302,0.02458527,6032,0.00020277,0.00000000,0,0.00000000,37394,37403,37,0.00276104
1773324665.54211235,0.01499142,6056,0.00013456,0.00000000,0,0.00000000,37403,37411,49,0.00183490
1773324665.64235497,0.02081027,6077,0.00012686,0.00000000,0,0.00000000,37411,37396,45,0.00083106
1773324665.74230313,0.02176649,6072,0.00011381,0.00000000,0,0.00000000,37396,37407,40,0.00109240
1773324665.84216714,0.03495741,6119,0.00039473,0.00000000,0,0.00000000,37407,37413,42,0.00142310
1773324665.94235611,0.03319994,6111,0.00045204,0.00000000,0,0.00000000,37413,37420,38,0.00080644
1773324666.04225636,0.03528092,6103,0.00056462,0.00000000,0,0.00000000,37420,37427,51,0.00112848
1773324666.14250827,0.01995047,6137,0.00010376,0.00000000,0,0.00000000,37427,37435,42,0.00114282
1773324666.24244499,0.01731753,6091,0.00017846,0.00000000,0,0.00000000,37435,37432,58,0.00183027
1773324666.34248519,0.01732739,6093,0.00011582,0.00000000,0,0.00000000,37432,37433,43,0.00226064
1773324666.44234633,0.01705228,6084,0.00010382,0.00000000,0,0.00000000,37433,37439,47,0.00232608
1773324666.54243708,0.01986815,6087,0.00014221,0.00000000,0,0.00000000,37439,37435,47,0.00154671
1773324666.64252830,0.02012165,6082,0.00015943,0.00000000,0,0.00000000,37435,37424,37,0.00086172
1773324666.74241877,0.03251574,6063,0.00011056,0.00000000,0,0.00000000,37424,37433,33,0.00079089
1773324666.84245324,0.03097616,5986,0.00013068,0.00000000,0,0.00000000,37433,37442,46,0.00093705
1773324666.94236732,0.03112219,5983,0.00017062,0.00000000,0,0.00000000,37442,37437,41,0.00079618
1773324667.04208231,0.04764649,5998,0.00051619,0.00000000,0,0.00000000,37437,37444,43,0.00080219
1773324667.14165711,0.04329882,5982,0.00046475,0.00000000,0,0.00000000,37444,37461,49,0.00217048
1773324667.24167943,0.02374106,6006,0.00008675,0.00000000,0,0.00000000,37461,37471,38,0.00213716
1773324667.34230924,0.03291489,5946,0.00059095,0.00000000,0,0.00000000,37471,37468,49,0.00186628
1773324667.44166350,0.02009466,6034,0.00010480,0.00000000,0,0.00000000,37468,37481,40,0.00193219
1773324667.54268241,0.02040838,5977,0.00015517,0.00000000,0,0.00000000,37481,37481,41,0.00276466
1773324667.64237475,0.02244376,5929,0.00018359,0.00000000,0,0.00000000,37481,37489,48,0.00206114
1773324667.74167156,0.02322254,6114,0.00020067,0.00000000,0,0.00000000,37489,37497,47,0.00130353
1773324667.84277797,0.04360101,6021,0.00052950,0.00000000,0,0.00000000,37497,37501,53,0.00147419
1773324667.94244885,0.03302773,5992,0.00014954,0.00000000,0,0.00000000,37501,37505,38,0.00073585
1773324668.04181266,0.03251044,6001,0.00047191,0.00000000,0,0.00000000,37505,37515,49,0.00161891
1773324668.14180994,0.03012850,6038,0.00018231,0.00000000,0,0.00000000,37515,37515,59,0.00121591
1773324668.24260664,0.01725346,5963,0.00013048,0.00000000,0,0.00000000,37515,37513,39,0.00307244
1773324668.34182549,0.02911413,6017,0.00013958,0.00000000,0,0.00000000,37513,37519,47,0.00195473
1773324668.44201159,0.01686708,5941,0.00010383,0.00000000,0,0.00000000,37519,37527,42,0.00198034
1773324668.54246545,0.02365359,5933,0.00019389,0.00000000,0,0.00000000,37527,37508,45,0.00273850
1773324668.64200783,0.02006979,5946,0.00007114,0.00000000,0,0.00000000,37508,37513,27,0.00085835
1773324668.74170828,0.03524977,5974,0.00058344,0.00000000,0,0.00000000,37513,37520,43,0.00198542
1773324668.84287357,0.03468014,5859,0.00040863,0.00000000,0,0.00000000,37520,37513,36,0.00077747
1773324668.94224668,0.03309524,5893,0.00048488,0.00000000,0,0.00000000,37513,37512,40,0.00074968
1773324669.04180408,0.04342931,5944,0.00052848,0.00000000,0,0.00000000,37512,37522,38,0.00074714
1773324669.14183331,0.03769877,6011,0.00015723,0.00000000,0,0.00000000,37522,37536,44,0.00185809
1773324669.24231863,0.01898562,5939,0.00013702,0.00000000,0,0.00000000,37536,37546,44,0.00186901
1773324669.34175277,0.03946301,5962,0.00048590,0.00000000,0,0.00000000,37546,37528,41,0.00227558
1773324669.44151402,0.02242974,5987,0.00019444,0.00000000,0,0.00000000,37528,37540,50,0.00195567
1773324669.54249120,0.02135049,5953,0.00029661,0.00000000,0,0.00000000,37540,37545,47,0.00315270
1773324669.64282203,0.02006858,5941,0.00011951,0.00000000,0,0.00000000,37545,37556,41,0.00092047
1773324669.74213028,0.02892721,5933,0.00044807,0.00000000,0,0.00000000,37556,37563,37,0.00167413
1773324669.84267497,0.03514157,5810,0.00040304,0.00000000,0,0.00000000,37563,37563,34,0.00089145
1773324669.94037127,0.03382971,5976,0.00043080,0.00000000,0,0.00000000,37563,37554,36,0.00166625
1773324670.04162407,0.03436089,5813,0.00047973,0.00000000,0,0.00000000,37554,37553,42,0.00093988
1773324670.14167738,0.04284314,5876,0.00048007,0.00000000,0,0.00000000,37553,37563,39,0.00084750
1773324670.24247384,0.01634449,5752,0.00013314,0.00000000,0,0.00000000,37563,37568,49,0.00169540
1773324670.34192872,0.02868916,5812,0.00045433,0.00000000,0,0.00000000,37568,37574,43,0.00223926
1773324670.44213843,0.01751275,5808,0.00008348,0.00000000,0,0.00000000,37574,37580,34,0.00189205
1773324670.54272437,0.01735077,5770,0.00011019,0.00000000,0,0.00000000,37580,37584,39,0.00247573
1773324670.64233446,0.01978161,5756,0.00011959,0.00000000,0,0.00000000,37584,37596,35,0.00188081
1773324670.74161124,0.01993529,5827,0.00017082,0.00000000,0,0.00000000,37596,37611,47,0.00126887
1773324670.84270453,0.03259762,5739,0.00050205,0.00000000,0,0.00000000,37611,37617,41,0.00168506
1773324670.94234109,0.03607993,5718,0.00042482,0.00000000,0,0.00000000,37617,37626,45,0.00163420
1773324671.04175973,0.04122967,5825,0.00039041,0.00000000,0,0.00000000,37626,37637,35,0.00122019
1773324671.14158750,0.02508346,5840,0.00010624,0.00000000,0,0.00000000,37637,37642,33,0.00113590
1773324671.24246335,0.02192349,5826,0.00012675,0.00000000,0,0.00000000,37642,37650,34,0.00272746
1773324671.34209490,0.03094044,5839,0.00016358,0.00000000,0,0.00000000,37650,37663,39,0.00272500
1773324671.44169593,0.01926387,5937,0.00009403,0.00000000,0,0.00000000,37663,37675,31,0.00195174
1773324671.54265928,0.01555672,5898,0.00010560,0.00000000,0,0.00000000,37675,37688,45,0.00298386
1773324671.64250064,0.01414786,5930,0.00007130,0.00000000,0,0.00000000,37688,37693,33,0.00077253
1773324671.74176359,0.01602322,6003,0.00011577,0.00000000,0,0.00000000,37693,37698,42,0.00192674
1773324671.84160614,0.03242270,6127,0.00040697,0.00000000,0,0.00000000,37698,37705,44,0.00134902
1773324671.94248867,0.02622268,6076,0.00029906,0.00000000,0,0.00000000,37705,37708,33,0.00081804
1773324672.04203248,0.04718052,6147,0.00040948,0.00000000,0,0.00000000,37708,37710,43,0.00072474
1773324672.14171171,0.04197057,6066,0.00041445,0.00000000,0,0.00000000,37710,37715,43,0.00085305
1773324672.24327612,0.03501097,6095,0.00016698,0.00000000,0,0.00000000,37715,37712,43,0.00183787
1773324672.34276915,0.02145720,6060,0.00011440,0.00000000,0,0.00000000,37712,37717,35,0.00172574
1773324672.44235396,0.04237879,6028,0.00029173,0.00000000,0,0.00000000,37717,37713,37,0.00185511
1773324672.54161978,0.02499032,6143,0.00010616,0.00000000,0,0.00000000,37713,37722,41,0.00251476
1773324672.64258170,0.02124413,6085,0.00016062,0.00000000,0,0.00000000,37722,37706,36,0.00196562
1773324672.74225903,0.02170721,6063,0.00012832,0.00000000,0,0.00000000,37706,37714,46,0.00079789
1773324672.84179544,0.02195910,6070,0.00017327,0.00000000,0,0.00000000,37714,37695,44,0.00279677
1773324672.94208074,0.03441209,6059,0.00047120,0.00000000,0,0.00000000,37695,37687,42,0.00087223
1773324673.04248786,0.04054273,6031,0.00035682,0.00000000,0,0.00000000,37687,37696,30,0.00115601
1773324673.14216042,0.04192600,6126,0.00019652,0.00000000,0,0.00000000,37696,37698,54,0.00168817
1773324673.24224520,0.02035185,6048,0.00011353,0.00000000,0,0.00000000,37698,37707,40,0.00112980
1773324673.34202671,0.02176300,6119,0.00026503,0.00000000,0,0.00000000,37707,37713,29,0.00252194
1773324673.44245553,0.02044803,6016,0.00012531,0.00000000,0,0.00000000,37713,37725,45,0.00298173
1773324673.54197383,0.02033599,6085,0.00013172,0.00000000,0,0.00000000,37725,37726,40,0.00159952
1773324673.64166594,0.02007289,6085,0.00009668,0.00000000,0,0.00000000,37726,37734,39,0.00102358
1773324673.74196315,0.02106508,6139,0.00011772,0.00000000,0,0.00000000,37734,37737,22,0.00100827
1773324673.84244251,0.03360516,6040,0.00040916,0.00000000,0,0.00000000,37737,37748,43,0.00081546
1773324673.94195724,0.04041087,6114,0.00043236,0.00000000,0,0.00000000,37748,37740,29,0.00153684
1773324674.04208684,0.04366272,6084,0.00043988,0.00000000,0,0.00000000,37740,37743,38,0.00080816
1773324674.14276338,0.02799938,6123,0.00011753,0.00000000,0,0.00000000,37743,37744,35,0.00081962
1773324674.24256325,0.01684927,6012,0.00015339,0.00000000,0,0.00000000,37744,37753,32,0.00226795
1773324674.34188700,0.04480296,6114,0.00041355,0.00000000,0,0.00000000,37753,37757,46,0.00191745
1773324674.44171715,0.01729523,6103,0.00016928,0.00000000,0,0.00000000,37757,37741,45,0.00317384
1773324674.54271126,0.01872759,6083,0.00016007,0.00000000,0,0.00000000,37741,37743,46,0.00283877
1773324674.64232159,0.01551867,6098,0.00007338,0.00000000,0,0.00000000,37743,37752,36,0.00123263
1773324674.74176764,0.02053458,6105,0.00005987,0.00000000,0,0.00000000,37752,37752,25,0.00263533
1773324674.84195352,0.03924252,6134,0.00030286,0.00000000,0,0.00000000,37752,37755,31,0.00078719
1773324674.94172621,0.04098958,6057,0.00049467,0.00000000,0,0.00000000,37755,37760,39,0.00160840
1773324675.04217076,0.04268039,6018,0.00040799,0.00000000,0,0.00000000,37760,37766,43,0.00077326
1773324675.14164829,0.03704699,6103,0.00036745,0.00000000,0,0.00000000,37766,37774,40,0.00083618
1773324675.24195194,0.01933172,6083,0.00012525,0.00000000,0,0.00000000,37774,37771,37,0.00296338
1773324675.34259987,0.02112432,6097,0.00049550,0.00000000,0,0.00000000,37771,37756,46,0.00267618
1773324675.44224000,0.02073115,6077,0.00011782,0.00000000,0,0.00000000,37756,37760,47,0.00197595
1773324675.54245663,0.02048726,6076,0.00008066,0.00000000,0,0.00000000,37760,37765,39,0.00293453
1773324675.64214802,0.02195192,6114,0.00012960,0.00000000,0,0.00000000,37765,37769,44,0.00183264
1773324675.74259543,0.02148157,6114,0.00010704,0.00000000,0,0.00000000,37769,37775,43,0.00098767
1773324675.84223509,0.03497097,5990,0.00033068,0.00000000,0,0.00000000,37775,37782,36,0.00079128
1773324675.94163036,0.03619458,6101,0.00042034,0.00000000,0,0.00000000,37782,37781,47,0.00083187
1773324676.04157543,0.04385816,6067,0.00037599,0.00000000,0,0.00000000,37781,37768,39,0.00113009
1773324676.14161301,0.04323015,6083,0.00051060,0.00000000,0,0.00000000,37768,37776,48,0.00111814
1773324676.24237037,0.01732512,6077,0.00008614,0.00000000,0,0.00000000,37776,37777,32,0.00233956
1773324676.34188294,0.01674274,6059,0.00011668,0.00000000,0,0.00000000,37777,37782,52,0.00290687
1773324676.44166660,0.02118377,6105,0.00014201,0.00000000,0,0.00000000,37782,37787,45,0.00169348
1773324676.54270744,0.02049235,6002,0.00011127,0.00000000,0,0.00000000,37787,37799,52,0.00193234
1773324676.64249539,0.02014256,6041,0.00007716,0.00000000,0,0.00000000,37799,37803,34,0.00166146
1773324676.74177599,0.01972980,5998,0.00009611,0.00000000,0,0.00000000,37803,37807,34,0.00099292
1773324676.84156108,0.04699926,6036,0.00048216,0.00000000,0,0.00000000,37807,37814,46,0.00082285
1773324676.94255352,0.04501058,5986,0.00059544,0.00000000,0,0.00000000,37814,37817,46,0.00081298
1773324677.04230070,0.04624284,5963,0.00037376,0.00000000,0,0.00000000,37817,37823,30,0.00097419
1773324677.14181638,0.04377902,5997,0.00039929,0.00000000,0,0.00000000,37823,37823,45,0.00172904
1773324677.24207067,0.02443765,5981,0.00016887,0.00000000,0,0.00000000,37823,37818,48,0.00202162
1773324677.34271908,0.02158835,6050,0.00026991,0.00000000,0,0.00000000,37818,37823,44,0.00290507
1773324677.44244480,0.03043893,5980,0.00050125,0.00000000,0,0.00000000,37823,37823,45,0.00305753
1773324677.54202986,0.02121146,6042,0.00011840,0.00000000,0,0.00000000,37823,37830,42,0.00302008
1773324677.64160895,0.01590094,6025,0.00009652,0.00000000,0,0.00000000,37830,37834,47,0.00225284
1773324677.74272847,0.02174912,6027,0.00011453,0.00000000,0,0.00000000,37834,37839,42,0.00135655
1773324677.84238505,0.01829402,6009,0.00009314,0.00000000,0,0.00000000,37839,37845,34,0.00106796
1773324677.94204330,0.04213718,6026,0.00015984,0.00000000,0,0.00000000,37845,37852,41,0.00085381
1773324678.04163527,0.04094537,6008,0.00051711,0.00000000,0,0.00000000,37852,37858,40,0.00078475
1773324678.14199543,0.03864982,6041,0.00046029,0.00000000,0,0.00000000,37858,37862,45,0.00114612
1773324678.24267054,0.01697913,5989,0.00010891,0.00000000,0,0.00000000,37862,37869,42,0.00078726
1773324678.34233999,0.01901121,5988,0.00018006,0.00000000,0,0.00000000,37869,37868,41,0.00232942
1773324678.44204640,0.02120223,6015,0.00014756,0.00000000,0,0.00000000,37868,37873,53,0.00233206
1773324678.54171395,0.02089647,6103,0.00009059,0.00000000,0,0.00000000,37873,37869,34,0.00196272
1773324678.64276552,0.02062509,6041,0.00011265,0.00000000,0,0.00000000,37869,37848,40,0.00157251
1773324678.74248528,0.02104692,6026,0.00031051,0.00000000,0,0.00000000,37848,37739,32,0.00086155
1773324678.84182429,0.04440976,6061,0.00046934,0.00000000,0,0.00000000,37739,37738,41,0.00107122
1773324678.94159508,0.04426406,6079,0.00050170,0.00000000,0,0.00000000,37738,37696,34,0.00081992
1773324679.04273725,0.03555453,5992,0.00049440,0.00000000,0,0.00000000,37696,37699,49,0.00079105
1773324679.14251804,0.03869075,5953,0.00031732,0.00000000,0,0.00000000,37699,37698,29,0.00077044
1773324679.24205804,0.01938071,5948,0.00010981,0.00000000,0,0.00000000,37698,37701,44,0.00188658
1773324679.34166026,0.01824521,5968,0.00015708,0.00000000,0,0.00000000,37701,37699,38,0.00179743
1773324679.44216156,0.01709498,5995,0.00009512,0.00000000,0,0.00000000,37699,37701,40,0.00301002
1773324679.54259872,0.01612058,5978,0.00009255,0.00000000,0,0.00000000,37701,37687,39,0.00267733
1773324679.64230418,0.01685243,6007,0.00009353,0.00000000,0,0.00000000,37687,37682,48,0.00157389
1773324679.74188042,0.02099711,6025,0.00007383,0.00000000,0,0.00000000,37682,37688,37,0.00083383
1773324679.84171867,0.04396511,5993,0.00039250,0.00000000,0,0.00000000,37688,37682,34,0.00083780
1773324679.94261146,0.04056663,6100,0.00040020,0.00000000,0,0.00000000,37682,37688,40,0.00104283
1773324680.04231977,0.03502512,6027,0.00039164,0.00000000,0,0.00000000,37688,37695,42,0.00085269
1773324680.14211583,0.03626209,6002,0.00050869,0.00000000,0,0.00000000,37695,37702,61,0.00077065
1773324680.24169183,0.03583968,6072,0.00016558,0.00000000,0,0.00000000,37702,37711,44,0.00109884
1773324680.34202528,0.02601864,6062,0.00022594,0.00000000,0,0.00000000,37711,37710,44,0.00134709
1773324680.44272447,0.02455438,6136,0.00010899,0.00000000,0,0.00000000,37710,37719,42,0.00182567
1773324680.54251075,0.02018552,6068,0.00008876,0.00000000,0,0.00000000,37719,37728,37,0.00251807
1773324680.64218044,0.01721261,6060,0.00015277,0.00000000,0,0.00000000,37728,37718,53,0.00188169
1773324680.74169302,0.01649642,6156,0.00008454,0.00000000,0,0.00000000,37718,37721,43,0.00156241
1773324680.84182167,0.01609987,6085,0.00010618,0.00000000,0,0.00000000,37721,37708,43,0.00076206
1773324680.94250798,0.04011307,6089,0.00062703,0.00000000,0,0.00000000,37708,37697,48,0.00163566
1773324681.04212523,0.04846966,6056,0.00042255,0.00000000,0,0.00000000,37697,37704,43,0.00079555
1773324681.14180112,0.02681101,6083,0.00015154,0.00000000,0,0.00000000,37704,37712,57,0.00081654
1773324681.24160790,0.02569883,6101,0.00019916,0.00000000,0,0.00000000,37712,37715,46,0.00081276
1773324681.34275365,0.03247971,6032,0.00010148,0.00000000,0,0.00000000,37715,37717,41,0.00176923
1773324681.44254518,0.01789704,5976,0.00011349,0.00000000,0,0.00000000,37717,37723,44,0.00149153
1773324681.54206133,0.01913285,6004,0.00010179,0.00000000,0,0.00000000,37723,37731,44,0.00152834
1773324681.64177299,0.01854529,6058,0.00014233,0.00000000,0,0.00000000,37731,37696,46,0.00081321
1773324681.74218345,0.04309967,6034,0.00052276,0.00000000,0,0.00000000,37696,37702,43,0.00277951
1773324681.84177303,0.04517430,6064,0.00049396,0.00000000,0,0.00000000,37702,37708,50,0.00082784
1773324681.94230151,0.04072280,6120,0.00049712,0.00000000,0,0.00000000,37708,37716,47,0.00084161
1773324682.04199100,0.04663039,6106,0.00048951,0.00000000,0,0.00000000,37716,37726,46,0.00087132
1773324682.14251900,0.04466950,6080,0.00018318,0.00000000,0,0.00000000,37726,37722,41,0.00212655
1773324682.24208307,0.02273797,6147,0.00016820,0.00000000,0,0.00000000,37722,37722,47,0.00223780
1773324682.34173322,0.02542518,6186,0.00017984,0.00000000,0,0.00000000,37722,37730,53,0.00254995
1773324682.44229507,0.02628322,6159,0.00018673,0.00000000,0,0.00000000,37730,37744,67,0.00311936
1773324682.54204345,0.02480336,6140,0.00026444,0.00000000,0,0.00000000,37744,37724,51,0.00305302
1773324682.64165449,0.02465017,6161,0.00012793,0.00000000,0,0.00000000,37724,37735,52,0.00230554
1773324682.74203062,0.02212491,6168,0.00014152,0.00000000,0,0.00000000,37735,37751,42,0.00141637
1773324682.84260225,0.04380604,6182,0.00033981,0.00000000,0,0.00000000,37751,37755,27,0.00192619
1773324682.94246697,0.03740633,6159,0.00042123,0.00000000,0,0.00000000,37755,37759,40,0.00084728
1773324683.04209042,0.03586143,6168,0.00040498,0.00000000,0,0.00000000,37759,37761,41,0.00093510
1773324683.14173341,0.03231611,6225,0.00016229,0.00000000,0,0.00000000,37761,37754,43,0.00081038
1773324683.24294353,0.01654123,6170,0.00013278,0.00000000,0,0.00000000,37754,37756,53,0.00106147
1773324683.34269810,0.03829413,6163,0.00051368,0.00000000,0,0.00000000,37756,37738,41,0.00176479
1773324683.44234395,0.02241459,6151,0.00018516,0.00000000,0,0.00000000,37738,37744,47,0.00202383
1773324683.54195857,0.02345756,6155,0.00013581,0.00000000,0,0.00000000,37744,37748,46,0.00191446
1773324683.64154506,0.01930530,6250,0.00013075,0.00000000,0,0.00000000,37748,37746,44,0.00085738
1773324683.74294209,0.03451857,6166,0.00046187,0.00000000,0,0.00000000,37746,37752,47,0.00189350
1773324683.84265494,0.05108224,6168,0.00063943,0.00000000,0,0.00000000,37752,37753,57,0.00149921
1773324683.94234824,0.03624976,6136,0.00040977,0.00000000,0,0.00000000,37753,37751,45,0.00151408
1773324684.04211855,0.03760954,6081,0.00030707,0.00000000,0,0.00000000,37751,37750,33,0.00080936
1773324684.14150262,0.04956040,6247,0.00075574,0.00000000,0,0.00000000,37750,37758,52,0.00076877
1773324684.24192715,0.02781973,6146,0.00017298,0.00000000,0,0.00000000,37758,37754,43,0.00089835
1773324684.34251976,0.02475602,6174,0.00020605,0.00000000,0,0.00000000,37754,37731,59,0.00261319
1773324684.44233108,0.01890172,6161,0.00012787,0.00000000,0,0.00000000,37731,37731,50,0.00179391
1773324684.54197931,0.01927508,6153,0.00016658,0.00000000,0,0.00000000,37731,37733,44,0.00180966
1773324684.64161730,0.01692685,6215,0.00007995,0.00000000,0,0.00000000,37733,37735,33,0.00315105
1773324684.74205089,0.01617402,6132,0.00010053,0.00000000,0,0.00000000,37735,37736,46,0.00080946
1773324684.84266281,0.04482624,6212,0.00042740,0.00000000,0,0.00000000,37736,37744,45,0.00180897
1773324684.94254875,0.04233223,6188,0.00046984,0.00000000,0,0.00000000,37744,37746,47,0.00078223
1773324685.04216790,0.04280195,6182,0.00051878,0.00000000,0,0.00000000,37746,37748,42,0.00078012
1773324685.14180803,0.03785644,6223,0.00016178,0.00000000,0,0.00000000,37748,37741,55,0.00082435
1773324685.24202895,0.01971187,6196,0.00011672,0.00000000,0,0.00000000,37741,37748,49,0.00149806
1773324685.34288716,0.01731043,6175,0.00012075,0.00000000,0,0.00000000,37748,37748,50,0.00113274
1773324685.44255185,0.01857492,6213,0.00008520,0.00000000,0,0.00000000,37748,37755,33,0.00207585
1773324685.54229999,0.01880604,6194,0.00015097,0.00000000,0,0.00000000,37755,37749,54,0.00248630
1773324685.64209247,0.02383218,6212,0.00012829,0.00000000,0,0.00000000,37749,37757,45,0.00145782
1773324685.74163842,0.01813396,6242,0.00010928,0.00000000,0,0.00000000,37757,37756,47,0.00096163
1773324685.84288836,0.04537012,6206,0.00057047,0.00000000,0,0.00000000,37756,37768,60,0.00080783
1773324685.94262099,0.04915595,6215,0.00055449,0.00000000,0,0.00000000,37768,37766,45,0.00073015
1773324686.04247022,0.05159588,6183,0.00061350,0.00000000,0,0.00000000,37766,37773,50,0.00116826
1773324686.14204192,0.04823109,6152,0.00036376,0.00000000,0,0.00000000,37773,37772,38,0.00079959
1773324686.24165511,0.02031419,6250,0.00011965,0.00000000,0,0.00000000,37772,37780,46,0.00177566
1773324686.34168863,0.02791000,6204,0.00041583,0.00000000,0,0.00000000,37780,37785,48,0.00281229
1773324686.44278574,0.01873952,6210,0.00011373,0.00000000,0,0.00000000,37785,37798,50,0.00086681
1773324686.54257393,0.01797244,6192,0.00009336,0.00000000,0,0.00000000,37798,37804,36,0.00184006
1773324686.64209795,0.02307402,6178,0.00011470,0.00000000,0,0.00000000,37804,37803,41,0.00154762
1773324686.74175024,0.02231492,6225,0.00017509,0.00000000,0,0.00000000,37803,37792,37,0.00155365
1773324686.84168386,0.03592263,6242,0.00063852,0.00000000,0,0.00000000,37792,37765,46,0.00085225
1773324686.94289804,0.04631786,6214,0.00059830,0.00000000,0,0.00000000,37765,37757,48,0.00084531
1773324687.04250622,0.05070732,6267,0.00052728,0.00000000,0,0.00000000,37757,37759,47,0.00094312
1773324687.14245605,0.04898129,6200,0.00054719,0.00000000,0,0.00000000,37759,37771,45,0.00095264
1773324687.24206805,0.03227187,6206,0.00016043,0.00000000,0,0.00000000,37771,37773,46,0.00115806
1773324687.34172368,0.02083590,6242,0.00017627,0.00000000,0,0.00000000,37773,37781,41,0.00278259
1773324687.44157982,0.03732927,6221,0.00056795,0.00000000,0,0.00000000,37781,37780,51,0.00209514
1773324687.54179668,0.01956200,6254,0.00013951,0.00000000,0,0.00000000,37780,37791,52,0.00205966
1773324687.64243412,0.01902030,6213,0.00018767,0.00000000,0,0.00000000,37791,37793,66,0.00239289
1773324687.74222589,0.02258861,6227,0.00010890,0.00000000,0,0.00000000,37793,37792,41,0.00241754
1773324687.84192467,0.01790219,6228,0.00009299,0.00000000,0,0.00000000,37792,37798,36,0.00092484
1773324687.94172597,0.03645905,6176,0.00048126,0.00000000,0,0.00000000,37798,37803,52,0.00149513
1773324688.04158401,0.04876307,6299,0.00042867,0.00000000,0,0.00000000,37803,37805,39,0.00079151
1773324688.14276409,0.04583555,6249,0.00018423,0.00000000,0,0.00000000,37805,37805,35,0.00078241
1773324688.24263430,0.02810369,6222,0.00024790,0.00000000,0,0.00000000,37805,37774,36,0.00083973
1773324688.34230351,0.04593070,6236,0.00045961,0.00000000,0,0.00000000,37774,37757,38,0.00197808
1773324688.44199252,0.02054016,6204,0.00017739,0.00000000,0,0.00000000,37757,37770,48,0.00269381
1773324688.54165101,0.02077708,6262,0.00016166,0.00000000,0,0.00000000,37770,37776,52,0.00180956
1773324688.64304948,0.01958794,6215,0.00013270,0.00000000,0,0.00000000,37776,37780,44,0.00142264
1773324688.74270916,0.01922526,6230,0.00012962,0.00000000,0,0.00000000,37780,37775,54,0.00132230
1773324688.84232903,0.04732378,6219,0.00056805,0.00000000,0,0.00000000,37775,37789,57,0.00109316
1773324688.94211173,0.04758522,6209,0.00018158,0.00000000,0,0.00000000,37789,37786,50,0.00155448
1773324689.04179382,0.04727352,6251,0.00035369,0.00000000,0,0.00000000,37786,37795,36,0.00078865
1773324689.14177060,0.02294683,6220,0.00013173,0.00000000,0,0.00000000,37795,37798,50,0.00085388
1773324689.24280739,0.02106116,6223,0.00027353,0.00000000,0,0.00000000,37798,37798,48,0.00229312
1773324689.34252524,0.03916429,6228,0.00044628,0.00000000,0,0.00000000,37798,37807,40,0.00077321
1773324689.44239068,0.01710168,6219,0.00010664,0.00000000,0,0.00000000,37807,37804,51,0.00274869
1773324689.54208684,0.02210524,6192,0.00014966,0.00000000,0,0.00000000,37804,37810,44,0.00271456
1773324689.64165831,0.01678492,6257,0.00012569,0.00000000,0,0.00000000,37810,37805,61,0.00156022
1773324689.74161458,0.02193965,6282,0.00013067,0.00000000,0,0.00000000,37805,37806,51,0.00197989
1773324689.84282303,0.02953147,6218,0.00047019,0.00000000,0,0.00000000,37806,37814,54,0.00074379
1773324689.94253421,0.04169956,6228,0.00054382,0.00000000,0,0.00000000,37814,37815,55,0.00080793
1773324690.04244804,0.04232565,6227,0.00048275,0.00000000,0,0.00000000,37815,37825,51,0.00084071
1773324690.14275098,0.04398492,6197,0.00031882,0.00000000,0,0.00000000,37825,37831,32,0.00084151
1773324690.24180603,0.02420737,6264,0.00014441,0.00000000,0,0.00000000,37831,37829,40,0.00079942
1773324690.34313464,0.02017813,6252,0.00017800,0.00000000,0,0.00000000,37829,37838,44,0.00156223
1773324690.44279957,0.02014004,6199,0.00015562,0.00000000,0,0.00000000,37838,37840,51,0.00206369
1773324690.54165339,0.02307259,6246,0.00021395,0.00000000,0,0.00000000,37840,37827,55,0.00266701
1773324690.64246249,0.01812862,6225,0.00010005,0.00000000,0,0.00000000,37827,37831,47,0.00194316
1773324690.74209929,0.02280143,6192,0.00016353,0.00000000,0,0.00000000,37831,37841,57,0.00078883
1773324690.84185958,0.04350920,6236,0.00053451,0.00000000,0,0.00000000,37841,37850,47,0.00196112
1773324690.94215631,0.05210548,6230,0.00065612,0.00000000,0,0.00000000,37850,37835,48,0.00150135
1773324691.04300141,0.05050899,6184,0.00047318,0.00000000,0,0.00000000,37835,37835,45,0.00081326
1773324691.14168549,0.01932473,6261,0.00015521,0.00000000,0,0.00000000,37835,37821,45,0.00097443
1773324691.24249983,0.02154001,6228,0.00023603,0.00000000,0,0.00000000,37821,37831,48,0.00267838
1773324691.34222841,0.03171338,6244,0.00040235,0.00000000,0,0.00000000,37831,37835,45,0.00250523
1773324691.44205332,0.02408599,6209,0.00013012,0.00000000,0,0.00000000,37835,37844,48,0.00236209
1773324691.54159021,0.01825712,6230,0.00009706,0.00000000,0,0.00000000,37844,37855,46,0.00175489
1773324691.64160776,0.02165835,6295,0.00011292,0.00000000,0,0.00000000,37855,37863,41,0.00188646
1773324691.74280024,0.01836304,6240,0.00014680,0.00000000,0,0.00000000,37863,37863,52,0.00089390
1773324691.84264278,0.03949844,6196,0.00046614,0.00000000,0,0.00000000,37863,37875,42,0.00141497
1773324691.94224143,0.05051845,6223,0.00047774,0.00000000,0,0.00000000,37875,37880,48,0.00100193
1773324692.04189086,0.04952740,6217,0.00047078,0.00000000,0,0.00000000,37880,37878,39,0.00152023
1773324692.14166999,0.02458539,6265,0.00010511,0.00000000,0,0.00000000,37878,37869,36,0.00088349
1773324692.24159169,0.02267522,6284,0.00031148,0.00000000,0,0.00000000,37869,37869,45,0.00163615
1773324692.34289479,0.03267091,6219,0.00047655,0.00000000,0,0.00000000,37869,37874,43,0.00193094
1773324692.44251657,0.02972175,6255,0.00012578,0.00000000,0,0.00000000,37874,37861,43,0.00177985
1773324692.54250097,0.01952726,6190,0.00010833,0.00000000,0,0.00000000,37861,37867,45,0.00251039
1773324692.64210939,0.01851579,6242,0.00008031,0.00000000,0,0.00000000,37867,37874,37,0.00265505
1773324692.74185109,0.01963469,6233,0.00010613,0.00000000,0,0.00000000,37874,37875,41,0.00275903
1773324692.84170365,0.02239202,6311,0.00019652,0.00000000,0,0.00000000,37875,37867,35,0.00314616
1773324692.94296861,0.02280631,6228,0.00013183,0.00000000,0,0.00000000,37867,37853,43,0.00204763
1773324693.04266858,0.01912144,6242,0.00011833,0.00000000,0,0.00000000,37853,37862,46,0.00168351
1773324693.14261651,0.01814658,6208,0.00007044,0.00000000,0,0.00000000,37862,37868,37,0.00246853
1773324693.24221039,0.02420058,6254,0.00011002,0.00000000,0,0.00000000,37868,37874,35,0.00227841
1773324693.34206843,0.03389427,6210,0.00018231,0.00000000,0,0.00000000,37874,37878,46,0.00078416
1773324693.44179797,0.02869835,6277,0.00010065,0.00000000,0,0.00000000,37878,37883,48,0.00081642
1773324693.54205251,0.02053443,6267,0.00019256,0.00000000,0,0.00000000,37883,37890,48,0.00078286
1773324693.64196610,0.02972164,6273,0.00014844,0.00000000,0,0.00000000,37890,37889,34,0.00109125
1773324693.74265575,0.02024674,6218,0.00010915,0.00000000,0,0.00000000,37889,37898,44,0.00306864
1773324693.84245634,0.04307008,6247,0.00025052,0.00000000,0,0.00000000,37898,37879,42,0.00280032
1773324693.94218040,0.04480320,6202,0.00050374,0.00000000,0,0.00000000,37879,37878,42,0.00083723
1773324694.04192805,0.04679323,6238,0.00052185,0.00000000,0,0.00000000,37878,37877,45,0.00192466
1773324694.14165974,0.03661360,6265,0.00041777,0.00000000,0,0.00000000,37877,37886,46,0.00078780
1773324694.24202061,0.01774196,6279,0.00013674,0.00000000,0,0.00000000,37886,37890,54,0.00187276
1773324694.34290409,0.02122061,6213,0.00016789,0.00000000,0,0.00000000,37890,37893,44,0.00174257
1773324694.44255877,0.01776198,6240,0.00013221,0.00000000,0,0.00000000,37893,37885,44,0.00148666
1773324694.54254413,0.02501910,6241,0.00014774,0.00000000,0,0.00000000,37885,37889,42,0.00312403
1773324694.64246154,0.02445312,6245,0.00012869,0.00000000,0,0.00000000,37889,37891,39,0.00185199
1773324694.74206567,0.02287261,6174,0.00015726,0.00000000,0,0.00000000,37891,37874,49,0.00075516
1773324694.84164381,0.04900616,6265,0.00031954,0.00000000,0,0.00000000,37874,37876,30,0.00082476
1773324694.94165707,0.04191166,6261,0.00037073,0.00000000,0,0.00000000,37876,37884,39,0.00130548
1773324695.04275918,0.04795228,6240,0.00035743,0.00000000,0,0.00000000,37884,37888,37,0.00157934
1773324695.14257693,0.02008332,6203,0.00011137,0.00000000,0,0.00000000,37888,37883,44,0.00076627
1773324695.24233890,0.02063279,6268,0.00021269,0.00000000,0,0.00000000,37883,37891,50,0.00192288
1773324695.34217739,0.04629755,6177,0.00021057,0.00000000,0,0.00000000,37891,37903,49,0.00210898
1773324695.44176626,0.02312700,6234,0.00015790,0.00000000,0,0.00000000,37903,37904,42,0.00177007
1773324695.54148340,0.02422698,6312,0.00015862,0.00000000,0,0.00000000,37904,37915,46,0.00200640
1773324695.64163947,0.01953151,6288,0.00008492,0.00000000,0,0.00000000,37915,37921,37,0.00089150
1773324695.74186492,0.05471538,6261,0.00054010,0.00000000,0,0.00000000,37921,37926,50,0.00175961
1773324695.84267402,0.04707942,6226,0.00051875,0.00000000,0,0.00000000,37926,37923,44,0.00084440
1773324695.94243813,0.04601776,6218,0.00057569,0.00000000,0,0.00000000,37923,37922,49,0.00079558
1773324696.04218411,0.04834548,6248,0.00039560,0.00000000,0,0.00000000,37922,37930,41,0.00077219
1773324696.14195967,0.03329459,6234,0.00014175,0.00000000,0,0.00000000,37930,37935,39,0.00127248
1773324696.24163675,0.02225403,6273,0.00011816,0.00000000,0,0.00000000,37935,37940,39,0.00264523
1773324696.34165573,0.02883300,6259,0.00046775,0.00000000,0,0.00000000,37940,37939,48,0.00264115
1773324696.44283152,0.02055809,6248,0.00008658,0.00000000,0,0.00000000,37939,37939,30,0.00166664
1773324696.54254365,0.01961886,6268,0.00010919,0.00000000,0,0.00000000,37939,37946,48,0.00235379
1773324696.64253259,0.01910276,6226,0.00010294,0.00000000,0,0.00000000,37946,37947,38,0.00094603
1773324696.74227762,0.02325029,6234,0.00016802,0.00000000,0,0.00000000,37947,37945,46,0.00086419
1773324696.84203696,0.04793888,6210,0.00030791,0.00000000,0,0.00000000,37945,37950,38,0.00092209
1773324696.94157887,0.04897547,6314,0.00041309,0.00000000,0,0.00000000,37950,37952,34,0.00146731
1773324697.04205775,0.05232703,6224,0.00054219,0.00000000,0,0.00000000,37952,37962,49,0.00081664
1773324697.14282799,0.04312003,6245,0.00024607,0.00000000,0,0.00000000,37962,37916,43,0.00118128
1773324697.24265838,0.02421905,6239,0.00019149,0.00000000,0,0.00000000,37916,37905,43,0.00225017
1773324697.34245658,0.03138266,6247,0.00047470,0.00000000,0,0.00000000,37905,37907,38,0.00192178
1773324697.44237924,0.03644262,6237,0.00018610,0.00000000,0,0.00000000,37907,37917,40,0.00339669
1773324697.54215789,0.01982244,6215,0.00011549,0.00000000,0,0.00000000,37917,37919,34,0.00286532
1773324697.64170146,0.02019140,6285,0.00014745,0.00000000,0,0.00000000,37919,37914,36,0.00311157
1773324697.74166989,0.02064707,6278,0.00013074,0.00000000,0,0.00000000,37914,37918,55,0.00094272
1773324697.84199977,0.04558948,6225,0.00035231,0.00000000,0,0.00000000,37918,37921,40,0.00318328
1773324697.94294477,0.04536694,6254,0.00054171,0.00000000,0,0.00000000,37921,37926,53,0.00135652
1773324698.04280567,0.04515789,6288,0.00055133,0.00000000,0,0.00000000,37926,37918,50,0.00203918
1773324698.14268827,0.04496154,6234,0.00046387,0.00000000,0,0.00000000,37918,37923,40,0.00153127
1773324698.24239564,0.02447199,6265,0.00010584,0.00000000,0,0.00000000,37923,37929,39,0.00072264
1773324698.34213042,0.02417490,6252,0.00012899,0.00000000,0,0.00000000,37929,37939,42,0.00201122
1773324698.44204426,0.02240547,6201,0.00011610,0.00000000,0,0.00000000,37939,37939,29,0.00175296
1773324698.54157090,0.02301416,6256,0.00018355,0.00000000,0,0.00000000,37939,37933,45,0.00212570
1773324698.64155364,0.01981057,6306,0.00010453,0.00000000,0,0.00000000,37933,37935,41,0.00212158
1773324698.74197888,0.01734081,6199,0.00011534,0.00000000,0,0.00000000,37935,37937,43,0.00091093
1773324698.84170175,0.01683606,6271,0.00011940,0.00000000,0,0.00000000,37937,37943,45,0.00181068
1773324698.94232464,0.03038989,6251,0.00042634,0.00000000,0,0.00000000,37943,37940,43,0.00085979
1773324699.04208159,0.03773406,6216,0.00038481,0.00000000,0,0.00000000,37940,37947,40,0.00151880
1773324699.14189315,0.03786028,6238,0.00047865,0.00000000,0,0.00000000,37947,37955,44,0.00083404
1773324699.24161434,0.02629220,6252,0.00008148,0.00000000,0,0.00000000,37955,37958,35,0.00078602
1773324699.34211564,0.01994763,6217,0.00016171,0.00000000,0,0.00000000,37958,37957,39,0.00221320
1773324699.44209123,0.02296382,6251,0.00013948,0.00000000,0,0.00000000,37957,37937,36,0.00287107
1773324699.54260230,0.02356508,6212,0.00012213,0.00000000,0,0.00000000,37937,37938,40,0.00278800
1773324699.64250159,0.02351799,6280,0.00011221,0.00000000,0,0.00000000,37938,37948,34,0.00277414
1773324699.74234343,0.01995718,6240,0.00012777,0.00000000,0,0.00000000,37948,37943,43,0.00081262
1773324699.84208107,0.01986935,6191,0.00010597,0.00000000,0,0.00000000,37943,37945,39,0.00102961
1773324699.94184875,0.03408776,6223,0.00053204,0.00000000,0,0.00000000,37945,37938,43,0.00079858
1773324700.04168582,0.04544639,6242,0.00046853,0.00000000,0,0.00000000,37938,37942,47,0.00168056
1773324700.14213204,0.04560994,6249,0.00017464,0.00000000,0,0.00000000,37942,37938,52,0.00088000
1773324700.24284935,0.02503009,6178,0.00010650,0.00000000,0,0.00000000,37938,37948,43,0.00072220
1773324700.34173799,0.02274623,6211,0.00012792,0.00000000,0,0.00000000,37948,37953,41,0.00215709
1773324700.44233561,0.02031608,6235,0.00013965,0.00000000,0,0.00000000,37953,37964,45,0.00261392
1773324700.54235697,0.01743855,6191,0.00012637,0.00000000,0,0.00000000,37964,37966,50,0.00263852
1773324700.64233422,0.02434810,6190,0.00015234,0.00000000,0,0.00000000,37966,37968,39,0.00075644
1773324700.74218631,0.01746580,6190,0.00011733,0.00000000,0,0.00000000,37968,37977,49,0.00077028
1773324700.84177780,0.04389651,6216,0.00032675,0.00000000,0,0.00000000,37977,37978,38,0.00099720
1773324700.94207430,0.04241600,6218,0.00048389,0.00000000,0,0.00000000,37978,37971,36,0.00089282
1773324701.04277635,0.04968025,6184,0.00045940,0.00000000,0,0.00000000,37971,37977,46,0.00087417
1773324701.14255929,0.05055815,6191,0.00036957,0.00000000,0,0.00000000,37977,37985,39,0.00138870
1773324701.24235249,0.02237609,6189,0.00012212,0.00000000,0,0.00000000,37985,37994,47,0.00087423
1773324701.34230351,0.02063218,6179,0.00012173,0.00000000,0,0.00000000,37994,38003,38,0.00186563
1773324701.44208694,0.02904055,6180,0.00013241,0.00000000,0,0.00000000,38003,38008,38,0.00275438
1773324701.54186463,0.02701382,6201,0.00018938,0.00000000,0,0.00000000,38008,38010,42,0.00288917
1773324701.64163113,0.01906657,6279,0.00011295,0.00000000,0,0.00000000,38010,38013,46,0.00196806
1773324701.74216652,0.02234859,6227,0.00014043,0.00000000,0,0.00000000,38013,38016,39,0.00076585
1773324701.84201026,0.02416236,6156,0.00014298,0.00000000,0,0.00000000,38016,38007,30,0.00267677
1773324701.94091749,0.04556676,6322,0.00050606,0.00000000,0,0.00000000,38007,38005,50,0.00145463
1773324702.04261899,0.04881948,6239,0.00045760,0.00000000,0,0.00000000,38005,38007,45,0.00074263
1773324702.14261532,0.03942308,6211,0.00011020,0.00000000,0,0.00000000,38007,38013,40,0.00157427
1773324702.24232244,0.02148577,6212,0.00010947,0.00000000,0,0.00000000,38013,38014,36,0.00120222
1773324702.34204817,0.02180818,6206,0.00013002,0.00000000,0,0.00000000,38014,38019,50,0.00320893
1773324702.44191027,0.03267791,6181,0.00010413,0.00000000,0,0.00000000,38019,38022,35,0.00223774
1773324702.54166508,0.02745086,6237,0.00022609,0.00000000,0,0.00000000,38022,38031,48,0.00259481
1773324702.64160919,0.02454005,6249,0.00011467,0.00000000,0,0.00000000,38031,38036,42,0.00271175
1773324702.74185014,0.02311243,6128,0.00011293,0.00000000,0,0.00000000,38036,38034,32,0.00133132
1773324702.84184265,0.02195981,6291,0.00012926,0.00000000,0,0.00000000,38034,38033,45,0.00265983
1773324702.94250298,0.04516184,6236,0.00012977,0.00000000,0,0.00000000,38033,38036,37,0.00140908
1773324703.04235125,0.04282299,6238,0.00050510,0.00000000,0,0.00000000,38036,38043,44,0.00120469
1773324703.14216089,0.04543940,6201,0.00058419,0.00000000,0,0.00000000,38043,38034,48,0.00116820
1773324703.24186945,0.02100816,6232,0.00011219,0.00000000,0,0.00000000,38034,38034,35,0.00087307
1773324703.34161735,0.02048171,6217,0.00008008,0.00000000,0,0.00000000,38034,38037,35,0.00198446
1773324703.44151759,0.01825259,6274,0.00016931,0.00000000,0,0.00000000,38037,38023,46,0.00342479
1773324703.54163146,0.02198180,6248,0.00012271,0.00000000,0,0.00000000,38023,38017,46,0.00280809
1773324703.64274645,0.02249743,6241,0.00010944,0.00000000,0,0.00000000,38017,38026,30,0.00254671
1773324703.74253225,0.01938384,6255,0.00007886,0.00000000,0,0.00000000,38026,38034,32,0.00094598
1773324703.84225821,0.04835228,6248,0.00038461,0.00000000,0,0.00000000,38034,38039,35,0.00113311
1773324703.94237971,0.04221023,6217,0.00058044,0.00000000,0,0.00000000,38039,38005,37,0.00084875
1773324704.04196715,0.04579852,6221,0.00040437,0.00000000,0,0.00000000,38005,38014,39,0.00107344
1773324704.14175272,0.03383827,6218,0.00011382,0.00000000,0,0.00000000,38014,38018,40,0.00154572
1773324704.24162292,0.01604416,6235,0.00012460,0.00000000,0,0.00000000,38018,38013,43,0.00204405
1773324704.34162641,0.02008476,6254,0.00013620,0.00000000,0,0.00000000,38013,38000,46,0.00223948
1773324704.44194531,0.01847339,6245,0.00010695,0.00000000,0,0.00000000,38000,38003,44,0.00171291
1773324704.54289174,0.01797949,6184,0.00010805,0.00000000,0,0.00000000,38003,38001,44,0.00227820
1773324704.64155817,0.01848230,6309,0.00012357,0.00000000,0,0.00000000,38001,38007,49,0.00079360
1773324704.74254489,0.01817231,6248,0.00012041,0.00000000,0,0.00000000,38007,38013,44,0.00088656
1773324704.84225440,0.03206494,6256,0.00039154,0.00000000,0,0.00000000,38013,38017,43,0.00083874
1773324704.94213104,0.04849153,6243,0.00041566,0.00000000,0,0.00000000,38017,38007,35,0.00082298
1773324705.04193687,0.05389434,6254,0.00040676,0.00000000,0,0.00000000,38007,38015,47,0.00077859
1773324705.14168096,0.04039822,6249,0.00039845,0.00000000,0,0.00000000,38015,38012,41,0.00076147
1773324705.24168873,0.01940879,6264,0.00014877,0.00000000,0,0.00000000,38012,38018,53,0.00087888
1773324705.34190965,0.02544992,6258,0.00017942,0.00000000,0,0.00000000,38018,38021,53,0.00132642
1773324705.44280148,0.02557560,6209,0.00016463,0.00000000,0,0.00000000,38021,38023,51,0.00170035
1773324705.54161811,0.02286078,6243,0.00017732,0.00000000,0,0.00000000,38023,38030,36,0.00261511
1773324705.64251566,0.02462588,6209,0.00011321,0.00000000,0,0.00000000,38030,38033,47,0.00282559
1773324705.74231791,0.02155851,6247,0.00008554,0.00000000,0,0.00000000,38033,38041,38,0.00076449
1773324705.84199739,0.01637598,6231,0.00010535,0.00000000,0,0.00000000,38041,38048,45,0.00166207
1773324705.94185948,0.04131773,6254,0.00045594,0.00000000,0,0.00000000,38048,38058,41,0.00077148
1773324706.04172635,0.04811668,6322,0.00038010,0.00000000,0,0.00000000,38058,38068,39,0.00072399
1773324706.14171743,0.03271034,6299,0.00012112,0.00000000,0,0.00000000,38068,38070,45,0.00086689
1773324706.24206543,0.02587048,6253,0.00021249,0.00000000,0,0.00000000,38070,38080,38,0.00088529
1773324706.34189558,0.02731242,6226,0.00043104,0.00000000,0,0.00000000,38080,38076,47,0.00122164
1773324706.44181347,0.02472301,6272,0.00009801,0.00000000,0,0.00000000,38076,38079,41,0.00160545
1773324706.54273987,0.01968544,6240,0.00008436,0.00000000,0,0.00000000,38079,38082,42,0.00250637
1773324706.64252090,0.02413075,6216,0.00007159,0.00000000,0,0.00000000,38082,38084,37,0.00153436
1773324706.74240732,0.01710940,6267,0.00013578,0.00000000,0,0.00000000,38084,38086,49,0.00168992
1773324706.84215403,0.03901828,6219,0.00054356,0.00000000,0,0.00000000,38086,38093,54,0.00080983
1773324706.94193578,0.04198664,6222,0.00059145,0.00000000,0,0.00000000,38093,38100,49,0.00092095
1773324707.04173827,0.04775653,6217,0.00045709,0.00000000,0,0.00000000,38100,38101,38,0.00081104
1773324707.14161086,0.03812912,6273,0.00015432,0.00000000,0,0.00000000,38101,38095,49,0.00083470
1773324707.24159431,0.02215136,6196,0.00016707,0.00000000,0,0.00000000,38095,38094,37,0.00143516
1773324707.34204054,0.02477287,6326,0.00014908,0.00000000,0,0.00000000,38094,38088,38,0.00237164
1773324707.44269753,0.03683808,6230,0.00016881,0.00000000,0,0.00000000,38088,38084,48,0.00214740
1773324707.54250383,0.02211073,6182,0.00013885,0.00000000,0,0.00000000,38084,38075,38,0.00328589
1773324707.64218402,0.02174880,6238,0.00008119,0.00000000,0,0.00000000,38075,38068,38,0.00310868
1773324707.74222302,0.02214853,6213,0.00009262,0.00000000,0,0.00000000,38068,38075,39,0.00108438
1773324707.84190154,0.02093301,6243,0.00007965,0.00000000,0,0.00000000,38075,38073,34,0.00192845
1773324707.94164371,0.03534799,6286,0.00029509,0.00000000,0,0.00000000,38073,38072,31,0.00096327
1773324708.04166126,0.03689315,6269,0.00036805,0.00000000,0,0.00000000,38072,38073,36,0.00076976
1773324708.14170933,0.03615605,6273,0.00035547,0.00000000,0,0.00000000,38073,38080,39,0.00146754
1773324708.24281597,0.02450170,6248,0.00013818,0.00000000,0,0.00000000,38080,38087,47,0.00077429
1773324708.34267521,0.01781169,6276,0.00010946,0.00000000,0,0.00000000,38087,38086,32,0.00236201
1773324708.44260216,0.01740866,6268,0.00009201,0.00000000,0,0.00000000,38086,38080,34,0.00268643
1773324708.54244375,0.01698357,6211,0.00007389,0.00000000,0,0.00000000,38080,38079,30,0.00281954
1773324708.64221406,0.01689934,6260,0.00012310,0.00000000,0,0.00000000,38079,38074,36,0.00174038
1773324708.74204111,0.01942345,6260,0.00010509,0.00000000,0,0.00000000,38074,38069,37,0.00083271
1773324708.84196734,0.04428226,6205,0.00040657,0.00000000,0,0.00000000,38069,38068,49,0.00080309
1773324708.94160700,0.03769387,6279,0.00042427,0.00000000,0,0.00000000,38068,38073,48,0.00097845
1773324709.04176998,0.03685230,6265,0.00034860,0.00000000,0,0.00000000,38073,38063,33,0.00079814
1773324709.14205480,0.03390207,6226,0.00039303,0.00000000,0,0.00000000,38063,38066,31,0.00085122
1773324709.24243021,0.02898988,6244,0.00013632,0.00000000,0,0.00000000,38066,38072,44,0.00104816
1773324709.34273815,0.01511398,6263,0.00011822,0.00000000,0,0.00000000,38072,38077,51,0.00188085
1773324709.44254637,0.01806481,6228,0.00008226,0.00000000,0,0.00000000,38077,38083,31,0.00183124
1773324709.54240751,0.01735488,6252,0.00015768,0.00000000,0,0.00000000,38083,38068,36,0.00239151
1773324709.64234185,0.01929098,6263,0.00013830,0.00000000,0,0.00000000,38068,38047,30,0.00183432
1773324709.74220109,0.01868782,6220,0.00007088,0.00000000,0,0.00000000,38047,38051,29,0.00073592
1773324709.84189653,0.03122564,6213,0.00037568,0.00000000,0,0.00000000,38051,38060,42,0.00164707
1773324709.94168520,0.03702948,6230,0.00030817,0.00000000,0,0.00000000,38060,38065,32,0.00146957
1773324710.04162717,0.03636943,6303,0.00045691,0.00000000,0,0.00000000,38065,38063,37,0.00081840
1773324710.14170337,0.03414060,6255,0.00011988,0.00000000,0,0.00000000,38063,38061,41,0.00078660
1773324710.24189568,0.01923147,6273,0.00009965,0.00000000,0,0.00000000,38061,38067,35,0.00077660
1773324710.34281850,0.02083433,6235,0.00030047,0.00000000,0,0.00000000,38067,38071,34,0.00164660
1773324710.44256234,0.01532583,6223,0.00011110,0.00000000,0,0.00000000,38071,38056,34,0.00163013
1773324710.54238057,0.01468824,6272,0.00009450,0.00000000,0,0.00000000,38056,38061,34,0.00244191
1773324710.64236546,0.01704332,6260,0.00011003,0.00000000,0,0.00000000,38061,38075,43,0.00102482
1773324710.74230218,0.01565340,6183,0.00012989,0.00000000,0,0.00000000,38075,38078,51,0.00115603
1773324710.84191799,0.02378327,6249,0.00034786,0.00000000,0,0.00000000,38078,38082,37,0.00078612
1773324710.94175005,0.03361731,6226,0.00029630,0.00000000,0,0.00000000,38082,38082,35,0.00080782
1773324711.04153728,0.03265680,6256,0.00031291,0.00000000,0,0.00000000,38082,38084,33,0.00077731
1773324711.14153123,0.03257197,6273,0.00032726,0.00000000,0,0.00000000,38084,38092,31,0.00073298
1773324711.24119639,0.03274119,6362,0.00022465,0.00000000,0,0.00000000,38092,38094,32,0.00080021
1773324711.34313822,0.01458184,6274,0.00013835,0.00000000,0,0.00000000,38094,38087,39,0.00202054
1773324711.44273043,0.02272248,6263,0.00017625,0.00000000,0,0.00000000,38087,38078,44,0.00271184
1773324711.54261374,0.02281858,6284,0.00013578,0.00000000,0,0.00000000,38078,38082,34,0.00273178
1773324711.64264131,0.02468636,6268,0.00012805,0.00000000,0,0.00000000,38082,38091,37,0.00305271
1773324711.74246335,0.01960280,6229,0.00013304,0.00000000,0,0.00000000,38091,38098,39,0.00082975
1773324711.84231353,0.02569993,6276,0.00058888,0.00000000,0,0.00000000,38098,38112,50,0.00130656
1773324711.94210720,0.03259126,6279,0.00053536,0.00000000,0,0.00000000,38112,38096,39,0.00142578
1773324712.04192924,0.04268347,6269,0.00049094,0.00000000,0,0.00000000,38096,38109,40,0.00202951
1773324712.14174533,0.04226525,6285,0.00060185,0.00000000,0,0.00000000,38109,38068,36,0.00111066
1773324712.24157190,0.01943636,6360,0.00012354,0.00000000,0,0.00000000,38068,38073,36,0.00119047
1773324712.34177041,0.02129787,6267,0.00022212,0.00000000,0,0.00000000,38073,38071,26,0.00271345
1773324712.44178891,0.03919698,6334,0.00014177,0.00000000,0,0.00000000,38071,38078,32,0.00293804
1773324712.54278326,0.02014479,6334,0.00009585,0.00000000,0,0.00000000,38078,38085,37,0.00311896
1773324712.64275432,0.01734709,6289,0.00011606,0.00000000,0,0.00000000,38085,38074,28,0.00312334
1773324712.74257040,0.01707156,6284,0.00007343,0.00000000,0,0.00000000,38074,38083,30,0.00095354
1773324712.84239078,0.01394340,6301,0.00007547,0.00000000,0,0.00000000,38083,38089,29,0.00288271
1773324712.94219851,0.02813740,6275,0.00032529,0.00000000,0,0.00000000,38089,38091,36,0.00084679
1773324713.04194212,0.03650657,6304,0.00050755,0.00000000,0,0.00000000,38091,38094,43,0.00083224
1773324713.14172602,0.04037617,6305,0.00012228,0.00000000,0,0.00000000,38094,38106,31,0.00077457
1773324713.24161339,0.02083984,6339,0.00006302,0.00000000,0,0.00000000,38106,38105,22,0.00080009
1773324713.34162283,0.02127853,6346,0.00012542,0.00000000,0,0.00000000,38105,38107,32,0.00266782
1773324713.44167018,0.02099877,6393,0.00014953,0.00000000,0,0.00000000,38107,38092,41,0.00233599
1773324713.54192424,0.01730864,6337,0.00008621,0.00000000,0,0.00000000,38092,38098,24,0.00281902
1773324713.64277792,0.01855895,6306,0.00012931,0.00000000,0,0.00000000,38098,38098,43,0.00130822
1773324713.74259782,0.01893209,6337,0.00011715,0.00000000,0,0.00000000,38098,38105,47,0.00081387
1773324713.84258056,0.02912826,6285,0.00034033,0.00000000,0,0.00000000,38105,38112,39,0.00083962
1773324713.94227028,0.03084100,6349,0.00036785,0.00000000,0,0.00000000,38112,38118,41,0.00082496
1773324714.04225516,0.03147444,6311,0.00051071,0.00000000,0,0.00000000,38118,38123,39,0.00081215
1773324714.14251590,0.03480345,6315,0.00034258,0.00000000,0,0.00000000,38123,38130,32,0.00154171
1773324714.24194431,0.01472168,6305,0.00011063,0.00000000,0,0.00000000,38130,38128,37,0.00181713
1773324714.34162617,0.02375561,6330,0.00032193,0.00000000,0,0.00000000,38128,38134,37,0.00254247
1773324714.44154692,0.01825325,6346,0.00013152,0.00000000,0,0.00000000,38134,38133,41,0.00159356
1773324714.54208279,0.01329801,6299,0.00006219,0.00000000,0,0.00000000,38133,38142,32,0.00263851
1773324714.64188600,0.01668830,6338,0.00008763,0.00000000,0,0.00000000,38142,38143,33,0.00082915
1773324714.74280214,0.01644343,6303,0.00008453,0.00000000,0,0.00000000,38143,38151,36,0.00105444
1773324714.84163046,0.02805706,6269,0.00033405,0.00000000,0,0.00000000,38151,38155,34,0.00083244
1773324714.94157314,0.03172362,6285,0.00025032,0.00000000,0,0.00000000,38155,38157,19,0.00077828
1773324715.04241586,0.03382226,6256,0.00031888,0.00000000,0,0.00000000,38157,38160,32,0.00079026
1773324715.14247489,0.02983352,6262,0.00026138,0.00000000,0,0.00000000,38160,38163,23,0.00088356
1773324715.24207044,0.02931398,6266,0.00034970,0.00000000,0,0.00000000,38163,38164,34,0.00140904
1773324715.34205246,0.01679896,6189,0.00009439,0.00000000,0,0.00000000,38164,38165,24,0.00083483
1773324715.44184732,0.01312445,6194,0.00007487,0.00000000,0,0.00000000,38165,38161,20,0.00183573
1773324715.54175067,0.01676266,6173,0.00010367,0.00000000,0,0.00000000,38161,38167,37,0.00228755
1773324715.64155865,0.01746899,6210,0.00016525,0.00000000,0,0.00000000,38167,38130,35,0.00175386
1773324715.74163771,0.01364798,6234,0.00009251,0.00000000,0,0.00000000,38130,38134,43,0.00102538
1773324715.84189296,0.03708832,6255,0.00036166,0.00000000,0,0.00000000,38134,38134,42,0.00094029
1773324715.94285774,0.03866703,6205,0.00032325,0.00000000,0,0.00000000,38134,38135,33,0.00152673
1773324716.04269624,0.03628772,6201,0.00033177,0.00000000,0,0.00000000,38135,38129,32,0.00122445
1773324716.14251351,0.03599150,6252,0.00035522,0.00000000,0,0.00000000,38129,38130,32,0.00083229
1773324716.24258375,0.02828977,6212,0.00023502,0.00000000,0,0.00000000,38130,38132,25,0.00142889
1773324716.34231281,0.01313389,6200,0.00007771,0.00000000,0,0.00000000,38132,38133,27,0.00185602
1773324716.44211578,0.01590974,6186,0.00006048,0.00000000,0,0.00000000,38133,38136,25,0.00171870
1773324716.54199338,0.01568587,6159,0.00008291,0.00000000,0,0.00000000,38136,38137,28,0.00257951
1773324716.64184403,0.01331706,6164,0.00008548,0.00000000,0,0.00000000,38137,38140,32,0.00180740
1773324716.74171829,0.01281517,6145,0.00009796,0.00000000,0,0.00000000,38140,38147,34,0.00082479
1773324716.84163642,0.02194318,6161,0.00039081,0.00000000,0,0.00000000,38147,38152,37,0.00155805
1773324716.94195318,0.03572089,6111,0.00056721,0.00000000,0,0.00000000,38152,38143,39,0.00077949
1773324717.04181194,0.03373045,6147,0.00039147,0.00000000,0,0.00000000,38143,38144,32,0.00083503
1773324717.14295197,0.03636676,6042,0.00025754,0.00000000,0,0.00000000,38144,38145,22,0.00079024
1773324717.24271870,0.03351986,6082,0.00021258,0.00000000,0,0.00000000,38145,38146,19,0.00151275
1773324717.34275174,0.01778781,6107,0.00013998,0.00000000,0,0.00000000,38146,38155,39,0.00265969
1773324717.44260764,0.01983821,6015,0.00018401,0.00000000,0,0.00000000,38155,38159,31,0.00238140
1773324717.54246998,0.01678114,6041,0.00007868,0.00000000,0,0.00000000,38159,38166,30,0.00186907
1773324717.64237642,0.02004166,6006,0.00007257,0.00000000,0,0.00000000,38166,38171,27,0.00302850
1773324717.74213672,0.01625642,6031,0.00009642,0.00000000,0,0.00000000,38171,38157,31,0.00239776
1773324717.84192228,0.01559169,5995,0.00009683,0.00000000,0,0.00000000,38157,38145,30,0.00078901
1773324717.94181657,0.01716660,6029,0.00007044,0.00000000,0,0.00000000,38145,38143,22,0.00080513
1773324718.04163456,0.02867072,5995,0.00048578,0.00000000,0,0.00000000,38143,38146,38,0.00146798
1773324718.14168501,0.03584889,5999,0.00041986,0.00000000,0,0.00000000,38146,38155,44,0.00075965
1773324718.24207592,0.01745722,6008,0.00006217,0.00000000,0,0.00000000,38155,38160,20,0.00079282
1773324718.34194064,0.02031913,5974,0.00025961,0.00000000,0,0.00000000,38160,38148,22,0.00112200
1773324718.44287419,0.01360106,5924,0.00009565,0.00000000,0,0.00000000,38148,38153,35,0.00215129
1773324718.54273081,0.01186286,5978,0.00007332,0.00000000,0,0.00000000,38153,38159,29,0.00301126
1773324718.64277244,0.01332013,6019,0.00007415,0.00000000,0,0.00000000,38159,38147,23,0.00221192
1773324718.74236393,0.01254142,5933,0.00005903,0.00000000,0,0.00000000,38147,38150,29,0.00164583
1773324718.84234691,0.02667414,5969,0.00025272,0.00000000,0,0.00000000,38150,38155,23,0.00080593
1773324718.94219542,0.03153862,5913,0.00029770,0.00000000,0,0.00000000,38155,38139,30,0.00082858
1773324719.04206562,0.02867556,5950,0.00032118,0.00000000,0,0.00000000,38139,38136,27,0.00075277
1773324719.14190054,0.02630225,5934,0.00035699,0.00000000,0,0.00000000,38136,38145,27,0.00082912
1773324719.24167824,0.02822617,5868,0.00030008,0.00000000,0,0.00000000,38145,38143,21,0.00189394
1773324719.34165883,0.01283235,5820,0.00006139,0.00000000,0,0.00000000,38143,38149,28,0.00151655
1773324719.44164753,0.01381111,5803,0.00008028,0.00000000,0,0.00000000,38149,38155,26,0.00188497
1773324719.54193926,0.01624902,5678,0.00011378,0.00000000,0,0.00000000,38155,38163,29,0.00215056
1773324719.64285588,0.01348328,5480,0.00006169,0.00000000,0,0.00000000,38163,38169,22,0.00242363
1773324719.74177980,0.01111265,5365,0.00007244,0.00000000,0,0.00000000,38169,38160,23,0.00080124
1773324719.84314632,0.01168262,5305,0.00010867,0.00000000,0,0.00000000,38160,38138,33,0.00080825
1773324719.94238019,0.02892254,5203,0.00030625,0.00000000,0,0.00000000,38138,38117,21,0.00170154
1773324720.04241228,0.02892777,5209,0.00033336,0.00000000,0,0.00000000,38117,38122,26,0.00075608
1773324720.14236522,0.02531922,4998,0.00038347,0.00000000,0,0.00000000,38122,38114,27,0.00147618
1773324720.24221659,0.02030839,4817,0.00026115,0.00000000,0,0.00000000,38114,38119,23,0.00097684
1773324720.34202123,0.00965506,4736,0.00006896,0.00000000,0,0.00000000,38119,38113,19,0.00189016
1773324720.44175410,0.01053909,4649,0.00006178,0.00000000,0,0.00000000,38113,38118,27,0.00174039
1773324720.54174662,0.01250593,4622,0.00003735,0.00000000,0,0.00000000,38118,38115,14,0.00262067
1773324720.64165950,0.01036283,4576,0.00007295,0.00000000,0,0.00000000,38115,38114,22,0.00218965
1773324720.74210310,0.00899199,4536,0.00003577,0.00000000,0,0.00000000,38114,38118,17,0.00077465
1773324720.84210896,0.01344815,4542,0.00007502,0.00000000,0,0.00000000,38118,38119,23,0.00079613
1773324720.94217682,0.02285515,4453,0.00025851,0.00000000,0,0.00000000,38119,38119,21,0.00089760
1773324721.04186296,0.01811039,4450,0.00019990,0.00000000,0,0.00000000,38119,38123,21,0.00081235
1773324721.14177966,0.02243655,4447,0.00015256,0.00000000,0,0.00000000,38123,38126,22,0.00146666
1773324721.24157333,0.02069499,4368,0.00017306,0.00000000,0,0.00000000,38126,38131,15,0.00118221
1773324721.34232974,0.01022120,4388,0.00004627,0.00000000,0,0.00000000,38131,38133,19,0.00256129
1773324721.44228911,0.01024024,4280,0.00004806,0.00000000,0,0.00000000,38133,38137,19,0.00170524
1773324721.54231358,0.01089060,4189,0.00008143,0.00000000,0,0.00000000,38137,38144,27,0.00225078
1773324721.64210129,0.01019966,4008,0.00004427,0.00000000,0,0.00000000,38144,38148,19,0.00161785
1773324721.74199009,0.00973093,4045,0.00003410,0.00000000,0,0.00000000,38148,38145,19,0.00154293
1773324721.84183168,0.01907445,3893,0.00014392,0.00000000,0,0.00000000,38145,38147,13,0.00087321
1773324721.94165945,0.03925060,4087,0.00032155,0.00000000,0,0.00000000,38147,38140,25,0.00083735
1773324722.04158640,0.02717845,4293,0.00026408,0.00000000,0,0.00000000,38140,38135,20,0.00157109
1773324722.14163709,0.02773834,4346,0.00027549,0.00000000,0,0.00000000,38135,38140,24,0.00149294
1773324722.24218035,0.02592766,4498,0.00031376,0.00000000,0,0.00000000,38140,38134,27,0.00246154
1773324722.34197974,0.01403231,4580,0.00005965,0.00000000,0,0.00000000,38134,38138,18,0.00308159
1773324722.44214964,0.02874675,4591,0.00025874,0.00000000,0,0.00000000,38138,38146,22,0.00338467
1773324722.54172063,0.01577206,4606,0.00006580,0.00000000,0,0.00000000,38146,38147,22,0.00190162
1773324722.64252853,0.01275892,4700,0.00006019,0.00000000,0,0.00000000,38147,38144,28,0.00218184
1773324722.74245334,0.01142840,4707,0.00005608,0.00000000,0,0.00000000,38144,38141,28,0.00216259
1773324722.84241986,0.01457328,4763,0.00007941,0.00000000,0,0.00000000,38141,38137,27,0.00275736
1773324722.94226480,0.02657013,4794,0.00035278,0.00000000,0,0.00000000,38137,38144,27,0.00095024
1773324723.04212213,0.02325777,4930,0.00025711,0.00000000,0,0.00000000,38144,38148,19,0.00075428
1773324723.14206123,0.02817388,5206,0.00041479,0.00000000,0,0.00000000,38148,38144,30,0.00079142
1773324723.24183226,0.02042267,5391,0.00006275,0.00000000,0,0.00000000,38144,38149,22,0.00078475
1773324723.34160542,0.02807423,5740,0.00028625,0.00000000,0,0.00000000,38149,38148,30,0.00133774
1773324723.44218516,0.01218161,5842,0.00007457,0.00000000,0,0.00000000,38148,38153,32,0.00177422
1773324723.54156184,0.01198351,5975,0.00009061,0.00000000,0,0.00000000,38153,38157,36,0.00155223
1773324723.64240479,0.01426547,6004,0.00009337,0.00000000,0,0.00000000,38157,38164,26,0.00257445
1773324723.74188519,0.01485474,6062,0.00012962,0.00000000,0,0.00000000,38164,38174,47,0.00165609
1773324723.84280062,0.03255758,6064,0.00041943,0.00000000,0,0.00000000,38174,38181,38,0.00078431
1773324723.94171190,0.02632336,6064,0.00045402,0.00000000,0,0.00000000,38181,38184,41,0.00083893
1773324724.04260612,0.03368155,6093,0.00044191,0.00000000,0,0.00000000,38184,38177,38,0.00158201
1773324724.14258432,0.03213066,6081,0.00043078,0.00000000,0,0.00000000,38177,38174,38,0.00078093
1773324724.24247503,0.01557913,6096,0.00009747,0.00000000,0,0.00000000,38174,38178,36,0.00187227
1773324724.34241605,0.01625506,6088,0.00028583,0.00000000,0,0.00000000,38178,38181,33,0.00252662
1773324724.44219828,0.01499895,6161,0.00006816,0.00000000,0,0.00000000,38181,38186,31,0.00282618
1773324724.54215908,0.01622551,6099,0.00008153,0.00000000,0,0.00000000,38186,38195,34,0.00187776
1773324724.64259410,0.01241139,6116,0.00008753,0.00000000,0,0.00000000,38195,38201,36,0.00170547
1773324724.74191833,0.01254758,6106,0.00007686,0.00000000,0,0.00000000,38201,38205,33,0.00099728
1773324724.84170604,0.01590613,6171,0.00019517,0.00000000,0,0.00000000,38205,38192,38,0.00149296
1773324724.94172120,0.03298833,6171,0.00037362,0.00000000,0,0.00000000,38192,38195,39,0.00150526
1773324725.04162717,0.02886590,6174,0.00027203,0.00000000,0,0.00000000,38195,38200,28,0.00095907
1773324725.14168119,0.02947654,6154,0.00047578,0.00000000,0,0.00000000,38200,38205,41,0.00077959
1773324725.24291825,0.01369517,6159,0.00011741,0.00000000,0,0.00000000,38205,38212,42,0.00158399
1773324725.34281754,0.02283460,6171,0.00038702,0.00000000,0,0.00000000,38212,38216,29,0.00215258
1773324725.44264674,0.01494835,6175,0.00011532,0.00000000,0,0.00000000,38216,38220,39,0.00179708
1773324725.54274821,0.01362825,6143,0.00008210,0.00000000,0,0.00000000,38220,38226,37,0.00209622
1773324725.64265037,0.01591083,6232,0.00007466,0.00000000,0,0.00000000,38226,38228,31,0.00166106
1773324725.74244022,0.01521604,6185,0.00005916,0.00000000,0,0.00000000,38228,38233,28,0.00168333
1773324725.84232020,0.03631918,6166,0.00058667,0.00000000,0,0.00000000,38233,38206,45,0.00078782
1773324725.94207668,0.02833982,6218,0.00022814,0.00000000,0,0.00000000,38206,38216,30,0.00076712
1773324726.04199433,0.03220902,6231,0.00049670,0.00000000,0,0.00000000,38216,38222,42,0.00079980
1773324726.14184952,0.03368358,6231,0.00048997,0.00000000,0,0.00000000,38222,38227,42,0.00157796
1773324726.24169874,0.03037221,6229,0.00009889,0.00000000,0,0.00000000,38227,38226,38,0.00148950
1773324726.34157252,0.01500149,6241,0.00007914,0.00000000,0,0.00000000,38226,38227,29,0.00173790
1773324726.44160390,0.01896656,6284,0.00013141,0.00000000,0,0.00000000,38227,38231,50,0.00165122
1773324726.54177785,0.01609825,6260,0.00018970,0.00000000,0,0.00000000,38231,38220,49,0.00259638
1773324726.64165139,0.01802725,6264,0.00011043,0.00000000,0,0.00000000,38220,38230,42,0.00281864
1773324726.74277282,0.01780226,6221,0.00006452,0.00000000,0,0.00000000,38230,38235,28,0.00085893
1773324726.84188414,0.03916022,6280,0.00061781,0.00000000,0,0.00000000,38235,38210,38,0.00077552
1773324726.94277525,0.03569353,6221,0.00055726,0.00000000,0,0.00000000,38210,38220,49,0.00080200
1773324727.04262543,0.03901220,6245,0.00034848,0.00000000,0,0.00000000,38220,38227,37,0.00079030
1773324727.14253998,0.03881012,6269,0.00029717,0.00000000,0,0.00000000,38227,38233,26,0.00078353
1773324727.24239397,0.04656015,6291,0.00049321,0.00000000,0,0.00000000,38233,38237,42,0.00191149
1773324727.34240174,0.02304289,6286,0.00016227,0.00000000,0,0.00000000,38237,38242,37,0.00330804
1773324727.44220138,0.02263723,6282,0.00016353,0.00000000,0,0.00000000,38242,38245,44,0.00204629
1773324727.54201674,0.02260321,6300,0.00014228,0.00000000,0,0.00000000,38245,38237,41,0.00247974
1773324727.64194703,0.02220823,6286,0.00009012,0.00000000,0,0.00000000,38237,38244,39,0.00290710
1773324727.74180317,0.02204338,6258,0.00015864,0.00000000,0,0.00000000,38244,38230,36,0.00145638
1773324727.84171176,0.01989291,6275,0.00013500,0.00000000,0,0.00000000,38230,38243,35,0.00123219
1773324727.94160008,0.03303372,6292,0.00040812,0.00000000,0,0.00000000,38243,38239,37,0.00115346
1773324728.04210067,0.03694215,6290,0.00035336,0.00000000,0,0.00000000,38239,38249,32,0.00086117
1773324728.14179730,0.03747042,6250,0.00030484,0.00000000,0,0.00000000,38249,38250,30,0.00200132
1773324728.24163485,0.02271170,6243,0.00010277,0.00000000,0,0.00000000,38250,38251,35,0.00106129
1773324728.34153676,0.01883219,6347,0.00012227,0.00000000,0,0.00000000,38251,38256,38,0.00078786
1773324728.44263983,0.01510939,6269,0.00010804,0.00000000,0,0.00000000,38256,38258,37,0.00116266
1773324728.54253793,0.02070653,6283,0.00007593,0.00000000,0,0.00000000,38258,38259,31,0.00204122
1773324728.64260435,0.01890109,6277,0.00011633,0.00000000,0,0.00000000,38259,38258,40,0.00228879
1773324728.74244356,0.01561236,6279,0.00007791,0.00000000,0,0.00000000,38258,38264,32,0.00095275
1773324728.84238577,0.02923272,6252,0.00033476,0.00000000,0,0.00000000,38264,38272,40,0.00078527
1773324728.94224811,0.03445532,6312,0.00045619,0.00000000,0,0.00000000,38272,38272,38,0.00100895
1773324729.04227710,0.03812486,6272,0.00039434,0.00000000,0,0.00000000,38272,38279,47,0.00078510
1773324729.14208150,0.03246300,6268,0.00035142,0.00000000,0,0.00000000,38279,38278,41,0.00083201
1773324729.24190021,0.02502112,6273,0.00015144,0.00000000,0,0.00000000,38278,38283,50,0.00194334
1773324729.34181333,0.01563412,6241,0.00012556,0.00000000,0,0.00000000,38283,38288,45,0.00154250
1773324729.44167066,0.02499241,6258,0.00016919,0.00000000,0,0.00000000,38288,38284,48,0.00254916
1773324729.54173470,0.02201478,6300,0.00019793,0.00000000,0,0.00000000,38284,38281,43,0.00198728
1773324729.64215136,0.02090751,6264,0.00027265,0.00000000,0,0.00000000,38281,38257,46,0.00274336
1773324729.74200225,0.01599998,6288,0.00012741,0.00000000,0,0.00000000,38257,38257,40,0.00085778
1773324729.84188056,0.01593217,6303,0.00010523,0.00000000,0,0.00000000,38257,38253,36,0.00179471
1773324729.94284415,0.03012347,6266,0.00021944,0.00000000,0,0.00000000,38253,38232,36,0.00139960
1773324730.04284239,0.03176204,6287,0.00053284,0.00000000,0,0.00000000,38232,38232,35,0.00119293
1773324730.14350510,0.04209543,6252,0.00017409,0.00000000,0,0.00000000,38232,38224,38,0.00098158
1773324730.24255753,0.02193941,6159,0.00014382,0.00000000,0,0.00000000,38224,38212,38,0.00078918
1773324730.34218884,0.01790422,6348,0.00018779,0.00000000,0,0.00000000,38212,38220,49,0.00222692
1773324730.44235730,0.01889942,6275,0.00009348,0.00000000,0,0.00000000,38220,38225,39,0.00278334
1773324730.54233193,0.01405113,6282,0.00008750,0.00000000,0,0.00000000,38225,38228,41,0.00175400
1773324730.64273930,0.01606515,6215,0.00010317,0.00000000,0,0.00000000,38228,38244,38,0.00139515
1773324730.74202514,0.01644788,6272,0.00010406,0.00000000,0,0.00000000,38244,38254,45,0.00085348
1773324730.84192395,0.04097282,6287,0.00039936,0.00000000,0,0.00000000,38254,38263,40,0.00080059
1773324730.94181609,0.03995187,6254,0.00052515,0.00000000,0,0.00000000,38263,38271,45,0.00079168
1773324731.04170275,0.03721763,6232,0.00047068,0.00000000,0,0.00000000,38271,38267,40,0.00079371
1773324731.14157796,0.04191474,6230,0.00046554,0.00000000,0,0.00000000,38267,38271,42,0.00086972
1773324731.24163938,0.02285691,6233,0.00014004,0.00000000,0,0.00000000,38271,38287,52,0.00174741
1773324731.34170103,0.02273590,6182,0.00018337,0.00000000,0,0.00000000,38287,38297,34,0.00206082
1773324731.44193578,0.03212451,6248,0.00024364,0.00000000,0,0.00000000,38297,38295,43,0.00366507
1773324731.54203463,0.01782301,6185,0.00013277,0.00000000,0,0.00000000,38295,38288,41,0.00273343
1773324731.64193225,0.01648094,6197,0.00019140,0.00000000,0,0.00000000,38288,38270,44,0.00186572
1773324731.74194217,0.02219659,6173,0.00020231,0.00000000,0,0.00000000,38270,38272,44,0.00153474
1773324731.84170580,0.02137702,6166,0.00024521,0.00000000,0,0.00000000,38272,38280,57,0.00185944
1773324731.94259477,0.04408754,6212,0.00031542,0.00000000,0,0.00000000,38280,38287,36,0.00151628
1773324732.04269218,0.04128840,6172,0.00037525,0.00000000,0,0.00000000,38287,38294,38,0.00084551
1773324732.14264894,0.03938874,6163,0.00044905,0.00000000,0,0.00000000,38294,38307,47,0.00117811
1773324732.24259686,0.02718213,6191,0.00016549,0.00000000,0,0.00000000,38307,38295,44,0.00090854
1773324732.34309769,0.02103257,6196,0.00010064,0.00000000,0,0.00000000,38295,38299,35,0.00261588
1773324732.44244361,0.03322084,6154,0.00016104,0.00000000,0,0.00000000,38299,38304,37,0.00246926
1773324732.54213405,0.01975880,6187,0.00012780,0.00000000,0,0.00000000,38304,38299,34,0.00230067
1773324732.64209843,0.01598227,6173,0.00012617,0.00000000,0,0.00000000,38299,38295,45,0.00200561
1773324732.74200344,0.01595652,6202,0.00007933,0.00000000,0,0.00000000,38295,38302,39,0.00095422
1773324732.84185123,0.01669469,6168,0.00013664,0.00000000,0,0.00000000,38302,38307,50,0.00168708
1773324732.94162655,0.01594054,6230,0.00008266,0.00000000,0,0.00000000,38307,38302,36,0.00086264
1773324733.04176068,0.04130902,6156,0.00046426,0.00000000,0,0.00000000,38302,38304,35,0.00081288
1773324733.14166737,0.04102996,6186,0.00036307,0.00000000,0,0.00000000,38304,38305,39,0.00082267
1773324733.24176621,0.02065070,6158,0.00012872,0.00000000,0,0.00000000,38305,38307,33,0.00087941
1773324733.34151101,0.03205446,6250,0.00049147,0.00000000,0,0.00000000,38307,38307,46,0.00079368
1773324733.44293880,0.02143726,6175,0.00010341,0.00000000,0,0.00000000,38307,38314,38,0.00204973
1773324733.54279399,0.02098212,6173,0.00012596,0.00000000,0,0.00000000,38314,38306,35,0.00197420
1773324733.64274287,0.01945314,6172,0.00009971,0.00000000,0,0.00000000,38306,38311,40,0.00219864
1773324733.74262190,0.02096618,6174,0.00012208,0.00000000,0,0.00000000,38311,38318,51,0.00090394
1773324733.84255815,0.05050949,6173,0.00053776,0.00000000,0,0.00000000,38318,38323,51,0.00082386
1773324733.94253159,0.04191153,6133,0.00039868,0.00000000,0,0.00000000,38323,38323,37,0.00078656
1773324734.04225183,0.03964199,6212,0.00041558,0.00000000,0,0.00000000,38323,38329,42,0.00153021
1773324734.14216328,0.04216806,6173,0.00018755,0.00000000,0,0.00000000,38329,38330,41,0.00075071
1773324734.24219871,0.01740923,6152,0.00008881,0.00000000,0,0.00000000,38330,38338,28,0.00322043
1773324734.34194279,0.01955943,6161,0.00021899,0.00000000,0,0.00000000,38338,38343,42,0.00163123
1773324734.44182849,0.02223071,6155,0.00014611,0.00000000,0,0.00000000,38343,38351,44,0.00176670
1773324734.54179811,0.02349114,6138,0.00010859,0.00000000,0,0.00000000,38351,38352,42,0.00189864
1773324734.64166594,0.02141619,6187,0.00012211,0.00000000,0,0.00000000,38352,38351,42,0.00198269
1773324734.74171782,0.01957408,6155,0.00012530,0.00000000,0,0.00000000,38351,38346,45,0.00150666
1773324734.84165692,0.02103286,6142,0.00008762,0.00000000,0,0.00000000,38346,38353,39,0.00083127
1773324734.94161987,0.04422075,6184,0.00040820,0.00000000,0,0.00000000,38353,38356,46,0.00075513
1773324735.04195404,0.03889346,6211,0.00043947,0.00000000,0,0.00000000,38356,38360,46,0.00085861
1773324735.14191294,0.03826506,6161,0.00015612,0.00000000,0,0.00000000,38360,38364,41,0.00149882
1773324735.24285293,0.01944800,6139,0.00014112,0.00000000,0,0.00000000,38364,38361,42,0.00124620
1773324735.34274912,0.02187670,6135,0.00012243,0.00000000,0,0.00000000,38361,38369,37,0.00182866
1773324735.44170904,0.01845427,6158,0.00011496,0.00000000,0,0.00000000,38369,38370,43,0.00166429
1773324735.54253125,0.01887417,6161,0.00010986,0.00000000,0,0.00000000,38370,38366,39,0.00219479
1773324735.64251804,0.01817599,6175,0.00012731,0.00000000,0,0.00000000,38366,38372,44,0.00185681
1773324735.74237609,0.01773237,6163,0.00008660,0.00000000,0,0.00000000,38372,38380,43,0.00082853
1773324735.84227037,0.04924235,6163,0.00041063,0.00000000,0,0.00000000,38380,38389,43,0.00077991
1773324735.94219708,0.03837721,6180,0.00046365,0.00000000,0,0.00000000,38389,38384,40,0.00163580
1773324736.04210472,0.05058840,6172,0.00050893,0.00000000,0,0.00000000,38384,38391,51,0.00081230
1773324736.14205360,0.02438739,6122,0.00011379,0.00000000,0,0.00000000,38391,38391,41,0.00156481
1773324736.24193335,0.01872899,6161,0.00011503,0.00000000,0,0.00000000,38391,38397,44,0.00226686
1773324736.34179592,0.02322823,6162,0.00018475,0.00000000,0,0.00000000,38397,38402,44,0.00236640
1773324736.44166112,0.02340541,6174,0.00010855,0.00000000,0,0.00000000,38402,38405,34,0.00177274
1773324736.54169965,0.02352462,6145,0.00018102,0.00000000,0,0.00000000,38405,38409,44,0.00355354
1773324736.64160109,0.02275636,6177,0.00022117,0.00000000,0,0.00000000,38409,38419,45,0.00421418
1773324736.74175715,0.01764144,6143,0.00013341,0.00000000,0,0.00000000,38419,38411,40,0.00080878
1773324736.84168386,0.02088486,6180,0.00023767,0.00000000,0,0.00000000,38411,38412,40,0.00112460
1773324736.94206357,0.04930969,6180,0.00061111,0.00000000,0,0.00000000,38412,38407,49,0.00117341
1773324737.04291582,0.05026409,6140,0.00041366,0.00000000,0,0.00000000,38407,38406,42,0.00185652
1773324737.14276528,0.03437887,6165,0.00008242,0.00000000,0,0.00000000,38406,38411,33,0.00080661
1773324737.24272728,0.02202398,6159,0.00021908,0.00000000,0,0.00000000,38411,38420,52,0.00085550
1773324737.34270954,0.03096030,6164,0.00036179,0.00000000,0,0.00000000,38420,38424,36,0.00175232
1773324737.44263577,0.02280339,6160,0.00014931,0.00000000,0,0.00000000,38424,38421,42,0.00169184
1773324737.54248238,0.02433213,6101,0.00021327,0.00000000,0,0.00000000,38421,38425,38,0.00226431
1773324737.64243817,0.02357109,6132,0.00012907,0.00000000,0,0.00000000,38425,38428,44,0.00171096
1773324737.74242210,0.02319452,6149,0.00011693,0.00000000,0,0.00000000,38428,38426,41,0.00183273
1773324737.84230661,0.04501759,6178,0.00015428,0.00000000,0,0.00000000,38426,38437,51,0.00075212
1773324737.94225979,0.04015575,6123,0.00014502,0.00000000,0,0.00000000,38437,38442,35,0.00082599
1773324738.04201698,0.03874005,6124,0.00061416,0.00000000,0,0.00000000,38442,38431,46,0.00148012
1773324738.14190984,0.03803978,6114,0.00034159,0.00000000,0,0.00000000,38431,38442,38,0.00156442
1773324738.24191856,0.01986236,6139,0.00009680,0.00000000,0,0.00000000,38442,38448,33,0.00171579
1773324738.34167957,0.02390330,6148,0.00016584,0.00000000,0,0.00000000,38448,38458,41,0.00245280
1773324738.44158649,0.01899401,6130,0.00014278,0.00000000,0,0.00000000,38458,38465,52,0.00361144
1773324738.54158473,0.02348158,6152,0.00013954,0.00000000,0,0.00000000,38465,38467,47,0.00167246
1773324738.64158201,0.02305238,6173,0.00018268,0.00000000,0,0.00000000,38467,38449,44,0.00172856
1773324738.74158311,0.02264068,6125,0.00010699,0.00000000,0,0.00000000,38449,38453,33,0.00078452
1773324738.84159946,0.04774954,6153,0.00061036,0.00000000,0,0.00000000,38453,38448,57,0.00073355
1773324738.94180822,0.04776147,6190,0.00044453,0.00000000,0,0.00000000,38448,38454,47,0.00081471
1773324739.04274011,0.03953819,6118,0.00047193,0.00000000,0,0.00000000,38454,38464,50,0.00072270
1773324739.14274669,0.04162679,6160,0.00089093,0.00000000,0,0.00000000,38464,38407,52,0.00083062
1773324739.24274969,0.02075468,6144,0.00015234,0.00000000,0,0.00000000,38407,38402,42,0.00087176
1773324739.34255290,0.02429801,6131,0.00022052,0.00000000,0,0.00000000,38402,38410,39,0.00169725
1773324739.44253039,0.02208971,6160,0.00013835,0.00000000,0,0.00000000,38410,38423,48,0.00177006
1773324739.54243207,0.02369304,6140,0.00012983,0.00000000,0,0.00000000,38423,38432,53,0.00234362
1773324739.64237928,0.02287374,6137,0.00016122,0.00000000,0,0.00000000,38432,38408,44,0.00265545
1773324739.74225736,0.01764094,6131,0.00010936,0.00000000,0,0.00000000,38408,38413,47,0.00145408
1773324739.84222150,0.01651034,6130,0.00009193,0.00000000,0,0.00000000,38413,38414,39,0.00088249
1773324739.94217777,0.04272169,6136,0.00049875,0.00000000,0,0.00000000,38414,38416,46,0.00154184
1773324740.04204440,0.04783201,6104,0.00069133,0.00000000,0,0.00000000,38416,38418,63,0.00080017
1773324740.14185905,0.03573330,6158,0.00019051,0.00000000,0,0.00000000,38418,38410,44,0.00078293
1773324740.24180722,0.02101815,6132,0.00011928,0.00000000,0,0.00000000,38410,38414,46,0.00077421
1773324740.34175754,0.02060430,6137,0.00043271,0.00000000,0,0.00000000,38414,38416,45,0.00165764
1773324740.44175291,0.01776115,6161,0.00010807,0.00000000,0,0.00000000,38416,38424,39,0.00180776
1773324740.54168749,0.02005122,6160,0.00017143,0.00000000,0,0.00000000,38424,38413,48,0.00284849
1773324740.64157963,0.02003085,6143,0.00013683,0.00000000,0,0.00000000,38413,38421,43,0.00179406
1773324740.74163198,0.02140359,6153,0.00013158,0.00000000,0,0.00000000,38421,38424,37,0.00080241
1773324740.84137678,0.01690361,6241,0.00011546,0.00000000,0,0.00000000,38424,38429,41,0.00081870
1773324740.94208598,0.04264990,6177,0.00039829,0.00000000,0,0.00000000,38429,38438,34,0.00085095
1773324741.04296851,0.05055391,6155,0.00068413,0.00000000,0,0.00000000,38438,38427,57,0.00086647
1773324741.14292455,0.03283373,6105,0.00020336,0.00000000,0,0.00000000,38427,38427,52,0.00075283
1773324741.24173689,0.02343625,6147,0.00017842,0.00000000,0,0.00000000,38427,38433,53,0.00093356
1773324741.34265375,0.02962449,6184,0.00032764,0.00000000,0,0.00000000,38433,38433,54,0.00080486
1773324741.44265175,0.04884924,6172,0.00031917,0.00000000,0,0.00000000,38433,38436,49,0.00268634
1773324741.54254556,0.02416992,6162,0.00017041,0.00000000,0,0.00000000,38436,38420,45,0.00232153
1773324741.64252329,0.02168144,6174,0.00011293,0.00000000,0,0.00000000,38420,38428,46,0.00178045
1773324741.74258256,0.02449304,6129,0.00017075,0.00000000,0,0.00000000,38428,38432,54,0.00093663
1773324741.84238267,0.02272378,6162,0.00009131,0.00000000,0,0.00000000,38432,38439,42,0.00284910
1773324741.94233775,0.01623175,6167,0.00012528,0.00000000,0,0.00000000,38439,38446,47,0.00119162
1773324742.04227257,0.03661902,6119,0.00041347,0.00000000,0,0.00000000,38446,38451,52,0.00081421
1773324742.14235806,0.03857407,6092,0.00053940,0.00000000,0,0.00000000,38451,38455,51,0.00155204
1773324742.24201822,0.02862939,6114,0.00059158,0.00000000,0,0.00000000,38455,38385,49,0.00155306
1773324742.34197760,0.03856426,6137,0.00046490,0.00000000,0,0.00000000,38385,38391,44,0.00089506
1773324742.44191170,0.02289124,6081,0.00014294,0.00000000,0,0.00000000,38391,38392,45,0.00220644
1773324742.54169011,0.02042105,6129,0.00012909,0.00000000,0,0.00000000,38392,38387,42,0.00272962
1773324742.64165163,0.01936699,6078,0.00011098,0.00000000,0,0.00000000,38387,38382,40,0.00177348
1773324742.74206734,0.02072188,6091,0.00010469,0.00000000,0,0.00000000,38382,38394,45,0.00179124
1773324742.84146881,0.04474776,6165,0.00047309,0.00000000,0,0.00000000,38394,38401,47,0.00075517
1773324742.94180989,0.04538078,6136,0.00044459,0.00000000,0,0.00000000,38401,38405,46,0.00157123
1773324743.04195666,0.05121109,6134,0.00049014,0.00000000,0,0.00000000,38405,38407,42,0.00081368
1773324743.14190078,0.03966505,6095,0.00054342,0.00000000,0,0.00000000,38407,38409,57,0.00081441
1773324743.24183059,0.02814150,6144,0.00012295,0.00000000,0,0.00000000,38409,38391,36,0.00195984
1773324743.34267688,0.02152995,6073,0.00017406,0.00000000,0,0.00000000,38391,38386,51,0.00220493
1773324743.44271541,0.03780811,6142,0.00015660,0.00000000,0,0.00000000,38386,38396,51,0.00185652
1773324743.54273343,0.02032614,6126,0.00013331,0.00000000,0,0.00000000,38396,38404,44,0.00246073
1773324743.64261580,0.02366392,6119,0.00009750,0.00000000,0,0.00000000,38404,38400,48,0.00197940
1773324743.74257278,0.02032589,6127,0.00012317,0.00000000,0,0.00000000,38400,38400,48,0.00079337
1773324743.84252334,0.02025941,6086,0.00017043,0.00000000,0,0.00000000,38400,38412,60,0.00217973
1773324743.94229174,0.03770031,6109,0.00043527,0.00000000,0,0.00000000,38412,38418,40,0.00083935
1773324744.04225659,0.04111461,6087,0.00044027,0.00000000,0,0.00000000,38418,38404,45,0.00154438
1773324744.14248300,0.04070953,6100,0.00048716,0.00000000,0,0.00000000,38404,38397,44,0.00158013
1773324744.24218369,0.01992529,6054,0.00016173,0.00000000,0,0.00000000,38397,38400,53,0.00082070
1773324744.34191704,0.02266527,6117,0.00015917,0.00000000,0,0.00000000,38400,38386,37,0.00243125
1773324744.44185829,0.01830094,6112,0.00016603,0.00000000,0,0.00000000,38386,38377,54,0.00184140
1773324744.54182649,0.02011069,6092,0.00012930,0.00000000,0,0.00000000,38377,38385,51,0.00209406
1773324744.64183784,0.01772904,6065,0.00013545,0.00000000,0,0.00000000,38385,38390,52,0.00140439
1773324744.74166679,0.02291860,6126,0.00013345,0.00000000,0,0.00000000,38390,38400,47,0.00082401
1773324744.84160066,0.04120822,6085,0.00093311,0.00000000,0,0.00000000,38400,38407,55,0.00081782
1773324744.94157219,0.03876493,6121,0.00046498,0.00000000,0,0.00000000,38407,38419,51,0.00102381
1773324745.04175377,0.04058650,6029,0.00046161,0.00000000,0,0.00000000,38419,38410,42,0.00074441
1773324745.14154148,0.03966359,6147,0.00048744,0.00000000,0,0.00000000,38410,38418,57,0.00080086
1773324745.24193001,0.02607790,6116,0.00012585,0.00000000,0,0.00000000,38418,38420,54,0.00226629
1773324745.34277797,0.02819328,6123,0.00028885,0.00000000,0,0.00000000,38420,38427,50,0.00256658
1773324745.44276476,0.03317598,6117,0.00013117,0.00000000,0,0.00000000,38427,38412,41,0.00343747
1773324745.54268527,0.01950174,6129,0.00010835,0.00000000,0,0.00000000,38412,38421,45,0.00270823
1773324745.64270520,0.01641470,6108,0.00011231,0.00000000,0,0.00000000,38421,38428,51,0.00263039
1773324745.74260950,0.02474230,6139,0.00020734,0.00000000,0,0.00000000,38428,38428,47,0.00078778
1773324745.84258866,0.02278445,6120,0.00013223,0.00000000,0,0.00000000,38428,38434,59,0.00218897
1773324745.94247413,0.04823045,6103,0.00061056,0.00000000,0,0.00000000,38434,38435,53,0.00087874
1773324746.04248238,0.05439140,6142,0.00075664,0.00000000,0,0.00000000,38435,38425,53,0.00114253
1773324746.14244747,0.03083634,6114,0.00025402,0.00000000,0,0.00000000,38425,38427,65,0.00117657
1773324746.24222922,0.02655252,6125,0.00039595,0.00000000,0,0.00000000,38427,38419,49,0.00082160
1773324746.34215999,0.03660176,6134,0.00054040,0.00000000,0,0.00000000,38419,38422,50,0.00259553
1773324746.44208956,0.03881788,6106,0.00028012,0.00000000,0,0.00000000,38422,38402,54,0.00296996
1773324746.54205251,0.02355403,6130,0.00017374,0.00000000,0,0.00000000,38402,38407,54,0.00283866
1773324746.64203644,0.01949258,6065,0.00009408,0.00000000,0,0.00000000,38407,38416,41,0.00285372
1773324746.74177098,0.02306231,6105,0.00007239,0.00000000,0,0.00000000,38416,38415,32,0.00120693
1773324746.84171414,0.01968027,6109,0.00012524,0.00000000,0,0.00000000,38415,38421,52,0.00288494
1773324746.94170761,0.03934904,6092,0.00046294,0.00000000,0,0.00000000,38421,38411,52,0.00113577
1773324747.04170823,0.04102792,6087,0.00054512,0.00000000,0,0.00000000,38411,38419,56,0.00091411
1773324747.14164257,0.03687885,6100,0.00020235,0.00000000,0,0.00000000,38419,38408,44,0.00090715
1773324747.24176264,0.01912062,6057,0.00011402,0.00000000,0,0.00000000,38408,38412,49,0.00077995
1773324747.34201097,0.02683074,6112,0.00032613,0.00000000,0,0.00000000,38412,38395,58,0.00134917
1773324747.44203043,0.01964478,6087,0.00015683,0.00000000,0,0.00000000,38395,38389,55,0.00193023
1773324747.54196811,0.01944065,6119,0.00016609,0.00000000,0,0.00000000,38389,38394,58,0.00311357
1773324747.64288688,0.01718523,6093,0.00008818,0.00000000,0,0.00000000,38394,38401,38,0.00171733
1773324747.74275899,0.02099689,6108,0.00015953,0.00000000,0,0.00000000,38401,38409,56,0.00109898
1773324747.84286070,0.02554383,6094,0.00020359,0.00000000,0,0.00000000,38409,38413,41,0.00193772
1773324747.94266605,0.04468925,6106,0.00045321,0.00000000,0,0.00000000,38413,38423,46,0.00074828
1773324748.04270959,0.04037904,6074,0.00042278,0.00000000,0,0.00000000,38423,38427,47,0.00077908
1773324748.14248729,0.03900665,6047,0.00033115,0.00000000,0,0.00000000,38427,38435,36,0.00161043
1773324748.24250960,0.03271453,6095,0.00012649,0.00000000,0,0.00000000,38435,38440,46,0.00079653
1773324748.34250569,0.02006909,6065,0.00011170,0.00000000,0,0.00000000,38440,38451,49,0.00178934
1773324748.44249487,0.04114739,6053,0.00018874,0.00000000,0,0.00000000,38451,38459,62,0.00235100
1773324748.54228425,0.02340017,6081,0.00021002,0.00000000,0,0.00000000,38459,38456,53,0.00223959
1773324748.64233446,0.02298353,6058,0.00016113,0.00000000,0,0.00000000,38456,38458,54,0.00245293
1773324748.74214625,0.02282412,6054,0.00019102,0.00000000,0,0.00000000,38458,38447,55,0.00083357
1773324748.84206557,0.02389490,6048,0.00017136,0.00000000,0,0.00000000,38447,38451,57,0.00242350
1773324748.94191647,0.01836534,6084,0.00010140,0.00000000,0,0.00000000,38451,38460,45,0.00079279
1773324749.04184961,0.04966200,6077,0.00045893,0.00000000,0,0.00000000,38460,38469,51,0.00082523
1773324749.14191365,0.04124168,6026,0.00041969,0.00000000,0,0.00000000,38469,38475,50,0.00075904
1773324749.24172902,0.02131836,6082,0.00012808,0.00000000,0,0.00000000,38475,38483,44,0.00072455
1773324749.34161639,0.02212909,6097,0.00011905,0.00000000,0,0.00000000,38483,38493,46,0.00070798
1773324749.44164228,0.01817684,6080,0.00011153,0.00000000,0,0.00000000,38493,38499,45,0.00165784
1773324749.54158902,0.02089743,6058,0.00016870,0.00000000,0,0.00000000,38499,38483,43,0.00203014
1773324749.64153743,0.02135981,6078,0.00012794,0.00000000,0,0.00000000,38483,38494,49,0.00207952
1773324749.74203706,0.02486424,6039,0.00019369,0.00000000,0,0.00000000,38494,38500,62,0.00078059
1773324749.84197521,0.04294430,6076,0.00052531,0.00000000,0,0.00000000,38500,38498,53,0.00077459
1773324749.94289684,0.05134281,6098,0.00047648,0.00000000,0,0.00000000,38498,38504,43,0.00096521
1773324750.04286671,0.05310707,6010,0.00064630,0.00000000,0,0.00000000,38504,38501,60,0.00160374
1773324750.14196181,0.03053300,6091,0.00015648,0.00000000,0,0.00000000,38501,38508,47,0.00123263
1773324750.24261355,0.02060586,6093,0.00028062,0.00000000,0,0.00000000,38508,38523,57,0.00230334
1773324750.34268475,0.03202541,6059,0.00041284,0.00000000,0,0.00000000,38523,38527,48,0.00293969
1773324750.44258428,0.02397300,6057,0.00011491,0.00000000,0,0.00000000,38527,38524,40,0.00309428
1773324750.54158783,0.02043397,6063,0.00014772,0.00000000,0,0.00000000,38524,38521,48,0.00186376
1773324750.64238334,0.01981920,6089,0.00009022,0.00000000,0,0.00000000,38521,38532,42,0.00286296
1773324750.74235654,0.01866979,6086,0.00013341,0.00000000,0,0.00000000,38532,38536,52,0.00169554
1773324750.84248233,0.02067853,6044,0.00011143,0.00000000,0,0.00000000,38536,38547,52,0.00278695
1773324750.94225359,0.05707912,6071,0.00042293,0.00000000,0,0.00000000,38547,38553,47,0.00097006
1773324751.04220843,0.05240129,6077,0.00041235,0.00000000,0,0.00000000,38553,38564,48,0.00072806
1773324751.14235330,0.05365980,6056,0.00049870,0.00000000,0,0.00000000,38564,38571,57,0.00083668
1773324751.24212694,0.03020522,6058,0.00011722,0.00000000,0,0.00000000,38571,38576,42,0.00156717
1773324751.34199357,0.02541289,6034,0.00018457,0.00000000,0,0.00000000,38576,38580,53,0.00159054
1773324751.44238138,0.02877109,6079,0.00044945,0.00000000,0,0.00000000,38580,38587,49,0.00333064
1773324751.54180241,0.02550037,6081,0.00014836,0.00000000,0,0.00000000,38587,38595,42,0.00303030
1773324751.64181304,0.02321849,6077,0.00008581,0.00000000,0,0.00000000,38595,38603,32,0.00185753
1773324751.74176502,0.02518908,6055,0.00016413,0.00000000,0,0.00000000,38603,38613,57,0.00080114
1773324751.84165454,0.02357451,6097,0.00010796,0.00000000,0,0.00000000,38613,38616,41,0.00162136
1773324751.94162893,0.02512032,6111,0.00010055,0.00000000,0,0.00000000,38616,38618,46,0.00242136
1773324752.04162860,0.05243095,6093,0.00062457,0.00000000,0,0.00000000,38618,38627,48,0.00116441
1773324752.14160347,0.03127952,6142,0.00012269,0.00000000,0,0.00000000,38627,38630,50,0.00151784
1773324752.24215746,0.02044622,6112,0.00014383,0.00000000,0,0.00000000,38630,38638,57,0.00081709
1773324752.34206176,0.02378542,6117,0.00014088,0.00000000,0,0.00000000,38638,38644,53,0.00078387
1773324752.44298744,0.04130462,6099,0.00042337,0.00000000,0,0.00000000,38644,38649,51,0.00178328
1773324752.54300046,0.01962125,6085,0.00009316,0.00000000,0,0.00000000,38649,38657,40,0.00165582
1773324752.64185905,0.01859676,6123,0.00010218,0.00000000,0,0.00000000,38657,38668,47,0.00249684
1773324752.74272442,0.01986704,6086,0.00014106,0.00000000,0,0.00000000,38668,38679,61,0.00173898
1773324752.84276271,0.01848493,6087,0.00012836,0.00000000,0,0.00000000,38679,38685,54,0.00191617
1773324752.94165611,0.02963736,6100,0.00020590,0.00000000,0,0.00000000,38685,38651,46,0.00210237
1773324753.04255724,0.02473286,6105,0.00019483,0.00000000,0,0.00000000,38651,38644,48,0.00093051
1773324753.14256692,0.01806621,6093,0.00009770,0.00000000,0,0.00000000,38644,38647,50,0.00167423
1773324753.24249625,0.02012405,6115,0.00012482,0.00000000,0,0.00000000,38647,38659,55,0.00155559
1773324753.34325719,0.03992702,6034,0.00046097,0.00000000,0,0.00000000,38659,38667,50,0.00154622
1773324753.44245291,0.04395199,6095,0.00044420,0.00000000,0,0.00000000,38667,38674,51,0.00098906
1773324753.54262304,0.02044663,6100,0.00016141,0.00000000,0,0.00000000,38674,38669,52,0.00117464
1773324753.64244199,0.03160294,6035,0.00029443,0.00000000,0,0.00000000,38669,38670,55,0.00078831
1773324753.74222422,0.02409013,6111,0.00013037,0.00000000,0,0.00000000,38670,38671,55,0.00126843
1773324753.84213495,0.02363818,6078,0.00012167,0.00000000,0,0.00000000,38671,38678,53,0.00131602
1773324753.94201779,0.04798854,6136,0.00048505,0.00000000,0,0.00000000,38678,38683,54,0.00082022
1773324754.04200602,0.04706030,6102,0.00054292,0.00000000,0,0.00000000,38683,38692,57,0.00200109
1773324754.14200163,0.04052071,6112,0.00047073,0.00000000,0,0.00000000,38692,38684,55,0.00081027
1773324754.24197316,0.03639609,6040,0.00014867,0.00000000,0,0.00000000,38684,38672,48,0.00084813
1773324754.34192801,0.01803993,6130,0.00014338,0.00000000,0,0.00000000,38672,38677,45,0.00162538
1773324754.44173908,0.03133863,6097,0.00044427,0.00000000,0,0.00000000,38677,38682,46,0.00230636
1773324754.54169440,0.01879699,6087,0.00012466,0.00000000,0,0.00000000,38682,38685,48,0.00219155
1773324754.64155436,0.02040376,6109,0.00008759,0.00000000,0,0.00000000,38685,38696,43,0.00273222
1773324754.74167824,0.02017466,6097,0.00014745,0.00000000,0,0.00000000,38696,38707,64,0.00082590
1773324754.84170222,0.02383580,6126,0.00009659,0.00000000,0,0.00000000,38707,38718,42,0.00078533
1773324754.94206667,0.04837785,6107,0.00053250,0.00000000,0,0.00000000,38718,38722,53,0.00078626
1773324755.04176140,0.03876830,6118,0.00035182,0.00000000,0,0.00000000,38722,38732,47,0.00080990
1773324755.14286423,0.04987047,6139,0.00027144,0.00000000,0,0.00000000,38732,38738,56,0.00080585
1773324755.24281335,0.01983363,6129,0.00016580,0.00000000,0,0.00000000,38738,38740,56,0.00081670
1773324755.34277630,0.02160721,6105,0.00015028,0.00000000,0,0.00000000,38740,38730,45,0.00176411
1773324755.44280434,0.02694273,6094,0.00016651,0.00000000,0,0.00000000,38730,38732,45,0.00272230
1773324755.54263759,0.02743567,6120,0.00020426,0.00000000,0,0.00000000,38732,38740,41,0.00185892
1773324755.64260364,0.02391101,6119,0.00014754,0.00000000,0,0.00000000,38740,38745,47,0.00177471
1773324755.74258780,0.01910673,6107,0.00015750,0.00000000,0,0.00000000,38745,38740,61,0.00078845
1773324755.84255958,0.01782443,6093,0.00013859,0.00000000,0,0.00000000,38740,38734,55,0.00182016
1773324755.94252753,0.04571281,6077,0.00044476,0.00000000,0,0.00000000,38734,38737,54,0.00089676
1773324756.04236674,0.05405084,6083,0.00052373,0.00000000,0,0.00000000,38737,38751,50,0.00079451
1773324756.14239693,0.03771828,6116,0.00019676,0.00000000,0,0.00000000,38751,38758,59,0.00154508
1773324756.24234128,0.02938648,6056,0.00036360,0.00000000,0,0.00000000,38758,38758,62,0.00083527
1773324756.34216499,0.02955094,6076,0.00047041,0.00000000,0,0.00000000,38758,38763,45,0.00167583
1773324756.44218445,0.04522525,6096,0.00021147,0.00000000,0,0.00000000,38763,38768,58,0.00262423
1773324756.54211307,0.02976461,6106,0.00025098,0.00000000,0,0.00000000,38768,38769,63,0.00286229
1773324756.64198232,0.02355914,5971,0.00016322,0.00000000,0,0.00000000,38769,38771,56,0.00278867
1773324756.74180603,0.02528089,6274,0.00010353,0.00000000,0,0.00000000,38771,38771,49,0.00090320
1773324756.84189773,0.01939448,6066,0.00010604,0.00000000,0,0.00000000,38771,38774,57,0.00324517
1773324756.94174218,0.03863711,6123,0.00060188,0.00000000,0,0.00000000,38774,38778,62,0.00085740
1773324757.04166198,0.03832211,6149,0.00053925,0.00000000,0,0.00000000,38778,38786,44,0.00143568
1773324757.14160419,0.04145556,6126,0.00052866,0.00000000,0,0.00000000,38786,38763,51,0.00151933
1773324757.24164867,0.02240525,6110,0.00013696,0.00000000,0,0.00000000,38763,38763,55,0.00072297
1773324757.34158874,0.02285631,6139,0.00024188,0.00000000,0,0.00000000,38763,38756,57,0.00238419
1773324757.44175792,0.02098907,6094,0.00020121,0.00000000,0,0.00000000,38756,38761,52,0.00238476
1773324757.54196739,0.02578325,6121,0.00025568,0.00000000,0,0.00000000,38761,38734,57,0.00236451
1773324757.64201307,0.02182346,6103,0.00012601,0.00000000,0,0.00000000,38734,38740,52,0.00173843
1773324757.74187589,0.02466232,6071,0.00020573,0.00000000,0,0.00000000,38740,38723,60,0.00082184
1773324757.84181190,0.03510389,6117,0.00052103,0.00000000,0,0.00000000,38723,38725,49,0.00083686
1773324757.94270015,0.04456987,6123,0.00070891,0.00000000,0,0.00000000,38725,38681,51,0.00077757
1773324758.04285026,0.04773405,6079,0.00064567,0.00000000,0,0.00000000,38681,38689,53,0.00086386
1773324758.14276481,0.04611191,6113,0.00048905,0.00000000,0,0.00000000,38689,38691,49,0.00158530
1773324758.24258351,0.03139310,6118,0.00013432,0.00000000,0,0.00000000,38691,38697,47,0.00076323
1773324758.34254909,0.02358861,6107,0.00020533,0.00000000,0,0.00000000,38697,38705,51,0.00150811
1773324758.44259405,0.04277038,6129,0.00018571,0.00000000,0,0.00000000,38705,38714,59,0.00169150
1773324758.54254794,0.03003995,6110,0.00019795,0.00000000,0,0.00000000,38714,38715,48,0.00178260
1773324758.64243031,0.02419718,6125,0.00015794,0.00000000,0,0.00000000,38715,38712,50,0.00199304
1773324758.74243045,0.02382938,6137,0.00017674,0.00000000,0,0.00000000,38712,38722,67,0.00079699
1773324758.84244752,0.01945135,6114,0.00013501,0.00000000,0,0.00000000,38722,38715,57,0.00201447
1773324758.94225860,0.04124013,6168,0.00053689,0.00000000,0,0.00000000,38715,38718,54,0.00148662
1773324759.04223633,0.05171071,6113,0.00058481,0.00000000,0,0.00000000,38718,38721,50,0.00110756
1773324759.14206624,0.03054680,6127,0.00011353,0.00000000,0,0.00000000,38721,38728,43,0.00083875
1773324759.24203873,0.02397221,6145,0.00016807,0.00000000,0,0.00000000,38728,38737,46,0.00093014
1773324759.34200025,0.04628989,6120,0.00069113,0.00000000,0,0.00000000,38737,38746,59,0.00281722
1773324759.44182968,0.02380560,6150,0.00018266,0.00000000,0,0.00000000,38746,38731,59,0.00278109
1773324759.54178953,0.02559523,6101,0.00017690,0.00000000,0,0.00000000,38731,38731,57,0.00285935
1773324759.64206243,0.02356865,6128,0.00021367,0.00000000,0,0.00000000,38731,38707,65,0.00179964
1773324759.74167705,0.02320436,6139,0.00017222,0.00000000,0,0.00000000,38707,38715,58,0.00085520
1773324759.84164381,0.04483243,6121,0.00048416,0.00000000,0,0.00000000,38715,38725,50,0.00074260
1773324759.94161963,0.04767703,6090,0.00059794,0.00000000,0,0.00000000,38725,38705,60,0.00083757
1773324760.04175687,0.05170151,6167,0.00046380,0.00000000,0,0.00000000,38705,38703,53,0.00079056
1773324760.14216876,0.05225908,6123,0.00048203,0.00000000,0,0.00000000,38703,38709,48,0.00080564
1773324760.24200821,0.02485001,6125,0.00015592,0.00000000,0,0.00000000,38709,38700,59,0.00077408
1773324760.34207582,0.02556953,6153,0.00014072,0.00000000,0,0.00000000,38700,38713,59,0.00154502
1773324760.44198227,0.03946036,6147,0.00044952,0.00000000,0,0.00000000,38713,38710,47,0.00281999
1773324760.54191208,0.02052948,6141,0.00013963,0.00000000,0,0.00000000,38710,38717,54,0.00278848
1773324760.64284682,0.01796350,6152,0.00017038,0.00000000,0,0.00000000,38717,38718,56,0.00270386
1773324760.74284744,0.02304825,6082,0.00013851,0.00000000,0,0.00000000,38718,38722,56,0.00074382
1773324760.84274364,0.02320227,6113,0.00015453,0.00000000,0,0.00000000,38722,38712,60,0.00276707
1773324760.94275641,0.02973518,6075,0.00059800,0.00000000,0,0.00000000,38712,38694,59,0.00165126
1773324761.04259062,0.04986500,6131,0.00052418,0.00000000,0,0.00000000,38694,38699,53,0.00071950
1773324761.14255667,0.04658312,6099,0.00017593,0.00000000,0,0.00000000,38699,38704,50,0.00084245
1773324761.24253559,0.02642376,6144,0.00036261,0.00000000,0,0.00000000,38704,38708,58,0.00081920
1773324761.34247732,0.04185971,6112,0.00051336,0.00000000,0,0.00000000,38708,38715,44,0.00159613
1773324761.44256401,0.03683023,6121,0.00014701,0.00000000,0,0.00000000,38715,38723,44,0.00308076
1773324761.54254723,0.02572961,6052,0.00022100,0.00000000,0,0.00000000,38723,38725,49,0.00277479
1773324761.64233589,0.02298997,6106,0.00018468,0.00000000,0,0.00000000,38725,38709,73,0.00269927
1773324761.74233055,0.02311387,6121,0.00011246,0.00000000,0,0.00000000,38709,38717,52,0.00161741
1773324761.84229851,0.02345830,6090,0.00012392,0.00000000,0,0.00000000,38717,38717,60,0.00283653
1773324761.94233513,0.04829181,6088,0.00057472,0.00000000,0,0.00000000,38717,38715,51,0.00117325
1773324762.04206109,0.04828789,6141,0.00065417,0.00000000,0,0.00000000,38715,38713,61,0.00075130
1773324762.14207625,0.03363914,6099,0.00014101,0.00000000,0,0.00000000,38713,38719,58,0.00077749
1773324762.24189448,0.02002689,6112,0.00016166,0.00000000,0,0.00000000,38719,38715,63,0.00078463
1773324762.34183741,0.02122761,6092,0.00028224,0.00000000,0,0.00000000,38715,38701,58,0.00174304
1773324762.44187903,0.02867274,6109,0.00026970,0.00000000,0,0.00000000,38701,38696,71,0.00203944
1773324762.54184198,0.02167040,6071,0.00011425,0.00000000,0,0.00000000,38696,38699,47,0.00142676
1773324762.64173436,0.02339621,6105,0.00018131,0.00000000,0,0.00000000,38699,38704,60,0.00187284
1773324762.74172497,0.02523441,6101,0.00021385,0.00000000,0,0.00000000,38704,38690,58,0.00082535
1773324762.84155154,0.01682865,6124,0.00008987,0.00000000,0,0.00000000,38690,38694,50,0.00179978
1773324762.94161153,0.03274715,6160,0.00061565,0.00000000,0,0.00000000,38694,38691,73,0.00080986
1773324763.04208469,0.04098447,6103,0.00054180,0.00000000,0,0.00000000,38691,38693,54,0.00078566
1773324763.14215851,0.03723599,6110,0.00066987,0.00000000,0,0.00000000,38693,38682,54,0.00110645
1773324763.24204111,0.03677939,6116,0.00018023,0.00000000,0,0.00000000,38682,38679,56,0.00078982
1773324763.34200788,0.01788146,6092,0.00013299,0.00000000,0,0.00000000,38679,38686,55,0.00080588
1773324763.44291139,0.04419802,6069,0.00061770,0.00000000,0,0.00000000,38686,38681,56,0.00265605
1773324763.54284906,0.02038421,6060,0.00013254,0.00000000,0,0.00000000,38681,38691,57,0.00183457
1773324763.64194226,0.01846031,6066,0.00018411,0.00000000,0,0.00000000,38691,38696,78,0.00204365
1773324763.74268413,0.01963608,6012,0.00012580,0.00000000,0,0.00000000,38696,38698,47,0.00078734
1773324763.84175491,0.02055023,6097,0.00013095,0.00000000,0,0.00000000,38698,38710,69,0.00205974
1773324763.94255590,0.03911215,6092,0.00042326,0.00000000,0,0.00000000,38710,38720,48,0.00078885
1773324764.04262209,0.04052155,6069,0.00037803,0.00000000,0,0.00000000,38720,38723,39,0.00089670
1773324764.14154387,0.03958260,6066,0.00054343,0.00000000,0,0.00000000,38723,38723,48,0.00157897
1773324764.24156618,0.03244571,6135,0.00014569,0.00000000,0,0.00000000,38723,38722,59,0.00145638
1773324764.34255981,0.01982275,6077,0.00018928,0.00000000,0,0.00000000,38722,38722,63,0.00172256
1773324764.44252515,0.03730408,6076,0.00049288,0.00000000,0,0.00000000,38722,38729,57,0.00237766
1773324764.54232836,0.01949960,6122,0.00015750,0.00000000,0,0.00000000,38729,38719,50,0.00330767
1773324764.64229870,0.02236989,6068,0.00022323,0.00000000,0,0.00000000,38719,38724,83,0.00276335
1773324764.74232888,0.02645013,6086,0.00018317,0.00000000,0,0.00000000,38724,38732,61,0.00087250
1773324764.84226322,0.02587429,5957,0.00019281,0.00000000,0,0.00000000,38732,38724,52,0.00205049
1773324764.94030762,0.03992192,6143,0.00056437,0.00000000,0,0.00000000,38724,38720,54,0.00110686
1773324765.04198980,0.05047778,6102,0.00052793,0.00000000,0,0.00000000,38720,38724,53,0.00108073
1773324765.14250517,0.05378892,6065,0.00058834,0.00000000,0,0.00000000,38724,38704,60,0.00145148
1773324765.24200130,0.02767405,6072,0.00014132,0.00000000,0,0.00000000,38704,38715,55,0.00128057
1773324765.34196782,0.02182424,6024,0.00027107,0.00000000,0,0.00000000,38715,38724,60,0.00186666
1773324765.44188046,0.02920643,6051,0.00053485,0.00000000,0,0.00000000,38724,38734,57,0.00287797
1773324765.54180622,0.02014140,6040,0.00014854,0.00000000,0,0.00000000,38734,38723,49,0.00189754
1773324765.64166236,0.02327005,6078,0.00019887,0.00000000,0,0.00000000,38723,38717,61,0.00303913
1773324765.74163413,0.02278364,6088,0.00012500,0.00000000,0,0.00000000,38717,38722,49,0.00152285
1773324765.84165049,0.02275623,6084,0.00011791,0.00000000,0,0.00000000,38722,38725,56,0.00166675
1773324765.94168186,0.02994990,6074,0.00049582,0.00000000,0,0.00000000,38725,38721,50,0.00089873
1773324766.04166341,0.05361156,6073,0.00068226,0.00000000,0,0.00000000,38721,38719,56,0.00082712
1773324766.14162636,0.03749781,6033,0.00021557,0.00000000,0,0.00000000,38719,38721,58,0.00083719
1773324766.24200773,0.02820820,6107,0.00032007,0.00000000,0,0.00000000,38721,38720,48,0.00080242
1773324766.34196782,0.02762557,6041,0.00057479,0.00000000,0,0.00000000,38720,38730,74,0.00150751
1773324766.44194698,0.04011481,6079,0.00026072,0.00000000,0,0.00000000,38730,38722,60,0.00247396
1773324766.54198456,0.02415061,6064,0.00018800,0.00000000,0,0.00000000,38722,38718,51,0.00238755
1773324766.64296079,0.02430776,6057,0.00019601,0.00000000,0,0.00000000,38718,38720,68,0.00314837
1773324766.74184012,0.02613975,6077,0.00019174,0.00000000,0,0.00000000,38720,38721,60,0.00102005
1773324766.84181190,0.02480739,6051,0.00016634,0.00000000,0,0.00000000,38721,38735,52,0.00189699
1773324766.94278932,0.04514742,6069,0.00082346,0.00000000,0,0.00000000,38735,38728,57,0.00083863
1773324767.04164982,0.04836832,6057,0.00067053,0.00000000,0,0.00000000,38728,38732,56,0.00113329
1773324767.14257526,0.03863129,6053,0.00037603,0.00000000,0,0.00000000,38732,38731,49,0.00145394
1773324767.24255276,0.01870957,6016,0.00017136,0.00000000,0,0.00000000,38731,38732,62,0.00123597
1773324767.34262562,0.02045810,6071,0.00015391,0.00000000,0,0.00000000,38732,38733,60,0.00270087
1773324767.44265103,0.03845227,6022,0.00018616,0.00000000,0,0.00000000,38733,38740,56,0.00293111
1773324767.54251385,0.02293717,6087,0.00024259,0.00000000,0,0.00000000,38740,38733,59,0.00284734
1773324767.64260221,0.02352648,6061,0.00018525,0.00000000,0,0.00000000,38733,38736,66,0.00260504
1773324767.74247193,0.02253460,6037,0.00015050,0.00000000,0,0.00000000,38736,38743,58,0.00083978
1773324767.84235954,0.02136332,6119,0.00011269,0.00000000,0,0.00000000,38743,38753,49,0.00179113
1773324767.94226217,0.02211411,6103,0.00011622,0.00000000,0,0.00000000,38753,38754,45,0.00080916
1773324768.04225802,0.03770187,6077,0.00052144,0.00000000,0,0.00000000,38754,38758,60,0.00081654
1773324768.14234352,0.03988989,6074,0.00048446,0.00000000,0,0.00000000,38758,38757,52,0.00081919
1773324768.24224973,0.02114645,6072,0.00017000,0.00000000,0,0.00000000,38757,38758,50,0.00079839
1773324768.34205365,0.02167522,6062,0.00023092,0.00000000,0,0.00000000,38758,38757,55,0.00083056
1773324768.44204640,0.01965754,6077,0.00014820,0.00000000,0,0.00000000,38757,38769,61,0.00221273
1773324768.54201937,0.02211677,6057,0.00035823,0.00000000,0,0.00000000,38769,38670,65,0.00178736
1773324768.64180875,0.02314574,6040,0.00012403,0.00000000,0,0.00000000,38670,38680,46,0.00180921
1773324768.74185252,0.02291191,6052,0.00018151,0.00000000,0,0.00000000,38680,38683,70,0.00086200
1773324768.84179401,0.01658903,6103,0.00019346,0.00000000,0,0.00000000,38683,38675,65,0.00078409
1773324768.94183636,0.04841669,6032,0.00060230,0.00000000,0,0.00000000,38675,38676,62,0.00080055
1773324769.04178429,0.04738167,6062,0.00059026,0.00000000,0,0.00000000,38676,38677,57,0.00071435
1773324769.14157319,0.05263013,6073,0.00053840,0.00000000,0,0.00000000,38677,38683,45,0.00076681
1773324769.24160123,0.02545246,6095,0.00018860,0.00000000,0,0.00000000,38683,38694,55,0.00072717
1773324769.34168363,0.02561982,6109,0.00026642,0.00000000,0,0.00000000,38694,38701,65,0.00183007
1773324769.44163728,0.03283613,6128,0.00056064,0.00000000,0,0.00000000,38701,38714,61,0.00347041
1773324769.54194283,0.02067206,6099,0.00011952,0.00000000,0,0.00000000,38714,38723,53,0.00285522
1773324769.64295864,0.01912268,6093,0.00013625,0.00000000,0,0.00000000,38723,38715,53,0.00272455
1773324769.74286318,0.01969222,6080,0.00016392,0.00000000,0,0.00000000,38715,38705,56,0.00078672
1773324769.84160209,0.02451545,6115,0.00018780,0.00000000,0,0.00000000,38705,38714,62,0.00106900
1773324769.94286585,0.04311975,6061,0.00056087,0.00000000,0,0.00000000,38714,38715,75,0.00146489
1773324770.04158187,0.04217391,6116,0.00050535,0.00000000,0,0.00000000,38715,38717,54,0.00087271
1773324770.14276648,0.05587254,6105,0.00052078,0.00000000,0,0.00000000,38717,38722,51,0.00077066
1773324770.24277258,0.02254431,6086,0.00016859,0.00000000,0,0.00000000,38722,38720,58,0.00153604
1773324770.34261012,0.02173578,6089,0.00026911,0.00000000,0,0.00000000,38720,38715,64,0.00078057
1773324770.44259858,0.03833207,6062,0.00052307,0.00000000,0,0.00000000,38715,38724,58,0.00243425
1773324770.54265213,0.02062391,6094,0.00015513,0.00000000,0,0.00000000,38724,38741,65,0.00176299
1773324770.64255905,0.01738465,6119,0.00013556,0.00000000,0,0.00000000,38741,38750,58,0.00276094
1773324770.74251747,0.02538125,6030,0.00019776,0.00000000,0,0.00000000,38750,38755,50,0.00085685
1773324770.84238577,0.02539591,6093,0.00018774,0.00000000,0,0.00000000,38755,38750,53,0.00171084
1773324770.94240522,0.04804420,6057,0.00049401,0.00000000,0,0.00000000,38750,38737,49,0.00081029
1773324771.04220891,0.05380456,6072,0.00089480,0.00000000,0,0.00000000,38737,38752,63,0.00079976
1773324771.14234614,0.04164151,6125,0.00026925,0.00000000,0,0.00000000,38752,38752,57,0.00135422
1773324771.24222541,0.03159487,6088,0.00044113,0.00000000,0,0.00000000,38752,38761,60,0.00115656
1773324771.34215713,0.03039656,6056,0.00071241,0.00000000,0,0.00000000,38761,38744,55,0.00232412
1773324771.44197130,0.04763785,6084,0.00023846,0.00000000,0,0.00000000,38744,38745,54,0.00276516
1773324771.54194093,0.03152567,6109,0.00027112,0.00000000,0,0.00000000,38745,38750,60,0.00265458
1773324771.64207292,0.02790390,6055,0.00017519,0.00000000,0,0.00000000,38750,38766,55,0.00320175
1773324771.74189711,0.03030385,6083,0.00024220,0.00000000,0,0.00000000,38766,38772,63,0.00361586
1773324771.84182620,0.01976538,6083,0.00015630,0.00000000,0,0.00000000,38772,38772,57,0.00277426
1773324771.94176388,0.02479185,6085,0.00053467,0.00000000,0,0.00000000,38772,38780,63,0.00154364
1773324772.04165435,0.04103467,6083,0.00061550,0.00000000,0,0.00000000,38780,38782,62,0.00131403
1773324772.14168620,0.04114986,6119,0.00022587,0.00000000,0,0.00000000,38782,38787,51,0.00147427
1773324772.24161053,0.02119986,6085,0.00013925,0.00000000,0,0.00000000,38787,38796,53,0.00078085
1773324772.34162188,0.02261841,6082,0.00023513,0.00000000,0,0.00000000,38796,38785,68,0.00079779
1773324772.44162345,0.02043278,6048,0.00013089,0.00000000,0,0.00000000,38785,38804,57,0.00209736
1773324772.54150581,0.02093629,6114,0.00021562,0.00000000,0,0.00000000,38804,38807,48,0.00248931
1773324772.64153123,0.02837552,6136,0.00024752,0.00000000,0,0.00000000,38807,38807,69,0.00164149
1773324772.74206877,0.02528038,6098,0.00018390,0.00000000,0,0.00000000,38807,38803,56,0.00077352
1773324772.84197044,0.02590146,6087,0.00019730,0.00000000,0,0.00000000,38803,38815,58,0.00143121
1773324772.94191909,0.04875497,6077,0.00064370,0.00000000,0,0.00000000,38815,38823,56,0.00081390
1773324773.04285359,0.03957211,6050,0.00053001,0.00000000,0,0.00000000,38823,38827,66,0.00195887
1773324773.14179158,0.04000152,6168,0.00045938,0.00000000,0,0.00000000,38827,38829,45,0.00109648
1773324773.24285650,0.03409696,6100,0.00015461,0.00000000,0,0.00000000,38829,38833,56,0.00114844
1773324773.34283566,0.02065942,6051,0.00020348,0.00000000,0,0.00000000,38833,38839,45,0.00151719
1773324773.44262648,0.04140784,6091,0.00030499,0.00000000,0,0.00000000,38839,38841,49,0.00185458
1773324773.54260516,0.02054640,6082,0.00016243,0.00000000,0,0.00000000,38841,38844,51,0.00213190
1773324773.64249134,0.02047476,6107,0.00023359,0.00000000,0,0.00000000,38844,38847,80,0.00212110
1773324773.74246120,0.02079102,6096,0.00015232,0.00000000,0,0.00000000,38847,38855,53,0.00075533
1773324773.84253001,0.02628661,6177,0.00026226,0.00000000,0,0.00000000,38855,38870,64,0.00276904
1773324773.94263506,0.04821277,6069,0.00054166,0.00000000,0,0.00000000,38870,38871,54,0.00080483
1773324774.04244089,0.04055039,6053,0.00061597,0.00000000,0,0.00000000,38871,38873,56,0.00150084
1773324774.14238024,0.04208614,6108,0.00020089,0.00000000,0,0.00000000,38873,38863,57,0.00088284
1773324774.24244094,0.02400193,6130,0.00022237,0.00000000,0,0.00000000,38863,38856,56,0.00126063
1773324774.34227633,0.02199819,6105,0.00020464,0.00000000,0,0.00000000,38856,38864,53,0.00146859
1773324774.44225883,0.03935040,6110,0.00018653,0.00000000,0,0.00000000,38864,38863,63,0.00285649
1773324774.54210210,0.01954649,6125,0.00013262,0.00000000,0,0.00000000,38863,38871,41,0.00174383
1773324774.64212275,0.02149799,6134,0.00010705,0.00000000,0,0.00000000,38871,38876,45,0.00155958
1773324774.74207234,0.01779489,6071,0.00013511,0.00000000,0,0.00000000,38876,38884,61,0.00086325
1773324774.84191632,0.02030669,6099,0.00022415,0.00000000,0,0.00000000,38884,38830,65,0.00170903
1773324774.94189787,0.04253138,6108,0.00048692,0.00000000,0,0.00000000,38830,38835,55,0.00165426
1773324775.04190230,0.04878851,6063,0.00054129,0.00000000,0,0.00000000,38835,38842,55,0.00083554
1773324775.14176154,0.05077186,6074,0.00014589,0.00000000,0,0.00000000,38842,38845,53,0.00093108
1773324775.24184442,0.02097295,6089,0.00019465,0.00000000,0,0.00000000,38845,38854,69,0.00078598
1773324775.34171128,0.02277266,6102,0.00025135,0.00000000,0,0.00000000,38854,38863,60,0.00298477
1773324775.44170904,0.04041331,6120,0.00044840,0.00000000,0,0.00000000,38863,38866,54,0.00270297
1773324775.54170990,0.01874428,6086,0.00013359,0.00000000,0,0.00000000,38866,38859,49,0.00211530
1773324775.64153171,0.01755486,6128,0.00014408,0.00000000,0,0.00000000,38859,38863,60,0.00209666
1773324775.74173450,0.02654206,6094,0.00022126,0.00000000,0,0.00000000,38863,38863,52,0.00082196
1773324775.84159064,0.02690888,6137,0.00019164,0.00000000,0,0.00000000,38863,38849,41,0.00157773
1773324775.94159675,0.03079302,6107,0.00064830,0.00000000,0,0.00000000,38849,38841,51,0.00079594
1773324776.04160929,0.05395837,6085,0.00060131,0.00000000,0,0.00000000,38841,38844,45,0.00084165
1773324776.14192343,0.03978547,6126,0.00016745,0.00000000,0,0.00000000,38844,38859,61,0.00116927
1773324776.24189305,0.02035471,6130,0.00017817,0.00000000,0,0.00000000,38859,38848,58,0.00118976
1773324776.34294677,0.03023907,6104,0.00052117,0.00000000,0,0.00000000,38848,38845,58,0.00082947
1773324776.44184613,0.02099332,6111,0.00017617,0.00000000,0,0.00000000,38845,38855,72,0.00184973
1773324776.54282761,0.01991713,6063,0.00012309,0.00000000,0,0.00000000,38855,38861,45,0.00262653
1773324776.64281464,0.02034037,6097,0.00017084,0.00000000,0,0.00000000,38861,38854,61,0.00185330
1773324776.74297881,0.02091243,6127,0.00016477,0.00000000,0,0.00000000,38854,38862,54,0.00089896
1773324776.84278440,0.02071826,6063,0.00011460,0.00000000,0,0.00000000,38862,38865,42,0.00182119
1773324776.94162822,0.03999765,6103,0.00031969,0.00000000,0,0.00000000,38865,38869,46,0.00087902
1773324777.04270673,0.03892151,6116,0.00050177,0.00000000,0,0.00000000,38869,38877,53,0.00112965
1773324777.14344335,0.03746438,6059,0.00015169,0.00000000,0,0.00000000,38877,38883,50,0.00086203
1773324777.24242592,0.02035890,6122,0.00012390,0.00000000,0,0.00000000,38883,38881,46,0.00084990
1773324777.34256577,0.02235655,6124,0.00020187,0.00000000,0,0.00000000,38881,38857,60,0.00194552
1773324777.44254041,0.03342024,6094,0.00016111,0.00000000,0,0.00000000,38857,38860,52,0.00167301
1773324777.54250383,0.02084159,6085,0.00012003,0.00000000,0,0.00000000,38860,38867,44,0.00255608
1773324777.64240170,0.01996467,6111,0.00015282,0.00000000,0,0.00000000,38867,38875,62,0.00186896
1773324777.74232864,0.01732042,6081,0.00016395,0.00000000,0,0.00000000,38875,38889,70,0.00078465
1773324777.84220028,0.01857799,6090,0.00012325,0.00000000,0,0.00000000,38889,38892,51,0.00184963
1773324777.94216704,0.02770513,6106,0.00048648,0.00000000,0,0.00000000,38892,38892,45,0.00076889
1773324778.04217505,0.04770904,6095,0.00056880,0.00000000,0,0.00000000,38892,38887,52,0.00076481
1773324778.14208436,0.04959519,6098,0.00048864,0.00000000,0,0.00000000,38887,38893,49,0.00089775
1773324778.24198461,0.02813312,6093,0.00012990,0.00000000,0,0.00000000,38893,38904,49,0.00078699
1773324778.34198499,0.02060591,6118,0.00026430,0.00000000,0,0.00000000,38904,38916,60,0.00085386
1773324778.44200182,0.03745543,6079,0.00054422,0.00000000,0,0.00000000,38916,38919,48,0.00273376
1773324778.54183531,0.02764999,6102,0.00028711,0.00000000,0,0.00000000,38919,38891,79,0.00188103
1773324778.64183116,0.02247725,6088,0.00013133,0.00000000,0,0.00000000,38891,38896,52,0.00158007
1773324778.74172950,0.02761825,6074,0.00015432,0.00000000,0,0.00000000,38896,38900,61,0.00079920
1773324778.84171510,0.02394343,6106,0.00011843,0.00000000,0,0.00000000,38900,38907,53,0.00071895
1773324778.94156528,0.01953023,6094,0.00015448,0.00000000,0,0.00000000,38907,38913,64,0.00088070
1773324779.04163003,0.05458807,6105,0.00056838,0.00000000,0,0.00000000,38913,38912,62,0.00073087
1773324779.14149857,0.05088612,6131,0.00014214,0.00000000,0,0.00000000,38912,38918,48,0.00080622
1773324779.24154782,0.02320026,6076,0.00027673,0.00000000,0,0.00000000,38918,38921,51,0.00081290
1773324779.34153438,0.02367574,6067,0.00051263,0.00000000,0,0.00000000,38921,38927,63,0.00075273
1773324779.44153666,0.02095517,6113,0.00015100,0.00000000,0,0.00000000,38927,38937,60,0.00241389
1773324779.54158092,0.02060778,6096,0.00013890,0.00000000,0,0.00000000,38937,38938,54,0.00206199
1773324779.64156699,0.02139062,6130,0.00018193,0.00000000,0,0.00000000,38938,38935,58,0.00084733
1773324779.74191618,0.02128418,6130,0.00014378,0.00000000,0,0.00000000,38935,38941,53,0.00168239
1773324779.84193611,0.03957294,6105,0.00046992,0.00000000,0,0.00000000,38941,38945,46,0.00075276
1773324779.94191003,0.04080634,6098,0.00056894,0.00000000,0,0.00000000,38945,38913,42,0.00086288
1773324780.04193020,0.05428536,6111,0.00056128,0.00000000,0,0.00000000,38913,38914,53,0.00079297
1773324780.14276075,0.04869169,6121,0.00015902,0.00000000,0,0.00000000,38914,38920,47,0.00162256
1773324780.24269867,0.02497888,6106,0.00021263,0.00000000,0,0.00000000,38920,38930,64,0.00179601
1773324780.34266448,0.02909791,6065,0.00037056,0.00000000,0,0.00000000,38930,38938,49,0.00166493
1773324780.44170523,0.04670759,6096,0.00062275,0.00000000,0,0.00000000,38938,38940,57,0.00295621
1773324780.54249692,0.02741576,6123,0.00025671,0.00000000,0,0.00000000,38940,38946,64,0.00237011
1773324780.64253116,0.02721736,6087,0.00024506,0.00000000,0,0.00000000,38946,38957,70,0.00353054
1773324780.74248886,0.02416876,6093,0.00021199,0.00000000,0,0.00000000,38957,38949,65,0.00148626
1773324780.84248447,0.02400499,6114,0.00013711,0.00000000,0,0.00000000,38949,38942,44,0.00115730
1773324780.94249892,0.02240892,6107,0.00016917,0.00000000,0,0.00000000,38942,38947,62,0.00108348
1773324781.04247785,0.05385440,6113,0.00056169,0.00000000,0,0.00000000,38947,38943,53,0.00085789
1773324781.14252090,0.04168973,6082,0.00056102,0.00000000,0,0.00000000,38943,38944,62,0.00084308
1773324781.24227762,0.02884716,6081,0.00015608,0.00000000,0,0.00000000,38944,38948,51,0.00083188
1773324781.34237313,0.01940320,6112,0.00019925,0.00000000,0,0.00000000,38948,38953,47,0.00084973
1773324781.44229841,0.02025164,6106,0.00024620,0.00000000,0,0.00000000,38953,38931,52,0.00181300
1773324781.54225516,0.02826516,6065,0.00019498,0.00000000,0,0.00000000,38931,38936,65,0.00237049
1773324781.64208198,0.02021880,6120,0.00015865,0.00000000,0,0.00000000,38936,38951,65,0.00177893
1773324781.74205852,0.02606035,6084,0.00018798,0.00000000,0,0.00000000,38951,38955,65,0.00081937
1773324781.84208083,0.02331880,6080,0.00017358,0.00000000,0,0.00000000,38955,38967,67,0.00201361
1773324781.94189358,0.04538642,6117,0.00065549,0.00000000,0,0.00000000,38967,38961,58,0.00095282
1773324782.04196811,0.05597983,6106,0.00094952,0.00000000,0,0.00000000,38961,38963,55,0.00154686
1773324782.14202213,0.05441949,6095,0.00062420,0.00000000,0,0.00000000,38963,38958,60,0.00115139
1773324782.24181938,0.05288700,6109,0.00054185,0.00000000,0,0.00000000,38958,38941,50,0.00115476
1773324782.34182739,0.02477570,6108,0.00028125,0.00000000,0,0.00000000,38941,38942,57,0.00079033
1773324782.44177771,0.02723853,6058,0.00049755,0.00000000,0,0.00000000,38942,38939,49,0.00226739
1773324782.54164815,0.04828515,6115,0.00017427,0.00000000,0,0.00000000,38939,38921,49,0.00319881
1773324782.64161158,0.02401103,6120,0.00016091,0.00000000,0,0.00000000,38921,38906,53,0.00269733
1773324782.74159932,0.02359073,6120,0.00012242,0.00000000,0,0.00000000,38906,38909,48,0.00210225
1773324782.84162426,0.02516917,6113,0.00014198,0.00000000,0,0.00000000,38909,38917,49,0.00162622
1773324782.94157672,0.01778887,6148,0.00011231,0.00000000,0,0.00000000,38917,38922,49,0.00200909
1773324783.04207206,0.04355933,6088,0.00045134,0.00000000,0,0.00000000,38922,38924,54,0.00075652
1773324783.14150476,0.04158496,6179,0.00053200,0.00000000,0,0.00000000,38924,38930,60,0.00076345
1773324783.24209261,0.04056839,6132,0.00053106,0.00000000,0,0.00000000,38930,38932,55,0.00081367
1773324783.34204841,0.04568370,6118,0.00051200,0.00000000,0,0.00000000,38932,38940,61,0.00080141
1773324783.44205952,0.04955727,6111,0.00064331,0.00000000,0,0.00000000,38940,38934,65,0.00159935
1773324783.54204106,0.04854905,6078,0.00050960,0.00000000,0,0.00000000,38934,38935,53,0.00225440
1773324783.64189696,0.04611852,6096,0.00065447,0.00000000,0,0.00000000,38935,38926,62,0.00243977
1773324783.74190474,0.04935083,6136,0.00053486,0.00000000,0,0.00000000,38926,38935,62,0.00134441
1773324783.84303570,0.04797831,6095,0.00053502,0.00000000,0,0.00000000,38935,38939,50,0.00185580
1773324783.94304585,0.03862868,6086,0.00052597,0.00000000,0,0.00000000,38939,38946,54,0.00183645
1773324784.04181004,0.04696669,6124,0.00054238,0.00000000,0,0.00000000,38946,38941,49,0.00177993
1773324784.14283061,0.04285126,6125,0.00017991,0.00000000,0,0.00000000,38941,38947,50,0.00192243
1773324784.24292779,0.02060876,6095,0.00013710,0.00000000,0,0.00000000,38947,38957,54,0.00197895
1773324784.34156537,0.02306362,6120,0.00011084,0.00000000,0,0.00000000,38957,38970,43,0.00200060
1773324784.44282722,0.04435822,6083,0.00024771,0.00000000,0,0.00000000,38970,38959,55,0.00311039
1773324784.54272509,0.02073313,6138,0.00013531,0.00000000,0,0.00000000,38959,38958,64,0.00213662
1773324784.64267135,0.02114277,6099,0.00013372,0.00000000,0,0.00000000,38958,38956,54,0.00280852
1773324784.74284339,0.02775184,6115,0.00036799,0.00000000,0,0.00000000,38956,38950,61,0.00080817
1773324784.84268594,0.02699700,6128,0.00019582,0.00000000,0,0.00000000,38950,38954,55,0.00223504
1773324784.94267535,0.02372186,6080,0.00023446,0.00000000,0,0.00000000,38954,38954,64,0.00082957
1773324785.04259157,0.01982243,6104,0.00015301,0.00000000,0,0.00000000,38954,38960,61,0.00153146
1773324785.14272070,0.02020724,6130,0.00015100,0.00000000,0,0.00000000,38960,38958,61,0.00085678
1773324785.24313736,0.03005364,6115,0.00025603,0.00000000,0,0.00000000,38958,38965,56,0.00120178
1773324785.34250665,0.03134802,6093,0.00025979,0.00000000,0,0.00000000,38965,38971,59,0.00116935
1773324785.44229198,0.02013389,6112,0.00011222,0.00000000,0,0.00000000,38971,38964,51,0.00082465
1773324785.54230213,0.02559695,6118,0.00014161,0.00000000,0,0.00000000,38964,38969,51,0.00072875
1773324785.64234519,0.02520305,6111,0.00018564,0.00000000,0,0.00000000,38969,38976,61,0.00087071
1773324785.74219608,0.02115871,6117,0.00010925,0.00000000,0,0.00000000,38976,38981,45,0.00185693
1773324785.84218383,0.02922728,6117,0.00031431,0.00000000,0,0.00000000,38981,38986,67,0.00151462
1773324785.94218302,0.02363758,6078,0.00014690,0.00000000,0,0.00000000,38986,38996,58,0.00119764
1773324786.04216361,0.02362833,6150,0.00014880,0.00000000,0,0.00000000,38996,38998,53,0.00116585
1773324786.14212966,0.02365908,6097,0.00013837,0.00000000,0,0.00000000,38998,38999,53,0.00205602
1773324786.24190116,0.04480923,6107,0.00013197,0.00000000,0,0.00000000,38999,39006,44,0.00144758
1773324786.34191251,0.03301376,6115,0.00047661,0.00000000,0,0.00000000,39006,39014,54,0.00091123
1773324786.44182324,0.02223461,6136,0.00016935,0.00000000,0,0.00000000,39014,39018,59,0.00076887
1773324786.54183435,0.01766594,6091,0.00013657,0.00000000,0,0.00000000,39018,39023,60,0.00087658
1773324786.64164424,0.02388512,6113,0.00017269,0.00000000,0,0.00000000,39023,39010,52,0.00245569
1773324786.74168038,0.02057548,6140,0.00019866,0.00000000,0,0.00000000,39010,39000,63,0.00089058
1773324786.84158754,0.02975095,6132,0.00045371,0.00000000,0,0.00000000,39000,38999,54,0.00167921
1773324786.94163680,0.03821600,6122,0.00043890,0.00000000,0,0.00000000,38999,38979,41,0.00083633
1773324787.04168868,0.04975777,6074,0.00051545,0.00000000,0,0.00000000,38979,38980,47,0.00090275
1773324787.14158535,0.05126684,6154,0.00055480,0.00000000,0,0.00000000,38980,38984,50,0.00085945
1773324787.24164510,0.02812768,6104,0.00014993,0.00000000,0,0.00000000,38984,38991,60,0.00087813
1773324787.34193635,0.02212204,6083,0.00021062,0.00000000,0,0.00000000,38991,39000,51,0.00220351
1773324787.44160271,0.04079191,6109,0.00038709,0.00000000,0,0.00000000,39000,38997,43,0.00170508
1773324787.54157424,0.02052018,6146,0.00010749,0.00000000,0,0.00000000,38997,38998,47,0.00257523
1773324787.64176083,0.02441983,6110,0.00016054,0.00000000,0,0.00000000,38998,38992,49,0.00183614
1773324787.74183631,0.02037964,6151,0.00018280,0.00000000,0,0.00000000,38992,38984,51,0.00077648
1773324787.84271789,0.01960439,6056,0.00016504,0.00000000,0,0.00000000,38984,38968,56,0.00157714
1773324787.94177246,0.04581095,6122,0.00074020,0.00000000,0,0.00000000,38968,38965,66,0.00079447
1773324788.04177070,0.04370739,6129,0.00044126,0.00000000,0,0.00000000,38965,38966,50,0.00121009
1773324788.14252877,0.02993379,6093,0.00042728,0.00000000,0,0.00000000,38966,38968,46,0.00139804
1773324788.24252725,0.04415182,6088,0.00060775,0.00000000,0,0.00000000,38968,38962,57,0.00086383
1773324788.34159255,0.02162495,6072,0.00016778,0.00000000,0,0.00000000,38962,38972,47,0.00076552
1773324788.44228554,0.02565478,6120,0.00018776,0.00000000,0,0.00000000,38972,38978,55,0.00223409
1773324788.54226637,0.02972931,6116,0.00011992,0.00000000,0,0.00000000,38978,38982,43,0.00108728
1773324788.64235401,0.02674679,6085,0.00014046,0.00000000,0,0.00000000,38982,38990,55,0.00185758
1773324788.74223542,0.01890519,6091,0.00011601,0.00000000,0,0.00000000,38990,39000,51,0.00209531
1773324788.84214544,0.01748056,6193,0.00010390,0.00000000,0,0.00000000,39000,38998,46,0.00094197
1773324788.94227481,0.02294470,6104,0.00011121,0.00000000,0,0.00000000,38998,39002,53,0.00187748
1773324789.04235816,0.04495385,6116,0.00056358,0.00000000,0,0.00000000,39002,38988,58,0.00102617
1773324789.14216542,0.04306527,6127,0.00049324,0.00000000,0,0.00000000,38988,38986,48,0.00158948
1773324789.24211001,0.02888997,6129,0.00017867,0.00000000,0,0.00000000,38986,38989,53,0.00079397
1773324789.34208393,0.03998196,6134,0.00021112,0.00000000,0,0.00000000,38989,38989,48,0.00080720
1773324789.44207931,0.03011669,6079,0.00023605,0.00000000,0,0.00000000,38989,38990,52,0.00082079
1773324789.54198313,0.02244920,6131,0.00011740,0.00000000,0,0.00000000,38990,38994,45,0.00168728
1773324789.64205933,0.02840902,6128,0.00019508,0.00000000,0,0.00000000,38994,38991,58,0.00085381
1773324789.74198031,0.01969315,6113,0.00011213,0.00000000,0,0.00000000,38991,38995,49,0.00279061
1773324789.84186959,0.03898337,6100,0.00056507,0.00000000,0,0.00000000,38995,39004,61,0.00110862
1773324789.94185615,0.04450991,6132,0.00054934,0.00000000,0,0.00000000,39004,39000,54,0.00076196
1773324790.04174161,0.03819559,6120,0.00027159,0.00000000,0,0.00000000,39000,39003,50,0.00148508
1773324790.14179659,0.04143454,6085,0.00048701,0.00000000,0,0.00000000,39003,39004,48,0.00079065
1773324790.24164677,0.02596961,6142,0.00018825,0.00000000,0,0.00000000,39004,39002,59,0.00154850
1773324790.34163809,0.02295050,6105,0.00017331,0.00000000,0,0.00000000,39002,39001,36,0.00262182
1773324790.44220543,0.04732468,6083,0.00049072,0.00000000,0,0.00000000,39001,39003,47,0.00254924
1773324790.54156923,0.02098244,6125,0.00017475,0.00000000,0,0.00000000,39003,39009,62,0.00159288
1773324790.64162779,0.02321897,6132,0.00009174,0.00000000,0,0.00000000,39009,39013,43,0.00183310
1773324790.74207926,0.01930148,6149,0.00014228,0.00000000,0,0.00000000,39013,39018,66,0.00145401
1773324790.84211087,0.01764118,6088,0.00009564,0.00000000,0,0.00000000,39018,39028,53,0.00077754
1773324790.94213033,0.01801647,6135,0.00013392,0.00000000,0,0.00000000,39028,39019,49,0.00081620
1773324791.04219365,0.03993248,6133,0.00058258,0.00000000,0,0.00000000,39019,39024,58,0.00092985
1773324791.14293003,0.05327153,6121,0.00018211,0.00000000,0,0.00000000,39024,39024,57,0.00082056
1773324791.24289584,0.02065412,6100,0.00016690,0.00000000,0,0.00000000,39024,39031,64,0.00079340
1773324791.34197831,0.02276933,6129,0.00015548,0.00000000,0,0.00000000,39031,39033,66,0.00078128
1773324791.44274306,0.03262203,6109,0.00019746,0.00000000,0,0.00000000,39033,39037,52,0.00273717
1773324791.54271507,0.02350820,6083,0.00014656,0.00000000,0,0.00000000,39037,39043,50,0.00201295
1773324791.64192748,0.02272349,6118,0.00012275,0.00000000,0,0.00000000,39043,39050,52,0.00077916
1773324791.74558973,0.02284659,6100,0.00013857,0.00000000,0,0.00000000,39050,39057,49,0.00087294
1773324791.84265137,0.02566489,6088,0.00013222,0.00000000,0,0.00000000,39057,39063,50,0.00230280
1773324791.94173408,0.05104357,6131,0.00046115,0.00000000,0,0.00000000,39063,39070,41,0.00077390
1773324792.04251742,0.05043481,6094,0.00066728,0.00000000,0,0.00000000,39070,39070,55,0.00073972
1773324792.14160633,0.03190309,6122,0.00014283,0.00000000,0,0.00000000,39070,39079,58,0.00074424
1773324792.24235606,0.02045892,6108,0.00020458,0.00000000,0,0.00000000,39079,39087,68,0.00110192
1773324792.34236288,0.03190265,6097,0.00048298,0.00000000,0,0.00000000,39087,39093,52,0.00247015
1773324792.44230103,0.03267217,6192,0.00019516,0.00000000,0,0.00000000,39093,39076,53,0.00253691
1773324792.54241586,0.01988883,6107,0.00015888,0.00000000,0,0.00000000,39076,39086,53,0.00193797
1773324792.64229918,0.02314071,6166,0.00018445,0.00000000,0,0.00000000,39086,39088,62,0.00175631
1773324792.74241042,0.02527155,6113,0.00016534,0.00000000,0,0.00000000,39088,39090,65,0.00163140
1773324792.84227347,0.02465111,6151,0.00020903,0.00000000,0,0.00000000,39090,39093,66,0.00275576
1773324792.94223404,0.04425145,6150,0.00053504,0.00000000,0,0.00000000,39093,39100,65,0.00082623
1773324793.04219961,0.04574666,6120,0.00045183,0.00000000,0,0.00000000,39100,39103,49,0.00111585
1773324793.14230323,0.03941235,6062,0.00054065,0.00000000,0,0.00000000,39103,39103,63,0.00107094
1773324793.24204373,0.02941964,6167,0.00014035,0.00000000,0,0.00000000,39103,39107,57,0.00113476
1773324793.34204841,0.01816178,6120,0.00015065,0.00000000,0,0.00000000,39107,39114,62,0.00107025
1773324793.44201732,0.05115836,6099,0.00048514,0.00000000,0,0.00000000,39114,39114,52,0.00226670
1773324793.54183888,0.02147697,6107,0.00014718,0.00000000,0,0.00000000,39114,39118,59,0.00206098
1773324793.64197087,0.02283185,6122,0.00015183,0.00000000,0,0.00000000,39118,39117,49,0.00160622
1773324793.74185944,0.02358081,6139,0.00015398,0.00000000,0,0.00000000,39117,39113,42,0.00079188
1773324793.84177947,0.02546740,6152,0.00015224,0.00000000,0,0.00000000,39113,39115,51,0.00268856
1773324793.94177246,0.02029732,6139,0.00017357,0.00000000,0,0.00000000,39115,39109,70,0.00077024
1773324794.04174423,0.04484475,6110,0.00047154,0.00000000,0,0.00000000,39109,39112,54,0.00160427
1773324794.14162517,0.05154569,6133,0.00059967,0.00000000,0,0.00000000,39112,39118,50,0.00082901
1773324794.24161816,0.02595306,6153,0.00016848,0.00000000,0,0.00000000,39118,39095,52,0.00159620
1773324794.34224892,0.02067922,6136,0.00010415,0.00000000,0,0.00000000,39095,39094,49,0.00107306
1773324794.44223905,0.02071299,6156,0.00014050,0.00000000,0,0.00000000,39094,39092,57,0.00175309
1773324794.54221368,0.02143958,6111,0.00016314,0.00000000,0,0.00000000,39092,39094,67,0.00192969
1773324794.64234042,0.01974719,6122,0.00014481,0.00000000,0,0.00000000,39094,39095,61,0.00182716
1773324794.74226356,0.01922375,6087,0.00014936,0.00000000,0,0.00000000,39095,39102,60,0.00076615
1773324794.84209418,0.01985846,6143,0.00016627,0.00000000,0,0.00000000,39102,39101,56,0.00080358
1773324794.94210243,0.04600866,6133,0.00053477,0.00000000,0,0.00000000,39101,39107,56,0.00087464
1773324795.04208994,0.04931320,6124,0.00047751,0.00000000,0,0.00000000,39107,39112,51,0.00085227
1773324795.14208579,0.04967904,6103,0.00060849,0.00000000,0,0.00000000,39112,39115,64,0.00084886
1773324795.24289560,0.03335843,6109,0.00022187,0.00000000,0,0.00000000,39115,39117,70,0.00076695
1773324795.34287810,0.02742553,6100,0.00017445,0.00000000,0,0.00000000,39117,39126,69,0.00194627
1773324795.44193578,0.04394277,6110,0.00065875,0.00000000,0,0.00000000,39126,39118,67,0.00196310
1773324795.54186940,0.02373926,6149,0.00012828,0.00000000,0,0.00000000,39118,39124,59,0.00178601
1773324795.64268994,0.02703676,6089,0.00017123,0.00000000,0,0.00000000,39124,39117,65,0.00285829
1773324795.74179435,0.02394776,6115,0.00021523,0.00000000,0,0.00000000,39117,39117,64,0.00248008
1773324795.84261441,0.02035096,6085,0.00014162,0.00000000,0,0.00000000,39117,39122,67,0.00157358
1773324795.94169593,0.02238044,6087,0.00015449,0.00000000,0,0.00000000,39122,39123,56,0.00076157
1773324796.04170823,0.04955174,6125,0.00064388,0.00000000,0,0.00000000,39123,39128,62,0.00082870
1773324796.14249706,0.05039409,6106,0.00071279,0.00000000,0,0.00000000,39128,39120,51,0.00080154
1773324796.24246740,0.02982953,6120,0.00019311,0.00000000,0,0.00000000,39120,39112,60,0.00143743
1773324796.34152055,0.02681687,6178,0.00028962,0.00000000,0,0.00000000,39112,39108,45,0.00082200
1773324796.44246101,0.03956842,6107,0.00015288,0.00000000,0,0.00000000,39108,39110,47,0.00155367
1773324796.54245996,0.02319877,6078,0.00017972,0.00000000,0,0.00000000,39110,39108,53,0.00177828
1773324796.64236951,0.02465413,6138,0.00017349,0.00000000,0,0.00000000,39108,39108,64,0.00172320
1773324796.74242473,0.02537460,6091,0.00010789,0.00000000,0,0.00000000,39108,39111,42,0.00091522
1773324796.84227705,0.02530091,6143,0.00018202,0.00000000,0,0.00000000,39111,39105,55,0.00163950
1773324796.94226909,0.04788057,6116,0.00067466,0.00000000,0,0.00000000,39105,39114,56,0.00074704
1773324797.04233932,0.04942814,6110,0.00068526,0.00000000,0,0.00000000,39114,39103,63,0.00110481
1773324797.14224768,0.04962635,6108,0.00024101,0.00000000,0,0.00000000,39103,39094,65,0.00138590
1773324797.24215841,0.02301409,6135,0.00014765,0.00000000,0,0.00000000,39094,39098,51,0.00112135
1773324797.34212995,0.02483090,6087,0.00012993,0.00000000,0,0.00000000,39098,39097,62,0.00175294
1773324797.44198704,0.04138249,6129,0.00041697,0.00000000,0,0.00000000,39097,39106,53,0.00286761
1773324797.54206395,0.02096411,6124,0.00020449,0.00000000,0,0.00000000,39106,39106,67,0.00195213
1773324797.64191675,0.02100379,6133,0.00015768,0.00000000,0,0.00000000,39106,39108,60,0.00222490
1773324797.74193192,0.02050538,6157,0.00010077,0.00000000,0,0.00000000,39108,39110,48,0.00150886
1773324797.84195256,0.01929620,6072,0.00014593,0.00000000,0,0.00000000,39110,39091,51,0.00181345
1773324797.94187498,0.04048736,6129,0.00035260,0.00000000,0,0.00000000,39091,39082,63,0.00140848
1773324798.04175949,0.04582979,6115,0.00075985,0.00000000,0,0.00000000,39082,39086,58,0.00146482
1773324798.14164424,0.05326641,6095,0.00070455,0.00000000,0,0.00000000,39086,39092,54,0.00079946
1773324798.24161077,0.02604242,6124,0.00024334,0.00000000,0,0.00000000,39092,39084,55,0.00077489
1773324798.34161806,0.02856525,6127,0.00023426,0.00000000,0,0.00000000,39084,39088,58,0.00147697
1773324798.44163060,0.04836342,6107,0.00065863,0.00000000,0,0.00000000,39088,39090,59,0.00327029
1773324798.54150367,0.02550879,6150,0.00017180,0.00000000,0,0.00000000,39090,39084,47,0.00284033
1773324798.64231658,0.02844016,6098,0.00037205,0.00000000,0,0.00000000,39084,39085,51,0.00272352
1773324798.74216294,0.02628089,6082,0.00018647,0.00000000,0,0.00000000,39085,39093,53,0.00107871
1773324798.84209538,0.02539480,6152,0.00019313,0.00000000,0,0.00000000,39093,39093,56,0.00105318
1773324798.94202709,0.02545936,6160,0.00014004,0.00000000,0,0.00000000,39093,39101,54,0.00079965
1773324799.04217529,0.04370475,6063,0.00068695,0.00000000,0,0.00000000,39101,39098,65,0.00109522
1773324799.14203310,0.03425179,6108,0.00012637,0.00000000,0,0.00000000,39098,39101,55,0.00107654
1773324799.24199820,0.02065029,6099,0.00017928,0.00000000,0,0.00000000,39101,39100,65,0.00118681
1773324799.34200335,0.02428402,6092,0.00060238,0.00000000,0,0.00000000,39100,39097,66,0.00112638
1773324799.44202781,0.02034360,6139,0.00013839,0.00000000,0,0.00000000,39097,39093,54,0.00169435
1773324799.54195762,0.02012632,6066,0.00016965,0.00000000,0,0.00000000,39093,39091,64,0.00243750
1773324799.64189672,0.02096777,6124,0.00010770,0.00000000,0,0.00000000,39091,39096,41,0.00081782
1773324799.74186468,0.02055064,6126,0.00013737,0.00000000,0,0.00000000,39096,39099,62,0.00092264
1773324799.84261370,0.03211737,6145,0.00065265,0.00000000,0,0.00000000,39099,39091,71,0.00078148
1773324799.94261718,0.04030960,6093,0.00057145,0.00000000,0,0.00000000,39091,39089,55,0.00092784
1773324800.04168606,0.05084813,6158,0.00055339,0.00000000,0,0.00000000,39089,39095,54,0.00074397
1773324800.14247918,0.05145777,6126,0.00061473,0.00000000,0,0.00000000,39095,39099,53,0.00097617
1773324800.24241424,0.03408509,6127,0.00012335,0.00000000,0,0.00000000,39099,39105,44,0.00076743
1773324800.34240556,0.02671720,6152,0.00021615,0.00000000,0,0.00000000,39105,39110,46,0.00181738
1773324800.44240165,0.03630486,6131,0.00060823,0.00000000,0,0.00000000,39110,39116,57,0.00225546
1773324800.54243541,0.01877080,6126,0.00011262,0.00000000,0,0.00000000,39116,39115,53,0.00203635
1773324800.64248252,0.01933430,6112,0.00013346,0.00000000,0,0.00000000,39115,39124,53,0.00200967
1773324800.74225736,0.02121870,6201,0.00018151,0.00000000,0,0.00000000,39124,39129,61,0.00094594
1773324800.84245849,0.02091351,6086,0.00013633,0.00000000,0,0.00000000,39129,39133,60,0.00107215
1773324800.94230270,0.02963552,6145,0.00055489,0.00000000,0,0.00000000,39133,39138,57,0.00079936
1773324801.04235792,0.04988130,6085,0.00070740,0.00000000,0,0.00000000,39138,39130,63,0.00078565
1773324801.14227247,0.05623252,6091,0.00054041,0.00000000,0,0.00000000,39130,39133,59,0.00146815
1773324801.24222422,0.02671356,6107,0.00019460,0.00000000,0,0.00000000,39133,39129,70,0.00077255
1773324801.34207368,0.02851723,6128,0.00030564,0.00000000,0,0.00000000,39129,39133,61,0.00083773
1773324801.44207096,0.02578755,6108,0.00058670,0.00000000,0,0.00000000,39133,39116,61,0.00196597
1773324801.54207873,0.02653691,6123,0.00013443,0.00000000,0,0.00000000,39116,39125,62,0.00202729
1773324801.64217067,0.02160211,6091,0.00015886,0.00000000,0,0.00000000,39125,39128,53,0.00150103
1773324801.74190545,0.01868315,6138,0.00016817,0.00000000,0,0.00000000,39128,39115,60,0.00155749
1773324801.84192944,0.02105666,6141,0.00009056,0.00000000,0,0.00000000,39115,39117,47,0.00088333
1773324801.94189143,0.01966247,6120,0.00012194,0.00000000,0,0.00000000,39117,39105,57,0.00082988
1773324802.04175210,0.03958820,6118,0.00052563,0.00000000,0,0.00000000,39105,39107,57,0.00088057
1773324802.14174867,0.04231431,6099,0.00058566,0.00000000,0,0.00000000,39107,39090,53,0.00075350
1773324802.24171591,0.03438552,6137,0.00020398,0.00000000,0,0.00000000,39090,39092,62,0.00077008
1773324802.34179473,0.02039673,6096,0.00027147,0.00000000,0,0.00000000,39092,39099,53,0.00076353
1773324802.44162011,0.02177638,6117,0.00012964,0.00000000,0,0.00000000,39099,39103,53,0.00206696
1773324802.54167342,0.02058851,6096,0.00022623,0.00000000,0,0.00000000,39103,39089,72,0.00160803
1773324802.64173770,0.02936995,6103,0.00019674,0.00000000,0,0.00000000,39089,39096,55,0.00195930
1773324802.74220371,0.02527610,6078,0.00019068,0.00000000,0,0.00000000,39096,39097,61,0.00082889
1773324802.84155273,0.02639117,6084,0.00019474,0.00000000,0,0.00000000,39097,39099,54,0.00157860
1773324802.94150305,0.03728176,6181,0.00062801,0.00000000,0,0.00000000,39099,39094,64,0.00073375
1773324803.04222107,0.05369358,6103,0.00075066,0.00000000,0,0.00000000,39094,39094,66,0.00193546
1773324803.14212251,0.04999768,6132,0.00023805,0.00000000,0,0.00000000,39094,39097,57,0.00104434
1773324803.24213171,0.02595449,6142,0.00019162,0.00000000,0,0.00000000,39097,39101,69,0.00116545
1773324803.34213328,0.02848959,6158,0.00025094,0.00000000,0,0.00000000,39101,39096,61,0.00089260
1773324803.44300580,0.05155391,6063,0.00022679,0.00000000,0,0.00000000,39096,39104,57,0.00261710
1773324803.54199719,0.02165408,6116,0.00014144,0.00000000,0,0.00000000,39104,39105,55,0.00284211
1773324803.64200497,0.02223080,6091,0.00018311,0.00000000,0,0.00000000,39105,39108,59,0.00217898
1773324803.74360299,0.02066614,6088,0.00013893,0.00000000,0,0.00000000,39108,39106,60,0.00104548
1773324803.84193015,0.02085334,6127,0.00017655,0.00000000,0,0.00000000,39106,39086,51,0.00244100
1773324803.94286990,0.02214487,6098,0.00028439,0.00000000,0,0.00000000,39086,39085,54,0.00079432
1773324804.04184294,0.04165874,6088,0.00060115,0.00000000,0,0.00000000,39085,39065,53,0.00089084
1773324804.14277148,0.03993447,6094,0.00053065,0.00000000,0,0.00000000,39065,39076,55,0.00080220
1773324804.24274468,0.02817036,6102,0.00020957,0.00000000,0,0.00000000,39076,39066,69,0.00168577
1773324804.34164834,0.02244505,6095,0.00031312,0.00000000,0,0.00000000,39066,39065,67,0.00078916
1773324804.44160151,0.02650003,6132,0.00012460,0.00000000,0,0.00000000,39065,39069,56,0.00179908
1773324804.54162383,0.02064907,6141,0.00014851,0.00000000,0,0.00000000,39069,39076,56,0.00164976
1773324804.64265680,0.02044678,6060,0.00018033,0.00000000,0,0.00000000,39076,39072,62,0.00257923
1773324804.74321222,0.02031268,6113,0.00012001,0.00000000,0,0.00000000,39072,39080,47,0.00078714
1773324804.84247470,0.02051541,6130,0.00009919,0.00000000,0,0.00000000,39080,39086,54,0.00173774
1773324804.94248366,0.04898700,6115,0.00047642,0.00000000,0,0.00000000,39086,39083,56,0.00079753
1773324805.04248619,0.04285059,6100,0.00053038,0.00000000,0,0.00000000,39083,39080,57,0.00092595
1773324805.14257526,0.04259182,6077,0.00056680,0.00000000,0,0.00000000,39080,39055,54,0.00088316
1773324805.24255300,0.03773431,6089,0.00019240,0.00000000,0,0.00000000,39055,39058,55,0.00077354
1773324805.34237099,0.02122688,6127,0.00027663,0.00000000,0,0.00000000,39058,39068,55,0.00169902
1773324805.44236517,0.03779664,6086,0.00073955,0.00000000,0,0.00000000,39068,39053,61,0.00223065
1773324805.54238439,0.02419588,6082,0.00025342,0.00000000,0,0.00000000,39053,39040,51,0.00202774
1773324805.64229250,0.02263916,6081,0.00019718,0.00000000,0,0.00000000,39040,39035,69,0.00166235
1773324805.74309802,0.02041880,6065,0.00009796,0.00000000,0,0.00000000,39035,39041,48,0.00073843
1773324805.84228110,0.01856547,6127,0.00015351,0.00000000,0,0.00000000,39041,39033,64,0.00092881
1773324805.94223738,0.01734176,6062,0.00012398,0.00000000,0,0.00000000,39033,39043,66,0.00081287
1773324806.04206920,0.01863428,6106,0.00009642,0.00000000,0,0.00000000,39043,39049,56,0.00086185
1773324806.14196491,0.02980022,6121,0.00042630,0.00000000,0,0.00000000,39049,39051,53,0.00096880
1773324806.24209952,0.02046850,5840,0.00024943,0.00000000,0,0.00000000,39051,39049,61,0.00083419
1773324806.33790112,0.02149459,6347,0.00016083,0.00000000,0,0.00000000,39049,39053,55,0.00078501
1773324806.44197536,0.02092665,6079,0.00015105,0.00000000,0,0.00000000,39053,39044,39,0.00164438
1773324806.54179120,0.02096948,6109,0.00012748,0.00000000,0,0.00000000,39044,39048,50,0.00154396
1773324806.64179230,0.02019524,6087,0.00015420,0.00000000,0,0.00000000,39048,39047,55,0.00095705
1773324806.74260879,0.01824203,6082,0.00011179,0.00000000,0,0.00000000,39047,39051,54,0.00078633
1773324806.84167099,0.03879211,6166,0.00060737,0.00000000,0,0.00000000,39051,39057,64,0.00141241
1773324806.94168162,0.04166975,6114,0.00061084,0.00000000,0,0.00000000,39057,39055,55,0.00081957
1773324807.04167366,0.04167456,6079,0.00049568,0.00000000,0,0.00000000,39055,39059,52,0.00090007
1773324807.14168501,0.04066012,6125,0.00025479,0.00000000,0,0.00000000,39059,39050,59,0.00081685
1773324807.24170780,0.02034673,6124,0.00016966,0.00000000,0,0.00000000,39050,39049,70,0.00172340
1773324807.34174943,0.02296672,6097,0.00019091,0.00000000,0,0.00000000,39049,39054,51,0.00184541
1773324807.44156504,0.03957487,6114,0.00036494,0.00000000,0,0.00000000,39054,39051,56,0.00240180
1773324807.54158974,0.02072030,6090,0.00016463,0.00000000,0,0.00000000,39051,39044,64,0.00172344
1773324807.64162374,0.02324563,6048,0.00021121,0.00000000,0,0.00000000,39044,39050,57,0.00180680
1773324807.74204373,0.02914297,6193,0.00038613,0.00000000,0,0.00000000,39050,39055,65,0.00077144
1773324807.84157825,0.02589289,6122,0.00015251,0.00000000,0,0.00000000,39055,39060,59,0.00200176
1773324807.94178843,0.02585909,6124,0.00018805,0.00000000,0,0.00000000,39060,39064,60,0.00144624
1773324808.04185653,0.04182408,6134,0.00050018,0.00000000,0,0.00000000,39064,39069,48,0.00079369
1773324808.14178920,0.04266914,6167,0.00049516,0.00000000,0,0.00000000,39069,39072,54,0.00113453
1773324808.24271965,0.02090903,6149,0.00021230,0.00000000,0,0.00000000,39072,39070,66,0.00120072
1773324808.34273481,0.02377138,6095,0.00025685,0.00000000,0,0.00000000,39070,39061,66,0.00120002
1773324808.44275284,0.02019648,6131,0.00010619,0.00000000,0,0.00000000,39061,39066,43,0.00215968
1773324808.54282260,0.02074635,6116,0.00020618,0.00000000,0,0.00000000,39066,39074,56,0.00241677
1773324808.64272547,0.02043319,6009,0.00013658,0.00000000,0,0.00000000,39074,39076,60,0.00198063
1773324808.74186587,0.02358268,6172,0.00016688,0.00000000,0,0.00000000,39076,39079,66,0.00079118
1773324808.84261703,0.02322356,6125,0.00022381,0.00000000,0,0.00000000,39079,39055,62,0.00098337
1773324808.94264889,0.03930011,6097,0.00018916,0.00000000,0,0.00000000,39055,39055,54,0.00079712
1773324809.04244947,0.04930715,6145,0.00077857,0.00000000,0,0.00000000,39055,39051,78,0.00077455
1773324809.14244580,0.04167835,6123,0.00021544,0.00000000,0,0.00000000,39051,39047,67,0.00082845
1773324809.24245214,0.01918820,6148,0.00016768,0.00000000,0,0.00000000,39047,39047,53,0.00082201
1773324809.34245992,0.02134579,6149,0.00024271,0.00000000,0,0.00000000,39047,39037,58,0.00196887
1773324809.44246006,0.04118658,6099,0.00026903,0.00000000,0,0.00000000,39037,39023,62,0.00147680
1773324809.54226661,0.03082799,6135,0.00018802,0.00000000,0,0.00000000,39023,39023,60,0.00300239
1773324809.64227867,0.02498445,6055,0.00014399,0.00000000,0,0.00000000,39023,39030,54,0.00188144
1773324809.74160647,0.03079656,6136,0.00027982,0.00000000,0,0.00000000,39030,39033,78,0.00076428
1773324809.84227753,0.02560246,6102,0.00018549,0.00000000,0,0.00000000,39033,39041,60,0.00249995
1773324809.94225454,0.02410781,6118,0.00016976,0.00000000,0,0.00000000,39041,39035,50,0.00154992
1773324810.04213643,0.04200929,6113,0.00056782,0.00000000,0,0.00000000,39035,39026,52,0.00111212
1773324810.14214921,0.04002077,6081,0.00049962,0.00000000,0,0.00000000,39026,39036,49,0.00138253
1773324810.24219346,0.03272160,6125,0.00016815,0.00000000,0,0.00000000,39036,39037,61,0.00114369
1773324810.34198928,0.01987152,6116,0.00018073,0.00000000,0,0.00000000,39037,39035,64,0.00102640
1773324810.44196033,0.04005059,6119,0.00047018,0.00000000,0,0.00000000,39035,39036,60,0.00282490
1773324810.54194546,0.02114850,6083,0.00014243,0.00000000,0,0.00000000,39036,39045,58,0.00279738
1773324810.64186215,0.02004325,6126,0.00012653,0.00000000,0,0.00000000,39045,39054,50,0.00257376
1773324810.74170160,0.02487850,6070,0.00016783,0.00000000,0,0.00000000,39054,39058,56,0.00077661
1773324810.84170961,0.02398603,6111,0.00020037,0.00000000,0,0.00000000,39058,39062,60,0.00176643
1773324810.94178891,0.01948435,6137,0.00009417,0.00000000,0,0.00000000,39062,39067,50,0.00079718
1773324811.04175210,0.05092044,6120,0.00027198,0.00000000,0,0.00000000,39067,39069,73,0.00082889
1773324811.14173317,0.05795520,6110,0.00032583,0.00000000,0,0.00000000,39069,39049,63,0.00076259
1773324811.24159288,0.02784208,6125,0.00020265,0.00000000,0,0.00000000,39049,39046,74,0.00083550
1773324811.34156299,0.02615495,6104,0.00024315,0.00000000,0,0.00000000,39046,39050,55,0.00081575
1773324811.44163156,0.03363076,6136,0.00015476,0.00000000,0,0.00000000,39050,39056,71,0.00165420
1773324811.54165840,0.01862447,6160,0.00019340,0.00000000,0,0.00000000,39056,39060,76,0.00305197
1773324811.64166927,0.01972527,6157,0.00014336,0.00000000,0,0.00000000,39060,39054,57,0.00081679
1773324811.74228811,0.02035053,6106,0.00011953,0.00000000,0,0.00000000,39054,39059,53,0.00080678
1773324811.84172893,0.02361702,6119,0.00017484,0.00000000,0,0.00000000,39059,39068,75,0.00190019
1773324811.94198084,0.02296620,6075,0.00013080,0.00000000,0,0.00000000,39068,39070,51,0.00077757
1773324812.04149771,0.05267550,6120,0.00066936,0.00000000,0,0.00000000,39070,39069,56,0.00078384
1773324812.14156604,0.05548813,6132,0.00055918,0.00000000,0,0.00000000,39069,39072,59,0.00080288
1773324812.24296880,0.04426839,6113,0.00020900,0.00000000,0,0.00000000,39072,39075,67,0.00077627
1773324812.34291577,0.02799116,6096,0.00019691,0.00000000,0,0.00000000,39075,39082,66,0.00074759
1773324812.44183779,0.02967642,6112,0.00023477,0.00000000,0,0.00000000,39082,39078,75,0.00364362
1773324812.54277658,0.04627368,6121,0.00057868,0.00000000,0,0.00000000,39078,39085,60,0.00304600
1773324812.64283109,0.02748129,6083,0.00021015,0.00000000,0,0.00000000,39085,39082,68,0.00218493
1773324812.74206710,0.02287357,6116,0.00015720,0.00000000,0,0.00000000,39082,39086,57,0.00348344
1773324812.84276819,0.02262016,6124,0.00013854,0.00000000,0,0.00000000,39086,39088,72,0.00240390
1773324812.94274211,0.02042633,6085,0.00016830,0.00000000,0,0.00000000,39088,39084,60,0.00250688
1773324813.04248238,0.02135338,6138,0.00014377,0.00000000,0,0.00000000,39084,39088,57,0.00272730
1773324813.14256001,0.01928191,6131,0.00017846,0.00000000,0,0.00000000,39088,39089,59,0.00308531
1773324813.24274898,0.02088645,6074,0.00015488,0.00000000,0,0.00000000,39089,39093,56,0.00083190
1773324813.34254551,0.02235576,6085,0.00025486,0.00000000,0,0.00000000,39093,39105,67,0.00145287
1773324813.44242382,0.01932491,6154,0.00016655,0.00000000,0,0.00000000,39105,39105,68,0.00080858
1773324813.54262614,0.01890426,6080,0.00013571,0.00000000,0,0.00000000,39105,39097,65,0.00076834
1773324813.64243579,0.02397512,6083,0.00034733,0.00000000,0,0.00000000,39097,39105,61,0.00081139
1773324813.74231625,0.02031775,6117,0.00018642,0.00000000,0,0.00000000,39105,39099,56,0.00079686
1773324813.84248519,0.02150990,6097,0.00016204,0.00000000,0,0.00000000,39099,39105,77,0.00083138
1773324813.94242764,0.02449885,6040,0.00018269,0.00000000,0,0.00000000,39105,39099,59,0.00083518
1773324814.04233027,0.02408557,6123,0.00013062,0.00000000,0,0.00000000,39099,39102,58,0.00078876
1773324814.14233088,0.02382180,6150,0.00014604,0.00000000,0,0.00000000,39102,39106,62,0.00077910
1773324814.24227667,0.02496695,6070,0.00015040,0.00000000,0,0.00000000,39106,39111,55,0.00182930
1773324814.34213924,0.03351141,6102,0.00015525,0.00000000,0,0.00000000,39111,39114,61,0.00082597
1773324814.44220638,0.03007682,6049,0.00024175,0.00000000,0,0.00000000,39114,39118,62,0.00083933
1773324814.54216766,0.02466408,6083,0.00013932,0.00000000,0,0.00000000,39118,39126,55,0.00096306
1773324814.64208508,0.02923598,6083,0.00012557,0.00000000,0,0.00000000,39126,39132,42,0.00187881
1773324814.74196696,0.01866694,6105,0.00019648,0.00000000,0,0.00000000,39132,39134,68,0.00183353
1773324814.84232712,0.02479918,6051,0.00012592,0.00000000,0,0.00000000,39134,39142,52,0.00151160
1773324814.94191146,0.04784452,6088,0.00061214,0.00000000,0,0.00000000,39142,39149,62,0.00106604
1773324815.04190373,0.05009596,6095,0.00064062,0.00000000,0,0.00000000,39149,39146,71,0.00154852
1773324815.14200950,0.04186111,6090,0.00057554,0.00000000,0,0.00000000,39146,39141,53,0.00088574
1773324815.24177122,0.03728790,6134,0.00019713,0.00000000,0,0.00000000,39141,39140,58,0.00113127
1773324815.34168959,0.02061842,6070,0.00015036,0.00000000,0,0.00000000,39140,39138,63,0.00214534
1773324815.44171262,0.02545248,6105,0.00054452,0.00000000,0,0.00000000,39138,39142,56,0.00351443
1773324815.54170775,0.02445897,6072,0.00013814,0.00000000,0,0.00000000,39142,39144,52,0.00156038
1773324815.64166069,0.02674560,6155,0.00014836,0.00000000,0,0.00000000,39144,39146,57,0.00159028
1773324815.74160075,0.02453440,6078,0.00012519,0.00000000,0,0.00000000,39146,39146,49,0.00085531
1773324815.84151340,0.02428171,6138,0.00013184,0.00000000,0,0.00000000,39146,39153,53,0.00151542
1773324815.94164991,0.02401466,6114,0.00016623,0.00000000,0,0.00000000,39153,39155,62,0.00092964
1773324816.04177761,0.04936964,6089,0.00068609,0.00000000,0,0.00000000,39155,39155,56,0.00079354
1773324816.14155769,0.05792019,6155,0.00103908,0.00000000,0,0.00000000,39155,39149,71,0.00089991
1773324816.24207759,0.02716795,6093,0.00014210,0.00000000,0,0.00000000,39149,39155,56,0.00081449
1773324816.34214401,0.02360748,6086,0.00021368,0.00000000,0,0.00000000,39155,39155,57,0.00073647
1773324816.44160485,0.03003709,6092,0.00050079,0.00000000,0,0.00000000,39155,39159,53,0.00237805
1773324816.54191136,0.02037349,6094,0.00012398,0.00000000,0,0.00000000,39159,39161,51,0.00271803
1773324816.64190340,0.02198178,6095,0.00012453,0.00000000,0,0.00000000,39161,39167,51,0.00250789
1773324816.74205971,0.02057698,6102,0.00010827,0.00000000,0,0.00000000,39167,39172,44,0.00090005
1773324816.84295583,0.01997007,6089,0.00019668,0.00000000,0,0.00000000,39172,39152,62,0.00077663
1773324816.94296694,0.02038931,6113,0.00015939,0.00000000,0,0.00000000,39152,39156,53,0.00079415
1773324817.04296398,0.05068612,6062,0.00063393,0.00000000,0,0.00000000,39156,39160,47,0.00104118
1773324817.14276552,0.05989624,6087,0.00016521,0.00000000,0,0.00000000,39160,39158,54,0.00092167
1773324817.24276066,0.02846228,6088,0.00017771,0.00000000,0,0.00000000,39158,39145,47,0.00076655
1773324817.34275317,0.02951651,6075,0.00018147,0.00000000,0,0.00000000,39145,39152,62,0.00084841
1773324817.44258785,0.05004297,6102,0.00055212,0.00000000,0,0.00000000,39152,39157,63,0.00308749
1773324817.54265094,0.02705439,6125,0.00018173,0.00000000,0,0.00000000,39157,39157,54,0.00242878
1773324817.64262748,0.02762784,6051,0.00025019,0.00000000,0,0.00000000,39157,39151,49,0.00198661
1773324817.74161339,0.02430161,6118,0.00019917,0.00000000,0,0.00000000,39151,39139,64,0.00102427
1773324817.84244990,0.02372459,6128,0.00016255,0.00000000,0,0.00000000,39139,39129,59,0.00135404
1773324817.94253778,0.02370334,6096,0.00013457,0.00000000,0,0.00000000,39129,39137,57,0.00154943
1773324818.04248929,0.06646807,6095,0.00077825,0.00000000,0,0.00000000,39137,39143,59,0.00168103
1773324818.14247394,0.05437147,6101,0.00019021,0.00000000,0,0.00000000,39143,39144,55,0.00081212
1773324818.24242640,0.02288005,6062,0.00015830,0.00000000,0,0.00000000,39144,39146,56,0.00078704
1773324818.34247851,0.02334070,6076,0.00014810,0.00000000,0,0.00000000,39146,39152,67,0.00078705
1773324818.44230938,0.03593882,6086,0.00017230,0.00000000,0,0.00000000,39152,39151,50,0.00288596
1773324818.54233885,0.02070175,6122,0.00016851,0.00000000,0,0.00000000,39151,39145,61,0.00273957
1773324818.64235282,0.01959826,6089,0.00015074,0.00000000,0,0.00000000,39145,39133,65,0.00102727
1773324818.74221897,0.01986224,6070,0.00011511,0.00000000,0,0.00000000,39133,39136,45,0.00107802
1773324818.84227252,0.02746359,6047,0.00018547,0.00000000,0,0.00000000,39136,39141,53,0.00163904
1773324818.94218874,0.03594549,6110,0.00057840,0.00000000,0,0.00000000,39141,39142,63,0.00098777
1773324819.04217291,0.04931708,6044,0.00064326,0.00000000,0,0.00000000,39142,39142,64,0.00078158
1773324819.14200997,0.04208774,6116,0.00054414,0.00000000,0,0.00000000,39142,39145,62,0.00079457
1773324819.24212337,0.02039684,6033,0.00021501,0.00000000,0,0.00000000,39145,39150,79,0.00109601
1773324819.34190035,0.02301571,6109,0.00012283,0.00000000,0,0.00000000,39150,39148,51,0.00107539
1773324819.44203758,0.04254048,6066,0.00078343,0.00000000,0,0.00000000,39148,39146,71,0.00299956
1773324819.54186487,0.01999932,6119,0.00018554,0.00000000,0,0.00000000,39146,39145,65,0.00324470
1773324819.64186692,0.02284688,6078,0.00014051,0.00000000,0,0.00000000,39145,39148,63,0.00272187
1773324819.74183440,0.02827880,6067,0.00014346,0.00000000,0,0.00000000,39148,39147,54,0.00184626
1773324819.84187317,0.02073756,6074,0.00011566,0.00000000,0,0.00000000,39147,39154,52,0.00079982
1773324819.94167423,0.02045974,6097,0.00016380,0.00000000,0,0.00000000,39154,39134,57,0.00079394
1773324820.04167557,0.06280420,6074,0.00098961,0.00000000,0,0.00000000,39134,39137,75,0.00095764
1773324820.14161539,0.05247098,6119,0.00034698,0.00000000,0,0.00000000,39137,39134,68,0.00113824
1773324820.24176431,0.03367892,6052,0.00032760,0.00000000,0,0.00000000,39134,39139,57,0.00096740
1773324820.34162831,0.03052542,6107,0.00056860,0.00000000,0,0.00000000,39139,39133,60,0.00079157
1773324820.44166183,0.04884824,6102,0.00017674,0.00000000,0,0.00000000,39133,39129,60,0.00416023
1773324820.54165602,0.02809126,6061,0.00019062,0.00000000,0,0.00000000,39129,39130,77,0.00425730
1773324820.64152813,0.02940013,6135,0.00025643,0.00000000,0,0.00000000,39130,39125,63,0.00372836
1773324820.74215817,0.02483400,6051,0.00014447,0.00000000,0,0.00000000,39125,39124,52,0.00211125
1773324820.84161282,0.02428119,6090,0.00015102,0.00000000,0,0.00000000,39124,39133,70,0.00085918
1773324820.94155073,0.02094241,6164,0.00017425,0.00000000,0,0.00000000,39133,39106,62,0.00076691
1773324821.04216933,0.04028002,6080,0.00050188,0.00000000,0,0.00000000,39106,39111,56,0.00078076
1773324821.14212656,0.03489585,6100,0.00014987,0.00000000,0,0.00000000,39111,39107,53,0.00074617
1773324821.24196649,0.02078004,6133,0.00033798,0.00000000,0,0.00000000,39107,39115,72,0.00080341
1773324821.34202290,0.02665994,6097,0.00017191,0.00000000,0,0.00000000,39115,39120,71,0.00071552
1773324821.44195414,0.02042468,6094,0.00012658,0.00000000,0,0.00000000,39120,39118,45,0.00202764
1773324821.54193187,0.02379055,6078,0.00018084,0.00000000,0,0.00000000,39118,39100,67,0.00178683
1773324821.64279222,0.02416915,6042,0.00015834,0.00000000,0,0.00000000,39100,39080,54,0.00087116
1773324821.74186707,0.02435180,6084,0.00019310,0.00000000,0,0.00000000,39080,39074,57,0.00180537
1773324821.84271002,0.05055431,6068,0.00026298,0.00000000,0,0.00000000,39074,39083,50,0.00078005
1773324821.94264388,0.05046320,6097,0.00052518,0.00000000,0,0.00000000,39083,39078,52,0.00074029
1773324822.04264140,0.05346470,6054,0.00064484,0.00000000,0,0.00000000,39078,39081,68,0.00080301
1773324822.14166069,0.05362716,6150,0.00051268,0.00000000,0,0.00000000,39081,39087,53,0.00076672
1773324822.24243617,0.02368804,6079,0.00018443,0.00000000,0,0.00000000,39087,39091,54,0.00173317
1773324822.34247661,0.03103413,6108,0.00023961,0.00000000,0,0.00000000,39091,39097,69,0.00205765
1773324822.44240165,0.04377552,6119,0.00068631,0.00000000,0,0.00000000,39097,39096,64,0.00179623
1773324822.54248095,0.03338301,6091,0.00029720,0.00000000,0,0.00000000,39096,39100,67,0.00316058
1773324822.64248466,0.03164446,6037,0.00023188,0.00000000,0,0.00000000,39100,39095,57,0.00268105
1773324822.74229288,0.02505529,6101,0.00017315,0.00000000,0,0.00000000,39095,39096,61,0.00107135
1773324822.84248996,0.03024218,6055,0.00017714,0.00000000,0,0.00000000,39096,39103,54,0.00077458
1773324822.94236612,0.02511403,6074,0.00016450,0.00000000,0,0.00000000,39103,39110,59,0.00257969
1773324823.04234362,0.03949321,6079,0.00054357,0.00000000,0,0.00000000,39110,39117,55,0.00146339
1773324823.14266396,0.04142150,6075,0.00055472,0.00000000,0,0.00000000,39117,39121,59,0.00106394
1773324823.24236369,0.04474920,6049,0.00062779,0.00000000,0,0.00000000,39121,39109,66,0.00149283
1773324823.34216213,0.02046520,6096,0.00017728,0.00000000,0,0.00000000,39109,39119,72,0.00118213
1773324823.44222283,0.01950333,6091,0.00011745,0.00000000,0,0.00000000,39119,39123,52,0.00179793
1773324823.54222202,0.01828937,6066,0.00016986,0.00000000,0,0.00000000,39123,39127,58,0.00162375
1773324823.64212728,0.01828571,6084,0.00014501,0.00000000,0,0.00000000,39127,39133,68,0.00171018
1773324823.74210095,0.02488362,6056,0.00019182,0.00000000,0,0.00000000,39133,39133,59,0.00125513
1773324823.84197092,0.02400155,6091,0.00013629,0.00000000,0,0.00000000,39133,39140,56,0.00252162
1773324823.94197917,0.04368311,6062,0.00054213,0.00000000,0,0.00000000,39140,39145,52,0.00078262
1773324824.04190946,0.04972321,6077,0.00054929,0.00000000,0,0.00000000,39145,39149,67,0.00080847
1773324824.14196396,0.05040418,6089,0.00013319,0.00000000,0,0.00000000,39149,39155,52,0.00160313
1773324824.24192286,0.02163102,6098,0.00020559,0.00000000,0,0.00000000,39155,39133,67,0.00073180
1773324824.34181404,0.02042936,6088,0.00022004,0.00000000,0,0.00000000,39133,39141,53,0.00145193
1773324824.44179869,0.03639336,6068,0.00056529,0.00000000,0,0.00000000,39141,39145,57,0.00287327
1773324824.54165411,0.02009582,6082,0.00016818,0.00000000,0,0.00000000,39145,39150,67,0.00293005
1773324824.64161444,0.02054279,6095,0.00013780,0.00000000,0,0.00000000,39150,39154,59,0.00276087
1773324824.74166226,0.02081938,6122,0.00010485,0.00000000,0,0.00000000,39154,39156,43,0.00144885
1773324824.84166455,0.02491823,6070,0.00017504,0.00000000,0,0.00000000,39156,39144,55,0.00090673
1773324824.94152761,0.02325355,6119,0.00012957,0.00000000,0,0.00000000,39144,39148,54,0.00075724
1773324825.04167891,0.04656588,6133,0.00074439,0.00000000,0,0.00000000,39148,39139,73,0.00090336
1773324825.14230061,0.04652172,6099,0.00057881,0.00000000,0,0.00000000,39139,39144,58,0.00075973
1773324825.24217057,0.03214869,6089,0.00016772,0.00000000,0,0.00000000,39144,39149,66,0.00076435
1773324825.34211373,0.02027985,6055,0.00014505,0.00000000,0,0.00000000,39149,39149,53,0.00078726
1773324825.44163465,0.04323258,6140,0.00015710,0.00000000,0,0.00000000,39149,39151,61,0.00177309
1773324825.54209948,0.02894403,5985,0.00013729,0.00000000,0,0.00000000,39151,39160,50,0.00202772
1773324825.63997984,0.02346850,6178,0.00013105,0.00000000,0,0.00000000,39160,39169,66,0.00211571
1773324825.74189138,0.02132454,6097,0.00014822,0.00000000,0,0.00000000,39169,39173,51,0.00082613
1773324825.84200501,0.02243873,6129,0.00018917,0.00000000,0,0.00000000,39173,39165,74,0.00235611
1773324825.94200087,0.02041798,6087,0.00020638,0.00000000,0,0.00000000,39165,39172,48,0.00078685
1773324826.04294729,0.05265241,6045,0.00049670,0.00000000,0,0.00000000,39172,39166,52,0.00084086
1773324826.14195895,0.04576876,6075,0.00017726,0.00000000,0,0.00000000,39166,39161,62,0.00082172
1773324826.24191833,0.02001536,6084,0.00019810,0.00000000,0,0.00000000,39161,39163,56,0.00158388
1773324826.34187937,0.02442813,6109,0.00013450,0.00000000,0,0.00000000,39163,39162,58,0.00079057
1773324826.44278240,0.03376488,6083,0.00014710,0.00000000,0,0.00000000,39162,39162,56,0.00212552
1773324826.54270244,0.02089699,6090,0.00013765,0.00000000,0,0.00000000,39162,39162,59,0.00285021
1773324826.64271712,0.02030809,6076,0.00014960,0.00000000,0,0.00000000,39162,39169,62,0.00178322
1773324826.74165559,0.01945470,6107,0.00013189,0.00000000,0,0.00000000,39169,39170,58,0.00079304
1773324826.84163237,0.02041501,6080,0.00014919,0.00000000,0,0.00000000,39170,39172,54,0.00232109
1773324826.94261432,0.02417589,6088,0.00026255,0.00000000,0,0.00000000,39172,39176,62,0.00082564
1773324827.04266453,0.04972573,6076,0.00057671,0.00000000,0,0.00000000,39176,39177,66,0.00078607
1773324827.14261079,0.05056089,6106,0.00052040,0.00000000,0,0.00000000,39177,39188,63,0.00078636
1773324827.24261451,0.02569144,6096,0.00019397,0.00000000,0,0.00000000,39188,39155,55,0.00086354
1773324827.34256148,0.02118338,6107,0.00016190,0.00000000,0,0.00000000,39155,39161,62,0.00114465
1773324827.44264913,0.03659721,6112,0.00074317,0.00000000,0,0.00000000,39161,39169,69,0.00219673
1773324827.54258919,0.02267188,6023,0.00012257,0.00000000,0,0.00000000,39169,39166,49,0.00371596
1773324827.64064717,0.02539612,6194,0.00020332,0.00000000,0,0.00000000,39166,39172,43,0.00211939
1773324827.74251032,0.02373441,6078,0.00014351,0.00000000,0,0.00000000,39172,39172,57,0.00088945
1773324827.84245110,0.02493115,6125,0.00016921,0.00000000,0,0.00000000,39172,39179,62,0.00126482
1773324827.94251776,0.01786334,6080,0.00009448,0.00000000,0,0.00000000,39179,39182,46,0.00164080
1773324828.04237723,0.04118060,6126,0.00059991,0.00000000,0,0.00000000,39182,39168,57,0.00081378
1773324828.14239216,0.04054857,6113,0.00058464,0.00000000,0,0.00000000,39168,39169,60,0.00090166
1773324828.24237204,0.01903511,6043,0.00017272,0.00000000,0,0.00000000,39169,39169,56,0.00110441
1773324828.34236550,0.02141304,6094,0.00017944,0.00000000,0,0.00000000,39169,39163,62,0.00079447
1773324828.44227552,0.03157951,6062,0.00023045,0.00000000,0,0.00000000,39163,39155,57,0.00221244
1773324828.54206800,0.02958511,6067,0.00014170,0.00000000,0,0.00000000,39155,39160,55,0.00258320
1773324828.64213181,0.02427220,6059,0.00016796,0.00000000,0,0.00000000,39160,39165,72,0.00097412
1773324828.74204731,0.02349933,6098,0.00013434,0.00000000,0,0.00000000,39165,39155,54,0.00126459
1773324828.84213638,0.02485696,6063,0.00013170,0.00000000,0,0.00000000,39155,39160,61,0.00142807
1773324828.94196796,0.03478832,6122,0.00048930,0.00000000,0,0.00000000,39160,39168,55,0.00144330
1773324829.04197764,0.04916794,6126,0.00054196,0.00000000,0,0.00000000,39168,39155,52,0.00190741
1773324829.14195442,0.04268759,6103,0.00052592,0.00000000,0,0.00000000,39155,39158,50,0.00085673
1773324829.24185801,0.03006882,6111,0.00014406,0.00000000,0,0.00000000,39158,39160,43,0.00159826
1773324829.34182048,0.02066593,6096,0.00014755,0.00000000,0,0.00000000,39160,39166,63,0.00086661
1773324829.44188905,0.02258949,6075,0.00016622,0.00000000,0,0.00000000,39166,39161,59,0.00209964
1773324829.54181170,0.01754526,6103,0.00017470,0.00000000,0,0.00000000,39161,39164,75,0.00254849
1773324829.64181376,0.02268701,6086,0.00019610,0.00000000,0,0.00000000,39164,39176,53,0.00338840
1773324829.74172306,0.02444707,6081,0.00024483,0.00000000,0,0.00000000,39176,39179,78,0.00080677
1773324829.84174490,0.02380966,6097,0.00015234,0.00000000,0,0.00000000,39179,39182,58,0.00161056
1773324829.94167352,0.01969886,6046,0.00014910,0.00000000,0,0.00000000,39182,39184,54,0.00084655
1773324830.04159164,0.04309286,6114,0.00059603,0.00000000,0,0.00000000,39184,39193,51,0.00087262
1773324830.14175868,0.04021514,6079,0.00042002,0.00000000,0,0.00000000,39193,39195,54,0.00080510
1773324830.24163628,0.05075580,6093,0.00020449,0.00000000,0,0.00000000,39195,39194,64,0.00078176
1773324830.34164786,0.02487627,6092,0.00022378,0.00000000,0,0.00000000,39194,39191,70,0.00084762
1773324830.44169211,0.04250023,6125,0.00048853,0.00000000,0,0.00000000,39191,39200,51,0.00184031
1773324830.54198623,0.02214940,6117,0.00015984,0.00000000,0,0.00000000,39200,39194,61,0.00285365
1773324830.64175606,0.02051804,6111,0.00012038,0.00000000,0,0.00000000,39194,39197,57,0.00183754
1773324830.74291897,0.02261696,6048,0.00018718,0.00000000,0,0.00000000,39197,39196,73,0.00097195
1773324830.84171319,0.02140872,6094,0.00011967,0.00000000,0,0.00000000,39196,39204,52,0.00186413
1773324830.94168878,0.02144711,6098,0.00026603,0.00000000,0,0.00000000,39204,39201,62,0.00153665
1773324831.04162765,0.04338314,6140,0.00052794,0.00000000,0,0.00000000,39201,39205,60,0.00090442
1773324831.14282966,0.04425957,6071,0.00052581,0.00000000,0,0.00000000,39205,39214,68,0.00167606
1773324831.24273324,0.02630316,6107,0.00015719,0.00000000,0,0.00000000,39214,39206,55,0.00150691
1773324831.34277391,0.02061248,6074,0.00015782,0.00000000,0,0.00000000,39206,39208,61,0.00075468
1773324831.44281507,0.02765634,6086,0.00065799,0.00000000,0,0.00000000,39208,39215,74,0.00182577
1773324831.54261780,0.05258140,6095,0.00032812,0.00000000,0,0.00000000,39215,39215,51,0.00255908
1773324831.64265323,0.02075642,6082,0.00013939,0.00000000,0,0.00000000,39215,39222,66,0.00281065
1773324831.74262786,0.02878683,6073,0.00018810,0.00000000,0,0.00000000,39222,39226,64,0.00169647
1773324831.84259200,0.02449687,6100,0.00016329,0.00000000,0,0.00000000,39226,39232,58,0.00170199
1773324831.94257212,0.03044318,6094,0.00025948,0.00000000,0,0.00000000,39232,39238,70,0.00086968
1773324832.04259419,0.02370650,6123,0.00012201,0.00000000,0,0.00000000,39238,39235,51,0.00074313
1773324832.14255428,0.02413796,6044,0.00014428,0.00000000,0,0.00000000,39235,39240,62,0.00189237
1773324832.24246025,0.04445917,6084,0.00029231,0.00000000,0,0.00000000,39240,39238,67,0.00077283
1773324832.34243083,0.04122369,6110,0.00058234,0.00000000,0,0.00000000,39238,39240,55,0.00112135
1773324832.44245195,0.02118683,6065,0.00016083,0.00000000,0,0.00000000,39240,39231,65,0.00078623
1773324832.54228568,0.02001330,6119,0.00012953,0.00000000,0,0.00000000,39231,39239,65,0.00072118
1773324832.64237380,0.02825847,6104,0.00015586,0.00000000,0,0.00000000,39239,39241,56,0.00285646
1773324832.74233627,0.02058297,6062,0.00012818,0.00000000,0,0.00000000,39241,39233,57,0.00079156
1773324832.84213805,0.01891984,6093,0.00011588,0.00000000,0,0.00000000,39233,39237,56,0.00127396
1773324832.94219685,0.03935959,6110,0.00041799,0.00000000,0,0.00000000,39237,39242,48,0.00084094
1773324833.04218578,0.04019675,6084,0.00077862,0.00000000,0,0.00000000,39242,39231,70,0.00080075
1773324833.14199924,0.04327748,6117,0.00057943,0.00000000,0,0.00000000,39231,39233,53,0.00078211
1773324833.24205470,0.03418210,6099,0.00018452,0.00000000,0,0.00000000,39233,39239,71,0.00084326
1773324833.34203744,0.02115727,6118,0.00017392,0.00000000,0,0.00000000,39239,39238,63,0.00196528
1773324833.44204068,0.02542744,6077,0.00056200,0.00000000,0,0.00000000,39238,39240,60,0.00195970
1773324833.54193902,0.02559471,6071,0.00013194,0.00000000,0,0.00000000,39240,39241,66,0.00334308
1773324833.64182067,0.02074576,6099,0.00010683,0.00000000,0,0.00000000,39241,39241,48,0.00179850
1773324833.74180484,0.02388206,6138,0.00018039,0.00000000,0,0.00000000,39241,39239,63,0.00087584
1773324833.84192157,0.02398291,6080,0.00016122,0.00000000,0,0.00000000,39239,39238,64,0.00092947
1773324833.94169116,0.02387689,6113,0.00014300,0.00000000,0,0.00000000,39238,39244,66,0.00146747
1773324834.04170966,0.04989541,6085,0.00060218,0.00000000,0,0.00000000,39244,39242,62,0.00083248
1773324834.14158440,0.03515675,6095,0.00019308,0.00000000,0,0.00000000,39242,39242,67,0.00086989
1773324834.24165750,0.02206512,6133,0.00022761,0.00000000,0,0.00000000,39242,39249,51,0.00082592
1773324834.34169078,0.03576519,6114,0.00065320,0.00000000,0,0.00000000,39249,39252,71,0.00078687
1773324834.44165134,0.02120945,6081,0.00020796,0.00000000,0,0.00000000,39252,39241,66,0.00360982
1773324834.54163170,0.02533536,6079,0.00020138,0.00000000,0,0.00000000,39241,39236,69,0.00180291
1773324834.64168954,0.02497745,6090,0.00016905,0.00000000,0,0.00000000,39236,39238,57,0.00153037
1773324834.74168777,0.02130667,6113,0.00012093,0.00000000,0,0.00000000,39238,39244,63,0.00158634
1773324834.84172297,0.02009850,6115,0.00011455,0.00000000,0,0.00000000,39244,39252,52,0.00079480
1773324834.94171214,0.05037583,6090,0.00042968,0.00000000,0,0.00000000,39252,39258,44,0.00077819
1773324835.04194283,0.05237668,6118,0.00074016,0.00000000,0,0.00000000,39258,39269,62,0.00079166
1773324835.14195156,0.04331699,6111,0.00021575,0.00000000,0,0.00000000,39269,39273,68,0.00075638
1773324835.24196410,0.02100490,6112,0.00014269,0.00000000,0,0.00000000,39273,39276,63,0.00075625
1773324835.34291029,0.02253223,6087,0.00012627,0.00000000,0,0.00000000,39276,39283,50,0.00158875
1773324835.44183230,0.03836118,6101,0.00048999,0.00000000,0,0.00000000,39283,39285,58,0.00224466
1773324835.54186177,0.02162633,6098,0.00017149,0.00000000,0,0.00000000,39285,39293,72,0.00323754
1773324835.64282155,0.02244965,6082,0.00024186,0.00000000,0,0.00000000,39293,39266,64,0.00278741
1773324835.74270487,0.02074948,6114,0.00016313,0.00000000,0,0.00000000,39266,39262,65,0.00081205
1773324835.84270000,0.02121072,6128,0.00014830,0.00000000,0,0.00000000,39262,39261,57,0.00085698
1773324835.94268107,0.02096107,6109,0.00015427,0.00000000,0,0.00000000,39261,39264,69,0.00082728
1773324836.04266000,0.04336939,6095,0.00058698,0.00000000,0,0.00000000,39264,39264,47,0.00093609
1773324836.14368820,0.05102911,6085,0.00015781,0.00000000,0,0.00000000,39264,39262,47,0.00104927
1773324836.24273038,0.02403344,6054,0.00018913,0.00000000,0,0.00000000,39262,39256,52,0.00082584
1773324836.34253049,0.03536773,6084,0.00052455,0.00000000,0,0.00000000,39256,39258,76,0.00082437
1773324836.44249439,0.04026155,6091,0.00017712,0.00000000,0,0.00000000,39258,39252,56,0.00272249
1773324836.54250646,0.03223393,6108,0.00026241,0.00000000,0,0.00000000,39252,39258,58,0.00232667
1773324836.64251423,0.02533820,6109,0.00015462,0.00000000,0,0.00000000,39258,39263,60,0.00082153
1773324836.74262929,0.02347035,6060,0.00014237,0.00000000,0,0.00000000,39263,39270,61,0.00106863
1773324836.84246778,0.02390044,6128,0.00011075,0.00000000,0,0.00000000,39270,39272,49,0.00281385
1773324836.94246697,0.02327115,6106,0.00013640,0.00000000,0,0.00000000,39272,39274,67,0.00159035
1773324837.04243088,0.05138053,6126,0.00057311,0.00000000,0,0.00000000,39274,39275,69,0.00091241
1773324837.14238811,0.05254935,6101,0.00054009,0.00000000,0,0.00000000,39275,39269,55,0.00076461
1773324837.24232936,0.04031293,6112,0.00018229,0.00000000,0,0.00000000,39269,39271,62,0.00087958
1773324837.34231544,0.02098125,6108,0.00017092,0.00000000,0,0.00000000,39271,39277,57,0.00083471
1773324837.44242978,0.04075443,6096,0.00072827,0.00000000,0,0.00000000,39277,39284,77,0.00156873
1773324837.54219818,0.01949564,6135,0.00015025,0.00000000,0,0.00000000,39284,39277,56,0.00191360
1773324837.64235663,0.02761732,6131,0.00015322,0.00000000,0,0.00000000,39277,39280,57,0.00180726
1773324837.74220586,0.01996387,6029,0.00015928,0.00000000,0,0.00000000,39280,39270,61,0.00084965
1773324837.84206653,0.02373861,6129,0.00016237,0.00000000,0,0.00000000,39270,39277,54,0.00184998
1773324837.94204330,0.01972117,6126,0.00011742,0.00000000,0,0.00000000,39277,39279,56,0.00087225
1773324838.04201365,0.05299858,6122,0.00064612,0.00000000,0,0.00000000,39279,39281,55,0.00141808
1773324838.14252520,0.05012336,6079,0.00075644,0.00000000,0,0.00000000,39281,39286,71,0.00082392
1773324838.24187255,0.05341501,6145,0.00019554,0.00000000,0,0.00000000,39286,39290,50,0.00080364
1773324838.34183979,0.03325930,6106,0.00047905,0.00000000,0,0.00000000,39290,39296,67,0.00083502
1773324838.44183969,0.02837577,6079,0.00014286,0.00000000,0,0.00000000,39296,39297,46,0.00273869
1773324838.54173970,0.03212000,6094,0.00025192,0.00000000,0,0.00000000,39297,39295,52,0.00299371
1773324838.64170909,0.02761442,6098,0.00016508,0.00000000,0,0.00000000,39295,39296,55,0.00291781
1773324838.74170828,0.02681401,6110,0.00029426,0.00000000,0,0.00000000,39296,39296,54,0.00087943
1773324838.84171033,0.02613202,6079,0.00024481,0.00000000,0,0.00000000,39296,39300,81,0.00180376
1773324838.94162965,0.02551151,6139,0.00018242,0.00000000,0,0.00000000,39300,39296,69,0.00093580
1773324839.04169488,0.05377880,6126,0.00075185,0.00000000,0,0.00000000,39296,39305,64,0.00081835
1773324839.14158106,0.05977725,6082,0.00077680,0.00000000,0,0.00000000,39305,39282,56,0.00151994
1773324839.24162769,0.03392437,6116,0.00019740,0.00000000,0,0.00000000,39282,39285,64,0.00159932
1773324839.34164047,0.03171354,6076,0.00047181,0.00000000,0,0.00000000,39285,39289,68,0.00115124
1773324839.44151425,0.05585751,6156,0.00058919,0.00000000,0,0.00000000,39289,39286,67,0.00222424
1773324839.54166555,0.02786213,6083,0.00018447,0.00000000,0,0.00000000,39286,39284,69,0.00216269
1773324839.64154673,0.02282839,6151,0.00012787,0.00000000,0,0.00000000,39284,39285,61,0.00212022
1773324839.74200749,0.02559352,6063,0.00016311,0.00000000,0,0.00000000,39285,39288,51,0.00253064
1773324839.84157038,0.02347030,6128,0.00014483,0.00000000,0,0.00000000,39288,39287,62,0.00099301
1773324839.94162917,0.02385333,6163,0.00014411,0.00000000,0,0.00000000,39287,39287,59,0.00074847
1773324840.04196692,0.05717393,6124,0.00045265,0.00000000,0,0.00000000,39287,39290,48,0.00077469
1773324840.14242339,0.05433338,6161,0.00052505,0.00000000,0,0.00000000,39290,39296,52,0.00085758
1773324840.24286366,0.03119839,6121,0.00015796,0.00000000,0,0.00000000,39296,39298,58,0.00080737
1773324840.34286642,0.02690324,6088,0.00028074,0.00000000,0,0.00000000,39298,39296,60,0.00082952
1773324840.44179702,0.04584477,6098,0.00074179,0.00000000,0,0.00000000,39296,39289,66,0.00271176
1773324840.54277229,0.02099677,6115,0.00013572,0.00000000,0,0.00000000,39289,39291,50,0.00274401
1773324840.64288592,0.02033724,6112,0.00011503,0.00000000,0,0.00000000,39291,39292,56,0.00191100
1773324840.74273968,0.03278106,6134,0.00024787,0.00000000,0,0.00000000,39292,39293,52,0.00090276
1773324840.84289479,0.02575695,6150,0.00021051,0.00000000,0,0.00000000,39293,39300,67,0.00095772
1773324840.94279265,0.02912707,6072,0.00018725,0.00000000,0,0.00000000,39300,39304,71,0.00081154
1773324841.04256153,0.05385939,6114,0.00076539,0.00000000,0,0.00000000,39304,39278,73,0.00094776
1773324841.14252663,0.03295579,6102,0.00018002,0.00000000,0,0.00000000,39278,39290,58,0.00182981
1773324841.24260640,0.01917136,6137,0.00014791,0.00000000,0,0.00000000,39290,39292,63,0.00092608
1773324841.34257150,0.02405775,6043,0.00016047,0.00000000,0,0.00000000,39292,39297,60,0.00082902
1773324841.44243407,0.01978850,6124,0.00013911,0.00000000,0,0.00000000,39297,39303,64,0.00289551
1773324841.54242849,0.02192858,6104,0.00022391,0.00000000,0,0.00000000,39303,39306,55,0.00303895
1773324841.64243484,0.02558663,6130,0.00014330,0.00000000,0,0.00000000,39306,39309,62,0.00077813
1773324841.74269629,0.02396293,6095,0.00014185,0.00000000,0,0.00000000,39309,39304,62,0.00175869
1773324841.84242177,0.02405966,6108,0.00013474,0.00000000,0,0.00000000,39304,39305,59,0.00079985
1773324841.94243503,0.05127142,6146,0.00068906,0.00000000,0,0.00000000,39305,39294,61,0.00080948
1773324842.04244733,0.05168253,6094,0.00061304,0.00000000,0,0.00000000,39294,39293,59,0.00093548
1773324842.14242363,0.05159009,6139,0.00052346,0.00000000,0,0.00000000,39293,39300,55,0.00080425
1773324842.24236178,0.02757451,6105,0.00020960,0.00000000,0,0.00000000,39300,39304,75,0.00080017
1773324842.34234643,0.01813445,6056,0.00013732,0.00000000,0,0.00000000,39304,39303,56,0.00276371
1773324842.44218302,0.02367816,6137,0.00016173,0.00000000,0,0.00000000,39303,39300,63,0.00277863
1773324842.54218721,0.02060415,6079,0.00012673,0.00000000,0,0.00000000,39300,39307,60,0.00176857
1773324842.64215422,0.02040770,6085,0.00014151,0.00000000,0,0.00000000,39307,39311,56,0.00189208
1773324842.74216294,0.02526954,6088,0.00017401,0.00000000,0,0.00000000,39311,39318,64,0.00216665
1773324842.84202862,0.02628006,6099,0.00025048,0.00000000,0,0.00000000,39318,39324,71,0.00089382
1773324842.94215989,0.02394853,6115,0.00014380,0.00000000,0,0.00000000,39324,39313,54,0.00108285
1773324843.04209423,0.04268944,6076,0.00047630,0.00000000,0,0.00000000,39313,39317,56,0.00076351
1773324843.14192820,0.04186327,6085,0.00054554,0.00000000,0,0.00000000,39317,39320,56,0.00103926
1773324843.24195743,0.03484303,6085,0.00019330,0.00000000,0,0.00000000,39320,39319,55,0.00147755
1773324843.34180355,0.03302197,6098,0.00066613,0.00000000,0,0.00000000,39319,39306,59,0.00108236
1773324843.44183660,0.02091865,6086,0.00015166,0.00000000,0,0.00000000,39306,39308,63,0.00152518
1773324843.54186177,0.02316651,6119,0.00011672,0.00000000,0,0.00000000,39308,39312,46,0.00200279
1773324843.64167285,0.02188266,6106,0.00013179,0.00000000,0,0.00000000,39312,39313,54,0.00281540
1773324843.74177170,0.02497748,6098,0.00015573,0.00000000,0,0.00000000,39313,39300,57,0.00076518
1773324843.84163523,0.02512609,6127,0.00013595,0.00000000,0,0.00000000,39300,39304,49,0.00078804
1773324843.94168353,0.05263570,6074,0.00081325,0.00000000,0,0.00000000,39304,39287,69,0.00098514
1773324844.04153895,0.05145261,6099,0.00073412,0.00000000,0,0.00000000,39287,39286,73,0.00163408
1773324844.14159369,0.05456738,6139,0.00063923,0.00000000,0,0.00000000,39286,39290,62,0.00153823
1773324844.24171948,0.02521493,6099,0.00016820,0.00000000,0,0.00000000,39290,39299,57,0.00153927
1773324844.34216952,0.02634717,6081,0.00024991,0.00000000,0,0.00000000,39299,39297,51,0.00179239
1773324844.44162488,0.03898768,6154,0.00060628,0.00000000,0,0.00000000,39297,39301,63,0.00214330
1773324844.54165626,0.02363372,6106,0.00014736,0.00000000,0,0.00000000,39301,39302,55,0.00145155
1773324844.64203525,0.02608444,6039,0.00023606,0.00000000,0,0.00000000,39302,39293,61,0.00194806
1773324844.74135685,0.01949358,6188,0.00012398,0.00000000,0,0.00000000,39293,39297,53,0.00186001
1773324844.84207559,0.01898164,6130,0.00018746,0.00000000,0,0.00000000,39297,39288,77,0.00162736
1773324844.94205999,0.02555335,6097,0.00020737,0.00000000,0,0.00000000,39288,39270,59,0.00081310
1773324845.04197550,0.04826588,6098,0.00062765,0.00000000,0,0.00000000,39270,39271,63,0.00153700
1773324845.14198089,0.04747211,6139,0.00060082,0.00000000,0,0.00000000,39271,39276,59,0.00082629
1773324845.24284601,0.04971389,6108,0.00017693,0.00000000,0,0.00000000,39276,39276,53,0.00077467
1773324845.34278917,0.02867724,6104,0.00020462,0.00000000,0,0.00000000,39276,39278,54,0.00110750
1773324845.44287395,0.03670715,6065,0.00046177,0.00000000,0,0.00000000,39278,39274,45,0.00298651
1773324845.54273176,0.02486757,6077,0.00025206,0.00000000,0,0.00000000,39274,39264,61,0.00189358
1773324845.64178681,0.02726346,6140,0.00039297,0.00000000,0,0.00000000,39264,39264,57,0.00277340
1773324845.74174261,0.02481272,6119,0.00023235,0.00000000,0,0.00000000,39264,39234,71,0.00081070
1773324845.84258866,0.02412795,6082,0.00018238,0.00000000,0,0.00000000,39234,39224,54,0.00115273
1773324845.94250321,0.02445654,6136,0.00014423,0.00000000,0,0.00000000,39224,39228,55,0.00116644
1773324846.04254866,0.05352586,6104,0.00069637,0.00000000,0,0.00000000,39228,39218,59,0.00111161
1773324846.14167571,0.05350070,6112,0.00021447,0.00000000,0,0.00000000,39218,39196,63,0.00079717
1773324846.24236393,0.02062394,6108,0.00013045,0.00000000,0,0.00000000,39196,39198,57,0.00080530
1773324846.34249330,0.02266907,6123,0.00027016,0.00000000,0,0.00000000,39198,39202,71,0.00081350
1773324846.44249678,0.03155003,6077,0.00017948,0.00000000,0,0.00000000,39202,39208,67,0.00181099
1773324846.54235029,0.03056064,6075,0.00035798,0.00000000,0,0.00000000,39208,39180,76,0.00310276
1773324846.64242387,0.02464518,6121,0.00019615,0.00000000,0,0.00000000,39180,39177,67,0.00080074
1773324846.74236894,0.01991198,6137,0.00015182,0.00000000,0,0.00000000,39177,39174,64,0.00078775
1773324846.84247446,0.01743410,6111,0.00011520,0.00000000,0,0.00000000,39174,39179,56,0.00184239
1773324846.94239020,0.02348302,6106,0.00012032,0.00000000,0,0.00000000,39179,39183,56,0.00150370
1773324847.04239154,0.05035821,6095,0.00075079,0.00000000,0,0.00000000,39183,39186,59,0.00108481
1773324847.14245343,0.05074977,6105,0.00059841,0.00000000,0,0.00000000,39186,39189,69,0.00088792
1773324847.24221802,0.02572699,6137,0.00019653,0.00000000,0,0.00000000,39189,39186,66,0.00100189
1773324847.34223104,0.02683028,6076,0.00029081,0.00000000,0,0.00000000,39186,39184,64,0.00076834
1773324847.44207573,0.02423977,6123,0.00016029,0.00000000,0,0.00000000,39184,39188,55,0.00159612
1773324847.54211164,0.02388442,6107,0.00027661,0.00000000,0,0.00000000,39188,39183,58,0.00138729
1773324847.64239264,0.01834710,6080,0.00013836,0.00000000,0,0.00000000,39183,39190,65,0.00194534
1773324847.74196696,0.02046349,6117,0.00019078,0.00000000,0,0.00000000,39190,39197,80,0.00097820
1773324847.84203005,0.02160519,6126,0.00011488,0.00000000,0,0.00000000,39197,39198,45,0.00077529
1773324847.94197202,0.03995126,6115,0.00059442,0.00000000,0,0.00000000,39198,39199,60,0.00079858
1773324848.04182291,0.05346109,6109,0.00082770,0.00000000,0,0.00000000,39199,39195,74,0.00144904
1773324848.14182711,0.04657477,6104,0.00021568,0.00000000,0,0.00000000,39195,39192,64,0.00083903
1773324848.24186277,0.02173465,6072,0.00016678,0.00000000,0,0.00000000,39192,39196,58,0.00143380
1773324848.34187889,0.02332571,6055,0.00025499,0.00000000,0,0.00000000,39196,39198,55,0.00206884
1773324848.44166803,0.02732882,6109,0.00055249,0.00000000,0,0.00000000,39198,39191,56,0.00204993
1773324848.54176283,0.02042514,6051,0.00013681,0.00000000,0,0.00000000,39191,39195,65,0.00284289
1773324848.64173079,0.02317792,6134,0.00016056,0.00000000,0,0.00000000,39195,39189,59,0.00155027
1773324848.74162936,0.02022238,6103,0.00014771,0.00000000,0,0.00000000,39189,39193,65,0.00074089
1773324848.84160709,0.01774539,6153,0.00013452,0.00000000,0,0.00000000,39193,39193,70,0.00093508
1773324848.94179010,0.01929882,6065,0.00016961,0.00000000,0,0.00000000,39193,39188,65,0.00082285
1773324849.04163790,0.04327217,6115,0.00060137,0.00000000,0,0.00000000,39188,39182,52,0.00079081
1773324849.14164281,0.03990357,6114,0.00067221,0.00000000,0,0.00000000,39182,39174,63,0.00078816
1773324849.24165225,0.05145185,6139,0.00018684,0.00000000,0,0.00000000,39174,39179,54,0.00077609
1773324849.34208059,0.02421292,6132,0.00019069,0.00000000,0,0.00000000,39179,39178,61,0.00079573
1773324849.44210076,0.04844842,6124,0.00021208,0.00000000,0,0.00000000,39178,39180,60,0.00182447
1773324849.54209399,0.02433172,6087,0.00018564,0.00000000,0,0.00000000,39180,39182,62,0.00308796
1773324849.64213228,0.02360070,6079,0.00012252,0.00000000,0,0.00000000,39182,39179,50,0.00184563
1773324849.74202085,0.02364374,6088,0.00018418,0.00000000,0,0.00000000,39179,39174,70,0.00084480
1773324849.84215593,0.02418485,6087,0.00018739,0.00000000,0,0.00000000,39174,39173,58,0.00162727
1773324849.94192529,0.02427748,6085,0.00019688,0.00000000,0,0.00000000,39173,39173,59,0.00146937
1773324850.04191518,0.05255201,6117,0.00078946,0.00000000,0,0.00000000,39173,39155,60,0.00088907
1773324850.14195156,0.04761832,6109,0.00019231,0.00000000,0,0.00000000,39155,39154,62,0.00081790
1773324850.24298477,0.02429700,6077,0.00019969,0.00000000,0,0.00000000,39154,39149,53,0.00156916
1773324850.34186196,0.02281175,6102,0.00013905,0.00000000,0,0.00000000,39149,39145,63,0.00086315
1773324850.44279122,0.02305574,6113,0.00014457,0.00000000,0,0.00000000,39145,39148,59,0.00342890
1773324850.54283619,0.02143275,6119,0.00016360,0.00000000,0,0.00000000,39148,39149,66,0.00270728
1773324850.64289522,0.02060888,6085,0.00014066,0.00000000,0,0.00000000,39149,39144,61,0.00096524
1773324850.74169517,0.01825255,6137,0.00013219,0.00000000,0,0.00000000,39144,39144,58,0.00093516
1773324850.84269905,0.02079487,6120,0.00012653,0.00000000,0,0.00000000,39144,39141,59,0.00273909
1773324850.94262409,0.01950951,6109,0.00013870,0.00000000,0,0.00000000,39141,39137,67,0.00151045
1773324851.04263377,0.04116768,6076,0.00062302,0.00000000,0,0.00000000,39137,39126,63,0.00080176
1773324851.14156032,0.04327372,6145,0.00065064,0.00000000,0,0.00000000,39126,39120,62,0.00088530
1773324851.24252486,0.03571475,6119,0.00015142,0.00000000,0,0.00000000,39120,39123,64,0.00084872
1773324851.34250379,0.02135366,6123,0.00015921,0.00000000,0,0.00000000,39123,39125,60,0.00149347
1773324851.44250607,0.05279854,6108,0.00054162,0.00000000,0,0.00000000,39125,39129,68,0.00352161
1773324851.54256415,0.02843830,6106,0.00014680,0.00000000,0,0.00000000,39129,39132,60,0.00258152
1773324851.64253569,0.02630380,6129,0.00017928,0.00000000,0,0.00000000,39132,39134,47,0.00257935
1773324851.74261570,0.02756800,6044,0.00015661,0.00000000,0,0.00000000,39134,39129,60,0.00076729
1773324851.84246302,0.02387550,6133,0.00015753,0.00000000,0,0.00000000,39129,39125,59,0.00179891
1773324851.94243336,0.02373940,6101,0.00010546,0.00000000,0,0.00000000,39125,39131,49,0.00091272
1773324852.04240894,0.04890542,6109,0.00022526,0.00000000,0,0.00000000,39131,39135,74,0.00095746
1773324852.14243293,0.04244600,6109,0.00054743,0.00000000,0,0.00000000,39135,39139,52,0.00081551
1773324852.24238229,0.02513003,6110,0.00022016,0.00000000,0,0.00000000,39139,39135,74,0.00079238
1773324852.34226847,0.04007803,6110,0.00050010,0.00000000,0,0.00000000,39135,39139,56,0.00079264
1773324852.44223070,0.02555181,6135,0.00012898,0.00000000,0,0.00000000,39139,39143,59,0.00217035
1773324852.54229116,0.02506906,6075,0.00014161,0.00000000,0,0.00000000,39143,39149,54,0.00135739
1773324852.64227676,0.02407949,6111,0.00020929,0.00000000,0,0.00000000,39149,39135,59,0.00196962
1773324852.74219227,0.02461240,6101,0.00013525,0.00000000,0,0.00000000,39135,39137,60,0.00081746
1773324852.84210300,0.02410882,6149,0.00016436,0.00000000,0,0.00000000,39137,39134,67,0.00143520
1773324852.94203949,0.04021614,6098,0.00069905,0.00000000,0,0.00000000,39134,39143,85,0.00085313
1773324853.04192185,0.04165602,6129,0.00063405,0.00000000,0,0.00000000,39143,39151,66,0.00079527
1773324853.14197397,0.04074514,6095,0.00062886,0.00000000,0,0.00000000,39151,39147,68,0.00146849
1773324853.24198556,0.03945062,6066,0.00022070,0.00000000,0,0.00000000,39147,39155,63,0.00081049
1773324853.34177566,0.02134998,6123,0.00015813,0.00000000,0,0.00000000,39155,39153,53,0.00175110
1773324853.44178224,0.02184736,6099,0.00020555,0.00000000,0,0.00000000,39153,39125,61,0.00178718
1773324853.54178834,0.02014905,6114,0.00015250,0.00000000,0,0.00000000,39125,39129,61,0.00174821
1773324853.64183831,0.01990038,6134,0.00015642,0.00000000,0,0.00000000,39129,39130,61,0.00265165
1773324853.74165630,0.01848307,6105,0.00012258,0.00000000,0,0.00000000,39130,39133,51,0.00096958
1773324853.84166861,0.02228939,6107,0.00018357,0.00000000,0,0.00000000,39133,39122,56,0.00157520
1773324853.94170594,0.02004511,6082,0.00015755,0.00000000,0,0.00000000,39122,39119,67,0.00078263
1773324854.04157257,0.04196417,6115,0.00047313,0.00000000,0,0.00000000,39119,39122,57,0.00079730
1773324854.14176798,0.05073749,6097,0.00059564,0.00000000,0,0.00000000,39122,39121,68,0.00080582
1773324854.24179411,0.01948220,6084,0.00019075,0.00000000,0,0.00000000,39121,39116,70,0.00159453
1773324854.34161639,0.03429273,6116,0.00051221,0.00000000,0,0.00000000,39116,39120,55,0.00077777
1773324854.44165182,0.03110242,6102,0.00023000,0.00000000,0,0.00000000,39120,39117,44,0.00205908
1773324854.54170489,0.02916935,6146,0.00026267,0.00000000,0,0.00000000,39117,39113,56,0.00223409
1773324854.64247203,0.02564593,6069,0.00016818,0.00000000,0,0.00000000,39113,39120,63,0.00154303
1773324854.74158382,0.02577131,6154,0.00018444,0.00000000,0,0.00000000,39120,39111,53,0.00091734
1773324854.84290934,0.02443420,6102,0.00011913,0.00000000,0,0.00000000,39111,39106,53,0.00115413
1773324854.94178057,0.03916467,6075,0.00052813,0.00000000,0,0.00000000,39106,39102,54,0.00092546
1773324855.04170251,0.05011801,6081,0.00047583,0.00000000,0,0.00000000,39102,39104,51,0.00104360
1773324855.14184523,0.05090940,6113,0.00045049,0.00000000,0,0.00000000,39104,39103,54,0.00153971
1773324855.24280763,0.02349071,6096,0.00018666,0.00000000,0,0.00000000,39103,39094,66,0.00078847
1773324855.34276867,0.02146633,6120,0.00063893,0.00000000,0,0.00000000,39094,39092,57,0.00081170
1773324855.44271469,0.02224996,6132,0.00015429,0.00000000,0,0.00000000,39092,39093,69,0.00225034
1773324855.54298687,0.02557395,6088,0.00017875,0.00000000,0,0.00000000,39093,39083,63,0.00203560
1773324855.64279604,0.02058139,6101,0.00019453,0.00000000,0,0.00000000,39083,39090,61,0.00157339
1773324855.74271941,0.02006942,6131,0.00014439,0.00000000,0,0.00000000,39090,39081,61,0.00183467
1773324855.84274268,0.02038443,6111,0.00011478,0.00000000,0,0.00000000,39081,39079,48,0.00156291
1773324855.94275784,0.01965599,6124,0.00010205,0.00000000,0,0.00000000,39079,39076,50,0.00166033
1773324856.04272223,0.04010053,6064,0.00045147,0.00000000,0,0.00000000,39076,39076,56,0.00074998
1773324856.14260364,0.04003723,6112,0.00055016,0.00000000,0,0.00000000,39076,39077,68,0.00082609
1773324856.24267077,0.03430017,6058,0.00019118,0.00000000,0,0.00000000,39077,39080,75,0.00095216
1773324856.34251761,0.03944997,6099,0.00075643,0.00000000,0,0.00000000,39080,39073,71,0.00082196
1773324856.44256735,0.02137151,6125,0.00016104,0.00000000,0,0.00000000,39073,39078,63,0.00254962
1773324856.54250646,0.01984869,6041,0.00016112,0.00000000,0,0.00000000,39078,39087,51,0.00285594
1773324856.64236569,0.01813804,6116,0.00012457,0.00000000,0,0.00000000,39087,39089,60,0.00209012
1773324856.74242663,0.02437452,6121,0.00020701,0.00000000,0,0.00000000,39089,39092,71,0.00079712
1773324856.84240746,0.02519306,6110,0.00016576,0.00000000,0,0.00000000,39092,39095,56,0.00158950
1773324856.94221687,0.05224031,6096,0.00060846,0.00000000,0,0.00000000,39095,39096,64,0.00086588
1773324857.04228663,0.05073641,6099,0.00055180,0.00000000,0,0.00000000,39096,39093,56,0.00083703
1773324857.14229751,0.06051931,6045,0.00019272,0.00000000,0,0.00000000,39093,39097,54,0.00078386
1773324857.24210358,0.02418801,6063,0.00018168,0.00000000,0,0.00000000,39097,39103,69,0.00150594
1773324857.34215569,0.01866151,6100,0.00023543,0.00000000,0,0.00000000,39103,39099,49,0.00254309
1773324857.44212151,0.02167628,6107,0.00011137,0.00000000,0,0.00000000,39099,39102,50,0.00181934
1773324857.54232144,0.02135625,6051,0.00015675,0.00000000,0,0.00000000,39102,39109,60,0.00163127
1773324857.64202833,0.01955432,6135,0.00018673,0.00000000,0,0.00000000,39109,39116,65,0.00224092
1773324857.74200273,0.01908034,6076,0.00014187,0.00000000,0,0.00000000,39116,39114,63,0.00108299
1773324857.84201217,0.02382609,6089,0.00019049,0.00000000,0,0.00000000,39114,39118,67,0.00156594
1773324857.94201803,0.02353695,6065,0.00014059,0.00000000,0,0.00000000,39118,39121,59,0.00279879
1773324858.04186606,0.02214621,6087,0.00011201,0.00000000,0,0.00000000,39121,39124,47,0.00076064
1773324858.14192367,0.03372800,6074,0.00048929,0.00000000,0,0.00000000,39124,39124,48,0.00144822
1773324858.24173498,0.02110447,6085,0.00015637,0.00000000,0,0.00000000,39124,39126,56,0.00088098
1773324858.34170437,0.03996227,6105,0.00016986,0.00000000,0,0.00000000,39126,39132,58,0.00071585
1773324858.44178939,0.02151068,6099,0.00015052,0.00000000,0,0.00000000,39132,39134,61,0.00086358
1773324858.54176307,0.02377661,6084,0.00014984,0.00000000,0,0.00000000,39134,39131,53,0.00073969
1773324858.64168644,0.02432497,6104,0.00017027,0.00000000,0,0.00000000,39131,39130,57,0.00148789
1773324858.74167562,0.02022972,6085,0.00014883,0.00000000,0,0.00000000,39130,39137,58,0.00251164
1773324858.84157443,0.02537068,6125,0.00018157,0.00000000,0,0.00000000,39137,39132,51,0.00148718
1773324858.94157887,0.05313513,6160,0.00060258,0.00000000,0,0.00000000,39132,39135,55,0.00080258
1773324859.04169273,0.04990612,6113,0.00072310,0.00000000,0,0.00000000,39135,39128,57,0.00075785
1773324859.14159298,0.05919495,6120,0.00019916,0.00000000,0,0.00000000,39128,39137,59,0.00077651
1773324859.24162483,0.02725549,6110,0.00019215,0.00000000,0,0.00000000,39137,39138,63,0.00117625
1773324859.34163094,0.02781709,6054,0.00029951,0.00000000,0,0.00000000,39138,39129,51,0.00279944
1773324859.44133258,0.03363667,6161,0.00057972,0.00000000,0,0.00000000,39129,39113,59,0.00383810
1773324859.54195046,0.04151140,6069,0.00013233,0.00000000,0,0.00000000,39113,39110,58,0.00291130
1773324859.64163661,0.02748761,6142,0.00016485,0.00000000,0,0.00000000,39110,39108,63,0.00174388
1773324859.74294853,0.02565428,6089,0.00011583,0.00000000,0,0.00000000,39108,39111,50,0.00156089
1773324859.84181380,0.02631401,6099,0.00019018,0.00000000,0,0.00000000,39111,39105,61,0.00084363
1773324859.94184995,0.02375891,6076,0.00014396,0.00000000,0,0.00000000,39105,39105,68,0.00159907
1773324860.04277658,0.03927659,6141,0.00056948,0.00000000,0,0.00000000,39105,39102,50,0.00075682
1773324860.14277124,0.04731872,6102,0.00071116,0.00000000,0,0.00000000,39102,39108,57,0.00098431
1773324860.24273539,0.03524610,6105,0.00016688,0.00000000,0,0.00000000,39108,39106,47,0.00090653
1773324860.34277058,0.04568746,6114,0.00055902,0.00000000,0,0.00000000,39106,39106,60,0.00080193
1773324860.44262600,0.02082307,6118,0.00012229,0.00000000,0,0.00000000,39106,39110,58,0.00154847
1773324860.54270983,0.02134555,6165,0.00013410,0.00000000,0,0.00000000,39110,39106,49,0.00113930
1773324860.64272356,0.02348670,6060,0.00014392,0.00000000,0,0.00000000,39106,39114,61,0.00322625
1773324860.74261403,0.02578165,6119,0.00017588,0.00000000,0,0.00000000,39114,39113,63,0.00183606
1773324860.84259701,0.02615308,6082,0.00018559,0.00000000,0,0.00000000,39113,39108,62,0.00077576
1773324860.94249964,0.04957344,6085,0.00071151,0.00000000,0,0.00000000,39108,39113,65,0.00090361
1773324861.04257822,0.04512646,6116,0.00056759,0.00000000,0,0.00000000,39113,39114,55,0.00077644
1773324861.14262056,0.04072824,6085,0.00065985,0.00000000,0,0.00000000,39114,39103,63,0.00117227
1773324861.24239349,0.04448045,6152,0.00087095,0.00000000,0,0.00000000,39103,39101,64,0.00118675
1773324861.34260106,0.02111153,6065,0.00020792,0.00000000,0,0.00000000,39101,39085,74,0.00166932
1773324861.44242048,0.02368242,6101,0.00020189,0.00000000,0,0.00000000,39085,39081,47,0.00188988
1773324861.54246426,0.03602176,6074,0.00015609,0.00000000,0,0.00000000,39081,39071,61,0.00230808
1773324861.64244175,0.02365086,6087,0.00014181,0.00000000,0,0.00000000,39071,39069,58,0.00236994
1773324861.74232268,0.02330370,6138,0.00012746,0.00000000,0,0.00000000,39069,39071,42,0.00281941
1773324861.84229827,0.02974701,6091,0.00015068,0.00000000,0,0.00000000,39071,39067,62,0.00145242
1773324861.94231582,0.02511861,6097,0.00014013,0.00000000,0,0.00000000,39067,39067,56,0.00200676
1773324862.04217315,0.05083493,6086,0.00058293,0.00000000,0,0.00000000,39067,39042,45,0.00083028
1773324862.14234829,0.05270895,6114,0.00017710,0.00000000,0,0.00000000,39042,39046,47,0.00154819
1773324862.24222255,0.02857938,6094,0.00018031,0.00000000,0,0.00000000,39046,39046,62,0.00150992
1773324862.34205031,0.02712963,6138,0.00016618,0.00000000,0,0.00000000,39046,39034,60,0.00112244
1773324862.44209409,0.03175360,6082,0.00026991,0.00000000,0,0.00000000,39034,39035,77,0.00289600
1773324862.54197383,0.02073289,6157,0.00017559,0.00000000,0,0.00000000,39035,39026,58,0.00176194
1773324862.64197397,0.02053669,6130,0.00010180,0.00000000,0,0.00000000,39026,39025,47,0.00155012
1773324862.74204993,0.01906560,6067,0.00015841,0.00000000,0,0.00000000,39025,39017,68,0.00134782
1773324862.84185982,0.01854503,6126,0.00015683,0.00000000,0,0.00000000,39017,39014,60,0.00143592
1773324862.94188666,0.02351555,6107,0.00017216,0.00000000,0,0.00000000,39014,39017,68,0.00075968
1773324863.04176855,0.04137067,6111,0.00060808,0.00000000,0,0.00000000,39017,39012,70,0.00099781
1773324863.14177251,0.04242698,6049,0.00057894,0.00000000,0,0.00000000,39012,39013,55,0.00074579
1773324863.24171400,0.02767889,6095,0.00016594,0.00000000,0,0.00000000,39013,39018,69,0.00081687
1773324863.34167171,0.02020899,6129,0.00015019,0.00000000,0,0.00000000,39018,39022,59,0.00142505
1773324863.44167256,0.04048959,6124,0.00044494,0.00000000,0,0.00000000,39022,39022,52,0.00272097
1773324863.54169989,0.02127993,6077,0.00020300,0.00000000,0,0.00000000,39022,39026,68,0.00326067
1773324863.64168668,0.02877534,6107,0.00028623,0.00000000,0,0.00000000,39026,39021,57,0.00275811
1773324863.74172878,0.02691543,6113,0.00023508,0.00000000,0,0.00000000,39021,39027,64,0.00076348
1773324863.84173822,0.02526181,6096,0.00022148,0.00000000,0,0.00000000,39027,39033,66,0.00077181
1773324863.94161701,0.01792155,6147,0.00011024,0.00000000,0,0.00000000,39033,39035,56,0.00080060
1773324864.04210711,0.04157090,6076,0.00062854,0.00000000,0,0.00000000,39035,39041,68,0.00123997
1773324864.14163637,0.04134620,6090,0.00046108,0.00000000,0,0.00000000,39041,39046,59,0.00093743
1773324864.24169779,0.02403454,6122,0.00018519,0.00000000,0,0.00000000,39046,39048,69,0.00158251
1773324864.34207368,0.03010193,6076,0.00048079,0.00000000,0,0.00000000,39048,39039,51,0.00078730
1773324864.44168043,0.02064768,6099,0.00011942,0.00000000,0,0.00000000,39039,39047,51,0.00310968
1773324864.54196167,0.02656652,6122,0.00017864,0.00000000,0,0.00000000,39047,39044,55,0.00171135
1773324864.64204383,0.02548934,6130,0.00012913,0.00000000,0,0.00000000,39044,39048,62,0.00258369
1773324864.74200702,0.02311297,6069,0.00016905,0.00000000,0,0.00000000,39048,39046,65,0.00088895
1773324864.84298277,0.02042153,6112,0.00012985,0.00000000,0,0.00000000,39046,39049,58,0.00081615
1773324864.94293356,0.04042654,6074,0.00055329,0.00000000,0,0.00000000,39049,39056,56,0.00085352
1773324865.04280400,0.04940940,6090,0.00050642,0.00000000,0,0.00000000,39056,39057,56,0.00146381
1773324865.14281964,0.04994250,6118,0.00060441,0.00000000,0,0.00000000,39057,39053,65,0.00082385
1773324865.24285221,0.04539261,6088,0.00018477,0.00000000,0,0.00000000,39053,39051,67,0.00078248
1773324865.34305358,0.02492702,6078,0.00019032,0.00000000,0,0.00000000,39051,39046,66,0.00189470
1773324865.44274569,0.02200258,6128,0.00025328,0.00000000,0,0.00000000,39046,39051,59,0.00176354
1773324865.54271913,0.03803966,6122,0.00015467,0.00000000,0,0.00000000,39051,39055,42,0.00191913
1773324865.64282465,0.01867622,6080,0.00021179,0.00000000,0,0.00000000,39055,39056,69,0.00186673
1773324865.74268723,0.02156010,6096,0.00016456,0.00000000,0,0.00000000,39056,39048,65,0.00225840
1773324865.84262300,0.01990933,6049,0.00015139,0.00000000,0,0.00000000,39048,39049,61,0.00081069
1773324865.94247198,0.02019065,6078,0.00013440,0.00000000,0,0.00000000,39049,39051,56,0.00242190
1773324866.04248309,0.04831090,6098,0.00064260,0.00000000,0,0.00000000,39051,39055,64,0.00109785
1773324866.14245343,0.04320915,6132,0.00053430,0.00000000,0,0.00000000,39055,39057,48,0.00157776
1773324866.24259138,0.02716138,6084,0.00015074,0.00000000,0,0.00000000,39057,39064,63,0.00101531
1773324866.34250498,0.01971485,6113,0.00013144,0.00000000,0,0.00000000,39064,39061,67,0.00081283
1773324866.44245315,0.01824849,6103,0.00013222,0.00000000,0,0.00000000,39061,39060,53,0.00225973
1773324866.54244947,0.02118797,6085,0.00023566,0.00000000,0,0.00000000,39060,39061,71,0.00163819
1773324866.64249825,0.01911302,6108,0.00014562,0.00000000,0,0.00000000,39061,39068,64,0.00199873
1773324866.74244976,0.01919558,6129,0.00008546,0.00000000,0,0.00000000,39068,39073,45,0.00092588
1773324866.84229732,0.02055841,6138,0.00013306,0.00000000,0,0.00000000,39073,39076,67,0.00079227
1773324866.94238782,0.03967139,6046,0.00050272,0.00000000,0,0.00000000,39076,39077,48,0.00075657
1773324867.04225183,0.04257146,6116,0.00038334,0.00000000,0,0.00000000,39077,39084,46,0.00081885
1773324867.14231467,0.04283489,6144,0.00056087,0.00000000,0,0.00000000,39084,39087,50,0.00144951
1773324867.24239922,0.04750404,6103,0.00064327,0.00000000,0,0.00000000,39087,39093,70,0.00084442
1773324867.34218025,0.02077678,6024,0.00016583,0.00000000,0,0.00000000,39093,39095,61,0.00185514
1773324867.44207644,0.01977532,6084,0.00027508,0.00000000,0,0.00000000,39095,39076,67,0.00211304
1773324867.54211688,0.03099159,6057,0.00013259,0.00000000,0,0.00000000,39076,39072,46,0.00195945
1773324867.64243031,0.02008639,6085,0.00018841,0.00000000,0,0.00000000,39072,39075,70,0.00191599
1773324867.74196076,0.01976303,6096,0.00018488,0.00000000,0,0.00000000,39075,39053,64,0.00182590
1773324867.84195828,0.02409639,6068,0.00016812,0.00000000,0,0.00000000,39053,39063,59,0.00091930
1773324867.94183469,0.02062216,6130,0.00012808,0.00000000,0,0.00000000,39063,39064,57,0.00188521
1773324868.04180169,0.05466561,6093,0.00063129,0.00000000,0,0.00000000,39064,39066,48,0.00147681
1773324868.14200068,0.05298311,6104,0.00073004,0.00000000,0,0.00000000,39066,39062,59,0.00075247
1773324868.24168134,0.04991325,6130,0.00025354,0.00000000,0,0.00000000,39062,39058,61,0.00082251
1773324868.34179688,0.02719606,6076,0.00048766,0.00000000,0,0.00000000,39058,39060,69,0.00078504
1773324868.44176936,0.04827353,6092,0.00028275,0.00000000,0,0.00000000,39060,39051,54,0.00277522
1773324868.54158688,0.02996119,6130,0.00024310,0.00000000,0,0.00000000,39051,39061,59,0.00177332
1773324868.64167333,0.02659689,6091,0.00016284,0.00000000,0,0.00000000,39061,39045,69,0.00290030
1773324868.74149489,0.01911020,6122,0.00013435,0.00000000,0,0.00000000,39045,39049,71,0.00114049
1773324868.84167743,0.02417635,6097,0.00018209,0.00000000,0,0.00000000,39049,39055,67,0.00216057
1773324868.94154072,0.02441001,6128,0.00012183,0.00000000,0,0.00000000,39055,39059,55,0.00154792
1773324869.04176164,0.05126498,6075,0.00075088,0.00000000,0,0.00000000,39059,39049,74,0.00172001
1773324869.14160442,0.05939969,6099,0.00037339,0.00000000,0,0.00000000,39049,39055,59,0.00084612
1773324869.24169493,0.02721901,6104,0.00018087,0.00000000,0,0.00000000,39055,39062,73,0.00081019
1773324869.34206247,0.02741671,6113,0.00041247,0.00000000,0,0.00000000,39062,39048,65,0.00076729
1773324869.44215226,0.04861501,6127,0.00059702,0.00000000,0,0.00000000,39048,39050,61,0.00168402
1773324869.54193401,0.02475694,6105,0.00015164,0.00000000,0,0.00000000,39050,39054,52,0.00200745
1773324869.64258909,0.02710093,6077,0.00024376,0.00000000,0,0.00000000,39054,39028,56,0.00266622
1773324869.74205160,0.02420946,6056,0.00020443,0.00000000,0,0.00000000,39028,39029,63,0.00080221
1773324869.84282947,0.02345311,6118,0.00014055,0.00000000,0,0.00000000,39029,39032,65,0.00079624
1773324869.94288301,0.01727822,6121,0.00012993,0.00000000,0,0.00000000,39032,39036,63,0.00155837
1773324870.04295230,0.04116652,6096,0.00064833,0.00000000,0,0.00000000,39036,39031,70,0.00119687
1773324870.14240718,0.04144321,6111,0.00060362,0.00000000,0,0.00000000,39031,39031,57,0.00099060
1773324870.24270105,0.02115126,6109,0.00013837,0.00000000,0,0.00000000,39031,39032,49,0.00089955
1773324870.34271193,0.03210889,6110,0.00026705,0.00000000,0,0.00000000,39032,39036,64,0.00078921
1773324870.44179702,0.02118119,6133,0.00016092,0.00000000,0,0.00000000,39036,39037,58,0.00121156
1773324870.54263830,0.01946270,6106,0.00012764,0.00000000,0,0.00000000,39037,39044,54,0.00214640
1773324870.64267111,0.02055873,6060,0.00012045,0.00000000,0,0.00000000,39044,39048,50,0.00097914
1773324870.74164438,0.02377100,6093,0.00016837,0.00000000,0,0.00000000,39048,39048,67,0.00200418
1773324870.84160686,0.02282741,6125,0.00015982,0.00000000,0,0.00000000,39048,39048,60,0.00084572
1773324870.94245076,0.05268746,6104,0.00070342,0.00000000,0,0.00000000,39048,39030,55,0.00085602
1773324871.04251361,0.04107955,6078,0.00075910,0.00000000,0,0.00000000,39030,39034,60,0.00103069
1773324871.14233875,0.04391611,6159,0.00054497,0.00000000,0,0.00000000,39034,39038,66,0.00101448
1773324871.24257374,0.02184064,6055,0.00013541,0.00000000,0,0.00000000,39038,39041,59,0.00153591
1773324871.34233165,0.02210841,6115,0.00027912,0.00000000,0,0.00000000,39041,39039,58,0.00221674
1773324871.44240975,0.03252770,6101,0.00063253,0.00000000,0,0.00000000,39039,39036,60,0.00206963
1773324871.54240394,0.02523689,6067,0.00014569,0.00000000,0,0.00000000,39036,39040,60,0.00253420
1773324871.64243221,0.02267956,6090,0.00017909,0.00000000,0,0.00000000,39040,39039,68,0.00155235
1773324871.74242115,0.02018413,6079,0.00013034,0.00000000,0,0.00000000,39039,39045,68,0.00160966
1773324871.84230733,0.02183624,6158,0.00014435,0.00000000,0,0.00000000,39045,39053,55,0.00087452
1773324871.94229221,0.02136592,6122,0.00014165,0.00000000,0,0.00000000,39053,39055,65,0.00243243
1773324872.04231858,0.05636240,6048,0.00080947,0.00000000,0,0.00000000,39055,39060,67,0.00155787
1773324872.14218616,0.04778491,6094,0.00029479,0.00000000,0,0.00000000,39060,39055,69,0.00096265
1773324872.24221659,0.02867237,6121,0.00025253,0.00000000,0,0.00000000,39055,39057,54,0.00156276
1773324872.34217310,0.03059781,6092,0.00035954,0.00000000,0,0.00000000,39057,39051,60,0.00162227
1773324872.44205022,0.04095570,6101,0.00067961,0.00000000,0,0.00000000,39051,39054,59,0.00234649
1773324872.54212713,0.04333409,6089,0.00020220,0.00000000,0,0.00000000,39054,39055,51,0.00193411
1773324872.64190722,0.03102656,6059,0.00021856,0.00000000,0,0.00000000,39055,39054,55,0.00232776
1773324872.74198222,0.02427248,6104,0.00014951,0.00000000,0,0.00000000,39054,39048,56,0.00167279
1773324872.84202051,0.02424475,6091,0.00023224,0.00000000,0,0.00000000,39048,39033,53,0.00155074
1773324872.94181514,0.02825894,6081,0.00016234,0.00000000,0,0.00000000,39033,39024,47,0.00180017
1773324873.04196143,0.02862751,6065,0.00017022,0.00000000,0,0.00000000,39024,39030,67,0.00183228
1773324873.14174104,0.02856678,6105,0.00019048,0.00000000,0,0.00000000,39030,39011,63,0.00117734
1773324873.24178529,0.02620231,6057,0.00011534,0.00000000,0,0.00000000,39011,39018,50,0.00094952
1773324873.34168458,0.01897757,6078,0.00019976,0.00000000,0,0.00000000,39018,39027,69,0.00092863
1773324873.44171858,0.01782823,6098,0.00010201,0.00000000,0,0.00000000,39027,39030,47,0.00076394
1773324873.54167557,0.01985080,6103,0.00012799,0.00000000,0,0.00000000,39030,39040,63,0.00073466
1773324873.64173484,0.01919907,6071,0.00010002,0.00000000,0,0.00000000,39040,39046,48,0.00147619
1773324873.74159622,0.04395803,6090,0.00021792,0.00000000,0,0.00000000,39046,39032,60,0.00090244
1773324873.84159780,0.03048137,6077,0.00020162,0.00000000,0,0.00000000,39032,39040,55,0.00082244
1773324873.94165516,0.01756671,6105,0.00012522,0.00000000,0,0.00000000,39040,39036,63,0.00078186
1773324874.04168630,0.01886428,6117,0.00013882,0.00000000,0,0.00000000,39036,39037,60,0.00103378
1773324874.14164305,0.01948070,6076,0.00014041,0.00000000,0,0.00000000,39037,39040,63,0.00258414
1773324874.24213743,0.02507387,6095,0.00015064,0.00000000,0,0.00000000,39040,39041,56,0.00154289
1773324874.34158516,0.02383068,6101,0.00016767,0.00000000,0,0.00000000,39041,39042,63,0.00082915
1773324874.44210100,0.02243604,6111,0.00017698,0.00000000,0,0.00000000,39042,39036,63,0.00078241
1773324874.54207182,0.04832573,6109,0.00030029,0.00000000,0,0.00000000,39036,39035,75,0.00073531
1773324874.64207911,0.02711684,6116,0.00015099,0.00000000,0,0.00000000,39035,39031,58,0.00114847
1773324874.74205995,0.02435030,6084,0.00012482,0.00000000,0,0.00000000,39031,39034,62,0.00082289
1773324874.84306121,0.02412458,6110,0.00015447,0.00000000,0,0.00000000,39034,39036,64,0.00192794
1773324874.94310975,0.02380144,6078,0.00014412,0.00000000,0,0.00000000,39036,39029,50,0.00318752
1773324875.04305935,0.04981214,6091,0.00056437,0.00000000,0,0.00000000,39029,39028,54,0.00154970
1773324875.14294553,0.04663136,6069,0.00074649,0.00000000,0,0.00000000,39028,39022,64,0.00095090
1773324875.24279332,0.02685688,6097,0.00021405,0.00000000,0,0.00000000,39022,39017,66,0.00077851
1773324875.34288120,0.05095611,6061,0.00064164,0.00000000,0,0.00000000,39017,39020,62,0.00079810
1773324875.44177699,0.01817084,6096,0.00015249,0.00000000,0,0.00000000,39020,39025,61,0.00154488
1773324875.54176521,0.02537965,6089,0.00014890,0.00000000,0,0.00000000,39025,39025,59,0.00143319
1773324875.64275217,0.02341514,6078,0.00015106,0.00000000,0,0.00000000,39025,39029,62,0.00229258
1773324875.74189591,0.01878045,6072,0.00012965,0.00000000,0,0.00000000,39029,39030,53,0.00161662
1773324875.84262395,0.02061437,6063,0.00010567,0.00000000,0,0.00000000,39030,39030,51,0.00079496
1773324875.94156575,0.04265403,6136,0.00049391,0.00000000,0,0.00000000,39030,39036,57,0.00091241
1773324876.04268718,0.04322259,6075,0.00041664,0.00000000,0,0.00000000,39036,39030,57,0.00083944
1773324876.14259601,0.05852370,6055,0.00016931,0.00000000,0,0.00000000,39030,39030,48,0.00086415
1773324876.24259138,0.02702082,6102,0.00016758,0.00000000,0,0.00000000,39030,39038,64,0.00092106
1773324876.34260607,0.02234981,6087,0.00029110,0.00000000,0,0.00000000,39038,39030,70,0.00230107
1773324876.44245672,0.02138965,6117,0.00017864,0.00000000,0,0.00000000,39030,39032,63,0.00242428
1773324876.54259109,0.02172986,6110,0.00015620,0.00000000,0,0.00000000,39032,39026,58,0.00292389
1773324876.64286661,0.02018260,6071,0.00013535,0.00000000,0,0.00000000,39026,39028,67,0.00204767
1773324876.74249268,0.02039662,6091,0.00013152,0.00000000,0,0.00000000,39028,39027,61,0.00081640
1773324876.84248757,0.02043812,6086,0.00015681,0.00000000,0,0.00000000,39027,39026,76,0.00151854
1773324876.94248009,0.01944703,6080,0.00012600,0.00000000,0,0.00000000,39026,39027,61,0.00081604
1773324877.04247546,0.04800068,6052,0.00053378,0.00000000,0,0.00000000,39027,39028,58,0.00082656
1773324877.14234138,0.04871427,6135,0.00054696,0.00000000,0,0.00000000,39028,39034,63,0.00087889
1773324877.24234247,0.05146448,6062,0.00017008,0.00000000,0,0.00000000,39034,39031,66,0.00078924
1773324877.34232092,0.02989857,6110,0.00021292,0.00000000,0,0.00000000,39031,39029,58,0.00075471
1773324877.44228792,0.02996165,6049,0.00019500,0.00000000,0,0.00000000,39029,39033,57,0.00187390
1773324877.54213572,0.03155973,6095,0.00025038,0.00000000,0,0.00000000,39033,39032,52,0.00264701
1773324877.64215493,0.03054223,6108,0.00029715,0.00000000,0,0.00000000,39032,39032,64,0.00273588
1773324877.74218583,0.02303171,6074,0.00014558,0.00000000,0,0.00000000,39032,39035,64,0.00093325
1773324877.84205055,0.02794631,6078,0.00021366,0.00000000,0,0.00000000,39035,39037,73,0.00082825
1773324877.94195580,0.02332032,6078,0.00015171,0.00000000,0,0.00000000,39037,39037,56,0.00112759
1773324878.04200053,0.05220045,6069,0.00075002,0.00000000,0,0.00000000,39037,39039,75,0.00198524
1773324878.14188814,0.05617250,6070,0.00021008,0.00000000,0,0.00000000,39039,39041,72,0.00078461
1773324878.24196649,0.02737383,6115,0.00017768,0.00000000,0,0.00000000,39041,39035,62,0.00079806
1773324878.34207845,0.05659487,6042,0.00028607,0.00000000,0,0.00000000,39035,39034,55,0.00078239
1773324878.44184709,0.02121090,6089,0.00017266,0.00000000,0,0.00000000,39034,39042,66,0.00239952
1773324878.54191184,0.02211562,6046,0.00023582,0.00000000,0,0.00000000,39042,39046,58,0.00294967
1773324878.64170718,0.02215585,6122,0.00016328,0.00000000,0,0.00000000,39046,39040,54,0.00080685
1773324878.74176693,0.02034904,6093,0.00012593,0.00000000,0,0.00000000,39040,39035,57,0.00308296
1773324878.84169984,0.02068998,6103,0.00012393,0.00000000,0,0.00000000,39035,39034,60,0.00080107
1773324878.94177866,0.03805490,6093,0.00048600,0.00000000,0,0.00000000,39034,39038,52,0.00075783
1773324879.04159451,0.05676831,6094,0.00079775,0.00000000,0,0.00000000,39038,39039,71,0.00098839
1773324879.14163756,0.06113758,6063,0.00024197,0.00000000,0,0.00000000,39039,39043,62,0.00074870
1773324879.24156284,0.03072702,6123,0.00027522,0.00000000,0,0.00000000,39043,39042,72,0.00078320
1773324879.34166741,0.02260457,6051,0.00013436,0.00000000,0,0.00000000,39042,39048,55,0.00086176
1773324879.44158673,0.02909107,6096,0.00063759,0.00000000,0,0.00000000,39048,39057,75,0.00180163
1773324879.54157829,0.03915351,6102,0.00018596,0.00000000,0,0.00000000,39057,39058,57,0.00188183
1773324879.64199805,0.01999407,6081,0.00017980,0.00000000,0,0.00000000,39058,39066,60,0.00178519
1773324879.74159741,0.02095942,6106,0.00013731,0.00000000,0,0.00000000,39066,39071,59,0.00241249
1773324879.84187770,0.01937929,6093,0.00015687,0.00000000,0,0.00000000,39071,39065,64,0.00078633
1773324879.94169450,0.01822334,6096,0.00009382,0.00000000,0,0.00000000,39065,39064,45,0.00202156
1773324880.04182339,0.02372211,6053,0.00014706,0.00000000,0,0.00000000,39064,39063,54,0.00087428
1773324880.14157224,0.02176196,6107,0.00017820,0.00000000,0,0.00000000,39063,39061,63,0.00083595
1773324880.24166393,0.02580303,6133,0.00022545,0.00000000,0,0.00000000,39061,39060,79,0.00079479
1773324880.34291124,0.04111844,6081,0.00031280,0.00000000,0,0.00000000,39060,39061,61,0.00076343
1773324880.44181514,0.02204902,6120,0.00016476,0.00000000,0,0.00000000,39061,39067,53,0.00083842
1773324880.54289579,0.01869919,6123,0.00011888,0.00000000,0,0.00000000,39067,39069,55,0.00094400
1773324880.64281607,0.02099919,6080,0.00016845,0.00000000,0,0.00000000,39069,39074,74,0.00161566
1773324880.74266124,0.01729276,6054,0.00014892,0.00000000,0,0.00000000,39074,39080,54,0.00199921
1773324880.84272528,0.01826541,6090,0.00015471,0.00000000,0,0.00000000,39080,39089,57,0.00154411
1773324880.94275641,0.01763139,6073,0.00013521,0.00000000,0,0.00000000,39089,39092,75,0.00089043
1773324881.04249740,0.04770546,6081,0.00065878,0.00000000,0,0.00000000,39092,39084,64,0.00075481
1773324881.14265752,0.04874744,6103,0.00048463,0.00000000,0,0.00000000,39084,39093,54,0.00074839
1773324881.24259996,0.03774241,6095,0.00018144,0.00000000,0,0.00000000,39093,39094,69,0.00076105
1773324881.34257579,0.01918810,6088,0.00013356,0.00000000,0,0.00000000,39094,39101,56,0.00075913
1773324881.44250226,0.02261675,6098,0.00016066,0.00000000,0,0.00000000,39101,39102,62,0.00259286
1773324881.54254723,0.02107896,6070,0.00014928,0.00000000,0,0.00000000,39102,39100,63,0.00194867
1773324881.64251423,0.02121668,6097,0.00018817,0.00000000,0,0.00000000,39100,39090,59,0.00270161
1773324881.74243450,0.02046115,6085,0.00013512,0.00000000,0,0.00000000,39090,39096,67,0.00089947
1773324881.84239197,0.03031965,6107,0.00024577,0.00000000,0,0.00000000,39096,39102,66,0.00086689
1773324881.94227052,0.02537861,6092,0.00022414,0.00000000,0,0.00000000,39102,39106,67,0.00082725
1773324882.04229856,0.04560026,6069,0.00051687,0.00000000,0,0.00000000,39106,39110,50,0.00086414
1773324882.14232206,0.05459705,6094,0.00083691,0.00000000,0,0.00000000,39110,39112,63,0.00084918
1773324882.24217129,0.03317529,6076,0.00016671,0.00000000,0,0.00000000,39112,39111,60,0.00079132
1773324882.34220386,0.02103773,6105,0.00016841,0.00000000,0,0.00000000,39111,39113,61,0.00085049
1773324882.44211650,0.02096868,6066,0.00013350,0.00000000,0,0.00000000,39113,39110,54,0.00153424
1773324882.54216909,0.02113878,6130,0.00027901,0.00000000,0,0.00000000,39110,39107,63,0.00149571
1773324882.64229703,0.01906476,6056,0.00010266,0.00000000,0,0.00000000,39107,39106,53,0.00221496
1773324882.74203253,0.02493979,6079,0.00013941,0.00000000,0,0.00000000,39106,39109,54,0.00094949
1773324882.84200025,0.02423199,6088,0.00015383,0.00000000,0,0.00000000,39109,39106,58,0.00081134
1773324882.94191265,0.04289806,6093,0.00071867,0.00000000,0,0.00000000,39106,39114,58,0.00077020
1773324883.04190516,0.05262808,6131,0.00062422,0.00000000,0,0.00000000,39114,39117,53,0.00081567
1773324883.14192224,0.04332363,6099,0.00059714,0.00000000,0,0.00000000,39117,39119,66,0.00160032
1773324883.24185205,0.02157919,6121,0.00015620,0.00000000,0,0.00000000,39119,39122,55,0.00078661
1773324883.34179473,0.02195854,6108,0.00028644,0.00000000,0,0.00000000,39122,39130,49,0.00081374
1773324883.44173956,0.03003454,6048,0.00054458,0.00000000,0,0.00000000,39130,39130,58,0.00236390
1773324883.54162502,0.02442015,6091,0.00020175,0.00000000,0,0.00000000,39130,39133,62,0.00293459
1773324883.64169073,0.02017097,6101,0.00014755,0.00000000,0,0.00000000,39133,39137,56,0.00192830
1773324883.74155784,0.01886934,6092,0.00012342,0.00000000,0,0.00000000,39137,39136,61,0.00252187
1773324883.84156370,0.02415685,6055,0.00020394,0.00000000,0,0.00000000,39136,39138,68,0.00162098
1773324883.94156289,0.02375594,6055,0.00016195,0.00000000,0,0.00000000,39138,39141,70,0.00078379
1773324884.04144287,0.05416462,6131,0.00072214,0.00000000,0,0.00000000,39141,39142,78,0.00074827
1773324884.14162636,0.04532572,6072,0.00069363,0.00000000,0,0.00000000,39142,39139,67,0.00080258
1773324884.24165297,0.02149478,6108,0.00018711,0.00000000,0,0.00000000,39139,39139,77,0.00082352
1773324884.34176517,0.02043625,6094,0.00023174,0.00000000,0,0.00000000,39139,39140,57,0.00075317
1773324884.44203448,0.03639642,6094,0.00012916,0.00000000,0,0.00000000,39140,39141,66,0.00177710
1773324884.54193592,0.01956629,6077,0.00009584,0.00000000,0,0.00000000,39141,39146,46,0.00215138
1773324884.64201736,0.01947702,6110,0.00010768,0.00000000,0,0.00000000,39146,39145,50,0.00245349
1773324884.74196434,0.02381794,6099,0.00014271,0.00000000,0,0.00000000,39145,39136,61,0.00078205
1773324884.84292650,0.01969793,6085,0.00011498,0.00000000,0,0.00000000,39136,39140,63,0.00152604
1773324884.94184089,0.02017614,6140,0.00014996,0.00000000,0,0.00000000,39140,39133,58,0.00079842
1773324885.04292393,0.05228733,6062,0.00052666,0.00000000,0,0.00000000,39133,39117,54,0.00089038
1773324885.14195633,0.05257558,6084,0.00069070,0.00000000,0,0.00000000,39117,39126,67,0.00075586
1773324885.24285221,0.02971204,6112,0.00014129,0.00000000,0,0.00000000,39126,39130,48,0.00079603
1773324885.34277010,0.01858261,6089,0.00019878,0.00000000,0,0.00000000,39130,39111,60,0.00078591
1773324885.44194913,0.02584314,6095,0.00042651,0.00000000,0,0.00000000,39111,39112,51,0.00205804
1773324885.54268646,0.01832805,6159,0.00012943,0.00000000,0,0.00000000,39112,39113,43,0.00215237
1773324885.64265752,0.02565871,6106,0.00022198,0.00000000,0,0.00000000,39113,39117,73,0.00243165
1773324885.74270821,0.02366971,6104,0.00023394,0.00000000,0,0.00000000,39117,39109,68,0.00079738
1773324885.84271908,0.02345584,6081,0.00013893,0.00000000,0,0.00000000,39109,39102,52,0.00163988
1773324885.94255471,0.02349931,6102,0.00014813,0.00000000,0,0.00000000,39102,39101,56,0.00085386
1773324886.04262424,0.05544599,6145,0.00056133,0.00000000,0,0.00000000,39101,39096,50,0.00082053
1773324886.14261985,0.04337617,6061,0.00025360,0.00000000,0,0.00000000,39096,39092,63,0.00081520
1773324886.24251795,0.02976040,6107,0.00022161,0.00000000,0,0.00000000,39092,39087,69,0.00077998
1773324886.34255409,0.03330342,6056,0.00017275,0.00000000,0,0.00000000,39087,39091,63,0.00080166
1773324886.44230509,0.06319878,6099,0.00019703,0.00000000,0,0.00000000,39091,39093,51,0.00246488
1773324886.54242802,0.03329625,6071,0.00031306,0.00000000,0,0.00000000,39093,39095,66,0.00276869
1773324886.64236617,0.03083706,6103,0.00024731,0.00000000,0,0.00000000,39095,39101,63,0.00193286
1773324886.74240303,0.02506691,6105,0.00024093,0.00000000,0,0.00000000,39101,39105,56,0.00152548
1773324886.84246492,0.03179639,6118,0.00016891,0.00000000,0,0.00000000,39105,39111,62,0.00318012
1773324886.94227266,0.02543166,6097,0.00014771,0.00000000,0,0.00000000,39111,39109,61,0.00129057
1773324887.04227304,0.05246760,6073,0.00051890,0.00000000,0,0.00000000,39109,39117,56,0.00141665
1773324887.14240193,0.04511457,6074,0.00067527,0.00000000,0,0.00000000,39117,39120,69,0.00085366
1773324887.24365163,0.03835943,6126,0.00046978,0.00000000,0,0.00000000,39120,39119,51,0.00145974
1773324887.34217858,0.04165046,6134,0.00047401,0.00000000,0,0.00000000,39119,39117,49,0.00079784
1773324887.44215894,0.03940404,6075,0.00055940,0.00000000,0,0.00000000,39117,39124,58,0.00371767
1773324887.54211259,0.04156962,6119,0.00055485,0.00000000,0,0.00000000,39124,39126,56,0.00152050
1773324887.64234972,0.04071070,6086,0.00062637,0.00000000,0,0.00000000,39126,39127,77,0.00225409
1773324887.74197960,0.04075230,6099,0.00053678,0.00000000,0,0.00000000,39127,39127,48,0.00183592
1773324887.84198785,0.05177066,6114,0.00062786,0.00000000,0,0.00000000,39127,39125,67,0.00213537
1773324887.94185472,0.04497072,6096,0.00058993,0.00000000,0,0.00000000,39125,39119,66,0.00271826
1773324888.04184651,0.05280694,6096,0.00051423,0.00000000,0,0.00000000,39119,39123,58,0.00155627
1773324888.14195943,0.05415276,6070,0.00066259,0.00000000,0,0.00000000,39123,39115,67,0.00188857
1773324888.24173284,0.02961485,6103,0.00016134,0.00000000,0,0.00000000,39115,39116,66,0.00187541
1773324888.34177613,0.01952681,6136,0.00014152,0.00000000,0,0.00000000,39116,39127,62,0.00178197
1773324888.44178438,0.02020816,6114,0.00020079,0.00000000,0,0.00000000,39127,39132,54,0.00166753
1773324888.54177475,0.03445150,6060,0.00019871,0.00000000,0,0.00000000,39132,39138,76,0.00202443
1773324888.64162993,0.01987456,6124,0.00012846,0.00000000,0,0.00000000,39138,39141,54,0.00261787
1773324888.74172354,0.02202797,6078,0.00015335,0.00000000,0,0.00000000,39141,39139,69,0.00163788
1773324888.84155202,0.02527486,6169,0.00016116,0.00000000,0,0.00000000,39139,39143,62,0.00142949
1773324888.94173670,0.01779389,6107,0.00011893,0.00000000,0,0.00000000,39143,39149,62,0.00188536
1773324889.04163122,0.02565148,6075,0.00015766,0.00000000,0,0.00000000,39149,39149,54,0.00081069
1773324889.14236426,0.02031793,6109,0.00014312,0.00000000,0,0.00000000,39149,39153,65,0.00149428
1773324889.24161744,0.03821497,6096,0.00019463,0.00000000,0,0.00000000,39153,39152,69,0.00145443
1773324889.34178424,0.02520036,6112,0.00045818,0.00000000,0,0.00000000,39152,39156,49,0.00077839
1773324889.44163251,0.02030692,6086,0.00013871,0.00000000,0,0.00000000,39156,39150,58,0.00078229
1773324889.54170036,0.01962750,6100,0.00014988,0.00000000,0,0.00000000,39150,39141,53,0.00084247
1773324889.64204502,0.02656671,6043,0.00016768,0.00000000,0,0.00000000,39141,39146,63,0.00274307
1773324889.74165058,0.02488240,6131,0.00017796,0.00000000,0,0.00000000,39146,39137,59,0.00079424
1773324889.84196997,0.02338839,6092,0.00019245,0.00000000,0,0.00000000,39137,39141,76,0.00078494
1773324889.94200063,0.01737699,6100,0.00012230,0.00000000,0,0.00000000,39141,39133,57,0.00086073
1773324890.04193687,0.02798463,6141,0.00019118,0.00000000,0,0.00000000,39133,39135,61,0.00081008
1773324890.14296889,0.02451603,6050,0.00016325,0.00000000,0,0.00000000,39135,39137,62,0.00104834
1773324890.24187136,0.02417198,6112,0.00016368,0.00000000,0,0.00000000,39137,39136,56,0.00078247
1773324890.34277654,0.02409170,6104,0.00015515,0.00000000,0,0.00000000,39136,39137,53,0.00080861
1773324890.44277954,0.02702720,6107,0.00014315,0.00000000,0,0.00000000,39137,39138,43,0.00180232
1773324890.54275298,0.02558223,6108,0.00017852,0.00000000,0,0.00000000,39138,39136,65,0.00171194
1773324890.64285707,0.02506876,6072,0.00021625,0.00000000,0,0.00000000,39136,39131,58,0.00078744
1773324890.74270034,0.01958290,6096,0.00012057,0.00000000,0,0.00000000,39131,39133,66,0.00078773
1773324890.84271550,0.02709862,6078,0.00052624,0.00000000,0,0.00000000,39133,39135,66,0.00085986
1773324890.94254541,0.02526507,6094,0.00019733,0.00000000,0,0.00000000,39135,39139,55,0.00165572
1773324891.04257417,0.02623469,6103,0.00022329,0.00000000,0,0.00000000,39139,39139,57,0.00115220
1773324891.14259958,0.02683694,6119,0.00023622,0.00000000,0,0.00000000,39139,39139,66,0.00074141
1773324891.24276423,0.02441610,6095,0.00020560,0.00000000,0,0.00000000,39139,39140,60,0.00153494
1773324891.34252954,0.02064778,6070,0.00015753,0.00000000,0,0.00000000,39140,39140,67,0.00084715
1773324891.44241500,0.02249329,6158,0.00016989,0.00000000,0,0.00000000,39140,39137,66,0.00089310
1773324891.54261065,0.02214477,6117,0.00013340,0.00000000,0,0.00000000,39137,39144,59,0.00079577
1773324891.64259958,0.02531675,6072,0.00016918,0.00000000,0,0.00000000,39144,39145,53,0.00099031
1773324891.74239802,0.02955946,6120,0.00014115,0.00000000,0,0.00000000,39145,39141,48,0.00084744
1773324891.84240437,0.04969812,6118,0.00021767,0.00000000,0,0.00000000,39141,39145,64,0.00087926
1773324891.94245958,0.02436729,6089,0.00019333,0.00000000,0,0.00000000,39145,39142,68,0.00077705
1773324892.04230833,0.01829412,6080,0.00008832,0.00000000,0,0.00000000,39142,39146,36,0.00077891
1773324892.14235449,0.02088705,6126,0.00020483,0.00000000,0,0.00000000,39146,39128,71,0.00175454
1773324892.24223518,0.01987362,6068,0.00011176,0.00000000,0,0.00000000,39128,39130,60,0.00213480
1773324892.34221053,0.02005771,6068,0.00013318,0.00000000,0,0.00000000,39130,39130,66,0.00080393
1773324892.44219971,0.01945390,6086,0.00011057,0.00000000,0,0.00000000,39130,39134,50,0.00093963
1773324892.54206157,0.03767735,6109,0.00063112,0.00000000,0,0.00000000,39134,39127,62,0.00077664
1773324892.64204168,0.05075645,6123,0.00063048,0.00000000,0,0.00000000,39127,39132,56,0.00151125
1773324892.74205804,0.04859682,6101,0.00079369,0.00000000,0,0.00000000,39132,39130,63,0.00081095
1773324892.84211969,0.05288573,6075,0.00068740,0.00000000,0,0.00000000,39130,39121,59,0.00155603
1773324892.94194984,0.04676816,6112,0.00045218,0.00000000,0,0.00000000,39121,39123,51,0.00098181
1773324893.04199982,0.02165105,6117,0.00024137,0.00000000,0,0.00000000,39123,39117,55,0.00178168
1773324893.14190984,0.02166721,6079,0.00013564,0.00000000,0,0.00000000,39117,39120,60,0.00257060
1773324893.24198675,0.04884727,6070,0.00061902,0.00000000,0,0.00000000,39120,39123,60,0.00282110
1773324893.34176493,0.02688386,6111,0.00019917,0.00000000,0,0.00000000,39123,39128,60,0.00193896
1773324893.44177532,0.02552649,6077,0.00019378,0.00000000,0,0.00000000,39128,39127,51,0.00079298
1773324893.54166245,0.02954534,6114,0.00022405,0.00000000,0,0.00000000,39127,39134,69,0.00082861
1773324893.64171100,0.01984864,6084,0.00010869,0.00000000,0,0.00000000,39134,39137,54,0.00073676
1773324893.74176240,0.02293734,6084,0.00016348,0.00000000,0,0.00000000,39137,39134,68,0.00294143
1773324893.84155989,0.01988353,6071,0.00012997,0.00000000,0,0.00000000,39134,39139,61,0.00075091
1773324893.94159484,0.01814379,6095,0.00015234,0.00000000,0,0.00000000,39139,39136,66,0.00148641
1773324894.04157758,0.02664228,6106,0.00015139,0.00000000,0,0.00000000,39136,39133,64,0.00076157
1773324894.14165115,0.02162085,6131,0.00016961,0.00000000,0,0.00000000,39133,39119,64,0.00104283
1773324894.24158454,0.02205566,6113,0.00022013,0.00000000,0,0.00000000,39119,39120,73,0.00165522
1773324894.34162903,0.02612540,6114,0.00013596,0.00000000,0,0.00000000,39120,39126,56,0.00079721
1773324894.44216585,0.02153009,6078,0.00017436,0.00000000,0,0.00000000,39126,39119,59,0.00179028
1773324894.54202247,0.02065385,6098,0.00010898,0.00000000,0,0.00000000,39119,39116,54,0.00177528
1773324894.64153838,0.01968969,6123,0.00014180,0.00000000,0,0.00000000,39116,39116,64,0.00157407
1773324894.74211025,0.05118422,6100,0.00069510,0.00000000,0,0.00000000,39116,39094,68,0.00156030
1773324894.84211898,0.05214265,6068,0.00080627,0.00000000,0,0.00000000,39094,39090,61,0.00077364
1773324894.94194746,0.05234021,6094,0.00072431,0.00000000,0,0.00000000,39090,39090,63,0.00077163
1773324895.04196024,0.04701676,6087,0.00048754,0.00000000,0,0.00000000,39090,39097,56,0.00078186
1773324895.14203501,0.04312257,6110,0.00074032,0.00000000,0,0.00000000,39097,39099,76,0.00172558
1773324895.24284005,0.02227350,6085,0.00017111,0.00000000,0,0.00000000,39099,39098,68,0.00197129
1773324895.34284329,0.02270796,6072,0.00024535,0.00000000,0,0.00000000,39098,39099,73,0.00235567
1773324895.44277668,0.02013919,6098,0.00017882,0.00000000,0,0.00000000,39099,39103,71,0.00216546
1773324895.54272151,0.02505166,6063,0.00021039,0.00000000,0,0.00000000,39103,39096,67,0.00221095
1773324895.64193034,0.02052443,6111,0.00014345,0.00000000,0,0.00000000,39096,39104,59,0.00210375
1773324895.74265862,0.01959210,6102,0.00012550,0.00000000,0,0.00000000,39104,39100,54,0.00217749
1773324895.84265137,0.01769361,6081,0.00012450,0.00000000,0,0.00000000,39100,39104,60,0.00152315
1773324895.94257879,0.02304619,6030,0.00018160,0.00000000,0,0.00000000,39104,39110,77,0.00157544
1773324896.04257894,0.06034967,6081,0.00081459,0.00000000,0,0.00000000,39110,39098,60,0.00077997
1773324896.14161301,0.03274091,6076,0.00024362,0.00000000,0,0.00000000,39098,39103,62,0.00150144
1773324896.24161386,0.03327060,6067,0.00044281,0.00000000,0,0.00000000,39103,39107,61,0.00083243
1773324896.34240580,0.05186131,6077,0.00034112,0.00000000,0,0.00000000,39107,39089,61,0.00076920
1773324896.44256258,0.02850618,6119,0.00016368,0.00000000,0,0.00000000,39089,39092,69,0.00076618
1773324896.54254031,0.02948930,6049,0.00020188,0.00000000,0,0.00000000,39092,39078,59,0.00071474
1773324896.64235830,0.02085134,6091,0.00012365,0.00000000,0,0.00000000,39078,39080,57,0.00144573
1773324896.74241590,0.02042638,6104,0.00012774,0.00000000,0,0.00000000,39080,39080,65,0.00255339
1773324896.84245253,0.01905536,6080,0.00012787,0.00000000,0,0.00000000,39080,39083,56,0.00125857
1773324896.94229913,0.05146416,6108,0.00060171,0.00000000,0,0.00000000,39083,39087,53,0.00137179
1773324897.04236364,0.04634968,6099,0.00055354,0.00000000,0,0.00000000,39087,39091,55,0.00109241
1773324897.14236569,0.04857921,6107,0.00067400,0.00000000,0,0.00000000,39091,39096,73,0.00076180
1773324897.24236894,0.04652681,6082,0.00060146,0.00000000,0,0.00000000,39096,39097,57,0.00085017
1773324897.34222865,0.04615991,6095,0.00059818,0.00000000,0,0.00000000,39097,39101,65,0.00149503
1773324897.44224381,0.04872772,6116,0.00060679,0.00000000,0,0.00000000,39101,39081,62,0.00214337
1773324897.54227781,0.04789610,6130,0.00050855,0.00000000,0,0.00000000,39081,39086,59,0.00218885
1773324897.64209151,0.04235597,6092,0.00052472,0.00000000,0,0.00000000,39086,39087,61,0.00195513
1773324897.74210334,0.04104181,6087,0.00044024,0.00000000,0,0.00000000,39087,39084,52,0.00175382
1773324897.84210944,0.05532337,6095,0.00067633,0.00000000,0,0.00000000,39084,39092,56,0.00175645
1773324897.94208741,0.04161896,6088,0.00058895,0.00000000,0,0.00000000,39092,39096,68,0.00181405
1773324898.04191804,0.05078709,6082,0.00085078,0.00000000,0,0.00000000,39096,39103,66,0.00226949
1773324898.14199853,0.06026059,6080,0.00050945,0.00000000,0,0.00000000,39103,39107,57,0.00220040
1773324898.24195147,0.02038609,6118,0.00016828,0.00000000,0,0.00000000,39107,39113,69,0.00220318
1773324898.34194303,0.02343557,6066,0.00026738,0.00000000,0,0.00000000,39113,39108,62,0.00233662
1773324898.44197726,0.02855834,6099,0.00068808,0.00000000,0,0.00000000,39108,39098,67,0.00428028
1773324898.54167199,0.03918651,6097,0.00023256,0.00000000,0,0.00000000,39098,39094,59,0.00294407
1773324898.64166927,0.02209374,6056,0.00018377,0.00000000,0,0.00000000,39094,39090,57,0.00228700
1773324898.74161458,0.02089223,6093,0.00017229,0.00000000,0,0.00000000,39090,39085,67,0.00090798
1773324898.84171605,0.01930790,6115,0.00016054,0.00000000,0,0.00000000,39085,39087,60,0.00151788
1773324898.94166660,0.02430459,6093,0.00016654,0.00000000,0,0.00000000,39087,39091,56,0.00202542
1773324899.04172182,0.02528155,6095,0.00016362,0.00000000,0,0.00000000,39091,39092,67,0.00155811
1773324899.14159751,0.02398120,6134,0.00015854,0.00000000,0,0.00000000,39092,39093,65,0.00090492
1773324899.24158120,0.02379520,6157,0.00017062,0.00000000,0,0.00000000,39093,39093,50,0.00104190
1773324899.34217167,0.02835332,6099,0.00038206,0.00000000,0,0.00000000,39093,39094,56,0.00074264
1773324899.44169378,0.02845149,6108,0.00016003,0.00000000,0,0.00000000,39094,39090,49,0.00150971
1773324899.54159021,0.01889981,6100,0.00011866,0.00000000,0,0.00000000,39090,39087,52,0.00155260
1773324899.64158416,0.02009836,6092,0.00019728,0.00000000,0,0.00000000,39087,39088,59,0.00079010
1773324899.74199176,0.01998231,6133,0.00014361,0.00000000,0,0.00000000,39088,39087,52,0.00090736
1773324899.84216738,0.01983148,6069,0.00012452,0.00000000,0,0.00000000,39087,39088,52,0.00199872
1773324899.94197345,0.03073156,6070,0.00047643,0.00000000,0,0.00000000,39088,39092,52,0.00083677
1773324900.04204321,0.02290467,6068,0.00025079,0.00000000,0,0.00000000,39092,39098,61,0.00086354
1773324900.14306474,0.01993020,6142,0.00015501,0.00000000,0,0.00000000,39098,39088,66,0.00083728
1773324900.24296570,0.01796110,6096,0.00011586,0.00000000,0,0.00000000,39088,39092,62,0.00098202
1773324900.34197021,0.01785946,6127,0.00016277,0.00000000,0,0.00000000,39092,39088,66,0.00083090
1773324900.44306326,0.01997903,6092,0.00019070,0.00000000,0,0.00000000,39088,39078,77,0.00153915
1773324900.54290223,0.02623814,6085,0.00027506,0.00000000,0,0.00000000,39078,39068,65,0.00160752
1773324900.64180017,0.02498411,6091,0.00023570,0.00000000,0,0.00000000,39068,39076,65,0.00080020
1773324900.74180722,0.03000090,6108,0.00020898,0.00000000,0,0.00000000,39076,39080,57,0.00084944
1773324900.84278560,0.02684011,6085,0.00020260,0.00000000,0,0.00000000,39080,39069,57,0.00087724
1773324900.94174981,0.02277172,6109,0.00012667,0.00000000,0,0.00000000,39069,39064,51,0.00148513
1773324901.04271531,0.02882348,6119,0.00020693,0.00000000,0,0.00000000,39064,39065,46,0.00081745
1773324901.14278650,0.03105363,6109,0.00030177,0.00000000,0,0.00000000,39065,39071,46,0.00273727
1773324901.24161863,0.02204171,6088,0.00012780,0.00000000,0,0.00000000,39071,39077,57,0.00083721
1773324901.34263730,0.02389598,6148,0.00018173,0.00000000,0,0.00000000,39077,39053,70,0.00090432
1773324901.44281602,0.05133343,6102,0.00079006,0.00000000,0,0.00000000,39053,39065,70,0.00080112
1773324901.54258490,0.03068803,6130,0.00019196,0.00000000,0,0.00000000,39065,39068,57,0.00154043
1773324901.64260244,0.02774138,6090,0.00015067,0.00000000,0,0.00000000,39068,39076,65,0.00088111
1773324901.74267983,0.02043133,6055,0.00013563,0.00000000,0,0.00000000,39076,39074,60,0.00092132
1773324901.84246230,0.02260841,6088,0.00017380,0.00000000,0,0.00000000,39074,39079,71,0.00175050
1773324901.94252348,0.02049462,6103,0.00010673,0.00000000,0,0.00000000,39079,39073,43,0.00155379
1773324902.04251170,0.02108077,6101,0.00017686,0.00000000,0,0.00000000,39073,39069,70,0.00131098
1773324902.14253283,0.02259182,6040,0.00037908,0.00000000,0,0.00000000,39069,39069,65,0.00082557
1773324902.24240732,0.02135993,6114,0.00016769,0.00000000,0,0.00000000,39069,39070,58,0.00169889
1773324902.34242392,0.02077466,6089,0.00015082,0.00000000,0,0.00000000,39070,39077,58,0.00079629
1773324902.44263554,0.01742368,6097,0.00012679,0.00000000,0,0.00000000,39077,39086,60,0.00083226
1773324902.54228449,0.01784820,6117,0.00015539,0.00000000,0,0.00000000,39086,39090,55,0.00079454
1773324902.64248323,0.02350385,6080,0.00013607,0.00000000,0,0.00000000,39090,39087,61,0.00173037
1773324902.74218321,0.02099112,6071,0.00014963,0.00000000,0,0.00000000,39087,39088,65,0.00084893
1773324902.84229231,0.02558882,6112,0.00015542,0.00000000,0,0.00000000,39088,39096,62,0.00081050
1773324902.94206882,0.02475626,6117,0.00020182,0.00000000,0,0.00000000,39096,39102,67,0.00085459
1773324903.04222798,0.02545441,6079,0.00015600,0.00000000,0,0.00000000,39102,39091,54,0.00074985
1773324903.14204907,0.02442701,6090,0.00018066,0.00000000,0,0.00000000,39091,39096,75,0.00082833
1773324903.24208546,0.01919311,6122,0.00019564,0.00000000,0,0.00000000,39096,39089,61,0.00087080
1773324903.34209466,0.02102843,6087,0.00013695,0.00000000,0,0.00000000,39089,39090,50,0.00085149
1773324903.44189382,0.02032363,6096,0.00015090,0.00000000,0,0.00000000,39090,39093,61,0.00077239
1773324903.54205179,0.01993010,6083,0.00016760,0.00000000,0,0.00000000,39093,39069,58,0.00092054
1773324903.64188313,0.02087626,6051,0.00015504,0.00000000,0,0.00000000,39069,39069,62,0.00081555
1773324903.74175763,0.02021343,6091,0.00014794,0.00000000,0,0.00000000,39069,39072,55,0.00078097
1773324903.84172678,0.02008219,6088,0.00013643,0.00000000,0,0.00000000,39072,39071,58,0.00087342
1773324903.94187331,0.02129083,6106,0.00017571,0.00000000,0,0.00000000,39071,39074,63,0.00083051
1773324904.04179525,0.01928002,6064,0.00011058,0.00000000,0,0.00000000,39074,39078,54,0.00106934
1773324904.14174366,0.02087502,6031,0.00016369,0.00000000,0,0.00000000,39078,39077,66,0.00083713
1773324904.24164081,0.02979532,6097,0.00018570,0.00000000,0,0.00000000,39077,39066,69,0.00076011
1773324904.34163356,0.04841641,6130,0.00054434,0.00000000,0,0.00000000,39066,39066,53,0.00076385
1773324904.44168854,0.02086026,6108,0.00013697,0.00000000,0,0.00000000,39066,39070,62,0.00098144
1773324904.54171562,0.02207085,6124,0.00022768,0.00000000,0,0.00000000,39070,39079,65,0.00077070
1773324904.64171743,0.02280432,6131,0.00018685,0.00000000,0,0.00000000,39079,39077,61,0.00174071
1773324904.74174571,0.02047497,6085,0.00014067,0.00000000,0,0.00000000,39077,39076,58,0.00186515
1773324904.84174824,0.02088791,6107,0.00013471,0.00000000,0,0.00000000,39076,39079,63,0.00084144
1773324904.94174266,0.04710781,6112,0.00041334,0.00000000,0,0.00000000,39079,39085,51,0.00163385
1773324905.04195642,0.05437994,6051,0.00074596,0.00000000,0,0.00000000,39085,39092,69,0.00152687
1773324905.14164400,0.05640558,6106,0.00078086,0.00000000,0,0.00000000,39092,39082,74,0.00077377
1773324905.24182940,0.04919812,6103,0.00020917,0.00000000,0,0.00000000,39082,39080,47,0.00078826
1773324905.34288001,0.03211093,6127,0.00023601,0.00000000,0,0.00000000,39080,39078,63,0.00089170
1773324905.44301701,0.03313609,6115,0.00019396,0.00000000,0,0.00000000,39078,39079,61,0.00199411
1773324905.54287815,0.04271561,6071,0.00066195,0.00000000,0,0.00000000,39079,39082,60,0.00286278
1773324905.64168191,0.03311519,6094,0.00016161,0.00000000,0,0.00000000,39082,39089,53,0.00202248
1773324905.74275804,0.02966372,6110,0.00022435,0.00000000,0,0.00000000,39089,39085,61,0.00279883
1773324905.84275246,0.02634831,6102,0.00016511,0.00000000,0,0.00000000,39085,39091,61,0.00153475
1773324905.94277406,0.02078178,6069,0.00017247,0.00000000,0,0.00000000,39091,39097,66,0.00149583
1773324906.04273248,0.02086238,6086,0.00015032,0.00000000,0,0.00000000,39097,39096,57,0.00293822
1773324906.14276052,0.02228678,6066,0.00014990,0.00000000,0,0.00000000,39096,39101,62,0.00080046
1773324906.24256516,0.03558167,6145,0.00058615,0.00000000,0,0.00000000,39101,39101,66,0.00168893
1773324906.34263968,0.02993750,6072,0.00027037,0.00000000,0,0.00000000,39101,39107,66,0.00078256
1773324906.44250059,0.02211743,6115,0.00014920,0.00000000,0,0.00000000,39107,39106,58,0.00137129
1773324906.54252768,0.02106309,6100,0.00017678,0.00000000,0,0.00000000,39106,39108,60,0.00078977
1773324906.64251566,0.02539949,6097,0.00017960,0.00000000,0,0.00000000,39108,39113,71,0.00162179
1773324906.74247050,0.02573562,6088,0.00014866,0.00000000,0,0.00000000,39113,39120,55,0.00149025
1773324906.84250307,0.02453989,6106,0.00013289,0.00000000,0,0.00000000,39120,39125,49,0.00154298
1773324906.94255781,0.02372047,6068,0.00010255,0.00000000,0,0.00000000,39125,39121,40,0.00080858
1773324907.04246449,0.04961235,6060,0.00057278,0.00000000,0,0.00000000,39121,39121,64,0.00144827
1773324907.14235067,0.04474920,6088,0.00012397,0.00000000,0,0.00000000,39121,39117,48,0.00152770
1773324907.24234629,0.01806654,6125,0.00018895,0.00000000,0,0.00000000,39117,39111,60,0.00082570
1773324907.34237194,0.01909080,6123,0.00017247,0.00000000,0,0.00000000,39111,39117,65,0.00071934
1773324907.44234204,0.04095546,6091,0.00061843,0.00000000,0,0.00000000,39117,39110,68,0.00288515
1773324907.54218864,0.02778371,6110,0.00009975,0.00000000,0,0.00000000,39110,39113,49,0.00224116
1773324907.64242625,0.02814993,6111,0.00018653,0.00000000,0,0.00000000,39113,39117,57,0.00272375
1773324907.74221087,0.02506481,6074,0.00017930,0.00000000,0,0.00000000,39117,39122,67,0.00075671
1773324907.84219861,0.02845324,6091,0.00019539,0.00000000,0,0.00000000,39122,39111,64,0.00082417
1773324907.94209266,0.02417234,6114,0.00015568,0.00000000,0,0.00000000,39111,39103,71,0.00080452
1773324908.04204345,0.05343313,6067,0.00089563,0.00000000,0,0.00000000,39103,39091,78,0.00082463
1773324908.14192557,0.04896379,6125,0.00023823,0.00000000,0,0.00000000,39091,39075,64,0.00113915
1773324908.24193883,0.02339090,6075,0.00020282,0.00000000,0,0.00000000,39075,39082,71,0.00140845
1773324908.34195757,0.02301293,6072,0.00015799,0.00000000,0,0.00000000,39082,39081,64,0.00087551
1773324908.44201207,0.02405181,6093,0.00020141,0.00000000,0,0.00000000,39081,39078,56,0.00200048
1773324908.54184031,0.02874655,6091,0.00016987,0.00000000,0,0.00000000,39078,39083,75,0.00284810
1773324908.64184427,0.02385179,6072,0.00012346,0.00000000,0,0.00000000,39083,39078,51,0.00106261
1773324908.74185610,0.02407008,6077,0.00013363,0.00000000,0,0.00000000,39078,39083,52,0.00086611
1773324908.84168339,0.02406438,6118,0.00016738,0.00000000,0,0.00000000,39083,39085,61,0.00078396
1773324908.94170332,0.02582590,6107,0.00036832,0.00000000,0,0.00000000,39085,39095,61,0.00144004
1773324909.04166460,0.05255361,6106,0.00074265,0.00000000,0,0.00000000,39095,39093,62,0.00078935
1773324909.14166522,0.04705700,6071,0.00046762,0.00000000,0,0.00000000,39093,39097,54,0.00082790
1773324909.24150896,0.02878937,6120,0.00013025,0.00000000,0,0.00000000,39097,39099,52,0.00084636
1773324909.34154296,0.01955943,6127,0.00013578,0.00000000,0,0.00000000,39099,39104,58,0.00079483
1773324909.44173789,0.02195364,6058,0.00023004,0.00000000,0,0.00000000,39104,39111,61,0.00180970
1773324909.54152799,0.02765137,6098,0.00019530,0.00000000,0,0.00000000,39111,39098,66,0.00232053
1773324909.64158010,0.02114051,6099,0.00023828,0.00000000,0,0.00000000,39098,39105,79,0.00197435
1773324909.74160743,0.02114701,6121,0.00013146,0.00000000,0,0.00000000,39105,39101,58,0.00250696
1773324909.84163046,0.02172207,6054,0.00015207,0.00000000,0,0.00000000,39101,39097,56,0.00085486
1773324909.94144416,0.02066518,6123,0.00010284,0.00000000,0,0.00000000,39097,39101,47,0.00178500
1773324910.04157090,0.05201731,6077,0.00059714,0.00000000,0,0.00000000,39101,39098,64,0.00149357
1773324910.14161038,0.04658058,6070,0.00024050,0.00000000,0,0.00000000,39098,39100,60,0.00080548
1773324910.24187827,0.03209712,6068,0.00022988,0.00000000,0,0.00000000,39100,39102,60,0.00089516
1773324910.34216690,0.03132385,6080,0.00029559,0.00000000,0,0.00000000,39102,39099,60,0.00082633
1773324910.44290757,0.02103876,6056,0.00016345,0.00000000,0,0.00000000,39099,39101,63,0.00183547
1773324910.54279423,0.02219445,6059,0.00016232,0.00000000,0,0.00000000,39101,39103,63,0.00180051
1773324910.64285588,0.01989474,6043,0.00019009,0.00000000,0,0.00000000,39103,39111,68,0.00110366
1773324910.74276829,0.02370037,6055,0.00016105,0.00000000,0,0.00000000,39111,39114,70,0.00110628
1773324910.84268427,0.02401460,6080,0.00011675,0.00000000,0,0.00000000,39114,39107,47,0.00092664
1773324910.94270992,0.02484442,6065,0.00014371,0.00000000,0,0.00000000,39107,39112,56,0.00080153
1773324911.04273772,0.05089868,6043,0.00069902,0.00000000,0,0.00000000,39112,39117,62,0.00079959
1773324911.14274549,0.05559821,6029,0.00023546,0.00000000,0,0.00000000,39117,39112,61,0.00085283
1773324911.24272823,0.02417659,6034,0.00020287,0.00000000,0,0.00000000,39112,39111,62,0.00082191
1773324911.34268212,0.02719833,6026,0.00025596,0.00000000,0,0.00000000,39111,39120,63,0.00163609
1773324911.44248772,0.02621346,6055,0.00022353,0.00000000,0,0.00000000,39120,39127,77,0.00116454
1773324911.54245758,0.02964757,6062,0.00031494,0.00000000,0,0.00000000,39127,39131,81,0.00153149
1773324911.64272165,0.02473006,6055,0.00016042,0.00000000,0,0.00000000,39131,39137,67,0.00102010
1773324911.74265957,0.02464800,6063,0.00020145,0.00000000,0,0.00000000,39137,39133,71,0.00097674
1773324911.84244514,0.02394101,6071,0.00013403,0.00000000,0,0.00000000,39133,39139,60,0.00131099
1773324911.94239736,0.02052542,6049,0.00014538,0.00000000,0,0.00000000,39139,39137,62,0.00160097
1773324912.04244685,0.04594113,6082,0.00055359,0.00000000,0,0.00000000,39137,39126,59,0.00157460
1773324912.14242864,0.05974799,6046,0.00014014,0.00000000,0,0.00000000,39126,39132,49,0.00087366
1773324912.24280047,0.02693888,5971,0.00015111,0.00000000,0,0.00000000,39132,39136,57,0.00130568
1773324912.34248710,0.02645266,6038,0.00015942,0.00000000,0,0.00000000,39136,39140,58,0.00090599
1773324912.44235373,0.02771099,6003,0.00059974,0.00000000,0,0.00000000,39140,39133,64,0.00250009
1773324912.54232502,0.02724758,6021,0.00015794,0.00000000,0,0.00000000,39133,39137,62,0.00306000
1773324912.64229631,0.02641956,5986,0.00016373,0.00000000,0,0.00000000,39137,39139,64,0.00282680
1773324912.74215913,0.02035979,6021,0.00014497,0.00000000,0,0.00000000,39139,39149,74,0.00077847
1773324912.84216213,0.02113649,5980,0.00018818,0.00000000,0,0.00000000,39149,39145,56,0.00092085
1773324912.94203639,0.02064783,6058,0.00015949,0.00000000,0,0.00000000,39145,39143,77,0.00080075
1773324913.04204440,0.05245096,6023,0.00066420,0.00000000,0,0.00000000,39143,39149,73,0.00086302
1773324913.14200091,0.05523270,6040,0.00020471,0.00000000,0,0.00000000,39149,39154,58,0.00082189
1773324913.24205399,0.02433348,5973,0.00018971,0.00000000,0,0.00000000,39154,39154,65,0.00077211
1773324913.34189701,0.03196445,5997,0.00056122,0.00000000,0,0.00000000,39154,39153,61,0.00082383
1773324913.44189668,0.02068530,5992,0.00019296,0.00000000,0,0.00000000,39153,39155,78,0.00119853
1773324913.54177928,0.02243379,6018,0.00024484,0.00000000,0,0.00000000,39155,39152,74,0.00126207
1773324913.64175534,0.02393375,5999,0.00023428,0.00000000,0,0.00000000,39152,39158,68,0.00152120
1773324913.74179268,0.02034938,6030,0.00014796,0.00000000,0,0.00000000,39158,39159,63,0.00095085
1773324913.84178519,0.01826429,6003,0.00015960,0.00000000,0,0.00000000,39159,39166,58,0.00169210
1773324913.94180894,0.02298404,6033,0.00042653,0.00000000,0,0.00000000,39166,39170,71,0.00078813
1773324914.04175639,0.05305217,6009,0.00069729,0.00000000,0,0.00000000,39170,39172,63,0.00080366
1773324914.14174652,0.05341545,6014,0.00071954,0.00000000,0,0.00000000,39172,39178,61,0.00083448
1773324914.24186754,0.02403632,5972,0.00026650,0.00000000,0,0.00000000,39178,39182,68,0.00089104
1773324914.34151673,0.02459355,6010,0.00025508,0.00000000,0,0.00000000,39182,39160,58,0.00152470
1773324914.44151521,0.02988018,6029,0.00074780,0.00000000,0,0.00000000,39160,39146,73,0.00184740
1773324914.54169655,0.03177444,6006,0.00022312,0.00000000,0,0.00000000,39146,39138,63,0.00230257
1773324914.64165068,0.03056916,5955,0.00029383,0.00000000,0,0.00000000,39138,39137,78,0.00242671
1773324914.74166059,0.01838072,5960,0.00012527,0.00000000,0,0.00000000,39137,39135,64,0.00108869
1773324914.84171557,0.02663006,6010,0.00013792,0.00000000,0,0.00000000,39135,39140,64,0.00082961
1773324914.94204187,0.02273837,5957,0.00013262,0.00000000,0,0.00000000,39140,39139,52,0.00278835
1773324915.04212022,0.02676085,5980,0.00064535,0.00000000,0,0.00000000,39139,39144,71,0.00144557
1773324915.14207268,0.05082644,5948,0.00070826,0.00000000,0,0.00000000,39144,39127,65,0.00078889
1773324915.24188852,0.05284436,5977,0.00059452,0.00000000,0,0.00000000,39127,39131,64,0.00077002
1773324915.34198570,0.02260965,5951,0.00021435,0.00000000,0,0.00000000,39131,39128,61,0.00080236
1773324915.44193816,0.03945435,5972,0.00025437,0.00000000,0,0.00000000,39128,39132,59,0.00078093
1773324915.54283762,0.02877673,5982,0.00016490,0.00000000,0,0.00000000,39132,39133,55,0.00079454
1773324915.64278722,0.02852777,6009,0.00015513,0.00000000,0,0.00000000,39133,39139,56,0.00269239
1773324915.74286389,0.02392989,5933,0.00010987,0.00000000,0,0.00000000,39139,39141,58,0.00086816
1773324915.84182191,0.02043505,6008,0.00011573,0.00000000,0,0.00000000,39141,39146,55,0.00289196
1773324915.94285131,0.01955074,5917,0.00011659,0.00000000,0,0.00000000,39146,39152,56,0.00085356
1773324916.04268909,0.04319526,5987,0.00062813,0.00000000,0,0.00000000,39152,39149,57,0.00083447
1773324916.14274383,0.03943817,5956,0.00050940,0.00000000,0,0.00000000,39149,39150,70,0.00081202
1773324916.24274421,0.02866461,5953,0.00014181,0.00000000,0,0.00000000,39150,39155,53,0.00084716
1773324916.34271860,0.02033707,5962,0.00020374,0.00000000,0,0.00000000,39155,39153,81,0.00083006
1773324916.44270182,0.02504395,5938,0.00015304,0.00000000,0,0.00000000,39153,39151,57,0.00227623
1773324916.54251862,0.02437854,5974,0.00018593,0.00000000,0,0.00000000,39151,39153,63,0.00354229
1773324916.64251113,0.02383472,5966,0.00017178,0.00000000,0,0.00000000,39153,39150,78,0.00184612
1773324916.74250984,0.02513956,5956,0.00021236,0.00000000,0,0.00000000,39150,39153,69,0.00108842
1773324916.84258175,0.02370430,5974,0.00015755,0.00000000,0,0.00000000,39153,39147,71,0.00172341
1773324916.94237781,0.02084277,5970,0.00015774,0.00000000,0,0.00000000,39147,39150,63,0.00080050
1773324917.04147887,0.04069153,5979,0.00021105,0.00000000,0,0.00000000,39150,39137,57,0.00083184
1773324917.14240575,0.04290718,5979,0.00042383,0.00000000,0,0.00000000,39137,39143,45,0.00166510
1773324917.24226022,0.01940203,5972,0.00016393,0.00000000,0,0.00000000,39143,39142,64,0.00077178
1773324917.34236670,0.02354588,5998,0.00019474,0.00000000,0,0.00000000,39142,39145,65,0.00080979
1773324917.44236255,0.02167639,6000,0.00019959,0.00000000,0,0.00000000,39145,39138,65,0.00192913
1773324917.54234695,0.01943800,6006,0.00012681,0.00000000,0,0.00000000,39138,39134,52,0.00172763
1773324917.64235163,0.02070080,6029,0.00014386,0.00000000,0,0.00000000,39134,39137,61,0.00188871
1773324917.74233079,0.02196163,5956,0.00014427,0.00000000,0,0.00000000,39137,39145,52,0.00153392
1773324917.84216642,0.02034629,6007,0.00014622,0.00000000,0,0.00000000,39145,39145,70,0.00152727
1773324917.94225597,0.02034733,5979,0.00013916,0.00000000,0,0.00000000,39145,39143,61,0.00080120
1773324918.04216957,0.04809798,5983,0.00066085,0.00000000,0,0.00000000,39143,39144,70,0.00079795
1773324918.14207006,0.04420948,5976,0.00076623,0.00000000,0,0.00000000,39144,39138,70,0.00151975
1773324918.24207306,0.02742972,5992,0.00021237,0.00000000,0,0.00000000,39138,39142,74,0.00092881
1773324918.34191585,0.02059791,5994,0.00016565,0.00000000,0,0.00000000,39142,39142,66,0.00080979
1773324918.44188309,0.02197078,5977,0.00015805,0.00000000,0,0.00000000,39142,39145,53,0.00143163
1773324918.54192519,0.02392983,6002,0.00015361,0.00000000,0,0.00000000,39145,39149,57,0.00237986
1773324918.64196396,0.02399415,5958,0.00031162,0.00000000,0,0.00000000,39149,39146,54,0.00165422
1773324918.74176359,0.01813597,5997,0.00015628,0.00000000,0,0.00000000,39146,39153,79,0.00158155
1773324918.84177327,0.02611596,6004,0.00014286,0.00000000,0,0.00000000,39153,39155,66,0.00092816
1773324918.94179988,0.02024169,6012,0.00013325,0.00000000,0,0.00000000,39155,39150,61,0.00087101
1773324919.04180241,0.04080516,5962,0.00050123,0.00000000,0,0.00000000,39150,39150,57,0.00082925
1773324919.14164400,0.05393386,6013,0.00023386,0.00000000,0,0.00000000,39150,39153,75,0.00080174
1773324919.24177170,0.02007430,5936,0.00017897,0.00000000,0,0.00000000,39153,39154,70,0.00081692
1773324919.34172606,0.02322042,5980,0.00018130,0.00000000,0,0.00000000,39154,39154,71,0.00078333
1773324919.44165921,0.02419591,5987,0.00020784,0.00000000,0,0.00000000,39154,39148,61,0.00180344
1773324919.54163218,0.02411720,5975,0.00014892,0.00000000,0,0.00000000,39148,39151,59,0.00173522
1773324919.64158916,0.02371073,6004,0.00022204,0.00000000,0,0.00000000,39151,39145,82,0.00075334
1773324919.74154377,0.02885834,6043,0.00016469,0.00000000,0,0.00000000,39145,39147,60,0.00097523
1773324919.84163809,0.02699820,5944,0.00024110,0.00000000,0,0.00000000,39147,39148,70,0.00087314
1773324919.94157624,0.02494276,6001,0.00015242,0.00000000,0,0.00000000,39148,39150,68,0.00081072
1773324920.04148650,0.05217084,5934,0.00054663,0.00000000,0,0.00000000,39150,39151,62,0.00076224
1773324920.14155912,0.05586531,6028,0.00055524,0.00000000,0,0.00000000,39151,39156,53,0.00146969
1773324920.24204731,0.03010547,5967,0.00019846,0.00000000,0,0.00000000,39156,39160,59,0.00117427
1773324920.34210229,0.03200853,5952,0.00055173,0.00000000,0,0.00000000,39160,39158,66,0.00109408
1773324920.44204760,0.02628544,6007,0.00057755,0.00000000,0,0.00000000,39158,39161,60,0.00305152
1773324920.54285216,0.04832988,5995,0.00026401,0.00000000,0,0.00000000,39161,39163,60,0.00244007
1773324920.64291906,0.02853870,5994,0.00021868,0.00000000,0,0.00000000,39163,39170,66,0.00400117
1773324920.74288797,0.02329197,5969,0.00017032,0.00000000,0,0.00000000,39170,39175,61,0.00185855
1773324920.84290433,0.02323463,5968,0.00016505,0.00000000,0,0.00000000,39175,39172,71,0.00152895
1773324920.94275594,0.02973698,5994,0.00021319,0.00000000,0,0.00000000,39172,39171,59,0.00225402
1773324921.04280925,0.02313311,5970,0.00012508,0.00000000,0,0.00000000,39171,39171,54,0.00150603
1773324921.14278507,0.02033637,5993,0.00012493,0.00000000,0,0.00000000,39171,39173,55,0.00079545
1773324921.24265647,0.01817005,5915,0.00011444,0.00000000,0,0.00000000,39173,39180,51,0.00148908
1773324921.34175467,0.02415220,6034,0.00025865,0.00000000,0,0.00000000,39180,39171,71,0.00141159
1773324921.44263482,0.03973559,5942,0.00019270,0.00000000,0,0.00000000,39171,39174,55,0.00078597
1773324921.54251266,0.02139688,6005,0.00017894,0.00000000,0,0.00000000,39174,39178,59,0.00133730
1773324921.64251971,0.02167942,5969,0.00015799,0.00000000,0,0.00000000,39178,39179,69,0.00076360
1773324921.74246264,0.02143186,6013,0.00016501,0.00000000,0,0.00000000,39179,39179,65,0.00078826
1773324921.84253526,0.02060487,5979,0.00017310,0.00000000,0,0.00000000,39179,39181,79,0.00186410
1773324921.94247460,0.01775697,5975,0.00013970,0.00000000,0,0.00000000,39181,39178,57,0.00078836
1773324922.04246569,0.04239595,6014,0.00064675,0.00000000,0,0.00000000,39178,39180,68,0.00089805
1773324922.14243364,0.05222737,5998,0.00055181,0.00000000,0,0.00000000,39180,39182,57,0.00086177
1773324922.24232125,0.03536769,6054,0.00020154,0.00000000,0,0.00000000,39182,39170,56,0.00081520
1773324922.34230375,0.02520660,6013,0.00026914,0.00000000,0,0.00000000,39170,39171,66,0.00081935
1773324922.44244504,0.01924419,5997,0.00011001,0.00000000,0,0.00000000,39171,39176,55,0.00259409
1773324922.54241943,0.02303603,5969,0.00015126,0.00000000,0,0.00000000,39176,39170,56,0.00219025
1773324922.64224625,0.02383592,6027,0.00013976,0.00000000,0,0.00000000,39170,39167,71,0.00180351
1773324922.74227166,0.02273647,5989,0.00010478,0.00000000,0,0.00000000,39167,39165,43,0.00078083
1773324922.84358478,0.02299831,5967,0.00013080,0.00000000,0,0.00000000,39165,39170,50,0.00167039
1773324922.94211245,0.02256431,6034,0.00011287,0.00000000,0,0.00000000,39170,39174,53,0.00078400
1773324923.04224205,0.06024949,5928,0.00045418,0.00000000,0,0.00000000,39174,39181,53,0.00149312
1773324923.14205241,0.06373647,5990,0.00064748,0.00000000,0,0.00000000,39181,39184,68,0.00082186
1773324923.24207330,0.03066732,5992,0.00025193,0.00000000,0,0.00000000,39184,39187,85,0.00082148
1773324923.34210730,0.03237155,5957,0.00030833,0.00000000,0,0.00000000,39187,39188,59,0.00082917
1773324923.44189239,0.04024729,5942,0.00059820,0.00000000,0,0.00000000,39188,39183,64,0.00185505
1773324923.54195809,0.04390735,6005,0.00018196,0.00000000,0,0.00000000,39183,39187,59,0.00151130
1773324923.64204121,0.02567734,5970,0.00015132,0.00000000,0,0.00000000,39187,39196,61,0.00259034
1773324923.74213719,0.02082419,5960,0.00018875,0.00000000,0,0.00000000,39196,39201,62,0.00216302
1773324923.84205341,0.01967157,5961,0.00012310,0.00000000,0,0.00000000,39201,39201,56,0.00084102
1773324923.94228387,0.02310276,5956,0.00013550,0.00000000,0,0.00000000,39201,39196,67,0.00274229
1773324924.04264235,0.02665003,5873,0.00014950,0.00000000,0,0.00000000,39196,39192,54,0.00081908
1773324924.14195681,0.04718469,5910,0.00067527,0.00000000,0,0.00000000,39192,39191,68,0.00082314
1773324924.24204087,0.04540284,5943,0.00019236,0.00000000,0,0.00000000,39191,39180,65,0.00081922
1773324924.34254456,0.03901669,5849,0.00062897,0.00000000,0,0.00000000,39180,39182,69,0.00080276
1773324924.44194770,0.01870867,5910,0.00011571,0.00000000,0,0.00000000,39182,39183,55,0.00096336
1773324924.54197574,0.02091374,5921,0.00016762,0.00000000,0,0.00000000,39183,39171,57,0.00101961
1773324924.64262748,0.02022186,5848,0.00012337,0.00000000,0,0.00000000,39171,39172,62,0.00218766
1773324924.74171209,0.01866192,5886,0.00013225,0.00000000,0,0.00000000,39172,39177,65,0.00103964
1773324924.84191179,0.02310559,5900,0.00018660,0.00000000,0,0.00000000,39177,39167,66,0.00073941
1773324924.94229913,0.02485603,5887,0.00016989,0.00000000,0,0.00000000,39167,39176,66,0.00079115
1773324925.04168606,0.05142782,5931,0.00052287,0.00000000,0,0.00000000,39176,39181,52,0.00090013
1773324925.14258814,0.04933444,5823,0.00053815,0.00000000,0,0.00000000,39181,39187,64,0.00097998
1773324925.24185467,0.04687269,5953,0.00020700,0.00000000,0,0.00000000,39187,39191,74,0.00076822
1773324925.34291053,0.02404461,5863,0.00023838,0.00000000,0,0.00000000,39191,39198,68,0.00106521
1773324925.44233775,0.02380445,5920,0.00023710,0.00000000,0,0.00000000,39198,39200,64,0.00167302
1773324925.54219270,0.03524370,5894,0.00067114,0.00000000,0,0.00000000,39200,39204,61,0.00244954
1773324925.64240313,0.02463711,5942,0.00015653,0.00000000,0,0.00000000,39204,39200,58,0.00238776
1773324925.74168587,0.01868168,5924,0.00014987,0.00000000,0,0.00000000,39200,39202,63,0.00170232
1773324925.84164691,0.02404589,5882,0.00013186,0.00000000,0,0.00000000,39202,39199,48,0.00079619
1773324925.94184399,0.01876500,5954,0.00016613,0.00000000,0,0.00000000,39199,39197,72,0.00095318
1773324926.04290819,0.02055572,5879,0.00014999,0.00000000,0,0.00000000,39197,39198,66,0.00107966
1773324926.14207077,0.02153148,5927,0.00014483,0.00000000,0,0.00000000,39198,39191,53,0.00145387
1773324926.24279070,0.04529575,5884,0.00017619,0.00000000,0,0.00000000,39191,39189,60,0.00110247
1773324926.34216404,0.03939854,5956,0.00054991,0.00000000,0,0.00000000,39189,39197,64,0.00075798
1773324926.44307065,0.02469332,5892,0.00018210,0.00000000,0,0.00000000,39197,39192,52,0.00082633
1773324926.54202747,0.02538247,5909,0.00021982,0.00000000,0,0.00000000,39192,39192,60,0.00074667
1773324926.64182448,0.02381515,5903,0.00016574,0.00000000,0,0.00000000,39192,39195,64,0.00148863
1773324926.74219728,0.01991060,5919,0.00010543,0.00000000,0,0.00000000,39195,39199,59,0.00164515
1773324926.84276748,0.01697735,5862,0.00013215,0.00000000,0,0.00000000,39199,39186,56,0.00148081
1773324926.94202042,0.01710359,5917,0.00012031,0.00000000,0,0.00000000,39186,39188,64,0.00081008
1773324927.04288650,0.03902596,5847,0.00056332,0.00000000,0,0.00000000,39188,39176,66,0.00080944
1773324927.14186645,0.05078149,5976,0.00066133,0.00000000,0,0.00000000,39176,39181,61,0.00083034
1773324927.24276137,0.05114440,5880,0.00020461,0.00000000,0,0.00000000,39181,39173,60,0.00080004
1773324927.34166718,0.01968233,5984,0.00020739,0.00000000,0,0.00000000,39173,39178,77,0.00078431
1773324927.44265819,0.02581038,5890,0.00035445,0.00000000,0,0.00000000,39178,39184,57,0.00279231
1773324927.54164290,0.02807512,5939,0.00022534,0.00000000,0,0.00000000,39184,39175,74,0.00266618
1773324927.64233351,0.02365131,5876,0.00016148,0.00000000,0,0.00000000,39175,39176,58,0.00239662
1773324927.74215794,0.02256122,5893,0.00014094,0.00000000,0,0.00000000,39176,39173,62,0.00088554
1773324927.84208727,0.02453255,5952,0.00017468,0.00000000,0,0.00000000,39173,39168,70,0.00078067
1773324927.94276357,0.02315776,5899,0.00012832,0.00000000,0,0.00000000,39168,39173,66,0.00152217
1773324928.04201317,0.04616932,5966,0.00060123,0.00000000,0,0.00000000,39173,39176,58,0.00085677
1773324928.14250183,0.04707348,5932,0.00057067,0.00000000,0,0.00000000,39176,39175,60,0.00073534
1773324928.24204588,0.02651810,5931,0.00015991,0.00000000,0,0.00000000,39175,39179,59,0.00152378
1773324928.34219694,0.01997682,5922,0.00037485,0.00000000,0,0.00000000,39179,39179,64,0.00077433
1773324928.44290757,0.02255308,5813,0.00019844,0.00000000,0,0.00000000,39179,39167,57,0.00218591
1773324928.54177451,0.01891370,5952,0.00013947,0.00000000,0,0.00000000,39167,39169,59,0.00163778
1773324928.64252043,0.01785892,5930,0.00012837,0.00000000,0,0.00000000,39169,39176,68,0.00149839
1773324928.74213243,0.01798718,5916,0.00016173,0.00000000,0,0.00000000,39176,39173,70,0.00077572
1773324928.84212017,0.02080304,5941,0.00014671,0.00000000,0,0.00000000,39173,39171,63,0.00164578
1773324928.94179153,0.02188243,5930,0.00013989,0.00000000,0,0.00000000,39171,39172,66,0.00080359
1773324929.04157972,0.04870562,5962,0.00048178,0.00000000,0,0.00000000,39172,39174,50,0.00083255
1773324929.14235163,0.04895083,5956,0.00054639,0.00000000,0,0.00000000,39174,39179,65,0.00071376
1773324929.24197602,0.05213210,5922,0.00019073,0.00000000,0,0.00000000,39179,39176,52,0.00081545
1773324929.34155941,0.02601860,5970,0.00021417,0.00000000,0,0.00000000,39176,39172,63,0.00148524
1773324929.44234300,0.01935246,5933,0.00035712,0.00000000,0,0.00000000,39172,39179,59,0.00255678
1773324929.54197431,0.03617993,5948,0.00019553,0.00000000,0,0.00000000,39179,39186,64,0.00152546
1773324929.64169669,0.02357058,5977,0.00017488,0.00000000,0,0.00000000,39186,39187,57,0.00164157
1773324929.74225116,0.02510533,5909,0.00021881,0.00000000,0,0.00000000,39187,39183,66,0.00147267
1773324929.84163761,0.02515939,5981,0.00015833,0.00000000,0,0.00000000,39183,39179,56,0.00152126
1773324929.94209862,0.02433449,5988,0.00017834,0.00000000,0,0.00000000,39179,39187,56,0.00259027
1773324930.04277730,0.04980119,5899,0.00062711,0.00000000,0,0.00000000,39187,39188,65,0.00075717
1773324930.14308763,0.05079169,5876,0.00068091,0.00000000,0,0.00000000,39188,39187,64,0.00148656
1773324930.24161601,0.03865372,5954,0.00021112,0.00000000,0,0.00000000,39187,39197,60,0.00149232
1773324930.34225440,0.02926446,5924,0.00037181,0.00000000,0,0.00000000,39197,39195,62,0.00078471
1773324930.44273734,0.03075516,5864,0.00024159,0.00000000,0,0.00000000,39195,39200,71,0.00083986
1773324930.54156208,0.02608563,5980,0.00022162,0.00000000,0,0.00000000,39200,39201,67,0.00079590
1773324930.64221668,0.02300468,5903,0.00012803,0.00000000,0,0.00000000,39201,39193,54,0.00239380
1773324930.74245405,0.02275397,5945,0.00014933,0.00000000,0,0.00000000,39193,39191,61,0.00164315
1773324930.84208918,0.02268398,5924,0.00012699,0.00000000,0,0.00000000,39191,39190,63,0.00295820
1773324930.94190788,0.01984358,5988,0.00011923,0.00000000,0,0.00000000,39190,39182,55,0.00113661
1773324931.04257131,0.04220555,5923,0.00062331,0.00000000,0,0.00000000,39182,39190,70,0.00080040
1773324931.14191365,0.04096707,5907,0.00060861,0.00000000,0,0.00000000,39190,39193,52,0.00076319
1773324931.24154639,0.02858513,6002,0.00016541,0.00000000,0,0.00000000,39193,39201,60,0.00072197
1773324931.34214640,0.02097099,5932,0.00020374,0.00000000,0,0.00000000,39201,39202,75,0.00083938
1773324931.44266748,0.03847585,5945,0.00017247,0.00000000,0,0.00000000,39202,39209,64,0.00167355
1773324931.54165840,0.02645046,5963,0.00017278,0.00000000,0,0.00000000,39209,39216,76,0.00171656
1773324931.64234447,0.01985741,5983,0.00015426,0.00000000,0,0.00000000,39216,39215,71,0.00252777
1773324931.74238634,0.02613284,5914,0.00013355,0.00000000,0,0.00000000,39215,39212,56,0.00132066
1773324931.84177232,0.02388523,5963,0.00018809,0.00000000,0,0.00000000,39212,39207,77,0.00206426
1773324931.94210553,0.02275197,5882,0.00011531,0.00000000,0,0.00000000,39207,39209,57,0.00085532
1773324932.04187250,0.04645456,5958,0.00056801,0.00000000,0,0.00000000,39209,39211,54,0.00122378
1773324932.14244151,0.04889546,5921,0.00054559,0.00000000,0,0.00000000,39211,39210,50,0.00093964
1773324932.24177146,0.04402559,5958,0.00013472,0.00000000,0,0.00000000,39210,39209,52,0.00081115
1773324932.34210801,0.02680107,5906,0.00019688,0.00000000,0,0.00000000,39209,39210,64,0.00081042
1773324932.44180274,0.02970268,5965,0.00041258,0.00000000,0,0.00000000,39210,39209,76,0.00294131
1773324932.54234886,0.02169909,5967,0.00051395,0.00000000,0,0.00000000,39209,39203,60,0.00252071
1773324932.64266706,0.04314232,5963,0.00050495,0.00000000,0,0.00000000,39203,39206,49,0.00176584
1773324932.74213409,0.02286002,5889,0.00018467,0.00000000,0,0.00000000,39206,39214,64,0.00154177
1773324932.84169316,0.01764429,5982,0.00015194,0.00000000,0,0.00000000,39214,39214,72,0.00218830
1773324932.94221449,0.01729011,5965,0.00014462,0.00000000,0,0.00000000,39214,39221,61,0.00191630
1773324933.04247713,0.01772003,5918,0.00012580,0.00000000,0,0.00000000,39221,39214,52,0.00277028
1773324933.14184642,0.02010847,5941,0.00015679,0.00000000,0,0.00000000,39214,39212,52,0.00212711
1773324933.24155879,0.02011175,5977,0.00020359,0.00000000,0,0.00000000,39212,39206,74,0.00161021
1773324933.34190702,0.02040268,5878,0.00016055,0.00000000,0,0.00000000,39206,39217,73,0.00084676
1773324933.44589806,0.02052518,6029,0.00018575,0.00000000,0,0.00000000,39217,39218,79,0.00081876
1773324933.54265285,0.02110044,5893,0.00017357,0.00000000,0,0.00000000,39218,39222,75,0.00081698
1773324933.64161444,0.03386951,5970,0.00060816,0.00000000,0,0.00000000,39222,39230,65,0.00077071
1773324933.74175239,0.02018880,5949,0.00016878,0.00000000,0,0.00000000,39230,39218,63,0.00094422
1773324933.84224033,0.02560508,5950,0.00019962,0.00000000,0,0.00000000,39218,39216,45,0.00082769
1773324933.94252253,0.02220648,5989,0.00024984,0.00000000,0,0.00000000,39216,39224,79,0.00145621
1773324934.04182243,0.02050574,5954,0.00012912,0.00000000,0,0.00000000,39224,39217,51,0.00076907
1773324934.14257812,0.01985658,5957,0.00013138,0.00000000,0,0.00000000,39217,39226,70,0.00080089
1773324934.24171400,0.02341559,5949,0.00019115,0.00000000,0,0.00000000,39226,39227,74,0.00081514
1773324934.34217191,0.02708725,5950,0.00042559,0.00000000,0,0.00000000,39227,39217,67,0.00150334
1773324934.44241428,0.02999100,5950,0.00028318,0.00000000,0,0.00000000,39217,39214,75,0.00130233
1773324934.54257345,0.03106130,5934,0.00015267,0.00000000,0,0.00000000,39214,39221,68,0.00144720
1773324934.64204931,0.03051743,5862,0.00024806,0.00000000,0,0.00000000,39221,39223,53,0.00082254
1773324934.74156189,0.02798929,5925,0.00029591,0.00000000,0,0.00000000,39223,39210,70,0.00107354
1773324934.84189630,0.02609780,5912,0.00021604,0.00000000,0,0.00000000,39210,39219,71,0.00143748
1773324934.94228435,0.01904697,5888,0.00013892,0.00000000,0,0.00000000,39219,39221,60,0.00169732
1773324935.04246736,0.01851037,5981,0.00017046,0.00000000,0,0.00000000,39221,39218,72,0.00144454
1773324935.14293694,0.03385347,5892,0.00083144,0.00000000,0,0.00000000,39218,39221,72,0.00171152
1773324935.24172902,0.05782080,5893,0.00072518,0.00000000,0,0.00000000,39221,39216,62,0.00160399
1773324935.34166527,0.02480628,5967,0.00024883,0.00000000,0,0.00000000,39216,39221,45,0.00080865
1773324935.44199014,0.02706740,5982,0.00016893,0.00000000,0,0.00000000,39221,39209,58,0.00082975
1773324935.54246163,0.01942407,5939,0.00016504,0.00000000,0,0.00000000,39209,39218,57,0.00073782
1773324935.64254689,0.01800745,5951,0.00012968,0.00000000,0,0.00000000,39218,39200,58,0.00230021
1773324935.74183512,0.01991604,5942,0.00014595,0.00000000,0,0.00000000,39200,39210,66,0.00082862
1773324935.84175420,0.02299274,5922,0.00017103,0.00000000,0,0.00000000,39210,39210,51,0.00274068
1773324935.94176364,0.02457305,5993,0.00019827,0.00000000,0,0.00000000,39210,39218,72,0.00074326
1773324936.04206443,0.04134531,6000,0.00051272,0.00000000,0,0.00000000,39218,39225,64,0.00078626
1773324936.14242387,0.04266930,5990,0.00064756,0.00000000,0,0.00000000,39225,39218,55,0.00082478
1773324936.24256563,0.02487253,5940,0.00017956,0.00000000,0,0.00000000,39218,39225,66,0.00079900
1773324936.34276819,0.02122772,5907,0.00019990,0.00000000,0,0.00000000,39225,39232,62,0.00148980
1773324936.44156289,0.02555250,5916,0.00067995,0.00000000,0,0.00000000,39232,39194,62,0.00276944
1773324936.54167891,0.02744882,5977,0.00017450,0.00000000,0,0.00000000,39194,39200,69,0.00248829
1773324936.64195681,0.02257790,6025,0.00018330,0.00000000,0,0.00000000,39200,39188,65,0.00294958
1773324936.74239683,0.01948625,5917,0.00014271,0.00000000,0,0.00000000,39188,39187,63,0.00151176
1773324936.84245610,0.01875779,5918,0.00009771,0.00000000,0,0.00000000,39187,39188,44,0.00093291
1773324936.94263649,0.02280676,5970,0.00015594,0.00000000,0,0.00000000,39188,39193,63,0.00083131
1773324937.04305220,0.02803286,5982,0.00027095,0.00000000,0,0.00000000,39193,39185,68,0.00080017
1773324937.14215493,0.03360268,5939,0.00054255,0.00000000,0,0.00000000,39185,39186,52,0.00152027
1773324937.24162841,0.05539851,6005,0.00031588,0.00000000,0,0.00000000,39186,39189,75,0.00080558
1773324937.34190369,0.02936516,5995,0.00013551,0.00000000,0,0.00000000,39189,39196,57,0.00081588
1773324937.44211578,0.02480257,5930,0.00021032,0.00000000,0,0.00000000,39196,39197,69,0.00081310
1773324937.54241276,0.01878210,5925,0.00013937,0.00000000,0,0.00000000,39197,39197,56,0.00076220
1773324937.64163208,0.01701109,6019,0.00015240,0.00000000,0,0.00000000,39197,39198,64,0.00406756
1773324937.74272776,0.02647950,5943,0.00018859,0.00000000,0,0.00000000,39198,39202,71,0.00136502
1773324937.84204078,0.02349802,5922,0.00019361,0.00000000,0,0.00000000,39202,39206,72,0.00145769
1773324937.94157076,0.02225768,6002,0.00023749,0.00000000,0,0.00000000,39206,39195,66,0.00147169
1773324938.04184222,0.05236367,5950,0.00051874,0.00000000,0,0.00000000,39195,39202,60,0.00070715
1773324938.14200592,0.04075059,5978,0.00065061,0.00000000,0,0.00000000,39202,39209,71,0.00148920
1773324938.24227309,0.03230350,5968,0.00020765,0.00000000,0,0.00000000,39209,39215,55,0.00084419
1773324938.34258938,0.02060716,5929,0.00018688,0.00000000,0,0.00000000,39215,39214,75,0.00082345
1773324938.44253421,0.02245147,5969,0.00018222,0.00000000,0,0.00000000,39214,39212,51,0.00211833
1773324938.54281974,0.02457352,5943,0.00016709,0.00000000,0,0.00000000,39212,39217,63,0.00161854
1773324938.64208817,0.02478602,5866,0.00016760,0.00000000,0,0.00000000,39217,39214,57,0.00182774
1773324938.74148226,0.02325622,5986,0.00017220,0.00000000,0,0.00000000,39214,39217,70,0.00141587
1773324938.84174252,0.02726089,5949,0.00017687,0.00000000,0,0.00000000,39217,39216,62,0.00086010
1773324938.94189048,0.02407822,6007,0.00008914,0.00000000,0,0.00000000,39216,39219,40,0.00113670
1773324939.04213285,0.05299112,5977,0.00048726,0.00000000,0,0.00000000,39219,39220,50,0.00151580
1773324939.14240766,0.05505451,5950,0.00061033,0.00000000,0,0.00000000,39220,39224,56,0.00082837
1773324939.24252367,0.02530788,6016,0.00022377,0.00000000,0,0.00000000,39224,39232,67,0.00079222
1773324939.34269810,0.02484753,5960,0.00020840,0.00000000,0,0.00000000,39232,39216,59,0.00157706
1773324939.44279003,0.05425100,5963,0.00067410,0.00000000,0,0.00000000,39216,39218,57,0.00166676
1773324939.54168773,0.02575773,5890,0.00022297,0.00000000,0,0.00000000,39218,39216,61,0.00167641
1773324939.64161730,0.02167851,6031,0.00027550,0.00000000,0,0.00000000,39216,39217,64,0.00113798
1773324939.74177432,0.02345293,5983,0.00017702,0.00000000,0,0.00000000,39217,39216,66,0.00091687
1773324939.84198427,0.02355811,5978,0.00016054,0.00000000,0,0.00000000,39216,39215,61,0.00284680
1773324939.94224405,0.02421304,5944,0.00015772,0.00000000,0,0.00000000,39215,39212,65,0.00111781
1773324940.04226208,0.05161973,5960,0.00065539,0.00000000,0,0.00000000,39212,39215,59,0.00076822
1773324940.14249682,0.04595873,5924,0.00018855,0.00000000,0,0.00000000,39215,39216,41,0.00085255
1773324940.24278975,0.02396434,5985,0.00019989,0.00000000,0,0.00000000,39216,39212,57,0.00077289
1773324940.34286404,0.02741949,5925,0.00017748,0.00000000,0,0.00000000,39212,39217,57,0.00146921
1773324940.44154596,0.01939581,5920,0.00019023,0.00000000,0,0.00000000,39217,39212,60,0.00275553
1773324940.54167700,0.01983234,5911,0.00018136,0.00000000,0,0.00000000,39212,39214,72,0.00246241
1773324940.64166379,0.02400973,6013,0.00016957,0.00000000,0,0.00000000,39214,39217,62,0.00093479
1773324940.74192739,0.02772473,5984,0.00015634,0.00000000,0,0.00000000,39217,39219,56,0.00089905
1773324940.84195828,0.02305129,6018,0.00018948,0.00000000,0,0.00000000,39219,39220,78,0.00100212
1773324940.94221663,0.02331792,6021,0.00015008,0.00000000,0,0.00000000,39220,39224,59,0.00078751
1773324941.04250431,0.05315117,5953,0.00052911,0.00000000,0,0.00000000,39224,39231,61,0.00149822
1773324941.14252424,0.03811592,5990,0.00015796,0.00000000,0,0.00000000,39231,39238,66,0.00075228
1773324941.24255300,0.02001149,5985,0.00012575,0.00000000,0,0.00000000,39238,39239,53,0.00086785
1773324941.34271240,0.02167012,6040,0.00027721,0.00000000,0,0.00000000,39239,39240,63,0.00077521
1773324941.44300056,0.03102538,5955,0.00051650,0.00000000,0,0.00000000,39240,39244,49,0.00176470
1773324941.54195023,0.02012154,5948,0.00014657,0.00000000,0,0.00000000,39244,39248,60,0.00174227
1773324941.64158964,0.02166149,5964,0.00027853,0.00000000,0,0.00000000,39248,39256,72,0.00226100
1773324941.74165797,0.02389059,5982,0.00014812,0.00000000,0,0.00000000,39256,39258,61,0.00083170
1773324941.84166741,0.02478626,5991,0.00019239,0.00000000,0,0.00000000,39258,39259,68,0.00083507
1773324941.94189787,0.02389741,5998,0.00016785,0.00000000,0,0.00000000,39259,39260,66,0.00082634
1773324942.04212117,0.04971236,5921,0.00063596,0.00000000,0,0.00000000,39260,39270,59,0.00121880
1773324942.14283657,0.04017062,5935,0.00052269,0.00000000,0,0.00000000,39270,39263,62,0.00081378
1773324942.24237156,0.03743216,5964,0.00019508,0.00000000,0,0.00000000,39263,39261,62,0.00149168
1773324942.34257317,0.02086549,5923,0.00020702,0.00000000,0,0.00000000,39261,39262,72,0.00080348
1773324942.44244790,0.04162753,5989,0.00062131,0.00000000,0,0.00000000,39262,39249,68,0.00233436
1773324942.54274440,0.02374505,5900,0.00019053,0.00000000,0,0.00000000,39249,39259,63,0.00207687
1773324942.64151096,0.02441721,6011,0.00020476,0.00000000,0,0.00000000,39259,39256,73,0.00169000
1773324942.74196625,0.02384886,5980,0.00017149,0.00000000,0,0.00000000,39256,39253,63,0.00090963
1773324942.84163332,0.01926120,5928,0.00016285,0.00000000,0,0.00000000,39253,39255,69,0.00177051
1773324942.94160056,0.02157996,5958,0.00014576,0.00000000,0,0.00000000,39255,39262,65,0.00073282
1773324943.04175496,0.04449521,5966,0.00071893,0.00000000,0,0.00000000,39262,39256,63,0.00095111
1773324943.14190555,0.04722903,5968,0.00083563,0.00000000,0,0.00000000,39256,39249,69,0.00077259
1773324943.24207282,0.05508488,5949,0.00027264,0.00000000,0,0.00000000,39249,39248,74,0.00078973
1773324943.34205008,0.02413374,5975,0.00022558,0.00000000,0,0.00000000,39248,39249,82,0.00148078
1773324943.44230390,0.02609129,5983,0.00030705,0.00000000,0,0.00000000,39249,39250,63,0.00244891
1773324943.54250693,0.02717895,5933,0.00024565,0.00000000,0,0.00000000,39250,39247,69,0.00172827
1773324943.64247370,0.02840716,5920,0.00018476,0.00000000,0,0.00000000,39247,39249,69,0.00184966
1773324943.74253440,0.02641964,5942,0.00021417,0.00000000,0,0.00000000,39249,39248,72,0.00141819
1773324943.84270501,0.02529433,5915,0.00024249,0.00000000,0,0.00000000,39248,39235,59,0.00102437
1773324943.94181871,0.02086144,5937,0.00019033,0.00000000,0,0.00000000,39235,39240,64,0.00240085
1773324944.04195142,0.03616232,5947,0.00052299,0.00000000,0,0.00000000,39240,39242,61,0.00157366
1773324944.14238811,0.03993379,5895,0.00066096,0.00000000,0,0.00000000,39242,39240,64,0.00078319
1773324944.24165368,0.03888460,5904,0.00020670,0.00000000,0,0.00000000,39240,39243,61,0.00169861
1773324944.34167147,0.02613536,5938,0.00018993,0.00000000,0,0.00000000,39243,39249,72,0.00107055
1773324944.44163918,0.02402588,5938,0.00017861,0.00000000,0,0.00000000,39249,39253,59,0.00082403
1773324944.54179931,0.02396936,5953,0.00021181,0.00000000,0,0.00000000,39253,39255,70,0.00071292
1773324944.64199305,0.02319086,5928,0.00015139,0.00000000,0,0.00000000,39255,39246,63,0.00236393
1773324944.74226761,0.02045292,5929,0.00022499,0.00000000,0,0.00000000,39246,39238,68,0.00086138
1773324944.84236336,0.02024779,5915,0.00017285,0.00000000,0,0.00000000,39238,39246,63,0.00080028
1773324944.94246626,0.02435530,5923,0.00017875,0.00000000,0,0.00000000,39246,39254,65,0.00081019
1773324945.04257870,0.04163364,5927,0.00042809,0.00000000,0,0.00000000,39254,39256,51,0.00081562
1773324945.14257121,0.04229836,5957,0.00060582,0.00000000,0,0.00000000,39256,39250,61,0.00079981
1773324945.24248910,0.03843225,5959,0.00022355,0.00000000,0,0.00000000,39250,39245,64,0.00077748
1773324945.34270906,0.01973433,5915,0.00017893,0.00000000,0,0.00000000,39245,39248,68,0.00153700
1773324945.44284797,0.02287268,5916,0.00021918,0.00000000,0,0.00000000,39248,39254,57,0.00185533
1773324945.54347157,0.03427268,5957,0.00013924,0.00000000,0,0.00000000,39254,39254,51,0.00255974
1773324945.64164996,0.02178419,5954,0.00016867,0.00000000,0,0.00000000,39254,39259,71,0.00189358
1773324945.74161220,0.02497210,5909,0.00017438,0.00000000,0,0.00000000,39259,39253,61,0.00179005
1773324945.84161878,0.02056590,5949,0.00016977,0.00000000,0,0.00000000,39253,39254,63,0.00086611
1773324945.94176292,0.01760403,5945,0.00011162,0.00000000,0,0.00000000,39254,39262,59,0.00208267
1773324946.04176545,0.01830601,5971,0.00015291,0.00000000,0,0.00000000,39262,39270,61,0.00141946
1773324946.14189720,0.01929402,5941,0.00013088,0.00000000,0,0.00000000,39270,39274,58,0.00154515
1773324946.24203110,0.04313326,5964,0.00063545,0.00000000,0,0.00000000,39274,39281,68,0.00073023
1773324946.34203672,0.02285926,5974,0.00016142,0.00000000,0,0.00000000,39281,39286,75,0.00076270
1773324946.44224954,0.01899742,5935,0.00016380,0.00000000,0,0.00000000,39286,39291,56,0.00081910
1773324946.54236674,0.02015634,5972,0.00022035,0.00000000,0,0.00000000,39291,39297,76,0.00068787
1773324946.64252448,0.01969438,5953,0.00014087,0.00000000,0,0.00000000,39297,39299,67,0.00160951
1773324946.74254680,0.02473502,5962,0.00017083,0.00000000,0,0.00000000,39299,39303,67,0.00084337
1773324946.84265780,0.02335931,5943,0.00014546,0.00000000,0,0.00000000,39303,39305,59,0.00075015
1773324946.94258213,0.02350262,5943,0.00013780,0.00000000,0,0.00000000,39305,39306,62,0.00075885
1773324947.04283333,0.05335808,5892,0.00088331,0.00000000,0,0.00000000,39306,39318,80,0.00152288
1773324947.14281774,0.04790350,5971,0.00061161,0.00000000,0,0.00000000,39318,39316,60,0.00080583
1773324947.24177027,0.02240669,5872,0.00015145,0.00000000,0,0.00000000,39316,39315,59,0.00148602
1773324947.34164023,0.02343839,5915,0.00038528,0.00000000,0,0.00000000,39315,39309,82,0.00080107
1773324947.44174719,0.02668948,5915,0.00061890,0.00000000,0,0.00000000,39309,39317,66,0.00219460
1773324947.54161406,0.02083876,5941,0.00016046,0.00000000,0,0.00000000,39317,39316,72,0.00179111
1773324947.64163423,0.02354883,5962,0.00016135,0.00000000,0,0.00000000,39316,39318,58,0.00180730
1773324947.74178028,0.02263604,5944,0.00019381,0.00000000,0,0.00000000,39318,39318,67,0.00076806
1773324947.84183264,0.02437206,5958,0.00019950,0.00000000,0,0.00000000,39318,39324,70,0.00163004
1773324947.94192839,0.02315445,5968,0.00018059,0.00000000,0,0.00000000,39324,39320,63,0.00078981
1773324948.04210877,0.05279237,5938,0.00077710,0.00000000,0,0.00000000,39320,39314,72,0.00088447
1773324948.14213157,0.05039467,5939,0.00047478,0.00000000,0,0.00000000,39314,39315,44,0.00073098
1773324948.24231148,0.05279226,5959,0.00084510,0.00000000,0,0.00000000,39315,39324,75,0.00148425
1773324948.34242439,0.05229966,5919,0.00032369,0.00000000,0,0.00000000,39324,39296,64,0.00080469
1773324948.44248414,0.02420026,5961,0.00020932,0.00000000,0,0.00000000,39296,39294,77,0.00291208
1773324948.54250956,0.03586315,5967,0.00054885,0.00000000,0,0.00000000,39294,39301,65,0.00287167
1773324948.64266443,0.02776409,5964,0.00022701,0.00000000,0,0.00000000,39301,39299,64,0.00287123
1773324948.74262762,0.02201245,5952,0.00015565,0.00000000,0,0.00000000,39299,39300,59,0.00250191
1773324948.84164405,0.01746831,5964,0.00011573,0.00000000,0,0.00000000,39300,39303,53,0.00086880
1773324948.94280005,0.01934968,6014,0.00016895,0.00000000,0,0.00000000,39303,39308,74,0.00124672
1773324949.04288411,0.02075079,6019,0.00017516,0.00000000,0,0.00000000,39308,39310,62,0.00085032
1773324949.14192271,0.02009055,6040,0.00014080,0.00000000,0,0.00000000,39310,39307,65,0.00078699
1773324949.24200916,0.01729746,6027,0.00016496,0.00000000,0,0.00000000,39307,39309,65,0.00082891
1773324949.34198093,0.02276570,6037,0.00018502,0.00000000,0,0.00000000,39309,39291,64,0.00076141
1773324949.44162321,0.03273385,5994,0.00022408,0.00000000,0,0.00000000,39291,39294,75,0.00079323
1773324949.54157424,0.02165219,6045,0.00012734,0.00000000,0,0.00000000,39294,39302,56,0.00072480
1773324949.64154172,0.02110641,6094,0.00013760,0.00000000,0,0.00000000,39302,39306,59,0.00152867
1773324949.74167061,0.02047194,6037,0.00015570,0.00000000,0,0.00000000,39306,39306,56,0.00074607
1773324949.84162569,0.02174025,6051,0.00016058,0.00000000,0,0.00000000,39306,39308,67,0.00194386
1773324949.94179964,0.02119584,6133,0.00014546,0.00000000,0,0.00000000,39308,39304,59,0.00147132
1773324950.04192042,0.04573310,6055,0.00077639,0.00000000,0,0.00000000,39304,39309,66,0.00079935
1773324950.14196515,0.04447799,6075,0.00059461,0.00000000,0,0.00000000,39309,39310,63,0.00125308
1773324950.24212503,0.02257062,6081,0.00010349,0.00000000,0,0.00000000,39310,39313,45,0.00155993
1773324950.34218001,0.01952779,6029,0.00015157,0.00000000,0,0.00000000,39313,39320,59,0.00161969
1773324950.44210863,0.02269356,6101,0.00072251,0.00000000,0,0.00000000,39320,39318,65,0.00303756
1773324950.54224586,0.01929710,6069,0.00016189,0.00000000,0,0.00000000,39318,39311,57,0.00164890
1773324950.64240980,0.02041504,6076,0.00019746,0.00000000,0,0.00000000,39311,39319,71,0.00182187
1773324950.74240899,0.02007972,6057,0.00015544,0.00000000,0,0.00000000,39319,39324,65,0.00152755
1773324950.84250903,0.02459967,6029,0.00013985,0.00000000,0,0.00000000,39324,39331,52,0.00183678
1773324950.94153476,0.02297496,6128,0.00015431,0.00000000,0,0.00000000,39331,39325,60,0.00077721
1773324951.04264855,0.05271971,6053,0.00061944,0.00000000,0,0.00000000,39325,39326,60,0.00087521
1773324951.14263868,0.05274435,6076,0.00078304,0.00000000,0,0.00000000,39326,39323,65,0.00159412
1773324951.24271798,0.03381991,6066,0.00023850,0.00000000,0,0.00000000,39323,39322,67,0.00151688
1773324951.34288168,0.03082938,6074,0.00031989,0.00000000,0,0.00000000,39322,39329,60,0.00082456
1773324951.44194007,0.03549295,6082,0.00018243,0.00000000,0,0.00000000,39329,39329,68,0.00145212
1773324951.54290557,0.02111990,6052,0.00016354,0.00000000,0,0.00000000,39329,39340,69,0.00168465
1773324951.64208102,0.02157119,6054,0.00014560,0.00000000,0,0.00000000,39340,39350,68,0.00202921
1773324951.74198389,0.02132459,6056,0.00016404,0.00000000,0,0.00000000,39350,39356,63,0.00141113
1773324951.84156823,0.02373396,6063,0.00022285,0.00000000,0,0.00000000,39356,39351,72,0.00294054
1773324951.94156647,0.01739151,6071,0.00013725,0.00000000,0,0.00000000,39351,39347,58,0.00150850
1773324952.04170203,0.05222159,6070,0.00062424,0.00000000,0,0.00000000,39347,39356,58,0.00131339
1773324952.14159846,0.03960319,6084,0.00069122,0.00000000,0,0.00000000,39356,39330,58,0.00157229
1773324952.24170280,0.04125098,6097,0.00024533,0.00000000,0,0.00000000,39330,39332,75,0.00079982
1773324952.34191108,0.02141732,6087,0.00016353,0.00000000,0,0.00000000,39332,39334,57,0.00076626
1773324952.44184160,0.02928763,6084,0.00015974,0.00000000,0,0.00000000,39334,39341,63,0.00271146
1773324952.54197073,0.01825694,6081,0.00015161,0.00000000,0,0.00000000,39341,39336,60,0.00286053
1773324952.64206624,0.02278038,6032,0.00014116,0.00000000,0,0.00000000,39336,39337,63,0.00181677
1773324952.74204707,0.02327780,6074,0.00018457,0.00000000,0,0.00000000,39337,39339,61,0.00089838
1773324952.84217930,0.02454342,6080,0.00015149,0.00000000,0,0.00000000,39339,39335,58,0.00286874
1773324952.94233370,0.02555701,6054,0.00021574,0.00000000,0,0.00000000,39335,39335,53,0.00085834
1773324953.04229331,0.05279158,6063,0.00056327,0.00000000,0,0.00000000,39335,39339,70,0.00082352
1773324953.14244795,0.04930970,6046,0.00047258,0.00000000,0,0.00000000,39339,39335,46,0.00082226
1773324953.24241710,0.04933189,6071,0.00021487,0.00000000,0,0.00000000,39335,39342,61,0.00159917
1773324953.34248567,0.02782855,6066,0.00018598,0.00000000,0,0.00000000,39342,39341,70,0.00116402
1773324953.44246578,0.02795576,6114,0.00029938,0.00000000,0,0.00000000,39341,39348,67,0.00275039
1773324953.54259181,0.01754986,6031,0.00013615,0.00000000,0,0.00000000,39348,39349,57,0.00290188
1773324953.64257312,0.01747789,6078,0.00020985,0.00000000,0,0.00000000,39349,39349,77,0.00236167
1773324953.74279952,0.01745055,6030,0.00011715,0.00000000,0,0.00000000,39349,39352,57,0.00181430
1773324953.84274411,0.02331298,6070,0.00016219,0.00000000,0,0.00000000,39352,39352,55,0.00080256
1773324953.94283628,0.02211422,6033,0.00016791,0.00000000,0,0.00000000,39352,39363,81,0.00162597
1773324954.04184556,0.04947515,6090,0.00057089,0.00000000,0,0.00000000,39363,39371,63,0.00080813
1773324954.14290166,0.04173564,6023,0.00054926,0.00000000,0,0.00000000,39371,39375,59,0.00076042
1773324954.24197865,0.03142022,6036,0.00017453,0.00000000,0,0.00000000,39375,39381,76,0.00087038
1773324954.34160829,0.02454581,6088,0.00017797,0.00000000,0,0.00000000,39381,39378,66,0.00098645
1773324954.44172835,0.02815310,6020,0.00013142,0.00000000,0,0.00000000,39378,39374,66,0.00196256
1773324954.54152083,0.02348450,6066,0.00015534,0.00000000,0,0.00000000,39374,39376,48,0.00136781
1773324954.64157319,0.02310154,6023,0.00013573,0.00000000,0,0.00000000,39376,39370,55,0.00256939
1773324954.74243593,0.02325762,6078,0.00020289,0.00000000,0,0.00000000,39370,39373,63,0.00089241
1773324954.84162378,0.02322591,6048,0.00018269,0.00000000,0,0.00000000,39373,39361,62,0.00202874
1773324954.94169998,0.01739716,6059,0.00014086,0.00000000,0,0.00000000,39361,39358,68,0.00083276
1773324955.04224634,0.04711569,6104,0.00056438,0.00000000,0,0.00000000,39358,39351,60,0.00090882
1773324955.14193892,0.05175069,6056,0.00086185,0.00000000,0,0.00000000,39351,39350,63,0.00083945
1773324955.24187398,0.03120265,6084,0.00012826,0.00000000,0,0.00000000,39350,39349,51,0.00078216
1773324955.34193015,0.02053092,6086,0.00017731,0.00000000,0,0.00000000,39349,39358,73,0.00086498
1773324955.44206619,0.04009881,6070,0.00068686,0.00000000,0,0.00000000,39358,39352,75,0.00264768
1773324955.54211950,0.01994551,6055,0.00014166,0.00000000,0,0.00000000,39352,39355,60,0.00283257
1773324955.64234185,0.02666375,6060,0.00018873,0.00000000,0,0.00000000,39355,39358,46,0.00346672
1773324955.74222565,0.02411508,6036,0.00015005,0.00000000,0,0.00000000,39358,39363,64,0.00149409
1773324955.84236336,0.02636451,6060,0.00015654,0.00000000,0,0.00000000,39363,39368,62,0.00082463
1773324955.94236445,0.02316295,6087,0.00020644,0.00000000,0,0.00000000,39368,39325,64,0.00088374
1773324956.04260063,0.04201158,6030,0.00065936,0.00000000,0,0.00000000,39325,39327,78,0.00153993
1773324956.14264941,0.04191790,6051,0.00048053,0.00000000,0,0.00000000,39327,39330,51,0.00153140
1773324956.24187636,0.02209410,6046,0.00013997,0.00000000,0,0.00000000,39330,39338,57,0.00151682
1773324956.34159923,0.02182114,6079,0.00036320,0.00000000,0,0.00000000,39338,39339,68,0.00119997
1773324956.44174623,0.02511645,6042,0.00020568,0.00000000,0,0.00000000,39339,39340,74,0.00213865
1773324956.54204202,0.02338912,6070,0.00016581,0.00000000,0,0.00000000,39340,39342,60,0.00163684
1773324956.64225554,0.02082941,6001,0.00014229,0.00000000,0,0.00000000,39342,39335,72,0.00177878
1773324956.74242258,0.01744344,5972,0.00016083,0.00000000,0,0.00000000,39335,39337,60,0.00155282
1773324956.84261441,0.01912423,6013,0.00014662,0.00000000,0,0.00000000,39337,39330,65,0.00154345
1773324956.94166327,0.01972421,5947,0.00011102,0.00000000,0,0.00000000,39330,39336,55,0.00088566
1773324957.04156852,0.04245123,5974,0.00049979,0.00000000,0,0.00000000,39336,39343,57,0.00146969
1773324957.14159751,0.04056565,6022,0.00059703,0.00000000,0,0.00000000,39343,39335,69,0.00083113
1773324957.24200439,0.03966236,5990,0.00103928,0.00000000,0,0.00000000,39335,39338,58,0.00079691
1773324957.34222174,0.03733719,5951,0.00015160,0.00000000,0,0.00000000,39338,39343,63,0.00086462
1773324957.44258022,0.02529127,5927,0.00024549,0.00000000,0,0.00000000,39343,39339,56,0.00161335
1773324957.54267764,0.05061685,5959,0.00024923,0.00000000,0,0.00000000,39339,39336,54,0.00165326
1773324957.64277816,0.02439841,5950,0.00021527,0.00000000,0,0.00000000,39336,39333,65,0.00189230
1773324957.74196935,0.02615297,5967,0.00033806,0.00000000,0,0.00000000,39333,39330,64,0.00306822
1773324957.84216738,0.01999144,5913,0.00019391,0.00000000,0,0.00000000,39330,39331,54,0.00082597
1773324957.94164610,0.02466156,5962,0.00011573,0.00000000,0,0.00000000,39331,39326,52,0.00208366
1773324958.04189372,0.02292299,5977,0.00014913,0.00000000,0,0.00000000,39326,39326,59,0.00110438
1773324958.14260268,0.02312449,5975,0.00015085,0.00000000,0,0.00000000,39326,39331,60,0.00143338
1773324958.24247336,0.05315728,5937,0.00016908,0.00000000,0,0.00000000,39331,39336,72,0.00094266
1773324958.34257793,0.02788097,5916,0.00026197,0.00000000,0,0.00000000,39336,39340,67,0.00074265
1773324958.44266486,0.02433289,5968,0.00018301,0.00000000,0,0.00000000,39340,39351,71,0.00097830
1773324958.54198170,0.02699035,5912,0.00016365,0.00000000,0,0.00000000,39351,39358,60,0.00076604
1773324958.64158106,0.01892109,5942,0.00011408,0.00000000,0,0.00000000,39358,39359,53,0.00209180
1773324958.74163866,0.02652886,5953,0.00015126,0.00000000,0,0.00000000,39359,39353,61,0.00090667
1773324958.84197450,0.02271802,5962,0.00013335,0.00000000,0,0.00000000,39353,39346,60,0.00080211
1773324958.94233561,0.01960184,5922,0.00015245,0.00000000,0,0.00000000,39346,39353,69,0.00152629
1773324959.04240966,0.04891313,5922,0.00064657,0.00000000,0,0.00000000,39353,39338,65,0.00080187
