time_stamp, total time, scan point size, incremental time, search time, delete size, delete time, tree size st, tree size end, add point size, preprocess time
1773320500.69186330,0.03682275,6203,0.01044298,0.00000000,0,0.00000000,4088,5171,2515,0.00000000
1773320500.79185820,0.03262884,6189,0.00664871,0.00000000,0,0.00000000,5171,6175,1791,0.00205010
1773320500.89187932,0.02599796,6172,0.00377392,0.00000000,0,0.00000000,6175,6906,1481,0.00165088
1773320500.99188113,0.02828632,6173,0.00451935,0.00000000,0,0.00000000,6906,7182,1289,0.00218248
1773320501.09195280,0.03142590,6190,0.00331001,0.00000000,0,0.00000000,7182,8123,1151,0.00207719
1773320501.19193888,0.02790834,6164,0.00288165,0.00000000,0,0.00000000,7028,7607,940,0.00196392
1773320501.29196596,0.03005589,6159,0.00260675,0.00000000,0,0.00000000,7607,8106,857,0.00123447
1773320501.39204764,0.02558609,6166,0.00252299,0.00000000,0,0.00000000,8106,8482,816,0.00153554
1773320501.49184227,0.02590817,6167,0.00234814,0.00000000,0,0.00000000,8482,8802,776,0.00192094
1773320501.59223676,0.02662270,6098,0.00376928,0.00000000,0,0.00000000,8802,8977,687,0.00143237
1773320501.69186616,0.02192403,6125,0.00245567,0.00000000,0,0.00000000,8977,9086,637,0.00178553
1773320501.79192328,0.02714734,6143,0.00261919,0.00000000,0,0.00000000,9086,9102,667,0.00155371
1773320501.89187455,0.02528955,6179,0.00254307,0.00000000,0,0.00000000,9102,9186,618,0.00135472
1773320501.99204993,0.03425774,6159,0.00277574,0.00000000,0,0.00000000,9186,9340,619,0.00089993
1773320502.09203601,0.02613663,6115,0.00223584,0.00000000,0,0.00000000,9340,9429,571,0.00140944
1773320502.19188333,0.03026586,6151,0.00348258,0.00000000,0,0.00000000,9429,9531,589,0.00090553
1773320502.29191422,0.02874951,6151,0.00243440,0.00000000,0,0.00000000,9531,9784,604,0.00081362
1773320502.39192677,0.02808165,6179,0.00231819,0.00000000,0,0.00000000,9784,9933,537,0.00108751
1773320502.49195838,0.02973089,6179,0.00251742,0.00000000,0,0.00000000,9933,9907,553,0.00158655
1773320502.59195018,0.02637222,6108,0.00202090,0.00000000,0,0.00000000,9907,10036,489,0.00120727
1773320502.69182229,0.02766284,6120,0.00183079,0.00000000,0,0.00000000,10036,10105,479,0.00193273
1773320502.79187369,0.02754441,6133,0.00193518,0.00000000,0,0.00000000,10105,10160,472,0.00154575
1773320502.89182949,0.02721800,6190,0.00166443,0.00000000,0,0.00000000,10160,10281,443,0.00080490
1773320502.99184990,0.02634505,6185,0.00155202,0.00000000,0,0.00000000,10281,10436,424,0.00190169
1773320503.09184361,0.02600907,6171,0.00195209,0.00000000,0,0.00000000,10436,10559,385,0.00097695
1773320503.19188571,0.02267390,6155,0.00173411,0.00000000,0,0.00000000,10559,10585,366,0.00086205
1773320503.29192209,0.02302588,6167,0.00139500,0.00000000,0,0.00000000,10585,10647,376,0.00084497
1773320503.39195895,0.02436232,6161,0.00167446,0.00000000,0,0.00000000,10647,10532,349,0.00134677
1773320503.49194241,0.03242993,6185,0.00136842,0.00000000,0,0.00000000,10532,10671,295,0.00202499
1773320503.59198642,0.02520177,6120,0.00134994,0.00000000,0,0.00000000,10671,10708,303,0.00122542
1773320503.69183064,0.02542299,6146,0.00140000,0.00000000,0,0.00000000,10708,10743,302,0.00092706
1773320503.79203939,0.04381552,6168,0.00206526,0.00000000,0,0.00000000,10743,10812,299,0.00121916
1773320503.89204025,0.04997032,6158,0.00328738,0.00000000,0,0.00000000,10812,10633,277,0.00111559
1773320503.99187183,0.02935871,6150,0.00146902,0.00000000,0,0.00000000,10633,10670,262,0.00194979
1773320504.09188676,0.02779875,6141,0.00136357,0.00000000,0,0.00000000,10670,10730,263,0.00264665
1773320504.19187593,0.02237408,6179,0.00101794,0.00000000,0,0.00000000,10730,10786,284,0.00279162
1773320504.29206491,0.04550338,6151,0.00194278,0.00000000,0,0.00000000,10786,10900,252,0.00180965
1773320504.39191127,0.03749091,6138,0.00187797,0.00000000,0,0.00000000,10900,10854,228,0.00114856
1773320504.49192452,0.03599207,6149,0.00157788,0.00000000,0,0.00000000,10854,10831,210,0.00165325
1773320504.59264517,0.03494223,6143,0.00159783,0.00000000,0,0.00000000,10831,10942,230,0.00091198
1773320504.69191456,0.02059157,6140,0.00147213,0.00000000,0,0.00000000,10942,10990,200,0.00149786
1773320504.79194188,0.02548147,6110,0.00105206,0.00000000,0,0.00000000,10990,11052,190,0.00136999
1773320504.89185548,0.03390005,6197,0.00147391,0.00000000,0,0.00000000,11052,11083,212,0.00139604
1773320504.99183393,0.03511985,6206,0.00146312,0.00000000,0,0.00000000,11083,11036,222,0.00161122
1773320505.09192491,0.04429146,6200,0.00306507,0.00000000,0,0.00000000,11036,10962,214,0.00103855
1773320505.19201183,0.03033827,6150,0.00071729,0.00000000,0,0.00000000,10962,10989,169,0.00087115
1773320505.29186296,0.02614409,6157,0.00097524,0.00000000,0,0.00000000,10989,11072,196,0.00124310
1773320505.39197087,0.02401990,6174,0.00109573,0.00000000,0,0.00000000,11072,10703,182,0.00141163
1773320505.49196839,0.02130504,6169,0.00106792,0.00000000,0,0.00000000,10703,10729,196,0.00139464
1773320505.59201646,0.02402658,6166,0.00096833,0.00000000,0,0.00000000,10729,10769,175,0.00242157
1773320505.69181371,0.03397646,6190,0.00072242,0.00000000,0,0.00000000,10769,10842,149,0.00159773
1773320505.79186988,0.02166328,6161,0.00075411,0.00000000,0,0.00000000,10842,10888,149,0.00197418
1773320505.89187241,0.02352241,6168,0.00051546,0.00000000,0,0.00000000,10888,10914,123,0.00078157
1773320505.99200773,0.03325439,6158,0.00080503,0.00000000,0,0.00000000,10914,10950,131,0.00094818
1773320506.09201264,0.03009412,6209,0.00062850,0.00000000,0,0.00000000,10950,10967,123,0.00131500
1773320506.19204998,0.03343661,6188,0.00111098,0.00000000,0,0.00000000,10967,11045,129,0.00099649
1773320506.29203391,0.03090709,6143,0.00072288,0.00000000,0,0.00000000,11045,11072,117,0.00098888
1773320506.39184856,0.03116708,6171,0.00068554,0.00000000,0,0.00000000,11072,11082,124,0.00121744
1773320506.49187231,0.02066350,6170,0.00121960,0.00000000,0,0.00000000,11082,11125,121,0.00127340
1773320506.59194922,0.02343915,6156,0.00058680,0.00000000,0,0.00000000,11125,11185,158,0.00206611
1773320506.69193435,0.02082517,6141,0.00079383,0.00000000,0,0.00000000,11185,11203,159,0.00150772
1773320506.79198432,0.02567545,6142,0.00069729,0.00000000,0,0.00000000,11203,11242,131,0.00142336
1773320506.89186168,0.02770521,6146,0.00064145,0.00000000,0,0.00000000,11242,11306,167,0.00081098
1773320506.99185324,0.02304382,6157,0.00087759,0.00000000,0,0.00000000,11306,11284,185,0.00088889
1773320507.09196591,0.02261422,6223,0.00084985,0.00000000,0,0.00000000,11284,11365,178,0.00078985
1773320507.19187975,0.02882193,6173,0.00078190,0.00000000,0,0.00000000,11365,11366,139,0.00109130
1773320507.29192710,0.01826364,6154,0.00114671,0.00000000,0,0.00000000,11366,11404,140,0.00111013
1773320507.39198947,0.02251822,6177,0.00059278,0.00000000,0,0.00000000,11404,11463,170,0.00217431
1773320507.49202275,0.02749561,6192,0.00051552,0.00000000,0,0.00000000,11463,11498,141,0.00251180
1773320507.59201145,0.02556035,6139,0.00055217,0.00000000,0,0.00000000,11498,11567,161,0.00128833
1773320507.69195414,0.02275498,6173,0.00078720,0.00000000,0,0.00000000,11567,11612,162,0.00075854
1773320507.79189062,0.01915230,6182,0.00046157,0.00000000,0,0.00000000,11612,11667,132,0.00076904
1773320507.89195204,0.02187067,6196,0.00086432,0.00000000,0,0.00000000,11667,11693,176,0.00150342
1773320507.99196196,0.02181321,6142,0.00127758,0.00000000,0,0.00000000,11693,11737,138,0.00079829
1773320508.09183288,0.01965410,6175,0.00167778,0.00000000,0,0.00000000,11737,11714,137,0.00078531
1773320508.19188118,0.02134292,6171,0.00060744,0.00000000,0,0.00000000,11714,11715,119,0.00139492
1773320508.29187775,0.03036252,6168,0.00079565,0.00000000,0,0.00000000,11715,11711,129,0.00087242
1773320508.39179993,0.02493293,6250,0.00060587,0.00000000,0,0.00000000,11711,11696,136,0.00172995
1773320508.49201965,0.02810651,6198,0.00057678,0.00000000,0,0.00000000,11696,11680,113,0.00104609
1773320508.59181404,0.02288283,6194,0.00050429,0.00000000,0,0.00000000,11680,11734,139,0.00081758
1773320508.69182014,0.02181449,6212,0.00052903,0.00000000,0,0.00000000,11734,11727,148,0.00108006
1773320508.79187322,0.03979649,6182,0.00109959,0.00000000,0,0.00000000,11727,11788,142,0.00081229
1773320508.89193439,0.03500621,6220,0.00068977,0.00000000,0,0.00000000,11788,11832,111,0.00104455
1773320508.99204087,0.02219366,6173,0.00055085,0.00000000,0,0.00000000,11832,11846,126,0.00173458
1773320509.09251761,0.02318264,6162,0.00062869,0.00000000,0,0.00000000,11846,11869,111,0.00111579
1773320509.19185734,0.02689587,6205,0.00047930,0.00000000,0,0.00000000,11869,11869,109,0.00144397
1773320509.29191470,0.02378468,6177,0.00070985,0.00000000,0,0.00000000,11869,11883,124,0.00112507
1773320509.39197993,0.02092360,6149,0.00045618,0.00000000,0,0.00000000,11883,11899,108,0.00078479
1773320509.49189639,0.03317444,6225,0.00061603,0.00000000,0,0.00000000,11899,11933,112,0.00084397
1773320509.59253597,0.02446380,6150,0.00043889,0.00000000,0,0.00000000,11933,12011,120,0.00089245
1773320509.69190431,0.02345156,6151,0.00056729,0.00000000,0,0.00000000,12011,12043,101,0.00087450
1773320509.79192662,0.03189669,6200,0.00055207,0.00000000,0,0.00000000,12043,12036,91,0.00149490
1773320509.89198136,0.03079862,6148,0.00063602,0.00000000,0,0.00000000,12036,11987,97,0.00123642
1773320509.99186134,0.02363212,6176,0.00040732,0.00000000,0,0.00000000,11987,12017,78,0.00155399
1773320510.09191370,0.02701788,6177,0.00043426,0.00000000,0,0.00000000,12017,12040,96,0.00177783
1773320510.19201303,0.03852689,6195,0.00065224,0.00000000,0,0.00000000,12040,12065,90,0.00118172
1773320510.29200029,0.02822156,6145,0.00076499,0.00000000,0,0.00000000,12065,12070,97,0.00172602
1773320510.39200664,0.03503262,6171,0.00083546,0.00000000,0,0.00000000,12070,12022,83,0.00077187
1773320510.49201035,0.02983917,6178,0.00038267,0.00000000,0,0.00000000,12022,12030,86,0.00155451
1773320510.59180331,0.02480002,6183,0.00054506,0.00000000,0,0.00000000,12030,12049,93,0.00290825
1773320510.69189882,0.02663381,6163,0.00025959,0.00000000,0,0.00000000,12049,12065,66,0.00216393
1773320510.79186082,0.02357414,6184,0.00045755,0.00000000,0,0.00000000,12065,12020,85,0.00130333
1773320510.89195704,0.02099442,6170,0.00027803,0.00000000,0,0.00000000,12020,12026,73,0.00100908
1773320510.99197245,0.01878645,6189,0.00027958,0.00000000,0,0.00000000,12026,12084,78,0.00090873
1773320511.09179187,0.01877531,6234,0.00030509,0.00000000,0,0.00000000,12084,12112,71,0.00089407
1773320511.19249749,0.02258681,6143,0.00107489,0.00000000,0,0.00000000,12112,12059,84,0.00080877
1773320511.29185152,0.01973053,6194,0.00045193,0.00000000,0,0.00000000,12059,12055,66,0.00088581
1773320511.39184999,0.02343660,6153,0.00029135,0.00000000,0,0.00000000,12055,12083,76,0.00112550
1773320511.49177337,0.02982025,6212,0.00037805,0.00000000,0,0.00000000,12083,12130,95,0.00089364
1773320511.59193659,0.02819848,6154,0.00065096,0.00000000,0,0.00000000,12130,11983,81,0.00089279
1773320511.69198513,0.02762418,6142,0.00022593,0.00000000,0,0.00000000,11983,12018,63,0.00080160
1773320511.79185796,0.02013492,6162,0.00026199,0.00000000,0,0.00000000,12018,12043,79,0.00164903
1773320511.89194751,0.02167904,6202,0.00043023,0.00000000,0,0.00000000,12043,12060,95,0.00234902
1773320511.99193335,0.01984998,6179,0.00026735,0.00000000,0,0.00000000,12060,12088,70,0.00133878
1773320512.09196472,0.01841369,6113,0.00029468,0.00000000,0,0.00000000,12088,12084,60,0.00080993
1773320512.19179630,0.02478171,6209,0.00050584,0.00000000,0,0.00000000,12084,12095,73,0.00142419
1773320512.29195952,0.02562521,6148,0.00027173,0.00000000,0,0.00000000,12095,12098,62,0.00100747
1773320512.39184642,0.02515265,6233,0.00035744,0.00000000,0,0.00000000,12098,12117,88,0.00095973
1773320512.49202895,0.02296457,6097,0.00022920,0.00000000,0,0.00000000,12117,12131,55,0.00151245
1773320512.59177041,0.02042374,6191,0.00049282,0.00000000,0,0.00000000,12131,12019,75,0.00236421
1773320512.69195247,0.01860744,6191,0.00028177,0.00000000,0,0.00000000,12019,12017,75,0.00183415
1773320512.79197502,0.01860119,6159,0.00019909,0.00000000,0,0.00000000,12017,12064,72,0.00088035
1773320512.89185405,0.01897618,6213,0.00044262,0.00000000,0,0.00000000,12064,12094,49,0.00094848
1773320512.99245739,0.02462188,6151,0.00035040,0.00000000,0,0.00000000,12094,12114,69,0.00217909
1773320513.09183431,0.02390803,6204,0.00020941,0.00000000,0,0.00000000,12114,12145,65,0.00107289
1773320513.19195843,0.02221728,6170,0.00023967,0.00000000,0,0.00000000,12145,12148,69,0.00077558
1773320513.29199004,0.02269784,6167,0.00036078,0.00000000,0,0.00000000,12148,12117,84,0.00139493
1773320513.39198089,0.02265930,6186,0.00026702,0.00000000,0,0.00000000,12117,12175,74,0.00091845
1773320513.49202561,0.02210058,6167,0.00026581,0.00000000,0,0.00000000,12175,12162,64,0.00087180
1773320513.59198308,0.02116339,6167,0.00029368,0.00000000,0,0.00000000,12162,12194,72,0.00077696
1773320513.69196105,0.01890151,6162,0.00092469,0.00000000,0,0.00000000,12194,12120,73,0.00080197
1773320513.79200506,0.01863108,6162,0.00069019,0.00000000,0,0.00000000,12120,12055,78,0.00232556
1773320513.89203572,0.02214713,6175,0.00028385,0.00000000,0,0.00000000,12055,12049,60,0.00206968
1773320513.99251461,0.02410164,6168,0.00029365,0.00000000,0,0.00000000,12049,12065,72,0.00208175
1773320514.09252644,0.02648997,6158,0.00040943,0.00000000,0,0.00000000,12065,12083,79,0.00126135
1773320514.19184995,0.02778174,6210,0.00042503,0.00000000,0,0.00000000,12083,12094,74,0.00087316
1773320514.29251122,0.02621149,6163,0.00066001,0.00000000,0,0.00000000,12094,12132,68,0.00084577
1773320514.39194155,0.01598811,6197,0.00029414,0.00000000,0,0.00000000,12132,12084,69,0.00080816
1773320514.49253750,0.04023230,6191,0.00058630,0.00000000,0,0.00000000,12084,12060,67,0.00094896
1773320514.59262466,0.05527718,6148,0.00036826,0.00000000,0,0.00000000,12060,12090,65,0.00156183
1773320514.69197202,0.02341855,6121,0.00029648,0.00000000,0,0.00000000,12090,12088,66,0.00150846
1773320514.79180861,0.03020205,6175,0.00021703,0.00000000,0,0.00000000,12088,12103,54,0.00122834
1773320514.89196205,0.03566795,6206,0.00068866,0.00000000,0,0.00000000,12103,12088,58,0.00136671
1773320514.99240184,0.03294800,6141,0.00026768,0.00000000,0,0.00000000,12088,12123,75,0.00282891
1773320515.09185576,0.02920360,6183,0.00081673,0.00000000,0,0.00000000,12123,12154,56,0.00215023
1773320515.19238448,0.03113363,6159,0.00109501,0.00000000,0,0.00000000,12154,12163,74,0.00090360
1773320515.29182267,0.02993717,6181,0.00031923,0.00000000,0,0.00000000,12163,12115,50,0.00170196
1773320515.39243007,0.03140399,6156,0.00066817,0.00000000,0,0.00000000,12115,12143,61,0.00236904
1773320515.49246049,0.01874394,6120,0.00030448,0.00000000,0,0.00000000,12143,12089,62,0.00200456
1773320515.59185696,0.02025002,6174,0.00034300,0.00000000,0,0.00000000,12089,12085,70,0.00324918
1773320515.69164371,0.02515486,6197,0.00044856,0.00000000,0,0.00000000,12085,12098,45,0.00107771
1773320515.79234648,0.02356976,6149,0.00027267,0.00000000,0,0.00000000,12098,12056,52,0.00090746
1773320515.89229012,0.02204233,6188,0.00016242,0.00000000,0,0.00000000,12056,12061,45,0.00216169
1773320515.99230242,0.02723494,6203,0.00023924,0.00000000,0,0.00000000,12061,12089,61,0.00127140
1773320516.09236002,0.03060597,6169,0.00037376,0.00000000,0,0.00000000,12089,12110,67,0.00167327
1773320516.19250631,0.02772519,6152,0.00045981,0.00000000,0,0.00000000,12110,12114,58,0.00153753
1773320516.29247904,0.01856132,6169,0.00017398,0.00000000,0,0.00000000,12114,12139,51,0.00090143
1773320516.39250207,0.02318514,6122,0.00051985,0.00000000,0,0.00000000,12139,12178,60,0.00164203
1773320516.49230146,0.02508185,6158,0.00094372,0.00000000,0,0.00000000,12178,12193,53,0.00166558
1773320516.59274840,0.01780719,6170,0.00036455,0.00000000,0,0.00000000,12193,12214,50,0.00239778
1773320516.69245601,0.02352704,6191,0.00020596,0.00000000,0,0.00000000,12214,12225,56,0.00182537
1773320516.79243088,0.02550050,6172,0.00021484,0.00000000,0,0.00000000,12225,12183,53,0.00125654
1773320516.89222360,0.02239594,6183,0.00022463,0.00000000,0,0.00000000,12183,12189,50,0.00132652
1773320516.99237919,0.01958006,6177,0.00017133,0.00000000,0,0.00000000,12189,12199,45,0.00186189
1773320517.09233785,0.01814291,6164,0.00024208,0.00000000,0,0.00000000,12199,12190,56,0.00086233
1773320517.19241667,0.02273625,6141,0.00056735,0.00000000,0,0.00000000,12190,12207,55,0.00079335
1773320517.29399490,0.01487561,6147,0.00025338,0.00000000,0,0.00000000,12207,12203,53,0.00130776
1773320517.39217734,0.02407784,6162,0.00018777,0.00000000,0,0.00000000,12203,12232,57,0.00103586
1773320517.49223351,0.02257642,6200,0.00018267,0.00000000,0,0.00000000,12232,12250,53,0.00192032
1773320517.59244680,0.02400829,6143,0.00019978,0.00000000,0,0.00000000,12250,12262,62,0.00093049
1773320517.69228721,0.02818758,6175,0.00022997,0.00000000,0,0.00000000,12262,12283,56,0.00103922
1773320517.79237771,0.02159473,6153,0.00023581,0.00000000,0,0.00000000,12283,12287,62,0.00121959
1773320517.89235854,0.02355414,6177,0.00048235,0.00000000,0,0.00000000,12287,12311,59,0.00086132
1773320517.99330449,0.02227554,6151,0.00051907,0.00000000,0,0.00000000,12311,12335,52,0.00084592
1773320518.09339905,0.02069921,6127,0.00043856,0.00000000,0,0.00000000,12335,12322,51,0.00081380
1773320518.19230461,0.02039815,6150,0.00038205,0.00000000,0,0.00000000,12322,12340,43,0.00153298
1773320518.29234600,0.02802573,6166,0.00014868,0.00000000,0,0.00000000,12340,12356,41,0.00150350
1773320518.39230943,0.02426598,6165,0.00018415,0.00000000,0,0.00000000,12356,12366,56,0.00137489
1773320518.49234486,0.02676274,6164,0.00037336,0.00000000,0,0.00000000,12366,12348,55,0.00080260
1773320518.59239173,0.02772662,6160,0.00028639,0.00000000,0,0.00000000,12348,12368,48,0.00085961
1773320518.69237399,0.02679710,6185,0.00052259,0.00000000,0,0.00000000,12368,12388,62,0.00084801
1773320518.79328060,0.02588256,6131,0.00055303,0.00000000,0,0.00000000,12388,12390,48,0.00087573
1773320518.89222193,0.02191729,6171,0.00047900,0.00000000,0,0.00000000,12390,12405,52,0.00222351
1773320518.99232435,0.02662380,6160,0.00067832,0.00000000,0,0.00000000,12405,12396,59,0.00301979
1773320519.09236860,0.04747533,6154,0.00123057,0.00000000,0,0.00000000,12396,12320,54,0.00208739
1773320519.19230700,0.03703619,6146,0.00029086,0.00000000,0,0.00000000,12320,12318,56,0.00223585
1773320519.29232526,0.03569342,6171,0.00069283,0.00000000,0,0.00000000,12318,12306,52,0.00153595
1773320519.39233255,0.04002918,6175,0.00095812,0.00000000,0,0.00000000,12306,12301,46,0.00097706
1773320519.49226308,0.05049913,6148,0.00033015,0.00000000,0,0.00000000,12301,12318,47,0.00295714
1773320519.59273863,0.04899161,6190,0.00037283,0.00000000,0,0.00000000,12318,12329,37,0.00229317
1773320519.69224167,0.05045646,6153,0.00047985,0.00000000,0,0.00000000,12329,12359,45,0.00116034
1773320519.79231048,0.03848213,6176,0.00021999,0.00000000,0,0.00000000,12359,12379,54,0.00221797
1773320519.89226437,0.02902621,6154,0.00018727,0.00000000,0,0.00000000,12379,12386,43,0.00349943
1773320519.99338889,0.02580086,6148,0.00080846,0.00000000,0,0.00000000,12386,12423,64,0.00270486
1773320520.09237313,0.02908920,6136,0.00045107,0.00000000,0,0.00000000,12423,12435,46,0.00233197
1773320520.19221115,0.03864862,6132,0.00029009,0.00000000,0,0.00000000,12435,12458,55,0.00347596
1773320520.29217148,0.02665418,6127,0.00036748,0.00000000,0,0.00000000,12458,12464,37,0.00220635
1773320520.39322567,0.03366239,6154,0.00034805,0.00000000,0,0.00000000,12464,12496,44,0.00164861
1773320520.49321151,0.04359225,6121,0.00069545,0.00000000,0,0.00000000,12496,12516,53,0.00124813
1773320520.59214616,0.03922432,6163,0.00016235,0.00000000,0,0.00000000,12516,12530,35,0.00305268
1773320520.69222975,0.03554625,6103,0.00021686,0.00000000,0,0.00000000,12530,12545,41,0.00224621
1773320520.79318786,0.02557782,6034,0.00020322,0.00000000,0,0.00000000,12545,12555,41,0.00295129
1773320520.89128757,0.02905376,6191,0.00049661,0.00000000,0,0.00000000,12555,12579,52,0.00227562
1773320520.99216104,0.04286987,6133,0.00028282,0.00000000,0,0.00000000,12579,12595,45,0.00275808
1773320521.09213567,0.03398571,6135,0.00067387,0.00000000,0,0.00000000,12595,12583,46,0.00338151
1773320521.19310308,0.04199628,6178,0.00027867,0.00000000,0,0.00000000,12583,12607,51,0.00100055
1773320521.29316354,0.03342619,6132,0.00039903,0.00000000,0,0.00000000,12607,12575,47,0.00133301
1773320521.39310193,0.03370151,6176,0.00026246,0.00000000,0,0.00000000,12575,12568,44,0.00333818
1773320521.49310446,0.03341422,6144,0.00022947,0.00000000,0,0.00000000,12568,12583,51,0.00160004
1773320521.59217644,0.03388210,6150,0.00021726,0.00000000,0,0.00000000,12583,12598,49,0.00323456
1773320521.69212961,0.02538379,6197,0.00018271,0.00000000,0,0.00000000,12598,12615,47,0.00199531
1773320521.79215860,0.03121616,6168,0.00147565,0.00000000,0,0.00000000,12615,12525,59,0.00114616
1773320521.89309573,0.03255810,6140,0.00066658,0.00000000,0,0.00000000,12525,12515,56,0.00113697
1773320521.99316597,0.02439029,6175,0.00095251,0.00000000,0,0.00000000,12515,12326,48,0.00137741
1773320522.09320545,0.02275840,6128,0.00039415,0.00000000,0,0.00000000,12326,12340,46,0.00239580
1773320522.19240761,0.03942486,6188,0.00038864,0.00000000,0,0.00000000,12340,12357,57,0.00293365
1773320522.29218554,0.04046835,6144,0.00077084,0.00000000,0,0.00000000,12357,12364,44,0.00160325
1773320522.39303756,0.04364647,6131,0.00072566,0.00000000,0,0.00000000,12364,12359,55,0.00149012
1773320522.49312520,0.03952518,6186,0.00064296,0.00000000,0,0.00000000,12359,12376,49,0.00197866
1773320522.59376311,0.03719389,6138,0.00015285,0.00000000,0,0.00000000,12376,12397,41,0.00252728
1773320522.69202590,0.03734757,6188,0.00020212,0.00000000,0,0.00000000,12397,12403,52,0.00258428
1773320522.79204106,0.02233439,6189,0.00019943,0.00000000,0,0.00000000,12403,12425,30,0.00385533
1773320522.89202714,0.02948593,6204,0.00024522,0.00000000,0,0.00000000,12425,12442,45,0.00315264
1773320522.99302673,0.03038991,6177,0.00036118,0.00000000,0,0.00000000,12442,12463,54,0.00125746
1773320523.09311438,0.02950713,6188,0.00027328,0.00000000,0,0.00000000,12463,12470,56,0.00297504
1773320523.19304299,0.03560815,6167,0.00054352,0.00000000,0,0.00000000,12470,12485,47,0.00185357
1773320523.29196525,0.03766293,6165,0.00045132,0.00000000,0,0.00000000,12485,12504,49,0.00116857
1773320523.39201403,0.03846666,6172,0.00046162,0.00000000,0,0.00000000,12504,12516,38,0.00153150
1773320523.49297261,0.02289045,6217,0.00023572,0.00000000,0,0.00000000,12516,12520,48,0.00102435
1773320523.59369206,0.02845158,6169,0.00042297,0.00000000,0,0.00000000,12520,12545,45,0.00119643
1773320523.69300127,0.02266369,6179,0.00058484,0.00000000,0,0.00000000,12545,12559,46,0.00094123
1773320523.79315829,0.03062276,6149,0.00019999,0.00000000,0,0.00000000,12559,12567,43,0.00095036
1773320523.89195848,0.02654591,6208,0.00024857,0.00000000,0,0.00000000,12567,12570,50,0.00346768
1773320523.99302721,0.02969802,6199,0.00022601,0.00000000,0,0.00000000,12570,12537,49,0.00175591
1773320524.09287572,0.02858309,6223,0.00032113,0.00000000,0,0.00000000,12537,12541,45,0.00167420
1773320524.19297647,0.02507834,6183,0.00013881,0.00000000,0,0.00000000,12541,12551,38,0.00160360
1773320524.29298759,0.01957062,6175,0.00020812,0.00000000,0,0.00000000,12551,12551,41,0.00080182
1773320524.39192033,0.02952577,6195,0.00045654,0.00000000,0,0.00000000,12551,12576,51,0.00091628
1773320524.49191785,0.03193427,6215,0.00035668,0.00000000,0,0.00000000,12576,12568,46,0.00156469
1773320524.59189916,0.02688792,6183,0.00053132,0.00000000,0,0.00000000,12568,12574,41,0.00228883
1773320524.69188666,0.03315851,6215,0.00064310,0.00000000,0,0.00000000,12574,12588,56,0.00138632
1773320524.79194760,0.02854534,6247,0.00021275,0.00000000,0,0.00000000,12588,12603,46,0.00250940
1773320524.89316964,0.02749853,6169,0.00022282,0.00000000,0,0.00000000,12603,12613,54,0.00267774
1773320524.99281478,0.02927932,6239,0.00036943,0.00000000,0,0.00000000,12613,12629,48,0.00214123
1773320525.09291601,0.03484260,6194,0.00038796,0.00000000,0,0.00000000,12629,12621,38,0.00323004
1773320525.19289231,0.03667173,6208,0.00040070,0.00000000,0,0.00000000,12621,12635,37,0.00124927
1773320525.29291677,0.03227168,6181,0.00025165,0.00000000,0,0.00000000,12635,12646,51,0.00122116
1773320525.39291477,0.03108173,6178,0.00050037,0.00000000,0,0.00000000,12646,12657,46,0.00273101
1773320525.49286222,0.03022487,6182,0.00012738,0.00000000,0,0.00000000,12657,12670,32,0.00221372
1773320525.59184146,0.03101190,6193,0.00017975,0.00000000,0,0.00000000,12670,12665,35,0.00270477
1773320525.69284678,0.02524606,6173,0.00011225,0.00000000,0,0.00000000,12665,12674,35,0.00348757
1773320525.79281449,0.02381518,6181,0.00016759,0.00000000,0,0.00000000,12674,12687,33,0.00285439
1773320525.89290762,0.02140163,6154,0.00023844,0.00000000,0,0.00000000,12687,12671,47,0.00086643
1773320525.99187374,0.02019216,6159,0.00037951,0.00000000,0,0.00000000,12671,12659,36,0.00173003
1773320526.09280515,0.02750236,6198,0.00028181,0.00000000,0,0.00000000,12659,12677,33,0.00117164
1773320526.19284654,0.03198656,6154,0.00021712,0.00000000,0,0.00000000,12677,12664,54,0.00249961
1773320526.29287529,0.03940259,6181,0.00084061,0.00000000,0,0.00000000,12664,12631,49,0.00174668
1773320526.39283371,0.04682576,6166,0.00070266,0.00000000,0,0.00000000,12631,12660,48,0.00234759
1773320526.49284577,0.04286782,6186,0.00082673,0.00000000,0,0.00000000,12660,12638,42,0.00173055
1773320526.59368420,0.05133295,6165,0.00037478,0.00000000,0,0.00000000,12638,12634,40,0.00171548
1773320526.69287419,0.03966435,6201,0.00024640,0.00000000,0,0.00000000,12634,12633,40,0.00303550
1773320526.79286218,0.03068183,6160,0.00015529,0.00000000,0,0.00000000,12633,12630,45,0.00287446
1773320526.89288712,0.02694905,6152,0.00015234,0.00000000,0,0.00000000,12630,12635,40,0.00183539
1773320526.99291229,0.04087317,6173,0.00044412,0.00000000,0,0.00000000,12635,12617,55,0.00417984
1773320527.09287381,0.02762317,6153,0.00019025,0.00000000,0,0.00000000,12617,12624,35,0.00229437
1773320527.19289637,0.02968085,6145,0.00032357,0.00000000,0,0.00000000,12624,12626,33,0.00121800
1773320527.29287767,0.02254700,6100,0.00018265,0.00000000,0,0.00000000,12626,12642,40,0.00147006
1773320527.39271092,0.02943262,6142,0.00013763,0.00000000,0,0.00000000,12642,12650,42,0.00204565
1773320527.49292898,0.03011070,6117,0.00018412,0.00000000,0,0.00000000,12650,12657,50,0.00301224
1773320527.59338427,0.03424641,6142,0.00049969,0.00000000,0,0.00000000,12657,12664,40,0.00163586
1773320527.69281316,0.03626354,6014,0.00024948,0.00000000,0,0.00000000,12664,12674,31,0.00165993
1773320527.79196477,0.04189739,6232,0.00040397,0.00000000,0,0.00000000,12674,12690,46,0.00204502
1773320527.89287066,0.03014325,6114,0.00051034,0.00000000,0,0.00000000,12690,12687,43,0.00078252
1773320527.99482799,0.01955372,6126,0.00032013,0.00000000,0,0.00000000,12687,12675,52,0.00098323
1773320528.09271097,0.02276621,6155,0.00030278,0.00000000,0,0.00000000,12675,12678,31,0.00284361
1773320528.19272971,0.03663671,6142,0.00021046,0.00000000,0,0.00000000,12678,12685,41,0.00481779
1773320528.29280829,0.03292238,6144,0.00043808,0.00000000,0,0.00000000,12685,12671,37,0.00281086
1773320528.39281821,0.03906450,6128,0.00041698,0.00000000,0,0.00000000,12671,12664,43,0.00179044
1773320528.49287558,0.03436759,6134,0.00016835,0.00000000,0,0.00000000,12664,12668,35,0.00266746
1773320528.59369802,0.03004485,6129,0.00016362,0.00000000,0,0.00000000,12668,12637,36,0.00306348
1773320528.69284678,0.03394297,6166,0.00044308,0.00000000,0,0.00000000,12637,12650,32,0.00088916
1773320528.79282570,0.02720404,6125,0.00046543,0.00000000,0,0.00000000,12650,12664,45,0.00219453
1773320528.89279318,0.03002791,6170,0.00012858,0.00000000,0,0.00000000,12664,12673,38,0.00083709
1773320528.99283218,0.02567541,6132,0.00013522,0.00000000,0,0.00000000,12673,12674,38,0.00085390
1773320529.09288788,0.02598552,6121,0.00036984,0.00000000,0,0.00000000,12674,12584,50,0.00169469
1773320529.19273615,0.02582909,6164,0.00011021,0.00000000,0,0.00000000,12584,12592,31,0.00200693
1773320529.29278755,0.02751868,6153,0.00018362,0.00000000,0,0.00000000,12592,12589,37,0.00091497
1773320529.39272809,0.03395686,6179,0.00029546,0.00000000,0,0.00000000,12589,12580,44,0.00152156
1773320529.49293423,0.02313892,6143,0.00037142,0.00000000,0,0.00000000,12580,12590,46,0.00085076
1773320529.59385157,0.02646541,6214,0.00027600,0.00000000,0,0.00000000,12590,12601,37,0.00097608
1773320529.69274163,0.03578798,6170,0.00052874,0.00000000,0,0.00000000,12601,12606,45,0.00282732
1773320529.79285932,0.02779391,6169,0.00041888,0.00000000,0,0.00000000,12606,12613,34,0.00251459
1773320529.89281416,0.02892908,6201,0.00016664,0.00000000,0,0.00000000,12613,12634,36,0.00208198
1773320529.99286175,0.05272716,6170,0.00052351,0.00000000,0,0.00000000,12634,12643,38,0.00234959
1773320530.09287190,0.05526139,6155,0.00033604,0.00000000,0,0.00000000,12643,12620,40,0.00198048
1773320530.19272709,0.03175942,6189,0.00036878,0.00000000,0,0.00000000,12620,12624,39,0.00098693
1773320530.29279304,0.03098145,6182,0.00042774,0.00000000,0,0.00000000,12624,12644,41,0.00087840
1773320530.39276743,0.03603681,6165,0.00055609,0.00000000,0,0.00000000,12644,12649,41,0.00166172
1773320530.49283147,0.03168630,6170,0.00050896,0.00000000,0,0.00000000,12649,12668,46,0.00185739
1773320530.59363747,0.02604544,6160,0.00033056,0.00000000,0,0.00000000,12668,12679,33,0.00242631
1773320530.69280982,0.04010766,6155,0.00033907,0.00000000,0,0.00000000,12679,12682,33,0.00256195
1773320530.79284334,0.02800752,6130,0.00011920,0.00000000,0,0.00000000,12682,12698,34,0.00388187
1773320530.89270163,0.04506081,6123,0.00055580,0.00000000,0,0.00000000,12698,12709,44,0.00178273
1773320530.99268436,0.03956572,6164,0.00120847,0.00000000,0,0.00000000,12709,12714,54,0.00216467
1773320531.09271789,0.02709843,6147,0.00064315,0.00000000,0,0.00000000,12714,12740,88,0.00187610
1773320531.19269681,0.01905544,6201,0.00085750,0.00000000,0,0.00000000,12740,12816,157,0.00124239
1773320531.29267430,0.02734368,6193,0.00151458,0.00000000,0,0.00000000,12816,12898,240,0.00284171
1773320531.39273906,0.02566210,6149,0.00213729,0.00000000,0,0.00000000,12898,13025,292,0.00235118
1773320531.49268055,0.02812017,6134,0.00122080,0.00000000,0,0.00000000,13025,13092,300,0.00215506
1773320531.59352374,0.03588143,6152,0.00102675,0.00000000,0,0.00000000,13092,13178,219,0.00157647
1773320531.69272637,0.02994693,6145,0.00116663,0.00000000,0,0.00000000,13178,13262,199,0.00174216
1773320531.79269910,0.03262034,6153,0.00177329,0.00000000,0,0.00000000,13262,13281,167,0.00087692
1773320531.89267778,0.03726013,6147,0.00149756,0.00000000,0,0.00000000,13281,13402,197,0.00172537
1773320531.99270821,0.03901477,6139,0.00215472,0.00000000,0,0.00000000,13402,13388,186,0.00099617
1773320532.09260082,0.05185823,6149,0.00196122,0.00000000,0,0.00000000,13388,13467,188,0.00094663
1773320532.19259858,0.04415106,6153,0.00151758,0.00000000,0,0.00000000,13467,13520,136,0.00182951
1773320532.29259849,0.05370474,6149,0.00282952,0.00000000,0,0.00000000,13520,13429,143,0.00209639
1773320532.39265752,0.03645610,6146,0.00110532,0.00000000,0,0.00000000,13429,13457,109,0.00156199
1773320532.49262619,0.02655437,6118,0.00047931,0.00000000,0,0.00000000,13457,13507,109,0.00437165
1773320532.59346819,0.02796111,6144,0.00028813,0.00000000,0,0.00000000,13507,13568,89,0.00268692
1773320532.69266653,0.03147633,6162,0.00100288,0.00000000,0,0.00000000,13568,13605,102,0.00396743
1773320532.79272389,0.03017257,6145,0.00084700,0.00000000,0,0.00000000,13605,13625,81,0.00225258
1773320532.89259744,0.02835315,6126,0.00152656,0.00000000,0,0.00000000,13625,13616,123,0.00176367
1773320532.99268031,0.03124667,6111,0.00092531,0.00000000,0,0.00000000,13616,13664,106,0.00245000
1773320533.09263086,0.03110411,6123,0.00047220,0.00000000,0,0.00000000,13664,13713,121,0.00113533
1773320533.19264078,0.03177899,6133,0.00110876,0.00000000,0,0.00000000,13713,13690,102,0.00142408
1773320533.29264712,0.03447570,6175,0.00095366,0.00000000,0,0.00000000,13690,13725,118,0.00101862
1773320533.39272046,0.03445950,6080,0.00047161,0.00000000,0,0.00000000,13725,13741,113,0.00261014
1773320533.49255228,0.03357507,6134,0.00143918,0.00000000,0,0.00000000,13741,13719,103,0.00082095
1773320533.59343195,0.03066899,6146,0.00098546,0.00000000,0,0.00000000,13719,13740,92,0.00125506
1773320533.69258094,0.03404095,6160,0.00164038,0.00000000,0,0.00000000,13740,13676,99,0.00336753
1773320533.79263878,0.04035747,6118,0.00127517,0.00000000,0,0.00000000,13676,13731,88,0.00123811
1773320533.89248633,0.04887314,6151,0.00433017,0.00000000,0,0.00000000,13731,13113,84,0.00223095
1773320533.99261570,0.04269045,6138,0.00102600,0.00000000,0,0.00000000,13113,13152,60,0.00165781
1773320534.09266424,0.03856210,6095,0.00043358,0.00000000,0,0.00000000,13152,13191,55,0.00174432
1773320534.19248319,0.03309270,6127,0.00020452,0.00000000,0,0.00000000,13191,13211,51,0.00166479
1773320534.29258537,0.03232217,6138,0.00067842,0.00000000,0,0.00000000,13211,13251,70,0.00321117
1773320534.39264083,0.02930513,6059,0.00069673,0.00000000,0,0.00000000,13251,13269,74,0.00348319
1773320534.49252987,0.02842692,6162,0.00036964,0.00000000,0,0.00000000,13269,13297,78,0.00221281
1773320534.59349704,0.03617319,6096,0.00050926,0.00000000,0,0.00000000,13297,13311,52,0.00187719
1773320534.69248772,0.03760280,6140,0.00019451,0.00000000,0,0.00000000,13311,13346,61,0.00245862
1773320534.79258704,0.03155568,6097,0.00022211,0.00000000,0,0.00000000,13346,13365,55,0.00293880
1773320534.89243197,0.03692009,6169,0.00068939,0.00000000,0,0.00000000,13365,13362,44,0.00164051
1773320534.99250746,0.04633685,6157,0.00058160,0.00000000,0,0.00000000,13362,13361,47,0.00228177
1773320535.09254837,0.04269449,6117,0.00054497,0.00000000,0,0.00000000,13361,13393,57,0.00162419
1773320535.19248223,0.04136722,6135,0.00038686,0.00000000,0,0.00000000,13393,13418,47,0.00096416
1773320535.29250383,0.03418390,6147,0.00021262,0.00000000,0,0.00000000,13418,13445,44,0.00099065
1773320535.39242435,0.03228356,6104,0.00027842,0.00000000,0,0.00000000,13445,13452,44,0.00228977
1773320535.49244905,0.03176734,6155,0.00021484,0.00000000,0,0.00000000,13452,13472,56,0.00172253
1773320535.59340501,0.02810413,6063,0.00064736,0.00000000,0,0.00000000,13472,13475,56,0.00222364
1773320535.69242239,0.03169166,6131,0.00063757,0.00000000,0,0.00000000,13475,13469,55,0.00154722
1773320535.79242420,0.02561709,6135,0.00020615,0.00000000,0,0.00000000,13469,13483,54,0.00079581
1773320535.89240789,0.02236098,6124,0.00012866,0.00000000,0,0.00000000,13483,13503,42,0.00151720
1773320535.99241567,0.02307058,6135,0.00055689,0.00000000,0,0.00000000,13503,13505,52,0.00086817
1773320536.09244013,0.03092903,6125,0.00061074,0.00000000,0,0.00000000,13505,13490,45,0.00222324
1773320536.19247198,0.03294553,6126,0.00058064,0.00000000,0,0.00000000,13490,13515,51,0.00179261
1773320536.29248095,0.03042658,6093,0.00127901,0.00000000,0,0.00000000,13515,13284,60,0.00174303
1773320536.39247274,0.02966581,6128,0.00024920,0.00000000,0,0.00000000,13284,13302,51,0.00171214
1773320536.49253631,0.03137027,6072,0.00037827,0.00000000,0,0.00000000,13302,13323,41,0.00185828
1773320536.59323525,0.03184787,6158,0.00015516,0.00000000,0,0.00000000,13323,13334,48,0.00167686
1773320536.69245648,0.02130471,6136,0.00017083,0.00000000,0,0.00000000,13334,13354,50,0.00089049
1773320536.79242063,0.02306441,6125,0.00027603,0.00000000,0,0.00000000,13354,13366,35,0.00091597
1773320536.89243293,0.02833390,6093,0.00035011,0.00000000,0,0.00000000,13366,13393,46,0.00099064
1773320536.99245071,0.02584796,6113,0.00061138,0.00000000,0,0.00000000,13393,13401,39,0.00110871
1773320537.09229445,0.02737189,6116,0.00034608,0.00000000,0,0.00000000,13401,13394,36,0.00193302
1773320537.19241142,0.02850425,6133,0.00024900,0.00000000,0,0.00000000,13394,13406,50,0.00178706
1773320537.29244256,0.02388222,6128,0.00013387,0.00000000,0,0.00000000,13406,13410,44,0.00166305
1773320537.39247942,0.02600790,6084,0.00011842,0.00000000,0,0.00000000,13410,13419,33,0.00098400
1773320537.49231529,0.02525494,6157,0.00048580,0.00000000,0,0.00000000,13419,13430,49,0.00118496
1773320537.59330058,0.02200464,6150,0.00018027,0.00000000,0,0.00000000,13430,13440,49,0.00212982
1773320537.69247341,0.02357531,6124,0.00041113,0.00000000,0,0.00000000,13440,13455,43,0.00133819
1773320537.79244709,0.02295744,6092,0.00037761,0.00000000,0,0.00000000,13455,13444,30,0.00144079
1773320537.89236689,0.02582953,6131,0.00054998,0.00000000,0,0.00000000,13444,13442,45,0.00177705
1773320537.99231887,0.02438559,6133,0.00015182,0.00000000,0,0.00000000,13442,13441,41,0.00138123
1773320538.09230065,0.02485398,6156,0.00009949,0.00000000,0,0.00000000,13441,13448,37,0.00146085
1773320538.19233871,0.02449606,6135,0.00013337,0.00000000,0,0.00000000,13448,13466,38,0.00155177
1773320538.29235816,0.02111610,6104,0.00024018,0.00000000,0,0.00000000,13466,13455,43,0.00089985
1773320538.39241028,0.02263582,6113,0.00014749,0.00000000,0,0.00000000,13455,13453,41,0.00088917
1773320538.49235916,0.03639143,6112,0.00040042,0.00000000,0,0.00000000,13453,13467,31,0.00150024
1773320538.59322453,0.03262036,6134,0.00043650,0.00000000,0,0.00000000,13467,13478,33,0.00086803
1773320538.69235468,0.03569333,6143,0.00034810,0.00000000,0,0.00000000,13478,13499,50,0.00147139
1773320538.79242373,0.02601002,6098,0.00025296,0.00000000,0,0.00000000,13499,13527,66,0.00156239
1773320538.89221787,0.03097019,6117,0.00016131,0.00000000,0,0.00000000,13527,13542,42,0.00243952
1773320538.99222136,0.03199580,6108,0.00030035,0.00000000,0,0.00000000,13542,13542,36,0.00258934
1773320539.09220028,0.02737210,6125,0.00047843,0.00000000,0,0.00000000,13542,13530,40,0.00158888
1773320539.19228697,0.02685709,6122,0.00042365,0.00000000,0,0.00000000,13530,13550,52,0.00083412
1773320539.29232502,0.03500704,6068,0.00020205,0.00000000,0,0.00000000,13550,13554,40,0.00140723
1773320539.39232445,0.03776557,6081,0.00022975,0.00000000,0,0.00000000,13554,13575,48,0.00134891
1773320539.49236798,0.04172770,6048,0.00045685,0.00000000,0,0.00000000,13575,13571,42,0.00246880
1773320539.59312510,0.03546727,6053,0.00030940,0.00000000,0,0.00000000,13571,13589,52,0.00184426
1773320539.69223905,0.02966422,6083,0.00021743,0.00000000,0,0.00000000,13589,13602,40,0.00132010
1773320539.79229236,0.02596862,6053,0.00018168,0.00000000,0,0.00000000,13602,13611,46,0.00158468
1773320539.89225221,0.02440308,6091,0.00017937,0.00000000,0,0.00000000,13611,13617,48,0.00140157
1773320539.99224257,0.02480339,6144,0.00075787,0.00000000,0,0.00000000,13617,13588,36,0.00139205
1773320540.09226465,0.02262548,6137,0.00036633,0.00000000,0,0.00000000,13588,13595,38,0.00180147
1773320540.19230294,0.02656444,6135,0.00026557,0.00000000,0,0.00000000,13595,13620,36,0.00208965
1773320540.29230285,0.01942159,6111,0.00027760,0.00000000,0,0.00000000,13620,13637,36,0.00195500
1773320540.39220905,0.02621252,6136,0.00041683,0.00000000,0,0.00000000,13637,13648,55,0.00160172
1773320540.49229789,0.03146059,6121,0.00010837,0.00000000,0,0.00000000,13648,13655,29,0.00180405
1773320540.59347820,0.03222144,6118,0.00032593,0.00000000,0,0.00000000,13655,13405,47,0.00164455
1773320540.69212437,0.02713248,6145,0.00012375,0.00000000,0,0.00000000,13405,13423,45,0.00082267
1773320540.79213548,0.03172819,6126,0.00072282,0.00000000,0,0.00000000,13423,13430,53,0.00174029
1773320540.89215946,0.02806888,6162,0.00054561,0.00000000,0,0.00000000,13430,13455,62,0.00098461
1773320540.99223328,0.02621368,6076,0.00079102,0.00000000,0,0.00000000,13455,13483,96,0.00088179
1773320541.09209633,0.02901929,6140,0.00100130,0.00000000,0,0.00000000,13483,13535,115,0.00164238
1773320541.19214773,0.02968257,6098,0.00032011,0.00000000,0,0.00000000,13535,13558,84,0.00124947
1773320541.29213858,0.02542686,6153,0.00028600,0.00000000,0,0.00000000,13558,13604,94,0.00148808
1773320541.39224911,0.02971791,6128,0.00028804,0.00000000,0,0.00000000,13604,13646,87,0.00141322
1773320541.49215508,0.02825068,6162,0.00069452,0.00000000,0,0.00000000,13646,13667,85,0.00153571
1773320541.59309936,0.02163451,6112,0.00027738,0.00000000,0,0.00000000,13667,13696,90,0.00089346
1773320541.69213772,0.02703781,6121,0.00079952,0.00000000,0,0.00000000,13696,13734,97,0.00080887
1773320541.79212165,0.03058417,6160,0.00104355,0.00000000,0,0.00000000,13734,13753,104,0.00094657
1773320541.89210105,0.02119123,6149,0.00069351,0.00000000,0,0.00000000,13753,13799,108,0.00258667
1773320541.99219251,0.01736964,6088,0.00093704,0.00000000,0,0.00000000,13799,13846,129,0.00160237
1773320542.09213090,0.02536178,6134,0.00067259,0.00000000,0,0.00000000,13846,13909,158,0.00153749
1773320542.19208765,0.02981492,6155,0.00062881,0.00000000,0,0.00000000,13909,13972,164,0.00159614
1773320542.29213881,0.02411308,6156,0.00085523,0.00000000,0,0.00000000,13972,14057,179,0.00157969
1773320542.39216018,0.03343871,6163,0.00183597,0.00000000,0,0.00000000,14057,14093,178,0.00087209
1773320542.49211621,0.01809363,6166,0.00078366,0.00000000,0,0.00000000,14093,14137,174,0.00079762
1773320542.59300351,0.02441911,6182,0.00106620,0.00000000,0,0.00000000,14137,14237,177,0.00122425
1773320542.69216657,0.02901080,6174,0.00144078,0.00000000,0,0.00000000,14237,14282,175,0.00226432
1773320542.79221249,0.02256721,6118,0.00126604,0.00000000,0,0.00000000,14282,14341,169,0.00091395
1773320542.89204669,0.02889725,6173,0.00089534,0.00000000,0,0.00000000,14341,14309,173,0.00155566
1773320542.99213743,0.02537041,6180,0.00053491,0.00000000,0,0.00000000,14309,14410,175,0.00273285
1773320543.09210920,0.02386268,6188,0.00054110,0.00000000,0,0.00000000,14410,14458,134,0.00144683
1773320543.19218206,0.02300991,6179,0.00115307,0.00000000,0,0.00000000,14458,14462,146,0.00079280
1773320543.29202247,0.03827410,6206,0.00212953,0.00000000,0,0.00000000,14462,14424,120,0.00095083
1773320543.39209414,0.03032696,6182,0.00160361,0.00000000,0,0.00000000,14424,14469,147,0.00082498
1773320543.49211311,0.03055809,6159,0.00143728,0.00000000,0,0.00000000,14469,14510,125,0.00144662
1773320543.59289598,0.03015651,6199,0.00122678,0.00000000,0,0.00000000,14510,14573,124,0.00148993
1773320543.69209647,0.04499710,6189,0.00391609,0.00000000,0,0.00000000,14573,14541,145,0.00206229
1773320543.79201150,0.03200911,6186,0.00115858,0.00000000,0,0.00000000,14541,14457,154,0.00253882
1773320543.89204144,0.02772624,6195,0.00052553,0.00000000,0,0.00000000,14457,14517,143,0.00261571
1773320543.99205661,0.02835163,6198,0.00109795,0.00000000,0,0.00000000,14517,14592,133,0.00096904
1773320544.09207511,0.02757707,6192,0.00179329,0.00000000,0,0.00000000,14592,14652,124,0.00262831
1773320544.19199491,0.02211894,6195,0.00107274,0.00000000,0,0.00000000,14652,14650,144,0.00172681
1773320544.29200983,0.02535924,6184,0.00097354,0.00000000,0,0.00000000,14650,14701,102,0.00193578
1773320544.39208817,0.02550357,6159,0.00096794,0.00000000,0,0.00000000,14701,14765,127,0.00152408
1773320544.49193501,0.02601822,6200,0.00038150,0.00000000,0,0.00000000,14765,14833,115,0.00142437
1773320544.59283066,0.02776869,6210,0.00056422,0.00000000,0,0.00000000,14833,14835,116,0.00161134
1773320544.69197202,0.02570021,6200,0.00059518,0.00000000,0,0.00000000,14835,14837,108,0.00085102
1773320544.79211330,0.02258284,6184,0.00044004,0.00000000,0,0.00000000,14837,14856,92,0.00149127
1773320544.89191771,0.01955930,6214,0.00041203,0.00000000,0,0.00000000,14856,14890,100,0.00090060
1773320544.99194932,0.02700218,6186,0.00089399,0.00000000,0,0.00000000,14890,14951,87,0.00084741
1773320545.09195852,0.02078208,6205,0.00060487,0.00000000,0,0.00000000,14951,15003,86,0.00118043
1773320545.19200897,0.02550883,6201,0.00127040,0.00000000,0,0.00000000,15003,14927,87,0.00256552
1773320545.29199243,0.02767933,6183,0.00029883,0.00000000,0,0.00000000,14927,14971,86,0.00160420
1773320545.39208627,0.02631473,6135,0.00030717,0.00000000,0,0.00000000,14971,14972,83,0.00266836
1773320545.49193430,0.02617559,6209,0.00029750,0.00000000,0,0.00000000,14972,14998,87,0.00078613
1773320545.59279156,0.02176215,6172,0.00032694,0.00000000,0,0.00000000,14998,15044,92,0.00088289
1773320545.69201970,0.03512242,6160,0.00097731,0.00000000,0,0.00000000,15044,15007,80,0.00167298
1773320545.79199791,0.01723463,6167,0.00032236,0.00000000,0,0.00000000,15007,15070,107,0.00082417
1773320545.89204931,0.02051148,6167,0.00072690,0.00000000,0,0.00000000,15070,15103,97,0.00084242
1773320545.99188066,0.02446920,6183,0.00095391,0.00000000,0,0.00000000,15103,15118,95,0.00160201
1773320546.09195495,0.02470362,6181,0.00060989,0.00000000,0,0.00000000,15118,15140,94,0.00197066
1773320546.19200563,0.02542789,6175,0.00112313,0.00000000,0,0.00000000,15140,15065,84,0.00160757
1773320546.29198718,0.02616486,6234,0.00032299,0.00000000,0,0.00000000,15065,15105,87,0.00088342
1773320546.39199400,0.02528221,6181,0.00094680,0.00000000,0,0.00000000,15105,15100,92,0.00089008
1773320546.49184132,0.01877592,6200,0.00041474,0.00000000,0,0.00000000,15100,15155,96,0.00089898
1773320546.59269428,0.02655446,6226,0.00032993,0.00000000,0,0.00000000,15155,15188,98,0.00091057
1773320546.69187498,0.03235657,6191,0.00085427,0.00000000,0,0.00000000,15188,15222,88,0.00144983
1773320546.79186916,0.02848615,6205,0.00051016,0.00000000,0,0.00000000,15222,15242,98,0.00159218
1773320546.89189243,0.02865905,6238,0.00036992,0.00000000,0,0.00000000,15242,15279,100,0.00167453
1773320546.99201655,0.03000579,6175,0.00038258,0.00000000,0,0.00000000,15279,15305,99,0.00147355
1773320547.09182882,0.02788739,6241,0.00080019,0.00000000,0,0.00000000,15305,15148,113,0.00150587
1773320547.19186020,0.02696509,6223,0.00095267,0.00000000,0,0.00000000,15148,15224,112,0.00147667
1773320547.29184580,0.02885259,6246,0.00079095,0.00000000,0,0.00000000,15224,15272,101,0.00152285
1773320547.39186692,0.01948806,6216,0.00037618,0.00000000,0,0.00000000,15272,15254,82,0.00147309
1773320547.49188566,0.02139999,6228,0.00073246,0.00000000,0,0.00000000,15254,15292,88,0.00083847
1773320547.59273028,0.02416337,6214,0.00099296,0.00000000,0,0.00000000,15292,15313,90,0.00255000
1773320547.69198179,0.03276843,6232,0.00054741,0.00000000,0,0.00000000,15313,15319,117,0.00160727
1773320547.79195356,0.02669474,6222,0.00037725,0.00000000,0,0.00000000,15319,15369,103,0.00150286
1773320547.89205456,0.03032202,6224,0.00046058,0.00000000,0,0.00000000,15369,15381,101,0.00084893
1773320547.99202037,0.02572000,6214,0.00055831,0.00000000,0,0.00000000,15381,15367,80,0.00168737
1773320548.09179449,0.03775656,6247,0.00104113,0.00000000,0,0.00000000,15367,15397,99,0.00150488
1773320548.19208074,0.05461007,6181,0.00120310,0.00000000,0,0.00000000,15397,15432,81,0.00153517
1773320548.29195690,0.04222784,6232,0.00029053,0.00000000,0,0.00000000,15432,15452,77,0.00159345
1773320548.39188886,0.03579699,6252,0.00078467,0.00000000,0,0.00000000,15452,15486,79,0.00087670
1773320548.49194360,0.03290595,6193,0.00069897,0.00000000,0,0.00000000,15486,15517,72,0.00157143
1773320548.59263229,0.02848148,6268,0.00193299,0.00000000,0,0.00000000,15517,15527,63,0.00315076
1773320548.69201303,0.03287458,6235,0.00067052,0.00000000,0,0.00000000,15114,15163,88,0.00212860
1773320548.79197335,0.02570820,6233,0.00026579,0.00000000,0,0.00000000,15163,15172,74,0.00246310
1773320548.89203668,0.02239564,6183,0.00029478,0.00000000,0,0.00000000,15172,15186,61,0.00266255
1773320548.99187231,0.01871621,6208,0.00019121,0.00000000,0,0.00000000,15186,15209,67,0.00121703
1773320549.09193826,0.02940821,6218,0.00053527,0.00000000,0,0.00000000,15209,15254,68,0.00298379
1773320549.19202447,0.02807238,6235,0.00044501,0.00000000,0,0.00000000,15254,15292,58,0.00079634
1773320549.29197264,0.03072755,6209,0.00027624,0.00000000,0,0.00000000,15292,15318,75,0.00253980
1773320549.39203453,0.03026244,6176,0.00024608,0.00000000,0,0.00000000,15318,15336,53,0.00163761
1773320549.49225855,0.03073126,6181,0.00026990,0.00000000,0,0.00000000,15336,15330,51,0.00168218
1773320549.59255433,0.02846599,6256,0.00021655,0.00000000,0,0.00000000,15330,15342,51,0.00130068
1773320549.69199538,0.03223037,6235,0.00028960,0.00000000,0,0.00000000,15342,15363,59,0.00171963
1773320549.79202700,0.02854711,6176,0.00042280,0.00000000,0,0.00000000,15363,15381,44,0.00093096
1773320549.89183164,0.02862808,6200,0.00054474,0.00000000,0,0.00000000,15381,15394,45,0.00087449
1773320549.99182487,0.03487452,6229,0.00038059,0.00000000,0,0.00000000,15394,15415,43,0.00189885
1773320550.09193707,0.03000174,6218,0.00015904,0.00000000,0,0.00000000,15415,15426,45,0.00247114
1773320550.19197464,0.02656953,6198,0.00022053,0.00000000,0,0.00000000,15426,15451,59,0.00164884
1773320550.29200578,0.02838493,6196,0.00022117,0.00000000,0,0.00000000,15451,15468,53,0.00250230
1773320550.39182878,0.02833671,6228,0.00055229,0.00000000,0,0.00000000,15468,15160,60,0.00313000
1773320550.49191022,0.02574843,6195,0.00037853,0.00000000,0,0.00000000,15160,15186,50,0.00086768
1773320550.59258437,0.02464845,6248,0.00013297,0.00000000,0,0.00000000,15186,15221,45,0.00099238
1773320550.69201159,0.03699153,6182,0.00045980,0.00000000,0,0.00000000,15221,15231,49,0.00130909
1773320550.79194641,0.02992245,6232,0.00013924,0.00000000,0,0.00000000,15231,15255,46,0.00195576
1773320550.89194107,0.03044363,6225,0.00048617,0.00000000,0,0.00000000,15255,15266,47,0.00266215
1773320550.99197626,0.02824130,6197,0.00024602,0.00000000,0,0.00000000,15266,15286,54,0.00266554
1773320551.09197354,0.02791815,6194,0.00020273,0.00000000,0,0.00000000,15286,15312,45,0.00154363
1773320551.19198322,0.02685280,6217,0.00043405,0.00000000,0,0.00000000,15312,15299,41,0.00088841
1773320551.29198194,0.02252621,6173,0.00031240,0.00000000,0,0.00000000,15299,15313,38,0.00076942
1773320551.39198160,0.02645730,6137,0.00061550,0.00000000,0,0.00000000,15313,15316,52,0.00095164
1773320551.49187183,0.02965555,6150,0.00035788,0.00000000,0,0.00000000,15316,15331,39,0.00087386
1773320551.59252000,0.02546732,6169,0.00043462,0.00000000,0,0.00000000,15331,15334,46,0.00152185
1773320551.69171190,0.05365370,6179,0.00050615,0.00000000,0,0.00000000,15334,15345,36,0.00196469
1773320551.79209614,0.03530946,6142,0.00035211,0.00000000,0,0.00000000,15345,15361,34,0.00173295
1773320551.89187455,0.02702606,6155,0.00038276,0.00000000,0,0.00000000,15361,15378,45,0.00173773
1773320551.99195337,0.03024140,6172,0.00017206,0.00000000,0,0.00000000,15378,15409,51,0.00194861
1773320552.09193206,0.03261089,6174,0.00047063,0.00000000,0,0.00000000,15409,15442,52,0.00159014
1773320552.19200349,0.03680443,6126,0.00051011,0.00000000,0,0.00000000,15442,15472,73,0.00256200
1773320552.29184818,0.03956888,6150,0.00057047,0.00000000,0,0.00000000,15472,15493,69,0.00253440
1773320552.39181209,0.03984995,6199,0.00062289,0.00000000,0,0.00000000,15493,15512,79,0.00089025
1773320552.49229574,0.03953037,6112,0.00066096,0.00000000,0,0.00000000,15512,15554,79,0.00087884
1773320552.59249401,0.04149387,6131,0.00067499,0.00000000,0,0.00000000,15554,15605,90,0.00170614
1773320552.69168568,0.02421915,6180,0.00059050,0.00000000,0,0.00000000,15605,15626,98,0.00178589
1773320552.79192448,0.03563826,6090,0.00144612,0.00000000,0,0.00000000,15626,15621,113,0.00177238
1773320552.89170647,0.03846941,6158,0.00420487,0.00000000,0,0.00000000,15621,15661,112,0.00223301
1773320552.99187589,0.04095940,6193,0.00075889,0.00000000,0,0.00000000,14624,14678,100,0.00167241
1773320553.09230232,0.04434127,6109,0.00105166,0.00000000,0,0.00000000,14678,14735,117,0.00122227
1773320553.19191670,0.03918866,6127,0.00099274,0.00000000,0,0.00000000,14735,14784,122,0.00245178
1773320553.29217577,0.04635043,6151,0.00075983,0.00000000,0,0.00000000,14784,14841,122,0.00192474
1773320553.39220691,0.03251012,6094,0.00112857,0.00000000,0,0.00000000,14841,14907,141,0.00300460
1773320553.49198151,0.03441807,6081,0.00170741,0.00000000,0,0.00000000,14907,14963,138,0.00316375
1773320553.59240770,0.03965804,6194,0.00119404,0.00000000,0,0.00000000,14963,15055,161,0.00163682
1773320553.69214869,0.02837210,6190,0.00065278,0.00000000,0,0.00000000,15055,15108,148,0.00217397
1773320553.79220724,0.03596120,6110,0.00136944,0.00000000,0,0.00000000,15108,15138,136,0.00262122
1773320553.89193106,0.02895940,6162,0.00084486,0.00000000,0,0.00000000,15138,15212,159,0.00272218
1773320553.99225044,0.03246499,6145,0.00052230,0.00000000,0,0.00000000,15212,15270,146,0.00284828
1773320554.09232235,0.03131338,6186,0.00052233,0.00000000,0,0.00000000,15270,15344,138,0.00130044
1773320554.19226789,0.03059357,6163,0.00055263,0.00000000,0,0.00000000,15344,15419,158,0.00183736
1773320554.29226112,0.02663575,6119,0.00076032,0.00000000,0,0.00000000,15419,15536,190,0.00270600
1773320554.39182162,0.02551365,6159,0.00060184,0.00000000,0,0.00000000,15435,15505,169,0.00164835
1773320554.49181700,0.02349261,6074,0.00092863,0.00000000,0,0.00000000,15505,15584,147,0.00089987
1773320554.59241009,0.03518301,6197,0.00147273,0.00000000,0,0.00000000,15584,15592,136,0.00095560
1773320554.69198012,0.03569175,6082,0.00086702,0.00000000,0,0.00000000,15592,15640,107,0.00175052
1773320554.79170942,0.03616774,6178,0.00084136,0.00000000,0,0.00000000,15640,15716,104,0.00278863
1773320554.89186621,0.02928041,6127,0.00081844,0.00000000,0,0.00000000,15716,15680,99,0.00151963
1773320554.99192786,0.03332616,6173,0.00042028,0.00000000,0,0.00000000,15680,15723,114,0.00203020
1773320555.09222913,0.02739269,6119,0.00043135,0.00000000,0,0.00000000,15723,15744,102,0.00156794
1773320555.19222474,0.03100135,6154,0.00097799,0.00000000,0,0.00000000,15744,15788,104,0.00186110
1773320555.29224396,0.02361049,6110,0.00053935,0.00000000,0,0.00000000,15788,15846,86,0.00122566
1773320555.39209008,0.02455548,6143,0.00047176,0.00000000,0,0.00000000,15846,15890,74,0.00173634
1773320555.49218178,0.01911482,6055,0.00063316,0.00000000,0,0.00000000,15890,15920,72,0.00195366
1773320555.59226799,0.03437639,6211,0.00026747,0.00000000,0,0.00000000,15920,15946,80,0.00277848
1773320555.69191599,0.03216804,6163,0.00130393,0.00000000,0,0.00000000,15946,15907,91,0.00141526
1773320555.79220843,0.03279271,6097,0.00059855,0.00000000,0,0.00000000,15907,15824,73,0.00164732
1773320555.89183068,0.02716100,6125,0.00021368,0.00000000,0,0.00000000,15824,15854,63,0.00130528
1773320555.99182987,0.02510004,6153,0.00019377,0.00000000,0,0.00000000,15854,15895,76,0.00081705
1773320556.09215832,0.02412787,6087,0.00024928,0.00000000,0,0.00000000,15895,15944,73,0.00226512
1773320556.19179821,0.02389856,6194,0.00047299,0.00000000,0,0.00000000,15944,15977,65,0.00140389
1773320556.29314780,0.02450223,6143,0.00052602,0.00000000,0,0.00000000,15977,16005,71,0.00086587
1773320556.39323902,0.02569240,6141,0.00046922,0.00000000,0,0.00000000,16005,16031,65,0.00191956
1773320556.49313164,0.02297879,6078,0.00059433,0.00000000,0,0.00000000,16031,16012,51,0.00202434
1773320556.59230590,0.01978391,6218,0.00059285,0.00000000,0,0.00000000,16012,16044,67,0.00171202
1773320556.69219851,0.03450083,6152,0.00055914,0.00000000,0,0.00000000,16044,16077,56,0.00178215
1773320556.79222894,0.02425816,6173,0.00040401,0.00000000,0,0.00000000,16077,16106,53,0.00153541
1773320556.89215255,0.02655410,6137,0.00062667,0.00000000,0,0.00000000,16106,16132,73,0.00077490
1773320556.99184370,0.02697772,6176,0.00062579,0.00000000,0,0.00000000,16132,16155,75,0.00112418
1773320557.09316349,0.03053420,6132,0.00038202,0.00000000,0,0.00000000,16155,16171,49,0.00278315
1773320557.19187570,0.02384409,6191,0.00042416,0.00000000,0,0.00000000,16171,16205,53,0.00088308
1773320557.29212308,0.02756371,6194,0.00056902,0.00000000,0,0.00000000,16205,16206,56,0.00186627
1773320557.39318609,0.03053749,6160,0.00027946,0.00000000,0,0.00000000,16206,16214,60,0.00186439
1773320557.49207568,0.02834645,6123,0.00024734,0.00000000,0,0.00000000,16214,16233,53,0.00269173
1773320557.59236145,0.03793838,6211,0.00021787,0.00000000,0,0.00000000,16233,16256,55,0.00125938
1773320557.69176006,0.01922187,6190,0.00056250,0.00000000,0,0.00000000,16256,16274,64,0.00148242
1773320557.79209900,0.03654649,6168,0.00047438,0.00000000,0,0.00000000,16274,16305,61,0.00108311
1773320557.89223957,0.03575098,6184,0.00046142,0.00000000,0,0.00000000,16305,16330,51,0.00093386
1773320557.99315739,0.03527156,6174,0.00028266,0.00000000,0,0.00000000,16330,16330,66,0.00089617
1773320558.09314227,0.02824411,6180,0.00041386,0.00000000,0,0.00000000,16330,16353,50,0.00083062
1773320558.19312453,0.02696346,6178,0.00028291,0.00000000,0,0.00000000,16353,16366,63,0.00232892
1773320558.29314017,0.03169877,6139,0.00021388,0.00000000,0,0.00000000,16366,16393,56,0.00171850
1773320558.39211369,0.02680207,6188,0.00015659,0.00000000,0,0.00000000,16393,16413,54,0.00277985
1773320558.49314904,0.02686061,6091,0.00056250,0.00000000,0,0.00000000,16413,16450,65,0.00076121
1773320558.59221458,0.02881848,6272,0.00015204,0.00000000,0,0.00000000,16450,16485,52,0.00174237
1773320558.69316268,0.03580914,6156,0.00029727,0.00000000,0,0.00000000,16485,16509,71,0.00089339
1773320558.79213071,0.03563066,6182,0.00053826,0.00000000,0,0.00000000,16509,16528,71,0.00241538
1773320558.89315224,0.02763955,6127,0.00046995,0.00000000,0,0.00000000,16528,16527,48,0.00270407
1773320558.99309182,0.02893365,6197,0.00049663,0.00000000,0,0.00000000,16527,16545,54,0.00202822
1773320559.09301758,0.02820659,6155,0.00028291,0.00000000,0,0.00000000,16545,16540,51,0.00241256
1773320559.19304228,0.02760190,6156,0.00016244,0.00000000,0,0.00000000,16540,16553,49,0.00201096
1773320559.29318786,0.02887809,6146,0.00013979,0.00000000,0,0.00000000,16553,16569,49,0.00267081
1773320559.39317274,0.03099262,6127,0.00044373,0.00000000,0,0.00000000,16569,16594,61,0.00082714
1773320559.49309373,0.01834657,6066,0.00007545,0.00000000,0,0.00000000,16594,16612,34,0.00079290
1773320559.59260726,0.02424314,6264,0.00009522,0.00000000,0,0.00000000,16612,16637,38,0.00224838
1773320559.69331884,0.01490411,6157,0.00011650,0.00000000,0,0.00000000,16637,16647,43,0.00095803
1773320559.79318094,0.03435489,6112,0.00036551,0.00000000,0,0.00000000,16647,16646,37,0.00132673
1773320559.89197826,0.02558772,6155,0.00030811,0.00000000,0,0.00000000,16646,16659,42,0.00151706
1773320559.99297500,0.03511800,6183,0.00044416,0.00000000,0,0.00000000,16659,16667,47,0.00202126
1773320560.09312868,0.02391918,6163,0.00009349,0.00000000,0,0.00000000,16667,16676,28,0.00083400
1773320560.19301915,0.02395006,6147,0.00040235,0.00000000,0,0.00000000,16676,16687,44,0.00191344
1773320560.29316020,0.02470231,6200,0.00031605,0.00000000,0,0.00000000,16687,16697,33,0.00086460
1773320560.39305186,0.02689542,6170,0.00040115,0.00000000,0,0.00000000,16697,16720,49,0.00364644
1773320560.49303365,0.02812675,6070,0.00040406,0.00000000,0,0.00000000,16720,16735,45,0.00165564
1773320560.59218860,0.02202004,6247,0.00040105,0.00000000,0,0.00000000,16735,16742,40,0.00149262
1773320560.69171095,0.02831415,6261,0.00014457,0.00000000,0,0.00000000,16742,16744,35,0.00201364
1773320560.79321980,0.02778602,6216,0.00026502,0.00000000,0,0.00000000,16744,16760,39,0.00162284
1773320560.89317727,0.03061956,6211,0.00016156,0.00000000,0,0.00000000,16760,16769,25,0.00093874
1773320560.99303651,0.02285944,6211,0.00039333,0.00000000,0,0.00000000,16769,16781,52,0.00200850
1773320561.09302902,0.02221095,6231,0.00036054,0.00000000,0,0.00000000,16781,16797,55,0.00261903
1773320561.19302058,0.02763257,6232,0.00039190,0.00000000,0,0.00000000,16797,16806,46,0.00258486
1773320561.29318023,0.02402821,6212,0.00035646,0.00000000,0,0.00000000,16806,16837,61,0.00269639
1773320561.39315486,0.02853195,6248,0.00019000,0.00000000,0,0.00000000,16837,16850,49,0.00299066
1773320561.49297810,0.02501415,6161,0.00018401,0.00000000,0,0.00000000,16850,16876,62,0.00155863
1773320561.59215164,0.03083913,6343,0.00022088,0.00000000,0,0.00000000,16876,16923,72,0.00252460
1773320561.69302773,0.03007429,6192,0.00081192,0.00000000,0,0.00000000,16923,16973,98,0.00117103
1773320561.79322886,0.03194055,6234,0.00040267,0.00000000,0,0.00000000,16973,17034,126,0.00116862
1773320561.89311504,0.03067103,6227,0.00114345,0.00000000,0,0.00000000,17034,17079,136,0.00090906
1773320561.99310946,0.02862072,6182,0.00093947,0.00000000,0,0.00000000,17079,17155,152,0.00107477
1773320562.09291673,0.02485313,6195,0.00116412,0.00000000,0,0.00000000,17155,17219,140,0.00183844
1773320562.19302511,0.02259061,6236,0.00079563,0.00000000,0,0.00000000,17219,17272,147,0.00200519
1773320562.29319453,0.03138329,6204,0.00070702,0.00000000,0,0.00000000,17272,17308,156,0.00232311
1773320562.39300513,0.03203413,6250,0.00074816,0.00000000,0,0.00000000,17308,17384,152,0.00276531
1773320562.49303031,0.03014581,6126,0.00174272,0.00000000,0,0.00000000,17384,17407,153,0.00084441
1773320562.59213185,0.02958965,6318,0.00043008,0.00000000,0,0.00000000,17407,17465,151,0.00123908
1773320562.69300532,0.02950522,6276,0.00230246,0.00000000,0,0.00000000,17465,17486,154,0.00081720
1773320562.79314613,0.02446858,6251,0.00102186,0.00000000,0,0.00000000,17486,17528,135,0.00149996
1773320562.89319348,0.03413658,6219,0.00154239,0.00000000,0,0.00000000,17528,17572,124,0.00268604
1773320562.99295974,0.02789246,6284,0.00220223,0.00000000,0,0.00000000,17572,17537,111,0.00188537
1773320563.09313989,0.03073233,6192,0.00040513,0.00000000,0,0.00000000,17537,17577,97,0.00268987
1773320563.19297886,0.02921409,6227,0.00035333,0.00000000,0,0.00000000,17577,17633,108,0.00144607
1773320563.29300427,0.02941888,6239,0.00098939,0.00000000,0,0.00000000,17633,17708,142,0.00075887
1773320563.39303207,0.03261081,6200,0.00156032,0.00000000,0,0.00000000,17708,17767,104,0.00254266
1773320563.49302077,0.02711432,6170,0.00084457,0.00000000,0,0.00000000,17422,17497,112,0.00139318
1773320563.59207845,0.02260025,6308,0.00054908,0.00000000,0,0.00000000,17497,17535,95,0.00276744
1773320563.69297647,0.03163648,6204,0.00071363,0.00000000,0,0.00000000,17535,17542,91,0.00203861
1773320563.79190731,0.03046286,6268,0.00074806,0.00000000,0,0.00000000,17542,17573,87,0.00155848
1773320563.89295125,0.02852531,6210,0.00086260,0.00000000,0,0.00000000,17573,17603,97,0.00175307
1773320563.99303722,0.02837549,6202,0.00095938,0.00000000,0,0.00000000,17603,17596,78,0.00198982
1773320564.09302354,0.03060831,6155,0.00070380,0.00000000,0,0.00000000,17596,17614,71,0.00082089
1773320564.19171143,0.03022152,6252,0.00049413,0.00000000,0,0.00000000,17614,17624,57,0.00224865
1773320564.29321861,0.02466068,6201,0.00070308,0.00000000,0,0.00000000,17624,17666,79,0.00086831
1773320564.39287448,0.02463659,6235,0.00069119,0.00000000,0,0.00000000,17666,17676,78,0.00157745
1773320564.49292088,0.02388706,6156,0.00087066,0.00000000,0,0.00000000,17676,17688,77,0.00074147
1773320564.59208441,0.03035168,6347,0.00023008,0.00000000,0,0.00000000,17688,17743,74,0.00236626
1773320564.69297481,0.03058069,6231,0.00023466,0.00000000,0,0.00000000,17743,17745,57,0.00179741
1773320564.79288840,0.03031742,6230,0.00067832,0.00000000,0,0.00000000,17745,17780,81,0.00290821
1773320564.89300299,0.02747623,6262,0.00029214,0.00000000,0,0.00000000,17780,17788,64,0.00116402
1773320564.99300289,0.02178095,6209,0.00043939,0.00000000,0,0.00000000,17788,17781,63,0.00101471
1773320565.09294057,0.02345424,6233,0.00075051,0.00000000,0,0.00000000,17781,17766,69,0.00154016
1773320565.19290352,0.02381310,6266,0.00062723,0.00000000,0,0.00000000,17766,17724,70,0.00209072
1773320565.29298878,0.02176819,6231,0.00055851,0.00000000,0,0.00000000,17724,17730,60,0.00081006
1773320565.39292574,0.02411675,6251,0.00070739,0.00000000,0,0.00000000,17730,17742,56,0.00224906
1773320565.49295211,0.02922186,6171,0.00022792,0.00000000,0,0.00000000,17742,17781,66,0.00192893
1773320565.59208441,0.03143460,6334,0.00033090,0.00000000,0,0.00000000,17781,17797,70,0.00136229
1773320565.69302559,0.01868791,6273,0.00027205,0.00000000,0,0.00000000,17797,17803,66,0.00127395
1773320565.79302955,0.03456733,6224,0.00061281,0.00000000,0,0.00000000,17803,17815,55,0.00111706
1773320565.89278984,0.02928777,6258,0.00046605,0.00000000,0,0.00000000,17815,17824,45,0.00082366
1773320565.99294519,0.03277842,6258,0.00064435,0.00000000,0,0.00000000,17824,17859,61,0.00217734
1773320566.09287357,0.03366607,6242,0.00068448,0.00000000,0,0.00000000,17859,17873,63,0.00079731
1773320566.19295716,0.03653365,6262,0.00066489,0.00000000,0,0.00000000,17873,17890,65,0.00308444
1773320566.29298568,0.03040345,6241,0.00067100,0.00000000,0,0.00000000,17890,17897,56,0.00299371
1773320566.39295626,0.02388790,6259,0.00044781,0.00000000,0,0.00000000,17897,17934,69,0.00290379
1773320566.49305153,0.03054488,6170,0.00059220,0.00000000,0,0.00000000,17934,17936,54,0.00149371
1773320566.59216547,0.02453712,6311,0.00066537,0.00000000,0,0.00000000,17936,17962,78,0.00093192
1773320566.69284630,0.03181647,6270,0.00062242,0.00000000,0,0.00000000,17962,17992,66,0.00308708
1773320566.79282117,0.02607055,6239,0.00042275,0.00000000,0,0.00000000,17992,17994,40,0.00170011
1773320566.89292026,0.03041375,6249,0.00022273,0.00000000,0,0.00000000,17994,18025,59,0.00268473
1773320566.99294233,0.03044673,6242,0.00024526,0.00000000,0,0.00000000,18025,18050,63,0.00219331
1773320567.09296918,0.03088985,6202,0.00056036,0.00000000,0,0.00000000,18050,18054,59,0.00187389
1773320567.19279408,0.02907503,6227,0.00051908,0.00000000,0,0.00000000,18054,18047,47,0.00154132
1773320567.29285550,0.02954423,6249,0.00072440,0.00000000,0,0.00000000,18047,18054,64,0.00171491
1773320567.39295316,0.02258054,6242,0.00037238,0.00000000,0,0.00000000,18054,18075,50,0.00087049
1773320567.49296713,0.02404291,6142,0.00056712,0.00000000,0,0.00000000,18075,18115,79,0.00194038
1773320567.59206367,0.02425493,6265,0.00070551,0.00000000,0,0.00000000,18115,18136,70,0.00200989
1773320567.69287086,0.03161105,6211,0.00076186,0.00000000,0,0.00000000,18136,18151,66,0.00166826
1773320567.79279304,0.02637086,6252,0.00024465,0.00000000,0,0.00000000,18151,18141,55,0.00204932
1773320567.89281249,0.02840885,6216,0.00020129,0.00000000,0,0.00000000,18141,18162,59,0.00163386
1773320567.99294686,0.02341282,6212,0.00020835,0.00000000,0,0.00000000,18162,18178,59,0.00147464
1773320568.09291863,0.02484311,6196,0.00072720,0.00000000,0,0.00000000,18178,18193,57,0.00183966
1773320568.19278669,0.02488907,6260,0.00045923,0.00000000,0,0.00000000,18193,18207,54,0.00125949
1773320568.29295588,0.02974687,6176,0.00030732,0.00000000,0,0.00000000,18207,18209,64,0.00090828
1773320568.39286709,0.02569678,6217,0.00048695,0.00000000,0,0.00000000,18209,18217,54,0.00205570
1773320568.49292207,0.02427048,6135,0.00068301,0.00000000,0,0.00000000,18217,18173,43,0.00269768
1773320568.59214187,0.03262481,6278,0.00038634,0.00000000,0,0.00000000,18173,18187,50,0.00156160
1773320568.69284129,0.03096403,6207,0.00025498,0.00000000,0,0.00000000,18187,18194,51,0.00165226
1773320568.79287553,0.02762173,6212,0.00018735,0.00000000,0,0.00000000,18194,18215,42,0.00218106
1773320568.89291525,0.02654989,6163,0.00038221,0.00000000,0,0.00000000,18215,18223,39,0.00130457
1773320568.99274540,0.02710703,6194,0.00017997,0.00000000,0,0.00000000,18223,18231,47,0.00176805
1773320569.09276533,0.02852884,6262,0.00042655,0.00000000,0,0.00000000,18231,18244,45,0.00239397
1773320569.19295454,0.02641260,6212,0.00043233,0.00000000,0,0.00000000,18244,18254,44,0.00111828
1773320569.29280043,0.02555967,6201,0.00045200,0.00000000,0,0.00000000,18254,18236,34,0.00244119
1773320569.39281678,0.02761590,6224,0.00036957,0.00000000,0,0.00000000,18236,18245,43,0.00081250
1773320569.49296021,0.02655199,6150,0.00009918,0.00000000,0,0.00000000,18245,18242,27,0.00219331
1773320569.59207320,0.03261243,6314,0.00022022,0.00000000,0,0.00000000,18242,18266,51,0.00143692
1773320569.69279027,0.01881858,6235,0.00009087,0.00000000,0,0.00000000,18266,18275,40,0.00110134
1773320569.79286814,0.02662938,6215,0.00033272,0.00000000,0,0.00000000,18275,18275,38,0.00088889
1773320569.89288568,0.02000845,6166,0.00014279,0.00000000,0,0.00000000,18275,18285,44,0.00084320
1773320569.99269891,0.02592054,6206,0.00014043,0.00000000,0,0.00000000,18285,18291,43,0.00196881
1773320570.09288526,0.02623914,6198,0.00030768,0.00000000,0,0.00000000,18291,18293,42,0.00073533
1773320570.19273877,0.02645765,6230,0.00023323,0.00000000,0,0.00000000,18293,18315,54,0.00167760
1773320570.29276896,0.02625559,6239,0.00020182,0.00000000,0,0.00000000,18315,18319,45,0.00212685
1773320570.39274287,0.02594036,6219,0.00014374,0.00000000,0,0.00000000,18319,18323,40,0.00129844
1773320570.49275970,0.03006324,6106,0.00036743,0.00000000,0,0.00000000,18323,18339,40,0.00076396
1773320570.59187174,0.03607002,6357,0.00045543,0.00000000,0,0.00000000,18339,18342,46,0.00086849
1773320570.69281602,0.01978127,6228,0.00013749,0.00000000,0,0.00000000,18342,18361,45,0.00291500
1773320570.79286170,0.03436170,6188,0.00046221,0.00000000,0,0.00000000,18361,18363,38,0.00165022
1773320570.89269352,0.03518940,6243,0.00049096,0.00000000,0,0.00000000,18363,18378,47,0.00300023
1773320570.99276805,0.03308902,6223,0.00034147,0.00000000,0,0.00000000,18378,18399,47,0.00102536
1773320571.09281397,0.03375211,6240,0.00032975,0.00000000,0,0.00000000,18399,18403,42,0.00082938
1773320571.19284940,0.02946036,6242,0.00016732,0.00000000,0,0.00000000,18403,18427,46,0.00292603
1773320571.29287529,0.02552298,6195,0.00017827,0.00000000,0,0.00000000,18427,18451,46,0.00280004
1773320571.39273930,0.02200225,6251,0.00025010,0.00000000,0,0.00000000,18451,18460,28,0.00195927
1773320571.49289393,0.02104136,6098,0.00043749,0.00000000,0,0.00000000,18460,18449,47,0.00310630
1773320571.59185982,0.02287398,6351,0.00030871,0.00000000,0,0.00000000,18449,18454,42,0.00128549
1773320571.69278669,0.03031351,6224,0.00038106,0.00000000,0,0.00000000,18454,18461,47,0.00173248
1773320571.79281902,0.02482252,6252,0.00030281,0.00000000,0,0.00000000,18461,18470,46,0.00179915
1773320571.89280558,0.03416440,6201,0.00018940,0.00000000,0,0.00000000,18470,18467,38,0.00172854
1773320571.99284434,0.03053733,6215,0.00015840,0.00000000,0,0.00000000,18467,18468,40,0.00224628
1773320572.09285784,0.02854692,6214,0.00054918,0.00000000,0,0.00000000,18468,18481,50,0.00083992
1773320572.19288516,0.02980496,6222,0.00013843,0.00000000,0,0.00000000,18481,18487,44,0.00198498
1773320572.29285169,0.02909666,6213,0.00045082,0.00000000,0,0.00000000,18487,18480,46,0.00085865
1773320572.39347577,0.02271257,6210,0.00011774,0.00000000,0,0.00000000,18480,18499,40,0.00080705
1773320572.49272680,0.02036761,6153,0.00034005,0.00000000,0,0.00000000,18499,18457,42,0.00121524
1773320572.59200716,0.02132493,6263,0.00018491,0.00000000,0,0.00000000,18457,18469,47,0.00127002
1773320572.69279981,0.02184757,6239,0.00043339,0.00000000,0,0.00000000,18469,18494,56,0.00177421
1773320572.79277706,0.02459063,6240,0.00019376,0.00000000,0,0.00000000,18494,18480,42,0.00242796
1773320572.89277506,0.03019021,6256,0.00039541,0.00000000,0,0.00000000,18480,18501,48,0.00164460
1773320572.99285698,0.02935432,6191,0.00017872,0.00000000,0,0.00000000,18501,18511,54,0.00312145
1773320573.09270096,0.02885971,6227,0.00016208,0.00000000,0,0.00000000,18511,18511,38,0.00084773
1773320573.19278622,0.03090054,6272,0.00062126,0.00000000,0,0.00000000,18511,18509,46,0.00179518
1773320573.29279137,0.02354112,6236,0.00015032,0.00000000,0,0.00000000,18509,18532,43,0.00171938
1773320573.39278507,0.02901972,6228,0.00056155,0.00000000,0,0.00000000,18532,18522,51,0.00090103
1773320573.49280262,0.02048340,6135,0.00035231,0.00000000,0,0.00000000,18522,18538,38,0.00086136
1773320573.59187913,0.02554704,6336,0.00050877,0.00000000,0,0.00000000,18538,18556,47,0.00192307
1773320573.69270420,0.02682064,6239,0.00029974,0.00000000,0,0.00000000,18556,18558,35,0.00199793
1773320573.79275298,0.03350313,6215,0.00039099,0.00000000,0,0.00000000,18558,18569,38,0.00197614
1773320573.89273667,0.03064901,6240,0.00038919,0.00000000,0,0.00000000,18569,18600,55,0.00134734
1773320573.99277806,0.03050342,6245,0.00017510,0.00000000,0,0.00000000,18600,18613,47,0.00161977
1773320574.09278345,0.02998553,6208,0.00023140,0.00000000,0,0.00000000,18613,18618,51,0.00220373
1773320574.19270372,0.03064233,6213,0.00035957,0.00000000,0,0.00000000,18618,18630,42,0.00192812
1773320574.29271817,0.03160498,6228,0.00027503,0.00000000,0,0.00000000,18630,18623,39,0.00163732
1773320574.39277029,0.02345801,6221,0.00039555,0.00000000,0,0.00000000,18623,18632,39,0.00087073
1773320574.49275208,0.02447074,6130,0.00040776,0.00000000,0,0.00000000,18632,18652,41,0.00185029
1773320574.59188080,0.02549615,6306,0.00030474,0.00000000,0,0.00000000,18652,18642,35,0.00167437
1773320574.69278193,0.03538635,6217,0.00031234,0.00000000,0,0.00000000,18642,18652,43,0.00153472
1773320574.79265642,0.03343787,6233,0.00051442,0.00000000,0,0.00000000,18652,18662,47,0.00205752
1773320574.89263201,0.03131011,6223,0.00061739,0.00000000,0,0.00000000,18662,18683,61,0.00152517
1773320574.99275565,0.03128576,6232,0.00015395,0.00000000,0,0.00000000,18683,18697,38,0.00182072
1773320575.09280705,0.02604453,6232,0.00020696,0.00000000,0,0.00000000,18697,18687,33,0.00146842
1773320575.19276476,0.02179715,6194,0.00010151,0.00000000,0,0.00000000,18687,18697,41,0.00148300
1773320575.29270530,0.02576649,6131,0.00026492,0.00000000,0,0.00000000,18697,18710,41,0.00248875
1773320575.39190936,0.03070245,6274,0.00037706,0.00000000,0,0.00000000,18710,18720,43,0.00087025
1773320575.49298668,0.03226157,6062,0.00040168,0.00000000,0,0.00000000,18720,18722,38,0.00169012
1773320575.59163833,0.03457342,6272,0.00014657,0.00000000,0,0.00000000,18722,18726,40,0.00181928
1773320575.69260621,0.01978470,6204,0.00015614,0.00000000,0,0.00000000,18726,18740,48,0.00241959
1773320575.79262471,0.03669476,6199,0.00039828,0.00000000,0,0.00000000,18740,18752,47,0.00314676
1773320575.89266753,0.03509540,6195,0.00033693,0.00000000,0,0.00000000,18752,18763,42,0.00195613
1773320575.99274206,0.02836195,6074,0.00027925,0.00000000,0,0.00000000,18763,18770,38,0.00169755
1773320576.09093881,0.03296095,6296,0.00036178,0.00000000,0,0.00000000,18770,18768,40,0.00091364
1773320576.19264889,0.03214282,6215,0.00012028,0.00000000,0,0.00000000,18768,18776,34,0.00178326
1773320576.29270911,0.02993747,6212,0.00013647,0.00000000,0,0.00000000,18776,18778,45,0.00270930
1773320576.39272070,0.02835530,6204,0.00019539,0.00000000,0,0.00000000,18778,18739,34,0.00088457
1773320576.49259281,0.02593683,6142,0.00015038,0.00000000,0,0.00000000,18739,18733,41,0.00316144
1773320576.59197354,0.03005362,6226,0.00022069,0.00000000,0,0.00000000,18733,18730,36,0.00230407
1773320576.69264102,0.01882908,6172,0.00014332,0.00000000,0,0.00000000,18730,18734,48,0.00089956
1773320576.79268217,0.03451452,6186,0.00042819,0.00000000,0,0.00000000,18734,18741,42,0.00172918
1773320576.89282680,0.02920451,6137,0.00029320,0.00000000,0,0.00000000,18741,18742,43,0.00168989
1773320576.99258208,0.03317693,6176,0.00033056,0.00000000,0,0.00000000,18742,18758,40,0.00171441
1773320577.09271741,0.03276502,6170,0.00035115,0.00000000,0,0.00000000,18758,18765,33,0.00114939
1773320577.19264126,0.03406716,6207,0.00032607,0.00000000,0,0.00000000,18765,18778,40,0.00098033
1773320577.29266548,0.02473215,6203,0.00024745,0.00000000,0,0.00000000,18778,18788,32,0.00179333
1773320577.39269114,0.03299201,6162,0.00010476,0.00000000,0,0.00000000,18788,18801,32,0.00173530
1773320577.49270201,0.03317649,6089,0.00011818,0.00000000,0,0.00000000,18801,18812,43,0.00285441
1773320577.59184861,0.03256305,6173,0.00010265,0.00000000,0,0.00000000,18812,18819,34,0.00311201
1773320577.69261742,0.02712520,6148,0.00047435,0.00000000,0,0.00000000,18819,18810,43,0.00197199
1773320577.79263830,0.02984936,6144,0.00037579,0.00000000,0,0.00000000,18810,18810,46,0.00196953
1773320577.89259672,0.02869538,6142,0.00017091,0.00000000,0,0.00000000,18810,18824,51,0.00162951
1773320577.99266124,0.03276662,6157,0.00053607,0.00000000,0,0.00000000,18824,18806,45,0.00148674
1773320578.09263921,0.02520207,6132,0.00037230,0.00000000,0,0.00000000,18806,18820,37,0.00112746
1773320578.19257712,0.02280686,6180,0.00018737,0.00000000,0,0.00000000,18820,18832,40,0.00184328
1773320578.29258442,0.02921220,6190,0.00032458,0.00000000,0,0.00000000,18832,18843,44,0.00273601
1773320578.39259267,0.03187786,6187,0.00020883,0.00000000,0,0.00000000,18843,18834,34,0.00175060
1773320578.49261594,0.02859302,6150,0.00015924,0.00000000,0,0.00000000,18834,18822,43,0.00169320
1773320578.59198022,0.03427815,6234,0.00014908,0.00000000,0,0.00000000,18822,18822,35,0.00207695
1773320578.69263434,0.02238465,6220,0.00029515,0.00000000,0,0.00000000,18822,18833,50,0.00091685
1773320578.79265022,0.02772507,6161,0.00032057,0.00000000,0,0.00000000,18833,18849,43,0.00122414
1773320578.89262486,0.02729078,6171,0.00010085,0.00000000,0,0.00000000,18849,18863,32,0.00087507
1773320578.99252915,0.02969756,6186,0.00022726,0.00000000,0,0.00000000,18863,18883,54,0.00088504
1773320579.09258413,0.02943456,6190,0.00010193,0.00000000,0,0.00000000,18883,18894,33,0.00147588
1773320579.19266152,0.03120668,6170,0.00025225,0.00000000,0,0.00000000,18894,18897,28,0.00087709
1773320579.29251432,0.02746789,6192,0.00031603,0.00000000,0,0.00000000,18897,18901,35,0.00145486
1773320579.39264035,0.02432510,6152,0.00032607,0.00000000,0,0.00000000,18901,18901,32,0.00205194
1773320579.49256420,0.02982645,6107,0.00034303,0.00000000,0,0.00000000,18901,18914,43,0.00170492
1773320579.59193397,0.03317323,6168,0.00025541,0.00000000,0,0.00000000,18914,18914,31,0.00183254
1773320579.69250584,0.02198056,6175,0.00010620,0.00000000,0,0.00000000,18914,18928,39,0.00149115
1773320579.79259753,0.03345002,6138,0.00015972,0.00000000,0,0.00000000,18928,18939,45,0.00142886
1773320579.89252472,0.03084604,6164,0.00031935,0.00000000,0,0.00000000,18939,18947,36,0.00102870
1773320579.99254370,0.03100872,6167,0.00013145,0.00000000,0,0.00000000,18947,18957,40,0.00144092
1773320580.09263134,0.03253289,6138,0.00012690,0.00000000,0,0.00000000,18957,18962,32,0.00084984
1773320580.19254327,0.02724730,6212,0.00016700,0.00000000,0,0.00000000,18962,18968,37,0.00200248
1773320580.29256558,0.02940703,6181,0.00039081,0.00000000,0,0.00000000,18968,18959,33,0.00106016
1773320580.39254284,0.02972484,6192,0.00034921,0.00000000,0,0.00000000,18959,18968,29,0.00081045
1773320580.49267006,0.03391817,6180,0.00031801,0.00000000,0,0.00000000,18968,18970,32,0.00091187
1773320580.59203124,0.03693842,6250,0.00011997,0.00000000,0,0.00000000,18970,18980,40,0.00122356
1773320580.69249511,0.02151360,6210,0.00017338,0.00000000,0,0.00000000,18980,18972,39,0.00256543
1773320580.79251957,0.03401094,6168,0.00014879,0.00000000,0,0.00000000,18972,18966,35,0.00301388
1773320580.89260721,0.03349791,6209,0.00034835,0.00000000,0,0.00000000,18966,18972,33,0.00267781
1773320580.99258137,0.03146426,6229,0.00048175,0.00000000,0,0.00000000,18972,18984,42,0.00310309
1773320581.09250784,0.03546792,6193,0.00014829,0.00000000,0,0.00000000,18984,18994,44,0.00127699
1773320581.19257498,0.03428228,6187,0.00048385,0.00000000,0,0.00000000,18994,19000,47,0.00079636
1773320581.29240751,0.03479614,6218,0.00026830,0.00000000,0,0.00000000,19000,18989,40,0.00153505
1773320581.39246678,0.03001881,6216,0.00031470,0.00000000,0,0.00000000,18989,19005,40,0.00182708
1773320581.49250007,0.03048900,6127,0.00039193,0.00000000,0,0.00000000,19005,19001,38,0.00281415
1773320581.59186769,0.03185647,6240,0.00049029,0.00000000,0,0.00000000,19001,19017,54,0.00267831
1773320581.69246721,0.02992714,6195,0.00032757,0.00000000,0,0.00000000,19017,19021,38,0.00088904
1773320581.79252720,0.03341978,6193,0.00051736,0.00000000,0,0.00000000,19021,19028,44,0.00178761
1773320581.89255023,0.02900284,6159,0.00044146,0.00000000,0,0.00000000,19028,19030,48,0.00235759
1773320581.99241853,0.02831324,6197,0.00033029,0.00000000,0,0.00000000,19030,19035,44,0.00249032
1773320582.09248209,0.02984710,6185,0.00014882,0.00000000,0,0.00000000,19035,19048,35,0.00088368
1773320582.19253826,0.02686184,6233,0.00015517,0.00000000,0,0.00000000,19048,19049,41,0.00086174
1773320582.29245901,0.02283207,6185,0.00010279,0.00000000,0,0.00000000,19049,19055,26,0.00202233
1773320582.39237309,0.02620683,6199,0.00012935,0.00000000,0,0.00000000,19055,19063,34,0.00083663
1773320582.49241018,0.02977858,6181,0.00030321,0.00000000,0,0.00000000,19063,19074,43,0.00087999
1773320582.59197330,0.03507829,6244,0.00030566,0.00000000,0,0.00000000,19074,19082,41,0.00118878
1773320582.69253302,0.01717318,6168,0.00013455,0.00000000,0,0.00000000,19082,19089,37,0.00279453
1773320582.79247451,0.03081954,6176,0.00037255,0.00000000,0,0.00000000,19089,19094,35,0.00274598
1773320582.89257717,0.03070997,6159,0.00026415,0.00000000,0,0.00000000,19094,19103,24,0.00177714
1773320582.99243736,0.02768751,6135,0.00031273,0.00000000,0,0.00000000,19103,19117,37,0.00081890
1773320583.09237957,0.03165596,6200,0.00033646,0.00000000,0,0.00000000,19117,19113,27,0.00085428
1773320583.19245958,0.03020804,6157,0.00017762,0.00000000,0,0.00000000,19113,19128,45,0.00161606
1773320583.29244018,0.02813328,6187,0.00041528,0.00000000,0,0.00000000,19128,19139,45,0.00251416
1773320583.39248061,0.02824572,6201,0.00027285,0.00000000,0,0.00000000,19139,19149,34,0.00156518
1773320583.49248481,0.03218922,6185,0.00032627,0.00000000,0,0.00000000,19149,19151,39,0.00262477
1773320583.59213066,0.02737171,6224,0.00018487,0.00000000,0,0.00000000,19151,19148,39,0.00085743
1773320583.69249964,0.02098941,6143,0.00013797,0.00000000,0,0.00000000,19148,19138,30,0.00223472
1773320583.79241896,0.03339166,6190,0.00012287,0.00000000,0,0.00000000,19138,19143,31,0.00244289
1773320583.89240551,0.03209747,6193,0.00011131,0.00000000,0,0.00000000,19143,19156,29,0.00157248
1773320583.99244595,0.03564145,6178,0.00025009,0.00000000,0,0.00000000,19156,19166,27,0.00290622
1773320584.09245229,0.02774393,6208,0.00031444,0.00000000,0,0.00000000,19166,19175,37,0.00156854
1773320584.19242930,0.03028702,6180,0.00008851,0.00000000,0,0.00000000,19175,19182,23,0.00208216
1773320584.29243016,0.02895621,6206,0.00044769,0.00000000,0,0.00000000,19182,19194,48,0.00088521
1773320584.39244628,0.01913543,6185,0.00040072,0.00000000,0,0.00000000,19194,19184,50,0.00314190
1773320584.49243236,0.02564214,6135,0.00022587,0.00000000,0,0.00000000,19184,19186,29,0.00203430
1773320584.59181833,0.03349490,6272,0.00009159,0.00000000,0,0.00000000,19186,19195,26,0.00174700
1773320584.69246817,0.02147244,6146,0.00020073,0.00000000,0,0.00000000,19195,19193,30,0.00137891
1773320584.79249096,0.02468239,6162,0.00022455,0.00000000,0,0.00000000,19193,19198,32,0.00182071
1773320584.89230943,0.02998077,6192,0.00036774,0.00000000,0,0.00000000,19198,19203,31,0.00178371
1773320584.99244618,0.02886346,6191,0.00030707,0.00000000,0,0.00000000,19203,19202,30,0.00259675
1773320585.09249091,0.02482585,6178,0.00021662,0.00000000,0,0.00000000,19202,19203,29,0.00111986
1773320585.19237757,0.03044444,6199,0.00032901,0.00000000,0,0.00000000,19203,19200,34,0.00186751
1773320585.29239440,0.02727122,6184,0.00043630,0.00000000,0,0.00000000,19200,19201,49,0.00124489
1773320585.39238954,0.02463921,6216,0.00011038,0.00000000,0,0.00000000,19201,19206,35,0.00249104
1773320585.49240112,0.02801197,6170,0.00019508,0.00000000,0,0.00000000,19206,19199,30,0.00164137
1773320585.59197497,0.03811764,6196,0.00028480,0.00000000,0,0.00000000,19199,19209,41,0.00224115
1773320585.69230890,0.02241275,6178,0.00012017,0.00000000,0,0.00000000,19209,19217,32,0.00115917
1773320585.79239726,0.03373481,6188,0.00039670,0.00000000,0,0.00000000,19217,19214,39,0.00082406
1773320585.89235234,0.03300160,6192,0.00031332,0.00000000,0,0.00000000,19214,19226,37,0.00201330
1773320585.99239445,0.03285506,6183,0.00034565,0.00000000,0,0.00000000,19226,19236,27,0.00261087
1773320586.09240532,0.03264969,6140,0.00030006,0.00000000,0,0.00000000,19236,19234,26,0.00118672
1773320586.19225621,0.03142483,6159,0.00030888,0.00000000,0,0.00000000,19234,19244,27,0.00215058
1773320586.29227114,0.02927880,6185,0.00042125,0.00000000,0,0.00000000,19244,19244,38,0.00290164
1773320586.39225745,0.02963524,6178,0.00010861,0.00000000,0,0.00000000,19244,19237,30,0.00165536
1773320586.49226761,0.02874592,6143,0.00007307,0.00000000,0,0.00000000,19237,19235,23,0.00252823
1773320586.59185672,0.03217841,6206,0.00034824,0.00000000,0,0.00000000,19235,19236,38,0.00188337
1773320586.69234252,0.02027224,6200,0.00011546,0.00000000,0,0.00000000,19236,19221,33,0.00189603
1773320586.79238558,0.03204351,6166,0.00036209,0.00000000,0,0.00000000,19221,19233,29,0.00087514
1773320586.89223146,0.03256404,6201,0.00025366,0.00000000,0,0.00000000,19233,19225,24,0.00117047
1773320586.99229455,0.03140398,6179,0.00012152,0.00000000,0,0.00000000,19225,19225,33,0.00090257
1773320587.09233069,0.03450984,6177,0.00017576,0.00000000,0,0.00000000,19225,19221,35,0.00085861
1773320587.19235182,0.02341438,6177,0.00027895,0.00000000,0,0.00000000,19221,19233,35,0.00273290
1773320587.29235625,0.03096281,6172,0.00011061,0.00000000,0,0.00000000,19233,19242,38,0.00254616
1773320587.39222598,0.03332287,6252,0.00014124,0.00000000,0,0.00000000,19242,19239,36,0.00090763
1773320587.49240065,0.02681827,6153,0.00011327,0.00000000,0,0.00000000,19239,19248,39,0.00301510
1773320587.59204531,0.03392319,6181,0.00014707,0.00000000,0,0.00000000,19248,19220,26,0.00086729
1773320587.69232082,0.01921709,6130,0.00020965,0.00000000,0,0.00000000,19220,19225,27,0.00086171
1773320587.79230213,0.02949929,6158,0.00008295,0.00000000,0,0.00000000,19225,19230,24,0.00077201
1773320587.89230752,0.02974661,6186,0.00036892,0.00000000,0,0.00000000,19230,19236,46,0.00155827
1773320587.99229598,0.02627674,6158,0.00022740,0.00000000,0,0.00000000,19236,19240,28,0.00086937
1773320588.09233999,0.02492170,6167,0.00006996,0.00000000,0,0.00000000,19240,19249,23,0.00078116
1773320588.19222140,0.03346456,6198,0.00007752,0.00000000,0,0.00000000,19249,19251,30,0.00128678
1773320588.29225063,0.02929841,6167,0.00005738,0.00000000,0,0.00000000,19251,19256,33,0.00189148
1773320588.39220548,0.02759703,6153,0.00014004,0.00000000,0,0.00000000,19256,19251,39,0.00164908
1773320588.49229217,0.02736985,6171,0.00024190,0.00000000,0,0.00000000,19251,19254,33,0.00082058
1773320588.59211397,0.03761989,6173,0.00027698,0.00000000,0,0.00000000,19254,19231,28,0.00162348
1773320588.69228387,0.01661531,6203,0.00006428,0.00000000,0,0.00000000,19231,19231,22,0.00127081
1773320588.79228115,0.02963547,6203,0.00027818,0.00000000,0,0.00000000,19231,19221,27,0.00172528
1773320588.89224577,0.03224630,6150,0.00038479,0.00000000,0,0.00000000,19221,19215,38,0.00179736
1773320588.99226546,0.02878070,6197,0.00041777,0.00000000,0,0.00000000,19215,19213,31,0.00082853
1773320589.09228039,0.01873964,6182,0.00025269,0.00000000,0,0.00000000,19213,19216,31,0.00078095
1773320589.19235635,0.03055059,6176,0.00040185,0.00000000,0,0.00000000,19216,19208,33,0.00243886
1773320589.29234576,0.02909494,6187,0.00022426,0.00000000,0,0.00000000,19208,19216,34,0.00191384
1773320589.39237428,0.02684714,6195,0.00015589,0.00000000,0,0.00000000,19216,19199,31,0.00262246
1773320589.49230337,0.02813516,6099,0.00010772,0.00000000,0,0.00000000,19199,19205,28,0.00153898
1773320589.59279156,0.03017558,6220,0.00008674,0.00000000,0,0.00000000,19205,19216,29,0.00087698
1773320589.69221663,0.01460919,6178,0.00007539,0.00000000,0,0.00000000,19216,19222,40,0.00079617
1773320589.79218841,0.03229705,6185,0.00030291,0.00000000,0,0.00000000,19222,19226,37,0.00129254
1773320589.89216900,0.03497948,6158,0.00032015,0.00000000,0,0.00000000,19226,19236,35,0.00082429
1773320589.99220991,0.03362675,6207,0.00013608,0.00000000,0,0.00000000,19236,19241,40,0.00232807
1773320590.09226656,0.03196498,6186,0.00030713,0.00000000,0,0.00000000,19241,19240,33,0.00082352
1773320590.19229674,0.02926824,6156,0.00027646,0.00000000,0,0.00000000,19240,19247,33,0.00262476
1773320590.29221296,0.03280785,6199,0.00044797,0.00000000,0,0.00000000,19247,19254,37,0.00249065
1773320590.39224458,0.02145327,6178,0.00021079,0.00000000,0,0.00000000,19254,19264,22,0.00112113
1773320590.49223208,0.02909587,6188,0.00023984,0.00000000,0,0.00000000,19264,19267,29,0.00146922
1773320590.59206176,0.03723568,6181,0.00012439,0.00000000,0,0.00000000,19267,19269,34,0.00153529
1773320590.69227433,0.02057093,6213,0.00011423,0.00000000,0,0.00000000,19269,19268,41,0.00258275
1773320590.79221225,0.03901547,6191,0.00025268,0.00000000,0,0.00000000,19268,19276,23,0.00167301
1773320590.89225483,0.03174277,6194,0.00031621,0.00000000,0,0.00000000,19276,19284,34,0.00156388
1773320590.99240136,0.03284703,6194,0.00028173,0.00000000,0,0.00000000,19284,19292,28,0.00212581
1773320591.09215617,0.03328908,6189,0.00009745,0.00000000,0,0.00000000,19292,19294,27,0.00161737
1773320591.19219351,0.03313030,6175,0.00012125,0.00000000,0,0.00000000,19294,19290,35,0.00294205
1773320591.29221964,0.03233083,6170,0.00010711,0.00000000,0,0.00000000,19290,19296,37,0.00301165
1773320591.39222002,0.03341106,6156,0.00027811,0.00000000,0,0.00000000,19296,19294,24,0.00306290
1773320591.49221468,0.03218624,6129,0.00035580,0.00000000,0,0.00000000,19294,19302,37,0.00097649
1773320591.59177208,0.03258296,6210,0.00023121,0.00000000,0,0.00000000,19302,19311,23,0.00158276
1773320591.69209051,0.02201866,6164,0.00012527,0.00000000,0,0.00000000,19311,19319,35,0.00078764
1773320591.79216027,0.03113015,6173,0.00011443,0.00000000,0,0.00000000,19319,19316,31,0.00186608
1773320591.89218497,0.03618351,6178,0.00026036,0.00000000,0,0.00000000,19316,19321,28,0.00199853
1773320591.99221182,0.03130270,6198,0.00037889,0.00000000,0,0.00000000,19321,19313,36,0.00088947
1773320592.09214497,0.02454085,6191,0.00036477,0.00000000,0,0.00000000,19313,19303,31,0.00109181
1773320592.19217038,0.02658244,6174,0.00010244,0.00000000,0,0.00000000,19303,19304,27,0.00109334
1773320592.29214525,0.02393109,6199,0.00026976,0.00000000,0,0.00000000,19304,19311,31,0.00174911
1773320592.39215517,0.02330052,6199,0.00034137,0.00000000,0,0.00000000,19311,19316,30,0.00266605
1773320592.49230790,0.02269717,6173,0.00022864,0.00000000,0,0.00000000,19316,19323,31,0.00093167
1773320592.59202504,0.02112456,6148,0.00033928,0.00000000,0,0.00000000,19323,19306,33,0.00158029
1773320592.69205880,0.01937270,6194,0.00011550,0.00000000,0,0.00000000,19306,19314,40,0.00268798
1773320592.79213762,0.02678396,6171,0.00023623,0.00000000,0,0.00000000,19314,19314,27,0.00288789
1773320592.89212322,0.02858816,6174,0.00023715,0.00000000,0,0.00000000,19314,19324,27,0.00156030
1773320592.99220753,0.03068619,6181,0.00009843,0.00000000,0,0.00000000,19324,19321,21,0.00298553
1773320593.09220123,0.03097828,6195,0.00011488,0.00000000,0,0.00000000,19321,19321,39,0.00106441
1773320593.19206953,0.03142608,6221,0.00038877,0.00000000,0,0.00000000,19321,19301,38,0.00253603
1773320593.29209352,0.02756750,6248,0.00025986,0.00000000,0,0.00000000,19301,19300,32,0.00211180
1773320593.39214301,0.02912928,6238,0.00021479,0.00000000,0,0.00000000,19300,19300,22,0.00101013
1773320593.49214196,0.02386790,6215,0.00015374,0.00000000,0,0.00000000,19300,19304,31,0.00186425
1773320593.59200716,0.03319301,6218,0.00030055,0.00000000,0,0.00000000,19304,19313,33,0.00281960
1773320593.69216132,0.01980636,6200,0.00007287,0.00000000,0,0.00000000,19313,19320,35,0.00305057
1773320593.79204893,0.02636851,6249,0.00031257,0.00000000,0,0.00000000,19320,19339,38,0.00221544
1773320593.89225769,0.02748629,6207,0.00012618,0.00000000,0,0.00000000,19339,19323,31,0.00174137
1773320593.99209714,0.02858211,6218,0.00016330,0.00000000,0,0.00000000,19323,19332,29,0.00238598
1773320594.09210753,0.03123187,6212,0.00028128,0.00000000,0,0.00000000,19332,19349,34,0.00083973
1773320594.19210744,0.03283021,6221,0.00029592,0.00000000,0,0.00000000,19349,19341,30,0.00189044
1773320594.29213572,0.02569612,6193,0.00041644,0.00000000,0,0.00000000,19341,19327,39,0.00179954
1773320594.39220238,0.03155345,6163,0.00033531,0.00000000,0,0.00000000,19327,19226,36,0.00242164
1773320594.49208879,0.03030017,6273,0.00038325,0.00000000,0,0.00000000,19226,19210,31,0.00203120
1773320594.59214473,0.03468616,6185,0.00034047,0.00000000,0,0.00000000,19210,19216,27,0.00082530
1773320594.69215274,0.02182111,6213,0.00018862,0.00000000,0,0.00000000,19216,19229,32,0.00283891
1773320594.79209757,0.02840744,6241,0.00039335,0.00000000,0,0.00000000,19229,19236,44,0.00095306
1773320594.89201641,0.02883894,6193,0.00024880,0.00000000,0,0.00000000,19236,19249,30,0.00252822
1773320594.99211502,0.02576922,6206,0.00034860,0.00000000,0,0.00000000,19249,19256,40,0.00331168
1773320595.09209657,0.02883507,6204,0.00044482,0.00000000,0,0.00000000,19256,19250,43,0.00114552
1773320595.19215751,0.02716602,6197,0.00045534,0.00000000,0,0.00000000,19250,19234,34,0.00118466
1773320595.29207635,0.02908825,6220,0.00033230,0.00000000,0,0.00000000,19234,19252,46,0.00267742
1773320595.39216733,0.02875086,6195,0.00047646,0.00000000,0,0.00000000,19252,19238,38,0.00234839
1773320595.49210167,0.03148834,6229,0.00053331,0.00000000,0,0.00000000,19238,19203,49,0.00158025
1773320595.59196115,0.04183610,6185,0.00026382,0.00000000,0,0.00000000,19203,19222,46,0.00121799
1773320595.69206762,0.02291249,6203,0.00025067,0.00000000,0,0.00000000,19222,19231,48,0.00135119
1773320595.79207230,0.03586709,6199,0.00024631,0.00000000,0,0.00000000,19231,19239,56,0.00081746
1773320595.89234805,0.03492262,6166,0.00055808,0.00000000,0,0.00000000,19239,19253,50,0.00080296
1773320595.99211931,0.03229242,6136,0.00046633,0.00000000,0,0.00000000,19253,19250,49,0.00207368
1773320596.09198570,0.03119677,6210,0.00045343,0.00000000,0,0.00000000,19250,19278,54,0.00121181
1773320596.19208288,0.03450320,6181,0.00020764,0.00000000,0,0.00000000,19278,19298,57,0.00094890
1773320596.29206109,0.03477234,6196,0.00051572,0.00000000,0,0.00000000,19298,19295,43,0.00302883
1773320596.39206791,0.03136378,6178,0.00056673,0.00000000,0,0.00000000,19295,19298,47,0.00296344
1773320596.49213958,0.02864030,6206,0.00030625,0.00000000,0,0.00000000,19298,19315,39,0.00199657
1773320596.59207273,0.03413663,6150,0.00027252,0.00000000,0,0.00000000,19315,19343,53,0.00157158
1773320596.69207096,0.02230557,6170,0.00029200,0.00000000,0,0.00000000,19343,19318,34,0.00180834
1773320596.79210043,0.03268551,6129,0.00013023,0.00000000,0,0.00000000,19318,19334,38,0.00164536
1773320596.89191341,0.02368616,6176,0.00018803,0.00000000,0,0.00000000,19334,19339,34,0.00171484
1773320596.99196267,0.03091356,6141,0.00030913,0.00000000,0,0.00000000,19339,19342,37,0.00181229
1773320597.09193254,0.03065337,6129,0.00044640,0.00000000,0,0.00000000,19342,19336,29,0.00093370
1773320597.19195676,0.03443016,6138,0.00017728,0.00000000,0,0.00000000,19336,19341,30,0.00157075
1773320597.29197764,0.03233267,6168,0.00034876,0.00000000,0,0.00000000,19341,19354,36,0.00174691
1773320597.39199162,0.02456575,6151,0.00046626,0.00000000,0,0.00000000,19354,19354,38,0.00297690
1773320597.49212527,0.02773011,6174,0.00030540,0.00000000,0,0.00000000,19354,19354,36,0.00166977
1773320597.59273267,0.02912106,6100,0.00030440,0.00000000,0,0.00000000,19354,19362,27,0.00087181
1773320597.69190812,0.02665211,6167,0.00035905,0.00000000,0,0.00000000,19362,19366,31,0.00187772
1773320597.79197311,0.03483930,6149,0.00016002,0.00000000,0,0.00000000,19366,19372,35,0.00184774
1773320597.89199543,0.03188653,6139,0.00018828,0.00000000,0,0.00000000,19372,19377,40,0.00168206
1773320597.99189830,0.03230035,6213,0.00031686,0.00000000,0,0.00000000,19377,19383,27,0.00257407
1773320598.09195971,0.03508791,6229,0.00047487,0.00000000,0,0.00000000,19383,19367,41,0.00153131
1773320598.19204879,0.02973499,6244,0.00049966,0.00000000,0,0.00000000,19367,19364,44,0.00217147
1773320598.29207778,0.02601284,6170,0.00038499,0.00000000,0,0.00000000,19364,19362,34,0.00077870
1773320598.39212179,0.03024798,6189,0.00035815,0.00000000,0,0.00000000,19362,19363,29,0.00183153
1773320598.49192452,0.02920553,6241,0.00042533,0.00000000,0,0.00000000,19363,19347,37,0.00270557
1773320598.59203815,0.03260264,6223,0.00054274,0.00000000,0,0.00000000,19347,19333,47,0.00090066
1773320598.69198036,0.01378813,6196,0.00012342,0.00000000,0,0.00000000,19333,19311,29,0.00225159
1773320598.79189634,0.03122891,6215,0.00027278,0.00000000,0,0.00000000,19311,19323,31,0.00164650
1773320598.89193130,0.02974555,6242,0.00045774,0.00000000,0,0.00000000,19323,19334,38,0.00214248
1773320598.99198985,0.02570327,6239,0.00032595,0.00000000,0,0.00000000,19334,19345,40,0.00192899
1773320599.09207487,0.02445093,6190,0.00038575,0.00000000,0,0.00000000,19345,19351,38,0.00086052
1773320599.19189596,0.02466569,6225,0.00040984,0.00000000,0,0.00000000,19351,19343,36,0.00163553
1773320599.29195952,0.02323055,6248,0.00051421,0.00000000,0,0.00000000,19343,19332,48,0.00279865
1773320599.39200234,0.03008950,6218,0.00046823,0.00000000,0,0.00000000,19332,19338,56,0.00188561
1773320599.49203229,0.03228458,6270,0.00052315,0.00000000,0,0.00000000,19338,19336,46,0.00186548
1773320599.59187150,0.03219724,6205,0.00038268,0.00000000,0,0.00000000,19336,19345,36,0.00199109
1773320599.69189835,0.01873565,6245,0.00013122,0.00000000,0,0.00000000,19345,19352,34,0.00192260
1773320599.79188824,0.03039879,6235,0.00013156,0.00000000,0,0.00000000,19352,19360,39,0.00170101
1773320599.89192557,0.02604793,6237,0.00017337,0.00000000,0,0.00000000,19360,19386,39,0.00292207
1773320599.99192834,0.02385503,6232,0.00048461,0.00000000,0,0.00000000,19386,19385,55,0.00281760
1773320600.09191704,0.02661155,6256,0.00044976,0.00000000,0,0.00000000,19385,19413,49,0.00088746
1773320600.19197559,0.02789141,6248,0.00055204,0.00000000,0,0.00000000,19413,19418,45,0.00081363
1773320600.29200912,0.02754368,6239,0.00053378,0.00000000,0,0.00000000,19418,19435,51,0.00179578
1773320600.39187360,0.02961322,6276,0.00041574,0.00000000,0,0.00000000,19435,19442,38,0.00165677
1773320600.49191761,0.03054398,6302,0.00019670,0.00000000,0,0.00000000,19442,19436,43,0.00191675
1773320600.59199286,0.03317751,6225,0.00033026,0.00000000,0,0.00000000,19436,19452,38,0.00255492
1773320600.69196749,0.02105556,6223,0.00016340,0.00000000,0,0.00000000,19452,19468,37,0.00154323
1773320600.79181552,0.03061947,6260,0.00013857,0.00000000,0,0.00000000,19468,19475,38,0.00164992
1773320600.89189410,0.03229047,6227,0.00078977,0.00000000,0,0.00000000,19475,19469,49,0.00130670
1773320600.99188375,0.03709338,6262,0.00054845,0.00000000,0,0.00000000,19469,19447,45,0.00266009
1773320601.09191823,0.03148838,6256,0.00034587,0.00000000,0,0.00000000,19447,19459,31,0.00119950
1773320601.19224477,0.02599597,6279,0.00030780,0.00000000,0,0.00000000,19459,19459,43,0.00306777
1773320601.29208732,0.02796102,6297,0.00014536,0.00000000,0,0.00000000,19459,19470,40,0.00131878
1773320601.39205289,0.03158672,6197,0.00043448,0.00000000,0,0.00000000,19470,19472,36,0.00354651
1773320601.49185538,0.03177006,6315,0.00050331,0.00000000,0,0.00000000,19472,19470,48,0.00236355
1773320601.59261250,0.02626106,6191,0.00010783,0.00000000,0,0.00000000,19470,19477,38,0.00195982
1773320601.69186330,0.03149007,6250,0.00020364,0.00000000,0,0.00000000,19477,19487,39,0.00127934
1773320601.79190087,0.03113899,6242,0.00015171,0.00000000,0,0.00000000,19487,19479,31,0.00286215
1773320601.89190793,0.03030973,6275,0.00008902,0.00000000,0,0.00000000,19479,19490,28,0.00252573
1773320601.99196219,0.02839350,6227,0.00032553,0.00000000,0,0.00000000,19490,19493,30,0.00207592
1773320602.09192777,0.02676447,6271,0.00038087,0.00000000,0,0.00000000,19493,19481,33,0.00078423
1773320602.19194031,0.02799196,6247,0.00035171,0.00000000,0,0.00000000,19481,19488,33,0.00126620
1773320602.29197073,0.02496599,6282,0.00030842,0.00000000,0,0.00000000,19488,19496,22,0.00080453
1773320602.39194441,0.02623409,6299,0.00015534,0.00000000,0,0.00000000,19496,19499,36,0.00292895
1773320602.49187279,0.03032928,6251,0.00041073,0.00000000,0,0.00000000,19499,19510,44,0.00331419
1773320602.59180522,0.03273427,6225,0.00011454,0.00000000,0,0.00000000,19510,19506,28,0.00273225
1773320602.69181347,0.01872815,6257,0.00008241,0.00000000,0,0.00000000,19506,19515,28,0.00179806
1773320602.79186869,0.03166597,6244,0.00012638,0.00000000,0,0.00000000,19515,19506,25,0.00224169
1773320602.89183545,0.03014499,6240,0.00009571,0.00000000,0,0.00000000,19506,19503,27,0.00335019
1773320602.99186730,0.03004646,6269,0.00012188,0.00000000,0,0.00000000,19503,19496,28,0.00127132
1773320603.09188247,0.02523754,6286,0.00008261,0.00000000,0,0.00000000,19496,19494,28,0.00147982
1773320603.19191456,0.02745838,6271,0.00032199,0.00000000,0,0.00000000,19494,19515,39,0.00100295
1773320603.29188991,0.02516628,6280,0.00025758,0.00000000,0,0.00000000,19515,19522,35,0.00082054
1773320603.39186358,0.02593420,6281,0.00030149,0.00000000,0,0.00000000,19522,19519,27,0.00085179
1773320603.49188590,0.02620105,6289,0.00034326,0.00000000,0,0.00000000,19519,19518,30,0.00269477
1773320603.59251523,0.03069448,6187,0.00018839,0.00000000,0,0.00000000,19518,19508,32,0.00171844
1773320603.69181824,0.01745491,6285,0.00009656,0.00000000,0,0.00000000,19508,19508,37,0.00295418
1773320603.79182148,0.02247268,6313,0.00023440,0.00000000,0,0.00000000,19508,19516,25,0.00207512
1773320603.89201283,0.02247693,6249,0.00008098,0.00000000,0,0.00000000,19516,19526,32,0.00257781
1773320603.99194860,0.02777689,6312,0.00029109,0.00000000,0,0.00000000,19526,19511,32,0.00197319
1773320604.09192061,0.02789405,6305,0.00033240,0.00000000,0,0.00000000,19511,19509,32,0.00096033
1773320604.19182825,0.02734461,6299,0.00029511,0.00000000,0,0.00000000,19509,19509,29,0.00191977
1773320604.29184079,0.02950314,6295,0.00028862,0.00000000,0,0.00000000,19509,19514,29,0.00186943
1773320604.39186692,0.02778282,6306,0.00031840,0.00000000,0,0.00000000,19514,19521,30,0.00219438
1773320604.49185419,0.02654057,6311,0.00032699,0.00000000,0,0.00000000,19521,19529,30,0.00153520
1773320604.59258962,0.02991198,6299,0.00010722,0.00000000,0,0.00000000,19529,19537,32,0.00192417
1773320604.69203043,0.01624066,6255,0.00009581,0.00000000,0,0.00000000,19537,19547,29,0.00290911
1773320604.79189467,0.02498175,6261,0.00013408,0.00000000,0,0.00000000,19547,19560,35,0.00201142
1773320604.89186811,0.02555194,6271,0.00036057,0.00000000,0,0.00000000,19560,19572,40,0.00264274
1773320604.99189949,0.02620991,6272,0.00035181,0.00000000,0,0.00000000,19572,19563,32,0.00072433
1773320605.09183955,0.02226156,6281,0.00043682,0.00000000,0,0.00000000,19563,19553,38,0.00096660
1773320605.19181681,0.02149215,6273,0.00049945,0.00000000,0,0.00000000,19553,19515,39,0.00139575
1773320605.29183388,0.02273153,6299,0.00042159,0.00000000,0,0.00000000,19515,19517,34,0.00191005
1773320605.39193392,0.02784725,6279,0.00082150,0.00000000,0,0.00000000,19517,19451,21,0.00186470
1773320605.49197221,0.02231058,6335,0.00023520,0.00000000,0,0.00000000,19451,19459,25,0.00161410
1773320605.59248829,0.03454901,6270,0.00017412,0.00000000,0,0.00000000,19459,19461,31,0.00164686
1773320605.69193482,0.01778976,6304,0.00013507,0.00000000,0,0.00000000,19461,19467,34,0.00085939
1773320605.79195714,0.02706534,6292,0.00031389,0.00000000,0,0.00000000,19467,19478,32,0.00116873
1773320605.89171600,0.02685561,6324,0.00045187,0.00000000,0,0.00000000,19478,19486,40,0.00088017
1773320605.99190307,0.02240928,6285,0.00048832,0.00000000,0,0.00000000,19486,19493,52,0.00107866
1773320606.09177232,0.02275541,6354,0.00042762,0.00000000,0,0.00000000,19493,19514,50,0.00096847
1773320606.19193530,0.01935738,6328,0.00043171,0.00000000,0,0.00000000,19514,19519,52,0.00091624
1773320606.29177022,0.02497222,6323,0.00043970,0.00000000,0,0.00000000,19519,19528,43,0.00274947
1773320606.39176798,0.01429963,6322,0.00020029,0.00000000,0,0.00000000,19528,19536,40,0.00329811
1773320606.49200153,0.02444412,6338,0.00031984,0.00000000,0,0.00000000,19536,19551,43,0.00184956
1773320606.59247351,0.02600405,6297,0.00078316,0.00000000,0,0.00000000,19551,19444,58,0.00195558
1773320606.69191885,0.01488826,6297,0.00014383,0.00000000,0,0.00000000,19444,19455,44,0.00295953
1773320606.79175401,0.02457518,6364,0.00046556,0.00000000,0,0.00000000,19455,19463,43,0.00087583
1773320606.89202166,0.02735307,6307,0.00017282,0.00000000,0,0.00000000,19463,19469,47,0.00086494
1773320606.99175930,0.02595401,6325,0.00042779,0.00000000,0,0.00000000,19469,19482,48,0.00083003
1773320607.09192610,0.02283898,6349,0.00042326,0.00000000,0,0.00000000,19482,19497,47,0.00103082
1773320607.19192243,0.02167644,6358,0.00046673,0.00000000,0,0.00000000,19497,19510,51,0.00206239
1773320607.29198217,0.02468575,6319,0.00024993,0.00000000,0,0.00000000,19510,19532,50,0.00163148
1773320607.39193106,0.02139930,6324,0.00013364,0.00000000,0,0.00000000,19532,19550,46,0.00354265
1773320607.49194169,0.02185963,6331,0.00012962,0.00000000,0,0.00000000,19550,19559,37,0.00200092
1773320607.59253049,0.02132866,6283,0.00037707,0.00000000,0,0.00000000,19559,19575,47,0.00087097
1773320607.69176698,0.01940250,6346,0.00054789,0.00000000,0,0.00000000,19575,19592,57,0.00150265
1773320607.79194903,0.02202488,6301,0.00019920,0.00000000,0,0.00000000,19592,19609,52,0.00295152
1773320607.89174867,0.02183454,6344,0.00041560,0.00000000,0,0.00000000,19609,19621,44,0.00184734
1773320607.99194908,0.02435213,6352,0.00041354,0.00000000,0,0.00000000,19621,19641,43,0.00087225
1773320608.09194112,0.02217976,6327,0.00066492,0.00000000,0,0.00000000,19641,19606,35,0.00078281
1773320608.19195604,0.01422749,6314,0.00043081,0.00000000,0,0.00000000,19606,19605,48,0.00211766
1773320608.29196954,0.02415345,6336,0.00041270,0.00000000,0,0.00000000,19605,19608,40,0.00260857
1773320608.39198327,0.02434705,6334,0.00017048,0.00000000,0,0.00000000,19608,19627,45,0.00196361
1773320608.49196386,0.02118242,6361,0.00037691,0.00000000,0,0.00000000,19627,19629,40,0.00276090
1773320608.59256506,0.02319987,6317,0.00031591,0.00000000,0,0.00000000,19629,19634,37,0.00313930
1773320608.69193864,0.01821623,6321,0.00015155,0.00000000,0,0.00000000,19634,19631,39,0.00086059
1773320608.79191113,0.02273691,6353,0.00031918,0.00000000,0,0.00000000,19631,19634,36,0.00226137
1773320608.89192963,0.01765402,6316,0.00011480,0.00000000,0,0.00000000,19634,19645,35,0.00267962
1773320608.99183178,0.02602014,6378,0.00029048,0.00000000,0,0.00000000,19645,19665,31,0.00278260
1773320609.09201026,0.02494765,6333,0.00038108,0.00000000,0,0.00000000,19665,19657,29,0.00091743
1773320609.19203544,0.02906120,6283,0.00013838,0.00000000,0,0.00000000,19657,19668,32,0.00200745
1773320609.29185939,0.02695402,6326,0.00016227,0.00000000,0,0.00000000,19668,19658,35,0.00243417
1773320609.39191699,0.02562643,6295,0.00006080,0.00000000,0,0.00000000,19658,19668,21,0.00303635
1773320609.49170232,0.02490937,6411,0.00011859,0.00000000,0,0.00000000,19668,19665,49,0.00126469
1773320609.59243512,0.02535499,6297,0.00035806,0.00000000,0,0.00000000,19665,19677,35,0.00204125
1773320609.69202733,0.01769805,6342,0.00028027,0.00000000,0,0.00000000,19677,19680,34,0.00272716
1773320609.79202700,0.02749023,6272,0.00031494,0.00000000,0,0.00000000,19680,19685,33,0.00217290
1773320609.89174485,0.02608714,6348,0.00013978,0.00000000,0,0.00000000,19685,19697,38,0.00180229
1773320609.99197507,0.02572134,6335,0.00032417,0.00000000,0,0.00000000,19697,19711,30,0.00334030
1773320610.09200382,0.02780112,6358,0.00041870,0.00000000,0,0.00000000,19711,19713,34,0.00156507
1773320610.19215584,0.02298367,6325,0.00042212,0.00000000,0,0.00000000,19713,19719,40,0.00075524
1773320610.29206038,0.02129289,6315,0.00027116,0.00000000,0,0.00000000,19719,19724,23,0.00262702
1773320610.39205837,0.02381897,6308,0.00036813,0.00000000,0,0.00000000,19724,19721,37,0.00092973
1773320610.49186635,0.02565410,6358,0.00018618,0.00000000,0,0.00000000,19721,19725,37,0.00096817
1773320610.59234786,0.02615592,6345,0.00010964,0.00000000,0,0.00000000,19725,19740,39,0.00120886
1773320610.69202566,0.01505942,6303,0.00011637,0.00000000,0,0.00000000,19740,19743,28,0.00260563
1773320610.79186320,0.02278814,6302,0.00013842,0.00000000,0,0.00000000,19743,19752,36,0.00196113
1773320610.89183712,0.02228774,6325,0.00015191,0.00000000,0,0.00000000,19752,19756,39,0.00189653
1773320610.99185944,0.01761823,6346,0.00021007,0.00000000,0,0.00000000,19756,19751,39,0.00190354
1773320611.09233475,0.02307599,6266,0.00055237,0.00000000,0,0.00000000,19751,19732,40,0.00088346
1773320611.19189048,0.02032802,6333,0.00015566,0.00000000,0,0.00000000,19732,19753,45,0.00176563
1773320611.29189086,0.02311305,6342,0.00043228,0.00000000,0,0.00000000,19753,19762,49,0.00165558
1773320611.39192867,0.01878119,6338,0.00046990,0.00000000,0,0.00000000,19762,19763,42,0.00198294
1773320611.49193573,0.02021591,6366,0.00032768,0.00000000,0,0.00000000,19763,19764,33,0.00262878
1773320611.59249234,0.02822333,6314,0.00008458,0.00000000,0,0.00000000,19764,19774,24,0.00149865
1773320611.69184518,0.01333277,6334,0.00007509,0.00000000,0,0.00000000,19774,19776,25,0.00329768
1773320611.79186749,0.02262724,6300,0.00007911,0.00000000,0,0.00000000,19776,19788,30,0.00266533
1773320611.89168429,0.02470755,6368,0.00034202,0.00000000,0,0.00000000,19788,19797,29,0.00314547
1773320611.99257731,0.02318282,6306,0.00030207,0.00000000,0,0.00000000,19797,19806,27,0.00168024
1773320612.09190321,0.02047445,6343,0.00042682,0.00000000,0,0.00000000,19806,19811,40,0.00074315
1773320612.19189215,0.02211793,6334,0.00021707,0.00000000,0,0.00000000,19811,19821,27,0.00300827
1773320612.29195762,0.02397345,6339,0.00032079,0.00000000,0,0.00000000,19821,19832,34,0.00199755
1773320612.39188290,0.02347229,6329,0.00036013,0.00000000,0,0.00000000,19832,19834,30,0.00227532
1773320612.49192882,0.02018084,6394,0.00022439,0.00000000,0,0.00000000,19834,19837,24,0.00258856
1773320612.59245777,0.02701793,6315,0.00011612,0.00000000,0,0.00000000,19837,19841,20,0.00169883
1773320612.69187474,0.01668110,6344,0.00014741,0.00000000,0,0.00000000,19841,19846,29,0.00310851
1773320612.79198980,0.02542048,6376,0.00007206,0.00000000,0,0.00000000,19846,19854,21,0.00151367
1773320612.89186430,0.02335358,6387,0.00025500,0.00000000,0,0.00000000,19854,19867,27,0.00206952
1773320612.99185467,0.02209400,6396,0.00016168,0.00000000,0,0.00000000,19867,19859,33,0.00082284
1773320613.09187937,0.01945950,6397,0.00041566,0.00000000,0,0.00000000,19859,19842,34,0.00150794
1773320613.19184875,0.01619741,6431,0.00017544,0.00000000,0,0.00000000,19842,19862,37,0.00217153
1773320613.29202819,0.02277003,6385,0.00052359,0.00000000,0,0.00000000,19862,19853,39,0.00130185
1773320613.39200020,0.01560829,6394,0.00046119,0.00000000,0,0.00000000,19853,19874,45,0.00181531
1773320613.49198222,0.02121864,6436,0.00058950,0.00000000,0,0.00000000,19874,19901,61,0.00294084
1773320613.59246206,0.02979729,6379,0.00045224,0.00000000,0,0.00000000,19901,19929,81,0.00226745
1773320613.69194174,0.01467962,6416,0.00058331,0.00000000,0,0.00000000,19929,19930,96,0.00202191
1773320613.79191208,0.01662789,6418,0.00060398,0.00000000,0,0.00000000,19930,19982,125,0.00120868
1773320613.89184690,0.01786657,6405,0.00123182,0.00000000,0,0.00000000,19982,20004,102,0.00126435
1773320613.99184465,0.01724832,6451,0.00062794,0.00000000,0,0.00000000,20004,20043,73,0.00082067
1773320614.09319472,0.02160230,6433,0.00176252,0.00000000,0,0.00000000,20043,19890,102,0.00131969
1773320614.19220471,0.02348361,6413,0.00065506,0.00000000,0,0.00000000,19890,19929,81,0.00285233
1773320614.29223251,0.02115870,6388,0.00082086,0.00000000,0,0.00000000,19929,19968,79,0.00271629
1773320614.39318395,0.01595692,6417,0.00068639,0.00000000,0,0.00000000,19968,19994,78,0.00215701
1773320614.49219275,0.02536355,6427,0.00082075,0.00000000,0,0.00000000,19994,20037,77,0.00087982
1773320614.59249425,0.02031258,6374,0.00094206,0.00000000,0,0.00000000,20037,20023,73,0.00193916
1773320614.69196033,0.01596647,6377,0.00032705,0.00000000,0,0.00000000,20023,20036,67,0.00136548
1773320614.79171634,0.02292134,6434,0.00059901,0.00000000,0,0.00000000,20036,20079,65,0.00164083
1773320614.89190936,0.02410279,6413,0.00065263,0.00000000,0,0.00000000,20079,20092,62,0.00208763
1773320614.99191976,0.02278927,6401,0.00099025,0.00000000,0,0.00000000,20092,20120,74,0.00092289
1773320615.09187078,0.02221064,6430,0.00050353,0.00000000,0,0.00000000,20120,20144,60,0.00147624
1773320615.19222045,0.02315256,6406,0.00059594,0.00000000,0,0.00000000,20144,20164,64,0.00100026
1773320615.29227114,0.02373176,6375,0.00025404,0.00000000,0,0.00000000,20164,20186,60,0.00148464
1773320615.39220572,0.02704166,6392,0.00050841,0.00000000,0,0.00000000,20186,20215,70,0.00141881
1773320615.49216151,0.02081610,6386,0.00056941,0.00000000,0,0.00000000,20215,20245,54,0.00311788
1773320615.59235072,0.02379284,6382,0.00030062,0.00000000,0,0.00000000,20245,20240,56,0.00274808
1773320615.69244647,0.01458511,6355,0.00025993,0.00000000,0,0.00000000,20240,20241,58,0.00157798
1773320615.79185295,0.01861176,6404,0.00085813,0.00000000,0,0.00000000,20241,20251,57,0.00141174
1773320615.89224696,0.01434306,6364,0.00028444,0.00000000,0,0.00000000,20251,20227,50,0.00210509
1773320615.99222016,0.01595853,6341,0.00061004,0.00000000,0,0.00000000,20227,20263,65,0.00294811
1773320616.09190202,0.02301282,6382,0.00045820,0.00000000,0,0.00000000,20263,20285,46,0.00082881
1773320616.19186711,0.02257309,6401,0.00050855,0.00000000,0,0.00000000,20285,20294,45,0.00206798
1773320616.29221034,0.02244666,6370,0.00023547,0.00000000,0,0.00000000,20294,20306,46,0.00247329
1773320616.39216805,0.02221576,6385,0.00021002,0.00000000,0,0.00000000,20306,20333,51,0.00187606
1773320616.49220538,0.01915847,6407,0.00030262,0.00000000,0,0.00000000,20333,20299,40,0.00145627
1773320616.59235024,0.02552159,6374,0.00035545,0.00000000,0,0.00000000,20299,20293,50,0.00152407
1773320616.69224453,0.01605152,6386,0.00013379,0.00000000,0,0.00000000,20293,20308,45,0.00193781
1773320616.79221559,0.01064986,6378,0.00017206,0.00000000,0,0.00000000,20308,20309,43,0.00220209
1773320616.89225292,0.01799834,6371,0.00013016,0.00000000,0,0.00000000,20309,20330,47,0.00243495
1773320616.99221444,0.02112866,6392,0.00016582,0.00000000,0,0.00000000,20330,20343,38,0.00169577
1773320617.09217000,0.01904586,6368,0.00044642,0.00000000,0,0.00000000,20343,20349,33,0.00173081
1773320617.19218278,0.01864486,6368,0.00057707,0.00000000,0,0.00000000,20349,20319,42,0.00083410
1773320617.29216433,0.01810399,6393,0.00040564,0.00000000,0,0.00000000,20319,20330,31,0.00179806
1773320617.39221549,0.01918624,6355,0.00012613,0.00000000,0,0.00000000,20330,20334,31,0.00261783
1773320617.49218321,0.02112547,6382,0.00032632,0.00000000,0,0.00000000,20334,20333,28,0.00243460
1773320617.59232140,0.02128260,6384,0.00006934,0.00000000,0,0.00000000,20333,20345,27,0.00248929
1773320617.69218755,0.01309813,6395,0.00008709,0.00000000,0,0.00000000,20345,20325,24,0.00206124
1773320617.79216313,0.02134504,6390,0.00010213,0.00000000,0,0.00000000,20325,20327,32,0.00155121
1773320617.89315867,0.01932581,6374,0.00025812,0.00000000,0,0.00000000,20327,20333,27,0.00229550
1773320617.99217486,0.01543748,6380,0.00024111,0.00000000,0,0.00000000,20333,20326,26,0.00083300
1773320618.09218192,0.02177650,6402,0.00033178,0.00000000,0,0.00000000,20326,20327,29,0.00079908
1773320618.19213867,0.02191765,6396,0.00012615,0.00000000,0,0.00000000,20327,20332,27,0.00215261
1773320618.29322433,0.01825629,6372,0.00022021,0.00000000,0,0.00000000,20332,20348,37,0.00326637
1773320618.39216757,0.01959479,6368,0.00026661,0.00000000,0,0.00000000,20348,20356,25,0.00203458
1773320618.49219561,0.01618562,6387,0.00007589,0.00000000,0,0.00000000,20356,20361,34,0.00220144
1773320618.59249973,0.02446325,6352,0.00034763,0.00000000,0,0.00000000,20361,20353,26,0.00242668
1773320618.69216228,0.01461104,6377,0.00008532,0.00000000,0,0.00000000,20353,20360,32,0.00191571
1773320618.79210877,0.01742042,6354,0.00026133,0.00000000,0,0.00000000,20360,20365,22,0.00209767
1773320618.89209795,0.01849621,6354,0.00038644,0.00000000,0,0.00000000,20365,20333,27,0.00162673
1773320618.99207687,0.02295022,6341,0.00032936,0.00000000,0,0.00000000,20333,20333,28,0.00130096
1773320619.09185719,0.02120539,6343,0.00011853,0.00000000,0,0.00000000,20333,20335,35,0.00147675
1773320619.19207215,0.01993517,6377,0.00019596,0.00000000,0,0.00000000,20335,20322,31,0.00152741
1773320619.29211259,0.01926756,6335,0.00025727,0.00000000,0,0.00000000,20322,20332,25,0.00151427
1773320619.39160180,0.01907121,6381,0.00032599,0.00000000,0,0.00000000,20332,20336,28,0.00114227
1773320619.49207735,0.02650917,6378,0.00015087,0.00000000,0,0.00000000,20336,20341,28,0.00269449
1773320619.59236884,0.02511757,6347,0.00034860,0.00000000,0,0.00000000,20341,20352,27,0.00240358
1773320619.69314647,0.01346670,6377,0.00031066,0.00000000,0,0.00000000,20352,20337,33,0.00274943
1773320619.79315782,0.02405214,6363,0.00011478,0.00000000,0,0.00000000,20337,20337,22,0.00270372
1773320619.89208031,0.02648421,6348,0.00012760,0.00000000,0,0.00000000,20337,20341,31,0.00281633
1773320619.99310517,0.02590814,6365,0.00017732,0.00000000,0,0.00000000,20341,20331,26,0.00135951
1773320620.09212661,0.02776603,6359,0.00010476,0.00000000,0,0.00000000,20331,20341,25,0.00123320
1773320620.19315767,0.02690165,6351,0.00013982,0.00000000,0,0.00000000,20341,20345,18,0.00124328
1773320620.29310679,0.02125521,6354,0.00011649,0.00000000,0,0.00000000,20345,20333,34,0.00208628
1773320620.39317417,0.02027527,6369,0.00024941,0.00000000,0,0.00000000,20333,20335,24,0.00300263
1773320620.49314833,0.02475566,6375,0.00011853,0.00000000,0,0.00000000,20335,20346,30,0.00193944
1773320620.59342599,0.01671058,6374,0.00010352,0.00000000,0,0.00000000,20346,20343,23,0.00089745
1773320620.69334221,0.02537225,6343,0.00012873,0.00000000,0,0.00000000,20343,20347,25,0.00248883
1773320620.79169965,0.01935747,6403,0.00015008,0.00000000,0,0.00000000,20347,20332,35,0.00208027
1773320620.89304495,0.02068038,6358,0.00030770,0.00000000,0,0.00000000,20332,20344,29,0.00085608
1773320620.99304914,0.01863882,6356,0.00031813,0.00000000,0,0.00000000,20344,20345,32,0.00179511
1773320621.09205866,0.02383375,6388,0.00010978,0.00000000,0,0.00000000,20345,20355,25,0.00079009
1773320621.19209576,0.01905046,6369,0.00030541,0.00000000,0,0.00000000,20355,20362,32,0.00082943
1773320621.29210377,0.02400072,6353,0.00018203,0.00000000,0,0.00000000,20362,20338,39,0.00075438
1773320621.39215422,0.02355149,6395,0.00017994,0.00000000,0,0.00000000,20338,20322,31,0.00155421
1773320621.49322104,0.02021352,6379,0.00035781,0.00000000,0,0.00000000,20322,20340,44,0.00122208
1773320621.59226537,0.02131401,6371,0.00023124,0.00000000,0,0.00000000,20340,20347,31,0.00133214
1773320621.69302869,0.01345213,6383,0.00006280,0.00000000,0,0.00000000,20347,20352,25,0.00169754
1773320621.79304600,0.01658942,6384,0.00030732,0.00000000,0,0.00000000,20352,20368,37,0.00122168
1773320621.89308643,0.01827181,6337,0.00026687,0.00000000,0,0.00000000,20368,20376,29,0.00197057
1773320621.99196553,0.02708670,6413,0.00018623,0.00000000,0,0.00000000,20376,20380,33,0.00124088
1773320622.09312749,0.02198622,6369,0.00036956,0.00000000,0,0.00000000,20380,20378,34,0.00125443
1773320622.19304037,0.02132305,6323,0.00008741,0.00000000,0,0.00000000,20378,20382,25,0.00140681
1773320622.29178357,0.01764268,6389,0.00014192,0.00000000,0,0.00000000,20382,20395,34,0.00075385
1773320622.39177752,0.01727247,6398,0.00024554,0.00000000,0,0.00000000,20395,20406,27,0.00197770
1773320622.49299550,0.01564222,6394,0.00020445,0.00000000,0,0.00000000,20406,20413,30,0.00238027
1773320622.59227872,0.02571131,6371,0.00014377,0.00000000,0,0.00000000,20413,20429,29,0.00264162
1773320622.69300246,0.01462160,6357,0.00006913,0.00000000,0,0.00000000,20429,20418,20,0.00171563
1773320622.79297566,0.01710743,6305,0.00027684,0.00000000,0,0.00000000,20418,20426,24,0.00178172
1773320622.89310765,0.02206008,6343,0.00028697,0.00000000,0,0.00000000,20426,20428,27,0.00181193
1773320622.99298239,0.02237019,6317,0.00024774,0.00000000,0,0.00000000,20428,20431,24,0.00173815
1773320623.09299159,0.01557048,6354,0.00006710,0.00000000,0,0.00000000,20431,20431,25,0.00081761
1773320623.19315839,0.02130861,6301,0.00029495,0.00000000,0,0.00000000,20431,20439,33,0.00236638
1773320623.29297137,0.02391574,6355,0.00023268,0.00000000,0,0.00000000,20439,20446,26,0.00082101
1773320623.39203835,0.02172585,6344,0.00004675,0.00000000,0,0.00000000,20446,20443,17,0.00178499
1773320623.49301052,0.01819492,6341,0.00010719,0.00000000,0,0.00000000,20443,20448,29,0.00191613
1773320623.59220147,0.02533416,6381,0.00012208,0.00000000,0,0.00000000,20448,20454,34,0.00228250
1773320623.69309711,0.01673078,6302,0.00014026,0.00000000,0,0.00000000,20454,20443,36,0.00113130
1773320623.79295921,0.02161990,6341,0.00010669,0.00000000,0,0.00000000,20443,20444,29,0.00314890
1773320623.89314222,0.02055815,6307,0.00006778,0.00000000,0,0.00000000,20444,20452,26,0.00296783
1773320623.99299908,0.01732425,6331,0.00018546,0.00000000,0,0.00000000,20452,20458,13,0.00280954
1773320624.09296322,0.02630696,6376,0.00019138,0.00000000,0,0.00000000,20458,20458,31,0.00085379
1773320624.19312620,0.02458897,6347,0.00030492,0.00000000,0,0.00000000,20458,20455,33,0.00166586
1773320624.29316568,0.01984449,6347,0.00008532,0.00000000,0,0.00000000,20455,20468,33,0.00284512
1773320624.39318109,0.02059301,6272,0.00006047,0.00000000,0,0.00000000,20468,20471,22,0.00172626
1773320624.49303722,0.01626869,6304,0.00025841,0.00000000,0,0.00000000,20471,20472,27,0.00120587
1773320624.59223223,0.02829491,6315,0.00027642,0.00000000,0,0.00000000,20472,20459,21,0.00252091
1773320624.69295883,0.01805857,6344,0.00009318,0.00000000,0,0.00000000,20459,20466,26,0.00179816
1773320624.79310179,0.03205364,6281,0.00036818,0.00000000,0,0.00000000,20466,20471,22,0.00249935
1773320624.89294147,0.02830824,6295,0.00048801,0.00000000,0,0.00000000,20471,20417,29,0.00167911
1773320624.99293876,0.03384318,6283,0.00030780,0.00000000,0,0.00000000,20417,20426,22,0.00116345
1773320625.09292269,0.02061206,6316,0.00014249,0.00000000,0,0.00000000,20426,20437,24,0.00126418
1773320625.19316316,0.01731268,6234,0.00011848,0.00000000,0,0.00000000,20437,20440,26,0.00117856
1773320625.29171729,0.02876218,6356,0.00012441,0.00000000,0,0.00000000,20440,20444,38,0.00116198
1773320625.39314556,0.02433736,6244,0.00010944,0.00000000,0,0.00000000,20444,20445,38,0.00142655
1773320625.49301934,0.01746550,6285,0.00008031,0.00000000,0,0.00000000,20445,20448,30,0.00137751
1773320625.59218216,0.02476099,6256,0.00043257,0.00000000,0,0.00000000,20448,20438,27,0.00171761
1773320625.69300413,0.02131650,6276,0.00016176,0.00000000,0,0.00000000,20438,20446,36,0.00182883
1773320625.79325294,0.02741768,6248,0.00013837,0.00000000,0,0.00000000,20446,20455,34,0.00199859
1773320625.89304185,0.02417752,6252,0.00018614,0.00000000,0,0.00000000,20455,20457,37,0.00301267
1773320625.99317217,0.02515040,6250,0.00029105,0.00000000,0,0.00000000,20457,20452,42,0.00281350
1773320626.09312272,0.02244990,6196,0.00034456,0.00000000,0,0.00000000,20452,20464,36,0.00144961
1773320626.19294715,0.02886922,6249,0.00014812,0.00000000,0,0.00000000,20464,20475,33,0.00120465
1773320626.29311585,0.02810760,6256,0.00026329,0.00000000,0,0.00000000,20475,20478,29,0.00255255
1773320626.39314508,0.02632933,6263,0.00009302,0.00000000,0,0.00000000,20478,20466,26,0.00301993
1773320626.49312329,0.02793442,6190,0.00014581,0.00000000,0,0.00000000,20466,20467,20,0.00118752
1773320626.59220719,0.02102203,6206,0.00009455,0.00000000,0,0.00000000,20467,20476,39,0.00103636
1773320626.69300151,0.01671371,6199,0.00009792,0.00000000,0,0.00000000,20476,20479,31,0.00085145
1773320626.79301810,0.02401076,6217,0.00022721,0.00000000,0,0.00000000,20479,20486,28,0.00085257
1773320626.89200926,0.02952314,6237,0.00028528,0.00000000,0,0.00000000,20486,20501,32,0.00165762
1773320626.99301529,0.02964557,6200,0.00014896,0.00000000,0,0.00000000,20501,20519,38,0.00353256
1773320627.09301472,0.02875079,6214,0.00030265,0.00000000,0,0.00000000,20519,20533,40,0.00112961
1773320627.19310021,0.02567500,6174,0.00017051,0.00000000,0,0.00000000,20533,20536,36,0.00222210
1773320627.29289150,0.02889234,6159,0.00435168,0.00000000,0,0.00000000,20536,20399,37,0.00084488
1773320627.39295697,0.03015851,6215,0.00023931,0.00000000,0,0.00000000,19737,19746,33,0.00082618
1773320627.49301720,0.02775417,6173,0.00039950,0.00000000,0,0.00000000,19746,19756,39,0.00176159
1773320627.59207392,0.03187897,6203,0.00010549,0.00000000,0,0.00000000,19756,19763,33,0.00182254
1773320627.69301105,0.01813429,6195,0.00013433,0.00000000,0,0.00000000,19763,19776,37,0.00165881
1773320627.79310012,0.02786616,6138,0.00028374,0.00000000,0,0.00000000,19776,19785,29,0.00291450
1773320627.89291286,0.03027068,6133,0.00029508,0.00000000,0,0.00000000,19785,19792,32,0.00164933
1773320627.99296784,0.02816385,6163,0.00009144,0.00000000,0,0.00000000,19792,19796,27,0.00166374
1773320628.09301829,0.02811855,6202,0.00017357,0.00000000,0,0.00000000,19796,19788,30,0.00088010
1773320628.19299412,0.02450122,6194,0.00013145,0.00000000,0,0.00000000,19788,19799,38,0.00228444
1773320628.29305482,0.02635442,6151,0.00036809,0.00000000,0,0.00000000,19799,19810,38,0.00095020
1773320628.39294338,0.02983829,6203,0.00018744,0.00000000,0,0.00000000,19810,19815,28,0.00082491
1773320628.49293375,0.02839049,6172,0.00032284,0.00000000,0,0.00000000,19815,19831,31,0.00161143
1773320628.59209919,0.02542312,6171,0.00012806,0.00000000,0,0.00000000,19831,19841,37,0.00249641
1773320628.69294834,0.01813228,6166,0.00010013,0.00000000,0,0.00000000,19841,19849,32,0.00252647
1773320628.79289579,0.03156368,6185,0.00017895,0.00000000,0,0.00000000,19849,19863,51,0.00189524
1773320628.89302611,0.02887708,6119,0.00016479,0.00000000,0,0.00000000,19863,19879,48,0.00205993
1773320628.99302459,0.02886248,6144,0.00027398,0.00000000,0,0.00000000,19879,19890,33,0.00150354
1773320629.09285450,0.02765630,6144,0.00034680,0.00000000,0,0.00000000,19890,19884,36,0.00078078
1773320629.19296646,0.03158110,6202,0.00016692,0.00000000,0,0.00000000,19884,19892,50,0.00084514
1773320629.29315948,0.03700808,6171,0.00013154,0.00000000,0,0.00000000,19892,19909,38,0.00115172
1773320629.39304686,0.03602528,6161,0.00016203,0.00000000,0,0.00000000,19909,19929,49,0.00177670
1773320629.49301076,0.03260506,6111,0.00051724,0.00000000,0,0.00000000,19929,19958,60,0.00230335
1773320629.59209585,0.03596617,6177,0.00040634,0.00000000,0,0.00000000,19958,19990,65,0.00136832
1773320629.69290948,0.02768701,6131,0.00023148,0.00000000,0,0.00000000,19990,20011,57,0.00094494
1773320629.79300857,0.03351582,6116,0.00035743,0.00000000,0,0.00000000,20011,20045,81,0.00261270
1773320629.89302301,0.03471392,6088,0.00041645,0.00000000,0,0.00000000,20045,20066,82,0.00273373
1773320629.99287486,0.03765334,6102,0.00078663,0.00000000,0,0.00000000,20066,20096,74,0.00198442
1773320630.09281301,0.03341574,6180,0.00076617,0.00000000,0,0.00000000,20096,20128,82,0.00295611
1773320630.19303989,0.02392404,6110,0.00030385,0.00000000,0,0.00000000,20128,20151,86,0.00115255
1773320630.29282641,0.02992718,6152,0.00086815,0.00000000,0,0.00000000,20151,20186,108,0.00083257
1773320630.39297080,0.03289159,6172,0.00045186,0.00000000,0,0.00000000,20186,20233,92,0.00080984
1773320630.49296045,0.03135452,6120,0.00090785,0.00000000,0,0.00000000,20233,20256,87,0.00178523
1773320630.59208012,0.03619960,6114,0.00036399,0.00000000,0,0.00000000,20256,20285,83,0.00160296
1773320630.69287825,0.02229333,6144,0.00038974,0.00000000,0,0.00000000,20285,20318,118,0.00152283
1773320630.79285932,0.03323109,6171,0.00087232,0.00000000,0,0.00000000,20318,20340,104,0.00110793
1773320630.89295554,0.03532319,6104,0.00044512,0.00000000,0,0.00000000,20340,20370,102,0.00140248
1773320630.99284291,0.03323619,6110,0.00049199,0.00000000,0,0.00000000,20370,20372,96,0.00172014
1773320631.09299040,0.03450696,6148,0.00085610,0.00000000,0,0.00000000,20372,20434,104,0.00089936
1773320631.19296885,0.03839573,6132,0.00107448,0.00000000,0,0.00000000,20434,20472,101,0.00087161
1773320631.29284000,0.03381636,6173,0.00081867,0.00000000,0,0.00000000,20472,20524,109,0.00086425
1773320631.39280486,0.03619319,6151,0.00095692,0.00000000,0,0.00000000,20524,20542,92,0.00082939
1773320631.49283671,0.03699290,6093,0.00092274,0.00000000,0,0.00000000,20542,20564,93,0.00125707
1773320631.59204984,0.03999712,6173,0.00072307,0.00000000,0,0.00000000,20564,20557,99,0.00288092
1773320631.69296432,0.01961574,6128,0.00037007,0.00000000,0,0.00000000,20557,20578,86,0.00238524
1773320631.79282069,0.03678176,6142,0.00093482,0.00000000,0,0.00000000,20578,20612,86,0.00177979
1773320631.89284062,0.03334528,6153,0.00032990,0.00000000,0,0.00000000,20612,20683,106,0.00187974
1773320631.99278975,0.03092323,6146,0.00059390,0.00000000,0,0.00000000,20683,20722,118,0.00174368
1773320632.09291959,0.03501069,6120,0.00049307,0.00000000,0,0.00000000,20722,20762,103,0.00089678
1773320632.19440699,0.03831970,6170,0.00136166,0.00000000,0,0.00000000,20762,20807,100,0.00228376
1773320632.29276657,0.03757260,6138,0.00128924,0.00000000,0,0.00000000,20807,20782,95,0.00229816
1773320632.39280009,0.02069859,6142,0.00047543,0.00000000,0,0.00000000,20782,20802,107,0.00173519
1773320632.49285650,0.03104645,6114,0.00082669,0.00000000,0,0.00000000,20802,20838,98,0.00084854
1773320632.59204721,0.02835871,6141,0.00084439,0.00000000,0,0.00000000,20838,20872,120,0.00092034
1773320632.69289565,0.01958511,6158,0.00038758,0.00000000,0,0.00000000,20872,20888,94,0.00165990
1773320632.79289269,0.03581595,6132,0.00040930,0.00000000,0,0.00000000,20888,20897,102,0.00177061
1773320632.89272308,0.03654751,6176,0.00066504,0.00000000,0,0.00000000,20897,20901,99,0.00239691
1773320632.99278998,0.03226544,6139,0.00033541,0.00000000,0,0.00000000,20901,20942,91,0.00122223
1773320633.09289122,0.03147657,6181,0.00131712,0.00000000,0,0.00000000,20942,20916,97,0.00163791
1773320633.19285250,0.03023766,6122,0.00038345,0.00000000,0,0.00000000,20916,20955,90,0.00155784
1773320633.29275680,0.03355401,6166,0.00101457,0.00000000,0,0.00000000,20955,20969,98,0.00081090
1773320633.39282799,0.03640837,6175,0.00105005,0.00000000,0,0.00000000,20969,20954,81,0.00078815
1773320633.49283338,0.02922932,6132,0.00129888,0.00000000,0,0.00000000,20954,20934,86,0.00238824
1773320633.59196115,0.03210722,6186,0.00027079,0.00000000,0,0.00000000,20934,20968,83,0.00080224
1773320633.69279242,0.02200915,6186,0.00032081,0.00000000,0,0.00000000,20968,20993,89,0.00206170
1773320633.79286337,0.03336619,6174,0.00051476,0.00000000,0,0.00000000,20993,20984,111,0.00205484
1773320633.89289594,0.03366760,6168,0.00097506,0.00000000,0,0.00000000,20984,21007,91,0.00188264
1773320633.99295712,0.03522230,6167,0.00040330,0.00000000,0,0.00000000,21007,21043,107,0.00120494
1773320634.09290814,0.03897681,6121,0.00066808,0.00000000,0,0.00000000,21043,21084,101,0.00089959
1773320634.19282365,0.03403784,6182,0.00146715,0.00000000,0,0.00000000,21084,21027,76,0.00078458
1773320634.29289961,0.03319048,6144,0.00090125,0.00000000,0,0.00000000,21027,21072,106,0.00128823
1773320634.39289379,0.03762672,6150,0.00130514,0.00000000,0,0.00000000,21072,21104,119,0.00081192
1773320634.49275088,0.03018033,6171,0.00072077,0.00000000,0,0.00000000,21104,21154,98,0.00207458
1773320634.59190917,0.04177120,6199,0.00102936,0.00000000,0,0.00000000,21154,21185,113,0.00284784
1773320634.69286442,0.01854439,6133,0.00067143,0.00000000,0,0.00000000,21185,21206,120,0.00290011
1773320634.79287672,0.03174045,6127,0.00052856,0.00000000,0,0.00000000,21206,21246,104,0.00175529
1773320634.89273262,0.03196723,6174,0.00045099,0.00000000,0,0.00000000,21246,21283,124,0.00189792
1773320634.99275708,0.03878739,6148,0.00524764,0.00000000,0,0.00000000,21283,21332,114,0.00257115
1773320635.09291577,0.03215219,6147,0.00092650,0.00000000,0,0.00000000,20045,20105,96,0.00162767
1773320635.19267797,0.03176928,6144,0.00032344,0.00000000,0,0.00000000,20105,20155,102,0.00158469
1773320635.29274583,0.03322224,6127,0.00071144,0.00000000,0,0.00000000,20155,20211,93,0.00244036
1773320635.39284611,0.03222375,6193,0.00033393,0.00000000,0,0.00000000,20211,20244,94,0.00087726
1773320635.49287844,0.03078917,6136,0.00034965,0.00000000,0,0.00000000,20244,20296,97,0.00233953
1773320635.59265399,0.03203785,6149,0.00074628,0.00000000,0,0.00000000,20296,20335,99,0.00205512
1773320635.69284034,0.02200273,6171,0.00035780,0.00000000,0,0.00000000,20335,20362,93,0.00090869
1773320635.79294205,0.02984308,6145,0.00107943,0.00000000,0,0.00000000,20362,20383,93,0.00090651
1773320635.89279890,0.03523066,6167,0.00041448,0.00000000,0,0.00000000,20383,20417,99,0.00144983
1773320635.99277186,0.03517107,6157,0.00077559,0.00000000,0,0.00000000,20417,20466,93,0.00176423
1773320636.09283471,0.03098058,6154,0.00033801,0.00000000,0,0.00000000,20466,20521,92,0.00075720
1773320636.19288158,0.03875840,6101,0.00082021,0.00000000,0,0.00000000,20521,20560,86,0.00160833
1773320636.29278255,0.03457708,6172,0.00053546,0.00000000,0,0.00000000,20560,20614,113,0.00092106
1773320636.39269638,0.03550122,6158,0.00102171,0.00000000,0,0.00000000,20614,20654,97,0.00278565
1773320636.49282551,0.03938517,6146,0.00120380,0.00000000,0,0.00000000,20654,20663,65,0.00128943
1773320636.59198308,0.03458320,6153,0.00060282,0.00000000,0,0.00000000,20663,20653,86,0.00213764
1773320636.69269753,0.03581756,6158,0.00078269,0.00000000,0,0.00000000,20653,20686,100,0.00094870
1773320636.79279971,0.02268413,6171,0.00041098,0.00000000,0,0.00000000,20686,20728,88,0.00144114
1773320636.89289165,0.03402891,6171,0.00061361,0.00000000,0,0.00000000,20728,20754,92,0.00292786
1773320636.99283767,0.03655602,6152,0.00090321,0.00000000,0,0.00000000,20754,20769,89,0.00374743
1773320637.09285116,0.03686414,6107,0.00059421,0.00000000,0,0.00000000,20769,20814,96,0.00324868
1773320637.19271684,0.03488330,6174,0.00032984,0.00000000,0,0.00000000,20814,20851,86,0.00141666
1773320637.29281378,0.03651100,6143,0.00051380,0.00000000,0,0.00000000,20851,20841,81,0.00112298
1773320637.39268994,0.03170479,6143,0.00090515,0.00000000,0,0.00000000,20841,20881,103,0.00233418
1773320637.49265170,0.03485334,6172,0.00030615,0.00000000,0,0.00000000,20881,20906,73,0.00183886
1773320637.59270692,0.03070809,6155,0.00032132,0.00000000,0,0.00000000,20906,20937,81,0.00079470
1773320637.69281745,0.03207580,6132,0.00029797,0.00000000,0,0.00000000,20937,20939,87,0.00101929
1773320637.79283118,0.02164895,6161,0.00033584,0.00000000,0,0.00000000,20939,20958,82,0.00134507
1773320637.89283967,0.03255966,6093,0.00078742,0.00000000,0,0.00000000,20958,21005,94,0.00084471
1773320637.99281693,0.03461619,6149,0.00073602,0.00000000,0,0.00000000,21005,21022,84,0.00323684
1773320638.09277821,0.03021492,6170,0.00089065,0.00000000,0,0.00000000,21022,20992,81,0.00143656
1773320638.19280028,0.03543875,6170,0.00058396,0.00000000,0,0.00000000,20992,21030,85,0.00088115
1773320638.29283690,0.03611816,6147,0.00101426,0.00000000,0,0.00000000,21030,21022,99,0.00185537
1773320638.39289618,0.03718486,6115,0.00081876,0.00000000,0,0.00000000,21022,21032,93,0.00251145
1773320638.49276185,0.03629515,6116,0.00027972,0.00000000,0,0.00000000,21032,21074,83,0.00207450
1773320638.59185910,0.03488419,6158,0.00042292,0.00000000,0,0.00000000,21074,21065,89,0.00304876
1773320638.69284773,0.02369725,6085,0.00047493,0.00000000,0,0.00000000,21065,21089,91,0.00221760
1773320638.79274511,0.03358901,6153,0.00161664,0.00000000,0,0.00000000,21089,21079,89,0.00286827
1773320638.89278293,0.03736323,6107,0.00034500,0.00000000,0,0.00000000,21079,21106,88,0.00187648
1773320638.99284220,0.04204314,6119,0.00091073,0.00000000,0,0.00000000,21106,21126,86,0.00170036
1773320639.09292960,0.04178350,6145,0.00107826,0.00000000,0,0.00000000,21126,21140,86,0.00177882
1773320639.19276166,0.03372696,6148,0.00036042,0.00000000,0,0.00000000,21140,21158,76,0.00221084
1773320639.29280853,0.04053296,6117,0.00084463,0.00000000,0,0.00000000,21158,21133,73,0.00261082
1773320639.39272261,0.03921241,6132,0.00103718,0.00000000,0,0.00000000,21133,21128,89,0.00104644
1773320639.49277377,0.04214495,5951,0.00072159,0.00000000,0,0.00000000,21128,21139,76,0.00212558
1773320639.58999205,0.04068472,6351,0.00055349,0.00000000,0,0.00000000,21139,21158,101,0.00301528
1773320639.69280791,0.02459720,6129,0.00045093,0.00000000,0,0.00000000,21158,21190,87,0.00178523
1773320639.79288554,0.02496806,6124,0.00056911,0.00000000,0,0.00000000,21190,21223,106,0.00273934
1773320639.89276433,0.03323641,6128,0.00108669,0.00000000,0,0.00000000,21223,21209,96,0.00198599
1773320639.99282479,0.03814331,6111,0.00088821,0.00000000,0,0.00000000,21209,21211,92,0.00215081
1773320640.09273839,0.03395141,6127,0.00066296,0.00000000,0,0.00000000,21211,21245,74,0.00094457
1773320640.19275618,0.03424176,6119,0.00146770,0.00000000,0,0.00000000,21245,21217,89,0.00166179
1773320640.29287505,0.02823133,6057,0.00105878,0.00000000,0,0.00000000,21217,21221,98,0.00252208
1773320640.39276648,0.03653091,6097,0.00091109,0.00000000,0,0.00000000,21221,21263,91,0.00238885
1773320640.49282742,0.03323177,6054,0.00085259,0.00000000,0,0.00000000,21263,21282,81,0.00202783
1773320640.59188271,0.03883302,6143,0.00027708,0.00000000,0,0.00000000,21282,21319,80,0.00184869
1773320640.69277263,0.02163737,6057,0.00043437,0.00000000,0,0.00000000,21319,21348,89,0.00258425
1773320640.79275513,0.02093795,6078,0.00042196,0.00000000,0,0.00000000,21348,21353,74,0.00199719
1773320640.89271712,0.02842681,6152,0.00054491,0.00000000,0,0.00000000,21353,21340,80,0.00085696
1773320640.99278259,0.03830314,6117,0.00085119,0.00000000,0,0.00000000,21340,21393,88,0.00088130
1773320641.09279895,0.03708840,6148,0.00028211,0.00000000,0,0.00000000,21393,21412,70,0.00100987
1773320641.19285369,0.03762769,6094,0.00034172,0.00000000,0,0.00000000,21412,21434,80,0.00085500
1773320641.29276347,0.03746528,6131,0.00092856,0.00000000,0,0.00000000,21434,21462,84,0.00197705
1773320641.39284492,0.03331950,6093,0.00100654,0.00000000,0,0.00000000,21462,21467,91,0.00148022
1773320641.49271417,0.03211110,6091,0.00108117,0.00000000,0,0.00000000,21467,21466,77,0.00193037
1773320641.59190726,0.03532312,6149,0.00042558,0.00000000,0,0.00000000,21466,21480,78,0.00087157
1773320641.69276214,0.02385568,6138,0.00037548,0.00000000,0,0.00000000,21480,21496,68,0.00084836
1773320641.79280210,0.03322443,6084,0.00063986,0.00000000,0,0.00000000,21496,21527,67,0.00136418
1773320641.89266443,0.03407926,6142,0.00068782,0.00000000,0,0.00000000,21527,21535,62,0.00213961
1773320641.99276519,0.03469056,6113,0.00065795,0.00000000,0,0.00000000,21535,21550,66,0.00174002
1773320642.09273839,0.03946583,6116,0.00077243,0.00000000,0,0.00000000,21550,21587,78,0.00082911
1773320642.19275308,0.03553496,6116,0.00036361,0.00000000,0,0.00000000,21587,21555,74,0.00078672
1773320642.29278183,0.03696132,6142,0.00023229,0.00000000,0,0.00000000,21555,21579,62,0.00277398
1773320642.39282250,0.03828331,6100,0.00080708,0.00000000,0,0.00000000,21579,21601,87,0.00297427
1773320642.49266744,0.03598286,6093,0.00069089,0.00000000,0,0.00000000,21601,21619,68,0.00237964
1773320642.59243369,0.03798589,6114,0.00024095,0.00000000,0,0.00000000,21619,21648,73,0.00106158
1773320642.69283724,0.02702596,6150,0.00044468,0.00000000,0,0.00000000,21648,21628,71,0.00082318
1773320642.79269862,0.02847321,6117,0.00075269,0.00000000,0,0.00000000,21628,21629,66,0.00141121
1773320642.89271617,0.03675032,6098,0.00065299,0.00000000,0,0.00000000,21629,21657,85,0.00284869
1773320642.99263930,0.03740221,6154,0.00082294,0.00000000,0,0.00000000,21657,21683,80,0.00221155
1773320643.09266400,0.03810978,6154,0.00070503,0.00000000,0,0.00000000,21683,21707,68,0.00180749
1773320643.19282246,0.03397723,6141,0.00074358,0.00000000,0,0.00000000,21707,21733,75,0.00169554
1773320643.29265189,0.03899652,6158,0.00083295,0.00000000,0,0.00000000,21733,21752,79,0.00109228
1773320643.39267969,0.02497542,6137,0.00133801,0.00000000,0,0.00000000,21752,21674,74,0.00279920
1773320643.49271441,0.04133142,6088,0.00071925,0.00000000,0,0.00000000,21674,21685,79,0.00302337
1773320643.59249640,0.03702504,6149,0.00044238,0.00000000,0,0.00000000,21685,21643,76,0.00206785
1773320643.69265628,0.03471681,6154,0.00045537,0.00000000,0,0.00000000,21643,21614,61,0.00188312
1773320643.79273367,0.02313357,6147,0.00035943,0.00000000,0,0.00000000,21614,21624,79,0.00186593
1773320643.89277387,0.03731544,6106,0.00025602,0.00000000,0,0.00000000,21624,21657,75,0.00221283
1773320643.99263144,0.03549300,6126,0.00075073,0.00000000,0,0.00000000,21657,21658,63,0.00091742
1773320644.09274435,0.03456266,6118,0.00086899,0.00000000,0,0.00000000,21658,21629,86,0.00237295
1773320644.19258165,0.03299513,6183,0.00074829,0.00000000,0,0.00000000,21629,21651,79,0.00112885
1773320644.29271340,0.03382616,6096,0.00063859,0.00000000,0,0.00000000,21651,21670,81,0.00184395
1773320644.39270425,0.03347456,6168,0.00061689,0.00000000,0,0.00000000,21670,21704,85,0.00245884
1773320644.49274039,0.03243318,6126,0.00072777,0.00000000,0,0.00000000,21704,21717,72,0.00129821
1773320644.59246325,0.02896818,6129,0.00056488,0.00000000,0,0.00000000,21717,21736,85,0.00296646
1773320644.69261599,0.02490673,6142,0.00032412,0.00000000,0,0.00000000,21736,21761,94,0.00177062
1773320644.79264951,0.03627200,6129,0.00074801,0.00000000,0,0.00000000,21761,21797,72,0.00252826
1773320644.89276361,0.04090352,6150,0.00074909,0.00000000,0,0.00000000,21797,21824,83,0.00229713
1773320644.99274254,0.03257955,6127,0.00055353,0.00000000,0,0.00000000,21824,21809,86,0.00298064
1773320645.09262156,0.03849708,6138,0.00073860,0.00000000,0,0.00000000,21809,21825,102,0.00174548
1773320645.19273591,0.03270628,6129,0.00089118,0.00000000,0,0.00000000,21825,21844,96,0.00139536
1773320645.29259229,0.03226162,6139,0.00036885,0.00000000,0,0.00000000,21844,21865,87,0.00231543
1773320645.39266372,0.03365668,6147,0.00044874,0.00000000,0,0.00000000,21865,21823,83,0.00079831
1773320645.49274564,0.03873295,6142,0.00080100,0.00000000,0,0.00000000,21823,21834,80,0.00250677
1773320645.59257913,0.04017501,6134,0.00038712,0.00000000,0,0.00000000,21834,21865,87,0.00180971
1773320645.69267726,0.02283161,6110,0.00041652,0.00000000,0,0.00000000,21865,21884,87,0.00127933
1773320645.79261851,0.02108157,6165,0.00039399,0.00000000,0,0.00000000,21884,21909,97,0.00077917
1773320645.89260793,0.03503545,6142,0.00094120,0.00000000,0,0.00000000,21909,21870,96,0.00080156
1773320645.99268293,0.03643287,6098,0.00046554,0.00000000,0,0.00000000,21870,21872,89,0.00197893
1773320646.09258175,0.03760167,6149,0.00026063,0.00000000,0,0.00000000,21872,21893,79,0.00080318
1773320646.19260311,0.03712053,6126,0.00087173,0.00000000,0,0.00000000,21893,21893,85,0.00074715
1773320646.29261589,0.03767866,6146,0.00084738,0.00000000,0,0.00000000,21893,21923,84,0.00187604
1773320646.39264750,0.03764731,6118,0.00090829,0.00000000,0,0.00000000,21923,21922,80,0.00123448
1773320646.49257660,0.03977488,6111,0.00082221,0.00000000,0,0.00000000,21922,21951,87,0.00133556
1773320646.59253120,0.04148929,6099,0.00020787,0.00000000,0,0.00000000,21951,21981,62,0.00195734
1773320646.69264197,0.02597120,6128,0.00019982,0.00000000,0,0.00000000,21981,21991,75,0.00230015
1773320646.79270744,0.03414806,6108,0.00028808,0.00000000,0,0.00000000,21991,22013,70,0.00288720
1773320646.89255595,0.03666838,6129,0.00069875,0.00000000,0,0.00000000,22013,22038,82,0.00172837
1773320646.99262834,0.03609091,6148,0.00084504,0.00000000,0,0.00000000,22038,22031,71,0.00291804
1773320647.09268665,0.03898879,6124,0.00072776,0.00000000,0,0.00000000,22031,22047,68,0.00180927
1773320647.19253302,0.03291003,6120,0.00061383,0.00000000,0,0.00000000,22047,22044,51,0.00079527
1773320647.29254484,0.03459214,6161,0.00031208,0.00000000,0,0.00000000,22044,22034,61,0.00090769
1773320647.39257002,0.03527291,6098,0.00054579,0.00000000,0,0.00000000,22034,22063,59,0.00234961
1773320647.49263310,0.03597853,6137,0.00075031,0.00000000,0,0.00000000,22063,22050,67,0.00301635
1773320647.59263349,0.03348583,6131,0.00089117,0.00000000,0,0.00000000,22050,22063,78,0.00291830
1773320647.69253564,0.01889532,6147,0.00031015,0.00000000,0,0.00000000,22063,22043,81,0.00186513
1773320647.79253268,0.02874967,6128,0.00045181,0.00000000,0,0.00000000,22043,22067,58,0.00180057
1773320647.89252687,0.03512325,6177,0.00033085,0.00000000,0,0.00000000,22067,22080,61,0.00177732
1773320647.99258685,0.02514814,6151,0.00062790,0.00000000,0,0.00000000,22080,22082,61,0.00158489
1773320648.09259081,0.03425955,6122,0.00052011,0.00000000,0,0.00000000,22082,22096,53,0.00083995
1773320648.19250560,0.02761717,6158,0.00066630,0.00000000,0,0.00000000,22096,22114,68,0.00145769
1773320648.29253483,0.02900637,6152,0.00020342,0.00000000,0,0.00000000,22114,22128,65,0.00237741
1773320648.39258385,0.03166812,6177,0.00077132,0.00000000,0,0.00000000,22128,22112,61,0.00194915
1773320648.49262619,0.03261520,6133,0.00024245,0.00000000,0,0.00000000,22112,22119,60,0.00194422
1773320648.59252071,0.02842473,6170,0.00063437,0.00000000,0,0.00000000,22119,22115,50,0.00256162
1773320648.69266152,0.02713910,6143,0.00025696,0.00000000,0,0.00000000,22115,22132,56,0.00288376
1773320648.79253793,0.02010773,6155,0.00022598,0.00000000,0,0.00000000,22132,22145,61,0.00261801
1773320648.89254498,0.03093860,6153,0.00067052,0.00000000,0,0.00000000,22145,22158,60,0.00086184
1773320648.99258208,0.03472758,6126,0.00051563,0.00000000,0,0.00000000,22158,22153,54,0.00323645
1773320649.09260035,0.03495815,6141,0.00081356,0.00000000,0,0.00000000,22153,22163,68,0.00268794
1773320649.19253635,0.03367953,6122,0.00019357,0.00000000,0,0.00000000,22163,22177,57,0.00086083
1773320649.29256654,0.03173867,6174,0.00112015,0.00000000,0,0.00000000,22177,22095,50,0.00295145
1773320649.39257026,0.03237168,6163,0.00053891,0.00000000,0,0.00000000,22095,22114,54,0.00101058
1773320649.49253678,0.03142935,6192,0.00047136,0.00000000,0,0.00000000,22114,22132,52,0.00282973
1773320649.59253931,0.03202283,6144,0.00072931,0.00000000,0,0.00000000,22132,22136,56,0.00157484
1773320649.69254398,0.03438914,6221,0.00030166,0.00000000,0,0.00000000,22136,22154,57,0.00204182
1773320649.79259896,0.02485971,6186,0.00060564,0.00000000,0,0.00000000,22154,22157,47,0.00278379
1773320649.89259577,0.03365187,6158,0.00027998,0.00000000,0,0.00000000,22157,22169,51,0.00188944
1773320649.99246716,0.03539499,6173,0.00017552,0.00000000,0,0.00000000,22169,22182,50,0.00160156
1773320650.09250689,0.03078274,6184,0.00065217,0.00000000,0,0.00000000,22182,22185,50,0.00184946
1773320650.19259524,0.03445647,6183,0.00016259,0.00000000,0,0.00000000,22185,22190,41,0.00084771
1773320650.29261041,0.03272411,6172,0.00042223,0.00000000,0,0.00000000,22190,22209,40,0.00164653
1773320650.39256549,0.03792351,6224,0.00050204,0.00000000,0,0.00000000,22209,22206,53,0.00089943
1773320650.49260664,0.03094165,6217,0.00022494,0.00000000,0,0.00000000,22206,22197,52,0.00247262
1773320650.59254026,0.03957015,6175,0.00034659,0.00000000,0,0.00000000,22197,22195,56,0.00275911
1773320650.69259310,0.02417542,6171,0.00016165,0.00000000,0,0.00000000,22195,22202,40,0.00259078
1773320650.79244256,0.02790832,6179,0.00018477,0.00000000,0,0.00000000,22202,22221,56,0.00272699
1773320650.89249802,0.02943715,6197,0.00050080,0.00000000,0,0.00000000,22221,22241,60,0.00120394
1773320650.99246216,0.02941381,6206,0.00047152,0.00000000,0,0.00000000,22241,22243,43,0.00174087
1773320651.09254122,0.03485962,6208,0.00037795,0.00000000,0,0.00000000,22243,22248,46,0.00178717
1773320651.19262266,0.02776302,6193,0.00018737,0.00000000,0,0.00000000,22248,22241,45,0.00200534
1773320651.29243636,0.02888763,6203,0.00022240,0.00000000,0,0.00000000,22241,22241,48,0.00075698
1773320651.39246440,0.03245524,6206,0.00013710,0.00000000,0,0.00000000,22241,22250,32,0.00085136
1773320651.49242735,0.03656894,6241,0.00016772,0.00000000,0,0.00000000,22250,22263,41,0.00178622
1773320651.59256649,0.02929831,6183,0.00023195,0.00000000,0,0.00000000,22263,22256,42,0.00106073
1773320651.69254160,0.01611877,6259,0.00022634,0.00000000,0,0.00000000,22256,22267,59,0.00226039
1773320651.79257655,0.02594083,6187,0.00042917,0.00000000,0,0.00000000,22267,22271,39,0.00118063
1773320651.89240575,0.02804665,6229,0.00041537,0.00000000,0,0.00000000,22271,22270,40,0.00167710
1773320651.99244213,0.02590449,6197,0.00021304,0.00000000,0,0.00000000,22270,22277,61,0.00192798
1773320652.09244037,0.02925755,6239,0.00025102,0.00000000,0,0.00000000,22277,22277,51,0.00096622
1773320652.19247222,0.03006458,6231,0.00012311,0.00000000,0,0.00000000,22277,22286,40,0.00299685
1773320652.29254103,0.02103154,6190,0.00024332,0.00000000,0,0.00000000,22286,22250,34,0.00203209
1773320652.39237022,0.02875369,6236,0.00055980,0.00000000,0,0.00000000,22250,22264,52,0.00213187
1773320652.49242353,0.02548903,6268,0.00048790,0.00000000,0,0.00000000,22264,22278,50,0.00191855
1773320652.59258246,0.03448142,6178,0.00037450,0.00000000,0,0.00000000,22278,22272,51,0.00212442
1773320652.69238544,0.03129990,6243,0.00015119,0.00000000,0,0.00000000,22272,22269,41,0.00137205
1773320652.79241419,0.01605524,6246,0.00013138,0.00000000,0,0.00000000,22269,22279,48,0.00267148
1773320652.89248157,0.03192552,6222,0.00048278,0.00000000,0,0.00000000,22279,22299,48,0.00194242
1773320652.99250102,0.03165715,6233,0.00055137,0.00000000,0,0.00000000,22299,22303,43,0.00174724
1773320653.09247971,0.03079761,6216,0.00042662,0.00000000,0,0.00000000,22303,22314,36,0.00256624
1773320653.19255137,0.02546503,6228,0.00039071,0.00000000,0,0.00000000,22314,22307,37,0.00079033
1773320653.29246736,0.02577591,6239,0.00042808,0.00000000,0,0.00000000,22307,22318,45,0.00217155
1773320653.39234877,0.03280933,6266,0.00066242,0.00000000,0,0.00000000,22318,22318,52,0.00195436
1773320653.49251390,0.03582037,6250,0.00025074,0.00000000,0,0.00000000,22318,22331,37,0.00101547
1773320653.59248114,0.03858276,6216,0.00073807,0.00000000,0,0.00000000,22331,22338,46,0.00113952
1773320653.69237638,0.02709879,6254,0.00028899,0.00000000,0,0.00000000,22338,22343,44,0.00278017
1773320653.79242635,0.02142711,6258,0.00019157,0.00000000,0,0.00000000,22343,22369,47,0.00279758
1773320653.89249587,0.03229168,6265,0.00013161,0.00000000,0,0.00000000,22369,22383,34,0.00163846
1773320653.99250793,0.01980002,6258,0.00060995,0.00000000,0,0.00000000,22383,22382,45,0.00164996
1773320654.09248328,0.02473130,6220,0.00047175,0.00000000,0,0.00000000,22382,22380,49,0.00278559
1773320654.19234586,0.01910980,6264,0.00031322,0.00000000,0,0.00000000,22380,22386,37,0.00164974
1773320654.29215956,0.02783165,6291,0.00017964,0.00000000,0,0.00000000,22386,22362,43,0.00211744
1773320654.39240241,0.02149827,6263,0.00033718,0.00000000,0,0.00000000,22362,22378,41,0.00208301
1773320654.49246573,0.03231858,6270,0.00043764,0.00000000,0,0.00000000,22378,22388,37,0.00227716
1773320654.59232163,0.03747084,6293,0.00047059,0.00000000,0,0.00000000,22388,22398,43,0.00197722
1773320654.69244075,0.02644609,6252,0.00020516,0.00000000,0,0.00000000,22398,22391,48,0.00192252
1773320654.79247642,0.01948588,6247,0.00025057,0.00000000,0,0.00000000,22391,22417,54,0.00090181
1773320654.89231157,0.02563047,6127,0.00050147,0.00000000,0,0.00000000,22417,22413,49,0.00223177
1773320654.99040937,0.03110909,6395,0.00053879,0.00000000,0,0.00000000,22413,22431,51,0.00288132
1773320655.09239173,0.03454500,6280,0.00052647,0.00000000,0,0.00000000,22431,22443,43,0.00211463
1773320655.19240713,0.02699792,6269,0.00040394,0.00000000,0,0.00000000,22443,22448,42,0.00084566
1773320655.29239893,0.02129120,6244,0.00049413,0.00000000,0,0.00000000,22448,22448,50,0.00295341
1773320655.39221740,0.02723802,6301,0.00020919,0.00000000,0,0.00000000,22448,22440,41,0.00199684
1773320655.49278140,0.02905055,6266,0.00040036,0.00000000,0,0.00000000,22440,22442,39,0.00096273
1773320655.59254670,0.03060808,6296,0.00039528,0.00000000,0,0.00000000,22442,22460,46,0.00132868
1773320655.69241619,0.01903580,6239,0.00029658,0.00000000,0,0.00000000,22460,22441,48,0.00257279
1773320655.79232001,0.02870221,6268,0.00050438,0.00000000,0,0.00000000,22441,22436,48,0.00203117
1773320655.89235163,0.03299244,6259,0.00021443,0.00000000,0,0.00000000,22436,22442,43,0.00142235
1773320655.99238014,0.02662085,6265,0.00038239,0.00000000,0,0.00000000,22442,22452,47,0.00290685
1773320656.09236789,0.02863111,6259,0.00042272,0.00000000,0,0.00000000,22452,22467,41,0.00091372
1773320656.19239426,0.02640049,6257,0.00015214,0.00000000,0,0.00000000,22467,22470,38,0.00251353
1773320656.29241705,0.02727015,6266,0.00014963,0.00000000,0,0.00000000,22470,22477,34,0.00094794
1773320656.39242697,0.02922541,6259,0.00043902,0.00000000,0,0.00000000,22477,22485,41,0.00111724
1773320656.49239230,0.02668200,6248,0.00036862,0.00000000,0,0.00000000,22485,22500,39,0.00307275
1773320656.59226322,0.02567894,6264,0.00018791,0.00000000,0,0.00000000,22500,22505,39,0.00193442
1773320656.69238496,0.02177834,6258,0.00016620,0.00000000,0,0.00000000,22505,22508,45,0.00184248
1773320656.79251766,0.01426676,6214,0.00016155,0.00000000,0,0.00000000,22508,22524,43,0.00085268
1773320656.89229298,0.02498041,6218,0.00035786,0.00000000,0,0.00000000,22524,22518,31,0.00209284
1773320656.99230552,0.02689386,6245,0.00011646,0.00000000,0,0.00000000,22518,22528,35,0.00179430
1773320657.09235883,0.02948675,6265,0.00018481,0.00000000,0,0.00000000,22528,22536,29,0.00191292
1773320657.19251323,0.02884106,6238,0.00049459,0.00000000,0,0.00000000,22536,22556,44,0.00122745
1773320657.29224467,0.02622604,6270,0.00032091,0.00000000,0,0.00000000,22556,22553,39,0.00173267
1773320657.39231038,0.02898237,6256,0.00054354,0.00000000,0,0.00000000,22553,22563,46,0.00220992
1773320657.49227691,0.03594079,6284,0.00018002,0.00000000,0,0.00000000,22563,22560,40,0.00177790
1773320657.59235859,0.03059446,6266,0.00015796,0.00000000,0,0.00000000,22560,22553,37,0.00081258
1773320657.69222236,0.01970381,6297,0.00008443,0.00000000,0,0.00000000,22553,22556,25,0.00230053
1773320657.79228449,0.03117402,6280,0.00037780,0.00000000,0,0.00000000,22556,22569,36,0.00199369
1773320657.89226007,0.02523285,6269,0.00075487,0.00000000,0,0.00000000,22569,22534,32,0.00248149
1773320657.99226332,0.02765496,6308,0.00033395,0.00000000,0,0.00000000,22534,22545,33,0.00228333
1773320658.09230995,0.03180346,6332,0.00032992,0.00000000,0,0.00000000,22545,22557,30,0.00178304
1773320658.19228649,0.02783410,6284,0.00045092,0.00000000,0,0.00000000,22557,22566,41,0.00086088
1773320658.29230905,0.03109809,6287,0.00019956,0.00000000,0,0.00000000,22566,22569,50,0.00243647
1773320658.39232469,0.02493879,6287,0.00038225,0.00000000,0,0.00000000,22569,22573,27,0.00158548
1773320658.49230218,0.03236691,6271,0.00023627,0.00000000,0,0.00000000,22573,22582,26,0.00106999
1773320658.59225941,0.03434945,6285,0.00040179,0.00000000,0,0.00000000,22582,22576,32,0.00306166
1773320658.69235468,0.02406088,6251,0.00014866,0.00000000,0,0.00000000,22576,22576,42,0.00097667
1773320658.79227495,0.01638082,6305,0.00016671,0.00000000,0,0.00000000,22576,22534,36,0.00265424
1773320658.89222527,0.02626305,6321,0.00026242,0.00000000,0,0.00000000,22534,22541,28,0.00109379
1773320658.99242306,0.02508083,6289,0.00034021,0.00000000,0,0.00000000,22541,22545,23,0.00206610
1773320659.09225631,0.02869539,6322,0.00037513,0.00000000,0,0.00000000,22545,22552,35,0.00232253
1773320659.19226670,0.02655813,6298,0.00033611,0.00000000,0,0.00000000,22552,22560,32,0.00155288
1773320659.29225898,0.02229837,6297,0.00034439,0.00000000,0,0.00000000,22560,22560,34,0.00083386
1773320659.39224935,0.02477905,6262,0.00011177,0.00000000,0,0.00000000,22560,22559,32,0.00190118
1773320659.49225926,0.02965303,6320,0.00014388,0.00000000,0,0.00000000,22559,22569,32,0.00214727
1773320659.59236050,0.03354057,6230,0.00029813,0.00000000,0,0.00000000,22569,22562,32,0.00178526
1773320659.69229341,0.01819151,6287,0.00008423,0.00000000,0,0.00000000,22562,22564,23,0.00187044
1773320659.79226899,0.02112246,6273,0.00025659,0.00000000,0,0.00000000,22564,22572,29,0.00259146
1773320659.89231753,0.02487411,6249,0.00030768,0.00000000,0,0.00000000,22572,22572,29,0.00110527
1773320659.99223948,0.02023367,6292,0.00010987,0.00000000,0,0.00000000,22572,22574,35,0.00081781
1773320660.09232998,0.02565806,6262,0.00009824,0.00000000,0,0.00000000,22574,22581,33,0.00118421
1773320660.19233060,0.02909019,6275,0.00033806,0.00000000,0,0.00000000,22581,22579,35,0.00084096
1773320660.29230857,0.02635474,6253,0.00034353,0.00000000,0,0.00000000,22579,22590,33,0.00205022
1773320660.39229822,0.02052069,6261,0.00035170,0.00000000,0,0.00000000,22590,22602,33,0.00203214
1773320660.49224234,0.01938377,6264,0.00025163,0.00000000,0,0.00000000,22602,22610,29,0.00187282
1773320660.59231067,0.02031545,6267,0.00007243,0.00000000,0,0.00000000,22610,22619,26,0.00241658
1773320660.69219232,0.01861134,6296,0.00009575,0.00000000,0,0.00000000,22619,22622,35,0.00086687
1773320660.79221177,0.01099055,6291,0.00007507,0.00000000,0,0.00000000,22622,22627,37,0.00169315
1773320660.89217091,0.02550377,6276,0.00040850,0.00000000,0,0.00000000,22627,22633,30,0.00264517
1773320660.99226260,0.02353541,6279,0.00043961,0.00000000,0,0.00000000,22633,22621,33,0.00174104
1773320661.09223628,0.02421818,6323,0.00034898,0.00000000,0,0.00000000,22621,22619,35,0.00189237
1773320661.19224715,0.02484724,6291,0.00032137,0.00000000,0,0.00000000,22619,22621,35,0.00085009
1773320661.29222512,0.02522826,6292,0.00010478,0.00000000,0,0.00000000,22621,22629,27,0.00267024
1773320661.39221168,0.02993992,6311,0.00011561,0.00000000,0,0.00000000,22629,22616,32,0.00220596
1773320661.49218917,0.02915165,6294,0.00048474,0.00000000,0,0.00000000,22616,22616,47,0.00211629
1773320661.59230638,0.02444485,6247,0.00008773,0.00000000,0,0.00000000,22616,22618,27,0.00205116
1773320661.69222498,0.01845231,6294,0.00013301,0.00000000,0,0.00000000,22618,22615,39,0.00186158
1773320661.79225230,0.02808449,6286,0.00030518,0.00000000,0,0.00000000,22615,22623,27,0.00181813
1773320661.89217162,0.02562001,6285,0.00011899,0.00000000,0,0.00000000,22623,22628,28,0.00079112
1773320661.99216795,0.02855613,6307,0.00020001,0.00000000,0,0.00000000,22628,22637,38,0.00154491
1773320662.09219885,0.02449849,6311,0.00049472,0.00000000,0,0.00000000,22637,22621,33,0.00286348
1773320662.19212556,0.02619579,6332,0.00041177,0.00000000,0,0.00000000,22621,22639,37,0.00138770
1773320662.29228997,0.01688728,6293,0.00012024,0.00000000,0,0.00000000,22639,22639,34,0.00241600
1773320662.39218616,0.02290494,6312,0.00010850,0.00000000,0,0.00000000,22639,22652,32,0.00157307
1773320662.49215889,0.01788586,6348,0.00042985,0.00000000,0,0.00000000,22652,22656,37,0.00162939
1773320662.59231329,0.03181898,6298,0.00013983,0.00000000,0,0.00000000,22656,22659,38,0.00192733
1773320662.69215631,0.01612935,6308,0.00035532,0.00000000,0,0.00000000,22659,22574,38,0.00232900
1773320662.79215169,0.03025403,6287,0.00016638,0.00000000,0,0.00000000,22574,22592,38,0.00185104
1773320662.89216542,0.02441317,6325,0.00047509,0.00000000,0,0.00000000,22592,22614,48,0.00080595
1773320662.99225736,0.02811676,6301,0.00042934,0.00000000,0,0.00000000,22614,22607,32,0.00169008
1773320663.09226894,0.02583828,6340,0.00038151,0.00000000,0,0.00000000,22607,22618,39,0.00165092
1773320663.19225883,0.03149387,6294,0.00053319,0.00000000,0,0.00000000,22618,22635,46,0.00127001
1773320663.29234958,0.02407091,6303,0.00036017,0.00000000,0,0.00000000,22635,22634,38,0.00234601
1773320663.39225125,0.03003815,6334,0.00019331,0.00000000,0,0.00000000,22634,22643,41,0.00122067
1773320663.49227977,0.02617067,6324,0.00071726,0.00000000,0,0.00000000,22643,22643,43,0.00245332
1773320663.59209037,0.02936701,6294,0.00028561,0.00000000,0,0.00000000,22643,22651,45,0.00190554
1773320663.69215369,0.01419011,6322,0.00012477,0.00000000,0,0.00000000,22651,22654,44,0.00304301
1773320663.79220009,0.01154398,6313,0.00014218,0.00000000,0,0.00000000,22654,22666,47,0.00201936
1773320663.89218020,0.02662467,6316,0.00054125,0.00000000,0,0.00000000,22666,22674,52,0.00332207
1773320663.99221754,0.01956900,6325,0.00065752,0.00000000,0,0.00000000,22674,22686,60,0.00287465
1773320664.09219933,0.02041945,6302,0.00069823,0.00000000,0,0.00000000,22686,22642,55,0.00198929
1773320664.19215202,0.02055272,6314,0.00041314,0.00000000,0,0.00000000,22642,22648,41,0.00107281
1773320664.29219031,0.02274351,6333,0.00062660,0.00000000,0,0.00000000,22648,22657,50,0.00085543
1773320664.39219260,0.03086065,6319,0.00050166,0.00000000,0,0.00000000,22657,22672,47,0.00122951
1773320664.49223685,0.02596023,6319,0.00023414,0.00000000,0,0.00000000,22672,22693,56,0.00196776
1773320664.59213924,0.03102277,6297,0.00048514,0.00000000,0,0.00000000,22693,22705,42,0.00222202
1773320664.69223928,0.02912277,6292,0.00031014,0.00000000,0,0.00000000,22705,22710,55,0.00276487
1773320664.79220653,0.01575665,6294,0.00018124,0.00000000,0,0.00000000,22710,22729,52,0.00279920
1773320664.89210510,0.03365179,6318,0.00054422,0.00000000,0,0.00000000,22729,22731,54,0.00163884
1773320664.99219275,0.02706703,6305,0.00076683,0.00000000,0,0.00000000,22731,22744,51,0.00159252
1773320665.09210563,0.02663648,6299,0.00052330,0.00000000,0,0.00000000,22744,22775,48,0.00109851
1773320665.19205117,0.02832246,6332,0.00062990,0.00000000,0,0.00000000,22775,22782,63,0.00086163
1773320665.29221940,0.02344274,6314,0.00013319,0.00000000,0,0.00000000,22782,22792,38,0.00091586
1773320665.39218760,0.03127411,6271,0.00073377,0.00000000,0,0.00000000,22792,22787,59,0.00203674
1773320665.49204421,0.02946848,6338,0.00045301,0.00000000,0,0.00000000,22787,22813,48,0.00305841
1773320665.59209776,0.03051322,6283,0.00049502,0.00000000,0,0.00000000,22813,22820,42,0.00218130
1773320665.69205570,0.02884740,6308,0.00021207,0.00000000,0,0.00000000,22820,22798,46,0.00202177
1773320665.79204369,0.01689092,6292,0.00017174,0.00000000,0,0.00000000,22798,22819,50,0.00107752
1773320665.89208293,0.02232496,6308,0.00063349,0.00000000,0,0.00000000,22819,22839,48,0.00125646
1773320665.99206805,0.02583017,6295,0.00046845,0.00000000,0,0.00000000,22839,22845,39,0.00287543
1773320666.09205222,0.02513308,6294,0.00041578,0.00000000,0,0.00000000,22845,22815,45,0.00171576
1773320666.19210792,0.02420458,6275,0.00009477,0.00000000,0,0.00000000,22815,22820,34,0.00159992
1773320666.29210639,0.02549528,6280,0.00035893,0.00000000,0,0.00000000,22820,22830,46,0.00179623
1773320666.39251781,0.03033355,6313,0.00018910,0.00000000,0,0.00000000,22830,22837,44,0.00269027
1773320666.49214435,0.01588962,6295,0.00040749,0.00000000,0,0.00000000,22837,22858,42,0.00230363
1773320666.59204745,0.02454808,6273,0.00014876,0.00000000,0,0.00000000,22858,22861,38,0.00269396
1773320666.69209194,0.01900767,6308,0.00013157,0.00000000,0,0.00000000,22861,22874,37,0.00170947
1773320666.79205632,0.02299482,6271,0.00045269,0.00000000,0,0.00000000,22874,22895,45,0.00094295
1773320666.89224219,0.02830627,6296,0.00044579,0.00000000,0,0.00000000,22895,22878,45,0.00179683
1773320666.99205995,0.02623890,6319,0.00041454,0.00000000,0,0.00000000,22878,22896,43,0.00177100
1773320667.09201908,0.02703956,6265,0.00047755,0.00000000,0,0.00000000,22896,22908,36,0.00212641
1773320667.19204879,0.03030453,6312,0.00031941,0.00000000,0,0.00000000,22908,22895,32,0.00094975
1773320667.29205441,0.03266243,6307,0.00022052,0.00000000,0,0.00000000,22895,22915,39,0.00155193
1773320667.39212656,0.02811995,6304,0.00048301,0.00000000,0,0.00000000,22915,22910,34,0.00208726
1773320667.49212837,0.02924256,6307,0.00045083,0.00000000,0,0.00000000,22910,22918,39,0.00318377
1773320667.59199095,0.03541100,6291,0.00009789,0.00000000,0,0.00000000,22918,22917,25,0.00305898
1773320667.69214296,0.02720517,6278,0.00019993,0.00000000,0,0.00000000,22917,22927,41,0.00099965
1773320667.79213405,0.01868779,6232,0.00023602,0.00000000,0,0.00000000,22927,22923,43,0.00244390
1773320667.89198446,0.02586083,6263,0.00042744,0.00000000,0,0.00000000,22923,22925,38,0.00269780
1773320667.99201274,0.02752737,6263,0.00037294,0.00000000,0,0.00000000,22925,22932,35,0.00101466
1773320668.09199643,0.02789214,6305,0.00036409,0.00000000,0,0.00000000,22932,22949,34,0.00265142
1773320668.19200230,0.02550061,6285,0.00031664,0.00000000,0,0.00000000,22949,22955,33,0.00121051
1773320668.29199934,0.02364984,6285,0.00015937,0.00000000,0,0.00000000,22955,22975,40,0.00125519
1773320668.39201403,0.02560706,6281,0.00020021,0.00000000,0,0.00000000,22975,22981,32,0.00255897
1773320668.49206114,0.02716468,6294,0.00018969,0.00000000,0,0.00000000,22981,22962,34,0.00122109
1773320668.59194303,0.02875578,6291,0.00013947,0.00000000,0,0.00000000,22962,22946,29,0.00296192
1773320668.69204760,0.01752472,6306,0.00010649,0.00000000,0,0.00000000,22946,22945,39,0.00261785
1773320668.79211211,0.02320436,6278,0.00041523,0.00000000,0,0.00000000,22945,22961,43,0.00290016
1773320668.89219689,0.02641819,6265,0.00029359,0.00000000,0,0.00000000,22961,22966,27,0.00261517
1773320668.99208570,0.02181246,6253,0.00032420,0.00000000,0,0.00000000,22966,22961,30,0.00098445
1773320669.09195352,0.02146475,6305,0.00044373,0.00000000,0,0.00000000,22961,22957,33,0.00194409
1773320669.19198608,0.01992951,6283,0.00036186,0.00000000,0,0.00000000,22957,22953,40,0.00141001
1773320669.29198837,0.01445572,6286,0.00027984,0.00000000,0,0.00000000,22953,22955,27,0.00108969
1773320669.39192986,0.01793687,6284,0.00006062,0.00000000,0,0.00000000,22955,22958,26,0.00127676
1773320669.49196339,0.02209049,6338,0.00010015,0.00000000,0,0.00000000,22958,22966,36,0.00220089
1773320669.59200549,0.03109263,6278,0.00011247,0.00000000,0,0.00000000,22966,22968,34,0.00209000
1773320669.69212770,0.02708424,6271,0.00007150,0.00000000,0,0.00000000,22968,22974,23,0.00162400
1773320669.79198718,0.01663868,6324,0.00005555,0.00000000,0,0.00000000,22974,22984,28,0.00235446
1773320669.89201069,0.02993937,6312,0.00046867,0.00000000,0,0.00000000,22984,22975,37,0.00193825
1773320669.99198270,0.02203595,6334,0.00011608,0.00000000,0,0.00000000,22975,22977,31,0.00089836
1773320670.09204459,0.02677802,6334,0.00045725,0.00000000,0,0.00000000,22977,22970,39,0.00243188
1773320670.19210911,0.02106820,6301,0.00025813,0.00000000,0,0.00000000,22970,22969,24,0.00111459
1773320670.29199505,0.02221261,6310,0.00010100,0.00000000,0,0.00000000,22969,22979,25,0.00121771
1773320670.39201951,0.02295325,6334,0.00011572,0.00000000,0,0.00000000,22979,22986,37,0.00303557
1773320670.49204683,0.02661104,6349,0.00029425,0.00000000,0,0.00000000,22986,22984,26,0.00292651
1773320670.59200501,0.03149890,6295,0.00032550,0.00000000,0,0.00000000,22984,22992,23,0.00224240
1773320670.69189239,0.02480955,6337,0.00029262,0.00000000,0,0.00000000,22992,22990,28,0.00184191
1773320670.79192257,0.01615921,6344,0.00006703,0.00000000,0,0.00000000,22990,22995,22,0.00273272
1773320670.89194250,0.02284751,6359,0.00008946,0.00000000,0,0.00000000,22995,23001,28,0.00262949
1773320670.99197316,0.02856473,6321,0.00012601,0.00000000,0,0.00000000,23001,23006,22,0.00193133
1773320671.09192348,0.02758143,6303,0.00035558,0.00000000,0,0.00000000,23006,23013,25,0.00207981
1773320671.19193602,0.02547011,6348,0.00032954,0.00000000,0,0.00000000,23013,23010,30,0.00084605
1773320671.29195070,0.02649552,6339,0.00031880,0.00000000,0,0.00000000,23010,23017,26,0.00247151
1773320671.39193153,0.02658871,6358,0.00032363,0.00000000,0,0.00000000,23017,23016,25,0.00164126
1773320671.49192166,0.02126403,6381,0.00010488,0.00000000,0,0.00000000,23016,23015,22,0.00087653
1773320671.59202909,0.02339670,6294,0.00029143,0.00000000,0,0.00000000,23015,23007,22,0.00096971
1773320671.69192648,0.01814889,6340,0.00009613,0.00000000,0,0.00000000,23007,22998,22,0.00166752
1773320671.79192328,0.01691386,6375,0.00013489,0.00000000,0,0.00000000,22998,22989,31,0.00142702
1773320671.89190221,0.02338802,6323,0.00033498,0.00000000,0,0.00000000,22989,23004,44,0.00231320
1773320671.99193358,0.02633434,6348,0.00013750,0.00000000,0,0.00000000,23004,22978,25,0.00163785
1773320672.09192300,0.03215136,6315,0.00180329,0.00000000,0,0.00000000,22978,22989,31,0.00193118
1773320672.19196010,0.02792214,6337,0.00033977,0.00000000,0,0.00000000,22989,22996,31,0.00091289
1773320672.29194760,0.02788464,6367,0.00048087,0.00000000,0,0.00000000,22996,22980,32,0.00277816
1773320672.39195848,0.02323163,6337,0.00032200,0.00000000,0,0.00000000,22980,22976,33,0.00195839
1773320672.49193120,0.02617882,6340,0.00057325,0.00000000,0,0.00000000,22976,22972,33,0.00214971
1773320672.59194493,0.03135842,6320,0.00016256,0.00000000,0,0.00000000,22972,22971,32,0.00235193
1773320672.69184947,0.01871955,6358,0.00045993,0.00000000,0,0.00000000,22971,22970,36,0.00275838
1773320672.79204917,0.01703382,6335,0.00013951,0.00000000,0,0.00000000,22970,22972,23,0.00208563
1773320672.89200902,0.02801916,6332,0.00014697,0.00000000,0,0.00000000,22972,22970,18,0.00197170
1773320672.99200296,0.02352172,6322,0.00042103,0.00000000,0,0.00000000,22970,22976,38,0.00107767
1773320673.09198332,0.02622994,6357,0.00024176,0.00000000,0,0.00000000,22976,22965,29,0.00103197
1773320673.19199181,0.02367925,6327,0.00032987,0.00000000,0,0.00000000,22965,22973,32,0.00133315
1773320673.29199123,0.01941332,6327,0.00034524,0.00000000,0,0.00000000,22973,22967,28,0.00274519
1773320673.39197159,0.02741886,6284,0.00035028,0.00000000,0,0.00000000,22967,22974,32,0.00273413
1773320673.49196219,0.02330509,6358,0.00010156,0.00000000,0,0.00000000,22974,22983,32,0.00143052
1773320673.59199691,0.03114528,6300,0.00032636,0.00000000,0,0.00000000,22983,22983,45,0.00091755
1773320673.69186759,0.02165378,6326,0.00011666,0.00000000,0,0.00000000,22983,22974,30,0.00189518
1773320673.79189873,0.01597887,6315,0.00008617,0.00000000,0,0.00000000,22974,22980,28,0.00155314
1773320673.89187789,0.02511802,6309,0.00011644,0.00000000,0,0.00000000,22980,22981,24,0.00193168
1773320673.99187851,0.02109620,6296,0.00044143,0.00000000,0,0.00000000,22981,22978,33,0.00286934
1773320674.09191751,0.02754100,6313,0.00028961,0.00000000,0,0.00000000,22978,22980,23,0.00178421
1773320674.19200921,0.02571381,6308,0.00039446,0.00000000,0,0.00000000,22980,22983,33,0.00121657
1773320674.29196334,0.02422514,6315,0.00030213,0.00000000,0,0.00000000,22983,22981,32,0.00227636
1773320674.39194608,0.01909610,6319,0.00034569,0.00000000,0,0.00000000,22981,22983,30,0.00083732
1773320674.49190402,0.02407679,6323,0.00033377,0.00000000,0,0.00000000,22983,22994,30,0.00117045
1773320674.59196544,0.02001107,6315,0.00011301,0.00000000,0,0.00000000,22994,23000,40,0.00081474
1773320674.69189954,0.01237217,6325,0.00009706,0.00000000,0,0.00000000,23000,23006,30,0.00107999
1773320674.79196262,0.01137510,6257,0.00008494,0.00000000,0,0.00000000,23006,23021,39,0.00144442
1773320674.89179564,0.02658593,6319,0.00010805,0.00000000,0,0.00000000,23021,23017,30,0.00146791
1773320674.99201989,0.02806609,6307,0.00013482,0.00000000,0,0.00000000,23017,23017,30,0.00300207
1773320675.09189749,0.02296778,6332,0.00028875,0.00000000,0,0.00000000,23017,23025,33,0.00086048
1773320675.19203758,0.02134324,6268,0.00026868,0.00000000,0,0.00000000,23025,23034,32,0.00082844
1773320675.29186249,0.02145806,6294,0.00030785,0.00000000,0,0.00000000,23034,23035,28,0.00193754
1773320675.39192629,0.02192647,6330,0.00021446,0.00000000,0,0.00000000,23035,23042,28,0.00085615
1773320675.49192834,0.02196170,6297,0.00024931,0.00000000,0,0.00000000,23042,23040,30,0.00116900
1773320675.59183693,0.02616326,6303,0.00007293,0.00000000,0,0.00000000,23040,23050,25,0.00092115
1773320675.69193816,0.01655812,6317,0.00012297,0.00000000,0,0.00000000,23050,23043,37,0.00095533
1773320675.79197097,0.01536420,6289,0.00006626,0.00000000,0,0.00000000,23043,23052,31,0.00160256
1773320675.89197803,0.02017615,6323,0.00041195,0.00000000,0,0.00000000,23052,23047,39,0.00223729
1773320675.99203038,0.02451142,6323,0.00031148,0.00000000,0,0.00000000,23047,23051,31,0.00284594
1773320676.09197307,0.02267876,6268,0.00052836,0.00000000,0,0.00000000,23051,23040,36,0.00155540
1773320676.19180393,0.02483299,6331,0.00055393,0.00000000,0,0.00000000,23040,23033,38,0.00155259
1773320676.29197979,0.01942918,6284,0.00009556,0.00000000,0,0.00000000,23033,23040,33,0.00213921
1773320676.39177370,0.02581571,6326,0.00011004,0.00000000,0,0.00000000,23040,23048,34,0.00173086
1773320676.49181533,0.02733038,6331,0.00033496,0.00000000,0,0.00000000,23048,23053,29,0.00187186
1773320676.59195304,0.02592875,6262,0.00041113,0.00000000,0,0.00000000,23053,23036,41,0.00228150
1773320676.69183278,0.02447299,6334,0.00010616,0.00000000,0,0.00000000,23036,23037,30,0.00163876
1773320676.79207110,0.01276316,6299,0.00005900,0.00000000,0,0.00000000,23037,23039,25,0.00175540
1773320676.89185166,0.02972440,6335,0.00014989,0.00000000,0,0.00000000,23039,23046,28,0.00163439
1773320676.99194789,0.02314284,6325,0.00037071,0.00000000,0,0.00000000,23046,23044,31,0.00300900
1773320677.09192109,0.01811123,6298,0.00011941,0.00000000,0,0.00000000,23044,23052,30,0.00272321
1773320677.19194388,0.02098956,6278,0.00034116,0.00000000,0,0.00000000,23052,23051,24,0.00101778
1773320677.29179907,0.02174273,6344,0.00015373,0.00000000,0,0.00000000,23051,23049,33,0.00212788
1773320677.39194179,0.02504231,6307,0.00036893,0.00000000,0,0.00000000,23049,23060,40,0.00120527
1773320677.49193144,0.02571936,6324,0.00010760,0.00000000,0,0.00000000,23060,23068,23,0.00217436
1773320677.59259439,0.02624398,6283,0.00009521,0.00000000,0,0.00000000,23068,23076,25,0.00154907
1773320677.69198632,0.02089724,6329,0.00042846,0.00000000,0,0.00000000,23076,23080,37,0.00250117
1773320677.79200792,0.01636537,6318,0.00006653,0.00000000,0,0.00000000,23080,23085,20,0.00199861
1773320677.89197326,0.02674707,6291,0.00042086,0.00000000,0,0.00000000,23085,23069,25,0.00268217
1773320677.99201775,0.02066157,6320,0.00031022,0.00000000,0,0.00000000,23069,23069,30,0.00164209
1773320678.09195352,0.02033967,6333,0.00038867,0.00000000,0,0.00000000,23069,23068,43,0.00208513
1773320678.19201803,0.02065514,6289,0.00021839,0.00000000,0,0.00000000,23068,23075,26,0.00119708
1773320678.29193807,0.02036932,6330,0.00029398,0.00000000,0,0.00000000,23075,23070,24,0.00282564
1773320678.39190602,0.02135197,6314,0.00029793,0.00000000,0,0.00000000,23070,23076,34,0.00287334
1773320678.49188614,0.02250561,6350,0.00008841,0.00000000,0,0.00000000,23076,23073,27,0.00201676
1773320678.59203219,0.02751103,6282,0.00010550,0.00000000,0,0.00000000,23073,23073,27,0.00253148
1773320678.69182038,0.01650878,6330,0.00007869,0.00000000,0,0.00000000,23073,23075,25,0.00209904
1773320678.79204941,0.01239931,6252,0.00006802,0.00000000,0,0.00000000,23075,23082,24,0.00300544
1773320678.89188385,0.02310148,6285,0.00013748,0.00000000,0,0.00000000,23082,23092,41,0.00176545
1773320678.99188137,0.02366217,6329,0.00014341,0.00000000,0,0.00000000,23092,23092,34,0.00168422
1773320679.09185553,0.02163334,6348,0.00012479,0.00000000,0,0.00000000,23092,23090,27,0.00202201
1773320679.19188333,0.02194765,6324,0.00017018,0.00000000,0,0.00000000,23090,23105,47,0.00077445
1773320679.29170632,0.02276781,6384,0.00045933,0.00000000,0,0.00000000,23105,23116,30,0.00215081
1773320679.39182568,0.02295759,6320,0.00024715,0.00000000,0,0.00000000,23116,23125,26,0.00222024
1773320679.49192119,0.01268575,6374,0.00015865,0.00000000,0,0.00000000,23125,23112,36,0.00186276
1773320679.59249997,0.02349445,6306,0.00018547,0.00000000,0,0.00000000,23112,23103,36,0.00258090
1773320679.69193411,0.01553945,6331,0.00027675,0.00000000,0,0.00000000,23103,23076,37,0.00175829
1773320679.79192662,0.02449400,6340,0.00033383,0.00000000,0,0.00000000,23076,23073,29,0.00110234
1773320679.89193892,0.02323596,6324,0.00034247,0.00000000,0,0.00000000,23073,23067,35,0.00174685
1773320679.99199653,0.02464729,6321,0.00012537,0.00000000,0,0.00000000,23067,23074,27,0.00264009
1773320680.09195304,0.02513057,6340,0.00008978,0.00000000,0,0.00000000,23074,23067,28,0.00096599
1773320680.19196081,0.02630097,6345,0.00013662,0.00000000,0,0.00000000,23067,23073,32,0.00187121
1773320680.29200649,0.02868567,6288,0.00056895,0.00000000,0,0.00000000,23073,23080,41,0.00185688
1773320680.39181900,0.02080187,6330,0.00044269,0.00000000,0,0.00000000,23080,23076,39,0.00226777
1773320680.49185276,0.02292346,6378,0.00039459,0.00000000,0,0.00000000,23076,23079,33,0.00237481
1773320680.59242582,0.02842115,6318,0.00048701,0.00000000,0,0.00000000,23079,23085,24,0.00269787
1773320680.69189072,0.01972938,6349,0.00036369,0.00000000,0,0.00000000,23085,23089,28,0.00087364
1773320680.79188180,0.02478646,6361,0.00014017,0.00000000,0,0.00000000,23089,23087,27,0.00099116
1773320680.89191318,0.02727452,6329,0.00028836,0.00000000,0,0.00000000,23087,23097,36,0.00096759
1773320680.99190068,0.01568559,6335,0.00030237,0.00000000,0,0.00000000,23097,23095,20,0.00262969
1773320681.09187818,0.01966984,6326,0.00023838,0.00000000,0,0.00000000,23095,23098,25,0.00280293
1773320681.19185996,0.01959356,6319,0.00031503,0.00000000,0,0.00000000,23098,23104,30,0.00254275
1773320681.29189062,0.02335195,6340,0.00024116,0.00000000,0,0.00000000,23104,23109,25,0.00215474
1773320681.39188480,0.02459639,6393,0.00012623,0.00000000,0,0.00000000,23109,23116,25,0.00116228
1773320681.49244976,0.02603159,6334,0.00012352,0.00000000,0,0.00000000,23116,23122,28,0.00185414
1773320681.59245920,0.03271643,6302,0.00026733,0.00000000,0,0.00000000,23122,23124,32,0.00178358
1773320681.69191670,0.03250954,6344,0.00016748,0.00000000,0,0.00000000,23124,23132,27,0.00229989
1773320681.79200172,0.01504941,6334,0.00021764,0.00000000,0,0.00000000,23132,23114,32,0.00184515
1773320681.89202428,0.02204180,6315,0.00007117,0.00000000,0,0.00000000,23114,23120,26,0.00179138
1773320681.99197602,0.01510723,6349,0.00010151,0.00000000,0,0.00000000,23120,23129,21,0.00086387
1773320682.09196758,0.02727798,6321,0.00040631,0.00000000,0,0.00000000,23129,23133,31,0.00198359
1773320682.19203234,0.02485652,6275,0.00025800,0.00000000,0,0.00000000,23133,23134,23,0.00162401
1773320682.29184389,0.02775377,6374,0.00046847,0.00000000,0,0.00000000,23134,23102,34,0.00191078
1773320682.39202309,0.02534874,6313,0.00024478,0.00000000,0,0.00000000,23102,23113,23,0.00083234
1773320682.49204755,0.02420527,6343,0.00013948,0.00000000,0,0.00000000,23113,23114,33,0.00160148
1773320682.59243536,0.03549731,6291,0.00017750,0.00000000,0,0.00000000,23114,23118,35,0.00221783
1773320682.69186926,0.02531816,6317,0.00023563,0.00000000,0,0.00000000,23118,23104,36,0.00118290
1773320682.79187870,0.01867704,6308,0.00009814,0.00000000,0,0.00000000,23104,23096,30,0.00263484
1773320682.89197969,0.02168091,6312,0.00032376,0.00000000,0,0.00000000,23096,23106,32,0.00184704
1773320682.99187589,0.02320135,6328,0.00032696,0.00000000,0,0.00000000,23106,23116,31,0.00088227
1773320683.09190798,0.02249873,6329,0.00045434,0.00000000,0,0.00000000,23116,23111,43,0.00175810
1773320683.19200134,0.02435100,6302,0.00036955,0.00000000,0,0.00000000,23111,23122,36,0.00094508
1773320683.29197907,0.02691256,6319,0.00034320,0.00000000,0,0.00000000,23122,23133,26,0.00208968
1773320683.39198589,0.02986855,6299,0.00038281,0.00000000,0,0.00000000,23133,23131,25,0.00153248
1773320683.49202275,0.02401001,6298,0.00029876,0.00000000,0,0.00000000,23131,23134,32,0.00266146
1773320683.59255648,0.03080414,6279,0.00051066,0.00000000,0,0.00000000,23134,23135,25,0.00136535
1773320683.69187379,0.02221475,6307,0.00016575,0.00000000,0,0.00000000,23135,23147,34,0.00105136
1773320683.79193521,0.01608497,6295,0.00020176,0.00000000,0,0.00000000,23147,23142,41,0.00086329
1773320683.89192104,0.02667399,6313,0.00042196,0.00000000,0,0.00000000,23142,23149,29,0.00081399
1773320683.99197984,0.02445781,6309,0.00032273,0.00000000,0,0.00000000,23149,23149,31,0.00247330
1773320684.09198475,0.02651159,6328,0.00038468,0.00000000,0,0.00000000,23149,23155,30,0.00159775
1773320684.19200850,0.02330864,6325,0.00058372,0.00000000,0,0.00000000,23155,23136,47,0.00090291
1773320684.29201746,0.01778058,6335,0.00011134,0.00000000,0,0.00000000,23136,23130,35,0.00214564
1773320684.39236712,0.02507966,6283,0.00022413,0.00000000,0,0.00000000,23130,23124,43,0.00152604
1773320684.49239087,0.01957835,6296,0.00036107,0.00000000,0,0.00000000,23124,23115,30,0.00183118
1773320684.59244514,0.02977768,6281,0.00054265,0.00000000,0,0.00000000,23115,23124,36,0.00164460
1773320684.69233441,0.02490492,6272,0.00012061,0.00000000,0,0.00000000,23124,23130,35,0.00193454
1773320684.79193044,0.02297791,6247,0.00048471,0.00000000,0,0.00000000,23130,23125,43,0.00306742
1773320684.89177012,0.02306929,6331,0.00011392,0.00000000,0,0.00000000,23125,23133,31,0.00197102
1773320684.99197769,0.02319423,6297,0.00037353,0.00000000,0,0.00000000,23133,23139,47,0.00096164
1773320685.09198737,0.02875256,6277,0.00048958,0.00000000,0,0.00000000,23139,23154,43,0.00206879
1773320685.19176960,0.02857890,6302,0.00044694,0.00000000,0,0.00000000,23154,23160,42,0.00177321
1773320685.29236770,0.02650205,6275,0.00012056,0.00000000,0,0.00000000,23160,23168,35,0.00107331
1773320685.39231110,0.02350103,6274,0.00047822,0.00000000,0,0.00000000,23168,23190,50,0.00219192
1773320685.49184513,0.02957828,6316,0.00029904,0.00000000,0,0.00000000,23190,23197,36,0.00212005
1773320685.59253097,0.03006322,6242,0.00014150,0.00000000,0,0.00000000,23197,23187,40,0.00165279
1773320685.69197750,0.02970800,6266,0.00015251,0.00000000,0,0.00000000,23187,23180,40,0.00285145
1773320685.79241610,0.01590349,6255,0.00011163,0.00000000,0,0.00000000,23180,23186,41,0.00084048
1773320685.89186215,0.02773463,6276,0.00049794,0.00000000,0,0.00000000,23186,23177,38,0.00098143
1773320685.99190688,0.02958429,6258,0.00016005,0.00000000,0,0.00000000,23177,23183,39,0.00179483
1773320686.09195185,0.02989599,6261,0.00017934,0.00000000,0,0.00000000,23183,23169,29,0.00264782
1773320686.19229889,0.02885573,6287,0.00017113,0.00000000,0,0.00000000,23169,23169,45,0.00084205
1773320686.29223800,0.02825278,6272,0.00012530,0.00000000,0,0.00000000,23169,23182,41,0.00267246
1773320686.39230895,0.03108852,6250,0.00030094,0.00000000,0,0.00000000,23182,23183,46,0.00222334
1773320686.49183464,0.02783209,6289,0.00046199,0.00000000,0,0.00000000,23183,23198,37,0.00279012
1773320686.59247804,0.03356390,6213,0.00054850,0.00000000,0,0.00000000,23198,23192,43,0.00224421
1773320686.69193959,0.02635971,6294,0.00012298,0.00000000,0,0.00000000,23192,23205,44,0.00200092
1773320686.79196048,0.03271703,6256,0.00055388,0.00000000,0,0.00000000,23205,23180,59,0.00116084
1773320686.89192152,0.03141304,6243,0.00074871,0.00000000,0,0.00000000,23180,23180,60,0.00198046
1773320686.99230027,0.03179529,6243,0.00047629,0.00000000,0,0.00000000,23180,23176,41,0.00249821
1773320687.09236050,0.03490358,6218,0.00025504,0.00000000,0,0.00000000,23176,23180,47,0.00195822
1773320687.19184494,0.03230389,6244,0.00073690,0.00000000,0,0.00000000,23180,23168,51,0.00081004
1773320687.29189301,0.02963835,6246,0.00063219,0.00000000,0,0.00000000,23168,23169,63,0.00273214
1773320687.39190292,0.02999152,6256,0.00053869,0.00000000,0,0.00000000,23169,23179,51,0.00222132
1773320687.49188542,0.03323944,6238,0.00080424,0.00000000,0,0.00000000,23179,23166,62,0.00116450
1773320687.59231544,0.03475411,6258,0.00056401,0.00000000,0,0.00000000,23166,23173,51,0.00156125
1773320687.69225502,0.02024079,6254,0.00022452,0.00000000,0,0.00000000,23173,23194,47,0.00250342
1773320687.79228950,0.03048699,6249,0.00019396,0.00000000,0,0.00000000,23194,23194,51,0.00255935
1773320687.89243054,0.03061824,6182,0.00027489,0.00000000,0,0.00000000,23194,23182,54,0.00258761
1773320687.99192500,0.02832735,6263,0.00058059,0.00000000,0,0.00000000,23182,23186,59,0.00176844
1773320688.09220266,0.03439559,6247,0.00076300,0.00000000,0,0.00000000,23186,23157,52,0.00153215
1773320688.19228530,0.02832455,6243,0.00045308,0.00000000,0,0.00000000,23157,23173,53,0.00078999
1773320688.29229569,0.02332146,6238,0.00045466,0.00000000,0,0.00000000,23173,23158,61,0.00086406
1773320688.39231515,0.02808187,6196,0.00057691,0.00000000,0,0.00000000,23158,23178,64,0.00087961
1773320688.49185824,0.02641150,6254,0.00054795,0.00000000,0,0.00000000,23178,23175,55,0.00266650
1773320688.59246922,0.03444738,6207,0.00063237,0.00000000,0,0.00000000,23175,23180,56,0.00198249
1773320688.69223714,0.02056426,6246,0.00021063,0.00000000,0,0.00000000,23180,23187,56,0.00183560
1773320688.79222202,0.02032683,6239,0.00031756,0.00000000,0,0.00000000,23187,23210,60,0.00156265
1773320688.89227557,0.03245404,6186,0.00051506,0.00000000,0,0.00000000,23210,23241,65,0.00174378
1773320688.99186850,0.02928242,6251,0.00073733,0.00000000,0,0.00000000,23241,23235,68,0.00175255
1773320689.09222484,0.02970007,6249,0.00055648,0.00000000,0,0.00000000,23235,23251,55,0.00084969
1773320689.19219041,0.03106786,6237,0.00048131,0.00000000,0,0.00000000,23251,23238,77,0.00081537
1773320689.29232430,0.02198887,6239,0.00080817,0.00000000,0,0.00000000,23238,23258,84,0.00095187
1773320689.39248586,0.03107154,6259,0.00094226,0.00000000,0,0.00000000,23258,23261,68,0.00176004
1773320689.49221754,0.02627562,6212,0.00076581,0.00000000,0,0.00000000,23261,23275,76,0.00176099
1773320689.59233594,0.02802718,6260,0.00064565,0.00000000,0,0.00000000,23275,23280,66,0.00193740
1773320689.69231606,0.02401413,6240,0.00055306,0.00000000,0,0.00000000,23280,23281,64,0.00162196
1773320689.79231715,0.01925189,6242,0.00017562,0.00000000,0,0.00000000,23281,23296,50,0.00235024
1773320689.89230490,0.03201718,6236,0.00096906,0.00000000,0,0.00000000,23296,23286,65,0.00283533
1773320689.99328303,0.03106560,6247,0.00055891,0.00000000,0,0.00000000,23286,23305,72,0.00285208
1773320690.09214020,0.03134790,6268,0.00027872,0.00000000,0,0.00000000,23305,23294,61,0.00181562
1773320690.19212103,0.02980026,6262,0.00032227,0.00000000,0,0.00000000,23294,23319,64,0.00082890
1773320690.29218936,0.03040662,6268,0.00017853,0.00000000,0,0.00000000,23319,23336,47,0.00194933
1773320690.39218235,0.03638174,6210,0.00037971,0.00000000,0,0.00000000,23336,23314,56,0.00173102
1773320690.49216866,0.03456504,6290,0.00035196,0.00000000,0,0.00000000,23314,23294,74,0.00124182
1773320690.59322953,0.03043516,6224,0.00079235,0.00000000,0,0.00000000,23294,23273,58,0.00167306
1773320690.69218040,0.01920960,6248,0.00022819,0.00000000,0,0.00000000,23273,23290,67,0.00083124
1773320690.79322553,0.02469406,6211,0.00060626,0.00000000,0,0.00000000,23290,23304,56,0.00225689
1773320690.89215517,0.02613900,6265,0.00060024,0.00000000,0,0.00000000,23304,23322,56,0.00087814
1773320690.99214983,0.02467904,6290,0.00073953,0.00000000,0,0.00000000,23322,23295,58,0.00166644
1773320691.09224439,0.02420632,6266,0.00049878,0.00000000,0,0.00000000,23295,23323,58,0.00085994
1773320691.19221187,0.03598763,6276,0.00261919,0.00000000,0,0.00000000,23323,23178,58,0.00083357
1773320691.29217243,0.03294172,6263,0.00068148,0.00000000,0,0.00000000,23178,23207,61,0.00169028
1773320691.39219260,0.02555918,6232,0.00071284,0.00000000,0,0.00000000,23207,23224,59,0.00159234
1773320691.49178004,0.03147273,6293,0.00073340,0.00000000,0,0.00000000,23224,23234,60,0.00207693
1773320691.59241557,0.04573146,6251,0.00069451,0.00000000,0,0.00000000,23234,23255,61,0.00201940
1773320691.69217563,0.03049994,6270,0.00024072,0.00000000,0,0.00000000,23255,23269,51,0.00204008
1773320691.79232001,0.02066863,6244,0.00024448,0.00000000,0,0.00000000,23269,23282,55,0.00169629
1773320691.89215350,0.02924464,6283,0.00061182,0.00000000,0,0.00000000,23282,23293,48,0.00218731
1773320691.99216843,0.03266813,6265,0.00035045,0.00000000,0,0.00000000,23293,23305,63,0.00239893
1773320692.09319901,0.02628521,6211,0.00055095,0.00000000,0,0.00000000,23305,23333,48,0.00285028
1773320692.19214392,0.03367051,6285,0.00032300,0.00000000,0,0.00000000,23333,23339,62,0.00097254
1773320692.29321098,0.02879276,6272,0.00023462,0.00000000,0,0.00000000,23339,23356,54,0.00325206
1773320692.39319372,0.03301387,6265,0.00018531,0.00000000,0,0.00000000,23356,23374,55,0.00090195
1773320692.49326110,0.02511076,6267,0.00069060,0.00000000,0,0.00000000,23374,23365,52,0.00301785
1773320692.59312463,0.03483448,6244,0.00071695,0.00000000,0,0.00000000,23365,23359,46,0.00219325
1773320692.69219518,0.03339180,6266,0.00017259,0.00000000,0,0.00000000,23359,23374,56,0.00186395
1773320692.79217911,0.01828750,6258,0.00018340,0.00000000,0,0.00000000,23374,23393,63,0.00288557
1773320692.89210844,0.02824946,6283,0.00020478,0.00000000,0,0.00000000,23393,23394,48,0.00162927
1773320692.99221182,0.03082413,6253,0.00015677,0.00000000,0,0.00000000,23394,23389,44,0.00150693
1773320693.09317589,0.02926574,6230,0.00014687,0.00000000,0,0.00000000,23389,23391,40,0.00152080
1773320693.19219732,0.03048970,6256,0.00023337,0.00000000,0,0.00000000,23391,23391,54,0.00087850
1773320693.29214811,0.02814608,6269,0.00018666,0.00000000,0,0.00000000,23391,23390,51,0.00174107
1773320693.39212441,0.02863132,6267,0.00021062,0.00000000,0,0.00000000,23390,23379,49,0.00182840
1773320693.49221969,0.02750487,6315,0.00080611,0.00000000,0,0.00000000,23379,23367,53,0.00160967
1773320693.59234953,0.03518267,6216,0.00020939,0.00000000,0,0.00000000,23367,23380,47,0.00112691
1773320693.69211197,0.02536927,6239,0.00029743,0.00000000,0,0.00000000,23380,23363,58,0.00276896
1773320693.79306245,0.01814367,6350,0.00015499,0.00000000,0,0.00000000,23363,23376,51,0.00092358
1773320693.89209771,0.03350979,6275,0.00082989,0.00000000,0,0.00000000,23376,23388,54,0.00161162
1773320693.99317241,0.02010149,6231,0.00031874,0.00000000,0,0.00000000,23388,23392,50,0.00125079
1773320694.09210372,0.02169597,6270,0.00032674,0.00000000,0,0.00000000,23392,23407,50,0.00174692
1773320694.19207430,0.02338714,6292,0.00061313,0.00000000,0,0.00000000,23407,23411,56,0.00139291
1773320694.29207683,0.02838407,6261,0.00041049,0.00000000,0,0.00000000,23411,23431,48,0.00210821
1773320694.39207602,0.02802133,6294,0.00057909,0.00000000,0,0.00000000,23431,23432,55,0.00134375
1773320694.49208379,0.02637273,6302,0.00053966,0.00000000,0,0.00000000,23432,23447,45,0.00152736
1773320694.59226441,0.03135900,6290,0.00067450,0.00000000,0,0.00000000,23447,23459,55,0.00330178
1773320694.69302487,0.02854972,6286,0.00038652,0.00000000,0,0.00000000,23459,23471,39,0.00260979
1773320694.79313660,0.01724696,6223,0.00016644,0.00000000,0,0.00000000,23471,23488,53,0.00257018
1773320694.89158511,0.02868452,6332,0.00016691,0.00000000,0,0.00000000,23488,23486,47,0.00184078
1773320694.99312615,0.02861608,6254,0.00059744,0.00000000,0,0.00000000,23486,23494,47,0.00241363
1773320695.09210277,0.02702458,6301,0.00043090,0.00000000,0,0.00000000,23494,23503,36,0.00156004
1773320695.19208050,0.03076818,6326,0.00025539,0.00000000,0,0.00000000,23503,23515,53,0.00092558
1773320695.29320502,0.02677554,6244,0.00021735,0.00000000,0,0.00000000,23515,23506,46,0.00178330
1773320695.39203572,0.02851848,6251,0.00021753,0.00000000,0,0.00000000,23506,23500,48,0.00084667
1773320695.49212718,0.01570623,6265,0.00023932,0.00000000,0,0.00000000,23500,23512,40,0.00171940
1773320695.59229088,0.03042175,6300,0.00014021,0.00000000,0,0.00000000,23512,23510,37,0.00205956
1773320695.69316030,0.02024894,6271,0.00015345,0.00000000,0,0.00000000,23510,23518,47,0.00126002
1773320695.79332447,0.01628254,6237,0.00010212,0.00000000,0,0.00000000,23518,23535,37,0.00133612
1773320695.89324117,0.02683433,6283,0.00021532,0.00000000,0,0.00000000,23535,23551,54,0.00215043
1773320695.99326491,0.02885913,6266,0.00038430,0.00000000,0,0.00000000,23551,23530,38,0.00311196
1773320696.09205937,0.02935310,6273,0.00025286,0.00000000,0,0.00000000,23530,23545,50,0.00164002
1773320696.19304633,0.02657304,6271,0.00049602,0.00000000,0,0.00000000,23545,23541,47,0.00166555
1773320696.29309511,0.03071141,6280,0.00020888,0.00000000,0,0.00000000,23541,23534,49,0.00159407
1773320696.39315534,0.02978636,6259,0.00064704,0.00000000,0,0.00000000,23534,23540,46,0.00197620
1773320696.49210215,0.02857341,6309,0.00087450,0.00000000,0,0.00000000,23540,23555,52,0.00229726
1773320696.59223866,0.03588348,6353,0.00092276,0.00000000,0,0.00000000,23555,23552,62,0.00227167
1773320696.69322777,0.03358227,6249,0.00071997,0.00000000,0,0.00000000,23552,23567,62,0.00205163
1773320696.79201055,0.02867016,6323,0.00086181,0.00000000,0,0.00000000,23567,23515,58,0.00230046
1773320696.89209318,0.01906338,6304,0.00022815,0.00000000,0,0.00000000,23515,23535,52,0.00206415
1773320696.99208283,0.02906229,6302,0.00024754,0.00000000,0,0.00000000,23535,23527,47,0.00176579
1773320697.09210491,0.02819296,6302,0.00044527,0.00000000,0,0.00000000,23527,23526,54,0.00176145
1773320697.19305110,0.02765016,6322,0.00057950,0.00000000,0,0.00000000,23526,23542,49,0.00244559
1773320697.29300880,0.02582716,6310,0.00061518,0.00000000,0,0.00000000,23542,23557,47,0.00125295
1773320697.39315772,0.02375749,6288,0.00026779,0.00000000,0,0.00000000,23557,23564,62,0.00142068
1773320697.49318862,0.02953785,6280,0.00047350,0.00000000,0,0.00000000,23564,23567,45,0.00236651
1773320697.59222794,0.03568757,6317,0.00044827,0.00000000,0,0.00000000,23567,23573,52,0.00162995
1773320697.69321227,0.02599983,6293,0.00017457,0.00000000,0,0.00000000,23573,23558,41,0.00164617
1773320697.79324412,0.01582103,6267,0.00014926,0.00000000,0,0.00000000,23558,23536,40,0.00303820
1773320697.89303303,0.02355481,6301,0.00042272,0.00000000,0,0.00000000,23536,23545,39,0.00180385
1773320697.99299288,0.02133960,6270,0.00038441,0.00000000,0,0.00000000,23545,23565,47,0.00189992
1773320698.09310484,0.02386667,6308,0.00015531,0.00000000,0,0.00000000,23565,23572,45,0.00126613
1773320698.19311786,0.03240092,6271,0.00049390,0.00000000,0,0.00000000,23572,23572,36,0.00083330
1773320698.29316330,0.02243456,6037,0.00048813,0.00000000,0,0.00000000,23572,23577,39,0.00156144
1773320698.38940573,0.02972417,6559,0.00040031,0.00000000,0,0.00000000,23577,23593,39,0.00173763
1773320698.49310279,0.02995767,6291,0.00047830,0.00000000,0,0.00000000,23593,23604,40,0.00162240
1773320698.59312773,0.02391558,6301,0.00039104,0.00000000,0,0.00000000,23604,23617,37,0.00086744
1773320698.69329572,0.02695151,6281,0.00042330,0.00000000,0,0.00000000,23617,23616,44,0.00194574
1773320698.79297400,0.02422907,6280,0.00037876,0.00000000,0,0.00000000,23616,23630,39,0.00322365
1773320698.89205813,0.01787633,6279,0.00009869,0.00000000,0,0.00000000,23630,23632,35,0.00089565
1773320698.99298716,0.02723788,6290,0.00014680,0.00000000,0,0.00000000,23632,23650,49,0.00092989
1773320699.09295392,0.02593559,6312,0.00029021,0.00000000,0,0.00000000,23650,23661,28,0.00299355
1773320699.19295835,0.02177090,6316,0.00039418,0.00000000,0,0.00000000,23661,23659,44,0.00256454
1773320699.29294395,0.02892554,6326,0.00026472,0.00000000,0,0.00000000,23659,23669,27,0.00101640
1773320699.39320636,0.02808421,6250,0.00038586,0.00000000,0,0.00000000,23669,23679,38,0.00186516
1773320699.49205732,0.03042147,6293,0.00055909,0.00000000,0,0.00000000,23679,23688,46,0.00148884
1773320699.59212494,0.03380883,6308,0.00058787,0.00000000,0,0.00000000,23688,23699,43,0.00206549
1773320699.69315386,0.02326641,6247,0.00077629,0.00000000,0,0.00000000,23699,23696,53,0.00282191
1773320699.79294252,0.03018576,6287,0.00022228,0.00000000,0,0.00000000,23696,23682,36,0.00273261
1773320699.89299321,0.01794751,6311,0.00019648,0.00000000,0,0.00000000,23682,23684,42,0.00115575
1773320699.99305630,0.02224589,6308,0.00044014,0.00000000,0,0.00000000,23684,23685,38,0.00264852
1773320700.09302282,0.03659503,6288,0.00042298,0.00000000,0,0.00000000,23685,23694,41,0.00250685
1773320700.19298363,0.02886309,6288,0.00032733,0.00000000,0,0.00000000,23694,23679,29,0.00176418
1773320700.29310822,0.03177656,6300,0.00028251,0.00000000,0,0.00000000,23679,23678,36,0.00085062
1773320700.39306140,0.02313822,6311,0.00033776,0.00000000,0,0.00000000,23678,23689,39,0.00097695
1773320700.49304509,0.03006060,6241,0.00102361,0.00000000,0,0.00000000,23689,23700,40,0.00299736
1773320700.59212565,0.03768687,6281,0.00053856,0.00000000,0,0.00000000,23700,23712,35,0.00308025
1773320700.69296861,0.03069204,6288,0.00044074,0.00000000,0,0.00000000,23712,23726,39,0.00285164
1773320700.79333591,0.02124413,6281,0.00007187,0.00000000,0,0.00000000,23726,23735,31,0.00313643
1773320700.89307952,0.01861473,6286,0.00010982,0.00000000,0,0.00000000,23735,23732,36,0.00310773
1773320700.99313402,0.02484159,6263,0.00012696,0.00000000,0,0.00000000,23732,23732,35,0.00210953
1773320701.09200597,0.02140305,6281,0.00039829,0.00000000,0,0.00000000,23732,23740,26,0.00291457
1773320701.19198728,0.02223025,6274,0.00044755,0.00000000,0,0.00000000,23740,23761,54,0.00089983
1773320701.29293942,0.03225930,6266,0.00049123,0.00000000,0,0.00000000,23761,23769,42,0.00170992
1773320701.39297628,0.03168815,6274,0.00040843,0.00000000,0,0.00000000,23769,23768,35,0.00098454
1773320701.49293947,0.02881995,6266,0.00049529,0.00000000,0,0.00000000,23768,23778,40,0.00235854
1773320701.59206963,0.02417434,6294,0.00048658,0.00000000,0,0.00000000,23778,23784,42,0.00207147
1773320701.69295835,0.02019524,6235,0.00012221,0.00000000,0,0.00000000,23784,23777,46,0.00168452
1773320701.79296136,0.01463128,6253,0.00009279,0.00000000,0,0.00000000,23777,23773,34,0.00280773
1773320701.89293242,0.02718686,6289,0.00043402,0.00000000,0,0.00000000,23773,23768,39,0.00185439
1773320701.99299812,0.02885542,6302,0.00037592,0.00000000,0,0.00000000,23768,23782,27,0.00079615
1773320702.09301829,0.03280627,6255,0.00017803,0.00000000,0,0.00000000,23782,23784,42,0.00164077
1773320702.19299364,0.02460388,6291,0.00016962,0.00000000,0,0.00000000,23784,23790,40,0.00081673
1773320702.29302025,0.02831287,6274,0.00014091,0.00000000,0,0.00000000,23790,23800,31,0.00146244
1773320702.39295530,0.02725017,6267,0.00038452,0.00000000,0,0.00000000,23800,23798,43,0.00113680
1773320702.49302649,0.02462699,6261,0.00037525,0.00000000,0,0.00000000,23798,23802,45,0.00127699
1773320702.59203744,0.02192385,6324,0.00016791,0.00000000,0,0.00000000,23802,23816,43,0.00277560
1773320702.69312239,0.02160981,6273,0.00015425,0.00000000,0,0.00000000,23816,23829,38,0.00250863
1773320702.79289174,0.01686800,6303,0.00017267,0.00000000,0,0.00000000,23829,23844,39,0.00204688
1773320702.89289641,0.03828443,6295,0.00038864,0.00000000,0,0.00000000,23844,23853,29,0.00197432
1773320702.99295473,0.03093234,6292,0.00044767,0.00000000,0,0.00000000,23853,23871,47,0.00185220
1773320703.09296727,0.04209487,6301,0.00026386,0.00000000,0,0.00000000,23871,23889,47,0.00278243
1773320703.19302273,0.04348256,6230,0.00014023,0.00000000,0,0.00000000,23889,23892,32,0.00081200
1773320703.29193377,0.03252075,6289,0.00022165,0.00000000,0,0.00000000,23892,23890,51,0.00269128
1773320703.39281631,0.02912283,6310,0.00068656,0.00000000,0,0.00000000,23890,23889,31,0.00276899
1773320703.49305129,0.02371609,6260,0.00025660,0.00000000,0,0.00000000,23889,23895,31,0.00339252
1773320703.59214139,0.05588991,6270,0.00046509,0.00000000,0,0.00000000,23895,23901,35,0.00218380
1773320703.69282007,0.03480731,6283,0.00051067,0.00000000,0,0.00000000,23901,23892,43,0.00453627
1773320703.79283595,0.05387498,6274,0.00042615,0.00000000,0,0.00000000,23892,23882,36,0.00334580
1773320703.89288235,0.01943577,6297,0.00030347,0.00000000,0,0.00000000,23882,23892,49,0.00229368
1773320703.99284720,0.04877964,6272,0.00016426,0.00000000,0,0.00000000,23892,23890,25,0.00333680
1773320704.09279966,0.03927993,6321,0.00092494,0.00000000,0,0.00000000,23890,23904,42,0.00284066
1773320704.19289684,0.03470996,6308,0.00054692,0.00000000,0,0.00000000,23904,23895,47,0.00410830
1773320704.29287314,0.02905901,6279,0.00032149,0.00000000,0,0.00000000,23895,23909,38,0.00161174
1773320704.39297509,0.03524387,6301,0.00049271,0.00000000,0,0.00000000,23909,23916,49,0.00109827
1773320704.49295902,0.03676073,6265,0.00013847,0.00000000,0,0.00000000,23916,23907,32,0.00442240
1773320704.59198689,0.02863380,6344,0.00044240,0.00000000,0,0.00000000,23907,23903,37,0.00130169
1773320704.69301200,0.02526911,6292,0.00025400,0.00000000,0,0.00000000,23903,23901,29,0.00245180
1773320704.79291058,0.02526017,6299,0.00020506,0.00000000,0,0.00000000,23901,23894,46,0.00205746
1773320704.89291358,0.04867631,6297,0.00021689,0.00000000,0,0.00000000,23894,23899,40,0.00415771
1773320704.99290991,0.05909814,6295,0.00018217,0.00000000,0,0.00000000,23899,23888,24,0.00339670
1773320705.09285474,0.02933778,6263,0.00043683,0.00000000,0,0.00000000,23888,23888,39,0.00302761
1773320705.19288039,0.02931299,6280,0.00037948,0.00000000,0,0.00000000,23888,23897,43,0.00092422
1773320705.29283071,0.03738494,6280,0.00045565,0.00000000,0,0.00000000,23897,23907,46,0.00566419
1773320705.39292264,0.02844037,6297,0.00058306,0.00000000,0,0.00000000,23907,23863,39,0.00550188
1773320705.49285054,0.03460301,6291,0.00051602,0.00000000,0,0.00000000,23863,23863,41,0.00615566
1773320705.59200263,0.04007439,6269,0.00035346,0.00000000,0,0.00000000,23863,23847,36,0.00143355
1773320705.69284225,0.03064663,6276,0.00045723,0.00000000,0,0.00000000,23847,23827,28,0.00287405
1773320705.79289508,0.01690990,6312,0.00014573,0.00000000,0,0.00000000,23827,23825,35,0.00284869
1773320705.89288020,0.03107537,6278,0.00033028,0.00000000,0,0.00000000,23825,23836,37,0.00093870
1773320705.99285340,0.03176297,6297,0.00032088,0.00000000,0,0.00000000,23836,23852,33,0.00109653
1773320706.09292197,0.03004281,6288,0.00039316,0.00000000,0,0.00000000,23852,23839,34,0.00103556
1773320706.19293714,0.02332903,6314,0.00036437,0.00000000,0,0.00000000,23839,23847,38,0.00093143
1773320706.29293466,0.02774348,6250,0.00037939,0.00000000,0,0.00000000,23847,23854,29,0.00121118
1773320706.39274812,0.02672374,6278,0.00039274,0.00000000,0,0.00000000,23854,23856,33,0.00139415
1773320706.49283767,0.02725036,6290,0.00010606,0.00000000,0,0.00000000,23856,23854,39,0.00285442
1773320706.59203696,0.03618657,6275,0.00013486,0.00000000,0,0.00000000,23854,23867,39,0.00208954
1773320706.69274092,0.02301232,6276,0.00021528,0.00000000,0,0.00000000,23867,23858,39,0.00279631
1773320706.79283547,0.01763161,6293,0.00013631,0.00000000,0,0.00000000,23858,23847,33,0.00177379
1773320706.89283609,0.02976563,6285,0.00027035,0.00000000,0,0.00000000,23847,23850,39,0.00150773
1773320706.99292064,0.02942793,6274,0.00033211,0.00000000,0,0.00000000,23850,23829,30,0.00171163
1773320707.09291553,0.02961527,6222,0.00047399,0.00000000,0,0.00000000,23829,23842,50,0.00173226
1773320707.19282603,0.02324446,6284,0.00030637,0.00000000,0,0.00000000,23842,23851,28,0.00080630
1773320707.29276824,0.02464473,6284,0.00035624,0.00000000,0,0.00000000,23851,23863,38,0.00083203
1773320707.39289451,0.02233231,6244,0.00033167,0.00000000,0,0.00000000,23863,23864,25,0.00081626
1773320707.49301362,0.02707347,6272,0.00036329,0.00000000,0,0.00000000,23864,23871,45,0.00333811
1773320707.59188890,0.04064504,6323,0.00047417,0.00000000,0,0.00000000,23871,23868,39,0.00191474
1773320707.69290209,0.03694398,6260,0.00021796,0.00000000,0,0.00000000,23868,23876,38,0.00183842
1773320707.79290414,0.02800519,6304,0.00036549,0.00000000,0,0.00000000,23876,23856,31,0.00185408
1773320707.89291000,0.02389046,6245,0.00017289,0.00000000,0,0.00000000,23856,23854,29,0.00196978
1773320707.99181056,0.02924077,6284,0.00022918,0.00000000,0,0.00000000,23854,23864,38,0.00327814
1773320708.09274006,0.01822905,6261,0.00015300,0.00000000,0,0.00000000,23864,23853,51,0.00242462
1773320708.19272876,0.02613720,6273,0.00033476,0.00000000,0,0.00000000,23853,23866,35,0.00149463
1773320708.29274917,0.02128244,6259,0.00009272,0.00000000,0,0.00000000,23866,23877,31,0.00156800
1773320708.39284039,0.02535024,6270,0.00013743,0.00000000,0,0.00000000,23877,23876,40,0.00103558
1773320708.49290252,0.02591828,6247,0.00013401,0.00000000,0,0.00000000,23876,23892,42,0.00267488
1773320708.59191608,0.03700320,6321,0.00008938,0.00000000,0,0.00000000,23892,23896,23,0.00182369
1773320708.69282532,0.02405297,6278,0.00032848,0.00000000,0,0.00000000,23896,23907,39,0.00182147
1773320708.79287195,0.01439205,6275,0.00008918,0.00000000,0,0.00000000,23907,23904,31,0.00209232
1773320708.89285469,0.02388902,6271,0.00041860,0.00000000,0,0.00000000,23904,23902,39,0.00229306
1773320708.99286532,0.02657145,6279,0.00008544,0.00000000,0,0.00000000,23902,23902,33,0.00197144
1773320709.09288216,0.02441568,6245,0.00035784,0.00000000,0,0.00000000,23902,23895,42,0.00074543
1773320709.19270682,0.02543606,6260,0.00044102,0.00000000,0,0.00000000,23895,23887,38,0.00087051
1773320709.29178548,0.01711318,6304,0.00012551,0.00000000,0,0.00000000,23887,23891,25,0.00296951
1773320709.39292526,0.02905114,6246,0.00042240,0.00000000,0,0.00000000,23891,23890,33,0.00139642
1773320709.49279284,0.02441121,6277,0.00037549,0.00000000,0,0.00000000,23890,23898,31,0.00159230
1773320709.59186435,0.03098425,6298,0.00012076,0.00000000,0,0.00000000,23898,23901,37,0.00214274
1773320709.69286799,0.01979997,6277,0.00033972,0.00000000,0,0.00000000,23901,23902,22,0.00079773
1773320709.79283595,0.01813273,6231,0.00013588,0.00000000,0,0.00000000,23902,23909,44,0.00202808
1773320709.89265561,0.02008471,6268,0.00013117,0.00000000,0,0.00000000,23909,23892,30,0.00293926
1773320709.99275708,0.03058877,6277,0.00045832,0.00000000,0,0.00000000,23892,23877,37,0.00129261
1773320710.09286070,0.02499819,6253,0.00025778,0.00000000,0,0.00000000,23877,23885,27,0.00177955
1773320710.19290805,0.02658121,6268,0.00040940,0.00000000,0,0.00000000,23885,23876,33,0.00101660
1773320710.29264688,0.02414685,6277,0.00068172,0.00000000,0,0.00000000,23876,23863,40,0.00119602
1773320710.39285898,0.03019213,6283,0.00012462,0.00000000,0,0.00000000,23863,23867,31,0.00137388
1773320710.49286628,0.02545977,6258,0.00041816,0.00000000,0,0.00000000,23867,23867,36,0.00249694
1773320710.59183383,0.03405893,6314,0.00014140,0.00000000,0,0.00000000,23867,23851,40,0.00221918
1773320710.69283319,0.03054633,6309,0.00019918,0.00000000,0,0.00000000,23851,23847,41,0.00225363
1773320710.79298377,0.01642673,6245,0.00014936,0.00000000,0,0.00000000,23847,23845,48,0.00221762
1773320710.89282942,0.02868615,6303,0.00051898,0.00000000,0,0.00000000,23845,23822,44,0.00196497
1773320710.99294972,0.02285357,6235,0.00038321,0.00000000,0,0.00000000,23822,23828,37,0.00255923
1773320711.09283996,0.02398121,6255,0.00026344,0.00000000,0,0.00000000,23828,23832,29,0.00132368
1773320711.19281936,0.02712920,6217,0.00012501,0.00000000,0,0.00000000,23832,23834,29,0.00081942
1773320711.29270244,0.02820142,6283,0.00049547,0.00000000,0,0.00000000,23834,23834,38,0.00101562
1773320711.39270282,0.03028380,6256,0.00027757,0.00000000,0,0.00000000,23834,23837,21,0.00172326
1773320711.49277639,0.02641124,6290,0.00040511,0.00000000,0,0.00000000,23837,23845,37,0.00208877
1773320711.59271741,0.03923430,6301,0.00021988,0.00000000,0,0.00000000,23845,23851,33,0.00168803
1773320711.69284439,0.04413678,6281,0.00030762,0.00000000,0,0.00000000,23851,23856,34,0.00099436
1773320711.79283667,0.02650914,6276,0.00025582,0.00000000,0,0.00000000,23856,23863,40,0.00334603
1773320711.89292955,0.02441238,6301,0.00013392,0.00000000,0,0.00000000,23863,23856,34,0.00257740
1773320711.99280548,0.03428166,6285,0.00032157,0.00000000,0,0.00000000,23856,23862,28,0.00354612
1773320712.09261441,0.03715300,6281,0.00019667,0.00000000,0,0.00000000,23862,23874,41,0.00290183
1773320712.19266796,0.04450035,6254,0.00037931,0.00000000,0,0.00000000,23874,23879,32,0.00140243
1773320712.29172397,0.03443067,6356,0.00045855,0.00000000,0,0.00000000,23879,23885,36,0.00130535
1773320712.39288688,0.03466073,6295,0.00013254,0.00000000,0,0.00000000,23885,23900,34,0.00352434
1773320712.49275112,0.03544467,6305,0.00017161,0.00000000,0,0.00000000,23900,23916,48,0.00186567
1773320712.59267402,0.03717599,6314,0.00081084,0.00000000,0,0.00000000,23916,23930,51,0.00087974
1773320712.69288421,0.05106682,6254,0.00030759,0.00000000,0,0.00000000,23930,23925,40,0.00311068
1773320712.79267645,0.07020232,6288,0.00033515,0.00000000,0,0.00000000,23925,23924,51,0.00284804
1773320712.89285684,0.02831350,6266,0.00017117,0.00000000,0,0.00000000,23924,23945,47,0.00105705
1773320712.99291134,0.02744806,6246,0.00024558,0.00000000,0,0.00000000,23945,23946,58,0.00188850
1773320713.09276772,0.03307711,6279,0.00031615,0.00000000,0,0.00000000,23946,23974,55,0.00288973
1773320713.19290161,0.03567319,6236,0.00068626,0.00000000,0,0.00000000,23974,24005,61,0.00427970
1773320713.29278255,0.03476613,6252,0.00078726,0.00000000,0,0.00000000,24005,23996,57,0.00196415
1773320713.39301968,0.04044695,6222,0.00067781,0.00000000,0,0.00000000,23996,24011,62,0.00168325
1773320713.49296975,0.03790700,6236,0.00070004,0.00000000,0,0.00000000,24011,24020,59,0.00165903
1773320713.59275222,0.05006169,6237,0.00052175,0.00000000,0,0.00000000,24020,24040,53,0.00383905
1773320713.69272995,0.04018321,6255,0.00054371,0.00000000,0,0.00000000,24040,24047,43,0.00280672
1773320713.79278541,0.03947713,6215,0.00060453,0.00000000,0,0.00000000,24047,24022,81,0.00120537
1773320713.89282084,0.02926988,6210,0.00052815,0.00000000,0,0.00000000,24022,24045,53,0.00323071
1773320713.99290848,0.03277827,6192,0.00040653,0.00000000,0,0.00000000,24045,24069,61,0.00341691
1773320714.09274960,0.02626009,6218,0.00032966,0.00000000,0,0.00000000,24069,24080,48,0.00513977
1773320714.19274497,0.03324562,6204,0.00058283,0.00000000,0,0.00000000,24080,24087,51,0.00256227
1773320714.29264712,0.03840549,6223,0.00064011,0.00000000,0,0.00000000,24087,24105,53,0.00369660
1773320714.39271021,0.02620264,6229,0.00051381,0.00000000,0,0.00000000,24105,24121,48,0.00090397
1773320714.49275756,0.03155562,6215,0.00061478,0.00000000,0,0.00000000,24121,24117,62,0.00134707
1773320714.59274793,0.03625285,6247,0.00042345,0.00000000,0,0.00000000,24117,24120,49,0.00129823
1773320714.69264865,0.04251349,6167,0.00061411,0.00000000,0,0.00000000,24120,24132,55,0.00101752
1773320714.79277825,0.02147248,6240,0.00028322,0.00000000,0,0.00000000,24132,24135,49,0.00467244
1773320714.89266896,0.04037398,6230,0.00039046,0.00000000,0,0.00000000,24135,24137,51,0.00403791
1773320714.99259019,0.03631467,6225,0.00088781,0.00000000,0,0.00000000,24137,24138,45,0.00518926
1773320715.09275293,0.05135730,6230,0.00019654,0.00000000,0,0.00000000,24138,24154,45,0.00089134
1773320715.19274259,0.07531871,6207,0.00054269,0.00000000,0,0.00000000,24154,24169,49,0.00105654
1773320715.29276586,0.05544127,6225,0.00087315,0.00000000,0,0.00000000,24169,24178,44,0.00138746
1773320715.39278126,0.05427400,6198,0.00080015,0.00000000,0,0.00000000,24178,24169,40,0.00335173
1773320715.49282813,0.03834480,6205,0.00106645,0.00000000,0,0.00000000,24169,24094,40,0.00381695
1773320715.59263229,0.07097936,6211,0.00067828,0.00000000,0,0.00000000,24094,24115,57,0.00366550
1773320715.69269180,0.03434637,6216,0.00085145,0.00000000,0,0.00000000,24115,24107,59,0.00220263
1773320715.79269838,0.05310960,6237,0.00026989,0.00000000,0,0.00000000,24107,24125,41,0.00632585
1773320715.89270377,0.04299693,6226,0.00091653,0.00000000,0,0.00000000,24125,24114,43,0.00527216
1773320715.99287677,0.02351877,6203,0.00027615,0.00000000,0,0.00000000,24114,24126,48,0.00373415
1773320716.09270763,0.01934709,6223,0.00023522,0.00000000,0,0.00000000,24126,24132,34,0.00278948
1773320716.19272852,0.02800274,6253,0.00069238,0.00000000,0,0.00000000,24132,24136,49,0.00582268
1773320716.29279137,0.04410218,6249,0.00143686,0.00000000,0,0.00000000,24136,24105,48,0.00370481
1773320716.39268780,0.02966266,6266,0.00060232,0.00000000,0,0.00000000,24105,24116,48,0.00142787
1773320716.49273849,0.03949001,6270,0.00024717,0.00000000,0,0.00000000,24116,24132,46,0.00164648
1773320716.59263611,0.04388780,6313,0.00042764,0.00000000,0,0.00000000,24132,24139,31,0.00347198
1773320716.69284892,0.03490977,6234,0.00176701,0.00000000,0,0.00000000,24139,24157,38,0.00279891
1773320716.79282665,0.05861340,6280,0.00037378,0.00000000,0,0.00000000,24157,24161,26,0.00366217
1773320716.89285469,0.03607793,6263,0.00024199,0.00000000,0,0.00000000,24161,24180,40,0.00409273
1773320716.99280047,0.02668437,6211,0.00063143,0.00000000,0,0.00000000,24180,24161,41,0.00239834
1773320717.09265900,0.01832338,6272,0.00022241,0.00000000,0,0.00000000,24161,24154,36,0.00788060
1773320717.19269061,0.03610260,6272,0.00042652,0.00000000,0,0.00000000,24154,24171,30,0.00401080
1773320717.29266405,0.03666321,6253,0.00059909,0.00000000,0,0.00000000,24171,24171,41,0.00738281
1773320717.39268088,0.02874745,6268,0.00021929,0.00000000,0,0.00000000,24171,24165,50,0.00263699
1773320717.49269509,0.02277907,6301,0.00032467,0.00000000,0,0.00000000,24165,24177,38,0.00149544
1773320717.59266257,0.02678922,6263,0.00078146,0.00000000,0,0.00000000,24177,24181,41,0.00418789
1773320717.69267011,0.01956704,6309,0.00012069,0.00000000,0,0.00000000,24181,24194,30,0.00283099
1773320717.79267836,0.01642674,6292,0.00013686,0.00000000,0,0.00000000,24194,24201,38,0.00277549
1773320717.89268088,0.02877379,6307,0.00044221,0.00000000,0,0.00000000,24201,24212,39,0.00192732
1773320717.99270034,0.05019188,6289,0.00134297,0.00000000,0,0.00000000,24212,24198,42,0.00100091
1773320718.09269810,0.04053468,6292,0.00045861,0.00000000,0,0.00000000,24198,24208,34,0.00383436
1773320718.19274092,0.03214489,6303,0.00051721,0.00000000,0,0.00000000,24208,24220,41,0.00092680
1773320718.29274583,0.03041453,6323,0.00066239,0.00000000,0,0.00000000,24220,24218,39,0.00112042
1773320718.39269233,0.04156377,6290,0.00071806,0.00000000,0,0.00000000,24218,24230,38,0.00544403
1773320718.49265075,0.03498850,6302,0.00037007,0.00000000,0,0.00000000,24230,24237,27,0.00465237
1773320718.59266710,0.04526854,6273,0.00104344,0.00000000,0,0.00000000,24237,24234,47,0.00424478
1773320718.69265103,0.03781405,6288,0.00049921,0.00000000,0,0.00000000,24234,24246,43,0.00106264
1773320718.79265618,0.03589705,6337,0.00040168,0.00000000,0,0.00000000,24246,24248,26,0.00268287
1773320718.89269304,0.02347925,6282,0.00044894,0.00000000,0,0.00000000,24248,24256,39,0.00302029
1773320718.99273539,0.03737524,6302,0.00051894,0.00000000,0,0.00000000,24256,24252,30,0.00477759
1773320719.09278154,0.02653160,6314,0.00057601,0.00000000,0,0.00000000,24252,24263,32,0.00534822
1773320719.19268060,0.01701540,6304,0.00014684,0.00000000,0,0.00000000,24263,24264,37,0.00187883
1773320719.29268670,0.02756883,6297,0.00034862,0.00000000,0,0.00000000,24264,24269,46,0.00295443
1773320719.39269757,0.02198450,6284,0.00042569,0.00000000,0,0.00000000,24269,24279,40,0.00143403
1773320719.49266076,0.02620322,6345,0.00015806,0.00000000,0,0.00000000,24279,24292,32,0.00320148
1773320719.59274006,0.03040645,6341,0.00038334,0.00000000,0,0.00000000,24292,24214,42,0.00126288
1773320719.69269490,0.02631240,6314,0.00051094,0.00000000,0,0.00000000,24214,24212,35,0.00221128
1773320719.79272890,0.01646845,6282,0.00012494,0.00000000,0,0.00000000,24212,24215,32,0.00290985
1773320719.89268994,0.02707780,6271,0.00042745,0.00000000,0,0.00000000,24215,24203,33,0.00243601
1773320719.99260449,0.02951970,6327,0.00049915,0.00000000,0,0.00000000,24203,24215,38,0.00207151
1773320720.09268332,0.03030416,6276,0.00041246,0.00000000,0,0.00000000,24215,24226,31,0.00106321
1773320720.19270539,0.03181299,6312,0.00031373,0.00000000,0,0.00000000,24226,24231,30,0.00080024
1773320720.29275084,0.03814838,6294,0.00023897,0.00000000,0,0.00000000,24231,24209,40,0.00177675
1773320720.39282465,0.03748552,6302,0.00058993,0.00000000,0,0.00000000,24209,24217,33,0.00262190
1773320720.49273181,0.03573637,6272,0.00039051,0.00000000,0,0.00000000,24217,24217,25,0.00129530
1773320720.59263825,0.03193540,6296,0.00027062,0.00000000,0,0.00000000,24217,24226,36,0.00323432
1773320720.69279528,0.02740352,6312,0.00031146,0.00000000,0,0.00000000,24226,24199,38,0.00282159
1773320720.79273081,0.02759505,6300,0.00021189,0.00000000,0,0.00000000,24199,24214,41,0.00321572
1773320720.89268398,0.05503476,6293,0.00021302,0.00000000,0,0.00000000,24214,24219,36,0.00201475
1773320720.99270654,0.04488548,6292,0.00017764,0.00000000,0,0.00000000,24219,24214,26,0.00174794
1773320721.09304261,0.05630298,6293,0.00032857,0.00000000,0,0.00000000,24214,24207,36,0.00229268
1773320721.19261575,0.02594670,6300,0.00032553,0.00000000,0,0.00000000,24207,24217,30,0.00316902
1773320721.29261136,0.02936365,6320,0.00053453,0.00000000,0,0.00000000,24217,24215,39,0.00126006
1773320721.39264917,0.02922578,6301,0.00035128,0.00000000,0,0.00000000,24215,24226,30,0.00120126
1773320721.49259949,0.02670831,6288,0.00054430,0.00000000,0,0.00000000,24226,24213,33,0.00520548
1773320721.59256911,0.03866415,6313,0.00051353,0.00000000,0,0.00000000,24213,24222,39,0.00376530
1773320721.69258857,0.02043568,6287,0.00028197,0.00000000,0,0.00000000,24222,24225,29,0.00308186
1773320721.79257631,0.01622726,6329,0.00009738,0.00000000,0,0.00000000,24225,24216,29,0.00212719
1773320721.89267921,0.01500298,6290,0.00010867,0.00000000,0,0.00000000,24216,24219,26,0.00317172
1773320721.99264956,0.03509177,6277,0.00021155,0.00000000,0,0.00000000,24219,24225,27,0.00098109
1773320722.09265924,0.02629644,6276,0.00031820,0.00000000,0,0.00000000,24225,24228,34,0.00313552
1773320722.19262648,0.03702984,6287,0.00043179,0.00000000,0,0.00000000,24228,24234,28,0.00107545
1773320722.29261518,0.02647400,6285,0.00013005,0.00000000,0,0.00000000,24234,24242,38,0.00159967
1773320722.39268637,0.02484720,6293,0.00010891,0.00000000,0,0.00000000,24242,24251,31,0.00306245
1773320722.49266005,0.03327151,6324,0.00035142,0.00000000,0,0.00000000,24251,24246,27,0.00289228
1773320722.59257698,0.02653540,6280,0.00013539,0.00000000,0,0.00000000,24246,24234,29,0.00171670
1773320722.69263721,0.02015503,6299,0.00017542,0.00000000,0,0.00000000,24234,24237,41,0.00299733
1773320722.79271793,0.01981097,6278,0.00016959,0.00000000,0,0.00000000,24237,24247,32,0.00303301
1773320722.89254904,0.02011077,6348,0.00018119,0.00000000,0,0.00000000,24247,24265,41,0.00132167
1773320722.99252892,0.03215795,6326,0.00018061,0.00000000,0,0.00000000,24265,24265,38,0.00387647
1773320723.09255362,0.02437229,6281,0.00035392,0.00000000,0,0.00000000,24265,24264,34,0.00080117
1773320723.19253707,0.02395742,6335,0.00054117,0.00000000,0,0.00000000,24264,24241,34,0.00127620
1773320723.29253697,0.02882638,6305,0.00018506,0.00000000,0,0.00000000,24241,24250,41,0.00126658
1773320723.39252400,0.02841361,6314,0.00044506,0.00000000,0,0.00000000,24250,24258,33,0.00402369
1773320723.49263978,0.03035084,6324,0.00014021,0.00000000,0,0.00000000,24258,24265,34,0.00345992
1773320723.59251237,0.03367690,6327,0.00043290,0.00000000,0,0.00000000,24265,24275,36,0.00250377
1773320723.69274640,0.02990352,6323,0.00014133,0.00000000,0,0.00000000,24275,24286,36,0.00334514
1773320723.79267740,0.02189330,6268,0.00018678,0.00000000,0,0.00000000,24286,24269,33,0.00180660
1773320723.89266157,0.01523395,6309,0.00013690,0.00000000,0,0.00000000,24269,24270,43,0.00169336
1773320723.99264455,0.03232179,6293,0.00027652,0.00000000,0,0.00000000,24270,24282,24,0.00339336
1773320724.09245849,0.02585758,6346,0.00013997,0.00000000,0,0.00000000,24282,24289,36,0.00331795
1773320724.19249105,0.02814189,6288,0.00047314,0.00000000,0,0.00000000,24289,24294,47,0.00110033
1773320724.29249120,0.02499573,6324,0.00035298,0.00000000,0,0.00000000,24294,24299,35,0.00141798
1773320724.39258027,0.02922349,6313,0.00023834,0.00000000,0,0.00000000,24299,24304,21,0.00216174
1773320724.49252248,0.02193080,6290,0.00009856,0.00000000,0,0.00000000,24304,24297,32,0.00381005
1773320724.59248924,0.03317750,6292,0.00016246,0.00000000,0,0.00000000,24297,24293,47,0.00205042
1773320724.69253898,0.03324786,6319,0.00019233,0.00000000,0,0.00000000,24293,24300,40,0.00272313
1773320724.79255843,0.02064753,6299,0.00014427,0.00000000,0,0.00000000,24300,24308,34,0.00120533
1773320724.89262843,0.02706500,6314,0.00038208,0.00000000,0,0.00000000,24308,24303,30,0.00272191
1773320724.99261093,0.03015236,6300,0.00049563,0.00000000,0,0.00000000,24303,24302,43,0.00191785
1773320725.09259653,0.02829642,6300,0.00035558,0.00000000,0,0.00000000,24302,24311,40,0.00081553
1773320725.19261694,0.02484919,6310,0.00025458,0.00000000,0,0.00000000,24311,24323,27,0.00086978
1773320725.29259062,0.02957728,6312,0.00010373,0.00000000,0,0.00000000,24323,24321,37,0.00138672
1773320725.39261937,0.02663910,6299,0.00037244,0.00000000,0,0.00000000,24321,24323,33,0.00265533
1773320725.49262190,0.03136800,6326,0.00038231,0.00000000,0,0.00000000,24323,24335,47,0.00100089
1773320725.59259152,0.02696612,6277,0.00042510,0.00000000,0,0.00000000,24335,24343,35,0.00309240
1773320725.69260287,0.02768321,6264,0.00112281,0.00000000,0,0.00000000,24343,24245,51,0.00285127
1773320725.79246020,0.01637899,6306,0.00014139,0.00000000,0,0.00000000,24245,24245,41,0.00172399
1773320725.89249897,0.02859546,6265,0.00010655,0.00000000,0,0.00000000,24245,24253,31,0.00201127
1773320725.99253654,0.03890733,6311,0.00051305,0.00000000,0,0.00000000,24253,24249,46,0.00260966
1773320726.09256005,0.03401229,6285,0.00035338,0.00000000,0,0.00000000,24249,24247,28,0.00254421
1773320726.19260693,0.03311850,6276,0.00020807,0.00000000,0,0.00000000,24247,24258,42,0.00081620
1773320726.29240584,0.03206102,6295,0.00035471,0.00000000,0,0.00000000,24258,24268,27,0.00192013
1773320726.39244771,0.03033865,6302,0.00056736,0.00000000,0,0.00000000,24268,24278,45,0.00247702
1773320726.49244118,0.03974783,6333,0.00047070,0.00000000,0,0.00000000,24278,24271,40,0.00271105
1773320726.59255123,0.03197925,6266,0.00050981,0.00000000,0,0.00000000,24271,24256,37,0.00303188
1773320726.69244289,0.03385526,6263,0.00013018,0.00000000,0,0.00000000,24256,24258,45,0.00338690
1773320726.79246712,0.02540996,6301,0.00014820,0.00000000,0,0.00000000,24258,24268,41,0.00424020
1773320726.89246655,0.02140115,6278,0.00010534,0.00000000,0,0.00000000,24268,24271,38,0.00232906
1773320726.99251556,0.04178926,6274,0.00036734,0.00000000,0,0.00000000,24271,24277,38,0.00427303
1773320727.09248352,0.03405895,6302,0.00011679,0.00000000,0,0.00000000,24277,24280,32,0.00258908
1773320727.19251490,0.02434827,6271,0.00040229,0.00000000,0,0.00000000,24280,24259,33,0.00125736
1773320727.29253221,0.02788142,6274,0.00015373,0.00000000,0,0.00000000,24259,24251,40,0.00161135
1773320727.39238167,0.02916567,6293,0.00027844,0.00000000,0,0.00000000,24251,24258,39,0.00303073
1773320727.49240208,0.02372190,6321,0.00009352,0.00000000,0,0.00000000,24258,24262,35,0.00279161
1773320727.59256482,0.03603436,6251,0.00044666,0.00000000,0,0.00000000,24262,24264,26,0.00277585
1773320727.69247103,0.03219107,6253,0.00038305,0.00000000,0,0.00000000,24264,24264,35,0.00229306
1773320727.79241514,0.02069961,6275,0.00023256,0.00000000,0,0.00000000,24264,24264,43,0.00241143
1773320727.89249611,0.03180577,6277,0.00042118,0.00000000,0,0.00000000,24264,24260,34,0.00220239
1773320727.99247146,0.02870769,6286,0.00030789,0.00000000,0,0.00000000,24260,24262,31,0.00348489
1773320728.09256887,0.03704404,6286,0.00044533,0.00000000,0,0.00000000,24262,24255,38,0.00103961
1773320728.19258261,0.02832154,6286,0.00031008,0.00000000,0,0.00000000,24255,24257,25,0.00114130
1773320728.29237556,0.02733854,6279,0.00043668,0.00000000,0,0.00000000,24257,24258,33,0.00281226
1773320728.39237905,0.03221462,6273,0.00043310,0.00000000,0,0.00000000,24258,24261,38,0.00115426
1773320728.49237752,0.03081902,6298,0.00010760,0.00000000,0,0.00000000,24261,24270,28,0.00329728
1773320728.59238195,0.03121963,6285,0.00053847,0.00000000,0,0.00000000,24270,24274,31,0.00346720
1773320728.69244885,0.03307493,6263,0.00010298,0.00000000,0,0.00000000,24274,24259,30,0.00287008
1773320728.79242659,0.02017735,6305,0.00007505,0.00000000,0,0.00000000,24259,24255,26,0.00284533
1773320728.89236307,0.01807823,6272,0.00019921,0.00000000,0,0.00000000,24255,24239,34,0.00381750
1773320728.99235630,0.03223431,6268,0.00061556,0.00000000,0,0.00000000,24239,24238,43,0.00345904
1773320729.09239197,0.02629196,6268,0.00010042,0.00000000,0,0.00000000,24238,24240,35,0.00286765
1773320729.19237137,0.04761426,6296,0.00044928,0.00000000,0,0.00000000,24240,24240,39,0.00280760
1773320729.29236627,0.06208164,6267,0.00013095,0.00000000,0,0.00000000,24240,24243,37,0.00233191
1773320729.39237571,0.03722483,6302,0.00018222,0.00000000,0,0.00000000,24243,24250,27,0.00146907
1773320729.49240756,0.02945826,6325,0.00030952,0.00000000,0,0.00000000,24250,24258,32,0.00421570
1773320729.59251714,0.04062998,6252,0.00031670,0.00000000,0,0.00000000,24258,24242,35,0.00232832
1773320729.69239664,0.03265668,6298,0.00030723,0.00000000,0,0.00000000,24242,24254,33,0.00292362
1773320729.79244184,0.01920744,6287,0.00010078,0.00000000,0,0.00000000,24254,24255,36,0.00430496
1773320729.89242721,0.02003557,6297,0.00017649,0.00000000,0,0.00000000,24255,24255,35,0.00127098
1773320729.99242926,0.03892988,6261,0.00046557,0.00000000,0,0.00000000,24255,24269,45,0.00127398
1773320730.09241199,0.03239880,6287,0.00041005,0.00000000,0,0.00000000,24269,24270,34,0.00284755
1773320730.19252753,0.03180126,6246,0.00038654,0.00000000,0,0.00000000,24270,24280,39,0.00187193
1773320730.29232168,0.03128281,6293,0.00036575,0.00000000,0,0.00000000,24280,24278,31,0.00217516
1773320730.39231229,0.02833414,6279,0.00054340,0.00000000,0,0.00000000,24278,24287,44,0.00278624
1773320730.49234581,0.03708219,6295,0.00074997,0.00000000,0,0.00000000,24287,24294,32,0.00341491
1773320730.59237242,0.04341150,6291,0.00052992,0.00000000,0,0.00000000,24294,24283,35,0.00288588
1773320730.69241953,0.03551504,6293,0.00046417,0.00000000,0,0.00000000,24283,24259,28,0.00298274
1773320730.79241204,0.02395487,6278,0.00011117,0.00000000,0,0.00000000,24259,24264,29,0.00228678
1773320730.89243340,0.01985906,6249,0.00011652,0.00000000,0,0.00000000,24264,24274,44,0.00289045
1773320730.99230337,0.03556332,6275,0.00060012,0.00000000,0,0.00000000,24274,24275,46,0.00430066
1773320731.09230208,0.03795779,6268,0.00096708,0.00000000,0,0.00000000,24275,24276,43,0.00162719
1773320731.19234371,0.03768213,6290,0.00043522,0.00000000,0,0.00000000,24276,24283,39,0.00165696
1773320731.29229736,0.03809291,6267,0.00055274,0.00000000,0,0.00000000,24283,24285,45,0.00095758
1773320731.39232802,0.03437106,6279,0.00040031,0.00000000,0,0.00000000,24285,24294,30,0.00150514
1773320731.49233389,0.03882573,6276,0.00052984,0.00000000,0,0.00000000,24294,24285,43,0.00141981
1773320731.59228253,0.04054723,6250,0.00042917,0.00000000,0,0.00000000,24285,24297,40,0.00314904
1773320731.69237018,0.02986959,6272,0.00077694,0.00000000,0,0.00000000,24297,24292,38,0.00308104
1773320731.79235172,0.02610334,6259,0.00034401,0.00000000,0,0.00000000,24292,24298,49,0.00265304
1773320731.89237118,0.02102833,6209,0.00056076,0.00000000,0,0.00000000,24298,24309,41,0.00349998
1773320731.99226618,0.02564281,6296,0.00014784,0.00000000,0,0.00000000,24309,24323,38,0.00133774
1773320732.09227800,0.04030629,6271,0.00070859,0.00000000,0,0.00000000,24323,24321,40,0.00209441
1773320732.19240475,0.02823185,6243,0.00036329,0.00000000,0,0.00000000,24321,24332,40,0.00594513
1773320732.29227233,0.02721823,6266,0.00035960,0.00000000,0,0.00000000,24332,24347,32,0.00107644
1773320732.39231491,0.02918425,6269,0.00042167,0.00000000,0,0.00000000,24347,24361,37,0.00257726
1773320732.49239182,0.02969396,6313,0.00015003,0.00000000,0,0.00000000,24361,24368,39,0.00316501
1773320732.59243798,0.03008402,6224,0.00063803,0.00000000,0,0.00000000,24368,24381,38,0.00159698
1773320732.69234538,0.02875268,6286,0.00010842,0.00000000,0,0.00000000,24381,24393,32,0.00367827
1773320732.79226327,0.02151905,6262,0.00022461,0.00000000,0,0.00000000,24393,24381,36,0.00197482
1773320732.89228034,0.01923342,6288,0.00015890,0.00000000,0,0.00000000,24381,24388,32,0.00291325
1773320732.99228191,0.02799494,6277,0.00060811,0.00000000,0,0.00000000,24388,24369,40,0.00193023
1773320733.09235072,0.02744650,6243,0.00040015,0.00000000,0,0.00000000,24369,24365,40,0.00347740
1773320733.19236779,0.02956198,6248,0.00040016,0.00000000,0,0.00000000,24365,24371,39,0.00117504
1773320733.29229832,0.02914571,6257,0.00042258,0.00000000,0,0.00000000,24371,24374,43,0.00107797
1773320733.39238048,0.03270703,6279,0.00038706,0.00000000,0,0.00000000,24374,24375,31,0.00348345
1773320733.49241376,0.03396782,6259,0.00055399,0.00000000,0,0.00000000,24375,24386,47,0.00092001
1773320733.59234118,0.03216177,6226,0.00045587,0.00000000,0,0.00000000,24386,24387,36,0.00289404
1773320733.69221354,0.03455302,6274,0.00019184,0.00000000,0,0.00000000,24387,24375,41,0.00301251
1773320733.79225659,0.01482426,6264,0.00016340,0.00000000,0,0.00000000,24375,24366,44,0.00236996
1773320733.89222598,0.02007789,6254,0.00014849,0.00000000,0,0.00000000,24366,24363,32,0.00133722
1773320733.99220896,0.03603324,6291,0.00040340,0.00000000,0,0.00000000,24363,24376,49,0.00315076
1773320734.09220982,0.03127132,6295,0.00021111,0.00000000,0,0.00000000,24376,24370,45,0.00279812
1773320734.19245005,0.03214741,6302,0.00036659,0.00000000,0,0.00000000,24370,24378,37,0.00165493
1773320734.29222322,0.02655990,6261,0.00036224,0.00000000,0,0.00000000,24378,24384,34,0.00085990
1773320734.39226961,0.03245230,6275,0.00016384,0.00000000,0,0.00000000,24384,24394,40,0.00281552
1773320734.49225974,0.02610565,6310,0.00044068,0.00000000,0,0.00000000,24394,24400,41,0.00274944
1773320734.59236050,0.04157181,6250,0.00071115,0.00000000,0,0.00000000,24400,24398,44,0.00309763
1773320734.69223595,0.03205541,6253,0.00045098,0.00000000,0,0.00000000,24398,24398,51,0.00298856
1773320734.79233050,0.02265322,6264,0.00014201,0.00000000,0,0.00000000,24398,24406,34,0.00127395
1773320734.89225960,0.01958328,6255,0.00015729,0.00000000,0,0.00000000,24406,24399,39,0.00180691
1773320734.99221992,0.03330664,6266,0.00059247,0.00000000,0,0.00000000,24399,24395,43,0.00273702
1773320735.09227514,0.03064193,6295,0.00052852,0.00000000,0,0.00000000,24395,24398,40,0.00143004
1773320735.19229078,0.02765983,6266,0.00055682,0.00000000,0,0.00000000,24398,24396,42,0.00131273
1773320735.29224944,0.03573703,6291,0.00044429,0.00000000,0,0.00000000,24396,24397,42,0.00085100
1773320735.39238977,0.02460928,6271,0.00073296,0.00000000,0,0.00000000,24397,24384,49,0.00418751
1773320735.49234915,0.03223767,6272,0.00041545,0.00000000,0,0.00000000,24384,24377,42,0.00276342
1773320735.59224272,0.04354351,6269,0.00027016,0.00000000,0,0.00000000,24377,24387,42,0.00304368
1773320735.69234395,0.03725058,6248,0.00120863,0.00000000,0,0.00000000,24387,24395,36,0.00139583
1773320735.79331064,0.02256652,6234,0.00020944,0.00000000,0,0.00000000,24395,24399,46,0.00260867
1773320735.89215922,0.01838988,6257,0.00034779,0.00000000,0,0.00000000,24399,24409,43,0.00152215
1773320735.99216008,0.03284246,6262,0.00022304,0.00000000,0,0.00000000,24409,24402,40,0.00288694
1773320736.09220934,0.04203640,6270,0.00042547,0.00000000,0,0.00000000,24402,24409,35,0.00132250
1773320736.19225168,0.03941122,6265,0.00018566,0.00000000,0,0.00000000,24409,24421,43,0.00154709
1773320736.29228425,0.04238051,6278,0.00020772,0.00000000,0,0.00000000,24421,24416,35,0.00094243
1773320736.39227223,0.04191676,6277,0.00068083,0.00000000,0,0.00000000,24416,24430,43,0.00237934
1773320736.49229550,0.05091392,6300,0.00018881,0.00000000,0,0.00000000,24430,24434,35,0.00330728
1773320736.59222913,0.04928356,6275,0.00052252,0.00000000,0,0.00000000,24434,24413,34,0.00227799
1773320736.69234824,0.03324546,6242,0.00045275,0.00000000,0,0.00000000,24413,24408,34,0.00229879
1773320736.79213762,0.03576225,6247,0.00041021,0.00000000,0,0.00000000,24408,24392,43,0.00317377
1773320736.89218783,0.02103897,6260,0.00015428,0.00000000,0,0.00000000,24392,24396,33,0.00107970
1773320736.99222255,0.03622379,6287,0.00049908,0.00000000,0,0.00000000,24396,24378,39,0.00148788
1773320737.09229970,0.03410597,6277,0.00054548,0.00000000,0,0.00000000,24378,24376,39,0.00286918
1773320737.19229937,0.03456446,6242,0.00010945,0.00000000,0,0.00000000,24376,24385,35,0.00278519
1773320737.29211640,0.03496956,6302,0.00025726,0.00000000,0,0.00000000,24385,24381,42,0.00086695
1773320737.39241385,0.03018592,6242,0.00022887,0.00000000,0,0.00000000,24381,24391,45,0.00136910
1773320737.49209857,0.03544825,6296,0.00048420,0.00000000,0,0.00000000,24391,24383,40,0.00294670
1773320737.59224463,0.03228827,6235,0.00038522,0.00000000,0,0.00000000,24383,24391,34,0.00117858
1773320737.69215155,0.03664928,6242,0.00016219,0.00000000,0,0.00000000,24391,24398,40,0.00486217
1773320737.79218483,0.02151446,6276,0.00012238,0.00000000,0,0.00000000,24398,24392,33,0.00378272
1773320737.89227080,0.01753149,6277,0.00027633,0.00000000,0,0.00000000,24392,24390,38,0.00334979
1773320737.99239802,0.04378472,6226,0.00044864,0.00000000,0,0.00000000,24390,24391,41,0.00348893
1773320738.09216309,0.02771626,6257,0.00036394,0.00000000,0,0.00000000,24391,24390,43,0.00271127
1773320738.19210768,0.03491291,6270,0.00050024,0.00000000,0,0.00000000,24390,24399,42,0.00284720
1773320738.29210353,0.03605037,6234,0.00041913,0.00000000,0,0.00000000,24399,24398,37,0.00092767
1773320738.39210558,0.05566940,6273,0.00037287,0.00000000,0,0.00000000,24398,24405,35,0.00317464
1773320738.49210477,0.03709935,6270,0.00018398,0.00000000,0,0.00000000,24405,24417,47,0.00193415
1773320738.59224463,0.03900345,6208,0.00050780,0.00000000,0,0.00000000,24417,24423,45,0.00194045
1773320738.69215059,0.02999720,6295,0.00050348,0.00000000,0,0.00000000,24423,24402,40,0.00323385
1773320738.79220963,0.02367480,6279,0.00040698,0.00000000,0,0.00000000,24402,24400,48,0.00789820
1773320738.89220285,0.01533136,6217,0.00027233,0.00000000,0,0.00000000,24400,24388,40,0.00265982
1773320738.99207473,0.01560755,6283,0.00024784,0.00000000,0,0.00000000,24388,24395,41,0.00376415
1773320739.09232879,0.03198264,6186,0.00045596,0.00000000,0,0.00000000,24395,24407,37,0.00295406
1773320739.19208980,0.03549261,6255,0.00013232,0.00000000,0,0.00000000,24407,24417,31,0.00433030
1773320739.29210210,0.02698458,6258,0.00064624,0.00000000,0,0.00000000,24417,24405,49,0.00101287
1773320739.39215326,0.03683077,6281,0.00013696,0.00000000,0,0.00000000,24405,24408,30,0.00150522
1773320739.49217176,0.03501340,6215,0.00023195,0.00000000,0,0.00000000,24408,24409,40,0.00202438
1773320739.59211087,0.03363998,6214,0.00067360,0.00000000,0,0.00000000,24409,24405,36,0.00239463
1773320739.69218302,0.02750590,6203,0.00038577,0.00000000,0,0.00000000,24405,24392,45,0.00299745
1773320739.79204464,0.02196399,6276,0.00027585,0.00000000,0,0.00000000,24392,24405,42,0.00178085
1773320739.89216399,0.01689397,6255,0.00013671,0.00000000,0,0.00000000,24405,24407,33,0.00227946
1773320739.99213338,0.03393621,6263,0.00039192,0.00000000,0,0.00000000,24407,24409,31,0.00265282
1773320740.09219003,0.03098487,6253,0.00011866,0.00000000,0,0.00000000,24409,24414,42,0.00371653
1773320740.19206166,0.02363060,6293,0.00031424,0.00000000,0,0.00000000,24414,24388,41,0.00123983
1773320740.29203534,0.03376292,6269,0.00014101,0.00000000,0,0.00000000,24388,24377,36,0.00082439
1773320740.39205003,0.02524152,6281,0.00035335,0.00000000,0,0.00000000,24377,24381,42,0.00280410
1773320740.49207282,0.03033508,6267,0.00047014,0.00000000,0,0.00000000,24381,24392,44,0.00266090
1773320740.59206009,0.03813743,6255,0.00013553,0.00000000,0,0.00000000,24392,24405,39,0.00253535
1773320740.69214129,0.03439168,6247,0.00020163,0.00000000,0,0.00000000,24405,24410,42,0.00202099
1773320740.79217434,0.03562184,6278,0.00013921,0.00000000,0,0.00000000,24410,24419,32,0.00176690
1773320740.89218378,0.02701067,6233,0.00031061,0.00000000,0,0.00000000,24419,24427,34,0.00177882
1773320740.99209523,0.02951707,6286,0.00044611,0.00000000,0,0.00000000,24427,24430,45,0.00316080
1773320741.09211826,0.03217892,6304,0.00044670,0.00000000,0,0.00000000,24430,24408,41,0.00085357
1773320741.19219351,0.03111375,6242,0.00012064,0.00000000,0,0.00000000,24408,24413,37,0.00081434
1773320741.29204011,0.03056964,6248,0.00034174,0.00000000,0,0.00000000,24413,24412,28,0.00152857
1773320741.39213896,0.02539777,6259,0.00037821,0.00000000,0,0.00000000,24412,24411,41,0.00192641
1773320741.49216104,0.03203481,6285,0.00009762,0.00000000,0,0.00000000,24411,24419,26,0.00297899
1773320741.59211659,0.03981247,6296,0.00070909,0.00000000,0,0.00000000,24419,24430,33,0.00184835
1773320741.69218779,0.03217092,6234,0.00037141,0.00000000,0,0.00000000,24430,24441,38,0.00286464
1773320741.79201865,0.02134844,6281,0.00025192,0.00000000,0,0.00000000,24441,24442,26,0.00194078
1773320741.89198852,0.02225794,6305,0.00021473,0.00000000,0,0.00000000,24442,24440,46,0.00277028
1773320741.99217606,0.04629489,6244,0.00023451,0.00000000,0,0.00000000,24440,24449,24,0.00188601
1773320742.09214735,0.03962779,6274,0.00041498,0.00000000,0,0.00000000,24449,24457,45,0.00099050
1773320742.19218636,0.03035584,6249,0.00032035,0.00000000,0,0.00000000,24457,24459,37,0.00110767
1773320742.29195476,0.03109405,6282,0.00040640,0.00000000,0,0.00000000,24459,24461,29,0.00130412
1773320742.39200568,0.03127519,6268,0.00046919,0.00000000,0,0.00000000,24461,24459,39,0.00283810
1773320742.49199343,0.03401609,6264,0.00010299,0.00000000,0,0.00000000,24459,24462,31,0.00250303
1773320742.59204602,0.03171413,6222,0.00039788,0.00000000,0,0.00000000,24462,24469,40,0.00084758
1773320742.69198942,0.02181175,6275,0.00017204,0.00000000,0,0.00000000,24469,24478,42,0.00213327
1773320742.79196954,0.01853543,6261,0.00040876,0.00000000,0,0.00000000,24478,24493,44,0.00233463
1773320742.89200401,0.01912285,6267,0.00014691,0.00000000,0,0.00000000,24493,24505,46,0.00192317
1773320742.99210310,0.03660115,6272,0.00050875,0.00000000,0,0.00000000,24505,24507,43,0.00294948
1773320743.09218860,0.03373427,6247,0.00022660,0.00000000,0,0.00000000,24507,24493,45,0.00149325
1773320743.19196701,0.02875000,6274,0.00015496,0.00000000,0,0.00000000,24493,24497,48,0.00128936
1773320743.29197216,0.03002699,6263,0.00043191,0.00000000,0,0.00000000,24497,24494,30,0.00130414
1773320743.39201975,0.03216884,6265,0.00012150,0.00000000,0,0.00000000,24494,24505,39,0.00296132
1773320743.49207997,0.02508066,6239,0.00031567,0.00000000,0,0.00000000,24505,24514,32,0.00276392
1773320743.59202743,0.04349762,6262,0.00044452,0.00000000,0,0.00000000,24514,24519,43,0.00192518
1773320743.69209886,0.01737386,6284,0.00029090,0.00000000,0,0.00000000,24519,24521,41,0.00185804
1773320743.79207969,0.01782782,6271,0.00016829,0.00000000,0,0.00000000,24521,24527,44,0.00190613
1773320743.89217925,0.02132848,6250,0.00015135,0.00000000,0,0.00000000,24527,24527,37,0.00273607
1773320743.99194121,0.03310523,6277,0.00038337,0.00000000,0,0.00000000,24527,24535,36,0.00079002
1773320744.09212112,0.03377205,6230,0.00035787,0.00000000,0,0.00000000,24535,24532,34,0.00158191
1773320744.19200468,0.03246678,6285,0.00046202,0.00000000,0,0.00000000,24532,24535,45,0.00090451
1773320744.29199386,0.03125648,6274,0.00046976,0.00000000,0,0.00000000,24535,24544,42,0.00162993
1773320744.39208674,0.03234667,6261,0.00047079,0.00000000,0,0.00000000,24544,24533,33,0.00203454
1773320744.49213481,0.03259997,6241,0.00042084,0.00000000,0,0.00000000,24533,24538,37,0.00232787
1773320744.59204888,0.03219801,6227,0.00028709,0.00000000,0,0.00000000,24538,24554,35,0.00121988
1773320744.69192648,0.03714029,6273,0.00020778,0.00000000,0,0.00000000,24554,24550,44,0.00177392
1773320744.79192591,0.02393742,6271,0.00013290,0.00000000,0,0.00000000,24550,24563,49,0.00323729
1773320744.89195967,0.02123675,6256,0.00014422,0.00000000,0,0.00000000,24563,24554,52,0.00282222
1773320744.99195266,0.03634393,6274,0.00021902,0.00000000,0,0.00000000,24554,24526,39,0.00397517
1773320745.09204102,0.03331279,6254,0.00031067,0.00000000,0,0.00000000,24526,24529,29,0.00193447
1773320745.19207478,0.03381134,6204,0.00033055,0.00000000,0,0.00000000,24529,24541,36,0.00323412
1773320745.29193044,0.03452656,6238,0.00052448,0.00000000,0,0.00000000,24541,24539,39,0.00105824
1773320745.39193487,0.03064819,6246,0.00029855,0.00000000,0,0.00000000,24539,24519,49,0.00214653
1773320745.49197531,0.03155999,6245,0.00071776,0.00000000,0,0.00000000,24519,24516,64,0.00343416
1773320745.59223127,0.03506591,6238,0.00017955,0.00000000,0,0.00000000,24516,24526,37,0.00263387
1773320745.69207454,0.04374522,6224,0.00050791,0.00000000,0,0.00000000,24526,24541,52,0.00127448
1773320745.79196167,0.03096103,6266,0.00023008,0.00000000,0,0.00000000,24541,24546,43,0.00298739
1773320745.89198637,0.02203863,6209,0.00021076,0.00000000,0,0.00000000,24546,24564,62,0.00241689
1773320745.99190855,0.02532838,6245,0.00044208,0.00000000,0,0.00000000,24564,24579,44,0.00170168
1773320746.09186387,0.03284668,6257,0.00053243,0.00000000,0,0.00000000,24579,24587,41,0.00140994
1773320746.19205308,0.03249762,6230,0.00020701,0.00000000,0,0.00000000,24587,24574,42,0.00215957
1773320746.29195809,0.02557035,6235,0.00023446,0.00000000,0,0.00000000,24574,24584,42,0.00173767
1773320746.39193416,0.03366500,6233,0.00072260,0.00000000,0,0.00000000,24584,24598,42,0.00083966
1773320746.49192381,0.04066681,6230,0.00041416,0.00000000,0,0.00000000,24598,24608,41,0.00089452
1773320746.59188485,0.06287764,6242,0.00020325,0.00000000,0,0.00000000,24608,24599,31,0.00201805
1773320746.69192123,0.02454447,6268,0.00018896,0.00000000,0,0.00000000,24599,24616,41,0.00289022
1773320746.79199862,0.03538739,6189,0.00017868,0.00000000,0,0.00000000,24616,24629,41,0.00298628
1773320746.89185667,0.02196414,6259,0.00017209,0.00000000,0,0.00000000,24629,24631,35,0.00261063
1773320746.99185944,0.02762314,6261,0.00023893,0.00000000,0,0.00000000,24631,24640,45,0.00342791
1773320747.09208131,0.03617549,6205,0.00049098,0.00000000,0,0.00000000,24640,24634,31,0.00112730
1773320747.19196773,0.02960043,6253,0.00047000,0.00000000,0,0.00000000,24634,24655,44,0.00349315
1773320747.29187369,0.03089017,6238,0.00058732,0.00000000,0,0.00000000,24655,24640,36,0.00124986
1773320747.39196754,0.03324939,6259,0.00049592,0.00000000,0,0.00000000,24640,24630,42,0.00223516
1773320747.49194860,0.02954490,6242,0.00040237,0.00000000,0,0.00000000,24630,24644,37,0.00288962
1773320747.59196568,0.03859723,6211,0.00053668,0.00000000,0,0.00000000,24644,24657,45,0.00225968
1773320747.69187713,0.02418381,6268,0.00035477,0.00000000,0,0.00000000,24657,24663,50,0.00266448
1773320747.79190135,0.02640669,6239,0.00043945,0.00000000,0,0.00000000,24663,24673,52,0.00109544
1773320747.89193845,0.01835518,6223,0.00023400,0.00000000,0,0.00000000,24673,24680,47,0.00321342
1773320747.99199367,0.03676324,6261,0.00050251,0.00000000,0,0.00000000,24680,24683,43,0.00204395
1773320748.09202695,0.03266156,6255,0.00062770,0.00000000,0,0.00000000,24683,24685,58,0.00145243
1773320748.19202018,0.03339900,6205,0.00017254,0.00000000,0,0.00000000,24685,24705,50,0.00272653
1773320748.29182768,0.02626393,6266,0.00076071,0.00000000,0,0.00000000,24705,24656,50,0.00091578
1773320748.39187860,0.03405845,6245,0.00015631,0.00000000,0,0.00000000,24656,24661,39,0.00166015
1773320748.49189973,0.03502572,6253,0.00066277,0.00000000,0,0.00000000,24661,24660,48,0.00126955
1773320748.59184122,0.03224009,6302,0.00017624,0.00000000,0,0.00000000,24660,24660,44,0.00262287
1773320748.69195724,0.03185200,6204,0.00026409,0.00000000,0,0.00000000,24660,24671,45,0.00195607
1773320748.79180384,0.02073091,6265,0.00031399,0.00000000,0,0.00000000,24671,24671,58,0.00162444
1773320748.89182568,0.02075255,6243,0.00024550,0.00000000,0,0.00000000,24671,24683,60,0.00155702
1773320748.99185157,0.03262339,6277,0.00051626,0.00000000,0,0.00000000,24683,24705,48,0.00313462
1773320749.09195113,0.02718546,6229,0.00053302,0.00000000,0,0.00000000,24705,24726,61,0.00407675
1773320749.19203758,0.03732842,6266,0.00034195,0.00000000,0,0.00000000,24726,24747,65,0.00119567
1773320749.29195619,0.03315828,6237,0.00054805,0.00000000,0,0.00000000,24747,24751,53,0.00095432
1773320749.39183021,0.03569764,6262,0.00055034,0.00000000,0,0.00000000,24751,24764,53,0.00211698
1773320749.49184537,0.03686786,6239,0.00079911,0.00000000,0,0.00000000,24764,24741,64,0.00138156
1773320749.59180427,0.04664705,6240,0.00087256,0.00000000,0,0.00000000,24741,24747,49,0.00084224
1773320749.69193077,0.03570320,6228,0.00091959,0.00000000,0,0.00000000,24747,24767,59,0.00176566
1773320749.79179168,0.02390433,6228,0.00030036,0.00000000,0,0.00000000,24767,24766,64,0.00083107
1773320749.89181471,0.02115001,6288,0.00027523,0.00000000,0,0.00000000,24766,24783,57,0.00265066
1773320749.99199677,0.04122684,6214,0.00070952,0.00000000,0,0.00000000,24783,24800,64,0.00229570
1773320750.09183002,0.03784975,6222,0.00031814,0.00000000,0,0.00000000,24800,24782,64,0.00099902
1773320750.19184518,0.03248053,6237,0.00071242,0.00000000,0,0.00000000,24782,24799,60,0.00084358
1773320750.29190922,0.03443115,6250,0.00075047,0.00000000,0,0.00000000,24799,24822,71,0.00082995
1773320750.39196730,0.03448273,6234,0.00045432,0.00000000,0,0.00000000,24822,24824,62,0.00177127
1773320750.49200177,0.03064853,6264,0.00089011,0.00000000,0,0.00000000,24824,24847,78,0.00141935
1773320750.59199309,0.03084865,6245,0.00072607,0.00000000,0,0.00000000,24847,24844,72,0.00212245
1773320750.69190598,0.02080599,6244,0.00069155,0.00000000,0,0.00000000,24844,24811,50,0.00241907
1773320750.79187131,0.02728043,6247,0.00029786,0.00000000,0,0.00000000,24811,24847,62,0.00148472
1773320750.89184308,0.02238160,6249,0.00019516,0.00000000,0,0.00000000,24847,24852,67,0.00143399
1773320750.99183416,0.02167316,6289,0.00037234,0.00000000,0,0.00000000,24852,24866,58,0.00198359
1773320751.09199381,0.03680757,6214,0.00029251,0.00000000,0,0.00000000,24866,24896,68,0.00088004
1773320751.19186592,0.03418503,6281,0.00033445,0.00000000,0,0.00000000,24896,24921,60,0.00083597
1773320751.29191089,0.03274755,6276,0.00028353,0.00000000,0,0.00000000,24921,24932,52,0.00086959
1773320751.39189506,0.03442726,6248,0.00046619,0.00000000,0,0.00000000,24932,24956,54,0.00083554
1773320751.49190545,0.03526372,6277,0.00070622,0.00000000,0,0.00000000,24956,24966,72,0.00176156
1773320751.59182191,0.04854678,6257,0.00043401,0.00000000,0,0.00000000,24966,24993,66,0.00181674
1773320751.69189739,0.02786715,6243,0.00048204,0.00000000,0,0.00000000,24993,25016,68,0.00255676
1773320751.79188895,0.03659006,6278,0.00039284,0.00000000,0,0.00000000,25016,25043,70,0.00310990
1773320751.89190984,0.02243620,6262,0.00025415,0.00000000,0,0.00000000,25043,25055,55,0.00194608
1773320751.99195790,0.01975965,6242,0.00031282,0.00000000,0,0.00000000,25055,25061,63,0.00299776
1773320752.09198856,0.03910469,6278,0.00096436,0.00000000,0,0.00000000,25061,25066,61,0.00270694
1773320752.19206572,0.03306889,6248,0.00074297,0.00000000,0,0.00000000,25066,25063,64,0.00273930
1773320752.29185200,0.03383449,6259,0.00072052,0.00000000,0,0.00000000,25063,25061,74,0.00115455
1773320752.39182210,0.03467901,6250,0.00077938,0.00000000,0,0.00000000,25061,25059,68,0.00088153
1773320752.49189305,0.03911650,6263,0.00027777,0.00000000,0,0.00000000,25059,25070,51,0.00422350
1773320752.59179163,0.03727578,6287,0.00080832,0.00000000,0,0.00000000,25070,25090,69,0.00168471
1773320752.69193196,0.02506437,6249,0.00028125,0.00000000,0,0.00000000,25090,25102,69,0.00155891
1773320752.79192495,0.05146461,6263,0.00054344,0.00000000,0,0.00000000,25102,25079,72,0.00252161
1773320752.89200521,0.02926609,6249,0.00042360,0.00000000,0,0.00000000,25079,25088,75,0.00101720
1773320752.99193811,0.02100281,6236,0.00026261,0.00000000,0,0.00000000,25088,25077,72,0.00364120
1773320753.09187484,0.03432067,6257,0.00071368,0.00000000,0,0.00000000,25077,25093,62,0.00258892
1773320753.19188452,0.03822106,6269,0.00065063,0.00000000,0,0.00000000,25093,25105,56,0.00932601
1773320753.29187775,0.03281734,6236,0.00078021,0.00000000,0,0.00000000,25105,25107,68,0.00121979
1773320753.39191341,0.03200240,6243,0.00061879,0.00000000,0,0.00000000,25107,25136,62,0.00112717
1773320753.49197721,0.03507005,6220,0.00097019,0.00000000,0,0.00000000,25136,25141,65,0.00301616
1773320753.59170604,0.03282870,6247,0.00052985,0.00000000,0,0.00000000,25141,25156,52,0.00260629
1773320753.69187164,0.04352747,6266,0.00110844,0.00000000,0,0.00000000,25156,25179,75,0.00317284
1773320753.79185557,0.03151109,6277,0.00023881,0.00000000,0,0.00000000,25179,25190,60,0.00278769
1773320753.89186001,0.02043526,6236,0.00021910,0.00000000,0,0.00000000,25190,25207,66,0.00124627
1773320753.99189496,0.03673617,6232,0.00080924,0.00000000,0,0.00000000,25207,25211,74,0.00273279
1773320754.09176207,0.03322557,6263,0.00081009,0.00000000,0,0.00000000,25211,25216,68,0.00273315
1773320754.19191933,0.03393287,6224,0.00072602,0.00000000,0,0.00000000,25216,25227,61,0.00231579
1773320754.29179096,0.03370900,6232,0.00084863,0.00000000,0,0.00000000,25227,25230,71,0.00084120
1773320754.39183831,0.03673628,6206,0.00031135,0.00000000,0,0.00000000,25230,25257,67,0.00251596
1773320754.49182010,0.03383773,6193,0.00055692,0.00000000,0,0.00000000,25257,25283,55,0.00328851
1773320754.59193158,0.03971081,6165,0.00268397,0.00000000,0,0.00000000,25283,25132,61,0.00153082
1773320754.69180274,0.02658239,6186,0.00069056,0.00000000,0,0.00000000,25132,25152,60,0.00158581
1773320754.79191089,0.02053074,6187,0.00033289,0.00000000,0,0.00000000,25152,25163,50,0.00146609
1773320754.89198256,0.02303765,6095,0.00033978,0.00000000,0,0.00000000,25163,25152,67,0.00177415
1773320754.99182200,0.02263266,6180,0.00057592,0.00000000,0,0.00000000,25152,25188,73,0.00277339
1773320755.09196258,0.03377932,6144,0.00087492,0.00000000,0,0.00000000,25188,25219,67,0.00098217
1773320755.19180036,0.03648795,6156,0.00077946,0.00000000,0,0.00000000,25219,25241,78,0.00177436
1773320755.29184389,0.04242943,6152,0.00092254,0.00000000,0,0.00000000,25241,25267,69,0.00180466
1773320755.39203477,0.03393532,6110,0.00055412,0.00000000,0,0.00000000,25267,25307,68,0.00113989
1773320755.49184847,0.03458140,6137,0.00097610,0.00000000,0,0.00000000,25307,25293,71,0.00121552
1773320755.59177303,0.03132636,6119,0.00056072,0.00000000,0,0.00000000,25293,25308,60,0.00172897
1773320755.69186211,0.02916949,6178,0.00027665,0.00000000,0,0.00000000,25308,25335,76,0.00232351
1773320755.79239655,0.02091452,6061,0.00061547,0.00000000,0,0.00000000,25335,25353,64,0.00254991
1773320755.89353251,0.02046053,6214,0.00026437,0.00000000,0,0.00000000,25353,25365,65,0.00226394
1773320755.99251533,0.02161487,6118,0.00028466,0.00000000,0,0.00000000,25365,25400,70,0.00331226
1773320756.09188342,0.03184866,6136,0.00069507,0.00000000,0,0.00000000,25400,25321,57,0.00255742
1773320756.19191003,0.03239138,6137,0.00083422,0.00000000,0,0.00000000,25321,25345,73,0.00088998
1773320756.29180288,0.03041228,6184,0.00080710,0.00000000,0,0.00000000,25345,25366,63,0.00101285
1773320756.39175653,0.03232526,6204,0.00060210,0.00000000,0,0.00000000,25366,25378,62,0.00112000
1773320756.49202824,0.03251054,6117,0.00070514,0.00000000,0,0.00000000,25378,25395,57,0.00319489
1773320756.59175062,0.03749117,6171,0.00072012,0.00000000,0,0.00000000,25395,25414,56,0.00230098
1773320756.69178772,0.03643762,6203,0.00096689,0.00000000,0,0.00000000,25414,25440,82,0.00253072
1773320756.79198933,0.03796660,6170,0.00054659,0.00000000,0,0.00000000,25440,25469,60,0.00176891
1773320756.89201570,0.01913227,6166,0.00024176,0.00000000,0,0.00000000,25469,25492,52,0.00259193
1773320756.99237847,0.02216720,6206,0.00030300,0.00000000,0,0.00000000,25492,25507,64,0.00257581
1773320757.09233475,0.02818298,6146,0.00048256,0.00000000,0,0.00000000,25507,25533,54,0.00284732
1773320757.19188285,0.02131668,6199,0.00032633,0.00000000,0,0.00000000,25533,25541,56,0.00122661
1773320757.29191113,0.02899731,6166,0.00073736,0.00000000,0,0.00000000,25541,25549,71,0.00089374
1773320757.39174628,0.02751057,6177,0.00069364,0.00000000,0,0.00000000,25549,25559,65,0.00101777
1773320757.49176478,0.03203466,6209,0.00061736,0.00000000,0,0.00000000,25559,25554,57,0.00284909
1773320757.59246659,0.03268878,6172,0.00152575,0.00000000,0,0.00000000,25554,25563,71,0.00137482
1773320757.69235563,0.02378170,6196,0.00067280,0.00000000,0,0.00000000,25563,25578,60,0.00166100
1773320757.79199362,0.01897144,6179,0.00019673,0.00000000,0,0.00000000,25578,25598,57,0.00182483
1773320757.89189196,0.01717974,6199,0.00021277,0.00000000,0,0.00000000,25598,25586,59,0.00084133
1773320757.99190068,0.04418211,6188,0.00084515,0.00000000,0,0.00000000,25586,25572,57,0.00288237
1773320758.09192801,0.02452726,6163,0.00049007,0.00000000,0,0.00000000,25572,25590,41,0.00275798
1773320758.19190788,0.03756143,6157,0.00026819,0.00000000,0,0.00000000,25590,25606,55,0.00081020
1773320758.29190755,0.02830714,6155,0.00021369,0.00000000,0,0.00000000,25606,25620,59,0.00089099
1773320758.39171720,0.02772308,6182,0.00324188,0.00000000,0,0.00000000,25620,25323,53,0.00267620
1773320758.49176431,0.02895358,6216,0.00067632,0.00000000,0,0.00000000,25323,25313,50,0.00273601
1773320758.59233189,0.03134852,6166,0.00021556,0.00000000,0,0.00000000,25313,25337,51,0.00133040
1773320758.69197059,0.02308131,6188,0.00030252,0.00000000,0,0.00000000,25337,25337,59,0.00167738
1773320758.79239774,0.02179108,6184,0.00017619,0.00000000,0,0.00000000,25337,25355,49,0.00188895
1773320758.89185476,0.01943377,6167,0.00014120,0.00000000,0,0.00000000,25355,25371,44,0.00091914
1773320758.99190927,0.03669952,6184,0.00055999,0.00000000,0,0.00000000,25371,25376,52,0.00312498
1773320759.09196186,0.03190561,6149,0.00069960,0.00000000,0,0.00000000,25376,25395,74,0.00144143
1773320759.19196272,0.03327431,6189,0.00055843,0.00000000,0,0.00000000,25395,25408,48,0.00080870
1773320759.29193950,0.03062504,6127,0.00023285,0.00000000,0,0.00000000,25408,25416,64,0.00083569
1773320759.39178419,0.02989540,6236,0.00064475,0.00000000,0,0.00000000,25416,25414,55,0.00238261
1773320759.49228001,0.03624927,6218,0.00059573,0.00000000,0,0.00000000,25414,25437,60,0.00158136
1773320759.59234333,0.03775292,6176,0.00020356,0.00000000,0,0.00000000,25437,25442,52,0.00084056
1773320759.69195747,0.01700905,6221,0.00075597,0.00000000,0,0.00000000,25442,25469,66,0.00163938
1773320759.79193759,0.01621755,6150,0.00014830,0.00000000,0,0.00000000,25469,25486,57,0.00229178
1773320759.89199829,0.01913148,6116,0.00017415,0.00000000,0,0.00000000,25486,25513,50,0.00222234
1773320759.99184322,0.03516298,6193,0.00049993,0.00000000,0,0.00000000,25513,25510,55,0.00225124
1773320760.09188104,0.04206972,6158,0.00071720,0.00000000,0,0.00000000,25510,25519,56,0.00087522
1773320760.19188786,0.03824493,6125,0.00051490,0.00000000,0,0.00000000,25519,25532,48,0.00091983
1773320760.29187226,0.03595042,6181,0.00100393,0.00000000,0,0.00000000,25532,25388,60,0.00079199
1773320760.39233685,0.03996000,6166,0.00025068,0.00000000,0,0.00000000,25388,25388,40,0.00126662
1773320760.49235463,0.03720431,6128,0.00092552,0.00000000,0,0.00000000,25388,25384,66,0.00166169
1773320760.59174681,0.03603660,6193,0.00066789,0.00000000,0,0.00000000,25384,25393,65,0.00088912
1773320760.69229150,0.04569847,6130,0.00025788,0.00000000,0,0.00000000,25393,25408,42,0.00265467
1773320760.79230046,0.04246309,6128,0.00112132,0.00000000,0,0.00000000,25408,25434,59,0.00268640
1773320760.89233971,0.02500747,6131,0.00031348,0.00000000,0,0.00000000,25434,25453,60,0.00184009
1773320760.99230289,0.02493960,6157,0.00054910,0.00000000,0,0.00000000,25453,25472,76,0.00438320
1773320761.09228754,0.03998610,6084,0.00097673,0.00000000,0,0.00000000,25472,25468,76,0.00324129
1773320761.19186974,0.04425078,6139,0.00065843,0.00000000,0,0.00000000,25468,25465,56,0.00344475
1773320761.29184103,0.03725036,6128,0.00046104,0.00000000,0,0.00000000,25465,25444,63,0.00157471
1773320761.39183426,0.04212506,6109,0.00069279,0.00000000,0,0.00000000,25444,25458,57,0.00086993
1773320761.49188137,0.04420644,6172,0.00099593,0.00000000,0,0.00000000,25458,25446,71,0.00221631
1773320761.59245038,0.04800035,6096,0.00071564,0.00000000,0,0.00000000,25446,25463,53,0.00269392
1773320761.69185281,0.04293735,6118,0.00133345,0.00000000,0,0.00000000,25463,25472,60,0.00219176
1773320761.79188228,0.03448678,6112,0.00034263,0.00000000,0,0.00000000,25472,25482,61,0.00111584
1773320761.89224362,0.02802704,6129,0.00051219,0.00000000,0,0.00000000,25482,25452,74,0.00256943
1773320761.99191022,0.02903550,6089,0.00027100,0.00000000,0,0.00000000,25452,25472,49,0.00348204
1773320762.09223247,0.03723378,6090,0.00073865,0.00000000,0,0.00000000,25472,25472,61,0.00330199
1773320762.19233227,0.03524629,6112,0.00092313,0.00000000,0,0.00000000,25472,25464,80,0.00288029
1773320762.29229736,0.04318764,6144,0.00074093,0.00000000,0,0.00000000,25464,25489,69,0.00083051
1773320762.39232159,0.03782151,6057,0.00057441,0.00000000,0,0.00000000,25489,25515,57,0.00095093
1773320762.49162912,0.04180759,6162,0.00050706,0.00000000,0,0.00000000,25515,25524,55,0.00184104
1773320762.59242320,0.04099456,6065,0.00061635,0.00000000,0,0.00000000,25524,25534,55,0.00156486
1773320762.69219685,0.03813867,6110,0.00032320,0.00000000,0,0.00000000,25534,25550,78,0.00156536
1773320762.79229403,0.02739361,6126,0.00092522,0.00000000,0,0.00000000,25550,25554,71,0.00173089
1773320762.89224100,0.02373742,6123,0.00019051,0.00000000,0,0.00000000,25554,25571,53,0.00327088
1773320762.99225497,0.02473529,6123,0.00029365,0.00000000,0,0.00000000,25571,25569,44,0.00288586
1773320763.09227371,0.03865687,6086,0.00081086,0.00000000,0,0.00000000,25569,25564,61,0.00368731
1773320763.19181395,0.04043797,6148,0.00056426,0.00000000,0,0.00000000,25564,25551,61,0.00098238
1773320763.29241967,0.03693630,6088,0.00029095,0.00000000,0,0.00000000,25551,25564,67,0.00101061
1773320763.39183760,0.03753691,6107,0.00068488,0.00000000,0,0.00000000,25564,25573,55,0.00113529
1773320763.49318314,0.03864989,6154,0.00074808,0.00000000,0,0.00000000,25573,25592,65,0.00097667
1773320763.59244871,0.04293932,6073,0.00066508,0.00000000,0,0.00000000,25592,25587,52,0.00254804
1773320763.69227839,0.02479533,6153,0.00026231,0.00000000,0,0.00000000,25587,25604,54,0.00172840
1773320763.79237413,0.03667305,6086,0.00048813,0.00000000,0,0.00000000,25604,25622,50,0.00261710
1773320763.89216948,0.02405644,6071,0.00026136,0.00000000,0,0.00000000,25622,25625,54,0.00294664
1773320763.99223018,0.02557152,6113,0.00017594,0.00000000,0,0.00000000,25625,25640,47,0.00431480
1773320764.09219003,0.03990204,6099,0.00058586,0.00000000,0,0.00000000,25640,25650,60,0.00308743
1773320764.19238162,0.03707924,6110,0.00045597,0.00000000,0,0.00000000,25650,25650,53,0.00123914
1773320764.29226828,0.04040112,6099,0.00024017,0.00000000,0,0.00000000,25650,25670,53,0.00083305
1773320764.39226747,0.03593968,6135,0.00047656,0.00000000,0,0.00000000,25670,25675,50,0.00091657
1773320764.49240923,0.03194039,6094,0.00063632,0.00000000,0,0.00000000,25675,25664,57,0.00288318
1773320764.59229302,0.03556098,6138,0.00053337,0.00000000,0,0.00000000,25664,25672,50,0.00118898
1773320764.69217134,0.04090987,6157,0.00080096,0.00000000,0,0.00000000,25672,25683,52,0.00151898
1773320764.79218817,0.03467416,6109,0.00026424,0.00000000,0,0.00000000,25683,25686,50,0.00165741
1773320764.89184093,0.02233817,6141,0.00029573,0.00000000,0,0.00000000,25686,25660,58,0.00171082
1773320764.99186850,0.03387346,6158,0.00065033,0.00000000,0,0.00000000,25660,25654,46,0.00380574
1773320765.09216809,0.03496008,6108,0.00070297,0.00000000,0,0.00000000,25654,25673,64,0.00103558
1773320765.19232011,0.04551302,6126,0.00044062,0.00000000,0,0.00000000,25673,25677,45,0.00160972
1773320765.29225063,0.03319949,6135,0.00043543,0.00000000,0,0.00000000,25677,25690,49,0.00075972
1773320765.39232373,0.03675356,6124,0.00052098,0.00000000,0,0.00000000,25690,25702,47,0.00222156
1773320765.49322891,0.04570144,6155,0.00030831,0.00000000,0,0.00000000,25702,25706,58,0.00269543
1773320765.59236264,0.07236855,6118,0.00034272,0.00000000,0,0.00000000,25706,25706,49,0.00259381
1773320765.69229865,0.05996504,6177,0.00049823,0.00000000,0,0.00000000,25706,25712,38,0.00144248
1773320765.79319263,0.04825455,6115,0.00025910,0.00000000,0,0.00000000,25712,25728,53,0.00160087
1773320765.89218664,0.04573611,6142,0.00072720,0.00000000,0,0.00000000,25728,25736,59,0.00306188
1773320765.99221826,0.06471278,6136,0.00060690,0.00000000,0,0.00000000,25736,25739,49,0.00288259
1773320766.09221148,0.05105716,6179,0.00043785,0.00000000,0,0.00000000,25739,25739,54,0.00432030
1773320766.19223404,0.03376942,6104,0.00024251,0.00000000,0,0.00000000,25739,25747,51,0.00355377
1773320766.29451180,0.02860252,6191,0.00036407,0.00000000,0,0.00000000,25747,25748,53,0.00200170
1773320766.39317012,0.04718499,6158,0.00080926,0.00000000,0,0.00000000,25748,25747,58,0.00450004
1773320766.49314642,0.04273231,6189,0.00064195,0.00000000,0,0.00000000,25747,25744,47,0.00328279
1773320766.59315896,0.06190716,6123,0.00023601,0.00000000,0,0.00000000,25744,25757,45,0.00178621
1773320766.69314027,0.05160404,6099,0.00071350,0.00000000,0,0.00000000,25757,25761,44,0.00142420
1773320766.79217100,0.03314683,6143,0.00023045,0.00000000,0,0.00000000,25761,25776,38,0.00148726
1773320766.89219570,0.04803566,6148,0.00045611,0.00000000,0,0.00000000,25776,25783,42,0.00305644
1773320766.99227142,0.03722856,6104,0.00037281,0.00000000,0,0.00000000,25783,25793,42,0.00360822
1773320767.09215140,0.04965107,6110,0.00026068,0.00000000,0,0.00000000,25793,25801,50,0.00444176
1773320767.19216776,0.03201988,6125,0.00022218,0.00000000,0,0.00000000,25801,25772,53,0.00689128
1773320767.29224730,0.05970679,6115,0.00062785,0.00000000,0,0.00000000,25772,25757,44,0.00085004
1773320767.39224005,0.04703715,6127,0.00020221,0.00000000,0,0.00000000,25757,25767,40,0.00087096
1773320767.49220967,0.06394309,6107,0.00058734,0.00000000,0,0.00000000,25767,25777,42,0.00114939
1773320767.59228683,0.04098290,6135,0.00048446,0.00000000,0,0.00000000,25777,25784,32,0.00147396
1773320767.69229674,0.03125868,6099,0.00042905,0.00000000,0,0.00000000,25784,25777,42,0.00282001
1773320767.79318142,0.03497634,6062,0.00060823,0.00000000,0,0.00000000,25777,25785,45,0.00319396
1773320767.89224792,0.02585896,6083,0.00031166,0.00000000,0,0.00000000,25785,25803,50,0.00231835
1773320767.99216914,0.02429021,6130,0.00024645,0.00000000,0,0.00000000,25803,25810,39,0.00227941
1773320768.09224272,0.04228108,6122,0.00037447,0.00000000,0,0.00000000,25810,25805,41,0.00117636
1773320768.19231510,0.03692349,6119,0.00044816,0.00000000,0,0.00000000,25805,25812,44,0.00134107
1773320768.29231644,0.03788639,6111,0.00062575,0.00000000,0,0.00000000,25812,25812,53,0.00159247
1773320768.39304376,0.03251512,6101,0.00033128,0.00000000,0,0.00000000,25812,25813,35,0.00118370
1773320768.49309802,0.03512430,6057,0.00057808,0.00000000,0,0.00000000,25813,25810,50,0.00240731
1773320768.59311080,0.04371762,6092,0.00067832,0.00000000,0,0.00000000,25810,25810,47,0.00148254
1773320768.69306087,0.03630406,6083,0.00039156,0.00000000,0,0.00000000,25810,25806,38,0.00235433
1773320768.79314709,0.03589458,6079,0.00033286,0.00000000,0,0.00000000,25806,25818,54,0.00167890
1773320768.89315009,0.02078848,6049,0.00017122,0.00000000,0,0.00000000,25818,25846,52,0.00268846
1773320768.99209571,0.03037915,6109,0.00017928,0.00000000,0,0.00000000,25846,25850,49,0.00145066
1773320769.09312677,0.04032343,6044,0.00064022,0.00000000,0,0.00000000,25850,25865,53,0.00297411
1773320769.19324398,0.03482195,6072,0.00059699,0.00000000,0,0.00000000,25865,25882,51,0.00336313
1773320769.29216290,0.04162298,6105,0.00048651,0.00000000,0,0.00000000,25882,25901,47,0.00150256
1773320769.39217019,0.03389103,6111,0.00051305,0.00000000,0,0.00000000,25901,25927,52,0.00103172
1773320769.49217486,0.03965525,6119,0.00069149,0.00000000,0,0.00000000,25927,25945,58,0.00124583
1773320769.59312034,0.04303025,6115,0.00094914,0.00000000,0,0.00000000,25945,25940,58,0.00236091
1773320769.69316244,0.03320225,6046,0.00053207,0.00000000,0,0.00000000,25940,25933,50,0.00206456
1773320769.79302144,0.03568031,6058,0.00031535,0.00000000,0,0.00000000,25933,25952,53,0.00239243
1773320769.89189601,0.02166104,6083,0.00023989,0.00000000,0,0.00000000,25952,25965,52,0.00265783
1773320769.99202847,0.02114702,6103,0.00020082,0.00000000,0,0.00000000,25965,25978,57,0.00300427
1773320770.09300947,0.03597499,6109,0.00074399,0.00000000,0,0.00000000,25978,25990,62,0.00202808
1773320770.19298911,0.03132665,6072,0.00056577,0.00000000,0,0.00000000,25990,26014,55,0.00320457
1773320770.29222250,0.03430331,6116,0.00067221,0.00000000,0,0.00000000,26014,25998,50,0.00081043
1773320770.39217973,0.03371772,6089,0.00039088,0.00000000,0,0.00000000,25998,26001,41,0.00244569
1773320770.49219537,0.03159023,6080,0.00066726,0.00000000,0,0.00000000,26001,26017,60,0.00289069
1773320770.59225917,0.03887248,6085,0.00050484,0.00000000,0,0.00000000,26017,26036,44,0.00083455
1773320770.69305062,0.04495069,6098,0.00055568,0.00000000,0,0.00000000,26036,26045,49,0.00281488
1773320770.79303789,0.02461518,6107,0.00014361,0.00000000,0,0.00000000,26045,26041,42,0.00218356
1773320770.89305758,0.02165178,6037,0.00032706,0.00000000,0,0.00000000,26041,26052,51,0.00274296
1773320770.99322891,0.02468456,6047,0.00019674,0.00000000,0,0.00000000,26052,26053,51,0.00335925
1773320771.09313560,0.02022026,6084,0.00054265,0.00000000,0,0.00000000,26053,26068,58,0.00379273
1773320771.19317842,0.03272420,6070,0.00064883,0.00000000,0,0.00000000,26068,26033,36,0.00274510
1773320771.29299951,0.02861146,6093,0.00070303,0.00000000,0,0.00000000,26033,26022,47,0.00165926
1773320771.39215970,0.03460862,6098,0.00018470,0.00000000,0,0.00000000,26022,26038,45,0.00291460
1773320771.49301791,0.04152228,6072,0.00099449,0.00000000,0,0.00000000,26038,26062,56,0.00084648
1773320771.59223056,0.03429133,6120,0.00050201,0.00000000,0,0.00000000,26062,26069,53,0.00312353
1773320771.69304609,0.04109512,6094,0.00093355,0.00000000,0,0.00000000,26069,26073,50,0.00313497
1773320771.79298139,0.02146797,6096,0.00018576,0.00000000,0,0.00000000,26073,26072,38,0.00308206
1773320771.89300013,0.02429575,6134,0.00037750,0.00000000,0,0.00000000,26072,26080,51,0.00229753
1773320771.99303126,0.02481446,6144,0.00044065,0.00000000,0,0.00000000,26080,26099,56,0.00454427
1773320772.09303522,0.04039492,6183,0.00023864,0.00000000,0,0.00000000,26099,26099,50,0.00344808
1773320772.19319177,0.03826312,6171,0.00036369,0.00000000,0,0.00000000,26099,26097,56,0.00128179
1773320772.29305506,0.04348888,6176,0.00031586,0.00000000,0,0.00000000,26097,26110,57,0.00088258
1773320772.39296913,0.04235845,6163,0.00059269,0.00000000,0,0.00000000,26110,26120,46,0.00149327
1773320772.49293756,0.03620682,6157,0.00063542,0.00000000,0,0.00000000,26120,26119,48,0.00210201
1773320772.59299088,0.04925208,6206,0.00067894,0.00000000,0,0.00000000,26119,26125,38,0.00262475
1773320772.69301891,0.04409261,6192,0.00061442,0.00000000,0,0.00000000,26125,26145,41,0.00577134
1773320772.79313302,0.02500847,6159,0.00037572,0.00000000,0,0.00000000,26145,26149,54,0.00483200
1773320772.89206982,0.02864287,6237,0.00019497,0.00000000,0,0.00000000,26149,26174,46,0.00340202
1773320772.99315429,0.02607439,6228,0.00016213,0.00000000,0,0.00000000,26174,26163,35,0.00302105
1773320773.09311938,0.01956306,6248,0.00029398,0.00000000,0,0.00000000,26163,26173,49,0.00555390
1773320773.19301987,0.03120880,6231,0.00053522,0.00000000,0,0.00000000,26173,26156,46,0.00324569
1773320773.29302454,0.02684021,6244,0.00063732,0.00000000,0,0.00000000,26156,26164,52,0.00213789
1773320773.39299369,0.03228503,6241,0.00066440,0.00000000,0,0.00000000,26164,26176,53,0.00331272
1773320773.49300480,0.03027926,6270,0.00056780,0.00000000,0,0.00000000,26176,26180,47,0.00086975
1773320773.59295201,0.03386416,6281,0.00022830,0.00000000,0,0.00000000,26180,26184,38,0.00176123
1773320773.69301152,0.02674840,6284,0.00059561,0.00000000,0,0.00000000,26184,26164,43,0.00127536
1773320773.79298115,0.02259950,6282,0.00038240,0.00000000,0,0.00000000,26164,26160,41,0.00111579
1773320773.89299560,0.01936044,6280,0.00019096,0.00000000,0,0.00000000,26160,26170,40,0.00175946
1773320773.99303174,0.03074858,6278,0.00065341,0.00000000,0,0.00000000,26170,26174,59,0.00346613
1773320774.09301400,0.03009147,6268,0.00018527,0.00000000,0,0.00000000,26174,26187,56,0.00445976
1773320774.19297814,0.03092312,6293,0.00014869,0.00000000,0,0.00000000,26187,26195,36,0.00117533
1773320774.29291630,0.03154483,6290,0.00050096,0.00000000,0,0.00000000,26195,26202,39,0.00121353
1773320774.39299273,0.02827320,6301,0.00020041,0.00000000,0,0.00000000,26202,26218,53,0.00304221
1773320774.49216533,0.03038486,6313,0.00050987,0.00000000,0,0.00000000,26218,26222,49,0.00256291
1773320774.59296083,0.04119870,6295,0.00055141,0.00000000,0,0.00000000,26222,26239,50,0.00216998
1773320774.69207311,0.03728002,6340,0.00090759,0.00000000,0,0.00000000,26239,26260,64,0.00279552
1773320774.79315734,0.02591657,6288,0.00026464,0.00000000,0,0.00000000,26260,26264,37,0.00267190
1773320774.89311361,0.01995584,6265,0.00021795,0.00000000,0,0.00000000,26264,26268,45,0.00263950
1773320774.99294829,0.01886852,6271,0.00020260,0.00000000,0,0.00000000,26268,26284,58,0.00229559
1773320775.09208608,0.02394591,6255,0.00053631,0.00000000,0,0.00000000,26284,26291,44,0.00182071
1773320775.19292188,0.03743359,6296,0.00049690,0.00000000,0,0.00000000,26291,26286,52,0.00354613
1773320775.29299664,0.03382022,6288,0.00059737,0.00000000,0,0.00000000,26286,26293,48,0.00086823
1773320775.39291716,0.03978632,6280,0.00058501,0.00000000,0,0.00000000,26293,26319,53,0.00087713
1773320775.49294257,0.03790107,6289,0.00069158,0.00000000,0,0.00000000,26319,26306,61,0.00095480
1773320775.59289217,0.04072988,6300,0.00049155,0.00000000,0,0.00000000,26306,26323,59,0.00293590
1773320775.69289517,0.02668562,6287,0.00039210,0.00000000,0,0.00000000,26323,26336,61,0.00087528
1773320775.79303408,0.03784617,6274,0.00077817,0.00000000,0,0.00000000,26336,26353,64,0.00088372
1773320775.89303994,0.01870600,6287,0.00031632,0.00000000,0,0.00000000,26353,26355,54,0.00312426
1773320775.99298263,0.02094835,6281,0.00136391,0.00000000,0,0.00000000,26355,26353,67,0.00282755
1773320776.09308410,0.04035266,6308,0.00065887,0.00000000,0,0.00000000,26353,26349,45,0.00309227
1773320776.19302368,0.03873361,6278,0.00069494,0.00000000,0,0.00000000,26349,26358,58,0.00148724
1773320776.29203463,0.03253882,6310,0.00085297,0.00000000,0,0.00000000,26358,26314,46,0.00110639
1773320776.39210844,0.03296774,6318,0.00026390,0.00000000,0,0.00000000,26314,26313,54,0.00174184
1773320776.49202323,0.03441054,6309,0.00043475,0.00000000,0,0.00000000,26313,26296,59,0.00220263
1773320776.59203553,0.03332081,6347,0.00082703,0.00000000,0,0.00000000,26296,26306,61,0.00297836
1773320776.69302750,0.04610001,6252,0.00028588,0.00000000,0,0.00000000,26306,26326,63,0.00271251
1773320776.79210162,0.03652643,6344,0.00065370,0.00000000,0,0.00000000,26326,26324,56,0.00389269
1773320776.89306331,0.01718471,6267,0.00028913,0.00000000,0,0.00000000,26324,26324,59,0.00284399
1773320776.99200296,0.02202328,6318,0.00039243,0.00000000,0,0.00000000,26324,26317,57,0.00249633
1773320777.09318042,0.04304840,6286,0.00054166,0.00000000,0,0.00000000,26317,26349,88,0.00205988
1773320777.19299126,0.03619152,6245,0.00066370,0.00000000,0,0.00000000,26349,26364,56,0.00171028
1773320777.29293251,0.03534528,6246,0.00083943,0.00000000,0,0.00000000,26364,26388,71,0.00080776
1773320777.39324594,0.03574529,6205,0.00076001,0.00000000,0,0.00000000,26388,26397,54,0.00386532
1773320777.49297404,0.04671433,6217,0.00066652,0.00000000,0,0.00000000,26397,26405,48,0.00327916
1773320777.59206629,0.03475438,6234,0.00099430,0.00000000,0,0.00000000,26405,26339,52,0.00210972
1773320777.69286609,0.04673853,6253,0.00090744,0.00000000,0,0.00000000,26339,26363,60,0.00131858
1773320777.79288960,0.03428126,6233,0.00071762,0.00000000,0,0.00000000,26363,26361,40,0.00205324
1773320777.89200521,0.02520567,6262,0.00027733,0.00000000,0,0.00000000,26361,26349,49,0.00204166
1773320777.99301934,0.02498873,6229,0.00034552,0.00000000,0,0.00000000,26349,26345,50,0.00501867
1773320778.09288096,0.02102109,6255,0.00015753,0.00000000,0,0.00000000,26345,26345,36,0.00398795
1773320778.19289875,0.03470601,6247,0.00056743,0.00000000,0,0.00000000,26345,26347,47,0.00720056
1773320778.29284286,0.03200660,6242,0.00080032,0.00000000,0,0.00000000,26347,26298,44,0.00250563
1773320778.39290762,0.03133089,6241,0.00088613,0.00000000,0,0.00000000,26298,26245,38,0.00140876
1773320778.49289608,0.02819659,6218,0.00068851,0.00000000,0,0.00000000,26245,26244,58,0.00164709
1773320778.59196925,0.03477313,6242,0.00054794,0.00000000,0,0.00000000,26244,26257,42,0.00196605
1773320778.69293904,0.03003945,6215,0.00047167,0.00000000,0,0.00000000,26257,26244,51,0.00235088
1773320778.79197001,0.01651786,6259,0.00043160,0.00000000,0,0.00000000,26244,26253,40,0.00277977
1773320778.89299917,0.02036265,6235,0.00019948,0.00000000,0,0.00000000,26253,26274,49,0.00279129
1773320778.99301505,0.01610489,6209,0.00049444,0.00000000,0,0.00000000,26274,26249,46,0.00210154
1773320779.09281087,0.03206078,6244,0.00068577,0.00000000,0,0.00000000,26249,26243,68,0.00238084
1773320779.19194865,0.03693482,6221,0.00038825,0.00000000,0,0.00000000,26243,26252,32,0.00159773
1773320779.29282165,0.03830429,6208,0.00066290,0.00000000,0,0.00000000,26252,26268,49,0.00087391
1773320779.39287519,0.03412536,6224,0.00068974,0.00000000,0,0.00000000,26268,26283,55,0.00236212
1773320779.49278355,0.03182363,6230,0.00063712,0.00000000,0,0.00000000,26283,26286,41,0.00127799
1773320779.59214115,0.03353804,6239,0.00052596,0.00000000,0,0.00000000,26286,26298,50,0.00242416
1773320779.69326043,0.03066076,6265,0.00086035,0.00000000,0,0.00000000,26298,26251,48,0.00177067
1773320779.79293776,0.02772789,6192,0.00042326,0.00000000,0,0.00000000,26251,26262,40,0.00297669
1773320779.89193702,0.01689016,6264,0.00076778,0.00000000,0,0.00000000,26262,26256,35,0.00473699
1773320779.99284458,0.02101617,6239,0.00023864,0.00000000,0,0.00000000,26256,26262,46,0.00187716
1773320780.09284210,0.03627904,6251,0.00045215,0.00000000,0,0.00000000,26262,26253,35,0.00360174
1773320780.19285417,0.02272027,6204,0.00026299,0.00000000,0,0.00000000,26253,26260,32,0.00161592
1773320780.29283619,0.02252690,6249,0.00057302,0.00000000,0,0.00000000,26260,26258,45,0.00151183
1773320780.39290547,0.03207044,6202,0.00046412,0.00000000,0,0.00000000,26258,26272,47,0.00143188
1773320780.49288964,0.03622582,6226,0.00024231,0.00000000,0,0.00000000,26272,26245,46,0.00295363
1773320780.59194946,0.02956715,6229,0.00033141,0.00000000,0,0.00000000,26245,26257,39,0.00137980
1773320780.69189906,0.03075716,6211,0.00064115,0.00000000,0,0.00000000,26257,26268,53,0.00098969
1773320780.79277039,0.02819937,6210,0.00014462,0.00000000,0,0.00000000,26268,26284,50,0.00108205
1773320780.89275479,0.02207383,6240,0.00016272,0.00000000,0,0.00000000,26284,26284,35,0.00254907
1773320780.99273324,0.02068680,6234,0.00016692,0.00000000,0,0.00000000,26284,26299,46,0.00263725
1773320781.09274507,0.03381748,6224,0.00054656,0.00000000,0,0.00000000,26299,26315,40,0.00239834
1773320781.19281435,0.02833015,6244,0.00031733,0.00000000,0,0.00000000,26315,26307,34,0.00176900
1773320781.29290771,0.03031047,6240,0.00053999,0.00000000,0,0.00000000,26307,26308,49,0.00097477
1773320781.39289975,0.02499538,6219,0.00045413,0.00000000,0,0.00000000,26308,26322,46,0.00183615
1773320781.49284697,0.02921290,6207,0.00044099,0.00000000,0,0.00000000,26322,26338,42,0.00109839
1773320781.59190369,0.03035188,6252,0.00033999,0.00000000,0,0.00000000,26338,26353,41,0.00216758
1773320781.69296789,0.04071077,6236,0.00092503,0.00000000,0,0.00000000,26353,26333,47,0.00233338
1773320781.79186773,0.03140881,6240,0.00036834,0.00000000,0,0.00000000,26333,26327,29,0.00238559
1773320781.89186263,0.02008350,6262,0.00012706,0.00000000,0,0.00000000,26327,26336,43,0.00319934
1773320781.99278355,0.01953828,6239,0.00027133,0.00000000,0,0.00000000,26336,26340,51,0.00408753
1773320782.09281874,0.03021113,6230,0.00037335,0.00000000,0,0.00000000,26340,26353,36,0.00361916
1773320782.19282866,0.03300453,6240,0.00052414,0.00000000,0,0.00000000,26353,26349,47,0.00124104
1773320782.29289889,0.03377780,6217,0.00058140,0.00000000,0,0.00000000,26349,26328,32,0.00136866
1773320782.39267015,0.04204508,6267,0.00041121,0.00000000,0,0.00000000,26328,26339,35,0.00209194
1773320782.49270678,0.03490576,6251,0.00045537,0.00000000,0,0.00000000,26339,26356,40,0.00259511
1773320782.59278703,0.03892776,6268,0.00070931,0.00000000,0,0.00000000,26356,26338,49,0.00100400
1773320782.69271064,0.04364450,6236,0.00064167,0.00000000,0,0.00000000,26338,26345,36,0.00135225
1773320782.79276752,0.03895401,6246,0.00053998,0.00000000,0,0.00000000,26345,26327,38,0.00350012
1773320782.89274859,0.02606439,6243,0.00024855,0.00000000,0,0.00000000,26327,26342,31,0.00285608
1773320782.99274492,0.03365242,6241,0.00090928,0.00000000,0,0.00000000,26342,26348,35,0.00332007
1773320783.09278107,0.02397048,6231,0.00077504,0.00000000,0,0.00000000,26348,26255,52,0.00301355
1773320783.19272041,0.02016233,6221,0.00020700,0.00000000,0,0.00000000,26255,26236,31,0.00358173
1773320783.29279113,0.03588652,6265,0.00059637,0.00000000,0,0.00000000,26236,26251,36,0.00437670
1773320783.39275289,0.03126956,6223,0.00028933,0.00000000,0,0.00000000,26251,26272,40,0.00240929
1773320783.49274492,0.02967956,6286,0.00020648,0.00000000,0,0.00000000,26272,26280,33,0.00262257
1773320783.59270215,0.03660589,6294,0.00050783,0.00000000,0,0.00000000,26280,26294,50,0.00104222
1773320783.69285536,0.02405906,6294,0.00021881,0.00000000,0,0.00000000,26294,26289,37,0.00277451
1773320783.79285169,0.03404065,6307,0.00042715,0.00000000,0,0.00000000,26289,26309,57,0.00199716
1773320783.89280629,0.01995166,6301,0.00013091,0.00000000,0,0.00000000,26309,26311,41,0.00254649
1773320783.99285269,0.01960239,6279,0.00027892,0.00000000,0,0.00000000,26311,26327,48,0.00333674
1773320784.09284091,0.03545577,6304,0.00059257,0.00000000,0,0.00000000,26327,26311,42,0.00179760
1773320784.19279695,0.03621635,6300,0.00068631,0.00000000,0,0.00000000,26311,26324,47,0.00141840
1773320784.29277563,0.03274110,6347,0.00051382,0.00000000,0,0.00000000,26324,26324,44,0.00107822
1773320784.39278316,0.03304023,6306,0.00051438,0.00000000,0,0.00000000,26324,26341,52,0.00168113
1773320784.49280953,0.03274570,6312,0.00054833,0.00000000,0,0.00000000,26341,26351,36,0.00328842
1773320784.59280586,0.05543502,6344,0.00062973,0.00000000,0,0.00000000,26351,26316,47,0.00246496
1773320784.69285917,0.03236889,6343,0.00054762,0.00000000,0,0.00000000,26316,26324,48,0.00295874
1773320784.79275012,0.03052469,6323,0.00016689,0.00000000,0,0.00000000,26324,26329,40,0.00317037
1773320784.89280248,0.02216021,6330,0.00028571,0.00000000,0,0.00000000,26329,26339,42,0.00365875
1773320784.99281883,0.02056412,6310,0.00013419,0.00000000,0,0.00000000,26339,26342,43,0.00421631
1773320785.09276986,0.03358880,6337,0.00059914,0.00000000,0,0.00000000,26342,26355,54,0.00300989
1773320785.19273210,0.02849139,6332,0.00022514,0.00000000,0,0.00000000,26355,26374,47,0.00281258
1773320785.29281855,0.02888226,6334,0.00023229,0.00000000,0,0.00000000,26374,26373,35,0.00151126
1773320785.39277339,0.03126396,6348,0.00029381,0.00000000,0,0.00000000,26373,26365,32,0.00167409
1773320785.49275780,0.03290899,6335,0.00094303,0.00000000,0,0.00000000,26365,26370,52,0.00253031
1773320785.59262371,0.03727433,6343,0.00077584,0.00000000,0,0.00000000,26370,26369,44,0.00312466
1773320785.69288278,0.02980603,6354,0.00065303,0.00000000,0,0.00000000,26369,26381,56,0.00270381
1773320785.79285026,0.03481588,6321,0.00060575,0.00000000,0,0.00000000,26381,26334,53,0.00367327
1773320785.89280105,0.01990222,6344,0.00013548,0.00000000,0,0.00000000,26334,26342,43,0.00203111
1773320785.99283504,0.02019335,6322,0.00018515,0.00000000,0,0.00000000,26342,26341,48,0.00244136
1773320786.09281898,0.03630147,6418,0.00049120,0.00000000,0,0.00000000,26341,26342,54,0.00394084
1773320786.19280171,0.03103542,6372,0.00047872,0.00000000,0,0.00000000,26342,26339,43,0.00270477
1773320786.29275608,0.02899383,6390,0.00047889,0.00000000,0,0.00000000,26339,26356,49,0.00222918
1773320786.39272285,0.02875105,6402,0.00036729,0.00000000,0,0.00000000,26356,26372,49,0.00150916
1773320786.49275231,0.02144214,6326,0.00008603,0.00000000,0,0.00000000,26372,26379,37,0.00101300
1773320786.59179235,0.03405610,6430,0.00085026,0.00000000,0,0.00000000,26379,26361,52,0.00202529
1773320786.69277883,0.03409192,6395,0.00065305,0.00000000,0,0.00000000,26361,26372,47,0.00228670
1773320786.79277802,0.02367401,6339,0.00031852,0.00000000,0,0.00000000,26372,26383,44,0.00313066
1773320786.89255905,0.02108795,6390,0.00051053,0.00000000,0,0.00000000,26383,26321,36,0.00326379
1773320786.99281883,0.01922475,6382,0.00019704,0.00000000,0,0.00000000,26321,26324,49,0.00493594
1773320787.09280324,0.01964528,6411,0.00021637,0.00000000,0,0.00000000,26324,26323,46,0.00381317
1773320787.19283938,0.03200636,6344,0.00067298,0.00000000,0,0.00000000,26323,26334,48,0.00283600
1773320787.29259539,0.03071600,6422,0.00045242,0.00000000,0,0.00000000,26334,26339,42,0.00141972
1773320787.39287162,0.03705270,6420,0.00073466,0.00000000,0,0.00000000,26339,26363,57,0.00279078
1773320787.49282503,0.03014401,6362,0.00018444,0.00000000,0,0.00000000,26363,26374,44,0.00197374
1773320787.59259152,0.05020436,6427,0.00039194,0.00000000,0,0.00000000,26374,26373,37,0.00284486
1773320787.69278789,0.07090223,6384,0.00025153,0.00000000,0,0.00000000,26373,26390,46,0.00342169
1773320787.79278541,0.04349002,6376,0.00019695,0.00000000,0,0.00000000,26390,26404,46,0.00127914
1773320787.89278388,0.02385806,6347,0.00026402,0.00000000,0,0.00000000,26404,26349,35,0.00307371
1773320787.99746823,0.03255092,6415,0.00032382,0.00000000,0,0.00000000,26349,26341,45,0.00342387
1773320788.09279299,0.02231843,6388,0.00017272,0.00000000,0,0.00000000,26341,26352,45,0.00390603
1773320788.19284725,0.01758995,6380,0.00026082,0.00000000,0,0.00000000,26352,26362,48,0.00278927
1773320788.29273796,0.02705295,6396,0.00017104,0.00000000,0,0.00000000,26362,26358,42,0.00097858
1773320788.39280176,0.02850793,6404,0.00039019,0.00000000,0,0.00000000,26358,26369,31,0.00454608
1773320788.49271774,0.02597809,6402,0.00043243,0.00000000,0,0.00000000,26369,26377,39,0.00133620
1773320788.59278798,0.03408617,6388,0.00076568,0.00000000,0,0.00000000,26377,26385,50,0.00156130
1773320788.69277978,0.02444886,6402,0.00052962,0.00000000,0,0.00000000,26385,26404,44,0.00197139
1773320788.79277158,0.02056638,6391,0.00022626,0.00000000,0,0.00000000,26404,26414,48,0.00353375
1773320788.89272833,0.01993929,6366,0.00040836,0.00000000,0,0.00000000,26414,26439,56,0.00274716
1773320788.99270725,0.02138969,6355,0.00037344,0.00000000,0,0.00000000,26439,26437,63,0.00202830
1773320789.09273481,0.02714484,6386,0.00045004,0.00000000,0,0.00000000,26437,26434,42,0.00286085
1773320789.19274998,0.03357022,6382,0.00060732,0.00000000,0,0.00000000,26434,26447,58,0.00186485
1773320789.29275632,0.02908330,6401,0.00069542,0.00000000,0,0.00000000,26447,26455,50,0.00175455
1773320789.39288235,0.02719080,6345,0.00046692,0.00000000,0,0.00000000,26455,26478,50,0.00208406
1773320789.49277186,0.02906989,6369,0.00060732,0.00000000,0,0.00000000,26478,26502,55,0.00288747
1773320789.59265232,0.03354433,6369,0.00018912,0.00000000,0,0.00000000,26502,26522,58,0.00268969
1773320789.69269848,0.02309458,6369,0.00040972,0.00000000,0,0.00000000,26522,26545,53,0.00278645
1773320789.79266644,0.02179817,6395,0.00022249,0.00000000,0,0.00000000,26545,26569,48,0.00253837
1773320789.89287686,0.02038270,6334,0.00023772,0.00000000,0,0.00000000,26569,26576,47,0.00164503
1773320789.99282455,0.02653259,6333,0.00045066,0.00000000,0,0.00000000,26576,26603,71,0.00404450
1773320790.09281874,0.02535495,6359,0.00032299,0.00000000,0,0.00000000,26603,26615,45,0.00393747
1773320790.19279528,0.02837603,6340,0.00056380,0.00000000,0,0.00000000,26615,26618,51,0.00295101
1773320790.29281044,0.02777799,6301,0.00079120,0.00000000,0,0.00000000,26618,26630,68,0.00133442
1773320790.39275122,0.03148205,6312,0.00058021,0.00000000,0,0.00000000,26630,26634,46,0.00175158
1773320790.49276853,0.03429870,6337,0.00057218,0.00000000,0,0.00000000,26634,26647,55,0.00223769
1773320790.59272671,0.03583398,6291,0.00055284,0.00000000,0,0.00000000,26647,26667,47,0.00256750
1773320790.69271851,0.03268165,6316,0.00031059,0.00000000,0,0.00000000,26667,26661,57,0.00326643
1773320790.79264808,0.02187024,6344,0.00015683,0.00000000,0,0.00000000,26661,26672,40,0.00352075
1773320790.89281964,0.01976745,6271,0.00031028,0.00000000,0,0.00000000,26672,26670,46,0.00225419
1773320790.99265265,0.01933402,6301,0.00031463,0.00000000,0,0.00000000,26670,26681,55,0.00236631
1773320791.09266329,0.02362520,6375,0.00068335,0.00000000,0,0.00000000,26681,26695,61,0.00270566
1773320791.19282722,0.02956801,6326,0.00052432,0.00000000,0,0.00000000,26695,26711,52,0.00105934
1773320791.29285264,0.03126598,6340,0.00045600,0.00000000,0,0.00000000,26711,26716,44,0.00150314
1773320791.39289522,0.03329573,6339,0.00067883,0.00000000,0,0.00000000,26716,26714,43,0.00291769
1773320791.49277091,0.03272398,6310,0.00047755,0.00000000,0,0.00000000,26714,26723,41,0.00111817
1773320791.59272099,0.03451728,6322,0.00102153,0.00000000,0,0.00000000,26723,26687,55,0.00250844
1773320791.69272351,0.03594584,6321,0.00056979,0.00000000,0,0.00000000,26687,26695,47,0.00214010
1773320791.79275298,0.01988342,6304,0.00029946,0.00000000,0,0.00000000,26695,26705,43,0.00178365
1773320791.89269161,0.01936277,6322,0.00029770,0.00000000,0,0.00000000,26705,26715,49,0.00222869
1773320791.99266219,0.01889645,6356,0.00018457,0.00000000,0,0.00000000,26715,26722,39,0.00318995
1773320792.09268641,0.01930081,6359,0.00028468,0.00000000,0,0.00000000,26722,26689,47,0.00317273
1773320792.19267654,0.02800576,6360,0.00062739,0.00000000,0,0.00000000,26689,26693,46,0.00119516
1773320792.29264784,0.03861459,6321,0.00039386,0.00000000,0,0.00000000,26693,26679,46,0.00124509
1773320792.39268827,0.04526722,6308,0.00033184,0.00000000,0,0.00000000,26679,26686,43,0.00129097
1773320792.49262166,0.04701988,6355,0.00043650,0.00000000,0,0.00000000,26686,26683,33,0.00118338
1773320792.59273553,0.05377638,6318,0.00078757,0.00000000,0,0.00000000,26683,26684,51,0.00342049
1773320792.69275093,0.03359781,6311,0.00027379,0.00000000,0,0.00000000,26684,26695,47,0.00373068
1773320792.79278779,0.03336980,6310,0.00051393,0.00000000,0,0.00000000,26695,26696,41,0.00300241
1773320792.89265633,0.02355168,6317,0.00024828,0.00000000,0,0.00000000,26696,26702,54,0.00233403
1773320792.99266815,0.02551411,6370,0.00022468,0.00000000,0,0.00000000,26702,26689,39,0.00289285
1773320793.09266281,0.01831731,6328,0.00016720,0.00000000,0,0.00000000,26689,26708,40,0.00294787
1773320793.19269395,0.04219195,6315,0.00021076,0.00000000,0,0.00000000,26708,26721,38,0.00132158
1773320793.29276061,0.02999961,6358,0.00092712,0.00000000,0,0.00000000,26721,26730,58,0.00294583
1773320793.39271069,0.02807842,6319,0.00051912,0.00000000,0,0.00000000,26730,26735,43,0.00249780
1773320793.49262595,0.03146069,6377,0.00057462,0.00000000,0,0.00000000,26735,26749,42,0.00194285
1773320793.59272766,0.03587631,6367,0.00137603,0.00000000,0,0.00000000,26749,26647,48,0.00154014
1773320793.69270134,0.02973425,6343,0.00045353,0.00000000,0,0.00000000,26647,26662,34,0.00247442
1773320793.79269481,0.03952738,6319,0.00037177,0.00000000,0,0.00000000,26662,26680,43,0.00255333
1773320793.89265919,0.02440131,6333,0.00021410,0.00000000,0,0.00000000,26680,26695,43,0.00285578
1773320793.99264598,0.01975572,6334,0.00017748,0.00000000,0,0.00000000,26695,26702,48,0.00460471
1773320794.09259009,0.01551881,6348,0.00016595,0.00000000,0,0.00000000,26702,26714,31,0.00117403
1773320794.19260621,0.03356498,6364,0.00037080,0.00000000,0,0.00000000,26714,26715,33,0.00900936
1773320794.29275870,0.03320795,6329,0.00061299,0.00000000,0,0.00000000,26715,26703,49,0.00274509
1773320794.39276123,0.03217768,6308,0.00078821,0.00000000,0,0.00000000,26703,26675,47,0.00232276
1773320794.49259710,0.03899020,6356,0.00040431,0.00000000,0,0.00000000,26675,26672,30,0.00114482
1773320794.59266400,0.03786882,6347,0.00053145,0.00000000,0,0.00000000,26672,26673,44,0.00124251
1773320794.69282031,0.03726796,6340,0.00041234,0.00000000,0,0.00000000,26673,26681,32,0.00320719
1773320794.79275298,0.02017901,6331,0.00017787,0.00000000,0,0.00000000,26681,26684,43,0.00092936
1773320794.89274311,0.01851211,6329,0.00026083,0.00000000,0,0.00000000,26684,26688,48,0.00196137
1773320794.99254680,0.02240065,6394,0.00026998,0.00000000,0,0.00000000,26688,26697,42,0.00345035
1773320795.09260416,0.01983804,6364,0.00043484,0.00000000,0,0.00000000,26697,26641,52,0.00311924
1773320795.19253135,0.02903160,6394,0.00050697,0.00000000,0,0.00000000,26641,26649,46,0.00100422
1773320795.29275537,0.02665455,6356,0.00051109,0.00000000,0,0.00000000,26649,26655,32,0.00200294
1773320795.39272809,0.02831264,6359,0.00036848,0.00000000,0,0.00000000,26655,26649,33,0.00145508
1773320795.49269223,0.03362764,6386,0.00019650,0.00000000,0,0.00000000,26649,26646,42,0.00118480
1773320795.59262252,0.03266055,6330,0.00056718,0.00000000,0,0.00000000,26646,26619,34,0.00252522
1773320795.69267178,0.03264814,6344,0.00020053,0.00000000,0,0.00000000,26619,26622,46,0.00294078
1773320795.79264665,0.01923794,6350,0.00015680,0.00000000,0,0.00000000,26622,26628,45,0.00201505
1773320795.89260769,0.01628944,6332,0.00014125,0.00000000,0,0.00000000,26628,26647,48,0.00299109
1773320795.99276090,0.01999066,6339,0.00008922,0.00000000,0,0.00000000,26647,26656,32,0.00233858
1773320796.09268117,0.02804835,6377,0.00039670,0.00000000,0,0.00000000,26656,26661,33,0.00304654
1773320796.19268608,0.02768294,6340,0.00043802,0.00000000,0,0.00000000,26661,26660,34,0.00168699
1773320796.29266071,0.03289614,6335,0.00046816,0.00000000,0,0.00000000,26660,26660,40,0.00091129
1773320796.39264011,0.03381964,6335,0.00044590,0.00000000,0,0.00000000,26660,26665,40,0.00189212
1773320796.49267006,0.03077286,6341,0.00050384,0.00000000,0,0.00000000,26665,26680,41,0.00165425
1773320796.59260011,0.03019683,6311,0.00081862,0.00000000,0,0.00000000,26680,26616,38,0.00172699
1773320796.69243288,0.05142510,6378,0.00034224,0.00000000,0,0.00000000,26616,26623,45,0.00125585
1773320796.79254627,0.03741023,6343,0.00054618,0.00000000,0,0.00000000,26623,26635,41,0.00192571
1773320796.89250350,0.02680296,6349,0.00022509,0.00000000,0,0.00000000,26635,26640,38,0.00193931
1773320796.99257112,0.01855097,6345,0.00015621,0.00000000,0,0.00000000,26640,26648,38,0.00446458
1773320797.09265709,0.03065352,6358,0.00035068,0.00000000,0,0.00000000,26648,26653,36,0.00240320
1773320797.19251966,0.03381855,6403,0.00036482,0.00000000,0,0.00000000,26653,26665,37,0.00124584
1773320797.29268932,0.03740176,6368,0.00024191,0.00000000,0,0.00000000,26665,26671,48,0.00146273
1773320797.39271832,0.03222505,6312,0.00063618,0.00000000,0,0.00000000,26671,26662,42,0.00255110
1773320797.49247932,0.02880439,6402,0.00044872,0.00000000,0,0.00000000,26662,26670,34,0.00178960
1773320797.59259939,0.04214029,6376,0.00050767,0.00000000,0,0.00000000,26670,26668,45,0.00091839
1773320797.69264340,0.03424039,6368,0.00017758,0.00000000,0,0.00000000,26668,26674,46,0.00178260
1773320797.79265594,0.03246711,6385,0.00055331,0.00000000,0,0.00000000,26674,26699,52,0.00091723
1773320797.89263105,0.01948710,6305,0.00025587,0.00000000,0,0.00000000,26699,26682,41,0.00308054
1773320797.99245596,0.02227718,6411,0.00018881,0.00000000,0,0.00000000,26682,26698,44,0.00279929
1773320798.09253955,0.01716774,6372,0.00014541,0.00000000,0,0.00000000,26698,26710,41,0.00256549
1773320798.19252586,0.02812736,6356,0.00052404,0.00000000,0,0.00000000,26710,26711,41,0.00092313
1773320798.29252124,0.03027964,6347,0.00036581,0.00000000,0,0.00000000,26711,26710,39,0.00248307
1773320798.39256120,0.02506925,6344,0.00042659,0.00000000,0,0.00000000,26710,26720,45,0.00100607
1773320798.49256277,0.02332958,6365,0.00053831,0.00000000,0,0.00000000,26720,26724,48,0.00101274
1773320798.59248829,0.03051642,6365,0.00054162,0.00000000,0,0.00000000,26724,26718,41,0.00289728
1773320798.69531894,0.02886081,6376,0.00024636,0.00000000,0,0.00000000,26718,26724,42,0.00228943
1773320798.79251194,0.01939131,6368,0.00012671,0.00000000,0,0.00000000,26724,26730,42,0.00230677
1773320798.89253306,0.01906272,6385,0.00019057,0.00000000,0,0.00000000,26730,26742,43,0.00210296
1773320798.99255419,0.01613066,6355,0.00016801,0.00000000,0,0.00000000,26742,26739,43,0.00299706
1773320799.09248304,0.03101632,6402,0.00088315,0.00000000,0,0.00000000,26739,26702,45,0.00301946
1773320799.19244766,0.03348598,6418,0.00041037,0.00000000,0,0.00000000,26702,26683,38,0.00113574
1773320799.29260111,0.02995247,6415,0.00054493,0.00000000,0,0.00000000,26683,26694,40,0.00093169
1773320799.39260149,0.03351018,6380,0.00061788,0.00000000,0,0.00000000,26694,26708,56,0.00128976
1773320799.49259901,0.03327281,6376,0.00063881,0.00000000,0,0.00000000,26708,26692,58,0.00149887
1773320799.59253359,0.03101072,6412,0.00049542,0.00000000,0,0.00000000,26692,26707,38,0.00173695
1773320799.69252491,0.02438490,6396,0.00016598,0.00000000,0,0.00000000,26707,26705,42,0.00174004
1773320799.79256916,0.03304404,6399,0.00056015,0.00000000,0,0.00000000,26705,26688,37,0.00230427
1773320799.89259839,0.01725372,6390,0.00013499,0.00000000,0,0.00000000,26688,26708,44,0.00223083
1773320799.99275541,0.01774090,6409,0.00009586,0.00000000,0,0.00000000,26708,26706,36,0.00332181
1773320800.09251356,0.02033725,6394,0.00055047,0.00000000,0,0.00000000,26706,26689,34,0.00258054
1773320800.19248962,0.03131636,6390,0.00053317,0.00000000,0,0.00000000,26689,26694,42,0.00282429
1773320800.29251504,0.02825429,6399,0.00058926,0.00000000,0,0.00000000,26694,26690,43,0.00099933
1773320800.39247179,0.02574819,6406,0.00088900,0.00000000,0,0.00000000,26690,26647,39,0.00150104
1773320800.49245739,0.02808546,6398,0.00038820,0.00000000,0,0.00000000,26647,26656,35,0.00123305
1773320800.59242558,0.03156978,6403,0.00039848,0.00000000,0,0.00000000,26656,26662,25,0.00105620
1773320800.69246984,0.03193630,6415,0.00045108,0.00000000,0,0.00000000,26662,26667,31,0.00283556
1773320800.79247308,0.03220029,6393,0.00050067,0.00000000,0,0.00000000,26667,26664,41,0.00162722
1773320800.89243984,0.02960775,6403,0.00046542,0.00000000,0,0.00000000,26664,26677,39,0.00258997
1773320800.99245358,0.03238566,6397,0.00033017,0.00000000,0,0.00000000,26677,26656,33,0.00460960
1773320801.09244370,0.02900631,6396,0.00046797,0.00000000,0,0.00000000,26656,26656,29,0.00367107
1773320801.19242191,0.02899147,6381,0.00064995,0.00000000,0,0.00000000,26656,26661,42,0.00264336
1773320801.29239225,0.03100207,6420,0.00086400,0.00000000,0,0.00000000,26661,26679,39,0.00230461
1773320801.39254475,0.03104968,6380,0.00051307,0.00000000,0,0.00000000,26679,26688,40,0.00263551
1773320801.49256229,0.02605112,6391,0.00046914,0.00000000,0,0.00000000,26688,26698,41,0.00345050
1773320801.59251046,0.02711412,6399,0.00014823,0.00000000,0,0.00000000,26698,26705,39,0.00274539
1773320801.69251585,0.03291103,6390,0.00069155,0.00000000,0,0.00000000,26705,26698,48,0.00341684
1773320801.79251075,0.02955426,6403,0.00014021,0.00000000,0,0.00000000,26698,26711,29,0.00380662
1773320801.89252043,0.01859282,6359,0.00017916,0.00000000,0,0.00000000,26711,26726,39,0.00257258
1773320801.99244928,0.01958984,6376,0.00017162,0.00000000,0,0.00000000,26726,26731,33,0.00311817
1773320802.09245849,0.01858405,6402,0.00010261,0.00000000,0,0.00000000,26731,26744,37,0.00323505
1773320802.19241166,0.02790790,6381,0.00059398,0.00000000,0,0.00000000,26744,26754,38,0.00379408
1773320802.29237986,0.02806615,6397,0.00051870,0.00000000,0,0.00000000,26754,26748,37,0.00083568
1773320802.39235783,0.03716142,6388,0.00042973,0.00000000,0,0.00000000,26748,26746,30,0.00125269
1773320802.49237919,0.03248096,6387,0.00040615,0.00000000,0,0.00000000,26746,26754,36,0.00094710
1773320802.59251022,0.03682337,6310,0.00055216,0.00000000,0,0.00000000,26754,26765,37,0.00273319
1773320802.69235945,0.02933790,6395,0.00028746,0.00000000,0,0.00000000,26765,26786,48,0.00295406
1773320802.79253173,0.04365685,6370,0.00091976,0.00000000,0,0.00000000,26786,26787,36,0.00339054
1773320802.89254284,0.02803275,6365,0.00057677,0.00000000,0,0.00000000,26787,26802,45,0.00130350
1773320802.99236441,0.02913253,6391,0.00031947,0.00000000,0,0.00000000,26802,26810,29,0.00353686
1773320803.09251189,0.01915911,6384,0.00020057,0.00000000,0,0.00000000,26810,26813,36,0.00355316
1773320803.19253612,0.01777502,6363,0.00015221,0.00000000,0,0.00000000,26813,26823,28,0.00318546
1773320803.29249716,0.02983332,6382,0.00041433,0.00000000,0,0.00000000,26823,26824,29,0.00229636
1773320803.39249086,0.03262189,6344,0.00014077,0.00000000,0,0.00000000,26824,26830,29,0.00122417
1773320803.49232578,0.03170866,6399,0.00048663,0.00000000,0,0.00000000,26830,26844,37,0.00122234
1773320803.59245968,0.03570617,6361,0.00058723,0.00000000,0,0.00000000,26844,26858,45,0.00083790
1773320803.69249272,0.03053511,6368,0.00034757,0.00000000,0,0.00000000,26858,26809,38,0.00259563
1773320803.79244828,0.01952752,6362,0.00022088,0.00000000,0,0.00000000,26809,26811,45,0.00286924
1773320803.89242315,0.02163083,6381,0.00019596,0.00000000,0,0.00000000,26811,26827,38,0.00279119
1773320803.99244165,0.01884265,6349,0.00017325,0.00000000,0,0.00000000,26827,26838,42,0.00250005
1773320804.09244156,0.01770251,6357,0.00026949,0.00000000,0,0.00000000,26838,26848,40,0.00297680
1773320804.19241500,0.02980254,6361,0.00031352,0.00000000,0,0.00000000,26848,26855,31,0.00152178
1773320804.29241991,0.07825603,6344,0.00035568,0.00000000,0,0.00000000,26855,26857,42,0.00153891
1773320804.39236593,0.03887341,6357,0.00061268,0.00000000,0,0.00000000,26857,26844,41,0.00132853
1773320804.49232364,0.04370185,6392,0.00014397,0.00000000,0,0.00000000,26844,26851,32,0.00084051
1773320804.59242344,0.03784336,6339,0.00058038,0.00000000,0,0.00000000,26851,26852,40,0.00254047
1773320804.69229984,0.03069197,6387,0.00025760,0.00000000,0,0.00000000,26852,26865,39,0.00650217
1773320804.79253078,0.03179162,6331,0.00044246,0.00000000,0,0.00000000,26865,26840,25,0.00859313
1773320804.89249468,0.01904627,6346,0.00011463,0.00000000,0,0.00000000,26840,26849,28,0.00332438
1773320804.99248433,0.01830977,6368,0.00008495,0.00000000,0,0.00000000,26849,26860,40,0.00340817
1773320805.09243488,0.02077980,6346,0.00035733,0.00000000,0,0.00000000,26860,26870,37,0.00315960
1773320805.19252849,0.02242779,6342,0.00043534,0.00000000,0,0.00000000,26870,26871,36,0.00115430
1773320805.29239607,0.03070924,6350,0.00044023,0.00000000,0,0.00000000,26871,26864,35,0.00082349
1773320805.39242291,0.02186857,6359,0.00030417,0.00000000,0,0.00000000,26864,26861,28,0.00102149
1773320805.49255919,0.02887971,6335,0.00057770,0.00000000,0,0.00000000,26861,26875,44,0.00086973
1773320805.59232306,0.02820361,6319,0.00094910,0.00000000,0,0.00000000,26875,26873,34,0.00089102
1773320805.69233632,0.04477729,6345,0.00023619,0.00000000,0,0.00000000,26873,26891,46,0.00103301
1773320805.79236412,0.03135787,6307,0.00025178,0.00000000,0,0.00000000,26891,26889,45,0.00074639
1773320805.89230895,0.01900162,6336,0.00023738,0.00000000,0,0.00000000,26889,26848,50,0.00177079
1773320805.99225712,0.01810948,6306,0.00016289,0.00000000,0,0.00000000,26848,26868,49,0.00227571
1773320806.09227586,0.02989428,6342,0.00048623,0.00000000,0,0.00000000,26868,26867,43,0.00166441
1773320806.19225836,0.02951866,6387,0.00040683,0.00000000,0,0.00000000,26867,26877,40,0.00213365
1773320806.29240084,0.03269344,6377,0.00047912,0.00000000,0,0.00000000,26877,26864,40,0.00156634
1773320806.39242148,0.03223878,6330,0.00045277,0.00000000,0,0.00000000,26864,26872,33,0.00089516
1773320806.49242067,0.02862958,6337,0.00053354,0.00000000,0,0.00000000,26872,26885,44,0.00218309
1773320806.59234095,0.03454226,6340,0.00055115,0.00000000,0,0.00000000,26885,26862,44,0.00145846
1773320806.69242883,0.02697727,6333,0.00029795,0.00000000,0,0.00000000,26862,26860,40,0.00235127
1773320806.79243016,0.02804948,6327,0.00044877,0.00000000,0,0.00000000,26860,26857,32,0.00165503
1773320806.89236689,0.01965089,6340,0.00022174,0.00000000,0,0.00000000,26857,26867,53,0.00233742
1773320806.99239731,0.01694224,6316,0.00014958,0.00000000,0,0.00000000,26867,26870,53,0.00386335
1773320807.09222484,0.02950024,6366,0.00077853,0.00000000,0,0.00000000,26870,26863,62,0.00130667
1773320807.19239521,0.03267245,6326,0.00052165,0.00000000,0,0.00000000,26863,26867,41,0.00119898
1773320807.29237843,0.03582827,6324,0.00019862,0.00000000,0,0.00000000,26867,26870,43,0.00136770
1773320807.39243484,0.03570343,6338,0.00036856,0.00000000,0,0.00000000,26870,26881,48,0.00084250
1773320807.49226165,0.02715172,6343,0.00059335,0.00000000,0,0.00000000,26881,26891,46,0.00175526
1773320807.59223485,0.03586782,6325,0.00093579,0.00000000,0,0.00000000,26891,26908,59,0.00276288
1773320807.69227362,0.03476194,6330,0.00025241,0.00000000,0,0.00000000,26908,26907,53,0.00246617
1773320807.79224324,0.04040240,6364,0.00071945,0.00000000,0,0.00000000,26907,26897,37,0.00281770
1773320807.89227343,0.02480398,6346,0.00065189,0.00000000,0,0.00000000,26897,26910,50,0.00209366
1773320807.99228239,0.02235204,6279,0.00056014,0.00000000,0,0.00000000,26910,26915,42,0.00444470
1773320808.09220052,0.02472144,6314,0.00025694,0.00000000,0,0.00000000,26915,26905,50,0.00361275
1773320808.19219279,0.01977992,6311,0.00020478,0.00000000,0,0.00000000,26905,26887,47,0.00224393
1773320808.29222941,0.02844770,6320,0.00039873,0.00000000,0,0.00000000,26887,26882,47,0.00112027
1773320808.39218354,0.03269641,6313,0.00058064,0.00000000,0,0.00000000,26882,26882,56,0.00163892
1773320808.49216032,0.03251590,6375,0.00071302,0.00000000,0,0.00000000,26882,26883,50,0.00271205
1773320808.59231567,0.04466587,6327,0.00181451,0.00000000,0,0.00000000,26883,26843,59,0.00142891
1773320808.69233584,0.02877534,6300,0.00067958,0.00000000,0,0.00000000,26843,26859,55,0.00272346
1773320808.79230428,0.03311029,6326,0.00019563,0.00000000,0,0.00000000,26859,26858,48,0.00178277
1773320808.89229107,0.02234296,6339,0.00014857,0.00000000,0,0.00000000,26858,26866,43,0.00338278
1773320808.99231672,0.02564674,6311,0.00034136,0.00000000,0,0.00000000,26866,26876,55,0.00328883
1773320809.09229374,0.03687775,6305,0.00048014,0.00000000,0,0.00000000,26876,26890,52,0.00183095
1773320809.19231129,0.03705656,6319,0.00027939,0.00000000,0,0.00000000,26890,26893,56,0.00333609
1773320809.29228354,0.03694661,6337,0.00061460,0.00000000,0,0.00000000,26893,26896,57,0.00154412
1773320809.39234114,0.03391817,6324,0.00034338,0.00000000,0,0.00000000,26896,26903,38,0.00085065
1773320809.49241519,0.03484315,6329,0.00034381,0.00000000,0,0.00000000,26903,26923,51,0.00246062
1773320809.59227991,0.04272126,6313,0.00076745,0.00000000,0,0.00000000,26923,26943,56,0.00179366
1773320809.69222546,0.03169846,6345,0.00067739,0.00000000,0,0.00000000,26943,26939,68,0.00295172
1773320809.79227734,0.03602270,6320,0.00023545,0.00000000,0,0.00000000,26939,26958,57,0.00220727
1773320809.89226270,0.01945368,6338,0.00018004,0.00000000,0,0.00000000,26958,26965,56,0.00184251
1773320809.99225259,0.02948692,6325,0.00050770,0.00000000,0,0.00000000,26965,26978,68,0.00179060
1773320810.09234285,0.03276648,6336,0.00063430,0.00000000,0,0.00000000,26978,26973,55,0.00312064
1773320810.19224572,0.03128047,6322,0.00015296,0.00000000,0,0.00000000,26973,26989,49,0.00244290
1773320810.29226828,0.03522325,6279,0.00081723,0.00000000,0,0.00000000,26989,26987,54,0.00090533
1773320810.39222193,0.04021234,6278,0.00074031,0.00000000,0,0.00000000,26987,26996,55,0.00091586
1773320810.49228430,0.03894367,6274,0.00057412,0.00000000,0,0.00000000,26996,26995,46,0.00246624
1773320810.59217334,0.03462619,6269,0.00057241,0.00000000,0,0.00000000,26995,27001,54,0.00194507
1773320810.69227219,0.03318069,6223,0.00024463,0.00000000,0,0.00000000,27001,27005,62,0.00193879
1773320810.79216766,0.01985754,6275,0.00042439,0.00000000,0,0.00000000,27005,27025,68,0.00278317
1773320810.89211798,0.02240397,6275,0.00032779,0.00000000,0,0.00000000,27025,27041,68,0.00182063
1773320810.99230075,0.02743297,6223,0.00025954,0.00000000,0,0.00000000,27041,27053,53,0.00374304
1773320811.09212136,0.02353852,6225,0.00040205,0.00000000,0,0.00000000,27053,27058,52,0.00190987
1773320811.19209838,0.04085675,6246,0.00049119,0.00000000,0,0.00000000,27058,27081,57,0.00091796
1773320811.29210806,0.03977126,6234,0.00144022,0.00000000,0,0.00000000,27081,27076,78,0.00093315
1773320811.39212680,0.04258326,6237,0.00058587,0.00000000,0,0.00000000,27076,27093,45,0.00090525
1773320811.49210882,0.03938018,6208,0.00073288,0.00000000,0,0.00000000,27093,27102,52,0.00086733
1773320811.59209585,0.04363114,6191,0.00086611,0.00000000,0,0.00000000,27102,27124,70,0.00191297
1773320811.69219971,0.03302435,6228,0.00028368,0.00000000,0,0.00000000,27124,27126,74,0.00171685
1773320811.79216361,0.02669337,6205,0.00074345,0.00000000,0,0.00000000,27126,27142,76,0.00134463
1773320811.89215159,0.02256031,6221,0.00038125,0.00000000,0,0.00000000,27142,27146,65,0.00193678
1773320811.99212074,0.02990175,6217,0.00073490,0.00000000,0,0.00000000,27146,27164,64,0.00294177
1773320812.09216332,0.02020139,6214,0.00013891,0.00000000,0,0.00000000,27164,27166,48,0.00319005
1773320812.19214535,0.04371407,6236,0.00082953,0.00000000,0,0.00000000,27166,27183,70,0.00130596
1773320812.29215741,0.03956385,6167,0.00078616,0.00000000,0,0.00000000,27183,27187,61,0.00168813
1773320812.39220095,0.04842601,6216,0.00072922,0.00000000,0,0.00000000,27187,27199,58,0.00098805
1773320812.49224806,0.04427621,6221,0.00102713,0.00000000,0,0.00000000,27199,27220,74,0.00083085
1773320812.59222937,0.06802811,6209,0.00121012,0.00000000,0,0.00000000,27220,27226,52,0.00169566
1773320812.69226098,0.05700658,6240,0.00083002,0.00000000,0,0.00000000,27226,27217,78,0.00117467
1773320812.79224515,0.05662473,6174,0.00179901,0.00000000,0,0.00000000,27217,27226,62,0.00263816
1773320812.89205837,0.03467466,6218,0.00038040,0.00000000,0,0.00000000,27226,27234,63,0.00344288
1773320812.99210262,0.05521025,6204,0.00054641,0.00000000,0,0.00000000,27234,27230,61,0.00482505
1773320813.09203434,0.03093891,6214,0.00040564,0.00000000,0,0.00000000,27230,27247,60,0.00399749
1773320813.19209504,0.02430192,6185,0.00033254,0.00000000,0,0.00000000,27247,27256,54,0.00200324
1773320813.29224300,0.03781962,6221,0.00046837,0.00000000,0,0.00000000,27256,27265,51,0.00213817
1773320813.39218020,0.04050406,6210,0.00031638,0.00000000,0,0.00000000,27265,27274,49,0.00426834
1773320813.49216890,0.03750583,6167,0.00071786,0.00000000,0,0.00000000,27274,27278,48,0.00120936
1773320813.59218860,0.04509907,6156,0.00093342,0.00000000,0,0.00000000,27278,27289,56,0.00178530
1773320813.69205117,0.03454328,6186,0.00067705,0.00000000,0,0.00000000,27289,27305,45,0.00129824
1773320813.79207754,0.04232660,6208,0.00032373,0.00000000,0,0.00000000,27305,27320,60,0.00376068
1773320813.89209175,0.02278436,6203,0.00033856,0.00000000,0,0.00000000,27320,27330,54,0.00281236
1773320813.99209166,0.02192826,6173,0.00020593,0.00000000,0,0.00000000,27330,27346,44,0.00350342
1773320814.09204268,0.04592169,6193,0.00063654,0.00000000,0,0.00000000,27346,27357,68,0.00445511
1773320814.19219112,0.03626743,6150,0.00045770,0.00000000,0,0.00000000,27357,27371,48,0.00360315
1773320814.29203987,0.04566798,6214,0.00060622,0.00000000,0,0.00000000,27371,27384,54,0.00124011
1773320814.39214277,0.03635815,6174,0.00067985,0.00000000,0,0.00000000,27384,27402,61,0.00260946
1773320814.49209833,0.03971738,6176,0.00047803,0.00000000,0,0.00000000,27402,27409,35,0.00166732
1773320814.59205580,0.04913921,6186,0.00087809,0.00000000,0,0.00000000,27409,27396,49,0.00103991
1773320814.69219851,0.02902887,6220,0.00021590,0.00000000,0,0.00000000,27396,27400,43,0.00182404
1773320814.79217243,0.02483205,6192,0.00030984,0.00000000,0,0.00000000,27400,27418,42,0.00219367
1773320814.89219284,0.04518771,6188,0.00026862,0.00000000,0,0.00000000,27418,27443,58,0.00099744
1773320814.99210811,0.03307955,6238,0.00030613,0.00000000,0,0.00000000,27443,27441,64,0.00293310
1773320815.09199977,0.02446411,6261,0.00031247,0.00000000,0,0.00000000,27441,27454,59,0.00183288
1773320815.19199467,0.04250165,6215,0.00061011,0.00000000,0,0.00000000,27454,27466,52,0.00168769
1773320815.29205680,0.04611429,6196,0.00026137,0.00000000,0,0.00000000,27466,27454,49,0.00270929
1773320815.39202976,0.04032335,6210,0.00032677,0.00000000,0,0.00000000,27454,27443,50,0.00195767
1773320815.49205351,0.04250594,6221,0.00031173,0.00000000,0,0.00000000,27443,27407,58,0.00080226
1773320815.59205461,0.03507892,6203,0.00083755,0.00000000,0,0.00000000,27407,27412,56,0.00303517
1773320815.69213200,0.03076687,6220,0.00019739,0.00000000,0,0.00000000,27412,27409,47,0.00168746
1773320815.79211307,0.02229355,6245,0.00051250,0.00000000,0,0.00000000,27409,27396,58,0.00190916
1773320815.89208293,0.02161825,6249,0.00026611,0.00000000,0,0.00000000,27396,27406,52,0.00224722
1773320815.99210072,0.02692478,6233,0.00044268,0.00000000,0,0.00000000,27406,27432,59,0.00268617
1773320816.09221506,0.02440791,6266,0.00020546,0.00000000,0,0.00000000,27432,27446,31,0.00320913
1773320816.19213557,0.04193525,6236,0.00060890,0.00000000,0,0.00000000,27446,27460,53,0.00096284
1773320816.29210114,0.04944867,6233,0.00661983,0.00000000,0,0.00000000,27460,27478,55,0.00090880
1773320816.39218426,0.03586386,6231,0.00033906,0.00000000,0,0.00000000,22966,22992,46,0.00193424
1773320816.49203205,0.03151257,6257,0.00043154,0.00000000,0,0.00000000,22992,23013,56,0.00118436
1773320816.59195161,0.03915576,6247,0.00043541,0.00000000,0,0.00000000,23013,23037,55,0.00189768
1773320816.69196701,0.03585735,6255,0.00039998,0.00000000,0,0.00000000,23037,23056,49,0.00199804
1773320816.79194546,0.02976196,6263,0.00047744,0.00000000,0,0.00000000,23056,23076,48,0.00185440
1773320816.89198947,0.02636978,6275,0.00055031,0.00000000,0,0.00000000,23076,23102,50,0.00249041
1773320816.99234200,0.02624788,6275,0.00068434,0.00000000,0,0.00000000,23102,23120,53,0.00209213
1773320817.09201717,0.02108572,6277,0.00019320,0.00000000,0,0.00000000,23120,23142,48,0.00289676
1773320817.19204855,0.03275667,6262,0.00022558,0.00000000,0,0.00000000,23142,23161,54,0.00205073
1773320817.29204679,0.03944279,6272,0.00021941,0.00000000,0,0.00000000,23161,23178,55,0.00084909
1773320817.39214039,0.04841562,6246,0.00058816,0.00000000,0,0.00000000,23178,23204,56,0.00106510
1773320817.49209714,0.04019486,6292,0.00069830,0.00000000,0,0.00000000,23204,23226,63,0.00081408
1773320817.59206533,0.04539489,6263,0.00034082,0.00000000,0,0.00000000,23226,23240,40,0.00297525
1773320817.69197655,0.03863569,6279,0.00049493,0.00000000,0,0.00000000,23240,23255,58,0.00224410
1773320817.79195881,0.04625341,6251,0.00058299,0.00000000,0,0.00000000,23255,23271,49,0.00106666
1773320817.89198303,0.04542647,6267,0.00050286,0.00000000,0,0.00000000,23271,23294,64,0.00259879
1773320817.99200702,0.03551782,6274,0.00020499,0.00000000,0,0.00000000,23294,23293,55,0.00364569
1773320818.09201074,0.02402326,6292,0.00023057,0.00000000,0,0.00000000,23293,23305,42,0.00364610
1773320818.19213986,0.02273113,6262,0.00034708,0.00000000,0,0.00000000,23305,23329,58,0.00295133
1773320818.29208732,0.03208148,6316,0.00039979,0.00000000,0,0.00000000,23329,23355,52,0.00363842
1773320818.39209390,0.03578673,6281,0.00047842,0.00000000,0,0.00000000,23355,23373,60,0.00419107
1773320818.49203563,0.03801328,6261,0.00050772,0.00000000,0,0.00000000,23373,23391,58,0.00143321
1773320818.59197021,0.03107772,6278,0.00032622,0.00000000,0,0.00000000,23391,23408,41,0.00163205
1773320818.69192600,0.03704921,6271,0.00048301,0.00000000,0,0.00000000,23408,23424,46,0.00277704
1773320818.79191399,0.02085696,6289,0.00016094,0.00000000,0,0.00000000,23424,23442,52,0.00102474
1773320818.89196587,0.02693653,6292,0.00013638,0.00000000,0,0.00000000,23442,23465,47,0.00085852
1773320818.99199414,0.02522456,6309,0.00017874,0.00000000,0,0.00000000,23465,23471,52,0.00432841
1773320819.09204030,0.02247932,6284,0.00019376,0.00000000,0,0.00000000,23471,23479,50,0.00356007
1773320819.19228387,0.02935871,6240,0.00064022,0.00000000,0,0.00000000,23479,23511,68,0.00198621
1773320819.29189920,0.02630855,6289,0.00043610,0.00000000,0,0.00000000,23511,23544,66,0.00208079
1773320819.39191675,0.03267821,6282,0.00057089,0.00000000,0,0.00000000,23544,23573,60,0.00103164
1773320819.49190378,0.03502153,6260,0.00034722,0.00000000,0,0.00000000,23573,23587,60,0.00092573
1773320819.59187627,0.04099589,6299,0.00064229,0.00000000,0,0.00000000,23587,23591,60,0.00158940
1773320819.69190574,0.02868919,6277,0.00021403,0.00000000,0,0.00000000,23591,23624,81,0.00178948
1773320819.79191375,0.02450011,6256,0.00047081,0.00000000,0,0.00000000,23624,23648,62,0.00307684
1773320819.89193559,0.02586531,6238,0.00015750,0.00000000,0,0.00000000,23648,23676,53,0.00221888
1773320819.99195552,0.02530324,6288,0.00020817,0.00000000,0,0.00000000,23676,23697,46,0.00263524
1773320820.09190702,0.02171487,6260,0.00036227,0.00000000,0,0.00000000,23697,23717,68,0.00341021
1773320820.19193864,0.03170678,6285,0.00053790,0.00000000,0,0.00000000,23717,23736,59,0.00124487
1773320820.29196215,0.02926910,6289,0.00019447,0.00000000,0,0.00000000,23736,23761,50,0.00126151
1773320820.39201140,0.03310964,6270,0.00023691,0.00000000,0,0.00000000,23761,23784,52,0.00172644
1773320820.49201512,0.03369516,6293,0.00019708,0.00000000,0,0.00000000,23784,23801,48,0.00137835
1773320820.59198284,0.03250344,6289,0.00069328,0.00000000,0,0.00000000,23801,23822,61,0.00187257
1773320820.69200516,0.03782445,6238,0.00017262,0.00000000,0,0.00000000,23822,23837,49,0.00226328
1773320820.79186893,0.03362552,6327,0.00040492,0.00000000,0,0.00000000,23837,23855,47,0.00176378
1773320820.89200783,0.02153932,6259,0.00064893,0.00000000,0,0.00000000,23855,23866,47,0.00225251
1773320820.99191785,0.02185772,6277,0.00019437,0.00000000,0,0.00000000,23866,23881,52,0.00240738
1773320821.09190512,0.02876623,6290,0.00059612,0.00000000,0,0.00000000,23881,23861,62,0.00212734
1773320821.19187665,0.03115908,6315,0.00026670,0.00000000,0,0.00000000,23861,23883,49,0.00098415
1773320821.29192758,0.03083294,6281,0.00041123,0.00000000,0,0.00000000,23883,23892,53,0.00079369
1773320821.39189959,0.03401383,6306,0.00054568,0.00000000,0,0.00000000,23892,23916,58,0.00083546
1773320821.49189591,0.03277395,6337,0.00037022,0.00000000,0,0.00000000,23916,23934,43,0.00112201
1773320821.59187078,0.04243496,6317,0.00058939,0.00000000,0,0.00000000,23934,23949,45,0.00186138
1773320821.69192576,0.02635528,6317,0.00046473,0.00000000,0,0.00000000,23949,23971,55,0.00200012
1773320821.79191780,0.03010807,6315,0.00036182,0.00000000,0,0.00000000,23971,23997,60,0.00191034
1773320821.89194345,0.02085216,6337,0.00017313,0.00000000,0,0.00000000,23997,24016,48,0.00110450
1773320821.99194789,0.02342557,6318,0.00018585,0.00000000,0,0.00000000,24016,24031,47,0.00411831
1773320822.09195995,0.03458178,6320,0.00059705,0.00000000,0,0.00000000,24031,24062,64,0.00342326
1773320822.19196534,0.03180486,6326,0.00044021,0.00000000,0,0.00000000,24062,24088,58,0.00267945
1773320822.29193783,0.02821638,6297,0.00033811,0.00000000,0,0.00000000,24088,24105,40,0.00091839
1773320822.39193702,0.03385810,6342,0.00050724,0.00000000,0,0.00000000,24105,24116,45,0.00161325
1773320822.49193525,0.03200301,6333,0.00050167,0.00000000,0,0.00000000,24116,24143,56,0.00208454
1773320822.59186482,0.04221048,6346,0.00045030,0.00000000,0,0.00000000,24143,24169,46,0.00078140
1773320822.69191813,0.03584160,6356,0.00021187,0.00000000,0,0.00000000,24169,24180,50,0.00091254
1773320822.79192448,0.02201734,6342,0.00028634,0.00000000,0,0.00000000,24180,24190,47,0.00167688
1773320822.89194155,0.03228633,6322,0.00026164,0.00000000,0,0.00000000,24190,24207,59,0.00295915
1773320822.99191284,0.02464753,6321,0.00025194,0.00000000,0,0.00000000,24207,24218,51,0.00296061
1773320823.09194827,0.02217327,6348,0.00025180,0.00000000,0,0.00000000,24218,24216,46,0.00203929
1773320823.19191527,0.01659306,6356,0.00017011,0.00000000,0,0.00000000,24216,24240,63,0.00100774
1773320823.29200315,0.03632300,6337,0.00080173,0.00000000,0,0.00000000,24240,24237,51,0.00322715
1773320823.39199686,0.03419905,6344,0.00044409,0.00000000,0,0.00000000,24237,24261,49,0.00138628
1773320823.49199009,0.03339120,6310,0.00063312,0.00000000,0,0.00000000,24261,24273,53,0.00078167
1773320823.59197640,0.03384539,6321,0.00047348,0.00000000,0,0.00000000,24273,24277,45,0.00078604
1773320823.69183660,0.02905790,6364,0.00013412,0.00000000,0,0.00000000,24277,24295,42,0.00301184
1773320823.79202271,0.02227063,6311,0.00017095,0.00000000,0,0.00000000,24295,24305,45,0.00299109
1773320823.89201689,0.02146996,6330,0.00018656,0.00000000,0,0.00000000,24305,24322,55,0.00207987
1773320823.99199390,0.02005619,6337,0.00021400,0.00000000,0,0.00000000,24322,24332,43,0.00158826
1773320824.09204459,0.02177416,6294,0.00031647,0.00000000,0,0.00000000,24332,24344,47,0.00485558
1773320824.19188023,0.03467763,6312,0.00022274,0.00000000,0,0.00000000,24344,24361,45,0.00095920
1773320824.29188251,0.03939777,6315,0.00047059,0.00000000,0,0.00000000,24361,24372,54,0.00077037
1773320824.39191246,0.03404172,6319,0.00047344,0.00000000,0,0.00000000,24372,24382,50,0.00350120
1773320824.49193978,0.03388859,6322,0.00036645,0.00000000,0,0.00000000,24382,24402,48,0.00168833
1773320824.59192586,0.03868217,6271,0.00016754,0.00000000,0,0.00000000,24402,24420,46,0.00271737
1773320824.69197083,0.04366412,6294,0.00067216,0.00000000,0,0.00000000,24420,24430,50,0.00078786
1773320824.79190516,0.03363257,6322,0.00047392,0.00000000,0,0.00000000,24430,24431,44,0.00262520
1773320824.89204240,0.03080997,6239,0.00019014,0.00000000,0,0.00000000,24431,24436,45,0.00191761
1773320824.99177313,0.02271133,6338,0.00021000,0.00000000,0,0.00000000,24436,24444,35,0.00194830
1773320825.09199238,0.02324066,6282,0.00023135,0.00000000,0,0.00000000,24444,24461,57,0.00193466
1773320825.19183993,0.03585423,6343,0.00037934,0.00000000,0,0.00000000,24461,24471,42,0.00347611
1773320825.29200172,0.03542816,6292,0.00044207,0.00000000,0,0.00000000,24471,24480,40,0.00199713
1773320825.39200449,0.03579455,6252,0.00045786,0.00000000,0,0.00000000,24480,24480,45,0.00127611
1773320825.49184370,0.03592454,6293,0.00043784,0.00000000,0,0.00000000,24480,24489,57,0.00164097
1773320825.59197879,0.03804562,6272,0.00032148,0.00000000,0,0.00000000,24489,24504,38,0.00200807
1773320825.69180822,0.04975324,6287,0.00067439,0.00000000,0,0.00000000,24504,24511,39,0.00213901
1773320825.79185796,0.03810747,6281,0.00041535,0.00000000,0,0.00000000,24511,24530,45,0.00204216
1773320825.89188123,0.02426109,6292,0.00016941,0.00000000,0,0.00000000,24530,24540,41,0.00424225
1773320825.99200773,0.02538623,6246,0.00036369,0.00000000,0,0.00000000,24540,24557,49,0.00247228
1773320826.09185386,0.02057970,6266,0.00021747,0.00000000,0,0.00000000,24557,24569,52,0.00240435
1773320826.19187665,0.03812136,6287,0.00040004,0.00000000,0,0.00000000,24569,24588,54,0.00255018
1773320826.29188132,0.03341366,6244,0.00039625,0.00000000,0,0.00000000,24588,24597,50,0.00381128
1773320826.39184475,0.03441591,6287,0.00051652,0.00000000,0,0.00000000,24597,24591,52,0.00150604
1773320826.49187493,0.03096993,6273,0.00015464,0.00000000,0,0.00000000,24591,24596,37,0.00102743
1773320826.59180570,0.03957872,6262,0.00044972,0.00000000,0,0.00000000,24596,24604,42,0.00308060
1773320826.69202638,0.04136065,6244,0.00022309,0.00000000,0,0.00000000,24604,24594,43,0.00161914
1773320826.79188156,0.02486792,6263,0.00030654,0.00000000,0,0.00000000,24594,24600,63,0.00307716
1773320826.89189959,0.04234540,6287,0.00022391,0.00000000,0,0.00000000,24600,24592,41,0.00313234
1773320826.99191952,0.06039667,6277,0.00025755,0.00000000,0,0.00000000,24592,24590,42,0.00556273
1773320827.09192801,0.03744559,6286,0.00032692,0.00000000,0,0.00000000,24590,24584,42,0.00289752
1773320827.19191241,0.02279022,6290,0.00013557,0.00000000,0,0.00000000,24584,24590,41,0.00182853
1773320827.29194212,0.04081149,6296,0.00043012,0.00000000,0,0.00000000,24590,24594,46,0.00328470
1773320827.39195371,0.04305238,6249,0.00020451,0.00000000,0,0.00000000,24594,24581,45,0.00232470
1773320827.49177790,0.04813659,6335,0.00044947,0.00000000,0,0.00000000,24581,24590,39,0.00135134
1773320827.59241915,0.05584881,6260,0.00066736,0.00000000,0,0.00000000,24590,24591,37,0.00130243
1773320827.69203949,0.05148975,6249,0.00045267,0.00000000,0,0.00000000,24591,24595,49,0.00241367
1773320827.79190040,0.03204193,6264,0.00033510,0.00000000,0,0.00000000,24595,24617,47,0.00331062
1773320827.89186692,0.02457810,6248,0.00025923,0.00000000,0,0.00000000,24617,24630,38,0.00249137
1773320827.99182224,0.03220063,6281,0.00018740,0.00000000,0,0.00000000,24630,24629,39,0.00373838
1773320828.09184361,0.02331283,6311,0.00017702,0.00000000,0,0.00000000,24629,24637,53,0.00292690
1773320828.19197845,0.02455007,6243,0.00009287,0.00000000,0,0.00000000,24637,24640,35,0.00337527
1773320828.29181767,0.03703600,6278,0.00031293,0.00000000,0,0.00000000,24640,24645,30,0.00167271
1773320828.39186764,0.03778340,6288,0.00021270,0.00000000,0,0.00000000,24645,24652,43,0.00127496
1773320828.49185324,0.03745026,6315,0.00044066,0.00000000,0,0.00000000,24652,24666,40,0.00121208
1773320828.59252501,0.03506003,6268,0.00043257,0.00000000,0,0.00000000,24666,24651,40,0.00169576
1773320828.69235420,0.04496823,6271,0.00020433,0.00000000,0,0.00000000,24651,24666,59,0.00308315
1773320828.79239345,0.03029147,6257,0.00062886,0.00000000,0,0.00000000,24666,24665,61,0.00241103
1773320828.89238477,0.02386405,6239,0.00012917,0.00000000,0,0.00000000,24665,24669,36,0.00103147
1773320828.99181652,0.02337512,6267,0.00012243,0.00000000,0,0.00000000,24669,24686,43,0.00393441
1773320829.09197545,0.02414450,6237,0.00046068,0.00000000,0,0.00000000,24686,24679,42,0.00388753
1773320829.19201040,0.03223581,6266,0.00011759,0.00000000,0,0.00000000,24679,24699,49,0.00079495
1773320829.29211307,0.03339855,6236,0.00038459,0.00000000,0,0.00000000,24699,24712,47,0.00082034
1773320829.39200687,0.02982665,6208,0.00043171,0.00000000,0,0.00000000,24712,24722,50,0.00174508
1773320829.49198532,0.03725587,6256,0.00093091,0.00000000,0,0.00000000,24722,24733,71,0.00164217
1773320829.59237051,0.03608935,6260,0.00013313,0.00000000,0,0.00000000,24733,24744,41,0.00190430
1773320829.69204092,0.04299428,6220,0.00059806,0.00000000,0,0.00000000,24744,24757,53,0.00257541
1773320829.79204917,0.03665290,6204,0.00049351,0.00000000,0,0.00000000,24757,24774,47,0.00201778
1773320829.89182973,0.02479753,6269,0.00017828,0.00000000,0,0.00000000,24774,24790,48,0.00198446
1773320829.99187160,0.02669180,6238,0.00017174,0.00000000,0,0.00000000,24790,24797,54,0.00214145
1773320830.09193873,0.02339662,6237,0.00011446,0.00000000,0,0.00000000,24797,24814,49,0.00164152
1773320830.19194341,0.03758894,6244,0.00042245,0.00000000,0,0.00000000,24814,24824,57,0.00259574
1773320830.29197359,0.03373407,6253,0.00021257,0.00000000,0,0.00000000,24824,24835,43,0.00097839
1773320830.39202571,0.03787982,6246,0.00020211,0.00000000,0,0.00000000,24835,24844,48,0.00100003
1773320830.49235964,0.03809556,6221,0.00049127,0.00000000,0,0.00000000,24844,24846,51,0.00079048
1773320830.59244084,0.03926350,6200,0.00061908,0.00000000,0,0.00000000,24846,24842,58,0.00244765
1773320830.69187593,0.02951782,6212,0.00015374,0.00000000,0,0.00000000,24842,24846,47,0.00191847
1773320830.79220271,0.02770995,6228,0.00089430,0.00000000,0,0.00000000,24846,24828,78,0.00298169
1773320830.89191985,0.01781620,6207,0.00021730,0.00000000,0,0.00000000,24828,24836,67,0.00319414
1773320830.99237061,0.02336394,6225,0.00057672,0.00000000,0,0.00000000,24836,24843,60,0.00273833
1773320831.09234786,0.02044190,6189,0.00021072,0.00000000,0,0.00000000,24843,24852,61,0.00160454
1773320831.19236803,0.03354904,6224,0.00047808,0.00000000,0,0.00000000,24852,24856,58,0.00163478
1773320831.29233718,0.03345069,6179,0.00079816,0.00000000,0,0.00000000,24856,24867,57,0.00082300
1773320831.39193940,0.03441825,6186,0.00047548,0.00000000,0,0.00000000,24867,24877,58,0.00112376
1773320831.49197698,0.03893942,6196,0.00061669,0.00000000,0,0.00000000,24877,24890,63,0.00084457
1773320831.59236884,0.03628809,6197,0.00042528,0.00000000,0,0.00000000,24890,24901,75,0.00316135
1773320831.69262218,0.04081113,6208,0.00056191,0.00000000,0,0.00000000,24901,24907,55,0.00301175
1773320831.79185176,0.02964030,6211,0.00034612,0.00000000,0,0.00000000,24907,24927,73,0.00326921
1773320831.89194870,0.02928492,6214,0.00030416,0.00000000,0,0.00000000,24927,24932,79,0.00216435
1773320831.99230981,0.02359231,6246,0.00017164,0.00000000,0,0.00000000,24932,24944,62,0.00382437
1773320832.09234262,0.02284727,6236,0.00016475,0.00000000,0,0.00000000,24944,24952,55,0.00341271
1773320832.19241500,0.02366466,6212,0.00025245,0.00000000,0,0.00000000,24952,24967,55,0.00198088
1773320832.29187894,0.05459783,6227,0.00073531,0.00000000,0,0.00000000,24967,24983,58,0.00317015
1773320832.39188671,0.04210116,6228,0.00057857,0.00000000,0,0.00000000,24983,25007,62,0.00126402
1773320832.49233842,0.04721366,6218,0.00081485,0.00000000,0,0.00000000,25007,25004,69,0.00084806
1773320832.59237599,0.05443576,6244,0.00027320,0.00000000,0,0.00000000,25004,25013,59,0.00076812
1773320832.69228101,0.05748731,6235,0.00019195,0.00000000,0,0.00000000,25013,25018,60,0.00605937
1773320832.79236102,0.02525413,6173,0.00026732,0.00000000,0,0.00000000,25018,25040,62,0.00274814
1773320832.89196181,0.03190303,6212,0.00064190,0.00000000,0,0.00000000,25040,25051,63,0.00299448
1773320832.99228883,0.04974376,6245,0.00037345,0.00000000,0,0.00000000,25051,25029,61,0.00381102
1773320833.09228110,0.02622869,6222,0.00023795,0.00000000,0,0.00000000,25029,25038,53,0.00384022
1773320833.19228148,0.02474306,6218,0.00024585,0.00000000,0,0.00000000,25038,25048,68,0.00279120
1773320833.29231548,0.02392053,6251,0.00029805,0.00000000,0,0.00000000,25048,25065,53,0.00128706
1773320833.39235377,0.04057059,6202,0.00058373,0.00000000,0,0.00000000,25065,25077,63,0.00357037
1773320833.49243236,0.03826426,6207,0.00070985,0.00000000,0,0.00000000,25077,25084,68,0.00144198
1773320833.59179592,0.04390101,6241,0.00077828,0.00000000,0,0.00000000,25084,25091,51,0.00164417
1773320833.69165468,0.02438554,6249,0.00036320,0.00000000,0,0.00000000,25091,25095,72,0.00084062
1773320833.79226375,0.02370864,6251,0.00033310,0.00000000,0,0.00000000,25095,25089,62,0.00218936
1773320833.89233994,0.02805831,6233,0.00016022,0.00000000,0,0.00000000,25089,25110,55,0.00241904
1773320833.99229527,0.02623945,6225,0.00015780,0.00000000,0,0.00000000,25110,25119,52,0.00336481
1773320834.09228015,0.02332319,6207,0.00027428,0.00000000,0,0.00000000,25119,25131,78,0.00407758
1773320834.19240880,0.04036980,6176,0.00044413,0.00000000,0,0.00000000,25131,25142,53,0.00103754
1773320834.29194212,0.04204129,6264,0.00087513,0.00000000,0,0.00000000,25142,25173,74,0.00093477
1773320834.39196014,0.04072005,6238,0.00085750,0.00000000,0,0.00000000,25173,25173,72,0.00270401
1773320834.49197769,0.03891187,6199,0.00044975,0.00000000,0,0.00000000,25173,25182,49,0.00095254
1773320834.59178329,0.04072491,6216,0.00067772,0.00000000,0,0.00000000,25182,25187,68,0.00306825
1773320834.69172239,0.03634218,6226,0.00021052,0.00000000,0,0.00000000,25187,25201,64,0.00346244
1773320834.79180717,0.02363946,6273,0.00021996,0.00000000,0,0.00000000,25201,25228,68,0.00327466
1773320834.89203501,0.02465435,6225,0.00020542,0.00000000,0,0.00000000,25228,25239,64,0.00285772
1773320834.99187446,0.02463545,6246,0.00018993,0.00000000,0,0.00000000,25239,25266,64,0.00300463
1773320835.09193254,0.02481656,6241,0.00031654,0.00000000,0,0.00000000,25266,25260,79,0.00282280
1773320835.19197178,0.03442015,6255,0.00048960,0.00000000,0,0.00000000,25260,25282,65,0.00105598
1773320835.29202747,0.04505178,6217,0.00058457,0.00000000,0,0.00000000,25282,25310,65,0.00129239
1773320835.39189982,0.03992104,6236,0.00046393,0.00000000,0,0.00000000,25310,25325,50,0.00153716
1773320835.49195600,0.03902410,6273,0.00063224,0.00000000,0,0.00000000,25325,25349,67,0.00127654
1773320835.59202051,0.04407712,6244,0.00051029,0.00000000,0,0.00000000,25349,25366,69,0.00297725
1773320835.69207978,0.04180403,6242,0.00102241,0.00000000,0,0.00000000,25366,25356,74,0.00369854
1773320835.79213476,0.02566859,6229,0.00023438,0.00000000,0,0.00000000,25356,25379,67,0.00119428
1773320835.89199305,0.03617500,6284,0.00022214,0.00000000,0,0.00000000,25379,25398,72,0.00322709
1773320835.99224210,0.02536498,6220,0.00025247,0.00000000,0,0.00000000,25398,25388,74,0.00438019
1773320836.09211588,0.02149264,6276,0.00022844,0.00000000,0,0.00000000,25388,25412,78,0.00355219
1773320836.19218159,0.02381511,6230,0.00019226,0.00000000,0,0.00000000,25412,25431,67,0.00224048
1773320836.29229450,0.03456508,6258,0.00043247,0.00000000,0,0.00000000,25431,25456,77,0.00445632
1773320836.39235067,0.04023770,6260,0.00026505,0.00000000,0,0.00000000,25456,25491,77,0.00264297
1773320836.49236679,0.04133447,6236,0.00066157,0.00000000,0,0.00000000,25491,25479,55,0.00108293
1773320836.59241557,0.05419658,6200,0.00041686,0.00000000,0,0.00000000,25479,25501,60,0.00157651
1773320836.69231057,0.03054841,6225,0.00031699,0.00000000,0,0.00000000,25501,25530,63,0.00377253
1773320836.79231763,0.02606822,6229,0.00031168,0.00000000,0,0.00000000,25530,25531,87,0.00275513
1773320836.89246225,0.02577317,6257,0.00015417,0.00000000,0,0.00000000,25531,25554,54,0.00123208
1773320836.99236250,0.02522154,6273,0.00018675,0.00000000,0,0.00000000,25554,25565,69,0.00191822
1773320837.09242392,0.02166632,6261,0.00025087,0.00000000,0,0.00000000,25565,25601,69,0.00210705
1773320837.19246793,0.03784809,6228,0.00033157,0.00000000,0,0.00000000,25601,25603,72,0.00090492
1773320837.29254389,0.04301462,6237,0.00057748,0.00000000,0,0.00000000,25603,25620,70,0.00343897
1773320837.39258695,0.04124423,6238,0.00079245,0.00000000,0,0.00000000,25620,25625,70,0.00190816
1773320837.49266243,0.04577083,6248,0.00086260,0.00000000,0,0.00000000,25625,25651,83,0.00098996
1773320837.59259319,0.04634028,6203,0.00074042,0.00000000,0,0.00000000,25651,25682,70,0.00308305
1773320837.69256592,0.03575816,6269,0.00045326,0.00000000,0,0.00000000,25682,25695,58,0.00252994
1773320837.79270220,0.06068808,6266,0.00055741,0.00000000,0,0.00000000,25695,25700,54,0.00290219
1773320837.89271688,0.04535673,6216,0.00025008,0.00000000,0,0.00000000,25700,25714,69,0.00234881
1773320837.99263191,0.04050554,6257,0.00071808,0.00000000,0,0.00000000,25714,25729,68,0.00267544
1773320838.09268141,0.02413932,6184,0.00022170,0.00000000,0,0.00000000,25729,25753,72,0.00261954
1773320838.19262242,0.03029145,6272,0.00032294,0.00000000,0,0.00000000,25753,25777,59,0.00296166
1773320838.29281378,0.02437099,6202,0.00017647,0.00000000,0,0.00000000,25777,25783,60,0.00358908
1773320838.39262938,0.04207841,6233,0.00069447,0.00000000,0,0.00000000,25783,25776,62,0.00087956
1773320838.49268413,0.03328559,6189,0.00035449,0.00000000,0,0.00000000,25776,25786,65,0.00120552
1773320838.59181476,0.04109265,6256,0.00099433,0.00000000,0,0.00000000,25786,25718,60,0.00256110
1773320838.69276810,0.04212984,6219,0.00064766,0.00000000,0,0.00000000,25718,25698,77,0.00147801
1773320838.79262996,0.02621989,6270,0.00031835,0.00000000,0,0.00000000,25698,25673,62,0.00239511
1773320838.89275241,0.03922417,6252,0.00025599,0.00000000,0,0.00000000,25673,25712,72,0.00252395
1773320838.99274802,0.02722933,6248,0.00022610,0.00000000,0,0.00000000,25712,25694,60,0.00260400
1773320839.09288907,0.02717470,6213,0.00041761,0.00000000,0,0.00000000,25694,25712,64,0.00208431
1773320839.19279075,0.03734578,6201,0.00054791,0.00000000,0,0.00000000,25712,25722,61,0.00085051
1773320839.29289198,0.03539296,6184,0.00057264,0.00000000,0,0.00000000,25722,25734,54,0.00244194
1773320839.39197469,0.03370899,6215,0.00016263,0.00000000,0,0.00000000,25734,25743,55,0.00113025
1773320839.49284983,0.03778712,6221,0.00051138,0.00000000,0,0.00000000,25743,25742,63,0.00123694
1773320839.59207153,0.04017973,6208,0.00067815,0.00000000,0,0.00000000,25742,25748,54,0.00112352
1773320839.69282985,0.03265931,6176,0.00021836,0.00000000,0,0.00000000,25748,25762,57,0.00291677
1773320839.79294872,0.02325045,6224,0.00027653,0.00000000,0,0.00000000,25762,25774,71,0.00298688
1773320839.89299870,0.02513517,6170,0.00019788,0.00000000,0,0.00000000,25774,25756,52,0.00344579
1773320839.99212980,0.02415014,6221,0.00022490,0.00000000,0,0.00000000,25756,25768,62,0.00187096
1773320840.09212422,0.02691917,6200,0.00014291,0.00000000,0,0.00000000,25768,25785,58,0.00148268
1773320840.19322276,0.03551202,6179,0.00067043,0.00000000,0,0.00000000,25785,25799,58,0.00081969
1773320840.29303217,0.04479991,6128,0.00044766,0.00000000,0,0.00000000,25799,25786,47,0.00115132
1773320840.39166617,0.04058288,6287,0.00067663,0.00000000,0,0.00000000,25786,25797,68,0.00146987
1773320840.49317575,0.03473515,6171,0.00018199,0.00000000,0,0.00000000,25797,25811,54,0.00096628
1773320840.59223223,0.04770153,6204,0.00087665,0.00000000,0,0.00000000,25811,25823,66,0.00296990
1773320840.69222760,0.04188581,6203,0.00038837,0.00000000,0,0.00000000,25823,25833,48,0.00355258
1773320840.79223752,0.03192980,6187,0.00042471,0.00000000,0,0.00000000,25833,25842,68,0.00309715
1773320840.89228010,0.04388875,6177,0.00066615,0.00000000,0,0.00000000,25842,25849,59,0.00362291
1773320840.99233961,0.02668371,6138,0.00013870,0.00000000,0,0.00000000,25849,25864,48,0.00349940
1773320841.09218359,0.02683028,6196,0.00016830,0.00000000,0,0.00000000,25864,25885,67,0.00335140
1773320841.19239783,0.02272396,6157,0.00013114,0.00000000,0,0.00000000,25885,25886,53,0.00248608
1773320841.29231167,0.04256485,6166,0.00064791,0.00000000,0,0.00000000,25886,25899,73,0.00140878
1773320841.39225483,0.04817250,6169,0.00023942,0.00000000,0,0.00000000,25899,25904,51,0.00166790
1773320841.49231315,0.05242470,6199,0.00058292,0.00000000,0,0.00000000,25904,25907,61,0.00109640
1773320841.59242225,0.04044519,6164,0.00050745,0.00000000,0,0.00000000,25907,25912,63,0.00096573
1773320841.69194698,0.04693252,6169,0.00019714,0.00000000,0,0.00000000,25912,25921,54,0.00193046
1773320841.79183888,0.02825426,6222,0.00017919,0.00000000,0,0.00000000,25921,25927,61,0.00349314
1773320841.89186597,0.04151487,6175,0.00049563,0.00000000,0,0.00000000,25927,25930,52,0.00346237
1773320841.99195099,0.03053178,6124,0.00030322,0.00000000,0,0.00000000,25930,25945,56,0.00510008
1773320842.09177327,0.02882585,6171,0.00013175,0.00000000,0,0.00000000,25945,25959,53,0.00282954
1773320842.19189668,0.02612640,6194,0.00012778,0.00000000,0,0.00000000,25959,25964,50,0.00103071
1773320842.29193616,0.05596413,6149,0.00069650,0.00000000,0,0.00000000,25964,25976,49,0.00141286
1773320842.39192986,0.05664467,6185,0.00046310,0.00000000,0,0.00000000,25976,25989,49,0.00102316
1773320842.49189734,0.04892397,6175,0.00105719,0.00000000,0,0.00000000,25989,25998,54,0.00164054
1773320842.59187269,0.05606102,6223,0.00041755,0.00000000,0,0.00000000,25998,25987,72,0.00085000
1773320842.69199681,0.04748917,6185,0.00060258,0.00000000,0,0.00000000,25987,25990,60,0.00301197
1773320842.79185128,0.08142134,6188,0.00181439,0.00000000,0,0.00000000,25990,25997,52,0.00133233
1773320842.89190531,0.05942367,6185,0.00045919,0.00000000,0,0.00000000,25997,26009,46,0.00319605
1773320842.99206376,0.03865154,6194,0.00066047,0.00000000,0,0.00000000,26009,26027,64,0.00155968
1773320843.09209061,0.04569915,6178,0.00052409,0.00000000,0,0.00000000,26027,26037,58,0.00219496
1773320843.19192314,0.02572295,6258,0.00020356,0.00000000,0,0.00000000,26037,26059,57,0.00389369
1773320843.29212952,0.02332446,6210,0.00022654,0.00000000,0,0.00000000,26059,26069,50,0.00608984
1773320843.39200544,0.02237031,6201,0.00036728,0.00000000,0,0.00000000,26069,25971,49,0.00173727
1773320843.49204302,0.03241404,6229,0.00059068,0.00000000,0,0.00000000,25971,25973,57,0.00385211
1773320843.59209108,0.04513505,6247,0.00065164,0.00000000,0,0.00000000,25973,25978,52,0.00126960
1773320843.69221854,0.04368557,6225,0.00038402,0.00000000,0,0.00000000,25978,25973,66,0.00138324
1773320843.79224873,0.03197725,6205,0.00024082,0.00000000,0,0.00000000,25973,25985,46,0.00101265
1773320843.89211273,0.03754937,6194,0.00060933,0.00000000,0,0.00000000,25985,26005,56,0.00157820
1773320843.99212289,0.02562420,6227,0.00019856,0.00000000,0,0.00000000,26005,26010,61,0.00275033
1773320844.09217429,0.02283875,6223,0.00023112,0.00000000,0,0.00000000,26010,26022,55,0.00363282
1773320844.19220114,0.02245856,6220,0.00014966,0.00000000,0,0.00000000,26022,26038,55,0.00106791
1773320844.29225183,0.03930761,6206,0.00069567,0.00000000,0,0.00000000,26038,26006,59,0.00167388
1773320844.39228630,0.04202753,6213,0.00056698,0.00000000,0,0.00000000,26006,26009,57,0.00191129
1773320844.49234915,0.03993737,6217,0.00063215,0.00000000,0,0.00000000,26009,26008,77,0.00247388
1773320844.59239578,0.04316253,6194,0.00047294,0.00000000,0,0.00000000,26008,26021,51,0.00138597
1773320844.69229603,0.04152772,6256,0.00023903,0.00000000,0,0.00000000,26021,26028,65,0.00187087
1773320844.79233122,0.02664877,6252,0.00030992,0.00000000,0,0.00000000,26028,26040,56,0.00180065
1773320844.89258575,0.03128345,6243,0.00093673,0.00000000,0,0.00000000,26040,26038,61,0.00293919
1773320844.99251223,0.02113230,6179,0.00018489,0.00000000,0,0.00000000,26038,26043,51,0.00294401
1773320845.09245539,0.02326912,6208,0.00020057,0.00000000,0,0.00000000,26043,26032,61,0.00214285
1773320845.19246888,0.03766799,6237,0.00049563,0.00000000,0,0.00000000,26032,26054,59,0.00120253
1773320845.29255152,0.04120443,6211,0.00072352,0.00000000,0,0.00000000,26054,26057,61,0.00194350
1773320845.39258385,0.03367637,6200,0.00040937,0.00000000,0,0.00000000,26057,26070,44,0.00094731
1773320845.49262953,0.03510492,6218,0.00051844,0.00000000,0,0.00000000,26070,26088,56,0.00113728
1773320845.59268951,0.04201668,6216,0.00022977,0.00000000,0,0.00000000,26088,26099,61,0.00117386
1773320845.69273710,0.02462702,6164,0.00048234,0.00000000,0,0.00000000,26099,26070,67,0.00195500
1773320845.79261374,0.03775660,6194,0.00060150,0.00000000,0,0.00000000,26070,26070,62,0.00268797
1773320845.89239883,0.01875937,6220,0.00017237,0.00000000,0,0.00000000,26070,26083,63,0.00269061
1773320845.99267292,0.02202535,6211,0.00018919,0.00000000,0,0.00000000,26083,26078,63,0.00220765
1773320846.09272003,0.01922834,6172,0.00019902,0.00000000,0,0.00000000,26078,26105,76,0.00247459
1773320846.19268060,0.03859809,6233,0.00034864,0.00000000,0,0.00000000,26105,26116,71,0.00223989
1773320846.29275227,0.04160334,6221,0.00054442,0.00000000,0,0.00000000,26116,26131,51,0.00100875
1773320846.39278889,0.04248250,6235,0.00057143,0.00000000,0,0.00000000,26131,26151,63,0.00128144
1773320846.49286819,0.04569233,6214,0.00025951,0.00000000,0,0.00000000,26151,26153,65,0.00082631
1773320846.59266305,0.04396526,6279,0.00053597,0.00000000,0,0.00000000,26153,26171,61,0.00295033
1773320846.69276142,0.02837670,6229,0.00015027,0.00000000,0,0.00000000,26171,26172,53,0.00395018
1773320846.79283333,0.02594264,6219,0.00036366,0.00000000,0,0.00000000,26172,26173,55,0.00294232
1773320846.89175916,0.02943339,6282,0.00019308,0.00000000,0,0.00000000,26173,26182,46,0.00115079
1773320846.99283576,0.02110158,6210,0.00024145,0.00000000,0,0.00000000,26182,26187,58,0.00245622
1773320847.09280920,0.01774213,6241,0.00016358,0.00000000,0,0.00000000,26187,26198,52,0.00430591
1773320847.19288278,0.03229021,6266,0.00042051,0.00000000,0,0.00000000,26198,26174,49,0.00106276
1773320847.29291272,0.03479264,6231,0.00063565,0.00000000,0,0.00000000,26174,26186,58,0.00181755
1773320847.39277482,0.04385285,6252,0.00074921,0.00000000,0,0.00000000,26186,26175,59,0.00126322
1773320847.49279976,0.04615076,6246,0.00021887,0.00000000,0,0.00000000,26175,26202,68,0.00158452
1773320847.59201813,0.04958004,6270,0.00063180,0.00000000,0,0.00000000,26202,26191,52,0.00251284
1773320847.69284964,0.04530315,6288,0.00022706,0.00000000,0,0.00000000,26191,26205,49,0.00208181
1773320847.79292083,0.02543869,6293,0.00031273,0.00000000,0,0.00000000,26205,26213,49,0.00325897
1773320847.89292955,0.02631627,6267,0.00034445,0.00000000,0,0.00000000,26213,26230,51,0.00216957
1773320847.99310493,0.03372565,6273,0.00022778,0.00000000,0,0.00000000,26230,26245,57,0.00286572
1773320848.09304428,0.02416617,6274,0.00015312,0.00000000,0,0.00000000,26245,26263,59,0.00268017
1773320848.19304395,0.02221221,6258,0.00037788,0.00000000,0,0.00000000,26263,26262,55,0.00101363
1773320848.29317021,0.03399449,6228,0.00057523,0.00000000,0,0.00000000,26262,26272,56,0.00142301
1773320848.39198470,0.04018864,6318,0.00054623,0.00000000,0,0.00000000,26272,26288,54,0.00138220
1773320848.49323177,0.04163496,6258,0.00051374,0.00000000,0,0.00000000,26288,26282,50,0.00138189
1773320848.59216261,0.04860554,6306,0.00055390,0.00000000,0,0.00000000,26282,26307,55,0.00194319
1773320848.69321179,0.03586384,6252,0.00017454,0.00000000,0,0.00000000,26307,26326,59,0.00311688
1773320848.79209685,0.02768749,6282,0.00018973,0.00000000,0,0.00000000,26326,26325,52,0.00285519
1773320848.89219785,0.03900363,6279,0.00038138,0.00000000,0,0.00000000,26325,26331,55,0.00358760
1773320848.99232697,0.02550347,6301,0.00021357,0.00000000,0,0.00000000,26331,26341,60,0.00441496
1773320849.09323573,0.02127912,6240,0.00011083,0.00000000,0,0.00000000,26341,26357,42,0.00394879
1773320849.19216681,0.02250849,6292,0.00012457,0.00000000,0,0.00000000,26357,26370,45,0.00098138
1773320849.29321575,0.03698227,6246,0.00049497,0.00000000,0,0.00000000,26370,26384,48,0.00194844
1773320849.39185262,0.03390058,6267,0.00018903,0.00000000,0,0.00000000,26384,26395,40,0.00157386
1773320849.49186492,0.04144133,6313,0.00057523,0.00000000,0,0.00000000,26395,26411,49,0.00160379
1773320849.59244895,0.04266537,6277,0.00044207,0.00000000,0,0.00000000,26411,26410,48,0.00167708
1773320849.69192743,0.03719175,6264,0.00054044,0.00000000,0,0.00000000,26410,26420,49,0.00317636
1773320849.79225922,0.03623474,6311,0.00035579,0.00000000,0,0.00000000,26420,26410,46,0.00285219
1773320849.89232206,0.02462771,6246,0.00022780,0.00000000,0,0.00000000,26410,26433,60,0.00203619
1773320849.99230361,0.03504989,6237,0.00016660,0.00000000,0,0.00000000,26433,26442,50,0.00240620
1773320850.09228063,0.02242138,6274,0.00018197,0.00000000,0,0.00000000,26442,26442,58,0.00222706
1773320850.19203019,0.02056365,6258,0.00013779,0.00000000,0,0.00000000,26442,26461,48,0.00332466
1773320850.29186392,0.02177511,6280,0.00022227,0.00000000,0,0.00000000,26461,26471,48,0.00137230
1773320850.39191699,0.03664516,6262,0.00070949,0.00000000,0,0.00000000,26471,26481,44,0.00215095
1773320850.49193120,0.04022628,6262,0.00059251,0.00000000,0,0.00000000,26481,26498,57,0.00132022
1773320850.59242296,0.04336209,6215,0.00057365,0.00000000,0,0.00000000,26498,26495,55,0.00191034
1773320850.69187808,0.03838946,6259,0.00026778,0.00000000,0,0.00000000,26495,26518,62,0.00134002
1773320850.79191613,0.02574309,6238,0.00030366,0.00000000,0,0.00000000,26518,26523,58,0.00226133
1773320850.89176416,0.04018984,6273,0.00100402,0.00000000,0,0.00000000,26523,26521,49,0.00257188
1773320850.99201441,0.02568112,6238,0.00022008,0.00000000,0,0.00000000,26521,26536,55,0.00181253
1773320851.09199786,0.02356695,6228,0.00014340,0.00000000,0,0.00000000,26536,26536,53,0.00192518
1773320851.19186616,0.02386412,6249,0.00014727,0.00000000,0,0.00000000,26536,26552,65,0.00174645
1773320851.29196596,0.04846600,6228,0.00056124,0.00000000,0,0.00000000,26552,26552,54,0.00304234
1773320851.39204168,0.04672975,6173,0.00046267,0.00000000,0,0.00000000,26552,26557,43,0.00110662
1773320851.49193692,0.04448503,6207,0.00063594,0.00000000,0,0.00000000,26557,26553,59,0.00124806
1773320851.59187937,0.04043206,6198,0.00047691,0.00000000,0,0.00000000,26553,26571,58,0.00280966
1773320851.69207287,0.04043305,6140,0.00113700,0.00000000,0,0.00000000,26571,26568,60,0.00444852
1773320851.79194021,0.02209302,6184,0.00015650,0.00000000,0,0.00000000,26568,26584,55,0.00274589
1773320851.89198399,0.04194732,6208,0.00029135,0.00000000,0,0.00000000,26584,26597,53,0.00268763
1773320851.99202800,0.02645524,6184,0.00020951,0.00000000,0,0.00000000,26597,26602,50,0.00322979
1773320852.09198236,0.02632459,6177,0.00030280,0.00000000,0,0.00000000,26602,26608,70,0.00226253
1773320852.19207382,0.02482284,6190,0.00016451,0.00000000,0,0.00000000,26608,26623,45,0.00122488
1773320852.29208469,0.05011036,6189,0.00021728,0.00000000,0,0.00000000,26623,26644,58,0.00254395
1773320852.39206386,0.04809443,6191,0.00066576,0.00000000,0,0.00000000,26644,26668,72,0.00110675
1773320852.49212670,0.04826260,6232,0.00029303,0.00000000,0,0.00000000,26668,26695,78,0.00083948
1773320852.59212708,0.06226744,6188,0.00061464,0.00000000,0,0.00000000,26695,26711,56,0.00115349
1773320852.69213080,0.03643157,6208,0.00033937,0.00000000,0,0.00000000,26711,26704,82,0.00284336
1773320852.79213214,0.02703535,6194,0.00019945,0.00000000,0,0.00000000,26704,26718,56,0.00378796
1773320852.89217591,0.04814851,6227,0.00112035,0.00000000,0,0.00000000,26718,26734,57,0.00273247
1773320852.99229598,0.03622038,6227,0.00025130,0.00000000,0,0.00000000,26734,26743,54,0.00307220
1773320853.09233975,0.02431432,6191,0.00022523,0.00000000,0,0.00000000,26743,26753,57,0.00378096
1773320853.19222188,0.03002626,6244,0.00067215,0.00000000,0,0.00000000,26753,26754,56,0.00116277
1773320853.29223752,0.02386128,6262,0.00047939,0.00000000,0,0.00000000,26754,26714,64,0.00201337
1773320853.39227414,0.05320404,6248,0.00097037,0.00000000,0,0.00000000,26714,26693,55,0.00118916
1773320853.49236560,0.04011769,6182,0.00063881,0.00000000,0,0.00000000,26693,26702,55,0.00194533
1773320853.59212852,0.04908316,6273,0.00105217,0.00000000,0,0.00000000,26702,26719,58,0.00141402
1773320853.69249773,0.05010423,6249,0.00051121,0.00000000,0,0.00000000,26719,26732,51,0.00164748
1773320853.79253817,0.03086082,6210,0.00013721,0.00000000,0,0.00000000,26732,26739,50,0.00310703
1773320853.89235950,0.02966074,6232,0.00053784,0.00000000,0,0.00000000,26739,26753,60,0.00319121
1773320853.99238205,0.03445522,6225,0.00036904,0.00000000,0,0.00000000,26753,26757,64,0.00413990
1773320854.09244800,0.02207227,6244,0.00028144,0.00000000,0,0.00000000,26757,26774,62,0.00433361
1773320854.19248891,0.02430506,6240,0.00012609,0.00000000,0,0.00000000,26774,26763,41,0.00414994
1773320854.29263711,0.02494107,6211,0.00020546,0.00000000,0,0.00000000,26763,26753,47,0.00105864
1773320854.39262319,0.04514263,6133,0.00040880,0.00000000,0,0.00000000,26753,26760,43,0.00299696
1773320854.49103737,0.04814178,6322,0.00038340,0.00000000,0,0.00000000,26760,26777,55,0.00108775
1773320854.59269047,0.04781307,6215,0.00063977,0.00000000,0,0.00000000,26777,26791,57,0.00159886
1773320854.69273114,0.03762745,6214,0.00029360,0.00000000,0,0.00000000,26791,26784,65,0.00172659
1773320854.79259157,0.02422023,6227,0.00054041,0.00000000,0,0.00000000,26784,26753,47,0.00322843
1773320854.89263797,0.03865590,6221,0.00018790,0.00000000,0,0.00000000,26753,26762,57,0.00194491
1773320854.99271226,0.02402330,6191,0.00034924,0.00000000,0,0.00000000,26762,26710,54,0.00334930
1773320855.09259748,0.02510422,6267,0.00025588,0.00000000,0,0.00000000,26710,26724,53,0.00227662
1773320855.19280601,0.02673959,6211,0.00029686,0.00000000,0,0.00000000,26724,26731,60,0.00102514
1773320855.29263449,0.04495807,6225,0.00053122,0.00000000,0,0.00000000,26731,26749,62,0.00229063
1773320855.39265418,0.04207380,6205,0.00089800,0.00000000,0,0.00000000,26749,26766,64,0.00179596
1773320855.49271703,0.04924709,6226,0.00057179,0.00000000,0,0.00000000,26766,26771,56,0.00097749
1773320855.59188747,0.04814333,6263,0.00061517,0.00000000,0,0.00000000,26771,26782,46,0.00183637
1773320855.69280148,0.04380369,6248,0.00021051,0.00000000,0,0.00000000,26782,26796,43,0.00297514
1773320855.79293585,0.02176681,6200,0.00014825,0.00000000,0,0.00000000,26796,26799,52,0.00306232
1773320855.89276958,0.03172596,6265,0.00064273,0.00000000,0,0.00000000,26799,26805,59,0.00412350
1773320855.99274898,0.03818746,6241,0.00040706,0.00000000,0,0.00000000,26805,26826,54,0.00203048
1773320856.09285808,0.04533002,6253,0.00028966,0.00000000,0,0.00000000,26826,26823,57,0.00237773
1773320856.19290161,0.02892137,6230,0.00024418,0.00000000,0,0.00000000,26823,26834,39,0.00190289
1773320856.29272318,0.02916787,6246,0.00044839,0.00000000,0,0.00000000,26834,26837,47,0.00225092
1773320856.39276123,0.05139014,6256,0.00089513,0.00000000,0,0.00000000,26837,26841,44,0.00158705
1773320856.49290848,0.03993497,6204,0.00057801,0.00000000,0,0.00000000,26841,26843,63,0.00121258
1773320856.59194565,0.04679871,6268,0.00045421,0.00000000,0,0.00000000,26843,26853,44,0.00209327
1773320856.69284463,0.04872382,6267,0.00031020,0.00000000,0,0.00000000,26853,26847,54,0.00298153
1773320856.79297066,0.02822764,6265,0.00105129,0.00000000,0,0.00000000,26847,26855,43,0.00312283
1773320856.89296460,0.03980295,6197,0.00068975,0.00000000,0,0.00000000,26855,26846,60,0.00187755
1773320856.99199939,0.03945582,6273,0.00024637,0.00000000,0,0.00000000,26846,26850,52,0.00302546
1773320857.09302020,0.02721492,6258,0.00027672,0.00000000,0,0.00000000,26850,26849,49,0.00307059
1773320857.19306493,0.02536255,6261,0.00019328,0.00000000,0,0.00000000,26849,26862,55,0.00264664
1773320857.29310131,0.01872494,6245,0.00012431,0.00000000,0,0.00000000,26862,26863,44,0.00155076
1773320857.39300752,0.04847915,6238,0.00128776,0.00000000,0,0.00000000,26863,26884,61,0.00169122
1773320857.49291539,0.04885163,6193,0.00044972,0.00000000,0,0.00000000,26884,26888,40,0.00093207
1773320857.59206343,0.04902249,6223,0.00071125,0.00000000,0,0.00000000,26888,26889,52,0.00137993
1773320857.69198012,0.04509635,6263,0.00020542,0.00000000,0,0.00000000,26889,26899,42,0.00086132
1773320857.79304528,0.02499225,6241,0.00025038,0.00000000,0,0.00000000,26899,26886,45,0.00247293
1773320857.89321637,0.04369626,6207,0.00029255,0.00000000,0,0.00000000,26886,26893,57,0.00159594
1773320857.99213743,0.04238752,6219,0.00023786,0.00000000,0,0.00000000,26893,26899,53,0.00430399
1773320858.09312558,0.02715807,6261,0.00033644,0.00000000,0,0.00000000,26899,26908,62,0.00294538
1773320858.19315100,0.03419870,6227,0.00024921,0.00000000,0,0.00000000,26908,26914,53,0.00159809
1773320858.29321861,0.02559584,6201,0.00021140,0.00000000,0,0.00000000,26914,26929,52,0.00184834
1773320858.39217949,0.05335415,6209,0.00053439,0.00000000,0,0.00000000,26929,26946,51,0.00083211
1773320858.49321151,0.04779894,6163,0.00094735,0.00000000,0,0.00000000,26946,26934,57,0.00121396
1773320858.59239006,0.04568287,6206,0.00061035,0.00000000,0,0.00000000,26934,26917,70,0.00140659
1773320858.69314456,0.05214305,6139,0.00019722,0.00000000,0,0.00000000,26917,26925,61,0.00134725
1773320858.79210091,0.02963690,6188,0.00014508,0.00000000,0,0.00000000,26925,26937,52,0.00279803
1773320858.89218926,0.04235680,6201,0.00041992,0.00000000,0,0.00000000,26937,26941,60,0.00290059
1773320858.99229360,0.02952134,6200,0.00042966,0.00000000,0,0.00000000,26941,26955,61,0.00325973
1773320859.09183502,0.02240914,6197,0.00015164,0.00000000,0,0.00000000,26955,26965,52,0.00371269
1773320859.19185448,0.02569196,6230,0.00034334,0.00000000,0,0.00000000,26965,26981,59,0.00121433
1773320859.29220510,0.03822726,6179,0.00045755,0.00000000,0,0.00000000,26981,27000,60,0.00104361
1773320859.39184690,0.04520650,6239,0.00047120,0.00000000,0,0.00000000,27000,27012,53,0.00108940
1773320859.49192595,0.04102808,6259,0.00066467,0.00000000,0,0.00000000,27012,27017,65,0.00087459
1773320859.59252381,0.04452914,6175,0.00095624,0.00000000,0,0.00000000,27017,27001,68,0.00126717
1773320859.69191289,0.04263686,6258,0.00029713,0.00000000,0,0.00000000,27001,27006,57,0.00182266
1773320859.79190207,0.02685289,6214,0.00015266,0.00000000,0,0.00000000,27006,27009,63,0.00304503
1773320859.89183927,0.04348593,6245,0.00118521,0.00000000,0,0.00000000,27009,27029,63,0.00187929
1773320859.99185300,0.03153596,6251,0.00064428,0.00000000,0,0.00000000,27029,27037,48,0.00230155
1773320860.09193659,0.02175138,6274,0.00012598,0.00000000,0,0.00000000,27037,27047,48,0.00255746
1773320860.19194984,0.02035894,6241,0.00011407,0.00000000,0,0.00000000,27047,27057,54,0.00120608
1773320860.29195929,0.04289167,6218,0.00014834,0.00000000,0,0.00000000,27057,27070,47,0.00106760
1773320860.39193535,0.04113507,6248,0.00048417,0.00000000,0,0.00000000,27070,27070,44,0.00174218
1773320860.49193954,0.03936120,6269,0.00050940,0.00000000,0,0.00000000,27070,27077,49,0.00161941
1773320860.59254241,0.04885873,6236,0.00051241,0.00000000,0,0.00000000,27077,27095,47,0.00096057
1773320860.69204497,0.02191538,6222,0.00015252,0.00000000,0,0.00000000,27095,27109,50,0.00342578
1773320860.79188061,0.02383624,6217,0.00020141,0.00000000,0,0.00000000,27109,27114,50,0.00179922
1773320860.89184856,0.02091659,6262,0.00010181,0.00000000,0,0.00000000,27114,27116,43,0.00136276
1773320860.99203205,0.01975482,6211,0.00020290,0.00000000,0,0.00000000,27116,27119,63,0.00200304
1773320861.09194446,0.02902668,6257,0.00038886,0.00000000,0,0.00000000,27119,27127,45,0.00297730
1773320861.19197440,0.03956594,6206,0.00070578,0.00000000,0,0.00000000,27127,27101,61,0.00233992
1773320861.29183793,0.04279547,6243,0.00053188,0.00000000,0,0.00000000,27101,27105,54,0.00108713
1773320861.39191341,0.04011874,6243,0.00055759,0.00000000,0,0.00000000,27105,27110,47,0.00077694
1773320861.49192762,0.03735002,6254,0.00017721,0.00000000,0,0.00000000,27110,27114,53,0.00078899
1773320861.59199786,0.04653101,6201,0.00013088,0.00000000,0,0.00000000,27114,27122,36,0.00077843
1773320861.69208241,0.03168399,6231,0.00022651,0.00000000,0,0.00000000,27122,27099,53,0.00241438
1773320861.79202223,0.02511544,6274,0.00023431,0.00000000,0,0.00000000,27099,27105,58,0.00192593
1773320861.89211369,0.03373997,6200,0.00013654,0.00000000,0,0.00000000,27105,27107,51,0.00167285
1773320861.99211383,0.02908190,6222,0.00024896,0.00000000,0,0.00000000,27107,27116,52,0.00453731
1773320862.09204912,0.02198278,6241,0.00012533,0.00000000,0,0.00000000,27116,27113,50,0.00355028
1773320862.19210291,0.02299995,6236,0.00019169,0.00000000,0,0.00000000,27113,27096,50,0.00091471
1773320862.29219747,0.04556338,6233,0.00045421,0.00000000,0,0.00000000,27096,27092,53,0.00140528
1773320862.39217973,0.04512958,6237,0.00082189,0.00000000,0,0.00000000,27092,27091,58,0.00127809
1773320862.49218822,0.05753435,6222,0.00063054,0.00000000,0,0.00000000,27091,27091,54,0.00079933
1773320862.59204674,0.06595933,6203,0.00049311,0.00000000,0,0.00000000,27091,27096,42,0.00084856
1773320862.69210839,0.05653593,6244,0.00048336,0.00000000,0,0.00000000,27096,27110,44,0.00306210
1773320862.79218984,0.03116037,6235,0.00029155,0.00000000,0,0.00000000,27110,27112,43,0.00299690
1773320862.89221215,0.03389452,6247,0.00020831,0.00000000,0,0.00000000,27112,27104,42,0.00372540
1773320862.99224591,0.04321886,6210,0.00045471,0.00000000,0,0.00000000,27104,27117,52,0.00313871
1773320863.09218097,0.02917065,6260,0.00048071,0.00000000,0,0.00000000,27117,27126,66,0.00317465
1773320863.19225001,0.02377016,6225,0.00019314,0.00000000,0,0.00000000,27126,27119,43,0.00353338
1773320863.29226017,0.02567484,6213,0.00020879,0.00000000,0,0.00000000,27119,27130,59,0.00103326
1773320863.39231873,0.03535053,6210,0.00057573,0.00000000,0,0.00000000,27130,27104,44,0.00130217
1773320863.49235702,0.03457822,6177,0.00027521,0.00000000,0,0.00000000,27104,27093,61,0.00188046
1773320863.59200954,0.04477063,6220,0.00049286,0.00000000,0,0.00000000,27093,27108,64,0.00096715
1773320863.69249701,0.04242177,6217,0.00018545,0.00000000,0,0.00000000,27108,27115,60,0.00138453
1773320863.79280496,0.02604572,6210,0.00016561,0.00000000,0,0.00000000,27115,27125,60,0.00225817
1773320863.89253283,0.04372663,6231,0.00037839,0.00000000,0,0.00000000,27125,27130,47,0.00261320
1773320863.99242878,0.02599929,6188,0.00029484,0.00000000,0,0.00000000,27130,27111,65,0.00336416
1773320864.09238315,0.03008590,6219,0.00013351,0.00000000,0,0.00000000,27111,27124,45,0.00310435
1773320864.19242501,0.02229306,6214,0.00012721,0.00000000,0,0.00000000,27124,27139,56,0.00079060
1773320864.29266667,0.04096114,6220,0.00051535,0.00000000,0,0.00000000,27139,27142,47,0.00115842
1773320864.39247441,0.04482292,6210,0.00047853,0.00000000,0,0.00000000,27142,27131,44,0.00145006
1773320864.49249578,0.04215293,6129,0.00020045,0.00000000,0,0.00000000,27131,27140,48,0.00089802
1773320864.59168458,0.05431086,6307,0.00056834,0.00000000,0,0.00000000,27140,27128,59,0.00095646
1773320864.69262624,0.03689857,6190,0.00031504,0.00000000,0,0.00000000,27128,27140,53,0.00094180
1773320864.79255009,0.02373443,6223,0.00014367,0.00000000,0,0.00000000,27140,27152,51,0.00346215
1773320864.89261246,0.04184747,6217,0.00038401,0.00000000,0,0.00000000,27152,27167,60,0.00342336
1773320864.99260187,0.02966948,6175,0.00017457,0.00000000,0,0.00000000,27167,27185,57,0.00292141
1773320865.09262872,0.02431774,6255,0.00037228,0.00000000,0,0.00000000,27185,27189,42,0.00186079
1773320865.19262862,0.02327458,6231,0.00066665,0.00000000,0,0.00000000,27189,27197,52,0.00119832
1773320865.29265904,0.05114345,6239,0.00063338,0.00000000,0,0.00000000,27197,27198,58,0.00191655
1773320865.39269376,0.05260485,6214,0.00065131,0.00000000,0,0.00000000,27198,27213,57,0.00083423
1773320865.49273419,0.04774338,6136,0.00044679,0.00000000,0,0.00000000,27213,27224,45,0.00078545
1773320865.59193659,0.04586659,6265,0.00061361,0.00000000,0,0.00000000,27224,27235,64,0.00080133
1773320865.69269872,0.04200886,6259,0.00076542,0.00000000,0,0.00000000,27235,27225,59,0.00136962
1773320865.79278040,0.02300927,6250,0.00027291,0.00000000,0,0.00000000,27225,27231,66,0.00345998
1773320865.89278889,0.04039080,6206,0.00067275,0.00000000,0,0.00000000,27231,27256,66,0.00281513
1773320865.99255037,0.02660652,6241,0.00022311,0.00000000,0,0.00000000,27256,27282,58,0.00261181
1773320866.09270382,0.02009594,6236,0.00034233,0.00000000,0,0.00000000,27282,27267,64,0.00300545
1773320866.19275331,0.02053980,6255,0.00028136,0.00000000,0,0.00000000,27267,27273,54,0.00086682
1773320866.29282904,0.02827983,6225,0.00093960,0.00000000,0,0.00000000,27273,27276,60,0.00117373
1773320866.39289737,0.04596836,6238,0.00080793,0.00000000,0,0.00000000,27276,27288,51,0.00092222
1773320866.49291539,0.04336729,6110,0.00036722,0.00000000,0,0.00000000,27288,27271,59,0.00081077
1773320866.59188151,0.04735003,6318,0.00078387,0.00000000,0,0.00000000,27271,27282,63,0.00084299
1773320866.69284892,0.04464209,6230,0.00074792,0.00000000,0,0.00000000,27282,27274,56,0.00079617
1773320866.79283738,0.03854629,6241,0.00021535,0.00000000,0,0.00000000,27274,27292,57,0.00156816
1773320866.89290428,0.02524264,6208,0.00061510,0.00000000,0,0.00000000,27292,27305,45,0.00170147
1773320866.99271536,0.03173736,6210,0.00035290,0.00000000,0,0.00000000,27305,27308,62,0.00325636
1773320867.09285426,0.02730368,6222,0.00028847,0.00000000,0,0.00000000,27308,27315,44,0.00261832
1773320867.19288182,0.02538035,6218,0.00025106,0.00000000,0,0.00000000,27315,27334,56,0.00285291
1773320867.29312587,0.03400779,6221,0.00059271,0.00000000,0,0.00000000,27334,27347,54,0.00100331
1773320867.39300776,0.06473027,6210,0.00059179,0.00000000,0,0.00000000,27347,27346,53,0.00246148
1773320867.49302459,0.05636358,6082,0.00042188,0.00000000,0,0.00000000,27346,27359,63,0.00089428
1773320867.59202218,0.07190612,6277,0.00066756,0.00000000,0,0.00000000,27359,27371,67,0.00089975
1773320867.69296312,0.05880786,6203,0.00064033,0.00000000,0,0.00000000,27371,27344,42,0.00087623
1773320867.79309678,0.04667643,6187,0.00081619,0.00000000,0,0.00000000,27344,27353,53,0.00180667
1773320867.89300156,0.05061649,6209,0.00031353,0.00000000,0,0.00000000,27353,27365,58,0.00464163
1773320867.99300027,0.03480448,6189,0.00020964,0.00000000,0,0.00000000,27365,27375,62,0.00400560
1773320868.09315133,0.03297410,6182,0.00069680,0.00000000,0,0.00000000,27375,27384,70,0.00577557
1773320868.19314146,0.03327239,6152,0.00030087,0.00000000,0,0.00000000,27384,27406,71,0.00390396
1773320868.29297686,0.02693903,6174,0.00031233,0.00000000,0,0.00000000,27406,27421,85,0.00408920
1773320868.39302492,0.02598346,6177,0.00023663,0.00000000,0,0.00000000,27421,27409,47,0.00271943
1773320868.49314356,0.03511053,6070,0.00062729,0.00000000,0,0.00000000,27409,27410,64,0.00086004
1773320868.59216452,0.04496979,6255,0.00062051,0.00000000,0,0.00000000,27410,27413,67,0.00167809
1773320868.69303751,0.03353201,6085,0.00018715,0.00000000,0,0.00000000,27413,27419,52,0.00158012
1773320868.79170990,0.02369130,6224,0.00026880,0.00000000,0,0.00000000,27419,27414,59,0.00089064
1773320868.89305472,0.03677788,6171,0.00038478,0.00000000,0,0.00000000,27414,27357,65,0.00072784
1773320868.99207354,0.02779803,6165,0.00013226,0.00000000,0,0.00000000,27357,27359,46,0.00199375
1773320869.09208059,0.02701172,6130,0.00015272,0.00000000,0,0.00000000,27359,27360,52,0.00210251
1773320869.19312096,0.02535500,6158,0.00027819,0.00000000,0,0.00000000,27360,27324,59,0.00121426
1773320869.29320812,0.03736899,6154,0.00049677,0.00000000,0,0.00000000,27324,27333,49,0.00157164
1773320869.39187527,0.03985717,6170,0.00056777,0.00000000,0,0.00000000,27333,27336,55,0.00108463
1773320869.49190784,0.04429085,6140,0.00058940,0.00000000,0,0.00000000,27336,27319,47,0.00082737
1773320869.59235692,0.04122548,6229,0.00056488,0.00000000,0,0.00000000,27319,27335,61,0.00118283
1773320869.69215059,0.04808608,6172,0.00023011,0.00000000,0,0.00000000,27335,27324,52,0.00121754
1773320869.79223466,0.03254935,6118,0.00022329,0.00000000,0,0.00000000,27324,27327,50,0.00159896
1773320869.89190292,0.03766523,6148,0.00056950,0.00000000,0,0.00000000,27327,27329,53,0.00188554
1773320869.99183559,0.02299520,6170,0.00019960,0.00000000,0,0.00000000,27329,27340,51,0.00267661
1773320870.09212399,0.02263677,6153,0.00019818,0.00000000,0,0.00000000,27340,27347,52,0.00292409
1773320870.19183779,0.02448417,6176,0.00018164,0.00000000,0,0.00000000,27347,27355,51,0.00105078
1773320870.29187489,0.01834902,6180,0.00013762,0.00000000,0,0.00000000,27355,27371,61,0.00098137
1773320870.39239216,0.04456655,6174,0.00025853,0.00000000,0,0.00000000,27371,27369,59,0.00087490
1773320870.49222970,0.04461254,6173,0.00086480,0.00000000,0,0.00000000,27369,27372,63,0.00075286
1773320870.59251118,0.03855411,6222,0.00049365,0.00000000,0,0.00000000,27372,27382,53,0.00078600
1773320870.69186807,0.03827331,6164,0.00042538,0.00000000,0,0.00000000,27382,27393,43,0.00079724
1773320870.79181337,0.04311108,6195,0.00016140,0.00000000,0,0.00000000,27393,27401,58,0.00236995
1773320870.89185858,0.02699148,6221,0.00018612,0.00000000,0,0.00000000,27401,27413,55,0.00102592
1773320870.99202585,0.02383020,6207,0.00015452,0.00000000,0,0.00000000,27413,27422,48,0.00404722
1773320871.09199071,0.02787286,6178,0.00019125,0.00000000,0,0.00000000,27422,27430,51,0.00299322
1773320871.19185424,0.02201640,6196,0.00036074,0.00000000,0,0.00000000,27430,27396,61,0.00386245
1773320871.29187202,0.04715558,6233,0.00057211,0.00000000,0,0.00000000,27396,27396,52,0.00082320
1773320871.39198542,0.04267167,6181,0.00055289,0.00000000,0,0.00000000,27396,27392,61,0.00114253
1773320871.49228954,0.04300741,6181,0.00047352,0.00000000,0,0.00000000,27392,27393,47,0.00110462
1773320871.59260798,0.04787729,6193,0.00054188,0.00000000,0,0.00000000,27393,27407,59,0.00088560
1773320871.69177222,0.03064245,6257,0.00016643,0.00000000,0,0.00000000,27407,27409,54,0.00156987
1773320871.79200935,0.03230387,6183,0.00040698,0.00000000,0,0.00000000,27409,27414,52,0.00284245
1773320871.89184308,0.03681922,6192,0.00030896,0.00000000,0,0.00000000,27414,27427,65,0.00159442
1773320871.99204063,0.02976786,6220,0.00031856,0.00000000,0,0.00000000,27427,27420,60,0.00323838
1773320872.09194803,0.02756204,6167,0.00017980,0.00000000,0,0.00000000,27420,27422,54,0.00310778
1773320872.19185662,0.02454586,6236,0.00020799,0.00000000,0,0.00000000,27422,27446,52,0.00108895
1773320872.29193234,0.04915367,6230,0.00050196,0.00000000,0,0.00000000,27446,27469,59,0.00151274
1773320872.39194036,0.04533879,6232,0.00035070,0.00000000,0,0.00000000,27469,27482,70,0.00181827
1773320872.49200177,0.09466362,6196,0.00036064,0.00000000,0,0.00000000,27482,27487,60,0.00153390
1773320872.59288549,0.07938449,6174,0.00027418,0.00000000,0,0.00000000,27487,27508,62,0.00082814
1773320872.69191480,0.05345889,6202,0.00056243,0.00000000,0,0.00000000,27508,27513,52,0.00258219
1773320872.79195094,0.04008697,6202,0.00038212,0.00000000,0,0.00000000,27513,27536,65,0.00265981
1773320872.89204335,0.03365388,6177,0.00027772,0.00000000,0,0.00000000,27536,27547,52,0.00349026
1773320872.99215126,0.04526383,6200,0.00074690,0.00000000,0,0.00000000,27547,27545,67,0.00356427
1773320873.09205317,0.03704037,6174,0.00035121,0.00000000,0,0.00000000,27545,27534,61,0.00304038
1773320873.19211054,0.03686893,6208,0.00030881,0.00000000,0,0.00000000,27534,27518,54,0.00203089
1773320873.29222941,0.02798385,6204,0.00021484,0.00000000,0,0.00000000,27518,27513,51,0.00406096
1773320873.39212179,0.02596368,6221,0.00029231,0.00000000,0,0.00000000,27513,27507,58,0.00163959
1773320873.49214721,0.02808214,6193,0.00026699,0.00000000,0,0.00000000,27507,27511,56,0.00267006
1773320873.59301329,0.06082956,6227,0.00077801,0.00000000,0,0.00000000,27511,27503,61,0.00173529
1773320873.69226694,0.04151911,6173,0.00024992,0.00000000,0,0.00000000,27503,27511,54,0.00081482
1773320873.79210615,0.03438984,6217,0.00021082,0.00000000,0,0.00000000,27511,27534,59,0.00091242
1773320873.89215231,0.04563258,6188,0.00045928,0.00000000,0,0.00000000,27534,27543,58,0.00168993
1773320873.99232912,0.02490038,6224,0.00023478,0.00000000,0,0.00000000,27543,27549,66,0.00273971
1773320874.09222913,0.02342696,6200,0.00059805,0.00000000,0,0.00000000,27549,27546,49,0.00314431
1773320874.19230866,0.02602117,6183,0.00021577,0.00000000,0,0.00000000,27546,27558,50,0.00307842
1773320874.29218698,0.05033610,6200,0.00074549,0.00000000,0,0.00000000,27558,27560,61,0.00192852
1773320874.39219093,0.04797439,6183,0.00070265,0.00000000,0,0.00000000,27560,27570,81,0.00166035
1773320874.49220610,0.04503138,6226,0.00053472,0.00000000,0,0.00000000,27570,27575,67,0.00086892
1773320874.59311414,0.04691222,6225,0.00039738,0.00000000,0,0.00000000,27575,27583,70,0.00092182
1773320874.69227982,0.04662292,6212,0.00097275,0.00000000,0,0.00000000,27583,27579,81,0.00213512
1773320874.79256630,0.03162823,6205,0.00093090,0.00000000,0,0.00000000,27579,27533,57,0.00195986
1773320874.89272547,0.08504614,6166,0.00040765,0.00000000,0,0.00000000,27533,27543,66,0.00318250
1773320874.99266696,0.04015293,6208,0.00053841,0.00000000,0,0.00000000,27543,27570,72,0.00350880
1773320875.09231281,0.02882364,6195,0.00018296,0.00000000,0,0.00000000,27570,27582,65,0.00353769
1773320875.19236112,0.02312960,6203,0.00033982,0.00000000,0,0.00000000,27582,27592,65,0.00094348
1773320875.29243088,0.02864008,6159,0.00035549,0.00000000,0,0.00000000,27592,27580,65,0.00136637
1773320875.39233589,0.05178170,6225,0.00086267,0.00000000,0,0.00000000,27580,27595,67,0.00144726
1773320875.49255276,0.04841083,6208,0.00070779,0.00000000,0,0.00000000,27595,27586,70,0.00136651
1773320875.59318662,0.05277056,6187,0.00078556,0.00000000,0,0.00000000,27586,27605,69,0.00083339
1773320875.69241691,0.04427037,6195,0.00031848,0.00000000,0,0.00000000,27605,27623,62,0.00120702
1773320875.79240823,0.02914230,6199,0.00043391,0.00000000,0,0.00000000,27623,27631,59,0.00191522
1773320875.89246154,0.04663609,6212,0.00026220,0.00000000,0,0.00000000,27631,27632,51,0.00299808
1773320875.99274015,0.02885606,6219,0.00042089,0.00000000,0,0.00000000,27632,27630,57,0.00369731
1773320876.09254074,0.02426105,6233,0.00073285,0.00000000,0,0.00000000,27630,27635,83,0.00152556
1773320876.19256806,0.02127528,6249,0.00035186,0.00000000,0,0.00000000,27635,27636,73,0.00246586
1773320876.29255557,0.04244782,6184,0.00034727,0.00000000,0,0.00000000,27636,27659,69,0.00100406
1773320876.39252377,0.04010526,6221,0.00061948,0.00000000,0,0.00000000,27659,27655,52,0.00100309
1773320876.49250937,0.03756452,6225,0.00079905,0.00000000,0,0.00000000,27655,27666,74,0.00083195
1773320876.59342241,0.04641452,6193,0.00072153,0.00000000,0,0.00000000,27666,27666,79,0.00077851
1773320876.69261122,0.04019802,6204,0.00025333,0.00000000,0,0.00000000,27666,27673,70,0.00099974
1773320876.79265118,0.02482875,6191,0.00060101,0.00000000,0,0.00000000,27673,27685,62,0.00090234
1773320876.89274645,0.04021292,6207,0.00055428,0.00000000,0,0.00000000,27685,27674,82,0.00288742
1773320876.99278450,0.02588840,6206,0.00031408,0.00000000,0,0.00000000,27674,27695,70,0.00308206
1773320877.09263325,0.02956723,6245,0.00029021,0.00000000,0,0.00000000,27695,27714,73,0.00272159
1773320877.19268107,0.02547830,6190,0.00015382,0.00000000,0,0.00000000,27714,27714,51,0.00135265
1773320877.29260540,0.05341088,6242,0.00066158,0.00000000,0,0.00000000,27714,27727,59,0.00250771
1773320877.39265800,0.04879655,6240,0.00084923,0.00000000,0,0.00000000,27727,27717,71,0.00365308
1773320877.49269962,0.05388422,6212,0.00071492,0.00000000,0,0.00000000,27717,27735,74,0.00079610
1773320877.59357905,0.07100163,6243,0.00079499,0.00000000,0,0.00000000,27735,27755,66,0.00102633
1773320877.69272065,0.06034852,6213,0.00035872,0.00000000,0,0.00000000,27755,27768,68,0.00240893
1773320877.79278255,0.03381948,6225,0.00059338,0.00000000,0,0.00000000,27768,27778,74,0.00326431
1773320877.89283872,0.07029731,6158,0.00082916,0.00000000,0,0.00000000,27778,27785,61,0.00274148
1773320877.99291897,0.02964177,6245,0.00037663,0.00000000,0,0.00000000,27785,27797,61,0.00469404
1773320878.09276795,0.02667101,6220,0.00024209,0.00000000,0,0.00000000,27797,27804,76,0.00436112
1773320878.19284558,0.02675984,6237,0.00024261,0.00000000,0,0.00000000,27804,27808,69,0.00160114
1773320878.29286146,0.02624617,6191,0.00031119,0.00000000,0,0.00000000,27808,27806,73,0.00163851
1773320878.39280748,0.04532186,6169,0.00061801,0.00000000,0,0.00000000,27806,27815,64,0.00400466
1773320878.49260783,0.04915672,6264,0.00102331,0.00000000,0,0.00000000,27815,27840,69,0.00162244
1773320878.59373856,0.04633315,6240,0.00031652,0.00000000,0,0.00000000,27840,27856,63,0.00089401
1773320878.69284511,0.03000288,6267,0.00110602,0.00000000,0,0.00000000,27856,27807,71,0.00087877
1773320878.79289508,0.03592999,6211,0.00108120,0.00000000,0,0.00000000,27807,27747,68,0.00125669
1773320878.89281726,0.03850055,6225,0.00040095,0.00000000,0,0.00000000,27747,27775,79,0.00303673
1773320878.99302602,0.02894779,6252,0.00023801,0.00000000,0,0.00000000,27775,27798,62,0.00305752
1773320879.09287643,0.02933448,6236,0.00021842,0.00000000,0,0.00000000,27798,27818,71,0.00350077
1773320879.19292688,0.02647116,6218,0.00025037,0.00000000,0,0.00000000,27818,27835,70,0.00108018
1773320879.29278231,0.04092844,6247,0.00086271,0.00000000,0,0.00000000,27835,27846,69,0.00282504
1773320879.39278984,0.04699336,6213,0.00093840,0.00000000,0,0.00000000,27846,27839,80,0.00095461
1773320879.49179935,0.04832065,6273,0.00116714,0.00000000,0,0.00000000,27839,27850,87,0.00080915
1773320879.59368730,0.04470430,6213,0.00069818,0.00000000,0,0.00000000,27850,27876,63,0.00092092
1773320879.69290972,0.04553599,6187,0.00073547,0.00000000,0,0.00000000,27876,27898,72,0.00168092
1773320879.79281926,0.02727555,6261,0.00026985,0.00000000,0,0.00000000,27898,27928,72,0.00182559
1773320879.89282298,0.04559342,6206,0.00056842,0.00000000,0,0.00000000,27928,27945,63,0.00230003
1773320879.99186563,0.02997511,6247,0.00065422,0.00000000,0,0.00000000,27945,27954,79,0.00350389
1773320880.09190845,0.02670471,6238,0.00033697,0.00000000,0,0.00000000,27954,27954,77,0.00296044
1773320880.19286036,0.02740951,6208,0.00028085,0.00000000,0,0.00000000,27954,27954,67,0.00173897
1773320880.29287338,0.02620228,6208,0.00035065,0.00000000,0,0.00000000,27954,27975,65,0.00141565
1773320880.39299464,0.04818567,6226,0.00043653,0.00000000,0,0.00000000,27975,27991,73,0.00101222
1773320880.49188805,0.04632679,6185,0.00089534,0.00000000,0,0.00000000,27991,28001,78,0.00090699
1773320880.59196544,0.04285084,6237,0.00089321,0.00000000,0,0.00000000,28001,28014,81,0.00088511
1773320880.69288850,0.05630030,6168,0.00038818,0.00000000,0,0.00000000,28014,28013,74,0.00173115
1773320880.79290795,0.03413732,6195,0.00056943,0.00000000,0,0.00000000,28013,27966,95,0.00252112
1773320880.89296436,0.05775579,6142,0.00080202,0.00000000,0,0.00000000,27966,27971,74,0.00361174
1773320880.99201059,0.02785754,6179,0.00024759,0.00000000,0,0.00000000,27971,27995,80,0.00198127
1773320881.09204173,0.02895232,6172,0.00052361,0.00000000,0,0.00000000,27995,28009,97,0.00261603
1773320881.19303441,0.02671541,6196,0.00020285,0.00000000,0,0.00000000,28009,28040,85,0.00122318
1773320881.29312491,0.02766775,6181,0.00034224,0.00000000,0,0.00000000,28040,28071,79,0.00095005
1773320881.39303207,0.04954649,6144,0.00111660,0.00000000,0,0.00000000,28071,28073,86,0.00322357
1773320881.49306369,0.04285884,6140,0.00061437,0.00000000,0,0.00000000,28073,28095,73,0.00098838
1773320881.59217644,0.02633990,6194,0.00033521,0.00000000,0,0.00000000,28095,28103,85,0.00201653
1773320881.69211197,0.02952501,6193,0.00057105,0.00000000,0,0.00000000,28103,28119,95,0.00156960
1773320881.79317331,0.03117641,6203,0.00042284,0.00000000,0,0.00000000,28119,28119,90,0.00299135
1773320881.89310765,0.02699906,6130,0.00029879,0.00000000,0,0.00000000,28119,28129,70,0.00227122
1773320881.99215484,0.10262986,6155,0.00065933,0.00000000,0,0.00000000,28129,28132,81,0.00116281
1773320882.09218717,0.03379672,6181,0.00045809,0.00000000,0,0.00000000,28132,28171,90,0.00156921
1773320882.19330788,0.02794152,6186,0.00027955,0.00000000,0,0.00000000,28171,28183,70,0.00292074
1773320882.29322600,0.02770153,6142,0.00062027,0.00000000,0,0.00000000,28183,28118,79,0.00196066
1773320882.39215589,0.05603778,6160,0.00040717,0.00000000,0,0.00000000,28118,28117,91,0.00478272
1773320882.49222803,0.03643962,6207,0.00081094,0.00000000,0,0.00000000,28117,28150,77,0.00418854
1773320882.59382534,0.03126334,6182,0.00054825,0.00000000,0,0.00000000,28150,28168,85,0.00189444
1773320882.69322538,0.03153399,6142,0.00058445,0.00000000,0,0.00000000,28168,28189,76,0.00283956
1773320882.79224920,0.03374145,6196,0.00054384,0.00000000,0,0.00000000,28189,28183,77,0.00315751
1773320882.89225578,0.06175923,6219,0.00136650,0.00000000,0,0.00000000,28183,28176,81,0.00306249
1773320882.99344897,0.03395936,6137,0.00044398,0.00000000,0,0.00000000,28176,28206,74,0.00141793
1773320883.09227276,0.03785195,6247,0.00038748,0.00000000,0,0.00000000,28206,28224,82,0.00120765
1773320883.19330168,0.03637383,6159,0.00046328,0.00000000,0,0.00000000,28224,28219,68,0.00297342
1773320883.29228401,0.02657586,6191,0.00037692,0.00000000,0,0.00000000,28219,28250,85,0.00400546
1773320883.39228249,0.02414955,5951,0.00121607,0.00000000,0,0.00000000,28250,28256,65,0.00398079
1773320883.49340534,0.05125581,6403,0.00038856,0.00000000,0,0.00000000,28256,28256,71,0.00178921
1773320883.59409833,0.05287272,6163,0.00089787,0.00000000,0,0.00000000,28256,28273,83,0.00309685
1773320883.69222140,0.04673892,6184,0.00066090,0.00000000,0,0.00000000,28273,28291,66,0.00321345
1773320883.79230666,0.03824818,6213,0.00027659,0.00000000,0,0.00000000,28291,28301,66,0.00125237
1773320883.89238262,0.03022813,6212,0.00033613,0.00000000,0,0.00000000,28301,28304,58,0.00236908
1773320883.99232054,0.04340850,6220,0.00024104,0.00000000,0,0.00000000,28304,28319,70,0.00204720
1773320884.09233737,0.03226641,6191,0.00088570,0.00000000,0,0.00000000,28319,28271,82,0.00253748
1773320884.19240785,0.03406040,6174,0.00036710,0.00000000,0,0.00000000,28271,28247,60,0.00251347
1773320884.29224849,0.02700482,6233,0.00046620,0.00000000,0,0.00000000,28247,28256,71,0.00091485
1773320884.39246869,0.05063641,6162,0.00069689,0.00000000,0,0.00000000,28256,28272,57,0.00272324
1773320884.49235344,0.04910542,6245,0.00101484,0.00000000,0,0.00000000,28272,28296,59,0.00087800
1773320884.59253120,0.06373597,6164,0.00065134,0.00000000,0,0.00000000,28296,28317,63,0.00348834
1773320884.69231105,0.03197368,6190,0.00034529,0.00000000,0,0.00000000,28317,28321,71,0.00246160
1773320884.79240704,0.02877154,6158,0.00067040,0.00000000,0,0.00000000,28321,28336,67,0.00304235
1773320884.89228868,0.04298406,6188,0.00077327,0.00000000,0,0.00000000,28336,28312,61,0.00316529
1773320884.99236059,0.02801275,6197,0.00020304,0.00000000,0,0.00000000,28312,28310,47,0.00206940
1773320885.09244204,0.02815554,6178,0.00020924,0.00000000,0,0.00000000,28310,28315,60,0.00228402
1773320885.19184852,0.02616809,6194,0.00022851,0.00000000,0,0.00000000,28315,28313,56,0.00087792
1773320885.29243731,0.02608759,6208,0.00043063,0.00000000,0,0.00000000,28313,28309,69,0.00310215
1773320885.39239383,0.03275532,6210,0.00086122,0.00000000,0,0.00000000,28309,28319,52,0.00224449
1773320885.49245191,0.04875251,6169,0.00072462,0.00000000,0,0.00000000,28319,28317,62,0.00108620
1773320885.59190726,0.04707864,6195,0.00037353,0.00000000,0,0.00000000,28317,28335,44,0.00164686
1773320885.69236279,0.04025800,6197,0.00026101,0.00000000,0,0.00000000,28335,28347,60,0.00226297
1773320885.79198551,0.02925404,6142,0.00021471,0.00000000,0,0.00000000,28347,28355,56,0.00396179
1773320885.89181662,0.04636673,6188,0.00030925,0.00000000,0,0.00000000,28355,28361,54,0.00290800
1773320885.99196458,0.02653965,6180,0.00022107,0.00000000,0,0.00000000,28361,28366,66,0.00435931
1773320886.09194827,0.02506277,6202,0.00016868,0.00000000,0,0.00000000,28366,28365,63,0.00281270
1773320886.19185257,0.02441122,6209,0.00022549,0.00000000,0,0.00000000,28365,28367,71,0.00314789
1773320886.29191828,0.04366070,6189,0.00058651,0.00000000,0,0.00000000,28367,28367,55,0.00256337
1773320886.39196324,0.05041093,6154,0.00069901,0.00000000,0,0.00000000,28367,28377,60,0.00303777
1773320886.49182487,0.04700240,6209,0.00064537,0.00000000,0,0.00000000,28377,28379,61,0.00553040
1773320886.59184361,0.04670446,6178,0.00075680,0.00000000,0,0.00000000,28379,28389,74,0.00085772
1773320886.69194627,0.04097461,6228,0.00021443,0.00000000,0,0.00000000,28389,28409,47,0.00311871
1773320886.79204345,0.02442019,6178,0.00024822,0.00000000,0,0.00000000,28409,28415,67,0.00162040
1773320886.89186668,0.03708655,6198,0.00063103,0.00000000,0,0.00000000,28415,28408,51,0.00243401
1773320886.99185872,0.02577633,6233,0.00020887,0.00000000,0,0.00000000,28408,28421,63,0.00185094
1773320887.09190392,0.02971461,6215,0.00025490,0.00000000,0,0.00000000,28421,28437,65,0.00275184
1773320887.19206142,0.02425667,6197,0.00031634,0.00000000,0,0.00000000,28437,28427,83,0.00087229
1773320887.29185462,0.05837104,6211,0.00168713,0.00000000,0,0.00000000,28427,28414,73,0.00172884
1773320887.39194155,0.05395933,6209,0.00081882,0.00000000,0,0.00000000,28414,28417,73,0.00088633
1773320887.49196386,0.05432654,6195,0.00055532,0.00000000,0,0.00000000,28417,28430,52,0.00257109
1773320887.59196830,0.06061706,6199,0.00069113,0.00000000,0,0.00000000,28430,28450,65,0.00131781
1773320887.69208097,0.05695686,6179,0.00040243,0.00000000,0,0.00000000,28450,28459,47,0.00262816
1773320887.79193521,0.04546488,6183,0.00102889,0.00000000,0,0.00000000,28459,28450,49,0.00386312
1773320887.89200759,0.04802084,6211,0.00026155,0.00000000,0,0.00000000,28450,28446,60,0.00250810
1773320887.99203944,0.03549823,6173,0.00015615,0.00000000,0,0.00000000,28446,28454,47,0.00320242
1773320888.09205461,0.05964510,6220,0.00059935,0.00000000,0,0.00000000,28454,28482,64,0.00342944
1773320888.19207072,0.02611749,6222,0.00015062,0.00000000,0,0.00000000,28482,28494,50,0.00274579
1773320888.29213667,0.02346572,6156,0.00026821,0.00000000,0,0.00000000,28494,28515,59,0.00326563
1773320888.39203548,0.02403116,6201,0.00020921,0.00000000,0,0.00000000,28515,28525,58,0.00107048
1773320888.49206042,0.03342691,6202,0.00065468,0.00000000,0,0.00000000,28525,28547,59,0.00378161
1773320888.59209728,0.05194622,6194,0.00092662,0.00000000,0,0.00000000,28547,28549,62,0.00151214
1773320888.69218516,0.04671383,6199,0.00122679,0.00000000,0,0.00000000,28549,28554,52,0.00123677
1773320888.79222631,0.03419900,6178,0.00145377,0.00000000,0,0.00000000,28554,28443,55,0.00123499
1773320888.89210486,0.03883668,6248,0.00040054,0.00000000,0,0.00000000,28443,28441,47,0.00175222
1773320888.99210644,0.02397389,6211,0.00018410,0.00000000,0,0.00000000,28441,28451,59,0.00199711
1773320889.09210801,0.02648638,6202,0.00014663,0.00000000,0,0.00000000,28451,28454,50,0.00263123
1773320889.19214535,0.02200198,6179,0.00016307,0.00000000,0,0.00000000,28454,28466,59,0.00169465
1773320889.29218125,0.02556856,6233,0.00029136,0.00000000,0,0.00000000,28466,28478,71,0.00208440
1773320889.39221454,0.04332877,6173,0.00049702,0.00000000,0,0.00000000,28478,28488,59,0.00172614
1773320889.49210835,0.04910353,6180,0.00088364,0.00000000,0,0.00000000,28488,28485,60,0.00133250
1773320889.59217143,0.04749257,6220,0.00059053,0.00000000,0,0.00000000,28485,28501,52,0.00097990
1773320889.69222331,0.04711825,6214,0.00065390,0.00000000,0,0.00000000,28501,28499,60,0.00108483
1773320889.79228497,0.02540956,6222,0.00032608,0.00000000,0,0.00000000,28499,28499,55,0.00254419
1773320889.89230609,0.02707826,6208,0.00115752,0.00000000,0,0.00000000,28499,28513,62,0.00313016
1773320889.99230480,0.03347196,6174,0.00031637,0.00000000,0,0.00000000,28513,28538,66,0.00205507
1773320890.09223056,0.02799885,6218,0.00036148,0.00000000,0,0.00000000,28538,28537,79,0.00258071
1773320890.19221330,0.02465036,6160,0.00019051,0.00000000,0,0.00000000,28537,28547,75,0.00131715
1773320890.29225850,0.02479694,6194,0.00020360,0.00000000,0,0.00000000,28547,28555,61,0.00173606
1773320890.39227629,0.05043088,6223,0.00096869,0.00000000,0,0.00000000,28555,28578,83,0.00204685
1773320890.49234605,0.04157917,6204,0.00053223,0.00000000,0,0.00000000,28578,28575,63,0.00192840
1773320890.59225917,0.05058327,6195,0.00063888,0.00000000,0,0.00000000,28575,28591,64,0.00227387
1773320890.69231105,0.05031970,6199,0.00097975,0.00000000,0,0.00000000,28591,28513,64,0.00225779
1773320890.79232979,0.02984685,6196,0.00020037,0.00000000,0,0.00000000,28513,28530,57,0.00250785
1773320890.89239168,0.04356338,6178,0.00061863,0.00000000,0,0.00000000,28530,28548,59,0.00327705
1773320890.99238896,0.03685094,6206,0.00033484,0.00000000,0,0.00000000,28548,28537,60,0.00262633
1773320891.09242773,0.02622122,6202,0.00019249,0.00000000,0,0.00000000,28537,28526,57,0.00212221
1773320891.19252181,0.02699199,6188,0.00021156,0.00000000,0,0.00000000,28526,28530,63,0.00106836
1773320891.29241967,0.02581260,6175,0.00017250,0.00000000,0,0.00000000,28530,28542,57,0.00095536
1773320891.39240265,0.05028078,6222,0.00091361,0.00000000,0,0.00000000,28542,28536,65,0.00159342
1773320891.49244690,0.04062693,6204,0.00067208,0.00000000,0,0.00000000,28536,28536,64,0.00192088
1773320891.59244943,0.05992315,6224,0.00065971,0.00000000,0,0.00000000,28536,28551,49,0.00113899
1773320891.69245958,0.04111821,6184,0.00017571,0.00000000,0,0.00000000,28551,28556,53,0.00182678
1773320891.79243350,0.02302630,6211,0.00030838,0.00000000,0,0.00000000,28556,28567,56,0.00274182
1773320891.89249325,0.03007061,6219,0.00085770,0.00000000,0,0.00000000,28567,28546,66,0.00320657
1773320891.99249601,0.02710599,6198,0.00017091,0.00000000,0,0.00000000,28546,28556,55,0.00404793
1773320892.09251022,0.02494045,6193,0.00017901,0.00000000,0,0.00000000,28556,28564,58,0.00312860
1773320892.19258332,0.02650718,6209,0.00019913,0.00000000,0,0.00000000,28564,28573,64,0.00251923
1773320892.29261804,0.02418826,6185,0.00013162,0.00000000,0,0.00000000,28573,28581,57,0.00185431
1773320892.39248037,0.04993833,6212,0.00076425,0.00000000,0,0.00000000,28581,28587,51,0.00225592
1773320892.49251556,0.05702042,6216,0.00049816,0.00000000,0,0.00000000,28587,28588,46,0.00135296
1773320892.59256005,0.07839014,6197,0.00050093,0.00000000,0,0.00000000,28588,28604,57,0.00098894
1773320892.69267368,0.09946919,6198,0.00047634,0.00000000,0,0.00000000,28604,28608,57,0.00150644
1773320892.79256320,0.05761660,6213,0.00073231,0.00000000,0,0.00000000,28608,28629,62,0.00305143
1773320892.89255357,0.05142695,6211,0.00031665,0.00000000,0,0.00000000,28629,28624,59,0.00274693
1773320892.99255705,0.03997688,6233,0.00043823,0.00000000,0,0.00000000,28624,28616,59,0.00484627
1773320893.09257102,0.07349518,6203,0.00349596,0.00000000,0,0.00000000,28616,28564,51,0.00515785
1773320893.19261909,0.05368638,6229,0.00031906,0.00000000,0,0.00000000,28564,28570,58,0.00436812
1773320893.29267454,0.03676712,6180,0.00038357,0.00000000,0,0.00000000,28570,28582,55,0.00114534
1773320893.39260268,0.03105438,6196,0.00034452,0.00000000,0,0.00000000,28582,28586,54,0.00293776
1773320893.49262834,0.02998032,6205,0.00024950,0.00000000,0,0.00000000,28586,28602,56,0.00160205
1773320893.59261179,0.05661413,6206,0.00078939,0.00000000,0,0.00000000,28602,28618,61,0.00122427
1773320893.69265485,0.03321496,6188,0.00041149,0.00000000,0,0.00000000,28618,28626,56,0.00113328
1773320893.79268360,0.03198593,6161,0.00057987,0.00000000,0,0.00000000,28626,28638,54,0.00128248
1773320893.89253879,0.04058758,6214,0.00036486,0.00000000,0,0.00000000,28638,28649,61,0.00180492
1773320893.99252892,0.04110659,6211,0.00046907,0.00000000,0,0.00000000,28649,28656,53,0.00105680
1773320894.09268689,0.03141334,6177,0.00050849,0.00000000,0,0.00000000,28656,28683,65,0.00084073
1773320894.19268608,0.02651831,6241,0.00024915,0.00000000,0,0.00000000,28683,28668,62,0.00210106
1773320894.29276943,0.02394661,6188,0.00024809,0.00000000,0,0.00000000,28668,28637,62,0.00314013
1773320894.39253139,0.04102221,6199,0.00051877,0.00000000,0,0.00000000,28637,28646,64,0.00515240
1773320894.49269128,0.03026065,6193,0.00042527,0.00000000,0,0.00000000,28646,28659,51,0.00165129
1773320894.59272861,0.04358287,6156,0.00029936,0.00000000,0,0.00000000,28659,28656,47,0.00164214
1773320894.69272470,0.02890851,6174,0.00028215,0.00000000,0,0.00000000,28656,28664,58,0.00160533
1773320894.79273462,0.02652063,6252,0.00029395,0.00000000,0,0.00000000,28664,28683,64,0.00288505
1773320894.89277506,0.02902449,6186,0.00023658,0.00000000,0,0.00000000,28683,28704,60,0.00264893
1773320894.99265742,0.02839709,6214,0.00029761,0.00000000,0,0.00000000,28704,28710,70,0.00086306
1773320895.09263515,0.01764217,6205,0.00015818,0.00000000,0,0.00000000,28710,28718,55,0.00104692
1773320895.19273496,0.02021770,6219,0.00042707,0.00000000,0,0.00000000,28718,28688,68,0.00155047
1773320895.29264331,0.04649811,6221,0.00072732,0.00000000,0,0.00000000,28688,28678,54,0.00171732
1773320895.39274573,0.04817101,6188,0.00077658,0.00000000,0,0.00000000,28678,28676,66,0.00118268
1773320895.49267268,0.03844368,6223,0.00022580,0.00000000,0,0.00000000,28676,28695,50,0.00110316
1773320895.59277511,0.04059515,6179,0.00061656,0.00000000,0,0.00000000,28695,28715,56,0.00119040
1773320895.69184566,0.03157279,6197,0.00028899,0.00000000,0,0.00000000,28715,28704,56,0.00213071
1773320895.79272509,0.02478538,6214,0.00036524,0.00000000,0,0.00000000,28704,28733,91,0.00290122
1773320895.89272785,0.02006403,6259,0.00019965,0.00000000,0,0.00000000,28733,28742,62,0.00364677
1773320895.99271441,0.01931614,6213,0.00026255,0.00000000,0,0.00000000,28742,28760,68,0.00216284
1773320896.09188485,0.02302676,6254,0.00021317,0.00000000,0,0.00000000,28760,28756,66,0.00142633
1773320896.19191289,0.03825638,6251,0.00054010,0.00000000,0,0.00000000,28756,28770,57,0.00104909
1773320896.29274106,0.03675834,6227,0.00074705,0.00000000,0,0.00000000,28770,28795,66,0.00093308
1773320896.39285612,0.04533404,6242,0.00054159,0.00000000,0,0.00000000,28795,28805,51,0.00082959
1773320896.49276829,0.04234164,6202,0.00063851,0.00000000,0,0.00000000,28805,28817,65,0.00082994
1773320896.59191561,0.03590892,6217,0.00081620,0.00000000,0,0.00000000,28817,28820,73,0.00200807
1773320896.69198489,0.03315643,6220,0.00029344,0.00000000,0,0.00000000,28820,28822,61,0.00164654
1773320896.79200435,0.02372124,6197,0.00032319,0.00000000,0,0.00000000,28822,28843,69,0.00133612
1773320896.89195323,0.02563694,6189,0.00025922,0.00000000,0,0.00000000,28843,28840,67,0.00080067
1773320896.99208641,0.02171127,6240,0.00026304,0.00000000,0,0.00000000,28840,28858,74,0.00261235
1773320897.09201145,0.02200408,6232,0.00023804,0.00000000,0,0.00000000,28858,28864,66,0.00157800
1773320897.19280100,0.03628840,6234,0.00085471,0.00000000,0,0.00000000,28864,28872,68,0.00211528
1773320897.29289532,0.03633279,6206,0.00057771,0.00000000,0,0.00000000,28872,28901,63,0.00086902
1773320897.39199710,0.03970361,6253,0.00029679,0.00000000,0,0.00000000,28901,28914,61,0.00084813
1773320897.49202013,0.03639758,6260,0.00021253,0.00000000,0,0.00000000,28914,28946,61,0.00124615
1773320897.59207344,0.04627421,6192,0.00068912,0.00000000,0,0.00000000,28946,28952,66,0.00162700
1773320897.69286537,0.04573240,6167,0.00088814,0.00000000,0,0.00000000,28952,28939,65,0.00121511
1773320897.79203415,0.02814286,6210,0.00024311,0.00000000,0,0.00000000,28939,28953,61,0.00185890
1773320897.89206338,0.02517771,6215,0.00038375,0.00000000,0,0.00000000,28953,28961,62,0.00266545
1773320897.99206185,0.02350475,6223,0.00035098,0.00000000,0,0.00000000,28961,28973,74,0.00298853
1773320898.09209156,0.02266828,6242,0.00031609,0.00000000,0,0.00000000,28973,28974,66,0.00238745
1773320898.19212580,0.01990837,6219,0.00025641,0.00000000,0,0.00000000,28974,29005,84,0.00239922
1773320898.29213834,0.04525145,6251,0.00061444,0.00000000,0,0.00000000,29005,29020,70,0.00137914
1773320898.39219356,0.04466745,6194,0.00021662,0.00000000,0,0.00000000,29020,29042,65,0.00086158
1773320898.49299216,0.03859568,6226,0.00024457,0.00000000,0,0.00000000,29042,29040,65,0.00081814
1773320898.59299588,0.04470662,6166,0.00061536,0.00000000,0,0.00000000,29040,29048,66,0.00090824
1773320898.69216037,0.03867572,6231,0.00028251,0.00000000,0,0.00000000,29048,29063,62,0.00162860
1773320898.79301810,0.02676143,6216,0.00065707,0.00000000,0,0.00000000,29063,29048,81,0.00120010
1773320898.89305830,0.02758734,6226,0.00062283,0.00000000,0,0.00000000,29048,29040,70,0.00157229
1773320898.99312305,0.01962550,6180,0.00015665,0.00000000,0,0.00000000,29040,29057,50,0.00169957
1773320899.09215927,0.02201882,6186,0.00023408,0.00000000,0,0.00000000,29057,29051,57,0.00169708
1773320899.19222808,0.03625769,6232,0.00058019,0.00000000,0,0.00000000,29051,29073,57,0.00107811
1773320899.29223132,0.03587096,6247,0.00073726,0.00000000,0,0.00000000,29073,29076,64,0.00117125
1773320899.39320469,0.03421811,6216,0.00064389,0.00000000,0,0.00000000,29076,29088,60,0.00085077
1773320899.49311781,0.03316098,6197,0.00071139,0.00000000,0,0.00000000,29088,29123,81,0.00122210
1773320899.59226418,0.04132503,6247,0.00053361,0.00000000,0,0.00000000,29123,29133,46,0.00181678
1773320899.69226527,0.02886833,6216,0.00030225,0.00000000,0,0.00000000,29133,29146,69,0.00282325
1773320899.79226971,0.02477007,6229,0.00040396,0.00000000,0,0.00000000,29146,29169,73,0.00187546
1773320899.89231515,0.02517212,6227,0.00080322,0.00000000,0,0.00000000,29169,29044,63,0.00170166
1773320899.99238372,0.01960702,6229,0.00024081,0.00000000,0,0.00000000,29044,29066,66,0.00284507
1773320900.09233618,0.02116740,6278,0.00021973,0.00000000,0,0.00000000,29066,29092,69,0.00322645
1773320900.19237041,0.01958002,6254,0.00019677,0.00000000,0,0.00000000,29092,29128,71,0.00091168
1773320900.29323387,0.03807087,6253,0.00095579,0.00000000,0,0.00000000,29128,29091,66,0.00262565
1773320900.39317155,0.03122704,6236,0.00086485,0.00000000,0,0.00000000,29091,29085,67,0.00084572
1773320900.49222350,0.03469296,6264,0.00090227,0.00000000,0,0.00000000,29085,29098,76,0.00162357
1773320900.59238839,0.04266193,6245,0.00079943,0.00000000,0,0.00000000,29098,29128,75,0.00156967
1773320900.69229722,0.03321872,6270,0.00030209,0.00000000,0,0.00000000,29128,29143,59,0.00278732
1773320900.79235554,0.02751880,6254,0.00028847,0.00000000,0,0.00000000,29143,29171,65,0.00280386
1773320900.89236403,0.02474813,6256,0.00029002,0.00000000,0,0.00000000,29171,29208,77,0.00254111
1773320900.99242306,0.02004299,6191,0.00024617,0.00000000,0,0.00000000,29208,29206,71,0.00285964
1773320901.09224987,0.01646114,6249,0.00018963,0.00000000,0,0.00000000,29206,29222,65,0.00263884
1773320901.19227934,0.01681352,6250,0.00024422,0.00000000,0,0.00000000,29222,29234,77,0.00095612
1773320901.29240274,0.03101540,6230,0.00079064,0.00000000,0,0.00000000,29234,29249,71,0.00230626
1773320901.39245200,0.04123313,6235,0.00032498,0.00000000,0,0.00000000,29249,29252,61,0.00120115
1773320901.49240208,0.04128075,6239,0.00087768,0.00000000,0,0.00000000,29252,29259,81,0.00090464
1773320901.59232044,0.04381730,6273,0.00035017,0.00000000,0,0.00000000,29259,29261,76,0.00093148
1773320901.69247198,0.02132693,6244,0.00022986,0.00000000,0,0.00000000,29261,29245,54,0.00135732
1773320901.79243183,0.02412236,6212,0.00019050,0.00000000,0,0.00000000,29245,29269,61,0.00132674
1773320901.89232588,0.01614492,6240,0.00017941,0.00000000,0,0.00000000,29269,29284,56,0.00271703
1773320901.99238396,0.01989885,6214,0.00031942,0.00000000,0,0.00000000,29284,29300,81,0.00293436
1773320902.09236789,0.01755998,6276,0.00021673,0.00000000,0,0.00000000,29300,29296,60,0.00161778
1773320902.19240975,0.03651116,6225,0.00061710,0.00000000,0,0.00000000,29296,29291,67,0.00097099
1773320902.29241705,0.03764276,6262,0.00080955,0.00000000,0,0.00000000,29291,29296,66,0.00080092
1773320902.39243102,0.04097956,6219,0.00104008,0.00000000,0,0.00000000,29296,29305,83,0.00089251
1773320902.49238944,0.03745192,6257,0.00046618,0.00000000,0,0.00000000,29305,29317,44,0.00120422
1773320902.59245872,0.04341003,6229,0.00031017,0.00000000,0,0.00000000,29317,29325,59,0.00217965
1773320902.69237733,0.04961397,6213,0.00091263,0.00000000,0,0.00000000,29325,29294,70,0.00291410
1773320902.79177260,0.02884315,6265,0.00102023,0.00000000,0,0.00000000,29294,29183,68,0.00297760
1773320902.89184737,0.02119591,6245,0.00028269,0.00000000,0,0.00000000,29183,29186,70,0.00322355
1773320902.99191236,0.02167793,6251,0.00021970,0.00000000,0,0.00000000,29186,29210,68,0.00164913
1773320903.09190512,0.01665033,6217,0.00015268,0.00000000,0,0.00000000,29210,29231,57,0.00195994
1773320903.19246197,0.01735474,6227,0.00016825,0.00000000,0,0.00000000,29231,29252,69,0.00118291
1773320903.29177856,0.03626693,6275,0.00054109,0.00000000,0,0.00000000,29252,29275,67,0.00084360
1773320903.39251947,0.02890879,6242,0.00084731,0.00000000,0,0.00000000,29275,29294,75,0.00168193
1773320903.49186635,0.03560337,6233,0.00056514,0.00000000,0,0.00000000,29294,29305,57,0.00082785
1773320903.59193826,0.03804735,6239,0.00098812,0.00000000,0,0.00000000,29305,29283,68,0.00083939
1773320903.69198251,0.03935672,6208,0.00033373,0.00000000,0,0.00000000,29283,29289,61,0.00148832
1773320903.79184079,0.02897620,6270,0.00024136,0.00000000,0,0.00000000,29289,29306,61,0.00090405
1773320903.89184594,0.01840057,6230,0.00020802,0.00000000,0,0.00000000,29306,29321,68,0.00155747
1773320903.99183512,0.01647686,6226,0.00014942,0.00000000,0,0.00000000,29321,29341,59,0.00285456
1773320904.09176254,0.02086090,6265,0.00028700,0.00000000,0,0.00000000,29341,29319,71,0.00252102
1773320904.19192028,0.01960041,6232,0.00029946,0.00000000,0,0.00000000,29319,29330,72,0.00149070
1773320904.29178572,0.03322962,6272,0.00063385,0.00000000,0,0.00000000,29330,29328,69,0.00184697
1773320904.39185047,0.03550690,6227,0.00082661,0.00000000,0,0.00000000,29328,29317,78,0.00084636
1773320904.49186468,0.03245598,6277,0.00084114,0.00000000,0,0.00000000,29317,29326,71,0.00145749
1773320904.59192920,0.03674757,6235,0.00074069,0.00000000,0,0.00000000,29326,29331,51,0.00081390
1773320904.69183421,0.03313800,6288,0.00027497,0.00000000,0,0.00000000,29331,29352,60,0.00257599
1773320904.79198050,0.02389512,6254,0.00042951,0.00000000,0,0.00000000,29352,29355,65,0.00156825
1773320904.89203572,0.02280174,6241,0.00030093,0.00000000,0,0.00000000,29355,29342,65,0.00101528
1773320904.99182320,0.02079413,6265,0.00022358,0.00000000,0,0.00000000,29342,29335,53,0.00153396
1773320905.09188962,0.01982268,6228,0.00032266,0.00000000,0,0.00000000,29335,29294,62,0.00149995
1773320905.19192505,0.03212541,6262,0.00057588,0.00000000,0,0.00000000,29294,29305,62,0.00096708
1773320905.29190159,0.03000629,6255,0.00048421,0.00000000,0,0.00000000,29305,29332,61,0.00117033
1773320905.39195871,0.03427396,6242,0.00058210,0.00000000,0,0.00000000,29332,29338,57,0.00158496
1773320905.49198365,0.02620873,6229,0.00072638,0.00000000,0,0.00000000,29338,29355,72,0.00081686
1773320905.59202051,0.03263345,6235,0.00068909,0.00000000,0,0.00000000,29355,29354,60,0.00240843
1773320905.69207454,0.03912885,6252,0.00065220,0.00000000,0,0.00000000,29354,29354,57,0.00175656
1773320905.79196024,0.02200329,6261,0.00034234,0.00000000,0,0.00000000,29354,29354,62,0.00230027
1773320905.89196157,0.02374842,6288,0.00027776,0.00000000,0,0.00000000,29354,29358,60,0.00109996
1773320905.99200749,0.01642319,6255,0.00017804,0.00000000,0,0.00000000,29358,29367,70,0.00158152
1773320906.09211111,0.02073992,6242,0.00023433,0.00000000,0,0.00000000,29367,29367,62,0.00233270
1773320906.19198012,0.01622884,6261,0.00015725,0.00000000,0,0.00000000,29367,29383,60,0.00122861
1773320906.29201198,0.02831465,6267,0.00056893,0.00000000,0,0.00000000,29383,29399,64,0.00145783
1773320906.39210939,0.03827965,6272,0.00074954,0.00000000,0,0.00000000,29399,29404,66,0.00086852
1773320906.49198699,0.03519209,6226,0.00066665,0.00000000,0,0.00000000,29404,29420,69,0.00098256
1773320906.59203792,0.03994090,6253,0.00092632,0.00000000,0,0.00000000,29420,29419,60,0.00091741
1773320906.69206500,0.03367880,6269,0.00024429,0.00000000,0,0.00000000,29419,29431,63,0.00172593
1773320906.79207635,0.01981414,6253,0.00023927,0.00000000,0,0.00000000,29431,29436,52,0.00170623
1773320906.89209223,0.02355832,6275,0.00019137,0.00000000,0,0.00000000,29436,29442,41,0.00091224
1773320906.99221206,0.01934304,6246,0.00014614,0.00000000,0,0.00000000,29442,29450,65,0.00223894
1773320907.09215665,0.01946706,6278,0.00021576,0.00000000,0,0.00000000,29450,29451,64,0.00263994
1773320907.19213223,0.01979688,6280,0.00021073,0.00000000,0,0.00000000,29451,29458,60,0.00106371
1773320907.29219151,0.03517478,6217,0.00069235,0.00000000,0,0.00000000,29458,29441,58,0.00180252
1773320907.39207983,0.03855661,6268,0.00066713,0.00000000,0,0.00000000,29441,29464,71,0.00075936
1773320907.49206877,0.03783062,6272,0.00041609,0.00000000,0,0.00000000,29464,29437,51,0.00076294
1773320907.59210467,0.04006075,6259,0.00100491,0.00000000,0,0.00000000,29437,29443,81,0.00081697
1773320907.69210935,0.03921666,6271,0.00031611,0.00000000,0,0.00000000,29443,29463,63,0.00178132
1773320907.79217482,0.02331402,6280,0.00036714,0.00000000,0,0.00000000,29463,29465,63,0.00276749
1773320907.89216733,0.03324156,6279,0.00075513,0.00000000,0,0.00000000,29465,29480,67,0.00301707
1773320907.99222970,0.02202171,6272,0.00035470,0.00000000,0,0.00000000,29480,29488,71,0.00271986
1773320908.09225607,0.02046774,6264,0.00018763,0.00000000,0,0.00000000,29488,29507,65,0.00259892
1773320908.19225192,0.01982348,6227,0.00020340,0.00000000,0,0.00000000,29507,29534,64,0.00122132
1773320908.29215169,0.03699439,6259,0.00112308,0.00000000,0,0.00000000,29534,29526,79,0.00089203
1773320908.39211154,0.03019000,6274,0.00075199,0.00000000,0,0.00000000,29526,29537,67,0.00138438
1773320908.49213457,0.03494162,6313,0.00073703,0.00000000,0,0.00000000,29537,29552,64,0.00088109
1773320908.59230518,0.03821467,6212,0.00056475,0.00000000,0,0.00000000,29552,29566,56,0.00085855
1773320908.69222760,0.04397174,6236,0.00028724,0.00000000,0,0.00000000,29566,29575,58,0.00194713
1773320908.79222989,0.02629344,6263,0.00040552,0.00000000,0,0.00000000,29575,29565,64,0.00276431
1773320908.89228392,0.03400533,6258,0.00027625,0.00000000,0,0.00000000,29565,29571,69,0.00236369
1773320908.99224138,0.02425773,6235,0.00028938,0.00000000,0,0.00000000,29571,29598,84,0.00208367
1773320909.09236360,0.02313260,6205,0.00022892,0.00000000,0,0.00000000,29598,29598,62,0.00283108
1773320909.19235206,0.02122334,6229,0.00029284,0.00000000,0,0.00000000,29598,29621,77,0.00199394
1773320909.29238820,0.03191096,6203,0.00071690,0.00000000,0,0.00000000,29621,29632,60,0.00202964
1773320909.39223671,0.03768160,6235,0.00069098,0.00000000,0,0.00000000,29632,29633,53,0.00086142
1773320909.49224782,0.03312699,6221,0.00057739,0.00000000,0,0.00000000,29633,29641,50,0.00085038
1773320909.59227443,0.04225921,6261,0.00070379,0.00000000,0,0.00000000,29641,29648,58,0.00105288
1773320909.69229841,0.04266280,6256,0.00031196,0.00000000,0,0.00000000,29648,29637,56,0.00154230
1773320909.79231000,0.02483800,6208,0.00057811,0.00000000,0,0.00000000,29637,29640,56,0.00318795
1773320909.89240885,0.02303878,6212,0.00022742,0.00000000,0,0.00000000,29640,29663,58,0.00293827
1773320909.99233985,0.02293065,6220,0.00030322,0.00000000,0,0.00000000,29663,29671,66,0.00317140
1773320910.09235907,0.02044173,6219,0.00023294,0.00000000,0,0.00000000,29671,29670,56,0.00296715
1773320910.19236517,0.01937397,6180,0.00016372,0.00000000,0,0.00000000,29670,29689,62,0.00101016
1773320910.29241419,0.03999578,6176,0.00081899,0.00000000,0,0.00000000,29689,29654,52,0.00112989
1773320910.39240170,0.03921655,6204,0.00058652,0.00000000,0,0.00000000,29654,29647,43,0.00176053
1773320910.49242091,0.03935980,6202,0.00029930,0.00000000,0,0.00000000,29647,29654,62,0.00083281
1773320910.59245014,0.03762455,6166,0.00073126,0.00000000,0,0.00000000,29654,29640,45,0.00120374
1773320910.69234586,0.02252812,6209,0.00025685,0.00000000,0,0.00000000,29640,29661,65,0.00169260
1773320910.79253936,0.02103167,6214,0.00040629,0.00000000,0,0.00000000,29661,29679,55,0.00294844
1773320910.89251423,0.03259915,6190,0.00027849,0.00000000,0,0.00000000,29679,29674,61,0.00239382
1773320910.99256444,0.02123151,6177,0.00028758,0.00000000,0,0.00000000,29674,29695,65,0.00138511
1773320911.09243679,0.01900172,6227,0.00023922,0.00000000,0,0.00000000,29695,29708,67,0.00156578
1773320911.19246626,0.02213430,6227,0.00026640,0.00000000,0,0.00000000,29708,29726,78,0.00132445
1773320911.29248452,0.03509662,6198,0.00066012,0.00000000,0,0.00000000,29726,29731,60,0.00173946
1773320911.39249611,0.03196025,6211,0.00060132,0.00000000,0,0.00000000,29731,29744,60,0.00081570
1773320911.49252367,0.03823422,6212,0.00068723,0.00000000,0,0.00000000,29744,29740,55,0.00131369
1773320911.59245825,0.04109653,6234,0.00101932,0.00000000,0,0.00000000,29740,29737,77,0.00156564
1773320911.69255257,0.02479231,6191,0.00050238,0.00000000,0,0.00000000,29737,29688,54,0.00191999
1773320911.79257274,0.05980626,6192,0.00063137,0.00000000,0,0.00000000,29688,29706,58,0.00172616
1773320911.89254713,0.05092572,6233,0.00029134,0.00000000,0,0.00000000,29706,29705,49,0.00193511
1773320911.99256682,0.02221377,6195,0.00034594,0.00000000,0,0.00000000,29705,29713,66,0.00174152
1773320912.09268260,0.02425694,6173,0.00035902,0.00000000,0,0.00000000,29713,29706,65,0.00177603
1773320912.19255042,0.02234325,6201,0.00029659,0.00000000,0,0.00000000,29706,29715,50,0.00118027
1773320912.29261994,0.04017604,6156,0.00066720,0.00000000,0,0.00000000,29715,29723,57,0.00308688
1773320912.39251280,0.03479839,6240,0.00015119,0.00000000,0,0.00000000,29723,29739,55,0.00078298
1773320912.49267340,0.04356436,6213,0.00067891,0.00000000,0,0.00000000,29739,29744,58,0.00145154
1773320912.59270144,0.04189409,6190,0.00072267,0.00000000,0,0.00000000,29744,29749,63,0.00117197
1773320912.69256568,0.04613066,6196,0.00085657,0.00000000,0,0.00000000,29749,29763,69,0.00271597
1773320912.79256773,0.05235543,6211,0.00025650,0.00000000,0,0.00000000,29763,29771,57,0.00233338
1773320912.89257145,0.02716902,6215,0.00022509,0.00000000,0,0.00000000,29771,29750,52,0.00261052
1773320912.99258971,0.03405831,6185,0.00027183,0.00000000,0,0.00000000,29750,29758,53,0.00293197
1773320913.09262609,0.02648190,6213,0.00025759,0.00000000,0,0.00000000,29758,29769,66,0.00327275
1773320913.19262433,0.01826303,6223,0.00013909,0.00000000,0,0.00000000,29769,29780,55,0.00328185
1773320913.29268265,0.02052742,6209,0.00010155,0.00000000,0,0.00000000,29780,29791,36,0.00108491
1773320913.39266396,0.03137023,6175,0.00055317,0.00000000,0,0.00000000,29791,29809,62,0.00173933
1773320913.49255991,0.03512043,6228,0.00057586,0.00000000,0,0.00000000,29809,29799,51,0.00160822
1773320913.59277773,0.04537251,6147,0.00055077,0.00000000,0,0.00000000,29799,29813,57,0.00080584
1773320913.69268703,0.02247891,6198,0.00017879,0.00000000,0,0.00000000,29813,29821,52,0.00082384
1773320913.79266405,0.02921054,6161,0.00045954,0.00000000,0,0.00000000,29821,29834,52,0.00287896
1773320913.89320326,0.01802550,6245,0.00029148,0.00000000,0,0.00000000,29834,29823,55,0.00219836
1773320913.99271441,0.01828351,6154,0.00022058,0.00000000,0,0.00000000,29823,29828,70,0.00135411
1773320914.09278774,0.01696423,6149,0.00012278,0.00000000,0,0.00000000,29828,29851,44,0.00149832
1773320914.19258070,0.03045660,6178,0.00025478,0.00000000,0,0.00000000,29851,29860,54,0.00122224
1773320914.29265237,0.02724084,6193,0.00051641,0.00000000,0,0.00000000,29860,29880,60,0.00094450
1773320914.39273882,0.02982018,6179,0.00046143,0.00000000,0,0.00000000,29880,29897,46,0.00078039
1773320914.49260116,0.03424175,6182,0.00061288,0.00000000,0,0.00000000,29897,29899,51,0.00084223
1773320914.59264898,0.03901747,6172,0.00039131,0.00000000,0,0.00000000,29899,29907,50,0.00211413
1773320914.69268394,0.03710210,6173,0.00059551,0.00000000,0,0.00000000,29573,29588,58,0.00211202
1773320914.79281116,0.03540964,6186,0.00083799,0.00000000,0,0.00000000,29588,29568,63,0.00307106
1773320914.89270401,0.03996822,6163,0.00055214,0.00000000,0,0.00000000,29568,29578,48,0.00217212
1773320914.99267149,0.04006411,6187,0.00057451,0.00000000,0,0.00000000,29578,29596,63,0.00279549
1773320915.09276581,0.03822196,6137,0.00018640,0.00000000,0,0.00000000,29596,29615,48,0.00293922
1773320915.19256663,0.03512524,6206,0.00060441,0.00000000,0,0.00000000,29615,29632,58,0.00254474
1773320915.29264665,0.03369240,6177,0.00061743,0.00000000,0,0.00000000,29632,29623,47,0.00254114
1773320915.39264297,0.03433155,6194,0.00063643,0.00000000,0,0.00000000,29623,29622,53,0.00159626
1773320915.49267435,0.03454944,6190,0.00039924,0.00000000,0,0.00000000,29622,29640,56,0.00163641
1773320915.59270692,0.02116155,6195,0.00019401,0.00000000,0,0.00000000,29640,29655,50,0.00260636
1773320915.69273186,0.04738910,6156,0.00062523,0.00000000,0,0.00000000,29655,29689,83,0.00285549
1773320915.79272914,0.02779530,6175,0.00014420,0.00000000,0,0.00000000,29689,29698,42,0.00265114
1773320915.89276171,0.03933954,6132,0.00037924,0.00000000,0,0.00000000,29698,29671,52,0.00221356
1773320915.99183249,0.02385512,6203,0.00017680,0.00000000,0,0.00000000,29671,29684,43,0.00170728
1773320916.09179664,0.01721792,6162,0.00022995,0.00000000,0,0.00000000,29684,29694,51,0.00294836
1773320916.19267178,0.01615354,6138,0.00016052,0.00000000,0,0.00000000,29694,29686,59,0.00101854
1773320916.29179525,0.01949876,6151,0.00018197,0.00000000,0,0.00000000,29686,29701,49,0.00404469
1773320916.39188623,0.01832504,6168,0.00018993,0.00000000,0,0.00000000,29701,29700,59,0.00088055
1773320916.49182415,0.01603816,6175,0.00019330,0.00000000,0,0.00000000,29700,29718,64,0.00149097
1773320916.59190631,0.02393006,6162,0.00052054,0.00000000,0,0.00000000,29718,29721,48,0.00078677
1773320916.69194388,0.02279339,6208,0.00018596,0.00000000,0,0.00000000,29721,29730,49,0.00084351
1773320916.79272699,0.02834092,6152,0.00022143,0.00000000,0,0.00000000,29730,29738,51,0.00079449
1773320916.89283848,0.01659706,6149,0.00012528,0.00000000,0,0.00000000,29738,29748,56,0.00089314
1773320916.99186945,0.01981013,6151,0.00017337,0.00000000,0,0.00000000,29748,29759,53,0.00104422
1773320917.09188366,0.01804442,6140,0.00015923,0.00000000,0,0.00000000,29759,29758,48,0.00276974
1773320917.19186544,0.03483145,6187,0.00037609,0.00000000,0,0.00000000,29758,29769,49,0.00231028
1773320917.29192400,0.03555567,6178,0.00021976,0.00000000,0,0.00000000,29769,29778,61,0.00090651
1773320917.39195919,0.03281182,6167,0.00023440,0.00000000,0,0.00000000,29778,29789,51,0.00084989
1773320917.49192572,0.03842052,6168,0.00019512,0.00000000,0,0.00000000,29789,29803,58,0.00079953
1773320917.59190655,0.04008619,6170,0.00051033,0.00000000,0,0.00000000,29803,29814,53,0.00272400
1773320917.69198251,0.03784641,6121,0.00064068,0.00000000,0,0.00000000,29814,29824,57,0.00277374
1773320917.79201174,0.04850372,6180,0.00016453,0.00000000,0,0.00000000,29824,29831,44,0.00322799
1773320917.89196157,0.02400929,6142,0.00017067,0.00000000,0,0.00000000,29831,29845,47,0.00287199
1773320917.99201488,0.02924070,6150,0.00035806,0.00000000,0,0.00000000,29845,29840,57,0.00283418
1773320918.09196210,0.02362415,6173,0.00026427,0.00000000,0,0.00000000,29840,29849,51,0.00344774
1773320918.19208622,0.01650358,6151,0.00011466,0.00000000,0,0.00000000,29849,29854,44,0.00375821
1773320918.29196048,0.02067323,6217,0.00023717,0.00000000,0,0.00000000,29854,29851,54,0.00079776
1773320918.39199996,0.03729351,6256,0.00057497,0.00000000,0,0.00000000,29851,29852,52,0.00288142
1773320918.49202728,0.03072045,6188,0.00046905,0.00000000,0,0.00000000,29852,29863,49,0.00147369
1773320918.59193516,0.04023983,6224,0.00046213,0.00000000,0,0.00000000,29863,29872,51,0.00084617
1773320918.69203925,0.04168619,6233,0.00021381,0.00000000,0,0.00000000,29872,29884,45,0.00132341
1773320918.79208660,0.02153745,6250,0.00019939,0.00000000,0,0.00000000,29884,29874,40,0.00299264
1773320918.89289474,0.03184095,6255,0.00049091,0.00000000,0,0.00000000,29874,29877,52,0.00163018
1773320918.99221730,0.02174740,6261,0.00013439,0.00000000,0,0.00000000,29877,29892,38,0.00223230
1773320919.09297585,0.01615568,6264,0.00016902,0.00000000,0,0.00000000,29892,29889,48,0.00206755
1773320919.19296408,0.02027567,6269,0.00020274,0.00000000,0,0.00000000,29889,29903,47,0.00108683
1773320919.29213071,0.03398243,6272,0.00062836,0.00000000,0,0.00000000,29903,29900,46,0.00150515
1773320919.39208722,0.03325200,6285,0.00047803,0.00000000,0,0.00000000,29900,29897,42,0.00145822
1773320919.49204469,0.03145842,6286,0.00052917,0.00000000,0,0.00000000,29897,29880,48,0.00075424
1773320919.59210825,0.03398170,6262,0.00066990,0.00000000,0,0.00000000,29880,29866,52,0.00112766
1773320919.69304752,0.04145415,6242,0.00065241,0.00000000,0,0.00000000,29866,29883,50,0.00339118
1773320919.79296780,0.02228372,6286,0.00019235,0.00000000,0,0.00000000,29883,29889,51,0.00200052
1773320919.89297438,0.03897456,6248,0.00077179,0.00000000,0,0.00000000,29889,29887,52,0.00173336
1773320919.99222565,0.01716187,6280,0.00028243,0.00000000,0,0.00000000,29887,29825,47,0.00288274
1773320920.09302473,0.01696193,6275,0.00011568,0.00000000,0,0.00000000,29825,29823,41,0.00206720
1773320920.19312048,0.01699721,6262,0.00014573,0.00000000,0,0.00000000,29823,29839,47,0.00156736
1773320920.29210877,0.02709928,6280,0.00036497,0.00000000,0,0.00000000,29839,29850,48,0.00112952
1773320920.39218497,0.02891825,6233,0.00085846,0.00000000,0,0.00000000,29850,29861,50,0.00087163
1773320920.49214673,0.03867810,6273,0.00054122,0.00000000,0,0.00000000,29861,29881,51,0.00082874
1773320920.59217620,0.04387624,6245,0.00056845,0.00000000,0,0.00000000,29881,29879,48,0.00082466
1773320920.69230294,0.02023067,6286,0.00016693,0.00000000,0,0.00000000,29879,29889,53,0.00158858
1773320920.79215693,0.02324972,6282,0.00016641,0.00000000,0,0.00000000,29889,29902,49,0.00165071
1773320920.89224339,0.01966406,6269,0.00016981,0.00000000,0,0.00000000,29902,29916,49,0.00225303
1773320920.99225569,0.01914732,6267,0.00022368,0.00000000,0,0.00000000,29916,29933,56,0.00281205
1773320921.09222507,0.01922222,6293,0.00018079,0.00000000,0,0.00000000,29933,29939,49,0.00210959
1773320921.19220638,0.01929957,6298,0.00018458,0.00000000,0,0.00000000,29939,29916,49,0.00099341
1773320921.29222727,0.04228871,6277,0.00053067,0.00000000,0,0.00000000,29916,29934,54,0.00094701
1773320921.39225602,0.03309301,6294,0.00044062,0.00000000,0,0.00000000,29934,29942,42,0.00102373
1773320921.49226856,0.04071191,6271,0.00046711,0.00000000,0,0.00000000,29942,29946,42,0.00115186
1773320921.59222770,0.03325259,6274,0.00078223,0.00000000,0,0.00000000,29946,29928,62,0.00086724
1773320921.69224262,0.04225046,6280,0.00026584,0.00000000,0,0.00000000,29928,29933,66,0.00257232
1773320921.79229355,0.02378479,6313,0.00018376,0.00000000,0,0.00000000,29933,29943,37,0.00154675
1773320921.89227939,0.02471617,6321,0.00022714,0.00000000,0,0.00000000,29943,29923,54,0.00171931
1773320921.99229431,0.01919039,6268,0.00020137,0.00000000,0,0.00000000,29923,29916,50,0.00263999
1773320922.09224677,0.01892654,6291,0.00020046,0.00000000,0,0.00000000,29916,29916,52,0.00195317
1773320922.19232225,0.01888006,6298,0.00024331,0.00000000,0,0.00000000,29916,29923,55,0.00110226
1773320922.29240131,0.03813923,6327,0.00095033,0.00000000,0,0.00000000,29923,29873,58,0.00177528
1773320922.39319658,0.03789873,6305,0.00048453,0.00000000,0,0.00000000,29873,29885,47,0.00095369
1773320922.49317408,0.04066053,6283,0.00091677,0.00000000,0,0.00000000,29885,29857,61,0.00114567
1773320922.59236073,0.03439360,6277,0.00055365,0.00000000,0,0.00000000,29857,29868,59,0.00092171
1773320922.69228816,0.04814271,6304,0.00077915,0.00000000,0,0.00000000,29868,29839,59,0.00171898
1773320922.79234385,0.03929207,6329,0.00025242,0.00000000,0,0.00000000,29839,29862,55,0.00176480
1773320922.89233685,0.04095038,6307,0.00062799,0.00000000,0,0.00000000,29862,29869,53,0.00311400
1773320922.99237227,0.02427462,6294,0.00035899,0.00000000,0,0.00000000,29869,29883,53,0.00322837
1773320923.09235907,0.02052169,6309,0.00014620,0.00000000,0,0.00000000,29883,29899,44,0.00276690
1773320923.19233632,0.01699497,6314,0.00019531,0.00000000,0,0.00000000,29899,29921,57,0.00336293
1773320923.29235148,0.01951748,6278,0.00020681,0.00000000,0,0.00000000,29921,29932,64,0.00214845
1773320923.39229512,0.03526158,6290,0.00046088,0.00000000,0,0.00000000,29932,29951,52,0.00212518
1773320923.49230790,0.02770943,6297,0.00054199,0.00000000,0,0.00000000,29951,29970,57,0.00139721
1773320923.59235120,0.03388027,6304,0.00069501,0.00000000,0,0.00000000,29970,29959,63,0.00159124
1773320923.69237018,0.02079363,6297,0.00019994,0.00000000,0,0.00000000,29959,29977,56,0.00102504
1773320923.79239845,0.02067434,6302,0.00021966,0.00000000,0,0.00000000,29977,29976,51,0.00142230
1773320923.89235759,0.02336321,6302,0.00016858,0.00000000,0,0.00000000,29976,30002,61,0.00233913
1773320923.99235129,0.01964034,6276,0.00031921,0.00000000,0,0.00000000,30002,29967,75,0.00217927
1773320924.09236860,0.01714047,6317,0.00019499,0.00000000,0,0.00000000,29967,29948,45,0.00208515
1773320924.19238710,0.03674413,6296,0.00035493,0.00000000,0,0.00000000,29948,29961,35,0.00112285
1773320924.29246593,0.03289389,6305,0.00029889,0.00000000,0,0.00000000,29961,29945,43,0.00159685
1773320924.39249945,0.03326634,6262,0.00102371,0.00000000,0,0.00000000,29945,29933,60,0.00157754
1773320924.49230409,0.02835739,6299,0.00043048,0.00000000,0,0.00000000,29933,29943,48,0.00088567
1773320924.59248543,0.02957676,6273,0.00058762,0.00000000,0,0.00000000,29943,29943,45,0.00111803
1773320924.69230914,0.02875974,6323,0.00021798,0.00000000,0,0.00000000,29943,29961,50,0.00252952
1773320924.79255652,0.01896228,6291,0.00038127,0.00000000,0,0.00000000,29961,29990,65,0.00314530
1773320924.89237928,0.01961481,6291,0.00016383,0.00000000,0,0.00000000,29990,30002,38,0.00176675
1773320924.99235582,0.01664017,6278,0.00018171,0.00000000,0,0.00000000,30002,30002,55,0.00197998
1773320925.09238005,0.01744317,6291,0.00020706,0.00000000,0,0.00000000,30002,29985,53,0.00338144
1773320925.19245481,0.01643898,6296,0.00020033,0.00000000,0,0.00000000,29985,29993,59,0.00121136
1773320925.29250765,0.02923030,6274,0.00039742,0.00000000,0,0.00000000,29993,30011,48,0.00175448
1773320925.39241576,0.02856119,6302,0.00059193,0.00000000,0,0.00000000,30011,30019,54,0.00082865
1773320925.49250555,0.03815750,6302,0.00037982,0.00000000,0,0.00000000,30019,30024,40,0.00083750
1773320925.59240365,0.03878523,6270,0.00066578,0.00000000,0,0.00000000,30024,30027,51,0.00159761
1773320925.69238973,0.02542576,6307,0.00019796,0.00000000,0,0.00000000,30027,30017,44,0.00160884
1773320925.79243946,0.01919336,6296,0.00019769,0.00000000,0,0.00000000,30017,30036,54,0.00158878
1773320925.89266729,0.03062529,6296,0.00026348,0.00000000,0,0.00000000,30036,30058,59,0.00245385
1773320925.99249434,0.02090776,6254,0.00023285,0.00000000,0,0.00000000,30058,30053,48,0.00239394
1773320926.09209871,0.01908762,6297,0.00023507,0.00000000,0,0.00000000,30053,30071,49,0.00216110
1773320926.19255447,0.01977030,6234,0.00038659,0.00000000,0,0.00000000,30071,30079,67,0.00105034
1773320926.29184389,0.03636648,6252,0.00018917,0.00000000,0,0.00000000,30079,30077,48,0.00172759
1773320926.39191723,0.03531020,6287,0.00022013,0.00000000,0,0.00000000,30077,30078,56,0.00139206
1773320926.49192405,0.03807305,6294,0.00024470,0.00000000,0,0.00000000,30078,30095,58,0.00080839
1773320926.59189558,0.04015075,6269,0.00058828,0.00000000,0,0.00000000,30095,30074,45,0.00116626
1773320926.69186831,0.03896744,6292,0.00063043,0.00000000,0,0.00000000,30074,30066,49,0.00254817
1773320926.79254818,0.02188816,6252,0.00016676,0.00000000,0,0.00000000,30066,30080,59,0.00176585
1773320926.89189744,0.02033492,6292,0.00028718,0.00000000,0,0.00000000,30080,30080,48,0.00234268
1773320926.99240398,0.01481126,6242,0.00015072,0.00000000,0,0.00000000,30080,30072,42,0.00238114
1773320927.09175587,0.02090368,6306,0.00018842,0.00000000,0,0.00000000,30072,30090,53,0.00198257
1773320927.19243646,0.01744720,6263,0.00019806,0.00000000,0,0.00000000,30090,30105,54,0.00240176
1773320927.29252124,0.03386073,6285,0.00073520,0.00000000,0,0.00000000,30105,30102,52,0.00144960
1773320927.39259219,0.04230623,6248,0.00065250,0.00000000,0,0.00000000,30102,30111,51,0.00080127
1773320927.49191785,0.03138943,6272,0.00056613,0.00000000,0,0.00000000,30111,30119,50,0.00168346
1773320927.59184241,0.03800437,6298,0.00037658,0.00000000,0,0.00000000,30119,30129,45,0.00118253
1773320927.69258785,0.03378979,6240,0.00042055,0.00000000,0,0.00000000,30129,30136,46,0.00239462
1773320927.79197764,0.04592260,6251,0.00186324,0.00000000,0,0.00000000,30136,30143,49,0.00302904
1773320927.89195895,0.01793607,6249,0.00035425,0.00000000,0,0.00000000,30143,30104,58,0.00255155
1773320927.99200797,0.02448306,6270,0.00037851,0.00000000,0,0.00000000,30104,30112,53,0.00264717
1773320928.09185457,0.02015047,6263,0.00017649,0.00000000,0,0.00000000,30112,30129,54,0.00174122
1773320928.19206762,0.02042328,6301,0.00025515,0.00000000,0,0.00000000,30129,30145,65,0.00361063
1773320928.29189682,0.01598439,6268,0.00014912,0.00000000,0,0.00000000,30145,30159,61,0.00095676
1773320928.39199543,0.03662597,6233,0.00048955,0.00000000,0,0.00000000,30159,30162,52,0.00147662
1773320928.49181676,0.03130273,6298,0.00034945,0.00000000,0,0.00000000,30162,30165,34,0.00128320
1773320928.59191704,0.02845583,6270,0.00039623,0.00000000,0,0.00000000,30165,30174,43,0.00097978
1773320928.69190693,0.03620872,6288,0.00050208,0.00000000,0,0.00000000,30174,30177,45,0.00077765
1773320928.79189086,0.02479399,6266,0.00025188,0.00000000,0,0.00000000,30177,30182,59,0.00226581
1773320928.89193392,0.02819007,6276,0.00012711,0.00000000,0,0.00000000,30182,30173,42,0.00139575
1773320928.99192190,0.01906485,6249,0.00020816,0.00000000,0,0.00000000,30173,30163,58,0.00192186
1773320929.09213066,0.01900988,6259,0.00011432,0.00000000,0,0.00000000,30163,30169,36,0.00244082
1773320929.19195938,0.01788165,6263,0.00006518,0.00000000,0,0.00000000,30169,30178,35,0.00133482
1773320929.29203343,0.02849085,6294,0.00046571,0.00000000,0,0.00000000,30178,30178,48,0.00193045
1773320929.39196682,0.02525157,6259,0.00043811,0.00000000,0,0.00000000,30178,30196,46,0.00087731
1773320929.49201632,0.03223182,6249,0.00054831,0.00000000,0,0.00000000,30196,30199,50,0.00080795
1773320929.59182739,0.03859185,6284,0.00021792,0.00000000,0,0.00000000,30199,30187,40,0.00156623
1773320929.69206882,0.02038819,6227,0.00018597,0.00000000,0,0.00000000,30187,30202,49,0.00305958
1773320929.79183221,0.02264960,6277,0.00022689,0.00000000,0,0.00000000,30202,30160,41,0.00187437
1773320929.89188528,0.01819142,6285,0.00018170,0.00000000,0,0.00000000,30160,30157,51,0.00268711
1773320929.99193931,0.01678605,6256,0.00012306,0.00000000,0,0.00000000,30157,30161,43,0.00082374
1773320930.09202600,0.01694834,6272,0.00008967,0.00000000,0,0.00000000,30161,30173,35,0.00089878
1773320930.19205093,0.03126287,6266,0.00023759,0.00000000,0,0.00000000,30173,30161,55,0.00098216
1773320930.29197907,0.02942170,6292,0.00020221,0.00000000,0,0.00000000,30161,30166,44,0.00091119
1773320930.39197922,0.02771926,6274,0.00017228,0.00000000,0,0.00000000,30166,30178,47,0.00082506
1773320930.49199390,0.03002918,6302,0.00052810,0.00000000,0,0.00000000,30178,30173,46,0.00077200
1773320930.59204268,0.03731542,6263,0.00056640,0.00000000,0,0.00000000,30173,30169,53,0.00189888
1773320930.69189739,0.02283203,6290,0.00013716,0.00000000,0,0.00000000,30169,30183,49,0.00199340
1773320930.79209161,0.02187208,6296,0.00048255,0.00000000,0,0.00000000,30183,30177,43,0.00243419
1773320930.89203215,0.02206012,6242,0.00018974,0.00000000,0,0.00000000,30177,30151,43,0.00197831
1773320930.99193954,0.01461522,6254,0.00015646,0.00000000,0,0.00000000,30151,30141,36,0.00181889
1773320931.09195948,0.01520784,6266,0.00009099,0.00000000,0,0.00000000,30141,30141,46,0.00207766
1773320931.19195509,0.03747176,6290,0.00017622,0.00000000,0,0.00000000,30141,30151,42,0.00075007
1773320931.29195237,0.02877264,6236,0.00016330,0.00000000,0,0.00000000,30151,30153,41,0.00150888
1773320931.39195871,0.02819202,6284,0.00048291,0.00000000,0,0.00000000,30153,30159,49,0.00079374
1773320931.49202013,0.03822553,6288,0.00034080,0.00000000,0,0.00000000,30159,30159,35,0.00074985
1773320931.59199476,0.03995916,6276,0.00045660,0.00000000,0,0.00000000,30159,30165,37,0.00131653
1773320931.69204235,0.02102989,6267,0.00015574,0.00000000,0,0.00000000,30165,30176,40,0.00317841
1773320931.79206944,0.02387389,6261,0.00012705,0.00000000,0,0.00000000,30176,30183,42,0.00178810
1773320931.89210248,0.02389805,6265,0.00013428,0.00000000,0,0.00000000,30183,30185,43,0.00246351
1773320931.99214292,0.01940625,6212,0.00018097,0.00000000,0,0.00000000,30185,30192,49,0.00218101
1773320932.09213948,0.01784716,6262,0.00008562,0.00000000,0,0.00000000,30192,30201,32,0.00148925
1773320932.19213891,0.01783358,6188,0.00014984,0.00000000,0,0.00000000,30201,30202,43,0.00106014
1773320932.29202962,0.02925615,6258,0.00040803,0.00000000,0,0.00000000,30202,30202,46,0.00168667
1773320932.39202571,0.03819621,6248,0.00035926,0.00000000,0,0.00000000,30202,30205,36,0.00135627
1773320932.49207377,0.03658256,6208,0.00061135,0.00000000,0,0.00000000,30205,30206,45,0.00093694
1773320932.59200954,0.04418032,6248,0.00040526,0.00000000,0,0.00000000,30206,30217,41,0.00079560
1773320932.69215345,0.03433371,6232,0.00051004,0.00000000,0,0.00000000,30217,30227,43,0.00161133
1773320932.79208159,0.02876566,6218,0.00018956,0.00000000,0,0.00000000,30227,30231,36,0.00224724
1773320932.89218283,0.02096367,6243,0.00017028,0.00000000,0,0.00000000,30231,30243,44,0.00330099
1773320932.99211812,0.03327384,6197,0.00019855,0.00000000,0,0.00000000,30243,30254,40,0.00290321
1773320933.09214997,0.01918498,6220,0.00015575,0.00000000,0,0.00000000,30254,30263,41,0.00149187
1773320933.19216204,0.02200358,6254,0.00023574,0.00000000,0,0.00000000,30263,30276,46,0.00284422
1773320933.29214287,0.01363661,6215,0.00008517,0.00000000,0,0.00000000,30276,30291,34,0.00198289
1773320933.39219832,0.01341181,6174,0.00009787,0.00000000,0,0.00000000,30291,30292,39,0.00187796
1773320933.49212313,0.03031297,6248,0.00029701,0.00000000,0,0.00000000,30292,30304,47,0.00088237
1773320933.59209585,0.03722138,6239,0.00015934,0.00000000,0,0.00000000,30304,30314,40,0.00149950
1773320933.69222474,0.03263523,6235,0.00041456,0.00000000,0,0.00000000,30314,30321,44,0.00079126
1773320933.79210734,0.02604714,6243,0.00019901,0.00000000,0,0.00000000,30321,30323,46,0.00077535
1773320933.89211416,0.02866660,6236,0.00024436,0.00000000,0,0.00000000,30323,30328,38,0.00198781
1773320933.99245572,0.01950729,6228,0.00024072,0.00000000,0,0.00000000,30328,30335,46,0.00210487
1773320934.09218860,0.02305911,6231,0.00013380,0.00000000,0,0.00000000,30335,30343,39,0.00163503
1773320934.19214606,0.01528875,6221,0.00012109,0.00000000,0,0.00000000,30343,30348,41,0.00195522
1773320934.29223680,0.03144106,6232,0.00064577,0.00000000,0,0.00000000,30348,30322,45,0.00115784
1773320934.39225149,0.02504593,6234,0.00033100,0.00000000,0,0.00000000,30322,30327,34,0.00156798
1773320934.49225783,0.02432627,6245,0.00046286,0.00000000,0,0.00000000,30327,30332,48,0.00163381
1773320934.59220982,0.03196209,6197,0.00037596,0.00000000,0,0.00000000,30332,30339,36,0.00181997
1773320934.69211721,0.03667044,6264,0.00023744,0.00000000,0,0.00000000,30339,30332,43,0.00231567
1773320934.79224968,0.02185382,6221,0.00034301,0.00000000,0,0.00000000,30332,30346,40,0.00222671
1773320934.89228559,0.03357109,6250,0.00023225,0.00000000,0,0.00000000,30346,30356,56,0.00178428
1773320934.99228978,0.02046100,6236,0.00019218,0.00000000,0,0.00000000,30356,30367,39,0.00241233
1773320935.09235382,0.01989660,6250,0.00010715,0.00000000,0,0.00000000,30367,30380,46,0.00236317
1773320935.19233108,0.01713145,6254,0.00011035,0.00000000,0,0.00000000,30380,30382,40,0.00100763
1773320935.29228878,0.03165293,6220,0.00048693,0.00000000,0,0.00000000,30382,30402,48,0.00229813
1773320935.39234972,0.03317929,6240,0.00009659,0.00000000,0,0.00000000,30402,30409,30,0.00084092
1773320935.49226403,0.02969073,6267,0.00045378,0.00000000,0,0.00000000,30409,30405,43,0.00089815
1773320935.59233904,0.03181839,6253,0.00042280,0.00000000,0,0.00000000,30405,30389,34,0.00092747
1773320935.69227576,0.02362614,6249,0.00019754,0.00000000,0,0.00000000,30389,30400,39,0.00223537
1773320935.79250503,0.02066544,6268,0.00019374,0.00000000,0,0.00000000,30400,30408,38,0.00220349
1773320935.89237285,0.01671162,6262,0.00014816,0.00000000,0,0.00000000,30408,30405,40,0.00281673
1773320935.99232101,0.01861906,6261,0.00010030,0.00000000,0,0.00000000,30405,30397,32,0.00105064
1773320936.09240818,0.01628982,6207,0.00013963,0.00000000,0,0.00000000,30397,30403,52,0.00153719
1773320936.19223404,0.03115934,6197,0.00032202,0.00000000,0,0.00000000,30403,30410,34,0.00111296
1773320936.29226923,0.03137728,6250,0.00033865,0.00000000,0,0.00000000,30410,30414,34,0.00084175
1773320936.39228296,0.03002665,6272,0.00012836,0.00000000,0,0.00000000,30414,30422,43,0.00167420
1773320936.49234366,0.02967769,6246,0.00055141,0.00000000,0,0.00000000,30422,30430,46,0.00080371
1773320936.59239340,0.03488983,6255,0.00017136,0.00000000,0,0.00000000,30430,30430,47,0.00229992
1773320936.69230533,0.03896569,6244,0.00050068,0.00000000,0,0.00000000,30430,30438,40,0.00226378
1773320936.79237604,0.01931742,6251,0.00017706,0.00000000,0,0.00000000,30438,30426,37,0.00286067
1773320936.89234519,0.02258125,6253,0.00055356,0.00000000,0,0.00000000,30426,30433,46,0.00209641
1773320936.99245763,0.01893531,6213,0.00014730,0.00000000,0,0.00000000,30433,30437,47,0.00174427
1773320937.09233594,0.01878497,6234,0.00016118,0.00000000,0,0.00000000,30437,30445,41,0.00203420
1773320937.19231892,0.01508518,6254,0.00014239,0.00000000,0,0.00000000,30445,30443,35,0.00245888
1773320937.29237843,0.02563950,6213,0.00052248,0.00000000,0,0.00000000,30443,30428,42,0.00075664
1773320937.39240575,0.03675780,6232,0.00066893,0.00000000,0,0.00000000,30428,30432,34,0.00197050
1773320937.49239159,0.03638278,6200,0.00028499,0.00000000,0,0.00000000,30432,30445,39,0.00144942
1773320937.59241796,0.03948450,6188,0.00057959,0.00000000,0,0.00000000,30445,30424,35,0.00105223
1773320937.69249368,0.03637057,6188,0.00052207,0.00000000,0,0.00000000,30424,30434,35,0.00218776
1773320937.79247403,0.04069294,6183,0.00058248,0.00000000,0,0.00000000,30434,30431,59,0.00291575
1773320937.89259219,0.03150714,6163,0.00041455,0.00000000,0,0.00000000,30431,30443,39,0.00319219
1773320937.99247575,0.04394180,6149,0.00051754,0.00000000,0,0.00000000,30443,30445,57,0.00272995
1773320938.09237742,0.04281065,6182,0.00061228,0.00000000,0,0.00000000,30445,30441,59,0.00314420
1773320938.19249868,0.03376891,6168,0.00010584,0.00000000,0,0.00000000,30441,30439,43,0.00542373
1773320938.29250431,0.03910609,6221,0.00018286,0.00000000,0,0.00000000,30439,30415,42,0.00157143
1773320938.39249158,0.03543449,6185,0.00011765,0.00000000,0,0.00000000,30415,30418,37,0.00310154
1773320938.49255776,0.02986592,6226,0.00017435,0.00000000,0,0.00000000,30418,30385,44,0.00290347
1773320938.59260893,0.03196636,6172,0.00050000,0.00000000,0,0.00000000,30385,30398,48,0.00301124
1773320938.69239402,0.04060586,6210,0.00023382,0.00000000,0,0.00000000,30398,30406,43,0.00284032
1773320938.79241729,0.02611144,6212,0.00027240,0.00000000,0,0.00000000,30406,30400,54,0.00169305
1773320938.89250064,0.03100495,6209,0.00054367,0.00000000,0,0.00000000,30400,30408,45,0.00223746
1773320938.99247575,0.02456517,6199,0.00020226,0.00000000,0,0.00000000,30408,30414,38,0.00185413
1773320939.09250903,0.01892701,6167,0.00018539,0.00000000,0,0.00000000,30414,30432,63,0.00231111
1773320939.19254398,0.01779235,6198,0.00039086,0.00000000,0,0.00000000,30432,30430,62,0.00150239
1773320939.29259372,0.02012011,6191,0.00017518,0.00000000,0,0.00000000,30430,30444,54,0.00109133
1773320939.39262223,0.02927221,6163,0.00018848,0.00000000,0,0.00000000,30444,30455,57,0.00148084
1773320939.49248695,0.02033823,6198,0.00017268,0.00000000,0,0.00000000,30455,30464,48,0.00080041
1773320939.59250975,0.01910655,6152,0.00013995,0.00000000,0,0.00000000,30464,30482,58,0.00075130
1773320939.69256186,0.01968078,6185,0.00012960,0.00000000,0,0.00000000,30482,30479,46,0.00077793
1773320939.79262495,0.02867006,6198,0.00016035,0.00000000,0,0.00000000,30479,30482,42,0.00162238
1773320939.89262176,0.03093345,6217,0.00016859,0.00000000,0,0.00000000,30482,30491,43,0.00083817
1773320939.99262714,0.01921295,6188,0.00016221,0.00000000,0,0.00000000,30491,30499,38,0.00157003
1773320940.09248710,0.01816157,6271,0.00017411,0.00000000,0,0.00000000,30499,30499,48,0.00090253
1773320940.19268799,0.01685746,6183,0.00023608,0.00000000,0,0.00000000,30499,30505,51,0.00251764
1773320940.29255271,0.02998013,6211,0.00049626,0.00000000,0,0.00000000,30505,30519,52,0.00182998
1773320940.39251065,0.02519093,6219,0.00064788,0.00000000,0,0.00000000,30519,30517,57,0.00088014
1773320940.49256015,0.02631515,6226,0.00037155,0.00000000,0,0.00000000,30517,30537,53,0.00081306
1773320940.59255624,0.03670206,6243,0.00053845,0.00000000,0,0.00000000,30537,30542,47,0.00080029
1773320940.69260550,0.03369579,6219,0.00047125,0.00000000,0,0.00000000,30542,30545,52,0.00179718
1773320940.79254293,0.03487413,6248,0.00044453,0.00000000,0,0.00000000,30545,30556,41,0.00185431
1773320940.89257789,0.03560939,6230,0.00024282,0.00000000,0,0.00000000,30556,30565,58,0.00223572
1773320940.99258542,0.03337562,6226,0.00017329,0.00000000,0,0.00000000,30565,30578,48,0.00128479
1773320941.09262109,0.02977574,6252,0.00013620,0.00000000,0,0.00000000,30578,30588,44,0.00300717
1773320941.19259977,0.03567417,6256,0.00062120,0.00000000,0,0.00000000,30588,30578,53,0.00235259
1773320941.29257202,0.03274987,6254,0.00043569,0.00000000,0,0.00000000,30578,30572,42,0.00202282
1773320941.39260674,0.03553399,6239,0.00053141,0.00000000,0,0.00000000,30572,30572,47,0.00176501
1773320941.49267578,0.02714728,6277,0.00051767,0.00000000,0,0.00000000,30572,30581,61,0.00239962
1773320941.59267259,0.03307364,6295,0.00028286,0.00000000,0,0.00000000,30581,30578,32,0.00372162
1773320941.69263029,0.02531866,6249,0.00014925,0.00000000,0,0.00000000,30578,30564,38,0.00195537
1773320941.79260874,0.01993308,6232,0.00032186,0.00000000,0,0.00000000,30564,30566,46,0.00307231
1773320941.89265752,0.02969769,6240,0.00045716,0.00000000,0,0.00000000,30566,30572,40,0.00178194
1773320941.99268103,0.01959821,6259,0.00018673,0.00000000,0,0.00000000,30572,30579,42,0.00284297
1773320942.09268069,0.01411011,6181,0.00024483,0.00000000,0,0.00000000,30579,30572,52,0.00242606
1773320942.19241190,0.01517449,6281,0.00010929,0.00000000,0,0.00000000,30572,30579,44,0.00167944
1773320942.29268074,0.01483679,6248,0.00009000,0.00000000,0,0.00000000,30579,30586,31,0.00103021
1773320942.39269614,0.01816414,6214,0.00018005,0.00000000,0,0.00000000,30586,30570,45,0.00073118
1773320942.49263144,0.01976621,6262,0.00018490,0.00000000,0,0.00000000,30570,30589,53,0.00082160
1773320942.59273338,0.02021328,6200,0.00016185,0.00000000,0,0.00000000,30589,30599,45,0.00076466
1773320942.69252658,0.02047744,6236,0.00027359,0.00000000,0,0.00000000,30599,30597,51,0.00086230
1773320942.79249358,0.02464904,6226,0.00016686,0.00000000,0,0.00000000,30597,30618,49,0.00082595
1773320942.89254570,0.01997177,6240,0.00013171,0.00000000,0,0.00000000,30618,30618,56,0.00170453
1773320942.99255323,0.01535601,6253,0.00013520,0.00000000,0,0.00000000,30618,30617,41,0.00086172
1773320943.09251380,0.01607948,6230,0.00008174,0.00000000,0,0.00000000,30617,30621,38,0.00080799
1773320943.19248271,0.01863602,6240,0.00009836,0.00000000,0,0.00000000,30621,30632,38,0.00180518
1773320943.29253745,0.02769251,6236,0.00049281,0.00000000,0,0.00000000,30632,30633,46,0.00180895
1773320943.39262581,0.02856484,6246,0.00047863,0.00000000,0,0.00000000,30633,30637,46,0.00089507
1773320943.49257994,0.03236918,6239,0.00054375,0.00000000,0,0.00000000,30637,30610,47,0.00077469
1773320943.59260798,0.04170621,6242,0.00018592,0.00000000,0,0.00000000,30610,30610,39,0.00077225
1773320943.69255924,0.02215247,6252,0.00022545,0.00000000,0,0.00000000,30610,30608,45,0.00195003
1773320943.79257107,0.02298457,6244,0.00015933,0.00000000,0,0.00000000,30608,30617,30,0.00285191
1773320943.89263105,0.01453446,6244,0.00013775,0.00000000,0,0.00000000,30617,30626,48,0.00242285
1773320943.99180388,0.01795651,6283,0.00009310,0.00000000,0,0.00000000,30626,30634,34,0.00180557
1773320944.09267449,0.01645591,6222,0.00013099,0.00000000,0,0.00000000,30634,30641,43,0.00187511
1773320944.19260406,0.01694166,6216,0.00007784,0.00000000,0,0.00000000,30641,30655,39,0.00086268
1773320944.29254913,0.03006440,6259,0.00013267,0.00000000,0,0.00000000,30655,30660,32,0.00178032
1773320944.39258051,0.03339933,6259,0.00010059,0.00000000,0,0.00000000,30660,30661,32,0.00079645
1773320944.49266911,0.03124105,6251,0.00012837,0.00000000,0,0.00000000,30661,30665,37,0.00073221
1773320944.59262872,0.03496856,6261,0.00036586,0.00000000,0,0.00000000,30665,30669,37,0.00084549
1773320944.69256258,0.02052083,6266,0.00014228,0.00000000,0,0.00000000,30669,30676,43,0.00176605
1773320944.79256606,0.02256550,6239,0.00014166,0.00000000,0,0.00000000,30676,30680,39,0.00099804
1773320944.89259887,0.01657462,6246,0.00011229,0.00000000,0,0.00000000,30680,30691,37,0.00254915
1773320944.99260879,0.01504293,6233,0.00011655,0.00000000,0,0.00000000,30691,30701,39,0.00089278
1773320945.09273648,0.01569591,6203,0.00010460,0.00000000,0,0.00000000,30701,30706,43,0.00099535
1773320945.19186759,0.01518166,6212,0.00010117,0.00000000,0,0.00000000,30706,30709,42,0.00093630
1773320945.29189181,0.02790862,6252,0.00043284,0.00000000,0,0.00000000,30709,30716,50,0.00219387
1773320945.39219189,0.02788463,6233,0.00042623,0.00000000,0,0.00000000,30716,30722,40,0.00089410
1773320945.49272966,0.02426306,6216,0.00016120,0.00000000,0,0.00000000,30722,30733,45,0.00156095
1773320945.59266019,0.03557188,6231,0.00035192,0.00000000,0,0.00000000,30733,30738,38,0.00073617
1773320945.69265294,0.03285865,6250,0.00012393,0.00000000,0,0.00000000,30738,30745,27,0.00285906
1773320945.79193974,0.02182830,6208,0.00033886,0.00000000,0,0.00000000,30745,30753,48,0.00273138
1773320945.89198971,0.02973404,6234,0.00009457,0.00000000,0,0.00000000,30753,30748,29,0.00271984
1773320945.99188042,0.01966535,6206,0.00017816,0.00000000,0,0.00000000,30748,30754,46,0.00206041
1773320946.09268117,0.01396045,6253,0.00013087,0.00000000,0,0.00000000,30754,30721,30,0.00190057
1773320946.19195127,0.01589154,6265,0.00007288,0.00000000,0,0.00000000,30721,30721,29,0.00104265
1773320946.29198337,0.03655203,6230,0.00051858,0.00000000,0,0.00000000,30721,30718,43,0.00327718
1773320946.39195633,0.02397874,6244,0.00023054,0.00000000,0,0.00000000,30718,30723,30,0.00085279
1773320946.49263644,0.03309483,6248,0.00044434,0.00000000,0,0.00000000,30723,30728,38,0.00079962
1773320946.59192944,0.02908699,6250,0.00127961,0.00000000,0,0.00000000,30728,30612,34,0.00076375
1773320946.69202662,0.03867699,6239,0.00010981,0.00000000,0,0.00000000,30612,30619,35,0.00284520
1773320946.79184413,0.03098355,6284,0.00090967,0.00000000,0,0.00000000,30619,30629,36,0.00219512
1773320946.89275908,0.05819835,6231,0.00016288,0.00000000,0,0.00000000,30629,30638,32,0.00256252
1773320946.99185658,0.01519928,6242,0.00009169,0.00000000,0,0.00000000,30638,30647,38,0.00261353
1773320947.09194350,0.01776704,6241,0.00014756,0.00000000,0,0.00000000,30647,30648,39,0.00211031
1773320947.19200516,0.01762417,6255,0.00102247,0.00000000,0,0.00000000,30648,30458,38,0.00082308
1773320947.29203415,0.01689618,6200,0.00009773,0.00000000,0,0.00000000,30458,30455,27,0.00460282
1773320947.39101791,0.03284317,6324,0.00039325,0.00000000,0,0.00000000,30455,30464,32,0.00098984
1773320947.49195099,0.03356468,6288,0.00030079,0.00000000,0,0.00000000,30464,30469,26,0.00171914
1773320947.59200954,0.03014573,6264,0.00014788,0.00000000,0,0.00000000,30469,30480,39,0.00087402
1773320947.69198442,0.03790199,6255,0.00044680,0.00000000,0,0.00000000,30480,30476,34,0.00087837
1773320947.79196310,0.02532139,6257,0.00012965,0.00000000,0,0.00000000,30476,30492,41,0.00336243
1773320947.89192533,0.01756187,6252,0.00014952,0.00000000,0,0.00000000,30492,30466,31,0.00294940
1773320947.99193931,0.01972690,6277,0.00007419,0.00000000,0,0.00000000,30466,30468,34,0.00238472
1773320948.09196162,0.01822670,6258,0.00011490,0.00000000,0,0.00000000,30468,30468,43,0.00234156
1773320948.19197989,0.01570487,6265,0.00010580,0.00000000,0,0.00000000,30468,30471,39,0.00255353
1773320948.29199243,0.02329957,6263,0.00029858,0.00000000,0,0.00000000,30471,30480,33,0.00086504
1773320948.39200759,0.02041462,6259,0.00034088,0.00000000,0,0.00000000,30480,30492,41,0.00079488
1773320948.49192119,0.01505876,6254,0.00025706,0.00000000,0,0.00000000,30492,30498,29,0.00143852
1773320948.59198427,0.02603123,6274,0.00033030,0.00000000,0,0.00000000,30498,30507,34,0.00150972
1773320948.69199109,0.02357657,6296,0.00011285,0.00000000,0,0.00000000,30507,30489,30,0.00174889
1773320948.79207158,0.01676350,6261,0.00012312,0.00000000,0,0.00000000,30489,30480,24,0.00168128
1773320948.89201403,0.02611165,6262,0.00018572,0.00000000,0,0.00000000,30480,30492,44,0.00135480
1773320948.99208283,0.01456589,6263,0.00013554,0.00000000,0,0.00000000,30492,30501,35,0.00197409
1773320949.09205723,0.01364305,6296,0.00007771,0.00000000,0,0.00000000,30501,30507,34,0.00291679
1773320949.19212437,0.01350191,6296,0.00007523,0.00000000,0,0.00000000,30507,30509,29,0.00085034
1773320949.29211402,0.02687812,6309,0.00025381,0.00000000,0,0.00000000,30509,30513,35,0.00413275
1773320949.39230776,0.02528704,6291,0.00009478,0.00000000,0,0.00000000,30513,30519,24,0.00094382
1773320949.49202871,0.02683612,6307,0.00020250,0.00000000,0,0.00000000,30519,30521,26,0.00076736
1773320949.59212303,0.02593096,6307,0.00040369,0.00000000,0,0.00000000,30521,30521,37,0.00083199
1773320949.69210386,0.03025548,6260,0.00030112,0.00000000,0,0.00000000,30521,30528,34,0.00160645
1773320949.79200315,0.01579618,6338,0.00009719,0.00000000,0,0.00000000,30528,30535,37,0.00198253
1773320949.89286113,0.02933806,6244,0.00009617,0.00000000,0,0.00000000,30535,30538,30,0.00240138
1773320949.99201417,0.01596147,6283,0.00011560,0.00000000,0,0.00000000,30538,30547,33,0.00169139
1773320950.09284377,0.01592008,6269,0.00010087,0.00000000,0,0.00000000,30547,30554,35,0.00173402
1773320950.19281960,0.01455662,6308,0.00012333,0.00000000,0,0.00000000,30554,30565,41,0.00252305
1773320950.29289031,0.01499277,6305,0.00006383,0.00000000,0,0.00000000,30565,30565,27,0.00284195
1773320950.39219809,0.02499496,6299,0.00036006,0.00000000,0,0.00000000,30565,30579,30,0.00083452
1773320950.49283147,0.02312712,6313,0.00026660,0.00000000,0,0.00000000,30579,30587,29,0.00086386
1773320950.59216022,0.02847931,6289,0.00040130,0.00000000,0,0.00000000,30587,30584,33,0.00084654
1773320950.69213295,0.02450512,6307,0.00021632,0.00000000,0,0.00000000,30584,30586,26,0.00113835
1773320950.79216814,0.02038080,6307,0.00009837,0.00000000,0,0.00000000,30586,30583,30,0.00252366
1773320950.89217782,0.02546020,6315,0.00019483,0.00000000,0,0.00000000,30583,30579,17,0.00207963
1773320950.99213147,0.01587817,6310,0.00021893,0.00000000,0,0.00000000,30579,30570,36,0.00106242
1773320951.09286523,0.01498346,6285,0.00012169,0.00000000,0,0.00000000,30570,30564,29,0.00088170
1773320951.19216943,0.01311758,6283,0.00027235,0.00000000,0,0.00000000,30564,30563,33,0.00340678
1773320951.29220152,0.02564714,6302,0.00029892,0.00000000,0,0.00000000,30563,30566,26,0.00202802
1773320951.39220786,0.02478012,6306,0.00039317,0.00000000,0,0.00000000,30566,30579,46,0.00168905
1773320951.49291301,0.02639369,6266,0.00038289,0.00000000,0,0.00000000,30579,30587,31,0.00082046
1773320951.59290886,0.02593762,6272,0.00041291,0.00000000,0,0.00000000,30587,30598,41,0.00097938
1773320951.69219303,0.02739980,6282,0.00013389,0.00000000,0,0.00000000,30598,30591,31,0.00263582
1773320951.79217172,0.01647474,6298,0.00013567,0.00000000,0,0.00000000,30591,30589,42,0.00237338
1773320951.89296889,0.02964664,6307,0.00009987,0.00000000,0,0.00000000,30589,30594,20,0.00089163
1773320951.99291587,0.01931947,6237,0.00017133,0.00000000,0,0.00000000,30594,30594,27,0.00177617
1773320952.09211683,0.02043860,6272,0.00016635,0.00000000,0,0.00000000,30594,30602,28,0.00141002
1773320952.19217610,0.01548253,6286,0.00009318,0.00000000,0,0.00000000,30602,30600,25,0.00130785
1773320952.29314828,0.01995546,6312,0.00006647,0.00000000,0,0.00000000,30600,30606,32,0.00304448
1773320952.39299488,0.02158853,6257,0.00024318,0.00000000,0,0.00000000,30606,30607,24,0.00124279
1773320952.49295831,0.02366304,6294,0.00031496,0.00000000,0,0.00000000,30607,30614,33,0.00152462
1773320952.59309840,0.01710435,6322,0.00029085,0.00000000,0,0.00000000,30614,30614,32,0.00119856
1773320952.69304633,0.02297729,6274,0.00028284,0.00000000,0,0.00000000,30614,30618,31,0.00261110
1773320952.79216528,0.01884872,6334,0.00010101,0.00000000,0,0.00000000,30618,30623,30,0.00244398
1773320952.89310098,0.01811787,6267,0.00011161,0.00000000,0,0.00000000,30623,30634,34,0.00153101
1773320952.99220490,0.01294801,6310,0.00010586,0.00000000,0,0.00000000,30634,30634,33,0.00200113
1773320953.09299660,0.01550524,6235,0.00008600,0.00000000,0,0.00000000,30634,30641,37,0.00157371
1773320953.19218516,0.01321969,6279,0.00009783,0.00000000,0,0.00000000,30641,30648,35,0.00195137
1773320953.29221344,0.01538913,6281,0.00015642,0.00000000,0,0.00000000,30648,30653,27,0.00192976
1773320953.39218140,0.02315056,6258,0.00034610,0.00000000,0,0.00000000,30653,30651,28,0.00159647
1773320953.49219441,0.02276348,6282,0.00034047,0.00000000,0,0.00000000,30651,30654,33,0.00143820
1773320953.59221673,0.02707615,6297,0.00026419,0.00000000,0,0.00000000,30654,30662,24,0.00082779
1773320953.69238710,0.02898574,6305,0.00025869,0.00000000,0,0.00000000,30662,30671,30,0.00100641
1773320953.79236293,0.01819319,6249,0.00011364,0.00000000,0,0.00000000,30671,30671,24,0.00263026
1773320953.89231539,0.01403696,6273,0.00008857,0.00000000,0,0.00000000,30671,30673,20,0.00086402
1773320953.99236512,0.01445316,6263,0.00009756,0.00000000,0,0.00000000,30673,30674,30,0.00304428
1773320954.09309936,0.01468098,6243,0.00013870,0.00000000,0,0.00000000,30674,30680,33,0.00158504
1773320954.19218278,0.01322720,6249,0.00007235,0.00000000,0,0.00000000,30680,30677,31,0.00149128
1773320954.29225898,0.02546974,6266,0.00030748,0.00000000,0,0.00000000,30677,30686,30,0.00091787
1773320954.39228916,0.02066555,6325,0.00038227,0.00000000,0,0.00000000,30686,30686,34,0.00079013
1773320954.49310470,0.02294487,6254,0.00019521,0.00000000,0,0.00000000,30686,30691,21,0.00088348
1773320954.59229922,0.01937813,6307,0.00012349,0.00000000,0,0.00000000,30691,30678,31,0.00077546
1773320954.69239306,0.01770664,6267,0.00020542,0.00000000,0,0.00000000,30678,30674,19,0.00078700
1773320954.79241586,0.02289866,6267,0.00014364,0.00000000,0,0.00000000,30674,30676,26,0.00189015
1773320954.89311576,0.01775267,6274,0.00008217,0.00000000,0,0.00000000,30676,30681,31,0.00220463
1773320954.99234295,0.01101707,6312,0.00006464,0.00000000,0,0.00000000,30681,30681,24,0.00177088
1773320955.09314179,0.01148652,6299,0.00003562,0.00000000,0,0.00000000,30681,30686,17,0.00163588
1773320955.19321942,0.01132777,6302,0.00004962,0.00000000,0,0.00000000,30686,30692,22,0.00317008
1773320955.29318333,0.02061586,6293,0.00005916,0.00000000,0,0.00000000,30692,30696,25,0.00146711
1773320955.39227700,0.01918350,6351,0.00029029,0.00000000,0,0.00000000,30696,30702,18,0.00088134
1773320955.49238062,0.01856171,6340,0.00012388,0.00000000,0,0.00000000,30702,30707,22,0.00074169
1773320955.59239054,0.02178429,6334,0.00008657,0.00000000,0,0.00000000,30707,30714,28,0.00125963
1773320955.69233227,0.02291430,6350,0.00024132,0.00000000,0,0.00000000,30714,30717,25,0.00263233
1773320955.79237819,0.01652244,6344,0.00005645,0.00000000,0,0.00000000,30717,30723,22,0.00173278
1773320955.89235973,0.01831897,6340,0.00006863,0.00000000,0,0.00000000,30723,30729,28,0.00179052
1773320955.99233127,0.01269148,6325,0.00009061,0.00000000,0,0.00000000,30729,30737,27,0.00246923
1773320956.09243345,0.01105761,6326,0.00007610,0.00000000,0,0.00000000,30737,30727,21,0.00324379
1773320956.19239902,0.01274772,6358,0.00004758,0.00000000,0,0.00000000,30727,30733,20,0.00297974
1773320956.29231429,0.02472758,6336,0.00016370,0.00000000,0,0.00000000,30733,30735,37,0.00171518
1773320956.39238238,0.01953712,6332,0.00019916,0.00000000,0,0.00000000,30735,30738,21,0.00151260
1773320956.49227524,0.01889409,6393,0.00038249,0.00000000,0,0.00000000,30738,30745,35,0.00080957
1773320956.59319353,0.03079640,6327,0.00038623,0.00000000,0,0.00000000,30745,30746,25,0.00081446
1773320956.69225717,0.02874932,6397,0.00029858,0.00000000,0,0.00000000,30746,30746,22,0.00307866
1773320956.79252052,0.01654987,6360,0.00026675,0.00000000,0,0.00000000,30746,30724,27,0.00154742
1773320956.89246011,0.01655802,6372,0.00015517,0.00000000,0,0.00000000,30724,30727,28,0.00259865
1773320956.99245405,0.01403662,6362,0.00015628,0.00000000,0,0.00000000,30727,30725,30,0.00294096
1773320957.09239101,0.01483026,6337,0.00006633,0.00000000,0,0.00000000,30725,30730,25,0.00327819
1773320957.19236064,0.01194470,6371,0.00009904,0.00000000,0,0.00000000,30730,30717,29,0.00274405
1773320957.29238701,0.01224120,6386,0.00007974,0.00000000,0,0.00000000,30717,30728,31,0.00155340
1773320957.39235282,0.02084183,6365,0.00045023,0.00000000,0,0.00000000,30728,30719,33,0.00108575
1773320957.49231434,0.02161499,6347,0.00023914,0.00000000,0,0.00000000,30719,30729,29,0.00164691
1773320957.59236884,0.02190657,6368,0.00032524,0.00000000,0,0.00000000,30729,30729,34,0.00078963
1773320957.69234657,0.01588943,6356,0.00031639,0.00000000,0,0.00000000,30729,30734,34,0.00078029
1773320957.79234052,0.02469363,6379,0.00031930,0.00000000,0,0.00000000,30734,30737,35,0.00160664
1773320957.89233708,0.02204554,6376,0.00027582,0.00000000,0,0.00000000,30737,30733,34,0.00175153
1773320957.99268389,0.02255060,6337,0.00029127,0.00000000,0,0.00000000,30733,30720,27,0.00270301
1773320958.09236860,0.02173327,6385,0.00013832,0.00000000,0,0.00000000,30720,30726,28,0.00274869
1773320958.19238806,0.02356403,6337,0.00028615,0.00000000,0,0.00000000,30726,30737,28,0.00137313
1773320958.29242134,0.01920293,6357,0.00028987,0.00000000,0,0.00000000,30737,30746,29,0.00139568
1773320958.39240193,0.01608319,6350,0.00021532,0.00000000,0,0.00000000,30746,30746,26,0.00180753
1773320958.49235010,0.02277667,6399,0.00038240,0.00000000,0,0.00000000,30746,30748,33,0.00333275
1773320958.59255338,0.02191818,6302,0.00029347,0.00000000,0,0.00000000,30748,30754,29,0.00274131
1773320958.69235349,0.02993150,6351,0.00006693,0.00000000,0,0.00000000,30754,30759,22,0.00178644
1773320958.79242325,0.01540166,6389,0.00010989,0.00000000,0,0.00000000,30759,30765,29,0.00155182
1773320958.89257216,0.02011108,6376,0.00005693,0.00000000,0,0.00000000,30765,30770,24,0.00228386
1773320958.99263620,0.01484531,6314,0.00008443,0.00000000,0,0.00000000,30770,30777,31,0.00329936
1773320959.09233189,0.01619503,6375,0.00013117,0.00000000,0,0.00000000,30777,30781,34,0.00161933
1773320959.19234228,0.01365829,6349,0.00005816,0.00000000,0,0.00000000,30781,30780,23,0.00099158
1773320959.29238224,0.01438087,6339,0.00009251,0.00000000,0,0.00000000,30780,30792,35,0.00170537
1773320959.39244032,0.01692367,6364,0.00006249,0.00000000,0,0.00000000,30792,30801,27,0.00087788
1773320959.49242973,0.01423127,6330,0.00016738,0.00000000,0,0.00000000,30801,30775,28,0.00083084
1773320959.59240770,0.01706799,6355,0.00027396,0.00000000,0,0.00000000,30775,30779,27,0.00076795
1773320959.69234633,0.02270286,6339,0.00007970,0.00000000,0,0.00000000,30779,30787,25,0.00080574
1773320959.79248405,0.02778406,6340,0.00014202,0.00000000,0,0.00000000,30787,30782,39,0.00147632
1773320959.89332509,0.01144577,6335,0.00008205,0.00000000,0,0.00000000,30782,30787,24,0.00080163
1773320959.99241161,0.01400327,6365,0.00007783,0.00000000,0,0.00000000,30787,30785,22,0.00114710
1773320960.09242153,0.01285368,6349,0.00005448,0.00000000,0,0.00000000,30785,30788,22,0.00194294
1773320960.19244695,0.01820003,6358,0.00007884,0.00000000,0,0.00000000,30788,30797,27,0.00269119
1773320960.29243374,0.02016247,6359,0.00020796,0.00000000,0,0.00000000,30797,30788,27,0.00085616
1773320960.39251208,0.02341652,6366,0.00030594,0.00000000,0,0.00000000,30788,30796,32,0.00149606
1773320960.49250436,0.02395803,6377,0.00023301,0.00000000,0,0.00000000,30796,30802,25,0.00082923
1773320960.59250045,0.02069669,6296,0.00033606,0.00000000,0,0.00000000,30802,30800,28,0.00155172
1773320960.69183350,0.02857594,6339,0.00028418,0.00000000,0,0.00000000,30800,30794,23,0.00249374
1773320960.79233718,0.02148661,6369,0.00009522,0.00000000,0,0.00000000,30794,30789,30,0.00163969
1773320960.89252663,0.01978163,6345,0.00018724,0.00000000,0,0.00000000,30789,30794,22,0.00163202
1773320960.99253821,0.01656555,6298,0.00011822,0.00000000,0,0.00000000,30794,30789,32,0.00193747
1773320961.09244847,0.01808628,6356,0.00011168,0.00000000,0,0.00000000,30789,30789,28,0.00292048
1773320961.19246411,0.01487274,6317,0.00006924,0.00000000,0,0.00000000,30789,30796,27,0.00319023
1773320961.29233742,0.02676768,6341,0.00036482,0.00000000,0,0.00000000,30796,30792,32,0.00171011
1773320961.39232945,0.02665975,6360,0.00040233,0.00000000,0,0.00000000,30792,30768,30,0.00101906
1773320961.49185157,0.02457826,6355,0.00014294,0.00000000,0,0.00000000,30768,30776,35,0.00215122
1773320961.59254670,0.02049291,6319,0.00017290,0.00000000,0,0.00000000,30776,30786,38,0.00113235
1773320961.69191480,0.03112690,6408,0.00045006,0.00000000,0,0.00000000,30786,30785,33,0.00199698
1773320961.79247308,0.01707047,6373,0.00030030,0.00000000,0,0.00000000,30785,30744,35,0.00247024
1773320961.89250398,0.01540422,6364,0.00011306,0.00000000,0,0.00000000,30744,30755,35,0.00259746
1773320961.99253297,0.01170424,6385,0.00009553,0.00000000,0,0.00000000,30755,30753,30,0.00316119
1773320962.09245491,0.01159721,6357,0.00008852,0.00000000,0,0.00000000,30753,30758,27,0.00304345
1773320962.19248056,0.01117502,6359,0.00008026,0.00000000,0,0.00000000,30758,30759,31,0.00275074
1773320962.29251647,0.02025927,6359,0.00005704,0.00000000,0,0.00000000,30759,30766,28,0.00130446
1773320962.39249611,0.01982516,6353,0.00018461,0.00000000,0,0.00000000,30766,30774,23,0.00077920
1773320962.49236012,0.01884946,6349,0.00027321,0.00000000,0,0.00000000,30774,30783,30,0.00077868
1773320962.59240079,0.02539976,6374,0.00027380,0.00000000,0,0.00000000,30783,30787,24,0.00087449
1773320962.69243526,0.02274862,6371,0.00034372,0.00000000,0,0.00000000,30787,30790,34,0.00152040
1773320962.79246688,0.02242966,6347,0.00024436,0.00000000,0,0.00000000,30790,30792,26,0.00169977
1773320962.89187741,0.01393207,6375,0.00010822,0.00000000,0,0.00000000,30792,30799,28,0.00103549
1773320962.99254727,0.01616870,6312,0.00006960,0.00000000,0,0.00000000,30799,30803,26,0.00198427
1773320963.09256959,0.01246598,6338,0.00008065,0.00000000,0,0.00000000,30803,30808,26,0.00153183
1773320963.19254732,0.01383785,6324,0.00009019,0.00000000,0,0.00000000,30808,30812,22,0.00237734
1773320963.29251051,0.02252352,6332,0.00010970,0.00000000,0,0.00000000,30812,30813,17,0.00146427
1773320963.39339638,0.01647275,6353,0.00004724,0.00000000,0,0.00000000,30813,30815,18,0.00158722
1773320963.49190450,0.01626621,6297,0.00025000,0.00000000,0,0.00000000,30815,30819,28,0.00143826
1773320963.59242964,0.02752189,6270,0.00021409,0.00000000,0,0.00000000,30819,30823,19,0.00126713
1773320963.69173431,0.01805412,6368,0.00006626,0.00000000,0,0.00000000,30823,30825,27,0.00338789
1773320963.79183412,0.01800215,6371,0.00010768,0.00000000,0,0.00000000,30825,30832,30,0.00212059
1773320963.89250684,0.01956136,6304,0.00005823,0.00000000,0,0.00000000,30832,30836,24,0.00153322
1773320963.99258566,0.01403332,6333,0.00007664,0.00000000,0,0.00000000,30836,30836,28,0.00118899
1773320964.09251928,0.01303298,6312,0.00004693,0.00000000,0,0.00000000,30836,30833,24,0.00174987
1773320964.19183183,0.01367730,6348,0.00006733,0.00000000,0,0.00000000,30833,30838,22,0.00096317
1773320964.29252052,0.01931961,6299,0.00007251,0.00000000,0,0.00000000,30838,30840,21,0.00270453
1773320964.39258885,0.01892206,6301,0.00033574,0.00000000,0,0.00000000,30840,30831,26,0.00093937
1773320964.49179792,0.01665733,6340,0.00019513,0.00000000,0,0.00000000,30831,30836,30,0.00133949
1773320964.59179044,0.02419458,6357,0.00022559,0.00000000,0,0.00000000,30836,30834,23,0.00123566
1773320964.69200253,0.01821000,6306,0.00008910,0.00000000,0,0.00000000,30834,30837,24,0.00269411
1773320964.79282045,0.02312065,6336,0.00033638,0.00000000,0,0.00000000,30837,30843,36,0.00204516
1773320964.89250326,0.01850057,6335,0.00020660,0.00000000,0,0.00000000,30843,30845,25,0.00146044
1773320964.99264789,0.02075866,6298,0.00020739,0.00000000,0,0.00000000,30845,30849,24,0.00125357
1773320965.09187531,0.02247247,6333,0.00008468,0.00000000,0,0.00000000,30849,30854,31,0.00178988
1773320965.19189262,0.01801256,6363,0.00016797,0.00000000,0,0.00000000,30854,30858,26,0.00161538
1773320965.29196072,0.02081266,6353,0.00013933,0.00000000,0,0.00000000,30858,30859,16,0.00155318
1773320965.39250708,0.02403890,6285,0.00024969,0.00000000,0,0.00000000,30859,30862,27,0.00215857
1773320965.49181056,0.02348328,6314,0.00008464,0.00000000,0,0.00000000,30862,30865,21,0.00267465
1773320965.59185147,0.02499568,6337,0.00023447,0.00000000,0,0.00000000,30865,30867,25,0.00175310
1773320965.69187641,0.02608923,6336,0.00006125,0.00000000,0,0.00000000,30867,30870,19,0.00120037
1773320965.79179907,0.01779146,6333,0.00008235,0.00000000,0,0.00000000,30870,30874,26,0.00179002
1773320965.89184237,0.02240615,6373,0.00022499,0.00000000,0,0.00000000,30874,30883,25,0.00160969
1773320965.99255991,0.01493690,6301,0.00004271,0.00000000,0,0.00000000,30883,30881,18,0.00155333
1773320966.09192109,0.01827703,6373,0.00007433,0.00000000,0,0.00000000,30881,30882,19,0.00164435
1773320966.19210625,0.01567392,6317,0.00004458,0.00000000,0,0.00000000,30882,30884,19,0.00108998
1773320966.29186201,0.01704735,6375,0.00012663,0.00000000,0,0.00000000,30884,30886,29,0.00156070
1773320966.39259219,0.01665520,6319,0.00016415,0.00000000,0,0.00000000,30886,30893,28,0.00093535
1773320966.49187016,0.01472058,6350,0.00010372,0.00000000,0,0.00000000,30893,30875,21,0.00143350
1773320966.59375930,0.01273171,6328,0.00005803,0.00000000,0,0.00000000,30875,30881,29,0.00115651
1773320966.69188833,0.01504471,6364,0.00008097,0.00000000,0,0.00000000,30881,30882,22,0.00118817
1773320966.79205132,0.02484852,6294,0.00050985,0.00000000,0,0.00000000,30882,30881,28,0.00120961
1773320966.89193225,0.02222830,6344,0.00037013,0.00000000,0,0.00000000,30881,30871,31,0.00117171
1773320966.99184132,0.02077609,6338,0.00033776,0.00000000,0,0.00000000,30871,30863,30,0.00102058
1773320967.09188628,0.02571145,6361,0.00020041,0.00000000,0,0.00000000,30863,30870,30,0.00076719
1773320967.19198489,0.02238524,6325,0.00011342,0.00000000,0,0.00000000,30870,30868,21,0.00279087
1773320967.29193974,0.01778344,6330,0.00008271,0.00000000,0,0.00000000,30868,30869,27,0.00277597
1773320967.39194250,0.02075759,6338,0.00027638,0.00000000,0,0.00000000,30869,30877,36,0.00206831
1773320967.49197483,0.02338628,6326,0.00022524,0.00000000,0,0.00000000,30877,30864,18,0.00170047
1773320967.59198213,0.02284789,6329,0.00021418,0.00000000,0,0.00000000,30864,30865,26,0.00279881
1773320967.69195080,0.01329603,6353,0.00007233,0.00000000,0,0.00000000,30865,30869,19,0.00277256
1773320967.79194736,0.01342762,6312,0.00003398,0.00000000,0,0.00000000,30869,30870,17,0.00228750
1773320967.89197707,0.01259461,6313,0.00006467,0.00000000,0,0.00000000,30870,30871,24,0.00257858
1773320967.99190545,0.01466652,6310,0.00006992,0.00000000,0,0.00000000,30871,30872,24,0.00209033
1773320968.09196448,0.01550560,6331,0.00002496,0.00000000,0,0.00000000,30872,30872,10,0.00156456
1773320968.19193029,0.01115823,6325,0.00007066,0.00000000,0,0.00000000,30872,30878,32,0.00154709
1773320968.29196858,0.02096651,6321,0.00024232,0.00000000,0,0.00000000,30878,30875,22,0.00228865
1773320968.39192390,0.01085942,6324,0.00005501,0.00000000,0,0.00000000,30875,30880,25,0.00146262
1773320968.49194956,0.01223554,6365,0.00007336,0.00000000,0,0.00000000,30880,30882,32,0.00189804
1773320968.59275222,0.02372520,6315,0.00022603,0.00000000,0,0.00000000,30882,30887,22,0.00112105
1773320968.69190931,0.01891295,6362,0.00006415,0.00000000,0,0.00000000,30887,30886,25,0.00271845
1773320968.79209590,0.02183608,6296,0.00020770,0.00000000,0,0.00000000,30886,30889,21,0.00081798
1773320968.89207959,0.02264615,6320,0.00023781,0.00000000,0,0.00000000,30889,30892,24,0.00154651
1773320968.99199581,0.02652589,6318,0.00008519,0.00000000,0,0.00000000,30892,30893,24,0.00321105
1773320969.09201360,0.02086239,6305,0.00008207,0.00000000,0,0.00000000,30893,30897,28,0.00233148
1773320969.19198799,0.02070367,6313,0.00017264,0.00000000,0,0.00000000,30897,30901,22,0.00131667
1773320969.29200029,0.02322642,6327,0.00026364,0.00000000,0,0.00000000,30901,30880,25,0.00118604
1773320969.39199829,0.02141536,6345,0.00009652,0.00000000,0,0.00000000,30880,30886,26,0.00212469
1773320969.49200106,0.01884230,6347,0.00046665,0.00000000,0,0.00000000,30886,30868,29,0.00340291
1773320969.59196901,0.02309157,6351,0.00024492,0.00000000,0,0.00000000,30868,30869,25,0.00203085
1773320969.69203305,0.02169461,6339,0.00010234,0.00000000,0,0.00000000,30869,30876,32,0.00256459
1773320969.79195023,0.01612970,6373,0.00010846,0.00000000,0,0.00000000,30876,30876,25,0.00286681
1773320969.89198446,0.01690967,6421,0.00006822,0.00000000,0,0.00000000,30876,30872,29,0.00212093
1773320969.99277115,0.01589071,6370,0.00006644,0.00000000,0,0.00000000,30872,30868,24,0.00330901
1773320970.09207654,0.01484473,6405,0.00008100,0.00000000,0,0.00000000,30868,30867,26,0.00171540
1773320970.19211602,0.01128064,6395,0.00004899,0.00000000,0,0.00000000,30867,30875,25,0.00101501
1773320970.29207945,0.00980302,6369,0.00009019,0.00000000,0,0.00000000,30875,30857,32,0.00177180
1773320970.39196944,0.01202070,6373,0.00012577,0.00000000,0,0.00000000,30857,30851,22,0.00111110
1773320970.49219489,0.01025897,6372,0.00005149,0.00000000,0,0.00000000,30851,30853,27,0.00079032
1773320970.59213066,0.01213226,6359,0.00011362,0.00000000,0,0.00000000,30853,30855,33,0.00084055
1773320970.69220901,0.01423693,6391,0.00013974,0.00000000,0,0.00000000,30855,30863,27,0.00079339
1773320970.79201436,0.02387411,6407,0.00027377,0.00000000,0,0.00000000,30863,30869,28,0.00139259
1773320970.89200974,0.02163446,6387,0.00011310,0.00000000,0,0.00000000,30869,30871,26,0.00079871
1773320970.99198532,0.02192188,6358,0.00010313,0.00000000,0,0.00000000,30871,30871,27,0.00082165
1773320971.09200001,0.02114510,6413,0.00012844,0.00000000,0,0.00000000,30871,30867,26,0.00104117
1773320971.19210744,0.02275529,6362,0.00009095,0.00000000,0,0.00000000,30867,30868,26,0.00299287
1773320971.29214072,0.02044148,6383,0.00007062,0.00000000,0,0.00000000,30868,30869,27,0.00222600
1773320971.39210367,0.02126276,6362,0.00018227,0.00000000,0,0.00000000,30869,30874,41,0.00174438
1773320971.49211812,0.01913881,6386,0.00005458,0.00000000,0,0.00000000,30874,30879,23,0.00265944
1773320971.59207797,0.02555666,6381,0.00030832,0.00000000,0,0.00000000,30879,30883,27,0.00280126
1773320971.69209981,0.02369691,6394,0.00013420,0.00000000,0,0.00000000,30883,30887,33,0.00323928
1773320971.79282808,0.01898270,6372,0.00020461,0.00000000,0,0.00000000,30887,30885,33,0.00180879
1773320971.89202499,0.02235124,6384,0.00007750,0.00000000,0,0.00000000,30885,30890,26,0.00144941
1773320971.99211931,0.01592370,6337,0.00013662,0.00000000,0,0.00000000,30890,30896,28,0.00245427
1773320972.09218335,0.01375449,6369,0.00005251,0.00000000,0,0.00000000,30896,30897,28,0.00120246
1773320972.19205022,0.01467502,6378,0.00012652,0.00000000,0,0.00000000,30897,30901,35,0.00101159
1773320972.29202580,0.02395805,6384,0.00026923,0.00000000,0,0.00000000,30901,30906,23,0.00171687
1773320972.39213753,0.02353174,6373,0.00007810,0.00000000,0,0.00000000,30906,30907,28,0.00144024
1773320972.49210238,0.01961719,6374,0.00025594,0.00000000,0,0.00000000,30907,30912,24,0.00080275
1773320972.59204435,0.02310735,6341,0.00007826,0.00000000,0,0.00000000,30912,30916,21,0.00109335
1773320972.69206858,0.01332269,6364,0.00008314,0.00000000,0,0.00000000,30916,30922,27,0.00146261
1773320972.79207468,0.01415681,6367,0.00016479,0.00000000,0,0.00000000,30922,30925,29,0.00214351
1773320972.89212465,0.01255497,6387,0.00009924,0.00000000,0,0.00000000,30925,30932,29,0.00168146
1773320972.99285889,0.01249024,6378,0.00004396,0.00000000,0,0.00000000,30932,30936,18,0.00260062
1773320973.09218717,0.01810748,6355,0.00015969,0.00000000,0,0.00000000,30936,30915,22,0.00306970
1773320973.19215703,0.01355955,6346,0.00004975,0.00000000,0,0.00000000,30915,30920,16,0.00095310
1773320973.29215503,0.01936847,6354,0.00011087,0.00000000,0,0.00000000,30920,30926,33,0.00081576
1773320973.39221454,0.01234840,6342,0.00013747,0.00000000,0,0.00000000,30926,30921,23,0.00147840
1773320973.49210906,0.01366588,6382,0.00007013,0.00000000,0,0.00000000,30921,30927,28,0.00189922
1773320973.59225655,0.02297646,6349,0.00021941,0.00000000,0,0.00000000,30927,30919,23,0.00156825
1773320973.69226599,0.02429252,6351,0.00005941,0.00000000,0,0.00000000,30919,30922,19,0.00223811
1773320973.79222965,0.02672959,6341,0.00038502,0.00000000,0,0.00000000,30922,30924,30,0.00084743
1773320973.89215684,0.02466862,6345,0.00023865,0.00000000,0,0.00000000,30924,30923,22,0.00084342
1773320973.99214029,0.02182455,6355,0.00024010,0.00000000,0,0.00000000,30923,30909,17,0.00160800
1773320974.09229994,0.01712153,6348,0.00004139,0.00000000,0,0.00000000,30909,30913,19,0.00134987
1773320974.19287920,0.02031622,6356,0.00027775,0.00000000,0,0.00000000,30913,30911,29,0.00083533
1773320974.29225469,0.02341098,6300,0.00035576,0.00000000,0,0.00000000,30911,30914,31,0.00168665
1773320974.39224601,0.02524167,6352,0.00011406,0.00000000,0,0.00000000,30914,30919,23,0.00156858
1773320974.49225712,0.01626310,6342,0.00008289,0.00000000,0,0.00000000,30919,30925,32,0.00266335
1773320974.59220028,0.02074608,6313,0.00021924,0.00000000,0,0.00000000,30925,30928,22,0.00194090
1773320974.69223428,0.02564942,6314,0.00007046,0.00000000,0,0.00000000,30928,30931,25,0.00117016
1773320974.79215980,0.01444258,6323,0.00007592,0.00000000,0,0.00000000,30931,30934,23,0.00177239
1773320974.89216304,0.02104787,6352,0.00010876,0.00000000,0,0.00000000,30934,30934,23,0.00156104
1773320974.99291158,0.01531472,6325,0.00015867,0.00000000,0,0.00000000,30934,30930,28,0.00256047
1773320975.09230995,0.01649527,6295,0.00006991,0.00000000,0,0.00000000,30930,30931,22,0.00287712
1773320975.19215655,0.01395901,6331,0.00005402,0.00000000,0,0.00000000,30931,30936,26,0.00086946
1773320975.29225779,0.01431181,6354,0.00010031,0.00000000,0,0.00000000,30936,30939,29,0.00252419
1773320975.39231420,0.01308482,6316,0.00006795,0.00000000,0,0.00000000,30939,30930,23,0.00147637
1773320975.49229741,0.01613911,6316,0.00005445,0.00000000,0,0.00000000,30930,30928,16,0.00137518
1773320975.59224868,0.01271434,6317,0.00006653,0.00000000,0,0.00000000,30928,30932,21,0.00120536
1773320975.69231200,0.01279994,6332,0.00008810,0.00000000,0,0.00000000,30932,30940,33,0.00122736
1773320975.79225326,0.01589681,6354,0.00018415,0.00000000,0,0.00000000,30940,30942,30,0.00083702
1773320975.89302135,0.01799507,6308,0.00010977,0.00000000,0,0.00000000,30942,30950,25,0.00109485
1773320975.99219704,0.01439981,6303,0.00009082,0.00000000,0,0.00000000,30950,30946,26,0.00131673
1773320976.09218097,0.01514665,6330,0.00009516,0.00000000,0,0.00000000,30946,30949,38,0.00079494
1773320976.19219804,0.01333419,6306,0.00006690,0.00000000,0,0.00000000,30949,30956,25,0.00154438
1773320976.29229712,0.02499700,6316,0.00025125,0.00000000,0,0.00000000,30956,30949,24,0.00164176
1773320976.39224362,0.02563215,6319,0.00012802,0.00000000,0,0.00000000,30949,30939,28,0.00104502
1773320976.49229622,0.02040443,6335,0.00016178,0.00000000,0,0.00000000,30939,30942,18,0.00078612
1773320976.59229374,0.02273162,6352,0.00008523,0.00000000,0,0.00000000,30942,30942,24,0.00079721
1773320976.69236803,0.02017918,6301,0.00017816,0.00000000,0,0.00000000,30942,30940,24,0.00289684
1773320976.79296589,0.02664221,6303,0.00007000,0.00000000,0,0.00000000,30940,30941,17,0.00173460
1773320976.89231324,0.01327515,6302,0.00005722,0.00000000,0,0.00000000,30941,30945,28,0.00171873
1773320976.99298644,0.01290210,6275,0.00005973,0.00000000,0,0.00000000,30945,30950,29,0.00239685
1773320977.09226751,0.01490937,6309,0.00005270,0.00000000,0,0.00000000,30950,30948,22,0.00306106
1773320977.19219041,0.01403568,6324,0.00009539,0.00000000,0,0.00000000,30948,30946,38,0.00235308
1773320977.29236674,0.02446770,6255,0.00007043,0.00000000,0,0.00000000,30946,30951,23,0.00099759
1773320977.39242077,0.02062223,6267,0.00026182,0.00000000,0,0.00000000,30951,30952,28,0.00083644
1773320977.49237633,0.02204497,6276,0.00057347,0.00000000,0,0.00000000,30952,30952,34,0.00086735
1773320977.59240365,0.02224766,6259,0.00025779,0.00000000,0,0.00000000,30952,30956,24,0.00083455
1773320977.69233608,0.02799780,6256,0.00030191,0.00000000,0,0.00000000,30956,30960,24,0.00261786
1773320977.79235649,0.01455706,6193,0.00008347,0.00000000,0,0.00000000,30960,30969,36,0.00318304
1773320977.89223981,0.03599400,6302,0.00028222,0.00000000,0,0.00000000,30969,30982,34,0.00170809
1773320977.99309754,0.01567291,6225,0.00009790,0.00000000,0,0.00000000,30982,30981,31,0.00184374
1773320978.09226036,0.01655049,6255,0.00010919,0.00000000,0,0.00000000,30981,30995,43,0.00181936
1773320978.19227624,0.01499943,6236,0.00005156,0.00000000,0,0.00000000,30995,30999,27,0.00169707
1773320978.29228806,0.02170014,6216,0.00007510,0.00000000,0,0.00000000,30999,30998,30,0.00084720
1773320978.39233208,0.02152677,6206,0.00023823,0.00000000,0,0.00000000,30998,31002,30,0.00078415
1773320978.49237776,0.03169545,6244,0.00031869,0.00000000,0,0.00000000,31002,31007,31,0.00078165
1773320978.59236503,0.02622206,6201,0.00031801,0.00000000,0,0.00000000,31007,31019,34,0.00080516
1773320978.69239783,0.03388120,6226,0.00033695,0.00000000,0,0.00000000,31019,31017,36,0.00295495
1773320978.79236031,0.02450723,6204,0.00013530,0.00000000,0,0.00000000,31017,31024,33,0.00183226
1773320978.89238167,0.04525599,6223,0.00350894,0.00000000,0,0.00000000,31024,31022,29,0.00079259
1773320978.99235296,0.01708275,6189,0.00007008,0.00000000,0,0.00000000,31022,31025,31,0.00194777
1773320979.09293103,0.01663223,6191,0.00010101,0.00000000,0,0.00000000,31025,31022,32,0.00214407
1773320979.19231606,0.01709564,6214,0.00011502,0.00000000,0,0.00000000,31022,31027,34,0.00262892
1773320979.29230237,0.02842327,6243,0.00005715,0.00000000,0,0.00000000,31027,31027,21,0.00124583
1773320979.39310217,0.02481940,6198,0.00034261,0.00000000,0,0.00000000,31027,31028,29,0.00086719
1773320979.49234438,0.02591286,6215,0.00050961,0.00000000,0,0.00000000,31028,31031,41,0.00093744
1773320979.59233975,0.02662270,6184,0.00020332,0.00000000,0,0.00000000,31031,31034,28,0.00084513
1773320979.69243217,0.03015617,6190,0.00010954,0.00000000,0,0.00000000,31034,31036,32,0.00277428
1773320979.79244471,0.02173394,6189,0.00030666,0.00000000,0,0.00000000,31036,31043,31,0.00288528
1773320979.89243340,0.02906141,6179,0.00012684,0.00000000,0,0.00000000,31043,31049,37,0.00250830
1773320979.99305487,0.02024058,6143,0.00012030,0.00000000,0,0.00000000,31049,31051,28,0.00299104
1773320980.09236240,0.02162169,6139,0.00008846,0.00000000,0,0.00000000,31051,31057,28,0.00171919
1773320980.19243002,0.01770621,6173,0.00009319,0.00000000,0,0.00000000,31057,31048,32,0.00149864
1773320980.29243350,0.03089030,6183,0.00035029,0.00000000,0,0.00000000,31048,31058,39,0.00234596
1773320980.39235616,0.03139049,6180,0.00014695,0.00000000,0,0.00000000,31058,31056,37,0.00082708
1773320980.49239135,0.03239575,6200,0.00013967,0.00000000,0,0.00000000,31056,31045,39,0.00162340
1773320980.59229469,0.03304750,6155,0.00032858,0.00000000,0,0.00000000,31045,31050,34,0.00083910
1773320980.69238138,0.01700743,6148,0.00009662,0.00000000,0,0.00000000,31050,31040,33,0.00315534
1773320980.79240394,0.01869485,6141,0.00021944,0.00000000,0,0.00000000,31040,31000,36,0.00348987
1773320980.89241838,0.01731348,6197,0.00010667,0.00000000,0,0.00000000,31000,31009,37,0.00251630
1773320980.99369955,0.01581991,6152,0.00007068,0.00000000,0,0.00000000,31009,31014,28,0.00295003
1773320981.09218287,0.01242774,6135,0.00007814,0.00000000,0,0.00000000,31014,31021,40,0.00310400
1773320981.19239402,0.01356764,6188,0.00008426,0.00000000,0,0.00000000,31021,31024,32,0.00156492
1773320981.29250312,0.01580446,6175,0.00012668,0.00000000,0,0.00000000,31024,31030,34,0.00151742
1773320981.39247537,0.03747534,6134,0.00053130,0.00000000,0,0.00000000,31030,31001,36,0.00149883
1773320981.49249172,0.03627773,6128,0.00026871,0.00000000,0,0.00000000,31001,31002,32,0.00149972
1773320981.59253192,0.03077741,6108,0.00037814,0.00000000,0,0.00000000,31002,31002,31,0.00108098
1773320981.69241953,0.02932266,6122,0.00035299,0.00000000,0,0.00000000,31002,31009,46,0.00081652
1773320981.79247212,0.02766771,6107,0.00026138,0.00000000,0,0.00000000,31009,31019,36,0.00123685
1773320981.89254570,0.03025147,6111,0.00041817,0.00000000,0,0.00000000,31019,31025,43,0.00253470
1773320981.99241138,0.02775090,6074,0.00029708,0.00000000,0,0.00000000,31025,31023,31,0.00100410
1773320982.09243679,0.03425517,6116,0.00037608,0.00000000,0,0.00000000,31023,31034,41,0.00173419
1773320982.19253874,0.03107295,6096,0.00014064,0.00000000,0,0.00000000,31034,31035,39,0.00209100
1773320982.29257083,0.03220440,6125,0.00047824,0.00000000,0,0.00000000,31035,31031,42,0.00327158
1773320982.39253473,0.03074740,6106,0.00043916,0.00000000,0,0.00000000,31031,31032,51,0.00170310
1773320982.49254203,0.02999876,6070,0.00009991,0.00000000,0,0.00000000,31032,31037,36,0.00212144
1773320982.59174109,0.02793873,6144,0.00024609,0.00000000,0,0.00000000,31037,31044,30,0.00203837
1773320982.69250154,0.03418065,6063,0.00044083,0.00000000,0,0.00000000,31044,31047,33,0.00230794
1773320982.79228735,0.01585881,6066,0.00010667,0.00000000,0,0.00000000,31047,31056,44,0.00314156
1773320982.89254737,0.03156510,5997,0.00041397,0.00000000,0,0.00000000,31056,31057,37,0.00172507
1773320982.99232697,0.01697939,6044,0.00011560,0.00000000,0,0.00000000,31057,31063,40,0.00218388
1773320983.09247017,0.01460499,6085,0.00012512,0.00000000,0,0.00000000,31063,31066,34,0.00220108
1773320983.19250464,0.01818148,6058,0.00007225,0.00000000,0,0.00000000,31066,31068,35,0.00208110
1773320983.29249716,0.01327714,6097,0.00006665,0.00000000,0,0.00000000,31068,31076,36,0.00162905
1773320983.39249444,0.02578054,6072,0.00013576,0.00000000,0,0.00000000,31076,31085,45,0.00089085
1773320983.49251437,0.01587624,6049,0.00008665,0.00000000,0,0.00000000,31085,31094,42,0.00164808
1773320983.59250474,0.01754248,6026,0.00008272,0.00000000,0,0.00000000,31094,31103,44,0.00157465
1773320983.69252682,0.01851390,5994,0.00014325,0.00000000,0,0.00000000,31103,31112,43,0.00074776
1773320983.79179406,0.02503133,6108,0.00013397,0.00000000,0,0.00000000,31112,31091,37,0.00282327
1773320983.89245725,0.02212859,6047,0.00013767,0.00000000,0,0.00000000,31091,31100,48,0.00082943
1773320983.99183846,0.01644682,6033,0.00008899,0.00000000,0,0.00000000,31100,31105,33,0.00085955
1773320984.09252834,0.01667636,6040,0.00009730,0.00000000,0,0.00000000,31105,31114,38,0.00095069
1773320984.19241142,0.01958718,6033,0.00012525,0.00000000,0,0.00000000,31114,31115,32,0.00328885
1773320984.29250479,0.02708009,6048,0.00030903,0.00000000,0,0.00000000,31115,31115,36,0.00169637
1773320984.39259744,0.02775670,5941,0.00041118,0.00000000,0,0.00000000,31115,31120,52,0.00094608
1773320984.49243736,0.03743949,5985,0.00038796,0.00000000,0,0.00000000,31120,31129,43,0.00083117
1773320984.59226418,0.03582223,5999,0.00039938,0.00000000,0,0.00000000,31129,31131,41,0.00165463
1773320984.69256330,0.03733914,5944,0.00010635,0.00000000,0,0.00000000,31131,31137,34,0.00290405
1773320984.79162359,0.04397842,6023,0.00015149,0.00000000,0,0.00000000,31137,31142,40,0.00262849
1773320984.89240456,0.04003650,6029,0.00010661,0.00000000,0,0.00000000,31142,31150,34,0.00085036
1773320984.99240160,0.03688016,6015,0.00016039,0.00000000,0,0.00000000,31150,31156,40,0.00177285
1773320985.09254360,0.03090794,5950,0.00031915,0.00000000,0,0.00000000,31156,31150,34,0.00162290
1773320985.19158125,0.03333117,6067,0.00049134,0.00000000,0,0.00000000,31150,31158,50,0.00199178
1773320985.29248047,0.03669746,6030,0.00171721,0.00000000,0,0.00000000,31158,31052,45,0.00078025
1773320985.39251661,0.03386757,6034,0.00045645,0.00000000,0,0.00000000,31052,31059,45,0.00212069
1773320985.49251604,0.03157897,6019,0.00045933,0.00000000,0,0.00000000,31059,31048,38,0.00289816
1773320985.59250498,0.04100428,6003,0.00040828,0.00000000,0,0.00000000,31048,31056,47,0.00193144
1773320985.69253540,0.03481346,6002,0.00018890,0.00000000,0,0.00000000,31056,31052,43,0.00205672
1773320985.79256725,0.04238534,6026,0.00018473,0.00000000,0,0.00000000,31052,31056,36,0.00180886
1773320985.89252973,0.04391675,5992,0.00041132,0.00000000,0,0.00000000,31056,31063,37,0.00154509
1773320985.99240875,0.03769822,6032,0.00045062,0.00000000,0,0.00000000,31063,31068,42,0.00268765
1773320986.09255600,0.03606555,6040,0.00081411,0.00000000,0,0.00000000,31068,31034,38,0.00323638
1773320986.19243574,0.02539880,5986,0.00033068,0.00000000,0,0.00000000,31034,31034,39,0.00125231
1773320986.29231071,0.03321852,6019,0.00031453,0.00000000,0,0.00000000,31034,31041,34,0.00294014
1773320986.39235640,0.03094252,5981,0.00014506,0.00000000,0,0.00000000,31041,31055,47,0.00305750
1773320986.49254155,0.02558869,5984,0.00036603,0.00000000,0,0.00000000,31055,31065,41,0.00292029
1773320986.59247470,0.02463727,5845,0.00045002,0.00000000,0,0.00000000,31065,31065,46,0.00202497
1773320986.69098949,0.04262846,6149,0.00008762,0.00000000,0,0.00000000,31065,31072,35,0.00094626
1773320986.79270887,0.02179968,5943,0.00011883,0.00000000,0,0.00000000,31072,31076,46,0.00182136
1773320986.89261484,0.02340682,5990,0.00017690,0.00000000,0,0.00000000,31076,31064,50,0.00286257
1773320986.99256992,0.02659378,5966,0.00016919,0.00000000,0,0.00000000,31064,31067,45,0.00139538
1773320987.09248948,0.01762128,6026,0.00018667,0.00000000,0,0.00000000,31067,31074,49,0.00087188
1773320987.19252348,0.01434545,5969,0.00008619,0.00000000,0,0.00000000,31074,31083,44,0.00074191
1773320987.29253578,0.01415515,5980,0.00011185,0.00000000,0,0.00000000,31083,31097,56,0.00141007
1773320987.39250517,0.01627248,5983,0.00008796,0.00000000,0,0.00000000,31097,31099,45,0.00396245
1773320987.49266124,0.02707558,5969,0.00010370,0.00000000,0,0.00000000,31099,31109,40,0.00081295
1773320987.59239841,0.01648940,6006,0.00009026,0.00000000,0,0.00000000,31109,31110,34,0.00091997
1773320987.69259953,0.02345908,5953,0.00008767,0.00000000,0,0.00000000,31110,31114,25,0.00077873
1773320987.79239082,0.02328963,5986,0.00009986,0.00000000,0,0.00000000,31114,31123,38,0.00103546
1773320987.89259958,0.01466794,5938,0.00008274,0.00000000,0,0.00000000,31123,31129,40,0.00258105
1773320987.99235892,0.03242609,5973,0.00035748,0.00000000,0,0.00000000,31129,31139,45,0.00079728
1773320988.09245729,0.02199025,5971,0.00032483,0.00000000,0,0.00000000,31139,31146,47,0.00150791
1773320988.19248605,0.02009872,6026,0.00014362,0.00000000,0,0.00000000,31146,31144,53,0.00162643
1773320988.29245520,0.01680235,5954,0.00017993,0.00000000,0,0.00000000,31144,31139,51,0.00088952
1773320988.39239430,0.03164703,5970,0.00014890,0.00000000,0,0.00000000,31139,31151,53,0.00147181
1773320988.49242210,0.03845228,5943,0.00046019,0.00000000,0,0.00000000,31151,31146,37,0.00094046
1773320988.59169126,0.04353149,5974,0.00018458,0.00000000,0,0.00000000,31146,31159,49,0.00084565
1773320988.69174099,0.02514398,5991,0.00014484,0.00000000,0,0.00000000,31159,31167,46,0.00084098
1773320988.79183102,0.02425130,5933,0.00010686,0.00000000,0,0.00000000,31167,31172,38,0.00234173
1773320988.89186621,0.03634351,5985,0.00043189,0.00000000,0,0.00000000,31172,31184,48,0.00235902
1773320988.99200082,0.01525062,5976,0.00008363,0.00000000,0,0.00000000,31184,31186,29,0.00212823
1773320989.09245634,0.02302597,5972,0.00011220,0.00000000,0,0.00000000,31186,31193,43,0.00185932
1773320989.19247150,0.02085019,6001,0.00012394,0.00000000,0,0.00000000,31193,31178,43,0.00146306
1773320989.29248714,0.02906603,5988,0.00041370,0.00000000,0,0.00000000,31178,31183,44,0.00134670
1773320989.39180851,0.03671666,6072,0.00032863,0.00000000,0,0.00000000,31183,31195,32,0.00086216
1773320989.49257112,0.03444212,5936,0.00049216,0.00000000,0,0.00000000,31195,31208,48,0.00083906
1773320989.59183931,0.03423736,5975,0.00039396,0.00000000,0,0.00000000,31208,31211,44,0.00090274
1773320989.69250655,0.02138822,5967,0.00012170,0.00000000,0,0.00000000,31211,31224,39,0.00079280
1773320989.79250789,0.02246635,5921,0.00020152,0.00000000,0,0.00000000,31224,31208,43,0.00091587
1773320989.89172482,0.03090045,6014,0.00013416,0.00000000,0,0.00000000,31208,31203,44,0.00120951
1773320989.99184918,0.01579613,5953,0.00017135,0.00000000,0,0.00000000,31203,31203,42,0.00140077
1773320990.09258437,0.01952470,5973,0.00013287,0.00000000,0,0.00000000,31203,31206,48,0.00086495
1773320990.19257259,0.01965576,6007,0.00009661,0.00000000,0,0.00000000,31206,31212,37,0.00080007
1773320990.29271698,0.01467597,6010,0.00011865,0.00000000,0,0.00000000,31212,31218,43,0.00300600
1773320990.39246440,0.02304508,6059,0.00019741,0.00000000,0,0.00000000,31218,31224,56,0.00113166
1773320990.49254656,0.02462550,6059,0.00026422,0.00000000,0,0.00000000,31224,31227,46,0.00080937
1773320990.59256911,0.02090581,5991,0.00010540,0.00000000,0,0.00000000,31227,31201,33,0.00095698
1773320990.69247651,0.01876314,6010,0.00012281,0.00000000,0,0.00000000,31201,31212,44,0.00091446
1773320990.79174328,0.02082019,6121,0.00020907,0.00000000,0,0.00000000,31212,31214,38,0.00082208
1773320990.89272785,0.03694467,6072,0.00038892,0.00000000,0,0.00000000,31214,31215,44,0.00120693
1773320990.99256754,0.03726140,6073,0.00043569,0.00000000,0,0.00000000,31215,31226,43,0.00178994
1773320991.09262443,0.03315901,6082,0.00016294,0.00000000,0,0.00000000,31226,31237,62,0.00155040
1773320991.19262314,0.03292151,6050,0.00033642,0.00000000,0,0.00000000,31237,31244,39,0.00110652
1773320991.29246950,0.03230851,6111,0.00016808,0.00000000,0,0.00000000,31244,31244,42,0.00114165
1773320991.39248753,0.03168575,6142,0.00039967,0.00000000,0,0.00000000,31244,31250,47,0.00120775
1773320991.49256706,0.03173353,6132,0.00034916,0.00000000,0,0.00000000,31250,31254,45,0.00256688
1773320991.59283972,0.03581880,6110,0.00045085,0.00000000,0,0.00000000,31254,31255,43,0.00267578
1773320991.69263315,0.04149298,6074,0.00047189,0.00000000,0,0.00000000,31255,31266,49,0.00285841
1773320991.79196048,0.04147216,6135,0.00047458,0.00000000,0,0.00000000,31266,31261,51,0.00253974
1773320991.89257240,0.03481687,6089,0.00047213,0.00000000,0,0.00000000,31261,31273,43,0.00204952
1773320991.99254751,0.02865830,6137,0.00046357,0.00000000,0,0.00000000,31273,31280,46,0.00212383
1773320992.09273648,0.03072734,6114,0.00053660,0.00000000,0,0.00000000,31280,31276,44,0.00177194
1773320992.19182968,0.02818142,6138,0.00047045,0.00000000,0,0.00000000,31276,31267,49,0.00171452
1773320992.29183912,0.03996156,6161,0.00013867,0.00000000,0,0.00000000,31267,31277,44,0.00220835
1773320992.39189792,0.03327220,6146,0.00040650,0.00000000,0,0.00000000,31277,31282,51,0.00272613
1773320992.49262619,0.03436506,6159,0.00020956,0.00000000,0,0.00000000,31282,31292,57,0.00202726
1773320992.59266663,0.03947242,6113,0.00050891,0.00000000,0,0.00000000,31292,31299,54,0.00194828
1773320992.69265223,0.04294240,6088,0.00016503,0.00000000,0,0.00000000,31299,31303,44,0.00217587
1773320992.79183555,0.02743260,6144,0.00013714,0.00000000,0,0.00000000,31303,31292,36,0.00128486
1773320992.89251065,0.02212711,6158,0.00021605,0.00000000,0,0.00000000,31292,31280,48,0.00216696
1773320992.99199724,0.02478984,6164,0.00014185,0.00000000,0,0.00000000,31280,31268,42,0.00219338
1773320993.09262705,0.02107199,6105,0.00010936,0.00000000,0,0.00000000,31268,31268,43,0.00206058
1773320993.19184732,0.02162325,6191,0.00021290,0.00000000,0,0.00000000,31268,31239,56,0.00132635
1773320993.29193521,0.01918058,6168,0.00016875,0.00000000,0,0.00000000,31239,31245,49,0.00097643
1773320993.39193559,0.03145413,6139,0.00054672,0.00000000,0,0.00000000,31245,31255,45,0.00094939
1773320993.49267554,0.03461741,6133,0.00016585,0.00000000,0,0.00000000,31255,31245,44,0.00112159
1773320993.59190655,0.03639478,6159,0.00016764,0.00000000,0,0.00000000,31245,31253,49,0.00119971
1773320993.69191384,0.02232667,6191,0.00017912,0.00000000,0,0.00000000,31253,31247,51,0.00086093
1773320993.79194474,0.02824928,6173,0.00017068,0.00000000,0,0.00000000,31247,31250,44,0.00089088
1773320993.89257526,0.03245084,6177,0.00026023,0.00000000,0,0.00000000,31250,31258,55,0.00182316
1773320993.99192286,0.02323609,6198,0.00016547,0.00000000,0,0.00000000,31258,31259,51,0.00242002
1773320994.09186506,0.02301145,6182,0.00019273,0.00000000,0,0.00000000,31259,31261,39,0.00181605
1773320994.19191170,0.02257052,6172,0.00019896,0.00000000,0,0.00000000,31261,31257,52,0.00078523
1773320994.29192114,0.03044105,6177,0.00051763,0.00000000,0,0.00000000,31257,31264,45,0.00295603
1773320994.39198065,0.02237656,6181,0.00015206,0.00000000,0,0.00000000,31264,31267,50,0.00097628
1773320994.49258947,0.02086747,6179,0.00009837,0.00000000,0,0.00000000,31267,31274,44,0.00083175
1773320994.59264636,0.03530796,6165,0.00016890,0.00000000,0,0.00000000,31274,31279,46,0.00081833
1773320994.69192505,0.02755501,6222,0.00030247,0.00000000,0,0.00000000,31279,31287,41,0.00079786
1773320994.79197383,0.03865097,6212,0.00012094,0.00000000,0,0.00000000,31287,31292,41,0.00157147
1773320994.89258337,0.05408030,6180,0.00013229,0.00000000,0,0.00000000,31292,31296,30,0.00078977
1773320994.99205089,0.04695247,6184,0.00038561,0.00000000,0,0.00000000,31296,31297,38,0.00079336
1773320995.09262919,0.03943300,6166,0.00042322,0.00000000,0,0.00000000,31297,31298,45,0.00143119
1773320995.19180703,0.03571199,6224,0.00037826,0.00000000,0,0.00000000,31298,31295,32,0.00220808
1773320995.29268384,0.03744634,6218,0.00009646,0.00000000,0,0.00000000,31295,31298,33,0.00153504
1773320995.39266324,0.03770732,6222,0.00020362,0.00000000,0,0.00000000,31298,31304,53,0.00260226
1773320995.49196887,0.04039254,6160,0.00055342,0.00000000,0,0.00000000,31304,31285,49,0.00334091
1773320995.59194899,0.03350767,6231,0.00025363,0.00000000,0,0.00000000,31285,31282,47,0.00220733
1773320995.69196320,0.02448776,6206,0.00030217,0.00000000,0,0.00000000,31282,31285,45,0.00207404
1773320995.79263735,0.02647775,6235,0.00043260,0.00000000,0,0.00000000,31285,31287,45,0.00196586
1773320995.89272094,0.02743533,6172,0.00011896,0.00000000,0,0.00000000,31287,31297,42,0.00179225
1773320995.99188352,0.01761088,6220,0.00012835,0.00000000,0,0.00000000,31297,31301,43,0.00228038
1773320996.09275293,0.01645351,6175,0.00010177,0.00000000,0,0.00000000,31301,31308,43,0.00294048
1773320996.19266558,0.01926553,6184,0.00012210,0.00000000,0,0.00000000,31308,31303,43,0.00123632
1773320996.29278731,0.02798801,6189,0.00047900,0.00000000,0,0.00000000,31303,31312,51,0.00147072
1773320996.39267993,0.03793803,6185,0.00037836,0.00000000,0,0.00000000,31312,31317,44,0.00160525
1773320996.49264383,0.03653881,6203,0.00018199,0.00000000,0,0.00000000,31317,31314,39,0.00144550
1773320996.59268022,0.04371344,6229,0.00017981,0.00000000,0,0.00000000,31314,31323,37,0.00082671
1773320996.69275761,0.02783675,6188,0.00055605,0.00000000,0,0.00000000,31323,31329,42,0.00179514
1773320996.79193974,0.01944168,6188,0.00014823,0.00000000,0,0.00000000,31329,31333,37,0.00249364
1773320996.89260483,0.02640022,6204,0.00065690,0.00000000,0,0.00000000,31333,31337,53,0.00160042
1773320996.99266934,0.02572015,6208,0.00024961,0.00000000,0,0.00000000,31337,31335,49,0.00106734
1773320997.09273911,0.02262596,6205,0.00021332,0.00000000,0,0.00000000,31335,31332,56,0.00105464
1773320997.19194579,0.01512072,6216,0.00009485,0.00000000,0,0.00000000,31332,31339,38,0.00150285
1773320997.29193592,0.01457653,6235,0.00012746,0.00000000,0,0.00000000,31339,31340,43,0.00150927
1773320997.39206290,0.03767866,6215,0.00044074,0.00000000,0,0.00000000,31340,31342,42,0.00234361
1773320997.49264860,0.03057362,6244,0.00015047,0.00000000,0,0.00000000,31342,31350,44,0.00082442
1773320997.59210849,0.02863412,6245,0.00032605,0.00000000,0,0.00000000,31350,31357,37,0.00079382
1773320997.69271660,0.03396101,6194,0.00016050,0.00000000,0,0.00000000,31357,31354,45,0.00078794
1773320997.79197192,0.02093892,6262,0.00012490,0.00000000,0,0.00000000,31354,31360,37,0.00151656
1773320997.89201117,0.01485408,6245,0.00013679,0.00000000,0,0.00000000,31360,31360,56,0.00177007
1773320997.99209738,0.01530090,6221,0.00008893,0.00000000,0,0.00000000,31360,31362,46,0.00192140
1773320998.09272981,0.01617037,6194,0.00010580,0.00000000,0,0.00000000,31362,31362,33,0.00186938
1773320998.19197369,0.01876570,6231,0.00010974,0.00000000,0,0.00000000,31362,31324,33,0.00084841
1773320998.29202771,0.03725252,6242,0.00030165,0.00000000,0,0.00000000,31324,31332,37,0.00099267
1773320998.39206862,0.03130314,6240,0.00049052,0.00000000,0,0.00000000,31332,31333,41,0.00082875
1773320998.49204302,0.03221017,6208,0.00038623,0.00000000,0,0.00000000,31333,31340,41,0.00076143
1773320998.59214735,0.03905293,6234,0.00043793,0.00000000,0,0.00000000,31340,31344,44,0.00159611
1773320998.69269967,0.02437943,6249,0.00012668,0.00000000,0,0.00000000,31344,31350,41,0.00141064
1773320998.79269624,0.02297340,6242,0.00011551,0.00000000,0,0.00000000,31350,31352,29,0.00183601
1773320998.89275002,0.03701410,6194,0.00022783,0.00000000,0,0.00000000,31352,31355,46,0.00263673
1773320998.99207759,0.01834272,6265,0.00011320,0.00000000,0,0.00000000,31355,31365,46,0.00195855
1773320999.09197330,0.01909699,6277,0.00009447,0.00000000,0,0.00000000,31365,31373,40,0.00196675
1773320999.19231820,0.01844728,6221,0.00008080,0.00000000,0,0.00000000,31373,31380,37,0.00185503
1773320999.29204583,0.01794487,6215,0.00010756,0.00000000,0,0.00000000,31380,31384,45,0.00171375
1773320999.39275146,0.01858279,6214,0.00007612,0.00000000,0,0.00000000,31384,31390,23,0.00099232
1773320999.49274254,0.01806222,6229,0.00007861,0.00000000,0,0.00000000,31390,31395,32,0.00118967
1773320999.59201813,0.01779546,6215,0.00011290,0.00000000,0,0.00000000,31395,31381,37,0.00081078
1773320999.69198394,0.01621437,6209,0.00010626,0.00000000,0,0.00000000,31381,31391,43,0.00081394
1773320999.79200888,0.02978320,6246,0.00009976,0.00000000,0,0.00000000,31391,31398,35,0.00082147
1773320999.89204192,0.03378347,6251,0.00010347,0.00000000,0,0.00000000,31398,31394,37,0.00074676
1773320999.99212861,0.03403389,6267,0.00017246,0.00000000,0,0.00000000,31394,31398,37,0.00083166
1773321000.09205461,0.03577280,6257,0.00055965,0.00000000,0,0.00000000,31398,31409,51,0.00076967
1773321000.19276094,0.03667096,6258,0.00042761,0.00000000,0,0.00000000,31409,31416,37,0.00316398
1773321000.29280257,0.03904636,6235,0.00037535,0.00000000,0,0.00000000,31416,31423,37,0.00255450
1773321000.39215589,0.03784289,6257,0.00057264,0.00000000,0,0.00000000,31423,31429,54,0.00192192
1773321000.49211407,0.03807797,6260,0.00046385,0.00000000,0,0.00000000,31429,31428,43,0.00264807
1773321000.59273028,0.03780751,6267,0.00037977,0.00000000,0,0.00000000,31428,31434,33,0.00208326
1773321000.69279838,0.03492498,6248,0.00016079,0.00000000,0,0.00000000,31434,31439,49,0.00240333
1773321000.79204345,0.03840389,6256,0.00036677,0.00000000,0,0.00000000,31439,31441,30,0.00157944
1773321000.89271164,0.03281841,6255,0.00041860,0.00000000,0,0.00000000,31441,31446,36,0.00138338
1773321000.99225068,0.04018288,6223,0.00027835,0.00000000,0,0.00000000,31446,31449,30,0.00327564
1773321001.09281087,0.03071642,6263,0.00038105,0.00000000,0,0.00000000,31449,31455,29,0.00287457
1773321001.19286942,0.02995376,6297,0.00038275,0.00000000,0,0.00000000,31455,31460,42,0.00288154
1773321001.29277134,0.02498710,6294,0.00012289,0.00000000,0,0.00000000,31460,31457,41,0.00249936
1773321001.39274883,0.03063792,6276,0.00037648,0.00000000,0,0.00000000,31457,31463,33,0.00140078
1773321001.49279094,0.03305696,6285,0.00038577,0.00000000,0,0.00000000,31463,31466,44,0.00143045
1773321001.59275293,0.02328282,6246,0.00033413,0.00000000,0,0.00000000,31466,31464,40,0.00162376
1773321001.69277930,0.04311674,6284,0.00016524,0.00000000,0,0.00000000,31464,31459,26,0.00215714
1773321001.79276848,0.02021417,6300,0.00009983,0.00000000,0,0.00000000,31459,31466,39,0.00307536
1773321001.89281964,0.01791812,6258,0.00017529,0.00000000,0,0.00000000,31466,31470,37,0.00243561
1773321001.99210000,0.01755205,6260,0.00006951,0.00000000,0,0.00000000,31470,31468,26,0.00143230
1773321002.09199810,0.01678038,6294,0.00008849,0.00000000,0,0.00000000,31468,31469,33,0.00155387
1773321002.19211411,0.01758851,6292,0.00009806,0.00000000,0,0.00000000,31469,31455,36,0.00092009
1773321002.29221296,0.01637689,6286,0.00006962,0.00000000,0,0.00000000,31455,31464,38,0.00097718
1773321002.39235044,0.01808851,6296,0.00039676,0.00000000,0,0.00000000,31464,31468,37,0.00082695
1773321002.49276495,0.01643145,6273,0.00005903,0.00000000,0,0.00000000,31468,31467,27,0.00082234
1773321002.59209132,0.01721428,6287,0.00009473,0.00000000,0,0.00000000,31467,31474,42,0.00094502
1773321002.69284654,0.01797634,6266,0.00012299,0.00000000,0,0.00000000,31474,31483,36,0.00087355
1773321002.79209352,0.01347002,6305,0.00010246,0.00000000,0,0.00000000,31483,31484,44,0.00102946
1773321002.89283991,0.01767361,6237,0.00027447,0.00000000,0,0.00000000,31484,31474,31,0.00091283
1773321002.99189544,0.02304551,6315,0.00021159,0.00000000,0,0.00000000,31474,31472,32,0.00100873
1773321003.09207916,0.01624034,6286,0.00010212,0.00000000,0,0.00000000,31472,31475,33,0.00147084
1773321003.19218230,0.01360368,6253,0.00008545,0.00000000,0,0.00000000,31475,31474,30,0.00080848
1773321003.29211736,0.01780541,6253,0.00007020,0.00000000,0,0.00000000,31474,31477,29,0.00191856
1773321003.39220428,0.02611890,6244,0.00012387,0.00000000,0,0.00000000,31477,31480,40,0.00159549
1773321003.49210715,0.01684771,6243,0.00008119,0.00000000,0,0.00000000,31480,31485,22,0.00108019
1773321003.59214926,0.01680964,6236,0.00009518,0.00000000,0,0.00000000,31485,31477,37,0.00112420
1773321003.69213223,0.01675537,6245,0.00010337,0.00000000,0,0.00000000,31477,31475,40,0.00114650
1773321003.79215360,0.01459353,6193,0.00009063,0.00000000,0,0.00000000,31475,31459,30,0.00265346
1773321003.89211297,0.02838471,6239,0.00020521,0.00000000,0,0.00000000,31459,31448,43,0.00078320
1773321003.99212241,0.01445966,6259,0.00013969,0.00000000,0,0.00000000,31448,31419,44,0.00145515
1773321004.09220934,0.01763277,6231,0.00013843,0.00000000,0,0.00000000,31419,31413,32,0.00078644
1773321004.19194102,0.01665589,6268,0.00009860,0.00000000,0,0.00000000,31413,31418,40,0.00083056
1773321004.29212499,0.01872671,6223,0.00007177,0.00000000,0,0.00000000,31418,31417,36,0.00232096
1773321004.39221549,0.01770597,6222,0.00020401,0.00000000,0,0.00000000,31417,31419,53,0.00089404
1773321004.49222422,0.01679824,6212,0.00008958,0.00000000,0,0.00000000,31419,31422,41,0.00081736
1773321004.59213400,0.01672058,6228,0.00009218,0.00000000,0,0.00000000,31422,31420,43,0.00081888
1773321004.69202495,0.01714658,6248,0.00007055,0.00000000,0,0.00000000,31420,31425,35,0.00152136
1773321004.79203224,0.02720209,6251,0.00012474,0.00000000,0,0.00000000,31425,31435,42,0.00085987
1773321004.89210916,0.02787277,6245,0.00012123,0.00000000,0,0.00000000,31435,31437,38,0.00083232
1773321004.99214745,0.01568719,6229,0.00017149,0.00000000,0,0.00000000,31437,31445,46,0.00087524
1773321005.09206700,0.01441581,6222,0.00008444,0.00000000,0,0.00000000,31445,31446,42,0.00094236
1773321005.19201732,0.01409238,6271,0.00011820,0.00000000,0,0.00000000,31446,31450,44,0.00236834
1773321005.29205775,0.03604764,6300,0.00037226,0.00000000,0,0.00000000,31450,31457,44,0.00202191
1773321005.39284515,0.02502725,6260,0.00065716,0.00000000,0,0.00000000,31457,31461,45,0.00085867
1773321005.49300456,0.02932633,6225,0.00038732,0.00000000,0,0.00000000,31461,31461,35,0.00084447
1773321005.59220839,0.03443803,6233,0.00032457,0.00000000,0,0.00000000,31461,31468,37,0.00083450
1773321005.69205713,0.03951900,6264,0.00028060,0.00000000,0,0.00000000,31468,31459,37,0.00254058
1773321005.79214978,0.02544748,6227,0.00016797,0.00000000,0,0.00000000,31459,31459,50,0.00191561
1773321005.89217901,0.01933414,6226,0.00013175,0.00000000,0,0.00000000,31459,31462,35,0.00163599
1773321005.99230504,0.02098980,6241,0.00021078,0.00000000,0,0.00000000,31462,31461,49,0.00301245
1773321006.09201622,0.01959311,6240,0.00010958,0.00000000,0,0.00000000,31461,31473,38,0.00285837
1773321006.19208288,0.02093203,6221,0.00012507,0.00000000,0,0.00000000,31473,31476,43,0.00366612
1773321006.29211783,0.01689712,6190,0.00009006,0.00000000,0,0.00000000,31476,31487,37,0.00205002
1773321006.39224267,0.03071836,6164,0.00042062,0.00000000,0,0.00000000,31487,31494,41,0.00210016
1773321006.49200845,0.02882018,6217,0.00047806,0.00000000,0,0.00000000,31494,31471,37,0.00094005
1773321006.59217858,0.02688834,6194,0.00047517,0.00000000,0,0.00000000,31471,31470,51,0.00134473
1773321006.69289088,0.03262499,6157,0.00012446,0.00000000,0,0.00000000,31470,31474,35,0.00094830
1773321006.79206300,0.01937932,6177,0.00007835,0.00000000,0,0.00000000,31474,31474,27,0.00201645
1773321006.89205813,0.02274072,6193,0.00043865,0.00000000,0,0.00000000,31474,31483,39,0.00280588
1773321006.99320602,0.01509140,6173,0.00011559,0.00000000,0,0.00000000,31483,31485,40,0.00182082
1773321007.09205484,0.01797054,6175,0.00012687,0.00000000,0,0.00000000,31485,31486,42,0.00219645
1773321007.19208002,0.01474917,6167,0.00007501,0.00000000,0,0.00000000,31486,31485,33,0.00164806
1773321007.29206681,0.01725508,6175,0.00010088,0.00000000,0,0.00000000,31485,31493,35,0.00158727
1773321007.39219093,0.02778992,6201,0.00011216,0.00000000,0,0.00000000,31493,31498,40,0.00155947
1773321007.49230385,0.02811895,6194,0.00010383,0.00000000,0,0.00000000,31498,31497,35,0.00085277
1773321007.59212089,0.03415346,6180,0.00034236,0.00000000,0,0.00000000,31497,31507,35,0.00093069
1773321007.69206452,0.03259845,6167,0.00029788,0.00000000,0,0.00000000,31507,31509,31,0.00130405
1773321007.79215741,0.02612266,6241,0.00010495,0.00000000,0,0.00000000,31509,31515,32,0.00208449
1773321007.89224648,0.04415699,6195,0.00017588,0.00000000,0,0.00000000,31515,31520,32,0.00281293
1773321007.99222350,0.02133501,6155,0.00010201,0.00000000,0,0.00000000,31520,31526,45,0.00212469
1773321008.09215760,0.01848956,6199,0.00014349,0.00000000,0,0.00000000,31526,31528,41,0.00255361
1773321008.19217825,0.02183422,6156,0.00009562,0.00000000,0,0.00000000,31528,31524,34,0.00263564
1773321008.29216838,0.01818042,6221,0.00005160,0.00000000,0,0.00000000,31524,31529,31,0.00357065
1773321008.39229989,0.02743016,6211,0.00035654,0.00000000,0,0.00000000,31529,31526,43,0.00197166
1773321008.49212909,0.02417798,6220,0.00027181,0.00000000,0,0.00000000,31526,31535,31,0.00085674
1773321008.59216022,0.02773303,6199,0.00036818,0.00000000,0,0.00000000,31535,31537,35,0.00111445
1773321008.69233704,0.03288920,6223,0.00043874,0.00000000,0,0.00000000,31537,31527,39,0.00084208
1773321008.79184318,0.01939028,6273,0.00008096,0.00000000,0,0.00000000,31527,31528,29,0.00181927
1773321008.89211941,0.01680364,6237,0.00026452,0.00000000,0,0.00000000,31528,31531,33,0.00161242
1773321008.99211049,0.01579231,6261,0.00012703,0.00000000,0,0.00000000,31531,31534,38,0.00172978
1773321009.09202528,0.01721104,6308,0.00015296,0.00000000,0,0.00000000,31534,31534,26,0.00215591
1773321009.19219947,0.01984273,6272,0.00006718,0.00000000,0,0.00000000,31534,31538,29,0.00180564
1773321009.29212809,0.01799501,6286,0.00009555,0.00000000,0,0.00000000,31538,31542,36,0.00092092
1773321009.39221382,0.02693131,6313,0.00042668,0.00000000,0,0.00000000,31542,31545,42,0.00081854
1773321009.49293280,0.02724237,6289,0.00021379,0.00000000,0,0.00000000,31545,31551,30,0.00089037
1773321009.59225249,0.02658121,6289,0.00041936,0.00000000,0,0.00000000,31551,31554,38,0.00168850
1773321009.69218063,0.02580177,6309,0.00008362,0.00000000,0,0.00000000,31554,31562,28,0.00077480
1773321009.79218531,0.01618949,6292,0.00011542,0.00000000,0,0.00000000,31562,31561,38,0.00238616
1773321009.89224148,0.01334268,6277,0.00010005,0.00000000,0,0.00000000,31561,31566,32,0.00144344
1773321009.99181128,0.01821150,6313,0.00013471,0.00000000,0,0.00000000,31566,31565,36,0.00310279
1773321010.09203267,0.01668759,6348,0.00010201,0.00000000,0,0.00000000,31565,31567,42,0.00213582
1773321010.19215083,0.01762934,6326,0.00011701,0.00000000,0,0.00000000,31567,31571,40,0.00278550
1773321010.29213858,0.03436287,6298,0.00028898,0.00000000,0,0.00000000,31571,31573,33,0.00170164
1773321010.39222097,0.03788271,6315,0.00040152,0.00000000,0,0.00000000,31573,31580,45,0.00149234
1773321010.49222922,0.03195209,6261,0.00026457,0.00000000,0,0.00000000,31580,31549,34,0.00082685
1773321010.59205341,0.04390755,6326,0.00030669,0.00000000,0,0.00000000,31549,31554,30,0.00154839
1773321010.69218278,0.03975727,6308,0.00042120,0.00000000,0,0.00000000,31554,31554,42,0.00081975
1773321010.79205537,0.02060237,6297,0.00015315,0.00000000,0,0.00000000,31554,31560,36,0.00209507
1773321010.89219069,0.01797790,6300,0.00014475,0.00000000,0,0.00000000,31560,31567,38,0.00235836
1773321010.99215293,0.02956078,6302,0.00013529,0.00000000,0,0.00000000,31567,31573,40,0.00316303
1773321011.09207726,0.01702212,6309,0.00014227,0.00000000,0,0.00000000,31573,31570,38,0.00266373
1773321011.19212866,0.01708223,6283,0.00007840,0.00000000,0,0.00000000,31570,31571,36,0.00367460
1773321011.29210258,0.01647790,6258,0.00009844,0.00000000,0,0.00000000,31571,31573,43,0.00103089
1773321011.39212942,0.01598325,6288,0.00009912,0.00000000,0,0.00000000,31573,31576,42,0.00276241
1773321011.49220753,0.02925787,6282,0.00033322,0.00000000,0,0.00000000,31576,31576,36,0.00085805
1773321011.59215927,0.03161403,6277,0.00033310,0.00000000,0,0.00000000,31576,31580,36,0.00077253
1773321011.69207549,0.03062083,6280,0.00014510,0.00000000,0,0.00000000,31580,31586,39,0.00085534
1773321011.79219460,0.01965267,6267,0.00011994,0.00000000,0,0.00000000,31586,31595,41,0.00085083
1773321011.89224219,0.02556122,6213,0.00049287,0.00000000,0,0.00000000,31595,31601,46,0.00169415
1773321011.99167895,0.01669456,6341,0.00007726,0.00000000,0,0.00000000,31601,31607,34,0.00174591
1773321012.09219408,0.01748343,6303,0.00006941,0.00000000,0,0.00000000,31607,31607,31,0.00213476
1773321012.19220567,0.01556959,6290,0.00007599,0.00000000,0,0.00000000,31607,31613,39,0.00097553
1773321012.29217196,0.03491788,6237,0.00043259,0.00000000,0,0.00000000,31613,31616,44,0.00075758
1773321012.39177036,0.03349829,6315,0.00017346,0.00000000,0,0.00000000,31616,31615,42,0.00076339
1773321012.49186397,0.02982010,6302,0.00010823,0.00000000,0,0.00000000,31615,31598,34,0.00090652
1773321012.59218073,0.03297140,6276,0.00033264,0.00000000,0,0.00000000,31598,31588,28,0.00076401
1773321012.69186020,0.03613127,6265,0.00030154,0.00000000,0,0.00000000,31588,31595,44,0.00241875
1773321012.79187918,0.02102797,6286,0.00011902,0.00000000,0,0.00000000,31595,31597,35,0.00169630
1773321012.89187312,0.01783697,6262,0.00006175,0.00000000,0,0.00000000,31597,31600,24,0.00205405
1773321012.99170780,0.01834562,6260,0.00007450,0.00000000,0,0.00000000,31600,31605,42,0.00296901
1773321013.09168482,0.01514677,6323,0.00005400,0.00000000,0,0.00000000,31605,31608,29,0.00349562
1773321013.19184732,0.01600146,6255,0.00006561,0.00000000,0,0.00000000,31608,31611,35,0.00107653
1773321013.29234409,0.01919189,6279,0.00006643,0.00000000,0,0.00000000,31611,31610,31,0.00105739
1773321013.39218831,0.02571050,6238,0.00011204,0.00000000,0,0.00000000,31610,31612,40,0.00079822
1773321013.49210215,0.02204404,6273,0.00009820,0.00000000,0,0.00000000,31612,31617,31,0.00122596
1773321013.59213901,0.03158121,6269,0.00046025,0.00000000,0,0.00000000,31617,31623,45,0.00083554
1773321013.69188285,0.03193996,6310,0.00016432,0.00000000,0,0.00000000,31623,31622,42,0.00110371
1773321013.79221272,0.01901422,6259,0.00015258,0.00000000,0,0.00000000,31622,31621,37,0.00211733
1773321013.89213133,0.01711811,6247,0.00010820,0.00000000,0,0.00000000,31621,31626,42,0.00181247
1773321013.99194407,0.01791273,6255,0.00008404,0.00000000,0,0.00000000,31626,31630,33,0.00171686
1773321014.09232736,0.01713347,6245,0.00012414,0.00000000,0,0.00000000,31630,31633,37,0.00200400
1773321014.19195032,0.01594506,6271,0.00009292,0.00000000,0,0.00000000,31633,31627,46,0.00096968
1773321014.29226756,0.01720270,6201,0.00007281,0.00000000,0,0.00000000,31627,31624,23,0.00112404
1773321014.39186335,0.03189920,6281,0.00029901,0.00000000,0,0.00000000,31624,31627,29,0.00163993
1773321014.49223685,0.02970676,6207,0.00061407,0.00000000,0,0.00000000,31627,31632,40,0.00113219
1773321014.59191608,0.03479437,6233,0.00047211,0.00000000,0,0.00000000,31632,31643,45,0.00082912
1773321014.69180965,0.03244670,6225,0.00043917,0.00000000,0,0.00000000,31643,31613,32,0.00120542
1773321014.79190946,0.03519161,6197,0.00037397,0.00000000,0,0.00000000,31613,31620,41,0.00185698
1773321014.89184761,0.01715672,6251,0.00011309,0.00000000,0,0.00000000,31620,31627,35,0.00157878
1773321014.99192119,0.03053191,6235,0.00037816,0.00000000,0,0.00000000,31627,31635,35,0.00217779
1773321015.09194684,0.01372891,6267,0.00009496,0.00000000,0,0.00000000,31635,31633,31,0.00315750
1773321015.19192219,0.01329302,6225,0.00009556,0.00000000,0,0.00000000,31633,31637,43,0.00240931
1773321015.29194403,0.01377535,6224,0.00006339,0.00000000,0,0.00000000,31637,31644,28,0.00190355
1773321015.39193249,0.02677284,6182,0.00028641,0.00000000,0,0.00000000,31644,31652,40,0.00102932
1773321015.49174309,0.02767429,6265,0.00080891,0.00000000,0,0.00000000,31652,31588,32,0.00076155
1773321015.59202766,0.05663447,6224,0.00013803,0.00000000,0,0.00000000,31588,31594,34,0.00083423
1773321015.69193530,0.03033241,6236,0.00059156,0.00000000,0,0.00000000,31594,31588,40,0.00079243
1773321015.79223585,0.03675029,6223,0.00016673,0.00000000,0,0.00000000,31588,31594,40,0.00276275
1773321015.89216232,0.02059970,6166,0.00018937,0.00000000,0,0.00000000,31594,31585,43,0.00143606
1773321015.99192476,0.01904039,6246,0.00014453,0.00000000,0,0.00000000,31585,31586,33,0.00306790
1773321016.09193015,0.01856352,6240,0.00014439,0.00000000,0,0.00000000,31586,31592,37,0.00369514
1773321016.19196296,0.01496844,6238,0.00009552,0.00000000,0,0.00000000,31592,31587,29,0.00289158
1773321016.29193211,0.01665945,6223,0.00009456,0.00000000,0,0.00000000,31587,31594,38,0.00126944
1773321016.39182472,0.01562542,6273,0.00012414,0.00000000,0,0.00000000,31594,31568,33,0.00129432
1773321016.49214864,0.02491121,6269,0.00012130,0.00000000,0,0.00000000,31568,31565,44,0.00087207
1773321016.59218383,0.02584242,6241,0.00044297,0.00000000,0,0.00000000,31565,31574,42,0.00083410
1773321016.69195104,0.03179715,6266,0.00011987,0.00000000,0,0.00000000,31574,31581,35,0.00152702
1773321016.79193854,0.02291621,6229,0.00009136,0.00000000,0,0.00000000,31581,31588,32,0.00079773
1773321016.89239311,0.01602038,6242,0.00009081,0.00000000,0,0.00000000,31588,31594,39,0.00225928
1773321016.99188542,0.01908921,6230,0.00008612,0.00000000,0,0.00000000,31594,31599,31,0.00330167
1773321017.09184980,0.01585724,6237,0.00009288,0.00000000,0,0.00000000,31599,31606,46,0.00208640
1773321017.19196701,0.01205621,6244,0.00007513,0.00000000,0,0.00000000,31606,31608,31,0.00154680
1773321017.29189730,0.01411404,6209,0.00008105,0.00000000,0,0.00000000,31608,31610,35,0.00102195
1773321017.39176631,0.03166533,6289,0.00039431,0.00000000,0,0.00000000,31610,31611,44,0.00156234
1773321017.49183941,0.02959693,6240,0.00035919,0.00000000,0,0.00000000,31611,31621,38,0.00080013
1773321017.59197903,0.02578199,6267,0.00050732,0.00000000,0,0.00000000,31621,31629,54,0.00073879
1773321017.69186640,0.02865417,6199,0.00014091,0.00000000,0,0.00000000,31629,31630,34,0.00079600
1773321017.79197001,0.01691679,6241,0.00014935,0.00000000,0,0.00000000,31630,31631,40,0.00154324
1773321017.89195061,0.01587651,6239,0.00009558,0.00000000,0,0.00000000,31631,31627,40,0.00217699
1773321017.99197841,0.02020191,6268,0.00012290,0.00000000,0,0.00000000,31627,31618,38,0.00337757
1773321018.09193397,0.01655957,6262,0.00007411,0.00000000,0,0.00000000,31618,31620,39,0.00275691
1773321018.19198489,0.01362942,6234,0.00006008,0.00000000,0,0.00000000,31620,31618,31,0.00183496
1773321018.29198313,0.01591332,6230,0.00007224,0.00000000,0,0.00000000,31618,31624,46,0.00102880
1773321018.39161634,0.03243434,6346,0.00022724,0.00000000,0,0.00000000,31624,31626,37,0.00156662
1773321018.49199939,0.03018543,6257,0.00029080,0.00000000,0,0.00000000,31626,31628,39,0.00081380
1773321018.59225988,0.02862697,6201,0.00034054,0.00000000,0,0.00000000,31628,31628,38,0.00081358
1773321018.69188571,0.03664697,6275,0.00033590,0.00000000,0,0.00000000,31628,31633,36,0.00083134
1773321018.79189897,0.02151169,6259,0.00013283,0.00000000,0,0.00000000,31633,31608,29,0.00306999
1773321018.89205551,0.01544470,6265,0.00008054,0.00000000,0,0.00000000,31608,31610,36,0.00105932
1773321018.99200487,0.01509838,6292,0.00006961,0.00000000,0,0.00000000,31610,31610,37,0.00132213
1773321019.09201121,0.01372912,6273,0.00008195,0.00000000,0,0.00000000,31610,31612,43,0.00255917
1773321019.19201279,0.01453793,6230,0.00005641,0.00000000,0,0.00000000,31612,31616,28,0.00169086
1773321019.29185462,0.01492732,6282,0.00006739,0.00000000,0,0.00000000,31616,31618,35,0.00126882
1773321019.39200687,0.02425486,6265,0.00025340,0.00000000,0,0.00000000,31618,31621,30,0.00143860
1773321019.49186850,0.02098055,6289,0.00029704,0.00000000,0,0.00000000,31621,31625,34,0.00083922
1773321019.59196782,0.03794774,6265,0.00031757,0.00000000,0,0.00000000,31625,31629,50,0.00089793
1773321019.69195867,0.03135352,6249,0.00027633,0.00000000,0,0.00000000,31629,31629,30,0.00085911
1773321019.79200625,0.03210444,6252,0.00012581,0.00000000,0,0.00000000,31629,31632,39,0.00188432
1773321019.89190817,0.01500165,6224,0.00013204,0.00000000,0,0.00000000,31632,31636,56,0.00102436
1773321019.99192905,0.01352171,6271,0.00008958,0.00000000,0,0.00000000,31636,31635,39,0.00151393
1773321020.09204650,0.01349790,6227,0.00005493,0.00000000,0,0.00000000,31635,31642,30,0.00179825
1773321020.19189119,0.01656976,6294,0.00009957,0.00000000,0,0.00000000,31642,31642,45,0.00249623
1773321020.29202819,0.01769180,6253,0.00057993,0.00000000,0,0.00000000,31642,31553,44,0.00082571
1773321020.39186621,0.03239032,6280,0.00035225,0.00000000,0,0.00000000,31553,31559,39,0.00089369
1773321020.49191451,0.03313092,6270,0.00041680,0.00000000,0,0.00000000,31559,31558,39,0.00077313
1773321020.59196639,0.05328100,6236,0.00026020,0.00000000,0,0.00000000,31558,31566,48,0.00082422
1773321020.69191074,0.04645905,6260,0.00027385,0.00000000,0,0.00000000,31566,31567,28,0.00079516
1773321020.79195499,0.03474601,6250,0.00050347,0.00000000,0,0.00000000,31567,31558,39,0.00156781
1773321020.89204025,0.03304731,6212,0.00014755,0.00000000,0,0.00000000,31558,31564,34,0.00143725
1773321020.99184680,0.02307848,6256,0.00014900,0.00000000,0,0.00000000,31564,31566,40,0.00316564
1773321021.09203744,0.03172620,6186,0.00012231,0.00000000,0,0.00000000,31566,31570,34,0.00299332
1773321021.19194078,0.01819619,6190,0.00011445,0.00000000,0,0.00000000,31570,31554,37,0.00282065
1773321021.29209089,0.02124232,6297,0.00013349,0.00000000,0,0.00000000,31554,31558,56,0.00375457
1773321021.39202237,0.01918840,6191,0.00010609,0.00000000,0,0.00000000,31558,31557,44,0.00176021
1773321021.49177241,0.01529097,6238,0.00006440,0.00000000,0,0.00000000,31557,31563,31,0.00308105
1773321021.59181237,0.02367296,6273,0.00035876,0.00000000,0,0.00000000,31563,31565,39,0.00114883
1773321021.69199252,0.03127615,6189,0.00042704,0.00000000,0,0.00000000,31565,31561,46,0.00135056
1773321021.79191256,0.01759070,6242,0.00014977,0.00000000,0,0.00000000,31561,31569,38,0.00120084
1773321021.89187789,0.01620976,6232,0.00012296,0.00000000,0,0.00000000,31569,31574,48,0.00092716
1773321021.99199390,0.02360120,6244,0.00014809,0.00000000,0,0.00000000,31574,31578,37,0.00278397
1773321022.09192967,0.01870234,6233,0.00010369,0.00000000,0,0.00000000,31578,31583,43,0.00187997
1773321022.19184279,0.01936505,6272,0.00008432,0.00000000,0,0.00000000,31583,31583,31,0.00152941
1773321022.29192519,0.01891556,6232,0.00010160,0.00000000,0,0.00000000,31583,31576,36,0.00107614
1773321022.39207840,0.03191250,6210,0.00017027,0.00000000,0,0.00000000,31576,31581,43,0.00176335
1773321022.49201632,0.02793588,6245,0.00016283,0.00000000,0,0.00000000,31581,31578,41,0.00112756
1773321022.59202695,0.03005983,6240,0.00024218,0.00000000,0,0.00000000,31578,31578,22,0.00109380
1773321022.69200063,0.04134950,6255,0.00013383,0.00000000,0,0.00000000,31578,31581,36,0.00110058
1773321022.79207373,0.02274484,6255,0.00015449,0.00000000,0,0.00000000,31581,31587,40,0.00298024
1773321022.89208555,0.02112812,6215,0.00010524,0.00000000,0,0.00000000,31587,31590,38,0.00239084
1773321022.99187279,0.01944083,6268,0.00012800,0.00000000,0,0.00000000,31590,31592,34,0.00224578
1773321023.09199524,0.01831241,6237,0.00020656,0.00000000,0,0.00000000,31592,31602,50,0.00262542
1773321023.19190264,0.01858996,6272,0.00015457,0.00000000,0,0.00000000,31602,31610,38,0.00102630
1773321023.29178166,0.01822010,6278,0.00022386,0.00000000,0,0.00000000,31610,31578,56,0.00092927
1773321023.39188838,0.02848537,6251,0.00061349,0.00000000,0,0.00000000,31578,31578,44,0.00149914
1773321023.49204183,0.02395509,6269,0.00009187,0.00000000,0,0.00000000,31578,31581,32,0.00149137
1773321023.59188271,0.03144687,6242,0.00042801,0.00000000,0,0.00000000,31581,31577,41,0.00109850
1773321023.69193125,0.03545607,6293,0.00050530,0.00000000,0,0.00000000,31577,31567,48,0.00114472
1773321023.79201245,0.02352701,6258,0.00012599,0.00000000,0,0.00000000,31567,31573,37,0.00190439
1773321023.89201784,0.01936734,6236,0.00057110,0.00000000,0,0.00000000,31573,31391,37,0.00182078
1773321023.99193358,0.02152596,6290,0.00013077,0.00000000,0,0.00000000,31391,31393,38,0.00245871
1773321024.09207606,0.01685065,6253,0.00012371,0.00000000,0,0.00000000,31393,31394,40,0.00273547
1773321024.19187093,0.01421901,6273,0.00007830,0.00000000,0,0.00000000,31394,31398,39,0.00212476
1773321024.29199290,0.01734370,6256,0.00009550,0.00000000,0,0.00000000,31398,31405,35,0.00078159
1773321024.39204454,0.03280317,6215,0.00030231,0.00000000,0,0.00000000,31405,31409,39,0.00154521
1773321024.49186826,0.03563331,6245,0.00033843,0.00000000,0,0.00000000,31409,31414,36,0.00112281
1773321024.59188628,0.03061241,6245,0.00038425,0.00000000,0,0.00000000,31414,31417,36,0.00081604
1773321024.69186330,0.02875255,6280,0.00011831,0.00000000,0,0.00000000,31417,31417,34,0.00117505
1773321024.79191494,0.01761836,6261,0.00009582,0.00000000,0,0.00000000,31417,31425,34,0.00161966
1773321024.89186811,0.01828915,6254,0.00014855,0.00000000,0,0.00000000,31425,31426,28,0.00242446
1773321024.99197793,0.01450036,6285,0.00006577,0.00000000,0,0.00000000,31426,31424,31,0.00289897
1773321025.09193397,0.01361299,6276,0.00012524,0.00000000,0,0.00000000,31424,31423,50,0.00203027
1773321025.19190454,0.01725506,6274,0.00007160,0.00000000,0,0.00000000,31423,31429,43,0.00194770
1773321025.29197454,0.01619278,6284,0.00007984,0.00000000,0,0.00000000,31429,31436,43,0.00085105
1773321025.39198089,0.02661244,6293,0.00029320,0.00000000,0,0.00000000,31436,31444,29,0.00083261
1773321025.49204612,0.02650549,6224,0.00028896,0.00000000,0,0.00000000,31444,31446,25,0.00081489
1773321025.59194684,0.03936763,6215,0.00042124,0.00000000,0,0.00000000,31446,31453,33,0.00082994
1773321025.69196510,0.04761516,6243,0.00065294,0.00000000,0,0.00000000,31453,31457,36,0.00077834
1773321025.79204130,0.02684369,6267,0.00011653,0.00000000,0,0.00000000,31457,31462,23,0.00243279
1773321025.89199471,0.02103585,6183,0.00020291,0.00000000,0,0.00000000,31462,31467,37,0.00237781
1773321025.99183536,0.03154432,6284,0.00044764,0.00000000,0,0.00000000,31467,31457,40,0.00331697
1773321026.09200811,0.02324328,6259,0.00015265,0.00000000,0,0.00000000,31457,31462,39,0.00207966
1773321026.19194341,0.01542845,6230,0.00005746,0.00000000,0,0.00000000,31462,31464,34,0.00249548
1773321026.29188919,0.01634347,6254,0.00006250,0.00000000,0,0.00000000,31464,31458,30,0.00128586
1773321026.39189219,0.01646068,6251,0.00005154,0.00000000,0,0.00000000,31458,31459,34,0.00266076
1773321026.49194026,0.03138337,6282,0.00040716,0.00000000,0,0.00000000,31459,31452,43,0.00122462
1773321026.59197974,0.02977605,6236,0.00009307,0.00000000,0,0.00000000,31452,31446,26,0.00114521
1773321026.69199371,0.03307169,6253,0.00038567,0.00000000,0,0.00000000,31446,31451,43,0.00077155
1773321026.79194379,0.02143376,6275,0.00016705,0.00000000,0,0.00000000,31451,31434,38,0.00082794
1773321026.89194179,0.01888525,6233,0.00010285,0.00000000,0,0.00000000,31434,31440,39,0.00087835
1773321026.99201441,0.01355412,6251,0.00011046,0.00000000,0,0.00000000,31440,31432,41,0.00194527
1773321027.09194255,0.01298487,6284,0.00009813,0.00000000,0,0.00000000,31432,31436,47,0.00217177
1773321027.19193816,0.01301974,6272,0.00008331,0.00000000,0,0.00000000,31436,31440,43,0.00225347
1773321027.29192853,0.01256442,6226,0.00007255,0.00000000,0,0.00000000,31440,31442,41,0.00159757
1773321027.39197111,0.01453252,6215,0.00007304,0.00000000,0,0.00000000,31442,31449,30,0.00084786
1773321027.49198532,0.03101147,6247,0.00012866,0.00000000,0,0.00000000,31449,31449,34,0.00085551
1773321027.59200978,0.03383274,6216,0.00046492,0.00000000,0,0.00000000,31449,31450,41,0.00081766
1773321027.69194889,0.02736965,6238,0.00013828,0.00000000,0,0.00000000,31450,31446,47,0.00080287
1773321027.79199481,0.02218044,6229,0.00036926,0.00000000,0,0.00000000,31446,31458,47,0.00081613
1773321027.89194870,0.01867390,6259,0.00014576,0.00000000,0,0.00000000,31458,31455,39,0.00193366
1773321027.99208593,0.01590604,6217,0.00008439,0.00000000,0,0.00000000,31455,31461,32,0.00227706
1773321028.09198570,0.02117524,6231,0.00009425,0.00000000,0,0.00000000,31461,31458,38,0.00290462
1773321028.19190550,0.01881591,6237,0.00010673,0.00000000,0,0.00000000,31458,31464,44,0.00137078
1773321028.29186773,0.01449605,6211,0.00009628,0.00000000,0,0.00000000,31464,31467,48,0.00098796
1773321028.39185262,0.02869344,6264,0.00009624,0.00000000,0,0.00000000,31467,31474,38,0.00147634
1773321028.49197721,0.02591041,6220,0.00036126,0.00000000,0,0.00000000,31474,31481,39,0.00156002
1773321028.59188008,0.03341838,6244,0.00052177,0.00000000,0,0.00000000,31481,31480,44,0.00120009
1773321028.69185567,0.03817729,6264,0.00043672,0.00000000,0,0.00000000,31480,31485,39,0.00085004
1773321028.79195476,0.02243889,6249,0.00011125,0.00000000,0,0.00000000,31485,31493,39,0.00218993
1773321028.89188933,0.01547376,6255,0.00018032,0.00000000,0,0.00000000,31493,31497,34,0.00220959
1773321028.99210572,0.01812072,6269,0.00012650,0.00000000,0,0.00000000,31497,31493,37,0.00302536
1773321029.09205914,0.01506939,6236,0.00006912,0.00000000,0,0.00000000,31493,31494,30,0.00262967
1773321029.19198179,0.01775019,6246,0.00004873,0.00000000,0,0.00000000,31494,31495,28,0.00235577
1773321029.29192328,0.01782128,6221,0.00010261,0.00000000,0,0.00000000,31495,31492,41,0.00093713
1773321029.39192271,0.02863100,6226,0.00044108,0.00000000,0,0.00000000,31492,31495,54,0.00083179
1773321029.49190450,0.03499982,6247,0.00013899,0.00000000,0,0.00000000,31495,31495,34,0.00122830
1773321029.59197950,0.03355162,6264,0.00028419,0.00000000,0,0.00000000,31495,31498,34,0.00082565
1773321029.69189644,0.02705692,6240,0.00042737,0.00000000,0,0.00000000,31498,31503,29,0.00082518
1773321029.79194427,0.02026013,6264,0.00013389,0.00000000,0,0.00000000,31503,31512,45,0.00082459
1773321029.89189076,0.01860381,6225,0.00018458,0.00000000,0,0.00000000,31512,31512,34,0.00270824
1773321029.99205160,0.01869798,6234,0.00013261,0.00000000,0,0.00000000,31512,31517,37,0.00202829
1773321030.09200501,0.01301548,6230,0.00012223,0.00000000,0,0.00000000,31517,31505,50,0.00302790
1773321030.19197345,0.01662724,6234,0.00013888,0.00000000,0,0.00000000,31505,31504,42,0.00193387
1773321030.29192781,0.01453330,6252,0.00008953,0.00000000,0,0.00000000,31504,31507,41,0.00096755
1773321030.39199519,0.03642738,6253,0.00011291,0.00000000,0,0.00000000,31507,31513,37,0.00101173
1773321030.49195790,0.03706181,6222,0.00037405,0.00000000,0,0.00000000,31513,31511,34,0.00079733
1773321030.59198403,0.03784647,6258,0.00042797,0.00000000,0,0.00000000,31511,31514,38,0.00156900
1773321030.69202328,0.04767979,6238,0.00012731,0.00000000,0,0.00000000,31514,31510,36,0.00083664
1773321030.79199195,0.02244219,6227,0.00014223,0.00000000,0,0.00000000,31510,31500,44,0.00117885
1773321030.89278674,0.02030176,6220,0.00025215,0.00000000,0,0.00000000,31500,31506,46,0.00162514
1773321030.99197435,0.03392591,6248,0.00042396,0.00000000,0,0.00000000,31506,31501,54,0.00346232
1773321031.09187150,0.01730088,6241,0.00012214,0.00000000,0,0.00000000,31501,31500,34,0.00307403
1773321031.19190097,0.01918284,6266,0.00011908,0.00000000,0,0.00000000,31500,31510,50,0.00333722
1773321031.29186440,0.01859183,6240,0.00012668,0.00000000,0,0.00000000,31510,31517,43,0.00088505
1773321031.39188337,0.01650017,6235,0.00006269,0.00000000,0,0.00000000,31517,31523,38,0.00157976
1773321031.49189353,0.02986051,6261,0.00045819,0.00000000,0,0.00000000,31523,31530,43,0.00079396
1773321031.59212184,0.03729272,6222,0.00048527,0.00000000,0,0.00000000,31530,31534,38,0.00108163
1773321031.69186640,0.02785800,6247,0.00018306,0.00000000,0,0.00000000,31534,31540,41,0.00116787
1773321031.79194450,0.02455431,6259,0.00015297,0.00000000,0,0.00000000,31540,31540,42,0.00076990
1773321031.89191175,0.01926767,6267,0.00013607,0.00000000,0,0.00000000,31540,31542,41,0.00175037
1773321031.99202490,0.02274744,6252,0.00011561,0.00000000,0,0.00000000,31542,31543,33,0.00197434
1773321032.09192967,0.01709471,6253,0.00009173,0.00000000,0,0.00000000,31543,31547,39,0.00316500
1773321032.19190836,0.01727611,6269,0.00008616,0.00000000,0,0.00000000,31547,31536,32,0.00280220
1773321032.29202008,0.01637132,6223,0.00009225,0.00000000,0,0.00000000,31536,31543,35,0.00146281
1773321032.39208937,0.03573653,6243,0.00051596,0.00000000,0,0.00000000,31543,31545,38,0.00077985
1773321032.49205565,0.02986129,6221,0.00041921,0.00000000,0,0.00000000,31545,31544,41,0.00079303
1773321032.59212112,0.03202033,6209,0.00013418,0.00000000,0,0.00000000,31544,31541,43,0.00086935
1773321032.69188786,0.03676771,6218,0.00049151,0.00000000,0,0.00000000,31541,31546,45,0.00078302
1773321032.79197359,0.02628939,6266,0.00019652,0.00000000,0,0.00000000,31546,31549,41,0.00176906
1773321032.89199281,0.01775108,6242,0.00013600,0.00000000,0,0.00000000,31549,31556,33,0.00124623
1773321032.99209523,0.01847943,6241,0.00009622,0.00000000,0,0.00000000,31556,31565,44,0.00211257
1773321033.09195876,0.01746339,6274,0.00009907,0.00000000,0,0.00000000,31565,31569,37,0.00289172
1773321033.19194269,0.01420949,6280,0.00005190,0.00000000,0,0.00000000,31569,31572,32,0.00265906
1773321033.29191136,0.01487561,6269,0.00008808,0.00000000,0,0.00000000,31572,31577,47,0.00124141
1773321033.39208746,0.01911513,6261,0.00031796,0.00000000,0,0.00000000,31577,31561,42,0.00083658
1773321033.49210000,0.02434431,6206,0.00027476,0.00000000,0,0.00000000,31561,31564,31,0.00086256
1773321033.59198380,0.03321821,6258,0.00015950,0.00000000,0,0.00000000,31564,31564,41,0.00085626
1773321033.69207859,0.03731523,6238,0.00060845,0.00000000,0,0.00000000,31564,31560,39,0.00091022
1773321033.79207444,0.03178499,6208,0.00016598,0.00000000,0,0.00000000,31560,31566,43,0.00147860
1773321033.89193225,0.02203692,6226,0.00023328,0.00000000,0,0.00000000,31566,31556,49,0.00210738
1773321033.99220967,0.01881899,6243,0.00008283,0.00000000,0,0.00000000,31556,31559,41,0.00264161
1773321034.09195113,0.01968141,6190,0.00010674,0.00000000,0,0.00000000,31559,31559,35,0.00293839
1773321034.19199300,0.01636389,6206,0.00011027,0.00000000,0,0.00000000,31559,31559,39,0.00282796
1773321034.29210138,0.01909278,6188,0.00013976,0.00000000,0,0.00000000,31559,31570,53,0.00150206
1773321034.39202619,0.02682152,6211,0.00033082,0.00000000,0,0.00000000,31570,31573,42,0.00199310
1773321034.49197483,0.03200826,6228,0.00047388,0.00000000,0,0.00000000,31573,31583,52,0.00093603
1773321034.59206176,0.03398767,6225,0.00083046,0.00000000,0,0.00000000,31583,31580,46,0.00098596
1773321034.69206476,0.04236881,6188,0.00012117,0.00000000,0,0.00000000,31580,31585,35,0.00086873
1773321034.79201484,0.02791751,6205,0.00011737,0.00000000,0,0.00000000,31585,31578,44,0.00260962
1773321034.89202738,0.02101046,6243,0.00012070,0.00000000,0,0.00000000,31578,31577,51,0.00185593
1773321034.99211955,0.02451694,6207,0.00012345,0.00000000,0,0.00000000,31577,31583,50,0.00390414
1773321035.09205174,0.01701906,6157,0.00013836,0.00000000,0,0.00000000,31583,31585,48,0.00263124
1773321035.19198704,0.02185896,6263,0.00015552,0.00000000,0,0.00000000,31585,31586,44,0.00243754
1773321035.29210305,0.02055747,6181,0.00013443,0.00000000,0,0.00000000,31586,31587,54,0.00078326
1773321035.39215517,0.02366282,6166,0.00041640,0.00000000,0,0.00000000,31587,31588,36,0.00239337
1773321035.49200654,0.03433914,6201,0.00057812,0.00000000,0,0.00000000,31588,31574,52,0.00081580
1773321035.59207296,0.04617536,6184,0.00046529,0.00000000,0,0.00000000,31574,31576,54,0.00162927
1773321035.69193721,0.03801829,6264,0.00052936,0.00000000,0,0.00000000,31576,31581,48,0.00081904
1773321035.79215002,0.03833255,6209,0.00018591,0.00000000,0,0.00000000,31581,31576,43,0.00086378
1773321035.89192295,0.02254005,6214,0.00011694,0.00000000,0,0.00000000,31576,31578,43,0.00246737
1773321035.99208784,0.02590440,6179,0.00046622,0.00000000,0,0.00000000,31578,31584,48,0.00210812
1773321036.09205365,0.02554941,6212,0.00019109,0.00000000,0,0.00000000,31584,31583,43,0.00151110
1773321036.19210696,0.02214739,6187,0.00018904,0.00000000,0,0.00000000,31583,31571,38,0.00120649
1773321036.29214239,0.02233975,6199,0.00019302,0.00000000,0,0.00000000,31571,31570,50,0.00145703
1773321036.39212346,0.02078600,6211,0.00029760,0.00000000,0,0.00000000,31570,31576,42,0.00112238
1773321036.49213147,0.03923069,6172,0.00013934,0.00000000,0,0.00000000,31576,31579,43,0.00094022
1773321036.59201026,0.03970602,6191,0.00062097,0.00000000,0,0.00000000,31579,31588,61,0.00082421
1773321036.69198704,0.03597399,6179,0.00053102,0.00000000,0,0.00000000,31588,31599,49,0.00168329
1773321036.79205489,0.02617080,6156,0.00066256,0.00000000,0,0.00000000,31599,31603,50,0.00079205
1773321036.89203262,0.01981295,6149,0.00015964,0.00000000,0,0.00000000,31603,31614,57,0.00096695
1773321036.99218678,0.02247850,6139,0.00019980,0.00000000,0,0.00000000,31614,31609,61,0.00164247
1773321037.09196258,0.02328373,6154,0.00019688,0.00000000,0,0.00000000,31609,31609,61,0.00211108
1773321037.19204926,0.02752868,6164,0.00011982,0.00000000,0,0.00000000,31609,31614,40,0.00288459
1773321037.29204488,0.01766679,6163,0.00015326,0.00000000,0,0.00000000,31614,31607,41,0.00156701
1773321037.39208031,0.03656437,6154,0.00051965,0.00000000,0,0.00000000,31607,31610,49,0.00243370
1773321037.49208760,0.03520098,6170,0.00039988,0.00000000,0,0.00000000,31610,31616,51,0.00171836
1773321037.59217143,0.04002500,6141,0.00039033,0.00000000,0,0.00000000,31616,31621,52,0.00156401
1773321037.69199252,0.04398882,6207,0.00018401,0.00000000,0,0.00000000,31621,31627,51,0.00109510
1773321037.79217863,0.04235189,6122,0.00038010,0.00000000,0,0.00000000,31627,31613,38,0.00283961
1773321037.89201379,0.03019588,6171,0.00052526,0.00000000,0,0.00000000,31613,31597,56,0.00398936
1773321037.99211621,0.03932923,6159,0.00019046,0.00000000,0,0.00000000,31597,31595,46,0.00183444
1773321038.09211659,0.01731484,6148,0.00016076,0.00000000,0,0.00000000,31595,31596,54,0.00245102
1773321038.19220161,0.02273753,6111,0.00020059,0.00000000,0,0.00000000,31596,31594,57,0.00274123
1773321038.29201913,0.02206752,6127,0.00016645,0.00000000,0,0.00000000,31594,31595,47,0.00130948
1773321038.39204264,0.03928242,6146,0.00046866,0.00000000,0,0.00000000,31595,31602,59,0.00479748
1773321038.49207759,0.03794057,6187,0.00053137,0.00000000,0,0.00000000,31602,31606,55,0.00096599
1773321038.59222484,0.04076250,6119,0.00051951,0.00000000,0,0.00000000,31606,31609,45,0.00153711
1773321038.69210100,0.03617267,6165,0.00014968,0.00000000,0,0.00000000,31609,31610,57,0.00125523
1773321038.79217291,0.02790716,6150,0.00021528,0.00000000,0,0.00000000,31610,31584,53,0.00203821
1773321038.89203048,0.02463714,6172,0.00018870,0.00000000,0,0.00000000,31584,31594,57,0.00280430
1773321038.99225974,0.02488838,6122,0.00012835,0.00000000,0,0.00000000,31594,31604,53,0.00188342
1773321039.09201837,0.02110538,6149,0.00019533,0.00000000,0,0.00000000,31604,31614,57,0.00163582
1773321039.19246173,0.02464856,6139,0.00019800,0.00000000,0,0.00000000,31614,31622,58,0.00277554
1773321039.29213643,0.02105977,6129,0.00011359,0.00000000,0,0.00000000,31622,31614,51,0.00076506
1773321039.39208484,0.03910034,6121,0.00055874,0.00000000,0,0.00000000,31614,31620,46,0.00089999
1773321039.49202085,0.03257807,6112,0.00034998,0.00000000,0,0.00000000,31620,31626,45,0.00093088
1773321039.59211659,0.04422639,6141,0.00054756,0.00000000,0,0.00000000,31626,31634,56,0.00087449
1773321039.69212747,0.04133631,6128,0.00055782,0.00000000,0,0.00000000,31634,31637,55,0.00094337
1773321039.79213715,0.03064622,6118,0.00020867,0.00000000,0,0.00000000,31637,31617,56,0.00270861
1773321039.89213634,0.02479800,6124,0.00026415,0.00000000,0,0.00000000,31617,31619,66,0.00268614
1773321039.99217439,0.02953258,6142,0.00017843,0.00000000,0,0.00000000,31619,31621,54,0.00172436
1773321040.09213543,0.02254731,6107,0.00019395,0.00000000,0,0.00000000,31621,31629,44,0.00128435
1773321040.19221711,0.01936919,6068,0.00010864,0.00000000,0,0.00000000,31629,31630,53,0.00123235
1773321040.29206896,0.02087574,6135,0.00011075,0.00000000,0,0.00000000,31630,31642,53,0.00094903
1773321040.39209962,0.03807823,6130,0.00037275,0.00000000,0,0.00000000,31642,31645,36,0.00295257
1773321040.49217057,0.04291481,6140,0.00064333,0.00000000,0,0.00000000,31645,31648,63,0.00088150
1773321040.59224105,0.05544927,6048,0.00067578,0.00000000,0,0.00000000,31648,31647,50,0.00087213
1773321040.69204855,0.02304211,6101,0.00016027,0.00000000,0,0.00000000,31647,31658,49,0.00095663
1773321040.79215074,0.02342294,6104,0.00014221,0.00000000,0,0.00000000,31658,31666,55,0.00112573
1773321040.89212298,0.02298110,6082,0.00013298,0.00000000,0,0.00000000,31666,31667,43,0.00189026
1773321040.99211621,0.02344326,6129,0.00015337,0.00000000,0,0.00000000,31667,31667,59,0.00213563
1773321041.09215665,0.02174143,6143,0.00019505,0.00000000,0,0.00000000,31667,31675,52,0.00154965
1773321041.19248056,0.02416707,6115,0.00014068,0.00000000,0,0.00000000,31675,31673,43,0.00253327
1773321041.29207516,0.02152269,6136,0.00013907,0.00000000,0,0.00000000,31673,31679,53,0.00138881
1773321041.39209008,0.02249829,6111,0.00015430,0.00000000,0,0.00000000,31679,31693,55,0.00074918
1773321041.49208355,0.03896918,6126,0.00063029,0.00000000,0,0.00000000,31693,31702,59,0.00072899
1773321041.59221911,0.04774874,6096,0.00050717,0.00000000,0,0.00000000,31702,31704,50,0.00075532
1773321041.69222593,0.04768630,6086,0.00076703,0.00000000,0,0.00000000,31704,31716,49,0.00147379
1773321041.79211545,0.03711894,6092,0.00029636,0.00000000,0,0.00000000,31716,31698,55,0.00153780
1773321041.89215660,0.02928992,6133,0.00027849,0.00000000,0,0.00000000,31698,31705,54,0.00180981
1773321041.99228859,0.04173375,6096,0.00023475,0.00000000,0,0.00000000,31705,31715,53,0.00177341
1773321042.09205866,0.02073292,6113,0.00015166,0.00000000,0,0.00000000,31715,31716,41,0.00151893
1773321042.19211411,0.02169464,6125,0.00035541,0.00000000,0,0.00000000,31716,31673,54,0.00287870
1773321042.29216361,0.02248853,6131,0.00014134,0.00000000,0,0.00000000,31673,31671,59,0.00157728
1773321042.39220643,0.02217348,6106,0.00011079,0.00000000,0,0.00000000,31671,31662,47,0.00190084
1773321042.49207020,0.04527849,6136,0.00019369,0.00000000,0,0.00000000,31662,31643,43,0.00086107
1773321042.59222794,0.05578159,6133,0.00016238,0.00000000,0,0.00000000,31643,31647,70,0.00086688
1773321042.69221735,0.03267414,6108,0.00014702,0.00000000,0,0.00000000,31647,31654,48,0.00081516
1773321042.79211426,0.02183005,6131,0.00011392,0.00000000,0,0.00000000,31654,31659,46,0.00084038
1773321042.89215112,0.03238895,6117,0.00048215,0.00000000,0,0.00000000,31659,31666,48,0.00279908
1773321042.99276161,0.02043499,6112,0.00014865,0.00000000,0,0.00000000,31666,31670,55,0.00249648
1773321043.09219265,0.01954124,6101,0.00011006,0.00000000,0,0.00000000,31670,31680,51,0.00254581
1773321043.19227576,0.02274555,6066,0.00011124,0.00000000,0,0.00000000,31680,31682,53,0.00174839
1773321043.29210711,0.01962337,6120,0.00017308,0.00000000,0,0.00000000,31682,31680,57,0.00074491
1773321043.39220929,0.04292265,6093,0.00023781,0.00000000,0,0.00000000,31680,31678,56,0.00148744
1773321043.49216151,0.03984266,6109,0.00023746,0.00000000,0,0.00000000,31678,31683,49,0.00092274
1773321043.59213400,0.04495621,6104,0.00029871,0.00000000,0,0.00000000,31683,31688,33,0.00085583
1773321043.69212246,0.04629164,6091,0.00020779,0.00000000,0,0.00000000,31688,31682,49,0.00089797
1773321043.79216599,0.02504817,6137,0.00009266,0.00000000,0,0.00000000,31682,31688,40,0.00097537
1773321043.89217234,0.02172383,6124,0.00018146,0.00000000,0,0.00000000,31688,31696,49,0.00189920
1773321043.99228716,0.02026533,6097,0.00011044,0.00000000,0,0.00000000,31696,31701,47,0.00294385
1773321044.09211254,0.01915432,6109,0.00012578,0.00000000,0,0.00000000,31701,31698,50,0.00249034
1773321044.19221663,0.02582201,6097,0.00014013,0.00000000,0,0.00000000,31698,31696,60,0.00253901
1773321044.29223275,0.02390072,6077,0.00028032,0.00000000,0,0.00000000,31696,31701,60,0.00076773
1773321044.39211297,0.03432022,6122,0.00036102,0.00000000,0,0.00000000,31701,31706,45,0.00163897
1773321044.49209499,0.03695754,6094,0.00046406,0.00000000,0,0.00000000,31706,31706,53,0.00087367
1773321044.59222794,0.04232202,6090,0.00077760,0.00000000,0,0.00000000,31706,31715,65,0.00080019
1773321044.69225764,0.04241273,6162,0.00025145,0.00000000,0,0.00000000,31715,31725,55,0.00155579
1773321044.79232955,0.02418052,6138,0.00018594,0.00000000,0,0.00000000,31725,31724,58,0.00228349
1773321044.89214492,0.02727700,6103,0.00032167,0.00000000,0,0.00000000,31724,31726,53,0.00249273
1773321044.99230242,0.02357891,6138,0.00021056,0.00000000,0,0.00000000,31726,31737,70,0.00259929
1773321045.09226394,0.02039132,6098,0.00017632,0.00000000,0,0.00000000,31737,31746,62,0.00270645
1773321045.19222832,0.02037192,6094,0.00014165,0.00000000,0,0.00000000,31746,31756,61,0.00368647
1773321045.29221988,0.02265187,6131,0.00016094,0.00000000,0,0.00000000,31756,31759,58,0.00107756
1773321045.39226031,0.04246657,6131,0.00045632,0.00000000,0,0.00000000,31759,31760,55,0.00095945
1773321045.49228072,0.04377025,6088,0.00051966,0.00000000,0,0.00000000,31760,31769,51,0.00098164
1773321045.59220362,0.04818491,6125,0.00048433,0.00000000,0,0.00000000,31769,31773,48,0.00076741
1773321045.69220042,0.02617265,6125,0.00023354,0.00000000,0,0.00000000,31773,31768,45,0.00083519
1773321045.79227090,0.02415245,6052,0.00032789,0.00000000,0,0.00000000,31768,31754,58,0.00122093
1773321045.89211082,0.02003984,6124,0.00022494,0.00000000,0,0.00000000,31754,31752,63,0.00126444
1773321045.99222922,0.01934309,6137,0.00016265,0.00000000,0,0.00000000,31752,31755,53,0.00184875
1773321046.09226537,0.01877209,6156,0.00016991,0.00000000,0,0.00000000,31755,31763,65,0.00279310
1773321046.19230628,0.01881130,6100,0.00014381,0.00000000,0,0.00000000,31763,31771,57,0.00294703
1773321046.29231286,0.01914834,6063,0.00011428,0.00000000,0,0.00000000,31771,31771,45,0.00091282
1773321046.39228272,0.04353635,6165,0.00041782,0.00000000,0,0.00000000,31771,31773,50,0.00082627
1773321046.49227357,0.04778287,6111,0.00018041,0.00000000,0,0.00000000,31773,31778,50,0.00085328
1773321046.59216833,0.05771886,6123,0.00017588,0.00000000,0,0.00000000,31778,31775,47,0.00079339
1773321046.69218731,0.06602721,6141,0.00024165,0.00000000,0,0.00000000,31775,31783,51,0.00088954
1773321046.79232860,0.03080316,6115,0.00029861,0.00000000,0,0.00000000,31783,31790,60,0.00208317
1773321046.89227581,0.02745859,6078,0.00014408,0.00000000,0,0.00000000,31790,31798,46,0.00297436
1773321046.99224639,0.04228675,6138,0.00062775,0.00000000,0,0.00000000,31798,31794,54,0.00325158
1773321047.09228039,0.02984380,6122,0.00024056,0.00000000,0,0.00000000,31794,31799,57,0.00282591
1773321047.19217920,0.02434518,6127,0.00028031,0.00000000,0,0.00000000,31799,31781,51,0.00125918
1773321047.29222250,0.02468122,6106,0.00011622,0.00000000,0,0.00000000,31781,31789,56,0.00162323
1773321047.39229083,0.01905992,6127,0.00012272,0.00000000,0,0.00000000,31789,31790,47,0.00205106
1773321047.49230838,0.01932268,6106,0.00011143,0.00000000,0,0.00000000,31790,31794,44,0.00190294
1773321047.59219527,0.04749284,6117,0.00041403,0.00000000,0,0.00000000,31794,31796,41,0.00142464
1773321047.69224048,0.02668536,6101,0.00012461,0.00000000,0,0.00000000,31796,31792,44,0.00237453
1773321047.79227853,0.02703260,6112,0.00015753,0.00000000,0,0.00000000,31792,31791,59,0.00091584
1773321047.89233422,0.02500433,6123,0.00011626,0.00000000,0,0.00000000,31791,31794,48,0.00105486
1773321047.99240732,0.02507262,6115,0.00016625,0.00000000,0,0.00000000,31794,31799,59,0.00231336
1773321048.09216785,0.02208110,6132,0.00010349,0.00000000,0,0.00000000,31799,31801,45,0.00252814
1773321048.19222546,0.02339429,6144,0.00019548,0.00000000,0,0.00000000,31801,31808,61,0.00253014
1773321048.29231095,0.02320027,6106,0.00020317,0.00000000,0,0.00000000,31808,31808,64,0.00103675
1773321048.39218736,0.04131967,6103,0.00039387,0.00000000,0,0.00000000,31808,31810,49,0.00156547
1773321048.49222946,0.04153168,6105,0.00053455,0.00000000,0,0.00000000,31810,31816,56,0.00128650
1773321048.59233713,0.05207334,6072,0.00057574,0.00000000,0,0.00000000,31816,31822,55,0.00156864
1773321048.69216418,0.04192950,6101,0.00016561,0.00000000,0,0.00000000,31822,31814,48,0.00089290
1773321048.79221916,0.02712678,6116,0.00016491,0.00000000,0,0.00000000,31814,31820,57,0.00208280
1773321048.89224148,0.02731084,6110,0.00049139,0.00000000,0,0.00000000,31820,31826,48,0.00084492
1773321048.99224997,0.02743463,6117,0.00013717,0.00000000,0,0.00000000,31826,31825,60,0.00219287
1773321049.09226155,0.02403423,6093,0.00018405,0.00000000,0,0.00000000,31825,31832,58,0.00416566
1773321049.19226336,0.02578467,6089,0.00014798,0.00000000,0,0.00000000,31832,31837,60,0.00302974
1773321049.29234219,0.02318190,6104,0.00014882,0.00000000,0,0.00000000,31837,31846,66,0.00157028
1773321049.39230061,0.04773077,6090,0.00039889,0.00000000,0,0.00000000,31846,31855,64,0.00241366
1773321049.49232888,0.04534370,6103,0.00025770,0.00000000,0,0.00000000,31855,31845,70,0.00096898
1773321049.59236836,0.04179709,6072,0.00060244,0.00000000,0,0.00000000,31845,31830,48,0.00084333
1773321049.69220901,0.04556078,6118,0.00070660,0.00000000,0,0.00000000,31830,31841,62,0.00166268
1773321049.79224849,0.03851005,6134,0.00014605,0.00000000,0,0.00000000,31841,31844,55,0.00110570
1773321049.89229488,0.02065435,6106,0.00016496,0.00000000,0,0.00000000,31844,31851,65,0.00189190
1773321049.99239278,0.03576216,6109,0.00050779,0.00000000,0,0.00000000,31851,31860,57,0.00310455
1773321050.09235692,0.02141103,6080,0.00016073,0.00000000,0,0.00000000,31860,31856,60,0.00260342
1773321050.19221592,0.02246335,6063,0.00019611,0.00000000,0,0.00000000,31856,31866,59,0.00205619
1773321050.29220510,0.02410820,6097,0.00014204,0.00000000,0,0.00000000,31866,31873,50,0.00088613
1773321050.39222574,0.02514842,6098,0.00012261,0.00000000,0,0.00000000,31873,31879,45,0.00075752
1773321050.49229717,0.04515364,6053,0.00051999,0.00000000,0,0.00000000,31879,31878,48,0.00078967
1773321050.59237242,0.04387743,6074,0.00037811,0.00000000,0,0.00000000,31878,31881,41,0.00161296
1773321050.69229245,0.04241528,6093,0.00056720,0.00000000,0,0.00000000,31881,31887,53,0.00082679
1773321050.79238820,0.02461850,5992,0.00019407,0.00000000,0,0.00000000,31887,31892,55,0.00076711
1773321050.89219666,0.02196408,6085,0.00022655,0.00000000,0,0.00000000,31892,31899,63,0.00218421
1773321050.99236155,0.02497721,6092,0.00016894,0.00000000,0,0.00000000,31899,31904,48,0.00273378
1773321051.09232426,0.02321181,6059,0.00018937,0.00000000,0,0.00000000,31904,31915,67,0.00283216
1773321051.19223738,0.03553919,6107,0.00025475,0.00000000,0,0.00000000,31915,31918,47,0.00202666
1773321051.29224348,0.02569107,6101,0.00037066,0.00000000,0,0.00000000,31918,31903,74,0.00091150
1773321051.39227223,0.02576772,6104,0.00030640,0.00000000,0,0.00000000,31903,31902,66,0.00175968
1773321051.49232531,0.04788988,6096,0.00019498,0.00000000,0,0.00000000,31902,31906,55,0.00077867
1773321051.59225345,0.04576604,6077,0.00068266,0.00000000,0,0.00000000,31906,31909,58,0.00197818
1773321051.69256067,0.05319147,6130,0.00024392,0.00000000,0,0.00000000,31909,31910,56,0.00115025
1773321051.79236317,0.02910196,6121,0.00020497,0.00000000,0,0.00000000,31910,31915,64,0.00125089
1773321051.89239383,0.02622060,6149,0.00023749,0.00000000,0,0.00000000,31915,31917,61,0.00238789
1773321051.99239993,0.04236109,6103,0.00015940,0.00000000,0,0.00000000,31917,31929,52,0.00276455
1773321052.09233141,0.02432852,6085,0.00014745,0.00000000,0,0.00000000,31929,31929,43,0.00184062
1773321052.19236279,0.02291014,6118,0.00017044,0.00000000,0,0.00000000,31929,31937,51,0.00238942
1773321052.29233670,0.02248789,6076,0.00010880,0.00000000,0,0.00000000,31937,31942,41,0.00078838
1773321052.39239144,0.02296965,6052,0.00013710,0.00000000,0,0.00000000,31942,31946,51,0.00213887
1773321052.49221873,0.04090503,6084,0.00045944,0.00000000,0,0.00000000,31946,31937,43,0.00087018
1773321052.59234262,0.04967605,6080,0.00025490,0.00000000,0,0.00000000,31937,31932,44,0.00080546
1773321052.69236875,0.04467631,6056,0.00071755,0.00000000,0,0.00000000,31932,31932,59,0.00079825
1773321052.79223275,0.03163274,6070,0.00020354,0.00000000,0,0.00000000,31932,31934,51,0.00108453
1773321052.89228320,0.02589449,6089,0.00019678,0.00000000,0,0.00000000,31934,31941,65,0.00246573
1773321052.99244952,0.03999880,6087,0.00022581,0.00000000,0,0.00000000,31941,31941,60,0.00162960
1773321053.09241295,0.01985984,6038,0.00015406,0.00000000,0,0.00000000,31941,31945,56,0.00192385
1773321053.19247413,0.01925371,6068,0.00019764,0.00000000,0,0.00000000,31945,31955,76,0.00203282
1773321053.29240417,0.02270908,6091,0.00016270,0.00000000,0,0.00000000,31955,31958,53,0.00098864
1773321053.39254069,0.03467301,6071,0.00060302,0.00000000,0,0.00000000,31958,31963,59,0.00164469
1773321053.49237871,0.03957388,6044,0.00059726,0.00000000,0,0.00000000,31963,31964,68,0.00076765
1773321053.59241295,0.05163402,6080,0.00077254,0.00000000,0,0.00000000,31964,31952,61,0.00076862
1773321053.69228935,0.03389994,6068,0.00015034,0.00000000,0,0.00000000,31952,31960,51,0.00078878
1773321053.79239154,0.02958715,6050,0.00021313,0.00000000,0,0.00000000,31960,31960,45,0.00167069
1773321053.89224315,0.03672252,6070,0.00063210,0.00000000,0,0.00000000,31960,31947,63,0.00160046
1773321053.99237394,0.02405377,6111,0.00013100,0.00000000,0,0.00000000,31947,31951,53,0.00180254
1773321054.09236336,0.02420011,6051,0.00014256,0.00000000,0,0.00000000,31951,31959,49,0.00247816
1773321054.19226646,0.01902622,6085,0.00012647,0.00000000,0,0.00000000,31959,31965,56,0.00267886
1773321054.29227495,0.02072863,6034,0.00011554,0.00000000,0,0.00000000,31965,31969,52,0.00141618
1773321054.39235353,0.03871019,6043,0.00053493,0.00000000,0,0.00000000,31969,31976,59,0.00171625
1773321054.49235177,0.04576668,6095,0.00057238,0.00000000,0,0.00000000,31976,31980,49,0.00160499
1773321054.59246683,0.04569140,6088,0.00086325,0.00000000,0,0.00000000,31980,31981,56,0.00081185
1773321054.69241738,0.04783895,6055,0.00048407,0.00000000,0,0.00000000,31981,31987,58,0.00148814
1773321054.79238462,0.03223017,6065,0.00028945,0.00000000,0,0.00000000,31987,31955,48,0.00175320
1773321054.89238977,0.03093697,6059,0.00014275,0.00000000,0,0.00000000,31955,31956,57,0.00161829
1773321054.99238944,0.03677229,6077,0.00018455,0.00000000,0,0.00000000,31956,31960,45,0.00223302
1773321055.09235525,0.02359396,6045,0.00016831,0.00000000,0,0.00000000,31960,31970,66,0.00159753
1773321055.19230652,0.02299703,6072,0.00014312,0.00000000,0,0.00000000,31970,31976,48,0.00253953
1773321055.29304242,0.02298418,6101,0.00014934,0.00000000,0,0.00000000,31976,31981,57,0.00177072
1773321055.39241815,0.02287762,6055,0.00013907,0.00000000,0,0.00000000,31981,31981,66,0.00238484
1773321055.49257660,0.04663141,6105,0.00067230,0.00000000,0,0.00000000,31981,31992,60,0.00093375
1773321055.59249067,0.05034908,6033,0.00058035,0.00000000,0,0.00000000,31992,31998,58,0.00083426
1773321055.69228792,0.05629487,6087,0.00098970,0.00000000,0,0.00000000,31998,32004,45,0.00081541
1773321055.79233980,0.02585845,6091,0.00025199,0.00000000,0,0.00000000,32004,31382,67,0.00092228
1773321055.89244366,0.02898565,6117,0.00019447,0.00000000,0,0.00000000,31382,31390,50,0.00157836
1773321055.99249125,0.04806713,6056,0.00042295,0.00000000,0,0.00000000,31390,31396,57,0.00177303
1773321056.09242725,0.02250548,6074,0.00014286,0.00000000,0,0.00000000,31396,31400,56,0.00181872
1773321056.19233489,0.02436896,6059,0.00018294,0.00000000,0,0.00000000,31400,31406,58,0.00327491
1773321056.29234195,0.02506744,6111,0.00017373,0.00000000,0,0.00000000,31406,31408,52,0.00109713
1773321056.39243937,0.02027834,6052,0.00013035,0.00000000,0,0.00000000,31408,31399,67,0.00200695
1773321056.49227929,0.04056279,6078,0.00026095,0.00000000,0,0.00000000,31399,31398,59,0.00081472
1773321056.59240174,0.04539509,6075,0.00049953,0.00000000,0,0.00000000,31398,31405,53,0.00112495
1773321056.69238448,0.04194324,6067,0.00022409,0.00000000,0,0.00000000,31405,31398,50,0.00146919
1773321056.79231715,0.02515539,6075,0.00025223,0.00000000,0,0.00000000,31398,31404,61,0.00076870
1773321056.89237595,0.02551490,6070,0.00014636,0.00000000,0,0.00000000,31404,31412,52,0.00247827
1773321056.99243808,0.02806144,6097,0.00016435,0.00000000,0,0.00000000,31412,31417,62,0.00257580
1773321057.09237266,0.02009435,6087,0.00016700,0.00000000,0,0.00000000,31417,31415,52,0.00359494
1773321057.19242501,0.02426975,6114,0.00012310,0.00000000,0,0.00000000,31415,31414,47,0.00310436
1773321057.29244637,0.02298760,6062,0.00010692,0.00000000,0,0.00000000,31414,31421,53,0.00097443
1773321057.39234734,0.03460542,6108,0.00069519,0.00000000,0,0.00000000,31421,31409,51,0.00165918
1773321057.49232626,0.04032770,6072,0.00050923,0.00000000,0,0.00000000,31409,31412,61,0.00078420
1773321057.59242225,0.04806674,6091,0.00055656,0.00000000,0,0.00000000,31412,31412,54,0.00076000
1773321057.69246292,0.04724023,6041,0.00049400,0.00000000,0,0.00000000,31412,31419,51,0.00077931
1773321057.79241776,0.03310117,6070,0.00014657,0.00000000,0,0.00000000,31419,31424,54,0.00078709
1773321057.89324856,0.02833508,6080,0.00020090,0.00000000,0,0.00000000,31424,31427,48,0.00244782
1773321057.99255204,0.04208822,6050,0.00017758,0.00000000,0,0.00000000,31427,31434,58,0.00295711
1773321058.09236097,0.02371775,6090,0.00015680,0.00000000,0,0.00000000,31434,31436,66,0.00197411
1773321058.19238806,0.02306409,6090,0.00016875,0.00000000,0,0.00000000,31436,31442,63,0.00186176
1773321058.29232430,0.02319991,6087,0.00014132,0.00000000,0,0.00000000,31442,31445,57,0.00149732
1773321058.39243364,0.02510586,6031,0.00018139,0.00000000,0,0.00000000,31445,31442,56,0.00275690
1773321058.49237394,0.04365324,6078,0.00052464,0.00000000,0,0.00000000,31442,31432,47,0.00079517
1773321058.59247541,0.04899638,6118,0.00066456,0.00000000,0,0.00000000,31432,31423,51,0.00082599
1773321058.69240499,0.05134703,6070,0.00063722,0.00000000,0,0.00000000,31423,31429,60,0.00091339
1773321058.79245424,0.03243411,6077,0.00013647,0.00000000,0,0.00000000,31429,31436,56,0.00111375
1773321058.89231753,0.02708153,6053,0.00011829,0.00000000,0,0.00000000,31436,31444,46,0.00224965
1773321058.99248743,0.03485958,6060,0.00014211,0.00000000,0,0.00000000,31444,31434,61,0.00174154
1773321059.09241915,0.02518731,6066,0.00014364,0.00000000,0,0.00000000,31434,31434,49,0.00163358
1773321059.19235373,0.01912661,6058,0.00009822,0.00000000,0,0.00000000,31434,31441,55,0.00288462
1773321059.29238033,0.01760259,6063,0.00013670,0.00000000,0,0.00000000,31441,31451,55,0.00115683
1773321059.39243484,0.01856804,6057,0.00011220,0.00000000,0,0.00000000,31451,31455,55,0.00163013
1773321059.49236274,0.03927399,6089,0.00016807,0.00000000,0,0.00000000,31455,31463,62,0.00080733
1773321059.59236026,0.04870959,6070,0.00048239,0.00000000,0,0.00000000,31463,31471,57,0.00081873
1773321059.69238734,0.04338348,6086,0.00011882,0.00000000,0,0.00000000,31471,31471,46,0.00089931
1773321059.79247522,0.02231487,6087,0.00027494,0.00000000,0,0.00000000,31471,31471,51,0.00072139
1773321059.89245987,0.01960422,6078,0.00039589,0.00000000,0,0.00000000,31471,31478,48,0.00128207
1773321059.99250507,0.02874680,6068,0.00009575,0.00000000,0,0.00000000,31478,31480,44,0.00200080
1773321060.09245181,0.02890773,6084,0.00050387,0.00000000,0,0.00000000,31480,31479,60,0.00203365
1773321060.19235039,0.03066002,6090,0.00015219,0.00000000,0,0.00000000,31479,31482,50,0.00268214
1773321060.29244590,0.02443404,6086,0.00018188,0.00000000,0,0.00000000,31482,31480,65,0.00097107
1773321060.39250350,0.02382914,6079,0.00019387,0.00000000,0,0.00000000,31480,31476,54,0.00267784
1773321060.49237275,0.04525381,6040,0.00063441,0.00000000,0,0.00000000,31476,31475,62,0.00146512
1773321060.59249854,0.05748859,6085,0.00130213,0.00000000,0,0.00000000,31475,31435,60,0.00193693
1773321060.69243240,0.04628722,6075,0.00096303,0.00000000,0,0.00000000,31435,31443,51,0.00111552
1773321060.79304385,0.04008106,6050,0.00017991,0.00000000,0,0.00000000,31443,31448,58,0.00122646
1773321060.89235592,0.02813244,6119,0.00031683,0.00000000,0,0.00000000,31448,31455,52,0.00230356
1773321060.99246693,0.02668605,6110,0.00018273,0.00000000,0,0.00000000,31455,31454,51,0.00294412
1773321061.09244871,0.03557973,6093,0.00014564,0.00000000,0,0.00000000,31454,31464,58,0.00271716
1773321061.19252443,0.02414665,6072,0.00015825,0.00000000,0,0.00000000,31464,31467,49,0.00283980
1773321061.29235864,0.02309159,6098,0.00010472,0.00000000,0,0.00000000,31467,31466,56,0.00285064
1773321061.39245987,0.02347756,6127,0.00016740,0.00000000,0,0.00000000,31466,31469,60,0.00124445
1773321061.49251747,0.02248962,6088,0.00016142,0.00000000,0,0.00000000,31469,31457,59,0.00255811
1773321061.59255600,0.04772520,6063,0.00053512,0.00000000,0,0.00000000,31457,31469,62,0.00090866
1773321061.69243050,0.02923764,6116,0.00026166,0.00000000,0,0.00000000,31469,31478,52,0.00127338
1773321061.79247379,0.02599333,6024,0.00024275,0.00000000,0,0.00000000,31478,31476,54,0.00080767
1773321061.89244413,0.03209795,6062,0.00037963,0.00000000,0,0.00000000,31476,31475,49,0.00076984
1773321061.99249887,0.02603504,6078,0.00025418,0.00000000,0,0.00000000,31475,31451,67,0.00283176
1773321062.09252882,0.02729166,6093,0.00023894,0.00000000,0,0.00000000,31451,31456,59,0.00231102
1773321062.19243240,0.02100933,6105,0.00011727,0.00000000,0,0.00000000,31456,31449,45,0.00245290
1773321062.29243755,0.01826295,6103,0.00010522,0.00000000,0,0.00000000,31449,31459,45,0.00088160
1773321062.39246893,0.04202896,6086,0.00055233,0.00000000,0,0.00000000,31459,31463,60,0.00206552
1773321062.49243450,0.04459454,6092,0.00066220,0.00000000,0,0.00000000,31463,31473,62,0.00140656
1773321062.59261417,0.05005885,6108,0.00041731,0.00000000,0,0.00000000,31473,31477,54,0.00084278
1773321062.69248414,0.05594558,6097,0.00014298,0.00000000,0,0.00000000,31477,31483,51,0.00081776
1773321062.79251933,0.02237774,6084,0.00016392,0.00000000,0,0.00000000,31483,31487,63,0.00167683
1773321062.89245749,0.02329070,6052,0.00011912,0.00000000,0,0.00000000,31487,31487,46,0.00179614
1773321062.99258733,0.03873579,6090,0.00015820,0.00000000,0,0.00000000,31487,31492,46,0.00301518
1773321063.09254289,0.02285325,6051,0.00015912,0.00000000,0,0.00000000,31492,31497,55,0.00307973
1773321063.19243288,0.01968939,6048,0.00015296,0.00000000,0,0.00000000,31497,31490,55,0.00144223
1773321063.29243159,0.02447729,6026,0.00017099,0.00000000,0,0.00000000,31490,31496,64,0.00147437
1773321063.39254165,0.02369705,6054,0.00013027,0.00000000,0,0.00000000,31496,31502,51,0.00275874
1773321063.49251080,0.04273330,6073,0.00042265,0.00000000,0,0.00000000,31502,31505,50,0.00116903
1773321063.59255767,0.04784520,6067,0.00061743,0.00000000,0,0.00000000,31505,31500,55,0.00106061
1773321063.69251275,0.04762517,6109,0.00048745,0.00000000,0,0.00000000,31500,31514,55,0.00086052
1773321063.79258418,0.03092206,6086,0.00023883,0.00000000,0,0.00000000,31514,31517,66,0.00080611
1773321063.89258313,0.02882658,6020,0.00030025,0.00000000,0,0.00000000,31517,31521,52,0.00205609
1773321063.99252295,0.03162438,6056,0.00061034,0.00000000,0,0.00000000,31521,31521,60,0.00208009
1773321064.09250355,0.03725983,6107,0.00012256,0.00000000,0,0.00000000,31521,31532,51,0.00314932
1773321064.19253469,0.02597769,6040,0.00019450,0.00000000,0,0.00000000,31532,31534,70,0.00211463
1773321064.29240823,0.02489074,6069,0.00021495,0.00000000,0,0.00000000,31534,31526,57,0.00224941
1773321064.39246607,0.02694609,6063,0.00014694,0.00000000,0,0.00000000,31526,31536,63,0.00157134
1773321064.49246240,0.02606831,6058,0.00012838,0.00000000,0,0.00000000,31536,31538,46,0.00100896
1773321064.59259868,0.05168285,6041,0.00071420,0.00000000,0,0.00000000,31538,31544,70,0.00108161
1773321064.69247699,0.02954899,6088,0.00018839,0.00000000,0,0.00000000,31544,31542,57,0.00085185
1773321064.79251647,0.02716105,6048,0.00024731,0.00000000,0,0.00000000,31542,31541,54,0.00151961
1773321064.89241791,0.03844611,6082,0.00044492,0.00000000,0,0.00000000,31541,31545,52,0.00150368
1773321064.99251080,0.02453850,6098,0.00023271,0.00000000,0,0.00000000,31545,31534,62,0.00277420
1773321065.09254098,0.02694631,6065,0.00048319,0.00000000,0,0.00000000,31534,31536,63,0.00264787
1773321065.19242573,0.02198893,6074,0.00015824,0.00000000,0,0.00000000,31536,31545,64,0.00267801
1773321065.29252791,0.02014775,6068,0.00016141,0.00000000,0,0.00000000,31545,31548,62,0.00140586
1773321065.39251661,0.04295936,6098,0.00049566,0.00000000,0,0.00000000,31548,31544,53,0.00142627
1773321065.49254584,0.04723038,6114,0.00038449,0.00000000,0,0.00000000,31544,31550,44,0.00080633
1773321065.59260654,0.04409504,6047,0.00062421,0.00000000,0,0.00000000,31550,31550,53,0.00084827
1773321065.69259477,0.04224198,6024,0.00024576,0.00000000,0,0.00000000,31550,31554,58,0.00076633
1773321065.79247594,0.02258094,6088,0.00014308,0.00000000,0,0.00000000,31554,31564,58,0.00079419
1773321065.89254761,0.02210578,6077,0.00014289,0.00000000,0,0.00000000,31564,31569,56,0.00168921
1773321065.99259758,0.03890206,6074,0.00053865,0.00000000,0,0.00000000,31569,31574,45,0.00198141
1773321066.09239316,0.02566595,6071,0.00018776,0.00000000,0,0.00000000,31574,31584,58,0.00348391
1773321066.19250560,0.02461050,6081,0.00019139,0.00000000,0,0.00000000,31584,31590,57,0.00179347
1773321066.29249644,0.01842706,6078,0.00014416,0.00000000,0,0.00000000,31590,31593,58,0.00107698
1773321066.39255953,0.02238181,6082,0.00019087,0.00000000,0,0.00000000,31593,31597,53,0.00181332
1773321066.49256968,0.02961082,6044,0.00056464,0.00000000,0,0.00000000,31597,31601,55,0.00146711
1773321066.59246755,0.05209436,6100,0.00069328,0.00000000,0,0.00000000,31601,31597,59,0.00082765
1773321066.69247437,0.04335811,6063,0.00044665,0.00000000,0,0.00000000,31597,31602,54,0.00088833
1773321066.79255652,0.02785244,6078,0.00015748,0.00000000,0,0.00000000,31602,31609,66,0.00079872
1773321066.89246154,0.02195890,6049,0.00020256,0.00000000,0,0.00000000,31609,31616,58,0.00082624
1773321066.99255800,0.04410917,6071,0.00043313,0.00000000,0,0.00000000,31616,31618,52,0.00184320
1773321067.09289336,0.02497062,6061,0.00015500,0.00000000,0,0.00000000,31618,31616,56,0.00220197
1773321067.19261694,0.02522285,6046,0.00016006,0.00000000,0,0.00000000,31616,31621,50,0.00202676
1773321067.29249477,0.02267836,6093,0.00016799,0.00000000,0,0.00000000,31621,31624,48,0.00081841
1773321067.39255738,0.02207798,6021,0.00010925,0.00000000,0,0.00000000,31624,31621,48,0.00098083
1773321067.49247217,0.04778101,6086,0.00060445,0.00000000,0,0.00000000,31621,31623,62,0.00155746
1773321067.59248328,0.06428338,6038,0.00046837,0.00000000,0,0.00000000,31623,31626,52,0.00108497
1773321067.69248748,0.08876428,6047,0.00082538,0.00000000,0,0.00000000,31626,31621,60,0.00087643
1773321067.79257798,0.06997108,6073,0.00069197,0.00000000,0,0.00000000,31621,31624,63,0.00075653
1773321067.89252663,0.09570769,6048,0.00022972,0.00000000,0,0.00000000,31624,31613,55,0.00150413
1773321067.99264812,0.02875161,6073,0.00020691,0.00000000,0,0.00000000,31613,31621,62,0.00377726
1773321068.09254503,0.03736593,6062,0.00021471,0.00000000,0,0.00000000,31621,31629,55,0.00355482
1773321068.19262147,0.04904578,6102,0.00052105,0.00000000,0,0.00000000,31629,31637,56,0.00371779
1773321068.29258204,0.02754365,6070,0.00016062,0.00000000,0,0.00000000,31637,31644,51,0.00590364
1773321068.39251828,0.02542987,6085,0.00016241,0.00000000,0,0.00000000,31644,31647,54,0.01265649
1773321068.49250579,0.02665673,6112,0.00020339,0.00000000,0,0.00000000,31647,31628,42,0.00641324
1773321068.59265280,0.02510106,6050,0.00020402,0.00000000,0,0.00000000,31628,31639,67,0.00148623
1773321068.69254661,0.02514191,6100,0.00016401,0.00000000,0,0.00000000,31639,31639,54,0.00122140
1773321068.79266143,0.02598908,6066,0.00018160,0.00000000,0,0.00000000,31639,31645,61,0.00101265
1773321068.89247370,0.03523287,6125,0.00022755,0.00000000,0,0.00000000,31645,31652,53,0.00123572
1773321068.99267149,0.03768845,6072,0.00013930,0.00000000,0,0.00000000,31652,31650,60,0.00094882
1773321069.09245348,0.01856823,6100,0.00016373,0.00000000,0,0.00000000,31650,31645,53,0.00158988
1773321069.19250536,0.02748288,6121,0.00022911,0.00000000,0,0.00000000,31645,31621,54,0.00088032
1773321069.29257631,0.02829975,6100,0.00013532,0.00000000,0,0.00000000,31621,31625,37,0.00281708
1773321069.39255524,0.02811019,6070,0.00022992,0.00000000,0,0.00000000,31625,31627,56,0.00248496
1773321069.49247169,0.04545236,6090,0.00054585,0.00000000,0,0.00000000,31627,31629,66,0.00079174
1773321069.59260774,0.04716147,6111,0.00047421,0.00000000,0,0.00000000,31629,31628,52,0.00112158
1773321069.69247794,0.05132412,6091,0.00016652,0.00000000,0,0.00000000,31628,31633,62,0.00128990
1773321069.79254627,0.02303024,6111,0.00011529,0.00000000,0,0.00000000,31633,31639,53,0.00135382
1773321069.89257026,0.02089147,6129,0.00017027,0.00000000,0,0.00000000,31639,31649,50,0.00193762
1773321069.99265623,0.03978340,6056,0.00045783,0.00000000,0,0.00000000,31649,31656,45,0.00252362
1773321070.09250188,0.04679168,6079,0.00078480,0.00000000,0,0.00000000,31656,31664,51,0.00216799
1773321070.19261098,0.03300320,6109,0.00021765,0.00000000,0,0.00000000,31664,31665,46,0.00291465
1773321070.29260540,0.03242383,6121,0.00045478,0.00000000,0,0.00000000,31665,31673,72,0.00098820
1773321070.39266157,0.02701726,6082,0.00019734,0.00000000,0,0.00000000,31673,31666,67,0.00154679
1773321070.49253178,0.02581015,6121,0.00019318,0.00000000,0,0.00000000,31666,31668,62,0.00275768
1773321070.59263778,0.04860663,6066,0.00058713,0.00000000,0,0.00000000,31668,31669,54,0.00141747
1773321070.69260812,0.05339021,6064,0.00082002,0.00000000,0,0.00000000,31669,31660,68,0.00165759
1773321070.79249454,0.02673340,6117,0.00031174,0.00000000,0,0.00000000,31660,31672,66,0.00197347
1773321070.89249802,0.03019317,6119,0.00048555,0.00000000,0,0.00000000,31672,31669,57,0.00159056
1773321070.99258947,0.01941103,6081,0.00014274,0.00000000,0,0.00000000,31669,31674,68,0.00298231
1773321071.09258103,0.02014254,6111,0.00019343,0.00000000,0,0.00000000,31674,31671,57,0.00255703
1773321071.19273758,0.03225345,6059,0.00012550,0.00000000,0,0.00000000,31671,31674,46,0.00132648
1773321071.29260111,0.02730095,6111,0.00020341,0.00000000,0,0.00000000,31674,31682,64,0.00099111
1773321071.39262724,0.01852973,6102,0.00012819,0.00000000,0,0.00000000,31682,31664,55,0.00075681
1773321071.49253154,0.04093434,6131,0.00017575,0.00000000,0,0.00000000,31664,31677,62,0.00071456
1773321071.59263563,0.05476309,6125,0.00063149,0.00000000,0,0.00000000,31677,31682,63,0.00159865
1773321071.69262075,0.05397436,6102,0.00091322,0.00000000,0,0.00000000,31682,31665,57,0.00149021
1773321071.79263544,0.05172468,6082,0.00069809,0.00000000,0,0.00000000,31665,31672,72,0.00081049
1773321071.89253306,0.04743413,6095,0.00045857,0.00000000,0,0.00000000,31672,31675,51,0.00158806
1773321071.99267483,0.05701277,6098,0.00026437,0.00000000,0,0.00000000,31675,31679,62,0.00333025
1773321072.09262133,0.02986430,6077,0.00033978,0.00000000,0,0.00000000,31679,31687,56,0.00268740
1773321072.19249511,0.05448409,6083,0.00054690,0.00000000,0,0.00000000,31687,31687,42,0.00240096
1773321072.29255033,0.03099353,6100,0.00021590,0.00000000,0,0.00000000,31687,31689,57,0.00303685
1773321072.39261866,0.02947709,6113,0.00019689,0.00000000,0,0.00000000,31689,31688,53,0.00326111
1773321072.49261570,0.02669170,6097,0.00010602,0.00000000,0,0.00000000,31688,31694,50,0.00140563
1773321072.59268951,0.02586434,6070,0.00022624,0.00000000,0,0.00000000,31694,31693,49,0.00114557
1773321072.69252253,0.05031800,6101,0.00060082,0.00000000,0,0.00000000,31693,31694,53,0.00159161
1773321072.79253435,0.02965272,6058,0.00022914,0.00000000,0,0.00000000,31694,31696,68,0.00136080
1773321072.89254451,0.06508968,6049,0.00051952,0.00000000,0,0.00000000,31696,31692,54,0.00082233
1773321072.99268794,0.04038974,6004,0.00051928,0.00000000,0,0.00000000,31692,31694,58,0.00099158
1773321073.09106040,0.02929389,6175,0.00026097,0.00000000,0,0.00000000,31694,31698,38,0.00081001
1773321073.19261169,0.03414110,6140,0.00018844,0.00000000,0,0.00000000,31698,31696,47,0.00155410
1773321073.29259753,0.02872919,6120,0.00014634,0.00000000,0,0.00000000,31696,31702,53,0.00272872
1773321073.39260674,0.02427942,6052,0.00018550,0.00000000,0,0.00000000,31702,31713,65,0.00249911
1773321073.49251270,0.02714881,6086,0.00015559,0.00000000,0,0.00000000,31713,31717,51,0.00322643
1773321073.59267354,0.04765595,6122,0.00050034,0.00000000,0,0.00000000,31717,31723,50,0.00086573
1773321073.69262123,0.04772042,6141,0.00036627,0.00000000,0,0.00000000,31723,31719,53,0.00095930
1773321073.79264903,0.02999974,6125,0.00021235,0.00000000,0,0.00000000,31719,31722,57,0.00244886
1773321073.89255047,0.02835791,6101,0.00050927,0.00000000,0,0.00000000,31722,31729,64,0.00100178
1773321073.99263883,0.04210980,6110,0.00056205,0.00000000,0,0.00000000,31729,31720,60,0.00209141
1773321074.09260917,0.03368355,6104,0.00045416,0.00000000,0,0.00000000,31720,31725,63,0.00284963
1773321074.19265199,0.03661516,6142,0.00040256,0.00000000,0,0.00000000,31725,31728,60,0.00256900
1773321074.29261374,0.02695073,6138,0.00021246,0.00000000,0,0.00000000,31728,31716,49,0.00141729
1773321074.39264059,0.02549160,6143,0.00017283,0.00000000,0,0.00000000,31716,31713,50,0.00151177
1773321074.49275494,0.02564414,6082,0.00021174,0.00000000,0,0.00000000,31713,31719,68,0.00240757
1773321074.59260321,0.05033690,6100,0.00075732,0.00000000,0,0.00000000,31719,31722,58,0.00305689
1773321074.69251466,0.05102448,6084,0.00019323,0.00000000,0,0.00000000,31722,31730,62,0.00137520
1773321074.79256678,0.02189754,6146,0.00017728,0.00000000,0,0.00000000,31730,31701,53,0.00125442
1773321074.89271498,0.02158089,6130,0.00027377,0.00000000,0,0.00000000,31701,31706,57,0.00136494
1773321074.99276781,0.03729197,6084,0.00050406,0.00000000,0,0.00000000,31706,31710,59,0.00309090
1773321075.09252834,0.02403878,6132,0.00013665,0.00000000,0,0.00000000,31710,31713,54,0.00211718
1773321075.19257259,0.02012689,6109,0.00022686,0.00000000,0,0.00000000,31713,31679,49,0.00236370
1773321075.29258633,0.02545202,6098,0.00012349,0.00000000,0,0.00000000,31679,31684,56,0.00142041
1773321075.39267731,0.02551961,6101,0.00012515,0.00000000,0,0.00000000,31684,31677,57,0.00168650
1773321075.49266911,0.03986855,6107,0.00022131,0.00000000,0,0.00000000,31677,31676,62,0.00218507
1773321075.59277081,0.04798664,6100,0.00068769,0.00000000,0,0.00000000,31676,31684,75,0.00133501
1773321075.69271159,0.04504957,6057,0.00015741,0.00000000,0,0.00000000,31684,31686,58,0.00188369
1773321075.79262924,0.02782395,6114,0.00015869,0.00000000,0,0.00000000,31686,31692,56,0.00124326
1773321075.89271498,0.02933368,6098,0.00042359,0.00000000,0,0.00000000,31692,31694,61,0.00301144
1773321075.99275017,0.03762247,6119,0.00016505,0.00000000,0,0.00000000,31694,31671,51,0.00293089
1773321076.09269738,0.02840602,6120,0.00016218,0.00000000,0,0.00000000,31671,31676,66,0.00211530
1773321076.19257879,0.02555729,6134,0.00014847,0.00000000,0,0.00000000,31676,31677,58,0.00281076
1773321076.29252911,0.02668769,6107,0.00012523,0.00000000,0,0.00000000,31677,31680,61,0.00109484
1773321076.39265871,0.02174709,6108,0.00013726,0.00000000,0,0.00000000,31680,31685,57,0.00329027
1773321076.49268699,0.04243661,6120,0.00040028,0.00000000,0,0.00000000,31685,31688,46,0.00094170
1773321076.59258270,0.04513188,6125,0.00048899,0.00000000,0,0.00000000,31688,31694,47,0.00169651
1773321076.69256830,0.03618078,6131,0.00008860,0.00000000,0,0.00000000,31694,31696,39,0.00120096
1773321076.79271197,0.02116144,6107,0.00022136,0.00000000,0,0.00000000,31696,31693,57,0.00081018
1773321076.89255953,0.03358922,6110,0.00043651,0.00000000,0,0.00000000,31693,31697,48,0.00112098
1773321076.99267769,0.02942792,6134,0.00020220,0.00000000,0,0.00000000,31697,31681,59,0.00265624
1773321077.09267497,0.02615546,6099,0.00023725,0.00000000,0,0.00000000,31681,31678,64,0.00260243
1773321077.19273520,0.02353244,6076,0.00018337,0.00000000,0,0.00000000,31678,31668,53,0.00265005
1773321077.29258537,0.02422211,6102,0.00014809,0.00000000,0,0.00000000,31668,31672,47,0.00166675
1773321077.39264607,0.03152065,6123,0.00043322,0.00000000,0,0.00000000,31672,31670,47,0.00172243
1773321077.49266171,0.04676837,6122,0.00063152,0.00000000,0,0.00000000,31670,31673,65,0.00079770
1773321077.59273696,0.04479214,6121,0.00068382,0.00000000,0,0.00000000,31673,31678,59,0.00139788
1773321077.69272494,0.03656730,6098,0.00022097,0.00000000,0,0.00000000,31678,31676,70,0.00086133
1773321077.79262376,0.02387071,6111,0.00016308,0.00000000,0,0.00000000,31676,31673,55,0.00086320
1773321077.89260626,0.02097655,6106,0.00017974,0.00000000,0,0.00000000,31673,31667,65,0.00273745
1773321077.99273872,0.02937506,6113,0.00013690,0.00000000,0,0.00000000,31667,31670,49,0.00269495
1773321078.09270787,0.02453017,6086,0.00031733,0.00000000,0,0.00000000,31670,31664,57,0.00321376
1773321078.19273448,0.02626116,6117,0.00025891,0.00000000,0,0.00000000,31664,31663,70,0.00207101
1773321078.29271889,0.02039704,6124,0.00014765,0.00000000,0,0.00000000,31663,31667,49,0.00134868
1773321078.39271021,0.01944623,6097,0.00018593,0.00000000,0,0.00000000,31667,31668,64,0.00175544
1773321078.49262238,0.04579556,6110,0.00055288,0.00000000,0,0.00000000,31668,31675,57,0.00080425
1773321078.59276342,0.04637951,6046,0.00071868,0.00000000,0,0.00000000,31675,31680,69,0.00205882
1773321078.69259620,0.04639228,6141,0.00066927,0.00000000,0,0.00000000,31680,31683,60,0.00082640
1773321078.79258084,0.02284561,6129,0.00014301,0.00000000,0,0.00000000,31683,31683,62,0.00075986
1773321078.89268899,0.02255457,6150,0.00018305,0.00000000,0,0.00000000,31683,31675,60,0.00270596
1773321078.99280810,0.03542209,6059,0.00072007,0.00000000,0,0.00000000,31675,31671,60,0.00307078
1773321079.09263587,0.01886620,6117,0.00013901,0.00000000,0,0.00000000,31671,31673,58,0.00225200
1773321079.19269204,0.01911728,6093,0.00015006,0.00000000,0,0.00000000,31673,31660,57,0.00281945
1773321079.29269671,0.02209644,6103,0.00013679,0.00000000,0,0.00000000,31660,31665,63,0.00079707
1773321079.39288902,0.02326637,6102,0.00057563,0.00000000,0,0.00000000,31665,31566,67,0.00107300
1773321079.49275923,0.04683285,6085,0.00063651,0.00000000,0,0.00000000,31566,31572,68,0.00084186
1773321079.59270763,0.04754501,6103,0.00037650,0.00000000,0,0.00000000,31572,31572,51,0.00076328
1773321079.69272852,0.05544906,6062,0.00114093,0.00000000,0,0.00000000,31572,31576,64,0.00076089
1773321079.79266238,0.03052450,6103,0.00021432,0.00000000,0,0.00000000,31576,31581,48,0.00079277
1773321079.89271951,0.02610420,6097,0.00017160,0.00000000,0,0.00000000,31581,31582,65,0.00264285
1773321079.99286675,0.04467295,6068,0.00028827,0.00000000,0,0.00000000,31582,31582,47,0.00167201
1773321080.09261060,0.03015951,6100,0.00022223,0.00000000,0,0.00000000,31582,31582,56,0.00152806
1773321080.19268632,0.02293161,6087,0.00014305,0.00000000,0,0.00000000,31582,31574,49,0.00182359
1773321080.29268360,0.02415495,6119,0.00019135,0.00000000,0,0.00000000,31574,31572,70,0.00148463
1773321080.39272928,0.02436799,6098,0.00013226,0.00000000,0,0.00000000,31572,31573,49,0.00199874
1773321080.49274492,0.04040317,6051,0.00062942,0.00000000,0,0.00000000,31573,31570,55,0.00148234
1773321080.59262967,0.05100076,6083,0.00048147,0.00000000,0,0.00000000,31570,31575,49,0.00108074
1773321080.69273472,0.04653627,6096,0.00057251,0.00000000,0,0.00000000,31575,31573,63,0.00116434
1773321080.79272890,0.03215487,6088,0.00021096,0.00000000,0,0.00000000,31573,31577,54,0.00113941
1773321080.89265466,0.02124524,6101,0.00022528,0.00000000,0,0.00000000,31577,31581,49,0.00255273
1773321080.99275112,0.02907916,6119,0.00056887,0.00000000,0,0.00000000,31581,31583,60,0.00376309
1773321081.09269834,0.02137653,6075,0.00012248,0.00000000,0,0.00000000,31583,31584,50,0.00291432
1773321081.19277501,0.02216171,6041,0.00015364,0.00000000,0,0.00000000,31584,31580,62,0.00279722
1773321081.29261255,0.02189491,6088,0.00009891,0.00000000,0,0.00000000,31580,31585,50,0.00078186
1773321081.39277005,0.02230618,6046,0.00012452,0.00000000,0,0.00000000,31585,31586,58,0.00164435
1773321081.49268103,0.03579151,6091,0.00051054,0.00000000,0,0.00000000,31586,31585,54,0.00075668
1773321081.59282875,0.04914800,6108,0.00048110,0.00000000,0,0.00000000,31585,31590,49,0.00076935
1773321081.69278383,0.04680369,6062,0.00045933,0.00000000,0,0.00000000,31590,31598,48,0.00088433
1773321081.79267883,0.02853612,6113,0.00013564,0.00000000,0,0.00000000,31598,31606,52,0.00081547
1773321081.89273310,0.02480764,6073,0.00024549,0.00000000,0,0.00000000,31606,31609,55,0.00184309
1773321081.99274564,0.02980440,6110,0.00047368,0.00000000,0,0.00000000,31609,31600,53,0.00245255
1773321082.09269381,0.02734516,6089,0.00010335,0.00000000,0,0.00000000,31600,31607,46,0.00299557
1773321082.19272232,0.01715281,6068,0.00013319,0.00000000,0,0.00000000,31607,31610,57,0.00272598
1773321082.29275203,0.02297646,6085,0.00009851,0.00000000,0,0.00000000,31610,31610,44,0.00221719
1773321082.39273834,0.02253705,6070,0.00012227,0.00000000,0,0.00000000,31610,31610,44,0.00078066
1773321082.49275398,0.04641647,6107,0.00053772,0.00000000,0,0.00000000,31610,31615,61,0.00148879
1773321082.59281731,0.04618708,6013,0.00066757,0.00000000,0,0.00000000,31615,31616,67,0.00094045
1773321082.69266438,0.04794420,6108,0.00019740,0.00000000,0,0.00000000,31616,31620,52,0.00081457
1773321082.79276919,0.02663017,6065,0.00020517,0.00000000,0,0.00000000,31620,31622,68,0.00082253
1773321082.89274144,0.02535227,6086,0.00014861,0.00000000,0,0.00000000,31622,31626,60,0.00194474
1773321082.99285007,0.04291277,6053,0.00022481,0.00000000,0,0.00000000,31626,31610,51,0.00294450
1773321083.09263492,0.02105160,6116,0.00012524,0.00000000,0,0.00000000,31610,31617,57,0.00287157
1773321083.19275188,0.01850026,6074,0.00010986,0.00000000,0,0.00000000,31617,31623,61,0.00297407
1773321083.29291606,0.01949540,6102,0.00011345,0.00000000,0,0.00000000,31623,31630,62,0.00087038
1773321083.39284897,0.02345117,6066,0.00016691,0.00000000,0,0.00000000,31630,31624,62,0.00192763
1773321083.49276733,0.03939655,6077,0.00061887,0.00000000,0,0.00000000,31624,31619,52,0.00161804
1773321083.59283328,0.04837105,6065,0.00064492,0.00000000,0,0.00000000,31619,31623,69,0.00076954
1773321083.69266748,0.05412851,6100,0.00057506,0.00000000,0,0.00000000,31623,31607,65,0.00081382
1773321083.79267192,0.03826054,6116,0.00016089,0.00000000,0,0.00000000,31607,31614,65,0.00082191
1773321083.89278889,0.02832029,6129,0.00023667,0.00000000,0,0.00000000,31614,31611,55,0.00184266
1773321083.99291110,0.03839914,6066,0.00051293,0.00000000,0,0.00000000,31611,31612,63,0.00326097
1773321084.09263539,0.02388232,6092,0.00011635,0.00000000,0,0.00000000,31612,31615,51,0.00204417
1773321084.19270849,0.02304770,6068,0.00013424,0.00000000,0,0.00000000,31615,31620,52,0.00185431
1773321084.29269123,0.02339104,6109,0.00013983,0.00000000,0,0.00000000,31620,31628,68,0.00154061
1773321084.39278030,0.02300692,6080,0.00015995,0.00000000,0,0.00000000,31628,31619,60,0.00167317
1773321084.49267483,0.04950015,6079,0.00090451,0.00000000,0,0.00000000,31619,31620,80,0.00082223
1773321084.59277201,0.04671356,6101,0.00076962,0.00000000,0,0.00000000,31620,31626,57,0.00084530
1773321084.69282722,0.05613857,6061,0.00027311,0.00000000,0,0.00000000,31626,31628,64,0.00076164
1773321084.79269648,0.02326901,6106,0.00017441,0.00000000,0,0.00000000,31628,31637,56,0.00079381
1773321084.89271474,0.02212517,6091,0.00014951,0.00000000,0,0.00000000,31637,31639,59,0.00076108
1773321084.99284935,0.03565712,6071,0.00046234,0.00000000,0,0.00000000,31639,31641,55,0.00188755
1773321085.09276152,0.02068169,6075,0.00010390,0.00000000,0,0.00000000,31641,31640,44,0.00198233
1773321085.19278955,0.01892920,6123,0.00016203,0.00000000,0,0.00000000,31640,31627,60,0.00191442
1773321085.29284787,0.01921443,6071,0.00008877,0.00000000,0,0.00000000,31627,31630,46,0.00142307
1773321085.39269853,0.01820242,6118,0.00014166,0.00000000,0,0.00000000,31630,31631,55,0.00098589
1773321085.49276042,0.03935629,6090,0.00043845,0.00000000,0,0.00000000,31631,31635,59,0.00148243
1773321085.59280562,0.05099865,6088,0.00059059,0.00000000,0,0.00000000,31635,31638,64,0.00083778
1773321085.69278288,0.03811348,6037,0.00013112,0.00000000,0,0.00000000,31638,31637,50,0.00079617
1773321085.79277754,0.02633144,6091,0.00017202,0.00000000,0,0.00000000,31637,31639,66,0.00078454
1773321085.89275551,0.02570119,6104,0.00034332,0.00000000,0,0.00000000,31639,31640,66,0.00142020
1773321085.99291730,0.03780817,6075,0.00022258,0.00000000,0,0.00000000,31640,31633,64,0.00235746
1773321086.09274030,0.01960005,6097,0.00013188,0.00000000,0,0.00000000,31633,31638,53,0.00330881
1773321086.19280195,0.02427947,6080,0.00014729,0.00000000,0,0.00000000,31638,31638,47,0.00228386
1773321086.29276562,0.02311073,6082,0.00008771,0.00000000,0,0.00000000,31638,31640,43,0.00114405
1773321086.39277840,0.02338031,6095,0.00011738,0.00000000,0,0.00000000,31640,31646,56,0.00199504
1773321086.49282336,0.04709363,6067,0.00046989,0.00000000,0,0.00000000,31646,31649,49,0.00078476
1773321086.59276628,0.04756086,6093,0.00052315,0.00000000,0,0.00000000,31649,31651,59,0.00109991
1773321086.69286942,0.03655110,6052,0.00015218,0.00000000,0,0.00000000,31651,31649,41,0.00079164
1773321086.79277396,0.02068887,6091,0.00014156,0.00000000,0,0.00000000,31649,31653,57,0.00083654
1773321086.89349723,0.02504325,6127,0.00017574,0.00000000,0,0.00000000,31653,31661,62,0.00153662
1773321086.99292135,0.03589754,6065,0.00015275,0.00000000,0,0.00000000,31661,31666,66,0.00282038
1773321087.09272790,0.01883020,6110,0.00017670,0.00000000,0,0.00000000,31666,31671,68,0.00184444
1773321087.19282413,0.01860396,6076,0.00013453,0.00000000,0,0.00000000,31671,31666,55,0.00224816
1773321087.29277897,0.01878400,6086,0.00010542,0.00000000,0,0.00000000,31666,31666,39,0.00105259
1773321087.39270639,0.02298525,6118,0.00012794,0.00000000,0,0.00000000,31666,31669,54,0.00277479
1773321087.49274683,0.03135850,6101,0.00045468,0.00000000,0,0.00000000,31669,31669,51,0.00089858
1773321087.59281588,0.04865156,6103,0.00067873,0.00000000,0,0.00000000,31669,31670,57,0.00081184
1773321087.69282889,0.04322178,6097,0.00015271,0.00000000,0,0.00000000,31670,31678,61,0.00078691
1773321087.79291606,0.01791828,6086,0.00013905,0.00000000,0,0.00000000,31678,31672,57,0.00075853
1773321087.89280891,0.02045427,6074,0.00025602,0.00000000,0,0.00000000,31672,31674,66,0.00179899
1773321087.99274540,0.04013994,6073,0.00052227,0.00000000,0,0.00000000,31674,31659,53,0.00248953
1773321088.09274316,0.02048124,6079,0.00011296,0.00000000,0,0.00000000,31659,31652,51,0.00317200
1773321088.19277310,0.02347483,6084,0.00013109,0.00000000,0,0.00000000,31652,31659,56,0.00322750
1773321088.29290414,0.02296662,6065,0.00016432,0.00000000,0,0.00000000,31659,31641,64,0.00073590
1773321088.39284611,0.02585296,6062,0.00013546,0.00000000,0,0.00000000,31641,31649,47,0.00181799
1773321088.49271464,0.04587592,6119,0.00049218,0.00000000,0,0.00000000,31649,31648,58,0.00085426
1773321088.59288549,0.04506121,6088,0.00059278,0.00000000,0,0.00000000,31648,31651,58,0.00097163
1773321088.69274712,0.05386543,6124,0.00073622,0.00000000,0,0.00000000,31651,31612,49,0.00089602
1773321088.79272604,0.03174596,6092,0.00020725,0.00000000,0,0.00000000,31612,31617,65,0.00125429
1773321088.89284205,0.03035680,6125,0.00018996,0.00000000,0,0.00000000,31617,31622,60,0.00168770
1773321088.99291754,0.04370632,6041,0.00058414,0.00000000,0,0.00000000,31622,31630,64,0.00223662
1773321089.09272623,0.01899684,6116,0.00013567,0.00000000,0,0.00000000,31630,31634,46,0.00167032
1773321089.19282460,0.02300354,6097,0.00010101,0.00000000,0,0.00000000,31634,31641,47,0.00159691
1773321089.29279256,0.02243908,6119,0.00013902,0.00000000,0,0.00000000,31641,31641,59,0.00170057
1773321089.39286757,0.02446004,6093,0.00011709,0.00000000,0,0.00000000,31641,31645,61,0.00106223
1773321089.49271297,0.04262256,6082,0.00052971,0.00000000,0,0.00000000,31645,31649,60,0.00097005
1773321089.59283328,0.04604449,6071,0.00050718,0.00000000,0,0.00000000,31649,31642,51,0.00075729
1773321089.69275594,0.04771050,6061,0.00022269,0.00000000,0,0.00000000,31642,31643,50,0.00079282
1773321089.79291105,0.02946847,6133,0.00026490,0.00000000,0,0.00000000,31643,31624,56,0.00116616
1773321089.89279342,0.03832383,6119,0.00028576,0.00000000,0,0.00000000,31624,31632,47,0.00230544
1773321089.99289656,0.03618403,6079,0.00040071,0.00000000,0,0.00000000,31632,31628,49,0.00336570
1773321090.09293747,0.03029509,6081,0.00012266,0.00000000,0,0.00000000,31628,31633,57,0.00196581
1773321090.19277501,0.02849437,6117,0.00021478,0.00000000,0,0.00000000,31633,31632,64,0.00358363
1773321090.29277802,0.02056301,6116,0.00015021,0.00000000,0,0.00000000,31632,31629,55,0.00107727
1773321090.39289522,0.02093408,6109,0.00012740,0.00000000,0,0.00000000,31629,31631,67,0.00165497
1773321090.49285364,0.02101462,6093,0.00016404,0.00000000,0,0.00000000,31631,31619,60,0.00107874
1773321090.59288549,0.05076902,6043,0.00055501,0.00000000,0,0.00000000,31619,31627,52,0.00131942
1773321090.69275832,0.04128511,6085,0.00018705,0.00000000,0,0.00000000,31627,31629,64,0.00076795
1773321090.79284382,0.02495569,6128,0.00021711,0.00000000,0,0.00000000,31629,31634,58,0.00080131
1773321090.89287233,0.03516906,6124,0.00050416,0.00000000,0,0.00000000,31634,31639,53,0.00086010
1773321090.99281573,0.03192900,6088,0.00014754,0.00000000,0,0.00000000,31639,31643,62,0.00172350
1773321091.09279060,0.02045484,6115,0.00015952,0.00000000,0,0.00000000,31643,31652,66,0.00194118
1773321091.19295788,0.02127702,6160,0.00016260,0.00000000,0,0.00000000,31652,31642,64,0.00224439
1773321091.29286790,0.02239348,6106,0.00012680,0.00000000,0,0.00000000,31642,31644,65,0.00075972
1773321091.39279127,0.02161698,6106,0.00014198,0.00000000,0,0.00000000,31644,31648,67,0.00276753
1773321091.49281168,0.04366465,6098,0.00073552,0.00000000,0,0.00000000,31648,31647,56,0.00080994
1773321091.59293628,0.03900137,6059,0.00052567,0.00000000,0,0.00000000,31647,31649,51,0.00164648
1773321091.69273233,0.04555821,6160,0.00049452,0.00000000,0,0.00000000,31649,31648,58,0.00078930
1773321091.79275370,0.03982972,6118,0.00056498,0.00000000,0,0.00000000,31648,31656,69,0.00084170
1773321091.89283657,0.02206097,6093,0.00027133,0.00000000,0,0.00000000,31656,31605,48,0.00163726
1773321091.99292231,0.03220026,6111,0.00033139,0.00000000,0,0.00000000,31605,31611,65,0.00298068
1773321092.09290385,0.03209904,6103,0.00026958,0.00000000,0,0.00000000,31611,31613,70,0.00308199
1773321092.19274735,0.02953699,6139,0.00016085,0.00000000,0,0.00000000,31613,31620,48,0.00240471
1773321092.29279470,0.02408791,6115,0.00013653,0.00000000,0,0.00000000,31620,31616,66,0.00256924
1773321092.39281654,0.02468032,6048,0.00017825,0.00000000,0,0.00000000,31616,31620,58,0.00154127
1773321092.49273062,0.02510857,6118,0.00017998,0.00000000,0,0.00000000,31620,31625,65,0.00233386
1773321092.59278131,0.04493137,6131,0.00051191,0.00000000,0,0.00000000,31625,31623,57,0.00142048
1773321092.69283342,0.04222034,6121,0.00016391,0.00000000,0,0.00000000,31623,31628,64,0.00077872
1773321092.79298806,0.02195072,6101,0.00011853,0.00000000,0,0.00000000,31628,31634,48,0.00114728
1773321092.89285326,0.02355746,6099,0.00014901,0.00000000,0,0.00000000,31634,31638,53,0.00111733
1773321092.99297810,0.03693246,6075,0.00054031,0.00000000,0,0.00000000,31638,31641,51,0.00260087
1773321093.09272599,0.01872955,6121,0.00018850,0.00000000,0,0.00000000,31641,31635,67,0.00316447
1773321093.19280124,0.02457924,6117,0.00024117,0.00000000,0,0.00000000,31635,31635,62,0.00297936
1773321093.29282832,0.02581388,6067,0.00018053,0.00000000,0,0.00000000,31635,31637,57,0.00150862
1773321093.39282370,0.02485415,6132,0.00017742,0.00000000,0,0.00000000,31637,31640,66,0.00082303
1773321093.49279809,0.03650158,6084,0.00019303,0.00000000,0,0.00000000,31640,31642,53,0.00077596
1773321093.59299970,0.04882674,6074,0.00062648,0.00000000,0,0.00000000,31642,31644,62,0.00161565
1773321093.69276190,0.05015197,6120,0.00055952,0.00000000,0,0.00000000,31644,31651,57,0.00161535
1773321093.79290271,0.03203305,6072,0.00016059,0.00000000,0,0.00000000,31651,31656,51,0.00160291
1773321093.89316654,0.02356649,6102,0.00027498,0.00000000,0,0.00000000,31656,31657,68,0.00156955
1773321093.99294209,0.03880795,6095,0.00045943,0.00000000,0,0.00000000,31657,31657,50,0.00235986
1773321094.09288239,0.02936115,6067,0.00027511,0.00000000,0,0.00000000,31657,31662,70,0.00339499
1773321094.19279957,0.02362659,6123,0.00014253,0.00000000,0,0.00000000,31662,31665,50,0.00307447
1773321094.29279900,0.02919418,6087,0.00022257,0.00000000,0,0.00000000,31665,31668,53,0.00096208
1773321094.39285469,0.02497496,6094,0.00032934,0.00000000,0,0.00000000,31668,31671,51,0.00161383
1773321094.49284720,0.02920161,6050,0.00053020,0.00000000,0,0.00000000,31671,31678,54,0.00138228
1773321094.59296536,0.04828280,6105,0.00073686,0.00000000,0,0.00000000,31678,31662,54,0.00116328
1773321094.69281578,0.02403314,6116,0.00014753,0.00000000,0,0.00000000,31662,31666,61,0.00141952
1773321094.79287434,0.02174597,6113,0.00025149,0.00000000,0,0.00000000,31666,31665,50,0.00112024
1773321094.89287710,0.03023160,6103,0.00043683,0.00000000,0,0.00000000,31665,31665,54,0.00111256
1773321094.99303794,0.02053467,6111,0.00010419,0.00000000,0,0.00000000,31665,31671,49,0.00154586
1773321095.09276009,0.02807122,6088,0.00029357,0.00000000,0,0.00000000,31671,31668,51,0.00303301
1773321095.19287562,0.02521472,6102,0.00012935,0.00000000,0,0.00000000,31668,31676,54,0.00246913
1773321095.29290891,0.02132580,6068,0.00009358,0.00000000,0,0.00000000,31676,31682,52,0.00113587
1773321095.39280128,0.02290671,6133,0.00022738,0.00000000,0,0.00000000,31682,31694,68,0.00177313
1773321095.49284434,0.04675280,6106,0.00069880,0.00000000,0,0.00000000,31694,31695,68,0.00135251
1773321095.59293413,0.05024887,6099,0.00046513,0.00000000,0,0.00000000,31695,31696,48,0.00088722
1773321095.69286180,0.05821131,6108,0.00027396,0.00000000,0,0.00000000,31696,31648,55,0.00079242
1773321095.79278636,0.02879277,6126,0.00016554,0.00000000,0,0.00000000,31648,31655,59,0.00103970
1773321095.89276338,0.02631026,6133,0.00012900,0.00000000,0,0.00000000,31655,31663,56,0.00265851
1773321095.99288559,0.03377452,6108,0.00060302,0.00000000,0,0.00000000,31663,31663,66,0.00248058
1773321096.09282970,0.02960132,6085,0.00015483,0.00000000,0,0.00000000,31663,31667,52,0.00326775
1773321096.19291377,0.02403580,6066,0.00014311,0.00000000,0,0.00000000,31667,31674,59,0.00205548
1773321096.29279447,0.02697460,6100,0.00009973,0.00000000,0,0.00000000,31674,31678,48,0.00148786
1773321096.39291883,0.01753221,6112,0.00010427,0.00000000,0,0.00000000,31678,31682,59,0.00075923
1773321096.49292421,0.01899331,6110,0.00015467,0.00000000,0,0.00000000,31682,31681,68,0.00140937
1773321096.59285045,0.05049178,6131,0.00060433,0.00000000,0,0.00000000,31681,31689,58,0.00130044
1773321096.69285703,0.04619051,6127,0.00050912,0.00000000,0,0.00000000,31689,31692,54,0.00144181
1773321096.79291081,0.03238151,6072,0.00010758,0.00000000,0,0.00000000,31692,31700,49,0.00081106
1773321096.89294791,0.02009558,6058,0.00015604,0.00000000,0,0.00000000,31700,31698,36,0.00083094
1773321096.99292517,0.02881632,6124,0.00047635,0.00000000,0,0.00000000,31698,31705,60,0.00197562
1773321097.09285831,0.02072989,6122,0.00012674,0.00000000,0,0.00000000,31705,31709,52,0.00277619
1773321097.19292331,0.01950415,6116,0.00015542,0.00000000,0,0.00000000,31709,31715,64,0.00188338
1773321097.29291439,0.02390114,6072,0.00018793,0.00000000,0,0.00000000,31715,31721,71,0.00073805
1773321097.39288950,0.01676936,6048,0.00010699,0.00000000,0,0.00000000,31721,31730,56,0.00089647
1773321097.49289656,0.01842117,6101,0.00015705,0.00000000,0,0.00000000,31730,31733,63,0.00084198
1773321097.59296036,0.04397222,6086,0.00070264,0.00000000,0,0.00000000,31733,31726,62,0.00074300
1773321097.69299054,0.05181087,6106,0.00019993,0.00000000,0,0.00000000,31726,31723,59,0.00081961
1773321097.79291725,0.02817610,6085,0.00017444,0.00000000,0,0.00000000,31723,31731,62,0.00082111
1773321097.89270544,0.02399256,6125,0.00058487,0.00000000,0,0.00000000,31731,31703,58,0.00080888
1773321097.99284720,0.03838383,6113,0.00023876,0.00000000,0,0.00000000,31703,31704,56,0.00231264
1773321098.09281373,0.02073929,6085,0.00011840,0.00000000,0,0.00000000,31704,31709,61,0.00158313
1773321098.19287252,0.01857918,6132,0.00014352,0.00000000,0,0.00000000,31709,31722,67,0.00171730
1773321098.29294014,0.01756634,6097,0.00011804,0.00000000,0,0.00000000,31722,31718,61,0.00085850
1773321098.39298558,0.02377766,6141,0.00018495,0.00000000,0,0.00000000,31718,31713,51,0.00214574
1773321098.49298024,0.04440095,6091,0.00040318,0.00000000,0,0.00000000,31713,31717,50,0.00149693
1773321098.59291935,0.05023271,6106,0.00033707,0.00000000,0,0.00000000,31717,31721,42,0.00080671
1773321098.69294667,0.02581669,6113,0.00011815,0.00000000,0,0.00000000,31721,31722,50,0.00079689
1773321098.79481483,0.02087199,6149,0.00038094,0.00000000,0,0.00000000,31722,31723,65,0.00109576
1773321098.89300179,0.02626254,6099,0.00049199,0.00000000,0,0.00000000,31723,31730,64,0.00161469
1773321098.99292827,0.03033217,6114,0.00013440,0.00000000,0,0.00000000,31730,31737,61,0.00275194
1773321099.09293747,0.02066306,6103,0.00017048,0.00000000,0,0.00000000,31737,31736,68,0.00237180
1773321099.19284606,0.02072140,6122,0.00019043,0.00000000,0,0.00000000,31736,31725,71,0.00247596
1773321099.29287362,0.02202868,6125,0.00012472,0.00000000,0,0.00000000,31725,31737,66,0.00081374
1773321099.39295602,0.02215352,6110,0.00018532,0.00000000,0,0.00000000,31737,31730,71,0.00178159
1773321099.49290872,0.04186297,6117,0.00050925,0.00000000,0,0.00000000,31730,31735,45,0.00149319
1773321099.59302378,0.04779007,6051,0.00056052,0.00000000,0,0.00000000,31735,31739,49,0.00173895
1773321099.69294238,0.05020454,6122,0.00053524,0.00000000,0,0.00000000,31739,31715,55,0.00080977
1773321099.79292774,0.02705422,6070,0.00014831,0.00000000,0,0.00000000,31715,31719,48,0.00076543
1773321099.89292288,0.02622673,6067,0.00019978,0.00000000,0,0.00000000,31719,31722,58,0.00159689
1773321099.99289799,0.04599950,6082,0.00050144,0.00000000,0,0.00000000,31722,31723,57,0.00255262
1773321100.09291553,0.02123508,6081,0.00010048,0.00000000,0,0.00000000,31723,31725,50,0.00253675
1773321100.19293141,0.01835963,6077,0.00013820,0.00000000,0,0.00000000,31725,31731,58,0.00290399
1773321100.29295278,0.02271033,6051,0.00013285,0.00000000,0,0.00000000,31731,31734,51,0.00106050
1773321100.39282537,0.01955058,6060,0.00016732,0.00000000,0,0.00000000,31734,31716,57,0.00100219
1773321100.49287558,0.03581809,6042,0.00050359,0.00000000,0,0.00000000,31716,31714,64,0.00156078
1773321100.59292388,0.04940096,6056,0.00060392,0.00000000,0,0.00000000,31714,31714,55,0.00083176
1773321100.69295788,0.02203389,6080,0.00018658,0.00000000,0,0.00000000,31714,31711,58,0.00075622
1773321100.79294944,0.02329505,6066,0.00013196,0.00000000,0,0.00000000,31711,31715,63,0.00112217
1773321100.89293933,0.02240453,6060,0.00009655,0.00000000,0,0.00000000,31715,31713,53,0.00107409
1773321100.99313116,0.02459788,6061,0.00015585,0.00000000,0,0.00000000,31713,31715,59,0.00272048
1773321101.09283304,0.02763031,6096,0.00014319,0.00000000,0,0.00000000,31715,31718,46,0.00192264
1773321101.19296694,0.01990316,6107,0.00016437,0.00000000,0,0.00000000,31718,31716,67,0.00179616
1773321101.29294705,0.01806301,6126,0.00014947,0.00000000,0,0.00000000,31716,31721,66,0.00115958
1773321101.39303160,0.02023634,6050,0.00013536,0.00000000,0,0.00000000,31721,31728,54,0.00101955
1773321101.49286103,0.04179825,6116,0.00049133,0.00000000,0,0.00000000,31728,31728,50,0.00075290
1773321101.59297013,0.04430713,6094,0.00059251,0.00000000,0,0.00000000,31728,31734,55,0.00074481
1773321101.69279051,0.04043311,6134,0.00083618,0.00000000,0,0.00000000,31734,31744,56,0.00081524
1773321101.79301047,0.03865463,6108,0.00051578,0.00000000,0,0.00000000,31744,31752,58,0.00117067
1773321101.89321136,0.02357834,6060,0.00014511,0.00000000,0,0.00000000,31752,31751,50,0.00129173
1773321101.99294877,0.02100213,6057,0.00026893,0.00000000,0,0.00000000,31751,31760,55,0.00310882
1773321102.09309793,0.02623379,6087,0.00013667,0.00000000,0,0.00000000,31760,31763,56,0.00329127
1773321102.19295549,0.03044709,6044,0.00017544,0.00000000,0,0.00000000,31763,31769,49,0.00281022
1773321102.29286146,0.03218603,6085,0.00016885,0.00000000,0,0.00000000,31769,31770,46,0.00266960
1773321102.39291000,0.02844531,6061,0.00023855,0.00000000,0,0.00000000,31770,31776,51,0.00080058
1773321102.49299765,0.03174441,6086,0.00020615,0.00000000,0,0.00000000,31776,31763,49,0.00278610
1773321102.59287405,0.04959398,6092,0.00070077,0.00000000,0,0.00000000,31763,31764,61,0.00141701
1773321102.69288278,0.03520474,6121,0.00014583,0.00000000,0,0.00000000,31764,31759,52,0.00168570
1773321102.79292679,0.02576645,6139,0.00021142,0.00000000,0,0.00000000,31759,31752,45,0.00168593
1773321102.89291573,0.02335744,6106,0.00031157,0.00000000,0,0.00000000,31752,31751,62,0.00151059
1773321102.99308276,0.02980177,6096,0.00013469,0.00000000,0,0.00000000,31751,31747,54,0.00249887
1773321103.09302807,0.02714834,6105,0.00013692,0.00000000,0,0.00000000,31747,31749,52,0.00251726
1773321103.19304657,0.02367056,6037,0.00013636,0.00000000,0,0.00000000,31749,31729,51,0.00263729
1773321103.29291058,0.02449073,6085,0.00011221,0.00000000,0,0.00000000,31729,31733,52,0.00086706
1773321103.39294791,0.02332991,6116,0.00012889,0.00000000,0,0.00000000,31733,31734,49,0.00295173
1773321103.49294496,0.04000269,6095,0.00051209,0.00000000,0,0.00000000,31734,31746,73,0.00138485
1773321103.59300303,0.04568460,6040,0.00049689,0.00000000,0,0.00000000,31746,31741,61,0.00090537
1773321103.69291759,0.05175251,6160,0.00022026,0.00000000,0,0.00000000,31741,31741,57,0.00093355
1773321103.79290724,0.02195318,6084,0.00022684,0.00000000,0,0.00000000,31741,31725,60,0.00125535
1773321103.89312339,0.02244250,6084,0.00019526,0.00000000,0,0.00000000,31725,31729,53,0.00254130
1773321103.99295831,0.04164733,6069,0.00055536,0.00000000,0,0.00000000,31729,31733,55,0.00272623
1773321104.09294081,0.02461406,6087,0.00013909,0.00000000,0,0.00000000,31733,31729,57,0.00289929
1773321104.19299412,0.02351006,6043,0.00017046,0.00000000,0,0.00000000,31729,31740,59,0.00258597
1773321104.29284787,0.01785406,6071,0.00012341,0.00000000,0,0.00000000,31740,31743,61,0.00169559
1773321104.39284658,0.02513017,6169,0.00011940,0.00000000,0,0.00000000,31743,31749,60,0.00114007
1773321104.49296117,0.03968311,6084,0.00039496,0.00000000,0,0.00000000,31749,31745,51,0.00130292
1773321104.59297800,0.04792353,6141,0.00044801,0.00000000,0,0.00000000,31745,31746,48,0.00082041
1773321104.69295907,0.04801223,6113,0.00058258,0.00000000,0,0.00000000,31746,31753,60,0.00125563
1773321104.79297495,0.02948196,6126,0.00017367,0.00000000,0,0.00000000,31753,31751,52,0.00086698
1773321104.89299417,0.02740001,6083,0.00029728,0.00000000,0,0.00000000,31751,31756,54,0.00295222
1773321104.99300575,0.03242638,6092,0.00055484,0.00000000,0,0.00000000,31756,31758,54,0.00186222
1773321105.09296107,0.02535802,6106,0.00017313,0.00000000,0,0.00000000,31758,31751,48,0.00337878
1773321105.19311070,0.02376387,6070,0.00013454,0.00000000,0,0.00000000,31751,31754,48,0.00299213
1773321105.29287505,0.02263305,6099,0.00015433,0.00000000,0,0.00000000,31754,31755,56,0.00231470
1773321105.39298916,0.02505825,6140,0.00020874,0.00000000,0,0.00000000,31755,31750,58,0.00108117
1773321105.49302697,0.03485837,6080,0.00038698,0.00000000,0,0.00000000,31750,31749,42,0.00152980
1773321105.59298515,0.05052335,6100,0.00059684,0.00000000,0,0.00000000,31749,31757,61,0.00092316
1773321105.69298482,0.04291793,6135,0.00014386,0.00000000,0,0.00000000,31757,31764,63,0.00089563
1773321105.79305363,0.02264107,6095,0.00041992,0.00000000,0,0.00000000,31764,31766,70,0.00080671
1773321105.89289570,0.02469543,6131,0.00048145,0.00000000,0,0.00000000,31766,31767,49,0.00080632
1773321105.99304414,0.03394323,6131,0.00026842,0.00000000,0,0.00000000,31767,31753,69,0.00288420
1773321106.09297800,0.02426427,6179,0.00021661,0.00000000,0,0.00000000,31753,31753,52,0.00198227
1773321106.19310617,0.02302837,6121,0.00021883,0.00000000,0,0.00000000,31753,31756,59,0.00241502
1773321106.29292035,0.02205286,6165,0.00013467,0.00000000,0,0.00000000,31756,31760,54,0.00079183
1773321106.39298773,0.02117721,6131,0.00014260,0.00000000,0,0.00000000,31760,31765,62,0.00224798
1773321106.49296498,0.04532486,6129,0.00058171,0.00000000,0,0.00000000,31765,31771,67,0.00082355
1773321106.59305668,0.05103228,6097,0.00057087,0.00000000,0,0.00000000,31771,31776,54,0.00083073
1773321106.69292545,0.04475078,6118,0.00014510,0.00000000,0,0.00000000,31776,31783,53,0.00080685
1773321106.79300261,0.02373265,6127,0.00014656,0.00000000,0,0.00000000,31783,31786,55,0.00086434
1773321106.89304543,0.02075188,6129,0.00010793,0.00000000,0,0.00000000,31786,31787,52,0.00174552
1773321106.99302626,0.03391946,6127,0.00021100,0.00000000,0,0.00000000,31787,31778,59,0.00201007
1773321107.09293342,0.02340975,6141,0.00029212,0.00000000,0,0.00000000,31778,31766,56,0.00247408
1773321107.19310641,0.02124133,6096,0.00019766,0.00000000,0,0.00000000,31766,31768,60,0.00263301
1773321107.29296446,0.02312273,6138,0.00019400,0.00000000,0,0.00000000,31768,31772,75,0.00074844
1773321107.39301634,0.02357693,6150,0.00015449,0.00000000,0,0.00000000,31772,31776,51,0.00162080
1773321107.49284959,0.04521418,6152,0.00031452,0.00000000,0,0.00000000,31776,31779,49,0.00080079
1773321107.59295845,0.04624118,6131,0.00042512,0.00000000,0,0.00000000,31779,31783,50,0.00127040
1773321107.69296741,0.04132588,6139,0.00073758,0.00000000,0,0.00000000,31783,31779,67,0.00081746
1773321107.79301667,0.03621726,6119,0.00017728,0.00000000,0,0.00000000,31779,31780,72,0.00158348
1773321107.89294958,0.02179030,6129,0.00029327,0.00000000,0,0.00000000,31780,31789,71,0.00173618
1773321107.99297810,0.02507396,6118,0.00039888,0.00000000,0,0.00000000,31789,31793,55,0.00409047
1773321108.09311056,0.02030769,6128,0.00014724,0.00000000,0,0.00000000,31793,31798,54,0.00268009
1773321108.19302869,0.02090254,6124,0.00017017,0.00000000,0,0.00000000,31798,31801,47,0.00324608
1773321108.29309297,0.02760642,5795,0.00016550,0.00000000,0,0.00000000,31801,31804,44,0.00074974
1773321108.38706493,0.02409357,6461,0.00012729,0.00000000,0,0.00000000,31804,31802,62,0.00093869
1773321108.49317813,0.02295355,6086,0.00011307,0.00000000,0,0.00000000,31802,31797,55,0.00158274
1773321108.59290385,0.04916923,6149,0.00106115,0.00000000,0,0.00000000,31797,31781,61,0.00099094
1773321108.69294858,0.05053819,6153,0.00056909,0.00000000,0,0.00000000,31781,31789,56,0.00111852
1773321108.79333162,0.02592288,6118,0.00020260,0.00000000,0,0.00000000,31789,31793,58,0.00113197
1773321108.89283204,0.02317883,6144,0.00019661,0.00000000,0,0.00000000,31793,31780,65,0.00120012
1773321108.99312282,0.03244038,6134,0.00049992,0.00000000,0,0.00000000,31780,31781,59,0.00182660
1773321109.09300137,0.02411264,6148,0.00013222,0.00000000,0,0.00000000,31781,31780,58,0.00110852
1773321109.19309211,0.02118905,6086,0.00014856,0.00000000,0,0.00000000,31780,31793,55,0.00288025
1773321109.29293966,0.01863137,6131,0.00056681,0.00000000,0,0.00000000,31793,31692,63,0.00154211
1773321109.39301372,0.02281031,6107,0.00013029,0.00000000,0,0.00000000,31692,31688,60,0.00085799
1773321109.49301386,0.04108792,6073,0.00062169,0.00000000,0,0.00000000,31688,31686,68,0.00156085
1773321109.59309673,0.04688918,6100,0.00067855,0.00000000,0,0.00000000,31686,31691,63,0.00091965
1773321109.69305205,0.04706682,6044,0.00062817,0.00000000,0,0.00000000,31691,31695,66,0.00083418
1773321109.79306197,0.04292513,6133,0.00018253,0.00000000,0,0.00000000,31695,31697,58,0.00152284
1773321109.89303827,0.02495703,6083,0.00024467,0.00000000,0,0.00000000,31697,31691,53,0.00084015
1773321109.99314451,0.02566037,6096,0.00015366,0.00000000,0,0.00000000,31691,31697,55,0.00330189
1773321110.09287739,0.02429571,6117,0.00019612,0.00000000,0,0.00000000,31697,31705,69,0.00321185
1773321110.19294405,0.02816022,6105,0.00024695,0.00000000,0,0.00000000,31705,31713,57,0.00282814
1773321110.29301691,0.02661887,6067,0.00015365,0.00000000,0,0.00000000,31713,31717,56,0.00100579
1773321110.39294958,0.01879186,6078,0.00015039,0.00000000,0,0.00000000,31717,31722,70,0.00099433
1773321110.49295807,0.02408409,6134,0.00021500,0.00000000,0,0.00000000,31722,31730,68,0.00198196
1773321110.59310985,0.04745905,6078,0.00058108,0.00000000,0,0.00000000,31730,31740,59,0.00157101
1773321110.69286251,0.04664544,6099,0.00052099,0.00000000,0,0.00000000,31740,31741,56,0.00105895
1773321110.79298306,0.04256043,6104,0.00016727,0.00000000,0,0.00000000,31741,31739,72,0.00087917
1773321110.89298558,0.02521836,6106,0.00022420,0.00000000,0,0.00000000,31739,31739,53,0.00120242
1773321110.99310684,0.02724466,6080,0.00033622,0.00000000,0,0.00000000,31739,31737,53,0.00202148
1773321111.09313798,0.02511471,6097,0.00015071,0.00000000,0,0.00000000,31737,31743,65,0.00215939
1773321111.19295406,0.02564302,6123,0.00018653,0.00000000,0,0.00000000,31743,31720,61,0.00198357
1773321111.29298043,0.02414247,6097,0.00016699,0.00000000,0,0.00000000,31720,31719,56,0.00104654
1773321111.39287019,0.02198105,6102,0.00013872,0.00000000,0,0.00000000,31719,31722,62,0.00106685
1773321111.49288273,0.01838160,6128,0.00017308,0.00000000,0,0.00000000,31722,31724,72,0.00087293
1773321111.59297776,0.04290516,6083,0.00049057,0.00000000,0,0.00000000,31724,31727,46,0.00082553
1773321111.69299269,0.04184562,6088,0.00020051,0.00000000,0,0.00000000,31727,31716,72,0.00075682
1773321111.79303288,0.02257439,6062,0.00017607,0.00000000,0,0.00000000,31716,31721,63,0.00158224
1773321111.89297295,0.02585343,6078,0.00019495,0.00000000,0,0.00000000,31721,31721,60,0.00144460
1773321111.99299121,0.04345574,6099,0.00023493,0.00000000,0,0.00000000,31721,31726,67,0.00189245
1773321112.09300065,0.01857100,6068,0.00014273,0.00000000,0,0.00000000,31726,31733,62,0.00226252
1773321112.19291878,0.01966448,6089,0.00013984,0.00000000,0,0.00000000,31733,31743,57,0.00249099
1773321112.29294515,0.02458176,6132,0.00014809,0.00000000,0,0.00000000,31743,31748,60,0.00102170
1773321112.39301038,0.02411993,6109,0.00019325,0.00000000,0,0.00000000,31748,31749,62,0.00195387
1773321112.49301958,0.03558949,6046,0.00049635,0.00000000,0,0.00000000,31749,31754,62,0.00082584
1773321112.59298062,0.05011346,6083,0.00039464,0.00000000,0,0.00000000,31754,31752,57,0.00115313
1773321112.69297338,0.02359843,6035,0.00016953,0.00000000,0,0.00000000,31752,31758,55,0.00115542
1773321112.79288387,0.02495744,6105,0.00035517,0.00000000,0,0.00000000,31758,31762,61,0.00114359
1773321112.89295983,0.02677581,6105,0.00035549,0.00000000,0,0.00000000,31762,31757,64,0.00151737
1773321112.99308705,0.04359720,6087,0.00025194,0.00000000,0,0.00000000,31757,31762,57,0.00125742
1773321113.09304953,0.02446683,6104,0.00019871,0.00000000,0,0.00000000,31762,31766,62,0.00099643
1773321113.19310188,0.02344742,6046,0.00023751,0.00000000,0,0.00000000,31766,31762,63,0.00118623
1773321113.29283834,0.02348026,6084,0.00016002,0.00000000,0,0.00000000,31762,31767,75,0.00096983
1773321113.39298558,0.02336425,6134,0.00010378,0.00000000,0,0.00000000,31767,31770,47,0.00165078
1773321113.49311638,0.04516560,6092,0.00074296,0.00000000,0,0.00000000,31770,31772,66,0.00158296
1773321113.59309316,0.04796449,6106,0.00045231,0.00000000,0,0.00000000,31772,31778,52,0.00081580
1773321113.69286990,0.03990237,6103,0.00023272,0.00000000,0,0.00000000,31778,31787,75,0.00081565
1773321113.79294443,0.02273115,6112,0.00021216,0.00000000,0,0.00000000,31787,31790,53,0.00078584
1773321113.89303589,0.03473235,6068,0.00081979,0.00000000,0,0.00000000,31790,31790,71,0.00280130
1773321113.99310303,0.03368275,6108,0.00021448,0.00000000,0,0.00000000,31790,31797,65,0.00256994
1773321114.09303474,0.01971835,6047,0.00010642,0.00000000,0,0.00000000,31797,31799,46,0.00237631
1773321114.19299555,0.02364955,6080,0.00008906,0.00000000,0,0.00000000,31799,31800,46,0.00268511
1773321114.29297876,0.02242691,6062,0.00013459,0.00000000,0,0.00000000,31800,31804,73,0.00116501
1773321114.39293313,0.02205389,6100,0.00010402,0.00000000,0,0.00000000,31804,31811,55,0.00184611
1773321114.49287486,0.02256989,6046,0.00011554,0.00000000,0,0.00000000,31811,31818,66,0.00085040
1773321114.59292722,0.04800169,6114,0.00054865,0.00000000,0,0.00000000,31818,31815,58,0.00104602
1773321114.69304037,0.05321013,6081,0.00071569,0.00000000,0,0.00000000,31815,31824,78,0.00082475
1773321114.79313803,0.03169967,6110,0.00013944,0.00000000,0,0.00000000,31824,31826,58,0.00080676
1773321114.89310145,0.02622305,6073,0.00019358,0.00000000,0,0.00000000,31826,31830,60,0.00081292
1773321114.99294806,0.02819516,6094,0.00054919,0.00000000,0,0.00000000,31830,31820,55,0.00168579
1773321115.09303260,0.01993708,6106,0.00019645,0.00000000,0,0.00000000,31820,31831,81,0.00256664
1773321115.19291639,0.02680510,6073,0.00013658,0.00000000,0,0.00000000,31831,31834,54,0.00143574
1773321115.29302239,0.03021010,6101,0.00018461,0.00000000,0,0.00000000,31834,31834,61,0.00210958
1773321115.39294934,0.02467488,6098,0.00016133,0.00000000,0,0.00000000,31834,31830,65,0.00107004
1773321115.49301791,0.02474665,6077,0.00019065,0.00000000,0,0.00000000,31830,31834,62,0.00143773
1773321115.59305191,0.04835669,6098,0.00081366,0.00000000,0,0.00000000,31834,31839,58,0.00163830
1773321115.69304109,0.04899879,6042,0.00019186,0.00000000,0,0.00000000,31839,31810,62,0.00188888
1773321115.79293418,0.02626364,6117,0.00018801,0.00000000,0,0.00000000,31810,31813,53,0.00121099
1773321115.89310217,0.02425294,6097,0.00015992,0.00000000,0,0.00000000,31813,31822,60,0.00148854
1773321115.99300218,0.04223582,6085,0.00052503,0.00000000,0,0.00000000,31822,31820,59,0.00299695
1773321116.09293127,0.02742020,6074,0.00017774,0.00000000,0,0.00000000,31820,31825,65,0.00246539
1773321116.19300342,0.02487347,6098,0.00016850,0.00000000,0,0.00000000,31825,31828,56,0.00274933
1773321116.29303122,0.01943338,6055,0.00011512,0.00000000,0,0.00000000,31828,31832,49,0.00078770
1773321116.39297867,0.01959349,6102,0.00012899,0.00000000,0,0.00000000,31832,31835,62,0.00136897
1773321116.49292231,0.04585014,6099,0.00061343,0.00000000,0,0.00000000,31835,31834,55,0.00174267
1773321116.59303761,0.04622690,6107,0.00058010,0.00000000,0,0.00000000,31834,31826,60,0.00151880
1773321116.69301343,0.03282692,6079,0.00021301,0.00000000,0,0.00000000,31826,31822,50,0.00086911
1773321116.79311156,0.02049969,6098,0.00011962,0.00000000,0,0.00000000,31822,31827,46,0.00081321
1773321116.89310455,0.02276877,6067,0.00011653,0.00000000,0,0.00000000,31827,31826,50,0.00124343
1773321116.99312663,0.03595981,6142,0.00018683,0.00000000,0,0.00000000,31826,31830,57,0.00265598
1773321117.09303546,0.02041424,6074,0.00012688,0.00000000,0,0.00000000,31830,31836,55,0.00284518
1773321117.19291091,0.01972648,6108,0.00014157,0.00000000,0,0.00000000,31836,31840,53,0.00186771
1773321117.29302263,0.02384777,6080,0.00014052,0.00000000,0,0.00000000,31840,31846,58,0.00147546
1773321117.39298272,0.02353757,6111,0.00011174,0.00000000,0,0.00000000,31846,31853,59,0.00240641
1773321117.49300599,0.02082192,6103,0.00035930,0.00000000,0,0.00000000,31853,31856,61,0.00138930
1773321117.59297562,0.04382266,6081,0.00068934,0.00000000,0,0.00000000,31856,31858,64,0.00084299
1773321117.69303226,0.05176587,6102,0.00089656,0.00000000,0,0.00000000,31858,31863,61,0.00090632
1773321117.79305315,0.02769558,6075,0.00018555,0.00000000,0,0.00000000,31863,31857,62,0.00086131
1773321117.89286160,0.01766249,6096,0.00028701,0.00000000,0,0.00000000,31857,31858,55,0.00086118
1773321117.99303579,0.02512672,6100,0.00049908,0.00000000,0,0.00000000,31858,31860,65,0.00163058
1773321118.09295344,0.02565739,6117,0.00012276,0.00000000,0,0.00000000,31860,31858,46,0.00162431
1773321118.19313717,0.02131536,6104,0.00014584,0.00000000,0,0.00000000,31858,31864,56,0.00277826
1773321118.29301095,0.02661890,6077,0.00012220,0.00000000,0,0.00000000,31864,31868,57,0.00312843
1773321118.39291644,0.02580312,6134,0.00013684,0.00000000,0,0.00000000,31868,31867,58,0.00148294
1773321118.49306464,0.02330011,6135,0.00013595,0.00000000,0,0.00000000,31867,31867,48,0.00175830
1773321118.59326291,0.04983685,6107,0.00057232,0.00000000,0,0.00000000,31867,31865,52,0.00091436
1773321118.69302893,0.04398052,6157,0.00017660,0.00000000,0,0.00000000,31865,31864,62,0.00129430
1773321118.79310250,0.02650524,6101,0.00026646,0.00000000,0,0.00000000,31864,31867,58,0.00091797
1773321118.89294291,0.03183565,6110,0.00052646,0.00000000,0,0.00000000,31867,31872,54,0.00093019
1773321118.99309850,0.03864530,6064,0.00017284,0.00000000,0,0.00000000,31872,31868,69,0.00345986
1773321119.09289074,0.02475265,6090,0.00018731,0.00000000,0,0.00000000,31868,31861,58,0.00250897
1773321119.19293046,0.02654482,6109,0.00014085,0.00000000,0,0.00000000,31861,31861,62,0.00283730
1773321119.29310799,0.02221020,6067,0.00017351,0.00000000,0,0.00000000,31861,31855,56,0.00108421
1773321119.39309216,0.02091294,6091,0.00014650,0.00000000,0,0.00000000,31855,31858,57,0.00281023
1773321119.49301505,0.03990503,6059,0.00057627,0.00000000,0,0.00000000,31858,31864,63,0.00083352
1773321119.59299183,0.05663868,6088,0.00068173,0.00000000,0,0.00000000,31864,31870,61,0.00097069
1773321119.69310069,0.09711406,6054,0.00025042,0.00000000,0,0.00000000,31870,31869,63,0.00084572
1773321119.79303956,0.04046210,6103,0.00026368,0.00000000,0,0.00000000,31869,31872,60,0.00146486
1773321119.89303160,0.03129155,6062,0.00011096,0.00000000,0,0.00000000,31872,31876,53,0.00206132
1773321119.99303389,0.04622506,6092,0.00026837,0.00000000,0,0.00000000,31876,31876,63,0.00223524
1773321120.09297347,0.02410035,6133,0.00018233,0.00000000,0,0.00000000,31876,31874,64,0.00193775
1773321120.19303036,0.02469683,6129,0.00019901,0.00000000,0,0.00000000,31874,31879,61,0.00197802
1773321120.29303622,0.01913103,6071,0.00016049,0.00000000,0,0.00000000,31879,31886,67,0.00113894
1773321120.39298868,0.01931461,6098,0.00013989,0.00000000,0,0.00000000,31886,31876,47,0.00127515
1773321120.49295330,0.02212697,6114,0.00019035,0.00000000,0,0.00000000,31876,31871,59,0.00146022
1773321120.59309816,0.04458043,6067,0.00065721,0.00000000,0,0.00000000,31871,31874,57,0.00088745
1773321120.69288206,0.04385382,6101,0.00044538,0.00000000,0,0.00000000,31874,31865,53,0.00084299
1773321120.79291630,0.04397670,6109,0.00019221,0.00000000,0,0.00000000,31865,31856,69,0.00091545
1773321120.89294434,0.02698113,6112,0.00016534,0.00000000,0,0.00000000,31856,31857,49,0.00171513
1773321120.99314809,0.02580593,6098,0.00010303,0.00000000,0,0.00000000,31857,31857,49,0.00216098
1773321121.09298491,0.03123898,6104,0.00025748,0.00000000,0,0.00000000,31857,31791,49,0.00305420
1773321121.19295716,0.02777994,6116,0.00026807,0.00000000,0,0.00000000,31791,31803,65,0.00284934
1773321121.29301143,0.02307485,6093,0.00016561,0.00000000,0,0.00000000,31803,31802,58,0.00082627
1773321121.39299083,0.02253076,6091,0.00013699,0.00000000,0,0.00000000,31802,31806,47,0.00106862
1773321121.49298096,0.02359658,6100,0.00017004,0.00000000,0,0.00000000,31806,31809,54,0.00206114
1773321121.59304667,0.04815955,6099,0.00061510,0.00000000,0,0.00000000,31809,31801,58,0.00123741
1773321121.69303894,0.04723649,6125,0.00023689,0.00000000,0,0.00000000,31801,31801,65,0.00165397
1773321121.79317522,0.02289230,6068,0.00013798,0.00000000,0,0.00000000,31801,31807,52,0.00161355
1773321121.89291692,0.02546004,6117,0.00011868,0.00000000,0,0.00000000,31807,31812,56,0.00163737
1773321121.99318385,0.04499063,6077,0.00072818,0.00000000,0,0.00000000,31812,31809,70,0.00257337
1773321122.09305596,0.02308480,6083,0.00013460,0.00000000,0,0.00000000,31809,31806,54,0.00206055
1773321122.19316196,0.02607152,6116,0.00021397,0.00000000,0,0.00000000,31806,31815,62,0.00321895
1773321122.29290819,0.02651051,6064,0.00016945,0.00000000,0,0.00000000,31815,31819,52,0.00101533
1773321122.39303994,0.03107540,6122,0.00036086,0.00000000,0,0.00000000,31819,31822,71,0.00088654
1773321122.49298787,0.02892696,6155,0.00040451,0.00000000,0,0.00000000,31822,31823,59,0.00080514
1773321122.59310651,0.05012501,6082,0.00048133,0.00000000,0,0.00000000,31823,31821,52,0.00090259
1773321122.69292259,0.05271366,6136,0.00058124,0.00000000,0,0.00000000,31821,31821,69,0.00121095
1773321122.79297519,0.04572244,6139,0.00019324,0.00000000,0,0.00000000,31821,31825,63,0.00185485
1773321122.89304924,0.04152365,6158,0.00028441,0.00000000,0,0.00000000,31825,31827,50,0.00098217
1773321122.99316025,0.03723971,6143,0.00073965,0.00000000,0,0.00000000,31827,31819,67,0.00368135
1773321123.09304643,0.05226324,6105,0.00063701,0.00000000,0,0.00000000,31819,31818,60,0.00436570
1773321123.19296837,0.02937703,6139,0.00034512,0.00000000,0,0.00000000,31818,31817,61,0.00283021
1773321123.29316401,0.02712083,6126,0.00019069,0.00000000,0,0.00000000,31817,31817,49,0.00197087
1773321123.39290667,0.05171093,6127,0.00073460,0.00000000,0,0.00000000,31817,31824,65,0.00124074
1773321123.49301672,0.03066310,6140,0.00019753,0.00000000,0,0.00000000,31824,31826,63,0.00273033
1773321123.59310699,0.02478772,6129,0.00018712,0.00000000,0,0.00000000,31826,31820,47,0.00125971
1773321123.69311023,0.02910885,6127,0.00045975,0.00000000,0,0.00000000,31820,31823,53,0.00085282
1773321123.79299474,0.04893456,6114,0.00013793,0.00000000,0,0.00000000,31823,31828,51,0.00469740
1773321123.89179492,0.03820751,6130,0.00032852,0.00000000,0,0.00000000,31828,31836,60,0.00134303
1773321123.99299240,0.08603329,6157,0.00029296,0.00000000,0,0.00000000,31836,31843,58,0.00085015
1773321124.09301424,0.03058058,6156,0.00020274,0.00000000,0,0.00000000,31843,31848,54,0.00083568
1773321124.19302225,0.03111436,6161,0.00021268,0.00000000,0,0.00000000,31848,31854,62,0.00265055
1773321124.29312444,0.02629377,6085,0.00020843,0.00000000,0,0.00000000,31854,31841,57,0.00154254
1773321124.39296889,0.02110317,6127,0.00023375,0.00000000,0,0.00000000,31841,31844,66,0.00319407
1773321124.49294949,0.02846844,6111,0.00015591,0.00000000,0,0.00000000,31844,31848,60,0.00125189
1773321124.59309268,0.04783815,6163,0.00050738,0.00000000,0,0.00000000,31848,31845,50,0.00176055
1773321124.69302702,0.04362879,6121,0.00056575,0.00000000,0,0.00000000,31845,31847,55,0.00121939
1773321124.79292202,0.03881068,6148,0.00077468,0.00000000,0,0.00000000,31847,31853,57,0.00141163
1773321124.89305687,0.02237731,6139,0.00024089,0.00000000,0,0.00000000,31853,31850,69,0.00147092
1773321124.99311900,0.02388670,6108,0.00011025,0.00000000,0,0.00000000,31850,31852,56,0.00194859
1773321125.09182978,0.02263116,6174,0.00013550,0.00000000,0,0.00000000,31852,31850,56,0.00147266
1773321125.19329333,0.02833881,6117,0.00023366,0.00000000,0,0.00000000,31850,31855,62,0.00171143
1773321125.29301810,0.02000344,6170,0.00027024,0.00000000,0,0.00000000,31855,31838,67,0.00132938
1773321125.39311481,0.02237458,6139,0.00021602,0.00000000,0,0.00000000,31838,31835,61,0.00124629
1773321125.49291658,0.02590400,6163,0.00012725,0.00000000,0,0.00000000,31835,31828,60,0.00185539
1773321125.59300542,0.05021611,6179,0.00089766,0.00000000,0,0.00000000,31828,31823,61,0.00146544
1773321125.69298124,0.04813168,6075,0.00048491,0.00000000,0,0.00000000,31823,31827,56,0.00084755
1773321125.79303813,0.03528956,6154,0.00018759,0.00000000,0,0.00000000,31827,31827,68,0.00105173
1773321125.89293957,0.03463138,6131,0.00081320,0.00000000,0,0.00000000,31827,31827,61,0.00108581
1773321125.99313450,0.05229713,6145,0.00055913,0.00000000,0,0.00000000,31827,31835,59,0.00398454
1773321126.09304166,0.04976603,6107,0.00104346,0.00000000,0,0.00000000,31835,31840,78,0.00336631
1773321126.19297004,0.03965439,6138,0.00092090,0.00000000,0,0.00000000,31840,31841,59,0.00266218
1773321126.29302979,0.03006790,6107,0.00021220,0.00000000,0,0.00000000,31841,31844,66,0.00167332
1773321126.39188194,0.03550412,6136,0.00025256,0.00000000,0,0.00000000,31844,31852,66,0.00098713
1773321126.49325514,0.04129938,6150,0.00054876,0.00000000,0,0.00000000,31852,31852,55,0.00312724
1773321126.59309268,0.02836253,6055,0.00025175,0.00000000,0,0.00000000,31852,31841,61,0.00159578
1773321126.69297290,0.02563225,6111,0.00015462,0.00000000,0,0.00000000,31841,31849,57,0.00121855
1773321126.79298067,0.03362901,6104,0.00065743,0.00000000,0,0.00000000,31849,31853,67,0.00086207
1773321126.89179206,0.04324893,6135,0.00018518,0.00000000,0,0.00000000,31853,31852,68,0.00188033
1773321126.99298716,0.02900103,6144,0.00041558,0.00000000,0,0.00000000,31852,31848,60,0.00133731
1773321127.09296536,0.02301755,6132,0.00039899,0.00000000,0,0.00000000,31848,31743,68,0.00094055
1773321127.19306326,0.03851387,6079,0.00059840,0.00000000,0,0.00000000,31743,31744,53,0.00101754
1773321127.29305196,0.03669744,6086,0.00072319,0.00000000,0,0.00000000,31744,31750,67,0.00241003
1773321127.39183712,0.04035544,6127,0.00028228,0.00000000,0,0.00000000,31750,31757,60,0.00108779
1773321127.49294972,0.02517992,6136,0.00016458,0.00000000,0,0.00000000,31757,31760,54,0.00113360
1773321127.59309244,0.04406492,6120,0.00051016,0.00000000,0,0.00000000,31760,31769,77,0.00120846
1773321127.69297624,0.05112415,6143,0.00057091,0.00000000,0,0.00000000,31769,31772,64,0.00113896
1773321127.79299045,0.04614038,6125,0.00063757,0.00000000,0,0.00000000,31772,31775,65,0.00162386
1773321127.89303470,0.04265908,6097,0.00022782,0.00000000,0,0.00000000,31775,31775,66,0.00250756
1773321127.99300575,0.02460669,6110,0.00025461,0.00000000,0,0.00000000,31775,31767,63,0.00316497
1773321128.09289885,0.02998557,6111,0.00014244,0.00000000,0,0.00000000,31767,31769,45,0.00329641
1773321128.19316912,0.04426010,6127,0.00056868,0.00000000,0,0.00000000,31769,31774,64,0.00386055
1773321128.29292321,0.03607988,6107,0.00026425,0.00000000,0,0.00000000,31774,31772,54,0.00362570
1773321128.39301372,0.02765565,6151,0.00020183,0.00000000,0,0.00000000,31772,31775,57,0.00240955
1773321128.49339342,0.02867226,6099,0.00030685,0.00000000,0,0.00000000,31775,31760,52,0.00109939
1773321128.59314966,0.03010174,6056,0.00032128,0.00000000,0,0.00000000,31760,31767,57,0.00253526
1773321128.69298005,0.03489343,6106,0.00015112,0.00000000,0,0.00000000,31767,31772,55,0.00413036
1773321128.79299927,0.02979229,6126,0.00027839,0.00000000,0,0.00000000,31772,31775,54,0.00083969
1773321128.89298439,0.03192880,6124,0.00055074,0.00000000,0,0.00000000,31775,31771,51,0.00094244
1773321128.99315310,0.04842010,6079,0.00065199,0.00000000,0,0.00000000,31771,31774,61,0.00123458
1773321129.09310436,0.04669910,6081,0.00025336,0.00000000,0,0.00000000,31774,31780,67,0.00198688
1773321129.19297719,0.04953573,6117,0.00051183,0.00000000,0,0.00000000,31780,31776,53,0.00138631
1773321129.29315090,0.04613293,6093,0.00050560,0.00000000,0,0.00000000,31776,31773,57,0.00113706
1773321129.39297962,0.04591850,6116,0.00059586,0.00000000,0,0.00000000,31773,31768,55,0.00224967
1773321129.49289680,0.04634767,6118,0.00065272,0.00000000,0,0.00000000,31768,31775,60,0.00180260
1773321129.59320092,0.05140509,6081,0.00044261,0.00000000,0,0.00000000,31775,31780,45,0.00175474
1773321129.69298196,0.05048533,5927,0.00054661,0.00000000,0,0.00000000,31780,31787,56,0.00336114
1773321129.78956270,0.04622059,6269,0.00053864,0.00000000,0,0.00000000,31787,31781,58,0.00280145
1773321129.89189029,0.02271234,6112,0.00016927,0.00000000,0,0.00000000,31781,31786,64,0.00295249
1773321129.99297261,0.02712170,6118,0.00015186,0.00000000,0,0.00000000,31786,31787,50,0.00222805
1773321130.09298611,0.04635194,6097,0.00063484,0.00000000,0,0.00000000,31787,31796,54,0.00236115
1773321130.19316220,0.02602611,6113,0.00016600,0.00000000,0,0.00000000,31796,31797,64,0.00256706
1773321130.29309511,0.02379810,6101,0.00034749,0.00000000,0,0.00000000,31797,31797,57,0.00182950
1773321130.39294362,0.02842209,6160,0.00017287,0.00000000,0,0.00000000,31797,31795,49,0.00183897
1773321130.49305129,0.02270569,6132,0.00014077,0.00000000,0,0.00000000,31795,31798,45,0.00205200
1773321130.59311986,0.03402869,6105,0.00084508,0.00000000,0,0.00000000,31798,31803,62,0.00114261
1773321130.69185495,0.03952937,6162,0.00063686,0.00000000,0,0.00000000,31803,31804,51,0.00170627
1773321130.79297018,0.03739732,6162,0.00054442,0.00000000,0,0.00000000,31804,31799,47,0.00128094
1773321130.89297628,0.06811198,6126,0.00065666,0.00000000,0,0.00000000,31799,31805,56,0.00165458
1773321130.99314451,0.04531345,6128,0.00064636,0.00000000,0,0.00000000,31805,31815,71,0.00155095
1773321131.09290743,0.03856083,6154,0.00030519,0.00000000,0,0.00000000,31815,31815,50,0.00127548
1773321131.19305992,0.02891407,6166,0.00016163,0.00000000,0,0.00000000,31815,31817,56,0.00098766
1773321131.29315877,0.03763442,6113,0.00022341,0.00000000,0,0.00000000,31817,31827,66,0.00143790
1773321131.39293957,0.04155884,6136,0.00045641,0.00000000,0,0.00000000,31827,31829,53,0.00212430
1773321131.49297237,0.02768980,6145,0.00024555,0.00000000,0,0.00000000,31829,31832,49,0.00264813
1773321131.59311509,0.03542881,6137,0.00029280,0.00000000,0,0.00000000,31832,31829,59,0.00126501
1773321131.69185495,0.05205492,6112,0.00099753,0.00000000,0,0.00000000,31829,31837,60,0.00168808
1773321131.79296851,0.04231613,6069,0.00025888,0.00000000,0,0.00000000,31837,31833,52,0.00106267
1773321131.89298916,0.03462235,6114,0.00022278,0.00000000,0,0.00000000,31833,31826,58,0.00125593
1773321131.99313450,0.03388242,6088,0.00021461,0.00000000,0,0.00000000,31826,31818,61,0.00103052
1773321132.09306097,0.02852348,6076,0.00018922,0.00000000,0,0.00000000,31818,31824,55,0.00161750
1773321132.19182515,0.02580565,6093,0.00021814,0.00000000,0,0.00000000,31824,31831,64,0.00361102
1773321132.29300475,0.03155303,6106,0.00032303,0.00000000,0,0.00000000,31831,31835,49,0.00113023
1773321132.39302421,0.02964508,6091,0.00017079,0.00000000,0,0.00000000,31835,31835,56,0.00145395
1773321132.49185729,0.02438621,6142,0.00011987,0.00000000,0,0.00000000,31835,31839,53,0.00131285
1773321132.59311342,0.02973181,6059,0.00090145,0.00000000,0,0.00000000,31839,31835,57,0.00081520
1773321132.69303179,0.02711399,6125,0.00022035,0.00000000,0,0.00000000,31835,31841,51,0.00174104
1773321132.79303622,0.02901512,6125,0.00014726,0.00000000,0,0.00000000,31841,31833,45,0.00308295
1773321132.89317274,0.02921417,6095,0.00043283,0.00000000,0,0.00000000,31833,31840,59,0.00141903
1773321132.99315429,0.03346725,6109,0.00019836,0.00000000,0,0.00000000,31840,31846,49,0.00081535
1773321133.09310651,0.03621282,6109,0.00031443,0.00000000,0,0.00000000,31846,31848,49,0.00161764
1773321133.19180918,0.02785030,6138,0.00015708,0.00000000,0,0.00000000,31848,31851,60,0.00099808
1773321133.29311490,0.03342710,6083,0.00043335,0.00000000,0,0.00000000,31851,31848,56,0.00160395
1773321133.39295721,0.03265418,6079,0.00025477,0.00000000,0,0.00000000,31848,31856,52,0.00164516
1773321133.49187207,0.05583306,6093,0.00017659,0.00000000,0,0.00000000,31856,31862,52,0.00260622
1773321133.59304619,0.03397419,6110,0.00061500,0.00000000,0,0.00000000,31862,31864,60,0.00118006
1773321133.69316649,0.03047231,6087,0.00017689,0.00000000,0,0.00000000,31864,31872,70,0.00102921
1773321133.79319692,0.02567826,6101,0.00023720,0.00000000,0,0.00000000,31872,31873,75,0.00182902
1773321133.89297891,0.03237126,6096,0.00016051,0.00000000,0,0.00000000,31873,31869,51,0.00295267
1773321133.99314284,0.02645318,6080,0.00016023,0.00000000,0,0.00000000,31869,31873,60,0.00124258
1773321134.09310055,0.02490238,6009,0.00013765,0.00000000,0,0.00000000,31873,31876,53,0.00122680
1773321134.19187737,0.02388582,6087,0.00017225,0.00000000,0,0.00000000,31876,31873,50,0.00130780
1773321134.29299474,0.04540210,6074,0.00051877,0.00000000,0,0.00000000,31873,31872,49,0.00167267
1773321134.39309740,0.02898810,6114,0.00026166,0.00000000,0,0.00000000,31872,31860,60,0.00108060
1773321134.49313045,0.02304736,6084,0.00014517,0.00000000,0,0.00000000,31860,31867,56,0.00118772
1773321134.59317613,0.02634535,6050,0.00012823,0.00000000,0,0.00000000,31867,31867,55,0.00138018
1773321134.69300222,0.02471054,6101,0.00025322,0.00000000,0,0.00000000,31867,31866,70,0.00162950
1773321134.79302382,0.02984296,6022,0.00031481,0.00000000,0,0.00000000,31866,31866,58,0.00110761
1773321134.89183640,0.02598916,6068,0.00023838,0.00000000,0,0.00000000,31866,31870,84,0.00105815
1773321134.99192548,0.03596218,6073,0.00040270,0.00000000,0,0.00000000,31870,31872,58,0.00090147
1773321135.09304357,0.04033294,6087,0.00054091,0.00000000,0,0.00000000,31872,31862,51,0.00092075
1773321135.19320583,0.03362025,6080,0.00069255,0.00000000,0,0.00000000,31862,31859,53,0.00123323
1773321135.29301691,0.02462926,6081,0.00024389,0.00000000,0,0.00000000,31859,31854,57,0.00203060
1773321135.39323497,0.02721758,5995,0.00013499,0.00000000,0,0.00000000,31854,31859,56,0.00206913
1773321135.49186850,0.02902734,6099,0.00025559,0.00000000,0,0.00000000,31859,31859,51,0.00108870
1773321135.59317327,0.02068147,6113,0.00018263,0.00000000,0,0.00000000,31859,31864,63,0.00174274
1773321135.69308877,0.02642780,6038,0.00015683,0.00000000,0,0.00000000,31864,31865,55,0.00093061
1773321135.79190159,0.04754365,6125,0.00072364,0.00000000,0,0.00000000,31865,31874,63,0.00152391
1773321135.89298129,0.03513156,6074,0.00017612,0.00000000,0,0.00000000,31874,31875,48,0.00114889
1773321135.99314308,0.04011301,6098,0.00057484,0.00000000,0,0.00000000,31875,31881,61,0.00177831
1773321136.09309316,0.02902052,6107,0.00029438,0.00000000,0,0.00000000,31881,31886,69,0.00163867
1773321136.19186306,0.02354835,6080,0.00016741,0.00000000,0,0.00000000,31886,31880,64,0.00111314
1773321136.29301262,0.03202701,6058,0.00020252,0.00000000,0,0.00000000,31880,31884,59,0.00373365
1773321136.39310622,0.02451746,6074,0.00010968,0.00000000,0,0.00000000,31884,31885,54,0.00252406
1773321136.49186039,0.02246068,6083,0.00011644,0.00000000,0,0.00000000,31885,31889,48,0.00136268
1773321136.59187078,0.05558315,6120,0.00274569,0.00000000,0,0.00000000,31889,31887,56,0.00107867
1773321136.69298887,0.06054358,6076,0.00069146,0.00000000,0,0.00000000,31887,31892,53,0.00095223
1773321136.79308891,0.06087776,6112,0.00062526,0.00000000,0,0.00000000,31892,31898,69,0.00120981
1773321136.89312840,0.05002502,6049,0.00035013,0.00000000,0,0.00000000,31898,31900,64,0.00111684
1773321136.99187613,0.03316954,6075,0.00018487,0.00000000,0,0.00000000,31900,31902,50,0.00244567
1773321137.09295440,0.02758916,6077,0.00027653,0.00000000,0,0.00000000,31902,31904,66,0.00311851
1773321137.19306159,0.03606253,6100,0.00014256,0.00000000,0,0.00000000,31904,31909,58,0.00186443
1773321137.29304147,0.02226712,6054,0.00015344,0.00000000,0,0.00000000,31909,31904,72,0.00398686
1773321137.39194131,0.02576070,6092,0.00019676,0.00000000,0,0.00000000,31904,31908,59,0.00366710
1773321137.49306393,0.02994057,6076,0.00020867,0.00000000,0,0.00000000,31908,31910,69,0.00139481
1773321137.59321642,0.03052465,6063,0.00015835,0.00000000,0,0.00000000,31910,31907,59,0.00212707
1773321137.69313502,0.02927524,6063,0.00030144,0.00000000,0,0.00000000,31907,31910,69,0.00130612
1773321137.79323459,0.02818536,6065,0.00017736,0.00000000,0,0.00000000,31910,31914,61,0.00089197
1773321137.89318466,0.02590914,6060,0.00016833,0.00000000,0,0.00000000,31914,31919,48,0.00117193
1773321137.99192023,0.03661665,6051,0.00016030,0.00000000,0,0.00000000,31919,31925,63,0.00207988
1773321138.09303474,0.05071380,6106,0.00086559,0.00000000,0,0.00000000,31925,31933,59,0.00190104
1773321138.19320035,0.03219188,6013,0.00033558,0.00000000,0,0.00000000,31933,31938,54,0.00159006
1773321138.29316449,0.02707848,6056,0.00023571,0.00000000,0,0.00000000,31938,31938,67,0.00110714
1773321138.39192939,0.02725480,6053,0.00027227,0.00000000,0,0.00000000,31938,31942,55,0.00351951
1773321138.49321675,0.03237963,6105,0.00021106,0.00000000,0,0.00000000,31942,31941,59,0.00140495
1773321138.59327412,0.03001517,6046,0.00018325,0.00000000,0,0.00000000,31941,31941,57,0.00197388
1773321138.69324732,0.02598746,6010,0.00021655,0.00000000,0,0.00000000,31941,31938,57,0.00107025
1773321138.79189610,0.05186311,6069,0.00025433,0.00000000,0,0.00000000,31938,31937,67,0.00221166
1773321138.89195848,0.02796129,6074,0.00019347,0.00000000,0,0.00000000,31937,31945,71,0.00106152
1773321138.99310517,0.04847162,6068,0.00050990,0.00000000,0,0.00000000,31945,31947,59,0.00151967
1773321139.09308481,0.02825541,6058,0.00028727,0.00000000,0,0.00000000,31947,31942,58,0.00173627
1773321139.19313884,0.02545985,6041,0.00011062,0.00000000,0,0.00000000,31942,31937,44,0.00145046
1773321139.29305005,0.02932745,6042,0.00040111,0.00000000,0,0.00000000,31937,31914,54,0.00103866
1773321139.39317536,0.03005225,6077,0.00029746,0.00000000,0,0.00000000,31914,31914,51,0.00178886
1773321139.49309826,0.02811360,6035,0.00039045,0.00000000,0,0.00000000,31914,31911,66,0.00154482
1773321139.59189677,0.04540861,6013,0.00019482,0.00000000,0,0.00000000,31911,31917,55,0.00211485
1773321139.69192004,0.04895700,6053,0.00063205,0.00000000,0,0.00000000,31917,31919,69,0.00139235
1773321139.79193187,0.04307268,6080,0.00034342,0.00000000,0,0.00000000,31919,31924,59,0.00160693
1773321139.89302802,0.03070724,6057,0.00056547,0.00000000,0,0.00000000,31924,31922,70,0.00266415
1773321139.99320626,0.02845011,6026,0.00046216,0.00000000,0,0.00000000,31922,31906,85,0.00281635
1773321140.09190226,0.03815286,6076,0.00023115,0.00000000,0,0.00000000,31906,31907,50,0.00415434
1773321140.19187737,0.02715948,6040,0.00029003,0.00000000,0,0.00000000,31907,31909,62,0.00251731
1773321140.29189277,0.02385821,6078,0.00007858,0.00000000,0,0.00000000,31909,31911,45,0.00080106
1773321140.39320850,0.03030282,6066,0.00025213,0.00000000,0,0.00000000,31911,31907,60,0.00088629
1773321140.49324775,0.02827453,6072,0.00024788,0.00000000,0,0.00000000,31907,31909,70,0.00271961
1773321140.59187388,0.04854279,6087,0.00060048,0.00000000,0,0.00000000,31909,31911,62,0.00137126
1773321140.69190598,0.05146084,6078,0.00085302,0.00000000,0,0.00000000,31911,31912,50,0.00133172
1773321140.79193926,0.02858188,6054,0.00086966,0.00000000,0,0.00000000,31912,31916,60,0.00264935
1773321140.89309740,0.03133248,6051,0.00032050,0.00000000,0,0.00000000,31916,31918,55,0.00140211
1773321140.99322224,0.04674122,6033,0.00048263,0.00000000,0,0.00000000,31918,31915,60,0.00316490
1773321141.09297276,0.03678480,6048,0.00035747,0.00000000,0,0.00000000,31915,31919,73,0.00346784
1773321141.19193578,0.02554617,6045,0.00017735,0.00000000,0,0.00000000,31919,31923,61,0.00129571
1773321141.29298472,0.02191122,6069,0.00012573,0.00000000,0,0.00000000,31923,31922,59,0.00109065
1773321141.39311719,0.02890743,6108,0.00020936,0.00000000,0,0.00000000,31922,31925,56,0.00148959
1773321141.49301243,0.02546940,6079,0.00020106,0.00000000,0,0.00000000,31925,31928,65,0.00197916
1773321141.59314585,0.05229331,6059,0.00066411,0.00000000,0,0.00000000,31928,31928,62,0.00101443
1773321141.69309139,0.05306555,6060,0.00056931,0.00000000,0,0.00000000,31928,31935,62,0.00141968
1773321141.79310632,0.05046027,6084,0.00026034,0.00000000,0,0.00000000,31935,31942,76,0.00085606
1773321141.89318895,0.03045431,6052,0.00035900,0.00000000,0,0.00000000,31942,31941,66,0.00086579
1773321141.99192023,0.02780177,6081,0.00039656,0.00000000,0,0.00000000,31941,31939,51,0.00343823
1773321142.09300971,0.02857226,6095,0.00086340,0.00000000,0,0.00000000,31939,31935,64,0.00329038
1773321142.19316196,0.03129811,6065,0.00019173,0.00000000,0,0.00000000,31935,31938,54,0.00205440
1773321142.29314661,0.02602975,6059,0.00023222,0.00000000,0,0.00000000,31938,31930,55,0.00096395
1773321142.39316368,0.02350787,6087,0.00018407,0.00000000,0,0.00000000,31930,31883,61,0.00086308
1773321142.49323440,0.02843170,6091,0.00027163,0.00000000,0,0.00000000,31883,31886,60,0.00235097
1773321142.59305096,0.05007847,6058,0.00071141,0.00000000,0,0.00000000,31886,31886,73,0.00159249
1773321142.69305730,0.05013220,6095,0.00074575,0.00000000,0,0.00000000,31886,31881,67,0.00088447
1773321142.79315758,0.05249668,6072,0.00053016,0.00000000,0,0.00000000,31881,31886,56,0.00104040
1773321142.89303732,0.02810233,6092,0.00016682,0.00000000,0,0.00000000,31886,31888,70,0.00119662
1773321142.99326062,0.02955989,6027,0.00013343,0.00000000,0,0.00000000,31888,31890,55,0.00276256
1773321143.09195638,0.04080589,6076,0.00083086,0.00000000,0,0.00000000,31890,31893,56,0.00184547
1773321143.19201970,0.02499880,6098,0.00028772,0.00000000,0,0.00000000,31893,31897,46,0.00172287
1773321143.29315686,0.02357345,6075,0.00011046,0.00000000,0,0.00000000,31897,31899,52,0.00125841
1773321143.39207315,0.02690105,6089,0.00037072,0.00000000,0,0.00000000,31899,31898,72,0.00166938
1773321143.49337626,0.02969731,6031,0.00021068,0.00000000,0,0.00000000,31898,31901,70,0.00226007
1773321143.59332609,0.03117496,6101,0.00028744,0.00000000,0,0.00000000,31901,31903,60,0.00091394
1773321143.69323754,0.04807770,6062,0.00056138,0.00000000,0,0.00000000,31903,31909,72,0.00116835
1773321143.79331350,0.03031373,6046,0.00022735,0.00000000,0,0.00000000,31909,31917,62,0.00110890
1773321143.89310431,0.03004275,6053,0.00028084,0.00000000,0,0.00000000,31917,31895,61,0.00173126
1773321143.99325347,0.03486646,6048,0.00017558,0.00000000,0,0.00000000,31895,31893,65,0.00081505
1773321144.09303403,0.02787642,6050,0.00024557,0.00000000,0,0.00000000,31893,31889,53,0.00080633
1773321144.19310856,0.02957777,6088,0.00018628,0.00000000,0,0.00000000,31889,31887,65,0.00151899
1773321144.29192424,0.02878176,6092,0.00014871,0.00000000,0,0.00000000,31887,31889,46,0.00109528
1773321144.39314938,0.02379598,6069,0.00010386,0.00000000,0,0.00000000,31889,31891,51,0.00203492
1773321144.49327135,0.02923372,6036,0.00030146,0.00000000,0,0.00000000,31891,31897,55,0.00165818
1773321144.59196281,0.05159889,6039,0.00069435,0.00000000,0,0.00000000,31897,31902,61,0.00104189
1773321144.69313931,0.04947936,6043,0.00055993,0.00000000,0,0.00000000,31902,31904,65,0.00131389
1773321144.79322028,0.05425239,6046,0.00023208,0.00000000,0,0.00000000,31904,31908,60,0.00101490
1773321144.89310122,0.03041146,6075,0.00057755,0.00000000,0,0.00000000,31908,31908,50,0.00090983
1773321144.99320579,0.03213108,6045,0.00047918,0.00000000,0,0.00000000,31908,31908,69,0.00363975
1773321145.09195352,0.03482927,6092,0.00055999,0.00000000,0,0.00000000,31908,31914,58,0.00255345
1773321145.19324183,0.02439499,6019,0.00022140,0.00000000,0,0.00000000,31914,31919,66,0.00298767
1773321145.29313970,0.02474571,6067,0.00047011,0.00000000,0,0.00000000,31919,31922,59,0.00343633
1773321145.39337325,0.02864300,6050,0.00071764,0.00000000,0,0.00000000,31922,31918,48,0.00100378
1773321145.49316072,0.03107163,6079,0.00018873,0.00000000,0,0.00000000,31918,31923,69,0.00136814
1773321145.59316254,0.04902413,6021,0.00053704,0.00000000,0,0.00000000,31923,31928,58,0.00129191
1773321145.69317126,0.05076586,6061,0.00046903,0.00000000,0,0.00000000,31928,31925,49,0.00115395
1773321145.79314899,0.05491908,6042,0.00021026,0.00000000,0,0.00000000,31925,31930,58,0.00108836
1773321145.89194036,0.03916178,6092,0.00054011,0.00000000,0,0.00000000,31930,31935,71,0.00088760
1773321145.99324727,0.03433039,6027,0.00015062,0.00000000,0,0.00000000,31935,31937,53,0.00147887
1773321146.09195256,0.04998962,6030,0.00076249,0.00000000,0,0.00000000,31937,31946,65,0.00166161
1773321146.19195795,0.03653743,6101,0.00028535,0.00000000,0,0.00000000,31946,31934,57,0.00105243
1773321146.29303312,0.02618186,6032,0.00063164,0.00000000,0,0.00000000,31934,31937,70,0.00089698
1773321146.39305615,0.02863155,6087,0.00017200,0.00000000,0,0.00000000,31937,31942,52,0.00119554
1773321146.49324346,0.03242294,6041,0.00017027,0.00000000,0,0.00000000,31942,31941,59,0.00121882
1773321146.59315586,0.03268055,6067,0.00018944,0.00000000,0,0.00000000,31941,31943,60,0.00179163
1773321146.69196153,0.02294553,6103,0.00036765,0.00000000,0,0.00000000,31943,31947,55,0.00095702
1773321146.79214191,0.06323594,6081,0.00064316,0.00000000,0,0.00000000,31947,31949,60,0.00110481
1773321146.89311862,0.03377135,6050,0.00018446,0.00000000,0,0.00000000,31949,31947,67,0.00101514
1773321146.99330878,0.02745384,5999,0.00048804,0.00000000,0,0.00000000,31947,31951,48,0.00132912
1773321147.09196615,0.02363140,6089,0.00013743,0.00000000,0,0.00000000,31951,31959,53,0.00093899
1773321147.19315386,0.03250256,6057,0.00060228,0.00000000,0,0.00000000,31959,31962,63,0.00095602
1773321147.29315305,0.03121079,6076,0.00042683,0.00000000,0,0.00000000,31962,31968,58,0.00270959
1773321147.39334321,0.02924269,6073,0.00017522,0.00000000,0,0.00000000,31968,31976,55,0.00128719
1773321147.49313402,0.02733932,6051,0.00061527,0.00000000,0,0.00000000,31976,31980,68,0.00089602
1773321147.59329939,0.05024868,6020,0.00059886,0.00000000,0,0.00000000,31980,31983,60,0.00084041
1773321147.69196177,0.06435719,6081,0.00057807,0.00000000,0,0.00000000,31983,31987,59,0.00161379
1773321147.79198194,0.03731646,6097,0.00018598,0.00000000,0,0.00000000,31987,31994,59,0.00093653
1773321147.89200354,0.03332161,6064,0.00030076,0.00000000,0,0.00000000,31994,31999,47,0.00092352
1773321147.99317861,0.03222031,6053,0.00045217,0.00000000,0,0.00000000,31999,31999,45,0.00329559
1773321148.09316468,0.04171275,6103,0.00011785,0.00000000,0,0.00000000,31999,32004,54,0.00203170
1773321148.19205713,0.02804843,6064,0.00021078,0.00000000,0,0.00000000,32004,32010,57,0.00321774
1773321148.29326653,0.03232718,6116,0.00043581,0.00000000,0,0.00000000,32010,32019,74,0.00275410
1773321148.39323330,0.02855421,6037,0.00037193,0.00000000,0,0.00000000,32019,32027,57,0.00173912
1773321148.49326515,0.02695820,6100,0.00024313,0.00000000,0,0.00000000,32027,32034,61,0.00301915
1773321148.59324741,0.04883869,6098,0.00051577,0.00000000,0,0.00000000,32034,32029,58,0.00090426
1773321148.69331908,0.05330220,6047,0.00067083,0.00000000,0,0.00000000,32029,32029,61,0.00082987
1773321148.79320097,0.03304018,6021,0.00016441,0.00000000,0,0.00000000,32029,32025,63,0.00084663
1773321148.89201069,0.02701790,6059,0.00035080,0.00000000,0,0.00000000,32025,32025,58,0.00163799
1773321148.99327803,0.04134602,6074,0.00048245,0.00000000,0,0.00000000,32025,32032,55,0.00178000
1773321149.09311891,0.03624830,6080,0.00014514,0.00000000,0,0.00000000,32032,32034,52,0.00230903
1773321149.19326591,0.03263335,6097,0.00063829,0.00000000,0,0.00000000,32034,32034,68,0.00242781
1773321149.29322910,0.03040415,6060,0.00015411,0.00000000,0,0.00000000,32034,32036,55,0.00126399
1773321149.39321113,0.02598790,6035,0.00019716,0.00000000,0,0.00000000,32036,32039,54,0.00078976
1773321149.49200344,0.02824184,6060,0.00029623,0.00000000,0,0.00000000,32039,32048,65,0.00095866
1773321149.59200859,0.04690768,6090,0.00083147,0.00000000,0,0.00000000,32048,32042,73,0.00162546
1773321149.69309473,0.04464726,6072,0.00019334,0.00000000,0,0.00000000,32042,32044,67,0.00150671
1773321149.79310632,0.02438178,6090,0.00019119,0.00000000,0,0.00000000,32044,32035,61,0.00084770
1773321149.89320660,0.02576648,6080,0.00037998,0.00000000,0,0.00000000,32035,32043,55,0.00126995
1773321149.99328613,0.04864088,6005,0.00044456,0.00000000,0,0.00000000,32043,32048,47,0.00327833
1773321150.09200358,0.02698684,6072,0.00021633,0.00000000,0,0.00000000,32048,32054,68,0.00354308
1773321150.19201708,0.03098383,6071,0.00029341,0.00000000,0,0.00000000,32054,32058,66,0.00204964
1773321150.29317784,0.03070796,6078,0.00023295,0.00000000,0,0.00000000,32058,32037,58,0.00131089
1773321150.39320517,0.02612729,6048,0.00016055,0.00000000,0,0.00000000,32037,32032,56,0.00169795
1773321150.49197698,0.02845602,6068,0.00012230,0.00000000,0,0.00000000,32032,32038,45,0.00087268
1773321150.59200001,0.05476893,6055,0.00059190,0.00000000,0,0.00000000,32038,32041,60,0.00175338
1773321150.69199848,0.04952086,6046,0.00061360,0.00000000,0,0.00000000,32041,32043,58,0.00255592
1773321150.79321194,0.05006100,6079,0.00058778,0.00000000,0,0.00000000,32043,32046,55,0.00092330
1773321150.89313364,0.02544514,6087,0.00020070,0.00000000,0,0.00000000,32046,32051,55,0.00169635
1773321150.99316669,0.03103352,6082,0.00017657,0.00000000,0,0.00000000,32051,32047,59,0.00270268
1773321151.09322667,0.04980672,6033,0.00021682,0.00000000,0,0.00000000,32047,32052,59,0.00320708
1773321151.19357085,0.02912815,6085,0.00024969,0.00000000,0,0.00000000,32052,32057,65,0.00302677
1773321151.29312134,0.02638185,6090,0.00021791,0.00000000,0,0.00000000,32057,32051,64,0.00251096
1773321151.39319038,0.02601435,6059,0.00031936,0.00000000,0,0.00000000,32051,32047,59,0.00112413
1773321151.49200773,0.02732804,6106,0.00019378,0.00000000,0,0.00000000,32047,32029,58,0.00122718
1773321151.59313393,0.04756169,6083,0.00080753,0.00000000,0,0.00000000,32029,32034,52,0.00085720
1773321151.69327641,0.05835701,6064,0.00071440,0.00000000,0,0.00000000,32034,32038,54,0.00111732
1773321151.79199028,0.03468630,6108,0.00023341,0.00000000,0,0.00000000,32038,32042,70,0.00086264
1773321151.89321089,0.03422633,6083,0.00020698,0.00000000,0,0.00000000,32042,32045,70,0.00078280
1773321151.99324346,0.04222709,6017,0.00025880,0.00000000,0,0.00000000,32045,32033,56,0.00195046
1773321152.09199739,0.02244241,6069,0.00024286,0.00000000,0,0.00000000,32033,32036,70,0.00270952
1773321152.19311810,0.01967524,6080,0.00011663,0.00000000,0,0.00000000,32036,32042,69,0.00085208
1773321152.29319763,0.02629824,6058,0.00023415,0.00000000,0,0.00000000,32042,32050,65,0.00116799
1773321152.39322853,0.02680483,6023,0.00018875,0.00000000,0,0.00000000,32050,32053,54,0.00280015
1773321152.49202347,0.02874324,6095,0.00023778,0.00000000,0,0.00000000,32053,32057,56,0.00089881
1773321152.59329510,0.04558202,6060,0.00049418,0.00000000,0,0.00000000,32057,32057,66,0.00083947
1773321152.69306421,0.04303793,6084,0.00019758,0.00000000,0,0.00000000,32057,32055,67,0.00088936
1773321152.79323053,0.03033103,6058,0.00016590,0.00000000,0,0.00000000,32055,32061,54,0.00092733
1773321152.89309859,0.02912061,6084,0.00042712,0.00000000,0,0.00000000,32061,32061,65,0.00146643
1773321152.99328208,0.03290395,6077,0.00019449,0.00000000,0,0.00000000,32061,32066,52,0.00231886
1773321153.09323525,0.04631585,6072,0.00083593,0.00000000,0,0.00000000,32066,32070,62,0.00270983
1773321153.19204879,0.02537253,6050,0.00020616,0.00000000,0,0.00000000,32070,32078,66,0.00238218
1773321153.29336095,0.02916302,6045,0.00018118,0.00000000,0,0.00000000,32078,32083,62,0.00288506
1773321153.39209962,0.02890385,6070,0.00014681,0.00000000,0,0.00000000,32083,32082,49,0.00118886
1773321153.49332762,0.02452122,6075,0.00022408,0.00000000,0,0.00000000,32082,32077,73,0.00242717
1773321153.59339952,0.04883717,6048,0.00097439,0.00000000,0,0.00000000,32077,32084,72,0.00114364
1773321153.69331503,0.05405846,6091,0.00047619,0.00000000,0,0.00000000,32084,32079,59,0.00116272
1773321153.79331803,0.02773668,6058,0.00015368,0.00000000,0,0.00000000,32079,32074,65,0.00085392
1773321153.89324546,0.02645106,6053,0.00040213,0.00000000,0,0.00000000,32074,32080,54,0.00083541
1773321153.99199367,0.04385729,5918,0.00014945,0.00000000,0,0.00000000,32080,32081,51,0.00144185
1773321154.09180069,0.03010489,6273,0.00029418,0.00000000,0,0.00000000,32081,32080,53,0.00145558
1773321154.19321823,0.03830834,6075,0.00020139,0.00000000,0,0.00000000,32080,32081,46,0.00215479
1773321154.29202771,0.03482681,6087,0.00060058,0.00000000,0,0.00000000,32081,32089,71,0.00077576
1773321154.39317012,0.04510733,6110,0.00017774,0.00000000,0,0.00000000,32089,32090,57,0.00287904
1773321154.49310088,0.02986064,6070,0.00021360,0.00000000,0,0.00000000,32090,32098,57,0.00209000
1773321154.59319663,0.07992623,6084,0.00524301,0.00000000,0,0.00000000,32098,32092,64,0.00171457
1773321154.69319892,0.10572387,6060,0.00062214,0.00000000,0,0.00000000,32092,32094,59,0.00145944
1773321154.79329848,0.05081372,6070,0.00055216,0.00000000,0,0.00000000,32094,32100,64,0.00102414
1773321154.89201045,0.05558423,6088,0.00020077,0.00000000,0,0.00000000,32100,32103,61,0.00091574
1773321154.99333048,0.02872412,6062,0.00031032,0.00000000,0,0.00000000,32103,32108,53,0.00286321
1773321155.09328842,0.03200142,6022,0.00031113,0.00000000,0,0.00000000,32108,32104,62,0.00297366
1773321155.19321752,0.04721867,6095,0.00044730,0.00000000,0,0.00000000,32104,32107,70,0.00304271
1773321155.29204893,0.05811486,6085,0.00031453,0.00000000,0,0.00000000,32107,32108,73,0.00264426
1773321155.39321494,0.03177079,6070,0.00032649,0.00000000,0,0.00000000,32108,32114,74,0.00302318
1773321155.49324489,0.03217400,6047,0.00022948,0.00000000,0,0.00000000,32114,32111,56,0.00112421
1773321155.59208727,0.06270660,6069,0.00027440,0.00000000,0,0.00000000,32111,32117,51,0.00140171
1773321155.69329953,0.04147161,6038,0.00028898,0.00000000,0,0.00000000,32117,32118,66,0.00355125
1773321155.79204130,0.04261666,6062,0.00023062,0.00000000,0,0.00000000,32118,32119,54,0.00163234
1773321155.89204836,0.02938329,6071,0.00012793,0.00000000,0,0.00000000,32119,32123,51,0.00131490
1773321155.99328208,0.02716780,6085,0.00023430,0.00000000,0,0.00000000,32123,32124,59,0.00171751
1773321156.09331346,0.03932144,6079,0.00019631,0.00000000,0,0.00000000,32124,32124,63,0.00148993
1773321156.19201183,0.04156991,6064,0.00070946,0.00000000,0,0.00000000,32124,32113,62,0.00109880
1773321156.29203296,0.02623943,6078,0.00020010,0.00000000,0,0.00000000,32113,32119,58,0.00130330
1773321156.39321184,0.02892732,6081,0.00036885,0.00000000,0,0.00000000,32119,32108,61,0.00122628
1773321156.49317241,0.03311606,6027,0.00018333,0.00000000,0,0.00000000,32108,32111,62,0.00284168
1773321156.59209323,0.02525342,6036,0.00025142,0.00000000,0,0.00000000,32111,32111,64,0.00083600
1773321156.69323564,0.02424734,6106,0.00016392,0.00000000,0,0.00000000,32111,32113,56,0.00090565
1773321156.79207420,0.02693542,6061,0.00047408,0.00000000,0,0.00000000,32113,32119,65,0.00091046
1773321156.89314175,0.04299502,6043,0.00071235,0.00000000,0,0.00000000,32119,32097,60,0.00217212
1773321156.99332309,0.02926717,6085,0.00040077,0.00000000,0,0.00000000,32097,32090,54,0.00137512
1773321157.09329176,0.03939150,6002,0.00026519,0.00000000,0,0.00000000,32090,32087,57,0.00165887
1773321157.19203043,0.03097893,6073,0.00017239,0.00000000,0,0.00000000,32087,32092,63,0.00109141
1773321157.29327440,0.02872092,6038,0.00026436,0.00000000,0,0.00000000,32092,32094,61,0.00158959
1773321157.39324331,0.02450812,6050,0.00030239,0.00000000,0,0.00000000,32094,32096,56,0.00082195
1773321157.49208617,0.02401135,6057,0.00028325,0.00000000,0,0.00000000,32096,32089,56,0.00277822
1773321157.59317446,0.05022758,6075,0.00073298,0.00000000,0,0.00000000,32089,32082,67,0.00155169
1773321157.69320011,0.04855740,6080,0.00069862,0.00000000,0,0.00000000,32082,32083,68,0.00136334
1773321157.79330540,0.03266649,6055,0.00015070,0.00000000,0,0.00000000,32083,32088,56,0.00092883
1773321157.89207959,0.03038643,6126,0.00065610,0.00000000,0,0.00000000,32088,32084,67,0.00091460
1773321157.99341583,0.04521249,6057,0.00042314,0.00000000,0,0.00000000,32084,32089,56,0.00089714
1773321158.09346461,0.02405389,6059,0.00038866,0.00000000,0,0.00000000,32089,32089,66,0.00192649
1773321158.19223285,0.02826115,6068,0.00023851,0.00000000,0,0.00000000,32089,32098,61,0.00182138
1773321158.29326892,0.03129022,6051,0.00022191,0.00000000,0,0.00000000,32098,32092,54,0.00081750
1773321158.39193106,0.02763810,6100,0.00027019,0.00000000,0,0.00000000,32092,32085,55,0.00159605
1773321158.49320078,0.02845721,6098,0.00013394,0.00000000,0,0.00000000,32085,32083,66,0.00087859
1773321158.59352660,0.04955023,6048,0.00069355,0.00000000,0,0.00000000,32083,32093,68,0.00128201
1773321158.69327021,0.04924908,6047,0.00066436,0.00000000,0,0.00000000,32093,32096,52,0.00118163
1773321158.79333997,0.04558860,6032,0.00022310,0.00000000,0,0.00000000,32096,32095,59,0.00124763
1773321158.89214230,0.02688913,6091,0.00019268,0.00000000,0,0.00000000,32095,32098,66,0.00145146
1773321158.99326563,0.03290687,6081,0.00020618,0.00000000,0,0.00000000,32098,32096,66,0.00256240
1773321159.09326077,0.04104574,6091,0.00062073,0.00000000,0,0.00000000,32096,32101,67,0.00192415
1773321159.19335628,0.03212520,6087,0.00015433,0.00000000,0,0.00000000,32101,32096,62,0.00273011
1773321159.29335237,0.02647457,6016,0.00026606,0.00000000,0,0.00000000,32096,32104,69,0.00238238
1773321159.39323497,0.02585057,6059,0.00035221,0.00000000,0,0.00000000,32104,32102,57,0.00094599
1773321159.49326634,0.02558716,5976,0.00020177,0.00000000,0,0.00000000,32102,32094,53,0.00101872
1773321159.59127116,0.02982013,6087,0.00058020,0.00000000,0,0.00000000,32094,32099,68,0.00085663
1773321159.69205546,0.04431961,6083,0.00053526,0.00000000,0,0.00000000,32099,32104,51,0.00098716
1773321159.79341173,0.04675497,6050,0.00086413,0.00000000,0,0.00000000,32104,32081,52,0.00150933
1773321159.89338112,0.02579875,6016,0.00026274,0.00000000,0,0.00000000,32081,32086,52,0.00113319
1773321159.99207997,0.03181157,6055,0.00011511,0.00000000,0,0.00000000,32086,32088,62,0.00074418
1773321160.09333420,0.02497181,6071,0.00080613,0.00000000,0,0.00000000,32088,32089,59,0.00119165
1773321160.19334364,0.02388386,6069,0.00018270,0.00000000,0,0.00000000,32089,32084,57,0.00271143
1773321160.29325294,0.03034661,6013,0.00018492,0.00000000,0,0.00000000,32084,32074,63,0.00088114
1773321160.39326262,0.02641324,6045,0.00029034,0.00000000,0,0.00000000,32074,32077,58,0.00177547
1773321160.49324799,0.02758336,6019,0.00013940,0.00000000,0,0.00000000,32077,32080,57,0.00090571
1773321160.59205818,0.04762334,6109,0.00105630,0.00000000,0,0.00000000,32080,32072,59,0.00088686
1773321160.69207525,0.02843102,6065,0.00016373,0.00000000,0,0.00000000,32072,32075,69,0.00099437
1773321160.79328489,0.02131110,6104,0.00024413,0.00000000,0,0.00000000,32075,32064,63,0.00104889
1773321160.89332438,0.02216252,6061,0.00015317,0.00000000,0,0.00000000,32064,32048,62,0.00161318
1773321160.99382520,0.02142430,6056,0.00011150,0.00000000,0,0.00000000,32048,32050,50,0.00284706
1773321161.09324837,0.02265962,6079,0.00015669,0.00000000,0,0.00000000,32050,32058,65,0.00348923
1773321161.19330859,0.02533635,6059,0.00017025,0.00000000,0,0.00000000,32058,32060,63,0.00419125
1773321161.29208159,0.02303867,6074,0.00023277,0.00000000,0,0.00000000,32060,32047,48,0.00246158
1773321161.39324808,0.02013705,5977,0.00011989,0.00000000,0,0.00000000,32047,32046,49,0.00085724
1773321161.49207520,0.02806356,6143,0.00016890,0.00000000,0,0.00000000,32046,32047,65,0.00135501
1773321161.59202433,0.02219984,6084,0.00017596,0.00000000,0,0.00000000,32047,32052,69,0.00108562
1773321161.69315553,0.03558100,6101,0.00050241,0.00000000,0,0.00000000,32052,32056,62,0.00097750
1773321161.79324841,0.03487403,6068,0.00016397,0.00000000,0,0.00000000,32056,32058,62,0.00110584
1773321161.89333701,0.03051562,6046,0.00022324,0.00000000,0,0.00000000,32058,32059,63,0.00092508
1773321161.99333572,0.02854270,6015,0.00018957,0.00000000,0,0.00000000,32059,32065,48,0.00080234
1773321162.09209847,0.02406863,6079,0.00020924,0.00000000,0,0.00000000,32065,32060,58,0.00095659
1773321162.19210744,0.02917221,6064,0.00020908,0.00000000,0,0.00000000,32060,32068,57,0.00222592
1773321162.29327631,0.02646439,6069,0.00016583,0.00000000,0,0.00000000,32068,32068,55,0.00086396
1773321162.39337349,0.02695514,6061,0.00020285,0.00000000,0,0.00000000,32068,32070,57,0.00183385
1773321162.49210620,0.02301135,6040,0.00024743,0.00000000,0,0.00000000,32070,32059,72,0.00084076
1773321162.59326243,0.05882557,6057,0.00058358,0.00000000,0,0.00000000,32059,32058,56,0.00094218
1773321162.69325352,0.04763552,6105,0.00076542,0.00000000,0,0.00000000,32058,32063,77,0.00094288
1773321162.79333186,0.04238449,6079,0.00018802,0.00000000,0,0.00000000,32063,32045,52,0.00162598
1773321162.89332581,0.02230909,6079,0.00015959,0.00000000,0,0.00000000,32045,32044,57,0.00085446
1773321162.99334764,0.02670879,6076,0.00017423,0.00000000,0,0.00000000,32044,32043,60,0.00234751
1773321163.09328532,0.03789840,6061,0.00039830,0.00000000,0,0.00000000,32043,32035,45,0.00223861
1773321163.19208503,0.02837357,6091,0.00015597,0.00000000,0,0.00000000,32035,32037,59,0.00179770
1773321163.29315281,0.02983267,6096,0.00024823,0.00000000,0,0.00000000,32037,32029,59,0.00130327
1773321163.39317989,0.02463839,6069,0.00026190,0.00000000,0,0.00000000,32029,32032,50,0.00082226
1773321163.49215508,0.02541521,6089,0.00017670,0.00000000,0,0.00000000,32032,32037,62,0.00088939
1773321163.59327912,0.02629466,6046,0.00019768,0.00000000,0,0.00000000,32037,32038,48,0.00089338
1773321163.69196105,0.04513023,6079,0.00055030,0.00000000,0,0.00000000,32038,32046,63,0.00087156
1773321163.79177403,0.05161964,6119,0.00049586,0.00000000,0,0.00000000,32046,32050,59,0.00078112
1773321163.89330935,0.05052699,6070,0.00069672,0.00000000,0,0.00000000,32050,32055,52,0.00159158
1773321163.99329662,0.02180344,6054,0.00013837,0.00000000,0,0.00000000,32055,32057,55,0.00104013
1773321164.09332299,0.04758961,6043,0.00016723,0.00000000,0,0.00000000,32057,32060,56,0.00102334
1773321164.19213986,0.03273756,6078,0.00023678,0.00000000,0,0.00000000,32060,32066,63,0.00238734
1773321164.29324603,0.02654659,6051,0.00017273,0.00000000,0,0.00000000,32066,32065,71,0.00304478
1773321164.39335656,0.02724739,6045,0.00022816,0.00000000,0,0.00000000,32065,32064,60,0.00141354
1773321164.49328184,0.02475055,6028,0.00015936,0.00000000,0,0.00000000,32064,32067,67,0.00290069
1773321164.59208298,0.04511273,6019,0.00060383,0.00000000,0,0.00000000,32067,32066,57,0.00156797
1773321164.69211602,0.05637749,6074,0.00067206,0.00000000,0,0.00000000,32066,32070,76,0.00094155
1773321164.79323649,0.03939092,6044,0.00050589,0.00000000,0,0.00000000,32070,32046,61,0.00093967
1773321164.89330840,0.02668604,6050,0.00036641,0.00000000,0,0.00000000,32046,32007,78,0.00084835
1773321164.99211407,0.04067857,6053,0.00051176,0.00000000,0,0.00000000,32007,32014,56,0.00220624
1773321165.09213114,0.02458858,6096,0.00020940,0.00000000,0,0.00000000,32014,32019,63,0.00184616
1773321165.19324064,0.02465667,6050,0.00024413,0.00000000,0,0.00000000,32019,32027,57,0.00372786
1773321165.29333329,0.02023047,6098,0.00015473,0.00000000,0,0.00000000,32027,32025,51,0.00110103
1773321165.39331841,0.02419308,6076,0.00015153,0.00000000,0,0.00000000,32025,32028,55,0.00162054
1773321165.49211025,0.02634187,6072,0.00014047,0.00000000,0,0.00000000,32028,32028,62,0.00074810
1773321165.59214473,0.04808211,6094,0.00057900,0.00000000,0,0.00000000,32028,32032,61,0.00085034
1773321165.69328904,0.04879753,6038,0.00054645,0.00000000,0,0.00000000,32032,32037,51,0.00081320
1773321165.79210901,0.03389809,6067,0.00014340,0.00000000,0,0.00000000,32037,32037,62,0.00081462
1773321165.89210343,0.02663142,6045,0.00014767,0.00000000,0,0.00000000,32037,32038,50,0.00087316
1773321165.99213600,0.02079988,6073,0.00035867,0.00000000,0,0.00000000,32038,31990,58,0.00231835
1773321166.09320164,0.03888969,6078,0.00038385,0.00000000,0,0.00000000,31990,31994,48,0.00199905
1773321166.19332290,0.02360847,6051,0.00017762,0.00000000,0,0.00000000,31994,31998,56,0.00140833
1773321166.29332900,0.02700478,6078,0.00016505,0.00000000,0,0.00000000,31998,32007,60,0.00247887
1773321166.39227557,0.02698909,6006,0.00026601,0.00000000,0,0.00000000,32007,31996,72,0.00084166
1773321166.49134302,0.04421302,6146,0.00052977,0.00000000,0,0.00000000,31996,31999,68,0.00351204
1773321166.59213400,0.05340384,6146,0.00046205,0.00000000,0,0.00000000,31999,32001,65,0.00076503
1773321166.69551659,0.03324725,6146,0.00016130,0.00000000,0,0.00000000,32001,31995,65,0.00168855
1773321166.79203677,0.02528538,6146,0.00023319,0.00000000,0,0.00000000,31995,31995,64,0.00081689
1773321166.89331365,0.02716432,6146,0.00010845,0.00000000,0,0.00000000,31995,31995,64,0.00150916
1773321166.99212027,0.02821736,6146,0.00048880,0.00000000,0,0.00000000,31995,31995,64,0.00356260
1773321167.09213853,0.04028291,6146,0.00019119,0.00000000,0,0.00000000,31995,31995,64,0.00247880
1773321167.19323945,0.02221682,6146,0.00016727,0.00000000,0,0.00000000,31995,31995,64,0.00160936
1773321167.29333401,0.01791612,6146,0.00009352,0.00000000,0,0.00000000,31995,31995,64,0.00083255
1773321167.39215255,0.01673660,6146,0.00010725,0.00000000,0,0.00000000,31995,31995,64,0.00163651
1773321167.49331379,0.02269957,6146,0.00037585,0.00000000,0,0.00000000,31995,31995,64,0.00095190
1773321167.59330559,0.01842529,6146,0.00016762,0.00000000,0,0.00000000,31995,31995,64,0.00102064
1773321167.69331932,0.02460281,6027,0.00115542,0.00000000,0,0.00000000,31995,31981,179,0.00096391
1773321167.79334164,0.02435622,6097,0.00044154,0.00000000,0,0.00000000,31981,31980,73,0.00093871
1773321167.89343572,0.02338954,6069,0.00021078,0.00000000,0,0.00000000,31980,31988,75,0.00094009
1773321167.99213982,0.02198164,6075,0.00016163,0.00000000,0,0.00000000,31988,31991,61,0.00305953
1773321168.09323859,0.01977540,6083,0.00022320,0.00000000,0,0.00000000,31991,31995,71,0.00357798
1773321168.19221640,0.03001737,6074,0.00051742,0.00000000,0,0.00000000,31995,32003,54,0.00255408
1773321168.29336715,0.03268452,6071,0.00018118,0.00000000,0,0.00000000,32003,32007,50,0.00321766
1773321168.39202332,0.03029348,6039,0.00012333,0.00000000,0,0.00000000,32007,32009,45,0.00116491
1773321168.49212265,0.02748544,6069,0.00019203,0.00000000,0,0.00000000,32009,32013,60,0.00230515
1773321168.59343624,0.02841066,6095,0.00038042,0.00000000,0,0.00000000,32013,32020,63,0.00082859
1773321168.69340968,0.02461910,6059,0.00013505,0.00000000,0,0.00000000,32020,32019,61,0.00137780
1773321168.79353762,0.05016388,6045,0.00047796,0.00000000,0,0.00000000,32019,32026,57,0.00222144
1773321168.89221168,0.02836540,6066,0.00015750,0.00000000,0,0.00000000,32026,32023,57,0.00153516
1773321168.99336696,0.03081001,6065,0.00018329,0.00000000,0,0.00000000,32023,32023,82,0.00115722
1773321169.09342480,0.03023848,6047,0.00016237,0.00000000,0,0.00000000,32023,32022,55,0.00092675
1773321169.19216251,0.02729184,6060,0.00015921,0.00000000,0,0.00000000,32022,32023,66,0.00108958
1773321169.29327607,0.02727478,6067,0.00023040,0.00000000,0,0.00000000,32023,32019,48,0.00080319
1773321169.39335918,0.02604121,6069,0.00013030,0.00000000,0,0.00000000,32019,32016,62,0.00233081
1773321169.49341488,0.02449685,6050,0.00014360,0.00000000,0,0.00000000,32016,32023,53,0.00111129
1773321169.59330893,0.05694581,6068,0.00085196,0.00000000,0,0.00000000,32023,32011,74,0.00124302
1773321169.69342661,0.04742024,6050,0.00070614,0.00000000,0,0.00000000,32011,32007,66,0.00146781
1773321169.79214787,0.04560194,6078,0.00042626,0.00000000,0,0.00000000,32007,32014,60,0.00085933
1773321169.89325333,0.05333667,6076,0.00048617,0.00000000,0,0.00000000,32014,32017,62,0.00100672
1773321169.99335766,0.03325766,6075,0.00012544,0.00000000,0,0.00000000,32017,32021,57,0.00304052
1773321170.09327769,0.03719241,6026,0.00020835,0.00000000,0,0.00000000,32021,32022,59,0.00258890
1773321170.19208407,0.04388658,6129,0.00066461,0.00000000,0,0.00000000,32022,32018,53,0.00205035
1773321170.29332209,0.02170770,6019,0.00025432,0.00000000,0,0.00000000,32018,32020,47,0.00437448
1773321170.39216328,0.03434957,6076,0.00038415,0.00000000,0,0.00000000,32020,32006,59,0.00259711
1773321170.49325466,0.02461103,6066,0.00017946,0.00000000,0,0.00000000,32006,32007,54,0.00170475
1773321170.59331703,0.03804341,6084,0.00062987,0.00000000,0,0.00000000,32007,32011,66,0.00211501
1773321170.69328070,0.03505942,6085,0.00028754,0.00000000,0,0.00000000,32011,32013,62,0.00126990
1773321170.79335499,0.03522995,6037,0.00029262,0.00000000,0,0.00000000,32013,32008,66,0.00174742
1773321170.89214921,0.05236152,6073,0.00066105,0.00000000,0,0.00000000,32008,32013,61,0.00382107
1773321170.99216270,0.02660707,6085,0.00015421,0.00000000,0,0.00000000,32013,32016,56,0.00193602
1773321171.09330702,0.04392486,5997,0.00018566,0.00000000,0,0.00000000,32016,32016,54,0.00092602
1773321171.19213748,0.02849597,6059,0.00012420,0.00000000,0,0.00000000,32016,32015,55,0.00166509
1773321171.29218268,0.02764926,6073,0.00023201,0.00000000,0,0.00000000,32015,32015,61,0.00118084
1773321171.39208007,0.02977824,6026,0.00012377,0.00000000,0,0.00000000,32015,32018,58,0.00274582
1773321171.49214625,0.02559952,6056,0.00016341,0.00000000,0,0.00000000,32018,32014,71,0.00268781
1773321171.59329247,0.04497853,6050,0.00057049,0.00000000,0,0.00000000,32014,32017,53,0.00107381
1773321171.69340706,0.04527254,6070,0.00055057,0.00000000,0,0.00000000,32017,32014,54,0.00101024
1773321171.79217315,0.05897173,6072,0.00043478,0.00000000,0,0.00000000,32014,32015,48,0.00087953
1773321171.89220667,0.02909133,6066,0.00016827,0.00000000,0,0.00000000,32015,32016,58,0.00327572
1773321171.99372149,0.03029130,6092,0.00015667,0.00000000,0,0.00000000,32016,32024,62,0.00177098
1773321172.09328556,0.02453578,6090,0.00014842,0.00000000,0,0.00000000,32024,32028,55,0.00191267
1773321172.19332719,0.02281507,6080,0.00017199,0.00000000,0,0.00000000,32028,32027,71,0.00180495
1773321172.29338622,0.02465080,6027,0.00014327,0.00000000,0,0.00000000,32027,32021,47,0.00211770
1773321172.39221358,0.02799634,6088,0.00018352,0.00000000,0,0.00000000,32021,32028,65,0.00134542
1773321172.49323010,0.02250831,6090,0.00024575,0.00000000,0,0.00000000,32028,32026,69,0.00093343
1773321172.59346032,0.04584384,6025,0.00044577,0.00000000,0,0.00000000,32026,32032,59,0.00258939
1773321172.69215560,0.05632978,6120,0.00052150,0.00000000,0,0.00000000,32032,32038,45,0.00154901
1773321172.79337358,0.04594325,6111,0.00022757,0.00000000,0,0.00000000,32038,32035,65,0.00169470
1773321172.89334893,0.03350614,6029,0.00026951,0.00000000,0,0.00000000,32035,32028,50,0.00273815
1773321172.99218464,0.02947453,6096,0.00073087,0.00000000,0,0.00000000,32028,32028,63,0.00193008
1773321173.09454322,0.03239417,6078,0.00023382,0.00000000,0,0.00000000,32028,32024,47,0.00190081
1773321173.19326806,0.02036583,6057,0.00012871,0.00000000,0,0.00000000,32024,32032,52,0.00316161
1773321173.29215693,0.02562004,6122,0.00019284,0.00000000,0,0.00000000,32032,32034,50,0.00324755
1773321173.39347935,0.02733246,6045,0.00009793,0.00000000,0,0.00000000,32034,32036,50,0.00171729
1773321173.49219441,0.02698620,6013,0.00018398,0.00000000,0,0.00000000,32036,32039,55,0.00272757
1773321173.59338665,0.05193341,6070,0.00058335,0.00000000,0,0.00000000,32039,32039,60,0.00119308
1773321173.69336152,0.04784248,6062,0.00070233,0.00000000,0,0.00000000,32039,32043,66,0.00105584
1773321173.79343438,0.03733209,6091,0.00014215,0.00000000,0,0.00000000,32043,32041,51,0.00132268
1773321173.89336324,0.02822000,6049,0.00032763,0.00000000,0,0.00000000,32041,32041,58,0.00244957
1773321173.99219799,0.04150164,6072,0.00022141,0.00000000,0,0.00000000,32041,32047,83,0.00209712
1773321174.09354210,0.02443300,6059,0.00019943,0.00000000,0,0.00000000,32047,32038,63,0.00245395
1773321174.19327545,0.02195322,6059,0.00013321,0.00000000,0,0.00000000,32038,32037,61,0.00273783
1773321174.29333782,0.02472607,6041,0.00025130,0.00000000,0,0.00000000,32037,32032,71,0.00092139
1773321174.39215899,0.02387418,6075,0.00014306,0.00000000,0,0.00000000,32032,32037,67,0.00286573
1773321174.49338198,0.02321374,6042,0.00028982,0.00000000,0,0.00000000,32037,32038,44,0.00128956
1773321174.59340119,0.04362941,5986,0.00057889,0.00000000,0,0.00000000,32038,32038,52,0.00121822
1773321174.69218683,0.04457131,6058,0.00043063,0.00000000,0,0.00000000,32038,32041,59,0.00108983
1773321174.79327393,0.04338261,6032,0.00057078,0.00000000,0,0.00000000,32041,32046,65,0.00129763
1773321174.89333558,0.04430232,6097,0.00066465,0.00000000,0,0.00000000,32046,32054,61,0.00132545
1773321174.99339294,0.04209565,6031,0.00049017,0.00000000,0,0.00000000,32054,32054,57,0.00224370
1773321175.09219050,0.04204265,6105,0.00059273,0.00000000,0,0.00000000,32054,32048,54,0.00304660
1773321175.19344640,0.04392289,6010,0.00101103,0.00000000,0,0.00000000,32048,32048,70,0.00269851
1773321175.29330373,0.04744940,6062,0.00046405,0.00000000,0,0.00000000,32048,32039,49,0.00314281
1773321175.39350963,0.04179930,6017,0.00040959,0.00000000,0,0.00000000,32039,32041,60,0.00260377
1773321175.49217463,0.04885310,6083,0.00083344,0.00000000,0,0.00000000,32041,32023,63,0.00311906
1773321175.59226346,0.04352306,6038,0.00055367,0.00000000,0,0.00000000,32023,32020,67,0.00319571
1773321175.69336367,0.03503770,6047,0.00018355,0.00000000,0,0.00000000,32020,32020,55,0.00259381
1773321175.79337978,0.02357104,6032,0.00018446,0.00000000,0,0.00000000,32020,32013,61,0.00192924
1773321175.89336586,0.02398662,6098,0.00032301,0.00000000,0,0.00000000,32013,32004,64,0.00213146
1773321175.99216747,0.02550695,6044,0.00048897,0.00000000,0,0.00000000,32004,31997,56,0.00349100
1773321176.09218740,0.03181518,6052,0.00015405,0.00000000,0,0.00000000,31997,32003,62,0.00264073
1773321176.19332623,0.02765147,6087,0.00021662,0.00000000,0,0.00000000,32003,32006,53,0.00161762
1773321176.29328275,0.02746258,6109,0.00013666,0.00000000,0,0.00000000,32006,32011,62,0.00312194
1773321176.39338374,0.03456415,6089,0.00030651,0.00000000,0,0.00000000,32011,31982,55,0.00109390
1773321176.49330115,0.03286815,6104,0.00037773,0.00000000,0,0.00000000,31982,31986,64,0.00163161
1773321176.59338284,0.02215661,6098,0.00018494,0.00000000,0,0.00000000,31986,31991,60,0.00086737
1773321176.69337726,0.03737381,6057,0.00055296,0.00000000,0,0.00000000,31991,32002,64,0.00106812
1773321176.79218245,0.03097916,6101,0.00022200,0.00000000,0,0.00000000,32002,31991,80,0.00179448
1773321176.89225745,0.02140868,6112,0.00036436,0.00000000,0,0.00000000,31991,31993,62,0.00131538
1773321176.99339223,0.02299325,6088,0.00016309,0.00000000,0,0.00000000,31993,31997,58,0.00082514
1773321177.09333777,0.02860392,6073,0.00028573,0.00000000,0,0.00000000,31997,31994,71,0.00072820
1773321177.19219851,0.02755040,6096,0.00033512,0.00000000,0,0.00000000,31994,31998,56,0.00155216
1773321177.29220843,0.02512749,6076,0.00022473,0.00000000,0,0.00000000,31998,31998,53,0.00083357
1773321177.39209104,0.02065395,6103,0.00016488,0.00000000,0,0.00000000,31998,31994,75,0.00094087
1773321177.49342418,0.02371307,6161,0.00015929,0.00000000,0,0.00000000,31994,31993,63,0.00157704
1773321177.59343672,0.02544373,6041,0.00022658,0.00000000,0,0.00000000,31993,31998,52,0.00120429
1773321177.69325066,0.03109636,6063,0.00022268,0.00000000,0,0.00000000,31998,31996,58,0.00130869
1773321177.79337525,0.02338806,6043,0.00026407,0.00000000,0,0.00000000,31996,31992,50,0.00149662
1773321177.89334679,0.02424278,6008,0.00012975,0.00000000,0,0.00000000,31992,31999,65,0.00110512
1773321177.99220777,0.02788501,6114,0.00032337,0.00000000,0,0.00000000,31999,32003,63,0.00172130
1773321178.09339070,0.02085488,5968,0.00018602,0.00000000,0,0.00000000,32003,32008,60,0.00146319
1773321178.19247723,0.02292508,6126,0.00019102,0.00000000,0,0.00000000,32008,32015,54,0.00139617
1773321178.29228163,0.02474046,6089,0.00017272,0.00000000,0,0.00000000,32015,32017,53,0.00113907
1773321178.39453840,0.03588496,6061,0.00024115,0.00000000,0,0.00000000,32017,32021,62,0.00099483
1773321178.49232435,0.01950807,6068,0.00018098,0.00000000,0,0.00000000,32021,32029,61,0.00109412
1773321178.59341669,0.02772284,6091,0.00066417,0.00000000,0,0.00000000,32029,32037,52,0.00186899
1773321178.69338608,0.02524428,6068,0.00027063,0.00000000,0,0.00000000,32037,32041,79,0.00135742
1773321178.79199243,0.02654262,6086,0.00016346,0.00000000,0,0.00000000,32041,32038,62,0.00253814
1773321178.89373112,0.02552404,6066,0.00012355,0.00000000,0,0.00000000,32038,32037,67,0.00107293
1773321178.99340725,0.02450184,6066,0.00013738,0.00000000,0,0.00000000,32037,32045,63,0.00173466
1773321179.09342504,0.02647654,6101,0.00055604,0.00000000,0,0.00000000,32045,32046,55,0.00181251
1773321179.19339442,0.04473090,6086,0.00032016,0.00000000,0,0.00000000,32046,32050,60,0.00094841
1773321179.29342294,0.02574673,6095,0.00018571,0.00000000,0,0.00000000,32050,32053,56,0.00087119
1773321179.39341593,0.02812371,6056,0.00014147,0.00000000,0,0.00000000,32053,32056,58,0.00134314
1773321179.49340391,0.02300927,6054,0.00022436,0.00000000,0,0.00000000,32056,32031,83,0.00158977
1773321179.59342813,0.02495020,6053,0.00021781,0.00000000,0,0.00000000,32031,32036,64,0.00207155
1773321179.69219947,0.02689151,6118,0.00014577,0.00000000,0,0.00000000,32036,32035,52,0.00159234
1773321179.79234004,0.02752375,6094,0.00015182,0.00000000,0,0.00000000,32035,32036,55,0.00112089
1773321179.89331365,0.03921751,6033,0.00054844,0.00000000,0,0.00000000,32036,32038,50,0.00087221
1773321179.99343848,0.02281707,6055,0.00029132,0.00000000,0,0.00000000,32038,32045,67,0.00083227
1773321180.09344149,0.02358373,6050,0.00013310,0.00000000,0,0.00000000,32045,32051,66,0.00120308
1773321180.19221187,0.03120576,6100,0.00024188,0.00000000,0,0.00000000,32051,32056,58,0.00097841
1773321180.29223299,0.02120103,6067,0.00015634,0.00000000,0,0.00000000,32056,32053,58,0.00133844
1773321180.39225388,0.02071989,6052,0.00016451,0.00000000,0,0.00000000,32053,32036,55,0.00087944
1773321180.49333167,0.01885252,6068,0.00018130,0.00000000,0,0.00000000,32036,32038,56,0.00325306
1773321180.59334278,0.04949499,6038,0.00042064,0.00000000,0,0.00000000,32038,32042,46,0.00164196
1773321180.69334769,0.05865087,6058,0.00055534,0.00000000,0,0.00000000,32042,32045,53,0.00116702
1773321180.79337788,0.03806803,6043,0.00019299,0.00000000,0,0.00000000,32045,32052,62,0.00106883
1773321180.89348125,0.03155760,6095,0.00028523,0.00000000,0,0.00000000,32052,32060,62,0.00087867
1773321180.99350691,0.02713295,5999,0.00055381,0.00000000,0,0.00000000,32060,32062,60,0.00309877
1773321181.09223199,0.02643069,6067,0.00011485,0.00000000,0,0.00000000,32062,32061,55,0.00574529
1773321181.19341755,0.03145226,6115,0.00033321,0.00000000,0,0.00000000,32061,32062,58,0.00340774
1773321181.29338384,0.02545932,6049,0.00010344,0.00000000,0,0.00000000,32062,32065,52,0.00189086
1773321181.39346361,0.02532178,6054,0.00016433,0.00000000,0,0.00000000,32065,32070,60,0.00100773
1773321181.49221826,0.02288666,6061,0.00014257,0.00000000,0,0.00000000,32070,32075,75,0.00142256
1773321181.59229946,0.04593511,6055,0.00060935,0.00000000,0,0.00000000,32075,32074,58,0.00168626
1773321181.69335127,0.04497817,6058,0.00081520,0.00000000,0,0.00000000,32074,32072,68,0.00179389
1773321181.79342270,0.04317915,6012,0.00038425,0.00000000,0,0.00000000,32072,32082,65,0.00140915
1773321181.89221787,0.02394568,6068,0.00013580,0.00000000,0,0.00000000,32082,32086,59,0.00088280
1773321181.99232507,0.02881007,6095,0.00088770,0.00000000,0,0.00000000,32086,32094,59,0.00325466
1773321182.09349012,0.03402280,6028,0.00018763,0.00000000,0,0.00000000,32094,32092,51,0.00250061
1773321182.19226003,0.02085081,6091,0.00020366,0.00000000,0,0.00000000,32092,32095,61,0.00274322
1773321182.29222012,0.02227493,6074,0.00010071,0.00000000,0,0.00000000,32095,32095,52,0.00184110
1773321182.39224148,0.02488155,6071,0.00021846,0.00000000,0,0.00000000,32095,32088,54,0.00115480
1773321182.49225736,0.02525954,6076,0.00010687,0.00000000,0,0.00000000,32088,32091,59,0.00229106
1773321182.59339428,0.05042343,6043,0.00031417,0.00000000,0,0.00000000,32091,32088,57,0.00086485
1773321182.69343877,0.05896616,6024,0.00070305,0.00000000,0,0.00000000,32088,32091,58,0.00081310
1773321182.79216552,0.03865954,6106,0.00023438,0.00000000,0,0.00000000,32091,32083,61,0.00088626
1773321182.89349842,0.03489926,6065,0.00017378,0.00000000,0,0.00000000,32083,32089,63,0.00140208
1773321182.99224043,0.04292505,6089,0.00056522,0.00000000,0,0.00000000,32089,32091,55,0.00185978
1773321183.09220958,0.02241514,6057,0.00020202,0.00000000,0,0.00000000,32091,32085,63,0.00404745
1773321183.19226670,0.02440091,6055,0.00012715,0.00000000,0,0.00000000,32085,32086,51,0.00261995
1773321183.29226780,0.02790272,6056,0.00019654,0.00000000,0,0.00000000,32086,32090,57,0.00146277
1773321183.39209461,0.02145804,6056,0.00020735,0.00000000,0,0.00000000,32090,32087,54,0.00122711
1773321183.49229026,0.02141750,6040,0.00011002,0.00000000,0,0.00000000,32087,32096,66,0.00084968
1773321183.59189248,0.04712959,6055,0.00042939,0.00000000,0,0.00000000,32096,32095,61,0.00167615
1773321183.69210196,0.04609644,6053,0.00020443,0.00000000,0,0.00000000,32095,32094,55,0.00234154
1773321183.79338288,0.05518640,6072,0.00025678,0.00000000,0,0.00000000,32094,32099,65,0.00094780
1773321183.89208221,0.02638652,6075,0.00019784,0.00000000,0,0.00000000,32099,32099,62,0.00202504
1773321183.99225760,0.02504444,6075,0.00025664,0.00000000,0,0.00000000,32099,32101,56,0.00249294
1773321184.09342885,0.02404433,6073,0.00019151,0.00000000,0,0.00000000,32101,32097,55,0.00268592
1773321184.19222045,0.02042997,6066,0.00017268,0.00000000,0,0.00000000,32097,32100,64,0.00239956
1773321184.29340935,0.02763187,6073,0.00050190,0.00000000,0,0.00000000,32100,32090,63,0.00342330
1773321184.39343572,0.02534195,6075,0.00017611,0.00000000,0,0.00000000,32090,32094,66,0.00090130
1773321184.49348807,0.02425004,6033,0.00014342,0.00000000,0,0.00000000,32094,32093,72,0.00166386
1773321184.59226346,0.02414460,6068,0.00013239,0.00000000,0,0.00000000,32093,32094,56,0.00091779
1773321184.69336867,0.05059529,6052,0.00056980,0.00000000,0,0.00000000,32094,32096,47,0.00126641
1773321184.79226589,0.03099674,6047,0.00015132,0.00000000,0,0.00000000,32096,32098,55,0.00084961
1773321184.89218974,0.03011342,6066,0.00080125,0.00000000,0,0.00000000,32098,32102,57,0.00209558
1773321184.99356651,0.03433485,6067,0.00009445,0.00000000,0,0.00000000,32102,32104,45,0.00101097
1773321185.09228563,0.03370946,6036,0.00018679,0.00000000,0,0.00000000,32104,32106,56,0.00237828
1773321185.19340801,0.02688834,6056,0.00013671,0.00000000,0,0.00000000,32106,32112,74,0.00232324
1773321185.29341030,0.02986828,6025,0.00018382,0.00000000,0,0.00000000,32112,32117,53,0.00101267
1773321185.39226794,0.02574235,6067,0.00013056,0.00000000,0,0.00000000,32117,32121,66,0.00267349
1773321185.49334359,0.02549854,6047,0.00009958,0.00000000,0,0.00000000,32121,32128,58,0.00086130
1773321185.59344459,0.05097718,6007,0.00056075,0.00000000,0,0.00000000,32128,32135,57,0.00114731
1773321185.69218707,0.05061467,6015,0.00057362,0.00000000,0,0.00000000,32135,32141,54,0.00268941
1773321185.79222870,0.04925199,6089,0.00104543,0.00000000,0,0.00000000,32141,32138,60,0.00123728
1773321185.89226985,0.05516820,6050,0.00099425,0.00000000,0,0.00000000,32138,32143,52,0.00105785
1773321185.99226928,0.03333897,6067,0.00011966,0.00000000,0,0.00000000,32143,32146,52,0.00358695
1773321186.09229183,0.02984919,6048,0.00027381,0.00000000,0,0.00000000,32146,32147,54,0.00253204
1773321186.19348836,0.03675456,6058,0.00017798,0.00000000,0,0.00000000,32147,32149,61,0.00322346
1773321186.29349113,0.03444002,5994,0.00055411,0.00000000,0,0.00000000,32149,32148,65,0.00266709
1773321186.39228725,0.02541448,6024,0.00014783,0.00000000,0,0.00000000,32148,32151,68,0.00370381
1773321186.49227643,0.02051899,6086,0.00010272,0.00000000,0,0.00000000,32151,32151,58,0.00082467
1773321186.59233022,0.02783898,6053,0.00015183,0.00000000,0,0.00000000,32151,32146,54,0.00290714
1773321186.69340205,0.02739436,6035,0.00017172,0.00000000,0,0.00000000,32146,32149,61,0.00213045
1773321186.79211664,0.02873818,6045,0.00063871,0.00000000,0,0.00000000,32149,32152,66,0.00148127
1773321186.89229131,0.03380356,6053,0.00020280,0.00000000,0,0.00000000,32152,32152,55,0.00164816
1773321186.99227524,0.04092675,6088,0.00052095,0.00000000,0,0.00000000,32152,32159,54,0.00155521
1773321187.09227896,0.02100563,6087,0.00011169,0.00000000,0,0.00000000,32159,32166,52,0.00081693
1773321187.19348359,0.03224991,6089,0.00043839,0.00000000,0,0.00000000,32166,32169,58,0.00071950
1773321187.29342175,0.02290625,6049,0.00014184,0.00000000,0,0.00000000,32169,32176,64,0.00269688
1773321187.39219594,0.02106818,6078,0.00010888,0.00000000,0,0.00000000,32176,32179,56,0.00107602
1773321187.49221992,0.02132967,6041,0.00014554,0.00000000,0,0.00000000,32179,32178,69,0.00094937
1773321187.59226656,0.05514452,6084,0.00064725,0.00000000,0,0.00000000,32178,32180,68,0.00160711
