time_stamp, total time, scan point size, incremental time, search time, delete size, delete time, tree size st, tree size end, add point size, preprocess time
1773322276.76487494,0.02289729,6276,0.00633657,0.00000000,0,0.00000000,3312,4348,1964,0.00000000
1773322276.86551404,0.02315325,6288,0.00461366,0.00000000,0,0.00000000,4348,5451,1369,0.00539154
1773322276.96523499,0.03214222,6265,0.00454635,0.00000000,0,0.00000000,5054,5447,1137,0.00388558
1773322277.06485724,0.02807984,6262,0.00439919,0.00000000,0,0.00000000,5447,5922,1037,0.00406676
1773322277.16449761,0.02271918,6304,0.00322819,0.00000000,0,0.00000000,5922,6510,900,0.00148072
1773322277.26439118,0.02145924,6334,0.00229124,0.00000000,0,0.00000000,5672,6282,830,0.00336000
1773322277.36458802,0.02143610,6290,0.00321058,0.00000000,0,0.00000000,6282,6750,792,0.00148789
1773322277.46542072,0.02699057,6297,0.00261622,0.00000000,0,0.00000000,6750,7091,677,0.00107884
1773322277.56524348,0.02526481,6229,0.00350450,0.00000000,0,0.00000000,7091,7254,647,0.00135870
1773322277.66488600,0.02342008,6244,0.00228361,0.00000000,0,0.00000000,7254,7548,564,0.00212768
1773322277.76455522,0.01885556,6278,0.00274772,0.00000000,0,0.00000000,7548,7642,537,0.00158503
1773322277.86440516,0.01793730,6282,0.00185994,0.00000000,0,0.00000000,7642,7876,535,0.00091008
1773322277.96551919,0.02919385,6247,0.00311620,0.00000000,0,0.00000000,7876,8097,524,0.00125222
1773322278.06516647,0.02517448,6270,0.00276478,0.00000000,0,0.00000000,8097,8329,467,0.00103160
1773322278.16511846,0.02490347,6218,0.00228072,0.00000000,0,0.00000000,8329,6965,432,0.00126392
1773322278.26475406,0.02551482,6252,0.00150667,0.00000000,0,0.00000000,6965,7411,464,0.00086267
1773322278.36442590,0.02626450,6307,0.00161113,0.00000000,0,0.00000000,7411,7796,427,0.00096330
1773322278.46448302,0.02916216,6306,0.00188008,0.00000000,0,0.00000000,7796,8102,420,0.00145755
1773322278.56589079,0.02291904,6262,0.00170870,0.00000000,0,0.00000000,8102,8386,412,0.00233598
1773322278.66570377,0.02759985,6263,0.00215229,0.00000000,0,0.00000000,8386,8673,426,0.00118896
1773322278.76537132,0.03283522,6257,0.00260101,0.00000000,0,0.00000000,8673,8873,372,0.00292519
1773322278.86503100,0.01863935,6245,0.00201947,0.00000000,0,0.00000000,8873,9077,360,0.00136573
1773322278.96481824,0.02807368,6240,0.00155138,0.00000000,0,0.00000000,9077,9207,334,0.00182747
1773322279.06446004,0.02626121,6278,0.00135273,0.00000000,0,0.00000000,9207,9319,293,0.00123469
1773322279.16484165,0.02510218,6273,0.00132360,0.00000000,0,0.00000000,9319,9428,325,0.00146674
1773322279.26469898,0.02497759,6214,0.00129971,0.00000000,0,0.00000000,9428,9546,305,0.00148074
1773322279.36444592,0.02323837,6282,0.00118295,0.00000000,0,0.00000000,9546,9645,279,0.00085155
1773322279.46498966,0.03029840,6237,0.00166197,0.00000000,0,0.00000000,9645,9727,300,0.00143566
1773322279.56487179,0.02412955,6257,0.00169845,0.00000000,0,0.00000000,9727,9781,291,0.00216172
1773322279.66459298,0.02325868,6236,0.00124806,0.00000000,0,0.00000000,9781,9812,249,0.00107267
1773322279.76497698,0.02413439,6277,0.00149657,0.00000000,0,0.00000000,9812,9809,258,0.00133116
1773322279.86498737,0.02337882,6232,0.00145636,0.00000000,0,0.00000000,9809,9918,263,0.00112829
1773322279.96461868,0.02643597,6219,0.00121457,0.00000000,0,0.00000000,9918,9875,223,0.00319894
1773322280.06439042,0.02536665,6300,0.00138508,0.00000000,0,0.00000000,9875,9969,251,0.00187279
1773322280.16519880,0.02339407,6246,0.00113436,0.00000000,0,0.00000000,9969,10075,264,0.00341602
1773322280.26600313,0.02167300,6212,0.00097106,0.00000000,0,0.00000000,10075,10066,209,0.00108385
1773322280.36452460,0.02131092,6286,0.00107578,0.00000000,0,0.00000000,10066,10108,223,0.00119105
1773322280.46444011,0.02698219,6337,0.00197629,0.00000000,0,0.00000000,10108,10176,208,0.00326806
1773322280.56500411,0.01968287,6247,0.00088327,0.00000000,0,0.00000000,10176,10285,205,0.00106013
1773322280.66475058,0.02247223,6241,0.00107674,0.00000000,0,0.00000000,10285,10289,206,0.00116173
1773322280.76446724,0.02456092,6255,0.00117076,0.00000000,0,0.00000000,10289,10316,222,0.00106136
1773322280.86509323,0.02208255,6302,0.00119495,0.00000000,0,0.00000000,10316,10401,201,0.00275732
1773322280.96510673,0.02204547,6273,0.00099304,0.00000000,0,0.00000000,10401,10372,184,0.00315114
1773322281.06483912,0.02145208,6262,0.00110402,0.00000000,0,0.00000000,10372,10404,213,0.00107930
1773322281.16460705,0.02136511,6269,0.00102834,0.00000000,0,0.00000000,10404,10441,184,0.00176001
1773322281.26437950,0.03092295,6275,0.00112815,0.00000000,0,0.00000000,10441,10405,192,0.00110639
1773322281.36492729,0.02935433,6311,0.00141257,0.00000000,0,0.00000000,10405,10374,182,0.00112113
1773322281.46484303,0.02477918,6254,0.00086051,0.00000000,0,0.00000000,10374,10446,181,0.00317451
1773322281.56544280,0.02504428,6297,0.00128963,0.00000000,0,0.00000000,10446,10344,213,0.00189745
1773322281.66536212,0.02596839,6286,0.00081568,0.00000000,0,0.00000000,10344,10398,183,0.00165746
1773322281.76513910,0.02299213,6282,0.00073206,0.00000000,0,0.00000000,10398,10449,181,0.00267774
1773322281.86488891,0.02139786,6244,0.00119059,0.00000000,0,0.00000000,10449,10454,187,0.00090468
1773322281.96463323,0.01874845,6273,0.00056324,0.00000000,0,0.00000000,10454,10577,191,0.00275145
1773322282.06456089,0.01898101,6280,0.00078481,0.00000000,0,0.00000000,10577,10562,150,0.00124160
1773322282.16497970,0.01836106,6272,0.00063892,0.00000000,0,0.00000000,10562,10627,166,0.00151514
1773322282.26503229,0.03548499,6258,0.00084121,0.00000000,0,0.00000000,10627,10708,170,0.00131179
1773322282.36481237,0.02470664,6243,0.00171651,0.00000000,0,0.00000000,10708,10656,189,0.00177466
1773322282.46466255,0.02320249,6306,0.00085256,0.00000000,0,0.00000000,10656,10730,190,0.00190178
1773322282.56553912,0.02303039,6270,0.00078813,0.00000000,0,0.00000000,10730,10730,172,0.00123332
1773322282.66604733,0.03031149,6272,0.00124385,0.00000000,0,0.00000000,10730,10740,151,0.00133353
1773322282.76526523,0.03124219,6272,0.00119387,0.00000000,0,0.00000000,10740,10788,155,0.00217593
1773322282.86505032,0.02400129,6240,0.00085220,0.00000000,0,0.00000000,10788,10778,152,0.00194417
1773322282.96483612,0.02493250,6270,0.00107083,0.00000000,0,0.00000000,10778,10718,146,0.00125823
1773322283.06466913,0.02148852,6253,0.00170088,0.00000000,0,0.00000000,10718,10668,150,0.00250627
1773322283.16448402,0.03222556,6275,0.00102564,0.00000000,0,0.00000000,10668,10693,145,0.00311551
1773322283.26455855,0.02857815,6326,0.00081500,0.00000000,0,0.00000000,10693,10779,119,0.00120510
1773322283.36563969,0.03243068,6263,0.00091234,0.00000000,0,0.00000000,10779,10792,143,0.00250191
1773322283.46556687,0.03401435,6206,0.00123635,0.00000000,0,0.00000000,10792,10796,146,0.00338161
1773322283.56383967,0.02991472,6283,0.00202606,0.00000000,0,0.00000000,10796,10728,165,0.00155822
1773322283.66456389,0.03336384,6298,0.00132734,0.00000000,0,0.00000000,10728,10719,124,0.00302087
1773322283.76505065,0.03471546,6278,0.00132460,0.00000000,0,0.00000000,10719,10744,117,0.00179875
1773322283.86502647,0.03484285,6255,0.00088626,0.00000000,0,0.00000000,10744,10784,123,0.00196614
1773322283.96479607,0.03752879,6260,0.00091278,0.00000000,0,0.00000000,10784,10763,109,0.00205348
1773322284.06461930,0.02420193,6242,0.00069720,0.00000000,0,0.00000000,10763,10813,116,0.00185375
1773322284.16445732,0.02412536,6282,0.00071318,0.00000000,0,0.00000000,10813,10841,129,0.00208299
1773322284.26447749,0.02378961,6302,0.00084129,0.00000000,0,0.00000000,10841,10846,130,0.00221996
1773322284.36481452,0.02636547,6287,0.00157314,0.00000000,0,0.00000000,10846,10851,121,0.00167795
1773322284.46575165,0.03726193,6272,0.00091973,0.00000000,0,0.00000000,10851,10898,116,0.00168427
1773322284.56547642,0.03398511,6245,0.00090563,0.00000000,0,0.00000000,10898,10953,129,0.00141927
1773322284.66443539,0.02745887,6304,0.00111768,0.00000000,0,0.00000000,10953,10933,124,0.00208904
1773322284.76540947,0.03017714,6264,0.00139053,0.00000000,0,0.00000000,10933,10943,122,0.00172638
1773322284.86510110,0.03248741,6297,0.00082896,0.00000000,0,0.00000000,10943,10975,110,0.00181719
1773322284.96510839,0.03731311,6220,0.00160746,0.00000000,0,0.00000000,10975,10988,122,0.00337703
1773322285.06474161,0.03580560,6279,0.00158270,0.00000000,0,0.00000000,10988,10995,128,0.00249391
1773322285.16478610,0.02249325,6281,0.00046734,0.00000000,0,0.00000000,10995,11082,122,0.00167090
1773322285.26455426,0.03189751,6240,0.00159566,0.00000000,0,0.00000000,11082,11105,115,0.00162645
1773322285.36445141,0.02587929,6272,0.00079892,0.00000000,0,0.00000000,11105,11108,100,0.00347326
1773322285.46448684,0.02304876,6296,0.00107263,0.00000000,0,0.00000000,11108,11132,120,0.00244271
1773322285.56505156,0.02759471,6290,0.00053526,0.00000000,0,0.00000000,11132,11105,88,0.00108838
1773322285.66570067,0.02788197,6253,0.00077064,0.00000000,0,0.00000000,11105,11151,111,0.00154344
1773322285.76570249,0.02992354,6265,0.00065331,0.00000000,0,0.00000000,11151,11173,92,0.00307154
1773322285.86539316,0.02699381,6254,0.00071695,0.00000000,0,0.00000000,11173,11170,108,0.00290067
1773322285.96538472,0.02271681,6226,0.00041861,0.00000000,0,0.00000000,11170,11222,89,0.00120961
1773322286.06519413,0.04511011,6263,0.00186892,0.00000000,0,0.00000000,11222,11207,96,0.00132511
1773322286.16513038,0.04060436,6253,0.00069737,0.00000000,0,0.00000000,11207,11214,85,0.00142941
1773322286.26511335,0.03415919,6264,0.00136476,0.00000000,0,0.00000000,11214,11050,102,0.00115267
1773322286.36486697,0.02952716,6240,0.00096581,0.00000000,0,0.00000000,11050,11084,102,0.00175590
1773322286.46464467,0.03074266,6262,0.00078944,0.00000000,0,0.00000000,11084,11140,112,0.00210717
1773322286.56446671,0.02722684,6261,0.00047586,0.00000000,0,0.00000000,11140,11159,80,0.00342349
1773322286.66445661,0.02993076,6297,0.00045016,0.00000000,0,0.00000000,11159,11208,68,0.00186092
1773322286.76453948,0.02621786,6272,0.00088928,0.00000000,0,0.00000000,11208,11234,101,0.00250616
1773322286.86439657,0.03315223,6245,0.00143955,0.00000000,0,0.00000000,11234,11241,90,0.00182257
1773322286.96426010,0.03018902,6287,0.00107736,0.00000000,0,0.00000000,11241,11267,93,0.00122796
1773322287.06573820,0.03084581,6264,0.00072072,0.00000000,0,0.00000000,11267,11264,100,0.00126515
1773322287.16550064,0.03307067,6224,0.00065551,0.00000000,0,0.00000000,11264,11317,98,0.00137384
1773322287.26530385,0.03302329,6301,0.00075751,0.00000000,0,0.00000000,11317,11333,95,0.00220853
1773322287.36535883,0.03567404,6234,0.00106386,0.00000000,0,0.00000000,11333,11320,106,0.00338668
1773322287.46522117,0.03877625,6274,0.00079799,0.00000000,0,0.00000000,11320,11321,77,0.00141582
1773322287.56508923,0.03314623,6280,0.00087640,0.00000000,0,0.00000000,11321,11283,84,0.00328437
1773322287.66509867,0.03826415,6267,0.00068580,0.00000000,0,0.00000000,11283,11326,98,0.00178699
1773322287.76504135,0.02326504,6214,0.00070542,0.00000000,0,0.00000000,11326,11365,87,0.00211871
1773322287.86470819,0.03307182,6272,0.00085835,0.00000000,0,0.00000000,11365,11406,94,0.00210305
1773322287.96459723,0.03153513,6236,0.00086819,0.00000000,0,0.00000000,11406,11467,97,0.00151498
1773322288.06446457,0.03163833,6301,0.00062649,0.00000000,0,0.00000000,11467,11460,74,0.00191325
1773322288.16458964,0.03231199,6253,0.00068934,0.00000000,0,0.00000000,11460,11514,96,0.00196086
1773322288.26446438,0.03262157,6265,0.00114978,0.00000000,0,0.00000000,11514,11562,94,0.00142655
1773322288.36486053,0.02789497,6224,0.00071816,0.00000000,0,0.00000000,11562,11585,85,0.00204872
1773322288.46483326,0.03524358,6305,0.00081570,0.00000000,0,0.00000000,11585,11627,78,0.00151406
1773322288.56581092,0.03563309,6257,0.00100905,0.00000000,0,0.00000000,11627,11655,95,0.00253579
1773322288.66572618,0.02599868,6286,0.00059635,0.00000000,0,0.00000000,11655,11654,73,0.00150510
1773322288.76575613,0.02992490,6242,0.00055667,0.00000000,0,0.00000000,11654,11681,92,0.00165682
1773322288.86542940,0.02821365,6286,0.00071805,0.00000000,0,0.00000000,11681,11721,80,0.00207824
1773322288.96554804,0.03455775,6236,0.00104775,0.00000000,0,0.00000000,11721,11719,93,0.00321285
1773322289.06546044,0.03552049,6224,0.00095632,0.00000000,0,0.00000000,11719,11759,87,0.00217517
1773322289.16534305,0.02765550,6264,0.00059235,0.00000000,0,0.00000000,11759,11765,87,0.00178925
1773322289.26514816,0.02713290,6251,0.00101910,0.00000000,0,0.00000000,11765,11737,86,0.00135499
1773322289.36515021,0.02400198,6235,0.00071534,0.00000000,0,0.00000000,11737,11749,77,0.00154230
1773322289.46500087,0.02883983,6264,0.00116786,0.00000000,0,0.00000000,11749,11769,88,0.00182628
1773322289.56495786,0.02918034,6265,0.00087714,0.00000000,0,0.00000000,11769,11791,82,0.00155361
1773322289.66485143,0.03052414,6224,0.00082427,0.00000000,0,0.00000000,11791,11761,76,0.00312969
1773322289.76464915,0.02932157,6258,0.00061034,0.00000000,0,0.00000000,11761,11796,83,0.00199822
1773322289.86452127,0.02875282,6274,0.00074698,0.00000000,0,0.00000000,11796,11821,79,0.00246216
1773322289.96440506,0.02943219,6292,0.00080615,0.00000000,0,0.00000000,11821,11828,81,0.00136422
1773322290.06461191,0.04824680,6253,0.00068585,0.00000000,0,0.00000000,11828,11892,87,0.00233935
1773322290.16500688,0.04843913,6267,0.00114500,0.00000000,0,0.00000000,11892,11901,96,0.00184546
1773322290.26458359,0.02433057,6252,0.00085715,0.00000000,0,0.00000000,11901,11910,89,0.00136415
1773322290.36440730,0.03602091,6303,0.00058578,0.00000000,0,0.00000000,11910,11899,80,0.00140690
1773322290.46551585,0.03405899,6254,0.00076509,0.00000000,0,0.00000000,11899,11924,110,0.00162411
1773322290.56546259,0.02843547,6252,0.00084682,0.00000000,0,0.00000000,11924,11903,92,0.00324988
1773322290.66543746,0.03626755,6291,0.00116306,0.00000000,0,0.00000000,11903,11880,91,0.00150338
1773322290.76556420,0.03344334,6200,0.00084552,0.00000000,0,0.00000000,11880,11893,68,0.00159393
1773322290.86529064,0.03429783,6270,0.00084661,0.00000000,0,0.00000000,11893,11923,92,0.00255494
1773322290.96532369,0.03708575,6210,0.00070384,0.00000000,0,0.00000000,11923,11901,91,0.00136723
1773322291.06514001,0.03603186,6282,0.00069215,0.00000000,0,0.00000000,11901,11938,84,0.00263952
1773322291.16513371,0.03750500,6265,0.00087059,0.00000000,0,0.00000000,11938,11866,72,0.00348940
1773322291.26509213,0.03536942,6242,0.00050386,0.00000000,0,0.00000000,11866,11915,74,0.00148460
1773322291.36495113,0.03413304,6249,0.00053868,0.00000000,0,0.00000000,11915,11919,62,0.00404815
1773322291.46466565,0.02373623,6291,0.00137105,0.00000000,0,0.00000000,11919,11885,72,0.00234574
1773322291.56473875,0.02606332,6269,0.00046640,0.00000000,0,0.00000000,11885,11902,70,0.00273531
1773322291.66460586,0.03560777,6265,0.00060485,0.00000000,0,0.00000000,11902,11947,83,0.00276549
1773322291.76454639,0.03809585,6287,0.00070994,0.00000000,0,0.00000000,11947,11970,83,0.00253546
1773322291.86446428,0.03321228,6217,0.00080625,0.00000000,0,0.00000000,11970,11986,66,0.00166348
1773322291.96435547,0.03229886,6299,0.00070735,0.00000000,0,0.00000000,11986,12000,89,0.00111527
1773322292.06446362,0.03580853,6248,0.00050670,0.00000000,0,0.00000000,12000,12034,71,0.00146619
1773322292.16443419,0.03383840,6278,0.00075202,0.00000000,0,0.00000000,12034,12023,73,0.00203234
1773322292.26467109,0.04209263,6311,0.00090124,0.00000000,0,0.00000000,12023,12055,78,0.00279631
1773322292.36572194,0.04257135,6253,0.00083617,0.00000000,0,0.00000000,12055,12061,66,0.00210342
1773322292.46559215,0.02835346,6256,0.00106662,0.00000000,0,0.00000000,12061,12120,91,0.00203155
1773322292.56556273,0.02128331,6241,0.00049976,0.00000000,0,0.00000000,12120,12081,68,0.00221494
1773322292.66545010,0.01982267,6248,0.00090732,0.00000000,0,0.00000000,12081,12087,94,0.00210278
1773322292.76543522,0.02503389,6302,0.00052128,0.00000000,0,0.00000000,12087,12091,66,0.00279088
1773322292.86549044,0.02926529,6248,0.00050160,0.00000000,0,0.00000000,12091,12090,60,0.00172939
1773322292.96546149,0.02562962,6211,0.00037719,0.00000000,0,0.00000000,12090,12120,61,0.00288001
1773322293.06521297,0.03704921,6279,0.00115109,0.00000000,0,0.00000000,12120,12163,73,0.00236435
1773322293.16502166,0.02529127,6286,0.00074014,0.00000000,0,0.00000000,12163,12128,78,0.00247107
1773322293.26513743,0.02123091,6228,0.00028764,0.00000000,0,0.00000000,12128,12121,65,0.00184961
1773322293.36495686,0.03282745,6237,0.00110009,0.00000000,0,0.00000000,12121,12121,76,0.00173340
1773322293.46496296,0.02254291,6227,0.00043734,0.00000000,0,0.00000000,12121,12151,68,0.00636840
1773322293.56486201,0.03279300,6267,0.00133388,0.00000000,0,0.00000000,12151,12170,69,0.00147306
1773322293.66478348,0.02079653,6240,0.00033492,0.00000000,0,0.00000000,12170,12184,61,0.00383980
1773322293.76454139,0.02533111,6258,0.00041874,0.00000000,0,0.00000000,12184,12176,61,0.00193100
1773322293.86442876,0.03358864,6259,0.00041746,0.00000000,0,0.00000000,12176,12185,73,0.00246626
1773322293.96440005,0.03582229,6289,0.00113795,0.00000000,0,0.00000000,12185,12147,71,0.00383256
1773322294.06451893,0.04162735,6265,0.00132185,0.00000000,0,0.00000000,12147,12200,124,0.00142410
1773322294.16478133,0.04809029,6270,0.00208931,0.00000000,0,0.00000000,12200,12280,157,0.00421092
1773322294.26482201,0.03717535,6248,0.00133713,0.00000000,0,0.00000000,12280,12370,151,0.00215084
1773322294.36477518,0.03423670,6228,0.00091406,0.00000000,0,0.00000000,12370,12367,127,0.00219055
1773322294.46574116,0.03302671,6222,0.00066798,0.00000000,0,0.00000000,12367,12410,133,0.00407322
1773322294.56568408,0.02647618,6277,0.00087616,0.00000000,0,0.00000000,12410,12467,131,0.00205383
1773322294.66564703,0.02934226,6255,0.00097780,0.00000000,0,0.00000000,12467,12466,155,0.00306718
1773322294.76549244,0.03053294,6255,0.00094405,0.00000000,0,0.00000000,12466,12419,137,0.00282702
1773322294.86456060,0.03234641,6316,0.00121826,0.00000000,0,0.00000000,12419,12482,142,0.00252838
1773322294.96555042,0.02138320,6269,0.00073057,0.00000000,0,0.00000000,12482,12526,142,0.00369944
1773322295.06545329,0.02177855,6246,0.00117541,0.00000000,0,0.00000000,12526,12564,127,0.00282997
1773322295.16543818,0.02192608,6274,0.00180748,0.00000000,0,0.00000000,12564,12539,125,0.00233374
1773322295.26546168,0.03417894,6244,0.00170072,0.00000000,0,0.00000000,12539,12564,111,0.00136233
1773322295.36544418,0.08626217,6266,0.00109330,0.00000000,0,0.00000000,12564,12612,98,0.00100430
1773322295.46528220,0.06731059,6210,0.00150479,0.00000000,0,0.00000000,12612,12638,116,0.00149733
1773322295.56505322,0.03479321,6259,0.00081894,0.00000000,0,0.00000000,12638,12666,127,0.00277825
1773322295.66498280,0.02576086,6242,0.00135520,0.00000000,0,0.00000000,12666,12677,135,0.00230557
1773322295.76485729,0.02019273,6188,0.00073829,0.00000000,0,0.00000000,12677,12750,197,0.00258126
1773322295.86483240,0.02101901,6217,0.00129426,0.00000000,0,0.00000000,12750,12819,158,0.00817869
1773322295.96474767,0.04030938,6245,0.00180368,0.00000000,0,0.00000000,12819,12783,127,0.00289799
1773322296.06465125,0.03766818,6208,0.00106310,0.00000000,0,0.00000000,12783,12802,122,0.00169482
1773322296.16459227,0.03913242,6216,0.00093462,0.00000000,0,0.00000000,12802,12884,122,0.00101503
1773322296.26450753,0.03950634,6247,0.00107637,0.00000000,0,0.00000000,12884,12939,127,0.00107266
1773322296.36459351,0.03700905,6194,0.00159372,0.00000000,0,0.00000000,12939,12951,110,0.00387194
1773322296.46448874,0.05323985,6272,0.00188372,0.00000000,0,0.00000000,12951,12957,79,0.00395723
1773322296.56458640,0.02519868,6195,0.00136573,0.00000000,0,0.00000000,12957,12972,122,0.00189541
1773322296.66449738,0.01942969,6197,0.00100625,0.00000000,0,0.00000000,12972,12926,151,0.00192810
1773322296.76494050,0.02549197,6198,0.00275215,0.00000000,0,0.00000000,12926,12929,126,0.00209070
1773322296.86440611,0.02278478,6233,0.00149883,0.00000000,0,0.00000000,12929,12965,119,0.00226804
1773322296.96481824,0.02288448,6206,0.00127270,0.00000000,0,0.00000000,12965,12985,94,0.00313576
1773322297.06467795,0.02272640,6242,0.00143079,0.00000000,0,0.00000000,12985,13035,94,0.00284483
1773322297.16563249,0.02734055,6234,0.00060178,0.00000000,0,0.00000000,13035,13077,92,0.00286412
1773322297.26562333,0.02763886,6228,0.00049751,0.00000000,0,0.00000000,13077,13101,91,0.00167136
1773322297.36555743,0.03195132,6195,0.00100492,0.00000000,0,0.00000000,13101,13101,85,0.00137941
1773322297.46547890,0.02643097,6198,0.00085214,0.00000000,0,0.00000000,13101,13101,73,0.00124039
1773322297.56448412,0.03025722,6251,0.00070181,0.00000000,0,0.00000000,13101,13146,63,0.00137802
1773322297.66537666,0.03217826,6239,0.00064721,0.00000000,0,0.00000000,13146,13142,84,0.00269746
1773322297.76533318,0.02806722,6269,0.00092617,0.00000000,0,0.00000000,13142,12992,72,0.00151934
1773322297.86528516,0.02748531,6219,0.00061199,0.00000000,0,0.00000000,12992,13008,124,0.00285136
1773322297.96523476,0.02364812,6230,0.00089536,0.00000000,0,0.00000000,13008,13007,92,0.00185683
1773322298.06513548,0.02329828,6247,0.00083033,0.00000000,0,0.00000000,13007,12970,94,0.00324325
1773322298.16508555,0.02377151,6238,0.00047095,0.00000000,0,0.00000000,12970,12954,78,0.00287835
1773322298.26515436,0.02619839,6209,0.00114821,0.00000000,0,0.00000000,12954,13030,98,0.00134171
1773322298.36494207,0.03460756,6246,0.00107463,0.00000000,0,0.00000000,13030,13056,79,0.00118618
1773322298.46499801,0.03118913,6227,0.00105141,0.00000000,0,0.00000000,13056,12812,70,0.00127104
1773322298.56492829,0.02840948,6235,0.00045563,0.00000000,0,0.00000000,12812,12823,75,0.00144989
1773322298.66486740,0.02745081,6233,0.00065058,0.00000000,0,0.00000000,12823,12860,63,0.00321885
1773322298.76464009,0.02377221,6244,0.00044822,0.00000000,0,0.00000000,12860,12886,54,0.00152878
1773322298.86455011,0.01996518,6264,0.00026295,0.00000000,0,0.00000000,12886,12918,53,0.00310561
1773322298.96453452,0.02421516,6275,0.00029938,0.00000000,0,0.00000000,12918,12954,59,0.00102038
1773322299.06451082,0.03174896,6241,0.00185738,0.00000000,0,0.00000000,12954,12906,69,0.00142129
1773322299.16448855,0.01884562,6278,0.00050923,0.00000000,0,0.00000000,12906,12938,66,0.00143395
1773322299.26479506,0.02332013,6266,0.00053641,0.00000000,0,0.00000000,12938,12961,46,0.00130998
1773322299.36443734,0.02547376,6277,0.00033617,0.00000000,0,0.00000000,12961,12980,53,0.00283458
1773322299.46490598,0.02825877,6304,0.00027452,0.00000000,0,0.00000000,12980,13016,55,0.00330405
1773322299.56498814,0.02605155,6273,0.00082714,0.00000000,0,0.00000000,13016,13027,48,0.00317740
1773322299.66514874,0.02812723,6301,0.00055134,0.00000000,0,0.00000000,13027,13058,56,0.00329821
1773322299.76500010,0.02618233,6242,0.00120039,0.00000000,0,0.00000000,13058,13031,57,0.00238525
1773322299.86583805,0.02553563,6274,0.00087921,0.00000000,0,0.00000000,13031,13046,56,0.00179091
1773322299.96576810,0.03257519,6236,0.00206527,0.00000000,0,0.00000000,13046,12986,69,0.00136770
1773322300.06572056,0.02226454,6285,0.00074231,0.00000000,0,0.00000000,12986,12957,47,0.00173208
1773322300.16563010,0.03278778,6282,0.00022166,0.00000000,0,0.00000000,12957,12985,50,0.00123849
1773322300.26557183,0.03077020,6287,0.00021356,0.00000000,0,0.00000000,12985,13021,55,0.00308784
1773322300.36450529,0.02211085,6272,0.00068855,0.00000000,0,0.00000000,13021,13070,61,0.00279720
1773322300.46444535,0.02809983,6312,0.00047641,0.00000000,0,0.00000000,13070,13099,48,0.00281170
1773322300.56548238,0.03574124,6279,0.00077018,0.00000000,0,0.00000000,13099,13098,61,0.00105274
1773322300.66541457,0.03727355,6266,0.00064490,0.00000000,0,0.00000000,13098,13121,49,0.00130770
1773322300.76546955,0.03598104,6280,0.00064264,0.00000000,0,0.00000000,13121,13163,55,0.00129932
1773322300.86533928,0.02763812,6259,0.00046851,0.00000000,0,0.00000000,13163,13187,46,0.00112003
1773322300.96534610,0.02971879,6250,0.00024425,0.00000000,0,0.00000000,13187,13223,51,0.00281898
1773322301.06550837,0.02639088,6241,0.00090045,0.00000000,0,0.00000000,13223,13234,44,0.00227647
1773322301.16551971,0.02749496,6215,0.00048198,0.00000000,0,0.00000000,13234,13232,58,0.00280732
1773322301.26454449,0.02811154,6277,0.00018924,0.00000000,0,0.00000000,13232,13244,36,0.00328226
1773322301.36584878,0.03116813,6251,0.00053367,0.00000000,0,0.00000000,13244,13263,44,0.00152943
1773322301.46481609,0.02718658,6253,0.00158218,0.00000000,0,0.00000000,13263,13199,61,0.00143248
1773322301.56486535,0.02372897,6227,0.00061789,0.00000000,0,0.00000000,13199,13237,67,0.00322992
1773322301.66446853,0.03105342,6247,0.00079663,0.00000000,0,0.00000000,13237,13286,92,0.00112566
1773322301.76442814,0.02909220,6305,0.00065564,0.00000000,0,0.00000000,13286,13301,95,0.00099064
1773322301.86450934,0.02965361,6244,0.00033697,0.00000000,0,0.00000000,13301,13338,89,0.00224073
1773322301.96468377,0.03039196,6261,0.00030379,0.00000000,0,0.00000000,13338,13352,59,0.00160958
1773322302.06482458,0.02671687,6269,0.00031614,0.00000000,0,0.00000000,13352,13289,49,0.00240674
1773322302.16499615,0.02647410,6247,0.00031631,0.00000000,0,0.00000000,13289,13279,51,0.00334691
1773322302.26504850,0.02545055,6275,0.00046832,0.00000000,0,0.00000000,13279,13282,33,0.00086273
1773322302.36523676,0.02209654,6267,0.00018741,0.00000000,0,0.00000000,13282,13292,34,0.00088919
1773322302.46540999,0.02992170,6229,0.00053762,0.00000000,0,0.00000000,13292,13329,57,0.00092967
1773322302.56533360,0.02677050,6251,0.00109525,0.00000000,0,0.00000000,13329,13239,53,0.00111800
1773322302.66547298,0.03214633,6247,0.00036160,0.00000000,0,0.00000000,13239,13196,52,0.00194208
1773322302.76557422,0.03273666,6215,0.00060918,0.00000000,0,0.00000000,13196,13227,57,0.00089545
1773322302.86472321,0.03195729,6251,0.00055527,0.00000000,0,0.00000000,13227,13137,56,0.00301135
1773322302.96486092,0.02807149,6215,0.00062804,0.00000000,0,0.00000000,13137,13146,49,0.00098706
1773322303.06443906,0.02424100,6214,0.00043067,0.00000000,0,0.00000000,13146,13144,55,0.00090186
1773322303.16436481,0.02551619,6261,0.00094380,0.00000000,0,0.00000000,13144,13189,67,0.00175363
1773322303.26453876,0.02853887,6256,0.00045237,0.00000000,0,0.00000000,13189,13215,56,0.00091742
1773322303.36464095,0.02532735,6232,0.00068623,0.00000000,0,0.00000000,13215,13254,51,0.00220935
1773322303.46477818,0.02597367,6229,0.00028313,0.00000000,0,0.00000000,13254,13276,51,0.00083997
1773322303.56477523,0.02665415,6283,0.00041420,0.00000000,0,0.00000000,13276,12892,36,0.00089145
1773322303.66486502,0.03353109,6256,0.00088886,0.00000000,0,0.00000000,12892,12908,58,0.00134818
1773322303.76503944,0.02824658,6239,0.00037182,0.00000000,0,0.00000000,12908,12933,39,0.00164669
1773322303.86511111,0.02813799,6240,0.00055811,0.00000000,0,0.00000000,12933,12954,50,0.00191045
1773322303.96529484,0.02353667,6232,0.00051105,0.00000000,0,0.00000000,12954,12987,56,0.00105156
1773322304.06536007,0.03246293,6239,0.00037442,0.00000000,0,0.00000000,12987,12954,37,0.00180691
1773322304.16534996,0.02867525,6250,0.00042866,0.00000000,0,0.00000000,12954,12952,56,0.00198944
1773322304.26549149,0.02799948,6233,0.00022796,0.00000000,0,0.00000000,12952,12967,44,0.00324843
1773322304.36468172,0.02948676,6237,0.00040599,0.00000000,0,0.00000000,12967,12993,36,0.00220213
1773322304.46564198,0.03063025,6245,0.00018866,0.00000000,0,0.00000000,12993,12992,43,0.00276977
1773322304.56482840,0.03041648,6223,0.00055134,0.00000000,0,0.00000000,12992,13019,43,0.00242282
1773322304.66491842,0.03225277,6253,0.00029219,0.00000000,0,0.00000000,13019,13024,43,0.00157234
1773322304.76457167,0.03003859,6247,0.00020914,0.00000000,0,0.00000000,13024,13035,44,0.00085537
1773322304.86508179,0.03503546,6191,0.00054168,0.00000000,0,0.00000000,13035,13053,32,0.00088907
1773322304.96445608,0.03829499,6277,0.00081474,0.00000000,0,0.00000000,13053,13063,48,0.00152166
1773322305.06462383,0.02888861,6237,0.00025415,0.00000000,0,0.00000000,13063,13067,53,0.00125898
1773322305.16470909,0.02434878,6261,0.00055241,0.00000000,0,0.00000000,13067,13095,46,0.00184676
1773322305.26477814,0.02262095,6250,0.00089073,0.00000000,0,0.00000000,13095,13130,43,0.00202427
1773322305.36492109,0.04176172,6264,0.00063375,0.00000000,0,0.00000000,13130,13144,55,0.00197405
1773322305.46493268,0.04150153,6244,0.00034337,0.00000000,0,0.00000000,13144,13162,46,0.00192307
1773322305.56506634,0.04181451,6283,0.00029979,0.00000000,0,0.00000000,13162,13209,53,0.00112539
1773322305.66529965,0.04737032,6226,0.00047625,0.00000000,0,0.00000000,13209,13221,38,0.00174058
1773322305.76531887,0.04128610,6279,0.00060144,0.00000000,0,0.00000000,13221,13196,40,0.00238269
1773322305.86539316,0.04105112,6212,0.00073555,0.00000000,0,0.00000000,13196,13180,46,0.00329255
1773322305.96535420,0.03573040,6245,0.00027105,0.00000000,0,0.00000000,13180,13190,32,0.00290270
1773322306.06539178,0.02640598,6262,0.00050776,0.00000000,0,0.00000000,13190,13200,48,0.00167987
1773322306.16553569,0.03067409,6298,0.00046279,0.00000000,0,0.00000000,13200,13228,45,0.00309744
1773322306.26561928,0.02672069,6205,0.00029237,0.00000000,0,0.00000000,13228,13254,36,0.00185374
1773322306.36442137,0.02594685,6249,0.00047799,0.00000000,0,0.00000000,13254,13269,47,0.00199044
1773322306.46470666,0.03220805,6231,0.00043727,0.00000000,0,0.00000000,13269,13282,40,0.00105085
1773322306.56434751,0.03090451,6233,0.00043090,0.00000000,0,0.00000000,13282,13303,40,0.00277988
1773322306.66445518,0.03621897,6194,0.00053597,0.00000000,0,0.00000000,13303,13293,32,0.00151991
1773322306.76444602,0.03614281,6274,0.00061785,0.00000000,0,0.00000000,13293,13308,38,0.00165875
1773322306.86450911,0.03229626,6249,0.00061593,0.00000000,0,0.00000000,13308,13331,39,0.00247729
1773322306.96462774,0.03757895,6222,0.00061584,0.00000000,0,0.00000000,13331,13324,48,0.00287838
1773322307.06452966,0.03700153,6240,0.00134528,0.00000000,0,0.00000000,13324,13354,47,0.00119638
1773322307.16483116,0.03308732,6245,0.00035965,0.00000000,0,0.00000000,13354,13378,50,0.00268893
1773322307.26473570,0.03526146,6283,0.00058060,0.00000000,0,0.00000000,13378,13408,48,0.00188365
1773322307.36505938,0.04291006,6277,0.00059181,0.00000000,0,0.00000000,13408,13430,53,0.00218701
1773322307.46504378,0.03159955,6218,0.00033606,0.00000000,0,0.00000000,13430,13457,41,0.00303988
1773322307.56516504,0.03101009,6240,0.00311764,0.00000000,0,0.00000000,13457,13260,62,0.00139205
1773322307.66525984,0.02853494,6291,0.00100368,0.00000000,0,0.00000000,13260,13277,100,0.00303242
1773322307.76539397,0.03211023,6241,0.00188387,0.00000000,0,0.00000000,13277,13323,179,0.00284718
1773322307.86525726,0.03173853,6264,0.00121447,0.00000000,0,0.00000000,13323,13392,217,0.00091824
1773322307.96554184,0.02832815,6222,0.00211216,0.00000000,0,0.00000000,13392,13488,226,0.00300384
1773322308.06542253,0.02897646,6223,0.00078575,0.00000000,0,0.00000000,13488,13592,206,0.00305652
1773322308.16556430,0.02036978,6260,0.00089883,0.00000000,0,0.00000000,13592,13639,176,0.00183109
1773322308.26560235,0.03499578,6195,0.00320267,0.00000000,0,0.00000000,13639,13613,168,0.00238784
1773322308.36465406,0.02971716,6227,0.00047468,0.00000000,0,0.00000000,13613,13724,153,0.00093492
1773322308.46561432,0.02544980,6196,0.00063907,0.00000000,0,0.00000000,13724,13772,129,0.00176326
1773322308.56478310,0.03157679,6239,0.00063963,0.00000000,0,0.00000000,13772,13805,117,0.00108911
1773322308.66482615,0.03840147,6144,0.00134432,0.00000000,0,0.00000000,13805,13884,128,0.00163146
1773322308.76465273,0.03329651,6170,0.00100320,0.00000000,0,0.00000000,13884,13912,104,0.00090692
1773322308.86443734,0.03240237,6284,0.00107310,0.00000000,0,0.00000000,13912,13962,107,0.00186662
1773322308.96450925,0.03157100,6249,0.00114633,0.00000000,0,0.00000000,13962,13965,100,0.00178213
1773322309.06455469,0.03096108,6291,0.00067489,0.00000000,0,0.00000000,13965,13929,89,0.00266561
1773322309.16463995,0.02702887,6227,0.00148419,0.00000000,0,0.00000000,13929,13932,93,0.00241065
1773322309.26451993,0.03078115,6274,0.00041769,0.00000000,0,0.00000000,13932,13997,101,0.00241597
1773322309.36468363,0.02658141,6250,0.00036389,0.00000000,0,0.00000000,13997,14046,102,0.00177575
1773322309.46475887,0.02386312,6289,0.00085259,0.00000000,0,0.00000000,14046,14097,89,0.00165504
1773322309.56480074,0.03246960,6341,0.00044014,0.00000000,0,0.00000000,14097,14150,102,0.00086419
1773322309.66503572,0.02166216,6273,0.00072229,0.00000000,0,0.00000000,14150,14182,88,0.00089054
1773322309.76490545,0.03674614,6286,0.00093217,0.00000000,0,0.00000000,14182,14222,89,0.00086881
1773322309.86500955,0.03633021,6302,0.00097981,0.00000000,0,0.00000000,14222,14170,82,0.00087058
1773322309.96510696,0.03587260,6319,0.00120220,0.00000000,0,0.00000000,14170,14151,88,0.00128239
1773322310.06514430,0.03096034,6304,0.00086991,0.00000000,0,0.00000000,14151,14193,88,0.00120205
1773322310.16523409,0.03278588,6267,0.00112906,0.00000000,0,0.00000000,14193,14212,74,0.00224589
1773322310.26512241,0.03629416,6314,0.00070634,0.00000000,0,0.00000000,14212,14248,64,0.00308700
1773322310.36542058,0.02747532,6307,0.00081492,0.00000000,0,0.00000000,13710,13758,69,0.00325912
1773322310.46555352,0.03096074,6286,0.00089262,0.00000000,0,0.00000000,13758,13819,80,0.00235059
1773322310.56559682,0.03263031,6266,0.00130932,0.00000000,0,0.00000000,13819,13871,72,0.00217764
1773322310.66532731,0.02911181,6294,0.00102493,0.00000000,0,0.00000000,13871,13908,61,0.00280909
1773322310.76554823,0.02914293,6310,0.00020152,0.00000000,0,0.00000000,13908,13928,49,0.00323143
1773322310.86556816,0.02685275,6284,0.00033765,0.00000000,0,0.00000000,13928,13958,61,0.00172814
1773322310.96457887,0.03068822,6329,0.00078153,0.00000000,0,0.00000000,13958,13967,64,0.00145783
1773322311.06466746,0.03124238,6298,0.00035301,0.00000000,0,0.00000000,13967,13971,52,0.00161649
1773322311.16581154,0.01965284,6301,0.00020072,0.00000000,0,0.00000000,13971,13983,49,0.00090616
1773322311.26573920,0.03142735,6306,0.00074227,0.00000000,0,0.00000000,13983,14018,66,0.00223876
1773322311.36580563,0.03543332,6298,0.00087224,0.00000000,0,0.00000000,14018,14054,63,0.00301361
1773322311.46583915,0.03719414,6273,0.00092994,0.00000000,0,0.00000000,14054,14064,67,0.00268543
1773322311.56473303,0.03257559,6306,0.00061733,0.00000000,0,0.00000000,14064,14101,59,0.00105918
1773322311.66483355,0.03644034,6302,0.00111476,0.00000000,0,0.00000000,14101,14132,67,0.00233673
1773322311.76445413,0.03651091,6279,0.00069277,0.00000000,0,0.00000000,14132,14166,73,0.00306441
1773322311.86453819,0.03269241,6297,0.00079844,0.00000000,0,0.00000000,14166,14152,70,0.00188243
1773322311.96462321,0.03269642,6277,0.00033496,0.00000000,0,0.00000000,14152,14198,71,0.00173799
1773322312.06449866,0.03107198,6289,0.00103506,0.00000000,0,0.00000000,14198,14241,83,0.00270284
1773322312.16462779,0.04025297,6281,0.00082745,0.00000000,0,0.00000000,14241,14201,81,0.00197935
1773322312.26462889,0.03306060,6284,0.00088701,0.00000000,0,0.00000000,14201,14227,84,0.00209253
1773322312.36464810,0.03225700,6310,0.00104262,0.00000000,0,0.00000000,14227,14236,74,0.00285231
1773322312.46469808,0.03411636,6332,0.00072692,0.00000000,0,0.00000000,14236,14282,72,0.00090850
1773322312.56474519,0.03148749,6333,0.00044992,0.00000000,0,0.00000000,14282,14310,77,0.00089307
1773322312.66473889,0.02301832,6320,0.00075210,0.00000000,0,0.00000000,14310,14318,79,0.00260030
1773322312.76489758,0.03744604,6304,0.00115175,0.00000000,0,0.00000000,14318,14340,68,0.00252611
1773322312.86490059,0.03602292,6310,0.00281740,0.00000000,0,0.00000000,14340,14291,67,0.00222392
1773322312.96497750,0.03845366,6303,0.00071575,0.00000000,0,0.00000000,14291,14308,62,0.00306206
1773322313.06496143,0.03124720,6288,0.00071210,0.00000000,0,0.00000000,14308,14319,71,0.00195129
1773322313.16504407,0.03729815,6275,0.00050366,0.00000000,0,0.00000000,14319,14343,50,0.00288033
1773322313.26496625,0.03529319,6310,0.00043816,0.00000000,0,0.00000000,14343,14370,72,0.00361560
1773322313.36519003,0.03332267,6305,0.00033247,0.00000000,0,0.00000000,14370,14395,71,0.00283328
1773322313.46524882,0.02926106,6317,0.00046677,0.00000000,0,0.00000000,14395,14427,84,0.00301980
1773322313.56529093,0.03056260,6335,0.00102712,0.00000000,0,0.00000000,14427,14404,69,0.00306226
1773322313.66527915,0.03375438,6356,0.00052688,0.00000000,0,0.00000000,14404,14422,67,0.00445644
1773322313.76539040,0.03222822,6277,0.00082788,0.00000000,0,0.00000000,14422,14451,72,0.00273333
1773322313.86527419,0.03015313,6316,0.00088074,0.00000000,0,0.00000000,14451,14473,76,0.00315445
1773322313.96530080,0.02431537,6309,0.00066080,0.00000000,0,0.00000000,14473,14478,46,0.00231059
1773322314.06542134,0.03232441,6281,0.00087603,0.00000000,0,0.00000000,14478,14500,66,0.00301097
1773322314.16535401,0.02264420,6307,0.00021174,0.00000000,0,0.00000000,14500,14524,53,0.00267750
1773322314.26527548,0.03897862,6300,0.00049037,0.00000000,0,0.00000000,14524,14540,49,0.00212792
1773322314.36535931,0.03499594,6305,0.00040666,0.00000000,0,0.00000000,14540,14579,65,0.00305325
1773322314.46544290,0.02961657,6299,0.00025929,0.00000000,0,0.00000000,14579,14598,59,0.00262418
1773322314.56553626,0.03335064,6294,0.00070407,0.00000000,0,0.00000000,14598,14603,60,0.00287379
1773322314.66467500,0.03436486,6356,0.00101431,0.00000000,0,0.00000000,14603,14645,58,0.00254160
1773322314.76469684,0.03348233,6321,0.00034167,0.00000000,0,0.00000000,14645,14657,57,0.00280695
1773322314.86565757,0.03562064,6300,0.00048391,0.00000000,0,0.00000000,14657,14670,51,0.00139340
1773322314.96563816,0.03113812,6316,0.00055025,0.00000000,0,0.00000000,14670,14698,51,0.00167688
1773322315.06568289,0.03138174,6304,0.00044831,0.00000000,0,0.00000000,14698,14707,36,0.00295994
1773322315.16472673,0.03148744,6313,0.00059667,0.00000000,0,0.00000000,14707,14691,45,0.00175069
1773322315.26481771,0.03315154,6303,0.00078059,0.00000000,0,0.00000000,14691,14726,53,0.00286906
1773322315.36479259,0.03356057,6305,0.00120189,0.00000000,0,0.00000000,14726,14730,58,0.00293481
1773322315.46483970,0.03320602,6290,0.00098445,0.00000000,0,0.00000000,14730,14758,56,0.00236482
1773322315.56449056,0.03262263,6332,0.00023516,0.00000000,0,0.00000000,14758,14793,51,0.00197811
1773322315.66495061,0.02034804,6288,0.00018279,0.00000000,0,0.00000000,14793,14813,43,0.00261247
1773322315.76443315,0.04157751,6321,0.00049039,0.00000000,0,0.00000000,14813,14841,46,0.00239370
1773322315.86453366,0.03151655,6311,0.00028270,0.00000000,0,0.00000000,14841,14861,44,0.00183769
1773322315.96454382,0.03120476,6280,0.00061433,0.00000000,0,0.00000000,14861,14883,54,0.00196380
1773322316.06453514,0.03801329,6293,0.00056039,0.00000000,0,0.00000000,14883,14917,64,0.00254165
1773322316.16438389,0.03451248,6323,0.00093357,0.00000000,0,0.00000000,14917,14938,60,0.00238551
1773322316.26443052,0.03452308,6311,0.00059880,0.00000000,0,0.00000000,14938,14975,56,0.00290287
1773322316.36454773,0.03838686,6327,0.00161591,0.00000000,0,0.00000000,14975,15003,58,0.00134215
1773322316.46456575,0.03551940,6340,0.00071019,0.00000000,0,0.00000000,15003,15035,66,0.00243937
1773322316.56460810,0.03495533,6320,0.00093848,0.00000000,0,0.00000000,15035,15058,53,0.00319612
1773322316.66458964,0.03567535,6324,0.00077847,0.00000000,0,0.00000000,15058,14786,56,0.00232624
1773322316.76472044,0.03141835,6301,0.00077762,0.00000000,0,0.00000000,14786,14838,74,0.00161809
1773322316.86471701,0.03732186,6278,0.00085898,0.00000000,0,0.00000000,14838,14917,115,0.00246622
1773322316.96478391,0.03865704,6259,0.00223077,0.00000000,0,0.00000000,14917,14986,177,0.00280125
1773322317.06475258,0.03891559,6244,0.00172677,0.00000000,0,0.00000000,14986,15088,219,0.00210841
1773322317.16481924,0.02111838,6215,0.00095693,0.00000000,0,0.00000000,15088,15161,289,0.00268951
1773322317.26472592,0.04416253,6162,0.00272208,0.00000000,0,0.00000000,15161,15278,272,0.00300829
1773322317.36488938,0.03556710,6200,0.00281915,0.00000000,0,0.00000000,15278,15383,291,0.00439981
1773322317.46484900,0.03868381,6184,0.00305330,0.00000000,0,0.00000000,15383,15460,276,0.00313711
1773322317.56501818,0.03946617,6182,0.00288456,0.00000000,0,0.00000000,15460,15529,271,0.00283915
1773322317.66490149,0.03838832,6156,0.00410321,0.00000000,0,0.00000000,15529,15633,310,0.00288175
1773322317.76493335,0.03828082,6161,0.00322443,0.00000000,0,0.00000000,15633,15744,304,0.00195870
1773322317.86494994,0.04170493,6200,0.00357331,0.00000000,0,0.00000000,15744,15879,318,0.00363506
1773322317.96501350,0.03571472,6209,0.00345074,0.00000000,0,0.00000000,15879,15975,314,0.00236732
1773322318.06501245,0.03786941,6200,0.00373390,0.00000000,0,0.00000000,15975,16097,329,0.00428919
1773322318.16508436,0.03600037,6242,0.00473842,0.00000000,0,0.00000000,16097,16186,326,0.00439610
1773322318.26529336,0.03432510,6246,0.00223521,0.00000000,0,0.00000000,16186,16325,301,0.00318351
1773322318.36520720,0.03089348,6227,0.00107680,0.00000000,0,0.00000000,16325,16456,244,0.00264883
1773322318.46517372,0.03308842,6275,0.00207956,0.00000000,0,0.00000000,16456,16589,230,0.00281861
1773322318.56520534,0.02996531,6226,0.00079813,0.00000000,0,0.00000000,16209,16370,211,0.00349145
1773322318.66518307,0.01986730,6226,0.00106340,0.00000000,0,0.00000000,16370,16396,185,0.00367621
1773322318.76531148,0.03080713,6203,0.00123603,0.00000000,0,0.00000000,16396,16487,154,0.00136563
1773322318.86535740,0.03400065,6258,0.00119317,0.00000000,0,0.00000000,16487,16559,133,0.00465869
1773322318.96531081,0.02946316,6213,0.00075996,0.00000000,0,0.00000000,16559,16609,83,0.00438829
1773322319.06539845,0.03552130,6205,0.00096776,0.00000000,0,0.00000000,16609,16669,103,0.00150180
1773322319.16540384,0.03425149,6239,0.00088984,0.00000000,0,0.00000000,16669,16703,86,0.00362254
1773322319.26549435,0.03224469,6250,0.00088249,0.00000000,0,0.00000000,16703,16732,68,0.00271206
1773322319.36534095,0.03463381,6275,0.00035742,0.00000000,0,0.00000000,16732,16741,65,0.00249266
1773322319.46527410,0.02954740,6265,0.00051260,0.00000000,0,0.00000000,16741,16780,57,0.00257648
1773322319.56524229,0.02920262,6253,0.00096124,0.00000000,0,0.00000000,16780,16792,57,0.00309308
1773322319.66547847,0.02840086,6223,0.00058198,0.00000000,0,0.00000000,16792,16820,55,0.00488798
1773322319.76534796,0.02726285,6164,0.00086884,0.00000000,0,0.00000000,16820,16859,93,0.00233901
1773322319.86538577,0.02711256,6087,0.00097931,0.00000000,0,0.00000000,16859,16938,118,0.00334240
1773322319.96562171,0.02928211,6046,0.00136629,0.00000000,0,0.00000000,16938,17041,175,0.00382476
1773322320.06553149,0.03058728,5938,0.00194017,0.00000000,0,0.00000000,17041,17072,142,0.00369303
1773322320.16445065,0.02384520,5981,0.00053577,0.00000000,0,0.00000000,17072,17094,133,0.00482605
1773322320.26546955,0.02805432,5987,0.00136196,0.00000000,0,0.00000000,17094,17151,136,0.00293328
1773322320.36538076,0.02350139,5996,0.00088480,0.00000000,0,0.00000000,17151,17165,101,0.00303957
1773322320.46547222,0.02655364,5955,0.00099397,0.00000000,0,0.00000000,17165,17232,117,0.00258586
1773322320.56561470,0.02971047,5969,0.00065401,0.00000000,0,0.00000000,17232,17253,106,0.00439411
1773322320.66462755,0.03066007,5928,0.00138982,0.00000000,0,0.00000000,17253,17261,104,0.00150624
1773322320.76545238,0.02854391,5973,0.00128004,0.00000000,0,0.00000000,17261,17254,99,0.00276757
1773322320.86553669,0.02575397,5866,0.00094099,0.00000000,0,0.00000000,17254,17280,95,0.00345912
1773322320.96560597,0.02918963,5896,0.00110945,0.00000000,0,0.00000000,17280,17317,103,0.00388169
1773322321.06566715,0.02918895,5912,0.00046732,0.00000000,0,0.00000000,17317,17309,68,0.00356269
1773322321.16465664,0.02506857,5878,0.00162304,0.00000000,0,0.00000000,17309,17291,80,0.00340722
1773322321.26558566,0.02799956,5861,0.00062279,0.00000000,0,0.00000000,17291,17320,83,0.00337391
1773322321.36467814,0.03290001,5909,0.00113230,0.00000000,0,0.00000000,17320,17358,83,0.00271005
1773322321.46567774,0.02958540,5910,0.00095282,0.00000000,0,0.00000000,17358,17391,81,0.00159916
1773322321.56580210,0.03061675,5830,0.00071934,0.00000000,0,0.00000000,17391,17410,69,0.00256774
1773322321.66483164,0.02939823,5953,0.00073407,0.00000000,0,0.00000000,17410,17426,65,0.00138098
1773322321.76470280,0.02781673,5892,0.00056092,0.00000000,0,0.00000000,17426,17432,56,0.00290893
1773322321.86477947,0.03192906,6038,0.00090727,0.00000000,0,0.00000000,17432,17428,63,0.00439129
1773322321.96570182,0.03382905,6001,0.00028340,0.00000000,0,0.00000000,17428,17454,60,0.00122696
1773322322.06572938,0.02943385,6035,0.00027672,0.00000000,0,0.00000000,17454,17441,52,0.00168380
1773322322.16476512,0.02665422,6029,0.00065832,0.00000000,0,0.00000000,17441,17477,70,0.00171012
1773322322.26578331,0.02778659,6051,0.00043974,0.00000000,0,0.00000000,17477,17491,59,0.00321446
1773322322.36484146,0.02954535,6063,0.00058274,0.00000000,0,0.00000000,17491,17514,45,0.00311519
1773322322.46477985,0.03075253,6106,0.00037586,0.00000000,0,0.00000000,17514,17478,56,0.00102818
1773322322.56485438,0.02938450,6035,0.00103458,0.00000000,0,0.00000000,17478,17515,54,0.00399489
1773322322.66489911,0.02708463,6045,0.00068973,0.00000000,0,0.00000000,17515,17558,63,0.00390945
1773322322.76444411,0.02696687,6110,0.00020567,0.00000000,0,0.00000000,17558,17586,52,0.00138974
1773322322.86448431,0.03077605,6047,0.00099341,0.00000000,0,0.00000000,17586,17630,85,0.00279242
1773322322.96448350,0.02572633,6039,0.00069464,0.00000000,0,0.00000000,17630,17625,85,0.00118870
1773322323.06449914,0.02386478,6052,0.00071443,0.00000000,0,0.00000000,17625,17679,88,0.00150387
1773322323.16449881,0.02214607,6113,0.00023227,0.00000000,0,0.00000000,17679,17728,80,0.00401790
1773322323.26455879,0.02509306,6100,0.00056989,0.00000000,0,0.00000000,17728,17766,73,0.00455801
1773322323.36492777,0.02807386,6094,0.00074040,0.00000000,0,0.00000000,17766,17743,67,0.00125248
1773322323.46455455,0.02873847,6123,0.00098899,0.00000000,0,0.00000000,17743,17754,86,0.00127458
1773322323.56497145,0.02850447,6092,0.00078489,0.00000000,0,0.00000000,17754,17803,87,0.00304875
1773322323.66491365,0.02795680,6108,0.00069598,0.00000000,0,0.00000000,17803,17841,70,0.00194776
1773322323.76443553,0.03462706,6170,0.00087202,0.00000000,0,0.00000000,17841,17882,84,0.00330132
1773322323.86452532,0.02633484,6143,0.00080818,0.00000000,0,0.00000000,17882,17885,75,0.00270123
1773322323.96441150,0.02720405,6165,0.00065366,0.00000000,0,0.00000000,17885,17896,68,0.00218720
1773322324.06502628,0.03554568,6155,0.00103837,0.00000000,0,0.00000000,17896,17907,82,0.00266032
1773322324.16503382,0.02856202,6191,0.00086965,0.00000000,0,0.00000000,17907,17937,89,0.00166256
1773322324.26512766,0.02407421,6153,0.00055515,0.00000000,0,0.00000000,17937,17956,86,0.00193705
1773322324.36449075,0.02531640,6157,0.00076880,0.00000000,0,0.00000000,17956,17965,74,0.00108473
1773322324.46460128,0.02461535,6163,0.00035257,0.00000000,0,0.00000000,17965,18034,93,0.00240247
1773322324.56444645,0.02878059,6204,0.00088312,0.00000000,0,0.00000000,18034,18064,89,0.00316602
1773322324.66455507,0.01876064,6123,0.00081776,0.00000000,0,0.00000000,18064,18098,100,0.00233383
1773322324.76447797,0.02507102,6168,0.00041920,0.00000000,0,0.00000000,18098,18135,75,0.00488741
1773322324.86451030,0.02522995,6143,0.00062100,0.00000000,0,0.00000000,18135,18177,77,0.00297238
1773322324.96457481,0.03089378,6176,0.00057691,0.00000000,0,0.00000000,18177,18222,90,0.00169893
1773322325.06455946,0.02937020,6144,0.00092462,0.00000000,0,0.00000000,18222,18219,85,0.00200723
1773322325.16453958,0.03263590,6171,0.00143004,0.00000000,0,0.00000000,18219,18237,81,0.00082470
1773322325.26433778,0.02952719,6188,0.00080957,0.00000000,0,0.00000000,18237,18269,83,0.00107563
1773322325.36462808,0.02920007,6205,0.00066882,0.00000000,0,0.00000000,18269,18278,63,0.00166872
1773322325.46457195,0.02945437,6118,0.00038875,0.00000000,0,0.00000000,18278,18276,78,0.00450810
1773322325.56438422,0.02774191,6193,0.00041028,0.00000000,0,0.00000000,18276,18281,50,0.00369246
1773322325.66457462,0.02611866,6152,0.00023774,0.00000000,0,0.00000000,18281,18288,53,0.00395412
1773322325.76465440,0.02528817,6117,0.00052724,0.00000000,0,0.00000000,18288,18280,54,0.00276728
1773322325.86445737,0.02641494,6092,0.00057469,0.00000000,0,0.00000000,18280,18285,49,0.00108580
1773322325.96441793,0.02660817,6059,0.00064618,0.00000000,0,0.00000000,18285,18332,65,0.00352449
1773322326.06450629,0.02531397,6071,0.00024657,0.00000000,0,0.00000000,18332,18351,50,0.00118115
1773322326.16453576,0.01748978,5956,0.00027649,0.00000000,0,0.00000000,18351,18367,45,0.00187952
1773322326.26451492,0.02474888,5982,0.00014498,0.00000000,0,0.00000000,18367,18397,44,0.00199361
1773322326.36444712,0.02591399,5870,0.00063567,0.00000000,0,0.00000000,18397,18419,61,0.00251923
1773322326.46448636,0.03400463,5930,0.00027533,0.00000000,0,0.00000000,18419,18416,36,0.00310457
1773322326.56447792,0.03447032,5900,0.00044964,0.00000000,0,0.00000000,18416,18443,44,0.00144299
1773322326.66448069,0.02543587,5938,0.00027509,0.00000000,0,0.00000000,18443,18436,45,0.00474574
1773322326.76439691,0.02592162,5854,0.00092277,0.00000000,0,0.00000000,18436,18454,59,0.00137803
1773322326.86443090,0.02236912,5958,0.00048616,0.00000000,0,0.00000000,18454,18488,46,0.00178487
1773322326.96442652,0.02700737,5950,0.00042425,0.00000000,0,0.00000000,18488,18511,41,0.00351029
1773322327.06446600,0.02946907,5973,0.00048416,0.00000000,0,0.00000000,18511,18533,47,0.00322742
1773322327.16452551,0.02763798,5898,0.00044138,0.00000000,0,0.00000000,18533,18557,36,0.00246782
1773322327.26460791,0.02265705,5917,0.00016938,0.00000000,0,0.00000000,18557,18574,44,0.00099235
1773322327.36454630,0.02661733,5881,0.00029316,0.00000000,0,0.00000000,18574,18595,48,0.00137457
1773322327.46439433,0.02795429,5922,0.00073157,0.00000000,0,0.00000000,18595,18606,59,0.00281873
1773322327.56445241,0.02660394,5908,0.00050317,0.00000000,0,0.00000000,18606,18625,47,0.00231243
1773322327.66456676,0.02004309,5872,0.00027165,0.00000000,0,0.00000000,18625,18649,54,0.00354652
1773322327.76446533,0.02344208,5883,0.00059586,0.00000000,0,0.00000000,18649,18644,46,0.00381801
1773322327.86450505,0.02315434,5860,0.00019148,0.00000000,0,0.00000000,18644,18668,51,0.00166574
1773322327.96456480,0.02394008,5865,0.00030378,0.00000000,0,0.00000000,18668,18694,52,0.00393206
1773322328.06456113,0.02802881,5822,0.00030003,0.00000000,0,0.00000000,18694,18691,45,0.00464590
1773322328.16449928,0.02563032,5878,0.00064861,0.00000000,0,0.00000000,18691,18718,53,0.00188867
1773322328.26448703,0.02463393,5827,0.00098129,0.00000000,0,0.00000000,18718,18743,79,0.00434934
1773322328.36457658,0.02364951,5871,0.00072165,0.00000000,0,0.00000000,18743,18767,67,0.00290720
1773322328.46458888,0.02290103,5758,0.00031234,0.00000000,0,0.00000000,18767,18773,66,0.00099457
1773322328.56447935,0.02640627,5834,0.00056490,0.00000000,0,0.00000000,18773,18786,77,0.00365728
1773322328.66453242,0.02421761,5773,0.00047256,0.00000000,0,0.00000000,18786,18808,66,0.00339130
1773322328.76462317,0.02367138,5797,0.00091355,0.00000000,0,0.00000000,18808,18796,60,0.00385333
1773322328.86453199,0.02166114,5770,0.00048833,0.00000000,0,0.00000000,18796,18810,52,0.00363182
1773322328.96454978,0.02337989,5812,0.00032782,0.00000000,0,0.00000000,18810,18814,82,0.00241967
1773322329.06462836,0.02721410,5774,0.00055645,0.00000000,0,0.00000000,18814,18838,52,0.00183827
1773322329.16445231,0.01692964,5803,0.00023443,0.00000000,0,0.00000000,18838,18872,61,0.00104516
1773322329.26523018,0.02164744,5844,0.00147977,0.00000000,0,0.00000000,18872,18684,68,0.00264946
1773322329.36457157,0.02142570,5820,0.00073117,0.00000000,0,0.00000000,18684,18717,60,0.00321237
1773322329.46453023,0.02605476,5867,0.00126941,0.00000000,0,0.00000000,18717,18664,62,0.00163735
1773322329.56462240,0.02547163,5869,0.00030027,0.00000000,0,0.00000000,18664,18691,46,0.00183717
1773322329.66457415,0.02441503,5853,0.00078842,0.00000000,0,0.00000000,18691,18688,64,0.00186358
1773322329.76451516,0.01960599,5879,0.00067171,0.00000000,0,0.00000000,18688,18671,58,0.00085756
1773322329.86446571,0.02141953,5886,0.00052047,0.00000000,0,0.00000000,18671,18682,58,0.00304112
1773322329.96455169,0.02465516,5885,0.00047205,0.00000000,0,0.00000000,18682,18711,57,0.00191079
1773322330.06443524,0.02386173,5927,0.00071340,0.00000000,0,0.00000000,18711,18747,49,0.00297065
1773322330.16456676,0.02599289,5941,0.00114127,0.00000000,0,0.00000000,18747,18701,56,0.00285541
1773322330.26453328,0.02323191,5942,0.00018709,0.00000000,0,0.00000000,18701,18717,43,0.00274026
1773322330.36455631,0.02637175,5991,0.00031549,0.00000000,0,0.00000000,18717,18716,49,0.00240327
1773322330.46457267,0.02257232,5901,0.00032739,0.00000000,0,0.00000000,18716,18746,47,0.00140652
1773322330.56451488,0.02003340,5924,0.00058303,0.00000000,0,0.00000000,18746,18750,54,0.00288609
1773322330.66446757,0.01934564,5907,0.00025560,0.00000000,0,0.00000000,18750,18779,49,0.00305403
1773322330.76453424,0.01916229,5969,0.00031335,0.00000000,0,0.00000000,18779,18768,44,0.00129501
1773322330.86450219,0.02564916,5987,0.00065094,0.00000000,0,0.00000000,18768,18803,49,0.00304666
1773322330.96452022,0.02196011,6025,0.00034178,0.00000000,0,0.00000000,18803,18823,40,0.00325208
1773322331.06450558,0.02087016,6037,0.00071363,0.00000000,0,0.00000000,18823,18796,45,0.00266356
1773322331.16448855,0.02762914,6058,0.00023223,0.00000000,0,0.00000000,18249,18268,37,0.00252483
1773322331.26453447,0.02993846,6107,0.00086506,0.00000000,0,0.00000000,18268,18241,47,0.00218088
1773322331.36466932,0.02535643,6099,0.00042172,0.00000000,0,0.00000000,18241,18264,40,0.00317494
1773322331.46456361,0.02178490,6063,0.00064265,0.00000000,0,0.00000000,18264,18276,55,0.00382482
1773322331.56441617,0.02028864,6125,0.00050951,0.00000000,0,0.00000000,18276,18310,54,0.00352210
1773322331.66451335,0.02287211,6103,0.00028593,0.00000000,0,0.00000000,18310,18333,39,0.00408824
1773322331.76458693,0.02160549,6086,0.00117760,0.00000000,0,0.00000000,18333,18271,50,0.00149738
1773322331.86455917,0.01681966,6099,0.00020961,0.00000000,0,0.00000000,18271,18296,54,0.00294595
1773322331.96439767,0.01817312,6083,0.00025840,0.00000000,0,0.00000000,18296,18293,46,0.00316522
1773322332.06443310,0.01866239,6163,0.00039992,0.00000000,0,0.00000000,18293,18330,45,0.00313499
1773322332.16461563,0.01743150,6088,0.00027228,0.00000000,0,0.00000000,18330,18339,52,0.00189994
1773322332.26459074,0.01731781,6094,0.00045801,0.00000000,0,0.00000000,18339,18348,47,0.00357827
1773322332.36458921,0.02114633,6086,0.00032494,0.00000000,0,0.00000000,18348,18360,46,0.00305147
1773322332.46439815,0.01909503,6176,0.00057617,0.00000000,0,0.00000000,18360,18356,34,0.00141431
1773322332.56458020,0.02044536,6161,0.00049997,0.00000000,0,0.00000000,18356,18378,36,0.00263216
1773322332.66443515,0.02069340,6245,0.00029594,0.00000000,0,0.00000000,18378,18352,45,0.00318084
1773322332.76450634,0.02307824,6235,0.00044390,0.00000000,0,0.00000000,18352,18383,45,0.00331605
1773322332.86676049,0.02007588,6263,0.00028804,0.00000000,0,0.00000000,18383,18395,30,0.00174417
1773322332.96444154,0.01717596,6321,0.00037800,0.00000000,0,0.00000000,18395,18407,33,0.00356694
1773322333.06458807,0.01691099,6260,0.00014627,0.00000000,0,0.00000000,18407,18424,30,0.00224800
1773322333.16439891,0.01920546,6345,0.00020333,0.00000000,0,0.00000000,18424,18447,34,0.00160627
1773322333.26459193,0.02030687,6287,0.00060475,0.00000000,0,0.00000000,18447,18454,46,0.00174304
1773322333.36449957,0.01705198,6292,0.00042341,0.00000000,0,0.00000000,18454,18466,42,0.00292018
1773322333.46451306,0.01803910,6259,0.00028102,0.00000000,0,0.00000000,18466,18480,46,0.00231116
1773322333.56443620,0.02114639,6314,0.00033504,0.00000000,0,0.00000000,18480,18479,43,0.00389836
1773322333.66505456,0.01885359,6209,0.00027297,0.00000000,0,0.00000000,18479,18509,45,0.00195273
1773322333.76440144,0.01265283,6315,0.00034185,0.00000000,0,0.00000000,18509,18512,42,0.00239641
1773322333.86460662,0.01794835,6226,0.00053231,0.00000000,0,0.00000000,18512,18513,52,0.00368029
1773322333.96448541,0.02021578,6306,0.00067024,0.00000000,0,0.00000000,18513,18485,42,0.00167627
1773322334.06455874,0.02118129,6301,0.00083885,0.00000000,0,0.00000000,18485,18495,58,0.00195429
1773322334.16516161,0.02288032,6280,0.00035140,0.00000000,0,0.00000000,18495,18514,38,0.00170415
1773322334.26510334,0.01973816,6341,0.00040873,0.00000000,0,0.00000000,18514,18513,44,0.00352309
1773322334.36505771,0.01677354,6280,0.00056711,0.00000000,0,0.00000000,18513,18516,50,0.00097657
1773322334.46454358,0.01443238,6321,0.00031519,0.00000000,0,0.00000000,18516,18535,34,0.00124856
1773322334.56443810,0.01528612,6297,0.00080298,0.00000000,0,0.00000000,18535,18504,59,0.00407023
1773322334.66433811,0.01634388,6360,0.00017832,0.00000000,0,0.00000000,18504,18512,40,0.00276791
1773322334.76448083,0.02322586,6326,0.00041458,0.00000000,0,0.00000000,18512,18483,40,0.00282526
1773322334.86448336,0.01927903,6339,0.00027273,0.00000000,0,0.00000000,18483,18503,43,0.00236765
1773322334.96447515,0.01863366,6356,0.00039400,0.00000000,0,0.00000000,18503,18520,35,0.00370069
1773322335.06445956,0.02217155,6327,0.00024745,0.00000000,0,0.00000000,18520,18522,36,0.00299457
1773322335.16443944,0.01506813,6315,0.00024950,0.00000000,0,0.00000000,18522,18547,51,0.00287113
1773322335.26444244,0.02121795,6337,0.00073864,0.00000000,0,0.00000000,18547,18562,37,0.00167057
1773322335.36442685,0.02438995,6372,0.00052735,0.00000000,0,0.00000000,18562,18583,48,0.00213449
1773322335.46459484,0.01723480,6327,0.00015151,0.00000000,0,0.00000000,18583,18553,32,0.00313810
1773322335.56459880,0.02178862,6361,0.00052911,0.00000000,0,0.00000000,18553,18566,38,0.00161871
1773322335.66502714,0.01683830,6303,0.00020480,0.00000000,0,0.00000000,18566,18584,58,0.00236985
1773322335.76446366,0.02150701,6365,0.00030226,0.00000000,0,0.00000000,18584,18604,56,0.00307311
1773322335.86493015,0.02186148,6335,0.00065405,0.00000000,0,0.00000000,18604,18627,50,0.00134068
1773322335.96481776,0.01500434,6311,0.00031724,0.00000000,0,0.00000000,18627,18648,47,0.00335502
1773322336.06484604,0.02011574,6328,0.00053549,0.00000000,0,0.00000000,18648,18664,56,0.00444419
1773322336.16480851,0.01953488,6317,0.00048834,0.00000000,0,0.00000000,18664,18679,42,0.00282586
1773322336.26436782,0.01831119,6372,0.00058460,0.00000000,0,0.00000000,18679,18676,37,0.00104569
1773322336.36482549,0.01606533,6373,0.00015204,0.00000000,0,0.00000000,18676,18699,42,0.00322323
1773322336.46495390,0.02331146,6321,0.00060176,0.00000000,0,0.00000000,18699,18739,64,0.00102326
1773322336.56444120,0.01964518,6392,0.00041031,0.00000000,0,0.00000000,18739,18755,44,0.00135373
1773322336.66486287,0.01813838,6366,0.00022860,0.00000000,0,0.00000000,18755,18767,45,0.00218754
1773322336.76482224,0.02314609,6381,0.00049263,0.00000000,0,0.00000000,18767,18788,55,0.00336873
1773322336.86473513,0.01940766,6350,0.00026634,0.00000000,0,0.00000000,18518,18539,39,0.00296494
1773322336.96444535,0.02319106,6402,0.00073733,0.00000000,0,0.00000000,18539,18536,44,0.00440124
1773322337.06475163,0.01871243,6370,0.00042673,0.00000000,0,0.00000000,18536,18546,40,0.00123293
1773322337.16472721,0.01872716,6385,0.00016514,0.00000000,0,0.00000000,18546,18554,27,0.00221328
1773322337.26468396,0.02258809,6380,0.00054673,0.00000000,0,0.00000000,18554,18536,39,0.00147550
1773322337.36469769,0.01641364,6392,0.00039773,0.00000000,0,0.00000000,18536,18540,41,0.00198209
1773322337.46473169,0.02382246,6349,0.00037598,0.00000000,0,0.00000000,18540,18539,38,0.00179847
1773322337.56475258,0.02002808,6396,0.00043096,0.00000000,0,0.00000000,18539,18541,38,0.00101576
1773322337.66566014,0.01877705,6353,0.00083541,0.00000000,0,0.00000000,18541,18426,41,0.00078155
1773322337.76480007,0.01804118,6374,0.00048721,0.00000000,0,0.00000000,18426,18448,35,0.00072381
1773322337.86469769,0.01893822,6353,0.00037306,0.00000000,0,0.00000000,18448,18472,40,0.00190594
1773322337.96463013,0.02024625,6347,0.00016985,0.00000000,0,0.00000000,18472,18500,39,0.00426912
1773322338.06568551,0.01853125,6341,0.00062568,0.00000000,0,0.00000000,18500,18521,57,0.00343122
1773322338.16564202,0.02301089,6354,0.00124567,0.00000000,0,0.00000000,18521,18502,40,0.00112029
1773322338.26561117,0.02380916,6371,0.00031079,0.00000000,0,0.00000000,18502,18526,35,0.00379940
1773322338.36457610,0.01546670,6390,0.00028918,0.00000000,0,0.00000000,18526,18525,48,0.00242487
1773322338.46599388,0.02266418,6342,0.00065847,0.00000000,0,0.00000000,18525,18548,44,0.00243911
1773322338.56564593,0.02307886,6318,0.00088039,0.00000000,0,0.00000000,18548,18552,43,0.00297203
1773322338.66533613,0.01698556,6417,0.00039672,0.00000000,0,0.00000000,18552,18582,43,0.00168057
1773322338.76555920,0.01833393,6368,0.00030141,0.00000000,0,0.00000000,18582,18605,36,0.00340057
1773322338.86556268,0.01998732,6381,0.00025428,0.00000000,0,0.00000000,18605,18622,38,0.00265453
1773322338.96571684,0.02000839,6368,0.00021911,0.00000000,0,0.00000000,18622,18637,47,0.00115093
1773322339.06571960,0.02113988,6352,0.00038792,0.00000000,0,0.00000000,18637,18644,40,0.00231330
1773322339.16569614,0.02426006,6345,0.00093057,0.00000000,0,0.00000000,18644,18656,49,0.00122765
1773322339.26558995,0.01619265,6382,0.00013190,0.00000000,0,0.00000000,18656,18672,34,0.00449600
1773322339.36551428,0.01804550,6380,0.00025180,0.00000000,0,0.00000000,18672,18686,42,0.00214686
1773322339.46551394,0.02003009,6357,0.00039538,0.00000000,0,0.00000000,18686,18673,24,0.00101618
1773322339.56549668,0.01586473,6350,0.00023897,0.00000000,0,0.00000000,18673,18686,25,0.00366687
1773322339.66456008,0.01975608,6381,0.00021446,0.00000000,0,0.00000000,18686,18652,28,0.00311808
1773322339.76564431,0.02168391,6355,0.00078615,0.00000000,0,0.00000000,18652,18662,33,0.00338603
1773322339.86555052,0.02034620,6362,0.00022943,0.00000000,0,0.00000000,18662,18677,25,0.00189408
1773322339.96552944,0.01506199,6382,0.00034582,0.00000000,0,0.00000000,18677,18699,35,0.00245146
1773322340.06558132,0.02480733,6372,0.00057860,0.00000000,0,0.00000000,18699,18683,38,0.00292904
1773322340.16547847,0.02153508,6347,0.00026250,0.00000000,0,0.00000000,18683,18694,22,0.00217295
1773322340.26541305,0.01768506,6328,0.00056847,0.00000000,0,0.00000000,18694,18672,33,0.00107918
1773322340.36538792,0.01710630,6352,0.00037812,0.00000000,0,0.00000000,18672,18675,30,0.00326762
1773322340.46549201,0.02139870,6314,0.00020464,0.00000000,0,0.00000000,18675,18686,37,0.00395581
1773322340.56547832,0.01654496,6241,0.00029957,0.00000000,0,0.00000000,18686,18693,28,0.00300806
1773322340.66440797,0.01734463,6308,0.00084222,0.00000000,0,0.00000000,18693,18578,35,0.00259084
1773322340.76542664,0.02736404,6258,0.00080685,0.00000000,0,0.00000000,18578,18601,38,0.00351707
1773322340.86548448,0.01725964,6284,0.00059788,0.00000000,0,0.00000000,18601,18609,39,0.00201709
1773322340.96560979,0.01908078,6237,0.00018854,0.00000000,0,0.00000000,18609,18632,36,0.00158213
1773322341.06526113,0.01951002,6280,0.00033442,0.00000000,0,0.00000000,18632,18636,25,0.00320227
1773322341.16547823,0.01467257,6247,0.00008527,0.00000000,0,0.00000000,18636,18644,24,0.00273485
1773322341.26539779,0.01681640,6242,0.00018877,0.00000000,0,0.00000000,18644,18662,31,0.00317928
1773322341.36518264,0.01740819,6300,0.00010829,0.00000000,0,0.00000000,18662,18681,30,0.00332890
1773322341.46534014,0.02534301,6240,0.00015854,0.00000000,0,0.00000000,18681,18695,25,0.00096526
1773322341.56536317,0.01907755,6209,0.00038764,0.00000000,0,0.00000000,18695,18708,32,0.00175235
1773322341.66527009,0.02385058,6279,0.00047600,0.00000000,0,0.00000000,18708,18720,29,0.00154152
1773322341.76545644,0.02412471,6257,0.00047570,0.00000000,0,0.00000000,18720,18740,41,0.00166725
1773322341.86528659,0.01912232,6221,0.00043648,0.00000000,0,0.00000000,18740,18765,37,0.00100903
1773322341.96521521,0.02062852,6230,0.00016860,0.00000000,0,0.00000000,18765,18762,32,0.00276523
1773322342.06522083,0.02405903,6230,0.00039539,0.00000000,0,0.00000000,18762,18733,26,0.00165588
1773322342.16519833,0.01780029,6259,0.00050458,0.00000000,0,0.00000000,18733,18744,41,0.00289265
1773322342.26530766,0.01552133,6249,0.00035000,0.00000000,0,0.00000000,18744,18760,33,0.00171284
1773322342.36526752,0.01751835,6235,0.00015911,0.00000000,0,0.00000000,18760,18771,33,0.00207262
1773322342.46520019,0.01895864,6284,0.00017747,0.00000000,0,0.00000000,18771,18782,27,0.00237976
1773322342.56516600,0.01770147,6240,0.00017129,0.00000000,0,0.00000000,18782,18796,22,0.00156971
1773322342.66514540,0.02273290,6263,0.00019644,0.00000000,0,0.00000000,18796,18762,25,0.00354751
1773322342.76515794,0.01625404,6245,0.00040965,0.00000000,0,0.00000000,18762,18764,24,0.00266634
1773322342.86509919,0.01791023,6262,0.00028574,0.00000000,0,0.00000000,18764,18783,31,0.00237725
1773322342.96507144,0.01938183,6264,0.00019534,0.00000000,0,0.00000000,18783,18779,30,0.00227681
1773322343.06503725,0.01524995,6294,0.00016198,0.00000000,0,0.00000000,18779,18787,27,0.00328380
1773322343.16518140,0.02771671,6256,0.00032200,0.00000000,0,0.00000000,18787,18800,26,0.00118236
1773322343.26514101,0.02087406,6248,0.00032582,0.00000000,0,0.00000000,18800,18791,22,0.00256389
1773322343.36505246,0.01800484,6278,0.00033656,0.00000000,0,0.00000000,18791,18787,29,0.00275170
1773322343.46502042,0.01862179,6279,0.00011224,0.00000000,0,0.00000000,18787,18788,27,0.00131261
1773322343.56529212,0.01787925,6255,0.00018191,0.00000000,0,0.00000000,18788,18791,15,0.00383352
1773322343.66493201,0.01656574,6276,0.00011122,0.00000000,0,0.00000000,18791,18783,22,0.00124017
1773322343.76504421,0.01947806,6253,0.00018296,0.00000000,0,0.00000000,18783,18749,29,0.00286322
1773322343.86490393,0.01955613,6265,0.00028877,0.00000000,0,0.00000000,18749,18753,25,0.00292295
1773322343.96499467,0.02504165,6289,0.00036982,0.00000000,0,0.00000000,18753,18751,25,0.00356801
1773322344.06486678,0.01787385,6277,0.00013726,0.00000000,0,0.00000000,18751,18760,21,0.00333019
1773322344.16493440,0.01636550,6253,0.00008650,0.00000000,0,0.00000000,18760,18768,17,0.00175181
1773322344.26491904,0.01943119,6223,0.00034462,0.00000000,0,0.00000000,18768,18789,24,0.00126755
1773322344.36455870,0.01770197,6271,0.00034836,0.00000000,0,0.00000000,18789,18806,35,0.00118900
1773322344.46496391,0.02204660,6244,0.00070305,0.00000000,0,0.00000000,18806,18819,32,0.00192403
1773322344.56488228,0.02054709,6248,0.00036085,0.00000000,0,0.00000000,18819,18833,26,0.00131926
1773322344.66496205,0.02141690,6259,0.00024925,0.00000000,0,0.00000000,18833,18845,25,0.00380624
1773322344.76470256,0.01667699,6267,0.00044238,0.00000000,0,0.00000000,18845,18843,25,0.00304839
1773322344.86486721,0.01350094,6192,0.00026505,0.00000000,0,0.00000000,18843,18854,30,0.00305332
1773322344.96466351,0.01973421,6279,0.00021870,0.00000000,0,0.00000000,18854,18862,38,0.00147821
1773322345.06464553,0.01937495,6221,0.00045955,0.00000000,0,0.00000000,18862,18883,38,0.00175711
1773322345.16475868,0.01502700,6219,0.00013834,0.00000000,0,0.00000000,18883,18903,34,0.00158132
1773322345.26474643,0.01962718,6190,0.00017617,0.00000000,0,0.00000000,18903,18909,31,0.00159255
1773322345.36467123,0.02217899,6154,0.00097667,0.00000000,0,0.00000000,18909,18875,52,0.00190983
1773322345.46460509,0.01779480,6172,0.00044709,0.00000000,0,0.00000000,18875,18881,38,0.00110514
1773322345.56456017,0.02597630,6245,0.00029540,0.00000000,0,0.00000000,18881,18904,48,0.00343220
1773322345.66470265,0.01313826,6142,0.00022221,0.00000000,0,0.00000000,18904,18918,32,0.00093018
1773322345.76474333,0.01680590,6174,0.00020552,0.00000000,0,0.00000000,18918,18942,38,0.00265047
1773322345.86450768,0.01942987,6187,0.00018516,0.00000000,0,0.00000000,18942,18962,35,0.00085808
1773322345.96465540,0.01741790,6221,0.00034232,0.00000000,0,0.00000000,18962,18975,39,0.00319896
1773322346.06460285,0.01478475,6210,0.00014354,0.00000000,0,0.00000000,18975,18971,35,0.00214958
1773322346.16454077,0.01903050,6251,0.00018762,0.00000000,0,0.00000000,18971,18970,38,0.00204271
1773322346.26447964,0.02161503,6242,0.00045777,0.00000000,0,0.00000000,18970,18986,38,0.00277074
1773322346.36457491,0.01557396,6230,0.00015904,0.00000000,0,0.00000000,18986,18995,38,0.00136107
1773322346.46440625,0.02055286,6283,0.00024075,0.00000000,0,0.00000000,18995,19020,32,0.00298347
1773322346.56457400,0.01826741,6252,0.00068129,0.00000000,0,0.00000000,19020,18978,38,0.00286447
1773322346.66443682,0.01571757,6282,0.00015552,0.00000000,0,0.00000000,18978,18996,32,0.00127663
1773322346.76444101,0.02165303,6297,0.00052832,0.00000000,0,0.00000000,18996,19012,37,0.00343458
1773322346.86457872,0.02051444,6265,0.00032647,0.00000000,0,0.00000000,19012,19008,23,0.00283923
1773322346.96452856,0.01691056,6280,0.00017154,0.00000000,0,0.00000000,19008,19003,28,0.00215722
1773322347.06448483,0.01863621,6322,0.00026975,0.00000000,0,0.00000000,19003,19022,27,0.00372171
1773322347.16457057,0.01550732,6335,0.00014464,0.00000000,0,0.00000000,19022,19031,32,0.00214182
1773322347.26460671,0.01912604,6334,0.00032048,0.00000000,0,0.00000000,19031,19045,30,0.00152955
1773322347.36449432,0.01826286,6341,0.00049270,0.00000000,0,0.00000000,19045,19015,30,0.00307050
1773322347.46452069,0.02213639,6355,0.00036008,0.00000000,0,0.00000000,19015,19040,31,0.00088683
1773322347.56444287,0.02141921,6387,0.00030083,0.00000000,0,0.00000000,19040,19029,35,0.00266989
1773322347.66445637,0.01760440,6386,0.00025606,0.00000000,0,0.00000000,19029,19048,41,0.00108402
1773322347.76440597,0.01837139,6348,0.00014925,0.00000000,0,0.00000000,19048,19066,29,0.00160626
1773322347.86431980,0.01889411,6412,0.00018749,0.00000000,0,0.00000000,19066,19080,34,0.00307573
1773322347.96458960,0.01525647,6368,0.00011825,0.00000000,0,0.00000000,19080,19094,27,0.00310452
1773322348.06465554,0.01675610,6411,0.00009482,0.00000000,0,0.00000000,19094,19112,22,0.00097090
1773322348.16479230,0.01646730,6375,0.00032692,0.00000000,0,0.00000000,19112,19094,26,0.00331878
1773322348.26473665,0.01662816,6359,0.00021662,0.00000000,0,0.00000000,19094,19035,29,0.00190096
1773322348.36472988,0.01781580,6399,0.00012545,0.00000000,0,0.00000000,19035,19034,23,0.00324676
1773322348.46440911,0.02424261,6406,0.00047047,0.00000000,0,0.00000000,19034,19042,28,0.00261663
1773322348.56477046,0.01889488,6380,0.00022744,0.00000000,0,0.00000000,19042,19039,15,0.00133916
1773322348.66490698,0.02661428,6381,0.00030946,0.00000000,0,0.00000000,19039,19060,28,0.00294143
1773322348.76469088,0.01434498,6433,0.00029885,0.00000000,0,0.00000000,19060,19067,27,0.00207497
1773322348.86566877,0.01880397,6387,0.00013745,0.00000000,0,0.00000000,19067,19054,23,0.00268380
1773322348.96566606,0.02163689,6390,0.00008048,0.00000000,0,0.00000000,19054,19063,12,0.00307233
1773322349.06468105,0.02058651,6415,0.00028442,0.00000000,0,0.00000000,19063,19030,22,0.00266257
1773322349.16571784,0.01886298,6387,0.00014004,0.00000000,0,0.00000000,19030,19047,29,0.00086318
1773322349.26565242,0.02338934,6399,0.00011423,0.00000000,0,0.00000000,19047,19054,20,0.00321017
1773322349.36562014,0.01926105,6406,0.00032944,0.00000000,0,0.00000000,19054,19057,22,0.00214579
1773322349.46557665,0.01684986,6393,0.00005882,0.00000000,0,0.00000000,19057,19067,15,0.00092618
1773322349.56552005,0.02024115,6383,0.00014931,0.00000000,0,0.00000000,19067,19069,22,0.00287245
1773322349.66470838,0.02756225,6409,0.00014523,0.00000000,0,0.00000000,19069,19072,24,0.00256934
1773322349.76566172,0.01797463,6342,0.00014534,0.00000000,0,0.00000000,19072,19079,11,0.00205584
1773322349.86459517,0.02429568,6380,0.00018658,0.00000000,0,0.00000000,19079,19072,27,0.00344014
1773322349.96461105,0.02173887,6420,0.00058808,0.00000000,0,0.00000000,19072,19040,32,0.00305302
1773322350.06561565,0.02222569,6385,0.00020642,0.00000000,0,0.00000000,19040,19042,25,0.00166710
1773322350.16552401,0.02146603,6354,0.00036437,0.00000000,0,0.00000000,19042,19038,28,0.00247681
1773322350.26541448,0.01548576,6380,0.00022273,0.00000000,0,0.00000000,19038,19052,41,0.00158112
1773322350.36547565,0.02254513,6364,0.00043529,0.00000000,0,0.00000000,19052,19046,30,0.00180957
1773322350.46551967,0.02354818,6351,0.00036579,0.00000000,0,0.00000000,19046,19005,32,0.00480000
1773322350.56535530,0.02029360,6358,0.00056421,0.00000000,0,0.00000000,19005,19014,47,0.00161443
1773322350.66532063,0.02456167,6363,0.00073811,0.00000000,0,0.00000000,19014,19024,34,0.00093089
1773322350.76532555,0.01959463,6397,0.00050628,0.00000000,0,0.00000000,19024,19049,33,0.00274225
1773322350.86547542,0.02229995,6361,0.00016311,0.00000000,0,0.00000000,19049,19076,36,0.00109707
1773322350.96541619,0.01879242,6376,0.00042693,0.00000000,0,0.00000000,19076,19096,43,0.00378326
1773322351.06535435,0.01847038,6394,0.00035938,0.00000000,0,0.00000000,19096,19112,39,0.00349591
1773322351.16538215,0.02236092,6385,0.00020749,0.00000000,0,0.00000000,19112,19125,37,0.00216211
1773322351.26532745,0.02188471,6402,0.00037127,0.00000000,0,0.00000000,19125,19133,30,0.00258168
1773322351.36536670,0.01894185,6369,0.00030327,0.00000000,0,0.00000000,19133,19153,32,0.00115399
1773322351.46538925,0.01746064,6382,0.00008870,0.00000000,0,0.00000000,19153,19150,23,0.00262598
1773322351.56537962,0.02520107,6391,0.00051818,0.00000000,0,0.00000000,19150,19163,30,0.00257573
1773322351.66528296,0.01612983,6361,0.00028246,0.00000000,0,0.00000000,19163,19156,38,0.00212089
1773322351.76526856,0.01918244,6353,0.00039798,0.00000000,0,0.00000000,19156,19139,39,0.00170013
1773322351.86535835,0.02097240,6356,0.00033510,0.00000000,0,0.00000000,19139,19131,26,0.00168947
1773322351.96523905,0.01959737,6374,0.00037685,0.00000000,0,0.00000000,19131,19148,29,0.00277067
1773322352.06523848,0.01776258,6373,0.00031637,0.00000000,0,0.00000000,19148,19159,28,0.00157324
1773322352.16516972,0.02205145,6388,0.00020198,0.00000000,0,0.00000000,19159,19164,16,0.00245350
1773322352.26516557,0.01651637,6373,0.00013437,0.00000000,0,0.00000000,19164,19164,18,0.00100769
1773322352.36512613,0.01457910,6405,0.00013391,0.00000000,0,0.00000000,19164,19168,13,0.00202832
1773322352.46510029,0.01783294,6417,0.00026155,0.00000000,0,0.00000000,19168,19175,21,0.00268642
1773322352.56524968,0.02016704,6396,0.00019908,0.00000000,0,0.00000000,19175,19186,12,0.00090495
1773322352.66513085,0.01502880,6390,0.00014713,0.00000000,0,0.00000000,19186,19198,15,0.00212967
1773322352.76515007,0.01933106,6410,0.00022141,0.00000000,0,0.00000000,19198,19208,17,0.00166115
1773322352.86513281,0.02116485,6399,0.00043944,0.00000000,0,0.00000000,19208,19214,15,0.00244703
1773322352.96510077,0.01486800,6371,0.00018992,0.00000000,0,0.00000000,19214,19217,16,0.00106751
1773322353.06489968,0.01922174,6398,0.00026608,0.00000000,0,0.00000000,19217,19199,17,0.00292024
1773322353.16489196,0.01163924,6459,0.00004724,0.00000000,0,0.00000000,19199,19209,15,0.00169229
1773322353.26497793,0.01496795,6420,0.00021311,0.00000000,0,0.00000000,19209,19195,11,0.00122971
1773322353.36498857,0.02026592,6395,0.00022303,0.00000000,0,0.00000000,19195,19189,17,0.00206173
1773322353.46492314,0.01703239,6380,0.00010093,0.00000000,0,0.00000000,19189,19194,18,0.00160760
1773322353.56492829,0.01534133,6404,0.00007148,0.00000000,0,0.00000000,19194,19201,10,0.00091730
1773322353.66487432,0.01646482,6396,0.00008185,0.00000000,0,0.00000000,19201,19207,17,0.00138865
1773322353.76480722,0.01820649,6406,0.00019696,0.00000000,0,0.00000000,19207,19205,13,0.00168132
1773322353.86475754,0.01533406,6377,0.00020384,0.00000000,0,0.00000000,19205,19211,13,0.00238574
1773322353.96477246,0.01460548,6360,0.00010682,0.00000000,0,0.00000000,19211,19207,21,0.00191899
1773322354.06470466,0.01650306,6346,0.00022281,0.00000000,0,0.00000000,19207,19199,23,0.00307663
1773322354.16470671,0.01252882,6318,0.00006559,0.00000000,0,0.00000000,19199,19209,14,0.00151750
1773322354.26474857,0.01586218,6223,0.00019625,0.00000000,0,0.00000000,19209,19219,15,0.00305959
1773322354.36473012,0.01611917,6228,0.00013511,0.00000000,0,0.00000000,19219,19217,23,0.00343890
1773322354.46465158,0.01552704,6208,0.00033755,0.00000000,0,0.00000000,19217,19225,46,0.00261614
1773322354.56463909,0.01427949,6192,0.00028536,0.00000000,0,0.00000000,19225,19230,34,0.00098163
1773322354.66465664,0.01520057,6216,0.00018184,0.00000000,0,0.00000000,19230,19249,45,0.00244302
1773322354.76468658,0.01523371,6116,0.00044785,0.00000000,0,0.00000000,19249,19273,45,0.00144947
1773322354.86455774,0.01744903,6031,0.00042942,0.00000000,0,0.00000000,19273,19267,46,0.00085315
1773322354.96457219,0.01493204,6052,0.00043375,0.00000000,0,0.00000000,19267,19284,49,0.00217951
1773322355.06455112,0.01430771,5998,0.00048975,0.00000000,0,0.00000000,19284,19306,44,0.00260879
1773322355.16458249,0.01810230,6046,0.00078942,0.00000000,0,0.00000000,19306,19328,46,0.00164422
1773322355.26460195,0.01363178,5942,0.00085937,0.00000000,0,0.00000000,19328,19295,62,0.00121736
1773322355.36440849,0.01733306,5970,0.00029255,0.00000000,0,0.00000000,19295,19310,40,0.00253177
1773322355.46437144,0.01510010,6003,0.00060088,0.00000000,0,0.00000000,19310,19317,47,0.00202287
1773322355.56455469,0.01537878,5988,0.00029364,0.00000000,0,0.00000000,19317,19330,35,0.00165983
1773322355.66449547,0.01238115,6000,0.00042423,0.00000000,0,0.00000000,19330,19341,30,0.00207932
1773322355.76453114,0.01205793,5915,0.00015062,0.00000000,0,0.00000000,19341,19363,32,0.00177139
1773322355.86436462,0.01485977,6020,0.00017711,0.00000000,0,0.00000000,19363,19360,35,0.00183032
1773322355.96443582,0.01619453,6002,0.00038440,0.00000000,0,0.00000000,19360,19381,43,0.00184336
1773322356.06448460,0.01137420,6010,0.00031081,0.00000000,0,0.00000000,19381,19399,33,0.00211305
1773322356.16447377,0.01499446,5987,0.00017232,0.00000000,0,0.00000000,19399,19400,30,0.00339867
1773322356.26449776,0.01036374,6034,0.00022953,0.00000000,0,0.00000000,19400,19397,23,0.00223635
1773322356.36445928,0.01021605,5984,0.00033133,0.00000000,0,0.00000000,19397,19410,26,0.00193067
1773322356.46442246,0.01223015,5976,0.00032528,0.00000000,0,0.00000000,19410,19407,29,0.00105222
1773322356.56487799,0.01352030,6003,0.00016168,0.00000000,0,0.00000000,19407,19400,28,0.00175276
1773322356.66487050,0.01528264,6055,0.00033003,0.00000000,0,0.00000000,19400,19405,26,0.00095141
1773322356.76493144,0.01422520,6063,0.00023735,0.00000000,0,0.00000000,19405,19413,25,0.00082361
1773322356.86483788,0.01356654,6078,0.00009702,0.00000000,0,0.00000000,19413,19425,19,0.00275554
1773322356.96682954,0.01282378,6046,0.00008694,0.00000000,0,0.00000000,19425,19442,25,0.00274885
1773322357.06430626,0.01507049,6139,0.00010633,0.00000000,0,0.00000000,19442,19454,24,0.00220333
1773322357.16485381,0.01624752,6123,0.00025522,0.00000000,0,0.00000000,19454,19433,14,0.00114983
1773322357.26487279,0.01912844,6221,0.00028781,0.00000000,0,0.00000000,19433,19443,23,0.00158899
1773322357.36607075,0.01676860,6196,0.00012103,0.00000000,0,0.00000000,19443,19445,12,0.00190534
1773322357.46579409,0.01531931,6203,0.00007794,0.00000000,0,0.00000000,19445,19456,15,0.00229178
1773322357.56480789,0.01774432,6222,0.00018546,0.00000000,0,0.00000000,19456,19442,9,0.00164163
1773322357.66483068,0.01205655,6241,0.00007044,0.00000000,0,0.00000000,19442,19444,14,0.00099220
1773322357.76574254,0.01312907,6234,0.00003064,0.00000000,0,0.00000000,19444,19450,8,0.00082662
1773322357.86574507,0.01325216,6176,0.00006917,0.00000000,0,0.00000000,19450,19451,14,0.00197515
1773322357.96574306,0.01590659,6113,0.00008683,0.00000000,0,0.00000000,19451,19452,14,0.00348698
1773322358.06466556,0.01693620,6118,0.00022844,0.00000000,0,0.00000000,19452,19454,21,0.00179189
1773322358.16461873,0.01647395,6174,0.00027417,0.00000000,0,0.00000000,19454,19434,18,0.00296894
1773322358.26572466,0.01572342,6111,0.00011004,0.00000000,0,0.00000000,19434,19447,22,0.00272921
1773322358.36566544,0.01799589,6129,0.00012252,0.00000000,0,0.00000000,19447,19446,16,0.00216006
1773322358.46562648,0.01479275,6106,0.00023578,0.00000000,0,0.00000000,19446,19446,20,0.00342954
1773322358.56451344,0.01429212,6178,0.00015588,0.00000000,0,0.00000000,19446,19450,11,0.00188418
1773322358.66449499,0.01354855,6152,0.00008252,0.00000000,0,0.00000000,19450,19443,16,0.00224833
1773322358.76451755,0.01515418,6208,0.00007979,0.00000000,0,0.00000000,19443,19446,17,0.00166229
1773322358.86540651,0.01734667,6200,0.00028334,0.00000000,0,0.00000000,19446,19457,24,0.00121333
1773322358.96540928,0.01821296,6221,0.00014392,0.00000000,0,0.00000000,19457,19466,21,0.00125671
1773322359.06537938,0.01721740,6204,0.00008691,0.00000000,0,0.00000000,19466,19454,20,0.00273827
1773322359.16559029,0.01408874,6222,0.00005124,0.00000000,0,0.00000000,19454,19460,13,0.00184479
1773322359.26547337,0.01268955,6260,0.00008861,0.00000000,0,0.00000000,19460,19472,21,0.00226329
1773322359.36543751,0.01783650,6252,0.00016565,0.00000000,0,0.00000000,19472,19441,19,0.00120408
1773322359.46540594,0.01847465,6297,0.00012008,0.00000000,0,0.00000000,19441,19454,18,0.00306501
1773322359.56553984,0.01525751,6265,0.00016350,0.00000000,0,0.00000000,19454,19453,15,0.00145606
1773322359.66530991,0.01648543,6302,0.00009228,0.00000000,0,0.00000000,19453,19461,20,0.00105192
1773322359.76535416,0.02032257,6294,0.00012914,0.00000000,0,0.00000000,19461,19475,20,0.00239047
1773322359.86544609,0.01306591,6288,0.00023559,0.00000000,0,0.00000000,19475,19478,17,0.00219383
1773322359.96553206,0.01826082,6244,0.00007352,0.00000000,0,0.00000000,19478,19482,10,0.00106726
1773322360.06529093,0.02165821,6267,0.00019721,0.00000000,0,0.00000000,19482,19493,15,0.00109275
1773322360.16529417,0.01310454,6254,0.00009384,0.00000000,0,0.00000000,19493,19490,10,0.00112357
1773322360.26526690,0.01708540,6257,0.00006629,0.00000000,0,0.00000000,19490,19491,12,0.00096711
1773322360.36528182,0.01318223,6284,0.00004072,0.00000000,0,0.00000000,19491,19501,15,0.00316918
1773322360.46524644,0.02231221,6232,0.00012642,0.00000000,0,0.00000000,19501,19490,13,0.00103322
1773322360.56529403,0.01508535,6237,0.00017339,0.00000000,0,0.00000000,19490,19498,17,0.00087297
1773322360.66524005,0.01438723,6220,0.00004703,0.00000000,0,0.00000000,19498,19501,15,0.00164150
1773322360.76523566,0.01947076,6298,0.00028597,0.00000000,0,0.00000000,19501,19501,18,0.00224723
1773322360.86518216,0.01814546,6297,0.00024311,0.00000000,0,0.00000000,19501,19506,15,0.00296192
1773322360.96517467,0.02220186,6335,0.00024683,0.00000000,0,0.00000000,19506,19507,22,0.00145577
1773322361.06511474,0.02354473,6337,0.00035619,0.00000000,0,0.00000000,19507,19520,27,0.00166344
1773322361.16509128,0.02756140,6371,0.00033012,0.00000000,0,0.00000000,19520,19524,26,0.00112305
1773322361.26501870,0.01907850,6427,0.00030284,0.00000000,0,0.00000000,19524,19538,25,0.00153351
1773322361.36516500,0.01859989,6398,0.00029023,0.00000000,0,0.00000000,19538,19546,24,0.00119940
1773322361.46509480,0.02144567,6384,0.00028699,0.00000000,0,0.00000000,19546,19561,23,0.00131483
1773322361.56506610,0.02317900,6389,0.00037245,0.00000000,0,0.00000000,19561,19563,25,0.00135181
1773322361.66494179,0.01604657,6358,0.00034533,0.00000000,0,0.00000000,19563,19576,25,0.00254640
1773322361.76499414,0.01566682,6354,0.00020798,0.00000000,0,0.00000000,19576,19578,20,0.00156023
1773322361.86498427,0.01978066,6341,0.00020428,0.00000000,0,0.00000000,19578,19593,24,0.00155807
1773322361.96494436,0.01922173,6349,0.00011636,0.00000000,0,0.00000000,19593,19598,24,0.00150042
1773322362.06488967,0.02560472,6330,0.00067546,0.00000000,0,0.00000000,19598,19591,28,0.00217511
1773322362.16488361,0.01377297,6334,0.00014897,0.00000000,0,0.00000000,19591,19563,29,0.00140519
1773322362.26489377,0.02891017,6331,0.00023760,0.00000000,0,0.00000000,19563,19559,30,0.00140465
1773322362.36484241,0.02436263,6334,0.00032330,0.00000000,0,0.00000000,19559,19577,28,0.00209789
1773322362.46484256,0.01814393,6322,0.00029393,0.00000000,0,0.00000000,19577,19592,28,0.00123136
1773322362.56483388,0.01892690,6332,0.00012234,0.00000000,0,0.00000000,19592,19599,21,0.00164211
1773322362.66475368,0.02225231,6287,0.00015231,0.00000000,0,0.00000000,19599,19612,21,0.00170841
1773322362.76462436,0.02467696,6342,0.00042129,0.00000000,0,0.00000000,19612,19633,33,0.00096823
1773322362.86456895,0.02221694,6342,0.00009302,0.00000000,0,0.00000000,19633,19647,22,0.00282419
1773322362.96457863,0.02497098,6307,0.00024792,0.00000000,0,0.00000000,19647,19653,37,0.00265304
1773322363.06452966,0.02761067,6318,0.00049324,0.00000000,0,0.00000000,19653,19626,26,0.00173708
1773322363.16455436,0.01721593,6318,0.00012383,0.00000000,0,0.00000000,19626,19641,31,0.00139360
1773322363.26449537,0.02602122,6329,0.00015907,0.00000000,0,0.00000000,19641,19638,28,0.00099421
1773322363.36450434,0.02819908,6318,0.00016179,0.00000000,0,0.00000000,19638,19651,37,0.00086490
1773322363.46442795,0.02736467,6351,0.00239887,0.00000000,0,0.00000000,19651,19365,24,0.00177098
1773322363.56446099,0.02808170,6367,0.00028181,0.00000000,0,0.00000000,19365,19379,32,0.00273251
1773322363.66459227,0.02024371,6333,0.00016759,0.00000000,0,0.00000000,19379,19392,20,0.00147547
1773322363.76462388,0.02507091,6347,0.00020110,0.00000000,0,0.00000000,19392,19399,22,0.00103242
1773322363.86455250,0.02303359,6305,0.00022598,0.00000000,0,0.00000000,19399,19410,24,0.00216866
1773322363.96456504,0.02478178,6304,0.00019435,0.00000000,0,0.00000000,19410,19384,34,0.00151921
1773322364.06428766,0.02138584,6353,0.00034048,0.00000000,0,0.00000000,19384,19380,27,0.00278914
1773322364.16427255,0.02034958,6409,0.00063184,0.00000000,0,0.00000000,19380,19404,37,0.00284054
1773322364.26459432,0.02212502,6314,0.00011524,0.00000000,0,0.00000000,19404,19429,32,0.00156446
1773322364.36456299,0.02127749,6295,0.00041659,0.00000000,0,0.00000000,19429,19457,42,0.00226705
1773322364.46449471,0.01739265,6277,0.00049561,0.00000000,0,0.00000000,19457,19434,31,0.00091239
1773322364.56452179,0.02373193,6306,0.00044452,0.00000000,0,0.00000000,19434,19426,33,0.00228637
1773322364.66445518,0.02485101,6285,0.00019215,0.00000000,0,0.00000000,19426,19452,38,0.00105185
1773322364.76451135,0.02169999,6292,0.00054047,0.00000000,0,0.00000000,18861,18896,41,0.00076494
1773322364.86444926,0.02432830,6249,0.00040655,0.00000000,0,0.00000000,18896,18920,34,0.00177407
1773322364.96450710,0.02380412,6242,0.00027452,0.00000000,0,0.00000000,18920,18924,43,0.00170101
1773322365.06442785,0.02364736,6247,0.00029932,0.00000000,0,0.00000000,18924,18912,48,0.00182277
1773322365.16448092,0.01942576,6278,0.00017245,0.00000000,0,0.00000000,18912,18936,41,0.00086241
1773322365.26567554,0.02567859,6226,0.00039913,0.00000000,0,0.00000000,18936,18956,36,0.00165553
1773322365.36581278,0.02409651,6173,0.00026002,0.00000000,0,0.00000000,18956,18970,45,0.00136352
1773322365.46565914,0.02947312,6142,0.00020915,0.00000000,0,0.00000000,18970,18991,49,0.00223308
1773322365.56559134,0.01858558,6144,0.00052407,0.00000000,0,0.00000000,18991,19030,56,0.00161254
1773322365.66562581,0.02861229,6133,0.00020781,0.00000000,0,0.00000000,19030,19053,50,0.00261961
1773322365.76563644,0.02888593,6105,0.00020167,0.00000000,0,0.00000000,19053,19074,38,0.00150742
1773322365.86561990,0.02842485,6072,0.00026925,0.00000000,0,0.00000000,19074,19099,51,0.00125797
1773322365.96563983,0.02596340,6097,0.00088660,0.00000000,0,0.00000000,19099,19075,53,0.00244798
1773322366.06556106,0.02671415,6114,0.00019913,0.00000000,0,0.00000000,19075,19103,39,0.00095033
1773322366.16555023,0.02255716,6062,0.00065483,0.00000000,0,0.00000000,19103,19087,45,0.00171767
1773322366.26555014,0.02673771,6057,0.00064541,0.00000000,0,0.00000000,19087,19116,49,0.00137569
1773322366.36545968,0.02172342,6084,0.00041428,0.00000000,0,0.00000000,19116,19139,40,0.00174703
1773322366.46546221,0.02808070,6088,0.00018285,0.00000000,0,0.00000000,19139,19166,41,0.00277790
1773322366.56568408,0.03170336,6041,0.00051874,0.00000000,0,0.00000000,19166,19183,51,0.00105228
1773322366.66541076,0.02440423,6104,0.00020593,0.00000000,0,0.00000000,19183,19206,46,0.00167260
1773322366.76533675,0.02879048,6116,0.00099670,0.00000000,0,0.00000000,19206,19214,41,0.00167084
1773322366.86531448,0.02491584,6122,0.00054369,0.00000000,0,0.00000000,19214,19230,43,0.00162237
1773322366.96552348,0.02697779,6086,0.00025854,0.00000000,0,0.00000000,19230,19255,48,0.00380541
1773322367.06538343,0.03345874,6127,0.00032714,0.00000000,0,0.00000000,19255,19285,66,0.00134094
1773322367.16544580,0.03070574,6124,0.00026061,0.00000000,0,0.00000000,19285,19292,45,0.00082188
1773322367.26559639,0.03327940,6104,0.00020144,0.00000000,0,0.00000000,19292,19319,48,0.00170214
1773322367.36534119,0.02776009,6099,0.00059657,0.00000000,0,0.00000000,19319,19346,53,0.00214678
1773322367.46547842,0.03276787,6130,0.00053110,0.00000000,0,0.00000000,19346,19381,50,0.00373243
1773322367.56533241,0.03024989,6080,0.00020506,0.00000000,0,0.00000000,19381,19392,45,0.00293574
1773322367.66524267,0.03052253,6141,0.00095198,0.00000000,0,0.00000000,19392,19357,61,0.00127636
1773322367.76525784,0.02927105,6131,0.00073478,0.00000000,0,0.00000000,19357,19377,70,0.00230036
1773322367.86522985,0.02565900,6128,0.00030971,0.00000000,0,0.00000000,19377,19397,71,0.00097150
1773322367.96517730,0.03074614,6092,0.00024730,0.00000000,0,0.00000000,19397,19441,65,0.00079842
1773322368.06515527,0.03274577,6091,0.00075975,0.00000000,0,0.00000000,19441,19483,51,0.00183269
1773322368.16514707,0.02914996,6082,0.00030555,0.00000000,0,0.00000000,19483,19506,70,0.00266203
1773322368.26516795,0.02085203,6102,0.00038076,0.00000000,0,0.00000000,19506,19526,67,0.00156140
1773322368.36517239,0.02805765,6092,0.00085619,0.00000000,0,0.00000000,19526,19542,64,0.00265619
1773322368.46494889,0.02508694,6147,0.00039744,0.00000000,0,0.00000000,19542,19575,61,0.00226390
1773322368.56509638,0.03251141,6065,0.00079187,0.00000000,0,0.00000000,19575,19612,85,0.00093512
1773322368.66490102,0.02573960,6074,0.00059351,0.00000000,0,0.00000000,19612,19632,54,0.00081664
1773322368.76493955,0.02756589,6110,0.00031806,0.00000000,0,0.00000000,19632,19649,75,0.00147322
1773322368.86488032,0.03354274,6099,0.00031869,0.00000000,0,0.00000000,19649,19650,69,0.00166237
1773322368.96486831,0.02675541,6118,0.00097746,0.00000000,0,0.00000000,19650,19671,84,0.00109141
1773322369.06490016,0.03238955,6119,0.00091688,0.00000000,0,0.00000000,19671,19706,84,0.00238174
1773322369.16483426,0.02871152,6068,0.00038085,0.00000000,0,0.00000000,19706,19704,85,0.00148061
1773322369.26489711,0.03298188,6065,0.00067533,0.00000000,0,0.00000000,19704,19733,73,0.00086741
1773322369.36473489,0.04141392,6082,0.00031977,0.00000000,0,0.00000000,19733,19775,60,0.00129412
1773322369.46481681,0.03053964,6130,0.00062720,0.00000000,0,0.00000000,19775,19815,74,0.00166774
1773322369.56474853,0.03692057,6075,0.00054347,0.00000000,0,0.00000000,19815,19815,76,0.00174674
1773322369.66471457,0.02985004,6131,0.00027353,0.00000000,0,0.00000000,19815,19843,79,0.00083728
1773322369.76474905,0.03428004,6117,0.00031482,0.00000000,0,0.00000000,19843,19891,73,0.00232599
1773322369.86467052,0.02566853,6088,0.00067760,0.00000000,0,0.00000000,19434,19484,75,0.00144734
1773322369.96456075,0.02503791,6061,0.00084770,0.00000000,0,0.00000000,19484,19528,87,0.00086385
1773322370.06457782,0.03164115,6069,0.00036475,0.00000000,0,0.00000000,19528,19571,79,0.00167468
1773322370.16451502,0.03261795,6049,0.00131773,0.00000000,0,0.00000000,19571,19623,90,0.00080914
1773322370.26442552,0.02972253,6069,0.00042107,0.00000000,0,0.00000000,19623,19654,80,0.00194558
1773322370.36453891,0.03230774,5999,0.00044528,0.00000000,0,0.00000000,19654,19688,82,0.00281153
1773322370.46438360,0.03382070,6017,0.00032417,0.00000000,0,0.00000000,19688,19708,72,0.00208824
1773322370.56439424,0.03346257,6024,0.00117798,0.00000000,0,0.00000000,19708,19721,93,0.00225454
1773322370.66438484,0.02900875,5990,0.00071254,0.00000000,0,0.00000000,19721,19743,91,0.00208289
1773322370.76436067,0.03081417,5995,0.00035688,0.00000000,0,0.00000000,19743,19804,90,0.00136921
1773322370.86438227,0.03353449,5954,0.00051391,0.00000000,0,0.00000000,19804,19849,97,0.00117549
1773322370.96447682,0.02886257,5958,0.00088987,0.00000000,0,0.00000000,19849,19879,76,0.00263210
1773322371.06442142,0.03494449,5955,0.00052988,0.00000000,0,0.00000000,19879,19886,79,0.00154964
1773322371.16443038,0.02287233,5930,0.00029577,0.00000000,0,0.00000000,19886,19919,78,0.00078669
1773322371.26445460,0.03398691,5949,0.00064550,0.00000000,0,0.00000000,19919,19855,89,0.00170527
1773322371.36453485,0.03319255,5988,0.00078885,0.00000000,0,0.00000000,19855,19882,71,0.00160530
1773322371.46447825,0.02994775,5994,0.00088086,0.00000000,0,0.00000000,19882,19885,83,0.00339608
1773322371.56449389,0.03404382,6026,0.00036237,0.00000000,0,0.00000000,19885,19925,89,0.00226911
1773322371.66450834,0.02132936,6004,0.00140386,0.00000000,0,0.00000000,19925,19939,101,0.00126294
1773322371.76453042,0.03988679,6010,0.00099943,0.00000000,0,0.00000000,19939,19977,92,0.00155447
1773322371.86443090,0.03127923,6050,0.00092753,0.00000000,0,0.00000000,19977,20020,95,0.00126648
1773322371.96450925,0.03399617,6030,0.00103465,0.00000000,0,0.00000000,20020,20028,98,0.00161733
1773322372.06467199,0.03337413,6017,0.00129343,0.00000000,0,0.00000000,20028,20002,78,0.00167491
1773322372.16466069,0.03636965,6009,0.00087007,0.00000000,0,0.00000000,20002,20018,91,0.00113596
1773322372.26569557,0.02941004,6006,0.00053174,0.00000000,0,0.00000000,20018,20015,75,0.00150064
1773322372.36573982,0.03068880,5987,0.00024783,0.00000000,0,0.00000000,20015,20058,75,0.00243968
1773322372.46560025,0.02562661,6053,0.00054947,0.00000000,0,0.00000000,20058,20024,80,0.00201442
1773322372.56557894,0.03413495,6088,0.00038398,0.00000000,0,0.00000000,20024,20041,74,0.00246704
1773322372.66558051,0.02572097,6042,0.00049405,0.00000000,0,0.00000000,20041,20002,74,0.00260445
1773322372.76565576,0.03402251,6094,0.00089428,0.00000000,0,0.00000000,20002,20038,84,0.00079237
1773322372.86554217,0.03600791,6092,0.00044865,0.00000000,0,0.00000000,20038,20090,77,0.00272400
1773322372.96556854,0.03799525,6125,0.00112998,0.00000000,0,0.00000000,20090,20097,93,0.00125237
1773322373.06546736,0.03747562,6170,0.00127896,0.00000000,0,0.00000000,20097,20120,85,0.00165406
1773322373.16557026,0.03891128,6135,0.00140021,0.00000000,0,0.00000000,20120,20144,88,0.00146044
1773322373.26548624,0.03709851,6168,0.00082327,0.00000000,0,0.00000000,20144,20170,82,0.00110078
1773322373.36545944,0.03417635,6166,0.00041138,0.00000000,0,0.00000000,20170,20194,73,0.00171181
1773322373.46556830,0.03003896,6124,0.00053856,0.00000000,0,0.00000000,20194,20215,61,0.00266863
1773322373.56528044,0.02887487,6150,0.00046117,0.00000000,0,0.00000000,20215,20241,66,0.00274465
1773322373.66532850,0.03458651,6092,0.00042107,0.00000000,0,0.00000000,20241,20288,78,0.00166278
1773322373.76532364,0.03429261,6136,0.00038782,0.00000000,0,0.00000000,20288,20322,70,0.00089535
1773322373.86541653,0.02554065,6169,0.00076118,0.00000000,0,0.00000000,20322,20338,71,0.00236639
1773322373.96531343,0.03272170,6166,0.00026213,0.00000000,0,0.00000000,20338,20371,60,0.00184378
1773322374.06531858,0.03669512,6150,0.00030127,0.00000000,0,0.00000000,20371,20404,47,0.00109599
1773322374.16534615,0.04582738,6158,0.00035400,0.00000000,0,0.00000000,20404,20416,62,0.00124233
1773322374.26534748,0.02253826,6154,0.00042001,0.00000000,0,0.00000000,20416,20438,65,0.00166454
1773322374.36539626,0.03317208,6179,0.00035627,0.00000000,0,0.00000000,20438,20453,68,0.00262428
1773322374.46535921,0.03203079,6156,0.00028887,0.00000000,0,0.00000000,20453,20449,48,0.00184954
1773322374.56526113,0.02938205,6167,0.00084297,0.00000000,0,0.00000000,20449,20460,62,0.00086279
1773322374.66531587,0.03016871,6133,0.00060558,0.00000000,0,0.00000000,20460,20475,51,0.00084147
1773322374.76514673,0.02996683,6213,0.00029232,0.00000000,0,0.00000000,20475,20491,52,0.00169539
1773322374.86520553,0.03241665,6174,0.00027550,0.00000000,0,0.00000000,20491,20496,54,0.00089440
1773322374.96529579,0.03123215,6217,0.00050277,0.00000000,0,0.00000000,20496,20538,53,0.00208758
1773322375.06523585,0.02424691,6212,0.00020477,0.00000000,0,0.00000000,20538,20552,59,0.00089237
1773322375.16518426,0.02892126,6156,0.00108430,0.00000000,0,0.00000000,20552,20560,61,0.00122048
1773322375.26508427,0.03534474,6246,0.00035389,0.00000000,0,0.00000000,20560,20591,67,0.00086442
1773322375.36504507,0.02649565,6209,0.00051978,0.00000000,0,0.00000000,20591,20597,56,0.00129076
1773322375.46502233,0.03198580,6240,0.00035748,0.00000000,0,0.00000000,20597,20597,63,0.00153092
1773322375.56511259,0.03153995,6247,0.00086019,0.00000000,0,0.00000000,20597,20624,55,0.00094695
1773322375.66507411,0.02759008,6217,0.00029287,0.00000000,0,0.00000000,20624,20632,61,0.00090884
1773322375.76486754,0.02427254,6262,0.00039722,0.00000000,0,0.00000000,20632,20651,48,0.00166498
1773322375.86490178,0.03409369,6209,0.00056084,0.00000000,0,0.00000000,20651,20672,50,0.00141097
1773322375.96491623,0.03356198,6265,0.00029425,0.00000000,0,0.00000000,20672,20662,45,0.00114167
1773322376.06496191,0.03041398,6211,0.00050755,0.00000000,0,0.00000000,20662,20673,44,0.00081447
1773322376.16486621,0.03560854,6258,0.00031719,0.00000000,0,0.00000000,20673,20668,53,0.00154668
1773322376.26487374,0.03038245,6268,0.00045845,0.00000000,0,0.00000000,20668,20684,39,0.00231784
1773322376.36485386,0.02880552,6220,0.00015402,0.00000000,0,0.00000000,20684,20698,36,0.00081807
1773322376.46492767,0.03338636,6214,0.00021744,0.00000000,0,0.00000000,20698,20692,43,0.00256855
1773322376.56469059,0.03909285,6227,0.00045566,0.00000000,0,0.00000000,20692,20694,33,0.00206650
1773322376.66463542,0.03583958,6243,0.00021828,0.00000000,0,0.00000000,20694,20705,39,0.00228678
1773322376.76466990,0.04325991,6251,0.00092253,0.00000000,0,0.00000000,20705,20735,58,0.00152750
1773322376.86466479,0.03385303,6260,0.00038425,0.00000000,0,0.00000000,20735,20723,54,0.00078252
1773322376.96466851,0.03565609,6208,0.00023859,0.00000000,0,0.00000000,20723,20718,38,0.00320742
1773322377.06467652,0.03059703,6190,0.00047523,0.00000000,0,0.00000000,20718,20748,47,0.00170935
1773322377.16446972,0.02426632,6210,0.00047468,0.00000000,0,0.00000000,20748,20773,56,0.00258353
1773322377.26444483,0.03099418,6194,0.00023360,0.00000000,0,0.00000000,20773,20780,50,0.00262765
1773322377.36444283,0.03683116,6202,0.00037427,0.00000000,0,0.00000000,20780,20820,60,0.00100952
1773322377.46444488,0.03395984,6212,0.00074884,0.00000000,0,0.00000000,20820,20846,66,0.00264463
1773322377.56460881,0.02894274,6178,0.00057512,0.00000000,0,0.00000000,20846,20889,66,0.00099997
1773322377.66456842,0.04148331,6135,0.00129097,0.00000000,0,0.00000000,20889,20888,81,0.00134025
1773322377.76439786,0.03541967,6176,0.00114681,0.00000000,0,0.00000000,20888,20910,81,0.00102769
1773322377.86444545,0.03312764,6158,0.00043737,0.00000000,0,0.00000000,20910,20907,84,0.00155311
1773322377.96451116,0.03344485,6176,0.00071632,0.00000000,0,0.00000000,20907,20953,84,0.00225084
1773322378.06453586,0.02954822,6175,0.00047910,0.00000000,0,0.00000000,20953,20998,90,0.00163111
1773322378.16451240,0.03776423,6188,0.00048602,0.00000000,0,0.00000000,20998,21020,82,0.00126299
1773322378.26452994,0.03790411,6209,0.00081178,0.00000000,0,0.00000000,21020,21048,73,0.00137150
1773322378.36454749,0.03806928,6214,0.00089918,0.00000000,0,0.00000000,21048,21094,97,0.00088467
1773322378.46455884,0.03187896,6203,0.00113979,0.00000000,0,0.00000000,21094,21110,94,0.00183743
1773322378.56454110,0.03904807,6215,0.00084259,0.00000000,0,0.00000000,21110,21059,90,0.00121555
1773322378.66448426,0.02827356,6214,0.00098321,0.00000000,0,0.00000000,21059,21071,82,0.00143888
1773322378.76452422,0.02844961,6215,0.00040192,0.00000000,0,0.00000000,21071,21050,73,0.00217061
1773322378.86449337,0.03048686,6183,0.00086330,0.00000000,0,0.00000000,21050,21012,85,0.00193956
1773322378.96482730,0.03568702,6180,0.00126449,0.00000000,0,0.00000000,21012,21027,97,0.00111431
1773322379.06481004,0.04032357,6194,0.00108347,0.00000000,0,0.00000000,21027,21048,86,0.00146986
1773322379.16472220,0.04218783,6210,0.00051631,0.00000000,0,0.00000000,21048,21052,75,0.00173194
1773322379.26472092,0.03761196,6229,0.00084042,0.00000000,0,0.00000000,21052,21083,74,0.00292074
1773322379.36466861,0.03853208,6197,0.00047973,0.00000000,0,0.00000000,21083,21121,81,0.00098853
1773322379.46569848,0.03991970,6194,0.00035929,0.00000000,0,0.00000000,21121,21134,67,0.00182727
1773322379.56474257,0.03431616,6224,0.00073863,0.00000000,0,0.00000000,21134,21097,66,0.00171256
1773322379.66568565,0.03342822,6138,0.00080603,0.00000000,0,0.00000000,21097,21144,77,0.00165574
1773322379.76453876,0.03460280,6162,0.00085260,0.00000000,0,0.00000000,21144,21139,61,0.00253597
1773322379.86559463,0.03053579,6166,0.00027512,0.00000000,0,0.00000000,21139,21151,57,0.00100126
1773322379.96459842,0.03659401,6182,0.00055378,0.00000000,0,0.00000000,21151,21156,51,0.00161838
1773322380.06569934,0.03797300,6146,0.00050302,0.00000000,0,0.00000000,21156,21171,57,0.00088048
1773322380.16553926,0.02790556,6181,0.00028646,0.00000000,0,0.00000000,21171,21172,42,0.00214504
1773322380.26555347,0.02932672,6208,0.00069822,0.00000000,0,0.00000000,21172,21214,59,0.00085503
1773322380.36559153,0.03088962,6173,0.00028893,0.00000000,0,0.00000000,21214,21194,45,0.00162276
1773322380.46536708,0.03560543,6231,0.00074174,0.00000000,0,0.00000000,21194,21212,58,0.00265516
1773322380.56546068,0.03282615,6218,0.00033007,0.00000000,0,0.00000000,21212,21212,53,0.00145396
1773322380.66538310,0.03861743,6215,0.00046013,0.00000000,0,0.00000000,21212,21221,31,0.00120184
1773322380.76541519,0.03103670,6250,0.00033462,0.00000000,0,0.00000000,21221,21254,41,0.00119981
1773322380.86539698,0.03949902,6192,0.00065997,0.00000000,0,0.00000000,21254,21254,42,0.00142668
1773322380.96526313,0.03404770,6239,0.00059734,0.00000000,0,0.00000000,21254,21269,49,0.00226308
1773322381.06541276,0.02318499,6218,0.00030355,0.00000000,0,0.00000000,21269,21272,42,0.00238360
1773322381.16520143,0.03356222,6240,0.00025677,0.00000000,0,0.00000000,21272,21283,51,0.00243884
1773322381.26528692,0.02879377,6303,0.00041026,0.00000000,0,0.00000000,21283,21294,40,0.00159244
1773322381.36539912,0.03091194,6237,0.00033844,0.00000000,0,0.00000000,21294,21283,40,0.00088640
1773322381.46540022,0.02666004,6201,0.00042646,0.00000000,0,0.00000000,21283,21294,32,0.00229707
1773322381.56523895,0.03526372,6233,0.00039333,0.00000000,0,0.00000000,21294,21312,43,0.00085529
1773322381.66522932,0.02921486,6225,0.00031973,0.00000000,0,0.00000000,21312,21298,52,0.00291288
1773322381.76519871,0.02609044,6240,0.00040319,0.00000000,0,0.00000000,21298,21319,35,0.00225909
1773322381.86527133,0.02569601,6207,0.00031130,0.00000000,0,0.00000000,21319,21299,38,0.00238075
1773322381.96517110,0.02929213,6243,0.00027283,0.00000000,0,0.00000000,21299,21270,42,0.00090587
1773322382.06515598,0.03631185,6253,0.00045991,0.00000000,0,0.00000000,21270,21286,39,0.00133091
1773322382.16518521,0.03343469,6259,0.00027035,0.00000000,0,0.00000000,21286,21310,45,0.00081089
1773322382.26517177,0.02617186,6240,0.00032343,0.00000000,0,0.00000000,21310,21333,40,0.00271751
1773322382.36500549,0.02991750,6251,0.00056324,0.00000000,0,0.00000000,21333,21360,44,0.00227362
1773322382.46493244,0.02273648,6254,0.00045845,0.00000000,0,0.00000000,21360,21362,39,0.00119911
1773322382.56493998,0.02920293,6262,0.00025188,0.00000000,0,0.00000000,21362,21379,45,0.00119152
1773322382.66492343,0.02826657,6230,0.00021995,0.00000000,0,0.00000000,21379,21400,46,0.00197807
1773322382.76499987,0.02933963,6237,0.00033081,0.00000000,0,0.00000000,21400,21384,47,0.00111762
1773322382.86483335,0.02844894,6203,0.00047174,0.00000000,0,0.00000000,21384,21384,37,0.00158748
1773322382.96495581,0.02855305,6181,0.00033379,0.00000000,0,0.00000000,21384,21375,32,0.00154785
1773322383.06477356,0.03282913,6189,0.00033549,0.00000000,0,0.00000000,21375,21394,38,0.00213401
1773322383.16474676,0.03125198,6166,0.00024931,0.00000000,0,0.00000000,21394,21408,42,0.00159773
1773322383.26471448,0.02375518,6180,0.00107342,0.00000000,0,0.00000000,21408,21334,39,0.00203835
1773322383.36473823,0.02976564,6194,0.00019812,0.00000000,0,0.00000000,21334,21337,47,0.00128942
1773322383.46471334,0.02885116,6182,0.00044970,0.00000000,0,0.00000000,21337,21352,31,0.00105254
1773322383.56470418,0.03024445,6109,0.00055415,0.00000000,0,0.00000000,21352,21344,36,0.00139412
1773322383.66462731,0.02777606,6174,0.00061935,0.00000000,0,0.00000000,21344,21322,38,0.00200003
1773322383.76461983,0.02343695,6157,0.00035866,0.00000000,0,0.00000000,21322,21339,37,0.00228455
1773322383.86466980,0.02976493,6164,0.00015608,0.00000000,0,0.00000000,21339,21342,29,0.00159080
1773322383.96462345,0.03184281,6210,0.00046022,0.00000000,0,0.00000000,21342,21361,39,0.00154539
1773322384.06455493,0.02913726,6189,0.00080279,0.00000000,0,0.00000000,21361,21137,24,0.00269160
1773322384.16457820,0.02524101,6219,0.00081828,0.00000000,0,0.00000000,21137,21159,41,0.00111497
1773322384.26471496,0.03046875,6248,0.00035712,0.00000000,0,0.00000000,21159,21144,28,0.00270567
1773322384.36458039,0.02401936,6227,0.00060966,0.00000000,0,0.00000000,21144,21131,40,0.00251609
1773322384.46454048,0.03015731,6204,0.00028741,0.00000000,0,0.00000000,21131,21093,41,0.00167637
1773322384.56440854,0.02973433,6178,0.00049657,0.00000000,0,0.00000000,21093,21133,52,0.00166310
1773322384.66443086,0.03534957,6211,0.00027436,0.00000000,0,0.00000000,21133,21144,33,0.00157668
1773322384.76515651,0.01991056,6173,0.00018053,0.00000000,0,0.00000000,21144,21155,31,0.00107168
1773322384.86454773,0.02945716,6192,0.00042969,0.00000000,0,0.00000000,21155,21167,40,0.00137558
1773322384.96439457,0.02389217,6187,0.00013830,0.00000000,0,0.00000000,21167,21162,35,0.00120423
1773322385.06450105,0.03535939,6235,0.00059086,0.00000000,0,0.00000000,21162,21149,41,0.00156442
1773322385.16447926,0.03596592,6129,0.00104355,0.00000000,0,0.00000000,21149,21054,44,0.00159903
1773322385.26442742,0.02904616,6150,0.00055747,0.00000000,0,0.00000000,21054,21070,41,0.00085518
1773322385.36486864,0.03005676,6206,0.00027111,0.00000000,0,0.00000000,21070,21105,53,0.00204519
1773322385.46492076,0.02941765,6164,0.00066191,0.00000000,0,0.00000000,21105,21112,50,0.00092843
1773322385.56480074,0.03067091,6195,0.00019374,0.00000000,0,0.00000000,21112,21121,36,0.00147188
1773322385.66493440,0.02335707,6210,0.00026680,0.00000000,0,0.00000000,21121,21132,40,0.00359092
1773322385.76489401,0.03249706,6180,0.00046142,0.00000000,0,0.00000000,21132,21150,44,0.00102505
1773322385.86445594,0.02966142,6239,0.00049803,0.00000000,0,0.00000000,21150,21161,39,0.00179409
1773322385.96571946,0.03383290,6221,0.00045950,0.00000000,0,0.00000000,21161,21193,44,0.00113310
1773322386.06571245,0.03354741,6207,0.00118731,0.00000000,0,0.00000000,21193,21185,42,0.00114356
1773322386.16466379,0.03000370,6238,0.00044877,0.00000000,0,0.00000000,21185,21203,38,0.00084306
1773322386.26561689,0.02325422,6251,0.00026654,0.00000000,0,0.00000000,21203,21212,46,0.00115762
1773322386.36566329,0.02420432,6236,0.00057802,0.00000000,0,0.00000000,21212,21226,45,0.00159650
1773322386.46565151,0.03035494,6277,0.00017618,0.00000000,0,0.00000000,21226,21239,38,0.00129134
1773322386.56572819,0.02383096,6259,0.00025890,0.00000000,0,0.00000000,21239,21248,34,0.00090561
1773322386.66563129,0.02770543,6232,0.00037577,0.00000000,0,0.00000000,21248,21256,33,0.00162589
1773322386.76566839,0.02170253,6181,0.00011299,0.00000000,0,0.00000000,21256,21271,38,0.00180485
1773322386.86563945,0.02594322,6169,0.00060556,0.00000000,0,0.00000000,21271,21286,51,0.00178434
1773322386.96474242,0.02117161,6183,0.00028237,0.00000000,0,0.00000000,21286,21312,39,0.00246613
1773322387.06547689,0.02540454,6193,0.00012661,0.00000000,0,0.00000000,21312,21317,27,0.00168698
1773322387.16536522,0.02508261,6146,0.00091395,0.00000000,0,0.00000000,21317,21343,35,0.00289664
1773322387.26539755,0.02762187,6191,0.00023769,0.00000000,0,0.00000000,21343,21334,36,0.00082351
1773322387.36535382,0.02390216,6202,0.00053000,0.00000000,0,0.00000000,21334,21328,36,0.00161450
1773322387.46537828,0.02043275,6240,0.00069489,0.00000000,0,0.00000000,21328,21353,52,0.00216955
1773322387.56539702,0.03054221,6231,0.00069117,0.00000000,0,0.00000000,21353,21343,41,0.00100786
1773322387.66540694,0.02353548,6259,0.00022111,0.00000000,0,0.00000000,21343,21359,42,0.00167881
1773322387.76531577,0.01794745,6252,0.00036412,0.00000000,0,0.00000000,21359,21377,34,0.00093175
1773322387.86537266,0.02316337,6282,0.00014938,0.00000000,0,0.00000000,21377,21380,27,0.00204464
1773322387.96531749,0.02907994,6280,0.00020113,0.00000000,0,0.00000000,21380,21401,38,0.00213757
1773322388.06526351,0.02239942,6282,0.00024047,0.00000000,0,0.00000000,21401,21428,44,0.00210452
1773322388.16529989,0.01993162,6304,0.00021556,0.00000000,0,0.00000000,21428,21432,45,0.00088579
1773322388.26526523,0.02407503,6291,0.00022573,0.00000000,0,0.00000000,21432,21451,39,0.00214209
1773322388.36522651,0.02471717,6161,0.00037040,0.00000000,0,0.00000000,21451,21463,28,0.00116983
1773322388.46424913,0.02400175,6458,0.00031288,0.00000000,0,0.00000000,21463,21481,35,0.00230396
1773322388.56527042,0.02803734,6302,0.00041435,0.00000000,0,0.00000000,21481,21492,33,0.00122727
1773322388.66519022,0.02392398,6260,0.00026881,0.00000000,0,0.00000000,21492,21513,46,0.00240045
1773322388.76516175,0.02423288,6271,0.00042465,0.00000000,0,0.00000000,21513,21515,34,0.00111071
1773322388.86511612,0.02332221,6260,0.00029714,0.00000000,0,0.00000000,21515,21487,25,0.00288335
1773322388.96515107,0.02648733,6267,0.00046107,0.00000000,0,0.00000000,21487,21511,38,0.00153630
1773322389.06512427,0.02483106,6295,0.00024143,0.00000000,0,0.00000000,21511,21527,32,0.00286465
1773322389.16502500,0.02526090,6323,0.00033979,0.00000000,0,0.00000000,21527,21538,35,0.00086193
1773322389.26502371,0.01932441,6330,0.00015307,0.00000000,0,0.00000000,21538,21550,24,0.00312964
1773322389.36496735,0.02370541,6361,0.00040462,0.00000000,0,0.00000000,21550,21560,32,0.00082846
1773322389.46491385,0.02524993,6357,0.00028021,0.00000000,0,0.00000000,21560,21524,38,0.00303717
1773322389.56492448,0.02459261,6346,0.00059195,0.00000000,0,0.00000000,21524,21511,35,0.00090005
1773322389.66492677,0.02745207,6325,0.00019275,0.00000000,0,0.00000000,21511,21531,44,0.00162437
1773322389.76488733,0.02749297,6341,0.00047023,0.00000000,0,0.00000000,21531,21531,41,0.00084062
1773322389.86487341,0.02797216,6345,0.00022146,0.00000000,0,0.00000000,21531,21543,36,0.00174676
1773322389.96483684,0.02493179,6364,0.00058043,0.00000000,0,0.00000000,21543,21524,46,0.00133885
1773322390.06489301,0.02474186,6357,0.00032320,0.00000000,0,0.00000000,21524,21529,35,0.00282661
1773322390.16481876,0.02921973,6318,0.00083624,0.00000000,0,0.00000000,21529,21540,41,0.00190752
1773322390.26477313,0.02535589,6360,0.00064369,0.00000000,0,0.00000000,21540,21427,49,0.00192407
1773322390.36477637,0.02573495,6293,0.00019068,0.00000000,0,0.00000000,21427,21420,32,0.00165861
1773322390.46470785,0.02393111,6326,0.00049569,0.00000000,0,0.00000000,21420,21430,36,0.00317069
1773322390.56466627,0.02607332,6336,0.00078809,0.00000000,0,0.00000000,21430,21424,37,0.00252217
1773322390.66471076,0.02583904,6360,0.00026122,0.00000000,0,0.00000000,21424,21435,31,0.00161690
1773322390.76459217,0.01890070,6301,0.00031671,0.00000000,0,0.00000000,21435,21444,45,0.00167416
1773322390.86452270,0.03567106,6303,0.00048025,0.00000000,0,0.00000000,21444,21437,37,0.00219619
1773322390.96456480,0.02099965,6315,0.00018661,0.00000000,0,0.00000000,21437,21442,29,0.00081995
1773322391.06457376,0.03075279,6323,0.00045159,0.00000000,0,0.00000000,21442,21456,39,0.00255692
1773322391.16454911,0.02604728,6288,0.00027993,0.00000000,0,0.00000000,21456,21447,45,0.00131015
1773322391.26448393,0.03087760,6324,0.00031425,0.00000000,0,0.00000000,21447,21417,36,0.00290189
1773322391.36440420,0.02476910,6323,0.00026813,0.00000000,0,0.00000000,21417,21441,37,0.00177480
1773322391.46445155,0.03060385,6339,0.00026180,0.00000000,0,0.00000000,21441,21465,48,0.00094823
1773322391.56441379,0.03146226,6327,0.00068374,0.00000000,0,0.00000000,21465,21438,41,0.00273233
1773322391.66440010,0.02809675,6380,0.00013312,0.00000000,0,0.00000000,21438,21456,31,0.00087212
1773322391.76464677,0.03220897,6358,0.00027044,0.00000000,0,0.00000000,21456,21479,38,0.00183242
1773322391.86493087,0.02631343,6316,0.00034917,0.00000000,0,0.00000000,21479,21482,24,0.00222938
1773322391.96443534,0.03084627,6369,0.00016466,0.00000000,0,0.00000000,21482,21497,29,0.00217277
1773322392.06492424,0.02463375,6330,0.00037087,0.00000000,0,0.00000000,21497,21508,31,0.00163301
1773322392.16458035,0.02887171,6354,0.00054339,0.00000000,0,0.00000000,21508,21470,37,0.00131923
1773322392.26449704,0.01995053,6360,0.00027142,0.00000000,0,0.00000000,21470,21487,38,0.00176255
1773322392.36486506,0.02661165,6364,0.00013737,0.00000000,0,0.00000000,21487,21497,32,0.00157048
1773322392.46483374,0.02616111,6356,0.00016030,0.00000000,0,0.00000000,21497,21507,30,0.00234725
1773322392.56484532,0.02907618,6324,0.00042949,0.00000000,0,0.00000000,21507,21528,33,0.00107073
1773322392.66474628,0.03060593,6331,0.00036066,0.00000000,0,0.00000000,21528,21521,45,0.00104683
1773322392.76477408,0.02924992,6359,0.00046570,0.00000000,0,0.00000000,21521,21552,37,0.00205961
1773322392.86588740,0.02845435,6320,0.00020840,0.00000000,0,0.00000000,21552,21571,44,0.00241147
1773322392.96586370,0.02542573,6322,0.00038300,0.00000000,0,0.00000000,21571,21583,32,0.00221638
1773322393.06589580,0.02301211,6307,0.00012152,0.00000000,0,0.00000000,21583,21598,30,0.00273370
1773322393.16581106,0.02621980,6349,0.00045826,0.00000000,0,0.00000000,21598,21610,29,0.00240173
1773322393.26581573,0.03264191,6306,0.00093077,0.00000000,0,0.00000000,21610,21604,38,0.00292744
1773322393.36470819,0.02805539,6355,0.00026303,0.00000000,0,0.00000000,21604,21613,19,0.00143141
1773322393.46571207,0.02602382,6325,0.00021417,0.00000000,0,0.00000000,21613,21613,34,0.00186485
1773322393.56568694,0.02389526,6344,0.00059633,0.00000000,0,0.00000000,21613,21623,29,0.00086981
1773322393.66575861,0.02937157,6323,0.00111156,0.00000000,0,0.00000000,21623,21490,34,0.00307666
1773322393.76561475,0.02116463,6330,0.00022933,0.00000000,0,0.00000000,21490,21493,30,0.00135542
1773322393.86559939,0.02709383,6307,0.00012933,0.00000000,0,0.00000000,21493,21500,27,0.00297009
1773322393.96559954,0.02946241,6332,0.00031840,0.00000000,0,0.00000000,21500,21506,31,0.00270476
1773322394.06550384,0.02682441,6334,0.00015103,0.00000000,0,0.00000000,21506,21502,27,0.00103542
1773322394.16555333,0.03189126,6312,0.00022837,0.00000000,0,0.00000000,21502,21516,26,0.00098242
1773322394.26542640,0.02351433,6300,0.00034662,0.00000000,0,0.00000000,21516,21532,33,0.00306291
1773322394.36544347,0.02836910,6338,0.00041365,0.00000000,0,0.00000000,21532,21548,41,0.00292181
1773322394.46555543,0.02373323,6298,0.00025249,0.00000000,0,0.00000000,21548,21551,23,0.00250633
1773322394.56554484,0.02846829,6315,0.00021625,0.00000000,0,0.00000000,21551,21560,30,0.00242979
1773322394.66555882,0.02443098,6295,0.00026408,0.00000000,0,0.00000000,21560,21526,30,0.00279598
1773322394.76557541,0.02813339,6312,0.00017988,0.00000000,0,0.00000000,21526,21543,32,0.00119241
1773322394.86538434,0.02825835,6339,0.00034280,0.00000000,0,0.00000000,21543,21550,25,0.00232789
1773322394.96551919,0.02465777,6306,0.00032487,0.00000000,0,0.00000000,21550,21544,29,0.00281362
1773322395.06545949,0.03163443,6356,0.00033475,0.00000000,0,0.00000000,21544,21551,30,0.00179229
1773322395.16541719,0.02505061,6318,0.00035953,0.00000000,0,0.00000000,21551,21541,22,0.00138620
1773322395.26542521,0.01479342,6340,0.00020771,0.00000000,0,0.00000000,21541,21566,37,0.00187415
1773322395.36536908,0.02504383,6384,0.00041486,0.00000000,0,0.00000000,21566,21574,34,0.00196793
1773322395.46543407,0.02385932,6345,0.00014663,0.00000000,0,0.00000000,21574,21583,25,0.00151156
1773322395.56541681,0.02814095,6313,0.00026267,0.00000000,0,0.00000000,21583,21595,21,0.00168144
1773322395.66536045,0.03639675,6303,0.00017506,0.00000000,0,0.00000000,21595,21590,32,0.00143628
1773322395.76534104,0.01966452,6337,0.00015038,0.00000000,0,0.00000000,21590,21609,26,0.00113929
1773322395.86530495,0.02599714,6326,0.00030721,0.00000000,0,0.00000000,21609,21560,32,0.00303148
1773322395.96530032,0.01770838,6346,0.00021072,0.00000000,0,0.00000000,21560,21576,24,0.00160990
1773322396.06526899,0.02516806,6363,0.00019005,0.00000000,0,0.00000000,21576,21596,33,0.00324478
1773322396.16525507,0.02092018,6312,0.00045854,0.00000000,0,0.00000000,21596,21619,35,0.00281880
1773322396.26515722,0.02657809,6298,0.00012651,0.00000000,0,0.00000000,21619,21640,26,0.00159271
1773322396.36512017,0.02259736,6309,0.00025552,0.00000000,0,0.00000000,21640,21652,23,0.00262385
1773322396.46506596,0.02508152,6332,0.00009585,0.00000000,0,0.00000000,21652,21656,27,0.00164819
1773322396.56508541,0.02739679,6292,0.00040423,0.00000000,0,0.00000000,21656,21648,25,0.00199826
1773322396.66500521,0.02596882,6274,0.00027992,0.00000000,0,0.00000000,21648,21660,20,0.00141845
1773322396.76498079,0.02552064,6287,0.00019693,0.00000000,0,0.00000000,21660,21663,27,0.00257474
1773322396.86494088,0.02064873,6261,0.00033485,0.00000000,0,0.00000000,21663,21650,21,0.00259275
1773322396.96492815,0.02246755,6249,0.00022226,0.00000000,0,0.00000000,21650,21651,30,0.00247797
1773322397.06495714,0.02301749,6224,0.00038546,0.00000000,0,0.00000000,21651,21664,28,0.00122912
1773322397.16486835,0.02086838,6247,0.00033465,0.00000000,0,0.00000000,21664,21680,22,0.00092925
1773322397.26492095,0.02348564,6260,0.00023268,0.00000000,0,0.00000000,21680,21695,19,0.00079045
1773322397.36487412,0.01921810,6214,0.00039731,0.00000000,0,0.00000000,21695,21705,30,0.00089515
1773322397.46479344,0.02449623,6259,0.00022361,0.00000000,0,0.00000000,21705,21722,25,0.00179718
1773322397.56480956,0.02665930,6198,0.00035835,0.00000000,0,0.00000000,21722,21724,27,0.00152017
1773322397.66459990,0.02164592,6240,0.00018758,0.00000000,0,0.00000000,21724,21716,27,0.00229576
1773322397.76459622,0.02808955,6192,0.00017071,0.00000000,0,0.00000000,21716,21729,25,0.00204934
1773322397.86455345,0.02835438,6224,0.00020092,0.00000000,0,0.00000000,21729,21751,30,0.00118683
1773322397.96464205,0.02202415,6176,0.00013043,0.00000000,0,0.00000000,21751,21757,29,0.00316133
1773322398.06444740,0.01885133,6272,0.00049137,0.00000000,0,0.00000000,21757,21768,34,0.00203308
1773322398.16446781,0.02834845,6255,0.00022333,0.00000000,0,0.00000000,21768,21766,36,0.00095621
1773322398.26553893,0.01884557,6246,0.00021169,0.00000000,0,0.00000000,21766,21768,32,0.00090853
1773322398.36545634,0.02477090,6268,0.00032502,0.00000000,0,0.00000000,21768,21761,34,0.00269619
1773322398.46534562,0.02456476,6264,0.00011182,0.00000000,0,0.00000000,21761,21767,23,0.00099235
1773322398.56512523,0.02146792,6237,0.00033611,0.00000000,0,0.00000000,21767,21774,30,0.00300957
1773322398.66466904,0.02651457,6284,0.00038862,0.00000000,0,0.00000000,21774,21783,31,0.00097902
1773322398.76444268,0.02185617,6346,0.00038177,0.00000000,0,0.00000000,21783,21785,27,0.00211257
1773322398.86461258,0.02987055,6318,0.00039451,0.00000000,0,0.00000000,21785,21807,33,0.00211389
1773322398.96471143,0.02378001,6297,0.00046083,0.00000000,0,0.00000000,21807,21796,37,0.00204216
1773322399.06555629,0.03072445,6319,0.00044417,0.00000000,0,0.00000000,21796,21798,36,0.00099605
1773322399.16524982,0.02437788,6320,0.00019670,0.00000000,0,0.00000000,21798,21808,40,0.00277961
1773322399.26528668,0.03351653,6311,0.00045493,0.00000000,0,0.00000000,21808,21823,30,0.00147567
1773322399.36492825,0.02576251,6343,0.00034555,0.00000000,0,0.00000000,21823,21825,50,0.00253176
1773322399.46485472,0.03145337,6311,0.00047743,0.00000000,0,0.00000000,21825,21829,38,0.00132068
1773322399.56448054,0.02803502,6339,0.00052090,0.00000000,0,0.00000000,21829,21847,38,0.00314586
1773322399.66435695,0.02457980,6400,0.00039527,0.00000000,0,0.00000000,21847,21863,33,0.00134175
1773322399.76485920,0.01689614,6303,0.00016535,0.00000000,0,0.00000000,21863,21865,32,0.00297364
1773322399.86560416,0.03152806,6309,0.00061460,0.00000000,0,0.00000000,21865,21856,40,0.00216195
1773322399.96553063,0.02735661,6334,0.00016233,0.00000000,0,0.00000000,21856,21873,28,0.00256549
1773322400.06537557,0.02431919,6333,0.00071641,0.00000000,0,0.00000000,21873,21869,38,0.00230639
1773322400.16518068,0.03121471,6335,0.00081803,0.00000000,0,0.00000000,21869,21869,31,0.00173079
1773322400.26493502,0.02345496,6312,0.00018044,0.00000000,0,0.00000000,21869,21886,31,0.00225185
1773322400.36487603,0.02614494,6330,0.00108031,0.00000000,0,0.00000000,21886,21826,24,0.00220828
1773322400.46452999,0.02979912,6333,0.00020524,0.00000000,0,0.00000000,21826,21840,31,0.00255563
1773322400.56459188,0.02346055,6349,0.00033138,0.00000000,0,0.00000000,21840,21859,36,0.00332397
1773322400.66479659,0.02980733,6359,0.00016763,0.00000000,0,0.00000000,21859,21869,31,0.00280207
1773322400.76558423,0.01966448,6325,0.00048972,0.00000000,0,0.00000000,21869,21877,30,0.00151248
1773322400.86543941,0.02758308,6313,0.00032791,0.00000000,0,0.00000000,21877,21843,31,0.00272692
1773322400.96521068,0.02166165,6352,0.00029006,0.00000000,0,0.00000000,21843,21832,38,0.00270860
1773322401.06513548,0.03175475,6301,0.00035784,0.00000000,0,0.00000000,21832,21820,34,0.00291621
1773322401.16476011,0.02269956,6353,0.00011112,0.00000000,0,0.00000000,21820,21835,28,0.00265563
1773322401.26473951,0.02041639,6317,0.00029413,0.00000000,0,0.00000000,21835,21852,28,0.00180879
1773322401.36445999,0.02293508,6342,0.00011244,0.00000000,0,0.00000000,21852,21861,21,0.00275473
1773322401.46451592,0.02504980,6346,0.00027637,0.00000000,0,0.00000000,21861,21877,45,0.00203482
1773322401.56470466,0.02683744,6356,0.00036507,0.00000000,0,0.00000000,21877,21874,31,0.00220538
1773322401.66582274,0.02507577,6335,0.00027741,0.00000000,0,0.00000000,21874,21878,21,0.00188431
1773322401.76542020,0.02746274,6379,0.00055932,0.00000000,0,0.00000000,21878,21891,33,0.00198488
1773322401.86549020,0.02154207,6394,0.00009418,0.00000000,0,0.00000000,21891,21899,21,0.00248397
1773322401.96525383,0.02077883,6370,0.00033501,0.00000000,0,0.00000000,21899,21912,26,0.00320815
1773322402.06518006,0.02250603,6337,0.00009764,0.00000000,0,0.00000000,21912,21911,25,0.00292809
1773322402.16483045,0.02212976,6416,0.00043919,0.00000000,0,0.00000000,21911,21905,30,0.00198839
1773322402.26475239,0.02523943,6383,0.00018827,0.00000000,0,0.00000000,21905,21884,30,0.00493563
1773322402.36457396,0.02263859,6427,0.00026132,0.00000000,0,0.00000000,21884,21882,21,0.00227343
1773322402.46455073,0.02303321,6440,0.00022994,0.00000000,0,0.00000000,21882,21866,25,0.00122574
1773322402.56463671,0.02229880,6405,0.00022916,0.00000000,0,0.00000000,21866,21873,27,0.00301240
1773322402.66547298,0.02211532,6374,0.00031148,0.00000000,0,0.00000000,21873,21874,24,0.00110239
1773322402.76529908,0.01871133,6423,0.00021530,0.00000000,0,0.00000000,21874,21858,20,0.00135166
1773322402.86522317,0.01764724,6394,0.00036084,0.00000000,0,0.00000000,21858,21864,24,0.00327678
1773322402.96500945,0.02385215,6392,0.00020608,0.00000000,0,0.00000000,21864,21873,23,0.00244236
1773322403.06485677,0.02045578,6410,0.00010044,0.00000000,0,0.00000000,21873,21876,25,0.00097132
1773322403.16462445,0.02218286,6444,0.00030655,0.00000000,0,0.00000000,21876,21864,23,0.00215843
1773322403.26465726,0.02135300,6417,0.00012174,0.00000000,0,0.00000000,21864,21880,29,0.00189052
1773322403.36456227,0.02548742,6414,0.00045844,0.00000000,0,0.00000000,21880,21881,24,0.00260372
1773322403.46484804,0.01955500,6383,0.00013844,0.00000000,0,0.00000000,21881,21879,25,0.00230671
1773322403.56461835,0.02450368,6447,0.00030824,0.00000000,0,0.00000000,21879,21899,32,0.00111538
1773322403.66548038,0.02919662,6439,0.00031259,0.00000000,0,0.00000000,21899,21907,27,0.00289712
1773322403.76549459,0.01940476,6407,0.00034728,0.00000000,0,0.00000000,21907,21908,27,0.00134172
1773322403.86527133,0.02314289,6380,0.00009003,0.00000000,0,0.00000000,21908,21922,24,0.00239055
1773322403.96503162,0.02602479,6390,0.00034096,0.00000000,0,0.00000000,21922,21929,26,0.00125068
1773322404.06486440,0.02791592,6386,0.00055863,0.00000000,0,0.00000000,21929,21940,29,0.00299823
1773322404.16472745,0.02277668,6376,0.00009887,0.00000000,0,0.00000000,21940,21954,28,0.00284157
1773322404.26455235,0.01550443,6413,0.00044626,0.00000000,0,0.00000000,21954,21956,25,0.00317032
1773322404.36458302,0.02433002,6399,0.00038034,0.00000000,0,0.00000000,21956,21961,30,0.00117369
1773322404.46484995,0.02096486,6401,0.00013916,0.00000000,0,0.00000000,21961,21964,21,0.00166339
1773322404.56571627,0.02460100,6360,0.00074011,0.00000000,0,0.00000000,21964,21965,39,0.00220531
1773322404.66549993,0.02074823,6372,0.00008899,0.00000000,0,0.00000000,21965,21973,18,0.00107836
1773322404.76552343,0.02269099,6280,0.00021047,0.00000000,0,0.00000000,21973,21985,23,0.00200831
1773322404.86535454,0.01733321,6279,0.00023527,0.00000000,0,0.00000000,21985,21988,23,0.00283609
1773322404.96520138,0.02256093,6268,0.00029666,0.00000000,0,0.00000000,21988,21996,25,0.00115364
1773322405.06505942,0.01770350,6279,0.00012061,0.00000000,0,0.00000000,21996,21989,26,0.00207547
1773322405.16491055,0.02078151,6214,0.00013750,0.00000000,0,0.00000000,21989,21987,18,0.00290926
1773322405.26462507,0.01909350,6260,0.00034317,0.00000000,0,0.00000000,21987,21990,26,0.00372306
1773322405.36459422,0.01822442,6266,0.00026359,0.00000000,0,0.00000000,21990,21966,23,0.00093443
1773322405.46462202,0.02216652,6272,0.00027485,0.00000000,0,0.00000000,21966,21973,22,0.00279045
1773322405.56499386,0.01752433,6274,0.00016900,0.00000000,0,0.00000000,21973,21985,25,0.00242192
1773322405.66491699,0.01899389,6247,0.00018436,0.00000000,0,0.00000000,21985,21999,28,0.00255616
1773322405.76469183,0.01651500,6255,0.00014832,0.00000000,0,0.00000000,21999,22010,23,0.00244320
1773322405.86458540,0.01830943,6277,0.00013438,0.00000000,0,0.00000000,22010,22019,29,0.00108626
1773322405.96520829,0.02257303,6226,0.00014234,0.00000000,0,0.00000000,22019,22020,23,0.00171064
1773322406.06544399,0.01403107,6252,0.00038676,0.00000000,0,0.00000000,22020,22006,28,0.00244646
1773322406.16515446,0.02292082,6193,0.00020531,0.00000000,0,0.00000000,22006,22012,18,0.00097200
1773322406.26497340,0.01781784,6162,0.00017810,0.00000000,0,0.00000000,22012,22015,25,0.00252407
1773322406.36465454,0.02374688,6120,0.00023636,0.00000000,0,0.00000000,22015,22024,21,0.00222487
1773322406.46453142,0.01591746,6204,0.00007720,0.00000000,0,0.00000000,22024,22036,23,0.00129734
1773322406.56469393,0.02137316,6099,0.00032606,0.00000000,0,0.00000000,22036,22041,24,0.00235711
1773322406.66450524,0.02218155,6178,0.00011388,0.00000000,0,0.00000000,22041,22050,18,0.00341012
1773322406.76523614,0.01608225,6199,0.00027362,0.00000000,0,0.00000000,22050,22056,25,0.00287966
1773322406.86473942,0.01963852,6174,0.00006258,0.00000000,0,0.00000000,22056,22063,22,0.00255007
1773322406.96551967,0.02324686,6186,0.00014200,0.00000000,0,0.00000000,22063,22072,19,0.00218606
1773322407.06542516,0.01837087,6270,0.00011819,0.00000000,0,0.00000000,22072,22076,22,0.00212743
1773322407.16540360,0.01446145,6248,0.00006813,0.00000000,0,0.00000000,22076,22085,17,0.00123173
1773322407.26541758,0.01155110,6248,0.00004584,0.00000000,0,0.00000000,22085,22092,13,0.00316506
1773322407.36521387,0.02340686,6248,0.00023163,0.00000000,0,0.00000000,22092,22072,18,0.00141895
1773322407.46505451,0.01839489,6250,0.00009536,0.00000000,0,0.00000000,22072,22077,15,0.00191348
1773322407.56489468,0.02385426,6207,0.00033737,0.00000000,0,0.00000000,22077,22088,25,0.00094115
1773322407.66471291,0.02266704,6206,0.00020983,0.00000000,0,0.00000000,22088,22093,20,0.00124676
1773322407.76447964,0.01699033,6265,0.00012829,0.00000000,0,0.00000000,22093,22105,22,0.00208208
1773322407.86453652,0.02233072,6267,0.00026369,0.00000000,0,0.00000000,22105,22112,17,0.00264274
1773322407.96457863,0.01811088,6262,0.00032100,0.00000000,0,0.00000000,22112,22112,21,0.00155646
1773322408.06445432,0.02051107,6247,0.00019860,0.00000000,0,0.00000000,22112,22108,17,0.00288896
1773322408.16563606,0.01430538,6188,0.00008127,0.00000000,0,0.00000000,22108,22108,15,0.00135135
1773322408.26549315,0.02327953,6177,0.00020992,0.00000000,0,0.00000000,22108,22111,18,0.00175690
1773322408.36550689,0.01630021,6098,0.00006606,0.00000000,0,0.00000000,22111,22108,20,0.00152202
1773322408.46518731,0.02022247,6025,0.00018394,0.00000000,0,0.00000000,22108,22107,16,0.00096211
1773322408.56506753,0.01657593,6010,0.00018097,0.00000000,0,0.00000000,22107,22106,18,0.00236142
1773322408.66502213,0.01800810,6026,0.00025107,0.00000000,0,0.00000000,22106,22117,30,0.00289763
1773322408.76484990,0.01115607,6012,0.00009708,0.00000000,0,0.00000000,22117,22101,19,0.00330463
1773322408.86458325,0.01921541,5994,0.00007083,0.00000000,0,0.00000000,22101,22107,20,0.00174516
1773322408.96451807,0.02062361,5987,0.00031741,0.00000000,0,0.00000000,22107,22111,27,0.00196966
1773322409.06437588,0.02394671,5985,0.00027779,0.00000000,0,0.00000000,22111,22121,25,0.00108332
1773322409.16443086,0.01368403,6032,0.00015671,0.00000000,0,0.00000000,22121,22125,25,0.00135339
1773322409.26483464,0.02098164,5969,0.00016861,0.00000000,0,0.00000000,22125,22128,18,0.00237612
1773322409.36560559,0.01831838,5949,0.00009605,0.00000000,0,0.00000000,22128,22134,22,0.00111825
1773322409.46548223,0.02348835,5972,0.00022522,0.00000000,0,0.00000000,22134,22141,25,0.00167241
1773322409.56545305,0.01739745,5992,0.00008991,0.00000000,0,0.00000000,22141,22152,30,0.00229302
1773322409.66540265,0.02291759,5992,0.00024514,0.00000000,0,0.00000000,22152,22175,29,0.00250762
1773322409.76529384,0.01878380,5962,0.00032189,0.00000000,0,0.00000000,22175,22176,28,0.00211751
1773322409.86505246,0.02409862,5965,0.00029652,0.00000000,0,0.00000000,22176,22190,22,0.00265809
1773322409.96493959,0.01680593,5989,0.00018194,0.00000000,0,0.00000000,22190,22197,16,0.00167743
1773322410.06485248,0.02325297,6003,0.00029158,0.00000000,0,0.00000000,22197,22210,22,0.00213049
1773322410.16477013,0.02362801,5999,0.00027012,0.00000000,0,0.00000000,22210,22220,16,0.00296672
1773322410.26448226,0.01469346,6033,0.00014515,0.00000000,0,0.00000000,22220,22231,21,0.00264552
1773322410.36456156,0.05519486,6021,0.00010076,0.00000000,0,0.00000000,22231,22234,21,0.00301707
1773322410.46443129,0.04035323,6133,0.00018358,0.00000000,0,0.00000000,22234,22226,20,0.00133365
1773322410.56449938,0.02702597,6093,0.00012910,0.00000000,0,0.00000000,22226,22233,21,0.00122519
1773322410.66585588,0.02645334,6056,0.00038326,0.00000000,0,0.00000000,22233,22214,15,0.00238090
1773322410.76570296,0.03772201,6013,0.00030744,0.00000000,0,0.00000000,22214,22219,22,0.00129255
1773322410.86462259,0.02144371,6087,0.00019756,0.00000000,0,0.00000000,22219,22219,16,0.00374391
1773322410.96435547,0.02260939,6067,0.00016733,0.00000000,0,0.00000000,22219,22226,15,0.00290509
1773322411.06447005,0.01907040,6034,0.00010943,0.00000000,0,0.00000000,22226,22231,13,0.00221019
1773322411.16437221,0.02279807,6054,0.00019750,0.00000000,0,0.00000000,22231,22221,14,0.00603974
1773322411.26449227,0.01792619,6151,0.00007488,0.00000000,0,0.00000000,22221,22206,14,0.00348355
1773322411.36575437,0.02474681,6115,0.00009926,0.00000000,0,0.00000000,22206,22210,9,0.00223786
1773322411.46479511,0.02348165,6062,0.00023194,0.00000000,0,0.00000000,22210,22219,22,0.00277109
1773322411.56469512,0.02369446,6113,0.00022130,0.00000000,0,0.00000000,22219,22226,14,0.00176570
1773322411.66463947,0.02248093,6079,0.00004180,0.00000000,0,0.00000000,22226,22230,12,0.00204265
1773322411.76454210,0.01617141,6095,0.00007692,0.00000000,0,0.00000000,22230,22234,24,0.00227420
1773322411.86442733,0.02139165,6147,0.00016291,0.00000000,0,0.00000000,22234,22243,23,0.00294874
1773322411.96485400,0.02169920,6136,0.00006947,0.00000000,0,0.00000000,22243,22250,20,0.00081706
1773322412.06582475,0.02227037,6093,0.00018342,0.00000000,0,0.00000000,22250,22255,19,0.00258012
1773322412.16562891,0.02547923,6111,0.00013870,0.00000000,0,0.00000000,22255,22254,24,0.00308384
1773322412.26553440,0.03684958,6116,0.00041503,0.00000000,0,0.00000000,22254,22260,26,0.00146778
1773322412.36541390,0.02245886,6049,0.00023150,0.00000000,0,0.00000000,22260,22267,18,0.00177180
1773322412.46534419,0.02442170,6110,0.00008472,0.00000000,0,0.00000000,22267,22285,27,0.00200891
1773322412.56537986,0.03038332,6047,0.00023571,0.00000000,0,0.00000000,22285,22292,25,0.00222335
1773322412.66532755,0.02364400,6080,0.00013273,0.00000000,0,0.00000000,22292,22297,22,0.00286015
1773322412.76516271,0.02331048,6027,0.00031495,0.00000000,0,0.00000000,22297,22309,31,0.00084710
1773322412.86504841,0.02496749,6129,0.00019476,0.00000000,0,0.00000000,22309,22331,32,0.00249370
1773322412.96489668,0.02384476,6094,0.00028208,0.00000000,0,0.00000000,22331,22328,29,0.00178029
1773322413.06475282,0.03492533,6159,0.00022931,0.00000000,0,0.00000000,22328,22334,33,0.00140236
1773322413.16448736,0.02265038,6149,0.00012790,0.00000000,0,0.00000000,22334,22351,28,0.00241429
1773322413.26466370,0.02692470,6218,0.00021859,0.00000000,0,0.00000000,22351,22368,37,0.00144166
1773322413.36444163,0.02457581,6237,0.00039082,0.00000000,0,0.00000000,22368,22381,33,0.00309029
1773322413.46529365,0.02603047,6231,0.00053195,0.00000000,0,0.00000000,22381,22406,42,0.00223227
1773322413.56482792,0.03029682,6274,0.00045551,0.00000000,0,0.00000000,22406,22421,32,0.00183215
1773322413.66583586,0.03535684,6240,0.00052384,0.00000000,0,0.00000000,22421,22433,31,0.00140259
1773322413.76567054,0.03987098,6277,0.00065647,0.00000000,0,0.00000000,22433,22434,26,0.00251755
1773322413.86559010,0.03028142,6227,0.00026459,0.00000000,0,0.00000000,22434,22428,34,0.00226414
1773322413.96545601,0.02961162,6290,0.00031304,0.00000000,0,0.00000000,22428,22415,28,0.00210957
1773322414.06562090,0.03389889,6250,0.00033156,0.00000000,0,0.00000000,22415,22385,35,0.00273556
1773322414.16545582,0.02585467,6207,0.00037668,0.00000000,0,0.00000000,22385,22375,24,0.00157769
1773322414.26527262,0.03182203,6201,0.00049273,0.00000000,0,0.00000000,22375,22397,43,0.00286648
1773322414.36516786,0.02949154,6210,0.00046414,0.00000000,0,0.00000000,22397,22432,51,0.00275433
1773322414.46505070,0.03507327,6128,0.00022213,0.00000000,0,0.00000000,22432,22459,47,0.00123917
1773322414.56496453,0.03338033,6137,0.00097985,0.00000000,0,0.00000000,22459,22456,69,0.00262888
1773322414.66484404,0.02819599,6136,0.00143724,0.00000000,0,0.00000000,22456,22426,56,0.00158977
1773322414.76473308,0.02115840,6157,0.00021430,0.00000000,0,0.00000000,22426,22445,55,0.00311808
1773322414.86466789,0.03317211,6121,0.00057328,0.00000000,0,0.00000000,22445,22468,56,0.00272285
1773322414.96449590,0.03564531,6154,0.00062947,0.00000000,0,0.00000000,22468,22450,65,0.00270869
1773322415.06445217,0.03198037,6177,0.00061465,0.00000000,0,0.00000000,22450,22479,61,0.00161277
1773322415.16455364,0.03782181,6168,0.00040283,0.00000000,0,0.00000000,22479,22478,72,0.00254773
1773322415.26444960,0.03698265,6143,0.00076796,0.00000000,0,0.00000000,22478,22495,70,0.00218601
1773322415.36440659,0.03808884,6165,0.00027527,0.00000000,0,0.00000000,22495,22491,60,0.00177214
1773322415.46559763,0.03344647,6132,0.00072536,0.00000000,0,0.00000000,22491,22515,68,0.00142799
1773322415.56552577,0.04050658,6135,0.00036340,0.00000000,0,0.00000000,22515,22492,58,0.00189569
1773322415.66539121,0.03171804,6199,0.00034726,0.00000000,0,0.00000000,22492,22509,69,0.00266233
1773322415.76531029,0.03723663,6154,0.00048621,0.00000000,0,0.00000000,22509,22528,53,0.00257684
1773322415.86528635,0.04239725,6125,0.00072015,0.00000000,0,0.00000000,22528,22557,68,0.00214534
1773322415.96514559,0.03393276,6153,0.00101016,0.00000000,0,0.00000000,22557,22521,83,0.00228845
1773322416.06503725,0.04058133,6179,0.00074405,0.00000000,0,0.00000000,22521,22544,73,0.00255073
1773322416.16501760,0.04064216,6143,0.00112693,0.00000000,0,0.00000000,22544,22561,88,0.00133449
1773322416.26485085,0.02459660,6154,0.00033853,0.00000000,0,0.00000000,22561,22593,89,0.00170246
1773322416.36476827,0.03434784,6085,0.00120931,0.00000000,0,0.00000000,22593,22598,103,0.00261254
1773322416.46449852,0.03700062,6162,0.00044863,0.00000000,0,0.00000000,22598,22633,104,0.00156753
1773322416.56448078,0.03631392,6160,0.00086069,0.00000000,0,0.00000000,22633,22651,83,0.00088777
1773322416.66437650,0.04203258,6118,0.00143833,0.00000000,0,0.00000000,22651,22673,115,0.00221246
1773322416.76425147,0.04301965,6218,0.00163321,0.00000000,0,0.00000000,22673,22620,83,0.00264807
1773322416.86451101,0.03675228,6201,0.00071837,0.00000000,0,0.00000000,22620,22661,81,0.00249521
1773322416.96575332,0.04058541,6118,0.00046571,0.00000000,0,0.00000000,22661,22703,108,0.00186067
1773322417.06462431,0.04849196,6123,0.00145598,0.00000000,0,0.00000000,22703,22741,115,0.00233600
1773322417.16553712,0.03458258,6160,0.00116507,0.00000000,0,0.00000000,22741,22745,105,0.00135254
1773322417.26546884,0.04159817,6156,0.00087982,0.00000000,0,0.00000000,22745,22774,98,0.00262651
1773322417.36545897,0.03928962,6129,0.00126958,0.00000000,0,0.00000000,22774,22792,124,0.00140405
1773322417.46535802,0.03257786,6171,0.00060064,0.00000000,0,0.00000000,22792,22757,123,0.00235195
1773322417.56530738,0.04266930,6132,0.00154114,0.00000000,0,0.00000000,22757,22770,107,0.00164474
1773322417.66525030,0.02823728,6089,0.00084777,0.00000000,0,0.00000000,22770,22851,111,0.00257591
1773322417.76504731,0.02558393,6167,0.00044065,0.00000000,0,0.00000000,22851,22888,100,0.00257305
1773322417.86497688,0.03667842,6128,0.00059606,0.00000000,0,0.00000000,22888,22899,98,0.00119764
1773322417.96478248,0.03539515,6159,0.00115472,0.00000000,0,0.00000000,22899,22937,138,0.00235749
1773322418.06467390,0.04383196,6121,0.00132876,0.00000000,0,0.00000000,22937,22968,135,0.00135647
1773322418.16468096,0.04440420,6146,0.00079281,0.00000000,0,0.00000000,22968,23013,122,0.00157518
1773322418.26460242,0.03779096,6116,0.00197052,0.00000000,0,0.00000000,23013,22814,131,0.00193027
1773322418.36455679,0.03791051,6153,0.00083268,0.00000000,0,0.00000000,22814,22876,132,0.00296577
1773322418.46447062,0.03751150,6160,0.00165168,0.00000000,0,0.00000000,22876,22828,136,0.00091081
1773322418.56459522,0.03876479,6160,0.00170748,0.00000000,0,0.00000000,22828,22881,146,0.00198637
1773322418.66482282,0.04115691,6216,0.00066999,0.00000000,0,0.00000000,22881,22884,127,0.00199954
1773322418.76472807,0.03166101,6174,0.00135799,0.00000000,0,0.00000000,22884,22924,128,0.00177576
1773322418.86567116,0.03100680,6139,0.00138885,0.00000000,0,0.00000000,22924,22994,125,0.00295415
1773322418.96563292,0.03877322,6172,0.00109124,0.00000000,0,0.00000000,22994,23000,109,0.00269220
1773322419.06565666,0.04700427,6153,0.00210237,0.00000000,0,0.00000000,23000,23024,111,0.00264825
1773322419.16538882,0.04061808,6230,0.00169458,0.00000000,0,0.00000000,23024,23072,126,0.00339235
1773322419.26544285,0.02511535,6173,0.00069889,0.00000000,0,0.00000000,23072,23135,103,0.00179297
1773322419.36543274,0.03906968,6198,0.00050466,0.00000000,0,0.00000000,23135,23184,105,0.00157655
1773322419.46529412,0.04256206,6178,0.00150430,0.00000000,0,0.00000000,23184,23114,98,0.00328831
1773322419.56527305,0.03444578,6152,0.00104092,0.00000000,0,0.00000000,23114,23129,101,0.00211031
1773322419.66496015,0.04065430,6181,0.00077119,0.00000000,0,0.00000000,23129,23175,112,0.00118386
1773322419.76501775,0.03446640,6158,0.00061879,0.00000000,0,0.00000000,23175,23212,106,0.00188487
1773322419.86484909,0.03624726,6152,0.00128450,0.00000000,0,0.00000000,23212,23242,110,0.00338898
1773322419.96466660,0.04082402,6179,0.00122686,0.00000000,0,0.00000000,23242,23235,103,0.00240631
1773322420.06468225,0.03689686,6171,0.00153762,0.00000000,0,0.00000000,23235,23247,118,0.00134435
1773322420.16454077,0.03970940,6174,0.00062554,0.00000000,0,0.00000000,23247,23287,124,0.00258956
1773322420.26446438,0.04205876,6187,0.00097870,0.00000000,0,0.00000000,23287,23287,91,0.00289662
1773322420.36458135,0.04006846,6251,0.00051690,0.00000000,0,0.00000000,23287,23323,80,0.00287018
1773322420.46459436,0.03445740,6159,0.00108379,0.00000000,0,0.00000000,23323,23297,92,0.00221503
1773322420.56481266,0.04630593,6157,0.00121895,0.00000000,0,0.00000000,23297,23309,88,0.00147106
1773322420.66483235,0.03869702,6227,0.00117644,0.00000000,0,0.00000000,23309,23321,93,0.00358499
1773322420.76568913,0.02391402,6182,0.00037880,0.00000000,0,0.00000000,23321,23340,82,0.00302435
1773322420.86568189,0.03714732,6153,0.00117895,0.00000000,0,0.00000000,23340,23379,116,0.00224341
1773322420.96458578,0.03962969,6186,0.00036146,0.00000000,0,0.00000000,23379,23383,78,0.00105465
1773322421.06455874,0.03803227,6191,0.00105589,0.00000000,0,0.00000000,23383,23396,89,0.00133070
1773322421.16529632,0.03644700,6162,0.00107733,0.00000000,0,0.00000000,23396,23379,90,0.00220171
1773322421.26526666,0.03891732,6217,0.00037248,0.00000000,0,0.00000000,23379,23402,64,0.00302398
1773322421.36540794,0.04441892,6173,0.00110480,0.00000000,0,0.00000000,23402,23423,83,0.00236850
1773322421.46517444,0.04025862,6189,0.00129009,0.00000000,0,0.00000000,23423,23353,85,0.00207283
1773322421.56507874,0.03971493,6178,0.00145062,0.00000000,0,0.00000000,23353,23370,97,0.00333411
1773322421.66506577,0.03559743,6197,0.00106433,0.00000000,0,0.00000000,23370,23374,85,0.00137161
1773322421.76499438,0.03929366,6172,0.00034112,0.00000000,0,0.00000000,23374,23383,73,0.00266596
1773322421.86476445,0.04000100,6174,0.00080671,0.00000000,0,0.00000000,23383,23357,76,0.00254884
1773322421.96473336,0.03275550,6175,0.00096395,0.00000000,0,0.00000000,23357,23333,68,0.00273109
1773322422.06469417,0.03872437,6152,0.00102959,0.00000000,0,0.00000000,23333,23356,62,0.00282115
1773322422.16448498,0.04235571,6197,0.00055934,0.00000000,0,0.00000000,23356,23371,76,0.00168479
1773322422.26450062,0.02434652,6220,0.00027343,0.00000000,0,0.00000000,23371,23395,75,0.00336989
1773322422.36463428,0.03405767,6163,0.00071629,0.00000000,0,0.00000000,23395,23400,55,0.00251788
1773322422.46449089,0.04263721,6204,0.00084847,0.00000000,0,0.00000000,23400,23416,64,0.00161620
1773322422.56493807,0.03508095,6166,0.00036189,0.00000000,0,0.00000000,23416,23420,67,0.00123683
1773322422.66502023,0.03620424,6127,0.00062456,0.00000000,0,0.00000000,23420,23430,50,0.00138315
1773322422.76486731,0.03562590,6109,0.00085680,0.00000000,0,0.00000000,23430,23453,73,0.00240007
1773322422.86576319,0.03485663,6153,0.00038717,0.00000000,0,0.00000000,23453,23433,51,0.00294499
1773322422.96572328,0.02636464,6153,0.00073096,0.00000000,0,0.00000000,23433,23435,74,0.00128434
1773322423.06569743,0.03524768,6151,0.00054581,0.00000000,0,0.00000000,23435,23429,44,0.00246419
1773322423.16566634,0.03630932,6131,0.00028401,0.00000000,0,0.00000000,23429,23443,44,0.00260578
1773322423.26443505,0.02764614,6184,0.00081649,0.00000000,0,0.00000000,23443,23448,41,0.00231904
1773322423.36553121,0.03769624,6192,0.00074912,0.00000000,0,0.00000000,23448,23473,46,0.00309600
1773322423.46554136,0.03674473,6173,0.00026364,0.00000000,0,0.00000000,23473,23475,51,0.00208555
1773322423.56551790,0.04561629,6175,0.00203454,0.00000000,0,0.00000000,23475,23316,67,0.00164454
1773322423.66534257,0.04379233,6178,0.00034406,0.00000000,0,0.00000000,23316,23334,47,0.00260440
1773322423.76522207,0.02610643,6219,0.00024831,0.00000000,0,0.00000000,23334,23344,55,0.00080245
1773322423.86513758,0.03430908,6183,0.00028871,0.00000000,0,0.00000000,23344,23361,61,0.00290700
1773322423.96507549,0.03800241,6176,0.00060939,0.00000000,0,0.00000000,23361,23366,54,0.00188470
1773322424.06501794,0.04490220,6128,0.00027945,0.00000000,0,0.00000000,23366,23390,54,0.00101594
1773322424.16480947,0.03551953,6157,0.00064316,0.00000000,0,0.00000000,23390,23400,54,0.00170700
1773322424.26469588,0.03761327,6146,0.00059950,0.00000000,0,0.00000000,23400,23401,46,0.00100148
1773322424.36470103,0.03784587,6152,0.00028469,0.00000000,0,0.00000000,23401,23432,60,0.00196201
1773322424.46479607,0.03533901,6126,0.00061764,0.00000000,0,0.00000000,23432,23461,53,0.00208217
1773322424.56453967,0.03711759,6141,0.00150152,0.00000000,0,0.00000000,23461,23399,56,0.00176132
1773322424.66442537,0.03820933,6189,0.00065525,0.00000000,0,0.00000000,23399,23424,55,0.00222996
1773322424.76460052,0.04091938,6151,0.00082142,0.00000000,0,0.00000000,23424,23437,55,0.00144061
1773322424.86453247,0.03423438,6131,0.00020431,0.00000000,0,0.00000000,23437,23459,59,0.00251037
1773322424.96441889,0.03217637,6158,0.00062041,0.00000000,0,0.00000000,23459,23475,52,0.00149462
1773322425.06436920,0.04131247,6134,0.00091084,0.00000000,0,0.00000000,23475,23516,60,0.00340418
1773322425.16446376,0.03891248,6178,0.00035991,0.00000000,0,0.00000000,23516,23524,50,0.00229444
1773322425.26567745,0.02544252,6149,0.00023256,0.00000000,0,0.00000000,23524,23550,57,0.00176329
1773322425.36559463,0.03426619,6160,0.00084037,0.00000000,0,0.00000000,23550,23552,42,0.00222157
1773322425.46551299,0.04382169,6167,0.00028018,0.00000000,0,0.00000000,23552,23548,52,0.00157953
1773322425.56546497,0.03529545,6171,0.00022322,0.00000000,0,0.00000000,23548,23568,46,0.00108654
1773322425.66541314,0.03265383,6169,0.00066454,0.00000000,0,0.00000000,23568,23577,43,0.00121545
1773322425.76541185,0.02216041,6104,0.00047482,0.00000000,0,0.00000000,23577,23594,39,0.00197085
1773322425.86517310,0.03683939,6144,0.00040041,0.00000000,0,0.00000000,23594,23616,47,0.00136627
1773322425.96519136,0.03010606,6101,0.00056388,0.00000000,0,0.00000000,23616,23635,40,0.00262122
1773322426.06513262,0.03343079,6121,0.00029282,0.00000000,0,0.00000000,23635,23634,44,0.00367348
1773322426.16507626,0.03266931,6072,0.00034192,0.00000000,0,0.00000000,23634,23659,56,0.00217310
1773322426.26480246,0.02945554,6053,0.00107438,0.00000000,0,0.00000000,23659,23652,45,0.00126828
1773322426.36487985,0.03446807,6078,0.00055914,0.00000000,0,0.00000000,23652,23689,60,0.00247864
1773322426.46479583,0.02731384,6041,0.00040976,0.00000000,0,0.00000000,23689,23704,54,0.00088871
1773322426.56458497,0.03736758,6054,0.00164972,0.00000000,0,0.00000000,23704,23688,67,0.00205347
1773322426.66447043,0.03407644,6027,0.00045857,0.00000000,0,0.00000000,23688,23681,68,0.00176257
1773322426.76443863,0.02132798,6084,0.00024299,0.00000000,0,0.00000000,23681,23689,59,0.00128753
1773322426.86448598,0.03471491,6035,0.00035839,0.00000000,0,0.00000000,23689,23707,66,0.00189737
1773322426.96501851,0.03270684,6041,0.00035701,0.00000000,0,0.00000000,23707,23706,50,0.00167893
1773322427.06488085,0.03304600,6016,0.00014737,0.00000000,0,0.00000000,23706,23717,33,0.00309761
1773322427.16483092,0.02828440,6043,0.00031746,0.00000000,0,0.00000000,23717,23720,42,0.00112604
1773322427.26478577,0.03200289,6034,0.00022515,0.00000000,0,0.00000000,23720,23744,37,0.00251734
1773322427.36564422,0.03199514,6035,0.00054200,0.00000000,0,0.00000000,23744,23761,41,0.00251143
1773322427.46570349,0.03166087,5966,0.00040196,0.00000000,0,0.00000000,23761,23758,27,0.00195047
1773322427.56568480,0.03019886,6006,0.00020734,0.00000000,0,0.00000000,23758,23770,38,0.00198880
1773322427.66551161,0.02617479,6027,0.00052677,0.00000000,0,0.00000000,23770,23725,34,0.00097022
1773322427.76549387,0.03242155,6017,0.00017980,0.00000000,0,0.00000000,23725,23734,33,0.00340550
1773322427.86547542,0.02804013,6013,0.00055172,0.00000000,0,0.00000000,23734,23747,51,0.00116499
1773322427.96544123,0.03255837,6072,0.00050319,0.00000000,0,0.00000000,23747,23759,39,0.00251852
1773322428.06537795,0.03137207,6068,0.00048539,0.00000000,0,0.00000000,23759,23754,44,0.00175425
1773322428.16530991,0.02393974,6137,0.00044631,0.00000000,0,0.00000000,23754,23779,41,0.00247206
1773322428.26525950,0.02081427,6077,0.00016125,0.00000000,0,0.00000000,23779,23795,34,0.00258691
1773322428.36509895,0.02952788,6174,0.00029560,0.00000000,0,0.00000000,23795,23814,34,0.00151688
1773322428.46498799,0.02858358,6139,0.00051251,0.00000000,0,0.00000000,23814,23806,41,0.00306683
1773322428.56496239,0.03236386,6196,0.00055981,0.00000000,0,0.00000000,23806,23812,44,0.00240822
1773322428.66488528,0.03641044,6167,0.00020541,0.00000000,0,0.00000000,23812,23842,41,0.00089074
1773322428.76477885,0.03167510,6171,0.00060730,0.00000000,0,0.00000000,23842,23850,46,0.00088857
1773322428.86472392,0.02388741,6145,0.00054736,0.00000000,0,0.00000000,23850,23863,42,0.00249324
1773322428.96465540,0.03574002,6202,0.00023976,0.00000000,0,0.00000000,23863,23866,39,0.00160772
1773322429.06458521,0.03613930,6206,0.00056568,0.00000000,0,0.00000000,23866,23876,42,0.00227335
1773322429.16462970,0.03316288,6172,0.00087913,0.00000000,0,0.00000000,23876,23886,63,0.00263463
1773322429.26438046,0.03306320,6223,0.00030709,0.00000000,0,0.00000000,23886,23906,46,0.00112167
1773322429.36453915,0.03193720,6238,0.00027187,0.00000000,0,0.00000000,23906,23916,53,0.00146480
1773322429.46446824,0.03401016,6216,0.00076429,0.00000000,0,0.00000000,23313,23312,55,0.00219781
1773322429.56448388,0.03161789,6231,0.00041956,0.00000000,0,0.00000000,23312,23279,49,0.00115110
1773322429.66475940,0.02984796,6289,0.00026301,0.00000000,0,0.00000000,23279,23311,52,0.00252902
1773322429.76481724,0.02219338,6233,0.00049294,0.00000000,0,0.00000000,23311,23330,59,0.00219975
1773322429.86468649,0.03880249,6251,0.00078082,0.00000000,0,0.00000000,23330,23361,48,0.00191181
1773322429.96579909,0.03058754,6230,0.00038899,0.00000000,0,0.00000000,23361,23365,60,0.00345971
1773322430.06459332,0.03968382,6242,0.00059112,0.00000000,0,0.00000000,23365,23412,67,0.00273909
1773322430.16548252,0.04119053,6234,0.00036071,0.00000000,0,0.00000000,23412,23427,68,0.00155530
1773322430.26448083,0.03459590,6246,0.00117165,0.00000000,0,0.00000000,23427,23420,53,0.00192821
1773322430.36533046,0.03140169,6230,0.00057958,0.00000000,0,0.00000000,23420,23439,44,0.00291941
1773322430.46526456,0.03274690,6240,0.00026739,0.00000000,0,0.00000000,23439,23463,55,0.00257654
1773322430.56536913,0.02907035,6200,0.00098352,0.00000000,0,0.00000000,23463,23440,53,0.00111879
1773322430.66515279,0.03811825,6267,0.00027105,0.00000000,0,0.00000000,23440,23460,49,0.00218424
1773322430.76525617,0.03169218,6243,0.00051878,0.00000000,0,0.00000000,23460,23481,46,0.00093100
1773322430.86516213,0.03992618,6215,0.00050581,0.00000000,0,0.00000000,23481,23482,57,0.00184273
1773322430.96510983,0.03054539,6255,0.00058329,0.00000000,0,0.00000000,23482,23499,46,0.00162408
1773322431.06510234,0.04092394,6187,0.00025779,0.00000000,0,0.00000000,23499,23490,40,0.00244013
1773322431.16490030,0.03828941,6216,0.00071183,0.00000000,0,0.00000000,23490,23521,53,0.00178923
1773322431.26482296,0.02330462,6200,0.00024685,0.00000000,0,0.00000000,23521,23495,43,0.00120397
1773322431.36472416,0.04256935,6209,0.00036009,0.00000000,0,0.00000000,23495,23514,55,0.00320530
1773322431.46469736,0.02894217,6212,0.00064816,0.00000000,0,0.00000000,23514,23473,36,0.00118649
1773322431.56461763,0.03374492,6194,0.00053303,0.00000000,0,0.00000000,23473,23484,31,0.00118538
1773322431.66458511,0.04077982,6213,0.00031908,0.00000000,0,0.00000000,23484,23507,44,0.00153630
1773322431.76453924,0.03039057,6186,0.00017188,0.00000000,0,0.00000000,23507,23498,36,0.00135723
1773322431.86444426,0.02977312,6192,0.00073300,0.00000000,0,0.00000000,23498,23520,36,0.00207331
1773322431.96437073,0.03576427,6236,0.00017152,0.00000000,0,0.00000000,23520,23535,31,0.00093843
1773322432.06499147,0.03490275,6154,0.00043720,0.00000000,0,0.00000000,23535,23548,37,0.00169586
1773322432.16500330,0.01977870,6143,0.00024993,0.00000000,0,0.00000000,23548,23537,38,0.00193655
1773322432.26445818,0.03494871,6177,0.00020022,0.00000000,0,0.00000000,23537,23512,33,0.00309857
1773322432.36590123,0.03019377,6175,0.00065507,0.00000000,0,0.00000000,23512,23532,44,0.00140331
1773322432.46479630,0.03612583,6130,0.00037416,0.00000000,0,0.00000000,23532,23529,27,0.00260709
1773322432.56452918,0.03732540,6132,0.00024273,0.00000000,0,0.00000000,23529,23533,32,0.00161206
1773322432.66550016,0.03328730,6141,0.00021780,0.00000000,0,0.00000000,23533,23537,48,0.00174703
1773322432.76551723,0.01891449,6144,0.00018458,0.00000000,0,0.00000000,23537,23538,40,0.00209592
1773322432.86546278,0.02714707,6145,0.00050742,0.00000000,0,0.00000000,23538,23553,41,0.00154464
1773322432.96543121,0.03260453,6106,0.00030450,0.00000000,0,0.00000000,23553,23541,31,0.00177190
1773322433.06537771,0.03356260,6165,0.00048231,0.00000000,0,0.00000000,23541,23560,44,0.00210799
1773322433.16548228,0.03311409,6131,0.00039679,0.00000000,0,0.00000000,23560,23572,30,0.00090913
1773322433.26532769,0.04210855,6163,0.00056236,0.00000000,0,0.00000000,23572,23589,33,0.00228786
1773322433.36527729,0.03491122,6155,0.00037373,0.00000000,0,0.00000000,23589,23604,36,0.00248475
1773322433.46530938,0.03069512,6139,0.00016287,0.00000000,0,0.00000000,23604,23634,39,0.00221861
1773322433.56520224,0.02312858,6155,0.00072537,0.00000000,0,0.00000000,23634,23626,52,0.00157074
1773322433.66514611,0.02879395,6183,0.00017501,0.00000000,0,0.00000000,23626,23612,40,0.00235219
1773322433.76510620,0.02725167,6139,0.00038904,0.00000000,0,0.00000000,23612,23637,38,0.00112885
1773322433.86485887,0.03877405,6136,0.00032217,0.00000000,0,0.00000000,23637,23656,49,0.00172412
1773322433.96484876,0.03278350,6156,0.00015311,0.00000000,0,0.00000000,23656,23676,31,0.00177715
1773322434.06478262,0.03695409,6170,0.00063711,0.00000000,0,0.00000000,23676,23688,44,0.00146512
1773322434.16471505,0.02756778,6144,0.00040132,0.00000000,0,0.00000000,23688,23692,35,0.00275021
1773322434.26466298,0.01989596,6139,0.00042087,0.00000000,0,0.00000000,23692,23646,48,0.00084564
1773322434.36459374,0.03207897,6088,0.00060519,0.00000000,0,0.00000000,23646,23665,48,0.00192753
1773322434.46439815,0.02849034,6055,0.00028839,0.00000000,0,0.00000000,23665,23688,37,0.00400908
1773322434.56439400,0.03587488,6127,0.00062154,0.00000000,0,0.00000000,23688,23703,37,0.00149594
1773322434.66470122,0.03239631,6047,0.00017294,0.00000000,0,0.00000000,23703,23699,28,0.00094059
1773322434.76452088,0.02667085,6063,0.00023482,0.00000000,0,0.00000000,23699,23708,32,0.00184902
1773322434.86507201,0.01913702,6052,0.00038033,0.00000000,0,0.00000000,23708,23729,36,0.00222039
1773322434.96488476,0.03173471,6068,0.00019384,0.00000000,0,0.00000000,23729,23721,36,0.00210404
1773322435.06486750,0.02713840,6086,0.00033360,0.00000000,0,0.00000000,23721,23728,39,0.00188859
1773322435.16500330,0.03031546,6033,0.00063495,0.00000000,0,0.00000000,23728,23720,48,0.00245881
1773322435.26494837,0.02589848,6068,0.00029629,0.00000000,0,0.00000000,23720,23736,36,0.00108762
1773322435.36472464,0.03280941,6025,0.00034757,0.00000000,0,0.00000000,23736,23737,38,0.00244117
1773322435.46473980,0.02793102,6060,0.00054039,0.00000000,0,0.00000000,23737,23763,46,0.00234144
1773322435.56561613,0.03130962,6044,0.00049780,0.00000000,0,0.00000000,23763,23774,34,0.00088511
1773322435.66561341,0.02520712,6107,0.00034707,0.00000000,0,0.00000000,23774,23779,38,0.00350584
1773322435.76444817,0.02062346,6085,0.00017396,0.00000000,0,0.00000000,23779,23771,37,0.00089698
1773322435.86438298,0.03006120,6204,0.00019568,0.00000000,0,0.00000000,23771,23787,37,0.00161551
1773322435.96548414,0.02015380,6143,0.00043042,0.00000000,0,0.00000000,23787,23814,35,0.00200765
1773322436.06529880,0.03206500,6187,0.00046024,0.00000000,0,0.00000000,23814,23837,41,0.00144149
1773322436.16535664,0.04001189,6193,0.00023758,0.00000000,0,0.00000000,23837,23832,26,0.00157827
1773322436.26544785,0.02577343,6121,0.00031473,0.00000000,0,0.00000000,23832,23834,31,0.00182794
1773322436.36520624,0.02846222,6130,0.00042011,0.00000000,0,0.00000000,23834,23852,38,0.00216854
1773322436.46516919,0.03432675,6245,0.00020193,0.00000000,0,0.00000000,23852,23837,38,0.00104273
1773322436.56514263,0.02736800,6220,0.00041745,0.00000000,0,0.00000000,23837,23846,52,0.00267449
1773322436.66507220,0.02434853,6239,0.00096567,0.00000000,0,0.00000000,23846,23810,56,0.00139101
1773322436.76490760,0.03355256,6272,0.00022957,0.00000000,0,0.00000000,23810,23806,38,0.00139105
1773322436.86497521,0.03016828,6265,0.00028881,0.00000000,0,0.00000000,23806,23802,38,0.00151946
1773322436.96492171,0.02088516,6242,0.00026465,0.00000000,0,0.00000000,23802,23810,39,0.00184522
1773322437.06486511,0.04092118,6283,0.00066978,0.00000000,0,0.00000000,23810,23836,37,0.00131548
1773322437.16462660,0.03268103,6318,0.00034162,0.00000000,0,0.00000000,23836,23848,48,0.00086996
1773322437.26480985,0.01773095,6282,0.00016362,0.00000000,0,0.00000000,23848,23836,45,0.00182203
1773322437.36449385,0.03814644,6334,0.00045821,0.00000000,0,0.00000000,23836,23852,30,0.00170296
1773322437.46463823,0.03409273,6275,0.00052799,0.00000000,0,0.00000000,23852,23869,37,0.00203624
1773322437.56441426,0.03440445,6308,0.00022655,0.00000000,0,0.00000000,23869,23858,30,0.00199752
1773322437.66461730,0.03125939,6299,0.00017304,0.00000000,0,0.00000000,23858,23879,41,0.00078702
1773322437.76451015,0.03475912,6307,0.00056305,0.00000000,0,0.00000000,23879,23884,44,0.00201612
1773322437.86448669,0.03186566,6322,0.00018239,0.00000000,0,0.00000000,23884,23900,37,0.00085161
1773322437.96458888,0.02622796,6292,0.00055527,0.00000000,0,0.00000000,23900,23913,49,0.00171885
1773322438.06453156,0.03537938,6302,0.00026855,0.00000000,0,0.00000000,23913,23934,42,0.00278136
1773322438.16447616,0.03119386,6348,0.00020953,0.00000000,0,0.00000000,23934,23949,41,0.00216985
1773322438.26565361,0.02701661,6307,0.00031282,0.00000000,0,0.00000000,23949,23967,45,0.00228993
1773322438.36573458,0.03170510,6286,0.00024721,0.00000000,0,0.00000000,23967,23955,39,0.00301160
1773322438.46559072,0.02615247,6264,0.00030575,0.00000000,0,0.00000000,23955,23964,48,0.00086979
1773322438.56559205,0.02525335,6248,0.00061996,0.00000000,0,0.00000000,23964,23992,47,0.00152793
1773322438.66559625,0.02684649,6294,0.00062413,0.00000000,0,0.00000000,23992,23987,43,0.00129332
1773322438.76563001,0.01682319,6183,0.00021648,0.00000000,0,0.00000000,23987,24006,46,0.00245296
1773322438.86531615,0.03326065,6239,0.00016858,0.00000000,0,0.00000000,24006,24016,34,0.00176226
1773322438.96521759,0.01611154,6248,0.00016914,0.00000000,0,0.00000000,24016,24011,33,0.00138766
1773322439.06535125,0.03312770,6224,0.00068758,0.00000000,0,0.00000000,24011,24010,42,0.00138709
1773322439.16531277,0.02969524,6210,0.00031031,0.00000000,0,0.00000000,24010,24014,35,0.00084858
1773322439.26532364,0.02044926,6097,0.00036291,0.00000000,0,0.00000000,24014,24018,19,0.00247710
1773322439.36502838,0.02909002,6150,0.00039882,0.00000000,0,0.00000000,24018,24018,25,0.00172407
1773322439.46498227,0.02204199,6014,0.00062553,0.00000000,0,0.00000000,24018,24028,31,0.00118316
1773322439.56495500,0.02809918,6029,0.00033616,0.00000000,0,0.00000000,24028,24044,29,0.00277017
1773322439.66497493,0.02786817,5976,0.00023555,0.00000000,0,0.00000000,24044,24042,30,0.00198699
1773322439.76486039,0.02392534,6021,0.00063258,0.00000000,0,0.00000000,24042,24047,29,0.00191190
1773322439.86490178,0.02634893,5985,0.00016933,0.00000000,0,0.00000000,24047,24066,26,0.00178544
1773322439.96481204,0.02413659,5998,0.00011892,0.00000000,0,0.00000000,24066,24074,20,0.00120317
1773322440.06460190,0.03042711,5991,0.00045826,0.00000000,0,0.00000000,24074,24096,28,0.00297597
1773322440.16451144,0.02999773,6060,0.00010928,0.00000000,0,0.00000000,24096,24108,17,0.00276635
1773322440.26460981,0.01724462,6048,0.00010314,0.00000000,0,0.00000000,24108,24119,23,0.00265241
1773322440.36450386,0.03068657,6132,0.00060581,0.00000000,0,0.00000000,24119,24127,25,0.00212166
1773322440.46455598,0.02197357,6125,0.00014180,0.00000000,0,0.00000000,24127,24137,20,0.00111894
1773322440.56451488,0.01705935,6078,0.00031421,0.00000000,0,0.00000000,24137,24155,34,0.00075637
1773322440.66449308,0.03038916,6096,0.00032781,0.00000000,0,0.00000000,24155,24168,26,0.00088195
1773322440.76461434,0.02011612,6024,0.00020285,0.00000000,0,0.00000000,24168,24168,33,0.00105784
1773322440.86441422,0.02856874,6117,0.00039451,0.00000000,0,0.00000000,24168,24170,29,0.00211338
1773322440.96480799,0.02255036,6069,0.00021339,0.00000000,0,0.00000000,24170,24179,25,0.00116194
1773322441.06469989,0.01842770,6132,0.00015012,0.00000000,0,0.00000000,24179,24178,18,0.00129188
1773322441.16572380,0.02290112,6028,0.00019630,0.00000000,0,0.00000000,24178,24182,19,0.00205869
1773322441.26466250,0.02426930,6132,0.00017100,0.00000000,0,0.00000000,24182,24196,25,0.00267929
1773322441.36574388,0.02580598,6060,0.00030492,0.00000000,0,0.00000000,24196,24193,19,0.00130419
1773322441.46560621,0.02178673,6068,0.00028601,0.00000000,0,0.00000000,24193,24180,28,0.00259858
1773322441.56559134,0.03178566,6047,0.00034632,0.00000000,0,0.00000000,24180,24179,22,0.00087541
1773322441.66547966,0.02367657,6169,0.00033655,0.00000000,0,0.00000000,24179,24185,23,0.00245795
1773322441.76545334,0.01667812,6172,0.00016569,0.00000000,0,0.00000000,24185,24185,25,0.00080550
1773322441.86546755,0.02779191,6167,0.00014194,0.00000000,0,0.00000000,24185,24193,26,0.00238293
1773322441.96560812,0.02836614,6137,0.00045699,0.00000000,0,0.00000000,24193,24152,33,0.00275780
1773322442.06528854,0.02626320,6199,0.00015639,0.00000000,0,0.00000000,24152,24173,28,0.00142975
1773322442.16530538,0.02869391,6144,0.00045120,0.00000000,0,0.00000000,24173,24194,34,0.00150978
1773322442.26518035,0.02887724,6192,0.00034705,0.00000000,0,0.00000000,24194,24214,33,0.00153780
1773322442.36525536,0.02662892,6173,0.00010864,0.00000000,0,0.00000000,24214,24225,27,0.00090692
1773322442.46505976,0.02498814,6153,0.00039847,0.00000000,0,0.00000000,24225,24238,32,0.00242952
1773322442.56499696,0.03025497,6206,0.00026293,0.00000000,0,0.00000000,24238,24240,36,0.00204969
1773322442.66498661,0.02124499,6215,0.00039009,0.00000000,0,0.00000000,24240,24252,37,0.00119631
1773322442.76484418,0.03065379,6193,0.00042368,0.00000000,0,0.00000000,24252,24264,42,0.00145274
1773322442.86485744,0.02452297,6238,0.00035267,0.00000000,0,0.00000000,24264,24282,38,0.00142998
1773322442.96474934,0.02314437,6200,0.00052201,0.00000000,0,0.00000000,24282,24291,44,0.00195590
1773322443.06469893,0.03462580,6247,0.00035882,0.00000000,0,0.00000000,24291,24289,45,0.00319182
1773322443.16461182,0.02540920,6171,0.00019485,0.00000000,0,0.00000000,24289,24307,47,0.00127459
1773322443.26454759,0.01715962,6202,0.00028279,0.00000000,0,0.00000000,24307,24328,52,0.00161112
1773322443.36462259,0.03379460,6161,0.00046058,0.00000000,0,0.00000000,24328,24322,38,0.00091266
1773322443.46458650,0.02911292,6198,0.00044948,0.00000000,0,0.00000000,24322,24342,42,0.00262138
1773322443.56449389,0.03409842,6193,0.00017351,0.00000000,0,0.00000000,24342,24345,34,0.00149187
1773322443.66444755,0.03298737,6198,0.00053319,0.00000000,0,0.00000000,24345,24351,41,0.00153232
1773322443.76447678,0.02456846,6193,0.00064883,0.00000000,0,0.00000000,24351,24356,34,0.00255443
1773322443.86444521,0.03495619,6164,0.00059584,0.00000000,0,0.00000000,24356,24383,32,0.00129823
1773322443.96440697,0.03186261,6218,0.00054620,0.00000000,0,0.00000000,24383,24386,35,0.00293506
1773322444.06485796,0.03203272,6196,0.00055447,0.00000000,0,0.00000000,24386,24391,33,0.00278828
1773322444.16487169,0.02820063,6206,0.00012371,0.00000000,0,0.00000000,24391,24411,35,0.00153281
1773322444.26479864,0.02395684,6206,0.00035257,0.00000000,0,0.00000000,24411,24418,25,0.00234994
1773322444.36574364,0.02678203,6186,0.00060237,0.00000000,0,0.00000000,24418,24406,44,0.00210644
1773322444.46569133,0.02558623,6195,0.00017170,0.00000000,0,0.00000000,24406,24413,35,0.00206530
1773322444.56575871,0.02971702,6228,0.00056566,0.00000000,0,0.00000000,24413,24419,44,0.00185727
1773322444.66555285,0.02743547,6205,0.00045412,0.00000000,0,0.00000000,24419,24426,38,0.00157074
1773322444.76539445,0.01721702,6217,0.00021691,0.00000000,0,0.00000000,24426,24423,35,0.00130824
1773322444.86534405,0.02986403,6184,0.00018138,0.00000000,0,0.00000000,24423,24433,31,0.00294249
1773322444.96530509,0.02247769,6201,0.00045876,0.00000000,0,0.00000000,24433,24449,34,0.00161433
1773322445.06543207,0.03440337,6100,0.00042189,0.00000000,0,0.00000000,24449,24447,30,0.00134441
1773322445.16541958,0.03001599,6105,0.00036106,0.00000000,0,0.00000000,24447,24414,38,0.00179063
1773322445.26540875,0.02398168,6050,0.00064292,0.00000000,0,0.00000000,24414,24429,41,0.00105906
1773322445.36537838,0.02482822,6016,0.00065663,0.00000000,0,0.00000000,24429,24444,42,0.00180148
1773322445.46514392,0.02414995,5991,0.00020874,0.00000000,0,0.00000000,24444,24449,28,0.00184945
1773322445.56511569,0.02520259,5967,0.00039403,0.00000000,0,0.00000000,24449,24470,35,0.00272673
1773322445.66510129,0.03232088,5926,0.00039701,0.00000000,0,0.00000000,24470,24464,28,0.00188869
1773322445.76506734,0.01702276,5894,0.00010810,0.00000000,0,0.00000000,24464,24469,22,0.00095242
1773322445.86487937,0.02824687,5869,0.00029440,0.00000000,0,0.00000000,24469,24461,26,0.00177550
1773322445.96513772,0.02820605,5917,0.00008709,0.00000000,0,0.00000000,24461,24475,24,0.00182488
1773322446.06490374,0.03084884,5882,0.00056992,0.00000000,0,0.00000000,24475,24477,38,0.00218896
1773322446.16479683,0.02399103,5891,0.00032806,0.00000000,0,0.00000000,24477,24481,27,0.00153781
1773322446.26481080,0.01955066,5911,0.00012055,0.00000000,0,0.00000000,24481,24476,24,0.00080332
1773322446.36482358,0.02318366,5890,0.00043644,0.00000000,0,0.00000000,24476,24491,31,0.00333939
1773322446.46466708,0.02098124,5881,0.00022922,0.00000000,0,0.00000000,24491,24487,33,0.00245639
1773322446.56449103,0.02779354,5919,0.00039003,0.00000000,0,0.00000000,24487,24492,26,0.00170228
1773322446.66446018,0.02971458,5912,0.00043802,0.00000000,0,0.00000000,24492,24493,22,0.00113045
1773322446.76443338,0.02366919,5901,0.00006601,0.00000000,0,0.00000000,24493,24492,16,0.00082210
1773322446.86441398,0.02596804,5927,0.00034285,0.00000000,0,0.00000000,24492,24509,25,0.00184428
1773322446.96440005,0.02529111,5913,0.00005721,0.00000000,0,0.00000000,24509,24517,15,0.00131201
1773322447.06438780,0.02629264,5981,0.00024659,0.00000000,0,0.00000000,24517,24521,25,0.00096817
1773322447.16486454,0.02763366,5935,0.00047889,0.00000000,0,0.00000000,24521,24510,27,0.00266558
1773322447.26488018,0.01961690,6017,0.00038275,0.00000000,0,0.00000000,24510,24517,27,0.00093230
1773322447.36494541,0.02700249,5992,0.00027446,0.00000000,0,0.00000000,24517,24532,23,0.00248798
1773322447.46496248,0.03192412,6015,0.00032748,0.00000000,0,0.00000000,24532,24546,28,0.00104968
1773322447.56566477,0.02625698,6015,0.00030484,0.00000000,0,0.00000000,24546,24541,29,0.00133811
1773322447.66497374,0.02464028,6099,0.00039382,0.00000000,0,0.00000000,24541,24556,32,0.00188945
1773322447.76487041,0.01734674,6097,0.00011245,0.00000000,0,0.00000000,24556,24571,29,0.00085059
1773322447.86449289,0.02895333,6143,0.00023885,0.00000000,0,0.00000000,24571,24579,31,0.00176651
1773322447.96457887,0.02532553,6180,0.00060384,0.00000000,0,0.00000000,24579,24534,28,0.00291711
1773322448.06543088,0.02883816,6138,0.00034370,0.00000000,0,0.00000000,23635,23644,26,0.00086329
1773322448.16538000,0.02754254,6074,0.00020090,0.00000000,0,0.00000000,23644,23666,28,0.00085248
1773322448.26439214,0.02413910,6188,0.00043144,0.00000000,0,0.00000000,23666,23681,31,0.00136160
1773322448.36541343,0.02607347,6100,0.00050586,0.00000000,0,0.00000000,23681,23689,33,0.00136783
1773322448.46538353,0.02110003,6101,0.00016830,0.00000000,0,0.00000000,23689,23701,29,0.00159820
1773322448.56530714,0.02726936,6100,0.00023383,0.00000000,0,0.00000000,23701,23712,21,0.00178443
1773322448.66524386,0.01956126,6197,0.00010785,0.00000000,0,0.00000000,23712,23728,29,0.00271081
1773322448.76526761,0.02336285,6200,0.00010679,0.00000000,0,0.00000000,23728,23726,15,0.00181641
1773322448.86521482,0.02539578,6187,0.00011830,0.00000000,0,0.00000000,23726,23739,23,0.00190286
1773322448.96514392,0.01984807,6171,0.00017538,0.00000000,0,0.00000000,23739,23754,31,0.00090419
1773322449.06492066,0.03316343,6199,0.00032180,0.00000000,0,0.00000000,23754,23767,16,0.00152575
1773322449.16486979,0.02864412,6242,0.00012680,0.00000000,0,0.00000000,23767,23776,24,0.00101175
1773322449.26490402,0.01560094,6184,0.00011249,0.00000000,0,0.00000000,23776,23787,25,0.00243599
1773322449.36485457,0.02368104,6223,0.00054488,0.00000000,0,0.00000000,23787,23774,31,0.00236663
1773322449.46485281,0.02562289,6226,0.00024745,0.00000000,0,0.00000000,23774,23776,22,0.00190620
1773322449.56478882,0.02978300,6194,0.00013096,0.00000000,0,0.00000000,23776,23790,25,0.00215896
1773322449.66467118,0.02746319,6177,0.00030857,0.00000000,0,0.00000000,23790,23797,25,0.00091454
1773322449.76453614,0.02494410,6211,0.00017801,0.00000000,0,0.00000000,23797,23806,18,0.00154580
1773322449.86445713,0.02934674,6242,0.00012940,0.00000000,0,0.00000000,23806,23824,26,0.00146828
1773322449.96456623,0.01998315,6197,0.00037956,0.00000000,0,0.00000000,23824,23828,20,0.00213878
1773322450.06453037,0.02731685,6176,0.00032884,0.00000000,0,0.00000000,23828,23814,20,0.00188766
1773322450.16453362,0.02834582,6185,0.00016526,0.00000000,0,0.00000000,23814,23825,21,0.00085172
1773322450.26450968,0.02091639,6137,0.00026989,0.00000000,0,0.00000000,23825,23827,15,0.00232141
1773322450.36428523,0.02336798,6220,0.00012470,0.00000000,0,0.00000000,23827,23837,21,0.00149293
1773322450.46441770,0.02916831,6162,0.00020732,0.00000000,0,0.00000000,23837,23835,10,0.00173966
1773322450.56495094,0.02701279,6217,0.00050265,0.00000000,0,0.00000000,23835,23825,21,0.00238817
1773322450.66476440,0.02438077,6319,0.00016017,0.00000000,0,0.00000000,23825,23841,21,0.00084741
1773322450.76584220,0.01483466,6300,0.00007346,0.00000000,0,0.00000000,23841,23847,16,0.00121554
1773322450.86579061,0.01884524,6318,0.00047803,0.00000000,0,0.00000000,23847,23820,21,0.00142551
1773322450.96474743,0.02654870,6423,0.00027578,0.00000000,0,0.00000000,23820,23812,16,0.00088073
1773322451.06583142,0.02209480,6407,0.00027298,0.00000000,0,0.00000000,23812,23823,32,0.00167898
1773322451.16573310,0.02176854,6373,0.00034569,0.00000000,0,0.00000000,23823,23828,21,0.00091197
1773322451.26564670,0.02407150,6397,0.00018000,0.00000000,0,0.00000000,23828,23773,19,0.00146780
1773322451.36555600,0.01830800,6397,0.00024698,0.00000000,0,0.00000000,23773,23783,21,0.00085154
1773322451.46558309,0.02250248,6416,0.00049217,0.00000000,0,0.00000000,23783,23771,30,0.00189460
1773322451.56552577,0.02265185,6362,0.00009176,0.00000000,0,0.00000000,23771,23777,20,0.00110857
1773322451.66550803,0.02536000,6398,0.00026803,0.00000000,0,0.00000000,23777,23786,27,0.00241379
1773322451.76556563,0.02196261,6360,0.00018755,0.00000000,0,0.00000000,23786,23802,23,0.00167063
1773322451.86550164,0.01299462,6344,0.00003288,0.00000000,0,0.00000000,23802,23804,9,0.00083809
1773322451.96521640,0.02103228,6448,0.00033807,0.00000000,0,0.00000000,23804,23815,24,0.00215798
1773322452.06547856,0.02112366,6389,0.00014217,0.00000000,0,0.00000000,23815,23826,24,0.00127229
1773322452.16547799,0.02179530,6387,0.00007097,0.00000000,0,0.00000000,23826,23831,15,0.00150428
1773322452.26532459,0.01468503,6376,0.00016389,0.00000000,0,0.00000000,23831,23841,24,0.00169142
1773322452.36524272,0.01306576,6401,0.00017819,0.00000000,0,0.00000000,23841,23853,20,0.00089077
1773322452.46526694,0.02160944,6333,0.00010068,0.00000000,0,0.00000000,23853,23865,19,0.00190693
1773322452.56497383,0.01953064,6423,0.00020223,0.00000000,0,0.00000000,23865,23874,18,0.00216893
1773322452.66500139,0.02987090,6375,0.00024057,0.00000000,0,0.00000000,23874,23877,16,0.00103120
1773322452.76491642,0.02062445,6344,0.00013575,0.00000000,0,0.00000000,23877,23885,18,0.00083677
1773322452.86491752,0.02301281,6326,0.00031786,0.00000000,0,0.00000000,23885,23897,26,0.00180783
1773322452.96480846,0.02358353,6381,0.00048340,0.00000000,0,0.00000000,23897,23892,21,0.00105993
1773322453.06476808,0.02209946,6359,0.00035015,0.00000000,0,0.00000000,23892,23889,22,0.00177500
1773322453.16468406,0.02158556,6366,0.00034114,0.00000000,0,0.00000000,23889,23890,24,0.00157653
1773322453.26463699,0.02052453,6331,0.00008073,0.00000000,0,0.00000000,23890,23890,12,0.00159898
1773322453.36457181,0.02418959,6352,0.00027603,0.00000000,0,0.00000000,23890,23897,24,0.00176998
1773322453.46478391,0.02368039,6303,0.00012679,0.00000000,0,0.00000000,23897,23905,16,0.00183505
1773322453.56459570,0.02651731,6290,0.00020676,0.00000000,0,0.00000000,23905,23905,14,0.00175171
1773322453.66458464,0.02273264,6282,0.00036115,0.00000000,0,0.00000000,23905,23897,23,0.00332211
1773322453.76453447,0.01651978,6274,0.00016065,0.00000000,0,0.00000000,23897,23873,25,0.00086967
1773322453.86447668,0.02298203,6261,0.00019065,0.00000000,0,0.00000000,23873,23872,19,0.00138651
1773322453.96447492,0.01849546,6324,0.00022003,0.00000000,0,0.00000000,23872,23878,20,0.00092950
1773322454.06454062,0.01938311,6285,0.00019254,0.00000000,0,0.00000000,23878,23891,17,0.00113337
1773322454.16457176,0.03162330,6305,0.00029115,0.00000000,0,0.00000000,23891,23892,19,0.00114044
1773322454.26574993,0.03115086,6280,0.00024589,0.00000000,0,0.00000000,23892,23897,13,0.00124482
1773322454.36493373,0.03199488,6324,0.00016339,0.00000000,0,0.00000000,23897,23904,21,0.00244720
1773322454.46566057,0.02473124,6283,0.00008043,0.00000000,0,0.00000000,23904,23911,13,0.00083076
1773322454.56453371,0.02766335,6344,0.00028649,0.00000000,0,0.00000000,23911,23925,26,0.00170617
1773322454.66564178,0.01520087,6294,0.00023705,0.00000000,0,0.00000000,23925,23920,31,0.00305936
1773322454.76561546,0.01930920,6258,0.00057688,0.00000000,0,0.00000000,23920,23915,18,0.00280460
1773322454.86556697,0.02020828,6202,0.00050165,0.00000000,0,0.00000000,23915,23913,25,0.00188443
1773322454.96542931,0.02140764,6118,0.00027161,0.00000000,0,0.00000000,23913,23922,21,0.00345079
1773322455.06546831,0.02244844,6054,0.00056302,0.00000000,0,0.00000000,23922,23910,24,0.00160577
1773322455.16542745,0.02053162,5979,0.00053630,0.00000000,0,0.00000000,23910,23921,35,0.00123928
1773322455.26541710,0.01316028,5919,0.00009802,0.00000000,0,0.00000000,23921,23934,23,0.00168488
1773322455.36541295,0.01523612,5835,0.00038806,0.00000000,0,0.00000000,23934,23937,23,0.00176789
1773322455.46530795,0.02276791,5888,0.00045622,0.00000000,0,0.00000000,23937,23944,30,0.00261147
1773322455.56526566,0.01888178,5850,0.00017306,0.00000000,0,0.00000000,23944,23959,24,0.00272300
1773322455.66521692,0.01765359,5800,0.00025796,0.00000000,0,0.00000000,23959,23948,14,0.00112558
1773322455.76501036,0.02016506,5722,0.00030315,0.00000000,0,0.00000000,23948,23951,20,0.00167588
1773322455.86500692,0.01833453,5726,0.00025732,0.00000000,0,0.00000000,23951,23942,18,0.00088192
1773322455.96501017,0.01812878,5731,0.00027204,0.00000000,0,0.00000000,23942,23938,18,0.00146841
1773322456.06499457,0.01880776,5709,0.00013272,0.00000000,0,0.00000000,23938,23938,14,0.00242210
1773322456.16492510,0.01350984,5667,0.00007444,0.00000000,0,0.00000000,23938,23952,20,0.00204738
1773322456.26490402,0.01616818,5711,0.00033631,0.00000000,0,0.00000000,23952,23952,23,0.00258808
1773322456.36472869,0.01818745,5699,0.00006884,0.00000000,0,0.00000000,23952,23956,15,0.00082314
1773322456.46475863,0.01758464,5741,0.00021812,0.00000000,0,0.00000000,23956,23961,19,0.00168971
1773322456.56474638,0.01799491,5677,0.00041503,0.00000000,0,0.00000000,23961,23960,18,0.00244181
1773322456.66454220,0.01689156,5770,0.00011566,0.00000000,0,0.00000000,23960,23974,17,0.00116443
1773322456.76448560,0.02002866,5744,0.00034167,0.00000000,0,0.00000000,23974,23983,21,0.00157333
1773322456.86446309,0.01594308,5764,0.00012860,0.00000000,0,0.00000000,23983,23987,25,0.00086927
1773322456.96448565,0.01938727,5720,0.00022096,0.00000000,0,0.00000000,23987,23995,19,0.00227361
1773322457.06439853,0.01746905,5706,0.00012327,0.00000000,0,0.00000000,23995,24008,25,0.00304952
1773322457.16458440,0.01624811,5636,0.00026814,0.00000000,0,0.00000000,24008,24012,27,0.00164724
1773322457.26452518,0.02372416,5623,0.00034643,0.00000000,0,0.00000000,24012,24011,21,0.00092074
1773322457.36443186,0.01433867,5664,0.00026791,0.00000000,0,0.00000000,24011,24013,16,0.00078982
1773322457.46448708,0.03034322,5635,0.00039235,0.00000000,0,0.00000000,24013,24014,19,0.00075578
1773322457.56489205,0.02032818,5638,0.00031334,0.00000000,0,0.00000000,24014,24023,24,0.00113961
1773322457.66484070,0.02220033,5605,0.00013088,0.00000000,0,0.00000000,24023,24027,23,0.00253529
1773322457.76482677,0.02434866,5663,0.00018115,0.00000000,0,0.00000000,24027,24035,16,0.00175676
1773322457.86482596,0.01820307,5663,0.00021434,0.00000000,0,0.00000000,24035,24024,26,0.00264300
1773322457.96586013,0.01478134,5649,0.00029089,0.00000000,0,0.00000000,24024,24031,20,0.00369126
1773322458.06470942,0.01822594,5766,0.00019419,0.00000000,0,0.00000000,24031,24029,12,0.00152576
1773322458.16464472,0.02576692,5751,0.00016651,0.00000000,0,0.00000000,24029,24031,20,0.00107891
1773322458.26456499,0.02331948,5844,0.00015361,0.00000000,0,0.00000000,24031,24011,14,0.00224796
1773322458.36544967,0.01133647,5817,0.00006608,0.00000000,0,0.00000000,24011,24009,15,0.00168092
1773322458.46534801,0.02119165,5909,0.00010221,0.00000000,0,0.00000000,24009,24012,14,0.00146331
1773322458.56533694,0.01342802,5929,0.00008369,0.00000000,0,0.00000000,24012,24013,14,0.00204858
1773322458.66552091,0.02188038,5977,0.00016620,0.00000000,0,0.00000000,24013,24020,13,0.00272344
1773322458.76547480,0.01900096,5913,0.00014417,0.00000000,0,0.00000000,24020,24016,12,0.00118235
1773322458.86532092,0.01509238,5957,0.00005094,0.00000000,0,0.00000000,24016,24023,13,0.00235480
1773322458.96522951,0.02228439,5989,0.00152750,0.00000000,0,0.00000000,24023,24024,15,0.00189620
1773322459.06521845,0.01163752,5966,0.00008989,0.00000000,0,0.00000000,24024,24032,17,0.00154512
1773322459.16515946,0.02052766,5966,0.00023709,0.00000000,0,0.00000000,24032,24040,20,0.00137523
1773322459.26508665,0.01869019,5975,0.00016485,0.00000000,0,0.00000000,24040,24047,18,0.00146790
1773322459.36514258,0.01987239,5993,0.00013248,0.00000000,0,0.00000000,24047,24053,12,0.00148037
1773322459.46508646,0.02009404,5989,0.00017007,0.00000000,0,0.00000000,24053,24055,10,0.00215058
1773322459.56488037,0.02145558,6006,0.00016619,0.00000000,0,0.00000000,24055,24053,12,0.00086060
1773322459.66486144,0.01998302,5987,0.00029811,0.00000000,0,0.00000000,24053,24045,17,0.00207826
1773322459.76485801,0.01480241,6050,0.00005714,0.00000000,0,0.00000000,24045,24046,9,0.00088987
1773322459.86478543,0.01842856,5982,0.00014383,0.00000000,0,0.00000000,24046,24054,14,0.00156645
1773322459.96475363,0.01087508,6040,0.00018076,0.00000000,0,0.00000000,24054,24048,18,0.00118221
1773322460.06468606,0.01446992,5975,0.00010301,0.00000000,0,0.00000000,24048,24050,15,0.00082028
1773322460.16468334,0.02263439,6004,0.00014823,0.00000000,0,0.00000000,24050,24060,11,0.00116170
1773322460.26457977,0.01814821,5965,0.00025017,0.00000000,0,0.00000000,24060,24062,19,0.00112650
1773322460.36457872,0.02371672,6053,0.00011689,0.00000000,0,0.00000000,24062,24065,4,0.00124084
1773322460.46452761,0.02155513,5953,0.00018714,0.00000000,0,0.00000000,24065,24061,18,0.00210591
1773322460.56435037,0.01721888,6014,0.00018141,0.00000000,0,0.00000000,24061,24074,20,0.00236742
1773322460.66450453,0.02094968,5987,0.00062571,0.00000000,0,0.00000000,24074,24044,12,0.00211369
1773322460.76442409,0.02240722,5977,0.00009576,0.00000000,0,0.00000000,24044,24049,14,0.00177872
1773322460.86459732,0.02057782,6016,0.00025454,0.00000000,0,0.00000000,24049,24038,22,0.00163910
1773322460.96492624,0.01950525,5848,0.00034758,0.00000000,0,0.00000000,24038,24041,25,0.00268472
1773322461.06438589,0.02163852,5948,0.00023407,0.00000000,0,0.00000000,24041,24047,21,0.00080317
1773322461.16486049,0.01934912,5872,0.00009870,0.00000000,0,0.00000000,24047,24055,21,0.00200531
1773322461.26484609,0.01523915,5941,0.00010946,0.00000000,0,0.00000000,24055,24066,30,0.00097833
1773322461.36577153,0.02860566,5872,0.00007260,0.00000000,0,0.00000000,24066,24071,8,0.00099668
1773322461.46579671,0.02107748,5898,0.00008687,0.00000000,0,0.00000000,24071,24081,16,0.00258298
1773322461.56585884,0.02143158,5797,0.00062826,0.00000000,0,0.00000000,24081,24086,21,0.00196057
1773322461.66572094,0.02739143,5868,0.00024742,0.00000000,0,0.00000000,24086,24097,17,0.00147028
1773322461.76547837,0.02376106,5850,0.00019444,0.00000000,0,0.00000000,24097,24108,17,0.00091121
1773322461.86549830,0.02501792,5874,0.00031179,0.00000000,0,0.00000000,24108,24119,25,0.00430280
1773322461.96541834,0.02900134,5834,0.00011023,0.00000000,0,0.00000000,24119,24123,19,0.00229797
1773322462.06540227,0.02315850,5873,0.00037988,0.00000000,0,0.00000000,24123,24131,36,0.00093791
1773322462.16539335,0.02740638,5939,0.00039783,0.00000000,0,0.00000000,24131,24133,44,0.00183562
1773322462.26538396,0.02665379,5968,0.00016898,0.00000000,0,0.00000000,24133,24142,36,0.00146636
1773322462.36541414,0.03155583,6032,0.00056236,0.00000000,0,0.00000000,24142,24162,37,0.00230680
1773322462.46526384,0.03163902,6109,0.00043508,0.00000000,0,0.00000000,24162,24176,37,0.00148230
1773322462.56535602,0.02556080,6169,0.00017504,0.00000000,0,0.00000000,24176,24183,29,0.00150566
1773322462.66517735,0.02636817,6163,0.00014473,0.00000000,0,0.00000000,24183,24211,41,0.00203182
1773322462.76518846,0.02607347,6254,0.00012964,0.00000000,0,0.00000000,24211,24217,29,0.00113845
1773322462.86526871,0.01817217,6175,0.00032744,0.00000000,0,0.00000000,24217,24228,44,0.00087627
1773322462.96507525,0.03242516,6190,0.00046285,0.00000000,0,0.00000000,24228,24224,36,0.00183055
1773322463.06473279,0.02782368,6225,0.00014647,0.00000000,0,0.00000000,24224,24243,34,0.00219508
1773322463.16438890,0.03292298,6238,0.00043901,0.00000000,0,0.00000000,24243,24268,41,0.00288545
1773322463.26468277,0.03788192,6243,0.00028151,0.00000000,0,0.00000000,24268,24290,45,0.00083777
1773322463.36453605,0.02829553,6258,0.00010558,0.00000000,0,0.00000000,24290,24303,28,0.00105377
1773322463.46525192,0.02989722,6201,0.00039528,0.00000000,0,0.00000000,24303,24321,35,0.00213245
1773322463.56475091,0.03018577,6231,0.00020377,0.00000000,0,0.00000000,24321,24333,28,0.00185188
1773322463.66455150,0.02695532,6250,0.00027549,0.00000000,0,0.00000000,24333,24327,30,0.00083196
1773322463.76599264,0.02841921,6216,0.00036255,0.00000000,0,0.00000000,24327,24345,37,0.00267339
1773322463.86564922,0.02912612,6232,0.00047574,0.00000000,0,0.00000000,24345,24361,40,0.00208777
1773322463.96546531,0.02667276,6186,0.00053968,0.00000000,0,0.00000000,24361,24380,41,0.00272587
1773322464.06505990,0.03781866,6166,0.00078010,0.00000000,0,0.00000000,24380,24361,28,0.00269397
1773322464.16473556,0.03744154,6225,0.00038950,0.00000000,0,0.00000000,24361,24369,41,0.00087239
1773322464.26459002,0.02321251,6157,0.00023275,0.00000000,0,0.00000000,24369,24387,35,0.00155088
1773322464.36467791,0.03043716,6158,0.00018388,0.00000000,0,0.00000000,24387,24391,40,0.00183997
1773322464.46512794,0.02621155,6133,0.00045126,0.00000000,0,0.00000000,24391,24397,44,0.00138761
1773322464.56501174,0.03433894,6044,0.00060280,0.00000000,0,0.00000000,24397,24405,48,0.00155893
1773322464.66444063,0.04192119,6089,0.00025736,0.00000000,0,0.00000000,24405,24425,45,0.00106952
1773322464.76493907,0.03455911,6114,0.00018599,0.00000000,0,0.00000000,24425,24435,46,0.00131611
1773322464.86550403,0.03505534,6080,0.00048665,0.00000000,0,0.00000000,24435,24447,41,0.00215273
1773322464.96533442,0.02778972,6094,0.00051806,0.00000000,0,0.00000000,24447,24449,41,0.00082456
1773322465.06515336,0.03380694,5971,0.00029789,0.00000000,0,0.00000000,24449,24487,56,0.00112307
1773322465.16456938,0.02761070,6115,0.00041288,0.00000000,0,0.00000000,24487,24509,40,0.00342133
1773322465.26451588,0.03685092,6080,0.00019872,0.00000000,0,0.00000000,24509,24510,40,0.00208997
1773322465.36484289,0.02981386,6030,0.00057781,0.00000000,0,0.00000000,24510,24515,44,0.00120647
1773322465.46448421,0.02744284,6105,0.00064569,0.00000000,0,0.00000000,24515,24529,46,0.00168891
1773322465.56524706,0.03225911,5997,0.00020973,0.00000000,0,0.00000000,24529,24546,40,0.00151739
1773322465.66493011,0.03566108,5947,0.00022204,0.00000000,0,0.00000000,24546,24562,29,0.00268978
1773322465.76440883,0.02151604,6028,0.00062673,0.00000000,0,0.00000000,24562,24570,46,0.00307472
1773322465.86489105,0.03527415,6107,0.00031341,0.00000000,0,0.00000000,24570,24584,31,0.00105156
1773322465.96551561,0.03726974,6047,0.00017977,0.00000000,0,0.00000000,24584,24580,42,0.00213860
1773322466.06527877,0.02996172,6066,0.00017954,0.00000000,0,0.00000000,24580,24590,35,0.00093888
1773322466.16503978,0.03312498,6040,0.00064155,0.00000000,0,0.00000000,24590,24613,48,0.00081471
1773322466.26473355,0.03650931,6080,0.00052490,0.00000000,0,0.00000000,24613,24611,57,0.00142856
1773322466.36439896,0.03331103,6090,0.00032518,0.00000000,0,0.00000000,24611,24634,59,0.00085793
1773322466.46493936,0.02663724,6106,0.00070902,0.00000000,0,0.00000000,24634,24661,60,0.00213380
1773322466.56465077,0.03728116,6062,0.00033451,0.00000000,0,0.00000000,24661,24662,65,0.00296522
1773322466.66528416,0.03511918,6122,0.00049383,0.00000000,0,0.00000000,24662,24674,47,0.00084150
1773322466.76517057,0.03178187,6078,0.00067706,0.00000000,0,0.00000000,24674,24703,66,0.00233356
1773322466.86484098,0.03732618,6104,0.00063101,0.00000000,0,0.00000000,24703,24503,60,0.00156678
1773322466.96457744,0.03301831,6104,0.00074939,0.00000000,0,0.00000000,24503,24521,63,0.00099987
1773322467.06450558,0.03792909,6154,0.00084048,0.00000000,0,0.00000000,24521,24537,72,0.00231942
1773322467.16554785,0.03405149,6139,0.00058266,0.00000000,0,0.00000000,24537,24564,56,0.00279127
1773322467.26538897,0.03014634,6143,0.00044869,0.00000000,0,0.00000000,24564,24621,92,0.00085467
1773322467.36513996,0.02201351,6087,0.00055881,0.00000000,0,0.00000000,24621,24656,116,0.00248846
1773322467.46473956,0.03834778,6162,0.00057052,0.00000000,0,0.00000000,24656,24690,108,0.00233518
1773322467.56514168,0.03934850,6151,0.00040879,0.00000000,0,0.00000000,24690,24733,109,0.00367238
1773322467.66482973,0.03673618,6185,0.00079882,0.00000000,0,0.00000000,24733,24783,96,0.00158831
1773322467.76559567,0.03468232,6117,0.00115971,0.00000000,0,0.00000000,24783,24792,96,0.00078733
1773322467.86530852,0.04476616,6125,0.00115061,0.00000000,0,0.00000000,24792,24825,105,0.00141279
1773322467.96505547,0.03722281,6130,0.00071220,0.00000000,0,0.00000000,24825,24847,91,0.00232701
1773322468.06491685,0.04149910,6100,0.00058662,0.00000000,0,0.00000000,24847,24890,87,0.00286793
1773322468.16456580,0.04312598,6157,0.00101512,0.00000000,0,0.00000000,24890,24915,97,0.00231957
1773322468.26460075,0.03484003,6150,0.00126991,0.00000000,0,0.00000000,24915,24904,102,0.00084641
1773322468.36563349,0.03253655,6138,0.00108366,0.00000000,0,0.00000000,24904,24935,91,0.00237233
1773322468.46553636,0.04401563,6138,0.00052940,0.00000000,0,0.00000000,24935,25001,118,0.00217461
1773322468.56514549,0.04228311,6108,0.00126116,0.00000000,0,0.00000000,25001,25011,91,0.00099576
1773322468.66491842,0.03719186,6141,0.00235715,0.00000000,0,0.00000000,25011,24979,96,0.00183837
1773322468.76461673,0.02807270,6172,0.00039689,0.00000000,0,0.00000000,24979,25020,97,0.00264402
1773322468.86458135,0.02934093,6130,0.00080019,0.00000000,0,0.00000000,25020,25070,102,0.00098165
1773322468.96439600,0.04141357,6139,0.00038119,0.00000000,0,0.00000000,25070,25103,84,0.00150425
1773322469.06466556,0.04058226,6118,0.00079684,0.00000000,0,0.00000000,25103,25111,108,0.00406508
1773322469.16529441,0.03925438,6137,0.00106331,0.00000000,0,0.00000000,25111,25114,107,0.00228219
1773322469.26508451,0.04200267,6135,0.00056652,0.00000000,0,0.00000000,25114,25147,102,0.00149617
1773322469.36485219,0.04309883,6091,0.00112809,0.00000000,0,0.00000000,25147,25200,110,0.00302460
1773322469.46460748,0.04095492,6151,0.00265636,0.00000000,0,0.00000000,25200,25133,100,0.00195674
1773322469.56500888,0.02437830,6158,0.00048903,0.00000000,0,0.00000000,25133,25168,122,0.00268341
1773322469.66492748,0.04614707,6125,0.00056749,0.00000000,0,0.00000000,25168,25225,140,0.00094774
1773322469.76572442,0.03791653,6129,0.00121249,0.00000000,0,0.00000000,25225,25288,150,0.00296265
1773322469.86538148,0.03721410,6136,0.00128984,0.00000000,0,0.00000000,25288,25341,135,0.00257419
1773322469.96537352,0.04462372,6082,0.00116830,0.00000000,0,0.00000000,25341,25336,130,0.00126003
1773322470.06495571,0.04234925,6144,0.00106377,0.00000000,0,0.00000000,25336,25369,111,0.00083049
1773322470.16468382,0.03467886,6140,0.00103146,0.00000000,0,0.00000000,25369,25384,115,0.00194543
1773322470.26446366,0.03567009,6199,0.00096905,0.00000000,0,0.00000000,25384,25425,109,0.00300878
1773322470.36500597,0.02758759,6179,0.00123410,0.00000000,0,0.00000000,25425,25465,145,0.00084419
1773322470.46580005,0.04199804,6097,0.00064379,0.00000000,0,0.00000000,25465,25437,140,0.00379256
1773322470.56531000,0.03875217,6161,0.00052867,0.00000000,0,0.00000000,25437,25468,123,0.00267793
1773322470.66519094,0.04016286,6167,0.00491130,0.00000000,0,0.00000000,25468,25535,146,0.00311556
1773322470.76489711,0.03764300,6195,0.00167123,0.00000000,0,0.00000000,24211,24315,162,0.00079913
1773322470.86465073,0.04377666,6181,0.00122126,0.00000000,0,0.00000000,24315,24365,175,0.00090481
1773322470.96443486,0.03837304,6218,0.00094580,0.00000000,0,0.00000000,24365,24441,159,0.00270430
1773322471.06443834,0.03767347,6221,0.00128450,0.00000000,0,0.00000000,24441,24495,100,0.00400960
1773322471.16562247,0.04616736,6199,0.00054531,0.00000000,0,0.00000000,24495,24514,93,0.00340713
1773322471.26539755,0.03687886,6260,0.00114509,0.00000000,0,0.00000000,24514,24489,83,0.00124193
1773322471.36535454,0.03120013,6204,0.00114209,0.00000000,0,0.00000000,24489,24531,93,0.00184228
1773322471.46509051,0.04085815,6203,0.00107487,0.00000000,0,0.00000000,24531,24572,85,0.00321569
1773322471.56492114,0.03698277,6149,0.00066881,0.00000000,0,0.00000000,24572,24566,87,0.00109423
1773322471.66457343,0.03328579,6231,0.00131023,0.00000000,0,0.00000000,24566,24558,96,0.00257489
1773322471.76456141,0.02589929,6263,0.00031384,0.00000000,0,0.00000000,24558,24590,70,0.00381437
1773322471.86479902,0.04076752,6217,0.00102535,0.00000000,0,0.00000000,24590,24609,83,0.00107279
1773322471.96557522,0.03403652,6181,0.00107775,0.00000000,0,0.00000000,24609,24618,71,0.00091856
1773322472.06540942,0.04139033,6243,0.00040366,0.00000000,0,0.00000000,24618,24650,82,0.00276954
1773322472.16531539,0.03680970,6176,0.00046979,0.00000000,0,0.00000000,24650,24644,83,0.00093148
1773322472.26498246,0.03388746,6214,0.00098803,0.00000000,0,0.00000000,24644,24666,86,0.00300613
1773322472.36473846,0.03983976,6168,0.00073026,0.00000000,0,0.00000000,24666,24674,95,0.00368767
1773322472.46446300,0.03743890,6206,0.00126067,0.00000000,0,0.00000000,24674,24651,77,0.00220099
1773322472.56443715,0.03774930,6213,0.00129623,0.00000000,0,0.00000000,24651,24670,78,0.00096933
1773322472.66486168,0.04043544,6197,0.00032146,0.00000000,0,0.00000000,24670,24708,68,0.00372538
1773322472.76562428,0.03402342,6167,0.00094496,0.00000000,0,0.00000000,24708,24690,73,0.00127495
1773322472.86541200,0.03641310,6221,0.00040052,0.00000000,0,0.00000000,24690,24716,81,0.00323132
1773322472.96533155,0.03867827,6198,0.00071791,0.00000000,0,0.00000000,24716,24749,82,0.00244457
1773322473.06512356,0.03750229,6155,0.00104588,0.00000000,0,0.00000000,24749,24783,76,0.00261785
1773322473.16472983,0.02136369,6188,0.00062667,0.00000000,0,0.00000000,24783,24828,79,0.00348723
1773322473.26452756,0.02193851,6224,0.00036370,0.00000000,0,0.00000000,24828,24838,75,0.00180344
1773322473.36460018,0.02118385,6261,0.00054778,0.00000000,0,0.00000000,24838,24873,77,0.00234807
1773322473.46499157,0.03719390,6259,0.00102449,0.00000000,0,0.00000000,24873,24824,70,0.00245510
1773322473.56476164,0.03698660,6194,0.00034228,0.00000000,0,0.00000000,24824,24865,66,0.00185505
1773322473.66552830,0.03058181,6204,0.00058548,0.00000000,0,0.00000000,24865,24876,79,0.00145463
1773322473.76542544,0.03647261,6219,0.00053289,0.00000000,0,0.00000000,24876,24921,67,0.00095414
1773322473.86537838,0.04264156,6139,0.00100618,0.00000000,0,0.00000000,24921,24960,85,0.00299750
1773322473.96500993,0.03366926,6170,0.00087701,0.00000000,0,0.00000000,24960,24968,69,0.00339884
1773322474.06479120,0.02807138,6208,0.00068809,0.00000000,0,0.00000000,24968,25009,64,0.00385054
1773322474.16454506,0.03970395,6226,0.00021582,0.00000000,0,0.00000000,25009,25031,51,0.00236958
1773322474.26460862,0.04343736,6213,0.00079565,0.00000000,0,0.00000000,25031,25025,59,0.00161215
1773322474.36437750,0.03486835,6252,0.00087216,0.00000000,0,0.00000000,25025,25010,68,0.00347770
1773322474.46570301,0.04123033,6174,0.00032194,0.00000000,0,0.00000000,25010,25023,62,0.00177791
1773322474.56548738,0.03690484,6189,0.00061349,0.00000000,0,0.00000000,25023,25032,54,0.00298518
1773322474.66536689,0.03193045,6176,0.00056426,0.00000000,0,0.00000000,25032,25056,61,0.00291466
1773322474.76523066,0.03012615,6195,0.00057380,0.00000000,0,0.00000000,25056,25041,54,0.00251654
1773322474.86499023,0.02506381,6177,0.00025077,0.00000000,0,0.00000000,25041,25042,49,0.00248433
1773322474.96477532,0.03573514,6199,0.00059991,0.00000000,0,0.00000000,25042,25041,56,0.00289577
1773322475.06459498,0.04093242,6206,0.00067249,0.00000000,0,0.00000000,25041,25075,58,0.00320487
1773322475.16456151,0.04139590,6204,0.00027469,0.00000000,0,0.00000000,25075,25107,63,0.00193593
1773322475.26492286,0.03918033,6222,0.00048873,0.00000000,0,0.00000000,25107,25076,59,0.00128886
1773322475.36564112,0.03996074,6169,0.00057817,0.00000000,0,0.00000000,25076,25111,72,0.00251148
1773322475.46544313,0.03962073,6149,0.00027314,0.00000000,0,0.00000000,25111,25109,50,0.00089928
1773322475.56546926,0.03812818,6121,0.00075029,0.00000000,0,0.00000000,25109,25112,56,0.00314281
1773322475.66489077,0.03671860,6194,0.00069356,0.00000000,0,0.00000000,25112,25108,54,0.00249304
1773322475.76500487,0.03600372,6185,0.00075936,0.00000000,0,0.00000000,25108,25130,58,0.00223519
1773322475.86478710,0.03371306,6180,0.00055607,0.00000000,0,0.00000000,25130,25159,63,0.00205970
1773322475.96456861,0.02812229,6143,0.00064723,0.00000000,0,0.00000000,25159,25180,52,0.00301656
1773322476.06447148,0.04444549,6222,0.00034321,0.00000000,0,0.00000000,25180,25203,63,0.00285301
1773322476.16451287,0.03980449,6195,0.00035878,0.00000000,0,0.00000000,25203,25205,50,0.00171589
1773322476.26571298,0.02651709,6164,0.00019542,0.00000000,0,0.00000000,25205,25230,51,0.00296313
1773322476.36552787,0.04059965,6179,0.00020996,0.00000000,0,0.00000000,25230,25251,57,0.00121075
1773322476.46541214,0.03574876,6178,0.00044191,0.00000000,0,0.00000000,25251,25279,54,0.00163613
1773322476.56535935,0.04450834,6158,0.00088227,0.00000000,0,0.00000000,25279,25284,48,0.00277918
1773322476.66521096,0.04574328,6139,0.00083293,0.00000000,0,0.00000000,25284,25312,48,0.00180770
1773322476.76483870,0.03901166,6167,0.00028623,0.00000000,0,0.00000000,25312,25340,65,0.00128722
1773322476.86467099,0.03627444,6215,0.00063948,0.00000000,0,0.00000000,25340,25370,57,0.00297496
1773322476.96447802,0.03624058,6214,0.00069924,0.00000000,0,0.00000000,25370,25357,45,0.00149410
1773322477.06450725,0.04451498,6215,0.00032421,0.00000000,0,0.00000000,25357,25366,49,0.00251286
1773322477.16490889,0.03456142,6186,0.00050085,0.00000000,0,0.00000000,25366,25391,43,0.00296566
1773322477.26482463,0.03511656,6181,0.00076374,0.00000000,0,0.00000000,25391,25392,50,0.00307451
1773322477.36474061,0.03873604,6186,0.00022033,0.00000000,0,0.00000000,25392,25391,43,0.00245368
1773322477.46531892,0.03427209,6222,0.00054450,0.00000000,0,0.00000000,25391,25411,47,0.00120657
1773322477.56531954,0.03967009,6213,0.00056567,0.00000000,0,0.00000000,25411,25408,46,0.00231458
1773322477.66521215,0.03451793,6224,0.00064463,0.00000000,0,0.00000000,25408,25397,47,0.00253179
1773322477.76499581,0.02193609,6259,0.00022541,0.00000000,0,0.00000000,25397,25420,57,0.00203050
1773322477.86487746,0.02481707,6188,0.00058941,0.00000000,0,0.00000000,25420,25403,46,0.00135204
1773322477.96451688,0.03194512,6263,0.00025167,0.00000000,0,0.00000000,25403,25417,50,0.00099421
1773322478.06464958,0.04161839,6242,0.00040475,0.00000000,0,0.00000000,25417,25423,45,0.00169237
1773322478.16442823,0.03837625,6260,0.00054092,0.00000000,0,0.00000000,25423,25441,42,0.00116671
1773322478.26480556,0.02809893,6245,0.00027103,0.00000000,0,0.00000000,25441,25453,46,0.00109948
1773322478.36473918,0.02728168,6225,0.00037411,0.00000000,0,0.00000000,25453,25443,49,0.00233673
1773322478.46453381,0.03619650,6196,0.00047096,0.00000000,0,0.00000000,25443,25450,34,0.00160889
1773322478.56543565,0.02993613,6311,0.00035785,0.00000000,0,0.00000000,25450,25461,28,0.00137652
1773322478.66541576,0.03092510,6219,0.00059654,0.00000000,0,0.00000000,25461,25463,43,0.00318224
1773322478.76526952,0.03854104,6262,0.00050064,0.00000000,0,0.00000000,25463,25483,43,0.00289307
1773322478.86509156,0.02862805,6230,0.00072744,0.00000000,0,0.00000000,25483,25499,55,0.00105967
1773322478.96495843,0.03354423,6234,0.00056726,0.00000000,0,0.00000000,25499,25514,39,0.00341318
1773322479.06461787,0.03838593,6270,0.00022282,0.00000000,0,0.00000000,25514,25525,50,0.00284236
1773322479.16444755,0.03655802,6289,0.00042109,0.00000000,0,0.00000000,25525,25537,40,0.00148762
1773322479.26451135,0.02112539,6266,0.00015623,0.00000000,0,0.00000000,25537,25557,37,0.00207257
1773322479.36459231,0.03362541,6253,0.00070669,0.00000000,0,0.00000000,25557,25578,45,0.00121386
1773322479.46571875,0.02761189,6202,0.00053836,0.00000000,0,0.00000000,25578,25580,43,0.00148884
1773322479.56549525,0.03168325,6209,0.00064674,0.00000000,0,0.00000000,25580,25597,42,0.00089598
1773322479.66545820,0.03358588,6237,0.00041680,0.00000000,0,0.00000000,25597,25601,35,0.00124649
1773322479.76536036,0.02896282,6217,0.00056190,0.00000000,0,0.00000000,25601,25594,44,0.00093351
1773322479.86521649,0.02398210,6166,0.00047976,0.00000000,0,0.00000000,25594,25594,48,0.00201985
1773322479.96515775,0.03595076,6190,0.00058882,0.00000000,0,0.00000000,25594,25609,31,0.00214179
1773322480.06472516,0.03323455,6175,0.00015646,0.00000000,0,0.00000000,25609,25629,29,0.00269688
1773322480.16475129,0.02159082,6201,0.00025721,0.00000000,0,0.00000000,25629,25622,39,0.00306975
1773322480.26464009,0.03759993,6201,0.00040384,0.00000000,0,0.00000000,25622,25629,40,0.00266812
1773322480.36516738,0.03321958,6194,0.00044894,0.00000000,0,0.00000000,25629,25617,27,0.00096335
1773322480.46492219,0.02777043,6222,0.00030013,0.00000000,0,0.00000000,25617,25634,31,0.00242620
1773322480.56568432,0.03717142,6201,0.00011998,0.00000000,0,0.00000000,25634,25648,32,0.00358501
1773322480.66569924,0.03747951,6200,0.00035845,0.00000000,0,0.00000000,25648,25635,47,0.00360404
1773322480.76557899,0.02301600,6225,0.00019924,0.00000000,0,0.00000000,25635,25631,47,0.00226633
1773322480.86540031,0.02381766,6227,0.00033746,0.00000000,0,0.00000000,25631,25632,49,0.00216506
1773322480.96523023,0.03540068,6217,0.00020530,0.00000000,0,0.00000000,25632,25644,42,0.00406383
1773322481.06511712,0.02810613,6261,0.00029434,0.00000000,0,0.00000000,25644,25685,63,0.00168267
1773322481.16501164,0.03080732,6253,0.00075651,0.00000000,0,0.00000000,25685,25675,66,0.00137159
1773322481.26479292,0.03707840,6250,0.00027314,0.00000000,0,0.00000000,25675,25706,57,0.00178056
1773322481.36467481,0.03304390,6254,0.00042247,0.00000000,0,0.00000000,25706,25723,55,0.00186740
1773322481.46452022,0.02970605,6318,0.00069860,0.00000000,0,0.00000000,25723,25730,59,0.00171336
1773322481.56461215,0.03449758,6248,0.00059661,0.00000000,0,0.00000000,25730,25732,43,0.00205973
1773322481.66443825,0.03438974,6312,0.00048388,0.00000000,0,0.00000000,25732,25641,54,0.00120985
1773322481.76470184,0.02849147,6278,0.00055523,0.00000000,0,0.00000000,25641,25659,55,0.00307950
1773322481.86456466,0.03580428,6282,0.00066617,0.00000000,0,0.00000000,25659,25660,51,0.00367836
1773322481.96556568,0.03040305,6228,0.00035098,0.00000000,0,0.00000000,25660,25682,42,0.00246284
1773322482.06531835,0.04364390,6278,0.00062683,0.00000000,0,0.00000000,25682,25692,48,0.00238497
1773322482.16531634,0.03188356,6246,0.00041352,0.00000000,0,0.00000000,25692,25715,52,0.00363764
1773322482.26514602,0.02097807,6253,0.00033049,0.00000000,0,0.00000000,25715,25734,41,0.00137492
1773322482.36509204,0.02008512,6270,0.00017648,0.00000000,0,0.00000000,25734,25740,46,0.00301733
1773322482.46497726,0.03569870,6227,0.00042549,0.00000000,0,0.00000000,25740,25701,33,0.00155646
1773322482.56468081,0.03419317,6236,0.00018258,0.00000000,0,0.00000000,25701,25723,43,0.00258813
1773322482.66452956,0.03423465,6251,0.00057032,0.00000000,0,0.00000000,25723,25734,49,0.00155228
1773322482.76438713,0.02596564,6219,0.00046642,0.00000000,0,0.00000000,25734,25724,48,0.00142464
1773322482.86432743,0.03783247,6313,0.00026802,0.00000000,0,0.00000000,25724,25756,47,0.00303721
1773322482.96493006,0.03273918,6256,0.00029339,0.00000000,0,0.00000000,25756,25760,33,0.00166274
1773322483.06465840,0.03744698,6282,0.00066970,0.00000000,0,0.00000000,25760,25762,46,0.00205318
1773322483.16562605,0.03609840,6228,0.00029073,0.00000000,0,0.00000000,25762,25765,30,0.00208401
1773322483.26550722,0.03179354,6248,0.00026032,0.00000000,0,0.00000000,25765,25769,33,0.00093883
1773322483.36530662,0.03503940,6254,0.00038838,0.00000000,0,0.00000000,25769,25770,33,0.00256188
1773322483.46536303,0.03116554,6248,0.00024238,0.00000000,0,0.00000000,25770,25769,40,0.00238003
1773322483.56525230,0.03393928,6215,0.00067087,0.00000000,0,0.00000000,25769,25770,39,0.00215223
1773322483.66516829,0.02955558,6219,0.00038160,0.00000000,0,0.00000000,25770,25771,33,0.00320704
1773322483.76490068,0.02435599,6239,0.00020979,0.00000000,0,0.00000000,25771,25782,37,0.00127000
1773322483.86482739,0.02251896,6211,0.00010158,0.00000000,0,0.00000000,25782,25798,33,0.00177028
1773322483.96469522,0.03740441,6179,0.00044629,0.00000000,0,0.00000000,25798,25801,29,0.00297560
1773322484.06453228,0.02995762,6210,0.00033683,0.00000000,0,0.00000000,25801,25800,26,0.00184873
1773322484.16449451,0.04016409,6154,0.00029221,0.00000000,0,0.00000000,25800,25802,34,0.00116165
1773322484.26413894,0.03030847,6240,0.00041765,0.00000000,0,0.00000000,25802,25808,28,0.00125267
1773322484.36478376,0.02074658,6204,0.00015482,0.00000000,0,0.00000000,25808,25815,35,0.00255605
1773322484.46482396,0.03703396,6208,0.00028862,0.00000000,0,0.00000000,25815,25834,22,0.00092869
1773322484.56468558,0.02419201,6172,0.00070800,0.00000000,0,0.00000000,25834,25757,35,0.00261039
1773322484.66452026,0.02335440,6191,0.00024890,0.00000000,0,0.00000000,25757,25768,27,0.00276105
1773322484.76543474,0.03499081,6171,0.00045026,0.00000000,0,0.00000000,25768,25775,36,0.00219794
1773322484.86538553,0.02502127,6138,0.00050359,0.00000000,0,0.00000000,25775,25783,36,0.00191698
1773322484.96530890,0.02689777,6134,0.00041969,0.00000000,0,0.00000000,25783,25789,31,0.00263565
1773322485.06516719,0.03034377,6117,0.00054677,0.00000000,0,0.00000000,25789,25795,31,0.00242950
1773322485.16507316,0.02570867,6087,0.00056960,0.00000000,0,0.00000000,25795,25759,52,0.00218452
1773322485.26502299,0.02199475,6105,0.00017485,0.00000000,0,0.00000000,25759,25740,36,0.00245443
1773322485.36489153,0.02947854,6092,0.00034257,0.00000000,0,0.00000000,25740,25749,26,0.00181586
1773322485.46472979,0.02778424,6104,0.00038916,0.00000000,0,0.00000000,25749,25745,42,0.00403721
1773322485.56461358,0.02293957,6126,0.00083137,0.00000000,0,0.00000000,25745,25771,38,0.00162899
1773322485.66452456,0.04019031,6153,0.00043706,0.00000000,0,0.00000000,25771,25766,32,0.00151887
1773322485.76460099,0.02595287,6106,0.00032658,0.00000000,0,0.00000000,25766,25766,19,0.00239853
1773322485.86479044,0.03115306,6113,0.00015617,0.00000000,0,0.00000000,25766,25774,34,0.00374101
1773322485.96562386,0.02654075,6116,0.00010228,0.00000000,0,0.00000000,25774,25786,25,0.00300753
1773322486.06565046,0.03175062,6129,0.00040709,0.00000000,0,0.00000000,25786,25786,31,0.00204399
1773322486.16560864,0.04298380,6119,0.00022796,0.00000000,0,0.00000000,25786,25796,21,0.00138020
1773322486.26546097,0.02821415,6081,0.00025290,0.00000000,0,0.00000000,25796,25790,29,0.00252469
1773322486.36537123,0.02273488,6099,0.00035563,0.00000000,0,0.00000000,25790,25799,31,0.00293058
1773322486.46656322,0.02811604,6160,0.00035797,0.00000000,0,0.00000000,25799,25787,24,0.00166347
1773322486.56512809,0.03354342,6157,0.00039002,0.00000000,0,0.00000000,25787,25801,24,0.00270235
1773322486.66497469,0.03266035,6147,0.00016948,0.00000000,0,0.00000000,25801,25817,31,0.00241439
1773322486.76469469,0.02477524,6186,0.00018413,0.00000000,0,0.00000000,25817,25813,36,0.00221726
1773322486.86461616,0.03500899,6181,0.00057722,0.00000000,0,0.00000000,25813,25806,46,0.00289274
1773322486.96449566,0.03162199,6216,0.00023698,0.00000000,0,0.00000000,25806,25820,53,0.00164434
1773322487.06456971,0.02915238,6202,0.00072397,0.00000000,0,0.00000000,25820,25847,45,0.00134704
1773322487.16449022,0.02683735,6238,0.00042974,0.00000000,0,0.00000000,25847,25870,51,0.00219534
1773322487.26439929,0.03831828,6275,0.00024058,0.00000000,0,0.00000000,25870,25878,51,0.00087113
1773322487.36453390,0.03229247,6223,0.00014167,0.00000000,0,0.00000000,25878,25895,33,0.00219825
1773322487.46462870,0.03290425,6253,0.00039956,0.00000000,0,0.00000000,25895,25909,35,0.00254445
1773322487.56568074,0.03664598,6244,0.00046638,0.00000000,0,0.00000000,25909,25909,30,0.00203931
1773322487.66556478,0.02973679,6236,0.00035689,0.00000000,0,0.00000000,25909,25912,33,0.00253305
1773322487.76547337,0.03150366,6211,0.00083602,0.00000000,0,0.00000000,25912,25925,45,0.00290707
1773322487.86533833,0.03595965,6203,0.00015475,0.00000000,0,0.00000000,25925,25927,26,0.00289328
1773322487.96528172,0.03012233,6219,0.00041980,0.00000000,0,0.00000000,25927,25937,27,0.00250438
1773322488.06514907,0.03121205,6207,0.00035837,0.00000000,0,0.00000000,25937,25942,29,0.00274123
1773322488.16506696,0.02382999,6217,0.00057292,0.00000000,0,0.00000000,25942,25947,44,0.00254889
1773322488.26496124,0.02317252,6215,0.00026591,0.00000000,0,0.00000000,25947,25952,33,0.00238976
1773322488.36481380,0.02147459,6239,0.00013128,0.00000000,0,0.00000000,25952,25968,36,0.00291682
1773322488.46477175,0.02511699,6235,0.00050686,0.00000000,0,0.00000000,25968,25964,32,0.00104267
1773322488.56463408,0.02594281,6229,0.00027783,0.00000000,0,0.00000000,25964,25959,26,0.00218362
1773322488.66455317,0.03098395,6257,0.00040258,0.00000000,0,0.00000000,25959,25975,27,0.00148086
1773322488.76458716,0.03362680,6212,0.00034050,0.00000000,0,0.00000000,25975,25997,30,0.00174037
1773322488.86453557,0.02762921,6156,0.00016078,0.00000000,0,0.00000000,25997,26004,31,0.00308624
1773322488.96428418,0.02253939,6276,0.00021761,0.00000000,0,0.00000000,26004,26008,28,0.00165977
1773322489.06572175,0.03168941,6192,0.00051498,0.00000000,0,0.00000000,26008,26023,27,0.00145961
1773322489.16567588,0.02545401,6167,0.00035789,0.00000000,0,0.00000000,26023,26034,31,0.00227597
1773322489.26548767,0.02210618,6204,0.00039509,0.00000000,0,0.00000000,26034,26042,39,0.00311945
1773322489.36556649,0.02895594,6162,0.00033551,0.00000000,0,0.00000000,26042,26031,22,0.00250967
1773322489.46536541,0.02395763,6202,0.00028558,0.00000000,0,0.00000000,26031,26026,22,0.00137283
1773322489.56544304,0.02068999,6155,0.00032054,0.00000000,0,0.00000000,26026,26023,29,0.00280485
1773322489.66535807,0.01822684,6158,0.00011793,0.00000000,0,0.00000000,26023,26002,19,0.00224720
1773322489.76501441,0.01792322,6166,0.00010582,0.00000000,0,0.00000000,26002,25997,22,0.00179009
1773322489.86490178,0.01674524,6209,0.00017383,0.00000000,0,0.00000000,25997,26011,30,0.00258120
1773322489.96483850,0.01942155,6177,0.00020310,0.00000000,0,0.00000000,26011,26004,32,0.00129958
1773322490.06470418,0.02601188,6235,0.00027678,0.00000000,0,0.00000000,26004,26012,21,0.00186882
1773322490.16462088,0.02966049,6185,0.00028735,0.00000000,0,0.00000000,26012,26009,20,0.00256200
1773322490.26445413,0.02716063,6208,0.00019505,0.00000000,0,0.00000000,26009,26008,29,0.00123105
1773322490.36445975,0.02241147,6187,0.00019254,0.00000000,0,0.00000000,26008,26022,20,0.00254243
1773322490.46447539,0.02880005,6205,0.00028220,0.00000000,0,0.00000000,26022,26027,25,0.00155117
1773322490.56443381,0.02704321,6209,0.00028921,0.00000000,0,0.00000000,26027,26039,29,0.00189857
1773322490.66484666,0.02176986,6236,0.00035246,0.00000000,0,0.00000000,26039,26045,29,0.00229052
1773322490.76573277,0.03174096,6236,0.00053303,0.00000000,0,0.00000000,26045,26015,35,0.00177064
1773322490.86558151,0.02852293,6237,0.00033963,0.00000000,0,0.00000000,26015,25999,33,0.00229683
1773322490.96559095,0.02674423,6251,0.00014937,0.00000000,0,0.00000000,25999,26006,32,0.00256776
1773322491.06538415,0.02950069,6244,0.00032949,0.00000000,0,0.00000000,26006,26013,28,0.00292146
1773322491.16546321,0.01935811,6274,0.00015790,0.00000000,0,0.00000000,26013,26026,32,0.00267782
1773322491.26541519,0.02116386,6245,0.00018638,0.00000000,0,0.00000000,26026,26029,38,0.00254909
1773322491.36533189,0.01671559,6268,0.00009607,0.00000000,0,0.00000000,26029,26012,17,0.00272168
1773322491.46525335,0.02900642,6237,0.00030441,0.00000000,0,0.00000000,26012,26013,27,0.00088906
1773322491.56501794,0.02945067,6269,0.00048201,0.00000000,0,0.00000000,26013,26008,37,0.00189403
1773322491.66502571,0.02933021,6222,0.00015902,0.00000000,0,0.00000000,26008,26020,25,0.00248751
1773322491.76481366,0.02665808,6268,0.00047135,0.00000000,0,0.00000000,26020,26024,39,0.00132241
1773322491.86470795,0.03029429,6288,0.00039246,0.00000000,0,0.00000000,26024,26025,28,0.00132346
1773322491.96459317,0.02853613,6288,0.00012538,0.00000000,0,0.00000000,26025,26032,27,0.00123072
1773322492.06448317,0.02266393,6304,0.00025463,0.00000000,0,0.00000000,26032,26037,35,0.00424951
1773322492.16444612,0.02975217,6282,0.00030044,0.00000000,0,0.00000000,26037,26040,37,0.00230332
1773322492.26431799,0.02852495,6318,0.00025549,0.00000000,0,0.00000000,26040,26057,28,0.00201741
1773322492.36446619,0.02616653,6317,0.00040245,0.00000000,0,0.00000000,26057,26073,34,0.00166520
1773322492.46479130,0.03262862,6296,0.00011478,0.00000000,0,0.00000000,26073,26082,25,0.00205351
1773322492.56475639,0.02584159,6325,0.00022869,0.00000000,0,0.00000000,26082,26096,24,0.00270815
1773322492.66590858,0.02344047,6308,0.00022873,0.00000000,0,0.00000000,26096,26103,30,0.00287000
1773322492.76570034,0.02749452,6327,0.00036315,0.00000000,0,0.00000000,26103,26071,38,0.00251210
1773322492.86564755,0.01995014,6310,0.00006233,0.00000000,0,0.00000000,26071,26086,25,0.00298361
1773322492.96551466,0.03050388,6313,0.00012835,0.00000000,0,0.00000000,26086,26096,24,0.00288209
1773322493.06547880,0.02560376,6303,0.00028383,0.00000000,0,0.00000000,26096,26115,28,0.00243949
1773322493.16531157,0.02301389,6356,0.00030082,0.00000000,0,0.00000000,26115,26114,27,0.00306864
1773322493.26549482,0.03293472,6286,0.00043834,0.00000000,0,0.00000000,26114,26102,34,0.00264733
1773322493.36534667,0.02658630,6275,0.00015814,0.00000000,0,0.00000000,26102,26110,33,0.00208558
1773322493.46511388,0.02355093,6288,0.00053677,0.00000000,0,0.00000000,26110,26105,39,0.00284973
1773322493.56501484,0.02618062,6288,0.00039650,0.00000000,0,0.00000000,26105,26122,32,0.00228460
1773322493.66495728,0.03266346,6254,0.00017973,0.00000000,0,0.00000000,26122,26137,30,0.00210389
1773322493.76487684,0.02499065,6260,0.00044236,0.00000000,0,0.00000000,26137,26147,28,0.00349638
1773322493.86480331,0.03044721,6210,0.00031589,0.00000000,0,0.00000000,26147,26154,25,0.00309705
1773322493.96467566,0.03299675,6234,0.00009476,0.00000000,0,0.00000000,26154,26171,21,0.00135317
1773322494.06461406,0.02704937,6208,0.00021212,0.00000000,0,0.00000000,26171,26155,26,0.00222773
1773322494.16465688,0.02043788,6212,0.00010816,0.00000000,0,0.00000000,26155,26161,23,0.00212824
1773322494.26450634,0.02633182,6263,0.00029997,0.00000000,0,0.00000000,26161,26160,29,0.00138634
1773322494.36457610,0.01425527,6206,0.00011162,0.00000000,0,0.00000000,26160,26163,27,0.00250872
1773322494.46456504,0.03148655,6212,0.00022061,0.00000000,0,0.00000000,26163,26164,23,0.00167110
1773322494.56465888,0.02821235,6197,0.00014984,0.00000000,0,0.00000000,26164,26168,17,0.00200386
1773322494.66447496,0.02574462,6216,0.00019187,0.00000000,0,0.00000000,26168,26177,22,0.00369093
1773322494.76568842,0.02830340,6199,0.00023084,0.00000000,0,0.00000000,26177,26181,17,0.00251025
1773322494.86559939,0.02360295,6209,0.00007433,0.00000000,0,0.00000000,26181,26183,18,0.00178444
1773322494.96555471,0.02136393,6210,0.00016279,0.00000000,0,0.00000000,26183,26193,21,0.00270693
1773322495.06543255,0.02683319,6237,0.00035851,0.00000000,0,0.00000000,26193,26191,24,0.00184800
1773322495.16533494,0.02428740,6241,0.00019410,0.00000000,0,0.00000000,26191,26200,21,0.00213453
1773322495.26526070,0.02345841,6239,0.00028609,0.00000000,0,0.00000000,26200,26210,26,0.00244622
1773322495.36524415,0.02611725,6217,0.00035442,0.00000000,0,0.00000000,26210,26213,20,0.00247385
1773322495.46501374,0.02703540,6247,0.00019645,0.00000000,0,0.00000000,26213,26190,28,0.00102323
1773322495.56495786,0.02665943,6207,0.00030460,0.00000000,0,0.00000000,26190,26205,24,0.00267777
1773322495.66487694,0.01798464,6169,0.00011817,0.00000000,0,0.00000000,26205,26216,19,0.00181330
1773322495.76473546,0.02387857,6171,0.00012773,0.00000000,0,0.00000000,26216,26216,21,0.00216455
1773322495.86465764,0.01900926,6159,0.00007462,0.00000000,0,0.00000000,26216,26224,31,0.00200373
1773322495.96471047,0.02710817,6160,0.00016337,0.00000000,0,0.00000000,26224,26224,28,0.00098364
1773322496.06447172,0.02030372,6224,0.00029093,0.00000000,0,0.00000000,26224,26231,28,0.00154478
1773322496.16457105,0.02087145,6210,0.00020180,0.00000000,0,0.00000000,26231,26223,30,0.00212251
1773322496.26442671,0.02838043,6229,0.00014151,0.00000000,0,0.00000000,26223,26219,27,0.00165801
1773322496.36519003,0.02515959,6200,0.00016469,0.00000000,0,0.00000000,26219,26236,28,0.00234588
1773322496.46507454,0.01799580,6201,0.00012844,0.00000000,0,0.00000000,26236,26235,24,0.00187558
1773322496.56495023,0.02918441,6226,0.00044174,0.00000000,0,0.00000000,26235,26242,26,0.00174031
1773322496.66468024,0.02887557,6233,0.00046627,0.00000000,0,0.00000000,26242,26220,25,0.00183032
1773322496.76456952,0.01962461,6208,0.00035077,0.00000000,0,0.00000000,26220,26229,32,0.00251931
1773322496.86624169,0.02749641,6205,0.00026759,0.00000000,0,0.00000000,26229,26243,23,0.00204087
1773322496.96556616,0.02476216,6173,0.00015487,0.00000000,0,0.00000000,26243,26238,35,0.00255235
1773322497.06529188,0.02297011,6266,0.00041778,0.00000000,0,0.00000000,26238,26246,27,0.00153890
1773322497.16544557,0.01515817,6243,0.00008214,0.00000000,0,0.00000000,26246,26255,23,0.00265006
1773322497.26534462,0.01706416,6248,0.00025362,0.00000000,0,0.00000000,26255,26255,24,0.00220537
1773322497.36529613,0.01545714,6234,0.00007382,0.00000000,0,0.00000000,26255,26254,23,0.00240426
1773322497.46521544,0.02318675,6239,0.00027290,0.00000000,0,0.00000000,26254,26259,33,0.00153331
1773322497.56512523,0.02198945,6220,0.00039243,0.00000000,0,0.00000000,26259,26260,28,0.00362009
1773322497.66502213,0.02540015,6264,0.00017328,0.00000000,0,0.00000000,26260,26262,15,0.00145430
1773322497.76493335,0.02768446,6237,0.00030939,0.00000000,0,0.00000000,26262,26272,35,0.00136930
1773322497.86490917,0.02204992,6257,0.00018187,0.00000000,0,0.00000000,26272,26273,27,0.00308924
1773322497.96468949,0.02788082,6322,0.00043493,0.00000000,0,0.00000000,26273,26285,30,0.00089491
1773322498.06458402,0.02716140,6294,0.00023613,0.00000000,0,0.00000000,26285,26300,29,0.00159459
1773322498.16451907,0.02241811,6327,0.00012980,0.00000000,0,0.00000000,26300,26309,25,0.00186892
1773322498.26439857,0.02536946,6376,0.00030115,0.00000000,0,0.00000000,26309,26317,22,0.00258324
1773322498.36460829,0.02822124,6326,0.00042866,0.00000000,0,0.00000000,26317,26330,36,0.00171864
1773322498.46450114,0.02265692,6376,0.00012402,0.00000000,0,0.00000000,26330,26336,24,0.00185863
1773322498.56494188,0.02831635,6340,0.00038058,0.00000000,0,0.00000000,26336,26351,29,0.00234933
1773322498.66490722,0.01850626,6355,0.00008394,0.00000000,0,0.00000000,26351,26368,26,0.00187865
1773322498.76482105,0.01936101,6408,0.00015559,0.00000000,0,0.00000000,26368,26382,27,0.00255912
1773322498.86574507,0.01765682,6317,0.00010325,0.00000000,0,0.00000000,26382,26388,27,0.00243389
1773322498.96462512,0.02527008,6399,0.00034050,0.00000000,0,0.00000000,26388,26401,26,0.00110472
1773322499.06563997,0.02892677,6344,0.00030450,0.00000000,0,0.00000000,26401,26408,25,0.00182938
1773322499.16553140,0.03042202,6325,0.00013352,0.00000000,0,0.00000000,26408,26414,22,0.00162883
1773322499.26548243,0.02433122,6344,0.00053317,0.00000000,0,0.00000000,26414,26384,31,0.00143566
1773322499.36533403,0.02783370,6389,0.00033651,0.00000000,0,0.00000000,26384,26393,27,0.00214244
1773322499.46536946,0.02868208,6353,0.00038360,0.00000000,0,0.00000000,26393,26396,28,0.00089070
1773322499.56531262,0.02207479,6335,0.00014141,0.00000000,0,0.00000000,26396,26403,29,0.00254365
1773322499.66518641,0.02365477,6375,0.00024491,0.00000000,0,0.00000000,26403,26402,16,0.00215107
1773322499.76525879,0.02868847,6350,0.00020882,0.00000000,0,0.00000000,26402,26402,16,0.00270009
1773322499.86517024,0.02224627,6315,0.00023349,0.00000000,0,0.00000000,26402,26410,18,0.00225242
1773322499.96494150,0.02756323,6357,0.00018830,0.00000000,0,0.00000000,26410,26417,20,0.00340416
1773322500.06485534,0.02836896,6365,0.00024467,0.00000000,0,0.00000000,26417,26425,22,0.00254930
1773322500.16474748,0.02334278,6381,0.00023310,0.00000000,0,0.00000000,26425,26430,17,0.00208970
1773322500.26482916,0.01712327,6326,0.00010823,0.00000000,0,0.00000000,26430,26439,19,0.00298512
1773322500.36459422,0.02021719,6388,0.00005949,0.00000000,0,0.00000000,26439,26436,14,0.00289429
1773322500.46451569,0.03156371,6369,0.00082042,0.00000000,0,0.00000000,26436,26446,20,0.00172986
1773322500.56443739,0.02282744,6403,0.00023051,0.00000000,0,0.00000000,26446,26451,15,0.00111787
1773322500.66454697,0.02290719,6403,0.00028893,0.00000000,0,0.00000000,26451,26450,25,0.00168584
1773322500.76450849,0.02864559,6408,0.00023237,0.00000000,0,0.00000000,26450,26453,19,0.00111353
1773322500.86503673,0.02375321,6363,0.00016005,0.00000000,0,0.00000000,26453,26443,21,0.00213476
1773322500.96452975,0.02287522,6382,0.00034848,0.00000000,0,0.00000000,26443,26440,24,0.00209868
1773322501.06438851,0.02923553,6419,0.00057593,0.00000000,0,0.00000000,26440,26449,25,0.00152441
1773322501.16568995,0.02538420,6379,0.00019735,0.00000000,0,0.00000000,26449,26457,30,0.00256556
1773322501.26566577,0.02247249,6386,0.00016099,0.00000000,0,0.00000000,26457,26449,29,0.00185311
1773322501.36561680,0.02859311,6368,0.00016929,0.00000000,0,0.00000000,26449,26451,21,0.00245074
1773322501.46556044,0.02131241,6370,0.00027428,0.00000000,0,0.00000000,26451,26461,22,0.00270603
1773322501.56550741,0.02911935,6379,0.00048032,0.00000000,0,0.00000000,26461,26465,34,0.00236111
1773322501.66534281,0.01750990,6391,0.00016459,0.00000000,0,0.00000000,26465,26454,31,0.00228199
1773322501.76532531,0.01727316,6417,0.00008150,0.00000000,0,0.00000000,26454,26464,27,0.00246571
1773322501.86532760,0.01710947,6305,0.00010780,0.00000000,0,0.00000000,26464,26477,34,0.00201967
1773322501.96399522,0.02658660,6448,0.00035940,0.00000000,0,0.00000000,26477,26484,32,0.00101027
1773322502.06518435,0.02553009,6420,0.00041770,0.00000000,0,0.00000000,26484,26482,24,0.00139053
1773322502.16526079,0.07505328,6395,0.00038871,0.00000000,0,0.00000000,26482,26470,27,0.00181860
1773322502.26516938,0.05625142,6356,0.00054211,0.00000000,0,0.00000000,26470,26460,30,0.00086910
1773322502.36491561,0.02474833,6413,0.00046437,0.00000000,0,0.00000000,26460,26470,29,0.00198287
1773322502.46501303,0.02947120,6389,0.00045537,0.00000000,0,0.00000000,26470,26483,38,0.00093957
1773322502.56492114,0.02358908,6385,0.00048953,0.00000000,0,0.00000000,26483,26468,29,0.00123074
1773322502.66478872,0.01805593,6406,0.00031154,0.00000000,0,0.00000000,26468,26471,25,0.00566920
1773322502.76476407,0.02498707,6384,0.00016818,0.00000000,0,0.00000000,26471,26488,23,0.00353566
1773322502.86477137,0.02039753,6339,0.00039513,0.00000000,0,0.00000000,26488,26500,29,0.00146854
1773322502.96455288,0.02341099,6448,0.00037014,0.00000000,0,0.00000000,26500,26490,28,0.00087306
1773322503.06449342,0.02417029,6379,0.00034026,0.00000000,0,0.00000000,26490,26485,25,0.00097399
1773322503.16443849,0.01913378,6433,0.00017799,0.00000000,0,0.00000000,26485,26469,21,0.00255104
1773322503.26462674,0.02270363,6384,0.00024578,0.00000000,0,0.00000000,26469,26453,22,0.00183053
1773322503.36446595,0.01463584,6394,0.00011556,0.00000000,0,0.00000000,26453,26454,26,0.00234868
1773322503.46446562,0.01441223,6408,0.00013803,0.00000000,0,0.00000000,26454,26456,26,0.00319100
1773322503.56482387,0.02459604,6414,0.00097311,0.00000000,0,0.00000000,26456,26457,31,0.00261125
1773322503.66582298,0.02407400,6402,0.00047331,0.00000000,0,0.00000000,26457,26456,27,0.00124312
1773322503.76579070,0.02548801,6414,0.00022053,0.00000000,0,0.00000000,26456,26433,25,0.00136737
1773322503.86468101,0.02023928,6413,0.00029572,0.00000000,0,0.00000000,26433,26445,24,0.00190873
1773322503.96569324,0.01989133,6417,0.00023892,0.00000000,0,0.00000000,26445,26460,28,0.00297783
1773322504.06554246,0.02389460,6410,0.00024132,0.00000000,0,0.00000000,26460,26461,19,0.00173007
1773322504.16550088,0.02050137,6415,0.00020342,0.00000000,0,0.00000000,26461,26454,25,0.00228059
1773322504.26539826,0.01661291,6429,0.00011345,0.00000000,0,0.00000000,26454,26470,26,0.00320537
1773322504.36546922,0.02158405,6411,0.00044850,0.00000000,0,0.00000000,26470,26468,31,0.00316267
1773322504.46541595,0.02480107,6395,0.00039829,0.00000000,0,0.00000000,26468,26463,26,0.00118314
1773322504.56531286,0.02325631,6376,0.00046886,0.00000000,0,0.00000000,26463,26462,24,0.00287078
1773322504.66523075,0.01763193,6374,0.00016041,0.00000000,0,0.00000000,26462,26461,26,0.00171505
1773322504.76517582,0.01513444,6309,0.00008009,0.00000000,0,0.00000000,26461,26471,24,0.00166309
1773322504.86516070,0.01591558,6322,0.00016863,0.00000000,0,0.00000000,26471,26468,32,0.00247285
1773322504.96516609,0.02376465,6300,0.00032928,0.00000000,0,0.00000000,26468,26462,21,0.00129368
1773322505.06507111,0.02444555,6335,0.00031707,0.00000000,0,0.00000000,26462,26467,21,0.00305820
1773322505.16497660,0.02354509,6299,0.00023729,0.00000000,0,0.00000000,26467,26481,34,0.00287161
1773322505.26480150,0.01900745,6319,0.00021016,0.00000000,0,0.00000000,26481,26467,32,0.00111564
1773322505.36474538,0.02588621,6342,0.00021334,0.00000000,0,0.00000000,26467,26474,17,0.00102742
1773322505.46468782,0.02369114,6297,0.00043265,0.00000000,0,0.00000000,26474,26482,26,0.00332822
1773322505.56464195,0.01874210,6275,0.00015238,0.00000000,0,0.00000000,26482,26494,26,0.00320690
1773322505.66455340,0.02334101,6284,0.00024589,0.00000000,0,0.00000000,26494,26502,17,0.00226777
1773322505.76443577,0.02493148,6348,0.00037029,0.00000000,0,0.00000000,26502,26513,25,0.00181309
1773322505.86460304,0.01861430,6270,0.00009090,0.00000000,0,0.00000000,26513,26509,22,0.00227492
1773322505.96451998,0.01917531,6241,0.00027345,0.00000000,0,0.00000000,26509,26513,21,0.00289394
1773322506.06453252,0.01964384,6226,0.00033054,0.00000000,0,0.00000000,26513,26508,28,0.00154350
1773322506.16445255,0.02839129,6242,0.00021602,0.00000000,0,0.00000000,26508,26514,23,0.00254126
1773322506.26461434,0.02248402,6232,0.00021924,0.00000000,0,0.00000000,26514,26519,23,0.00230937
1773322506.36572003,0.01330951,6209,0.00019951,0.00000000,0,0.00000000,26519,26512,27,0.00153828
1773322506.46570396,0.01390357,6198,0.00022150,0.00000000,0,0.00000000,26512,26499,24,0.00331389
1773322506.56559062,0.02811133,6185,0.00016761,0.00000000,0,0.00000000,26499,26512,37,0.00291269
1773322506.66559410,0.02441747,6117,0.00077007,0.00000000,0,0.00000000,26512,26514,30,0.00148719
1773322506.76541924,0.01951581,6143,0.00047459,0.00000000,0,0.00000000,26514,26518,20,0.00098558
1773322506.86456513,0.01880746,6131,0.00026776,0.00000000,0,0.00000000,26518,26532,26,0.00102003
1773322506.96551538,0.01999737,6051,0.00029259,0.00000000,0,0.00000000,26532,26526,21,0.00179916
1773322507.06507611,0.02024741,6104,0.00018570,0.00000000,0,0.00000000,26526,26540,35,0.00381421
1773322507.16539907,0.01774438,6022,0.00032616,0.00000000,0,0.00000000,26540,26544,20,0.00297833
1773322507.26517916,0.01977393,6039,0.00026670,0.00000000,0,0.00000000,26544,26534,22,0.00171951
1773322507.36517715,0.01744721,6078,0.00010218,0.00000000,0,0.00000000,26534,26542,18,0.00180734
1773322507.46514559,0.01957641,6033,0.00032298,0.00000000,0,0.00000000,26542,26552,21,0.00256252
1773322507.56510258,0.02951413,6056,0.00067823,0.00000000,0,0.00000000,26552,26549,27,0.00218171
1773322507.66488242,0.02392904,6058,0.00016581,0.00000000,0,0.00000000,26549,26552,28,0.00224956
1773322507.76488996,0.02337132,6120,0.00040690,0.00000000,0,0.00000000,26552,26564,32,0.00260790
1773322507.86482358,0.01596604,6114,0.00013438,0.00000000,0,0.00000000,26564,26577,35,0.00210140
1773322507.96486449,0.01311844,6078,0.00021592,0.00000000,0,0.00000000,26577,26586,28,0.00238703
1773322508.06479120,0.02105224,6121,0.00035996,0.00000000,0,0.00000000,26586,26600,34,0.00260271
1773322508.16463470,0.02398312,6088,0.00055412,0.00000000,0,0.00000000,26600,26602,28,0.00206781
1773322508.26465511,0.01571404,6112,0.00013127,0.00000000,0,0.00000000,26602,26603,22,0.00085343
1773322508.36457872,0.01807457,6106,0.00026979,0.00000000,0,0.00000000,26603,26618,25,0.00083982
1773322508.46458340,0.02328392,6050,0.00026622,0.00000000,0,0.00000000,26618,26625,22,0.00170099
1773322508.56435585,0.02135995,6142,0.00021068,0.00000000,0,0.00000000,26625,26603,26,0.00266041
1773322508.66442895,0.01509064,6113,0.00013951,0.00000000,0,0.00000000,26603,26611,15,0.00238634
1773322508.76437950,0.01980371,6175,0.00029904,0.00000000,0,0.00000000,26611,26608,18,0.00213824
1773322508.86451030,0.02234318,6087,0.00022594,0.00000000,0,0.00000000,26608,26605,19,0.00203976
1773322508.96446252,0.02031450,6148,0.00023380,0.00000000,0,0.00000000,26605,26616,28,0.00326788
1773322509.06593657,0.01953243,6166,0.00006992,0.00000000,0,0.00000000,26616,26621,16,0.00176874
1773322509.16567087,0.02400574,6194,0.00023120,0.00000000,0,0.00000000,26621,26619,16,0.00147183
1773322509.26553106,0.02070461,6218,0.00005178,0.00000000,0,0.00000000,26619,26614,11,0.00201540
1773322509.36567926,0.01541271,6172,0.00018723,0.00000000,0,0.00000000,26614,26629,27,0.00272079
1773322509.46547937,0.02399943,6207,0.00032745,0.00000000,0,0.00000000,26629,26636,27,0.00200607
1773322509.56548977,0.03085543,6210,0.00059565,0.00000000,0,0.00000000,26636,26638,30,0.00152662
1773322509.66537166,0.02571542,6259,0.00054721,0.00000000,0,0.00000000,26638,26635,20,0.00155671
1773322509.76547098,0.02060868,6257,0.00013749,0.00000000,0,0.00000000,26635,26629,21,0.00090141
1773322509.86548138,0.02454981,6256,0.00035742,0.00000000,0,0.00000000,26629,26626,26,0.00091632
1773322509.96546149,0.02385527,6232,0.00032545,0.00000000,0,0.00000000,26626,26614,20,0.00239843
1773322510.06517792,0.02628591,6296,0.00015321,0.00000000,0,0.00000000,26614,26624,23,0.00374493
1773322510.16511893,0.02166887,6281,0.00026105,0.00000000,0,0.00000000,26624,26629,22,0.00265200
1773322510.26504540,0.02841865,6314,0.00050514,0.00000000,0,0.00000000,26629,26634,28,0.00125496
1773322510.36502051,0.02709098,6317,0.00013748,0.00000000,0,0.00000000,26634,26646,21,0.00110101
1773322510.46494150,0.02297989,6301,0.00042034,0.00000000,0,0.00000000,26646,26647,33,0.00269762
1773322510.56487775,0.02235518,6289,0.00022997,0.00000000,0,0.00000000,26647,26648,21,0.00217779
1773322510.66479540,0.02559287,6302,0.00021604,0.00000000,0,0.00000000,26648,26651,15,0.00128988
1773322510.76469445,0.02679418,6260,0.00027768,0.00000000,0,0.00000000,26651,26654,22,0.00158915
1773322510.86466837,0.01691174,6253,0.00017908,0.00000000,0,0.00000000,26654,26637,29,0.00324004
1773322510.96459413,0.01848074,6311,0.00022687,0.00000000,0,0.00000000,26637,26617,21,0.00194431
1773322511.06464076,0.02443617,6220,0.00036065,0.00000000,0,0.00000000,26617,26590,17,0.00235297
1773322511.16451907,0.02548863,6290,0.00020784,0.00000000,0,0.00000000,26590,26605,26,0.00250180
1773322511.26446867,0.02229440,6246,0.00021542,0.00000000,0,0.00000000,26605,26595,30,0.00173667
1773322511.36439419,0.02106890,6265,0.00021769,0.00000000,0,0.00000000,26595,26602,19,0.00163998
1773322511.46451306,0.02777417,6212,0.00025725,0.00000000,0,0.00000000,26602,26600,19,0.00142926
1773322511.56447721,0.02905408,6221,0.00033603,0.00000000,0,0.00000000,26600,26593,28,0.00255360
1773322511.66494870,0.02554901,6164,0.00015738,0.00000000,0,0.00000000,26593,26597,27,0.00234702
1773322511.76585174,0.01996660,6137,0.00074846,0.00000000,0,0.00000000,26597,26465,32,0.00218669
1773322511.86582565,0.02512782,6131,0.00042418,0.00000000,0,0.00000000,26465,26481,24,0.00084873
1773322511.96441865,0.02692324,6105,0.00014872,0.00000000,0,0.00000000,26481,26492,26,0.00140622
1773322512.06453037,0.02674331,6122,0.00099452,0.00000000,0,0.00000000,26492,26424,28,0.00159335
1773322512.16459513,0.02796090,6105,0.00050714,0.00000000,0,0.00000000,26424,26427,32,0.00129352
1773322512.26553988,0.02143414,6122,0.00029004,0.00000000,0,0.00000000,26427,26438,32,0.00253911
1773322512.36562538,0.01876251,6145,0.00012067,0.00000000,0,0.00000000,26438,26440,26,0.00241975
1773322512.46557498,0.02149803,6128,0.00029559,0.00000000,0,0.00000000,26440,26454,27,0.00269779
1773322512.56549239,0.02877717,6157,0.00021928,0.00000000,0,0.00000000,26454,26434,39,0.00169736
1773322512.66443419,0.02420435,6228,0.00026008,0.00000000,0,0.00000000,26434,26415,30,0.00249309
1773322512.76536250,0.01992120,6215,0.00048289,0.00000000,0,0.00000000,26415,26410,27,0.00166515
1773322512.86532617,0.02438571,6189,0.00061063,0.00000000,0,0.00000000,26410,26392,36,0.00085319
1773322512.96529341,0.03231110,6234,0.00014144,0.00000000,0,0.00000000,26392,26406,29,0.00232906
1773322513.06525469,0.02140546,6206,0.00015168,0.00000000,0,0.00000000,26406,26414,26,0.00329089
1773322513.16516638,0.03074392,6228,0.00047098,0.00000000,0,0.00000000,26414,26411,25,0.00306298
1773322513.26520276,0.03178099,6226,0.00063756,0.00000000,0,0.00000000,26411,26397,35,0.00096179
1773322513.36511064,0.02930845,6219,0.00016202,0.00000000,0,0.00000000,26397,26399,34,0.00116045
1773322513.46505308,0.02825762,6201,0.00041785,0.00000000,0,0.00000000,26399,26408,28,0.00276783
1773322513.56483626,0.03519098,6248,0.00040695,0.00000000,0,0.00000000,26408,26418,33,0.00261999
1773322513.66484952,0.03083482,6265,0.00039761,0.00000000,0,0.00000000,26418,26436,38,0.00182003
1773322513.76477551,0.02242850,6259,0.00014271,0.00000000,0,0.00000000,26436,26440,32,0.00256232
1773322513.86479473,0.01862905,6219,0.00012281,0.00000000,0,0.00000000,26440,26450,34,0.00124472
1773322513.96458530,0.03055537,6261,0.00017660,0.00000000,0,0.00000000,26450,26462,35,0.00113823
1773322514.06447196,0.02832805,6226,0.00019387,0.00000000,0,0.00000000,26462,26481,37,0.00289057
1773322514.16442394,0.02934987,6297,0.00039486,0.00000000,0,0.00000000,26481,26498,38,0.00233063
1773322514.26459932,0.03172750,6250,0.00052904,0.00000000,0,0.00000000,26498,26508,26,0.00086415
1773322514.36450791,0.03215693,6255,0.00064304,0.00000000,0,0.00000000,26508,26474,35,0.00133312
1773322514.46442103,0.03089363,6245,0.00044496,0.00000000,0,0.00000000,26474,26466,41,0.00338228
1773322514.56427288,0.02200608,6307,0.00064805,0.00000000,0,0.00000000,26466,26500,51,0.00279248
1773322514.66483212,0.02918124,6224,0.00035699,0.00000000,0,0.00000000,26500,26509,29,0.00252105
1773322514.76481175,0.03350765,6264,0.00019261,0.00000000,0,0.00000000,26509,26523,34,0.00123394
1773322514.86481977,0.02501382,6267,0.00050305,0.00000000,0,0.00000000,26523,26529,41,0.00168395
1773322514.96571159,0.03112909,6226,0.00049073,0.00000000,0,0.00000000,26529,26547,43,0.00192442
1773322515.06572080,0.03328657,6243,0.00037017,0.00000000,0,0.00000000,26547,26562,42,0.00119214
1773322515.16562843,0.02497480,6291,0.00022921,0.00000000,0,0.00000000,26562,26568,56,0.00262523
1773322515.26557803,0.03187594,6272,0.00038237,0.00000000,0,0.00000000,26568,26582,43,0.00283673
1773322515.36461973,0.01897998,6262,0.00017428,0.00000000,0,0.00000000,26582,26611,53,0.00135481
1773322515.46535325,0.02231169,6283,0.00033261,0.00000000,0,0.00000000,26611,26624,46,0.00134214
1773322515.56537056,0.03371779,6282,0.00033697,0.00000000,0,0.00000000,26624,26636,33,0.00219450
1773322515.66529322,0.03002171,6286,0.00050199,0.00000000,0,0.00000000,26636,26629,40,0.00196328
1773322515.76525831,0.03085960,6321,0.00051601,0.00000000,0,0.00000000,26629,26639,39,0.00093433
1773322515.86543012,0.03061661,6269,0.00076467,0.00000000,0,0.00000000,26639,26607,43,0.00081733
1773322515.96540618,0.03124999,6225,0.00025309,0.00000000,0,0.00000000,26607,26632,47,0.00088503
1773322516.06533909,0.02710166,6232,0.00051990,0.00000000,0,0.00000000,26632,26620,46,0.00112217
1773322516.16513777,0.02515106,6283,0.00122370,0.00000000,0,0.00000000,26620,26622,55,0.00160487
1773322516.26521444,0.03188447,6268,0.00072236,0.00000000,0,0.00000000,26622,26616,52,0.00115731
1773322516.36516762,0.02542603,6247,0.00028953,0.00000000,0,0.00000000,26616,26571,60,0.00190529
1773322516.46493340,0.02612454,6238,0.00044712,0.00000000,0,0.00000000,26571,26600,68,0.00139409
1773322516.56492686,0.02411377,6231,0.00073123,0.00000000,0,0.00000000,26600,26613,64,0.00113212
1773322516.66481233,0.02693383,6288,0.00043753,0.00000000,0,0.00000000,26613,26627,82,0.00166262
1773322516.76486969,0.03346858,6197,0.00109279,0.00000000,0,0.00000000,26627,26645,78,0.00181390
1773322516.86480045,0.02522430,6263,0.00100851,0.00000000,0,0.00000000,26645,26650,78,0.00264565
1773322516.96468616,0.02794378,6222,0.00083550,0.00000000,0,0.00000000,26650,26681,84,0.00201662
1773322517.06484580,0.03128330,6279,0.00112742,0.00000000,0,0.00000000,26681,26700,70,0.00165795
1773322517.16462946,0.02485780,6295,0.00063886,0.00000000,0,0.00000000,26700,26706,57,0.00093749
1773322517.26458955,0.02981752,6316,0.00069815,0.00000000,0,0.00000000,26706,26704,46,0.00078157
1773322517.36446142,0.02636623,6333,0.00063914,0.00000000,0,0.00000000,26704,26713,45,0.00258568
1773322517.46459770,0.02718597,6304,0.00054754,0.00000000,0,0.00000000,26713,26712,44,0.00084617
1773322517.56448913,0.02908926,6324,0.00070406,0.00000000,0,0.00000000,26712,26736,53,0.00118231
1773322517.66449094,0.02287813,6352,0.00021732,0.00000000,0,0.00000000,26736,26749,42,0.00184487
1773322517.76488662,0.03029115,6332,0.00016810,0.00000000,0,0.00000000,26749,26774,47,0.00243271
1773322517.86483288,0.02730553,6319,0.00096896,0.00000000,0,0.00000000,26774,26749,42,0.00292457
1773322517.96484923,0.02836341,6349,0.00069031,0.00000000,0,0.00000000,26749,26766,50,0.00096585
1773322518.06475449,0.03643393,6361,0.00065839,0.00000000,0,0.00000000,26766,26755,50,0.00240739
1773322518.16485476,0.02309671,6342,0.00098351,0.00000000,0,0.00000000,26755,26733,44,0.00191776
1773322518.26479101,0.02213786,6356,0.00015518,0.00000000,0,0.00000000,26733,26740,32,0.00135591
1773322518.36576462,0.02033655,6332,0.00083603,0.00000000,0,0.00000000,26740,26756,51,0.00114823
1773322518.46562910,0.03222710,6326,0.00049957,0.00000000,0,0.00000000,26756,26767,36,0.00177281
1773322518.56554604,0.03079315,6323,0.00020800,0.00000000,0,0.00000000,26767,26789,35,0.00306543
1773322518.66556764,0.03607249,6310,0.00283362,0.00000000,0,0.00000000,26789,26667,45,0.00218949
1773322518.76545119,0.02916949,6334,0.00074219,0.00000000,0,0.00000000,26667,26681,54,0.00163056
1773322518.86548567,0.03016724,6284,0.00063319,0.00000000,0,0.00000000,26681,26663,38,0.00108097
1773322518.96542072,0.03213344,6346,0.00019226,0.00000000,0,0.00000000,26663,26657,39,0.00258863
1773322519.06557918,0.02310072,6310,0.00070811,0.00000000,0,0.00000000,26657,26680,46,0.00202335
1773322519.16552329,0.02123023,6300,0.00048015,0.00000000,0,0.00000000,26680,26713,41,0.00363722
1773322519.26540923,0.03203249,6320,0.00018357,0.00000000,0,0.00000000,26713,26715,36,0.00114384
1773322519.36538410,0.02448182,6336,0.00028924,0.00000000,0,0.00000000,26715,26723,43,0.00180454
1773322519.46531415,0.03022957,6293,0.00054603,0.00000000,0,0.00000000,26723,26729,39,0.00333250
1773322519.56530046,0.03614859,6276,0.00064710,0.00000000,0,0.00000000,26729,26745,42,0.00091593
1773322519.66508174,0.02660448,6313,0.00058284,0.00000000,0,0.00000000,26745,26760,47,0.00143674
1773322519.76502037,0.02755580,6307,0.00025957,0.00000000,0,0.00000000,26760,26728,39,0.00202654
1773322519.86496234,0.02093697,6286,0.00044013,0.00000000,0,0.00000000,26728,26743,37,0.00152262
1773322519.96496677,0.03003252,6323,0.00052008,0.00000000,0,0.00000000,26743,26739,46,0.00111490
1773322520.06492615,0.03103625,6317,0.00020771,0.00000000,0,0.00000000,26739,26753,34,0.00269265
1773322520.16487384,0.02865288,6301,0.00008493,0.00000000,0,0.00000000,26753,26764,29,0.00202019
1773322520.26479626,0.02287024,6289,0.00022909,0.00000000,0,0.00000000,26764,26784,35,0.00103876
1773322520.36480403,0.02993742,6282,0.00041206,0.00000000,0,0.00000000,26784,26782,29,0.00129214
1773322520.46467614,0.02596540,6247,0.00019612,0.00000000,0,0.00000000,26782,26781,32,0.00139788
1773322520.56469941,0.02416843,6236,0.00040523,0.00000000,0,0.00000000,26781,26794,30,0.00165759
1773322520.66450024,0.02892467,6251,0.00045883,0.00000000,0,0.00000000,26794,26791,33,0.00157908
1773322520.76442075,0.02962308,6303,0.00067668,0.00000000,0,0.00000000,26791,26809,51,0.00104782
1773322520.86460972,0.02416556,6239,0.00009848,0.00000000,0,0.00000000,26809,26808,26,0.00161199
1773322520.96455407,0.01974961,6222,0.00030426,0.00000000,0,0.00000000,26808,26819,31,0.00263227
1773322521.06457758,0.02086478,6229,0.00050700,0.00000000,0,0.00000000,26819,26828,37,0.00156213
1773322521.16441822,0.03024622,6265,0.00030186,0.00000000,0,0.00000000,26828,26834,26,0.00088949
1773322521.26456976,0.02736773,6173,0.00034290,0.00000000,0,0.00000000,26834,26833,32,0.00191471
1773322521.36452913,0.01727023,6224,0.00010145,0.00000000,0,0.00000000,26833,26839,32,0.00166391
1773322521.46447182,0.01808377,6226,0.00017356,0.00000000,0,0.00000000,26839,26859,31,0.00305236
1773322521.56575274,0.02169223,6242,0.00052573,0.00000000,0,0.00000000,26859,26859,28,0.00252107
1773322521.66571403,0.01426801,6261,0.00013607,0.00000000,0,0.00000000,26859,26864,26,0.00166992
1773322521.76557088,0.03362716,6269,0.00039718,0.00000000,0,0.00000000,26864,26874,40,0.00087041
1773322521.86553931,0.02696545,6252,0.00022545,0.00000000,0,0.00000000,26874,26895,46,0.00153982
1773322521.96573925,0.02647058,6316,0.00044795,0.00000000,0,0.00000000,26895,26896,39,0.00199345
1773322522.06557178,0.03189490,6256,0.00034539,0.00000000,0,0.00000000,26896,26902,37,0.00138870
1773322522.16533995,0.04039914,6250,0.00024208,0.00000000,0,0.00000000,26902,26915,36,0.00234353
1773322522.26539373,0.03922950,6272,0.00029800,0.00000000,0,0.00000000,26915,26915,37,0.00213951
1773322522.36527061,0.02868323,6292,0.00022055,0.00000000,0,0.00000000,26915,26922,44,0.00276345
1773322522.46520662,0.01927410,6286,0.00015530,0.00000000,0,0.00000000,26922,26918,37,0.00135388
1773322522.56525826,0.02895218,6246,0.00040721,0.00000000,0,0.00000000,26918,26935,34,0.00160328
1773322522.66519451,0.03207356,6303,0.00021736,0.00000000,0,0.00000000,26935,26939,38,0.00389906
1773322522.76518083,0.03251843,6250,0.00071483,0.00000000,0,0.00000000,26939,26934,22,0.00305272
1773322522.86505604,0.01614375,6304,0.00018407,0.00000000,0,0.00000000,26934,26950,35,0.00175071
1773322522.96509647,0.02106596,6254,0.00019102,0.00000000,0,0.00000000,26950,26966,35,0.00248102
1773322523.06492901,0.02138196,6293,0.00042238,0.00000000,0,0.00000000,26966,26970,30,0.00257096
1773322523.16483116,0.03159654,6250,0.00036411,0.00000000,0,0.00000000,26970,26975,29,0.00133308
1773322523.26480532,0.03004632,6305,0.00015336,0.00000000,0,0.00000000,26975,26984,35,0.00129919
1773322523.36482763,0.02340997,6241,0.00016766,0.00000000,0,0.00000000,26984,26990,27,0.00081688
1773322523.46466494,0.01972232,6294,0.00042971,0.00000000,0,0.00000000,26990,26986,25,0.00317696
1773322523.56467628,0.02787487,6302,0.00014922,0.00000000,0,0.00000000,26986,27005,33,0.00117782
1773322523.66468191,0.02477401,6288,0.00015890,0.00000000,0,0.00000000,27005,27005,29,0.00078188
1773322523.76460743,0.02264516,6265,0.00054813,0.00000000,0,0.00000000,27005,27017,40,0.00167715
1773322523.86444402,0.02658819,6282,0.00009617,0.00000000,0,0.00000000,27017,27026,21,0.00092387
1773322523.96443772,0.02503665,6343,0.00056934,0.00000000,0,0.00000000,27026,27032,35,0.00079222
1773322524.06462526,0.02708407,6275,0.00017759,0.00000000,0,0.00000000,27032,27030,29,0.00166907
1773322524.16448522,0.02497848,6307,0.00047611,0.00000000,0,0.00000000,27030,27025,42,0.00125022
1773322524.26461601,0.01704881,6268,0.00018086,0.00000000,0,0.00000000,27025,26994,23,0.00079393
1773322524.36448598,0.01892433,6277,0.00042359,0.00000000,0,0.00000000,26994,27002,30,0.00184815
1773322524.46442270,0.03024260,6222,0.00048942,0.00000000,0,0.00000000,27002,27015,34,0.00356198
1773322524.56444407,0.02648243,6222,0.00049384,0.00000000,0,0.00000000,27015,27011,33,0.00126837
1773322524.66484618,0.03032950,6182,0.00035831,0.00000000,0,0.00000000,27011,27013,27,0.00153789
1773322524.76572251,0.02585327,6183,0.00016048,0.00000000,0,0.00000000,27013,27005,31,0.00084169
1773322524.86572671,0.02226360,6203,0.00033561,0.00000000,0,0.00000000,27005,27027,41,0.00229490
1773322524.96586370,0.02638035,6196,0.00037934,0.00000000,0,0.00000000,27027,27038,27,0.00210209
1773322525.06562924,0.02732780,6213,0.00013338,0.00000000,0,0.00000000,27038,27035,27,0.00219676
1773322525.16558623,0.02507189,6216,0.00039909,0.00000000,0,0.00000000,27035,27034,31,0.00274788
1773322525.26561427,0.03062945,6213,0.00043103,0.00000000,0,0.00000000,27034,27030,26,0.00240969
1773322525.36554027,0.03154624,6222,0.00022957,0.00000000,0,0.00000000,27030,27049,37,0.00159328
1773322525.46545315,0.02666771,6232,0.00041364,0.00000000,0,0.00000000,27049,27047,33,0.00134784
1773322525.56540298,0.02424237,6252,0.00036587,0.00000000,0,0.00000000,27047,27057,32,0.00137433
1773322525.66548705,0.02682275,6225,0.00015715,0.00000000,0,0.00000000,27057,27055,30,0.00162603
1773322525.76545143,0.03057217,6206,0.00013863,0.00000000,0,0.00000000,27055,27044,26,0.00283063
1773322525.86520123,0.01983084,6238,0.00023334,0.00000000,0,0.00000000,27044,27045,36,0.00145698
1773322525.96530843,0.02241331,6252,0.00040932,0.00000000,0,0.00000000,27045,27013,36,0.00424485
1773322526.06515765,0.03783384,6291,0.00018887,0.00000000,0,0.00000000,27013,26986,18,0.00286961
1773322526.16523027,0.03018934,6273,0.00015794,0.00000000,0,0.00000000,26986,26998,33,0.00197204
1773322526.26509309,0.02387580,6294,0.00063264,0.00000000,0,0.00000000,26998,27004,28,0.00085405
1773322526.36499453,0.02311543,6272,0.00034970,0.00000000,0,0.00000000,27004,27011,24,0.00149687
1773322526.46494079,0.03018931,6300,0.00015309,0.00000000,0,0.00000000,27011,27015,26,0.00257430
1773322526.56492329,0.02619645,6280,0.00038336,0.00000000,0,0.00000000,27015,27029,28,0.00277985
1773322526.66485596,0.03254055,6276,0.00096233,0.00000000,0,0.00000000,27029,27027,21,0.00214717
1773322526.76485205,0.03007071,6279,0.00050449,0.00000000,0,0.00000000,27027,27033,32,0.00084108
1773322526.86482668,0.02365196,6254,0.00022854,0.00000000,0,0.00000000,27033,27036,25,0.00117673
1773322526.96480727,0.02120949,6270,0.00029221,0.00000000,0,0.00000000,27036,27045,23,0.00276254
1773322527.06469536,0.02264514,6279,0.00010198,0.00000000,0,0.00000000,27045,27052,24,0.00157594
1773322527.16462350,0.03122303,6231,0.00021660,0.00000000,0,0.00000000,27052,27062,19,0.00090643
1773322527.26444316,0.02747352,6272,0.00033773,0.00000000,0,0.00000000,27062,27063,18,0.00160815
1773322527.36528063,0.01498175,6275,0.00010828,0.00000000,0,0.00000000,27063,27062,29,0.00198839
1773322527.46520567,0.01972852,6237,0.00015194,0.00000000,0,0.00000000,27062,27056,33,0.00265035
1773322527.56457806,0.02514729,6240,0.00036736,0.00000000,0,0.00000000,27056,27056,21,0.00199400
1773322527.66450262,0.02848678,6246,0.00037748,0.00000000,0,0.00000000,27056,27063,29,0.00119430
1773322527.76460862,0.02759101,6230,0.00018745,0.00000000,0,0.00000000,27063,27054,23,0.00103963
1773322527.86454678,0.02182977,6197,0.00037267,0.00000000,0,0.00000000,27054,27046,23,0.00092338
1773322527.96476889,0.02104870,6222,0.00052078,0.00000000,0,0.00000000,27046,27012,34,0.00299981
1773322528.06434083,0.02516704,6203,0.00039041,0.00000000,0,0.00000000,27012,27013,27,0.00146022
1773322528.16440320,0.02145377,6236,0.00023535,0.00000000,0,0.00000000,27013,27024,22,0.00170152
1773322528.26567173,0.01923369,6209,0.00015260,0.00000000,0,0.00000000,27024,27030,25,0.00167146
1773322528.36558557,0.02769585,6199,0.00033383,0.00000000,0,0.00000000,27030,27028,24,0.00159161
1773322528.46561503,0.02032918,6160,0.00026983,0.00000000,0,0.00000000,27028,27028,31,0.00134423
1773322528.56556129,0.02671781,6120,0.00010128,0.00000000,0,0.00000000,27028,27033,25,0.00275401
1773322528.66560745,0.01702204,6115,0.00013044,0.00000000,0,0.00000000,27033,27039,19,0.00104977
1773322528.76550198,0.01900880,6107,0.00016967,0.00000000,0,0.00000000,27039,27053,25,0.00115414
1773322528.86552930,0.01598523,6083,0.00009183,0.00000000,0,0.00000000,27053,27051,21,0.00139635
1773322528.96540999,0.02064324,6127,0.00028990,0.00000000,0,0.00000000,27051,27054,18,0.00088963
1773322529.06541967,0.02903386,6090,0.00079608,0.00000000,0,0.00000000,27054,27048,40,0.00121945
1773322529.16527677,0.01545394,6110,0.00010595,0.00000000,0,0.00000000,27048,27053,22,0.00272853
1773322529.26527977,0.02445803,6226,0.00041195,0.00000000,0,0.00000000,27053,27042,29,0.00131789
1773322529.36537123,0.02167026,6207,0.00019025,0.00000000,0,0.00000000,27042,27045,23,0.00134876
1773322529.46531534,0.02103644,6241,0.00052773,0.00000000,0,0.00000000,27045,27050,31,0.00162709
1773322529.56524944,0.02356274,6222,0.00048429,0.00000000,0,0.00000000,27050,27061,32,0.00170089
1773322529.66515422,0.02145289,6228,0.00011962,0.00000000,0,0.00000000,27061,27076,26,0.00131449
1773322529.76512551,0.02659673,6221,0.00032151,0.00000000,0,0.00000000,27076,27077,25,0.00163385
1773322529.86504054,0.02469481,6249,0.00014582,0.00000000,0,0.00000000,27077,27060,23,0.00112888
1773322529.96502948,0.02400045,6183,0.00012993,0.00000000,0,0.00000000,27060,27056,19,0.00137523
1773322530.06486154,0.02510125,6165,0.00049346,0.00000000,0,0.00000000,27056,27045,35,0.00274038
1773322530.16475320,0.01849610,6156,0.00013923,0.00000000,0,0.00000000,27045,27052,33,0.00119416
1773322530.26469922,0.02399478,6239,0.00049060,0.00000000,0,0.00000000,27052,27066,32,0.00269475
1773322530.36482024,0.01677336,6156,0.00008652,0.00000000,0,0.00000000,27066,27078,27,0.00161213
1773322530.46461177,0.02044400,6220,0.00039033,0.00000000,0,0.00000000,27078,27081,29,0.00357098
1773322530.56456590,0.02616997,6219,0.00025712,0.00000000,0,0.00000000,27081,27088,37,0.00320250
1773322530.66448307,0.02258254,6201,0.00073809,0.00000000,0,0.00000000,27088,27093,25,0.00191060
1773322530.76439238,0.02894192,6249,0.00040178,0.00000000,0,0.00000000,27093,27094,33,0.00085005
1773322530.86438513,0.03000423,6242,0.00011877,0.00000000,0,0.00000000,27094,27106,32,0.00087487
1773322530.96451664,0.02505602,6234,0.00009484,0.00000000,0,0.00000000,27106,27115,26,0.00161606
1773322531.06452227,0.02540213,6244,0.00036077,0.00000000,0,0.00000000,27115,27125,37,0.00305803
1773322531.16445947,0.02444264,6278,0.00040864,0.00000000,0,0.00000000,27125,27140,31,0.00108977
1773322531.26490211,0.02735868,6258,0.00031744,0.00000000,0,0.00000000,27140,27153,25,0.00139423
1773322531.36483574,0.02783548,6266,0.00040303,0.00000000,0,0.00000000,27153,27161,39,0.00287214
1773322531.46483755,0.03658603,6269,0.00015964,0.00000000,0,0.00000000,27161,27170,30,0.00084456
1773322531.56478596,0.03546640,6290,0.00015983,0.00000000,0,0.00000000,27170,27160,26,0.00151800
1773322531.66477728,0.02804661,6294,0.00039717,0.00000000,0,0.00000000,27160,27170,30,0.00149940
1773322531.76565218,0.02864218,6314,0.00019814,0.00000000,0,0.00000000,27170,27161,30,0.00154075
1773322531.86560178,0.01994373,6315,0.00015696,0.00000000,0,0.00000000,27161,27171,23,0.00089671
1773322531.96568513,0.02702392,6235,0.00008402,0.00000000,0,0.00000000,27171,27160,22,0.00194744
1773322532.06463003,0.02698264,6224,0.00041041,0.00000000,0,0.00000000,27160,27171,23,0.00095786
1773322532.16554070,0.02207995,6254,0.00025678,0.00000000,0,0.00000000,27171,27179,24,0.00191571
1773322532.26547813,0.02871572,6214,0.00009695,0.00000000,0,0.00000000,27179,27189,25,0.00087347
1773322532.36537719,0.02595774,6229,0.00014762,0.00000000,0,0.00000000,27189,27196,21,0.00137251
1773322532.46542025,0.02520268,6273,0.00023671,0.00000000,0,0.00000000,27196,27198,18,0.00277868
1773322532.56546068,0.02827575,6289,0.00008305,0.00000000,0,0.00000000,27198,27201,20,0.00169144
1773322532.66536236,0.02541831,6267,0.00012997,0.00000000,0,0.00000000,27201,27200,31,0.00156152
1773322532.76514482,0.02497336,6283,0.00042123,0.00000000,0,0.00000000,27200,27208,32,0.00225500
1773322532.86526918,0.02507079,6230,0.00031136,0.00000000,0,0.00000000,27208,27214,22,0.00090081
1773322532.96519852,0.02642838,6250,0.00012676,0.00000000,0,0.00000000,27214,27213,30,0.00261163
1773322533.06518173,0.02860850,6281,0.00009420,0.00000000,0,0.00000000,27213,27224,23,0.00231860
1773322533.16509962,0.02924774,6259,0.00024061,0.00000000,0,0.00000000,27224,27219,22,0.00086903
1773322533.26504469,0.02981138,6253,0.00031765,0.00000000,0,0.00000000,27219,27234,34,0.00143741
1773322533.36500311,0.02085210,6264,0.00012615,0.00000000,0,0.00000000,27234,27240,27,0.00264052
1773322533.46488833,0.01635379,6279,0.00014250,0.00000000,0,0.00000000,27240,27242,21,0.00175776
1773322533.56491709,0.03282825,6271,0.00011021,0.00000000,0,0.00000000,27242,27253,27,0.00111215
1773322533.66487646,0.03105105,6246,0.00044260,0.00000000,0,0.00000000,27253,27243,35,0.00175701
1773322533.76483774,0.02684605,6263,0.00029178,0.00000000,0,0.00000000,27243,27256,33,0.00113679
1773322533.86480188,0.03768873,6290,0.00041356,0.00000000,0,0.00000000,27256,27260,23,0.00079252
1773322533.96472430,0.03273974,6248,0.00046687,0.00000000,0,0.00000000,27260,27254,27,0.00208530
1773322534.06475329,0.02560190,6256,0.00012984,0.00000000,0,0.00000000,27254,27253,38,0.00198522
1773322534.16452193,0.03276474,6296,0.00040985,0.00000000,0,0.00000000,27253,27246,33,0.00171225
1773322534.26443863,0.03074600,6299,0.00014862,0.00000000,0,0.00000000,27246,27253,29,0.00140702
1773322534.36460376,0.03207264,6321,0.00041294,0.00000000,0,0.00000000,27253,27266,32,0.00168301
1773322534.46460724,0.02743848,6273,0.00060366,0.00000000,0,0.00000000,27266,27272,33,0.00295854
1773322534.56454325,0.02577381,6288,0.00035493,0.00000000,0,0.00000000,27272,27254,29,0.00107718
1773322534.66447282,0.03279664,6269,0.00033554,0.00000000,0,0.00000000,27254,27252,35,0.00149492
1773322534.76442194,0.02886057,6298,0.00031990,0.00000000,0,0.00000000,27252,27254,32,0.00174987
1773322534.86494613,0.01823727,6267,0.00028335,0.00000000,0,0.00000000,27254,27267,42,0.00151836
1773322534.96481538,0.02007254,6294,0.00017544,0.00000000,0,0.00000000,27267,27280,45,0.00257913
1773322535.06484056,0.03573214,6309,0.00046498,0.00000000,0,0.00000000,27280,27276,27,0.00283421
1773322535.16475010,0.03514394,6281,0.00071867,0.00000000,0,0.00000000,27276,27265,35,0.00161070
1773322535.26475406,0.02918714,6327,0.00014628,0.00000000,0,0.00000000,27265,27274,29,0.00093714
1773322535.36474323,0.03071080,6314,0.00035467,0.00000000,0,0.00000000,27274,27278,37,0.00092110
1773322535.46572518,0.03155814,6293,0.00039984,0.00000000,0,0.00000000,27278,27282,32,0.00190855
1773322535.56472898,0.03234083,6308,0.00013992,0.00000000,0,0.00000000,27282,27287,30,0.00141204
1773322535.66559887,0.02861844,6288,0.00010005,0.00000000,0,0.00000000,27287,27294,26,0.00109466
1773322535.76458001,0.02599176,6272,0.00048698,0.00000000,0,0.00000000,27294,27276,35,0.00283864
1773322535.86455035,0.03590143,6281,0.00019389,0.00000000,0,0.00000000,27276,27269,27,0.00115463
1773322535.96551824,0.03269585,6280,0.00011100,0.00000000,0,0.00000000,27269,27279,31,0.00148911
1773322536.06541395,0.03872536,6304,0.00018959,0.00000000,0,0.00000000,27279,27277,42,0.00177827
1773322536.16544461,0.03147120,6312,0.00061866,0.00000000,0,0.00000000,27277,27253,35,0.00165181
1773322536.26550293,0.03232761,6271,0.00021001,0.00000000,0,0.00000000,27253,27253,35,0.00184704
1773322536.36551189,0.02150105,6291,0.00019531,0.00000000,0,0.00000000,27253,27235,51,0.00206326
1773322536.46540856,0.03473795,6296,0.00040418,0.00000000,0,0.00000000,27235,27217,37,0.00289423
1773322536.56539822,0.03229464,6292,0.00024588,0.00000000,0,0.00000000,27217,27228,32,0.00287865
1773322536.66537333,0.02501479,6275,0.00020085,0.00000000,0,0.00000000,27228,27232,28,0.00194065
1773322536.76533008,0.03838683,6215,0.00042113,0.00000000,0,0.00000000,27232,27238,33,0.00088326
1773322536.86519313,0.03320151,6240,0.00016053,0.00000000,0,0.00000000,27238,27251,36,0.00099184
1773322536.96509767,0.03155471,6238,0.00033690,0.00000000,0,0.00000000,27251,27254,31,0.00255910
1773322537.06518531,0.03590904,6241,0.00015732,0.00000000,0,0.00000000,27254,27266,36,0.00125025
1773322537.16513348,0.03654791,6213,0.00045459,0.00000000,0,0.00000000,27266,27266,30,0.00085644
1773322537.26491857,0.03320187,6218,0.00041804,0.00000000,0,0.00000000,27266,27279,32,0.00137198
1773322537.36487651,0.03882493,6214,0.00021238,0.00000000,0,0.00000000,27279,27277,31,0.00206289
1773322537.46505570,0.03362584,6254,0.00034841,0.00000000,0,0.00000000,27277,27273,28,0.00090351
1773322537.56483769,0.03562682,6208,0.00018232,0.00000000,0,0.00000000,27273,27292,39,0.00096270
1773322537.66482425,0.03528299,6190,0.00039065,0.00000000,0,0.00000000,27292,27300,24,0.00168254
1773322537.76479483,0.02837435,6156,0.00027410,0.00000000,0,0.00000000,27300,27311,35,0.00085301
1773322537.86467862,0.02290454,6195,0.00016210,0.00000000,0,0.00000000,27311,27319,35,0.00224412
1773322537.96462655,0.03349349,6194,0.00034677,0.00000000,0,0.00000000,27319,27326,30,0.00263123
1773322538.06461239,0.03292520,6217,0.00041332,0.00000000,0,0.00000000,27326,27343,42,0.00107222
1773322538.16446257,0.03115193,6210,0.00206158,0.00000000,0,0.00000000,27343,27164,51,0.00217841
1773322538.26437974,0.04324808,6251,0.00022879,0.00000000,0,0.00000000,27164,27169,39,0.00084176
1773322538.36455083,0.04096104,6197,0.00028093,0.00000000,0,0.00000000,27169,27178,44,0.00260034
1773322538.46452761,0.02958650,6189,0.00024870,0.00000000,0,0.00000000,27178,27187,42,0.00117572
1773322538.56454730,0.02923510,6228,0.00053663,0.00000000,0,0.00000000,27187,27201,51,0.00108871
1773322538.66455531,0.03203535,6205,0.00059574,0.00000000,0,0.00000000,27201,27211,49,0.00083986
1773322538.76457691,0.03509788,6195,0.00062168,0.00000000,0,0.00000000,27211,27202,46,0.00206635
1773322538.86452341,0.03535570,6208,0.00021567,0.00000000,0,0.00000000,27202,27239,56,0.00273123
1773322538.96465802,0.03236107,6208,0.00036811,0.00000000,0,0.00000000,27239,27240,55,0.00128150
1773322539.06453967,0.03700445,6222,0.00043452,0.00000000,0,0.00000000,27240,27234,48,0.00178303
1773322539.16561103,0.03978887,6257,0.00066116,0.00000000,0,0.00000000,27234,27237,55,0.00089379
1773322539.26570845,0.04233899,6176,0.00027681,0.00000000,0,0.00000000,27237,27251,64,0.00264245
1773322539.36565566,0.02519949,6199,0.00030407,0.00000000,0,0.00000000,27251,27277,54,0.00152326
1773322539.46546578,0.02276792,5866,0.00027124,0.00000000,0,0.00000000,27277,27293,60,0.00238748
1773322539.55970788,0.03674627,6577,0.00060565,0.00000000,0,0.00000000,27293,27309,62,0.00159729
1773322539.66559863,0.03361134,6207,0.00061413,0.00000000,0,0.00000000,27309,27279,47,0.00174508
1773322539.76540780,0.02812274,6224,0.00049907,0.00000000,0,0.00000000,27279,27294,39,0.00102699
1773322539.86539674,0.03811993,6258,0.00056999,0.00000000,0,0.00000000,27294,27328,55,0.00072697
1773322539.96534443,0.03815036,6224,0.00020982,0.00000000,0,0.00000000,27328,27336,53,0.00306017
1773322540.06530428,0.03563981,6222,0.00026584,0.00000000,0,0.00000000,27336,27328,48,0.00270134
1773322540.16530442,0.03360790,6214,0.00070403,0.00000000,0,0.00000000,27328,27352,58,0.00182336
1773322540.26533031,0.03828425,6253,0.00081620,0.00000000,0,0.00000000,27352,27350,55,0.00080683
1773322540.36519814,0.03475211,6234,0.00030323,0.00000000,0,0.00000000,27350,27365,55,0.00097354
1773322540.46520567,0.03027689,6178,0.00023662,0.00000000,0,0.00000000,27365,27393,43,0.00206954
1773322540.56497931,0.03950612,6227,0.00089323,0.00000000,0,0.00000000,27393,27394,80,0.00154401
1773322540.66520929,0.03938731,6175,0.00025406,0.00000000,0,0.00000000,27394,27423,68,0.00082076
1773322540.76500082,0.04227553,6155,0.00029352,0.00000000,0,0.00000000,27423,27433,65,0.00139400
1773322540.86484909,0.02613405,6247,0.00025598,0.00000000,0,0.00000000,27433,27416,54,0.00201012
1773322540.96487403,0.02388910,6241,0.00026545,0.00000000,0,0.00000000,27416,27385,46,0.00309364
1773322541.06488919,0.04944033,6219,0.00113836,0.00000000,0,0.00000000,27385,27411,62,0.00208461
1773322541.16481090,0.03048352,6213,0.00049431,0.00000000,0,0.00000000,27411,27412,45,0.00103235
1773322541.26470113,0.03325215,6201,0.00054418,0.00000000,0,0.00000000,27412,27429,43,0.00103073
1773322541.36467528,0.04095118,6230,0.00079002,0.00000000,0,0.00000000,27429,27407,49,0.00085037
1773322541.46461535,0.03812456,6199,0.00118672,0.00000000,0,0.00000000,27407,27210,64,0.00281149
1773322541.56463909,0.03160009,6217,0.00066631,0.00000000,0,0.00000000,27210,27216,47,0.00285160
1773322541.66446877,0.02780179,6228,0.00053290,0.00000000,0,0.00000000,27216,27198,69,0.00199765
1773322541.76444149,0.04060252,6250,0.00027851,0.00000000,0,0.00000000,27198,27193,56,0.00186115
1773322541.86446285,0.03536393,6225,0.00039435,0.00000000,0,0.00000000,27193,27175,59,0.00250778
1773322541.96437716,0.03602647,6260,0.00055314,0.00000000,0,0.00000000,27175,27194,51,0.00172147
1773322542.06453395,0.03811252,6200,0.00056674,0.00000000,0,0.00000000,27194,27191,37,0.00097594
1773322542.16429448,0.03359353,6269,0.00058008,0.00000000,0,0.00000000,27191,27194,54,0.00287601
1773322542.26455879,0.03957745,6244,0.00028385,0.00000000,0,0.00000000,27194,27172,58,0.00219975
1773322542.36475158,0.02909448,6234,0.00019624,0.00000000,0,0.00000000,27172,27197,60,0.00164528
1773322542.46476674,0.02537343,6174,0.00020389,0.00000000,0,0.00000000,27197,27218,55,0.00206038
1773322542.56439495,0.03174345,6283,0.00068529,0.00000000,0,0.00000000,27218,27240,47,0.00291068
1773322542.66562080,0.03209896,6235,0.00031054,0.00000000,0,0.00000000,27240,27255,47,0.00107592
1773322542.76558352,0.03300317,6217,0.00056493,0.00000000,0,0.00000000,27255,27275,45,0.00100846
1773322542.86559677,0.03623915,6203,0.00152129,0.00000000,0,0.00000000,27275,27287,39,0.00204732
1773322542.96545768,0.03525414,6213,0.00037517,0.00000000,0,0.00000000,27287,27267,44,0.00089749
1773322543.06548905,0.03420983,6238,0.00035279,0.00000000,0,0.00000000,27267,27282,41,0.00175962
1773322543.16545153,0.04240014,6261,0.00052143,0.00000000,0,0.00000000,27282,27312,42,0.00206518
1773322543.26548100,0.04535853,6247,0.00052592,0.00000000,0,0.00000000,27312,27317,41,0.00106549
1773322543.36554408,0.04716069,6220,0.00126710,0.00000000,0,0.00000000,27317,27318,43,0.00183329
1773322543.46545553,0.04087527,6246,0.00056590,0.00000000,0,0.00000000,27318,27324,49,0.00312591
1773322543.56543493,0.03393906,6252,0.00014050,0.00000000,0,0.00000000,27324,27340,39,0.00250597
1773322543.66538191,0.03528403,6255,0.00070497,0.00000000,0,0.00000000,27340,27362,46,0.00464769
1773322543.76540089,0.02786395,6214,0.00090549,0.00000000,0,0.00000000,27362,27373,41,0.00295990
1773322543.86516905,0.02808327,6223,0.00022750,0.00000000,0,0.00000000,27373,27364,38,0.00350153
1773322543.96518207,0.02758622,6222,0.00027908,0.00000000,0,0.00000000,27364,27377,48,0.00338507
1773322544.06519866,0.04256104,6203,0.00025028,0.00000000,0,0.00000000,27377,27376,47,0.00074574
1773322544.16503143,0.03525169,6266,0.00079703,0.00000000,0,0.00000000,27376,27374,50,0.00263621
1773322544.26501775,0.03602068,6256,0.00048436,0.00000000,0,0.00000000,27374,27407,55,0.00123729
1773322544.36496925,0.04130808,6238,0.00055406,0.00000000,0,0.00000000,27407,27390,53,0.00129857
1773322544.46491480,0.03718945,6263,0.00102357,0.00000000,0,0.00000000,27390,27394,58,0.00219671
1773322544.56492901,0.03408735,6257,0.00019282,0.00000000,0,0.00000000,27394,27393,39,0.00374155
1773322544.66484904,0.03397403,6288,0.00030149,0.00000000,0,0.00000000,27393,27409,38,0.00421025
1773322544.76482677,0.03223830,6280,0.00046718,0.00000000,0,0.00000000,27409,27415,30,0.00402666
1773322544.86483765,0.03140739,6241,0.00034594,0.00000000,0,0.00000000,27415,27418,42,0.00320292
1773322544.96473289,0.03505039,6220,0.00057080,0.00000000,0,0.00000000,27418,27417,48,0.00345513
1773322545.06452990,0.04281688,6291,0.00052315,0.00000000,0,0.00000000,27417,27437,46,0.00207418
1773322545.16466212,0.04294463,6263,0.00016516,0.00000000,0,0.00000000,27437,27441,38,0.00241167
1773322545.26444054,0.03034000,6281,0.00050612,0.00000000,0,0.00000000,27441,27446,35,0.00244643
1773322545.36437631,0.06611799,6275,0.00025343,0.00000000,0,0.00000000,27446,27460,33,0.00151343
1773322545.46458101,0.05557576,6248,0.00059437,0.00000000,0,0.00000000,27460,27455,44,0.00367567
1773322545.56452584,0.03573879,6283,0.00025319,0.00000000,0,0.00000000,27455,27453,41,0.00300471
1773322545.66449046,0.03532690,6266,0.00023407,0.00000000,0,0.00000000,27453,27455,40,0.00101072
1773322545.76449180,0.05803491,6258,0.00074778,0.00000000,0,0.00000000,27455,27472,49,0.00156419
1773322545.86441803,0.07754465,6240,0.00038044,0.00000000,0,0.00000000,27472,27491,39,0.00127282
1773322545.96440864,0.08179856,6303,0.00069875,0.00000000,0,0.00000000,27491,27467,38,0.00126694
1773322546.06483650,0.04509267,6274,0.00041353,0.00000000,0,0.00000000,27467,27483,32,0.00372194
1773322546.16477108,0.03754247,6275,0.00030439,0.00000000,0,0.00000000,27483,27451,33,0.00547318
1773322546.26473761,0.05991827,6269,0.00038640,0.00000000,0,0.00000000,27451,27449,43,0.00310094
1773322546.36564016,0.03485763,6252,0.00057987,0.00000000,0,0.00000000,27449,27452,44,0.00610944
1773322546.46571827,0.03795505,6238,0.00018496,0.00000000,0,0.00000000,27452,27467,39,0.00589426
1773322546.56573415,0.03505087,6195,0.00055713,0.00000000,0,0.00000000,27467,27471,50,0.00329893
1773322546.66554904,0.03822359,6229,0.00048472,0.00000000,0,0.00000000,27471,27484,39,0.00199253
1773322546.76543951,0.03108085,6261,0.00048511,0.00000000,0,0.00000000,27484,27494,40,0.00120143
1773322546.86549282,0.03543610,6252,0.00036023,0.00000000,0,0.00000000,27494,27495,32,0.00336858
1773322546.96548343,0.03005352,6219,0.00033370,0.00000000,0,0.00000000,27495,27483,24,0.00320994
1773322547.06550121,0.02491994,6213,0.00026267,0.00000000,0,0.00000000,27483,27499,45,0.00288980
1773322547.16539145,0.02896540,6218,0.00022499,0.00000000,0,0.00000000,27499,27492,46,0.00159458
1773322547.26538730,0.04352004,6222,0.00055695,0.00000000,0,0.00000000,27492,27504,41,0.00147470
1773322547.36531091,0.04528191,6209,0.00029545,0.00000000,0,0.00000000,27504,27500,39,0.00386795
1773322547.46532893,0.04681516,6199,0.00042988,0.00000000,0,0.00000000,27500,27510,31,0.00294245
1773322547.56523776,0.04521222,6199,0.00055025,0.00000000,0,0.00000000,27510,27511,35,0.00212346
1773322547.66515851,0.04389602,6210,0.00044817,0.00000000,0,0.00000000,27511,27530,32,0.00147259
1773322547.76524663,0.04256075,6214,0.00040735,0.00000000,0,0.00000000,27530,27538,31,0.00314517
1773322547.86512470,0.04083025,6150,0.00062886,0.00000000,0,0.00000000,27538,27525,43,0.00380660
1773322547.96499276,0.03989042,6217,0.00043569,0.00000000,0,0.00000000,27525,27529,31,0.00265990
1773322548.06524777,0.05263765,6158,0.00046673,0.00000000,0,0.00000000,27529,27548,34,0.00309301
1773322548.16494441,0.05000610,6194,0.00038792,0.00000000,0,0.00000000,27548,27565,39,0.00169760
1773322548.26491499,0.04798848,6162,0.00051700,0.00000000,0,0.00000000,27565,27578,29,0.00344563
1773322548.36488771,0.03488144,6187,0.00051438,0.00000000,0,0.00000000,27578,27584,40,0.00272153
1773322548.46489000,0.02617446,6187,0.00011401,0.00000000,0,0.00000000,27584,27584,24,0.00381813
1773322548.56482387,0.02216591,6145,0.00007086,0.00000000,0,0.00000000,27584,27593,25,0.00291031
1773322548.66462064,0.03839818,6213,0.00061800,0.00000000,0,0.00000000,27593,27600,46,0.00128981
1773322548.76459265,0.03713185,6214,0.00016973,0.00000000,0,0.00000000,27600,27602,28,0.00100606
1773322548.86467910,0.03912701,6217,0.00038909,0.00000000,0,0.00000000,27602,27609,36,0.00155027
1773322548.96446609,0.03315896,6239,0.00042932,0.00000000,0,0.00000000,27609,27615,34,0.00146999
1773322549.06443214,0.04122041,6224,0.00049836,0.00000000,0,0.00000000,27615,27623,38,0.00162883
1773322549.16443038,0.03830969,6249,0.00072888,0.00000000,0,0.00000000,27623,27639,57,0.00249171
1773322549.26440525,0.03071589,6229,0.00046181,0.00000000,0,0.00000000,27639,27646,32,0.00248025
1773322549.36438966,0.03626533,6239,0.00049898,0.00000000,0,0.00000000,27646,27643,33,0.00264534
1773322549.46456409,0.02891839,6232,0.00044554,0.00000000,0,0.00000000,27643,27652,36,0.00134735
1773322549.56452990,0.04030506,6200,0.00013164,0.00000000,0,0.00000000,27652,27666,30,0.00263675
1773322549.66451550,0.02281634,6213,0.00014551,0.00000000,0,0.00000000,27666,27671,32,0.00331042
1773322549.76476645,0.03234751,6262,0.00052674,0.00000000,0,0.00000000,27671,27636,34,0.00268408
1773322549.86476421,0.03260842,6171,0.00018269,0.00000000,0,0.00000000,27636,27641,34,0.00320038
1773322549.96432400,0.02139527,6307,0.00011896,0.00000000,0,0.00000000,27641,27653,31,0.00201305
1773322550.06488919,0.02394920,6245,0.00035962,0.00000000,0,0.00000000,27653,27649,32,0.00143150
1773322550.16560578,0.03869726,6264,0.00050092,0.00000000,0,0.00000000,27649,27657,34,0.00156060
1773322550.26555753,0.03417834,6239,0.00036212,0.00000000,0,0.00000000,27657,27664,27,0.00353589
1773322550.36568880,0.03571334,6228,0.00038234,0.00000000,0,0.00000000,27664,27672,24,0.00297019
1773322550.46556330,0.03775361,6230,0.00038980,0.00000000,0,0.00000000,27672,27666,29,0.00120345
1773322550.56558180,0.04608766,6203,0.00055957,0.00000000,0,0.00000000,27666,27655,29,0.00237027
1773322550.66446447,0.03634740,6270,0.00034545,0.00000000,0,0.00000000,27655,27665,36,0.00390690
1773322550.76522946,0.03765429,6237,0.00028883,0.00000000,0,0.00000000,27665,27683,38,0.00231108
1773322550.86442256,0.04148290,6280,0.00044431,0.00000000,0,0.00000000,27683,27692,38,0.00476794
1773322550.96533370,0.03461431,6257,0.00025061,0.00000000,0,0.00000000,27692,27707,33,0.00439830
1773322551.06535816,0.04083841,6261,0.00033209,0.00000000,0,0.00000000,27707,27704,33,0.00199125
1773322551.16537523,0.03450785,6286,0.00037699,0.00000000,0,0.00000000,27704,27700,40,0.00312858
1773322551.26529098,0.04180504,6239,0.00040763,0.00000000,0,0.00000000,27700,27687,24,0.00231477
1773322551.36523700,0.02312003,6241,0.00021953,0.00000000,0,0.00000000,27687,27694,34,0.00211375
1773322551.46517134,0.02250876,6219,0.00010465,0.00000000,0,0.00000000,27694,27692,26,0.00289262
1773322551.56509876,0.02410496,6216,0.00040054,0.00000000,0,0.00000000,27692,27699,31,0.00196094
1773322551.66495037,0.04423060,6251,0.00052591,0.00000000,0,0.00000000,27699,27697,36,0.00272731
1773322551.76508284,0.03867996,6267,0.00046478,0.00000000,0,0.00000000,27697,27714,41,0.00091003
1773322551.86505198,0.03828034,6215,0.00050901,0.00000000,0,0.00000000,27714,27710,30,0.00140875
1773322551.96493721,0.03812777,6246,0.00050802,0.00000000,0,0.00000000,27710,27716,47,0.00130436
1773322552.06489968,0.03372931,6256,0.00011108,0.00000000,0,0.00000000,27716,27724,24,0.00156870
1773322552.16491342,0.04180182,6253,0.00059902,0.00000000,0,0.00000000,27724,27745,41,0.00281007
1773322552.26483560,0.03944391,6218,0.00022931,0.00000000,0,0.00000000,27745,27734,43,0.00314776
1773322552.36461163,0.03741848,6269,0.00056989,0.00000000,0,0.00000000,27734,27709,31,0.00255007
1773322552.46459436,0.04125128,6248,0.00030437,0.00000000,0,0.00000000,27709,27719,28,0.00311418
1773322552.56456637,0.04119698,6284,0.00073528,0.00000000,0,0.00000000,27719,27713,37,0.00290123
1773322552.66460609,0.02687907,6232,0.00021053,0.00000000,0,0.00000000,27713,27727,37,0.00347541
1773322552.76455855,0.03708343,6265,0.00023765,0.00000000,0,0.00000000,27727,27738,37,0.00390954
1773322552.86443281,0.02668782,6239,0.00012806,0.00000000,0,0.00000000,27738,27732,30,0.00408478
1773322552.96447182,0.02263490,6258,0.00010034,0.00000000,0,0.00000000,27732,27745,26,0.00157771
1773322553.06443286,0.03619920,6279,0.00012432,0.00000000,0,0.00000000,27745,27756,28,0.00237398
1773322553.16457891,0.03303714,6258,0.00038017,0.00000000,0,0.00000000,27756,27770,28,0.00121589
1773322553.26487732,0.02718843,6241,0.00012075,0.00000000,0,0.00000000,27770,27779,24,0.00091227
1773322553.36485052,0.03362624,6267,0.00030466,0.00000000,0,0.00000000,27779,27779,27,0.00156758
1773322553.46478772,0.03311947,6297,0.00043412,0.00000000,0,0.00000000,27779,27780,23,0.00174387
1773322553.56484818,0.02222041,6261,0.00019812,0.00000000,0,0.00000000,27780,27761,32,0.00291940
1773322553.66491508,0.03386855,6246,0.00071470,0.00000000,0,0.00000000,27761,27745,34,0.00362284
1773322553.76594114,0.03356024,6258,0.00049422,0.00000000,0,0.00000000,27745,27753,29,0.00113863
1773322553.86593556,0.03700477,6281,0.00047693,0.00000000,0,0.00000000,27753,27757,33,0.00119151
1773322553.96594739,0.03123985,6235,0.00029862,0.00000000,0,0.00000000,27757,27745,27,0.00220818
1773322554.06590152,0.02902010,6249,0.00063381,0.00000000,0,0.00000000,27745,27746,37,0.00299303
1773322554.16586518,0.02941007,6268,0.00030593,0.00000000,0,0.00000000,27746,27744,37,0.00205893
1773322554.26586795,0.01653656,6250,0.00020127,0.00000000,0,0.00000000,27744,27763,41,0.00356522
1773322554.36450028,0.03147520,6266,0.00078949,0.00000000,0,0.00000000,27763,27735,24,0.00375121
1773322554.46446538,0.01717292,6236,0.00037880,0.00000000,0,0.00000000,27735,27750,39,0.00574557
1773322554.56442070,0.02302147,6233,0.00027634,0.00000000,0,0.00000000,27750,27762,54,0.00311360
1773322554.66567135,0.02631772,6234,0.00048888,0.00000000,0,0.00000000,27762,27772,42,0.00098923
1773322554.76562810,0.03310457,6212,0.00040142,0.00000000,0,0.00000000,27772,27785,32,0.00278482
1773322554.86559081,0.03015749,6214,0.00038660,0.00000000,0,0.00000000,27785,27794,34,0.00106262
1773322554.96553564,0.03816587,6197,0.00053399,0.00000000,0,0.00000000,27794,27813,35,0.00120322
1773322555.06556201,0.03491290,6270,0.00032446,0.00000000,0,0.00000000,27813,27823,22,0.00211554
1773322555.16547585,0.02983752,6213,0.00019079,0.00000000,0,0.00000000,27823,27830,26,0.00135815
1773322555.26547670,0.02429803,6226,0.00020394,0.00000000,0,0.00000000,27830,27831,39,0.00205217
1773322555.36545181,0.03006768,6185,0.00040983,0.00000000,0,0.00000000,27831,27833,31,0.00214925
1773322555.46528196,0.02921046,6204,0.00038514,0.00000000,0,0.00000000,27833,27848,35,0.00192111
1773322555.56519270,0.02766003,6190,0.00034351,0.00000000,0,0.00000000,27848,27847,29,0.00203243
1773322555.66520190,0.03562271,6230,0.00019404,0.00000000,0,0.00000000,27847,27853,30,0.00339005
1773322555.76512980,0.02005258,6256,0.00026933,0.00000000,0,0.00000000,27853,27843,33,0.00480166
1773322555.86512589,0.02132809,6184,0.00015245,0.00000000,0,0.00000000,27843,27824,33,0.00223152
1773322555.96506119,0.01521357,6220,0.00015828,0.00000000,0,0.00000000,27824,27823,31,0.00209775
1773322556.06504750,0.02291183,6173,0.00024360,0.00000000,0,0.00000000,27823,27830,24,0.00255992
1773322556.16496325,0.03438843,6217,0.00021590,0.00000000,0,0.00000000,27830,27821,31,0.00168494
1773322556.26494527,0.03065297,6177,0.00033444,0.00000000,0,0.00000000,27821,27837,34,0.00102120
1773322556.36476994,0.02328686,6215,0.00038814,0.00000000,0,0.00000000,27837,27837,26,0.00164700
1773322556.46474934,0.03428682,6184,0.00025899,0.00000000,0,0.00000000,27837,27843,21,0.00109654
1773322556.56469512,0.03297054,6223,0.00047712,0.00000000,0,0.00000000,27843,27851,25,0.00279057
1773322556.66466594,0.03133277,6176,0.00063730,0.00000000,0,0.00000000,27851,27823,37,0.00285308
1773322556.76464224,0.02902754,6204,0.00034661,0.00000000,0,0.00000000,27823,27822,27,0.00255579
1773322556.86466074,0.03625415,6186,0.00048183,0.00000000,0,0.00000000,27822,27830,27,0.00177946
1773322556.96457314,0.03862045,6221,0.00031177,0.00000000,0,0.00000000,27830,27840,29,0.00198991
1773322557.06450129,0.03498002,6195,0.00011559,0.00000000,0,0.00000000,27840,27845,24,0.00296379
1773322557.16446304,0.03041764,6231,0.00048689,0.00000000,0,0.00000000,27845,27851,31,0.00341679
1773322557.26444364,0.03178588,6222,0.00020087,0.00000000,0,0.00000000,27851,27824,19,0.00142831
1773322557.36460519,0.02164498,6168,0.00022199,0.00000000,0,0.00000000,27824,27833,27,0.00196503
1773322557.46455908,0.01782721,6117,0.00018180,0.00000000,0,0.00000000,27833,27854,37,0.00247483
1773322557.56449533,0.03569970,6090,0.00042805,0.00000000,0,0.00000000,27854,27852,34,0.00107489
1773322557.66483378,0.03236411,6040,0.00070549,0.00000000,0,0.00000000,27852,27861,31,0.00268163
1773322557.76461458,0.03301727,6061,0.00014169,0.00000000,0,0.00000000,27861,27877,32,0.00118720
1773322557.86617064,0.03273867,6004,0.00013478,0.00000000,0,0.00000000,27877,27891,30,0.00174915
1773322557.96465802,0.02300876,5965,0.00047228,0.00000000,0,0.00000000,27891,27889,31,0.00230995
1773322558.06462836,0.02543364,5953,0.00058045,0.00000000,0,0.00000000,27889,27893,37,0.00236577
1773322558.16464400,0.02937068,5929,0.00055339,0.00000000,0,0.00000000,27893,27882,33,0.00334737
1773322558.26467609,0.02856750,5974,0.00016198,0.00000000,0,0.00000000,27882,27885,40,0.00202664
1773322558.36457753,0.02824519,6007,0.00026444,0.00000000,0,0.00000000,27885,27891,40,0.00255608
1773322558.46456099,0.02587058,6053,0.00008071,0.00000000,0,0.00000000,27891,27901,21,0.00088029
1773322558.56446791,0.02816625,6013,0.00028945,0.00000000,0,0.00000000,27901,27908,22,0.00158389
1773322558.66463208,0.03390112,6052,0.00061165,0.00000000,0,0.00000000,27908,27915,34,0.00280971
1773322558.76453757,0.02842837,6059,0.00030847,0.00000000,0,0.00000000,27915,27924,26,0.00263547
1773322558.86455011,0.02461681,6083,0.00022719,0.00000000,0,0.00000000,27924,27932,26,0.00174778
1773322558.96521044,0.02068840,6036,0.00007044,0.00000000,0,0.00000000,27932,27940,16,0.00311522
1773322559.06508565,0.02815324,6040,0.00037056,0.00000000,0,0.00000000,27940,27952,25,0.00265064
1773322559.16505361,0.02368580,5997,0.00030619,0.00000000,0,0.00000000,27952,27941,22,0.00161787
1773322559.26502895,0.02003481,6025,0.00028909,0.00000000,0,0.00000000,27941,27931,18,0.00178287
1773322559.36503530,0.03286468,6010,0.00011210,0.00000000,0,0.00000000,27931,27940,22,0.00135674
1773322559.46505618,0.02558502,5940,0.00014623,0.00000000,0,0.00000000,27940,27931,22,0.00327699
1773322559.56484652,0.02225449,5945,0.00030304,0.00000000,0,0.00000000,27931,27933,27,0.00389277
1773322559.66490388,0.02636661,5865,0.00052749,0.00000000,0,0.00000000,27933,27912,27,0.00344277
1773322559.76480031,0.02924878,5839,0.00048671,0.00000000,0,0.00000000,27912,27925,39,0.00441239
1773322559.86470604,0.02908575,5895,0.00035017,0.00000000,0,0.00000000,27925,27924,40,0.00302275
1773322559.96462369,0.02597167,6040,0.00034719,0.00000000,0,0.00000000,27924,27926,32,0.00277248
1773322560.06470919,0.02567424,6056,0.00063473,0.00000000,0,0.00000000,27926,27920,46,0.00265331
1773322560.16470885,0.03265955,6148,0.00032140,0.00000000,0,0.00000000,27920,27927,29,0.00296594
1773322560.26446891,0.02125843,6256,0.00010703,0.00000000,0,0.00000000,27927,27934,35,0.00363684
1773322560.36442780,0.03439998,6248,0.00012669,0.00000000,0,0.00000000,27934,27951,33,0.00455183
1773322560.46510458,0.01911020,6248,0.00008638,0.00000000,0,0.00000000,27951,27962,24,0.00295778
1773322560.56500888,0.01949236,6228,0.00024393,0.00000000,0,0.00000000,27962,27970,32,0.00306416
1773322560.66505384,0.03648504,6256,0.00039711,0.00000000,0,0.00000000,27970,27974,35,0.00223660
1773322560.76504064,0.03032148,6257,0.00018587,0.00000000,0,0.00000000,27974,27989,29,0.00292100
1773322560.86503816,0.02552653,6271,0.00035290,0.00000000,0,0.00000000,27989,28000,29,0.00131030
1773322560.96485376,0.02474796,6320,0.00036718,0.00000000,0,0.00000000,28000,28005,31,0.00135098
1773322561.06498671,0.03790728,6232,0.00042225,0.00000000,0,0.00000000,28005,28004,28,0.00332926
1773322561.16491246,0.03781313,6292,0.00019001,0.00000000,0,0.00000000,28004,27996,32,0.00378317
1773322561.26487327,0.03211517,6282,0.00017899,0.00000000,0,0.00000000,27996,28005,37,0.00296836
1773322561.36482143,0.02866887,6266,0.00031959,0.00000000,0,0.00000000,28005,28015,30,0.00132401
1773322561.46484113,0.02535815,6240,0.00027400,0.00000000,0,0.00000000,28015,28023,24,0.00164926
1773322561.56477547,0.03183611,6313,0.00037738,0.00000000,0,0.00000000,28023,28031,26,0.00327887
1773322561.66476417,0.03903823,6294,0.00013034,0.00000000,0,0.00000000,28031,28033,28,0.00313701
1773322561.76480126,0.03663820,6260,0.00039527,0.00000000,0,0.00000000,28033,28029,18,0.00347810
1773322561.86548829,0.02106409,6287,0.00023190,0.00000000,0,0.00000000,28029,28036,27,0.00587170
1773322561.96536136,0.02023895,6267,0.00006088,0.00000000,0,0.00000000,28036,28041,21,0.00236512
1773322562.06533051,0.03780662,6244,0.00013810,0.00000000,0,0.00000000,28041,28050,26,0.00415337
1773322562.16442752,0.03259562,6259,0.00010603,0.00000000,0,0.00000000,28050,28059,28,0.00092021
1773322562.26438951,0.03093311,6328,0.00039034,0.00000000,0,0.00000000,28059,28069,32,0.00111315
1773322562.36519122,0.03315794,6277,0.00040461,0.00000000,0,0.00000000,28069,28070,16,0.00152074
1773322562.46519279,0.02769621,6250,0.00030615,0.00000000,0,0.00000000,28070,28073,17,0.00183063
1773322562.56514668,0.03628007,6292,0.00038498,0.00000000,0,0.00000000,28073,28083,30,0.00337569
1773322562.66526890,0.03446665,6273,0.00026797,0.00000000,0,0.00000000,28083,28089,34,0.00213150
1773322562.76523948,0.03314848,6262,0.00016015,0.00000000,0,0.00000000,28089,28080,31,0.00182687
1773322562.86518693,0.03872051,6218,0.00034243,0.00000000,0,0.00000000,28080,28084,30,0.00125849
1773322562.96498609,0.03278240,6281,0.00027618,0.00000000,0,0.00000000,28084,28088,26,0.00209219
1773322563.06505489,0.03286493,6294,0.00035942,0.00000000,0,0.00000000,28088,28097,35,0.00133824
1773322563.16503191,0.03347351,6293,0.00015308,0.00000000,0,0.00000000,28097,28098,25,0.00322021
1773322563.26497746,0.03948735,6245,0.00013744,0.00000000,0,0.00000000,28098,28109,26,0.00432524
1773322563.36479497,0.02561376,6272,0.00008539,0.00000000,0,0.00000000,28109,28110,21,0.00292512
1773322563.46475005,0.01771257,6284,0.00011160,0.00000000,0,0.00000000,28110,28114,31,0.00171750
1773322563.56485295,0.03547320,6284,0.00011557,0.00000000,0,0.00000000,28114,28117,20,0.00719075
1773322563.66474485,0.03012168,6256,0.00042679,0.00000000,0,0.00000000,28117,28118,32,0.00210041
1773322563.76475143,0.03636224,6232,0.00034563,0.00000000,0,0.00000000,28118,28117,29,0.00171086
1773322563.86462045,0.03409048,6274,0.00035190,0.00000000,0,0.00000000,28117,28128,30,0.00322529
1773322563.96459842,0.03966608,6267,0.00037260,0.00000000,0,0.00000000,28128,28124,22,0.00224288
1773322564.06447387,0.03048062,6265,0.00017009,0.00000000,0,0.00000000,28124,28134,33,0.00344991
1773322564.16453886,0.02879784,6259,0.00039176,0.00000000,0,0.00000000,28134,28095,26,0.00342723
1773322564.26445746,0.03347017,6250,0.00035651,0.00000000,0,0.00000000,28095,28099,26,0.00231443
1773322564.36442280,0.03527110,6288,0.00039970,0.00000000,0,0.00000000,28099,28107,35,0.00306151
1773322564.46514678,0.02964889,6259,0.00034609,0.00000000,0,0.00000000,28107,28113,31,0.00309068
1773322564.56508756,0.03381266,6290,0.00039357,0.00000000,0,0.00000000,28113,28114,29,0.00337963
1773322564.66512489,0.03521068,6288,0.00011817,0.00000000,0,0.00000000,28114,28118,23,0.00194116
1773322564.76493406,0.03845142,6252,0.00057543,0.00000000,0,0.00000000,28118,28111,37,0.00128780
1773322564.86525464,0.02656411,6254,0.00014982,0.00000000,0,0.00000000,28111,28119,33,0.00131065
1773322564.96497655,0.02203788,6248,0.00018987,0.00000000,0,0.00000000,28119,28126,27,0.00312232
1773322565.06494689,0.01886922,6284,0.00016266,0.00000000,0,0.00000000,28126,28099,27,0.00376234
1773322565.16485429,0.03495738,6278,0.00054567,0.00000000,0,0.00000000,28099,28086,28,0.00103346
1773322565.26478744,0.03532022,6259,0.00034506,0.00000000,0,0.00000000,28086,28085,26,0.00202666
1773322565.36475801,0.03253056,6262,0.00069981,0.00000000,0,0.00000000,28085,28086,35,0.00107000
1773322565.46477652,0.03329516,6265,0.00012718,0.00000000,0,0.00000000,28086,28089,25,0.00140949
1773322565.56465030,0.03422631,6290,0.00042252,0.00000000,0,0.00000000,28089,28097,41,0.00305728
1773322565.66549397,0.03030999,6267,0.00044115,0.00000000,0,0.00000000,28097,28097,39,0.00409749
1773322565.76545620,0.03338984,6232,0.00068088,0.00000000,0,0.00000000,28097,28076,38,0.00090895
1773322565.86447787,0.04187866,6283,0.00068745,0.00000000,0,0.00000000,28076,28068,45,0.00417448
1773322565.96440673,0.03872552,6225,0.00035319,0.00000000,0,0.00000000,28068,28070,47,0.00309838
1773322566.06438637,0.04098987,6288,0.00019745,0.00000000,0,0.00000000,28070,28092,43,0.00287110
1773322566.16536927,0.02330339,6235,0.00014844,0.00000000,0,0.00000000,28092,28102,40,0.00186555
1773322566.26518917,0.03582074,6282,0.00047098,0.00000000,0,0.00000000,28102,28118,39,0.00175185
1773322566.36512280,0.02442245,6287,0.00027049,0.00000000,0,0.00000000,28118,28078,50,0.00266913
1773322566.46511626,0.02669076,6308,0.00026985,0.00000000,0,0.00000000,28078,28060,44,0.00168839
1773322566.56524110,0.03382613,6256,0.00018000,0.00000000,0,0.00000000,28060,28071,45,0.00116414
1773322566.66521764,0.03434096,6249,0.00062740,0.00000000,0,0.00000000,28071,28080,55,0.00078150
1773322566.76515603,0.03345273,6269,0.00044743,0.00000000,0,0.00000000,28080,28103,48,0.00190615
1773322566.86511254,0.03443755,6233,0.00083856,0.00000000,0,0.00000000,28103,28113,50,0.00133388
1773322566.96492529,0.03224724,6298,0.00062703,0.00000000,0,0.00000000,28113,28123,50,0.00225432
1773322567.06488109,0.03520614,6290,0.00018654,0.00000000,0,0.00000000,28123,28141,53,0.00207914
1773322567.16484976,0.03125979,6276,0.00045803,0.00000000,0,0.00000000,28141,28150,47,0.00307775
1773322567.26479959,0.03707107,6283,0.00052331,0.00000000,0,0.00000000,28150,28149,61,0.00265885
1773322567.36474609,0.03836166,6280,0.00047678,0.00000000,0,0.00000000,28149,28158,35,0.00195293
1773322567.46471906,0.03790089,6256,0.00057575,0.00000000,0,0.00000000,28158,28164,51,0.00128297
1773322567.56469703,0.04064351,6250,0.00057807,0.00000000,0,0.00000000,28164,28169,43,0.00318024
1773322567.66468930,0.02910264,6228,0.00045495,0.00000000,0,0.00000000,28169,28177,41,0.00434917
1773322567.76448488,0.03702633,6251,0.00056509,0.00000000,0,0.00000000,28177,28202,44,0.00317384
1773322567.86445785,0.02344034,6252,0.00012868,0.00000000,0,0.00000000,28202,28211,42,0.00323434
1773322567.96439886,0.02243109,6223,0.00045327,0.00000000,0,0.00000000,28211,28238,52,0.00441490
1773322568.06437659,0.03372748,6252,0.00020359,0.00000000,0,0.00000000,28238,28245,46,0.00174258
1773322568.16439772,0.03171517,6229,0.00025039,0.00000000,0,0.00000000,28245,28271,45,0.00164016
1773322568.26502419,0.03022300,6281,0.00071675,0.00000000,0,0.00000000,28271,28266,42,0.00181568
1773322568.36508632,0.03231752,6183,0.00069561,0.00000000,0,0.00000000,28266,28289,63,0.00171419
1773322568.46491838,0.03701440,6189,0.00057172,0.00000000,0,0.00000000,28289,28300,49,0.00216357
1773322568.56451774,0.03337177,6232,0.00039661,0.00000000,0,0.00000000,28300,28327,53,0.00301351
1773322568.66495252,0.02538648,6236,0.00032053,0.00000000,0,0.00000000,28327,28317,59,0.00357396
1773322568.76479435,0.02437015,6200,0.00087366,0.00000000,0,0.00000000,28317,28297,59,0.00296131
1773322568.86580729,0.02625466,6177,0.00079401,0.00000000,0,0.00000000,28297,28299,57,0.00225651
1773322568.96571827,0.03831485,6191,0.00043348,0.00000000,0,0.00000000,28299,28292,48,0.00254194
1773322569.06561112,0.03226255,6209,0.00079426,0.00000000,0,0.00000000,28292,28286,52,0.00297428
1773322569.16556978,0.02024730,6172,0.00034545,0.00000000,0,0.00000000,28286,28289,60,0.00300800
1773322569.26551080,0.03655365,6196,0.00088863,0.00000000,0,0.00000000,28289,28273,78,0.00230898
1773322569.36554050,0.02143710,6142,0.00020808,0.00000000,0,0.00000000,28273,28272,58,0.00166598
1773322569.46454382,0.01977284,6186,0.00025163,0.00000000,0,0.00000000,28272,28260,49,0.00078485
1773322569.56453037,0.03554033,6160,0.00035860,0.00000000,0,0.00000000,28260,28284,62,0.00269741
1773322569.66449594,0.03453116,6146,0.00049343,0.00000000,0,0.00000000,28284,28287,50,0.00164266
1773322569.76443148,0.03034251,6146,0.00128113,0.00000000,0,0.00000000,28287,28248,52,0.00213161
1773322569.86539960,0.03370022,6073,0.00051545,0.00000000,0,0.00000000,28248,28253,54,0.00218632
1773322569.96534395,0.03666274,6054,0.00208493,0.00000000,0,0.00000000,28253,28258,50,0.00244511
1773322570.06528068,0.04187037,6030,0.00051265,0.00000000,0,0.00000000,28258,28285,61,0.00409986
1773322570.16520357,0.03008112,6020,0.00022176,0.00000000,0,0.00000000,28285,28285,57,0.00354753
1773322570.26515770,0.03131879,5959,0.00077834,0.00000000,0,0.00000000,28285,28295,56,0.00189634
1773322570.36512065,0.02920338,6033,0.00066208,0.00000000,0,0.00000000,28295,28307,50,0.00298368
1773322570.46523952,0.03493789,5958,0.00046343,0.00000000,0,0.00000000,28307,28336,45,0.00255817
1773322570.56536055,0.03204020,5946,0.00086735,0.00000000,0,0.00000000,28336,28363,54,0.00396276
1773322570.66509318,0.03882827,5892,0.00044026,0.00000000,0,0.00000000,28363,28380,41,0.00384815
1773322570.76499152,0.02329242,5929,0.00045872,0.00000000,0,0.00000000,28380,28374,56,0.00256950
1773322570.86489320,0.02949652,5923,0.00077444,0.00000000,0,0.00000000,28374,28334,46,0.00498101
1773322570.96485114,0.02381521,5931,0.00035386,0.00000000,0,0.00000000,28334,28338,48,0.00404255
1773322571.06479073,0.01830793,5931,0.00022399,0.00000000,0,0.00000000,28338,28368,50,0.00458154
1773322571.16473031,0.02799859,5934,0.00043999,0.00000000,0,0.00000000,28368,28347,56,0.00130747
1773322571.26462626,0.03417549,5963,0.00047353,0.00000000,0,0.00000000,28347,28365,40,0.00306007
1773322571.36463356,0.03523387,6025,0.00045187,0.00000000,0,0.00000000,28365,28383,44,0.00298527
1773322571.46472406,0.03497071,5962,0.00035091,0.00000000,0,0.00000000,28383,28386,45,0.00193068
1773322571.56465030,0.03543782,5986,0.00045477,0.00000000,0,0.00000000,28386,28381,45,0.00239162
1773322571.66458273,0.03135180,5998,0.00029201,0.00000000,0,0.00000000,28381,28375,44,0.00140303
1773322571.76457644,0.03964838,6008,0.00056310,0.00000000,0,0.00000000,28375,28393,57,0.00191796
1773322571.86459804,0.04083930,5906,0.00041311,0.00000000,0,0.00000000,28393,28396,37,0.00239813
1773322571.96440697,0.04802518,5991,0.00067430,0.00000000,0,0.00000000,28396,28405,43,0.00219177
1773322572.06443048,0.04407656,5966,0.00034436,0.00000000,0,0.00000000,28405,28411,41,0.00230212
1773322572.16505575,0.03195074,5934,0.00076596,0.00000000,0,0.00000000,28411,28423,51,0.00266615
1773322572.26494122,0.02981348,6030,0.00020288,0.00000000,0,0.00000000,28423,28411,45,0.00241860
1773322572.36486626,0.02276101,5975,0.00014529,0.00000000,0,0.00000000,28411,28417,42,0.00429070
1773322572.46508694,0.02000097,5979,0.00018404,0.00000000,0,0.00000000,28417,28407,46,0.00284965
1773322572.56616831,0.03586956,6070,0.00060888,0.00000000,0,0.00000000,28407,28426,35,0.00170889
1773322572.66479445,0.02801123,6060,0.00048987,0.00000000,0,0.00000000,28426,28416,40,0.00264399
1773322572.76487112,0.02801882,6073,0.00049620,0.00000000,0,0.00000000,28416,28439,46,0.00115252
1773322572.86482859,0.02789064,6119,0.00064213,0.00000000,0,0.00000000,28439,28453,54,0.00178636
1773322572.96574688,0.03565336,6134,0.00049032,0.00000000,0,0.00000000,28453,28471,46,0.00287431
1773322573.06574655,0.03235328,6178,0.00015985,0.00000000,0,0.00000000,28471,28472,39,0.00258750
1773322573.16561532,0.02832640,6179,0.00045954,0.00000000,0,0.00000000,28472,28473,39,0.00275247
1773322573.26469111,0.03024121,6172,0.00051706,0.00000000,0,0.00000000,28473,28482,44,0.00175336
1773322573.36463165,0.03268271,6189,0.00056817,0.00000000,0,0.00000000,28482,28471,42,0.00148747
1773322573.46609712,0.03280069,6221,0.00042074,0.00000000,0,0.00000000,28471,28486,33,0.00211394
1773322573.56566954,0.03667330,6238,0.00064866,0.00000000,0,0.00000000,28486,28494,48,0.00244780
1773322573.66545153,0.02569813,6218,0.00018135,0.00000000,0,0.00000000,28494,28498,46,0.00201766
1773322573.76553941,0.03399477,6253,0.00047243,0.00000000,0,0.00000000,28498,28509,44,0.00181867
1773322573.86545682,0.02646396,6201,0.00024212,0.00000000,0,0.00000000,28509,28509,49,0.00142537
1773322573.96546102,0.02356547,6213,0.00017894,0.00000000,0,0.00000000,28509,28523,30,0.00137006
1773322574.06534910,0.03652392,6244,0.00033437,0.00000000,0,0.00000000,28523,28542,37,0.00153447
1773322574.16542768,0.03537986,6240,0.00058063,0.00000000,0,0.00000000,28542,28532,41,0.00093840
1773322574.26531267,0.03059638,6242,0.00023679,0.00000000,0,0.00000000,28532,28520,49,0.00107419
1773322574.36527109,0.03189044,6242,0.00053999,0.00000000,0,0.00000000,28520,28534,39,0.00172076
1773322574.46600413,0.03311100,6238,0.00048821,0.00000000,0,0.00000000,28534,28534,48,0.00086214
1773322574.56515098,0.02796220,6254,0.00062260,0.00000000,0,0.00000000,28534,28543,42,0.00199415
1773322574.66508937,0.03129773,6262,0.00049945,0.00000000,0,0.00000000,28543,28562,40,0.00162914
1773322574.76501536,0.03313314,6264,0.00050195,0.00000000,0,0.00000000,28562,28541,36,0.00278308
1773322574.86498427,0.02591477,6263,0.00019966,0.00000000,0,0.00000000,28541,28555,51,0.00275555
1773322574.96497107,0.03345129,6248,0.00034173,0.00000000,0,0.00000000,28555,28570,34,0.00137794
1773322575.06496048,0.03494611,6254,0.00022856,0.00000000,0,0.00000000,28570,28567,42,0.00215416
1773322575.16491032,0.02165846,6222,0.00030503,0.00000000,0,0.00000000,28567,28571,32,0.00180182
1773322575.26486015,0.03500388,6253,0.00015263,0.00000000,0,0.00000000,28571,28571,35,0.00312029
1773322575.36479902,0.02135281,6217,0.00024108,0.00000000,0,0.00000000,28571,28580,48,0.00267793
1773322575.46548820,0.02199437,6186,0.00031495,0.00000000,0,0.00000000,28580,28582,44,0.00284138
1773322575.56450129,0.03326214,6267,0.00050504,0.00000000,0,0.00000000,28582,28589,40,0.00155335
1773322575.66463828,0.02795096,6238,0.00052938,0.00000000,0,0.00000000,28589,28610,35,0.00290696
1773322575.76450920,0.03316752,6203,0.00064855,0.00000000,0,0.00000000,28610,28593,43,0.00082869
1773322575.86443639,0.03334252,6240,0.00053435,0.00000000,0,0.00000000,28593,28597,44,0.00179842
1773322575.96443629,0.03262501,6238,0.00063928,0.00000000,0,0.00000000,28597,28569,42,0.00235062
1773322576.06461692,0.02581056,6223,0.00042799,0.00000000,0,0.00000000,28569,28579,34,0.00124914
1773322576.16456771,0.02487721,6216,0.00020532,0.00000000,0,0.00000000,28579,28573,21,0.00268971
1773322576.26455164,0.03309224,6156,0.00039201,0.00000000,0,0.00000000,28573,28587,37,0.00272246
1773322576.36445045,0.03316624,6070,0.00020065,0.00000000,0,0.00000000,28587,28597,29,0.00217769
1773322576.46507454,0.03311103,6115,0.00023451,0.00000000,0,0.00000000,28597,28589,36,0.00267912
1773322576.56447768,0.03078957,6089,0.00033387,0.00000000,0,0.00000000,28589,28590,30,0.00249043
1773322576.66569829,0.02047564,6105,0.00033857,0.00000000,0,0.00000000,28590,28563,34,0.00097077
1773322576.76565766,0.03248210,6028,0.00015101,0.00000000,0,0.00000000,28563,28562,31,0.00126818
1773322576.86560917,0.03067123,6076,0.00063812,0.00000000,0,0.00000000,28562,28524,35,0.00345306
1773322576.96569085,0.02711200,6018,0.00010242,0.00000000,0,0.00000000,28524,28508,20,0.00346594
1773322577.06554389,0.03146796,6083,0.00045671,0.00000000,0,0.00000000,28508,28523,33,0.00142025
1773322577.16569257,0.02325237,6004,0.00025548,0.00000000,0,0.00000000,28523,28532,28,0.00182622
1773322577.26545668,0.03059644,6031,0.00057359,0.00000000,0,0.00000000,28532,28506,26,0.00119974
1773322577.36551785,0.02081283,5944,0.00084292,0.00000000,0,0.00000000,28506,28495,27,0.00101257
1773322577.46467090,0.03005508,6032,0.00040824,0.00000000,0,0.00000000,28495,28512,28,0.00220968
1773322577.56533456,0.02585121,5928,0.00037215,0.00000000,0,0.00000000,28512,28524,24,0.00202795
1773322577.66514683,0.03998517,5953,0.00016885,0.00000000,0,0.00000000,28524,28536,24,0.00191014
1773322577.76534343,0.03562903,5881,0.00020853,0.00000000,0,0.00000000,28536,28546,23,0.00146274
1773322577.86535287,0.02334984,5823,0.00029684,0.00000000,0,0.00000000,28546,28538,26,0.00259539
1773322577.96526003,0.02464634,5762,0.00027926,0.00000000,0,0.00000000,28538,28545,26,0.00176441
1773322578.06525421,0.02275743,5717,0.00026503,0.00000000,0,0.00000000,28545,28550,21,0.00269658
1773322578.16521859,0.02603227,5734,0.00033754,0.00000000,0,0.00000000,28550,28561,23,0.00318638
1773322578.26515484,0.01974455,5774,0.00011641,0.00000000,0,0.00000000,28561,28551,15,0.00202701
1773322578.36491776,0.02241143,5828,0.00009837,0.00000000,0,0.00000000,28551,28556,27,0.00281273
1773322578.46454644,0.01379124,5981,0.00008029,0.00000000,0,0.00000000,28556,28561,23,0.00147743
1773322578.56494665,0.01674889,5936,0.00016745,0.00000000,0,0.00000000,28561,28549,37,0.00159813
1773322578.66491199,0.02037157,5805,0.00018471,0.00000000,0,0.00000000,28549,28536,23,0.00362070
1773322578.76486373,0.02723073,5578,0.00042665,0.00000000,0,0.00000000,28536,28548,31,0.00177457
1773322578.86485171,0.02829395,5382,0.00010383,0.00000000,0,0.00000000,28548,28546,20,0.00133750
1773322578.96463394,0.02322578,5154,0.00019942,0.00000000,0,0.00000000,28546,28552,18,0.00090398
1773322579.06473494,0.02018510,4971,0.00015165,0.00000000,0,0.00000000,28552,28537,23,0.00174240
1773322579.16461015,0.01877735,4851,0.00084365,0.00000000,0,0.00000000,28537,28547,16,0.00144378
1773322579.26445293,0.01567056,4850,0.00019815,0.00000000,0,0.00000000,28547,28550,21,0.00410387
1773322579.36462116,0.02360055,4836,0.00026679,0.00000000,0,0.00000000,28550,28554,20,0.00215338
1773322579.46458721,0.02146105,4929,0.00029675,0.00000000,0,0.00000000,28554,28560,25,0.00286731
1773322579.56436729,0.02124363,4910,0.00026357,0.00000000,0,0.00000000,28560,28562,19,0.00164199
1773322579.66451645,0.01794026,4832,0.00038782,0.00000000,0,0.00000000,28562,28567,24,0.00199742
1773322579.76507092,0.01762677,4510,0.00030109,0.00000000,0,0.00000000,28567,28561,21,0.00259606
1773322579.86453009,0.01023439,4413,0.00006609,0.00000000,0,0.00000000,28561,28571,16,0.00191477
1773322579.96444011,0.01021117,4391,0.00005828,0.00000000,0,0.00000000,28571,28566,12,0.00101704
1773322580.06479239,0.01366978,4310,0.00035175,0.00000000,0,0.00000000,28566,28558,21,0.00269038
1773322580.16443944,0.01553715,4398,0.00020177,0.00000000,0,0.00000000,28558,28568,17,0.00197625
1773322580.26491165,0.01655421,4478,0.00009282,0.00000000,0,0.00000000,28568,28571,18,0.00092332
1773322580.36580324,0.01343871,4598,0.00015084,0.00000000,0,0.00000000,28571,28573,23,0.00137783
1773322580.46576285,0.01948136,4805,0.00025437,0.00000000,0,0.00000000,28573,28586,21,0.00112615
1773322580.56482863,0.02390117,5122,0.00127294,0.00000000,0,0.00000000,28586,28488,23,0.00291866
1773322580.66560864,0.01781591,5345,0.00037071,0.00000000,0,0.00000000,28488,28494,22,0.00299223
1773322580.76563334,0.01660562,5602,0.00023080,0.00000000,0,0.00000000,28494,28496,20,0.00154704
1773322580.86556983,0.02753455,5809,0.00038837,0.00000000,0,0.00000000,28496,28493,30,0.00112594
1773322580.96560454,0.02649477,5956,0.00025498,0.00000000,0,0.00000000,28493,28497,22,0.00193240
1773322581.06558371,0.03114635,5945,0.00015263,0.00000000,0,0.00000000,28497,28500,27,0.00300218
1773322581.16547251,0.02760555,6037,0.00057318,0.00000000,0,0.00000000,28500,28496,31,0.00141014
1773322581.26566672,0.02891420,6023,0.00008691,0.00000000,0,0.00000000,28496,28508,26,0.00244831
1773322581.36545849,0.01713807,5966,0.00008146,0.00000000,0,0.00000000,28508,28515,25,0.00182835
1773322581.46516538,0.01386064,5980,0.00006935,0.00000000,0,0.00000000,28515,28510,21,0.00214583
1773322581.56529880,0.02852497,5919,0.00031764,0.00000000,0,0.00000000,28510,28518,22,0.00137937
1773322581.66526628,0.01450659,5858,0.00012081,0.00000000,0,0.00000000,28518,28527,35,0.00402409
1773322581.76518750,0.02522067,5808,0.00027238,0.00000000,0,0.00000000,28527,28529,17,0.00221526
1773322581.86513901,0.02718685,5830,0.00039969,0.00000000,0,0.00000000,28529,28535,22,0.00119027
1773322581.96509743,0.02739259,5774,0.00030893,0.00000000,0,0.00000000,28535,28548,29,0.00421452
1773322582.06507301,0.02129544,5841,0.00017320,0.00000000,0,0.00000000,28548,28534,29,0.00245923
1773322582.16494393,0.01666117,5827,0.00040012,0.00000000,0,0.00000000,28534,28541,32,0.00166161
1773322582.26501179,0.02224358,5853,0.00030053,0.00000000,0,0.00000000,28541,28547,21,0.00263774
1773322582.36481285,0.02679875,5816,0.00039950,0.00000000,0,0.00000000,28547,28540,29,0.00273556
1773322582.46491003,0.03097015,5857,0.00024910,0.00000000,0,0.00000000,28540,28546,26,0.00297654
1773322582.56487918,0.03308842,5852,0.00049785,0.00000000,0,0.00000000,28546,28556,28,0.00314890
1773322582.66479421,0.02339873,5879,0.00038138,0.00000000,0,0.00000000,28556,28551,26,0.00204227
1773322582.76468277,0.02945110,5883,0.00017059,0.00000000,0,0.00000000,28551,28568,28,0.00225131
1773322582.86486650,0.01571573,5839,0.00008709,0.00000000,0,0.00000000,28568,28579,24,0.00323245
1773322582.96455550,0.01684381,5887,0.00009257,0.00000000,0,0.00000000,28579,28584,27,0.00279475
1773322583.06447935,0.03175360,5906,0.00042750,0.00000000,0,0.00000000,28584,28597,18,0.00295845
1773322583.16447687,0.02211110,5885,0.00012140,0.00000000,0,0.00000000,28597,28601,21,0.00323225
1773322583.26511025,0.03002874,5865,0.00034557,0.00000000,0,0.00000000,28601,28604,25,0.00161574
1773322583.36458635,0.03333014,5857,0.00044368,0.00000000,0,0.00000000,28604,28607,31,0.00188382
1773322583.46515942,0.02635078,5755,0.00037674,0.00000000,0,0.00000000,28607,28615,30,0.00252167
1773322583.56444216,0.02453810,5840,0.00041697,0.00000000,0,0.00000000,28615,28630,36,0.00155835
1773322583.66444707,0.02663744,5833,0.00052643,0.00000000,0,0.00000000,28630,28644,30,0.00201167
1773322583.76486564,0.02999547,5904,0.00024795,0.00000000,0,0.00000000,28644,28636,32,0.00238009
1773322583.86449766,0.02792262,5819,0.00016080,0.00000000,0,0.00000000,28636,28646,33,0.00252893
1773322583.96308613,0.03056411,5975,0.00038439,0.00000000,0,0.00000000,28646,28612,28,0.00134922
1773322584.06570959,0.02783401,6160,0.00045911,0.00000000,0,0.00000000,28612,28621,32,0.00188917
1773322584.16499615,0.03223560,5995,0.00036795,0.00000000,0,0.00000000,28621,28634,36,0.00189953
1773322584.26466870,0.01539407,6053,0.00014369,0.00000000,0,0.00000000,28634,28626,28,0.00258119
1773322584.36563087,0.02402540,6100,0.00020737,0.00000000,0,0.00000000,28626,28616,32,0.00293270
1773322584.46474028,0.01721030,6101,0.00013674,0.00000000,0,0.00000000,28616,28592,28,0.00398082
1773322584.56550598,0.02005242,6110,0.00033296,0.00000000,0,0.00000000,28592,28605,23,0.00282615
1773322584.66544271,0.03439224,6105,0.00016693,0.00000000,0,0.00000000,28605,28600,25,0.00240662
1773322584.76545262,0.02702785,6150,0.00012168,0.00000000,0,0.00000000,28600,28596,25,0.00306172
1773322584.86536455,0.02301904,6140,0.00037042,0.00000000,0,0.00000000,28596,28582,30,0.00211831
1773322584.96552992,0.03009528,6138,0.00037892,0.00000000,0,0.00000000,28582,28590,26,0.00098178
1773322585.06543589,0.03119728,6100,0.00046741,0.00000000,0,0.00000000,28590,28586,23,0.00143124
1773322585.16540504,0.02483895,6132,0.00025523,0.00000000,0,0.00000000,28586,28586,18,0.00277339
1773322585.26530242,0.01697556,6127,0.00008503,0.00000000,0,0.00000000,28586,28572,23,0.00243809
1773322585.36529207,0.03484056,6173,0.00032174,0.00000000,0,0.00000000,28572,28569,27,0.00084597
1773322585.46518588,0.02450419,6149,0.00029885,0.00000000,0,0.00000000,28569,28574,22,0.00153223
1773322585.56514978,0.03469038,6216,0.00022053,0.00000000,0,0.00000000,28574,28579,20,0.00291729
1773322585.66514564,0.02341379,6232,0.00016182,0.00000000,0,0.00000000,28579,28574,21,0.00199332
1773322585.76506615,0.02788453,6227,0.00016597,0.00000000,0,0.00000000,28574,28563,32,0.00127655
1773322585.86508894,0.02024461,6268,0.00012351,0.00000000,0,0.00000000,28563,28564,34,0.00113204
1773322585.96503186,0.01657561,6258,0.00008074,0.00000000,0,0.00000000,28564,28576,24,0.00305004
1773322586.06502414,0.02558700,6271,0.00035717,0.00000000,0,0.00000000,28576,28573,31,0.00285118
1773322586.16502357,0.02908507,6272,0.00021971,0.00000000,0,0.00000000,28573,28584,30,0.00160659
1773322586.26492691,0.02436133,6278,0.00024391,0.00000000,0,0.00000000,28584,28595,31,0.00144680
1773322586.36484718,0.02593810,6288,0.00046185,0.00000000,0,0.00000000,28595,28605,38,0.00157758
1773322586.46472383,0.01999631,6246,0.00032727,0.00000000,0,0.00000000,28605,28612,33,0.00170188
1773322586.56462836,0.03345817,6286,0.00045571,0.00000000,0,0.00000000,28612,28589,37,0.00204452
1773322586.66459560,0.03203996,6319,0.00019065,0.00000000,0,0.00000000,28589,28564,24,0.00210540
1773322586.76467514,0.03707378,6241,0.00020055,0.00000000,0,0.00000000,28564,28573,24,0.00300919
1773322586.86453676,0.03114462,6297,0.00012906,0.00000000,0,0.00000000,28573,28586,36,0.00155755
1773322586.96454716,0.02958212,6294,0.00017253,0.00000000,0,0.00000000,28586,28585,35,0.00215808
1773322587.06448507,0.02872589,6283,0.00013966,0.00000000,0,0.00000000,28585,28578,27,0.00424005
1773322587.16444969,0.03614183,6318,0.00039189,0.00000000,0,0.00000000,28578,28591,34,0.00292403
1773322587.26454520,0.02311415,6304,0.00030035,0.00000000,0,0.00000000,28591,28598,21,0.00437319
1773322587.36451077,0.02787896,6280,0.00015589,0.00000000,0,0.00000000,28598,28609,27,0.00177011
1773322587.46441245,0.02017775,6310,0.00012427,0.00000000,0,0.00000000,28609,28618,28,0.00290063
1773322587.56445813,0.02199997,6267,0.00021510,0.00000000,0,0.00000000,28618,28625,28,0.00155391
1773322587.66443682,0.03036056,6308,0.00024861,0.00000000,0,0.00000000,28625,28633,16,0.00219104
1773322587.76487422,0.03140799,6312,0.00012082,0.00000000,0,0.00000000,28633,28643,26,0.00210064
1773322587.86481595,0.02936779,6310,0.00023353,0.00000000,0,0.00000000,28643,28647,23,0.00097968
1773322587.96482944,0.02620847,6304,0.00012778,0.00000000,0,0.00000000,28647,28650,26,0.00108751
1773322588.06468225,0.03314911,6336,0.00031471,0.00000000,0,0.00000000,28650,28644,17,0.00128235
1773322588.16577244,0.03318863,6298,0.00035291,0.00000000,0,0.00000000,28644,28657,30,0.00249188
1773322588.26564217,0.02560269,6286,0.00012923,0.00000000,0,0.00000000,28657,28665,23,0.00224343
1773322588.36556029,0.03019358,6287,0.00051582,0.00000000,0,0.00000000,28665,28672,21,0.00272729
1773322588.46559215,0.06194344,6265,0.00052006,0.00000000,0,0.00000000,28672,28651,27,0.00115547
1773322588.56452966,0.04118900,6321,0.00019244,0.00000000,0,0.00000000,28651,28656,23,0.00207009
1773322588.66559768,0.05032703,6296,0.00017835,0.00000000,0,0.00000000,28656,28670,26,0.00196143
1773322588.76549530,0.02568375,6276,0.00037108,0.00000000,0,0.00000000,28670,28674,27,0.00195506
1773322588.86538315,0.03547739,6301,0.00013890,0.00000000,0,0.00000000,28674,28678,24,0.00160288
1773322588.96536803,0.02051982,6293,0.00010065,0.00000000,0,0.00000000,28678,28677,25,0.00295207
1773322589.06539965,0.01713826,6281,0.00018559,0.00000000,0,0.00000000,28677,28619,23,0.00164929
1773322589.16534948,0.03386116,6267,0.00044248,0.00000000,0,0.00000000,28619,28630,34,0.00141167
1773322589.26535177,0.03076005,6188,0.00021971,0.00000000,0,0.00000000,28630,28643,30,0.00166285
1773322589.36513186,0.02868572,6256,0.00036906,0.00000000,0,0.00000000,28643,28660,34,0.00113265
1773322589.46523118,0.02501351,6238,0.00010120,0.00000000,0,0.00000000,28660,28664,20,0.00113229
1773322589.56523919,0.02690354,6253,0.00034657,0.00000000,0,0.00000000,28664,28682,34,0.00165237
1773322589.66515994,0.02632430,6224,0.00032806,0.00000000,0,0.00000000,28682,28684,22,0.00253255
1773322589.76514339,0.02689301,6285,0.00023984,0.00000000,0,0.00000000,28684,28677,21,0.00315281
1773322589.86507463,0.02242247,6270,0.00025325,0.00000000,0,0.00000000,28677,28683,22,0.00327970
1773322589.96504283,0.02527503,6273,0.00034256,0.00000000,0,0.00000000,28683,28698,33,0.00285669
1773322590.06496620,0.03433062,6250,0.00024437,0.00000000,0,0.00000000,28698,28706,23,0.00161848
1773322590.16475725,0.02231644,6289,0.00031020,0.00000000,0,0.00000000,28706,28712,21,0.00280353
1773322590.26472068,0.02500793,6310,0.00050201,0.00000000,0,0.00000000,28712,28691,31,0.00301720
1773322590.36466622,0.01580762,6300,0.00007269,0.00000000,0,0.00000000,28691,28701,22,0.00139406
1773322590.46463156,0.01545921,6295,0.00005171,0.00000000,0,0.00000000,28701,28709,17,0.00398075
1773322590.56458068,0.02773611,6324,0.00029574,0.00000000,0,0.00000000,28709,28710,23,0.00171872
1773322590.66455436,0.02050677,6293,0.00009524,0.00000000,0,0.00000000,28710,28704,18,0.00111675
1773322590.76449704,0.02218987,6299,0.00023316,0.00000000,0,0.00000000,28704,28709,30,0.00091262
1773322590.86454844,0.02439539,6266,0.00024734,0.00000000,0,0.00000000,28709,28712,16,0.00171930
1773322590.96444273,0.02242172,6283,0.00019267,0.00000000,0,0.00000000,28712,28716,24,0.00146288
1773322591.06447291,0.01821731,6287,0.00051556,0.00000000,0,0.00000000,28716,28725,24,0.00269604
1773322591.16440248,0.02150943,6322,0.00006777,0.00000000,0,0.00000000,28725,28738,15,0.00194946
1773322591.26450276,0.02343132,6262,0.00025862,0.00000000,0,0.00000000,28738,28744,22,0.00177098
1773322591.36444473,0.02453202,6307,0.00017955,0.00000000,0,0.00000000,28744,28743,28,0.00289162
1773322591.46486282,0.02337813,6290,0.00015514,0.00000000,0,0.00000000,28743,28747,24,0.00185048
1773322591.56486940,0.02049629,6292,0.00013752,0.00000000,0,0.00000000,28747,28752,10,0.00117376
1773322591.66478443,0.02954956,6283,0.00023463,0.00000000,0,0.00000000,28752,28759,20,0.00151966
1773322591.76476383,0.01940019,6308,0.00010859,0.00000000,0,0.00000000,28759,28761,30,0.00154367
1773322591.86487699,0.01762567,6297,0.00006999,0.00000000,0,0.00000000,28761,28777,25,0.00220071
1773322591.96493912,0.01639669,6104,0.00013397,0.00000000,0,0.00000000,28777,28753,32,0.00297443
1773322592.06438255,0.02191739,6102,0.00033404,0.00000000,0,0.00000000,28753,28752,27,0.00198209
1773322592.16445756,0.02877343,6095,0.00035164,0.00000000,0,0.00000000,28752,28748,29,0.00248137
1773322592.26478910,0.02970753,6096,0.00009843,0.00000000,0,0.00000000,28748,28747,18,0.00305992
1773322592.36458230,0.02713692,6081,0.00008859,0.00000000,0,0.00000000,28747,28747,24,0.00160499
1773322592.46449399,0.02420099,6089,0.00019940,0.00000000,0,0.00000000,28747,28755,35,0.00090544
1773322592.56512856,0.02845862,6043,0.00046124,0.00000000,0,0.00000000,28755,28752,34,0.00325552
1773322592.66497922,0.02858279,6020,0.00014081,0.00000000,0,0.00000000,28752,28756,22,0.00155711
1773322592.76476216,0.02504074,6053,0.00029820,0.00000000,0,0.00000000,28756,28761,20,0.00377449
1773322592.86470580,0.03065810,6033,0.00052157,0.00000000,0,0.00000000,28761,28764,34,0.00140235
1773322592.96449995,0.02954478,6074,0.00028029,0.00000000,0,0.00000000,28764,28769,21,0.00143607
1773322593.06546187,0.03300885,6055,0.00072056,0.00000000,0,0.00000000,28769,28784,31,0.00163646
1773322593.16469193,0.02408059,6144,0.00039712,0.00000000,0,0.00000000,28784,28798,31,0.00217412
1773322593.26739144,0.02933464,6126,0.00024306,0.00000000,0,0.00000000,28798,28795,40,0.00121277
1773322593.36548471,0.02351752,6053,0.00020653,0.00000000,0,0.00000000,28795,28798,21,0.00227292
1773322593.46469116,0.02167698,6090,0.00011115,0.00000000,0,0.00000000,28798,28809,25,0.00274566
1773322593.56566858,0.03496622,6059,0.00050743,0.00000000,0,0.00000000,28809,28820,45,0.00218002
1773322593.66522455,0.03019924,6034,0.00034701,0.00000000,0,0.00000000,28820,28822,34,0.00269268
1773322593.76438308,0.03054398,6114,0.00015847,0.00000000,0,0.00000000,28822,28822,37,0.00150555
1773322593.86550045,0.01989674,6060,0.00005560,0.00000000,0,0.00000000,28822,28823,16,0.00109012
1773322593.96515131,0.02562955,6076,0.00025172,0.00000000,0,0.00000000,28823,28829,24,0.00171956
1773322594.06494546,0.02886999,6014,0.00051273,0.00000000,0,0.00000000,28829,28832,20,0.00237060
1773322594.16499424,0.02673869,6081,0.00016493,0.00000000,0,0.00000000,28832,28835,22,0.00255249
1773322594.26578975,0.02633607,6014,0.00012813,0.00000000,0,0.00000000,28835,28830,22,0.00159135
1773322594.36482430,0.02168353,6027,0.00039959,0.00000000,0,0.00000000,28830,28783,19,0.00322347
1773322594.46543789,0.02108352,5952,0.00015871,0.00000000,0,0.00000000,28783,28776,27,0.00204542
1773322594.56439257,0.02765167,6098,0.00011852,0.00000000,0,0.00000000,28776,28779,22,0.00173281
1773322594.66556764,0.01856746,5990,0.00019148,0.00000000,0,0.00000000,28779,28784,17,0.00195123
1773322594.76442766,0.02371425,6069,0.00031592,0.00000000,0,0.00000000,28784,28776,26,0.00115613
1773322594.86517262,0.01959519,5998,0.00027958,0.00000000,0,0.00000000,28776,28741,16,0.00092095
1773322594.96460795,0.01488268,6011,0.00006528,0.00000000,0,0.00000000,28741,28746,21,0.00246242
1773322595.06471229,0.02435000,6013,0.00007679,0.00000000,0,0.00000000,28746,28746,20,0.00358442
1773322595.16530776,0.02716425,5958,0.00009052,0.00000000,0,0.00000000,28746,28750,19,0.00210153
1773322595.26572585,0.01696537,5866,0.00016532,0.00000000,0,0.00000000,28750,28757,22,0.00082036
1773322595.36441493,0.02709735,5991,0.00021008,0.00000000,0,0.00000000,28757,28764,17,0.00080281
1773322595.46486926,0.02723666,5948,0.00016779,0.00000000,0,0.00000000,28764,28768,14,0.00148200
1773322595.56556988,0.02233930,5966,0.00023921,0.00000000,0,0.00000000,28768,28769,20,0.00247321
1773322595.66518402,0.01972588,5943,0.00185045,0.00000000,0,0.00000000,28769,28608,28,0.00237810
1773322595.76486945,0.03158090,5988,0.00029646,0.00000000,0,0.00000000,28608,28608,21,0.00280538
1773322595.86502028,0.03016680,5987,0.00009280,0.00000000,0,0.00000000,28608,28614,16,0.00214285
1773322595.96544027,0.03336334,5966,0.00012970,0.00000000,0,0.00000000,28614,28627,24,0.00196289
1773322596.06467080,0.03123235,5985,0.00031492,0.00000000,0,0.00000000,28627,28633,17,0.00254108
1773322596.16460085,0.02285812,5967,0.00013056,0.00000000,0,0.00000000,28633,28633,9,0.00089620
1773322596.26452756,0.03106761,5991,0.00055140,0.00000000,0,0.00000000,28633,28630,17,0.00252286
1773322596.36477923,0.01773825,5949,0.00008801,0.00000000,0,0.00000000,28630,28633,22,0.00308261
1773322596.46507597,0.01986021,5974,0.00013038,0.00000000,0,0.00000000,28633,28642,20,0.00201165
1773322596.56517553,0.02510867,5987,0.00027146,0.00000000,0,0.00000000,28642,28652,23,0.00192575
1773322596.66554928,0.03150477,5912,0.00024767,0.00000000,0,0.00000000,28652,28648,14,0.00240490
1773322596.76548553,0.02306754,5975,0.00010487,0.00000000,0,0.00000000,28648,28659,26,0.00158166
1773322596.86580920,0.02245784,5902,0.00022547,0.00000000,0,0.00000000,28659,28657,21,0.00080509
1773322596.96458602,0.03294313,5884,0.00041124,0.00000000,0,0.00000000,28657,28665,18,0.00086726
1773322597.06434870,0.02911030,5986,0.00011025,0.00000000,0,0.00000000,28665,28673,24,0.00171057
1773322597.16450167,0.02528679,5963,0.00033018,0.00000000,0,0.00000000,28673,28678,22,0.00231108
1773322597.26452351,0.01915102,6035,0.00013854,0.00000000,0,0.00000000,28678,28688,21,0.00187925
1773322597.36504817,0.03010016,5921,0.00035742,0.00000000,0,0.00000000,28688,28679,20,0.00253140
1773322597.46449852,0.03365654,5994,0.00029311,0.00000000,0,0.00000000,28679,28691,23,0.00132834
1773322597.56474638,0.02937690,5964,0.00025555,0.00000000,0,0.00000000,28691,28694,24,0.00185339
1773322597.66489029,0.01986933,5973,0.00011403,0.00000000,0,0.00000000,28694,28702,19,0.00188064
1773322597.76436734,0.02542805,6025,0.00024742,0.00000000,0,0.00000000,28702,28715,25,0.00091986
1773322597.86580706,0.01915401,5965,0.00013244,0.00000000,0,0.00000000,28715,28718,27,0.00191267
1773322597.96468425,0.02007844,6037,0.00074350,0.00000000,0,0.00000000,28718,28714,24,0.00138264
1773322598.06564975,0.02862928,6012,0.00026343,0.00000000,0,0.00000000,28714,28717,19,0.00178104
1773322598.16546226,0.02533950,6000,0.00009315,0.00000000,0,0.00000000,28717,28715,16,0.00097164
1773322598.26521850,0.02422089,5988,0.00019103,0.00000000,0,0.00000000,28715,28717,16,0.00084419
1773322598.36506438,0.02807221,5973,0.00027531,0.00000000,0,0.00000000,28717,28718,18,0.00087058
1773322598.46475601,0.02745254,5953,0.00021677,0.00000000,0,0.00000000,28718,28726,24,0.00191535
1773322598.56457400,0.01772205,5981,0.00007920,0.00000000,0,0.00000000,28726,28726,22,0.00212215
1773322598.66454649,0.01943174,5991,0.00027828,0.00000000,0,0.00000000,28726,28723,21,0.00183785
1773322598.76475167,0.02875336,6007,0.00026888,0.00000000,0,0.00000000,28723,28721,21,0.00150566
1773322598.86552048,0.02491001,5995,0.00010931,0.00000000,0,0.00000000,28721,28734,30,0.00300663
1773322598.96543026,0.02664579,6020,0.00013058,0.00000000,0,0.00000000,28734,28725,25,0.00183282
1773322599.06508636,0.02727009,5952,0.00030267,0.00000000,0,0.00000000,28725,28735,24,0.00086857
1773322599.16441441,0.03295972,6067,0.00035575,0.00000000,0,0.00000000,28735,28742,23,0.00149162
1773322599.26449513,0.03084098,6067,0.00032612,0.00000000,0,0.00000000,28742,28750,18,0.00157876
1773322599.36552906,0.01747219,6045,0.00005594,0.00000000,0,0.00000000,28750,28751,22,0.00380881
1773322599.46512866,0.01533423,6024,0.00014393,0.00000000,0,0.00000000,28751,28748,33,0.00158275
1773322599.56466174,0.01641170,6077,0.00010112,0.00000000,0,0.00000000,28748,28727,25,0.00162961
1773322599.66452885,0.02674834,6072,0.00035429,0.00000000,0,0.00000000,28727,28739,28,0.00269420
1773322599.76557398,0.02746529,6008,0.00022342,0.00000000,0,0.00000000,28739,28747,19,0.00085922
1773322599.86515784,0.03228506,6049,0.00017623,0.00000000,0,0.00000000,28747,28753,22,0.00092513
1773322599.96476388,0.02771832,6112,0.00015571,0.00000000,0,0.00000000,28753,28758,23,0.00086143
1773322600.06486869,0.02099213,6118,0.00038509,0.00000000,0,0.00000000,28758,28771,36,0.00141288
1773322600.16528726,0.02951132,6123,0.00043990,0.00000000,0,0.00000000,28771,28756,24,0.00075462
1773322600.26471496,0.03148326,6172,0.00017380,0.00000000,0,0.00000000,28756,28745,24,0.00197395
1773322600.36450744,0.02628691,6135,0.00013194,0.00000000,0,0.00000000,28745,28748,24,0.00164739
1773322600.46530652,0.02684758,6145,0.00056395,0.00000000,0,0.00000000,28748,28717,26,0.00260104
1773322600.56489968,0.02952527,6113,0.00075180,0.00000000,0,0.00000000,28717,28720,22,0.00186370
1773322600.66515517,0.02998567,6171,0.00008922,0.00000000,0,0.00000000,28720,28729,28,0.00212808
1773322600.76544452,0.02407927,6108,0.00023691,0.00000000,0,0.00000000,28729,28734,33,0.00256079
1773322600.86485052,0.01913114,6117,0.00010917,0.00000000,0,0.00000000,28734,28741,23,0.00118849
1773322600.96496582,0.01724951,6112,0.00017691,0.00000000,0,0.00000000,28741,28739,24,0.00343531
1773322601.06524229,0.02868902,6161,0.00027133,0.00000000,0,0.00000000,28739,28747,25,0.00149387
1773322601.16458249,0.03359402,6177,0.00034735,0.00000000,0,0.00000000,28747,28751,21,0.00310635
1773322601.26466417,0.02728658,6164,0.00008903,0.00000000,0,0.00000000,28751,28760,27,0.00091381
1773322601.36505508,0.02587076,6106,0.00041664,0.00000000,0,0.00000000,28760,28752,25,0.00084072
1773322601.46465755,0.02313355,6169,0.00029421,0.00000000,0,0.00000000,28752,28758,25,0.00099156
1773322601.56560802,0.02435819,6091,0.00023656,0.00000000,0,0.00000000,28758,28765,20,0.00080959
1773322601.66457486,0.03251032,6135,0.00010298,0.00000000,0,0.00000000,28765,28774,26,0.00162672
1773322601.76549220,0.02517051,6105,0.00010606,0.00000000,0,0.00000000,28774,28757,22,0.00267207
1773322601.86494398,0.02405879,6088,0.00008700,0.00000000,0,0.00000000,28757,28765,24,0.00178052
1773322601.96492743,0.02851523,6075,0.00040787,0.00000000,0,0.00000000,28765,28775,30,0.00081067
1773322602.06519294,0.02939109,6039,0.00034234,0.00000000,0,0.00000000,28775,28784,27,0.00274270
1773322602.16457057,0.02310164,6109,0.00017511,0.00000000,0,0.00000000,28784,28787,22,0.00159882
1773322602.26540303,0.02475344,5976,0.00024216,0.00000000,0,0.00000000,28787,28792,19,0.00226105
1773322602.36446691,0.02062567,6099,0.00014767,0.00000000,0,0.00000000,28792,28801,25,0.00234487
1773322602.46539450,0.01745827,6075,0.00020817,0.00000000,0,0.00000000,28801,28788,21,0.00099076
1773322602.56462026,0.02397834,6126,0.00039256,0.00000000,0,0.00000000,28788,28794,23,0.00307516
1773322602.66557693,0.03320191,6025,0.00050642,0.00000000,0,0.00000000,28794,28804,24,0.00151751
1773322602.76457644,0.02814868,6091,0.00049876,0.00000000,0,0.00000000,28804,28763,22,0.00185560
1773322602.86448598,0.02316105,6028,0.00036451,0.00000000,0,0.00000000,28763,28769,24,0.00120524
1773322602.96470714,0.02908926,6122,0.00028040,0.00000000,0,0.00000000,28769,28781,21,0.00088365
1773322603.06554937,0.02937688,5963,0.00012171,0.00000000,0,0.00000000,28781,28775,17,0.00151284
1773322603.16454673,0.02640924,6099,0.00016773,0.00000000,0,0.00000000,28775,28786,33,0.00241224
1773322603.26542354,0.02276014,5984,0.00027529,0.00000000,0,0.00000000,28786,28796,25,0.00198305
1773322603.36444545,0.02236845,6088,0.00036221,0.00000000,0,0.00000000,28796,28778,18,0.00094037
1773322603.46532321,0.02708892,6020,0.00034672,0.00000000,0,0.00000000,28778,28777,19,0.00129467
1773322603.56490040,0.02667334,6032,0.00011242,0.00000000,0,0.00000000,28777,28786,15,0.00196848
1773322603.66506481,0.02089477,6039,0.00024135,0.00000000,0,0.00000000,28786,28788,17,0.00139745
1773322603.76480603,0.03295779,6050,0.00020915,0.00000000,0,0.00000000,28788,28799,18,0.00087773
1773322603.86502910,0.02943423,6021,0.00034894,0.00000000,0,0.00000000,28799,28796,16,0.00207063
1773322603.96558070,0.01435244,5983,0.00005051,0.00000000,0,0.00000000,28796,28802,17,0.00250287
1773322604.06462431,0.01786356,6031,0.00009135,0.00000000,0,0.00000000,28802,28775,19,0.00299737
1773322604.16523790,0.02408543,5969,0.00035143,0.00000000,0,0.00000000,28775,28784,24,0.00215717
1773322604.26439762,0.02088926,6063,0.00025894,0.00000000,0,0.00000000,28784,28791,23,0.00162211
1773322604.36518621,0.02587516,6028,0.00024715,0.00000000,0,0.00000000,28791,28797,13,0.00158285
1773322604.46470499,0.03186172,6048,0.00022778,0.00000000,0,0.00000000,28797,28807,20,0.00090139
1773322604.56490207,0.02553768,6080,0.00009581,0.00000000,0,0.00000000,28807,28818,27,0.00253451
1773322604.66444421,0.02610037,6107,0.00029874,0.00000000,0,0.00000000,28818,28800,16,0.00224628
1773322604.76449633,0.02077466,6123,0.00027739,0.00000000,0,0.00000000,28800,28805,19,0.00098924
1773322604.86511111,0.02854277,6137,0.00044711,0.00000000,0,0.00000000,28805,28795,21,0.00081680
1773322604.96497726,0.03151641,6073,0.00042524,0.00000000,0,0.00000000,28795,28784,25,0.00210817
1773322605.06472373,0.03231094,6192,0.00033335,0.00000000,0,0.00000000,28784,28793,22,0.00224709
1773322605.16543293,0.02574091,6137,0.00025663,0.00000000,0,0.00000000,28793,28793,17,0.00081932
1773322605.26485562,0.03299101,6150,0.00018182,0.00000000,0,0.00000000,28793,28799,20,0.00086761
1773322605.36491990,0.01958371,6197,0.00014218,0.00000000,0,0.00000000,28799,28799,22,0.00264980
1773322605.46542954,0.01937080,6089,0.00010010,0.00000000,0,0.00000000,28799,28810,27,0.00299343
1773322605.56449533,0.02430480,6261,0.00022233,0.00000000,0,0.00000000,28810,28808,17,0.00248832
1773322605.66513705,0.03664155,6213,0.00026404,0.00000000,0,0.00000000,28808,28816,19,0.00272418
1773322605.76566887,0.02752330,6130,0.00023127,0.00000000,0,0.00000000,28816,28822,19,0.00077417
1773322605.86462069,0.02986723,6236,0.00012139,0.00000000,0,0.00000000,28822,28824,20,0.00145008
1773322605.96526766,0.02716811,6186,0.00031290,0.00000000,0,0.00000000,28824,28805,19,0.00118159
1773322606.06486511,0.02163363,6193,0.00030361,0.00000000,0,0.00000000,28805,28812,29,0.00098235
1773322606.16444039,0.02354027,6318,0.00070395,0.00000000,0,0.00000000,28812,28808,30,0.00157057
1773322606.26526856,0.03357432,6227,0.00013474,0.00000000,0,0.00000000,28808,28807,28,0.00163601
1773322606.36560345,0.02628969,6167,0.00044643,0.00000000,0,0.00000000,28807,28779,23,0.00301070
1773322606.46439433,0.02910832,6270,0.00035800,0.00000000,0,0.00000000,28779,28772,24,0.00205738
1773322606.56498146,0.03569724,6256,0.00036798,0.00000000,0,0.00000000,28772,28772,27,0.00093391
1773322606.66548181,0.02612372,6235,0.00007852,0.00000000,0,0.00000000,28772,28770,28,0.00152309
1773322606.76446843,0.02999623,6261,0.00028207,0.00000000,0,0.00000000,28770,28767,21,0.00205058
1773322606.86505437,0.02283064,6211,0.00011447,0.00000000,0,0.00000000,28767,28780,25,0.00267497
1773322606.96423817,0.01791706,6324,0.00010524,0.00000000,0,0.00000000,28780,28789,21,0.00192727
1773322607.06457829,0.01764396,6237,0.00015264,0.00000000,0,0.00000000,28789,28788,21,0.00289344
1773322607.16478372,0.03003040,6259,0.00040272,0.00000000,0,0.00000000,28788,28793,30,0.00075405
1773322607.26552463,0.02913208,6249,0.00014329,0.00000000,0,0.00000000,28793,28790,23,0.00267475
1773322607.36445236,0.02634101,6200,0.00030623,0.00000000,0,0.00000000,28790,28797,25,0.00177784
1773322607.46455908,0.02128215,6258,0.00029431,0.00000000,0,0.00000000,28797,28806,27,0.00150203
1773322607.56510329,0.02351887,6219,0.00024331,0.00000000,0,0.00000000,28806,28815,21,0.00265259
1773322607.66562653,0.03234813,6184,0.00031491,0.00000000,0,0.00000000,28815,28822,27,0.00213050
1773322607.76446652,0.03104867,6198,0.00007171,0.00000000,0,0.00000000,28822,28822,17,0.00191118
1773322607.86462379,0.02580096,6241,0.00032313,0.00000000,0,0.00000000,28822,28830,30,0.00139438
1773322607.96520495,0.02597421,6205,0.00011615,0.00000000,0,0.00000000,28830,28835,31,0.00160231
1773322608.06559420,0.02554779,6188,0.00005497,0.00000000,0,0.00000000,28835,28837,13,0.00112625
1773322608.16455173,0.03822916,6165,0.00011578,0.00000000,0,0.00000000,28837,28832,21,0.00172064
1773322608.26464677,0.02954808,6218,0.00032861,0.00000000,0,0.00000000,28832,28837,19,0.00187355
1773322608.36507869,0.02537668,6258,0.00006272,0.00000000,0,0.00000000,28837,28840,16,0.00280000
1773322608.46555662,0.01791095,6203,0.00013991,0.00000000,0,0.00000000,28840,28846,16,0.00269051
1773322608.56497741,0.01769183,6205,0.00023694,0.00000000,0,0.00000000,28846,28802,20,0.00199719
1773322608.66471624,0.03265797,6218,0.00024675,0.00000000,0,0.00000000,28802,28804,24,0.00119980
1773322608.76526141,0.02524213,6163,0.00012214,0.00000000,0,0.00000000,28804,28810,25,0.00177847
1773322608.86563063,0.02873241,6118,0.00053298,0.00000000,0,0.00000000,28810,28796,28,0.00139086
1773322608.96443725,0.02788628,6140,0.00032486,0.00000000,0,0.00000000,28796,28803,26,0.00165552
1773322609.06466532,0.03272684,6200,0.00062846,0.00000000,0,0.00000000,28803,28812,25,0.00092549
1773322609.16522884,0.02547526,6143,0.00008009,0.00000000,0,0.00000000,28812,28816,19,0.00294612
1773322609.26569200,0.02335040,6118,0.00027831,0.00000000,0,0.00000000,28816,28821,23,0.00179769
1773322609.36457348,0.02740910,6060,0.00028314,0.00000000,0,0.00000000,28821,28826,18,0.00128288
1773322609.46454597,0.02881044,6091,0.00016424,0.00000000,0,0.00000000,28826,28828,15,0.00184374
1773322609.56507826,0.03954197,6110,0.00067669,0.00000000,0,0.00000000,28828,28826,28,0.00169924
1773322609.66549945,0.01947646,6084,0.00020684,0.00000000,0,0.00000000,28826,28792,19,0.00135992
1773322609.76472449,0.02718896,6143,0.00046593,0.00000000,0,0.00000000,28792,28782,25,0.00121862
1773322609.86507797,0.01901221,6128,0.00005368,0.00000000,0,0.00000000,28782,28782,14,0.00210290
1773322609.96471357,0.01811667,6149,0.00019602,0.00000000,0,0.00000000,28782,28781,22,0.00258430
1773322610.06537938,0.02976193,6127,0.00051375,0.00000000,0,0.00000000,28781,28787,24,0.00156184
1773322610.16520667,0.02297838,6160,0.00012891,0.00000000,0,0.00000000,28787,28796,22,0.00324468
1773322610.26482129,0.02652541,6136,0.00012768,0.00000000,0,0.00000000,28796,28799,14,0.00094542
1773322610.36490297,0.03015398,6138,0.00025235,0.00000000,0,0.00000000,28799,28805,24,0.00162160
1773322610.46457624,0.03643004,6177,0.00038907,0.00000000,0,0.00000000,28805,28799,27,0.00177175
1773322610.56499267,0.02619247,6199,0.00010440,0.00000000,0,0.00000000,28799,28788,21,0.00232772
1773322610.66551256,0.01981837,6183,0.00041095,0.00000000,0,0.00000000,28788,28792,29,0.00259657
1773322610.76572919,0.02660132,6121,0.00020942,0.00000000,0,0.00000000,28792,28797,18,0.00136244
1773322610.86451125,0.03426747,6133,0.00014762,0.00000000,0,0.00000000,28797,28800,23,0.00238064
1773322610.96464753,0.03388198,6158,0.00052108,0.00000000,0,0.00000000,28800,28783,22,0.00272528
1773322611.06487584,0.02503649,6187,0.00016877,0.00000000,0,0.00000000,28783,28777,25,0.00283242
1773322611.16525316,0.03072781,6220,0.00068332,0.00000000,0,0.00000000,28777,28791,34,0.00082085
1773322611.26557112,0.02324458,6210,0.00018153,0.00000000,0,0.00000000,28791,28798,23,0.00210045
1773322611.36445856,0.03255710,6170,0.00043020,0.00000000,0,0.00000000,28798,28776,18,0.00322683
1773322611.46441412,0.01728331,6211,0.00008421,0.00000000,0,0.00000000,28776,28786,20,0.00259307
1773322611.56473851,0.01638064,6260,0.00007416,0.00000000,0,0.00000000,28786,28785,21,0.00391104
1773322611.66516662,0.02884478,6244,0.00031794,0.00000000,0,0.00000000,28785,28793,28,0.00403644
1773322611.76544452,0.02989919,6210,0.00012686,0.00000000,0,0.00000000,28793,28798,14,0.00273010
1773322611.86563611,0.02270444,6219,0.00008233,0.00000000,0,0.00000000,28798,28805,19,0.00080104
1773322611.96443319,0.02200261,6232,0.00009282,0.00000000,0,0.00000000,28805,28805,18,0.00088337
1773322612.06460118,0.02356172,6235,0.00035463,0.00000000,0,0.00000000,28805,28803,24,0.00084398
1773322612.16487288,0.02711804,6268,0.00019181,0.00000000,0,0.00000000,28803,28807,13,0.00079214
1773322612.26521564,0.02449620,6249,0.00009322,0.00000000,0,0.00000000,28807,28810,21,0.00263397
1773322612.36550879,0.01733626,6213,0.00008584,0.00000000,0,0.00000000,28810,28817,21,0.00203963
1773322612.46556211,0.02290596,6246,0.00036107,0.00000000,0,0.00000000,28817,28816,24,0.00155330
1773322612.56477690,0.02911185,6276,0.00036805,0.00000000,0,0.00000000,28816,28820,14,0.00107716
1773322612.66456032,0.01864559,6233,0.00016129,0.00000000,0,0.00000000,28820,28807,20,0.00245354
1773322612.76469183,0.00923255,6273,0.00007729,0.00000000,0,0.00000000,28807,28813,17,0.00112043
1773322612.86501408,0.01517016,6254,0.00012180,0.00000000,0,0.00000000,28813,28819,22,0.00178890
1773322612.96524930,0.00994454,6250,0.00006465,0.00000000,0,0.00000000,28819,28823,24,0.00262900
1773322613.06536651,0.01404519,6244,0.00005483,0.00000000,0,0.00000000,28823,28821,21,0.00418897
1773322613.16475224,0.01734169,6293,0.00019705,0.00000000,0,0.00000000,28821,28823,21,0.00258977
1773322613.26472664,0.01957781,6262,0.00018345,0.00000000,0,0.00000000,28823,28828,11,0.00477568
1773322613.36454749,0.02497557,6234,0.00029760,0.00000000,0,0.00000000,28828,28832,21,0.00093952
1773322613.46464658,0.02515635,6252,0.00010985,0.00000000,0,0.00000000,28832,28835,14,0.00158575
1773322613.56490111,0.02784331,6232,0.00013875,0.00000000,0,0.00000000,28835,28830,16,0.00170129
1773322613.66514063,0.02159750,6182,0.00006377,0.00000000,0,0.00000000,28830,28838,21,0.00080458
1773322613.76539135,0.01819321,6217,0.00025988,0.00000000,0,0.00000000,28838,28843,20,0.00174371
1773322613.86568046,0.02801598,6145,0.00043337,0.00000000,0,0.00000000,28843,28849,25,0.00177011
1773322613.96577501,0.02761066,6091,0.00029677,0.00000000,0,0.00000000,28849,28860,24,0.00434827
1773322614.06448698,0.03242452,6188,0.00019468,0.00000000,0,0.00000000,28860,28869,22,0.00168364
1773322614.16456652,0.01679770,6234,0.00008796,0.00000000,0,0.00000000,28869,28863,16,0.00151959
1773322614.26483035,0.02893019,6241,0.00034880,0.00000000,0,0.00000000,28863,28866,24,0.00141118
1773322614.36501455,0.01549481,6235,0.00010212,0.00000000,0,0.00000000,28866,28879,33,0.00212581
1773322614.46509647,0.01361644,6224,0.00014539,0.00000000,0,0.00000000,28879,28884,26,0.00245286
1773322614.56526709,0.02235281,6213,0.00010767,0.00000000,0,0.00000000,28884,28888,25,0.00235595
1773322614.66474676,0.02110946,6276,0.00024023,0.00000000,0,0.00000000,28888,28888,18,0.00149910
1773322614.76491189,0.02490929,6163,0.00024924,0.00000000,0,0.00000000,28888,28894,17,0.00094125
1773322614.86430430,0.02524982,6232,0.00028938,0.00000000,0,0.00000000,28894,28897,23,0.00095023
1773322614.96456242,0.02369838,6218,0.00006445,0.00000000,0,0.00000000,28897,28901,20,0.00237451
1773322615.06478715,0.01974614,6249,0.00031843,0.00000000,0,0.00000000,28901,28896,31,0.00105321
1773322615.16499615,0.02471897,6254,0.00043557,0.00000000,0,0.00000000,28896,28900,31,0.00150182
1773322615.26508117,0.02822156,6230,0.00033637,0.00000000,0,0.00000000,28900,28907,24,0.00086640
1773322615.36538506,0.01882363,6274,0.00008696,0.00000000,0,0.00000000,28907,28916,29,0.00208462
1773322615.46569586,0.02598901,6290,0.00018471,0.00000000,0,0.00000000,28916,28925,19,0.00211505
1773322615.56570363,0.02133333,6282,0.00052620,0.00000000,0,0.00000000,28925,28928,33,0.00271933
1773322615.66465902,0.02871953,6241,0.00029930,0.00000000,0,0.00000000,28928,28936,27,0.00462233
1773322615.76461411,0.01518540,6222,0.00011277,0.00000000,0,0.00000000,28936,28944,25,0.00246505
1773322615.86465788,0.01639319,6225,0.00004895,0.00000000,0,0.00000000,28944,28950,15,0.00143707
1773322615.96487951,0.01232166,6159,0.00003780,0.00000000,0,0.00000000,28950,28951,10,0.00431694
1773322616.06508064,0.01214140,6197,0.00005368,0.00000000,0,0.00000000,28951,28952,17,0.00315678
1773322616.16531038,0.02440440,6128,0.00031626,0.00000000,0,0.00000000,28952,28954,15,0.00162455
1773322616.26554298,0.01413258,6140,0.00007725,0.00000000,0,0.00000000,28954,28964,26,0.00099396
1773322616.36554551,0.01563174,6071,0.00019227,0.00000000,0,0.00000000,28964,28970,22,0.00082158
1773322616.46572232,0.01961802,6071,0.00011191,0.00000000,0,0.00000000,28970,28974,9,0.00122218
1773322616.56476307,0.01820803,6045,0.00007844,0.00000000,0,0.00000000,28974,28977,14,0.00364855
1773322616.66444230,0.01285275,6108,0.00002575,0.00000000,0,0.00000000,28977,28981,10,0.00157573
1773322616.76455808,0.02017451,6051,0.00021536,0.00000000,0,0.00000000,28981,28985,15,0.00087179
1773322616.86465621,0.02102086,6094,0.00007400,0.00000000,0,0.00000000,28985,28978,13,0.00099816
1773322616.96486497,0.01961152,6054,0.00009419,0.00000000,0,0.00000000,28978,28978,21,0.00293906
1773322617.06504750,0.01486200,6121,0.00026330,0.00000000,0,0.00000000,28978,28982,19,0.00290228
1773322617.16528606,0.02107032,6088,0.00027038,0.00000000,0,0.00000000,28982,28986,14,0.00154182
1773322617.26545739,0.01405947,6037,0.00019953,0.00000000,0,0.00000000,28986,28993,19,0.00258917
1773322617.36542392,0.01150331,6072,0.00009201,0.00000000,0,0.00000000,28993,28989,23,0.00262523
1773322617.46555376,0.01199056,6068,0.00006282,0.00000000,0,0.00000000,28989,28992,14,0.00222839
1773322617.56576514,0.02098745,6049,0.00023323,0.00000000,0,0.00000000,28992,28998,17,0.00252855
1773322617.66487861,0.02123187,6023,0.00008203,0.00000000,0,0.00000000,28998,28998,11,0.00321713
1773322617.76445508,0.01335814,6073,0.00017052,0.00000000,0,0.00000000,28998,28997,16,0.00088807
1773322617.86450505,0.01518149,6049,0.00005159,0.00000000,0,0.00000000,28997,28999,12,0.00159123
1773322617.96465683,0.02084702,6045,0.00024689,0.00000000,0,0.00000000,28999,28995,17,0.00160332
1773322618.06482387,0.01502834,6038,0.00021984,0.00000000,0,0.00000000,28995,28999,13,0.00278082
1773322618.16491413,0.01510300,6076,0.00006454,0.00000000,0,0.00000000,28999,28993,15,0.00141471
1773322618.26526618,0.01725042,6012,0.00013407,0.00000000,0,0.00000000,28993,28990,11,0.00080804
1773322618.36543918,0.01615214,6042,0.00003547,0.00000000,0,0.00000000,28990,28994,11,0.00171943
1773322618.46545935,0.01368022,6090,0.00008116,0.00000000,0,0.00000000,28994,29004,18,0.00208084
1773322618.56543326,0.01356117,6150,0.00006917,0.00000000,0,0.00000000,29004,29006,17,0.00207943
1773322618.66570401,0.02493101,6080,0.00043040,0.00000000,0,0.00000000,29006,29010,21,0.00172397
1773322618.76500225,0.01265641,6051,0.00004709,0.00000000,0,0.00000000,29010,29010,12,0.00255602
1773322618.86494136,0.01158082,6092,0.00004722,0.00000000,0,0.00000000,29010,29013,16,0.00142198
1773322618.96453810,0.01268532,6117,0.00020946,0.00000000,0,0.00000000,29013,28966,15,0.00623394
1773322619.06448913,0.01760333,6124,0.00021354,0.00000000,0,0.00000000,28966,28963,17,0.00138321
1773322619.16456223,0.02280891,6184,0.00051190,0.00000000,0,0.00000000,28963,28936,17,0.00103068
1773322619.26477575,0.01355915,6189,0.00007105,0.00000000,0,0.00000000,28936,28934,19,0.00165106
1773322619.36494112,0.01334709,6198,0.00007090,0.00000000,0,0.00000000,28934,28939,17,0.00121065
1773322619.46506286,0.02189016,6139,0.00011686,0.00000000,0,0.00000000,28939,28946,18,0.00141446
1773322619.56522369,0.01426433,6194,0.00014855,0.00000000,0,0.00000000,28946,28925,19,0.00222084
1773322619.66536784,0.01954386,6145,0.00020104,0.00000000,0,0.00000000,28925,28930,25,0.00155404
1773322619.76453328,0.02486403,6213,0.00031985,0.00000000,0,0.00000000,28930,28936,25,0.00094701
1773322619.86563325,0.01857425,6133,0.00007286,0.00000000,0,0.00000000,28936,28942,20,0.00305100
1773322619.96473956,0.02086137,6171,0.00020170,0.00000000,0,0.00000000,28942,28940,25,0.00244662
1773322620.06478906,0.02005494,6184,0.00040377,0.00000000,0,0.00000000,28940,28930,24,0.00092673
1773322620.16478276,0.02566179,6185,0.00009081,0.00000000,0,0.00000000,28930,28934,22,0.00127540
1773322620.26454186,0.01547721,6167,0.00023636,0.00000000,0,0.00000000,28934,28932,19,0.00301285
1773322620.36444306,0.01389001,6208,0.00004598,0.00000000,0,0.00000000,28932,28935,16,0.00413746
1773322620.46455574,0.00985311,6192,0.00007404,0.00000000,0,0.00000000,28935,28920,17,0.00168160
1773322620.56463218,0.01437373,6235,0.00013217,0.00000000,0,0.00000000,28920,28922,18,0.00117571
1773322620.66492414,0.02206877,6139,0.00020512,0.00000000,0,0.00000000,28922,28927,15,0.00106530
1773322620.76439810,0.01913300,6265,0.00027613,0.00000000,0,0.00000000,28927,28913,21,0.00080413
1773322620.86519122,0.01834113,6228,0.00005539,0.00000000,0,0.00000000,28913,28915,16,0.00076348
1773322620.96528268,0.02167584,6188,0.00014524,0.00000000,0,0.00000000,28915,28921,13,0.00097776
1773322621.06524110,0.01778996,6224,0.00021022,0.00000000,0,0.00000000,28921,28926,11,0.00216477
1773322621.16544080,0.01715650,6231,0.00013800,0.00000000,0,0.00000000,28926,28924,15,0.00220638
1773322621.26548409,0.02287680,6204,0.00019247,0.00000000,0,0.00000000,28924,28931,12,0.00408857
1773322621.36566305,0.01671046,6213,0.00010933,0.00000000,0,0.00000000,28931,28943,24,0.00172473
1773322621.46465349,0.01518284,6209,0.00021849,0.00000000,0,0.00000000,28943,28950,21,0.00198394
1773322621.56442404,0.02654029,6226,0.00025617,0.00000000,0,0.00000000,28950,28933,22,0.00132059
1773322621.66446066,0.01403311,6179,0.00009578,0.00000000,0,0.00000000,28933,28925,21,0.00117311
1773322621.76521778,0.02232925,6222,0.00022852,0.00000000,0,0.00000000,28925,28930,12,0.00207712
1773322621.86447525,0.01252481,6241,0.00014042,0.00000000,0,0.00000000,28930,28920,20,0.00087050
1773322621.96464491,0.01174087,6257,0.00010591,0.00000000,0,0.00000000,28920,28926,17,0.00387606
1773322622.06479239,0.01575199,6251,0.00011834,0.00000000,0,0.00000000,28926,28908,18,0.00189848
1773322622.16495228,0.02081904,6199,0.00019798,0.00000000,0,0.00000000,28908,28913,23,0.00174523
1773322622.26508617,0.02004106,6267,0.00015986,0.00000000,0,0.00000000,28913,28916,12,0.00232066
1773322622.36515093,0.01582621,6257,0.00017486,0.00000000,0,0.00000000,28916,28915,14,0.00257822
1773322622.46536160,0.01947856,6237,0.00019647,0.00000000,0,0.00000000,28915,28913,15,0.00382132
1773322622.56545854,0.01748383,6251,0.00012883,0.00000000,0,0.00000000,28913,28904,20,0.00382019
1773322622.66538239,0.02021582,6265,0.00024522,0.00000000,0,0.00000000,28904,28912,18,0.00307649
1773322622.76640677,0.02604899,6282,0.00022515,0.00000000,0,0.00000000,28912,28916,12,0.00278684
1773322622.86545181,0.01699146,6276,0.00005709,0.00000000,0,0.00000000,28916,28921,17,0.00303002
1773322622.96583247,0.02023654,6260,0.00010723,0.00000000,0,0.00000000,28921,28926,18,0.00314757
1773322623.06563783,0.02212700,6265,0.00050324,0.00000000,0,0.00000000,28926,28913,12,0.00270952
1773322623.16482353,0.01366863,6266,0.00035624,0.00000000,0,0.00000000,28913,28916,22,0.00190067
1773322623.26493311,0.01548307,6253,0.00014323,0.00000000,0,0.00000000,28916,28923,23,0.00285270
1773322623.36493897,0.01451732,6273,0.00004220,0.00000000,0,0.00000000,28923,28926,13,0.00376786
1773322623.46498609,0.01226893,6252,0.00007252,0.00000000,0,0.00000000,28926,28934,22,0.00245207
1773322623.56456161,0.02203393,6221,0.00027345,0.00000000,0,0.00000000,28934,28941,19,0.00463668
1773322623.66439557,0.02088411,6232,0.00017161,0.00000000,0,0.00000000,28941,28953,25,0.00085810
1773322623.76456571,0.01663739,6193,0.00028377,0.00000000,0,0.00000000,28953,28943,20,0.00090070
1773322623.86468887,0.02505738,6199,0.00037445,0.00000000,0,0.00000000,28943,28943,30,0.00267973
1773322623.96474195,0.02254212,6226,0.00014540,0.00000000,0,0.00000000,28943,28944,25,0.00157020
1773322624.06498218,0.01545203,6195,0.00011671,0.00000000,0,0.00000000,28944,28952,23,0.00378424
1773322624.16503787,0.02337746,6148,0.00035557,0.00000000,0,0.00000000,28952,28947,23,0.00134310
1773322624.26499414,0.02371544,6082,0.00019222,0.00000000,0,0.00000000,28947,28952,19,0.00363078
1773322624.36508155,0.02367911,6136,0.00036352,0.00000000,0,0.00000000,28952,28938,18,0.00474991
1773322624.46515775,0.02623182,6070,0.00019432,0.00000000,0,0.00000000,28938,28945,25,0.00287952
1773322624.56525183,0.02209504,6072,0.00008864,0.00000000,0,0.00000000,28945,28945,17,0.00360766
1773322624.66515899,0.02238031,6040,0.00027787,0.00000000,0,0.00000000,28945,28951,22,0.00301310
1773322624.76523399,0.02161307,6047,0.00011584,0.00000000,0,0.00000000,28951,28948,20,0.00480079
1773322624.86531711,0.01496065,6014,0.00013593,0.00000000,0,0.00000000,28948,28932,19,0.00379900
1773322624.96546769,0.01311741,5956,0.00016497,0.00000000,0,0.00000000,28932,28938,24,0.00377212
1773322625.06448078,0.01328586,5974,0.00005625,0.00000000,0,0.00000000,28938,28944,19,0.00368147
1773322625.16434479,0.01726764,6008,0.00016375,0.00000000,0,0.00000000,28944,28951,16,0.00347558
1773322625.26535058,0.02412983,5939,0.00008041,0.00000000,0,0.00000000,28951,28951,16,0.00224696
1773322625.36514783,0.02067641,5947,0.00017197,0.00000000,0,0.00000000,28951,28951,22,0.00251318
1773322625.46505213,0.01449907,5966,0.00023884,0.00000000,0,0.00000000,28951,28956,24,0.00105869
1773322625.56486249,0.02268480,5930,0.00019271,0.00000000,0,0.00000000,28956,28966,24,0.00443854
1773322625.66477227,0.02129683,5957,0.00023650,0.00000000,0,0.00000000,28966,28970,20,0.00391390
1773322625.76462674,0.01643880,5912,0.00021335,0.00000000,0,0.00000000,28970,28976,20,0.00353672
1773322625.86451840,0.02368821,5947,0.00021142,0.00000000,0,0.00000000,28976,28982,15,0.00295548
1773322625.96454453,0.02401740,5948,0.00007785,0.00000000,0,0.00000000,28982,28976,16,0.00271928
1773322626.06501865,0.01812051,5892,0.00013449,0.00000000,0,0.00000000,28976,28977,20,0.00288153
1773322626.16493773,0.02485919,5887,0.00028321,0.00000000,0,0.00000000,28977,28989,24,0.00266411
1773322626.26583409,0.01603795,5899,0.00012760,0.00000000,0,0.00000000,28989,28994,19,0.00215741
1773322626.36568189,0.01144964,5893,0.00004326,0.00000000,0,0.00000000,28994,29001,16,0.00315695
1773322626.46556497,0.01143612,5834,0.00018580,0.00000000,0,0.00000000,29001,29001,26,0.00318060
1773322626.56440520,0.01302567,5893,0.00006314,0.00000000,0,0.00000000,29001,29007,20,0.00196258
1773322626.66525054,0.01495860,5861,0.00014422,0.00000000,0,0.00000000,29007,29013,12,0.00192206
1773322626.76622343,0.02111137,5832,0.00021055,0.00000000,0,0.00000000,29013,29016,18,0.00168364
1773322626.86515450,0.01829213,5827,0.00007314,0.00000000,0,0.00000000,29016,29020,11,0.00282103
1773322626.96518302,0.01902445,5832,0.00023364,0.00000000,0,0.00000000,29020,29026,21,0.00138016
1773322627.06495857,0.02261994,5828,0.00036956,0.00000000,0,0.00000000,29026,29028,24,0.00368194
1773322627.16489363,0.01819000,5873,0.00023466,0.00000000,0,0.00000000,29028,29038,17,0.00450543
1773322627.26467943,0.02075466,5850,0.00021864,0.00000000,0,0.00000000,29038,29029,17,0.00331769
1773322627.36462522,0.01988101,5900,0.00005595,0.00000000,0,0.00000000,29029,29030,16,0.00274335
1773322627.46464419,0.01539229,5860,0.00017325,0.00000000,0,0.00000000,29030,29039,15,0.00375381
1773322627.56462598,0.02873403,5830,0.00023758,0.00000000,0,0.00000000,29039,29027,20,0.00331063
1773322627.66457391,0.02084695,5781,0.00007479,0.00000000,0,0.00000000,29027,29026,9,0.00097585
1773322627.76486707,0.02092081,5919,0.00044369,0.00000000,0,0.00000000,29026,29021,23,0.00330624
1773322627.86478090,0.01197856,5797,0.00005590,0.00000000,0,0.00000000,29021,29016,17,0.00118939
1773322627.96463180,0.01142248,5848,0.00015795,0.00000000,0,0.00000000,29016,29018,21,0.00173628
1773322628.06558013,0.01706339,5803,0.00015952,0.00000000,0,0.00000000,29018,29021,12,0.00221158
1773322628.16540241,0.02166654,5870,0.00005873,0.00000000,0,0.00000000,29021,29023,11,0.00155443
1773322628.26537180,0.01381675,5853,0.00011326,0.00000000,0,0.00000000,29023,29027,18,0.00314606
1773322628.36538672,0.01716862,5849,0.00024108,0.00000000,0,0.00000000,29027,29031,20,0.00246834
1773322628.46517634,0.02195601,5822,0.00016381,0.00000000,0,0.00000000,29031,29028,15,0.00185372
1773322628.56509852,0.01736918,5858,0.00034590,0.00000000,0,0.00000000,29028,29012,23,0.00433500
1773322628.66494131,0.01746388,5867,0.00025580,0.00000000,0,0.00000000,29012,29020,22,0.00279788
1773322628.76460314,0.02053322,5895,0.00013724,0.00000000,0,0.00000000,29020,29025,16,0.00090363
1773322628.86480761,0.01775075,5915,0.00006830,0.00000000,0,0.00000000,29025,29032,21,0.00399201
1773322628.96465111,0.01629416,5941,0.00017495,0.00000000,0,0.00000000,29032,29029,20,0.00499900
1773322629.06447411,0.02820153,5920,0.00042513,0.00000000,0,0.00000000,29029,29021,21,0.00142527
1773322629.16435742,0.01820801,5954,0.00012806,0.00000000,0,0.00000000,29021,29028,18,0.00384688
1773322629.26522064,0.01619064,5924,0.00021341,0.00000000,0,0.00000000,29028,29035,21,0.00330971
1773322629.36446619,0.01361489,6013,0.00008006,0.00000000,0,0.00000000,29035,29041,17,0.00155766
1773322629.46492004,0.01058288,5989,0.00008801,0.00000000,0,0.00000000,29041,29046,18,0.00308087
1773322629.56441593,0.02253117,5986,0.00030705,0.00000000,0,0.00000000,29046,29047,23,0.00306149
1773322629.66563797,0.02395606,5978,0.00008092,0.00000000,0,0.00000000,29047,29041,15,0.00153234
1773322629.76470327,0.01740384,5969,0.00015929,0.00000000,0,0.00000000,29041,28997,21,0.00325348
1773322629.86539817,0.01843187,5967,0.00023049,0.00000000,0,0.00000000,28997,29004,22,0.00126870
1773322629.96456265,0.02419624,6019,0.00011931,0.00000000,0,0.00000000,29004,29007,21,0.00139210
1773322630.06542206,0.01745771,5964,0.00008064,0.00000000,0,0.00000000,29007,29005,17,0.00097106
1773322630.16526175,0.01992187,5939,0.00040527,0.00000000,0,0.00000000,29005,28997,23,0.00342006
1773322630.26526856,0.02088838,5952,0.00024753,0.00000000,0,0.00000000,28997,28996,20,0.00182195
1773322630.36522603,0.01941179,5961,0.00010161,0.00000000,0,0.00000000,28996,28998,22,0.00388164
1773322630.46512818,0.01706883,5945,0.00010839,0.00000000,0,0.00000000,28998,28997,13,0.00342464
1773322630.56494713,0.02316241,5947,0.00039498,0.00000000,0,0.00000000,28997,28993,15,0.00136908
1773322630.66480947,0.02141485,6047,0.00006909,0.00000000,0,0.00000000,28993,28997,17,0.00411783
1773322630.76479340,0.02041758,5963,0.00024359,0.00000000,0,0.00000000,28997,29007,20,0.00351722
1773322630.86464572,0.01096116,6040,0.00006384,0.00000000,0,0.00000000,28427,28439,22,0.00364080
1773322630.96452188,0.01086541,6020,0.00004582,0.00000000,0,0.00000000,24564,24575,20,0.00250109
1773322631.06455350,0.01716275,6014,0.00013636,0.00000000,0,0.00000000,24575,24582,18,0.00306451
1773322631.16453481,0.01467767,5933,0.00005995,0.00000000,0,0.00000000,24582,24587,12,0.00137518
1773322631.26446891,0.01940960,6006,0.00010957,0.00000000,0,0.00000000,24587,24592,21,0.00142829
1773322631.36460638,0.01650411,5914,0.00007850,0.00000000,0,0.00000000,24592,24598,11,0.00138154
1773322631.46449590,0.01276116,5939,0.00006313,0.00000000,0,0.00000000,24598,24602,15,0.00339023
1773322631.56486487,0.01625713,5975,0.00009397,0.00000000,0,0.00000000,24602,24603,12,0.00265626
1773322631.66441584,0.01823847,5963,0.00003283,0.00000000,0,0.00000000,24603,24606,15,0.00183987
1773322631.76481414,0.01322561,5959,0.00004620,0.00000000,0,0.00000000,24606,24611,16,0.00398037
1773322631.86464691,0.01357494,6018,0.00013646,0.00000000,0,0.00000000,24611,24614,13,0.00217709
1773322631.96467686,0.01619228,5993,0.00014110,0.00000000,0,0.00000000,24614,24622,18,0.00135443
1773322632.06539631,0.02479972,6036,0.00006828,0.00000000,0,0.00000000,24622,24629,19,0.00359125
1773322632.16529322,0.01226370,6077,0.00011974,0.00000000,0,0.00000000,24629,24634,15,0.00375315
1773322632.26540780,0.01591041,6051,0.00013368,0.00000000,0,0.00000000,24634,24638,14,0.00149063
1773322632.36530614,0.01104925,6088,0.00003285,0.00000000,0,0.00000000,24638,24642,17,0.00325457
1773322632.46524405,0.01079171,6058,0.00003991,0.00000000,0,0.00000000,24642,24646,15,0.00367954
1773322632.56532121,0.01265264,6031,0.00002437,0.00000000,0,0.00000000,24646,24648,8,0.00415009
1773322632.66525984,0.01747877,6016,0.00012752,0.00000000,0,0.00000000,24648,24652,18,0.00310223
1773322632.76503491,0.01780908,6008,0.00031615,0.00000000,0,0.00000000,24652,24661,20,0.00150127
1773322632.86511493,0.01484136,5994,0.00012396,0.00000000,0,0.00000000,24661,24668,17,0.00129605
1773322632.96497726,0.01680261,5956,0.00013343,0.00000000,0,0.00000000,24668,24673,15,0.00318149
1773322633.06491685,0.01397293,5852,0.00005585,0.00000000,0,0.00000000,24673,24679,18,0.00153606
1773322633.16471148,0.01718780,5959,0.00014257,0.00000000,0,0.00000000,24679,24686,19,0.00350831
1773322633.26475024,0.01644076,5885,0.00016625,0.00000000,0,0.00000000,24686,24690,16,0.00154066
1773322633.36466742,0.01380851,5876,0.00001660,0.00000000,0,0.00000000,24690,24690,13,0.00396055
1773322633.46448851,0.01164344,5880,0.00008507,0.00000000,0,0.00000000,24690,24698,20,0.00367522
1773322633.56440663,0.01860910,5932,0.00008018,0.00000000,0,0.00000000,24698,24705,20,0.00314011
1773322633.66444135,0.02505365,5975,0.00019739,0.00000000,0,0.00000000,24705,24711,11,0.00380575
1773322633.76518846,0.01664956,5954,0.00016576,0.00000000,0,0.00000000,24711,24715,20,0.00543608
1773322633.86505842,0.01169242,5973,0.00005112,0.00000000,0,0.00000000,24715,24719,10,0.00559113
1773322633.96460271,0.01156231,6023,0.00005295,0.00000000,0,0.00000000,24719,24724,19,0.00177193
1773322634.06492376,0.01673337,5992,0.00005990,0.00000000,0,0.00000000,24724,24726,23,0.00452424
1773322634.16493368,0.02015066,6064,0.00013188,0.00000000,0,0.00000000,24726,24730,18,0.00148964
1773322634.26491332,0.01968901,6082,0.00017175,0.00000000,0,0.00000000,24730,24731,19,0.00142931
1773322634.36483359,0.01687701,6120,0.00003356,0.00000000,0,0.00000000,24731,24737,13,0.00115410
1773322634.46559882,0.01561331,6132,0.00012620,0.00000000,0,0.00000000,24737,24739,18,0.00434580
1773322634.56553602,0.01926001,6117,0.00020158,0.00000000,0,0.00000000,24739,24747,19,0.00211435
1773322634.66546941,0.02715864,6140,0.00008099,0.00000000,0,0.00000000,24747,24749,17,0.00361206
1773322634.76463008,0.03325974,6193,0.00009635,0.00000000,0,0.00000000,24749,24754,23,0.00374397
1773322634.86443567,0.04530221,6231,0.00014153,0.00000000,0,0.00000000,24754,24760,18,0.00467131
1773322634.96548843,0.02224262,6173,0.00028029,0.00000000,0,0.00000000,24760,24764,15,0.00124813
1773322635.06540084,0.02127249,6215,0.00006749,0.00000000,0,0.00000000,24764,24765,20,0.00274369
1773322635.16536331,0.02041588,6179,0.00026209,0.00000000,0,0.00000000,24765,24779,28,0.00610991
1773322635.26529670,0.02307993,6188,0.00007026,0.00000000,0,0.00000000,24779,24787,18,0.00460717
1773322635.36519766,0.01630166,6191,0.00022705,0.00000000,0,0.00000000,24787,24793,19,0.00342531
1773322635.46516490,0.01589890,6207,0.00006168,0.00000000,0,0.00000000,24793,24791,12,0.00318055
1773322635.56513238,0.02583410,6216,0.00014767,0.00000000,0,0.00000000,24791,24798,16,0.00744279
1773322635.66509295,0.02174391,6187,0.00008851,0.00000000,0,0.00000000,24798,24805,23,0.00293226
1773322635.76496792,0.01815664,6171,0.00021927,0.00000000,0,0.00000000,24805,24809,23,0.00149383
1773322635.86499500,0.01898229,6054,0.00011828,0.00000000,0,0.00000000,24809,24818,23,0.00140342
1773322635.96480989,0.02235765,6117,0.00022775,0.00000000,0,0.00000000,24818,24828,24,0.00212487
1773322636.06470537,0.01787719,6081,0.00009000,0.00000000,0,0.00000000,24828,24833,16,0.00382176
1773322636.16464996,0.02001177,6076,0.00017735,0.00000000,0,0.00000000,24833,24839,23,0.00320641
1773322636.26475835,0.02592400,6037,0.00025808,0.00000000,0,0.00000000,24839,24842,22,0.00201311
1773322636.36471486,0.01821191,6068,0.00012733,0.00000000,0,0.00000000,24842,24847,12,0.00134300
1773322636.46466231,0.02409114,6099,0.00017233,0.00000000,0,0.00000000,24847,24854,21,0.00276441
1773322636.56458235,0.02052395,6094,0.00025339,0.00000000,0,0.00000000,24854,24861,21,0.00144155
1773322636.66452575,0.02828367,6059,0.00009875,0.00000000,0,0.00000000,24861,24867,27,0.00397813
1773322636.76448154,0.02554188,6101,0.00005392,0.00000000,0,0.00000000,24867,24871,16,0.00419304
1773322636.86449504,0.02065099,6079,0.00020559,0.00000000,0,0.00000000,24871,24881,25,0.00210712
1773322636.96448302,0.02499262,6137,0.00005128,0.00000000,0,0.00000000,24881,24887,18,0.00162591
1773322637.06492281,0.02273139,6083,0.00028935,0.00000000,0,0.00000000,24887,24894,29,0.00256149
1773322637.16493630,0.02646220,6124,0.00012753,0.00000000,0,0.00000000,24894,24899,28,0.00123284
1773322637.26480579,0.02057975,6140,0.00015583,0.00000000,0,0.00000000,24899,24900,17,0.00129962
1773322637.36479473,0.02073122,6172,0.00006364,0.00000000,0,0.00000000,24900,24906,20,0.00151202
1773322637.46492600,0.02156837,6173,0.00012053,0.00000000,0,0.00000000,24906,24911,19,0.00179639
1773322637.56487679,0.02330305,6109,0.00007757,0.00000000,0,0.00000000,24911,24915,23,0.00241851
1773322637.66478062,0.02222262,6162,0.00025599,0.00000000,0,0.00000000,24915,24916,25,0.00167553
1773322637.76478004,0.02008786,6174,0.00003668,0.00000000,0,0.00000000,24916,24922,12,0.00285139
1773322637.86578321,0.01839343,6125,0.00019764,0.00000000,0,0.00000000,24922,24931,23,0.00209422
1773322637.96454835,0.02553969,6174,0.00035833,0.00000000,0,0.00000000,24931,24936,18,0.00243478
1773322638.06568933,0.01917505,6120,0.00004964,0.00000000,0,0.00000000,24936,24935,22,0.00102498
1773322638.16454291,0.01858122,6179,0.00013063,0.00000000,0,0.00000000,24935,24939,22,0.00316664
1773322638.26450014,0.01620589,6208,0.00003679,0.00000000,0,0.00000000,24939,24945,14,0.00261314
1773322638.36554193,0.01942839,6169,0.00015799,0.00000000,0,0.00000000,24945,24954,33,0.00152210
1773322638.46445227,0.01534081,6170,0.00003229,0.00000000,0,0.00000000,24954,24959,13,0.00280198
1773322638.56534481,0.01576904,6257,0.00005635,0.00000000,0,0.00000000,24959,24963,21,0.00392697
1773322638.66555119,0.01992113,6183,0.00011664,0.00000000,0,0.00000000,24963,24969,22,0.00585657
1773322638.76533413,0.02664752,6234,0.00007914,0.00000000,0,0.00000000,24969,24976,19,0.00234550
1773322638.86555409,0.02179760,6166,0.00005591,0.00000000,0,0.00000000,24976,24982,19,0.00143795
1773322638.96547198,0.01991831,6211,0.00042694,0.00000000,0,0.00000000,24982,24989,29,0.00161279
1773322639.06547260,0.02842489,6174,0.00023109,0.00000000,0,0.00000000,24989,24991,27,0.00181084
1773322639.16541958,0.02758886,6119,0.00027868,0.00000000,0,0.00000000,24991,25007,30,0.00206344
1773322639.26521015,0.02130486,6134,0.00020680,0.00000000,0,0.00000000,25007,25013,24,0.00390431
1773322639.36522317,0.02016926,6109,0.00024786,0.00000000,0,0.00000000,25013,25020,21,0.00203313
1773322639.46518064,0.02717566,6147,0.00012920,0.00000000,0,0.00000000,25020,25023,21,0.00198440
1773322639.56509948,0.03247388,6188,0.00043388,0.00000000,0,0.00000000,25023,25031,26,0.00179893
1773322639.66517711,0.02062057,6172,0.00029477,0.00000000,0,0.00000000,25031,25032,15,0.00255398
1773322639.76508880,0.02814547,6185,0.00028910,0.00000000,0,0.00000000,25032,25035,21,0.00100072
1773322639.86513424,0.01671859,6230,0.00006224,0.00000000,0,0.00000000,25035,25042,24,0.00318900
1773322639.96524906,0.01754228,6221,0.00005457,0.00000000,0,0.00000000,25042,25048,21,0.00213949
1773322640.06504726,0.02448303,6265,0.00016967,0.00000000,0,0.00000000,25048,25052,17,0.00167416
1773322640.16499043,0.02096895,6244,0.00016584,0.00000000,0,0.00000000,25052,25058,21,0.00333267
1773322640.26496768,0.01974726,6242,0.00014009,0.00000000,0,0.00000000,25058,25061,23,0.00140896
1773322640.36477661,0.02347868,6226,0.00003005,0.00000000,0,0.00000000,25061,25061,11,0.00101252
1773322640.46477938,0.02167998,6271,0.00006240,0.00000000,0,0.00000000,25061,25069,30,0.00366829
1773322640.56469464,0.02339862,6289,0.00014873,0.00000000,0,0.00000000,25069,25074,21,0.00590478
1773322640.66469765,0.02517786,6250,0.00029724,0.00000000,0,0.00000000,25074,25079,20,0.00153289
1773322640.76463842,0.02113509,6264,0.00010113,0.00000000,0,0.00000000,25079,25086,21,0.00304978
1773322640.86471605,0.02405348,6293,0.00031397,0.00000000,0,0.00000000,25086,25099,29,0.00164576
1773322640.96489453,0.02442721,6264,0.00020375,0.00000000,0,0.00000000,25099,25105,26,0.00164642
1773322641.06461763,0.02806667,6300,0.00006305,0.00000000,0,0.00000000,25105,25107,18,0.00420379
1773322641.16451621,0.02430724,6303,0.00019794,0.00000000,0,0.00000000,25107,25112,21,0.00391002
1773322641.26459742,0.02475157,6278,0.00004931,0.00000000,0,0.00000000,25112,25115,18,0.00122758
1773322641.36444521,0.01459218,6348,0.00006531,0.00000000,0,0.00000000,25115,25123,26,0.00212782
1773322641.46458626,0.01770821,6306,0.00008575,0.00000000,0,0.00000000,25123,25132,27,0.00339188
1773322641.56455183,0.02571634,6302,0.00032254,0.00000000,0,0.00000000,25132,25138,32,0.00075873
1773322641.66454816,0.01808331,6295,0.00006468,0.00000000,0,0.00000000,25138,25147,33,0.00388908
1773322641.76449919,0.02997548,6250,0.00014959,0.00000000,0,0.00000000,25147,25152,25,0.00159795
1773322641.86433530,0.02755509,6284,0.00021819,0.00000000,0,0.00000000,25152,25163,30,0.00143621
1773322641.96444011,0.02308602,6315,0.00007341,0.00000000,0,0.00000000,25163,25171,30,0.00274553
1773322642.06446171,0.02265333,6286,0.00020599,0.00000000,0,0.00000000,25171,25177,23,0.00378374
1773322642.16458869,0.02689054,6231,0.00011728,0.00000000,0,0.00000000,25177,25180,19,0.00340279
1773322642.26435804,0.02330314,6307,0.00007179,0.00000000,0,0.00000000,25180,25174,20,0.00434837
1773322642.36442018,0.02261021,6283,0.00018544,0.00000000,0,0.00000000,25174,25181,25,0.00412346
1773322642.46447349,0.02626332,6316,0.00014568,0.00000000,0,0.00000000,25181,25189,17,0.00158558
1773322642.56440759,0.03775082,6292,0.00011999,0.00000000,0,0.00000000,25189,25193,29,0.00431180
1773322642.66572976,0.02234584,6285,0.00022125,0.00000000,0,0.00000000,25193,25205,28,0.00336158
1773322642.76574063,0.02832928,6281,0.00027472,0.00000000,0,0.00000000,25205,25214,23,0.00367168
1773322642.86442494,0.01754843,6317,0.00005082,0.00000000,0,0.00000000,25214,25225,26,0.00214070
1773322642.96586680,0.01799968,6272,0.00004719,0.00000000,0,0.00000000,25225,25230,16,0.00187974
1773322643.06558967,0.02068072,6291,0.00039951,0.00000000,0,0.00000000,25230,25238,23,0.00213402
1773322643.16568470,0.02787057,6304,0.00032366,0.00000000,0,0.00000000,25238,25243,26,0.00205718
1773322643.26554608,0.02022501,6293,0.00004721,0.00000000,0,0.00000000,25243,25249,18,0.00148972
1773322643.36572576,0.02379163,6294,0.00027592,0.00000000,0,0.00000000,25249,25248,28,0.00124918
1773322643.46560264,0.03549829,6288,0.00022820,0.00000000,0,0.00000000,25248,25252,24,0.00102891
1773322643.56564760,0.02543090,6283,0.00016853,0.00000000,0,0.00000000,25252,25262,25,0.00088839
1773322643.66562462,0.02613159,6293,0.00011139,0.00000000,0,0.00000000,25262,25262,23,0.00344117
1773322643.76558065,0.02470989,6274,0.00017026,0.00000000,0,0.00000000,25262,25270,25,0.00116906
1773322643.86562371,0.03525404,6288,0.00007467,0.00000000,0,0.00000000,25270,25277,27,0.00188718
1773322643.96572852,0.03088440,6244,0.00009728,0.00000000,0,0.00000000,25277,25283,23,0.00220050
1773322644.06553626,0.02101648,6333,0.00026086,0.00000000,0,0.00000000,25283,25287,25,0.00279328
1773322644.16565800,0.02998890,6224,0.00030717,0.00000000,0,0.00000000,25287,25295,30,0.00134246
1773322644.26534009,0.02273160,6262,0.00010060,0.00000000,0,0.00000000,25295,25304,23,0.00458380
1773322644.36455512,0.01904151,6206,0.00007205,0.00000000,0,0.00000000,25304,25316,29,0.00204723
1773322644.46450543,0.01795523,6256,0.00007484,0.00000000,0,0.00000000,25316,25321,28,0.00280104
1773322644.56538796,0.02041114,6179,0.00007008,0.00000000,0,0.00000000,25321,25328,21,0.00314736
1773322644.66452742,0.02360181,6227,0.00018862,0.00000000,0,0.00000000,25328,25331,22,0.00319056
1773322644.76539683,0.02455826,6202,0.00020036,0.00000000,0,0.00000000,25331,25342,25,0.00171765
1773322644.86533093,0.03168038,6210,0.00007870,0.00000000,0,0.00000000,25342,25351,24,0.00136847
1773322644.96558595,0.03108116,6224,0.00009444,0.00000000,0,0.00000000,25351,25363,21,0.00192442
1773322645.06540895,0.02688025,6204,0.00029836,0.00000000,0,0.00000000,25363,25366,22,0.00149373
1773322645.16539764,0.02218553,6182,0.00007757,0.00000000,0,0.00000000,25366,25369,17,0.00180825
1773322645.26540923,0.02064610,6183,0.00004666,0.00000000,0,0.00000000,25369,25374,20,0.00122320
1773322645.36536002,0.02763259,6231,0.00016665,0.00000000,0,0.00000000,25374,25381,16,0.00326301
1773322645.46536875,0.02611887,6170,0.00024642,0.00000000,0,0.00000000,25381,25386,22,0.00192328
1773322645.56534076,0.02727695,6176,0.00029885,0.00000000,0,0.00000000,25386,25392,22,0.00277990
1773322645.66530633,0.01676434,6133,0.00021465,0.00000000,0,0.00000000,25392,25399,25,0.00206811
1773322645.76526189,0.02592334,6180,0.00012859,0.00000000,0,0.00000000,25399,25407,20,0.00154599
1773322645.86520648,0.01363193,6137,0.00004887,0.00000000,0,0.00000000,25407,25414,29,0.00256121
1773322645.96547437,0.01562098,6158,0.00004942,0.00000000,0,0.00000000,25414,25422,24,0.00132173
1773322646.06514025,0.01749176,6146,0.00019501,0.00000000,0,0.00000000,25422,25428,19,0.00118764
1773322646.16510868,0.02370476,6144,0.00011893,0.00000000,0,0.00000000,25428,25429,13,0.00175403
1773322646.26525450,0.02773735,6125,0.00005733,0.00000000,0,0.00000000,25429,25439,22,0.00407730
1773322646.36511874,0.02031463,6136,0.00027037,0.00000000,0,0.00000000,25439,25448,32,0.00275438
1773322646.46516967,0.01818369,6134,0.00014146,0.00000000,0,0.00000000,25448,25459,30,0.00113860
1773322646.56509805,0.02637488,6113,0.00012411,0.00000000,0,0.00000000,25459,25470,23,0.00167758
1773322646.66500878,0.02312764,6138,0.00006469,0.00000000,0,0.00000000,25470,25480,31,0.00346316
1773322646.76507235,0.01976178,6110,0.00009055,0.00000000,0,0.00000000,25480,25498,31,0.00353318
1773322646.86505914,0.02599205,6122,0.00026399,0.00000000,0,0.00000000,25498,25509,26,0.00153516
1773322646.96505952,0.02502148,6077,0.00011675,0.00000000,0,0.00000000,25509,25509,19,0.00203447
1773322647.06498194,0.03321680,6099,0.00022237,0.00000000,0,0.00000000,25509,25514,25,0.00327915
1773322647.16492748,0.02022165,6044,0.00010670,0.00000000,0,0.00000000,25514,25515,26,0.00149126
1773322647.26490402,0.02549399,6051,0.00015200,0.00000000,0,0.00000000,25515,25522,22,0.00224727
1773322647.36497283,0.01847401,5997,0.00004252,0.00000000,0,0.00000000,25522,25530,19,0.00364003
1773322647.46494865,0.01678293,5976,0.00003433,0.00000000,0,0.00000000,25530,25533,18,0.00382703
1773322647.56488848,0.01575342,5921,0.00004538,0.00000000,0,0.00000000,25533,25538,12,0.00244445
1773322647.66491342,0.01905303,5755,0.00022158,0.00000000,0,0.00000000,25538,25541,22,0.00193778
1773322647.76481891,0.01953460,5498,0.00007821,0.00000000,0,0.00000000,25541,25546,24,0.00193669
1773322647.86489272,0.01589921,5291,0.00009832,0.00000000,0,0.00000000,25546,25560,24,0.00227614
1773322647.96489930,0.02128805,5043,0.00023109,0.00000000,0,0.00000000,25560,25570,25,0.00118107
1773322648.06598425,0.01464898,5059,0.00008889,0.00000000,0,0.00000000,25570,25576,10,0.00084708
1773322648.16495299,0.01395736,4815,0.00019694,0.00000000,0,0.00000000,25576,25584,23,0.00250043
1773322648.26487064,0.02009207,4861,0.00023573,0.00000000,0,0.00000000,25584,25588,19,0.00251060
1773322648.36488962,0.01682029,4812,0.00017746,0.00000000,0,0.00000000,25588,25591,11,0.00173791
1773322648.46475339,0.01202669,4853,0.00004147,0.00000000,0,0.00000000,25591,25595,17,0.00251667
1773322648.56491232,0.01529400,4669,0.00020101,0.00000000,0,0.00000000,25595,25597,15,0.00339156
1773322648.66489124,0.01747798,4528,0.00014148,0.00000000,0,0.00000000,25597,25603,20,0.00198755
1773322648.76484060,0.01145658,4383,0.00026094,0.00000000,0,0.00000000,25603,25608,19,0.00221046
1773322648.86472631,0.01066511,4357,0.00005566,0.00000000,0,0.00000000,25608,25615,13,0.00257960
1773322648.96487784,0.01129212,4311,0.00009235,0.00000000,0,0.00000000,25615,25619,18,0.00146451
1773322649.06484795,0.01092983,4278,0.00004338,0.00000000,0,0.00000000,25619,25624,13,0.00237090
1773322649.16471100,0.01056911,4440,0.00010412,0.00000000,0,0.00000000,25624,25631,24,0.00235984
1773322649.26483512,0.01486610,4494,0.00017552,0.00000000,0,0.00000000,25631,25633,19,0.00137351
1773322649.36462522,0.01260425,4814,0.00018210,0.00000000,0,0.00000000,25633,25642,21,0.00132935
1773322649.46465278,0.02231131,5078,0.00025276,0.00000000,0,0.00000000,25642,25644,23,0.00189392
1773322649.56462574,0.02709704,5484,0.00012507,0.00000000,0,0.00000000,25644,25656,30,0.00255275
1773322649.66494131,0.02435216,5651,0.00013628,0.00000000,0,0.00000000,25656,25677,31,0.00220786
1773322649.76457882,0.02483611,5817,0.00023401,0.00000000,0,0.00000000,25677,25686,33,0.00138503
1773322649.86476970,0.03121030,5967,0.00008160,0.00000000,0,0.00000000,25686,25694,23,0.00105254
1773322649.96478462,0.02598535,5973,0.00039716,0.00000000,0,0.00000000,25694,25706,35,0.00320179
1773322650.06461263,0.02054292,6031,0.00031585,0.00000000,0,0.00000000,25706,25723,34,0.00314929
1773322650.16453409,0.03176428,6063,0.00046101,0.00000000,0,0.00000000,25723,25729,27,0.00220120
1773322650.26464176,0.01931683,6061,0.00009135,0.00000000,0,0.00000000,25729,25735,25,0.00242299
1773322650.36486411,0.01826864,6003,0.00009313,0.00000000,0,0.00000000,25735,25743,25,0.00502758
1773322650.46462655,0.01555801,5933,0.00008953,0.00000000,0,0.00000000,25743,25738,15,0.00312654
1773322650.56460905,0.01522169,5922,0.00007006,0.00000000,0,0.00000000,25738,25741,23,0.00211269
1773322650.66468072,0.01783522,5903,0.00019232,0.00000000,0,0.00000000,25741,25752,22,0.00513792
1773322650.76458597,0.01957786,5953,0.00021553,0.00000000,0,0.00000000,25752,25758,24,0.00218632
1773322650.86453223,0.02245544,6035,0.00042698,0.00000000,0,0.00000000,25758,25770,29,0.00227487
1773322650.96464348,0.01602420,6053,0.00009056,0.00000000,0,0.00000000,25770,25779,25,0.00144221
1773322651.06455684,0.01771592,6092,0.00023010,0.00000000,0,0.00000000,25779,25792,23,0.00188491
1773322651.16459870,0.02184778,6110,0.00022907,0.00000000,0,0.00000000,25792,25806,27,0.00188447
1773322651.26457858,0.01821855,6130,0.00011478,0.00000000,0,0.00000000,25806,25818,34,0.00194839
1773322651.36459827,0.02364676,6185,0.00036558,0.00000000,0,0.00000000,25818,25814,21,0.00246422
1773322651.46459007,0.01788039,6154,0.00021146,0.00000000,0,0.00000000,25814,25825,28,0.00209966
1773322651.56453729,0.01751746,6212,0.00011234,0.00000000,0,0.00000000,25825,25840,35,0.00135496
1773322651.66457748,0.01726391,6173,0.00015342,0.00000000,0,0.00000000,25840,25846,17,0.00211558
1773322651.76463628,0.02466978,6226,0.00008361,0.00000000,0,0.00000000,25846,25848,16,0.00095234
1773322651.86447906,0.01951681,6220,0.00015545,0.00000000,0,0.00000000,25848,25862,25,0.00237218
1773322651.96446943,0.01582814,6232,0.00010080,0.00000000,0,0.00000000,25862,25865,22,0.00294640
1773322652.06465721,0.01295680,6167,0.00004958,0.00000000,0,0.00000000,25865,25872,21,0.00303781
1773322652.16456985,0.01536636,6202,0.00008052,0.00000000,0,0.00000000,25872,25884,35,0.00255933
1773322652.26465964,0.02294302,6150,0.00024955,0.00000000,0,0.00000000,25884,25894,32,0.00091971
1773322652.36455631,0.02256189,6180,0.00012920,0.00000000,0,0.00000000,25894,25890,18,0.00138718
1773322652.46456146,0.02194999,6174,0.00018422,0.00000000,0,0.00000000,25890,25894,21,0.00089791
1773322652.56475568,0.01610001,6189,0.00019675,0.00000000,0,0.00000000,25894,25904,21,0.00085605
1773322652.66459441,0.02206748,6227,0.00023866,0.00000000,0,0.00000000,25904,25904,21,0.00252672
1773322652.76458216,0.01962589,6179,0.00012269,0.00000000,0,0.00000000,25904,25919,30,0.00326728
1773322652.86441875,0.02625554,6201,0.00025712,0.00000000,0,0.00000000,25919,25927,27,0.00110860
1773322652.96443057,0.02152187,6199,0.00010906,0.00000000,0,0.00000000,25927,25943,33,0.00156292
1773322653.06441784,0.02293851,6194,0.00009739,0.00000000,0,0.00000000,25943,25951,28,0.00210956
1773322653.16442204,0.02050763,6235,0.00019104,0.00000000,0,0.00000000,25951,25954,20,0.00180189
1773322653.26458740,0.02547153,6258,0.00030315,0.00000000,0,0.00000000,25954,25963,34,0.00158511
1773322653.36454821,0.02824588,6218,0.00016034,0.00000000,0,0.00000000,25963,25987,37,0.00149045
1773322653.46447873,0.03340041,6295,0.00047702,0.00000000,0,0.00000000,25987,25990,36,0.00287420
1773322653.56461096,0.02209532,6241,0.00011150,0.00000000,0,0.00000000,25990,25996,21,0.00316348
1773322653.66454530,0.02647438,6253,0.00035477,0.00000000,0,0.00000000,25996,26015,35,0.00201620
1773322653.76446557,0.01757447,6270,0.00009747,0.00000000,0,0.00000000,26015,26025,26,0.00190644
1773322653.86447024,0.01867714,6247,0.00008810,0.00000000,0,0.00000000,26025,26035,31,0.00177848
1773322653.96448231,0.01668267,6265,0.00013364,0.00000000,0,0.00000000,26035,26037,44,0.00202937
1773322654.06460786,0.01807872,6248,0.00011890,0.00000000,0,0.00000000,26037,26053,41,0.00307736
1773322654.16450667,0.02470691,6293,0.00021180,0.00000000,0,0.00000000,26053,26063,27,0.00123518
1773322654.26443386,0.01835172,6237,0.00020643,0.00000000,0,0.00000000,26063,26066,31,0.00097800
1773322654.36443591,0.02313656,6298,0.00027580,0.00000000,0,0.00000000,26066,26075,41,0.00282320
1773322654.46460700,0.01961497,6282,0.00024061,0.00000000,0,0.00000000,26075,26081,26,0.00101565
1773322654.56457090,0.02081048,6269,0.00030819,0.00000000,0,0.00000000,26081,26072,31,0.00122626
1773322654.66447997,0.02343942,6252,0.00034259,0.00000000,0,0.00000000,26072,26067,29,0.00155542
1773322654.76445508,0.02356810,6220,0.00012327,0.00000000,0,0.00000000,26067,26078,29,0.00336821
1773322654.86462951,0.02135231,6240,0.00011285,0.00000000,0,0.00000000,26078,26078,28,0.00202779
1773322654.96451235,0.02618561,6194,0.00012833,0.00000000,0,0.00000000,26078,26090,28,0.00191405
1773322655.06446648,0.02695469,6218,0.00020109,0.00000000,0,0.00000000,26090,26107,39,0.00320822
1773322655.16444874,0.02958502,6235,0.00015804,0.00000000,0,0.00000000,26107,26119,29,0.00301324
1773322655.26458335,0.02866601,6232,0.00032793,0.00000000,0,0.00000000,26119,26127,29,0.00472626
1773322655.36458993,0.02619556,6178,0.00032801,0.00000000,0,0.00000000,26127,26131,30,0.00286170
1773322655.46463275,0.03327906,6193,0.00039465,0.00000000,0,0.00000000,26131,26132,28,0.00381223
1773322655.56440926,0.02516429,6247,0.00010859,0.00000000,0,0.00000000,26132,26140,26,0.00185887
1773322655.66453195,0.02748006,6229,0.00039575,0.00000000,0,0.00000000,26140,26159,32,0.00301824
1773322655.76456141,0.03909751,6288,0.00012952,0.00000000,0,0.00000000,26159,26164,22,0.00092243
1773322655.86449432,0.02283033,6317,0.00011637,0.00000000,0,0.00000000,26164,26177,30,0.00203214
1773322655.96458411,0.01960131,6313,0.00015988,0.00000000,0,0.00000000,26177,26181,40,0.00206598
1773322656.06456304,0.02046517,6331,0.00016286,0.00000000,0,0.00000000,26181,26183,30,0.00099849
1773322656.16456676,0.01842204,6329,0.00012825,0.00000000,0,0.00000000,26183,26192,25,0.00099974
1773322656.26446652,0.01359741,6335,0.00010738,0.00000000,0,0.00000000,26192,26205,26,0.00230983
1773322656.36449361,0.02100025,6324,0.00006203,0.00000000,0,0.00000000,26205,26215,20,0.00165442
1773322656.46447039,0.02355549,6320,0.00028502,0.00000000,0,0.00000000,26215,26227,30,0.00214415
1773322656.56457448,0.02285480,6330,0.00023211,0.00000000,0,0.00000000,26227,26234,23,0.00207290
1773322656.66464329,0.01985652,6272,0.00024483,0.00000000,0,0.00000000,26234,26243,26,0.00184116
1773322656.76447368,0.02207446,6280,0.00032288,0.00000000,0,0.00000000,26243,26247,25,0.00332535
1773322656.86451554,0.01804621,6350,0.00034133,0.00000000,0,0.00000000,26247,26262,32,0.00355957
1773322656.96461868,0.02252110,6268,0.00020314,0.00000000,0,0.00000000,26262,26276,30,0.00203496
1773322657.06450248,0.01785089,6315,0.00019945,0.00000000,0,0.00000000,26276,26281,26,0.00097573
1773322657.16464353,0.02037195,6318,0.00026381,0.00000000,0,0.00000000,26281,26292,26,0.00123507
1773322657.26456857,0.01629191,6326,0.00014720,0.00000000,0,0.00000000,26292,26300,20,0.00090553
1773322657.36465669,0.01825656,6323,0.00028535,0.00000000,0,0.00000000,26300,26287,26,0.00193456
1773322657.46455669,0.02007803,6293,0.00009355,0.00000000,0,0.00000000,26287,26282,18,0.00194803
1773322657.56458855,0.03034709,6322,0.00056521,0.00000000,0,0.00000000,26282,26294,26,0.00173197
1773322657.66455722,0.01764116,6311,0.00007205,0.00000000,0,0.00000000,26294,26297,20,0.00251194
1773322657.76458883,0.01992450,6325,0.00012125,0.00000000,0,0.00000000,26297,26304,14,0.00371197
1773322657.86456919,0.01493550,6323,0.00006693,0.00000000,0,0.00000000,26304,26304,21,0.00337386
1773322657.96462417,0.01115984,6327,0.00013180,0.00000000,0,0.00000000,26304,26289,23,0.00346674
1773322658.06460595,0.01334571,6327,0.00011403,0.00000000,0,0.00000000,26289,26298,26,0.00505675
1773322658.16455221,0.02691247,6355,0.00035979,0.00000000,0,0.00000000,26298,26303,25,0.00212258
1773322658.26475811,0.01565865,6321,0.00005883,0.00000000,0,0.00000000,26303,26310,25,0.00260220
1773322658.36461663,0.01585281,6302,0.00020274,0.00000000,0,0.00000000,26310,26312,26,0.00183355
1773322658.46465802,0.01825087,6298,0.00007190,0.00000000,0,0.00000000,26312,26313,26,0.00160302
1773322658.56462789,0.02106873,6345,0.00026333,0.00000000,0,0.00000000,26313,26318,26,0.00225844
1773322658.66473079,0.02081031,6281,0.00007866,0.00000000,0,0.00000000,26318,26320,28,0.00274141
1773322658.76456904,0.02163161,6324,0.00012603,0.00000000,0,0.00000000,26320,26336,30,0.00228988
1773322658.86476207,0.02821100,6283,0.00053725,0.00000000,0,0.00000000,26336,26348,31,0.00295378
1773322658.96470380,0.02657602,6279,0.00026166,0.00000000,0,0.00000000,26348,26359,40,0.00219530
1773322659.06468201,0.02728171,6330,0.00043403,0.00000000,0,0.00000000,26359,26370,28,0.00331933
1773322659.16478348,0.02913391,6342,0.00036959,0.00000000,0,0.00000000,26370,26377,40,0.00278825
1773322659.26464510,0.02327421,6358,0.00046734,0.00000000,0,0.00000000,26377,26389,48,0.00315981
1773322659.36465693,0.02092623,6345,0.00021758,0.00000000,0,0.00000000,26389,26406,23,0.00180343
1773322659.46464062,0.02431403,6379,0.00022809,0.00000000,0,0.00000000,26406,26411,44,0.00225095
1773322659.56479120,0.03262610,6350,0.00042089,0.00000000,0,0.00000000,26411,26423,31,0.00320894
1773322659.66465616,0.02069381,6359,0.00032511,0.00000000,0,0.00000000,26423,26430,37,0.00144491
1773322659.76484871,0.03046622,6325,0.00054307,0.00000000,0,0.00000000,26430,26447,32,0.00160035
1773322659.86474037,0.01898022,6305,0.00016865,0.00000000,0,0.00000000,26447,26466,40,0.00456065
1773322659.96469641,0.01841757,6311,0.00027932,0.00000000,0,0.00000000,26466,26472,41,0.00326251
1773322660.06475663,0.01709603,6293,0.00018511,0.00000000,0,0.00000000,26472,26474,30,0.00150066
1773322660.16475844,0.01780134,6359,0.00012529,0.00000000,0,0.00000000,26474,26487,31,0.00170330
1773322660.26470518,0.02787283,6384,0.00019971,0.00000000,0,0.00000000,26487,26511,40,0.00156036
1773322660.36488390,0.02643384,6338,0.00011801,0.00000000,0,0.00000000,26511,26524,28,0.00096774
1773322660.46479630,0.02649878,6371,0.00050172,0.00000000,0,0.00000000,26524,26525,26,0.00120929
1773322660.56486320,0.02730159,6350,0.00015624,0.00000000,0,0.00000000,26525,26534,22,0.00186601
1773322660.66478992,0.02520810,6335,0.00011061,0.00000000,0,0.00000000,26534,26545,25,0.00356779
1773322660.76488662,0.02336819,6353,0.00028542,0.00000000,0,0.00000000,26545,26550,29,0.00161810
1773322660.86475301,0.01825245,6336,0.00009800,0.00000000,0,0.00000000,26550,26558,26,0.00239781
1773322660.96489501,0.02129799,6366,0.00010193,0.00000000,0,0.00000000,26558,26562,28,0.00263858
1773322661.06485510,0.02116126,6377,0.00015901,0.00000000,0,0.00000000,26562,26563,29,0.00450457
1773322661.16486073,0.02419368,6349,0.00014483,0.00000000,0,0.00000000,26563,26558,33,0.00151415
1773322661.26482725,0.02204514,6361,0.00031107,0.00000000,0,0.00000000,26558,26568,23,0.00294071
1773322661.36483145,0.02447758,6337,0.00018787,0.00000000,0,0.00000000,26568,26579,26,0.00260235
1773322661.46484494,0.02653242,6364,0.00027233,0.00000000,0,0.00000000,26579,26587,30,0.00429988
1773322661.56480718,0.01811412,6351,0.00012397,0.00000000,0,0.00000000,26587,26591,30,0.00201468
1773322661.66485310,0.01814176,6372,0.00041936,0.00000000,0,0.00000000,26591,26592,48,0.00317900
1773322661.76489902,0.02288333,6389,0.00022186,0.00000000,0,0.00000000,26592,26586,28,0.00244780
1773322661.86499286,0.01268323,6319,0.00022891,0.00000000,0,0.00000000,26586,26596,28,0.00166704
1773322661.96484470,0.01577916,6388,0.00007870,0.00000000,0,0.00000000,26596,26605,26,0.00133393
1773322662.06494904,0.01428089,6368,0.00006629,0.00000000,0,0.00000000,26605,26614,20,0.00092927
1773322662.16503882,0.02533870,6339,0.00030383,0.00000000,0,0.00000000,26614,26624,30,0.00226029
1773322662.26500368,0.02377675,6305,0.00028016,0.00000000,0,0.00000000,26624,26639,30,0.00128245
1773322662.36492324,0.02817462,6366,0.00059671,0.00000000,0,0.00000000,26639,26618,36,0.00243773
1773322662.46506786,0.02248040,6316,0.00029596,0.00000000,0,0.00000000,26618,26624,21,0.00140665
1773322662.56498337,0.02874457,6335,0.00037837,0.00000000,0,0.00000000,26624,26639,40,0.00136430
1773322662.66499114,0.02401971,6332,0.00053774,0.00000000,0,0.00000000,26639,26658,44,0.00308624
1773322662.76503754,0.02442433,6372,0.00048364,0.00000000,0,0.00000000,26658,26676,46,0.00191931
1773322662.86512756,0.01707363,6305,0.00028854,0.00000000,0,0.00000000,26676,26691,34,0.00176471
1773322662.96498203,0.02703808,6372,0.00042664,0.00000000,0,0.00000000,26691,26699,41,0.00117634
1773322663.06524515,0.01792059,6353,0.00020164,0.00000000,0,0.00000000,26699,26708,40,0.00089149
1773322663.16513944,0.01650859,6372,0.00031901,0.00000000,0,0.00000000,26708,26736,49,0.00097739
1773322663.26504421,0.01840631,6377,0.00036578,0.00000000,0,0.00000000,26736,26737,33,0.00109697
1773322663.36511397,0.01953680,6387,0.00019659,0.00000000,0,0.00000000,26737,26757,51,0.00149872
1773322663.46508598,0.01927143,6429,0.00016523,0.00000000,0,0.00000000,26757,26769,45,0.00238537
1773322663.56521082,0.03361351,6405,0.00097801,0.00000000,0,0.00000000,26769,26778,43,0.00277092
1773322663.66513228,0.02421958,6392,0.00034544,0.00000000,0,0.00000000,26778,26769,47,0.00323318
1773322663.76521921,0.02169611,6405,0.00030350,0.00000000,0,0.00000000,26769,26787,41,0.00318365
1773322663.86510277,0.02144060,6385,0.00023036,0.00000000,0,0.00000000,26787,26803,48,0.00191695
1773322663.96511173,0.01550864,6446,0.00016601,0.00000000,0,0.00000000,26803,26801,28,0.00189593
1773322664.06526303,0.01490786,6409,0.00018370,0.00000000,0,0.00000000,26801,26820,46,0.00193041
1773322664.16559005,0.01974938,6398,0.00043026,0.00000000,0,0.00000000,26820,26829,38,0.00168604
1773322664.26515269,0.02120216,6373,0.00034524,0.00000000,0,0.00000000,26829,26841,31,0.00210633
1773322664.36515021,0.01983525,6312,0.00023394,0.00000000,0,0.00000000,26841,26846,29,0.00107579
1773322664.46400905,0.02284506,6313,0.00044472,0.00000000,0,0.00000000,26846,26856,43,0.00089392
1773322664.56565380,0.01635167,6473,0.00025650,0.00000000,0,0.00000000,26856,26863,45,0.00130058
1773322664.66522837,0.02079358,6365,0.00033519,0.00000000,0,0.00000000,26863,26883,39,0.00156526
1773322664.76532531,0.02208465,6307,0.00029436,0.00000000,0,0.00000000,26883,26899,35,0.00152669
1773322664.86520338,0.01843314,6317,0.00025286,0.00000000,0,0.00000000,26899,26907,30,0.00163930
1773322664.96526098,0.02384221,6298,0.00033913,0.00000000,0,0.00000000,26907,26911,27,0.00267128
1773322665.06526756,0.01956401,6309,0.00034697,0.00000000,0,0.00000000,26911,26920,42,0.00158839
1773322665.16525388,0.01804790,6294,0.00019887,0.00000000,0,0.00000000,26920,26927,30,0.00183708
1773322665.26526833,0.01891924,6250,0.00036240,0.00000000,0,0.00000000,26927,26923,33,0.00162478
1773322665.36528444,0.01829202,6264,0.00006849,0.00000000,0,0.00000000,26923,26936,28,0.00281205
1773322665.46533561,0.02489566,6247,0.00015192,0.00000000,0,0.00000000,26936,26945,31,0.00141070
1773322665.56532121,0.01398834,6232,0.00013167,0.00000000,0,0.00000000,26945,26946,25,0.00226569
1773322665.66537881,0.02000074,6224,0.00030317,0.00000000,0,0.00000000,26946,26940,21,0.00203611
1773322665.76545358,0.01226371,6234,0.00008838,0.00000000,0,0.00000000,26940,26944,24,0.00287731
1773322665.86533666,0.01248654,6221,0.00015563,0.00000000,0,0.00000000,26944,26950,24,0.00513923
1773322665.96544361,0.01303875,6229,0.00003574,0.00000000,0,0.00000000,26950,26953,13,0.00518601
1773322666.06554008,0.01313032,6221,0.00007449,0.00000000,0,0.00000000,26953,26957,24,0.00195398
1773322666.16547298,0.01828419,6211,0.00022595,0.00000000,0,0.00000000,26957,26963,15,0.00195616
1773322666.26545072,0.01850048,6203,0.00022611,0.00000000,0,0.00000000,26963,26972,23,0.00087861
1773322666.36550379,0.02035862,6233,0.00019617,0.00000000,0,0.00000000,26972,26980,26,0.00126328
1773322666.46547627,0.01632931,6210,0.00015984,0.00000000,0,0.00000000,26980,26982,22,0.00116297
1773322666.56550980,0.01823531,6279,0.00017664,0.00000000,0,0.00000000,26982,26984,20,0.00117156
1773322666.66549206,0.01918951,6284,0.00024482,0.00000000,0,0.00000000,26984,26989,23,0.00257259
1773322666.76544762,0.01935328,6318,0.00022801,0.00000000,0,0.00000000,26989,26995,21,0.00231806
1773322666.86546254,0.01835797,6370,0.00034653,0.00000000,0,0.00000000,26995,26976,25,0.00129905
1773322666.96566963,0.01833029,6336,0.00022794,0.00000000,0,0.00000000,26976,26974,27,0.00146700
1773322667.06555223,0.01624265,6379,0.00051263,0.00000000,0,0.00000000,26974,26971,30,0.00299434
1773322667.16549945,0.02149071,6345,0.00026233,0.00000000,0,0.00000000,26971,26976,28,0.00277652
1773322667.26551986,0.01972951,6358,0.00017731,0.00000000,0,0.00000000,26976,26986,18,0.00104080
1773322667.36560392,0.01761180,6334,0.00022087,0.00000000,0,0.00000000,26986,26986,26,0.00153977
1773322667.46558142,0.02639136,6380,0.00034343,0.00000000,0,0.00000000,26986,26996,28,0.00284940
1773322667.56561136,0.01751694,6364,0.00014323,0.00000000,0,0.00000000,26996,27001,29,0.00117540
1773322667.66548419,0.02272230,6362,0.00033743,0.00000000,0,0.00000000,27001,27008,35,0.00252840
1773322667.76565552,0.02243745,6345,0.00015906,0.00000000,0,0.00000000,27008,27018,25,0.00104815
1773322667.86553264,0.01760813,6390,0.00010589,0.00000000,0,0.00000000,27018,27018,30,0.00225798
1773322667.96568227,0.01689162,6370,0.00006490,0.00000000,0,0.00000000,27018,27020,23,0.00343424
1773322668.06571651,0.01586692,6329,0.00018629,0.00000000,0,0.00000000,27020,27028,41,0.00137577
1773322668.16561532,0.02105562,6291,0.00045310,0.00000000,0,0.00000000,27028,27054,51,0.00275191
1773322668.26562262,0.02085521,6315,0.00029655,0.00000000,0,0.00000000,27054,27063,36,0.00181137
1773322668.36563921,0.01689152,6337,0.00019156,0.00000000,0,0.00000000,27063,27071,33,0.00159913
1773322668.46467137,0.01953001,6349,0.00013215,0.00000000,0,0.00000000,27071,27072,33,0.00126207
1773322668.56444716,0.01864214,6347,0.00027830,0.00000000,0,0.00000000,27072,27086,34,0.00115233
1773322668.66461015,0.02012694,6361,0.00010774,0.00000000,0,0.00000000,27086,27089,22,0.00159551
1773322668.76574087,0.01575771,6327,0.00010496,0.00000000,0,0.00000000,27089,27100,28,0.00103455
1773322668.86471844,0.01828619,6352,0.00013548,0.00000000,0,0.00000000,27100,27113,38,0.00248919
1773322668.96465039,0.02068705,6354,0.00014908,0.00000000,0,0.00000000,27113,27119,27,0.00196311
1773322669.06446958,0.02277940,6352,0.00019743,0.00000000,0,0.00000000,27119,27116,31,0.00310649
1773322669.16447282,0.02320618,6334,0.00016357,0.00000000,0,0.00000000,27116,27126,32,0.00233256
1773322669.26448441,0.02498128,6334,0.00037506,0.00000000,0,0.00000000,27126,27136,30,0.00270980
1773322669.36486363,0.02525759,6348,0.00034743,0.00000000,0,0.00000000,27136,27132,22,0.00296929
1773322669.46455121,0.02639376,6379,0.00010029,0.00000000,0,0.00000000,27132,27143,24,0.00374559
1773322669.56460857,0.02996285,6336,0.00027053,0.00000000,0,0.00000000,27143,27163,30,0.00184691
1773322669.66445422,0.02220530,6360,0.00054034,0.00000000,0,0.00000000,27163,27153,30,0.00299083
1773322669.76482391,0.02100261,6274,0.00021786,0.00000000,0,0.00000000,27153,27141,26,0.00230686
1773322669.86446929,0.01813664,6250,0.00011765,0.00000000,0,0.00000000,27141,27153,32,0.00105447
1773322669.96444321,0.01567976,6311,0.00008703,0.00000000,0,0.00000000,27153,27161,29,0.00080116
1773322670.06448150,0.01538514,6328,0.00012018,0.00000000,0,0.00000000,27161,27178,32,0.00111397
1773322670.16444421,0.01343517,6365,0.00016072,0.00000000,0,0.00000000,27178,27186,32,0.00209835
1773322670.26460791,0.01560070,6298,0.00012627,0.00000000,0,0.00000000,27186,27195,22,0.00113101
1773322670.36466503,0.01300357,6300,0.00011529,0.00000000,0,0.00000000,27195,27200,15,0.00097475
1773322670.46459842,0.01462054,6241,0.00034083,0.00000000,0,0.00000000,27200,27191,22,0.00102302
1773322670.56459665,0.01261335,6234,0.00005542,0.00000000,0,0.00000000,27191,27188,19,0.00135258
1773322670.66446328,0.01182731,6262,0.00004944,0.00000000,0,0.00000000,27188,27192,17,0.00228935
1773322670.76457405,0.01292316,6248,0.00011304,0.00000000,0,0.00000000,27192,27192,33,0.00136850
1773322670.86445689,0.01230352,6282,0.00013232,0.00000000,0,0.00000000,27192,27201,24,0.00157396
1773322670.96462345,0.01198932,6253,0.00004213,0.00000000,0,0.00000000,27201,27208,16,0.00137677
1773322671.06442809,0.01329190,6283,0.00005428,0.00000000,0,0.00000000,27208,27213,20,0.00172650
1773322671.16438460,0.01269504,6316,0.00010904,0.00000000,0,0.00000000,27213,27210,27,0.00195264
1773322671.26437736,0.01503635,6332,0.00008782,0.00000000,0,0.00000000,27210,27211,18,0.00330165
1773322671.36455870,0.01598325,6335,0.00001976,0.00000000,0,0.00000000,27211,27215,7,0.00177550
1773322671.46457124,0.01064546,6321,0.00010303,0.00000000,0,0.00000000,27215,27222,16,0.00199980
1773322671.56451559,0.02114574,6333,0.00033298,0.00000000,0,0.00000000,27222,27233,23,0.00207539
1773322671.66453934,0.02040895,6351,0.00021565,0.00000000,0,0.00000000,27233,27245,27,0.00211984
1773322671.76446271,0.01705522,6349,0.00028798,0.00000000,0,0.00000000,27245,27238,27,0.00303685
1773322671.86449027,0.01669354,6373,0.00010566,0.00000000,0,0.00000000,27238,27245,23,0.00287434
1773322671.96446872,0.01433026,6390,0.00009910,0.00000000,0,0.00000000,27245,27252,24,0.00136682
1773322672.06465173,0.01620821,6357,0.00009353,0.00000000,0,0.00000000,27252,27258,29,0.00466847
1773322672.16463947,0.01371802,6399,0.00009788,0.00000000,0,0.00000000,27258,27266,35,0.00151326
1773322672.26464987,0.02064093,6396,0.00041233,0.00000000,0,0.00000000,27266,27255,26,0.00318039
1773322672.36453891,0.02337495,6418,0.00011504,0.00000000,0,0.00000000,27255,27270,33,0.00155298
1773322672.46469903,0.02719424,6395,0.00059678,0.00000000,0,0.00000000,27270,27277,31,0.00096966
1773322672.56459928,0.02223254,6367,0.00086526,0.00000000,0,0.00000000,27277,27274,35,0.00167561
1773322672.66462255,0.02284436,6363,0.00033751,0.00000000,0,0.00000000,27274,27292,38,0.00241796
1773322672.76460814,0.01979449,6376,0.00020404,0.00000000,0,0.00000000,27292,27297,24,0.00185851
1773322672.86478734,0.02230426,6350,0.00024017,0.00000000,0,0.00000000,27297,27299,20,0.00118275
1773322672.96479034,0.02167501,6329,0.00031133,0.00000000,0,0.00000000,27299,27308,26,0.00161982
1773322673.06485844,0.01934741,6358,0.00028122,0.00000000,0,0.00000000,27308,27316,32,0.00171687
1773322673.16480613,0.01682557,6345,0.00021562,0.00000000,0,0.00000000,27316,27328,30,0.00084627
1773322673.26484132,0.01837374,6359,0.00014560,0.00000000,0,0.00000000,27328,27339,26,0.00114759
1773322673.36478686,0.02374641,6353,0.00026465,0.00000000,0,0.00000000,27339,27336,23,0.00090944
1773322673.46477866,0.02209073,6330,0.00007697,0.00000000,0,0.00000000,27336,27342,26,0.00142959
1773322673.56475854,0.02680845,6358,0.00022324,0.00000000,0,0.00000000,27342,27345,26,0.00274811
1773322673.66477346,0.02158202,6328,0.00010113,0.00000000,0,0.00000000,27345,27350,28,0.00253736
1773322673.76493549,0.01808712,6349,0.00039843,0.00000000,0,0.00000000,27350,27359,37,0.00274280
1773322673.86500072,0.02800871,6333,0.00008763,0.00000000,0,0.00000000,27359,27359,19,0.00307790
1773322673.96502733,0.01659097,6342,0.00014081,0.00000000,0,0.00000000,27359,27365,36,0.00307579
1773322674.06495357,0.01740890,6371,0.00007856,0.00000000,0,0.00000000,27365,27367,22,0.00110344
1773322674.16497922,0.01819247,6357,0.00010296,0.00000000,0,0.00000000,27367,27368,29,0.00097899
1773322674.26496339,0.02658060,6368,0.00031627,0.00000000,0,0.00000000,27368,27371,28,0.00111233
1773322674.36491370,0.02823699,6416,0.00045446,0.00000000,0,0.00000000,27371,27379,34,0.00083798
1773322674.46508074,0.02693500,6379,0.00023148,0.00000000,0,0.00000000,27379,27388,22,0.00160912
1773322674.56509805,0.02664969,6385,0.00030005,0.00000000,0,0.00000000,27388,27403,30,0.00104060
1773322674.66516352,0.02761256,6398,0.00112592,0.00000000,0,0.00000000,27403,27406,20,0.00096315
1773322674.76507401,0.02651036,6394,0.00024500,0.00000000,0,0.00000000,27406,27420,33,0.00173644
1773322674.86514449,0.03254065,6387,0.00121335,0.00000000,0,0.00000000,27420,27413,38,0.00080299
1773322674.96511579,0.01751063,6388,0.00022263,0.00000000,0,0.00000000,27413,27428,30,0.00108211
1773322675.06536150,0.02156678,6388,0.00047701,0.00000000,0,0.00000000,27428,27441,38,0.00186252
1773322675.16508293,0.01818174,6408,0.00019991,0.00000000,0,0.00000000,27441,27457,34,0.00091746
1773322675.26509523,0.02541806,6425,0.00027195,0.00000000,0,0.00000000,27457,27467,26,0.00136319
1773322675.36526823,0.02696138,6398,0.00039349,0.00000000,0,0.00000000,27467,27466,27,0.00113265
1773322675.46527815,0.02656561,6431,0.00037899,0.00000000,0,0.00000000,27466,27453,35,0.00082860
1773322675.56527901,0.02091375,6437,0.00010071,0.00000000,0,0.00000000,27453,27456,19,0.00170650
1773322675.66526628,0.01636059,6425,0.00009949,0.00000000,0,0.00000000,27456,27464,27,0.00085381
1773322675.76517677,0.02514992,6396,0.00029234,0.00000000,0,0.00000000,27464,27468,21,0.00252449
1773322675.86524343,0.01731882,6452,0.00008195,0.00000000,0,0.00000000,27468,27480,27,0.00451350
1773322675.96546245,0.01700789,6384,0.00007768,0.00000000,0,0.00000000,27480,27488,27,0.00174027
1773322676.06544018,0.01403976,6409,0.00013176,0.00000000,0,0.00000000,27488,27497,38,0.00260863
1773322676.16538978,0.01499803,6399,0.00007389,0.00000000,0,0.00000000,27497,27508,25,0.00080130
1773322676.26538062,0.02537533,6404,0.00025604,0.00000000,0,0.00000000,27508,27517,26,0.00187184
1773322676.36531734,0.02561103,6394,0.00021620,0.00000000,0,0.00000000,27517,27510,37,0.00151005
1773322676.46539664,0.02373813,6427,0.00060746,0.00000000,0,0.00000000,27510,27516,27,0.00108076
1773322676.56552267,0.02492237,6374,0.00021863,0.00000000,0,0.00000000,27516,27522,27,0.00154924
1773322676.66537404,0.02829262,6414,0.00068202,0.00000000,0,0.00000000,27522,27523,34,0.00106502
1773322676.76550293,0.02873987,6375,0.00033867,0.00000000,0,0.00000000,27523,27526,25,0.00271994
1773322676.86546493,0.02223971,6385,0.00037241,0.00000000,0,0.00000000,27526,27541,33,0.00133654
1773322676.96548676,0.02321972,6396,0.00024130,0.00000000,0,0.00000000,27541,27547,27,0.00141833
1773322677.06550479,0.02508728,6376,0.00030392,0.00000000,0,0.00000000,27547,27558,27,0.00198901
1773322677.16545558,0.02601421,6370,0.00033763,0.00000000,0,0.00000000,27558,27571,31,0.00122925
1773322677.26553655,0.02966912,6352,0.00033817,0.00000000,0,0.00000000,27571,27578,27,0.00184429
1773322677.36553836,0.02308874,6373,0.00024952,0.00000000,0,0.00000000,27578,27580,33,0.00104784
1773322677.46549654,0.02047046,6341,0.00018226,0.00000000,0,0.00000000,27580,27584,19,0.00153312
1773322677.56554675,0.03016279,6325,0.00050176,0.00000000,0,0.00000000,27584,27599,38,0.00090828
1773322677.66553426,0.01741094,6338,0.00061985,0.00000000,0,0.00000000,27599,27587,30,0.00176469
1773322677.76548958,0.03014487,6349,0.00017264,0.00000000,0,0.00000000,27587,27591,28,0.00271240
1773322677.86548138,0.01632729,6330,0.00018701,0.00000000,0,0.00000000,27591,27594,30,0.00184347
1773322677.96547651,0.01659625,6347,0.00015410,0.00000000,0,0.00000000,27594,27589,34,0.00153186
1773322678.06571364,0.01604312,6336,0.00008865,0.00000000,0,0.00000000,27589,27599,30,0.00109647
1773322678.16451383,0.02635930,6387,0.00031875,0.00000000,0,0.00000000,27599,27573,24,0.00242624
1773322678.26568675,0.01694715,6378,0.00012591,0.00000000,0,0.00000000,27573,27579,34,0.00163488
1773322678.36563182,0.02096587,6385,0.00024548,0.00000000,0,0.00000000,27579,27587,38,0.00083514
1773322678.46571326,0.02230017,6392,0.00010951,0.00000000,0,0.00000000,27587,27587,25,0.00164957
1773322678.56573582,0.01977357,6378,0.00012743,0.00000000,0,0.00000000,27587,27600,31,0.00172443
1773322678.66570973,0.02209457,6381,0.00043923,0.00000000,0,0.00000000,27600,27611,35,0.00172633
1773322678.76572371,0.02619125,6370,0.00029469,0.00000000,0,0.00000000,27611,27601,33,0.00136335
1773322678.86577272,0.02398771,6371,0.00011546,0.00000000,0,0.00000000,27601,27601,34,0.00260323
1773322678.96572733,0.02286986,6351,0.00007994,0.00000000,0,0.00000000,27601,27611,27,0.00271397
1773322679.06574726,0.02430162,6380,0.00010326,0.00000000,0,0.00000000,27611,27607,26,0.00225758
1773322679.16570425,0.02462433,6386,0.00014063,0.00000000,0,0.00000000,27607,27602,33,0.00208720
1773322679.26472521,0.02885764,6405,0.00011902,0.00000000,0,0.00000000,27602,27607,21,0.00216128
1773322679.36597347,0.02762547,6338,0.00027999,0.00000000,0,0.00000000,27607,27621,34,0.00248054
1773322679.46485472,0.03610759,6394,0.00053523,0.00000000,0,0.00000000,27621,27630,26,0.00186031
1773322679.56466174,0.01997046,6355,0.00039653,0.00000000,0,0.00000000,27630,27636,22,0.00265407
1773322679.66470957,0.02775378,6350,0.00022070,0.00000000,0,0.00000000,27636,27641,26,0.00287709
1773322679.76480150,0.01930246,6366,0.00010602,0.00000000,0,0.00000000,27641,27652,27,0.00202633
1773322679.86471057,0.01905452,6355,0.00013578,0.00000000,0,0.00000000,27652,27665,28,0.00195972
1773322679.96475601,0.01485952,6359,0.00009873,0.00000000,0,0.00000000,27665,27669,35,0.00157746
1773322680.06476831,0.01443127,6353,0.00011566,0.00000000,0,0.00000000,27669,27672,30,0.00142404
1773322680.16478658,0.01808676,6403,0.00011013,0.00000000,0,0.00000000,27672,27680,35,0.00087198
1773322680.26478529,0.02453991,6374,0.00014728,0.00000000,0,0.00000000,27680,27684,30,0.00145815
1773322680.36485171,0.02562344,6393,0.00031116,0.00000000,0,0.00000000,27684,27692,31,0.00177701
1773322680.46482158,0.02896925,6363,0.00011687,0.00000000,0,0.00000000,27692,27698,28,0.00099021
1773322680.56449127,0.02945926,6389,0.00042966,0.00000000,0,0.00000000,27698,27699,22,0.00159682
1773322680.66494536,0.02558622,6386,0.00030090,0.00000000,0,0.00000000,27699,27693,29,0.00257080
1773322680.76504016,0.02720516,6347,0.00019753,0.00000000,0,0.00000000,27693,27702,19,0.00283555
1773322680.86451459,0.02264926,6391,0.00030376,0.00000000,0,0.00000000,27702,27708,25,0.00239115
1773322680.96449018,0.03009953,6386,0.00027447,0.00000000,0,0.00000000,27708,27699,26,0.00141185
1773322681.06442094,0.02666133,6388,0.00031192,0.00000000,0,0.00000000,27699,27710,32,0.00158395
1773322681.16457057,0.02662837,6378,0.00033356,0.00000000,0,0.00000000,27710,27715,30,0.00202656
1773322681.26455474,0.03079122,6394,0.00032464,0.00000000,0,0.00000000,27715,27708,25,0.00081004
1773322681.36450934,0.02347114,6351,0.00021475,0.00000000,0,0.00000000,27708,27701,23,0.00194853
1773322681.46454215,0.02386318,6335,0.00023360,0.00000000,0,0.00000000,27701,27718,31,0.00148724
1773322681.56449342,0.02081020,6372,0.00034671,0.00000000,0,0.00000000,27718,27725,32,0.00188456
1773322681.66455984,0.02575945,6374,0.00026999,0.00000000,0,0.00000000,27725,27736,22,0.00118192
1773322681.76450396,0.02217033,6370,0.00005563,0.00000000,0,0.00000000,27736,27743,19,0.00344789
1773322681.86459136,0.01829266,6352,0.00027240,0.00000000,0,0.00000000,27743,27752,31,0.00136634
1773322681.96456027,0.03011114,6361,0.00013879,0.00000000,0,0.00000000,27752,27758,21,0.00170062
1773322682.06445098,0.01776844,6372,0.00013981,0.00000000,0,0.00000000,27758,27756,34,0.00249093
1773322682.16450739,0.01879040,6374,0.00022324,0.00000000,0,0.00000000,27756,27763,33,0.00163905
1773322682.26462150,0.01823455,6370,0.00008985,0.00000000,0,0.00000000,27763,27778,32,0.00114291
1773322682.36449146,0.01853518,6357,0.00007662,0.00000000,0,0.00000000,27778,27786,25,0.00152648
1773322682.46450162,0.02373377,6380,0.00012542,0.00000000,0,0.00000000,27786,27796,26,0.00155423
1773322682.56467843,0.02694284,6369,0.00022959,0.00000000,0,0.00000000,27796,27799,34,0.00178071
1773322682.66472054,0.02729584,6332,0.00007177,0.00000000,0,0.00000000,27799,27809,16,0.00126649
1773322682.76465178,0.02949861,6334,0.00024331,0.00000000,0,0.00000000,27809,27816,27,0.00174453
1773322682.86466765,0.02965522,6337,0.00036620,0.00000000,0,0.00000000,27816,27822,20,0.00183712
1773322682.96463084,0.03426770,6339,0.00034215,0.00000000,0,0.00000000,27822,27822,27,0.00177276
1773322683.06477499,0.03698474,6307,0.00035930,0.00000000,0,0.00000000,27822,27829,29,0.00108938
1773322683.16462588,0.02194354,6364,0.00014078,0.00000000,0,0.00000000,27829,27823,28,0.00162181
1773322683.26481819,0.02446040,6325,0.00009129,0.00000000,0,0.00000000,27823,27835,23,0.00142257
1773322683.36479712,0.02499975,6321,0.00010496,0.00000000,0,0.00000000,27835,27846,32,0.00291832
1773322683.46479201,0.02328493,6352,0.00016721,0.00000000,0,0.00000000,27846,27847,13,0.00127681
1773322683.56481147,0.02863949,6348,0.00028276,0.00000000,0,0.00000000,27847,27853,29,0.00396819
1773322683.66478109,0.02269024,6372,0.00023244,0.00000000,0,0.00000000,27853,27855,23,0.00211404
1773322683.76487684,0.01566199,6324,0.00010095,0.00000000,0,0.00000000,27855,27845,34,0.00240190
1773322683.86489105,0.02458237,6360,0.00032253,0.00000000,0,0.00000000,27845,27852,32,0.00306566
1773322683.96497583,0.01781906,6344,0.00008427,0.00000000,0,0.00000000,27852,27853,20,0.00318663
1773322684.06503582,0.01555256,6309,0.00008602,0.00000000,0,0.00000000,27853,27857,26,0.00230890
1773322684.16486692,0.01807569,6339,0.00005961,0.00000000,0,0.00000000,27857,27864,23,0.00241245
1773322684.26499343,0.01704863,6347,0.00009528,0.00000000,0,0.00000000,27864,27873,24,0.00191869
1773322684.36499500,0.02389772,6358,0.00016928,0.00000000,0,0.00000000,27873,27879,27,0.00181296
1773322684.46500778,0.02926167,6345,0.00010969,0.00000000,0,0.00000000,27879,27884,27,0.00088388
1773322684.56507158,0.03073996,6354,0.00008390,0.00000000,0,0.00000000,27884,27888,25,0.00130741
1773322684.66504860,0.03118705,6371,0.00016057,0.00000000,0,0.00000000,27888,27888,39,0.00092027
1773322684.76500368,0.02358161,6394,0.00028039,0.00000000,0,0.00000000,27888,27881,23,0.00221548
1773322684.86521506,0.03006670,6348,0.00027345,0.00000000,0,0.00000000,27881,27893,34,0.00255427
1773322684.96525908,0.02241679,6338,0.00023913,0.00000000,0,0.00000000,27893,27899,23,0.00253043
1773322685.06521916,0.01955682,6354,0.00044433,0.00000000,0,0.00000000,27899,27895,32,0.00116372
1773322685.16523743,0.02000119,6339,0.00011673,0.00000000,0,0.00000000,27895,27895,28,0.00143203
1773322685.26518297,0.02494361,6322,0.00024762,0.00000000,0,0.00000000,27895,27897,24,0.00098485
1773322685.36513591,0.02596112,6364,0.00016889,0.00000000,0,0.00000000,27897,27914,38,0.00115485
1773322685.46537924,0.02569899,6320,0.00018821,0.00000000,0,0.00000000,27914,27914,17,0.00153100
1773322685.56562686,0.02423371,6347,0.00039453,0.00000000,0,0.00000000,27914,27921,24,0.00242367
1773322685.66555190,0.02002298,6336,0.00028083,0.00000000,0,0.00000000,27921,27930,26,0.00203258
1773322685.76526904,0.02700330,6306,0.00028321,0.00000000,0,0.00000000,27930,27936,32,0.00323496
1773322685.86535192,0.02133368,6300,0.00009075,0.00000000,0,0.00000000,27936,27946,29,0.00342395
1773322685.96531320,0.02032771,6294,0.00014210,0.00000000,0,0.00000000,27946,27945,27,0.00309935
1773322686.06532693,0.01933653,6266,0.00067625,0.00000000,0,0.00000000,27945,27960,39,0.00350123
1773322686.16529846,0.01696555,6308,0.00010160,0.00000000,0,0.00000000,27960,27974,32,0.00248469
1773322686.26527572,0.02939988,6301,0.00029219,0.00000000,0,0.00000000,27974,27975,29,0.00269592
1773322686.36538386,0.02966945,6274,0.00040766,0.00000000,0,0.00000000,27975,27990,32,0.00085583
1773322686.46544290,0.02629560,6284,0.00034216,0.00000000,0,0.00000000,27990,27985,25,0.00150612
1773322686.56532478,0.02806873,6279,0.00035218,0.00000000,0,0.00000000,27985,27993,34,0.00166868
1773322686.66537309,0.02556725,6310,0.00036931,0.00000000,0,0.00000000,27993,27996,31,0.00143092
1773322686.76527619,0.02991625,6279,0.00030305,0.00000000,0,0.00000000,27996,28000,29,0.00132433
1773322686.86543894,0.02358127,6280,0.00030192,0.00000000,0,0.00000000,28000,28009,29,0.00092296
1773322686.96552801,0.02244534,6295,0.00025597,0.00000000,0,0.00000000,28009,28016,26,0.00088387
1773322687.06549311,0.02247223,6320,0.00012375,0.00000000,0,0.00000000,28016,28004,25,0.00083628
1773322687.16556501,0.02324358,6318,0.00009056,0.00000000,0,0.00000000,28004,28005,21,0.00171190
1773322687.26547098,0.02738114,6316,0.00016316,0.00000000,0,0.00000000,28005,28011,29,0.00325566
1773322687.36555600,0.03227341,6336,0.00012612,0.00000000,0,0.00000000,28011,27999,27,0.00336238
1773322687.46547389,0.03533830,6336,0.00032063,0.00000000,0,0.00000000,27999,27993,29,0.00153291
1773322687.56546736,0.02017801,6342,0.00027755,0.00000000,0,0.00000000,27993,27999,23,0.00346327
1773322687.66568995,0.02626399,6315,0.00013445,0.00000000,0,0.00000000,27999,28008,24,0.00199741
1773322687.76471472,0.01818072,6330,0.00008801,0.00000000,0,0.00000000,28008,28001,28,0.00198560
1773322687.86460066,0.01650439,6354,0.00006817,0.00000000,0,0.00000000,28001,28009,27,0.00329139
1773322687.96571255,0.01884233,6362,0.00018518,0.00000000,0,0.00000000,28009,28001,33,0.00301645
1773322688.06565714,0.01567577,6381,0.00009402,0.00000000,0,0.00000000,28001,28007,25,0.00177857
1773322688.16568875,0.02035613,6415,0.00017944,0.00000000,0,0.00000000,28007,28007,24,0.00270653
1773322688.26482272,0.01840882,6394,0.00020921,0.00000000,0,0.00000000,28007,28012,32,0.00154442
1773322688.36479497,0.02220150,6398,0.00035927,0.00000000,0,0.00000000,28012,27999,31,0.00158578
1773322688.46471763,0.02446439,6383,0.00043255,0.00000000,0,0.00000000,27999,28006,38,0.00121584
1773322688.56473470,0.01894958,6442,0.00029807,0.00000000,0,0.00000000,28006,27992,29,0.00160360
1773322688.66564679,0.02550538,6404,0.00033786,0.00000000,0,0.00000000,27992,27993,28,0.00257288
1773322688.76564384,0.02237350,6397,0.00017869,0.00000000,0,0.00000000,27993,27998,33,0.00135010
1773322688.86557627,0.02780313,6384,0.00012535,0.00000000,0,0.00000000,27998,27984,27,0.00172894
1773322688.96561360,0.02737233,6419,0.00039145,0.00000000,0,0.00000000,27984,27997,36,0.00195698
1773322689.06538081,0.03030608,6415,0.00008173,0.00000000,0,0.00000000,27997,28005,18,0.00245830
1773322689.16491699,0.03169030,6387,0.00024582,0.00000000,0,0.00000000,28005,27994,26,0.00245631
1773322689.26447487,0.02983814,6442,0.00027390,0.00000000,0,0.00000000,27994,28001,24,0.00240181
1773322689.36477375,0.02602699,6457,0.00022734,0.00000000,0,0.00000000,28001,28008,24,0.00191827
1773322689.46541047,0.02846342,6442,0.00030376,0.00000000,0,0.00000000,28008,28013,32,0.00154726
1773322689.56527567,0.02490581,6404,0.00019914,0.00000000,0,0.00000000,28013,27991,28,0.00171640
1773322689.66477656,0.01856428,6419,0.00015822,0.00000000,0,0.00000000,27991,27990,34,0.00397673
1773322689.76439214,0.02882570,6452,0.00030835,0.00000000,0,0.00000000,27990,27999,34,0.00122109
1773322689.86538529,0.02116101,6433,0.00011698,0.00000000,0,0.00000000,27999,27990,29,0.00119335
1773322689.96512246,0.01769018,6410,0.00010436,0.00000000,0,0.00000000,27990,28003,33,0.00131380
1773322690.06465220,0.01879976,6426,0.00041634,0.00000000,0,0.00000000,28003,27998,32,0.00152480
1773322690.16444206,0.01604394,6453,0.00007775,0.00000000,0,0.00000000,27998,28004,26,0.00091411
1773322690.26548409,0.02632927,6408,0.00057661,0.00000000,0,0.00000000,28004,28003,44,0.00284342
1773322690.36522126,0.02376443,6419,0.00032895,0.00000000,0,0.00000000,28003,28008,29,0.00123296
1773322690.46501541,0.02455663,6395,0.00051160,0.00000000,0,0.00000000,28008,28014,30,0.00097674
1773322690.56450129,0.01985772,6429,0.00033704,0.00000000,0,0.00000000,28014,28022,35,0.00095673
1773322690.66477752,0.02543119,6432,0.00027655,0.00000000,0,0.00000000,28022,28028,31,0.00091073
1773322690.76539278,0.02360466,6428,0.00006197,0.00000000,0,0.00000000,28028,28035,23,0.00175983
1773322690.86506796,0.03203608,6346,0.00050503,0.00000000,0,0.00000000,28035,28041,33,0.00233774
1773322690.96463299,0.04020093,6387,0.00035959,0.00000000,0,0.00000000,28041,28049,26,0.00147765
1773322691.06494975,0.03039966,6433,0.00033790,0.00000000,0,0.00000000,28049,28061,35,0.00167663
1773322691.16569781,0.02442528,6365,0.00050163,0.00000000,0,0.00000000,28061,28068,31,0.00267162
1773322691.26541257,0.02390308,6377,0.00030607,0.00000000,0,0.00000000,28068,28061,33,0.00410864
1773322691.36492324,0.02710207,6340,0.00009622,0.00000000,0,0.00000000,28061,28075,30,0.00445424
1773322691.46454167,0.02609922,6428,0.00035846,0.00000000,0,0.00000000,28075,28084,26,0.00339469
1773322691.56484890,0.03081144,6375,0.00027494,0.00000000,0,0.00000000,28084,28093,30,0.00266040
1773322691.66559887,0.02624839,6372,0.00013127,0.00000000,0,0.00000000,28093,28091,31,0.00272442
1773322691.76532030,0.02247038,6338,0.00016471,0.00000000,0,0.00000000,28091,28098,30,0.00196105
1773322691.86495852,0.03025368,6325,0.00013958,0.00000000,0,0.00000000,28098,28110,39,0.00597831
1773322691.96449852,0.02577571,6368,0.00022601,0.00000000,0,0.00000000,28110,28117,39,0.00303426
1773322692.06430721,0.02136936,6413,0.00021044,0.00000000,0,0.00000000,28117,28117,32,0.00186970
1773322692.16558671,0.01959076,6366,0.00023044,0.00000000,0,0.00000000,28117,28105,27,0.00245600
1773322692.26522827,0.01703581,6304,0.00010153,0.00000000,0,0.00000000,28105,28111,26,0.00183081
1773322692.36473727,0.03610695,6352,0.00031414,0.00000000,0,0.00000000,28111,28114,43,0.00149461
1773322692.46443725,0.03394296,6363,0.00020885,0.00000000,0,0.00000000,28114,28130,31,0.00137397
1773322692.56469917,0.03275099,6317,0.00034766,0.00000000,0,0.00000000,28130,28132,29,0.00092804
1773322692.66535425,0.03372635,6360,0.00035076,0.00000000,0,0.00000000,28132,28137,41,0.00101180
1773322692.76513696,0.02663197,6317,0.00037030,0.00000000,0,0.00000000,28137,28149,39,0.00143518
1773322692.86467814,0.02522135,6356,0.00034116,0.00000000,0,0.00000000,28149,28160,35,0.00117549
1773322692.96442699,0.02503197,6338,0.00034623,0.00000000,0,0.00000000,28160,28165,39,0.00179385
1773322693.06476927,0.02830892,6309,0.00047496,0.00000000,0,0.00000000,28165,28149,44,0.00105159
1773322693.16545701,0.02624312,6331,0.00016371,0.00000000,0,0.00000000,28149,28145,31,0.00164649
1773322693.26516461,0.03923223,6315,0.00017036,0.00000000,0,0.00000000,28145,28159,35,0.00202215
1773322693.36480594,0.03108478,6349,0.00011429,0.00000000,0,0.00000000,28159,28166,23,0.00250835
1773322693.46457505,0.02999048,6317,0.00038074,0.00000000,0,0.00000000,28166,28156,28,0.00169549
1773322693.56441545,0.03831938,6359,0.00041113,0.00000000,0,0.00000000,28156,28158,33,0.00188454
1773322693.66575742,0.02744035,6336,0.00015626,0.00000000,0,0.00000000,28158,28166,33,0.00286717
1773322693.76529694,0.03981744,6285,0.00025560,0.00000000,0,0.00000000,28166,28177,39,0.00193028
1773322693.86493969,0.02045107,6275,0.00018674,0.00000000,0,0.00000000,28177,28172,48,0.00279214
1773322693.96454167,0.02117685,6336,0.00013416,0.00000000,0,0.00000000,28172,28175,32,0.00319363
1773322694.06494141,0.01869002,6302,0.00026754,0.00000000,0,0.00000000,28175,28190,37,0.00415522
1773322694.16674757,0.01683858,6283,0.00010350,0.00000000,0,0.00000000,28190,28191,36,0.00193434
1773322694.26540375,0.01736423,6338,0.00017430,0.00000000,0,0.00000000,28191,28205,38,0.00244873
1773322694.36526299,0.02773483,6251,0.00034531,0.00000000,0,0.00000000,28205,28215,27,0.00099145
1773322694.46490598,0.03082893,6280,0.00051673,0.00000000,0,0.00000000,28215,28223,37,0.00086012
1773322694.56464529,0.02444100,6321,0.00044235,0.00000000,0,0.00000000,28223,28234,42,0.00123601
1773322694.66458082,0.02574730,6285,0.00026310,0.00000000,0,0.00000000,28234,28228,37,0.00083266
1773322694.76565409,0.03597613,6268,0.00059349,0.00000000,0,0.00000000,28228,28229,37,0.00098053
1773322694.86545277,0.02925251,6225,0.00035960,0.00000000,0,0.00000000,28229,28239,44,0.00094384
1773322694.96513200,0.03154973,6204,0.00049042,0.00000000,0,0.00000000,28239,28250,41,0.00229122
1773322695.06484532,0.03390655,6264,0.00043092,0.00000000,0,0.00000000,28250,28251,37,0.00236392
1773322695.16454577,0.03616099,6219,0.00023901,0.00000000,0,0.00000000,28251,28254,31,0.00286748
1773322695.26447082,0.03792836,6228,0.00023068,0.00000000,0,0.00000000,28254,28237,31,0.00286763
1773322695.36460161,0.03688898,6218,0.00073796,0.00000000,0,0.00000000,28237,28236,41,0.00265564
1773322695.46526408,0.03739215,6221,0.00020516,0.00000000,0,0.00000000,28236,28257,47,0.00173026
1773322695.56504321,0.02664160,6191,0.00048472,0.00000000,0,0.00000000,28257,28272,47,0.00165844
1773322695.66483998,0.03115860,6192,0.00017582,0.00000000,0,0.00000000,28272,28292,42,0.00246939
1773322695.76451206,0.01949943,6191,0.00016861,0.00000000,0,0.00000000,28292,28287,46,0.00086189
1773322695.86445713,0.02251691,6233,0.00022507,0.00000000,0,0.00000000,28287,28310,42,0.00301731
1773322695.96557617,0.02033070,6135,0.00034831,0.00000000,0,0.00000000,28310,28304,46,0.00174840
1773322696.06857133,0.01961144,6194,0.00020372,0.00000000,0,0.00000000,28304,28314,41,0.00192529
1773322696.16510057,0.02030076,6170,0.00023918,0.00000000,0,0.00000000,28314,28318,34,0.00117949
1773322696.26474571,0.02670719,6169,0.00012100,0.00000000,0,0.00000000,28318,28318,31,0.00129718
1773322696.36445904,0.03581981,6203,0.00057719,0.00000000,0,0.00000000,28318,28328,45,0.00107503
1773322696.46455932,0.04272299,6177,0.00019099,0.00000000,0,0.00000000,28328,28343,34,0.00109673
1773322696.56559944,0.03074963,6230,0.00052866,0.00000000,0,0.00000000,28343,28329,36,0.00081384
1773322696.66544175,0.02632981,6235,0.00038236,0.00000000,0,0.00000000,28329,28340,49,0.00213276
1773322696.76519752,0.03553606,6208,0.00077908,0.00000000,0,0.00000000,28340,28378,79,0.00127895
1773322696.86494207,0.02871635,6208,0.00037954,0.00000000,0,0.00000000,28378,28389,41,0.00127251
1773322696.96464849,0.03332308,6208,0.00024536,0.00000000,0,0.00000000,28389,28386,39,0.00080493
1773322697.06456971,0.02869335,6219,0.00255517,0.00000000,0,0.00000000,28386,28589,536,0.00134466
1773322697.16488266,0.03680724,6240,0.00051050,0.00000000,0,0.00000000,28589,28605,55,0.00296655
1773322697.26453042,0.02458861,6277,0.00032481,0.00000000,0,0.00000000,28605,28624,63,0.00243342
1773322697.36541033,0.02417019,6268,0.00021980,0.00000000,0,0.00000000,28624,28634,56,0.00155996
1773322697.46521974,0.02235901,6298,0.00012355,0.00000000,0,0.00000000,28634,28641,34,0.00118197
1773322697.56499124,0.02252780,6282,0.00021575,0.00000000,0,0.00000000,28641,28650,48,0.00167627
1773322697.66462755,0.02077488,6304,0.00020782,0.00000000,0,0.00000000,28650,28659,48,0.00100221
1773322697.76459169,0.02099112,6290,0.00018259,0.00000000,0,0.00000000,28659,28647,40,0.00104663
1773322697.86470795,0.02426802,6305,0.00036640,0.00000000,0,0.00000000,28647,28673,49,0.00126932
1773322697.96544385,0.02245317,6300,0.00029185,0.00000000,0,0.00000000,28673,28693,60,0.00109372
1773322698.06538200,0.03115438,6267,0.00059882,0.00000000,0,0.00000000,28693,28692,55,0.00112519
1773322698.16511512,0.03123383,6287,0.00050956,0.00000000,0,0.00000000,28692,28722,61,0.00103240
1773322698.26481557,0.03418733,6299,0.00027832,0.00000000,0,0.00000000,28722,28742,61,0.00093979
1773322698.36446357,0.03281758,6284,0.00113484,0.00000000,0,0.00000000,28742,28731,75,0.00179482
1773322698.46612310,0.02652383,6400,0.00026297,0.00000000,0,0.00000000,28731,28743,52,0.00136039
1773322698.56566906,0.03267306,6319,0.00074823,0.00000000,0,0.00000000,28743,28744,70,0.00117639
1773322698.66566658,0.03564576,6299,0.00066421,0.00000000,0,0.00000000,28744,28759,71,0.00180431
1773322698.76543498,0.03311821,6255,0.00050009,0.00000000,0,0.00000000,28759,28766,36,0.00095780
1773322698.86499643,0.03965479,6308,0.00052801,0.00000000,0,0.00000000,28766,28785,48,0.00100320
1773322698.96473980,0.03689797,6271,0.00132633,0.00000000,0,0.00000000,28785,28797,60,0.00090629
1773322699.06446981,0.03512435,6320,0.00057480,0.00000000,0,0.00000000,28797,28803,47,0.00110745
1773322699.16444516,0.02975364,6307,0.00025736,0.00000000,0,0.00000000,28803,28830,57,0.00218469
1773322699.26475096,0.02177621,6315,0.00032047,0.00000000,0,0.00000000,28830,28852,64,0.00095598
1773322699.36557770,0.03340966,6279,0.00060574,0.00000000,0,0.00000000,28852,28864,50,0.00203823
1773322699.46539092,0.02491505,6311,0.00052327,0.00000000,0,0.00000000,28864,28887,48,0.00120455
1773322699.56533408,0.02354667,6276,0.00022677,0.00000000,0,0.00000000,28887,28898,52,0.00228889
1773322699.66498923,0.02275215,6267,0.00017240,0.00000000,0,0.00000000,28898,28919,52,0.00178980
1773322699.76478219,0.02200095,6284,0.00020458,0.00000000,0,0.00000000,28919,28932,59,0.00120285
1773322699.86447787,0.02069867,6322,0.00037400,0.00000000,0,0.00000000,28932,28935,50,0.00271683
1773322699.96487141,0.02231530,6303,0.00024089,0.00000000,0,0.00000000,28935,28946,62,0.00201189
1773322700.06565332,0.02306335,6300,0.00025894,0.00000000,0,0.00000000,28946,28959,66,0.00122348
1773322700.16451907,0.02586527,6278,0.00044431,0.00000000,0,0.00000000,28959,28955,38,0.00103658
1773322700.26511765,0.03415197,6328,0.00033220,0.00000000,0,0.00000000,28955,28969,45,0.00136957
1773322700.36506224,0.03718782,6280,0.00026358,0.00000000,0,0.00000000,28969,28992,53,0.00110556
1773322700.46481371,0.03047316,6287,0.00110719,0.00000000,0,0.00000000,28992,29006,39,0.00113055
1773322700.56460357,0.03322868,6278,0.00041628,0.00000000,0,0.00000000,29006,29013,50,0.00127084
1773322700.66443729,0.03923303,6329,0.00047210,0.00000000,0,0.00000000,29013,29024,49,0.00147057
1773322700.76489806,0.03442220,6292,0.00052136,0.00000000,0,0.00000000,29024,29044,49,0.00273878
1773322700.86588740,0.03296438,6239,0.00051814,0.00000000,0,0.00000000,29044,29062,50,0.00201849
1773322700.96551323,0.03023592,6241,0.00039374,0.00000000,0,0.00000000,29062,29084,50,0.00288868
1773322701.06538606,0.04445634,6262,0.00067097,0.00000000,0,0.00000000,29084,29103,63,0.00284574
1773322701.16522193,0.04111796,6285,0.00064354,0.00000000,0,0.00000000,29103,29061,51,0.00126985
1773322701.26515508,0.03249836,6220,0.00067421,0.00000000,0,0.00000000,29061,29058,52,0.00238986
1773322701.36476970,0.02998163,6257,0.00041772,0.00000000,0,0.00000000,29058,29072,39,0.00227904
1773322701.46464801,0.04507017,6270,0.00028756,0.00000000,0,0.00000000,29072,29096,53,0.00188472
1773322701.56430292,0.03631478,6239,0.00026051,0.00000000,0,0.00000000,29096,29101,49,0.00177700
1773322701.66439891,0.02150479,6294,0.00030553,0.00000000,0,0.00000000,29101,29101,67,0.00119165
1773322701.76564741,0.02506790,6292,0.00050856,0.00000000,0,0.00000000,29101,29098,52,0.00243908
1773322701.86560011,0.02349313,6293,0.00026017,0.00000000,0,0.00000000,29098,29103,49,0.00351461
1773322701.96539593,0.02197924,6254,0.00018099,0.00000000,0,0.00000000,29103,29128,50,0.00410929
1773322702.06518507,0.01984417,6284,0.00010405,0.00000000,0,0.00000000,29128,29154,45,0.00115623
1773322702.16489625,0.02414709,6256,0.00025817,0.00000000,0,0.00000000,29154,29165,41,0.00080907
1773322702.26452732,0.03036663,6295,0.00022766,0.00000000,0,0.00000000,29165,29178,44,0.00123639
1773322702.36451912,0.03008019,6260,0.00043847,0.00000000,0,0.00000000,29178,29180,48,0.00083761
1773322702.46436930,0.03394909,6319,0.00038221,0.00000000,0,0.00000000,29180,29202,57,0.00112035
1773322702.56472826,0.03983521,6305,0.00020804,0.00000000,0,0.00000000,29202,29225,49,0.00087986
1773322702.66568875,0.04093158,6246,0.00028169,0.00000000,0,0.00000000,29225,29242,58,0.00154634
1773322702.76544952,0.03054177,6261,0.00036957,0.00000000,0,0.00000000,29242,29253,34,0.00289766
1773322702.86528587,0.03060522,6242,0.00042027,0.00000000,0,0.00000000,29253,29263,55,0.00193887
1773322702.96524334,0.02963020,6234,0.00043534,0.00000000,0,0.00000000,29263,29274,42,0.00149544
1773322703.06488466,0.03003980,6247,0.00026059,0.00000000,0,0.00000000,29274,29271,43,0.00210920
1773322703.16468668,0.03151606,6280,0.00068887,0.00000000,0,0.00000000,29271,29279,56,0.00125561
1773322703.26446509,0.04227632,6263,0.00053133,0.00000000,0,0.00000000,29279,29284,38,0.00264611
1773322703.36458492,0.04072812,6269,0.00048327,0.00000000,0,0.00000000,29284,29296,37,0.00215043
1773322703.46471000,0.03592604,6259,0.00029442,0.00000000,0,0.00000000,29296,29310,46,0.00167743
1773322703.56571627,0.04772287,6210,0.00043298,0.00000000,0,0.00000000,29310,29323,46,0.00393494
1773322703.66442466,0.02883220,6241,0.00050611,0.00000000,0,0.00000000,29323,29336,54,0.00255988
1773322703.76531434,0.03446939,6200,0.00010337,0.00000000,0,0.00000000,29336,29337,28,0.00160310
1773322703.86512709,0.02336244,6222,0.00020722,0.00000000,0,0.00000000,29337,29340,31,0.00345687
1773322703.96499586,0.02353105,6195,0.00012450,0.00000000,0,0.00000000,29340,29346,39,0.00448295
1773322704.06482339,0.02702501,6209,0.00009875,0.00000000,0,0.00000000,29346,29355,37,0.00411630
1773322704.16462541,0.02443188,6198,0.00011321,0.00000000,0,0.00000000,29355,29367,43,0.00285281
1773322704.26443410,0.02552656,6261,0.00025323,0.00000000,0,0.00000000,29367,29336,35,0.00272380
1773322704.36448026,0.03555583,6211,0.00044708,0.00000000,0,0.00000000,29336,29347,46,0.00137250
1773322704.46481538,0.03898938,6189,0.00055332,0.00000000,0,0.00000000,29347,29343,44,0.00112355
1773322704.56564975,0.03143016,6157,0.00016713,0.00000000,0,0.00000000,29343,29352,41,0.00078925
1773322704.66441393,0.03149025,6210,0.00018683,0.00000000,0,0.00000000,29352,29370,41,0.00077383
1773322704.76519990,0.03927804,6163,0.00021894,0.00000000,0,0.00000000,29370,29384,57,0.00164520
1773322704.86534071,0.03783821,6217,0.00024340,0.00000000,0,0.00000000,29384,29376,35,0.00145813
1773322704.96488976,0.03927213,6182,0.00017630,0.00000000,0,0.00000000,29376,29385,44,0.00236495
1773322705.06472492,0.04061646,6182,0.00040147,0.00000000,0,0.00000000,29385,29397,52,0.00215205
1773322705.16456962,0.04240617,6176,0.00106881,0.00000000,0,0.00000000,29397,29391,52,0.00162725
1773322705.26449227,0.04667969,6195,0.00055125,0.00000000,0,0.00000000,29391,29408,51,0.00224131
1773322705.36498332,0.03062402,6201,0.00060367,0.00000000,0,0.00000000,29408,29404,45,0.00180903
1773322705.46483254,0.03723931,6208,0.00023655,0.00000000,0,0.00000000,29404,29397,47,0.00101729
1773322705.56571674,0.03827109,6193,0.00047990,0.00000000,0,0.00000000,29397,29401,34,0.00166477
1773322705.66559768,0.04379213,6145,0.00035554,0.00000000,0,0.00000000,29401,29417,37,0.00269168
1773322705.76540852,0.03175178,6165,0.00067009,0.00000000,0,0.00000000,29417,29397,52,0.00121827
1773322705.86545682,0.03571501,6164,0.00036818,0.00000000,0,0.00000000,29397,29389,50,0.00340420
1773322705.96531224,0.03118894,6181,0.00021927,0.00000000,0,0.00000000,29389,29402,47,0.00288647
1773322706.06508875,0.02525543,6163,0.00023175,0.00000000,0,0.00000000,29402,29414,47,0.00206587
1773322706.16482687,0.02620956,6201,0.00026577,0.00000000,0,0.00000000,29414,29422,60,0.00363634
1773322706.26466775,0.02557360,6185,0.00017435,0.00000000,0,0.00000000,29422,29417,42,0.00153242
1773322706.36449575,0.02383130,6222,0.00034759,0.00000000,0,0.00000000,29417,29426,53,0.00130792
1773322706.46454096,0.03226608,6197,0.00069958,0.00000000,0,0.00000000,29426,29421,56,0.00193698
1773322706.56470394,0.03808960,6207,0.00052869,0.00000000,0,0.00000000,29421,29434,41,0.00130763
1773322706.66568327,0.03796851,6238,0.00051872,0.00000000,0,0.00000000,29434,29453,51,0.00167938
1773322706.76581168,0.03041233,6205,0.00020852,0.00000000,0,0.00000000,29453,29477,48,0.00083950
1773322706.86524200,0.03748386,6276,0.00049393,0.00000000,0,0.00000000,29477,29502,60,0.00090196
1773322706.96529007,0.04333420,6225,0.00060626,0.00000000,0,0.00000000,29502,29492,54,0.00268618
1773322707.06509542,0.02612739,6228,0.00038247,0.00000000,0,0.00000000,29492,29514,51,0.00258657
1773322707.16494274,0.03931284,6253,0.00073753,0.00000000,0,0.00000000,29514,29535,51,0.00286220
1773322707.26483989,0.03801644,6245,0.00042982,0.00000000,0,0.00000000,29535,29541,55,0.00298803
1773322707.36468601,0.04253705,6254,0.00028237,0.00000000,0,0.00000000,29541,29542,55,0.00170859
1773322707.46443081,0.03423709,6280,0.00025310,0.00000000,0,0.00000000,29542,29555,47,0.00148249
1773322707.56453347,0.02589822,6262,0.00016039,0.00000000,0,0.00000000,29555,29562,46,0.00260229
1773322707.66443491,0.02763274,6299,0.00093609,0.00000000,0,0.00000000,29562,29569,65,0.00191598
1773322707.76468062,0.02864992,6285,0.00020716,0.00000000,0,0.00000000,29569,29592,56,0.00244501
1773322707.86561203,0.02733851,6245,0.00035514,0.00000000,0,0.00000000,29592,29619,56,0.00322147
1773322707.96549869,0.01962597,6240,0.00019148,0.00000000,0,0.00000000,29619,29633,53,0.00225287
1773322708.06530333,0.02736236,6244,0.00018721,0.00000000,0,0.00000000,29633,29649,57,0.00189112
1773322708.16517711,0.02355007,6271,0.00017888,0.00000000,0,0.00000000,29649,29662,48,0.00199181
1773322708.26497817,0.03142268,6256,0.00059481,0.00000000,0,0.00000000,29662,29655,51,0.00157605
1773322708.36500525,0.03011464,6234,0.00045687,0.00000000,0,0.00000000,29655,29665,54,0.00131615
1773322708.46493030,0.03575716,6216,0.00046534,0.00000000,0,0.00000000,29665,29683,43,0.00112122
1773322708.56454015,0.03748921,6306,0.00025972,0.00000000,0,0.00000000,29683,29680,49,0.00083370
1773322708.66458488,0.03786716,6262,0.00053554,0.00000000,0,0.00000000,29680,29703,43,0.00213468
1773322708.76443624,0.04347433,6323,0.00036516,0.00000000,0,0.00000000,29703,29726,38,0.00210705
1773322708.86448050,0.04025015,6287,0.00050154,0.00000000,0,0.00000000,29726,29740,44,0.00274097
1773322708.96571803,0.03575649,6273,0.00054906,0.00000000,0,0.00000000,29740,29744,47,0.00297079
1773322709.06462693,0.03266158,6265,0.00069222,0.00000000,0,0.00000000,29744,29753,56,0.00211421
1773322709.16538596,0.03088626,6226,0.00053340,0.00000000,0,0.00000000,29753,29750,50,0.00115157
1773322709.26529312,0.03931382,6275,0.00015315,0.00000000,0,0.00000000,29750,29764,38,0.00092417
1773322709.36532855,0.04076023,6250,0.00019508,0.00000000,0,0.00000000,29764,29771,59,0.00324792
1773322709.46514416,0.04020396,6247,0.00024854,0.00000000,0,0.00000000,29771,29749,43,0.00224130
1773322709.56501746,0.02308385,6255,0.00045277,0.00000000,0,0.00000000,29749,29775,45,0.00249549
1773322709.66489911,0.03281334,6258,0.00018632,0.00000000,0,0.00000000,29775,29785,36,0.00173362
1773322709.76473618,0.01842788,6266,0.00008800,0.00000000,0,0.00000000,29785,29797,37,0.00161274
1773322709.86463976,0.02425034,6254,0.00028757,0.00000000,0,0.00000000,29797,29810,56,0.00316327
1773322709.96452022,0.02023937,6260,0.00026974,0.00000000,0,0.00000000,29810,29829,51,0.00273936
1773322710.06442237,0.02294996,6283,0.00022738,0.00000000,0,0.00000000,29829,29833,34,0.00172382
1773322710.16484189,0.02295301,6244,0.00019572,0.00000000,0,0.00000000,29833,29850,42,0.00136101
1773322710.26469350,0.03890517,6258,0.00021515,0.00000000,0,0.00000000,29850,29850,42,0.00185569
1773322710.36568570,0.04478896,6291,0.00076592,0.00000000,0,0.00000000,29850,29870,48,0.00126551
1773322710.46551752,0.04005565,6250,0.00051315,0.00000000,0,0.00000000,29870,29867,43,0.00159075
1773322710.56547499,0.03720789,6268,0.00078176,0.00000000,0,0.00000000,29867,29888,59,0.00102977
1773322710.66541743,0.03527730,6262,0.00042646,0.00000000,0,0.00000000,29888,29912,44,0.00106310
1773322710.76530862,0.03509022,6267,0.00018762,0.00000000,0,0.00000000,29912,29924,48,0.00095308
1773322710.86520886,0.03389284,6268,0.00012227,0.00000000,0,0.00000000,29924,29940,38,0.00152406
1773322710.96506286,0.03777383,6218,0.00019024,0.00000000,0,0.00000000,29940,29944,45,0.00247632
1773322711.06493783,0.03847958,6224,0.00038332,0.00000000,0,0.00000000,29944,29929,34,0.00329608
1773322711.16463423,0.04121173,6243,0.00049633,0.00000000,0,0.00000000,29929,29937,39,0.00248560
1773322711.26455903,0.03817685,6223,0.00038273,0.00000000,0,0.00000000,29937,29952,37,0.00153659
1773322711.36444616,0.04030997,6258,0.00043525,0.00000000,0,0.00000000,29952,29968,43,0.00274095
1773322711.46447396,0.05521529,6285,0.00090420,0.00000000,0,0.00000000,29968,29986,42,0.00082949
1773322711.56491375,0.03389492,6237,0.00060681,0.00000000,0,0.00000000,29986,30003,49,0.00099740
1773322711.66488385,0.03030768,6259,0.00012679,0.00000000,0,0.00000000,30003,30016,35,0.00174083
1773322711.76586819,0.02553461,6237,0.00031982,0.00000000,0,0.00000000,30016,30027,54,0.00507946
1773322711.86463356,0.02003706,6271,0.00012719,0.00000000,0,0.00000000,30027,30045,45,0.00203496
1773322711.96558928,0.02353113,6259,0.00039025,0.00000000,0,0.00000000,30045,30062,56,0.00145431
1773322712.06545258,0.02800587,6229,0.00037121,0.00000000,0,0.00000000,30062,30055,58,0.00201810
1773322712.16546893,0.02207847,6241,0.00018942,0.00000000,0,0.00000000,30055,30084,46,0.00261182
1773322712.26531720,0.02489057,6232,0.00016178,0.00000000,0,0.00000000,30084,30100,50,0.00081851
1773322712.36525059,0.03934083,6203,0.00034398,0.00000000,0,0.00000000,30100,30100,56,0.00091574
1773322712.46507549,0.04306709,6228,0.00043873,0.00000000,0,0.00000000,30100,30121,56,0.00090643
1773322712.56503844,0.03637101,6222,0.00073097,0.00000000,0,0.00000000,30121,30115,57,0.00117117
1773322712.66488576,0.04145720,6220,0.00040343,0.00000000,0,0.00000000,30115,30136,46,0.00111399
1773322712.76481390,0.03738087,6172,0.00038774,0.00000000,0,0.00000000,30136,30143,43,0.00141926
1773322712.86451936,0.03694171,6228,0.00049094,0.00000000,0,0.00000000,30143,30158,55,0.00147094
1773322712.96464586,0.04601579,6178,0.00027676,0.00000000,0,0.00000000,30158,30169,37,0.00166660
1773322713.06459761,0.03438945,6221,0.00056527,0.00000000,0,0.00000000,30169,30173,49,0.00245545
1773322713.16460729,0.04097164,6144,0.00054807,0.00000000,0,0.00000000,30173,30181,41,0.00269111
1773322713.26469946,0.03579771,6201,0.00033570,0.00000000,0,0.00000000,30181,30177,32,0.00294840
1773322713.36575007,0.04518777,6182,0.00043143,0.00000000,0,0.00000000,30177,30184,41,0.00240273
1773322713.46579313,0.03286174,6132,0.00044770,0.00000000,0,0.00000000,30184,30203,41,0.00155690
1773322713.56561232,0.04036269,6183,0.00020966,0.00000000,0,0.00000000,30203,30203,50,0.00278082
1773322713.66552258,0.02157441,6116,0.00013641,0.00000000,0,0.00000000,30203,30218,42,0.00189322
1773322713.76525545,0.03487060,6120,0.00051687,0.00000000,0,0.00000000,30218,30213,36,0.00477856
1773322713.86519933,0.02933265,6168,0.00015618,0.00000000,0,0.00000000,30213,30215,41,0.00272295
1773322713.96511889,0.02232351,6159,0.00023673,0.00000000,0,0.00000000,30215,30223,45,0.00307099
1773322714.06499028,0.01813453,6164,0.00029431,0.00000000,0,0.00000000,30223,30243,50,0.00205919
1773322714.16480255,0.02920390,6150,0.00013391,0.00000000,0,0.00000000,30243,30246,34,0.00089065
1773322714.26476288,0.02678525,6156,0.00014342,0.00000000,0,0.00000000,30246,30255,55,0.00077415
1773322714.36470103,0.02947666,6104,0.00048343,0.00000000,0,0.00000000,30255,30243,44,0.00083485
1773322714.46442223,0.03627002,6182,0.00044648,0.00000000,0,0.00000000,30243,30245,51,0.00171440
1773322714.56435657,0.03696504,6128,0.00049807,0.00000000,0,0.00000000,30245,30255,42,0.00145468
1773322714.66429257,0.04135481,6129,0.00043453,0.00000000,0,0.00000000,30255,30261,43,0.00087268
1773322714.76420879,0.04360020,6154,0.00017936,0.00000000,0,0.00000000,30261,30270,48,0.00089291
1773322714.86473155,0.04165688,6154,0.00044548,0.00000000,0,0.00000000,30270,30290,49,0.00193506
1773322714.96459651,0.03915051,6161,0.00053165,0.00000000,0,0.00000000,30290,30285,37,0.00258369
1773322715.06571555,0.03570156,6119,0.00046240,0.00000000,0,0.00000000,30285,30270,46,0.00100941
1773322715.16554070,0.03985500,6115,0.00050624,0.00000000,0,0.00000000,30270,30291,46,0.00213492
1773322715.26547718,0.04234566,6092,0.00035771,0.00000000,0,0.00000000,30291,30309,52,0.00106235
1773322715.36521840,0.04913999,6169,0.00052845,0.00000000,0,0.00000000,30309,30331,37,0.00185755
1773322715.46527052,0.03890179,6110,0.00034766,0.00000000,0,0.00000000,30331,30342,28,0.00194814
1773322715.56522107,0.04514807,6126,0.00013562,0.00000000,0,0.00000000,30342,30351,36,0.00202020
1773322715.66510892,0.02767886,6096,0.00012875,0.00000000,0,0.00000000,30351,30353,29,0.00289457
1773322715.76495266,0.04365151,6101,0.00068834,0.00000000,0,0.00000000,30353,30354,36,0.00151814
1773322715.86477280,0.03170960,6109,0.00030044,0.00000000,0,0.00000000,30354,30363,50,0.00395439
1773322715.96469641,0.02861211,6187,0.00017738,0.00000000,0,0.00000000,30363,30365,51,0.00242806
1773322716.06459308,0.02962541,6175,0.00023847,0.00000000,0,0.00000000,30365,30380,53,0.00177492
1773322716.16452789,0.02019802,6140,0.00020666,0.00000000,0,0.00000000,30380,30383,47,0.00079461
1773322716.26442122,0.02219393,6151,0.00023675,0.00000000,0,0.00000000,30383,30387,55,0.00101877
1773322716.36443567,0.02282821,6148,0.00019724,0.00000000,0,0.00000000,30387,30408,57,0.00101134
1773322716.46451759,0.04402183,6194,0.00058134,0.00000000,0,0.00000000,30408,30423,46,0.00101291
1773322716.56446314,0.03835345,6170,0.00032465,0.00000000,0,0.00000000,30423,30439,52,0.00073912
1773322716.66480970,0.04336928,6170,0.00018650,0.00000000,0,0.00000000,30439,30453,45,0.00305282
1773322716.76565313,0.04429458,6157,0.00057891,0.00000000,0,0.00000000,30453,30436,35,0.00093255
1773322716.86558008,0.04592161,6167,0.00123696,0.00000000,0,0.00000000,30436,30393,44,0.00257348
1773322716.96552825,0.04191286,6151,0.00035826,0.00000000,0,0.00000000,30393,30400,32,0.00374026
1773322717.06541586,0.03945497,6164,0.00044731,0.00000000,0,0.00000000,30400,30411,37,0.00199530
1773322717.16533422,0.03833884,6198,0.00026660,0.00000000,0,0.00000000,30411,30425,54,0.00127422
1773322717.26542568,0.03619700,6173,0.00012082,0.00000000,0,0.00000000,30425,30443,39,0.00211778
1773322717.36533189,0.03979878,5866,0.00015937,0.00000000,0,0.00000000,30443,30450,47,0.00100562
1773322717.46094847,0.03823864,6428,0.00021238,0.00000000,0,0.00000000,30450,30466,37,0.00299706
1773322717.56495762,0.04158798,6156,0.00037571,0.00000000,0,0.00000000,30466,30484,41,0.00252631
1773322717.66491127,0.03254618,6161,0.00098109,0.00000000,0,0.00000000,30484,30493,50,0.00136410
1773322717.76483321,0.03058147,6163,0.00039726,0.00000000,0,0.00000000,30493,30502,42,0.00201660
1773322717.86477447,0.04180989,6181,0.00047221,0.00000000,0,0.00000000,30502,30510,37,0.00473573
1773322717.96466637,0.02446533,6171,0.00012400,0.00000000,0,0.00000000,30510,30518,32,0.00446928
1773322718.06458902,0.02595573,6165,0.00026038,0.00000000,0,0.00000000,30518,30521,57,0.00300268
1773322718.16457224,0.02231242,6184,0.00021030,0.00000000,0,0.00000000,30521,30532,47,0.00152603
1773322718.26447320,0.02214350,6186,0.00012469,0.00000000,0,0.00000000,30532,30552,47,0.00341983
1773322718.36499381,0.02500868,6171,0.00013446,0.00000000,0,0.00000000,30552,30552,39,0.00205233
1773322718.46512890,0.02639399,6144,0.00013128,0.00000000,0,0.00000000,30552,30570,42,0.00183809
1773322718.56484628,0.04515422,6153,0.00090634,0.00000000,0,0.00000000,30570,30520,36,0.00162109
1773322718.66473055,0.03898645,6186,0.00028428,0.00000000,0,0.00000000,30520,30527,41,0.00175509
1773322718.76578498,0.04558433,6145,0.00080189,0.00000000,0,0.00000000,30527,30539,46,0.00114635
1773322718.86561680,0.03761615,6131,0.00008648,0.00000000,0,0.00000000,30539,30552,30,0.00134875
1773322718.96454835,0.04124651,6214,0.00021976,0.00000000,0,0.00000000,30552,30570,58,0.00141397
1773322719.06548786,0.04108572,6136,0.00016869,0.00000000,0,0.00000000,30570,30555,31,0.00280144
1773322719.16523886,0.04439341,6159,0.00044495,0.00000000,0,0.00000000,30555,30566,42,0.00145578
1773322719.26432490,0.04611957,6253,0.00082985,0.00000000,0,0.00000000,30566,30591,51,0.00210905
1773322719.36527133,0.03932020,6203,0.00024273,0.00000000,0,0.00000000,30591,30596,47,0.00082553
1773322719.46517467,0.02840351,6158,0.00068357,0.00000000,0,0.00000000,30596,30602,51,0.00267269
1773322719.56507325,0.03875452,6236,0.00022299,0.00000000,0,0.00000000,30602,30599,37,0.00151991
1773322719.66501522,0.02181462,6203,0.00015169,0.00000000,0,0.00000000,30599,30610,42,0.00288157
1773322719.76492476,0.02521073,6218,0.00032268,0.00000000,0,0.00000000,30610,30576,44,0.00272237
1773322719.86488628,0.02391389,6211,0.00043924,0.00000000,0,0.00000000,30576,30577,54,0.00354369
1773322719.96479726,0.02190469,6222,0.00022400,0.00000000,0,0.00000000,30577,30592,61,0.00224542
1773322720.06460953,0.02479893,6241,0.00018232,0.00000000,0,0.00000000,30592,30606,44,0.00230099
1773322720.16453290,0.02262699,6252,0.00033351,0.00000000,0,0.00000000,30606,30604,49,0.00113570
1773322720.26444268,0.02164711,6294,0.00010093,0.00000000,0,0.00000000,30604,30623,37,0.00090051
1773322720.36459494,0.03589560,6253,0.00038356,0.00000000,0,0.00000000,30623,30635,35,0.00157232
1773322720.46454525,0.03847991,6266,0.00022237,0.00000000,0,0.00000000,30635,30643,44,0.00081489
1773322720.56447625,0.03766673,6291,0.00079184,0.00000000,0,0.00000000,30643,30666,60,0.00154629
1773322720.66482806,0.05018313,6276,0.00116712,0.00000000,0,0.00000000,30666,30627,47,0.00160596
1773322720.76478028,0.05105827,6259,0.00062242,0.00000000,0,0.00000000,30627,30617,32,0.00152501
1773322720.86588836,0.03865048,6212,0.00052886,0.00000000,0,0.00000000,30617,30624,42,0.00239971
1773322720.96580935,0.03838281,6255,0.00060241,0.00000000,0,0.00000000,30624,30609,41,0.00222997
1773322721.06463242,0.03335622,6268,0.00044865,0.00000000,0,0.00000000,30609,30620,40,0.00274735
1773322721.16558743,0.04186130,6287,0.00071520,0.00000000,0,0.00000000,30620,30610,52,0.00433737
1773322721.26544023,0.03909649,6250,0.00048024,0.00000000,0,0.00000000,30610,30625,47,0.00082070
1773322721.36536479,0.04629527,6255,0.00043947,0.00000000,0,0.00000000,30625,30623,43,0.00286724
1773322721.46535182,0.02955703,6278,0.00030683,0.00000000,0,0.00000000,30623,30634,44,0.00283817
1773322721.56543827,0.04191672,6248,0.00027032,0.00000000,0,0.00000000,30634,30638,41,0.00258443
1773322721.66548753,0.02667146,6255,0.00023533,0.00000000,0,0.00000000,30638,30658,49,0.00254990
1773322721.76529646,0.03446729,6282,0.00040204,0.00000000,0,0.00000000,30658,30674,46,0.00117814
1773322721.86518407,0.02690983,6254,0.00024621,0.00000000,0,0.00000000,30674,30672,42,0.00313661
1773322721.96515131,0.02178248,6258,0.00014285,0.00000000,0,0.00000000,30672,30692,40,0.00289712
1773322722.06514859,0.02448157,6195,0.00018919,0.00000000,0,0.00000000,30692,30705,49,0.00189331
1773322722.16484332,0.02682707,6286,0.00026552,0.00000000,0,0.00000000,30705,30718,33,0.00313425
1773322722.26487613,0.02593428,6240,0.00045868,0.00000000,0,0.00000000,30718,30729,35,0.00129147
1773322722.36476970,0.02547633,6263,0.00024349,0.00000000,0,0.00000000,30729,30740,35,0.00332320
1773322722.46468806,0.02508443,6210,0.00017236,0.00000000,0,0.00000000,30740,30747,42,0.00251888
1773322722.56455493,0.04577736,6230,0.00029032,0.00000000,0,0.00000000,30747,30745,52,0.00104260
1773322722.66446114,0.04149725,6233,0.00022129,0.00000000,0,0.00000000,30745,30751,39,0.00121746
1773322722.76443505,0.04169950,6247,0.00033998,0.00000000,0,0.00000000,30751,30762,37,0.00150406
1773322722.86462975,0.03047610,6222,0.00048383,0.00000000,0,0.00000000,30762,30771,55,0.00080563
1773322722.96434069,0.03778722,6285,0.00082912,0.00000000,0,0.00000000,30771,30771,66,0.00579268
1773322723.06457758,0.03822883,6233,0.00045516,0.00000000,0,0.00000000,30771,30791,42,0.00253007
1773322723.16463780,0.03939266,6278,0.00020099,0.00000000,0,0.00000000,30791,30817,52,0.00087760
1773322723.26449823,0.04400274,6269,0.00075654,0.00000000,0,0.00000000,30817,30838,53,0.00413621
1773322723.36558461,0.04932788,6238,0.00026850,0.00000000,0,0.00000000,30838,30840,31,0.00265072
1773322723.46559477,0.03508468,6239,0.00014783,0.00000000,0,0.00000000,30840,30836,36,0.00245394
1773322723.56553698,0.04463328,6240,0.00027417,0.00000000,0,0.00000000,30836,30837,35,0.00283931
1773322723.66548896,0.03035518,6254,0.00022313,0.00000000,0,0.00000000,30837,30843,59,0.00177726
1773322723.76546168,0.02880655,6261,0.00023229,0.00000000,0,0.00000000,30843,30852,35,0.00368909
1773322723.86533642,0.02429261,6254,0.00010537,0.00000000,0,0.00000000,30852,30859,37,0.00352254
1773322723.96536088,0.02396457,6248,0.00042588,0.00000000,0,0.00000000,30859,30874,49,0.00454637
1773322724.06525803,0.02079162,6257,0.00012197,0.00000000,0,0.00000000,30874,30880,31,0.00360195
1773322724.16523695,0.02606682,6263,0.00017921,0.00000000,0,0.00000000,30880,30896,44,0.00279872
1773322724.26520467,0.02133413,6228,0.00024970,0.00000000,0,0.00000000,30896,30894,43,0.00077309
1773322724.36499977,0.03972874,6265,0.00042238,0.00000000,0,0.00000000,30894,30898,37,0.00139688
1773322724.46500921,0.03777743,6252,0.00044868,0.00000000,0,0.00000000,30898,30905,42,0.00099139
1773322724.56505466,0.03309885,6256,0.00035765,0.00000000,0,0.00000000,30905,30918,32,0.00087913
1773322724.66486835,0.02973703,6258,0.00041626,0.00000000,0,0.00000000,30918,30925,41,0.00117979
1773322724.76485872,0.03014032,6248,0.00035657,0.00000000,0,0.00000000,30925,30940,36,0.00223276
1773322724.86476564,0.04063990,6235,0.00030153,0.00000000,0,0.00000000,30940,30950,45,0.00144594
1773322724.96456122,0.03827492,6261,0.00025761,0.00000000,0,0.00000000,30950,30946,43,0.00185953
1773322725.06449890,0.03506569,6227,0.00034288,0.00000000,0,0.00000000,30946,30961,44,0.00275494
1773322725.16440105,0.04363923,6280,0.00054728,0.00000000,0,0.00000000,30961,30970,45,0.00428310
1773322725.26437640,0.03601448,6280,0.00053844,0.00000000,0,0.00000000,30970,30987,48,0.00218836
1773322725.36450100,0.03841940,6209,0.00021906,0.00000000,0,0.00000000,30987,30993,35,0.00481396
1773322725.46442986,0.03835062,6255,0.00068873,0.00000000,0,0.00000000,30993,30994,59,0.00212325
1773322725.56484580,0.04903480,6167,0.00027079,0.00000000,0,0.00000000,30994,31002,48,0.00400160
1773322725.66481328,0.03814616,6151,0.00050957,0.00000000,0,0.00000000,31002,31015,46,0.00230328
1773322725.76478934,0.03369711,6167,0.00020835,0.00000000,0,0.00000000,31015,31023,34,0.00273973
1773322725.86566782,0.03226212,6128,0.00035667,0.00000000,0,0.00000000,31023,31036,49,0.00324629
1773322725.96566153,0.02477683,6144,0.00038451,0.00000000,0,0.00000000,31036,31006,45,0.00243360
1773322726.06553483,0.02691751,6145,0.00018271,0.00000000,0,0.00000000,31006,31003,49,0.00143823
1773322726.16550279,0.02475463,6176,0.00030239,0.00000000,0,0.00000000,31003,31008,46,0.00253881
1773322726.26553464,0.01957539,6160,0.00013852,0.00000000,0,0.00000000,31008,31012,38,0.00217099
1773322726.36538768,0.02272431,6144,0.00016045,0.00000000,0,0.00000000,31012,31025,38,0.00236473
1773322726.46551776,0.04914409,6150,0.00067545,0.00000000,0,0.00000000,31025,31035,45,0.00122415
1773322726.56546092,0.04819213,6148,0.00077908,0.00000000,0,0.00000000,31035,31051,52,0.00128125
1773322726.66533208,0.04355170,6142,0.00050004,0.00000000,0,0.00000000,31051,31062,47,0.00102840
1773322726.76520348,0.04370149,6109,0.00032435,0.00000000,0,0.00000000,31062,31076,44,0.00138824
1773322726.86519551,0.03990595,6135,0.00034368,0.00000000,0,0.00000000,31076,31090,40,0.00096236
1773322726.96515870,0.03896654,6100,0.00049684,0.00000000,0,0.00000000,31090,31102,36,0.00101827
1773322727.06508708,0.03761543,6122,0.00036965,0.00000000,0,0.00000000,31102,31104,35,0.00284858
1773322727.16498446,0.04344888,6127,0.00045039,0.00000000,0,0.00000000,31104,31100,34,0.00213822
1773322727.26497197,0.05239766,6151,0.00083389,0.00000000,0,0.00000000,31100,31099,48,0.00317929
1773322727.36496234,0.03503135,6123,0.00037359,0.00000000,0,0.00000000,31099,31107,41,0.00252555
1773322727.46472001,0.05167514,6204,0.00017837,0.00000000,0,0.00000000,31107,31114,39,0.00262541
1773322727.56485271,0.03724122,6202,0.00038384,0.00000000,0,0.00000000,31114,31122,38,0.00173120
1773322727.66464996,0.02993036,6230,0.00016680,0.00000000,0,0.00000000,31122,31127,49,0.00269319
1773322727.76465821,0.02795671,6237,0.00019172,0.00000000,0,0.00000000,31127,31112,45,0.00296663
1773322727.86456323,0.02509031,6233,0.00078093,0.00000000,0,0.00000000,31112,31121,44,0.00334374
1773322727.96448803,0.02263742,6274,0.00021214,0.00000000,0,0.00000000,31121,31112,36,0.00260478
1773322728.06454229,0.02162023,6241,0.00015497,0.00000000,0,0.00000000,31112,31112,32,0.00282535
1773322728.16442609,0.02239621,6285,0.00011936,0.00000000,0,0.00000000,31112,31107,29,0.00167880
1773322728.26452446,0.02526110,6203,0.00038972,0.00000000,0,0.00000000,31107,31118,43,0.00306932
1773322728.36413622,0.03448949,6360,0.00013346,0.00000000,0,0.00000000,31118,31133,36,0.00286168
1773322728.46445060,0.03716060,6285,0.00023818,0.00000000,0,0.00000000,31133,31137,21,0.00115604
1773322728.56440043,0.02633758,6316,0.00030427,0.00000000,0,0.00000000,31137,31147,35,0.00109100
1773322728.66472721,0.02978976,6284,0.00013102,0.00000000,0,0.00000000,31147,31155,28,0.00093008
1773322728.76468587,0.02929005,6270,0.00087043,0.00000000,0,0.00000000,31155,31169,38,0.00230329
1773322728.86473966,0.03766132,6292,0.00013553,0.00000000,0,0.00000000,31169,31177,32,0.00109595
1773322728.96468806,0.03740640,6296,0.00052988,0.00000000,0,0.00000000,31177,31192,32,0.00279134
1773322729.06556845,0.03079867,6269,0.00030056,0.00000000,0,0.00000000,31192,31205,28,0.00249579
1773322729.16560888,0.02723984,6290,0.00046993,0.00000000,0,0.00000000,31205,31221,33,0.00287658
1773322729.26568174,0.03672881,6286,0.00032112,0.00000000,0,0.00000000,31221,31236,28,0.00285290
1773322729.36551595,0.03581493,6258,0.00017622,0.00000000,0,0.00000000,31236,31241,42,0.00467842
1773322729.46527863,0.04503535,6308,0.00043519,0.00000000,0,0.00000000,31241,31237,33,0.00161016
1773322729.56543875,0.04884514,6276,0.00019099,0.00000000,0,0.00000000,31237,31253,41,0.00316334
1773322729.66542196,0.03561745,6216,0.00188619,0.00000000,0,0.00000000,31253,31091,46,0.00402949
1773322729.76530695,0.02768034,6260,0.00022010,0.00000000,0,0.00000000,31091,31080,45,0.00303790
1773322729.86529469,0.02347632,6256,0.00033618,0.00000000,0,0.00000000,31080,31086,45,0.00315847
1773322729.96524882,0.02286494,6204,0.00023331,0.00000000,0,0.00000000,31086,31076,47,0.00249112
1773322730.06518936,0.02718459,6142,0.00070481,0.00000000,0,0.00000000,31076,31079,43,0.00334275
1773322730.16516113,0.02344722,6120,0.00017128,0.00000000,0,0.00000000,31079,31098,41,0.00085583
1773322730.26491785,0.02622521,6154,0.00018959,0.00000000,0,0.00000000,31098,31101,42,0.00219177
1773322730.36489701,0.02518589,6176,0.00036421,0.00000000,0,0.00000000,31101,31101,54,0.00310971
1773322730.46487451,0.03433807,6144,0.00027456,0.00000000,0,0.00000000,31101,31113,30,0.00121618
1773322730.56498718,0.04039591,6153,0.00047242,0.00000000,0,0.00000000,31113,31123,52,0.00120426
1773322730.66486931,0.04035140,6137,0.00030943,0.00000000,0,0.00000000,31123,31129,54,0.00099391
1773322730.76479673,0.04548093,6165,0.00022646,0.00000000,0,0.00000000,31129,31129,34,0.00295762
1773322730.86471701,0.04877400,6130,0.00021449,0.00000000,0,0.00000000,31129,31122,47,0.00310270
1773322730.96464610,0.04474557,6130,0.00051654,0.00000000,0,0.00000000,31122,31141,37,0.00308221
1773322731.06443524,0.04170369,6088,0.00031411,0.00000000,0,0.00000000,31141,31143,35,0.00261288
1773322731.16441154,0.04521766,6116,0.00059177,0.00000000,0,0.00000000,31143,31147,46,0.00343696
1773322731.26438808,0.04291813,6165,0.00062257,0.00000000,0,0.00000000,31147,31130,50,0.00255385
1773322731.36452889,0.04110115,6116,0.00044972,0.00000000,0,0.00000000,31130,31114,34,0.00098870
1773322731.46442413,0.04056576,6123,0.00069901,0.00000000,0,0.00000000,31114,31108,45,0.00169640
1773322731.56457376,0.04110383,6088,0.00017688,0.00000000,0,0.00000000,31108,31100,33,0.00192105
1773322731.66446447,0.04503181,6080,0.00049953,0.00000000,0,0.00000000,31100,31118,45,0.00363926
1773322731.76493073,0.02729187,6073,0.00016588,0.00000000,0,0.00000000,31118,31128,40,0.00253361
1773322731.86483312,0.03053610,6074,0.00018275,0.00000000,0,0.00000000,31128,31131,50,0.00242112
1773322731.96495175,0.02316804,6068,0.00015696,0.00000000,0,0.00000000,31131,31150,45,0.00299284
1773322732.06476665,0.02403737,6132,0.00021591,0.00000000,0,0.00000000,31150,31146,53,0.00278770
1773322732.16563368,0.02242450,6086,0.00052738,0.00000000,0,0.00000000,31146,31155,43,0.00128990
1773322732.26477337,0.02117091,6067,0.00014056,0.00000000,0,0.00000000,31155,31144,42,0.00360615
1773322732.36553025,0.02414560,6132,0.00013292,0.00000000,0,0.00000000,31144,31147,39,0.00236580
1773322732.46553159,0.02405640,6106,0.00012634,0.00000000,0,0.00000000,31147,31155,39,0.00117180
1773322732.56454611,0.03572722,6182,0.00015859,0.00000000,0,0.00000000,31155,31160,37,0.00125809
1773322732.66548038,0.04683664,6096,0.00027560,0.00000000,0,0.00000000,31160,31172,42,0.00077582
1773322732.76445365,0.04390731,6175,0.00091689,0.00000000,0,0.00000000,31172,31182,52,0.00087482
1773322732.86538076,0.05553471,6194,0.00041786,0.00000000,0,0.00000000,31182,31193,37,0.00095976
1773322732.96537066,0.04216132,6212,0.00057774,0.00000000,0,0.00000000,31193,31207,54,0.00527665
1773322733.06536293,0.03750262,6254,0.00036042,0.00000000,0,0.00000000,31207,31195,31,0.00109822
1773322733.16536689,0.03546123,6240,0.00031726,0.00000000,0,0.00000000,31195,31205,29,0.00167150
1773322733.26529837,0.03890576,6268,0.00014298,0.00000000,0,0.00000000,31205,31215,40,0.00285749
1773322733.36524081,0.04017546,6283,0.00013428,0.00000000,0,0.00000000,31215,31220,29,0.00309869
1773322733.46525311,0.03272962,6264,0.00036699,0.00000000,0,0.00000000,31220,31240,36,0.00221284
1773322733.56514883,0.03747359,6289,0.00028861,0.00000000,0,0.00000000,31240,31230,47,0.00364852
1773322733.66517162,0.02488288,6297,0.00013173,0.00000000,0,0.00000000,31230,31237,28,0.00266493
1773322733.76506567,0.03267203,6286,0.00024327,0.00000000,0,0.00000000,31237,31247,26,0.00095454
1773322733.86498451,0.02573150,6274,0.00022027,0.00000000,0,0.00000000,31247,31262,37,0.00311864
1773322733.96493411,0.02199569,6292,0.00019195,0.00000000,0,0.00000000,31262,31238,45,0.00220916
1773322734.06483102,0.02090258,6270,0.00016045,0.00000000,0,0.00000000,31238,31242,24,0.00285625
1773322734.16479921,0.02421121,6286,0.00020192,0.00000000,0,0.00000000,31242,31235,27,0.00286712
1773322734.26473880,0.02241355,6296,0.00010478,0.00000000,0,0.00000000,31235,31248,34,0.00203329
1773322734.36467600,0.01738636,6268,0.00030866,0.00000000,0,0.00000000,31248,31230,34,0.00252280
1773322734.46467614,0.02246472,6305,0.00019574,0.00000000,0,0.00000000,31230,31235,38,0.00249659
1773322734.56461835,0.03523271,6316,0.00007795,0.00000000,0,0.00000000,31235,31241,23,0.00146798
1773322734.66456056,0.04147714,6283,0.00030158,0.00000000,0,0.00000000,31241,31253,32,0.00109471
1773322734.76458192,0.02708190,6291,0.00035379,0.00000000,0,0.00000000,31253,31258,35,0.00135656
1773322734.86447215,0.03709955,6275,0.00036716,0.00000000,0,0.00000000,31258,31268,34,0.00186552
1773322734.96440697,0.03052300,6309,0.00037993,0.00000000,0,0.00000000,31268,31279,30,0.00437892
1773322735.06443024,0.03355005,6256,0.00036883,0.00000000,0,0.00000000,31279,31301,38,0.00280486
1773322735.16439080,0.04078859,6294,0.00047991,0.00000000,0,0.00000000,31301,31297,42,0.00186955
1773322735.26490521,0.03965219,6246,0.00033503,0.00000000,0,0.00000000,31297,31277,46,0.00158065
1773322735.36481977,0.04204060,6214,0.00069751,0.00000000,0,0.00000000,31277,31279,33,0.00276879
1773322735.46483994,0.04233249,6172,0.00041072,0.00000000,0,0.00000000,31279,31296,32,0.00267488
1773322735.56480098,0.04964601,6182,0.00032956,0.00000000,0,0.00000000,31296,31310,38,0.00294872
1773322735.66476536,0.03257485,6173,0.00011831,0.00000000,0,0.00000000,31310,31320,31,0.00318892
1773322735.76592851,0.04237523,6168,0.00031468,0.00000000,0,0.00000000,31320,31333,34,0.00339499
1773322735.86593556,0.02990097,6147,0.00009794,0.00000000,0,0.00000000,31333,31330,30,0.00338882
1773322735.96584773,0.02743721,6181,0.00010496,0.00000000,0,0.00000000,31330,31338,34,0.00262080
1773322736.06581593,0.02424109,6141,0.00018050,0.00000000,0,0.00000000,31338,31350,36,0.00286947
1773322736.16570139,0.02150178,6121,0.00019177,0.00000000,0,0.00000000,31350,31367,40,0.00171376
1773322736.26581907,0.02281339,6081,0.00034926,0.00000000,0,0.00000000,31367,31378,48,0.00111737
1773322736.36566091,0.02011973,6070,0.00015446,0.00000000,0,0.00000000,31378,31383,36,0.00161927
1773322736.46557975,0.02002841,6061,0.00013170,0.00000000,0,0.00000000,31383,31366,33,0.00293998
1773322736.56566525,0.04005360,6044,0.00013281,0.00000000,0,0.00000000,31366,31378,37,0.00151034
1773322736.66551065,0.04260987,6069,0.00042266,0.00000000,0,0.00000000,31378,31390,31,0.00157552
1773322736.76577330,0.04696409,6097,0.00036956,0.00000000,0,0.00000000,31390,31405,33,0.00169417
1773322736.86559653,0.03617587,6063,0.00035887,0.00000000,0,0.00000000,31405,31408,33,0.00139711
1773322736.96559358,0.03292186,6086,0.00049373,0.00000000,0,0.00000000,31408,31400,48,0.00371126
1773322737.06553125,0.04258016,6092,0.00023819,0.00000000,0,0.00000000,31400,31404,46,0.00116625
1773322737.16547632,0.03917119,6163,0.00036903,0.00000000,0,0.00000000,31404,31409,30,0.00152432
1773322737.26545119,0.04658597,6166,0.00055720,0.00000000,0,0.00000000,31409,31402,38,0.00266433
1773322737.36540151,0.05014103,6166,0.00017457,0.00000000,0,0.00000000,31402,31399,32,0.00361129
1773322737.46542597,0.03641610,6173,0.00032464,0.00000000,0,0.00000000,31399,31413,32,0.00234116
1773322737.56532335,0.03593483,6208,0.00016936,0.00000000,0,0.00000000,31413,31421,42,0.00099072
1773322737.66530681,0.02421410,6198,0.00022155,0.00000000,0,0.00000000,31421,31446,53,0.00264941
1773322737.76523399,0.02833409,6278,0.00047795,0.00000000,0,0.00000000,31446,31463,43,0.00327648
1773322737.86522031,0.03000136,6289,0.00015354,0.00000000,0,0.00000000,31463,31452,33,0.00339082
1773322737.96517730,0.01960553,6297,0.00011617,0.00000000,0,0.00000000,31452,31454,32,0.00261089
1773322738.06517148,0.01982798,6266,0.00011830,0.00000000,0,0.00000000,31454,31469,30,0.00180477
1773322738.16489744,0.01884932,6330,0.00011269,0.00000000,0,0.00000000,31469,31473,38,0.00345713
1773322738.26506639,0.02308782,6281,0.00010057,0.00000000,0,0.00000000,31473,31473,33,0.00168456
1773322738.36482859,0.01934366,6334,0.00009537,0.00000000,0,0.00000000,31473,31486,29,0.00293816
1773322738.46481586,0.02014708,6314,0.00012635,0.00000000,0,0.00000000,31486,31493,39,0.00187381
1773322738.56470871,0.03778961,6340,0.00018532,0.00000000,0,0.00000000,31493,31503,23,0.00310076
1773322738.66481137,0.03741849,6320,0.00036156,0.00000000,0,0.00000000,31503,31510,28,0.00176910
1773322738.76470637,0.02659690,6273,0.00035202,0.00000000,0,0.00000000,31510,31505,26,0.00124159
1773322738.86465263,0.03057849,6312,0.00034683,0.00000000,0,0.00000000,31505,31507,37,0.00117427
1773322738.96457100,0.03221943,6291,0.00030441,0.00000000,0,0.00000000,31507,31507,29,0.00400974
1773322739.06453729,0.03475372,6338,0.00016334,0.00000000,0,0.00000000,31507,31507,24,0.00160211
1773322739.16465592,0.03475161,6311,0.00034818,0.00000000,0,0.00000000,31507,31518,28,0.00490986
1773322739.26457429,0.02956721,6307,0.00034156,0.00000000,0,0.00000000,31518,31513,25,0.00324990
1773322739.36443114,0.03145468,6340,0.00017080,0.00000000,0,0.00000000,31513,31501,30,0.00438160
1773322739.46445012,0.03077478,6336,0.00041203,0.00000000,0,0.00000000,31501,31499,32,0.00297088
1773322739.56456804,0.03197963,6284,0.00026900,0.00000000,0,0.00000000,31499,31514,23,0.00834025
1773322739.66435361,0.02167088,6344,0.00026667,0.00000000,0,0.00000000,31514,31515,28,0.00318709
1773322739.76451159,0.01698159,6332,0.00010094,0.00000000,0,0.00000000,31515,31521,20,0.00390944
1773322739.86447954,0.03014040,6373,0.00022679,0.00000000,0,0.00000000,31521,31530,23,0.00367272
1773322739.96473360,0.01955675,6318,0.00008915,0.00000000,0,0.00000000,31530,31521,26,0.00317136
1773322740.06474352,0.02312304,6336,0.00008300,0.00000000,0,0.00000000,31521,31521,18,0.00253391
1773322740.16479611,0.01789534,6313,0.00011133,0.00000000,0,0.00000000,31521,31529,23,0.00156640
1773322740.26469302,0.01837804,6322,0.00011120,0.00000000,0,0.00000000,31529,31538,30,0.00177163
1773322740.36465836,0.01860840,6357,0.00009728,0.00000000,0,0.00000000,31538,31552,23,0.00224130
1773322740.46465898,0.02790911,6368,0.00012965,0.00000000,0,0.00000000,31552,31563,22,0.00118797
1773322740.56542397,0.03569063,6333,0.00010605,0.00000000,0,0.00000000,31563,31569,26,0.00160331
1773322740.66530323,0.03243512,6310,0.00019063,0.00000000,0,0.00000000,31569,31575,20,0.00154927
1773322740.76454520,0.03272192,6360,0.00031297,0.00000000,0,0.00000000,31575,31585,23,0.00111374
1773322740.86527252,0.02428528,6321,0.00014139,0.00000000,0,0.00000000,31585,31590,15,0.00327254
1773322740.96445942,0.02743443,6367,0.00068247,0.00000000,0,0.00000000,31590,31598,25,0.00407580
1773322741.06517315,0.03250673,6345,0.00020336,0.00000000,0,0.00000000,31598,31608,32,0.00324927
1773322741.16519856,0.03696030,6308,0.00020126,0.00000000,0,0.00000000,31608,31615,38,0.00131289
1773322741.26523972,0.03650234,6275,0.00042861,0.00000000,0,0.00000000,31615,31632,42,0.00268635
1773322741.36547518,0.03396580,6229,0.00049688,0.00000000,0,0.00000000,31632,31650,38,0.00338200
1773322741.46444726,0.03386152,6261,0.00014585,0.00000000,0,0.00000000,31650,31660,45,0.00348724
1773322741.56504869,0.04148488,6210,0.00062694,0.00000000,0,0.00000000,31660,31665,36,0.00110941
1773322741.66502738,0.02516763,6219,0.00016524,0.00000000,0,0.00000000,31665,31665,31,0.00106048
1773322741.76497173,0.01908939,6209,0.00013851,0.00000000,0,0.00000000,31665,31672,34,0.00233058
1773322741.86504698,0.03439614,6174,0.00047536,0.00000000,0,0.00000000,31672,31670,31,0.00337582
1773322741.96498108,0.02146975,6171,0.00014229,0.00000000,0,0.00000000,31670,31683,43,0.00301812
1773322742.06491590,0.02423101,6189,0.00018929,0.00000000,0,0.00000000,31683,31701,33,0.00220080
1773322742.16489196,0.01942925,6176,0.00016319,0.00000000,0,0.00000000,31701,31711,34,0.00164635
1773322742.26478457,0.02168255,6185,0.00009869,0.00000000,0,0.00000000,31711,31719,33,0.00137440
1773322742.36470914,0.02101903,6209,0.00019819,0.00000000,0,0.00000000,31719,31722,40,0.00126722
1773322742.46471882,0.01889977,6208,0.00010702,0.00000000,0,0.00000000,31722,31726,34,0.00100128
1773322742.56468534,0.03881117,6212,0.00016258,0.00000000,0,0.00000000,31726,31736,40,0.00170616
1773322742.66469479,0.03906774,6156,0.00034407,0.00000000,0,0.00000000,31736,31750,31,0.00194158
1773322742.76473212,0.03426455,6177,0.00033655,0.00000000,0,0.00000000,31750,31750,33,0.00127347
1773322742.86530685,0.02248425,6138,0.00020783,0.00000000,0,0.00000000,31750,31765,39,0.00110162
1773322742.96523333,0.03299184,6136,0.00087415,0.00000000,0,0.00000000,31765,31757,41,0.00328352
1773322743.06445765,0.02776054,6170,0.00018563,0.00000000,0,0.00000000,31757,31768,42,0.00247481
1773322743.16516829,0.03422468,6149,0.00010826,0.00000000,0,0.00000000,31768,31783,27,0.00151171
1773322743.26513577,0.04015098,6134,0.00058394,0.00000000,0,0.00000000,31783,31790,39,0.00273695
1773322743.36508465,0.03473215,6142,0.00028765,0.00000000,0,0.00000000,31790,31792,23,0.00276403
1773322743.46451688,0.03892325,6121,0.00011409,0.00000000,0,0.00000000,31792,31806,34,0.00290270
1773322743.56450629,0.02379807,6217,0.00012498,0.00000000,0,0.00000000,31806,31813,33,0.00397097
1773322743.66511512,0.02103900,6181,0.00025610,0.00000000,0,0.00000000,31813,31818,33,0.00332826
1773322743.76507068,0.03260065,6218,0.00063022,0.00000000,0,0.00000000,31818,31809,35,0.00199506
1773322743.86508799,0.02408648,6227,0.00029287,0.00000000,0,0.00000000,31809,31811,40,0.00297288
1773322743.96499515,0.02410630,6278,0.00012423,0.00000000,0,0.00000000,31811,31814,35,0.00255280
1773322744.06494284,0.01636545,6301,0.00009488,0.00000000,0,0.00000000,31814,31808,25,0.00143107
1773322744.16491318,0.01843712,6371,0.00014090,0.00000000,0,0.00000000,31808,31803,27,0.00198715
1773322744.26484966,0.01703055,6345,0.00006988,0.00000000,0,0.00000000,31803,31812,17,0.00281260
1773322744.36477470,0.02260679,6358,0.00032380,0.00000000,0,0.00000000,31812,31819,26,0.00147185
1773322744.46474552,0.01918190,6391,0.00010586,0.00000000,0,0.00000000,31819,31826,21,0.00079440
1773322744.56558704,0.02612306,6341,0.00038846,0.00000000,0,0.00000000,31826,31838,23,0.00152320
1773322744.66551518,0.03116290,6342,0.00032884,0.00000000,0,0.00000000,31838,31816,30,0.00088169
1773322744.76553416,0.03381808,6356,0.00012147,0.00000000,0,0.00000000,31816,31828,30,0.00132376
1773322744.86550355,0.03709583,6342,0.00018209,0.00000000,0,0.00000000,31828,31834,23,0.00253503
1773322744.96540856,0.03011626,6301,0.00074510,0.00000000,0,0.00000000,31834,31833,27,0.00300004
1773322745.06454754,0.02437510,6368,0.00018909,0.00000000,0,0.00000000,31833,31840,20,0.00251878
1773322745.16540408,0.02960475,6325,0.00021129,0.00000000,0,0.00000000,31840,31848,44,0.00281647
1773322745.26536584,0.04359381,6310,0.00033737,0.00000000,0,0.00000000,31848,31855,25,0.00270121
1773322745.36524677,0.02564091,6319,0.00014502,0.00000000,0,0.00000000,31855,31858,29,0.00146959
1773322745.46519327,0.03096987,6336,0.00032729,0.00000000,0,0.00000000,31858,31868,33,0.00250487
1773322745.56514454,0.01847925,6357,0.00015501,0.00000000,0,0.00000000,31868,31874,24,0.00374608
1773322745.66515422,0.02155852,6364,0.00007242,0.00000000,0,0.00000000,31874,31878,20,0.00212099
1773322745.76530790,0.02721502,6315,0.00024113,0.00000000,0,0.00000000,31878,31884,25,0.00266996
1773322745.86529255,0.02519298,6322,0.00020347,0.00000000,0,0.00000000,31884,31890,21,0.00348178
1773322745.96521473,0.01655905,6330,0.00013222,0.00000000,0,0.00000000,31890,31897,22,0.00271573
1773322746.06517744,0.02043980,6316,0.00014046,0.00000000,0,0.00000000,31897,31913,43,0.00222570
1773322746.16521597,0.01774131,6322,0.00008469,0.00000000,0,0.00000000,31913,31925,27,0.00141890
1773322746.26506281,0.01788572,6326,0.00008130,0.00000000,0,0.00000000,31925,31933,24,0.00173745
1773322746.36505342,0.03629635,6333,0.00066561,0.00000000,0,0.00000000,31933,31931,27,0.00089536
1773322746.46497774,0.03900830,6333,0.00030603,0.00000000,0,0.00000000,31931,31932,22,0.00096152
1773322746.56499767,0.03822356,6339,0.00034382,0.00000000,0,0.00000000,31932,31936,25,0.00104378
1773322746.66493130,0.03577479,6315,0.00023321,0.00000000,0,0.00000000,31936,31940,24,0.00098354
1773322746.76492929,0.03704641,6316,0.00031625,0.00000000,0,0.00000000,31940,31944,30,0.00138927
1773322746.86482716,0.03857053,6317,0.00022067,0.00000000,0,0.00000000,31944,31948,22,0.00231232
1773322746.96479440,0.02703259,6338,0.00032449,0.00000000,0,0.00000000,31948,31955,28,0.00255815
1773322747.06482863,0.02413149,6325,0.00006462,0.00000000,0,0.00000000,31955,31959,26,0.00463832
1773322747.16481662,0.03041320,6314,0.00010258,0.00000000,0,0.00000000,31959,31965,30,0.00153133
1773322747.26472235,0.03700887,6341,0.00025983,0.00000000,0,0.00000000,31965,31963,31,0.00209802
1773322747.36469817,0.03562011,6310,0.00078622,0.00000000,0,0.00000000,31963,31975,31,0.00302307
1773322747.46456695,0.03180012,6339,0.00010816,0.00000000,0,0.00000000,31975,31981,33,0.00268631
1773322747.56454611,0.01865261,6340,0.00010841,0.00000000,0,0.00000000,31981,31985,25,0.00209377
1773322747.66452694,0.02350453,6330,0.00033736,0.00000000,0,0.00000000,31985,31996,34,0.00285987
1773322747.76450753,0.02827714,6345,0.00014101,0.00000000,0,0.00000000,31996,31995,27,0.00163394
1773322747.86444068,0.01819710,6343,0.00006921,0.00000000,0,0.00000000,31995,32003,27,0.00328895
1773322747.96459413,0.01831783,6257,0.00004922,0.00000000,0,0.00000000,32003,32011,23,0.00236506
1773322748.06441164,0.01811635,6354,0.00009663,0.00000000,0,0.00000000,32011,31981,23,0.00430420
1773322748.16505980,0.01687413,6331,0.00012661,0.00000000,0,0.00000000,31981,31980,31,0.00118474
1773322748.26506138,0.02004497,6321,0.00006974,0.00000000,0,0.00000000,31980,31986,25,0.00234267
1773322748.36501217,0.03162554,6316,0.00012850,0.00000000,0,0.00000000,31986,31992,25,0.00121947
1773322748.46497989,0.03310251,6322,0.00047794,0.00000000,0,0.00000000,31992,31999,31,0.00172522
1773322748.56492233,0.03439258,6373,0.00046364,0.00000000,0,0.00000000,31999,32005,29,0.00171174
1773322748.66512513,0.03431651,6298,0.00028574,0.00000000,0,0.00000000,32005,32012,24,0.00103564
1773322748.76486230,0.03516001,6359,0.00033134,0.00000000,0,0.00000000,32012,32021,32,0.00326303
1773322748.86502814,0.02875553,6322,0.00034593,0.00000000,0,0.00000000,32021,32017,27,0.00242723
1773322748.96501803,0.03117456,6309,0.00013858,0.00000000,0,0.00000000,32017,32012,32,0.00317320
1773322749.06501293,0.03452274,6289,0.00037771,0.00000000,0,0.00000000,32012,32010,27,0.00237718
1773322749.16497540,0.03171050,6292,0.00048290,0.00000000,0,0.00000000,32010,31991,29,0.00363209
1773322749.26491475,0.03264232,6325,0.00075365,0.00000000,0,0.00000000,31991,31988,27,0.00274024
1773322749.36478615,0.02474220,6336,0.00020001,0.00000000,0,0.00000000,31988,31993,21,0.00356021
1773322749.46476769,0.03985786,6341,0.00029576,0.00000000,0,0.00000000,31993,31999,29,0.00271889
1773322749.56476974,0.02093016,6336,0.00020184,0.00000000,0,0.00000000,31999,32011,31,0.00163787
1773322749.66479969,0.02092329,6322,0.00021665,0.00000000,0,0.00000000,32011,32013,29,0.00156463
1773322749.76474142,0.03393488,6315,0.00035691,0.00000000,0,0.00000000,32013,32013,27,0.00195632
1773322749.86474657,0.01885681,6340,0.00008708,0.00000000,0,0.00000000,32013,32020,18,0.00330083
1773322749.96455407,0.01989147,6312,0.00011662,0.00000000,0,0.00000000,32020,32023,32,0.00418505
1773322750.06462979,0.01768649,6317,0.00011004,0.00000000,0,0.00000000,32023,32023,35,0.00341911
1773322750.16482806,0.02111154,6341,0.00017729,0.00000000,0,0.00000000,32023,32011,30,0.00270910
1773322750.26529980,0.01784119,6325,0.00004822,0.00000000,0,0.00000000,32011,32017,25,0.00254782
1773322750.36529994,0.02841276,6299,0.00026309,0.00000000,0,0.00000000,32017,32028,28,0.00134283
1773322750.46438980,0.03496337,6348,0.00030518,0.00000000,0,0.00000000,32028,32036,25,0.00187677
1773322750.56544399,0.02658862,6327,0.00035942,0.00000000,0,0.00000000,32036,32030,29,0.00184579
1773322750.66520381,0.02836001,6321,0.00037739,0.00000000,0,0.00000000,32030,32031,34,0.00181265
1773322750.76517296,0.03002946,6355,0.00028196,0.00000000,0,0.00000000,32031,32039,27,0.00079276
1773322750.86533666,0.03446551,6324,0.00009784,0.00000000,0,0.00000000,32039,32048,27,0.00210175
1773322750.96514487,0.03553048,6359,0.00023026,0.00000000,0,0.00000000,32048,32054,31,0.00210216
1773322751.06521010,0.03862638,6341,0.00030310,0.00000000,0,0.00000000,32054,32058,23,0.00379377
1773322751.16528869,0.03890924,6334,0.00027681,0.00000000,0,0.00000000,32058,32064,26,0.00257604
1773322751.26519227,0.03621807,6330,0.00042645,0.00000000,0,0.00000000,32064,32049,29,0.00476858
1773322751.36517310,0.03299525,6300,0.00009670,0.00000000,0,0.00000000,32049,32050,28,0.00158051
1773322751.46516752,0.03167506,6323,0.00030450,0.00000000,0,0.00000000,32050,32061,30,0.00402657
1773322751.56507492,0.02974658,6329,0.00010203,0.00000000,0,0.00000000,32061,32067,26,0.00234146
1773322751.66509795,0.02676866,6314,0.00021536,0.00000000,0,0.00000000,32067,32061,32,0.00286924
1773322751.76496458,0.02574267,6362,0.00034027,0.00000000,0,0.00000000,32061,32074,31,0.00253051
1773322751.86504960,0.03278401,6314,0.00136548,0.00000000,0,0.00000000,32074,32070,29,0.00452514
1773322751.96493268,0.02148232,6305,0.00010913,0.00000000,0,0.00000000,32070,32075,25,0.00361396
1773322752.06488156,0.01969492,6341,0.00006438,0.00000000,0,0.00000000,32075,32079,27,0.00188146
1773322752.16501069,0.01689739,6330,0.00007283,0.00000000,0,0.00000000,32079,32072,17,0.00140647
1773322752.26487803,0.02020518,6317,0.00007671,0.00000000,0,0.00000000,32072,32074,29,0.00138975
1773322752.36489415,0.01812643,6338,0.00012212,0.00000000,0,0.00000000,32074,32065,21,0.00171380
1773322752.46482134,0.02947753,6310,0.00035729,0.00000000,0,0.00000000,32065,32066,27,0.00124546
1773322752.56472039,0.03244994,6333,0.00048846,0.00000000,0,0.00000000,32066,32048,30,0.00141398
1773322752.66472912,0.03604319,6299,0.00021925,0.00000000,0,0.00000000,32048,32057,23,0.00237987
1773322752.76467752,0.02857155,6313,0.00048183,0.00000000,0,0.00000000,32057,32049,33,0.00107852
1773322752.86466789,0.02831544,6324,0.00032337,0.00000000,0,0.00000000,32049,32048,34,0.00317301
1773322752.96461797,0.03075815,6314,0.00039602,0.00000000,0,0.00000000,32048,32053,32,0.00241861
1773322753.06461072,0.03043971,6314,0.00010349,0.00000000,0,0.00000000,32053,32055,21,0.00206416
1773322753.16459966,0.03512805,6306,0.00037822,0.00000000,0,0.00000000,32055,32054,35,0.00422137
1773322753.26465964,0.03627333,6294,0.00029357,0.00000000,0,0.00000000,32054,32064,28,0.00261138
1773322753.36448455,0.02940027,6334,0.00034092,0.00000000,0,0.00000000,32064,32071,26,0.00377790
1773322753.46462750,0.03582007,6283,0.00022179,0.00000000,0,0.00000000,32071,32074,19,0.00265516
1773322753.56447721,0.02158465,6353,0.00010361,0.00000000,0,0.00000000,32074,32088,24,0.00317099
1773322753.66464496,0.02947931,6292,0.00036097,0.00000000,0,0.00000000,32088,32096,37,0.00247912
1773322753.76471043,0.02754149,6300,0.00016391,0.00000000,0,0.00000000,32096,32109,36,0.00152071
1773322753.86448789,0.02172421,6358,0.00013299,0.00000000,0,0.00000000,32109,32112,36,0.00375154
1773322753.96466446,0.02246693,6338,0.00057064,0.00000000,0,0.00000000,32112,32104,33,0.00403750
1773322754.06464458,0.01931460,6304,0.00008609,0.00000000,0,0.00000000,32104,32107,16,0.00405792
1773322754.16459656,0.01927525,6338,0.00008663,0.00000000,0,0.00000000,32107,32111,26,0.00104170
1773322754.26457977,0.02032621,6321,0.00007677,0.00000000,0,0.00000000,32111,32113,29,0.00252603
1773322754.36456108,0.03060957,6296,0.00059259,0.00000000,0,0.00000000,32113,32077,27,0.00092480
1773322754.46453643,0.03748271,6348,0.00031030,0.00000000,0,0.00000000,32077,32087,29,0.00099575
1773322754.56458116,0.03062846,6310,0.00032198,0.00000000,0,0.00000000,32087,32096,30,0.00153676
1773322754.66453743,0.02868082,6339,0.00032659,0.00000000,0,0.00000000,32096,32102,28,0.00142466
1773322754.76467180,0.02278913,6310,0.00007586,0.00000000,0,0.00000000,32102,32105,26,0.00112468
1773322754.86464596,0.03037388,6343,0.00022971,0.00000000,0,0.00000000,32105,32106,34,0.00293122
1773322754.96466947,0.03696587,6338,0.00035270,0.00000000,0,0.00000000,32106,32097,30,0.00354283
1773322755.06462407,0.04411551,6299,0.00034470,0.00000000,0,0.00000000,32097,32105,29,0.00309167
1773322755.16453862,0.03565101,6326,0.00027132,0.00000000,0,0.00000000,32105,32115,24,0.00315882
1773322755.26458216,0.03583389,6338,0.00034135,0.00000000,0,0.00000000,32115,32115,32,0.00311194
1773322755.36457443,0.03599803,6344,0.00013683,0.00000000,0,0.00000000,32115,32118,17,0.00295683
1773322755.46457720,0.03305387,6335,0.00028273,0.00000000,0,0.00000000,32118,32126,23,0.00168124
1773322755.56459045,0.03201793,6335,0.00016122,0.00000000,0,0.00000000,32126,32134,19,0.00586322
1773322755.66461372,0.02225532,6342,0.00014243,0.00000000,0,0.00000000,32134,32136,29,0.00313889
1773322755.76465416,0.02815261,6333,0.00029938,0.00000000,0,0.00000000,32136,32143,29,0.00347561
1773322755.86465335,0.03352349,6346,0.00010770,0.00000000,0,0.00000000,32143,32153,28,0.00305721
1773322755.96463037,0.02338918,6323,0.00008105,0.00000000,0,0.00000000,32153,32155,20,0.00295413
1773322756.06467414,0.02270455,6326,0.00013980,0.00000000,0,0.00000000,32155,32160,21,0.00319374
1773322756.16449666,0.01907293,6332,0.00006234,0.00000000,0,0.00000000,32160,32166,24,0.00163742
1773322756.26446939,0.02294087,6356,0.00003844,0.00000000,0,0.00000000,32166,32164,17,0.00191075
1773322756.36462831,0.01823755,6326,0.00009388,0.00000000,0,0.00000000,32164,32159,25,0.00294195
1773322756.46462464,0.02025310,6341,0.00006620,0.00000000,0,0.00000000,32159,32159,23,0.00112256
1773322756.56456757,0.03054529,6326,0.00019630,0.00000000,0,0.00000000,32159,32160,21,0.00096771
1773322756.66460943,0.03376756,6324,0.00017881,0.00000000,0,0.00000000,32160,32174,42,0.00217278
1773322756.76480341,0.02896195,6336,0.00026781,0.00000000,0,0.00000000,32174,32173,26,0.00198615
1773322756.86456776,0.03649793,6336,0.00008215,0.00000000,0,0.00000000,32173,32174,20,0.00197680
1773322756.96475124,0.01886268,6336,0.00006742,0.00000000,0,0.00000000,32174,32167,20,0.00261305
1773322757.06474876,0.01910935,6326,0.00026082,0.00000000,0,0.00000000,32167,32168,24,0.00293299
1773322757.16455936,0.03453642,6343,0.00031759,0.00000000,0,0.00000000,32168,32168,19,0.00332507
1773322757.26451898,0.03380401,6333,0.00008446,0.00000000,0,0.00000000,32168,32172,19,0.00310459
1773322757.36455107,0.02540331,6327,0.00015390,0.00000000,0,0.00000000,32172,32177,24,0.00168485
1773322757.46455932,0.02235918,6361,0.00083597,0.00000000,0,0.00000000,32177,32153,34,0.00102083
1773322757.56467676,0.01901254,6367,0.00025801,0.00000000,0,0.00000000,32153,32159,23,0.00162331
1773322757.66463041,0.01741083,6323,0.00004179,0.00000000,0,0.00000000,32159,32149,14,0.00358119
1773322757.76462078,0.01592058,6336,0.00004364,0.00000000,0,0.00000000,32149,32153,20,0.00166336
1773322757.86461973,0.01863940,6357,0.00005385,0.00000000,0,0.00000000,32153,32156,17,0.00137396
1773322757.96463990,0.01913108,6319,0.00008473,0.00000000,0,0.00000000,32156,32162,25,0.00115751
1773322758.06460309,0.01542810,6321,0.00015828,0.00000000,0,0.00000000,32162,32144,32,0.00116361
1773322758.16462493,0.01662369,6338,0.00005450,0.00000000,0,0.00000000,32144,32149,23,0.00119796
1773322758.26459908,0.01953515,6342,0.00032421,0.00000000,0,0.00000000,32149,32144,36,0.00113608
1773322758.36456060,0.03130672,6330,0.00031462,0.00000000,0,0.00000000,32144,32129,28,0.00106904
1773322758.46460533,0.03410044,6334,0.00018956,0.00000000,0,0.00000000,32129,32136,25,0.00104983
1773322758.56455755,0.02883103,6312,0.00017019,0.00000000,0,0.00000000,32136,32141,17,0.00327049
1773322758.66454339,0.02822121,6329,0.00007514,0.00000000,0,0.00000000,32141,32144,23,0.00087289
1773322758.76454639,0.03277276,6335,0.00019419,0.00000000,0,0.00000000,32144,32150,21,0.00135832
1773322758.86456013,0.03321103,6333,0.00020128,0.00000000,0,0.00000000,32150,32155,25,0.00105853
1773322758.96461415,0.03472394,6333,0.00025833,0.00000000,0,0.00000000,32155,32153,16,0.00098150
1773322759.06459641,0.02630445,6312,0.00026732,0.00000000,0,0.00000000,32153,32161,20,0.00166997
1773322759.16447830,0.03666292,6347,0.00057569,0.00000000,0,0.00000000,32161,32167,36,0.00080084
1773322759.26449633,0.02772130,6346,0.00018503,0.00000000,0,0.00000000,32167,32167,22,0.00406830
1773322759.36452317,0.02875288,6333,0.00033086,0.00000000,0,0.00000000,32167,32170,29,0.00242942
1773322759.46451664,0.03083220,6344,0.00010326,0.00000000,0,0.00000000,32170,32180,27,0.00252936
1773322759.56453681,0.02617114,6316,0.00016771,0.00000000,0,0.00000000,32180,32178,33,0.00267477
1773322759.66453719,0.02524503,6319,0.00014813,0.00000000,0,0.00000000,32178,32184,27,0.00233694
1773322759.76449442,0.01821160,6313,0.00023113,0.00000000,0,0.00000000,32184,32190,32,0.00301203
1773322759.86451936,0.01948280,6311,0.00006302,0.00000000,0,0.00000000,32190,32196,23,0.00221789
1773322759.96455407,0.01951156,6339,0.00019860,0.00000000,0,0.00000000,32196,32193,22,0.00230366
1773322760.06446004,0.02022710,6326,0.00007727,0.00000000,0,0.00000000,32193,32197,21,0.00221842
1773322760.16442609,0.01892878,6341,0.00004858,0.00000000,0,0.00000000,32197,32198,22,0.00149687
1773322760.26444888,0.01545928,6335,0.00004875,0.00000000,0,0.00000000,32198,32204,20,0.00164092
1773322760.36447716,0.01720134,6311,0.00014189,0.00000000,0,0.00000000,32204,32213,22,0.00155576
1773322760.46446705,0.02675555,6330,0.00025205,0.00000000,0,0.00000000,32213,32218,25,0.00132652
1773322760.56450248,0.03318236,6337,0.00034017,0.00000000,0,0.00000000,32218,32227,34,0.00196024
1773322760.66448021,0.03030877,6338,0.00040615,0.00000000,0,0.00000000,32227,32228,30,0.00126413
1773322760.76449776,0.03126717,6323,0.00007966,0.00000000,0,0.00000000,32228,32238,21,0.00080436
1773322760.86447382,0.03559497,6332,0.00041552,0.00000000,0,0.00000000,32238,32244,31,0.00092294
1773322760.96448183,0.03542961,6335,0.00016316,0.00000000,0,0.00000000,32244,32250,27,0.00251098
1773322761.06443262,0.03259414,6325,0.00030753,0.00000000,0,0.00000000,32250,32249,29,0.00241145
1773322761.16442943,0.03334544,6352,0.00026761,0.00000000,0,0.00000000,32249,32253,22,0.00458941
1773322761.26448202,0.03228323,6356,0.00038481,0.00000000,0,0.00000000,32253,32246,24,0.00228198
1773322761.36440444,0.02988510,6344,0.00008884,0.00000000,0,0.00000000,32246,32248,19,0.00159337
1773322761.46443224,0.03016106,6338,0.00042244,0.00000000,0,0.00000000,32248,32229,25,0.00087266
1773322761.56441975,0.03772167,6339,0.00008505,0.00000000,0,0.00000000,32229,32239,28,0.00251066
1773322761.66440129,0.02291304,6324,0.00012326,0.00000000,0,0.00000000,32239,32234,27,0.00269731
1773322761.76437879,0.02464119,6400,0.00028132,0.00000000,0,0.00000000,32234,32230,27,0.00480441
1773322761.86461139,0.03207903,6296,0.00010161,0.00000000,0,0.00000000,32230,32231,27,0.00213872
1773322761.96448970,0.02542833,6345,0.00022484,0.00000000,0,0.00000000,32231,32231,24,0.00205675
1773322762.06459308,0.02170829,6318,0.00006871,0.00000000,0,0.00000000,32231,32236,17,0.00300814
1773322762.16443944,0.01980587,6338,0.00006234,0.00000000,0,0.00000000,32236,32239,24,0.00337189
1773322762.26444769,0.02051211,6324,0.00009370,0.00000000,0,0.00000000,32239,32247,36,0.00323613
1773322762.36444616,0.01892592,6349,0.00006545,0.00000000,0,0.00000000,32247,32253,30,0.00275552
1773322762.46446776,0.03295636,6353,0.00009703,0.00000000,0,0.00000000,32253,32257,17,0.00143555
1773322762.56449199,0.03553591,6321,0.00014798,0.00000000,0,0.00000000,32257,32259,28,0.00136608
1773322762.66448641,0.03315900,6314,0.00041152,0.00000000,0,0.00000000,32259,32262,32,0.00222693
1773322762.76449585,0.03323648,6335,0.00021333,0.00000000,0,0.00000000,32262,32268,19,0.00193494
1773322762.86449432,0.02780901,6353,0.00034143,0.00000000,0,0.00000000,32268,32267,32,0.00215411
1773322762.96446228,0.02554168,6313,0.00054139,0.00000000,0,0.00000000,32267,32276,29,0.00191879
1773322763.06445575,0.03536285,6321,0.00033747,0.00000000,0,0.00000000,32276,32281,25,0.00171532
1773322763.16441989,0.02920392,6345,0.00019410,0.00000000,0,0.00000000,32281,32292,31,0.00134109
1773322763.26436400,0.03485093,6351,0.00013764,0.00000000,0,0.00000000,32292,32298,28,0.00174394
1773322763.36456752,0.03182111,6304,0.00029656,0.00000000,0,0.00000000,32298,32294,21,0.00314559
1773322763.46437693,0.03330936,6349,0.00012555,0.00000000,0,0.00000000,32294,32302,28,0.00277070
1773322763.56461620,0.02392521,6308,0.00009272,0.00000000,0,0.00000000,32302,32308,29,0.00306382
1773322763.66433644,0.02481751,6357,0.00016169,0.00000000,0,0.00000000,32308,32314,18,0.00182963
1773322763.76450229,0.02877814,6315,0.00008973,0.00000000,0,0.00000000,32314,32315,30,0.00463415
1773322763.86450338,0.01744824,6329,0.00009564,0.00000000,0,0.00000000,32315,32307,24,0.00285938
1773322763.96454978,0.01937572,6306,0.00007327,0.00000000,0,0.00000000,32307,32304,19,0.00313340
1773322764.06447840,0.01394425,6347,0.00016354,0.00000000,0,0.00000000,32304,32312,33,0.00233328
1773322764.16440964,0.01962220,6348,0.00005797,0.00000000,0,0.00000000,32312,32306,17,0.00079896
1773322764.26501822,0.01711952,6325,0.00004363,0.00000000,0,0.00000000,32306,32316,19,0.00363057
1773322764.36500239,0.01789476,6305,0.00011677,0.00000000,0,0.00000000,32316,32318,25,0.00151723
1773322764.46507144,0.03180983,6344,0.00018976,0.00000000,0,0.00000000,32318,32324,22,0.00099385
1773322764.56512618,0.02627545,6319,0.00016819,0.00000000,0,0.00000000,32324,32331,34,0.00119034
1773322764.66498733,0.03082992,6336,0.00012741,0.00000000,0,0.00000000,32331,32328,29,0.00121793
1773322764.76507521,0.03552211,6312,0.00023460,0.00000000,0,0.00000000,32328,32332,29,0.00112426
1773322764.86504412,0.03321996,6315,0.00025156,0.00000000,0,0.00000000,32332,32338,23,0.00220758
1773322764.96443033,0.03320455,6365,0.00027872,0.00000000,0,0.00000000,32338,32336,23,0.00356841
1773322765.06494880,0.02979507,6324,0.00030830,0.00000000,0,0.00000000,32336,32337,25,0.00214687
1773322765.16497254,0.02277052,6304,0.00026092,0.00000000,0,0.00000000,32337,32341,20,0.00297952
1773322765.26432395,0.02714937,6351,0.00017827,0.00000000,0,0.00000000,32341,32338,22,0.00231470
1773322765.36495471,0.02678941,6305,0.00006746,0.00000000,0,0.00000000,32338,32333,20,0.00168842
1773322765.46497083,0.03345218,6331,0.00026038,0.00000000,0,0.00000000,32333,32342,31,0.00151951
1773322765.56495094,0.02399765,6321,0.00009840,0.00000000,0,0.00000000,32342,32347,23,0.00269911
1773322765.66496897,0.02175076,6328,0.00006600,0.00000000,0,0.00000000,32347,32350,27,0.00292043
1773322765.76490855,0.03433790,6336,0.00034389,0.00000000,0,0.00000000,32350,32352,19,0.00192265
1773322765.86488199,0.02518685,6319,0.00019198,0.00000000,0,0.00000000,32352,32367,33,0.00440084
1773322765.96487355,0.02257354,6332,0.00011847,0.00000000,0,0.00000000,32367,32373,27,0.00593401
1773322766.06486917,0.02137781,6332,0.00007548,0.00000000,0,0.00000000,32373,32382,25,0.00244537
1773322766.16489291,0.02100500,6352,0.00011959,0.00000000,0,0.00000000,32382,32384,21,0.00227497
1773322766.26489115,0.01735576,6336,0.00007550,0.00000000,0,0.00000000,32384,32366,27,0.00198332
1773322766.36488056,0.01995435,6319,0.00011767,0.00000000,0,0.00000000,32366,32371,32,0.00173113
1773322766.46484756,0.02943432,6319,0.00022640,0.00000000,0,0.00000000,32371,32374,24,0.00143862
1773322766.56493354,0.03291513,6365,0.00030135,0.00000000,0,0.00000000,32374,32377,26,0.00122491
1773322766.66508269,0.03283798,6323,0.00027040,0.00000000,0,0.00000000,32377,32384,29,0.00131346
1773322766.76495743,0.02733675,6330,0.00035771,0.00000000,0,0.00000000,32384,32388,26,0.00143393
1773322766.86487961,0.02810152,6345,0.00023347,0.00000000,0,0.00000000,32388,32393,26,0.00109936
1773322766.96487713,0.02867106,6362,0.00008390,0.00000000,0,0.00000000,32393,32399,28,0.00179208
1773322767.06511784,0.03081505,6319,0.00008765,0.00000000,0,0.00000000,32399,32405,23,0.00320691
1773322767.16481638,0.03642650,6324,0.00016614,0.00000000,0,0.00000000,32405,32390,34,0.00277739
1773322767.26483202,0.03350479,6310,0.00034482,0.00000000,0,0.00000000,32390,32397,29,0.00245080
1773322767.36689711,0.03578066,6348,0.00027164,0.00000000,0,0.00000000,32397,32403,27,0.00366794
1773322767.46497750,0.02755171,6317,0.00013459,0.00000000,0,0.00000000,32403,32407,26,0.00212602
1773322767.56490874,0.02152449,6317,0.00009185,0.00000000,0,0.00000000,32407,32410,26,0.00369432
1773322767.66494393,0.03211231,6317,0.00033929,0.00000000,0,0.00000000,32410,32420,24,0.00228061
1773322767.76494312,0.03066453,6300,0.00026761,0.00000000,0,0.00000000,32420,32429,38,0.00199996
1773322767.86494160,0.01918788,6270,0.00014559,0.00000000,0,0.00000000,32429,32414,35,0.00285957
1773322767.96490622,0.02293745,6308,0.00012467,0.00000000,0,0.00000000,32414,32409,31,0.00318580
1773322768.06577539,0.01881367,6226,0.00024297,0.00000000,0,0.00000000,32409,32398,31,0.00270447
1773322768.16491437,0.01653641,6276,0.00009305,0.00000000,0,0.00000000,32398,32398,29,0.00094707
1773322768.26489472,0.02047553,6272,0.00008776,0.00000000,0,0.00000000,32398,32405,26,0.00277336
1773322768.36488390,0.02621659,6277,0.00040950,0.00000000,0,0.00000000,32405,32419,38,0.00090572
1773322768.46482658,0.02754721,6264,0.00032235,0.00000000,0,0.00000000,32419,32423,23,0.00096935
1773322768.56577563,0.03137783,6291,0.00016435,0.00000000,0,0.00000000,32423,32410,30,0.00138727
1773322768.66576409,0.03425146,6281,0.00016400,0.00000000,0,0.00000000,32410,32412,38,0.00119865
1773322768.76472831,0.03484257,6336,0.00023202,0.00000000,0,0.00000000,32412,32411,17,0.00157758
1773322768.86485887,0.03450397,6327,0.00033342,0.00000000,0,0.00000000,32411,32414,33,0.00324337
1773322768.96481895,0.02314094,6348,0.00039938,0.00000000,0,0.00000000,32414,32420,35,0.00318033
1773322769.06485128,0.03419882,6390,0.00058074,0.00000000,0,0.00000000,32420,32395,32,0.00306758
1773322769.16569066,0.03976027,6358,0.00017136,0.00000000,0,0.00000000,32395,32398,28,0.00257189
1773322769.26591039,0.04207758,6365,0.00034144,0.00000000,0,0.00000000,32398,32392,23,0.00144263
1773322769.36573148,0.03358501,6369,0.00035025,0.00000000,0,0.00000000,32392,32402,28,0.00369852
1773322769.46591592,0.03416831,6357,0.00009152,0.00000000,0,0.00000000,32402,32410,29,0.00252550
1773322769.56566501,0.01772677,6407,0.00011990,0.00000000,0,0.00000000,32410,32412,20,0.00419345
1773322769.66565800,0.01806575,6366,0.00008095,0.00000000,0,0.00000000,32412,32418,18,0.00251051
1773322769.76563311,0.02363457,6376,0.00023611,0.00000000,0,0.00000000,32418,32423,23,0.00451430
1773322769.86558127,0.02765841,6367,0.00007745,0.00000000,0,0.00000000,32423,32428,23,0.00194987
1773322769.96561384,0.02014378,6353,0.00046166,0.00000000,0,0.00000000,32428,32410,23,0.00240343
1773322770.06553197,0.01923266,6360,0.00048439,0.00000000,0,0.00000000,32410,32419,27,0.00380168
1773322770.16554308,0.01898936,6370,0.00016987,0.00000000,0,0.00000000,32419,32427,36,0.00266835
1773322770.26480913,0.02065005,6352,0.00012560,0.00000000,0,0.00000000,32427,32426,22,0.00099594
1773322770.36473846,0.02106936,6333,0.00023827,0.00000000,0,0.00000000,32426,32425,27,0.00282602
1773322770.46472478,0.03405048,6294,0.00045520,0.00000000,0,0.00000000,32425,32410,36,0.00089314
1773322770.56511712,0.03563321,6309,0.00019784,0.00000000,0,0.00000000,32410,32418,26,0.00100811
1773322770.66549778,0.02930194,6285,0.00034820,0.00000000,0,0.00000000,32418,32427,27,0.00201419
1773322770.76468396,0.02762373,6302,0.00045671,0.00000000,0,0.00000000,32427,32409,36,0.00091585
1773322770.86467767,0.02669715,6357,0.00027157,0.00000000,0,0.00000000,32409,32428,31,0.00094157
1773322770.96553278,0.03161219,6327,0.00007501,0.00000000,0,0.00000000,32428,32433,20,0.00279435
1773322771.06555724,0.03156522,6342,0.00045208,0.00000000,0,0.00000000,32433,32432,34,0.00226277
1773322771.16470122,0.03632163,6336,0.00017827,0.00000000,0,0.00000000,32432,32407,29,0.00245954
1773322771.26468039,0.03729732,6343,0.00031665,0.00000000,0,0.00000000,32407,32409,26,0.00272672
1773322771.36467314,0.03229596,6328,0.00026785,0.00000000,0,0.00000000,32409,32410,30,0.00350574
1773322771.46466756,0.03135220,6335,0.00011302,0.00000000,0,0.00000000,32410,32415,24,0.00202266
1773322771.56461906,0.02187761,6345,0.00027297,0.00000000,0,0.00000000,32415,32424,28,0.00259755
1773322771.66462851,0.01754320,6336,0.00010885,0.00000000,0,0.00000000,32424,32422,28,0.00091578
1773322771.76460409,0.01607281,6346,0.00016378,0.00000000,0,0.00000000,32422,32419,42,0.00499188
1773322771.86544275,0.02920547,6317,0.00034211,0.00000000,0,0.00000000,32419,32413,21,0.00138046
1773322771.96543622,0.02204688,6274,0.00009101,0.00000000,0,0.00000000,32413,32414,29,0.00285099
1773322772.06448579,0.02028520,6295,0.00009435,0.00000000,0,0.00000000,32414,32427,31,0.00203096
1773322772.16444206,0.02037691,6333,0.00013216,0.00000000,0,0.00000000,32427,32442,39,0.00082401
1773322772.26539278,0.01925845,6309,0.00006259,0.00000000,0,0.00000000,32442,32449,31,0.00094853
1773322772.36543107,0.01877037,6338,0.00010183,0.00000000,0,0.00000000,32449,32458,30,0.00231235
1773322772.46531868,0.03682067,6310,0.00032712,0.00000000,0,0.00000000,32458,32470,41,0.00112692
1773322772.56534433,0.03679413,6345,0.00046229,0.00000000,0,0.00000000,32470,32481,33,0.00145804
1773322772.66532207,0.02392104,6313,0.00035725,0.00000000,0,0.00000000,32481,32483,31,0.00093335
1773322772.76530647,0.02614518,6302,0.00032077,0.00000000,0,0.00000000,32483,32483,26,0.00090413
1773322772.86454773,0.03034628,6306,0.00041878,0.00000000,0,0.00000000,32483,32493,27,0.00137935
1773322772.96531320,0.03184548,6285,0.00007447,0.00000000,0,0.00000000,32493,32499,24,0.00267221
1773322773.06531668,0.03825324,6286,0.00062960,0.00000000,0,0.00000000,32499,32478,36,0.00155160
1773322773.16450810,0.03921365,6321,0.00044108,0.00000000,0,0.00000000,32478,32473,31,0.00241551
1773322773.26449943,0.03524658,6304,0.00035072,0.00000000,0,0.00000000,32473,32478,30,0.00261401
1773322773.36522102,0.07438888,6337,0.00026537,0.00000000,0,0.00000000,32478,32470,36,0.00327646
1773322773.46532965,0.06116364,6273,0.00024807,0.00000000,0,0.00000000,32470,32457,19,0.00210799
1773322773.56520367,0.02679429,6304,0.00026300,0.00000000,0,0.00000000,32457,32445,31,0.00100553
1773322773.66525578,0.03724790,6312,0.00021581,0.00000000,0,0.00000000,32445,32449,23,0.00167763
1773322773.76524734,0.02256627,6298,0.00012569,0.00000000,0,0.00000000,32449,32457,37,0.00200881
1773322773.86529279,0.01988713,6317,0.00021961,0.00000000,0,0.00000000,32457,32457,38,0.00357158
1773322773.96530557,0.01659284,6278,0.00016293,0.00000000,0,0.00000000,32457,32468,31,0.00566605
1773322774.06522894,0.02322286,6236,0.00038608,0.00000000,0,0.00000000,32468,32452,32,0.00208522
1773322774.16433001,0.03527943,6296,0.00017614,0.00000000,0,0.00000000,32452,32460,32,0.00512010
1773322774.26517963,0.02506243,6217,0.00009019,0.00000000,0,0.00000000,32460,32469,31,0.00239160
1773322774.36526108,0.02412300,6260,0.00009217,0.00000000,0,0.00000000,32469,32481,29,0.00197951
1773322774.46522546,0.01738711,6259,0.00012766,0.00000000,0,0.00000000,32481,32489,35,0.00231947
1773322774.56531167,0.01845938,6255,0.00013952,0.00000000,0,0.00000000,32489,32497,27,0.00119447
1773322774.66526532,0.01900109,6240,0.00006009,0.00000000,0,0.00000000,32497,32504,21,0.00131231
1773322774.76517463,0.01845023,6247,0.00005372,0.00000000,0,0.00000000,32504,32509,23,0.00111240
1773322774.86510706,0.01807500,6266,0.00009822,0.00000000,0,0.00000000,32509,32513,21,0.00081110
1773322774.96529388,0.03508713,6295,0.00065373,0.00000000,0,0.00000000,32513,32501,23,0.00081377
1773322775.06526589,0.03044085,6306,0.00011509,0.00000000,0,0.00000000,32501,32503,24,0.00162612
1773322775.16520929,0.03077908,6354,0.00028238,0.00000000,0,0.00000000,32503,32496,25,0.00086046
1773322775.26522994,0.03685864,6318,0.00010813,0.00000000,0,0.00000000,32496,32504,28,0.00117394
1773322775.36522055,0.03263302,6308,0.00044206,0.00000000,0,0.00000000,32504,32498,37,0.00228326
1773322775.46516633,0.03090593,6303,0.00027849,0.00000000,0,0.00000000,32498,32494,23,0.00395143
1773322775.56512642,0.03411630,6346,0.00062446,0.00000000,0,0.00000000,32494,32495,35,0.00168732
1773322775.66534185,0.03011956,6261,0.00025682,0.00000000,0,0.00000000,32495,32487,32,0.00178208
1773322775.76515150,0.01935265,6287,0.00013841,0.00000000,0,0.00000000,32487,32484,34,0.00132805
1773322775.86529183,0.02998445,6251,0.00021752,0.00000000,0,0.00000000,32484,32489,24,0.00371271
1773322775.96512818,0.02513058,6286,0.00010630,0.00000000,0,0.00000000,32489,32490,25,0.00423060
1773322776.06512189,0.02416844,6297,0.00031598,0.00000000,0,0.00000000,32490,32498,33,0.00316291
1773322776.16513681,0.01820635,6268,0.00011579,0.00000000,0,0.00000000,32498,32484,39,0.00133645
1773322776.26524663,0.02019471,6209,0.00009627,0.00000000,0,0.00000000,32484,32465,26,0.00103151
1773322776.36511302,0.02249299,6296,0.00019765,0.00000000,0,0.00000000,32465,32466,39,0.00199610
1773322776.46530557,0.03302943,6218,0.00033036,0.00000000,0,0.00000000,32466,32468,27,0.00094214
1773322776.56506634,0.02574297,6232,0.00038122,0.00000000,0,0.00000000,32468,32476,41,0.00103721
1773322776.66510439,0.02591868,6237,0.00035994,0.00000000,0,0.00000000,32476,32486,40,0.00102435
1773322776.76502061,0.03090325,6255,0.00042174,0.00000000,0,0.00000000,32486,32498,36,0.00104436
1773322776.86502719,0.02993227,6246,0.00012135,0.00000000,0,0.00000000,32498,32502,34,0.00091713
1773322776.96504426,0.03464876,6234,0.00011958,0.00000000,0,0.00000000,32502,32517,36,0.00147038
1773322777.06503797,0.04162463,6210,0.00056677,0.00000000,0,0.00000000,32517,32512,31,0.00259996
1773322777.16502476,0.03526665,6199,0.00028225,0.00000000,0,0.00000000,32512,32520,26,0.00266878
1773322777.26502252,0.03469998,6211,0.00031861,0.00000000,0,0.00000000,32520,32530,26,0.00264768
1773322777.36502337,0.03579534,6230,0.00043532,0.00000000,0,0.00000000,32530,32518,27,0.00156897
1773322777.46497750,0.03750082,6213,0.00044002,0.00000000,0,0.00000000,32518,32523,34,0.00136251
1773322777.56496143,0.02253212,6191,0.00013953,0.00000000,0,0.00000000,32523,32513,30,0.00103088
1773322777.66492653,0.02248457,6237,0.00011068,0.00000000,0,0.00000000,32513,32518,29,0.00334461
1773322777.76495075,0.03386171,6201,0.00041285,0.00000000,0,0.00000000,32518,32531,39,0.00257220
1773322777.86487889,0.02288988,6250,0.00020431,0.00000000,0,0.00000000,32531,32511,34,0.00404290
1773322777.96501231,0.02493648,6209,0.00008089,0.00000000,0,0.00000000,32511,32515,25,0.00107591
1773322778.06503725,0.01899297,6142,0.00009046,0.00000000,0,0.00000000,32515,32518,23,0.00188059
1773322778.16490889,0.02011390,6257,0.00027407,0.00000000,0,0.00000000,32518,32524,26,0.00123600
1773322778.26483321,0.01900035,6221,0.00010110,0.00000000,0,0.00000000,32524,32517,27,0.00163330
1773322778.36486626,0.01645220,6213,0.00007114,0.00000000,0,0.00000000,32517,32524,29,0.00155609
1773322778.46491766,0.03405196,6203,0.00021920,0.00000000,0,0.00000000,32524,32527,22,0.00099956
1773322778.56488276,0.03424602,6223,0.00008798,0.00000000,0,0.00000000,32527,32537,22,0.00134044
1773322778.66498423,0.03976532,6167,0.00054659,0.00000000,0,0.00000000,32537,32536,33,0.00090345
1773322778.76477170,0.03704062,6225,0.00031055,0.00000000,0,0.00000000,32536,32540,28,0.00106612
1773322778.86480618,0.03838436,6206,0.00034099,0.00000000,0,0.00000000,32540,32549,35,0.00307244
1773322778.96479535,0.03324906,6185,0.00051880,0.00000000,0,0.00000000,32549,32533,30,0.00236324
1773322779.06479669,0.03077149,6211,0.00041217,0.00000000,0,0.00000000,32533,32517,31,0.00220785
1773322779.16472721,0.03708988,6200,0.00031319,0.00000000,0,0.00000000,32517,32521,24,0.00143221
1773322779.26469302,0.03428796,6208,0.00042458,0.00000000,0,0.00000000,32521,32522,31,0.00267245
1773322779.36473465,0.03847628,6229,0.00052023,0.00000000,0,0.00000000,32522,32523,34,0.00213994
1773322779.46479440,0.04052516,6228,0.00040027,0.00000000,0,0.00000000,32523,32530,30,0.00296334
1773322779.56471586,0.03576870,6290,0.00012876,0.00000000,0,0.00000000,32530,32546,40,0.00190288
1773322779.66480470,0.02135790,6223,0.00010197,0.00000000,0,0.00000000,32546,32543,38,0.00273801
1773322779.76476169,0.04066786,6233,0.00022647,0.00000000,0,0.00000000,32543,32541,24,0.00358963
1773322779.86476350,0.02505738,6237,0.00018616,0.00000000,0,0.00000000,32541,32546,35,0.00194637
1773322779.96476078,0.02396884,6252,0.00014921,0.00000000,0,0.00000000,32546,32547,35,0.00190311
1773322780.06469297,0.02365123,6250,0.00014363,0.00000000,0,0.00000000,32547,32549,39,0.00274499
1773322780.16472220,0.01963654,6235,0.00018375,0.00000000,0,0.00000000,32549,32527,30,0.00106561
1773322780.26464868,0.02040789,6251,0.00008670,0.00000000,0,0.00000000,32527,32537,26,0.00167462
1773322780.36462760,0.02152952,6252,0.00062686,0.00000000,0,0.00000000,32537,32537,39,0.00084457
1773322780.46455526,0.03862409,6265,0.00054231,0.00000000,0,0.00000000,32537,32514,37,0.00232736
1773322780.56460452,0.03801913,6268,0.00048338,0.00000000,0,0.00000000,32514,32519,34,0.00158099
1773322780.66463351,0.02502049,6248,0.00017594,0.00000000,0,0.00000000,32519,32528,27,0.00086999
1773322780.76456165,0.03274656,6253,0.00014511,0.00000000,0,0.00000000,32528,32538,34,0.00154590
1773322780.86453605,0.03163778,6273,0.00010829,0.00000000,0,0.00000000,32538,32536,29,0.00107405
1773322780.96457529,0.03521817,6257,0.00013781,0.00000000,0,0.00000000,32536,32548,34,0.00243400
1773322781.06454611,0.04083548,6269,0.00027716,0.00000000,0,0.00000000,32548,32551,36,0.00236536
1773322781.16451573,0.03397730,6252,0.00034103,0.00000000,0,0.00000000,32551,32555,28,0.00297992
1773322781.26443601,0.03838463,6267,0.00051086,0.00000000,0,0.00000000,32555,32540,33,0.00228045
1773322781.36460066,0.03633821,6244,0.00032038,0.00000000,0,0.00000000,32540,32536,30,0.00103699
1773322781.46460509,0.02893434,6184,0.00046827,0.00000000,0,0.00000000,32536,32547,39,0.00174687
1773322781.56443477,0.03460991,6234,0.00069495,0.00000000,0,0.00000000,32547,32542,34,0.00126644
1773322781.66446638,0.01932110,6250,0.00016171,0.00000000,0,0.00000000,32542,32537,36,0.00100839
1773322781.76461434,0.03086850,6230,0.00041995,0.00000000,0,0.00000000,32537,32549,49,0.00218509
1773322781.86442065,0.02722121,6275,0.00015620,0.00000000,0,0.00000000,32549,32564,33,0.00327477
1773322781.96448922,0.02162708,6268,0.00020455,0.00000000,0,0.00000000,32564,32566,32,0.00289644
1773322782.06448674,0.02514236,6247,0.00038643,0.00000000,0,0.00000000,32566,32578,37,0.00277842
1773322782.16450191,0.02052274,6225,0.00008074,0.00000000,0,0.00000000,32578,32581,27,0.00132070
1773322782.26452637,0.02523773,6268,0.00037300,0.00000000,0,0.00000000,32581,32591,32,0.00084848
1773322782.36443210,0.02415327,6231,0.00011046,0.00000000,0,0.00000000,32591,32598,24,0.00167135
1773322782.46418357,0.03737085,6277,0.00027392,0.00000000,0,0.00000000,32598,32608,34,0.00136650
1773322782.56448412,0.03136859,6255,0.00027499,0.00000000,0,0.00000000,32608,32603,30,0.00189981
1773322782.66450453,0.03475576,6227,0.00037045,0.00000000,0,0.00000000,32603,32609,32,0.00090972
1773322782.76449203,0.03444990,6221,0.00010226,0.00000000,0,0.00000000,32609,32620,31,0.00091467
1773322782.86500764,0.03490576,6231,0.00021743,0.00000000,0,0.00000000,32620,32627,23,0.00088406
1773322782.96445441,0.03679227,6228,0.00020114,0.00000000,0,0.00000000,32627,32615,34,0.00284508
1773322783.06454039,0.04576992,6261,0.00032047,0.00000000,0,0.00000000,32615,32598,32,0.00178079
1773322783.16495919,0.04643503,6219,0.00023556,0.00000000,0,0.00000000,32598,32605,26,0.00180019
1773322783.26511598,0.04267761,6215,0.00049105,0.00000000,0,0.00000000,32605,32621,39,0.00171490
1773322783.36656189,0.04017609,6202,0.00041739,0.00000000,0,0.00000000,32621,32624,36,0.00268198
1773322783.46497488,0.04434906,6194,0.00013442,0.00000000,0,0.00000000,32624,32630,37,0.00101577
1773322783.56512451,0.02896589,6235,0.00009071,0.00000000,0,0.00000000,32630,32628,28,0.00074782
1773322783.66495061,0.04159501,6230,0.00034518,0.00000000,0,0.00000000,32628,32630,36,0.00123841
1773322783.76499486,0.03130445,6186,0.00014388,0.00000000,0,0.00000000,32630,32644,40,0.00109677
1773322783.86481214,0.03038177,6222,0.00006163,0.00000000,0,0.00000000,32644,32648,21,0.00210893
1773322783.96511006,0.02494133,6199,0.00018020,0.00000000,0,0.00000000,32648,32658,38,0.00249120
1773322784.06477809,0.02531133,6199,0.00008078,0.00000000,0,0.00000000,32658,32648,20,0.00202004
1773322784.16475725,0.02667100,6237,0.00006055,0.00000000,0,0.00000000,32648,32654,26,0.00095604
1773322784.26592278,0.02809184,6163,0.00012500,0.00000000,0,0.00000000,32654,32655,29,0.00193688
1773322784.36479926,0.02448923,6147,0.00007296,0.00000000,0,0.00000000,32655,32661,28,0.00086308
1773322784.46425080,0.04680586,6253,0.00084097,0.00000000,0,0.00000000,32661,32660,27,0.00090004
1773322784.56481481,0.03825926,6181,0.00054126,0.00000000,0,0.00000000,32660,32639,28,0.00095779
1773322784.66484094,0.03874925,6186,0.00033612,0.00000000,0,0.00000000,32639,32649,33,0.00082331
1773322784.76486754,0.03365098,6219,0.00042980,0.00000000,0,0.00000000,32649,32643,38,0.00082793
1773322784.86485624,0.04363603,6183,0.00055237,0.00000000,0,0.00000000,32643,32656,39,0.00084317
1773322784.96485734,0.04167842,6208,0.00056579,0.00000000,0,0.00000000,32656,32664,44,0.00319622
1773322785.06497145,0.03569969,6228,0.00052119,0.00000000,0,0.00000000,32664,32663,40,0.00221399
1773322785.16575646,0.04181269,6183,0.00049334,0.00000000,0,0.00000000,32663,32667,40,0.00287847
1773322785.26577950,0.04859001,6177,0.00079244,0.00000000,0,0.00000000,32667,32668,38,0.00258289
1773322785.36463523,0.04174664,6195,0.00047264,0.00000000,0,0.00000000,32668,32676,42,0.00097079
1773322785.46478128,0.03629216,6194,0.00013636,0.00000000,0,0.00000000,32676,32680,36,0.00237605
1773322785.56570983,0.02763255,6184,0.00022939,0.00000000,0,0.00000000,32680,32681,45,0.00241814
1773322785.66482925,0.04232489,6152,0.00053611,0.00000000,0,0.00000000,32681,32684,37,0.00185995
1773322785.76571822,0.02498353,6145,0.00018196,0.00000000,0,0.00000000,32684,32674,45,0.00289567
1773322785.86469483,0.02947322,6203,0.00014558,0.00000000,0,0.00000000,32674,32685,35,0.00562565
1773322785.96473575,0.02498951,6148,0.00011287,0.00000000,0,0.00000000,32685,32680,37,0.00338941
1773322786.06466889,0.02580148,6152,0.00035616,0.00000000,0,0.00000000,32680,32658,51,0.00202742
1773322786.16464543,0.02654611,6208,0.00024143,0.00000000,0,0.00000000,32658,32674,43,0.00173425
1773322786.26558995,0.02316725,6164,0.00017095,0.00000000,0,0.00000000,32674,32672,45,0.00090119
1773322786.36465788,0.02291849,6206,0.00008260,0.00000000,0,0.00000000,32672,32685,36,0.00110180
1773322786.46559334,0.02385784,6201,0.00025184,0.00000000,0,0.00000000,32685,32697,34,0.00187627
1773322786.56561971,0.04204393,6215,0.00061463,0.00000000,0,0.00000000,32697,32676,59,0.00086278
1773322786.66627669,0.04015547,6194,0.00050160,0.00000000,0,0.00000000,32676,32686,41,0.00083607
1773322786.76558304,0.04012831,6216,0.00024138,0.00000000,0,0.00000000,32686,32679,37,0.00107333
1773322786.86566162,0.04806970,6141,0.00084620,0.00000000,0,0.00000000,32679,32684,43,0.00101666
1773322786.96449995,0.04057060,6171,0.00055246,0.00000000,0,0.00000000,32684,32684,50,0.00190059
1773322787.06452489,0.04110042,6196,0.00048512,0.00000000,0,0.00000000,32684,32690,45,0.00226735
1773322787.16450739,0.03931202,6167,0.00049618,0.00000000,0,0.00000000,32690,32689,35,0.00222681
1773322787.26546383,0.04499366,6115,0.00063571,0.00000000,0,0.00000000,32689,32697,36,0.00094933
1773322787.36551142,0.04803988,6127,0.00042654,0.00000000,0,0.00000000,32697,32716,46,0.00346858
1773322787.46545362,0.04641612,6106,0.00021347,0.00000000,0,0.00000000,32716,32724,46,0.00324118
1773322787.56544304,0.03125950,6134,0.00015601,0.00000000,0,0.00000000,32724,32738,33,0.00291558
1773322787.66442037,0.04680619,6140,0.00021750,0.00000000,0,0.00000000,32738,32747,36,0.00306724
1773322787.76440454,0.03453559,6128,0.00034587,0.00000000,0,0.00000000,32747,32761,44,0.00356860
1773322787.86442709,0.02736821,6131,0.00013619,0.00000000,0,0.00000000,32761,32764,36,0.00443309
1773322787.96440578,0.02718538,6141,0.00024124,0.00000000,0,0.00000000,32764,32760,41,0.00290027
1773322788.06540346,0.02359432,6166,0.00014088,0.00000000,0,0.00000000,32760,32748,30,0.00202900
1773322788.16536021,0.02436778,6172,0.00029783,0.00000000,0,0.00000000,32748,32701,38,0.00253068
1773322788.26543307,0.02278851,6191,0.00016711,0.00000000,0,0.00000000,32701,32715,45,0.00174712
1773322788.36537218,0.02164332,6128,0.00010030,0.00000000,0,0.00000000,32715,32724,40,0.00192690
1773322788.46531677,0.03354654,6208,0.00045327,0.00000000,0,0.00000000,32724,32735,43,0.00152625
1773322788.56532502,0.03100666,6192,0.00025902,0.00000000,0,0.00000000,32735,32737,32,0.00116730
1773322788.66612053,0.04381738,6170,0.00040218,0.00000000,0,0.00000000,32737,32745,36,0.00082181
1773322788.76534486,0.04419201,6200,0.00040664,0.00000000,0,0.00000000,32745,32759,35,0.00086417
1773322788.86581755,0.04583506,6162,0.00017320,0.00000000,0,0.00000000,32759,32770,38,0.00159828
1773322788.96539569,0.04808841,6177,0.00036796,0.00000000,0,0.00000000,32770,32770,43,0.00253607
1773322789.06543112,0.05140163,6176,0.00015524,0.00000000,0,0.00000000,32770,32779,46,0.00383744
1773322789.16539264,0.04841638,6147,0.00015080,0.00000000,0,0.00000000,32779,32790,33,0.00263605
1773322789.26527524,0.05193056,6208,0.00018530,0.00000000,0,0.00000000,32790,32804,39,0.00239398
1773322789.36533904,0.04370055,6202,0.00061237,0.00000000,0,0.00000000,32804,32781,45,0.00167957
1773322789.46539402,0.04310986,6155,0.00039549,0.00000000,0,0.00000000,32781,32782,46,0.00112005
1773322789.56540823,0.02641178,6143,0.00028900,0.00000000,0,0.00000000,32782,32792,49,0.00078253
1773322789.66611195,0.03862461,6142,0.00047186,0.00000000,0,0.00000000,32792,32794,40,0.00241835
1773322789.76527715,0.03478703,6153,0.00021278,0.00000000,0,0.00000000,32794,32797,39,0.00119720
1773322789.86530304,0.02855829,6170,0.00019333,0.00000000,0,0.00000000,32797,32811,34,0.00228833
1773322789.96533990,0.02617059,6124,0.00025525,0.00000000,0,0.00000000,32811,32814,42,0.00296570
1773322790.06518579,0.02631767,6201,0.00030753,0.00000000,0,0.00000000,32814,32821,54,0.00279240
1773322790.16532254,0.02672671,6152,0.00026670,0.00000000,0,0.00000000,32821,32831,40,0.00296178
1773322790.26523399,0.02767526,6144,0.00011906,0.00000000,0,0.00000000,32831,32836,35,0.00273427
1773322790.36523819,0.02960654,6147,0.00020158,0.00000000,0,0.00000000,32836,32837,40,0.00140799
1773322790.46520114,0.02673991,6155,0.00045528,0.00000000,0,0.00000000,32837,32840,47,0.00377686
1773322790.56523514,0.04124415,6147,0.00058707,0.00000000,0,0.00000000,32840,32854,39,0.00114243
1773322790.66598892,0.04838342,6122,0.00022581,0.00000000,0,0.00000000,32854,32849,43,0.00205500
1773322790.76510906,0.04877082,6136,0.00083928,0.00000000,0,0.00000000,32849,32840,51,0.00140912
1773322790.86521816,0.04239651,6159,0.00050320,0.00000000,0,0.00000000,32840,32839,43,0.00118044
1773322790.96504188,0.04451722,6160,0.00043653,0.00000000,0,0.00000000,32839,32846,38,0.00119803
1773322791.06507730,0.04286677,6173,0.00045470,0.00000000,0,0.00000000,32846,32845,33,0.00125155
1773322791.16513777,0.04412616,6143,0.00036454,0.00000000,0,0.00000000,32845,32857,34,0.00173296
1773322791.26501727,0.04619874,6163,0.00043064,0.00000000,0,0.00000000,32857,32859,41,0.00116561
1773322791.36499262,0.04280058,6149,0.00048665,0.00000000,0,0.00000000,32859,32870,50,0.00195082
1773322791.46501422,0.04681688,6197,0.00019484,0.00000000,0,0.00000000,32870,32885,38,0.00161691
1773322791.56506038,0.02991809,6191,0.00022644,0.00000000,0,0.00000000,32885,32898,36,0.00310250
1773322791.66587377,0.04478321,6193,0.00025497,0.00000000,0,0.00000000,32898,32909,41,0.00281885
1773322791.76508379,0.03440004,6159,0.00066861,0.00000000,0,0.00000000,32909,32906,38,0.00242141
1773322791.86488533,0.02573268,6172,0.00018095,0.00000000,0,0.00000000,32906,32905,38,0.00349396
1773322791.96481204,0.02743947,6181,0.00023896,0.00000000,0,0.00000000,32905,32921,45,0.00346088
1773322792.06487679,0.02899817,6191,0.00016884,0.00000000,0,0.00000000,32921,32917,37,0.00289061
1773322792.16493106,0.02701426,6163,0.00014982,0.00000000,0,0.00000000,32917,32922,39,0.00248589
1773322792.26481056,0.02683442,6176,0.00018159,0.00000000,0,0.00000000,32922,32932,40,0.00147290
1773322792.36478305,0.02680619,6179,0.00024756,0.00000000,0,0.00000000,32932,32939,41,0.00159707
1773322792.46480656,0.03834696,6202,0.00056395,0.00000000,0,0.00000000,32939,32952,43,0.00173234
1773322792.56482577,0.04130386,6190,0.00045255,0.00000000,0,0.00000000,32952,32958,32,0.00153879
1773322792.66567802,0.03860157,6122,0.00036716,0.00000000,0,0.00000000,32958,32971,41,0.00139903
1773322792.76471019,0.04543025,6201,0.00093528,0.00000000,0,0.00000000,32971,32982,42,0.00128049
1773322792.86475873,0.04031689,6209,0.00037950,0.00000000,0,0.00000000,32982,32984,31,0.00118907
1773322792.96471071,0.04437421,6196,0.00019976,0.00000000,0,0.00000000,32984,32990,38,0.00154602
1773322793.06468320,0.04330837,6180,0.00050024,0.00000000,0,0.00000000,32990,33001,41,0.00310517
1773322793.16472197,0.04467646,6203,0.00042600,0.00000000,0,0.00000000,33001,32999,34,0.00165535
1773322793.26470876,0.04386974,6196,0.00044519,0.00000000,0,0.00000000,32999,33001,39,0.00269048
1773322793.36470509,0.04433440,6161,0.00049109,0.00000000,0,0.00000000,33001,33009,39,0.00290321
1773322793.46456981,0.04277300,6184,0.00011362,0.00000000,0,0.00000000,33009,33019,34,0.00195359
1773322793.56459832,0.02869307,6210,0.00021225,0.00000000,0,0.00000000,33019,33015,29,0.00250310
1773322793.66549134,0.04638929,6197,0.00041565,0.00000000,0,0.00000000,33015,33014,30,0.00314708
1773322793.76462650,0.03011533,6192,0.00012275,0.00000000,0,0.00000000,33014,33026,38,0.00339402
1773322793.86468840,0.02426531,6192,0.00011748,0.00000000,0,0.00000000,33026,33034,50,0.00267998
1773322793.96448779,0.02161137,6200,0.00043059,0.00000000,0,0.00000000,33034,33046,51,0.00328658
1773322794.06468320,0.02582036,6196,0.00013488,0.00000000,0,0.00000000,33046,33058,37,0.00286428
1773322794.16446471,0.02268246,6208,0.00031719,0.00000000,0,0.00000000,33058,33055,45,0.00274381
1773322794.26452351,0.02119642,6211,0.00010238,0.00000000,0,0.00000000,33055,33065,43,0.00089720
1773322794.36450505,0.02363303,6199,0.00030886,0.00000000,0,0.00000000,33065,33062,50,0.00222518
1773322794.46455240,0.02606567,6189,0.00022262,0.00000000,0,0.00000000,33062,33063,33,0.00119518
1773322794.56458521,0.04026650,6186,0.00035382,0.00000000,0,0.00000000,33063,33074,43,0.00095940
1773322794.66517329,0.04946952,6238,0.00014255,0.00000000,0,0.00000000,33074,33088,31,0.00132959
1773322794.76450181,0.04674415,6214,0.00031537,0.00000000,0,0.00000000,33088,33097,30,0.00161286
1773322794.86457491,0.04667226,6201,0.00015708,0.00000000,0,0.00000000,33097,33105,34,0.00080630
1773322794.96456599,0.04269553,6199,0.00094821,0.00000000,0,0.00000000,33105,33105,42,0.00132966
1773322795.06454086,0.05099191,6217,0.00064487,0.00000000,0,0.00000000,33105,33107,40,0.00091693
1773322795.16455531,0.03411799,6216,0.00037109,0.00000000,0,0.00000000,33107,33125,39,0.00098245
1773322795.26458478,0.03803889,6190,0.00050334,0.00000000,0,0.00000000,33125,33130,45,0.00122288
1773322795.36445642,0.04140579,6208,0.00022582,0.00000000,0,0.00000000,33130,33136,50,0.00286268
1773322795.46442628,0.04685296,6192,0.00053251,0.00000000,0,0.00000000,33136,33124,42,0.00207480
1773322795.56444740,0.03130838,6165,0.00030405,0.00000000,0,0.00000000,33124,33122,34,0.00253673
1773322795.66511297,0.02497885,6232,0.00013067,0.00000000,0,0.00000000,33122,33131,35,0.00251075
1773322795.76449084,0.03931876,6207,0.00090913,0.00000000,0,0.00000000,33131,33142,39,0.00279632
1773322795.86458540,0.02379211,6188,0.00015436,0.00000000,0,0.00000000,33142,33141,44,0.00161564
1773322795.96446729,0.02628349,6169,0.00019944,0.00000000,0,0.00000000,33141,33139,36,0.00634788
1773322796.06434798,0.02233082,6221,0.00009203,0.00000000,0,0.00000000,33139,33150,36,0.00139830
1773322796.16475749,0.02804783,6203,0.00017020,0.00000000,0,0.00000000,33150,33157,42,0.00090606
1773322796.26479053,0.02310001,6197,0.00016502,0.00000000,0,0.00000000,33157,33166,48,0.00112676
1773322796.36475921,0.02454157,6133,0.00017235,0.00000000,0,0.00000000,33166,33156,32,0.00285023
1773322796.46436310,0.02225616,6177,0.00009249,0.00000000,0,0.00000000,33156,33169,31,0.00147508
1773322796.56467938,0.03512030,6156,0.00049376,0.00000000,0,0.00000000,33169,33167,42,0.00097673
1773322796.66491747,0.03015884,6238,0.00051035,0.00000000,0,0.00000000,33167,33165,39,0.00140633
1773322796.76565838,0.04139833,6182,0.00047139,0.00000000,0,0.00000000,33165,33165,38,0.00126236
1773322796.86575174,0.04334555,6106,0.00020547,0.00000000,0,0.00000000,33165,33163,36,0.00114593
1773322796.96448183,0.04821034,6240,0.00038742,0.00000000,0,0.00000000,33163,33176,54,0.00164765
1773322797.06466889,0.04215201,6157,0.00025750,0.00000000,0,0.00000000,33176,33181,43,0.00319708
1773322797.16428852,0.04687801,6211,0.00036826,0.00000000,0,0.00000000,33181,33190,35,0.00267028
1773322797.26562190,0.04282665,6176,0.00045695,0.00000000,0,0.00000000,33190,33194,40,0.00239999
1773322797.36564255,0.03879936,6151,0.00044437,0.00000000,0,0.00000000,33194,33193,39,0.00115810
1773322797.46571350,0.03944107,6158,0.00040395,0.00000000,0,0.00000000,33193,33206,45,0.00231738
1773322797.56564450,0.04492815,6101,0.00021538,0.00000000,0,0.00000000,33206,33221,51,0.00118266
1773322797.66472220,0.03101672,6252,0.00011501,0.00000000,0,0.00000000,33221,33228,47,0.00240499
1773322797.76554799,0.04839076,6197,0.00060034,0.00000000,0,0.00000000,33228,33231,51,0.00140013
1773322797.86550975,0.03408464,6197,0.00015206,0.00000000,0,0.00000000,33231,33242,39,0.00222344
1773322797.96565342,0.02992468,6150,0.00013175,0.00000000,0,0.00000000,33242,33234,39,0.00268555
1773322798.06565285,0.02585747,6165,0.00018065,0.00000000,0,0.00000000,33234,33252,48,0.00270212
1773322798.16546583,0.02605196,6191,0.00019134,0.00000000,0,0.00000000,33252,33262,43,0.00269986
1773322798.26556158,0.02283436,6163,0.00023491,0.00000000,0,0.00000000,33262,33255,46,0.00119656
1773322798.36547947,0.02182570,6147,0.00012739,0.00000000,0,0.00000000,33255,33267,42,0.00170830
1773322798.46544790,0.02290319,6195,0.00013731,0.00000000,0,0.00000000,33267,33276,54,0.00163404
1773322798.56547880,0.03137347,6116,0.00028809,0.00000000,0,0.00000000,33276,33280,33,0.00079400
1773322798.66463256,0.03790289,6253,0.00043875,0.00000000,0,0.00000000,33280,33264,33,0.00121295
1773322798.76558638,0.04302855,6170,0.00037114,0.00000000,0,0.00000000,33264,33270,33,0.00183950
1773322798.86552715,0.05052999,6149,0.00092842,0.00000000,0,0.00000000,33270,33224,44,0.00145263
1773322798.96541905,0.04284804,6167,0.00019949,0.00000000,0,0.00000000,33224,33209,41,0.00157692
1773322799.06535888,0.04622097,6187,0.00041071,0.00000000,0,0.00000000,33209,33222,43,0.00289011
1773322799.16544819,0.04802228,6149,0.00024460,0.00000000,0,0.00000000,33222,33228,39,0.00240652
1773322799.26527977,0.04960982,6191,0.00061185,0.00000000,0,0.00000000,33228,33233,33,0.00370547
1773322799.36545777,0.04124388,6160,0.00045003,0.00000000,0,0.00000000,33233,33222,41,0.00271685
1773322799.46541142,0.03946741,6192,0.00064246,0.00000000,0,0.00000000,33222,33229,44,0.00240904
1773322799.56540918,0.05100443,6068,0.00040727,0.00000000,0,0.00000000,33229,33222,42,0.00102799
1773322799.66449642,0.02776835,6293,0.00019044,0.00000000,0,0.00000000,33222,33230,43,0.00155386
1773322799.76542187,0.02644562,6114,0.00039112,0.00000000,0,0.00000000,33230,33238,50,0.00215094
1773322799.86535645,0.02466444,6184,0.00014533,0.00000000,0,0.00000000,33238,33215,39,0.00345464
1773322799.96534252,0.02771684,6161,0.00029461,0.00000000,0,0.00000000,33215,33216,52,0.00371937
1773322800.06535649,0.02426519,6176,0.00018101,0.00000000,0,0.00000000,33216,33221,45,0.00374815
1773322800.16531229,0.02349959,6192,0.00019771,0.00000000,0,0.00000000,33221,33197,43,0.00290399
1773322800.26534891,0.02319384,6165,0.00010585,0.00000000,0,0.00000000,33197,33206,41,0.00104589
1773322800.36527729,0.02270916,6179,0.00014606,0.00000000,0,0.00000000,33206,33210,46,0.00100588
1773322800.46529174,0.03410611,6161,0.00053975,0.00000000,0,0.00000000,33210,33220,42,0.00089482
1773322800.56520057,0.03757819,6131,0.00037111,0.00000000,0,0.00000000,33220,33222,30,0.00109550
1773322800.66451192,0.03875115,6212,0.00054036,0.00000000,0,0.00000000,33222,33223,44,0.00117149
1773322800.76517820,0.03909680,6155,0.00022888,0.00000000,0,0.00000000,33223,33229,33,0.00091976
1773322800.86514759,0.04076570,6154,0.00010002,0.00000000,0,0.00000000,33229,33235,38,0.00077116
1773322800.96512413,0.04487323,6155,0.00037393,0.00000000,0,0.00000000,33235,33232,33,0.00229514
1773322801.06511378,0.04211302,6133,0.00041291,0.00000000,0,0.00000000,33232,33234,38,0.00290320
1773322801.16515875,0.04637246,6099,0.00084005,0.00000000,0,0.00000000,33234,33224,32,0.00248966
1773322801.26499152,0.04643465,6166,0.00061101,0.00000000,0,0.00000000,33224,33227,47,0.00219271
1773322801.36501908,0.04446187,6158,0.00055533,0.00000000,0,0.00000000,33227,33219,40,0.00113491
1773322801.46500301,0.05688946,6205,0.00016760,0.00000000,0,0.00000000,33219,33210,32,0.00123766
1773322801.56508994,0.03620061,6162,0.00038595,0.00000000,0,0.00000000,33210,33219,34,0.00273016
1773322801.66457224,0.03645374,6183,0.00027386,0.00000000,0,0.00000000,33219,33213,43,0.00317646
1773322801.76502585,0.03295032,6153,0.00025967,0.00000000,0,0.00000000,33213,33226,35,0.00215673
1773322801.86489463,0.02803683,6161,0.00013068,0.00000000,0,0.00000000,33226,33232,37,0.00198046
1773322801.96486640,0.02849338,6165,0.00017077,0.00000000,0,0.00000000,33232,33232,36,0.00245942
1773322802.06488943,0.02986261,6185,0.00022705,0.00000000,0,0.00000000,33232,33231,39,0.00303296
1773322802.16485715,0.02547633,6150,0.00013530,0.00000000,0,0.00000000,33231,33238,43,0.00111414
1773322802.26487255,0.02572138,6155,0.00026503,0.00000000,0,0.00000000,33238,33244,47,0.00256799
1773322802.36489654,0.02350211,6187,0.00014050,0.00000000,0,0.00000000,33244,33231,44,0.00307030
1773322802.46490622,0.04079182,6137,0.00055893,0.00000000,0,0.00000000,33231,33246,56,0.00151407
1773322802.56473565,0.04666352,6198,0.00063940,0.00000000,0,0.00000000,33246,33244,50,0.00119625
1773322802.66462469,0.05766583,6151,0.00045797,0.00000000,0,0.00000000,33244,33246,42,0.00205731
1773322802.76477194,0.04847744,6184,0.00207463,0.00000000,0,0.00000000,33246,33256,46,0.00122369
1773322802.86468816,0.04730783,6178,0.00046397,0.00000000,0,0.00000000,33256,33251,45,0.00105608
1773322802.96470475,0.04505133,6150,0.00030257,0.00000000,0,0.00000000,33251,33251,35,0.00102773
1773322803.06475163,0.04366184,6138,0.00098251,0.00000000,0,0.00000000,33251,33230,45,0.00215640
1773322803.16468143,0.03743263,6186,0.00041726,0.00000000,0,0.00000000,33230,33239,38,0.00273321
1773322803.26465726,0.03659842,6210,0.00055692,0.00000000,0,0.00000000,33239,33215,39,0.00300767
1773322803.36477542,0.04582975,6171,0.00061183,0.00000000,0,0.00000000,33215,33216,37,0.00312568
1773322803.46460676,0.02865234,6188,0.00023974,0.00000000,0,0.00000000,33216,33231,49,0.00348811
1773322803.56474447,0.03133742,6173,0.00049723,0.00000000,0,0.00000000,33231,33241,48,0.00214742
1773322803.66456270,0.04020152,6138,0.00016255,0.00000000,0,0.00000000,33241,33242,34,0.00327848
1773322803.76446581,0.03037912,6174,0.00018313,0.00000000,0,0.00000000,33242,33260,44,0.00298212
1773322803.86449289,0.02971632,6183,0.00018294,0.00000000,0,0.00000000,33260,33251,46,0.00232457
1773322803.96454263,0.02559158,6183,0.00020434,0.00000000,0,0.00000000,33251,33266,46,0.00228658
1773322804.06456780,0.02459751,6169,0.00020325,0.00000000,0,0.00000000,33266,33273,38,0.00213052
1773322804.16457129,0.02685739,6177,0.00028626,0.00000000,0,0.00000000,33273,33282,39,0.00106023
1773322804.26435947,0.02458560,6234,0.00013980,0.00000000,0,0.00000000,33282,33293,42,0.00240207
1773322804.36449456,0.02475685,6177,0.00022836,0.00000000,0,0.00000000,33293,33286,42,0.00266983
1773322804.46478677,0.02406161,6210,0.00042391,0.00000000,0,0.00000000,33286,33284,33,0.00127689
1773322804.56452370,0.02014827,6204,0.00009858,0.00000000,0,0.00000000,33284,33288,31,0.00137892
1773322804.66509295,0.03509902,6179,0.00032655,0.00000000,0,0.00000000,33288,33283,35,0.00095415
1773322804.76452994,0.03996604,6250,0.00045418,0.00000000,0,0.00000000,33283,33297,42,0.00096368
1773322804.86457419,0.03675299,6168,0.00058123,0.00000000,0,0.00000000,33297,33307,52,0.00138696
1773322804.96442628,0.03415455,6241,0.00045323,0.00000000,0,0.00000000,33307,33317,38,0.00113751
1773322805.06434703,0.03470130,6245,0.00044736,0.00000000,0,0.00000000,33317,33322,38,0.00162981
1773322805.16455746,0.04283745,6236,0.00051917,0.00000000,0,0.00000000,33322,33340,54,0.00170264
1773322805.26457095,0.04198007,6185,0.00066719,0.00000000,0,0.00000000,33340,33332,31,0.00167006
1773322805.36442041,0.04140524,6267,0.00028921,0.00000000,0,0.00000000,33332,33346,29,0.00277042
1773322805.46443868,0.04652757,6232,0.00043578,0.00000000,0,0.00000000,33346,33345,30,0.00224896
1773322805.56445885,0.03624290,6293,0.00033942,0.00000000,0,0.00000000,33345,33353,37,0.00250709
1773322805.66512084,0.04699982,6205,0.00075077,0.00000000,0,0.00000000,33353,33339,40,0.00295894
1773322805.76450968,0.02779052,6256,0.00018508,0.00000000,0,0.00000000,33339,33330,36,0.00432880
1773322805.86445117,0.02204128,6234,0.00021977,0.00000000,0,0.00000000,33330,33323,40,0.00196666
1773322805.96449614,0.02125364,6244,0.00020131,0.00000000,0,0.00000000,33323,33342,62,0.00134606
1773322806.06454611,0.01906710,6222,0.00013474,0.00000000,0,0.00000000,33342,33349,34,0.00146918
1773322806.16448045,0.02560853,6249,0.00018702,0.00000000,0,0.00000000,33349,33360,36,0.00204691
1773322806.26450253,0.02293223,6262,0.00013704,0.00000000,0,0.00000000,33360,33357,37,0.00248181
1773322806.36447144,0.02126698,6245,0.00019641,0.00000000,0,0.00000000,33357,33363,39,0.00105219
1773322806.46469808,0.02075329,6230,0.00031792,0.00000000,0,0.00000000,33363,33375,42,0.00093969
1773322806.56472731,0.02973969,6251,0.00040535,0.00000000,0,0.00000000,33375,33383,47,0.00094263
1773322806.66482663,0.04722404,6256,0.00044570,0.00000000,0,0.00000000,33383,33372,46,0.00115505
1773322806.76508880,0.03629014,6275,0.00048636,0.00000000,0,0.00000000,33372,33381,49,0.00124774
1773322806.86466360,0.03279931,6270,0.00049424,0.00000000,0,0.00000000,33381,33379,43,0.00083437
1773322806.96466923,0.03818261,6218,0.00014509,0.00000000,0,0.00000000,33379,33385,31,0.00086503
1773322807.06563044,0.04353534,6246,0.00016002,0.00000000,0,0.00000000,33385,33398,30,0.00142697
1773322807.16562271,0.04243625,6210,0.00047139,0.00000000,0,0.00000000,33398,33412,45,0.00280748
1773322807.26560569,0.03799940,6231,0.00044529,0.00000000,0,0.00000000,33412,33424,35,0.00378367
1773322807.36572170,0.04304790,6230,0.00043685,0.00000000,0,0.00000000,33424,33434,34,0.00198126
1773322807.46561265,0.04062542,6217,0.00020300,0.00000000,0,0.00000000,33434,33438,27,0.00163479
1773322807.56563497,0.03056526,6231,0.00045979,0.00000000,0,0.00000000,33438,33434,39,0.00115085
1773322807.66552329,0.03670622,6220,0.00015595,0.00000000,0,0.00000000,33434,33450,40,0.00252498
1773322807.76564193,0.03106567,6236,0.00012687,0.00000000,0,0.00000000,33450,33468,35,0.00331120
1773322807.86560488,0.02208693,6210,0.00014764,0.00000000,0,0.00000000,33468,33478,43,0.00346816
1773322807.96556354,0.01998488,6213,0.00008853,0.00000000,0,0.00000000,33478,33486,29,0.00233856
1773322808.06553411,0.02156990,6177,0.00027618,0.00000000,0,0.00000000,33486,33498,36,0.00211755
1773322808.16450930,0.02474112,6203,0.00015636,0.00000000,0,0.00000000,33498,33502,42,0.00299110
1773322808.26536703,0.02208268,6210,0.00012683,0.00000000,0,0.00000000,33502,33509,44,0.00355876
1773322808.36448526,0.02628086,6229,0.00015657,0.00000000,0,0.00000000,33509,33524,36,0.00080823
1773322808.46550846,0.03105493,6178,0.00057773,0.00000000,0,0.00000000,33524,33518,41,0.00078295
1773322808.56531191,0.03997898,6127,0.00044382,0.00000000,0,0.00000000,33518,33524,38,0.00108251
1773322808.66443443,0.03568601,6146,0.00062553,0.00000000,0,0.00000000,33524,33521,35,0.00165519
1773322808.76545477,0.03681118,6158,0.00034134,0.00000000,0,0.00000000,33521,33530,32,0.00084320
1773322808.86549187,0.04150515,6143,0.00011863,0.00000000,0,0.00000000,33530,33548,44,0.00098433
1773322808.96548820,0.04291910,6083,0.00045047,0.00000000,0,0.00000000,33548,33553,40,0.00257878
1773322809.06522655,0.04105063,6053,0.00051311,0.00000000,0,0.00000000,33553,33558,51,0.00282627
1773322809.16535139,0.03872925,6110,0.00037555,0.00000000,0,0.00000000,33558,33556,36,0.00171379
1773322809.26531529,0.04441199,6127,0.00050080,0.00000000,0,0.00000000,33556,33555,32,0.00178006
1773322809.36558437,0.03764787,6082,0.00055951,0.00000000,0,0.00000000,33555,33573,52,0.00107049
1773322809.46530056,0.04347696,6084,0.00021203,0.00000000,0,0.00000000,33573,33570,37,0.00101274
1773322809.56531978,0.04276301,6100,0.00046061,0.00000000,0,0.00000000,33570,33576,44,0.00212433
1773322809.66510749,0.02872716,6114,0.00012858,0.00000000,0,0.00000000,33576,33586,41,0.00351987
1773322809.76527762,0.03048637,6134,0.00054207,0.00000000,0,0.00000000,33586,33560,34,0.00290181
1773322809.86527300,0.02325982,6086,0.00036431,0.00000000,0,0.00000000,33560,33564,38,0.00207947
1773322809.96531892,0.02415939,6121,0.00014616,0.00000000,0,0.00000000,33564,33576,46,0.00253870
1773322810.06526566,0.02806548,6083,0.00041827,0.00000000,0,0.00000000,33576,33457,27,0.00183760
1773322810.16524243,0.02684506,6123,0.00014378,0.00000000,0,0.00000000,33457,33455,47,0.00218357
1773322810.26523805,0.02422934,6096,0.00010462,0.00000000,0,0.00000000,33455,33466,31,0.00143546
1773322810.36514974,0.02472476,6113,0.00018188,0.00000000,0,0.00000000,33466,33473,36,0.00088102
1773322810.46517611,0.02450738,6101,0.00017347,0.00000000,0,0.00000000,33473,33475,36,0.00100171
1773322810.56514692,0.03559470,6105,0.00015287,0.00000000,0,0.00000000,33475,33461,38,0.00081665
1773322810.66506290,0.04462985,6118,0.00026540,0.00000000,0,0.00000000,33461,33459,44,0.00144942
1773322810.76512957,0.04381504,6125,0.00048376,0.00000000,0,0.00000000,33459,33459,37,0.00082993
1773322810.86513090,0.03838793,6114,0.00042086,0.00000000,0,0.00000000,33459,33472,37,0.00142206
1773322810.96515512,0.03567962,6172,0.00055912,0.00000000,0,0.00000000,33472,33480,46,0.00118284
1773322811.06508970,0.04007206,6143,0.00039610,0.00000000,0,0.00000000,33480,33488,30,0.00172031
1773322811.16509724,0.03987299,6160,0.00010989,0.00000000,0,0.00000000,33488,33500,35,0.00097408
1773322811.26512051,0.04821647,6139,0.00109263,0.00000000,0,0.00000000,33500,33511,34,0.00247853
1773322811.36491060,0.04600903,6143,0.00041411,0.00000000,0,0.00000000,33511,33512,37,0.00226025
1773322811.46490383,0.04831985,6166,0.00051360,0.00000000,0,0.00000000,33512,33530,41,0.00259737
1773322811.56491184,0.03555014,6114,0.00021022,0.00000000,0,0.00000000,33530,33537,37,0.00101494
1773322811.66492748,0.03103594,6182,0.00052258,0.00000000,0,0.00000000,33537,33533,38,0.00215881
1773322811.76484179,0.04045920,6176,0.00046098,0.00000000,0,0.00000000,33533,33529,40,0.00276004
1773322811.86482024,0.02831356,6203,0.00021574,0.00000000,0,0.00000000,33529,33526,45,0.00287279
1773322811.96482658,0.02603844,6238,0.00009605,0.00000000,0,0.00000000,33526,33523,29,0.00181216
1773322812.06510186,0.02429814,6229,0.00016276,0.00000000,0,0.00000000,33523,33527,36,0.00179386
1773322812.16484761,0.02414481,6257,0.00018833,0.00000000,0,0.00000000,33527,33530,44,0.00290311
1773322812.26489401,0.02046029,6216,0.00014659,0.00000000,0,0.00000000,33530,33543,51,0.00105735
1773322812.36469603,0.02142247,6268,0.00014967,0.00000000,0,0.00000000,33543,33546,36,0.00265502
1773322812.46470642,0.02793576,6225,0.00024080,0.00000000,0,0.00000000,33546,33520,39,0.00277876
1773322812.56467867,0.02543506,6277,0.00010218,0.00000000,0,0.00000000,33520,33519,37,0.00174328
1773322812.66474128,0.03198883,6204,0.00043536,0.00000000,0,0.00000000,33519,33521,36,0.00101356
1773322812.76464725,0.03401065,6221,0.00059611,0.00000000,0,0.00000000,33521,33520,48,0.00258614
1773322812.86465001,0.03837529,6254,0.00098817,0.00000000,0,0.00000000,33520,33507,59,0.00082771
1773322812.96464396,0.03728017,6261,0.00014367,0.00000000,0,0.00000000,33507,33496,36,0.00124567
1773322813.06466556,0.04189783,6106,0.00011033,0.00000000,0,0.00000000,33496,33502,34,0.00098418
1773322813.16268277,0.04685009,6355,0.00042431,0.00000000,0,0.00000000,33502,33514,41,0.00211161
1773322813.26456738,0.03821043,6251,0.00046862,0.00000000,0,0.00000000,33514,33523,40,0.00342589
1773322813.36457205,0.03540551,6253,0.00031718,0.00000000,0,0.00000000,33523,33526,33,0.00262561
1773322813.46454144,0.03423185,6240,0.00050019,0.00000000,0,0.00000000,33526,33541,44,0.00145039
1773322813.56452513,0.04768140,6221,0.00012048,0.00000000,0,0.00000000,33541,33544,36,0.00098408
1773322813.66447663,0.03387602,6231,0.00036927,0.00000000,0,0.00000000,33544,33543,36,0.00176034
1773322813.76459551,0.03299354,6256,0.00022342,0.00000000,0,0.00000000,33543,33549,53,0.00239090
1773322813.86453032,0.02299399,6230,0.00038023,0.00000000,0,0.00000000,33549,33561,49,0.00378392
1773322813.96453881,0.02132896,6211,0.00018526,0.00000000,0,0.00000000,33561,33578,40,0.00242588
1773322814.06434488,0.02564325,6308,0.00024532,0.00000000,0,0.00000000,33578,33579,51,0.00235131
1773322814.16453362,0.02565073,6249,0.00034495,0.00000000,0,0.00000000,33579,33579,34,0.00335201
1773322814.26452327,0.02301054,6246,0.00020646,0.00000000,0,0.00000000,33579,33576,37,0.00414835
1773322814.36452603,0.02362606,6233,0.00014142,0.00000000,0,0.00000000,33576,33590,42,0.00212519
1773322814.46453977,0.02310704,6227,0.00020756,0.00000000,0,0.00000000,33590,33579,48,0.00121973
1773322814.56465745,0.03918771,6217,0.00049308,0.00000000,0,0.00000000,33579,33586,46,0.00150867
1773322814.66498518,0.03693129,6173,0.00048610,0.00000000,0,0.00000000,33586,33583,30,0.00077060
1773322814.76440883,0.03694255,6214,0.00014825,0.00000000,0,0.00000000,33583,33595,37,0.00219317
1773322814.86444402,0.04376517,6216,0.00049132,0.00000000,0,0.00000000,33595,33597,38,0.00091719
1773322814.96445584,0.03682943,6165,0.00016566,0.00000000,0,0.00000000,33597,33608,44,0.00152584
1773322815.06448531,0.04153765,6130,0.00017746,0.00000000,0,0.00000000,33608,33617,35,0.00146880
1773322815.16457272,0.04741063,6172,0.00071416,0.00000000,0,0.00000000,33617,33625,36,0.00265804
1773322815.26434398,0.04648121,6207,0.00061213,0.00000000,0,0.00000000,33625,33607,49,0.00189252
1773322815.36491966,0.04471215,6181,0.00055317,0.00000000,0,0.00000000,33607,33599,47,0.00241610
1773322815.46449256,0.03865531,6181,0.00033102,0.00000000,0,0.00000000,33599,33608,35,0.00229512
1773322815.56478930,0.04293325,6203,0.00020274,0.00000000,0,0.00000000,33608,33615,37,0.00134344
1773322815.66503811,0.02891312,6152,0.00016041,0.00000000,0,0.00000000,33615,33624,44,0.00326959
1773322815.76479411,0.03752569,6144,0.00070109,0.00000000,0,0.00000000,33624,33602,46,0.00318744
1773322815.86478019,0.03760172,6181,0.00013423,0.00000000,0,0.00000000,33602,33610,35,0.00275657
1773322815.96479154,0.02418372,6206,0.00028496,0.00000000,0,0.00000000,33610,33607,29,0.00292170
1773322816.06481528,0.02411499,6186,0.00013800,0.00000000,0,0.00000000,33607,33610,40,0.00140989
1773322816.16477561,0.02504664,6225,0.00012029,0.00000000,0,0.00000000,33610,33607,32,0.00175241
1773322816.26464605,0.02669421,6211,0.00018028,0.00000000,0,0.00000000,33607,33576,38,0.00148630
1773322816.36566329,0.02601394,6219,0.00030178,0.00000000,0,0.00000000,33576,33545,34,0.00108881
1773322816.46567440,0.02476946,6191,0.00012479,0.00000000,0,0.00000000,33545,33551,42,0.00305744
1773322816.56573296,0.02266512,6187,0.00010647,0.00000000,0,0.00000000,33551,33562,42,0.00151141
1773322816.66473913,0.02253923,6241,0.00012278,0.00000000,0,0.00000000,33562,33558,33,0.00141899
1773322816.76568604,0.04138371,6171,0.00067161,0.00000000,0,0.00000000,33558,33537,47,0.00118699
1773322816.86554766,0.02814667,6171,0.00019640,0.00000000,0,0.00000000,33537,33528,38,0.00084313
1773322816.96547318,0.02539358,6171,0.00041100,0.00000000,0,0.00000000,33528,33501,38,0.00151320
1773322817.06551123,0.03358707,6171,0.00042626,0.00000000,0,0.00000000,33501,33503,38,0.00078207
1773322817.16543579,0.02107965,6171,0.00016123,0.00000000,0,0.00000000,33503,33505,39,0.00291935
1773322817.26542783,0.04643839,6206,0.00997044,0.00000000,0,0.00000000,33505,34705,2554,0.00157914
1773322817.36548996,0.03035439,6174,0.00598884,0.00000000,0,0.00000000,34705,35126,1402,0.00164634
1773322817.46548009,0.02641703,6224,0.00220847,0.00000000,0,0.00000000,35126,35179,323,0.00142039
1773322817.56551552,0.02363886,6153,0.00032129,0.00000000,0,0.00000000,35179,35194,80,0.00443297
1773322817.66451311,0.02254049,6234,0.00025805,0.00000000,0,0.00000000,35194,35211,64,0.00163277
1773322817.76533842,0.01852941,6177,0.00025192,0.00000000,0,0.00000000,35211,35208,54,0.00139292
1773322817.86542225,0.01791993,6193,0.00017020,0.00000000,0,0.00000000,35208,35228,46,0.00088669
1773322817.96546745,0.03693013,6170,0.00048731,0.00000000,0,0.00000000,35228,35237,39,0.00176678
1773322818.06548524,0.04001535,6241,0.00046610,0.00000000,0,0.00000000,35237,35252,38,0.00288798
1773322818.16543865,0.03649991,6185,0.00057609,0.00000000,0,0.00000000,35252,35249,53,0.00080918
1773322818.26538873,0.04233700,6214,0.00080294,0.00000000,0,0.00000000,35249,35241,53,0.00081242
1773322818.36531591,0.04886912,6249,0.00025186,0.00000000,0,0.00000000,35241,35250,41,0.00124745
1773322818.46552730,0.04032631,6191,0.00042079,0.00000000,0,0.00000000,35250,35257,36,0.00124835
1773322818.56551862,0.05224982,6174,0.00050347,0.00000000,0,0.00000000,35257,35257,35,0.00114658
1773322818.66526771,0.03884882,6215,0.00042952,0.00000000,0,0.00000000,35257,35267,33,0.00100608
1773322818.76533294,0.04441450,6196,0.00054584,0.00000000,0,0.00000000,35267,35269,38,0.00119414
1773322818.86541700,0.03204385,6191,0.00014535,0.00000000,0,0.00000000,35269,35283,32,0.00119840
1773322818.96539783,0.03929980,6157,0.00053374,0.00000000,0,0.00000000,35283,35270,43,0.00203804
1773322819.06524348,0.03664465,6183,0.00019654,0.00000000,0,0.00000000,35270,35276,27,0.00222330
1773322819.16528392,0.02528423,6171,0.00028012,0.00000000,0,0.00000000,35276,35273,44,0.00265495
1773322819.26533961,0.02528834,6176,0.00020050,0.00000000,0,0.00000000,35273,35269,30,0.00254963
1773322819.36529350,0.02269009,6187,0.00013358,0.00000000,0,0.00000000,35269,35276,37,0.00243775
1773322819.46530795,0.02789824,6165,0.00015052,0.00000000,0,0.00000000,35276,35280,36,0.00305005
1773322819.56525040,0.02076377,6186,0.00027111,0.00000000,0,0.00000000,35280,35270,54,0.00224964
1773322819.66520810,0.02094666,6146,0.00034828,0.00000000,0,0.00000000,35270,35229,40,0.00256163
1773322819.76507735,0.02302911,6203,0.00040634,0.00000000,0,0.00000000,35229,35228,43,0.00485837
1773322819.86503148,0.02390692,6172,0.00014601,0.00000000,0,0.00000000,35228,35235,40,0.00228340
1773322819.96502638,0.03193660,6172,0.00052058,0.00000000,0,0.00000000,35235,35225,41,0.00246365
1773322820.06502724,0.03945952,6213,0.00038444,0.00000000,0,0.00000000,35225,35228,33,0.00115465
1773322820.16497636,0.04252468,6180,0.00020445,0.00000000,0,0.00000000,35228,35233,40,0.00191891
1773322820.26501322,0.04205541,6182,0.00038049,0.00000000,0,0.00000000,35233,35239,32,0.00201724
1773322820.36504316,0.03424112,6175,0.00055763,0.00000000,0,0.00000000,35239,35238,37,0.00087254
1773322820.46504211,0.04114718,6193,0.00025301,0.00000000,0,0.00000000,35238,35234,35,0.00165810
1773322820.56501436,0.04867965,6193,0.00073940,0.00000000,0,0.00000000,35234,35223,53,0.00091345
1773322820.66493893,0.03550667,6186,0.00034012,0.00000000,0,0.00000000,35223,35230,33,0.00153847
1773322820.76484299,0.03825064,6229,0.00037343,0.00000000,0,0.00000000,35230,35239,33,0.00154232
1773322820.86499763,0.03982953,6178,0.00021578,0.00000000,0,0.00000000,35239,35226,34,0.00305240
1773322820.96487951,0.02507373,6224,0.00027034,0.00000000,0,0.00000000,35226,35228,43,0.00081200
1773322821.06492734,0.03546316,6173,0.00041706,0.00000000,0,0.00000000,35228,35234,39,0.00077429
1773322821.16483736,0.03101508,6164,0.00014898,0.00000000,0,0.00000000,35234,35237,42,0.00132714
1773322821.26474333,0.02380468,6174,0.00038581,0.00000000,0,0.00000000,35237,35208,31,0.00306392
1773322821.36473274,0.02178363,6150,0.00006809,0.00000000,0,0.00000000,35208,35215,36,0.00117479
1773322821.46476626,0.02245475,6118,0.00011390,0.00000000,0,0.00000000,35215,35217,37,0.00188798
1773322821.56473541,0.02870712,6146,0.00040380,0.00000000,0,0.00000000,35217,35221,30,0.00747225
1773322821.66477895,0.02399224,6121,0.00013052,0.00000000,0,0.00000000,35221,35227,39,0.00133783
1773322821.76478815,0.01960089,6087,0.00010459,0.00000000,0,0.00000000,35227,35231,39,0.00289490
1773322821.86470461,0.02044714,6078,0.00010676,0.00000000,0,0.00000000,35231,35243,36,0.00331397
1773322821.96472263,0.02479068,6031,0.00018949,0.00000000,0,0.00000000,35243,35254,47,0.00181458
1773322822.06455970,0.03917798,6068,0.00023554,0.00000000,0,0.00000000,35254,35259,24,0.00174326
1773322822.16457009,0.05247284,6075,0.00089090,0.00000000,0,0.00000000,35259,35271,43,0.00116224
1773322822.26460505,0.03949895,6076,0.00046581,0.00000000,0,0.00000000,35271,35267,33,0.00124583
1773322822.36461377,0.03847166,6064,0.00059999,0.00000000,0,0.00000000,35267,35275,51,0.00110939
1773322822.46462679,0.04072213,6050,0.00037666,0.00000000,0,0.00000000,35275,35279,32,0.00158020
1773322822.56464958,0.04525370,6031,0.00060241,0.00000000,0,0.00000000,35279,35284,33,0.00182337
1773322822.66451073,0.03644480,6030,0.00070407,0.00000000,0,0.00000000,35284,35297,37,0.00088012
1773322822.76454616,0.03869402,6005,0.00021718,0.00000000,0,0.00000000,35297,35290,31,0.00085329
1773322822.86453605,0.04473795,6033,0.00085659,0.00000000,0,0.00000000,35290,35281,39,0.00078521
1773322822.96450543,0.04070460,5963,0.00052015,0.00000000,0,0.00000000,35281,35274,33,0.00218559
1773322823.06443095,0.04429843,5992,0.00019647,0.00000000,0,0.00000000,35274,35277,28,0.00242606
1773322823.16448402,0.02837849,5971,0.00010834,0.00000000,0,0.00000000,35277,35285,34,0.00224459
1773322823.26439762,0.04011288,6027,0.00034359,0.00000000,0,0.00000000,35285,35290,32,0.00340914
1773322823.36454964,0.03121370,5967,0.00014641,0.00000000,0,0.00000000,35290,35297,33,0.00143380
1773322823.46451020,0.02989233,5970,0.00030062,0.00000000,0,0.00000000,35297,35308,30,0.00175590
1773322823.56453586,0.02301188,5924,0.00014921,0.00000000,0,0.00000000,35308,35291,26,0.00261071
1773322823.66432357,0.02374218,5958,0.00012849,0.00000000,0,0.00000000,35291,35297,27,0.00158075
1773322823.76444340,0.02446121,5954,0.00011195,0.00000000,0,0.00000000,35297,35307,46,0.00410209
1773322823.86420250,0.02545190,6049,0.00021260,0.00000000,0,0.00000000,35307,35318,47,0.00385866
1773322823.96450329,0.02220049,6027,0.00012513,0.00000000,0,0.00000000,35318,35316,48,0.00273667
1773322824.06625605,0.02380813,6061,0.00032233,0.00000000,0,0.00000000,35316,35287,36,0.00301946
1773322824.16430569,0.02516916,6063,0.00007597,0.00000000,0,0.00000000,35287,35286,35,0.00175101
1773322824.26478720,0.02564301,6055,0.00012023,0.00000000,0,0.00000000,35286,35270,31,0.00275501
1773322824.36477184,0.02990239,6056,0.00073278,0.00000000,0,0.00000000,35270,35269,48,0.00170735
1773322824.46442890,0.03955762,6030,0.00045964,0.00000000,0,0.00000000,35269,35278,34,0.00099437
1773322824.56421518,0.04512169,6115,0.00078646,0.00000000,0,0.00000000,35278,35291,42,0.00130392
1773322824.66500807,0.03777819,5970,0.00081187,0.00000000,0,0.00000000,35291,35285,38,0.00167363
1773322824.76484919,0.04029216,6054,0.00047895,0.00000000,0,0.00000000,35285,35293,37,0.00079384
1773322824.86470389,0.04195874,5989,0.00022570,0.00000000,0,0.00000000,35293,35309,51,0.00085647
1773322824.96473527,0.04304135,6037,0.00030851,0.00000000,0,0.00000000,35309,35315,38,0.00098246
1773322825.06473351,0.03808332,6001,0.00053304,0.00000000,0,0.00000000,35315,35328,37,0.00080562
1773322825.16477346,0.04341235,6072,0.00017852,0.00000000,0,0.00000000,35328,35333,35,0.00269113
1773322825.26578903,0.02867768,5989,0.00013416,0.00000000,0,0.00000000,35333,35342,37,0.00263345
1773322825.36473703,0.03585620,6083,0.00051541,0.00000000,0,0.00000000,35342,35346,39,0.00297817
1773322825.46479154,0.03811407,6051,0.00042188,0.00000000,0,0.00000000,35346,35323,57,0.00266849
1773322825.56555319,0.02935472,6058,0.00039236,0.00000000,0,0.00000000,35323,35331,33,0.00249786
1773322825.66480041,0.02258195,6067,0.00016036,0.00000000,0,0.00000000,35331,35340,50,0.00338639
1773322825.76469445,0.02459583,6079,0.00018359,0.00000000,0,0.00000000,35340,35358,46,0.00313059
1773322825.86464190,0.02635074,6100,0.00011278,0.00000000,0,0.00000000,35358,35367,45,0.00183003
1773322825.96580529,0.02332783,6040,0.00028689,0.00000000,0,0.00000000,35367,35378,35,0.00159005
1773322826.06447315,0.02164140,6088,0.00008690,0.00000000,0,0.00000000,35378,35384,26,0.00198679
1773322826.16584110,0.02448997,6073,0.00021751,0.00000000,0,0.00000000,35384,35391,42,0.00110622
1773322826.26548028,0.02432373,6094,0.00027184,0.00000000,0,0.00000000,35391,35400,39,0.00278690
1773322826.36556458,0.02304000,6059,0.00013751,0.00000000,0,0.00000000,35400,35402,44,0.00161874
1773322826.46547914,0.03577656,6048,0.00043712,0.00000000,0,0.00000000,35402,35401,38,0.00128912
1773322826.56554604,0.04139520,5998,0.00042573,0.00000000,0,0.00000000,35401,35411,39,0.00219514
1773322826.66447878,0.03775324,6030,0.00066465,0.00000000,0,0.00000000,35411,35418,55,0.00135541
1773322826.76530719,0.03960944,6020,0.00043631,0.00000000,0,0.00000000,35418,35425,39,0.00215823
1773322826.86524534,0.04959890,6042,0.00014336,0.00000000,0,0.00000000,35425,35422,29,0.00100642
1773322826.96528983,0.04618275,6008,0.00064982,0.00000000,0,0.00000000,35422,35420,35,0.00218398
1773322827.06522751,0.04268627,6026,0.00066394,0.00000000,0,0.00000000,35420,35395,43,0.00279169
1773322827.16541648,0.03484366,5970,0.00051938,0.00000000,0,0.00000000,35395,35390,44,0.00340604
1773322827.26533031,0.03439991,5994,0.00021919,0.00000000,0,0.00000000,35390,35384,34,0.00253998
1773322827.36532021,0.04807422,6063,0.00016522,0.00000000,0,0.00000000,35384,35370,34,0.00173764
1773322827.46536088,0.02665379,6078,0.00012853,0.00000000,0,0.00000000,35370,35379,42,0.00194956
1773322827.56520391,0.02874351,6065,0.00033599,0.00000000,0,0.00000000,35379,35383,31,0.00343941
1773322827.66517925,0.04022179,6037,0.00011276,0.00000000,0,0.00000000,35383,35394,36,0.00275237
1773322827.76524115,0.02825740,6047,0.00020546,0.00000000,0,0.00000000,35394,35405,43,0.00112866
1773322827.86528969,0.02431764,6088,0.00012080,0.00000000,0,0.00000000,35405,35407,37,0.00263456
1773322827.96523523,0.02614676,6068,0.00014790,0.00000000,0,0.00000000,35407,35404,38,0.00257292
1773322828.06522369,0.02447567,6071,0.00009284,0.00000000,0,0.00000000,35404,35405,29,0.00324732
1773322828.16522408,0.02097589,6051,0.00010319,0.00000000,0,0.00000000,35405,35416,35,0.00283567
1773322828.26518798,0.01975871,6038,0.00014386,0.00000000,0,0.00000000,35416,35425,34,0.00094260
1773322828.36521959,0.02392653,6043,0.00015211,0.00000000,0,0.00000000,35425,35443,44,0.00138688
1773322828.46511173,0.02290382,6004,0.00021161,0.00000000,0,0.00000000,35443,35445,43,0.00096599
1773322828.56515718,0.03654132,5958,0.00051328,0.00000000,0,0.00000000,35445,35437,39,0.00123384
1773322828.66517520,0.04094900,5888,0.00037135,0.00000000,0,0.00000000,35437,35442,36,0.00153126
1773322828.76461816,0.03801607,6064,0.00053096,0.00000000,0,0.00000000,35442,35439,39,0.00088221
1773322828.86500835,0.03659776,5997,0.00072709,0.00000000,0,0.00000000,35439,35437,35,0.00150227
1773322828.96500444,0.04462431,6025,0.00048121,0.00000000,0,0.00000000,35437,35447,39,0.00208048
1773322829.06507659,0.06603548,6025,0.00037547,0.00000000,0,0.00000000,35447,35444,42,0.00229838
1773322829.16505933,0.05202561,6048,0.00070071,0.00000000,0,0.00000000,35444,35456,54,0.00232250
1773322829.26489758,0.04981544,6060,0.00021233,0.00000000,0,0.00000000,35456,35472,38,0.00354057
1773322829.36486912,0.03834348,6088,0.00047627,0.00000000,0,0.00000000,35472,35483,44,0.00279664
1773322829.46495032,0.04472710,6031,0.00043878,0.00000000,0,0.00000000,35483,35474,53,0.00228356
1773322829.56488562,0.02373283,6037,0.00020464,0.00000000,0,0.00000000,35474,35454,39,0.00136452
1773322829.66488147,0.04718094,6059,0.00104334,0.00000000,0,0.00000000,35454,35455,60,0.00081793
1773322829.76489711,0.03259038,6016,0.00016148,0.00000000,0,0.00000000,35455,35469,53,0.00317327
1773322829.86475706,0.03348604,6024,0.00064990,0.00000000,0,0.00000000,35469,35485,41,0.00259211
1773322829.96488881,0.02773114,5987,0.00077699,0.00000000,0,0.00000000,35485,35491,43,0.00252329
1773322830.06486893,0.02662580,5975,0.00016223,0.00000000,0,0.00000000,35491,35500,46,0.00309381
1773322830.16480684,0.02709024,5989,0.00014394,0.00000000,0,0.00000000,35500,35507,41,0.00272659
1773322830.26482892,0.02668654,5979,0.00019966,0.00000000,0,0.00000000,35507,35513,39,0.00128121
1773322830.36476803,0.02652630,5982,0.00029704,0.00000000,0,0.00000000,35513,35514,39,0.00302222
1773322830.46477509,0.02458602,5900,0.00019455,0.00000000,0,0.00000000,35514,35518,40,0.00104133
1773322830.56462550,0.02397215,5978,0.00034112,0.00000000,0,0.00000000,35518,35512,44,0.00257731
1773322830.66459370,0.02674314,5962,0.00019858,0.00000000,0,0.00000000,35512,35523,64,0.00102873
1773322830.76461172,0.04291879,5988,0.00042875,0.00000000,0,0.00000000,35523,35530,31,0.00122828
1773322830.86459136,0.03997320,5938,0.00015855,0.00000000,0,0.00000000,35530,35523,32,0.00115343
1773322830.96456838,0.08674470,6001,0.00049543,0.00000000,0,0.00000000,35523,35536,41,0.00143944
1773322831.06461763,0.04280512,5932,0.00073880,0.00000000,0,0.00000000,35536,35527,56,0.00237232
1773322831.16443753,0.03546496,6009,0.00020900,0.00000000,0,0.00000000,35527,35536,41,0.00287434
1773322831.26446700,0.03370780,6054,0.00016511,0.00000000,0,0.00000000,35536,35552,42,0.00456063
1773322831.36460924,0.04165105,6008,0.00074765,0.00000000,0,0.00000000,35552,35536,57,0.00127815
1773322831.46460533,0.05733693,5967,0.00021349,0.00000000,0,0.00000000,35536,35545,38,0.00248968
1773322831.56442523,0.02655854,6070,0.00019317,0.00000000,0,0.00000000,35545,35556,45,0.00246435
1773322831.66447711,0.02662370,6035,0.00046032,0.00000000,0,0.00000000,35556,35557,37,0.00313559
1773322831.76445365,0.04056414,6045,0.00028547,0.00000000,0,0.00000000,35557,35567,47,0.00270233
1773322831.86443043,0.03329233,6083,0.00031473,0.00000000,0,0.00000000,35567,35569,59,0.00166442
1773322831.96444178,0.03109459,6013,0.00017103,0.00000000,0,0.00000000,35569,35578,37,0.00140938
1773322832.06447053,0.01953530,6032,0.00020601,0.00000000,0,0.00000000,35578,35589,44,0.00134407
1773322832.16457486,0.02109331,6056,0.00009405,0.00000000,0,0.00000000,35589,35601,31,0.00092052
1773322832.26442480,0.02660142,6001,0.00015191,0.00000000,0,0.00000000,35601,35617,40,0.00087211
1773322832.36449146,0.02343179,5958,0.00018928,0.00000000,0,0.00000000,35617,35630,49,0.00269182
1773322832.46442962,0.02020264,6001,0.00017977,0.00000000,0,0.00000000,35630,35628,48,0.00167215
1773322832.56448936,0.02084421,5995,0.00021430,0.00000000,0,0.00000000,35628,35640,57,0.00080632
1773322832.66509366,0.02266262,5951,0.00009735,0.00000000,0,0.00000000,35640,35649,37,0.00127366
1773322832.76451063,0.03398362,5956,0.00022904,0.00000000,0,0.00000000,35649,35658,51,0.00114989
1773322832.86445856,0.03926605,5957,0.00027220,0.00000000,0,0.00000000,35658,35663,52,0.00085960
1773322832.96484208,0.04129002,5949,0.00069033,0.00000000,0,0.00000000,35663,35684,63,0.00086322
1773322833.06482697,0.03835550,5989,0.00060404,0.00000000,0,0.00000000,35684,35705,56,0.00182552
1773322833.16591620,0.03478042,5924,0.00075038,0.00000000,0,0.00000000,35705,35728,71,0.00290441
1773322833.26492858,0.03758678,5939,0.00068106,0.00000000,0,0.00000000,35728,35737,62,0.00384642
1773322833.36482048,0.03110250,5987,0.00071600,0.00000000,0,0.00000000,35737,35738,47,0.00103507
1773322833.46475983,0.03480112,5970,0.00023781,0.00000000,0,0.00000000,35738,35749,69,0.00218623
1773322833.56585979,0.02354907,6010,0.00028660,0.00000000,0,0.00000000,35749,35753,56,0.00254643
1773322833.66579294,0.03080723,5950,0.00082292,0.00000000,0,0.00000000,35753,35765,72,0.00252468
1773322833.76483965,0.03375296,5998,0.00026844,0.00000000,0,0.00000000,35765,35753,64,0.00248370
1773322833.86487198,0.02121246,5983,0.00029252,0.00000000,0,0.00000000,35753,35763,53,0.00239803
1773322833.96458220,0.02338165,5986,0.00034057,0.00000000,0,0.00000000,35763,35728,59,0.00267379
1773322834.06452608,0.01669057,5958,0.00025274,0.00000000,0,0.00000000,35728,35758,59,0.00263077
1773322834.16457462,0.01978398,5946,0.00022983,0.00000000,0,0.00000000,35758,35747,50,0.00098810
1773322834.26574850,0.02353831,5963,0.00025792,0.00000000,0,0.00000000,35747,35727,66,0.00241108
1773322834.36583209,0.02015344,5923,0.00019329,0.00000000,0,0.00000000,35727,35754,53,0.00102211
1773322834.46463561,0.04366600,5940,0.00071042,0.00000000,0,0.00000000,35754,35779,57,0.00227825
1773322834.56562328,0.03918015,6005,0.00026303,0.00000000,0,0.00000000,35779,35777,58,0.00163421
1773322834.66460896,0.04883551,5962,0.00113881,0.00000000,0,0.00000000,35777,35796,56,0.00163498
1773322834.76577377,0.03750190,5966,0.00065147,0.00000000,0,0.00000000,35796,35818,61,0.00089994
1773322834.86560726,0.03459261,5973,0.00048826,0.00000000,0,0.00000000,35818,35836,52,0.00262640
1773322834.96564317,0.03062218,6041,0.00066860,0.00000000,0,0.00000000,35836,35843,53,0.00291990
1773322835.06558871,0.04057453,5980,0.00024742,0.00000000,0,0.00000000,35843,35851,60,0.00153310
1773322835.16447735,0.03978754,6030,0.00047860,0.00000000,0,0.00000000,35851,35845,47,0.00123980
1773322835.26544833,0.03815975,6005,0.00052249,0.00000000,0,0.00000000,35845,35857,48,0.00270808
1773322835.36547780,0.03288643,6027,0.00063178,0.00000000,0,0.00000000,35857,35866,54,0.00154629
1773322835.46550727,0.02818606,5963,0.00035847,0.00000000,0,0.00000000,35866,35827,46,0.00312496
1773322835.56545210,0.02322429,6005,0.00017567,0.00000000,0,0.00000000,35827,35832,46,0.00108049
1773322835.66542959,0.03414492,5976,0.00058041,0.00000000,0,0.00000000,35832,35835,53,0.00123215
1773322835.76543975,0.03068485,5994,0.00013658,0.00000000,0,0.00000000,35835,35845,40,0.00259604
1773322835.86551356,0.02292883,6032,0.00032898,0.00000000,0,0.00000000,35845,35852,54,0.00519046
1773322835.96553135,0.02513392,6029,0.00021831,0.00000000,0,0.00000000,35852,35852,44,0.00284996
1773322836.06537461,0.02358022,6047,0.00016957,0.00000000,0,0.00000000,35852,35861,42,0.00260514
1773322836.16542816,0.02152140,6101,0.00015984,0.00000000,0,0.00000000,35861,35846,45,0.00270832
1773322836.26537824,0.02218854,6059,0.00024365,0.00000000,0,0.00000000,35846,35832,49,0.00258209
1773322836.36543131,0.02114260,6036,0.00036550,0.00000000,0,0.00000000,35832,35807,67,0.00079285
1773322836.46536016,0.03564043,6048,0.00049500,0.00000000,0,0.00000000,35807,35818,44,0.00097215
1773322836.56540728,0.03998747,6074,0.00059305,0.00000000,0,0.00000000,35818,35837,46,0.00089553
1773322836.66530275,0.03652522,6085,0.00047683,0.00000000,0,0.00000000,35837,35822,48,0.00143746
1773322836.76533437,0.08126200,6095,0.00045182,0.00000000,0,0.00000000,35822,35834,34,0.00109826
1773322836.86524749,0.06028535,6122,0.00129254,0.00000000,0,0.00000000,35834,35831,42,0.00169550
1773322836.96522808,0.05296935,6055,0.00054890,0.00000000,0,0.00000000,35831,35834,44,0.00318306
1773322837.06526875,0.06460632,6081,0.00077450,0.00000000,0,0.00000000,35834,35817,41,0.00274017
1773322837.16529965,0.03640231,6088,0.00019019,0.00000000,0,0.00000000,35817,35825,43,0.00388656
1773322837.26529360,0.03377835,6168,0.00051582,0.00000000,0,0.00000000,35825,35832,44,0.00388936
1773322837.36521196,0.02244686,6182,0.00013936,0.00000000,0,0.00000000,35832,35845,44,0.00462656
1773322837.46522522,0.02562704,6205,0.00049588,0.00000000,0,0.00000000,35845,35855,54,0.00272121
1773322837.56522536,0.03161275,6211,0.00049143,0.00000000,0,0.00000000,35855,35859,39,0.00239044
1773322837.66519618,0.01872317,6197,0.00020703,0.00000000,0,0.00000000,35859,35865,57,0.00193081
1773322837.76521635,0.01970344,6180,0.00080228,0.00000000,0,0.00000000,35865,35850,56,0.00424582
1773322837.86502337,0.01652846,6242,0.00041523,0.00000000,0,0.00000000,35850,35822,57,0.00171968
1773322837.96513176,0.01898903,6269,0.00013589,0.00000000,0,0.00000000,35822,35835,39,0.00181257
1773322838.06503034,0.02059720,6249,0.00016262,0.00000000,0,0.00000000,35835,35829,41,0.00169939
1773322838.16506696,0.01828488,6267,0.00019633,0.00000000,0,0.00000000,35829,35840,41,0.00281979
1773322838.26506686,0.02027832,6258,0.00014151,0.00000000,0,0.00000000,35840,35844,49,0.00205855
1773322838.36491299,0.02177271,6270,0.00027239,0.00000000,0,0.00000000,35844,35834,50,0.00213629
1773322838.46484828,0.02039890,6295,0.00022121,0.00000000,0,0.00000000,35834,35847,46,0.00106377
1773322838.56491137,0.03321880,6281,0.00038850,0.00000000,0,0.00000000,35847,35857,32,0.00155087
1773322838.66488218,0.03110624,6272,0.00014702,0.00000000,0,0.00000000,35857,35853,27,0.00098826
1773322838.76496315,0.03985286,6295,0.00018991,0.00000000,0,0.00000000,35853,35872,46,0.00121925
1773322838.86494303,0.03275152,6234,0.00054616,0.00000000,0,0.00000000,35872,35880,41,0.00130076
1773322838.96473432,0.02867505,6298,0.00048220,0.00000000,0,0.00000000,35880,35889,46,0.00243449
1773322839.06478381,0.03432837,6300,0.00162789,0.00000000,0,0.00000000,35889,35893,40,0.00364933
1773322839.16474891,0.03005494,6282,0.00046153,0.00000000,0,0.00000000,35893,35909,40,0.00218383
1773322839.26470733,0.03438690,6300,0.00070875,0.00000000,0,0.00000000,35909,35904,57,0.00121560
1773322839.36476111,0.03835658,6261,0.00074975,0.00000000,0,0.00000000,35904,35914,52,0.00157094
1773322839.46471405,0.04652387,6300,0.00036211,0.00000000,0,0.00000000,35914,35926,32,0.00293704
1773322839.56475997,0.03060696,6304,0.00013905,0.00000000,0,0.00000000,35926,35939,37,0.00313736
1773322839.66475511,0.02278884,6265,0.00013850,0.00000000,0,0.00000000,35939,35943,36,0.00288726
1773322839.76456738,0.02774256,6306,0.00037961,0.00000000,0,0.00000000,35943,35956,31,0.00196353
1773322839.86452556,0.03226143,6316,0.00016777,0.00000000,0,0.00000000,35956,35960,38,0.00244592
1773322839.96459556,0.02146758,6311,0.00022705,0.00000000,0,0.00000000,35960,35962,36,0.00263838
1773322840.06457877,0.02129046,6313,0.00012743,0.00000000,0,0.00000000,35962,35973,42,0.00582286
1773322840.16458178,0.01935872,6305,0.00021973,0.00000000,0,0.00000000,35973,35993,44,0.00111033
1773322840.26453424,0.02296610,6310,0.00087981,0.00000000,0,0.00000000,35993,35984,43,0.00098477
1773322840.36453938,0.01890979,6321,0.00011418,0.00000000,0,0.00000000,35984,35991,31,0.00243585
1773322840.46454644,0.01715310,6332,0.00026415,0.00000000,0,0.00000000,35991,35963,51,0.00111341
1773322840.56450081,0.02796313,6323,0.00059293,0.00000000,0,0.00000000,35963,35947,48,0.00098352
1773322840.66443038,0.03597289,6337,0.00040237,0.00000000,0,0.00000000,35947,35954,41,0.00158585
1773322840.76450253,0.02768575,6343,0.00041998,0.00000000,0,0.00000000,35954,35961,37,0.00108647
1773322840.86460805,0.02456158,6272,0.00039158,0.00000000,0,0.00000000,35961,35947,39,0.00212711
1773322840.96443844,0.03105206,6307,0.00039832,0.00000000,0,0.00000000,35947,35938,36,0.00091474
1773322841.06440210,0.03224254,6335,0.00031872,0.00000000,0,0.00000000,35938,35957,51,0.00308433
1773322841.16439366,0.03190026,6347,0.00020504,0.00000000,0,0.00000000,35957,35947,30,0.00339051
1773322841.26441002,0.03264620,6359,0.00097787,0.00000000,0,0.00000000,35947,35926,37,0.00286216
1773322841.36464071,0.03187263,6279,0.00059291,0.00000000,0,0.00000000,35926,35914,43,0.00311725
1773322841.46437740,0.03349884,6313,0.00043427,0.00000000,0,0.00000000,35914,35918,38,0.00332576
1773322841.56446362,0.03609402,6356,0.00036151,0.00000000,0,0.00000000,35918,35887,37,0.00225347
1773322841.66479945,0.01838738,6290,0.00032895,0.00000000,0,0.00000000,35887,35880,38,0.00112010
1773322841.76441383,0.02781100,6333,0.00039923,0.00000000,0,0.00000000,35880,35888,34,0.00210500
1773322841.86575842,0.02964818,6288,0.00022943,0.00000000,0,0.00000000,35888,35903,41,0.00217809
1773322841.96446395,0.02582658,6361,0.00026539,0.00000000,0,0.00000000,35903,35897,35,0.00216682
1773322842.06574488,0.02090864,6290,0.00011174,0.00000000,0,0.00000000,35897,35898,32,0.00275465
1773322842.16444755,0.01727853,6321,0.00012023,0.00000000,0,0.00000000,35898,35917,39,0.00169467
1773322842.26463294,0.01896831,6323,0.00015767,0.00000000,0,0.00000000,35917,35925,31,0.00131002
1773322842.36452246,0.01913145,6329,0.00012639,0.00000000,0,0.00000000,35925,35920,37,0.00283492
1773322842.46562862,0.01890616,6337,0.00010097,0.00000000,0,0.00000000,35920,35922,23,0.00172577
1773322842.56473470,0.02421168,6332,0.00021408,0.00000000,0,0.00000000,35922,35928,26,0.00108645
1773322842.66560698,0.02386164,6340,0.00043199,0.00000000,0,0.00000000,35928,35933,36,0.00119433
1773322842.76554155,0.03526383,6383,0.00046325,0.00000000,0,0.00000000,35933,35948,36,0.00118337
1773322842.86569476,0.03369558,6334,0.00023851,0.00000000,0,0.00000000,35948,35936,28,0.00120346
1773322842.96466160,0.03172886,6343,0.00032985,0.00000000,0,0.00000000,35936,35936,39,0.00134518
1773322843.06548643,0.03054263,6330,0.00030552,0.00000000,0,0.00000000,35936,35946,33,0.00277483
1773322843.16553354,0.03093197,6354,0.00057567,0.00000000,0,0.00000000,35946,35960,43,0.00242033
1773322843.26553273,0.03497362,6358,0.00048583,0.00000000,0,0.00000000,35960,35978,41,0.00249661
1773322843.36554050,0.03976775,6343,0.00090378,0.00000000,0,0.00000000,35978,35973,28,0.00303352
1773322843.46554756,0.03201007,6343,0.00042735,0.00000000,0,0.00000000,35973,35973,33,0.00259374
1773322843.56548715,0.03589325,6321,0.00035295,0.00000000,0,0.00000000,35973,35982,41,0.00102804
1773322843.66550016,0.01984333,6324,0.00027416,0.00000000,0,0.00000000,35982,35981,36,0.00092400
1773322843.76547813,0.02052434,6363,0.00022174,0.00000000,0,0.00000000,35981,35976,39,0.00134898
1773322843.86540866,0.03093394,6319,0.00051434,0.00000000,0,0.00000000,35976,35961,41,0.00333842
1773322843.96538091,0.01970380,6335,0.00010087,0.00000000,0,0.00000000,35961,35967,32,0.00267511
1773322844.06538796,0.01547864,6333,0.00019304,0.00000000,0,0.00000000,35967,35974,33,0.00260736
1773322844.16531229,0.02500601,6341,0.00025830,0.00000000,0,0.00000000,35974,35979,32,0.00153245
1773322844.26536012,0.01681421,6319,0.00013036,0.00000000,0,0.00000000,35979,35991,28,0.00114596
1773322844.36538792,0.01899375,6358,0.00014938,0.00000000,0,0.00000000,35991,35990,33,0.00221979
1773322844.46548820,0.01746603,6297,0.00017956,0.00000000,0,0.00000000,35990,35996,33,0.00076372
1773322844.56528521,0.02508703,6327,0.00057524,0.00000000,0,0.00000000,35996,35970,34,0.00140241
1773322844.66528082,0.02656367,6300,0.00048884,0.00000000,0,0.00000000,35970,35972,37,0.00176922
1773322844.76524734,0.02640889,6352,0.00052699,0.00000000,0,0.00000000,35972,35970,39,0.00163336
1773322844.86537814,0.02969971,6356,0.00017123,0.00000000,0,0.00000000,35970,35984,35,0.00156151
1773322844.96526766,0.03399504,6358,0.00041326,0.00000000,0,0.00000000,35984,35997,36,0.00097999
1773322845.06524444,0.02985894,6368,0.00043406,0.00000000,0,0.00000000,35997,36009,28,0.00232913
1773322845.16517401,0.03124920,6364,0.00031107,0.00000000,0,0.00000000,36009,36006,22,0.00284290
1773322845.26525116,0.02779856,6385,0.00054274,0.00000000,0,0.00000000,36006,35984,28,0.00343449
1773322845.36515975,0.02115258,6370,0.00016429,0.00000000,0,0.00000000,35984,35993,34,0.00240843
1773322845.46522856,0.02925633,6394,0.00014648,0.00000000,0,0.00000000,35993,35992,34,0.00237552
1773322845.56519914,0.01965109,6367,0.00014439,0.00000000,0,0.00000000,35992,35990,34,0.00079228
1773322845.66516209,0.01927069,6390,0.00053185,0.00000000,0,0.00000000,35990,35973,40,0.00259315
1773322845.76509595,0.03022514,6349,0.00048146,0.00000000,0,0.00000000,35973,35988,39,0.00206597
1773322845.86501813,0.02337014,6387,0.00025614,0.00000000,0,0.00000000,35988,35935,32,0.00247425
1773322845.96504378,0.01858572,6416,0.00023916,0.00000000,0,0.00000000,35935,35932,40,0.00249595
1773322846.06497836,0.01824112,6404,0.00011469,0.00000000,0,0.00000000,35932,35935,26,0.00232315
1773322846.16495109,0.01955714,6434,0.00009547,0.00000000,0,0.00000000,35935,35926,30,0.00133145
1773322846.26495767,0.01791968,6376,0.00013758,0.00000000,0,0.00000000,35926,35927,35,0.00256450
1773322846.36493897,0.02024816,6368,0.00012286,0.00000000,0,0.00000000,35927,35930,31,0.00400212
1773322846.46490479,0.03090302,6390,0.00020260,0.00000000,0,0.00000000,35930,35939,33,0.00168365
1773322846.56482005,0.03952099,6393,0.00050388,0.00000000,0,0.00000000,35939,35936,39,0.00096732
1773322846.66479087,0.03024700,6390,0.00020670,0.00000000,0,0.00000000,35936,35947,29,0.00134102
1773322846.76479125,0.02766702,6438,0.00018818,0.00000000,0,0.00000000,35947,35956,28,0.00085271
1773322846.86486077,0.03009960,6373,0.00017318,0.00000000,0,0.00000000,35956,35964,27,0.00258035
1773322846.96487808,0.03137438,6389,0.00044658,0.00000000,0,0.00000000,35964,35936,32,0.00127110
1773322847.06484962,0.03260132,6352,0.00050981,0.00000000,0,0.00000000,35936,35929,37,0.00236805
1773322847.16471481,0.02848368,6390,0.00037273,0.00000000,0,0.00000000,35929,35934,30,0.00282830
1773322847.26472425,0.02768663,6375,0.00061838,0.00000000,0,0.00000000,35934,35951,41,0.00277208
1773322847.36460924,0.02464551,6370,0.00045945,0.00000000,0,0.00000000,35951,35944,35,0.00244732
1773322847.46462560,0.03234849,6375,0.00031264,0.00000000,0,0.00000000,35944,35946,32,0.00127767
1773322847.56470823,0.01636092,6322,0.00041630,0.00000000,0,0.00000000,35946,35962,37,0.00111293
1773322847.66452241,0.01656620,6406,0.00012586,0.00000000,0,0.00000000,35962,35970,46,0.00291746
1773322847.76462960,0.02333811,6345,0.00055211,0.00000000,0,0.00000000,35970,35975,36,0.00277803
1773322847.86446643,0.02716126,6389,0.00020050,0.00000000,0,0.00000000,35975,35985,29,0.00174540
1773322847.96447444,0.01971309,6363,0.00014977,0.00000000,0,0.00000000,35985,35992,35,0.00210875
1773322848.06445217,0.02336830,6390,0.00022962,0.00000000,0,0.00000000,35992,35999,34,0.00352089
1773322848.16440225,0.02041901,6373,0.00023281,0.00000000,0,0.00000000,35999,36010,37,0.00153950
1773322848.26452374,0.01582061,6366,0.00028059,0.00000000,0,0.00000000,36010,36033,56,0.00140326
1773322848.36444473,0.01671693,6333,0.00019998,0.00000000,0,0.00000000,36033,36061,62,0.00085052
1773322848.46446395,0.01616498,6325,0.00024487,0.00000000,0,0.00000000,36061,36073,47,0.00160276
1773322848.56441617,0.03018114,6347,0.00092047,0.00000000,0,0.00000000,36073,36081,48,0.00152396
1773322848.66674614,0.02481538,6281,0.00050593,0.00000000,0,0.00000000,36081,36081,46,0.00092389
1773322848.76436448,0.02822285,6342,0.00067959,0.00000000,0,0.00000000,36081,36053,51,0.00115144
1773322848.86435914,0.02859029,6358,0.00057021,0.00000000,0,0.00000000,36053,36052,44,0.00140009
1773322848.96497607,0.03831005,6306,0.00052001,0.00000000,0,0.00000000,36052,36058,45,0.00177328
1773322849.06456733,0.03306309,6288,0.00066629,0.00000000,0,0.00000000,36058,36081,52,0.00338893
1773322849.16436934,0.02541675,6321,0.00069526,0.00000000,0,0.00000000,36081,36074,48,0.00345012
1773322849.26449776,0.03197703,6352,0.00073550,0.00000000,0,0.00000000,36074,36054,54,0.00173090
1773322849.36446619,0.02658331,6285,0.00061414,0.00000000,0,0.00000000,36054,36069,53,0.00397410
1773322849.46443081,0.03346332,6363,0.00023831,0.00000000,0,0.00000000,36069,36074,42,0.00278365
1773322849.56489778,0.02062438,6311,0.00028825,0.00000000,0,0.00000000,36074,36082,39,0.00197024
1773322849.66443849,0.01902983,6409,0.00028577,0.00000000,0,0.00000000,36082,36073,50,0.00322539
1773322849.76481175,0.03288232,6395,0.00056417,0.00000000,0,0.00000000,36073,36079,29,0.00195934
1773322849.86451268,0.01846452,6379,0.00015139,0.00000000,0,0.00000000,36079,36084,46,0.00267501
1773322849.96475744,0.01901074,6381,0.00029109,0.00000000,0,0.00000000,36084,36109,44,0.00347140
1773322850.06470799,0.01914561,6327,0.00022841,0.00000000,0,0.00000000,36109,36117,37,0.00335356
1773322850.16469002,0.01880264,6281,0.00023470,0.00000000,0,0.00000000,36117,36123,52,0.00168215
1773322850.26470017,0.01775100,6197,0.00020291,0.00000000,0,0.00000000,36123,36138,52,0.00200342
1773322850.36472726,0.01681907,6146,0.00018292,0.00000000,0,0.00000000,36138,36155,47,0.00078446
1773322850.46463966,0.02885708,6101,0.00059198,0.00000000,0,0.00000000,36155,36157,46,0.00087039
1773322850.56570244,0.02787914,6096,0.00049509,0.00000000,0,0.00000000,36157,36159,39,0.00160900
1773322850.66560817,0.01983753,6021,0.00043504,0.00000000,0,0.00000000,36159,36160,46,0.00097185
1773322850.76559830,0.02778535,5965,0.00059780,0.00000000,0,0.00000000,36160,36166,48,0.00189817
1773322850.86450243,0.02797291,5981,0.00066337,0.00000000,0,0.00000000,36166,36163,46,0.00088096
1773322850.96556592,0.03119128,6003,0.00049091,0.00000000,0,0.00000000,36163,36163,47,0.00110229
1773322851.06559157,0.03169291,5935,0.00069659,0.00000000,0,0.00000000,36163,36184,59,0.00303691
1773322851.16558337,0.03315519,5943,0.00082853,0.00000000,0,0.00000000,36184,36137,54,0.00245091
1773322851.26564717,0.02981225,5914,0.00070624,0.00000000,0,0.00000000,36137,36148,53,0.00308363
1773322851.36562610,0.02925070,5969,0.00056846,0.00000000,0,0.00000000,36148,36144,51,0.00206819
1773322851.46563816,0.02794014,5885,0.00046978,0.00000000,0,0.00000000,36144,36161,40,0.00221287
1773322851.56544137,0.03166449,5915,0.00064542,0.00000000,0,0.00000000,36161,36143,46,0.00178204
1773322851.66544557,0.02202910,5919,0.00018300,0.00000000,0,0.00000000,36143,36152,45,0.00292474
1773322851.76546955,0.01905022,5985,0.00017196,0.00000000,0,0.00000000,36152,36159,39,0.00256665
1773322851.86552167,0.01938360,5895,0.00045267,0.00000000,0,0.00000000,36159,36145,50,0.00277268
1773322851.96534348,0.02915815,5890,0.00067409,0.00000000,0,0.00000000,36145,36162,42,0.00216763
1773322852.06531858,0.01624909,5919,0.00018141,0.00000000,0,0.00000000,36162,36155,45,0.00168896
1773322852.16540098,0.01965129,5864,0.00016396,0.00000000,0,0.00000000,36155,36167,39,0.00229264
1773322852.26538539,0.01914048,5976,0.00037488,0.00000000,0,0.00000000,36167,36174,44,0.00173016
1773322852.36538029,0.01912125,5990,0.00033379,0.00000000,0,0.00000000,36174,36183,52,0.00206197
1773322852.46537185,0.01703184,6154,0.00023237,0.00000000,0,0.00000000,36183,36185,57,0.00087161
1773322852.56540656,0.03184061,6118,0.00058441,0.00000000,0,0.00000000,36185,36201,49,0.00139743
1773322852.66530252,0.03522506,6216,0.00081588,0.00000000,0,0.00000000,36201,36199,61,0.00127278
1773322852.76531696,0.03609595,6170,0.00070421,0.00000000,0,0.00000000,36199,36216,51,0.00198764
1773322852.86530399,0.02355463,6210,0.00052961,0.00000000,0,0.00000000,36216,36199,44,0.00168165
1773322852.96533537,0.02075476,6198,0.00023317,0.00000000,0,0.00000000,36199,36201,55,0.00123192
1773322853.06527686,0.03126938,6249,0.00035160,0.00000000,0,0.00000000,36201,36158,49,0.00197201
1773322853.16523004,0.03062365,6198,0.00019692,0.00000000,0,0.00000000,36158,36172,45,0.00101307
1773322853.26522660,0.03782690,6266,0.00026007,0.00000000,0,0.00000000,36172,36188,53,0.00240750
1773322853.36524487,0.03758108,6260,0.00080036,0.00000000,0,0.00000000,36188,36181,54,0.00247874
1773322853.46525526,0.04036059,6289,0.00074120,0.00000000,0,0.00000000,36181,36170,55,0.00334178
1773322853.56519008,0.03090678,6249,0.00064322,0.00000000,0,0.00000000,36170,36179,54,0.00165386
1773322853.66514850,0.03691422,6271,0.00045881,0.00000000,0,0.00000000,36179,36195,48,0.00274380
1773322853.76517963,0.01848553,6286,0.00074433,0.00000000,0,0.00000000,36195,36208,50,0.00191728
1773322853.86512399,0.02529639,6270,0.00062945,0.00000000,0,0.00000000,36208,36211,45,0.00209899
1773322853.96502733,0.03806314,6297,0.00025457,0.00000000,0,0.00000000,36211,36232,52,0.00591903
1773322854.06500602,0.02299798,6291,0.00031956,0.00000000,0,0.00000000,36232,36244,61,0.00298997
1773322854.16497588,0.02543216,6264,0.00022576,0.00000000,0,0.00000000,36244,36257,41,0.00291948
1773322854.26497364,0.02196901,6253,0.00020063,0.00000000,0,0.00000000,36257,36263,47,0.00154149
1773322854.36489439,0.02337393,6286,0.00014155,0.00000000,0,0.00000000,36263,36257,43,0.00094756
1773322854.46483755,0.02113260,6292,0.00015424,0.00000000,0,0.00000000,36257,36262,51,0.00284563
1773322854.56494808,0.02108609,6230,0.00027745,0.00000000,0,0.00000000,36262,36212,60,0.00125388
1773322854.66480923,0.04231123,6264,0.00030984,0.00000000,0,0.00000000,36212,36202,44,0.00083123
1773322854.76474237,0.04281176,6295,0.00075223,0.00000000,0,0.00000000,36202,36207,40,0.00137883
1773322854.86475134,0.03916579,6264,0.00056340,0.00000000,0,0.00000000,36207,36220,43,0.00120828
1773322854.96473312,0.03640289,6196,0.00081601,0.00000000,0,0.00000000,36220,36238,42,0.00137274
1773322855.06473923,0.03308439,6138,0.00055616,0.00000000,0,0.00000000,36238,36245,43,0.00271574
1773322855.16467619,0.02719057,6036,0.00076519,0.00000000,0,0.00000000,36245,36248,48,0.00126654
1773322855.26471615,0.02745175,5923,0.00012764,0.00000000,0,0.00000000,36248,36258,31,0.00099945
1773322855.36472225,0.02506374,5866,0.00020141,0.00000000,0,0.00000000,36258,36276,41,0.00161725
1773322855.46465588,0.02634856,5750,0.00038721,0.00000000,0,0.00000000,36276,36287,41,0.00204561
1773322855.56477404,0.02216824,5706,0.00014955,0.00000000,0,0.00000000,36287,36281,39,0.00251291
1773322855.66464615,0.01162795,5631,0.00015252,0.00000000,0,0.00000000,36281,36271,37,0.00307484
1773322855.76450467,0.01187580,5631,0.00010467,0.00000000,0,0.00000000,36271,36273,22,0.00271528
1773322855.86456251,0.01320102,5660,0.00097917,0.00000000,0,0.00000000,36273,36294,218,0.00199509
1773322855.96452069,0.01712270,5715,0.00037139,0.00000000,0,0.00000000,36294,36303,34,0.00256026
1773322856.06461167,0.03199564,5682,0.00119823,0.00000000,0,0.00000000,36303,36306,31,0.00096275
1773322856.16455317,0.01136789,5688,0.00012407,0.00000000,0,0.00000000,36306,36269,24,0.00282921
1773322856.26455355,0.01136509,5749,0.00016216,0.00000000,0,0.00000000,36269,36263,28,0.00086689
1773322856.36447024,0.01927041,5741,0.00011389,0.00000000,0,0.00000000,36263,36269,28,0.00098175
1773322856.46443462,0.01226504,5848,0.00011532,0.00000000,0,0.00000000,36269,36269,19,0.00210880
1773322856.56452942,0.01243994,5794,0.00006371,0.00000000,0,0.00000000,36269,36267,15,0.00376111
1773322856.66444898,0.02331470,5897,0.00034116,0.00000000,0,0.00000000,36267,36264,30,0.00150523
1773322856.76453137,0.02427579,5886,0.00052397,0.00000000,0,0.00000000,36264,36271,33,0.00188742
1773322856.86451006,0.02417849,5993,0.00038219,0.00000000,0,0.00000000,36271,36285,33,0.00234961
1773322856.96454287,0.02484329,5966,0.00030166,0.00000000,0,0.00000000,36285,36296,24,0.00201960
1773322857.06445813,0.02449162,5989,0.00035247,0.00000000,0,0.00000000,36296,36304,29,0.00261974
1773322857.16450763,0.01917444,6006,0.00039444,0.00000000,0,0.00000000,36304,36310,30,0.00262888
1773322857.26452684,0.02151536,6018,0.00007336,0.00000000,0,0.00000000,36310,36321,26,0.00155788
1773322857.36440611,0.02621275,6101,0.00019129,0.00000000,0,0.00000000,36321,36316,28,0.00084157
1773322857.46487308,0.02889380,6049,0.00056938,0.00000000,0,0.00000000,36316,36318,43,0.00286550
1773322857.56489611,0.02524188,6076,0.00025271,0.00000000,0,0.00000000,36318,36278,35,0.00263300
1773322857.66486692,0.02085209,6031,0.00029184,0.00000000,0,0.00000000,36278,36289,34,0.00369137
1773322857.76489830,0.02336976,6067,0.00070127,0.00000000,0,0.00000000,36289,36291,49,0.00262681
1773322857.86443472,0.03237883,6099,0.00032341,0.00000000,0,0.00000000,36291,36282,62,0.00319130
1773322857.96441150,0.02051165,6130,0.00014281,0.00000000,0,0.00000000,36282,36294,39,0.00265500
1773322858.06479645,0.02011793,6154,0.00018412,0.00000000,0,0.00000000,36294,36269,38,0.00299618
1773322858.16582847,0.01675401,6102,0.00013557,0.00000000,0,0.00000000,36269,36272,39,0.00128155
1773322858.26433992,0.02322845,6198,0.00021326,0.00000000,0,0.00000000,36272,36279,46,0.00134850
1773322858.36595535,0.01946512,6146,0.00026092,0.00000000,0,0.00000000,36279,36252,44,0.00106073
1773322858.46482015,0.03724036,6133,0.00078543,0.00000000,0,0.00000000,36252,36236,52,0.00099053
1773322858.56580591,0.03398599,6090,0.00045855,0.00000000,0,0.00000000,36236,36235,38,0.00233061
1773322858.66474533,0.03200076,6094,0.00072787,0.00000000,0,0.00000000,36235,36262,62,0.00123281
1773322858.76570749,0.03165742,6109,0.00018891,0.00000000,0,0.00000000,36262,36288,48,0.00162900
1773322858.86467552,0.03556953,6080,0.00042281,0.00000000,0,0.00000000,36288,36307,54,0.00127024
1773322858.96560979,0.03668772,6097,0.00054295,0.00000000,0,0.00000000,36307,36320,44,0.00156484
1773322859.06468678,0.03446075,6123,0.00085238,0.00000000,0,0.00000000,36320,36287,61,0.00364873
1773322859.16556215,0.03039389,6078,0.00052200,0.00000000,0,0.00000000,36287,36303,44,0.00224487
1773322859.26463318,0.03025209,6120,0.00063249,0.00000000,0,0.00000000,36303,36318,45,0.00344530
1773322859.36463499,0.02350264,6094,0.00057030,0.00000000,0,0.00000000,36318,36315,44,0.00222946
1773322859.46472883,0.03643820,6145,0.00061816,0.00000000,0,0.00000000,36315,36324,50,0.00108140
1773322859.56563973,0.03341667,6083,0.00014663,0.00000000,0,0.00000000,36324,36331,43,0.00168046
1773322859.66444564,0.02190401,6012,0.00019648,0.00000000,0,0.00000000,36331,36341,36,0.00208867
1773322859.76446986,0.02132502,6070,0.00015916,0.00000000,0,0.00000000,36341,36350,40,0.00271163
1773322859.86446643,0.03234626,5936,0.00059439,0.00000000,0,0.00000000,36350,36343,41,0.00250252
1773322859.96424317,0.01990619,6032,0.00020064,0.00000000,0,0.00000000,36343,36347,47,0.00272089
1773322860.06539059,0.01850431,5956,0.00017934,0.00000000,0,0.00000000,36347,36324,54,0.00207844
1773322860.16546774,0.01684614,6027,0.00018872,0.00000000,0,0.00000000,36324,36334,28,0.00110403
1773322860.26547050,0.02165498,5967,0.00017673,0.00000000,0,0.00000000,36334,36346,46,0.00088400
1773322860.36542487,0.01949635,5947,0.00008362,0.00000000,0,0.00000000,36346,36342,28,0.00203896
1773322860.46537519,0.01877784,6068,0.00015249,0.00000000,0,0.00000000,36342,36353,50,0.00104706
1773322860.56546235,0.02529153,5940,0.00046339,0.00000000,0,0.00000000,36353,36360,33,0.00104301
1773322860.66529036,0.02990642,6073,0.00123637,0.00000000,0,0.00000000,36360,36366,38,0.00144508
1773322860.76541615,0.02515140,6006,0.00016421,0.00000000,0,0.00000000,36366,36348,39,0.00219767
1773322860.86538529,0.03755832,6048,0.00093294,0.00000000,0,0.00000000,36348,36361,46,0.00097477
1773322860.96539450,0.03088416,5989,0.00048923,0.00000000,0,0.00000000,36361,36372,35,0.00142722
1773322861.06523418,0.03208245,6053,0.00062806,0.00000000,0,0.00000000,36372,36346,33,0.00342007
1773322861.16523004,0.02596697,5993,0.00054331,0.00000000,0,0.00000000,36346,36342,43,0.00191535
1773322861.26518774,0.02814753,6074,0.00045008,0.00000000,0,0.00000000,36342,36339,34,0.00231231
1773322861.36554575,0.02489541,6009,0.00044229,0.00000000,0,0.00000000,36339,36348,38,0.00110623
1773322861.46522379,0.02634666,6056,0.00023759,0.00000000,0,0.00000000,36348,36351,24,0.00111784
1773322861.56523037,0.03501870,6001,0.00054425,0.00000000,0,0.00000000,36351,36361,46,0.00256905
1773322861.66522026,0.02459145,6086,0.00026167,0.00000000,0,0.00000000,36361,36339,48,0.00297446
1773322861.76519871,0.02136292,6068,0.00046849,0.00000000,0,0.00000000,36339,36288,41,0.00232851
1773322861.86520672,0.03032088,6104,0.00050820,0.00000000,0,0.00000000,36288,36294,49,0.00318834
1773322861.96517372,0.03019039,6031,0.00014453,0.00000000,0,0.00000000,36294,36288,35,0.00254386
1773322862.06500888,0.02479863,6042,0.00020711,0.00000000,0,0.00000000,36288,36299,36,0.00182202
1773322862.16503119,0.01765215,6066,0.00013248,0.00000000,0,0.00000000,36299,36310,47,0.00348931
1773322862.26510739,0.01696101,6006,0.00010370,0.00000000,0,0.00000000,36310,36326,36,0.00103373
1773322862.36498976,0.01536605,6095,0.00011738,0.00000000,0,0.00000000,36326,36322,34,0.00116839
1773322862.46494269,0.01914778,6056,0.00027768,0.00000000,0,0.00000000,36322,36290,47,0.00156259
1773322862.56491017,0.02052004,6081,0.00042307,0.00000000,0,0.00000000,36290,36305,37,0.00093288
1773322862.66493034,0.03397445,6060,0.00062462,0.00000000,0,0.00000000,36305,36330,49,0.00105675
1773322862.76490760,0.03061463,6079,0.00041514,0.00000000,0,0.00000000,36330,36339,32,0.00131074
1773322862.86493874,0.02912162,6029,0.00020452,0.00000000,0,0.00000000,36339,36352,48,0.00077401
1773322862.96476889,0.03088377,6107,0.00045279,0.00000000,0,0.00000000,36352,36352,45,0.00130230
1773322863.06478739,0.03326012,6078,0.00010310,0.00000000,0,0.00000000,36352,36362,24,0.00246726
1773322863.16473675,0.03426269,6183,0.00043444,0.00000000,0,0.00000000,36362,36373,28,0.00216480
1773322863.26481390,0.03266943,6091,0.00042473,0.00000000,0,0.00000000,36373,36376,41,0.00290894
1773322863.36467457,0.02877841,6156,0.00038752,0.00000000,0,0.00000000,36376,36381,32,0.00258963
1773322863.46473145,0.02947495,6160,0.00029529,0.00000000,0,0.00000000,36381,36371,36,0.00318372
1773322863.56476521,0.02915306,6111,0.00056645,0.00000000,0,0.00000000,36371,36381,41,0.00325694
1773322863.66464496,0.02513949,6154,0.00063667,0.00000000,0,0.00000000,36381,36346,46,0.00128583
1773322863.76464438,0.02989373,6118,0.00024027,0.00000000,0,0.00000000,36346,36360,38,0.00212853
1773322863.86455941,0.02023804,6157,0.00055129,0.00000000,0,0.00000000,36360,36353,34,0.00231339
1773322863.96451902,0.03233516,6135,0.00076716,0.00000000,0,0.00000000,36353,36346,33,0.00235058
1773322864.06450295,0.01703545,6176,0.00049210,0.00000000,0,0.00000000,36346,36341,29,0.00250798
1773322864.16527247,0.03153612,6083,0.00016475,0.00000000,0,0.00000000,36341,36349,29,0.00315775
1773322864.26458836,0.03320782,6177,0.00043042,0.00000000,0,0.00000000,36349,36363,44,0.00346121
1773322864.36446524,0.03021507,6156,0.00057661,0.00000000,0,0.00000000,36363,36378,46,0.00199895
1773322864.46517420,0.02835076,6086,0.00055965,0.00000000,0,0.00000000,36378,36374,43,0.00168233
1773322864.56439185,0.02429558,6116,0.00060536,0.00000000,0,0.00000000,36374,36372,30,0.00175050
1773322864.66437602,0.02444498,6060,0.00036795,0.00000000,0,0.00000000,36372,36385,40,0.00168037
1773322864.76442957,0.03226374,6128,0.00022151,0.00000000,0,0.00000000,36385,36371,47,0.00195594
1773322864.86443448,0.03195558,6048,0.00055531,0.00000000,0,0.00000000,36371,36387,44,0.00161033
1773322864.96431470,0.03256810,6127,0.00040487,0.00000000,0,0.00000000,36387,36391,36,0.00190071
1773322865.06440806,0.03156733,6077,0.00033824,0.00000000,0,0.00000000,36391,36392,27,0.00258286
1773322865.16445374,0.02921962,6103,0.00063830,0.00000000,0,0.00000000,36392,36393,33,0.00229145
1773322865.26441979,0.02866964,6059,0.00078106,0.00000000,0,0.00000000,36393,36385,41,0.00223183
1773322865.36492109,0.02462111,6061,0.00045875,0.00000000,0,0.00000000,36385,36401,43,0.00253256
1773322865.46491051,0.02507851,6047,0.00037090,0.00000000,0,0.00000000,36401,36404,35,0.00084172
1773322865.56435227,0.03927776,6047,0.00069705,0.00000000,0,0.00000000,36404,36403,40,0.00178962
1773322865.66487384,0.02344805,6076,0.00072318,0.00000000,0,0.00000000,36403,36411,40,0.00190203
1773322865.76487088,0.01940603,6040,0.00015888,0.00000000,0,0.00000000,36411,36422,36,0.00178658
1773322865.86444068,0.02933502,6089,0.00035899,0.00000000,0,0.00000000,36422,36429,34,0.00209331
1773322865.96486378,0.03312142,6016,0.00016787,0.00000000,0,0.00000000,36429,36438,32,0.00295112
1773322866.06479669,0.02381752,6088,0.00011944,0.00000000,0,0.00000000,36438,36438,33,0.00170854
1773322866.16482806,0.01811816,6053,0.00015777,0.00000000,0,0.00000000,36438,36448,37,0.00144939
1773322866.26476002,0.01516084,6129,0.00015988,0.00000000,0,0.00000000,36448,36461,40,0.00086315
1773322866.36475086,0.01512644,6087,0.00010944,0.00000000,0,0.00000000,36461,36467,35,0.00118704
1773322866.46571875,0.01381621,6149,0.00018761,0.00000000,0,0.00000000,36467,36477,41,0.00134551
1773322866.56571794,0.01464506,6090,0.00010046,0.00000000,0,0.00000000,36477,36468,30,0.00083901
1773322866.66485023,0.02025047,6156,0.00012585,0.00000000,0,0.00000000,36468,36477,31,0.00188555
1773322866.76558805,0.02768506,6113,0.00031776,0.00000000,0,0.00000000,36477,36483,33,0.00090262
1773322866.86567545,0.01707565,6172,0.00010315,0.00000000,0,0.00000000,36483,36489,28,0.00135113
1773322866.96497655,0.01702945,6109,0.00008397,0.00000000,0,0.00000000,36489,36500,27,0.00174857
1773322867.06553316,0.01602808,6131,0.00024557,0.00000000,0,0.00000000,36500,36513,48,0.00123672
1773322867.16553044,0.01819319,6147,0.00019225,0.00000000,0,0.00000000,36513,36492,46,0.00099491
1773322867.26551223,0.01583718,6163,0.00013076,0.00000000,0,0.00000000,36492,36503,36,0.00125849
1773322867.36547279,0.02807959,6172,0.00026602,0.00000000,0,0.00000000,36503,36481,42,0.00196222
1773322867.46548605,0.02601111,6160,0.00015496,0.00000000,0,0.00000000,36481,36487,38,0.00090511
1773322867.56548238,0.02753850,6135,0.00092883,0.00000000,0,0.00000000,36487,36452,46,0.00115444
1773322867.66548038,0.02326024,6155,0.00030440,0.00000000,0,0.00000000,36452,36433,62,0.00135049
1773322867.76544023,0.01994441,6157,0.00040403,0.00000000,0,0.00000000,36433,36448,62,0.00194973
1773322867.86544108,0.01380586,6082,0.00017887,0.00000000,0,0.00000000,36448,36455,42,0.00383427
1773322867.96549582,0.02486593,6163,0.00042225,0.00000000,0,0.00000000,36455,36450,26,0.00319046
1773322868.06538415,0.02025470,6096,0.00018492,0.00000000,0,0.00000000,36450,36446,45,0.00297127
1773322868.16541719,0.01526289,6191,0.00009724,0.00000000,0,0.00000000,36446,36454,30,0.00236589
1773322868.26538563,0.01214049,6091,0.00024003,0.00000000,0,0.00000000,36454,36465,30,0.00082783
1773322868.36521935,0.01372109,6139,0.00007546,0.00000000,0,0.00000000,36465,36477,28,0.00134249
1773322868.46524572,0.01189771,6135,0.00007963,0.00000000,0,0.00000000,36477,36492,30,0.00293869
1773322868.56538296,0.01242594,6111,0.00013353,0.00000000,0,0.00000000,36492,36473,29,0.00172611
1773322868.66526103,0.02167985,6139,0.00032681,0.00000000,0,0.00000000,36473,36468,21,0.00096688
1773322868.76540160,0.02009546,6089,0.00027785,0.00000000,0,0.00000000,36468,36470,21,0.00239248
1773322868.86692047,0.01956862,6136,0.00032443,0.00000000,0,0.00000000,36470,36473,32,0.00100874
1773322868.96532893,0.01752118,6088,0.00025848,0.00000000,0,0.00000000,36473,36471,25,0.00149998
1773322869.06516910,0.01599708,6147,0.00017294,0.00000000,0,0.00000000,36471,36479,21,0.00144259
1773322869.16534805,0.01381535,6089,0.00004835,0.00000000,0,0.00000000,36479,36480,19,0.00155147
1773322869.26499391,0.02492531,6137,0.00018873,0.00000000,0,0.00000000,36480,36479,31,0.00135671
1773322869.36499429,0.03067390,6114,0.00054098,0.00000000,0,0.00000000,36479,36485,30,0.00155499
1773322869.46494651,0.01789953,6118,0.00029703,0.00000000,0,0.00000000,36485,36495,22,0.00236795
1773322869.56513691,0.03021602,6110,0.00024221,0.00000000,0,0.00000000,36495,36504,28,0.00255965
1773322869.66509891,0.02215336,6063,0.00013489,0.00000000,0,0.00000000,36504,36492,28,0.00363883
1773322869.76510787,0.01284428,6063,0.00006211,0.00000000,0,0.00000000,36492,36500,24,0.00409250
1773322869.86506462,0.01643191,6053,0.00057220,0.00000000,0,0.00000000,36500,36508,89,0.00358279
1773322869.96501899,0.01347512,6150,0.00011486,0.00000000,0,0.00000000,36508,36521,28,0.00235211
1773322870.06502008,0.01817310,6102,0.00043561,0.00000000,0,0.00000000,36521,36515,28,0.00203678
1773322870.16500425,0.02376545,6154,0.00052355,0.00000000,0,0.00000000,36515,36516,39,0.00312710
1773322870.26497173,0.01354222,6115,0.00013926,0.00000000,0,0.00000000,36516,36510,29,0.00375716
1773322870.36494493,0.01274536,6133,0.00007449,0.00000000,0,0.00000000,36510,36511,22,0.00351825
1773322870.46506095,0.01189768,6087,0.00012614,0.00000000,0,0.00000000,36511,36505,26,0.00095450
1773322870.56487894,0.01325072,6108,0.00013976,0.00000000,0,0.00000000,36505,36481,26,0.00225638
1773322870.66487384,0.01086791,6079,0.00012970,0.00000000,0,0.00000000,36481,36472,24,0.00112907
1773322870.76484013,0.01831316,6061,0.00010655,0.00000000,0,0.00000000,36472,36471,31,0.00169296
1773322870.86488414,0.01986716,6039,0.00011312,0.00000000,0,0.00000000,36471,36473,28,0.00108684
1773322870.96484566,0.01995768,6040,0.00030380,0.00000000,0,0.00000000,36473,36477,24,0.00087478
1773322871.06488037,0.01911296,5953,0.00025462,0.00000000,0,0.00000000,36477,36481,21,0.00105757
1773322871.16483378,0.02236286,5889,0.00040355,0.00000000,0,0.00000000,36481,36487,31,0.00248756
1773322871.26465130,0.02109634,5894,0.00048021,0.00000000,0,0.00000000,36487,36489,26,0.00267947
1773322871.36472321,0.02025195,5912,0.00053450,0.00000000,0,0.00000000,36489,36397,22,0.00294575
1773322871.46473145,0.01581946,5883,0.00007016,0.00000000,0,0.00000000,36397,36402,21,0.00118496
1773322871.56458139,0.02039909,5938,0.00035478,0.00000000,0,0.00000000,36402,36404,28,0.00319081
1773322871.66472816,0.02045310,5864,0.00043947,0.00000000,0,0.00000000,36404,36396,23,0.00108217
1773322871.76459599,0.01268639,5849,0.00008332,0.00000000,0,0.00000000,36396,36406,24,0.00335380
1773322871.86450696,0.01415686,5849,0.00006891,0.00000000,0,0.00000000,36406,36413,23,0.00254501
1773322871.96453166,0.02223311,5867,0.00029443,0.00000000,0,0.00000000,36413,36401,21,0.00206048
1773322872.06458449,0.01253042,5659,0.00007498,0.00000000,0,0.00000000,36401,36409,21,0.00170465
1773322872.16448212,0.01378509,5429,0.00005417,0.00000000,0,0.00000000,36409,36415,24,0.00259315
1773322872.26448464,0.01390527,5199,0.00025806,0.00000000,0,0.00000000,36415,36360,31,0.00233972
1773322872.36443543,0.01432659,4886,0.00021153,0.00000000,0,0.00000000,36360,36340,30,0.00163763
1773322872.46448779,0.00960281,4714,0.00013140,0.00000000,0,0.00000000,36340,36341,26,0.00167136
1773322872.56446409,0.01259810,4405,0.00009917,0.00000000,0,0.00000000,36341,36349,30,0.00147242
1773322872.66442275,0.01963945,4242,0.00037259,0.00000000,0,0.00000000,36349,36351,27,0.00098551
1773322872.76459050,0.02559031,4118,0.00045382,0.00000000,0,0.00000000,36351,36353,27,0.00132992
1773322872.86448646,0.02161863,3975,0.00029752,0.00000000,0,0.00000000,36353,36351,24,0.00088072
1773322872.96455288,0.01474012,3857,0.00032896,0.00000000,0,0.00000000,36351,36367,28,0.00136324
1773322873.06449533,0.01394583,3759,0.00026074,0.00000000,0,0.00000000,36367,36372,21,0.00197286
1773322873.16455293,0.01771166,3715,0.00049109,0.00000000,0,0.00000000,36372,36390,41,0.00299310
1773322873.26451278,0.01566598,3775,0.00016447,0.00000000,0,0.00000000,36390,36391,38,0.00215841
1773322873.36505032,0.01793102,3715,0.00015699,0.00000000,0,0.00000000,36391,36395,34,0.00261670
1773322873.46484947,0.02263288,3781,0.00038716,0.00000000,0,0.00000000,36395,36395,20,0.00142394
1773322873.56441808,0.01907600,3823,0.00028456,0.00000000,0,0.00000000,36395,36399,25,0.00159239
1773322873.66460395,0.02216483,3862,0.00034091,0.00000000,0,0.00000000,36399,36396,24,0.00301451
1773322873.76453257,0.01255697,3997,0.00074479,0.00000000,0,0.00000000,36396,36401,29,0.00312014
1773322873.86477947,0.01145792,4170,0.00005929,0.00000000,0,0.00000000,36401,36410,19,0.00164115
1773322873.96500444,0.01832396,4247,0.00042479,0.00000000,0,0.00000000,36410,36392,27,0.00207492
1773322874.06482244,0.01201045,4446,0.00019420,0.00000000,0,0.00000000,36392,36400,34,0.00170600
1773322874.16473436,0.01384949,4833,0.00010667,0.00000000,0,0.00000000,36400,36409,33,0.00342554
1773322874.26581931,0.01409919,5075,0.00016750,0.00000000,0,0.00000000,36409,36411,28,0.00282343
1773322874.36479735,0.01178178,5356,0.00018483,0.00000000,0,0.00000000,36411,36402,34,0.00121875
1773322874.46584702,0.00927882,5485,0.00019688,0.00000000,0,0.00000000,36402,36418,35,0.00209616
1773322874.56474566,0.02040530,5610,0.00028117,0.00000000,0,0.00000000,36418,36420,31,0.00207247
1773322874.66480589,0.01921505,5759,0.00058688,0.00000000,0,0.00000000,36420,36417,35,0.00089524
1773322874.76489949,0.02090162,5880,0.00033573,0.00000000,0,0.00000000,36417,36423,30,0.00112217
1773322874.86487174,0.02167833,5873,0.00039908,0.00000000,0,0.00000000,36423,36427,32,0.00113336
1773322874.96566868,0.02159460,5966,0.00035074,0.00000000,0,0.00000000,36427,36435,26,0.00310886
1773322875.06567907,0.02224331,5977,0.00071254,0.00000000,0,0.00000000,36435,36423,31,0.00255520
1773322875.16579151,0.02448257,6055,0.00087034,0.00000000,0,0.00000000,36423,36414,36,0.00274151
1773322875.26577044,0.01561732,6088,0.00007153,0.00000000,0,0.00000000,36414,36428,28,0.00208486
1773322875.36569285,0.01695011,6128,0.00008774,0.00000000,0,0.00000000,36428,36426,26,0.00236782
1773322875.46567321,0.01891482,6149,0.00042424,0.00000000,0,0.00000000,36426,36425,27,0.00079110
1773322875.56565857,0.01964732,6165,0.00031304,0.00000000,0,0.00000000,36425,36430,28,0.00149167
1773322875.66555572,0.02423374,6223,0.00026914,0.00000000,0,0.00000000,36430,36428,26,0.00200553
1773322875.76585340,0.01572699,6183,0.00015872,0.00000000,0,0.00000000,36428,36437,30,0.00277786
1773322875.86544538,0.01530924,6193,0.00053838,0.00000000,0,0.00000000,36437,36414,31,0.00357575
1773322875.96552610,0.01431226,6158,0.00028979,0.00000000,0,0.00000000,36414,36412,21,0.00287441
1773322876.06551790,0.01373511,6217,0.00008264,0.00000000,0,0.00000000,36412,36423,32,0.00341519
1773322876.16546321,0.01509535,6139,0.00015070,0.00000000,0,0.00000000,36423,36417,26,0.00184033
1773322876.26538324,0.01345608,6227,0.00008723,0.00000000,0,0.00000000,36417,36417,27,0.00144975
1773322876.36554456,0.01311543,6122,0.00007216,0.00000000,0,0.00000000,36417,36422,26,0.00120468
1773322876.46550894,0.01278960,6155,0.00013026,0.00000000,0,0.00000000,36422,36432,37,0.00135452
1773322876.56545663,0.01933700,6137,0.00022887,0.00000000,0,0.00000000,36432,36436,27,0.00161641
1773322876.66551161,0.02293403,6180,0.00039974,0.00000000,0,0.00000000,36436,36440,24,0.00092321
1773322876.76545334,0.02484350,6150,0.00025516,0.00000000,0,0.00000000,36440,36443,26,0.00195898
1773322876.86542344,0.01560650,6150,0.00008294,0.00000000,0,0.00000000,36443,36445,23,0.00093019
1773322876.96541905,0.02048053,6152,0.00327973,0.00000000,0,0.00000000,36445,36529,348,0.00223783
1773322877.06536055,0.02594331,6187,0.00055527,0.00000000,0,0.00000000,36529,36522,34,0.00207313
1773322877.16549826,0.01681634,6193,0.00015792,0.00000000,0,0.00000000,36522,36513,38,0.00255913
1773322877.26546597,0.01834757,6144,0.00065457,0.00000000,0,0.00000000,36513,36509,43,0.00235987
1773322877.36546159,0.02137195,6157,0.00012414,0.00000000,0,0.00000000,36509,36512,26,0.00165620
1773322877.46534586,0.01383757,6101,0.00009159,0.00000000,0,0.00000000,36512,36515,27,0.00260551
1773322877.56548119,0.01463825,6110,0.00010475,0.00000000,0,0.00000000,36515,36511,29,0.00143102
1773322877.66527963,0.01396722,6075,0.00013019,0.00000000,0,0.00000000,36511,36521,31,0.00086311
1773322877.76527524,0.01569474,6142,0.00013358,0.00000000,0,0.00000000,36521,36534,28,0.00086548
1773322877.86518073,0.01465067,6079,0.00013215,0.00000000,0,0.00000000,36534,36519,29,0.00081035
1773322877.96520066,0.01328857,6105,0.00008545,0.00000000,0,0.00000000,36519,36520,20,0.00090495
1773322878.06511045,0.01511946,6128,0.00019549,0.00000000,0,0.00000000,36520,36526,28,0.00120984
1773322878.16525602,0.01520081,6150,0.00013647,0.00000000,0,0.00000000,36526,36534,29,0.00099824
1773322878.26515913,0.01374351,6117,0.00008780,0.00000000,0,0.00000000,36534,36537,26,0.00210347
1773322878.36514378,0.01372855,6107,0.00010831,0.00000000,0,0.00000000,36537,36550,28,0.00141443
1773322878.46517992,0.01260716,6042,0.00014068,0.00000000,0,0.00000000,36550,36556,22,0.00098734
1773322878.56510806,0.01533596,6018,0.00014043,0.00000000,0,0.00000000,36556,36553,26,0.00094085
1773322878.66502619,0.01519564,6038,0.00078869,0.00000000,0,0.00000000,36553,36523,29,0.00204359
1773322878.76493335,0.01372276,5941,0.00027383,0.00000000,0,0.00000000,36523,36485,36,0.00082676
1773322878.86499548,0.02141614,6067,0.00027699,0.00000000,0,0.00000000,36485,36486,23,0.00078661
1773322878.96505237,0.02486354,6011,0.00030352,0.00000000,0,0.00000000,36486,36488,25,0.00084075
1773322879.06494904,0.02399624,6070,0.00033619,0.00000000,0,0.00000000,36488,36497,28,0.00295512
1773322879.16486692,0.02332040,6150,0.00034141,0.00000000,0,0.00000000,36497,36505,32,0.00124959
1773322879.26491284,0.02108876,6158,0.00023662,0.00000000,0,0.00000000,36505,36512,23,0.00088429
1773322879.36490726,0.02085789,6183,0.00020046,0.00000000,0,0.00000000,36512,36517,31,0.00136477
1773322879.46472383,0.02298706,6270,0.00063557,0.00000000,0,0.00000000,36517,36485,31,0.00194163
1773322879.56475282,0.02697371,6292,0.00040683,0.00000000,0,0.00000000,36485,36488,29,0.00119717
1773322879.66483212,0.02008651,6351,0.00020368,0.00000000,0,0.00000000,36488,36503,37,0.00186841
1773322879.76485562,0.01503689,6319,0.00023490,0.00000000,0,0.00000000,36503,36508,35,0.00222792
1773322879.86469817,0.02062431,6353,0.00029010,0.00000000,0,0.00000000,36508,36505,28,0.00312070
1773322879.96462750,0.02894190,6373,0.00071344,0.00000000,0,0.00000000,36505,36501,36,0.00197359
1773322880.06472254,0.01593703,6359,0.00009694,0.00000000,0,0.00000000,36501,36519,30,0.00187682
1773322880.16467595,0.01728816,6316,0.00007997,0.00000000,0,0.00000000,36519,36522,20,0.00254209
1773322880.26458120,0.01488666,6298,0.00006211,0.00000000,0,0.00000000,36522,36523,16,0.00117454
1773322880.36459732,0.01418335,6266,0.00009165,0.00000000,0,0.00000000,36523,36523,30,0.00129941
1773322880.46458101,0.01226539,6228,0.00007053,0.00000000,0,0.00000000,36523,36532,26,0.00283414
1773322880.56457472,0.02046683,6250,0.00040991,0.00000000,0,0.00000000,36532,36523,32,0.00088728
1773322880.66456413,0.03437916,6183,0.00019392,0.00000000,0,0.00000000,36523,36526,17,0.00083232
1773322880.76449513,0.02912107,6152,0.00032526,0.00000000,0,0.00000000,36526,36524,26,0.00117686
1773322880.86453605,0.01826632,6143,0.00008540,0.00000000,0,0.00000000,36524,36532,25,0.00085018
1773322880.96452117,0.01743906,6091,0.00009083,0.00000000,0,0.00000000,36532,36537,21,0.00122001
1773322881.06473899,0.02046230,6087,0.00033647,0.00000000,0,0.00000000,36537,36540,25,0.00290254
1773322881.16498065,0.02137290,6096,0.00015889,0.00000000,0,0.00000000,36540,36533,28,0.00268924
1773322881.26526284,0.01959290,6014,0.00013789,0.00000000,0,0.00000000,36533,36546,26,0.00305211
1773322881.36549211,0.02177033,6062,0.00022952,0.00000000,0,0.00000000,36546,36552,30,0.00247036
1773322881.46623850,0.02665867,6046,0.00016345,0.00000000,0,0.00000000,36552,36562,28,0.00303177
1773322881.56544566,0.01365029,6118,0.00013143,0.00000000,0,0.00000000,36562,36562,25,0.00171548
1773322881.66456795,0.01430587,6156,0.00015076,0.00000000,0,0.00000000,36562,36571,21,0.00203849
1773322881.76490784,0.01362361,6210,0.00014737,0.00000000,0,0.00000000,36571,36572,29,0.00171398
1773322881.86531186,0.02050259,6196,0.00036092,0.00000000,0,0.00000000,36572,36573,30,0.00197826
1773322881.96540809,0.01793418,6154,0.00012046,0.00000000,0,0.00000000,36573,36568,34,0.00319507
1773322882.06471038,0.01345692,6193,0.00013806,0.00000000,0,0.00000000,36568,36575,33,0.00356981
1773322882.16458845,0.01422547,6229,0.00007550,0.00000000,0,0.00000000,36575,36575,21,0.00329912
1773322882.26475120,0.01457333,6213,0.00006600,0.00000000,0,0.00000000,36575,36572,29,0.00120223
1773322882.36489439,0.01568554,6229,0.00015976,0.00000000,0,0.00000000,36572,36574,37,0.00246272
1773322882.46519732,0.03175303,6177,0.00035047,0.00000000,0,0.00000000,36574,36576,35,0.00079615
1773322882.56445432,0.02725043,6215,0.00040765,0.00000000,0,0.00000000,36576,36583,23,0.00097994
1773322882.66568160,0.02573325,6106,0.00115880,0.00000000,0,0.00000000,36583,36586,32,0.00088486
1773322882.76464891,0.02611274,6167,0.00043103,0.00000000,0,0.00000000,36586,36581,33,0.00094685
1773322882.86450934,0.01864790,6180,0.00040404,0.00000000,0,0.00000000,36581,36586,35,0.00210813
1773322882.96493483,0.02005509,6210,0.00045586,0.00000000,0,0.00000000,36586,36582,32,0.00126018
1773322883.06518459,0.01721242,6210,0.00026036,0.00000000,0,0.00000000,36582,36590,27,0.00172323
1773322883.16560102,0.01879798,6214,0.00037775,0.00000000,0,0.00000000,36590,36594,26,0.00104061
1773322883.26566482,0.01689096,6208,0.00005053,0.00000000,0,0.00000000,36594,36600,20,0.00124400
1773322883.36483121,0.02150296,6209,0.00030020,0.00000000,0,0.00000000,36600,36596,34,0.00143689
1773322883.46443343,0.02872598,6300,0.00037300,0.00000000,0,0.00000000,36596,36592,25,0.00171696
1773322883.56494856,0.02470389,6269,0.00041994,0.00000000,0,0.00000000,36592,36567,29,0.00193054
1773322883.66517186,0.01590954,6298,0.00009037,0.00000000,0,0.00000000,36567,36566,19,0.00235900
1773322883.76555681,0.01704778,6263,0.00010571,0.00000000,0,0.00000000,36566,36574,25,0.00238429
1773322883.86570954,0.01740263,6252,0.00018962,0.00000000,0,0.00000000,36574,36588,28,0.00240248
1773322883.96451068,0.02510945,6261,0.00040166,0.00000000,0,0.00000000,36588,36595,28,0.00170471
1773322884.06449914,0.01891072,6365,0.00013464,0.00000000,0,0.00000000,36595,36587,27,0.00285761
1773322884.16495013,0.01612307,6317,0.00009533,0.00000000,0,0.00000000,36587,36600,32,0.00129144
1773322884.26528215,0.01754973,6301,0.00011159,0.00000000,0,0.00000000,36600,36605,21,0.00093542
1773322884.36560011,0.01549989,6239,0.00009850,0.00000000,0,0.00000000,36605,36614,41,0.00098478
1773322884.46561837,0.01786226,6217,0.00018989,0.00000000,0,0.00000000,36614,36597,31,0.00156651
1773322884.56475282,0.02415251,6199,0.00032235,0.00000000,0,0.00000000,36597,36602,19,0.00080515
1773322884.66448092,0.02205921,6227,0.00035876,0.00000000,0,0.00000000,36602,36614,30,0.00087536
1773322884.76459908,0.02920086,6286,0.00040273,0.00000000,0,0.00000000,36614,36630,31,0.00121634
1773322884.86504459,0.02574946,6261,0.00006238,0.00000000,0,0.00000000,36630,36632,22,0.00111828
1773322884.96528649,0.02833666,6232,0.00040493,0.00000000,0,0.00000000,36632,36637,25,0.00103398
1773322885.06531811,0.02804003,6246,0.00042862,0.00000000,0,0.00000000,36637,36649,37,0.00316914
1773322885.16563416,0.03091249,6270,0.00047457,0.00000000,0,0.00000000,36649,36649,34,0.00233480
1773322885.26479411,0.02019797,6227,0.00028051,0.00000000,0,0.00000000,36649,36665,38,0.00323631
1773322885.36437488,0.02665900,6170,0.00017666,0.00000000,0,0.00000000,36665,36655,28,0.00207402
1773322885.46385002,0.02885765,6400,0.00020100,0.00000000,0,0.00000000,36655,36658,30,0.00155567
1773322885.56513929,0.02171345,6233,0.00045854,0.00000000,0,0.00000000,36658,36657,30,0.00149636
1773322885.66518784,0.03379006,6254,0.00013567,0.00000000,0,0.00000000,36657,36669,34,0.00113270
1773322885.76558208,0.01998901,6259,0.00019187,0.00000000,0,0.00000000,36669,36679,31,0.00188808
1773322885.86467195,0.01799052,6178,0.00029212,0.00000000,0,0.00000000,36679,36685,26,0.00297994
1773322885.96434450,0.02987933,6223,0.00028705,0.00000000,0,0.00000000,36685,36691,21,0.00244254
1773322886.06459951,0.01992539,6238,0.00011474,0.00000000,0,0.00000000,36691,36689,22,0.00187012
1773322886.16485310,0.01917285,6224,0.00016855,0.00000000,0,0.00000000,36689,36684,25,0.00484045
1773322886.26521134,0.01829792,6235,0.00005158,0.00000000,0,0.00000000,36684,36691,20,0.00096965
1773322886.36544466,0.01751450,6168,0.00012157,0.00000000,0,0.00000000,36691,36699,33,0.00171945
1773322886.46554899,0.01365862,6183,0.00010450,0.00000000,0,0.00000000,36699,36713,31,0.00160212
1773322886.56475329,0.01453745,6124,0.00009476,0.00000000,0,0.00000000,36713,36708,30,0.00079504
1773322886.66511202,0.01493439,6102,0.00037608,0.00000000,0,0.00000000,36708,36713,35,0.00134441
1773322886.76458812,0.02532763,6104,0.00041180,0.00000000,0,0.00000000,36713,36724,29,0.00148323
1773322886.86494303,0.02071279,6129,0.00016527,0.00000000,0,0.00000000,36724,36729,29,0.00085550
1773322886.96519780,0.01946440,6066,0.00014098,0.00000000,0,0.00000000,36729,36732,34,0.00082587
1773322887.06549883,0.02177015,6061,0.00013004,0.00000000,0,0.00000000,36732,36744,36,0.00085629
1773322887.16562510,0.02807409,6058,0.00038892,0.00000000,0,0.00000000,36744,36753,36,0.00251010
1773322887.26444840,0.02227375,6051,0.00040911,0.00000000,0,0.00000000,36753,36753,34,0.00289190
1773322887.36443973,0.02740624,6083,0.00048217,0.00000000,0,0.00000000,36753,36747,35,0.00172867
1773322887.46488476,0.01947427,6050,0.00075052,0.00000000,0,0.00000000,36747,36706,26,0.00235985
1773322887.56501293,0.02679364,6051,0.00017508,0.00000000,0,0.00000000,36706,36709,33,0.00249391
1773322887.66605902,0.01560368,6031,0.00066883,0.00000000,0,0.00000000,36709,36713,39,0.00104036
1773322887.76540351,0.01281226,6114,0.00010082,0.00000000,0,0.00000000,36713,36695,26,0.00199562
1773322887.86565280,0.01391375,6070,0.00008970,0.00000000,0,0.00000000,36695,36704,18,0.00163196
1773322887.96499610,0.01833895,6054,0.00007072,0.00000000,0,0.00000000,36704,36704,32,0.00236694
1773322888.06508899,0.01544452,6043,0.00014134,0.00000000,0,0.00000000,36704,36708,30,0.00198694
1773322888.16529131,0.01648181,6085,0.00008297,0.00000000,0,0.00000000,36708,36719,27,0.00130930
1773322888.26488113,0.01284025,6090,0.00010354,0.00000000,0,0.00000000,36719,36727,35,0.00151686
1773322888.36512160,0.01386571,6083,0.00007622,0.00000000,0,0.00000000,36727,36733,30,0.00139573
1773322888.46457672,0.02638496,6095,0.00036625,0.00000000,0,0.00000000,36733,36738,26,0.00161832
1773322888.56467772,0.02328731,6101,0.00039728,0.00000000,0,0.00000000,36738,36742,21,0.00132654
1773322888.66495800,0.01956174,6059,0.00032125,0.00000000,0,0.00000000,36742,36747,31,0.00103971
1773322888.76443195,0.02268814,6045,0.00008981,0.00000000,0,0.00000000,36747,36751,25,0.00080551
1773322888.86452270,0.02362621,6125,0.00048560,0.00000000,0,0.00000000,36751,36754,38,0.00123079
1773322888.96479607,0.02548827,6085,0.00009636,0.00000000,0,0.00000000,36754,36763,33,0.00218425
1773322889.06510472,0.02617768,6022,0.00054196,0.00000000,0,0.00000000,36763,36774,27,0.00141629
1773322889.16521049,0.02666758,6024,0.00030920,0.00000000,0,0.00000000,36774,36759,24,0.00260422
1773322889.26453328,0.02599049,6054,0.00031275,0.00000000,0,0.00000000,36759,36765,25,0.00292576
1773322889.36566973,0.02870177,5979,0.00018428,0.00000000,0,0.00000000,36765,36748,32,0.00244667
1773322889.46498537,0.03007944,5995,0.00018672,0.00000000,0,0.00000000,36748,36752,20,0.00387303
1773322889.56458545,0.01970156,5970,0.00007301,0.00000000,0,0.00000000,36752,36756,27,0.00276189
1773322889.66464972,0.01575057,6031,0.00025153,0.00000000,0,0.00000000,36756,36738,35,0.00260793
1773322889.76500845,0.01437653,6006,0.00024672,0.00000000,0,0.00000000,36738,36750,26,0.00179866
1773322889.86514115,0.02471202,5993,0.00021522,0.00000000,0,0.00000000,36750,36755,21,0.00159810
1773322889.96450758,0.01732888,6065,0.00006777,0.00000000,0,0.00000000,36755,36757,19,0.00222647
1773322890.06463242,0.01431961,6040,0.00013217,0.00000000,0,0.00000000,36757,36753,33,0.00115529
1773322890.16483164,0.01394474,6078,0.00006197,0.00000000,0,0.00000000,36753,36757,25,0.00076251
1773322890.26442289,0.01598169,6039,0.00009862,0.00000000,0,0.00000000,36757,36748,22,0.00233646
1773322890.36449432,0.01395526,6089,0.00006988,0.00000000,0,0.00000000,36748,36750,22,0.00255412
1773322890.46486902,0.02570392,6054,0.00032178,0.00000000,0,0.00000000,36750,36757,30,0.00083217
1773322890.56512594,0.02544651,6039,0.00028549,0.00000000,0,0.00000000,36757,36757,28,0.00080957
1773322890.66674495,0.03103671,6006,0.00041473,0.00000000,0,0.00000000,36757,36755,29,0.00129785
1773322890.76471686,0.02249054,6068,0.00013234,0.00000000,0,0.00000000,36755,36764,35,0.00088967
1773322890.86476421,0.02369734,5978,0.00037515,0.00000000,0,0.00000000,36764,36767,33,0.00121530
1773322890.96437550,0.02300566,6071,0.00227421,0.00000000,0,0.00000000,36767,36760,33,0.00240113
1773322891.06460714,0.02866530,6062,0.00043672,0.00000000,0,0.00000000,36760,36762,34,0.00089277
1773322891.16482234,0.02600515,6107,0.00010475,0.00000000,0,0.00000000,36762,36771,28,0.00201267
1773322891.26511502,0.02883235,6129,0.00042409,0.00000000,0,0.00000000,36771,36758,33,0.00197527
1773322891.36534309,0.03041862,6160,0.00019978,0.00000000,0,0.00000000,36758,36754,39,0.00226764
1773322891.46560478,0.03391320,6156,0.00038317,0.00000000,0,0.00000000,36754,36752,23,0.00200027
1773322891.56564593,0.02137677,6191,0.00009273,0.00000000,0,0.00000000,36752,36750,24,0.00206279
1773322891.66485381,0.01918466,6221,0.00015658,0.00000000,0,0.00000000,36750,36745,33,0.00233253
1773322891.76502991,0.02624923,6132,0.00052326,0.00000000,0,0.00000000,36745,36754,37,0.00147350
1773322891.86455679,0.03224391,6179,0.00025148,0.00000000,0,0.00000000,36754,36751,45,0.00101279
1773322891.96473455,0.02352057,6106,0.00036314,0.00000000,0,0.00000000,36751,36746,39,0.00095481
1773322892.06491113,0.02075533,6142,0.00016019,0.00000000,0,0.00000000,36746,36758,31,0.00184342
1773322892.16508627,0.01839737,6052,0.00018494,0.00000000,0,0.00000000,36758,36758,33,0.00081233
1773322892.26533890,0.02059368,6034,0.00012916,0.00000000,0,0.00000000,36758,36763,35,0.00078944
1773322892.36546302,0.01628261,5990,0.00008180,0.00000000,0,0.00000000,36763,36770,27,0.00123830
1773322892.46561313,0.01900076,5986,0.00042270,0.00000000,0,0.00000000,36770,36730,40,0.00176942
1773322892.56501174,0.02954477,5938,0.00033563,0.00000000,0,0.00000000,36730,36729,29,0.00120523
1773322892.66444778,0.03004663,5969,0.00036727,0.00000000,0,0.00000000,36729,36735,26,0.00107637
1773322892.76455402,0.02580024,5999,0.00023348,0.00000000,0,0.00000000,36735,36697,33,0.00091628
1773322892.86560869,0.02768485,5916,0.00009163,0.00000000,0,0.00000000,36697,36696,24,0.00087526
1773322892.96431661,0.02963378,6035,0.00013590,0.00000000,0,0.00000000,36696,36709,32,0.00155797
1773322893.06517076,0.02989755,6059,0.00011642,0.00000000,0,0.00000000,36709,36694,21,0.00213714
1773322893.16551328,0.03032307,6049,0.00015622,0.00000000,0,0.00000000,36694,36692,31,0.00213185
1773322893.26565576,0.03657480,6088,0.00017905,0.00000000,0,0.00000000,36692,36692,29,0.00280228
1773322893.36445546,0.03191642,6089,0.00011350,0.00000000,0,0.00000000,36692,36698,28,0.00273719
1773322893.46446300,0.03031456,6138,0.00039272,0.00000000,0,0.00000000,36698,36702,27,0.00210989
1773322893.56451178,0.02686180,6178,0.00009646,0.00000000,0,0.00000000,36702,36707,25,0.00144688
1773322893.66485929,0.02039662,6183,0.00042459,0.00000000,0,0.00000000,36707,36711,30,0.00252348
1773322893.76496482,0.02078005,6166,0.00036595,0.00000000,0,0.00000000,36711,36720,32,0.00248079
1773322893.86526346,0.02966284,6112,0.00044104,0.00000000,0,0.00000000,36720,36721,31,0.00156229
1773322893.96530938,0.01647881,6124,0.00016954,0.00000000,0,0.00000000,36721,36721,36,0.00171565
1773322894.06545043,0.01777186,6087,0.00013801,0.00000000,0,0.00000000,36721,36722,38,0.00187611
1773322894.16477418,0.01574184,5950,0.00013539,0.00000000,0,0.00000000,36722,36722,37,0.00079802
1773322894.26443648,0.01594565,5939,0.00012096,0.00000000,0,0.00000000,36722,36721,24,0.00163159
1773322894.36445212,0.01521225,5901,0.00010956,0.00000000,0,0.00000000,36721,36729,33,0.00093161
1773322894.46460795,0.01532248,5899,0.00014922,0.00000000,0,0.00000000,36729,36739,33,0.00090662
1773322894.56490993,0.02248176,5965,0.00013583,0.00000000,0,0.00000000,36739,36743,26,0.00084856
1773322894.66513634,0.02481912,5971,0.00027747,0.00000000,0,0.00000000,36743,36747,29,0.00119540
1773322894.76537657,0.03042108,5996,0.00015336,0.00000000,0,0.00000000,36747,36759,30,0.00085862
1773322894.86553836,0.02933836,6028,0.00021357,0.00000000,0,0.00000000,36759,36743,28,0.00094369
1773322894.96558166,0.02997881,6077,0.00026498,0.00000000,0,0.00000000,36743,36748,23,0.00188608
1773322895.06455445,0.03066321,6027,0.00030368,0.00000000,0,0.00000000,36748,36755,29,0.00313244
1773322895.16459966,0.02764508,6094,0.00029858,0.00000000,0,0.00000000,36755,36762,26,0.00262350
1773322895.26470828,0.02192449,6075,0.00033327,0.00000000,0,0.00000000,36762,36772,36,0.00146338
1773322895.36484814,0.02185521,6118,0.00021449,0.00000000,0,0.00000000,36772,36772,34,0.00105441
1773322895.46511126,0.02027060,6120,0.00035619,0.00000000,0,0.00000000,36772,36774,33,0.00163023
1773322895.56534553,0.02979946,6129,0.00030331,0.00000000,0,0.00000000,36774,36781,39,0.00086707
1773322895.66538715,0.01532064,6045,0.00005277,0.00000000,0,0.00000000,36781,36782,21,0.00086479
1773322895.76448083,0.01787900,6126,0.00019326,0.00000000,0,0.00000000,36782,36792,33,0.00180051
1773322895.86562967,0.01864931,6042,0.00027720,0.00000000,0,0.00000000,36792,36800,30,0.00171323
1773322895.96481109,0.02401004,6041,0.00008743,0.00000000,0,0.00000000,36800,36804,26,0.00161981
1773322896.06453371,0.02095190,6035,0.00031592,0.00000000,0,0.00000000,36804,36782,22,0.00143024
1773322896.16452193,0.01937883,6117,0.00021764,0.00000000,0,0.00000000,36782,36781,32,0.00085808
1773322896.26472926,0.01989278,6108,0.00025973,0.00000000,0,0.00000000,36781,36785,25,0.00082543
1773322896.36493897,0.01717998,6091,0.00010077,0.00000000,0,0.00000000,36785,36795,25,0.00218360
1773322896.46515560,0.01814116,6123,0.00014530,0.00000000,0,0.00000000,36795,36796,37,0.00083452
1773322896.56530929,0.02882922,6131,0.00007207,0.00000000,0,0.00000000,36796,36797,23,0.00132307
1773322896.66538119,0.03508816,6180,0.00010596,0.00000000,0,0.00000000,36797,36799,28,0.00094030
1773322896.76472688,0.03329131,6150,0.00024577,0.00000000,0,0.00000000,36799,36799,21,0.00084432
1773322896.86474681,0.02572977,6155,0.00017054,0.00000000,0,0.00000000,36799,36807,28,0.00149214
1773322896.96443820,0.02161847,6145,0.00031829,0.00000000,0,0.00000000,36807,36811,33,0.00189399
1773322897.06440592,0.02642943,6111,0.00055396,0.00000000,0,0.00000000,36811,36793,28,0.00324002
1773322897.16464400,0.02249929,6083,0.00049133,0.00000000,0,0.00000000,36793,36789,36,0.00111821
1773322897.26488924,0.02718920,6057,0.00032056,0.00000000,0,0.00000000,36789,36802,31,0.00235087
1773322897.36503601,0.02850150,6085,0.00050877,0.00000000,0,0.00000000,36802,36793,35,0.00159520
1773322897.46522927,0.02774288,6042,0.00011767,0.00000000,0,0.00000000,36793,36789,31,0.00190174
1773322897.56526947,0.01761146,6081,0.00020606,0.00000000,0,0.00000000,36789,36779,47,0.00169093
1773322897.66547894,0.01753323,6008,0.00015023,0.00000000,0,0.00000000,36779,36768,45,0.00329864
1773322897.76573896,0.01722423,6088,0.00023182,0.00000000,0,0.00000000,36768,36781,31,0.00197164
1773322897.86491156,0.02937403,6073,0.00022505,0.00000000,0,0.00000000,36781,36784,22,0.00266522
1773322897.96434331,0.02014661,6110,0.00013784,0.00000000,0,0.00000000,36784,36779,36,0.00236411
1773322898.06461954,0.02058675,6149,0.00019497,0.00000000,0,0.00000000,36779,36776,36,0.00239729
1773322898.16467619,0.02135056,6156,0.00023543,0.00000000,0,0.00000000,36776,36785,28,0.00157890
1773322898.26495099,0.01812962,6201,0.00012503,0.00000000,0,0.00000000,36785,36796,42,0.00077499
1773322898.36526489,0.01704475,6158,0.00014075,0.00000000,0,0.00000000,36796,36803,30,0.00094217
1773322898.46543694,0.01707250,6160,0.00015574,0.00000000,0,0.00000000,36803,36812,32,0.00089649
1773322898.56539655,0.02898176,6165,0.00033657,0.00000000,0,0.00000000,36812,36818,23,0.00089638
1773322898.66570306,0.02574485,6154,0.00031651,0.00000000,0,0.00000000,36818,36823,30,0.00079900
1773322898.76567316,0.02713511,6101,0.00042124,0.00000000,0,0.00000000,36823,36826,32,0.00087948
1773322898.86443615,0.02635297,6165,0.00014239,0.00000000,0,0.00000000,36826,36830,32,0.00080835
1773322898.96443391,0.02902760,6132,0.00010133,0.00000000,0,0.00000000,36830,36834,36,0.00157260
1773322899.06466079,0.03770555,6175,0.00025143,0.00000000,0,0.00000000,36834,36829,40,0.00256661
1773322899.16484523,0.03104771,6091,0.00050578,0.00000000,0,0.00000000,36829,36823,34,0.00325717
1773322899.26508141,0.03125714,6066,0.00040318,0.00000000,0,0.00000000,36823,36832,31,0.00213670
1773322899.36533403,0.02911486,6015,0.00058547,0.00000000,0,0.00000000,36832,36838,37,0.00292003
1773322899.46550703,0.02644171,6003,0.00035788,0.00000000,0,0.00000000,36838,36839,28,0.00229255
1773322899.56567240,0.02824883,5985,0.00028164,0.00000000,0,0.00000000,36839,36845,19,0.00156561
1773322899.66436696,0.01779589,6022,0.00009435,0.00000000,0,0.00000000,36845,36841,23,0.00106849
1773322899.76454043,0.01683764,6019,0.00009087,0.00000000,0,0.00000000,36841,36844,25,0.00091017
1773322899.86462212,0.02883957,6006,0.00047652,0.00000000,0,0.00000000,36844,36831,33,0.00184026
1773322899.96458888,0.01800988,6064,0.00013211,0.00000000,0,0.00000000,36831,36842,35,0.00275797
1773322900.06483126,0.01799252,6044,0.00014469,0.00000000,0,0.00000000,36842,36854,30,0.00387992
1773322900.16504121,0.01516668,6045,0.00009542,0.00000000,0,0.00000000,36854,36841,32,0.00095214
1773322900.26506281,0.01712034,6032,0.00011681,0.00000000,0,0.00000000,36841,36842,36,0.00092162
1773322900.36533356,0.01874369,6063,0.00038404,0.00000000,0,0.00000000,36842,36835,35,0.00239203
1773322900.46549749,0.01553104,5999,0.00006718,0.00000000,0,0.00000000,36835,36835,19,0.00135273
1773322900.56550908,0.02843127,6051,0.00035641,0.00000000,0,0.00000000,36835,36841,33,0.00095865
1773322900.66576791,0.02827681,5966,0.00033139,0.00000000,0,0.00000000,36841,36850,33,0.00097759
1773322900.76489329,0.04577586,5971,0.00045256,0.00000000,0,0.00000000,36850,36844,35,0.00085936
1773322900.86495185,0.04272896,5966,0.00044226,0.00000000,0,0.00000000,36844,36841,31,0.00091928
1773322900.96455669,0.03982061,5920,0.00045718,0.00000000,0,0.00000000,36841,36844,27,0.00199406
1773322901.06455684,0.03358011,5895,0.00015678,0.00000000,0,0.00000000,36844,36849,29,0.00263480
1773322901.16471267,0.04399155,5866,0.00107986,0.00000000,0,0.00000000,36849,36840,34,0.00113035
1773322901.26491356,0.02294390,5824,0.00012981,0.00000000,0,0.00000000,36840,36846,25,0.00183205
1773322901.36505890,0.02332475,5784,0.00021495,0.00000000,0,0.00000000,36846,36847,30,0.00650771
1773322901.46520495,0.02103086,5808,0.00047058,0.00000000,0,0.00000000,36847,36837,23,0.00350999
1773322901.56542158,0.02022053,5720,0.00044135,0.00000000,0,0.00000000,36837,36822,35,0.00212790
1773322901.66536927,0.02032871,5745,0.00007130,0.00000000,0,0.00000000,36822,36821,20,0.00285093
1773322901.76475692,0.01315093,5783,0.00012442,0.00000000,0,0.00000000,36821,36816,28,0.00526674
1773322901.86442757,0.01231642,5826,0.00007658,0.00000000,0,0.00000000,36816,36820,24,0.00146449
1773322901.96443963,0.02533607,5826,0.00016605,0.00000000,0,0.00000000,36820,36824,17,0.00154285
1773322902.06463289,0.01446179,5926,0.00007671,0.00000000,0,0.00000000,36824,36825,26,0.00170272
1773322902.16454554,0.01683203,6016,0.00016293,0.00000000,0,0.00000000,36825,36828,21,0.00169783
1773322902.26478720,0.01655597,5977,0.00009199,0.00000000,0,0.00000000,36828,36821,32,0.00089613
1773322902.36493611,0.01991463,6096,0.00017595,0.00000000,0,0.00000000,36821,36826,35,0.00194134
1773322902.46515393,0.01454390,6079,0.00009121,0.00000000,0,0.00000000,36826,36833,38,0.00085309
1773322902.56533098,0.02245139,6077,0.00061077,0.00000000,0,0.00000000,36833,36825,42,0.00080772
1773322902.66534185,0.02764345,6097,0.00024887,0.00000000,0,0.00000000,36825,36831,25,0.00084993
1773322902.76546383,0.02677712,6136,0.00034707,0.00000000,0,0.00000000,36831,36840,27,0.00086455
1773322902.86567163,0.02536225,6077,0.00017676,0.00000000,0,0.00000000,36840,36840,32,0.00078843
1773322902.96431994,0.03154521,6166,0.00041195,0.00000000,0,0.00000000,36840,36843,32,0.00080369
1773322903.06451607,0.02894201,6126,0.00019616,0.00000000,0,0.00000000,36843,36857,42,0.00143407
1773322903.16444874,0.02926527,6194,0.00012114,0.00000000,0,0.00000000,36857,36861,32,0.00180101
1773322903.26462054,0.03162504,6160,0.00010261,0.00000000,0,0.00000000,36861,36875,35,0.00173048
1773322903.36485457,0.03364250,6127,0.00020831,0.00000000,0,0.00000000,36875,36888,35,0.00283023
1773322903.46491504,0.02963053,6202,0.00015820,0.00000000,0,0.00000000,36888,36889,37,0.00378697
1773322903.56507254,0.01816243,6151,0.00028886,0.00000000,0,0.00000000,36889,36879,37,0.00246229
1773322903.66532063,0.02166198,6091,0.00016193,0.00000000,0,0.00000000,36879,36884,35,0.00166924
1773322903.76554680,0.02919478,6050,0.00068985,0.00000000,0,0.00000000,36884,36849,39,0.00186441
1773322903.86557364,0.02264238,6003,0.00016019,0.00000000,0,0.00000000,36849,36832,34,0.00196182
1773322903.96428752,0.02024996,6078,0.00015143,0.00000000,0,0.00000000,36832,36839,34,0.00170401
1773322904.06593990,0.02108151,6037,0.00013382,0.00000000,0,0.00000000,36839,36852,42,0.00185116
1773322904.16439891,0.02087882,6081,0.00013164,0.00000000,0,0.00000000,36852,36866,35,0.00115284
1773322904.26448059,0.01883203,6011,0.00016877,0.00000000,0,0.00000000,36866,36869,30,0.00285799
1773322904.36454725,0.01972242,5974,0.00018305,0.00000000,0,0.00000000,36869,36876,47,0.00258700
1773322904.46477294,0.01852457,6013,0.00013967,0.00000000,0,0.00000000,36876,36885,27,0.00099031
1773322904.56488705,0.03014582,5966,0.00009081,0.00000000,0,0.00000000,36885,36891,27,0.00113201
1773322904.66508627,0.03449875,5868,0.00095847,0.00000000,0,0.00000000,36891,36882,40,0.00080468
1773322904.76533127,0.03364368,5834,0.00037071,0.00000000,0,0.00000000,36882,36889,34,0.00098292
1773322904.86534452,0.02830471,5851,0.00030709,0.00000000,0,0.00000000,36889,36891,28,0.00120781
1773322904.96563578,0.02859799,5867,0.00039269,0.00000000,0,0.00000000,36891,36893,36,0.00245146
1773322905.06559825,0.01954862,5813,0.00030313,0.00000000,0,0.00000000,36893,36893,28,0.00149039
1773322905.16573000,0.01404384,5744,0.00007172,0.00000000,0,0.00000000,36893,36902,32,0.00241271
1773322905.26451564,0.01831293,5764,0.00012614,0.00000000,0,0.00000000,36902,36906,31,0.00115849
1773322905.36452985,0.02268024,5758,0.00013602,0.00000000,0,0.00000000,36906,36909,37,0.00125316
1773322905.46455598,0.03002564,5717,0.00016839,0.00000000,0,0.00000000,36909,36909,22,0.00148970
1773322905.56460571,0.01632965,5735,0.00016486,0.00000000,0,0.00000000,36909,36907,34,0.00222155
1773322905.66492200,0.01664913,5723,0.00007885,0.00000000,0,0.00000000,36907,36913,27,0.00167617
1773322905.76514578,0.02496513,5712,0.00036458,0.00000000,0,0.00000000,36913,36920,28,0.00190889
1773322905.86525893,0.02528812,5697,0.00020017,0.00000000,0,0.00000000,36920,36921,24,0.00283302
1773322905.96537185,0.02169141,5759,0.00026433,0.00000000,0,0.00000000,36921,36905,31,0.00230506
1773322906.06538725,0.01853221,5759,0.00009908,0.00000000,0,0.00000000,36905,36912,22,0.00215784
1773322906.16452408,0.02096193,5845,0.00023259,0.00000000,0,0.00000000,36912,36891,31,0.00119976
1773322906.26470327,0.02154367,5869,0.00030851,0.00000000,0,0.00000000,36891,36873,39,0.00102022
1773322906.36464119,0.02166380,5846,0.00028994,0.00000000,0,0.00000000,36873,36876,49,0.00188660
1773322906.46452498,0.01898665,5841,0.00034960,0.00000000,0,0.00000000,36876,36852,36,0.00153690
1773322906.56453943,0.02931343,5902,0.00040340,0.00000000,0,0.00000000,36852,36847,42,0.00123855
1773322906.66460204,0.02750862,5777,0.00046378,0.00000000,0,0.00000000,36847,36840,36,0.00110833
1773322906.76449776,0.03093986,5763,0.00051351,0.00000000,0,0.00000000,36840,36841,42,0.00101161
1773322906.86341548,0.02802381,5786,0.00010217,0.00000000,0,0.00000000,36841,36836,34,0.00112764
1773322906.96478748,0.03130253,5719,0.00011155,0.00000000,0,0.00000000,36836,36844,28,0.00215065
1773322907.06497669,0.03482502,5739,0.00020244,0.00000000,0,0.00000000,36844,36852,36,0.00271977
1773322907.16518688,0.03288714,5759,0.00053206,0.00000000,0,0.00000000,36852,36863,47,0.00317674
1773322907.26525640,0.03639978,5778,0.00019326,0.00000000,0,0.00000000,36863,36862,33,0.00190244
1773322907.36543345,0.03392616,5792,0.00031087,0.00000000,0,0.00000000,36862,36869,37,0.00234664
1773322907.46563745,0.03802242,5768,0.00013385,0.00000000,0,0.00000000,36869,36881,41,0.00137375
1773322907.56554675,0.02657311,5818,0.00028771,0.00000000,0,0.00000000,36881,36885,38,0.00083043
1773322907.66569376,0.02135479,5790,0.00045986,0.00000000,0,0.00000000,36885,36870,39,0.00248048
1773322907.76485777,0.03494872,5857,0.00023933,0.00000000,0,0.00000000,36870,36873,35,0.00219097
1773322907.86442733,0.02800328,5904,0.00016367,0.00000000,0,0.00000000,36873,36885,35,0.00153356
1773322907.96438098,0.02643145,5988,0.00027497,0.00000000,0,0.00000000,36885,36894,32,0.00161796
1773322908.06452250,0.02004629,6071,0.00013845,0.00000000,0,0.00000000,36894,36904,41,0.00198562
1773322908.16488791,0.01935686,5964,0.00017696,0.00000000,0,0.00000000,36904,36913,49,0.00100007
1773322908.26489115,0.02286670,6026,0.00033047,0.00000000,0,0.00000000,36913,36907,29,0.00350392
1773322908.36507869,0.02143489,5997,0.00019125,0.00000000,0,0.00000000,36907,36902,36,0.00136843
1773322908.46526146,0.01924434,6033,0.00041440,0.00000000,0,0.00000000,36902,36893,48,0.00125638
1773322908.56541276,0.03697752,5993,0.00028668,0.00000000,0,0.00000000,36893,36884,38,0.00086363
1773322908.66559505,0.04454743,6025,0.00089535,0.00000000,0,0.00000000,36884,36887,47,0.00088303
1773322908.76557708,0.03567536,5986,0.00033970,0.00000000,0,0.00000000,36887,36895,35,0.00083432
1773322908.86458111,0.02827265,6024,0.00040376,0.00000000,0,0.00000000,36895,36890,37,0.00084477
1773322908.96590424,0.02930810,5976,0.00050691,0.00000000,0,0.00000000,36890,36904,41,0.00135549
1773322909.06491923,0.02772169,5964,0.00049871,0.00000000,0,0.00000000,36904,36917,45,0.00439100
1773322909.16443801,0.02716521,5981,0.00024973,0.00000000,0,0.00000000,36917,36916,46,0.00123646
1773322909.26444125,0.02638637,6062,0.00048838,0.00000000,0,0.00000000,36916,36927,40,0.00224948
1773322909.36461210,0.02628636,6053,0.00019911,0.00000000,0,0.00000000,36927,36936,44,0.00156900
1773322909.46482897,0.02756395,6061,0.00008938,0.00000000,0,0.00000000,36936,36939,32,0.00232601
1773322909.56496692,0.03042873,6072,0.00055237,0.00000000,0,0.00000000,36939,36934,30,0.00165612
1773322909.66505957,0.02582101,6109,0.00022710,0.00000000,0,0.00000000,36934,36940,33,0.00173666
1773322909.76511884,0.01914101,6170,0.00010573,0.00000000,0,0.00000000,36940,36941,23,0.00156776
1773322909.86542368,0.02084163,6107,0.00022192,0.00000000,0,0.00000000,36941,36942,31,0.00164798
1773322909.96543717,0.03158382,6142,0.00014108,0.00000000,0,0.00000000,36942,36945,37,0.00246398
1773322910.06460834,0.01711722,6143,0.00015771,0.00000000,0,0.00000000,36945,36952,39,0.00178426
1773322910.16559720,0.02393562,6185,0.00026640,0.00000000,0,0.00000000,36952,36947,48,0.00085872
1773322910.26577091,0.01856527,6126,0.00012698,0.00000000,0,0.00000000,36947,36957,29,0.00085216
1773322910.36479473,0.02365851,6160,0.00017528,0.00000000,0,0.00000000,36957,36964,35,0.00227182
1773322910.46453166,0.02083815,6152,0.00020045,0.00000000,0,0.00000000,36964,36966,34,0.00114785
1773322910.56444120,0.02559467,6187,0.00048015,0.00000000,0,0.00000000,36966,36960,43,0.00163344
1773322910.66446686,0.02586116,6158,0.00044455,0.00000000,0,0.00000000,36960,36974,40,0.00153395
1773322910.76469254,0.03066987,6154,0.00032034,0.00000000,0,0.00000000,36974,36971,23,0.00155705
1773322910.86487722,0.02954386,6173,0.00055068,0.00000000,0,0.00000000,36971,36964,43,0.00156611
1773322910.96497989,0.02902554,6157,0.00031614,0.00000000,0,0.00000000,36964,36970,40,0.00086641
1773322911.06509566,0.03766152,6174,0.00011007,0.00000000,0,0.00000000,36970,36977,24,0.00131588
1773322911.16513371,0.04057801,6234,0.00025007,0.00000000,0,0.00000000,36977,36983,32,0.00405886
1773322911.26539969,0.04658037,6158,0.00021902,0.00000000,0,0.00000000,36983,36989,35,0.00209833
1773322911.36543918,0.04545936,6174,0.00075407,0.00000000,0,0.00000000,36989,37001,52,0.00169011
1773322911.46558285,0.02566247,6207,0.00044669,0.00000000,0,0.00000000,37001,37005,48,0.00308832
1773322911.56570983,0.03049350,6173,0.00039237,0.00000000,0,0.00000000,37005,37007,40,0.00145357
1773322911.66576529,0.02008627,6170,0.00016435,0.00000000,0,0.00000000,37007,37000,38,0.00126644
1773322911.76454735,0.01812319,6156,0.00029293,0.00000000,0,0.00000000,37000,37003,42,0.00271612
1773322911.86450315,0.01731368,6167,0.00018901,0.00000000,0,0.00000000,37003,37010,37,0.00337863
1773322911.96447873,0.02683918,6197,0.00047128,0.00000000,0,0.00000000,37010,37012,31,0.00245010
1773322912.06465697,0.01583586,6180,0.00010933,0.00000000,0,0.00000000,37012,37019,28,0.00257781
1773322912.16483474,0.01669413,6190,0.00011721,0.00000000,0,0.00000000,37019,37009,35,0.00233048
1773322912.26483631,0.02261882,6215,0.00063039,0.00000000,0,0.00000000,37009,36989,32,0.00295715
1773322912.36497593,0.01477922,6182,0.00011193,0.00000000,0,0.00000000,36989,36985,31,0.00147031
1773322912.46521592,0.01615245,6193,0.00018012,0.00000000,0,0.00000000,36985,36987,43,0.00122659
1773322912.56535172,0.01592862,6171,0.00020661,0.00000000,0,0.00000000,36987,36986,39,0.00085353
1773322912.66557336,0.01666444,6094,0.00010654,0.00000000,0,0.00000000,36986,36984,28,0.00255962
1773322912.76528597,0.02541696,6168,0.00007510,0.00000000,0,0.00000000,36984,36987,22,0.00081974
1773322912.86545730,0.02769882,6177,0.00011934,0.00000000,0,0.00000000,36987,36983,35,0.00145583
1773322912.96565199,0.02749319,6160,0.00017557,0.00000000,0,0.00000000,36983,36992,35,0.00078875
1773322913.06579232,0.03029582,6106,0.00017048,0.00000000,0,0.00000000,36992,36996,39,0.00155224
1773322913.16478777,0.03194772,6124,0.00018644,0.00000000,0,0.00000000,36996,36990,33,0.00185551
1773322913.26485586,0.03498705,6155,0.00013733,0.00000000,0,0.00000000,36990,36995,39,0.00214436
1773322913.36439586,0.03450546,6203,0.00038146,0.00000000,0,0.00000000,36995,36993,42,0.00182146
1773322913.46453023,0.03572706,6189,0.00044822,0.00000000,0,0.00000000,36993,36998,35,0.00229709
1773322913.56446934,0.02340914,6198,0.00039530,0.00000000,0,0.00000000,36998,36981,33,0.00145383
1773322913.66457200,0.02075176,6245,0.00017301,0.00000000,0,0.00000000,36981,36983,38,0.00145124
1773322913.76476169,0.03447109,6206,0.00007700,0.00000000,0,0.00000000,36983,36988,23,0.00187490
1773322913.86495638,0.02334854,6234,0.00015486,0.00000000,0,0.00000000,36988,36987,36,0.00217686
1773322913.96508479,0.01989396,6241,0.00010302,0.00000000,0,0.00000000,36987,36987,32,0.00181202
1773322914.06522083,0.02140630,6241,0.00022401,0.00000000,0,0.00000000,36987,36996,36,0.00183564
1773322914.16536093,0.01973016,6233,0.00009438,0.00000000,0,0.00000000,36996,37004,29,0.00167913
1773322914.26533937,0.02155534,6230,0.00015167,0.00000000,0,0.00000000,37004,37001,38,0.00113777
1773322914.36447024,0.02062153,6253,0.00017396,0.00000000,0,0.00000000,37001,37004,35,0.00336014
1773322914.46457529,0.02055267,6250,0.00014771,0.00000000,0,0.00000000,37004,36990,32,0.00088109
1773322914.56484532,0.03659217,6209,0.00031040,0.00000000,0,0.00000000,36990,36988,22,0.00110120
1773322914.66469383,0.03428014,6261,0.00017790,0.00000000,0,0.00000000,36988,36985,33,0.00087815
1773322914.76497698,0.03220210,6218,0.00037207,0.00000000,0,0.00000000,36985,36992,37,0.00080647
1773322914.86488485,0.03429250,6121,0.00048556,0.00000000,0,0.00000000,36992,36995,34,0.00088026
1773322914.96433496,0.02843782,6173,0.00041404,0.00000000,0,0.00000000,36995,36998,40,0.00159204
1773322915.06448460,0.02871486,6162,0.00046559,0.00000000,0,0.00000000,36998,37002,36,0.00320741
1773322915.16459084,0.02927313,6189,0.00053603,0.00000000,0,0.00000000,37002,37001,36,0.00180703
1773322915.26483631,0.02213737,6136,0.00034781,0.00000000,0,0.00000000,37001,37007,31,0.00230829
1773322915.36496019,0.02003321,6135,0.00030077,0.00000000,0,0.00000000,37007,37017,27,0.00107957
1773322915.46505713,0.02634020,6117,0.00016432,0.00000000,0,0.00000000,37017,37026,30,0.00135738
1773322915.56515169,0.02964423,6177,0.00033743,0.00000000,0,0.00000000,37026,37033,31,0.00139346
1773322915.66535211,0.02874504,6072,0.00019016,0.00000000,0,0.00000000,37033,37042,27,0.00136876
1773322915.76445794,0.01875383,6110,0.00024059,0.00000000,0,0.00000000,37042,37037,30,0.00204152
1773322915.86542225,0.01865210,6117,0.00010314,0.00000000,0,0.00000000,37037,37038,30,0.00385429
1773322915.96459603,0.02358052,6134,0.00014880,0.00000000,0,0.00000000,37038,37044,30,0.00338468
1773322916.06466103,0.01568701,6176,0.00008750,0.00000000,0,0.00000000,37044,37053,36,0.00338503
1773322916.16574597,0.01785282,6131,0.00013460,0.00000000,0,0.00000000,37053,37053,32,0.00290162
1773322916.26477551,0.01491863,6095,0.00009465,0.00000000,0,0.00000000,37053,37059,26,0.00098656
1773322916.36429906,0.01212374,6204,0.00007159,0.00000000,0,0.00000000,37059,37071,36,0.00103028
1773322916.46462846,0.02577592,6098,0.00039855,0.00000000,0,0.00000000,37071,37050,25,0.00117008
1773322916.56455159,0.03198755,6088,0.00025803,0.00000000,0,0.00000000,37050,37057,21,0.00111176
1773322916.66450310,0.02991400,6082,0.00039831,0.00000000,0,0.00000000,37057,37046,23,0.00077120
1773322916.76469207,0.02546996,6040,0.00055621,0.00000000,0,0.00000000,37046,37025,37,0.00085966
1773322916.86466837,0.02723153,6071,0.00031741,0.00000000,0,0.00000000,37025,37028,32,0.00196402
1773322916.96481323,0.02100555,6082,0.00042299,0.00000000,0,0.00000000,37028,37029,37,0.00151356
1773322917.06490493,0.02257824,6054,0.00011246,0.00000000,0,0.00000000,37029,37029,25,0.00303659
1773322917.16499829,0.02356778,6056,0.00011677,0.00000000,0,0.00000000,37029,37034,36,0.00135164
1773322917.26513290,0.03092209,6069,0.00031272,0.00000000,0,0.00000000,37034,37041,26,0.00178880
1773322917.36532927,0.02853678,6145,0.00019954,0.00000000,0,0.00000000,37041,37031,35,0.00179867
1773322917.46540451,0.02294843,6112,0.00013364,0.00000000,0,0.00000000,37031,37021,38,0.00135195
1773322917.56533813,0.02174011,6192,0.00029920,0.00000000,0,0.00000000,37021,37032,34,0.00211042
1773322917.66553164,0.02860997,6126,0.00012622,0.00000000,0,0.00000000,37032,37037,32,0.00211718
1773322917.76570606,0.02060186,6170,0.00020266,0.00000000,0,0.00000000,37037,37046,35,0.00204874
1773322917.86465120,0.02174345,6175,0.00018529,0.00000000,0,0.00000000,37046,37035,27,0.00285214
1773322917.96477437,0.03387727,6173,0.00022569,0.00000000,0,0.00000000,37035,37045,39,0.00242188
1773322918.06450677,0.01948186,6181,0.00017887,0.00000000,0,0.00000000,37045,37029,29,0.00236646
1773322918.16428757,0.02108689,6240,0.00019527,0.00000000,0,0.00000000,37029,37035,32,0.00304396
1773322918.26458073,0.02009653,6214,0.00028049,0.00000000,0,0.00000000,37035,36999,30,0.00149975
1773322918.36452055,0.02019222,6238,0.00017671,0.00000000,0,0.00000000,36999,37009,43,0.00150810
1773322918.46458840,0.01856096,6261,0.00018989,0.00000000,0,0.00000000,37009,37014,30,0.00318205
1773322918.56482553,0.02016504,6227,0.00012933,0.00000000,0,0.00000000,37014,37022,29,0.00171195
1773322918.66491103,0.03489568,6251,0.00034253,0.00000000,0,0.00000000,37022,37025,38,0.00126845
1773322918.76513481,0.02937241,6161,0.00043064,0.00000000,0,0.00000000,37025,37030,36,0.00198399
1773322918.86504054,0.03109305,6214,0.00029820,0.00000000,0,0.00000000,37030,37037,30,0.00088979
1773322918.96513844,0.03473815,6167,0.00046110,0.00000000,0,0.00000000,37037,37051,34,0.00173940
1773322919.06525064,0.03199659,6150,0.00061766,0.00000000,0,0.00000000,37051,37045,42,0.00202763
1773322919.16537380,0.01963209,6139,0.00017764,0.00000000,0,0.00000000,37045,37063,48,0.00232953
1773322919.26553750,0.02361357,6105,0.00040266,0.00000000,0,0.00000000,37063,37062,35,0.00120124
1773322919.36558318,0.02498738,6083,0.00034844,0.00000000,0,0.00000000,37062,37073,35,0.00088926
1773322919.46566343,0.02620413,6073,0.00015690,0.00000000,0,0.00000000,37073,37068,32,0.00092664
1773322919.56469607,0.02582464,6030,0.00049201,0.00000000,0,0.00000000,37068,37077,30,0.00268200
1773322919.66476846,0.03383973,6015,0.00020058,0.00000000,0,0.00000000,37077,37080,37,0.00215452
1773322919.76451278,0.02383521,5986,0.00035688,0.00000000,0,0.00000000,37080,37085,31,0.00268229
1773322919.86443758,0.02548500,6064,0.00016943,0.00000000,0,0.00000000,37085,37096,28,0.00302501
1773322919.96453881,0.01716311,6049,0.00017126,0.00000000,0,0.00000000,37096,37105,38,0.00324787
1773322920.06463122,0.01756409,5999,0.00014215,0.00000000,0,0.00000000,37105,37115,33,0.00304570
1773322920.16465807,0.01897389,6083,0.00011772,0.00000000,0,0.00000000,37115,37118,25,0.00329302
1773322920.26480865,0.01772080,6026,0.00021566,0.00000000,0,0.00000000,37118,37132,37,0.00121803
1773322920.36488318,0.01806413,6057,0.00017866,0.00000000,0,0.00000000,37132,37131,33,0.00224332
1773322920.46498847,0.01962696,6055,0.00016133,0.00000000,0,0.00000000,37131,37132,32,0.00151015
1773322920.56511497,0.03406991,6069,0.00041256,0.00000000,0,0.00000000,37132,37144,36,0.00091217
1773322920.66519904,0.03445668,6070,0.00061736,0.00000000,0,0.00000000,37144,37155,44,0.00168762
1773322920.76529336,0.02548832,6059,0.00039814,0.00000000,0,0.00000000,37155,37161,38,0.00158795
1773322920.86540008,0.02391235,5978,0.00024433,0.00000000,0,0.00000000,37161,37170,40,0.00163432
1773322920.96538830,0.02479861,6008,0.00011165,0.00000000,0,0.00000000,37170,37182,34,0.00134029
1773322921.06559038,0.02765674,6002,0.00017469,0.00000000,0,0.00000000,37182,37143,30,0.00172855
1773322921.16454291,0.02889150,6012,0.00013597,0.00000000,0,0.00000000,37143,37150,28,0.00392384
1773322921.26570582,0.03001691,6000,0.00045095,0.00000000,0,0.00000000,37150,37149,30,0.00321704
1773322921.36572456,0.03366079,6017,0.00015565,0.00000000,0,0.00000000,37149,37144,33,0.00165097
1773322921.46484447,0.03132098,5987,0.00032531,0.00000000,0,0.00000000,37144,37134,32,0.00224448
1773322921.56477857,0.01930903,6030,0.00026796,0.00000000,0,0.00000000,37134,37146,36,0.00278221
1773322921.66440463,0.02118410,6035,0.00014955,0.00000000,0,0.00000000,37146,37151,35,0.00157565
1773322921.76460099,0.01716386,6043,0.00025054,0.00000000,0,0.00000000,37151,37147,39,0.00087591
1773322921.86449957,0.03006595,6062,0.00040856,0.00000000,0,0.00000000,37147,37148,33,0.00105352
1773322921.96456981,0.01748018,6073,0.00011051,0.00000000,0,0.00000000,37148,37153,34,0.00104161
1773322922.06453943,0.01675916,6069,0.00017960,0.00000000,0,0.00000000,37153,37161,30,0.00137272
1773322922.16465259,0.01569628,6092,0.00014238,0.00000000,0,0.00000000,37161,37165,39,0.00082798
1773322922.26480818,0.01499257,6082,0.00009664,0.00000000,0,0.00000000,37165,37176,23,0.00100718
1773322922.36498284,0.01223110,6092,0.00009485,0.00000000,0,0.00000000,37176,37179,33,0.00305752
1773322922.46507549,0.01697399,6106,0.00025212,0.00000000,0,0.00000000,37179,37167,32,0.00097441
1773322922.56518030,0.02718318,6126,0.00007800,0.00000000,0,0.00000000,37167,37158,26,0.00158891
1773322922.66526818,0.03008602,6076,0.00040823,0.00000000,0,0.00000000,37158,37158,23,0.00125082
1773322922.76527762,0.02393871,6056,0.00023938,0.00000000,0,0.00000000,37158,37151,15,0.00112673
1773322922.86529636,0.02673665,6132,0.00031896,0.00000000,0,0.00000000,37151,37146,29,0.00116586
1773322922.96538830,0.03086405,6118,0.00044986,0.00000000,0,0.00000000,37146,37141,30,0.00212122
1773322923.06551075,0.02079110,6070,0.00045273,0.00000000,0,0.00000000,37141,37148,32,0.00361496
1773322923.16563106,0.01929480,6057,0.00014763,0.00000000,0,0.00000000,37148,37155,36,0.00139733
1773322923.26575708,0.02311369,6091,0.00019287,0.00000000,0,0.00000000,37155,37144,34,0.00137147
1773322923.36493230,0.02385080,6090,0.00025699,0.00000000,0,0.00000000,37144,37121,36,0.00353874
1773322923.46435952,0.02462430,6173,0.00015188,0.00000000,0,0.00000000,37121,37130,25,0.00192254
1773322923.56448007,0.01882748,6108,0.00030818,0.00000000,0,0.00000000,37130,37145,32,0.00185434
1773322923.66438007,0.03116204,6205,0.00053794,0.00000000,0,0.00000000,37145,37149,37,0.00340885
1773322923.76442742,0.01857704,6152,0.00038540,0.00000000,0,0.00000000,37149,37152,36,0.00233062
1773322923.86442614,0.02422982,6184,0.00044216,0.00000000,0,0.00000000,37152,37153,33,0.00255495
1773322923.96457005,0.01477243,6197,0.00009399,0.00000000,0,0.00000000,37153,37150,33,0.00283852
1773322924.06461930,0.01369261,6199,0.00014554,0.00000000,0,0.00000000,37150,37156,39,0.00319059
1773322924.16470242,0.01731246,6189,0.00022512,0.00000000,0,0.00000000,37156,37126,27,0.00237561
1773322924.26488090,0.01360556,6164,0.00022498,0.00000000,0,0.00000000,37126,37113,25,0.00203328
1773322924.36505795,0.01620027,6156,0.00012252,0.00000000,0,0.00000000,37113,37120,36,0.00236425
1773322924.46504879,0.01338722,6220,0.00013722,0.00000000,0,0.00000000,37120,37133,32,0.00096638
1773322924.56523204,0.02449608,6221,0.00036362,0.00000000,0,0.00000000,37133,37139,23,0.00090817
1773322924.66531777,0.03148148,6167,0.00035625,0.00000000,0,0.00000000,37139,37147,26,0.00155134
1773322924.76526594,0.02347348,6178,0.00040327,0.00000000,0,0.00000000,37147,37148,25,0.00089584
1773322924.86539984,0.02063037,6194,0.00027511,0.00000000,0,0.00000000,37148,37151,19,0.00077761
1773322924.96553993,0.01520984,6165,0.00054169,0.00000000,0,0.00000000,37151,37163,35,0.00174872
1773322925.06545258,0.02281644,6191,0.00031356,0.00000000,0,0.00000000,37163,37152,25,0.00256234
1773322925.16557169,0.02228212,6215,0.00042081,0.00000000,0,0.00000000,37152,37159,38,0.00252187
1773322925.26571751,0.02392198,6177,0.00044326,0.00000000,0,0.00000000,37159,37170,39,0.00425523
1773322925.36475992,0.03147158,6192,0.00038008,0.00000000,0,0.00000000,37170,37178,30,0.00170814
1773322925.46442676,0.02526706,6221,0.00013877,0.00000000,0,0.00000000,37178,37185,37,0.00310898
1773322925.56488729,0.01529668,6197,0.00022903,0.00000000,0,0.00000000,37185,37187,32,0.00176086
1773322925.66455173,0.01926928,6255,0.00013593,0.00000000,0,0.00000000,37187,37198,44,0.00309247
1773322925.76499200,0.02900049,6168,0.00041193,0.00000000,0,0.00000000,37198,37206,29,0.00313547
1773322925.86437130,0.02438779,6273,0.00017551,0.00000000,0,0.00000000,37206,37211,36,0.00347858
1773322925.96461105,0.01860952,6243,0.00018230,0.00000000,0,0.00000000,37211,37216,43,0.00357497
1773322926.06463337,0.01493608,6251,0.00026176,0.00000000,0,0.00000000,37216,37220,46,0.00189274
1773322926.16480708,0.01592212,6237,0.00024546,0.00000000,0,0.00000000,37220,37203,47,0.00112553
1773322926.26487088,0.01506972,6252,0.00010605,0.00000000,0,0.00000000,37203,37210,29,0.00109313
1773322926.36497760,0.01454963,6250,0.00013025,0.00000000,0,0.00000000,37210,37213,22,0.00107046
1773322926.46502757,0.01365171,6298,0.00018094,0.00000000,0,0.00000000,37213,37221,33,0.00098596
1773322926.56515336,0.01716037,6268,0.00009475,0.00000000,0,0.00000000,37221,37227,27,0.00096211
1773322926.66527200,0.01744753,6259,0.00017747,0.00000000,0,0.00000000,37227,37232,26,0.00167684
1773322926.76529884,0.02346987,6277,0.00011372,0.00000000,0,0.00000000,37232,37235,19,0.00086119
1773322926.86523843,0.02055525,6298,0.00029036,0.00000000,0,0.00000000,37235,37235,28,0.00200812
1773322926.96529126,0.02275395,6270,0.00028654,0.00000000,0,0.00000000,37235,37239,23,0.00282223
1773322927.06546354,0.02460409,6308,0.00059295,0.00000000,0,0.00000000,37239,37223,28,0.00314159
1773322927.16556287,0.02644321,6292,0.00046023,0.00000000,0,0.00000000,37223,37231,24,0.00334275
1773322927.26567292,0.02342304,6282,0.00021951,0.00000000,0,0.00000000,37231,37230,22,0.00190144
1773322927.36477757,0.02288859,6301,0.00025923,0.00000000,0,0.00000000,37230,37237,18,0.00237352
1773322927.46568775,0.02402416,6332,0.00044667,0.00000000,0,0.00000000,37237,37240,25,0.00280956
1773322927.56472015,0.02583314,6312,0.00006997,0.00000000,0,0.00000000,37240,37244,13,0.00205956
1773322927.66451502,0.01712904,6298,0.00028924,0.00000000,0,0.00000000,37244,37249,25,0.00305734
1773322927.76491928,0.01999791,6278,0.00028566,0.00000000,0,0.00000000,37249,37256,23,0.00203556
1773322927.86451650,0.01728174,6296,0.00020879,0.00000000,0,0.00000000,37256,37256,18,0.00164374
1773322927.96458840,0.01918309,6270,0.00016059,0.00000000,0,0.00000000,37256,37232,27,0.00273707
1773322928.06444383,0.02200861,6294,0.00025953,0.00000000,0,0.00000000,37232,37231,21,0.00154849
1773322928.16449547,0.02237540,6271,0.00034696,0.00000000,0,0.00000000,37231,37241,27,0.00110280
1773322928.26465034,0.02242282,6281,0.00020015,0.00000000,0,0.00000000,37241,37236,18,0.00296595
1773322928.36473346,0.02354672,6261,0.00030613,0.00000000,0,0.00000000,37236,37232,22,0.00234610
1773322928.46491957,0.02117022,6286,0.00017693,0.00000000,0,0.00000000,37232,37239,14,0.00288263
1773322928.56501365,0.01372145,6269,0.00035063,0.00000000,0,0.00000000,37239,37246,19,0.00206383
1773322928.66508222,0.01637327,6241,0.00027235,0.00000000,0,0.00000000,37246,37251,16,0.00325566
1773322928.76510167,0.01646040,6267,0.00014407,0.00000000,0,0.00000000,37251,37252,22,0.00181364
1773322928.86523604,0.01340924,6307,0.00007526,0.00000000,0,0.00000000,37252,37246,24,0.00120960
1773322928.96537161,0.01899476,6284,0.00009138,0.00000000,0,0.00000000,37246,37250,21,0.00081142
1773322929.06535721,0.01993716,6325,0.00008215,0.00000000,0,0.00000000,37250,37243,22,0.00440794
1773322929.16540980,0.02126837,6276,0.00011414,0.00000000,0,0.00000000,37243,37222,18,0.00265479
1773322929.26553130,0.02107069,6252,0.00008042,0.00000000,0,0.00000000,37222,37226,20,0.00267836
1773322929.36558723,0.02483686,6286,0.00023807,0.00000000,0,0.00000000,37226,37227,31,0.00316446
1773322929.46570754,0.02856340,6245,0.00066697,0.00000000,0,0.00000000,37227,37226,28,0.00331850
1773322929.56560183,0.02787429,6266,0.00012135,0.00000000,0,0.00000000,37226,37228,23,0.00231739
1773322929.66438961,0.01742709,6285,0.00049652,0.00000000,0,0.00000000,37228,37234,44,0.00326697
1773322929.76440644,0.02554703,6264,0.00050911,0.00000000,0,0.00000000,37234,37231,24,0.00207392
1773322929.86455345,0.01915325,6286,0.00014434,0.00000000,0,0.00000000,37231,37238,28,0.00139520
1773322929.96462107,0.01024789,6249,0.00014806,0.00000000,0,0.00000000,37238,37235,24,0.00084022
1773322930.06448603,0.01232110,6274,0.00008285,0.00000000,0,0.00000000,37235,37241,21,0.00126899
1773322930.16447544,0.01963320,6295,0.00021076,0.00000000,0,0.00000000,37241,37253,27,0.00138429
1773322930.26459646,0.01355009,6265,0.00021350,0.00000000,0,0.00000000,37253,37250,37,0.00225458
1773322930.36466908,0.01314392,6277,0.00062407,0.00000000,0,0.00000000,37250,37253,36,0.00146693
1773322930.46472478,0.01366878,6292,0.00016742,0.00000000,0,0.00000000,37253,37242,24,0.00086914
1773322930.56485820,0.02226720,6275,0.00025414,0.00000000,0,0.00000000,37242,37246,20,0.00198632
1773322930.66486573,0.01769046,6265,0.00013539,0.00000000,0,0.00000000,37246,37253,28,0.00180302
1773322930.76500082,0.01189896,6302,0.00014452,0.00000000,0,0.00000000,37253,37253,26,0.00092954
1773322930.86506510,0.01171106,6269,0.00015287,0.00000000,0,0.00000000,37253,37245,28,0.00153316
1773322930.96517086,0.01531050,6273,0.00020625,0.00000000,0,0.00000000,37245,37252,30,0.00163855
1773322931.06517625,0.01304232,6243,0.00018919,0.00000000,0,0.00000000,37252,37257,29,0.00154330
1773322931.16526556,0.01455692,6231,0.00014705,0.00000000,0,0.00000000,37257,37261,22,0.00088689
1773322931.26523948,0.01896126,6242,0.00032586,0.00000000,0,0.00000000,37261,37267,29,0.00335217
1773322931.36550307,0.01656207,6224,0.00017472,0.00000000,0,0.00000000,37267,37267,33,0.00098335
1773322931.46552300,0.02198865,6135,0.00031077,0.00000000,0,0.00000000,37267,37272,22,0.00174655
1773322931.56540227,0.01825728,6156,0.00033474,0.00000000,0,0.00000000,37272,37279,24,0.00181642
1773322931.66542959,0.02833769,6118,0.00056117,0.00000000,0,0.00000000,37279,37270,33,0.00255340
1773322931.76549816,0.02146648,6076,0.00009801,0.00000000,0,0.00000000,37270,37271,25,0.00228755
1773322931.86458206,0.01693840,6135,0.00026261,0.00000000,0,0.00000000,37271,37268,25,0.00303330
1773322931.96574545,0.01943544,6091,0.00031173,0.00000000,0,0.00000000,37268,37276,26,0.00171485
1773322932.06588721,0.01887882,6142,0.00041208,0.00000000,0,0.00000000,37276,37241,33,0.00304450
1773322932.16580081,0.01398997,6136,0.00015211,0.00000000,0,0.00000000,37241,37248,20,0.00288720
1773322932.26467514,0.01225237,6206,0.00008586,0.00000000,0,0.00000000,37248,37257,28,0.00363119
1773322932.36485028,0.01367576,6201,0.00008328,0.00000000,0,0.00000000,37257,37264,21,0.00162576
1773322932.46505976,0.01247984,6146,0.00007618,0.00000000,0,0.00000000,37264,37271,21,0.00230447
1773322932.56437683,0.01363294,6189,0.00013447,0.00000000,0,0.00000000,37271,37271,21,0.00091448
1773322932.66451788,0.01493192,6178,0.00009696,0.00000000,0,0.00000000,37271,37277,22,0.00084302
1773322932.76449561,0.02013578,6159,0.00009129,0.00000000,0,0.00000000,37277,37281,22,0.00126558
1773322932.86446977,0.02529857,6183,0.00013663,0.00000000,0,0.00000000,37281,37276,20,0.00140020
1773322932.96469188,0.02540646,6179,0.00016487,0.00000000,0,0.00000000,37276,37283,22,0.00192116
1773322933.06462455,0.02504097,6188,0.00050235,0.00000000,0,0.00000000,37283,37290,31,0.00281273
1773322933.16475487,0.02297593,6202,0.00029342,0.00000000,0,0.00000000,37290,37284,19,0.00350016
1773322933.26490140,0.02132719,6180,0.00030190,0.00000000,0,0.00000000,37284,37295,26,0.00304874
1773322933.36485791,0.02562189,6227,0.00030148,0.00000000,0,0.00000000,37295,37299,24,0.00199308
1773322933.46506333,0.02003495,6179,0.00149494,0.00000000,0,0.00000000,37299,37194,25,0.00403116
1773322933.56500793,0.02519508,6170,0.00026999,0.00000000,0,0.00000000,37194,37200,24,0.00215617
1773322933.66513872,0.01824319,6159,0.00006109,0.00000000,0,0.00000000,37200,37202,18,0.00390752
1773322933.76511955,0.02141915,6178,0.00040849,0.00000000,0,0.00000000,37202,37206,28,0.00159334
1773322933.86526680,0.02228900,6182,0.00014359,0.00000000,0,0.00000000,37206,37202,26,0.00190119
1773322933.96522593,0.01233298,6196,0.00010700,0.00000000,0,0.00000000,37202,37180,28,0.00152117
1773322934.06521559,0.01272124,6214,0.00006492,0.00000000,0,0.00000000,37180,37183,13,0.00193351
1773322934.16522408,0.01366671,6192,0.00015969,0.00000000,0,0.00000000,37183,37185,18,0.00418682
1773322934.26453233,0.01090964,6201,0.00011114,0.00000000,0,0.00000000,37185,37182,28,0.00127591
1773322934.36558962,0.01426593,6186,0.00011842,0.00000000,0,0.00000000,37182,37189,19,0.00178946
1773322934.46550441,0.01086753,6196,0.00005570,0.00000000,0,0.00000000,37189,37194,25,0.00096557
1773322934.56472397,0.01852087,6227,0.00021077,0.00000000,0,0.00000000,37194,37201,16,0.00095587
1773322934.66483235,0.02010801,6182,0.00031735,0.00000000,0,0.00000000,37201,37203,24,0.00128991
1773322934.76473403,0.02073347,6227,0.00004915,0.00000000,0,0.00000000,37203,37201,18,0.00094289
1773322934.86493492,0.02088779,6152,0.00010921,0.00000000,0,0.00000000,37201,37206,18,0.00257179
1773322934.96443343,0.02603826,6172,0.00066236,0.00000000,0,0.00000000,37206,37196,22,0.00328161
1773322935.06446719,0.02625350,6173,0.00019453,0.00000000,0,0.00000000,37196,37194,17,0.00324166
1773322935.16440034,0.02157539,6212,0.00015060,0.00000000,0,0.00000000,37194,37197,16,0.00269128
1773322935.26452470,0.02191773,6206,0.00025187,0.00000000,0,0.00000000,37197,37198,25,0.00255018
1773322935.36434031,0.02618156,6212,0.00025215,0.00000000,0,0.00000000,37198,37201,25,0.00375905
1773322935.46447945,0.03565598,6257,0.00036071,0.00000000,0,0.00000000,37201,37199,17,0.00208650
1773322935.56451130,0.01974738,6237,0.00016381,0.00000000,0,0.00000000,37199,37206,21,0.00202937
1773322935.66458440,0.01673550,6250,0.00022141,0.00000000,0,0.00000000,37206,37210,19,0.00273704
1773322935.76464629,0.02329733,6254,0.00034746,0.00000000,0,0.00000000,37210,37222,27,0.00205797
1773322935.86473656,0.01477795,6278,0.00007908,0.00000000,0,0.00000000,37222,37224,24,0.00329254
1773322935.96480775,0.01374121,6244,0.00006390,0.00000000,0,0.00000000,37224,37230,21,0.00198716
1773322936.06494904,0.01292751,6269,0.00008109,0.00000000,0,0.00000000,37230,37233,17,0.00235393
1773322936.16495752,0.01749183,6279,0.00017196,0.00000000,0,0.00000000,37233,37230,20,0.00133343
1773322936.26510596,0.01346373,6256,0.00013261,0.00000000,0,0.00000000,37230,37232,12,0.00236489
1773322936.36505342,0.01502861,6318,0.00004457,0.00000000,0,0.00000000,37232,37236,16,0.00116873
1773322936.46522856,0.02223902,6282,0.00028622,0.00000000,0,0.00000000,37236,37245,35,0.00291440
1773322936.56530690,0.02636678,6327,0.00045365,0.00000000,0,0.00000000,37245,37249,22,0.00163307
1773322936.66534829,0.02568999,6294,0.00027465,0.00000000,0,0.00000000,37249,37252,26,0.00171797
1773322936.76526284,0.02736115,6296,0.00023724,0.00000000,0,0.00000000,37252,37258,20,0.00122673
1773322936.86532760,0.02563813,6296,0.00032201,0.00000000,0,0.00000000,37258,37251,17,0.00100460
1773322936.96555400,0.01972840,6331,0.00012008,0.00000000,0,0.00000000,37251,37249,29,0.00287173
1773322937.06550431,0.02566391,6292,0.00054376,0.00000000,0,0.00000000,37249,37260,44,0.00283149
1773322937.16558933,0.02264926,6323,0.00008841,0.00000000,0,0.00000000,37260,37263,27,0.00286585
1773322937.26566792,0.01436438,6322,0.00005704,0.00000000,0,0.00000000,37263,37269,22,0.00217801
1773322937.36576176,0.01316657,6273,0.00013826,0.00000000,0,0.00000000,37269,37265,28,0.00266002
1773322937.46471047,0.01452927,6343,0.00015530,0.00000000,0,0.00000000,37265,37258,33,0.00108464
1773322937.56480265,0.01547575,6336,0.00013699,0.00000000,0,0.00000000,37258,37252,28,0.00232591
1773322937.66476846,0.01481904,6316,0.00010879,0.00000000,0,0.00000000,37252,37262,25,0.00116439
1773322937.76485062,0.01365705,6326,0.00006268,0.00000000,0,0.00000000,37262,37261,19,0.00090984
1773322937.86447525,0.01660442,6349,0.00010117,0.00000000,0,0.00000000,37261,37266,31,0.00107103
1773322937.96451855,0.01427864,6344,0.00010991,0.00000000,0,0.00000000,37266,37276,25,0.00093462
1773322938.06452632,0.01565600,6330,0.00006881,0.00000000,0,0.00000000,37276,37280,26,0.00094024
1773322938.16450810,0.01351005,6343,0.00009822,0.00000000,0,0.00000000,37280,37279,26,0.00091710
1773322938.26453996,0.01599017,6370,0.00013104,0.00000000,0,0.00000000,37279,37276,31,0.00092802
1773322938.36463046,0.01601636,6342,0.00017595,0.00000000,0,0.00000000,37276,37282,34,0.00091503
1773322938.46465945,0.01501642,6347,0.00029716,0.00000000,0,0.00000000,37282,37193,25,0.00091274
1773322938.56475854,0.01510053,6318,0.00008397,0.00000000,0,0.00000000,37193,37198,21,0.00092593
1773322938.66478872,0.01564681,6317,0.00010462,0.00000000,0,0.00000000,37198,37210,30,0.00118796
1773322938.76488495,0.01470701,6308,0.00005397,0.00000000,0,0.00000000,37210,37215,22,0.00156043
1773322938.86494684,0.01760286,6321,0.00024759,0.00000000,0,0.00000000,37215,37219,22,0.00109289
1773322938.96504354,0.02348553,6279,0.00031148,0.00000000,0,0.00000000,37219,37221,23,0.00094956
1773322939.06514144,0.01987667,6279,0.00030775,0.00000000,0,0.00000000,37221,37226,22,0.00089780
1773322939.16514063,0.01623403,6262,0.00038721,0.00000000,0,0.00000000,37226,37218,19,0.00094872
1773322939.26522851,0.01679923,6268,0.00013666,0.00000000,0,0.00000000,37218,37224,13,0.00197821
1773322939.36527729,0.01458718,6236,0.00008077,0.00000000,0,0.00000000,37224,37229,21,0.00150145
1773322939.46524906,0.02220706,6254,0.00026764,0.00000000,0,0.00000000,37229,37235,13,0.00338013
1773322939.56525207,0.02575930,6284,0.00020642,0.00000000,0,0.00000000,37235,37238,16,0.00207517
1773322939.66535425,0.02100687,6239,0.00013072,0.00000000,0,0.00000000,37238,37230,26,0.00218491
1773322939.76528549,0.01436464,6282,0.00011020,0.00000000,0,0.00000000,37230,37234,17,0.00319751
1773322939.86558223,0.02524135,6276,0.00026314,0.00000000,0,0.00000000,37234,37233,16,0.00454878
1773322939.96558976,0.01819163,6221,0.00003509,0.00000000,0,0.00000000,37233,37236,11,0.00334686
1773322940.06556606,0.01628956,6273,0.00020534,0.00000000,0,0.00000000,37236,37237,24,0.00290440
1773322940.16571951,0.01579643,6248,0.00009808,0.00000000,0,0.00000000,37237,37244,19,0.00303782
1773322940.26556444,0.01496758,6272,0.00018713,0.00000000,0,0.00000000,37244,37241,24,0.00077759
1773322940.36567831,0.01735666,6256,0.00011633,0.00000000,0,0.00000000,37241,37247,20,0.00292353
1773322940.46445584,0.01199923,6264,0.00012543,0.00000000,0,0.00000000,37247,37247,26,0.00147451
1773322940.56452012,0.02194562,6320,0.00021238,0.00000000,0,0.00000000,37247,37252,14,0.00135204
1773322940.66479659,0.02299074,6331,0.00005636,0.00000000,0,0.00000000,37252,37254,14,0.00173821
1773322940.76454759,0.02446962,6295,0.00022254,0.00000000,0,0.00000000,37254,37262,34,0.00101352
1773322940.86448622,0.02313449,6324,0.00045103,0.00000000,0,0.00000000,37262,37245,29,0.00141145
1773322940.96447802,0.02424567,6307,0.00019125,0.00000000,0,0.00000000,37245,37249,20,0.00316695
1773322941.06444645,0.02171803,6337,0.00032137,0.00000000,0,0.00000000,37249,37254,30,0.00428457
1773322941.16456103,0.02393233,6324,0.00031396,0.00000000,0,0.00000000,37254,37259,25,0.00355883
1773322941.26457667,0.01800634,6351,0.00031450,0.00000000,0,0.00000000,37259,37266,22,0.00416274
1773322941.36466336,0.02280704,6331,0.00025384,0.00000000,0,0.00000000,37266,37273,24,0.00273061
1773322941.46463394,0.02039187,6370,0.00035972,0.00000000,0,0.00000000,37273,37279,27,0.00316380
1773322941.56474924,0.02683158,6354,0.00030177,0.00000000,0,0.00000000,37279,37291,36,0.00104090
1773322941.66472650,0.01831062,6358,0.00052247,0.00000000,0,0.00000000,37291,37267,31,0.00211814
1773322941.76479769,0.01501306,6334,0.00030407,0.00000000,0,0.00000000,37267,37271,33,0.00283583
1773322941.86490393,0.02398339,6319,0.00034535,0.00000000,0,0.00000000,37271,37273,27,0.00161385
1773322941.96501994,0.01282153,6336,0.00011799,0.00000000,0,0.00000000,37273,37271,27,0.00127572
1773322942.06500840,0.02081380,6305,0.00021258,0.00000000,0,0.00000000,37271,37275,28,0.00310223
1773322942.16501069,0.01338136,6316,0.00019116,0.00000000,0,0.00000000,37275,37283,26,0.00333872
1773322942.26517367,0.01716334,6323,0.00038326,0.00000000,0,0.00000000,37283,37282,23,0.00121828
1773322942.36522746,0.01506224,6313,0.00009417,0.00000000,0,0.00000000,37282,37284,23,0.00257377
1773322942.46534085,0.01383614,6291,0.00044574,0.00000000,0,0.00000000,37284,37286,30,0.00153765
1773322942.56529808,0.02681457,6289,0.00029751,0.00000000,0,0.00000000,37286,37296,25,0.00164341
1773322942.66540766,0.02678565,6318,0.00035929,0.00000000,0,0.00000000,37296,37302,26,0.00129798
1773322942.76540613,0.01957702,6315,0.00023990,0.00000000,0,0.00000000,37302,37307,21,0.00112897
1773322942.86547184,0.01799011,6327,0.00037041,0.00000000,0,0.00000000,37307,37295,23,0.00175972
1773322942.96575832,0.01561368,6286,0.00039006,0.00000000,0,0.00000000,37295,37302,26,0.00158033
1773322943.06559157,0.01851220,6326,0.00009283,0.00000000,0,0.00000000,37302,37300,25,0.00463743
1773322943.16569304,0.02061525,6309,0.00009740,0.00000000,0,0.00000000,37300,37307,24,0.00128935
1773322943.26561952,0.02507189,6367,0.00041373,0.00000000,0,0.00000000,37307,37293,32,0.00169175
1773322943.36566544,0.02271282,6354,0.00027390,0.00000000,0,0.00000000,37293,37298,25,0.00170896
1773322943.46573758,0.02612076,6366,0.00022111,0.00000000,0,0.00000000,37298,37297,23,0.00314120
1773322943.56573510,0.02358260,6326,0.00048117,0.00000000,0,0.00000000,37297,37278,27,0.00311701
1773322943.66446328,0.03830216,6318,0.00064066,0.00000000,0,0.00000000,37278,37282,21,0.00317361
1773322943.76439261,0.01461445,6375,0.00016960,0.00000000,0,0.00000000,37282,37283,14,0.00261128
1773322943.86459255,0.02737737,6336,0.00015068,0.00000000,0,0.00000000,37283,37262,20,0.00268644
1773322943.96462369,0.01814035,6318,0.00011959,0.00000000,0,0.00000000,37262,37255,16,0.00259269
1773322944.06450772,0.01735915,6343,0.00017482,0.00000000,0,0.00000000,37255,37261,28,0.00254506
1773322944.16451764,0.01431892,6327,0.00007030,0.00000000,0,0.00000000,37261,37262,23,0.00139440
1773322944.26442695,0.01530301,6366,0.00018018,0.00000000,0,0.00000000,37262,37269,14,0.00162596
1773322944.36447978,0.01250889,6389,0.00013447,0.00000000,0,0.00000000,37269,37268,24,0.00142692
1773322944.46465302,0.01742050,6319,0.00022980,0.00000000,0,0.00000000,37268,37264,19,0.00124591
1773322944.56460643,0.01863611,6347,0.00030068,0.00000000,0,0.00000000,37264,37271,24,0.00113625
1773322944.66465473,0.02556927,6334,0.00028481,0.00000000,0,0.00000000,37271,37270,16,0.00151395
1773322944.76474690,0.01790176,6331,0.00020459,0.00000000,0,0.00000000,37270,37270,17,0.00170896
1773322944.86478353,0.01910434,6319,0.00008027,0.00000000,0,0.00000000,37270,37275,16,0.00121768
1773322944.96486568,0.02048376,6313,0.00004644,0.00000000,0,0.00000000,37275,37283,16,0.00090152
1773322945.06494832,0.02184817,6352,0.00005930,0.00000000,0,0.00000000,37283,37287,16,0.00314717
1773322945.16498160,0.02306278,6339,0.00011462,0.00000000,0,0.00000000,37287,37293,28,0.00197208
1773322945.26507115,0.02464470,6334,0.00009747,0.00000000,0,0.00000000,37293,37294,25,0.00183516
1773322945.36507177,0.02729299,6368,0.00008901,0.00000000,0,0.00000000,37294,37299,25,0.00241957
1773322945.46514750,0.03898829,6333,0.00033606,0.00000000,0,0.00000000,37299,37302,21,0.00205780
1773322945.56515193,0.01976965,6335,0.00028818,0.00000000,0,0.00000000,37302,37307,23,0.00371218
1773322945.66526294,0.02747055,6310,0.00032995,0.00000000,0,0.00000000,37307,37306,22,0.00261141
1773322945.76533294,0.01989868,6269,0.00009060,0.00000000,0,0.00000000,37306,37316,20,0.00325678
1773322945.86542892,0.01844921,6243,0.00008467,0.00000000,0,0.00000000,37316,37320,26,0.00277680
1773322945.96527052,0.01914664,6260,0.00011481,0.00000000,0,0.00000000,37320,37325,23,0.00286794
1773322946.06540918,0.01948826,6230,0.00004503,0.00000000,0,0.00000000,37325,37332,20,0.00190768
1773322946.16550589,0.01509104,6157,0.00005996,0.00000000,0,0.00000000,37332,37331,24,0.00202147
1773322946.26537156,0.01515361,6206,0.00022215,0.00000000,0,0.00000000,37331,37301,20,0.00212499
1773322946.36550784,0.01841968,6168,0.00007975,0.00000000,0,0.00000000,37301,37303,25,0.00208305
1773322946.46554780,0.01670898,6198,0.00010948,0.00000000,0,0.00000000,37303,37308,28,0.00104388
1773322946.56561065,0.03167382,6131,0.00029233,0.00000000,0,0.00000000,37308,37303,26,0.00136073
1773322946.66461730,0.03315741,6147,0.00011016,0.00000000,0,0.00000000,37303,37306,24,0.00101174
1773322946.76466680,0.02569741,6109,0.00039060,0.00000000,0,0.00000000,37306,37306,40,0.00181810
1773322946.86456394,0.02640300,6085,0.00022867,0.00000000,0,0.00000000,37306,37313,23,0.00203513
1773322946.96582937,0.02049345,6119,0.00008858,0.00000000,0,0.00000000,37313,37317,25,0.00133546
1773322947.06589818,0.02303716,6064,0.00046389,0.00000000,0,0.00000000,37317,37312,35,0.00300141
1773322947.16477656,0.02061008,6159,0.00015840,0.00000000,0,0.00000000,37312,37295,33,0.00328582
1773322947.26499295,0.02449510,6083,0.00006838,0.00000000,0,0.00000000,37295,37305,27,0.00237266
1773322947.36440730,0.02833909,6108,0.00013234,0.00000000,0,0.00000000,37305,37298,35,0.00177885
1773322947.46485400,0.04314602,6089,0.00033455,0.00000000,0,0.00000000,37298,37309,34,0.00313328
1773322947.56491685,0.01984583,6031,0.00019861,0.00000000,0,0.00000000,37309,37313,30,0.00272780
1773322947.66442442,0.02509623,5990,0.00038277,0.00000000,0,0.00000000,37313,37311,37,0.00269784
1773322947.76450253,0.02146263,5973,0.00016042,0.00000000,0,0.00000000,37311,37316,31,0.00201002
1773322947.86450839,0.01731126,5860,0.00011397,0.00000000,0,0.00000000,37316,37331,36,0.00196377
1773322947.96459007,0.01793354,5852,0.00011505,0.00000000,0,0.00000000,37331,37327,27,0.00220455
1773322948.06457090,0.01705240,5854,0.00016107,0.00000000,0,0.00000000,37327,37337,31,0.00249770
1773322948.16467524,0.01751857,5833,0.00011829,0.00000000,0,0.00000000,37337,37346,28,0.00115332
1773322948.26466608,0.01845149,5945,0.00015125,0.00000000,0,0.00000000,37346,37353,31,0.00168687
1773322948.36464810,0.01893553,5970,0.00008017,0.00000000,0,0.00000000,37353,37354,35,0.00102310
1773322948.46467423,0.01846446,6041,0.00013940,0.00000000,0,0.00000000,37354,37355,33,0.00086407
1773322948.56485558,0.02227162,6012,0.00031321,0.00000000,0,0.00000000,37355,37346,27,0.00108036
1773322948.66478992,0.03449017,6102,0.00045986,0.00000000,0,0.00000000,37346,37352,43,0.00183643
1773322948.76485682,0.03541089,6093,0.00034862,0.00000000,0,0.00000000,37352,37363,34,0.00101512
1773322948.86491299,0.03434707,6136,0.00014497,0.00000000,0,0.00000000,37363,37362,27,0.00128318
1773322948.96507716,0.03210990,6060,0.00041710,0.00000000,0,0.00000000,37362,37356,27,0.00246005
1773322949.06504536,0.02712178,6113,0.00035890,0.00000000,0,0.00000000,37356,37359,26,0.00392909
1773322949.16502738,0.02700844,6095,0.00056026,0.00000000,0,0.00000000,37359,37360,38,0.00238718
1773322949.26519179,0.02969414,6101,0.00021359,0.00000000,0,0.00000000,37360,37358,35,0.00261698
1773322949.36524487,0.02151279,6114,0.00006636,0.00000000,0,0.00000000,37358,37358,26,0.00124431
1773322949.46533990,0.02343024,6081,0.00025334,0.00000000,0,0.00000000,37358,37362,25,0.00127710
1773322949.56540442,0.02886439,6061,0.00036974,0.00000000,0,0.00000000,37362,37370,24,0.00262027
1773322949.66546988,0.03097623,6019,0.00011568,0.00000000,0,0.00000000,37370,37368,29,0.00258495
1773322949.76535177,0.01836503,5992,0.00039661,0.00000000,0,0.00000000,37368,37375,31,0.00197777
1773322949.86518383,0.02633148,6054,0.00062478,0.00000000,0,0.00000000,37375,37373,23,0.00356583
1773322949.96570468,0.01804581,6020,0.00013379,0.00000000,0,0.00000000,37373,37378,33,0.00219614
1773322950.06536078,0.01686344,6008,0.00015183,0.00000000,0,0.00000000,37378,37333,36,0.00270894
1773322950.16539693,0.01461767,6014,0.00011811,0.00000000,0,0.00000000,37333,37343,31,0.00264623
1773322950.26557565,0.01354962,6010,0.00012120,0.00000000,0,0.00000000,37343,37353,25,0.00080113
1773322950.36553836,0.01317797,6037,0.00015640,0.00000000,0,0.00000000,37353,37359,24,0.00213110
1773322950.46565175,0.01595408,6049,0.00018363,0.00000000,0,0.00000000,37359,37370,26,0.00098973
1773322950.56563067,0.01506439,6028,0.00015723,0.00000000,0,0.00000000,37370,37377,29,0.00145533
1773322950.66469264,0.02217308,6101,0.00018222,0.00000000,0,0.00000000,37377,37378,39,0.00129496
1773322950.76570797,0.02646387,6004,0.00017647,0.00000000,0,0.00000000,37378,37393,27,0.00139059
1773322950.86475945,0.02829722,6092,0.00039974,0.00000000,0,0.00000000,37393,37384,33,0.00138245
1773322950.96485186,0.02555342,6058,0.00027211,0.00000000,0,0.00000000,37384,37394,23,0.00160839
1773322951.06492829,0.02491316,6063,0.00048535,0.00000000,0,0.00000000,37394,37395,40,0.00299369
1773322951.16485953,0.02711270,5995,0.00037118,0.00000000,0,0.00000000,37395,37389,23,0.00316033
1773322951.26444697,0.02665606,6100,0.00033125,0.00000000,0,0.00000000,37389,37386,26,0.00266433
1773322951.36456060,0.02411752,6030,0.00040567,0.00000000,0,0.00000000,37386,37399,31,0.00174162
1773322951.46444845,0.02912060,6089,0.00048130,0.00000000,0,0.00000000,37399,37404,28,0.00192677
1773322951.56451249,0.03655012,6100,0.00011323,0.00000000,0,0.00000000,37404,37404,25,0.00148174
1773322951.66449618,0.02244972,6125,0.00037190,0.00000000,0,0.00000000,37404,37418,44,0.00099480
1773322951.76450372,0.03108522,6154,0.00062673,0.00000000,0,0.00000000,37418,37427,36,0.00215191
1773322951.86446548,0.02429792,6167,0.00038797,0.00000000,0,0.00000000,37427,37433,33,0.00267913
1773322951.96449304,0.02273201,6195,0.00015463,0.00000000,0,0.00000000,37433,37441,29,0.00152389
1773322952.06463504,0.01943532,6190,0.00013989,0.00000000,0,0.00000000,37441,37442,37,0.00214081
1773322952.16458392,0.01854092,6198,0.00010073,0.00000000,0,0.00000000,37442,37443,30,0.00230316
1773322952.26465774,0.01961059,6209,0.00015676,0.00000000,0,0.00000000,37443,37453,34,0.00232634
1773322952.36470389,0.01660262,6209,0.00007397,0.00000000,0,0.00000000,37453,37455,35,0.00151882
1773322952.46483445,0.01800888,6206,0.00019559,0.00000000,0,0.00000000,37455,37457,34,0.00112538
1773322952.56487751,0.02145233,6204,0.00019958,0.00000000,0,0.00000000,37457,37464,36,0.00147550
1773322952.66487455,0.03240929,6185,0.00027236,0.00000000,0,0.00000000,37464,37473,38,0.00136665
1773322952.76494932,0.02930610,6256,0.00009350,0.00000000,0,0.00000000,37473,37474,19,0.00229334
1773322952.86514592,0.03059508,6220,0.00018522,0.00000000,0,0.00000000,37474,37481,32,0.00095063
1773322952.96525645,0.03336839,6186,0.00015860,0.00000000,0,0.00000000,37481,37484,32,0.00142183
1773322953.06502843,0.03344240,6220,0.00036813,0.00000000,0,0.00000000,37484,37444,41,0.00215888
1773322953.16508150,0.03396617,6218,0.00025949,0.00000000,0,0.00000000,37444,37445,17,0.00294542
1773322953.26516652,0.03456385,6207,0.00021993,0.00000000,0,0.00000000,37445,37430,30,0.00337267
1773322953.36527276,0.03331708,6188,0.00049756,0.00000000,0,0.00000000,37430,37439,40,0.00313152
1773322953.46535444,0.03587275,6170,0.00056522,0.00000000,0,0.00000000,37439,37435,38,0.00223300
1773322953.56514192,0.02873008,6254,0.00041309,0.00000000,0,0.00000000,37435,37449,35,0.00104593
1773322953.66540384,0.03149258,6198,0.00080147,0.00000000,0,0.00000000,37449,37455,36,0.00298891
1773322953.76535201,0.03921545,6225,0.00012151,0.00000000,0,0.00000000,37455,37463,32,0.00177862
1773322953.86544180,0.03846501,6185,0.00045840,0.00000000,0,0.00000000,37463,37461,34,0.00318380
1773322953.96529102,0.02365312,6212,0.00023853,0.00000000,0,0.00000000,37461,37474,52,0.00168471
1773322954.06554413,0.03996834,6164,0.00024459,0.00000000,0,0.00000000,37474,37480,50,0.00161086
1773322954.16546226,0.04021319,6197,0.00052545,0.00000000,0,0.00000000,37480,37486,45,0.00265563
1773322954.26552248,0.04030671,6171,0.00029448,0.00000000,0,0.00000000,37486,37474,31,0.00242335
1773322954.36552525,0.02571682,6210,0.00018693,0.00000000,0,0.00000000,37474,37470,31,0.00240667
1773322954.46556473,0.03029053,6142,0.00056856,0.00000000,0,0.00000000,37470,37466,29,0.00195182
1773322954.56562924,0.03697633,6152,0.00062113,0.00000000,0,0.00000000,37466,37466,46,0.00119440
1773322954.66585660,0.03058184,6128,0.00056834,0.00000000,0,0.00000000,37466,37466,41,0.00186969
1773322954.76471162,0.03142096,6130,0.00039215,0.00000000,0,0.00000000,37466,37477,35,0.00281985
1773322954.86471558,0.03465315,6168,0.00037899,0.00000000,0,0.00000000,37477,37488,45,0.00175625
1773322954.96578312,0.02923230,6056,0.00049250,0.00000000,0,0.00000000,37488,37489,34,0.00203518
1773322955.06479716,0.02672276,6121,0.00035947,0.00000000,0,0.00000000,37489,37481,40,0.00211133
1773322955.16433692,0.03181248,6197,0.00021409,0.00000000,0,0.00000000,37481,37481,40,0.00224379
1773322955.26491904,0.03525815,6080,0.00016579,0.00000000,0,0.00000000,37481,37488,41,0.00208470
1773322955.36429930,0.03766295,6129,0.00013016,0.00000000,0,0.00000000,37488,37500,31,0.00415979
1773322955.46452856,0.04323132,6050,0.00022389,0.00000000,0,0.00000000,37500,37502,32,0.00284876
1773322955.56448388,0.02613539,6087,0.00038495,0.00000000,0,0.00000000,37502,37488,33,0.00224029
1773322955.66452909,0.03357754,6095,0.00021550,0.00000000,0,0.00000000,37488,37478,34,0.00204980
1773322955.76452684,0.01907621,6008,0.00015846,0.00000000,0,0.00000000,37478,37470,40,0.00113697
1773322955.86437583,0.01876384,6054,0.00010919,0.00000000,0,0.00000000,37470,37468,29,0.00323190
1773322955.96458983,0.01843833,5951,0.00007891,0.00000000,0,0.00000000,37468,37473,24,0.00243079
1773322956.06443048,0.02106876,6002,0.00014659,0.00000000,0,0.00000000,37473,37475,30,0.00195596
1773322956.16450405,0.01579370,6072,0.00010540,0.00000000,0,0.00000000,37475,37475,30,0.00345629
1773322956.26451278,0.01898676,6116,0.00015562,0.00000000,0,0.00000000,37475,37474,32,0.00253484
1773322956.36473107,0.01751707,6152,0.00016371,0.00000000,0,0.00000000,37474,37482,29,0.00107080
1773322956.46476316,0.01583431,6162,0.00015535,0.00000000,0,0.00000000,37482,37469,28,0.00107431
1773322956.56477618,0.01788704,6192,0.00022976,0.00000000,0,0.00000000,37469,37465,31,0.00100518
1773322956.66486835,0.01906478,6197,0.00007121,0.00000000,0,0.00000000,37465,37469,24,0.00102038
1773322956.76498270,0.01946326,6214,0.00011828,0.00000000,0,0.00000000,37469,37468,21,0.00334229
1773322956.86499119,0.01643780,6265,0.00011352,0.00000000,0,0.00000000,37468,37479,32,0.00105293
1773322956.96498775,0.01552357,6233,0.00008374,0.00000000,0,0.00000000,37479,37488,24,0.00320544
1773322957.06501746,0.01648935,6262,0.00010813,0.00000000,0,0.00000000,37488,37489,22,0.00322013
1773322957.16507292,0.01417169,6295,0.00011324,0.00000000,0,0.00000000,37489,37479,28,0.00271884
1773322957.26502562,0.02572609,6271,0.00055765,0.00000000,0,0.00000000,37479,37449,28,0.00138043
1773322957.36513352,0.01863344,6288,0.00008481,0.00000000,0,0.00000000,37449,37453,18,0.00184045
1773322957.46520782,0.02449019,6268,0.00024530,0.00000000,0,0.00000000,37453,37441,18,0.00167379
1773322957.56527805,0.03221623,6273,0.00036719,0.00000000,0,0.00000000,37441,37456,29,0.00118195
1773322957.66519022,0.01790565,6298,0.00019391,0.00000000,0,0.00000000,37456,37462,31,0.00088777
1773322957.76533628,0.02564608,6260,0.00037742,0.00000000,0,0.00000000,37462,37453,25,0.00171248
1773322957.86526871,0.01937956,6259,0.00008556,0.00000000,0,0.00000000,37453,37461,32,0.00341660
1773322957.96529460,0.01551495,6261,0.00013250,0.00000000,0,0.00000000,37461,37459,27,0.00282332
1773322958.06538248,0.01837784,6238,0.00045436,0.00000000,0,0.00000000,37459,37466,37,0.00244456
1773322958.16538501,0.01580015,6237,0.00014810,0.00000000,0,0.00000000,37466,37474,28,0.00316457
1773322958.26543307,0.01460206,6246,0.00015543,0.00000000,0,0.00000000,37474,37481,25,0.00233259
1773322958.36547661,0.01452480,6236,0.00008405,0.00000000,0,0.00000000,37481,37482,32,0.00260428
1773322958.46552658,0.01739658,6224,0.00050502,0.00000000,0,0.00000000,37482,37493,42,0.00108088
1773322958.56537390,0.02192978,6232,0.00037159,0.00000000,0,0.00000000,37493,37500,32,0.00137821
1773322958.66547942,0.02132228,6243,0.00062156,0.00000000,0,0.00000000,37500,37501,35,0.00122959
1773322958.76460075,0.02579484,6228,0.00049294,0.00000000,0,0.00000000,37501,37513,34,0.00255166
1773322958.86465931,0.02574402,6247,0.00042758,0.00000000,0,0.00000000,37513,37524,36,0.00116823
1773322958.96565247,0.02612162,6224,0.00016357,0.00000000,0,0.00000000,37524,37514,20,0.00139456
1773322959.06464958,0.02460888,6173,0.00029595,0.00000000,0,0.00000000,37514,37526,27,0.00268558
1773322959.16437101,0.02338690,6197,0.00047889,0.00000000,0,0.00000000,37526,37521,25,0.00281277
1773322959.26462293,0.02371245,6186,0.00032204,0.00000000,0,0.00000000,37521,37529,27,0.00342963
1773322959.36445928,0.02599236,6208,0.00036064,0.00000000,0,0.00000000,37529,37537,27,0.00248111
1773322959.46472216,0.02254399,6143,0.00012619,0.00000000,0,0.00000000,37537,37540,30,0.00182514
1773322959.56476831,0.02423148,6139,0.00056650,0.00000000,0,0.00000000,37540,37528,26,0.00271864
1773322959.66444016,0.02598367,6141,0.00009353,0.00000000,0,0.00000000,37528,37535,23,0.00123046
1773322959.76480317,0.01868825,6097,0.00027112,0.00000000,0,0.00000000,37535,37541,27,0.00097107
1773322959.86448288,0.01619415,6152,0.00003864,0.00000000,0,0.00000000,37541,37545,20,0.00675340
1773322959.96450591,0.01549656,5975,0.00009248,0.00000000,0,0.00000000,37545,37546,25,0.00542556
1773322960.06427264,0.01701416,6105,0.00030313,0.00000000,0,0.00000000,37546,37549,30,0.00496701
1773322960.16434121,0.01437376,6064,0.00008319,0.00000000,0,0.00000000,37549,37544,19,0.00442849
1773322960.26447105,0.01418597,6084,0.00008481,0.00000000,0,0.00000000,37544,37552,21,0.00108493
1773322960.36455202,0.01505818,6028,0.00008068,0.00000000,0,0.00000000,37552,37570,29,0.00092388
1773322960.46443486,0.01236186,6088,0.00014264,0.00000000,0,0.00000000,37570,37570,24,0.00148048
1773322960.56446767,0.02054361,6031,0.00005964,0.00000000,0,0.00000000,37570,37573,17,0.00158677
1773322960.66465545,0.02116974,6018,0.00009240,0.00000000,0,0.00000000,37573,37573,17,0.00125655
1773322960.76453447,0.02339260,5983,0.00025921,0.00000000,0,0.00000000,37573,37570,19,0.00161827
1773322960.86464930,0.02427664,6004,0.00020622,0.00000000,0,0.00000000,37570,37574,12,0.00103696
1773322960.96473265,0.02346937,5910,0.00031841,0.00000000,0,0.00000000,37574,37578,26,0.00293664
1773322961.06465650,0.02075392,5952,0.00038952,0.00000000,0,0.00000000,37578,37586,22,0.00330534
1773322961.16479230,0.02398250,5979,0.00044572,0.00000000,0,0.00000000,37586,37587,24,0.00314460
1773322961.26479411,0.02684020,5960,0.00011766,0.00000000,0,0.00000000,37587,37588,20,0.00114945
1773322961.36486506,0.02609900,5913,0.00041551,0.00000000,0,0.00000000,37588,37596,29,0.00239343
1773322961.46495891,0.02295731,5926,0.00041641,0.00000000,0,0.00000000,37596,37603,31,0.00132465
1773322961.56496382,0.03739000,5916,0.00039417,0.00000000,0,0.00000000,37603,37608,24,0.00143518
1773322961.66504931,0.01481370,5895,0.00019643,0.00000000,0,0.00000000,37608,37608,18,0.00311465
1773322961.76497841,0.02728667,5907,0.00018817,0.00000000,0,0.00000000,37608,37613,15,0.00260498
1773322961.86505318,0.01759589,5907,0.00005868,0.00000000,0,0.00000000,37613,37619,20,0.00234856
1773322961.96508193,0.01437713,5939,0.00005606,0.00000000,0,0.00000000,37619,37620,18,0.00269396
1773322962.06512523,0.01640519,5943,0.00014177,0.00000000,0,0.00000000,37620,37620,25,0.00172949
1773322962.16518903,0.01485373,5912,0.00006661,0.00000000,0,0.00000000,37620,37622,20,0.00243990
1773322962.26515460,0.01267668,5886,0.00016748,0.00000000,0,0.00000000,37622,37633,28,0.00264152
1773322962.36517072,0.01326123,5957,0.00010790,0.00000000,0,0.00000000,37633,37637,24,0.00243684
1773322962.46523428,0.02052589,5915,0.00030388,0.00000000,0,0.00000000,37637,37639,26,0.00077805
1773322962.56532001,0.02206039,5964,0.00032619,0.00000000,0,0.00000000,37639,37647,33,0.00293616
1773322962.66541600,0.01342597,5796,0.00039014,0.00000000,0,0.00000000,37647,37650,30,0.00110547
1773322962.76528621,0.02061409,5828,0.00035361,0.00000000,0,0.00000000,37650,37663,32,0.00141960
1773322962.86548257,0.01598019,5679,0.00007774,0.00000000,0,0.00000000,37663,37667,17,0.00191662
1773322962.96544361,0.02144891,5680,0.00027060,0.00000000,0,0.00000000,37667,37672,21,0.00128868
1773322963.06543994,0.02176814,5566,0.00041211,0.00000000,0,0.00000000,37672,37674,18,0.00159904
1773322963.16552138,0.02065366,5527,0.00019059,0.00000000,0,0.00000000,37674,37667,12,0.00219013
1773322963.26544976,0.01813805,5394,0.00021534,0.00000000,0,0.00000000,37667,37673,18,0.00345852
1773322963.36548400,0.01482184,5351,0.00020025,0.00000000,0,0.00000000,37673,37678,15,0.00192648
1773322963.46555233,0.01348074,5182,0.00011102,0.00000000,0,0.00000000,37678,37682,13,0.00245888
1773322963.56462097,0.01252720,5164,0.00020826,0.00000000,0,0.00000000,37682,37683,10,0.00206005
1773322963.66561890,0.01335161,4974,0.00020029,0.00000000,0,0.00000000,37683,37685,11,0.00282817
1773322963.76555872,0.01174146,4846,0.00021590,0.00000000,0,0.00000000,37685,37681,7,0.00223797
1773322963.86566997,0.00525970,4642,0.00003021,0.00000000,0,0.00000000,37681,37685,8,0.00243913
1773322963.96439362,0.01019315,4542,0.00041442,0.00000000,0,0.00000000,37685,37633,11,0.00205107
1773322964.06443262,0.00432743,4598,0.00003744,0.00000000,0,0.00000000,37633,37627,6,0.00148990
1773322964.16463780,0.00516278,4433,0.00001912,0.00000000,0,0.00000000,37627,37629,5,0.00097820
1773322964.26476097,0.00403225,4227,0.00001774,0.00000000,0,0.00000000,37629,37631,6,0.00333596
1773322964.36424232,0.00473814,4106,0.00001671,0.00000000,0,0.00000000,37631,37634,3,0.00299891
1773322964.46448112,0.00405572,3847,0.00001087,0.00000000,0,0.00000000,37634,37636,3,0.00131258
1773322964.56459451,0.00742477,3740,0.00008015,0.00000000,0,0.00000000,37636,37640,4,0.00136728
1773322964.66453838,0.00905690,3476,0.00011933,0.00000000,0,0.00000000,37640,37643,6,0.00167610
1773322964.76441813,0.00947765,3389,0.00008717,0.00000000,0,0.00000000,37643,37645,6,0.00129845
1773322964.86466217,0.01014788,3391,0.00015023,0.00000000,0,0.00000000,37645,37646,9,0.00123874
1773322964.96452808,0.00925654,3460,0.00006702,0.00000000,0,0.00000000,37646,37649,5,0.00143170
1773322965.06455088,0.00992006,3575,0.00012441,0.00000000,0,0.00000000,37649,37651,7,0.00169508
1773322965.16454482,0.01166431,3765,0.00034315,0.00000000,0,0.00000000,37651,37611,14,0.00221381
1773322965.26463723,0.01010438,3950,0.00024653,0.00000000,0,0.00000000,37611,37608,12,0.00287350
1773322965.36453652,0.00881355,4107,0.00018268,0.00000000,0,0.00000000,37608,37613,13,0.00134346
1773322965.46465015,0.01161359,4340,0.00017288,0.00000000,0,0.00000000,37613,37617,13,0.00143769
1773322965.56463122,0.01487939,4393,0.00014033,0.00000000,0,0.00000000,37617,37619,8,0.00119525
1773322965.66467786,0.02196676,4526,0.00020400,0.00000000,0,0.00000000,37619,37628,20,0.00165052
1773322965.76463723,0.01340576,4486,0.00008443,0.00000000,0,0.00000000,37628,37624,11,0.00312191
1773322965.86478996,0.01276694,4605,0.00015675,0.00000000,0,0.00000000,37624,37631,15,0.00145549
1773322965.96481657,0.02090417,4488,0.00028685,0.00000000,0,0.00000000,37631,37615,15,0.00155277
1773322966.06490517,0.01305081,4615,0.00004844,0.00000000,0,0.00000000,37615,37621,15,0.00171578
1773322966.16486478,0.01118787,4526,0.00029435,0.00000000,0,0.00000000,37621,37618,14,0.00181510
1773322966.26488304,0.01127730,4536,0.00011031,0.00000000,0,0.00000000,37618,37609,19,0.00146134
1773322966.36492562,0.00962484,4607,0.00008576,0.00000000,0,0.00000000,37609,37617,22,0.00337729
1773322966.46498370,0.01317351,4685,0.00008479,0.00000000,0,0.00000000,37617,37627,22,0.00134442
1773322966.56501222,0.01835434,4738,0.00032762,0.00000000,0,0.00000000,37627,37615,26,0.00108460
1773322966.66504550,0.02000018,4710,0.00010671,0.00000000,0,0.00000000,37615,37603,16,0.00110071
1773322966.76498103,0.02635363,4822,0.00054531,0.00000000,0,0.00000000,37603,37608,30,0.00087861
1773322966.86522269,0.02368246,4764,0.00047726,0.00000000,0,0.00000000,37608,37599,27,0.00168339
1773322966.96519089,0.02539245,4912,0.00037500,0.00000000,0,0.00000000,37599,37610,29,0.00206063
1773322967.06511188,0.02160904,4874,0.00021101,0.00000000,0,0.00000000,37610,37611,21,0.00215601
1773322967.16526532,0.01991370,4939,0.00024865,0.00000000,0,0.00000000,37611,37611,25,0.00293916
1773322967.26531506,0.01878705,4890,0.00030271,0.00000000,0,0.00000000,37611,37616,23,0.00164910
1773322967.36518025,0.01607749,4955,0.00012901,0.00000000,0,0.00000000,37616,37616,16,0.00223268
1773322967.46515298,0.02207228,4878,0.00056634,0.00000000,0,0.00000000,37616,37601,20,0.00183686
1773322967.56541061,0.03539852,5021,0.00055834,0.00000000,0,0.00000000,37601,37605,20,0.00188737
1773322967.66536331,0.01209952,4909,0.00012417,0.00000000,0,0.00000000,37605,37613,25,0.00188325
1773322967.76544547,0.01757382,4935,0.00027204,0.00000000,0,0.00000000,37613,37617,24,0.00158789
1773322967.86557627,0.02524585,4965,0.00011597,0.00000000,0,0.00000000,37617,37625,25,0.00372736
1773322967.96558237,0.01757205,4930,0.00011963,0.00000000,0,0.00000000,37625,37627,21,0.00394872
1773322968.06553149,0.01652130,4943,0.00026504,0.00000000,0,0.00000000,37627,37630,21,0.00142260
1773322968.16533375,0.01869871,4903,0.00019487,0.00000000,0,0.00000000,37630,37623,23,0.00107429
1773322968.26542115,0.01525736,4943,0.00007845,0.00000000,0,0.00000000,37623,37633,27,0.00123681
1773322968.36543107,0.01335945,4880,0.00008674,0.00000000,0,0.00000000,37633,37641,19,0.00199944
1773322968.46558642,0.01376450,5007,0.00009617,0.00000000,0,0.00000000,37641,37635,27,0.00250321
1773322968.56557059,0.01155528,4942,0.00011630,0.00000000,0,0.00000000,37635,37636,23,0.00155440
1773322968.66564536,0.02616796,4950,0.00031330,0.00000000,0,0.00000000,37636,37637,24,0.00114184
1773322968.76463318,0.02106515,4945,0.00025078,0.00000000,0,0.00000000,37637,37639,17,0.00199577
1773322968.86460590,0.01734919,5023,0.00008850,0.00000000,0,0.00000000,37639,37631,23,0.00091378
1773322968.96474886,0.01721947,4880,0.00017362,0.00000000,0,0.00000000,37631,37635,22,0.00102113
1773322969.06465054,0.01896107,4981,0.00015792,0.00000000,0,0.00000000,37635,37641,21,0.00183457
1773322969.16448402,0.01938742,4998,0.00013510,0.00000000,0,0.00000000,37641,37648,35,0.00095659
1773322969.26457405,0.02216100,4893,0.00007635,0.00000000,0,0.00000000,37648,37640,19,0.00289706
1773322969.36471438,0.02277737,4880,0.00022509,0.00000000,0,0.00000000,37640,37640,18,0.00199247
1773322969.46468449,0.02222844,4780,0.00032609,0.00000000,0,0.00000000,37640,37649,26,0.00195513
1773322969.56485701,0.02092890,4638,0.00043589,0.00000000,0,0.00000000,37649,37648,12,0.00256470
1773322969.66471696,0.03173113,4657,0.00067027,0.00000000,0,0.00000000,37648,37648,21,0.00287501
1773322969.76481128,0.01414467,4541,0.00006258,0.00000000,0,0.00000000,37648,37654,18,0.00220180
1773322969.86483812,0.01890762,4566,0.00023774,0.00000000,0,0.00000000,37654,37652,19,0.00422074
1773322969.96498179,0.02250984,4452,0.00034023,0.00000000,0,0.00000000,37652,37654,13,0.00237839
1773322970.06513739,0.01338890,4465,0.00003999,0.00000000,0,0.00000000,37654,37661,12,0.00230782
1773322970.16485953,0.00936754,4599,0.00013185,0.00000000,0,0.00000000,37661,37667,16,0.00263218
1773322970.26489639,0.01195704,4874,0.00005187,0.00000000,0,0.00000000,37667,37657,15,0.00119292
1773322970.36489248,0.01098364,4884,0.00008003,0.00000000,0,0.00000000,37657,37660,15,0.00102297
1773322970.46499228,0.01193346,5065,0.00004983,0.00000000,0,0.00000000,37660,37667,15,0.00334883
1773322970.56448555,0.01980644,5117,0.00020146,0.00000000,0,0.00000000,37667,37665,18,0.00116601
1773322970.66448116,0.02761145,5271,0.00010350,0.00000000,0,0.00000000,37665,37666,17,0.00279746
1773322970.76500988,0.02065043,5177,0.00027182,0.00000000,0,0.00000000,37666,37671,21,0.00104977
1773322970.86447763,0.03944278,5258,0.00017769,0.00000000,0,0.00000000,37671,37679,16,0.00117480
1773322970.96445537,0.03254446,5216,0.00027407,0.00000000,0,0.00000000,37679,37683,23,0.00170455
1773322971.06449795,0.03388083,5246,0.00028726,0.00000000,0,0.00000000,37683,37683,20,0.00245272
1773322971.16447258,0.02277504,5282,0.00018993,0.00000000,0,0.00000000,37683,37687,14,0.00335642
1773322971.26452255,0.03929927,5288,0.00014963,0.00000000,0,0.00000000,37687,37670,17,0.00119519
1773322971.36468172,0.01740631,5288,0.00007044,0.00000000,0,0.00000000,37670,37666,15,0.00573579
1773322971.46462870,0.01656121,5281,0.00008453,0.00000000,0,0.00000000,37666,37667,21,0.00335138
1773322971.56467271,0.02541874,5307,0.00037409,0.00000000,0,0.00000000,37667,37671,17,0.00281251
1773322971.66472387,0.02381418,5336,0.00046648,0.00000000,0,0.00000000,37671,37671,22,0.00097981
1773322971.76479149,0.01381176,5248,0.00013473,0.00000000,0,0.00000000,37671,37672,8,0.00387505
1773322971.86465240,0.02231324,5307,0.00030173,0.00000000,0,0.00000000,37672,37682,21,0.00292566
1773322971.96468210,0.01577953,5281,0.00009732,0.00000000,0,0.00000000,37682,37679,17,0.00224054
1773322972.06478405,0.01278106,5301,0.00005127,0.00000000,0,0.00000000,37679,37685,18,0.00278628
1773322972.16494322,0.01159465,5276,0.00021615,0.00000000,0,0.00000000,37685,37688,17,0.00198491
1773322972.26492476,0.01357722,5208,0.00006520,0.00000000,0,0.00000000,37688,37699,18,0.00110291
1773322972.36485648,0.01227901,5286,0.00008891,0.00000000,0,0.00000000,37699,37703,16,0.00191368
1773322972.46486807,0.01289232,5257,0.00005644,0.00000000,0,0.00000000,37703,37698,15,0.00163479
1773322972.56499028,0.01213259,5273,0.00007186,0.00000000,0,0.00000000,37698,37703,14,0.00085532
1773322972.66504741,0.02304562,5210,0.00042817,0.00000000,0,0.00000000,37703,37693,13,0.00085503
1773322972.76512265,0.02224558,5180,0.00005677,0.00000000,0,0.00000000,37693,37691,13,0.00087844
1773322972.86511636,0.02327617,5108,0.00019663,0.00000000,0,0.00000000,37691,37693,19,0.00127996
1773322972.96518922,0.02113476,5030,0.00068314,0.00000000,0,0.00000000,37693,37698,21,0.00131204
1773322973.06507063,0.02314737,5001,0.00030617,0.00000000,0,0.00000000,37698,37702,20,0.00219673
1773322973.16511846,0.01520949,4919,0.00008599,0.00000000,0,0.00000000,37702,37703,15,0.00200617
1773322973.26527953,0.01428286,4873,0.00015716,0.00000000,0,0.00000000,37703,37700,10,0.00227775
1773322973.36527085,0.01361361,4800,0.00014574,0.00000000,0,0.00000000,37700,37703,17,0.00271973
1773322973.46517611,0.01626845,4792,0.00015039,0.00000000,0,0.00000000,37703,37705,11,0.00252932
1773322973.56523395,0.02411835,4828,0.00028014,0.00000000,0,0.00000000,37705,37709,21,0.00210192
1773322973.66526365,0.02291590,4798,0.00010940,0.00000000,0,0.00000000,37709,37704,15,0.00175677
1773322973.76532173,0.01369015,4781,0.00024170,0.00000000,0,0.00000000,37704,37702,12,0.00210564
1773322973.86511278,0.01798546,4523,0.00020845,0.00000000,0,0.00000000,37702,37706,16,0.00289547
1773322973.96445131,0.01304952,4398,0.00003061,0.00000000,0,0.00000000,37706,37713,15,0.00203880
1773322974.06534934,0.01125999,4631,0.00007929,0.00000000,0,0.00000000,37713,37706,9,0.00271462
1773322974.16549826,0.00704484,4710,0.00003826,0.00000000,0,0.00000000,37706,37709,11,0.00302051
1773322974.26447701,0.00878840,4756,0.00008072,0.00000000,0,0.00000000,37709,37708,20,0.00239097
1773322974.36543918,0.00800906,4909,0.00021252,0.00000000,0,0.00000000,37708,37713,22,0.00172343
1773322974.46455741,0.00969462,5198,0.00013652,0.00000000,0,0.00000000,37713,37731,35,0.00181572
1773322974.56456232,0.01618323,5390,0.00018534,0.00000000,0,0.00000000,37731,37714,20,0.00168706
1773322974.66551065,0.01759832,5304,0.00008542,0.00000000,0,0.00000000,37714,37718,21,0.00162917
1773322974.76545429,0.01809974,5212,0.00027020,0.00000000,0,0.00000000,37718,37723,27,0.00102447
1773322974.86550379,0.02269273,4992,0.00012107,0.00000000,0,0.00000000,37723,37729,18,0.00158241
1773322974.96557832,0.01754681,4890,0.00024470,0.00000000,0,0.00000000,37729,37737,21,0.00175201
1773322975.06474137,0.01655161,4985,0.00023171,0.00000000,0,0.00000000,37737,37744,16,0.00183451
1773322975.16554570,0.01360836,5051,0.00017022,0.00000000,0,0.00000000,37744,37747,13,0.00248195
1773322975.26560354,0.02311438,4980,0.00039088,0.00000000,0,0.00000000,37747,37728,21,0.00223857
1773322975.36566877,0.01504450,5288,0.00017220,0.00000000,0,0.00000000,37728,37723,22,0.00187291
1773322975.46575212,0.01712973,5328,0.00030508,0.00000000,0,0.00000000,37723,37735,19,0.00098168
1773322975.56485820,0.02867000,5425,0.00028201,0.00000000,0,0.00000000,37735,37737,16,0.00105708
1773322975.66574240,0.01613075,5357,0.00008834,0.00000000,0,0.00000000,37737,37741,18,0.00215129
1773322975.76493430,0.01471969,5482,0.00006950,0.00000000,0,0.00000000,37741,37746,14,0.00122121
1773322975.86489415,0.01975929,5441,0.00027386,0.00000000,0,0.00000000,37746,37743,21,0.00280745
1773322975.96489334,0.01197696,5504,0.00005283,0.00000000,0,0.00000000,37743,37737,12,0.00136130
1773322976.06497073,0.01493245,5491,0.00007052,0.00000000,0,0.00000000,37737,37744,22,0.00098133
1773322976.16498685,0.01384596,5526,0.00013266,0.00000000,0,0.00000000,37744,37749,18,0.00133114
1773322976.26480889,0.01264688,5489,0.00005873,0.00000000,0,0.00000000,37749,37745,15,0.00104613
1773322976.36443806,0.00996308,5577,0.00006713,0.00000000,0,0.00000000,37745,37749,18,0.00262062
1773322976.46455836,0.01393753,5479,0.00005911,0.00000000,0,0.00000000,37749,37756,16,0.00102570
1773322976.56447601,0.01278634,5558,0.00017988,0.00000000,0,0.00000000,37756,37756,19,0.00080037
1773322976.66666126,0.02308064,5516,0.00042955,0.00000000,0,0.00000000,37756,37762,35,0.00158622
1773322976.76448917,0.01980121,5528,0.00046857,0.00000000,0,0.00000000,37762,37744,31,0.00077585
1773322976.86501169,0.01643107,5544,0.00007666,0.00000000,0,0.00000000,37744,37748,10,0.00153656
1773322976.96454954,0.01375643,5558,0.00018817,0.00000000,0,0.00000000,37748,37752,15,0.00085206
1773322977.06442881,0.01434645,5672,0.00011799,0.00000000,0,0.00000000,37752,37745,19,0.00088485
1773322977.16447139,0.02103910,5692,0.00034602,0.00000000,0,0.00000000,37745,37742,29,0.00150022
1773322977.26454973,0.01456163,5734,0.00033910,0.00000000,0,0.00000000,37742,37738,18,0.00167854
1773322977.36456728,0.01300552,5750,0.00008158,0.00000000,0,0.00000000,37738,37741,26,0.00179598
1773322977.46456146,0.01770997,5706,0.00028783,0.00000000,0,0.00000000,37741,37742,22,0.00191444
1773322977.56447554,0.02653195,5770,0.00052372,0.00000000,0,0.00000000,37742,37744,20,0.00211372
1773322977.66454673,0.02740224,5740,0.00027318,0.00000000,0,0.00000000,37744,37731,20,0.00199074
1773322977.76458335,0.01625117,5731,0.00006887,0.00000000,0,0.00000000,37731,37739,22,0.00192310
1773322977.86464262,0.02476490,5822,0.00025596,0.00000000,0,0.00000000,37739,37727,21,0.00262454
1773322977.96472669,0.02089161,5790,0.00046936,0.00000000,0,0.00000000,37727,37721,24,0.00262084
1773322978.06484342,0.01475156,5960,0.00007835,0.00000000,0,0.00000000,37721,37722,25,0.00307544
1773322978.16486907,0.01329381,6007,0.00008985,0.00000000,0,0.00000000,37722,37728,30,0.00144197
1773322978.26477599,0.01620977,6118,0.00007907,0.00000000,0,0.00000000,37728,37728,23,0.00211870
1773322978.36490989,0.01182824,6018,0.00009785,0.00000000,0,0.00000000,37728,37732,24,0.00072504
1773322978.46478581,0.01370732,6151,0.00005352,0.00000000,0,0.00000000,37732,37737,17,0.00123057
1773322978.56498623,0.01960460,6105,0.00036698,0.00000000,0,0.00000000,37737,37753,32,0.00155808
1773322978.66502094,0.02763210,6156,0.00042436,0.00000000,0,0.00000000,37753,37756,30,0.00085013
1773322978.76490545,0.02592458,6167,0.00052893,0.00000000,0,0.00000000,37756,37747,30,0.00086791
1773322978.86506104,0.01965209,6257,0.00012393,0.00000000,0,0.00000000,37747,37746,27,0.00103266
1773322978.96504188,0.02025799,6225,0.00031478,0.00000000,0,0.00000000,37746,37741,25,0.00199398
1773322979.06493950,0.02495596,6243,0.00029346,0.00000000,0,0.00000000,37741,37749,27,0.00267629
1773322979.16498065,0.02175735,6268,0.00058904,0.00000000,0,0.00000000,37749,37757,28,0.00113853
1773322979.26505160,0.02731070,6260,0.00019156,0.00000000,0,0.00000000,37757,37752,23,0.00174666
1773322979.36512184,0.02622342,6290,0.00022870,0.00000000,0,0.00000000,37752,37753,34,0.00163955
1773322979.46521187,0.02340959,6257,0.00008176,0.00000000,0,0.00000000,37753,37760,21,0.00215667
1773322979.56503773,0.02481107,6316,0.00031297,0.00000000,0,0.00000000,37760,37757,26,0.00338187
1773322979.66526747,0.03574491,6305,0.00014295,0.00000000,0,0.00000000,37757,37755,26,0.00211214
1773322979.76524353,0.02376090,6275,0.00031296,0.00000000,0,0.00000000,37755,37759,34,0.00219674
1773322979.86520910,0.02996258,6308,0.00018177,0.00000000,0,0.00000000,37759,37740,31,0.00285117
1773322979.96540236,0.02048324,6264,0.00016630,0.00000000,0,0.00000000,37740,37745,36,0.00212209
1773322980.06526852,0.01883111,6270,0.00005943,0.00000000,0,0.00000000,37745,37751,25,0.00344055
1773322980.16528487,0.01686789,6287,0.00009335,0.00000000,0,0.00000000,37751,37757,30,0.00225688
1773322980.26530910,0.02001736,6281,0.00016836,0.00000000,0,0.00000000,37757,37720,27,0.00118757
1773322980.36530805,0.01657097,6256,0.00011395,0.00000000,0,0.00000000,37720,37723,33,0.00144770
1773322980.46547627,0.01748329,6288,0.00013083,0.00000000,0,0.00000000,37723,37722,29,0.00161925
1773322980.56528640,0.01849702,6311,0.00012964,0.00000000,0,0.00000000,37722,37729,29,0.00084019
1773322980.66535759,0.03047443,6266,0.00010192,0.00000000,0,0.00000000,37729,37737,23,0.00091096
1773322980.76550484,0.03502563,6174,0.00033874,0.00000000,0,0.00000000,37737,37742,30,0.00104438
1773322980.86499810,0.03183386,6395,0.00025548,0.00000000,0,0.00000000,37742,37744,20,0.00163159
1773322980.96531272,0.03218482,6317,0.00039932,0.00000000,0,0.00000000,37744,37745,21,0.00129243
1773322981.06555176,0.02901420,6269,0.00040535,0.00000000,0,0.00000000,37745,37751,28,0.00208666
1773322981.16550469,0.02355427,6325,0.00077040,0.00000000,0,0.00000000,37751,37754,30,0.00203683
1773322981.26559901,0.02869972,6305,0.00039873,0.00000000,0,0.00000000,37754,37760,34,0.00125149
1773322981.36563849,0.02664334,6352,0.00034666,0.00000000,0,0.00000000,37760,37772,29,0.00111308
1773322981.46569347,0.02002463,6280,0.00014445,0.00000000,0,0.00000000,37772,37771,28,0.00104992
1773322981.56550813,0.03374880,6327,0.00027534,0.00000000,0,0.00000000,37771,37771,19,0.00155177
1773322981.66573000,0.02524790,6254,0.00009358,0.00000000,0,0.00000000,37771,37766,26,0.00221662
1773322981.76474118,0.03105637,6316,0.00042264,0.00000000,0,0.00000000,37766,37761,31,0.00277812
1773322981.86560631,0.02284799,6290,0.00008481,0.00000000,0,0.00000000,37761,37761,31,0.00250523
1773322981.96462727,0.01685031,6308,0.00013779,0.00000000,0,0.00000000,37761,37754,29,0.00317265
1773322982.06462908,0.01945383,6290,0.00042710,0.00000000,0,0.00000000,37754,37752,31,0.00184658
1773322982.16465640,0.01801565,6330,0.00009545,0.00000000,0,0.00000000,37752,37753,31,0.00337218
1773322982.26540589,0.01595368,6306,0.00009425,0.00000000,0,0.00000000,37753,37755,31,0.00093513
1773322982.36484241,0.01334354,6280,0.00007555,0.00000000,0,0.00000000,37755,37755,24,0.00254162
1773322982.46473122,0.01569019,6319,0.00010019,0.00000000,0,0.00000000,37755,37760,30,0.00097678
1773322982.56443381,0.02504209,6290,0.00014404,0.00000000,0,0.00000000,37760,37770,31,0.00113868
1773322982.66483617,0.02944541,6335,0.00035288,0.00000000,0,0.00000000,37770,37768,30,0.00097421
1773322982.76484632,0.03215457,6311,0.00011448,0.00000000,0,0.00000000,37768,37770,22,0.00095756
1773322982.86448407,0.03213227,6325,0.00046527,0.00000000,0,0.00000000,37770,37780,31,0.00098196
1773322982.96454096,0.02925396,6317,0.00032307,0.00000000,0,0.00000000,37780,37780,19,0.00136576
1773322983.06456518,0.02898383,6312,0.00038879,0.00000000,0,0.00000000,37780,37788,38,0.00327184
1773322983.16459727,0.02576416,6316,0.00051042,0.00000000,0,0.00000000,37788,37768,28,0.00257462
1773322983.26490402,0.02849530,6301,0.00036364,0.00000000,0,0.00000000,37768,37771,25,0.00264464
1773322983.36438465,0.02795667,6293,0.00032891,0.00000000,0,0.00000000,37771,37786,24,0.00189922
1773322983.46447659,0.02767872,6330,0.00054792,0.00000000,0,0.00000000,37786,37793,28,0.00083758
1773322983.56450629,0.02840799,6298,0.00018233,0.00000000,0,0.00000000,37793,37778,25,0.00092010
1773322983.66457534,0.01735288,6298,0.00038718,0.00000000,0,0.00000000,37778,37777,29,0.00112172
1773322983.76447964,0.03128013,6292,0.00047918,0.00000000,0,0.00000000,37777,37779,29,0.00148223
1773322983.86449218,0.01315095,6302,0.00005603,0.00000000,0,0.00000000,37779,37785,25,0.00091975
1773322983.96449637,0.01637637,6336,0.00009774,0.00000000,0,0.00000000,37785,37792,36,0.00084888
1773322984.06445646,0.01972509,6282,0.00018396,0.00000000,0,0.00000000,37792,37798,25,0.00317131
1773322984.16441798,0.01582803,6282,0.00007180,0.00000000,0,0.00000000,37798,37806,28,0.00137886
1773322984.26445937,0.01773785,6297,0.00007783,0.00000000,0,0.00000000,37806,37817,31,0.00256193
1773322984.36448622,0.01558427,6322,0.00006046,0.00000000,0,0.00000000,37817,37816,26,0.00238125
1773322984.46454263,0.01720947,6311,0.00005517,0.00000000,0,0.00000000,37816,37825,24,0.00094746
1773322984.56457114,0.02770144,6302,0.00018270,0.00000000,0,0.00000000,37825,37821,28,0.00165330
1773322984.66465569,0.02956750,6313,0.00011825,0.00000000,0,0.00000000,37821,37826,28,0.00087735
1773322984.76469946,0.02418530,6287,0.00023539,0.00000000,0,0.00000000,37826,37833,21,0.00172317
1773322984.86475086,0.02214244,6316,0.00051494,0.00000000,0,0.00000000,37833,37846,35,0.00095464
1773322984.96474338,0.01921622,6298,0.00044375,0.00000000,0,0.00000000,37846,37845,34,0.00276205
1773322985.06480694,0.02263182,6275,0.00017528,0.00000000,0,0.00000000,37845,37852,41,0.00155697
1773322985.16480327,0.02938745,6324,0.00041611,0.00000000,0,0.00000000,37852,37854,32,0.00241097
1773322985.26475883,0.03136683,6319,0.00019215,0.00000000,0,0.00000000,37854,37850,32,0.00086540
1773322985.36478281,0.02936698,6301,0.00079183,0.00000000,0,0.00000000,37850,37851,23,0.00382362
1773322985.46482372,0.03450790,6298,0.00047827,0.00000000,0,0.00000000,37851,37857,23,0.00213412
1773322985.56490088,0.02989626,6259,0.00012695,0.00000000,0,0.00000000,37857,37855,27,0.00419666
1773322985.66483688,0.02691722,6331,0.00038491,0.00000000,0,0.00000000,37855,37857,32,0.00314137
1773322985.76494765,0.02436210,6285,0.00011840,0.00000000,0,0.00000000,37857,37861,17,0.00205728
1773322985.86506629,0.01803092,6250,0.00005089,0.00000000,0,0.00000000,37861,37862,17,0.00091316
1773322985.96493149,0.01844423,6295,0.00007730,0.00000000,0,0.00000000,37862,37866,27,0.00162550
1773322986.06497288,0.01508574,6272,0.00011391,0.00000000,0,0.00000000,37866,37868,38,0.00203873
1773322986.16500258,0.01516585,6282,0.00004336,0.00000000,0,0.00000000,37868,37866,18,0.00090184
1773322986.26504636,0.01583012,6296,0.00007206,0.00000000,0,0.00000000,37866,37869,27,0.00072999
1773322986.36517501,0.01753892,6298,0.00006007,0.00000000,0,0.00000000,37869,37875,18,0.00114115
1773322986.46512198,0.01401074,6279,0.00005495,0.00000000,0,0.00000000,37875,37885,20,0.00077451
1773322986.56513500,0.02468670,6267,0.00042260,0.00000000,0,0.00000000,37885,37875,25,0.00090855
1773322986.66514015,0.02409955,6352,0.00009939,0.00000000,0,0.00000000,37875,37883,26,0.00125717
1773322986.76528430,0.02650399,6226,0.00009548,0.00000000,0,0.00000000,37883,37891,20,0.00130729
1773322986.86519957,0.02453675,6312,0.00029296,0.00000000,0,0.00000000,37891,37903,32,0.00175756
1773322986.96520185,0.02617664,6296,0.00009792,0.00000000,0,0.00000000,37903,37911,26,0.00283237
1773322987.06526136,0.02588078,6310,0.00014174,0.00000000,0,0.00000000,37911,37907,16,0.00201791
1773322987.16529512,0.02681440,6318,0.00013095,0.00000000,0,0.00000000,37907,37907,28,0.00267414
1773322987.26530099,0.02853257,6333,0.00044020,0.00000000,0,0.00000000,37907,37911,30,0.00208136
1773322987.36591434,0.02717568,6312,0.00040224,0.00000000,0,0.00000000,37911,37901,29,0.00219507
1773322987.46533775,0.03640490,6316,0.00043576,0.00000000,0,0.00000000,37901,37898,25,0.00259130
1773322987.56611967,0.02874798,6296,0.00011745,0.00000000,0,0.00000000,37898,37889,30,0.00277079
1773322987.66548276,0.01854659,6261,0.00019809,0.00000000,0,0.00000000,37889,37871,30,0.00189066
1773322987.76443529,0.02805334,6329,0.00015180,0.00000000,0,0.00000000,37871,37852,22,0.00212283
1773322987.86542010,0.02060561,6297,0.00011684,0.00000000,0,0.00000000,37852,37852,41,0.00158386
1773322987.96547413,0.01950865,6255,0.00010061,0.00000000,0,0.00000000,37852,37861,28,0.00131542
1773322988.06549454,0.01734939,6264,0.00014055,0.00000000,0,0.00000000,37861,37868,21,0.00191528
1773322988.16546249,0.01514617,6245,0.00009029,0.00000000,0,0.00000000,37868,37873,36,0.00096714
1773322988.26538801,0.01715114,6229,0.00008083,0.00000000,0,0.00000000,37873,37878,26,0.00275354
1773322988.36455941,0.01649243,6220,0.00007588,0.00000000,0,0.00000000,37878,37874,29,0.00156405
1773322988.46550846,0.01498130,6223,0.00007485,0.00000000,0,0.00000000,37874,37883,28,0.00156764
1773322988.56460500,0.02437167,6237,0.00040634,0.00000000,0,0.00000000,37883,37887,28,0.00220069
1773322988.66460037,0.03319897,6307,0.00031586,0.00000000,0,0.00000000,37887,37886,23,0.00164782
1773322988.76556158,0.02998924,6238,0.00040074,0.00000000,0,0.00000000,37886,37885,28,0.00177224
1773322988.86555696,0.02227678,6285,0.00040573,0.00000000,0,0.00000000,37885,37890,31,0.00096627
1773322988.96561289,0.02315603,6260,0.00034336,0.00000000,0,0.00000000,37890,37895,24,0.00132474
1773322989.06569791,0.02313486,6204,0.00022555,0.00000000,0,0.00000000,37895,37896,21,0.00188410
1773322989.16568232,0.02208997,6190,0.00063451,0.00000000,0,0.00000000,37896,37882,25,0.00121507
1773322989.26569867,0.01993101,6215,0.00014498,0.00000000,0,0.00000000,37882,37882,28,0.00187975
1773322989.36576676,0.02401318,6198,0.00008017,0.00000000,0,0.00000000,37882,37883,20,0.00153822
1773322989.46462464,0.02552089,6238,0.00009358,0.00000000,0,0.00000000,37883,37885,24,0.00259830
1773322989.56467056,0.03430014,6187,0.00031682,0.00000000,0,0.00000000,37885,37889,17,0.00165597
1773322989.66573000,0.02887075,6216,0.00040975,0.00000000,0,0.00000000,37889,37882,28,0.00183672
1773322989.76494789,0.01956595,6151,0.00037554,0.00000000,0,0.00000000,37882,37884,20,0.00265154
1773322989.86473083,0.02872468,6158,0.00009587,0.00000000,0,0.00000000,37884,37891,30,0.00257007
1773322989.96478987,0.01933760,6134,0.00020549,0.00000000,0,0.00000000,37891,37900,33,0.00263251
1773322990.06441069,0.02098023,6133,0.00013906,0.00000000,0,0.00000000,37900,37891,28,0.00354376
1773322990.16446424,0.01665832,6138,0.00010658,0.00000000,0,0.00000000,37891,37896,36,0.00151757
1773322990.26452327,0.01920883,6127,0.00010205,0.00000000,0,0.00000000,37896,37894,22,0.00084630
1773322990.36454010,0.01786343,6044,0.00008162,0.00000000,0,0.00000000,37894,37895,33,0.00211147
1773322990.46443176,0.01663509,6107,0.00008663,0.00000000,0,0.00000000,37895,37897,34,0.00210414
1773322990.56444550,0.02814513,6144,0.00046581,0.00000000,0,0.00000000,37897,37899,34,0.00108515
1773322990.66455150,0.03022331,6075,0.00052996,0.00000000,0,0.00000000,37899,37897,42,0.00088786
1773322990.76507783,0.03139322,6082,0.00040494,0.00000000,0,0.00000000,37897,37903,30,0.00091563
1773322990.86450648,0.02497223,6073,0.00036416,0.00000000,0,0.00000000,37903,37911,33,0.00085451
1773322990.96445394,0.02537298,6135,0.00046448,0.00000000,0,0.00000000,37911,37905,31,0.00083953
1773322991.06451559,0.02491028,6044,0.00009922,0.00000000,0,0.00000000,37905,37910,21,0.00172867
1773322991.16437840,0.02631927,6046,0.00045106,0.00000000,0,0.00000000,37910,37911,39,0.00103635
1773322991.26437759,0.02447149,6072,0.00014759,0.00000000,0,0.00000000,37911,37922,32,0.00226983
1773322991.36434007,0.03259637,6038,0.00034042,0.00000000,0,0.00000000,37922,37925,27,0.00270848
1773322991.46439981,0.03764248,6010,0.00077443,0.00000000,0,0.00000000,37925,37909,31,0.00278528
1773322991.56447315,0.02848609,6005,0.00013925,0.00000000,0,0.00000000,37909,37913,41,0.00311037
1773322991.66441941,0.03010757,6087,0.00042394,0.00000000,0,0.00000000,37913,37907,36,0.00298494
1773322991.76458931,0.02989208,6032,0.00013583,0.00000000,0,0.00000000,37907,37908,24,0.00275154
1773322991.86462855,0.01835913,6067,0.00010853,0.00000000,0,0.00000000,37908,37913,39,0.00273850
1773322991.96451855,0.01848394,6117,0.00010330,0.00000000,0,0.00000000,37913,37919,38,0.00187324
1773322992.06458855,0.02013461,6150,0.00038048,0.00000000,0,0.00000000,37919,37925,28,0.00290436
1773322992.16465974,0.01805840,6150,0.00008700,0.00000000,0,0.00000000,37925,37928,28,0.00362027
1773322992.26466680,0.01793332,6145,0.00012200,0.00000000,0,0.00000000,37928,37930,34,0.00103934
1773322992.36456704,0.01802601,6212,0.00013025,0.00000000,0,0.00000000,37930,37935,34,0.00109126
1773322992.46467566,0.01817889,6203,0.00010730,0.00000000,0,0.00000000,37935,37933,31,0.00110727
1773322992.56476355,0.02144904,6219,0.00015979,0.00000000,0,0.00000000,37933,37932,29,0.00149121
1773322992.66479063,0.04023562,6181,0.00022215,0.00000000,0,0.00000000,37932,37933,32,0.00084162
1773322992.76467228,0.03727018,6200,0.00054794,0.00000000,0,0.00000000,37933,37925,42,0.00078479
1773322992.86471057,0.02835548,6229,0.00041262,0.00000000,0,0.00000000,37925,37926,36,0.00135155
1773322992.96476245,0.02926434,6254,0.00030814,0.00000000,0,0.00000000,37926,37929,26,0.00122164
1773322993.06488657,0.02704491,6202,0.00068545,0.00000000,0,0.00000000,37929,37919,52,0.00259163
1773322993.16477847,0.03063004,6234,0.00047236,0.00000000,0,0.00000000,37919,37922,42,0.00121281
1773322993.26483369,0.02889619,6262,0.00047805,0.00000000,0,0.00000000,37922,37930,41,0.00251913
1773322993.36489916,0.02979532,6266,0.00016154,0.00000000,0,0.00000000,37930,37910,34,0.00171689
1773322993.46490979,0.02779213,6270,0.00046358,0.00000000,0,0.00000000,37910,37911,39,0.00165592
1773322993.56499791,0.03628109,6263,0.00048624,0.00000000,0,0.00000000,37911,37913,31,0.00269700
1773322993.66500044,0.01989999,6216,0.00011856,0.00000000,0,0.00000000,37913,37912,30,0.00205059
1773322993.76456213,0.03112281,6313,0.00050860,0.00000000,0,0.00000000,37912,37915,34,0.00199535
1773322993.86506104,0.02381497,6249,0.00012411,0.00000000,0,0.00000000,37915,37924,38,0.00320000
1773322993.96496582,0.01565985,6280,0.00011627,0.00000000,0,0.00000000,37924,37937,44,0.00196749
1773322994.06503010,0.02070858,6251,0.00012302,0.00000000,0,0.00000000,37937,37924,30,0.00286478
1773322994.16508937,0.01836013,6266,0.00022234,0.00000000,0,0.00000000,37924,37929,37,0.00287166
1773322994.26515627,0.02153903,6288,0.00034772,0.00000000,0,0.00000000,37929,37906,37,0.00127398
1773322994.36516738,0.01590980,6277,0.00009257,0.00000000,0,0.00000000,37906,37904,31,0.00166270
1773322994.46525383,0.01847695,6230,0.00008361,0.00000000,0,0.00000000,37904,37911,36,0.00079909
1773322994.56516242,0.02136470,6278,0.00014736,0.00000000,0,0.00000000,37911,37912,30,0.00110032
1773322994.66524816,0.03306337,6172,0.00053960,0.00000000,0,0.00000000,37912,37916,32,0.00100630
1773322994.76442361,0.04021855,6327,0.00063319,0.00000000,0,0.00000000,37916,37924,36,0.00080709
1773322994.86524630,0.03108125,6291,0.00037403,0.00000000,0,0.00000000,37924,37927,24,0.00160755
1773322994.96518469,0.03210920,6276,0.00043662,0.00000000,0,0.00000000,37927,37924,26,0.00099728
1773322995.06536126,0.02892715,6293,0.00048829,0.00000000,0,0.00000000,37924,37924,34,0.00177491
1773322995.16533685,0.02765840,6268,0.00032369,0.00000000,0,0.00000000,37924,37930,33,0.00102587
1773322995.26535201,0.02722725,6246,0.00035379,0.00000000,0,0.00000000,37930,37938,33,0.00168156
1773322995.36541057,0.02911504,6226,0.00015304,0.00000000,0,0.00000000,37938,37945,31,0.00240487
1773322995.46531272,0.04491158,6269,0.00044770,0.00000000,0,0.00000000,37945,37943,41,0.00230537
1773322995.56543589,0.01973327,6268,0.00024186,0.00000000,0,0.00000000,37943,37950,32,0.00198417
1773322995.66548705,0.02800487,6149,0.00032541,0.00000000,0,0.00000000,37950,37954,25,0.00291768
1773322995.76449561,0.02720625,6335,0.00017812,0.00000000,0,0.00000000,37954,37961,39,0.00247954
1773322995.86545920,0.02246201,6201,0.00006948,0.00000000,0,0.00000000,37961,37966,24,0.00174283
1773322995.96549344,0.02025324,6245,0.00015707,0.00000000,0,0.00000000,37966,37976,34,0.00190420
1773322996.06559539,0.02080111,6153,0.00015144,0.00000000,0,0.00000000,37976,37979,25,0.00197552
1773322996.16540456,0.02124813,6192,0.00019761,0.00000000,0,0.00000000,37979,37969,34,0.00167732
1773322996.26548028,0.02041515,6162,0.00032596,0.00000000,0,0.00000000,37969,37978,38,0.00130716
1773322996.36553574,0.01914347,6198,0.00011615,0.00000000,0,0.00000000,37978,37977,28,0.00118008
1773322996.46556664,0.01878309,6135,0.00008048,0.00000000,0,0.00000000,37977,37984,30,0.00090210
1773322996.56551409,0.02344541,6167,0.00041965,0.00000000,0,0.00000000,37984,37978,32,0.00090374
1773322996.66546130,0.03379221,6035,0.00035104,0.00000000,0,0.00000000,37978,37982,29,0.00098540
1773322996.76464629,0.02649274,6197,0.00079052,0.00000000,0,0.00000000,37982,37976,62,0.00085248
1773322996.86563277,0.03846354,6197,0.00111515,0.00000000,0,0.00000000,37976,37955,46,0.00089920
1773322996.96569252,0.02750615,6022,0.00490018,0.00000000,0,0.00000000,37955,38157,910,0.00085775
1773322997.06570053,0.03455585,5994,0.00190248,0.00000000,0,0.00000000,38157,38100,150,0.00183832
1773322997.16572833,0.02027473,5921,0.00025010,0.00000000,0,0.00000000,38100,38076,63,0.00313696
1773322997.26560521,0.02010852,5924,0.00013910,0.00000000,0,0.00000000,38076,38088,38,0.00239449
1773322997.36562538,0.01798188,5918,0.00017617,0.00000000,0,0.00000000,38088,38091,41,0.00107686
1773322997.46568608,0.01879463,5915,0.00011013,0.00000000,0,0.00000000,38091,38100,33,0.00203911
1773322997.56566811,0.01906489,5918,0.00025058,0.00000000,0,0.00000000,38100,38111,46,0.00157642
1773322997.66487122,0.01959778,5860,0.00018262,0.00000000,0,0.00000000,38111,38116,48,0.00094682
1773322997.76496100,0.01782688,5978,0.00011950,0.00000000,0,0.00000000,38116,38125,32,0.00182221
1773322997.86577225,0.01812360,5943,0.00014639,0.00000000,0,0.00000000,38125,38138,37,0.00146848
1773322997.96473241,0.02073190,5927,0.00050546,0.00000000,0,0.00000000,38138,38146,43,0.00077246
1773322998.06444979,0.02045924,5954,0.00016027,0.00000000,0,0.00000000,38146,38155,48,0.00073139
1773322998.16484523,0.01836560,5893,0.00014428,0.00000000,0,0.00000000,38155,38152,45,0.00080189
1773322998.26436520,0.01918680,6034,0.00019444,0.00000000,0,0.00000000,38152,38159,45,0.00127907
1773322998.36460900,0.01905127,5988,0.00014963,0.00000000,0,0.00000000,38159,38148,34,0.00162735
1773322998.46438289,0.01556624,6070,0.00008557,0.00000000,0,0.00000000,38148,38151,33,0.00137283
1773322998.56444979,0.02738351,6068,0.00040781,0.00000000,0,0.00000000,38151,38152,44,0.00148343
1773322998.66456556,0.01994097,6094,0.00011119,0.00000000,0,0.00000000,38152,38153,41,0.00153852
1773322998.76508760,0.03075961,6090,0.00055131,0.00000000,0,0.00000000,38153,38147,36,0.00078119
1773322998.86450219,0.01949426,6078,0.00022616,0.00000000,0,0.00000000,38147,38154,28,0.00301177
1773322998.96439981,0.02607561,6064,0.00032021,0.00000000,0,0.00000000,38154,38156,34,0.00108755
1773322999.06446624,0.02345399,6124,0.00046770,0.00000000,0,0.00000000,38156,38149,33,0.00121524
1773322999.16445661,0.03489952,6132,0.00035011,0.00000000,0,0.00000000,38149,38151,23,0.00140951
1773322999.26449990,0.03051507,6141,0.00081949,0.00000000,0,0.00000000,38151,38128,45,0.00238632
1773322999.36453700,0.02828357,6089,0.00010878,0.00000000,0,0.00000000,38128,38138,35,0.00101659
1773322999.46450973,0.02481666,6139,0.00033890,0.00000000,0,0.00000000,38138,38144,34,0.00082715
1773322999.56463456,0.03817294,6071,0.00086275,0.00000000,0,0.00000000,38144,38137,45,0.00323931
1773322999.66444111,0.01887236,6090,0.00009266,0.00000000,0,0.00000000,38137,38116,26,0.00177977
1773322999.76530647,0.02499307,6066,0.00047199,0.00000000,0,0.00000000,38116,38123,37,0.00306118
1773322999.86495590,0.02592769,6108,0.00024098,0.00000000,0,0.00000000,38123,38131,36,0.00298890
1773322999.96457005,0.01985040,6045,0.00023106,0.00000000,0,0.00000000,38131,38128,28,0.00287038
1773323000.06475210,0.01921914,5994,0.00008203,0.00000000,0,0.00000000,38128,38122,27,0.00188258
1773323000.16459131,0.02316591,6056,0.00019055,0.00000000,0,0.00000000,38122,38121,37,0.00206289
1773323000.26462126,0.01877085,6012,0.00013466,0.00000000,0,0.00000000,38121,38120,36,0.00440838
1773323000.36465740,0.01701171,6073,0.00014356,0.00000000,0,0.00000000,38120,38118,26,0.00089842
1773323000.46479154,0.01657401,6058,0.00006923,0.00000000,0,0.00000000,38118,38125,23,0.00243716
1773323000.56466770,0.01548126,6060,0.00008651,0.00000000,0,0.00000000,38125,38112,27,0.00079063
1773323000.66477156,0.02206010,6019,0.00022390,0.00000000,0,0.00000000,38112,38086,38,0.00124150
1773323000.76572084,0.03411131,6036,0.00041502,0.00000000,0,0.00000000,38086,38090,38,0.00096771
1773323000.86469960,0.03005840,6101,0.00041862,0.00000000,0,0.00000000,38090,38096,31,0.00159706
1773323000.96494293,0.02349286,6015,0.00035667,0.00000000,0,0.00000000,38096,38101,33,0.00109092
1773323001.06481099,0.02333446,6033,0.00040349,0.00000000,0,0.00000000,38101,38101,29,0.00199517
1773323001.16487551,0.02046234,6041,0.00053877,0.00000000,0,0.00000000,38101,38082,29,0.00111269
1773323001.26487350,0.02478169,6013,0.00016477,0.00000000,0,0.00000000,38082,38089,40,0.00120970
1773323001.36479878,0.02516161,6031,0.00013635,0.00000000,0,0.00000000,38089,38086,46,0.00282157
1773323001.46497822,0.03106030,5957,0.00028525,0.00000000,0,0.00000000,38086,38090,24,0.00255830
1773323001.56489611,0.03725606,5995,0.00044386,0.00000000,0,0.00000000,38090,38091,43,0.00167434
1773323001.66496825,0.01850274,5996,0.00045204,0.00000000,0,0.00000000,38091,38102,42,0.00248486
1773323001.76586723,0.03185041,5934,0.00030748,0.00000000,0,0.00000000,38102,38088,21,0.00208488
1773323001.86493492,0.01958947,5969,0.00021754,0.00000000,0,0.00000000,38088,38093,35,0.00455553
1773323001.96501374,0.01785431,5987,0.00012323,0.00000000,0,0.00000000,38093,38099,33,0.00318245
1773323002.06508756,0.01807227,6035,0.00011739,0.00000000,0,0.00000000,38099,38098,23,0.00245205
1773323002.16509175,0.01516081,6022,0.00009949,0.00000000,0,0.00000000,38098,38102,30,0.00363122
1773323002.26514888,0.01747300,6055,0.00016676,0.00000000,0,0.00000000,38102,38110,32,0.00232115
1773323002.36503315,0.01896293,6051,0.00010658,0.00000000,0,0.00000000,38110,38111,21,0.00193160
1773323002.46507549,0.01763413,6098,0.00009578,0.00000000,0,0.00000000,38111,38113,30,0.00269636
1773323002.56513667,0.02494198,6069,0.00032877,0.00000000,0,0.00000000,38113,38113,30,0.00106550
1773323002.66510296,0.02843146,6150,0.00059169,0.00000000,0,0.00000000,38113,38090,38,0.00103314
1773323002.76607418,0.02431212,6098,0.00034669,0.00000000,0,0.00000000,38090,38099,37,0.00085149
1773323002.86523581,0.02033891,6082,0.00040821,0.00000000,0,0.00000000,38099,38098,33,0.00111017
1773323002.96526623,0.02274668,6094,0.00012453,0.00000000,0,0.00000000,38098,38103,33,0.00152163
1773323003.06519556,0.02677381,6138,0.00009301,0.00000000,0,0.00000000,38103,38093,30,0.00129323
1773323003.16538310,0.02846656,6087,0.00022532,0.00000000,0,0.00000000,38093,38081,20,0.00177527
1773323003.26539612,0.03045779,6059,0.00039562,0.00000000,0,0.00000000,38081,38070,24,0.00197414
1773323003.36521244,0.02839552,6105,0.00027103,0.00000000,0,0.00000000,38070,38071,25,0.00187935
1773323003.46531582,0.02503565,6086,0.00006532,0.00000000,0,0.00000000,38071,38074,14,0.00292458
1773323003.56533170,0.03046909,6102,0.00035222,0.00000000,0,0.00000000,38074,38081,30,0.00191985
1773323003.66527152,0.03746975,6140,0.00035432,0.00000000,0,0.00000000,38081,38087,32,0.00249891
1773323003.76611686,0.01788289,6091,0.00017150,0.00000000,0,0.00000000,38087,38097,35,0.00150793
1773323003.86535072,0.03406043,6114,0.00015106,0.00000000,0,0.00000000,38097,38107,29,0.00380578
1773323003.96535969,0.02132066,6041,0.00011410,0.00000000,0,0.00000000,38107,38110,36,0.00337706
1773323004.06536913,0.02302204,6088,0.00017704,0.00000000,0,0.00000000,38110,38107,28,0.00314068
1773323004.16545725,0.01891143,6043,0.00009475,0.00000000,0,0.00000000,38107,38111,30,0.00277107
1773323004.26545668,0.02009704,6028,0.00008697,0.00000000,0,0.00000000,38111,38111,25,0.00164351
1773323004.36531496,0.01856872,6059,0.00060771,0.00000000,0,0.00000000,38111,38113,35,0.00114949
1773323004.46558499,0.01954812,6059,0.00013577,0.00000000,0,0.00000000,38113,38106,32,0.00100149
1773323004.56560731,0.01536829,5967,0.00009875,0.00000000,0,0.00000000,38106,38106,43,0.00108610
1773323004.66541290,0.02303712,6004,0.00024877,0.00000000,0,0.00000000,38106,38112,38,0.00162197
1773323004.76442385,0.03244813,5997,0.00063505,0.00000000,0,0.00000000,38112,38119,48,0.00079530
1773323004.86544180,0.03434450,6019,0.00031382,0.00000000,0,0.00000000,38119,38132,34,0.00105417
1773323004.96541858,0.02421800,5963,0.00070960,0.00000000,0,0.00000000,38132,38129,47,0.00085690
1773323005.06551480,0.02518848,6031,0.00038144,0.00000000,0,0.00000000,38129,38137,37,0.00117288
1773323005.16553378,0.02613679,5985,0.00042982,0.00000000,0,0.00000000,38137,38143,34,0.00092526
1773323005.26562095,0.02528529,5956,0.00036559,0.00000000,0,0.00000000,38143,38142,37,0.00090454
1773323005.36457014,0.02939781,5980,0.00041836,0.00000000,0,0.00000000,38142,38146,33,0.00228467
1773323005.46557140,0.02985390,5961,0.00068116,0.00000000,0,0.00000000,38146,38140,45,0.00157906
1773323005.56561041,0.03623866,6000,0.00015471,0.00000000,0,0.00000000,38140,38143,32,0.00233047
1773323005.66566110,0.01845932,5997,0.00021482,0.00000000,0,0.00000000,38143,38147,42,0.00258397
1773323005.76634550,0.03163200,6022,0.00066554,0.00000000,0,0.00000000,38147,38146,36,0.00260765
1773323005.86567569,0.01732582,5961,0.00012795,0.00000000,0,0.00000000,38146,38152,34,0.00281195
1773323005.96465397,0.02054837,6071,0.00018105,0.00000000,0,0.00000000,38152,38155,31,0.00144160
1773323006.06470942,0.01649350,5984,0.00023234,0.00000000,0,0.00000000,38155,38121,36,0.00270283
1773323006.16573763,0.02072067,6044,0.00026565,0.00000000,0,0.00000000,38121,38130,29,0.00296830
1773323006.26575732,0.02486376,6001,0.00020553,0.00000000,0,0.00000000,38130,38134,39,0.00220315
1773323006.36583304,0.01976446,5980,0.00015555,0.00000000,0,0.00000000,38134,38134,36,0.00153838
1773323006.46479583,0.02542842,5993,0.00058761,0.00000000,0,0.00000000,38134,38131,33,0.00110101
1773323006.56585288,0.02181494,5945,0.00027813,0.00000000,0,0.00000000,38131,38125,34,0.00125647
1773323006.66489768,0.03338428,6000,0.00042466,0.00000000,0,0.00000000,38125,38136,41,0.00189738
1773323006.76655436,0.03033257,5975,0.00028065,0.00000000,0,0.00000000,38136,38138,31,0.00151354
1773323006.86477542,0.02944698,6074,0.00044884,0.00000000,0,0.00000000,38138,38131,40,0.00101624
1773323006.96486974,0.03232473,5995,0.00036362,0.00000000,0,0.00000000,38131,38133,36,0.00117698
1773323007.06485748,0.02858922,6002,0.00049834,0.00000000,0,0.00000000,38133,38118,34,0.00304213
1773323007.16479135,0.02960395,6000,0.00037008,0.00000000,0,0.00000000,38118,38122,34,0.00219442
1773323007.26485467,0.02382728,6017,0.00034476,0.00000000,0,0.00000000,38122,38128,29,0.00081965
1773323007.36485982,0.01917076,6024,0.00033045,0.00000000,0,0.00000000,38128,38133,44,0.00080091
1773323007.46488523,0.03588527,6011,0.00041011,0.00000000,0,0.00000000,38133,38123,31,0.00112248
1773323007.56492448,0.02974219,5986,0.00052271,0.00000000,0,0.00000000,38123,38116,31,0.00147860
1773323007.66503763,0.04777967,6018,0.00028750,0.00000000,0,0.00000000,38116,38122,36,0.00181855
1773323007.76493955,0.02033669,5998,0.00040781,0.00000000,0,0.00000000,38122,38123,31,0.00226489
1773323007.86503029,0.02855655,6044,0.00016299,0.00000000,0,0.00000000,38123,38122,31,0.00236280
1773323007.96506119,0.01884704,6006,0.00016392,0.00000000,0,0.00000000,38122,38128,25,0.00160306
1773323008.06504083,0.02009888,6021,0.00017439,0.00000000,0,0.00000000,38128,38129,34,0.00102629
1773323008.16515636,0.02171265,5997,0.00051624,0.00000000,0,0.00000000,38129,38114,41,0.00081703
1773323008.26529813,0.02023638,5977,0.00021938,0.00000000,0,0.00000000,38114,38105,38,0.00239530
1773323008.36447644,0.01684264,6055,0.00016095,0.00000000,0,0.00000000,38105,38103,33,0.00238072
1773323008.46518922,0.01992813,5964,0.00037194,0.00000000,0,0.00000000,38103,38099,28,0.00240729
1773323008.56447172,0.01652634,6058,0.00010058,0.00000000,0,0.00000000,38099,38098,30,0.00109862
1773323008.66449690,0.01895383,6039,0.00022538,0.00000000,0,0.00000000,38098,38083,43,0.00078959
1773323008.76454163,0.02301477,5972,0.00035123,0.00000000,0,0.00000000,38083,38078,34,0.00099270
1773323008.86441088,0.03620696,6070,0.00051942,0.00000000,0,0.00000000,38078,38082,33,0.00131165
1773323008.96450448,0.02377667,5856,0.00045989,0.00000000,0,0.00000000,38082,38083,43,0.00082446
1773323009.06678581,0.02593886,6103,0.00013549,0.00000000,0,0.00000000,38083,38087,39,0.00111437
1773323009.16461635,0.02916061,5935,0.00014868,0.00000000,0,0.00000000,38087,38096,34,0.00152424
1773323009.26447511,0.03080932,5975,0.00024401,0.00000000,0,0.00000000,38096,38073,31,0.00174562
1773323009.36451626,0.02741909,5956,0.00039218,0.00000000,0,0.00000000,38073,38072,34,0.00400405
1773323009.46454072,0.02718495,5965,0.00013654,0.00000000,0,0.00000000,38072,38078,32,0.00149960
1773323009.56447387,0.02920009,6007,0.00067855,0.00000000,0,0.00000000,38078,38088,39,0.00196372
1773323009.66449451,0.03422959,6029,0.00025782,0.00000000,0,0.00000000,38088,38089,39,0.00178503
1773323009.76452351,0.01905446,5995,0.00020725,0.00000000,0,0.00000000,38089,38089,47,0.00126396
1773323009.86458373,0.02879159,5990,0.00027802,0.00000000,0,0.00000000,38089,38091,32,0.00267934
1773323009.96463013,0.01844594,5951,0.00006684,0.00000000,0,0.00000000,38091,38092,22,0.00336437
1773323010.06456447,0.01941107,5895,0.00012994,0.00000000,0,0.00000000,38092,38089,32,0.00134408
1773323010.16459489,0.01557318,5916,0.00016476,0.00000000,0,0.00000000,38089,38081,32,0.00289018
1773323010.26456642,0.01415261,5881,0.00009085,0.00000000,0,0.00000000,38081,38091,33,0.00083606
1773323010.36454058,0.01637183,5915,0.00009271,0.00000000,0,0.00000000,38091,38096,27,0.00261422
1773323010.46454287,0.01400154,5811,0.00007506,0.00000000,0,0.00000000,38096,38100,28,0.00081113
1773323010.56452703,0.01626392,5873,0.00005290,0.00000000,0,0.00000000,38100,38101,23,0.00104057
1773323010.66454554,0.03133572,5860,0.00015632,0.00000000,0,0.00000000,38101,38096,43,0.00084161
1773323010.76461220,0.02851156,5915,0.00014511,0.00000000,0,0.00000000,38096,38104,42,0.00127017
1773323010.86460543,0.02759945,5871,0.00017288,0.00000000,0,0.00000000,38104,38108,32,0.00140228
1773323010.96463895,0.03000757,5881,0.00040320,0.00000000,0,0.00000000,38108,38103,33,0.00098308
1773323011.06454396,0.03284514,5942,0.00051679,0.00000000,0,0.00000000,38103,38095,33,0.00183510
1773323011.16448379,0.03179566,5942,0.00045483,0.00000000,0,0.00000000,38095,38093,38,0.00252260
1773323011.26454639,0.04555550,5942,0.00046911,0.00000000,0,0.00000000,38093,38096,36,0.00116554
1773323011.36448240,0.02874721,5945,0.00068263,0.00000000,0,0.00000000,38096,38084,45,0.00225638
1773323011.46448183,0.02404071,5961,0.00032051,0.00000000,0,0.00000000,38084,38085,27,0.00255833
1773323011.56449628,0.03278866,5915,0.00034073,0.00000000,0,0.00000000,38085,38099,27,0.00105530
1773323011.66449547,0.02529162,5965,0.00012348,0.00000000,0,0.00000000,38099,38085,31,0.00102545
1773323011.76451159,0.02790986,5916,0.00039790,0.00000000,0,0.00000000,38085,38091,30,0.00233455
1773323011.86455917,0.02339975,5897,0.00031337,0.00000000,0,0.00000000,38091,38098,37,0.00303725
1773323011.96443462,0.01933012,5879,0.00010310,0.00000000,0,0.00000000,38098,38089,29,0.00190547
1773323012.06450176,0.01653918,5942,0.00011531,0.00000000,0,0.00000000,38089,38086,35,0.00237791
1773323012.16460037,0.01479139,5821,0.00010421,0.00000000,0,0.00000000,38086,38090,23,0.00181959
1773323012.26459074,0.01402934,5923,0.00005693,0.00000000,0,0.00000000,38090,38093,26,0.00113889
1773323012.36444187,0.01689468,5917,0.00014036,0.00000000,0,0.00000000,38093,38099,35,0.00264919
1773323012.46699619,0.01390785,5932,0.00009452,0.00000000,0,0.00000000,38099,38107,27,0.00111085
1773323012.56446958,0.01364699,5910,0.00015283,0.00000000,0,0.00000000,38107,38106,36,0.00299037
1773323012.66457200,0.02983491,5931,0.00013057,0.00000000,0,0.00000000,38106,38113,36,0.00117730
1773323012.76442695,0.03554328,5947,0.00036043,0.00000000,0,0.00000000,38113,38119,29,0.00088213
1773323012.86450410,0.03144629,5894,0.00027633,0.00000000,0,0.00000000,38119,38114,26,0.00120610
1773323012.96510935,0.02994801,5839,0.00043622,0.00000000,0,0.00000000,38114,38112,34,0.00164005
1773323013.06446028,0.02275364,5897,0.00050158,0.00000000,0,0.00000000,38112,38074,27,0.00252848
1773323013.16438580,0.02159077,5875,0.00032177,0.00000000,0,0.00000000,38074,38072,24,0.00513658
1773323013.26448798,0.02114094,5868,0.00036789,0.00000000,0,0.00000000,38072,38076,25,0.00121455
1773323013.36442542,0.01885856,5917,0.00035553,0.00000000,0,0.00000000,38076,38079,28,0.00140176
1773323013.46521187,0.02589451,5874,0.00039665,0.00000000,0,0.00000000,38079,38069,31,0.00132794
1773323013.56438446,0.03972974,5952,0.00042726,0.00000000,0,0.00000000,38069,38071,25,0.00163136
1773323013.66454530,0.01558070,5944,0.00009017,0.00000000,0,0.00000000,38071,38077,24,0.00182103
1773323013.76456690,0.02908744,5901,0.00046838,0.00000000,0,0.00000000,38077,38075,37,0.00179225
1773323013.86452484,0.02107737,5907,0.00014342,0.00000000,0,0.00000000,38075,38079,27,0.00296816
1773323013.96433902,0.01916935,5963,0.00010037,0.00000000,0,0.00000000,38079,38088,32,0.00226190
1773323014.06461263,0.02152527,5908,0.00015998,0.00000000,0,0.00000000,38088,38093,22,0.00161410
1773323014.16460252,0.01642043,5911,0.00005175,0.00000000,0,0.00000000,38093,38093,21,0.00252652
1773323014.26458192,0.01953736,5949,0.00019298,0.00000000,0,0.00000000,38093,38100,32,0.00200438
1773323014.36456704,0.01317914,5923,0.00011404,0.00000000,0,0.00000000,38100,38104,28,0.00169891
1773323014.46503472,0.01453059,5919,0.00007174,0.00000000,0,0.00000000,38104,38103,26,0.00078686
1773323014.56457114,0.01878411,5932,0.00022963,0.00000000,0,0.00000000,38103,38096,16,0.00098406
1773323014.66456175,0.02123216,5942,0.00030298,0.00000000,0,0.00000000,38096,38099,23,0.00150137
1773323014.76452279,0.01985585,5901,0.00012950,0.00000000,0,0.00000000,38099,38102,21,0.00120759
1773323014.86500382,0.01988079,5861,0.00012476,0.00000000,0,0.00000000,38102,38093,29,0.00099834
1773323014.96441078,0.02037350,5922,0.00050993,0.00000000,0,0.00000000,38093,38091,36,0.00114286
1773323015.06456423,0.02358647,5919,0.00012311,0.00000000,0,0.00000000,38091,38097,38,0.00399726
1773323015.16441083,0.02640346,5967,0.00006061,0.00000000,0,0.00000000,38097,38101,13,0.00250226
1773323015.26504445,0.02673240,5931,0.00013539,0.00000000,0,0.00000000,38101,38089,27,0.00162886
1773323015.36500835,0.02804376,5945,0.00022892,0.00000000,0,0.00000000,38089,38096,21,0.00227775
1773323015.46444702,0.02263489,5912,0.00016919,0.00000000,0,0.00000000,38096,38105,24,0.00190478
1773323015.56506777,0.01815363,5841,0.00041516,0.00000000,0,0.00000000,38105,38092,24,0.00295594
1773323015.66502190,0.02911633,5783,0.00043874,0.00000000,0,0.00000000,38092,38099,28,0.00203887
1773323015.76440406,0.02128314,5833,0.00027863,0.00000000,0,0.00000000,38099,38099,24,0.00205467
1773323015.86442709,0.02016826,5824,0.00038222,0.00000000,0,0.00000000,38099,38099,31,0.00307241
1773323015.96444035,0.02297291,5851,0.00017515,0.00000000,0,0.00000000,38099,38101,27,0.00172245
1773323016.06445551,0.01671819,5841,0.00011708,0.00000000,0,0.00000000,38101,38087,27,0.00229789
1773323016.16440558,0.01200971,5857,0.00005525,0.00000000,0,0.00000000,38087,38090,25,0.00206454
1773323016.26447678,0.01099824,5891,0.00006209,0.00000000,0,0.00000000,38090,38087,19,0.00298224
1773323016.36441922,0.01286076,5834,0.00004356,0.00000000,0,0.00000000,38087,38086,18,0.00121147
1773323016.46440816,0.01190787,5848,0.00005231,0.00000000,0,0.00000000,38086,38090,19,0.00126912
1773323016.56443143,0.01024001,5847,0.00006679,0.00000000,0,0.00000000,38090,38096,37,0.00091623
1773323016.66452742,0.02318942,5870,0.00028445,0.00000000,0,0.00000000,38096,38098,22,0.00100177
1773323016.76491833,0.02420841,5872,0.00037586,0.00000000,0,0.00000000,38098,38103,29,0.00127664
1773323016.86499023,0.01396353,5872,0.00013176,0.00000000,0,0.00000000,38103,38103,27,0.00084229
1773323016.96499348,0.01312393,5839,0.00032490,0.00000000,0,0.00000000,38103,38102,24,0.00133473
1773323017.06447053,0.01721268,5847,0.00058385,0.00000000,0,0.00000000,38102,38105,24,0.00120513
1773323017.16468048,0.01515930,5868,0.00028799,0.00000000,0,0.00000000,38105,38108,28,0.00117742
1773323017.26498961,0.01270101,5805,0.00006355,0.00000000,0,0.00000000,38108,38114,23,0.00161136
1773323017.36440825,0.01539344,5746,0.00010100,0.00000000,0,0.00000000,38114,38118,23,0.00268647
1773323017.46496892,0.01792847,5725,0.00025925,0.00000000,0,0.00000000,38118,38120,18,0.00262844
1773323017.56492949,0.00977574,5738,0.00002489,0.00000000,0,0.00000000,38120,38122,11,0.00188313
1773323017.66498423,0.01300238,5704,0.00025291,0.00000000,0,0.00000000,38122,38126,22,0.00243913
1773323017.76488662,0.01675928,5719,0.00032124,0.00000000,0,0.00000000,38126,38129,22,0.00167655
1773323017.86492372,0.01100342,5628,0.00006585,0.00000000,0,0.00000000,38129,38134,19,0.00238467
1773323017.96498632,0.01041628,5472,0.00005835,0.00000000,0,0.00000000,38134,38138,22,0.00541337
1773323018.06484437,0.00795641,5472,0.00008689,0.00000000,0,0.00000000,38138,38137,16,0.00646263
1773323018.16504097,0.00932701,5417,0.00004659,0.00000000,0,0.00000000,38137,38139,18,0.00505196
1773323018.26505017,0.01033294,5507,0.00008198,0.00000000,0,0.00000000,38139,38128,19,0.00213763
1773323018.36524439,0.01007312,5443,0.00004731,0.00000000,0,0.00000000,38128,38134,18,0.00095151
1773323018.46544504,0.01904170,5491,0.00037939,0.00000000,0,0.00000000,38134,38139,22,0.00084708
1773323018.56507182,0.01611031,5555,0.00029462,0.00000000,0,0.00000000,38139,38140,26,0.00104364
1773323018.66487241,0.01306794,5489,0.00034441,0.00000000,0,0.00000000,38140,38139,21,0.00083171
1773323018.76504326,0.01241964,5437,0.00005167,0.00000000,0,0.00000000,38139,38133,13,0.00158698
1773323018.86498022,0.00753781,5388,0.00004236,0.00000000,0,0.00000000,38133,38134,14,0.00304168
1773323018.96487832,0.00842728,5353,0.00019477,0.00000000,0,0.00000000,38134,38125,20,0.00147855
1773323019.06455350,0.00860849,5351,0.00004985,0.00000000,0,0.00000000,38125,38122,17,0.00115421
1773323019.16490579,0.01039521,5333,0.00006475,0.00000000,0,0.00000000,38122,38129,18,0.00189488
1773323019.26483679,0.01071166,5279,0.00008676,0.00000000,0,0.00000000,38129,38115,15,0.00110765
1773323019.36498499,0.01151532,5192,0.00011633,0.00000000,0,0.00000000,38115,38106,21,0.00160180
1773323019.46497488,0.01396930,5212,0.00033031,0.00000000,0,0.00000000,38106,38105,20,0.00146573
1773323019.56501436,0.01906258,5120,0.00051699,0.00000000,0,0.00000000,38105,38096,19,0.00262103
1773323019.66518974,0.01827064,5062,0.00051611,0.00000000,0,0.00000000,38096,38104,16,0.00148884
1773323019.76445937,0.00906640,5028,0.00024850,0.00000000,0,0.00000000,38104,38112,17,0.00279413
1773323019.86508656,0.01500637,4912,0.00038325,0.00000000,0,0.00000000,38112,38114,22,0.00121840
1773323019.96482706,0.01586949,4770,0.00034692,0.00000000,0,0.00000000,38114,38123,22,0.00306021
1773323020.06478930,0.01225395,4321,0.00011660,0.00000000,0,0.00000000,38123,38123,20,0.00422674
1773323020.16496158,0.01077096,3890,0.00025607,0.00000000,0,0.00000000,38123,38139,46,0.00081996
1773323020.26492763,0.01097718,4014,0.00022270,0.00000000,0,0.00000000,38139,38143,48,0.00110199
1773323020.36493945,0.01184257,4161,0.00025175,0.00000000,0,0.00000000,38143,38141,37,0.00271690
1773323020.46492910,0.01189374,4149,0.00032935,0.00000000,0,0.00000000,38141,38158,54,0.00082484
1773323020.56504750,0.01314357,4344,0.00031133,0.00000000,0,0.00000000,38158,38183,46,0.00078960
1773323020.66500187,0.02306509,4737,0.00110489,0.00000000,0,0.00000000,38183,38207,92,0.00080624
1773323020.76496911,0.02116284,5472,0.00136147,0.00000000,0,0.00000000,38207,38254,121,0.00079926
1773323020.86498284,0.02535496,5644,0.00039796,0.00000000,0,0.00000000,38254,38261,69,0.00152120
1773323020.96499801,0.02552353,5657,0.00032700,0.00000000,0,0.00000000,38261,38264,62,0.00156128
1773323021.06480289,0.02664165,5668,0.00033054,0.00000000,0,0.00000000,38264,38281,59,0.00320044
1773323021.16504979,0.02938100,5679,0.00048380,0.00000000,0,0.00000000,38281,38270,62,0.00143189
1773323021.26501560,0.02887559,5641,0.00074520,0.00000000,0,0.00000000,38270,38276,48,0.00190891
1773323021.36445498,0.03169420,5739,0.00067287,0.00000000,0,0.00000000,38276,38271,44,0.00181949
1773323021.46500993,0.02880197,5737,0.00032513,0.00000000,0,0.00000000,38271,38269,61,0.00184406
1773323021.56501150,0.02573845,5720,0.00075641,0.00000000,0,0.00000000,38269,38251,56,0.00187278
1773323021.66499805,0.03531006,5764,0.00122006,0.00000000,0,0.00000000,38251,38253,66,0.00269011
1773323021.76480222,0.01556647,5690,0.00033719,0.00000000,0,0.00000000,38253,38256,66,0.00247150
1773323021.86428571,0.02982287,5789,0.00064509,0.00000000,0,0.00000000,38256,38259,51,0.00327410
1773323021.96498275,0.02326820,5687,0.00029468,0.00000000,0,0.00000000,38259,38253,50,0.00238068
1773323022.06445312,0.01548064,5677,0.00016055,0.00000000,0,0.00000000,38253,38265,43,0.00210438
1773323022.16499496,0.01519474,5657,0.00016492,0.00000000,0,0.00000000,38265,38267,40,0.00211655
1773323022.26495790,0.01683734,5751,0.00019243,0.00000000,0,0.00000000,38267,38287,41,0.00285654
1773323022.36496305,0.01228804,5725,0.00015873,0.00000000,0,0.00000000,38287,38291,48,0.00225158
1773323022.46497631,0.01610221,5803,0.00015246,0.00000000,0,0.00000000,38291,38303,35,0.00108931
1773323022.56495428,0.01719139,5772,0.00059468,0.00000000,0,0.00000000,38303,38310,31,0.00229947
1773323022.66489911,0.02242266,5804,0.00017943,0.00000000,0,0.00000000,38310,38298,41,0.00084310
1773323022.76486540,0.02387348,5819,0.00028363,0.00000000,0,0.00000000,38298,38308,41,0.00162463
1773323022.86491323,0.02608441,5891,0.00017350,0.00000000,0,0.00000000,38308,38321,47,0.00158987
1773323022.96486855,0.02887957,5884,0.00014523,0.00000000,0,0.00000000,38321,38340,43,0.00085307
1773323023.06595445,0.02898916,5869,0.00038684,0.00000000,0,0.00000000,38340,38343,39,0.00266412
1773323023.16505384,0.03192891,5864,0.00108963,0.00000000,0,0.00000000,38343,38315,41,0.00357809
1773323023.26485372,0.03010382,5861,0.00046969,0.00000000,0,0.00000000,38315,38315,32,0.00188134
1773323023.36492467,0.02757219,5863,0.00054525,0.00000000,0,0.00000000,38315,38336,53,0.00190848
1773323023.46481371,0.02860707,5837,0.00064874,0.00000000,0,0.00000000,38336,38353,43,0.00164695
1773323023.56543231,0.03097646,5911,0.00056287,0.00000000,0,0.00000000,38353,38342,36,0.00171341
1773323023.66505098,0.02010206,5882,0.00041250,0.00000000,0,0.00000000,38342,38359,44,0.00140447
1773323023.76485848,0.02937306,6005,0.00035153,0.00000000,0,0.00000000,38359,38357,48,0.00082949
1773323023.86487007,0.02219403,5945,0.00021687,0.00000000,0,0.00000000,38357,38368,40,0.00345712
1773323023.96492314,0.02060758,5927,0.00030113,0.00000000,0,0.00000000,38368,38367,47,0.00083165
1773323024.06445026,0.01650016,5978,0.00019672,0.00000000,0,0.00000000,38367,38375,45,0.00076894
1773323024.16494632,0.01774388,5974,0.00013643,0.00000000,0,0.00000000,38375,38385,37,0.00114019
1773323024.26495695,0.01623398,6058,0.00015151,0.00000000,0,0.00000000,38385,38391,26,0.00239424
1773323024.36585689,0.01483173,6051,0.00058623,0.00000000,0,0.00000000,38391,38392,32,0.00116861
1773323024.46495819,0.01681203,6079,0.00021219,0.00000000,0,0.00000000,38392,38380,42,0.00209903
1773323024.56584215,0.01598347,6025,0.00018389,0.00000000,0,0.00000000,38380,38391,36,0.00100340
1773323024.66475868,0.02290925,6124,0.00029278,0.00000000,0,0.00000000,38391,38391,26,0.00081388
1773323024.76655531,0.02851680,6053,0.00016053,0.00000000,0,0.00000000,38391,38385,33,0.00155748
1773323024.86484218,0.02924540,6066,0.00025277,0.00000000,0,0.00000000,38385,38378,36,0.00085664
1773323024.96492600,0.03053017,6048,0.00188811,0.00000000,0,0.00000000,38378,38279,39,0.00083182
1773323025.06446552,0.02585758,6113,0.00035025,0.00000000,0,0.00000000,38279,38276,28,0.00320315
1773323025.16585469,0.02789032,6073,0.00037677,0.00000000,0,0.00000000,38276,38288,22,0.00268928
1773323025.26584744,0.02126758,6021,0.00154296,0.00000000,0,0.00000000,38288,38288,27,0.00313656
1773323025.36479068,0.02249220,6110,0.00053904,0.00000000,0,0.00000000,37762,37674,32,0.00096193
1773323025.46680379,0.02285426,6040,0.00051030,0.00000000,0,0.00000000,37674,37669,28,0.00084611
1773323025.56488609,0.03419214,6077,0.00043916,0.00000000,0,0.00000000,37669,37685,38,0.00094213
1773323025.66492367,0.02145741,6071,0.00031769,0.00000000,0,0.00000000,37685,37690,30,0.00154907
1773323025.76495266,0.03059010,6130,0.00059233,0.00000000,0,0.00000000,37690,37706,48,0.00115676
1773323025.86582088,0.01885591,6094,0.00034988,0.00000000,0,0.00000000,37706,37720,37,0.00325445
1773323025.96586871,0.01636761,6133,0.00010803,0.00000000,0,0.00000000,37720,37730,31,0.00349730
1773323026.06477666,0.01728604,6073,0.00015181,0.00000000,0,0.00000000,37730,37740,32,0.00286746
1773323026.16485882,0.01655957,6156,0.00010139,0.00000000,0,0.00000000,37740,37749,27,0.00235021
1773323026.26482892,0.01668697,6171,0.00018879,0.00000000,0,0.00000000,37749,37753,39,0.00264930
1773323026.36487889,0.01152601,6135,0.00009785,0.00000000,0,0.00000000,37753,37763,39,0.00186290
1773323026.46487689,0.01504003,6103,0.00009730,0.00000000,0,0.00000000,37763,37771,28,0.00113752
1773323026.56474423,0.02996583,6125,0.00051284,0.00000000,0,0.00000000,37771,37762,34,0.00103054
1773323026.66591334,0.03314134,6069,0.00066407,0.00000000,0,0.00000000,37762,37766,31,0.00115612
1773323026.76484632,0.03041071,6109,0.00033035,0.00000000,0,0.00000000,37766,37776,33,0.00091239
1773323026.86487722,0.02250632,6110,0.00083903,0.00000000,0,0.00000000,37776,37764,48,0.00117350
1773323026.96495223,0.02319413,6064,0.00015628,0.00000000,0,0.00000000,37764,37774,36,0.00117570
1773323027.06468654,0.02482350,6100,0.00052948,0.00000000,0,0.00000000,37774,37769,29,0.00199676
1773323027.16487336,0.02332010,6091,0.00035708,0.00000000,0,0.00000000,37769,37777,30,0.00099561
1773323027.26487446,0.02297202,6092,0.00014186,0.00000000,0,0.00000000,37777,37786,33,0.00147511
1773323027.36490226,0.02387952,6110,0.00013186,0.00000000,0,0.00000000,37786,37789,27,0.00230350
1773323027.46484017,0.01993470,6109,0.00060382,0.00000000,0,0.00000000,37789,37809,49,0.00294577
1773323027.56493950,0.02532145,6129,0.00050667,0.00000000,0,0.00000000,37809,37811,46,0.00279061
1773323027.66493678,0.03230833,6169,0.00090455,0.00000000,0,0.00000000,37811,37828,46,0.00251070
1773323027.76664329,0.02372983,6157,0.00075232,0.00000000,0,0.00000000,37828,37824,51,0.00207340
1773323027.86488199,0.03163575,6183,0.00052784,0.00000000,0,0.00000000,37824,37836,42,0.00246205
1773323027.96495247,0.01765032,6139,0.00045262,0.00000000,0,0.00000000,37836,37840,57,0.00193689
1773323028.06486297,0.01539335,6197,0.00017383,0.00000000,0,0.00000000,37840,37851,45,0.00247532
1773323028.16483450,0.01370301,6182,0.00013344,0.00000000,0,0.00000000,37851,37874,43,0.00378504
1773323028.26468349,0.01453644,6223,0.00017496,0.00000000,0,0.00000000,37874,37888,50,0.00126346
1773323028.36490750,0.01658777,6205,0.00018120,0.00000000,0,0.00000000,37888,37889,36,0.00226298
1773323028.46485615,0.01331319,6202,0.00014731,0.00000000,0,0.00000000,37889,37902,37,0.00131910
1773323028.56481886,0.01601785,6194,0.00025139,0.00000000,0,0.00000000,37902,37910,45,0.00102461
1773323028.66484523,0.02067133,6247,0.00042915,0.00000000,0,0.00000000,37910,37926,48,0.00090456
1773323028.76486230,0.02639814,6270,0.00052560,0.00000000,0,0.00000000,37926,37932,47,0.00085017
1773323028.86483288,0.01905289,6320,0.00054685,0.00000000,0,0.00000000,37932,37936,51,0.00082436
1773323028.96582341,0.02106271,6298,0.00019202,0.00000000,0,0.00000000,37936,37946,41,0.00076912
1773323029.06584311,0.02371034,6291,0.00014144,0.00000000,0,0.00000000,37946,37949,40,0.00296351
1773323029.16471720,0.02663595,6349,0.00013967,0.00000000,0,0.00000000,37949,37970,46,0.00317684
1773323029.26583648,0.02999728,6341,0.00048378,0.00000000,0,0.00000000,37970,37982,43,0.00462554
1773323029.36586761,0.02931590,6351,0.00018939,0.00000000,0,0.00000000,37982,37984,38,0.00186523
1773323029.46587420,0.02257354,6313,0.00043785,0.00000000,0,0.00000000,37984,37996,51,0.00239095
1773323029.56480289,0.03267820,6381,0.00067010,0.00000000,0,0.00000000,37996,37996,53,0.00284616
1773323029.66584945,0.02273017,6367,0.00015789,0.00000000,0,0.00000000,37996,38004,41,0.00310430
1773323029.76659489,0.02374019,6326,0.00066233,0.00000000,0,0.00000000,38004,37994,55,0.00159175
1773323029.86480188,0.02715142,6341,0.00025229,0.00000000,0,0.00000000,37994,38001,44,0.00322036
1773323029.96483636,0.01602117,6367,0.00015712,0.00000000,0,0.00000000,38001,38002,42,0.00299324
1773323030.06587315,0.01834338,6324,0.00031340,0.00000000,0,0.00000000,38002,37988,43,0.00162605
1773323030.16485000,0.01797981,6215,0.00022429,0.00000000,0,0.00000000,37988,37974,51,0.00162453
1773323030.26446414,0.02045725,6472,0.00027502,0.00000000,0,0.00000000,37974,37990,33,0.00092113
1773323030.36482358,0.02097956,6359,0.00011241,0.00000000,0,0.00000000,37990,38003,43,0.00186116
1773323030.46483636,0.01902057,6338,0.00023603,0.00000000,0,0.00000000,38003,38004,44,0.00100053
1773323030.56481457,0.01613987,6339,0.00021026,0.00000000,0,0.00000000,38004,38006,41,0.00089064
1773323030.66484094,0.03321474,6333,0.00017209,0.00000000,0,0.00000000,38006,38025,36,0.00092513
1773323030.76481605,0.02842608,6349,0.00022870,0.00000000,0,0.00000000,38025,38031,23,0.00108576
1773323030.86481452,0.03172967,6394,0.00052682,0.00000000,0,0.00000000,38031,38044,46,0.00091561
1773323030.96481752,0.02343434,6370,0.00055660,0.00000000,0,0.00000000,38044,38051,42,0.00079809
1773323031.06460810,0.02144139,6358,0.00038092,0.00000000,0,0.00000000,38051,38061,37,0.00293731
1773323031.16584682,0.02390638,6396,0.00035597,0.00000000,0,0.00000000,38061,38066,41,0.00344910
1773323031.26587462,0.02689089,6337,0.00036310,0.00000000,0,0.00000000,38066,38075,40,0.00121277
1773323031.36479068,0.02264668,6345,0.00022479,0.00000000,0,0.00000000,38075,38013,38,0.00112883
1773323031.46483302,0.02440717,6368,0.00049479,0.00000000,0,0.00000000,38013,38025,42,0.00312282
1773323031.56487393,0.03639500,6350,0.00067209,0.00000000,0,0.00000000,38025,38035,46,0.00282458
1773323031.66482878,0.02610336,6355,0.00015360,0.00000000,0,0.00000000,38035,38035,41,0.00314924
1773323031.76484179,0.02892933,6342,0.00043347,0.00000000,0,0.00000000,38035,38035,27,0.00242975
1773323031.86487269,0.02654187,6334,0.00071148,0.00000000,0,0.00000000,38035,38012,33,0.00285025
1773323031.96481013,0.01702277,6366,0.00022160,0.00000000,0,0.00000000,38012,38020,44,0.00312487
1773323032.06462264,0.01866389,6342,0.00014051,0.00000000,0,0.00000000,38020,38033,39,0.00301867
1773323032.16480541,0.01764603,6335,0.00024590,0.00000000,0,0.00000000,38033,38019,37,0.00189823
1773323032.26479554,0.02042885,6348,0.00016365,0.00000000,0,0.00000000,38019,38028,34,0.00107030
1773323032.36491442,0.01879031,6334,0.00016353,0.00000000,0,0.00000000,38028,38029,40,0.00247096
1773323032.46480370,0.02060412,6341,0.00024590,0.00000000,0,0.00000000,38029,38045,55,0.00085718
1773323032.56486940,0.02026824,6354,0.00015534,0.00000000,0,0.00000000,38045,38068,38,0.00086457
1773323032.66582203,0.03278470,6345,0.00060258,0.00000000,0,0.00000000,38068,38073,51,0.00091910
1773323032.76646042,0.03355693,6296,0.00056280,0.00000000,0,0.00000000,38073,38072,39,0.00112454
1773323032.86576104,0.02783379,6325,0.00047361,0.00000000,0,0.00000000,38072,38065,41,0.00126921
1773323032.96581101,0.02803757,6295,0.00016278,0.00000000,0,0.00000000,38065,38075,33,0.00116428
1773323033.06579375,0.03129444,6257,0.00019772,0.00000000,0,0.00000000,38075,38076,42,0.00120398
1773323033.16480660,0.02965053,6236,0.00030137,0.00000000,0,0.00000000,38076,38088,43,0.00451598
1773323033.26468277,0.03152135,6236,0.00035798,0.00000000,0,0.00000000,38088,38087,26,0.00358477
1773323033.36593437,0.03316307,6187,0.00039701,0.00000000,0,0.00000000,38087,38088,36,0.00216060
1773323033.46584988,0.03568999,6161,0.00043263,0.00000000,0,0.00000000,38088,38092,30,0.00267556
1773323033.56499171,0.03134746,6158,0.00017349,0.00000000,0,0.00000000,38092,38109,44,0.00202598
1773323033.66484571,0.03199043,6208,0.00063612,0.00000000,0,0.00000000,38109,38117,50,0.00448038
1773323033.76646805,0.02481571,6153,0.00029026,0.00000000,0,0.00000000,38117,38133,45,0.00097708
1773323033.86584711,0.01878218,6201,0.00018359,0.00000000,0,0.00000000,38133,38142,38,0.00325156
1773323033.96580482,0.02111177,6158,0.00026331,0.00000000,0,0.00000000,38142,38146,43,0.00309901
1773323034.06456113,0.01676134,6256,0.00031378,0.00000000,0,0.00000000,38146,38173,69,0.00112717
1773323034.16574454,0.01612254,6210,0.00023013,0.00000000,0,0.00000000,38173,38163,46,0.00112644
1773323034.26480818,0.01964120,6279,0.00024096,0.00000000,0,0.00000000,38163,38188,58,0.00114438
1773323034.36475420,0.01973810,6301,0.00026377,0.00000000,0,0.00000000,38188,38177,58,0.00116129
1773323034.46587658,0.01988012,6297,0.00036973,0.00000000,0,0.00000000,38177,38152,63,0.00095573
1773323034.56580138,0.03153673,6311,0.00027510,0.00000000,0,0.00000000,38152,38141,45,0.00117760
1773323034.66575837,0.03013002,6323,0.00029718,0.00000000,0,0.00000000,38141,38144,67,0.00124712
1773323034.76666999,0.03476812,6303,0.00071002,0.00000000,0,0.00000000,38144,38160,59,0.00078942
1773323034.86477900,0.02376727,6341,0.00055466,0.00000000,0,0.00000000,38160,38174,55,0.00159566
1773323034.96480966,0.02263023,6328,0.00033793,0.00000000,0,0.00000000,38174,38169,41,0.00156012
1773323035.06581616,0.02798614,6357,0.00046525,0.00000000,0,0.00000000,38169,38188,42,0.00355386
1773323035.16483569,0.02910534,6358,0.00032176,0.00000000,0,0.00000000,38188,38200,32,0.00321266
1773323035.26484346,0.03050735,6361,0.00109302,0.00000000,0,0.00000000,38200,38185,44,0.00500371
1773323035.36586976,0.03103637,6327,0.00110629,0.00000000,0,0.00000000,38185,38098,55,0.00200396
1773323035.46491194,0.03348091,6363,0.00067584,0.00000000,0,0.00000000,38098,38114,49,0.00217361
1773323035.56578827,0.02473957,6352,0.00025711,0.00000000,0,0.00000000,38114,38116,42,0.00484814
1773323035.66583276,0.02176005,6310,0.00053104,0.00000000,0,0.00000000,38116,38122,36,0.00377925
1773323035.76646876,0.02848974,6318,0.00029117,0.00000000,0,0.00000000,38122,38136,49,0.00185549
1773323035.86595464,0.01630511,6330,0.00081584,0.00000000,0,0.00000000,38136,38149,32,0.00163045
1773323035.96581888,0.01534030,6324,0.00030285,0.00000000,0,0.00000000,38149,38158,41,0.00182644
1773323036.06457710,0.01487551,6397,0.00018063,0.00000000,0,0.00000000,38158,38170,39,0.00171183
1773323036.16588688,0.01609814,6368,0.00021679,0.00000000,0,0.00000000,38170,38186,41,0.00189681
1773323036.26586986,0.01812530,6359,0.00048764,0.00000000,0,0.00000000,38186,38204,42,0.00277574
1773323036.36579752,0.01736085,6352,0.00017132,0.00000000,0,0.00000000,38204,38201,41,0.00156136
1773323036.46588635,0.01864680,6311,0.00054108,0.00000000,0,0.00000000,38201,38212,32,0.00202049
1773323036.56580997,0.03309177,6301,0.00040780,0.00000000,0,0.00000000,38212,38224,44,0.00178884
1773323036.66575313,0.03254096,6257,0.00076068,0.00000000,0,0.00000000,38224,38236,61,0.00147277
1773323036.76477790,0.02757309,6288,0.00061504,0.00000000,0,0.00000000,38236,38215,42,0.00089132
1773323036.86586261,0.03277914,6233,0.00043346,0.00000000,0,0.00000000,38215,38219,32,0.00151071
1773323036.96475339,0.03295594,6263,0.00071250,0.00000000,0,0.00000000,38219,38232,54,0.00150607
1773323037.06580043,0.03774078,6268,0.00028429,0.00000000,0,0.00000000,38232,38244,53,0.00259736
1773323037.16481018,0.03968712,6269,0.00033800,0.00000000,0,0.00000000,38244,38225,58,0.00148164
1773323037.26481962,0.03949221,6269,0.00027969,0.00000000,0,0.00000000,38225,38235,57,0.00311258
1773323037.36488867,0.03434419,6257,0.00075856,0.00000000,0,0.00000000,38235,38248,51,0.00385815
1773323037.46478820,0.03532309,6277,0.00075141,0.00000000,0,0.00000000,38248,38265,52,0.00209607
1773323037.56585217,0.03757926,6228,0.00027305,0.00000000,0,0.00000000,38265,38276,47,0.00259718
1773323037.66590142,0.03414321,6230,0.00063536,0.00000000,0,0.00000000,38276,38289,50,0.00289739
1773323037.76483965,0.02683609,6193,0.00030202,0.00000000,0,0.00000000,38289,38293,56,0.00108156
1773323037.86484933,0.02069637,6204,0.00024623,0.00000000,0,0.00000000,38293,38288,59,0.00289580
1773323037.96483850,0.02226389,6219,0.00034649,0.00000000,0,0.00000000,38288,38290,46,0.00503254
1773323038.06466222,0.01777055,6244,0.00032607,0.00000000,0,0.00000000,38290,38296,39,0.00108295
1773323038.16484761,0.02008064,6197,0.00023849,0.00000000,0,0.00000000,38296,38293,40,0.00084650
1773323038.26464963,0.02347090,6228,0.00024407,0.00000000,0,0.00000000,38293,38283,50,0.00119785
1773323038.36485982,0.01729456,6229,0.00016648,0.00000000,0,0.00000000,38283,38273,43,0.00286309
1773323038.46494436,0.02181286,6233,0.00041139,0.00000000,0,0.00000000,38273,38250,53,0.00089473
1773323038.56482911,0.02211637,6223,0.00031004,0.00000000,0,0.00000000,38250,38260,39,0.00147343
1773323038.66579890,0.03882447,6228,0.00070365,0.00000000,0,0.00000000,38260,38249,42,0.00213048
1773323038.76648140,0.03763942,6217,0.00042583,0.00000000,0,0.00000000,38249,38267,53,0.00131058
1773323038.86575055,0.04080572,6225,0.00020396,0.00000000,0,0.00000000,38267,38261,46,0.00231232
1773323038.96586514,0.04174903,6259,0.00038549,0.00000000,0,0.00000000,38261,38265,47,0.00099290
1773323039.06602359,0.03820382,6211,0.00058200,0.00000000,0,0.00000000,38265,38277,48,0.00317220
1773323039.16589451,0.03692304,6214,0.00060747,0.00000000,0,0.00000000,38277,38281,49,0.00371993
1773323039.26472449,0.03384154,6284,0.00059691,0.00000000,0,0.00000000,38281,38285,38,0.00213384
1773323039.36589622,0.02879839,6240,0.00023906,0.00000000,0,0.00000000,38285,38299,41,0.00110040
1773323039.46480536,0.03411699,6278,0.00075204,0.00000000,0,0.00000000,38299,38307,55,0.00229442
1773323039.56481910,0.04992192,6313,0.00044521,0.00000000,0,0.00000000,38307,38294,50,0.00153567
1773323039.66486144,0.02545776,6260,0.00050307,0.00000000,0,0.00000000,38294,38296,59,0.00306768
1773323039.76485682,0.03848288,6289,0.00052414,0.00000000,0,0.00000000,38296,38306,40,0.00277173
1773323039.86483359,0.02007018,6301,0.00038539,0.00000000,0,0.00000000,38306,38317,47,0.00346743
1773323039.96590352,0.01701251,6245,0.00018901,0.00000000,0,0.00000000,38317,38319,44,0.00276122
1773323040.06480861,0.01736572,6223,0.00016190,0.00000000,0,0.00000000,38319,38331,46,0.00208520
1773323040.16483164,0.01916788,6226,0.00014083,0.00000000,0,0.00000000,38331,38350,47,0.00153455
1773323040.26513767,0.02110011,6245,0.00032778,0.00000000,0,0.00000000,38350,38302,43,0.00188924
1773323040.36586523,0.01909078,6197,0.00014297,0.00000000,0,0.00000000,38302,38303,41,0.00231750
1773323040.46481276,0.01789586,6242,0.00029160,0.00000000,0,0.00000000,38303,38311,40,0.00101866
1773323040.56482434,0.01585651,6226,0.00028823,0.00000000,0,0.00000000,38311,38281,48,0.00152112
1773323040.66486835,0.02077242,6245,0.00033402,0.00000000,0,0.00000000,38281,38275,50,0.00081348
1773323040.76491308,0.02206411,6191,0.00020771,0.00000000,0,0.00000000,38275,38242,38,0.00168725
1773323040.86577559,0.02488227,6233,0.00014348,0.00000000,0,0.00000000,38242,38231,34,0.00251383
1773323040.96585870,0.02752624,6167,0.00014090,0.00000000,0,0.00000000,38231,38239,37,0.00155774
1773323041.06629658,0.03065662,6211,0.00072532,0.00000000,0,0.00000000,38239,38221,34,0.00298872
1773323041.16991019,0.02720714,6191,0.00030766,0.00000000,0,0.00000000,38221,38229,30,0.00298740
1773323041.26588869,0.02403196,6177,0.00052314,0.00000000,0,0.00000000,38229,38242,45,0.00333656
1773323041.36481428,0.02148537,6208,0.00029259,0.00000000,0,0.00000000,38242,38257,30,0.00258527
1773323041.46485257,0.02529595,6192,0.00056688,0.00000000,0,0.00000000,38257,38261,33,0.00384235
1773323041.56582570,0.03196088,6172,0.00031417,0.00000000,0,0.00000000,38261,38263,22,0.00252817
1773323041.66480231,0.01366159,6166,0.00010674,0.00000000,0,0.00000000,38263,38265,23,0.00099199
1773323041.76486897,0.02305408,6150,0.00024458,0.00000000,0,0.00000000,38265,38257,21,0.00272354
1773323041.86484623,0.01878051,6171,0.00008634,0.00000000,0,0.00000000,38257,38262,22,0.00272346
1773323041.96578860,0.01679747,6150,0.00008995,0.00000000,0,0.00000000,38262,38263,21,0.00194193
1773323042.06599474,0.01678169,6116,0.00015887,0.00000000,0,0.00000000,38263,38268,29,0.00105645
1773323042.16482258,0.01566035,6185,0.00015767,0.00000000,0,0.00000000,38268,38265,34,0.00092228
1773323042.26487446,0.01675230,6254,0.00032687,0.00000000,0,0.00000000,38265,38275,46,0.00325198
1773323042.36486435,0.01813917,6291,0.00011777,0.00000000,0,0.00000000,38275,38291,34,0.00228220
1773323042.46488976,0.07211584,6301,0.00049418,0.00000000,0,0.00000000,38291,38301,48,0.00072783
1773323042.56492853,0.03403391,6296,0.00019091,0.00000000,0,0.00000000,38301,38315,43,0.00123175
1773323042.66591191,0.03309870,6228,0.00056609,0.00000000,0,0.00000000,38315,38321,36,0.00307746
1773323042.76487875,0.04028688,6260,0.00064124,0.00000000,0,0.00000000,38321,38311,50,0.00095917
1773323042.86585832,0.04871775,6241,0.00031285,0.00000000,0,0.00000000,38311,38328,32,0.00129217
1773323042.96486378,0.03714318,6275,0.00025955,0.00000000,0,0.00000000,38328,38342,47,0.00581999
1773323043.06487107,0.04019911,6271,0.00075898,0.00000000,0,0.00000000,38342,38347,49,0.00266009
1773323043.16492128,0.03323168,6294,0.00049399,0.00000000,0,0.00000000,38347,38354,33,0.00272394
1773323043.26491427,0.03130014,6336,0.00051782,0.00000000,0,0.00000000,38354,38357,43,0.00298357
1773323043.36581922,0.03535476,6265,0.00076373,0.00000000,0,0.00000000,38357,38353,49,0.00118014
1773323043.46482873,0.03470580,6299,0.00114009,0.00000000,0,0.00000000,38353,38360,54,0.00274797
1773323043.56489110,0.03844684,6274,0.00109142,0.00000000,0,0.00000000,38360,38342,54,0.00143754
1773323043.66487622,0.03841853,6295,0.00025486,0.00000000,0,0.00000000,38342,38329,55,0.00199976
1773323043.76490402,0.03972328,6273,0.00056193,0.00000000,0,0.00000000,38329,38335,43,0.00192740
1773323043.86484456,0.02452438,6300,0.00029700,0.00000000,0,0.00000000,38335,38338,55,0.00425418
1773323043.96480060,0.02144723,6270,0.00019176,0.00000000,0,0.00000000,38338,38335,43,0.00229706
1773323044.06488919,0.02065727,6262,0.00022589,0.00000000,0,0.00000000,38335,38340,50,0.00205285
1773323044.16489029,0.02304130,6291,0.00026210,0.00000000,0,0.00000000,38340,38341,43,0.00257890
1773323044.26485395,0.02266656,6273,0.00018116,0.00000000,0,0.00000000,38341,38355,39,0.00312357
1773323044.36494470,0.01997872,6254,0.00018904,0.00000000,0,0.00000000,38355,38364,43,0.00265463
1773323044.46491218,0.01755558,6210,0.00012354,0.00000000,0,0.00000000,38364,38373,36,0.00199815
1773323044.56479645,0.01919215,6254,0.00016487,0.00000000,0,0.00000000,38373,38359,40,0.00152427
1773323044.66585827,0.01671264,6152,0.00021209,0.00000000,0,0.00000000,38359,38348,32,0.00114989
1773323044.76486492,0.02731187,6197,0.00051269,0.00000000,0,0.00000000,38348,38353,37,0.00185107
1773323044.86493278,0.01782542,6169,0.00043394,0.00000000,0,0.00000000,38353,38371,42,0.00119054
1773323044.96497345,0.02342010,6206,0.00035470,0.00000000,0,0.00000000,38371,38371,32,0.00149718
1773323045.06495571,0.02294177,6148,0.00032816,0.00000000,0,0.00000000,38371,38356,24,0.00120123
1773323045.16489053,0.01716190,6139,0.00010009,0.00000000,0,0.00000000,38356,38360,36,0.00091875
1773323045.26494789,0.02093929,6160,0.00013921,0.00000000,0,0.00000000,38360,38362,31,0.00217453
1773323045.36495090,0.02189297,6081,0.00011507,0.00000000,0,0.00000000,38362,38361,28,0.00367866
1773323045.46479988,0.01895914,6098,0.00013201,0.00000000,0,0.00000000,38361,38371,27,0.00195648
1773323045.56481838,0.01713864,6061,0.00026231,0.00000000,0,0.00000000,38371,38377,30,0.00241316
1773323045.66483760,0.02227987,6062,0.00035981,0.00000000,0,0.00000000,38377,38384,29,0.00338319
1773323045.76490664,0.02030843,6030,0.00058926,0.00000000,0,0.00000000,38384,38385,21,0.00277707
1773323045.86497784,0.01351223,6064,0.00014843,0.00000000,0,0.00000000,38385,38391,31,0.00230571
1773323045.96497941,0.01462896,6052,0.00018858,0.00000000,0,0.00000000,38391,38399,24,0.00215693
1773323046.06490159,0.01271879,6004,0.00008834,0.00000000,0,0.00000000,38399,38401,22,0.00435111
1773323046.16587234,0.01365491,5876,0.00028437,0.00000000,0,0.00000000,38401,38396,32,0.00373964
1773323046.26501775,0.01126386,5890,0.00006942,0.00000000,0,0.00000000,38396,38399,18,0.00243663
1773323046.36497426,0.01275415,5860,0.00012287,0.00000000,0,0.00000000,38399,38406,27,0.00221858
1773323046.46492767,0.01203443,5879,0.00020602,0.00000000,0,0.00000000,38406,38414,25,0.00126338
1773323046.56500769,0.02261483,5897,0.00010480,0.00000000,0,0.00000000,38414,38416,19,0.00109716
1773323046.66493630,0.01752420,5854,0.00018672,0.00000000,0,0.00000000,38416,38410,23,0.00123695
1773323046.76502061,0.02101002,5821,0.00019037,0.00000000,0,0.00000000,38410,38417,19,0.00114800
1773323046.86489654,0.02110977,5805,0.00057024,0.00000000,0,0.00000000,38417,38392,24,0.00172539
1773323046.96492171,0.01770253,5755,0.00020759,0.00000000,0,0.00000000,38392,38386,18,0.00300437
1773323047.06487918,0.01834175,5695,0.00061341,0.00000000,0,0.00000000,38386,38395,26,0.00284796
1773323047.16483617,0.01255723,5634,0.00032609,0.00000000,0,0.00000000,38395,38405,29,0.00242617
1773323047.26485229,0.01535196,5367,0.00019568,0.00000000,0,0.00000000,38405,38400,25,0.00122340
1773323047.36504865,0.01528403,5303,0.00009347,0.00000000,0,0.00000000,38400,38388,17,0.00268043
1773323047.46481228,0.01370024,5323,0.00022764,0.00000000,0,0.00000000,38388,38399,22,0.00087713
1773323047.56480980,0.01377280,5378,0.00047662,0.00000000,0,0.00000000,38399,38378,23,0.00233724
1773323047.66501546,0.01716119,5432,0.00022266,0.00000000,0,0.00000000,38378,38383,16,0.00308436
1773323047.76486087,0.01140192,5545,0.00020838,0.00000000,0,0.00000000,38383,38391,23,0.00301655
1773323047.86452436,0.01451311,5575,0.00027218,0.00000000,0,0.00000000,38391,38391,15,0.00279697
1773323047.96478295,0.01907690,5682,0.00019483,0.00000000,0,0.00000000,38391,38397,25,0.00176225
1773323048.06496644,0.01844296,5655,0.00019087,0.00000000,0,0.00000000,38397,38394,13,0.00187409
1773323048.16491079,0.02106902,5708,0.00017714,0.00000000,0,0.00000000,38394,38398,15,0.00157282
1773323048.26494789,0.01555966,5629,0.00027198,0.00000000,0,0.00000000,38398,38401,18,0.00232498
1773323048.36489487,0.01472545,5569,0.00023004,0.00000000,0,0.00000000,38401,38408,21,0.00294665
1773323048.46504712,0.01433185,5317,0.00030158,0.00000000,0,0.00000000,38408,38404,15,0.00240561
1773323048.56444359,0.01829103,5250,0.00006447,0.00000000,0,0.00000000,38404,38409,19,0.00094621
1773323048.66456366,0.02285436,4998,0.00026678,0.00000000,0,0.00000000,38409,38415,27,0.00266633
1773323048.76501489,0.02575448,4875,0.00038814,0.00000000,0,0.00000000,38415,38436,39,0.00107030
1773323048.86483693,0.02255723,4721,0.00048015,0.00000000,0,0.00000000,38436,38435,31,0.00295916
1773323048.96452475,0.02183573,4704,0.00044517,0.00000000,0,0.00000000,38435,38443,39,0.00273707
1773323049.06501269,0.01719524,4691,0.00042471,0.00000000,0,0.00000000,38443,38455,45,0.00425605
1773323049.16499090,0.02199106,4652,0.00020782,0.00000000,0,0.00000000,38455,38449,31,0.00222540
1773323049.26489711,0.02035183,4661,0.00014937,0.00000000,0,0.00000000,38449,38437,34,0.00171661
1773323049.36501527,0.02144976,4606,0.00015647,0.00000000,0,0.00000000,38437,38446,37,0.00131318
1773323049.46503305,0.01922793,4537,0.00009274,0.00000000,0,0.00000000,38446,38456,27,0.00411390
1773323049.56492686,0.01390570,4543,0.00043639,0.00000000,0,0.00000000,38456,38461,27,0.00329390
1773323049.66484261,0.02470789,4583,0.00049126,0.00000000,0,0.00000000,38461,38459,31,0.00244062
1773323049.76502824,0.02281684,4514,0.00020048,0.00000000,0,0.00000000,38459,38462,25,0.00301804
1773323049.86496496,0.01890693,4512,0.00046733,0.00000000,0,0.00000000,38462,38453,32,0.00361787
1773323049.96450734,0.02421913,4491,0.00027817,0.00000000,0,0.00000000,38453,38464,34,0.00374811
1773323050.06445050,0.01390396,4517,0.00021728,0.00000000,0,0.00000000,38464,38450,55,0.00260866
1773323050.16511989,0.01334173,4490,0.00032959,0.00000000,0,0.00000000,38450,38455,33,0.00220789
1773323050.26508474,0.01076262,4488,0.00022766,0.00000000,0,0.00000000,38455,38464,35,0.00374704
1773323050.36492777,0.02057512,4498,0.00022257,0.00000000,0,0.00000000,38464,38460,24,0.00185648
1773323050.46492052,0.01302497,4536,0.00018571,0.00000000,0,0.00000000,38460,38452,33,0.00225007
1773323050.56516719,0.01457129,4484,0.00015183,0.00000000,0,0.00000000,38452,38463,30,0.00130149
1773323050.66450834,0.01755258,4561,0.00011334,0.00000000,0,0.00000000,38463,38477,27,0.00101709
1773323050.76443577,0.01632144,4674,0.00021604,0.00000000,0,0.00000000,38477,38484,26,0.00105645
1773323050.86505842,0.01858771,4782,0.00008960,0.00000000,0,0.00000000,38484,38491,22,0.00094063
1773323050.96486425,0.01296777,4887,0.00016172,0.00000000,0,0.00000000,38491,38493,29,0.00107060
1773323051.06455851,0.01230164,5064,0.00023073,0.00000000,0,0.00000000,38493,38496,32,0.00119652
1773323051.16446805,0.01556496,5268,0.00007396,0.00000000,0,0.00000000,38496,38500,25,0.00105563
1773323051.26515555,0.00908160,5395,0.00013884,0.00000000,0,0.00000000,38500,38489,30,0.00178653
1773323051.36504555,0.01391588,5500,0.00014569,0.00000000,0,0.00000000,38489,38494,28,0.00120634
1773323051.46506238,0.01818374,5627,0.00036980,0.00000000,0,0.00000000,38494,38497,22,0.00120318
1773323051.56505370,0.02550801,5697,0.00038052,0.00000000,0,0.00000000,38497,38501,24,0.00092913
1773323051.66511989,0.02410075,5734,0.00022821,0.00000000,0,0.00000000,38501,38505,29,0.00124725
1773323051.76489282,0.01363913,5853,0.00014571,0.00000000,0,0.00000000,38505,38499,26,0.00149212
1773323051.86502528,0.02059468,5961,0.00039958,0.00000000,0,0.00000000,38499,38511,32,0.00178592
1773323051.96508622,0.02378406,5973,0.00081317,0.00000000,0,0.00000000,38511,38505,28,0.00252674
1773323052.06501365,0.01083154,6068,0.00012116,0.00000000,0,0.00000000,38505,38519,29,0.00126323
1773323052.16500878,0.00945633,6127,0.00008132,0.00000000,0,0.00000000,38519,38530,29,0.00278561
1773323052.26498652,0.01357940,6039,0.00026563,0.00000000,0,0.00000000,38530,38530,22,0.00091737
1773323052.36486292,0.01196401,6174,0.00011697,0.00000000,0,0.00000000,38530,38534,31,0.00286976
1773323052.46443295,0.01153735,6091,0.00010615,0.00000000,0,0.00000000,38534,38539,29,0.00102526
1773323052.56440353,0.02564615,6176,0.00035028,0.00000000,0,0.00000000,38539,38547,26,0.00086383
1773323052.66489148,0.02431031,6115,0.00050357,0.00000000,0,0.00000000,38547,38523,31,0.00205720
1773323052.76502633,0.01930545,6165,0.00027675,0.00000000,0,0.00000000,38523,38531,22,0.00233843
1773323052.86493397,0.01755378,6163,0.00023199,0.00000000,0,0.00000000,38531,38540,28,0.00128618
1773323052.96493053,0.01908937,6180,0.00011082,0.00000000,0,0.00000000,38540,38548,30,0.00103182
1773323053.06439996,0.02138570,6155,0.00026317,0.00000000,0,0.00000000,38548,38544,13,0.00319103
1773323053.16489840,0.02349000,6141,0.00044669,0.00000000,0,0.00000000,38544,38545,26,0.00292003
1773323053.26496434,0.02480306,6146,0.00037794,0.00000000,0,0.00000000,38545,38538,25,0.00345789
1773323053.36453629,0.02313268,6097,0.00032424,0.00000000,0,0.00000000,38538,38498,17,0.00287046
1773323053.46439743,0.02352356,6192,0.00039545,0.00000000,0,0.00000000,38498,38504,23,0.00232554
1773323053.56501484,0.02459238,6071,0.00039145,0.00000000,0,0.00000000,38504,38511,18,0.00348099
1773323053.66446543,0.01441400,6150,0.00008338,0.00000000,0,0.00000000,38511,38515,23,0.00315467
1773323053.76500607,0.01839678,6114,0.00034778,0.00000000,0,0.00000000,38515,38508,28,0.00120492
1773323053.86533999,0.02002681,6092,0.00068035,0.00000000,0,0.00000000,38508,38513,17,0.00218734
1773323053.96443486,0.01348974,6226,0.00006578,0.00000000,0,0.00000000,38513,38518,25,0.00117403
1773323054.06499219,0.01284277,6130,0.00013114,0.00000000,0,0.00000000,38518,38519,24,0.00229271
1773323054.16442633,0.01180463,6160,0.00013056,0.00000000,0,0.00000000,38519,38521,21,0.00128114
1773323054.26444292,0.01704329,6233,0.00016840,0.00000000,0,0.00000000,38521,38516,28,0.00151715
1773323054.36501694,0.01361977,6202,0.00020496,0.00000000,0,0.00000000,38516,38528,38,0.00120413
1773323054.46443605,0.01486364,6173,0.00020876,0.00000000,0,0.00000000,38528,38535,32,0.00257011
1773323054.56442761,0.01494202,6226,0.00021580,0.00000000,0,0.00000000,38535,38544,27,0.00121367
1773323054.66447735,0.03411020,6145,0.00046056,0.00000000,0,0.00000000,38544,38549,34,0.00115312
1773323054.76447058,0.03165355,6212,0.00040882,0.00000000,0,0.00000000,38549,38545,30,0.00129714
1773323054.86444259,0.02569342,6178,0.00051442,0.00000000,0,0.00000000,38545,38533,38,0.00159926
1773323054.96446943,0.02267438,6199,0.00015481,0.00000000,0,0.00000000,38533,38531,34,0.00203440
1773323055.06448865,0.02581647,6197,0.00015481,0.00000000,0,0.00000000,38531,38537,26,0.00268830
1773323055.16446853,0.02487292,6193,0.00025616,0.00000000,0,0.00000000,38537,38534,28,0.00222696
1773323055.26453519,0.02424757,6175,0.00044320,0.00000000,0,0.00000000,38534,38534,35,0.00463229
1773323055.36449432,0.02372285,6165,0.00047678,0.00000000,0,0.00000000,38534,38538,42,0.00230903
1773323055.46509290,0.02614976,6159,0.00045648,0.00000000,0,0.00000000,38538,38541,34,0.00231118
1773323055.56509471,0.02685314,6070,0.00027937,0.00000000,0,0.00000000,38541,38548,30,0.00285652
1773323055.66445565,0.02956869,6131,0.00048519,0.00000000,0,0.00000000,38548,38543,28,0.00204815
1773323055.76446033,0.01934135,6095,0.00022804,0.00000000,0,0.00000000,38543,38553,36,0.00111560
1773323055.86449027,0.01447858,6083,0.00018520,0.00000000,0,0.00000000,38553,38556,36,0.00368262
1773323055.96451807,0.02345740,6082,0.00030824,0.00000000,0,0.00000000,38556,38558,23,0.00118051
1773323056.06507683,0.01555732,6043,0.00011474,0.00000000,0,0.00000000,38558,38560,26,0.00158029
1773323056.16442490,0.01368370,6052,0.00020182,0.00000000,0,0.00000000,38560,38566,30,0.00142256
1773323056.26502609,0.01467167,6036,0.00010139,0.00000000,0,0.00000000,38566,38571,33,0.00174987
1773323056.36503386,0.01359624,6052,0.00017553,0.00000000,0,0.00000000,38571,38574,17,0.00110986
1773323056.46511889,0.01559011,6085,0.00010033,0.00000000,0,0.00000000,38574,38584,28,0.00253766
1773323056.56439424,0.01543219,6212,0.00008018,0.00000000,0,0.00000000,38584,38592,22,0.00154489
1773323056.66453719,0.03163889,6229,0.00070144,0.00000000,0,0.00000000,38592,38557,40,0.00086102
1773323056.76452756,0.02227963,6263,0.00031689,0.00000000,0,0.00000000,38557,38555,37,0.00098528
1773323056.86453319,0.02152149,6263,0.00027569,0.00000000,0,0.00000000,38555,38559,20,0.00216873
1773323056.96453357,0.03803082,6266,0.00307120,0.00000000,0,0.00000000,38559,38824,747,0.00196792
1773323057.06452465,0.01579787,6225,0.00059013,0.00000000,0,0.00000000,38824,38817,89,0.00216424
1773323057.16452789,0.02382725,6190,0.00045212,0.00000000,0,0.00000000,38817,38829,46,0.00223267
1773323057.26456904,0.01559870,6180,0.00010580,0.00000000,0,0.00000000,38829,38833,31,0.00197109
1773323057.36458874,0.01422056,6089,0.00018167,0.00000000,0,0.00000000,38833,38842,41,0.00394703
1773323057.46439743,0.01562759,6117,0.00013775,0.00000000,0,0.00000000,38842,38838,31,0.00098085
1773323057.56448436,0.01729798,6136,0.00024781,0.00000000,0,0.00000000,38838,38831,37,0.00140500
1773323057.66456008,0.01878907,6068,0.00010485,0.00000000,0,0.00000000,38831,38835,31,0.00228721
1773323057.76443505,0.01496923,6118,0.00009764,0.00000000,0,0.00000000,38835,38833,35,0.00254105
1773323057.86503887,0.01384465,6103,0.00014584,0.00000000,0,0.00000000,38833,38833,40,0.00256592
1773323057.96511197,0.01491996,6117,0.00016124,0.00000000,0,0.00000000,38833,38844,32,0.00267786
1773323058.06453371,0.02143711,6101,0.00014478,0.00000000,0,0.00000000,38844,38847,17,0.00243273
1773323058.16524649,0.02066442,6121,0.00015496,0.00000000,0,0.00000000,38847,38851,37,0.00178394
1773323058.26443720,0.01901983,6205,0.00024237,0.00000000,0,0.00000000,38851,38847,34,0.00153884
1773323058.36456132,0.01392933,6163,0.00009914,0.00000000,0,0.00000000,38847,38859,27,0.00145525
1773323058.46438932,0.01577838,6218,0.00014337,0.00000000,0,0.00000000,38859,38869,32,0.00186658
1773323058.56465769,0.01448815,6145,0.00008303,0.00000000,0,0.00000000,38869,38869,18,0.00118877
1773323058.66451907,0.01681312,6170,0.00014149,0.00000000,0,0.00000000,38869,38878,25,0.00073957
1773323058.76451492,0.01598378,6158,0.00011605,0.00000000,0,0.00000000,38878,38884,29,0.00102054
1773323058.86455798,0.01529796,6178,0.00010486,0.00000000,0,0.00000000,38884,38883,24,0.00147829
1773323058.96454835,0.02246291,6120,0.00045794,0.00000000,0,0.00000000,38883,38891,31,0.00089328
1773323059.06437492,0.02176897,6164,0.00011165,0.00000000,0,0.00000000,38891,38903,33,0.00171957
1773323059.16459203,0.02216176,6118,0.00011720,0.00000000,0,0.00000000,38903,38910,23,0.00122503
1773323059.26446748,0.02681366,6136,0.00013365,0.00000000,0,0.00000000,38910,38913,28,0.00125014
1773323059.36443877,0.02284454,6179,0.00033895,0.00000000,0,0.00000000,38913,38916,38,0.00100275
1773323059.46438289,0.03634317,6227,0.00035716,0.00000000,0,0.00000000,38916,38915,26,0.00261659
1773323059.56462216,0.01694708,6221,0.00007899,0.00000000,0,0.00000000,38915,38922,24,0.00284909
1773323059.66445374,0.02298404,6235,0.00018975,0.00000000,0,0.00000000,38922,38920,20,0.00243059
1773323059.76443362,0.02174749,6253,0.00019786,0.00000000,0,0.00000000,38920,38935,37,0.00304528
1773323059.86443806,0.01633738,6225,0.00008685,0.00000000,0,0.00000000,38935,38941,27,0.00154245
1773323059.96449494,0.01813969,6259,0.00010025,0.00000000,0,0.00000000,38941,38948,23,0.00208010
1773323060.06459451,0.01615694,6228,0.00008737,0.00000000,0,0.00000000,38948,38941,28,0.00177250
1773323060.16456056,0.01421802,6231,0.00016866,0.00000000,0,0.00000000,38941,38947,34,0.00334818
1773323060.26452065,0.01714961,6203,0.00008444,0.00000000,0,0.00000000,38947,38952,34,0.00172549
1773323060.36452579,0.01576692,6207,0.00011580,0.00000000,0,0.00000000,38952,38961,36,0.00275176
1773323060.46450067,0.01687075,6165,0.00007542,0.00000000,0,0.00000000,38961,38971,26,0.00302232
1773323060.56448984,0.02854574,6168,0.00051213,0.00000000,0,0.00000000,38971,38975,37,0.00101743
1773323060.66448569,0.03348927,6159,0.00038681,0.00000000,0,0.00000000,38975,38981,34,0.00207577
1773323060.76444674,0.02884856,6110,0.00044101,0.00000000,0,0.00000000,38981,38989,35,0.00160087
1773323060.86443067,0.02480481,6170,0.00047593,0.00000000,0,0.00000000,38989,38955,29,0.00168685
1773323060.96459150,0.02401912,6081,0.00049481,0.00000000,0,0.00000000,38955,38963,31,0.00151977
1773323061.06453514,0.02474809,6039,0.00044891,0.00000000,0,0.00000000,38963,38947,28,0.00171954
1773323061.16459084,0.02725746,6032,0.00013421,0.00000000,0,0.00000000,38947,38938,28,0.00136060
1773323061.26459193,0.02924207,6008,0.00016784,0.00000000,0,0.00000000,38938,38942,26,0.00222677
1773323061.36454821,0.03382370,6001,0.00056380,0.00000000,0,0.00000000,38942,38949,39,0.00189966
1773323061.46445537,0.04440734,6009,0.00073523,0.00000000,0,0.00000000,38949,38939,30,0.00263748
1773323061.56455684,0.02012137,6065,0.00012994,0.00000000,0,0.00000000,38939,38951,35,0.00263756
1773323061.66455531,0.02647853,6028,0.00040665,0.00000000,0,0.00000000,38951,38961,31,0.00200810
1773323061.76447415,0.02838445,6035,0.00010686,0.00000000,0,0.00000000,38961,38966,28,0.00084825
1773323061.86451697,0.02245927,6094,0.00016889,0.00000000,0,0.00000000,38966,38971,31,0.00168083
1773323061.96455550,0.02013415,6111,0.00008137,0.00000000,0,0.00000000,38971,38978,27,0.00180928
1773323062.06455541,0.01653090,6093,0.00011115,0.00000000,0,0.00000000,38978,38968,24,0.00214431
1773323062.16457462,0.01905811,6133,0.00017882,0.00000000,0,0.00000000,38968,38974,32,0.00179352
1773323062.26461840,0.01705406,6185,0.00013896,0.00000000,0,0.00000000,38974,38976,32,0.00102451
1773323062.36469889,0.01656126,6220,0.00008031,0.00000000,0,0.00000000,38976,38979,35,0.00106458
1773323062.46459436,0.01691879,6253,0.00011587,0.00000000,0,0.00000000,38979,38977,35,0.00093807
1773323062.56457329,0.01459236,6255,0.00009813,0.00000000,0,0.00000000,38977,38988,29,0.00095714
1773323062.66455150,0.02857225,6275,0.00039507,0.00000000,0,0.00000000,38988,38974,34,0.00202664
1773323062.76451492,0.03019216,6321,0.00047694,0.00000000,0,0.00000000,38974,38982,37,0.00098586
1773323062.86469197,0.02925505,6297,0.00041375,0.00000000,0,0.00000000,38982,38990,31,0.00179449
1773323062.96460295,0.02218438,6272,0.00040691,0.00000000,0,0.00000000,38990,38996,37,0.00123781
1773323063.06463742,0.02358865,6258,0.00036590,0.00000000,0,0.00000000,38996,38981,30,0.00210591
1773323063.16467786,0.01858555,6273,0.00019596,0.00000000,0,0.00000000,38981,38991,31,0.00201666
1773323063.26461029,0.03863588,6289,0.00054947,0.00000000,0,0.00000000,38991,38983,38,0.00220449
1773323063.36466217,0.03468006,6246,0.00019035,0.00000000,0,0.00000000,38983,38977,33,0.00117429
1773323063.46467876,0.02973867,6240,0.00042211,0.00000000,0,0.00000000,38977,38986,36,0.00365141
1773323063.56471086,0.01971652,6190,0.00013995,0.00000000,0,0.00000000,38986,38993,42,0.00242226
1773323063.66454101,0.02654538,6248,0.00059290,0.00000000,0,0.00000000,38993,38996,30,0.00435014
1773323063.76460552,0.03165904,6198,0.00068089,0.00000000,0,0.00000000,38996,38997,44,0.00414975
1773323063.86463046,0.01677327,6226,0.00017534,0.00000000,0,0.00000000,38997,38981,25,0.00163976
1773323063.96460462,0.02755611,6233,0.00040068,0.00000000,0,0.00000000,38981,38992,38,0.00369309
1773323064.06466556,0.01931475,6215,0.00007251,0.00000000,0,0.00000000,38992,39001,21,0.00512476
1773323064.16466093,0.01432745,6215,0.00007225,0.00000000,0,0.00000000,39001,39004,27,0.00146052
1773323064.26465869,0.01445905,6221,0.00009282,0.00000000,0,0.00000000,39004,39015,30,0.00122774
1773323064.36469197,0.01394429,6179,0.00025647,0.00000000,0,0.00000000,39015,39005,34,0.00225212
1773323064.46466208,0.01681365,6211,0.00028191,0.00000000,0,0.00000000,39005,39012,33,0.00330838
1773323064.56465268,0.01506578,6206,0.00013613,0.00000000,0,0.00000000,39012,39019,25,0.00169651
1773323064.66468048,0.01708723,6174,0.00015568,0.00000000,0,0.00000000,39019,39021,26,0.00154101
1773323064.76472378,0.01362611,6234,0.00012098,0.00000000,0,0.00000000,39021,39031,35,0.00088870
1773323064.86472321,0.02439644,6202,0.00043086,0.00000000,0,0.00000000,39031,39036,37,0.00157359
1773323064.96470070,0.01921142,6226,0.00007483,0.00000000,0,0.00000000,39036,39045,30,0.00126580
1773323065.06473637,0.02523672,6210,0.00013756,0.00000000,0,0.00000000,39045,39045,28,0.00118208
1773323065.16476631,0.02674035,6227,0.00027461,0.00000000,0,0.00000000,39045,39035,44,0.00133216
1773323065.26476169,0.02828339,6181,0.00019835,0.00000000,0,0.00000000,39035,39037,41,0.00199928
1773323065.36474681,0.02840854,6221,0.00045025,0.00000000,0,0.00000000,39037,39036,39,0.00271367
1773323065.46476722,0.03773562,6173,0.00054070,0.00000000,0,0.00000000,39036,39031,39,0.00216950
1773323065.56475854,0.01862971,6155,0.00014966,0.00000000,0,0.00000000,39031,39037,33,0.00351071
1773323065.66477156,0.02367732,6147,0.00037651,0.00000000,0,0.00000000,39037,39040,36,0.00302841
1773323065.76475143,0.02571251,6118,0.00018797,0.00000000,0,0.00000000,39040,39045,30,0.00251951
1773323065.86463666,0.01510405,6143,0.00011832,0.00000000,0,0.00000000,39045,39050,33,0.00405964
1773323065.96468019,0.01800550,6133,0.00015305,0.00000000,0,0.00000000,39050,39046,33,0.00280575
1773323066.06469274,0.01716352,6196,0.00007224,0.00000000,0,0.00000000,39046,39048,29,0.00136523
1773323066.16476703,0.02021502,6189,0.00013820,0.00000000,0,0.00000000,39048,39051,32,0.00246230
1773323066.26474452,0.01722272,6174,0.00012026,0.00000000,0,0.00000000,39051,39042,29,0.00277044
1773323066.36472940,0.01963871,6201,0.00019060,0.00000000,0,0.00000000,39042,39027,36,0.00254501
1773323066.46478868,0.01842160,6217,0.00016527,0.00000000,0,0.00000000,39027,39037,34,0.00119493
1773323066.56479073,0.01810216,6261,0.00011536,0.00000000,0,0.00000000,39037,39041,36,0.00120370
1773323066.66477537,0.03068192,6218,0.00035317,0.00000000,0,0.00000000,39041,39039,32,0.00147014
1773323066.76478720,0.03190597,6222,0.00060938,0.00000000,0,0.00000000,39039,39015,36,0.00140643
1773323066.86480451,0.02821502,6207,0.00047490,0.00000000,0,0.00000000,39015,39027,34,0.00179426
1773323066.96479464,0.02812817,6243,0.00054235,0.00000000,0,0.00000000,39027,39019,35,0.00136968
1773323067.06483722,0.02485419,6264,0.00037617,0.00000000,0,0.00000000,39019,39029,37,0.00082923
1773323067.16484284,0.02274395,6239,0.00058592,0.00000000,0,0.00000000,39029,39034,47,0.00280298
1773323067.26475930,0.03148563,6236,0.00035845,0.00000000,0,0.00000000,39034,39042,39,0.00117306
1773323067.36478853,0.03186346,6258,0.00014926,0.00000000,0,0.00000000,39042,39049,37,0.00178856
1773323067.46476555,0.03174382,6248,0.00021661,0.00000000,0,0.00000000,39049,39051,42,0.00179450
1773323067.56483030,0.03391576,6261,0.00073531,0.00000000,0,0.00000000,39051,39046,38,0.00273913
1773323067.66487384,0.03394102,6249,0.00012908,0.00000000,0,0.00000000,39046,39051,35,0.00369328
1773323067.76489472,0.02678729,6250,0.00064820,0.00000000,0,0.00000000,39051,39005,43,0.00182423
1773323067.86495876,0.02648136,6221,0.00034396,0.00000000,0,0.00000000,39005,39021,43,0.00312017
1773323067.96554327,0.02073461,6215,0.00011497,0.00000000,0,0.00000000,39021,39023,30,0.00150041
1773323068.06489086,0.02014308,6194,0.00025122,0.00000000,0,0.00000000,39023,39030,45,0.00279351
1773323068.16493130,0.01519399,6201,0.00030743,0.00000000,0,0.00000000,39030,39040,39,0.00256608
1773323068.26478267,0.01707735,6265,0.00019663,0.00000000,0,0.00000000,39040,39043,47,0.00216631
1773323068.36481214,0.01946381,6213,0.00013859,0.00000000,0,0.00000000,39043,39046,43,0.00216541
1773323068.46500206,0.01739942,6236,0.00015018,0.00000000,0,0.00000000,39046,39047,31,0.00243288
1773323068.56495190,0.01590419,6174,0.00011384,0.00000000,0,0.00000000,39047,39045,40,0.00123026
1773323068.66481733,0.03163698,6217,0.00038899,0.00000000,0,0.00000000,39045,39037,36,0.00087532
1773323068.76479912,0.03304758,6192,0.00030711,0.00000000,0,0.00000000,39037,39043,27,0.00140470
1773323068.86478639,0.02021869,6225,0.00011249,0.00000000,0,0.00000000,39043,39055,32,0.00152310
1773323068.96496224,0.02490008,6227,0.00021094,0.00000000,0,0.00000000,39055,39063,38,0.00181997
1773323069.06499052,0.02420717,6174,0.00057162,0.00000000,0,0.00000000,39063,39063,35,0.00171139
1773323069.16484809,0.02461801,6120,0.00019749,0.00000000,0,0.00000000,39063,39073,37,0.00180246
1773323069.26482081,0.02831682,6143,0.00015140,0.00000000,0,0.00000000,39073,39078,38,0.00163380
1773323069.36485457,0.03062318,6113,0.00035978,0.00000000,0,0.00000000,39078,39065,24,0.00269543
1773323069.46487665,0.02472755,6074,0.00009843,0.00000000,0,0.00000000,39065,39076,30,0.00261253
1773323069.56495762,0.02949735,6007,0.00075650,0.00000000,0,0.00000000,39076,39061,39,0.00187327
1773323069.66485596,0.03442691,6000,0.00021988,0.00000000,0,0.00000000,39061,39056,39,0.00245995
1773323069.76490545,0.01727002,5999,0.00044277,0.00000000,0,0.00000000,39056,39059,36,0.00123072
1773323069.86490822,0.02843914,5879,0.00034853,0.00000000,0,0.00000000,39059,39064,28,0.00236268
1773323069.96489501,0.02035552,5964,0.00019437,0.00000000,0,0.00000000,39064,39072,41,0.00452257
1773323070.06497455,0.01557378,5879,0.00014394,0.00000000,0,0.00000000,39072,39060,36,0.00284660
1773323070.16485429,0.01696518,6006,0.00012959,0.00000000,0,0.00000000,39060,39074,36,0.00171000
1773323070.26493406,0.01846289,5959,0.00008566,0.00000000,0,0.00000000,39074,39081,29,0.00100246
1773323070.36492682,0.01325385,6043,0.00011606,0.00000000,0,0.00000000,39081,39089,26,0.00234292
1773323070.46500111,0.01631276,6028,0.00009218,0.00000000,0,0.00000000,39089,39098,30,0.00158015
1773323070.56495857,0.01782657,6085,0.00013746,0.00000000,0,0.00000000,39098,39103,34,0.00103637
1773323070.66510987,0.01556003,6110,0.00009918,0.00000000,0,0.00000000,39103,39107,41,0.00135706
1773323070.76498389,0.02025777,6068,0.00043129,0.00000000,0,0.00000000,39107,39102,32,0.00100418
1773323070.86494327,0.02708704,6047,0.00043023,0.00000000,0,0.00000000,39102,39106,31,0.00127125
1773323070.96497035,0.02412974,6053,0.00021331,0.00000000,0,0.00000000,39106,39113,23,0.00128954
1773323071.06501460,0.02045327,6089,0.00047638,0.00000000,0,0.00000000,39113,39116,40,0.00118355
1773323071.16505098,0.02412882,6076,0.00028940,0.00000000,0,0.00000000,39116,39094,39,0.00153819
1773323071.26507759,0.02336818,6011,0.00020012,0.00000000,0,0.00000000,39094,39098,33,0.00309068
1773323071.36497545,0.02930193,6034,0.00052429,0.00000000,0,0.00000000,39098,39090,42,0.00282040
1773323071.46505570,0.02070784,6048,0.00012930,0.00000000,0,0.00000000,39090,39093,34,0.00183403
1773323071.56513000,0.03165005,6010,0.00079924,0.00000000,0,0.00000000,39093,39097,36,0.00300507
1773323071.66499710,0.02960224,6050,0.00016520,0.00000000,0,0.00000000,39097,39098,32,0.00334894
1773323071.76502538,0.02078614,6024,0.00042291,0.00000000,0,0.00000000,39098,39083,39,0.00179547
1773323071.86505318,0.02606983,6047,0.00047687,0.00000000,0,0.00000000,39083,39090,36,0.00315867
1773323071.96511650,0.01527234,6016,0.00020484,0.00000000,0,0.00000000,39090,39047,35,0.00225574
1773323072.06515908,0.01854019,6085,0.00012734,0.00000000,0,0.00000000,39047,39042,38,0.00172440
1773323072.16511011,0.01910610,6027,0.00022641,0.00000000,0,0.00000000,39042,39057,40,0.00302562
1773323072.26512504,0.01409440,6046,0.00010658,0.00000000,0,0.00000000,39057,39061,41,0.00096274
1773323072.36499619,0.01798461,6024,0.00010529,0.00000000,0,0.00000000,39061,39056,31,0.00267241
1773323072.46510077,0.01558906,6051,0.00009586,0.00000000,0,0.00000000,39056,39063,32,0.00258492
1773323072.56504893,0.01525623,6054,0.00006879,0.00000000,0,0.00000000,39063,39071,27,0.00080473
1773323072.66509366,0.02904855,6097,0.00051136,0.00000000,0,0.00000000,39071,39074,34,0.00097418
1773323072.76512551,0.02932727,6107,0.00055968,0.00000000,0,0.00000000,39074,39078,36,0.00093200
1773323072.86520910,0.02720551,6060,0.00048420,0.00000000,0,0.00000000,39078,39055,31,0.00088124
1773323072.96501803,0.02114344,6096,0.00030069,0.00000000,0,0.00000000,39055,39056,31,0.00121930
1773323073.06499958,0.02107561,6180,0.00037903,0.00000000,0,0.00000000,39056,39066,30,0.00157996
1773323073.16490602,0.02643497,6217,0.00059600,0.00000000,0,0.00000000,39066,39078,49,0.00357312
1773323073.26513433,0.02840792,6226,0.00055782,0.00000000,0,0.00000000,39078,39071,53,0.00220746
1773323073.36519432,0.03466217,6242,0.00026938,0.00000000,0,0.00000000,39071,39077,48,0.00161472
1773323073.46507835,0.03194917,6213,0.00062192,0.00000000,0,0.00000000,39077,39079,49,0.00203651
1773323073.56512785,0.04186092,6194,0.00080273,0.00000000,0,0.00000000,39079,39076,41,0.00225193
1773323073.66513968,0.02236793,6191,0.00031942,0.00000000,0,0.00000000,39076,39081,47,0.00289659
1773323073.76529479,0.03765400,6235,0.00064994,0.00000000,0,0.00000000,39081,39076,41,0.00182158
1773323073.86519551,0.02141431,6215,0.00021238,0.00000000,0,0.00000000,39076,39082,34,0.00356976
1773323073.96525311,0.02304984,6214,0.00015772,0.00000000,0,0.00000000,39082,39095,46,0.00285379
1773323074.06522131,0.01970909,6184,0.00020878,0.00000000,0,0.00000000,39095,39081,41,0.00300702
1773323074.16519785,0.02063299,6214,0.00009117,0.00000000,0,0.00000000,39081,39085,31,0.00237853
1773323074.26517844,0.02157697,6224,0.00022151,0.00000000,0,0.00000000,39085,39096,43,0.00379673
1773323074.36518621,0.02101669,6219,0.00011945,0.00000000,0,0.00000000,39096,39094,44,0.00199035
1773323074.46519518,0.01825516,6220,0.00015727,0.00000000,0,0.00000000,39094,39087,40,0.00104787
1773323074.56522441,0.01866157,6214,0.00011185,0.00000000,0,0.00000000,39087,39096,41,0.00107374
1773323074.66522336,0.01957002,6203,0.00039950,0.00000000,0,0.00000000,39096,39105,39,0.00101918
1773323074.76522231,0.02840155,6220,0.00027791,0.00000000,0,0.00000000,39105,39112,44,0.00118448
1773323074.86526585,0.02968749,6177,0.00014301,0.00000000,0,0.00000000,39112,39121,33,0.00131273
1773323074.96511269,0.03350943,6243,0.00012872,0.00000000,0,0.00000000,39121,39125,31,0.00092504
1773323075.06529212,0.03442333,6196,0.00013337,0.00000000,0,0.00000000,39125,39131,33,0.00102668
1773323075.16519117,0.03478320,6251,0.00044221,0.00000000,0,0.00000000,39131,39136,39,0.00275155
1773323075.26516676,0.03393098,6235,0.00044777,0.00000000,0,0.00000000,39136,39148,45,0.00220013
1773323075.36525774,0.03579325,6264,0.00044409,0.00000000,0,0.00000000,39148,39140,36,0.00224127
1773323075.46522403,0.04613474,6261,0.00047704,0.00000000,0,0.00000000,39140,39146,42,0.00210779
1773323075.56524944,0.02592767,6254,0.00021789,0.00000000,0,0.00000000,39146,39135,41,0.00230110
1773323075.66550136,0.03259168,6240,0.00049563,0.00000000,0,0.00000000,39135,39141,34,0.00087802
1773323075.76521897,0.02867748,6269,0.00026816,0.00000000,0,0.00000000,39141,39125,50,0.00103087
1773323075.86517906,0.01986807,6274,0.00019347,0.00000000,0,0.00000000,39125,39124,39,0.00279735
1773323075.96523523,0.01987421,6260,0.00019082,0.00000000,0,0.00000000,39124,39120,38,0.00103713
1773323076.06522679,0.01822715,6277,0.00028757,0.00000000,0,0.00000000,39120,39125,32,0.00125154
1773323076.16525030,0.01723783,6274,0.00012741,0.00000000,0,0.00000000,39125,39124,44,0.00255532
1773323076.26525331,0.01709391,6285,0.00012564,0.00000000,0,0.00000000,39124,39130,42,0.00149974
1773323076.36524010,0.02038948,6227,0.00012792,0.00000000,0,0.00000000,39130,39141,46,0.00249192
1773323076.46514344,0.01857020,6259,0.00012839,0.00000000,0,0.00000000,39141,39144,52,0.00150693
1773323076.56510210,0.01734448,6244,0.00012406,0.00000000,0,0.00000000,39144,39152,43,0.00136013
1773323076.66520119,0.03627768,6292,0.00052406,0.00000000,0,0.00000000,39152,39152,42,0.00165608
1773323076.76515365,0.03406539,6288,0.00062654,0.00000000,0,0.00000000,39152,39131,40,0.00167366
1773323076.86522269,0.03003816,6253,0.00060820,0.00000000,0,0.00000000,39131,39138,51,0.00130528
1773323076.96436071,0.03092547,6317,0.00023764,0.00000000,0,0.00000000,39138,39145,60,0.00100172
1773323077.06519246,0.03343008,6262,0.00023112,0.00000000,0,0.00000000,39145,39157,50,0.00081782
1773323077.16528416,0.03523606,6269,0.00058791,0.00000000,0,0.00000000,39157,39147,38,0.00261838
1773323077.26521659,0.02825751,6271,0.00046474,0.00000000,0,0.00000000,39147,39161,45,0.00253461
1773323077.36525846,0.03384241,6290,0.00039248,0.00000000,0,0.00000000,39161,39164,45,0.00254517
1773323077.46531582,0.04016067,6296,0.00074428,0.00000000,0,0.00000000,39164,39170,45,0.00302621
1773323077.56539273,0.02654999,6243,0.00053334,0.00000000,0,0.00000000,39170,39164,51,0.00249854
1773323077.66794634,0.03544289,6318,0.00019064,0.00000000,0,0.00000000,39164,39164,36,0.00089414
1773323077.76532364,0.02256076,6275,0.00020940,0.00000000,0,0.00000000,39164,39167,45,0.00140978
1773323077.86538363,0.01934696,6239,0.00016697,0.00000000,0,0.00000000,39167,39182,45,0.00205109
1773323077.96517634,0.02175382,6303,0.00026070,0.00000000,0,0.00000000,39182,39183,47,0.00203949
1773323078.06541133,0.01956817,6281,0.00015174,0.00000000,0,0.00000000,39183,39176,35,0.00193650
1773323078.16522360,0.02064409,6274,0.00029280,0.00000000,0,0.00000000,39176,39175,46,0.00251821
1773323078.26526713,0.01803243,6280,0.00014106,0.00000000,0,0.00000000,39175,39187,47,0.00233692
1773323078.36443734,0.02024859,6302,0.00013571,0.00000000,0,0.00000000,39187,39186,40,0.00102835
1773323078.46517563,0.01985927,6309,0.00011911,0.00000000,0,0.00000000,39186,39197,44,0.00084070
1773323078.56516480,0.02052465,6299,0.00023152,0.00000000,0,0.00000000,39197,39187,43,0.00084830
1773323078.66525316,0.03025836,6295,0.00051992,0.00000000,0,0.00000000,39187,39190,54,0.00123786
1773323078.76522040,0.03359498,6303,0.00060724,0.00000000,0,0.00000000,39190,39202,58,0.00171033
1773323078.86523867,0.02945744,6308,0.00050777,0.00000000,0,0.00000000,39202,39202,45,0.00200817
1773323078.96532917,0.01941391,6288,0.00029017,0.00000000,0,0.00000000,39202,39204,43,0.00170842
1773323079.06441998,0.02009915,6303,0.00034864,0.00000000,0,0.00000000,39204,39209,32,0.00102665
1773323079.16447306,0.02641662,6292,0.00050594,0.00000000,0,0.00000000,39209,39203,39,0.00166984
1773323079.26442933,0.02692029,6301,0.00021181,0.00000000,0,0.00000000,39203,39207,43,0.00204136
1773323079.36523294,0.02918031,6295,0.00010879,0.00000000,0,0.00000000,39207,39214,34,0.00404801
1773323079.46526289,0.02937955,6280,0.00052911,0.00000000,0,0.00000000,39214,39219,37,0.00202262
1773323079.56531787,0.03371623,6228,0.00061841,0.00000000,0,0.00000000,39219,39229,41,0.00188915
1773323079.66441226,0.02737615,6277,0.00010207,0.00000000,0,0.00000000,39229,39233,28,0.00190950
1773323079.76453114,0.02376930,6262,0.00028462,0.00000000,0,0.00000000,39233,39232,35,0.00249805
1773323079.86448431,0.02808575,6304,0.00018740,0.00000000,0,0.00000000,39232,39243,45,0.00379955
1773323079.96525669,0.01894999,6240,0.00060959,0.00000000,0,0.00000000,39243,39244,44,0.00311096
1773323080.06535506,0.01894949,6200,0.00018002,0.00000000,0,0.00000000,39244,39233,47,0.00322001
1773323080.16445804,0.02109394,6233,0.00019910,0.00000000,0,0.00000000,39233,39240,35,0.00199346
1773323080.26532650,0.01752304,6204,0.00015908,0.00000000,0,0.00000000,39240,39243,45,0.00102948
1773323080.36533689,0.02355540,6220,0.00018136,0.00000000,0,0.00000000,39243,39238,37,0.00232961
1773323080.46445489,0.02238924,6212,0.00023812,0.00000000,0,0.00000000,39238,39234,40,0.00102204
1773323080.56451964,0.02292440,6246,0.00029758,0.00000000,0,0.00000000,39234,39241,50,0.00102409
1773323080.66455507,0.02550846,6219,0.00049093,0.00000000,0,0.00000000,39241,39251,54,0.00137809
1773323080.76539278,0.03884854,6200,0.00060377,0.00000000,0,0.00000000,39251,39261,48,0.00198619
1773323080.86452961,0.03421149,6228,0.00061566,0.00000000,0,0.00000000,39261,39262,45,0.00135317
1773323080.96534324,0.03596447,6200,0.00018960,0.00000000,0,0.00000000,39262,39263,44,0.00142288
1773323081.06535149,0.04042906,6210,0.00057980,0.00000000,0,0.00000000,39263,39256,45,0.00115205
1773323081.16544509,0.03346038,6188,0.00078990,0.00000000,0,0.00000000,39256,39262,72,0.00189893
1773323081.26549649,0.02598352,6191,0.00051288,0.00000000,0,0.00000000,39262,39274,38,0.00266993
1773323081.36458445,0.03194646,6195,0.00054150,0.00000000,0,0.00000000,39274,39282,43,0.00227240
1773323081.46457911,0.03749980,6209,0.00067476,0.00000000,0,0.00000000,39282,39283,41,0.00211049
1773323081.56462741,0.02976112,6204,0.00048597,0.00000000,0,0.00000000,39283,39280,39,0.00109883
1773323081.66459489,0.03512607,6186,0.00018071,0.00000000,0,0.00000000,39280,39290,46,0.00244262
1773323081.76461434,0.03150151,6150,0.00037959,0.00000000,0,0.00000000,39290,39302,29,0.00203454
1773323081.86459589,0.02996767,6161,0.00046660,0.00000000,0,0.00000000,39302,39290,32,0.00185966
1773323081.96462345,0.03201221,6148,0.00013076,0.00000000,0,0.00000000,39290,39295,34,0.00256026
1773323082.06462717,0.03120226,6115,0.00061978,0.00000000,0,0.00000000,39295,39287,45,0.00096959
1773323082.16549230,0.02155282,6068,0.00044497,0.00000000,0,0.00000000,39287,39275,37,0.00108096
1773323082.26559711,0.02754036,6005,0.00057275,0.00000000,0,0.00000000,39275,39287,42,0.00234852
1773323082.36462569,0.02029421,6027,0.00040378,0.00000000,0,0.00000000,39287,39278,37,0.00237042
1773323082.46463752,0.02591211,6006,0.00048591,0.00000000,0,0.00000000,39278,39287,35,0.00214011
1773323082.56547785,0.01655868,6009,0.00014127,0.00000000,0,0.00000000,39287,39288,38,0.00166068
1773323082.66554403,0.02458580,5979,0.00026007,0.00000000,0,0.00000000,39288,39290,49,0.00251543
1773323082.76466894,0.03130348,6016,0.00049957,0.00000000,0,0.00000000,39290,39274,32,0.00259208
1773323082.86462116,0.03510071,6012,0.00055656,0.00000000,0,0.00000000,39274,39275,34,0.00266707
1773323082.96463203,0.02106544,6034,0.00057805,0.00000000,0,0.00000000,39275,39277,35,0.00188548
1773323083.06465268,0.02031832,6006,0.00052836,0.00000000,0,0.00000000,39277,39273,38,0.00263397
1773323083.16470218,0.02192985,6013,0.00024869,0.00000000,0,0.00000000,39273,39281,35,0.00198084
1773323083.26566792,0.02715995,6035,0.00038841,0.00000000,0,0.00000000,39281,39273,42,0.00188108
1773323083.36480188,0.02938057,6086,0.00040652,0.00000000,0,0.00000000,39273,39263,30,0.00289035
1773323083.46555734,0.03420703,6082,0.00056638,0.00000000,0,0.00000000,39263,39265,44,0.00151700
1773323083.56557059,0.02528696,6069,0.00016272,0.00000000,0,0.00000000,39265,39253,31,0.00256285
1773323083.66469479,0.02717188,6096,0.00042676,0.00000000,0,0.00000000,39253,39256,40,0.00163127
1773323083.76472402,0.02375195,6066,0.00015431,0.00000000,0,0.00000000,39256,39259,36,0.00096671
1773323083.86560488,0.01691139,6044,0.00016418,0.00000000,0,0.00000000,39259,39248,44,0.00269853
1773323083.96469831,0.01482301,6084,0.00008287,0.00000000,0,0.00000000,39248,39257,31,0.00149735
1773323084.06469154,0.01322172,6035,0.00012808,0.00000000,0,0.00000000,39257,39260,36,0.00285772
1773323084.16478658,0.01830038,6025,0.00014149,0.00000000,0,0.00000000,39260,39252,32,0.00167277
1773323084.26480103,0.01733399,6012,0.00015486,0.00000000,0,0.00000000,39252,39252,53,0.00250815
1773323084.36565804,0.01824821,5969,0.00017814,0.00000000,0,0.00000000,39252,39264,47,0.00104384
1773323084.46569371,0.01852766,6002,0.00017144,0.00000000,0,0.00000000,39264,39270,55,0.00093832
1773323084.56474257,0.01888650,6051,0.00021022,0.00000000,0,0.00000000,39270,39275,43,0.00163508
1773323084.66477466,0.01846879,6098,0.00053197,0.00000000,0,0.00000000,39275,39275,35,0.00114505
1773323084.76482248,0.02449660,6026,0.00028763,0.00000000,0,0.00000000,39275,39236,44,0.00088751
1773323084.86479998,0.01684754,6076,0.00012882,0.00000000,0,0.00000000,39236,39249,54,0.00121867
1773323084.96482944,0.02104735,6090,0.00022571,0.00000000,0,0.00000000,39249,39256,46,0.00116386
1773323085.06565809,0.01788570,6007,0.00010991,0.00000000,0,0.00000000,39256,39267,31,0.00082758
1773323085.16475296,0.02163085,6062,0.00026510,0.00000000,0,0.00000000,39267,39277,37,0.00206483
1773323085.26479459,0.02016289,6060,0.00025402,0.00000000,0,0.00000000,39277,39284,35,0.00152710
1773323085.36572051,0.01917373,6070,0.00016431,0.00000000,0,0.00000000,39284,39278,49,0.00158715
1773323085.46571374,0.04267148,6050,0.00022229,0.00000000,0,0.00000000,39278,39270,44,0.00086478
1773323085.56570292,0.02878980,6052,0.00047279,0.00000000,0,0.00000000,39270,39270,39,0.00124456
1773323085.66566038,0.03162157,5995,0.00019085,0.00000000,0,0.00000000,39270,39270,45,0.00167898
1773323085.76485038,0.02189612,6050,0.00032795,0.00000000,0,0.00000000,39270,39256,35,0.00089255
1773323085.86485553,0.01867026,5998,0.00010289,0.00000000,0,0.00000000,39256,39259,42,0.00219521
1773323085.96487713,0.01881951,5990,0.00019855,0.00000000,0,0.00000000,39259,39267,31,0.00307327
1773323086.06491041,0.02021593,5995,0.00014798,0.00000000,0,0.00000000,39267,39268,48,0.00328890
1773323086.16565871,0.01882022,5972,0.00016938,0.00000000,0,0.00000000,39268,39276,27,0.00277841
1773323086.26575994,0.01944729,5957,0.00015436,0.00000000,0,0.00000000,39276,39287,39,0.00260010
1773323086.36571002,0.01707112,5960,0.00011092,0.00000000,0,0.00000000,39287,39302,37,0.00105907
1773323086.46579456,0.01742399,5969,0.00009708,0.00000000,0,0.00000000,39302,39306,36,0.00092661
1773323086.56489944,0.01635118,6021,0.00015694,0.00000000,0,0.00000000,39306,39301,40,0.00093749
1773323086.66489577,0.03234804,6009,0.00195325,0.00000000,0,0.00000000,39301,39293,31,0.00105501
1773323086.76578140,0.03097209,6023,0.00018120,0.00000000,0,0.00000000,39293,39300,35,0.00089574
1773323086.86572027,0.02876219,6078,0.00028092,0.00000000,0,0.00000000,39300,39299,36,0.00086134
1773323086.96578360,0.03127843,6041,0.00038311,0.00000000,0,0.00000000,39299,39299,29,0.00088873
1773323087.06487966,0.02833327,6063,0.00086734,0.00000000,0,0.00000000,39299,39293,39,0.00268217
1773323087.16497493,0.02388566,6034,0.00050971,0.00000000,0,0.00000000,39293,39301,34,0.00272400
1773323087.26479340,0.02606771,6075,0.00044254,0.00000000,0,0.00000000,39301,39311,48,0.00230929
1773323087.36491871,0.02545471,6033,0.00037441,0.00000000,0,0.00000000,39311,39323,35,0.00167023
1773323087.46500158,0.03090989,6039,0.00049598,0.00000000,0,0.00000000,39323,39335,42,0.00103828
1773323087.56495905,0.04116392,5937,0.00046371,0.00000000,0,0.00000000,39335,39337,36,0.00200189
1773323087.66485453,0.02369925,6017,0.00055447,0.00000000,0,0.00000000,39337,39335,40,0.00165181
1773323087.76505160,0.03580391,5924,0.00053132,0.00000000,0,0.00000000,39335,39345,39,0.00268373
1773323087.86491799,0.01677455,5969,0.00014890,0.00000000,0,0.00000000,39345,39355,34,0.00275635
1773323087.96513844,0.01817690,5940,0.00027920,0.00000000,0,0.00000000,39355,39360,35,0.00456259
1773323088.06502676,0.01504367,5916,0.00024857,0.00000000,0,0.00000000,39360,39359,48,0.00230322
1773323088.16452599,0.01799116,5967,0.00016718,0.00000000,0,0.00000000,39359,39356,36,0.00228266
1773323088.26440382,0.02019083,6029,0.00014642,0.00000000,0,0.00000000,39356,39367,41,0.00227490
1773323088.36515307,0.01864075,5974,0.00015873,0.00000000,0,0.00000000,39367,39380,58,0.00223074
1773323088.46487021,0.01868436,6017,0.00010212,0.00000000,0,0.00000000,39380,39383,38,0.00107004
1773323088.56432247,0.01818879,6033,0.00013308,0.00000000,0,0.00000000,39383,39385,42,0.00172479
1773323088.66502476,0.01874274,5984,0.00049481,0.00000000,0,0.00000000,39385,39392,42,0.00158180
1773323088.76484370,0.03257253,6047,0.00053777,0.00000000,0,0.00000000,39392,39400,42,0.00077018
1773323088.86492062,0.03412676,6113,0.00060991,0.00000000,0,0.00000000,39400,39400,52,0.00122420
1773323088.96511865,0.02816445,6026,0.00045492,0.00000000,0,0.00000000,39400,39412,36,0.00159872
1773323089.06490040,0.03118181,6022,0.00062642,0.00000000,0,0.00000000,39412,39411,42,0.00151343
1773323089.16421676,0.02641380,6158,0.00037826,0.00000000,0,0.00000000,39411,39408,32,0.00096598
1773323089.26494408,0.02601403,6080,0.00023158,0.00000000,0,0.00000000,39408,39404,50,0.00098158
1773323089.36501861,0.02861651,6095,0.00016739,0.00000000,0,0.00000000,39404,39402,39,0.00197621
1773323089.46442795,0.02599728,6084,0.00060827,0.00000000,0,0.00000000,39402,39407,50,0.00149707
1773323089.56496215,0.03614351,6068,0.00066849,0.00000000,0,0.00000000,39407,39412,48,0.00228877
1773323089.66442013,0.03248762,6101,0.00014065,0.00000000,0,0.00000000,39412,39420,43,0.00273767
1773323089.76488972,0.03473495,6131,0.00059898,0.00000000,0,0.00000000,39420,39424,43,0.00199159
1773323089.86447811,0.02612738,6100,0.00012430,0.00000000,0,0.00000000,39424,39430,45,0.00275131
1773323089.96496987,0.01924197,6076,0.00020573,0.00000000,0,0.00000000,39430,39435,40,0.00249923
1773323090.06445599,0.01792349,6106,0.00017690,0.00000000,0,0.00000000,39435,39444,39,0.00229058
1773323090.16495419,0.02107915,6095,0.00026550,0.00000000,0,0.00000000,39444,39436,36,0.00249114
1773323090.26498795,0.01952434,6083,0.00017327,0.00000000,0,0.00000000,39436,39436,42,0.00081927
1773323090.36443567,0.01642511,6102,0.00011425,0.00000000,0,0.00000000,39436,39443,46,0.00344090
1773323090.46444893,0.01906381,6059,0.00017360,0.00000000,0,0.00000000,39443,39456,34,0.00278669
1773323090.56447721,0.01625550,6073,0.00012684,0.00000000,0,0.00000000,39456,39456,40,0.00082598
1773323090.66448760,0.02119314,6031,0.00111318,0.00000000,0,0.00000000,39456,39471,52,0.00121314
1773323090.76451087,0.02953432,6014,0.00046772,0.00000000,0,0.00000000,39471,39464,45,0.00099137
1773323090.86450028,0.02918726,6006,0.00049741,0.00000000,0,0.00000000,39464,39450,38,0.00098416
1773323090.96432257,0.02708266,6047,0.00042596,0.00000000,0,0.00000000,39450,39447,33,0.00094942
1773323091.06452417,0.02745839,5988,0.00033965,0.00000000,0,0.00000000,39447,39453,27,0.00117505
1773323091.16453433,0.02201988,5951,0.00037937,0.00000000,0,0.00000000,39453,39459,32,0.00240176
1773323091.26437163,0.01992385,6029,0.00035240,0.00000000,0,0.00000000,39459,39463,27,0.00141584
1773323091.36506820,0.02146303,5950,0.00012916,0.00000000,0,0.00000000,39463,39451,32,0.00086078
1773323091.46449947,0.03175123,6006,0.00049560,0.00000000,0,0.00000000,39451,39466,42,0.00100367
1773323091.56435156,0.03476768,6067,0.00022412,0.00000000,0,0.00000000,39466,39480,33,0.00227856
1773323091.66441321,0.02047404,6046,0.00025951,0.00000000,0,0.00000000,39480,39497,41,0.00249856
1773323091.76435542,0.03694180,6047,0.00072377,0.00000000,0,0.00000000,39497,39515,104,0.00255467
1773323091.86442208,0.02458245,6035,0.00026142,0.00000000,0,0.00000000,39515,39508,57,0.00216280
1773323091.96441388,0.02307433,6066,0.00018504,0.00000000,0,0.00000000,39508,39519,50,0.00215862
1773323092.06444693,0.02405198,6090,0.00021444,0.00000000,0,0.00000000,39519,39517,49,0.00227463
1773323092.16443992,0.02639918,6150,0.00017072,0.00000000,0,0.00000000,39517,39511,40,0.00114503
1773323092.26462841,0.01996426,6071,0.00016495,0.00000000,0,0.00000000,39511,39518,47,0.00263094
1773323092.36443424,0.02120795,6124,0.00047887,0.00000000,0,0.00000000,39518,39526,57,0.00313262
1773323092.46443820,0.02420266,6153,0.00021634,0.00000000,0,0.00000000,39526,39533,47,0.00162829
1773323092.56452847,0.02028587,6047,0.00027506,0.00000000,0,0.00000000,39533,39548,47,0.00106404
1773323092.66459179,0.02283278,6003,0.00034455,0.00000000,0,0.00000000,39548,39554,40,0.00098042
1773323092.76441097,0.01719049,5984,0.00015185,0.00000000,0,0.00000000,39554,39558,53,0.00075009
1773323092.86443996,0.02981352,5979,0.00040565,0.00000000,0,0.00000000,39558,39559,36,0.00153980
1773323092.96446657,0.02756349,5946,0.00011003,0.00000000,0,0.00000000,39559,39570,39,0.00126880
1773323093.06518173,0.02819079,5953,0.00045671,0.00000000,0,0.00000000,39570,39573,33,0.00118091
1773323093.16547918,0.02758811,5929,0.00061369,0.00000000,0,0.00000000,39573,39546,47,0.00094737
1773323093.26442766,0.02507382,5937,0.00036789,0.00000000,0,0.00000000,39546,39549,26,0.00228458
1773323093.36543393,0.02229984,5906,0.00031663,0.00000000,0,0.00000000,39549,39549,24,0.00275852
1773323093.46454597,0.02479294,5897,0.00048264,0.00000000,0,0.00000000,39549,39554,33,0.00316915
1773323093.56460690,0.03125415,5809,0.00081635,0.00000000,0,0.00000000,39554,39558,30,0.00250250
1773323093.66444635,0.01453949,5873,0.00024979,0.00000000,0,0.00000000,39558,39541,32,0.00254391
1773323093.76462412,0.02650269,5797,0.00067674,0.00000000,0,0.00000000,39541,39502,38,0.00151830
1773323093.86463666,0.01652022,5770,0.00007250,0.00000000,0,0.00000000,39502,39513,31,0.00185396
1773323093.96461654,0.01373457,5723,0.00015079,0.00000000,0,0.00000000,39513,39506,26,0.00202266
1773323094.06454706,0.01355172,5770,0.00008356,0.00000000,0,0.00000000,39506,39510,26,0.00134114
1773323094.16453481,0.01543565,5799,0.00010060,0.00000000,0,0.00000000,39510,39517,38,0.00080036
1773323094.26457953,0.01368063,5732,0.00009414,0.00000000,0,0.00000000,39517,39519,32,0.00257743
1773323094.36461687,0.01487445,5713,0.00007458,0.00000000,0,0.00000000,39519,39520,24,0.00194159
1773323094.46449375,0.01488038,5704,0.00010877,0.00000000,0,0.00000000,39520,39533,41,0.00108617
1773323094.56459260,0.01391835,5699,0.00006333,0.00000000,0,0.00000000,39533,39525,25,0.00131432
1773323094.66464138,0.02166070,5574,0.00020883,0.00000000,0,0.00000000,39525,39526,38,0.00090144
1773323094.76468968,0.02919317,5576,0.00046454,0.00000000,0,0.00000000,39526,39520,32,0.00129326
1773323094.86470056,0.02756448,5453,0.00039386,0.00000000,0,0.00000000,39520,39526,26,0.00095272
1773323094.96459222,0.02780499,5526,0.00024597,0.00000000,0,0.00000000,39526,39528,25,0.00127390
1773323095.06470656,0.01880742,5440,0.00024830,0.00000000,0,0.00000000,39528,39522,26,0.00277897
1773323095.16469145,0.01934665,5418,0.00030847,0.00000000,0,0.00000000,39522,39521,26,0.00295720
1773323095.26471019,0.01679978,5319,0.00019472,0.00000000,0,0.00000000,39521,39515,34,0.00159730
1773323095.36464143,0.02002951,5351,0.00008252,0.00000000,0,0.00000000,39515,39517,24,0.00190471
1773323095.46470261,0.02337516,5234,0.00039699,0.00000000,0,0.00000000,39517,39524,37,0.00205207
1773323095.56463671,0.01968459,5321,0.00012254,0.00000000,0,0.00000000,39524,39529,28,0.00258125
1773323095.66463923,0.02126542,5350,0.00031137,0.00000000,0,0.00000000,39529,39531,29,0.00237792
1773323095.76471877,0.01991103,5245,0.00014146,0.00000000,0,0.00000000,39531,39527,33,0.00222425
1773323095.86468220,0.02353485,5247,0.00028291,0.00000000,0,0.00000000,39527,39526,18,0.00292435
1773323095.96470046,0.02263839,5257,0.00046208,0.00000000,0,0.00000000,39526,39513,23,0.00220012
1773323096.06464481,0.02259951,5288,0.00030359,0.00000000,0,0.00000000,39513,39522,31,0.00160679
1773323096.16469502,0.01986328,5282,0.00098526,0.00000000,0,0.00000000,39522,39538,39,0.00271494
1773323096.26480031,0.02654629,5458,0.00025260,0.00000000,0,0.00000000,39538,39542,22,0.00133205
1773323096.36466932,0.02641188,5578,0.00027313,0.00000000,0,0.00000000,39542,39548,29,0.00262015
1773323096.46468592,0.02296043,5712,0.00044724,0.00000000,0,0.00000000,39548,39557,40,0.00140175
1773323096.56479597,0.02289693,5760,0.00046335,0.00000000,0,0.00000000,39557,39562,42,0.00169914
1773323096.66481662,0.02108561,5815,0.00039705,0.00000000,0,0.00000000,39562,39566,34,0.00234953
1773323096.76471710,0.03049499,5832,0.00013025,0.00000000,0,0.00000000,39566,39572,34,0.00118963
1773323096.86478996,0.03228269,5859,0.00059714,0.00000000,0,0.00000000,39572,39577,46,0.00083490
1773323096.96475816,0.02944538,5880,0.00046452,0.00000000,0,0.00000000,39577,39574,36,0.00235045
1773323097.06471848,0.02773402,5969,0.00048756,0.00000000,0,0.00000000,39574,39580,36,0.00254423
1773323097.16478181,0.03500679,5893,0.00059492,0.00000000,0,0.00000000,39580,39580,44,0.00304154
1773323097.26484632,0.02070432,5891,0.00055630,0.00000000,0,0.00000000,39580,39583,25,0.00144123
1773323097.36491728,0.02314067,5860,0.00042686,0.00000000,0,0.00000000,39583,39585,30,0.00179126
1773323097.46503401,0.01952181,5841,0.00063655,0.00000000,0,0.00000000,39585,39568,44,0.00097538
1773323097.56487179,0.03082968,5851,0.00072001,0.00000000,0,0.00000000,39568,39573,48,0.00129464
1773323097.66482878,0.02279987,5785,0.00015436,0.00000000,0,0.00000000,39573,39578,36,0.00146790
1773323097.76495147,0.01587962,5752,0.00064013,0.00000000,0,0.00000000,39578,39564,46,0.00231306
1773323097.86482882,0.02948466,5802,0.00058591,0.00000000,0,0.00000000,39564,39566,39,0.00242424
1773323097.96567798,0.01788972,5802,0.00013460,0.00000000,0,0.00000000,39566,39559,37,0.00243928
1773323098.06573582,0.01701314,5758,0.00017183,0.00000000,0,0.00000000,39559,39558,37,0.00166263
1773323098.16491199,0.01511406,5885,0.00017196,0.00000000,0,0.00000000,39558,39569,35,0.00095231
1773323098.26497507,0.01350523,5868,0.00009318,0.00000000,0,0.00000000,39569,39570,29,0.00286566
1773323098.36448503,0.02031281,5891,0.00017244,0.00000000,0,0.00000000,39570,39566,28,0.00273091
1773323098.46495056,0.01567457,5899,0.00010914,0.00000000,0,0.00000000,39566,39557,34,0.00152890
1773323098.56483412,0.01463071,5911,0.00010670,0.00000000,0,0.00000000,39557,39558,39,0.00110420
1773323098.66484952,0.01374487,5902,0.00017456,0.00000000,0,0.00000000,39558,39545,35,0.00089279
1773323098.76486897,0.02875580,5955,0.00052516,0.00000000,0,0.00000000,39545,39552,36,0.00119290
1773323098.86483192,0.01742848,5927,0.00007436,0.00000000,0,0.00000000,39552,39549,25,0.00161723
1773323098.96504021,0.02044256,5925,0.00030112,0.00000000,0,0.00000000,39549,39532,38,0.00086786
1773323099.06507516,0.01486729,5913,0.00011755,0.00000000,0,0.00000000,39532,39543,44,0.00080718
1773323099.16505790,0.01722744,5950,0.00012238,0.00000000,0,0.00000000,39543,39560,42,0.00087402
1773323099.26508594,0.01433354,5924,0.00011293,0.00000000,0,0.00000000,39560,39566,43,0.00082086
1773323099.36508846,0.01479398,5835,0.00010835,0.00000000,0,0.00000000,39566,39557,36,0.00152508
1773323099.46505475,0.02323214,5815,0.00031703,0.00000000,0,0.00000000,39557,39562,32,0.00077047
1773323099.56506228,0.03879823,5802,0.00028565,0.00000000,0,0.00000000,39562,39566,26,0.00086230
1773323099.66496325,0.02604183,5833,0.00018173,0.00000000,0,0.00000000,39566,39565,38,0.00154754
1773323099.76502323,0.02848186,5839,0.00063322,0.00000000,0,0.00000000,39565,39545,43,0.00086799
1773323099.86502028,0.02533386,5800,0.00016366,0.00000000,0,0.00000000,39545,39542,36,0.00251511
1773323099.96502304,0.02039765,5881,0.00022062,0.00000000,0,0.00000000,39542,39554,61,0.00259277
1773323100.06504464,0.01951490,5872,0.00055835,0.00000000,0,0.00000000,39554,39563,48,0.00325253
1773323100.16497517,0.01851279,5961,0.00019473,0.00000000,0,0.00000000,39563,39549,50,0.00227073
1773323100.26527715,0.01645460,5903,0.00015272,0.00000000,0,0.00000000,39549,39548,39,0.00175705
1773323100.36505556,0.01932440,5908,0.00028332,0.00000000,0,0.00000000,39548,39559,44,0.00243583
1773323100.46511340,0.01525269,5923,0.00014779,0.00000000,0,0.00000000,39559,39575,47,0.00132950
1773323100.56519365,0.01578547,5888,0.00007805,0.00000000,0,0.00000000,39575,39576,31,0.00093395
1773323100.66503286,0.01449459,5912,0.00018857,0.00000000,0,0.00000000,39576,39582,31,0.00080589
1773323100.76514769,0.01557291,5884,0.00025206,0.00000000,0,0.00000000,39582,39579,40,0.00163745
1773323100.86513543,0.02120016,5846,0.00060803,0.00000000,0,0.00000000,39579,39582,35,0.00080718
1773323100.96516585,0.02013857,5769,0.00015335,0.00000000,0,0.00000000,39582,39579,42,0.00172918
1773323101.06509805,0.02236764,5801,0.00007979,0.00000000,0,0.00000000,39579,39584,23,0.00157982
1773323101.16504145,0.02293468,5864,0.00048676,0.00000000,0,0.00000000,39584,39590,40,0.00128089
1773323101.26524854,0.02194579,5862,0.00043606,0.00000000,0,0.00000000,39590,39591,30,0.00150494
1773323101.36516523,0.02675128,5878,0.00041820,0.00000000,0,0.00000000,39591,39599,33,0.00214631
1773323101.46514392,0.03039492,5932,0.00057800,0.00000000,0,0.00000000,39599,39600,39,0.00189177
1773323101.56519866,0.02097288,5988,0.00027488,0.00000000,0,0.00000000,39600,39608,26,0.00194207
1773323101.66519833,0.04032070,6034,0.00082773,0.00000000,0,0.00000000,39608,39611,37,0.00138954
1773323101.76519656,0.02500689,6082,0.00034244,0.00000000,0,0.00000000,39611,39618,51,0.00235984
1773323101.86530423,0.03220992,6106,0.00052186,0.00000000,0,0.00000000,39618,39617,41,0.00207818
1773323101.96513104,0.02598759,6197,0.00018281,0.00000000,0,0.00000000,39617,39621,37,0.00297594
1773323102.06517553,0.02063884,6198,0.00016575,0.00000000,0,0.00000000,39621,39622,35,0.00292885
1773323102.16520166,0.01711415,6198,0.00016099,0.00000000,0,0.00000000,39622,39628,37,0.00214942
1773323102.26519012,0.01683063,6222,0.00024462,0.00000000,0,0.00000000,39628,39635,48,0.00922524
1773323102.36500740,0.01772616,6248,0.00018668,0.00000000,0,0.00000000,39635,39632,40,0.00158141
1773323102.46531463,0.02040072,6235,0.00024267,0.00000000,0,0.00000000,39632,39634,51,0.00261547
1773323102.56518698,0.01676766,6234,0.00027442,0.00000000,0,0.00000000,39634,39638,53,0.00116182
1773323102.66511416,0.01534835,6199,0.00012869,0.00000000,0,0.00000000,39638,39637,26,0.00095151
1773323102.76511621,0.01844258,6198,0.00022996,0.00000000,0,0.00000000,39637,39637,46,0.00114125
1773323102.86510491,0.03422928,6258,0.00044728,0.00000000,0,0.00000000,39637,39643,40,0.00086244
1773323102.96527076,0.02922080,6169,0.00055392,0.00000000,0,0.00000000,39643,39640,36,0.00127891
1773323103.06426859,0.02726629,6280,0.00051698,0.00000000,0,0.00000000,39640,39655,43,0.00090179
1773323103.16504598,0.02995536,6284,0.00045878,0.00000000,0,0.00000000,39655,39655,45,0.00112643
1773323103.26525640,0.01744144,6194,0.00041177,0.00000000,0,0.00000000,39655,39664,38,0.00207386
1773323103.36514807,0.01880542,6171,0.00041754,0.00000000,0,0.00000000,39664,39663,43,0.00189856
1773323103.46518016,0.02572133,6195,0.00075136,0.00000000,0,0.00000000,39663,39657,40,0.00157704
1773323103.56514859,0.02926244,6214,0.00066230,0.00000000,0,0.00000000,39657,39662,30,0.00248436
1773323103.66523552,0.00991806,6241,0.00006390,0.00000000,0,0.00000000,39662,39664,25,0.00093706
1773323103.76518869,0.02169028,6256,0.00068774,0.00000000,0,0.00000000,39664,39674,34,0.00152570
1773323103.86533570,0.01828539,6228,0.00012499,0.00000000,0,0.00000000,39674,39669,32,0.00193305
1773323103.96516323,0.00905575,6262,0.00007507,0.00000000,0,0.00000000,39669,39672,30,0.00084159
1773323104.06510115,0.01534770,6263,0.00023231,0.00000000,0,0.00000000,39672,39665,34,0.00161905
1773323104.16535020,0.01355383,6217,0.00005601,0.00000000,0,0.00000000,39665,39673,21,0.00406688
1773323104.26540589,0.01239375,6225,0.00012715,0.00000000,0,0.00000000,39673,39644,21,0.00089249
1773323104.36519432,0.01285934,6226,0.00005676,0.00000000,0,0.00000000,39644,39648,17,0.00260449
1773323104.46530199,0.01180097,6235,0.00007199,0.00000000,0,0.00000000,39648,39656,25,0.00090591
1773323104.56533790,0.01131992,6175,0.00008878,0.00000000,0,0.00000000,39656,39650,27,0.00154389
1773323104.66440058,0.01868316,6154,0.00026337,0.00000000,0,0.00000000,39650,39657,18,0.00084881
1773323104.76530409,0.02360233,6123,0.00037901,0.00000000,0,0.00000000,39657,39639,24,0.00112304
1773323104.86524749,0.01741236,6127,0.00036564,0.00000000,0,0.00000000,39639,39652,27,0.00090764
1773323104.96520138,0.01434581,6159,0.00017515,0.00000000,0,0.00000000,39652,39635,31,0.00109515
1773323105.06524968,0.01949370,6162,0.00016753,0.00000000,0,0.00000000,39635,39640,34,0.00109644
1773323105.16525865,0.02184194,6215,0.00056903,0.00000000,0,0.00000000,39640,39643,33,0.00185195
1773323105.26526642,0.02277201,6246,0.00017004,0.00000000,0,0.00000000,39643,39642,29,0.00331859
1773323105.36520267,0.02851945,6284,0.00022164,0.00000000,0,0.00000000,39642,39638,42,0.00258082
1773323105.46444845,0.03322668,6326,0.00030861,0.00000000,0,0.00000000,39638,39635,29,0.00145450
1773323105.56442785,0.01531520,6334,0.00015416,0.00000000,0,0.00000000,39635,39641,30,0.00176000
1773323105.66527200,0.02687684,6328,0.00059092,0.00000000,0,0.00000000,39641,39637,40,0.00265459
1773323105.76445103,0.02247041,6342,0.00015842,0.00000000,0,0.00000000,39637,39643,41,0.00220400
1773323105.86445594,0.01391945,6336,0.00050840,0.00000000,0,0.00000000,39643,39650,35,0.00183180
1773323105.96455860,0.01179845,6377,0.00007896,0.00000000,0,0.00000000,39650,39657,30,0.00162157
1773323106.06448889,0.01777169,6370,0.00022035,0.00000000,0,0.00000000,39657,39662,51,0.00337164
1773323106.16447520,0.01515822,6381,0.00007023,0.00000000,0,0.00000000,39662,39672,27,0.00302884
1773323106.26459408,0.01330569,6370,0.00013954,0.00000000,0,0.00000000,39672,39678,36,0.00117805
1773323106.36454868,0.01537446,6368,0.00010276,0.00000000,0,0.00000000,39678,39682,30,0.00101021
1773323106.46454215,0.01424323,6360,0.00010888,0.00000000,0,0.00000000,39682,39692,34,0.00079942
1773323106.56452847,0.01566198,6387,0.00008742,0.00000000,0,0.00000000,39692,39683,27,0.00128179
1773323106.66546750,0.02330181,6339,0.00036993,0.00000000,0,0.00000000,39683,39679,22,0.00082376
1773323106.76450157,0.02936441,6327,0.00038795,0.00000000,0,0.00000000,39679,39680,25,0.00127523
1773323106.86451912,0.02362383,6352,0.00043290,0.00000000,0,0.00000000,39680,39689,29,0.00114177
1773323106.96451473,0.02201100,6362,0.00033759,0.00000000,0,0.00000000,39689,39680,29,0.00100961
1773323107.06551957,0.01583576,6298,0.00008186,0.00000000,0,0.00000000,39680,39686,27,0.00218668
1773323107.16460109,0.02525531,6286,0.00064553,0.00000000,0,0.00000000,39686,39676,27,0.00323384
1773323107.26541352,0.02789780,6323,0.00013407,0.00000000,0,0.00000000,39676,39681,31,0.00191958
1773323107.36546516,0.02978128,6246,0.00033941,0.00000000,0,0.00000000,39681,39677,27,0.00201804
1773323107.46458268,0.03768176,6256,0.00034481,0.00000000,0,0.00000000,39677,39685,25,0.00170075
1773323107.56459808,0.01612829,6250,0.00013524,0.00000000,0,0.00000000,39685,39690,28,0.00300237
1773323107.66458011,0.02014330,6251,0.00037992,0.00000000,0,0.00000000,39690,39695,28,0.00204744
1773323107.76548457,0.02472704,6235,0.00028267,0.00000000,0,0.00000000,39695,39695,15,0.00162483
1773323107.86557579,0.01554754,6208,0.00010559,0.00000000,0,0.00000000,39695,39703,26,0.00168236
1773323107.96558571,0.01574612,6199,0.00046458,0.00000000,0,0.00000000,39703,39646,26,0.00240479
1773323108.06546664,0.01330229,6205,0.00007627,0.00000000,0,0.00000000,39646,39655,23,0.00237521
1773323108.16481495,0.01512836,6234,0.00004983,0.00000000,0,0.00000000,39655,39656,15,0.00285077
1773323108.26550317,0.01101579,6225,0.00007964,0.00000000,0,0.00000000,39656,39659,21,0.00139533
1773323108.36468244,0.01274014,6253,0.00002909,0.00000000,0,0.00000000,39659,39658,9,0.00186831
1773323108.46468711,0.01017716,6239,0.00006884,0.00000000,0,0.00000000,39658,39668,21,0.00141702
1773323108.56560659,0.01234956,6234,0.00006730,0.00000000,0,0.00000000,39668,39669,20,0.00126838
1773323108.66557622,0.02314612,6278,0.00035127,0.00000000,0,0.00000000,39669,39678,25,0.00142878
1773323108.76558852,0.05374508,6269,0.00042515,0.00000000,0,0.00000000,39678,39629,16,0.00095317
1773323108.86557436,0.05185254,6238,0.00014928,0.00000000,0,0.00000000,39629,39613,20,0.00085967
1773323108.96557665,0.04995069,6244,0.00022069,0.00000000,0,0.00000000,39613,39615,28,0.00085158
1773323109.06558895,0.02416558,6271,0.00041339,0.00000000,0,0.00000000,39615,39610,29,0.00166394
1773323109.16558313,0.04907962,6251,0.00021952,0.00000000,0,0.00000000,39610,39605,27,0.00297932
1773323109.26567960,0.02500207,6293,0.00025372,0.00000000,0,0.00000000,39605,39610,19,0.00423335
1773323109.36559510,0.01525793,6297,0.00023639,0.00000000,0,0.00000000,39610,39615,24,0.00640724
1773323109.46563077,0.01909892,6309,0.00049391,0.00000000,0,0.00000000,39615,39623,35,0.00138166
1773323109.56488347,0.02375476,6298,0.00050722,0.00000000,0,0.00000000,39623,39631,30,0.00305128
1773323109.66562104,0.01757430,6330,0.00039054,0.00000000,0,0.00000000,39631,39636,32,0.00155016
1773323109.76484942,0.02433059,6354,0.00048128,0.00000000,0,0.00000000,39636,39640,30,0.00257430
1773323109.86567855,0.01882554,6343,0.00008980,0.00000000,0,0.00000000,39640,39643,17,0.00304423
1773323109.96566653,0.02340428,6282,0.00042270,0.00000000,0,0.00000000,39643,39647,33,0.00294631
1773323110.06482244,0.02003347,6322,0.00008014,0.00000000,0,0.00000000,39647,39652,26,0.00256061
1773323110.16485167,0.02461298,6381,0.00031305,0.00000000,0,0.00000000,39652,39655,20,0.00223958
1773323110.26480341,0.01756225,6350,0.00024784,0.00000000,0,0.00000000,39655,39656,29,0.00165350
1773323110.36580896,0.02514014,6290,0.00009787,0.00000000,0,0.00000000,39656,39660,24,0.00298115
1773323110.46481109,0.02503528,6370,0.00048747,0.00000000,0,0.00000000,39660,39664,33,0.00109276
1773323110.56575632,0.02678212,6306,0.00033442,0.00000000,0,0.00000000,39664,39658,36,0.00117431
1773323110.66578603,0.02581396,6292,0.00039841,0.00000000,0,0.00000000,39658,39662,36,0.00267591
1773323110.76576424,0.02537654,6244,0.00024317,0.00000000,0,0.00000000,39662,39664,38,0.00163671
1773323110.86578536,0.02692853,6279,0.00157629,0.00000000,0,0.00000000,39664,39542,34,0.00274935
1773323110.96573472,0.01872404,6234,0.00034822,0.00000000,0,0.00000000,39542,39539,30,0.00157040
1773323111.06582546,0.01998347,6190,0.00050817,0.00000000,0,0.00000000,39539,39530,34,0.00146150
1773323111.16487861,0.01813976,6246,0.00013843,0.00000000,0,0.00000000,39530,39534,29,0.00110926
1773323111.26493788,0.02224808,6207,0.00011094,0.00000000,0,0.00000000,39534,39533,25,0.00169726
1773323111.36495686,0.02330418,6217,0.00046385,0.00000000,0,0.00000000,39533,39540,33,0.00342895
1773323111.46496487,0.02336119,6191,0.00035029,0.00000000,0,0.00000000,39540,39551,24,0.00244610
1773323111.56495786,0.01716887,6204,0.00042759,0.00000000,0,0.00000000,39551,39552,37,0.00153222
1773323111.66492081,0.02297103,6194,0.00010763,0.00000000,0,0.00000000,39552,39557,26,0.00224108
1773323111.76498699,0.01394590,6176,0.00019533,0.00000000,0,0.00000000,39557,39558,34,0.00173243
1773323111.86500096,0.01451965,6225,0.00009954,0.00000000,0,0.00000000,39558,39563,24,0.00394439
1773323111.96501088,0.01564141,6208,0.00006590,0.00000000,0,0.00000000,39563,39568,22,0.00423483
1773323112.06496429,0.01254425,6201,0.00008164,0.00000000,0,0.00000000,39568,39571,32,0.00391365
1773323112.16501451,0.01309638,6242,0.00007078,0.00000000,0,0.00000000,39571,39570,29,0.00350365
1773323112.26501203,0.01932329,6215,0.00029915,0.00000000,0,0.00000000,39570,39567,34,0.00278755
1773323112.36509633,0.01340133,6215,0.00007651,0.00000000,0,0.00000000,39567,39576,31,0.00112015
1773323112.46506286,0.01413319,6179,0.00007241,0.00000000,0,0.00000000,39576,39584,34,0.00112995
1773323112.56501269,0.01225682,6216,0.00010148,0.00000000,0,0.00000000,39584,39589,42,0.00159632
1773323112.66509390,0.02514263,6163,0.00041116,0.00000000,0,0.00000000,39589,39600,32,0.00120717
1773323112.76505828,0.02147410,6206,0.00065791,0.00000000,0,0.00000000,39600,39580,26,0.00084485
1773323112.86514974,0.01912822,6180,0.00017648,0.00000000,0,0.00000000,39580,39563,30,0.00088880
1773323112.96504211,0.01547713,6199,0.00008774,0.00000000,0,0.00000000,39563,39563,32,0.00170911
1773323113.06499982,0.01439712,6214,0.00006212,0.00000000,0,0.00000000,39563,39566,29,0.00083998
1773323113.16484308,0.01311968,6227,0.00007247,0.00000000,0,0.00000000,39566,39568,33,0.00138301
1773323113.26497483,0.01458516,6227,0.00009811,0.00000000,0,0.00000000,39568,39568,35,0.00150593
1773323113.36495113,0.01350092,6221,0.00007626,0.00000000,0,0.00000000,39568,39573,35,0.00166263
1773323113.46494865,0.02567036,6246,0.00037088,0.00000000,0,0.00000000,39573,39584,29,0.00158348
1773323113.56503320,0.01456143,6227,0.00042096,0.00000000,0,0.00000000,39584,39586,33,0.00101479
1773323113.66497469,0.02375354,6256,0.00030589,0.00000000,0,0.00000000,39586,39585,25,0.00097843
1773323113.76500916,0.02782214,6268,0.00056219,0.00000000,0,0.00000000,39585,39573,27,0.00094580
1773323113.86497879,0.01818812,6291,0.00036301,0.00000000,0,0.00000000,39573,39575,28,0.00200748
1773323113.96506071,0.02336292,6276,0.00026686,0.00000000,0,0.00000000,39575,39579,23,0.00227715
1773323114.06502557,0.01946370,6284,0.00058925,0.00000000,0,0.00000000,39579,39585,30,0.00207326
1773323114.16506290,0.01661753,6291,0.00012690,0.00000000,0,0.00000000,39585,39591,34,0.00350039
1773323114.26448178,0.01902088,6370,0.00026990,0.00000000,0,0.00000000,39591,39594,37,0.00336546
1773323114.36506367,0.01370145,6334,0.00009069,0.00000000,0,0.00000000,39594,39601,29,0.00181418
1773323114.46507001,0.01498153,6280,0.00007685,0.00000000,0,0.00000000,39601,39602,22,0.00257968
1773323114.56503773,0.01370118,6363,0.00006854,0.00000000,0,0.00000000,39602,39602,19,0.00167769
1773323114.66508603,0.01110570,6347,0.00012162,0.00000000,0,0.00000000,39602,39595,23,0.00146927
1773323114.76503205,0.02409373,6339,0.00028574,0.00000000,0,0.00000000,39595,39600,25,0.00116443
1773323114.86441898,0.02336715,6341,0.00020655,0.00000000,0,0.00000000,39600,39603,17,0.00095979
1773323114.96450424,0.01529797,6353,0.00020797,0.00000000,0,0.00000000,39603,39575,30,0.00171968
1773323115.06445169,0.02008932,6404,0.00015342,0.00000000,0,0.00000000,39575,39570,37,0.00088912
1773323115.16507268,0.02496895,6363,0.00018547,0.00000000,0,0.00000000,39570,39572,30,0.00155278
1773323115.26506615,0.02813942,6357,0.00052659,0.00000000,0,0.00000000,39572,39571,24,0.00256158
1773323115.36507511,0.02938805,6383,0.00044663,0.00000000,0,0.00000000,39571,39574,36,0.00148421
1773323115.46510911,0.02169415,6356,0.00010664,0.00000000,0,0.00000000,39574,39581,31,0.00192022
1773323115.56443095,0.02621010,6377,0.00070388,0.00000000,0,0.00000000,39581,39581,23,0.00189736
1773323115.66446066,0.03008978,6376,0.00016420,0.00000000,0,0.00000000,39581,39579,31,0.00207813
1773323115.76442742,0.01687619,6322,0.00048605,0.00000000,0,0.00000000,39579,39576,34,0.00076391
1773323115.86444712,0.02687739,6363,0.00037650,0.00000000,0,0.00000000,39576,39581,25,0.00385340
1773323115.96441531,0.01925732,6342,0.00020606,0.00000000,0,0.00000000,39581,39578,28,0.00294701
1773323116.06445551,0.01896737,6345,0.00015250,0.00000000,0,0.00000000,39578,39582,25,0.00304941
1773323116.16443253,0.01308522,6328,0.00015298,0.00000000,0,0.00000000,39582,39592,38,0.00204227
1773323116.26441526,0.02133552,6346,0.00020215,0.00000000,0,0.00000000,39592,39593,32,0.00412695
1773323116.36452842,0.01555373,6334,0.00008433,0.00000000,0,0.00000000,39593,39596,24,0.00140934
1773323116.46455526,0.01921658,6324,0.00024517,0.00000000,0,0.00000000,39596,39609,38,0.00157415
1773323116.56458282,0.01569857,6281,0.00016546,0.00000000,0,0.00000000,39609,39584,30,0.00150462
1773323116.66448164,0.01767438,6368,0.00045072,0.00000000,0,0.00000000,39584,39598,41,0.00162025
1773323116.76460099,0.02771681,6294,0.00030346,0.00000000,0,0.00000000,39598,39595,23,0.00089151
1773323116.86446142,0.03740823,6294,0.00038688,0.00000000,0,0.00000000,39595,39598,19,0.00108639
1773323116.96460509,0.01858012,6257,0.00060727,0.00000000,0,0.00000000,39598,39624,76,0.00119110
1773323117.06456709,0.03505403,6260,0.00412260,0.00000000,0,0.00000000,39624,39641,629,0.00088071
1773323117.16458583,0.01889013,6227,0.00041966,0.00000000,0,0.00000000,39641,39567,63,0.00465877
1773323117.26460314,0.01791314,6197,0.00009331,0.00000000,0,0.00000000,39567,39568,31,0.00355477
1773323117.36464548,0.02063714,6157,0.00009140,0.00000000,0,0.00000000,39568,39576,37,0.00123890
1773323117.46454239,0.01640783,6163,0.00009186,0.00000000,0,0.00000000,39576,39573,27,0.00182839
1773323117.56456089,0.01817171,6102,0.00024459,0.00000000,0,0.00000000,39573,39575,42,0.00080994
1773323117.66456914,0.02228728,6105,0.00012718,0.00000000,0,0.00000000,39575,39585,40,0.00110432
1773323117.76465583,0.02079078,6069,0.00022127,0.00000000,0,0.00000000,39585,39590,48,0.00095483
1773323117.86472392,0.01900628,6077,0.00013151,0.00000000,0,0.00000000,39590,39591,31,0.00261839
1773323117.96462250,0.01935241,6141,0.00019524,0.00000000,0,0.00000000,39591,39603,49,0.00125534
1773323118.06470013,0.02353292,6055,0.00027436,0.00000000,0,0.00000000,39603,39611,34,0.00078757
1773323118.16460776,0.02361150,6021,0.00017663,0.00000000,0,0.00000000,39611,39615,44,0.00077072
1773323118.26460648,0.02075675,6029,0.00035138,0.00000000,0,0.00000000,39615,39608,44,0.00099139
1773323118.36460185,0.02205282,6064,0.00015351,0.00000000,0,0.00000000,39608,39602,35,0.00083151
1773323118.46472263,0.02341422,5993,0.00019916,0.00000000,0,0.00000000,39602,39612,47,0.00085371
1773323118.56457138,0.03568511,5956,0.00022360,0.00000000,0,0.00000000,39612,39607,39,0.00079368
1773323118.66466904,0.03022530,5946,0.00049972,0.00000000,0,0.00000000,39607,39611,35,0.00092657
1773323118.76463628,0.02894969,5952,0.00012210,0.00000000,0,0.00000000,39611,39614,40,0.00080780
1773323118.86476350,0.03274767,5965,0.00028404,0.00000000,0,0.00000000,39614,39618,28,0.00132697
1773323118.96472526,0.02248631,5962,0.00013147,0.00000000,0,0.00000000,39618,39629,33,0.00106332
1773323119.06475449,0.03089247,6035,0.00059899,0.00000000,0,0.00000000,39629,39619,38,0.00157023
1773323119.16484547,0.02276149,6028,0.00030673,0.00000000,0,0.00000000,39619,39634,31,0.00093641
1773323119.26473379,0.03316899,6117,0.00050052,0.00000000,0,0.00000000,39634,39644,38,0.00117625
1773323119.36479306,0.02603388,6147,0.00038928,0.00000000,0,0.00000000,39644,39652,32,0.00241210
1773323119.46482635,0.03281554,6107,0.00047718,0.00000000,0,0.00000000,39652,39663,34,0.00111529
1773323119.56490993,0.03003802,6121,0.00011078,0.00000000,0,0.00000000,39663,39667,31,0.00255618
1773323119.66471505,0.01629204,6118,0.00017092,0.00000000,0,0.00000000,39667,39675,30,0.00204991
1773323119.76473522,0.02801824,6156,0.00057057,0.00000000,0,0.00000000,39675,39657,36,0.00159051
1773323119.86480236,0.02173766,6084,0.00011655,0.00000000,0,0.00000000,39657,39657,35,0.00321596
1773323119.96479869,0.01340985,6118,0.00014605,0.00000000,0,0.00000000,39657,39646,37,0.00114821
1773323120.06477189,0.01470264,6066,0.00012716,0.00000000,0,0.00000000,39646,39646,28,0.00139330
1773323120.16485810,0.01505999,6132,0.00022659,0.00000000,0,0.00000000,39646,39627,33,0.00216908
1773323120.26493692,0.01450940,6062,0.00010890,0.00000000,0,0.00000000,39627,39627,32,0.00240299
1773323120.36482453,0.01242748,6118,0.00010356,0.00000000,0,0.00000000,39627,39621,36,0.00102595
1773323120.46488094,0.01688809,6102,0.00014497,0.00000000,0,0.00000000,39621,39632,30,0.00128127
1773323120.56493521,0.01401116,6141,0.00012238,0.00000000,0,0.00000000,39632,39618,40,0.00210699
1773323120.66485167,0.01806644,6161,0.00041233,0.00000000,0,0.00000000,39618,39628,31,0.00095708
1773323120.76489496,0.01434959,6219,0.00007774,0.00000000,0,0.00000000,39628,39634,29,0.00096493
1773323120.86493754,0.02957745,6201,0.00009934,0.00000000,0,0.00000000,39634,39642,27,0.00148169
1773323120.96495867,0.03505455,6236,0.00064565,0.00000000,0,0.00000000,39642,39646,36,0.00081370
1773323121.06497407,0.03186207,6251,0.00056972,0.00000000,0,0.00000000,39646,39648,48,0.00119386
1773323121.16500688,0.02335075,6261,0.00035180,0.00000000,0,0.00000000,39648,39655,38,0.00089248
1773323121.26499915,0.02692816,6277,0.00012470,0.00000000,0,0.00000000,39655,39652,34,0.00159570
1773323121.36503506,0.03659482,6237,0.00019961,0.00000000,0,0.00000000,39652,39665,36,0.00216743
1773323121.46485949,0.03916465,6266,0.00027086,0.00000000,0,0.00000000,39665,39669,42,0.00168265
1773323121.56490898,0.04495398,6267,0.00055267,0.00000000,0,0.00000000,39669,39656,37,0.00162305
1773323121.66495323,0.02812215,6226,0.00014895,0.00000000,0,0.00000000,39656,39669,51,0.00280410
1773323121.76487541,0.03425925,6282,0.00037702,0.00000000,0,0.00000000,39669,39676,31,0.00187527
1773323121.86519766,0.02703042,6305,0.00013931,0.00000000,0,0.00000000,39676,39673,40,0.00437112
1773323121.96537137,0.02501323,6252,0.00011731,0.00000000,0,0.00000000,39673,39682,48,0.00554329
1773323122.06502557,0.02580820,6266,0.00018589,0.00000000,0,0.00000000,39682,39687,37,0.00465395
1773323122.16508102,0.02523642,6269,0.00013951,0.00000000,0,0.00000000,39687,39687,40,0.00439964
1773323122.26512647,0.01742273,6199,0.00014387,0.00000000,0,0.00000000,39687,39683,42,0.00463450
1773323122.36439037,0.01895217,6290,0.00015778,0.00000000,0,0.00000000,39683,39668,41,0.00176037
1773323122.46499372,0.02199727,6269,0.00024820,0.00000000,0,0.00000000,39668,39684,44,0.00266904
1773323122.56507945,0.02149406,6251,0.00055734,0.00000000,0,0.00000000,39684,39683,48,0.00254214
1773323122.66512799,0.02348546,6226,0.00017678,0.00000000,0,0.00000000,39683,39673,47,0.00109873
1773323122.76507592,0.01844169,6232,0.00025059,0.00000000,0,0.00000000,39673,39676,44,0.00082935
1773323122.86514473,0.02101779,6207,0.00013516,0.00000000,0,0.00000000,39676,39687,45,0.00082775
1773323122.96507907,0.03887569,6234,0.00028002,0.00000000,0,0.00000000,39687,39673,51,0.00147406
1773323123.06507039,0.03817315,6239,0.00020513,0.00000000,0,0.00000000,39673,39673,42,0.00117049
1773323123.16530585,0.03183995,6238,0.00065366,0.00000000,0,0.00000000,39673,39673,46,0.00092877
1773323123.26507187,0.02963005,6211,0.00052936,0.00000000,0,0.00000000,39673,39683,46,0.00095564
1773323123.36507130,0.02617296,6213,0.00083930,0.00000000,0,0.00000000,39683,39696,54,0.00271030
1773323123.46511555,0.03698556,6251,0.00083519,0.00000000,0,0.00000000,39696,39697,60,0.00252532
1773323123.56510019,0.03426854,6204,0.00012846,0.00000000,0,0.00000000,39697,39696,34,0.00313133
1773323123.66518116,0.02166313,6174,0.00042032,0.00000000,0,0.00000000,39696,39705,41,0.00349689
1773323123.76500773,0.02522368,6174,0.00036238,0.00000000,0,0.00000000,39705,39706,34,0.00173973
1773323123.86525774,0.01533102,6156,0.00106702,0.00000000,0,0.00000000,39706,39738,95,0.00418157
1773323123.96508789,0.01666434,6198,0.00011301,0.00000000,0,0.00000000,39738,39747,33,0.00317861
1773323124.06514049,0.01125578,6181,0.00012989,0.00000000,0,0.00000000,39747,39744,32,0.00248521
1773323124.16528368,0.01718526,6127,0.00012341,0.00000000,0,0.00000000,39744,39752,33,0.00167615
1773323124.26520133,0.01799978,6162,0.00014001,0.00000000,0,0.00000000,39752,39741,28,0.00098890
1773323124.36519599,0.01601663,6158,0.00015196,0.00000000,0,0.00000000,39741,39748,32,0.00364319
1773323124.46521044,0.01834679,6132,0.00030680,0.00000000,0,0.00000000,39748,39749,27,0.00085400
1773323124.56507468,0.01340854,6173,0.00006121,0.00000000,0,0.00000000,39749,39753,33,0.00215656
1773323124.66515684,0.01657614,6151,0.00018302,0.00000000,0,0.00000000,39753,39761,33,0.00116942
1773323124.76513076,0.02982431,6155,0.00042849,0.00000000,0,0.00000000,39761,39762,39,0.00078744
1773323124.86524010,0.03009526,6089,0.00050113,0.00000000,0,0.00000000,39762,39769,34,0.00082459
1773323124.96506333,0.02201617,6191,0.00044681,0.00000000,0,0.00000000,39769,39781,48,0.00155930
1773323125.06527567,0.01920679,6109,0.00029437,0.00000000,0,0.00000000,39781,39782,41,0.00083485
1773323125.16520166,0.02011521,6213,0.00012339,0.00000000,0,0.00000000,39782,39783,29,0.00189505
1773323125.26517296,0.02467657,6196,0.00015114,0.00000000,0,0.00000000,39783,39786,40,0.00078302
1773323125.36525440,0.02772546,6181,0.00014366,0.00000000,0,0.00000000,39786,39784,36,0.00271106
1773323125.46504402,0.02250107,6236,0.00018273,0.00000000,0,0.00000000,39784,39779,29,0.00164671
1773323125.56536126,0.03368919,6192,0.00057827,0.00000000,0,0.00000000,39779,39775,36,0.00270567
1773323125.66534424,0.02789851,6173,0.00013975,0.00000000,0,0.00000000,39775,39772,42,0.00278364
1773323125.76516128,0.02929504,6211,0.00040011,0.00000000,0,0.00000000,39772,39772,25,0.00221684
1773323125.86521268,0.02051430,6217,0.00006701,0.00000000,0,0.00000000,39772,39772,18,0.00281640
1773323125.96516776,0.01876186,6222,0.00016897,0.00000000,0,0.00000000,39772,39772,40,0.00180035
1773323126.06521058,0.01502190,6224,0.00020357,0.00000000,0,0.00000000,39772,39762,39,0.00154899
1773323126.16525626,0.01795315,6268,0.00020332,0.00000000,0,0.00000000,39762,39760,39,0.00183946
1773323126.26532531,0.01720433,6234,0.00010290,0.00000000,0,0.00000000,39760,39764,32,0.00308444
1773323126.36448956,0.01687493,6276,0.00030140,0.00000000,0,0.00000000,39764,39768,28,0.00238740
1773323126.46448255,0.01678623,6285,0.00008618,0.00000000,0,0.00000000,39768,39771,23,0.00267618
1773323126.56517148,0.01474673,6238,0.00006923,0.00000000,0,0.00000000,39771,39776,28,0.00145154
1773323126.66437626,0.01820410,6309,0.00008791,0.00000000,0,0.00000000,39776,39780,26,0.00111596
1773323126.76517010,0.02739558,6276,0.00011082,0.00000000,0,0.00000000,39780,39780,34,0.00077426
1773323126.86528492,0.02941166,6236,0.00036097,0.00000000,0,0.00000000,39780,39788,26,0.00165023
1773323126.96442485,0.03454753,6290,0.00031514,0.00000000,0,0.00000000,39788,39793,25,0.00116520
1773323127.06442261,0.02602757,6302,0.00047053,0.00000000,0,0.00000000,39793,39792,35,0.00082663
1773323127.16444540,0.02065953,6290,0.00033223,0.00000000,0,0.00000000,39792,39802,34,0.00234710
1773323127.26524878,0.02164988,6292,0.00013057,0.00000000,0,0.00000000,39802,39799,31,0.00120497
1773323127.36466503,0.02082413,6314,0.00009873,0.00000000,0,0.00000000,39799,39804,31,0.00168110
1773323127.46456909,0.02084967,6272,0.00025399,0.00000000,0,0.00000000,39804,39807,22,0.00128250
1773323127.56443119,0.03483740,6326,0.00038202,0.00000000,0,0.00000000,39807,39806,26,0.00136833
1773323127.66535950,0.01854232,6250,0.00011440,0.00000000,0,0.00000000,39806,39812,23,0.00148652
1773323127.76442552,0.01041411,6336,0.00008515,0.00000000,0,0.00000000,39812,39818,24,0.00347606
1773323127.86463952,0.02109409,6296,0.00029688,0.00000000,0,0.00000000,39818,39821,37,0.00193217
1773323127.96454477,0.01974035,6277,0.00013353,0.00000000,0,0.00000000,39821,39806,26,0.00192937
1773323128.06539965,0.01654374,6244,0.00010786,0.00000000,0,0.00000000,39806,39812,22,0.00127433
1773323128.16534615,0.01768385,6251,0.00018539,0.00000000,0,0.00000000,39812,39813,23,0.00176712
1773323128.26451063,0.01486352,6276,0.00011655,0.00000000,0,0.00000000,39813,39818,28,0.00254404
1773323128.36456132,0.01607498,6265,0.00029164,0.00000000,0,0.00000000,39818,39813,30,0.00129304
1773323128.46454382,0.01166109,6295,0.00008972,0.00000000,0,0.00000000,39813,39807,28,0.00077941
1773323128.56453991,0.01565699,6290,0.00018107,0.00000000,0,0.00000000,39807,39798,43,0.00079452
1773323128.66541123,0.01270004,6296,0.00011180,0.00000000,0,0.00000000,39798,39814,34,0.00160518
1773323128.76544118,0.03731202,6275,0.00041566,0.00000000,0,0.00000000,39814,39809,34,0.00082676
1773323128.86541224,0.02151365,6278,0.00044872,0.00000000,0,0.00000000,39809,39814,47,0.00084096
1773323128.96456003,0.02688977,6326,0.00045468,0.00000000,0,0.00000000,39814,39814,34,0.00087265
1773323129.06459856,0.02548752,6311,0.00047146,0.00000000,0,0.00000000,39814,39825,43,0.00173656
1773323129.16554880,0.02532500,6313,0.00015396,0.00000000,0,0.00000000,39825,39832,31,0.00077391
1773323129.26549888,0.02818133,6275,0.00012640,0.00000000,0,0.00000000,39832,39837,37,0.00413494
1773323129.36566734,0.03109902,6292,0.00042706,0.00000000,0,0.00000000,39837,39849,37,0.00292375
1773323129.46470404,0.02481737,6278,0.00012234,0.00000000,0,0.00000000,39849,39838,33,0.00183874
1773323129.56474614,0.02922256,6290,0.00054437,0.00000000,0,0.00000000,39838,39845,39,0.00272094
1773323129.66479921,0.03605152,6242,0.00047507,0.00000000,0,0.00000000,39845,39770,35,0.00270513
1773323129.76462984,0.01924385,6290,0.00020046,0.00000000,0,0.00000000,39770,39776,43,0.00076756
1773323129.86555839,0.03039067,6240,0.00052254,0.00000000,0,0.00000000,39776,39767,37,0.00246432
1773323129.96551180,0.01898642,6246,0.00010518,0.00000000,0,0.00000000,39767,39773,35,0.00325540
1773323130.06562042,0.01786729,6194,0.00010311,0.00000000,0,0.00000000,39773,39778,24,0.00236083
1773323130.16468358,0.01801768,6274,0.00018516,0.00000000,0,0.00000000,39778,39771,29,0.00273737
1773323130.26471686,0.01726106,6230,0.00010092,0.00000000,0,0.00000000,39771,39773,29,0.00421997
1773323130.36490107,0.01634506,6291,0.00019159,0.00000000,0,0.00000000,39773,39778,40,0.00176409
1773323130.46482325,0.01700990,6230,0.00048549,0.00000000,0,0.00000000,39778,39785,46,0.00241120
1773323130.56483817,0.01941439,6196,0.00022122,0.00000000,0,0.00000000,39785,39796,35,0.00155506
1773323130.66485906,0.01744531,6173,0.00014475,0.00000000,0,0.00000000,39796,39794,30,0.00162674
1773323130.76557088,0.01406305,6096,0.00018016,0.00000000,0,0.00000000,39794,39794,25,0.00137447
1773323130.86561203,0.02045266,5900,0.00023573,0.00000000,0,0.00000000,39794,39801,22,0.00086192
1773323130.96495891,0.01876073,5854,0.00011553,0.00000000,0,0.00000000,39801,39805,34,0.00081191
1773323131.06567478,0.01993798,5855,0.00021529,0.00000000,0,0.00000000,39805,39815,26,0.00158747
1773323131.16575217,0.02209536,5882,0.00043609,0.00000000,0,0.00000000,39815,39807,22,0.00080512
1773323131.26560974,0.02007474,5683,0.00039473,0.00000000,0,0.00000000,39807,39806,23,0.00205970
1773323131.36532640,0.01948157,5637,0.00023805,0.00000000,0,0.00000000,39806,39797,17,0.00200136
1773323131.46495414,0.02647629,5564,0.00020270,0.00000000,0,0.00000000,39797,39799,16,0.00250619
1773323131.56573510,0.01791198,5395,0.00008055,0.00000000,0,0.00000000,39799,39801,24,0.00231715
1773323131.66486168,0.00998894,5413,0.00011187,0.00000000,0,0.00000000,39801,39795,16,0.00304768
1773323131.76486921,0.01729796,5241,0.00022707,0.00000000,0,0.00000000,39795,39796,16,0.00185256
1773323131.86448336,0.01592930,5323,0.00048424,0.00000000,0,0.00000000,39796,39800,24,0.00299613
1773323131.96575785,0.00781675,4994,0.00001911,0.00000000,0,0.00000000,39800,39804,7,0.00214667
1773323132.06466460,0.00668663,4945,0.00002299,0.00000000,0,0.00000000,39804,39809,10,0.00284797
1773323132.16491485,0.00861780,4830,0.00006683,0.00000000,0,0.00000000,39809,39794,5,0.00196913
1773323132.26477599,0.00553553,4773,0.00001865,0.00000000,0,0.00000000,39794,39796,9,0.00100024
1773323132.36444092,0.00699042,4748,0.00002861,0.00000000,0,0.00000000,39796,39801,8,0.00139625
1773323132.46578050,0.00586763,4695,0.00003476,0.00000000,0,0.00000000,39801,39797,13,0.00097347
1773323132.56493187,0.00651239,4416,0.00002061,0.00000000,0,0.00000000,39797,39798,9,0.00188805
1773323132.66489267,0.01122071,4294,0.00014164,0.00000000,0,0.00000000,39798,39799,8,0.00112476
1773323132.76429701,0.01087348,4185,0.00011297,0.00000000,0,0.00000000,39799,39804,9,0.00123107
1773323132.86522269,0.01251413,4187,0.00024200,0.00000000,0,0.00000000,39804,39779,14,0.00072157
1773323132.96503472,0.01757506,4272,0.00046763,0.00000000,0,0.00000000,39779,39758,16,0.00163648
1773323133.06509280,0.01164982,4418,0.00009140,0.00000000,0,0.00000000,39758,39766,19,0.00209087
1773323133.16503978,0.01277557,4580,0.00015575,0.00000000,0,0.00000000,39766,39771,14,0.00151938
1773323133.26492596,0.00995351,4618,0.00004543,0.00000000,0,0.00000000,39771,39775,10,0.00206659
1773323133.36485839,0.01457128,4567,0.00015445,0.00000000,0,0.00000000,39775,39769,15,0.00256342
1773323133.46453810,0.01751757,4610,0.00023900,0.00000000,0,0.00000000,39769,39766,21,0.00404484
1773323133.56495881,0.02702775,4521,0.00032002,0.00000000,0,0.00000000,39766,39772,22,0.00380823
1773323133.66503406,0.02568735,4526,0.00013395,0.00000000,0,0.00000000,39772,39780,23,0.00132719
1773323133.76500106,0.00963127,4405,0.00013060,0.00000000,0,0.00000000,39780,39787,25,0.00274510
1773323133.86493802,0.02052634,4392,0.00031156,0.00000000,0,0.00000000,39787,39795,23,0.00190747
1773323133.96445966,0.01700295,4312,0.00013403,0.00000000,0,0.00000000,39795,39794,17,0.00211347
1773323134.06496072,0.01266045,4304,0.00014403,0.00000000,0,0.00000000,39794,39762,35,0.00225180
1773323134.16509104,0.01449200,4154,0.00036778,0.00000000,0,0.00000000,39762,39769,30,0.00274057
1773323134.26533246,0.01033258,4170,0.00007506,0.00000000,0,0.00000000,39769,39780,24,0.00110171
1773323134.36501241,0.01102587,4140,0.00010138,0.00000000,0,0.00000000,39780,39785,34,0.00271499
1773323134.46511722,0.00969933,4091,0.00008126,0.00000000,0,0.00000000,39785,39795,30,0.00152460
1773323134.56512904,0.01353880,4271,0.00032104,0.00000000,0,0.00000000,39795,39803,22,0.00088728
1773323134.66496682,0.02329413,4427,0.00040073,0.00000000,0,0.00000000,39803,39804,31,0.00121327
1773323134.76507068,0.02644384,4564,0.00038389,0.00000000,0,0.00000000,39804,39804,34,0.00091572
1773323134.86454844,0.02366621,4501,0.00032539,0.00000000,0,0.00000000,39804,39813,34,0.00103709
1773323134.96496153,0.01828873,4610,0.00054164,0.00000000,0,0.00000000,39813,39800,29,0.00084013
1773323135.06521130,0.01793068,4500,0.00028234,0.00000000,0,0.00000000,39800,39806,29,0.00227165
1773323135.16521120,0.01966715,4699,0.00012184,0.00000000,0,0.00000000,39806,39815,37,0.00193653
1773323135.26507449,0.02178343,4629,0.00027258,0.00000000,0,0.00000000,39815,39800,43,0.00265893
1773323135.36441350,0.03225372,4738,0.00012996,0.00000000,0,0.00000000,39800,39795,24,0.00239773
1773323135.46437430,0.01981398,4717,0.00011597,0.00000000,0,0.00000000,39795,39802,35,0.00230703
1773323135.56441236,0.02431405,4703,0.00041766,0.00000000,0,0.00000000,39802,39806,32,0.00262635
1773323135.66445303,0.02292427,4659,0.00016214,0.00000000,0,0.00000000,39806,39813,28,0.00319074
1773323135.76531076,0.01721207,4680,0.00029084,0.00000000,0,0.00000000,39813,39818,24,0.00321119
1773323135.86519647,0.02544864,4649,0.00066094,0.00000000,0,0.00000000,39818,39822,31,0.00283133
1773323135.96520448,0.01204587,4635,0.00026895,0.00000000,0,0.00000000,39822,39827,38,0.00316040
1773323136.06533217,0.02388399,4630,0.00035213,0.00000000,0,0.00000000,39827,39822,24,0.00238920
1773323136.16449451,0.01831941,4622,0.00016663,0.00000000,0,0.00000000,39822,39833,38,0.00242149
1773323136.26520848,0.01806063,4626,0.00016992,0.00000000,0,0.00000000,39833,39833,23,0.00094634
1773323136.36460090,0.01925530,4545,0.00014636,0.00000000,0,0.00000000,39833,39820,31,0.00205193
1773323136.46452832,0.02242459,4474,0.00008090,0.00000000,0,0.00000000,39820,39822,22,0.00257544
1773323136.56464028,0.02358843,4352,0.00055081,0.00000000,0,0.00000000,39822,39826,28,0.00233664
1773323136.66455626,0.02182440,4400,0.00028050,0.00000000,0,0.00000000,39826,39828,24,0.00346189
1773323136.76539803,0.01966491,4249,0.00024244,0.00000000,0,0.00000000,39828,39832,16,0.00273043
1773323136.86447644,0.01998433,4373,0.00025781,0.00000000,0,0.00000000,39832,39836,24,0.00241543
1773323136.96440840,0.01768195,4554,0.00040891,0.00000000,0,0.00000000,39836,39836,23,0.00257955
1773323137.06444383,0.01361788,4761,0.00034553,0.00000000,0,0.00000000,39836,39829,25,0.00295423
1773323137.16526771,0.01490268,4774,0.00033701,0.00000000,0,0.00000000,39829,39823,15,0.00202881
1773323137.26455164,0.01508513,4898,0.00042057,0.00000000,0,0.00000000,39823,39825,22,0.00324153
1773323137.36458683,0.01726580,4917,0.00005249,0.00000000,0,0.00000000,39825,39826,17,0.00097878
1773323137.46520472,0.02133177,5043,0.00100505,0.00000000,0,0.00000000,39826,39809,31,0.00443603
1773323137.56456661,0.02127679,4940,0.00024150,0.00000000,0,0.00000000,39809,39815,19,0.00205620
1773323137.66526771,0.01681042,5020,0.00013131,0.00000000,0,0.00000000,39815,39806,25,0.00263680
1773323137.76462007,0.01281897,5041,0.00023038,0.00000000,0,0.00000000,39806,39812,21,0.00215476
1773323137.86460471,0.01886385,5055,0.00035404,0.00000000,0,0.00000000,39812,39821,29,0.00452548
1773323137.96465921,0.01797613,5108,0.00003062,0.00000000,0,0.00000000,39821,39825,14,0.00325820
1773323138.06459332,0.01079189,5039,0.00012194,0.00000000,0,0.00000000,39825,39825,21,0.00170463
1773323138.16473389,0.01234249,5017,0.00026284,0.00000000,0,0.00000000,39825,39820,15,0.00103322
1773323138.26460862,0.01059068,5035,0.00003070,0.00000000,0,0.00000000,39820,39823,14,0.00193992
1773323138.36469078,0.01152845,4983,0.00013573,0.00000000,0,0.00000000,39823,39832,20,0.00175456
1773323138.46472311,0.01109921,5041,0.00005549,0.00000000,0,0.00000000,39832,39841,28,0.00156401
1773323138.56473231,0.01253644,5012,0.00030042,0.00000000,0,0.00000000,39841,39845,18,0.00154350
1773323138.66474581,0.01377456,5030,0.00026192,0.00000000,0,0.00000000,39845,39847,33,0.00270231
1773323138.76469827,0.01114618,5041,0.00006334,0.00000000,0,0.00000000,39847,39854,19,0.00186629
1773323138.86475730,0.02114494,5057,0.00012334,0.00000000,0,0.00000000,39854,39858,17,0.00285573
1773323138.96466947,0.01133546,5049,0.00008252,0.00000000,0,0.00000000,39858,39858,22,0.00088688
1773323139.06465888,0.01269291,5075,0.00011172,0.00000000,0,0.00000000,39858,39856,22,0.00285036
1773323139.16470957,0.01378367,5046,0.00017056,0.00000000,0,0.00000000,39856,39850,29,0.00090047
1773323139.26465964,0.01098411,5024,0.00005868,0.00000000,0,0.00000000,39850,39855,23,0.00320414
1773323139.36470270,0.01159099,5000,0.00007025,0.00000000,0,0.00000000,39855,39859,17,0.00082067
1773323139.46475577,0.02324347,4977,0.00024758,0.00000000,0,0.00000000,39859,39864,16,0.00130977
1773323139.56546211,0.01863320,4750,0.00018981,0.00000000,0,0.00000000,39864,39854,18,0.00126394
1773323139.66477704,0.01298022,4687,0.00017856,0.00000000,0,0.00000000,39854,39850,25,0.00279457
1773323139.76545095,0.01634422,4520,0.00022075,0.00000000,0,0.00000000,39850,39849,16,0.00081831
1773323139.86554503,0.01282111,4435,0.00006058,0.00000000,0,0.00000000,39849,39841,18,0.00270938
1773323139.96479130,0.00965703,4445,0.00006137,0.00000000,0,0.00000000,39841,39837,19,0.00204688
1773323140.06482339,0.00874997,4350,0.00008629,0.00000000,0,0.00000000,39837,39835,29,0.00277126
1773323140.16484308,0.01306328,4267,0.00027102,0.00000000,0,0.00000000,39835,39824,26,0.00240593
1773323140.26494122,0.00994393,4124,0.00003640,0.00000000,0,0.00000000,39824,39825,17,0.00303350
1773323140.36478949,0.00793499,4221,0.00007805,0.00000000,0,0.00000000,39825,39827,28,0.00080548
1773323140.46490693,0.00692019,4202,0.00004379,0.00000000,0,0.00000000,39827,39826,18,0.00387853
1773323140.56482267,0.00756924,4302,0.00004130,0.00000000,0,0.00000000,39826,39829,7,0.00111332
1773323140.66484165,0.00777529,4379,0.00011621,0.00000000,0,0.00000000,39829,39832,15,0.00218573
1773323140.76474953,0.01237548,4261,0.00041668,0.00000000,0,0.00000000,39832,39809,11,0.00080034
1773323140.86494875,0.01292830,4058,0.00015154,0.00000000,0,0.00000000,39809,39811,11,0.00140790
1773323140.96487999,0.01296350,4085,0.00013337,0.00000000,0,0.00000000,39811,39817,12,0.00091672
1773323141.06474257,0.01421137,4291,0.00049728,0.00000000,0,0.00000000,39817,39789,17,0.00282514
1773323141.16561866,0.01471966,4580,0.00017004,0.00000000,0,0.00000000,39789,39791,14,0.00281483
1773323141.26498389,0.00981019,4715,0.00021735,0.00000000,0,0.00000000,39791,39788,18,0.00284984
1773323141.36504269,0.00932607,4810,0.00015456,0.00000000,0,0.00000000,39788,39793,21,0.00319690
1773323141.46504235,0.01157708,4701,0.00022545,0.00000000,0,0.00000000,39793,39797,22,0.00279999
1773323141.56497002,0.01291425,4681,0.00021904,0.00000000,0,0.00000000,39797,39801,15,0.00289959
1773323141.66498423,0.00956882,4806,0.00006635,0.00000000,0,0.00000000,39801,39797,19,0.00327543
1773323141.76497531,0.01224499,4949,0.00028069,0.00000000,0,0.00000000,39797,39786,14,0.00103238
1773323141.86507940,0.01392400,5046,0.00031158,0.00000000,0,0.00000000,39786,39787,20,0.00104909
1773323141.96511292,0.01400541,5084,0.00032190,0.00000000,0,0.00000000,39787,39790,21,0.00154829
1773323142.06489110,0.01085311,5111,0.00014562,0.00000000,0,0.00000000,39790,39790,23,0.00185286
1773323142.16477418,0.01090778,5167,0.00027731,0.00000000,0,0.00000000,39790,39797,23,0.00091866
1773323142.26501656,0.01217105,5195,0.00014870,0.00000000,0,0.00000000,39797,39803,26,0.00182160
1773323142.36490726,0.01438284,5146,0.00010206,0.00000000,0,0.00000000,39803,39800,19,0.00239263
1773323142.46411157,0.01619814,5252,0.00040645,0.00000000,0,0.00000000,39800,39810,24,0.00343024
1773323142.56502008,0.01896599,5315,0.00019131,0.00000000,0,0.00000000,39810,39816,26,0.00266658
1773323142.66506410,0.02011351,5356,0.00027050,0.00000000,0,0.00000000,39816,39817,21,0.00246459
1773323142.76507187,0.01786651,5292,0.00035033,0.00000000,0,0.00000000,39817,39812,21,0.00259253
1773323142.86518192,0.01101919,5247,0.00024336,0.00000000,0,0.00000000,39812,39811,21,0.00311506
1773323142.96445179,0.01335888,5269,0.00010197,0.00000000,0,0.00000000,39811,39814,17,0.00296732
1773323143.06490207,0.00904819,5199,0.00009337,0.00000000,0,0.00000000,39814,39804,24,0.00292965
1773323143.16508555,0.01384295,5116,0.00011312,0.00000000,0,0.00000000,39804,39797,22,0.00396241
1773323143.26507187,0.01724996,5016,0.00015619,0.00000000,0,0.00000000,39797,39799,13,0.00238928
1773323143.36489820,0.01721018,5047,0.00012922,0.00000000,0,0.00000000,39799,39790,28,0.00108818
1773323143.46493459,0.01430969,4949,0.00031686,0.00000000,0,0.00000000,39790,39793,23,0.00265594
1773323143.56450987,0.02795206,4900,0.00044702,0.00000000,0,0.00000000,39793,39790,19,0.00266707
1773323143.66478825,0.02384501,4935,0.00008214,0.00000000,0,0.00000000,39790,39793,17,0.00273031
1773323143.76452589,0.01118745,4923,0.00004976,0.00000000,0,0.00000000,39793,39792,15,0.00215211
1773323143.86446643,0.01924513,5015,0.00025978,0.00000000,0,0.00000000,39792,39797,23,0.00266740
1773323143.96436048,0.02017158,5145,0.00028619,0.00000000,0,0.00000000,39797,39790,17,0.00254271
1773323144.06502914,0.01104351,5158,0.00010428,0.00000000,0,0.00000000,39790,39791,31,0.00219588
1773323144.16431785,0.00891069,5362,0.00005764,0.00000000,0,0.00000000,39791,39794,16,0.00472504
1773323144.26519823,0.01049546,5338,0.00007919,0.00000000,0,0.00000000,39794,39805,26,0.00092332
1773323144.36521339,0.01298575,5397,0.00056907,0.00000000,0,0.00000000,39805,39769,17,0.00094548
1773323144.46505785,0.00809036,5492,0.00005659,0.00000000,0,0.00000000,39769,39777,17,0.00211896
1773323144.56513214,0.00815281,5552,0.00007718,0.00000000,0,0.00000000,39777,39786,27,0.00125601
1773323144.66509843,0.01404092,5523,0.00029243,0.00000000,0,0.00000000,39786,39796,21,0.00132115
1773323144.76432896,0.01032610,5614,0.00014280,0.00000000,0,0.00000000,39796,39805,23,0.00078093
1773323144.86501527,0.02501919,5559,0.00025710,0.00000000,0,0.00000000,39805,39798,29,0.00132697
1773323144.96505761,0.00991995,5613,0.00006713,0.00000000,0,0.00000000,39798,39802,23,0.00096720
1773323145.06521225,0.01486865,5650,0.00024544,0.00000000,0,0.00000000,39802,39800,27,0.00185546
1773323145.16513729,0.01512178,5735,0.00017466,0.00000000,0,0.00000000,39800,39806,25,0.00086698
1773323145.26549745,0.01122881,5771,0.00008890,0.00000000,0,0.00000000,39806,39808,24,0.00280043
1773323145.36525989,0.01257859,5837,0.00009685,0.00000000,0,0.00000000,39808,39815,22,0.00109989
1773323145.46534777,0.02523555,5892,0.00027143,0.00000000,0,0.00000000,39815,39815,16,0.00316675
1773323145.56447458,0.02300477,5927,0.00051056,0.00000000,0,0.00000000,39815,39817,28,0.00096720
1773323145.66518307,0.02620025,6043,0.00088379,0.00000000,0,0.00000000,39817,39820,32,0.00292556
1773323145.76515913,0.02805693,6082,0.00030807,0.00000000,0,0.00000000,39820,39825,22,0.00088477
1773323145.86522293,0.01687733,6105,0.00022611,0.00000000,0,0.00000000,39825,39803,35,0.00132500
1773323145.96446514,0.02742355,6189,0.00045347,0.00000000,0,0.00000000,39803,39767,25,0.00122672
1773323146.06444216,0.02346593,6229,0.00033067,0.00000000,0,0.00000000,39767,39768,28,0.00347527
1773323146.16531301,0.02148274,6179,0.00030009,0.00000000,0,0.00000000,39768,39777,25,0.00235404
1773323146.26520467,0.01893169,6203,0.00029750,0.00000000,0,0.00000000,39777,39781,32,0.00296210
1773323146.36440825,0.01867443,6255,0.00010394,0.00000000,0,0.00000000,39781,39774,24,0.00088750
1773323146.46532440,0.02106486,6217,0.00013572,0.00000000,0,0.00000000,39774,39783,39,0.00259330
1773323146.56452727,0.02309272,6325,0.00008784,0.00000000,0,0.00000000,39783,39778,22,0.00186178
1773323146.66533828,0.02864276,6307,0.00020993,0.00000000,0,0.00000000,39778,39772,38,0.00294745
1773323146.76530671,0.02662849,6286,0.00070189,0.00000000,0,0.00000000,39772,39776,39,0.00237326
1773323146.86533117,0.03095929,6288,0.00045235,0.00000000,0,0.00000000,39776,39787,37,0.00311530
1773323146.96532512,0.02613401,6295,0.00043803,0.00000000,0,0.00000000,39787,39788,34,0.00294786
1773323147.06541228,0.02328909,6270,0.00032614,0.00000000,0,0.00000000,39788,39789,29,0.00424351
1773323147.16536260,0.02108062,6339,0.00030598,0.00000000,0,0.00000000,39789,39793,39,0.00305114
1773323147.26544118,0.02434619,6267,0.00009758,0.00000000,0,0.00000000,39793,39783,23,0.00371566
1773323147.36463594,0.02753521,6338,0.00011803,0.00000000,0,0.00000000,39783,39782,33,0.00087624
1773323147.46464205,0.02713631,6318,0.00051018,0.00000000,0,0.00000000,39782,39781,37,0.00125247
1773323147.56458521,0.03770940,6314,0.00027330,0.00000000,0,0.00000000,39781,39785,29,0.00369952
1773323147.66461420,0.01836457,6299,0.00014981,0.00000000,0,0.00000000,39785,39785,36,0.00314989
1773323147.76468182,0.03048654,6270,0.00044443,0.00000000,0,0.00000000,39785,39773,36,0.00300346
1773323147.86468744,0.02584505,6275,0.00012371,0.00000000,0,0.00000000,39773,39777,44,0.00118446
1773323147.96469665,0.01774970,6293,0.00009275,0.00000000,0,0.00000000,39777,39778,29,0.00174766
1773323148.06469274,0.01774188,6306,0.00020957,0.00000000,0,0.00000000,39778,39782,38,0.00450396
1773323148.16474271,0.01768724,6255,0.00018036,0.00000000,0,0.00000000,39782,39774,31,0.00307531
1773323148.26457310,0.01869641,6313,0.00020293,0.00000000,0,0.00000000,39774,39759,33,0.00120632
1773323148.36468196,0.01963311,6301,0.00010454,0.00000000,0,0.00000000,39759,39762,37,0.00225285
1773323148.46475124,0.01883096,6314,0.00011429,0.00000000,0,0.00000000,39762,39769,34,0.00097352
1773323148.56470561,0.01726734,6292,0.00009948,0.00000000,0,0.00000000,39769,39783,40,0.00105097
1773323148.66474271,0.02206767,6295,0.00015454,0.00000000,0,0.00000000,39783,39783,37,0.00280508
1773323148.76482511,0.03232675,6227,0.00020842,0.00000000,0,0.00000000,39783,39774,40,0.00116124
1773323148.86495042,0.03221340,6301,0.00048341,0.00000000,0,0.00000000,39774,39771,35,0.00183178
1773323148.96458149,0.02605064,6271,0.00053565,0.00000000,0,0.00000000,39771,39775,43,0.00161091
1773323149.06469703,0.02879650,6296,0.00045141,0.00000000,0,0.00000000,39775,39781,38,0.00200080
1773323149.16464710,0.02248912,6288,0.00036817,0.00000000,0,0.00000000,39781,39779,25,0.00151096
1773323149.26459146,0.02465380,6319,0.00032958,0.00000000,0,0.00000000,39779,39782,40,0.00125842
1773323149.36470246,0.02126138,6289,0.00009213,0.00000000,0,0.00000000,39782,39786,34,0.00114099
1773323149.46466684,0.02538889,6294,0.00023898,0.00000000,0,0.00000000,39786,39792,42,0.00135767
1773323149.56474853,0.04050428,6312,0.00060030,0.00000000,0,0.00000000,39792,39794,36,0.00268662
1773323149.66474938,0.02000523,6278,0.00026058,0.00000000,0,0.00000000,39794,39772,39,0.00264361
1773323149.76439285,0.03193360,6278,0.00043800,0.00000000,0,0.00000000,39772,39770,37,0.00253548
1773323149.86482024,0.01794929,6293,0.00015640,0.00000000,0,0.00000000,39770,39771,50,0.00267728
1773323149.96487999,0.01755919,6336,0.00011107,0.00000000,0,0.00000000,39771,39780,42,0.00186390
1773323150.06469703,0.01736163,6322,0.00010677,0.00000000,0,0.00000000,39780,39788,39,0.00151891
1773323150.16467714,0.01747442,6302,0.00012396,0.00000000,0,0.00000000,39788,39793,32,0.00196810
1773323150.26443696,0.02118514,6293,0.00023199,0.00000000,0,0.00000000,39793,39797,37,0.00196116
1773323150.36417961,0.01703137,6374,0.00012417,0.00000000,0,0.00000000,39797,39802,38,0.00108638
1773323150.46476460,0.01541157,6289,0.00074509,0.00000000,0,0.00000000,39802,39799,54,0.00242664
1773323150.56446338,0.01439461,6304,0.00014522,0.00000000,0,0.00000000,39799,39810,47,0.00094421
1773323150.66445923,0.01995799,6334,0.00018965,0.00000000,0,0.00000000,39810,39800,47,0.00117285
1773323150.76443672,0.01601661,6309,0.00008207,0.00000000,0,0.00000000,39800,39806,21,0.00095635
1773323150.86447597,0.02980847,6317,0.00047408,0.00000000,0,0.00000000,39806,39811,41,0.00123993
1773323150.96452522,0.02187981,6304,0.00006860,0.00000000,0,0.00000000,39811,39814,26,0.00110683
1773323151.06452799,0.03171714,6358,0.00016542,0.00000000,0,0.00000000,39814,39815,35,0.00266070
1773323151.16465044,0.03018630,6296,0.00016635,0.00000000,0,0.00000000,39815,39821,35,0.00130929
1773323151.26452994,0.03104295,6300,0.00076125,0.00000000,0,0.00000000,39821,39833,46,0.00299845
1773323151.36443925,0.03007181,6304,0.00050644,0.00000000,0,0.00000000,39833,39836,33,0.00298070
1773323151.46447396,0.02459448,6314,0.00049276,0.00000000,0,0.00000000,39836,39848,30,0.00225073
1773323151.56455779,0.03009030,6326,0.00087118,0.00000000,0,0.00000000,39848,39855,40,0.00319846
1773323151.66455173,0.03073225,6292,0.00011531,0.00000000,0,0.00000000,39855,39860,25,0.00394489
1773323151.76441932,0.01783965,6375,0.00046665,0.00000000,0,0.00000000,39860,39860,23,0.00267422
1773323151.86458898,0.03228224,6313,0.00033926,0.00000000,0,0.00000000,39860,39866,28,0.00164583
1773323151.96439767,0.02076544,6331,0.00015461,0.00000000,0,0.00000000,39866,39871,34,0.00214266
1773323152.06468940,0.01587313,6301,0.00006068,0.00000000,0,0.00000000,39871,39876,22,0.00305420
1773323152.16454744,0.01537678,6336,0.00011119,0.00000000,0,0.00000000,39876,39873,23,0.00239414
1773323152.26450467,0.01825689,6293,0.00023312,0.00000000,0,0.00000000,39873,39873,26,0.00273982
1773323152.36434555,0.01525673,6368,0.00015159,0.00000000,0,0.00000000,39873,39880,36,0.00117042
1773323152.46454334,0.01688747,6334,0.00017318,0.00000000,0,0.00000000,39880,39881,28,0.00183422
1773323152.56456995,0.01408154,6321,0.00011341,0.00000000,0,0.00000000,39881,39874,27,0.00101461
1773323152.66441631,0.01892680,6360,0.00037193,0.00000000,0,0.00000000,39874,39871,29,0.00102865
1773323152.76447129,0.02006200,6342,0.00010972,0.00000000,0,0.00000000,39871,39852,27,0.00132306
1773323152.86449718,0.01761719,6354,0.00036658,0.00000000,0,0.00000000,39852,39856,44,0.00093992
1773323152.96447229,0.01618360,6342,0.00013289,0.00000000,0,0.00000000,39856,39863,32,0.00131538
1773323153.06451464,0.01526564,6319,0.00020088,0.00000000,0,0.00000000,39863,39860,24,0.00233123
1773323153.16456699,0.01644027,6316,0.00008888,0.00000000,0,0.00000000,39860,39870,29,0.00114379
1773323153.26459074,0.01486066,6338,0.00020313,0.00000000,0,0.00000000,39870,39877,34,0.00095302
1773323153.36455917,0.01586537,6329,0.00019136,0.00000000,0,0.00000000,39877,39881,46,0.00266893
1773323153.46456647,0.01562583,6315,0.00014843,0.00000000,0,0.00000000,39881,39884,37,0.00110736
1773323153.56460786,0.03168935,6362,0.00082915,0.00000000,0,0.00000000,39884,39839,34,0.00107887
1773323153.66458321,0.03533231,6346,0.00021904,0.00000000,0,0.00000000,39839,39849,45,0.00092612
1773323153.76474333,0.02460130,6315,0.00031546,0.00000000,0,0.00000000,39849,39856,39,0.00094976
1773323153.86459708,0.02686471,6347,0.00017165,0.00000000,0,0.00000000,39856,39865,45,0.00115437
1773323153.96464682,0.01662020,6301,0.00007296,0.00000000,0,0.00000000,39865,39869,24,0.00091459
1773323154.06473565,0.02071300,6269,0.00019696,0.00000000,0,0.00000000,39869,39872,33,0.00118937
1773323154.16460919,0.01541654,6303,0.00011299,0.00000000,0,0.00000000,39872,39866,30,0.00095620
1773323154.26457977,0.01842163,6314,0.00027603,0.00000000,0,0.00000000,39866,39874,25,0.00118438
1773323154.36458492,0.01302097,6301,0.00011165,0.00000000,0,0.00000000,39874,39877,25,0.00107023
1773323154.46464777,0.01509216,6293,0.00018005,0.00000000,0,0.00000000,39877,39865,29,0.00090469
1773323154.56456399,0.01516774,6300,0.00011633,0.00000000,0,0.00000000,39865,39858,26,0.00090689
1773323154.66456890,0.02594848,6270,0.00030417,0.00000000,0,0.00000000,39858,39858,26,0.00269436
1773323154.76462293,0.02766314,6293,0.00035184,0.00000000,0,0.00000000,39858,39861,28,0.00097169
1773323154.86461139,0.02538964,6297,0.00029730,0.00000000,0,0.00000000,39861,39858,27,0.00164136
1773323154.96463418,0.02051691,6307,0.00028429,0.00000000,0,0.00000000,39858,39865,30,0.00088871
1773323155.06465936,0.01950950,6304,0.00044513,0.00000000,0,0.00000000,39865,39871,39,0.00263289
1773323155.16470838,0.01850218,6295,0.00028950,0.00000000,0,0.00000000,39871,39862,27,0.00313580
1773323155.26477289,0.02083368,6279,0.00013347,0.00000000,0,0.00000000,39862,39868,35,0.00089294
1773323155.36479497,0.02479525,6268,0.00013410,0.00000000,0,0.00000000,39868,39864,35,0.00117732
1773323155.46460009,0.03397131,6286,0.00036731,0.00000000,0,0.00000000,39864,39862,25,0.00245414
1773323155.56463313,0.03073517,6277,0.00037573,0.00000000,0,0.00000000,39862,39860,27,0.00226350
1773323155.66466808,0.02014509,6194,0.00042282,0.00000000,0,0.00000000,39860,39839,32,0.00281863
1773323155.76468873,0.02692250,6203,0.00025317,0.00000000,0,0.00000000,39839,39842,26,0.00313206
1773323155.86471510,0.02044526,6224,0.00016710,0.00000000,0,0.00000000,39842,39843,37,0.00256256
1773323155.96484828,0.01797260,6212,0.00009220,0.00000000,0,0.00000000,39843,39845,24,0.00283128
1773323156.06485963,0.01832418,6160,0.00009343,0.00000000,0,0.00000000,39845,39837,38,0.00312722
1773323156.16490555,0.01759551,6201,0.00012586,0.00000000,0,0.00000000,39837,39837,36,0.00147867
1773323156.26486278,0.01720074,6090,0.00031380,0.00000000,0,0.00000000,39837,39837,33,0.00154008
1773323156.36472964,0.01634409,6141,0.00011735,0.00000000,0,0.00000000,39837,39846,35,0.00292197
1773323156.46473193,0.01527044,6108,0.00017830,0.00000000,0,0.00000000,39846,39851,35,0.00086700
1773323156.56479025,0.01373666,6152,0.00010825,0.00000000,0,0.00000000,39851,39849,45,0.00078994
1773323156.66477799,0.01563327,6094,0.00023453,0.00000000,0,0.00000000,39849,39831,31,0.00077775
1773323156.76491880,0.02108826,6150,0.00032288,0.00000000,0,0.00000000,39831,39834,31,0.00163339
1773323156.86494637,0.03052080,6089,0.00036349,0.00000000,0,0.00000000,39834,39828,27,0.00087373
1773323156.96483564,0.02253857,6145,0.00046926,0.00000000,0,0.00000000,39828,39833,42,0.00141402
1773323157.06485891,0.02049978,6119,0.00008846,0.00000000,0,0.00000000,39833,39839,26,0.00126709
1773323157.16500711,0.02474267,6099,0.00032257,0.00000000,0,0.00000000,39839,39839,27,0.00105964
1773323157.26489735,0.02524385,6059,0.00010646,0.00000000,0,0.00000000,39839,39840,27,0.00120343
1773323157.36518264,0.02589383,6081,0.00013836,0.00000000,0,0.00000000,39840,39838,29,0.00309980
1773323157.46489143,0.02942050,6053,0.00058531,0.00000000,0,0.00000000,39838,39842,38,0.00247481
1773323157.56488991,0.03768571,6065,0.00060235,0.00000000,0,0.00000000,39842,39851,51,0.00357577
1773323157.66487694,0.01867533,6046,0.00020261,0.00000000,0,0.00000000,39851,39849,37,0.00260662
1773323157.76499820,0.03142905,6013,0.00056014,0.00000000,0,0.00000000,39849,39857,48,0.00380121
1773323157.86503983,0.02472531,6016,0.00031325,0.00000000,0,0.00000000,39857,39865,38,0.00340667
1773323157.96492982,0.02057037,6065,0.00018488,0.00000000,0,0.00000000,39865,39869,39,0.00488797
1773323158.06494474,0.01767420,6100,0.00015704,0.00000000,0,0.00000000,39869,39874,36,0.00108803
1773323158.16502762,0.02190459,6069,0.00009475,0.00000000,0,0.00000000,39874,39882,37,0.00091112
1773323158.26496363,0.02001108,6084,0.00044505,0.00000000,0,0.00000000,39882,39885,32,0.00362732
1773323158.36504579,0.01977039,6145,0.00010154,0.00000000,0,0.00000000,39885,39897,45,0.00125812
1773323158.46507287,0.01930592,6145,0.00011910,0.00000000,0,0.00000000,39897,39902,36,0.00140095
1773323158.56504822,0.01810479,6131,0.00013854,0.00000000,0,0.00000000,39902,39911,42,0.00147339
1773323158.66513133,0.01852935,6167,0.00013404,0.00000000,0,0.00000000,39911,39911,42,0.00102839
1773323158.76517987,0.02565950,6085,0.00036826,0.00000000,0,0.00000000,39911,39916,35,0.00103926
1773323158.86516619,0.02821287,6169,0.00043687,0.00000000,0,0.00000000,39916,39924,36,0.00124915
1773323158.96511626,0.02270311,6114,0.00030198,0.00000000,0,0.00000000,39924,39916,35,0.00121081
1773323159.06503320,0.02427165,6128,0.00044275,0.00000000,0,0.00000000,39916,39921,41,0.00120348
1773323159.16504645,0.02337783,6165,0.00056511,0.00000000,0,0.00000000,39921,39924,45,0.00281601
1773323159.26513767,0.02770765,6129,0.00012699,0.00000000,0,0.00000000,39924,39930,24,0.00191288
1773323159.36517453,0.03027315,6176,0.00018536,0.00000000,0,0.00000000,39930,39924,36,0.00470810
1773323159.46516728,0.03099804,6166,0.00044284,0.00000000,0,0.00000000,39924,39927,39,0.00282214
1773323159.56521916,0.04034728,6221,0.00017562,0.00000000,0,0.00000000,39927,39919,46,0.00309813
1773323159.66524673,0.01856358,6195,0.00021760,0.00000000,0,0.00000000,39919,39924,33,0.00432523
1773323159.76514626,0.03305043,6268,0.00040239,0.00000000,0,0.00000000,39924,39928,48,0.00296880
1773323159.86526203,0.02163691,6257,0.00014888,0.00000000,0,0.00000000,39928,39930,30,0.00354097
1773323159.96531200,0.02283526,6256,0.00013038,0.00000000,0,0.00000000,39930,39915,44,0.00254388
1773323160.06513906,0.02144816,6250,0.00010890,0.00000000,0,0.00000000,39915,39920,43,0.00251219
1773323160.16516137,0.02077174,6248,0.00024266,0.00000000,0,0.00000000,39920,39874,42,0.00209150
1773323160.26525545,0.01973153,6291,0.00015431,0.00000000,0,0.00000000,39874,39868,45,0.00109416
1773323160.36531067,0.01888195,6268,0.00009223,0.00000000,0,0.00000000,39868,39869,43,0.00149716
1773323160.46526098,0.01774661,6317,0.00008617,0.00000000,0,0.00000000,39869,39873,36,0.00163109
1773323160.56532049,0.01774662,6265,0.00013456,0.00000000,0,0.00000000,39873,39863,54,0.00079112
1773323160.66533518,0.02215130,6275,0.00009783,0.00000000,0,0.00000000,39863,39868,41,0.00120978
1773323160.76523685,0.01781256,6328,0.00011379,0.00000000,0,0.00000000,39868,39867,42,0.00139577
1773323160.86570287,0.02624582,6294,0.00021297,0.00000000,0,0.00000000,39867,39876,39,0.00253120
1773323160.96528029,0.03171948,6306,0.00014547,0.00000000,0,0.00000000,39876,39882,37,0.00216092
1773323161.06531048,0.03074899,6296,0.00061354,0.00000000,0,0.00000000,39882,39891,47,0.00134036
1773323161.16529584,0.03069149,6283,0.00043183,0.00000000,0,0.00000000,39891,39895,46,0.00203916
1773323161.26527572,0.03151634,6315,0.00037549,0.00000000,0,0.00000000,39895,39902,34,0.00333071
1773323161.36533976,0.03207412,6302,0.00048649,0.00000000,0,0.00000000,39902,39902,41,0.00291328
1773323161.46536613,0.02570702,6291,0.00046944,0.00000000,0,0.00000000,39902,39898,37,0.00273845
1773323161.56543779,0.03630886,6282,0.00062973,0.00000000,0,0.00000000,39898,39885,38,0.00182218
1773323161.66542840,0.02911900,6278,0.00070288,0.00000000,0,0.00000000,39885,39885,53,0.00275965
1773323161.76547146,0.02776879,6279,0.00038861,0.00000000,0,0.00000000,39885,39888,31,0.00215864
1773323161.86546636,0.02557681,6283,0.00019198,0.00000000,0,0.00000000,39888,39888,38,0.00303297
1773323161.96540141,0.01860260,6313,0.00013202,0.00000000,0,0.00000000,39888,39889,49,0.00200028
1773323162.06534147,0.01885286,6288,0.00010165,0.00000000,0,0.00000000,39889,39889,39,0.00319240
1773323162.16539812,0.01997841,6302,0.00024742,0.00000000,0,0.00000000,39889,39886,40,0.00231366
1773323162.26541305,0.01904643,6305,0.00011765,0.00000000,0,0.00000000,39886,39894,41,0.00303679
1773323162.36546206,0.01837467,6310,0.00014805,0.00000000,0,0.00000000,39894,39902,49,0.00112961
1773323162.46546197,0.01917138,6296,0.00018228,0.00000000,0,0.00000000,39902,39899,41,0.00252150
1773323162.56555605,0.01775941,6305,0.00013967,0.00000000,0,0.00000000,39899,39892,48,0.00098979
1773323162.66555023,0.01946336,6292,0.00012521,0.00000000,0,0.00000000,39892,39889,37,0.00116277
1773323162.76556253,0.01654345,6295,0.00015537,0.00000000,0,0.00000000,39889,39872,44,0.00212834
1773323162.86560988,0.02894312,6312,0.00056059,0.00000000,0,0.00000000,39872,39860,38,0.00137828
1773323162.96553183,0.02206975,6297,0.00011714,0.00000000,0,0.00000000,39860,39862,42,0.00225336
1773323163.06552196,0.02798281,6323,0.00047671,0.00000000,0,0.00000000,39862,39871,38,0.00129596
1773323163.16559315,0.02984457,6269,0.00046505,0.00000000,0,0.00000000,39871,39875,36,0.00157056
1773323163.26558328,0.03175011,6283,0.00035030,0.00000000,0,0.00000000,39875,39875,34,0.00227508
1773323163.36559558,0.03567776,6302,0.00073093,0.00000000,0,0.00000000,39875,39883,51,0.00308487
1773323163.46560359,0.02808988,6313,0.00045308,0.00000000,0,0.00000000,39883,39872,40,0.00260257
1773323163.56574345,0.03600746,6253,0.00051646,0.00000000,0,0.00000000,39872,39870,38,0.00236669
1773323163.66548991,0.02197703,6293,0.00014637,0.00000000,0,0.00000000,39870,39876,34,0.00301197
1773323163.76560998,0.02442373,6298,0.00035042,0.00000000,0,0.00000000,39876,39876,38,0.00156298
1773323163.86554575,0.02782717,6294,0.00019090,0.00000000,0,0.00000000,39876,39877,38,0.00316097
1773323163.96566534,0.01905637,6281,0.00018917,0.00000000,0,0.00000000,39877,39878,54,0.00377189
1773323164.06561327,0.01546781,6240,0.00030361,0.00000000,0,0.00000000,39878,39879,50,0.00314794
1773323164.16541433,0.01649950,6314,0.00012055,0.00000000,0,0.00000000,39879,39875,40,0.00215954
1773323164.26565886,0.01567317,6290,0.00018254,0.00000000,0,0.00000000,39875,39861,37,0.00398707
1773323164.36553311,0.01356315,6330,0.00016522,0.00000000,0,0.00000000,39861,39859,40,0.00262630
1773323164.46577573,0.01892088,6242,0.00035389,0.00000000,0,0.00000000,39859,39856,46,0.00299994
1773323164.56554461,0.01600044,6307,0.00015484,0.00000000,0,0.00000000,39856,39866,37,0.00091614
1773323164.66572285,0.02123273,6284,0.00009036,0.00000000,0,0.00000000,39866,39869,42,0.00125615
1773323164.76568723,0.01977257,6267,0.00009725,0.00000000,0,0.00000000,39869,39869,43,0.00080038
1773323164.86548972,0.01742709,6283,0.00012056,0.00000000,0,0.00000000,39869,39862,40,0.00125269
1773323164.96562219,0.01953802,6282,0.00011026,0.00000000,0,0.00000000,39862,39865,43,0.00117603
1773323165.06554651,0.02716996,6270,0.00025289,0.00000000,0,0.00000000,39865,39859,47,0.00152955
1773323165.16561747,0.03221155,6290,0.00014663,0.00000000,0,0.00000000,39859,39865,37,0.00160615
1773323165.26555872,0.03644692,6294,0.00010671,0.00000000,0,0.00000000,39865,39868,36,0.00124690
1773323165.36568689,0.03156143,6275,0.00053203,0.00000000,0,0.00000000,39868,39860,49,0.00119169
1773323165.46559739,0.03513183,6286,0.00100554,0.00000000,0,0.00000000,39860,39858,49,0.00273893
1773323165.56570625,0.03767974,6260,0.00014852,0.00000000,0,0.00000000,39858,39858,45,0.00244628
1773323165.66564226,0.02066494,6298,0.00056053,0.00000000,0,0.00000000,39858,39861,42,0.00253169
1773323165.76570511,0.03247201,6301,0.00022995,0.00000000,0,0.00000000,39861,39859,46,0.00223736
1773323165.86573315,0.02316845,6288,0.00022373,0.00000000,0,0.00000000,39859,39863,47,0.00185464
1773323165.96574807,0.02434767,6283,0.00025838,0.00000000,0,0.00000000,39863,39842,38,0.00285506
1773323166.06577039,0.02215345,6262,0.00026637,0.00000000,0,0.00000000,39842,39844,36,0.00177398
1773323166.16451788,0.01876701,6329,0.00012288,0.00000000,0,0.00000000,39844,39844,40,0.00261700
1773323166.26655388,0.02259686,6282,0.00015159,0.00000000,0,0.00000000,39844,39847,48,0.00104376
1773323166.36576128,0.02164664,6263,0.00039996,0.00000000,0,0.00000000,39847,39850,50,0.00312533
1773323166.46452188,0.01851993,6273,0.00011513,0.00000000,0,0.00000000,39850,39856,44,0.00190973
1773323166.56565928,0.01985960,6288,0.00011729,0.00000000,0,0.00000000,39856,39865,57,0.00189091
1773323166.66608834,0.02115333,6277,0.00010252,0.00000000,0,0.00000000,39865,39860,39,0.00120183
1773323166.76583791,0.01926119,6286,0.00010806,0.00000000,0,0.00000000,39860,39871,37,0.00206140
1773323166.86573911,0.02866421,6280,0.00058223,0.00000000,0,0.00000000,39871,39873,51,0.00113442
1773323166.96586514,0.03871753,6281,0.00036223,0.00000000,0,0.00000000,39873,39878,38,0.00130539
1773323167.06582165,0.03442286,6257,0.00061788,0.00000000,0,0.00000000,39878,39885,52,0.00098681
1773323167.16464019,0.03085488,6289,0.00048282,0.00000000,0,0.00000000,39885,39880,34,0.00118373
1773323167.26463914,0.03063804,6282,0.00052394,0.00000000,0,0.00000000,39880,39884,40,0.00102067
1773323167.36582589,0.03075123,6284,0.00023324,0.00000000,0,0.00000000,39884,39874,44,0.00199231
1773323167.46581817,0.04152985,6279,0.00062252,0.00000000,0,0.00000000,39874,39880,42,0.00233148
1773323167.56583738,0.02709146,6268,0.00027829,0.00000000,0,0.00000000,39880,39872,51,0.00282094
1773323167.66582704,0.02323593,6273,0.00047916,0.00000000,0,0.00000000,39872,39875,41,0.00275057
1773323167.76613474,0.02840151,6287,0.00017865,0.00000000,0,0.00000000,39875,39878,46,0.00287650
1773323167.86590672,0.01634745,6247,0.00019321,0.00000000,0,0.00000000,39878,39866,43,0.00204606
1773323167.96471930,0.01827216,6270,0.00018425,0.00000000,0,0.00000000,39866,39872,49,0.00310457
1773323168.06473470,0.01537080,6238,0.00008851,0.00000000,0,0.00000000,39872,39869,31,0.00396820
1773323168.16598010,0.01589949,6242,0.00012614,0.00000000,0,0.00000000,39869,39881,52,0.00131852
1773323168.26601315,0.01633419,6218,0.00014634,0.00000000,0,0.00000000,39881,39883,32,0.00104895
1773323168.36598158,0.01430677,6199,0.00010495,0.00000000,0,0.00000000,39883,39882,35,0.00220618
1773323168.46478844,0.01500845,6274,0.00016536,0.00000000,0,0.00000000,39882,39888,39,0.00232491
1773323168.56598377,0.01865531,6208,0.00017040,0.00000000,0,0.00000000,39888,39894,43,0.00087147
1773323168.66474056,0.01880145,6200,0.00010350,0.00000000,0,0.00000000,39894,39898,43,0.00081433
1773323168.76601171,0.02588302,6146,0.00047664,0.00000000,0,0.00000000,39898,39900,42,0.00148253
1773323168.86597919,0.02862984,6092,0.00040387,0.00000000,0,0.00000000,39900,39911,42,0.00089225
1773323168.96475530,0.02331205,6123,0.00038528,0.00000000,0,0.00000000,39911,39903,40,0.00128557
1773323169.06479073,0.02824615,6107,0.00061122,0.00000000,0,0.00000000,39903,39893,44,0.00128198
1773323169.16484904,0.02301833,6134,0.00014561,0.00000000,0,0.00000000,39893,39897,42,0.00141548
1773323169.26488781,0.02712270,6156,0.00015488,0.00000000,0,0.00000000,39897,39891,34,0.00238251
1773323169.36486006,0.02913137,6196,0.00037172,0.00000000,0,0.00000000,39891,39894,40,0.00231229
1773323169.46484327,0.03247784,6229,0.00068180,0.00000000,0,0.00000000,39894,39894,35,0.00274270
1773323169.56492949,0.02414993,6282,0.00038264,0.00000000,0,0.00000000,39894,39899,35,0.00275475
1773323169.66489267,0.03069499,6299,0.00010143,0.00000000,0,0.00000000,39899,39904,36,0.00437934
1773323169.76608896,0.03492219,6265,0.00042962,0.00000000,0,0.00000000,39904,39908,37,0.00239878
1773323169.86479425,0.02646151,6277,0.00037835,0.00000000,0,0.00000000,39908,39908,41,0.00376245
1773323169.96480656,0.03036205,6242,0.00016613,0.00000000,0,0.00000000,39908,39914,57,0.00117517
1773323170.06438160,0.03023281,6318,0.00052332,0.00000000,0,0.00000000,39914,39912,46,0.00276849
1773323170.16496110,0.02724783,6267,0.00014181,0.00000000,0,0.00000000,39912,39914,47,0.00121139
1773323170.26495934,0.03328224,6244,0.00043650,0.00000000,0,0.00000000,39914,39917,37,0.00280018
1773323170.36440134,0.02329736,6304,0.00048316,0.00000000,0,0.00000000,39917,39926,36,0.00203839
1773323170.46442556,0.03038191,6293,0.00010787,0.00000000,0,0.00000000,39926,39930,33,0.00274417
1773323170.56478977,0.03094742,6281,0.00039470,0.00000000,0,0.00000000,39930,39931,42,0.00214536
1773323170.66481781,0.02765353,6283,0.00035120,0.00000000,0,0.00000000,39931,39940,48,0.00224318
1773323170.76482153,0.03656434,6278,0.00070447,0.00000000,0,0.00000000,39940,39943,49,0.00207199
1773323170.86483240,0.03229282,6280,0.00071464,0.00000000,0,0.00000000,39943,39947,54,0.00169319
1773323170.96492815,0.02832817,6239,0.00052035,0.00000000,0,0.00000000,39947,39954,49,0.00108041
1773323171.06443214,0.03023582,6281,0.00050746,0.00000000,0,0.00000000,39954,39950,34,0.00191598
1773323171.16443062,0.02859272,6278,0.00014989,0.00000000,0,0.00000000,39950,39951,43,0.00138735
1773323171.26445651,0.03032321,6269,0.00061607,0.00000000,0,0.00000000,39951,39944,38,0.00159940
1773323171.36450696,0.03272535,6241,0.00043348,0.00000000,0,0.00000000,39944,39944,40,0.00262056
1773323171.46443415,0.02927682,6279,0.00049836,0.00000000,0,0.00000000,39944,39945,51,0.00204487
1773323171.56447053,0.04773256,6258,0.00028765,0.00000000,0,0.00000000,39945,39938,39,0.00303182
1773323171.66449833,0.01892864,6240,0.00040483,0.00000000,0,0.00000000,39938,39944,42,0.00276532
1773323171.76437521,0.03424722,6276,0.00049380,0.00000000,0,0.00000000,39944,39953,51,0.00129852
1773323171.86435819,0.02176026,6293,0.00011965,0.00000000,0,0.00000000,39953,39946,43,0.00274343
1773323171.96493077,0.02058087,6252,0.00019884,0.00000000,0,0.00000000,39946,39955,40,0.00208764
1773323172.06444383,0.02431999,6301,0.00019150,0.00000000,0,0.00000000,39955,39962,47,0.00184757
1773323172.16451430,0.02161277,6269,0.00008920,0.00000000,0,0.00000000,39962,39959,41,0.00252286
1773323172.26452827,0.01791525,6263,0.00013178,0.00000000,0,0.00000000,39959,39958,45,0.00091118
1773323172.36457300,0.01808489,6260,0.00040896,0.00000000,0,0.00000000,39958,39961,53,0.00298520
1773323172.46439648,0.02154226,6261,0.00009570,0.00000000,0,0.00000000,39961,39963,44,0.00123709
1773323172.56441808,0.01982972,6270,0.00012391,0.00000000,0,0.00000000,39963,39961,39,0.00121642
1773323172.66445827,0.02167483,6282,0.00010500,0.00000000,0,0.00000000,39961,39966,50,0.00171313
1773323172.76446867,0.01781337,6268,0.00013955,0.00000000,0,0.00000000,39966,39974,54,0.00077011
1773323172.86446929,0.01877506,6303,0.00017596,0.00000000,0,0.00000000,39974,39972,53,0.00156096
1773323172.96450162,0.02591795,6267,0.00016021,0.00000000,0,0.00000000,39972,39973,44,0.00106643
1773323173.06452060,0.01880589,6266,0.00011613,0.00000000,0,0.00000000,39973,39977,48,0.00137163
1773323173.16453528,0.02005035,6234,0.00017839,0.00000000,0,0.00000000,39977,39985,50,0.00139294
1773323173.26440859,0.02050679,6313,0.00016515,0.00000000,0,0.00000000,39985,39984,67,0.00101581
1773323173.36452007,0.01868326,6278,0.00018547,0.00000000,0,0.00000000,39984,39985,61,0.00201355
1773323173.46453810,0.03660690,6276,0.00048375,0.00000000,0,0.00000000,39985,39988,37,0.00087195
1773323173.56452060,0.03519794,6289,0.00023801,0.00000000,0,0.00000000,39988,39992,45,0.00133206
1773323173.66458273,0.02762769,6287,0.00058458,0.00000000,0,0.00000000,39992,39988,43,0.00102960
1773323173.76455879,0.02583005,6273,0.00012196,0.00000000,0,0.00000000,39988,39990,43,0.00096096
1773323173.86454248,0.01974287,6273,0.00016406,0.00000000,0,0.00000000,39990,39982,44,0.00114360
1773323173.96443033,0.01676420,6269,0.00015919,0.00000000,0,0.00000000,39982,39985,44,0.00088935
1773323174.06443357,0.01974552,6262,0.00013781,0.00000000,0,0.00000000,39985,39982,45,0.00092872
1773323174.16454864,0.01561276,6293,0.00008736,0.00000000,0,0.00000000,39982,39982,42,0.00084743
1773323174.26464391,0.02042600,6260,0.00017671,0.00000000,0,0.00000000,39982,39974,73,0.00247160
1773323174.36445117,0.01733093,6301,0.00007340,0.00000000,0,0.00000000,39974,39977,37,0.00274672
1773323174.46448231,0.01851928,6293,0.00013667,0.00000000,0,0.00000000,39977,39980,48,0.00206819
1773323174.56453991,0.01653661,6272,0.00019448,0.00000000,0,0.00000000,39980,39982,44,0.00120736
1773323174.66455173,0.03522481,6301,0.00040414,0.00000000,0,0.00000000,39982,39985,38,0.00108790
1773323174.76463842,0.08362375,6277,0.00436651,0.00000000,0,0.00000000,39985,39987,44,0.00200336
1773323174.86465192,0.05657667,6288,0.00030854,0.00000000,0,0.00000000,39987,39975,48,0.00109546
1773323174.96471620,0.03216917,6269,0.00055124,0.00000000,0,0.00000000,39975,39959,44,0.00151975
1773323175.06456280,0.03449005,6289,0.00042290,0.00000000,0,0.00000000,39959,39961,37,0.00260861
1773323175.16466451,0.04244546,6284,0.00055515,0.00000000,0,0.00000000,39961,39958,41,0.00311980
1773323175.26462364,0.02158667,6283,0.00025658,0.00000000,0,0.00000000,39958,39959,43,0.00138681
1773323175.36467242,0.03319193,6291,0.00053889,0.00000000,0,0.00000000,39959,39958,42,0.00118982
1773323175.46472645,0.03932535,6257,0.00070811,0.00000000,0,0.00000000,39958,39968,44,0.00343976
1773323175.56471324,0.03864856,6264,0.00048544,0.00000000,0,0.00000000,39968,39975,40,0.00278439
1773323175.66474986,0.02254668,6241,0.00041992,0.00000000,0,0.00000000,39975,39980,38,0.00176736
1773323175.76459742,0.02668518,6266,0.00023097,0.00000000,0,0.00000000,39980,39979,42,0.00117467
1773323175.86462665,0.01791148,6231,0.00018627,0.00000000,0,0.00000000,39979,39985,29,0.00274061
1773323175.96469092,0.01745473,6239,0.00009845,0.00000000,0,0.00000000,39985,39984,38,0.00184266
1773323176.06453848,0.01605259,6340,0.00009681,0.00000000,0,0.00000000,39984,39991,43,0.00174117
1773323176.16484737,0.01549039,6203,0.00010685,0.00000000,0,0.00000000,39991,39989,44,0.00120620
1773323176.26471305,0.01530330,6259,0.00017393,0.00000000,0,0.00000000,39989,39982,36,0.00299583
1773323176.36471581,0.01870937,6273,0.00006743,0.00000000,0,0.00000000,39982,39981,33,0.00252741
1773323176.46478891,0.01961291,6237,0.00015051,0.00000000,0,0.00000000,39981,39987,39,0.00322752
1773323176.56480050,0.01847193,6237,0.00013373,0.00000000,0,0.00000000,39987,39962,44,0.00280366
1773323176.66476750,0.01577271,6259,0.00012952,0.00000000,0,0.00000000,39962,39965,41,0.00161101
1773323176.76483297,0.03310059,6251,0.00051331,0.00000000,0,0.00000000,39965,39965,54,0.00124305
1773323176.86481166,0.03045692,6268,0.00034412,0.00000000,0,0.00000000,39965,39964,38,0.00081247
1773323176.96505857,0.03734994,6242,0.00059587,0.00000000,0,0.00000000,39964,39952,44,0.00167176
1773323177.06483006,0.02604746,6249,0.00031039,0.00000000,0,0.00000000,39952,39949,59,0.00092429
1773323177.16480207,0.02814929,6275,0.00014758,0.00000000,0,0.00000000,39949,39949,48,0.00208342
1773323177.26482773,0.02524529,6280,0.00025187,0.00000000,0,0.00000000,39949,39954,52,0.00163413
1773323177.36480093,0.02394565,6235,0.00020590,0.00000000,0,0.00000000,39954,39958,48,0.00138264
1773323177.46484590,0.02271217,6268,0.00021907,0.00000000,0,0.00000000,39958,39962,32,0.00360110
1773323177.56489372,0.02098414,6269,0.00058253,0.00000000,0,0.00000000,39962,39968,46,0.00261379
1773323177.66490650,0.01926473,6229,0.00014090,0.00000000,0,0.00000000,39968,39971,48,0.00199851
1773323177.76498413,0.01863294,6236,0.00015805,0.00000000,0,0.00000000,39971,39971,55,0.00147816
1773323177.86501122,0.01970872,6253,0.00012999,0.00000000,0,0.00000000,39971,39971,30,0.00136165
1773323177.96499705,0.02125540,6259,0.00017371,0.00000000,0,0.00000000,39971,39980,42,0.00096802
1773323178.06505299,0.02108307,6266,0.00058317,0.00000000,0,0.00000000,39980,39982,45,0.00391158
1773323178.16507316,0.02250474,6254,0.00019198,0.00000000,0,0.00000000,39982,39966,40,0.00283978
1773323178.26499772,0.01881780,6248,0.00014945,0.00000000,0,0.00000000,39966,39972,44,0.00244376
1773323178.36496496,0.01944574,6272,0.00024362,0.00000000,0,0.00000000,39972,39971,43,0.00173415
1773323178.46501040,0.01974881,6281,0.00016794,0.00000000,0,0.00000000,39971,39963,50,0.00153014
1773323178.56509590,0.01929240,6267,0.00045690,0.00000000,0,0.00000000,39963,39963,46,0.00179218
1773323178.66514015,0.01893676,6279,0.00011580,0.00000000,0,0.00000000,39963,39966,38,0.00116039
1773323178.76516104,0.01817710,6249,0.00013279,0.00000000,0,0.00000000,39966,39967,43,0.00142447
1773323178.86521196,0.02804067,6231,0.00057793,0.00000000,0,0.00000000,39967,39971,49,0.00114951
1773323178.96503687,0.02900894,6247,0.00066514,0.00000000,0,0.00000000,39971,39972,47,0.00157115
1773323179.06506300,0.03635821,6273,0.00015671,0.00000000,0,0.00000000,39972,39978,39,0.00122501
1773323179.16513109,0.03212831,6277,0.00051019,0.00000000,0,0.00000000,39978,39953,34,0.00114099
1773323179.26515603,0.02755541,6277,0.00061884,0.00000000,0,0.00000000,39953,39942,47,0.00133425
1773323179.36506391,0.03146446,6260,0.00016364,0.00000000,0,0.00000000,39942,39937,42,0.00114706
1773323179.46513486,0.03175814,6314,0.00063787,0.00000000,0,0.00000000,39937,39936,60,0.00245007
1773323179.56520844,0.03349636,6301,0.00018016,0.00000000,0,0.00000000,39936,39936,34,0.00113634
1773323179.66520715,0.02408732,6260,0.00024297,0.00000000,0,0.00000000,39936,39939,39,0.00131794
1773323179.76522350,0.02275984,6239,0.00013295,0.00000000,0,0.00000000,39939,39938,45,0.00264399
1773323179.86512303,0.03004399,6281,0.00062329,0.00000000,0,0.00000000,39938,39944,55,0.00235080
1773323179.96509528,0.02643192,6283,0.00027241,0.00000000,0,0.00000000,39944,39949,65,0.00275820
1773323180.06514668,0.02645447,6314,0.00027390,0.00000000,0,0.00000000,39949,39946,48,0.00349175
1773323180.16534019,0.02358913,6263,0.00015872,0.00000000,0,0.00000000,39946,39948,39,0.00265259
1773323180.26516891,0.02138180,6242,0.00019111,0.00000000,0,0.00000000,39948,39953,52,0.00182554
1773323180.36522174,0.01899315,6287,0.00021130,0.00000000,0,0.00000000,39953,39955,53,0.00147415
1773323180.46522832,0.01832506,6258,0.00011015,0.00000000,0,0.00000000,39955,39949,35,0.00115302
1773323180.56508255,0.01843639,6324,0.00008809,0.00000000,0,0.00000000,39949,39936,38,0.00221456
1773323180.66527534,0.01670949,6265,0.00015574,0.00000000,0,0.00000000,39936,39943,47,0.00167026
1773323180.76527190,0.01593475,6296,0.00006598,0.00000000,0,0.00000000,39943,39948,39,0.00239876
1773323180.86525416,0.01774197,6293,0.00012974,0.00000000,0,0.00000000,39948,39951,42,0.00112878
1773323180.96523547,0.03178590,6307,0.00080882,0.00000000,0,0.00000000,39951,39954,52,0.00168343
1773323181.06528878,0.03693954,6248,0.00059087,0.00000000,0,0.00000000,39954,39957,46,0.00083958
1773323181.16540456,0.03318284,6297,0.00047569,0.00000000,0,0.00000000,39957,39963,41,0.00094074
1773323181.26541114,0.03305326,6230,0.00044031,0.00000000,0,0.00000000,39963,39970,34,0.00092083
1773323181.36524367,0.02761867,6280,0.00038663,0.00000000,0,0.00000000,39970,39972,40,0.00340829
1773323181.46530151,0.03470445,6295,0.00044309,0.00000000,0,0.00000000,39972,39975,38,0.00155747
1773323181.56533504,0.02291477,6293,0.00017627,0.00000000,0,0.00000000,39975,39964,48,0.00242779
1773323181.66539145,0.01913964,6278,0.00015293,0.00000000,0,0.00000000,39964,39963,44,0.00119597
1773323181.76538587,0.02070031,6243,0.00017290,0.00000000,0,0.00000000,39963,39962,34,0.00150470
1773323181.86544514,0.03308293,6272,0.00054671,0.00000000,0,0.00000000,39962,39968,56,0.00090761
1773323181.96530700,0.02488149,6312,0.00014653,0.00000000,0,0.00000000,39968,39957,36,0.00078405
1773323182.06541061,0.01859732,6246,0.00017049,0.00000000,0,0.00000000,39957,39922,52,0.00177020
1773323182.16518092,0.01745104,6286,0.00012652,0.00000000,0,0.00000000,39922,39920,39,0.00173178
1773323182.26526737,0.02294405,6277,0.00108315,0.00000000,0,0.00000000,39920,39919,50,0.00161703
1773323182.36524463,0.01788540,6299,0.00008723,0.00000000,0,0.00000000,39919,39926,44,0.00106125
1773323182.46529460,0.01957897,6268,0.00011215,0.00000000,0,0.00000000,39926,39930,50,0.00220365
1773323182.56539989,0.01785227,6305,0.00011452,0.00000000,0,0.00000000,39930,39931,42,0.00081347
1773323182.66533279,0.01857041,6317,0.00026657,0.00000000,0,0.00000000,39931,39934,50,0.00079017
1773323182.76541471,0.02801447,6271,0.00042623,0.00000000,0,0.00000000,39934,39939,41,0.00112436
1773323182.86537313,0.03326597,6296,0.00045147,0.00000000,0,0.00000000,39939,39931,48,0.00138069
1773323182.96537924,0.03177519,6283,0.00057598,0.00000000,0,0.00000000,39931,39924,40,0.00194283
1773323183.06535864,0.02698168,6263,0.00070843,0.00000000,0,0.00000000,39924,39924,40,0.00157108
1773323183.16442513,0.03089213,6302,0.00052505,0.00000000,0,0.00000000,39924,39933,51,0.00137745
1773323183.26545906,0.03049342,6310,0.00071758,0.00000000,0,0.00000000,39933,39936,41,0.00170737
1773323183.36542702,0.02369420,6326,0.00023267,0.00000000,0,0.00000000,39936,39931,42,0.00168567
1773323183.46548414,0.03222724,6291,0.00044546,0.00000000,0,0.00000000,39931,39936,39,0.00152331
1773323183.56545091,0.02830492,6299,0.00054040,0.00000000,0,0.00000000,39936,39941,55,0.00191939
1773323183.66549182,0.03686791,6253,0.00023396,0.00000000,0,0.00000000,39941,39933,50,0.00259121
1773323183.76538587,0.01868392,6253,0.00051275,0.00000000,0,0.00000000,39933,39933,34,0.00291308
1773323183.86547685,0.02195920,6267,0.00053258,0.00000000,0,0.00000000,39933,39942,72,0.00097434
1773323183.96548915,0.01988492,6256,0.00019249,0.00000000,0,0.00000000,39942,39947,36,0.00107569
1773323184.06451559,0.03265514,6282,0.00082124,0.00000000,0,0.00000000,39947,39944,45,0.00129093
1773323184.16462755,0.02391179,6300,0.00017780,0.00000000,0,0.00000000,39944,39946,30,0.00175946
1773323184.26458502,0.02439467,6294,0.00023936,0.00000000,0,0.00000000,39946,39956,48,0.00210986
1773323184.36553645,0.02498024,6301,0.00031906,0.00000000,0,0.00000000,39956,39965,51,0.00313717
1773323184.46548343,0.01889717,6312,0.00016147,0.00000000,0,0.00000000,39965,39958,51,0.00162509
1773323184.56556797,0.01889981,6276,0.00016295,0.00000000,0,0.00000000,39958,39951,63,0.00185366
1773323184.66560674,0.02400809,6224,0.00024998,0.00000000,0,0.00000000,39951,39951,50,0.00126538
1773323184.76462078,0.01992521,6264,0.00015603,0.00000000,0,0.00000000,39951,39953,46,0.00148475
1773323184.86547041,0.01938204,6261,0.00013818,0.00000000,0,0.00000000,39953,39958,49,0.00095434
1773323184.96561003,0.03525806,6267,0.00058818,0.00000000,0,0.00000000,39958,39960,46,0.00086162
1773323185.06563449,0.03869316,6287,0.00054066,0.00000000,0,0.00000000,39960,39965,48,0.00105159
1773323185.16559982,0.02934054,6247,0.00030495,0.00000000,0,0.00000000,39965,39953,49,0.00122793
1773323185.26460958,0.02725723,6318,0.00030734,0.00000000,0,0.00000000,39953,39955,44,0.00083876
1773323185.36561799,0.02685665,6294,0.00064248,0.00000000,0,0.00000000,39955,39949,53,0.00082492
1773323185.46591258,0.03978556,6275,0.00079067,0.00000000,0,0.00000000,39949,39955,47,0.00289743
1773323185.56473088,0.02271670,6273,0.00016584,0.00000000,0,0.00000000,39955,39959,44,0.00190219
1773323185.66477180,0.02144648,6288,0.00011734,0.00000000,0,0.00000000,39959,39960,50,0.00208526
1773323185.76557755,0.02319521,6296,0.00055177,0.00000000,0,0.00000000,39960,39962,52,0.00235373
1773323185.86571407,0.03661286,6273,0.00017367,0.00000000,0,0.00000000,39962,39967,54,0.00232125
1773323185.96575356,0.02070364,6271,0.00010144,0.00000000,0,0.00000000,39967,39967,43,0.00160619
1773323186.06571198,0.01752037,6300,0.00049353,0.00000000,0,0.00000000,39967,39968,43,0.00154373
1773323186.16571951,0.01670795,6264,0.00010499,0.00000000,0,0.00000000,39968,39958,35,0.00202227
1773323186.26481652,0.02046740,6308,0.00014046,0.00000000,0,0.00000000,39958,39967,45,0.00153762
1773323186.36573839,0.01865832,6290,0.00016766,0.00000000,0,0.00000000,39967,39975,58,0.00161340
1773323186.46565509,0.01861382,6290,0.00015034,0.00000000,0,0.00000000,39975,39976,36,0.00222588
1773323186.56486750,0.01692384,6285,0.00010139,0.00000000,0,0.00000000,39976,39981,45,0.00076942
1773323186.66569662,0.01500789,6266,0.00013006,0.00000000,0,0.00000000,39981,39983,52,0.00096556
1773323186.76472402,0.02207702,6272,0.00020317,0.00000000,0,0.00000000,39983,39987,51,0.00112642
1773323186.86474919,0.03670277,6282,0.00031093,0.00000000,0,0.00000000,39987,39987,45,0.00098672
1773323186.96471119,0.03363533,6263,0.00010754,0.00000000,0,0.00000000,39987,39985,46,0.00154228
1773323187.06486249,0.03369446,6270,0.00031226,0.00000000,0,0.00000000,39985,39983,44,0.00084051
1773323187.16481614,0.03405522,6238,0.00061111,0.00000000,0,0.00000000,39983,39988,50,0.00120236
1773323187.26484656,0.03161764,6276,0.00055100,0.00000000,0,0.00000000,39988,39997,47,0.00183244
1773323187.36475420,0.03117439,6295,0.00053990,0.00000000,0,0.00000000,39997,39997,53,0.00225322
1773323187.46483564,0.02949814,6280,0.00019226,0.00000000,0,0.00000000,39997,39998,41,0.00269830
1773323187.56482315,0.03598784,6220,0.00062819,0.00000000,0,0.00000000,39998,39993,57,0.00212168
1773323187.66477370,0.02252323,6282,0.00019799,0.00000000,0,0.00000000,39993,39992,43,0.00108461
1773323187.76451516,0.01821236,6284,0.00016788,0.00000000,0,0.00000000,39992,39997,54,0.00141055
1773323187.86484075,0.01773190,6226,0.00039089,0.00000000,0,0.00000000,39997,40001,58,0.00219959
1773323187.96449685,0.03259142,6267,0.00051678,0.00000000,0,0.00000000,40001,39991,44,0.00204347
1773323188.06479478,0.01965537,6283,0.00017628,0.00000000,0,0.00000000,39991,39987,57,0.00329928
1773323188.16487169,0.01558239,6285,0.00020127,0.00000000,0,0.00000000,39987,39986,44,0.00284980
1773323188.26483655,0.02024629,6263,0.00029249,0.00000000,0,0.00000000,39986,39986,49,0.00219812
1773323188.36485291,0.01682870,6295,0.00009615,0.00000000,0,0.00000000,39986,39987,49,0.00164869
1773323188.46488523,0.02021265,6238,0.00040897,0.00000000,0,0.00000000,39987,39997,43,0.00166988
1773323188.56441355,0.01865844,6273,0.00011570,0.00000000,0,0.00000000,39997,39996,51,0.00242568
1773323188.66444755,0.01971783,6265,0.00058257,0.00000000,0,0.00000000,39996,39998,52,0.00224063
1773323188.76444745,0.01821154,6257,0.00009865,0.00000000,0,0.00000000,39998,39996,45,0.00137789
1773323188.86496282,0.03779950,6238,0.00063043,0.00000000,0,0.00000000,39996,40001,52,0.00079981
1773323188.96443295,0.04500554,6281,0.00061298,0.00000000,0,0.00000000,40001,40010,54,0.00094520
1773323189.06443739,0.03912853,6297,0.00065591,0.00000000,0,0.00000000,40010,40011,44,0.00128054
1773323189.16450405,0.03913844,6270,0.00020525,0.00000000,0,0.00000000,40011,39998,52,0.00186221
1773323189.26459241,0.04273264,6260,0.00042560,0.00000000,0,0.00000000,39998,40001,40,0.00094197
1773323189.36441302,0.02905013,6284,0.00210139,0.00000000,0,0.00000000,40001,40003,52,0.00425381
1773323189.46446991,0.02755916,6282,0.00042602,0.00000000,0,0.00000000,40003,39999,42,0.00277305
1773323189.56449890,0.03456980,6289,0.00046477,0.00000000,0,0.00000000,39999,40004,49,0.00531416
1773323189.66455340,0.02106564,6296,0.00014006,0.00000000,0,0.00000000,40004,40005,60,0.00087176
1773323189.76451516,0.01833060,6259,0.00019010,0.00000000,0,0.00000000,40005,40006,62,0.00218080
1773323189.86460161,0.01876977,6270,0.00056683,0.00000000,0,0.00000000,40006,40015,46,0.00293389
1773323189.96441531,0.03528131,6271,0.00047044,0.00000000,0,0.00000000,40015,40018,48,0.00156172
1773323190.06446838,0.01781578,6281,0.00033043,0.00000000,0,0.00000000,40018,40024,58,0.00147664
1773323190.16450834,0.01723259,6258,0.00014152,0.00000000,0,0.00000000,40024,40024,50,0.00245546
1773323190.26453352,0.01926282,6245,0.00017846,0.00000000,0,0.00000000,40024,40035,56,0.00178377
1773323190.36436963,0.01864261,6273,0.00016415,0.00000000,0,0.00000000,40035,40033,43,0.00076272
1773323190.46443224,0.01912787,6282,0.00014170,0.00000000,0,0.00000000,40033,40036,35,0.00253123
1773323190.56447792,0.01930427,6275,0.00013730,0.00000000,0,0.00000000,40036,40037,40,0.00181334
1773323190.66446137,0.01964576,6260,0.00059204,0.00000000,0,0.00000000,40037,40030,38,0.00118842
1773323190.76448464,0.01604487,6297,0.00010442,0.00000000,0,0.00000000,40030,40027,46,0.00148189
1773323190.86454725,0.01535823,6282,0.00005338,0.00000000,0,0.00000000,40027,40029,25,0.00111623
1773323190.96457505,0.03047724,6268,0.00018768,0.00000000,0,0.00000000,40029,40026,53,0.00086375
1773323191.06442475,0.03438511,6281,0.00048429,0.00000000,0,0.00000000,40026,40028,38,0.00119172
1773323191.16442132,0.03512692,6262,0.00056959,0.00000000,0,0.00000000,40028,40029,45,0.00123296
1773323191.26446629,0.03061686,6266,0.00054798,0.00000000,0,0.00000000,40029,40027,50,0.00084085
1773323191.36448073,0.03015219,6281,0.00027833,0.00000000,0,0.00000000,40027,40027,39,0.00177131
1773323191.46466374,0.03443637,6268,0.00018268,0.00000000,0,0.00000000,40027,40033,49,0.00096842
1773323191.56461072,0.03458813,6259,0.00150602,0.00000000,0,0.00000000,40033,40043,50,0.00149975
1773323191.66456485,0.02685386,6268,0.00014514,0.00000000,0,0.00000000,40043,40047,55,0.00205780
1773323191.76460075,0.01883830,6262,0.00018996,0.00000000,0,0.00000000,40047,40043,50,0.00223693
1773323191.86459398,0.02035227,6274,0.00017432,0.00000000,0,0.00000000,40043,40026,53,0.00241363
1773323191.96462083,0.02667432,6305,0.00072633,0.00000000,0,0.00000000,40026,40025,55,0.00249420
1773323192.06466413,0.03332225,6290,0.00035973,0.00000000,0,0.00000000,40025,40017,46,0.00157511
1773323192.16469359,0.01979216,6271,0.00027717,0.00000000,0,0.00000000,40017,40013,42,0.00193453
1773323192.26471233,0.01873759,6273,0.00027296,0.00000000,0,0.00000000,40013,40010,49,0.00254977
1773323192.36473179,0.02206142,6273,0.00026882,0.00000000,0,0.00000000,40010,40016,47,0.00091509
1773323192.46477342,0.01825585,6243,0.00011203,0.00000000,0,0.00000000,40016,40016,47,0.00120313
1773323192.56461883,0.02139014,6301,0.00016225,0.00000000,0,0.00000000,40016,40018,48,0.00102243
1773323192.66459227,0.01977719,6290,0.00066806,0.00000000,0,0.00000000,40018,40011,36,0.00098737
1773323192.76466179,0.01755890,6285,0.00013207,0.00000000,0,0.00000000,40011,40013,54,0.00118270
1773323192.86474085,0.01962371,6289,0.00032907,0.00000000,0,0.00000000,40013,40025,46,0.00085219
1773323192.96475935,0.03163000,6272,0.00023031,0.00000000,0,0.00000000,40025,40021,54,0.00131790
1773323193.06481481,0.02932991,6242,0.00019424,0.00000000,0,0.00000000,40021,40021,50,0.00119786
1773323193.16466308,0.03382990,6296,0.00010753,0.00000000,0,0.00000000,40021,40024,36,0.00112729
1773323193.26475000,0.03635552,6282,0.00026223,0.00000000,0,0.00000000,40024,40021,50,0.00168045
1773323193.36476135,0.03799845,6273,0.00024365,0.00000000,0,0.00000000,40021,40019,52,0.00329989
1773323193.46481657,0.03168994,6299,0.00033847,0.00000000,0,0.00000000,40019,40023,41,0.00160295
1773323193.56479812,0.03371646,6284,0.00042628,0.00000000,0,0.00000000,40023,40026,38,0.00255155
1773323193.66487765,0.03105002,6286,0.00034823,0.00000000,0,0.00000000,40026,40023,50,0.00108234
1773323193.76488304,0.01715832,6286,0.00020594,0.00000000,0,0.00000000,40023,40024,43,0.00228432
1773323193.86490178,0.01991781,6247,0.00022704,0.00000000,0,0.00000000,40024,40025,38,0.00150896
1773323193.96476316,0.01937856,6327,0.00043533,0.00000000,0,0.00000000,40025,40025,43,0.00302819
1773323194.06496000,0.03210616,6274,0.00054228,0.00000000,0,0.00000000,40025,40025,43,0.00219987
1773323194.16492319,0.01867341,6302,0.00008170,0.00000000,0,0.00000000,40025,40032,39,0.00163199
1773323194.26488662,0.02035650,6313,0.00015535,0.00000000,0,0.00000000,40032,40035,49,0.00175354
1773323194.36510611,0.02428693,6289,0.00018788,0.00000000,0,0.00000000,40035,40039,39,0.00229335
1773323194.46496058,0.02377776,6289,0.00040318,0.00000000,0,0.00000000,40039,40033,39,0.00152094
1773323194.56502748,0.02176983,6243,0.00026481,0.00000000,0,0.00000000,40033,40026,53,0.00110701
1773323194.66484165,0.02343462,6312,0.00031494,0.00000000,0,0.00000000,40026,40026,45,0.00191317
1773323194.76502681,0.02132178,6263,0.00020628,0.00000000,0,0.00000000,40026,40022,49,0.00152938
1773323194.86493397,0.02105190,6283,0.00033117,0.00000000,0,0.00000000,40022,40027,52,0.00146728
1773323194.96496511,0.02111494,6296,0.00018185,0.00000000,0,0.00000000,40027,40027,47,0.00114152
1773323195.06496119,0.03275073,6258,0.00025900,0.00000000,0,0.00000000,40027,40032,54,0.00214330
1773323195.16490531,0.03972461,6289,0.00030487,0.00000000,0,0.00000000,40032,40035,48,0.00128286
1773323195.26494193,0.03658094,6300,0.00057135,0.00000000,0,0.00000000,40035,40032,48,0.00124643
1773323195.36494327,0.03513340,6248,0.00059643,0.00000000,0,0.00000000,40032,40028,44,0.00123651
1773323195.46493959,0.03319150,6283,0.00047417,0.00000000,0,0.00000000,40028,40028,50,0.00159871
1773323195.56495786,0.03757845,6284,0.00061984,0.00000000,0,0.00000000,40028,40021,61,0.00260165
1773323195.66494107,0.03215022,6261,0.00051648,0.00000000,0,0.00000000,40021,40019,48,0.00117423
1773323195.76509070,0.02944628,6275,0.00043177,0.00000000,0,0.00000000,40019,40010,50,0.00119850
1773323195.86509585,0.03808492,6269,0.00039884,0.00000000,0,0.00000000,40010,40013,42,0.00281739
1773323195.96519065,0.03805786,6285,0.00053633,0.00000000,0,0.00000000,40013,40011,43,0.00243095
1773323196.06499505,0.03272306,6259,0.00052382,0.00000000,0,0.00000000,40011,40015,43,0.00246003
1773323196.16503453,0.03596849,6260,0.00019732,0.00000000,0,0.00000000,40015,40020,51,0.00226859
1773323196.26506066,0.03740050,6292,0.00041004,0.00000000,0,0.00000000,40020,40025,35,0.00250925
1773323196.36508584,0.03439706,6300,0.00048602,0.00000000,0,0.00000000,40025,40025,39,0.00255424
1773323196.46510053,0.03454162,6295,0.00058925,0.00000000,0,0.00000000,40025,40028,47,0.00393348
1773323196.56515408,0.03629234,6276,0.00016581,0.00000000,0,0.00000000,40028,40019,43,0.00247989
1773323196.66514111,0.03874894,6305,0.00098932,0.00000000,0,0.00000000,40019,40019,45,0.00094943
1773323196.76516128,0.03016460,6281,0.00058091,0.00000000,0,0.00000000,40019,40025,52,0.00124481
1773323196.86519980,0.03392332,6271,0.00022183,0.00000000,0,0.00000000,40025,40030,52,0.00188841
1773323196.96525812,0.03704920,6280,0.00088141,0.00000000,0,0.00000000,40030,40030,55,0.00247214
1773323197.06525421,0.03146959,6242,0.00044789,0.00000000,0,0.00000000,40030,40018,40,0.00310044
1773323197.16524076,0.03104815,6258,0.00070720,0.00000000,0,0.00000000,40018,40001,53,0.00166840
1773323197.26532364,0.03817426,6280,0.00025548,0.00000000,0,0.00000000,40001,40000,56,0.00191778
1773323197.36515522,0.03397978,6324,0.00063255,0.00000000,0,0.00000000,40000,40008,50,0.00112034
1773323197.46527076,0.02704926,6272,0.00018584,0.00000000,0,0.00000000,40008,40001,41,0.00215497
1773323197.56536674,0.02204701,6252,0.00033035,0.00000000,0,0.00000000,40001,40007,46,0.00225835
1773323197.66680813,0.02052609,6289,0.00014556,0.00000000,0,0.00000000,40007,40007,39,0.00195343
1773323197.76528168,0.02816373,6289,0.00045657,0.00000000,0,0.00000000,40007,40009,40,0.00248934
1773323197.86524320,0.02834434,6279,0.00022868,0.00000000,0,0.00000000,40009,40003,58,0.00235733
1773323197.96530080,0.02124051,6289,0.00017369,0.00000000,0,0.00000000,40003,39996,44,0.00173097
1773323198.06526089,0.01922352,6286,0.00012137,0.00000000,0,0.00000000,39996,39999,48,0.00153374
1773323198.16544485,0.02093504,6281,0.00023349,0.00000000,0,0.00000000,39999,40004,52,0.00249547
1773323198.26532221,0.01809118,6281,0.00018535,0.00000000,0,0.00000000,40004,39999,51,0.00105193
1773323198.36537600,0.02069009,6258,0.00018923,0.00000000,0,0.00000000,39999,39997,38,0.00117774
1773323198.46543646,0.02112406,6287,0.00018657,0.00000000,0,0.00000000,39997,39995,37,0.00227493
1773323198.56529784,0.02009335,6297,0.00021726,0.00000000,0,0.00000000,39995,40003,50,0.00109980
1773323198.66535306,0.01992604,6299,0.00074170,0.00000000,0,0.00000000,40003,40008,48,0.00109599
1773323198.76541352,0.02122156,6303,0.00041520,0.00000000,0,0.00000000,40008,40015,40,0.00082094
1773323198.86548066,0.02036426,6252,0.00025935,0.00000000,0,0.00000000,40015,40012,45,0.00112083
1773323198.96536016,0.03189120,6224,0.00046886,0.00000000,0,0.00000000,40012,40008,48,0.00073903
1773323199.06430125,0.02084546,6304,0.00024288,0.00000000,0,0.00000000,40008,39992,44,0.00113283
1773323199.16528392,0.01958416,6283,0.00017208,0.00000000,0,0.00000000,39992,39995,38,0.00130173
1773323199.26544976,0.02153153,6246,0.00017688,0.00000000,0,0.00000000,39995,40002,45,0.00079019
1773323199.36533117,0.02007542,6250,0.00027303,0.00000000,0,0.00000000,40002,39996,49,0.00098899
1773323199.46537137,0.01888672,6282,0.00040316,0.00000000,0,0.00000000,39996,39998,50,0.00095202
1773323199.56543303,0.01808223,6266,0.00012802,0.00000000,0,0.00000000,39998,39973,37,0.00086484
1773323199.66543746,0.01961455,6269,0.00011592,0.00000000,0,0.00000000,39973,39978,34,0.00099661
1773323199.76539016,0.03948834,6300,0.00046253,0.00000000,0,0.00000000,39978,39981,53,0.00159377
1773323199.86533356,0.02143490,6290,0.00016827,0.00000000,0,0.00000000,39981,39969,44,0.00224565
1773323199.96547794,0.02452410,6295,0.00017767,0.00000000,0,0.00000000,39969,39966,51,0.00164646
1773323200.06542563,0.02898605,6304,0.00052313,0.00000000,0,0.00000000,39966,39972,51,0.00162315
1773323200.16547728,0.02062348,6297,0.00023567,0.00000000,0,0.00000000,39972,39980,52,0.00104733
1773323200.26549625,0.02537515,6280,0.00041633,0.00000000,0,0.00000000,39980,39977,61,0.00104048
1773323200.36551571,0.01865870,6248,0.00012978,0.00000000,0,0.00000000,39977,39987,44,0.00099064
1773323200.46440315,0.02489656,6317,0.00013302,0.00000000,0,0.00000000,39987,39992,36,0.00087434
1773323200.56552744,0.01911554,6294,0.00013508,0.00000000,0,0.00000000,39992,39993,44,0.00190470
1773323200.66556549,0.02022456,6258,0.00015267,0.00000000,0,0.00000000,39993,39993,30,0.00147577
1773323200.76539660,0.01971994,6271,0.00018773,0.00000000,0,0.00000000,39993,40003,48,0.00088753
1773323200.86539340,0.03347200,6270,0.00017446,0.00000000,0,0.00000000,40003,40006,47,0.00208849
1773323200.96544647,0.03335653,6268,0.00069819,0.00000000,0,0.00000000,40006,39997,47,0.00085116
1773323201.06550980,0.03458895,6272,0.00035429,0.00000000,0,0.00000000,39997,39996,37,0.00161445
1773323201.16560841,0.03246207,6271,0.00052084,0.00000000,0,0.00000000,39996,40000,50,0.00111184
