             39.1003  -0.121879  0.0510463 -0.0863547  0.00612086 -0.00506358 -0.00945425 0 0 0   -0.011 -0.02329  0.04412   0.00535618   0.00256363 -0.000175891   0.0008566 -0.00260957 -0.00430547 -1.18464e-07  1.14273e-07  2.02684e-07    1.5511 0.0900418  -9.68517  13974
             39.2003  -0.169104   0.079163 -0.0543133  0.00850412 -0.00389944 -0.00980224 0 0 0   -0.011 -0.02329  0.04412   0.0237097   0.0119592 -0.00289965  0.00100306 -0.00269477 -0.00439729 -4.23319e-06 -1.82827e-06  7.69745e-07    1.5511 0.0900437  -9.68517  14021
             39.3003    -0.122594 -0.000965926    -0.128479    0.011568 -0.00281287 -0.00264902 0 0 0   -0.011 -0.02329  0.04412 0.0370233 0.0167811 0.0488646 0.000820637 -0.00240254 -0.00413996 -0.000151497 -7.67467e-05 -0.000280408   1.55128 0.0901184  -9.68514  13881
             39.4002 -0.00585614 -0.00421387   -0.127935   0.0176796 -0.00164764  0.00246408 0 0 0   -0.011 -0.02329  0.04412  0.042511  0.012652 0.0421037 0.000450381 -0.00238595 -0.00411982 -0.000616209  0.000274817  5.19111e-05   1.55167 0.0897752  -9.68508  14217
             39.5004 -0.0275814 -0.0173913  -0.128654   0.0162322 -0.00225382  0.00110096 0 0 0   -0.011 -0.02329  0.04412  0.0300687 0.00817327  0.0310268 0.000527703 -0.00235832 -0.00412574  0.00177058 0.000953263 0.000612163  1.54934 0.089124 -9.68546  13852
             39.6002  -0.113409 -0.0392022  -0.143352   0.0204928 -0.00215313  0.00408342 0 0 0   -0.011 -0.02329  0.04412  0.0284305 0.00528502  0.0249321 0.000790713 -0.00230397 -0.00407318  0.0026824 0.00240591 0.00184267    1.5483 0.0877174  -9.68564  14139
             39.7003 -0.00693301  -0.0535308   -0.140651   0.0194373 -0.00392004  0.00378645 0 0 0   -0.011 -0.02329  0.04412   0.0214669 -0.00177987   0.0213597 0.000449581  -0.0022607 -0.00407577 0.00634988 0.00513924 0.00245873   1.54477 0.0850942  -9.68622  13658
             39.7995 -0.0546903  -0.102105  -0.183491   0.0197751 -0.00688943  0.00844924 0 0 0   -0.011 -0.02329  0.04412 0.00735244 -0.0119874  0.0252403 0.000601007 -0.00207512 -0.00394146   0.0137132   0.0103067 7.12411e-05   1.53822 0.0801712  -9.68731  14266
             39.9002 -0.105121 -0.132001 -0.166984   0.0158881 -0.00806427  0.00856231 0 0 0   -0.011 -0.02329  0.04412 -0.0140756 -0.0115977  0.0160829 0.000745436 -0.00201298 -0.00399956  0.0236175 0.00974575 0.00483708   1.52821 0.0806979  -9.68889  13869
             40.0003 -0.0782755 -0.0734614  -0.173637   0.0132884 -0.00983232  0.00875334 0 0 0   -0.011 -0.02329  0.04412 -0.0226403 -0.0139983  0.0113941 0.000662884 -0.00219307 -0.00398564  0.0254695  0.0109525 0.00737892  1.52609 0.079521 -9.68923  14084
             40.1002  0.0306034 -0.0392751  -0.181589  0.0131286 -0.0102415 0.00621659 0 0 0   -0.011 -0.02329  0.04412  -0.0176074  -0.0120208 0.000109792 0.000387072 -0.00228385  -0.0039587 0.0207962 0.0093334  0.015106   1.52934 0.0809879  -9.68871  14022
             40.2003   -0.14058 -0.0206228  -0.145639  0.0133881 -0.0111589 0.00292198 0 0 0   -0.011 -0.02329  0.04412  -0.012041 -0.0108125  -0.010732 0.000885717 -0.00233506 -0.00405887  0.0160727 0.00861182  0.0222182   1.53272 0.0815956  -9.68817  14026
             40.3002 -0.0229905  -0.052048  -0.198549 0.0141871 -0.011445  0.006109 0 0 0   -0.011 -0.02329  0.04412 -0.00782602 -0.00840131 -0.00124902 0.000570363 -0.00224497 -0.00390102  0.0131356 0.00728315  0.0134488  1.53678 0.082934 -9.68751  14071
             40.4002  -0.061081 -0.0185361  -0.206158  0.0140176 -0.0141365 0.00439846 0 0 0   -0.011 -0.02329  0.04412 -0.00686233  -0.0151483 -0.00683332 0.000666289 -0.00233414 -0.00389006 0.0120047 0.0100521 0.0166942   1.53735 0.0802382  -9.68744  14123
             40.5003  0.102249 -0.034787 -0.240971  0.0161283 -0.0120756  0.0083706 0 0 0   -0.011 -0.02329  0.04412 0.000363106 -0.00712484  0.00371536 0.000222142  -0.0023028 -0.00378478 0.00890398 0.00615849 0.00843086   1.54149 0.0840349  -9.68676  14057
             40.6002 -0.0796584 -0.0445532  -0.291355  0.0173344 -0.0126724 0.00585423 0 0 0   -0.011 -0.02329  0.04412  0.00477398 -0.00723996 -0.00466715 0.000729906 -0.00226385 -0.00364057 0.00678348  0.0060908  0.0141185   1.54264 0.0840392  -9.68657  14018
             40.7003 0.0627437 -0.017851 -0.256907  0.0167016 -0.0126847  0.0055769 0 0 0   -0.011 -0.02329  0.04412 -0.000295306  -0.00572764  -0.00613977  0.00030298 -0.00233839 -0.00373662 0.00824995 0.00508705  0.0132836   1.54139 0.0850211  -9.68676  13935
             40.7994 -0.0502607 -0.0408897  -0.274027  0.0173381 -0.0144754 0.00394516 0 0 0   -0.011 -0.02329  0.04412  0.00059382 -0.00904567 -0.00995416 0.000578375 -0.00228711 -0.00371335 0.00734391 0.00570368  0.0139742   1.54213 0.0844153  -9.68665  14017
             40.9002 -0.0241283 -0.0432055   -0.30734  0.0177539 -0.0141298 0.00586608 0 0 0   -0.011 -0.02329  0.04412 0.000427912 -0.00546405   -0.003421 0.000515073 -0.00228201 -0.00362998  0.0072276 0.00468066  0.0100838   1.54283 0.0854241  -9.68653  14148
             41.0003 -0.0256281 -0.0244894  -0.229533  0.0182766 -0.0132463 0.00736001 0 0 0   -0.011 -0.02329  0.04412    0.0012837  -0.00141488 -0.000281961  0.00049534 -0.00233047 -0.00384053 0.00692268 0.00344252 0.00760465  1.54349 0.086626 -9.68641  14062
             41.1002    0.155854 -0.00408454   -0.203949  0.0178973 -0.0122883 0.00767187 0 0 0   -0.011 -0.02329  0.04412 -0.000533538  0.000410389  8.46768e-05 4.30928e-05 -0.00237193 -0.00389459 0.00733107 0.00256014 0.00713902   1.54319 0.0874811  -9.68645  14137
             41.2001  0.0520967 0.00209453  -0.354023  0.0210225 -0.0122588 0.00537808 0 0 0   -0.011 -0.02329  0.04412     0.010107 -0.000170784  -0.00547107 0.000299096 -0.00238068 -0.00353102 0.00447964 0.00247137  0.0101228   1.54541 0.0875105   -9.6861  14147
             41.3003   0.051244 -0.0616095  -0.267719  0.0217089 -0.0119766 0.00702858 0 0 0   -0.011 -0.02329  0.04412   0.00831484 -0.000250441 -0.000572751 0.000271706  -0.0022354 -0.00376152 0.00501332  0.0021909 0.00752354    1.5453 0.0878016  -9.68611  14121
             41.4002 -0.00233369  -0.0223475   -0.291038  0.0205029 -0.0131498  0.0058152 0 0 0   -0.011 -0.02329  0.04412 0.000966582 -0.00382243   -0.003588 0.000404534 -0.00233809 -0.00371143 0.00643441  0.0030067 0.00846576   1.54382 0.0870329  -9.68636  14007
             41.5003  0.153264 0.0563758 -0.282969  0.0204111 -0.0121211 0.00601764 0 0 0   -0.011 -0.02329  0.04412  0.00118686 -0.00156994 -0.00408775 -7.27505e-06  -0.00254999  -0.00373012 0.00654699 0.00221827 0.00813986   1.54378 0.0877919  -9.68636  13962
             41.6003  0.0811942 -0.0427749  -0.177469  0.0185916  -0.011893 0.00438158 0 0 0   -0.011 -0.02329  0.04412 -0.00580673 -0.00272043 -0.00648468 0.000150138 -0.00230832 -0.00397348  0.0079022 0.00168114 0.00871269   1.54243 0.0883226  -9.68657  13949
             41.7002   0.0657467 0.000818434    -0.23191  0.0182043 -0.0119935  0.0059437 0 0 0   -0.011 -0.02329  0.04412  -0.0078863 -0.00325107 -0.00297988  0.00019227 -0.00242952 -0.00383554 0.00820498 0.00168069 0.00706974    1.5424 0.0883327  -9.68657  13833
             41.7993  0.0503669 -0.0202073  -0.281265  0.0181512  -0.012105 0.00527812 0 0 0   -0.011 -0.02329  0.04412 -0.00517081 -0.00277688 -0.00351499  0.00023121 -0.00237323 -0.00372935  0.0075138 0.00139974 0.00733137     1.543 0.0885927  -9.68647  14162
             41.9002 -0.00564477   0.0471011   -0.235763   0.017015 -0.0117587 0.00233863 0 0 0   -0.011 -0.02329  0.04412  -0.00658514 -0.000520684  -0.00931367 0.000370027 -0.00251382 -0.00383377 0.00761116   0.001018  0.0091824   1.54263 0.0889555  -9.68653  13998
                  42 0.0522578 0.0293016 -0.186632   0.0179434 -0.00975001  0.00209912 0 0 0   -0.011 -0.02329  0.04412 -0.00145606  0.00505564 -0.00858243  0.00024498 -0.00247179 -0.00393993   0.00678665 -7.87494e-05   0.00865011   1.54349 0.0899971  -9.68638  14086
                42.1  0.160637 0.0547349 -0.261314   0.0189896 -0.00980435  0.00156729 0 0 0   -0.011 -0.02329  0.04412  0.00235718    0.002176 -0.00828513  1.1179e-05 -0.00252215 -0.00376832  0.00617264 0.000141132  0.00843599   1.5441 0.089782 -9.68629  14004
             42.2001    0.173489 -0.00685158   -0.220524  0.0185253  -0.010678 0.00630597 0 0 0   -0.011 -0.02329  0.04412 -0.00156626 -0.00340234  0.00416023 1.06574e-05 -0.00238336 -0.00385624  0.00691373 0.000560881  0.00426824   1.54404 0.0894004   -9.6863  14042
             42.3001   0.0730259 -0.00683246   -0.233837    0.018442 -0.00861586  0.00671085 0 0 0   -0.011 -0.02329  0.04412 -0.00152927   0.0020698  0.00395967 0.000233878 -0.00237886 -0.00383329   0.00688145 -0.000663723   0.00420434   1.54409 0.0905703  -9.68628  13960
             42.4001  0.172151 -0.076255 -0.291962   0.0194146 -0.00881027   0.0095375 0 0 0   -0.011 -0.02329  0.04412  0.000612507 -0.000290556    0.0091751 2.66368e-05 -0.00223059 -0.00371673   0.00641752 -0.000547409   0.00258109  1.54477 0.090461 -9.68617  14021
             42.5001  0.0741807 0.00365983  -0.232232   0.0187951 -0.00908509  0.00780205 0 0 0   -0.011 -0.02329  0.04412 -0.000699143  -0.00171942   0.00368946 0.000239103 -0.00240209 -0.00384545   0.00666145 -0.000390037   0.00390857   1.54434 0.0903088  -9.68625  13926
             42.6001   0.178726 -0.0274667  -0.266604  0.0197029 -0.0103179 0.00754131 0 0 0   -0.011 -0.02329  0.04412  0.00303743 -0.00703832 0.000582683 2.42104e-05  -0.0023349 -0.00378186   0.00608904 -3.67069e-05   0.00456997   1.54477 0.0899679  -9.68618  14142
             42.7001 0.0644227 0.0308726 -0.231982    0.017214 -0.00910498  0.00657435 0 0 0   -0.011 -0.02329  0.04412 -0.00534409 -0.00309292 -0.00064233 0.000281231 -0.00245842 -0.00385645   0.00734146 -0.000648594   0.00505087   1.54353 0.0905563  -9.68637  13735
             42.7993   0.118733 -0.0233135  -0.195359  0.0175278 -0.0102531 0.00639473 0 0 0   -0.011 -0.02329  0.04412 -0.00129135 -0.00672652 -0.00180656 0.000163579 -0.00234089  -0.0039312   0.00677058 -0.000462539   0.00509845   1.54405 0.0903761  -9.68629  14310
             42.9001   0.0877353 -0.00905369   -0.228209   0.0196943 -0.00811621  0.00617022 0 0 0   -0.011 -0.02329  0.04412  0.00577793 0.000751652 -0.00215506 0.000232067 -0.00236891 -0.00385954  0.00574517 -0.00162612  0.00522164   1.54499 0.0914796  -9.68613  13978
             43.0002   0.111683 -0.0578711  -0.239911  0.0193812 -0.0101743 0.00777322 0 0 0   -0.011 -0.02329  0.04412  0.00168996  -0.0066923 0.000887488 0.000186285 -0.00227437 -0.00383911   0.00620293 -0.000825353   0.00413491   1.54473 0.0907217  -9.68618  13999
             43.1002  0.0923512 -0.0139202  -0.245641   0.0196084 -0.00918337  0.00595428 0 0 0   -0.011 -0.02329  0.04412  0.00219988 -0.00285604 -0.00420945 0.000238098 -0.00235379 -0.00383038  0.00607337 -0.00145772  0.00520529  1.54469  0.09132 -9.68618  13937
             43.2001    0.192846 -0.00376581   -0.196674   0.0179478 -0.00990206  0.00672085 0 0 0   -0.011 -0.02329  0.04412  -0.0042382 -0.00569612 -0.00146223 5.10053e-05 -0.00237519  -0.0039282  0.00686089 -0.00122787  0.00458014   1.54405 0.0911052  -9.68628  14058
             43.3001   0.119291 -0.0113306  -0.226673   0.0176424 -0.00868013  0.00643382 0 0 0   -0.011 -0.02329  0.04412 -0.00307257 -0.00197573 -0.00196234 0.000195994 -0.00235184 -0.00387193  0.00672687 -0.00210529  0.00460355   1.54417 0.0919384  -9.68626  13967
             43.4002 -0.013383 0.0184723 -0.202151  0.0165364 -0.0126901 0.00348021 0 0 0   -0.011 -0.02329  0.04412 -0.00492158  -0.0134813 -0.00935513  0.00047002 -0.00239987 -0.00392149   0.00692116 -0.000717089   0.00605115   1.54378 0.0906197  -9.68633  13935
             43.5001   0.0363871 -0.00683569   -0.252921  0.0177103 -0.0115895 0.00311534 0 0 0   -0.011 -0.02329  0.04412 -0.00049713 -0.00878907 -0.00876622 0.000369914 -0.00234186 -0.00381892  0.00638194 -0.00126052  0.00618031   1.54426 0.0911349  -9.68625  14160
             43.6001  0.016351 0.0507028 -0.250746  0.0158479 -0.0149743 0.00262872 0 0 0   -0.011 -0.02329  0.04412 -0.0067923 -0.0165639 -0.0077874 0.000410948 -0.00244373  -0.0038263   0.00716889 -0.000302763   0.00585963   1.54358 0.0902279  -9.68637  14070
             43.7001 -0.0297838 -0.0247407    -0.2941  0.0179162 -0.0140557 0.00291279 0 0 0   -0.011 -0.02329  0.04412  0.00211406 -0.00737275 -0.00539854 0.000507392 -0.00229506 -0.00374296  0.00608922 -0.00127822  0.00538457   1.54464 0.0911503  -9.68619  14258
             43.7995 0.0688752 0.0864738 -0.333274   0.0178676  -0.0131477 0.000663995 0 0 0   -0.011 -0.02329  0.04412  0.00232829 -0.00262794  -0.0108708  0.00032623 -0.00250501 -0.00366696  0.00610532 -0.00181326  0.00626406    1.5445 0.0916542  -9.68621  14117
             43.8995  0.0339626 -0.0204117  -0.245677   0.019959 -0.0132423 0.00277587 0 0 0   -0.011 -0.02329  0.04412  0.00720491 -0.00169377 -0.00268174 0.000407853 -0.00230612 -0.00382589  0.00569177 -0.00195179  0.00445389   1.54515 0.0917918   -9.6861  14145
             44.0001 0.0491558 0.0576299 -0.257009   0.0202618  -0.0117867 0.000120179 0 0 0   -0.011 -0.02329  0.04412 0.00656456 0.00304236 -0.0078051 0.000389534 -0.00243435 -0.00380938  0.00579672 -0.00243811  0.00547452   1.54491 0.0922456  -9.68614  14043
             44.1002 -0.0184299 -0.0260919  -0.250405  0.0217008 -0.0125437 0.00295734 0 0 0   -0.011 -0.02329  0.04412   0.00800285    0.0005019 -2.34495e-05 0.000518053 -0.00227958 -0.00382539  0.00566758 -0.00214123  0.00388908   1.54527 0.0919765  -9.68608  13897
             44.2001 0.0390993 0.0446597 -0.274991   0.022185 -0.0102396 0.00149635 0 0 0   -0.011 -0.02329  0.04412  0.00767293  0.00747544 -0.00327003  0.00040653 -0.00240831 -0.00378307  0.00572307 -0.00280313  0.00447758   1.54513 0.0925965   -9.6861  14046
                44.3 0.0403242 -0.025748 -0.243353  0.0209202 -0.0112595 0.00483899 0 0 0   -0.011 -0.02329  0.04412 0.000169791  0.00206519  0.00389481  0.00041248 -0.00228874 -0.00383379 0.00650587 -0.0022902 0.00279719   1.54467 0.0921418  -9.68618  13951
                44.4   0.0362123 -0.00697095   -0.241793  0.0199933 -0.0112633 0.00530084 0 0 0   -0.011 -0.02329  0.04412 -0.00292921  0.00125867  0.00297046  0.00041653 -0.00231802 -0.00384323  0.00681157 -0.00221417  0.00273466    1.5444 0.0920745  -9.68622  14116
                44.5  0.0555507 -0.0086807  -0.218971  0.0183706 -0.0123418 0.00566059 0 0 0   -0.011 -0.02329  0.04412 -0.00757501 -0.00275946  0.00173407 0.000378791 -0.00231376 -0.00387735  0.00726185 -0.00185405  0.00262461     1.544 0.0917411  -9.68629  13886
                44.6   0.029545 -0.0257025  -0.250144  0.0180404 -0.0107814 0.00725803 0 0 0   -0.011 -0.02329  0.04412 -0.00686931  0.00247037  0.00548418 0.000422785  -0.0022853 -0.00382236   0.0071753 -0.00240176   0.0020495   1.54417 0.0922638  -9.68625  14184
             44.7001 -0.00358493   -0.065078   -0.241187  0.0192719 -0.0130327 0.00888025 0 0 0   -0.011 -0.02329  0.04412 -0.00289198 -0.00425066  0.00847388 0.000481788 -0.00221859 -0.00384119  0.00676069 -0.00171627  0.00150493   1.54463 0.0916239  -9.68619  13665
             44.7994  0.054598 -0.061889 -0.249469  0.0176851 -0.0129967 0.00896578 0 0 0   -0.011 -0.02329  0.04412 -0.00751999 -0.00187623  0.00484903 0.000396452 -0.00221934 -0.00382717  0.00699728 -0.00189841  0.00204541   1.54433 0.0917878  -9.68623  14269
             44.9001  0.0662383 -0.0347376  -0.291377  0.0170529 -0.0146091 0.00591393 0 0 0   -0.011 -0.02329  0.04412 -0.00712968 -0.00574911 -0.00355158 0.000367036 -0.00226311 -0.00376373  0.00682181 -0.00151491  0.00347251   1.54428 0.0914059  -9.68624  13814
                  45  0.0176298 -0.0307687  -0.233483  0.0155907 -0.0154808 0.00742554 0 0 0   -0.011 -0.02329  0.04412  -0.0102953 -0.00714248 -0.00029346 0.000443822 -0.00227298 -0.00385676  0.00709568 -0.00142574  0.00273278   1.54414 0.0913342  -9.68627  14236
             45.1001  0.0366717 -0.0286349  -0.312857  0.0162641 -0.0161875 0.00619834 0 0 0   -0.011 -0.02329  0.04412 -0.00513421 -0.00677375 -0.00336234 0.000412326 -0.00228007 -0.00372882  0.00654219 -0.00144656  0.00325644   1.54457 0.0913434   -9.6862  13914
             45.2001  0.0132572 -0.0163681  -0.303575  0.0176698 -0.0164868 0.00449486 0 0 0   -0.011 -0.02329  0.04412  0.00104056 -0.00517829 -0.00706068 0.000455097 -0.00229546  -0.0037497  0.00596427 -0.00154199  0.00383598   1.54501 0.0914206  -9.68613  14015
                45.3 -0.017837 0.0279922 -0.330926    0.017859  -0.0188087 0.000320023 0 0 0   -0.011 -0.02329  0.04412   0.0026312 -0.00955165  -0.0151352 0.000507709 -0.00236019 -0.00370198  0.00584939 -0.00106102  0.00513178   1.54493 0.0909523  -9.68614  14039
                45.4 0.00564447  0.0499933  -0.288597   0.0182673  -0.0165874 8.98724e-05 0 0 0   -0.011 -0.02329  0.04412  0.00363575 0.000248703  -0.0122023 0.000465455 -0.00239009 -0.00377735  0.00582853 -0.00184052  0.00470977   1.54502 0.0916853  -9.68612  14083
             45.5001 -0.0167257  0.0271189   -0.30476    0.0164809    -0.015803 -0.000752738 0 0 0   -0.011 -0.02329  0.04412 -0.00266366  0.00284882  -0.0121246  0.00048249 -0.00235576 -0.00375617  0.0064508 -0.0020056 0.00443916   1.54449 0.0918553  -9.68621  13980
             45.6001 0.00399624  0.0386055  -0.278466   0.0161419   -0.016024 0.000713937 0 0 0   -0.011 -0.02329  0.04412 -0.00441763  0.00192379 -0.00870241 0.000445773 -0.00237977 -0.00380229  0.00657869 -0.00194364  0.00386772   1.54446 0.0918082  -9.68621  14042
             45.7001 0.0012226 0.0206612 -0.285985  0.0173824 -0.0171257 0.00133429 0 0 0   -0.011 -0.02329  0.04412  0.00074185 -0.00111974 -0.00385887 0.000454603  -0.0023514 -0.00379591 0.00612209 -0.0015992 0.00339306   1.54494 0.0914846  -9.68614  13939
             45.7994   -0.0657241 -0.000800628    -0.299546  0.0155516  -0.019069 0.00275607 0 0 0   -0.011 -0.02329  0.04412 -0.00645941 -0.00432542  0.00169914 0.000575504 -0.00233155 -0.00377157  0.00664421 -0.00117214  0.00264326   1.54457 0.0911108   -9.6862  13900
                45.9  0.0944843 -0.0283197  -0.254346  0.0131635 -0.0150753 0.00541812 0 0 0   -0.011 -0.02329  0.04412 -0.0120949 0.00824767 0.00676541 0.000310424 -0.00230129 -0.00383253   0.0070746 -0.00207336  0.00180114   1.54432 0.0919715  -9.68623  14082
             45.9999 0.0273068 0.0325445  -0.32172  0.0138115 -0.0142309  0.0037695 0 0 0   -0.011 -0.02329  0.04412 -0.00666542  0.00894191  0.00170556 0.000410188 -0.00238584 -0.00373185  0.00662371 -0.00210231  0.00252752   1.54462 0.0919764  -9.68618  14146
             46.1001  0.108707 0.0266813 -0.277164  0.0146745 -0.0125393 0.00332941 0 0 0   -0.011 -0.02329  0.04412 -0.000945036    0.0109672  0.000343465 0.000284848 -0.00236766 -0.00380398  0.00624913 -0.00226322  0.00275251   1.54493 0.0921147  -9.68613  14156
             46.1999 -0.0666495  0.0182266  -0.301305  0.0184478  -0.010175 0.00177177 0 0 0   -0.011 -0.02329  0.04412   0.0119146    0.015991 -0.00294856 0.000549237 -0.00234255 -0.00377514  0.00529836 -0.00255761  0.00334356    1.5457 0.0923601  -9.68601  14054
             46.2999  0.0309902 -0.0362563  -0.298109  0.0191226 -0.0107557 0.00645426 0 0 0   -0.011 -0.02329  0.04412 0.00870415  0.0108018 0.00770906  0.00040815 -0.00226023 -0.00378103  0.00553389 -0.00210495  0.00180453   1.54571 0.0919695  -9.68601  14260
             46.4001 0.000301264  -0.0282917   -0.293254   0.0213365 -0.00921981   0.0056509 0 0 0   -0.011 -0.02329  0.04412  0.0128529  0.0129393 0.00367909 0.000452093 -0.00227366 -0.00378446  0.00516818 -0.00220516  0.00232495   1.54596 0.0920472  -9.68597  14034
             46.5001  0.165128  0.027665 -0.302235  0.0195732 -0.0105266  0.0053377 0 0 0   -0.011 -0.02329  0.04412 0.00639459 0.00722152 0.00204249 0.000194424 -0.00236069 -0.00376924   0.0056911 -0.00181605  0.00239415  1.54548 0.091697 -9.68605  13976
             46.5999 0.112705 0.019807 -0.30711    0.01948 -0.0109314 0.00281697 0 0 0   -0.011 -0.02329  0.04412  0.00319202 0.000640404 -0.00424706 0.000280063 -0.00234456 -0.00377041  0.00593509 -0.00147891  0.00327071   1.54512 0.0913817  -9.68611  13975
                46.7 0.0361037 0.0289745 -0.312253  0.0203915 -0.0116492 0.00374251 0 0 0   -0.011 -0.02329  0.04412   0.0059934 -0.00155847 -0.00303149 0.000405431 -0.00236575 -0.00376364  0.00575376 -0.00132647  0.00298951   1.54532 0.0912405  -9.68608  13898
             46.7994 0.0225306 0.0366135 -0.325078   0.0187662  -0.0126371 0.000764785 0 0 0   -0.011 -0.02329  0.04412 -0.00113224 -0.00315142 -0.00809048 0.000430765 -0.00236794 -0.00374659  0.00628309 -0.00113346  0.00369784   1.54474 0.0910718  -9.68617  14102
             46.9001 0.0249301 0.0442179  -0.31363    0.0175802   -0.0127843 -0.000185964 0 0 0   -0.011 -0.02329  0.04412  -0.0042178 -0.00205451 -0.00838327 0.000417128 -0.00238712 -0.00377106  0.00651262 -0.00117005  0.00363563   1.54454 0.0911116   -9.6862  14004
             46.9999  0.0117576 0.00993121  -0.250701  0.0174454 -0.0147714 0.00120274 0 0 0   -0.011 -0.02329  0.04412 -0.00374968 -0.00687212 -0.00425684 0.000444973 -0.00233499 -0.00385867   0.00651416 -0.000826916   0.00302512   1.54463 0.0907996  -9.68619  14146
                47.1 0.0556104 0.0347608 -0.317134  0.0177135 -0.0144635 0.00144285 0 0 0   -0.011 -0.02329  0.04412  -0.0029759 -0.00542427 -0.00272962 0.000380888 -0.00236967 -0.00375584  0.00645022 -0.00091476  0.00294298    1.5447 0.0908786  -9.68618  13919
             47.1999 0.0138042 0.0323831 -0.285956    0.0184994   -0.0162565 -0.000937674 0 0 0   -0.011 -0.02329  0.04412  0.00146575  -0.0068635 -0.00643661 0.000439061 -0.00236579 -0.00379605   0.00612723 -0.000775318    0.0035146    1.5449 0.0907385  -9.68615  14002
             47.2999   -0.041426 -0.00616129   -0.266221   0.0174713  -0.0151301 0.000724007 0 0 0   -0.011 -0.02329  0.04412  -0.00270566 -0.000763214  -0.00144668 0.000521533 -0.00230769   -0.003827  0.00642342 -0.00109924  0.00284085   1.54474 0.0910467  -9.68617  13979
             47.4001  0.0822825 0.00578153  -0.281756  0.0170369 -0.0172407 0.00364691 0 0 0   -0.011 -0.02329  0.04412 -0.00412717 -0.00660518  0.00478464 0.000345001 -0.00232598 -0.00381007   0.00652266 -0.000730636   0.00200466  1.54478 0.090719 -9.68617  14003
                47.5  0.015714 0.0202394  -0.27524  0.0166605 -0.0166196 0.00406076 0 0 0   -0.011 -0.02329  0.04412 -0.00457769 -0.00447531  0.00541433 0.000437819 -0.00234291 -0.00382123  0.00658536 -0.00087839  0.00191641  1.54474 0.090856 -9.68618  13915
             47.5999  0.017756 -0.116948 -0.266941  0.0174867 -0.0154507 0.00728839 0 0 0   -0.011 -0.02329  0.04412 -0.00241556  0.00117649   0.0126228 0.000436989 -0.00215447 -0.00383419  0.00637927 -0.00118918  0.00116293   1.54504 0.0911421  -9.68613  14118
             47.6999 -0.0110406  0.0468017  -0.386744  0.0176489 -0.0145046 0.00494862 0 0 0   -0.011 -0.02329  0.04412 -0.000627721   0.00440249   0.00371937 0.000475421 -0.00238397 -0.00366796  0.00620207 -0.00135211  0.00217133   1.54505 0.0912752  -9.68612  13814
             47.7994  0.0797487 -0.0680222  -0.321158  0.0184584   -0.01306 0.00879134 0 0 0   -0.011 -0.02329  0.04412 0.000960714  0.00703497   0.0114463 0.000365152 -0.00222208 -0.00375832  0.00610148 -0.00146567  0.00133538   1.54526 0.0913882  -9.68609  14212
             47.8999 -0.0181212 -0.0619022  -0.372899  0.0183282  -0.012368 0.00902766 0 0 0   -0.011 -0.02329  0.04412 -1.78525e-05   0.00683314   0.00752281 0.000493509 -0.00223019 -0.00369092  0.00612429 -0.00144069  0.00158992    1.5452 0.0913624   -9.6861  13941
             47.9999 -0.0247207 -0.0769663  -0.288266  0.0176841 -0.0135185 0.00935765 0 0 0   -0.011 -0.02329  0.04412 -0.0026746 0.00269907 0.00622706 0.000495852  -0.0022094 -0.00380564  0.00621865 -0.00110682  0.00170158   1.54509 0.0910618  -9.68612  14103
             48.0998  0.0515757 -0.0637074   -0.28787  0.0202861 -0.0112293 0.00725464 0 0 0   -0.011 -0.02329  0.04412 0.00606218 0.00956566 0.00102401 0.000396391 -0.00222749 -0.00380469  0.00560444 -0.00147442  0.00244282   1.54554 0.0913596  -9.68604  13952
             48.1999  -0.079242 -0.0734003  -0.286936  0.0192689 -0.0125628 0.00839122 0 0 0   -0.011 -0.02329  0.04412 -0.000595315    0.0040172   0.00301785 0.000569356 -0.00221343 -0.00380666  0.00593715 -0.00105262   0.0021357   1.54528 0.0909959  -9.68609  14052
             48.2999   0.169432 0.00328969  -0.309492  0.0185899 -0.0124215 0.00741729 0 0 0   -0.011 -0.02329  0.04412 -0.00222619  0.00264979 -0.00119211 0.000241029 -0.00231088  -0.0037804   0.00602701 -0.000988691   0.00244067  1.54516 0.090936 -9.68611  13893
             48.3999 0.00480768 -0.0109079  -0.304364  0.0182885 -0.0131809 0.00604421 0 0 0   -0.011 -0.02329  0.04412  -0.0031155 0.000638365 -0.00386106 0.000466191 -0.00229295 -0.00378317   0.00605314 -0.000836053   0.00277737   1.54509 0.0907934  -9.68612  13970
             48.4999  -0.057678 -0.0880222  -0.314541  0.0194167 -0.0129642 0.00676887 0 0 0   -0.011 -0.02329  0.04412 0.000318139  0.00262926 -0.00165836 0.000543297 -0.00219732 -0.00377123   0.00577195 -0.000868857   0.00250499   1.54537 0.0908204  -9.68608  14190
             48.5998    0.08398 -0.0161776  -0.362266    0.01893 -0.0138102 0.00522165 0 0 0   -0.011 -0.02329  0.04412  -0.00243676 -5.41222e-05  -0.00422693 0.000373044 -0.00228569 -0.00370607   0.00583833 -0.000650649   0.00285539   1.54526 0.0906191  -9.68609  14088
             48.6999 -0.0251268 -0.0435246  -0.291759  0.0176731 -0.0155808 0.00310464 0 0 0   -0.011 -0.02329  0.04412 -0.00602863 -0.00482755 -0.00820435  0.00050572 -0.00225177 -0.00380223    0.0060113 -0.000325318   0.00325642   1.54505 0.0903237  -9.68613  14263
             48.7994  0.0311535 -0.0345921  -0.341055  0.0168886  -0.015309 0.00582769 0 0 0   -0.011 -0.02329  0.04412  -0.00677534   -0.0016346 -0.000530647 0.000439335 -0.00226101 -0.00374187  0.00604673 -0.00048993  0.00227318   1.54515 0.0904908  -9.68611  14111
             48.9006  0.0339765 -0.0493796  -0.297606  0.0172433 -0.0164725 0.00595002 0 0 0   -0.011 -0.02329  0.04412  -0.00517722  -0.00467625 -0.000758761 0.000432032 -0.00224324 -0.00380098   0.00593173 -0.000306472   0.00226055   1.54525 0.0903237   -9.6861  14015
             48.9998 -0.00725433   0.0130886   -0.278968  0.0159828 -0.0151443 0.00449806 0 0 0   -0.011 -0.02329  0.04412 -0.00618429  0.00210298 -0.00315074 0.000464589 -0.00232021 -0.00382574   0.00595898 -0.000638817   0.00255696    1.5452 0.0906158  -9.68611  14048
             49.0998  0.0864607 -0.0452327  -0.365497  0.0175723 -0.0152127 0.00440326 0 0 0   -0.011 -0.02329  0.04412   0.0003251  0.00131522 -0.00386233 0.000348725 -0.00224651 -0.00372193   0.00560334 -0.000608841    0.0025544   1.5455  0.09058 -9.68606  14031
             49.1999 -0.0150214  0.0193481  -0.279054  0.0161914 -0.0150515 0.00328532 0 0 0   -0.011 -0.02329  0.04412 -0.00433646  0.00176725 -0.00457112 0.000478265  -0.0023237 -0.00383099   0.00582942 -0.000602577   0.00268192   1.54529 0.0905783  -9.68609  14027
             49.2998  0.0260099 -0.0514707  -0.349857  0.0169006 -0.0149722 0.00605971 0 0 0   -0.011 -0.02329  0.04412 -0.0016768 0.00185854  0.0012068 0.000431399 -0.00223699 -0.00374191  0.00569387 -0.00059897   0.0019781    1.5455 0.0905808  -9.68606  13889
             49.3998  0.044518 0.0148333 -0.261903  0.0179836 -0.0129205 0.00512037 0 0 0   -0.011 -0.02329  0.04412  0.00237851  0.00773225 -0.00111106 0.000399616 -0.00231713 -0.00385162   0.00545429 -0.000882966   0.00224163   1.54568 0.0908223  -9.68603  14082
             49.4998  0.0679957 -0.0269928  -0.412535   0.018477 -0.0139639  0.0058587 0 0 0   -0.011 -0.02329  0.04412  0.00318614  0.00257354 0.000303896 0.000374468 -0.00226389  -0.0036654    0.0054222 -0.000615909   0.00206915  1.54572 0.090587 -9.68602  13909
             49.5998   0.0882646 -0.00760045    -0.25344  0.0190158 -0.0102541 0.00581522 0 0 0   -0.011 -0.02329  0.04412  0.00433446   0.0120767 0.000129112 0.000345651 -0.00228585 -0.00386615  0.00537875 -0.00115933  0.00208249   1.54577 0.0910656  -9.68601  14143
             49.6999 -0.0271655 -0.0368079  -0.283424  0.0187804 -0.0114412 0.00597902 0 0 0   -0.011 -0.02329  0.04412  0.00261281  0.00860657 0.000739041  0.00049946 -0.00224699 -0.00382572   0.00543752 -0.000931995   0.00204242   1.54572 0.0908672  -9.68602  13754
             49.7995  0.141458 0.0878405 -0.277082    0.015539 -0.00973761   0.0022351 0 0 0   -0.011 -0.02329  0.04412 -0.00735056  0.00763211  -0.0088466 0.000312144 -0.00239135 -0.00382198   0.00602153 -0.000919872   0.00280706   1.54512 0.0908698  -9.68612  14206
             49.8998 0.000799788   0.0308332   -0.314553  0.0164129 -0.0123494 0.00158312 0 0 0   -0.011 -0.02329  0.04412 -0.00232067 -0.00156478 -0.00778035 0.000482747 -0.00232074 -0.00377777   0.00577396 -0.000436523   0.00282388   1.54531 0.0904369  -9.68609  13890
             49.9999 0.0554616 0.0187041 -0.298686  0.0140586 -0.0126928 0.00220948 0 0 0   -0.011 -0.02329  0.04412 -0.00870717 -0.00251186 -0.00532915 0.000414053 -0.00230602 -0.00380005   0.00613932 -0.000407905   0.00244663   1.54506 0.0904236  -9.68613  14121
             50.0999    0.10916 -0.0430256  -0.309102  0.0150913 -0.0134545 0.00427641 0 0 0   -0.011 -0.02329  0.04412 -0.00376402 -0.00417343 0.000465108 0.000349842 -0.00223324 -0.00378971   0.00587078 -0.000348051   0.00194885   1.54535 0.0903683  -9.68608  13919
             50.1997 0.00371007  0.0167559  -0.234863  0.0147571 -0.0121338 0.00305542 0 0 0   -0.011 -0.02329  0.04412 -0.00350072 0.000652904  -0.0020626 0.000464321 -0.00230184 -0.00387875   0.00584519 -0.000594901    0.0022068   1.54534 0.0905824  -9.68608  14091
             50.2998  0.105128 0.0152963 -0.331632  0.0162068 -0.0128575 0.00108703 0 0 0   -0.011 -0.02329  0.04412  0.00340262 -0.00157443 -0.00659022 0.000348445 -0.00229751 -0.00376159   0.00551866 -0.000479294   0.00260811  1.54556 0.090473 -9.68605  14055
             50.3998 -0.011433 0.0134166 -0.294334  0.0169087 -0.0121242 0.00071171 0 0 0   -0.011 -0.02329  0.04412  0.00484873  0.00106314 -0.00565114  0.00047912 -0.00229207 -0.00380627  0.00546031 -0.00061311  0.00255347  1.54562 0.090589 -9.68604  13974
             50.4997  0.0449432 -0.0233105  -0.249822  0.0171558 -0.0123868 0.00274797 0 0 0   -0.011 -0.02329  0.04412  0.00321822  0.00025156 0.000519567  0.00042186 -0.00225303 -0.00385797   0.00553027 -0.000564034   0.00202134  1.54564 0.090549 -9.68604  14089
             50.5999 0.0901743 0.0379589 -0.227767  0.0175049 -0.0105383 0.00140103 0 0 0   -0.011 -0.02329  0.04412  0.00421198  0.00495103 -0.00241131 0.000367173 -0.00232105 -0.00388168   0.00551479 -0.000832558   0.00228893   1.54561 0.0907815  -9.68604  13995
             50.6998  0.114453 0.0093737 -0.338586  0.0184108 -0.0120296 0.00453425 0 0 0   -0.011 -0.02329  0.04412  0.00484333 -0.00128585  0.00530759 0.000346245  -0.0022848  -0.0037551    0.0054938 -0.000560096   0.00160082   1.54573 0.0905467  -9.68602  13990
             50.7996    0.0737887 -0.000724629    -0.282643  0.0186376 -0.0115397 0.00663492 0 0 0   -0.011 -0.02329  0.04412    0.0034946 -0.000407974    0.0086537 0.000397722 -0.00227751 -0.00381588   0.00555433 -0.000659085    0.0012538   1.54573 0.0906336  -9.68602  13888
             50.8999  0.0324551 -0.0681772  -0.326242   0.018578 -0.0139697 0.00827241 0 0 0   -0.011 -0.02329  0.04412  0.00111665 -0.00726996   0.0103673 0.000439014  -0.0022005 -0.00376808   0.00564054 -0.000319684   0.00111284   1.54567 0.0903406  -9.68603  14060
             50.9997  0.0556804 -0.0265623  -0.379521  0.0185778 -0.0141087 0.00911664 0 0 0   -0.011 -0.02329  0.04412 0.000138977 -0.00582341  0.00967238 0.000415101 -0.00224685 -0.00370658   0.0056543 -0.00039739  0.00111883   1.54566 0.0904079  -9.68603  14109
             51.0998  0.077204  -0.10193 -0.233817  0.0184149 -0.0122986  0.0111883 0 0 0   -0.011 -0.02329  0.04412 -0.00150664  0.00079082   0.0123323 0.000381651 -0.00216575 -0.00387791  0.00569469 -0.00074727  0.00090605   1.54566 0.0907098  -9.68603  14148
             51.1999 -0.0849077 -0.0661101  -0.280354  0.0188899 -0.0130926  0.0106279 0 0 0   -0.011 -0.02329  0.04412 -0.000516237 -0.000851494   0.00793178 0.000560482 -0.00220562  -0.0038248    0.0055689 -0.000627702   0.00125135   1.54572 0.0906046  -9.68602  14053
             51.2998   0.127072 -0.0307587  -0.287535  0.0185896 -0.0112531  0.0101265 0 0 0   -0.011 -0.02329  0.04412 -0.00178292     0.00486  0.00511398 0.000327986 -0.00224582  -0.0038164   0.00558745 -0.000886808   0.00148567   1.54568 0.0908279  -9.68603  14153
             51.3997  0.0339953 -0.0328387  -0.282938   0.0197716 -0.00976404  0.00904358 0 0 0   -0.011 -0.02329  0.04412  0.00255223  0.00724439 0.000813231 0.000430905 -0.00224493 -0.00382133  0.00536106 -0.00103934  0.00180098   1.54583 0.0909531    -9.686  14102
             51.4998   0.162065 -0.0161644  -0.268598  0.0190056 -0.0097869 0.00916768 0 0 0   -0.011 -0.02329  0.04412 0.000454943  0.00584706 0.000758074  0.00028177 -0.00226213 -0.00383774  0.00549254 -0.00100779  0.00176943  1.54572 0.090929 -9.68602  14093
             51.5997 0.0532376 -0.077301 -0.329739  0.0193001 -0.0108575 0.00900113 0 0 0   -0.011 -0.02329  0.04412 -0.000276074  -0.00152509  0.000110079 0.000401232 -0.00219591 -0.00377564   0.00544556 -0.000749098   0.00183826   1.54575 0.0907072  -9.68602  13999
             51.6999  0.0646927 -0.0542527  -0.324686  0.0182042 -0.0108615 0.00878004 0 0 0   -0.011 -0.02329  0.04412  -0.00341097  -0.00179194 -0.000251156  0.00038655 -0.00222556 -0.00378291   0.00560688 -0.000747437     0.001862   1.54561 0.0907082  -9.68604  13969
             51.7995  0.0992525 -0.0306175  -0.346134  0.0187504 -0.0096595  0.0054442 0 0 0   -0.011 -0.02329  0.04412  0.00074379  0.00162262 -0.00858092 0.000334338 -0.00225125 -0.00376099    0.0053884 -0.000949806   0.00247825   1.54572 0.0908818  -9.68602  13991
             51.8997 -0.0451607  0.0202126   -0.22259  0.0186089 -0.0100565 0.00219666 0 0 0   -0.011 -0.02329  0.04412 0.000874904 0.000545882  -0.0140932 0.000486925  -0.0023053 -0.00389313   0.00538298 -0.000867476   0.00291489   1.54567 0.0908156  -9.68603  14123
             51.9997  0.0142551 -0.0302098  -0.290973  0.0204057 -0.0113752 0.00212139 0 0 0   -0.011 -0.02329  0.04412  0.00609444 -0.00261802  -0.0113522 0.000436258 -0.00224687 -0.00381386   0.00516466 -0.000703597   0.00270868   1.54587 0.0906696    -9.686  14233
             52.1005 -0.0212829  0.0806276   -0.28543   0.0200194  -0.0120061 0.000933583 0 0 0   -0.011 -0.02329  0.04412  0.00449938 -0.00450025  -0.0150735 0.000454379 -0.00230871 -0.00381631   0.00522097 -0.000625945   0.00287863    1.5458 0.0906064  -9.68601  13932
             52.1998 0.00112647  0.0460111   -0.29816   0.0200229  -0.0122662 0.000448216 0 0 0   -0.011 -0.02329  0.04412 -0.000468093  -0.00111819   -0.0110437 0.000448292 -0.00230113 -0.00381816   0.00529576 -0.000649076   0.00268385   1.54577 0.0906266  -9.68601  13941
             52.2996  0.113405 0.0497037 -0.227171   0.0167625 -0.00783092 -0.00102263 0 0 0   -0.011 -0.02329  0.04412  -0.01247  0.016712 -0.009327 0.000334108 -0.00230403 -0.00388833   0.00547563 -0.000887599   0.00261067   1.54563 0.0908302  -9.68603  13969
             52.3997  0.128186 0.0262371 -0.291279  0.0181489 -0.0107664 0.00286541 0 0 0   -0.011 -0.02329  0.04412 -0.00293241 8.57209e-05   0.0041015 0.000332394 -0.00227768 -0.00382348   0.00539417 -0.000707108   0.00228488   1.54574 0.0906824  -9.68602  14097
             52.4998  -0.0965898 -0.00111798   -0.280001  0.0180372 -0.0117692 0.00365636 0 0 0   -0.011 -0.02329  0.04412 -0.00220681 -0.00244076  0.00442082 0.000575373 -0.00224844 -0.00384465   0.00538638 -0.000664616   0.00226562   1.54575 0.0906479  -9.68602  13877
             52.5997   0.138673 -0.0974054  -0.277002   0.0199755 -0.00981141  0.00902053 0 0 0   -0.011 -0.02329  0.04412  0.0029261 0.00411256  0.0170149 0.000312144 -0.00214041  -0.0038515   0.00526896 -0.000784854   0.00198441   1.54588 0.0907463  -9.68599  14086
             52.6998 0.00745107 -0.0191258  -0.295025   0.018301 -0.0115346  0.0085413 0 0 0   -0.011 -0.02329  0.04412 -0.00339628 -0.00289516   0.0104873 0.000460607  -0.0022236 -0.00383335  0.00543361 -0.00062383  0.00211895   1.54574 0.0906168  -9.68602  13898
             52.7996  0.0566448 -0.0794323  -0.320069  0.0210307 -0.0127969  0.0113207 0 0 0   -0.011 -0.02329  0.04412  0.00451927 -0.00471864   0.0154275 0.000412907 -0.00215698 -0.00380406   0.00510471 -0.000547547   0.00202352   1.54601 0.0905539  -9.68598  14150
             52.8997  0.0359772 -0.0878503  -0.375715  0.0200316 -0.0134431  0.0126927 0 0 0   -0.011 -0.02329  0.04412 -0.00091506 -0.00544507    0.013917  0.00042603 -0.00214926 -0.00374902   0.00529089 -0.000531101   0.00202153   1.54586 0.0905428    -9.686  13928
             52.9997 0.0567016 -0.122404 -0.344843  0.0188709 -0.0145186  0.0137031 0 0 0   -0.011 -0.02329  0.04412 -0.00575955  -0.0069712   0.0125789 0.000404261 -0.00210944 -0.00378556    0.0054231 -0.000458769   0.00205443   1.54575 0.0904871  -9.68602  14145
             53.0997 -0.0244653 -0.0958722   -0.28147  0.0171187 -0.0124533  0.0100452 0 0 0   -0.011 -0.02329  0.04412  -0.0103647 0.000785115  0.00285675 0.000492083 -0.00214105 -0.00384962   0.00557776 -0.000756408   0.00264427   1.54557 0.0907269  -9.68605  13920
             53.1997  0.0899986 -0.0766315   -0.30115  0.016101 -0.012196   0.01053 0 0 0   -0.011 -0.02329  0.04412 -0.0110775 0.00093844   0.002083 0.000368093 -0.00216042 -0.00382717   0.00559755 -0.000782835   0.00259577   1.54556 0.0907488  -9.68605  14130
             53.2998   0.118077 -0.0649811  -0.346095  0.0191734 -0.0126059 0.00915505 0 0 0   -0.011 -0.02329  0.04412  0.00275321 -0.00114187 -0.00117453 0.000328964 -0.00217387  -0.0037877   0.00483467 -0.000731531   0.00296357   1.54611 0.0906822  -9.68596  13948
             53.3997 0.0709329 0.0102182 -0.354329  0.0169475 -0.0130166 0.00665005 0 0 0   -0.011 -0.02329  0.04412 -0.00435352  -0.0025804  -0.0074505 0.000380897 -0.00225761 -0.00377884   0.00515946 -0.000663911   0.00335577   1.54581 0.0906362  -9.68601  14031
             53.4998   0.124749 -0.0390741  -0.325673  0.0174258 -0.0129886 0.00599167 0 0 0   -0.011 -0.02329  0.04412 -0.00154881 -0.00235405 -0.00752296 0.000321395 -0.00220946 -0.00381571    0.0050244 -0.000713778   0.00334676   1.54592 0.0906717  -9.68599  14215
             53.5997  0.0516677 -0.0217425  -0.328178  0.0187433 -0.0134139 0.00512503 0 0 0   -0.011 -0.02329  0.04412  0.00255516 -0.00314711 -0.00779628 0.000396426  -0.0022273 -0.00381454   0.00479935 -0.000700053   0.00338458   1.54609 0.0906527  -9.68596  14088
             53.6998  0.0338385 -0.0617708  -0.313999  0.0164131 -0.0155419 0.00696139 0 0 0   -0.011 -0.02329  0.04412 -0.00738599 -0.00861347 -0.00246112 0.000420123 -0.00218717 -0.00382976   0.00520449 -0.000454972   0.00286441   1.54583 0.0904715  -9.68601  14278
             53.7995  0.144712 0.0194707 -0.343542  0.0178394 -0.0138039 0.00559567 0 0 0   -0.011 -0.02329  0.04412  0.000879933 -0.000998954  -0.00504087 0.000283465 -0.00227186  -0.0038076   0.00485381 -0.000845709   0.00305797   1.54609 0.0907688  -9.68596  14173
             53.9004  0.0240074 -0.0531979  -0.309059  0.0175825 -0.0138855 0.00543661 0 0 0   -0.011 -0.02329  0.04412 -1.43571e-06  -0.00123072  -0.00595061 0.000401411 -0.00220029 -0.00384424   0.00489272 -0.000838346   0.00304919   1.54606 0.0907644  -9.68597  14050
             53.9997  0.104852 0.0673736 -0.335622  0.0171972 -0.0139017 0.00295746 0 0 0   -0.011 -0.02329  0.04412 -0.000588561  -0.00117306  -0.00853774 0.000316817 -0.00232382 -0.00382129   0.00492458 -0.000856251   0.00329946   1.54601 0.0907803  -9.68597  14056
             54.0996  0.0520611 -0.0183201  -0.323491  0.0177012 -0.0132527 0.00373404 0 0 0   -0.011 -0.02329  0.04412  0.00161059 0.000386086 -0.00595424 0.000367431 -0.00223508 -0.00383841   0.00487681 -0.000952839    0.0030368   1.54608 0.0908544  -9.68596  14044
             54.1998  0.0217954 0.00193357  -0.278614  0.0171073 -0.0120034  0.0055219 0 0 0   -0.011 -0.02329  0.04412 -0.00111704  0.00349983 -0.00157322 0.000402517 -0.00225678 -0.00388504  0.00499452 -0.00109798  0.00264068   1.54604 0.0909722  -9.68597  13992
             54.2997   0.0301863 0.000219398    -0.37917  0.0175954 -0.0122379 0.00631007 0 0 0   -0.011 -0.02329  0.04412  0.00119154  0.00183667 0.000279369  0.00039661 -0.00225016 -0.00378565  0.00492541 -0.00101953  0.00248931   1.54611 0.0909083  -9.68596  13915
             54.3996    0.1377 0.0206568   -0.2684   0.016272 -0.0115251 0.00755105 0 0 0   -0.011 -0.02329  0.04412 -0.00355509  0.00217929  0.00279503 0.000292008 -0.00227302 -0.00389614  0.00512784 -0.00107676  0.00226492   1.54598 0.0909596  -9.68598  14074
             54.4997 0.0414704 -0.109455 -0.378864  0.0166052 -0.0128085  0.0102641 0 0 0   -0.011 -0.02329  0.04412 -0.00245673 -0.00244451  0.00822709  0.00039107 -0.00213886  -0.0037839   0.00507134 -0.000916872   0.00186886   1.54607 0.0908335  -9.68596  13918
             54.5997 -0.0133052 -0.0251708   -0.32735  0.0167853 -0.0116895 0.00968899 0 0 0   -0.011 -0.02329  0.04412 -0.0013634 0.00193552 0.00428585 0.000439388 -0.00222404 -0.00383594  0.00498277 -0.00107675  0.00211072   1.54611 0.0909552  -9.68596  14070
             54.6996   0.063952 -0.0386903  -0.361711  0.0181271 -0.0128281  0.0080801 0 0 0   -0.011 -0.02329  0.04412   0.00346814  -0.00101171 -0.000181566 0.000367787  -0.0022077 -0.00380023   0.00475932 -0.000918876   0.00247125  1.54623 0.090824 -9.68594  13944
             54.7996 0.0401214 -0.105593 -0.311917  0.0196069 -0.0109689 0.00956373 0 0 0   -0.011 -0.02329  0.04412 0.00608635 0.00429677 0.00196529 0.000393688 -0.00214242 -0.00385293  0.00462627 -0.00116772  0.00222861   1.54637 0.0910125  -9.68591  14108
             54.8996 0.0214459 -0.100649 -0.323365  0.0172663 -0.0115377  0.0112364 0 0 0   -0.011 -0.02329  0.04412 -0.00490363  0.00167396  0.00557388 0.000407811 -0.00215045 -0.00384318  0.00501551 -0.00104367  0.00194387   1.54611 0.0909335  -9.68596  13890
             54.9997   0.057974 -0.0486219   -0.27501  0.0163639 -0.0121059  0.0089862 0 0 0   -0.011 -0.02329  0.04412  -0.00579502 -0.000563134  -0.00186562 0.000367867 -0.00220251   -0.003895      0.00502 -0.000942169   0.00240551   1.54605 0.0908533  -9.68597  14117
             55.0997  0.0632072 -0.0831798  -0.310333  0.0157357 -0.0128625 0.00896369 0 0 0   -0.011 -0.02329  0.04412 -0.00637334 -0.00303769 -0.00240358 0.000366907 -0.00216699 -0.00385803   0.00502264 -0.000860407   0.00237974   1.54604 0.0907904  -9.68597  13869
             55.1995  0.0989907 -0.0144329  -0.338817  0.0142476 -0.0123538  0.0073048 0 0 0   -0.011 -0.02329  0.04412 -0.00897532 -0.00138485 -0.00609392 0.000328523   -0.002234 -0.00383299   0.00511458 -0.000953166   0.00259436   1.54595 0.0908637  -9.68598  14021
             55.2995  0.0883986 -0.0520446  -0.346515  0.0156107 -0.0120328 0.00626205 0 0 0   -0.011 -0.02329  0.04412  -0.00264752 -4.40817e-05  -0.00670512 0.000339118  -0.0021968 -0.00382841  0.00481501 -0.00101679  0.00270056   1.54617 0.0909035  -9.68595  14141
             55.3997  0.0215665 -0.0164099  -0.345214  0.0151751 -0.0119907 0.00488487 0 0 0   -0.011 -0.02329  0.04412 -0.00312373 0.000159755 -0.00834755  0.00039942 -0.00223109 -0.00383325  0.00483045 -0.00102403  0.00278889   1.54615 0.0909093  -9.68595  13978
             55.4996 0.0884029 -0.018255 -0.303487  0.0158424 -0.0116045 0.00436435 0 0 0   -0.011 -0.02329  0.04412 -0.00037076  0.00136433 -0.00772383 0.000336478 -0.00222702 -0.00387283  0.00470306 -0.00107252  0.00274494   1.54625 0.0909422  -9.68593  14043
             55.5995 0.0513882 0.0158645 -0.338896  0.0180452 -0.0109729 0.00272474 0 0 0   -0.011 -0.02329  0.04412 0.00701726 0.00283891 -0.0103141 0.000367674 -0.00226435 -0.00383595  0.00440447 -0.00114316  0.00291422   1.54646 0.0909857   -9.6859  14000
             55.6996  0.0438137 -0.0514711  -0.304335  0.0189112 -0.0120999  0.0048033 0 0 0   -0.011 -0.02329  0.04412   0.00608717 -0.000933178  -0.00298379 0.000383796 -0.00219784 -0.00386622   0.00442537 -0.000985167   0.00240729   1.54649 0.0908654   -9.6859  14051
             55.7995   0.0405447 -0.00186753   -0.335755  0.0190023  -0.012389 0.00474064 0 0 0   -0.011 -0.02329  0.04412  0.00415603 -0.00123406 -0.00254051 0.000382104 -0.00224633 -0.00384024   0.0045009 -0.00096259  0.00234943   1.54644 0.0908508   -9.6859  13893
             55.8995  0.0874389 -0.0274973  -0.310738  0.0174691 -0.0134434 0.00485774 0 0 0   -0.011 -0.02329  0.04412  -0.0020661 -0.00476704 -0.00276952 0.000339432 -0.00222327 -0.00386219   0.00474838 -0.000847224   0.00226969   1.54626 0.0907717  -9.68593  14080
             55.9996 -0.00118936 -0.00674073   -0.371273    0.01743 -0.0150056 0.00485514 0 0 0   -0.011 -0.02329  0.04412 -0.00199125 -0.00742271 -0.00222378 0.000424407 -0.00224441 -0.00380389   0.00472717 -0.000729937   0.00222916   1.54628 0.0906822  -9.68593  13999
             56.0995   0.121293 -0.0359839  -0.355334  0.0177732 -0.0132925 0.00784529 0 0 0   -0.011 -0.02329  0.04412 -0.000517574  -0.00120824    0.0046094 0.000314446 -0.00221515 -0.00381802  0.00469751 -0.00101465  0.00173412   1.54637 0.0908959  -9.68592  14221
             56.1996 -0.0193179 -0.0608217  -0.354037  0.0189558 -0.0123766 0.00834518 0 0 0   -0.011 -0.02329  0.04412 0.00265815 0.00217216 0.00451299 0.000446565 -0.00218929 -0.00382297  0.00453455 -0.00114158  0.00175066   1.54649 0.0909853   -9.6859  14055
             56.2996   0.115229 -0.0815079  -0.381928  0.0195135 -0.0119974  0.0101282 0 0 0   -0.011 -0.02329  0.04412 0.00270275 0.00262158 0.00700648 0.000318007 -0.00216989 -0.00380169  0.00450943 -0.00116226  0.00155114   1.54653 0.0909996  -9.68589  14136
             56.3996  -0.018185 -0.0929263  -0.379868  0.0200761 -0.0114162 0.00954858 0 0 0   -0.011 -0.02329  0.04412 0.00286717 0.00398266 0.00383263 0.000441314 -0.00216089 -0.00380229  0.00445648 -0.00119784  0.00175239   1.54655 0.0910238  -9.68589  14030
             56.4995   0.101125 -0.0771658  -0.314152  0.0193638 -0.0100718 0.00936757 0 0 0   -0.011 -0.02329  0.04412 -0.000262917   0.00654598   0.00158539 0.000333311 -0.00217411 -0.00386519 0.00457233 -0.0012971 0.00182065   1.54646 0.0911042   -9.6859  14031
             56.5996   0.180889 -0.0307419  -0.293937  0.0177517 -0.0105872 0.00964001 0 0 0   -0.011 -0.02329  0.04412 -0.00573168  0.00439777  0.00307642 0.000251052 -0.00222302 -0.00388538  0.00477635 -0.00121409  0.00176441   1.54632 0.0910534  -9.68592  13891
             56.6995  0.0980562 -0.0562519  -0.313812   0.0178616 -0.00959598   0.0107991 0 0 0   -0.011 -0.02329  0.04412 -0.00223805  0.00273825  0.00365903 0.000323232 -0.00220099 -0.00387184  0.00463799 -0.00128155  0.00166791   1.54643 0.0910961   -9.6859  13985
             56.7996   0.142915 -0.0578876  -0.316089  0.0166643 -0.0109002 0.00814077 0 0 0   -0.011 -0.02329  0.04412 -0.00566485 -0.00236861 -0.00222753 0.000281993 -0.00219773 -0.00387068  0.00472227 -0.00110242  0.00210288   1.54632 0.0909707  -9.68592  13987
             56.8995   0.0411362 -0.00241556   -0.379923  0.0151621 -0.0124348 0.00625218 0 0 0   -0.011 -0.02329  0.04412 -0.00806763 -0.00659448 -0.00654232 0.000382705  -0.0022474 -0.00380963   0.00481216 -0.000965743   0.00231852   1.54622 0.0908756  -9.68594  14126
             56.9996  0.0790479 -0.0477799  -0.371935  0.0160665 -0.0149518  0.0057811 0 0 0   -0.011 -0.02329  0.04412 -0.00252725  -0.0117142 -0.00718365 0.000350439 -0.00220666 -0.00381734   0.00459827 -0.000784825   0.00230616   1.54637 0.0907342  -9.68592  14104
             57.0995 0.0236622 -0.033483 -0.318058   0.016958 -0.0145944 0.00417612 0 0 0   -0.011 -0.02329  0.04412  0.00112407 -0.00844382 -0.00973219 0.000401122  -0.0022188 -0.00386783   0.00446058 -0.000897816    0.0024874   1.54646 0.0908159   -9.6859  13958
             57.1995   0.059808 -0.0454825  -0.345165  0.0179044 -0.0130575 0.00641175 0 0 0   -0.011 -0.02329  0.04412  0.00245593 -0.00131049 -0.00203913 0.000375855  -0.0022082 -0.00384164   0.0043826 -0.00116892  0.00203208   1.54657 0.0910039  -9.68588  14088
             57.2994 0.0476943 0.0432799 -0.334422  0.0170263 -0.0130182  0.0019808 0 0 0   -0.011 -0.02329  0.04412  0.00052619 -0.00116619  -0.0117191 0.000391686  -0.0022861 -0.00385068 0.00449491 -0.0011771 0.00260307   1.54643 0.0910234   -9.6859  13970
             57.3995  0.139884 0.0156434 -0.369643  0.0169252 -0.0141129 0.00317255 0 0 0   -0.011 -0.02329  0.04412 0.000182673 -0.00447352  -0.0063441 0.000310644 -0.00225989 -0.00382259  0.00453128 -0.00108399  0.00226934   1.54644 0.0909525   -9.6859  14063
             57.4995  -0.0121114 -0.00247398   -0.245793  0.0176877 -0.0117305  0.0016388 0 0 0   -0.011 -0.02329  0.04412   0.0027768  0.00370698 -0.00776873 0.000453396 -0.00224161 -0.00393624  0.00443851 -0.00137548   0.0024027    1.5465 0.0911631  -9.68589  13956
             57.5995   0.176283 -0.0307681  -0.372186   0.019029 -0.0115118 0.00521209 0 0 0   -0.011 -0.02329  0.04412 0.00515208  0.0025139 0.00216272 0.000288683 -0.00221373 -0.00382066  0.00436172 -0.00137749  0.00178054   1.54662 0.0911556  -9.68587  14017
             57.6994 -0.0086119   0.031688  -0.278418  0.0182219  -0.012215 0.00482835 0 0 0   -0.011 -0.02329  0.04412  0.000745926 -0.000364437   0.00145387 0.000457257 -0.00227084 -0.00390351  0.00450239 -0.00127577  0.00184516   1.54651 0.0910869  -9.68589  14019
             57.7994  0.115273 -0.028153 -0.415856  0.0189112 -0.0144747 0.00631636 0 0 0   -0.011 -0.02329  0.04412  0.00233773 -0.00668261   0.0042744 0.000350073 -0.00221756 -0.00378284  0.00444947 -0.00104891  0.00165789  1.54657 0.090919 -9.68588  14141
             57.8996 0.00986909 -0.0211726  -0.355966  0.0169039 -0.0149829 0.00820603 0 0 0   -0.011 -0.02329  0.04412  -0.0049583 -0.00640825    0.007291 0.000445417 -0.00222144 -0.00383648  0.00473563 -0.00106974  0.00142189    1.5464 0.0909415  -9.68591  13919
             57.9995  0.0733962 -0.0483748  -0.277247  0.0182659 -0.0140258 0.00818623 0 0 0   -0.011 -0.02329  0.04412  0.00107396 -0.00139844  0.00574334 0.000397042 -0.00219681 -0.00390044  0.00450767 -0.00124485  0.00153832  1.54655  0.09106 -9.68589  14125
             58.0995   0.085942 -0.0757188  -0.324565  0.0183852 -0.0121673  0.0092047 0 0 0   -0.011 -0.02329  0.04412 5.87394e-05  0.00382697  0.00685383 0.000384193 -0.00217674 -0.00386084  0.00450837 -0.00145916  0.00146079   1.54656 0.0912141  -9.68588  13969
             58.1995   0.135982 -0.0367166  -0.258307 0.0177946 -0.011584 0.0101457 0 0 0   -0.011 -0.02329  0.04412 -0.00191973  0.00367068  0.00693698 0.000339504 -0.00221261 -0.00391965  0.00458609 -0.00149636  0.00137564   1.54652 0.0912436  -9.68589  14034
             58.2994   0.177505 -0.0638743  -0.327377  0.0183713 -0.0109206 0.00893363 0 0 0   -0.011 -0.02329  0.04412 0.000510566  0.00388284  0.00346412 0.000307523 -0.00218403 -0.00385839  0.00447241 -0.00154022  0.00164793   1.54657 0.0912725  -9.68588  13948
             58.3995   0.130585 -0.0062863  -0.327199  0.0172343 -0.0114877 0.00911218 0 0 0   -0.011 -0.02329  0.04412  -0.00352768 -0.000351249   0.00205514 0.000349228 -0.00223776 -0.00386102  0.00461834 -0.00144346   0.0016422   1.54647 0.0912067   -9.6859  14025
             58.4996    0.131558 -0.00900668   -0.249872  0.0166568 -0.0111491 0.00705868 0 0 0   -0.011 -0.02329  0.04412   -0.0038341 -0.000368619  -0.00328174 0.000349038 -0.00223443 -0.00393092  0.00461747 -0.00148049  0.00197544   1.54643 0.0912374   -9.6859  14205
             58.5994  0.0779622 -0.0114782  -0.419317  0.0148478 -0.0134767 0.00470421 0 0 0   -0.011 -0.02329  0.04412 -0.00779941 -0.00782535 -0.00890926 0.000393384 -0.00223172  -0.0037839  0.00477264 -0.00123092  0.00225523   1.54629 0.0910669  -9.68593  14044
             58.6994    0.12829 -0.0423203   -0.35218  0.0167389 -0.0134602  0.0067706 0 0 0   -0.011 -0.02329  0.04412 -9.49447e-05  -0.00610032  -0.00264576 0.000350616 -0.00220448 -0.00384676  0.00448307 -0.00133329  0.00187694   1.54653 0.0911265  -9.68589  14245
             58.7995   0.126202 0.00527469  -0.314771  0.0175567 -0.0125412  0.0055308 0 0 0   -0.011 -0.02329  0.04412  0.00256464 -0.00245704 -0.00382824 0.000350399 -0.00224567 -0.00388177   0.0043776 -0.00148164  0.00202649   1.54659 0.0912324  -9.68588  14176
             58.8995    0.130696 -0.00374664   -0.302784  0.0171216 -0.0134408 0.00679899 0 0 0   -0.011 -0.02329  0.04412 0.000728392 -0.00631127 -0.00239976  0.00034518 -0.00224113  -0.0038901  0.00450513 -0.00146975  0.00173115   1.54654 0.0912208  -9.68589  14148
             58.9995  0.104232 0.0484352 -0.361967    0.01802 -0.0109348 0.00488882 0 0 0   -0.011 -0.02329  0.04412  0.00402666   0.0013599 -0.00686242 0.000361046 -0.00228777 -0.00384013  0.00441914 -0.00177128  0.00193035  1.54658 0.091436 -9.68588  14071
             59.0994  0.0955252 -0.0485174  -0.304341  0.0182474 -0.0137151 0.00777254 0 0 0   -0.011 -0.02329  0.04412  0.00248615 -0.00748262 0.000149831 0.000374087 -0.00220422 -0.00389011  0.00446597 -0.00151604  0.00148203   1.54659 0.0912453  -9.68588  13982
             59.1994    0.11315 -0.0635661  -0.288912  0.0188429   -0.01093 0.00918468 0 0 0   -0.011 -0.02329  0.04412 0.00358485 0.00128004 0.00340808 0.000363277 -0.00218793  -0.0039015  0.00443866 -0.00185708  0.00130118   1.54664 0.0914785  -9.68587  14101
             59.2995  0.0959643 -0.0825527   -0.27057  0.0190379 -0.0109123   0.010198 0 0 0   -0.011 -0.02329  0.04412 0.00228399 8.6354e-05 0.00444773 0.000379367 -0.00217095 -0.00391614  0.00445622 -0.00185196  0.00121038   1.54664 0.0914729  -9.68587  13939
             59.3994  0.0897377 -0.0655543  -0.285957  0.0171548 -0.0111364  0.0102296 0 0 0   -0.011 -0.02329  0.04412  -0.0052981 -0.00103875  0.00380553 0.000390437 -0.00218726 -0.00390231  0.00467781 -0.00182172  0.00121306   1.54649 0.0914577  -9.68589  14074
             59.4995  0.102269  -0.08126 -0.280299   0.0194526 -0.00958114   0.0112469 0 0 0   -0.011 -0.02329  0.04412 0.0040375 0.0028091 0.0041135 0.000375159 -0.00217813 -0.00390811  0.00433004 -0.00201094   0.0011845   1.54673 0.0915836  -9.68585  13861
             59.5993   0.133121 -0.0666241   -0.36687   0.018411 -0.0107948  0.0118242 0 0 0   -0.011 -0.02329  0.04412 -0.00141647 -0.00203413  0.00495606  0.00035313 -0.00218752 -0.00383306  0.00448007 -0.00186953  0.00114827   1.54663 0.0914858  -9.68587  14169
             59.6995   0.169991 -0.0364547  -0.287421  0.017492 -0.011174 0.0107206 0 0 0   -0.011 -0.02329  0.04412  -0.0041755 -0.00395634   0.0014004 0.000318057 -0.00221475 -0.00390086  0.00454874 -0.00185213  0.00134107   1.54657 0.0914782  -9.68588  13931
             59.7993  0.184222  -0.11379 -0.239185  0.0168695 -0.0108951   0.012844 0 0 0   -0.011 -0.02329  0.04412 -0.00550378 -0.00463898  0.00494877 0.000301528 -0.00214936 -0.00394256  0.00457489 -0.00194363   0.0010835   1.54658 0.0915364  -9.68588  14113
             59.8995   0.216841 -0.0383809  -0.251626  0.0179456 -0.0107119  0.0122197 0 0 0   -0.011 -0.02329  0.04412 -0.000979757  -0.00478463   0.00223626 0.000273082 -0.00221398 -0.00393329 0.00439979 -0.0020021 0.00122772   1.54668 0.0915785  -9.68586  13913
             59.9995    0.260389 -0.00807616   -0.248665   0.017536 -0.0105831  0.0103043 0 0 0   -0.011 -0.02329  0.04412 -0.00128621  -0.0057717 -0.00204606 0.000236842 -0.00223552 -0.00393496  0.00441199 -0.00207845  0.00151094   1.54665 0.0916396  -9.68586  14134
             60.0995   0.196897 -0.0382894  -0.288934  0.0150369 -0.0134166  0.0084614 0 0 0   -0.011 -0.02329  0.04412 -0.00823549  -0.0149984 -0.00595646 0.000287927 -0.00221093 -0.00390055  0.00465779 -0.00186458  0.00170082   1.54647 0.0914982  -9.68589  13859
             60.1994  0.171504 0.0421389 -0.283936   0.015255 -0.0132892 0.00549429 0 0 0   -0.011 -0.02329  0.04412 -0.00459082   -0.011672 -0.00942677  0.00030932 -0.00227699 -0.00390668  0.00452043 -0.00201637  0.00202207   1.54653 0.0916184  -9.68588  14025
             60.2993   0.128454 -0.0122034  -0.281525  0.0161362  -0.014284 0.00472169 0 0 0   -0.011 -0.02329  0.04412 -0.000172182   -0.0125524   -0.0100181 0.000347917  -0.0022324 -0.00390888   0.0043865 -0.00203348   0.0020135   1.54662 0.0916312  -9.68587  14139
             60.3995  0.0202647 0.00623573  -0.396172  0.0184871 -0.0153134 0.00314332 0 0 0   -0.011 -0.02329  0.04412 0.00765378 -0.0112792 -0.0109224 0.000433837 -0.00224542 -0.00381422  0.00413104 -0.00206886  0.00209445   1.54678 0.0916622  -9.68584  14016
             60.4994  0.119963 0.0181668 -0.300023  0.0207115 -0.0138058 0.00214493 0 0 0   -0.011 -0.02329  0.04412   0.0125716 -0.00377361  -0.0105306 0.000350628 -0.00225861 -0.00389499  0.00397303 -0.00232616  0.00208784   1.54688 0.0918366  -9.68583  14050
             60.5994 0.0484806 0.0702484 -0.399171    0.018635   -0.015483 0.000638177 0 0 0   -0.011 -0.02329  0.04412  0.00635286 -0.00893922  -0.0144672 0.000415752 -0.00230563 -0.00380041  0.00421461 -0.00215555  0.00223654   1.54671 0.0917292  -9.68585  13997
             60.6995  0.0858689 -0.0267271  -0.315461  0.0188617 -0.0159729 0.00417944 0 0 0   -0.011 -0.02329  0.04412   0.00254611  -0.00602153 -0.000475493 0.000384155 -0.00222617  -0.0038776  0.00438783 -0.00228657  0.00144884   1.54669 0.0917944  -9.68586  14015
             60.7995  0.113501 0.0149862 -0.382233  0.0181748 -0.0167284 0.00570504 0 0 0   -0.011 -0.02329  0.04412 -2.74374e-05  -0.00758006    0.0024523 0.000360029  -0.0022591 -0.00382247  0.00449956 -0.00227479  0.00124546   1.54664 0.0917857  -9.68586  13936
             60.8995   0.146154 -0.0449021  -0.362683  0.0178706 -0.0171769 0.00899005 0 0 0   -0.011 -0.02329  0.04412 -0.00227475  -0.0073785  0.00936975 0.000334419 -0.00221197 -0.00383653  0.00455601 -0.00232181 0.000881016  1.54665 0.091812 -9.68586  14102
             60.9994  0.0971705 -0.0379403  -0.361927  0.0172168 -0.0162147 0.00924943 0 0 0   -0.011 -0.02329  0.04412 -0.00339011 -0.00356897  0.00727171 0.000376959 -0.00221645 -0.00383682  0.00459639 -0.00247671 0.000952469   1.54662 0.0919194  -9.68587  14029
             61.0994  0.163922 -0.084061 -0.377213  0.0174167 -0.0158941  0.0115497 0 0 0   -0.011 -0.02329  0.04412 -0.00242349 -0.00284922    0.010205 0.000320663 -0.00217904 -0.00382745  0.00455442 -0.00255067 0.000767926   1.54668 0.0919628  -9.68586  14133
             61.1993  0.0204971 -0.0551824  -0.393912  0.0177939 -0.0152937  0.0118686 0 0 0   -0.011 -0.02329  0.04412 -0.000463333 -0.000629803    0.0086624 0.000437901 -0.00219823 -0.00381255  0.00448421 -0.00263504 0.000848268  1.54672 0.092016 -9.68585  14122
             61.2994   0.168047 -0.0286878  -0.326468  0.0178413 -0.0157933  0.0094895 0 0 0   -0.011 -0.02329  0.04412 0.000587599 -0.00236041  0.00016521 0.000320449 -0.00222124  -0.0038654  0.00443683 -0.00258438  0.00125613    1.5467 0.0919863  -9.68585  14153
             61.3993   0.103215 -0.0610114  -0.345993 0.0191819 -0.013455 0.0107625 0 0 0   -0.011 -0.02329  0.04412 0.00409442 0.00427968  0.0033468 0.000376778 -0.00219419 -0.00384761  0.00431569 -0.00284031  0.00111861   1.54681 0.0921457  -9.68583  14042
             61.4993   0.183131 -0.0637991  -0.323726  0.0186416 -0.0133804  0.0115273 0 0 0   -0.011 -0.02329  0.04412 0.000642269  0.00212706  0.00478244  0.00030986 -0.00218993 -0.00386905  0.00441104 -0.00280949  0.00105821   1.54675 0.0921299  -9.68584  14083
             61.5994   0.208924 -0.0680415  -0.337336  0.0196847 -0.0137543  0.0122091 0 0 0   -0.011 -0.02329  0.04412  0.00253915 -0.00190148  0.00432892 0.000294481 -0.00219075 -0.00385565  0.00429632 -0.00276885  0.00105673   1.54682 0.0920972  -9.68583  13962
             61.6995   0.122716 -0.0196108  -0.310464  0.0193812 -0.0127222  0.0101663 0 0 0   -0.011 -0.02329  0.04412   0.00181003 -0.000186449  -0.00184112 0.000365639 -0.00222858 -0.00387464  0.00433609 -0.00288052  0.00134327   1.54677 0.0921792  -9.68584  14005
             61.7994   0.138919 -0.0821299  -0.364785  0.0172584 -0.0143468 0.00949831 0 0 0   -0.011 -0.02329  0.04412 -0.00650938 -0.00542034 -0.00236561 0.000360412 -0.00217551 -0.00383186  0.00456883 -0.00271724  0.00139094   1.54661 0.0920825  -9.68587  14003
             61.8994  -0.0206649 -0.00985198   -0.301763  0.0150285 -0.0146569 0.00733186 0 0 0   -0.011 -0.02329  0.04412  -0.0103186 -0.00472862 -0.00761303 0.000486127 -0.00223312 -0.00388431  0.00471091 -0.00273805  0.00159261   1.54651 0.0921076  -9.68588  14027
             61.9994     0.123033 -0.000356354    -0.359905   0.015157 -0.0159924 0.00569692 0 0 0   -0.011 -0.02329  0.04412 -0.00758288   -0.006958 -0.00947228  0.00036573 -0.00224234 -0.00384005  0.00459595 -0.00264705  0.00172804   1.54656 0.0920487  -9.68587  14228
             62.1001 -0.0169791 0.00744967  -0.292269  0.0163231 -0.0150136 0.00471199 0 0 0   -0.011 -0.02329  0.04412 -0.00222421 -0.00357052  -0.0120585 0.000480722 -0.00224917 -0.00389747  0.00444456 -0.00276149   0.0018272   1.54666 0.0921213  -9.68586  13933
             62.1995  0.0739631 -0.0288547  -0.327792  0.0195672 -0.0136768 0.00493798 0 0 0   -0.011 -0.02329  0.04412  0.00938706   0.0035369 -0.00605424 0.000404597 -0.00221745 -0.00387068  0.00409435 -0.00294922  0.00156032    1.5469 0.0922302  -9.68582  14038
             62.2995   0.0791644 -0.00927937   -0.423994  0.0196722 -0.0144026 0.00541326 0 0 0   -0.011 -0.02329  0.04412  0.00842093 0.000929121 -0.00481834 0.000400464 -0.00223255 -0.00379451  0.00412383 -0.00287272  0.00147514   1.54689 0.0921803  -9.68582  13977
             62.3995  0.0706355 -0.0325805  -0.361207  0.0196064 -0.0171308 0.00484478 0 0 0   -0.011 -0.02329  0.04412   0.0033838 -0.00722388 -0.00420409 0.000412431 -0.00220987 -0.00384311  0.00425882 -0.00261492  0.00144192   1.54681 0.0920177  -9.68584  14013
             62.4994   0.0856559 -0.00665876   -0.386241  0.0189582 -0.0157763 0.00509486 0 0 0   -0.011 -0.02329  0.04412 0.000160583 -0.00165545 -0.00250966 0.000404729 -0.00222813 -0.00382274  0.00435706 -0.00278871  0.00134322  1.54676 0.092134 -9.68584  13858
             62.5994 0.0878943 -0.104406 -0.358295  0.0190559 -0.0154876  0.0097442 0 0 0   -0.011 -0.02329  0.04412  -0.00183848 -0.000766811   0.00771377 0.000400302 -0.00215461 -0.00384484   0.0043892 -0.00283347 0.000768888    1.5468 0.0921687  -9.68583  14108
             62.6995 -0.0111976 -0.0238937  -0.337902  0.0169416 -0.0129136 0.00812474 0 0 0   -0.011 -0.02329  0.04412 -0.00756581  0.00692818  0.00223511 0.000473322 -0.00221927 -0.00386118  0.00455834 -0.00304828  0.00101812   1.54668 0.0923132  -9.68585  13963
                62.8    0.12389 -0.0647479  -0.343166  0.0171649 -0.0131032 0.00988742 0 0 0   -0.011 -0.02329  0.04412 -0.00503785   0.0048124  0.00593374 0.000365246 -0.00218606 -0.00385732  0.00446931  -0.0029689 0.000852027   1.54675 0.0922592  -9.68584  14055
             62.8994   0.120595 -0.0585614  -0.357086  0.0179295 -0.0105783     0.0108 0 0 0   -0.011 -0.02329  0.04412 -0.00174771  0.00995024  0.00654305 0.000363143 -0.00219381 -0.00384783   0.0043484 -0.00316042 0.000815003   1.54684 0.0923749  -9.68583  13927
             62.9993    0.13366 -0.0861279  -0.364763   0.016694 -0.0128569   0.011811 0 0 0   -0.011 -0.02329  0.04412   -0.0064552 -8.90329e-05    0.0072567 0.000347989 -0.00217479 -0.00384422  0.00445081    -0.00287 0.000763872   1.54676 0.0921963  -9.68584  14113
             63.0993  0.0866834 -0.0781884  -0.384249 0.0172472 -0.012777 0.0113205 0 0 0   -0.011 -0.02329  0.04412  -0.00364609 -0.000263391   0.00420452   0.0003815 -0.00218364 -0.00383001  0.00435094 -0.00288327 0.000872056   1.54682 0.0921992  -9.68583  13984
             63.1994 0.0647348 -0.101158 -0.287422  0.0177518 -0.0138538  0.0122074 0 0 0   -0.011 -0.02329  0.04412 -0.00189242 -0.00337287  0.00418875  0.00039367 -0.00216702 -0.00390706   0.0042394 -0.00279447 0.000846336  1.54688 0.092138 -9.68582  14103
             63.2994  0.117795 -0.051832  -0.29131  0.0179382 -0.0125609 0.00923607 0 0 0   -0.011 -0.02329  0.04412 -0.000366352  0.000793523  -0.00389361  0.00035361 -0.00220555 -0.00390249  0.00417751 -0.00293718  0.00123828   1.54689 0.0922248  -9.68582  13984
             63.3996   0.123149 -0.0437008  -0.268372   0.017449 -0.0120379 0.00965854 0 0 0   -0.011 -0.02329  0.04412 -0.00257168   0.0010636 -0.00166529 0.000353041 -0.00221494 -0.00391911  0.00422455 -0.00297945  0.00114094   1.54688 0.0922529  -9.68582  13926
             63.4995   0.133252 -0.0546911  -0.329204  0.0172922 -0.0130368 0.00962664 0 0 0   -0.011 -0.02329  0.04412  -0.00281819  -0.00174453 -0.000928303 0.000343872 -0.00220172  -0.0038657  0.00423698 -0.00288877  0.00114394   1.54686 0.0921964  -9.68582  14176
             63.5995   0.149819 0.00567838  -0.309327  0.0154351 -0.0149221 0.00847318 0 0 0   -0.011 -0.02329  0.04412 -0.00731564 -0.00871278 -0.00482977 0.000328966 -0.00225016 -0.00388125  0.00439363 -0.00272813  0.00124641   1.54676 0.0921002  -9.68584  14073
             63.6995  0.0998213 -0.0142969  -0.261217  0.0158582 -0.0156684 0.00804895 0 0 0   -0.011 -0.02329  0.04412 -0.00313982  -0.0092351  -0.0049853 0.000366329 -0.00223264 -0.00391644  0.00426937 -0.00274709   0.0012572  1.54683  0.09211 -9.68583  14281
             63.7996     0.1714 0.00371908  -0.288707  0.0151625 -0.0156301 0.00700709 0 0 0   -0.011 -0.02329  0.04412 -0.00491836 -0.00789561 -0.00598796 0.000315695 -0.00224826 -0.00389264  0.00430877 -0.00281996  0.00133105    1.5468 0.0921569  -9.68583  14056
             63.8994  0.0876482 -0.0564872  -0.308015  0.0161513 -0.0164048 0.00733119 0 0 0   -0.011 -0.02329  0.04412 -6.02947e-05  -0.00761529  -0.00305882 0.000382886 -0.00219994 -0.00387916  0.00415023 -0.00289644  0.00118971   1.54691 0.0922011  -9.68582  14211
             63.9995  0.0645214 -0.0276878  -0.338265  0.0167053 -0.0164739 0.00666153 0 0 0   -0.011 -0.02329  0.04412  0.00161211 -0.00564362 -0.00369991 0.000392147 -0.00222474 -0.00385855  0.00409949 -0.00296793  0.00122247   1.54694 0.0922461  -9.68581  14011
             64.0995   0.102555 -0.0749667  -0.361229  0.0178667  -0.018591 0.00826658 0 0 0   -0.011 -0.02329  0.04412   0.003418 -0.0098814 0.00152313 0.000360451 -0.00218935 -0.00383895  0.00401608 -0.00284715  0.00103541   1.54701 0.0921671   -9.6858  13943
             64.1994   0.123751 -0.0327924  -0.319315  0.0185826 -0.0173995 0.00975151 0 0 0   -0.011 -0.02329  0.04412   0.0038381 -0.00469895  0.00454288 0.000341332  -0.0022195 -0.00387178  0.00398229 -0.00303482 0.000894867   1.54704 0.0922789   -9.6858  14056
             64.2994  0.147326  -0.11182 -0.360027  0.0182899 -0.0176029  0.0132979 0 0 0   -0.011 -0.02329  0.04412 -5.92883e-05  -0.00509244    0.0116971 0.000326028  -0.0021563 -0.00384283   0.0040557 -0.00306294 0.000550036   1.54703 0.0922904   -9.6858  13998
             64.3995  0.0732128 -0.0946597  -0.342982  0.0169394 -0.0161889  0.0138071 0 0 0   -0.011 -0.02329  0.04412  -0.00466882 -0.000376697   0.00941742 0.000381314 -0.00216565 -0.00385523  0.00417461 -0.00323571 0.000627107  1.54695   0.0924 -9.68581  14020
             64.4995  0.144735 -0.109807  -0.37863  0.0169975 -0.0152244  0.0148617 0 0 0   -0.011 -0.02329  0.04412 -0.00458592   0.0023128   0.0101746 0.000323376 -0.00215343 -0.00382839  0.00412172 -0.00332565 0.000609919   1.54699 0.0924527   -9.6858  13948
             64.5999 0.0763597   -0.1218  -0.27085  0.0182981 -0.0122671  0.0141864 0 0 0   -0.011 -0.02329  0.04412 0.000693764  0.00951238  0.00595687 0.000377414  -0.0021437 -0.00391134   0.0039329   -0.003566 0.000810227   1.54709 0.0925952  -9.68578  14100
             64.6995   0.105971 -0.0890032  -0.401501  0.0190887 -0.0128236  0.0137465 0 0 0   -0.011 -0.02329  0.04412  0.0017656 0.00561634 0.00352611 0.000360847 -0.00216773 -0.00381009  0.00385126 -0.00344559 0.000923063   1.54713 0.0925215  -9.68578  13922
                64.8  0.0890306 -0.0999777  -0.285775  0.0192002 -0.0127881  0.0147832 0 0 0   -0.011 -0.02329  0.04412 0.000202278  0.00359872  0.00499623 0.000372837  -0.0021605 -0.00389937  0.00385622 -0.00339877  0.00084984   1.54713 0.0924921  -9.68578  14104
             64.8995  0.0514752 -0.0996587  -0.354263  0.0190705 -0.0142278  0.0125958 0 0 0   -0.011 -0.02329  0.04412 -0.00019394 -0.00378778 -0.00729943 0.000381796 -0.00217291 -0.00389087  0.00385855 -0.00324417  0.00112782    1.5471 0.0924038  -9.68578  13974
             64.9999   0.045511 -0.0902039   -0.36088  0.0186985 -0.0149488  0.0114917 0 0 0   -0.011 -0.02329  0.04412 -0.00101398 -0.00571292 -0.00976772 0.000384602 -0.00217848 -0.00388929  0.00388811 -0.00317856  0.00124402   1.54708 0.0923675  -9.68579  13974
             65.0994   0.13911  -0.10116 -0.344705  0.0168032 -0.0166823   0.011516 0 0 0   -0.011 -0.02329  0.04412  -0.0103913 -0.00963237 -0.00397214  0.00035497 -0.00217786 -0.00389436  0.00394416 -0.00316049  0.00110936   1.54705 0.0923576  -9.68579  13997
             65.1993  0.044042 0.0314404 -0.282235   0.015978 -0.0153057 0.00677533 0 0 0   -0.011 -0.02329  0.04412 -0.00966099 -0.00270773  -0.0192019 0.000421629 -0.00226893 -0.00393838  0.00394774 -0.00322093  0.00133205   1.54704 0.0923945  -9.68579  14032
             65.2994   0.127244 -0.0548388  -0.326358  0.0143949 -0.0178735 0.00791114 0 0 0   -0.011 -0.02329  0.04412  -0.0111786 -0.00997597 -0.00921491  0.00037277  -0.0022141 -0.00390254  0.00396696 -0.00315336  0.00118058   1.54703 0.0923565   -9.6858  14026
             65.3995 0.0867148 -0.049104 -0.280739  0.0146601 -0.0161659 0.00856165 0 0 0   -0.011 -0.02329  0.04412 -0.00957627  -0.0036572 -0.00559116 0.000397484 -0.00221223 -0.00394059  0.00393777 -0.00322697  0.00114398  1.54705 0.092398 -9.68579  14001
             65.4995   0.156215 -0.0335574   -0.36087   0.015737  -0.018213 0.00884882 0 0 0   -0.011 -0.02329  0.04412 -0.00337096  -0.0093064 -0.00470781 0.000348625 -0.00221087 -0.00388058  0.00383018 -0.00315559  0.00112598   1.54711 0.0923573  -9.68578  13973
             65.5994  0.0233296 -0.0354985  -0.332278   0.018349 -0.0183359 0.00502873 0 0 0   -0.011 -0.02329  0.04412  0.00685972 -0.00555119    -0.01207  0.00044122 -0.00219105 -0.00390052  0.00356095 -0.00325432    0.001329   1.54724 0.0924103  -9.68576  14014
             65.6995   0.137078 -0.0252702  -0.352595  0.0159864 -0.0181153 0.00629936 0 0 0   -0.011 -0.02329  0.04412 -0.00261584 -0.00429611 -0.00718458 0.000351775 -0.00220913 -0.00388442  0.0038289 -0.0033012 0.00113396   1.54711 0.0924399  -9.68578  13955
             65.7999   0.164456 -0.0293046  -0.302097  0.0170751 -0.0146037  0.0072429 0 0 0   -0.011 -0.02329  0.04412 0.000923572  0.00513023 -0.00346217 0.000318711 -0.00220435 -0.00392607  0.00370193 -0.00361866  0.00100758    1.5472 0.0926144  -9.68577  14002
             65.8998    0.22802 -0.0409227   -0.34118  0.0152094 -0.0168593 0.00968593 0 0 0   -0.011 -0.02329  0.04412 -0.00602468 -0.00506788  0.00169297  0.00027492 -0.00219455 -0.00389537  0.00391379 -0.00339651 0.000754871    1.5471 0.0924934  -9.68578  14097
             65.9995  0.0632587 -0.0226923  -0.373953  0.0144419 -0.0176126 0.00744785 0 0 0   -0.011 -0.02329  0.04412 -0.00570006 -0.00685085 -0.00411334 0.000400029 -0.00220948 -0.00386865  0.00391646 -0.00337261 0.000988971   1.54708 0.0924835  -9.68579  13974
             66.0994   0.224701 -0.0960373  -0.307423  0.0166377 -0.0145948 0.00960405 0 0 0   -0.011 -0.02329  0.04412 0.00235381 0.00265209 0.00210693 0.000283118 -0.00214998 -0.00391745  0.00364286 -0.00372862 0.000742554   1.54726 0.0926698  -9.68576  14222
             66.1999    0.12968 -0.0194623   -0.37582  0.0159698 -0.0162236 0.00941442 0 0 0   -0.011 -0.02329  0.04412 -0.000885011  -0.00472923  0.000268153 0.000355554 -0.00220653 -0.00386664  0.00372866 -0.00355712 0.000780132    1.5472 0.0925779  -9.68577  14053
             66.2995   0.220643 -0.0554215  -0.313049  0.0165728 -0.0144773  0.0111953 0 0 0   -0.011 -0.02329  0.04412   0.00119093 -0.000113019    0.0039514 0.000281405 -0.00218093 -0.00391754  0.00366559 -0.00377703 0.000586548  1.54726 0.092692 -9.68576  14165
             66.3994   0.055312 -0.0489028   -0.28253  0.0189801 -0.0104104  0.0117418 0 0 0   -0.011 -0.02329  0.04412 0.00847434  0.0105775 0.00464479 0.000405087 -0.00218583 -0.00393994  0.00343222 -0.00416815 0.000579066    1.5474 0.0929009  -9.68573  13973
             66.4994  0.0698133 -0.0823764  -0.340131  0.0186788 -0.0124555  0.0125859 0 0 0   -0.011 -0.02329  0.04412 0.00397874  0.0018873 0.00534674  0.00039345  -0.0021589 -0.00389921  0.00354238 -0.00388023 0.000533111   1.54733 0.0927434  -9.68574  14100
             66.5995  0.0788523 -0.0856716  -0.390219  0.0169629 -0.0146397  0.0122526 0 0 0   -0.011 -0.02329  0.04412 -0.00402959 -0.00477393  0.00356213 0.000388362 -0.00215518 -0.00386164  0.00374508  -0.0036515 0.000616518   1.54722 0.0926249  -9.68576  14005
             66.6998 0.0991607 -0.025651 -0.293919  0.0144803 -0.0149417    0.01032 0 0 0   -0.011 -0.02329  0.04412  -0.0101317 -0.00465784 -0.00117919 0.000379759 -0.00219536 -0.00393134  0.00393518  -0.0036585 0.000859253    1.5471 0.0926406  -9.68578  14046
             66.7998   0.107738 -0.0812211  -0.359471  0.0141629 -0.0156987  0.0109719 0 0 0   -0.011 -0.02329  0.04412 -0.00852099 -0.00559957 0.000713945 0.000367177 -0.00215355 -0.00388483  0.00386664 -0.00363906 0.000777383   1.54714 0.0926261  -9.68578  14015
             66.8995  0.0670648 -0.0878548  -0.314696  0.0127059 -0.0164796  0.0134452 0 0 0   -0.011 -0.02329  0.04412  -0.0119042 -0.00690846  0.00585812 0.000392552 -0.00214944 -0.00392033  0.00393259 -0.00362911 0.000496015  1.54712 0.092617 -9.68578  14039
             66.9994  0.0671015 -0.0690301   -0.35646  0.0141398 -0.0172791 0.00894859 0 0 0   -0.011 -0.02329  0.04412 -0.00380572 -0.00643666 -0.00540242 0.000386912 -0.00216535 -0.00389202  0.00365056 -0.00360916  0.00106646   1.54723 0.0926073  -9.68576  14173
             67.0999 0.0785463 -0.077623 -0.258014  0.0135907 -0.0154066 0.00982504 0 0 0   -0.011 -0.02329  0.04412  -0.0048766 0.000575934 -0.00202947 0.000373555 -0.00215999 -0.00396521  0.00366941 -0.00384343 0.000891675   1.54724 0.0927332  -9.68576  14001
             67.1999  0.101787  -0.08038 -0.272147  0.0140616 -0.0154461  0.0105049 0 0 0   -0.011 -0.02329  0.04412  -0.00321235  0.000242696 -0.000715696 0.000357163 -0.00215755 -0.00395334  0.00360763 -0.00384305 0.000812584   1.54728 0.0927308  -9.68575  14009
             67.2997  0.0632935 -0.0511671  -0.329396  0.0142962 -0.0157361 0.00865242 0 0 0   -0.011 -0.02329  0.04412  -0.00127315 -0.000723034  -0.00479692 0.000383226 -0.00217913    -0.00391  0.00353549 -0.00381486  0.00101635    1.5473 0.0927147  -9.68575  13918
             67.3994  0.158043  -0.10409 -0.333421 0.0151416 -0.016962 0.0132996 0 0 0   -0.011 -0.02329  0.04412 -0.00076505  -0.0047527  0.00684293 0.000314727   -0.002142 -0.00390812  0.00345349 -0.00373221 0.000432563   1.54738 0.0926706  -9.68574  14047
             67.4995     0.186169 -0.000972203     -0.30583  0.0168377 -0.0154312  0.0103657 0 0 0   -0.011 -0.02329  0.04412   0.00661231 -0.000573632 -0.000622327 0.000290994 -0.00221941 -0.00392994  0.00327238 -0.00387744 0.000778545   1.54745 0.0927459  -9.68573  13928
             67.5994    0.14844 -0.0996721  -0.339678 0.0174396  -0.01666  0.010243 0 0 0   -0.011 -0.02329  0.04412   0.00350888  -0.00571331 -0.000952383 0.000322081 -0.00214574 -0.00390429  0.00332031 -0.00380132 0.000785398   1.54743 0.0927055  -9.68573  14056
             67.6995 0.0939187  0.012554 -0.376769  0.0164712 -0.0166509 0.00887016 0 0 0   -0.011 -0.02329  0.04412 0.000167209 -0.00487452 -0.00410736 0.000367345 -0.00222509  -0.0038749  0.00342936 -0.00384041 0.000908536   1.54736 0.0927277  -9.68574  13983
                67.8   0.21716 -0.158373 -0.290838  0.0196194 -0.0138373  0.0161579 0 0 0   -0.011 -0.02329  0.04412 0.00645184 0.00307091  0.0132591  0.00027563 -0.00210232 -0.00393863  0.00317879  -0.0041477 0.000135151   1.54755 0.0928788  -9.68571  14028
             67.8998   0.154802 -0.0974687  -0.290903 0.0172224  -0.01335 0.0157531 0 0 0   -0.011 -0.02329  0.04412 -0.00380018  0.00171773  0.00926009 0.000319957 -0.00214546  -0.0039356  0.00344213 -0.00415884 0.000283546    1.5474 0.0928917  -9.68573  13944
             67.9997  0.0569754 -0.0412692  -0.342281   0.017699 -0.0146744  0.0124297 0 0 0   -0.011 -0.02329  0.04412  0.00013281 -0.00281096 -0.00117546  0.00039754 -0.00218421 -0.00389656  0.00334588 -0.00402672 0.000725214   1.54742 0.0928304  -9.68573  14147
             68.0996 -0.0178119 -0.0597653  -0.292912  0.0165488 -0.0164703   0.010549 0 0 0   -0.011 -0.02329  0.04412 -0.00434036 -0.00583734  -0.0052517 0.000451487 -0.00217203  -0.0039344  0.00344355 -0.00388719 0.000903149   1.54736 0.0927631  -9.68574  13959
             68.1994 0.0836356 -0.133337  -0.33833  0.0178854 -0.0162291  0.0128959 0 0 0   -0.011 -0.02329  0.04412 -0.000693649  -0.00462299 -0.000310145 0.000371472 -0.00211808 -0.00390079  0.00331365 -0.00393865 0.000650334   1.54744 0.0927817  -9.68573  14181
             68.2997   0.113987 -0.0644018  -0.343208  0.0156996 -0.0170454  0.0115141 0 0 0   -0.011 -0.02329  0.04412 -0.00784502 -0.00567761 -0.00411563 0.000346019 -0.00216773 -0.00389919  0.00349484 -0.00392286 0.000777873  1.54734 0.092779 -9.68574  13973
             68.4007    0.10797 -0.0587026  -0.404909  0.013488  -0.01834 0.0112236 0 0 0   -0.011 -0.02329  0.04412  -0.0130482 -0.00810909 -0.00413627 0.000343269 -0.00217515 -0.00385482  0.00361639 -0.00386412 0.000756222   1.54728 0.0927503  -9.68575  14048
             68.4998   0.138775 -0.0506452  -0.347415  0.0139746 -0.0183427 0.00983823 0 0 0   -0.011 -0.02329  0.04412 -0.00718161 -0.00644127 -0.00668672 0.000321741 -0.00217931 -0.00389988  0.00345085 -0.00393206 0.000873813  1.54736 0.092783 -9.68574  14098
             68.5999 -0.0288967 -0.0069548  -0.337597  0.0142765 -0.0180086  0.0064357 0 0 0   -0.011 -0.02329  0.04412 -0.00397508  -0.0045943   -0.013636 0.000444503 -0.00221065 -0.00390975  0.00338644 -0.00397082   0.0012133   1.54737 0.0928053  -9.68574  14073
             68.6994  0.0419689 -0.0995263  -0.348511  0.0153577 -0.0175894 0.00740528 0 0 0   -0.011 -0.02329  0.04412  0.000152165 -0.000995082  -0.00800656 0.000398871 -0.00213941 -0.00390081  0.00324405 -0.00405536 0.000974447   1.54746 0.0928423  -9.68572  14254
             68.7994 -0.0044675 -0.0599511  -0.331194  0.0168971 -0.0165804 0.00720265 0 0 0   -0.011 -0.02329  0.04412  0.00343427  0.00377316 -0.00617518 0.000434089 -0.00216919 -0.00391338  0.00309456  -0.0041499 0.000850187   1.54754 0.0928861  -9.68571  14086
             68.8994   0.064683 -0.0812232  -0.252731  0.0184752 -0.0152723 0.00863639 0 0 0   -0.011 -0.02329  0.04412 0.00645193 0.00690742 -0.0018593 0.000383348 -0.00215342 -0.00397061  0.00298849 -0.00422741 0.000658366   1.54761 0.0929241   -9.6857  14228
             68.9996  0.0706642 -0.0212778  -0.297286  0.0166058 -0.0138289 0.00768239 0 0 0   -0.011 -0.02329  0.04412 -0.00136106  0.00929368  -0.0027779 0.000377837 -0.00219681 -0.00393768  0.00320192 -0.00428425 0.000722032    1.5475 0.0929584  -9.68572  14108
             69.0998  0.0800224 -0.0798358   -0.27842  0.0171137 -0.0154391 0.00782699 0 0 0   -0.011 -0.02329  0.04412 9.50724e-05  0.00311957 -0.00221262 0.000369215  -0.0021545 -0.00395071  0.00314911 -0.00409914 0.000694389   1.54753 0.0928629  -9.68571  13981
             69.1995   0.20594 0.0130307 -0.370634  0.0159129   -0.01559 0.00871354 0 0 0   -0.011 -0.02329  0.04412  -0.00429315  0.000573163 -0.000412152 0.000274872 -0.00222393 -0.00388494   0.0032739 -0.00406172 0.000564948   1.54747 0.0928473  -9.68572  14029
             69.2994  0.0841441 -0.0301317  -0.325159  0.0175971 -0.0144364  0.0083328 0 0 0   -0.011 -0.02329  0.04412   0.00323736   0.00311062 -0.000261059 0.000367018 -0.00219201 -0.00391841  0.00306336 -0.00416646 0.000613488   1.54757 0.0928997   -9.6857  13944
             69.3996 0.00548044 -0.0360428  -0.328492   0.020199 -0.0142125 0.00705082 0 0 0   -0.011 -0.02329  0.04412   0.0105142  0.00378999 -0.00328496 0.000421536 -0.00218721  -0.0039161  0.00284814 -0.00416371 0.000750472   1.54767 0.0928959  -9.68569  14075
             69.5008  0.0462362 -0.0547111  -0.334512  0.0191409 -0.0133842 0.00989116 0 0 0   -0.011 -0.02329  0.04412 0.00555144 0.00527937  0.0023679 0.000392998 -0.00217487 -0.00390967  0.00298879 -0.00422543 0.000437988   1.54762 0.0929308   -9.6857  13837
             69.5996  0.109318 -0.143324 -0.279703   0.0228316 -0.00959325   0.0148936 0 0 0   -0.011 -0.02329  0.04412 0.0116367 0.0136679 0.0130881 0.000351066  -0.0021137 -0.00394823   0.00275187  -0.00447735 -1.34969e-05  1.54777 0.093057 -9.68567  14165
             69.7007 0.0796948 -0.101594 -0.359544   0.019392 -0.0127334  0.0155592 0 0 0   -0.011 -0.02329  0.04412 -0.00359283 0.000232618    0.010657 0.000369279  -0.0021435 -0.00389464  0.00316112 -0.00410568 9.16132e-06   1.54757 0.0928756   -9.6857  13916
             69.8007   0.160753 -0.0616485   -0.31618  0.0177767 -0.0121025  0.0137863 0 0 0   -0.011 -0.02329  0.04412 -0.00715546  0.00124822  0.00464553  0.00031509 -0.00217067 -0.00392383  0.00324771 -0.00414915 0.000302796   1.54751 0.0928973  -9.68571  14134
             69.9006 0.00845409  -0.118695  -0.330781  0.0164105 -0.0163111  0.0134862 0 0 0   -0.011 -0.02329  0.04412 -0.0105685 -0.0106835 0.00270096 0.000418536 -0.00213085 -0.00391465   0.0033037 -0.00380034 0.000376431   1.54747 0.0927239  -9.68572  13888
             69.9997  0.199022 -0.038283 -0.315429  0.0150674 -0.0161312  0.0129376 0 0 0   -0.011 -0.02329  0.04412  -0.0118569 -0.00777698 0.000871009 0.000282415 -0.00218917 -0.00392536  0.00332319 -0.00389991 0.000449228   1.54746 0.0927737  -9.68572  14203
             70.0994  0.110665 -0.134672 -0.340457  0.0162523 -0.0148526  0.0149302 0 0 0   -0.011 -0.02329  0.04412 -0.00559044 -0.00325092  0.00441578 0.000347597 -0.00212061 -0.00390672  0.00311954 -0.00408277 0.000268445   1.54757 0.0928612  -9.68571  13981
             70.1998     0.1052 -0.0734698  -0.349419   0.015036 -0.0150424  0.0117434 0 0 0   -0.011 -0.02329  0.04412 -0.00779266  -0.0030683 -0.00374067 0.000350357  -0.0021641 -0.00390139   0.0031552 -0.00408785 0.000632279   1.54753 0.0928658  -9.68571  14092
             70.2997  0.0909067 -0.0564447  -0.404233  0.0162622 -0.0164679 0.00962787 0 0 0   -0.011 -0.02329  0.04412 -0.00175786  -0.0062432 -0.00802194 0.000361979 -0.00217596 -0.00386234  0.00296059 -0.00399592 0.000818917   1.54762 0.0928182   -9.6857  14004
             70.3994  0.0561716 -0.0340211  -0.311471  0.0174075 -0.0151219  0.0073349 0 0 0   -0.011 -0.02329  0.04412  0.00313977 -0.00182308  -0.0124956 0.000388013 -0.00219011 -0.00392901  0.00284097 -0.00411753  0.00103905   1.54766 0.0928776  -9.68569  14087
             70.4997  0.0706477 -0.0871717  -0.319784  0.0188078 -0.0161688 0.00867494 0 0 0   -0.011 -0.02329  0.04412  0.00449273 -0.00377632 -0.00524855 0.000382801 -0.00215453 -0.00392199  0.00277127 -0.00406344 0.000682507  1.54771 0.092847 -9.68568  14079
             70.5996  0.0836325 -0.0147302  -0.340625  0.0188913 -0.0154348 0.00597462 0 0 0   -0.011 -0.02329  0.04412   0.00351571 -0.000781511   -0.0107383 0.000376351 -0.00220575 -0.00390535  0.00279478 -0.00415007 0.000888973   1.54769 0.0928909  -9.68569  13942
             70.6994   0.098622 -0.0426139  -0.349948  0.0187808 -0.0157725 0.00873969 0 0 0   -0.011 -0.02329  0.04412  0.00179018 -0.00229707 -0.00371944 0.000363678 -0.00218669 -0.00390006  0.00284785 -0.00413592 0.000515644   1.54769 0.0928839  -9.68569  14041
             70.7997  0.099134  0.012963 -0.362714   0.017613 -0.0156033 0.00451096 0 0 0   -0.011 -0.02329  0.04412 -0.000963329  -0.00176114   -0.0130561 0.000359244   -0.002228 -0.00389083  0.00295316 -0.00416006 0.000881808   1.54762 0.0928976   -9.6857  14002
             70.8996    0.10212 -0.0327254  -0.339448  0.0182766 -0.0156516 0.00582771 0 0 0   -0.011 -0.02329  0.04412  0.00112732  -0.0014079 -0.00682661 0.000357348 -0.00219364  -0.0039082  0.00289613 -0.00417506 0.000641321   1.54766 0.0929038  -9.68569  14195
             71.0006  0.0514616 -0.0181885  -0.248403  0.0194481 -0.0147441 0.00644429 0 0 0   -0.011 -0.02329  0.04412  0.00434935  0.00136806 -0.00433987 0.000385956  -0.0022067 -0.00397164  0.00280419 -0.00426822  0.00050869   1.54771 0.0929466  -9.68568  14016
             71.1006   0.142357 -0.0652888  -0.357945  0.0202539 -0.0147894 0.00897011 0 0 0   -0.011 -0.02329  0.04412  0.00464033 0.000643039  0.00304521 0.000328054 -0.00217293 -0.00389308   0.0027801 -0.00426141 0.000227619  1.54775 0.092943 -9.68568  14209
             71.2007   0.106946 -0.0133959  -0.373961  0.0197255 -0.0154834 0.00842608 0 0 0   -0.011 -0.02329  0.04412  0.00179668 -0.00230573 0.000880014  0.00034839 -0.00220952 -0.00388397  0.00287007 -0.00419749 0.000304795    1.5477 0.0929136  -9.68568  14050
             71.3006   0.181638 -0.0323874  -0.298847  0.0209494 -0.0131933  0.0101292 0 0 0   -0.011 -0.02329  0.04412 0.00506372 0.00391616 0.00482992 0.000295233 -0.00219654 -0.00393488  0.00277699 -0.00441701 0.000149988  1.54776 0.093017 -9.68567  14122
             71.3996 -0.0127887 -0.0134533  -0.360055  0.0209558 -0.0149257 0.00833648 0 0 0   -0.011 -0.02329  0.04412    0.0041339  -0.00190119 -4.54209e-05 0.000429434 -0.00220762 -0.00389043  0.00281208 -0.00423519 0.000370091   1.54772 0.0929319  -9.68568  13953
             71.4995 0.0931798 -0.060971 -0.341543  0.0210483 -0.0141815   0.010178 0 0 0   -0.011 -0.02329  0.04412 0.00275611 0.00130659 0.00439563 0.000354699  -0.0021749 -0.00390177  0.00285087 -0.00431275  0.00018753   1.54772 0.0929684  -9.68568  14075
             71.6006  0.0709421 0.00158782  -0.369164  0.0213764 -0.0137173 0.00682564 0 0 0   -0.011 -0.02329  0.04412  0.00346248  0.00242997 -0.00404589 0.000367788 -0.00222066 -0.00388545   0.0028203  -0.0043353 0.000549088    1.5477 0.0929801  -9.68568  13982
             71.6996   0.149797 -0.0353287  -0.289578 0.0209716 -0.012682  0.008059 0 0 0   -0.011 -0.02329  0.04412  0.00242659  0.00462937 -0.00135171 0.000310071 -0.00219295 -0.00394323  0.00287117 -0.00442074 0.000418051   1.54769 0.0930212  -9.68568  13989
             71.7993   0.072537 -0.0920315  -0.359167  0.0185588 -0.0136214  0.0100576 0 0 0   -0.011 -0.02329  0.04412  -0.0077797 -0.00133301  0.00261266 0.000366619 -0.00215377 -0.00389123  0.00314167 -0.00427681 0.000188465   1.54759 0.0929572   -9.6857  14221
             71.8999  0.0667027 -0.0151052  -0.290371   0.015445 -0.0129338 0.00853372 0 0 0   -0.011 -0.02329  0.04412   -0.0149509   0.00129875 -0.000680996 0.000376213 -0.00220501 -0.00393778  0.00331691   -0.004333 0.000351214   1.54749 0.0929873  -9.68572  14017
             72.0006   0.106977 -0.0572465  -0.344665  0.0165114 -0.0144245 0.00824743 0 0 0   -0.011 -0.02329  0.04412 -0.00827562 -0.00305953 -0.00148063 0.000351646 -0.00217667 -0.00389951  0.00310503 -0.00421206 0.000384449   1.54759 0.0929279   -9.6857  14174
             72.1006 0.0626148 -0.029725 -0.373146  0.0163537 -0.0142733 0.00848594 0 0 0   -0.011 -0.02329  0.04412  -0.00815229  -0.00228747 -0.000133519 0.000384795 -0.00219426 -0.00387963  0.00310836 -0.00422882 0.000358685   1.54759 0.0929357   -9.6857  13970
             72.1998  0.0586381 -0.0670794  -0.349862  0.0184588 -0.0148659  0.0087129 0 0 0   -0.011 -0.02329  0.04412  0.00235904 -0.00152972 0.000665313 0.000381179 -0.00217186 -0.00389308  0.00278545 -0.00422122 0.000352886   1.54773 0.0929269  -9.68568  14059
             72.2996  0.0489986 -0.0292739  -0.334902  0.0199501 -0.0160255 0.00703257 0 0 0   -0.011 -0.02329  0.04412  0.00733086 -0.00454884 -0.00397662 0.000387365 -0.00219975 -0.00390533  0.00265447 -0.00413234  0.00052339   1.54778 0.0928832  -9.68567  13995
             72.3997    0.10779 -0.0351163  -0.344611  0.0197744 -0.0155919 0.00788856 0 0 0   -0.011 -0.02329  0.04412   0.00473974  -0.00234299 -0.000704286 0.000347352 -0.00219261  -0.0039011  0.00273362 -0.00419794 0.000401234   1.54775 0.0929159  -9.68568  14104
             72.5006  0.168858 0.0255899 -0.335925  0.0194803 -0.0172727 0.00555795 0 0 0   -0.011 -0.02329  0.04412  0.00184097  -0.0071575 -0.00547433 0.000299338 -0.00223905  -0.0039067  0.00282339 -0.00410768 0.000596941    1.5477 0.0928755  -9.68568  13949
             72.5997   0.149323 -0.0395204  -0.376243  0.0204232 -0.0162929 0.00603178 0 0 0   -0.011 -0.02329  0.04412  0.00513117  -0.0039864 -0.00410127 0.000312268 -0.00219369 -0.00387915  0.00277088 -0.00423473 0.000510636  1.54773 0.092933 -9.68568  14022
             72.7006 -0.0353665  0.0535415  -0.246194  0.0187198 -0.0167442 0.00441116 0 0 0   -0.011 -0.02329  0.04412 -0.00133276 -0.00387346 -0.00644486 0.000437316  -0.0022588  -0.0039707  0.00295386 -0.00422365 0.000605617   1.54764 0.0929332  -9.68569  13873
             72.7998   0.133592 -0.0939694  -0.296682  0.0200464 -0.0166303  0.0102246 0 0 0   -0.011 -0.02329  0.04412  0.00221709 -0.00286932  0.00716936 0.000321349 -0.00215563 -0.00393711  0.00286956 -0.00427274 2.32506e-05   1.54772 0.0929515  -9.68568  14118
             72.9006  0.0331694 -0.0271717  -0.308532  0.0190463 -0.0149798 0.00845987 0 0 0   -0.011 -0.02329  0.04412 -0.00146551  0.00249388  0.00150546 0.000387582 -0.00220317 -0.00393114  0.00295849 -0.00441877 0.000254441   1.54767 0.0930203  -9.68569  13900
             73.0006   0.109237 -0.0704467  -0.369401  0.0199778 -0.0154241  0.0103503 0 0 0   -0.011 -0.02329  0.04412  0.0012115 0.00136778 0.00637622 0.000336548  -0.0021703  -0.0038885  0.00287795 -0.00437762 9.27453e-05   1.54772 0.0930002  -9.68568  14090
             73.0995   0.101342 -0.0453827  -0.308127  0.0198443 -0.0137927  0.0111466 0 0 0   -0.011 -0.02329  0.04412 0.000193749  0.00487268  0.00581831 0.000345039 -0.00218563 -0.00392889   0.0028977 -0.00449872 9.25597e-05   1.54771 0.0930553  -9.68568  13991
             73.2006  0.100404  -0.10461 -0.326017  0.0202355 -0.0139986  0.0120553 0 0 0   -0.011 -0.02329  0.04412 0.000949681  0.00361071  0.00780204 0.000345198 -0.00214467 -0.00391744  0.00286457 -0.00446951 2.91574e-05   1.54773 0.0930416  -9.68568  14146
             73.3007   0.168933 -0.0810781  -0.382413  0.0201178 -0.0135098  0.0111557 0 0 0   -0.011 -0.02329  0.04412 -0.000593215   0.00373862   0.00494954 0.000298826 -0.00216121 -0.00387891  0.00286895 -0.00448238 0.000186193   1.54771 0.0930478  -9.68568  13908
             73.4006   0.136576 -0.0295216  -0.382976  0.0188822 -0.0153702  0.0122913 0 0 0   -0.011 -0.02329  0.04412 -0.00475078 -0.00472736  0.00586099 0.000315184 -0.00219408 -0.00388192  0.00296319 -0.00429235 0.000154245   1.54767 0.0929641  -9.68569  14112
             73.5007   0.214147 -0.0402116  -0.293654  0.0186197 -0.0131535  0.0109809 0 0 0   -0.011 -0.02329  0.04412 -0.00416566  0.00113163  0.00208205 0.000262255 -0.00218885 -0.00394329  0.00296103 -0.00448392 0.000299234   1.54767 0.0930513  -9.68569  14005
             73.6005  0.0534287 -0.0443824  -0.377031  0.0165622 -0.0150028 0.00838568 0 0 0   -0.011 -0.02329  0.04412 -0.00910941 -0.00500741 -0.00385208 0.000370077 -0.00218347 -0.00388818   0.0030975 -0.00431343 0.000563261   1.54759 0.0929836   -9.6857  14052
             73.7005   0.147956 -0.0304094  -0.346567  0.0160646 -0.0159399 0.00801584 0 0 0   -0.011 -0.02329  0.04412 -0.00697263 -0.00580914  -0.0037644 0.000304729 -0.00219576 -0.00391021  0.00301486 -0.00430411 0.000546489   1.54763 0.0929764   -9.6857  14277
             73.7996   0.119984 0.00381027  -0.373078  0.0188076 -0.0166292 0.00679138 0 0 0   -0.011 -0.02329  0.04412  0.00266227  -0.0072125 -0.00667555 0.000321001 -0.00222067 -0.00389174   0.0027583 -0.00426699 0.000666261   1.54773 0.0929537  -9.68568  14091
             73.8994  0.0522207 -0.0989858  -0.403871  0.0175505 -0.0190713 0.00918683 0 0 0   -0.011 -0.02329  0.04412 -0.00350836  -0.0110484 0.000670705 0.000368822 -0.00215028 -0.00387159  0.00291508 -0.00417133 0.000343701  1.54768 0.092911 -9.68569  14332
             74.0006  0.196612 0.0131107  -0.32601  0.0193619 -0.0160186 0.00794771 0 0 0   -0.011 -0.02329  0.04412  0.00398876 0.000676115 -0.00155276 0.000276062 -0.00222309 -0.00392111  0.00272924 -0.00451034 0.000466372   1.54776 0.0930537  -9.68567  13992
             74.1005   0.117324 -0.0598624  -0.300691  0.0191547 -0.0151308 0.00930737 0 0 0   -0.011 -0.02329  0.04412 0.00145345 0.00190121 0.00191578 0.000321563 -0.00217582 -0.00394035   0.0027828  -0.0045784 0.000327485   1.54775 0.0930839  -9.68567  14024
             74.2006  0.162826  0.058774 -0.324783  0.0186929 -0.0145347  0.0063502 0 0 0   -0.011 -0.02329  0.04412  0.00122536  0.00202094 -0.00506626 0.000287517 -0.00225407 -0.00392574  0.00282612 -0.00460135 0.000603002   1.54772 0.0931004  -9.68568  14071
             74.3004  0.073242 -0.104448 -0.380668  0.0189706 -0.0157305 0.00962181 0 0 0   -0.011 -0.02329  0.04412 0.000155436 -0.00221937  0.00303629 0.000347129 -0.00214549 -0.00388911  0.00283005  -0.0045091 0.000266642   1.54773 0.0930542  -9.68568  13963
             74.4005  0.0278059 -0.0989436  -0.282382  0.0193326 -0.0153997  0.0100448 0 0 0   -0.011 -0.02329  0.04412 -1.20477e-05  0.000226721   0.00365996 0.000379626 -0.00214915 -0.00395315   0.0027955 -0.00455364 0.000256709   1.54775 0.0930725  -9.68567  14009
             74.5005  0.0614459 -0.0757698  -0.327522  0.0187255 -0.0149391  0.0106102 0 0 0   -0.011 -0.02329  0.04412 -0.00262883  0.00156813  0.00327839  0.00035418 -0.00216763 -0.00392213  0.00284958 -0.00458746 0.000226283  1.54773 0.093088 -9.68568  13989
             74.6006  0.0370856 -0.0711819  -0.387211  0.0203631 -0.0157215  0.0106034 0 0 0   -0.011 -0.02329  0.04412   0.00285335 -0.000135903   0.00243264 0.000364605  -0.0021693 -0.00388583  0.00267089 -0.00451211 0.000273507    1.5478 0.0930525  -9.68567  14041
             74.7004 -0.00963956  -0.0456191   -0.311276  0.0184044 -0.0167553 0.00909654 0 0 0   -0.011 -0.02329  0.04412 -0.00360913 -0.00304203 -0.00321659 0.000394203 -0.00218848 -0.00393769  0.00286862 -0.00441518 0.000413712   1.54771 0.0930144  -9.68568  13830
             74.7996  0.176846 -0.100764 -0.206642  0.0187648 -0.0138066   0.013242 0 0 0   -0.011 -0.02329  0.04412  -0.002717 0.00559516 0.00631109  0.00026805 -0.00215296 -0.00400586  0.00281625 -0.00469117 6.87797e-07   1.54776 0.0931347  -9.68567  14183
             74.9004 0.0753435 -0.130224 -0.367963   0.017766 -0.0162014   0.012931 0 0 0   -0.011 -0.02329  0.04412 -0.00601609 -0.00346091  0.00349321 0.000333941 -0.00213425 -0.00389867  0.00287661 -0.00444863 9.38326e-05   1.54773 0.0930299  -9.68568  13922
             75.0006   0.297661 -0.0553236  -0.340046  0.0171204 -0.0150605  0.0126083 0 0 0   -0.011 -0.02329  0.04412  -0.00683391 -0.000838768   0.00203566 0.000187309 -0.00218465 -0.00391834  0.00286311   -0.004576 0.000157391   1.54773 0.0930838  -9.68568  14110
             75.1005  0.159308  -0.11981 -0.348619  0.0181348 -0.0159064  0.0131966 0 0 0   -0.011 -0.02329  0.04412 -0.00253259 -0.00492438  0.00213652 0.000285782 -0.00214086 -0.00390922  0.00271176 -0.00452785  0.00013031   1.54779 0.0930636  -9.68567  13913
             75.2004   0.127103 -0.0176504  -0.291987  0.0171755 -0.0149085  0.0108753 0 0 0   -0.011 -0.02329  0.04412 -0.00396833 -0.00195277  -0.0037356 0.000306104 -0.00220718  -0.0039482  0.00276901 -0.00464469 0.000354019   1.54776 0.0931138  -9.68567  14139
             75.3005   0.190533 -0.0282046   -0.26576  0.0150374 -0.0144202 0.00899892 0 0 0   -0.011 -0.02329  0.04412 -0.00898647 -0.00121451 -0.00643731 0.000263368 -0.00219867 -0.00396522  0.00291645 -0.00470043 0.000481066   1.54769 0.0931395  -9.68568  13887
             75.4005 0.0647796 0.0224235 -0.314094  0.0165335 -0.0137974 0.00698321 0 0 0   -0.011 -0.02329  0.04412 -0.0029393 0.00104176 -0.0107692 0.000349074 -0.00223236 -0.00393217  0.00276572  -0.0047496 0.000662635   1.54775 0.0931621  -9.68567  14052
             75.5005  0.113653  -0.04127 -0.340697  0.0187446  -0.015337 0.00702877 0 0 0   -0.011 -0.02329  0.04412  0.00588295 -0.00406536 -0.00669846 0.000318748 -0.00219256 -0.00391389   0.0025344 -0.00461916 0.000491737   1.54785 0.0931033  -9.68566  14089
             75.6006  0.0840792 -0.0175513  -0.398109  0.0191127 -0.0153829 0.00777388 0 0 0   -0.011 -0.02329  0.04412  0.00645658 -0.00385722 -0.00480299 0.000343457 -0.00221547 -0.00386595  0.00250746  -0.0046196 0.000420457   1.54786 0.0931021  -9.68566  13872
             75.7005   0.207468 -0.0547927  -0.329494  0.0197202 -0.0156603 0.00990717 0 0 0   -0.011 -0.02329  0.04412  0.00450913 -0.00462903  0.00166182  0.00027354 -0.00218915 -0.00390625  0.00257836 -0.00466997 0.000140813   1.54785 0.0931201  -9.68566  14048
             75.7995   0.0832035 -0.00886588   -0.408638  0.0188339 -0.0175087  0.0083607 0 0 0   -0.011 -0.02329  0.04412 0.000281688 -0.00907163 -0.00147305 0.000354305 -0.00221987 -0.00385446  0.00267188 -0.00456168 0.000286062   1.54781 0.0930793  -9.68567  14094
             75.9006   0.213819 -0.0319259   -0.35656  0.0186103  -0.016974 0.00877003 0 0 0   -0.011 -0.02329  0.04412   0.00012595  -0.00602903 -0.000708057 0.000269666 -0.00220589 -0.00388739  0.00269844 -0.00467638 0.000229423    1.5478 0.0931268  -9.68567  14092
             76.0005  0.0547798 -0.0303607  -0.305807  0.0181314 -0.0173071 0.00858069 0 0 0   -0.011 -0.02329  0.04412  -0.00151932   -0.0056945 -0.000243903  0.00037397 -0.00220613 -0.00391986   0.0027372 -0.00469309 0.000238031   1.54779 0.0931355  -9.68567  14118
             76.1006   0.201859 -0.0656714  -0.363729  0.0173787 -0.0184121  0.0105375 0 0 0   -0.011 -0.02329  0.04412 -0.00383269 -0.00809972  0.00371348 0.000275415 -0.00218227 -0.00388248  0.00279723 -0.00466161 5.64914e-05   1.54778 0.0931213  -9.68567  14083
             76.2005 0.00922389 -0.0262036  -0.263742  0.0167078 -0.0166358 0.00800746 0 0 0   -0.011 -0.02329  0.04412 -0.00372966 -0.00107038 -0.00252485 0.000404748  -0.0022069 -0.00394538  0.00280482 -0.00485245 0.000307851   1.54776 0.0932053  -9.68567  14038
             76.3004   0.172783 -0.0179797  -0.352597  0.0172378 -0.0162467 0.00804087 0 0 0   -0.011 -0.02329  0.04412  -0.00187798 -0.000397327  -0.00319837  0.00029155 -0.00221415 -0.00388166  0.00275494 -0.00488816 0.000305486   1.54778 0.0932181  -9.68567  14106
             76.4006   0.0163903 -0.00630328   -0.317155  0.0172674 -0.0138183 0.00666759 0 0 0   -0.011 -0.02329  0.04412 0.000273236  0.00703659 -0.00395712 0.000393771 -0.00221905 -0.00390457  0.00272299 -0.00508643 0.000377722   1.54779 0.0933002  -9.68567  13951
             76.5005   0.102539 -0.0799444  -0.274678   0.017296 -0.0145304   0.010295 0 0 0   -0.011 -0.02329  0.04412 -0.000586972   0.00409475   0.00385663 0.000331239  -0.0021645 -0.00393855  0.00273746  -0.0050436 5.28437e-05   1.54781 0.0932742  -9.68566  14037
             76.6004 0.00894474 -0.0596957  -0.350611  0.0185187 -0.0152564   0.008763 0 0 0   -0.011 -0.02329  0.04412  0.00325066 0.000992128 -0.00197397 0.000391768 -0.00217918 -0.00388597  0.00260556  -0.0049245 0.000260884   1.54785 0.0932295  -9.68566  13993
             76.6995      0.25592 -0.000176257    -0.289704  0.0193611 -0.0132127 0.00981593 0 0 0   -0.011 -0.02329  0.04412  0.0043383 0.00587177 0.00163169 0.000239262 -0.00221711   -0.003923  0.00257119 -0.00506826 0.000157237   1.54787 0.0932851  -9.68565  14053
             76.7996   0.118171 -0.0721665   -0.30232  0.0169071 -0.0147195 0.00804868 0 0 0   -0.011 -0.02329  0.04412 -0.00381769 -0.00157701 -0.00388285 0.000331131 -0.00217074 -0.00391387  0.00279508  -0.0049167 0.000307284   1.54777 0.0932277  -9.68567  14109
             76.8997    0.111738 -0.00272163   -0.292943  0.0156035  -0.014021 0.00844762 0 0 0   -0.011 -0.02329  0.04412 -0.00662656 0.000146514 -0.00229477 0.000335789 -0.00221728 -0.00392061  0.00287102 -0.00498193 0.000236085   1.54775 0.0932525  -9.68567  14124
             77.0006    0.156728 -0.00565276   -0.291373  0.0143276 -0.0148883 0.00665854 0 0 0   -0.011 -0.02329  0.04412  -0.0095594 -0.00243753 -0.00540998 0.000305037 -0.00221155  -0.0039218  0.00296138 -0.00490893 0.000385505    1.5477 0.0932257  -9.68568  13942
             77.0995   -0.0151283 -0.000667786    -0.232443  0.0135655 -0.0142276 0.00314908 0 0 0   -0.011 -0.02329  0.04412 -0.00494432  0.00123309  -0.0117936 0.000417148 -0.00221443 -0.00395802   0.0028704 -0.00499294 0.000591896   1.54772 0.0932648  -9.68568  13989
             77.1996  0.0618027 -0.0443795  -0.244712  0.0143987 -0.0147417 0.00531902 0 0 0   -0.011 -0.02329  0.04412  -0.00250803 -0.000103987   -0.0060847 0.000363606 -0.00218606 -0.00395186  0.00279864 -0.00496034  0.00037487  1.54776 0.093248 -9.68567  14014
             77.2995   0.147343 -0.0305964  -0.339977  0.0157569 -0.0148316 0.00429112 0 0 0   -0.011 -0.02329  0.04412    0.0025718 -0.000324548  -0.00532427 0.000308841 -0.00219844 -0.00389086  0.00265853 -0.00495688 0.000388497   1.54782 0.0932502  -9.68566  13915
             77.3995   0.170469 -0.0481094  -0.290071     0.0146 -0.0158706 0.00784444 0 0 0   -0.011 -0.02329  0.04412 -0.00233888  -0.0034583  0.00325633  0.00029327 -0.00218971 -0.00393717  0.00277011 -0.00488972 7.25785e-05    1.5478 0.0932159  -9.68567  14096
             77.5005  0.177569 0.0127519 -0.330703  0.0152191 -0.0175831 0.00827384 0 0 0   -0.011 -0.02329  0.04412  0.00132971 -0.00851493  0.00207714 0.000288984 -0.00223012 -0.00391074  0.00269061 -0.00483176 8.93252e-05   1.54783 0.0931957  -9.68566  13950
             77.5995   0.259741 -0.0521096   -0.33819  0.0162478 -0.0166255 0.00890803 0 0 0   -0.011 -0.02329  0.04412  0.00508039 -0.00556713  0.00285042 0.000234604 -0.00218574 -0.00390809  0.00261974 -0.00496066 5.88521e-05   1.54785 0.0932482  -9.68566  14035
             77.7004 -0.0524922  0.0195293  -0.299262   0.016309 -0.0169525 0.00587299 0 0 0   -0.011 -0.02329  0.04412  0.00473941 -0.00478601 -0.00462323 0.000437814 -0.00223231 -0.00393142  0.00264324 -0.00497358 0.000345171   1.54782 0.0932588  -9.68566  13930
             77.8004  0.134836 -0.144069 -0.289901  0.0177326 -0.0165943  0.0129106 0 0 0   -0.011 -0.02329  0.04412  0.0060916 -0.0022008  0.0119043 0.000322703 -0.00212324 -0.00393589   0.00259478  -0.00505371 -0.000287285  1.54788 0.093275 -9.68565  14145
             77.9005  0.0750618 -0.0577001  -0.352618  0.0178056 -0.0144191  0.0117502 0 0 0   -0.011 -0.02329  0.04412 0.00430908 0.00423859  0.0059064  0.00036127 -0.00218061 -0.00389472     0.002619  -0.00522735 -8.16286e-05   1.54786 0.0933473  -9.68565  13910
             78.0004  0.115655  -0.05512 -0.316162  0.0191648 -0.0129712  0.0102851 0 0 0   -0.011 -0.02329  0.04412 0.00798719 0.00762266 0.00238752 0.000335382 -0.00217868 -0.00391932  0.00252448 -0.00530165 0.000100442   1.54788 0.0933802  -9.68565  14146
             78.1005   0.105812 -0.0186475  -0.301269  0.0195572 -0.0114828  0.0107913 0 0 0   -0.011 -0.02329  0.04412 0.00700354 0.00877444 0.00185897  0.00034007 -0.00220176  -0.0039271   0.0025633 -0.00535445 7.30264e-05   1.54787 0.0934003  -9.68565  13868
             78.2004 0.0842768 -0.118358 -0.308118  0.0174659 -0.0135942  0.0134498 0 0 0   -0.011 -0.02329  0.04412 -0.00323155 0.000582771  0.00826999 0.000353402  -0.0021365  -0.0039241   0.00281054  -0.00512329 -0.000145917   1.54779 0.0933085  -9.68567  14183
             78.3005   0.136984 -0.0460637  -0.372986  0.0164763 -0.0141297  0.0109398 0 0 0   -0.011 -0.02329  0.04412 -0.00463689 -0.00161012 0.000229517  0.00032066 -0.00218244 -0.00388112  0.00285032 -0.00506875 0.000144993   1.54776 0.0932908  -9.68567  13931
             78.4003   0.133171 -0.0668975  -0.235963  0.0148994 -0.0150505  0.0121664 0 0 0   -0.011 -0.02329  0.04412 -0.00874602 -0.00469849  0.00248534 0.000323958 -0.00216923 -0.00396968  0.00294755 -0.00500915 3.77147e-05   1.54773 0.0932674  -9.68568  14006
             78.5003  0.295994 -0.036882 -0.356107  0.0143203 -0.0161093  0.0111649 0 0 0   -0.011 -0.02329  0.04412 -0.00778037 -0.00823626 0.000485263 0.000222279 -0.00218663 -0.00389386  0.00291633  -0.0049667 0.000153157   1.54774 0.0932519  -9.68567  14097
             78.6003  0.0380133 -0.0478318  -0.291372  0.0135829 -0.0166863 0.00803079 0 0 0   -0.011 -0.02329  0.04412 -0.00859624   -0.009179 -0.00644217  0.00038843 -0.00217905 -0.00393551  0.00295317 -0.00493039  0.00042788   1.54771 0.0932406  -9.68568  14044
             78.7003   0.27188 0.0235741 -0.254648  0.0138846 -0.0152708 0.00891747 0 0 0   -0.011 -0.02329  0.04412  -0.0026358 -0.00316172 -0.00258776 0.000244026 -0.00222246 -0.00395972  0.00281724 -0.00517364 0.000256206   1.54777 0.0933324  -9.68567  14334
             78.8004  0.0294009 -0.0143146  -0.298171  0.0157872 -0.0159921 0.00796743 0 0 0   -0.011 -0.02329  0.04412  0.00494696 -0.00482332 -0.00427915 0.000401862 -0.00219729  -0.0039308  0.00262693 -0.00514892 0.000326313   1.54783 0.0933256  -9.68566  14049
             78.8994  0.0872726 -0.0775361  -0.269882  0.0169446 -0.0142227  0.0103739 0 0 0   -0.011 -0.02329  0.04412 0.00566987 0.00258887 0.00332868 0.000370657  -0.0021565 -0.00394828  0.00258322 -0.00533415  7.5674e-05   1.54786 0.0933932  -9.68565  14242
             79.0004   0.139036 0.00484001  -0.271956  0.0164391 -0.0143043 0.00662871 0 0 0   -0.011 -0.02329  0.04412  0.00352305  0.00137904 -0.00556772 0.000334313 -0.00220999 -0.00394827   0.0026603 -0.00529808 0.000410183   1.54781 0.0933818  -9.68566  13935
             79.1003   0.167766 -0.0884972  -0.313753  0.0171301 -0.0145274  0.0104778 0 0 0   -0.011 -0.02329  0.04412   0.00318513 -0.000580595   0.00337971 0.000317412  -0.0021529 -0.00392183  0.00264462 -0.00528664 4.27644e-05   1.54784 0.0933744  -9.68566  13997
             79.2004   0.0915333 -0.00257694   -0.274302  0.0159801 -0.0160098 0.00738746 0 0 0   -0.011 -0.02329  0.04412 -0.000866741  -0.00494414  -0.00359474 0.000370962 -0.00220444 -0.00394501  0.00276416 -0.00517085 0.000329851  1.54778 0.093331 -9.68567  14034
             79.3002   0.112121 -0.0922472  -0.278569  0.0175723 -0.0152052 0.00966797 0 0 0   -0.011 -0.02329  0.04412  0.00354445 -0.00181143  0.00140892 0.000355065 -0.00214893 -0.00394466  0.00262804 -0.00527831 0.000111406   1.54784 0.0933719  -9.68566  13984
             79.4003  0.146133 -0.010977 -0.251307   0.016789 -0.0145078   0.010215 0 0 0   -0.011 -0.02329  0.04412 -0.000527441 -0.000135965   0.00281315 0.000338829 -0.00219843 -0.00396069  0.00272538 -0.00535214 7.26125e-05   1.54781 0.0933967  -9.68566  14025
             79.5003   0.049903 -0.0992778  -0.306181  0.0163736 -0.0150727  0.0106465 0 0 0   -0.011 -0.02329  0.04412 -0.00148098 -0.00210588  0.00235602 0.000399223 -0.00214032 -0.00392553  0.00276202 -0.00531169 5.70436e-05    1.5478 0.0933806  -9.68566  13944
             79.6004   0.108727 -0.0793401  -0.272264 0.0171756  -0.01529 0.0115277 0 0 0   -0.011 -0.02329  0.04412 5.15891e-05 -0.00182826  0.00380715 0.000365051 -0.00215306 -0.00394321  0.00267145 -0.00531135 1.02179e-05   1.54783 0.0933823  -9.68566  14016
             79.7002  0.0719054 -0.0103625  -0.358862  0.0149627 -0.0161491 0.00855552 0 0 0   -0.011 -0.02329  0.04412 -0.00547754 -0.00417983 -0.00433614 0.000394024 -0.00219607 -0.00388493  0.00285666 -0.00524994 0.000283996   1.54775 0.0933573  -9.68567  13850
             79.7994   0.136362 -0.0321945  -0.367186   0.016328 -0.0149669 0.00847022 0 0 0   -0.011 -0.02329  0.04412 0.000236206 0.000217752 -0.00366659 0.000355306 -0.00218041 -0.00388149  0.00269332 -0.00537258 0.000267929   1.54781 0.0934059  -9.68566  14191
             79.9002  0.0505715 -0.0547996  -0.338312  0.0169177 -0.0169114  0.0100117 0 0 0   -0.011 -0.02329  0.04412  0.00156108 -0.00513472 0.000775989 0.000402882 -0.00216685 -0.00390401  0.00265794 -0.00522125 0.000102178   1.54783 0.0933503  -9.68566  13969
             80.0004  0.159331 -0.066526 -0.324817  0.0155817 -0.0164447  0.0100887 0 0 0   -0.011 -0.02329  0.04412 -0.00280252 -0.00337397  0.00135678 0.000331794 -0.00215864 -0.00391216 0.00278199 -0.0052816 9.5149e-05   1.54779 0.0933721  -9.68567  14143
             80.1004  0.0201962 -0.0978713  -0.315705  0.0168432 -0.0147794  0.0114637 0 0 0   -0.011 -0.02329  0.04412 0.00107875 0.00324526 0.00359139 0.000415976 -0.00213985 -0.00391687   0.00263146  -0.00545769 -4.39584e-06   1.54785 0.0934343  -9.68566  13937
             80.2002   0.148415 -0.0466378  -0.297581  0.0169678 -0.0157879   0.011552 0 0 0   -0.011 -0.02329  0.04412   0.00099729 -0.000560675    0.0033545 0.000332173 -0.00216984 -0.00392895  0.00262549 -0.00535578 1.98497e-05   1.54785 0.0933973  -9.68566  14131
             80.3004   0.156565 -0.0721734  -0.324396  0.0150183 -0.0163495  0.0114441 0 0 0   -0.011 -0.02329  0.04412 -0.00558562 -0.00262273  0.00251272 0.000326721 -0.00215306 -0.00390844  0.00279453 -0.00530857 2.63703e-05   1.54779 0.0933824  -9.68567  13914
             80.4003  0.0565157 -0.0330391  -0.285743  0.0155446 -0.0159396  0.0108892 0 0 0   -0.011 -0.02329  0.04412  -0.00165822 -0.000789983  0.000162362 0.000386583 -0.00217904 -0.00393172  0.00269223 -0.00536818 0.000100829   1.54782 0.0934029  -9.68566  14077
             80.5005  0.109516 -0.112248 -0.357326  0.0153546 -0.0189004  0.0135099 0 0 0   -0.011 -0.02329  0.04412 -0.00225951 -0.00858869  0.00547403 0.000344682 -0.00212894 -0.00389031   0.00268472  -0.00515767 -0.000100823   1.54783 0.0933268  -9.68566  13974
             80.6004  0.0517049 -0.0661745  -0.329589  0.0148947 -0.0172632  0.0109724 0 0 0   -0.011 -0.02329  0.04412  -0.00304792  -0.00346989 -0.000159608 0.000389912 -0.00216548 -0.00391066  0.00271512 -0.00527652 0.000106275  1.54781  0.09337 -9.68566  13860
             80.7002   0.204045 -0.0593358   -0.29738  0.0147683 -0.0171547  0.0120136 0 0 0   -0.011 -0.02329  0.04412 -0.00243859 -0.00238099  0.00197864 0.000297839  -0.0021712 -0.00392962  0.00268189 -0.00533043 2.26029e-05   1.54783 0.0933898  -9.68566  14015
             80.8002  0.0840816 -0.0841824  -0.331767  0.0162048 -0.0170489  0.0103767 0 0 0   -0.011 -0.02329  0.04412  0.00255709 -0.00158663 -0.00166553 0.000377094 -0.00215439 -0.00390584  0.00254754 -0.00536068 0.000182082   1.54786 0.0933993  -9.68565  14138
             80.9003   0.214895 -0.0505066  -0.299716 0.0151296 -0.016399 0.0117784 0 0 0   -0.011 -0.02329  0.04412  -0.00232362 -0.000506998   0.00221059 0.000299639 -0.00217342  -0.0039255  0.00265279 -0.00542126 4.08534e-05   1.54783 0.0934215  -9.68566  14035
             81.0003    0.154842 -0.00915607   -0.277231  0.0143606 -0.0157682  0.0116301 0 0 0   -0.011 -0.02329  0.04412 -0.00393148 2.81527e-05  0.00117743 0.000340168 -0.00219902  -0.0039402  0.00269476 -0.00547413 6.11887e-05   1.54782 0.0934401  -9.68566  14109
             81.1004   0.223271 -0.0532061  -0.276955  0.0158042 -0.0137236  0.0115074 0 0 0   -0.011 -0.02329  0.04412 0.00205132 0.00437877 0.00169021 0.000297583 -0.00217059 -0.00394002   0.0025422 -0.00563045 9.30527e-05  1.54787 0.093496 -9.68565  14094
             81.2003  0.0246775 -0.0142799  -0.397408  0.0164749 -0.0166999 0.00779223 0 0 0   -0.011 -0.02329  0.04412  0.00400576 -0.00482633 -0.00723223 0.000421614 -0.00219552 -0.00386466  0.00249849 -0.00537092 0.000417921  1.54787  0.09341 -9.68565  13965
             81.3002   0.287722 -0.0819798  -0.303808  0.0184399 -0.0136308  0.0118074 0 0 0   -0.011 -0.02329  0.04412  0.00983084  0.00263755 0.000677151 0.000240297 -0.00214948 -0.00393042   0.0023443 -0.00562218 7.88031e-05   1.54794 0.0934944  -9.68564  14097
             81.4004  0.0264726 -0.0309307   -0.30442 0.0172733 -0.014712 0.0101036 0 0 0   -0.011 -0.02329  0.04412 -0.000145067  -0.00289728  -0.00254578 0.000406195 -0.00217767 -0.00392861  0.00258588 -0.00551304  0.00022648   1.54785 0.0934591  -9.68565  13947
             81.5003   0.102233 -0.0971557  -0.353289  0.0161424 -0.0169516  0.0116229 0 0 0   -0.011 -0.02329  0.04412  -0.0050596 -0.00781521  0.00134797  0.00035976 -0.00213766 -0.00389634  0.00268284 -0.00537516 7.49289e-05  1.54782 0.093403 -9.68566  14064
             81.6002  0.0734314 -0.0600932  -0.318461  0.0160666 -0.0160753  0.0107448 0 0 0   -0.011 -0.02329  0.04412 -0.00378723 -0.00361361 -0.00163817 0.000380713 -0.00216045 -0.00391915  0.00264769 -0.00548702 0.000153176   1.54783 0.0934457  -9.68566  14112
             81.7003    0.17194 -0.0405899  -0.246108  0.0148312 -0.0159684    0.01285 0 0 0   -0.011 -0.02329  0.04412 -0.00754845 -0.00276183  0.00371498 0.000324808 -0.00217073  -0.0039642   0.00271788   -0.0055324 -3.58141e-05   1.54782 0.0934533  -9.68566  14061
             81.8002 0.0792696 -0.104676 -0.299225  0.0146898 -0.0155283  0.0109917 0 0 0   -0.011 -0.02329  0.04412 -0.00536951   -0.001235 -0.00136009 0.000383394 -0.00213103 -0.00392796  0.00266247 -0.00558265 0.000151811   1.54783 0.0934776  -9.68566  14037
             81.9001 0.0774826 -0.100454 -0.296984  0.0155288 -0.0152714   0.013965 0 0 0   -0.011 -0.02329  0.04412  -0.00221852 -0.000217301   0.00488057 0.000378869 -0.00213369  -0.0039302   0.00255723  -0.00562326 -9.86803e-05   1.54787 0.0934839  -9.68565  14092
             82.0004    0.17652 -0.0646199  -0.322268  0.0145353 -0.0155507   0.012317 0 0 0   -0.011 -0.02329  0.04412   -0.0048097  -0.00160298 -0.000360274 0.000319184 -0.00215674 -0.00391436  0.00261002 -0.00559568  8.2425e-05   1.54785 0.0934785  -9.68565  14014
             82.1003  0.0499177 -0.0796759  -0.218227  0.0151129 -0.0147015  0.0128138 0 0 0   -0.011 -0.02329  0.04412 -0.00342043  0.00154969  0.00165106 0.000414264 -0.00214774 -0.00399729  0.00255615 -0.00566241 4.06822e-05   1.54787 0.0935009  -9.68565  13931
             82.2001   0.169278 -0.0832083   -0.33035  0.0153636 -0.0154031  0.0131036 0 0 0   -0.011 -0.02329  0.04412 -0.00108894 -0.00216948  0.00052206 0.000347773 -0.00214197 -0.00392488  0.00247931  -0.0055897 4.19492e-05   1.54789 0.0934778  -9.68565  14109
             82.3003   0.171558 -0.0518869  -0.329161  0.0155989 -0.0148867  0.0102643 0 0 0   -0.011 -0.02329  0.04412  1.53723e-05 -0.000199244  -0.00463838 0.000346921 -0.00216078 -0.00392548  0.00244955 -0.00562651 0.000282264   1.54789 0.0934926  -9.68565  13917
             82.4001   0.190168 -0.0374562  -0.308593  0.0179063 -0.0131255 0.00936457 0 0 0   -0.011 -0.02329  0.04412  0.00733799  0.00272787 -0.00648563 0.000339582 -0.00217007  -0.0039377  0.00226092 -0.00577472 0.000280488   1.54795 0.0935485  -9.68564  14012
             82.5003   0.167518 -0.0467814  -0.263398  0.0170703 -0.0133269 0.00905792 0 0 0   -0.011 -0.02329  0.04412   0.00254479 -0.000226837  -0.00734391 0.000352692 -0.00216539 -0.00396474  0.00238272 -0.00574711 0.000244056   1.54791 0.0935361  -9.68564  13971
             82.6001   0.254555 -0.0343493  -0.267142  0.0164828 -0.0145497 0.00812645 0 0 0   -0.011 -0.02329  0.04412 0.000160858 -0.00507732 -0.00690353 0.000299005  -0.0021707 -0.00396183  0.00244588 -0.00566464 0.000271672   1.54789 0.0935074  -9.68565  14028
             82.7003   0.0829998 -0.00319767    -0.27431     0.0153 -0.0148775 0.00806798 0 0 0   -0.011 -0.02329  0.04412 -0.00281864 -0.00593829 -0.00659856 0.000405517 -0.00219041 -0.00395788  0.00254549 -0.00569363 0.000196691   1.54786 0.0935137  -9.68565  13903
             82.8001  0.166452 -0.130517 -0.292629  0.0170578 -0.0159237  0.0118628 0 0 0   -0.011 -0.02329  0.04412  0.00163399 -0.00736882  0.00428188 0.000353239 -0.00211113 -0.00394708   0.00239418  -0.00567267 -0.000152227   1.54793 0.0935006  -9.68564  14034
             82.9003   0.108959 -0.0416701  -0.327914  0.0147132 -0.0161677  0.0108179 0 0 0   -0.011 -0.02329  0.04412 -0.00568779 -0.00716099 4.91768e-05 0.000387136 -0.00216679 -0.00392572   0.00259296  -0.00571415 -4.54933e-05   1.54786 0.0935135  -9.68565  13865
             83.0002   0.118515 -0.0795827  -0.327092  0.0153039 -0.0151068  0.0119358 0 0 0   -0.011 -0.02329  0.04412 -0.00359953 -0.00333731  0.00209407 0.000382568 -0.00214415 -0.00392496   0.00252159   -0.0058229 -0.000135148   1.54788 0.0935481  -9.68565  14112
             83.1003  0.0466216 -0.0829468  -0.312808  0.0143264 -0.0154807  0.0114716 0 0 0   -0.011 -0.02329  0.04412 -0.00605435  -0.0023046   0.0012809 0.000427031 -0.00214093 -0.00393488   0.00254891  -0.00582763 -6.82477e-05   1.54787 0.0935515  -9.68565  13964
             83.2004  0.0653069 -0.0833111  -0.343763  0.0135568 -0.0168396  0.0121254 0 0 0   -0.011 -0.02329  0.04412 -0.00683547 -0.00494421  0.00198705 0.000421338 -0.00213747 -0.00391277  0.00255924 -0.00574423 -0.00011492   1.54787 0.0935227  -9.68565  14091
             83.3002   0.149543 -0.0902564  -0.262167  0.0148956 -0.0125899  0.0140787 0 0 0   -0.011 -0.02329  0.04412 -0.00218101  0.00810479   0.0061162 0.000373865 -0.00213436 -0.00396075   0.00238793  -0.00610681 -0.000260894   1.54793 0.0936389  -9.68564  14015
             83.4004  0.106909 -0.167802  -0.33749  0.0151951 -0.0134027   0.016082 0 0 0   -0.011 -0.02329  0.04412 -0.00225438  0.00320643  0.00952308 0.000401246 -0.00208438 -0.00391464   0.00234489  -0.00598574 -0.000365864   1.54795 0.0935976  -9.68564  14064
             83.5003   0.144583 -0.0859579  -0.318158  0.0144429 -0.0145065  0.0137592 0 0 0   -0.011 -0.02329  0.04412  -0.00458089 -0.000276446   0.00344504 0.000377081 -0.00213786  -0.0039276   0.00240046   -0.0058856 -0.000158872   1.54792 0.0935676  -9.68564  14038
             83.6001  0.0448228 -0.0881387  -0.298792  0.0149289 -0.0152169  0.0140536 0 0 0   -0.011 -0.02329  0.04412 -0.00108482 -0.00222868  0.00217227 0.000436134 -0.00213795  -0.0039388    0.0022981  -0.00583858 -0.000139368   1.54796 0.0935526  -9.68564  14176
             83.7003  0.0429052 -0.0998587  -0.321531  0.0155314 -0.0172342  0.0111729 0 0 0   -0.011 -0.02329  0.04412 0.000886364 -0.00617205 -0.00450151 0.000440111 -0.00213036 -0.00392282   0.0022317 -0.00568806 0.000121218   1.54797 0.0935059  -9.68564  14270
             83.8002   0.124047 -0.0381348  -0.399745  0.0142146 -0.0190349  0.0109109 0 0 0   -0.011 -0.02329  0.04412 -0.00446638 -0.00937143 -0.00343897 0.000393842 -0.00217007 -0.00387401  0.00234757 -0.00559226 0.000105637   1.54793 0.0934745  -9.68564  14096
                83.9 0.0972802 -0.153361  -0.29204   0.016296 -0.0173725  0.0123489 0 0 0   -0.011 -0.02329  0.04412  0.00206108 -0.00179351  0.00116757  0.00041319 -0.00210111 -0.00393871    0.0021351  -0.00580227 -3.78441e-05     1.548 0.0935418  -9.68563  14197
             84.0002  0.0846525 -0.0298267  -0.263902  0.0151579  -0.016292 0.00932137 0 0 0   -0.011 -0.02329  0.04412 -0.00200735   0.0016067 -0.00635647 0.000421703 -0.00217778 -0.00395282  0.00224309 -0.00589464 0.000203257   1.54797 0.0935716  -9.68564  14038
             84.1003   0.127815 -0.0865826  -0.322835  0.0169598 -0.0160479 0.00978828 0 0 0   -0.011 -0.02329  0.04412  0.00398376  0.00223357 -0.00432398 0.000397037 -0.00213871 -0.00391505  0.00208321 -0.00591175 0.000145553   1.54802 0.0935761  -9.68563  13979
             84.2002   0.122567 0.00142174  -0.345395  0.0140943 -0.0153011 0.00907276 0 0 0   -0.011 -0.02329  0.04412 -0.00674119  0.00313554 -0.00538993 0.000403207 -0.00219392 -0.00390171  0.00235891 -0.00595078  0.00015783   1.54793 0.0935898  -9.68564  14088
             84.3003 0.0820414 -0.120898 -0.287702  0.0164094 -0.0142931  0.0091474 0 0 0   -0.011 -0.02329  0.04412   0.0027314  0.00474258 -0.00316489 0.000433714 -0.00211651 -0.00393525  0.00208482 -0.00599457 9.41919e-05   1.54802 0.0936025  -9.68563  13942
             84.4002    0.118768 -0.00447236   -0.330002  0.0148984 -0.0160863 0.00887491 0 0 0   -0.011 -0.02329  0.04412  -0.00171596 -0.000713531  -0.00327389 0.000408813 -0.00221186 -0.00389924  0.00221299 -0.00585543 0.000107147   1.54798 0.0935589  -9.68563  14067
             84.5003   0.0460031 -0.00422302   -0.364576  0.0138927 -0.0159303 0.00641322 0 0 0   -0.011 -0.02329  0.04412 -0.00250716 0.000305868 -0.00784162 0.000456981  -0.0022125 -0.00387455  0.00227227 -0.00587451 0.000246872   1.54795 0.0935657  -9.68564  13813
             84.6002   0.189926 -0.0378399  -0.308741  0.0174159 -0.0139752  0.0101217 0 0 0   -0.011 -0.02329  0.04412 0.00861637 0.00555007 0.00200003 0.000367178 -0.00218968 -0.00391087   0.00199184  -0.00602382 -8.53173e-05   1.54805 0.0936086  -9.68562  14079
             84.7003   0.138096 -0.0592954  -0.347376  0.0162858 -0.0147934  0.0118301 0 0 0   -0.011 -0.02329  0.04412  0.00158439 0.000210427  0.00455991 0.000394561 -0.00217934  -0.0038895   0.00215838   -0.0059258 -0.000210645  1.54801  0.09358 -9.68563  13890
             84.8001   0.251298 -0.0404487  -0.275004   0.0171377 -0.00970261   0.0133248 0 0 0   -0.011 -0.02329  0.04412 0.00400608  0.0125681 0.00668585 0.000327724 -0.00218962 -0.00393433    0.0021015  -0.00629917 -0.000293124   1.54804 0.0936952  -9.68562  14116
             84.9002 -0.0310338  -0.100636  -0.278717   0.016517 -0.0138447  0.0129126 0 0 0   -0.011 -0.02329  0.04412 0.000200273 -0.00198887  0.00483249 0.000500953 -0.00215065 -0.00393529   0.00218007   -0.0059069 -0.000208402     1.548 0.0935752  -9.68563  13928
             85.0002   0.135432 -0.0736538  -0.277597  0.0170519 -0.0118815   0.012781 0 0 0   -0.011 -0.02329  0.04412  0.0016569 0.00393356 0.00351855  0.00039931 -0.00216885 -0.00393482   0.00213033  -0.00606571 -0.000177398   1.54802 0.0936246  -9.68563  14282
             85.1003 0.0816316 -0.112785  -0.33444  0.0176973 -0.0116397  0.0146046 0 0 0   -0.011 -0.02329  0.04412 0.00187796 0.00263974 0.00638291 0.000435026 -0.00214302 -0.00389905   0.00210115  -0.00604673 -0.000280511   1.54803 0.0936168  -9.68562  13912
             85.2002   0.130391 -0.0868775  -0.313768  0.0181534 -0.0125487  0.0131769 0 0 0   -0.011 -0.02329  0.04412   0.00242756 -0.000791559   0.00186764 0.000405113 -0.00215588 -0.00391307   0.00206499  -0.00595228 -0.000107893   1.54803 0.0935909  -9.68562  14065
             85.3002 0.0870787  -0.12758 -0.372983  0.0178063 -0.0120857  0.0134891 0 0 0   -0.011 -0.02329  0.04412 0.000442782 0.000831027  0.00309981 0.000431807 -0.00212971 -0.00387622   0.00209924  -0.00599011 -0.000131213  1.54803 0.093602 -9.68563  13936
             85.4001   0.229116 -0.0544595  -0.319348   0.015912 -0.0116229   0.014181 0 0 0   -0.011 -0.02329  0.04412 -0.00645825  0.00053602  0.00310065 0.000346513 -0.00217465 -0.00390963   0.00227085  -0.00602135 -0.000181176   1.54798 0.0936103  -9.68563  14132
             85.5003  0.0653556 -0.0954067  -0.392199   0.016001 -0.0136535  0.0132169 0 0 0   -0.011 -0.02329  0.04412  -0.00294868  -0.00595301 -0.000216757 0.000450487 -0.00214742 -0.00386333   0.00215306  -0.00587622 -4.27671e-05  1.54801 0.093568 -9.68563  13982
             85.6002  0.0676141 -0.0965229  -0.340235  0.0162512 -0.0120544   0.013011 0 0 0   -0.011 -0.02329  0.04412  -0.00230822  0.000609533 -0.000536521 0.000451535 -0.00214727 -0.00389543   0.00210939  -0.00602745 -3.04408e-05   1.54802 0.0936141  -9.68563  13964
             85.7003  0.149166  -0.10067 -0.313295  0.0168568 -0.0118072  0.0129005 0 0 0   -0.011 -0.02329  0.04412 -0.000505402   0.00104145 -0.000334807 0.000399282 -0.00214395 -0.00391272   0.00203983  -0.00604241 -2.54744e-05   1.54804 0.0936176  -9.68562  14069
             85.8002   0.129814 -0.0322259  -0.322946  0.0174057 -0.0116084  0.0100886 0 0 0   -0.011 -0.02329  0.04412  0.00160713  0.00103006 -0.00623085 0.000411927 -0.00218667  -0.0039058   0.0019869 -0.00604704 0.000188714   1.54805 0.0936219  -9.68562  14035
             85.9001   0.171691 -0.0294012  -0.355807  0.0153963 -0.0123219  0.0108983 0 0 0   -0.011 -0.02329  0.04412 -0.00552749 -0.00214595 -0.00300802 0.000388959 -0.00218812 -0.00388471  0.00216871 -0.00598841 6.28541e-05     1.548 0.0936055  -9.68563  14076
             86.0001  0.0997488 -0.0225167  -0.311548  0.0161259 -0.0120832 0.00977064 0 0 0   -0.011 -0.02329  0.04412 -0.000998909  -0.00156759  -0.00577312 0.000432994 -0.00219296   -0.003911  0.00206766 -0.00602546 0.000132291  1.54803 0.093616 -9.68562  14115
             86.1002   0.258218 -0.0805654  -0.360772  0.0155675 -0.0136333  0.0122774 0 0 0   -0.011 -0.02329  0.04412 -0.00378296 -0.00644276  0.00155623 0.000341606 -0.00215665  -0.0038802   0.00211412  -0.00592987 -0.000118302   1.54802 0.0935837  -9.68563  14085
             86.2001  0.0406303 -0.0438139  -0.344241  0.0156977 -0.0160534  0.0105542 0 0 0   -0.011 -0.02329  0.04412 -0.00189179  -0.0122223  -0.0040221 0.000470202 -0.00217904 -0.00388792  0.00207036 -0.00579078 3.33425e-05   1.54803 0.0935443  -9.68563  13965
             86.3002  0.210002 -0.132633 -0.289743  0.0184456 -0.0137209  0.0132317 0 0 0   -0.011 -0.02329  0.04412  0.00616845 -0.00458448  0.00335475 0.000361358 -0.00212046 -0.00392401   0.00183201  -0.00601012 -0.000182643    1.5481 0.0936014  -9.68561  14056
             86.4002  0.0650627 -0.0672127  -0.383633  0.0189307  -0.013931 0.00997138 0 0 0   -0.011 -0.02329  0.04412  0.00315447  -0.0031579 -0.00496934 0.000454264 -0.00215982 -0.00386722   0.0018589 -0.00606405 0.000127473   1.54809 0.0936271  -9.68562  13940
             86.5002   0.216631 -0.0780923  -0.363525  0.0188695 -0.0129438  0.0128362 0 0 0   -0.011 -0.02329  0.04412   0.00179227 -0.000490803   0.00252784 0.000364974 -0.00215204 -0.00387747   0.00189037  -0.00616876 -0.000138948   1.54809 0.0936496  -9.68561  14139
             86.6002 0.0532074 -0.045536 -0.305995  0.0186171 -0.0131423  0.0103151 0 0 0   -0.011 -0.02329  0.04412 0.000492096 -0.00139817 -0.00468085    0.000465 -0.00217233 -0.00391033   0.0019177 -0.00615058 8.19255e-05   1.54807 0.0936524  -9.68562  14102
             86.7002   0.246244 -0.0570481  -0.288778  0.0180898 -0.0123178  0.0126548 0 0 0   -0.011 -0.02329  0.04412  -0.00144774 -0.000247294   0.00141891 0.000351557 -0.00216327  -0.0039209   0.00196781  -0.00623126 -0.000135639   1.54807 0.0936691  -9.68562  14226
             86.8002  0.0307015 -0.0946823  -0.342166  0.0170077 -0.0143028  0.0125148 0 0 0   -0.011 -0.02329  0.04412 -0.00516306 -0.00615292 0.000176542 0.000484069 -0.00214124 -0.00388677  0.00203916 -0.00608678 -0.00011261   1.54804 0.0936285  -9.68562  14050
             86.9002   0.14872  -0.12475 -0.359529  0.0171807 -0.0138373    0.01615 0 0 0   -0.011 -0.02329  0.04412 -0.00468566 -0.00318137  0.00762204   0.0004148 -0.00212434 -0.00387453   0.00198448  -0.00618068 -0.000391653   1.54807 0.0936457  -9.68562  14053
             87.0002   0.192365 -0.0860088  -0.364794  0.0179006 -0.0128084  0.0142962 0 0 0   -0.011 -0.02329  0.04412  -0.00076214 -6.56638e-05   0.00145438 0.000388188 -0.00214708 -0.00387119    0.0018744  -0.00627765 -0.000180765   1.54809 0.0936791  -9.68561  14037
             87.1003   0.208644 -0.0731417  -0.424574   0.015669 -0.0125966  0.0144622 0 0 0   -0.011 -0.02329  0.04412 -0.00754762 -0.00129949  0.00109344 0.000377449 -0.00215446 -0.00383466   0.00205153  -0.00629423 -0.000185751   1.54804 0.0936864  -9.68562  14001
             87.2001   0.195547 -0.0920589  -0.349872   0.016541 -0.0125035  0.0140547 0 0 0   -0.011 -0.02329  0.04412  -0.00494363 -0.000601271   0.00104206 0.000387551 -0.00214159 -0.00388425   0.00196749   -0.0063029 -0.000148267   1.54807 0.0936886  -9.68562  14068
             87.3002   0.0476138 -0.00924782   -0.339573  0.0165074 -0.0135413 0.00866014 0 0 0   -0.011 -0.02329  0.04412 -0.00201851 -0.00377225  -0.0127138 0.000477623 -0.00219056 -0.00389014  0.00191427 -0.00620562 0.000314793   1.54807 0.0936726  -9.68562  13872
                87.4   0.146085 -0.0427104  -0.420723  0.0176991 -0.0142315 0.00720842 0 0 0   -0.011 -0.02329  0.04412  0.00329318 -0.00360351  -0.0102404 0.000417307 -0.00216996 -0.00384265  0.00179287 -0.00620837 0.000246374   1.54811 0.0936687  -9.68561  14086
             87.5001  0.0471485 -0.0261916  -0.362912  0.0187912 -0.0157899 0.00577622 0 0 0   -0.011 -0.02329  0.04412  0.00576134 -0.00648827  -0.0109255 0.000480476 -0.00217594 -0.00387652  0.00172871 -0.00612199 0.000280372   1.54812 0.0936428  -9.68561  14000
             87.6001  0.190981 0.0149084 -0.332858  0.0168283 -0.0153395 0.00351772 0 0 0   -0.011 -0.02329  0.04412 -0.00128654 -0.00398998  -0.0137453 0.000395661 -0.00220323 -0.00389286   0.0019185 -0.00618019   0.0003746   1.54807 0.0936671  -9.68562  14093
             87.7001 0.0318126  0.068137 -0.282492  0.0160049 -0.0155123 0.00306895 0 0 0   -0.011 -0.02329  0.04412 -0.00201149 -0.00351003  -0.0116486 0.000490864 -0.00223255 -0.00392235  0.00198786 -0.00620152 0.000285523   1.54805 0.0936749  -9.68562  14058
             87.8002   0.114467 -0.0592858  -0.354268  0.0172802  -0.015383 0.00641474 0 0 0   -0.011 -0.02329  0.04412  0.00191411 -0.00188175 -0.00198913 0.000443892 -0.00215512 -0.00387691   0.00188811  -0.00625323 -7.85054e-05    1.5481 0.0936842  -9.68561  13968
             87.9001  0.0781087 -0.0136133  -0.394265  0.0171876 -0.0128447 0.00496796 0 0 0   -0.011 -0.02329  0.04412  0.00169732  0.00594746 -0.00430783 0.000472951 -0.00217978  -0.0038495  0.00190422 -0.00645339 1.26536e-05   1.54809 0.0937416  -9.68561  13839
                  88   0.128274 -0.0442462  -0.276559  0.0168888 -0.0137099 0.00888176 0 0 0   -0.011 -0.02329  0.04412 -0.00171597  0.00196402  0.00573322 0.000442946 -0.00216353 -0.00391807   0.00195994  -0.00635076 -0.000331026   1.5481 0.093714 -9.68561  14154
             88.1001   0.058954 -0.0586602   -0.37939  0.0170524 -0.0145048 0.00944238 0 0 0   -0.011 -0.02329  0.04412 -0.00126456 -0.00060393  0.00554998 0.000489977 -0.00215525 -0.00385411   0.00193412  -0.00627804 -0.000332021    1.5481 0.0936931  -9.68561  14004
             88.2002   0.110776 -0.0935421  -0.333043  0.0178146 -0.0131648  0.0118076 0 0 0   -0.011 -0.02329  0.04412 0.000681588  0.00367756  0.00999895 0.000459115 -0.00213308  -0.0038833   0.00186447  -0.00639045 -0.000471831   1.54813 0.0937242  -9.68561  14121
             88.3001  0.0793138 -0.0798068  -0.367965  0.0167079 -0.0134787   0.013441 0 0 0   -0.011 -0.02329  0.04412 -0.00416913  0.00203564   0.0118419 0.000480119 -0.00213912 -0.00386037   0.00196628   -0.0063363 -0.000529681   1.54811 0.0937113  -9.68561  13850
                88.4  0.100297 -0.112644 -0.354254  0.0163145 -0.0133594  0.0133315 0 0 0   -0.011 -0.02329  0.04412 -0.00461041  0.00211197  0.00856144 0.000473135 -0.00212157 -0.00386688   0.00196215  -0.00632938 -0.000437826    1.5481 0.0937085  -9.68561  14140
             88.5001  0.142641 -0.132736 -0.315226   0.018362 -0.0126306  0.0150739 0 0 0   -0.011 -0.02329  0.04412 0.00204664 0.00350162  0.0100564 0.000449313 -0.00211051 -0.00388975   0.00174375  -0.00638168 -0.000503735   1.54817 0.0937191   -9.6856  14039
             88.6001  0.128054 -0.122117 -0.374663  0.0180236 -0.0129109  0.0136195 0 0 0   -0.011 -0.02329  0.04412 0.00139424 0.00265137 0.00692016 0.000459387 -0.00211311 -0.00384711   0.00177255  -0.00635131 -0.000372005 1.54815 0.09371 -9.6856  14096
                88.7  0.0989429 -0.0932683  -0.333708 0.0193026 -0.012338 0.0103519 0 0 0   -0.011 -0.02329  0.04412  0.00387713  0.00324343 -0.00325395 0.000479971  -0.0021305 -0.00387025   0.00165202  -0.00636516 -1.76293e-05  1.54817 0.093708  -9.6856  14359
                88.8  0.0913515 -0.0465243  -0.335483   0.018279 -0.0124343  0.0086731 0 0 0   -0.011 -0.02329  0.04412 -0.00010285  0.00153728 -0.00702197 0.000485131 -0.00215643 -0.00386907  0.00177206 -0.00632354  7.6073e-05   1.54814 0.0936994  -9.68561  14089
             88.9001   0.14972 -0.116663 -0.404035  0.0175718 -0.0134873 0.00979083 0 0 0   -0.011 -0.02329  0.04412 -0.00269584 -0.00160296  -0.0040103 0.000447336 -0.00211042 -0.00382649   0.00183047  -0.00624057 -2.54264e-05   1.54812 0.0936788  -9.68561  14190
                  89  0.124985  -0.03641 -0.326824  0.0178305 -0.0148022 0.00997539 0 0 0   -0.011 -0.02329  0.04412 -0.000783402  -0.00533923   -0.0037273 0.000461391 -0.00215607 -0.00387235   0.00177219  -0.00616146 -8.83032e-05   1.54814 0.0936555  -9.68561  13978
             89.1001  0.113512 -0.162973 -0.366438  0.0185281 -0.0142819  0.0132174 0 0 0   -0.011 -0.02329  0.04412 -0.00015964 -0.00239778  0.00387393 0.000464464 -0.00208323 -0.00384666   0.00171006   -0.0062501 -0.000375461  1.54816 0.093677  -9.6856  14025
                89.2    0.210456 -0.00121452   -0.335669  0.0188769 -0.0110189  0.0104398 0 0 0   -0.011 -0.02329  0.04412  0.00117989  0.00626793 -0.00383848 0.000413688 -0.00217836 -0.00386259   0.00167246  -0.00651488 -0.000122188   1.54818 0.0937484   -9.6856  14036
                89.3   0.140546 -0.0115912  -0.356906  0.0180965 -0.0117822 0.00830473 0 0 0   -0.011 -0.02329  0.04412 -2.20373e-05   0.00325943  -0.00883961 0.000456056 -0.00217017 -0.00384955  0.00173641 -0.00643982 3.45946e-05   1.54816 0.0937312   -9.6856  14024
                89.4    0.12411 -0.0181261  -0.310705  0.0171673 -0.0116073 0.00850894 0 0 0   -0.011 -0.02329  0.04412 -0.00267117  0.00174556 -0.00480974 0.000465829 -0.00216514 -0.00387708   0.00181173   -0.0064147 -8.89315e-05   1.54814 0.0937256  -9.68561  14146
             89.5001  0.0503951 -0.0871847  -0.307319 0.0177865 -0.012602 0.0105187 0 0 0   -0.011 -0.02329  0.04412 -0.000734524  -0.00126193  0.000172421 0.000510835 -0.00212462  -0.0038792   0.00174024  -0.00633854 -0.000276502   1.54816 0.0937008   -9.6856  13857
                89.6  0.0713205 -0.0567048  -0.333415  0.0175388 -0.0128965 0.00964392 0 0 0   -0.011 -0.02329  0.04412  -0.00154804 -0.000945672  -0.00108472  0.00050089 -0.00214044 -0.00386043   0.00175093  -0.00631996 -0.000207827   1.54815 0.0936969   -9.6856  14100
                89.7   0.064925 -0.0474096  -0.298233  0.0183494 -0.0132288 0.00932146 0 0 0   -0.011 -0.02329  0.04412  0.00161826 -0.00136074  -0.0022748 0.000505886  -0.0021442 -0.00388041   0.00166917  -0.00630398 -0.000190889   1.54817 0.0936915   -9.6856  13905
             89.7999   0.203623 -0.0510747  -0.308727  0.0201441 -0.0126751  0.0103531 0 0 0   -0.011 -0.02329  0.04412  0.00595585 0.000417332  0.00130137 0.000424693 -0.00214053 -0.00387298    0.0015318  -0.00636111 -0.000279635   1.54821 0.0937049  -9.68559  14209
             89.9001 -0.0445143 -0.0704203  -0.408463  0.0198561 -0.0162695 0.00910533 0 0 0   -0.011 -0.02329  0.04412  0.00314228 -0.00909791 -0.00227299 0.000580424 -0.00212607 -0.00381194   0.00161322  -0.00608478 -0.000173886  1.54819 0.093632  -9.6856  13847
                  90   0.126678 -0.0912922  -0.311367  0.0208305 -0.0137972  0.0112799 0 0 0   -0.011 -0.02329  0.04412 0.00440646 0.00122351  0.0037927 0.000479479  -0.0021118 -0.00386936   0.00155483  -0.00634075 -0.000362514   1.54821 0.0936996   -9.6856  14170
             90.0999  0.0550532 -0.0273674   -0.40114  0.0212124 -0.0144853 0.00956723 0 0 0   -0.011 -0.02329  0.04412   0.00437622 -0.000757583 -0.000834978 0.000526339 -0.00215061 -0.00381139   0.00155146   -0.0062778 -0.000201853    1.5482 0.0936821   -9.6856  13974
             90.2001   0.221744 -0.0460651  -0.348031  0.0201813 -0.0128641  0.0106402 0 0 0   -0.011 -0.02329  0.04412 8.31986e-05  0.00301102  0.00204089 0.000428243 -0.00213849 -0.00384403   0.00168603  -0.00640786 -0.000300452  1.54817 0.093719  -9.6856  14067
                90.3   0.156609 -0.0949677  -0.395442  0.0194298 -0.0142867  0.0118692 0 0 0   -0.011 -0.02329  0.04412 -0.00325977 -0.00154751  0.00415515 0.000468771 -0.00210897 -0.00381431   0.00175871  -0.00628792 -0.000394284   1.54816 0.0936898   -9.6856  13903
                90.4   0.210265 -0.0196267  -0.378862 0.0186909 -0.012805 0.0101817 0 0 0   -0.011 -0.02329  0.04412 -0.00370704  0.00184293  -0.0017004 0.000435009 -0.00215209 -0.00382246   0.00179357  -0.00642602 -0.000233682   1.54814 0.0937248  -9.68561  14009
             90.4999    0.17666 -0.0752105  -0.353084  0.0183075 -0.0118077  0.0100382 0 0 0   -0.011 -0.02329  0.04412 -0.0104218 0.00430683 0.00277359 0.000434704 -0.00215146 -0.00382444   0.00177077  -0.00647356 -0.000244555   1.54815 0.0937365   -9.6856  14031
                90.6   0.181879 -0.0717517  -0.339053  0.0186094 -0.0110233   0.010015 0 0 0   -0.011 -0.02329  0.04412 -0.00953798  0.00626637  0.00277331 0.000434392 -0.00215202 -0.00382581  0.00174832 -0.00652952 -0.00024307   1.54816 0.0937502   -9.6856  14031
                90.7  0.0922954 -0.0721073  -0.352316  0.0226783 -0.0145315 0.00869327 0 0 0   -0.011 -0.02329  0.04412   0.0221471  -0.0177906 -0.00642025 0.000447139 -0.00214847 -0.00382403   0.00167641  -0.00646895 -0.000212855   1.54817 0.0937329   -9.6856  14178
                90.8   0.151349 -0.0121612  -0.354821  0.0232703 -0.0156051 0.00756281 0 0 0   -0.011 -0.02329  0.04412  0.0134254 -0.0137083  -0.007295 0.000410603 -0.00219493 -0.00381508    0.0016985  -0.00647864 -0.000211385   1.54817 0.0937355   -9.6856  14033
                90.9      0.285 -0.0929771   -0.33915  0.0209819 -0.0135006  0.0160143 0 0 0   -0.011 -0.02329  0.04412 -0.0001432 -0.0054385  0.0185641 0.000322229  -0.0021681 -0.00381781  0.00178347 -0.00652921 -0.00031342   1.54816 0.0937429   -9.6856  14127
             90.9999   0.116008 -0.0749815  -0.263139  0.0202433 -0.0115665  0.0155569 0 0 0   -0.011 -0.02329  0.04412  -0.00165272 -0.000265158    0.0122905 0.000434404 -0.00217828 -0.00387052   0.00179866  -0.00658821 -0.000287987   1.54815 0.0937557   -9.6856  14115
                91.1   0.152151 -0.0669105  -0.336514  0.0177732 -0.0140593  0.0138208 0 0 0   -0.011 -0.02329  0.04412 -0.00881529 -0.00770543  0.00502807 0.000409341 -0.00219132 -0.00381919   0.00191986  -0.00647213 -0.000230419  1.54813 0.093737 -9.68561  14135
             91.1999 -0.0635974   -0.10118  -0.347682  0.0179287 -0.0159329  0.0125382 0 0 0   -0.011 -0.02329  0.04412 -0.00594029 -0.00933046  0.00106662 0.000560358 -0.00216544 -0.00381293   0.00183329  -0.00640886 -0.000159209   1.54814 0.0937267  -9.68561  13985
             91.2999  0.177554 -0.152752 -0.388137  0.0182226 -0.0159954  0.0154531 0 0 0   -0.011 -0.02329  0.04412  -0.0058707 -0.00951766  0.00807213  0.00037093 -0.00212133 -0.00378009   0.00181678  -0.00642307 -0.000256115   1.54815 0.0937257   -9.6856  14061
                91.4 0.0302391 -0.135124 -0.354698  0.0166994 -0.0170397  0.0160763 0 0 0   -0.011 -0.02329  0.04412 -0.00908767 -0.00705425  0.00505377  0.00048225 -0.00213562 -0.00380399  0.00182413  -0.0064942 -0.00021362   1.54815 0.0937415   -9.6856  13964
                91.5  0.168769 -0.104666 -0.410305  0.0164523 -0.0164591  0.0154669 0 0 0   -0.011 -0.02329  0.04412 -0.00835647 -0.00330425  0.00355594 0.000385534 -0.00215365 -0.00376561   0.00177007   -0.0065907 -0.000143792   1.54816 0.0937622   -9.6856  14156
                91.6  0.0334873 -0.0974611  -0.396622  0.0180858 -0.0152842  0.0149738 0 0 0   -0.011 -0.02329  0.04412 -0.000590891   0.00169279  0.000609321 0.000481716  -0.0021585 -0.00377495  0.00149264 -0.00674445 -7.0481e-05  1.54822 0.093789 -9.68559  14024
                91.7  0.249701 -0.119391 -0.234236  0.0156597 -0.0141101  0.0177915 0 0 0   -0.011 -0.02329  0.04412 -0.00947837  0.00314377  0.00599302 0.000330794 -0.00214261 -0.00388749   0.00173003  -0.00683564 -0.000310157   1.54817 0.0938101   -9.6856  14090
             91.7998  0.116955 -0.129049 -0.289757  0.0148037 -0.0130093  0.0164209 0 0 0   -0.011 -0.02329  0.04412 -0.00989816  0.00454956  0.00249137 0.000429794 -0.00213116 -0.00384817   0.00172249  -0.00691327 -0.000137609   1.54817 0.0938284   -9.6856  14112
                91.9   0.182475 -0.0786715  -0.253227  0.0160692 -0.0115449  0.0166427 0 0 0   -0.011 -0.02329  0.04412 -0.00566573  0.00826838  0.00247084 0.000379468  -0.0021736 -0.00387674   0.00156693  -0.00705638 -0.000155664  1.54821 0.093853 -9.68559  13949
             91.9998  0.209114 -0.129361 -0.309733  0.0150909 -0.0127201  0.0153151 0 0 0   -0.011 -0.02329  0.04412  -0.00644751  -0.00118761 -0.000998869 0.000367432 -0.00213502 -0.00383277  0.00154944  -0.0068113 2.76901e-05   1.54821 0.0938061  -9.68559  14117
                92.1  0.038272 -0.107192 -0.280454  0.0154535 -0.0129329  0.0150242 0 0 0   -0.011 -0.02329  0.04412  -0.0036855  -0.0016993 -0.00217532 0.000498492 -0.00214598 -0.00384984  0.00143281 -0.00680834   3.903e-05   1.54823 0.0938063  -9.68559  14007
                92.2  0.152213 -0.101927 -0.275303  0.0156875 -0.0137494  0.0131319 0 0 0   -0.011 -0.02329  0.04412 -0.00301941 -0.00358213 -0.00569201  0.00040927 -0.00214992 -0.00385502  0.00140298 -0.00672766 0.000222681   1.54824 0.0937944  -9.68559  13967
                92.3 -0.0428879  -0.069659   -0.39136  0.0165873 -0.0162699  0.0118647 0 0 0   -0.011 -0.02329  0.04412 0.000530211 -0.00915679 -0.00808161 0.000552821 -0.00217193 -0.00377184  0.00128053 -0.00651561 0.000299432  1.54826 0.093755 -9.68559  13930
             92.3998 0.0965665 -0.122749 -0.325152  0.0159929 -0.0184004  0.0131365 0 0 0   -0.011 -0.02329  0.04412 -0.00321479 -0.00849928  -0.0015629 0.000463334 -0.00213105 -0.00381891  0.00133891 -0.00645681 3.85347e-05   1.54825 0.0937379  -9.68559  14037
             92.4999   0.120342 -0.0568127  -0.363784  0.0186988 -0.0182028  0.0098573 0 0 0   -0.011 -0.02329  0.04412  0.00608237 -0.00514782  -0.0078313 0.000449423  -0.0021759 -0.00379353  0.00105198 -0.00654517 0.000328861   1.54831 0.0937583  -9.68558  13898
             92.5999   0.354578 -0.0671106  -0.329635  0.0200295 -0.0139465 0.00926883 0 0 0   -0.011 -0.02329  0.04412  0.00874505  0.00581754 -0.00828443 0.000290461 -0.00216961 -0.00381733 0.000964544 -0.00696121 0.000316158   1.54832 0.0938411  -9.68558  14089
             92.6999 -0.0332056 -0.0166913   -0.28664  0.0183145 -0.0121972 0.00843656 0 0 0   -0.011 -0.02329  0.04412 0.000164607  0.00819538  -0.0069336 0.000559505 -0.00220256 -0.00384611  0.00123273 -0.00706058 0.000291662  1.54827 0.093864 -9.68558  13966
             92.7998  0.136771 -0.102537 -0.283227  0.0173038 -0.0134484  0.0125393 0 0 0   -0.011 -0.02329  0.04412 -0.00506303  0.00290948  0.00299351 0.000442699 -0.00214472 -0.00384739   0.00134694  -0.00688528 -0.000150817   1.54826 0.0938283  -9.68559  14149
             92.8999   0.163361 -0.0471418  -0.334599  0.0162697 -0.0115106  0.0146809 0 0 0   -0.011 -0.02329  0.04412 -0.00767033  0.00700862  0.00742301 0.000419836 -0.00218388 -0.00381262   0.00142348  -0.00705251 -0.000338028   1.54825 0.0938615  -9.68559  13868
             92.9998  0.129368 -0.131182 -0.296697   0.015838 -0.0137493  0.0136438 0 0 0   -0.011 -0.02329  0.04412 -0.00628521 -0.00276533  0.00214098 0.000448576 -0.00212624 -0.00383691    0.0013597  -0.00675627 -0.000136828   1.54825 0.0938035  -9.68559  14111
             93.0999  0.0421372 -0.0894541  -0.308155 0.0160596 -0.013156 0.0141202 0 0 0   -0.011 -0.02329  0.04412  -0.00526692 -0.000289137   0.00327738 0.000511911 -0.00215465 -0.00382952   0.00130855  -0.00682637 -0.000175076  1.54826 0.093817 -9.68559  13906
             93.1998   0.225913 -0.0795704  -0.328414  0.0161008 -0.0136244  0.0148985 0 0 0   -0.011 -0.02329  0.04412 -0.00393487 -0.00232329   0.0032433 0.000381327 -0.00216307 -0.00381776   0.00125576  -0.00678565 -0.000223079   1.54827 0.0938085  -9.68558  14198
             93.2999   0.120722 -0.0950188  -0.374022    0.01489 -0.0137434  0.0145409 0 0 0   -0.011 -0.02329  0.04412 -0.00688358 -0.00250574  0.00151378 0.000453003 -0.00215128 -0.00378695   0.00128644  -0.00682634 -0.000138851   1.54827 0.0938173  -9.68558  13899
             93.3998  0.151983  -0.13035 -0.271885  0.0150603 -0.0143398  0.0163717 0 0 0   -0.011 -0.02329  0.04412 -0.00580528 -0.00371946  0.00453274 0.000432543 -0.00212615 -0.00385765   0.00120494  -0.00680319 -0.000286653   1.54829 0.0938107  -9.68558  14067
             93.4998   0.207156 -0.0601448  -0.284767  0.0139326 -0.0136212  0.0141154 0 0 0   -0.011 -0.02329  0.04412 -0.00741362 -0.00238467  -0.0016679 0.000390186 -0.00217725 -0.00384815   0.00129767  -0.00686781 -8.14407e-05   1.54826 0.0938265  -9.68559  14094
             93.5998   0.178029 -0.0593271  -0.289001  0.0131445 -0.0142505  0.0120931 0 0 0   -0.011 -0.02329  0.04412 -0.00582527 -0.00476304 -0.00545155  0.00041166 -0.00217491 -0.00384567  0.00125214 -0.00685489 8.49398e-05   1.54827 0.0938272  -9.68558  14100
             93.6998 0.0992191  -0.07126 -0.318035   0.015179 -0.0139449  0.0118088 0 0 0   -0.011 -0.02329  0.04412  0.00234143 -0.00278867 -0.00584594 0.000466582 -0.00216514  -0.0038258 0.000988566 -0.00693578 6.73439e-05   1.54832 0.0938428  -9.68558  14333
             93.7998  0.0592224 -0.0543778  -0.282693  0.0144587 -0.0154922 0.00968131 0 0 0   -0.011 -0.02329  0.04412 -0.00087999 -0.00557856 -0.00868418 0.000494021 -0.00217795  -0.0038478   0.0010786 -0.00681598 0.000200082    1.5483 0.0938228  -9.68558  14064
             93.8999  0.0987434 -0.0340102  -0.242058   0.015789 -0.0139827 0.00906764 0 0 0   -0.011 -0.02329  0.04412   0.00437296 -0.000346673   -0.0094255 0.000462779 -0.00219213 -0.00387579 0.000939753 -0.00698312 0.000207071   1.54832 0.0938561  -9.68558  14191
             93.9998   0.139703 -0.0368042  -0.317085  0.0160012 -0.0161505 0.00999202 0 0 0   -0.011 -0.02329  0.04412  0.00286258 -0.00699414 -0.00518027 0.000435675 -0.00218976 -0.00382238 0.000986801 -0.00679899 1.81756e-05   1.54832 0.0938161  -9.68558  13910
             94.0997   0.171717 -0.0967739  -0.380831  0.0178112 -0.0159764  0.0111057 0 0 0   -0.011 -0.02329  0.04412   0.00690799  -0.00481458 -0.000567938 0.000412875 -0.00214941 -0.00378125  0.000830217  -0.00688022 -0.000115093   1.54835 0.0938321  -9.68557  14036
             94.1998   0.114393 -0.0173503  -0.341761   0.017628 -0.0137892 0.00996168 0 0 0   -0.011 -0.02329  0.04412  0.00483185  0.00175073 -0.00361212 0.000454633 -0.00220352   -0.003808   0.00091201  -0.00712477 -3.16162e-05   1.54833 0.0938792  -9.68557  13996
             94.2998   0.13084 -0.149345 -0.270377  0.0185248 -0.0136289  0.0127986 0 0 0   -0.011 -0.02329  0.04412  0.0060507 0.00225359 0.00402821 0.000443022  -0.0021059 -0.00386111  0.000837312  -0.00714452 -0.000287828   1.54835 0.0938805  -9.68557  14004
             94.3998   0.260808 -0.0276455  -0.270698   0.018229 -0.0137411  0.0127072 0 0 0   -0.011 -0.02329  0.04412  0.00180661 0.000365302  0.00470278 0.000355607 -0.00218666 -0.00385935 0.000918724 -0.00711257  -0.0002456   1.54834 0.0938743  -9.68557  13992
             94.4997   0.130333 -0.0911824  -0.252295  0.0166701 -0.0132771   0.013875 0 0 0   -0.011 -0.02329  0.04412  -0.00446568 -0.000336186   0.00531717 0.000438428 -0.00214596 -0.00387258   0.00110765  -0.00717656 -0.000290747    1.5483 0.0938841  -9.68558  13947
             94.5998 0.0783073 -0.141644 -0.304556  0.0169067 -0.0143276  0.0150252 0 0 0   -0.011 -0.02329  0.04412 -0.00382248 -0.00281823  0.00641969 0.000475049 -0.00211037 -0.00383555   0.00104109  -0.00709171 -0.000344175   1.54832 0.0938677  -9.68558  14080
             94.6999  0.0797984 -0.0950497  -0.322941  0.0162064 -0.0141182  0.0151621 0 0 0   -0.011 -0.02329  0.04412  -0.00598054 -0.000737466   0.00547145 0.000481759  -0.0021414 -0.00382068   0.00106534  -0.00713194 -0.000306599   1.54831 0.0938758  -9.68558  13983
             94.8005   0.283215 -0.0745874   -0.31156  0.0165173 -0.0133335   0.014718 0 0 0   -0.011 -0.02329  0.04412 -0.00417008 0.000550372  0.00403094 0.000323131 -0.00215683 -0.00382882  0.00102086 -0.00720104 -0.00025803   1.54832 0.0938907  -9.68558  14008
             94.8997  0.0766113 -0.0886881  -0.354027  0.0165318 -0.0130343  0.0144294 0 0 0   -0.011 -0.02329  0.04412 -0.00226071 7.38619e-06  0.00193238 0.000462587 -0.00214538 -0.00380162 0.000929393 -0.00724395 -0.00016153  1.54833 0.093903 -9.68557  13894
             94.9997   0.119096 -0.0829698  -0.312911  0.0174748 -0.0128279  0.0142583 0 0 0   -0.011 -0.02329  0.04412 0.000699758 0.000963314 0.000959628   0.0004378 -0.00215015  -0.0038271  0.000817838  -0.00725986 -0.000129466   1.54835 0.0939083  -9.68557  14211
             95.0997 -0.0283592  -0.123575  -0.289784  0.0181625 -0.0144983  0.0130625 0 0 0   -0.011 -0.02329  0.04412  0.00179364 -0.00264445 -0.00166344 0.000538681 -0.00212279 -0.00384231  0.000757874  -0.00710214 -1.09074e-05   1.54836 0.0938827  -9.68557  13928
             95.1997   0.181417 -0.0352295   -0.26575  0.0175633 -0.0122162  0.0110148 0 0 0   -0.011 -0.02329  0.04412 -0.000452661   0.00450567  -0.00584462  0.00040168 -0.00218182 -0.00385711 0.000822592 -0.00731196  0.00014458   1.54835 0.0939257  -9.68557  14077
             95.2996   0.139239 -0.0748745  -0.297116  0.0167233 -0.0116422  0.0113675 0 0 0   -0.011 -0.02329  0.04412 -0.00314341  0.00388378 -0.00477825 0.000437754 -0.00215232 -0.00383401 0.000904712  -0.0073328  6.1933e-05   1.54833 0.0939278  -9.68557  13977
             95.3997   0.21344 0.0294993  -0.25162   0.0162015 -0.00938425  0.00898102 0 0 0   -0.011 -0.02329  0.04412   -0.002741  0.00803895 -0.00801542 0.000388987 -0.00222163 -0.00386501 0.000915825 -0.00749412 0.000226178   1.54833 0.0939601  -9.68557  14078
             95.4998   0.20258 0.0180527 -0.348183  0.0149049 -0.0117601 0.00651826 0 0 0   -0.011 -0.02329  0.04412  -0.0049825 -0.00233714  -0.0115467  0.00040018 -0.00221307 -0.00379905  0.00102957 -0.00720872 0.000379826   1.54831 0.0939077  -9.68558  13973
             95.5996  0.0883075 -0.0474482   -0.26859  0.0140758 -0.0134613 0.00688543 0 0 0   -0.011 -0.02329  0.04412  -0.0062165 -0.00709212 -0.00880654 0.000476377 -0.00216881 -0.00385395  0.00107809 -0.00707774 0.000255462    1.5483 0.0938809  -9.68558  13941
             95.6997  0.0881171 -0.0603945  -0.381724  0.0154146 -0.0153614  0.0088142 0 0 0   -0.011 -0.02329  0.04412 -0.00163698  -0.0100877 -0.00215723 0.000479198 -0.00215942 -0.00377671 0.000893216 -0.00696515 2.72002e-05  1.54834 0.093859 -9.68557  14125
             95.7998  0.0710915 -0.0599487  -0.257284  0.0177068 -0.0138007 0.00668743 0 0 0   -0.011 -0.02329  0.04412  0.00686845 -0.00150283 -0.00648817 0.000491964 -0.00216181 -0.00385767 0.000623008 -0.00722572 0.000186311   1.54838 0.0939116  -9.68557  13976
             95.8998   0.155985 -0.0263116  -0.275125  0.0167805 -0.0134277 0.00873393 0 0 0   -0.011 -0.02329  0.04412   0.00131434 -0.000650623 -0.000935144 0.000435363 -0.00218549 -0.00384592  0.000796082   -0.0072788 -5.37139e-05   1.54836 0.0939182  -9.68557  14095
             95.9997   0.178332 -0.0475726  -0.322019  0.0180839 -0.0133785  0.0107116 0 0 0   -0.011 -0.02329  0.04412   0.0049008 -0.00117208  0.00316602 0.000425845 -0.00216894 -0.00381415  0.000683258  -0.00730005 -0.000228839   1.54839 0.0939216  -9.68556  14036
             96.0996   0.312868 -0.0690844  -0.277161  0.0179414 -0.0144604  0.0131642 0 0 0   -0.011 -0.02329  0.04412  0.00251274 -0.00588391  0.00832243 0.000340196 -0.00215212 -0.00384285  0.000749448  -0.00721981 -0.000412608   1.54838 0.0939054  -9.68557  14164
             96.1998  0.0956582 -0.0457511  -0.282564  0.0165945 -0.0139215  0.0119113 0 0 0   -0.011 -0.02329  0.04412 -0.00194598 -0.00433776  0.00281889 0.000487029 -0.00216796  -0.0038393 0.000904565 -0.00733384  -0.0002292   1.54835 0.0939268  -9.68557  13941
             96.2997   0.19637 -0.124592 -0.253714  0.0160095 -0.0139037  0.0138747 0 0 0   -0.011 -0.02329  0.04412 -0.00432965 -0.00441863  0.00741066 0.000413377 -0.00210818 -0.00386113  0.000965108  -0.00734749 -0.000397107   1.54834 0.0939266  -9.68557  14098
             96.3996  0.0995665 -0.0753067  -0.398369  0.0148505 -0.0146042  0.0156526 0 0 0   -0.011 -0.02329  0.04412 -0.00634721  -0.0050531  0.00745105 0.000482455 -0.00214058 -0.00376878  0.000987218  -0.00737737 -0.000438959   1.54834 0.0939305  -9.68557  13984
             96.4998  0.256674  -0.10513 -0.344136  0.0156992 -0.0129096  0.0168538 0 0 0   -0.011 -0.02329  0.04412 -0.00186507 0.000133586  0.00898696 0.000380489 -0.00212152 -0.00380399  0.000841375  -0.00756971 -0.000475548   1.54836 0.0939666  -9.68557  14064
             96.5997 0.0638191 -0.114467 -0.363942  0.0174331 -0.0116768  0.0149549 0 0 0   -0.011 -0.02329  0.04412 0.00404707 0.00342934 0.00285036 0.000512888 -0.00211419  -0.0037916  0.000646034  -0.00766846 -0.000232757  1.54839 0.093994 -9.68556  14063
             96.6996  0.140908 -0.164946 -0.308106  0.0175344 -0.0132879  0.0187344 0 0 0   -0.011 -0.02329  0.04412 0.000124101 -0.00152455   0.0107115 0.000465082 -0.00208078 -0.00382827  0.000670856  -0.00751405 -0.000534836   1.54839 0.0939564  -9.68556  14221
             96.7997  0.153374 -0.143436 -0.298956  0.0157492 -0.0117567  0.0180315 0 0 0   -0.011 -0.02329  0.04412 -0.0063923  0.0026357 0.00678343 0.000461807 -0.00209433  -0.0038339  0.000837845  -0.00765326 -0.000395092   1.54836 0.0939865  -9.68557  14123
             96.8997  0.180834 -0.130287 -0.303657 0.0158666 -0.011459  0.019042 0 0 0   -0.011 -0.02329  0.04412 -0.00579364  0.00267065   0.0076314 0.000441171 -0.00210496 -0.00382931  0.000816584  -0.00768071 -0.000473731   1.54837 0.0939889  -9.68557  13951
             96.9996   0.251929 -0.0955999  -0.222008  0.0137458 -0.0120659  0.0171642 0 0 0   -0.011 -0.02329  0.04412  -0.00953148  -0.00355355 -0.000306653 0.000400269 -0.00212103 -0.00388146 0.000888579 -0.00759266 -0.00018715   1.54835 0.0939815  -9.68557  14040
             97.0998  0.0885446 -0.0844441  -0.281101  0.0133136 -0.0140185  0.0146971 0 0 0   -0.011 -0.02329  0.04412 -0.00792533 -0.00849704 -0.00546497 0.000511822 -0.00212656 -0.00383926 0.000838889 -0.00745567 1.97942e-05   1.54836 0.0939631  -9.68557  13999
             97.1996   0.106424 -0.0963132  -0.404017  0.0144204 -0.0161623  0.0117773 0 0 0   -0.011 -0.02329  0.04412 -0.00283629  -0.0118034  -0.0106825 0.000500681 -0.00211999 -0.00375711 0.000669931 -0.00733174 0.000230012   1.54839 0.0939489  -9.68556  13998
             97.2998  0.0667041 -0.0914968  -0.268325  0.0141545 -0.0161213  0.0105965 0 0 0   -0.011 -0.02329  0.04412 -0.00277082  -0.0110731  -0.0136705 0.000529919  -0.0021234 -0.00385006 0.000688415 -0.00735288 0.000308165   1.54839 0.0939549  -9.68556  13964
             97.3997  0.158935 -0.116535 -0.348477  0.0139037 -0.0186847  0.0147791 0 0 0   -0.011 -0.02329  0.04412 -0.00507006   -0.012326  0.00191711 0.000472424 -0.00210454  -0.0037971  0.000653149  -0.00732837 -0.000264446    1.5484 0.0939391  -9.68556  14006
             97.4997  0.0400253 -0.0875169  -0.381333  0.0165756 -0.0182048  0.0118817 0 0 0   -0.011 -0.02329  0.04412  0.00460274 -0.00648878 -0.00414189 0.000554949 -0.00212109  -0.0037731  0.000354323   -0.0074662 -1.50056e-06   1.54844 0.0939728  -9.68555  13919
             97.5997   0.152996 -0.0828734  -0.358406   0.016963 -0.0169898  0.0098103 0 0 0   -0.011 -0.02329  0.04412  0.00553314 -0.00191925 -0.00903336 0.000478071 -0.00212564 -0.00378843  0.00034784 -0.00760892 0.000139478   1.54844 0.0939993  -9.68555  14080
             97.6997  0.091715 0.0168318 -0.289643  0.0143102 -0.0150365 0.00826806 0 0 0   -0.011 -0.02329  0.04412 -0.00473624  0.00384064 -0.00909677  0.00052017 -0.00219122 -0.00383472 0.000653261 -0.00778669 0.000169587   1.54839 0.0940298  -9.68556  13941
             97.7996 0.0988555 -0.238576 -0.268714  0.0151083 -0.0156168  0.0152314 0 0 0   -0.011 -0.02329  0.04412 -0.0042296  0.0013717 0.00811555 0.000514216 -0.00202515 -0.00384944  0.000543849  -0.00772223 -0.000493452   1.54841 0.0940182  -9.68556  14028
             97.8996   0.211049 -0.0530936  -0.387327  0.0164593 -0.0139269  0.0157532 0 0 0   -0.011 -0.02329  0.04412 0.000711594  0.00497751  0.00632712 0.000440666  -0.0021469  -0.0037703  0.000367706  -0.00786566 -0.000478944   1.54844 0.0940424  -9.68555  13960
             97.9996  0.177369 -0.141454 -0.264696  0.0175503 -0.0134673  0.0171075 0 0 0   -0.011 -0.02329  0.04412 0.00269341 0.00355859  0.0076701  0.00047063  -0.0020889 -0.00384958   0.00026377  -0.00786689 -0.000526395   1.54846 0.0940424  -9.68555  14041
             98.0995  0.0966275 -0.0933109  -0.393306  0.0170043 -0.0132888  0.0162208 0 0 0   -0.011 -0.02329  0.04412 0.000121168  0.00274004  0.00353574 0.000523032 -0.00211837 -0.00376571  0.000338125  -0.00785186 -0.000390288   1.54845 0.0940402  -9.68555  13991
             98.1997 0.0919228 -0.118889 -0.346206  0.0165986 -0.0149346  0.0141459 0 0 0   -0.011 -0.02329  0.04412 -0.00219342 -0.00207714 -0.00119733  0.00053112 -0.00210264 -0.00379452  0.000373277  -0.00766691 -0.000169785   1.54844 0.0940094  -9.68556  14154
             98.2996  0.0436526 -0.0909957  -0.317362  0.0169875 -0.0129827  0.0127572 0 0 0   -0.011 -0.02329  0.04412 0.000177761  0.00463707 -0.00434897 0.000563696  -0.0021215 -0.00381297  0.000311897  -0.00785513 -6.11098e-05   1.54845 0.0940415  -9.68555  13980
             98.3996 0.0442298 -0.111063 -0.294723 0.0167491 -0.015052 0.0129067 0 0 0   -0.011 -0.02329  0.04412 -0.00208389 -0.00143357 -0.00357494 0.000565932 -0.00210923 -0.00382782  0.000331872  -0.00761399 -0.000107374   1.54844 0.0940005  -9.68555  14079
             98.4996    0.19183 -0.0815003  -0.285114  0.0166931 -0.0140946   0.013355 0 0 0   -0.011 -0.02329  0.04412 -0.00157906 0.000880279 -0.00244551  0.00046428 -0.00212822  -0.0038344  0.000330922  -0.00770673 -0.000154868   1.54844 0.0940162  -9.68555  14069
             98.5997 0.0615925 -0.123499 -0.322109  0.0141727 -0.0159623  0.0141701 0 0 0   -0.011 -0.02329  0.04412  -0.0107835 -0.00516695 9.42772e-05 0.000551874 -0.00210342 -0.00380925  0.000558242  -0.00752344 -0.000257478   1.54841 0.0939868  -9.68556  14167
             98.6996  0.192963 -0.071438 -0.368527  0.0147366 -0.0167891   0.012501 0 0 0   -0.011 -0.02329  0.04412 -0.00464086  -0.0059458 -0.00467748 0.000468828 -0.00214097 -0.00377654  0.000368257  -0.00750708 -0.000109482   1.54844 0.0939836  -9.68556  14259
             98.7997  0.0720463 -0.0466012  -0.350506  0.0137774 -0.0165926 0.00986455 0 0 0   -0.011 -0.02329  0.04412 -0.00574317 -0.00426852 -0.00929061 0.000547556 -0.00215522 -0.00378848 0.000429822 -0.00755134 9.14053e-05   1.54843 0.0939909  -9.68556  14100
             98.8996  0.0305502 -0.0971205  -0.293595  0.0135681 -0.0170826  0.0101874 0 0 0   -0.011 -0.02329  0.04412 -0.00505928 -0.00359565 -0.00667724 0.000575204 -0.00212252 -0.00382301  0.000389981  -0.00754508 -1.47832e-05   1.54843 0.0939899  -9.68556  14219
             98.9997    0.10943 -0.0637825  -0.322192  0.0156449 -0.0170578  0.0100184 0 0 0   -0.011 -0.02329  0.04412  0.00316011 -0.00126172 -0.00542367 0.000520436 -0.00214355 -0.00380321  0.000119271  -0.00758707 -7.06737e-05   1.54848 0.0939963  -9.68555  13894
             99.0995 0.0791678  -0.13755 -0.299381  0.0167922 -0.0177698  0.0108515 0 0 0   -0.011 -0.02329  0.04412  0.00544447 -0.00282992 -0.00353563 0.000540396 -0.00209607 -0.00381856  2.08947e-05  -0.00753206 -0.000155023   1.54849 0.0939874  -9.68555  14092
             99.1996 0.0540523 -0.125939 -0.271666  0.0152941 -0.0155666  0.0135864 0 0 0   -0.011 -0.02329  0.04412 -0.00384212  0.00535692   0.0039374 0.000555681 -0.00210223 -0.00383758   0.00022763  -0.00775311 -0.000435544   1.54846 0.0940283  -9.68555  13979
             99.2996  0.111983 -0.107974  -0.33282  0.0162623 -0.0156445   0.011597 0 0 0   -0.011 -0.02329  0.04412 -0.000773038   0.00510242 -0.000527563 0.000516277 -0.00211559 -0.00379649 0.000125408 -0.00773661   -0.000258  1.54848 0.094023 -9.68555  14033
             99.3997    0.187017 -0.00900525   -0.313798  0.0151849 -0.0152546  0.0131578 0 0 0   -0.011 -0.02329  0.04412 -0.00414655  0.00376408   0.0024044 0.000471154 -0.00218069  -0.0038067  0.000232836  -0.00772992 -0.000407448   1.54846 0.0940242  -9.68555  14045
             99.4995  0.157543 -0.111901   -0.2245  0.0148039 -0.0129735   0.012103 0 0 0   -0.011 -0.02329  0.04412  -0.00251204   0.00677154 -0.000680168 0.000489493 -0.00211462  -0.0038667    0.0002018  -0.00787666 -0.000276065   1.54846 0.0940468  -9.68555  13880
             99.5995  0.0855384 -0.0943522   -0.30052  0.0159019 -0.0130274  0.0123822 0 0 0   -0.011 -0.02329  0.04412  0.000384018    0.0049011 -5.86593e-05 0.000538951 -0.00212458 -0.00381598  8.29838e-05  -0.00782697 -0.000304697   1.54848 0.0940396  -9.68555  14051
             99.6995  0.0202357 -0.0476691  -0.331981  0.0148503 -0.0145817  0.0104672 0 0 0   -0.011 -0.02329  0.04412  -0.00296369 -0.000103915  -0.00477406 0.000579659 -0.00215502 -0.00379447  0.000184793  -0.00765311 -0.000152018   1.54847 0.0940092  -9.68555  13957
             99.7995  0.196356 -0.139627 -0.328219  0.0180677 -0.0123163  0.0135721 0 0 0   -0.011 -0.02329  0.04412 0.00646871 0.00655378 0.00382872 0.000469053 -0.00209329 -0.00379617 -0.000141919  -0.00784878  -0.00043958   1.54852 0.0940461  -9.68554  14137
             99.8996   0.041263 -0.0321534  -0.380726  0.016011 -0.014388 0.0116417 0 0 0   -0.011 -0.02329  0.04412 -0.00172602 -0.00118418 -0.00255618 0.000569502  -0.0021619  -0.0037618  0.000108789  -0.00761976 -0.000260691   1.54848 0.0940057  -9.68555  13953
             99.9997   0.148956 -0.0878205  -0.258461  0.0168998 -0.0126998   0.013104 0 0 0   -0.011 -0.02329  0.04412 0.00124202 0.00436508 0.00209247 0.000500438 -0.00212826 -0.00384079    5.718e-06  -0.00777452 -0.000400395    1.5485 0.0940317  -9.68555  14194
               100.1 0.00156599  -0.148371  -0.281903 0.0172616  -0.01504  0.013809 0 0 0   -0.011 -0.02329  0.04412 0.000431547 -0.00267617  0.00280913 0.000594936  -0.0020898 -0.00382751 -1.21654e-05  -0.00753911 -0.000438814    1.5485 0.0939936  -9.68555  13939
             100.199   0.150899 -0.0659676  -0.340304  0.0147836 -0.0159208  0.0125071 0 0 0   -0.011 -0.02329  0.04412 -0.00780123 -0.00406629 -0.00107022 0.000500526 -0.00214285  -0.0037893  0.000232308  -0.00747359 -0.000313515   1.54846 0.0939821  -9.68555  14166
             100.299   0.117114 -0.0996462  -0.373364  0.0142583 -0.0159371  0.0114456 0 0 0   -0.011 -0.02329  0.04412 -0.00820682 -0.00417225 -0.00396779 0.000523318 -0.00211717 -0.00376529  0.000267753  -0.00747763 -0.000225696  1.54846 0.093982 -9.68555  13998
               100.4   0.135557 -0.0715791    -0.3143  0.0132848 -0.0150897 0.00993351 0 0 0   -0.011 -0.02329  0.04412 -0.00722707 0.000217423 -0.00611572 0.000518182 -0.00213674 -0.00380047  0.000202279  -0.00761729 -0.000159345   1.54846 0.0940037  -9.68555  14087
               100.5   0.153852 -0.0257055  -0.294564  0.0134846 -0.0155463 0.00727723 0 0 0   -0.011 -0.02329  0.04412 -0.00353947 -0.00178362  -0.0109239 0.000508693  -0.0021647 -0.00381405 0.000114226 -0.00757743 1.56202e-05   1.54848 0.0939948  -9.68555  14002
             100.599  0.0209566 -0.0107601  -0.258355  0.0145249 -0.0153154 0.00529819 0 0 0   -0.011 -0.02329  0.04412  0.00163734 0.000413238  -0.0121839 0.000596634 -0.00217191 -0.00383468 -1.34043e-05  -0.00761001  0.000105488    1.5485 0.0939984  -9.68555  13940
               100.7   0.0996658 -0.00940439   -0.357068  0.0158096 -0.0159585 0.00386037 0 0 0   -0.011 -0.02329  0.04412   0.00592678 -0.000993336   -0.0135574 0.000546429 -0.00217263 -0.00377211 -0.000113954  -0.00754985  0.000112975   1.54851 0.0939885  -9.68554  14090
             100.799   0.0650879 -0.00723521   -0.279551  0.0163694 -0.0136272 0.00307534 0 0 0   -0.011 -0.02329  0.04412  0.0072205 0.00647804 -0.0114945  0.00057458 -0.00217195 -0.00381927 -0.000117053  -0.00775491  7.54327e-05   1.54851 0.0940216  -9.68554  14104
               100.9    0.17777 0.00692437  -0.342495  0.0157882 -0.0127263 0.00695389 0 0 0   -0.011 -0.02329  0.04412   0.00275649     0.006433 -0.000313142 0.000503798 -0.00218244 -0.00377627  3.09236e-05  -0.00777453 -0.000353186   1.5485 0.094029 -9.68555  14077
                 101   0.216844 -0.0128878  -0.301276  0.0155798 -0.0118541 0.00820152 0 0 0   -0.011 -0.02329  0.04412 0.00198679 0.00570041 0.00247823 0.000479844 -0.00217011  -0.0038005  8.39405e-05  -0.00779787 -0.000455175    1.5485 0.0940336  -9.68555  14062
             101.099    0.205367 -0.00530739   -0.326556  0.0142598 -0.0142315 0.00906927 0 0 0   -0.011 -0.02329  0.04412 -0.00269651 -0.00361009  0.00463621 0.000490332 -0.00217383 -0.00378358  0.000238477  -0.00754527 -0.000503472   1.54848 0.0939932  -9.68555  14213
               101.2   0.117025 -0.0226667   -0.31255  0.0135618 -0.0160687 0.00802768 0 0 0   -0.011 -0.02329  0.04412 -0.00273992 -0.00842824 0.000872322 0.000549562 -0.00216228 -0.00379174  0.000279409  -0.00741895 -0.000374346   1.54847 0.0939732  -9.68555  13938
               101.3   0.274525 -0.0559258  -0.308573  0.0146529 -0.0159905  0.0103876 0 0 0   -0.011 -0.02329  0.04412  0.00126574 -0.00700424  0.00626534  0.00045535 -0.00213963 -0.00379069   0.00015018  -0.00751083 -0.000561313   1.54849 0.0939867  -9.68555  14055
             101.399  0.0769414 0.00299279  -0.402022  0.0152483  -0.016074 0.00917329 0 0 0   -0.011 -0.02329  0.04412  0.00305524 -0.00669587  0.00266031 0.000585901 -0.00218169 -0.00372795  8.87248e-05  -0.00751087 -0.000453403    1.5485 0.0939877  -9.68555  13955
             101.499  0.274816  -0.07112 -0.375273  0.0168617 -0.0153589  0.0140887 0 0 0   -0.011 -0.02329  0.04412   0.0057449 -0.00249891    0.013358 0.000459755 -0.00213276 -0.00374524  1.53019e-05  -0.00769511 -0.000823283   1.54853 0.0940115  -9.68554  14127
               101.6  0.0499505 -0.0303834  -0.334003  0.0159147 -0.0149647  0.0116598 0 0 0   -0.011 -0.02329  0.04412  0.00236902 -0.00167429  0.00400418 0.000599712  -0.0021589 -0.00377072 0.000144349 -0.00773982 -0.00053033   1.54849 0.0940243  -9.68555  14038
             101.699   0.152751 -0.0751991  -0.302326  0.0155406 -0.0153891  0.0119783 0 0 0   -0.011 -0.02329  0.04412 0.000124137  -0.0022345   0.0040281 0.000537578 -0.00213002  -0.0037893  0.000203475   -0.0077129 -0.000515802   1.54848 0.0940218  -9.68555  14283
               101.8 -0.0186044 -0.0623966   -0.34989  0.0135945 -0.0169753 0.00968256 0 0 0   -0.011 -0.02329  0.04412 -0.00529743 -0.00483114 -0.00148075 0.000647434 -0.00213617 -0.00375957  0.000380112  -0.00758448 -0.000300032   1.54845 0.0940089  -9.68555  14032
             101.899  0.0959892 -0.0353768  -0.280482  0.0142701 -0.0160868 0.00937879 0 0 0   -0.011 -0.02329  0.04412  -0.00143966 -0.000200379  -0.00270727 0.000575225 -0.00215542 -0.00380345  0.000272542  -0.00769661 -0.000289554   1.54846 0.0940241  -9.68555  14157
             101.999   0.166291 -0.0763679  -0.279908  0.0146186 -0.0141405  0.0100415 0 0 0   -0.011 -0.02329  0.04412  0.000241887   0.00508462 -0.000705265 0.000525975 -0.00212281 -0.00380277 0.000238401  -0.0078692 -0.00034626   1.54847 0.0940495  -9.68555  13965
             102.099    0.254075 -0.00282443   -0.332992  0.0145817 -0.0121814  0.0103699 0 0 0   -0.011 -0.02329  0.04412 -0.000429797   0.00598394   0.00119748 0.000481989 -0.00216727 -0.00376605 0.000242933 -0.00797612 -0.00039315   1.54847 0.0940661  -9.68555  14015
               102.2   0.146018 -0.0157307  -0.271297  0.0164269 -0.0120981 0.00756723 0 0 0   -0.011 -0.02329  0.04412  0.00644544  0.00600008 -0.00536626  0.00055363 -0.00215795 -0.00380657  6.04275e-05   -0.0079659 -0.000156219   1.54849 0.0940641  -9.68555  13999
               102.3   0.097976 0.00811843  -0.364248  0.0158245 -0.0131462 0.00627029 0 0 0   -0.011 -0.02329  0.04412   0.00242677 -0.000222455  -0.00696276 0.000586148 -0.00217348 -0.00374744  0.000228748  -0.00779967 -0.000120874   1.54847 0.0940373  -9.68555  13990
             102.399  0.068742 -0.102383 -0.308002  0.0170227 -0.0141201 0.00999306 0 0 0   -0.011 -0.02329  0.04412  0.00497469 -0.00255201  0.00211403 0.000607833 -0.00209319 -0.00379059 0.000132316 -0.00772873 -0.00042869   1.54849 0.0940253  -9.68555  13981
             102.499  0.0724953 -0.0447018  -0.306744  0.0162456 -0.0164106 0.00904877 0 0 0   -0.011 -0.02329  0.04412 -0.00076816  -0.0068421 -0.00129363 0.000610575 -0.00213068 -0.00378914  0.000276164  -0.00757589 -0.000331863   1.54847 0.0940003  -9.68555  13962
             102.599   0.205725 -0.0989259  -0.370313  0.0151088 -0.0170312  0.0103344 0 0 0   -0.011 -0.02329  0.04412 -0.00410375 -0.00769398  0.00166122 0.000525905 -0.00209374 -0.00374924  0.000373794  -0.00757512 -0.000445294   1.54846 0.0939987  -9.68555  14176
             102.699  0.0388506 0.00989216  -0.240024   0.014695 -0.0156949 0.00794114 0 0 0   -0.011 -0.02329  0.04412 -0.00326884 -0.00163764 -0.00399861 0.000635319 -0.00216362  -0.0038301  0.000355009  -0.00775056 -0.000245529   1.54846 0.0940252  -9.68555  13966
             102.799   0.181005 -0.0588492   -0.39027  0.0154778 -0.0161337  0.0103137 0 0 0   -0.011 -0.02329  0.04412 -0.000288732  -0.00226824   0.00146934 0.000549975 -0.00212113 -0.00373277   0.00026993  -0.00773337 -0.000462432   1.54847 0.0940233  -9.68555  14050
             102.899   0.120105 -0.0341627  -0.236274  0.0136346 -0.0135264  0.0105371 0 0 0   -0.011 -0.02329  0.04412 -0.00488268   0.0044722  0.00154328 0.000593847 -0.00213568 -0.00382853  0.000433231  -0.00796297 -0.000477919   1.54845 0.0940571  -9.68555  13954
             102.999 0.0829493 -0.125837 -0.329273  0.0145939 -0.0148433  0.0125324 0 0 0   -0.011 -0.02329  0.04412  -0.00129339 -0.000354053   0.00505337 0.000619451  -0.0020792  -0.0037687  0.000298454  -0.00781835 -0.000614956   1.54847 0.0940358  -9.68555  14018
             103.099  0.0857649 -0.0871772   -0.38898  0.0160562 -0.0146839  0.0127624 0 0 0   -0.011 -0.02329  0.04412   0.0034848 0.000916484   0.0047692 0.000620474 -0.00209991 -0.00372932   0.00014183  -0.00783392 -0.000590281   1.54849 0.0940391  -9.68555  13986
               103.2   0.111156 -0.0880391  -0.318705  0.0148738 -0.0168423   0.014673 0 0 0   -0.011 -0.02329  0.04412 -0.00233657 -0.00519297  0.00807687 0.000608239  -0.0020973 -0.00377279  0.000292257  -0.00763517 -0.000708018   1.54848 0.0940091  -9.68555  14193
               103.3  0.0531482 -0.0821434  -0.342587 0.0161336  -0.01619 0.0146492 0 0 0   -0.011 -0.02329  0.04412   0.00212736 -0.000996339   0.00518021 0.000645295 -0.00210344 -0.00375607  0.000137828  -0.00774069 -0.000635684    1.5485 0.0940242  -9.68555  13882
             103.399 0.0848425  -0.14501 -0.292932  0.0181854 -0.0180434  0.0154736 0 0 0   -0.011 -0.02329  0.04412  0.00723818 -0.00525075  0.00456855 0.000628565  -0.0020636 -0.00378465 -4.35073e-05  -0.00758572 -0.000650423   1.54852 0.0940003  -9.68554  14128
             103.499  0.129222 -0.161173 -0.315573  0.0177967 -0.0171136  0.0172757 0 0 0   -0.011 -0.02329  0.04412   0.0025773 -0.00171979  0.00621794 0.000599331 -0.00205336  -0.0037717  5.74474e-05  -0.00771344 -0.000759163   1.54851 0.0940207  -9.68554  14029
             103.599 0.0386865 -0.139656 -0.326333  0.0170558 -0.0180872    0.01552 0 0 0   -0.011 -0.02329  0.04412 -0.000926479   -0.0037776   0.00132611 0.000652739 -0.00206701 -0.00376437  0.000144064  -0.00763011 -0.000576711    1.5485 0.0940071  -9.68555  14231
               103.7  0.105069 -0.120243 -0.266523  0.0173358 -0.0179745  0.0126253 0 0 0   -0.011 -0.02329  0.04412  0.00052193 -0.00174626 -0.00615819 0.000612889 -0.00207839 -0.00380115  9.41508e-05  -0.00767623 -0.000323924    1.5485 0.0940103  -9.68555  14300
               103.8   0.164119 -0.0900744    -0.3368  0.0156309 -0.0172981  0.0132274 0 0 0   -0.011 -0.02329  0.04412  -0.00582234 -1.79108e-05  -0.00384147 0.000574587 -0.00209742 -0.00375693  0.000258832  -0.00774472 -0.000411113   1.54848 0.0940221  -9.68555  14076
             103.899   0.222531 -0.0612709  -0.314758  0.0132746 -0.0174832  0.0100693 0 0 0   -0.011 -0.02329  0.04412  -0.0105881 -0.00191763  -0.0102467   0.0005405 -0.00211421 -0.00376965  0.000430852  -0.00772579 -0.000183934   1.54845 0.0940156  -9.68555  14164
             103.999   0.203471 -0.0485703  -0.356203  0.0148119 -0.0174736 0.00930169 0 0 0   -0.011 -0.02329  0.04412 -0.00269164 -0.00202681 -0.00841882 0.000555106 -0.00212268  -0.0037414  0.000158165  -0.00776034 -0.000215477   1.54849 0.0940214  -9.68555  13931
               104.1 0.0938399 -0.154893 -0.340607   0.014171 -0.0184487  0.0135122 0 0 0   -0.011 -0.02329  0.04412 -0.00580625 -0.00519254  0.00118551 0.000619498 -0.00205707 -0.00375116  0.000205761  -0.00769114 -0.000594026   1.54849 0.0940137  -9.68555  14135
             104.199   0.150162 -0.0229476  -0.331914  0.0145984 -0.0159107  0.0112549 0 0 0   -0.011 -0.02329  0.04412 -0.00153072  0.00456817 -0.00347489 0.000583611 -0.00213773 -0.00375791  6.61892e-05  -0.00797242 -0.000400884   1.54851 0.0940543  -9.68554  13990
             104.299   0.136203 -0.0680505  -0.326517  0.0140358 -0.0159788  0.0121476 0 0 0   -0.011 -0.02329  0.04412 -0.00387511  0.00389657 -0.00197309 0.000596183 -0.00210971 -0.00376044  0.000115771   -0.0079594 -0.000479394    1.5485 0.0940524  -9.68555  14103
             104.399   0.178879 -0.0185232  -0.360947  0.0121852 -0.0164835  0.0101739 0 0 0   -0.011 -0.02329  0.04412  -0.00682916 -0.000429799  -0.00624545 0.000569598 -0.00214112 -0.00373942  0.000234574  -0.00786102 -0.000351686  1.54848  0.09404 -9.68555  14147
               104.5 0.0297889 -0.122482 -0.307424  0.0118552 -0.0184399  0.0110426 0 0 0   -0.011 -0.02329  0.04412 -0.00656881 -0.00512623 -0.00254116 0.000660977  -0.0020783 -0.00377487  0.000196739  -0.00771006 -0.000468408   1.54849 0.0940171  -9.68555  13899
             104.599   0.102532 -0.0750125  -0.314599  0.0109979 -0.0193357 0.00990382 0 0 0   -0.011 -0.02329  0.04412 -0.00750851 -0.00599142 -0.00498956 0.000613038 -0.00211009 -0.00377123  0.000219079  -0.00767018 -0.000399766   1.54848 0.0940122  -9.68555  14007
             104.699 -0.0160698 -0.0544763  -0.206951  0.0122841 -0.0172619  0.0071345 0 0 0   -0.011 -0.02329  0.04412 -0.000533205   0.00242811  -0.00849859 0.000686916  -0.0021221 -0.00383645  3.72895e-05  -0.00788203 -0.000215247   1.54851 0.0940418  -9.68554  14049
               104.8   0.172819 -0.0721443   -0.31564  0.0137508 -0.0140941 0.00985089 0 0 0   -0.011 -0.02329  0.04412   0.00346674    0.0114608 -0.000925944 0.000562411 -0.00211098 -0.00376347 -0.000102928  -0.00815845 -0.000448779   1.54853 0.0940784  -9.68554  14004
             104.899     0.0096 -0.0634202  -0.255167  0.0143032 -0.0116567  0.0101823 0 0 0   -0.011 -0.02329  0.04412   0.00354636    0.0130473 -0.000775177 0.000665007 -0.00211419 -0.00379825   -9.307e-05   -0.0081862 -0.000494826   1.54853 0.0940822  -9.68554  13987
             104.999   0.287439 -0.0842309   -0.26382  0.0152362 -0.0119541  0.0143195 0 0 0   -0.011 -0.02329  0.04412 0.00379038 0.00752178 0.00797305 0.000493524 -0.00210233 -0.00379203 -0.000139008  -0.00805546 -0.000817432   1.54854 0.0940631  -9.68554  14182
             105.099 0.0486589  -0.11749 -0.349969  0.0163905 -0.0117964   0.014501 0 0 0   -0.011 -0.02329  0.04412  0.0055726 0.00553502 0.00649127 0.000643096 -0.00208198 -0.00373769 -0.000208101  -0.00801332 -0.000768696  1.54855 0.094058 -9.68554  13873
             105.199  0.238273 -0.142848 -0.267282  0.0183731 -0.0102683  0.0187108 0 0 0   -0.011 -0.02329  0.04412 0.00820766 0.00756587    0.01355 0.000525607 -0.00206737 -0.00378926 -0.000339846  -0.00809832  -0.00104031   1.54857 0.0940708  -9.68553  14145
             105.299  0.220488 -0.124029 -0.285853   0.0173312 -0.00998784   0.0172826 0 0 0   -0.011 -0.02329  0.04412 0.00511068 0.00768196  0.0105476 0.000537547 -0.00207675 -0.00377626 -0.000229833  -0.00810609 -0.000911036   1.54855 0.0940708  -9.68554  13992
             105.399  0.238422 -0.126737 -0.245772    0.020092 -0.00862514   0.0202172 0 0 0   -0.011 -0.02329  0.04412 0.00942879 0.00495352  0.0118254 0.000530214   -0.002077 -0.00379683 -0.000421505  -0.00813066 -0.000997939   1.54858 0.0940763  -9.68553  14047
             105.499  0.254858 -0.178213 -0.278136   0.0191383 -0.00821654   0.0201042 0 0 0   -0.011 -0.02329  0.04412 0.00275466 0.00265335 0.00880679 0.000522868 -0.00204278 -0.00377604 -0.000261122  -0.00812963 -0.000897784  1.54856 0.094075 -9.68554  14003
             105.599   0.354187 -0.0866319  -0.409844   0.0188746 -0.00908588   0.0191776 0 0 0   -0.011 -0.02329  0.04412 0.000212041  -0.0024869  0.00541042 0.000464118 -0.00209874 -0.00369768 -0.000220551  -0.00804197 -0.000763001   1.54855 0.0940654  -9.68554  13945
             105.699  0.361189 -0.161187 -0.254831   0.0222598 -0.00486391   0.0226314 0 0 0   -0.011 -0.02329  0.04412 0.00901398 0.00657919  0.0119347 0.000461651 -0.00205339 -0.00379155   -0.0005328   -0.0084406 -0.000994065   1.54859 0.0941175  -9.68553  14146
             105.799  0.168548 -0.128021 -0.335376   0.0214479 -0.00776813   0.0193279 0 0 0   -0.011 -0.02329  0.04412  0.00367555 -0.00587685  0.00108548 0.000577152 -0.00207272  -0.0037424 -0.000371396  -0.00812994 -0.000638143   1.54857 0.0940917  -9.68553  14030
             105.899  0.125401 -0.163129 -0.332825  0.0199743 -0.0124287  0.0206803 0 0 0   -0.011 -0.02329  0.04412 -0.00382391   -0.017687  0.00395016 0.000604183 -0.00205177 -0.00374294 -0.000210163  -0.00779093 -0.000735117   1.54855 0.0940375  -9.68554  14195
                 106 0.0759369 -0.167454 -0.298823  0.0195606 -0.0149161  0.0209587 0 0 0   -0.011 -0.02329  0.04412 -0.00456751  -0.0195375  0.00252575 0.000634488 -0.00204924 -0.00376216 -0.000213583  -0.00774415 -0.000732781   1.54855 0.0940313  -9.68554  14068
             106.099  0.146168 -0.227119  -0.34108  0.0170173 -0.0186162   0.023412 0 0 0   -0.011 -0.02329  0.04412 -0.0138611 -0.0247717 0.00667075 0.000590676 -0.00201409 -0.00373616 -2.92761e-05  -0.00760192 -0.000908393   1.54852 0.0940007  -9.68554  14136
             106.199  0.087981 -0.127245 -0.298774  0.013767 -0.019224 0.0183644 0 0 0   -0.011 -0.02329  0.04412     -0.0196  -0.0196834 -0.00624731 0.000625864 -0.00207412 -0.00376171  0.000147054  -0.00773098 -0.000469858   1.54851 0.0940432  -9.68554  14025
             106.299   0.10034 -0.117245 -0.360598 0.0137241 -0.019288 0.0143931 0 0 0   -0.011 -0.02329  0.04412 -0.0137422 -0.0135276 -0.0133868 0.000617642 -0.00207934  -0.0037253 -3.51748e-05  -0.00788301 -0.000204883   1.54854 0.0940751  -9.68554  14052
               106.4 -0.0125038  -0.138834  -0.270031  0.0133114 -0.0183888  0.0148236 0 0 0   -0.011 -0.02329  0.04412  -0.0118041 -0.00590627 -0.00990369 0.000690843 -0.00206498 -0.00377654 -0.000147395  -0.00809084 -0.000357753   1.54855 0.0940977  -9.68554  13957
             106.499  0.272831   -0.1279 -0.428241  0.0140117 -0.0186675  0.0152677 0 0 0   -0.011 -0.02329  0.04412 -0.00787461 -0.00496303 -0.00667693 0.000520716 -0.00207306 -0.00367994 -0.000332352  -0.00812119 -0.000464279   1.54857 0.0940984  -9.68553  14152
             106.599 0.0702392 -0.113782 -0.315038  0.0148972 -0.0166851  0.0151045 0 0 0   -0.011 -0.02329  0.04412 -0.00366211  0.00139371 -0.00632444 0.000643542 -0.00208344 -0.00374856 -0.000490035  -0.00834156 -0.000505061   1.54859 0.0941268  -9.68553  14204
             106.699  0.293443 -0.106504 -0.323349  0.0163097 -0.0169483   0.017175 0 0 0   -0.011 -0.02329  0.04412  0.000268311 -0.000666594  6.77394e-05 0.000509878 -0.00208785 -0.00374422 -0.000670652   -0.0083154 -0.000716355   1.54861 0.0941203  -9.68553  14155
             106.799 0.0778318 -0.108999 -0.309033  0.0168889 -0.0159716  0.0141045 0 0 0   -0.011 -0.02329  0.04412  0.00266338  0.00129934 -0.00770733 0.000642766 -0.00208663 -0.00375315 -0.000716829   -0.0084099 -0.000479571   1.54862 0.0941333  -9.68552  14194
               106.9   0.241419 -0.0606304  -0.300526  0.0158847 -0.0137068  0.0122429 0 0 0   -0.011 -0.02329  0.04412 -0.00174409  0.00658959 -0.00948917 0.000545063 -0.00211572 -0.00375929 -0.000594049  -0.00858867 -0.000401007   1.54861 0.0941587  -9.68553  14114
                 107   0.122427 -0.0549631  -0.318206  0.0157988 -0.0135137 0.00726987 0 0 0   -0.011 -0.02329  0.04412 -0.000529507   0.00468603   -0.0185433 0.000617523 -0.00211976 -0.00374899 -0.000592431  -0.00854724 -9.33161e-05  1.54861 0.094155 -9.68553  14032
             107.099   0.115243 -0.0499294  -0.315849  0.0155912 -0.0138991 0.00944973 0 0 0   -0.011 -0.02329  0.04412 -0.00133588  0.00252195  -0.0122577 0.000623586 -0.00212299 -0.00375015 -0.000576634  -0.00850097  -0.00033576   1.54861 0.0941469  -9.68553  13576
             107.197  0.0898316 -0.0356907  -0.250559  0.0137999 -0.0147054 0.00823166 0 0 0   -0.011 -0.02329  0.04412  -0.00655642 -0.000182758    -0.011906 0.000641303 -0.00213123 -0.00378822 -0.000408543  -0.00840266    -0.000334   1.54859 0.0941339  -9.68553  14491
             107.299   0.143158 -0.0178494  -0.372239  0.0142908 -0.0132628 0.00814842 0 0 0   -0.011 -0.02329  0.04412 -0.00169428  0.00367633 -0.00886411 0.000609895 -0.00214313 -0.00371585 -0.000541576   -0.0085324 -0.000471874   1.54861 0.0941506  -9.68553  13970
             107.399  0.128239 -0.125756 -0.298633 0.0147906 -0.015279 0.0131109 0 0 0   -0.011 -0.02329  0.04412 -0.00152765 -0.00287972   0.0038584 0.000619789  -0.0020778 -0.00375904 -0.000600793  -0.00834696 -0.000909606   1.54862 0.0941236  -9.68553  14078
             107.499   0.244542 -0.0110951  -0.354782 0.0157673 -0.013453 0.0114225 0 0 0   -0.011 -0.02329  0.04412   0.00237845   0.00189926 -0.000280005  0.00054859 -0.00214654 -0.00372376 -0.000706914   -0.0085187 -0.000746512   1.54863 0.0941479  -9.68552  13968
             107.599  0.153122 -0.114097 -0.342741  0.0159975 -0.0142618  0.0135462 0 0 0   -0.011 -0.02329  0.04412  0.00156934 -0.00129192  0.00466099  0.00060617 -0.00208317 -0.00373139 -0.000709516  -0.00844656 -0.000906239   1.54863 0.0941375  -9.68552  14261
               107.7   0.119052 -0.0480602  -0.323804   0.015828 -0.0137067  0.0139778 0 0 0   -0.011 -0.02329  0.04412 0.000374412 0.000123269  0.00342988 0.000632611 -0.00212266 -0.00374148 -0.000674451  -0.00850997 -0.000898936   1.54863 0.0941458  -9.68552  13978
               107.8  0.114235 -0.154801 -0.291176  0.0173332 -0.0133811  0.0152402 0 0 0   -0.011 -0.02329  0.04412 0.00448888 0.00128427 0.00569849 0.000635358  -0.0020567 -0.00376205 -0.000813342   -0.0085364 -0.000965453   1.54865 0.0941483  -9.68552  14113
               107.9   0.255356 -0.0382119  -0.290349  0.0171934 -0.0111231  0.0137327 0 0 0   -0.011 -0.02329  0.04412  0.00283969  0.00572525 0.000493566 0.000555403 -0.00212675 -0.00375939 -0.000764423  -0.00870807 -0.000806575   1.54864 0.0941724  -9.68552  13945
             107.999   0.31874 -0.148591 -0.386197   0.017895 -0.0137753  0.0164406 0 0 0   -0.011 -0.02329  0.04412  0.00303713 -0.00488743  0.00708837 0.000516876 -0.00205878 -0.00370285 -0.000807862  -0.00845731  -0.00100054   1.54865 0.0941374  -9.68552  14193
               108.1  0.270161 -0.115298 -0.395211  0.0169702 -0.0135574  0.0171502 0 0 0   -0.011 -0.02329  0.04412 -0.00115184 -0.00468962   0.0074998 0.000552067 -0.00208536 -0.00369608 -0.000711978  -0.00848487  -0.00104983   1.54864 0.0941403  -9.68552  13876
             108.199  0.254244 -0.176055 -0.406921  0.0174128 -0.0164442  0.0214049 0 0 0   -0.011 -0.02329  0.04412 -0.00157207  -0.0133376   0.0139419 0.000569087 -0.00204519 -0.00368772 -0.000784161  -0.00835495  -0.00127172  1.54865 0.094117 -9.68552  14282
             108.299  0.184761 -0.148657 -0.361642 0.0178308  -0.01404 0.0218775 0 0 0   -0.011 -0.02329  0.04412 -0.00123733 -0.00401045   0.0122574 0.000613168 -0.00206115 -0.00371491 -0.000838457  -0.00866538  -0.00120921   1.54866 0.0941581  -9.68552  14068
               108.4  0.190911 -0.132328 -0.289137  0.0177787 -0.0146068  0.0207517 0 0 0   -0.011 -0.02329  0.04412 -0.00156274  -0.0052051  0.00685655 0.000610677  -0.0020705 -0.00375546 -0.000850683  -0.00864815  -0.00103351   1.54866 0.0941633  -9.68552  14154
             108.499  0.135839 -0.180933 -0.387926  0.0188043 -0.0131561  0.0201547 0 0 0   -0.011 -0.02329  0.04412  0.000856285 -6.92189e-05    0.0042659 0.000643322 -0.00204264 -0.00369402 -0.000957196  -0.00881055 -0.000940246   1.54868 0.0941855  -9.68552  14077
               108.6  0.244342 -0.167074 -0.280286  0.0180617 -0.0125038  0.0217315 0 0 0   -0.011 -0.02329  0.04412 -0.00343828 0.000396934  0.00575385 0.000579054 -0.00205261 -0.00375889 -0.00088508 -0.00887187 -0.00103685   1.54867 0.0941904  -9.68552  14213
               108.7  0.236829  -0.11036 -0.318408  0.0183683 -0.0126281  0.0166827 0 0 0   -0.011 -0.02329  0.04412 -0.000905032  -0.00130615  -0.00663453 0.000580233 -0.00208808 -0.00373438 -0.000938349  -0.00884187 -0.000618835   1.54868 0.0942054  -9.68551  14323
             108.799  0.127088 -0.113267  -0.37839  0.016235  -0.01468 0.0155767 0 0 0   -0.011 -0.02329  0.04412 -0.00834463 -0.00723514 -0.00767058 0.000641902 -0.00208432 -0.00369893 -0.000744114  -0.00867562 -0.000589596   1.54865 0.0941895  -9.68552  14118
               108.9   0.137212 -0.0967885  -0.314993  0.0182087 -0.0126678  0.0158116 0 0 0   -0.011 -0.02329  0.04412 -0.000321918  0.000416693  -0.00591217 0.000639857 -0.00209506 -0.00373546  -0.00101333  -0.00892124 -0.000666653   1.54869 0.0942126  -9.68551  14388
             108.999 0.0541896 -0.049539 -0.404757  0.0161161 -0.0152684  0.0139472 0 0 0   -0.011 -0.02329  0.04412  -0.0066789 -0.00596155 -0.00828881 0.000693066 -0.00212155 -0.00368083 -0.000824888  -0.00868985 -0.000590039   1.54867 0.0941892  -9.68552  13925
             109.099 0.0162736 -0.121328 -0.272335  0.0169809 -0.0131194  0.0135053 0 0 0   -0.011 -0.02329  0.04412 -0.00278796  0.00265162 -0.00776551 0.000720484 -0.00207935 -0.00375846   -0.0009598  -0.00891024 -0.000617729   1.54868 0.0942141  -9.68551  14166
             109.199   0.165949 -0.0952733  -0.346952  0.0182228 -0.0138161  0.0128689 0 0 0   -0.011 -0.02329  0.04412 0.000838756 0.000623599 -0.00700052 0.000630336 -0.00209548  -0.0037149  -0.00110454  -0.00883071 -0.000633646    1.5487 0.0942018  -9.68551  14039
             109.299 0.00150562  -0.182004  -0.257295 0.0175874 -0.014306 0.0138858 0 0 0   -0.011 -0.02329  0.04412  -0.00273839 -0.000631326  -0.00473662 0.000734332 -0.00204258 -0.00376924  -0.00104286  -0.00878759 -0.000759881   1.54869 0.0941954  -9.68551  14113
               109.4   0.210853 -0.0549874   -0.31993  0.0166101 -0.0159075  0.0141207 0 0 0   -0.011 -0.02329  0.04412 -0.00553055 -0.00504938 -0.00393796 0.000610659 -0.00211792 -0.00372949 -0.000983187  -0.00865332  -0.00081204   1.54869 0.0941788  -9.68551  14165
               109.5  0.171576 -0.132238 -0.299178  0.0168581 -0.0146412  0.0151666 0 0 0   -0.011 -0.02329  0.04412  -0.00392584  -0.00097955 -0.000658482 0.000634114 -0.00207365 -0.00374244  -0.00106821  -0.00881499 -0.000920282   1.54869 0.0941996  -9.68551  13936
               109.6   0.232608 -0.0349434  -0.321147  0.0173733 -0.0129777  0.0152166 0 0 0   -0.011 -0.02329  0.04412  -0.00130494   0.00268218 -0.000608809 0.000598486 -0.00213217  -0.0037296   -0.0011574  -0.00897032 -0.000934277    1.5487 0.0942196  -9.68551  14110
             109.699   0.101593 -0.0814595  -0.268668  0.0153375 -0.0149183  0.0154436 0 0 0   -0.011 -0.02329  0.04412 -0.00765111 -0.00379386  0.00065078 0.000675744 -0.00210199 -0.00376226 -0.000967826  -0.00878661 -0.000953022   1.54868 0.0941953  -9.68551  14056
               109.8  0.312619 -0.124461 -0.351991  0.0163864 -0.0153229   0.016022 0 0 0   -0.011 -0.02329  0.04412 -0.00409818 -0.00508424  0.00163854 0.000541577 -0.00207356 -0.00370869  -0.00109256  -0.00876352 -0.000992276    1.5487 0.0941937  -9.68551  14080
             109.899  0.148361 -0.122255 -0.308649  0.0160847 -0.0147241  0.0177109 0 0 0   -0.011 -0.02329  0.04412 -0.00525962 -0.00272751  0.00597926 0.000647328 -0.00207323 -0.00373192 -0.00112828 -0.00890373 -0.00111097    1.5487 0.0942102  -9.68551  13998
                 110  0.248038 -0.107879 -0.336291  0.0153186 -0.0145506  0.0164253 0 0 0   -0.011 -0.02329  0.04412 -0.00553121 -0.00268127  0.00105631 0.000589253 -0.00208243 -0.00371524  -0.00113747  -0.00895909 -0.000951908    1.5487 0.0942203  -9.68551  14205
               110.1   0.15506 -0.135843 -0.315388  0.0157928 -0.0127723  0.0176422 0 0 0   -0.011 -0.02329  0.04412 -0.00345304  0.00136773  0.00215613 0.000648092 -0.00206607 -0.00372636  -0.0012328 -0.00913376 -0.00103673   1.54871 0.0942395  -9.68551  13964
             110.199  0.227962 -0.115398  -0.27598 0.0146228 -0.015138 0.0155282 0 0 0   -0.011 -0.02329  0.04412 -0.00606215 -0.00621018 -0.00262773 0.000607644  -0.0020761 -0.00375026  -0.00115995  -0.00892523 -0.000868072    1.5487 0.0942195  -9.68551  14229
               110.3  0.066694 -0.179565 -0.236435   0.015514 -0.0167895  0.0194677 0 0 0   -0.011 -0.02329  0.04412 -0.00338585  -0.0095246  0.00512014 0.000699736 -0.00204088 -0.00377405 -0.00130904 -0.00886881 -0.00117617   1.54872 0.0942017  -9.68551  14072
             110.399  0.217215 -0.136561  -0.26304  0.0144877 -0.0176712  0.0169329 0 0 0   -0.011 -0.02329  0.04412  -0.0057908  -0.0099849 -0.00208176 0.000611386 -0.00206823 -0.00375597  -0.00125639  -0.00886686 -0.000954791   1.54872 0.0942093  -9.68551  14132
             110.499  0.285404 -0.136117 -0.362313  0.0128514 -0.0200294  0.0159477 0 0 0   -0.011 -0.02329  0.04412  -0.0106149  -0.0157835 -0.00371292 0.000569513 -0.00206958 -0.00369633  -0.00114981  -0.00873895 -0.000893672    1.5487 0.0941948  -9.68551  14079
               110.6   0.231085 -0.0473642  -0.232708  0.0118438 -0.0201359  0.0114527 0 0 0   -0.011 -0.02329  0.04412 -0.00866561  -0.0132486  -0.0125451 0.000602658 -0.00212053 -0.00377233  -0.00116889  -0.00888146 -0.000599924  1.54871 0.094223 -9.68551  14089
             110.699  0.327305 -0.049072 -0.411584  0.0134022 -0.0200736  0.0108038 0 0 0   -0.011 -0.02329  0.04412 -0.00167793  -0.0110845  -0.0109639 0.000550247  -0.0021184 -0.00366541  -0.00139538  -0.00900262 -0.000636792   1.54873 0.0942397  -9.68551  14179
               110.8  0.0829062 -0.0575423  -0.254865  0.0141419 -0.0178883 0.00945478 0 0 0   -0.011 -0.02329  0.04412  0.00141797 -0.00397774  -0.0138222 0.000705594 -0.00211496 -0.00376599  -0.00147433  -0.00921179 -0.000558224   1.54874 0.0942693   -9.6855  13822
             110.899   0.258388 -0.0483709   -0.35137  0.0121837 -0.0177143 0.00824162 0 0 0   -0.011 -0.02329  0.04412 -0.00499756 -0.00307031  -0.0119906  0.00060577 -0.00211855 -0.00370588  -0.00125759  -0.00928599 -0.000634701   1.54871 0.0942709  -9.68551  14365
                 111   0.194797 -0.0237728  -0.323763   0.013375 -0.0167151 0.00612266 0 0 0   -0.011 -0.02329  0.04412  0.000913738 -0.000485011   -0.0130135 0.000645489 -0.00213337 -0.00372231  -0.00142649  -0.00940839 -0.000589006   1.54873 0.0942903  -9.68551  14004
               111.1   0.259423 -0.0259101  -0.352982  0.0136592 -0.0181109 0.00652331 0 0 0   -0.011 -0.02329  0.04412  0.00130838 -0.00569819 -0.00956588 0.000608101 -0.00213208 -0.00370496  -0.00143585  -0.00931297 -0.000717196   1.54873 0.0942743  -9.68551  14087
               111.2  0.0964043 -0.0500392  -0.310655  0.0133524 -0.0176955 0.00983063 0 0 0   -0.011 -0.02329  0.04412 -0.000496329  -0.00406721  -0.00240173 0.000715031 -0.00211948 -0.00373358  -0.00140663  -0.00936242 -0.000971278   1.54873 0.0942703  -9.68551  13935
             111.299   0.108882 -0.0982165  -0.256763  0.0128451 -0.0186079  0.0105843 0 0 0   -0.011 -0.02329  0.04412  -0.00222625  -0.00425909 -0.000160766 0.000706444 -0.00209352 -0.00376592 -0.00137396 -0.00934228  -0.0010514   1.54873 0.0942652  -9.68551  13998
             111.399    0.138164 0.000555086   -0.283681  0.0114241 -0.0171867 0.00795378 0 0 0   -0.011 -0.02329  0.04412 -0.00439718 0.000385376 -0.00661443 0.000690862 -0.00215214 -0.00374557  -0.00127054  -0.00948019 -0.000865775   1.54872 0.0942858  -9.68551  13899
               111.5   0.151687 -0.0440224  -0.315951  0.0139251  -0.017635 0.00718876 0 0 0   -0.011 -0.02329  0.04412   0.00507734 -0.000714068  -0.00602176 0.000685839 -0.00212673  -0.0037239  -0.00152321  -0.00944274 -0.000854655   1.54874 0.0942836   -9.6855  14114
             111.599  0.340338 0.0243466 -0.415463  0.0106339 -0.0175981 0.00713473 0 0 0   -0.011 -0.02329  0.04412 -0.00535374 -0.00284547 -0.00596855 0.000570331 -0.00216793  -0.0036655  -0.00119375  -0.00945925 -0.000897535   1.54871 0.0942814  -9.68551  14009
               111.7   0.223811 -0.0314056  -0.292385 0.00789503 -0.0220003 0.00899562 0 0 0   -0.011 -0.02329  0.04412   -0.0121479   -0.0164955 -0.000659406 0.000643277  -0.0021347 -0.00373857 -0.000996071   -0.0091514  -0.00107205    1.5487 0.0942417  -9.68551  14110
               111.8   0.197555 -0.0668799  -0.271037 0.00944608 -0.0184657 0.00766136 0 0 0   -0.011 -0.02329  0.04412 -0.00283327 -0.00362075 -0.00399397 0.000664465 -0.00211306  -0.0037472  -0.00122535   -0.0095615 -0.000983314   1.54872 0.0942913  -9.68551  14073
               111.9  0.230992 -0.132254 -0.253472 0.00970701 -0.0171768  0.0129772 0 0 0   -0.011 -0.02329  0.04412 -0.00366837 -0.00092642  0.00748409 0.000645078  -0.0020769 -0.00375801 -0.00126979 -0.00972613 -0.00137405   1.54874 0.0943006   -9.6855  14034
                 112  0.151624 -0.111286 -0.257142 0.00865368 -0.0169094  0.0132076 0 0 0   -0.011 -0.02329  0.04412  -0.00631935 -0.000584281   0.00735058 0.000692303 -0.00208856 -0.00375556 -0.00118263 -0.00975053 -0.00137933   1.54873 0.0943032  -9.68551  13905
               112.1 0.0388064 -0.116253 -0.175665  0.0103574 -0.0150715  0.0139006 0 0 0   -0.011 -0.02329  0.04412 9.7856e-05 0.00581907 0.00847753 0.000761856 -0.00208549 -0.00380298 -0.00140559 -0.00991461 -0.00138096   1.54875 0.0943234   -9.6855  13876
             112.199  0.0588217 -0.0618618  -0.250293 0.00996182 -0.0164611 0.00977046 0 0 0   -0.011 -0.02329  0.04412 -0.000429606   0.00154399  -0.00227916 0.000746144 -0.00211944 -0.00375594 -0.00137394 -0.00972062 -0.00102792   1.54874 0.0943112   -9.6855  14003
             112.299 0.000578736 -0.00489626   -0.200109  0.0102946  -0.016535 0.00465165 0 0 0   -0.011 -0.02329  0.04412 0.00345076  0.0023544 -0.0124905 0.000776287 -0.00215175 -0.00378437  -0.00139485  -0.00966115 -0.000714037   1.54873 0.0943109  -9.68551  13734
             112.399 0.0530581 0.0339385 -0.316371  0.00940378  -0.0178667 0.000675413 0 0 0   -0.011 -0.02329  0.04412   0.00242392 -0.000396668   -0.0176513 0.000746779 -0.00217284 -0.00371484  -0.00128772  -0.00953293 -0.000521908   1.54872 0.0942943  -9.68551  13846
             112.499 0.0634441 0.0632538 -0.196556    0.0113947   -0.0163178 -0.000910803 0 0 0   -0.011 -0.02329  0.04412 0.00971031 0.00452597 -0.0178293 0.000738114 -0.00218915 -0.00378673  -0.00143177  -0.00964476 -0.000533175   1.54873 0.0943128  -9.68551  13656
               112.6   0.219037 -0.0108083   -0.25849   0.0118661  -0.0165693 0.000703263 0 0 0   -0.011 -0.02329  0.04412 0.00840248 0.00160874 -0.0109982 0.000647476 -0.00214408 -0.00374771  -0.00138206   -0.0096004 -0.000754577   1.54874 0.0943082   -9.6855  13834
               112.7 -0.0955164   0.097101  -0.148057   0.0125195  -0.0147232 -0.00153483 0 0 0   -0.011 -0.02329  0.04412  0.0105371  0.0068613 -0.0137701 0.000830908 -0.00220716 -0.00381277 -0.00135325 -0.00972971 -0.00069608   1.54872 0.0943204  -9.68551  13478
               112.8  0.0231631 -0.0495076  -0.188662  0.0127004 -0.0150471 0.00118411 0 0 0   -0.011 -0.02329  0.04412  0.00841237  0.00580653 -0.00631728  0.00076344 -0.00211932 -0.00378524  -0.00126963  -0.00964668 -0.000950177  1.54873 0.094313 -9.68551  13503
               112.9 0.0901974 0.0937468 -0.252419  0.0107106 -0.0141507 0.00526361 0 0 0   -0.011 -0.02329  0.04412 0.000903607  0.00695044  0.00152071 0.000723958 -0.00220743 -0.00374609 -0.00107382  -0.0097169 -0.00123485   1.54872 0.0943184  -9.68551  13350
             113.001  0.0730268 -0.0167152  -0.293794  0.0118141 -0.0153393 0.00635502 0 0 0   -0.011 -0.02329  0.04412 0.00481542 0.00250078 0.00432324 0.000737776  -0.0021415 -0.00372153 -0.00115244 -0.00955342 -0.00128692   1.54874 0.0943066   -9.6855  13416
               113.1   0.156158 -0.0103547  -0.318801 0.00802381 -0.0160076  0.0118769 0 0 0   -0.011 -0.02329  0.04412  -0.00904236 -0.000614047    0.0142476  0.00069141 -0.00214453 -0.00370456 -0.000738996   -0.0094807  -0.00159972   1.54873 0.0942897  -9.68551  13327
             113.201  0.162153 -0.100451 -0.346464 0.00995176 -0.0169375  0.0180555 0 0 0   -0.011 -0.02329  0.04412 -0.00202511 -0.00341693   0.0227683 0.000687032 -0.00209205 -0.00368672 -0.00096658 -0.00940345 -0.00190033   1.54877 0.0943038   -9.6855  13615
               113.3 0.0219882 -0.290299   -0.3247  0.0146538 -0.0178894  0.0221968 0 0 0   -0.011 -0.02329  0.04412  0.00859149 -0.00348668   0.0269965 0.000771386 -0.00198322 -0.00369954 -0.00137556  -0.0093358 -0.00203337   1.54882 0.0943152  -9.68549  13406
             113.401  0.145234 -0.146672 -0.389604  0.0140807 -0.0175129  0.0227539 0 0 0   -0.011 -0.02329  0.04412   0.00303551 -0.000966551    0.0220656 0.000698892 -0.00206648 -0.00366093 -0.00126655 -0.00939575 -0.00188188    1.5488 0.0943144  -9.68549  13704
               113.5 0.0481456 -0.235321 -0.381963  0.0150045 -0.0158172   0.023624 0 0 0   -0.011 -0.02329  0.04412  0.0027268 0.00512281  0.0192387  0.00075669 -0.00201739 -0.00366502 -0.00133457  -0.0095389 -0.00181121    1.5488 0.0943284  -9.68549  13529
             113.601 0.0268215 -0.333894 -0.349861 0.0151643 -0.015857 0.0268604 0 0 0   -0.011 -0.02329  0.04412 -0.00136902  0.00512787   0.0212591 0.000767663 -0.00195891 -0.00368347 -0.00133515 -0.00947994 -0.00188357   1.5488 0.094324 -9.68549  13651
               113.7  0.284384 -0.202848 -0.355134   0.015867 -0.0155672  0.0252386 0 0 0   -0.011 -0.02329  0.04412 -0.000161363    0.0048649    0.0148048  0.00061617 -0.00203844 -0.00368082 -0.00141334 -0.00948455 -0.00168957   1.54881 0.0943178  -9.68549  13774
               113.8  0.168356 -0.161718 -0.365925  0.0133149 -0.0157891   0.024148 0 0 0   -0.011 -0.02329  0.04412  -0.008773 0.00200987   0.010405 0.000683173  -0.0020597 -0.00367366 -0.00118619 -0.00942569 -0.00152992   1.54878 0.0943125   -9.6855  13578
             113.901  0.173741  -0.20404 -0.383608  0.0131537 -0.0166457  0.0195117 0 0 0   -0.011 -0.02329  0.04412 -0.00631423 -0.00111719 -0.00220831 0.000682098 -0.00203098 -0.00366169 -0.00123044 -0.00934344 -0.00114113   1.54879 0.0942947   -9.6855  13635
             113.999  0.321393 -0.084263 -0.390437  0.0103937 -0.0173543  0.0193586 0 0 0   -0.011 -0.02329  0.04412  -0.0122296 -0.00579992 -0.00371043 0.000598105 -0.00210188 -0.00365475 -0.00111527 -0.00931792  -0.0011771   1.54878 0.0942959   -9.6855  13251
               114.1 0.0926848 -0.203705 -0.324259  0.0152616 -0.0186111  0.0175972 0 0 0   -0.011 -0.02329  0.04412  0.00428534 -0.00781184 -0.00711551 0.000736746  -0.0020332 -0.00369146 -0.00160783 -0.00929066 -0.00107766   1.54884 0.0942761  -9.68549  13521
             114.201 0.0635749 -0.168132 -0.330857  0.0144226 -0.0170245  0.0171123 0 0 0   -0.011 -0.02329  0.04412  0.00165536 -0.00266985 -0.00666801  0.00075788 -0.00205385 -0.00368635 -0.00152743 -0.00942438  -0.0010567   1.54883 0.0942932  -9.68549  13192
               114.3 0.0296168  -0.22691 -0.291515  0.0155614 -0.0161362  0.0174376 0 0 0   -0.011 -0.02329  0.04412   0.0017262  0.00308712 -0.00506375 0.000780869 -0.00202013 -0.00370971 -0.00162804 -0.00952651 -0.00116945   1.54884 0.0942992  -9.68549  13398
             114.401   0.100458 -0.0687301  -0.354713  0.0147708 -0.0148877   0.015772 0 0 0   -0.011 -0.02329  0.04412  -0.0015594  0.00649866 -0.00761932 0.000742048 -0.00211242 -0.00367068 -0.00155514 -0.00958965 -0.00109401   1.54884 0.0943089  -9.68549  13405
             114.501 0.0902776 -0.118811 -0.340359  0.0140429 -0.0145229  0.0124462 0 0 0   -0.011 -0.02329  0.04412 -0.00253165  0.00331326  -0.0131051 0.000740801 -0.00207848 -0.00367689  -0.00150122  -0.00954851 -0.000922686   1.54884 0.0943069  -9.68549  13078
             114.601   0.220828 -0.0369548  -0.341058   0.014475 -0.0153883  0.0150738 0 0 0   -0.011 -0.02329  0.04412  -0.0015744 0.000641922 -0.00594941 0.000661086 -0.00212672 -0.00367581 -0.00157061 -0.00944929 -0.00118849   1.54884 0.0942946  -9.68549  13058
               114.7  -0.0446501 -0.00683695   -0.269979  0.0106864 -0.0157985  0.0110082 0 0 0   -0.011 -0.02329  0.04412   -0.0104332 -0.000166816   -0.0132253 0.000819002 -0.00214221 -0.00371526   -0.0012535  -0.00940018 -0.000959654   1.54881 0.0942937  -9.68549  12728
               114.8    0.359201 -0.00954943    -0.31422  0.0100229 -0.0171215  0.0125701 0 0 0   -0.011 -0.02329  0.04412 -0.00933514 -0.00566353 -0.00771475 0.000586038 -0.00213944 -0.00368879 -0.00128314 -0.00930198  -0.0011412   1.54881 0.0942834  -9.68549  12947
             114.901 0.0751042 0.0167878 -0.278474  0.0071625 -0.0185475  0.0135273 0 0 0   -0.011 -0.02329  0.04412  -0.0150624 -0.00959538 -0.00399008 0.000754648 -0.00215434 -0.00370979 -0.00111492  -0.0092395 -0.00125972  1.54879 0.094278  -9.6855  12695
             115.001   0.164317 -0.0750889  -0.255556 0.00885901 -0.0183843  0.0117892 0 0 0   -0.011 -0.02329  0.04412 -0.00703451 -0.00790159  -0.0074526  0.00070179 -0.00209998 -0.00372411 -0.00131482 -0.00928387 -0.00114932   1.54881 0.0942822  -9.68549  12936
             115.101 0.0698597 -0.074458 -0.266493 0.00758844 -0.0183155 0.00930937 0 0 0   -0.011 -0.02329  0.04412 -0.00665985  -0.0041557  -0.0103581 0.000765473 -0.00209894 -0.00371567 -0.00131698 -0.00940222 -0.00107497   1.54881 0.0942949  -9.68549  12534
             115.201  0.201291 -0.109689 -0.264104 0.00905267 -0.0164079   0.014796 0 0 0   -0.011 -0.02329  0.04412 -0.00426926 -0.00044659 0.000122116 0.000670686 -0.00207557 -0.00371737 -0.00145298 -0.00957674 -0.00143548   1.54882 0.0943131  -9.68549  12923
             115.301  0.231748 0.0977459 -0.330451  0.0096932 -0.0155307  0.0125418 0 0 0   -0.011 -0.02329  0.04412   0.00239167 -0.000321371  -0.00442248 0.000655967 -0.00219554  -0.0036775 -0.00156608 -0.00966777 -0.00129757   1.54883 0.0943267  -9.68549  12560
             115.401   0.153169 -0.0720031  -0.308312 0.00976985 -0.0162372  0.0130508 0 0 0   -0.011 -0.02329  0.04412  0.00306516 -0.00326742 -0.00279194 0.000699337 -0.00209854 -0.00368947 -0.00154918 -0.00962459 -0.00135055  1.54883 0.094321 -9.68549  12692
             115.501  0.147653 0.0220571 -0.429451 0.00935692 -0.0181258  0.0114748 0 0 0   -0.011 -0.02329  0.04412  0.00234731  -0.0083683 -0.00584018 0.000698886 -0.00215337 -0.00361952 -0.00149821 -0.00949852 -0.00126253   1.54883 0.0943086  -9.68549  12588
             115.601   0.133599 -0.0679395  -0.415882  0.0101486 -0.0185267  0.0128816 0 0 0   -0.011 -0.02329  0.04412   0.0036552 -0.00656297 -0.00107681 0.000708761 -0.00210032 -0.00362799 -0.00153298 -0.00955333 -0.00139757   1.54883 0.0943115  -9.68549  12328
             115.701 0.0586076 0.0163941 -0.300037 0.00810404 -0.0199233 0.00907499 0 0 0   -0.011 -0.02329  0.04412 -0.00168575 -0.00816718 -0.00792602 0.000754567 -0.00214917 -0.00369555 -0.00135315 -0.00948202 -0.00116369   1.54881 0.0943104  -9.68549  12037
               115.8 0.0496926 -0.116793 -0.380376 0.00708597 -0.0211919  0.0115272 0 0 0   -0.011 -0.02329  0.04412  -0.0054084 -0.00880474  -0.0021245 0.000764465 -0.00207286 -0.00364597 -0.00127708  -0.0094508 -0.00137308   1.54881 0.0943038  -9.68549  11683
             115.901 0.0837452 -0.163453 -0.265821 0.00767365  -0.019909  0.0170007 0 0 0   -0.011 -0.02329  0.04412 -0.00436346 -0.00409338  0.00876775 0.000749553 -0.00204501 -0.00371105 -0.00135399 -0.00963997 -0.00174818   1.54884 0.0943148  -9.68549  11288
             116.001 0.0735647 -0.165251 -0.317485 0.00650877 -0.0183957  0.0194918 0 0 0   -0.011 -0.02329  0.04412 -0.0089934 0.00434994  0.0121136 0.000751029  -0.0020468 -0.00368061 -0.00129926 -0.00978171 -0.00185709   1.54884 0.0943294  -9.68549  10696
             116.101  0.269732 -0.196856 -0.309761 0.00743277 -0.0158997  0.0261597 0 0 0   -0.011 -0.02329  0.04412 -0.00849672  0.00757709   0.0242272 0.000628208  -0.0020301 -0.00368281 -0.00137013 -0.00999875 -0.00227746   1.54886 0.0943454  -9.68548  10121
             116.201 0.0237944 -0.228071 -0.256975 0.00822202 -0.0130494  0.0280278 0 0 0   -0.011 -0.02329  0.04412 -0.00543803   0.0147043   0.0230737 0.000772754   -0.002008 -0.00371359 -0.00151716  -0.0101795 -0.00224546   1.54888 0.0943613  -9.68548  9856
             116.301  0.321691 -0.255562 -0.277687 0.00899561 -0.0123785  0.0322989 0 0 0   -0.011 -0.02329  0.04412 -0.0050909  0.0120782  0.0271107 0.000603151 -0.00198745 -0.00370362 -0.00163874  -0.0101336 -0.00238002    1.5489 0.0943545  -9.68548  9741
             116.401  0.349463   -0.1955 -0.200517 0.00868446 -0.0134558  0.0338928 0 0 0   -0.011 -0.02329  0.04412 -0.00552181 0.000191815   0.0191091 0.000583986 -0.00202497 -0.00374567 -0.00172295 -0.00993714 -0.00218312    1.5489 0.0943363  -9.68548  9520
             116.501  0.264913 -0.251103 -0.218433 0.00986411 -0.0145124  0.0344755 0 0 0   -0.011 -0.02329  0.04412 -0.00429918  -0.0051869   0.0169363 0.000643324 -0.00198975 -0.00373389  -0.0018602 -0.00987548 -0.00208756   1.54892 0.0943332  -9.68548  9677
               116.6   0.37415 -0.202851 -0.264038 0.00849593 -0.0144945  0.0367114 0 0 0   -0.011 -0.02329  0.04412 -0.0102972 -0.0077923   0.019554 0.000584549 -0.00201868 -0.00370708 -0.00180127 -0.00994254 -0.00211142   1.54891 0.0943379  -9.68548  9205
             116.701  0.354108   -0.1725 -0.251308  0.0094163 -0.0145032  0.0313218 0 0 0   -0.011 -0.02329  0.04412 -0.00478236  -0.0092803  0.00772574 0.000591915  -0.0020414 -0.00371496 -0.00187763 -0.00995195 -0.00174123  1.54893 0.094354 -9.68547  9478
             116.801   0.516126 -0.0855295  -0.190627 0.00917007 -0.0122719  0.0259588 0 0 0   -0.011 -0.02329  0.04412 -0.00536036 -0.00442453 0.000513825 0.000483981 -0.00210362 -0.00374769 -0.00185788  -0.0101444 -0.00140405  1.54894 0.094387 -9.68547  9289
               116.9  0.990985 -0.280435 -0.754929 0.00731583 -0.0122115  0.0321256 0 0 0   -0.011 -0.02329  0.04412  -0.074917 -0.0165883   0.081779 0.000148553 -0.00217308 -0.00413493 -0.00203907  -0.0102876  -0.0016067   1.54894 0.0943948  -9.68547  9580
             117.001   1.07233 -0.165944  -1.28946  0.00461934 -0.00503475   0.0157902 0 0 0   -0.011 -0.02329  0.04412  -0.131393 -0.0246346   0.113932 0.000289526 -0.00294163  -0.0043416  -0.00204899   -0.0107603 -0.000453485   1.54899 0.0945169  -9.68546  9018
             117.099  1.74114 -2.47584 -2.58725  0.00877472 -0.00161206   0.0123293 0 0 0   -0.011 -0.02329  0.04412 -0.0830298 -0.0305082   0.164934 0.000658718 -0.00398118  -0.0041293  -0.0029637  -0.0111266 0.000256507  1.54915 0.094569 -9.68544  9123
               117.2  3.94124 -6.29222 -6.18832 -0.0121994 -0.0100559  0.0532243 0 0 0   -0.011 -0.02329  0.04412 -0.0424101 -0.0671221   0.256502 0.000223962 -0.00195077 -0.00453176 -0.00120648  -0.0104079 0.000352983   1.54894 0.0953186  -9.68546  8509
               117.3  4.00288 -5.98085 -7.61317 -0.033128 -0.010547 0.0695442 0 0 0   -0.011 -0.02329  0.04412  -0.109626 -0.0261166   0.334435 0.000315046 -0.00206749 -0.00474651 0.000156851 -0.00963428 0.000806692   1.54904 0.0963272  -9.68544  8673
             117.401  3.90097 -5.75053 -9.47656 -0.0533084  -0.013729   0.113331 0 0 0   -0.011 -0.02329  0.04412   -0.125043 -0.00655021     0.44097 -0.00037514 -0.00239972 -0.00440247 0.000399233 -0.00877222 0.000955181   1.54877 0.0970695  -9.68547  8433
               117.5  2.66396  -5.7611 -10.6492 -0.0605939 -0.0140948   0.135191 0 0 0   -0.011 -0.02329  0.04412   -0.101802 -0.00655821    0.440516 -0.000757343  -0.00240549  -0.00379246  0.00137332 -0.00812906  0.00243278   1.54984 0.0976565  -9.68529  8539
               117.6 0.978644 -5.94063 -10.3339 -0.0766008  -0.012006   0.164293 0 0 0   -0.011 -0.02329  0.04412  -0.125104 -0.0242788   0.441733 -0.000455719  -0.00265682  -0.00367478  0.00300575 -0.00627427  0.00329537   1.55092 0.0996231   -9.6851  8336
             117.701 -0.170935  -5.32695  -10.1612 -0.0863592 -0.0131073   0.171652 0 0 0   -0.011 -0.02329  0.04412  -0.116677 -0.0413928   0.431976 0.000201027 -0.00338106 -0.00349388 0.00427208  -0.004335 0.00432738  1.55179 0.101479 -9.68494  8037
               117.8 0.266583 -6.18151 -9.79759  -0.0928141 -0.00428051    0.182606 0 0 0   -0.011 -0.02329  0.04412 -0.0874209 -0.0228207   0.410668 0.000107247 -0.00324283 -0.00335769  0.00810494 -0.00354032  0.00567566  1.55536  0.10292 -9.68436  8173
               117.9 0.433652 -8.49296 -7.60259    -0.121451 -0.000889982     0.243593 0 0 0   -0.011 -0.02329  0.04412  -0.093445 -0.0632911    0.32484 -5.31388e-05   -0.0030254  -0.00339029  0.0126827 0.00160357 0.00663688  1.55866 0.108566 -9.68376  8985
             118.001 -0.633583   -8.1914  -6.98722   -0.143428 -0.00538737    0.287489 0 0 0   -0.011 -0.02329  0.04412 -0.0984689 -0.0979822   0.291469 0.000657494 -0.00353297 -0.00332178  0.0131731 0.00432004 0.00604585  1.55838 0.111483 -9.68377  9894
               118.1 -1.17727 -8.39236 -6.46702    -0.163809 -0.000441898     0.324777 0 0 0   -0.011 -0.02329  0.04412  -0.102058 -0.0747372   0.285385  0.00105468 -0.00349037 -0.00351229  0.0159909 0.00623868 0.00578392  1.56045 0.114213 -9.68341  10296
             118.201 -1.96111 -9.41331 -6.38988    -0.17864 -0.00114361     0.35416 0 0 0   -0.011 -0.02329  0.04412 -0.0927912 -0.0505013   0.248192  0.00122838 -0.00292553 -0.00356414  0.0177661 0.00736696 0.00594742  1.56183 0.115712 -9.68317  10755
             118.301 -4.30161 -9.53728 -6.59925  -0.192382 -0.0114976    0.37467 0 0 0   -0.011 -0.02329  0.04412 -0.0694021  -0.038503   0.221223  0.00231016 -0.00313157 -0.00363875  0.0163231 0.00948237 0.00569675     1.56 0.117354 -9.68345  11072
             118.401 -4.52859 -9.66277  -6.4483   -0.201003 -0.00707287    0.404272 0 0 0   -0.011 -0.02329  0.04412 -0.00537868   0.0215236    0.176911  0.00196094 -0.00274298 -0.00403663  0.0167937 0.00973597 0.00539242  1.56026 0.117991  -9.6834  11450
             118.499 -7.46601  -9.6235 -6.73741  -0.211035 -0.0081117   0.429921 0 0 0   -0.011 -0.02329  0.04412 0.000163992   0.0662981    0.131542  0.00244779 -0.00179891 -0.00375967  0.0147711  0.0114483 0.00452229  1.55778 0.119453 -9.68378  11513
             118.601 -9.60376 -8.70383 -6.78211   -0.219766 -0.00965075    0.444957 0 0 0   -0.011 -0.02329  0.04412 -0.0334045  0.0772177  0.0795424  0.00270697 -0.00177106 -0.00368577  0.0129643  0.0130729 0.00393953  1.55561  0.12064 -9.68411  11892
               118.7 -11.5205 -8.78339 -6.72541 -0.221658 0.0050136  0.447694 0 0 0   -0.011 -0.02329  0.04412 0.000141859    0.140002   0.0645649  0.00313285 -0.00205607 -0.00380822   0.014144  0.0131731 0.00417689  1.55669 0.121066 -9.68393  12280
               118.8  -12.198 -8.29571 -6.85376 -0.234838 0.0202133  0.473554 0 0 0   -0.011 -0.02329  0.04412 0.0429957  0.205613  0.129897  0.00287851 -0.00271508 -0.00377933  0.0122997  0.0163923 0.00305997  1.55403 0.124302 -9.68432  12384
             118.901 -12.4936 -8.61054  -6.8046 -0.237493 0.0343467  0.486367 0 0 0   -0.011 -0.02329  0.04412 0.0408601  0.241329     0.169  0.00305847  -0.0034018 -0.00388032  0.0120315  0.0177679 0.00295575  1.55336 0.125442 -9.68441  12578
                 119 -11.9891 -13.8734 -6.51131 -0.231443 0.0716052  0.534265 0 0 0   -0.011 -0.02329  0.04412 0.0910617  0.340849  0.213054  0.00310448 -0.00396299 -0.00486176 0.00871402  0.0194389 0.00188696  1.55019 0.126726  -9.6849  12358
               119.1 -14.0682 -14.1553 -10.4128 -0.244244 0.0833563  0.563181 0 0 0   -0.011 -0.02329  0.04412 0.184767 0.295466 0.105018   0.0024984 -0.00403232 -0.00480965 0.00608573  0.0229764 0.00103934  1.54662 0.129433 -9.68544  12175
             119.201  -14.009 -14.7034 -9.97154 -0.255018 0.0824432  0.568862 0 0 0   -0.011 -0.02329  0.04412 0.167396 0.288272 0.082427  0.00241132 -0.00359117 -0.00522318  0.00513823    0.024463 0.000733469  1.54525   0.1306 -9.68564  12025
               119.3  -13.763 -13.9854  -13.759 -0.23422  0.11507 0.595828 0 0 0   -0.011 -0.02329  0.04412  0.228607  0.302115 0.0350477  0.00209522 -0.00330958 -0.00436124 -0.000117402     0.029097 -0.000589385  1.53937 0.133986 -9.68653  12138
               119.4 -14.3097 -16.1548 -14.3921 -0.231302  0.125363  0.611128 0 0 0   -0.011 -0.02329  0.04412  0.219824   0.30091 0.0153803  0.00264289  -0.0033569 -0.00349671 -0.00452818   0.0329831 -0.00149786  1.53443  0.13672 -9.68728  12258
             119.499 -14.6001 -17.0419 -13.5713 -0.222498  0.132795  0.623801 0 0 0   -0.011 -0.02329  0.04412   0.253652   0.324341 0.00127644  0.00315589 -0.00337116 -0.00354043 -0.00917586   0.0360851 -0.00238063  1.52951 0.138807 -9.68802  12163
               119.6 -15.5135 -16.6074 -15.6143 -0.219139  0.158206  0.641802 0 0 0   -0.011 -0.02329  0.04412     0.2383   0.403367 -0.0242853  0.00287371 -0.00259788 -0.00318512  -0.0153736   0.0432185 -0.00391302  1.52286 0.145091 -9.68898  11981
               119.7 -16.3191 -14.4104 -16.8484 -0.209753    0.1905  0.628694 0 0 0   -0.011 -0.02329  0.04412   0.207841   0.497248 -0.0322733  0.00182828 -0.00228574 -0.00394758  -0.0155269   0.0426652 -0.00341169  1.52228 0.143829 -9.68909  11979
             119.799   -18.24 -12.6515 -17.6526 -0.206729  0.225487  0.624546 0 0 0   -0.011 -0.02329  0.04412   0.162418    0.57768 -0.0292764  0.00106198 -0.00248804 -0.00491063  -0.0188639   0.0441732 -0.00354834  1.51845 0.144308 -9.68968  12368
               119.9 -18.5351 -11.9266 -17.9663 -0.224184  0.218159  0.617478 0 0 0   -0.011 -0.02329  0.04412   0.139261   0.559905 -0.0403322  0.00116782 -0.00293284 -0.00498775  -0.0202079   0.0463279 -0.00341905  1.51654 0.145739 -9.68996  12069
                 120  -20.529 -13.4773 -22.4433 -0.211533  0.259987  0.608594 0 0 0   -0.011 -0.02329  0.04412     0.1818    0.47636 -0.0843003 -0.000157785  -0.00310847   -0.0059251   -0.024424   0.0449524 -0.00352474 1.51206 0.14331 -9.6907  12136
               120.1 -24.6357 -16.2532 -35.4261 -0.200952  0.291164  0.622604 0 0 0   -0.011 -0.02329  0.04412    0.104521    0.156251 -0.00768981 -0.000105944   -0.0025958  -0.00651895  -0.0362015   0.0532156 -0.00563065  1.50018  0.15034 -9.69244  11770
               120.2 -25.8181 -15.9321 -43.0394 -0.20551  0.28119 0.651116 0 0 0   -0.011 -0.02329  0.04412  0.0963507 -0.0409911  -0.021008 -0.000204363  -0.00243906  -0.00700693  -0.0470662   0.0651692 -0.00803394  1.48934  0.16155 -9.69393  12317
               120.3 -25.7202 -16.4351 -43.9137 -0.217678  0.276408  0.649325 0 0 0   -0.011 -0.02329  0.04412  0.0560519 -0.0571521 -0.0311849 -0.000333051  -0.00213226  -0.00671352  -0.0489389    0.067777 -0.00818147  1.48725 0.163815 -9.69421  12326
               120.4 -26.5101 -9.62441 -57.1414 -0.217326  0.248806  0.639352 0 0 0   -0.011 -0.02329  0.04412  0.151128 -0.150746 -0.159001 -1.14347e-05  -0.00218326  -0.00655545  -0.0547424   0.0769605 -0.00915746  1.48125   0.1725 -9.69498  12496
               120.5 -25.8889 -5.40315 -63.1683 -0.218891  0.242625  0.620614 0 0 0   -0.011 -0.02329  0.04412  0.209497 -0.107843 -0.226523 0.000705813 -0.00250525 -0.00610976  -0.0561246   0.0884432 -0.00939191  1.47955 0.183694 -9.69503  12157
               120.6 -25.7131 -3.89684 -66.7406 -0.205944  0.231657  0.614398 0 0 0   -0.011 -0.02329  0.04412   0.181169 -0.0880061  -0.249594 0.000864287 -0.00232247 -0.00549978   -0.06207  0.0978574 -0.0107242  1.47386 0.192776 -9.69572  11885
               120.7 -24.8527 -3.32796 -70.3569 -0.188405  0.214298  0.584769 0 0 0   -0.011 -0.02329  0.04412   0.103018 -0.0963617  -0.293929 0.000112828 -0.00302056 -0.00523849 -0.0650464  0.0952269 -0.0111177  1.47092 0.190144 -9.69622  11386
               120.8 -24.3777 -3.02727 -71.5474 -0.182536  0.210011  0.559433 0 0 0   -0.011 -0.02329  0.04412  0.0348363 -0.0874851  -0.350921 -0.000776458  -0.00282221  -0.00528668 -0.0628055  0.0981984 -0.0109738   1.4732 0.193103 -9.69582  10793
               120.9 -24.5648 -3.42757 -72.0029 -0.179361   0.20429   0.55871 0 0 0   -0.011 -0.02329  0.04412  0.0251722 -0.0911108  -0.356381 -0.000728792  -0.00251346  -0.00507248 -0.0655142   0.098719 -0.0115894  1.47068 0.193533 -9.69619  9661
                 121 -24.6323  -3.1379 -77.5538 -0.182448  0.209873  0.490647 0 0 0   -0.011 -0.02329  0.04412 -0.0495488 0.00752797  -0.324854 -0.00139782 -0.00255966  -0.0051951 -0.0537401   0.108091 -0.0101078   1.4823 0.202816 -9.69423  8868
               121.1 -23.7639 -3.01973 -80.0831 -0.188454  0.214989    0.4709 0 0 0   -0.011 -0.02329  0.04412  -0.105322 -0.0227062  -0.192682  -0.0014525  -0.0029384 -0.00553599    -0.04827    0.112405 -0.00952211  1.48774 0.207052 -9.69331  8296
               121.2 -23.7289 -3.44157 -81.2122 -0.193341  0.219908  0.468709 0 0 0   -0.011 -0.02329  0.04412  -0.127316 -0.0134192  -0.165838 -0.00128545 -0.00283166 -0.00498745 -0.0460137   0.116754  -0.009171  1.48995 0.211315 -9.69288  7569
             121.299  -19.0356 -0.954075  -87.6398 -0.208205  0.198542  0.459699 0 0 0   -0.011 -0.02329  0.04412  -0.17705 -0.225956  0.125136 -0.00103833 -0.00332316 -0.00496849   -0.034908    0.113472 -0.00754369  1.50079 0.208214 -9.69127  7358
             121.399 -18.0229   0.6983 -90.5913 -0.213366  0.187914  0.444593 0 0 0   -0.011 -0.02329  0.04412 -0.132416 -0.106657  0.111728 -9.56487e-05   -0.0022306  -0.00425259  -0.0285512    0.103135 -0.00583934  1.50664  0.19838 -9.69057  7058
               121.5 -15.5089  2.68034 -93.0568 -0.201007  0.186651  0.433287 0 0 0   -0.011 -0.02329  0.04412 -0.0575941  0.0180702   0.137771 -0.000890301   -0.0025167  -0.00471201  -0.0162595   0.0863902 -0.00364167  1.51841 0.182239 -9.68905  7394
               121.6 -14.5114  3.05104 -94.5711 -0.188637  0.205106  0.427204 0 0 0   -0.011 -0.02329  0.04412 -0.00201443    0.140841    0.124344 -0.00105192 -0.00285605 -0.00434662 -0.000599168    0.0786315 -0.000784767  1.53351 0.174888 -9.68681  7468
               121.7 -14.8813  3.06703 -94.1018 -0.188405  0.235721  0.424938 0 0 0   -0.011 -0.02329  0.04412 -0.0081997   0.217824   0.120549 -0.00129344 -0.00349962 -0.00403363 0.00934734  0.0819312 0.00158829  1.54299 0.178352 -9.68524  7595
             121.799 -15.0601   2.9791 -93.4963 -0.186238  0.251053  0.426645 0 0 0   -0.011 -0.02329  0.04412 -0.0662348   0.215206   0.157604 -0.00137302 -0.00388362 -0.00321846 0.00834398  0.0724492 0.00176459  1.54189 0.169178 -9.68558  7299
               121.9 -15.8748   3.2549  -91.548  -0.1845 0.261045 0.430074 0 0 0   -0.011 -0.02329  0.04412 -0.0755212   0.165744   0.228334 -0.00111875 -0.00319671 -0.00363271 0.00677693  0.0566072 0.00185321  1.54023 0.153792  -9.6861  7160
                 122 -15.5365   4.0743 -91.3545 -0.179721  0.260562  0.458279 0 0 0   -0.011 -0.02329  0.04412 -0.113791   0.13663   0.34366 -0.00139588 -0.00255351 -0.00387857  0.00347844   0.0368197 0.000563243  1.53712 0.134292 -9.68688  6986
               122.1  -15.602  5.45791 -91.7465 -0.186219  0.266415  0.483134 0 0 0   -0.011 -0.02329  0.04412 -0.130176  0.142114   0.39312 -0.00100864  -0.0029309 -0.00384352   0.0018152   0.0280933 0.000500853  1.53546 0.125812 -9.68726  7350
               122.2 -15.3127  5.07782 -91.3467 -0.187298  0.279767  0.528032 0 0 0   -0.011 -0.02329  0.04412 -0.120764  0.157474  0.413999 -0.00102179 -0.00303198 -0.00402189  0.00741991   0.0208341 0.000807922  1.54104 0.118608 -9.68647  7785
             122.299 -14.9882  5.19277  -91.154 -0.184344  0.281229  0.559434 0 0 0   -0.011 -0.02329  0.04412 -0.117175  0.134897  0.411955 -0.00102698  -0.0035002 -0.00378298  0.00784113  0.00943349 0.000401672  1.54154 0.107368 -9.68652  8574
               122.4  -13.925  5.23232 -90.2885 -0.180947  0.284729  0.605587 0 0 0   -0.011 -0.02329  0.04412 -0.0769062  0.0858212   0.421353 -0.000525292  -0.00353318   -0.0033925    0.010462  -0.0031013 0.000295048   1.54422 0.0950188  -9.68622  9340
               122.5 -12.0239  4.81534 -89.3215 -0.183592  0.292649  0.637227 0 0 0   -0.011 -0.02329  0.04412 -0.053005 0.0814709  0.382717 0.000103638 -0.00329803 -0.00335684   0.0123278 -0.00664126 0.000933772   1.54602 0.0916429  -9.68596  10061
               122.6 -9.17397  4.69791 -88.3539 -0.172824  0.298595   0.68102 0 0 0   -0.011 -0.02329  0.04412 0.00557058  0.0574894   0.310523 0.000216561 -0.00325604 -0.00352012  0.0188421 -0.0116609 0.00107713   1.55252 0.0865878  -9.68497  10612
               122.7 -7.06274  4.69076  -88.083 -0.167866  0.295569  0.712736 0 0 0   -0.011 -0.02329  0.04412 0.00781041  0.0386149   0.263252 0.000110435 -0.00302537 -0.00327244    0.0182072   -0.0142487 -4.91453e-05   1.55201 0.0838433  -9.68508  10751
               122.8   -4.217   5.0861 -87.0304 -0.166453  0.287934   0.73975 0 0 0   -0.011 -0.02329  0.04412 0.0209963 0.0083455  0.203797 -0.000243399  -0.00301611  -0.00345318   0.0136339  -0.0172551 -0.00164464   1.54764 0.0806961   -9.6858  11015
               122.9 -1.99173  5.07054 -86.2673 -0.165848  0.292465  0.760561 0 0 0   -0.011 -0.02329  0.04412    0.0383439 -7.12003e-05     0.120378 -0.000214236  -0.00314007  -0.00358146   0.0148741  -0.0133983 -0.00161899   1.54883 0.0844476  -9.68558  11010
                 123   1.4725  3.48512 -85.7212 -0.157726  0.297053  0.763857 0 0 0   -0.011 -0.02329  0.04412 0.00305059 -0.0117768 -0.0311841 -0.000615524  -0.00275915   -0.0034574    0.0210247   -0.0129968 -0.000464854   1.55483 0.0849265  -9.68461  11254
               123.1  1.64038  3.85888 -85.2871 -0.159472  0.294492   0.76134 0 0 0   -0.011 -0.02329  0.04412 -0.0132042 -0.0330089 -0.0502174 -0.000512004  -0.00320057  -0.00359064    0.0203545   -0.0122067 -0.000673391   1.55417 0.0856787  -9.68471  10696
               123.2 1.74142 3.98724 -85.302 -0.159388  0.290705   0.75116 0 0 0   -0.011 -0.02329  0.04412 0.00642628 -0.0676039 -0.0615989 -0.000825539   -0.0033943  -0.00366522    0.0210807   -0.0124315 -0.000268329   1.55488 0.0855018   -9.6846  10445
               123.3  1.18366   3.5278 -85.7906 -0.154217  0.284078   0.73999 0 0 0   -0.011 -0.02329  0.04412  0.0260936  -0.086621 -0.0776482 -0.00104958 -0.00292691 -0.00369641   0.0223419  -0.0143817 0.000175254  1.55615  0.08363 -9.68441  10089
               123.4 0.158122  4.27479  -86.103 -0.151885  0.280399  0.719504 0 0 0   -0.011 -0.02329  0.04412  0.0329091 -0.0465387 -0.0716779 -0.000930987  -0.00298248   -0.0037137  0.0235852 -0.0124182 0.00115163   1.55733 0.0856478  -9.68421  9951
               123.5 -0.00156285     4.12898    -85.9141 -0.155181  0.275694  0.713679 0 0 0   -0.011 -0.02329  0.04412   0.0117113 -0.00299242  -0.0160879 -0.00071411 -0.00291844 -0.00353701   0.0198789  -0.0107078 0.000712272   1.55367 0.0872912  -9.68478  9790
               123.6 0.0130522   4.46778  -85.2389 -0.155845  0.279512  0.710932 0 0 0   -0.011 -0.02329  0.04412 0.00498127  0.0313388 0.00935184 -0.000494693  -0.00314971   -0.0034094   0.0205041 -0.00931698  0.00101661   1.55425 0.0886819  -9.68467  9804
               123.7 0.0520293    4.1718  -84.0943 -0.148948  0.278678  0.709184 0 0 0   -0.011 -0.02329  0.04412 0.00741739  0.0449452  0.0271668 -0.000512962  -0.00315965  -0.00317395  0.0206528 -0.0128305 0.00112353   1.55449 0.0852326  -9.68467  10034
             123.799 -0.000533085      4.09754     -83.2401 -0.142694  0.282531  0.710746 0 0 0   -0.011 -0.02329  0.04412 0.0272574 0.0480403 0.0440245 -0.000545646  -0.00325594  -0.00315987   0.023403 -0.0143761 0.00151077   1.55721 0.0837511  -9.68424  10067
               123.9 -0.776879   5.00016  -82.0085 -0.128499  0.285082  0.729322 0 0 0   -0.011 -0.02329  0.04412   0.0626083 0.000138496   0.0960565  -0.0010707 -0.00303592 -0.00261533  0.0257058 -0.0168777 0.00128595    1.5595 0.0813043  -9.68389  10480
                 124 -1.06982  4.87212 -80.9651 -0.130732  0.290406  0.742891 0 0 0   -0.011 -0.02329  0.04412  0.0560024 0.00796372    0.12439 -0.000965509  -0.00282317  -0.00318768    0.027251  -0.0148286 0.000906167   1.56092 0.0833201  -9.68365  10747
               124.1 -2.39006  4.89871 -80.0899 -0.122728  0.291752  0.751897 0 0 0   -0.011 -0.02329  0.04412 0.0580698 0.0170191  0.162104 -0.000843628  -0.00258013  -0.00378094  0.0282969 -0.0158676 0.00126388   1.56199 0.0823267  -9.68349  11059
             124.199  -3.7787  5.14296 -80.5922 -0.116509  0.301469  0.792729 0 0 0   -0.011 -0.02329  0.04412 0.00519351   0.050939   0.283318 -0.00058018 -0.00325364 -0.00408201  0.0306298 -0.0162629 0.00155581   1.56428 0.0819869  -9.68312  11902
               124.3 -5.03349  3.99301 -82.3981 -0.118211  0.309765  0.836923 0 0 0   -0.011 -0.02329  0.04412 0.00166721  0.0570721    0.29462 -0.000952249   -0.0025839   -0.0039244   0.0309822  -0.0145245 0.000873969   1.56452 0.0836652  -9.68307  12363
               124.4 -3.63869  3.15823 -81.8589 -0.125584  0.313738  0.878251 0 0 0   -0.011 -0.02329  0.04412 -0.0495882  0.0713806   0.353351 -0.00199785 -0.00212434 -0.00449475    0.0315348   -0.0127273 -0.000875094    1.5649 0.0853481  -9.68299  13114
               124.5 -5.29613  3.97574 -82.7105 -0.115597  0.313752  0.901285 0 0 0   -0.011 -0.02329  0.04412 -0.0905989  0.0940582   0.369564 -0.000992238  -0.00334571   -0.0045813    0.0336999   -0.0182921 -0.000373152   1.56722 0.0799535  -9.68266  13611
               124.6 -5.36768  2.86905  -83.816 -0.11158 0.313886 0.927706 0 0 0   -0.011 -0.02329  0.04412 -0.0838612  0.0874388   0.382662 0.000309887 -0.00415609 -0.00436583   0.0341113  -0.0235156 0.000220005   1.56783 0.0748765   -9.6826  14167
               124.7  -1.92963 -0.491432  -85.1404 -0.0946626   0.315433   0.983529 0 0 0   -0.011 -0.02329  0.04412     0.12792 -0.00626332    0.292222 0.000227955 -0.00311672 -0.00448093  0.0351533 -0.0285719 0.00099822   1.56904 0.0699941  -9.68244  14114
               124.8  -1.41091 -0.902158  -85.1575 -0.0802489    0.31787   0.990094 0 0 0   -0.011 -0.02329  0.04412   0.159918 0.00272866   0.293504 -0.000106491  -0.00279265  -0.00457135  0.0388339 -0.0311228 0.00121452   1.57271 0.0675712  -9.68186  14532
               124.9  -0.54754 -0.282835  -86.7853 -0.0517054   0.296411    1.01185 0 0 0   -0.011 -0.02329  0.04412   0.198959 -0.0505294   0.214861 -0.00067988 -0.00166418 -0.00404084   0.0356363  -0.0367214 0.000760889    1.5698 0.0620051  -9.68237  14572
                 125 -0.35441    1.254 -87.5424 -0.0434628   0.287666    1.02903 0 0 0   -0.011 -0.02329  0.04412   0.158777 -0.0231757   0.133575 -0.00100263 9.26043e-06 -0.00360452   0.0314686  -0.0354932 0.000209748    1.5657 0.0631098  -9.68303  14752
               125.1 -1.50015  8.11195 -87.8596 -0.0260143   0.305932    1.04589 0 0 0   -0.011 -0.02329  0.04412 0.0177689  0.100819  0.198299 -0.00127419 -0.00113796 -0.00343354   0.0319067  -0.0329095 0.000794271  1.56604 0.065681 -9.68296  14893
               125.2 -1.43272   11.315 -86.3519 -0.0191901   0.328939    1.07079 0 0 0   -0.011 -0.02329  0.04412 0.0452791  0.149496  0.283481 -0.000191751  -0.00298583  -0.00432943  0.0362436 -0.0317269 0.00159123   1.57023 0.0669319  -9.68227  14994
               125.3 -2.17944  12.0201 -86.7749 -0.0342346    0.34696    1.09055 0 0 0   -0.011 -0.02329  0.04412 0.0262897  0.181875  0.295107 -7.77292e-05  -0.00292194  -0.00301532  0.0326099 -0.0261276  0.0015238   1.56653 0.0723804  -9.68283  15316
               125.4 -1.63591  9.59602 -84.8098 -0.0133057   0.369252     1.1048 0 0 0   -0.011 -0.02329  0.04412 0.102229  0.35683 0.197897 -0.00084305 -0.00214822 -0.00300323  0.0346203 -0.0305127 0.00247961   1.56863 0.0681735  -9.68252  15186
               125.5 -1.85922  7.15539 -84.2294 0.00454178   0.393514     1.1327 0 0 0   -0.011 -0.02329  0.04412 0.0351542  0.343676  0.185091 -0.00225552 -0.00429848 -0.00292035  0.0316622 -0.0357934 0.00117601   1.56588 0.0628964    -9.683  15249
               125.6 -3.26311   5.6107 -81.5334 0.00826375   0.403135    1.16353 0 0 0   -0.011 -0.02329  0.04412 -0.0534277   0.207451   0.193468 -0.00163832 -0.00652725   -0.004906    0.0294235   -0.0402887 -0.000265844   1.56378 0.0583676  -9.68337  15288
               125.7 -5.36205  2.66606 -82.2265 0.00332828   0.401819    1.18088 0 0 0   -0.011 -0.02329  0.04412 -0.0797235 -0.0564619   0.186572 -0.000423019  -0.00533246  -0.00255477    0.0275201   -0.0419567 -0.000415462   1.56199 0.0567167  -9.68367  15006
               125.8  -5.89992 -0.596074  -80.0183 -0.00114228    0.370876     1.19955 0 0 0   -0.011 -0.02329  0.04412 -0.0538677  -0.170876   0.102708 -0.000201343  -0.00288107  -0.00262147   0.0236924  -0.0463986 -0.00140622   1.55839 0.0522631  -9.68427  14402
               125.9   -6.08682 -0.0720298   -78.9881 -1.04598e-05     0.357074        1.211 0 0 0   -0.011 -0.02329  0.04412 -0.0288907  -0.208824  0.0764163 -0.000633391   -0.0027011  -0.00321528   0.0228167  -0.0483157 -0.00218784   1.55758 0.0503091  -9.68442  14560
                 126 -9.40493  4.76373 -78.8392 -0.0101703    0.32355    1.20902 0 0 0   -0.011 -0.02329  0.04412  -0.020832  -0.298635 -0.0730761 -0.00089631 -0.00184733 -0.00381826   0.0223269  -0.0463632 -0.00199541   1.55704 0.0522232  -9.68449  14206
               126.1 -10.6115  5.13314 -78.5512 -0.0105008   0.339375    1.21357 0 0 0   -0.011 -0.02329  0.04412  -0.028328  -0.249573 -0.0737121 -0.000410536  -0.00123087  -0.00401404   0.0271041  -0.0429344 -0.00155485   1.56154 0.0556705  -9.68375  14657
               126.2 -13.4227  14.5283 -80.5538 -0.00469251    0.334135     1.20313 0 0 0   -0.011 -0.02329  0.04412 -0.0614269   -0.08117 -0.0979665 0.000202709 -0.00102352  -0.0038651    0.0362314   -0.0412458 -0.000628785   1.57033 0.0575837  -9.68232  14825
               126.3 -13.1053  17.8777 -80.6635 -0.00519957     0.34171     1.20847 0 0 0   -0.011 -0.02329  0.04412 -0.0885761  0.0458073 -0.0633752 9.60913e-05 -0.00107147 -0.00395583    0.0398532   -0.0407244 -0.000925318   1.57382 0.0581217  -9.68175  15279
               126.4 -11.5237  17.7768 -80.9484 -0.0191381   0.352428    1.21709 0 0 0   -0.011 -0.02329  0.04412  -0.155417   0.221374 -0.0461898 -4.97404e-05  -0.00200281  -0.00427978  0.0393842 -0.0419633 -0.0020554   1.57343 0.0567301  -9.68182  15138
               126.5 -10.9662  18.4178 -81.3961 -0.0114667    0.35594    1.22435 0 0 0   -0.011 -0.02329  0.04412  -0.102774   0.201336 -0.0536155 -0.000408448  -0.00318885  -0.00432524   0.0406514  -0.0453034 -0.00268572   1.57482 0.0534184  -9.68161  15125
               126.6 -11.4539  17.5729  -81.462 -0.0172854   0.363266    1.23192 0 0 0   -0.011 -0.02329  0.04412   -0.06861  0.0760067 -0.0168123 -0.000421966  -0.00336775  -0.00454808    0.039415  -0.0477545 -0.00415919   1.57376 0.0507052   -9.6818  15089
               126.7 -11.4548  15.7992 -81.7877 -0.0137035   0.366397    1.23665 0 0 0   -0.011 -0.02329  0.04412 -0.0901904   0.101143  0.0657185 0.000265419 -0.00326963 -0.00452353    0.040556  -0.0500789 -0.00439762   1.57498 0.0484223  -9.68161  15136
               126.8 -11.0277  15.4028 -81.5751 -0.0124018   0.372079    1.24212 0 0 0   -0.011 -0.02329  0.04412 -0.0810881   0.125177  0.0753584 7.40557e-05 -0.00364379  -0.0042793   0.0416721  -0.0505518 -0.00443846   1.57609 0.0479655  -9.68143  15189
             126.899  -10.425  14.2239 -80.7806 -0.00937277    0.376963     1.24307 0 0 0   -0.011 -0.02329  0.04412 -0.0569566  0.0883312  0.0951896 -0.000221042  -0.00372504  -0.00392009   0.0420982  -0.0523798 -0.00420063   1.57659 0.0463004  -9.68136  15185
                 127 -8.69532  12.3148 -77.3528 0.00370597    0.37253    1.26212 0 0 0   -0.011 -0.02329  0.04412 0.0300142 0.0629874 0.0982708 -0.000173507  -0.00279615  -0.00372158   0.0410666  -0.0566631 -0.00476339   1.57582 0.0420691   -9.6815  15192
               127.1 -8.07517  12.3828 -75.6763 0.0120741  0.374213   1.27735 0 0 0   -0.011 -0.02329  0.04412 0.0544896  0.108653 0.0840765 -7.03865e-05  -0.00285772  -0.00312463   0.0411662  -0.0578125 -0.00536323   1.57597 0.0407847  -9.68148  14875
               127.2 -7.44469  12.8236 -73.2138 0.0141538  0.386255   1.28027 0 0 0   -0.011 -0.02329  0.04412 0.0619901 0.0858134 0.0398378 -0.000943968  -0.00294823  -0.00324451   0.0403373  -0.0571679 -0.00513399   1.57514 0.0414679  -9.68162  14980
               127.3 -7.70259  13.3441 -70.7939 0.0152475  0.399278   1.28054 0 0 0   -0.011 -0.02329  0.04412  0.045885 0.0865519 0.0470231 -0.000339306  -0.00292387  -0.00308857   0.0406404  -0.0560881 -0.00480773   1.57537 0.0425962  -9.68157  14773
               127.4 -9.22803  12.9446 -71.4042 0.00451275   0.407737    1.27734 0 0 0   -0.011 -0.02329  0.04412 0.0140085 0.0914068 0.0561926 0.000764219 -0.00267363 -0.00206396   0.0399318  -0.0538091 -0.00445467   1.57455 0.0448579   -9.6817  14814
               127.5 -3.64461   12.988 -64.5853 -0.00599195    0.429698     1.29376 0 0 0   -0.011 -0.02329  0.04412 -0.0327895   0.131972   0.120726  0.00147908 -0.00413399 -0.00179145  0.0391951 -0.0525326 -0.0044682   1.57374 0.0460433  -9.68182  14663
               127.6  2.78589  9.72068 -60.3188 -0.00585858    0.441374     1.30212 0 0 0   -0.011 -0.02329  0.04412 0.0544072 0.0359375 0.0992616 -0.000178627  -0.00349937  -0.00271993   0.0388742  -0.0527327 -0.00418184   1.57346 0.0459307  -9.68187  14749
               127.7  4.22429  8.79703 -58.3051 0.00129214    0.44819    1.31165 0 0 0   -0.011 -0.02329  0.04412  0.0975375 -0.0286702   0.119039 -8.58023e-05  -0.00301751  -0.00362066   0.0401384  -0.0523919 -0.00399313   1.57465 0.0463703  -9.68167  14534
               127.8 4.90332 8.27547 -58.077 -0.0151349   0.453981    1.31433 0 0 0   -0.011 -0.02329  0.04412  0.0759334 -0.0199855   0.101624 -0.000137715  -0.00243698  -0.00371265  0.0389428 -0.0489943 -0.0036879   1.57317 0.0495871   -9.6819  14547
               127.9 4.89414 11.0005 -59.256 -0.0137822   0.457538     1.3118 0 0 0   -0.011 -0.02329  0.04412    0.147792 -0.00568729  -0.0105748 -0.000463841   -0.0025646   -0.0043194   0.0369179  -0.0462042 -0.00288824   1.57094 0.0522368  -9.68225  14897
                 128  4.54401  10.9852 -59.9844 -0.0160742    0.45203    1.30947 0 0 0   -0.011 -0.02329  0.04412   0.145721 -0.0381807 -0.0429076 -0.000288086  -0.00223246   -0.0041325    0.035235  -0.0453002 -0.00301612  1.56922 0.052885 -9.68252  14849
               128.1  3.92961   14.352 -60.2127 -0.0132142   0.454383     1.2992 0 0 0   -0.011 -0.02329  0.04412 0.00828048  0.0432848  0.0444687 -0.000790521  -0.00216617   -0.0040389   0.0338453  -0.0414504 -0.00235294   1.56738 0.0564428   -9.6828  14908
               128.2  3.17235  14.5579 -60.3758 -0.0225915   0.456632    1.29878 0 0 0   -0.011 -0.02329  0.04412 -0.0675457  0.0744623  0.0730392 -0.00015988 -0.00233893 -0.00387595    0.032736  -0.0401542 -0.00224312   1.56614 0.0575266  -9.68299  14962
               128.3  3.58814   14.279 -60.0121 -0.0353854   0.463487    1.30807 0 0 0   -0.011 -0.02329  0.04412 -0.0810712  0.0955921  0.0917545 0.000351827 -0.00308708 -0.00405173   0.0314409  -0.0406995 -0.00225636   1.56505 0.0568349  -9.68317  14932
               128.4  4.05318  13.9399 -60.8021 -0.0329845   0.455454    1.32396 0 0 0   -0.011 -0.02329  0.04412 -0.0230076  0.0307431   0.065298 -4.50751e-05  -0.00268685  -0.00421908   0.0299582   -0.042965 -0.00316827   1.56397 0.0543281  -9.68336  14727
               128.5  4.26646  13.6701 -60.9029 -0.0276238   0.452069    1.32092 0 0 0   -0.011 -0.02329  0.04412 -0.0164833  0.0199216  0.0531123 -0.000244454  -0.00237139  -0.00430694   0.0295617  -0.0439919 -0.00302649   1.56382 0.0533493  -9.68339  14665
             128.599  4.05356  14.6783 -61.4231 -0.0324353   0.453392    1.32929 0 0 0   -0.011 -0.02329  0.04412 -0.0506698    0.02462  0.0368772 -0.000225527  -0.00211897  -0.00439991   0.0295393  -0.0438831 -0.00329235   1.56373 0.0533898  -9.68341  14578
             128.699  3.87907    15.82 -61.9722 -0.0421008   0.451347    1.32663 0 0 0   -0.011 -0.02329  0.04412 -0.105131 0.0407326 0.0176296 -0.00011412 -0.00196459 -0.00388962   0.0280359  -0.0437901 -0.00317744   1.56239 0.0532915  -9.68362  14706
               128.8  3.99326  16.7102 -61.8717 -0.046089  0.453526   1.32204 0 0 0   -0.011 -0.02329  0.04412  -0.123087  0.0790691 0.00512013  0.00030566 -0.00217887 -0.00333079   0.0277224  -0.0454255 -0.00291695   1.56247 0.0517914  -9.68362  14346
                 129  5.02257  16.5736 -61.7286 -0.0528786   0.464118    1.31676 0 0 0   -0.011 -0.02329  0.04412 -0.0825508  0.0247462  -0.123577 -2.82878e-06  -0.00207957  -0.00422089  0.0289349 -0.0502214 -0.0034795   1.56428 0.0473625  -9.68335  14420
               129.1  4.31863  17.3794 -62.4304 -0.0750464     0.4765     1.3052 0 0 0   -0.011 -0.02329  0.04412 -0.129286  0.074879 -0.129513 -5.41388e-05  -0.00150478  -0.00477235   0.0289954  -0.0478976 -0.00328469   1.56397 0.0495726  -9.68339  14374
               129.2  4.62972  17.9051 -62.7669 -0.0816757   0.480803    1.31132 0 0 0   -0.011 -0.02329  0.04412 -0.151519  0.094088  -0.11166 -0.000369292  -0.00175255  -0.00463356   0.0296178  -0.0473875 -0.00360743  1.56435 0.050039 -9.68333  14710
               129.3 2.50171 18.0034 -64.943 -0.113465  0.500218   1.30085 0 0 0   -0.011 -0.02329  0.04412  -0.172993   0.140259 -0.0432425 -0.000273934  -0.00334098  -0.00445921  0.0293073 -0.0477461 -0.0039865   1.56404 0.0495728  -9.68338  14990
               129.4  2.81081  18.0376 -62.5538 -0.12035 0.508667  1.31312 0 0 0   -0.011 -0.02329  0.04412  -0.046318   0.155023 -0.0593252 -0.000876164  -0.00305689  -0.00425439   0.0301405  -0.0499145 -0.00518009   1.56484 0.0473288  -9.68326  14855
               129.5  1.16356  17.6867 -64.3478 -0.114695  0.509619   1.30138 0 0 0   -0.011 -0.02329  0.04412  -0.057468  0.0969614 -0.0894549 -0.00109305 -0.00213137 -0.00250201   0.0291529  -0.0514753 -0.00509078   1.56425 0.0458119  -9.68336  14870
               129.6 0.503149  17.9099 -62.1966 -0.132617  0.508848    1.3031 0 0 0   -0.011 -0.02329  0.04412 -0.197356 0.0416102 0.0500648 -0.000796558  -0.00205234  -0.00406696   0.0282222  -0.0519308 -0.00562243  1.56337 0.045149 -9.68351  15101
               129.7 -0.530935   18.5975  -62.8374 -0.145365  0.512662   1.30766 0 0 0   -0.011 -0.02329  0.04412   -0.1828 0.0516994  0.128382 -0.000918246  -0.00248754  -0.00486697   0.0283135  -0.0527865 -0.00535887   1.56366 0.0444509  -9.68346  15160
               129.8 -1.15758  18.6642 -63.2856 -0.152922   0.50465   1.31958 0 0 0   -0.011 -0.02329  0.04412 -0.150795 0.0477097  0.109711 -0.000245309  -0.00224507  -0.00587255   0.0270075  -0.0549741 -0.00586511   1.56274 0.0421654  -9.68362  15048
               129.9  -2.6025  18.4127 -65.7148 -0.155817   0.50612   1.32613 0 0 0   -0.011 -0.02329  0.04412 -0.0846699  0.0649074   0.111077  0.00113383 -0.00271174 -0.00558901   0.0270145  -0.0565279 -0.00573117   1.56304 0.0407861  -9.68358  14976
                 130 -2.44459  19.9774 -69.4514 -0.154349  0.512716   1.34286 0 0 0   -0.011 -0.02329  0.04412 0.0276778 0.0792932  0.130783 0.000601973 -0.00298608 -0.00499359   0.0274808  -0.0571315 -0.00600753   1.5635 0.040187 -9.68351  14754
               130.1 -1.92379    19.62 -71.0749 -0.142384  0.505366   1.35272 0 0 0   -0.011 -0.02329  0.04412 0.0669265  0.049669  0.093401 -0.000229497  -0.00206244  -0.00561037   0.0257349  -0.0590038 -0.00640265  1.56215 0.038197 -9.68373  14642
               130.2 -2.05249  20.5437 -72.3584 -0.131338  0.511031   1.36653 0 0 0   -0.011 -0.02329  0.04412 0.0446234 0.0895654  0.101405 -0.000138119  -0.00199552  -0.00470896   0.0262792  -0.0596399 -0.00665865    1.5627 0.0375702  -9.68365  14385
               130.3 -3.62397  21.8348 -75.8042 -0.124087  0.523083   1.37452 0 0 0   -0.011 -0.02329  0.04412 0.00406923  0.0201538  0.0382216 0.000289409 -0.00241482 -0.00392516   0.0275979  -0.0600458 -0.00643353     1.564 0.0373655  -9.68344  14466
               130.4 -7.71111  23.9945 -80.9974 -0.123237  0.513857    1.3657 0 0 0   -0.011 -0.02329  0.04412 0.00866951 -0.0695033 -0.0332773 -5.02351e-05  -0.00170025  -0.00494539   0.0257613   -0.060826 -0.00622785   1.56247 0.0366284  -9.68369  14360
               130.5  -7.6466  25.8025 -83.0094 -0.106613  0.514629   1.34519 0 0 0   -0.011 -0.02329  0.04412 -0.0248689 -0.0282107 -0.0769825  -0.00139987 -0.000733633  -0.00564081   0.0271828  -0.0630533 -0.00502519   1.56427 0.0350825   -9.6834  14515
               130.6  -10.196  27.2211 -85.4305 -0.0891823   0.522701    1.34467 0 0 0   -0.011 -0.02329  0.04412 -0.0103231  0.0330668 -0.0585305 -0.000492281 -0.000860039  -0.00418601   0.0306156  -0.0646945 -0.00472478   1.56766 0.0337893  -9.68286  14450
             130.699 -10.0542   29.029 -86.5247 -0.0794751   0.548953    1.34155 0 0 0   -0.011 -0.02329  0.04412 -0.0388038   0.221481  0.0169993 0.000137513 -0.00192668 -0.00328547   0.0337751  -0.0659899 -0.00428862   1.57077 0.0327668  -9.68236  14725
               130.8 -8.89734  27.7949 -85.9969 -0.0805476   0.564691    1.34441 0 0 0   -0.011 -0.02329  0.04412 -0.0289467   0.251733  0.0209754 -0.000128459  -0.00203244  -0.00415268   0.0346897  -0.0658109 -0.00417217   1.57161 0.0329712  -9.68222  14479
               130.9 -10.7061  23.7825 -89.2056 -0.0964259   0.595353    1.34214 0 0 0   -0.011 -0.02329  0.04412  -0.119472   0.196614 -0.0954735 -0.00098648 -0.00229474 -0.00464476   0.0336968  -0.0657494 -0.00452502   1.57063 0.0329247  -9.68238  14547
                 131 -10.7097  23.3623 -89.2853 -0.0901852   0.589636    1.34185 0 0 0   -0.011 -0.02329  0.04412 -0.100786  0.174745 -0.107429 -0.00122456 -0.00218185 -0.00496439   0.0334674  -0.0674285 -0.00485051  1.57049 0.031267 -9.68241  14438
               131.1 -16.9626   26.312 -94.5063 -0.104424  0.579128   1.32995 0 0 0   -0.011 -0.02329  0.04412   -0.13235 0.00711919 -0.0764291  0.00010767 -0.00161892 -0.00428618   0.0305622  -0.0700694 -0.00643311   1.56771 0.0283699  -9.68287  14580
               131.2 -18.1639  28.8185 -96.4145 -0.120265  0.586465   1.33037 0 0 0   -0.011 -0.02329  0.04412  -0.124042  0.0928076 -0.0209224 2.35682e-05 -0.00131333  -0.0039877   0.0313728  -0.0696876 -0.00664052    1.5684 0.0285794  -9.68276  14832
               131.3 -18.1555   28.364 -97.7087 -0.12105 0.583722    1.338 0 0 0   -0.011 -0.02329  0.04412 -0.119332  0.130769 0.0229606 -0.000347589 -0.000870456  -0.00402284   0.0315216  -0.0712458 -0.00727891   1.56849 0.0268862  -9.68275  14805
               131.4 -18.0829  27.8467 -99.3258 -0.117096  0.597466   1.33348 0 0 0   -0.011 -0.02329  0.04412  -0.0779646    0.181882 -0.00678815 -0.000618169  -0.00164698  -0.00422191   0.0327011  -0.0728102 -0.00691452   1.56968 0.0255167  -9.68256  14793
               131.5 -18.8634  26.4505 -100.816 -0.114849   0.60746   1.32489 0 0 0   -0.011 -0.02329  0.04412 -0.0421796    0.21387 -0.0505706 -0.000723198  -0.00188281  -0.00497149   0.0321027  -0.0745177 -0.00688953   1.56916 0.0240342  -9.68265  14669
               131.6 -23.3452  23.8387 -105.444 -0.12535 0.633455  1.30375 0 0 0   -0.011 -0.02329  0.04412 -0.093271  0.210772 -0.159081 -0.00162047 -0.00192957 -0.00591358   0.0297282  -0.0756666 -0.00709281   1.56694 0.0231657  -9.68301  14593
               131.7 -26.5716  21.6033 -108.857 -0.139131  0.635786   1.28894 0 0 0   -0.011 -0.02329  0.04412 -0.182736  0.150879 -0.144008  -0.0020802 -0.00220042 -0.00604141   0.0274781  -0.0774906 -0.00779755   1.56475 0.0214715  -9.68337  14259
               131.8 -28.4908  20.3823 -110.696 -0.146362  0.629054    1.2897 0 0 0   -0.011 -0.02329  0.04412 -0.233811  0.134544  -0.13989 -0.00177782   -0.002187 -0.00542511   0.0261915  -0.0781696 -0.00846273   1.56347 0.0207161  -9.68357  14638
               131.9 -31.5281  17.2647 -113.467 -0.172548  0.638203   1.27853 0 0 0   -0.011 -0.02329  0.04412 -0.269889  0.107755 -0.137599 -0.00106461 -0.00113311 -0.00492283   0.0276801  -0.0796798 -0.00906657   1.56476 0.0188922  -9.68337  14212
                 132 -31.9147  16.4968  -114.53 -0.169816  0.636598   1.28454 0 0 0   -0.011 -0.02329  0.04412 -0.252602  0.116684 -0.121749  -0.00109865 -0.000798282  -0.00443545   0.0292132  -0.0801996 -0.00945272   1.56614 0.0180472  -9.68315  14565
               132.1 -34.6611  16.7431 -116.613 -0.222333  0.660246   1.26935 0 0 0   -0.011 -0.02329  0.04412 -0.350481   0.19298 -0.145729 -0.000953279 -0.000927358  -0.00445285  0.0286671 -0.0794999 -0.0098535  1.56563 0.018567 -9.68323  14443
               132.2 -35.0768  16.1649 -117.287 -0.225187  0.656096   1.25949 0 0 0   -0.011 -0.02329  0.04412 -0.357172  0.189775 -0.150731 -0.000975858 -0.000684243  -0.00390191  0.0280747 -0.0818809 -0.0100988  1.56494 0.016418 -9.68334  14429
               132.3 -35.6689  17.2466 -117.317 -0.257577  0.686893   1.23971 0 0 0   -0.011 -0.02329  0.04412 -0.351983  0.312064 -0.124331 -0.000174368 -0.000750315  -0.00352013   0.030739  -0.084665 -0.0104834   1.56728 0.0133463  -9.68297  14366
               132.4 -34.0428  18.3594 -115.561 -0.267278  0.711414   1.24745 0 0 0   -0.011 -0.02329  0.04412  -0.300877    0.34173 -0.0337542 0.000140521 -0.00105529 -0.00313157  0.0337761 -0.0859402 -0.0112009   1.57006 0.0113806  -9.68252  14552
               132.5 -30.2365  18.6864 -112.528 -0.260885  0.730093   1.25867 0 0 0   -0.011 -0.02329  0.04412  -0.240158   0.377354 -0.0262558 -0.00037273 -0.00123984 -0.00303039   0.036474 -0.0881756 -0.0118963    1.57244 0.00862206   -9.68214  14416
               132.6 -28.5709  18.3929 -110.274 -0.271397  0.759738   1.25233 0 0 0   -0.011 -0.02329  0.04412  -0.204052   0.368021 -0.0668837 -0.000350094  -0.00119492  -0.00244924  0.0367174 -0.0897323 -0.0120406    1.57254 0.00713734   -9.68212  14587
               132.7 -27.6608  19.1124 -108.913 -0.264936  0.733352   1.25401 0 0 0   -0.011 -0.02329  0.04412   -0.14431   0.252755 -0.0887384 -0.000203738 -0.000956609  -0.00289955  0.0330956 -0.0966185 -0.0140398     1.56853 0.000698166    -9.68278  14502
               132.8 -26.0835  18.5737 -110.115 -0.267906  0.736333   1.23341 0 0 0   -0.011 -0.02329  0.04412 -0.156383  0.297356 -0.131522  -0.00103773 -0.000681934  -0.00319213  0.0309095  -0.101378 -0.0146692     1.56606 -0.00344589    -9.68318  14520
               132.9 -25.9712  18.8309 -112.477 -0.264408  0.747706    1.2169 0 0 0   -0.011 -0.02329  0.04412 -0.149199  0.329468 -0.145987  -0.00109614 -0.000589714  -0.00323934  0.0305165  -0.104468 -0.0149307     1.56542 -0.00623599    -9.68328  14614
                 133 -27.4071  19.8043 -114.993 -0.226431  0.698582   1.22785 0 0 0   -0.011 -0.02329  0.04412 -0.0745997   0.183161  -0.158184 -0.000383792 -0.000578278   -0.0035217 0.0287672 -0.111131 -0.017208    1.56324 -0.0129535   -9.68362  14558
               133.1 -27.3418  21.0057  -116.51 -0.21525 0.704778  1.21549 0 0 0   -0.011 -0.02329  0.04412  -0.13057  0.168964 -0.158401 -0.000762523  8.47806e-05  -0.00370881  0.0300613  -0.112986 -0.0176788    1.56431 -0.0150217   -9.68345  14758
               133.2 -26.7712  23.6824 -116.883 -0.204777  0.680215    1.2308 0 0 0   -0.011 -0.02329  0.04412 -0.107243  0.155098 -0.137301 0.000242869 0.000108499 -0.00277949  0.0295007  -0.114934 -0.0195053    1.56366 -0.0175218   -9.68355  14648
               133.3 -26.1935   22.833 -116.959 -0.184059  0.652712   1.23972 0 0 0   -0.011 -0.02329  0.04412 -0.0411685   0.101198  -0.114609 0.000339892  0.00109091 -0.00197482  0.0292803  -0.117742 -0.0206378    1.56322 -0.0205035   -9.68361  14888
               133.4 -27.4439  28.7009  -117.66 -0.156168  0.648321    1.2177 0 0 0   -0.011 -0.02329  0.04412   0.236051    0.19421 -0.0484544  -0.00044111 -0.000478662  -0.00216834   0.023872  -0.122241 -0.0214419    1.55779 -0.0239814   -9.68448  14805
               133.5 -26.3099  28.8393 -115.347 -0.153953  0.651578   1.23151 0 0 0   -0.011 -0.02329  0.04412   0.211039   0.213093 -0.0144464 -0.000904916  0.000109429   -0.0023332  0.0233507  -0.121144 -0.0222009     1.5574 -0.0232723   -9.68455  14872
             133.601 -26.3946  30.9311 -112.752 -0.147395  0.640731   1.23716 0 0 0   -0.011 -0.02329  0.04412   0.119432   0.249885 -0.0339804 -0.000984244  0.000768308  -0.00213745  0.0166603   -0.12364 -0.0242992    1.55092 -0.0253185   -9.68558  14636
             133.699  -26.101  35.4642 -110.983 -0.134831  0.662766   1.24574 0 0 0   -0.011 -0.02329  0.04412 0.0865864  0.357276 0.0252663 -0.00113886  0.00044157 -0.00261995  0.0105785  -0.126346 -0.0264498    1.54498 -0.0276681   -9.68652  14731
               133.8 -26.2778   35.628   -111.2 -0.132059  0.641301    1.2544 0 0 0   -0.011 -0.02329  0.04412   0.08364  0.311257 0.0354709 -0.00116945 0.000443486 -0.00244462 0.00858542  -0.128118 -0.0276332    1.54294 -0.0294401   -9.68684  14522
               133.9  -26.553  38.9004 -109.969 -0.141052  0.664061   1.26851 0 0 0   -0.011 -0.02329  0.04412 0.0352875  0.386187 0.0718922 -0.00113456  0.00128428 -0.00360987 0.00107866  -0.129523 -0.0298526    1.53577 -0.0304618   -9.68798  14467
                 134 -27.3975  42.9359 -111.577 -0.149695  0.693727   1.28867 0 0 0   -0.011 -0.02329  0.04412 0.0383975  0.494336 0.0751125 -0.00116425 0.000950195 -0.00375734 -0.00291423     -0.1297  -0.0314398    1.53195 -0.0307208   -9.68858  14403
               134.1 -28.6479  45.1255 -112.134 -0.15373 0.686769  1.30492 0 0 0   -0.011 -0.02329  0.04412 0.0475975  0.476747 0.0642428 -0.00104311 0.000325683 -0.00326488 -0.00788108   -0.131848   -0.033677   1.52705 -0.032865  -9.68935  14153
               134.2   -29.13  46.9716 -110.382  -0.1459 0.723252  1.31134 0 0 0   -0.011 -0.02329  0.04412  0.0276063   0.424577 -0.0482683 -0.000560153 -0.000923923  -0.00312461 -0.0100781  -0.133678 -0.0347467    1.52484 -0.0346158   -9.68969  13683
               134.3  -25.513  47.4669 -107.229 -0.148456  0.748889   1.30653 0 0 0   -0.011 -0.02329  0.04412 -0.0316648   0.432499  -0.160325 -0.000728953 -0.000558986  -0.00371428 -0.0118933  -0.134605 -0.0358535    1.52299 -0.0356949   -9.68998  13356
               134.4 -24.215 46.8301 -105.93 -0.151315  0.746767   1.30917 0 0 0   -0.011 -0.02329  0.04412 -0.0338876   0.339071  -0.167179 -0.00027269 -0.00054668 -0.00352992 -0.0140263   -0.13601 -0.0378041   1.52066 -0.037612  -9.69034  13586
               134.5 -22.8443  48.1775 -104.932 -0.148944  0.747808   1.30361 0 0 0   -0.011 -0.02329  0.04412 -0.0385811   0.281442  -0.148881 -0.000531959 -0.000369489  -0.00369655 -0.0150077  -0.137708 -0.0392461    1.51945 -0.0397056   -9.69052  13710
               134.6 -21.8996  47.9293 -103.129 -0.152589  0.764011   1.29361 0 0 0   -0.011 -0.02329  0.04412  -0.103377   0.435425 -0.0986104 -0.000584152  0.000527584  -0.00387336 -0.0163001  -0.139065 -0.0401301     1.5181 -0.0411332   -9.69073  13883
               134.7 -19.8636  48.3262 -101.842 -0.157524  0.785432   1.28109 0 0 0   -0.011 -0.02329  0.04412 -0.155565  0.535843 -0.106674 -0.00092427 6.57709e-05 -0.00380459  -0.017938    -0.1413 -0.0409367    1.51652 -0.0431665   -9.69096  14039
               134.8 -17.5198  46.7773 -99.4962 -0.17076 0.802779  1.27894 0 0 0   -0.011 -0.02329  0.04412  -0.196649   0.518767 -0.0901705 -0.000629472 -0.000321449  -0.00347554 -0.0202296  -0.143933 -0.0428723    1.51407 -0.0461295   -9.69133  13977
               134.9 -15.4421  46.2079 -96.9662 -0.187506  0.817714   1.26254 0 0 0   -0.011 -0.02329  0.04412 -0.198264  0.432758 -0.183901 -0.000583792 -0.000948622  -0.00347674 -0.0234637  -0.146477 -0.0443339      1.511 -0.0485507    -9.6918  14253
                 135 -14.1887  45.3288 -95.5269 -0.193236  0.805411   1.25646 0 0 0   -0.011 -0.02329  0.04412 -0.197984  0.385089 -0.227063 -0.000596853 -0.000748585  -0.00363635 -0.0254358  -0.148321 -0.0456916    1.50898 -0.0505755    -9.6921  14204
               135.1 -11.9672  43.2848 -93.5974 -0.203099  0.805022   1.25244 0 0 0   -0.011 -0.02329  0.04412 -0.188934    0.3422 -0.113888 8.53985e-05 -0.00128665 -0.00366223 -0.0260282  -0.150732 -0.0476202    1.50796 -0.0536938   -9.69225  14621
               135.2  -10.177  42.8239 -92.0738 -0.208418  0.803878   1.24664 0 0 0   -0.011 -0.02329  0.04412   -0.13612   0.275999 -0.0799177  7.5238e-05 -0.00198117 -0.00384237  -0.027278  -0.152432 -0.0484924    1.50673 -0.0554348   -9.69243  14494
               135.3 -8.82634  40.2659 -90.8811 -0.201923  0.796752   1.24765 0 0 0   -0.011 -0.02329  0.04412 -0.0562719   0.200476 -0.0899933 -0.000722441  -0.00203474  -0.00299829 -0.0271114   -0.15541 -0.0502181    1.50645 -0.0590053   -9.69245  14936
               135.4   -7.43 38.0614 -88.077 -0.205632  0.781106   1.24672 0 0 0   -0.011 -0.02329  0.04412  -0.102367   0.173275 -0.0153018 -0.000401153  -0.00144753  -0.00374646 -0.0291971  -0.157388 -0.0518223   1.50431 -0.061348  -9.69277  14785
               135.5 -5.23473  33.3286 -87.9179 -0.23868 0.811531  1.25387 0 0 0   -0.011 -0.02329  0.04412 -0.126688  0.190731  0.030607 0.000658167 -0.00184706 -0.00449462  -0.029657  -0.156513 -0.0524254   1.50364 -0.060947  -9.69288  15244
               135.6 -3.91574  31.2838  -87.649 -0.238149  0.790548   1.26936 0 0 0   -0.011 -0.02329  0.04412 -0.102023  0.150728 0.0483608 0.000567009  -0.0015218 -0.00470098 -0.0299652  -0.158049 -0.0539247    1.50298 -0.0630943   -9.69296  15056
               135.7  -2.6641  29.6919 -88.1429 -0.232006  0.770525    1.2852 0 0 0   -0.011 -0.02329  0.04412  0.0197126 -0.0824858 -0.0230264 6.64153e-05 -0.00260272 -0.00454908 -0.0302574  -0.160268 -0.0554068    1.50241 -0.0657872   -9.69303  15429
               135.8  -3.0514  28.9974 -88.3444 -0.226166  0.749444   1.28314 0 0 0   -0.011 -0.02329  0.04412  0.0284097   -0.14126 -0.0375756 0.000117917 -0.00193867 -0.00441641 -0.0313285  -0.161523 -0.0560201    1.50144 -0.0671053   -9.69318  15445
               135.9 -4.22579  30.0637 -89.4889 -0.212523  0.722651   1.27865 0 0 0   -0.011 -0.02329  0.04412  -0.0102472   0.0176559 -0.00316766   0.00015752 -0.000753059  -0.00425385 -0.0301475  -0.162877 -0.0562021    1.50248 -0.0683965   -9.69301  15499
                 136 -1.57045  28.6515 -90.5434 -0.204185  0.705609   1.28477 0 0 0   -0.011 -0.02329  0.04412 -0.0198515    0.01303  0.0378418 -0.000650357 -0.000995077  -0.00439231 -0.0302623  -0.164389 -0.0567167    1.50236 -0.0699486   -9.69301  15389
               136.1 -1.87528  28.7308 -90.7437 -0.208475  0.701843   1.28888 0 0 0   -0.011 -0.02329  0.04412   0.0195322  -0.0187986 -0.00769639 -0.000113506  -0.00146052  -0.00441468 -0.0308036  -0.164145 -0.0569775    1.50181 -0.0698467    -9.6931  15521
               136.2  -2.4164  28.6806 -91.6722 -0.206493  0.690283   1.29224 0 0 0   -0.011 -0.02329  0.04412  0.0233595 -0.0448082  0.0107617 -0.000371541  -0.00129246  -0.00444033 -0.0312825  -0.164513 -0.0574718    1.50129 -0.0703713   -9.69318  15433
               136.3 -0.543861    29.736  -89.8745 -0.216464  0.687712   1.30288 0 0 0   -0.011 -0.02329  0.04412 -0.0888768 0.00140772  0.0473119 -0.000327932 -0.000590996  -0.00390847  -0.031008  -0.163986 -0.0577016     1.5014 -0.0699951   -9.69316  15423
               136.4 -0.630312   31.4477  -89.2174 -0.222307  0.682403   1.30452 0 0 0   -0.011 -0.02329  0.04412 -0.0212271 -0.0193766  0.0139596  0.000165885 -0.000750801  -0.00299729 -0.0316519  -0.164149 -0.0578366    1.50084 -0.0701843   -9.69325  15310
               136.5  1.30057  33.4893 -88.1729 -0.22152 0.682436   1.3032 0 0 0   -0.011 -0.02329  0.04412 -0.0269397 -0.0336688 -0.0190311 -0.000145823 -0.000323234  -0.00337689 -0.0312486  -0.164297 -0.0576469    1.50124 -0.0702499   -9.69318  15237
               136.6  2.79874  34.5988 -86.4934 -0.226422  0.692445   1.31112 0 0 0   -0.011 -0.02329  0.04412 -0.0051075   0.182185  0.0331152 -0.000245533  0.000641186  -0.00449297 -0.0308039   -0.16391 -0.0580531  1.50145 -0.07004 -9.69315  15168
               136.7  3.69803  36.2198 -87.0254 -0.227083  0.718267   1.30871 0 0 0   -0.011 -0.02329  0.04412 -0.0334688   0.277268  0.0656492 -0.000789836  -9.6017e-05  -0.00419677 -0.0305453  -0.163696 -0.0574845    1.50182 -0.0696671    -9.6931  15093
               136.8  3.78083   36.715 -86.7695 -0.230064  0.727263   1.29966 0 0 0   -0.011 -0.02329  0.04412 -0.0309551   0.280424  0.0448701 -0.000608186  -0.00026116  -0.00433004 -0.0314929  -0.163613 -0.0571245    1.50115 -0.0694748    -9.6932  15075
               136.9  5.35854  39.1875 -84.9275 -0.245911   0.76495    1.3212 0 0 0   -0.011 -0.02329  0.04412 -0.113586  0.334928 0.0404457 -0.000633318  0.000586465  -0.00412752  -0.032125  -0.163324 -0.0584607    1.50016 -0.0696378   -9.69336  15011
                 137  5.52334   40.139 -84.2898 -0.242695  0.764794   1.31581 0 0 0   -0.011 -0.02329  0.04412 -0.114332  0.354131 0.0329041 -0.000288408  0.000238687  -0.00439831 -0.0328306  -0.164259 -0.0583843   1.4997 -0.07044 -9.69342  15115
               137.1  7.13792  40.1377 -84.3252 -0.276502  0.815833   1.32333 0 0 0   -0.011 -0.02329  0.04412 -0.243958  0.490165 0.0796768 -0.000156686 -0.000338962   -0.0046987 -0.0349533  -0.164452 -0.0591513    1.49776 -0.0708358   -9.69372  14979
               137.2  6.21055  39.8886 -84.3255 -0.273182  0.818187   1.32386 0 0 0   -0.011 -0.02329  0.04412 -0.228503  0.407954 0.0635971   0.00117419 -0.000218672  -0.00469952 -0.0357258  -0.166924 -0.0594684    1.49727 -0.0731145   -9.69378  15064
               137.3  9.76541   44.391 -83.9786 -0.301045  0.845458   1.31655 0 0 0   -0.011 -0.02329  0.04412  -0.108645   0.348699 -0.0520708   0.00113145 -0.000133696  -0.00407172 -0.0390509  -0.168296 -0.0602881   1.49451 -0.074536  -9.69419  15200
               137.4  10.8391  44.8916 -84.4765 -0.297845  0.847466   1.30564 0 0 0   -0.011 -0.02329  0.04412  -0.103018   0.356935 -0.0782572 0.000169454  0.00023523  -0.0034422   -0.03999  -0.169267 -0.0602209    1.49392 -0.0753487   -9.69428  15193
               137.5  13.7696  45.6802 -80.5972 -0.313115  0.883414   1.28597 0 0 0   -0.011 -0.02329  0.04412  -0.120243   0.438162 -0.0529583 -0.000467151  0.000369029  -0.00394459 -0.0430246  -0.171078 -0.0611538    1.49142 -0.0771631   -9.69465  14956
               137.6 14.7287 44.7007 -77.989 -0.315884  0.903395   1.28578 0 0 0   -0.011 -0.02329  0.04412  -0.115162   0.432191 -0.0426949 -0.000558665  0.000111689  -0.00452638 -0.0440186  -0.173254 -0.0621216    1.49047 -0.0793683   -9.69478  15044
               137.7  13.4841  44.9429 -77.1815 -0.32841 0.903306  1.29254 0 0 0   -0.011 -0.02329  0.04412   -0.10238   0.398298 -0.0426335 -0.000605675 -0.000229492  -0.00442689 -0.0460878  -0.175097 -0.0641491    1.48817 -0.0816189   -9.69511  14924
               137.8  13.1092  44.0045 -75.9041 -0.330874  0.924795   1.29435 0 0 0   -0.011 -0.02329  0.04412  -0.151053   0.378429 -0.0695702  -0.00165718 -0.000318907   -0.0046689 -0.0464211  -0.176795  -0.065039    1.48768 -0.0834093   -9.69517  14855
               137.9  10.6577  45.4551 -75.2992 -0.34342 0.925658  1.30426 0 0 0   -0.011 -0.02329  0.04412  -0.130925   0.344948 -0.0790259  -0.00103981 -0.000450701  -0.00408955 -0.0471646  -0.178929 -0.0670094    1.48637 -0.0859844   -9.69535  14682
                 138  9.14651  46.8584 -73.6148 -0.350645  0.940428   1.30459 0 0 0   -0.011 -0.02329  0.04412 -0.116777  0.427884 -0.139205  -0.00222422 -0.000390367  -0.00328908 -0.0473859  -0.180119 -0.0681253    1.48577 -0.0874539   -9.69543  14653
               138.1  6.77567  47.0899 -68.1087 -0.338304  0.936006   1.30619 0 0 0   -0.011 -0.02329  0.04412  -0.127128   0.455237 -0.0802475  -0.00166536 -0.000150104  -0.00361171 -0.0483936  -0.184658 -0.0701866    1.48463 -0.0921742   -9.69556  14696
               138.2  4.95857  45.7099 -65.1868 -0.340917  0.957597   1.30452 0 0 0   -0.011 -0.02329  0.04412 -0.238267   0.51819 0.0434541 -0.00145062 -0.00029013 -0.00320859 -0.0494778  -0.186595 -0.0709724    1.48378 -0.0941409   -9.69567  14611
               138.3  7.07423  39.9676 -63.0643 -0.359783  0.982485   1.31507 0 0 0   -0.011 -0.02329  0.04412 -0.443182  0.560192  0.131566  -0.00109694 -0.000782045  -0.00361418 -0.0501861  -0.188538 -0.0717447    1.48324 -0.0961257   -9.69573  14880
               138.4  8.22246  30.5599 -63.4242 -0.388985   1.01407   1.34187 0 0 0   -0.011 -0.02329  0.04412 -0.391397  0.559969   0.11319 -0.000312235  -0.00230203  -0.00452534 -0.0500789   -0.19107  -0.072842    1.48323 -0.0987828   -9.69571  14779
               138.5  9.01605  28.7489 -62.4515 -0.381003  0.995148   1.35858 0 0 0   -0.011 -0.02329  0.04412 -0.27325 0.409245 0.112965 -0.000324545  -0.00385927  -0.00484797  -0.050693  -0.194129 -0.0742468   1.48272 -0.102062  -9.69575  15205
               138.6   9.6395  22.7304 -62.5198 -0.389346   0.97843   1.37617 0 0 0   -0.011 -0.02329  0.04412 -0.139073  0.208698 0.0512577 -0.000294671  -0.00326018  -0.00452435 -0.0520722  -0.195922 -0.0760905   1.48126 -0.104678  -9.69595  14763
             138.699  9.53074  19.8049 -61.4267 -0.383888  0.979425   1.37374 0 0 0   -0.011 -0.02329  0.04412  0.0928483 -0.0183708 -0.0689224 0.000110373 -0.00290208 -0.00426371 -0.0525749  -0.196871 -0.0763256  1.48107  -0.1056 -9.69597  14749
               138.8 9.94444  18.945 -59.776 -0.353043  0.947443   1.35832 0 0 0   -0.011 -0.02329  0.04412  0.176246  -0.14546 -0.107211 -0.000236071  -0.00188321  -0.00425926 -0.0534784  -0.197955 -0.0769895   1.48051 -0.106977  -9.69604  14697
               138.9  10.1601  19.8369 -58.3407 -0.334995  0.907276   1.36421 0 0 0   -0.011 -0.02329  0.04412   0.19414 -0.200549 -0.059847 -0.000322071  -0.00152352  -0.00390909  -0.054017  -0.198467 -0.0782319   1.47978 -0.108254  -9.69613  14512
                 139  10.7956  19.2691 -57.7753 -0.330346  0.886375   1.36958 0 0 0   -0.011 -0.02329  0.04412   0.167875  -0.216072 -0.0375479 -0.000632377  -0.00106777  -0.00402061 -0.0544771  -0.198732  -0.078924  1.47928 -0.10899  -9.6962  14706
               139.1  10.4895  17.1677 -55.3085 -0.298863  0.867298   1.36137 0 0 0   -0.011 -0.02329  0.04412   0.140155  -0.040294 -0.0163516 -5.05988e-05 -0.000965646   -0.0039808 -0.0543574  -0.199182 -0.0785136   1.47968 -0.109006  -9.69614  14548
             139.199 9.53232 15.7045 -53.938 -0.297828  0.865535   1.35453 0 0 0   -0.011 -0.02329  0.04412   0.134713  0.0456815 -0.0528793 -0.000224752  -0.00100316  -0.00421649 -0.0549461  -0.198059 -0.0784913   1.47889 -0.108466  -9.69627  14625
               139.3   8.8555   15.765 -53.2217 -0.280428  0.862467   1.35372 0 0 0   -0.011 -0.02329  0.04412   0.107836  0.0767474 -0.0315739 -0.000837437  -0.00140848  -0.00433735 -0.0550401  -0.198593 -0.0786355     1.479 -0.108961  -9.69625  14435
               139.4  9.01035  13.2312 -53.3317 -0.274681  0.859813   1.35115 0 0 0   -0.011 -0.02329  0.04412 -0.023133 0.0794927 0.0375231  -0.00110409 -0.000766479  -0.00439644 -0.0557535  -0.198616 -0.0786972  1.47858 -0.10936  -9.6963  14412
               139.5  8.07742  11.3179 -52.9099 -0.287833  0.864013   1.37132 0 0 0   -0.011 -0.02329  0.04412 -0.0792218   0.131289  0.0749168 -0.000420248 -0.000678734  -0.00495696 -0.0555646  -0.198291 -0.0793761   1.47832 -0.109409  -9.69634  14286
               139.6   8.0268  10.5298 -53.0845 -0.299178   0.87135   1.38878 0 0 0   -0.011 -0.02329  0.04412 -0.0659993   0.132323  0.0451118 -0.000237831  -0.00137146  -0.00514427 -0.0554069  -0.198076 -0.0798404  1.47815 -0.10944 -9.69637  14388
               139.7  8.70202  9.23951 -52.8289 -0.30688 0.883176  1.40343 0 0 0   -0.011 -0.02329  0.04412 -0.0413763   0.120791  0.0103746 -8.40652e-05  -0.00132954  -0.00545308 -0.0550059   -0.19816 -0.0803353   1.47825 -0.109469  -9.69635  14190
               139.8  9.55075  7.98343 -52.8191 -0.309227  0.890711    1.4013 0 0 0   -0.011 -0.02329  0.04412   -0.04895   0.187457 0.00612098 -9.76672e-05  -0.00111135  -0.00537004  -0.055439  -0.198127 -0.0802415  1.47806 -0.10969 -9.69638  14288
               139.9  9.65464  6.78235 -53.2639 -0.306853  0.884903   1.40762 0 0 0   -0.011 -0.02329  0.04412 -0.036686  0.171427 0.0107354 -0.000117442  -0.00102968  -0.00528223 -0.0562292  -0.198231 -0.0805821  1.47767 -0.11039 -9.69643  14315
                 140  9.92455  6.80309 -53.5325 -0.301672  0.881631   1.40725 0 0 0   -0.011 -0.02329  0.04412 -0.0244627   0.150972  0.0189495 -0.000369204   -0.0011718   -0.0054481 -0.0568658  -0.198375 -0.0805246   1.47749 -0.110885  -9.69645  14321
               140.1  9.84715  6.19371 -53.7365 -0.295337  0.866875    1.4064 0 0 0   -0.011 -0.02329  0.04412 -0.0274708   0.132706  0.0207857 -0.000427425 -0.000814923  -0.00544914 -0.0576109   -0.19843  -0.080507   1.47721 -0.111418  -9.69649  14282
               140.2  10.2725  4.86137 -53.6234 -0.295912  0.880725   1.41762 0 0 0   -0.011 -0.02329  0.04412 -0.117186  0.186619 0.0822389 -0.000921823 -0.000849838  -0.00538226 -0.0582904  -0.198847  -0.080514   1.47717 -0.112089  -9.69649  14383
               140.3  9.79137  4.35708 -53.1828 -0.306408  0.878747   1.43318 0 0 0   -0.011 -0.02329  0.04412 -0.169426  0.162551 0.0615494 -0.000167204 -0.000958486  -0.00532691 -0.0590585  -0.198915 -0.0810495   1.47676 -0.112705  -9.69654  14453
               140.4  10.8175  4.51165 -53.4287 -0.30785 0.882457  1.43261 0 0 0   -0.011 -0.02329  0.04412 -0.156582  0.143577 0.0275024 0.000303084 -0.00106872 -0.00490414 -0.0595835  -0.199488 -0.0807036   1.47698 -0.113303   -9.6965  14258
               140.5  12.0048  4.14359 -52.6778 -0.311416  0.883168    1.4312 0 0 0   -0.011 -0.02329  0.04412  -0.13498  0.211517 0.0275578  0.000887672 -0.000328095  -0.00517518 -0.0602968  -0.199739 -0.0804706 1.47692 -0.1139 -9.6965  14483
               140.6  12.2847  4.72315 -52.8144 -0.303133  0.867263    1.4199 0 0 0   -0.011 -0.02329  0.04412 -0.117864  0.204706  0.022807  0.000985951 -0.000577114  -0.00483435  -0.061251  -0.199738 -0.0797322    1.4768 -0.114552  -9.69652  14461
               140.7  14.4759   3.9963 -52.3443 -0.301366  0.867606   1.40867 0 0 0   -0.011 -0.02329  0.04412 -0.118608  0.273653  0.027217  0.000256557 -0.000434789  -0.00510962 -0.0621019  -0.199731 -0.0788398   1.47676 -0.115146  -9.69651  14577
               140.8  15.2035  3.74717 -52.5585 -0.310511  0.886183   1.41075 0 0 0   -0.011 -0.02329  0.04412 -0.0841292   0.301605  0.0177053 -0.000628609 -0.000763876  -0.00500469 -0.0629059  -0.199512  -0.078781   1.47638 -0.115623  -9.69657  14349
             140.899  12.6908  4.01623 -53.1092 -0.320722  0.916871   1.40605 0 0 0   -0.011 -0.02329  0.04412  -0.175449   0.328979 -0.0394774 -0.000839634 -0.000308263  -0.00535456 -0.0640562  -0.199488 -0.0786921     1.476 -0.116428  -9.69662  14748
                 141  11.6058  3.85385 -52.6924 -0.325388  0.915108   1.40311 0 0 0   -0.011 -0.02329  0.04412  -0.195814   0.281383 -0.0582693 -0.000536191 -8.08829e-05  -0.00564415 -0.0654009   -0.19972  -0.078854   1.47561 -0.117473  -9.69666  14497
             141.099 11.1461 3.77396 -52.926 -0.314257  0.899429   1.39585 0 0 0   -0.011 -0.02329  0.04412  -0.179408   0.255674 -0.0704122 -0.000280471  6.23247e-05  -0.00550317 -0.0661568   -0.19993 -0.0784551    1.4756 -0.118114  -9.69666  14774
             141.199  9.84118  5.60294 -53.0252 -0.320011  0.918553   1.37843 0 0 0   -0.011 -0.02329  0.04412 -0.202994  0.313808 -0.048508 6.01734e-05 1.21203e-06 -0.00577906 -0.0673811  -0.200846 -0.0777578   1.47593 -0.119413  -9.69659  14661
               141.3  9.42965   6.0392 -54.1528 -0.320489  0.902982   1.38016 0 0 0   -0.011 -0.02329  0.04412  -0.195848   0.296334 -0.0513947 -0.000565858  2.08775e-05  -0.00567749 -0.0695774   -0.20138 -0.0781082   1.47534 -0.121178  -9.69666  14827
               141.4  7.69151  7.20061 -54.5098 -0.321076  0.902986   1.37423 0 0 0   -0.011 -0.02329  0.04412  -0.219525   0.262206 -0.0631929 -0.000289328 -0.000605165  -0.00578346 -0.0709515   -0.20211 -0.0779692   1.47531 -0.122471  -9.69665  14615
             141.499   7.2325  7.74845 -54.8355 -0.341358   0.90628   1.37549 0 0 0   -0.011 -0.02329  0.04412 -0.284515  0.242414 -0.047224 -0.000114621 -0.000881047  -0.00610627 -0.0719091   -0.20213 -0.0784417   1.47482 -0.123127  -9.69671  14647
               141.6  7.59421  8.42036 -56.2126 -0.359805  0.915267   1.37747 0 0 0   -0.011 -0.02329  0.04412   -0.25451   0.225464 -0.0407513 0.000149151 -0.00100996 -0.00595022 -0.0730597   -0.20327  -0.078893   1.47486 -0.124424  -9.69669  14604
               141.7   7.3567  7.65361 -57.9967 -0.365528  0.914965   1.37402 0 0 0   -0.011 -0.02329  0.04412  -0.241723   0.263126 -0.0251659 1.02827e-06 -0.00048185 -0.00624849 -0.0743096  -0.204046 -0.0788642   1.47482 -0.125635  -9.69668  14611
             141.799  7.52046  7.54356 -58.8446 -0.368276  0.922457   1.36606 0 0 0   -0.011 -0.02329  0.04412  -0.237594   0.297188 -0.0134556 -0.000202536 -0.000574616  -0.00626211 -0.0752601  -0.204862 -0.0784656   1.47501 -0.126669  -9.69664  14700
               141.9  6.91421  7.36401 -59.3034 -0.350548  0.897013   1.35882 0 0 0   -0.011 -0.02329  0.04412  -0.200222   0.257131 -0.0267065  0.000116316 -0.000483609  -0.00609936 -0.0766063  -0.205462 -0.0781429   1.47491 -0.127861  -9.69664  14573
                 142  6.31037  7.93511 -60.2557 -0.356819  0.908134   1.36159 0 0 0   -0.011 -0.02329  0.04412 -0.179478  0.257512 -0.026891 0.000403196 -0.00127665 -0.00580514 -0.0772174   -0.20613  -0.078395   1.47494 -0.128591  -9.69662  14639
             142.099  6.09209  8.42034 -60.4939 -0.370774  0.935681   1.34921 0 0 0   -0.011 -0.02329  0.04412  -0.123898   0.255943 -0.0692897  0.000236136 -0.000777274  -0.00564451 -0.0779799  -0.206544  -0.078238   1.47485 -0.129285  -9.69663  14504
             142.199  6.39409  8.42917 -60.8639 -0.360236  0.925526   1.33749 0 0 0   -0.011 -0.02329  0.04412  -0.105963   0.244484 -0.0922342 -0.000133179 -0.000564086  -0.00566869 -0.0788539  -0.206981  -0.077743   1.47481 -0.130059  -9.69662  14654
             142.299  4.38015  9.69562 -62.3733 -0.362488  0.944972   1.32907 0 0 0   -0.011 -0.02329  0.04412  -0.212549   0.276953 -0.0508315 -0.000456564 -0.000657722  -0.00567983 -0.0801094  -0.208137 -0.0780266   1.47471 -0.131462  -9.69662  14466
             142.399  2.96882  10.6894 -62.5477 -0.342694  0.923558   1.32978 0 0 0   -0.011 -0.02329  0.04412  -0.171305   0.207552 -0.0437985 0.000480294  -0.0012677 -0.00574293 -0.0812184  -0.209282  -0.078193    1.4747 -0.132774   -9.6966  14651
             142.499  5.45755  12.9942 -61.7766 -0.364058  0.941613   1.32312 0 0 0   -0.011 -0.02329  0.04412    -0.17934    0.228066 -0.00331952  0.00118593 -0.00244231 -0.00515766 -0.0821788  -0.209713  -0.078179   1.47441 -0.133567  -9.69664  14417
             142.599  8.84951  11.5674 -60.1018 -0.379096  0.957489    1.3167 0 0 0   -0.011 -0.02329  0.04412 -0.0853252   0.206177 -0.0280077 0.00108778 -0.0022685 -0.0050128  -0.082795  -0.209743 -0.0779474   1.47414 -0.133908  -9.69667  14664
             142.699  10.3545  10.5258 -58.3407 -0.379086  0.954846   1.31916 0 0 0   -0.011 -0.02329  0.04412 -0.0230297   0.193555 -0.0267239 0.000806296 -0.00160949 -0.00544133 -0.0835927  -0.210036 -0.0783025   1.47377 -0.134531  -9.69672  14575
               142.8  10.1669  9.86643 -57.6819 -0.380333  0.954079   1.31514 0 0 0   -0.011 -0.02329  0.04412 -0.00392077    0.215671  -0.0255836 0.000998057 -0.00119303 -0.00560807  -0.084168  -0.209948 -0.0782547   1.47342 -0.134778  -9.69677  14573
             142.899  9.59615  8.96171 -56.4475 -0.369005  0.987896    1.3136 0 0 0   -0.011 -0.02329  0.04412     0.02081    0.320221 -0.00526691  0.000597778 -0.000664641  -0.00570332 -0.0846123  -0.210456 -0.0783317   1.47339 -0.135329  -9.69677  14664
             142.999  9.26508  9.64253 -56.3754 -0.367892  0.980162   1.31331 0 0 0   -0.011 -0.02329  0.04412   0.0163039    0.301575 -0.00521917 0.000647758 -0.00106909 -0.00550578  -0.085442  -0.210374 -0.0784403   1.47289 -0.135723  -9.69684  14640
             143.099  9.64811  9.51095 -54.2062 -0.360541   1.01265   1.32726 0 0 0   -0.011 -0.02329  0.04412 -0.054655  0.333046 0.0496451  0.000740283 -0.000953467  -0.00537911 -0.0863039  -0.210939 -0.0791613   1.47254 -0.136588  -9.69688  14570
               143.2  9.73603  9.99968 -54.6599 -0.36111 0.992439  1.34068 0 0 0   -0.011 -0.02329  0.04412 -0.0596478   0.276706  0.0627386 0.000786222 -0.00128164 -0.00482376 -0.0873938  -0.210924 -0.0799731   1.47181 -0.137253  -9.69698  14366
             143.299  10.2759  9.20096 -53.6423 -0.362433   1.03771   1.35108 0 0 0   -0.011 -0.02329  0.04412 0.0148196  0.341251 0.0512666 0.000619026 -0.00124405 -0.00495219 -0.0876402  -0.211167 -0.0799794    1.4718 -0.137527  -9.69698  14448
             143.399  8.91637  9.25092 -53.6304 -0.357548   1.04717   1.35999 0 0 0   -0.011 -0.02329  0.04412 0.0300697  0.285121 0.0346307  0.00027303 -0.00106117 -0.00522677 -0.0888486  -0.211048 -0.0803661    1.4711 -0.138218  -9.69707  14303
             143.599  5.80653  10.3676 -52.9214 -0.354336   1.06768   1.37153 0 0 0   -0.011 -0.02329  0.04412 -0.00495262    0.285376  -0.0444683 0.000215324 -0.00108762 -0.00519198 -0.0900595  -0.210711 -0.0808065   1.47033 -0.138834  -9.69718  14276
               143.7  6.00909  10.3602 -52.8616 -0.345648   1.03621   1.37288 0 0 0   -0.011 -0.02329  0.04412  0.0068425   0.230425 -0.0456253 0.000183099 -0.00111745 -0.00513619 -0.0911128  -0.210864 -0.0809862    1.4699 -0.139564  -9.69724  14276
             143.799  6.10513  10.3766 -52.8993 -0.33928  1.01534  1.37499 0 0 0   -0.011 -0.02329  0.04412  0.0158534   0.193663 -0.0445432  0.00015913  -0.0011413 -0.00509729 -0.0917913  -0.211008 -0.0811523   1.46964 -0.140062  -9.69727  14276
             143.899  6.08683  10.4575 -52.9681 -0.332747   1.00245   1.36953 0 0 0   -0.011 -0.02329  0.04412  0.0263417   0.174016 -0.0532805 0.000169482 -0.00113949 -0.00506305 -0.0923113  -0.211122 -0.0809555   1.46951 -0.140408  -9.69728  14276
             143.999  5.41505  8.62696 -52.8096 -0.329525  0.988125   1.29812 0 0 0   -0.011 -0.02329  0.04412  0.211162   0.02624 -0.286267 0.000138569 -0.00114674 -0.00507367 -0.0927705  -0.210981 -0.0807608   1.46933 -0.140611  -9.69731  14195
             144.099  6.27613  9.89205 -52.5174 -0.28666 0.971897   1.2875 0 0 0   -0.011 -0.02329  0.04412    0.346445 -0.00411727   -0.250587 -0.00095894 -0.00239759 -0.00540691 -0.0928658  -0.211075 -0.0808829   1.46933 -0.140705  -9.69731  13993
             144.199  6.91773  9.62261 -52.4002 -0.287149  0.971042   1.32778 0 0 0   -0.011 -0.02329  0.04412   0.209181 0.00346756 -0.0326936 -0.00154127 -0.00255846 -0.00600416 -0.0927871  -0.210929 -0.0811426   1.46926 -0.140685  -9.69732  14072
             144.299  6.60353  9.59474 -52.7545 -0.290526  0.964991   1.31668 0 0 0   -0.011 -0.02329  0.04412   0.131486 0.00879021 -0.0428878  -0.0013317  -0.0033474 -0.00601209 -0.0928034  -0.210727 -0.0811313   1.46921 -0.140672  -9.69733  13928
             144.399 8.30781 9.55284  -51.82 -0.296681  0.949764   1.31192 0 0 0   -0.011 -0.02329  0.04412  0.0943521 -0.0427628 -0.0331592 -0.00204947 -0.00488158 -0.00607471  -0.092908  -0.210319 -0.0811632   1.46908 -0.140672  -9.69734  14045
             144.499  9.40952  8.60713 -51.5481 -0.317697  0.945648   1.32671 0 0 0   -0.011 -0.02329  0.04412  0.0624668 -0.0684589 0.00144198 -0.00218741 -0.00510863 -0.00560336 -0.0928572  -0.209736 -0.0812927   1.46891 -0.140616  -9.69737  13899
             144.599  9.50273  8.52846 -52.1366 -0.320686  0.949184   1.32447 0 0 0   -0.011 -0.02329  0.04412   0.130961 -0.0622142 -0.0174818 -0.00205241 -0.00577585  -0.0055574 -0.0926069  -0.209587 -0.0812243   1.46889 -0.140517  -9.69738  14083
             144.699  9.82948  7.21791 -52.4336 -0.320878  0.941258   1.34172 0 0 0   -0.011 -0.02329  0.04412    0.191119   -0.101222 -0.00609387  -0.0031762 -0.00403218 -0.00679402 -0.0926497  -0.209118 -0.0813971 1.46873 -0.1405 -9.6974  14099
             144.799    10.06  7.38139 -52.6438 -0.332172  0.940215    1.3753 0 0 0   -0.011 -0.02329  0.04412   0.16855  -0.10918 0.0456923 -0.00393545 -0.00381897 -0.00702772 -0.0925121  -0.208736 -0.0817019   1.46861 -0.140441  -9.69742  13968
             144.899 7.63731 8.40449 -54.854 -0.312934  0.923715   1.38069 0 0 0   -0.011 -0.02329  0.04412  0.0688576 -0.0947811  0.0742089 -0.00407984 -0.00320036 -0.00691313 -0.0924547  -0.208405 -0.0816089   1.46853 -0.140377  -9.69743  14084
                 145  7.06311  8.82879 -55.2101 -0.319655  0.918769   1.38499 0 0 0   -0.011 -0.02329  0.04412 0.0472493 -0.115827 0.0791901 -0.00339649 -0.00364736 -0.00644471 -0.0924594  -0.207727 -0.0817044   1.46831 -0.140312  -9.69747  13915
             145.099  8.05565  8.01626 -55.0117 -0.324897  0.899067   1.40695 0 0 0   -0.011 -0.02329  0.04412 0.0302614 -0.102012  0.106445 -0.00340077 -0.00359377 -0.00606227 -0.0922292  -0.206811 -0.0818997   1.46804 -0.140131  -9.69751  14100
               145.2  8.17833  7.91319 -55.2374 -0.325986  0.897209    1.4141 0 0 0   -0.011 -0.02329  0.04412 0.0303308 -0.106974   0.11625 -0.00358162 -0.00356947 -0.00588569 -0.0921546  -0.206777 -0.0820836   1.46802 -0.140115  -9.69751  13905
             145.299  9.0056 7.33531 -55.035 -0.324402  0.867925   1.44352 0 0 0   -0.011 -0.02329  0.04412 0.0386916 -0.170397  0.109584 -0.00385793 -0.00368047 -0.00563242 -0.0925316  -0.205976 -0.0826654   1.46769 -0.140188  -9.69756  14289
               145.4  9.66377  7.48399 -54.5817 -0.322064  0.847396    1.4583 0 0 0   -0.011 -0.02329  0.04412 0.0390681 -0.148002  0.135045 -0.00322403  -0.0026777 -0.00521863 -0.0924758  -0.205691 -0.0828286  1.46759 -0.14014 -9.69758  13953
             145.499  9.75243  7.58701 -54.8434 -0.320361  0.842777   1.45243 0 0 0   -0.011 -0.02329  0.04412 0.0390879 -0.147416  0.127474 -0.00333567 -0.00271377 -0.00476782 -0.0927944  -0.205481 -0.0823924   1.46754 -0.140192  -9.69759  14102
             145.599  11.0715  5.98542 -54.5921 -0.32247  0.82902  1.47726 0 0 0   -0.011 -0.02329  0.04412  0.0118192 -0.0976177   0.141893 -0.00309209 -0.00217837 -0.00432247 -0.0923005  -0.205396 -0.0825306   1.46755 -0.140009  -9.69759  13807
               145.7  11.5379  5.17972 -52.6764 -0.30998 0.811267  1.49801 0 0 0   -0.011 -0.02329  0.04412 0.0689038 -0.043242  0.164916 -0.00325246 -0.00225444 -0.00397621 -0.0929572  -0.205615 -0.0826649   1.46753 -0.140294  -9.69758  14137
             145.799  11.9423   4.1488 -51.7987 -0.299505  0.809195   1.50586 0 0 0   -0.011 -0.02329  0.04412  0.0694622 -0.0158273   0.163835 -0.00422797  -0.0019391 -0.00316329 -0.0931064  -0.205908 -0.0821157   1.46767 -0.140353  -9.69756  13974
             145.899   11.675  2.80267 -50.7338 -0.291078  0.809222   1.50252 0 0 0   -0.011 -0.02329  0.04412  0.0493765 -0.0353264   0.133682 -0.00443265 -0.00147408 -0.00297538 -0.0933813  -0.205713 -0.0802879   1.46779 -0.140293  -9.69755  14204
                 146  11.2736  2.50034 -49.9718 -0.298009  0.822069   1.49893 0 0 0   -0.011 -0.02329  0.04412 -0.0109464 -0.0095045   0.105347 -0.00418654 -0.00155374 -0.00397998 -0.0925441  -0.205197 -0.0788597   1.46789 -0.139808  -9.69754  13908
             146.099  12.2617  1.93132 -49.4077 -0.295946  0.821296   1.50835 0 0 0   -0.011 -0.02329  0.04412 -0.0415733 -0.0206821  0.0906814 -0.00276331 -0.00192482 -0.00459906 -0.0926702  -0.205947 -0.0783877   1.46815 -0.139917   -9.6975  14199
               146.2  14.2071  1.34747 -49.2703 -0.308338  0.827224   1.50889 0 0 0   -0.011 -0.02329  0.04412 0.00070715  0.0327362  0.0718891 -0.00253009 -0.00159715 -0.00482828 -0.0922251  -0.205072  -0.077767   1.46802 -0.139611  -9.69752  13866
             146.299  15.1768 0.968288 -49.1186 -0.306964   0.82844   1.49084 0 0 0   -0.011 -0.02329  0.04412 0.0403123 0.0697491 0.0389281 -0.00300972 -0.00107276 -0.00478482 -0.0927189  -0.204402  -0.075639   1.46808 -0.139598  -9.69751  14030
             146.399  16.6101  1.30151 -46.3939 -0.298112  0.861233    1.4721 0 0 0   -0.011 -0.02329  0.04412  0.0273607   0.157542 0.00920559  -0.00323751 -0.000779193  -0.00426293 -0.0922679  -0.204354 -0.0728342   1.46852 -0.139274  -9.69745  13828
             146.499  16.7583  2.06922 -45.5875 -0.295112  0.881096   1.45305 0 0 0   -0.011 -0.02329  0.04412  0.0162712   0.187302 -0.0145312 -0.00264391 -0.00129411 -0.00377698 -0.0918585  -0.204494  -0.070736  1.46891 -0.13902 -9.69739  14000
             146.599  17.2582 0.221878 -44.3941 -0.30898 0.903187  1.44126 0 0 0   -0.011 -0.02329  0.04412 -0.0375759   0.280587  -0.014239  -0.00181149 -4.53551e-05  -0.00517743 -0.0925155  -0.202284 -0.0698696   1.46847 -0.139092  -9.69746  13894
               146.7   16.9905 -0.916804  -44.3438 -0.321907  0.921334   1.42782 0 0 0   -0.011 -0.02329  0.04412 -0.0700194   0.354871 -0.0308785 -0.00230145   0.0010143 -0.00648618 -0.0937181  -0.199832 -0.0688923  1.46804 -0.13938 -9.69752  13986
             146.799    16.1143 -0.0745324   -44.8199 -0.33976  0.95726  1.41097 0 0 0   -0.011 -0.02329  0.04412   -0.12453   0.412903 -0.0669411 -0.00259315  0.00030086 -0.00638452 -0.0937126  -0.198224 -0.0677254   1.46788 -0.139271  -9.69755  13923
             146.899  15.6341 0.618716 -45.1721 -0.356238  0.973992   1.39981 0 0 0   -0.011 -0.02329  0.04412  -0.196434   0.392545 -0.0787733 -0.00276619  0.00013719 -0.00713235  -0.095106  -0.196368 -0.0675048  1.46754 -0.13973 -9.69759  13891
             146.999   15.695  1.39525 -45.5512 -0.376017  0.987852   1.39503 0 0 0   -0.011 -0.02329  0.04412  -0.274737   0.395284 -0.0847096  -0.00278353 -0.000723613   -0.0067913 -0.0967582  -0.195108 -0.0678903   1.46724 -0.140328  -9.69763  13933
             147.099  15.8018  1.70096 -45.8034 -0.396796   1.00605   1.38895 0 0 0   -0.011 -0.02329  0.04412  -0.264936   0.387444 -0.0905503 -0.00203285 -0.00128597 -0.00699742  -0.09824 -0.194457 -0.068197    1.4671 -0.140854  -9.69764  13802
             147.199  15.9451  2.85898 -46.1024 -0.406693   1.00587    1.3858 0 0 0   -0.011 -0.02329  0.04412  -0.248545   0.380965 -0.0721435 -0.000995996  -0.00232485  -0.00586076  -0.100501  -0.193454 -0.0685802   1.46693 -0.141645  -9.69766  14130
             147.299  18.122 1.15295  -44.98 -0.431645   1.01213   1.38152 0 0 0   -0.011 -0.02329  0.04412  -0.236937   0.396121 -0.0405412 -0.00103911 -0.00210073 -0.00571595   -0.10315  -0.191152 -0.0690861   1.46646 -0.142575  -9.69771  13589
               147.5  18.3028 -2.16556  -43.807 -0.441889   1.04941   1.38444 0 0 0   -0.011 -0.02329  0.04412  -0.126655   0.437302 0.00227321 -0.00132844 -0.00114349 -0.00606138  -0.106947  -0.190821 -0.0696367   1.46652 -0.143834  -9.69769  13563
               147.6  17.8187 -4.44812 -43.8474 -0.448887   1.07232   1.38417 0 0 0   -0.011 -0.02329  0.04412  -0.177256    0.42804 -0.0104042  -0.00298324 -0.000784913  -0.00708311  -0.108923  -0.189907 -0.0695403   1.46649 -0.144463  -9.69768  13855
               147.7  16.5465 -3.73642  -44.386 -0.456232   1.08385   1.38205 0 0 0   -0.011 -0.02329  0.04412  -0.125109   0.327364 -0.0447133 -0.00256957 -0.00230254 -0.00718416  -0.110525  -0.189023 -0.0696446   1.4664 -0.14499 -9.69769  13544
               147.8  16.0988  -3.5105 -44.2398 -0.449073   1.05303   1.39405 0 0 0   -0.011 -0.02329  0.04412   -0.10692   0.241215 -0.0346789 -0.00208908 -0.00254948 -0.00743128 -0.112741 -0.188283 -0.070875   1.46611 -0.145798  -9.69772  13662
             147.899  18.4418 -1.75139 -43.7283 -0.459128   1.03567   1.41357 0 0 0   -0.011 -0.02329  0.04412 -0.104017  0.175815 0.0186702 -0.00148384 -0.00291246 -0.00586621 -0.115843 -0.186837 -0.073305   1.46544 -0.146992   -9.6978  13545
                 148   19.411 -2.04974  -43.616 -0.463981   1.01941   1.42026 0 0 0   -0.011 -0.02329  0.04412 -0.0874306   0.129003  0.0334499 -0.00207258  -0.0025341 -0.00617666  -0.117768  -0.185273 -0.0736464   1.46521 -0.147671  -9.69783  13738
               148.1  19.8767 -2.24744 -43.9369 -0.453985   1.00689   1.41681 0 0 0   -0.011 -0.02329  0.04412 -0.0623018  0.0867749  0.0115647 -0.00178557 -0.00219243 -0.00621783  -0.119804  -0.184872 -0.0726628   1.46559 -0.148239  -9.69776  13568
               148.2   20.226 -2.82806 -44.4276 -0.446405   1.00171   1.41386 0 0 0   -0.011 -0.02329  0.04412 -0.0260497   0.134124  0.0282552 -0.00151544 -0.00125815 -0.00626857  -0.121197  -0.184405 -0.0718938   1.46585 -0.148626  -9.69771  13758
               148.3  19.9743 -4.20611 -44.6194 -0.438965  0.983533   1.41613 0 0 0   -0.011 -0.02329  0.04412 -0.0260363   0.154477  0.0316175  -0.00147568 -0.000145922  -0.00676556  -0.123169  -0.183104 -0.0717804   1.46583 -0.149269  -9.69771  13784
               148.4  20.1758 -3.65717  -44.692 -0.432878  0.975373    1.4095 0 0 0   -0.011 -0.02329  0.04412 -0.00286754    0.138913   0.0197777  -0.00178705 -0.000649202  -0.00654296 -0.123869 -0.182539 -0.071028     1.466 -0.149448  -9.69768  13608
             148.499  19.8524 -2.70382 -45.0528 -0.430002  0.988652   1.41285 0 0 0   -0.011 -0.02329  0.04412 -0.0351582   0.182427  0.0195904   -0.0017271 -0.000618285  -0.00653402 -0.124801 -0.182034 -0.071058  1.46598 -0.14975 -9.69768  13893
               148.6  19.1457 -3.25395 -45.0597 -0.434467   1.00603   1.40635 0 0 0   -0.011 -0.02329  0.04412 -0.0531135   0.248822 0.00306713  -0.00119065 -0.000339747  -0.00647896  -0.125181  -0.181153 -0.0703767   1.46605 -0.149846  -9.69767  13732
               148.7  19.3052 -3.16085 -45.0094 -0.428313  0.998753   1.40858 0 0 0   -0.011 -0.02329  0.04412 -0.0461914   0.245312 0.00600543  -0.00131785 -0.000140016  -0.00635708  -0.126807  -0.180445 -0.0704866   1.46603 -0.150369  -9.69766  13997
             148.799  18.7298 -3.50228 -44.8725 -0.434176   1.01605   1.40567 0 0 0   -0.011 -0.02329  0.04412 -0.0908125   0.325678  0.0129369 -0.00124965  2.1875e-05 -0.00681016  -0.127408  -0.179599 -0.0702259     1.466 -0.150557  -9.69766  13899
             148.899  19.1614 -2.76595 -44.8111 -0.440176   1.01692   1.41191 0 0 0   -0.011 -0.02329  0.04412 -0.119339  0.296733 0.0108102  -0.00165427 -0.000667509  -0.00647668  -0.129197  -0.178246 -0.0708469   1.46571 -0.151179   -9.6977  13781
                 149  18.8823 -2.78793 -44.5899 -0.44919  1.03307  1.41587 0 0 0   -0.011 -0.02329  0.04412  -0.13395  0.328346 0.0144402  -0.00155127 -0.000888509  -0.00658797 -0.130955 -0.177375 -0.071051   1.46563 -0.151752   -9.6977  13954
               149.1  18.7833 -2.66846 -44.3951 -0.451912   1.05306   1.41449 0 0 0   -0.011 -0.02329  0.04412  -0.128653   0.323104 0.00280367  -0.00148371 -0.000946142   -0.0068419  -0.132276  -0.177117 -0.0706264   1.46582 -0.152137  -9.69766  13449
             149.199  18.7028 -2.79536 -44.2958 -0.449322   1.04179   1.40834 0 0 0   -0.011 -0.02329  0.04412  -0.127313   0.302366 -0.0113493  -0.00136644 -0.000816456  -0.00700555  -0.133429  -0.176089 -0.0701363   1.46586 -0.152485  -9.69765  13757
             149.299   19.109 -2.44642 -44.5825 -0.451957   1.04584   1.41738 0 0 0   -0.011 -0.02329  0.04412 -0.133297  0.316519 0.0145977 -0.00165153   -0.001113 -0.00667001  -0.135105    -0.1758 -0.0708961   1.46572 -0.153054  -9.69767  13478
               149.4  19.1081 -2.45523 -44.2883 -0.463465   1.07806   1.41905 0 0 0   -0.011 -0.02329  0.04412 -0.131469  0.327137 0.0118482 -0.00182796 -0.00133725 -0.00614918  -0.137468  -0.174762 -0.0705279   1.46582 -0.153782  -9.69764  13762
               149.5  18.8978 -1.51562 -43.9834 -0.454878   1.06398   1.41549 0 0 0   -0.011 -0.02329  0.04412 -0.0971529   0.258388 0.00163992 -0.00155497 -0.00205993 -0.00621415  -0.140394  -0.173538 -0.0698927   1.46601 -0.154667   -9.6976  13473
               149.6  18.7624 -2.66887 -44.2527 -0.452265   1.06824   1.42401 0 0 0   -0.011 -0.02329  0.04412 -0.096715  0.282419 0.0231641 -0.00152475 -0.00096639 -0.00650096  -0.142216  -0.173442 -0.0703656   1.46601 -0.155254  -9.69759  13836
               149.7  18.8347  -1.9902 -44.1016 -0.446155    1.0678   1.42408 0 0 0   -0.011 -0.02329  0.04412 -0.0838142   0.258315  0.0174921 -0.00169917  -0.0015956 -0.00649758  -0.144474  -0.172699 -0.0698582    1.4662 -0.155923  -9.69755  13532
               149.8  18.7789 -1.75366 -43.8334 -0.450783   1.06743   1.42234 0 0 0   -0.011 -0.02329  0.04412 -0.0933785   0.243105  0.0136459 -0.00145228 -0.00189058 -0.00663308  -0.145923  -0.171384 -0.0696442   1.46613 -0.156385  -9.69755  13814
               149.9  18.7785 -1.51899 -43.6561 -0.456574   1.06605   1.42112 0 0 0   -0.011 -0.02329  0.04412 -0.0840039   0.235932 0.00964335 -0.00127394 -0.00216702  -0.0065008  -0.147176  -0.170061 -0.0695433   1.46601 -0.156795  -9.69756  13660
                 150  18.7501 -2.24694 -43.7928 -0.456505   1.06206   1.41995 0 0 0   -0.011 -0.02329  0.04412 -0.0780587   0.225528 0.00767278 -0.00116956 -0.00143555  -0.0066054   -0.14891   -0.16894 -0.0693057   1.46602 -0.157329  -9.69755  13867
               150.1  19.4664 -1.52016  -44.031 -0.451795   1.06403   1.42689 0 0 0   -0.011 -0.02329  0.04412 -0.0751433   0.225477  0.0183722  -0.0018366 -0.00198732 -0.00644165   -0.15065  -0.168865 -0.0694767   1.46611 -0.157855  -9.69753  13626
               150.2  19.1292 -2.20302 -44.4873 -0.460726   1.06163    1.4261 0 0 0   -0.011 -0.02329  0.04412 -0.100896  0.208789  0.016464 -0.00161143 -0.00147898 -0.00679961  -0.151842  -0.167219 -0.0694583   1.4659 -0.15826 -9.69755  13670
               150.3  18.7839  -1.8421 -44.6598 -0.456717   1.06991   1.41966 0 0 0   -0.011 -0.02329  0.04412 -0.0834991   0.213929 0.00190343 -0.00120558 -0.00199601 -0.00675185  -0.153102  -0.167101 -0.0685127   1.46626 -0.158558   -9.6975  13676
             150.399   19.034 -2.07322 -45.1912 -0.456412   1.06984   1.41926 0 0 0   -0.011 -0.02329  0.04412 -0.0698928   0.224084 0.00733525 -0.00131883 -0.00168502 -0.00647216  -0.154403  -0.166404 -0.0683672   1.46628 -0.158948  -9.69749  13657
               150.5  19.2636 -2.10742 -45.1168 -0.458695   1.06074   1.42305 0 0 0   -0.011 -0.02329  0.04412 -0.0766881   0.192409 0.00989512 -0.00141214 -0.00175817 -0.00652339  -0.156119  -0.165133 -0.0686572    1.4661 -0.159508   -9.6975  13932
             150.601   19.518 -2.10194 -45.3872 -0.467124   1.05869   1.42294 0 0 0   -0.011 -0.02329  0.04412 -0.0921391   0.194569   0.012519 -0.00147611 -0.00170992 -0.00662034  -0.157263  -0.163787 -0.0687094   1.46592 -0.159882  -9.69752  13611
               150.7  19.2901 -2.56377 -45.6399 -0.4629 1.04982 1.42693 0 0 0   -0.011 -0.02329  0.04412 -0.0731371   0.178476  0.0154635  -0.0012576  -0.0013374 -0.00667309  -0.159226  -0.163328 -0.0687552   1.46599 -0.160473  -9.69751  13930
               150.8  19.7371 -1.95816 -46.0625 -0.464447   1.03801   1.42885 0 0 0   -0.011 -0.02329  0.04412 -0.0858662   0.159095  0.0142143 -0.00171077 -0.00147883 -0.00658821 -0.160873 -0.162147  -0.06883   1.46587 -0.160987  -9.69752  13571
               150.9  19.6687 -1.39449 -45.6858 -0.466882   1.02571   1.43343 0 0 0   -0.011 -0.02329  0.04412 -0.101706  0.151679 0.0205297 -0.00150492  -0.0022859 -0.00670676  -0.162594  -0.161318 -0.0691216   1.46575 -0.161532  -9.69752  13931
                 151   19.7951 -0.882705  -45.8329 -0.45858   1.0135  1.43068 0 0 0   -0.011 -0.02329  0.04412 -0.0776828   0.124688  0.0151328 -0.00159875 -0.00272028 -0.00637496  -0.163567  -0.161132 -0.0687081   1.46591 -0.161795   -9.6975  13583
               151.1  19.9781 -1.04412 -46.4014 -0.463186   1.01608   1.44467 0 0 0   -0.011 -0.02329  0.04412 -0.0655591   0.116717  0.0461383 -0.00182115 -0.00259492 -0.00597189  -0.165095  -0.160982 -0.0694165   1.46579 -0.162305   -9.6975  13977
             151.199  19.9923 -1.39632 -46.5631 -0.450115  0.991279   1.44751 0 0 0   -0.011 -0.02329  0.04412 -0.0437969  0.0785054   0.046134 -0.00185673 -0.00229098 -0.00595023  -0.166978  -0.160684 -0.0693795  1.46587 -0.16287 -9.69748  13702
             151.299  19.6121 -1.67914 -47.0945 -0.450962  0.978765    1.4599 0 0 0   -0.011 -0.02329  0.04412 -0.0620222  0.0646631  0.0578941 -0.00182777 -0.00215451 -0.00607985  -0.168676  -0.159885 -0.0696637  1.46574  -0.1634 -9.69749  13953
             151.399  19.7603 -1.71285 -47.5129 -0.449916  0.968155   1.46709 0 0 0   -0.011 -0.02329  0.04412 -0.0731305  0.0503521  0.0626559 -0.00182846 -0.00219609 -0.00592071 -0.169648 -0.159654 -0.069824   1.46571 -0.163704  -9.69749  13800
             151.501  19.8467 -2.00992 -48.1405 -0.448969  0.950867   1.47055 0 0 0   -0.011 -0.02329  0.04412 -0.057951 0.0415156 0.0591136 -0.00174311 -0.00210282 -0.00583508  -0.171144  -0.158819 -0.0693973   1.46574 -0.164119  -9.69748  13923
             151.601  19.9625 -2.08492  -48.739 -0.432064  0.931831   1.47415 0 0 0   -0.011 -0.02329  0.04412 -0.0269531  0.0155013  0.0561612 -0.00190875 -0.00196073 -0.00572978  -0.172777  -0.159069 -0.0689646     1.466 -0.164597  -9.69743  13660
             151.701  19.7492 -2.27578 -49.2583 -0.425715  0.916397    1.4847 0 0 0   -0.011 -0.02329  0.04412 -0.0298457  0.0205502  0.0641822  -0.0018019 -0.00183255 -0.00582879  -0.174021  -0.158938 -0.0689781   1.46602 -0.164982  -9.69742  13688
               151.8  20.0806 -1.60084 -49.2728 -0.419894  0.909156   1.49562 0 0 0   -0.011 -0.02329  0.04412 -0.020519 0.0135386 0.0687944 -0.00199077 -0.00245607 -0.00569963  -0.174677  -0.159284 -0.0691354   1.46608 -0.165211  -9.69741  13659
               151.9   20.022 -1.29779 -49.2736 -0.421374   0.91266   1.48665 0 0 0   -0.011 -0.02329  0.04412 -0.0253204  0.0279205  0.0483504  -0.0016818 -0.00261985 -0.00583998  -0.174594  -0.158753 -0.0679828  1.46629  -0.1651 -9.69738  13640
             152.001  20.4452 -1.36687  -49.937 -0.42191 0.912429  1.49069 0 0 0   -0.011 -0.02329  0.04412 -0.0218255  0.0410727  0.0525912 -0.00181395 -0.00242069 -0.00530139  -0.174827  -0.158628 -0.0678232   1.46631 -0.165161  -9.69738  13714
               152.1  20.5805 -1.33893  -49.838 -0.421732  0.912361    1.4871 0 0 0   -0.011 -0.02329  0.04412 -0.0204641  0.0471159  0.0458702 -0.00187531 -0.00229093 -0.00571161  -0.175085  -0.158185 -0.0671509   1.46641 -0.165187  -9.69736  13513
               152.2  20.6653 -1.13713 -50.3896 -0.420674  0.913928    1.4909 0 0 0   -0.011 -0.02329  0.04412 -0.0329025  0.0566237   0.049379 -0.00183999 -0.00221322 -0.00548133  -0.175363  -0.158247 -0.0670066   1.46647 -0.165277  -9.69735  13771
               152.3  20.4246 -1.73605 -50.6544 -0.414993  0.905316   1.49484 0 0 0   -0.011 -0.02329  0.04412 -0.0338891  0.0465345  0.0493233 -0.00153539 -0.00163917 -0.00555944 -0.176048 -0.158372 -0.067123   1.46647 -0.165516  -9.69735  13398
             152.399   21.205 -1.12351 -51.2074 -0.412368  0.910196    1.4903 0 0 0   -0.011 -0.02329  0.04412 -0.0363033   0.103166  0.0447406 -0.00164304 -0.00186769 -0.00523266  -0.176432   -0.15826 -0.0660507   1.46675 -0.165593   -9.6973  14154
             152.501  21.5819 -1.60932  -51.136 -0.40352 0.927119  1.50246 0 0 0   -0.011 -0.02329  0.04412 -0.0255883   0.136262  0.0608499 -0.00192711 -0.00170285 -0.00562498  -0.176893   -0.15943 -0.0659625   1.46704 -0.165852  -9.69726  13445
             152.601   21.4978 -0.921937  -50.7609 -0.412678  0.930718   1.49989 0 0 0   -0.011 -0.02329  0.04412 -0.0604808   0.152113   0.060052  -0.0017828 -0.00248847 -0.00607285 -0.177309 -0.158162 -0.065597   1.46685 -0.165856  -9.69728  13913
             152.701  21.8319 -0.75418 -50.6896 -0.414983   0.93624   1.50992 0 0 0   -0.011 -0.02329  0.04412 -0.0595076   0.128726   0.064796 -0.00206634 -0.00293207 -0.00580547   -0.17796  -0.158148 -0.0658166   1.46676 -0.166081  -9.69729  13411
               152.8   21.6457 -0.825262  -50.6767 -0.42248 0.934204   1.5013 0 0 0   -0.011 -0.02329  0.04412 -0.0740115     0.1132   0.043783 -0.00189768 -0.00290075 -0.00585184   -0.17808  -0.157042 -0.0653282  1.46665 -0.16599 -9.69731  13789
             152.901   21.4202 -0.988585  -51.2931 -0.427718  0.952738   1.49766 0 0 0   -0.011 -0.02329  0.04412 -0.0700301   0.130832  0.0324832 -0.00154099  -0.0024059 -0.00605504  -0.178319  -0.157028 -0.0642769   1.46695 -0.166032  -9.69727  13520
                 153  21.8808 -1.56037 -51.9356 -0.430877  0.953992   1.50039 0 0 0   -0.011 -0.02329  0.04412 -0.0671636   0.118401  0.0361561 -0.00170429 -0.00178493 -0.00571956   -0.17912  -0.156714 -0.0642313   1.46687 -0.166264  -9.69727  13614
               153.1   21.8461 -0.849713  -51.8359 -0.438581   0.96361   1.48831 0 0 0   -0.011 -0.02329  0.04412 -0.0838757   0.136667 0.00936393 -0.00150485 -0.00218015 -0.00553973  -0.179222  -0.155822 -0.0631334   1.46699 -0.166152  -9.69726  13665
             153.201    22.494 -0.322146  -52.2394 -0.439196  0.970536   1.49173 0 0 0   -0.011 -0.02329  0.04412 -0.0732749   0.150258  0.0256695  -0.0018916 -0.00237403 -0.00501799  -0.179923  -0.156104 -0.0630781  1.46705 -0.16642 -9.69724  13731
             153.301   22.0204 -0.650709  -51.4816 -0.440325  0.966164   1.49061 0 0 0   -0.011 -0.02329  0.04412 -0.0675476   0.133416  0.0274011 -0.00156347 -0.00231481 -0.00547158  -0.181196  -0.155514 -0.0628295   1.46694 -0.166767  -9.69726  13707
               153.4   22.0707 -0.892623  -51.4054 -0.442435   0.96413   1.48797 0 0 0   -0.011 -0.02329  0.04412 -0.0738841   0.120584  0.0181324 -0.00156491 -0.00210142 -0.00545811  -0.182231   -0.15497 -0.0624572   1.46688 -0.167031  -9.69726  13600
               153.5   22.2222 -0.225584   -50.549 -0.43943 0.970698  1.48799 0 0 0   -0.011 -0.02329  0.04412 -0.0595891   0.131892  0.0229641 -0.00152411  -0.0027062 -0.00567602  -0.182768  -0.155388 -0.0620426   1.46708 -0.167249  -9.69723  13794
               153.6   22.2413 -0.405934   -50.855 -0.436959  0.963746   1.48714 0 0 0   -0.011 -0.02329  0.04412 -0.0536478   0.117905  0.0215031 -0.00151527 -0.00242193  -0.0054373  -0.183468  -0.155165 -0.0619396   1.46703 -0.167451  -9.69723  13612
               153.7  21.8763 -1.08832 -50.8725 -0.436329  0.973736   1.48194 0 0 0   -0.011 -0.02329  0.04412 -0.047967  0.153282 0.0226904 -0.00151888 -0.00162882 -0.00570905  -0.184123  -0.154956 -0.0611457    1.4672 -0.167609   -9.6972  13966
               153.8   21.3185 -0.673107  -50.9696 -0.441322  0.986394   1.47207 0 0 0   -0.011 -0.02329  0.04412 -0.0803502   0.208941  0.0151778 -0.00285932 -0.00159249 -0.00596625   -0.18536  -0.153724 -0.0599837   1.46722 -0.167809  -9.69719  13818
               153.9   19.8374 -0.977906  -51.1725 -0.443607  0.971568   1.46658 0 0 0   -0.011 -0.02329  0.04412    -0.10657    0.174593 0.000908467 -0.00224648 -0.00133683 -0.00629706  -0.186731  -0.152597 -0.0598135   1.46696 -0.168116  -9.69723  13742
             154.001   17.6359 -0.881573  -52.8391 -0.45391 0.989918  1.45402 0 0 0   -0.011 -0.02329  0.04412  -0.136755   0.237079 -0.0332051  -0.00245408 -0.000289465  -0.00683192 -0.187843 -0.152113 -0.058834    1.4671 -0.168379   -9.6972  13605
               154.1   15.6418 -0.209188  -53.7736 -0.449656   1.00526   1.44589 0 0 0   -0.011 -0.02329  0.04412  -0.110253   0.237729 -0.0695501  -0.00258396 -0.000499452   -0.0073877  -0.188642  -0.152849 -0.0581426   1.46744 -0.168705  -9.69715  13243
             154.201    15.403 -0.172778  -54.1263 -0.44366  1.00208  1.45066 0 0 0   -0.011 -0.02329  0.04412  -0.102159   0.222909 -0.0722877  -0.00272467 -0.000449067  -0.00721241  -0.189172   -0.15342 -0.0583939   1.46747 -0.168964  -9.69714  13581
             154.301  12.9689   2.0951 -53.8414 -0.445772   1.01837   1.43381 0 0 0   -0.011 -0.02329  0.04412 -0.0703647  0.0279258  -0.186049 -0.00189227 -0.00103111  -0.0059514  -0.190044  -0.154956 -0.0586628    1.4677 -0.169466  -9.69709  13228
               154.4  13.5658  5.85452 -52.2731 -0.430679   1.00754   1.42409 0 0 0   -0.011 -0.02329  0.04412  -0.028672 -0.0326502  -0.214963 -0.00160494 -0.00237064 -0.00551851  -0.190967  -0.156428 -0.0587097   1.46798 -0.169976  -9.69704  13790
             154.501  14.5666  5.94325 -51.2795 -0.422621  0.988855   1.41273 0 0 0   -0.011 -0.02329  0.04412 -0.0126781 -0.0250065  -0.258158 -0.00117831 -0.00140707 -0.00496653  -0.191963  -0.157205 -0.0596152   1.46788 -0.170439  -9.69705  13526
             154.601  15.2568  7.95137 -49.5872 -0.409792  0.975906   1.38837 0 0 0   -0.011 -0.02329  0.04412  0.0202948 -0.0114483   -0.28548 -0.00119323 -0.00243047 -0.00438464  -0.192822  -0.157797 -0.0595694   1.46797 -0.170806  -9.69703  13993
             154.701  15.5296  8.27405 -50.4254 -0.401553  0.966408   1.40855 0 0 0   -0.011 -0.02329  0.04412  0.0309424 -0.0263982   -0.25425 -0.00147498 -0.00238084 -0.00350044  -0.193265  -0.158854 -0.0608958   1.46789 -0.171134  -9.69704  13947
               154.8 15.2281 8.32545 -48.242 -0.38497 0.949901  1.38126 0 0 0   -0.011 -0.02329  0.04412 0.00163943  0.0374501   -0.23407 -0.000388752   -0.0020121  -0.00342266  -0.194725  -0.159197 -0.0604893   1.46796 -0.171654  -9.69702  14545
               154.9  16.1307  5.93467 -46.0529 -0.368158  0.937813   1.35485 0 0 0   -0.011 -0.02329  0.04412  0.011453  0.122608 -0.199205  -0.00024395 -0.000640915   -0.0038099  -0.196601  -0.159487 -0.0599445     1.468 -0.172279    -9.697  14720
             155.001  16.5806  5.31435 -43.6999 -0.341868  0.944899   1.33248 0 0 0   -0.011 -0.02329  0.04412 0.0644062  0.194362 -0.205148 -0.000152115 -0.000660962  -0.00395512  -0.197971  -0.160858 -0.0595836   1.46832 -0.172844  -9.69694  14978
             155.101  17.0419   5.4879 -40.3699 -0.319697  0.968638   1.29613 0 0 0   -0.011 -0.02329  0.04412 0.0612134  0.341335 -0.153011 -0.000162227 -0.000173595  -0.00466963   -0.19973  -0.160427 -0.0592401    1.4682 -0.173314  -9.69695  14902
               155.2  17.7873  5.78094 -40.7458   -0.312 0.939385  1.29897 0 0 0   -0.011 -0.02329  0.04412 0.0686912   0.28223 -0.150608 -0.000875491 -0.000249298  -0.00420801  -0.201403  -0.159874 -0.0595849   1.46794 -0.173824  -9.69698  15191
               155.3  17.4522  7.48047 -37.6261 -0.305327  0.995201   1.25329 0 0 0   -0.011 -0.02329  0.04412 0.00868243   0.389704  -0.149162 -0.00090457 -0.00148463  -0.0045904  -0.202137  -0.158777 -0.0582081   1.46788 -0.173812  -9.69699  15217
             155.401   18.294  7.85788 -36.4502 -0.29613   1.0026  1.24592 0 0 0   -0.011 -0.02329  0.04412 0.00809363   0.356978  -0.119256 -0.00124318 -0.00147011 -0.00469961  -0.203916  -0.158036 -0.0589474    1.4677 -0.174409  -9.69701  15268
             155.501  18.0529  8.76486 -35.7561 -0.289671   1.00428   1.24439 0 0 0   -0.011 -0.02329  0.04412 -0.0051666   0.358332 -0.0626266 -0.00106401 -0.00184219 -0.00476653  -0.205515  -0.157053 -0.0597718   1.46753 -0.174991  -9.69702  15310
             155.601    17.77  8.55145 -35.1083 -0.292418   1.00928   1.24434 0 0 0   -0.011 -0.02329  0.04412 -0.0394823   0.345657 -0.0462147 -0.00144615  -0.0016732 -0.00523612  -0.206626  -0.155581 -0.0604929   1.46731 -0.175496  -9.69705  15184
             155.701  16.8359  8.81494 -34.5482 -0.29769   1.0262  1.24669 0 0 0   -0.011 -0.02329  0.04412 -0.0785656   0.331839 -0.0316336 -0.00120554 -0.00181804 -0.00555467   -0.20717  -0.154886 -0.0611722   1.46722 -0.175825  -9.69705  15414
               155.8  17.0438  9.42627 -34.1861 -0.304486   1.04137   1.25926 0 0 0   -0.011 -0.02329  0.04412 -0.114647  0.340839 0.0104792 -0.00140608 -0.00223805 -0.00568886  -0.207673  -0.154524 -0.0623709   1.46717 -0.176235  -9.69705  15309
               155.9  16.0353  8.84623 -34.6006 -0.313365   1.07554   1.26739 0 0 0   -0.011 -0.02329  0.04412 -0.130742  0.402831 0.0637056 -0.00107966 -0.00168595 -0.00568846 -0.207965 -0.154643 -0.062719   1.46721 -0.176341  -9.69704  15588
             156.001  15.4867  8.23304 -34.3838 -0.327243    1.1008   1.28227 0 0 0   -0.011 -0.02329  0.04412 -0.199062  0.448932  0.117951 -0.00131812 -0.00137758 -0.00620554  -0.208547  -0.153889 -0.0633824   1.46721 -0.176691  -9.69704  15426
               156.1  14.0607  8.00872 -34.8716 -0.342375   1.13232   1.29222 0 0 0   -0.011 -0.02329  0.04412 -0.245625   0.50086  0.143906 -0.000964178  -0.00144798  -0.00622761 -0.208832 -0.153642 -0.063434   1.46724 -0.176772  -9.69703  15577
               156.2  13.2427  7.11734 -35.4924 -0.355733    1.1646   1.31646 0 0 0   -0.011 -0.02329  0.04412 -0.270025  0.521355  0.170352 -0.00161083  -0.0012849 -0.00679153  -0.210238  -0.153154 -0.0641406   1.46743 -0.177149    -9.697  15191
               156.3  11.7226  7.14742 -36.2115 -0.376195    1.2072   1.33479 0 0 0   -0.011 -0.02329  0.04412 -0.283247  0.519968  0.146386 -0.00177836 -0.00118978 -0.00694407  -0.211075   -0.15275 -0.0643138   1.46755 -0.177321  -9.69698  15146
             156.401 10.1285 7.20616 -37.725 -0.395491   1.25064    1.3466 0 0 0   -0.011 -0.02329  0.04412 -0.317626  0.529874  0.114257 -0.00154047 -0.00115094 -0.00655558  -0.212174  -0.152525 -0.0642496   1.46772 -0.177415  -9.69695  14612
               156.5 9.73897 7.27081 -38.044 -0.392946   1.24659   1.35983 0 0 0   -0.011 -0.02329  0.04412 -0.283877  0.481905  0.111689 -0.00151041 -0.00130887 -0.00646738 -0.213346  -0.15212 -0.065053   1.46791 -0.177752  -9.69691  14530
               156.6  9.29407  8.05279 -38.1133 -0.41227   1.2762  1.37187 0 0 0   -0.011 -0.02329  0.04412 -0.246654  0.416785 0.0558064 -0.00179146 -0.00135783 -0.00653294  -0.213972  -0.151655 -0.0654299     1.468 -0.177964   -9.6969  14256
               156.7  8.27523  8.42383 -38.1933 -0.435906   1.29648   1.37305 0 0 0   -0.011 -0.02329  0.04412 -0.289885  0.385839 0.0155767 -0.00151425 -0.00124455 -0.00638593  -0.214317  -0.150593 -0.0654585   1.46799 -0.178191  -9.69689  14259
               156.8  7.62428  7.96607 -37.2429 -0.478221   1.33693   1.37188 0 0 0   -0.011 -0.02329  0.04412  -0.293165   0.335213 -0.0399723  -0.00140681 -0.000509469   -0.0065099  -0.215049  -0.149699 -0.0656675   1.46805 -0.178455  -9.69688  14230
               156.9 7.47077 10.0049  -35.78 -0.510419   1.35859   1.37495 0 0 0   -0.011 -0.02329  0.04412  -0.341651   0.315794 -0.0490912 -0.00138692 -0.00151512 -0.00600665  -0.215498  -0.149181 -0.0663068   1.46812 -0.178699  -9.69686  14209
                 157  7.19697  10.6951 -34.6153 -0.501433   1.35119   1.36291 0 0 0   -0.011 -0.02329  0.04412  -0.284734   0.265045 -0.0904303 -0.00140036 -0.00181604   -0.005549  -0.217989  -0.148881 -0.0660608    1.4685 -0.178928   -9.6968  14358
             157.101 6.33817 10.5006 -31.726 -0.516109   1.35955   1.34475 0 0 0   -0.011 -0.02329  0.04412 -0.242951  0.239016 -0.131083 -0.00130542 -0.00139521 -0.00559552  -0.219312  -0.148242 -0.0657701  1.46864 -0.17913 -9.69678  14152
             157.201  5.76187  11.2619 -28.3829 -0.541024   1.38244   1.32805 0 0 0   -0.011 -0.02329  0.04412 -0.281047  0.262152 -0.133848  -0.0015028 -0.00149909 -0.00540173  -0.219473  -0.148096 -0.0655879   1.46864 -0.179152  -9.69678  14193
             157.301  5.44334  11.9297 -25.5519 -0.553049   1.39014   1.32297 0 0 0   -0.011 -0.02329  0.04412 -0.288778  0.279803 -0.137824 -0.00143344 -0.00165209 -0.00503326  -0.220371  -0.147907 -0.0661317   1.46884 -0.179322  -9.69674  13998
               157.4  4.93831   12.271 -23.0701 -0.563774   1.40969   1.30289 0 0 0   -0.011 -0.02329  0.04412 -0.260267  0.386041 -0.193523 -0.00104003 -0.00150957  -0.0045689  -0.221712   -0.14774 -0.0660954   1.46906 -0.179424  -9.69671  14254
             157.501  4.36619  12.0525 -21.1398 -0.576769   1.45785    1.2733 0 0 0   -0.011 -0.02329  0.04412 -0.227646  0.502464 -0.266342 -0.000517045  -0.00114933  -0.00467318  -0.222286  -0.148463 -0.0655892   1.46909 -0.179185  -9.69671  13942
               157.6  4.60368  12.4879 -20.4451 -0.593928   1.51525   1.25063 0 0 0   -0.011 -0.02329  0.04412 -0.209959  0.611841 -0.361447 -0.000327261   -0.0010549  -0.00440149  -0.222409   -0.14874 -0.0662809   1.46922 -0.179153  -9.69669  14379
               157.7 5.98578 12.4581 -20.258 -0.596182   1.55511   1.21589 0 0 0   -0.011 -0.02329  0.04412 -0.207262   0.67038 -0.504335 -0.000928633 -0.000851057  -0.00441794  -0.223394  -0.148381 -0.0665202   1.46947 -0.179245  -9.69665  14090
               157.8 6.74535 13.7592 -19.624 -0.607216   1.56076   1.21312 0 0 0   -0.011 -0.02329  0.04412 -0.215695  0.659522 -0.526787 -0.00122089 -0.00192833 -0.00485065  -0.222928  -0.147851 -0.0669416    1.4695 -0.179455  -9.69664  14655
               157.9  7.32576  14.9389 -19.6665 -0.621166   1.64563   1.11706 0 0 0   -0.011 -0.02329  0.04412 -0.156605  0.665391 -0.692364 -0.00167923 -0.00272252 -0.00520286  -0.223871  -0.146817 -0.0673413    1.4699 -0.179716  -9.69658  14853
                 158  8.00287  15.4786 -19.2055 -0.618573     1.651   1.11718 0 0 0   -0.011 -0.02329  0.04412 -0.157912  0.621911 -0.694878 -0.00204507 -0.00314801 -0.00565601  -0.223832  -0.146251 -0.0690736   1.47034 -0.179964   -9.6965  15276
             158.099  6.99781   14.835 -20.2157 -0.627394     1.737  0.979026 0 0 0   -0.011 -0.02329  0.04412 -0.0974322   0.597585  -0.754482 -0.00197711  -0.0033499 -0.00522621  -0.225076  -0.145286 -0.0680493   1.47054 -0.180042  -9.69647  15596
             158.199 6.96614  13.762 -19.143 -0.623464   1.77468  0.879739 0 0 0   -0.011 -0.02329  0.04412 -0.0661382   0.515185  -0.730467 -0.00176325 -0.00311607 -0.00530005  -0.226209  -0.143596 -0.0676162   1.47103 -0.180339  -9.69639  16062
               158.3 6.67571 13.5785     -19 -0.612736   1.78481  0.827084 0 0 0   -0.011 -0.02329  0.04412 -0.0164016    0.47524  -0.665111 -0.00146449 -0.00275148 -0.00487062  -0.227024  -0.142281 -0.0676511   1.47149 -0.180566  -9.69632  15885
               158.4  6.40077  14.0346 -17.9466 -0.597519   1.80977  0.750748 0 0 0   -0.011 -0.02329  0.04412 -0.0422527   0.449057  -0.544586 -0.00130044 -0.00251234 -0.00449919  -0.228185  -0.140713 -0.0674806   1.47204 -0.180753  -9.69623  16144
             158.501  6.05583  13.9216 -17.5864 -0.579337   1.78023  0.759727 0 0 0   -0.011 -0.02329  0.04412 -0.0197314   0.393865   -0.51054 -0.000961973  -0.00244168  -0.00470392  -0.228794  -0.139227 -0.0684384   1.47276 -0.181028  -9.69612  16062
             158.599  7.00723  14.8988 -16.4685 -0.563614   1.78852  0.714974 0 0 0   -0.011 -0.02329  0.04412 -0.0277833   0.355112  -0.386917 -0.00155361 -0.00238774 -0.00454152  -0.229638  -0.137434 -0.0686153   1.47343 -0.181315  -9.69601  16197
             158.701   7.0485  14.9729 -15.4688 -0.54391  1.79591  0.68452 0 0 0   -0.011 -0.02329  0.04412 -0.0393807   0.334173  -0.313498  -0.0016506 -0.00198143 -0.00461368  -0.230829  -0.135893 -0.0691287   1.47418 -0.181386  -9.69589  16236
               158.8  6.85237   15.661 -14.5826 -0.526722   1.79212  0.673802 0 0 0   -0.011 -0.02329  0.04412 -0.0557542   0.283046   -0.23233 -0.00131471 -0.00229558 -0.00455967  -0.231493  -0.134005 -0.0703948   1.47516 -0.181651  -9.69574  16115
               158.9  7.27162  17.1429 -14.2727 -0.527642   1.82571  0.650289 0 0 0   -0.011 -0.02329  0.04412  -0.10225  0.337763 -0.126076 -0.00165759 -0.00270307 -0.00435595 -0.231873 -0.132578 -0.071219   1.47587 -0.181855  -9.69563  16135
                 159  6.34535   16.254 -14.0346 -0.528271    1.8214  0.660338 0 0 0   -0.011 -0.02329  0.04412  -0.128264   0.310015 -0.0747996 -0.00143118 -0.00230889 -0.00441986  -0.231864  -0.130526 -0.0724699   1.47684 -0.182313  -9.69547  16168
               159.1   6.2678  16.8483 -14.2739 -0.526034   1.82536  0.657883 0 0 0   -0.011 -0.02329  0.04412  -0.133342   0.262985 -0.0313671 -0.00187911 -0.00281647  -0.0041378  -0.232975  -0.128371 -0.0730365   1.47785 -0.182418  -9.69532  16081
             159.199  6.10396  16.7393 -14.1827 -0.522624   1.81577   0.66297 0 0 0   -0.011 -0.02329  0.04412 -0.0831806   0.213191  0.0596979 -0.00169664 -0.00287378 -0.00404299  -0.233795  -0.126145 -0.0735926   1.47884 -0.182626  -9.69516  16126
               159.3  6.79651  17.0106 -12.1706 -0.523124   1.81893  0.675904 0 0 0   -0.011 -0.02329  0.04412 -0.0829128   0.218485   0.204581 -0.00179341 -0.00253355  -0.0049475  -0.234309  -0.124681 -0.0736896   1.47943 -0.182781  -9.69507  16019
               159.4  6.61706  17.2228 -12.1566 -0.519515   1.81676  0.683324 0 0 0   -0.011 -0.02329  0.04412 -0.110114   0.21786  0.276632 -0.00185999 -0.00252959 -0.00481556  -0.235199  -0.123373 -0.0734084   1.47991 -0.182781    -9.695  16041
               159.5  6.42724  17.9673 -11.8974 -0.536859   1.83154  0.716649 0 0 0   -0.011 -0.02329  0.04412 -0.160299   0.21565  0.371137 -0.00252488 -0.00323377 -0.00510236  -0.235399  -0.122071 -0.0726692   1.48018 -0.183064  -9.69495  15874
               159.6  5.45057  17.6644 -11.4637 -0.55382  1.83781 0.757066 0 0 0   -0.011 -0.02329  0.04412 -0.226731  0.170659  0.440863 -0.00252761 -0.00369865 -0.00529646  -0.235388  -0.121051 -0.0726191   1.48054 -0.183307  -9.69489  15988
               159.7  4.80439  17.3497 -12.0674 -0.569096    1.8372  0.801531 0 0 0   -0.011 -0.02329  0.04412 -0.205328  0.127914  0.464154 -0.00242497 -0.00462025 -0.00488983  -0.235687  -0.119947 -0.0726842   1.48099 -0.183437  -9.69482  15754
               159.8  3.61487  15.8414 -12.6646 -0.584343   1.82978  0.844725 0 0 0   -0.011 -0.02329  0.04412 -0.159334 0.0947667  0.461569 -0.00198019 -0.00435855 -0.00453024   -0.23578  -0.118556 -0.0724752   1.48146 -0.183734  -9.69474  15944
               159.9  2.68435   14.957 -12.9818 -0.590759   1.83223  0.874842 0 0 0   -0.011 -0.02329  0.04412 -0.0975365   0.108126   0.403798 -0.00162062 -0.00436563 -0.00452849  -0.236585  -0.117742 -0.0717643   1.48163 -0.183666  -9.69472  15809
                 160  1.67179  14.3231 -13.3591 -0.599277   1.82635  0.906696 0 0 0   -0.011 -0.02329  0.04412 -0.0464779   0.105567   0.326041 -0.00113095  -0.0047578 -0.00423068  -0.236432  -0.116485 -0.0713759   1.48199 -0.184045  -9.69465  15850
               160.1  1.31865  13.0018 -13.8279 -0.604111   1.82428  0.944424 0 0 0   -0.011 -0.02329  0.04412 -0.0172263   0.116406   0.273197 -0.00134639 -0.00466169 -0.00411122  -0.235907  -0.115615 -0.0716763   1.48236 -0.184418  -9.69459  15540
               160.2 0.543753  12.1914 -14.4227 -0.613701   1.83363  0.964512 0 0 0   -0.011 -0.02329  0.04412 0.0228044  0.136909  0.224347 -0.00128307  -0.0050546 -0.00396686  -0.235182  -0.115406 -0.0711513   1.48223 -0.184808   -9.6946  15596
               160.3 -0.274899   11.2154  -15.1609 -0.623561    1.8469  0.990312 0 0 0   -0.011 -0.02329  0.04412 0.0548113  0.144666  0.220037 -0.00136297 -0.00514373 -0.00395052   -0.23401  -0.115367 -0.0709201   1.48208 -0.185301  -9.69462  15459
             160.399 -1.33244  9.76343 -16.0753 -0.631773   1.85302   1.01964 0 0 0   -0.011 -0.02329  0.04412 0.054404 0.129883 0.203037 -0.00116921 -0.00450475 -0.00416077  -0.232742  -0.115063 -0.0711358   1.48213 -0.185835   -9.6946  15397
               160.5 -2.08516  8.04454 -17.0194 -0.633465   1.85177   1.05014 0 0 0   -0.011 -0.02329  0.04412 0.0533398  0.128899  0.185329 -0.000900617  -0.00361944  -0.00425911  -0.231969  -0.114538 -0.0719395   1.48248 -0.186149  -9.69454  15281
             160.599 -3.26637  6.03443 -20.4666 -0.629442   1.86248   1.07882 0 0 0   -0.011 -0.02329  0.04412 0.0651914  0.188243  0.135534  -0.0007303  -0.0033745 -0.00369169  -0.231468  -0.113919 -0.0721993   1.48273 -0.186446  -9.69449  15308
               160.7  -4.9663  4.49209 -21.9826 -0.637239   1.87499   1.10001 0 0 0   -0.011 -0.02329  0.04412 0.0862487    0.2358  0.100407 -0.000103128  -0.00340023  -0.00407636 -0.230205  -0.11337 -0.072366  1.48284 -0.18701 -9.69447  15334
             160.799 -4.97117  2.66219 -24.6035 -0.637768   1.88638   1.11126 0 0 0   -0.011 -0.02329  0.04412  0.128087  0.235338 0.0512616 -0.00037914 -0.00349176 -0.00359192  -0.229237  -0.112591 -0.0721181   1.48296 -0.187583  -9.69444  15072
               160.9 -4.56603 0.819333 -26.4568 -0.649626   1.90117   1.14074 0 0 0   -0.011 -0.02329  0.04412  0.111543   0.26521 0.0132192 1.34925e-05 -0.00300829  -0.0036176  -0.227498  -0.111971 -0.0730305   1.48314 -0.188161   -9.6944  15270
                 161 -2.82773 -1.76207 -27.6529 -0.662903   1.91743   1.16977 0 0 0   -0.011 -0.02329  0.04412   0.11299  0.320983 0.0125121 -5.03713e-05  -0.00249583  -0.00473655  -0.225802  -0.110955 -0.0739857   1.48344 -0.188794  -9.69434  14920
             161.099 -2.91368 -1.15283 -29.2933 -0.671422   1.94034   1.18058 0 0 0   -0.011 -0.02329  0.04412  0.137786  0.353946 0.0145844 0.000580882 -0.00345838 -0.00526745   -0.22463  -0.110658 -0.0741787   1.48337 -0.189169  -9.69434  15269
             161.199 -2.33152 -1.52356 -31.3754 -0.661263   1.97832   1.19043 0 0 0   -0.011 -0.02329  0.04412  0.164899  0.415891 0.0145209   0.0006695 -0.00367067 -0.00541787  -0.224273  -0.110599 -0.0745753   1.48338 -0.189191  -9.69434  15000
             161.299 -1.75499 -2.47767 -34.5295 -0.65407  2.00887  1.18699 0 0 0   -0.011 -0.02329  0.04412  0.180596  0.470361 -0.002944    0.000636 -0.00371382  -0.0051594  -0.223505  -0.109239 -0.0737856   1.48347 -0.189913  -9.69431  15212
               161.4 -1.63702 -1.27473 -35.5056 -0.654899   1.99313   1.18239 0 0 0   -0.011 -0.02329  0.04412   0.194818   0.413866 -0.0108895 0.000545375 -0.00477046 -0.00496852  -0.223018  -0.108025 -0.0729887   1.48357 -0.190552  -9.69429  14864
               161.5 -1.51246   -3.379  -39.014 -0.627752    2.0367   1.17895 0 0 0   -0.011 -0.02329  0.04412   0.264533   0.394775 -0.0127915 0.000569331 -0.00489845 -0.00450764   -0.22261  -0.106786 -0.0724427   1.48361 -0.191093  -9.69427  15062
               161.6 -1.37872 -5.41958  -40.572 -0.597593   2.05867   1.17972 0 0 0   -0.011 -0.02329  0.04412    0.324142    0.381347 -0.00848679 0.000211523 -0.00465269 -0.00429377  -0.222746  -0.106337 -0.0723515   1.48368 -0.191252  -9.69426  14939
             161.699 -1.95842 -5.97699 -42.5122 -0.583787   2.08526    1.1929 0 0 0   -0.011 -0.02329  0.04412  0.345311  0.342318 0.0284706 0.000468247 -0.00520826 -0.00395328  -0.222075  -0.105318 -0.0729292   1.48364 -0.191373  -9.69426  15038
               161.8 -1.33292 -7.42578 -43.5125 -0.549755   2.10453   1.20998 0 0 0   -0.011 -0.02329  0.04412  0.37347 0.330895 0.049498 0.000195452 -0.00502521 -0.00401637  -0.222101  -0.104552 -0.0735217   1.48368 -0.191425  -9.69425  14970
               161.9  -1.9348 -9.23865 -44.6821 -0.52373  2.13951  1.21931 0 0 0   -0.011 -0.02329  0.04412   0.42188   0.35123 0.0630679  0.00101534 -0.00478593 -0.00391699  -0.221595  -0.103593 -0.0736732   1.48356 -0.191523  -9.69427  14948
             161.999 -2.16635 -9.88182 -45.1261 -0.479919    2.1696    1.2216 0 0 0   -0.011 -0.02329  0.04412  0.517361  0.377377 0.0732076  0.00119943 -0.00496741 -0.00416871  -0.221738  -0.103831 -0.0734914   1.48359 -0.191549  -9.69426  15222
               162.1 -2.26172 -10.3677  -46.386 -0.423702   2.19741   1.22396 0 0 0   -0.011 -0.02329  0.04412  0.605543  0.372779 0.0796174  0.00120305 -0.00482952 -0.00397188 -0.221782 -0.103193 -0.072941   1.48352 -0.191833  -9.69427  15148
               162.2 -1.01176 -10.9394 -48.4009 -0.383657   2.23229   1.23778 0 0 0   -0.011 -0.02329  0.04412  0.609472  0.413582 0.0893407 0.000557744 -0.00440771 -0.00333492  -0.221436  -0.102324 -0.0731973   1.48339 -0.191806  -9.69429  15405
               162.3 -1.14811 -11.8255 -49.0083 -0.346179     2.274   1.25127 0 0 0   -0.011 -0.02329  0.04412 0.577471 0.448663 0.113184 0.000776933 -0.00408505 -0.00310026  -0.221112  -0.101769 -0.0735022   1.48328 -0.191693  -9.69431  15252
               162.4 0.477032 -12.2043 -50.6378 -0.280513   2.32839   1.25223 0 0 0   -0.011 -0.02329  0.04412  0.62548 0.513304 0.109768 0.000733808 -0.00405284 -0.00246734  -0.220944  -0.101604 -0.0728023   1.48323 -0.191884  -9.69431  15384
               162.5 0.338336 -12.0498 -51.1802 -0.244154   2.35484   1.26363 0 0 0   -0.011 -0.02329  0.04412 0.663029 0.538934 0.127213  0.00112024 -0.00427768 -0.00241892  -0.221018  -0.100853 -0.0728783    1.4831 -0.191928  -9.69433  15284
               162.6  0.36502 -13.0921 -52.2144 -0.167013   2.43415   1.25873 0 0 0   -0.011 -0.02329  0.04412 0.709132 0.638058 0.133203   0.0012269   -0.003799 -0.00211896  -0.220582  -0.100665 -0.0718442   1.48303 -0.192154  -9.69434  15517
               162.7 0.607995 -12.8787 -52.1975 -0.160128   2.49785    1.2826 0 0 0   -0.011 -0.02329  0.04412 0.648148  0.69789 0.152966   0.0012456 -0.00385946 -0.00213949  -0.219761 -0.0994187 -0.0727598  1.48276 -0.19159 -9.69439  15396
               162.8 0.901812 -13.9627  -53.057 -0.174023   2.51027   1.27529 0 0 0   -0.011 -0.02329  0.04412 0.585425  0.71592 0.139088  0.00135154 -0.00311968 -0.00151945  -0.219517 -0.0979183 -0.0722024   1.48242 -0.191713  -9.69444  15388
               162.9  1.77925 -11.2948 -52.3011 -0.102871   2.63317   1.29912 0 0 0   -0.011 -0.02329  0.04412 0.663489  0.80055 0.155555  0.00190266 -0.00496762 -0.00186459   -0.21934 -0.0960511 -0.0720283   1.48197 -0.191649  -9.69451  15395
                 163  2.24509 -11.3475 -52.8191 -0.104068    2.6239   1.30223 0 0 0   -0.011 -0.02329  0.04412 0.659586 0.761927 0.152272  0.00172215 -0.00492545 -0.00144001  -0.219842 -0.0947617  -0.071789   1.48165 -0.191845  -9.69455  15478
               163.1  2.82372 -10.9606 -52.1896 -0.00347443     2.72925     1.30393 0 0 0   -0.011 -0.02329  0.04412 0.760751 0.781314 0.119879  0.00188277 -0.00461935 -0.00135682  -0.220232 -0.0924095 -0.0701216   1.48105 -0.192447  -9.69463  15534
             163.203  4.42611 -13.5593 -52.2861 0.0898683   2.82368   1.29637 0 0 0   -0.011 -0.02329  0.04412   0.80121  0.894446 0.0868038  0.00120005 -0.00270819 -0.00123712  -0.220055 -0.0927564 -0.0689413   1.48116 -0.192909  -9.69461  15530
               163.3  4.48151 -12.4614 -52.2946 0.15492 2.90592 1.30086 0 0 0   -0.011 -0.02329  0.04412  0.833576  0.955172 0.0921145  0.00141924 -0.00324676 -0.00126293  -0.220015 -0.0919618   -0.06873   1.48097 -0.192892  -9.69464  15442
             163.399   4.3821 -14.1954 -52.9756 0.210973  2.97337   1.2997 0 0 0   -0.011 -0.02329  0.04412  0.827891   1.02037 0.0865502  0.00170653 -0.00179439 -0.00124895  -0.220375    -0.0905 -0.0681725   1.48058 -0.193071  -9.69469  15609
               163.5  4.36946 -14.3378 -53.4209 0.245988  3.01832  1.28962 0 0 0   -0.011 -0.02329  0.04412  0.830939   1.07157 0.0684186  0.00177304 -0.00163591 -0.00108272 -0.220165 -0.090362  -0.06737   1.48058 -0.193316  -9.69469  15637
             163.599  4.58632 -14.2414 -53.7665 0.299708  3.10396  1.27099 0 0 0   -0.011 -0.02329  0.04412  0.825022   1.15259 0.0363499   0.00176618  -0.00153711 -0.000971406  -0.219667  -0.089664 -0.0659699   1.48051 -0.193638  -9.69469  15728
             163.699  5.07036 -13.1095 -53.6627 0.351341  3.21091  1.28387 0 0 0   -0.011 -0.02329  0.04412  0.789375   1.23108 0.0458031   0.00168867  -0.00202369 -0.000991668  -0.220294 -0.0870843 -0.0666848   1.47976 -0.193203  -9.69482  15859
               163.8  4.92573 -13.9027 -53.8707 0.487703  3.42614  1.28031 0 0 0   -0.011 -0.02329  0.04412  0.812369   1.43036 0.0176517  0.00183156 -0.00141259 -0.00109641  -0.220602 -0.0863262 -0.0657824    1.4796 -0.193585  -9.69483  15678
               163.9   4.8653 -13.4494 -54.0644 0.536653  3.54301  1.26722 0 0 0   -0.011 -0.02329  0.04412    0.782844     1.47405 -0.00833593  0.00164889 -0.00188565  -0.0011253  -0.220835 -0.0840883 -0.0647887    1.4791 -0.193762  -9.69491  15547
                 164  5.01016 -14.3912  -54.521 0.584646  3.66577  1.24019 0 0 0   -0.011 -0.02329  0.04412   0.734075    1.54091 -0.0574796  0.00143342 -0.00115313  -0.0013008  -0.220626 -0.0825757 -0.0631259   1.47889 -0.194167  -9.69493  15887
               164.1  4.16422 -14.3551 -54.8458 0.64755 3.81872 1.21996 0 0 0   -0.011 -0.02329  0.04412   0.731924    1.64438 -0.0841175  0.00194666 -0.00111842 -0.00180043   -0.22027 -0.0821749 -0.0621973   1.47892 -0.194373  -9.69492  15589
               164.2  4.48312 -14.3382 -55.2136 0.676147   3.9327  1.20007 0 0 0   -0.011 -0.02329  0.04412  0.705379   1.71352 -0.108881   0.00172977 -0.000956168  -0.00207955  -0.220014 -0.0808901 -0.0614542   1.4787  -0.1944 -9.69495  15905
               164.3  4.75907 -13.7999  -55.795 0.734034  4.09909  1.18916 0 0 0   -0.011 -0.02329  0.04412  0.649186   1.76385 -0.109271   0.00148313 -0.000829866  -0.00225082  -0.221644 -0.0783252 -0.0613781   1.47788 -0.194596  -9.69508  15695
               164.4  4.39572  -13.298 -55.8136 0.777225  4.22672  1.17125 0 0 0   -0.011 -0.02329  0.04412  0.596798   1.78859 -0.130503  0.00156481 -0.00101785 -0.00241913  -0.222959 -0.0763808 -0.0603947   1.47733 -0.195147  -9.69515  15835
               164.5  4.19452 -12.8571 -55.1978 0.797632  4.36829  1.14823 0 0 0   -0.011 -0.02329  0.04412   0.51725   1.80844 -0.164887   0.00146939 -0.000956449  -0.00258287  -0.223948 -0.0735621 -0.0596456   1.47658 -0.195328  -9.69526  15700
               164.6  3.31924 -12.4567 -54.4846 0.831493  4.52658  1.11624 0 0 0   -0.011 -0.02329  0.04412  0.439871    1.8677 -0.203912   0.00172706 -0.000387608  -0.00245231   -0.22503 -0.0715374 -0.0583637   1.47605 -0.195883  -9.69533  15729
               164.7  3.06705 -11.1092 -53.6378 0.84485  4.6895 1.09712 0 0 0   -0.011 -0.02329  0.04412  0.324423   1.93528 -0.212926  0.00156189 -0.00108586 -0.00221293  -0.225918 -0.0694265 -0.0584335   1.47539 -0.195789  -9.69543  15515
             164.799  1.84278 -10.9105 -52.6758 0.86389 4.82901 1.06177 0 0 0   -0.011 -0.02329  0.04412  0.282543   1.99828 -0.256481  0.00216123 -0.00132335  -0.0021281  -0.225935 -0.0687767 -0.0570914   1.47536 -0.196232  -9.69543  15880
               164.9 0.889079 -11.0634 -50.3631 0.895198  5.07582  1.02652 0 0 0   -0.011 -0.02329  0.04412  0.250767   2.10443 -0.258218  0.00209099 -0.00173251 -0.00266214  -0.225728 -0.0688386 -0.0568685   1.47542 -0.196262  -9.69542  15583
                 165  0.35933 -11.5957 -49.2888 0.875772  5.24118   1.0062 0 0 0   -0.011 -0.02329  0.04412  0.198735    2.0925 -0.252699  0.00195818 -0.00156494 -0.00305381  -0.226861 -0.0657522 -0.0571359  1.47447 -0.19601 -9.69557  15773
               165.1 0.107692 -10.8809 -48.3862 0.852057   5.4191 0.994224 0 0 0   -0.011 -0.02329  0.04412  0.184324   2.11013 -0.255203  0.00181409 -0.00148084 -0.00354984  -0.227949 -0.0628473 -0.0581098   1.47352 -0.195509  -9.69572  15637
               165.2 -0.249206  -10.2079  -47.1497  0.85824  5.56279 0.987996 0 0 0   -0.011 -0.02329  0.04412  0.191089    2.1289 -0.234554   0.00175221 -0.000782329  -0.00388323  -0.230899 -0.0602298 -0.0584765   1.47249 -0.195974  -9.69587  15645
               165.3 -0.477797   -10.578  -46.6839 0.889885  5.77439 0.969645 0 0 0   -0.011 -0.02329  0.04412  0.265607   2.32228 -0.213292  0.00195175 0.000173506 -0.00354318  -0.231593 -0.0603319 -0.0584567   1.47244 -0.196234  -9.69587  15452
               165.4  -1.6266 -9.93628 -44.3288 0.933348  6.00924 0.923546 0 0 0   -0.011 -0.02329  0.04412  0.332515   2.51896 -0.273001  0.00222476 0.000432227 -0.00416966  -0.232091 -0.0601486 -0.0567559   1.47247 -0.197048  -9.69585  15322
               165.5 -1.75643 -9.43574 -43.9406 0.983714  6.21407 0.891309 0 0 0   -0.011 -0.02329  0.04412  0.376107   2.67629 -0.307258  0.00195897 0.000359136 -0.00409151  -0.233215 -0.0602035 -0.0557919   1.47246 -0.197806  -9.69583  15394
               165.6 -2.37114 -9.47362 -42.6597  1.01429  6.45748 0.854719 0 0 0   -0.011 -0.02329  0.04412  0.362228     2.814 -0.362808  0.00203988 0.000119336 -0.00499585  -0.234112 -0.0588702 -0.0551323   1.47214 -0.198251  -9.69587  15312
               165.7 -2.59996 -9.60991  -42.158  1.02756  6.71495 0.819645 0 0 0   -0.011 -0.02329  0.04412  0.343173   2.93172 -0.351996   0.00215818 -0.000379365  -0.00567475  -0.234537 -0.0570548 -0.0549295   1.47173 -0.198361  -9.69593  15445
               165.8 -2.57913 -9.93412  -42.139  1.08645  7.02004 0.789849 0 0 0   -0.011 -0.02329  0.04412  0.387634   3.08322 -0.353006   0.00210685 -0.000555835  -0.00574183  -0.235284 -0.0579357  -0.055139    1.4719 -0.198547  -9.69591  15316
               165.9  -2.7395 -11.2453 -40.2675  1.13459  7.32062 0.754671 0 0 0   -0.011 -0.02329  0.04412  0.417034   3.18751 -0.358819    0.0020995 -0.000334791  -0.00630937  -0.235955 -0.0578965 -0.0549143   1.47191 -0.198839   -9.6959  15547
                 166 -2.94845 -10.6861 -38.3719  1.17911  7.56456 0.726445 0 0 0   -0.011 -0.02329  0.04412  0.457972    3.2495 -0.361804   0.00218624 -0.000960644  -0.00694008  -0.236916 -0.0575452 -0.0545699   1.47188 -0.199262  -9.69589  15427
               166.1 -3.30201  -12.268 -36.0572  1.22296  7.95844 0.667961 0 0 0   -0.011 -0.02329  0.04412  0.478435   3.38002 -0.401521   0.00242056 -0.000177571  -0.00777575  -0.237096 -0.0562948 -0.0534892   1.47172 -0.199764  -9.69591  15553
               166.2 -3.30531 -12.5086 -34.9401  1.25397  8.18158 0.630516 0 0 0   -0.011 -0.02329  0.04412  0.503047   3.45525 -0.429289  0.00217893 4.20393e-05 -0.00841397  -0.237395 -0.0557049 -0.0526463 1.47169 -0.2002 -9.6959  15339
               166.3 -3.54483 -12.7499 -34.0293    1.277  8.60263 0.562826 0 0 0   -0.011 -0.02329  0.04412  0.424456   3.59003 -0.471973  0.00206499 0.000585922 -0.00893415  -0.237339 -0.0531823 -0.0515955   1.47139 -0.200769  -9.69594  15439
               166.4  -3.6693 -12.4333 -33.3758  1.27545  8.65411 0.551195 0 0 0   -0.011 -0.02329  0.04412  0.413381   3.60144 -0.482441  0.00204793 0.000422313 -0.00938346  -0.237309 -0.0526532 -0.0512695   1.47134 -0.200925  -9.69594  15220
               166.5 -4.17462 -11.6085 -33.1716  1.31947  9.31463 0.447518 0 0 0   -0.011 -0.02329  0.04412  0.354459   3.84441 -0.530103  0.00218092 0.000307567 -0.00969124  -0.236849 -0.0510033 -0.0502278  1.47122 -0.20144 -9.69595  15343
               166.6  -4.2554 -12.4808 -32.4583  1.33626  9.57266 0.409603 0 0 0   -0.011 -0.02329  0.04412  0.311644   3.93407 -0.546432  0.00206281 0.000979635  -0.0103753   -0.23715 -0.0501329 -0.0500027   1.47121 -0.201703  -9.69594  15190
               166.7 -4.74726 -12.8088 -30.8613  1.33421  10.0649 0.323789 0 0 0   -0.011 -0.02329  0.04412  0.209113   4.09091 -0.593942  0.0021156 0.00112717 -0.0116355  -0.236577  -0.047966 -0.0489168   1.47113 -0.202363  -9.69594  15265
               166.8 -4.93027 -13.4189 -30.7454  1.37178  10.3735 0.268912 0 0 0   -0.011 -0.02329  0.04412  0.209927   4.22537 -0.630572 0.00223799 0.00150908 -0.0119459   -0.23681 -0.0490473 -0.0481271   1.47132 -0.202557  -9.69591  15282
               166.9 -4.98892 -14.4209 -30.5901  1.37768  10.8863 0.170553 0 0 0   -0.011 -0.02329  0.04412  0.116195    4.4012 -0.696718 0.00232605 0.00196364 -0.0122267  -0.236614 -0.0475879 -0.0466883   1.47149 -0.203381  -9.69587  15193
                 167 -5.10738 -14.3959 -30.0861   1.37889   11.2553 0.0902299 0 0 0   -0.011 -0.02329  0.04412 0.0645828   4.54419  -0.75416 0.00242597 0.00162665 -0.0126631  -0.236203 -0.0472045 -0.0452681   1.47164 -0.203985  -9.69583  15310
               167.1 -4.87193 -14.2935 -29.5788     1.383   11.7554 -0.011768 0 0 0   -0.011 -0.02329  0.04412 0.0334467     4.714 -0.806458 0.00222146 0.00124258 -0.0130284  -0.235875 -0.0471505  -0.043976    1.4718 -0.204492   -9.6958  15283
               167.2 -4.76768 -14.5626 -29.3345    1.39562    12.1729 -0.0877764 0 0 0   -0.011 -0.02329  0.04412 0.0152563   4.79335 -0.829576 0.00219897 0.00136783 -0.0130933  -0.236925 -0.0453227 -0.0432543   1.47227 -0.205243  -9.69571  15307
               167.3 -4.85155 -14.4033  -28.686   1.36781   12.5824 -0.178006 0 0 0   -0.011 -0.02329  0.04412 -0.0527634    4.88817  -0.876061 0.00225522 0.00130983 -0.0134182  -0.236371 -0.0432379 -0.0419919   1.47253 -0.206149  -9.69565  15260
               167.4 -5.26541 -15.1684  -27.447   1.36638   13.1282 -0.296888 0 0 0   -0.011 -0.02329  0.04412 -0.0884689    5.07788   -0.93802 0.00236066 0.00174784 -0.0140388  -0.236079 -0.0435992  -0.040511   1.47275 -0.206664  -9.69561  15373
               167.5 -5.51178 -15.2529 -26.6701    1.3818   13.5943 -0.403339 0 0 0   -0.011 -0.02329  0.04412 -0.0958796    5.23752  -0.996474  0.0024273 0.00185285 -0.0144155  -0.236275 -0.0444865 -0.0389782   1.47305 -0.207096  -9.69555  15310
               167.6 -5.84618 -16.0999 -25.9165   1.39855   13.6621 -0.421253 0 0 0   -0.011 -0.02329  0.04412 -0.0903339    5.22063   -1.00743 0.00253548 0.00247107 -0.0148771  -0.237334 -0.0432055 -0.0383217   1.47357 -0.207646  -9.69546  15351
               167.7 -5.30422 -16.5314 -25.4484   1.33594   14.5654 -0.595147 0 0 0   -0.011 -0.02329  0.04412 -0.251976   5.48367   -1.0507 0.00221752 0.00263887 -0.0151269  -0.236462 -0.0410344 -0.0384677   1.47361 -0.208097  -9.69545  15317
               167.8 -6.21529 -17.2196 -23.9299   1.29939   14.9343 -0.680882 0 0 0   -0.011 -0.02329  0.04412 -0.322103   5.58993  -1.09393 0.00254645 0.00314741 -0.0159848  -0.235705 -0.0401417 -0.0376164   1.47376 -0.208658  -9.69541  15364
               167.9 -6.37782 -17.1486 -23.0909   1.25082   15.3797 -0.811514 0 0 0   -0.011 -0.02329  0.04412 -0.399843   5.71377  -1.18613 0.00249379 0.00313606 -0.0164426  -0.234084 -0.0390984  -0.034964    1.4742 -0.210019  -9.69531  15136
                 168 -6.23987 -17.6361 -22.2737 1.18133 16.3942 -1.0269 0 0 0   -0.011 -0.02329  0.04412 -0.548146   6.02851  -1.25776 0.00238202 0.00315013 -0.0168308  -0.234416 -0.0390098 -0.0344927   1.47442 -0.210187  -9.69528  15311
               168.1 -6.37961 -18.7203 -21.6144  1.15146  16.7822 -1.11198 0 0 0   -0.011 -0.02329  0.04412 -0.608835   6.09286    -1.286 0.00251783 0.00336892 -0.0172363  -0.235368  -0.036285 -0.0338491   1.47532 -0.210959  -9.69512  15210
               168.2 -6.73001 -18.4442 -20.5991  1.14458  16.9475 -1.16873 0 0 0   -0.011 -0.02329  0.04412 -0.606492   6.14252  -1.33061 0.00255231  0.0030827  -0.017872  -0.235209 -0.0362664 -0.0324184   1.47569 -0.211514  -9.69506  15313
               168.3 -7.34747 -19.6412 -18.7664 1.04982 17.9867 -1.4009 0 0 0   -0.011 -0.02329  0.04412 -0.685619   6.39358  -1.38879 0.00234079 0.00393273 -0.0186824  -0.236087 -0.0341278  -0.031544   1.4766 -0.21219  -9.6949  15178
               168.4 -7.41999 -19.7186 -17.6786  1.03892  18.2103 -1.45899 0 0 0   -0.011 -0.02329  0.04412 -0.70734  6.44291 -1.41848  0.0021257 0.00417456 -0.0193499  -0.236566 -0.0335443 -0.0307426   1.47708 -0.212535  -9.69482  15312
               168.5 -7.75768 -19.6331 -17.2818 0.937908  18.7833 -1.61039 0 0 0   -0.011 -0.02329  0.04412 -0.864046   6.56904  -1.49069 0.00228347 0.00417899 -0.0195905  -0.235131  -0.031304 -0.0293642   1.47768 -0.213778   -9.6947  15286
               168.6 -7.84683 -20.2129  -16.755 0.839105  19.4103 -1.78993 0 0 0   -0.011 -0.02329  0.04412 -0.980466   6.73071  -1.59287 0.00223511 0.00437319 -0.0198762  -0.233929 -0.0300453 -0.0270454   1.47846 -0.215086  -9.69455  15271
             168.699 -8.09227 -22.6589 -15.9541 0.740362  20.0957 -1.96012 0 0 0   -0.011 -0.02329  0.04412 -1.09471  6.94548 -1.66003 0.00216491 0.00580582 -0.0201448   -0.23386 -0.0303572 -0.0265165   1.47855 -0.215205  -9.69454  15455
             168.799 -8.33847 -23.7419 -14.9443  0.54121  21.3884 -2.29673 0 0 0   -0.011 -0.02329  0.04412 -1.34937  7.29552  -1.8159 0.00213462 0.00663214 -0.0206599  -0.234079 -0.0297299 -0.0244868   1.47952 -0.215934  -9.69437  15389
               168.9 -8.32411 -24.0642 -14.1783 0.546102  21.4842 -2.32241 0 0 0   -0.011 -0.02329  0.04412 -1.34701  7.32372 -1.83128 0.00191352 0.00690302 -0.0211196  -0.234824 -0.0298187 -0.0240381   1.47983 -0.215876  -9.69433  15244
                 169 -7.43216 -23.8934 -13.8202 0.237373  22.9005 -2.68382 0 0 0   -0.011 -0.02329  0.04412 -1.70235  7.68894 -1.96225 0.00144401 0.00662544 -0.0215346  -0.234019 -0.0290717  -0.024008    1.4799 -0.216255  -9.69431  15351
               169.1 -7.53984  -23.674 -12.4705 0.0618155   23.6391  -2.88948 0 0 0   -0.011 -0.02329  0.04412 -1.86694  7.82595 -2.04114   0.001194 0.00667591 -0.0223235  -0.233538 -0.0271829  -0.022855   1.48087 -0.217113  -9.69414  15235
               169.2 -7.41904 -23.9354 -12.1528 -0.0789052    24.3304   -3.09175 0 0 0   -0.011 -0.02329  0.04412 -1.98948  7.96324 -2.13281 0.000998058  0.00691378  -0.0223553  -0.233893 -0.0259555 -0.0210709    1.4821 -0.217758  -9.69394  15452
               169.3 -8.47606 -23.2777 -8.99011 -0.32814  25.2605 -3.36266 0 0 0   -0.011 -0.02329  0.04412 -2.20692  8.16735 -2.23557 0.00075806 0.00681684 -0.0240706  -0.233072 -0.0257035 -0.0200503   1.48245 -0.218329  -9.69387  15137
               169.4 -9.25891 -23.5478 -8.18923 -0.450894   25.9438  -3.59443 0 0 0   -0.011 -0.02329  0.04412 -2.28031  8.32929 -2.35956 0.00102099 0.00703688 -0.0244292  -0.233602 -0.0260975  -0.016993   1.48371 -0.218877  -9.69367  15364
               169.5 -8.62368 -22.9372 -8.57061 -0.688751   26.8401  -3.83457 0 0 0   -0.011 -0.02329  0.04412  -2.4579  8.48424 -2.40658 0.000729933  0.00681335  -0.0242212  -0.234573 -0.0247392 -0.0172508   1.48431 -0.218702  -9.69358  15200
               169.6 -10.1141 -24.6729 -6.17645 -0.93852  27.7038 -4.11457 0 0 0   -0.011 -0.02329  0.04412 -2.65473  8.68138 -2.53601 0.00114925 0.00823542 -0.0252228  -0.233776 -0.0246585 -0.0155091   1.48495 -0.219403  -9.69346  15330
               169.7 -9.64592 -21.6264 -5.59837 -1.23126  28.5813 -4.37433 0 0 0   -0.011 -0.02329  0.04412 -2.85251  8.87454 -2.60884  0.0006396 0.00686726 -0.0256256  -0.232821 -0.0251043 -0.0156851   1.48455 -0.219683  -9.69352  15129
               169.8 -10.1645 -21.2078 -4.00771 -1.53099  29.4489 -4.65197 0 0 0   -0.011 -0.02329  0.04412 -3.03465  8.98746 -2.69796 0.00057467 0.00771798 -0.0264034  -0.231492 -0.0229578 -0.0144598    1.4858 -0.220784   -9.6933  15371
               169.9 -9.93578 -20.2594 -3.06798 -1.79316  30.3259 -4.92593 0 0 0   -0.011 -0.02329  0.04412 -3.16585  9.15635 -2.78569 0.000296884  0.00836288  -0.0268393  -0.232832 -0.0225289 -0.0133106   1.48665 -0.220467  -9.69318  15097
                 170 -10.0383 -18.0018 -1.84676 -2.10029  31.2396 -5.20012 0 0 0   -0.011 -0.02329  0.04412 -3.33881  9.30644 -2.86189 0.000164006  0.00869518  -0.0276041  -0.233684 -0.0215973 -0.0131859  1.48722 -0.22023  -9.6931  15440
               170.1 -9.21964  -15.665  -2.3989 -2.43187  32.1445 -5.51531 0 0 0   -0.011 -0.02329  0.04412 -3.55414   9.4129  -3.0061 -0.000276234   0.00933724   -0.0274658  -0.232404 -0.0194513 -0.0110481   1.48896 -0.221397   -9.6928  15195
               170.2  -9.66295  -15.4209 -0.963468 -2.79334  32.7747 -5.75337 0 0 0   -0.011 -0.02329  0.04412 -3.89136  9.33672 -3.11689 -0.000308213    0.0110757   -0.0283737  -0.226763 -0.0132436 -0.0102037  1.49158  -0.2248 -9.69232  15406
               170.3   -10.2051   -12.5598 -0.0127297  -3.1423  33.6238 -6.07516 0 0 0   -0.011 -0.02329  0.04412 -4.16981  9.48119 -3.29267 -0.000247712    0.0110511   -0.0291922   -0.226207  -0.0135148 -0.00814523  1.49223 -0.22531 -9.69221  15354
               170.4   -10.38 -9.51848 0.175207 -3.51093  34.4854 -6.40811 0 0 0   -0.011 -0.02329  0.04412 -4.39726  9.61779 -3.46208 -0.000394459    0.0109602   -0.0294525   -0.225929  -0.0136658 -0.00623705   1.49289 -0.225674   -9.6921  15344
               170.5 -11.6737 -6.16419  2.04358 -3.89002  35.3106 -6.73471 0 0 0   -0.011 -0.02329  0.04412 -4.63646  9.64624 -3.60028 6.13458e-05   0.0110556   -0.030571   -0.225432  -0.0102255 -0.00426642   1.49531 -0.226427  -9.69171  15473
               170.6 -12.9741 -3.56669  3.80531 -4.30579  36.1641 -7.07857 0 0 0   -0.011 -0.02329  0.04412 -4.95404  9.71509 -3.73329 0.000811565   0.0109152  -0.0314332   -0.225132 -0.00813471 -0.00272475  1.49691  -0.2269 -9.69145  15306
               170.7  -13.5465 -0.283748   5.39745 -5.13589  37.6935 -7.68656 0 0 0   -0.011 -0.02329  0.04412 -5.41865  9.84412 -3.92274 0.00109594 0.00958831 -0.0327574   -0.224325 -0.00379932   -0.001976   1.49938 -0.227601  -9.69106  15525
               170.8 -13.4283  1.95772   5.9387 -5.65474  38.6491 -8.09453 0 0 0   -0.011 -0.02329  0.04412 -5.61885  9.89616 -4.04674 0.000934517  0.00923859  -0.0334227    -0.224469  8.65868e-05 -0.000206928   1.50201 -0.227886  -9.69064  15395
               170.9  -13.712 0.987273  7.53838 -6.25063  39.7045 -8.53876 0 0 0   -0.011 -0.02329  0.04412 -5.93762  9.99346 -4.15776 0.00119973  0.0102237 -0.0339848   -0.225085  0.00163109 0.000605886   1.50311 -0.227699  -9.69047  15653
                 171 -14.2449 -0.48756  8.20402 -6.66014  40.4202 -8.86325 0 0 0   -0.011 -0.02329  0.04412 -6.11179  10.0717  -4.2805 0.00163499  0.0110545 -0.0340515  -0.225623 0.00265131 0.00213171   1.50408 -0.227647  -9.69032  15674
               171.1 -14.6691 -1.11454   9.4463 -7.42947  41.7434 -9.48902 0 0 0   -0.011 -0.02329  0.04412 -6.43421  10.2636 -4.53949 0.00192226  0.0115593   -0.03459  -0.227345 0.00256038 0.00543487   1.50478 -0.227265  -9.69022  15686
               171.2 -14.8515 -0.78256  10.2537  -7.9764  42.6831 -9.92592 0 0 0   -0.011 -0.02329  0.04412 -6.64486  10.3695 -4.68348 0.00210246  0.0115202 -0.0350636  -0.229667 0.00407994 0.00678429   1.50594 -0.226175  -9.69007  15610
               171.3 -15.0833 -1.35454  10.3376 -8.59665  43.7101 -10.4586 0 0 0   -0.011 -0.02329  0.04412 -6.89704  10.5086 -4.91589 0.00252336  0.0118812 -0.0350943  -0.231637 0.00415495  0.0102896    1.5066 -0.225754  -9.68998  15646
               171.4 -16.0858  -2.3247  11.8019 -8.87284  44.1743 -10.7357 0 0 0   -0.011 -0.02329  0.04412 -6.97581  10.5361 -5.05527 0.00326315  0.0126978 -0.0359232  -0.232911 0.00740774  0.0133143   1.50899 -0.225495  -9.68961  15461
               171.5 -15.9988 -2.12461  13.5105 -9.99681  45.8138 -11.5729 0 0 0   -0.011 -0.02329  0.04412 -7.52452  10.7073 -5.35115 0.00348522  0.0129158 -0.0374593   -0.23256 0.00744837  0.0152459   1.50931 -0.226124  -9.68955  15574
               171.6 -15.9097 -2.41944  14.3723 -10.7577  46.8799  -12.095 0 0 0   -0.011 -0.02329  0.04412 -7.86869  10.7785 -5.46955 0.00356655  0.0132293 -0.0381452  -0.232746 0.00968598   0.014435    1.5105 -0.225658  -9.68937  15453
               171.7 -16.0013 -4.17917  14.3392 -11.5036  48.0042 -12.6805 0 0 0   -0.011 -0.02329  0.04412 -8.12282  10.8793 -5.65897 0.00363697  0.0140933 -0.0378456 -0.237316 0.0139369 0.0156037   1.51293 -0.222951  -9.68906  15476
               171.8 -15.4215 -3.86093  14.6122 -12.2759  49.0262 -13.2576 0 0 0   -0.011 -0.02329  0.04412  -8.4312  10.9251 -5.86147 0.00332389   0.013914 -0.0380022 -0.237477 0.0157237 0.0176047   1.51426 -0.223156  -9.68884  15497
               171.9 -15.0337 -4.29143  14.5745 -13.1006  50.0961 -13.8952 0 0 0   -0.011 -0.02329  0.04412 -8.76122  10.9663 -6.09565 0.00316417  0.0142507 -0.0379643 -0.238253 0.0176983  0.020497   1.51579 -0.223185   -9.6886  15416
                 172 -15.4527 -4.18447  16.0816 -14.0025  51.1651 -14.5523 0 0 0   -0.011 -0.02329  0.04412 -9.11613  10.9299 -6.29518   0.003585  0.0140943 -0.0389866  -0.23658 0.0220103 0.0228221 1.51884 -0.2242 -9.6881  15548
               172.1 -14.6394 -6.54589  16.0788 -14.8433  52.1642 -15.1614 0 0 0   -0.011 -0.02329  0.04412 -9.43746  10.9724 -6.49162 0.00326808   0.015544 -0.0388824   -0.2368 0.0230507 0.0241397   1.51963 -0.224254  -9.68798  15369
               172.2 -14.7848 -6.69572  17.2246 -15.8233  53.3592 -15.9023 0 0 0   -0.011 -0.02329  0.04412 -9.77026  10.9848 -6.72226  0.0034929  0.0159929 -0.0398174 -0.240053 0.0278625 0.0258717   1.52247 -0.222155  -9.68758  15609
               172.3 -15.1933 -5.12384  17.7116 -16.5704  54.2459   -16.52 0 0 0   -0.011 -0.02329  0.04412 -10.0016  10.9962 -6.96289 0.00398405  0.0152311 -0.0405776 -0.242786  0.031644 0.0294535   1.52499 -0.220857  -9.68721  15376
               172.4 -15.2783 -4.85607  18.0076 -16.8976  54.5905 -16.7613 0 0 0   -0.011 -0.02329  0.04412 -10.0942  10.9487 -7.02468 0.00413179  0.0151665 -0.0409526 -0.242222 0.0351028 0.0302737  1.52725  -0.2209 -9.68686  15512
               172.5 -15.4452 -4.57311  19.2423 -18.4794  56.2987 -17.8887 0 0 0   -0.011 -0.02329  0.04412 -10.6449  10.9776 -7.31907 0.00485949  0.0155058 -0.0425808  -0.24432 0.0375492 0.0311499   1.52861 -0.219496  -9.68667  15355
               172.6  -14.429 -3.78843  19.3382 -18.8687  56.6713 -18.1474 0 0 0   -0.011 -0.02329  0.04412 -10.7547  10.9058 -7.35345 0.00441215  0.0151392  -0.043032 -0.243063 0.0415928 0.0312468    1.5312 -0.219668  -9.68626  15640
               172.7 -13.3196 -3.45091  16.9654 -20.7029  58.5004 -19.4809 0 0 0   -0.011 -0.02329  0.04412 -11.3493  10.8878 -7.73557 0.00490333  0.0150512 -0.0431263 -0.244262 0.0443431 0.0348185   1.53328 -0.219219  -9.68594  15392
               172.8 -14.2157 -2.98464  18.1568 -20.9766  58.8157 -19.7011 0 0 0   -0.011 -0.02329  0.04412  -11.366  10.8861 -7.77251 0.00570324  0.0149782 -0.0442969 -0.247437 0.0487566 0.0350796   1.53556 -0.216718  -9.68564  15642
               172.9 -11.8639 -2.30296  16.0707 -22.9644  60.6785 -21.0765 0 0 0   -0.011 -0.02329  0.04412 -11.9615  10.8605 -8.06116 0.00565324  0.0141918  -0.044816   -0.2483 0.0539881 0.0360725   1.53875 -0.215565  -9.68516  15434
                 173 -10.9663  -1.4765  14.7054 -24.4953   62.084 -22.1127 0 0 0   -0.011 -0.02329  0.04412 -12.4267  10.9502 -8.27109 0.00596942  0.0133695 -0.0453972 -0.250503 0.0520198 0.0358807   1.53723 -0.214528  -9.68542  15508
               173.1 -10.5264 -2.27475  14.9368 -25.3968  62.9056 -22.7377 0 0 0   -0.011 -0.02329  0.04412 -12.6584  10.9863 -8.40163 0.00618477  0.0137613 -0.0462197 -0.252588 0.0524318 0.0363567   1.53727 -0.213304  -9.68544  15458
               173.2 -8.65776 -3.32161   12.391 -26.8766  64.1002 -23.6947 0 0 0   -0.011 -0.02329  0.04412 -12.9631  10.7588 -8.50087 0.00593092  0.0140022 -0.0459982 -0.249453 0.0639381 0.0363226   1.54459 -0.213471  -9.68427  15431
               173.3 -8.84216 -1.84439  10.3252 -28.1664  65.1752 -24.5993 0 0 0   -0.011 -0.02329  0.04412 -13.2973  10.7764 -8.72339 0.00683903  0.0129194 -0.0460572 -0.250386 0.0638543 0.0386452   1.54476 -0.213294  -9.68425  15364
               173.4  -8.08296 -0.658987   8.99885 -29.3844  66.2102 -25.3939 0 0 0   -0.011 -0.02329  0.04412 -13.6042  10.8899  -8.8341 0.00700385  0.0120571 -0.0464734 -0.253572 0.0612715 0.0376219   1.54266 -0.211579  -9.68462  15386
               173.5  -8.56717 -0.256776   9.41916 -29.8611  66.6002 -25.6898 0 0 0   -0.011 -0.02329  0.04412 -13.7237  10.9151 -8.85541 0.00747939  0.0117951 -0.0471595 -0.254142 0.0606155 0.0369016    1.5421 -0.211213  -9.68472  15397
               173.6  -8.34922 -0.656253   7.10108 -32.1336  68.4027 -27.2058 0 0 0   -0.011 -0.02329  0.04412 -14.1781  10.9279 -9.11558 0.00801395  0.0115522 -0.0471414 -0.255987 0.0627629 0.0387605   1.54339 -0.210184  -9.68454  15480
               173.7 -8.31592 0.693356   6.5929 -32.6433  68.7889 -27.5163 0 0 0   -0.011 -0.02329  0.04412 -14.2496  10.8957 -9.11975 0.00812414  0.0106523  -0.047199 -0.256089  0.065096 0.0379583   1.54467 -0.209778  -9.68434  15425
               173.8 -8.34166 0.292401  5.05257  -35.137  70.6414 -29.1284 0 0 0   -0.011 -0.02329  0.04412 -14.7587  10.8635 -9.33384 0.00846166  0.0100884   -0.04723  -0.25523 0.0671629 0.0394358   1.54608 -0.210343   -9.6841  15376
               173.9 -8.86663 0.339489  3.97531 -36.6318  71.7257 -30.0694 0 0 0   -0.011 -0.02329  0.04412 -15.0363  10.8739 -9.43622 0.00865873 0.00936935 -0.0470623 -0.254747 0.0671012 0.0396131   1.54609 -0.210651   -9.6841  15121
                 174   -8.89196 -0.0320316    3.23595 -38.1422  72.8003 -31.0001 0 0 0   -0.011 -0.02329  0.04412 -15.3183  10.9033 -9.54157 0.00867789 0.00913618 -0.0468996 -0.253513 0.0652967 0.0394986   1.54513 -0.211413  -9.68423  15351
               174.1  -9.82009 0.0269395   3.10489  -38.288  72.8942 -31.1239 0 0 0   -0.011 -0.02329  0.04412 -15.3049   10.858 -9.57542 0.00935508 0.00905062 -0.0468793 -0.253938 0.0682402 0.0406065   1.54687 -0.211219  -9.68396  15000
               174.2  -9.31165 -0.660968   1.80104 -41.1059  74.8832 -32.9051 0 0 0   -0.011 -0.02329  0.04412 -15.8171  10.9895 -9.81606 0.00945204 0.00935506 -0.0469183 -0.254363 0.0669711 0.0416934    1.5462 -0.211165  -9.68407  15320
               174.3 -9.78017 0.301705 0.818524 -42.8822  76.0886 -33.9756 0 0 0   -0.011 -0.02329  0.04412 -16.1334  11.0258 -9.90557  0.0099896 0.00858233 -0.0465727 -0.253661  0.068705 0.0407163  1.54714  -0.2114 -9.68391  14960
               174.4  -9.2453 0.263314 0.155393 -44.4504  77.2177 -34.9357 0 0 0   -0.011 -0.02329  0.04412 -16.2911  11.2103  -9.9913 0.00997413 0.00837547 -0.0466324 -0.257046 0.0690469 0.0392868   1.54719 -0.209353  -9.68395  15018
