             39.1003  -0.121877  0.0510464 -0.0863536  0.00612081 -0.00506353 -0.00945415 -1.96491e-06  -5.0774e-08 -1.06644e-06 -0.0109999 -0.0232901  0.0441199   0.00535617   0.00256357 -0.000175872   0.0008566 -0.00260957 -0.00430547 -1.18463e-07  1.14271e-07  2.02682e-07    1.5511 0.0900418  -9.68517  13974
             39.2003  -0.169112  0.0791855 -0.0543136  0.00850406 -0.00389937 -0.00980217 8.75991e-06 -2.2385e-05 4.95334e-07     -0.011 -0.0232901  0.0441199   0.0237097   0.0119593 -0.00289971  0.00100306 -0.00269477  -0.0043973 -4.23287e-06 -1.82818e-06  7.69816e-07    1.5511 0.0900437  -9.68517  14021
             39.3003   -0.123023 0.000124412   -0.128533   0.0115666 -0.00281434 -0.00264838 0.000428955 -0.00109108 5.18621e-05 -0.0109993 -0.0232888   0.044119 0.0370391 0.0167874 0.0488673 0.000820636 -0.00240254 -0.00413996 -0.000151401 -7.67162e-05 -0.000280411   1.55128 0.0901184  -9.68514  13881
             39.4002  -0.00433466 -0.000874114    -0.127682   0.0176801 -0.00164866  0.00246547  -0.00153467  -0.00335125 -0.000281078 -0.0109993 -0.0232891  0.0441195 0.0425989 0.0126121 0.0421191 0.000450346 -0.00238595 -0.00411982 -0.000611675   0.00027377  5.16643e-05   1.55166 0.0897762  -9.68508  14217
             39.5004  -0.022301 -0.0276015  -0.127887   0.0162295 -0.00225472  0.00110304 -0.00528298   0.0102244 -0.00075254 -0.0109995 -0.0232889  0.0441201  0.0297925 0.00803256   0.030979 0.000527724 -0.00235829 -0.00412573  0.00174579 0.000943765 0.000613295   1.54937 0.0891331  -9.68545  13852
             39.6002 -0.100882 -0.054846 -0.141438   0.0204509 -0.00217564  0.00407295  -0.0129275   0.0156805 -0.00191668 -0.0109995 -0.0232881  0.0441192 0.0278356 0.0048116 0.0247943 0.000791676 -0.00230404 -0.00407341 0.00253227  0.0023094 0.00185233   1.54844 0.0878097  -9.68561  14139
             39.7003  0.0200945 -0.0878608  -0.136611   0.0193964 -0.00394868  0.00377644  -0.0271427   0.0346454 -0.00398776     -0.011 -0.0232881  0.0441215   0.0203485 -0.00272714   0.0211067  0.00044919 -0.00226135 -0.00407642 0.00585123 0.00486517 0.00247394   1.54523 0.0853561  -9.68615  13658
             39.7995 -0.00169493   -0.166315   -0.178741   0.0196143 -0.00693155  0.00839496  -0.0502817   0.0660637 -0.00737289 -0.0109994 -0.0232887  0.0441223 0.00524623   -0.01359  0.0246809 0.000590433 -0.00207968 -0.00393511   0.0118979  0.00905824 6.70336e-05   1.53992 0.0813658  -9.68703  14266
             39.9002 -0.0612376   -0.24088  -0.162022   0.0161254 -0.00824391  0.00872827   -0.046509    0.106218 -0.00636603 -0.0109999 -0.0232871  0.0441233 -0.0151971 -0.0133782  0.0159718 0.000751869 -0.00199979 -0.00399442  0.0184619  0.0083356 0.00429406   1.53313 0.0820442   -9.6881  13869
             40.0003 -0.0296263   -0.19278  -0.167214   0.013176 -0.0100533 0.00881904  -0.0506224    0.117832 -0.00690528 -0.0109996 -0.0232868  0.0441225 -0.0254901 -0.0158035  0.0108336 0.000667632 -0.00218326 -0.00398283  0.0201385 0.00905024 0.00691083   1.53117 0.0813404  -9.68842  14084
             40.1002  0.074146 -0.138722 -0.177834  0.0131859 -0.0104562  0.0063703  -0.0424583   0.0991631 -0.00579077 -0.0109972 -0.0232887  0.0441254  -0.0193035  -0.0134336 -0.00012778 0.000382746 -0.00227832 -0.00395168  0.0155606 0.00750048  0.0144979   1.53435 0.0827452   -9.6879  14022
             40.2003 -0.102332 -0.103501 -0.141948  0.0134118 -0.0112118 0.00306076  -0.0373158   0.0828194 -0.00515153 -0.0109948 -0.0232874  0.0441296 -0.0135192 -0.0113905 -0.0109858 0.000882285 -0.00233082 -0.00405336   0.011458 0.00649895  0.0217059   1.53715 0.0836274  -9.68745  14026
             40.3002 0.000849167   -0.125747   -0.192291  0.0137336 -0.0115295 0.00618429 -0.0312102  0.0670022 -0.0043337 -0.0109962 -0.0232862  0.0441294  -0.0108002 -0.00897405 -0.00167023 0.000590967 -0.00222224 -0.00390456 0.00997957 0.00548562   0.013109    1.5398 0.0846625  -9.68702  14071
             40.4002 -0.0113236 -0.0828011  -0.198416   0.013849 -0.0144115 0.00522047   -0.04336  0.0603286 -0.0064104 -0.0109952 -0.0232858  0.0441303 -0.00838611  -0.0164433 -0.00515683 0.000647446 -0.00232203 -0.00389411 0.00848542 0.00766423  0.0148929   1.54093 0.0825459  -9.68686  14123
             40.5003   0.124746 -0.0876795  -0.237279 0.0159384 -0.012316 0.0090072  -0.0265959   0.0423019 -0.00386514 -0.0109981 -0.0232799  0.0441242 -0.000918098  -0.00799512   0.00474009 0.000233567 -0.00227136 -0.00378386 0.00643563 0.00470935 0.00733042   1.54397 0.0854336  -9.68635  14057
             40.6002 -0.0558308 -0.0836611  -0.283043  0.0171861  -0.012678 0.00621855  -0.0248525   0.0368267 -0.00365014 -0.0109983 -0.0232756  0.0441243  0.00400516 -0.00709389 -0.00464062 0.000732866 -0.00225451 -0.00365241 0.00440154 0.00432785  0.0137958   1.54493 0.0857369  -9.68619  14018
             40.7003  0.0625219 -0.0702381  -0.252399  0.0165935 -0.0129363 0.00571969  -0.0220884   0.0415645 -0.00314321 -0.0109982 -0.0232753  0.0441244 -0.000851799  -0.00628291  -0.00682091 0.000362355 -0.00230566 -0.00373998 0.00533603 0.00383122  0.0133353  1.54413 0.086225 -9.68632  13935
             40.7994 -0.0375132 -0.0723377  -0.271508  0.0173451 -0.0145359 0.00359487  -0.0235962   0.0376798 -0.00342812 -0.0109985 -0.0232752  0.0441236 0.000644166 -0.00856786  -0.0116879 0.000606113 -0.00229878 -0.00371055 0.00442289 0.00409166  0.0146242   1.54479 0.0859561  -9.68621  14017
             40.9002 -0.0200058  -0.082837  -0.304275  0.0180498 -0.0139987 0.00563785  -0.0188621   0.0335726 -0.00271279 -0.0109976 -0.0232753  0.0441233  0.00130961 -0.00438681 -0.00456017 0.000553067 -0.00226258 -0.00363045 0.00434795 0.00327399  0.0104308  1.54549 0.086768 -9.68609  14148
             41.0003 -0.0168903 -0.0567673  -0.224463   0.018295 -0.0131291 0.00714146  -0.0143519   0.0320035 -0.00201506 -0.0109962 -0.0232753   0.044123  0.000846818 -0.000639304  -0.00117824 0.000509856 -0.00232614 -0.00384764 0.00448953 0.00248138 0.00775946  1.54576 0.087548 -9.68604  14062
             41.1002   0.156794 -0.0380841  -0.203237  0.0181151 -0.0121088 0.00750619  -0.0109066   0.0324365 -0.00146899 -0.0109954 -0.0232746  0.0441211 -0.000274388   0.00125693 -0.000525714 6.83685e-05 -0.00236489 -0.00389217 0.00466716 0.00186125 0.00714373   1.54569 0.0881495  -9.68605  14137
             41.2001  0.0582966 -0.0218281  -0.350199  0.0211911 -0.0121397 0.00534392  -0.0110622   0.0233108 -0.00155293 -0.0109957 -0.0232686  0.0441214   0.0100861 0.000317311 -0.00565173 0.000311502  -0.0023767 -0.00353642 0.00255407 0.00186422  0.0100105   1.54724 0.0880946   -9.6858  14147
             41.3003  0.0427783 -0.0976035  -0.265371  0.0219071 -0.0120604 0.00707841  -0.0106032   0.0236303 -0.00148553 -0.0109943 -0.0232687  0.0441221   0.00823604 -0.000407838 -0.000548105 0.000318132 -0.00220324 -0.00376375 0.00304209 0.00180691 0.00729943   1.54719 0.0881739  -9.68581  14121
             41.4002 0.00574839 -0.0562269  -0.287153   0.020584 -0.0132972 0.00593674  -0.0139576   0.0300197 -0.00196724 -0.0109947 -0.0232682  0.0441216 0.000337799 -0.00409857 -0.00342526 0.000418165  -0.0023272 -0.00371619 0.00407687  0.0024084 0.00807908    1.5461 0.0876104  -9.68599  14007
             41.5003  0.154798 0.0199393 -0.276517  0.0204659 -0.0123638 0.00616002 -0.0111198  0.0302933 -0.0015297 -0.0109948 -0.0232678  0.0441204 0.000469355 -0.00209013  -0.0038921 1.60326e-05 -0.00253318 -0.00374314 0.00418024 0.00189719 0.00773416   1.54606 0.0881035  -9.68599  13962
             41.6003   0.123147 -0.0703154    -0.1661  0.0182324  -0.013057 0.00472373  -0.0109598   0.0365393 -0.00147943 -0.0109951 -0.0232653  0.0441218 -0.00755153 -0.00626492 -0.00594433 7.65367e-05 -0.00232804 -0.00399839 0.00525993 0.00186801 0.00806187     1.545 0.0881488  -9.68616  13949
             41.7002  0.0754345 -0.0375977  -0.230443  0.0180172 -0.0127996 0.00621785 -0.00985326    0.036184 -0.00130499 -0.0109953 -0.0232662  0.0441221 -0.00891597 -0.00546062 -0.00260504 0.000196059 -0.00242113  -0.0038357 0.00543976 0.00167937  0.0065104   1.54508 0.0883383  -9.68615  13833
             41.7993  0.0770399 -0.0488807  -0.287396  0.0178518 -0.0132554 0.00497156 -0.00886088   0.0337599 -0.00116424  -0.010996 -0.0232644  0.0441221 -0.00598071 -0.00545739 -0.00470663 0.000192941 -0.00238105 -0.00371228 0.00486466 0.00149216 0.00736981  1.54548 0.088506 -9.68608  14162
             41.9002 -0.00696079   0.0092649   -0.240692  0.0165392 -0.0128323  0.0021353  -0.00643888    0.0353304 -0.000787765 -0.0109957 -0.0232635  0.0441227 -0.00769923 -0.00212657 -0.00990996 0.000390625 -0.00250451 -0.00382017 0.00489599 0.00104185 0.00897308  1.54521 0.088933 -9.68612  13998
                  42  0.0655136 -0.0221935  -0.198696   0.017335 -0.0108149 0.00287648  -0.00178232    0.0315908 -8.28527e-05 -0.0109948 -0.0232641  0.0441216 -0.00310503  0.00383258 -0.00678645  0.00022333 -0.00242502  -0.0039122  0.00442521 0.000208215  0.00767828   1.54586 0.0897248  -9.68601  14086
                42.1   0.166604 0.00717264  -0.264078  0.0178685 -0.0108407 0.00323885 -0.00227722   0.0296144 -0.00016888 -0.0109947 -0.0232628  0.0441219 -0.000918937   0.00117455  -0.00478863 7.50862e-06  -0.0024808 -0.00376089    0.004187 0.000303746  0.00691961    1.5462 0.0896329  -9.68595  14004
             42.2001   0.165435 -0.0441232  -0.222124  0.0174543 -0.0118573 0.00705366  -0.00389737    0.0293703 -0.000423602 -0.0109932  -0.023261   0.044123   -0.003468 -0.00443823  0.00470219 3.98411e-05 -0.00236316 -0.00385097   0.0046518 0.000624745  0.00372016  1.54625 0.089342 -9.68595  14042
             42.3001  0.0641684 -0.0340548  -0.219998  0.0173551 -0.0103771 0.00651305 -0.000149623    0.0290805  0.000163286 -0.0109933 -0.0232607  0.0441246  -0.00269236 -0.000238874   0.00211391 0.000255759   -0.002379  -0.0038622   0.00449267 -5.98972e-05   0.00438993    1.5463 0.0899909  -9.68593  13960
             42.4001  0.165436 -0.107476 -0.285167    0.019173 -0.00969156    0.009629  0.00155414   0.0242548 0.000416812 -0.0109926 -0.0232573  0.0441215    0.002594 0.000784348  0.00845406 4.06408e-05 -0.00221229 -0.00373068  0.00390743 -0.00035465  0.00255539   1.54713 0.0902715   -9.6858  14021
             42.5001   0.072725 -0.0330668  -0.229627   0.0190025 -0.00942472  0.00830266  0.00190686   0.0250929 0.000478629 -0.0109927 -0.0232569  0.0441216 0.00250041 0.00092849 0.00402381 0.000241329 -0.00237416 -0.00385018   0.0038943 -0.00042551  0.00359333   1.54698 0.0903364  -9.68582  13926
             42.6001    0.13953 -0.0377767  -0.268597  0.0201798 -0.0106359 0.00679035 -0.000318524    0.0240758  0.000134266 -0.0109924 -0.0232569   0.044122   0.0058387 -0.00515974  -0.0022477 0.000108828  -0.0023592 -0.00377628   0.00346811 -3.32589e-05   0.00511964   1.54714 0.0899575   -9.6858  14142
             42.7001  0.0383437 -0.0149012  -0.249836   0.0185251 -0.00931038  0.00647537  0.00218451   0.0275556 0.000523405 -0.0109923 -0.0232568  0.0441228 -0.000193394 -0.000785795  -0.00173872 0.000330761 -0.00241251 -0.00381716   0.00409719 -0.000487178   0.00512462   1.54656 0.0903927  -9.68589  13735
             42.7993  0.0712189 -0.0359559   -0.21793  0.0178457 -0.0109048 0.00471773 -0.000111741    0.0288876  0.000176084 -0.0109929 -0.0232563  0.0441226 -0.00179269 -0.00623562 -0.00631834 0.000260155 -0.00236551 -0.00388229   0.00421592 -7.62908e-05   0.00591084  1.54633 0.090001 -9.68593  14310
             42.9001  0.0702164 -0.0356698  -0.238141   0.0197567 -0.00835841  0.00503829  0.00488678    0.025206 0.000935084 -0.0109932 -0.0232561  0.0441226  0.00453181  0.00268599 -0.00439588    0.000257 -0.00235834 -0.00383818   0.00361359 -0.000981357   0.00547088  1.54696 0.090857 -9.68582  13978
             43.0002   0.107939 -0.0986398  -0.241372   0.0192478 -0.00988955  0.00853639  0.00239352     0.02597 0.000553373 -0.0109915 -0.0232549  0.0441251 -0.000434553  -0.00384974     0.003519 0.000188972 -0.00223866 -0.00383417   0.00412212 -0.000509028   0.00313569   1.54684 0.0904239  -9.68584  13999
             43.1002  0.0371471 -0.0414155  -0.244104  0.0195659 -0.0081107 0.00540298 0.00544221  0.0259201 0.00101049 -0.0109912  -0.023254  0.0441263  0.00135711  0.00193526 -0.00513865 0.000335258 -0.00234337 -0.00383208  0.00380209 -0.00107776  0.00510724  1.54684  0.09095 -9.68584  13937
             43.2001   0.161842 -0.0234507   -0.18222   0.0178423 -0.00886547  0.00647975  0.00421011   0.0285075 0.000817359 -0.0109925 -0.0232509  0.0441266  -0.0052625 -0.00142591 -0.00157902 0.000102164 -0.00238575 -0.00395527   0.00441005 -0.000844446   0.00424749   1.54641 0.0907376  -9.68591  14058
             43.3001   0.124062 -0.0554943  -0.232108   0.0175023 -0.00794248  0.00729612 0.00623601  0.0276827 0.00112677 -0.0109929 -0.0232506  0.0441262    -0.004157 -0.000329105  0.000490645 0.000173383 -0.00231405 -0.00386119  0.00434796 -0.00121016   0.0036811  1.54655 0.091086 -9.68588  13967
             43.4002 -0.0215622 -0.0514839   -0.20675  0.0165052 -0.0109139 0.00578929  0.00218043   0.0287046 0.000512412  -0.010993 -0.0232493  0.0441223 -0.00599394 -0.00943242 -0.00410749 0.000481102 -0.00231534  -0.0039111   0.00440839 -0.000476072   0.00448922   1.54637 0.0903894  -9.68592  13935
             43.5001  0.0706107 -0.0908333  -0.253699  0.0174197 -0.0103402 0.00755227  0.00344026   0.0267754 0.000703412 -0.0109935 -0.0232481  0.0441213 -0.00320974  -0.0068184  0.00109084 0.000294307 -0.00222845 -0.00381721   0.00419704 -0.000699388   0.00358022    1.5467 0.0906037  -9.68586  14160
             43.6001  0.0900176 -0.0370555  -0.265263  0.0166713 -0.0137914 0.00731368 -0.000498781    0.0274503   0.00010802 -0.0109921 -0.0232485   0.044123 -0.00537761  -0.0160685 0.000293415 0.000268122 -0.00232543  -0.0037977  0.00429802 1.84853e-05   0.0037289   1.54659 0.0899264  -9.68589  14070
             43.7001 -0.0182414 -0.0867066  -0.297953  0.0192899 -0.0132201 0.00659489 0.00267729  0.0227067 0.00057471 -0.0109935 -0.0232463  0.0441225  0.00480885 -0.00854433 -0.00165533 0.000476114 -0.00221662 -0.00373572     0.003342 -0.000564585   0.00429269   1.54738 0.0904709  -9.68576  14258
             43.7995 0.0701323 0.0238602 -0.340166  0.0188167 -0.0128393 0.00373091  0.00404435   0.0243683 0.000793656  -0.010993 -0.0232478  0.0441211  0.00274128 -0.00535237 -0.00935631 0.000311625 -0.00242869 -0.00365448   0.00344136 -0.000823607   0.00559327    1.5471 0.0907102   -9.6858  14117
             43.8995   0.027524 -0.0671928  -0.263717   0.020021 -0.0140492 0.00426558  0.00378927   0.0231538 0.000751652 -0.0109927 -0.0232482  0.0441209  0.00451829 -0.00639638 -0.00550196 0.000407263 -0.00225683 -0.00379334   0.00336977 -0.000770738    0.0046337   1.54731 0.0906638  -9.68577  14145
             44.0001  0.098644 0.0350013 -0.274546  0.0202686 -0.0121181 0.00126263 0.00680506  0.0238236 0.00121388 -0.0109912  -0.023249  0.0441191  0.00464362 0.000618967   -0.010675 0.000282933 -0.00243047 -0.00377848  0.00333268 -0.00133123  0.00565763    1.5472 0.0911836  -9.68578  14043
             44.1002 -0.00593463  -0.0801856   -0.266469  0.0219255 -0.0131354 0.00530219 0.00580709  0.0216842 0.00106419 -0.0109891 -0.0232508  0.0441178  0.00672643 -0.00254198 0.000289095 0.000480714 -0.00221667 -0.00379739  0.00328437 -0.00113446  0.00346773  1.54757  0.09101 -9.68572  13897
             44.2001   0.0422234 -0.00534036   -0.296237  0.0221957 -0.0107021 0.00382885 0.00877345  0.0223212 0.00151919 -0.0109894 -0.0232509  0.0441172  0.00584441  0.00541632 -0.00306596 0.000381238 -0.00235429 -0.00374677  0.00330943 -0.00168492  0.00405979   1.54747 0.0915223  -9.68573  14046
                44.3  0.0235441 -0.0793232  -0.254133  0.0209056 -0.0121672 0.00687417 0.00661404  0.0240999 0.00118857  -0.010989 -0.0232497   0.044119   -0.0014765 -0.000746268   0.00329459 0.000425889 -0.00223197 -0.00381579   0.0038849 -0.00127351  0.00250037   1.54717 0.0911629  -9.68579  13951
                44.4  0.0293759 -0.0213783  -0.273447  0.0196548 -0.0119275  0.0053041  0.0068841  0.0256082 0.00122891 -0.0109889   -0.02325  0.0441188  -0.0044726 0.000159414 -0.00211606  0.00041193 -0.00233137 -0.00378892  0.00404672 -0.00132776  0.00324734   1.54691 0.0912107  -9.68583  14116
                44.5  0.054246 -0.047295 -0.225655   0.017862 -0.0135643 0.00577927  0.00504979   0.0271834 0.000948046 -0.0109896  -0.023249  0.0441198 -0.00936361 -0.00528606 -0.00210612 0.000367622 -0.00228811 -0.00386665  0.00439967 -0.00098245  0.00286888   1.54664 0.0908993  -9.68587  13886
                44.6  0.0266162 -0.0679523  -0.296049  0.0174216  -0.012299 0.00760319 0.00707277  0.0263804 0.00125852 -0.0109904 -0.0232487  0.0441198  -0.00876946 -0.000245759   0.00295622 0.000411289 -0.00225263 -0.00374439  0.00437784 -0.00135461  0.00205553   1.54679 0.0912549  -9.68585  14184
             44.7001 -0.00362464   -0.107873   -0.261749  0.0193341 -0.0138851 0.00979562 0.00540759    0.02356 0.00100339 -0.0109892 -0.0232487  0.0441165 -0.00261746 -0.00469701  0.00741696  0.00046861 -0.00218095  -0.0038078  0.00397022 -0.00103877  0.00130989   1.54727 0.0909628  -9.68577  13665
             44.7994  0.0246683 -0.0991397  -0.274509  0.0181232 -0.0137384 0.00880354 0.00624625  0.0244584 0.00113167 -0.0109897 -0.0232491  0.0441164 -0.00610296 -0.00144517  0.00165501 0.000431741 -0.00219278 -0.00378704  0.00399578 -0.00120132  0.00221189   1.54711 0.0911023   -9.6858  14269
             44.9001  0.0535137 -0.0972824  -0.328298  0.0186469 -0.0146655 0.00698325 0.00544523  0.0233752 0.00101231 -0.0109893 -0.0232488  0.0441169 -0.00322179  -0.0031224 -0.00315742 0.000375192 -0.00219378 -0.00370422  0.00366146 -0.00105793  0.00306069   1.54729 0.0909536  -9.68577  13814
                  45 -0.00810707  -0.0599835   -0.245908  0.0169595 -0.0154355 0.00730776  0.00495108   0.0247031 0.000935118   -0.01099 -0.0232477  0.0441156 -0.00800821 -0.00471368   -0.002708 0.000473958 -0.00226108 -0.00383808   0.00395691 -0.000964026   0.00274881   1.54707 0.0908747   -9.6858  14236
             45.1001 0.0369037 -0.102811 -0.350072  0.0182236 -0.0155663 0.00841469 0.00536534  0.0222932 0.00100288 -0.0109904 -0.0232456  0.0441151 -0.00272774 -0.00328601 1.29701e-05 0.000399488 -0.00219165 -0.00366982  0.00357153 -0.00103711  0.00234422   1.54747 0.0909427  -9.68574  13914
             45.2001 -0.0149553 -0.0633371  -0.335362  0.0187144 -0.0169016 0.00633418 0.00435012  0.0217186 0.00084795 -0.0109898 -0.0232451  0.0441151 -0.000478697  -0.00557735  -0.00538964 0.000489672 -0.00225073 -0.00369984    0.0033383 -0.000854125   0.00315729   1.54757 0.0907572  -9.68573  14015
                45.3 -0.0248644 -0.0446131  -0.383848  0.0193675 -0.0183715 0.00351317  0.00339987   0.0212448 0.000701366 -0.0109887 -0.0232443  0.0441151    0.002398 -0.00709995  -0.0107481 0.000509976 -0.00227448 -0.00361856  0.0031122  -0.000683 0.00404193   1.54764 0.0905808  -9.68572  14039
                45.4 -0.0386564 -0.0225347  -0.298981  0.0198397 -0.0159465  0.0034724 0.00626785  0.0208502 0.00113423 -0.0109863 -0.0232449  0.0441159  0.00319464  0.00305081 -0.00831089 0.000522303 -0.00230445 -0.00376303  0.00309056 -0.00121437  0.00370402   1.54772 0.0910747   -9.6857  14083
             45.5001 -0.0602595 -0.0522385  -0.307113  0.0178522 -0.0156457 0.00318841 0.00611023  0.0230783 0.00111164 -0.0109862 -0.0232437  0.0441169  -0.0043298  0.00393213 -0.00802113 0.000537741 -0.00226385 -0.00375467   0.0035624 -0.00118176  0.00335481   1.54735 0.0910681  -9.68576  13980
             45.6001  0.0331536 -0.0489792  -0.325914  0.0179162 -0.0160253 0.00465018 0.00576225  0.0228023 0.00104772 -0.0109862 -0.0232428  0.0441177 -0.00473825  0.00237272 -0.00473751 0.000381075 -0.00227253 -0.00372506  0.00359578 -0.00111271  0.00282226   1.54739 0.0910143  -9.68575  14042
             45.7001 -0.0358458 -0.0618854  -0.324521  0.0190874 -0.0174377 0.00513793  0.00417189   0.0209151 0.000809586 -0.0109863  -0.023243  0.0441168 -5.99158e-05  -0.00178208  -0.00236019 0.000491844 -0.00224604 -0.00373966   0.00328429 -0.000813295   0.00254756    1.5477 0.0907312   -9.6857  13939
             45.7994 -0.0561736 -0.0671954  -0.350236   0.017103 -0.0199135 0.00551716  0.00207541   0.0225794 0.000498547 -0.0109857 -0.0232437  0.0441173 -0.00778565 -0.00580232  -0.0001608 0.000533082 -0.00224013 -0.00369864   0.0036546 -0.00041669  0.00218863   1.54741 0.0903897  -9.68575  13900
                45.9  0.0869068 -0.0780314  -0.271085  0.0140567  -0.016156 0.00731063  0.0056043  0.0242651 0.00103156 -0.0109827 -0.0232402  0.0441121 -0.0151284 0.00629928 0.00320481 0.000309905 -0.00222933 -0.00381291    0.004085 -0.00107283  0.00147599   1.54715 0.0910215  -9.68579  14082
             45.9999 0.00112619 -0.0265673  -0.342871  0.0143004 -0.0155865 0.00571583 0.00563572  0.0230061 0.00104027 -0.0109824  -0.023239  0.0441134   -0.0104622   0.00684348 -0.000986617 0.000438573 -0.00230629 -0.00370558  0.00374424 -0.00108217  0.00213584   1.54736 0.0910034  -9.68576  14146
             46.1001  0.0965382 -0.0232353  -0.314611  0.0152119 -0.0140074 0.00464784 0.00635077  0.0213262 0.00116263 -0.0109823 -0.0232398  0.0441132 -0.00349458  0.00946242 -0.00314359 0.000293563 -0.00230477 -0.00375297  0.00336777 -0.00121984  0.00251575   1.54764 0.0911074  -9.68571  14156
             46.1999 -0.0756124 -0.0108258  -0.300451  0.0190952 -0.0110757 0.00220894 0.00805154  0.0178324 0.00144922 -0.0109817 -0.0232383  0.0441181   0.0107131   0.0166146 -0.00760614  0.00055183 -0.00231319 -0.00378225  0.00257877 -0.00154388  0.00335172   1.54823 0.0913583  -9.68561  14054
             46.2999  0.0294677 -0.0475864  -0.319333  0.0200262 -0.0114825 0.00477859 0.00647658  0.0176035 0.00119805 -0.0109806 -0.0232379   0.044119     0.009285    0.0118444 -0.000844783 0.000398965 -0.00225802 -0.00375484 0.00270067 -0.0012422 0.00231042   1.54826 0.0911053  -9.68561  14260
             46.4001 -0.0142201 -0.0260541   -0.29308   0.0226171 -0.00862478  0.00366259 0.00783725  0.0162544 0.00141726 -0.0109804 -0.0232381  0.0441195   0.0148223   0.0175243 -0.00355213 0.000460621 -0.00228968 -0.00379047  0.00238623 -0.00150106  0.00268912   1.54849 0.0913234  -9.68557  14034
             46.5001  0.131165 0.0173438 -0.284816  0.0206331      -0.01 0.00385597 0.00624352  0.0183898 0.00115434 -0.0109807 -0.0232371  0.0441224  0.00728028   0.0112272 -0.00352845 0.000236583  -0.0023609 -0.00380196   0.0028191 -0.00119796  0.00249431   1.54813 0.0910663  -9.68563  13976
             46.5999  0.0856862 -0.0118855  -0.322529   0.0209731 -0.00994131  0.00154784    0.004771    0.019471 0.000919623 -0.0109803 -0.0232377  0.0441231  0.00489749  0.00438736 -0.00698977 0.000314151 -0.00231598 -0.00375474   0.00294787 -0.000920741   0.00298407   1.54794 0.0908133  -9.68567  13975
                46.7    0.013962 0.000655644   -0.320505  0.0215934 -0.0113093 0.00313094  0.00367425   0.0188571 0.000797834 -0.0109802 -0.0232389  0.0441216  0.00639184 9.30359e-05 -0.00423066 0.000433584 -0.00234355 -0.00376052   0.00291121 -0.000711441   0.00248914   1.54804 0.0906288  -9.68565  13898
             46.7994  0.0196835 -0.0310157  -0.321063  0.0206087 -0.0113935 0.00217729   0.0034797   0.0204971 0.000757914 -0.0109802 -0.0232391  0.0441225 0.000340347 0.000527486 -0.00414047 0.000431749 -0.00229394 -0.00376098   0.00322071 -0.000674208   0.00251249   1.54776 0.0906037   -9.6857  14102
             46.9001 -0.0175118 -0.0164815  -0.310653   0.0193823  -0.0120578 0.000820096 0.00290333  0.0214964 0.00066655 -0.0109803 -0.0232387  0.0441221  -0.00375768 -0.000819656  -0.00648919 0.000475097  -0.0023256  -0.0037837   0.00338312 -0.000565108   0.00269271   1.54759 0.0905093  -9.68572  14004
             46.9999 0.00477401 -0.0314233  -0.266857  0.0193002 -0.0142613 0.00239168  0.00143808   0.0211563 0.000452016 -0.0109809 -0.0232386  0.0441225 -0.00350633 -0.00631396 -0.00240991 0.000455126 -0.00230076 -0.00384345   0.00341111 -0.000283728   0.00209737   1.54765 0.0902616  -9.68572  14146
                47.1   0.017304 0.00480488  -0.293148  0.0197541 -0.0134413  0.0021599  0.00210009   0.0207812 0.000557178 -0.0109811 -0.0232385  0.0441227  -0.0019235 -0.00328931 -0.00195285   0.0004375 -0.00235161 -0.00380274    0.0033276 -0.000410213   0.00216703   1.54772 0.0903719  -9.68571  13919
             47.1999 -0.0206975 -0.0114095  -0.271743   0.0206561  -0.0144362 -0.00026586  0.00179384   0.0200219 0.000514953 -0.0109813 -0.0232383  0.0441228  0.00228753 -0.00295787 -0.00601495  0.00049023  -0.0023273 -0.00382841   0.00308449 -0.000354944   0.00279296  1.54783 0.090309 -9.68569  14002
             47.2999   -0.04818 -0.0370461  -0.265664  0.0195112  -0.013822 0.00158036  0.00235922   0.0208332 0.000595569 -0.0109808 -0.0232388  0.0441234  -0.00263799  0.000727145 -0.000774408 0.000532021 -0.00228892 -0.00384059   0.00335169 -0.000459177   0.00207832   1.54771 0.0904173  -9.68571  13979
             47.4001  0.0535507 -0.0448178  -0.283432   0.019483 -0.0160113 0.00530469 0.000893178   0.0203919 0.000366505 -0.0109797  -0.023237  0.0441257 -0.00314053 -0.00554322  0.00703195  0.00038889 -0.00227978  -0.0038202   0.00342644 -0.000177018   0.00107685   1.54779 0.0901801  -9.68569  14003
                47.5 -0.00962595  -0.0238333   -0.252407  0.0186841 -0.0153014  0.0049028  0.00145219   0.0209579 0.000445697 -0.0109795 -0.0232369  0.0441254 -0.00477416 -0.00320178  0.00569585 0.000475342 -0.00230621 -0.00386564   0.00351247 -0.000283022   0.00120863    1.5477 0.0902747  -9.68571  13915
             47.5999 -0.0295414  -0.162143  -0.279745  0.0186844 -0.0143733 0.00743912  0.00229189   0.0204662 0.000572295 -0.0109779 -0.0232371  0.0441251 -0.00534094   0.0016899    0.011137  0.00050299 -0.00211546 -0.00382883   0.00350668 -0.000442038  0.000655621   1.54779 0.0904252  -9.68569  14118
             47.6999 -0.0323622 -0.0153269  -0.362881  0.0184909 -0.0137192 0.00588008  0.00261774   0.0203715 0.000627581 -0.0109778 -0.0232355  0.0441259 -0.00432442  0.00415707  0.00443874 0.000504692 -0.00232167 -0.00371356  0.00337172 -0.00050588   0.0013884    1.5478 0.0904668  -9.68569  13814
             47.7994  0.0752932 -0.0815569  -0.304768  0.0191492 -0.0128272 0.00750406 0.00268953  0.0193625  0.0006475 -0.0109778 -0.0232354  0.0441259 -0.000819275   0.00544092   0.00685188 0.000371116  -0.0022241 -0.00379307  0.00320617 -0.00051913  0.00120402   1.54797 0.0904798  -9.68566  14212
             47.8999 -0.0386322 -0.0858562  -0.369156  0.0188308 -0.0121577 0.00790651  0.00270845   0.0195293 0.000648373 -0.0109778 -0.0232355  0.0441259 -0.00166531  0.00568901  0.00450582 0.000520556 -0.00221876 -0.00370869   0.00322697 -0.000522987   0.00127464   1.54794 0.0904822  -9.68567  13941
             47.9999 -0.0240313 -0.0928709  -0.295903 0.0191357 -0.013229 0.0079212  0.00165255   0.0192069 0.000497371 -0.0109787 -0.0232358  0.0441257 -0.000695956   0.00220755   0.00321832 0.000496623 -0.00220849 -0.00380767   0.00314174 -0.000320244   0.00141918   1.54799 0.0902979  -9.68566  14103
             48.0998   0.091131 -0.0738289  -0.267958  0.0195949 -0.0105938 0.00661595  0.00313464   0.0189077 0.000712311 -0.0109766 -0.0232378  0.0441232 0.000782715  0.00931743 0.000402787 0.000343769 -0.00223345 -0.00384324   0.00301945 -0.000611146   0.00183651   1.54804 0.0905409  -9.68565  13952
             48.1999 -0.0632623 -0.0855124  -0.314367  0.0192686 -0.0121096 0.00758159  0.00160183   0.0191123 0.000495774 -0.0109764 -0.0232387  0.0441205 -0.00170792  0.00303614  0.00219013 0.000550589 -0.00221728 -0.00378165   0.00309836 -0.000313375   0.00158817     1.548 0.0902871  -9.68566  14052
             48.2999   0.145269 -0.0327034  -0.287012  0.0191079 -0.0118562 0.00689771 0.00152649  0.0191398 0.00048854 -0.0109761 -0.0232395   0.044121 -0.00127492  0.00233123 -0.00110154 0.000276078 -0.00228352 -0.00382082   0.00306941 -0.000300417   0.00180909    1.548 0.090271 -9.68566  13893
             48.3999 -0.0382372 -0.0390209  -0.291346  0.0187975 -0.0120186 0.00512893  0.00135915   0.0194673 0.000454368 -0.0109756 -0.0232386  0.0441209 -0.00206971   0.0022026 -0.00460531 0.000526065 -0.00227652 -0.00381056  0.00306709 -0.00026962  0.00223336   1.54794 0.0902367  -9.68567  13970
             48.4999 -0.042605 -0.103898 -0.316069   0.019736 -0.0123707 0.00591817 0.000976467   0.0185421 0.000404417 -0.0109753 -0.0232389  0.0441194 0.000461301  0.00198742 -0.00210473 0.000527239 -0.00219558 -0.00377958   0.00293053 -0.000193893   0.00193714   1.54809 0.0901714  -9.68565  14190
             48.5998  0.0846988 -0.0277423  -0.366051  0.0195488 -0.0136367 0.00458703 -1.61252e-05      0.01875  0.000254586 -0.0109736 -0.0232397  0.0441208 -0.00115829 -0.00195411 -0.00401378 0.000377799 -0.00228978 -0.00371147  0.00292763 -1.9031e-07   0.0022228   1.54805 0.0899973  -9.68565  14088
             48.6999  -0.024057 -0.0518632  -0.276774  0.0182848  -0.014992 0.00178287 -0.000788069    0.0197358  0.000122265 -0.0109743 -0.0232378    0.04412 -0.00461074 -0.00508262 -0.00955375  0.00051109 -0.00226152   -0.003831  0.00303488 0.000149168  0.00278185   1.54789 0.0898607  -9.68568  14263
             48.7994  0.0390927 -0.0432147  -0.350974  0.0187584 -0.0151981 0.00580571 -0.000402433     0.018586  0.000192136 -0.0109747 -0.0232368  0.0441197 -0.00202012 -0.00322591   0.0015869 0.000435474 -0.00226892 -0.00373937  0.00301179 7.88759e-05  0.00148657   1.54808 0.0899419  -9.68565  14111
             48.9006 -0.000850265   -0.0873184    -0.298126  0.0197201  -0.015712 0.00620122 -0.000625182    0.0178896  0.000163803 -0.0109748 -0.0232374  0.0441186 0.000942595 -0.00412022  0.00185605 0.000483386 -0.00221273 -0.00381014  0.00288178 0.000122638  0.00144418   1.54819 0.0899004  -9.68563  14015
             48.9998 -0.0672165 -0.0265119  -0.270145   0.018561  -0.015039 0.00529323 4.89846e-05    0.018732 0.000261901 -0.0109743 -0.0232364  0.0441189  -0.00331141   0.00143513 -0.000387962 0.000544879 -0.00228926 -0.00384645   0.00300972 -1.12636e-05   0.00169383   1.54806 0.0900162  -9.68565  14048
             49.0998   0.112586 -0.0630852  -0.359405  0.0191096 -0.0155412 0.00470254 -0.000284255    0.0182921  0.000213404  -0.010974 -0.0232364  0.0441195 -0.000497346 -0.000509325  -0.00274361 0.000322405 -0.00224242  -0.0037392  0.00289933 5.43004e-05  0.00184059   1.54813 0.0899541  -9.68564  14031
             49.1999 -0.0414849 -0.0246257  -0.280526  0.0181027  -0.015218 0.00393356 -9.63025e-05    0.0188687  0.000242664 -0.0109739 -0.0232358  0.0441194 -0.00375384 0.000927644 -0.00288836 0.000516506 -0.00228789 -0.00383848  0.00300236 1.67155e-05  0.00191733   1.54803 0.0899881  -9.68566  14027
             49.2998  0.0425163 -0.0698074   -0.36892  0.0182655 -0.0154593 0.00612282 -0.000240464    0.0184216  0.000217532 -0.0109732 -0.0232349  0.0441194 -0.00276858 0.000277282  0.00122051 0.000416788 -0.00223251 -0.00372783  0.00299701 4.88955e-05  0.00138024   1.54811 0.0899682  -9.68565  13889
             49.3998  0.0275672 -0.0600581  -0.229547  0.0198375 -0.0125819 0.00744511  0.00130419   0.0172188 0.000436575 -0.0109697  -0.023238  0.0441189 0.00239092 0.00883473 0.00399071 0.000423779 -0.00224169 -0.00390063   0.00278857 -0.000260562   0.00116665  1.54832 0.090229 -9.68561  14082
             49.4998  0.0557267 -0.0697961  -0.411082  0.0204284 -0.0139026 0.00790155 0.000172966    0.016991 0.000265695 -0.0109669 -0.0232376  0.0441195 0.00333724 0.00273096   0.003681 0.000394765  -0.0022278 -0.00367665   0.00274374 -3.33531e-05   0.00116871   1.54835 0.0900334  -9.68561  13909
             49.5998   0.061484 -0.0580706  -0.288937  0.0205624  -0.010776 0.00757234  0.00170819   0.0171226 0.000488014 -0.0109647 -0.0232379  0.0441195 0.00306944  0.0107172 0.00208089 0.000380745 -0.00224042 -0.00383194   0.00274872 -0.000343407   0.00131146   1.54833 0.0902963  -9.68561  14143
             49.6999 -0.0333357  -0.104003  -0.294758  0.0213747 -0.0113957 0.00839275  0.00127703   0.0166077 0.000432969 -0.0109647 -0.0232386   0.044118 0.00456546 0.00908843 0.00411672 0.000508557 -0.00218011  -0.0038229   0.00267064 -0.000255504   0.00116242   1.54842 0.0902199  -9.68559  13754
             49.7995   0.121096 0.00809407  -0.281774  0.0184546 -0.0105025 0.00557986 0.000740783   0.0189581 0.000336412 -0.0109635 -0.0232396  0.0441154 -0.00652984  0.00564112  -0.0048599 0.000339087 -0.00231377 -0.00382705   0.00304751 -0.000148918   0.00182067   1.54801 0.0901394  -9.68566  14206
             49.8998 0.00229929 -0.0357571  -0.344109  0.0183918 -0.0137207 0.00456762 -0.00117217    0.018704 4.88173e-05 -0.0109614  -0.023239  0.0441126 -0.00499831 -0.00481597 -0.00553187 0.000485643 -0.00225881 -0.00375238  0.00297272 0.000237514  0.00197955  1.54804 0.089808 -9.68566  13890
             49.9999  0.0277249 -0.0427049  -0.319858  0.0160931 -0.0136275 0.00450241 -0.000854837    0.0195949  8.97904e-05 -0.0109613 -0.0232392  0.0441132   -0.010436 -0.00319213 -0.00519979 0.000451397 -0.00225212 -0.00378467  0.00318125 0.000175002  0.00179863    1.5479 0.0898693  -9.68568  14121
             50.0999  0.091441 -0.112959 -0.325769  0.0181182 -0.0134659 0.00668108 -0.00054867   0.0177577 0.000144087 -0.0109604 -0.0232383  0.0441092 -0.00233203 -0.00163203  0.00076594 0.000375423 -0.00216762  -0.0037797  0.00288003 0.000114786  0.00133291   1.54821 0.0899124  -9.68563  13919
             50.1997  -0.0170803 -0.00814772   -0.258026  0.0164892 -0.0124143 0.00294535 -7.21167e-06     0.018731  0.000212913 -0.0109584 -0.0232355  0.0441092 -0.00600283  0.00190338 -0.00749107 0.000491716 -0.00228968 -0.00386102  0.00296251 2.11178e-06  0.00207999   1.54804 0.0900059  -9.68566  14091
             50.2998  0.0919471 -0.0114868  -0.328566  0.0174653 -0.0138892 0.00127637 -0.000858274    0.0178896  8.74532e-05 -0.0109576 -0.0232351  0.0441109 6.78851e-05 -0.00275778  -0.0101031 0.000368171 -0.00228217 -0.00377496  0.00275596 0.000174028  0.00230614   1.54818 0.0898532  -9.68564  14055
             50.3998 -0.0272512 -0.0224447  -0.307743   0.0180235  -0.0125632 0.000679974 -3.37506e-05    0.0175553  0.000215769 -0.0109576 -0.0232353  0.0441124 0.00211126 0.00205256 -0.0088301 0.000500402   -0.002266 -0.00380071  0.00269885 6.73522e-06  0.00223064   1.54824 0.0899917  -9.68563  13974
             50.4997 0.00211281  -0.054444  -0.284518  0.0190053 -0.0132297 0.00267923 -0.000435129    0.0169497  0.000155675 -0.0109571 -0.0232358   0.044112   0.0034503 0.000329868 -0.00212449 0.000474606 -0.00223218 -0.00382783  0.00266112 9.16248e-05  0.00167686   1.54834 0.0899219  -9.68561  14089
             50.5999   0.0945433 0.000347322   -0.244089  0.0186554 -0.0111582 0.00225752 0.000587348   0.0173655 0.000304084  -0.010956 -0.0232352  0.0441097  0.00184335  0.00574455 -0.00229491 0.000364235 -0.00229338 -0.00387292   0.002747 -0.0001175 0.00167612   1.54828 0.0900985  -9.68562  13995
             50.6998  0.074453 -0.040052 -0.340168   0.019337 -0.0118488 0.00601895 2.23118e-05   0.0168801 0.000227074 -0.0109544 -0.0232345    0.04411 0.00217858 0.00175336 0.00684318 0.000395058  -0.0022434 -0.00376324   0.0027726 1.62871e-06 0.000871302   1.54836 0.0900048  -9.68561  13990
             50.7996  0.0556335 -0.0552136  -0.296127  0.0197304 -0.0112443 0.00892964 0.000290688   0.0166425 0.000266639 -0.0109539 -0.0232346    0.04411 0.00163505 0.00253453  0.0116858 0.000420957 -0.00223052 -0.00381049   0.00279602 -5.06115e-05  0.000402515   1.54841 0.0900507   -9.6856  13888
             50.8999 0.00669575  -0.116778  -0.329947   0.019422 -0.0137795  0.0101648  -0.0010973   0.0169065 6.73876e-05 -0.0109532 -0.0232348  0.0441088 -0.000996002  -0.00525358    0.0116614 0.000472395 -0.00216094 -0.00377351  0.00285077 0.000233839 0.000407676   1.54836 0.0898167  -9.68561  14060
             50.9997  0.0744386 -0.0591716  -0.385506 0.0198395 -0.013411 0.0107654 -0.000672506    0.0166484   0.00012876 -0.0109539 -0.0232342  0.0441087  8.1186e-06 -0.00288286   0.0101594 0.000397714 -0.00222505 -0.00370966  0.00278226 0.000146234 0.000500099    1.5484 0.0898872   -9.6856  14109
             51.0998 0.0577674 -0.140392 -0.235488  0.0199269 -0.0117071  0.0119076 0.000309355   0.0165892 0.000265133 -0.0109514 -0.0232347  0.0441085 -0.000608259   0.00252691    0.0105489 0.000405136 -0.00213764 -0.00388557   0.00277171 -5.69336e-05  0.000490166   1.54842 0.0900538   -9.6856  14148
             51.1999 -0.0897242   -0.10505  -0.303495  0.0201243 -0.0130337  0.0116704 -0.000437874    0.0165035  0.000159478 -0.0109514 -0.0232336  0.0441063 -0.00102125 -0.00107522  0.00723012 0.000568198 -0.00217702 -0.00380862  0.00271585 9.61332e-05 0.000732442   1.54843 0.0899265   -9.6856  14053
             51.2998   0.129687 -0.0776288  -0.298559  0.0201056 -0.0115245  0.0112234  0.00029165   0.0165067 0.000271375 -0.0109511 -0.0232346   0.044104 -0.00142723  0.00372171  0.00466907 0.000326801 -0.00220861 -0.00381405   0.00268304 -5.83659e-05  0.000948159   1.54843 0.0900516  -9.68559  14153
             51.3997  0.0206313 -0.0985443   -0.30161   0.0218423 -0.00995427   0.0111776 0.000912464   0.0155779 0.000359473 -0.0109511 -0.0232345  0.0441047   0.003913 0.00668056 0.00279463 0.000446405 -0.00218609 -0.00381067   0.00246843 -0.000188879    0.0010754  1.54859 0.090151 -9.68557  14102
             51.4998   0.141415 -0.0811659  -0.278077  0.0208713 -0.0101792  0.0120046 0.000726062   0.0160888 0.000334298 -0.0109515 -0.0232332  0.0441051 0.000680698  0.00471439  0.00420705 0.000306623 -0.00220549 -0.00383785   0.00260144 -0.000147787  0.000906345   1.5485 0.090122 -9.68558  14093
             51.5997 0.0434879 -0.165215 -0.335654  0.0210215 -0.0113309  0.0138718 -8.00131e-05    0.0159198  0.000216315 -0.0109504 -0.0232333  0.0441045 -0.00192724 -0.00215762  0.00661765  0.00041504 -0.00211509 -0.00377962  0.00259745  2.2951e-05 0.000709528   1.54853 0.0899828  -9.68558  13999
             51.6999 0.0488196 -0.121131 -0.330252  0.0199179 -0.0113195  0.0118634 -0.000105048    0.0165812  0.000217717 -0.0109504 -0.0232334  0.0441042 -0.00447425 -0.00228333  0.00212003 0.000407066 -0.00217003 -0.00378761  0.00268057 2.62999e-05  0.00107114   1.54842 0.0899828   -9.6856  13969
             51.7995   0.102028 -0.0900997  -0.346908   0.0200967 -0.00989342  0.00817818 0.000674071   0.0162645 0.000320995 -0.0109496  -0.023234  0.0441045 -0.00129567   0.0019418 -0.00800052 0.000333699 -0.00220382 -0.00377103   0.00249443 -0.000145024   0.00182944   1.54848 0.0901223  -9.68559  13991
             51.8997 -0.0428348 -0.0293463  -0.229624   0.0200115 -0.00991765  0.00474624 0.000526351   0.0163619 0.000297476 -0.0109485 -0.0232326  0.0441043 -0.000538226   0.00169423   -0.0140427 0.000486446 -0.00226867 -0.00389612    0.0024416 -0.000118781   0.00230952   1.54847 0.0901039  -9.68559  14123
             51.9997  0.0187222 -0.0854274  -0.312168  0.0218779 -0.0116316 0.00495204 -0.000211663    0.0154165  0.000179463 -0.0109481 -0.0232321  0.0441037  0.00491969 -0.00301663  -0.0107737 0.000434812 -0.00220321 -0.00380172   0.0022768 4.00705e-05  0.00207352   1.54862 0.0899687  -9.68556  14233
             52.1005  -0.0134916 -0.00704008   -0.270549  0.0213319 -0.0121101 0.00258049 -0.000438321    0.0158125  0.000153267 -0.0109471 -0.0232312  0.0441028  0.00276801 -0.00406321  -0.0159212 0.000459608 -0.00227483 -0.00383548  0.00230356 8.35136e-05  0.00245209  1.54855 0.089938 -9.68558  13932
             52.1998 -0.0334139 -0.0119432  -0.304182  0.0207479 -0.0123374 0.00313797 -0.000391428    0.0160839  0.000160267 -0.0109477 -0.0232322  0.0441026 -0.00206234 -0.00195808 -0.00793077 0.000459309 -0.00226937   -0.003825   0.0024192 7.57496e-05  0.00207498   1.54851 0.0899455  -9.68558  13941
             52.2996    0.100603 -0.00192481    -0.24877   0.0191186 -0.00844326  0.00214072  0.00105896   0.0165888 0.000380744 -0.0109468 -0.0232313  0.0440989 -0.00432802  0.00969954 -0.00749669 0.000306117 -0.00228608 -0.00387928   0.00254286 -0.000226423   0.00195623   1.54843 0.0901887  -9.68559  13969
             52.3997 0.0953697 -0.015654 -0.297711  0.0199633 -0.0105027 0.00455582 0.000134357   0.0160255 0.000246019 -0.0109454   -0.02323  0.0440997 -0.000271236  0.000323982  -0.00152439 0.000337043 -0.00226445 -0.00383148   0.00249421 -2.87166e-05   0.00151714   1.54852 0.0900349  -9.68558  14097
             52.4998 -0.0757382 -0.0501453  -0.301081  0.0211223 -0.0103758 0.00565315 0.000175044   0.0155408 0.000257436 -0.0109451 -0.0232303  0.0440992  0.00305046  0.00118286 0.000781911 0.000515156 -0.00222484  -0.0038368   0.00241409 -3.72442e-05    0.0013579    1.5486 0.0900423  -9.68557  13877
             52.5997  0.105249 -0.135937 -0.297828   0.0220199 -0.00990328  0.00959164 0.000316584   0.0151439 0.000265996 -0.0109422 -0.0232283   0.044098 0.00321862 0.00257247 0.00986505 0.000317921 -0.00212948 -0.00384415   0.00241301 -6.41622e-05  0.000810272   1.54868 0.0900686  -9.68555  14086
             52.6998  0.0184329 -0.0713597  -0.336546  0.0209355 -0.0106793  0.0100279 -6.0645e-05   0.0157152 0.000214712 -0.010942 -0.023229 0.0440972 -0.00193947 -0.00129027  0.00729675  0.00041723  -0.0021986 -0.00380482  0.00253174 1.86593e-05 0.000866939   1.54858 0.0900045  -9.68557  13898
             52.7996 0.0565041 -0.110395 -0.318949  0.0229285 -0.0119866  0.0122396 -0.000490557    0.0147192  0.000152199 -0.0109415  -0.023229  0.0440967  0.00330311 -0.00393041   0.0116681 0.000384187 -0.00215323 -0.00382125  0.00233726 0.000114789 0.000688414   1.54875 0.0899274  -9.68554  14150
             52.8997 0.0388514 -0.134337 -0.394115  0.0214145 -0.0123267  0.0138154 -0.000455365    0.0154952  0.000159941 -0.0109415 -0.0232306  0.0440971 -0.00361098 -0.00421391   0.0116148 0.000393964 -0.00213111 -0.00374743  0.00252579 0.000106964 0.000587062   1.54862 0.0899387  -9.68557  13928
             52.9997 0.0365593 -0.150997 -0.344963    0.01991 -0.0140878  0.0143478 -0.00103033   0.0159689 8.41971e-05 -0.0109421 -0.0232301  0.0440971 -0.00871903 -0.00799838  0.00974596 0.000397472  -0.0021114 -0.00380165  0.00261902 0.000233015 0.000669827   1.54853 0.0898435  -9.68558  14145
             53.0997 -0.051945 -0.146165 -0.282549  0.0181314 -0.0125883  0.0112238 -0.000267805      0.01669  0.000185317 -0.0109405 -0.0232263  0.0440994  -0.0131345 -0.00151713  0.00154858 0.000489111 -0.00211977 -0.00386271  0.00268822 6.15059e-05  0.00125713   1.54842 0.0899778   -9.6856  13920
             53.1997 0.0867747 -0.128202 -0.302792  0.0170504 -0.0125115   0.012037 -0.000171518    0.0166183  0.000200254 -0.0109405 -0.0232259  0.0440992   -0.013617 -0.00123726  0.00185359 0.000343859 -0.00213738 -0.00384025  0.00269189 4.14421e-05  0.00113223   1.54843 0.0899938  -9.68559  14130
             53.2998  0.085913 -0.108832 -0.332234  0.0188044 -0.0134825  0.0104951 -0.000426602    0.0149258  0.000162777 -0.0109398 -0.0232257  0.0441022  -0.0029989 -0.00385299 -0.00170349 0.000335319 -0.00215745 -0.00381726  0.00225271 9.64082e-05  0.00153538  1.54872 0.089929 -9.68555  13948
             53.3997  0.0396264 -0.0436121  -0.340688  0.0170238 -0.0136389 0.00893298 -0.00048783   0.0157549 0.000147343 -0.0109389 -0.0232263   0.044099 -0.00852236 -0.00425392 -0.00573654 0.000384996 -0.00222921 -0.00380847  0.00240354 0.000107791  0.00175371   1.54858 0.0899266  -9.68557  14031
             53.4998   0.122894 -0.0808993  -0.311488  0.0175683 -0.0135804 0.00822708 -0.000257074    0.0151395  0.000182931 -0.0109388 -0.0232269  0.0440987 -0.00425747 -0.00331923 -0.00625495 0.000296885  -0.0021945 -0.00384471  0.00225786 5.58706e-05  0.00180275   1.54869 0.0899599  -9.68555  14215
             53.5997  0.0384104 -0.0635191  -0.328806  0.0187531 -0.0139449 0.00774865 -0.000226171     0.014411  0.000190212 -0.0109389 -0.0232267  0.0440991 6.93581e-05 -0.00365955 -0.00584104 0.000381649 -0.00221153 -0.00382831  0.00209402 4.92456e-05  0.00180837   1.54881 0.0899577  -9.68553  14088
             53.6998 0.0345664 -0.119684  -0.30888  0.0175487 -0.0158623 0.00838445 -0.000845825    0.0148573  9.32485e-05 -0.0109385 -0.0232272  0.0440997  -0.0052525 -0.00820897 -0.00369532 0.000391037 -0.00215689  -0.0038488  0.00223149 0.000189021  0.00157824   1.54872 0.0898561  -9.68555  14278
             53.7995    0.11854 -0.0167219  -0.342295  0.0193247 -0.0134692 0.00691685 0.000550306   0.0138735 0.000317019 -0.0109386  -0.023227  0.0440995  0.00280025   0.0011548 -0.00596102 0.000284009 -0.00226023 -0.00382343   0.00197973 -0.000122822   0.00176083    1.5489 0.0900834  -9.68552  14173
             53.9004 -0.0224159  -0.066527  -0.321692  0.0200317 -0.0140085 0.00548882 0.000314313   0.0136914 0.000273882 -0.010939 -0.023226 0.0440984   0.00506943 -0.000201953  -0.00957937 0.000418886 -0.00221313 -0.00384529   0.00190582 -7.09438e-05   0.00197081   1.54893 0.0900417  -9.68551  14050
             53.9997  0.0802479 0.00582312  -0.351768  0.0207012 -0.0136331 0.00516351  0.00043845   0.0137144 0.000292962 -0.0109394 -0.0232257  0.0440982  0.00417819  0.00105895 -0.00589368 0.000315006 -0.00228643 -0.00381964   0.00194456 -9.78354e-05   0.00175765   1.54893 0.0900634  -9.68551  14056
             54.0996 0.00905885 -0.0734396  -0.331428  0.0201337  -0.013601 0.00653629 0.000431898   0.0139847 0.000290401 -0.0109386 -0.0232261  0.0440994  0.00127426 0.000579466 -0.00256537 0.000382676 -0.00220712 -0.00384435  0.00205794 -9.4569e-05  0.00143461  1.54888 0.090066 -9.68552  14044
             54.1998 -0.00642222  -0.0472266   -0.292472  0.0199111 -0.0119537  0.0076112  0.00100203   0.0140489 0.000374342 -0.0109375 -0.0232263  0.0441002 -8.08119e-05   0.00518538  -0.00026078 0.000401205 -0.00223393 -0.00388397   0.00210483 -0.000223156   0.00122318   1.54888 0.0901653  -9.68552  13992
             54.2997  0.0142136 -0.0567218  -0.388795  0.0208527 -0.0114968  0.0086745 0.000935846   0.0136384 0.000365383 -0.0109372 -0.0232255  0.0440999 0.00289068 0.00516882 0.00190422 0.000383501 -0.00221954 -0.00379125   0.00203283 -0.000206432   0.00107529   1.54895 0.0901501  -9.68551  13915
             54.3996   0.121487 -0.0210724  -0.285491   0.019275 -0.0111947  0.0092917 0.000827412   0.0143287 0.000353259 -0.0109377 -0.0232233  0.0440998 -0.00325756  0.00346936  0.00263032 0.000281775  -0.0022574 -0.00389163   0.00220851 -0.000180136  0.000976474   1.54883 0.0901391  -9.68553  14074
             54.4997  0.019452 -0.136193 -0.376443 0.0187796 -0.012225 0.0117173 0.000382745   0.0143148 0.000294938 -0.0109354 -0.0232242     0.0441  -0.00476165 -0.000736344   0.00751681 0.000384524 -0.00214116 -0.00380113   0.00225985 -7.50463e-05  0.000633165   1.54883 0.0900655  -9.68553  13918
             54.5997 -0.0349004 -0.0637522  -0.325952  0.0190037 -0.0115325  0.0109831 0.000639957   0.0140529 0.000324573 -0.0109353 -0.0232238   0.044101 -0.00277964  0.00213404  0.00342597 0.000430879 -0.00221261  -0.0038509   0.00216023 -0.000136572  0.000886348   1.54887 0.0901051  -9.68552  14070
             54.6996  0.0224324 -0.0972821  -0.353901  0.0196606  -0.012966 0.00926745 3.35815e-05   0.0137612 0.000241118 -0.0109354 -0.0232237  0.0441009 7.04799e-05  -0.0014961 -0.00113075 0.000380904 -0.00217704 -0.00382207  0.00204053 1.03166e-06  0.00123355  1.54891 0.089995 -9.68552  13944
             54.7996 0.0267815 -0.146106  -0.31271  0.0210262 -0.0110769  0.0109054 0.000814272   0.0131449 0.000331438 -0.0109339 -0.0232242  0.0440995 0.00315744 0.00433034  0.0016599 0.000378156 -0.00213045 -0.00386512   0.00193415 -0.000177594  0.000973487   1.54903 0.0901228   -9.6855  14108
             54.8996 0.0370834 -0.149308 -0.334183  0.0192218 -0.0118165  0.0127761  0.00040705   0.0138514 0.000288638 -0.0109335 -0.0232241  0.0441002 -0.00560809  0.00118677  0.00581617 0.000363886 -0.00213122 -0.00384583   0.00214754 -7.94045e-05  0.000666953    1.5489 0.0900646  -9.68552  13890
             54.9997  0.0486064 -0.0980816  -0.273805 0.0181717 -0.012648 0.0111785 2.83253e-05   0.0140577 0.000242972 -0.0109334 -0.0232246  0.0441005 -0.00711138 -0.00187668 -0.00018698 0.000349418 -0.00218171 -0.00390783  0.00214506 4.93424e-06  0.00100845   1.54886 0.0899999  -9.68553  14117
             55.0997 0.0514112  -0.13697 -0.310513  0.0177191 -0.0130527  0.0113218 -3.87621e-05    0.0139346  0.000232088 -0.0109334 -0.0232246  0.0441006  -0.00696189   -0.0029392 -0.000654928 0.000351089 -0.00214301 -0.00387032  0.00211846 2.04517e-05 0.000989163   1.54889 0.0899874  -9.68552  13869
             55.1995  0.0862754 -0.0814921  -0.307512  0.0170217 -0.0115465  0.0102359 0.000589906   0.0139554 0.000313567 -0.0109333 -0.0232248     0.0441 -0.00731388  0.00159725 -0.00335172 0.000314208 -0.00219638 -0.00387543   0.00209974 -0.000129844   0.00114208   1.54889 0.0900955  -9.68552  14021
             55.2995  0.0505443 -0.0864173   -0.31853  0.0179796 -0.0111235 0.00836698 0.000692414   0.0133893 0.000324127 -0.0109331 -0.0232238  0.0441008 -0.00272446  0.00256783 -0.00639171 0.000348337 -0.00219053 -0.00386751    0.0019234 -0.000156376   0.00141153   1.54899 0.0901077   -9.6855  14141
             55.3997 -0.00469391  -0.0545178   -0.310327  0.0178239 -0.0109763 0.00650245 0.000640555   0.0133851 0.000316537 -0.0109327 -0.0232233  0.0441007 -0.00216497  0.00256907 -0.00916401 0.000396278 -0.00222054 -0.00387853   0.00189692 -0.000145408   0.00158158   1.54899 0.0900986   -9.6855  13978
             55.4996  0.0868078 -0.0587533  -0.285688  0.0181822 -0.0111783 0.00560071 0.000485047   0.0131606 0.000295181 -0.0109328 -0.0232235   0.044101 -0.000764379   0.00135863  -0.00924152 0.000311804 -0.00221411   -0.003901  0.00184216 -0.00010862  0.00158667   1.54903 0.0900704   -9.6855  14043
             55.5995  0.0133528 -0.0211221  -0.292552   0.0205405 -0.00996276  0.00409606 0.000885872   0.0122783 0.000352157 -0.0109326 -0.0232233  0.0441025 0.00708893 0.00456532  -0.011124  0.00037634 -0.00225325 -0.00389158   0.00161046 -0.000205016   0.00172139   1.54918 0.0901337  -9.68547  14000
             55.6996 0.0375049 -0.102566 -0.305168  0.0214858 -0.0113787 0.00651618 0.000269923   0.0120691 0.000261148 -0.0109308 -0.0232234   0.044103   0.00601762 -0.000437611  -0.00283746 0.000363208 -0.00217505 -0.00387722  0.00164435 -5.4189e-05  0.00117927   1.54921 0.0900264  -9.68547  14051
             55.7995 0.00549579  -0.041731  -0.319171  0.0215833 -0.0123891 0.00635354 -5.75107e-05    0.0122579  0.000214361 -0.0109306 -0.0232236  0.0441026  0.00392186 -0.00275681 -0.00266345 0.000388427 -0.00223316 -0.00386796  0.00169611 2.40432e-05  0.00114088   1.54917 0.0899714  -9.68548  13893
             55.8995 -0.0101063 -0.0594334  -0.309519  0.0207161 -0.0131369 0.00515992 -0.000250129    0.0127413  0.000185939 -0.0109308 -0.0232233  0.0441028 0.000287911 -0.00420778 -0.00577032   0.0004049 -0.00221835 -0.00387496  0.00179457 6.97846e-05  0.00125958   1.54909 0.0899402  -9.68549  14080
             55.9996 -0.0320048 -0.0333014  -0.362317  0.0202277 -0.0146438 0.00490068 -0.000624676    0.0129202  0.000133116 -0.0109301 -0.0232239  0.0441023 -0.00180294 -0.00617505 -0.00500744 0.000426863 -0.00224405 -0.00382493  0.00184753 0.000159291  0.00120041   1.54906 0.0898779  -9.68549  13999
             56.0995  0.0970106 -0.0581528  -0.351154  0.0207569 -0.0135601 0.00734406 -4.46351e-05    0.0125671  0.000211744 -0.0109298 -0.0232215  0.0440994 0.000320299 -0.00182013  0.00117201 0.000312628 -0.00221908  -0.0038344  0.00182555  2.2552e-05 0.000778987   1.54913 0.0899777  -9.68548  14221
             56.1996 -0.0528606 -0.0706288  -0.354279  0.0215018 -0.0123804 0.00733525 0.000421528   0.0123076 0.000273799 -0.0109298 -0.0232215  0.0441004  0.00212179  0.00270421 0.000879622 0.000449902 -0.00220474 -0.00383512   0.00175605 -8.98401e-05  0.000811581   1.54917 0.0900545  -9.68548  14055
             56.2996  0.0774421 -0.0980098  -0.380233  0.0211799 -0.0119398 0.00838187 0.000465703   0.0124644 0.000281379 -0.0109295 -0.0232211  0.0441006 -8.50635e-05    0.0034371   0.00260678 0.000328023 -0.00217954 -0.00381597    0.0018173 -9.94737e-05  0.000663163   1.54915 0.0900654  -9.68548  14136
             56.3996 -0.033842 -0.107405 -0.368393  0.0222383 -0.0104107  0.0086183 0.000867988   0.0120875 0.000328403 -0.0109292 -0.0232213  0.0441012 0.00245583 0.00750862  0.0024371 0.000428164 -0.00217254 -0.00382542   0.00172023 -0.000196662   0.00068725   1.54922 0.0901281  -9.68547  14030
             56.4995   0.102045 -0.0874944  -0.315983   0.0211186 -0.00889272  0.00888185  0.00110377   0.0125594 0.000362737 -0.0109287 -0.0232197  0.0441002 -0.00171085  0.00947744  0.00160738 0.000307234 -0.00218965 -0.00387471  0.00184087 -0.00025398 0.000658177   1.54914 0.0901761  -9.68548  14031
             56.5996   0.165178 -0.0661876  -0.289244   0.0197823 -0.00968962  0.00973811 0.000764942   0.0129924 0.000327848 -0.0109305 -0.0232163   0.044101 -0.00640339  0.00642276  0.00443006 0.000244185 -0.00221226 -0.00390211   0.00196768 -0.000169679  0.000517609  1.54907 0.090127 -9.68549  13891
             56.6995  0.0690655 -0.0807373   -0.31011   0.0201557 -0.00871393   0.0106008 0.000830562   0.0124448 0.000336595 -0.0109305 -0.0232163  0.0441013 -0.00154824  0.00394285  0.00389267   0.0003267  -0.0022003 -0.00388779   0.00183173 -0.000185503  0.000517662   1.54916 0.0901295  -9.68548  13985
             56.7996  0.151302 -0.112766 -0.343964  0.0197687 -0.0113602  0.0106743 -0.000104597     0.012497  0.000223371 -0.0109295 -0.0232167  0.0441029 -0.00352112 -0.00527595  0.00403449 0.000252828 -0.00217018   -0.003858  0.00183999 4.46741e-05 0.000564182   1.54914 0.0899704  -9.68548  13987
             56.8995 0.000984682   -0.079849   -0.387593  0.0177252 -0.0136271  0.0101728 -0.000633046    0.0130555  0.000162589 -0.0109282 -0.0232179  0.0440998 -0.00904254  -0.0106528  0.00128337 0.000395818 -0.00219899 -0.00381657  0.00196647 0.000171694 0.000655763   1.54904 0.0898894   -9.6855  14126
             56.9996  0.0690606 -0.0870142   -0.39577  0.0183691 -0.0171893 0.00760028 -0.00137968   0.0125729 6.54154e-05 -0.0109271  -0.023217  0.0440996 -0.00355204  -0.0171673 -0.00594328 0.000337931 -0.00219275 -0.00380958  0.00178878 0.000352855  0.00106345    1.5491 0.0897632  -9.68549  14104
             57.0995  0.0365306 -0.0862856  -0.359706  0.0191501 -0.0173376 0.00732923 -0.00108643   0.0122261 9.76694e-05 -0.0109269 -0.0232175  0.0440998 -0.000580007   -0.0145278  -0.00570339 0.000366952  -0.0021924 -0.00384321  0.00170081 0.000281275  0.00106935   1.54916 0.0898075  -9.68548  13958
             57.1995 0.0444782 -0.109228 -0.361661  0.0204775 -0.0157456 0.00864203 -0.000109612    0.0116827  0.000208971 -0.0109258 -0.0232186  0.0441002   0.00259239   -0.0055706 -0.000885219 0.000366881  -0.0021716  -0.0038404  0.00159762 4.25375e-05 0.000828514   1.54927 0.0899588  -9.68546  14088
             57.2994   0.0160261 -0.00137103   -0.346873  0.0216209 -0.0149857 0.00485173 0.000341448   0.0115573 0.000260776 -0.0109232 -0.0232183  0.0441017  0.00652708 -0.00122707 -0.00946199 0.000396692  -0.0022653 -0.00385291   0.00148981 -7.34095e-05   0.00134143    1.5493 0.0900392  -9.68546  13970
             57.3995   0.103644 -0.0493599  -0.376657  0.0211013 -0.0157952 0.00627684 0.000146314   0.0118379 0.000237699 -0.0109232 -0.0232175  0.0441027   0.0027577 -0.00351025 -0.00400643 0.000321545 -0.00222196 -0.00383009   0.00161187 -2.15694e-05   0.00100128   1.54925 0.0900077  -9.68546  14063
             57.4995 0.000932747   -0.079763   -0.263536  0.0223068 -0.0126113  0.0069797    0.001221   0.0114964 0.000371376 -0.0109186 -0.0232198   0.044104   0.00501729   0.00667624 -0.000872963 0.000417166 -0.00219338 -0.00393206   0.00154533 -0.000288079  0.000861351   1.54933 0.0901804  -9.68545  13956
             57.5995  0.110469 -0.105822 -0.403779  0.0233055 -0.0125386  0.0094468 0.00107443  0.0112453 0.00034661 -0.0109173 -0.0232182  0.0441042 0.00535543 0.00448237  0.0048432 0.000325451  -0.0021677 -0.00380659   0.00153513 -0.000248452  0.000512672   1.54937 0.0901485  -9.68544  14017
             57.6994 -0.0156866 -0.0574713   -0.30202  0.0223312 -0.0130405  0.0101265 0.000783574   0.0117003  0.00030977 -0.0109183 -0.0232171  0.0441029 -0.000524286   0.00193627   0.00596723 0.000439401 -0.00221199 -0.00389483   0.00165663 -0.000175142  0.000453403   1.54929 0.0901063  -9.68546  14019
             57.7994  0.115093 -0.113437 -0.422429  0.0233303 -0.0140657  0.0123526 0.000457436    0.011294 0.000260992 -0.0109165 -0.0232149  0.0441033  0.00168926 -0.00156907  0.00949994 0.000329052 -0.00216313 -0.00379125   0.00158659 -9.07503e-05  0.000239985   1.54935 0.0900436  -9.68545  14141
             57.8996 0.0124464 -0.105332  -0.35057  0.0212132 -0.0147613  0.0136024 0.000276347   0.0120388 0.000235981 -0.0109167 -0.0232145   0.044103 -0.00628162 -0.00356853  0.00968332 0.000420106 -0.00216874 -0.00385415   0.00178521 -4.56356e-05  0.000165817   1.54923 0.0900247  -9.68547  13919
             57.9995  0.089055 -0.140249 -0.244226  0.0210836 -0.0142616  0.0146486 0.000542979   0.0118501 0.000268858 -0.0109155 -0.0232156  0.0441023 -0.00561756 -0.00125916  0.00989043 0.000361148 -0.00213807 -0.00394062  0.00173866 -0.00011331 0.000156956   1.54926 0.0900666  -9.68546  14125
             58.0995 0.0463465 -0.167788  -0.36497  0.0222063 -0.0122099  0.0150525  0.00123369   0.0113265 0.000359184 -0.0109175 -0.0232136   0.044102 -0.00201354  0.00483975  0.00868432 0.000396212 -0.00211783 -0.00383799   0.00158973 -0.000286827  0.000242536  1.54936 0.090173 -9.68544  13969
             58.1995  0.129685 -0.117101 -0.271502  0.0214678 -0.0122663  0.0159114 0.00112351  0.0115158 0.00034479 -0.0109181 -0.0232127   0.044102 -0.00454315  0.00277733  0.00825724 0.000322459 -0.00216376 -0.00392024   0.00164601 -0.000258098   0.00018409   1.54933 0.0901566  -9.68545  14034
             58.2994  0.171585 -0.152141 -0.358821  0.0225898 -0.0110458  0.0146168  0.00144933    0.011063 0.000388994 -0.0109193 -0.0232121  0.0441008 -6.37983e-05   0.00491484   0.00424505 0.000290685 -0.00212861 -0.00384426   0.00148071 -0.000342822  0.000493295   1.54941 0.0902076  -9.68544  13948
             58.3995   0.102123 -0.0978422  -0.329086   0.021075 -0.0123771   0.014781 0.000901917   0.0115664 0.000318202 -0.0109191 -0.0232126  0.0440982 -0.00592345 -0.00177077  0.00254597 0.000351619 -0.00217919 -0.00387259   0.00161268 -0.000204224  0.000488052   1.54932 0.0901211  -9.68545  14025
             58.4996  0.120952 -0.100607 -0.259093  0.0196249 -0.0117566  0.0126099  0.00111985   0.0119112 0.000343895 -0.0109181 -0.0232118   0.044098   -0.0089824 -0.000505988  -0.00329758 0.000335798 -0.00217648  -0.0039348    0.0016507 -0.000262746  0.000824085   1.54927 0.0901667  -9.68546  14205
             58.5994  0.0216391 -0.0872469  -0.420376    0.01885 -0.0146352  0.0106877 0.000268914     0.01192 0.000223342 -0.0109138 -0.0232106  0.0440949 -0.00884503 -0.00895991 -0.00798007 0.00041938 -0.0021879 -0.0037974    0.0016216 -4.54721e-05    0.0010522   1.54927 0.0900285  -9.68546  14044
             58.6994  0.110577 -0.129294 -0.342332  0.0204481 -0.0146321  0.0125696 0.000586374    0.011011 0.000263537 -0.0109136  -0.023211  0.0440936 -0.00229781 -0.00659596 -0.00238727 0.000344166 -0.00215104 -0.00386829    0.0014313 -0.000124332  0.000734827   1.54941 0.0900663  -9.68544  14245
             58.7995   0.102841 -0.0491169  -0.305769  0.0208409 -0.0140456  0.0101191 0.000889397   0.0109089 0.000301101 -0.0109119 -0.0232119  0.0440942 -0.000454379  -0.00367025  -0.00649285 0.000348444 -0.00221912 -0.00390185   0.00135516 -0.000207197   0.00104716   1.54944 0.0901248  -9.68543  14176
             58.8995   0.119196 -0.0541947  -0.341606  0.0206191 -0.0152148 0.00934001 0.000830569   0.0109512 0.000293301  -0.010912 -0.0232119  0.0440942 -8.69159e-05  -0.00741222  -0.00845006 0.000333489 -0.00221814 -0.00386999  0.00137972 -0.00019077 0.000963692   1.54943 0.0901131  -9.68543  14148
             58.9995   0.118525 -0.0120766  -0.361533   0.020816 -0.0131146 0.00822763  0.00157625   0.0109239 0.000391088 -0.0109127 -0.0232117  0.0440941  0.000701597 -0.000885904   -0.0098608 0.000326993 -0.00225579 -0.00385405   0.00136646 -0.000395846  0.000974234   1.54945 0.0902457  -9.68543  14071
             59.0994 0.0443395 -0.114669 -0.317118  0.0204314 -0.0151889  0.0101506  0.00114102   0.0109381 0.000336029 -0.0109119 -0.0232127  0.0440937 -0.00186623 -0.00705181 -0.00418524 0.000394976 -0.00216904 -0.00389186   0.00142979 -0.000267945   0.00061297   1.54944 0.0901554  -9.68543  13982
             59.1994 0.0774874 -0.127269 -0.282178  0.0203279 -0.0134913  0.0122765  0.00176862     0.01084 0.000410314  -0.010909 -0.0232131  0.0440938 -0.00255767 -0.00110946  0.00147605 0.000370644 -0.00215539 -0.00391967  0.00144849 -0.00044004 0.000296804   1.54946 0.0902577  -9.68543  14101
             59.2995 0.0864795 -0.145999 -0.282363  0.0209335 -0.0135027  0.0140549  0.00183643   0.0105309 0.000414417 -0.0109083 -0.0232131  0.0440931 -0.00127425 -0.00149024  0.00471515  0.00036417 -0.00213892 -0.00391833   0.00138929 -0.000455876  0.000100652   1.54952 0.0902597  -9.68542  13939
             59.3994 0.0693847 -0.117031 -0.314163  0.0205359 -0.0134153  0.0136788  0.00186769   0.0106388 0.000420463 -0.0109084 -0.0232132  0.0440931 -0.00342999 -0.00118559  0.00315476 0.000384309 -0.00216535 -0.00389056   0.0014086 -0.00046587 0.000173393    1.5495 0.0902688  -9.68542  14074
             59.4995 0.0956215 -0.131289 -0.316591  0.0220897 -0.0122018   0.013946  0.00227219   0.0100303 0.000466342 -0.0109088 -0.0232125  0.0440931 0.00241278  0.0017378 0.00192206 0.000357655 -0.00215711 -0.00388972   0.00122808 -0.000578623  0.000230422  1.54961 0.090337  -9.6854  13861
             59.5993 0.0939195 -0.157664 -0.358979  0.0215438 -0.0124466  0.0174991  0.00221118   0.0101224 0.000459225 -0.0109079  -0.023213  0.0440932  -0.00231112 -3.92576e-06     0.010005 0.000363414 -0.00213284 -0.00385277   0.00131895  -0.00055592 -0.000204677   1.54959 0.0903155  -9.68541  14169
             59.6995  0.130843 -0.131598 -0.306333  0.0218916 -0.0115619  0.0166348  0.00243675  0.00998815 0.000485995 -0.0109075 -0.0232141   0.044093 -0.00138693  0.00168035  0.00583726 0.000328843 -0.00215655 -0.00389702   0.00124668 -0.000621938  3.21871e-05   1.54962 0.0903602   -9.6854  13931
             59.7993  0.168202 -0.188926 -0.270981  0.0196589 -0.0114203  0.0184723  0.00245735   0.0105133 0.000485632 -0.0109073 -0.0232121  0.0440937 -0.00939744 -0.00113929  0.00755643 0.000293359 -0.00210894 -0.00392744   0.00141741 -0.000624224 -0.000148257   1.54953 0.0903628  -9.68542  14113
             59.8995  0.205335 -0.101443 -0.302774 0.0218509  -0.01181 0.0168209  0.00239017  0.00972781 0.000482941 -0.0109059 -0.0232128  0.0440978 -0.000433811  -0.00329952   0.00198896  0.00026153 -0.00218207 -0.00390245   0.00115688 -0.000610355  0.000175423   1.54966 0.0903543  -9.68539  13913
             59.9995   0.222774 -0.0912777  -0.259801  0.0202789 -0.0117158   0.014492  0.00251143   0.0102359 0.000490138 -0.0109048  -0.023213  0.0440966 -0.00513608 -0.00476379 -0.00329147 0.000247161 -0.00218734 -0.00393706   0.00124951 -0.000648204  0.000481999   1.54958 0.0903887  -9.68541  14134
             60.0995  0.176411  -0.13044 -0.322228 0.0177614  -0.01458 0.0140936   0.0019045    0.010798 0.000408517 -0.0109034 -0.0232148  0.0440959 -0.0121337 -0.0141435 -0.0037443 0.000284011 -0.00215664 -0.00388525   0.00140545 -0.000485686  0.000466968   1.54949 0.0902898  -9.68542  13859
             60.1994   0.126057 -0.0451673   -0.29683 0.0171771 -0.014841 0.0108295  0.00217923   0.0106879 0.000439442 -0.0109018  -0.023213  0.0440981  -0.0104328  -0.0118158 -0.00855044 0.000324944 -0.00222571 -0.00390789   0.00132088 -0.000562451  0.000845425   1.54951 0.0903533  -9.68542  14025
             60.2993   0.112144 -0.0905001  -0.303899  0.0179472 -0.0159329  0.0104906  0.00221221   0.0101724 0.000448611 -0.010902 -0.023213 0.0440976 -0.00537355  -0.0126748 -0.00837483 0.000339036 -0.00218906 -0.00390231   0.00118974 -0.000571124  0.000805111    1.5496 0.0903553  -9.68541  14139
             60.3995 -0.0323153 -0.0538133  -0.372156  0.0210092 -0.0159229 0.00640077  0.00256196  0.00922439 0.000496624 -0.0109028 -0.0232047  0.0441012  0.00685557 -0.00781655  -0.0154207 0.000452761  -0.0022159 -0.00384702  0.000868339 -0.000664154   0.00124457   1.54975 0.0904319  -9.68538  14016
             60.4994   0.112776 -0.0558075  -0.318019  0.0234418 -0.0151854 0.00685983  0.00300818  0.00865587 0.000553482 -0.0109025 -0.0232051  0.0440995   0.0116178 -0.00328497  -0.0107739 0.000334024 -0.00221741 -0.00389272  0.000747162 -0.000781666   0.00101684   1.54985 0.0904895  -9.68536  14050
             60.5994   0.0248036 -0.00680526   -0.403741  0.0223754 -0.0167793 0.00534024  0.00256583  0.00906339 0.000478127 -0.0109005 -0.0232074  0.0440974  0.00859113 -0.00804817  -0.0147722  0.00041284 -0.00226151 -0.00381237  0.000836482 -0.000663099   0.00116823   1.54978 0.0904269  -9.68538  13997
             60.6995  0.0828069 -0.0929729  -0.334191  0.0217985 -0.0178865 0.00854295 0.00271528 0.00949779 0.00048841 -0.0108974 -0.0232044  0.0440999  0.00019369 -0.00755221 -0.00141831 0.000364783 -0.00219215 -0.00387698   0.00107391 -0.000694352   0.00041416   1.54971 0.0904324  -9.68539  14015
             60.7995  0.0993484 -0.0803392  -0.415322  0.0213364 -0.0191691   0.011163  0.00261122  0.00954202 0.000473373 -0.0108965  -0.023204  0.0441003 -0.00193694  -0.0101818  0.00412863 0.000350056  -0.0022017 -0.00381127   0.00113819 -0.000662947  7.72584e-05    1.5497 0.0904087  -9.68539  13936
             60.8995  0.139526 -0.129001 -0.390477  0.0209452 -0.0193685  0.0132145  0.00285588  0.00953413 0.000502691 -0.0108956 -0.0232031  0.0440995 -0.00416321 -0.00848699  0.00785138 0.000318849 -0.00216448 -0.00382936   0.00116311 -0.000730002 -0.000109223  1.54971 0.090447 -9.68539  14102
             60.9994  0.0398056 -0.0990015  -0.361045 0.0203516  -0.01828 0.0129872  0.00331743   0.0096113 0.000554212 -0.0108948 -0.0232029   0.044101 -0.00487841 -0.00369386  0.00497757 0.000400939 -0.00218768 -0.00385258   0.00116734 -0.000861011  1.35559e-06   1.54971 0.0905279  -9.68539  14029
             61.0994  0.135012 -0.125083 -0.401108  0.0209585 -0.0175093  0.0134116  0.00361215  0.00932999 0.000591748 -0.0108949 -0.0232029  0.0440999  -0.0017938 -0.00119339  0.00423812 0.000322828 -0.00216665 -0.00382365   0.00108047 -0.000945409  2.69192e-05   1.54976 0.0905704  -9.68538  14133
             61.1993 -0.0154594  -0.127235  -0.429203  0.0214003 -0.0170553  0.0146986   0.0037724  0.00914362 0.000613298 -0.0108951 -0.0232032  0.0441009 -0.000560588   0.00043665   0.00609452 0.000443694 -0.00216095 -0.00379999   0.00103992 -0.000989929  -7.2029e-05    1.5498 0.0905911  -9.68537  14122
             61.2994   0.135341 -0.0830056    -0.3544  0.0210255 -0.0166637  0.0127164  0.00380849  0.00926909 0.000620865 -0.0108943 -0.0232049  0.0441008  -0.00129162   0.00115734 -0.000898306 0.000325647 -0.00219789 -0.00385783  0.00103119 -0.00100601 0.000240371   1.54978 0.0906053  -9.68537  14153
             61.3993 0.0876171 -0.128516 -0.345972  0.0219545 -0.0140901  0.0143643  0.00444256  0.00896366 0.000690473 -0.0108928 -0.0232056  0.0441006 0.00106029 0.00753459 0.00337787 0.000366944 -0.00216072 -0.00386264 0.000964479 -0.00118814 5.19435e-05   1.54985 0.0907028  -9.68536  14042
             61.4993  0.172672 -0.112162 -0.362706  0.0198837 -0.0150604   0.015227  0.00401055    0.009491 0.000637832 -0.0108929 -0.0232052  0.0441019 -0.00679854  0.00135707  0.00499604 0.000297143 -0.00217201 -0.00385268   0.00113571  -0.00106333 -3.89484e-05   1.54975 0.0906449  -9.68538  14083
             61.5994  0.212849 -0.127008 -0.362066  0.0219005 -0.0151344  0.0149806  0.00402985  0.00873359 0.000656151  -0.010893 -0.0232055  0.0441016 0.000871703 -0.00150509  0.00239961 0.000270668  -0.0021641 -0.00385089 0.000896211 -0.00106768 0.000100822   1.54987 0.0906287  -9.68536  13962
             61.6995   0.125316 -0.0876356  -0.302501  0.0216311 -0.0148181  0.0139421  0.00414546   0.0088575 0.000665784 -0.0108923 -0.0232051  0.0441019 -1.29916e-05  -0.00223669  -0.00117276  0.00034171 -0.00219468 -0.00389561 0.000910915 -0.00110254 0.000242615   1.54986 0.0906537  -9.68536  14005
             61.7994   0.15372 -0.126921 -0.349446  0.0202086 -0.0156762  0.0131156  0.00395743  0.00924436 0.000637749 -0.0108921  -0.023206  0.0441024 -0.00569381 -0.00507015 -0.00213567 0.000327265 -0.00216112 -0.00385913  0.00101439 -0.00105027 0.000315855   1.54979 0.0906332  -9.68537  14003
             61.8994 -0.0137331 -0.0832245  -0.288363  0.0181873 -0.0158586  0.0115195  0.00404142   0.0096407 0.000642027 -0.0108917 -0.0232041  0.0441024 -0.00962841 -0.00463927 -0.00617213 0.000457329 -0.00219592 -0.00390917  0.00111044 -0.00107634 0.000445226   1.54973 0.0906592  -9.68538  14027
             61.9994   0.120923 -0.0690124  -0.345416  0.0178392 -0.0168366  0.0102582  0.00389132  0.00952838 0.000624724 -0.0108911  -0.023204  0.0441029 -0.00901642 -0.00622798  -0.0074537 0.000346162 -0.00220876 -0.00386626  0.00106313 -0.00103341 0.000543168   1.54974 0.0906359  -9.68538  14228
             62.1001  -0.037834 -0.0882205  -0.355302   0.018809 -0.0170563 0.00998774  0.00389533  0.00920166 0.000627235 -0.0108912 -0.0232028  0.0441033 -0.00473113 -0.00632857 -0.00862524 0.000474925 -0.00219311 -0.00385826 0.000964643 -0.00103351 0.000567065    1.5498 0.0906319  -9.68537  13933
             62.1995  0.115901 -0.131082  -0.35501  0.0210135 -0.0163232  0.0118106  0.00438464  0.00829656 0.000684175 -0.010891 -0.023201 0.0440993   0.00352177 -0.000131184 -0.000629188 0.000351215 -0.00215658 -0.00385986 0.000745124 -0.00117304 0.000206531   1.54995 0.0906938  -9.68534  14038
             62.2995  0.0605857 -0.0944529  -0.386702  0.0218996 -0.0156975  0.0123296 0.00454531 0.00809028 0.00070707 -0.0108916 -0.0232005  0.0440993  0.00559186  0.00155704 0.000366298 0.000394519 -0.00218481 -0.00383532 0.000691238 -0.00121995 0.000149752   1.54999 0.0907174  -9.68534  13977
             62.3995  0.119828 -0.124195 -0.365062  0.0214826 -0.0186402  0.0119822  0.00383566  0.00836174 0.000614917 -0.0108917 -0.0232005  0.0441018  6.06769e-05  -0.00829945 -0.000478485 0.000354696 -0.00215802 -0.00385121 0.000771911 -0.00100841 0.000183532   1.54993 0.0906008  -9.68535  14013
             62.4994  0.0561994 -0.0889633  -0.367411  0.0208202 -0.0165987  0.0113862  0.00444993  0.00853522 0.000675503 -0.0108916 -0.0232005  0.0441024  -0.00251024 -0.000783207  -0.00150769 0.000407041 -0.00218348 -0.00384849 0.000814547 -0.00119149 0.000224235   1.54991 0.0907077  -9.68535  13858
             62.5994 0.0613498  -0.16434 -0.371342  0.0218589 -0.0164892  0.0142595  0.00452006  0.00815883 0.000694176 -0.0108903 -0.0232007  0.0441015 -0.000697373 -0.000302106   0.00446925 0.000400235 -0.00212789 -0.00384567  0.000749672  -0.00121138 -0.000106413   1.54998 0.0907137  -9.68534  14108
             62.6995  0.0282357 -0.0892801  -0.326749  0.0198948 -0.0144106   0.012272 0.00494628  0.0086682  0.0007215 -0.0108889 -0.0231991  0.0441012 -0.00662457  0.00551861 -0.00119363 0.000420528 -0.00218795 -0.00388068 0.000866597 -0.00133929 0.000137118    1.5499 0.0907943  -9.68535  13963
                62.8 0.0875196 -0.107378 -0.375822  0.0203228 -0.0158233  0.0112583  0.00452083     0.00841 0.000680589 -0.0108885  -0.023199  0.0441021 -0.00339431 0.000341788 -0.00292744 0.000372721 -0.00217243 -0.00384318 0.000772848 -0.00120959 0.000249112   1.54994 0.0907152  -9.68535  14055
             62.8994  0.126581 -0.116994 -0.381079  0.0199633 -0.0140655  0.0132422  0.00491721  0.00836038 0.000726302 -0.0108888 -0.0231979  0.0441007 -0.00491152  0.00431185   0.0020279 0.000338047 -0.00216824 -0.00384054  0.000794309  -0.00132983 -1.64418e-05  1.54995 0.090784 -9.68534  13927
             62.9993  0.110043  -0.11295 -0.391737 0.0193766 -0.016691 0.0138613  0.00425657  0.00834021 0.000650607 -0.0108882 -0.0231979  0.0441012 -0.00659646 -0.00509023  0.00299977 0.000346226 -0.00217352 -0.00383463  0.000801008  -0.00112901 -6.91963e-05   1.54994 0.0906724  -9.68535  14113
             63.0993 0.0505283  -0.11776 -0.347457  0.0190336 -0.0157951   0.012982  0.00452384  0.00836804 0.000677992 -0.0108876 -0.0231977  0.0441021   -0.0064356  -0.00217557 -0.000357589 0.000388793 -0.00217241 -0.00387037 0.000790944 -0.00120997  4.5952e-05   1.54994 0.0907171  -9.68535  13984
             63.1994 0.0025134 -0.160673  -0.29353  0.0194339 -0.0176498  0.0153923  0.00418803  0.00795229 0.000646053 -0.0108881    -0.0232  0.0441002 -0.00463283 -0.00627414   0.0045947 0.000421024 -0.00214054 -0.00391333  0.000703572  -0.00110828 -0.000216686      1.55 0.0906534  -9.68534  14103
             63.2994 0.0963453 -0.105423 -0.322685  0.0205093 -0.0155378  0.0119495  0.00479247  0.00769273 0.000726674 -0.0108872 -0.0232011  0.0440997  0.00048616  0.00154075 -0.00467874 0.000349313  -0.0021829 -0.00388927 0.000551226 -0.00129374 0.000241335   1.55006 0.0907489  -9.68533  13984
             63.3996  0.133718  -0.10907 -0.314187  0.0212596 -0.0152132   0.014301     0.00486  0.00743732 0.000739319 -0.0108875 -0.0231999  0.0440996 0.000950382 0.000996167  0.00212776  0.00032441 -0.00218314  -0.0038948  0.000518111  -0.00131332 -6.66024e-05    1.5501 0.0907568  -9.68532  13926
             63.4995  0.129952 -0.119203 -0.336595  0.0207134 -0.0156094  0.0143878  0.00476298  0.00756898 0.000725053 -0.0108873 -0.0232004     0.0441 -0.000674474 -0.000227355   0.00306523 0.000327492 -0.00217115 -0.00387486    0.0005615  -0.00128408 -7.87487e-05   1.55008 0.0907427  -9.68532  14176
             63.5995  0.125218 -0.100912 -0.358395  0.0197467 -0.0179602   0.014437  0.00422562  0.00778738 0.000653945 -0.0108858 -0.0232013  0.0440999 -0.00402434 -0.00900848 0.000795425 0.000329422 -0.00218727 -0.00385846  0.000629064   -0.0011201 -6.01223e-05   1.55003 0.0906554  -9.68533  14073
             63.6995 0.0795981 -0.109143  -0.27463  0.0202263 -0.0180678  0.0132645  0.00441039  0.00758183 0.000676392 -0.0108853 -0.0232017  0.0441004 -0.00116792 -0.00743536 -0.00250016 0.000362892 -0.00217897 -0.00392015 0.000540766  -0.0011785  0.00010276   1.55007 0.0906863  -9.68533  14281
             63.7996  0.0983758 -0.0750167  -0.313055  0.0194451 -0.0178394  0.0121928  0.00459319  0.00776755 0.000695444 -0.0108853 -0.0232019  0.0441001 -0.00423962 -0.00554916  -0.0040868 0.000352525 -0.00220676 -0.00388847 0.000585031 -0.00123535 0.000196481   1.55004 0.0907197  -9.68533  14056
             63.8994 0.0816311 -0.133581 -0.332202  0.0196596 -0.0173824  0.0117497  0.00492329  0.00755052 0.000733703 -0.0108858 -0.0232016     0.0441 -0.00262944 -0.00258752 -0.00361318 0.000368635 -0.00216033 -0.00387531 0.000518889 -0.00133802 0.000171941   1.55008 0.0907735  -9.68532  14211
             63.9995  0.0744378 -0.0904681  -0.330359  0.0206193 -0.0152042  0.0112649  0.00543524  0.00728422 0.000790602 -0.0108862 -0.0232013  0.0441008 0.000625538  0.00348967 -0.00363792 0.000365766 -0.00219556 -0.00387887 0.000431309  -0.0014972 0.000184318   1.55013 0.0908578  -9.68531  14011
             64.0995 0.0866447 -0.136576 -0.333346  0.0207994 -0.0171366  0.0133364  0.00500142  0.00717561 0.000739446 -0.0108854 -0.0232013  0.0441009 -0.00067465 -0.00307482  0.00253583 0.000354235 -0.00216159 -0.00387434  0.000434019  -0.00136069 -5.23754e-05   1.55014 0.0907804  -9.68531  13943
             64.1994  0.150991 -0.100977  -0.35733  0.0223962 -0.0164411   0.014397 0.00523494 0.00676832 0.00076916 -0.0108858 -0.0232005  0.0441005  0.00332701 -0.00124143  0.00435954 0.000302968 -0.00218612 -0.00385756  0.000318039  -0.00142996 -0.000116841   1.55021 0.0908134   -9.6853  14056
             64.2994  0.107376 -0.189612 -0.323085  0.0214205 -0.0172776  0.0179771  0.00511703  0.00695776 0.000754681 -0.0108841    -0.0232  0.0441021 -0.00307157 -0.00439251   0.0116156 0.000338664  -0.0021169 -0.00388563  0.000428957  -0.00138986 -0.000470494   1.55018 0.0907885  -9.68531  13998
             64.3995  0.106598 -0.136859 -0.356371  0.0203863 -0.0154426  0.0173292  0.00562139  0.00715672 0.000809576 -0.0108847    -0.0232  0.0441024 -0.00552782  0.00109844  0.00672349  0.00033821 -0.00215288 -0.00386018  0.000456839  -0.00154352 -0.000266579  1.55015 0.090874 -9.68531  14020
             64.4995  0.131055 -0.164519 -0.370557  0.0199593 -0.0153789   0.017773  0.00561897   0.0071243 0.000810823 -0.0108847    -0.0232  0.0441024 -0.00682066 0.000480295  0.00658714 0.000316326 -0.00213144  -0.0038498  0.000443766   -0.0015431 -0.000244906   1.55016 0.0908739  -9.68531  13948
             64.5999   0.07785 -0.146038 -0.242311  0.0201038 -0.0135608  0.0165073 0.00599677  0.0069556 0.00085096  -0.010882 -0.0232015  0.0441039 -0.00438031  0.00468172  0.00180418 0.000358015 -0.00214432 -0.00394678    0.0003583  -0.00166228 -2.69645e-05   1.55019 0.0909381   -9.6853  14100
             64.6995 0.0270537 -0.153328 -0.416167  0.0199731 -0.0164366  0.0162508  0.00529416  0.00688007 0.000770867 -0.0108782 -0.0232012   0.044101 -0.00515609 -0.00429774 0.000527058 0.000401743 -0.00213826 -0.00381469 0.000331903 -0.00144506 2.33519e-05    1.5502 0.0908253   -9.6853  13922
                64.8 0.0582371 -0.119242 -0.320569  0.0197192 -0.0171228  0.0153829  0.00523786  0.00681603 0.000765922 -0.0108781 -0.0232015  0.0441013 -0.00500985 -0.00464135 -0.00150975 0.000377892 -0.00216438 -0.00388793 0.000296183 -0.00142866 0.000125065  1.55021 0.090818  -9.6853  14104
             64.8995 -0.00549793   -0.155824   -0.380489  0.0203849 -0.0191695   0.014628  0.00491925  0.00658356 0.000732418 -0.0108775 -0.0232005  0.0441001 -0.00192817  -0.0113375  -0.0092969 0.000386595 -0.00216428 -0.00387676 0.000211247 -0.00132741 0.000199085   1.55024 0.0907633   -9.6853  13974
             64.9999 -0.0110722  -0.155266  -0.386682  0.0207734 -0.0198262  0.0143929  0.00478766  0.00650263 0.000718273 -0.0108772 -0.0232001  0.0440995 -0.000727274   -0.0130189  -0.00985684 0.000389085 -0.00216478  -0.0038733 0.000181147 -0.00128554 0.000229205   1.55026 0.0907409   -9.6853  13974
             65.0994 0.0778957 -0.134959   -0.3866  0.0206008 -0.0201196  0.0137437   0.0049746  0.00646115 0.000742196 -0.0108774 -0.0231997  0.0440986 -0.00265939 -0.00378846 -0.00628555 0.000337569 -0.00217879 -0.00387602 0.000178865 -0.00135493  0.00013483   1.55026 0.0907765  -9.68529  13997
             65.1993  0.0422554 0.00254895  -0.319028  0.0172126 -0.0187278 0.00759947   0.0050628  0.00676506 0.000764404 -0.0108734  -0.023197  0.0440951 -0.0132781 0.00154293 -0.0251716 0.000367061 -0.00228236 -0.00392276 0.000253482 -0.00139773 0.000419294   1.55021 0.0908037   -9.6853  14032
             65.2994  0.0879001 -0.0970897  -0.341929  0.0163421 -0.0197363 0.00900619  0.00499839  0.00664972 0.000750401 -0.0108725 -0.0231961  0.0440951  -0.0109417 -0.00249859  -0.0123055  0.00033763 -0.00220998 -0.00390384 0.000240671 -0.00136441 0.000219212   1.55023 0.0907878   -9.6853  14026
             65.3995  0.0769444 -0.0687869  -0.286858  0.0184518 -0.0171449 0.00950544   0.0052138  0.00641508 0.000770921 -0.0108711 -0.0231978  0.0440942 -0.00338263  0.00566997 -0.00874928 0.000342291 -0.00222248 -0.00394932  0.00015179 -0.00144801   0.0001965  1.55028 0.090825 -9.68529  14001
             65.4995   0.142051 -0.0928809  -0.325689  0.0189171 -0.0173307  0.0114593  0.00516115   0.0063129 0.000759244 -0.0108701 -0.0231967  0.0440939 -0.00145481  0.00269575 -0.00301077 0.000290581 -0.00220187 -0.00392154 0.000132176 -0.00142522 6.85232e-05   1.55029 0.0908148  -9.68529  13973
             65.5994 0.0234741 -0.108436 -0.386753  0.0220459  -0.017544 0.00896274  0.00511609  0.00574492 0.000755176 -0.0108705 -0.0231924  0.0440918  0.00843355 0.000496157 -0.00827968 0.000379956 -0.00218036 -0.00387283 -9.8187e-05 -0.00140652  0.00023098   1.55039 0.0907996  -9.68527  14014
             65.6995  0.107744 -0.113331 -0.326507  0.0184593 -0.0176074  0.0119283  0.00508781  0.00650467 0.000757946 -0.0108699 -0.0231897  0.0440936  -0.00624917 -0.000923346 -0.000620525 0.000316911 -0.00218361 -0.00391704 0.000222989 -0.00139191 -8.0991e-05   1.55026 0.0907994  -9.68529  13955
             65.7999   0.144812 -0.0962797  -0.367897  0.0193809 -0.0147946  0.0115699 0.00559997 0.00618488 0.00080633 -0.0108706 -0.0231893  0.0440924 -0.00220335  0.00584228 -0.00127403 0.000283363 -0.00219588 -0.00388849    9.676e-05  -0.00157499 -4.39373e-05   1.55032 0.0908837  -9.68528  14002
             65.8998   0.174632 -0.0894763  -0.346299  0.0183189 -0.0176792  0.0112962  0.00497464  0.00634825 0.000744352 -0.0108712 -0.0231891  0.0440936 -0.00502535 -0.00570036 -0.00246849 0.000264809 -0.00219994 -0.00390334  0.000160268  -0.00135075 -3.20754e-05   1.55029 0.0907786  -9.68529  14097
             65.9995  0.0495721 -0.0777091   -0.39135   0.019251 -0.0176934    0.01063  0.00510626  0.00605256 0.000755139 -0.0108714 -0.0231879   0.044095 -0.000367568    -0.004936  -0.00380627   0.0003581 -0.00220863 -0.00386804  4.3333e-05 -0.00139612 2.33601e-05   1.55034 0.0907968  -9.68528  13974
             66.0994   0.166766 -0.0786286  -0.345298  0.0200475  -0.015129 0.00962037  0.00570055  0.00589317 0.000814399 -0.0108704 -0.0231889  0.0440934  0.00275508  0.00286543 -0.00472243 0.000276146 -0.00220423  -0.0039004 -3.07948e-05  -0.00161329  9.75368e-05   1.55038 0.0908987  -9.68528  14222
             66.1999  0.0987807 -0.0822252  -0.399639 0.0203101   -0.0164 0.0120703   0.0054397  0.00581909 0.000791213 -0.0108698   -0.02319  0.0440928  0.00169693 -0.00313191  0.00121306 0.000327832 -0.00220022 -0.00386114 -1.03799e-05   -0.0015132 -0.000222961   1.55039 0.0908437  -9.68527  14053
             66.2995  0.163146 -0.112736 -0.367857  0.0203863 -0.0157384  0.0131367  0.00565293  0.00581753 0.000811775 -0.0108694 -0.0231898  0.0440924  0.00113066 -0.00163835  0.00299981 0.000273868 -0.00217881 -0.00388835  1.03334e-06  -0.00158817 -0.000326719   1.55039 0.0908765  -9.68527  14165
             66.3994 0.00216878  -0.148966  -0.383657  0.0224776 -0.0135947  0.0147532  0.00616017  0.00537844 0.000856863 -0.0108689 -0.0231911  0.0440949 0.00628236  0.0046374 0.00622609 0.000390515 -0.00215094 -0.00387638 -0.000149531  -0.00176612 -0.000457482   1.55048 0.0909464  -9.68526  13973
             66.4994 0.0469344 -0.124601 -0.384355 0.0211113  -0.01547 0.0151378  0.00565982  0.00576191 0.000821423 -0.0108692 -0.0231906  0.0440938 -0.000982952  -0.00166393   0.00551258 0.000358018 -0.00216768 -0.00387848 -3.71659e-06   -0.0015882 -0.000445418    1.5504 0.0908733  -9.68527  14100
             66.5995 0.0963927 -0.131443 -0.409832  0.0196317 -0.0173679  0.0147922  0.00528227  0.00604672 0.000792373 -0.010869 -0.023191 0.0440948 -0.00673068 -0.00671056  0.00369623 0.000324197 -0.00216217 -0.00385975  9.49735e-05  -0.00145528 -0.000360625  1.55034 0.090821 -9.68528  14005
             66.6998  0.0646112 -0.0762645  -0.312677  0.0174416 -0.0174231  0.0126608 0.00537559 0.00640751 0.00080057 -0.0108677 -0.0231895  0.0440936   -0.011037 -0.00533657 -0.00153214 0.000353966 -0.00219884 -0.00392886  0.000190916  -0.00149622 -0.000100323   1.55029 0.0908542  -9.68529  14046
             66.7998 0.0491824 -0.115355  -0.37337  0.0173617 -0.0178346  0.0123612  0.00541492  0.00618677 0.000806031 -0.0108678 -0.0231892  0.0440935 -0.00813039 -0.00465101 -0.00164224 0.000359323 -0.00216953 -0.00388664  0.000106896  -0.00150888 -7.49445e-05   1.55032 0.0908541  -9.68528  14015
             66.8995 0.0765188 -0.104688 -0.351656  0.0162716 -0.0186861   0.013752  0.00535666  0.00619286 0.000798282 -0.0108679 -0.0231888  0.0440936 -0.00999452 -0.00632932  0.00168564 0.000334746   -0.002178 -0.00390474  0.000135126  -0.00148619 -0.000256253   1.55032 0.0908425  -9.68528  14039
             66.9994  0.0543356 -0.0974298  -0.348881  0.0173195 -0.0183141  0.0103296  0.00554509  0.00585504 0.000822945 -0.0108676 -0.0231889  0.0440938 -0.00383005 -0.00311089  -0.0062716 0.000345804 -0.00218484 -0.00390942 -4.60157e-05  -0.00155474  0.000146829   1.55038 0.0908675  -9.68527  14173
             67.0999 0.0557881 -0.107475  -0.28986  0.0166214 -0.0165265  0.0109219  0.00596762  0.00589245 0.000868831 -0.0108663 -0.0231886  0.0440936 -0.00520566  0.00258689  -0.0032517 0.000339677 -0.00217833 -0.00395227 -1.22379e-05  -0.00170584 -5.16332e-06  1.55038 0.090937 -9.68527  14001
             67.1999   0.103846 -0.0940344  -0.305807  0.0172878 -0.0164421  0.0110568  0.00597783  0.00570393 0.000872568 -0.0108664 -0.0231886  0.0440937 -0.00260635   0.0023654 -0.00303569 0.000305406 -0.00218754 -0.00393927 -7.82988e-05  -0.00170933  -2.4412e-05  1.55041 0.090935 -9.68527  14009
             67.2997 0.00501474 -0.0869841  -0.349573  0.0179662 -0.0172428 0.00972741  0.00577888  0.00550943 0.000852667 -0.0108656 -0.0231872  0.0440931  0.000503998 -0.000542619  -0.00535325 0.000375132 -0.00219252  -0.0039065 -0.000166118  -0.00163671  9.93764e-05   1.55044 0.0908989  -9.68526  13918
             67.3994  0.140337 -0.112895 -0.358069   0.018326 -0.0174489  0.0128424 0.00577809 0.00535524 0.00085091 -0.0108651 -0.0231845  0.0440931 -0.000574166  -0.00147893   0.00320204 0.000278518 -0.00217505 -0.00390132  -0.00016239  -0.00163434 -0.000323619   1.55046 0.0908983  -9.68526  14047
             67.4995   0.168785 -0.0350743  -0.334268  0.0199711 -0.0157061  0.0105271  0.00610866  0.00507313 0.000893981  -0.010864 -0.0231863  0.0440937  0.00640652   0.0030037 -0.00268944 0.000254668 -0.00223167 -0.00391997 -0.000305987  -0.00175881 -5.51476e-05   1.55051 0.0909504  -9.68525  13928
             67.5994  0.148005 -0.142537 -0.364216  0.0203517 -0.0183688   0.012391  0.00558549  0.00515329 0.000845102 -0.0108622 -0.0231863  0.0440946 0.00212743 -0.0082371 0.00225103 0.000273708 -0.00215293 -0.00389755 -0.000237708  -0.00156378  -0.00029352    1.5505 0.0908642  -9.68526  14056
             67.6995 0.0629011 -0.048144 -0.432389   0.019625 -0.0187931  0.0114801   0.0056322  0.00534542 0.000843362 -0.0108623 -0.0231868  0.0440942 -0.000340159   -0.0078927  -0.00049871  0.00034081 -0.00221817 -0.00384593 -0.000180198  -0.00158168 -0.000191101   1.55046 0.0908742  -9.68526  13983
                67.8  0.215659 -0.190664 -0.347963 0.0221658 -0.017763 0.0185816  0.00605029  0.00473942 0.000882604 -0.0108566 -0.0231851  0.0440889  0.00414774 -0.00396455   0.0155774 0.000228608 -0.00211709 -0.00390775 -0.000320041  -0.00172968 -0.000882323   1.55058 0.0909254  -9.68524  14028
             67.8998  0.198817 -0.133054 -0.347305  0.0202048 -0.0154495  0.0175785   0.0065002  0.00523317 0.000897175 -0.0108555 -0.0231843  0.0440879 -0.00352469   0.0012039  0.00991828 0.000239498 -0.00215766  -0.0039053 -0.000166964  -0.00190242 -0.000656547  1.55051 0.091014 -9.68525  13944
             67.9997 0.0470438 -0.113252 -0.419435  0.0205957 -0.0189845  0.0160495  0.00585708   0.0051112 0.000840405 -0.0108531 -0.0231809  0.0440817 -0.00082526 -0.00978346   0.0030903 0.000355745 -0.00216938 -0.00385207 -0.000239541  -0.00166338 -0.000393515   1.55051 0.0909125  -9.68525  14147
             68.0996 -0.0579023   -0.12985  -0.304005  0.0190496 -0.0201266   0.014489  0.00579684  0.00540601 0.000827045 -0.0108534 -0.0231768  0.0440809 -0.00651321 -0.00877264 -0.00129968 0.000431067 -0.00215906 -0.00393723 -0.000149629  -0.00164303 -0.000211517   1.55045 0.0909156  -9.68526  13959
             68.1994 -0.00756524   -0.191555     -0.3103  0.0209578 -0.0187496  0.0169069  0.00613976  0.00495979 0.000858532 -0.0108511 -0.0231806    0.04408 -0.000883124  -0.00379372    0.0036912 0.000390734 -0.00211462 -0.00393354 -0.000293225   -0.0017716 -0.000447157   1.55054 0.0909543  -9.68525  14181
             68.2997   0.137644 -0.0976258  -0.377971  0.0185394 -0.0186651  0.0141335  0.00619176  0.00543777 0.000857376 -0.0108502 -0.0231838  0.0440779 -0.00820519 -0.00252425 -0.00469175  0.00028344 -0.00218181 -0.00388677 -0.000151109  -0.00180001 -0.000118281   1.55046 0.0909844  -9.68526  13973
             68.4007   0.12113 -0.118944 -0.437577 0.0180254 -0.019268 0.0156934  0.00616738  0.00530836 0.000859154 -0.0108503 -0.0231827  0.0440781  -0.00866669  -0.00433945 -0.000358459 0.000288838 -0.00217016 -0.00384471 -0.000171593  -0.00178771 -0.000322013   1.55048 0.0909739  -9.68526  14048
             68.4998  0.168024 -0.105983 -0.392954  0.0188501 -0.0174648  0.0136178  0.00654338  0.00507023 0.000915326 -0.0108499 -0.0231842  0.0440765 -0.00293546 0.000698111 -0.00516387 0.000256306 -0.00217743 -0.00387987 -0.000306555  -0.00193723 -9.91029e-05   1.55053 0.0910359  -9.68525  14098
             68.5999 0.00250375 -0.0716008   -0.39308  0.0196036 -0.0179924  0.0128045  0.00645187  0.00491853 0.000915911 -0.0108496  -0.023184  0.0440766 0.000206032 -0.00079668  -0.0064521 0.000375644 -0.00220222 -0.00388249 -0.000376019  -0.00190028 -2.31472e-05   1.55056 0.0910171  -9.68524  14073
             68.6994 0.0392307 -0.176593 -0.384764  0.0197131 -0.0188829  0.0132877  0.00630565  0.00485557 0.000898633 -0.0108493 -0.0231844   0.044076 -0.000524747  -0.00272643  -0.00378643 0.000354823 -0.00212268  -0.0038875 -0.000382182  -0.00184155 -0.000135621   1.55056 0.0909896  -9.68524  14254
             68.7994 0.0165666 -0.102203 -0.363551  0.0198393 -0.0186689   0.013222 0.00641842 0.00475867 0.00091136 -0.0108491 -0.0231847  0.0440763  -0.00150918 -0.000102633  -0.00337777 0.000372952 -0.00217607 -0.00390274 -0.000413153  -0.00188464 -0.000201768   1.55058 0.0910054  -9.68524  14086
             68.8994 -0.035037  -0.14884 -0.310338  0.0218883 -0.0180428  0.0119938 0.00652906  0.0043971 0.00092919  -0.010849 -0.0231864  0.0440755   0.0047958  0.00278473 -0.00548214 0.000408364  -0.0021421 -0.00394135 -0.000575588  -0.00192608 -8.78721e-05  1.55065 0.091012 -9.68523  14228
             68.9996  0.0427732 -0.0983672  -0.361998  0.0213189 -0.0154013  0.0119914  0.00690486  0.00456419 0.000960164 -0.0108492  -0.023186  0.0440729 0.000753865    0.010301 -0.00352433 0.000351741 -0.00217879 -0.00390397 -0.000502033  -0.00207504 -0.000146037   1.55063 0.0910806  -9.68523  14108
             69.0998 0.0661563 -0.121301 -0.322636 0.0207432 -0.017531 0.0108229  0.00642534  0.00467859 0.000905214 -0.0108497 -0.0231864  0.0440751 -0.00144032  0.00238368 -0.00585936  0.00033361 -0.00216241 -0.00393148 -0.000463943  -0.00188412 -5.61661e-05    1.5506 0.0910002  -9.68524  13981
             69.1995   0.147341 -0.0504081  -0.357134  0.0201817 -0.0153066  0.0113083  0.00677449  0.00474794 0.000936561 -0.0108512 -0.0231855  0.0440718 -0.00323406   0.0072726 -0.00405659 0.000272166 -0.00221557 -0.00390737 -0.000422813  -0.00202384 -0.000175646   1.55059 0.0910635  -9.68524  14029
             69.2994 0.0314333 -0.118324 -0.395365  0.0226694 -0.0154364  0.0122359  0.00661187  0.00418181 0.000949753 -0.0108504 -0.0231832    0.04407  0.00491877  0.00432884 4.41265e-05 0.000358878  -0.0021662 -0.00388106 -0.000631293  -0.00195927 -0.000296712  1.55068 0.091031 -9.68523  13944
             69.3996 0.00285652  -0.104621  -0.372628  0.0252785 -0.0143324  0.0120817  0.00673837  0.00379807 0.000977582 -0.0108505 -0.0231828  0.0440702    0.0108894   0.00714052 -0.000530255 0.000376928 -0.00217528 -0.00389745 -0.000790709  -0.00200779 -0.000268648   1.55074 0.0910456  -9.68521  14075
             69.5008 0.0750602 -0.122793 -0.390891  0.0235791 -0.0144672  0.0147095  0.00666478  0.00410898 0.000952604 -0.0108497 -0.0231831  0.0440715 0.00380519 0.00548455 0.00442048 0.000324826 -0.00216353 -0.00388192 -0.000622631  -0.00198452 -0.000554457   1.55069 0.0910453  -9.68522  13837
             69.5996  0.100308 -0.184181 -0.313128   0.026264 -0.0111601  0.0177605  0.0070839  0.0036949 0.00098884  -0.010847 -0.0231842  0.0440682 0.00779837  0.0117665 0.00991494 0.000309775 -0.00212183  -0.0039362 -0.000767814  -0.00215623 -0.000765376   1.55077 0.0911122  -9.68521  14165
             69.7007 0.0475875 -0.161002 -0.400622  0.0231249 -0.0149569   0.018835 0.00624788 0.00433119 0.00091467 -0.0108443 -0.0231876  0.0440665 -0.00567548 -0.00282374  0.00899846 0.000344891 -0.00213901 -0.00387798 -0.000488685  -0.00182439 -0.000816989   1.55064 0.0909884  -9.68523  13916
             69.8007  0.155013 -0.125924 -0.392067  0.0208532 -0.0154656  0.0181898  0.00620216  0.00462304 0.000909515 -0.0108441 -0.0231885  0.0440661  -0.0112961 -0.00402979  0.00580248 0.000273123 -0.00216264 -0.00388257 -0.000388257  -0.00180692 -0.000663083   1.55059 0.0909859  -9.68524  14134
             69.9006 0.0498871 -0.196365  -0.36462  0.0199917 -0.0189897  0.0193515  0.00571458  0.00453675 0.000872948 -0.0108444 -0.0231886   0.044064 -0.0125487  -0.013063  0.0068494 0.000342882 -0.00211431 -0.00390315 -0.000410354  -0.00161042 -0.000716367    1.5506 0.0909039  -9.68524  13888
             69.9997  0.199059 -0.128931 -0.373139  0.0197755 -0.0180983  0.0196324  0.00608746  0.00436453 0.000905796 -0.0108442 -0.0231889  0.0440626  -0.0104658 -0.00786421  0.00595198 0.000237841 -0.00216292 -0.00389704 -0.000490038  -0.00175969 -0.000675036   1.55063 0.0909604  -9.68523  14203
             70.0994  0.146023 -0.178486 -0.368692  0.0202548 -0.0165188  0.0209561  0.00650558    0.004103 0.000951176 -0.0108438  -0.023189  0.0440618 -0.00682899 -0.00311932  0.00700029 0.000276987 -0.00212789 -0.00389945 -0.000592213  -0.00192623 -0.000744401   1.55069 0.0910212  -9.68522  13981
             70.1998   0.10426 -0.131247 -0.363081  0.0186484 -0.0164454  0.0173607  0.00654564  0.00434243 0.000946401 -0.0108426 -0.0231874  0.0440616 -0.00978268 -0.00282007 -0.00278747 0.000305408 -0.00216114 -0.00390442 -0.000555974  -0.00194518 -0.000320197   1.55066 0.0910386  -9.68523  14092
             70.2997 0.0884582 -0.118999  -0.43994  0.0195332 -0.0183797   0.015705   0.0062882  0.00402217 0.000928333 -0.0108411 -0.0231844  0.0440606 -0.00461289 -0.00776276 -0.00636599 0.000318337 -0.00216919 -0.00385066 -0.000708709  -0.00183799    -0.000166   1.55071 0.0909899  -9.68522  14004
             70.3994 0.0804039 -0.106639 -0.361021  0.0207765 -0.0164996  0.0134019  0.00661097  0.00385035 0.000963414 -0.0108392 -0.0231851  0.0440631 0.000764159 -0.00187423  -0.0109757 0.000324622 -0.00217561 -0.00390633 -0.000821198  -0.00197654   6.1003e-05   1.55075 0.0910456  -9.68521  14087
             70.4997 0.0178356 -0.148317 -0.327956  0.0211948 -0.0176512  0.0135691  0.00649771  0.00371934 0.000954382 -0.0108395 -0.0231864  0.0440626 5.92319e-05 -0.00415392 -0.00705109   0.0003724 -0.00214823 -0.00392767 -0.000842381  -0.00192749 -0.000149729   1.55077 0.0910186  -9.68521  14079
             70.5996  0.0480647 -0.0829098  -0.379321   0.021063 -0.0169469  0.0114068  0.00666142  0.00377375 0.000969815 -0.0108393 -0.0231862  0.0440625 -0.000724573  -0.00076913   -0.0109705 0.000354162 -0.00219411 -0.00389035 -0.000842273  -0.00199718 -1.50563e-05   1.55076 0.0910502  -9.68521  13942
             70.6994  0.108393 -0.104209 -0.344661   0.021489 -0.0163765  0.0135019  0.00679431  0.00363116 0.000979775 -0.0108392 -0.0231851  0.0440618 0.000314829 0.000267909 -0.00534237 0.000309897 -0.00217981 -0.00391594 -0.000861551  -0.00204745 -0.000312886  1.55079 0.091063 -9.68521  14041
             70.7997 0.0798726 -0.070543 -0.380366   0.021168 -0.0162407  0.0112848  0.00679996  0.00371463 0.000980178  -0.010839 -0.0231853  0.0440617 -0.000372131 -0.000216359  -0.00980443 0.000325596 -0.00220588 -0.00389117 -0.000846789  -0.00205294 -0.000159795   1.55077 0.0910684  -9.68521  14002
             70.8996  0.102789 -0.114216 -0.391215 0.0219307 -0.017143 0.0112624  0.00668459  0.00356252 0.000966761 -0.0108386 -0.0231849  0.0440616  0.00168048 -0.00274916 -0.00743059 0.000310113 -0.00217313 -0.00388488 -0.000904391  -0.00199772 -0.000231778    1.5508 0.0910426  -9.68521  14195
             71.0006 0.0433735 -0.103889 -0.292862  0.0230038 -0.0162216   0.012425 0.00688928 0.00337964 0.00098232 -0.0108372 -0.0231864  0.0440619  0.00355075 0.000249705 -0.00363268 0.000344332 -0.00218307 -0.00395265 -0.000964639  -0.00208651 -0.000420134   1.55083 0.0910736   -9.6852  14016
             71.1006  0.129398 -0.134396 -0.386621  0.0233019 -0.0163445  0.0140011  0.00688145  0.00334522 0.000979543 -0.0108366 -0.0231857  0.0440619   0.00224709 -0.000531361   0.00139601 0.000290754 -0.00216112 -0.00388599 -0.000954451  -0.00208105 -0.000600715   1.55084 0.0910701   -9.6852  14209
             71.2007  0.0645313 -0.0754097  -0.424214  0.022692 -0.017253  0.014124  0.00674796  0.00347687 0.000966259  -0.010836 -0.0231866  0.0440611 -0.000667913  -0.00352722   0.00111315 0.000331396 -0.00220234 -0.00386223 -0.000892491  -0.00202425 -0.000608041   1.55081 0.0910499   -9.6852  14050
             71.3006   0.190487 -0.0870074  -0.332643  0.0226713 -0.0147457  0.0144427 0.00719752 0.00347053 0.00100444 -0.0108342 -0.0231868  0.0440578 -0.000367047   0.00348065   0.00186869 0.000243945 -0.00219448 -0.00392371 -0.000897754   -0.0022216 -0.000629985   1.55082 0.0911274   -9.6852  14122
             71.3996  0.0307592 -0.0887325  -0.401563   0.024156 -0.0143977  0.0137154 0.00722355 0.00321831 0.00101527 -0.0108343 -0.0231853  0.0440582  0.00448403   0.0032746 0.000151242 0.000353401 -0.00219145  -0.0038746  -0.00102086  -0.00222951 -0.000530912   1.55087 0.0911254  -9.68519  13953
             71.4995   0.15775 -0.107385 -0.377044 0.0237221 -0.013984 0.0149804 0.00723476 0.00335131 0.00101046 -0.0108341 -0.0231846  0.0440585 0.00112809 0.00288517 0.00319326 0.000265361   -0.002179 -0.00389001 -0.000947811  -0.00223424 -0.000658966   1.55085 0.0911291   -9.6852  14075
             71.6006   0.112826 -0.0695886   -0.40528  0.0252705 -0.0126986  0.0138931 0.00742393 0.00311242 0.00103664 -0.0108342 -0.0231841  0.0440592  0.00525465  0.00518396 9.85567e-05 0.000294188 -0.00220741 -0.00387355  -0.00106922  -0.00231051 -0.000517986   1.55089 0.0911537  -9.68519  13982
             71.6996  0.153657  -0.11244 -0.267108  0.0243128 -0.0121171  0.0153222 0.00750631 0.00329107 0.00103666 -0.0108335 -0.0231804  0.0440598 0.00209518 0.00574803 0.00304579 0.000263803 -0.00217614 -0.00397218 -0.000978208  -0.00234228 -0.000664943   1.55086 0.0911682  -9.68519  13989
             71.7993  0.144109 -0.152406 -0.414885  0.0229416 -0.0122744  0.0164955 0.00733949 0.00354956  0.0010103 -0.0108327 -0.0231819  0.0440609 -0.00468522 0.000363455  0.00341999 0.000274557 -0.00214909  -0.0038677 -0.000854773  -0.00227576 -0.000737968   1.55082 0.0911466   -9.6852  14221
             71.8999  0.155082 -0.114649 -0.367225  0.0201049 -0.0136181  0.0178282  0.00712935  0.00387185 0.000980261 -0.0108331 -0.0231813  0.0440601  -0.0135755 -0.00481723   0.0059855  0.00027312 -0.00217365 -0.00389949 -0.000697425  -0.00218962  -0.00083676   1.55076 0.0911161  -9.68521  14017
             72.0006  0.117206 -0.129107 -0.384817  0.0197917 -0.0148855  0.0155933  0.00700192  0.00375888 0.000969107 -0.0108332 -0.0231804  0.0440597   -0.0113633  -0.00793304 -0.000532166 0.000302266 -0.00216426 -0.00388659 -0.000780261  -0.00213486 -0.000573853   1.55078 0.0911012  -9.68521  14174
             72.1006  0.113416 -0.119429 -0.412285 0.0198761  -0.01415 0.0160814   0.0071407  0.00371478 0.000985926 -0.0108338 -0.0231803  0.0440602  -0.0104422 -0.00547577  0.00136253 0.000305528 -0.00216839 -0.00386762  -0.00079683  -0.00219343 -0.000619084   1.55079 0.0911213  -9.68521  13970
             72.1998 0.0492498 -0.114577 -0.392623  0.0192615 -0.0163641  0.0133366  0.00696734  0.00350811 0.000968089 -0.0108336 -0.0231791  0.0440598  -0.0069991  -0.0085743 -0.00534878 0.000343041 -0.00217456 -0.00387845 -0.000926535  -0.00211848 -0.000328174   1.55082 0.0910983   -9.6852  14059
             72.2996 0.0905446 -0.111979 -0.377079  0.0199474 -0.0178751  0.0140356  0.00679551  0.00334174 0.000949003  -0.010834 -0.0231795  0.0440601 -0.00467907  -0.0124177 -0.00438054 0.000314116 -0.00217801 -0.00389095  -0.00098577  -0.00204191 -0.000399644   1.55084 0.0910636   -9.6852  13995
             72.3997  0.152127 -0.115732 -0.407107  0.0207989 -0.0167198  0.0140069 0.00715764  0.0031467 0.00100299 -0.0108345 -0.0231791  0.0440577 -0.000612597  -0.00650818  -0.00302043 0.000272486 -0.00217198 -0.00387308  -0.00107664  -0.00219634 -0.000421105   1.55088 0.0911145  -9.68519  14104
             72.5006   0.166052 -0.0341307  -0.382892  0.0205105 -0.0169604  0.0102149 0.00729899 0.00323252 0.00101557 -0.010833  -0.02318 0.0440572 -0.000719925  -0.00580611   -0.0100126 0.000257116 -0.00223213 -0.00388917 -0.00108504 -0.00226181  -0.0001314   1.55088 0.0911488  -9.68519  13949
             72.5997 0.0965169 -0.100781  -0.39555  0.0217423 -0.0161612  0.0103289 0.00750928 0.00304441 0.00105117 -0.0108331   -0.02318   0.044057  0.00383745 -0.00318639 -0.00855855 0.000303824 -0.00218618 -0.00388089  -0.00116088  -0.00235102 -0.000214162   1.55092 0.0911727  -9.68519  14022
             72.7006   -0.0365511 -0.000174541    -0.316637  0.0217398 -0.0145422 0.00780788 0.00776135  0.0031469 0.00107202  -0.010831 -0.0231785  0.0440596 0.00306919 0.00273007 -0.0116657 0.000392373 -0.00225572 -0.00393693  -0.00113846  -0.00246199 -7.53194e-05   1.55091 0.0912205  -9.68519  13873
             72.7998 0.0523246 -0.161127 -0.304699 0.0231086 -0.016616 0.0145165 0.00751579 0.00284839 0.00103793 -0.0108262  -0.023179  0.0440591  0.00467183 -0.00345824  0.00474637 0.000332454 -0.00214451 -0.00394632  -0.00117119  -0.00234211 -0.000768981   1.55095 0.0911493  -9.68518  14118
             72.9006  0.0690772 -0.0856625  -0.355967   0.022392 -0.0146698  0.0126903 0.00781708 0.00307361 0.00106013 -0.0108272 -0.0231798  0.0440583  0.000696687   0.00286946 -0.000482362 0.000318445 -0.00219763 -0.00391376 -0.00109915 -0.00247992 -0.00056286   1.55092 0.0912096  -9.68519  13900
             73.0006   0.01628 -0.120981 -0.381909  0.0235903 -0.0143858  0.0145045 0.00785557 0.00286472 0.00106941 -0.0108268 -0.0231791  0.0440576 0.00375963 0.00395817 0.00452272 0.000355606 -0.00217039  -0.0038953  -0.00117504  -0.00249612 -0.000723447   1.55096 0.0912087  -9.68518  14090
             73.0995  0.103773 -0.125675 -0.353848  0.0242726 -0.0123933  0.0155889 0.00806972 0.00282112 0.00108818 -0.0108269 -0.0231788  0.0440562 0.00365722  0.0079642 0.00514246 0.000299844 -0.00216563 -0.00391304  -0.00119174  -0.00259369 -0.000770284   1.55097 0.0912437  -9.68518  13991
             73.2006 0.0881591 -0.160512 -0.339076  0.0233131 -0.0147989  0.0166575  0.0076614 0.00297794 0.00104973 -0.0108269 -0.0231783  0.0440588 -0.000714862 -0.000243651   0.00741739 0.000310512 -0.00214259 -0.00392501  -0.00110348  -0.00240703 -0.000860058   1.55094 0.0911777  -9.68518  14146
             73.3007  0.183902  -0.16441 -0.431738  0.0242117 -0.0133029  0.0173067  0.0079161 0.00280588 0.00108078 -0.0108289 -0.0231765  0.0440558 0.000902996   0.0037614  0.00828946 0.000246676 -0.00214063  -0.0038628  -0.00118806  -0.00252086 -0.000850124   1.55097 0.0912164  -9.68518  13908
             73.4006  0.154524 -0.100092 -0.403171  0.0228041 -0.0148779  0.0186259 0.00760797  0.0030199 0.00103879 -0.0108288 -0.0231767  0.0440548 -0.00517175 -0.00464398  0.00825668 0.000261499 -0.00218191 -0.00388502  -0.00108813  -0.00238789 -0.000852048   1.55093 0.0911728  -9.68518  14112
             73.5007  0.237846 -0.117669 -0.322609  0.0230382 -0.0122536  0.0171423 0.00802386  0.0029852 0.00108396 -0.0108261 -0.0231794  0.0440522 -0.00309312  0.00209545  0.00382116 0.000204934 -0.00217204 -0.00393983  -0.00113026  -0.00257303 -0.000678241   1.55094 0.0912378  -9.68518  14005
             73.6005 0.0967193 -0.109335 -0.405596  0.0200947 -0.0143425  0.0157072 0.00764565  0.0034308 0.00100808 -0.0108243  -0.023181   0.044048  -0.0118233 -0.00579431 6.46799e-05 0.000299203  -0.0021753 -0.00388549 -0.000948305  -0.00241515 -0.000523788   1.55087 0.0911944  -9.68519  14052
             73.7005  0.170825 -0.106388 -0.385252  0.0200988 -0.0143578  0.0134905 0.00779394 0.00317641  0.0010409 -0.0108239 -0.0231815  0.0440483 -0.00679241 -0.00456653  -0.0053297 0.000248193 -0.00218004 -0.00390073   -0.0010941  -0.00247666 -0.000307198   1.55091 0.0912131  -9.68519  14277
             73.7996  0.0123115 -0.0697845  -0.421151  0.0213839 -0.0168031   0.012373 0.00745404 0.00293535 0.00102857 -0.0108228 -0.0231797  0.0440443 -0.00217332  -0.0107865 -0.00811062 0.000356001 -0.00220679 -0.00387606  -0.00120455  -0.00232783 -0.000204649   1.55094 0.0911574  -9.68518  14091
             73.8994 0.0891337 -0.180377 -0.413889 0.0192229 -0.018796 0.0153255 0.00740985  0.0031144  0.0010078 -0.0108206 -0.0231801  0.0440467 -0.00960339  -0.0114359  0.00102823 0.000308168  -0.0021324 -0.00388106  -0.00105837  -0.00231107 -0.000601732    1.5509 0.0911504  -9.68519  14332
             74.0006    0.18857 -0.0611125  -0.339104  0.0197984 -0.0155026  0.0150523 0.00807234 0.00289818 0.00108146  -0.010817 -0.0231823  0.0440444 -0.00424768  0.00040614 0.000729106 0.000245635 -0.00220912 -0.00392807  -0.00118339  -0.00261423 -0.000560079   1.55096 0.0912474  -9.68518  13992
             74.1005  0.116825 -0.139029 -0.350587  0.0202857 -0.0150503  0.0150498 0.00814576 0.00277935 0.00109647  -0.010817 -0.0231824  0.0440439  -0.0024828 0.000576334 0.000738475 0.000285549 -0.00215859 -0.00392262  -0.00124428  -0.00264698 -0.000547775   1.55099 0.0912543  -9.68517  14024
             74.2006   0.193003 -0.0357766  -0.360627  0.0206011 -0.0135198  0.0135228 0.00834861 0.00273255 0.00111987 -0.0108164 -0.0231827  0.0440438 -3.88755e-05   0.00323943  -0.00289114 0.000231377 -0.00222593 -0.00391764  -0.00129149  -0.00274208 -0.000405934     1.551 0.0912876  -9.68517  14071
             74.3004 0.0595222 -0.175082 -0.367745  0.0210505 -0.0148024  0.0150022 0.00815918 0.00262354 0.00110832 -0.0108151 -0.0231838   0.044042 -0.000182941  -0.00176607  0.000806699 0.000319962 -0.00213436 -0.00391398  -0.00131616  -0.00265121 -0.000558756   1.55101 0.0912504  -9.68517  13963
             74.4005 0.0607154 -0.186155 -0.342013   0.022029 -0.0148282  0.0172056 0.00820226 0.00242878  0.0011236 -0.0108139 -0.0231849  0.0440412  0.000544138 -0.000863193   0.00590137 0.000321277 -0.00212701  -0.0039291  -0.00138426  -0.00267094 -0.000746564   1.55104 0.0912487  -9.68516  14009
             74.5005 0.0611771 -0.140191 -0.364294  0.0202008 -0.0153467  0.0156832 0.00811497 0.00273596 0.00109664 -0.0108138 -0.0231851  0.0440406 -0.00587684 -0.00248933 0.000232983 0.000318295 -0.00216043  -0.0039137  -0.00125736  -0.00263098 -0.000577236   1.55099 0.0912447  -9.68517  13989
             74.6006 0.0358647 -0.137694 -0.402763  0.0214934 -0.0161543   0.015526 0.00805632 0.00243232 0.00110492 -0.0108135 -0.0231836  0.0440412 -0.000719258  -0.00327789 -0.000230852 0.000329556 -0.00216049  -0.0038918  -0.00140953  -0.00259913 -0.000543133   1.55104 0.0912285  -9.68517  14041
             74.7004 0.0416706 -0.105287 -0.356414  0.0206671 -0.0163978  0.0145173 0.00805485 0.00256181 0.00110061 -0.0108133 -0.0231832  0.0440407 -0.00297457 -0.00352315 -0.00419598  0.00032446 -0.00218467 -0.00392345  -0.00135548  -0.00259892 -0.000467072   1.55102 0.0912316  -9.68517  13830
             74.7996  0.164151 -0.146963 -0.260724  0.0219601 -0.0127355  0.0170489 0.00862185 0.00229025 0.00114489 -0.0108084 -0.0231832  0.0440338 0.00092349 0.00692556 0.00199338 0.000242051 -0.00215837 -0.00398503  -0.00146507  -0.00288724 -0.000728895   1.55108 0.0913259  -9.68516  14183
             74.9004 0.0149948 -0.208981 -0.395028  0.0214027 -0.0158361  0.0187104 0.00811013 0.00233054 0.00110791 -0.0108043 -0.0231852   0.044032 -0.00310366 -0.00415271  0.00457496 0.000339185 -0.00211865 -0.00389684   -0.0014132  -0.00262899 -0.000859386   1.55106 0.0912372  -9.68516  13922
             75.0006  0.229637 -0.128047 -0.333022 0.0208069 -0.014492 0.0185564 0.00834077 0.00236571 0.00112343 -0.010804 -0.023186 0.0440289  -0.00521101 -0.000136605   0.00318306 0.000198845 -0.00217258 -0.00393889  -0.00140617   -0.0027511 -0.000802585   1.55105 0.0912803  -9.68516  14110
             75.1005  0.162484 -0.204489 -0.393929  0.0220247 -0.0152862  0.0211521 0.00826904 0.00207292  0.0011341 -0.0108032  -0.023184  0.0440281 -0.00181572  -0.0041518  0.00744296 0.000249423 -0.00212116 -0.00389517  -0.00153159   -0.0027134 -0.000995879    1.5511 0.0912642  -9.68516  13913
             75.2004  0.145497  -0.08751 -0.310646  0.0206345 -0.0134668  0.0170144 0.00854469 0.00232941 0.00113579 -0.0107992 -0.0231838  0.0440273 -0.00446145 0.000546224 -0.00362177 0.000259385 -0.00219663 -0.00395136  -0.00145857  -0.00285883 -0.000571491   1.55107 0.0913195  -9.68516  14139
             75.3005  0.242107 -0.125556 -0.382427  0.0186568 -0.0145678  0.0181542 0.00840551  0.0024988 0.00111627  -0.010799 -0.0231838  0.0440277  -0.0103347 -0.00477784 0.000175508 0.000195385  -0.0021704 -0.00390426 -0.00134543 -0.00278658 -0.00071593   1.55103 0.0912946  -9.68517  13887
             75.4005   0.125252 -0.0626625  -0.370725  0.0207097 -0.0133633  0.0147977 0.00856753 0.00223035 0.00114164  -0.010797 -0.0231812  0.0440335   -0.0020508 -0.000776614  -0.00735001 0.000274033 -0.00221166 -0.00391272   -0.0015229  -0.00286898 -0.000398999   1.55108 0.0913247  -9.68516  14052
             75.5005 0.0477285 -0.140066 -0.414852  0.0220999 -0.0153103  0.0146843 0.00835442 0.00193791 0.00114101 -0.0107962 -0.0231812  0.0440301  0.00269075  -0.0061433 -0.00520168 0.000325648  -0.0021632 -0.00388358   -0.0016546  -0.00275937 -0.000498879   1.55113 0.0912819  -9.68515  14089
             75.6006 0.0756688 -0.086539 -0.437705  0.0223651 -0.0154685   0.013739 0.00833211 0.00191026  0.0011106 -0.0107963 -0.0231801  0.0440301  0.00370325 -0.00661997  -0.0071433 0.000306428 -0.00220531 -0.00386501  -0.00167522  -0.00275063 -0.000413829   1.55113 0.0912814  -9.68515  13872
             75.7005  0.190108 -0.119846 -0.384387  0.0226433 -0.0158196  0.0152994 0.00848648 0.00194071 0.00111681 -0.0107955 -0.0231784  0.0440293   0.00188593  -0.00607074 -0.000942096 0.000243013 -0.00218178 -0.00389519   -0.0016302  -0.00282357 -0.000680845   1.55113 0.0912989  -9.68515  14048
             75.7995  0.0214499 -0.0686955  -0.401837  0.0229497 -0.0157949  0.0123724 0.00854329 0.00195665 0.00111015 -0.0107949 -0.0231765  0.0440302  0.00232673 -0.00435444 -0.00646871 0.000351782 -0.00221543 -0.00388418  -0.00165411  -0.00285305 -0.000431947   1.55113 0.0913152  -9.68515  14094
             75.9006     0.1704 -0.0968981  -0.381569 0.0211442 -0.015614 0.0134082  0.0086183 0.00221127  0.0011007 -0.0107945 -0.0231744  0.0440302  -0.0040656 -0.00345299 -0.00322806 0.000256139 -0.00219878 -0.00389596  -0.00150468  -0.00289187 -0.000603544   1.55109 0.0913328  -9.68516  14092
             76.0005 0.0359406 -0.106304 -0.357734  0.0206939 -0.0167337  0.0137227 0.00852583 0.00220615 0.00110134 -0.0107947 -0.0231747  0.0440297 -0.00508451 -0.00569766 -0.00123687 0.000343645 -0.00219189 -0.00391065 -0.00149856 -0.00284544 -0.00065555   1.55109 0.0913166  -9.68516  14118
             76.1006 0.0919291 -0.128838  -0.38249   0.01966 -0.018664   0.01298 0.00835145 0.00226259 0.00109181 -0.0107948 -0.0231749  0.0440303 -0.00683688 -0.00951682 -0.00317463 0.000305044 -0.00217658 -0.00389499  -0.00147044  -0.00275957 -0.000606144   1.55107 0.0912919  -9.68516  14083
             76.2005 -0.0165228 -0.0812975  -0.324329   0.019669 -0.0175087  0.0112997 0.00862367 0.00218536 0.00110284 -0.0107932 -0.0231748  0.0440327 -0.00437743 -0.00306119  -0.0060396 0.000378816 -0.00220609  -0.0039305  -0.00152912  -0.00289281 -0.000484707   1.55109 0.0913338  -9.68516  14038
             76.3004   0.141215 -0.0775429  -0.374208  0.0198265 -0.0165423  0.0115098  0.0087688 0.00213518 0.00115681 -0.0107936  -0.023175  0.0440307  -0.00372571 -0.000753243   -0.0061665 0.000270842  -0.0022102 -0.00389437 -0.00154047 -0.00295936 -0.00050922    1.5511 0.0913531  -9.68515  14106
             76.4006 -0.00270415  -0.0770982   -0.369659  0.020089 -0.014931 0.0113529 0.00900937 0.00200277 0.00117942 -0.0107943 -0.0231748  0.0440315 -0.000685414   0.00475872  -0.00293675 0.000364029 -0.00220789 -0.00389734  -0.00160373  -0.00308133 -0.000590883   1.55113 0.0913881  -9.68515  13951
             76.5005 0.0725457  -0.12653 -0.294095  0.0200089 -0.0153314  0.0141134 0.00900647 0.00204246 0.00118215 -0.0107949 -0.0231753  0.0440324 -0.00152032  0.00277858  0.00301675 0.000309957 -0.00217148 -0.00395593  -0.00158899   -0.0030576 -0.000839055   1.55114 0.0913754  -9.68515  14037
             76.6004 0.0089894 -0.128088 -0.374908  0.0225234 -0.0144306  0.0128949 0.00906057 0.00166472 0.00118913 -0.0107956 -0.0231731  0.0440315  0.00675973  0.00503614 -0.00170863 0.000351229 -0.00217202 -0.00390069  -0.00180563  -0.00308116 -0.000659952    1.5512 0.0913789  -9.68514  13993
             76.6995   0.227409 -0.0470527  -0.313979  0.0212743 -0.0139027  0.0135345 0.00905323 0.00190999 0.00118544 -0.0107961  -0.023171  0.0440302 -5.20662e-05   0.00407325  0.000769184 0.000218451  -0.0022235 -0.00393731  -0.00166927  -0.00307774 -0.000740547   1.55116 0.0913794  -9.68514  14053
             76.7996  0.146422 -0.107175 -0.365784  0.0209468 -0.0143532  0.0121899 0.00896602 0.00196922 0.00117232  -0.010796 -0.0231716  0.0440307 -0.000418543  0.000182555  -0.00351683 0.000273334 -0.00218512 -0.00390313  -0.00165076  -0.00303021 -0.000622759   1.55115 0.0913651  -9.68515  14109
             76.8997   0.159676 -0.0540613  -0.347352  0.0186647 -0.0145033   0.012879 0.00894563 0.00224914 0.00115027 -0.0107963 -0.0231716  0.0440293  -0.0074591 -0.00193058 -0.00143538 0.000265506   -0.002221 -0.00391569  -0.00149059  -0.00302229 -0.000724458   1.55111 0.0913629  -9.68515  14124
             77.0006   0.183159 -0.0648134  -0.376349  0.0182728 -0.0156272  0.0112115  0.0088132 0.00229778 0.00113653 -0.0107956 -0.0231724  0.0440297 -0.00768128 -0.00504885 -0.00435321 0.000249983 -0.00220992 -0.00389558  -0.00147976  -0.00294825 -0.000580299   1.55109 0.0913407  -9.68516  13942
             77.0995  0.0189173 -0.0685694  -0.311557  0.0188835 -0.0156474 0.00956134 0.00895171 0.00204379 0.00116389 -0.0107951 -0.0231729  0.0440314 -0.000667608  -0.00278407   -0.0070694 0.000356497 -0.00220671 -0.00393535 -0.00162694 -0.00302131  -0.0005094   1.55114 0.0913632  -9.68515  13989
             77.1996 0.0289385 -0.124467 -0.329683  0.0195846 -0.0157132  0.0112502 0.00896171 0.00193461 0.00116872 -0.0107943 -0.0231742  0.0440309 0.000964558 -0.00242312 -0.00271336  0.00034743 -0.00217043 -0.00392529   -0.0016687  -0.00303069 -0.000671394   1.55116 0.0913615  -9.68515  14014
             77.2995  0.129474 -0.106409 -0.411322  0.0207146 -0.0148216  0.0123471 0.00911851 0.00180292 0.00118324 -0.0107951  -0.023173  0.0440298 0.00263685 0.00146988 0.00151496 0.000283321 -0.00218556 -0.00387371  -0.00173074  -0.00311714 -0.000796156   1.55119 0.0913843  -9.68514  13915
             77.3995   0.16154 -0.145758 -0.356784  0.0198941 -0.0159205  0.0154692 0.00903169 0.00189436 0.00116711 -0.0107943 -0.0231711  0.0440321 -0.00115648 -0.00180741  0.00904325 0.000258717 -0.00215498 -0.00392449 -0.00165903 -0.00305244 -0.00106727   1.55118 0.0913568  -9.68514  14096
             77.5005   0.139768 -0.0848605  -0.385134  0.0203704 -0.0158763  0.0166337 0.00910846 0.00179748  0.0011823 -0.0107942 -0.0231712  0.0440324 0.000379514 -0.00250941  0.00700194  0.00027286 -0.00219526 -0.00390631  -0.0017163 -0.00309071 -0.00102311    1.5512 0.0913683  -9.68514  13950
             77.5995  0.178661 -0.145131 -0.429176  0.0209811 -0.0162143  0.0153401 0.00909903 0.00174795 0.00118654 -0.0107947 -0.0231714  0.0440322  0.00295334 -0.00390936  0.00237742 0.000246767 -0.00215411  -0.0038802  -0.00176391  -0.00308163 -0.000848993    1.5512 0.0913683  -9.68514  14035
             77.7004 -0.0960425 -0.0589696  -0.320259  0.0211265 -0.0165379   0.012277 0.00910259 0.00179269 0.00117674 -0.0107934 -0.0231666  0.0440321  0.00297672  -0.0028367 -0.00517283 0.000424088  -0.0022098 -0.00394824  -0.00177095  -0.00307568 -0.000564597   1.55119 0.0913735  -9.68514  13930
             77.8004  0.154349 -0.229453 -0.397462  0.0225576 -0.0177868   0.019384 0.00902142 0.00155133 0.00116218 -0.0107873 -0.0231619  0.0440319  0.00419415 -0.00514495   0.0115457 0.000269646 -0.00209709 -0.00389724   -0.001818 -0.00303724 -0.00119747   1.55123 0.0913432  -9.68513  14145
             77.9005 0.0733903 -0.143849 -0.396743  0.0221084 -0.0147865  0.0186475 0.00944177 0.00169196 0.00116907 -0.0107876 -0.0231619  0.0440319 0.000736202  0.00410218  0.00652857 0.000321425 -0.00215375 -0.00389725 -0.00177264 -0.00325754  -0.0010373   1.55122 0.0914155  -9.68514  13910
             78.0004  0.124579 -0.133605 -0.385951  0.0229413 -0.0158395  0.0168135 0.00926756 0.00160337 0.00117004 -0.0107871 -0.0231631  0.0440334  0.00324405 0.000241275  0.00179625 0.000288966 -0.00215671 -0.00390536  -0.00184302  -0.00315886 -0.000814593  1.55123 0.091386 -9.68513  14146
             78.1005    0.14103 -0.0763784  -0.358679  0.0223243 -0.0133242  0.0162801 0.00956833 0.00174984 0.00116708 -0.0107859 -0.0231628  0.0440314  0.000749031   0.00588825 -0.000859641 0.000277071 -0.00219292  -0.0039209   -0.0017759  -0.00332211 -0.000763743   1.55121 0.0914397  -9.68514  13868
             78.2004  0.121806 -0.176127 -0.392676 0.0202449 -0.015475 0.0186117 0.00922053 0.00197549 0.00113068 -0.0107841 -0.0231641  0.0440333  -0.0078237 -0.00218989  0.00542157 0.000289416 -0.00212846 -0.00390059  -0.00161181  -0.00314136 -0.000977981   1.55116 0.0913906  -9.68514  14183
             78.3005  0.145058 -0.134116 -0.370019  0.0193037 -0.0135549  0.0175491 0.00949531 0.00201162 0.00113566 -0.0107835 -0.0231644  0.0440328 -0.00826155  0.00274455  0.00135715  0.00027629 -0.00215504 -0.00391391  -0.00161579  -0.00328826 -0.000841303   1.55117 0.0914368  -9.68514  13931
             78.4003  0.158298 -0.138815 -0.302114  0.0179769 -0.0154549  0.0180982 0.00922728 0.00204872 0.00112331 -0.0107854 -0.0231638  0.0440331 -0.0108676 -0.0046298 0.00173924 0.000268779 -0.00215236 -0.00395759  -0.00158427  -0.00314301 -0.000877046   1.55115 0.0913941  -9.68515  14006
             78.5003  0.250288 -0.121965 -0.415153  0.0177595 -0.0158589  0.0159475 0.00924874 0.00195865 0.00113493 -0.0107852 -0.0231642  0.0440333 -0.00825403 -0.00622502 -0.00275368 0.000213151 -0.00216138 -0.00388693  -0.00166145  -0.00314946 -0.000664216   1.55117 0.0913972  -9.68514  14097
             78.6003  0.056905 -0.120902 -0.372198  0.0164052 -0.0180969  0.0138892 0.00896807 0.00211242  0.0010989 -0.0107847 -0.0231623  0.0440279   -0.011633  -0.0121998 -0.00722607 0.000336832 -0.00216154 -0.00391444 -0.00158235 -0.00299816 -0.00049567   1.55113 0.0913595  -9.68515  14044
             78.7003   0.254379 -0.0596826  -0.326304  0.0169478 -0.0161581  0.0133936 0.00948037 0.00181182 0.00114948 -0.0107833 -0.0231634   0.044026 -0.00372389 -0.00351988 -0.00634925 0.000216079 -0.00219831 -0.00394429 -0.00175409 -0.00327674 -0.00054466  1.55119 0.091435 -9.68514  14334
             78.8004  0.0754091 -0.0833077  -0.346997   0.019374 -0.0153466  0.0151897 0.00966664 0.00141373 0.00120467 -0.0107836 -0.0231651  0.0440284   0.00474667  -0.00120408 -0.000773009 0.000332744 -0.00218244 -0.00393002  -0.00195706  -0.00337705 -0.000745073   1.55126 0.0914526  -9.68513  14049
             78.8994 0.0987879 -0.151369 -0.309364  0.0191889 -0.0149704  0.0152823 0.00972727 0.00150307 0.00120009 -0.0107834  -0.023165  0.0440294  0.00155686 0.000266737 0.000498225 0.000323485 -0.00213891 -0.00395326   -0.0019048  -0.00340987 -0.000762606   1.55125 0.0914628  -9.68513  14242
             79.0004   0.139115 -0.0577631  -0.346285  0.0214776 -0.0141665  0.0138524 0.00981935 0.00124969 0.00122918 -0.0107833  -0.023164  0.0440307  0.00817157  0.00222326 -0.00256683 0.000294834 -0.00219922 -0.00393124  -0.00206475  -0.00346163 -0.000634265   1.55129 0.0914794  -9.68512  13935
             79.1003  0.165441 -0.161933 -0.400259  0.0218184 -0.0155201  0.0174028 0.00966493 0.00125369 0.00121826 -0.0107801  -0.023164  0.0440322  0.00525734 -0.00327825  0.00504304  0.00027988 -0.00213564 -0.00389737  -0.00202075  -0.00337482 -0.000953243   1.55129 0.0914446  -9.68512  13997
             79.2004   0.113246 -0.0881549  -0.368408  0.0217268 -0.0158518  0.0147293  0.0096563 0.00136591 0.00120228 -0.0107797 -0.0231635  0.0440321  0.00325739 -0.00380263 -0.00142358 0.000317955 -0.00217929 -0.00391559  -0.00198515  -0.00336883 -0.000687637   1.55127 0.0914514  -9.68513  14034
             79.3002 0.0809735 -0.171812 -0.358639  0.0234058 -0.0169189  0.0169642 0.00958703 0.00115863  0.0012215 -0.0107787 -0.0231644  0.0440306 0.00628563 -0.0062271 0.00289712 0.000335764  -0.0021279 -0.00392433  -0.00207985  -0.00333252 -0.000879819    1.5513 0.0914333  -9.68512  13984
             79.4003  0.110876 -0.105746 -0.340801 0.0234533 -0.013733 0.0176168  0.0100568 0.00123833 0.00123643 -0.0107778 -0.0231643  0.0440298 0.00344321 0.00428487 0.00426597 0.000322293 -0.00216765 -0.00393433  -0.00203617  -0.00359509 -0.000915208    1.5513 0.0915089  -9.68512  14025
             79.5003 0.0704128 -0.181325 -0.393343  0.0242045 -0.0141871  0.0177367 0.00995969 0.00118179 0.00123421 -0.0107776  -0.023164  0.0440293 0.00458938  0.0015914 0.00275287 0.000346887 -0.00211823 -0.00390103  -0.00207058  -0.00353969 -0.000888892    1.5513 0.0914927  -9.68512  13944
             79.6004  0.150839 -0.166145 -0.347289  0.0241026 -0.0130775  0.0184932  0.0100711 0.00123952 0.00123511 -0.0107773 -0.0231636  0.0440286 0.000835009  0.00361006  0.00376496 0.000299878 -0.00212829 -0.00392624 -0.00203361 -0.00360355 -0.00092947    1.5513 0.0915111  -9.68512  14016
             79.7002  0.0892345 -0.0895017  -0.415249  0.0216568 -0.0154684  0.0164911 0.00972726 0.00157454 0.00117572 -0.0107747 -0.0231653  0.0440248 -0.00664409 -0.00511366  -0.0024127 0.000344927 -0.00217632 -0.00388001 -0.00185163 -0.00340819 -0.00074436   1.55123 0.0914649  -9.68513  13850
             79.7994  0.133383 -0.112517  -0.42044  0.0213768 -0.0141738  0.0163503 0.00993277  0.0015477 0.00119454 -0.0107754 -0.0231652  0.0440241 -0.00610443 -0.00059123 -0.00228047 0.000319242 -0.00216031 -0.00387853  -0.00187344  -0.00352839 -0.000747728   1.55124 0.0914985  -9.68513  14191
             79.9002  0.134388 -0.165696 -0.396099  0.0208236 -0.0160642  0.0184379 0.00973942 0.00148276 0.00118842 -0.0107752 -0.0231648  0.0440246 -0.00686419 -0.00654342  0.00292947 0.000312959   -0.002128 -0.00389813  -0.00187971  -0.00341362 -0.000947069   1.55125 0.0914619  -9.68513  13969
             80.0004  0.186714 -0.165219 -0.378585  0.0195113 -0.0164049    0.01962  0.0097455 0.00157614 0.00117969 -0.0107749 -0.0231637   0.044025  -0.0104678 -0.00739462  0.00565322  0.00027806 -0.00212779 -0.00390882 -0.00181013 -0.00341862 -0.00103722   1.55123 0.0914651  -9.68513  14143
             80.1004 0.0811781 -0.177489  -0.35581  0.0211164 -0.0147596  0.0192036  0.0101025  0.0012008 0.00121875 -0.0107737  -0.023165  0.0440264  -0.00214481 -0.000174106   0.00233052 0.000340715 -0.00212091 -0.00392203  -0.00205968  -0.00361725 -0.000917629    1.5513 0.0915093  -9.68512  13937
             80.2002  0.117202 -0.121227 -0.326606  0.0203764 -0.0159166  0.0174058 0.00996092 0.00127757 0.00121044 -0.0107738 -0.0231647  0.0440262  -0.0038987 -0.00387742 -0.00195516 0.000316302 -0.00215373 -0.00394094  -0.00203172  -0.00353553 -0.000748438   1.55129 0.0914922  -9.68512  14131
             80.3004  0.141491 -0.159526 -0.390931  0.0200593 -0.0161751  0.0183599 0.00993256  0.0012974 0.00120408 -0.0107737 -0.0231652  0.0440265  -0.00560447  -0.00471137 -0.000159595 0.000299493 -0.00212898 -0.00389411  -0.00200971  -0.00352596 -0.000833537   1.55128 0.0914892  -9.68512  13914
             80.4003   0.114955 -0.0828696   -0.31349  0.0205669 -0.0146634  0.0169874  0.0101828 0.00118193 0.00121397 -0.0107714 -0.0231662  0.0440285 -0.00168572 0.000478372 -0.00381184 0.000313271 -0.00217804 -0.00394126  -0.00210007  -0.00367083 -0.000708762   1.55131 0.0915286  -9.68512  14077
             80.5005  0.129366 -0.191668 -0.398504  0.0198984 -0.0181328  0.0192623 0.00981885 0.00115189 0.00119917 -0.0107688 -0.0231666  0.0440292 -0.00427109  -0.0107418  0.00242356 0.000296085 -0.00211018 -0.00389188   -0.0020757  -0.00345648 -0.000950021    1.5513 0.0914633  -9.68512  13974
             80.6004 0.0888395 -0.127846 -0.374006 0.0188366 -0.017213 0.0166812 0.00991182 0.00131421 0.00118889 -0.0107691 -0.0231666  0.0440291 -0.00686433 -0.00782321 -0.00337778 0.000328344 -0.00216127 -0.00390974   -0.002008 -0.00350926 -0.00074379   1.55128 0.0914857  -9.68512  13860
             80.7002  0.230417 -0.114565 -0.337979   0.019062 -0.0169108  0.0170192  0.0101073   0.001143 0.00120728 -0.0107687 -0.0231668  0.0440278 -0.00313598 -0.00494037 -0.00146949 0.000243663 -0.00217076 -0.00393102 -0.00210848 -0.00362614 -0.00080956   1.55131 0.0915145  -9.68512  14015
             80.8002 0.0833595 -0.110849 -0.334221  0.0190919 -0.0165652  0.0137945  0.0101982 0.00113758 0.00120161 -0.0107681 -0.0231654  0.0440288 -0.00172465  -0.0033229 -0.00780307 0.000339198 -0.00217165 -0.00393085  -0.00214243  -0.00367651 -0.000557795   1.55132 0.0915332  -9.68512  14138
             80.9003   0.121501 -0.0731471  -0.322063  0.0176466 -0.0169183  0.0128257  0.0102003 0.00127284 0.00118711 -0.0107682 -0.0231651  0.0440281 -0.00561467  -0.0038893 -0.00765781  0.00031997 -0.00219292 -0.00393794  -0.00205843  -0.00367755 -0.000558786   1.55129 0.0915347  -9.68512  14035
             81.0003    0.18255 -0.0579506  -0.335937  0.0171126 -0.0160471   0.014688  0.0103423  0.0012602 0.00119238 -0.0107689 -0.0231642  0.0440274 -0.00624946 -0.00170818 -0.00213729 0.000284835 -0.00220225 -0.00392994   -0.0020453  -0.00376392 -0.000777067   1.5513 0.091553 -9.68512  14109
             81.1004   0.191277 -0.0941118  -0.350368  0.017889  -0.01555 0.0143915   0.010424 0.00109898  0.0012159 -0.0107693 -0.0231637  0.0440263   -0.001656 -0.00128693 -0.00128783 0.000279388 -0.00217864 -0.00392076  -0.00214689  -0.00381379 -0.000758065   1.55133 0.0915665  -9.68512  14094
             81.2003 0.00761011 -0.0636036  -0.443503 0.0203199 -0.017433 0.0111549   0.0102427 0.000801853  0.00122926  -0.010767 -0.0231563  0.0440244   0.0069702 -0.00540681 -0.00839455 0.000393998 -0.00219857 -0.00386274  -0.00234659  -0.00369773 -0.000487115   1.55136 0.0915419  -9.68511  13965
             81.3002  0.171845 -0.133051 -0.362613  0.0212007 -0.0154921  0.0149287   0.0104902 0.000674094  0.00122357 -0.0107648 -0.0231568  0.0440215   0.00912119 -0.000910476 -0.000989051 0.000281006 -0.00215202 -0.00391936  -0.00238855   -0.0038414 -0.000808522   1.55139 0.0915703  -9.68511  14097
             81.4004 -0.0546382  -0.110183  -0.401221 0.0216506 -0.015269  0.013617   0.0105238 0.000819504  0.00122015  -0.010765 -0.0231557  0.0440223  0.00414338  0.00152195 -0.00249274 0.000424751 -0.00216343 -0.00389434  -0.00230928   -0.0038623 -0.000718375   1.55136 0.0915803  -9.68511  13947
             81.5003 0.0440913 -0.138201 -0.398613 0.0205389 -0.017353 0.0145456   0.0102825 0.000971695    0.001202  -0.010765 -0.0231551  0.0440242 -0.00205033 -0.00337136 9.79798e-05 0.000364603 -0.00214711 -0.00389383  -0.00219729  -0.00371619 -0.000825269   1.55134 0.0915396  -9.68511  14064
             81.6002  0.095634 -0.113053 -0.337321  0.0221894 -0.0136089  0.0156758    0.010722 0.000766694  0.00123437 -0.0107613 -0.0231571  0.0440202 0.00351387 0.00788987 0.00203427 0.000335727 -0.00216272 -0.00393278  -0.00232449  -0.00398309 -0.000914841   1.55138 0.0916042  -9.68511  14112
             81.7003    0.19869 -0.0816311  -0.338418  0.0198015 -0.0134675  0.0177463  0.0106345 0.00106287 0.00120956  -0.010762 -0.0231534    0.04402 -0.00631761  0.00454529  0.00638771 0.000277459 -0.00218006 -0.00393212 -0.00211986 -0.00393686  -0.0010795   1.55134 0.0915965  -9.68511  14061
             81.8002 0.0677523 -0.175934 -0.348097  0.0203775 -0.0127706  0.0174491   0.0106774 0.000936933  0.00122103 -0.0107626  -0.023153  0.0440192 -0.00278361  0.00457468  0.00413222  0.00035917 -0.00212215 -0.00392292  -0.00220995  -0.00395779 -0.000992822  1.55136   0.0916 -9.68511  14037
             81.9001 0.0849706 -0.165546 -0.350765   0.019217 -0.0152002  0.0205067  0.0103619 0.00100254 0.00119058 -0.0107619 -0.0231533  0.0440191 -0.00693141 -0.00394117  0.00923608 0.000343081 -0.00212864 -0.00392215 -0.00213511  -0.0037743 -0.00121393   1.55134 0.0915515  -9.68511  14092
             82.0004  0.170168 -0.149622 -0.378164  0.0187561 -0.0149187  0.0178806   0.0104409 0.000995348  0.00120017 -0.010762 -0.023155 0.0440188  -0.0062373 -0.00263434 0.000700184 0.000292438   -0.002139 -0.00390517  -0.00217814  -0.00381496 -0.000909009   1.55134 0.0915639  -9.68511  14014
             82.1003 0.0469077 -0.130508 -0.308725  0.0187732 -0.0156132  0.0179336   0.0103844 0.000933343  0.00128281  -0.010763 -0.0231563  0.0440174 -0.00652229 -0.00390932  0.00161625 0.000384629 -0.00215659 -0.00396103  -0.00217904  -0.00376507 -0.000912553   1.55134 0.0915488  -9.68511  13931
             82.2001  0.122314 -0.108635 -0.370904  0.0184455 -0.0175153  0.0152878   0.0102701 0.000851017  0.00129111 -0.0107617 -0.0231563  0.0440182 -0.00327438  -0.0078022 -0.00613551 0.000345546 -0.00216633 -0.00391955  -0.00225807  -0.00368342 -0.000664165   1.55135 0.0915267  -9.68511  14109
             82.3003   0.156478 -0.0943761  -0.339456  0.0199199 -0.0157373  0.0144708   0.0104798 0.000683848  0.00131968 -0.0107611 -0.0231571  0.0440183  0.00143642 -0.00182057 -0.00629361  0.00032372 -0.00217432  -0.0039403  -0.00237805  -0.00381521 -0.000600334   1.55138 0.0915605  -9.68511  13917
             82.4001  0.166082 -0.107406 -0.370926  0.0223022 -0.0159416  0.0151199   0.0105185 0.000439066  0.00135545 -0.0107615 -0.0231562  0.0440183  0.00753882 -0.00354975 -0.00410345 0.000322276 -0.00216647  -0.0039208   -0.0025217  -0.00384387 -0.000748088   1.55142 0.0915681   -9.6851  14012
             82.5003  0.107991 -0.100993 -0.321973  0.0208411 -0.0155155  0.0120484   0.0105961 0.000682342  0.00132669 -0.0107612 -0.0231552  0.0440186  0.00139789 -0.00254603  -0.0115027 0.000356759 -0.00217169 -0.00394998 -0.00238027 -0.00388966 -0.00055043  1.55138 0.091581 -9.68511  13971
             82.6001  0.155514 -0.114905 -0.354273  0.0204349 -0.0166971   0.011995    0.010511 0.000718614  0.00131913 -0.0107611  -0.023155   0.044019 -0.000753243  -0.00583622  -0.00836462 0.000327992  -0.0021607 -0.00392949  -0.00234031   -0.0038319 -0.000622274   1.55137 0.0915652  -9.68511  14028
             82.7003  0.0697777 -0.0538227  -0.354635  0.0190274 -0.0158477  0.0118441   0.0106506 0.000844187  0.00131287 -0.0107616 -0.0231557  0.0440197 -0.00431202 -0.00254785 -0.00782912 0.000380824 -0.00219885 -0.00392984  -0.00224362  -0.00393222 -0.000707239   1.55135 0.0915908  -9.68511  13903
             82.8001   0.10525 -0.182079 -0.341595  0.0217083 -0.0167425  0.0159031   0.0106089 0.000503924  0.00133763 -0.0107587 -0.0231569  0.0440149   0.0033607 -0.00390823  0.00393087 0.000358481  -0.0021192 -0.00393849 -0.00245257  -0.0039055 -0.00107474   1.55142 0.0915751   -9.6851  14034
             82.9003 0.0895931 -0.116126  -0.37874  0.0205298 -0.0149087  0.0157084  0.0108221 0.00066694 0.00132306 -0.0107595 -0.0231574  0.0440152 -0.00138504  0.00153238  0.00175201 0.000366239 -0.00216056 -0.00391618  -0.0023453 -0.00405358 -0.00104101   1.55139 0.0916155  -9.68511  13865
             83.0002  0.151606 -0.137616 -0.412815   0.019417 -0.0166066  0.0172518   0.0106497 0.000763472  0.00131034 -0.0107578  -0.023158   0.044017 -0.00571173  -0.0038908  0.00442467 0.000329017  -0.0021484 -0.00389371 -0.00225888 -0.00393617 -0.00116607   1.55137 0.0915839  -9.68511  14112
             83.1003 0.0767273 -0.155714 -0.342637  0.0192263 -0.0137865  0.0179139   0.0109974 0.000691064  0.00131199 -0.0107561 -0.0231587   0.044018 -0.00504698  0.00564068  0.00554133 0.000375267  -0.0021364 -0.00393766 -0.00231844 -0.00417364 -0.00116248   1.55139 0.0916434  -9.68511  13964
             83.2004 0.0748487 -0.138856 -0.406439  0.0179025 -0.0160172  0.0179718    0.010713 0.000757608  0.00130279  -0.010755 -0.0231591  0.0440179 -0.00790111 -0.00232942  0.00378466 0.000382551 -0.00214346 -0.00389544 -0.00226654 -0.00398359 -0.00112496   1.55137 0.0915977  -9.68511  14091
             83.3002  0.151528 -0.141633 -0.282733  0.0180131 -0.0131905  0.0188457   0.0110175 0.000660073  0.00130844 -0.0107511 -0.0231608  0.0440159 -0.00651562  0.00575899  0.00506748  0.00033955 -0.00214262 -0.00396939    -0.00233 -0.00418905  -0.0011687   1.55139 0.0916466   -9.6851  14015
             83.4004  0.106931 -0.220748 -0.376546  0.0185606 -0.0152345  0.0208148   0.0107625 0.000494856  0.00131883 -0.0107496 -0.0231603  0.0440148 -0.00447802 -0.00206756  0.00865988 0.000368255 -0.00209191 -0.00391225 -0.00242308 -0.00402239 -0.00127503   1.55142 0.0916003   -9.6851  14064
             83.5003  0.197523 -0.163347 -0.401964 0.0181026 -0.015802 0.0199657   0.0107059 0.000540794  0.00131479 -0.0107491 -0.0231614  0.0440156 -0.00623408 -0.00391805  0.00586394 0.000310723 -0.00212973 -0.00389614 -0.00240043 -0.00398431 -0.00118988   1.55141 0.0915929   -9.6851  14038
             83.6001 0.0118046 -0.147722 -0.364605  0.0173619 -0.0184534  0.0196091   0.0104958 0.000517044  0.00131032 -0.0107488 -0.0231603  0.0440129 -0.00608017  -0.0103068   0.0021191 0.000421516 -0.00214045 -0.00391824 -0.00242314 -0.00384779 -0.00108742   1.55141 0.0915609   -9.6851  14176
             83.7003  0.107275 -0.174383  -0.38164  0.0166962 -0.0190713  0.0172909  0.0105222 0.00055268 0.00131308 -0.0107489 -0.0231608  0.0440128  -0.0068515 -0.00874709 -0.00331126 0.000366858 -0.00212387 -0.00390588  -0.00242707  -0.00386193 -0.000878343    1.5514 0.0915688   -9.6851  14270
             83.8002 0.0683298 -0.090026 -0.449722  0.0166727 -0.0206243  0.0153757   0.0104513 0.000492211  0.00131369 -0.0107473 -0.0231598  0.0440136 -0.00557292   -0.010431 -0.00616138 0.000393869 -0.00217706 -0.00386352  -0.00248204  -0.00381076 -0.000741277   1.55141 0.0915572   -9.6851  14096
                83.9 0.0652864 -0.179954 -0.307363  0.0199703 -0.0188682  0.0140093   0.0107523 8.20581e-05  0.00134226 -0.0107443 -0.0231668  0.0440104  0.00605068 -0.00185587 -0.00721197 0.000398682 -0.00212333 -0.00394848  -0.00276785  -0.00400508 -0.000662866   1.55149 0.0915952  -9.68509  14197
             84.0002 0.0430836 -0.105729 -0.344016  0.0185146 -0.0172408  0.0135457   0.0109323 0.000326608  0.00133006 -0.0107441 -0.0231663  0.0440094 -0.00159801  0.00338722 -0.00673461 0.000412863 -0.00217023 -0.00392392  -0.00260495  -0.00412331 -0.000720027   1.55145 0.0916296   -9.6851  14038
             84.1003 0.0319603  -0.13413 -0.409713  0.0194017 -0.0179425  0.0119697  0.0108501 0.00023019 0.00133248 -0.0107436 -0.0231651  0.0440091  0.00195734  0.00161266 -0.00933295 0.000421928 -0.00214859 -0.00388221  -0.00268176  -0.00406277 -0.000613416   1.55147 0.0916127  -9.68509  13979
             84.2002  0.0802027 -0.0477618  -0.402509  0.0190664 -0.0153876  0.0110177   0.0111032 0.000298712  0.00133979 -0.0107443 -0.0231651   0.044007 -5.68611e-05   0.00890263  -0.00984156 0.000395739 -0.00220239 -0.00388682  -0.00264434  -0.00422588 -0.000608115   1.55146 0.0916529  -9.68509  14088
             84.3003 0.0747665 -0.151326 -0.335445  0.0204935 -0.0143856  0.0121973    0.011044 0.000118344  0.00135287 -0.0107437 -0.0231655   0.044006  0.00315902  0.00779198 -0.00348052 0.000405099 -0.00213678 -0.00392586  -0.00273525  -0.00419923 -0.000824014   1.55149 0.0916455  -9.68509  13942
             84.4002  0.108412 -0.083772 -0.408228  0.0197117 -0.0155319  0.0147861   0.0108573 0.000139554  0.00127527 -0.0107442 -0.0231656   0.044006 -0.000117413   0.00407872   0.00281943 0.000383703 -0.00219722 -0.00386443 -0.00266536  -0.0041272 -0.00103968   1.55147 0.0916368  -9.68509  14067
             84.5003  0.0708082 -0.0653828  -0.432041  0.0186847 -0.0151588  0.0133747   0.0108275 0.000259696  0.00125797 -0.0107438 -0.0231662  0.0440058 -0.00239933  0.00268476 -0.00207762 0.000410612 -0.00220905 -0.00384657  -0.00259786  -0.00410001 -0.000894355   1.55145 0.0916316   -9.6851  13813
             84.6002  0.132438 -0.100981 -0.364821  0.0218492 -0.0140041  0.0144031    0.0109238 -7.67788e-05   0.00129421 -0.0107432  -0.023168  0.0440038   0.0082323  0.00526973 0.000740956 0.000371927 -0.00218469 -0.00388977  -0.00282632  -0.00416642 -0.000968887   1.55151 0.0916369  -9.68509  14079
             84.7003  0.164462 -0.138793 -0.411724  0.0211162 -0.0156707  0.0186508    0.010696 3.86527e-05  0.00127301 -0.0107409 -0.0231671  0.0440063  0.00138545 -0.00233832  0.00914552 0.000348163 -0.00216461 -0.00386361 -0.00270113  -0.0040305 -0.00130591   1.55149 0.0916144  -9.68509  13890
             84.8001   0.221418 -0.0992018  -0.326928 0.0193471 -0.013348 0.0180542   0.0109234 0.000242157   0.0012485 -0.0107388 -0.0231658  0.0440043 -0.00404413  0.00270757  0.00549098 0.000315658 -0.00218739 -0.00391583 -0.00257253  -0.0041884 -0.00119762   1.55146 0.0916585  -9.68509  14116
             84.9002 -0.00481715   -0.177632   -0.288426  0.0197759 -0.0155882  0.0191978   0.0106987 0.000140151  0.00126103 -0.0107405 -0.0231671  0.0439982 -0.00276575 -0.00418357  0.00745108 0.000454069 -0.00213774 -0.00394269 -0.00263272 -0.00403325  -0.0012407   1.55147 0.0916188  -9.68509  13928
             85.0002 0.0696628 -0.112961 -0.298083  0.0196788 -0.0139605  0.0169993   0.0108814 0.000144786   0.0012613 -0.0107394 -0.0231662  0.0439995 -0.00223411  0.00124914  0.00109926 0.000409995 -0.00217895 -0.00393548 -0.00264837 -0.00415327 -0.00102976   1.55147 0.0916485  -9.68509  14282
             85.1003   0.10352 -0.173274 -0.377875  0.0199594 -0.0149032  0.0197645   0.0107829 6.54567e-05  0.00126798 -0.0107379 -0.0231656  0.0439996 -0.00165629  -0.0022214  0.00695881 0.000392742 -0.00214042 -0.00388609  -0.0026859 -0.00408624 -0.00123784   1.55149 0.0916288  -9.68509  13912
             85.2002  0.113934    -0.137 -0.350686    0.01942 -0.0157225  0.0184005   0.0107225 0.000100631  0.00126585 -0.0107376 -0.0231657  0.0439996 -0.00313991 -0.00439264  0.00243997  0.00038662 -0.00215952   -0.003904 -0.00267344 -0.00404202 -0.00106949   1.55148 0.0916209  -9.68509  14065
             85.3002  0.103932 -0.197099 -0.400306 0.0198311  -0.01596 0.0203934   0.0107104 3.96729e-05  0.00127067 -0.0107369 -0.0231655  0.0439994 -0.00298962 -0.00454859  0.00739613 0.000392288 -0.00212171 -0.00387364 -0.00270336 -0.00403894 -0.00122336   1.55149 0.0916181  -9.68509  13936
             85.4001  0.211245  -0.10591 -0.372947  0.0177675 -0.0158022  0.0190644   0.0107577 0.000251321  0.00124977 -0.0107363 -0.0231672  0.0439967  -0.0089701 -0.00446779  0.00181382  0.00032839 -0.00217746 -0.00389107 -0.00256995 -0.00407322 -0.00107373   1.55145 0.0916291   -9.6851  14132
             85.5003 0.0350346 -0.147889 -0.437806  0.0173183 -0.0188661  0.0175478   0.0105696 0.000119207  0.00125221 -0.0107353 -0.0231653  0.0439952 -0.00553751  -0.0108877 -0.00221083  0.00043951 -0.00214968 -0.00384986  -0.00267655  -0.00393928 -0.000908911   1.55147 0.0915997  -9.68509  13982
             85.6002 0.0241786 -0.175887 -0.419003    0.01858 -0.0168725  0.0187928    0.0108507 -5.32467e-05   0.00126462 -0.0107351 -0.0231662  0.0439964 -0.00183346 -0.00165863  0.00107752  0.00044838 -0.00213313 -0.00386168 -0.00279668 -0.00412941 -0.00101813    1.5515 0.0916377  -9.68509  13964
             85.7003   0.11985 -0.190381  -0.37427  0.0209208 -0.0150283  0.0200701    0.0110511 -0.000302408   0.00127316 -0.0107336 -0.0231685  0.0439939 0.00437936 0.00431723 0.00397468 0.000387663 -0.00212348 -0.00388977 -0.00297543 -0.00426375 -0.00109884   1.55155 0.0916598  -9.68508  14069
             85.8002    0.0761 -0.110048 -0.366479  0.0223842 -0.0137455  0.0165534   0.0111337 -0.00036485  0.00127422 -0.0107313 -0.0231694  0.0439953  0.00776171  0.00685593 -0.00449188 0.000414894 -0.00217316 -0.00389347   -0.0030614  -0.00431326 -0.000792062   1.55157 0.0916713  -9.68508  14035
             85.9001  0.144536 -0.125845 -0.401428  0.0207467 -0.0134425  0.0184086    0.0110785 -0.000154101   0.00125357 -0.0107318 -0.0231683   0.043995 -0.000994874     0.005234  0.000664275 0.000376195 -0.00216365 -0.00387128  -0.00287777  -0.00428857 -0.000993115   1.55153 0.0916731  -9.68508  14076
             86.0001 0.0704072 -0.121692 -0.358434  0.0206984 -0.0157309   0.017495    0.0108238 -0.000168593    0.0012479 -0.0107328 -0.0231681  0.0439939 -0.00102048 -0.00299232 -0.00270714 0.000421295 -0.00216679 -0.00389682  -0.00288452  -0.00410605 -0.000913837   1.55152 0.0916326  -9.68509  14115
             86.1002  0.225937 -0.139309 -0.402601  0.0176198 -0.0174785  0.0178831  0.0106666  0.0001098 0.00120325 -0.0107321 -0.0231688  0.0439973   -0.0114948  -0.00800894 -0.000950621 0.000332271 -0.00215479 -0.00386912  -0.0026595 -0.00400387 -0.00098104  1.55147  0.09162 -9.68509  14085
             86.2001 0.0265892 -0.107171 -0.360549  0.0186907 -0.0183861  0.0164443    0.0106759 -9.80973e-05   0.00123172 -0.0107319 -0.0231683   0.043998 -0.00451503 -0.00897048 -0.00532059 0.000449488 -0.00217449 -0.00389216  -0.00282693  -0.00399927 -0.000862644    1.5515 0.0916122  -9.68509  13965
             86.3002  0.158459 -0.181114 -0.361255   0.020644 -0.0158936  0.0170803    0.0109244 -0.000312696   0.00129203 -0.0107306 -0.0231705  0.0439912  0.00187423 -0.00102204 -0.00253569 0.000364943 -0.00212462 -0.00389192   -0.0029841  -0.00419414 -0.000912124   1.55154 0.0916498  -9.68508  14056
             86.4002 0.0531159 -0.120514 -0.423891   0.021684 -0.0148874  0.0133289    0.0110568 -0.000361828   0.00130372 -0.0107311 -0.0231683  0.0439923  0.00299744  0.00241899 -0.00944773 0.000434009 -0.00216125 -0.00385407  -0.00306351  -0.00427877 -0.000646904   1.55156 0.0916698  -9.68508  13940
             86.5002   0.17382 -0.101268  -0.39325  0.0201391 -0.0147239  0.0145038    0.0110466 -0.000205729   0.00128564 -0.0107314 -0.0231672  0.0439921 -0.00261692  0.00152738 -0.00497328 0.000362982 -0.00217097 -0.00387044  -0.00292723  -0.00427843 -0.000813537   1.55153 0.0916714  -9.68508  14139
             86.6002  0.129861 -0.103688 -0.342436 0.0215751 -0.013672  0.015852    0.0111455 -0.000392534    0.0013102 -0.0107308 -0.0231689  0.0439925  0.00188752  0.00298062 -0.00144277 0.000392511 -0.00217099 -0.00389926   -0.0030496  -0.00434874 -0.000959816  1.55156 0.091679 -9.68508  14102
             86.7002  0.182061 -0.111661 -0.281701  0.0211275 -0.0118566  0.0170746    0.0112898 -0.000338957   0.00131196  -0.010729 -0.0231675  0.0439918 8.48905e-05  0.00561429  0.00159113 0.000364545 -0.00216401 -0.00393597 -0.00300091 -0.00445494  -0.0010678   1.55156 0.0917013  -9.68508  14226
             86.8002 0.0243127 -0.161984 -0.340738  0.0208725 -0.0141783  0.0175001    0.0110267 -0.000334693   0.00130215 -0.0107284  -0.023168  0.0439879 -0.00196669 -0.00279208  0.00149864 0.000461553  -0.0021347 -0.00389865 -0.00298519 -0.00426517 -0.00108421   1.55155 0.0916601  -9.68508  14050
             86.9002  0.139578 -0.157091 -0.418958  0.0202115 -0.0151358  0.0199229    0.0109713 -0.000316608   0.00129571 -0.0107272 -0.0231684  0.0439883 -0.00481359  -0.0049556  0.00595717 0.000394116 -0.00213849 -0.00384999 -0.00294799 -0.00422586 -0.00126186   1.55155 0.0916469  -9.68508  14053
             87.0002   0.19148 -0.111262 -0.356648  0.0199293 -0.0142782  0.0173723    0.0110762 -0.000315202   0.00129698 -0.0107265 -0.0231701  0.0439877  -0.0034549 -0.00220991 -0.00145178 0.000362566 -0.00216525 -0.00388738 -0.00297733   -0.004309 -0.00101051   1.55155 0.0916718  -9.68508  14037
             87.1003  0.204405 -0.112582 -0.408996  0.0183224 -0.0148583  0.0186059    0.0110533 -0.000209436   0.00128508 -0.0107266 -0.0231703  0.0439874 -0.00768843 -0.00528691  0.00129856 0.000353969 -0.00216431 -0.00385551 -0.00287992 -0.00429354 -0.00112206  1.55153 0.091667 -9.68508  14001
             87.2001   0.14111 -0.124091 -0.356954  0.0191164 -0.0147995  0.0158369   0.0110495 -0.00029332  0.00127046 -0.0107266 -0.0231703  0.0439874 -0.00448377 -0.00429381 -0.00410498 0.000395965 -0.00215495 -0.00388983  -0.00295578  -0.00429451 -0.000893719   1.55154 0.0916726  -9.68508  14068
             87.3002 0.00380455  -0.076375  -0.428169  0.0195755 -0.0159916  0.0129672    0.0109794 -0.000373812   0.00127667  -0.010725 -0.0231655  0.0439865 -0.000880483  -0.00639582   -0.0107915 0.000479474 -0.00218264 -0.00384702  -0.00303803  -0.00423166 -0.000680974   1.55155 0.0916629  -9.68508  13872
                87.4   0.121127 -0.0788273  -0.419974  0.0213765 -0.0165881  0.0105066    0.0110301 -0.000543307   0.00130006  -0.010725 -0.0231656  0.0439865  0.00600063 -0.00420406  -0.0113562 0.000408278 -0.00218042 -0.00385256  -0.00318207  -0.00426487 -0.000635941   1.55158 0.0916664  -9.68508  14086
             87.5001 0.00770413 -0.0606916  -0.408621  0.0222174 -0.0184392  0.0088477    0.0109114 -0.000574823   0.00130104 -0.0107251 -0.0231653  0.0439853  0.00714841 -0.00756559  -0.0122911 0.000479931 -0.00218725 -0.00385854  -0.00320291  -0.00417091 -0.000593616   1.55158 0.0916458  -9.68508  14000
             87.6001   0.169666 -0.0471999   -0.39499  0.0201729 -0.0179217 0.00766408    0.0109806 -0.000333009   0.00127169 -0.0107248 -0.0231638  0.0439838 -0.00093745 -0.00443294   -0.012488 0.000384616  -0.0021981 -0.00386505  -0.00301362  -0.00423586 -0.000596619   1.55154 0.0916697  -9.68508  14093
             87.7001 -0.0118346  0.0113519  -0.347423  0.0199845 -0.0169075 0.00744714    0.0111026 -0.000302083   0.00127473 -0.0107242 -0.0231646  0.0439854  5.17782e-05 -0.000167892   -0.0100536 0.000492611 -0.00223047 -0.00389284  -0.00299226  -0.00433676 -0.000693681   1.55155 0.0916927  -9.68508  14058
             87.8002  0.120328  -0.12105 -0.375833  0.0208839 -0.0176871  0.0122854    0.0110287 -0.000390423   0.00127584 -0.0107199 -0.0231616   0.043985 0.00158692 -0.0021319 0.00257152 0.000416277 -0.00215043 -0.00387367 -0.00303057 -0.00429773 -0.00116142  1.55158 0.091685 -9.68507  13968
             87.9001  0.0408244 -0.0769145  -0.418762  0.0213753 -0.0158565  0.0105965    0.0112109 -0.000407324   0.00128585 -0.0107214 -0.0231609  0.0439855  0.00318236  0.00392333 -0.00137411  0.00047099 -0.00217408  -0.0038447 -0.00306631 -0.00443312 -0.00101158   1.55158 0.0917106  -9.68507  13839
                  88  0.0847996 -0.0981737  -0.368079 0.0206296  -0.01807 0.0136595    0.0109776 -0.000328234   0.00126459 -0.0107212 -0.0231594  0.0439873 -0.00195088  -0.0029593  0.00615171 0.000444858 -0.00216337 -0.00387302  -0.0029742 -0.00425775 -0.00126903   1.55158 0.0916801  -9.68508  14154
             88.1001 0.0858114 -0.117446  -0.44261  0.0210915 -0.0172418  0.0145111    0.0110783 -0.000378245   0.00127919 -0.0107219 -0.0231587  0.0439866 -0.000480788  0.000317394   0.00663466 0.000449873 -0.00215228 -0.00382634 -0.00302188 -0.00433932 -0.00128986   1.55159 0.0916958  -9.68507  14004
             88.2002  0.051622 -0.140406  -0.38424  0.0213462 -0.0166192  0.0162735    0.0111259 -0.000405789    0.0012853 -0.0107214 -0.0231589  0.0439866 -0.000285693   0.00235833   0.00947649 0.000470704 -0.00213718 -0.00386274 -0.00304057 -0.00438206 -0.00137414    1.5516 0.0917054  -9.68507  14121
             88.3001  0.086233  -0.14638 -0.378859  0.0193804 -0.0165247  0.0180553    0.0110913 -0.000224224   0.00126356 -0.0107214  -0.023158  0.0439867 -0.00768574   0.0021762   0.0118007 0.000451904 -0.00213135  -0.0038642 -0.00288732 -0.00436671 -0.00145385   1.55157 0.0917106  -9.68508  13850
                88.4  0.155035 -0.178229 -0.397826  0.0196608 -0.0156085  0.0193116    0.0111675 -0.000319983   0.00128029 -0.0107214 -0.0231579  0.0439856 -0.0055336 0.00383358  0.0115986 0.000417022 -0.00211457 -0.00385144 -0.00296604 -0.00442307 -0.00146641   1.55159 0.0917187  -9.68507  14140
             88.5001  0.152118 -0.165275 -0.358978  0.0217528 -0.0144093  0.0200995   0.0112727 -0.00057792  0.00131995 -0.0107209 -0.0231593  0.0439861 0.00195379  0.0054388  0.0103129 0.000420309 -0.00212301 -0.00387412 -0.00317627 -0.00449387 -0.00142864   1.55163 0.0917231  -9.68507  14039
             88.6001  0.153153 -0.161259 -0.440203 0.0213037 -0.016151 0.0187402    0.0111109 -0.000531486   0.00130117 -0.0107189 -0.0231607  0.0439866 0.000852282 0.000204397  0.00724742 0.000419228  -0.0021211 -0.00381734 -0.00314431 -0.00435839 -0.00130249   1.55162 0.0916949  -9.68507  14096
                88.7 0.0619722 -0.145306 -0.335805  0.0211766 -0.0147361  0.0152216    0.0112647 -0.000477592   0.00129796 -0.0107171 -0.0231586  0.0439878 -0.00063972  0.00404777 -0.00370638 0.000476723 -0.00213052 -0.00387801 -0.00315309   -0.004454 -0.00092638   1.55161 0.0917125  -9.68507  14359
                88.8 0.0330961 -0.101529 -0.397657  0.0202091 -0.0156751  0.0139154    0.0111351 -0.000397022   0.00128107 -0.0107163 -0.0231585  0.0439857 -0.00305912 0.000366065 -0.00657605 0.000494492 -0.00215475 -0.00384126  -0.00309169  -0.00435347 -0.000864424    1.5516 0.0916956  -9.68507  14089
             88.9001  0.131971 -0.173944 -0.436846  0.0190838 -0.0166037  0.0150004    0.0110524 -0.000308546   0.00125507 -0.0107148 -0.0231606  0.0439875  -0.0066798  -0.0023762 -0.00361721  0.00043167 -0.00210744 -0.00381728   -0.0030138   -0.0042894 -0.000966054   1.55158 0.0916857  -9.68507  14190
                  89  0.0859372 -0.0904087  -0.396087  0.0197862 -0.0178697  0.0148517    0.0109888 -0.000469064   0.00126856 -0.0107153 -0.0231614  0.0439888 -0.00163147 -0.00529543 -0.00416452 0.000458247 -0.00215489 -0.00384179 -0.00314287 -0.00423113 -0.00099248    1.5516 0.0916675  -9.68507  13978
             89.1001 0.0362057  -0.23528 -0.467389  0.0208514 -0.0180099  0.0185302     0.011018 -0.000613107   0.00127955 -0.0107131 -0.0231621  0.0439874 1.48163e-05 -0.00353338  0.00454829 0.000483742 -0.00207159  -0.0037976 -0.00322934 -0.00426793 -0.00131403   1.55163 0.0916686  -9.68507  14025
                89.2   0.130311 -0.0816071  -0.413287   0.021471 -0.0150299  0.0160087    0.0112844 -0.000617399   0.00127606 -0.0107105 -0.0231638  0.0439863  0.00148945  0.00628086 -0.00296984  0.00043444 -0.00216173 -0.00382749 -0.00328746 -0.00449101  -0.0010699  1.55165 0.091712 -9.68506  14036
                89.3  0.0838918 -0.0988474  -0.421027  0.0211022 -0.0162765  0.0138578    0.0111806 -0.000581626   0.00126532 -0.0107101 -0.0231637  0.0439861   0.0013766  0.00222855 -0.00812518 0.000461715 -0.00214928 -0.00382336   -0.0032616  -0.00439162 -0.000908649   1.55164 0.0916935  -9.68507  14024
                89.4  0.0777911 -0.0856157  -0.414573  0.0205494 -0.0151202  0.0127772    0.0112232 -0.000519809   0.00125765   -0.01071 -0.0231635   0.043986 -0.00101603  0.00487338  -0.0071766 0.000465306  -0.0021559 -0.00382767  -0.00320764  -0.00443656 -0.000926274   1.55163 0.0917068  -9.68507  14146
             89.5001  0.044169 -0.127134 -0.424334  0.0226824 -0.0150574  0.0142392    0.011206 -0.00071932  0.00128841 -0.0107096  -0.023164  0.0439844  0.00512633   0.0042359 -0.00267996 0.000486309 -0.00213159 -0.00382219 -0.00336758 -0.00441682 -0.00108638   1.55166 0.0916918  -9.68506  13857
                89.6 0.00954794  -0.112076  -0.396012  0.0221083 -0.0163115  0.0123086    0.0110744 -0.000643617   0.00127024 -0.0107103  -0.023163  0.0439836   0.0017952  0.00084086 -0.00580186 0.000509704 -0.00213825 -0.00383615 -0.00329979 -0.00429899 -0.00095939  1.55164 0.091672 -9.68507  14100
                89.7 0.0321388 -0.082993 -0.371204  0.0217823 -0.0167501  0.0115587     0.011023 -0.000606058   0.00126192 -0.0107106 -0.0231627  0.0439836  0.000359969 -9.28081e-05  -0.00682401 0.000497475 -0.00215384 -0.00384994  -0.00326362  -0.00425758 -0.000955045   1.55163 0.0916663  -9.68507  13905
             89.7999    0.16459 -0.0621318  -0.367076  0.0237509 -0.0138399  0.0121929   0.0112644 -0.00075745  0.00129543 -0.0107101 -0.0231622  0.0439794  0.00614462  0.00825524 -0.00300258 0.000420165 -0.00216464 -0.00385127 -0.00340521 -0.00446283 -0.00104374   1.55167 0.0916999  -9.68506  14209
             89.9001 -0.0447831  -0.133271   -0.45211  0.0250835 -0.0175571   0.012331    0.0108929 -0.000859219   0.00128733 -0.010706 -0.023162 0.0439736  0.00792059 -0.00381718 -0.00246722 0.000552533 -0.00211953 -0.00379936 -0.00345371 -0.00415326 -0.00107491   1.55166 0.0916373  -9.68506  13847
                  90 0.0860756 -0.139387  -0.34818  0.0233507 -0.0153606  0.0136727    0.0110699 -0.000624755   0.00125504 -0.0107039 -0.0231589  0.0439737 -0.000713911   0.00400648   0.00178136 0.000475806 -0.00211389 -0.00386062 -0.00325438 -0.00431647 -0.00121396   1.55164 0.0916814  -9.68507  14170
             90.0999 0.0210595 -0.111194 -0.448848  0.0229958 -0.0168573  0.0143066    0.0109016 -0.000613401   0.00125063 -0.0107025 -0.0231596   0.043973  -0.00266257 -0.000756906   0.00272171 0.000518711 -0.00213138 -0.00379648 -0.00323145 -0.00418781 -0.00125192   1.55163 0.0916589  -9.68507  13974
             90.2001   0.172776 -0.0953597  -0.367432  0.0209659 -0.0151122  0.0146567    0.0110402 -0.000435563   0.00123136 -0.0107019 -0.0231583    0.04397 -0.00769698   0.0037374  0.00313482 0.000429746 -0.00213996 -0.00384582 -0.00309303 -0.00430882  -0.0012674   1.55161 0.0916886  -9.68507  14067
                90.3   0.18455 -0.155204 -0.433568  0.0208702 -0.0156713  0.0180786     0.010947 -0.000456404   0.00122853 -0.0107001 -0.0231561  0.0439709 -0.0089774 0.00146792  0.0102766 0.000422435 -0.00210433 -0.00380434 -0.00308855 -0.00426891 -0.00153306  1.55162  0.09169 -9.68507  13903
                90.4   0.189475 -0.0729524  -0.407958  0.0196404 -0.0144231  0.0154297    0.0110718 -0.000400105   0.00121784 -0.0106989 -0.0231582    0.04397 -0.00903727  0.00308309 0.000761216 0.000417291 -0.00215147 -0.00381776 -0.00306665 -0.00435397 -0.00124585   1.55161 0.0916999  -9.68507  14009
             90.4999  0.168204 -0.121924 -0.388021  0.0180433 -0.0147295   0.015964   0.0110074 -0.00041082  0.00121922 -0.0106991 -0.0231582  0.0439698  -0.0072475 -0.00013963 0.000614897 0.000417993 -0.00214796 -0.00381666 -0.00306971     -0.0043 -0.00127314   1.55161 0.0916899  -9.68507  14031
                90.6  0.169582 -0.130311 -0.393824  0.0184557 -0.0148544  0.0164265    0.0110088 -0.000440055   0.00122183  -0.010699 -0.0231582  0.0439697  -0.00628401 -0.000419571   0.00158678 0.000417989 -0.00214624 -0.00381564 -0.00309712 -0.00429296 -0.00130563  1.55161 0.091687 -9.68507  14031
                90.7 0.0689819 -0.124249 -0.386657  0.0254214 -0.0144003  0.0136477    0.0110295 -0.000540355   0.00124754 -0.0106991 -0.0231569  0.0439698  0.0364756 0.00282486 -0.0125738  0.00043706 -0.00214393 -0.00381635 -0.00319416  -0.0042998 -0.00124204   1.55163 0.0916837  -9.68507  14178
                90.8   0.139748 -0.0757406   -0.33492  0.0257562 -0.0133829  0.0137537   0.0110356 -0.00049674  0.00124181 -0.0106994 -0.0231546  0.0439685   0.0199147  0.00471235 -0.00671708 0.000397539 -0.00219313 -0.00384301 -0.00315081 -0.00430407 -0.00126494   1.55162 0.0916849  -9.68507  14033
                90.9  0.227214 -0.119507 -0.320815  0.0240515 -0.0114048  0.0185593    0.0110546 -0.000432173   0.00124167 -0.0106985 -0.0231508  0.0439686 0.00702825 0.00703711 0.00832567 0.000343183 -0.00218565 -0.00384686  -0.0030715 -0.00432323 -0.00133612   1.55161 0.0916863  -9.68507  14127
             90.9999  0.107369 -0.124195 -0.362479 0.0233621 -0.013223 0.0197855    0.0109977 -0.000387544   0.00123476 -0.0106975  -0.023152   0.043968   0.0028725 -0.00152797  0.00856315 0.000433036 -0.00218797 -0.00381763  -0.0030192 -0.00426553 -0.00135026   1.55161 0.0916783  -9.68507  14115
                91.1   0.12082 -0.139865 -0.399058   0.020665 -0.0161671  0.0185559    0.0108827 -0.000244987   0.00121971 -0.0106957 -0.0231545  0.0439687 -0.00685548 -0.00977008  0.00347392 0.000426746 -0.00218896 -0.00379307 -0.00286021 -0.00414359 -0.00131739   1.55158 0.0916632  -9.68507  14135
             91.1999  -0.10349 -0.134858 -0.387549  0.0214296 -0.0181325  0.0154893    0.0108321 -0.000345047   0.00121562 -0.0106956 -0.0231495  0.0439665 -0.00226707  -0.0107499 -0.00402592 0.000580421 -0.00218861 -0.00380249 -0.00298071 -0.00408565 -0.00118367    1.5516 0.0916587  -9.68507  13985
             91.2999    0.1076 -0.163373 -0.440196 0.0212835 -0.017804 0.0163487    0.0108603 -0.000372679   0.00129766  -0.010696 -0.0231509  0.0439662  -0.0029637  -0.0097169 -0.00142164 0.000416709 -0.00216278 -0.00376005 -0.00296638 -0.00411273 -0.00121542   1.55159 0.0916605  -9.68507  14061
                91.4 0.00512665  -0.173001   -0.44319  0.0214163 -0.0180044  0.0183966    0.0109975 -0.000449368    0.0013064 -0.0106961 -0.0231508  0.0439661  -0.0028647 -0.00387443  0.00303508 0.000492744 -0.00215504 -0.00375883 -0.00303972 -0.00425387 -0.00136574   1.55161 0.0916761  -9.68507  13964
                91.5  0.106947 -0.107971 -0.445882  0.0220915 -0.0176384   0.015705   0.0110403 -0.00051132   0.0013116  -0.010695 -0.0231533  0.0439665  0.000110526 -0.000998175  -0.00269714 0.000424069 -0.00219683 -0.00375768 -0.00313536 -0.00429857 -0.00115668   1.55162 0.0916835  -9.68507  14156
                91.6 0.0413484 -0.131538 -0.454658  0.0257865 -0.0155725  0.0164628    0.0112583 -0.000818608   0.00133728 -0.0106949 -0.0231536  0.0439669   0.0113166  0.00592214 -0.00110772 0.000469654 -0.00217874 -0.00375155 -0.00348226 -0.00450065 -0.00122976   1.55168 0.0916966  -9.68506  14024
                91.7  0.195762 -0.135958 -0.305251  0.0220292 -0.0147745  0.0178055    0.0112281 -0.000423384   0.00130319 -0.0106955 -0.0231399  0.0439673 -0.00490756  0.00506639   0.0015078 0.000364219 -0.00217571 -0.00385307 -0.00302181 -0.00449562 -0.00137448   1.55161 0.0917193  -9.68507  14090
             91.7998  0.022381 -0.195289 -0.371781   0.022001 -0.0126407  0.0179662    0.0113714 -0.000444455   0.00131729 -0.0106953   -0.02314  0.0439689 -0.00446818  0.00978456  0.00237746  0.00048918  -0.0021295 -0.00380707  -0.0030656 -0.00464721 -0.00137433   1.55163 0.0917395  -9.68507  14112
                91.9  0.111016 -0.118275  -0.33238  0.0213905 -0.0124865  0.0191022    0.0113653 -0.000400235   0.00128615 -0.0106962 -0.0231387  0.0439688 -0.00701611   0.0092803  0.00434635 0.000422707 -0.00219165 -0.00383729 -0.00301201 -0.00464591 -0.00147998  1.55162 0.091742 -9.68507  13949
             91.9998  0.237001 -0.150341 -0.371263  0.019586 -0.013373 0.0183894    0.0111708 -0.000365818   0.00127513 -0.0106955 -0.0231403  0.0439717 -0.00927262 4.86047e-05  0.00162566 0.000343347 -0.00216626 -0.00380637  -0.0029749  -0.0044279 -0.00132652   1.55161 0.0917108  -9.68507  14117
                92.1 0.0171649 -0.182416 -0.346902  0.0176983 -0.0152274  0.0204435   0.0110224 -0.00033238  0.00126981 -0.0106952 -0.0231422  0.0439693  -0.0132463 -0.00592176  0.00489517 0.000505416 -0.00213949 -0.00381994  -0.0029017 -0.00428486  -0.0015105    1.5516 0.0916898  -9.68507  14007
                92.2   0.14897 -0.167511 -0.366498  0.0193992 -0.0156463  0.0173214   0.0110077 -0.00045315  0.00134874  -0.010695 -0.0231429  0.0439699 -0.00701944 -0.00622447 -0.00159889 0.000403954 -0.00214962 -0.00380654 -0.00308625 -0.00425189 -0.00119562   1.55162 0.0916836  -9.68507  13967
                92.3 -0.0464392  -0.128653  -0.451439  0.0208817 -0.0170506  0.0164891    0.0109582 -0.000649245   0.00137822 -0.0106938 -0.0231374  0.0439703 -0.00033142 -0.00777371 -0.00374522 0.000545135 -0.00217567 -0.00374668 -0.00329686 -0.00418522 -0.00112242  1.55165 0.091672 -9.68506  13930
             92.3998 0.0634471 -0.180531 -0.390952  0.0205415 -0.0200845  0.0178113    0.0108124 -0.000663919   0.00138115 -0.0106936 -0.0231373  0.0439708 -0.00298931  -0.0101771  0.00117564 0.000477295 -0.00213652 -0.00378912 -0.00328084 -0.00403811 -0.00130589   1.55164 0.0916487  -9.68507  14037
             92.4999    0.11889 -0.0712922  -0.449479   0.021861 -0.0206536   0.012335     0.010875 -0.000743618   0.00139731 -0.0106912  -0.023138  0.0439725  0.00289716 -0.00852773  -0.0105065 0.000441894  -0.0022097 -0.00375072  -0.00342909  -0.00406426 -0.000796007   1.55166 0.0916488  -9.68506  13898
             92.5999   0.299591 -0.0854401  -0.425196  0.0226008 -0.0174938  0.0112642    0.0111608 -0.000756666   0.00141144  -0.010691 -0.0231384   0.043963  0.00487411 0.000396072  -0.0115128 0.000322129 -0.00220071 -0.00376753  -0.00347255  -0.00437411 -0.000781962   1.55167 0.0916925  -9.68506  14089
             92.6999 -0.0405942 -0.0788968  -0.381352 0.0223349 -0.015853 0.0124757    0.0112672 -0.000690131     0.001409 -0.0106904 -0.0231418  0.0439672  0.00156725  0.00464561 -0.00468514  0.00055351 -0.00220351 -0.00379665 -0.00338784 -0.00451109 -0.00102112   1.55167 0.0917169  -9.68506  13966
             92.7998   0.16252 -0.144188 -0.358344  0.0225654 -0.0152854  0.0163361     0.011267 -0.000724693   0.00140001 -0.0106886   -0.02314  0.0439676 7.50363e-05  0.00505864   0.0045745 0.000416439 -0.00216087 -0.00381139 -0.00338178  -0.0045303 -0.00141689   1.55168 0.0917195  -9.68506  14149
             92.8999 0.0880015 -0.091747 -0.373202   0.022285 -0.0124212  0.0176403    0.0114657 -0.000684323   0.00139741 -0.0106882 -0.0231404  0.0439687 -0.000822472    0.0116005   0.00702956 0.000463854 -0.00219718  -0.0038026 -0.00334882 -0.00474534 -0.00151475   1.55168 0.0917513  -9.68506  13868
             92.9998  0.159559 -0.149127 -0.372145  0.0197102 -0.0154156  0.0168839   0.0110901 -0.00048996  0.00137247 -0.010689 -0.023141 0.0439731  -0.0090142 -0.00239041  0.00247412 0.000420802 -0.00215815  -0.0038016 -0.00312031 -0.00434789 -0.00135985   1.55163 0.0917037  -9.68507  14111
             93.0999 0.0617724  -0.13828 -0.365476  0.0200569 -0.0139983  0.0185444    0.0112142 -0.000548656    0.0013855 -0.0106885  -0.023142  0.0439747 -0.00745942  0.00210169  0.00635323 0.000490413  -0.0021647 -0.00380701 -0.00318436 -0.00448497 -0.00150419   1.55165 0.0917206  -9.68506  13906
             93.1998  0.234494 -0.127709 -0.385523  0.0194962 -0.0144451  0.0192147    0.0111666 -0.000560398   0.00138911 -0.0106883 -0.0231419  0.0439758  -0.00743188 -0.000884832   0.00550566 0.000369932 -0.00217328 -0.00379568 -0.00319246 -0.00443227 -0.00151836   1.55165 0.0917126  -9.68506  14198
             93.2999  0.123315 -0.136495 -0.377913  0.0175031 -0.0140774  0.0193991     0.011221 -0.000515309   0.00138117 -0.0106883 -0.0231418  0.0439761  -0.0108138 -0.00108983   0.0041403 0.000444322 -0.00216624 -0.00380132 -0.00315136 -0.00449247 -0.00144714  1.55165 0.091723 -9.68506  13899
             93.3998  0.153098 -0.150572 -0.317146  0.0182598 -0.0155637  0.0191804    0.0111311 -0.000649814   0.00140019 -0.0106888 -0.0231427  0.0439759 -0.00601067 -0.00522277  0.00226498   0.0004252 -0.00215567  -0.0038426 -0.00331469 -0.00438839 -0.00138641   1.55166 0.0917057  -9.68506  14067
             93.4998  0.219518 -0.101022 -0.346982  0.0176329 -0.0148655   0.017441    0.0111885 -0.000607122   0.00139688 -0.0106885 -0.0231436   0.043975 -0.00618598 -0.00390359 -0.00273116 0.000375596 -0.00219134 -0.00382132 -0.00327569 -0.00444972 -0.00123148  1.55166 0.091718 -9.68506  14094
             93.5998   0.181167 -0.0947831   -0.37368  0.0164664 -0.0184688  0.0160864   0.0109955 -0.00060069  0.00138896 -0.0106869 -0.0231437  0.0439745  -0.0066223  -0.0145246 -0.00479489 0.000403048 -0.00219246 -0.00380402 -0.00326366 -0.00421997 -0.00113856   1.55165 0.0916875  -9.68506  14100
             93.6998  0.137224 -0.113163 -0.360131 0.0176342 -0.017756 0.0154875    0.0111518 -0.000731635   0.00140919 -0.0106872 -0.0231434  0.0439758 -0.000518601  -0.00934423  -0.00591138 0.000433462 -0.00217845 -0.00381324 -0.00343596 -0.00440909 -0.00112392   1.55167 0.0917138  -9.68506  14333
             93.7998 -0.00612811  -0.0758016   -0.363126  0.0183867 -0.0194539  0.0126515     0.011098 -0.000784361   0.00141014 -0.0106867 -0.0231407   0.043975 0.00224791 -0.0102367 -0.0101909 0.000529401 -0.00220449 -0.00380939  -0.00351718   -0.0043485 -0.000923973   1.55168 0.0917124  -9.68506  14064
             93.8999  0.0777384 -0.0996944  -0.342423  0.0208129 -0.0181875  0.0141597    0.0112378 -0.000953003   0.00142306 -0.0106862 -0.0231421  0.0439741  0.00974293 -0.00456553 -0.00600034 0.000468711 -0.00218863 -0.00382365 -0.00372085 -0.00451644 -0.00110539   1.55172 0.0917278  -9.68505  14191
             93.9998  0.0582457 -0.0712145  -0.370321  0.0212578 -0.0195749  0.0130277    0.0111805 -0.000891014   0.00141829  -0.010686 -0.0231422  0.0439742  0.00740402  -0.0067128 -0.00713689 0.000482511 -0.00220715 -0.00380276 -0.00364206 -0.00444617 -0.00107697    1.5517 0.0917191  -9.68505  13910
             94.0997  0.102212 -0.129596 -0.445217  0.0226983 -0.0184757  0.0131782    0.0112968 -0.000945105   0.00142517 -0.0106875  -0.023141   0.043972  0.00951715 -0.00133866 -0.00412596 0.000451951 -0.00216835 -0.00375479 -0.00371384 -0.00459041 -0.00114226   1.55172 0.0917379  -9.68505  14036
             94.1998   0.120776 -0.0551005  -0.438433  0.0223799 -0.0175726  0.0128337    0.0113627 -0.000839336   0.00141302 -0.0106879 -0.0231412  0.0439705  0.00577986 0.000787151 -0.00460363 0.000441766 -0.00221821 -0.00375967 -0.00358986 -0.00467454 -0.00116273    1.5517 0.0917514  -9.68505  13996
             94.2998  0.107621 -0.178827 -0.317212  0.0225114 -0.0162698  0.0151026    0.0114531 -0.000840754   0.00140979 -0.0106843 -0.0231404    0.04397 0.00482558 0.00443408 0.00201806  0.00045186 -0.00212786 -0.00384741  -0.0035826 -0.00478839  -0.0013745   1.55171 0.0917648  -9.68505  14004
             94.3998   0.199733 -0.0617259   -0.32119  0.0232359 -0.0145931  0.0142444    0.0115546 -0.000872753   0.00140886 -0.0106831 -0.0231418  0.0439686 0.00489385 0.00775968 0.00147503 0.000391221 -0.00220419 -0.00384342 -0.00362665 -0.00490076 -0.00127624   1.55171 0.0917804  -9.68505  13992
             94.4997 0.0919672 -0.132728 -0.324102  0.0218562 -0.0144952  0.0158963    0.0114621 -0.000679016   0.00137066 -0.0106832 -0.0231412   0.043969 -0.00272928  0.00314934  0.00448148  0.00045764 -0.00215925 -0.00384241 -0.00341261 -0.00481598 -0.00141548   1.55169 0.0917714  -9.68506  13947
             94.5998 0.0503024 -0.162534 -0.382327  0.0208676 -0.0157715  0.0167109    0.0113375 -0.000627103   0.00135383 -0.0106824 -0.0231419  0.0439683   -0.0060815 -0.000787673   0.00506996  0.00048682 -0.00213834 -0.00380201 -0.00334985 -0.00469118 -0.00145088   1.55168 0.0917551  -9.68506  14080
             94.6999  0.0592712 -0.0997644  -0.397691  0.0208186 -0.0160509  0.0151748    0.0113246 -0.000667505   0.00135891 -0.0106819 -0.0231411  0.0439688 -0.00465411 -0.00027783 0.000846549 0.000488358 -0.00217936 -0.00378959 -0.00340798 -0.00466798 -0.00127629   1.55168 0.0917534  -9.68506  13983
             94.8005  0.223435 -0.087172 -0.357682  0.0203748 -0.0150834  0.0147793    0.0113864 -0.000640119   0.00139807 -0.0106817  -0.023142  0.0439672  -0.00523057    0.0015244 -0.000311597 0.000362283 -0.00218892 -0.00381944 -0.00337749 -0.00474491 -0.00124232   1.55168 0.0917642  -9.68506  14008
             94.8997  0.0539982 -0.0938955  -0.412523 0.0212736 -0.014534 0.0144242    0.0114305 -0.000787847   0.00142067  -0.010682 -0.0231409  0.0439679  0.00084586  0.00171135 -0.00052551 0.000474581 -0.00218221 -0.00378457 -0.00354886 -0.00478749 -0.00120503    1.5517 0.0917699  -9.68505  13894
             94.9997 0.0890151 -0.110624 -0.370289  0.0198571 -0.0146045  0.0155063   0.0114101 -0.00068138  0.00141327 -0.0106821 -0.0231399   0.043968 -0.00450712   0.0012602  0.00181572 0.000455174 -0.00217188 -0.00381044 -0.00341335    -0.00477 -0.00131387   1.55168 0.0917665  -9.68506  14211
             95.0997 -0.00631533   -0.113082   -0.359458 0.0216161 -0.015016 0.0150049    0.0113812 -0.000849347   0.00141983 -0.0106822   -0.02314  0.0439674  0.00224558 0.000905954  0.00071633 0.000519795 -0.00217021 -0.00381726 -0.00361279 -0.00472934  -0.0012408  1.55171  0.09176 -9.68505  13928
             95.1997   0.159964 -0.0439345   -0.32399  0.0206146 -0.0125228  0.0121933   0.0115366 -0.00074285  0.00142449 -0.0106798 -0.0231412  0.0439633 -0.000463811     0.007433  -0.00561135 0.000413865 -0.00221534 -0.00383953 -0.00351542 -0.00490742 -0.00100058   1.55169 0.0917883  -9.68506  14077
             95.2996  0.124196 -0.125295 -0.333032 0.0206224 -0.012869 0.0145643    0.0114662 -0.000759782   0.00142389 -0.0106793 -0.0231404  0.0439642  -0.00102639    0.0035591 -3.51086e-05 0.000444994 -0.00215862  -0.0038319 -0.00350417 -0.00483655 -0.00125279  1.55169 0.091777 -9.68506  13977
             95.3997    0.152868 -0.00376403   -0.327359  0.0189693 -0.0129139  0.0119928    0.0114395 -0.000636798   0.00140767 -0.0106779 -0.0231412  0.0439628 -0.00478546  0.00164863 -0.00496177 0.000426932   -0.002238  -0.0038361 -0.00337197  -0.0047944  -0.0010305   1.55167 0.0917736  -9.68506  14078
             95.4998   0.225197 -0.0620417  -0.381588  0.0178949 -0.0150167   0.012196    0.0112881 -0.000591494   0.00138585 -0.0106764 -0.0231417  0.0439654 -0.00644867 -0.00624104 -0.00312649 0.000383712 -0.00219908 -0.00379902 -0.00330644 -0.00461498  -0.0010876   1.55166 0.0917492  -9.68506  13973
             95.5996  0.0803409 -0.0813573  -0.320169  0.0172193 -0.0161003 0.00973817    0.0112583 -0.000581362   0.00137553  -0.010677 -0.0231401  0.0439647 -0.00576406 -0.00847243 -0.00837547 0.000479008 -0.00218592  -0.0038409  -0.00330507  -0.00456928 -0.000895058   1.55166 0.0917448  -9.68506  13941
             95.6997  0.0898363 -0.0755438  -0.416141  0.0185558 -0.0182336  0.0112099   0.0111505 -0.00073316  0.00139078 -0.0106755 -0.0231384   0.043963 -0.000861113   -0.0120447  -0.00271431 0.000475446 -0.00218892 -0.00377627 -0.00346935 -0.00445806 -0.00107531   1.55168 0.0917284  -9.68506  14125
             95.7998  0.0857877 -0.0970254   -0.35617  0.0215456 -0.0164255  0.0102593    0.0113897 -0.000986263   0.00143715 -0.0106744 -0.0231402  0.0439636  0.00969239 -0.00248934 -0.00425213 0.000479526 -0.00217672 -0.00381412 -0.00377138 -0.00474636 -0.00101676   1.55172 0.0917674  -9.68505  13976
             95.8998   0.112581 -0.0555013  -0.361083  0.0207128 -0.0166765  0.0110473    0.0113877 -0.000840231   0.00141838 -0.0106747 -0.0231398  0.0439627  0.00396742 -0.00303934 -0.00184847  0.00046186 -0.00220515  -0.0038112 -0.00359152 -0.00474549 -0.00113019    1.5517 0.0917671  -9.68505  14095
             95.9997     0.1448 -0.0647016  -0.430215  0.0222694 -0.0159681   0.012327   0.011461 -0.0009252 0.00143385 -0.0106754 -0.0231383   0.043962   0.00808762 -0.000728529   0.00107588 0.000446006 -0.00219656 -0.00376544 -0.00369277 -0.00483781 -0.00125068   1.55172 0.0917771  -9.68505  14036
             96.0996   0.250744 -0.0828063  -0.337281   0.022586 -0.0157418  0.0130802   0.011483 -0.0008913 0.00143148 -0.0106753 -0.0231374  0.0439616   0.0071451 -0.00139193  0.00307224 0.000380401 -0.00218215 -0.00382534 -0.00365037 -0.00486523 -0.00130417   1.55172 0.0917807  -9.68505  14164
             96.1998  0.0716709 -0.0906589  -0.359919  0.0220413 -0.0152534  0.0144118    0.0115293 -0.000785079   0.00141886 -0.0106751 -0.0231382  0.0439628   0.00284831 -0.000990658   0.00473155 0.000500008 -0.00217751 -0.00381077 -0.00352012 -0.00492649 -0.00139777   1.55171 0.0917899  -9.68505  13941
             96.2997  0.153189 -0.141531 -0.308773  0.0210559 -0.0156878  0.0154886    0.0115053 -0.000692297   0.00142163 -0.0106751 -0.0231372  0.0439646 -0.000809965  -0.00247635   0.00729628 0.000441119 -0.00213866 -0.00384875 -0.00341914 -0.00488947 -0.00148691    1.5517 0.0917848  -9.68505  14098
             96.3996  0.078681 -0.118057 -0.462597  0.0203099 -0.0168412  0.0189553    0.0114699 -0.000652056   0.00142349 -0.0106746 -0.0231391  0.0439642  -0.0037124 -0.00514329   0.0113174 0.000494518  -0.0021537 -0.00375205 -0.00336383 -0.00485003 -0.00167657    1.5517 0.0917754  -9.68505  13984
             96.4998  0.186653 -0.144272 -0.406238  0.0197309 -0.0156753  0.0199479    0.0115709 -0.000632417    0.0014197 -0.0106745 -0.0231392  0.0439631 -0.00430707 -0.00115009   0.0115454 0.000425259  -0.0021367 -0.00378817 -0.00334831 -0.00498113 -0.00166661    1.5517 0.0917933  -9.68505  14064
             96.5997  0.031767 -0.153412 -0.429406  0.0206182 -0.0160964  0.0188962    0.0115559 -0.000729003   0.00142431 -0.0106747 -0.0231374  0.0439628 -0.000400874  -0.00168553   0.00657752 0.000530829  -0.0021293 -0.00377391 -0.00347774 -0.00495331 -0.00147224   1.55171 0.0917929  -9.68505  14063
             96.6996  0.168441 -0.201353 -0.356736  0.0202427 -0.0169037   0.021824    0.0115251 -0.000716138   0.00142299 -0.0106746 -0.0231358  0.0439638 -0.00404672 -0.00338456   0.0120114 0.000445416 -0.00209785 -0.00382089 -0.00344745 -0.00490579 -0.00167317   1.55171 0.0917817  -9.68505  14221
             96.7997 0.0147461 -0.181931 -0.380876  0.0211668 -0.0148902  0.0211262     0.011691 -0.000788862     0.001426 -0.0106739 -0.0231349  0.0439672 -0.000440278   0.00380152   0.00788455 0.000550759 -0.00211037 -0.00380484 -0.00357825 -0.00509657 -0.00151187  1.55173 0.091806 -9.68505  14123
             96.8997  0.137528 -0.186446 -0.369009  0.0205328 -0.0145621  0.0226706    0.0117082 -0.000757391   0.00141735 -0.0106737 -0.0231335  0.0439672 -0.00271797  0.00370623  0.00993018 0.000463477 -0.00210788 -0.00381193 -0.00351545 -0.00512092  -0.0016379   1.55172 0.0918081  -9.68505  13951
             96.9996  0.268108 -0.119105 -0.271721  0.0202599 -0.0137964  0.0210808    0.0117181 -0.000767054   0.00141919 -0.0106717 -0.0231376  0.0439676 -0.00212128 0.000721164  0.00175069 0.000385034 -0.00214443 -0.00387337 -0.00356841 -0.00513806 -0.00133624   1.55173 0.0918152  -9.68505  14040
             97.0998  0.098198 -0.142075 -0.316673   0.018072 -0.0155968  0.0202451    0.0116093 -0.000643008   0.00138658 -0.0106712 -0.0231382  0.0439655  -0.00859186  -0.00579122 -0.000342625 0.000499567 -0.00212832 -0.00384094 -0.00340255 -0.00499392 -0.00126014   1.55171 0.0918009  -9.68505  13999
             97.1996  0.107238 -0.142174 -0.423504  0.0184396 -0.0176564  0.0158126    0.0115162 -0.000681601   0.00139245 -0.0106685 -0.0231339  0.0439646 -0.00499719 -0.00990614  -0.0100272 0.000494522  -0.0021294 -0.00377043  -0.00351203  -0.00486431 -0.000884166   1.55172 0.0917928  -9.68505  13998
             97.2998 0.0380964 -0.130738 -0.333525  0.0181217 -0.0175947  0.0146318    0.0115301 -0.000666538   0.00138749 -0.0106683 -0.0231332  0.0439648  -0.0049591 -0.00918694  -0.0130602 0.000543475 -0.00213732 -0.00383051  -0.00349496  -0.00488287 -0.000805463   1.55172 0.0917974  -9.68505  13964
             97.3997  0.135514 -0.140824  -0.37567  0.0182736 -0.0190478  0.0165939    0.0115463 -0.000782334   0.00140505 -0.0106686 -0.0231316  0.0439645 -0.00386835  -0.0081517 -0.00236299 0.000483225 -0.00212811 -0.00380267 -0.00359169 -0.00491089 -0.00117242   1.55173 0.0917946  -9.68505  14006
             97.4997  0.0188409 -0.0873513  -0.400567  0.0201328 -0.0188694  0.0120649    0.0116117 -0.000895198   0.00142454 -0.0106673 -0.0231286  0.0439671  0.00387761 -0.00440587  -0.0111654 0.000563168 -0.00216022 -0.00378408  -0.00379546  -0.00497918 -0.000807111   1.55175 0.0918098  -9.68505  13919
             97.5997   0.125758 -0.0861509  -0.424246  0.0201679 -0.0184772 0.00926356     0.011657 -0.000860777   0.00142701 -0.0106672 -0.0231295  0.0439665   0.0043643 -0.00256795  -0.0164149 0.000491376 -0.00216242 -0.00376931  -0.00377424  -0.00503215 -0.000652933   1.55175 0.0918176  -9.68505  14080
             97.6997   0.0223222 -0.00153682   -0.376445  0.0182196 -0.0175146 0.00842911    0.0117223 -0.000692146   0.00140273 -0.0106676 -0.0231282  0.0439646 -0.0033879 0.00131909 -0.0128627 0.000559957 -0.00221727 -0.00380163  -0.00355481  -0.00512489 -0.000755415   1.55172 0.0918307  -9.68505  13941
             97.7996 0.0230885 -0.269017 -0.321659   0.020536 -0.0170497  0.0169474    0.0117161 -0.000945838   0.00142127 -0.0106538 -0.0231324  0.0439581 0.00120299 0.00330493  0.0088946 0.000558012 -0.00204545 -0.00383795 -0.00375912 -0.00517304 -0.00156713  1.55176 0.091838 -9.68504  14028
             97.8996   0.193228 -0.0979529  -0.428582  0.0218093 -0.0152536  0.0193885   0.0118129 -0.00103556  0.00142604 -0.0106553 -0.0231294  0.0439559 0.00391471 0.00684285  0.0111975 0.000447836 -0.00215626 -0.00376764 -0.00386465 -0.00529914 -0.00170599   1.55177 0.0918532  -9.68504  13960
             97.9996  0.128595 -0.187032 -0.318038  0.0230001 -0.0153661  0.0204508   0.0117657 -0.00109472  0.00143426 -0.0106561 -0.0231303  0.0439554 0.00529959 0.00350411  0.0107256 0.000497268 -0.00209839 -0.00383805 -0.00393942 -0.00523587 -0.00168208   1.55178 0.0918435  -9.68504  14041
             98.0995   0.12272 -0.137311 -0.447214  0.0224143 -0.0141801  0.0202625   0.0118249 -0.00101231  0.00142116  -0.010657 -0.0231319   0.043955 0.00181041 0.00527435   0.007577  0.00050072 -0.00212851 -0.00375494 -0.00384694 -0.00530447 -0.00158519   1.55177 0.0918526  -9.68504  13991
             98.1997    0.1186 -0.158202 -0.381823  0.0219889 -0.0158389  0.0192356   0.0116863 -0.00097326  0.00141462 -0.0106577 -0.0231317  0.0439546 -0.00127525 -0.00110047  0.00421828 0.000508443 -0.00211606 -0.00379526 -0.00379892  -0.0051157  -0.0014196   1.55176 0.0918288  -9.68504  14154
             98.2996 0.00100879  -0.121892  -0.390967  0.0219422 -0.0149706  0.0162584    0.0117687 -0.000956211     0.001409 -0.0106568 -0.0231289  0.0439563 0.000143301  0.00233055 -0.00370089 0.000585393 -0.00213981 -0.00378886 -0.00381425 -0.00518838 -0.00113162   1.55176 0.0918354  -9.68504  13980
             98.3996 0.0801626 -0.145577 -0.411619  0.0205567 -0.0181062  0.0165246    0.0115271 -0.000880649   0.00138922 -0.0106562 -0.0231292  0.0439567 -0.00565743 -0.00635748 -0.00275871 0.000537344 -0.00212516 -0.00377595 -0.00368613  -0.0048952 -0.00118612   1.55174 0.0918036  -9.68505  14079
             98.4996  0.153753  -0.10176 -0.338044  0.0200316 -0.0162494  0.0163381    0.0116595 -0.000844247   0.00138257 -0.0106545 -0.0231289  0.0439542 -0.00598255 -0.00117745 -0.00303486 0.000486446 -0.00215337 -0.00382513  -0.0036525 -0.00506437 -0.00117934   1.55174 0.0918251  -9.68505  14069
             98.5997 0.0416092 -0.155879 -0.387258  0.0178914 -0.0191347  0.0180072     0.011464 -0.000784364    0.0013722 -0.010654  -0.02313 0.0439534  -0.0119164 -0.00896424  0.00184597 0.000561593 -0.00212116  -0.0037926 -0.00353177 -0.00483801  -0.0013625   1.55172 0.0918018  -9.68505  14167
             98.6996  0.142312 -0.119604 -0.418932  0.0182247 -0.0195853  0.0152641    0.0115257 -0.000887007   0.00139062 -0.0106538 -0.0231304  0.0439534 -0.00553862 -0.00703861 -0.00583467 0.000499061 -0.00214799 -0.00376983 -0.00370655 -0.00488931 -0.00110271   1.55174 0.0918033  -9.68505  14259
             98.7997 0.00212288 -0.0643389  -0.405391  0.0171561 -0.0201911  0.0117525    0.0115277 -0.000822961   0.00137042 -0.0106521 -0.0231285  0.0439525  -0.0064854 -0.00695128  -0.0122945 0.000588986 -0.00218145 -0.00377876  -0.00364987  -0.00486634 -0.000835194  1.55173   0.0918 -9.68505  14100
             98.8996 -0.0181587 -0.0970812  -0.330489  0.0178336 -0.0206626 0.00988205    0.0115474 -0.000912047   0.00138204  -0.010652 -0.0231295  0.0439523 -0.00157308 -0.00479002  -0.0138324  0.00060272 -0.00216018 -0.00382421  -0.00377749   -0.0048808 -0.000774381   1.55174 0.0917984  -9.68505  14219
             98.9997  0.0356038 -0.0670154  -0.433543  0.0198189 -0.0215206 0.00967556   0.0115268 -0.00105845  0.00140596 -0.0106522 -0.0231275  0.0439525   0.0054501 -0.00368544  -0.0104063 0.000564455 -0.00217861 -0.00375769  -0.00397241  -0.00485949 -0.000904075  1.55177 0.091794 -9.68504  13894
             99.0995 0.0224651 -0.133837   -0.3375 0.0207231  -0.02095 0.0104436   0.0115627 -0.00110453  0.00141013 -0.0106512 -0.0231283  0.0439515  0.00706639 -0.00118765 -0.00799486 0.000572989 -0.00213614 -0.00382036 -0.00403221 -0.00491977 -0.00100374   1.55178 0.0918024  -9.68504  14092
             99.1996 0.0337406 -0.106091 -0.363954  0.0207908 -0.0176994  0.0128448   0.0117118 -0.00104276  0.00138378 -0.0106501 -0.0231276  0.0439509  0.00284337  0.00969738 0.000728801 0.000564963 -0.00215214 -0.00380515 -0.00393713 -0.00518342 -0.00131247   1.55177 0.0918471  -9.68504  13979
             99.2996  0.122578 -0.141566 -0.426774  0.0208465 -0.0178562   0.013134   0.0116922 -0.00104484  0.00139135 -0.0106497 -0.0231277  0.0439516 0.00190329 0.00866132 0.00144533 0.000505687  -0.0021302 -0.00376336 -0.00393537 -0.00515437 -0.00133408   1.55177 0.0918439  -9.68504  14033
             99.3997   0.138049 -0.0452557  -0.399799 0.0200995 -0.016628  0.015511    0.0116891 -0.000976703   0.00137683 -0.0106513 -0.0231263  0.0439494 -0.00135603  0.00890093  0.00601479 0.000498685 -0.00219278  -0.0037786 -0.00383548 -0.00518985 -0.00154011   1.55177 0.0918576  -9.68504  14045
             99.4995 0.0690533 -0.160986  -0.29653   0.020043 -0.0146932   0.015523   0.0117198 -0.00098276  0.00137668 -0.0106516 -0.0231263  0.0439494 -0.000447552   0.00964993   0.00383178 0.000541311 -0.00211943 -0.00384657 -0.00384842  -0.0052166 -0.00144105   1.55177 0.0918573  -9.68504  13880
             99.5995 0.0521646 -0.144546 -0.392947  0.0209924 -0.0134903   0.016827   0.0117311 -0.00103986  0.00138487 -0.0106518 -0.0231256  0.0439495 0.00131814  0.0109671 0.00585819 0.000554862 -0.00212861  -0.0037835 -0.00393149 -0.00524578  -0.0015193   1.55178 0.0918619  -9.68504  14051
             99.6995 0.0120349 -0.093835 -0.398122  0.0206691 -0.0153394  0.0154687   0.0115787 -0.00101866  0.00139598   -0.01065 -0.0231251  0.0439469 -0.000206036   0.00362198   0.00104659 0.000579867 -0.00216109 -0.00377832 -0.00389533 -0.00501451 -0.00136261   1.55177 0.0918308  -9.68504  13957
             99.7995  0.199546 -0.188232 -0.383208 0.0236642 -0.012021 0.0185902   0.0117226 -0.00119382   0.0013977 -0.0106492 -0.0231228  0.0439391 0.0078807 0.0118017 0.0083458  0.00046331 -0.00209829 -0.00378704 -0.00415324 -0.00525185 -0.00159434   1.55181 0.0918613  -9.68504  14137
             99.8996 0.0508942  -0.11436 -0.432565  0.0211744 -0.0142336  0.0176727    0.011531 -0.00100331    0.001381  -0.010647 -0.0231251  0.0439334 -0.00275185  0.00185764  0.00323749 0.000558499 -0.00214454 -0.00375522  -0.0038712 -0.00498636 -0.00147131   1.55177 0.0918324  -9.68504  13953
             99.9997  0.130839 -0.139867 -0.324418  0.0205505 -0.0144509  0.0181978    0.0115032 -0.000983927   0.00138107 -0.0106476 -0.0231246  0.0439335 -0.00432911 0.000859116  0.00427681 0.000507182 -0.00212985 -0.00382444 -0.00384229 -0.00494853 -0.00148237   1.55176 0.0918287  -9.68504  14194
               100.1 -0.0225732  -0.204117  -0.309243  0.0215918 -0.0161066  0.0193196   0.0114018 -0.00108106  0.00140391 -0.0106485 -0.0231263  0.0439301 -0.00139496 -0.00319653   0.0055378 0.000604679 -0.00208995 -0.00383572 -0.00397504 -0.00481842 -0.00153435   1.55178 0.0918114  -9.68504  13939
             100.199   0.196682 -0.0960693  -0.341478   0.019662 -0.0149214   0.017725    0.0114913 -0.000964585   0.00138681 -0.0106476  -0.023128  0.0439262 -0.00696449 0.000735815 0.000511806 0.00046768 -0.0021589 -0.0038143 -0.00381929 -0.00492865 -0.00136509   1.55176 0.0918249  -9.68504  14166
             100.299 0.0778141 -0.158403 -0.423268  0.0192889 -0.0166051  0.0173607    0.0113916 -0.000942876   0.00137287 -0.0106456 -0.0231287  0.0439262  -0.00744347  -0.00412346 -0.000996918 0.000549231 -0.00211428 -0.00375652 -0.00379631 -0.00478917 -0.00133126   1.55175 0.0918087  -9.68505  13998
               100.4   0.13303 -0.107467 -0.354832  0.0171944 -0.0163726  0.0143155    0.0114605 -0.000889838   0.00136442 -0.0106448 -0.0231291  0.0439257  -0.0100337 -0.00169664 -0.00792231 0.000520702 -0.00214768 -0.00379718 -0.00374892 -0.00485901 -0.00109167   1.55175 0.0918138  -9.68505  14087
               100.5   0.145941 -0.0580058  -0.358295  0.0163096 -0.0189248  0.0111539     0.011344 -0.000883926   0.00135951 -0.0106432 -0.0231291  0.0439259 -0.00872514 -0.00925165  -0.0135828 0.000514389 -0.00217733 -0.00379608  -0.00376211  -0.00466893 -0.000889256   1.55175 0.0917884  -9.68505  14002
             100.599 -0.0370323 -0.0571074  -0.303378  0.0180572 -0.0180104 0.00888502   0.0114471 -0.00102545  0.00140061 -0.0106418 -0.0231298  0.0439302 0.000312093 -0.00299913  -0.0148829  0.00063269 -0.00217572 -0.00382825  -0.00398626  -0.00480829 -0.000790364   1.55177 0.0918004  -9.68504  13940
               100.7   0.096351 -0.0218153  -0.394101  0.0195932 -0.0185574 0.00620979   0.0114409 -0.00110909   0.0014217 -0.0106414 -0.0231286  0.0439307  0.00646703 -0.00295077  -0.0182704 0.000549095 -0.00219747 -0.00377137  -0.00411915  -0.00478856 -0.000702903   1.55179 0.0917957  -9.68504  14090
             100.799  0.0252118 -0.0210383  -0.379208  0.0198975 -0.0168068 0.00526101   0.0115452 -0.00109012  0.00142481 -0.0106419 -0.0231291   0.043932 0.00700459 0.00340804 -0.0155462 0.000599657 -0.00219582  -0.0037789  -0.00408928  -0.00494647 -0.000762478   1.55179 0.0918151  -9.68504  14104
               100.9   0.121856 -0.0106643  -0.378195  0.0205904 -0.0152096 0.00832752 0.0115794 -0.001078 0.0014189 -0.0106419 -0.0231263  0.0439309  0.00713931  0.00678455 -0.00491985 0.000539687 -0.00220377 -0.00377684 -0.00406406 -0.00504796 -0.00115735  1.55179 0.091834 -9.68504  14077
                 101   0.151062 -0.0606045  -0.386891  0.0202423 -0.0143558  0.0107303    0.0115683 -0.000995458   0.00140284 -0.0106406 -0.0231247  0.0439322 0.00413007 0.00643777 0.00160484 0.000522066 -0.00217268 -0.00376965 -0.00395273 -0.00506382 -0.00139557   1.55179 0.0918414  -9.68504  14062
             101.099   0.191866 -0.0462543  -0.390622  0.0189062 -0.0157705  0.0128054    0.0114392 -0.000872979   0.00138626 -0.0106401 -0.0231236   0.043935  -0.00164517 -0.000170139   0.00684826 0.000499619 -0.00218082  -0.0037665 -0.00378388 -0.00490064 -0.00155694   1.55178 0.0918271  -9.68504  14213
               101.2  0.081101 -0.080629 -0.352843  0.0195056 -0.0168471  0.0135759    0.0113816 -0.000924833   0.00140325 -0.0106405 -0.0231239  0.0439334  0.0015281 -0.0036753 0.00670867 0.000572207 -0.00215881 -0.00378952 -0.00385119  -0.0048211 -0.00155677   1.55179 0.0918173  -9.68504  13938
               101.3  0.201809   -0.0995 -0.424159  0.0200754 -0.0168967  0.0139995    0.0114048 -0.000956673   0.00141029 -0.0106408 -0.0231238  0.0439329  0.00312485 -0.00338859  0.00637797 0.000501621 -0.00214518 -0.00374219 -0.00389321 -0.00484911 -0.00153349   1.55179 0.0918197  -9.68504  14055
             101.399  0.0347446 -0.0622011  -0.419696  0.0194932 -0.0167717  0.0141918      0.01141 -0.000908939   0.00144983 -0.0106412 -0.0231256  0.0439333 0.00060831 -0.0028514 0.00596967 0.000610895 -0.00217307 -0.00374503 -0.00383348 -0.00486069 -0.00154733   1.55179 0.0918215  -9.68504  13955
             101.499  0.242716 -0.119188 -0.420561  0.0203589 -0.0161541  0.0181035    0.0114706 -0.000918043   0.00145473 -0.0106403 -0.0231238  0.0439318    0.0022975 -0.000638694    0.0130046 0.000479644 -0.00213522 -0.00374495  -0.0038835 -0.00495908 -0.00178046   1.55181 0.0918313  -9.68504  14127
               101.6 -0.00528842  -0.0782093   -0.387188  0.0203505 -0.0163037  0.0149372    0.0114867 -0.000941923   0.00143593   -0.01064 -0.0231188  0.0439317  0.00297396 -0.00124156  0.00198086 0.000632318 -0.00216115  -0.0037653 -0.00387814 -0.00494661 -0.00142628   1.55179 0.0918298  -9.68504  14038
             101.699  0.137401 -0.109965 -0.340046  0.0184866 -0.0176054  0.0149991    0.0114101 -0.000826487   0.00141245 -0.0106411 -0.0231164  0.0439324 -0.00423871 -0.00441028  0.00190418 0.000545815 -0.00214095 -0.00379334 -0.00368469 -0.00484154 -0.00141444   1.55176 0.0918242  -9.68504  14283
               101.8 -0.0183373  -0.126374  -0.397381  0.0184012 -0.0185914  0.0148594    0.0113872 -0.000850853    0.0014188 -0.0106411  -0.023116  0.0439319 -0.00314836 -0.00470735  0.00171259 0.000644731  -0.0021287 -0.00375787 -0.00371495 -0.00480292 -0.00138549   1.55176 0.0918189  -9.68504  14032
             101.899  0.0728076 -0.0725199  -0.296247  0.0198335 -0.0168406  0.0133892   0.0115063 -0.00095085  0.00142621 -0.0106385 -0.0231188  0.0439326  0.00295964  0.00221813 -0.00268051 0.000587663 -0.00216429 -0.00382103 -0.00387266 -0.00497402 -0.00125526   1.55178 0.0918341  -9.68504  14157
             101.999 0.0776311 -0.116347 -0.343388  0.0203702 -0.0156541  0.0145039    0.0115611 -0.000969655   0.00143004 -0.0106387 -0.0231188  0.0439319  0.00469503   0.0055055 0.000294624 0.000584927 -0.00213106 -0.00378627 -0.00391293 -0.00507131 -0.00134681   1.55179 0.0918448  -9.68504  13965
             102.099   0.179147 -0.0958678  -0.373818  0.0189209 -0.0141556  0.0167626   0.0115698 -0.00083624  0.00140049 -0.0106391 -0.0231186  0.0439311 -0.00430104  0.00599508  0.00601425 0.000532659 -0.00214293 -0.00376402  -0.0037025 -0.00510748 -0.00154206   1.55177 0.0918544  -9.68504  14015
               102.2  0.0933371 -0.0652762  -0.374588  0.0195293 -0.0162657  0.0118541    0.0114801 -0.000897006   0.00139407 -0.0106363 -0.0231177  0.0439314 -0.000510681 -8.61572e-05  -0.00579985 0.000589209 -0.00216163 -0.00376326 -0.00377928 -0.00491852 -0.00112073   1.55177 0.0918264  -9.68504  13999
               102.3  0.0412044 -0.0645786  -0.402671  0.0188569 -0.0174869  0.0103624    0.0114171 -0.000855348   0.00137883 -0.0106356  -0.023118  0.0439304 -0.00151911 -0.00310116 -0.00760262 0.000623583 -0.00216256 -0.00374483 -0.00371704 -0.00482179  -0.0010749   1.55176 0.0918155  -9.68505  13990
             102.399 0.0504368 -0.126288 -0.379651  0.0203207 -0.0170929  0.0116441    0.0114363 -0.000940913   0.00140218 -0.0106356 -0.0231183  0.0439289  0.00310789  -0.0014509 -0.00380327 0.000617349 -0.00211539 -0.00376251 -0.00384253 -0.00486046 -0.00118274   1.55177 0.0918204  -9.68504  13981
             102.499  0.0170945 -0.0785609  -0.352493  0.0211808 -0.0171015 0.00993882    0.0114499 -0.000956515   0.00140478 -0.0106354 -0.0231183   0.043929   0.0039316 0.000670833 -0.00616431 0.000642052 -0.00214561 -0.00377727  -0.0038694 -0.00487092 -0.00111187   1.55177 0.0918202  -9.68504  13962
             102.599  0.156797 -0.109018 -0.414579  0.0204618 -0.0175952 0.00932839    0.0114224 -0.000904086   0.00139761 -0.0106352 -0.0231188  0.0439303  0.00134641 -0.00110613 -0.00642438 0.000554224 -0.00212388 -0.00373866 -0.00378218 -0.00482968 -0.00110616   1.55176 0.0918163  -9.68504  14176
             102.699  0.00757388 -0.00105777   -0.293832  0.0206004 -0.0156946 0.00764688    0.0115296 -0.000900922   0.00139461 -0.0106328 -0.0231189  0.0439317  0.00200802  0.00460592 -0.00837452 0.000651489 -0.00219235 -0.00381288 -0.00378454 -0.00497719 -0.00103914   1.55176 0.0918308  -9.68504  13966
             102.799 0.0670103 -0.054193 -0.424302   0.021992  -0.017057 0.00863506     0.011431 -0.000957607   0.00139432 -0.0106313 -0.0231177  0.0439318  0.00597301 0.000593303  -0.0049145 0.000618503 -0.00215995 -0.00372878 -0.00386909 -0.00484364 -0.00117611   1.55178 0.0918179  -9.68504  14050
             102.899  0.0621258 -0.0492121  -0.326186  0.0207481 -0.0140711  0.0111285   0.0115563 -0.00085066  0.00138414 -0.0106298 -0.0231162  0.0439321 0.000984236  0.00838777  0.00167369 0.000626883 -0.00216194 -0.00378892 -0.00369937 -0.00506257 -0.00142401   1.55177 0.0918479  -9.68504  13954
             102.999 0.0405271 -0.157299 -0.374288 0.0211585 -0.015974 0.0145207    0.0113935 -0.000860551   0.00138228 -0.0106268 -0.0231166  0.0439317 0.000680672  0.00101882  0.00836572 0.000642563 -0.00209581 -0.00375756 -0.00371084  -0.0048443 -0.00167444   1.55178 0.0918292  -9.68504  14018
             103.099 0.0432094 -0.121896 -0.429021  0.0210987 -0.0159613  0.0155144    0.0113858 -0.000857358   0.00137963 -0.0106267 -0.0231167  0.0439317 0.000112311  0.00155484  0.00913465 0.000643586 -0.00211411 -0.00372168 -0.00370171 -0.00483421 -0.00169044   1.55178 0.0918285  -9.68504  13986
               103.2 0.0489751 -0.134561 -0.390943  0.0200667 -0.0184251  0.0179046    0.0112376 -0.000797447   0.00138218 -0.0106268 -0.0231163  0.0439317 -0.00432058 -0.00506527   0.0126526 0.000643566 -0.00210424  -0.0037449 -0.00360028 -0.00461472 -0.00181203   1.55177 0.0918082  -9.68504  14193
               103.3 0.0709824 -0.118083 -0.417133  0.0211443 -0.0179407  0.0185233     0.011302 -0.000889845   0.00139438 -0.0106268 -0.0231164  0.0439321 0.000333253 -0.00138553    0.010058 0.000630814 -0.00211678 -0.00372703 -0.00375177 -0.00469951 -0.00174795   1.55179 0.0918133  -9.68504  13882
             103.399  0.104755 -0.168327 -0.354802  0.0224626 -0.0204047  0.0190649    0.0111899 -0.000969174   0.00141945 -0.0106285 -0.0231178  0.0439326  0.00411384 -0.00784931  0.00775992 0.000612902 -0.00208487 -0.00376333 -0.00387383 -0.00450906 -0.00169935    1.5518 0.0917889  -9.68504  14128
             103.499 0.0829621 -0.173048 -0.340205  0.0204368 -0.0186112  0.0195077    0.0113146 -0.000835552   0.00137872 -0.0106274 -0.0231165  0.0439327 -0.00380241 -0.00144476  0.00583963 0.000624391 -0.00208135  -0.0037732 -0.00365604 -0.00471572 -0.00167844   1.55177 0.0918157  -9.68504  14029
             103.599  0.050314 -0.155944 -0.389029  0.0201026 -0.0197711  0.0169743   0.0112857 -0.00083813  0.00138442 -0.0106268 -0.0231157  0.0439322  -0.00399615  -0.00400175 -0.000746284 0.000642051 -0.00209237 -0.00374278 -0.00365981 -0.00462205 -0.00143226   1.55177 0.0917988  -9.68504  14231
               103.7 0.0556294 -0.130607 -0.336445  0.0199999 -0.0197875  0.0135203    0.0113277 -0.000857251   0.00138475 -0.0106257 -0.0231156  0.0439328 -0.00189501 -0.00221829 -0.00887748 0.000639728 -0.00210709 -0.00377493 -0.00371029 -0.00465786 -0.00115436   1.55177 0.0917957  -9.68504  14300
               103.8  0.155271 -0.100698 -0.377049  0.0190571 -0.0186073  0.0141122    0.0113808 -0.000820305   0.00137267 -0.0106267 -0.0231151  0.0439306 -0.00500368  0.00117481  -0.0060012 0.000576398 -0.00212607 -0.00374975  -0.0036367 -0.00476803 -0.00125563   1.55176 0.0918114  -9.68504  14076
             103.899   0.164977 -0.0781248  -0.435331  0.0154899 -0.0213169  0.0111644    0.0112461 -0.000670746   0.00135602 -0.0106228 -0.0231198    0.04393  -0.0138733 -0.00810719  -0.0114985 0.000572033 -0.00213844 -0.00371339 -0.00335032 -0.00452395 -0.00106718   1.55173 0.0917847  -9.68505  14164
             103.999   0.193446 -0.0672895  -0.426927  0.0179423 -0.0218724  0.0105865    0.0112825 -0.000882832   0.00139129 -0.0106232  -0.023119  0.0439315 -0.00142434 -0.00739343 -0.00883293 0.000557578 -0.00214591 -0.00371585 -0.00372743 -0.00457361 -0.00111755  1.55177 0.091785 -9.68504  13931
               104.1 0.0562856 -0.153296 -0.410973 0.0184966 -0.022428 0.0127563    0.0112699 -0.000931258   0.00140771  -0.010622 -0.0231212   0.043931 -2.91317e-05  -0.00834511  -0.00355901 0.000638346 -0.00209338 -0.00372574 -0.00378044 -0.00456555 -0.00132962   1.55178 0.0917846  -9.68504  14135
             104.199   0.141719 -0.0386023  -0.434725  0.0187389 -0.0203375  0.0110074    0.0114443 -0.000927823   0.00141631 -0.0106216 -0.0231211  0.0439321  0.00131359  0.00151688 -0.00544659 0.000585031 -0.00216244 -0.00371303 -0.00380957 -0.00483245   -0.001234   1.55178 0.0918112  -9.68504  13990
             104.299  0.0983893 -0.0814295   -0.33827  0.0184045 -0.0208526   0.011984     0.011426 -0.000919213   0.00141635 -0.0106223 -0.0231209  0.0439318 -0.000527262 -0.000184234   -0.0035924 0.000616607  -0.0021366 -0.00377676 -0.00377529 -0.00478639 -0.00132351   1.55178 0.0918063  -9.68504  14103
             104.399   0.159711 -0.0498355  -0.440745  0.0172999 -0.0204624  0.0112027    0.0114424 -0.000855468   0.00139846 -0.0106224 -0.0231213  0.0439318 -0.00278735 7.13428e-05 -0.00444477 0.000579021 -0.00215678  -0.0037149 -0.00367364 -0.00482135 -0.00131334   1.55177 0.0918132  -9.68504  14147
               104.5 -0.00857041   -0.157004   -0.338366 0.0172749 -0.020571 0.0134603    0.0114336 -0.000878631    0.0014093 -0.0106207 -0.0231239  0.0439316 -0.00301794 0.000307722  0.00207827 0.000681278  -0.0020926 -0.00377986 -0.00369153 -0.00481763 -0.00152516   1.55178 0.0918111  -9.68504  13899
             104.599 -0.0107709  -0.124976  -0.370945  0.0173817 -0.0205911  0.0123275    0.0114344 -0.000897113   0.00141331 -0.010621 -0.023123 0.0439314 -0.00184931  0.00136624 -0.00123523 0.000679296 -0.00211465 -0.00376083  -0.0037266 -0.00480788 -0.00142235   1.55178 0.0918096  -9.68504  14007
             104.699  0.0116024 -0.0708994  -0.314128  0.0188725 -0.0186274  0.0113932    0.0115304 -0.000982165   0.00142952 -0.0106195 -0.0231245  0.0439328  0.00392034  0.00779242 -0.00157446 0.000666945 -0.00214674 -0.00379478 -0.00387367 -0.00494674 -0.00135052   1.55179 0.0918204  -9.68504  14049
               104.8  0.179728 -0.110772 -0.385107 0.0201362 -0.017095 0.0136116   0.0115949 -0.00105883  0.00144537 -0.0106202 -0.0231205  0.0439273  0.0070124    0.01164 0.00442188 0.000556389  -0.0021208  -0.0037479 -0.00397221 -0.00506005 -0.00152546   1.55181 0.0918304  -9.68504  14004
             104.899 -0.00319539   -0.104839   -0.383283  0.0217419 -0.0139808  0.0127422   0.0116637 -0.00107625  0.00144702 -0.0106206 -0.0231198  0.0439279   0.00894631    0.0148864 -0.000229266 0.000670173 -0.00212233 -0.00374722 -0.00400357  -0.0051376 -0.00139635   1.55181 0.0918361  -9.68504  13987
             104.999   0.24222 -0.118722 -0.296956  0.0210564 -0.0127912  0.0164135    0.0116339 -0.000981306   0.00143258 -0.0106207 -0.0231134  0.0439293 0.00258062  0.0128471 0.00756572 0.000520142 -0.00211439 -0.00379894 -0.00385822 -0.00510592 -0.00168796    1.5518 0.0918362  -9.68504  14182
             105.099 0.0146852 -0.143928 -0.408489  0.0215768 -0.0132473  0.0154872    0.0115591 -0.000997093   0.00143643 -0.0106196 -0.0231122  0.0439275  0.0031996 0.00794766 0.00371169 0.000661326 -0.00209892 -0.00372955 -0.00388288  -0.0049776 -0.00155562    1.5518 0.0918224  -9.68504  13873
             105.199  0.179398 -0.153806 -0.298523  0.0218408 -0.0118844  0.0185102    0.0115803 -0.000994488   0.00142832  -0.010619 -0.0231104  0.0439271 0.00176551 0.00908193 0.00891756 0.000559878 -0.00209353 -0.00379733 -0.00387554 -0.00502359 -0.00176027    1.5518 0.0918275  -9.68504  14145
             105.299  0.177176  -0.13438 -0.330207  0.0217122 -0.0117878  0.0178486    0.0115806 -0.000986151   0.00142658  -0.010619 -0.0231109  0.0439271 0.00173472  0.0087586 0.00778206 0.000560972 -0.00210413 -0.00377593 -0.00386255 -0.00501552 -0.00169525    1.5518 0.0918264  -9.68504  13992
             105.399  0.209633 -0.137026 -0.290788  0.0227547 -0.0104266  0.0206403   0.0115743 -0.00103185   0.0014388  -0.010619 -0.0231108  0.0439273 0.00311558 0.00560542 0.00996701 0.000544734 -0.00210407 -0.00379594 -0.00393701 -0.00502215  -0.0018097  1.55181 0.091827 -9.68504  14047
             105.499  0.231309 -0.165509 -0.327741  0.0211556 -0.0105785  0.0200784    0.0115581 -0.000938376   0.00141378 -0.0106189 -0.0231119  0.0439277 -0.00307144  0.00158394  0.00645265 0.000534218 -0.00208399 -0.00377248 -0.00378061 -0.00496996 -0.00169009   1.55179 0.0918214  -9.68504  14003
             105.599  0.259156  -0.12167 -0.504898  0.0196762 -0.0129155  0.0196754    0.0114505 -0.000883615   0.00139732 -0.0106135 -0.0231156  0.0439273 -0.00769004 -0.00687377  0.00463052 0.000519094 -0.00211059 -0.00366756 -0.00368173  -0.0047837 -0.00161316   1.55178 0.0918028  -9.68504  13945
             105.699  0.383378 -0.175185  -0.32915  0.0231885 -0.0102639  0.0220168  0.0115899 -0.0011011 0.00144967 -0.0106103 -0.0231203  0.0439214  0.00469835 -0.00076628  0.00885637 0.000445549  -0.0020781 -0.00377324 -0.00405674 -0.00506534  -0.0017516   1.55182 0.0918319  -9.68503  14146
             105.799 0.0650874 -0.123071 -0.367872 0.0230959 -0.012318 0.0167536   0.0114773 -0.00104755  0.00141117 -0.0106091 -0.0231105   0.043915  0.00416753 -0.00814878 -0.00544514 0.000636316 -0.00210869 -0.00374987 -0.00401688 -0.00489704 -0.00126901   1.55181 0.0918391  -9.68504  14030
             105.899  0.129163 -0.154869 -0.397612  0.0222127 -0.0149978   0.018488   0.0114028 -0.00100275  0.00140597 -0.0106088 -0.0231123   0.043913  -0.00125677   -0.0135528 -0.000109428 0.000597673 -0.00208986  -0.0037306 -0.00390504 -0.00475308 -0.00144554    1.5518 0.0918145  -9.68504  14195
                 106 0.00442605  -0.152856  -0.388434  0.0225766 -0.0164992  0.0175835   0.0113958 -0.00102481  0.00140655 -0.0106088 -0.0231114  0.0439129 0.000590412  -0.0135271 -0.00298135 0.000673547 -0.00209098  -0.0037346 -0.00394947 -0.00474964 -0.00138397   1.55181 0.0918179  -9.68504  14068
             106.099  0.146763 -0.177683 -0.387236   0.020239 -0.0171498  0.0193911    0.0114464 -0.000917953   0.00139947 -0.0106083 -0.0231099  0.0439138 -0.00853762    -0.01178  0.00137586 0.000586535 -0.00207704 -0.00373499 -0.00373479 -0.00480632 -0.00155804   1.55178 0.0918155  -9.68504  14136
             106.199 0.0571834 -0.127517  -0.32428  0.0175866 -0.0175069  0.0172797    0.0114605 -0.000822912   0.00138387 -0.0106074 -0.0231075  0.0439132  -0.0142287 -0.00978519 -0.00385924 0.000639996 -0.00210677 -0.00377262 -0.00357634 -0.00486179 -0.00139233   1.55177 0.0918333  -9.68504  14025
             106.299  0.130335 -0.139652 -0.373277  0.0175523 -0.0179774  0.0144177    0.0114689 -0.000877911   0.00138359 -0.0106072 -0.0231085  0.0439127 -0.00985951  -0.0080333 -0.00912431 0.000595557  -0.0020986 -0.00374412 -0.00370792 -0.00489912 -0.00119446   1.55179 0.0918431  -9.68504  14052
               106.4 0.0227315 -0.115838 -0.309065  0.0170843 -0.0168153  0.0141528     0.011567 -0.000907743   0.00137784 -0.0106062 -0.0231093  0.0439136 -0.00845732 -0.00225738 -0.00803113 0.000665102 -0.00211108 -0.00377929 -0.00376387 -0.00506893 -0.00125671   1.55179 0.0918574  -9.68504  13957
             106.499  0.219828 -0.118919 -0.473035  0.0184782 -0.0180053  0.0137681    0.011538 -0.00101765  0.00139097  -0.010605 -0.0231043  0.0439155 -0.00231731 -0.00487678 -0.00695271 0.000548492 -0.00211061 -0.00368008 -0.00396817 -0.00499528 -0.00127889   1.55181 0.0918467  -9.68504  14152
             106.599 0.0248105 -0.106375 -0.369769  0.0193399 -0.0159536  0.0136232   0.0116609 -0.00108078  0.00140638 -0.0106047  -0.023105  0.0439195 0.000937006  0.00194298 -0.00637023 0.000665673 -0.00211965 -0.00374212 -0.00406653 -0.00520679 -0.00132229   1.55182 0.0918661  -9.68503  14204
             106.699  0.222168 -0.120289 -0.312708  0.0206979 -0.0165999  0.0174918   0.0116337 -0.00116491   0.0014096 -0.0106053 -0.0231011   0.043921   0.00314027 -0.000972609   0.00429217 0.000548571 -0.00211128 -0.00377739 -0.00417505 -0.00514697 -0.00167534   1.55183 0.0918554  -9.68503  14155
             106.799 0.0632739  -0.14297 -0.337706   0.021441 -0.0147981   0.016269  0.0117308 -0.0011737 0.00140989 -0.0106052 -0.0231008  0.0439223   0.00517713   0.00345888 -0.000241743  0.00064611 -0.00209784 -0.00376236  -0.0042186 -0.00530676 -0.00155156  1.55184 0.091871 -9.68503  14194
               106.9   0.204395 -0.0857093  -0.372839  0.0189926 -0.0144812   0.015545   0.0117247 -0.00102075   0.0013885 -0.0106051 -0.0231027  0.0439208 -0.00481315  0.00248535 -0.00135893 0.000562739 -0.00213208 -0.00374213 -0.00394397 -0.00529595 -0.00150162   1.55181 0.0918714  -9.68504  14114
                 107  0.201154 -0.100165 -0.347844  0.0197235 -0.0138898   0.011674   0.0117434 -0.00106464  0.00139665  -0.010605 -0.0231042  0.0439207 9.05928e-05  0.00210962 -0.00985198 0.000564448 -0.00212394 -0.00375783 -0.00405673 -0.00532417 -0.00121127   1.55182 0.0918755  -9.68503  14032
             107.099   0.166962 -0.0534381  -0.323691  0.0194432 -0.0134496  0.0119353   0.0117607 -0.00105055  0.00139488 -0.0106053 -0.0231041  0.0439205 -0.000165324   0.00196184  -0.00857315 0.000587306 -0.00215269 -0.00377236 -0.00402713 -0.00535504 -0.00127345  1.55182 0.091878 -9.68504  13576
             107.197  0.0998018 -0.0506192  -0.341508  0.0180801 -0.0155868  0.0100395     0.011654 -0.000976968   0.00137566 -0.0106048  -0.023104  0.0439174 -0.00381374 -0.00514512  -0.0105689 0.000630153 -0.00215387 -0.00376026 -0.00389442 -0.00515548  -0.0011866    1.5518 0.0918591  -9.68504  14491
             107.299   0.161362 -0.0444204  -0.397911  0.0186586 -0.0152859 0.00964447   0.0117051 -0.00102619  0.00138867 -0.0106056 -0.0231034  0.0439177 0.000536509 -0.00312103 -0.00855545 0.000594138 -0.00215874 -0.00372711 -0.00398717 -0.00525262 -0.00128321   1.55181 0.0918676  -9.68504  13970
             107.399  0.128705 -0.114719 -0.406051  0.0193164 -0.0171306  0.0115875   0.0116432 -0.00105329   0.0014006 -0.0106039 -0.0231036  0.0439169  0.00174842 -0.00773247 -0.00216575  0.00061473 -0.00211614 -0.00372083 -0.00403125 -0.00514339 -0.00149058   1.55182 0.0918536  -9.68503  14078
             107.499   0.161771 -0.0221436  -0.372041  0.0208592 -0.0149873 0.00976586   0.0117732 -0.00112422  0.00140637 -0.0106028 -0.0231045  0.0439176   0.00695545 -0.000406841  -0.00524941 0.000594066 -0.00217106 -0.00374032 -0.00415336 -0.00536747 -0.00135981   1.55183 0.0918771  -9.68503  13968
             107.599   0.224314 -0.0525857   -0.38315  0.0209856 -0.0149264 0.00849937   0.0117775 -0.00110403  0.00140059 -0.0106029  -0.023105  0.0439176  0.00651828 -0.00108963 -0.00673531 0.000557466 -0.00215185 -0.00373355 -0.00411971  -0.0053744 -0.00128916   1.55182 0.0918793  -9.68503  14261
               107.7    0.015853 -0.00900599   -0.414666  0.0200841 -0.0150702  0.0083141    0.0117769 -0.000995797   0.00138145 -0.0106031 -0.0231063  0.0439169  0.00222648  -0.0017083 -0.00585096 0.000688071 -0.00217733 -0.00371348 -0.00394957 -0.00538225 -0.00135096   1.55181 0.0918808  -9.68504  13978
               107.8   0.121868 -0.0947931  -0.344431  0.0208103 -0.0142114  0.0105663   0.0118315 -0.00100429  0.00138492 -0.0106012 -0.0231068  0.0439164 0.00410828 0.00144641  0.0007367 0.000624341 -0.00212421  -0.0037564 -0.00398481 -0.00546648 -0.00156142   1.55183 0.0918817  -9.68503  14113
               107.9  0.127164 0.0107335 -0.341382  0.0196647 -0.0127626 0.00814268    0.0118799 -0.000932546   0.00136888    -0.0106 -0.0231058   0.043915 0.000949936  0.00427744  -0.0052059 0.000625912 -0.00218678  -0.0037552 -0.00385051 -0.00555843 -0.00137247   1.55181 0.0918978  -9.68504  13945
             107.999  0.316357 -0.142258 -0.404815  0.0212634 -0.0136731  0.0145654    0.0118563 -0.000982273   0.00138181 -0.0105939  -0.023095  0.0439155   0.00418035 -0.000765012     0.011251 0.000512609  -0.0020941 -0.00371843 -0.00396188 -0.00548292 -0.00189671  1.55185 0.091875 -9.68503  14193
               108.1   0.194353 -0.0831973  -0.395092  0.0208553 -0.0127436  0.0142849    0.0118981 -0.000948833   0.00141791 -0.0105946 -0.0230962   0.043916 0.00209608 0.00147968  0.0094344 0.000596961 -0.00213797 -0.00372437 -0.00391794 -0.00555633 -0.00186518   1.55184 0.0918827  -9.68503  13876
             108.199  0.205003 -0.148062 -0.446156  0.0214975 -0.0164567   0.018162    0.0117349 -0.000969905   0.00143053 -0.0105919 -0.0230963  0.0439151 0.00197739 -0.0119168  0.0145614 0.000597569 -0.00209512 -0.00369265 -0.00392927 -0.00526685 -0.00202708   1.55185 0.0918514  -9.68503  14282
             108.299 0.0806877 -0.109428  -0.41416  0.0219912 -0.0148585  0.0178508    0.0118619 -0.000976584   0.00141774 -0.0105916 -0.0230952  0.0439195  0.00270311 -0.00438608    0.011128 0.000673745 -0.00211733 -0.00371177 -0.00396166 -0.00548144  -0.0018987   1.55185 0.0918742  -9.68503  14068
               108.4  0.204294 -0.114611 -0.326924  0.0210262 -0.0157447  0.0180188    0.0118345 -0.000924915   0.00140553 -0.0105922 -0.0230937  0.0439195 -0.00111654 -0.00638017  0.00882128  0.00060126 -0.00211339 -0.00376084 -0.00385917 -0.00544454 -0.00183043  1.55183 0.091876 -9.68503  14154
             108.499  0.132979 -0.138346 -0.437563 0.0229833  -0.01478 0.0172153   0.0119219 -0.00101312  0.00142844 -0.0105936 -0.0230908  0.0439204 0.00526163 -0.0026003 0.00544327 0.000643206 -0.00210055 -0.00369275 -0.00404468 -0.00557277  -0.0017012   1.55185 0.0918863  -9.68503  14077
               108.6  0.247296 -0.138412 -0.341996  0.0211486 -0.0151909  0.0188996   0.0119161 -0.00089712  0.00140071 -0.0105938 -0.0230874  0.0439203 -0.00302292 -0.00484746  0.00716246 0.000575789 -0.00210153 -0.00374999 -0.00382931 -0.00556442 -0.00180345   1.55183 0.0918873  -9.68503  14213
               108.7  0.202657 -0.129398  -0.36882  0.0212232 -0.0137687  0.0171884    0.0119893 -0.000899194   0.00139553 -0.0105934 -0.0230875  0.0439205 -0.0016833 -0.0014421  0.0018081 0.000600076 -0.00210814 -0.00373242 -0.00386478 -0.00570615  -0.0016313   1.55184 0.0919058  -9.68503  14323
             108.799 0.0669512 -0.128988 -0.376422  0.0198781 -0.0152745  0.0157558   0.0119205 -0.00085279   0.0013763  -0.010593 -0.0230864  0.0439178 -0.00581013 -0.00545055 -0.00164312 0.000676716 -0.00210662 -0.00372806 -0.00375796 -0.00559003 -0.00151287   1.55182 0.0919026  -9.68503  14118
               108.9   0.12679 -0.108332 -0.339613  0.0221342 -0.0122762  0.0156016    0.0120773 -0.000966591   0.00140629 -0.0105919 -0.0230877    0.04392 0.00320501 0.00455552 -0.0019354 0.000644926 -0.00211951 -0.00374828 -0.00402298 -0.00588558 -0.00151194  1.55185 0.091925 -9.68503  14388
             108.999  0.0289399 -0.0688699  -0.442243   0.019648 -0.0164769  0.0137506    0.0118581 -0.000852106   0.00135999 -0.0105871 -0.0230904  0.0439142 -0.00557554 -0.00802518 -0.00560917 0.000706351 -0.00214105 -0.00368642 -0.00376062  -0.0054918 -0.00139168   1.55182 0.0918974  -9.68503  13925
             109.099 0.0103343 -0.105793 -0.372102  0.0226644 -0.0144871  0.0113815    0.0119631 -0.000989377   0.00138802 -0.0105865 -0.0230916  0.0439141  0.00578329 0.000802756 -0.00970043 0.000722022 -0.00211972 -0.00372651 -0.00407193 -0.00569852  -0.0012483   1.55185 0.0919176  -9.68503  14166
             109.199   0.147586 -0.0874577  -0.422294  0.0225354 -0.0154397  0.0122746    0.0119229 -0.000970486   0.00137607 -0.0105863 -0.0230905  0.0439159  0.00256205 -0.00178131  -0.0050797 0.000639914 -0.00213094 -0.00369787 -0.00400128 -0.00561893 -0.00139799   1.55184 0.0919083  -9.68503  14039
             109.299  0.148781 -0.160355 -0.315687  0.0224646 -0.0146659  0.0136191    0.0119624 -0.000962402    0.0013781 -0.0105846 -0.0230888  0.0439153   0.00098056 -0.000259627  -0.00219311 0.000644194 -0.00208667 -0.00376201 -0.00397104 -0.00570018 -0.00153774   1.55184 0.0919147  -9.68503  14113
               109.4   0.209204 -0.0463961  -0.370189   0.021141 -0.0157095  0.0125067    0.0119196 -0.000899369   0.00135456 -0.0105843 -0.0230896   0.043915   -0.002962 -0.00458244  -0.0046706 0.000610334  -0.0021534 -0.00372726 -0.00384392 -0.00561763 -0.00147308   1.55183 0.0919097  -9.68503  14165
               109.5  0.157187 -0.104694 -0.337379  0.0214183 -0.0147388   0.014219    0.0119776 -0.000928404   0.00136959 -0.0105836 -0.0230894  0.0439149 -0.00154223 -0.00176146 0.000443135 0.000641145 -0.00212058 -0.00374729 -0.00389316 -0.00574832 -0.00163766   1.55184 0.0919205  -9.68503  13936
               109.6   0.216295 -0.0306157  -0.372385  0.0213699 -0.0133262  0.0139616    0.0120443 -0.000927728    0.0013733  -0.010584 -0.0230894  0.0439142  -0.00058928   0.00119341 -0.000316963 0.000606817 -0.00216442 -0.00372676 -0.00390067 -0.00588105 -0.00161933   1.55184 0.0919327  -9.68503  14110
             109.699   0.106019 -0.0660155  -0.315816  0.0200493 -0.0147396  0.0138284    0.0119884 -0.000871728    0.0013538 -0.0105847 -0.0230886  0.0439127 -0.00421568 -0.00359913 0.000321884 0.000671271 -0.00214112  -0.0037616 -0.00377784 -0.00575868 -0.00161158   1.55183 0.0919217  -9.68503  14056
               109.8   0.269375 -0.0896634  -0.365236  0.0200708 -0.0152374  0.0136946    0.0119765 -0.000884649   0.00138093 -0.0105845 -0.0230891  0.0439136  -0.00380879    -0.005298 -0.000194848  0.00056848 -0.00212491 -0.00373003 -0.00379063 -0.00572532 -0.00159885   1.55183 0.0919183  -9.68503  14080
             109.899   0.236491 -0.0577599  -0.373043  0.0192418 -0.0149556  0.0142024    0.0120357 -0.000865003   0.00138201  -0.010585 -0.0230892  0.0439133 -0.00508703 -0.00486208  0.00237975 0.000595925 -0.00214161 -0.00372288 -0.00375578 -0.00583465 -0.00164556   1.55183 0.0919264  -9.68503  13998
                 110  0.272394 -0.104251 -0.369588   0.019096 -0.0139298  0.0156239    0.0121327 -0.000889908   0.00140163 -0.0105851  -0.023089  0.0439128 -0.00296508 -0.00319966  0.00473961  0.00057589 -0.00211483 -0.00372469 -0.00380095 -0.00600162 -0.00172766   1.55184 0.0919368  -9.68503  14205
               110.1  0.210631 -0.134254 -0.342951  0.0201213 -0.0117233  0.0166086    0.0122501 -0.000951861   0.00143083 -0.0105845 -0.0230895  0.0439139 0.000801976  0.00117704  0.00473224  0.00061572 -0.00209716 -0.00373916 -0.00391277 -0.00620632 -0.00176673   1.55185 0.0919516  -9.68503  13964
             110.199  0.252011 -0.123023 -0.349461   0.018087 -0.0136328   0.016118    0.0121634 -0.000857254   0.00139929 -0.0105848 -0.0230892  0.0439139 -0.00573374 -0.00611826  0.00290424 0.000594695 -0.00210159 -0.00373532  -0.0037361 -0.00605044 -0.00170365   1.55183 0.0919427  -9.68503  14229
               110.3  0.103807 -0.182496 -0.288275  0.0199296 -0.0154197  0.0190732    0.0121358 -0.000975148    0.0014337 -0.0105842 -0.0230933  0.0439107 0.00069689 -0.0105303 0.00751556 0.000678529 -0.00206922 -0.00377183 -0.00394914 -0.00598881 -0.00189197   1.55185 0.0919242  -9.68503  14072
             110.399  0.225399 -0.145724 -0.269729  0.0186183 -0.0161417  0.0180389    0.0121382 -0.000920784   0.00142262 -0.0105841 -0.0230927  0.0439102 -0.00389295   -0.011088  0.00293462  0.00060786 -0.00209275 -0.00378058 -0.00383865 -0.00601166  -0.0017626   1.55184 0.0919355  -9.68503  14132
             110.499  0.232826 -0.150823 -0.369513  0.0179012 -0.0169176  0.0178466    0.0121418 -0.000904791   0.00141813 -0.0105844 -0.0230932  0.0439101 -0.00614424  -0.0122057  0.00227086 0.000602497 -0.00209081  -0.0037209 -0.00380585 -0.00602396 -0.00173049   1.55184 0.0919386  -9.68503  14079
               110.6  0.282758 -0.049546 -0.245776  0.0152692 -0.0169818  0.0122943    0.0121356 -0.000823785   0.00137961 -0.0105799 -0.0230934  0.0439063 -0.00995941  -0.0114912    -0.01051 0.000573845 -0.00214868 -0.00379281  -0.0036399 -0.00611722 -0.00130545   1.55181 0.0919765  -9.68503  14089
             110.699   0.308183 -0.0986776  -0.399768  0.0178748 -0.0175159  0.0122225    0.0121515 -0.000965742   0.00142988  -0.010582 -0.0230861  0.0439062 0.000757158   -0.011857 -0.00809522 0.000563746 -0.00211841 -0.00370141 -0.00396316 -0.00617917 -0.00136491   1.55184 0.0919849  -9.68503  14179
               110.8   0.138287 -0.0371947  -0.288756  0.0183757 -0.0155815  0.0089597    0.012198 -0.00100706  0.00141321 -0.0105787 -0.0230839   0.043913  0.00380085 -0.00574082  -0.0153027 0.000670867 -0.00215853 -0.00377187 -0.00401576 -0.00634949 -0.00113552   1.55184 0.0920195  -9.68503  13822
             110.899  0.284851 -0.050736 -0.376951  0.0181184 -0.0159451 0.00821048    0.0122535 -0.000970092   0.00140371 -0.0105794 -0.0230843  0.0439127  0.00228952 -0.00679607  -0.0116236 0.000588614 -0.00214865 -0.00371692 -0.00391768 -0.00641672 -0.00126562   1.55183 0.0920122  -9.68503  14365
                 111   0.231825 -0.0201179  -0.356415  0.0188306 -0.0151668 0.00609848     0.012311 -0.000991046   0.00140951 -0.0105793 -0.0230843  0.0439133  0.00454265 -0.00473297   -0.012685  0.00062196 -0.00216675 -0.00372902 -0.00395799 -0.00655657 -0.00121773   1.55183 0.0920293  -9.68503  14004
               111.1   0.232517 0.00770756  -0.385091  0.0192733 -0.0164526 0.00592807    0.0122993 -0.000984246   0.00141045 -0.0105795 -0.0230844  0.0439132   0.0052294 -0.00887864  -0.0103241 0.000622496 -0.00218297 -0.00371198 -0.00394498 -0.00650882 -0.00130263   1.55183 0.0920186  -9.68503  14087
               111.2   0.130199 -0.0455255  -0.309071  0.0183772 -0.0164959 0.00928271    0.0123908 -0.000983196   0.00146298 -0.0105783 -0.0230861   0.043915  0.00146321 -0.00875921 -0.00296705 0.000688925 -0.00215009 -0.00376367 -0.00385214 -0.00652129 -0.00156222   1.55183 0.0919941  -9.68503  13935
             111.299  0.177688 -0.066388 -0.252952  0.0167437 -0.0188964  0.0103026    0.0123924 -0.000891156   0.00143086 -0.0105784 -0.0230837  0.0439171 -0.00400247  -0.0128182 0.000345159 0.000660424 -0.00213969 -0.00379695 -0.00367715 -0.00647197 -0.00167492  1.55182 0.091979 -9.68503  13998
             111.399   0.196656 -0.0344166  -0.329539  0.0152025 -0.0177111 0.00979012    0.0124912 -0.000846456   0.00141203 -0.0105791 -0.0230841   0.043917 -0.00617301 -0.00786318 -0.00164714 0.000651361 -0.00215839 -0.00374713 -0.00357956 -0.00665818 -0.00163992   1.55181 0.0919945  -9.68503  13899
               111.5  0.155435 -0.107923 -0.344871  0.0175902 -0.0186928  0.0122912    0.0124843 -0.000951994   0.00146336  -0.010578 -0.0230831   0.043914  0.00247659 -0.00884843  0.00468678 0.000678421 -0.00211638 -0.00373548 -0.00382088 -0.00666433  -0.0018221  1.55184 0.091992 -9.68503  14114
             111.599   0.288614 -0.0303875  -0.487588  0.0154438 -0.0191348  0.0111169    0.0125007 -0.000872304   0.00142531 -0.0105786 -0.0230891  0.0439122 -0.00348354 -0.00993893 0.000405359 0.000596518 -0.00216304 -0.00365182 -0.00362579 -0.00669447 -0.00171542   1.55182 0.0919948  -9.68503  14009
               111.7   0.189209 -0.0523525   -0.36099  0.0141744 -0.0222833  0.0102129     0.012432 -0.000844822    0.0014127 -0.0105798 -0.0230885  0.0439114 -0.00545998  -0.0172535 -0.00130821 0.000659231  -0.0021499 -0.00372637  -0.0035492 -0.00654334 -0.00164585   1.55181 0.0919838  -9.68504  14110
               111.8    0.14597 -0.0874055  -0.342306  0.0167228 -0.0171557 0.00827782    0.0126543 -0.000970656   0.00142023  -0.010574 -0.0230908  0.0439199  0.00562101 0.000680002  -0.0058165 0.000690485 -0.00212855 -0.00373329 -0.00380962 -0.00705456 -0.00151219   1.55182 0.0920356  -9.68503  14073
               111.9  0.122195 -0.127428 -0.272409  0.0154183 -0.0158828  0.0122987    0.0127349 -0.000866741   0.00140987 -0.0105711 -0.0230889  0.0439216 -0.00204319   0.0028681  0.00384597 0.000704509 -0.00210685 -0.00377474 -0.00363515 -0.00716858 -0.00184139   1.55183 0.0920287  -9.68503  14034
                 112 0.0175406 -0.119644 -0.274944  0.0156145 -0.0147187  0.0130718    0.0127774 -0.000866019   0.00141822 -0.0105701 -0.0230899  0.0439236 -0.00114483  0.00598196  0.00512564 0.000766997 -0.00211084   -0.003773 -0.00365352  -0.0072579 -0.00189096   1.55183 0.0920338  -9.68503  13905
               112.1  0.04945  -0.1526 -0.22113   0.016594 -0.0123838   0.015968    0.0128475 -0.000901684   0.00141901 -0.0105674  -0.023092  0.0439235 0.000881164   0.0122008   0.0112978 0.000751096 -0.00209123 -0.00380398 -0.00375058 -0.00741538  -0.0020648   1.55185 0.0920399  -9.68503  13876
             112.199  0.0310414 -0.0432952  -0.285339  0.0172558 -0.0124435  0.0091177   0.0127828 -0.00096373  0.00141737  -0.010563 -0.0230893  0.0439251  0.00500077   0.0101559 -0.00593117 0.000758212 -0.00215721 -0.00376328 -0.00382643  -0.0072782 -0.00148747   1.55183 0.0920479  -9.68503  14003
             112.299   0.0128096 -0.00912221   -0.257768  0.0190159 -0.0125088  0.0043362    0.0127098 -0.000978008   0.00141824 -0.0105611 -0.0230892  0.0439261  0.0107136  0.0061837 -0.0141817 0.000764912 -0.00217586 -0.00377839 -0.00387116 -0.00710525 -0.00123479   1.55183 0.0920375  -9.68503  13734
             112.399   0.104244 -0.0205308  -0.331297  0.0161732 -0.0167294 0.00558692    0.0125839 -0.000790642   0.00138806 -0.0105571 -0.0230923  0.0439311 0.000228464  -0.0065778 -0.00906361 0.000713047  -0.0021678 -0.00373419  -0.0035555 -0.00676717 -0.00140542   1.55183 0.0919958  -9.68503  13846
             112.499  0.0443134 -0.0600938  -0.284928  0.0171605 -0.0161944 0.00794029    0.0125928 -0.000823994   0.00139668 -0.0105571 -0.0230916  0.0439307  0.00326214 -0.00345909 -0.00329682 0.000745831 -0.00214376 -0.00376253  -0.0036287 -0.00685806 -0.00162522   1.55184 0.0920103  -9.68503  13656
               112.6  0.264924 -0.108704 -0.304343   0.015892 -0.0160952  0.0104915   0.0126139 -0.00076558  0.00137416 -0.0105563 -0.0230885  0.0439314 -0.00228869   -0.003837  0.00265694 0.000617464 -0.00211407 -0.00374869 -0.00349561 -0.00690473 -0.00182299   1.55183 0.0920118  -9.68503  13834
               112.7 -0.0886545 -0.0393756  -0.217944  0.0167855 -0.0149101 0.00984873    0.0126612 -0.000827202   0.00137141 -0.0105551 -0.0230892  0.0439355   0.00257165  0.000672772 -8.98777e-05 0.000822761 -0.00215436 -0.00379933 -0.00358756 -0.00702174 -0.00176751  1.55183 0.092025 -9.68503  13478
               112.8 0.0611802 -0.154416  -0.35129  0.0195576 -0.0136554  0.0115124     0.012648 -0.000914199   0.00137644 -0.0105561 -0.0230865   0.043932  0.0098571 0.00555357 0.00304788  0.00073764 -0.00208578 -0.00371756  -0.0037933 -0.00710125 -0.00186919   1.55185 0.0920467  -9.68503  13503
               112.9   0.127053 0.00758867  -0.303603  0.0184324 -0.0115999  0.0122232    0.0127467 -0.000876306   0.00130676  -0.010557 -0.0230852  0.0439278 0.00582852 0.00996691  0.0040959 0.000698685 -0.00218408  -0.0037459 -0.00367579 -0.00724737 -0.00191883   1.55183 0.0920525  -9.68503  13350
             113.001   0.139858 -0.0815559   -0.30457  0.0201483 -0.0118016  0.0157351    0.0126694 -0.000879726   0.00132535 -0.0105567 -0.0230839  0.0439283 0.00888906 0.00632035  0.0113563 0.000695073 -0.00213119 -0.00374519 -0.00376847 -0.00715672 -0.00212582   1.55185 0.0920572  -9.68503  13416
               113.1  0.147769  -0.13029 -0.398708  0.0169655 -0.0134478  0.0210531    0.0126033 -0.000665371   0.00130759 -0.0105538 -0.0230873  0.0439313 -0.00643354 -0.00190541    0.018873 0.000692766 -0.00210234 -0.00368819 -0.00337784 -0.00697161  -0.0023669   1.55185 0.0920289  -9.68503  13327
             113.201  0.175957 -0.179437  -0.39504  0.0163303 -0.0171617  0.0258529    0.0124595 -0.000627766   0.00133596 -0.0105522 -0.0230865   0.043932 -0.00806155  -0.0124155   0.0235994 0.000675203 -0.00207384 -0.00368882 -0.00337778 -0.00671401 -0.00254873   1.55187 0.0920135  -9.68503  13615
               113.3 0.069335 -0.34552 -0.35119  0.0179738 -0.0171652    0.02815    0.0124804 -0.000726174    0.0013538 -0.0105516 -0.0230878  0.0439286 -0.00417366 -0.00880057   0.0240495 0.000739744 -0.00197899 -0.00371444 -0.00357807 -0.00679622  -0.0025568   1.55188 0.0920268  -9.68502  13406
             113.401  0.146053 -0.196312 -0.418164  0.0173076 -0.0169287  0.0257505   0.0125644 -0.00073985  0.00135066  -0.010551 -0.0230881  0.0439292 -0.00541111 -0.00535563   0.0138168 0.000694916 -0.00206521 -0.00367469 -0.00358374 -0.00688157 -0.00222377   1.55187 0.0920277  -9.68502  13704
               113.5 0.0617467 -0.221925 -0.403605  0.0176227 -0.0155581  0.0233471    0.0126654 -0.000770114   0.00135449 -0.0105502  -0.023087  0.0439317 -0.00420593 0.000704401  0.00589548 0.000744897 -0.00205298 -0.00368268 -0.00366359  -0.0070183 -0.00197732  1.55187 0.092035 -9.68502  13529
             113.601 0.0663794 -0.297716  -0.33597   0.017545 -0.0150573  0.0245799    0.0126763 -0.000791809   0.00136665 -0.0105497 -0.0230877  0.0439317 -0.00549337  0.00278448  0.00719391 0.000740929 -0.00200803 -0.00372158 -0.00370786 -0.00705029 -0.00201784   1.55188 0.0920372  -9.68502  13651
               113.7  0.209284 -0.225887 -0.346164  0.0191985 -0.0147559  0.0245949    0.0126902 -0.000865622   0.00139892 -0.0105493 -0.0230895  0.0439337 -0.00119461  0.00301881  0.00574384 0.000656892 -0.00205302 -0.00371615 -0.00387818 -0.00706845 -0.00198969   1.55189 0.0920354  -9.68502  13774
               113.8  0.170145 -0.112351 -0.373835 0.0148414  -0.01538 0.0219197   0.0126496 -0.00066292  0.00130357 -0.0105466 -0.0230902  0.0439231    -0.014323 -0.000923813 -0.000534313 0.000679143 -0.00211545 -0.00369906 -0.00350946 -0.00697847 -0.00177072   1.55187 0.0920356  -9.68503  13578
             113.901  0.210051 -0.195488 -0.360526  0.0155144 -0.0153886  0.0199846    0.0126694 -0.000702868    0.0013332 -0.0105464 -0.0230911  0.0439232 -0.00826289 -0.00164589 -0.00569378 0.000658203 -0.00206352  -0.0037053 -0.00365955 -0.00698828 -0.00162915   1.55189 0.0920329  -9.68502  13635
             113.999   0.216365 -0.0617227  -0.389176  0.0147092 -0.0160717  0.0175793    0.0126725 -0.000713534   0.00134168 -0.0105457 -0.0230909  0.0439241 -0.00601492 -0.00537671  -0.0101541 0.000656189 -0.00214238 -0.00368559 -0.00372262 -0.00698175 -0.00155052   1.5519 0.092032 -9.68502  13251
               114.1  0.105511 -0.209827 -0.315342  0.0188121 -0.0160781  0.0183032    0.0126891 -0.000867794   0.00139678 -0.0105455 -0.0230945  0.0439195  0.00655855  -0.0043646 -0.00733534 0.000725766 -0.00205699 -0.00372635 -0.00409627 -0.00703882  -0.0016598   1.55192 0.0920303  -9.68502  13521
             114.201 0.0352125 -0.152657 -0.347292  0.0175247 -0.0151649  0.0176257    0.0127227 -0.000816319   0.00137326 -0.0105458 -0.0230948  0.0439211  0.00256354 -0.00124941 -0.00726017 0.000773134  -0.0020918 -0.00370463 -0.00398136 -0.00711025 -0.00162846   1.55192 0.0920379  -9.68502  13192
               114.3 0.0859798 -0.237388 -0.333777  0.0195933 -0.0130597  0.0192811    0.0127857 -0.000896133   0.00138118 -0.0105448 -0.0230957  0.0439195  0.00544006  0.00622027 -0.00253196 0.000747079 -0.00204329 -0.00371282 -0.00413273 -0.00728988 -0.00183593   1.55192 0.0920469  -9.68502  13398
             114.401  0.099928 -0.118075  -0.39243  0.0208095 -0.0129597  0.0181614    0.0127711 -0.000911017   0.00139195 -0.0105443 -0.0230951  0.0439202  0.00665719  0.00528376 -0.00446198 0.000741221 -0.00211298 -0.00367669 -0.00419192 -0.00724835 -0.00177791   1.55193 0.0920443  -9.68502  13405
             114.501  0.111649 -0.163182 -0.367589  0.0198366 -0.0125452  0.0158247    0.0127677 -0.000849173   0.00137266 -0.0105442 -0.0230956  0.0439204  0.00200762  0.00182153 -0.00875314 0.000727362 -0.00208181 -0.00368889 -0.00405636 -0.00722358 -0.00165285  1.55192 0.092044 -9.68502  13078
             114.601   0.242482 -0.0287443  -0.350215  0.0189881 -0.0125435  0.0168132    0.0127594 -0.000828937   0.00136062 -0.0105456 -0.0230938  0.0439195 -0.00118753  0.00114032 -0.00559042 0.000648222 -0.00215973  -0.0036981 -0.00397611 -0.00720203 -0.00178277   1.55191 0.0920415  -9.68502  13058
               114.7 -0.0272791 -0.0438401  -0.339889  0.0174147 -0.0127168  0.0128806    0.0127625 -0.000768348   0.00133027 -0.0105448 -0.0230909  0.0439187 -0.00348793 0.000610598  -0.0126699  0.00080796 -0.00214922 -0.00370184 -0.00385074 -0.00717637   -0.001556   1.55191 0.0920409  -9.68502  12728
               114.8   0.344025 -0.0618316  -0.283361  0.0182043 -0.0123389   0.015114    0.0127744 -0.000803383   0.00132628 -0.0105447 -0.0230885  0.0439179 -0.000302565 -0.000682211  -0.00573224  0.00059538 -0.00213793 -0.00373399 -0.00394309 -0.00721275 -0.00178195   1.55191 0.0920424  -9.68502  12947
             114.901   0.0129516 -0.00944242   -0.322892  0.0164401 -0.0146107  0.0146267    0.0127107 -0.000745212   0.00133696 -0.0105446 -0.0230897  0.0439137 -0.00509514 -0.00784269 -0.00520341 0.000789841 -0.00216758 -0.00371168  -0.0037946 -0.00704892 -0.00179166    1.5519 0.0920287  -9.68502  12695
             115.001  0.107197 -0.158347 -0.236882  0.0170957 -0.0147053  0.0152932    0.0127127 -0.000772172   0.00133452 -0.0105447 -0.0230915  0.0439117 -0.00233433 -0.00728076 -0.00397303 0.000734243 -0.00207978 -0.00376314 -0.00386879   -0.007067 -0.00184493   1.55191 0.0920306  -9.68502  12936
             115.101  0.0225149 -0.0919517  -0.277054  0.0168244 -0.0134966  0.0133639    0.0127884 -0.000794778   0.00133145 -0.0105454  -0.023091  0.0439133  -0.00166286 -0.000198549  -0.00700033 0.000792071 -0.00211671 -0.00373761 -0.00389444 -0.00725199 -0.00176677    1.5519 0.0920465  -9.68502  12534
             115.201  0.163865 -0.174998 -0.296682  0.0187606 -0.0122567  0.0193272   0.0128282 -0.00084724  0.00146009 -0.0105443 -0.0230921   0.043908 0.00138287 0.00160816 0.00460115 0.000684165 -0.00204893 -0.00372466 -0.00405584 -0.00736582 -0.00216334  1.55192 0.092053 -9.68502  12923
             115.301  0.260919 0.0223525 -0.320517   0.0191147 -0.00978057   0.0203072    0.0128967 -0.000866033   0.00145382 -0.0105458 -0.0230918  0.0439049 0.00262315 0.00411017 0.00432209 0.000631388 -0.00216271  -0.0037095 -0.00407043 -0.00754981 -0.00217758  1.55191 0.092068 -9.68502  12560
             115.401  0.218165 -0.164323 -0.377003  0.0190421 -0.0122184  0.0216458    0.0128336 -0.000843955   0.00143289 -0.0105435 -0.0230919  0.0439065  0.00196327 -0.00564439  0.00572048 0.000653921 -0.00205642 -0.00367648 -0.00404024 -0.00735895 -0.00222701   1.55192 0.0920506  -9.68502  12692
             115.501   0.106351 -0.0459085  -0.409433  0.0194432 -0.0133747  0.0192564    0.0128003 -0.000849874    0.0014261 -0.0105423 -0.0230904   0.043906   0.00383136  -0.00834607 -0.000128186 0.000714607 -0.00212524 -0.00365764 -0.00406143 -0.00729753 -0.00204356   1.55192 0.0920515  -9.68502  12588
             115.601  0.136864 -0.165184 -0.438165  0.0193523 -0.0139326  0.0199808    0.0128192 -0.000837158   0.00143381 -0.0105422 -0.0230907  0.0439067  0.00162347 -0.00713722   0.0018349 0.000698766 -0.00205547 -0.00364165 -0.00402029 -0.00733509   -0.002091   1.55192 0.0920516  -9.68502  12328
             115.701  0.0568694 -0.0645943  -0.385278 0.0184376 -0.016236 0.0148092   0.0127444 -0.00081525  0.00142632  -0.010542 -0.0230877  0.0439043 -0.000254814   -0.0109947  -0.00868259 0.000747081 -0.00211357 -0.00367232 -0.00395089  -0.0072053  -0.0017366   1.55191 0.0920521  -9.68502  12037
               115.8 0.0457899 -0.214067 -0.448892  0.0172475 -0.0180252  0.0195905    0.0127421 -0.000783899   0.00142258 -0.0105387 -0.0230903  0.0439058 -0.00665003  -0.0126007  0.00208824 0.000758327 -0.00202849 -0.00363278 -0.00384926 -0.00716465 -0.00211782  1.55191 0.092039 -9.68502  11683
             115.901  0.079163 -0.303651 -0.326072  0.0175825 -0.0175054  0.0259128    0.0128331 -0.000820422   0.00141713 -0.0105313 -0.0230919  0.0439045 -0.00742998 -0.00911495   0.0139592 0.000743709 -0.00197602 -0.00370245 -0.00392287 -0.00731772 -0.00253135   1.55192 0.0920391  -9.68502  11288
             116.001 0.0665375 -0.245142 -0.253588  0.0148117 -0.0156442  0.0289881    0.0129242 -0.000758495    0.0013964 -0.0105272 -0.0230887  0.0439039 -0.0168937 0.00111605  0.0175037 0.000746391 -0.00201332 -0.00374444 -0.00377269 -0.00751406  -0.0026557   1.55192 0.0920552  -9.68502  10696
             116.101  0.247904 -0.279658  -0.28309  0.0153054 -0.0130502  0.0344039    0.0130205 -0.000827589   0.00137464 -0.0105226 -0.0230846   0.043896 -0.0168942  0.0047345  0.0274356 0.000633578 -0.00199368 -0.00372251 -0.00381746 -0.00773009 -0.00300095   1.55192 0.0920653  -9.68502  10121
             116.201  0.169179 -0.283988 -0.283357  0.0120964 -0.0126727   0.035888     0.013014 -0.000772392   0.00136627 -0.0105229 -0.0230844  0.0438959 -0.0235954 0.00394598  0.0245312 0.000681425  -0.0019872  -0.0037226 -0.00369962 -0.00771936 -0.00292138   1.55191 0.0920678  -9.68502  9856
             116.301  0.394801 -0.315935 -0.265004  0.0117914 -0.0115486  0.0391246    0.0130466 -0.000846324   0.00137784 -0.0105225 -0.0230841  0.0438935  -0.021238 0.00363225  0.0263728 0.000554798 -0.00196425 -0.00373537 -0.00387332 -0.00780154 -0.00298004   1.55193 0.0920716  -9.68502  9741
             116.401  0.369183 -0.293901 -0.224555 0.00862313 -0.0133987  0.0418206    0.0129782 -0.000857753   0.00138695 -0.0105223 -0.0230849  0.0438952  -0.0230425 -0.00790542   0.0203742 0.000566653 -0.00197984 -0.00375613 -0.00396674 -0.00768419  -0.0028578   1.55194 0.0920684  -9.68501  9520
             116.501  0.357691 -0.294116 -0.207191  0.0088958 -0.0153089  0.0386843    0.0128963 -0.000859228   0.00140168 -0.0105214 -0.0230854  0.0438966 -0.0185549 -0.0144367  0.0112885 0.000583208 -0.00197696 -0.00376479  -0.0041591 -0.00761283   -0.002526   1.55198 0.0920849  -9.68501  9677
               116.6  0.556292 -0.194454  -0.21585 0.00756083 -0.0152519  0.0375836     0.012935 -0.000855696   0.00140571 -0.0105206 -0.0230868  0.0438956 -0.0195357  -0.017431 0.00939147 0.000473022 -0.00203549 -0.00375907 -0.00419308 -0.00773687 -0.00238997   1.55199 0.0921036  -9.68501  9205
             116.701  0.678953 -0.102727 -0.168867 0.00892044 -0.0140367  0.0278931     0.012862 -0.000775626   0.00142869 -0.0105134 -0.0230954  0.0438974 -0.00928953  -0.0175821 -0.00878639 0.000397739 -0.00209369 -0.00378626 -0.00431949 -0.00784021 -0.00179626   1.55204 0.0921652    -9.685  9478
             116.801  0.670857 -0.104759  -0.18031 0.00951378 -0.0119441   0.025739    0.0129514 -0.000823021   0.00147221 -0.0105135 -0.0230958   0.043897 -0.00783112  -0.0141378 -0.00870582 0.000385008 -0.00210505 -0.00377926 -0.00440246 -0.00806899 -0.00170647   1.55204 0.0921936    -9.685  9289
               116.9   1.02538 -0.282108 -0.760884 0.00697311 -0.0139169  0.0309367   0.0130906 -0.00112596  0.00162982 -0.0105169 -0.0230819  0.0438918 -0.0777971 -0.0298609  0.0733677 0.000119721 -0.00218263 -0.00415587 -0.00454146 -0.00819503 -0.00193345   1.55201 0.0921776    -9.685  9580
             117.001  0.664983 -0.268129  -1.43678  0.00662615 -0.00867163   0.0217057   0.0138228 -0.00121382  0.00347764 -0.0105775  -0.023037   0.043903   -0.13131 -0.0347566   0.116977 0.000512905 -0.00288836 -0.00428492 -0.00478216 -0.00843391 -0.00117693   1.55207 0.0922317  -9.68499  9018
             117.099  1.79079 -2.62081 -2.65123   0.0119074 -0.00432837   0.0224234   0.0156558 -0.00612398  0.00659516 -0.0107558 -0.0227585  0.0433969 -0.0811241 -0.0349981    0.17324 0.000611692 -0.00390185 -0.00411048  -0.00540039  -0.00867665 -0.000575201  1.55183 0.092143 -9.68503  9123
               117.2  3.18762 -6.74141 -6.15164  -0.0105876 -0.00954746   0.0652073  0.0145938  0.0161403 0.00876395 -0.0107847 -0.0234311  0.0440919 -0.0541202 -0.0516019   0.266622 0.000632793 -0.00171991 -0.00456721 -0.00541644 -0.00814699 -0.00085532   1.55347 0.0929942  -9.68476  8509
               117.3  3.75885 -6.35735 -7.65841 -0.0316718  -0.011527     0.0864  0.0120755  0.0303358 0.00685781 -0.0107942 -0.0237629  0.0443837   -0.12451 -0.0139871   0.351059 0.000446755 -0.00189538 -0.00473482   -0.0056324  -0.00755483 -0.000896172   1.55446 0.0940875  -9.68459  8673
             117.401  3.73271 -5.94945 -9.58446 -0.0520025 -0.0121073   0.127601 0.00782363  0.0344888 0.00686231 -0.0108106 -0.0238563  0.0443573 -0.138334 0.0125834  0.450082 -0.000271706  -0.00233288  -0.00435159  -0.00561912  -0.00709034 -0.000528336   1.55477 0.0951769  -9.68453  8433
               117.5  2.59664 -5.83122 -10.4978 -0.0621832 -0.0121154   0.144418 0.00445698  0.0279345  0.0124772 -0.0108655 -0.0237915  0.0442898 -0.118384 0.0099643  0.440092 -0.000723111  -0.00241538  -0.00389306 -0.00398566 -0.00604543  0.00133234   1.55524 0.0964186  -9.68444  8539
               117.6 0.959984 -6.13856 -10.3065 -0.0782481 -0.0113432   0.180559 0.00136719  0.0332098 0.00678684 -0.0108525  -0.023718  0.0442381  -0.140063 -0.0138989   0.452497 -0.000440702   -0.0025947   -0.0037029 -0.00375697  -0.0051692  0.00162331   1.55599 0.0979466  -9.68431  8336
             117.701 -0.181536  -5.78187  -10.1176 -0.0901803 -0.0147114   0.199147 -0.00573244   0.0358212  0.00786959 -0.0108787 -0.0235907  0.0440838  -0.139782 -0.0357151   0.458098 0.000211606  -0.0031685 -0.00353391 -0.00381509 -0.00418676  0.00190827  1.55601 0.099889 -9.68428  8037
               117.8 0.459955 -6.99745 -9.66293  -0.0968384 -0.00425963     0.21789 0.00921276  0.0459652 -0.0222737 -0.010609 -0.023546  0.044208  -0.113378 -0.0138901   0.446698 -1.80039e-05  -0.00282443  -0.00343577 -0.000992527  -0.00351557    0.0027916   1.56041 0.0996048  -9.68358  8173
               117.9   0.6969 -8.70531 -7.66189  -0.128848 0.00230156   0.269765 0.000776403   0.0607821  -0.0578057  -0.01027  -0.02291 0.0442451  -0.123037 -0.0565002   0.336811 -0.000213917  -0.00296453  -0.00333792  0.00428568 0.000739496  0.00459879  1.56686 0.106827 -9.68246  8985
             118.001 -0.0656171   -8.58217   -7.00011   -0.153688 -0.00792593    0.306302 -0.0134281  0.0654277 -0.0519284 -0.0103113 -0.0226033  0.0442202 -0.131733 -0.115874   0.28883 0.000322741 -0.00337198 -0.00329912  0.0036989 0.00312029 0.00426079  1.56629 0.111281  -9.6825  9894
               118.1 -1.22629 -8.52448 -6.44962  -0.177497 -0.0143114   0.336742 -0.0244917   0.075403 -0.0583171 -0.0102348 -0.0223791  0.0441733  -0.13613 -0.114878  0.273336  0.00107285 -0.00348389  -0.0035049 0.00369037 0.00513767 0.00385512  1.56716 0.115515 -9.68231  10296
             118.201 -1.87808 -9.70666 -6.36023  -0.189661 -0.0152105   0.368194 -0.0216829  0.0878634 -0.0902623 -0.0101318  -0.022426  0.0442175  -0.115192 -0.0800429   0.242743  0.00116819 -0.00283801 -0.00354375 0.00468068 0.00391034 0.00378918  1.57025 0.115318 -9.68181  10755
             118.301 -4.06154 -9.82861 -6.53279  -0.197516 -0.0196335   0.374596 -0.0259712  0.0790208 -0.0905781  -0.010144 -0.0223522  0.0442406 -0.0756008 -0.0464664   0.198137  0.00215914  -0.0030392 -0.00363727 0.00759017 0.00425751 0.00487875  1.57153 0.116427 -9.68159  11072
             118.401 -4.52113 -10.0667 -6.53724  -0.201458 -0.0175766   0.396792 -0.0246357  0.0847565  -0.106279 -0.0101621  -0.022384  0.0442674 -0.0053291  0.0119021    0.14857  0.00195705 -0.00259856  -0.0039323 0.00752939  0.0035094 0.00474128   1.5725 0.116143 -9.68144  11450
             118.499 -7.38119 -10.1426 -7.17934  -0.203353 -0.0210995   0.414971 -0.0227612  0.0836913 -0.0842485 -0.0101286 -0.0224819  0.0441614 0.0113939 0.0567644 0.0985151  0.00243117 -0.00161651 -0.00346777 0.00532428 0.00427503 0.00411135  1.57014 0.115632 -9.68183  11513
             118.601 -7.39631   -9.262 -7.08915  -0.211179 -0.0118256   0.417715  -0.032387   0.076547 -0.0847075 -0.0101079 -0.0225416  0.0441053 -0.0247425  0.0777677  0.0315989  0.00148664 -0.00155089 -0.00346635 0.00778143 0.00498461 0.00456002  1.57078 0.118176 -9.68169  11892
               118.7 -9.94356 -8.64377 -7.66942   -0.214136 -0.00317842    0.427354 -0.0316486  0.0876269 -0.0929491 -0.0101786   -0.02259  0.0441358 0.00968959   0.105639  0.0340053  0.00233063 -0.00229154 -0.00330144 0.00545345 0.00554632 0.00377703  1.57029 0.118929 -9.68176  12280
               118.8 -11.0434 -8.80491 -6.86941 -0.224517 0.0120406  0.442308 -0.0409664  0.0902093 -0.0836565 -0.0102318 -0.0227101  0.0440547 0.0438969  0.165056 0.0898447  0.00224253 -0.00248011 -0.00372521 0.00459064 0.00764283 0.00307402  1.56907 0.122519 -9.68192  12384
             118.901 -11.3108 -9.57595  -6.8005 -0.228872 0.0269239  0.468963 -0.0403536   0.109041 -0.0867933 -0.0102874 -0.0227969  0.0440452 0.024803   0.1931 0.153531  0.00240751 -0.00291607 -0.00378764 6.32839e-05  0.00996579  0.00148068  1.56745 0.124953 -9.68215  12578
                 119 -11.5086 -14.4012 -6.27943 -0.233314 0.0548812  0.522556 -0.0365357   0.127587 -0.0675386 -0.0101649 -0.0227875  0.0440727 0.0430614  0.270086  0.210025  0.00281466 -0.00369304 -0.00501118  -0.00702607    0.0142537 -0.000647782  1.56345 0.127645 -9.68276  12358
               119.1 -13.3035 -15.2944 -11.0805 -0.242328 0.0623009  0.543151 -0.0469248   0.114743  0.0107492 -0.00980499    -0.02314   0.0442324 0.134315 0.228451 0.094438  0.00220981 -0.00351474 -0.00443953  -0.00820254    0.0169262 -0.000992347  1.55959 0.129127 -9.68336  12175
             119.201 -12.9957 -16.2059 -10.3556 -0.253953 0.0628012  0.549874 -0.0501109   0.116082  0.0441857 -0.00970835   -0.023377   0.0443943  0.107339  0.225303 0.0744111  0.00191806 -0.00283079 -0.00499336 -0.00966046   0.0190382 -0.00149591  1.55799 0.130669  -9.6836  12025
               119.3 -12.0548 -16.1192 -13.9706 -0.247554 0.0898025  0.570245 -0.0540908   0.107573   0.140984 -0.00938009  -0.0236028   0.0444688  0.106197  0.233812 0.0175944  0.00123961 -0.00213169 -0.00420342  -0.0136121   0.0244867 -0.00262298   1.5522 0.133326 -9.68449  12138
               119.4 -12.8511  -17.285 -13.8974   -0.2428 0.0956971  0.580282 -0.0540612  0.0938314    0.21195 -0.00926224  -0.0236362   0.0445947    0.113074    0.218284 -0.00410932  0.00181004 -0.00263238 -0.00392103   -0.016039   0.0273696 -0.00311225  1.54742 0.133477 -9.68526  12258
             119.499 -13.3849 -17.6976 -13.9171 -0.236155 0.0999105  0.583378 -0.0553839  0.0756831   0.278938 -0.0092621 -0.0236601  0.0446783   0.156203   0.241667 -0.0257162  0.00260028 -0.00301358 -0.00362672  -0.0172724   0.0292968 -0.00325397  1.54308 0.133109 -9.68595  12163
               119.6 -15.2521 -16.0014 -15.1599 -0.228787  0.130806  0.569218 -0.066928  0.056108  0.327009 -0.00924078  -0.0236054   0.0444914    0.18249   0.347881 -0.0840279  0.00275104  -0.0027984 -0.00389553  -0.0146331   0.0296031 -0.00259113   1.5421 0.133855  -9.6861  11981
               119.7 -17.8502 -14.7422 -17.3374 -0.223816  0.157682  0.573839 -0.0654278   0.054586   0.389191 -0.00924936  -0.0235804   0.0441798   0.154927   0.459358 -0.0606907   0.0028516 -0.00212213 -0.00401158  -0.0198593   0.0355769 -0.00379175  1.53658 0.137366 -9.68693  11979
             119.799 -19.8308 -13.8067 -19.8783 -0.226693  0.188802  0.566528 -0.0803201  0.0138969   0.489434 -0.00898991  -0.0234222   0.0437081  0.0958309    0.57009 -0.0664978  0.00235871 -0.00219818 -0.00399036  -0.0188051   0.0368111 -0.00330106  1.53051 0.137666 -9.68788  12368
               119.9 -17.4701 -14.2431 -20.7096 -0.243415  0.162212   0.57134 -0.0911156 -0.0203076   0.578181 -0.0087067 -0.0234317  0.0435054  0.0324657   0.471153 -0.0668076 0.000999621 -0.00208899 -0.00361666  -0.0196512   0.0389263 -0.00329006  1.52373  0.13846 -9.68894  12069
                 120 -20.8139 -16.1873 -24.7765 -0.235809   0.20344  0.552404   -0.09524 -0.0559324   0.609787 -0.00848027  -0.0231729    0.043447 0.0410871  0.435477 -0.127159 0.000500043 -0.00186693 -0.00472686  -0.0166524   0.0333289 -0.00221537  1.52081 0.132295 -9.68948  12136
               120.1 -25.1426 -18.9109 -37.7737 -0.242213  0.245078  0.569542 -0.0700218 -0.0294004   0.629589 -0.00799568  -0.0229944     0.04321 -0.0780359   0.199506 -0.0314444  0.00100598 -0.00135483  -0.0054343  -0.0309229   0.0460418 -0.00537197  1.51145 0.139689 -9.69085  11770
               120.2 -26.5832 -18.9025 -45.8656 -0.247058  0.250352  0.561002 -0.0710403 -0.0490576   0.626975 -0.00784562  -0.0225647   0.0432836 -0.0814435  0.0801568  -0.089481  0.00133144 -0.00113132 -0.00567579  -0.0303199   0.0413896 -0.00498778  1.50883 0.135118 -9.69132  12317
               120.3 -26.6864 -18.6567 -46.3027 -0.246741  0.243519  0.566017 -0.0647638 -0.0514847   0.627054 -0.00774072  -0.0223695   0.0433013 -0.0778659  0.0513394 -0.0869523  0.00127039 -0.00111377 -0.00581099  -0.0330563   0.0422623 -0.00548389  1.50581 0.134768 -9.69179  12326
               120.4 -27.4843 -11.7567 -58.5767 -0.24899 0.249155 0.553885 -0.0302235 -0.0154812   0.603426 -0.00809593   -0.022427   0.0433437 0.0536927  0.044677 -0.199643   0.0017595 -0.00101551 -0.00630008  -0.0390958   0.0500341 -0.00690364   1.5061 0.137246 -9.69171  12496
               120.5 -26.5433 -8.11252  -64.234 -0.238997   0.23242  0.557235  0.0167853 -0.0208937   0.601023 -0.00840369  -0.0221787    0.044147  0.140813 0.0548529 -0.234501   0.00237413 -0.000965642  -0.00597807  -0.0550858    0.060616 -0.00973386  1.48977 0.139303 -9.69421  12157
               120.6 -26.3167 -5.54666 -66.9081 -0.230614  0.229552  0.549448  0.0385656 -0.0208716   0.609996 -0.00863006  -0.0221546   0.0443879  0.121112 0.0781803 -0.263879  0.00252739 -0.00112362 -0.00612484 -0.0626882  0.0684894 -0.0111308   1.4824 0.142973 -9.69528  11885
               120.7 -25.4544 -4.76368 -69.5817 -0.222575  0.236303  0.518233  0.0349343 -0.0281129   0.609574 -0.00873355  -0.0222592    0.044403 0.0406208  0.100324 -0.308752  0.00178497 -0.00171082 -0.00641427 -0.0640452  0.0672016 -0.0113169  1.47983 0.142315 -9.69569  11386
               120.8 -25.5006 -3.61088 -71.5456 -0.21328 0.225617 0.476624  0.0169928 -0.0833255   0.571199 -0.00903581  -0.0227049   0.0445766 0.00893756   0.061336  -0.392378  0.00125273 -0.00212521 -0.00626206 -0.0688988   0.050895 -0.0115785  1.46565 0.130138 -9.69801  10793
               120.9 -25.7841 -3.59343 -72.0658 -0.212703  0.216496  0.468874 0.0191429 -0.110572  0.553593 -0.00924421  -0.0228665   0.0446679 0.00241216  0.0408813  -0.409135  0.00135198 -0.00205368 -0.00611189 -0.0737254  0.0470141  -0.012159  1.45631 0.126284 -9.69947  9661
                 121 -26.1333 -3.83735 -77.7399 -0.208864   0.22223  0.392801 0.0540408 -0.107146   0.51965 -0.00932558  -0.0229571   0.0445339 -0.0143276  0.0921454  -0.376899 0.000829409 -0.00192403  -0.0060424 -0.0788601  0.0463668 -0.0130715  1.45189 0.120562  -9.7002  8868
               121.1 -25.5885 -4.88338 -80.0084 -0.19588 0.221625 0.354521 0.0630767 -0.109057  0.480775 -0.00943123  -0.0231638   0.0442794 -0.0135511  0.0586312   -0.26603 0.000955049 -0.00167043 -0.00622413 -0.079736 0.0335867 -0.013133  1.45062 0.107519 -9.70055  8296
               121.2 -25.7704 -4.96511 -80.8576 -0.195941  0.229685  0.345235 0.0418938 -0.101332  0.504245 -0.00936621  -0.0231677   0.0443782 -0.0149648  0.0753813  -0.247053  0.00125899 -0.00170191 -0.00594172  -0.075132  0.0335919 -0.0123811  1.45643 0.110562 -9.69964  7569
             121.299 -21.1289 -2.63132  -86.248 -0.179424   0.21766  0.329953 0.0770867 -0.074551  0.493291 -0.0093051 -0.0231814  0.0441742 0.0220383 -0.126252 0.0690218  0.00157022 -0.00202338 -0.00651959 -0.0729969   0.031244 -0.0122553  1.46305  0.10263 -9.69873  7358
             121.399  -19.5211 -0.431774  -90.3148 -0.177815  0.187615   0.33307  0.081424 -0.137095  0.425871 -0.00948879  -0.0232483    0.044248  0.0539053 -0.0678864  0.0888591  0.00220682 -0.00144264 -0.00532307 -0.0846655  0.0238821  -0.013825  1.44099 0.096295  -9.7021  7058
               121.5 -16.5078  2.37993  -93.943 -0.168633  0.196599  0.353917  0.0926311 -0.0993307   0.456512 -0.00938874   -0.023197   0.0442024 0.0909423 0.0589113  0.167941  0.00112853 -0.00241714  -0.0053474 -0.0801095  0.0311273 -0.0133068   1.4519 0.100734 -9.70043  7394
               121.6 -15.4284  3.01083  -95.403 -0.167119  0.218138  0.363727 0.0159397 -0.103482   0.48553 -0.00941202  -0.0232697   0.0442925 0.0983768  0.167373  0.174585 0.000962714 -0.00289808  -0.0050756  -0.076876  0.0299349 -0.0124462  1.45433 0.111816 -9.69994  7468
               121.7 -15.4671   2.8509 -94.7622 -0.162592    0.2435  0.375971 -0.0378703   -0.10442   0.500443 -0.00954422  -0.0231967   0.0443753 0.0832464  0.216147  0.187308  0.00056375 -0.00341169 -0.00483269 -0.0751022  0.0288707 -0.0118901  1.45589 0.119502 -9.69962  7595
             121.799 -15.3453  2.59874   -93.83 -0.170457  0.261709  0.387713 -0.104478 -0.144983  0.480669 -0.00986456  -0.0232178   0.0442333 -0.020347   0.21357  0.227796 0.000353197 -0.00362672  -0.0041551  -0.079826  0.0243462 -0.0121466  1.44438 0.126876 -9.70124  7299
               121.9 -15.9286  2.89761 -92.1012 -0.178293  0.269343  0.406592  -0.11815 -0.184746  0.449937 -0.00996381  -0.0233629   0.0439733 -0.0707021   0.152237     0.3102 0.000462408 -0.00296066  -0.0044345 -0.0856911  0.0152769 -0.0127828  1.43186  0.12121 -9.70317  7160
                 122 -15.8341  3.95166 -91.3597 -0.176163  0.266697  0.439324 -0.0497842  -0.198458   0.429416 -0.00966595  -0.0235424   0.0439085 -0.116568  0.112001  0.416671 0.000302392 -0.00235584 -0.00500118 -0.0886112 0.00374437  -0.013405  1.42661 0.099028  -9.7042  6986
               122.1 -15.6934  5.17559 -92.1068 -0.179698  0.259984  0.468403 -0.0202243   -0.21907   0.408749 -0.00950521   -0.023503   0.0438995 -0.128657 0.0836071  0.459689 0.000531148 -0.00268802  -0.0047384  -0.0919141 -0.00913749   -0.013807   1.41985 0.0821003  -9.70535  7350
               122.2 -15.5606  5.13522 -92.1901 -0.184028   0.25757   0.51152 0.0159811 -0.223563  0.403087 -0.00941248   -0.023418   0.0439275 -0.126769 0.0644277  0.462891 0.000555369 -0.00304599 -0.00469943 -0.0928824 -0.0174541 -0.0139837   1.41813 0.0680782  -9.70571  7785
             122.299 -15.1314  4.96718  -91.744 -0.184563  0.251439  0.541564 0.0486264 -0.224653  0.401373 -0.00934611  -0.0233198   0.0439401 -0.129893 0.0313178  0.450025  0.00047922 -0.00331772 -0.00455647 -0.0934526 -0.0255728 -0.0140741   1.41741 0.0547459   -9.7059  8574
               122.4  -14.171  5.21883 -90.9085 -0.183943  0.255929  0.589995 0.0623366 -0.188713  0.431299 -0.00940275  -0.0232705   0.0440506  -0.0938327 0.000430088    0.454247  0.00102048 -0.00349257 -0.00419338 -0.0878635 -0.0309103 -0.0132167   1.42899 0.0465059  -9.70424  9340
               122.5 -12.1569  4.89201 -89.6061 -0.181982  0.266238  0.635085 0.0631517 -0.150642   0.46255 -0.00948204  -0.0232477   0.0441119 -0.0617669 0.00829803   0.433763  0.00159597 -0.00328954 -0.00436919 -0.0814296 -0.0311482 -0.0123074   1.44174 0.0453634  -9.70236  10061
               122.6 -9.46095  4.87461 -88.8934 -0.174589  0.267011  0.678166 0.0870416 -0.128055  0.481166 -0.00951829   -0.023187   0.0440626 -0.00954754  -0.0242642    0.349496  0.00176621 -0.00333897 -0.00440608 -0.0778215 -0.0323561 -0.0119536   1.44912 0.0396971  -9.70129  10612
               122.7 -7.50975  5.31828 -88.8615 -0.17035 0.270369 0.712886  0.119646 -0.111505  0.493658 -0.00956366  -0.0230507   0.0440505 -0.00550882  -0.0280181    0.302503  0.00171708 -0.00338637 -0.00406631 -0.0744424 -0.0262413 -0.0119674   1.45521 0.0398098  -9.70037  10751
               122.8 -4.34258  4.88962 -87.6817 -0.161449    0.2698  0.740984   0.156834 -0.0927021   0.507467 -0.00956678  -0.0228104   0.0439061 0.0271776  -0.03678  0.239845   0.0011699 -0.00291068 -0.00428611 -0.0713389 -0.0237835 -0.0119778   1.46144 0.0355692  -9.69945  11015
               122.9 -1.96124   4.7288 -87.0019 -0.151056  0.265075  0.761459   0.170045 -0.0807358   0.514956 -0.00960508  -0.0227523   0.0438068 0.0618272 -0.061116  0.148363  0.00109133 -0.00295967 -0.00436492 -0.0694959 -0.0248696 -0.0118476   1.46529 0.0321016  -9.69888  11010
                 123  1.48601  2.68538 -86.5561 -0.139685  0.255413   0.75887   0.142916 -0.0711228   0.515648 -0.00979498  -0.0229548   0.0437928  0.0145034 -0.0836354 -0.0241045 0.000704538 -0.00232845 -0.00418552 -0.0668717 -0.0303192 -0.0109043   1.46952 0.0314117  -9.69825  11254
               123.1  1.56186  3.60922 -86.0799 -0.143251  0.254054  0.760783   0.130887 -0.0675031    0.50329 -0.0097976 -0.0230503  0.0437533  -0.012972 -0.0883826 -0.0362089 0.000860475 -0.00308126 -0.00432459 -0.0643429 -0.0261178 -0.0107021   1.47249 0.0378551  -9.69777  10696
               123.2  1.67027  3.80029 -86.0133 -0.147752  0.252961  0.750433   0.102373 -0.0663517   0.487783 -0.00979909  -0.0231237   0.0436976 -0.00771831   -0.110857  -0.0509896 0.000558232  -0.0033117 -0.00443272  -0.0616535  -0.0254246 -0.00992043   1.47523 0.0437705  -9.69733  10445
               123.3 0.957286  3.48238 -86.4223 -0.147701  0.256764  0.730955 0.0629249 -0.059223  0.463811 -0.00988771  -0.0231411   0.0437625 0.00457246  -0.102427 -0.0838059 0.000445741 -0.00293192 -0.00449007 -0.0568622 -0.0267604 -0.0084351  1.48105 0.049801 -9.69642  10089
               123.4 0.100215  4.41959  -86.694 -0.147197  0.254335  0.710364  0.0371027 -0.0553246   0.443286 -0.00987883  -0.0230688   0.0437469  0.0115929 -0.0654789 -0.0779532 0.000479599 -0.00309805 -0.00451668  -0.0535981  -0.0272544 -0.00732032  1.48485 0.054241 -9.69581  9951
               123.5 -0.238217   4.24637  -86.4778 -0.151963  0.255583  0.703079  0.0204723 -0.0575968   0.427874 -0.0098101 -0.0230974  0.0435805 -0.00784321  -0.0128163  -0.0235437 0.000803251 -0.00301662 -0.00434379  -0.0530378  -0.0253205 -0.00710299   1.48493 0.0593183  -9.69577  9790
               123.6 0.0265735   4.01678  -85.7722 -0.150852  0.261834  0.697977  0.0104785 -0.0490542   0.414272 -0.00982382  -0.0230586    0.043611 -0.00771248   0.0283616 -0.00161155 0.000886511 -0.00293043 -0.00422493  -0.0509471  -0.0254548 -0.00651726   1.48836 0.0612457  -9.69523  9804
               123.7 -0.0530813    3.87552   -84.7557 -0.136954  0.256562  0.700991  0.0413859 -0.0396156   0.442589 -0.00985583  -0.0230428   0.0438715 0.0124298 0.0311363 0.0270784 0.000903195 -0.00303364 -0.00393222  -0.0502444  -0.0293946 -0.00654913   1.49081 0.0515254  -9.69491  10034
             123.799 0.0473681   3.61747  -83.8601 -0.129677  0.258573  0.706525  0.0513815 -0.0278976   0.446248 -0.00983741  -0.0230632   0.0439557 0.0309865 0.0302828 0.0509824 0.000774367 -0.00303073 -0.00394257  -0.0490996  -0.0303122 -0.00654762   1.49391 0.0488903  -9.69445  10067
               123.9 -0.838352   4.86565  -82.6644 -0.111882  0.248935  0.726298  0.0795893 -0.0256128    0.47325 -0.00987198   -0.023159   0.0441156  0.0651673 -0.0440572   0.102675 0.000279931 -0.00300957 -0.00339482  -0.0493959  -0.0323642 -0.00706702   1.49413 0.0414818  -9.69445  10480
                 124 -1.15438  4.66301  -81.611 -0.114229  0.253022  0.739203  0.0774067 -0.0155842   0.463843 -0.00989738  -0.0232904   0.0440457  0.0570053 -0.0377799   0.130436 0.000398209 -0.00275849 -0.00396262  -0.0496717  -0.0304981 -0.00767918   1.49541 0.0439015  -9.69424  10747
               124.1 -2.55072  4.72041 -80.8769 -0.107432  0.261641  0.747129  0.0652378 0.00162553   0.443496 -0.00987122  -0.0231782   0.0440851   0.0576664 -0.00647729    0.165504 0.000558132 -0.00254561 -0.00446019  -0.0472695  -0.0300509 -0.00694536   1.50055 0.0469664  -9.69343  11059
             124.199  -3.7238  4.14531 -81.3467 -0.0970003   0.275591   0.790336 0.0667284 0.0282406  0.434508 -0.0100362 -0.0232947  0.0441635 0.0105216 0.0527289  0.290074 0.000691689 -0.00277219 -0.00474015   -0.044569  -0.0297782 -0.00660028   1.50756 0.0473232  -9.69234  11902
               124.3 -5.12968  3.93284 -83.1268 -0.0969268   0.282582   0.834824 0.0696397 0.0331546  0.430716 -0.00998972  -0.0234589   0.0441386 0.00651722  0.0539165   0.300208  0.00041838 -0.00263717 -0.00464151  -0.0449979  -0.0281205 -0.00734364   1.50786 0.0485263  -9.69229  12363
               124.4 -3.77834  3.58777 -82.3323 -0.0981778   0.283056   0.878687  0.093878 0.0462881  0.434944 -0.00994224    -0.02364   0.0441162 -0.0303829  0.0570142   0.365077 -0.000605502  -0.00246243  -0.00539038    -0.04575  -0.0250412 -0.00925418   1.50916 0.0473313  -9.69209  13114
               124.5 -5.57293  4.05479 -83.7073 -0.0919735   0.288525   0.902739  0.101936 0.0544997  0.443414 -0.0101691 -0.0236126  0.0441617 -0.0817898  0.0851932   0.380926 0.000448533 -0.00350645 -0.00516208  -0.0441199  -0.0268962 -0.00862134   1.51223 0.0440482  -9.69163  13611
               124.6 -5.52013  2.70301 -84.7652 -0.0900539   0.295033   0.926909  0.101226 0.0580153  0.454673 -0.0104422 -0.0235234   0.044149 -0.0789084  0.0886045   0.386131  0.00167098 -0.00417705  -0.0049645  -0.0429351  -0.0304771 -0.00758716   1.51415 0.0404781  -9.69135  14167
               124.7  -1.95822 -0.691587  -85.6841 -0.0708052   0.306878    0.98573   0.10354 0.0713096  0.465661 -0.0108074 -0.0236478  0.0438806  0.132737 0.0057657  0.299392  0.00151287 -0.00312241  -0.0053065 -0.0405066 -0.0339255  -0.006591    1.5189 0.0365938  -9.69062  14114
               124.8  -1.54178 -0.916965  -85.6028 -0.067706  0.317856   0.98743 0.0955038 0.0837568  0.460843 -0.0108837 -0.0237771  0.0438783  0.143892 0.0294113  0.291242  0.00124262 -0.00293262 -0.00544329  -0.0390046  -0.0335308 -0.00627098   1.52237 0.0385182  -9.69007  14532
               124.9 -0.267092 -0.988316  -87.1086 -0.0557664   0.316938    1.01497 0.0965185 0.0784201  0.462079 -0.0108156 -0.0237269  0.0439679   0.146732 0.00665456   0.223589  0.00043268 -0.00140367 -0.00498086  -0.0400524  -0.0329449 -0.00655002   1.52045 0.0388435  -9.69037  14572
                 125 -0.368289   1.14348   -87.813 -0.0470835   0.309961    1.03131  0.101382 0.0654897  0.472568 -0.0107687 -0.0236946  0.0442266  0.113893 0.0202788  0.139462  0.000275474 -7.06505e-05   -0.0045745    -0.04227  -0.0332764 -0.00682034    1.5162 0.0373716  -9.69104  14752
               125.1 -1.5785 7.75258 -88.245 -0.0293926   0.321118    1.04825 0.103628 0.059184 0.478313 -0.0105916 -0.0236774  0.0444537 -0.0139359   0.104193   0.201342 2.18249e-05 -0.00107364 -0.00433331  -0.0425671  -0.0354134 -0.00649975   1.51496 0.0347698  -9.69124  14893
               125.2 -1.34705  10.7896 -86.7007 -0.0293345   0.336188    1.08062   0.10488 0.0666654  0.475126 -0.0106599  -0.023627  0.0443203 -0.00198043    0.132825    0.295544  0.00100009 -0.00282758  -0.0052418  -0.0418183  -0.0348069 -0.00661664    1.5169 0.0352487  -9.69094  14994
               125.3 -2.31879  11.9509 -86.9229 -0.031142  0.352963    1.0995 0.0924695 0.0676927  0.466566 -0.0105571 -0.0235643   0.044182 0.0184176  0.164928  0.305629  0.00126513  -0.0030188 -0.00404147  -0.0414169  -0.0345057 -0.00625017   1.51741 0.0378476  -9.69085  15316
               125.4 -1.58252  9.85173 -85.1835 -0.0109821   0.364618    1.12706  0.113709 0.0701891  0.494219 -0.0104241 -0.0236551  0.0442562 0.0901227  0.307127  0.229134 0.000353188 -0.00243212 -0.00392068  -0.0416691  -0.0377525 -0.00623243  1.51779  0.03047 -9.69081  15186
               125.5 -1.83005  7.00761   -84.87 0.0115226  0.391818   1.14495  0.126006 0.0764213  0.523195 -0.0105837 -0.0236469  0.0440986 0.0392616  0.306459  0.189603 -0.00106694 -0.00436015 -0.00369063  -0.0426969   -0.041463 -0.00620367   1.51804 0.0241013  -9.69079  15249
               125.6 -3.34097  5.55523 -82.0279 0.014903 0.393606  1.17333 0.149958 0.063821  0.53963 -0.0103006 -0.0239017   0.043594 -0.0545822    0.15129   0.189573 -0.000405689  -0.00662283  -0.00576889  -0.0446905  -0.0432804 -0.00718896  1.51413 0.017824 -9.69142  15288
               125.7 -5.45901   2.2547 -82.1773 -0.00033549     0.39785     1.18362  0.132356 0.0694843  0.515994  -0.010637 -0.0237149  0.0433949  -0.104718 -0.0941606   0.168863 0.000845195 -0.00520932 -0.00369699  -0.0467651  -0.0433802 -0.00687685   1.51298 0.0212503  -9.69159  15006
               125.8   -6.1045 -0.404356  -80.4783 -0.00779354    0.375332     1.20506 0.153096  0.06371 0.526692 -0.0103749 -0.0238359  0.0431953 -0.0800412  -0.191344  0.0943612  0.00109359 -0.00312967 -0.00350833   -0.046936   -0.042833 -0.00729156   1.5119 0.018021 -9.69176  14402
               125.9  -5.93548 -0.532574  -79.6229 -0.0118447   0.369447    1.21552  0.163016 0.0618105  0.523227 -0.0101673  -0.023915  0.0432071 -0.066395 -0.211692 0.0670985 0.000447097 -0.00258381 -0.00395517  -0.0465212  -0.0410584 -0.00762468   1.51193 0.0181539  -9.69176  14560
                 126 -9.49721  4.94453 -79.6259 -0.017236  0.340333   1.21866  0.162338 0.0705194  0.521362 -0.0102596 -0.0240076   0.043214 -0.0437323  -0.297655 -0.0675521 0.000311972 -0.00210826 -0.00452122   -0.044853  -0.0402283 -0.00757923   1.51494 0.0191804  -9.69129  14206
               126.1 -10.5861  4.42163 -79.4174 -0.0156228   0.349737     1.2258  0.160918 0.0845099   0.52168 -0.0103931 -0.0242691  0.0431379 -0.0515791  -0.254967 -0.0631783  0.00072274 -0.00100096 -0.00457694  -0.0429184  -0.0382896 -0.00775916   1.51903 0.0213538  -9.69064  14657
               126.2 -13.3845  13.8871  -81.293 -0.0133127    0.34566    1.21938 0.153037 0.109579 0.522049 -0.0112328 -0.0246255  0.0417911 -0.0912385 -0.0702655 -0.0882529   0.00135608 -0.000833172  -0.00449776  -0.0364222  -0.0370807 -0.00728111  1.52938  0.02412 -9.68901  14825
               126.3 -13.2053  17.5895 -81.0314 -0.0105358   0.346726    1.21927 0.164459 0.120224 0.527224 -0.0117635 -0.0246691  0.0415788  -0.104874  0.0409819 -0.0666983  0.00137923 -0.00103413 -0.00482456  -0.0350708  -0.0371048 -0.00750179   1.53251 0.0221259  -9.68852  15279
               126.4 -12.3104  18.6005 -81.4443 -0.00664044    0.356442     1.21986 0.189971 0.127478 0.541729 -0.0122963 -0.0244686  0.0415099  -0.116844    0.19968 -0.0574755  0.00157967 -0.00258959 -0.00521904   -0.033947  -0.0379824 -0.00791617    1.535 0.016691 -9.68814  15138
               126.5 -11.5761  18.7031  -81.892 0.00303542   0.351083    1.23314 0.232424 0.124881 0.548594 -0.0128037 -0.0241276  0.0415709 -0.0623607   0.155298 -0.0526018  0.00109377 -0.00347085 -0.00520539 -0.0333936  -0.036188  -0.008691   1.53525 0.0110773   -9.6881  15125
               126.6 -11.7105  16.7399 -82.2399 0.0108747  0.361011   1.22975 0.253475  0.11986 0.565862 -0.0128838 -0.0239425  0.0414557 -0.00790866   0.0496611  -0.0353905 0.000815962  -0.0030664 -0.00515183  -0.0316418   -0.035838 -0.00888189    1.53626 0.00746856   -9.68795  15089
               126.7 -11.7191  15.0749 -82.7634 0.0115957  0.354129   1.23179 0.267594 0.116689 0.552335 -0.0127758 -0.0237398  0.0412294 -0.049637 0.0612691 0.0407594  0.00146791 -0.00304957 -0.00501937  -0.0326264  -0.0357378 -0.00915103    1.53482 0.00545793   -9.68818  15136
               126.8 -11.2466  14.5252 -82.4896 0.0155791  0.350583   1.24434 0.295117 0.100437 0.556974 -0.0125975 -0.0235429   0.041144 -0.0417272  0.0702347  0.0648588  0.00124294 -0.00332017 -0.00479263  -0.0298019  -0.0329849 -0.00925064    1.53491 0.00333628   -9.68816  15189
             126.899 -10.7789  13.8234 -81.5231 0.0222822  0.356113   1.24842  0.29328 0.104915 0.586174  -0.012623 -0.0235184  0.0411105 -0.0153539  0.0446761  0.0925423  0.00103891 -0.00365401 -0.00459459  -0.0291644  -0.0346918 -0.00918999    1.53641 0.00135895   -9.68793  15185
                 127  -9.0334  11.6976 -78.0465  0.03617 0.359246  1.26553 0.294364 0.108612 0.604808 -0.0125594 -0.0235194  0.0409974 0.0561831 0.0548224 0.0911995  0.00106239 -0.00259464 -0.00440476  -0.0292512  -0.0361304 -0.00921211      1.53707 -0.000614784     -9.68782  15192
               127.1 -8.39399  11.6299 -76.4812 0.0406089  0.368061   1.27697  0.303388 0.0990274  0.604557 -0.0124915 -0.0234586  0.0410323 0.0671613  0.119249 0.0696152  0.00112343 -0.00257851 -0.00373487  -0.0274127  -0.0343871 -0.00913584      1.53723 -0.000470329      -9.6878  14875
               127.2 -7.81907  11.9381 -74.0437 0.0368466  0.384354   1.28355  0.296631 0.0981347  0.581069 -0.0126133 -0.0233963  0.0411217 0.0537663  0.108141  0.033554   0.0002637 -0.00258763  -0.0038178   -0.027754   -0.033057 -0.00908437    1.53657 0.00246551    -9.6879  14980
               127.3 -7.93783  12.4929 -71.6138 0.0306059  0.398705   1.28506 0.285848 0.101086 0.564028 -0.0127557 -0.0232875  0.0411239  0.019239  0.113196 0.0418092 0.000772823 -0.00257416 -0.00366419 -0.0283536 -0.0324601  -0.009017    1.53632 0.00524006   -9.68794  14773
               127.4 -9.62604  12.5252 -71.9001 0.0247156  0.410418   1.27625 0.259425 0.122033  0.55243 -0.0128346 -0.0232568  0.0409943 0.00159091    0.12194  0.0409381  0.00202649 -0.00255756 -0.00285936  -0.0313726  -0.0345571 -0.00895457    1.53676 0.00800743   -9.68787  14814
               127.5 -4.09202  12.6081 -65.1575 0.0135368   0.43742    1.2892 0.254556 0.122033 0.541079 -0.0129357 -0.0231798  0.0410418 -0.0403273   0.162008   0.102434  0.00272926 -0.00401149 -0.00253996   -0.031821  -0.0341421 -0.00896197    1.53623 0.00945372   -9.68795  14663
               127.6  2.26664  9.68622 -60.5448 0.00522429     0.4465    1.29619 0.247651  0.12564 0.520758 -0.0132049 -0.0234369  0.0412745 0.0328734 0.0469079  0.080694  0.00113528 -0.00355753 -0.00362845 -0.0339689 -0.0345477 -0.0090233   1.53469 0.0106003  -9.68819  14749
               127.7  3.66834  8.38221 -58.8291 0.00851249   0.445764    1.29973 0.242898 0.130396 0.518833 -0.0132623 -0.0235061  0.0413061   0.073756 -0.0369885  0.0910361  0.00121559 -0.00284104 -0.00436394 -0.0352178  -0.035349 -0.0090337   1.53429 0.0106577  -9.68826  14534
               127.8  4.31818  7.79085 -58.3556 -0.00546767    0.447976     1.30448  0.23357 0.128287 0.492556 -0.0133019 -0.0234169  0.0415857  0.0586855 -0.0346949  0.0803253  0.00120447  -0.0022304 -0.00458006  -0.0355198  -0.0338059 -0.00899691   1.53332 0.0141972  -9.68841  14547
               127.9  4.43553  11.0648 -59.8545 -0.00538957     0.44854     1.29597 0.206835 0.143969 0.467232 -0.0124514 -0.0234074  0.0414935   0.138525 -0.0285401  -0.040522 0.000792836 -0.00267027 -0.00498421  -0.0398778  -0.0351568 -0.00862693   1.53146 0.0178387  -9.68869  14897
                 128  3.96431  11.1935 -60.3844 -0.0163317   0.451443    1.28722  0.19182 0.148083 0.443326 -0.0117628 -0.0234885  0.0412649   0.121376 -0.0451989 -0.0849003  0.00106838 -0.00243507 -0.00488866  -0.0415797    -0.03468 -0.00842746   1.53017 0.0212291  -9.68889  14849
               128.1  3.33739  14.6509 -60.7841 -0.00697989    0.448082     1.27403 0.183588 0.150149 0.422415 -0.0111852 -0.0235014  0.0409425 0.0267669 0.0148098 0.0133583 0.000545503 -0.00241912 -0.00470224  -0.0424015  -0.0337587 -0.00814774   1.52943 0.0238883    -9.689  14908
               128.2    2.643   14.738 -60.9101 -0.0146159   0.447468    1.27709 0.182389 0.144653 0.410686 -0.0108989 -0.0235029  0.0407407 -0.0420789  0.0385807  0.0521608   0.0011423 -0.00252136 -0.00455769   -0.042333  -0.0328535 -0.00822241   1.52841 0.0250493  -9.68916  14962
               128.3  3.03586  14.2392 -60.6542 -0.0274259   0.453288    1.28848  0.18264 0.140839 0.405404 -0.0108043 -0.0234666  0.0406834 -0.0552525  0.0623491   0.078943  0.00164546 -0.00313691 -0.00467506  -0.0423448  -0.0325133 -0.00828442   1.52772 0.0253319  -9.68927  14932
               128.4   3.5606  14.5702 -61.3441 -0.0224533   0.444376    1.30035 0.191468 0.128677 0.430505 -0.0108794    -0.0233  0.0407189   0.0111293 -0.00528416   0.0464281  0.00122096  -0.0031157 -0.00488606  -0.0420903  -0.0331909 -0.00863404   1.52632 0.0224007   -9.6895  14727
               128.5  3.74374  14.0511 -61.4648 -0.0215887   0.445738    1.30095 0.191372 0.130072 0.431627 -0.0109112 -0.0233141  0.0407219   0.0059794 -0.00476608   0.0414227  0.00103926 -0.00265123 -0.00496419  -0.0421086  -0.0332596 -0.00860624   1.52654 0.0223658  -9.68946  14665
             128.599  3.40096  14.3843 -62.1522 -0.0238822   0.444461    1.31032 0.192099 0.120954 0.428089 -0.0108936  -0.023393  0.0407187  -0.0218978 -0.00345848   0.0298553  0.00109966 -0.00200961 -0.00498992  -0.0404708  -0.0329699 -0.00878963    1.5265 0.0225607  -9.68947  14578
             128.699  3.30352  15.7047 -62.3687 -0.027987  0.448445   1.31223 0.190864 0.124056 0.428202 -0.0109016 -0.0233992  0.0407167 -0.0631777    0.03541  0.0221508  0.00121406 -0.00197234 -0.00465794  -0.0405505  -0.0330487 -0.00871956   1.52692 0.0227633   -9.6894  14706
               128.8 3.44978 16.8999 -62.429 -0.0290918   0.453786    1.30957  0.19201 0.133733 0.450111 -0.0109189 -0.0233402  0.0407488 -0.0780256  0.0773287  0.0106836  0.00158145 -0.00235898 -0.00401571   -0.042328  -0.0340743 -0.00864591    1.5271 0.0211621  -9.68938  14346
               128.9 4.62188 17.6803 -61.296 -0.0374579   0.464064    1.31014 0.192738 0.131576 0.459309 -0.0109041 -0.0233433  0.0407334 -0.0795352  0.0740188 -0.0386196  0.00132406 -0.00307883 -0.00457134   -0.041858   -0.034432 -0.00870025   1.52726 0.0205109  -9.68935  14454
                 129  4.57677  17.7491 -62.1575 -0.0372421   0.462603    1.30688 0.197445 0.119581 0.494216 -0.0109273 -0.0233326  0.0407041 -0.0437481  -0.024311  -0.119359  0.00121719 -0.00279663  -0.0049548  -0.0402142  -0.0357794 -0.00899769   1.52715 0.0175981  -9.68937  14420
               129.1   3.7599  18.0817 -62.8391 -0.0539907   0.472285    1.29742 0.192132  0.11715 0.454428 -0.0108875  -0.023371  0.0407207 -0.0768071  0.0161557  -0.119393  0.00122223 -0.00195935 -0.00551433  -0.0383498  -0.0339972 -0.00869838   1.52803 0.0212203  -9.68923  14374
               129.2   3.9928  18.1431 -63.3244 -0.0576881   0.473727    1.30104 0.192945 0.106204 0.450247 -0.0108752 -0.0234083  0.0407204 -0.0935273  0.0315282  -0.104389 0.000922673 -0.00192374 -0.00531228   -0.036173   -0.033589 -0.00872403   1.52818 0.0215673   -9.6892  14710
               129.3  1.95422  17.8429 -65.5237 -0.0867147   0.485742    1.29749  0.195643 0.0825431  0.425121 -0.0107446 -0.0235114  0.0407017  -0.124278  0.0787105 -0.0263018 0.000950744 -0.00328436 -0.00511621  -0.0320229  -0.0320914 -0.00873941   1.52792 0.0230276  -9.68924  14990
               129.4  2.26432  17.7081 -63.2919 -0.0991507   0.483836    1.31084  0.206028 0.0392826  0.424332 -0.0107055  -0.023645  0.0406545 -0.0246113  0.0830924  -0.047438 0.000306448 -0.00286844 -0.00483247  -0.0259145  -0.0312762 -0.00909716   1.52652 0.0217855  -9.68947  14855
               129.5 0.735424  17.7103 -65.3775 -0.0989793   0.484465    1.29804  0.204879 0.0551406  0.427746 -0.0107157 -0.0235936  0.0405854 -0.0511205  0.0344369 -0.0838789 -3.12419e-05  -0.00215579  -0.00292351  -0.0295634  -0.0318132 -0.00916147   1.52582 0.0213288  -9.68958  14870
               129.6 -0.0105515     18.206   -63.1025 -0.11662 0.471976  1.30147  0.211879 0.0375894  0.424456 -0.0107609 -0.0237354  0.0405206  -0.187229 -0.0351123  0.0571797 0.000328334 -0.00220919 -0.00454832  -0.0282616  -0.0313469 -0.00940362   1.52421 0.0204174  -9.68983  15101
               129.7 -0.962515   18.7046  -63.9119 -0.130011  0.464848   1.30437 0.211692 0.049953 0.435262 -0.0107517 -0.0237056    0.04054  -0.172199 -0.0395517   0.128784 0.000123829 -0.00254939 -0.00526325  -0.0311787  -0.0321548 -0.00946329   1.52368 0.0194088  -9.68992  15160
               129.8 -1.66836  18.9716 -64.4532 -0.138508  0.454781   1.31339  0.215918 0.0499871  0.453365 -0.0107554 -0.0236903  0.0405694  -0.139167 -0.0326583   0.103842 0.000817512 -0.00242247 -0.00622828  -0.0322827  -0.0329756 -0.00959242   1.52291 0.0174306  -9.69004  15048
               129.9 -3.12494  18.3533 -66.6686 -0.136981  0.465892    1.3135  0.208852 0.0804247  0.492416 -0.0110126 -0.0237587    0.04058 -0.0599724  0.0221651   0.094385  0.00223051 -0.00270516 -0.00607599  -0.0356714  -0.0347706 -0.00942668   1.52492 0.0163623  -9.68973  14976
                 130 -3.22249  19.9157 -70.1887 -0.132648  0.484346   1.31913 0.200747 0.100167 0.508088 -0.0112226 -0.0240644  0.0403918 0.0604277 0.0723748 0.0950885  0.00188575 -0.00300206 -0.00561333  -0.037058 -0.0354243 -0.0092469    1.5268 0.0170119  -9.68943  14754
               130.1 -2.69436  20.1178 -71.8349 -0.12571 0.495323  1.33256  0.202128 0.0915946  0.505853 -0.0112655 -0.0241436   0.040343  0.089341 0.0788632 0.0733004  0.00104381 -0.00241009 -0.00622991  -0.0348665  -0.0347997 -0.00918591   1.52736 0.0174559  -9.68934  14642
               130.2 -3.04801  21.0286 -73.1747 -0.105802  0.500287   1.33885  0.206335 0.0919142  0.532368 -0.0113943 -0.0240449  0.0402967 0.0941525   0.10118 0.0712836  0.00123796 -0.00234593  -0.0053223  -0.0353344  -0.0357853 -0.00927917   1.52723 0.0152181  -9.68937  14385
               130.3 -4.67607  21.8583 -76.7022 -0.0965647   0.510551    1.34251  0.204531 0.0957544   0.53894 -0.0114358 -0.0241009  0.0402562   0.055672  0.0178287 0.00556875  0.00166454 -0.00253998 -0.00450007  -0.0355828  -0.0360964 -0.00924218   1.52765 0.0151264   -9.6893  14466
               130.4 -6.65737  22.8884 -82.5711 -0.0818577   0.499676    1.31144 0.190961 0.152673 0.555324 -0.0113842 -0.0232945   0.040589   0.074747 -0.0662768   -0.10546 -1.71604e-05  -0.00134066  -0.00513344  -0.0475633  -0.0405171 -0.00961805   1.52609 0.0129335  -9.68955  14360
               130.5 -7.57464  25.1389 -85.2435 -0.0782122   0.495785     1.3011 0.189996 0.153415 0.558299 -0.0114196 -0.0233569  0.0405505 -0.0141404 -0.0320994  -0.124064 -0.000946861 -0.000649249  -0.00549117  -0.0473336  -0.0405891 -0.00958663   1.52642 0.0129816   -9.6895  14515
               130.6 -10.6476  26.1135 -86.2532 -0.0758156   0.516303    1.30503 0.186709 0.142585 0.580882 -0.0116349 -0.0239769   0.040174  -0.035633  0.0590928 -0.0945517  0.000655517 -0.000399079  -0.00472295  -0.0419326  -0.0395976 -0.00914142  1.52961 0.014067 -9.68899  14450
             130.699 -11.0264  28.6647 -87.3975 -0.0613649   0.548267    1.31361  0.19795 0.107819 0.669316 -0.0116183 -0.0238999  0.0399533 -0.0351256   0.258905  0.0139765  0.00155555 -0.00187092 -0.00392527  -0.0327738  -0.0396237 -0.00871186   1.53278 0.0100239   -9.6885  14725
               130.8 -10.2617  28.9336 -86.7015 -0.0567301   0.553218    1.32439  0.211898 0.0858314  0.684114 -0.0116769 -0.0239581  0.0399081 -0.00495763     0.24689   0.0344632  0.00155643 -0.00279938 -0.00502897  -0.0292636   -0.038692 -0.00869612    1.53255 0.00813371   -9.68854  14479
               130.9 -12.2267  25.7688  -90.047 -0.0535412   0.571071    1.33542  0.239108 0.0498768  0.706078 -0.0115205 -0.0240969  0.0398253 -0.0425046   0.124293 -0.0574965 0.000706408 -0.00356477 -0.00553404  -0.0238079  -0.0367079 -0.00856803    1.53189 0.00483656   -9.68864  14547
                 131 -12.1922    24.84 -89.5855 -0.04961 0.572181  1.33709  0.242344 0.0453122  0.724541 -0.0114077 -0.0241385  0.0398247 -0.0282649   0.115398 -0.0660313 0.000596089 -0.00307041 -0.00609549   -0.022915   -0.036896 -0.00861482    1.53202 0.00362565   -9.68862  14438
               131.1 -18.2153  26.3223 -94.6683 -0.0646924   0.581629    1.32297  0.244352 0.0421935  0.696375 -0.0114323 -0.0240899  0.0397099 -0.0641583 -0.0138578 -0.0483492  0.00176157 -0.00173858 -0.00531661  -0.0225957   -0.035173 -0.00847728    1.53173 0.00563187   -9.68867  14580
               131.2 -19.2397   28.373 -97.2664 -0.0558219   0.581499    1.32369  0.253059 0.0316802  0.737292 -0.0114618 -0.0242203  0.0397488 -0.00849156   0.0591387    0.005525  0.00137895 -0.00130535 -0.00466814  -0.0202129  -0.0356511 -0.00841493    1.53233 0.00263724   -9.68857  14832
               131.3 -19.3392  29.3603 -98.2441 -0.0570271   0.582794    1.32774  0.260031 0.0261391  0.730539 -0.0114799 -0.0242442  0.0397709 -0.00981943   0.0949907   0.0407093   0.0011548 -0.00159194  -0.0051163  -0.0196326   -0.034885 -0.00841373    1.53195 0.00237224   -9.68863  14805
               131.4 -20.2282  29.9045 -100.325 -0.048989  0.574682   1.32845  0.271182 0.0271781  0.728973 -0.0115335 -0.0242362  0.0398021 0.0301517 0.0658694 0.0159482  0.00127732  -0.0030216 -0.00531407  -0.0212461  -0.0358068 -0.00882369      1.53057 -0.000250653     -9.68885  14793
               131.5 -20.3707  28.0426 -101.721 -0.052777  0.563788   1.32789 0.286041 0.026922 0.681325 -0.0115205 -0.0241866  0.0397816 0.0383269 0.0368479 -0.020443 0.000792964 -0.00302541  -0.0059746 -0.0233246 -0.0348012 -0.0091947      1.52844 -0.000418305     -9.68919  14669
               131.6  -23.872  24.9918 -105.405 -0.0469147   0.566992    1.32375  0.294484 0.0158948  0.688998 -0.0115192 -0.0242018  0.0398054 -0.00311699  0.00694797   -0.104589 -0.000506979  -0.00270251  -0.00725891  -0.0212738  -0.0337046 -0.00901496     1.52856 -0.00102522    -9.68917  14593
               131.7 -27.1493  21.7102 -109.632 -0.0428906   0.554354    1.31669   0.308872 0.00591172   0.701646 -0.0115028 -0.0241894  0.0397449 -0.0749721 -0.0530379 -0.0811588 -0.00115653 -0.00265688 -0.00675247   -0.019938   -0.033315 -0.00902738     1.52815 -0.00337239    -9.68923  14259
               131.8 -29.6991  19.6757 -111.162 -0.0461377   0.556034    1.30974  0.299681 0.0154464  0.700382 -0.0114827 -0.0242634  0.0397168  -0.117517 -0.0376023 -0.0894629 -0.000427792  -0.00217874  -0.00605079  -0.0214993  -0.0343973 -0.00915058     1.52826 -0.00281739    -9.68922  14638
               131.9  -33.389  17.2338 -114.333 -0.0553893   0.560585     1.2986    0.29523 0.00354672   0.758909 -0.0115615  -0.024628  0.0399002  -0.126972 -0.0270992 -0.0899781 0.000591393 -0.00160117 -0.00557194  -0.0176654  -0.0341961 -0.00859986    1.53011 -0.0036534   -9.68892  14212
                 132 -33.9996   16.705 -115.594 -0.0505518   0.567153     1.2945  0.284712 0.0034219  0.794428  -0.011633 -0.0248149  0.0400089  -0.103255 0.00298181 -0.0915423 0.000656673 -0.00147201 -0.00508375    -0.01668  -0.0354412 -0.00845156     1.53112 -0.00413808    -9.68876  14565
               132.1 -36.6666  16.7596 -117.758 -0.0601622   0.579352    1.28231    0.288023 -0.00976748    0.835648 -0.0116151 -0.0248145   0.039914 -0.135108  0.076277 -0.104709 0.000729353 -0.00155876 -0.00505006   -0.013257  -0.0341867 -0.00796623     1.53233 -0.00477766    -9.68857  14443
               132.2 -37.1755  16.6618 -118.148 -0.0500994   0.575242    1.28581   0.315725 -0.0251193   0.863596 -0.0116183 -0.0249051  0.0399168  -0.123516  0.0730169 -0.0825606 0.000791766 -0.00145111  -0.0048089  -0.0098309  -0.0311948 -0.00763573       1.533 -0.00741004    -9.68846  14429
               132.3 -36.6753  17.8149 -118.255 -0.0579047   0.593732    1.27848   0.338941 -0.0390866   0.902105  -0.011602 -0.0247144  0.0397867  -0.136304   0.180976 -0.0478192 0.000944759 -0.00154416 -0.00445436 -0.00638294  -0.0283848   -0.007226     1.53398 -0.00979806    -9.68831  14366
               132.4 -35.5001  18.4896 -116.797 -0.0623872   0.599519    1.28323  0.372714 -0.041928  0.893635 -0.0115982 -0.0247848  0.0398216 -0.116223  0.181212 0.0253156  0.00144502 -0.00171951 -0.00379166 -0.00565803  -0.0250453  -0.0072315    1.53401 -0.0119982    -9.6883  14552
               132.5  -32.631  18.8129 -114.297 -0.0657843    0.60874    1.29169   0.398143 -0.0442712   0.885535  -0.011577 -0.0248017  0.0398188 -0.0885603   0.208204     0.0226  0.00134593 -0.00201595 -0.00343127 -0.00508829  -0.0222509 -0.00720267    1.53404 -0.0133427   -9.68829  14416
               132.6 -32.0792  20.3444 -112.091 -0.0623003    0.61855    1.29303   0.407638 -0.0424691   0.885447 -0.0114471 -0.0248527  0.0397696  -0.0270256    0.151386 -0.00846582  0.00196596  -0.0028216 -0.00333014 -0.00516329  -0.0221079 -0.00731096    1.53413 -0.0147709   -9.68828  14587
               132.7 -30.8485  21.4695 -110.997 -0.065039  0.628967    1.2966   0.421122 -0.0465713   0.881075 -0.0115411 -0.0248107   0.039808  0.018977  0.109906 -0.023692  0.00189177  -0.0028006 -0.00376259 -0.00447557  -0.0197276  -0.0071612    1.53413 -0.0146467   -9.68828  14502
               132.8 -30.0341  21.7104 -111.858 -0.0763073   0.611173    1.30222   0.464743 -0.0328768    0.79975 -0.0115926 -0.0249053  0.0400768 -0.0108818  0.0623357 -0.0245711  0.00150101 -0.00284885 -0.00438689 -0.00806406  -0.0155872 -0.00776247    1.53256 -0.0154725   -9.68852  14520
               132.9 -29.8557  22.3513 -113.431 -0.0598651   0.598567    1.31174   0.503308 -0.0386529   0.804057 -0.0116812 -0.0246876   0.040052   0.0174978   0.0198662 -0.00148078  0.00147905 -0.00278755 -0.00497201 -0.00644624  -0.0114586 -0.00763603    1.53296 -0.0181253   -9.68846  14614
                 133 -29.8281  21.9407 -115.422 -0.0437479   0.589792    1.30792   0.507324 -0.0354913   0.810864 -0.0117146 -0.0246034  0.0399911  0.0510112 -0.0314182 -0.0436891  0.00138912 -0.00201572 -0.00519814 -0.00663371  -0.0126239 -0.00782013    1.53313 -0.0200751   -9.68843  14558
               133.1 -30.0814  23.5717 -117.865 -0.0549702   0.567962    1.30128   0.512457 -0.0240699   0.764307 -0.0115795 -0.0242172  0.0402827 -0.0644884  -0.121252 -0.0573924 0.000944656 -0.00180994 -0.00511706 -0.0099168 -0.0131167 -0.0083463     1.5317 -0.0199025   -9.68865  14758
               133.2 -29.5912  24.9175 -118.777 -0.0612458    0.55413    1.29914   0.527616 -0.0264618   0.754261 -0.0116904 -0.0241294  0.0403635  -0.067525 -0.0960244 -0.0657984  0.00185014 -0.00122801 -0.00364824 -0.00968075  -0.0109173 -0.00830089    1.53149 -0.0200424   -9.68869  14648
               133.3  -29.016   24.191 -118.872 -0.0705256   0.543508    1.30891   0.561057 -0.0308095   0.726696  -0.011582 -0.0239644  0.0403985 -0.0548296  -0.119976  -0.043512   0.00192364 -0.000333068  -0.00282278 -0.00945355 -0.00563356 -0.00821675    1.53095 -0.0197906   -9.68877  14888
               133.4 -29.3417  29.6101 -119.289 -0.0505333   0.526012    1.28116   0.494819 0.00995036   0.693038 -0.0111465  -0.023571  0.0407072    0.238652  -0.0246403 -0.00267039 0.000735812 -0.00156661 -0.00312394  -0.0186521  -0.0180088 -0.00961289    1.52873 -0.0191233   -9.68912  14805
               133.5  -28.134  31.1825 -117.109 -0.0593621   0.530958    1.29923    0.524322 -0.00457691    0.672299 -0.0114381 -0.0236449  0.0406255    0.187619 0.000211496   0.0371876 0.000196655 -0.00170054 -0.00358954 -0.0162905  -0.011007 -0.0090844    1.52878 -0.0169149   -9.68912  14872
             133.601 -27.8845  32.3428 -113.552 -0.0684917   0.518252    1.29326  0.525602 0.0157396  0.584835 -0.0118655 -0.0248426  0.0402099   0.0644801   0.0441455 -0.00725981  0.000274604 -0.000332172  -0.00347857 -0.0235793 -0.0121085 -0.0100928    1.52503 -0.0151698   -9.68971  14636
             133.699 -28.8652  37.5396 -112.566 -0.0529088   0.511999    1.29121  0.543139 0.0259896  0.558004 -0.0117993 -0.0253076  0.0401449 0.0710862  0.110287 0.0397978   0.0005764 -0.00109783 -0.00384341 -0.0276948 -0.0133827 -0.0109519    1.52242 -0.0181145   -9.69012  14731
               133.8 -29.5091  37.6665 -113.141 -0.0451777   0.493388    1.29082  0.564448 0.0222448  0.554028  -0.011807 -0.0256104  0.0402083 0.0864887 0.0665146 0.0386289 0.000675355 -0.00115052 -0.00349769 -0.0281767  -0.012787 -0.0112166    1.52107 -0.0207729   -9.69032  14522
               133.9 -30.0152  40.7531 -112.597 -0.0460447   0.489334    1.30165 0.596667 0.028049 0.474324 -0.0117417 -0.0254496  0.0401429 0.0792834  0.102787 0.0828765 0.000587134 -0.00028508 -0.00437308   -0.031165 -0.00948194  -0.0116796    1.51891 -0.0204337   -9.69066  14467
                 134 -31.0691  44.8994 -114.245 -0.0443478   0.498004    1.31859  0.620955 0.0203432  0.429412 -0.0117881 -0.0253457  0.0402477  0.112913  0.192619 0.0918583  0.000624302 -0.000625367  -0.00466636  -0.0303916 -0.00594292  -0.0115308    1.51825 -0.0197848   -9.69077  14403
               134.1 -33.1954  47.1082 -115.804 -0.041553  0.503521   1.32471  0.636805 0.0256115  0.392089 -0.0117884 -0.0252214  0.0403643  0.145077   0.21942 0.0725532 0.000807012 -0.00143096 -0.00391657  -0.0319331 -0.00418664  -0.0117424    1.51751 -0.0195891   -9.69089  14153
               134.2 -32.3903  47.9873 -113.077 -0.023584    0.5268   1.31881  0.628985 0.0579491  0.380808 -0.0117671 -0.0250961  0.0402837   0.138403   0.175813 -0.0559984  0.00100282 -0.00197259  -0.0037959   -0.038006 -0.00609119  -0.0126589      1.517 -0.0196376   -9.69096  13683
               134.3 -30.5314  49.5027 -111.307 -0.0205005   0.532389    1.31634  0.666198 0.0352587  0.333338 -0.0116372 -0.0249769  0.0401375 0.0837162  0.155298 -0.150184  0.00122766 -0.00226963 -0.00416236   -0.0344987 -0.000808021   -0.0120776    1.51639 -0.0194615   -9.69106  13356
               134.4 -28.9259  49.0139 -109.474 -0.029352  0.531136   1.30909  0.710181 0.0261211  0.258771 -0.0113184 -0.0247746  0.0397874 0.0655414 0.0682383 -0.169001   0.0017196  -0.0022131 -0.00408129 -0.0331758 0.00577125 -0.0116677    1.51586 -0.0184015   -9.69115  13586
               134.5 -28.9428  50.9908 -109.415 -0.0184113   0.515942    1.30663   0.748814 -0.0337708   0.250178 -0.0111363 -0.0246805  0.0397659  0.0881945 -0.0250861  -0.129256  0.00181342 -0.00241511 -0.00414204 -0.0236146  0.0104662 -0.0104043    1.51487 -0.0201682    -9.6913  13710
               134.6 -27.2849  50.6792 -107.631 -0.0069514   0.507863    1.30509   0.768696 -0.0667335   0.251619 -0.0109758 -0.0246007  0.0397318  0.0592669  0.0847871 -0.0422978  0.00136872 -0.00142867 -0.00422247  -0.0186275   0.0124667 -0.00982202    1.51406 -0.0216131   -9.69142  13883
               134.7 -25.6855  51.6617 -106.616 -0.00426135    0.508191     1.30374   0.785271 -0.0735136   0.238373 -0.0108834 -0.0244885  0.0396806  0.0184456   0.150232 -0.0182443  0.00116118 -0.00217893 -0.00417946  -0.0180745   0.0141172 -0.00982151    1.51335 -0.0223764   -9.69153  14039
               134.8 -23.3945  51.5229 -104.465 -0.0125182   0.498319    1.31692  0.840991 -0.121531  0.172152 -0.0105487  -0.024232  0.0396683 -0.0257173  0.0769243  0.0274123  0.00140877 -0.00325304 -0.00389085  -0.0104268   0.0212601 -0.00863477    1.51231 -0.0230073   -9.69169  13977
               134.9 -21.3351   50.974 -102.316 -0.0247289   0.485684    1.31489  0.870859 -0.114094   0.11475 -0.0103676 -0.0240952  0.0394886 -0.0316763 -0.0499088 -0.0535625  0.00135684 -0.00388525  -0.0035946  -0.0120715   0.0250459 -0.00878633    1.51174 -0.0227059   -9.69178  14253
                 135 -18.6536  49.9008 -99.4324 -0.0302722   0.484808    1.31698  0.878492 -0.129705  0.099294 -0.0103133 -0.0240762  0.0396059 -0.0333232 -0.0568819 -0.0803411  0.00120091 -0.00337727 -0.00408714 -0.00894248   0.0266164 -0.00819884    1.51207 -0.0221187   -9.69173  14204
               135.1 -16.5886  48.3657 -97.2063 -0.0409779   0.477122    1.30928  0.885693 -0.113221 0.0674338  -0.010336 -0.0240835  0.0394862  -0.031561   -0.10219 0.00725669  0.00214213 -0.00414144 -0.00411931  -0.0114706   0.0280605 -0.00840009    1.51231 -0.0210574   -9.69169  14621
               135.2 -13.9272  46.9658 -95.8856 -0.0431306   0.481637    1.29535   0.86086 -0.045795 0.0776068 -0.0107163 -0.0242695  0.0393233 0.0292965 -0.133705 0.0109052  0.00162237 -0.00434913 -0.00401093  -0.0225919   0.0251777 -0.00987831    1.51305 -0.0198643   -9.69158  14494
               135.3 -11.2621  43.3802 -93.7501 -0.0459337   0.488785    1.29456   0.846414 -0.0243645  0.0429556 -0.0110865 -0.0244139  0.0399966  0.0731154  -0.126399 -0.0101758 0.000501337 -0.00375612 -0.00326363   -0.023063   0.0259263 -0.00934387    1.51605 -0.0160186   -9.69112  14936
               135.4 -9.89791  41.0898 -90.5949 -0.0538268   0.486328    1.28868   0.842568  0.0167556 0.00402495 -0.0113031 -0.0244067  0.0399604 0.0124588 -0.101936 0.0491085  0.00103312  -0.0030829 -0.00400826   -0.029105   0.0268044 -0.00981636   1.51708 -0.013514  -9.69096  14785
               135.5 -6.89842  36.2222 -89.5187 -0.0645482    0.47745    1.29754    0.83953  0.0348664 -0.0263066 -0.0113799 -0.0244592  0.0401613 0.00886437  -0.121727  0.0816227  0.00194595 -0.00337283 -0.00501788 -0.0308043  0.0278274 -0.0097192    1.51837 -0.0113086   -9.69076  15244
               135.6 -5.28786  34.2066 -88.7319 -0.0689416   0.490432    1.29492   0.827461   0.069243 -0.0366042 -0.0115454 -0.0245187  0.0403081  0.0239447 -0.0761443  0.0653975  0.00185801 -0.00306707 -0.00542762  -0.0351117   0.0274607 -0.00997525     1.51995 -0.00940402    -9.69052  15056
               135.7 -4.99604  32.5156 -90.2554 -0.077223  0.501683   1.29447   0.815239   0.111202 -0.0901672 -0.0113806 -0.0246868  0.0404295     0.1003  -0.228111 -0.0449677  0.00158049 -0.00416337 -0.00475534 -0.0387878  0.0288874 -0.0097693     1.52318 -0.00475436    -9.69001  15429
               135.8 -4.92943  31.1574 -90.1658 -0.0873158   0.516676    1.29128  0.808266  0.132049 -0.118421 -0.0112839 -0.0247947  0.0405099   0.079092  -0.211198 -0.0584179  0.00145081 -0.00312235 -0.00469287   -0.040463   0.0296674 -0.00963356     1.52491 -0.00220018    -9.68974  15445
               135.9 -5.80316  31.8879 -91.0216 -0.0924515   0.503912     1.2851  0.800338  0.138931 -0.159366 -0.0109313 -0.0249272  0.0399392 -0.00335442  -0.0359581  -0.0141168  0.00138809 -0.00175428 -0.00465685  -0.0386168   0.0309211 -0.00908193    1.52751 0.00121661   -9.68933  15499
                 136 -3.29555   30.412 -91.3618 -0.0979362   0.507443    1.28985  0.798384  0.140669 -0.168735 -0.010891 -0.025022 0.0398229  -0.0317667 -0.00968608   0.0285825 0.000846896 -0.00195082 -0.00511635  -0.0378828   0.0312154 -0.00890207     1.5284 0.00203191   -9.68919  15389
               136.1 -4.31365  30.8144 -91.6827 -0.112549   0.51311    1.3002  0.796255   0.12809 -0.199437 -0.0107664 -0.0250968  0.0395937 -0.00513937  -0.0361585 -0.00568604  0.00174218 -0.00259159 -0.00507752 -0.0346569   0.032324 -0.0085374    1.52917 0.00406521   -9.68907  15521
               136.2 -4.68076  30.7756 -92.9624 -0.115188  0.520029   1.29499   0.79202  0.141168 -0.209834 -0.0105728 -0.0251012  0.0394963    0.0109452    -0.039113 -0.000663986  0.00126792 -0.00246809 -0.00493941  -0.0359003   0.0325661 -0.00842548    1.53011 0.00525823   -9.68892  15433
               136.3 -3.4442 31.8878 -91.722 -0.118411  0.519582     1.299  0.790222  0.145887 -0.212589 -0.0105297 -0.0250369    0.03934 -0.0599052 -0.0147201  0.0358229  0.00152353 -0.00177938 -0.00414659  -0.0357266   0.0325538 -0.00836438   1.53098 0.0056195  -9.68878  15423
               136.4 -2.77928  33.0268 -90.6435 -0.116871  0.527085   1.29359  0.786914  0.163001 -0.212557  -0.010302 -0.0249367  0.0392979   0.0371439  -0.0174571 -0.00704083  0.00174076 -0.00159837 -0.00345663  -0.0377482   0.0324188 -0.00828771     1.5319 0.00608768   -9.68864  15310
               136.5 -0.298979   34.5303  -89.4937 -0.117654  0.522405   1.29872  0.787472  0.152087 -0.218076 -0.0104714 -0.0249122  0.0392489  0.0219312 -0.0520307 -0.0267953   0.00116588 -0.000846343  -0.00390929 -0.0358491  0.0326144 -0.0082864    1.53182 0.00626798   -9.68865  15237
               136.6  0.98523  36.4743 -87.8889  -0.1083 0.525671  1.29067  0.788893  0.159894 -0.209245 -0.0103643 -0.0249524  0.0393373    0.07353   0.139152 0.00224707   0.00117583 -0.000326277  -0.00499179  -0.0375307   0.0324917 -0.00833201     1.5316 0.00574668   -9.68869  15168
               136.7  1.27956  38.1651 -88.4632 -0.112507   0.52743    1.2856 0.793382  0.15599 -0.20886 -0.0103793 -0.0250298  0.0397752 0.0265568  0.165095 0.0307429 0.000942275 -0.00110421 -0.00471271  -0.0394749   0.0330657 -0.00851813   1.52933 0.0055167  -9.68905  15093
               136.8  1.23358  39.0362 -88.2812 -0.113661  0.537452   1.28557  0.791763   0.16048 -0.216024 -0.0102985 -0.0250127  0.0397126 0.0341325  0.171538 0.0279862  0.00117412 -0.00147667 -0.00481268 -0.0396941  0.0332718 -0.0084276    1.52983 0.00614481   -9.68897  15075
               136.9  2.67696  41.7556 -86.8854 -0.112901  0.556051   1.29816  0.792213  0.128374 -0.228267 -0.0105707  -0.025023  0.0396276 -0.0108856   0.182478  0.0231939   0.00108129 -0.000700003   -0.0044485  -0.0352798   0.0331616 -0.00848165    1.52862 0.00620095   -9.68916  15011
                 137  3.12175  42.8012 -86.1341 -0.115406  0.546448   1.29774  0.797133  0.117672 -0.218499 -0.0107061 -0.0251087  0.0398298 -0.0275385    0.17069  0.0243134  0.00131848  -0.0010848 -0.00478315  -0.0358154    0.033133 -0.00876406    1.52651 0.00511717   -9.68949  15115
               137.1  4.41346  43.4236 -86.2107 -0.129738   0.57633   1.30557  0.800044  0.112381 -0.221332 -0.0106804 -0.0250594  0.0397797 -0.113163  0.271024  0.087088   0.0016052 -0.00199682  -0.0050373  -0.0359195   0.0333887 -0.00886884     1.5256 0.00494096   -9.68963  14979
               137.2  3.46529  43.7055 -86.6187 -0.137408  0.574823   1.31269  0.804018 0.0947134 -0.213533 -0.0106297 -0.0249946  0.0396668 -0.125022  0.168889 0.0789169  0.00278102 -0.00215138 -0.00483721  -0.0349038   0.0330597 -0.00907473    1.52376 0.00379922   -9.68992  15064
               137.3  7.88465  46.1165 -86.1033 -0.158488  0.569789   1.31141  0.814991 0.0814164 -0.219227 -0.0105543 -0.0246119  0.0399116 -0.00955282   0.0727284  -0.0356572   0.00233471 -0.000911699  -0.00453101  -0.0361813   0.0339855 -0.00951858    1.52059 0.00300344   -9.69042  15200
               137.4  8.86597  46.1258 -86.9782 -0.152564  0.573982   1.31093  0.811639 0.0824289 -0.208982 -0.0106026 -0.0246736  0.0398745 0.00189909   0.104535 -0.0404323   0.00126443 -0.000247174   -0.0038085  -0.0361045   0.0331614 -0.00954252    1.52084 0.00253044   -9.69038  15193
               137.5  11.5936  49.6538 -82.9492 -0.158258  0.577851   1.30218  0.821099 0.0735881 -0.195984 -0.0106687 -0.0247059  0.0397488  -0.0081568    0.155024 -0.00461874 0.000836477 -0.00156348 -0.00406466 -0.0380985  0.0338377 -0.0101306    1.51774 0.00129296   -9.69087  14956
               137.6  12.8049  49.2795 -80.2208 -0.152257  0.569309   1.31593  0.816186 0.0287186 -0.159105 -0.0106388 -0.0249327  0.0396323  0.011363 0.0918006 0.0256044 0.000726141 -0.00206678 -0.00455292 -0.0336421  0.0312875 -0.0104778     1.51462 -0.00122923    -9.69136  15044
               137.7  12.0744  48.8825 -79.2708 -0.151422  0.573483   1.32581    0.81253 0.00744661  -0.162303 -0.0106031  -0.024999   0.039611 0.0469698 0.0945235 0.0281081 0.000476407 -0.00203863 -0.00455242 -0.0302579  0.0304005 -0.0103272     1.51423 -0.00139229    -9.69142  14924
               137.8  10.9546  48.8212 -78.8813 -0.13935 0.571088  1.32838   0.810849 -0.0020591  -0.133951 -0.0105011 -0.0251502  0.0395383   0.0183718   0.0394639 -0.00694892 -0.000496525   -0.0025137  -0.00435498 -0.0304508  0.0293568 -0.0106924      1.5126 -0.00281558    -9.69167  14855
               137.9  9.03299  48.6073 -77.9142 -0.13779 0.563554  1.33897   0.802889 -0.0428048  -0.132557 -0.0104516 -0.0254283  0.0395023  0.0532222  0.0222162 -0.0185733 4.47575e-06 -0.00172181 -0.00406194 -0.0243867  0.0273222 -0.0104734     1.51149 -0.00348367    -9.69185  14682
                 138  7.71427  49.1764 -76.3695 -0.141232  0.572536    1.3394   0.801939 -0.0605795  -0.168304 -0.0104859 -0.0254146  0.0392484  0.0508112   0.137871 -0.0809942 -0.00130796 -0.00115925 -0.00323097  -0.0202587   0.0274668 -0.00994631     1.51225 -0.00230251    -9.69173  14653
               138.1  6.00319  49.6375 -70.4565 -0.136254  0.576366   1.34998  0.790642 -0.113478 -0.155286 -0.0104628 -0.0261553  0.0391899 0.00817946   0.218134 -0.0033249 -0.000856368 -0.000972057  -0.00360755  -0.0129679   0.0244905 -0.00981213     1.51033 -0.00364876    -9.69203  14696
               138.2  5.82933  47.7218 -65.3781 -0.143364   0.59408   1.36552  0.787195 -0.144446  -0.16562 -0.0105238  -0.026452  0.0389607 -0.136218   0.28886   0.14783 -0.000615404 -0.000852494  -0.00396101  -0.0081071   0.0234915 -0.00950575     1.50971 -0.00381107    -9.69212  14611
               138.3  7.52906   43.415 -64.0567 -0.166371  0.616226   1.38263  0.788695 -0.146023 -0.160624 -0.0105167 -0.0265722  0.0388017 -0.365643  0.332822  0.238972 -0.000298604  -0.00210749   -0.0039448 -0.00851922   0.0235147 -0.00966571     1.50913 -0.00419678    -9.69221  14880
               138.4  8.75936  33.8886 -64.4873 -0.195078  0.638925    1.4085  0.783778 -0.153391 -0.123379 -0.0101083 -0.0265545  0.0379818 -0.321085  0.320395  0.199762 0.000401555 -0.00355671 -0.00490087 -0.00939736   0.0218907  -0.0102128     1.50741 -0.00589053    -9.69248  14779
               138.5  8.75833  32.1454 -63.6049 -0.197624  0.642797   1.42349   0.776469   -0.16821 -0.0942778 -0.00974672   -0.026608   0.0377268 -0.216321  0.209435  0.188648 0.000853224 -0.00512634 -0.00518962 -0.00822409   0.0200963  -0.0104235     1.50625 -0.00708662    -9.69266  15205
               138.6  9.39781  25.3387 -63.5311 -0.207442  0.648059   1.43513   0.776074  -0.174269 -0.0882697 -0.00950817  -0.0265245   0.0374259 -0.0821349  0.0665191   0.101281 0.000902479 -0.00409158 -0.00500575 -0.00796555   0.0196909  -0.0105663     1.50561 -0.00762549    -9.69276  14763
             138.699  9.59142  21.7006 -63.2219 -0.209945   0.64709   1.42805   0.784173  -0.148858 -0.0953494 -0.00987116  -0.0266179   0.0374587   0.113042  -0.153739 -0.0532744 0.000985105 -0.00327555 -0.00439396 -0.0119855  0.0215319 -0.0107011     1.50602 -0.00711122    -9.69269  14749
               138.8 9.50117 22.3695 -61.184 -0.190449  0.625878   1.40519   0.78865 -0.129564 -0.105843 -0.00984864  -0.0267788   0.0374135  0.180773 -0.253926  -0.11677   0.0010201 -0.00314069 -0.00442589 -0.0142273  0.0227875 -0.0105224     1.50695 -0.00626185    -9.69255  14697
               138.9  9.80752  22.8104 -60.4222 -0.169072  0.606808   1.39384  0.788533 -0.122802 -0.106331 -0.00984042  -0.0268571    0.037219   0.222196  -0.263496 -0.0953951 0.000777663 -0.00246716  -0.0037648 -0.0148639  0.0227038 -0.0104927    1.50745 -0.0061293   -9.69247  14512
                 139  10.3664  21.7572 -59.1235 -0.169693  0.605119   1.39608  0.787352  -0.12742 -0.117441 -0.00983009  -0.0268873   0.0371914   0.188354   -0.23695 -0.0734248 0.000693686 -0.00180391 -0.00429681 -0.0133842  0.0227067 -0.0103675     1.50785 -0.00565342    -9.69241  14706
               139.1  10.5138  20.9177 -55.9081 -0.144788  0.592028   1.37513  0.795292 -0.103587 -0.131413 -0.00936941   -0.026959   0.0369925   0.163458 -0.0920816 -0.0649246  0.00121349 -0.00245832 -0.00447256 -0.0157127  0.0244223 -0.0097849     1.50931 -0.00455841    -9.69218  14548
             139.199  9.69612  19.9979 -54.7881 -0.131666  0.581288   1.36662   0.79461 -0.106468 -0.132529 -0.00936277    -0.02694   0.0370321   0.196365 -0.0586862 -0.0949826 0.000959687 -0.00276465 -0.00451085  -0.0156326    0.024753 -0.00976794     1.50886 -0.00438835    -9.69226  14625
               139.3  9.66602  18.6619 -54.1179 -0.126136  0.581224   1.37173  0.786176 -0.116716 -0.148269 -0.00942418  -0.0269859   0.0368429   0.136973 -0.0361916 -0.0582602 3.09185e-06 -0.00238041 -0.00470492  -0.0129406   0.0235662 -0.00996297    1.50927 -0.0037738   -9.69219  14435
               139.4  8.85112  17.1733 -54.0575 -0.123092  0.571364   1.37041  0.783673 -0.120499  -0.15088 -0.00936911  -0.0269686   0.0368414 0.0136376 -0.076257 0.0193874 0.000300581 -0.00232403 -0.00477498 -0.0125298  0.0234821 -0.0100302     1.50895 -0.00363678    -9.69224  14412
               139.5  7.99458  15.6309 -53.9778 -0.130206  0.566531   1.38058  0.777541  -0.12622 -0.160283 -0.00933568  -0.0270317   0.0367724 -0.0136086 -0.0531897  0.0503087  0.00090562 -0.00240551 -0.00510825 -0.0111149  0.0227167 -0.0102475     1.50905 -0.00323085    -9.69223  14286
               139.6  8.19294  13.7189 -54.2447 -0.130792  0.564131    1.3826  0.778338 -0.124446 -0.161724 -0.00933145  -0.0270567   0.0367795    0.0209045   -0.0635863 -0.000241446  0.00091946  -0.0024674 -0.00533511 -0.0111993  0.0228764 -0.0101722      1.5092 -0.00311402     -9.6922  14388
               139.7  8.32256  13.3266 -54.2834 -0.128468  0.563574   1.38036  0.778007  -0.12177 -0.167823 -0.0093638 -0.0271435  0.0367347  0.0675985 -0.0924783  -0.055343  0.00134172 -0.00288184 -0.00541191 -0.0108162  0.0227584 -0.0101472     1.50974 -0.00274727    -9.69212  14190
               139.8  9.00612  11.9382 -54.4141 -0.125558  0.565933   1.37592  0.776447  -0.11917 -0.177963 -0.00936573  -0.0272612   0.0366902  0.0784254 -0.0282232  -0.048943   0.0014002 -0.00257452 -0.00525338 -0.0101363  0.0225633 -0.0101018     1.51039 -0.00215204    -9.69202  14288
               139.9   8.9772  10.2409 -55.3039 -0.125437  0.562279   1.37404  0.771869 -0.122817 -0.182506 -0.00927073  -0.0273001   0.0367374  0.0882577 -0.0310278 -0.0474689  0.00138831 -0.00217625 -0.00495807 -0.00946625   0.0222869  -0.0102662     1.51016 -0.00183056    -9.69205  14315
                 140  9.25707  10.2104 -55.5906 -0.121636  0.558439   1.36416  0.774016 -0.121715 -0.181735 -0.00917474  -0.0273419   0.0367934  0.0992057 -0.0468345 -0.0488561  0.00111321 -0.00228884 -0.00511942 -0.00982518   0.0230249 -0.00995031     1.50994 -0.00170843    -9.69209  14321
               140.1  9.54985  9.42094 -55.3481 -0.122575  0.558533   1.36689  0.770893 -0.123506 -0.185039 -0.00917781  -0.0273502   0.0367906  0.0839107  -0.033529 -0.0352358 0.000866778 -0.00186734 -0.00539073 -0.00931836   0.0226061  -0.0101494     1.50997 -0.00153888    -9.69208  14282
               140.2  8.93206  8.47855 -55.6757 -0.107101  0.563491   1.36464  0.774537 -0.119139  -0.18967 -0.00918328  -0.0273522   0.0367989 0.0373345 0.0197207 0.0268213 0.000910936 -0.00207406 -0.00504558 -0.00937553   0.0227465 -0.00993134     1.51063 -0.00148766    -9.69198  14383
               140.3 9.20648  8.5297 -55.082 -0.104619  0.564197   1.36973  0.772135 -0.119995 -0.191128 -0.00920949  -0.0273444   0.0367875   0.015589 0.00369469 0.00230366  0.00125924 -0.00249329 -0.00501369 -0.00914627   0.0223604  -0.0101529     1.51064 -0.00142396    -9.69198  14453
               140.4  10.0422  7.95426 -55.3898 -0.109382  0.567798   1.36947  0.768899 -0.120028 -0.195867 -0.00920847  -0.0273425   0.0367645  0.0070352 -0.0181336 -0.0242923   0.0018213 -0.00219063 -0.00463222 -0.00874533    0.022086  -0.0103136     1.51072 -0.00106406    -9.69197  14258
               140.5  11.0295  8.40787 -54.3539 -0.108777  0.568705   1.36568  0.768559 -0.120129 -0.196008 -0.00922108  -0.0273433   0.0367675  0.0397354   0.045683 -0.0177946  0.00256354  -0.0019275 -0.00495922 -0.0087195  0.0221966 -0.0102765      1.51064 -0.000964285     -9.69198  14483
               140.6  11.7846   8.2641 -54.3259 -0.109201  0.563663   1.35649  0.771983 -0.122632 -0.185623 -0.00921432  -0.0274422   0.0369262   0.038839  0.0541592 -0.0156957  0.00238685  -0.0017845 -0.00480912 -0.00929941   0.0232917 -0.00978473     1.50987 -0.00118294     -9.6921  14461
               140.7  13.7679  7.77582 -53.6977 -0.104533  0.564171   1.35123  0.775371 -0.124768 -0.175738 -0.00923277  -0.0275589    0.037073 0.0471447  0.112173  0.007635  0.00180056 -0.00178759 -0.00514063 -0.00984851   0.0240903 -0.00944393     1.50927 -0.00152017    -9.69219  14577
               140.8  14.2748  7.05122 -53.9983 -0.102718  0.570068   1.34629  0.775092 -0.130814 -0.160544 -0.00923819    -0.02763   0.0372217  0.0950016   0.112652 -0.0163516  0.00101952 -0.00184269 -0.00505993  -0.0103494   0.0251479 -0.00916623     1.50788 -0.00164917    -9.69241  14349
             140.899  12.3055  7.82989 -54.5529 -0.0969598   0.579451    1.33002  0.775792 -0.137253  -0.14267 -0.00910428  -0.0276324   0.0369968  0.0143125   0.105962 -0.0860803 0.000485733 -0.00165846  -0.0053675  -0.0109538   0.0265509 -0.00880121     1.5063 -0.0017695   -9.69265  14748
                 141  11.1161  8.52542 -54.2423 -0.101913  0.576479   1.32197  0.772226 -0.142753 -0.128042 -0.00908195  -0.0276567   0.0368195 -0.0100486  0.0461301  -0.107436 0.000855436 -0.00187561 -0.00551207  -0.0114414   0.0267635 -0.00904872     1.50504 -0.00197843    -9.69285  14497
             141.099  10.6247  8.79968 -54.7389 -0.105846  0.572007   1.32241  0.769429 -0.145343 -0.122811 -0.00903585  -0.0276889   0.0366878 -0.019427 0.0306693 -0.105697  0.00110565 -0.00190241 -0.00515168  -0.0115612   0.0267355 -0.00924265     1.50447 -0.00198041    -9.69294  14774
             141.199  9.60476  10.3189 -54.8264 -0.108504  0.571112   1.30768  0.770475 -0.147129 -0.114099 -0.00902474  -0.0276712   0.0367169 -0.0320211  0.0371615 -0.0644648  0.00127514 -0.00178432 -0.00547895  -0.0120144   0.0269938 -0.00923962     1.50399 -0.00230669    -9.69301  14661
               141.3  8.96228  10.5165 -55.6318 -0.11293 0.564341  1.30458   0.767398  -0.151966 -0.0992949 -0.00897334  -0.0276433   0.0366767  -0.030041  0.0425179 -0.0660465 0.000756718 -0.00165295 -0.00558711   -0.012634   0.0270208 -0.00955411     1.50284 -0.00267251    -9.69319  14827
               141.4  7.39648  11.3338 -56.4681 -0.113772  0.563914   1.30346   0.765306   -0.15273 -0.0959922 -0.00902619  -0.0276616   0.0367334 -0.0602819  0.0175642 -0.0631008 0.000867325 -0.00205105 -0.00546838  -0.0128075   0.0264497 -0.00990765     1.50272 -0.00291334    -9.69321  14615
             141.499  6.78437  11.8478 -57.3914 -0.121146  0.558628   1.30327  0.761508 -0.155095  -0.09129 -0.00902064   -0.027664   0.0367341  -0.104393 -0.0074378  -0.045138  0.00104446 -0.00226424 -0.00547941 -0.0129522  0.0259619 -0.0103078     1.50227 -0.00305512    -9.69328  14647
               141.6  6.51751  12.6234 -58.7086 -0.129779  0.551999   1.30569   0.757298  -0.155726 -0.0910561 -0.0090872 -0.0276629  0.0367343 -0.0647487 -0.0348093 -0.0362586  0.00160258 -0.00245625 -0.00536422 -0.0128816  0.0248924 -0.0109441   1.50233 -0.003231  -9.69327  14604
               141.7  6.53044  12.5681 -59.6767 -0.136392  0.555322   1.29901   0.759711  -0.154267 -0.0936275 -0.00909814  -0.0276845   0.0367298 -0.0517294   0.016318 -0.0224211  0.00133366 -0.00239349 -0.00606664 -0.0128134  0.0253028 -0.0106391     1.50255 -0.00310115    -9.69324  14611
             141.799  6.05491  12.8279 -60.9717 -0.131879  0.557027   1.29545   0.764644  -0.152447 -0.0917863 -0.00913518  -0.0276533   0.0366688 -0.0247907  0.0352987 0.00211408  0.00138612 -0.00267099 -0.00582026 -0.0130947  0.0255392 -0.0103921     1.50287 -0.00346787    -9.69319  14700
               141.9  5.94643   13.081 -61.4173 -0.130754  0.558202   1.29589   0.765173   -0.15187 -0.0923951 -0.00915087  -0.0276567   0.0366535 -0.0148235   0.041086 0.00191386  0.00139209 -0.00283426 -0.00563641 -0.0130799  0.0255068 -0.0103951     1.50299 -0.00349093    -9.69317  14573
                 142  5.18183  11.9775 -62.4894 -0.13094 0.564765  1.30035   0.763582  -0.151304 -0.0951839 -0.00913763  -0.0276653   0.0366727  0.0138671  0.0324688 0.00222287  0.00170189 -0.00270806 -0.00538111 -0.0128456  0.0250822  -0.010646     1.50322 -0.00341998    -9.69313  14639
             142.099  4.67906  13.2227 -62.7425 -0.106042  0.564789    1.2943   0.769212  -0.148049 -0.0950899 -0.00906292   -0.027658    0.036639   0.140218 -0.0072969 -0.0354934   0.0016663 -0.00262602 -0.00518697 -0.0131365  0.0250436 -0.0104585     1.50383 -0.00395344    -9.69304  14504
             142.199  5.24417  12.5137 -62.4948 -0.11158 0.564583  1.30405   0.762102  -0.150921 -0.0969426 -0.00910898  -0.0276401   0.0366957   0.114231 0.00204417 -0.0251012  0.00121484 -0.00203983 -0.00559376 -0.0126708  0.0243418 -0.0111404     1.50352 -0.00361332    -9.69309  14654
             142.299  3.10497  13.5341 -64.6411 -0.0999418   0.554765    1.30622  0.759272 -0.157329 -0.085608 -0.00910233  -0.0276394   0.0366495  0.00314733 -0.00421981   0.0199628 0.000817195 -0.00198872 -0.00530191 -0.0131311   0.024437 -0.0113712     1.50225 -0.00389562    -9.69328  14466
             142.399 2.49088 13.8615 -64.383 -0.105394  0.548352   1.32218    0.75169  -0.161708 -0.0852935 -0.00912589  -0.0276851   0.0366129 -0.021723 -0.045403 0.0424913  0.00135314 -0.00222924 -0.00563398  -0.012695  0.0234685 -0.0122896     1.50183 -0.00379692    -9.69335  14651
             142.499   4.5302  14.5156 -64.7132 -0.105175  0.541116   1.33983   0.751175  -0.161417 -0.0869586 -0.00908191  -0.0275871   0.0365464  -0.0225175 -0.00589703    0.100857  0.00218101 -0.00243741 -0.00456261 -0.0124667  0.0229932 -0.0127115    1.50211 -0.0039518    -9.6933  14417
             142.599 8.55504  12.508  -63.22 -0.112661  0.544054   1.33634    0.75203  -0.161162 -0.0852146 -0.00928527  -0.0278017   0.0367792 0.0440718 0.0010277  0.053785  0.00173164 -0.00191649 -0.00435558 -0.0128689  0.0238578 -0.0119915      1.5017 -0.00361037    -9.69337  14664
             142.699  9.31641   12.286 -61.9227 -0.123667  0.546824     1.346  0.745428 -0.164323 -0.087491 -0.00949407   -0.027682   0.0369934 0.0664931 0.0230748 0.0510305  0.00182988 -0.00165846 -0.00444965 -0.0123253  0.0237372 -0.0123635     1.50129 -0.00291694    -9.69343  14575
               142.8  10.7386   12.215 -61.0427 -0.128444  0.544762   1.33911   0.745223  -0.166924 -0.0822281 -0.00976364  -0.0278902   0.0371876 0.069815 0.047124 0.036676   0.0011623 -0.00157983 -0.00468106  -0.012746  0.0244474 -0.0119004     1.50049 -0.00275635    -9.69355  14573
             142.899  10.2623  11.7473 -59.7086 -0.123716  0.549928    1.3378   0.745224  -0.171587 -0.0715369 -0.00999682  -0.0280425   0.0370917 0.0488271  0.105849 0.0288146 0.000747914 -0.00130083  -0.0047969 -0.0134259  0.0253337 -0.0114988     1.49923 -0.00276473    -9.69375  14664
             142.999  10.1242  12.3207 -59.3721 -0.130027  0.552238   1.33723   0.743327  -0.173441 -0.0707299 -0.0100865 -0.0280259  0.0370314 0.0249534  0.111577 0.0255266 0.000721862 -0.00167071 -0.00475078 -0.0133934  0.0255998 -0.0114369    1.49884 -0.0024763   -9.69381  14640
             143.099  9.80433  13.0998 -57.4638 -0.132438  0.562112   1.34511   0.742317  -0.177634 -0.0621888 -0.0101255 -0.0280895  0.0369586 -0.059839   0.11232 0.0583988  0.00122734 -0.00204093 -0.00438978  -0.013756  0.0257274 -0.0115518     1.49801 -0.00273683    -9.69394  14570
               143.2  9.44723  13.4782 -57.6841 -0.133298  0.560029   1.34695   0.742166  -0.179426 -0.0583463 -0.0101229 -0.0281228  0.0369285 -0.0548873  0.0997326  0.0551523  0.00154707  -0.0023369 -0.00398201 -0.0139322  0.0257895 -0.0116001     1.49765 -0.00288485    -9.69399  14366
             143.299  10.7166  12.4297 -55.6708 -0.142607   0.56084    1.3463  0.743868 -0.184628 -0.042694 -0.0101454 -0.0281612  0.0368315 0.0118236 0.0769678 0.0158102  0.00112283  -0.0022471 -0.00467008 -0.0150053  0.0268918 -0.0112545     1.49614 -0.00325657    -9.69423  14448
             143.399 10.2343 12.2956 -54.957 -0.126254  0.560245   1.33266  0.753642 -0.182713 -0.028168 -0.0101516 -0.0281703  0.0367822   0.122055  0.0705527 -0.0504295  0.00113751 -0.00227568 -0.00464177 -0.0164893  0.0281274 -0.0105054     1.49567 -0.00408948     -9.6943  14303
             143.499 10.3754 12.4392 -54.832 -0.122813  0.560118   1.33163  0.754025 -0.181799 -0.026024 -0.0101106  -0.028208  0.0368097   0.130017   0.071255 -0.0512284  0.00114402 -0.00227852 -0.00463729 -0.0167068  0.0280614 -0.0104798    1.49569 -0.0042019    -9.6943  14303
             143.599  10.4175  12.4708 -54.8231 -0.121131  0.558955   1.33039   0.754799  -0.181724 -0.0238471 -0.0100932 -0.0282253  0.0368175   0.133736  0.0689325 -0.0530258   0.0011479 -0.00228168 -0.00463166 -0.0168734  0.0281567  -0.010427     1.49561 -0.00429547    -9.69431  14303
               143.7  10.4392   12.461 -54.8183 -0.120495  0.559289   1.32972   0.755197  -0.181459 -0.0234548 -0.0100835 -0.0282335  0.0368183   0.135292  0.0700115 -0.0538973   0.0011516 -0.00227969 -0.00463083 -0.0169164   0.028199 -0.0103917     1.49563 -0.00431038    -9.69431  14303
             143.799  7.41054  12.9665 -53.8698 -0.0710913   0.555953    1.32766   0.752125  -0.183992 -0.0193307 -0.0100538 -0.0282331  0.0367985 -0.00115469  -0.0132674 -0.00336933  0.00115489 -0.00233711 -0.00461901 -0.0169524  0.0277497  -0.010759     1.49527 -0.00447003    -9.69436  14125
             143.899 7.13239 13.8202 -53.576 -0.0776986   0.554919    1.34083   0.749927  -0.185272 -0.0216075 -0.0101169 -0.0282864  0.0367555 -0.0638323 -0.0418667   0.100684  0.00186959 -0.00280166 -0.00465426 -0.0166573  0.0274091 -0.0108925    1.49529 -0.0044012   -9.69436  14016
             143.999 7.22987 12.5169 -54.083 -0.097963  0.549659   1.32174   0.750465  -0.184933 -0.0218472 -0.0101189 -0.0282946  0.0367761 -0.0550574 -0.0254029 -0.0694515  0.00219945  -0.0027993 -0.00489227 -0.0167003   0.027567 -0.0107878      1.4953 -0.00438569    -9.69436  14195
             144.099   7.4192   12.196 -53.6579 -0.100761  0.554843   1.30685   0.750604  -0.184824 -0.0220479 -0.0101187 -0.0282999   0.036774 -0.0262303  0.0301209 -0.0830781  0.00178865 -0.00278286 -0.00543084 -0.0166892  0.0275595 -0.0107521     1.49532 -0.00437979    -9.69435  13993
             144.199  7.39988  11.3151 -54.7465 -0.103725  0.557739   1.30551    0.75048  -0.184941 -0.0220522 -0.0101135 -0.0282945  0.0367768 -0.00372293    0.044631  -0.0597607  0.00147631 -0.00233703 -0.00493715 -0.0166638   0.027544 -0.0107785     1.49531 -0.00437666    -9.69435  14072
             144.299  7.46152  10.4247 -54.8697 -0.114622  0.562727   1.30598  0.749792 -0.185433 -0.022064 -0.0101083 -0.0282965  0.0368161 -0.0375608  0.0764885 -0.0353708  0.00129154  -0.0022333 -0.00529759 -0.0165919  0.0277155 -0.0107996     1.49522 -0.00433186    -9.69437  13928
             144.399  7.75445  10.5155 -54.5839 -0.117174  0.563478   1.32042   0.749172  -0.186137 -0.0213594 -0.0101069 -0.0282703  0.0368129 -0.018887 0.0594055 0.0137339  0.00190074 -0.00377475 -0.00467803 -0.0166417  0.0276063 -0.0110429     1.49516 -0.00438688    -9.69438  14045
             144.499  8.17158  9.51656 -54.7568 -0.116829  0.568049   1.34003   0.748191  -0.185888 -0.0231057 -0.0100718 -0.0282185  0.0368035 0.0356308 0.0473773 0.0435798  0.00234566 -0.00383395 -0.00373818 -0.0164113  0.0271428 -0.0114214     1.49531 -0.00435959    -9.69435  13899
             144.599  8.39722  8.62867 -54.4692 -0.121968  0.575116   1.34222   0.746125  -0.187133 -0.0235086 -0.0101243 -0.0282164  0.0368577  0.101187 0.0468124 0.0152563  0.00242817 -0.00379154 -0.00468968 -0.0160397  0.0278239 -0.0113067     1.49502 -0.00410931     -9.6944  14083
             144.699  9.12454  7.15701 -54.1727 -0.113561  0.575666   1.33607   0.747451  -0.188387 -0.0195269 -0.0101915 -0.0282647   0.036859   0.182039  0.0208066 -0.0252699  0.00100896 -0.00203368 -0.00647689 -0.0163578  0.0286465 -0.0109588     1.49466 -0.00417269    -9.69445  14099
             144.799  9.54232   6.9631 -54.4046 -0.118737  0.576427   1.34509   0.744448  -0.189575 -0.0207503 -0.0101921 -0.0282275  0.0369382   0.168821  0.0227273 -0.0169345 5.62726e-05 -0.00141781 -0.00672832 -0.0158887  0.0287932 -0.0112233     1.49449 -0.00394873    -9.69448  13968
             144.899  7.05521  8.62651 -56.7646 -0.104978  0.583211   1.34135   0.743055  -0.191561 -0.0171644 -0.0100566 -0.0282387  0.0368203  0.0359649  0.0639913 0.00112458 -7.47861e-05   -0.0015058  -0.00639538 -0.0158029  0.0297337 -0.0110655     1.49398 -0.00377627    -9.69456  14084
                 145  6.58141  9.27605 -57.3536 -0.112551  0.586239   1.35557   0.737617  -0.191451 -0.0224382 -0.0100685 -0.0283716  0.0366976 0.00925256   0.054457  0.0264581 0.000404006 -0.00214621 -0.00566225  -0.014974   0.029295 -0.0119448     1.49405 -0.00339692    -9.69455  13915
             145.099  6.55325  9.67647 -57.4339 -0.116859  0.596992   1.36688   0.734652  -0.192308 -0.0224746 -0.0100781  -0.028384  0.0366662 0.0154976 0.0788787 0.0471822  0.00133994 -0.00328243 -0.00485159 -0.0147266  0.0293341 -0.0123474     1.49386 -0.00323991    -9.69458  14100
               145.2  6.91424  9.40991 -56.8104 -0.122752  0.591158   1.36652   0.733398  -0.195569 -0.0145104 -0.0101136 -0.0284266  0.0366718 0.00347763  0.0549615  0.0428628  0.00105493  -0.0031902 -0.00563574 -0.0151716  0.0304134 -0.0122453     1.49308 -0.00328458     -9.6947  13905
             145.299  7.61512  8.52931 -57.1897 -0.125548  0.588411   1.37219   0.731566  -0.200523 -0.0030336 -0.0101738 -0.0284674  0.0367407   0.0235301 -0.00808363   0.0104408 0.000798915 -0.00289894 -0.00485581 -0.0159011  0.0317453 -0.0121494     1.49199 -0.00342036    -9.69487  14289
               145.4  8.05912  9.62355 -56.5393 -0.131324  0.582472   1.37485   0.727756  -0.203424 0.00119696 -0.0102689 -0.0284771   0.036789  0.0271874 0.00234817  0.0287059  0.00163256 -0.00288351 -0.00452129 -0.0157287  0.0326024 -0.0123215     1.49132 -0.00317175    -9.69497  13953
             145.499 8.10993 9.29589 -56.523 -0.131382  0.579645   1.37067   0.729209  -0.204735 0.00526828 -0.0102826 -0.0285099  0.0368119  0.0222339 0.00459549   0.023796  0.00163453 -0.00252319  -0.0045259 -0.0160867   0.033188 -0.0119016    1.49103 -0.0032844   -9.69501  14102
             145.599  9.61652  7.61058 -55.9111 -0.137157  0.570999   1.38928   0.72213 -0.209543 0.0144731  -0.010376 -0.0285098  0.0368849 0.00797429   0.011304  0.0456036  0.00168483 -0.00195934 -0.00440854 -0.0165876   0.033352 -0.0132603     1.49002 -0.00337859    -9.69517  13807
               145.7  10.4278  7.20906 -53.8442 -0.134181  0.574203   1.39724  0.720759 -0.210559 0.0161056 -0.0104312 -0.0285092  0.0369019 0.0664168 0.0708177 0.0607053  0.00122291 -0.00239843  -0.0041356 -0.0165885  0.0335459 -0.0134038     1.48981 -0.00333397     -9.6952  14137
             145.799  10.5228  6.09586 -52.7534 -0.135342  0.581451   1.39861  0.720434 -0.211563 0.0168246 -0.0105504 -0.0284864  0.0369223 0.0535578 0.0919354 0.0568753  0.00060893 -0.00203365 -0.00355218 -0.0163491  0.0342649 -0.0130063    1.48958 -0.0031397   -9.69524  13974
             145.899  10.2653   5.8311 -51.0254 -0.13703 0.585563  1.41411  0.714265 -0.212855 0.0170183 -0.0106095 -0.0284443  0.0368991 0.0343615 0.0408889 0.0691151 0.000457944 -0.00273483 -0.00380287 -0.0160899   0.033838 -0.0141031      1.4893 -0.00297188    -9.69528  14204
                 146  10.0179  4.62641 -50.4813 -0.138741  0.590412   1.41198  0.716777 -0.213469 0.0184371 -0.0106852 -0.0284207  0.0368641 -0.00322561   0.0332007    0.047917 0.000517479 -0.00187826  -0.0047149 -0.0160108  0.0347857 -0.0132449    1.48916 -0.0028886    -9.6953  13908
             146.099   11.911   3.5031 -50.0314 -0.15008 0.602348  1.41362  0.716714 -0.211869 0.0109471 -0.0107053 -0.0284079  0.0369086 -0.0556661  0.0272694  0.0249675 0.000979559 -0.00167259 -0.00529319 -0.0150808  0.0349779 -0.0128253      1.4895 -0.00247133    -9.69525  14199
               146.2  12.649 2.60496 -50.057 -0.155043  0.602389   1.41276  0.716644 -0.213493 0.0164364 -0.0106631 -0.0284024  0.0369534 0.00890336  0.0595144 0.00613584  0.00236452 -0.00101566  -0.0054266 -0.0153869  0.0356076 -0.0126862     1.48908 -0.00254384    -9.69531  13866
             146.299  13.5372  2.52555 -50.0725 -0.156508  0.606733   1.41077  0.716929 -0.213775 0.0162758 -0.0106523 -0.0284222  0.0369789    0.0504526    0.0970489 -1.16563e-05    0.0019618 -0.000755386  -0.00514622 -0.0152205  0.0359608 -0.0124253     1.48903 -0.00245907    -9.69532  14030
             146.399    15.72  3.59541 -47.1913 -0.153347  0.608664   1.41524  0.712721 -0.219078 0.0396137 -0.0107247 -0.0284041  0.0372336  0.0356385  0.0992964 0.00305181  0.00105829 -0.00112414 -0.00465044 -0.0164851  0.0376096 -0.0130947     1.48739 -0.00277962    -9.69557  13828
             146.499  16.1341  3.30562 -46.6665 -0.150171  0.605042   1.41074  0.715569 -0.221486 0.0511769 -0.0107396 -0.0284484  0.0373225   0.0159222   0.0856154 -0.00320201   0.00138049 -0.000546857   -0.0042294 -0.0173066  0.0387057  -0.012664     1.48681 -0.00309594    -9.69566  14000
             146.599  17.2123  3.57982 -45.1664 -0.15538 0.613538  1.40956  0.714771 -0.224919 0.0666253 -0.0107487 -0.0284505  0.0373743 -0.000885237     0.152163   0.00778604 0.00166548 -0.0013446 -0.0052643 -0.0180943  0.0401423  -0.012684     1.48581 -0.00333071    -9.69582  13894
               146.7   17.558  3.37014 -45.3892 -0.160081  0.612345   1.41095  0.712192  -0.23028 0.0948817 -0.0105402  -0.028384   0.037284 0.000871469    0.160065   0.0109979 0.000585722 -0.00107519 -0.00605424 -0.0197739  0.0423617 -0.0130717     1.48404 -0.00381783    -9.69609  13986
             146.799  16.8462  3.69536 -45.9194 -0.166604  0.606953   1.41047  0.710295 -0.235294  0.122719 -0.0102272 -0.0282957  0.0370627  -0.0306032    0.121719 -0.00983997 9.91626e-05 -0.00125063 -0.00607214 -0.0214157  0.0446758 -0.0133354     1.48235 -0.00429482    -9.69635  13923
             146.899  16.4264   3.9383 -46.3613 -0.170447  0.598641     1.411  0.708243 -0.238733  0.148154 -0.0100192 -0.0281782  0.0369062 -0.0815691  0.0620567  -0.012365 -0.000166486 -0.000948367  -0.00685605 -0.0232805  0.0459911 -0.0138629    1.48099 -0.0048359   -9.69655  13891
             146.999  15.2832  4.46462 -47.1433 -0.180747  0.595065   1.40716  0.709316 -0.241061   0.16357 -0.00986746   -0.028085   0.0367888  -0.144983   0.064121 -0.0244893 0.000888981 -0.00143601  -0.0062416 -0.0243871   0.047226 -0.0138267     1.48021 -0.00519039    -9.69667  13933
             147.099  15.8518  4.91283 -47.8128 -0.201703  0.579403   1.41735  0.694667 -0.244669  0.185021 -0.00960272  -0.0280283   0.0366965  -0.147827  0.0145299 -0.0181865  0.00113539 -0.00199611  -0.0060491 -0.0259076  0.0469499 -0.0158742     1.47863 -0.00550597    -9.69691  13802
             147.199   15.947  5.10154 -48.1168 -0.201922  0.575195   1.40696  0.704944 -0.245736  0.198844 -0.00960318  -0.0279024   0.0366877  -0.114319  0.0451157 -0.0203723  0.00214654 -0.00211671 -0.00522043 -0.0271419  0.0486895 -0.0147994     1.47836 -0.00597004    -9.69695  14130
             147.299  18.6786    3.468 -46.8024 -0.21212 0.575043  1.40798 0.704145 -0.24737 0.211835 -0.00964816   -0.027911   0.0367284 -0.0902557   0.100109  0.0097723  0.00161601 -0.00201773 -0.00524301 -0.0281893  0.0491919 -0.0150856     1.47774 -0.00627577    -9.69705  13589
             147.399  19.3317  2.24807 -46.3268 -0.212668   0.57688   1.41172  0.703147 -0.248344   0.22189 -0.00965054  -0.0279342   0.0366883 -0.0351852   0.102228  0.0182642  0.00153182 -0.00194019 -0.00469068 -0.0291007  0.0491739 -0.0154235     1.47733 -0.00653433    -9.69711  13943
               147.5  19.4113  1.65536 -46.1844 -0.206312  0.568216   1.41408  0.705366 -0.251736  0.252453 -0.00975757  -0.0280376   0.0366043 0.0175737 0.0933937 0.0315422 0.000817211 -0.00224488 -0.00470892 -0.0314429   0.050919 -0.0155702       1.476 -0.00722026    -9.69731  13563
               147.6    18.7818 -0.0232577   -46.2937 -0.200194  0.575323   1.40975  0.715764 -0.252278   0.26279 -0.00984015  -0.0280323   0.0365298  -0.014179   0.077535 0.00427461 -0.000676554  -0.00240309  -0.00552726 -0.0322291  0.0528101 -0.0145152     1.47584 -0.00752149    -9.69734  13855
               147.7  17.3603 -1.13844 -47.1695 -0.194969  0.576235   1.40471    0.7204 -0.252616  0.270258 -0.00987212  -0.0280276   0.0364676   0.0378984 -0.00915644  -0.0465256 -0.000197129  -0.00215485  -0.00583742 -0.0328573  0.0536118 -0.0141212     1.47568 -0.00773325    -9.69736  13544
               147.8   16.2557 -0.711145  -47.3255 -0.188985  0.570059   1.40191  0.723565 -0.253449   0.28075 -0.00990971    -0.02806   0.0363813  0.0558562 -0.0391242 -0.0583727 0.000929939 -0.00248709 -0.00572076 -0.0337169  0.0543322 -0.0139373     1.47534 -0.00800138    -9.69741  13662
             147.899  17.9445 0.562062 -46.6513 -0.187378  0.566843   1.39188  0.719059 -0.252712  0.268674 -0.00993067  -0.0280393   0.0362951    0.056802 -0.00325868  -0.0476784  0.00212023  -0.0024725 -0.00449026 -0.0325429  0.0537913 -0.0141931      1.4756 -0.00762431    -9.69737  13545
                 148  18.9253 0.191437 -46.3455 -0.178853  0.567803   1.38527 0.721452  -0.2532 0.269222 -0.00993591  -0.0280484   0.0362936  0.0883956  0.0137518 -0.0442236  0.00152205 -0.00209821 -0.00498825 -0.0324947  0.0542393 -0.0139022     1.47562 -0.00764784    -9.69737  13738
               148.1  20.1033 0.425673 -46.3226 -0.176815  0.568279   1.38311  0.716716 -0.252885   0.26888 -0.00993284  -0.0280321   0.0363357    0.0700634 -0.000359494     -0.05606  0.00113867 -0.00223196 -0.00519342 -0.0323301  0.0539249 -0.0143988     1.47542 -0.00753321     -9.6974  13568
               148.2  20.3328 0.611931 -46.5179 -0.17836 0.564391  1.38917  0.703014 -0.251367   0.27432 -0.00991289  -0.0279977   0.0363791  0.0724603  0.0293051 -0.0169481  0.00146811 -0.00200185 -0.00526927 -0.0327346  0.0527521 -0.0160542     1.47469 -0.00741889    -9.69751  13758
               148.3  20.4203 0.504786 -46.7579 -0.181086  0.563537   1.38654  0.699994 -0.252752  0.283354 -0.00985565  -0.0280216   0.0363792  0.0601328  0.0559427 -0.0139008  0.00119429 -0.00193083 -0.00533885 -0.0327817  0.0537777 -0.0162977     1.47397 -0.00737628    -9.69762  13784
               148.4  20.7265  0.45016 -46.8832 -0.184312  0.560735   1.38677  0.697701 -0.253279   0.28919 -0.00982173  -0.0280298   0.0364002  0.0594256  0.0456786 -0.0150257  0.00078336 -0.00188167 -0.00526777 -0.0329723  0.0541665 -0.0165536     1.47354 -0.00738575    -9.69769  13608
             148.499  20.1715  1.17209 -47.0992 -0.182006  0.565086   1.38675  0.689969 -0.252697  0.289934 -0.00980024   -0.028059    0.036321  0.0337542   0.040738 -0.0170669  0.00101586  -0.0016847 -0.00545273 -0.0328491  0.0537654 -0.0173359     1.47316 -0.00721941    -9.69774  13893
               148.6  19.8161  1.26263 -47.4793 -0.18625 0.560732  1.38762  0.683587 -0.253706  0.306034 -0.00974548  -0.0280924   0.0361967  0.0202052  0.0404759 -0.0198163  0.00121478 -0.00182736 -0.00491643 -0.0336872  0.0544011 -0.0181226     1.47209 -0.00731985    -9.69791  13732
               148.7  19.8287  1.39524 -47.4588 -0.191307  0.557998   1.38773  0.678996 -0.254205  0.312699 -0.00973171  -0.0281126   0.0361326  0.0120696  0.0346449 -0.0181784  0.00122358 -0.00165136 -0.00476349 -0.0339157  0.0546928 -0.0186126     1.47152 -0.00729692    -9.69799  13997
             148.799 19.7547 1.09763 -47.241 -0.19313 0.557806  1.39224  0.673286 -0.253745  0.320442 -0.00974561  -0.0281309   0.0361131 -0.0104155   0.069848 0.00753786 0.000849692 -0.00155028 -0.00527623 -0.0346226  0.0542402 -0.0193822     1.47103 -0.00738531    -9.69807  13899
             148.899  19.4168 0.743713 -47.5572 -0.197849  0.557721   1.39178  0.672119 -0.254892  0.330067 -0.00975266  -0.0281468   0.0360657  -0.0319385   0.0516163 -0.00607755  0.00112194 -0.00119659 -0.00496576 -0.0350925  0.0549574 -0.0195461     1.47046 -0.00748203    -9.69815  13781
                 149  19.3509  1.02039 -47.3083 -0.196996  0.560841   1.39531  0.670706 -0.254607  0.339669 -0.0097492 -0.0281652  0.0360706   -0.021287   0.0791874 0.000458655  0.00102966 -0.00166667 -0.00502622 -0.0361181  0.0546118 -0.0199594     1.47012 -0.00773021     -9.6982  13954
               149.1   19.065  1.24033 -47.2991 -0.199265  0.562471     1.398  0.667477 -0.254789  0.347753  -0.009757 -0.0281791  0.0360659  -0.0212831   0.0510689 -0.00664655  0.00124731 -0.00174812  -0.0051152 -0.0367681  0.0545362 -0.0204376     1.46966 -0.00784862    -9.69827  13449
             149.199 18.9573 1.00991 -47.304 -0.193396  0.560624   1.39897  0.668989 -0.254712  0.353606 -0.00974887  -0.0281914   0.0360682 -0.00983482   0.0541689 -0.00553251  0.00138817 -0.00150165 -0.00522496 -0.0374364  0.0544691 -0.0204594     1.46956 -0.00805066    -9.69829  13757
             149.299    19.18  1.00692 -47.0858 -0.196161  0.563689   1.40388  0.663974 -0.254216  0.356514 -0.00975158  -0.0281896   0.0360783 -0.0153894   0.082594   0.013495  0.00125298 -0.00164248 -0.00541851  -0.037784  0.0538433 -0.0210916      1.4693 -0.00806757    -9.69833  13478
               149.4  19.2899 0.766179 -46.9435 -0.197975  0.573648   1.40409 0.665481 -0.25586 0.369574 -0.00977318  -0.0282178   0.0360938 -0.00999347   0.0873852  0.00268623 0.000971787 -0.00162068  -0.0048739 -0.0384974  0.0550633 -0.0210061     1.46866 -0.00826686    -9.69843  13762
               149.5  19.2409  1.39568 -46.7221 -0.199899  0.574955   1.39754  0.669713 -0.257888   0.38018 -0.00978318  -0.0282473   0.0361104 -0.00927759   0.0662821  -0.0147527  0.00109393 -0.00204426 -0.00496521 -0.0388712  0.0567588  -0.020523     1.46816 -0.00841517     -9.6985  13473
               149.6  19.0781 0.838369 -46.7123 -0.197953  0.584566   1.39968  0.668616 -0.257109   0.37894 -0.00977441  -0.0282415   0.0361088  -0.00555169     0.110392 -4.06748e-05  0.00112537 -0.00154514 -0.00531234 -0.0390488  0.0560785 -0.0207376     1.46828 -0.00845107    -9.69848  13836
               149.7  19.0656  0.99704 -46.8695 -0.20004 0.582192  1.40567  0.662451 -0.257926  0.397491 -0.00974468  -0.0282453   0.0361046 -0.0176461  0.0830529 0.00545796  0.00102329 -0.00164673 -0.00522215 -0.0404483  0.0562272 -0.0216805     1.46724 -0.00872276    -9.69864  13532
               149.8 18.9979 1.25108 -46.723 -0.203795  0.586167   1.41308  0.656174 -0.257355  0.401865 -0.00973917  -0.0282348   0.0361078 -0.0252148  0.0848587  0.0183965  0.00127785 -0.00191529 -0.00525941 -0.0409554  0.0554248 -0.0225141     1.46689 -0.00876642    -9.69869  13814
               149.9  19.0725   1.4925 -46.8245 -0.199129   0.57644   1.41157 0.659925 -0.25997 0.428487 -0.00971462   -0.028251   0.0361222 0.00509128  0.0608873 0.00894312  0.00137523 -0.00211029 -0.00493195 -0.0428009  0.0572911 -0.0223961     1.46577 -0.00929805    -9.69886  13660
                 150  19.2852  1.14474 -46.9588 -0.201554  0.580907   1.40889  0.661305 -0.260995  0.432065 -0.00970806  -0.0282656   0.0361327 0.00271975  0.0706024 0.00293045  0.00125259 -0.00170062 -0.00494433 -0.0427627  0.0581816 -0.0221618     1.46553 -0.00930305     -9.6989  13867
               150.1  19.3702  1.14742 -46.8294 -0.196036  0.574838   1.41451  0.658697 -0.261656  0.451047 -0.00970099  -0.0282651   0.0361265 0.00321352  0.0599477  0.0108142  0.00112445 -0.00175424 -0.00530735 -0.0444374  0.0582875 -0.0228196     1.46469 -0.00970199    -9.69902  13626
               150.2  19.5598  1.04733 -47.6401 -0.196439  0.572622   1.41476  0.658794 -0.262909  0.462928 -0.00965605  -0.0282605   0.0361257 -0.00661899   0.0510969  0.00953895 0.000864449 -0.00162444 -0.00522913 -0.0451599  0.0591786 -0.0228936     1.46409 -0.00988458    -9.69912  13670
               150.3  19.4256  1.09482 -47.7086 -0.199622  0.569217   1.41772   0.65571 -0.263661  0.473668 -0.0096252 -0.0282564  0.0361147 -0.0202113  0.0323829 0.00541997  0.00106365 -0.00190123 -0.00536825 -0.0458823  0.0595202 -0.0233468    1.46346 -0.0100231   -9.69921  13676
             150.399   19.641  1.64575 -47.7037 -0.203132  0.567591   1.42025  0.653232 -0.264045   0.47942 -0.00961513  -0.0282534    0.036122 -0.0147788  0.0386959  0.0136258 0.000960755 -0.00237183 -0.00531535 -0.0462404  0.0596724 -0.0236732    1.46308 -0.0100762   -9.69927  13657
               150.5  19.5156  1.33294 -48.0499 -0.20188 0.564764  1.41503  0.658624 -0.265972  0.490981 -0.00961416  -0.0282674   0.0361023 -0.00823669   0.0242303 -0.00106861  0.00114974 -0.00209756 -0.00512734 -0.0468405  0.0612659 -0.0231015    1.46264 -0.0103006   -9.69933  13932
             150.601  19.6254  1.29093 -48.4547 -0.209965  0.560422   1.41787  0.65351 -0.26672 0.499735 -0.00958417  -0.0282698   0.0360958 -0.0225468  0.0249977 0.00563113  0.00118356 -0.00197003 -0.00514558 -0.0472632  0.0615915 -0.0236971    1.46196 -0.0103186   -9.69944  13611
               150.7  19.6389  1.11286 -48.7194 -0.208864  0.557572   1.41592  0.656016 -0.267828  0.509006 -0.00958686  -0.0282758   0.0360783 -0.00586629   0.0194634 -0.00167824  0.00116911 -0.00181872 -0.00512439 -0.0478839  0.0623979 -0.0235064     1.4616 -0.0105116   -9.69949  13930
               150.8  19.5561  1.52542 -49.0854 -0.206517  0.560262   1.41189   0.65977 -0.268412  0.510074 -0.00959108  -0.0282792   0.0360767 -0.00280523   0.0343352 -0.00892015   0.0011421 -0.00181045 -0.00514547 -0.0478851  0.0629768 -0.0230619    1.46165 -0.0105674   -9.69948  13571
               150.9  19.7958  1.05744 -49.4181 -0.211466  0.563312   1.41618  0.654506 -0.267877  0.510829 -0.00957751  -0.0282695   0.0360849  -0.0277093   0.0638801 0.000711798  0.00107884 -0.00156553 -0.00499456 -0.0480111  0.0623427 -0.0236986    1.46145 -0.0105179   -9.69951  13931
                 151  19.6294  1.25419 -49.3712 -0.211278  0.562226   1.42013  0.651706 -0.267388  0.511671 -0.00957611   -0.028266   0.0360888 -0.0239149  0.0594111 0.00820154  0.00131808 -0.00181082 -0.00495284 -0.0482414  0.0617846 -0.0240962    1.46138 -0.0105441   -9.69952  13583
               151.1  19.8495 0.877179  -49.298 -0.215284   0.57471   1.42205  0.651268 -0.267593  0.513012 -0.00958373  -0.0282681   0.0360889 -0.0218899   0.083236  0.0115299  0.00103497 -0.00170431 -0.00513575 -0.0482853  0.0619034 -0.0241403    1.46128 -0.0105431   -9.69954  13977
             151.199  19.6734  1.13739 -49.4747 -0.212909  0.570453   1.41558  0.656934 -0.269472   0.52364 -0.00959913  -0.0282938   0.0360758 -0.0169258  0.0734706 -0.0024659  0.00114869 -0.00188818    -0.00493 -0.0488297  0.0634205 -0.0235403    1.46088 -0.0107532    -9.6996  13702
             151.299  19.5697  1.20112 -49.8865 -0.223648  0.584172   1.42269   0.64874 -0.268596  0.520929 -0.00959337  -0.0282847   0.0360724 -0.0453512  0.0869589  0.0105072 0.000912642 -0.00205836 -0.00506306 -0.0486301  0.0624708 -0.0244297    1.46071 -0.0105564   -9.69962  13953
             151.399   19.519  1.33529 -50.0377 -0.226663  0.586054   1.41638  0.653672 -0.270363  0.529055 -0.00959412  -0.0282997   0.0360626 -0.0550612  0.0764882 -0.0045893  0.00105202 -0.00230722 -0.00508317 -0.0489429  0.0638822 -0.0238502    1.46039 -0.0106916   -9.69967  13800
             151.501  19.3237  0.94868 -50.5438 -0.23208 0.589203  1.42111  0.650098 -0.270386  0.536636 -0.00958042  -0.0283019   0.0360522 -0.0364981   0.076695 0.00517094  0.00132701 -0.00217864  -0.0051284 -0.0496552  0.0635538 -0.0244274    1.45996 -0.0108224   -9.69974  13923
             151.601  19.5161 0.718107 -50.6241 -0.238048  0.586832   1.42374  0.647225 -0.271096  0.544718 -0.00957484  -0.0283087   0.0360496 -0.0456278  0.0594469 0.00359589  0.00107644 -0.00206063 -0.00548077 -0.0501456    0.06382 -0.0248154    1.45942 -0.0108763   -9.69982  13660
             151.701 19.6023 1.42261 -51.117 -0.24482 0.589738  1.42667  0.645524 -0.271571  0.552049 -0.00956289   -0.028306   0.0360613 -0.0466671  0.0541733 0.00680191  0.00090222  -0.0026262 -0.00536241 -0.0506947  0.0639506  -0.025113      1.459 -0.0109808   -9.69988  13688
               151.8  19.5613 0.965379 -51.7693 -0.244053  0.580671   1.43831 0.639977 -0.27122 0.566161 -0.00953996  -0.0282801   0.0360512 -0.0331204  0.0165417  0.0165651  0.00100201 -0.00219111 -0.00507295 -0.0522048  0.0631189 -0.0261551     1.4583 -0.0113124   -9.69999  13659
               151.9  19.5943  1.25243 -51.6831 -0.250481  0.587167   1.44569   0.63531 -0.269444  0.557544 -0.00953761  -0.0282633    0.036051 -0.0401613  0.0304006  0.0257857  0.00122373 -0.00236581 -0.00527779 -0.0517833  0.0619307 -0.0266739    1.45862 -0.0111333   -9.69994  13640
             152.001  19.7268  1.02216 -52.0181 -0.244999   0.58886   1.44189  0.642439 -0.270688  0.562183 -0.00954362  -0.0282807   0.0360388 -0.00721769   0.0399558     0.01602  0.00128844 -0.00214297 -0.00504584 -0.0521355  0.0627675 -0.0259059    1.45867 -0.0113928   -9.69993  13714
               152.1  20.0231 0.908258 -52.3221 -0.245737  0.593104   1.44481  0.641488 -0.270371  0.561357 -0.00954161  -0.0282761    0.036039 -0.00263442   0.0494417   0.0200935  0.00108323 -0.00179961 -0.00518388 -0.0521293  0.0625517 -0.0260301    1.45869 -0.0113769   -9.69993  13513
               152.2  20.1687   1.2913 -52.2441 -0.247073  0.601536   1.44737 0.641047 -0.26984  0.55739 -0.00953635  -0.0282685   0.0360333 -0.0140668  0.0658879  0.0212826  0.00104858 -0.00204433 -0.00538595 -0.0518864  0.0622683 -0.0260465    1.45889 -0.0113132    -9.6999  13771
               152.3  20.0695  1.37667 -52.5741 -0.248031  0.592419    1.4521  0.638045 -0.270592  0.570316 -0.0095274 -0.0282686   0.036041 -0.0260354  0.0372242  0.0216589  0.00122044 -0.00198644 -0.00522101 -0.0528675  0.0624607 -0.0265969    1.45814 -0.0114867   -9.70001  13398
             152.399  20.7842  1.08592 -53.1625 -0.252476  0.593424   1.45331  0.638577 -0.271861  0.578854 -0.00951717  -0.0282752   0.0360587 -0.0385973  0.0693737  0.0249104     0.00113 -0.00151865 -0.00514289 -0.0533338  0.0631479 -0.0265817    1.45767 -0.0115844   -9.70008  14154
             152.501  21.0528  1.13976 -53.2967 -0.253989  0.595693   1.45855  0.639254 -0.273133  0.592494 -0.00952114  -0.0282896   0.0360611 -0.0385603  0.0624827   0.023035 0.000919287  -0.0016989 -0.00523089 -0.0543818  0.0636532 -0.0267173    1.45702 -0.0118754   -9.70018  13445
             152.601  21.0833 0.821408 -53.5969 -0.25507 0.594424  1.46276  0.639263 -0.273933  0.603397 -0.00952101   -0.028301   0.0360437 -0.0504259  0.0805054  0.0351174 0.000956787 -0.00152505 -0.00547048  -0.055286  0.0638693 -0.0269197    1.45651 -0.0121264   -9.70025  13913
             152.701  20.7786  1.31345 -53.2896 -0.254598  0.595966   1.46151  0.644289 -0.275641  0.614558 -0.00952754  -0.0283342   0.0360463 -0.0373855  0.0651918  0.0182072  0.00117382 -0.00227418 -0.00530753 -0.0560312  0.0648927 -0.0264688    1.45611 -0.0124292   -9.70031  13411
               152.8   21.007  1.42498 -53.5814 -0.253126  0.595786   1.46103  0.645716 -0.275869  0.616669 -0.00952672  -0.0283418     0.03605 -0.0329876  0.0565565  0.0118549 0.000983068 -0.00229256 -0.00506062 -0.0562097  0.0650632  -0.026351    1.45607 -0.0125153   -9.70032  13789
             152.901  20.9712  1.44794 -54.1087 -0.254103  0.596017   1.45675  0.650406 -0.277864   0.62897 -0.00952386  -0.0283538   0.0360352  -0.0248309   0.0421723 -0.00404519   0.0011385 -0.00197923 -0.00528551 -0.0569384  0.0663042 -0.0259142    1.45555 -0.0127761    -9.7004  13520
                 153  21.1881  1.47648 -54.1183 -0.260361   0.59959   1.45208  0.651384 -0.279002  0.631525 -0.00952842   -0.028362   0.0360276 -0.0248265  0.0374997 -0.0124048  0.00114458 -0.00199443 -0.00524913 -0.0568186  0.0671051 -0.0256977    1.45534 -0.0126875   -9.70043  13614
               153.1  21.3394  2.36241 -54.0461 -0.260322  0.610357   1.43417   0.66248 -0.280874  0.626767 -0.00949878  -0.0283808   0.0360067   -0.01762  0.0611093 -0.0454674  0.00117896 -0.00249875 -0.00500789 -0.0559511  0.0690071 -0.0241181    1.45581 -0.0126321   -9.70036  13665
             153.201  21.3327  2.30935 -54.0707 -0.259153  0.611276   1.42141 0.668262 -0.28311  0.63767 -0.00949999  -0.0284076   0.0360114 -0.000378272    0.0624684   -0.0529015  0.00129342 -0.00237566 -0.00495613 -0.0564478  0.0705554 -0.0234921    1.45535 -0.0128215   -9.70043  13731
             153.301  21.2305  2.07602 -53.8357 -0.251969  0.621227   1.41072   0.67403 -0.283269  0.635323 -0.00947825  -0.0284096     0.03602  0.0291264  0.0862505 -0.0554898   0.0013201 -0.00222603 -0.00499408 -0.0562908   0.070993  -0.022812     1.4557 -0.0129441   -9.70037  13707
               153.4  21.2253   2.3143 -53.6318 -0.248339  0.622982   1.40914  0.671743 -0.283465  0.642662 -0.00949126  -0.0284274   0.0360221  0.0325982  0.0728555 -0.0519192  0.00135837 -0.00239766 -0.00494343 -0.0569322  0.0708148 -0.0232307   1.45528 -0.013071  -9.70044  13600
               153.5   21.327  2.32622 -53.6977 -0.245839  0.622396   1.40766  0.669462 -0.284074  0.651299 -0.00949778   -0.028441   0.0360215  0.0363823  0.0655295 -0.0448523  0.00143222 -0.00224381 -0.00469315 -0.0575713  0.0708854 -0.0236221    1.45474 -0.0131678   -9.70052  13794
               153.6  21.3061  2.01871 -53.6308 -0.24437 0.622735  1.40522   0.67039 -0.284463  0.653679 -0.00950142  -0.0284489   0.0360161  0.0403128  0.0670698 -0.0463096  0.00147254  -0.0019796 -0.00478631 -0.0577013  0.0711511 -0.0235379    1.45464 -0.0132097   -9.70053  13612
               153.7  21.3772  2.21133 -53.4396 -0.240876  0.629498   1.39898  0.670272 -0.285409  0.658848 -0.00951279   -0.028459   0.0360126  0.0449626  0.0890377 -0.0387479  0.00111711 -0.00190069 -0.00495987 -0.0579134  0.0716846 -0.0235549    1.45429 -0.0132038   -9.70058  13966
               153.8  20.1241  2.64395 -53.5236 -0.237145  0.633073   1.39165  0.670901 -0.288415  0.679674 -0.00949992  -0.0284826    0.035903  0.0282249   0.116376 -0.0296953 0.000319541 -0.00187437 -0.00524195 -0.0590735  0.0733153 -0.0236197   1.45308 -0.013376  -9.70077  13818
               153.9  18.9192  2.80394 -53.8948 -0.231607  0.632352   1.37475  0.681717 -0.291017  0.691683 -0.00948632  -0.0284165   0.0358098  0.0249682   0.106162 -0.0585313 0.000672654 -0.00192377 -0.00532564 -0.0595596  0.0757672 -0.0224284    1.45267 -0.0136115   -9.70083  13742
             154.001  17.3331  3.11783 -55.0679 -0.220552  0.645449   1.35837  0.688283 -0.292158  0.701772 -0.00948919  -0.0283344   0.0357849  0.0299406    0.13819 -0.0830829 -8.40982e-05  -0.00118504  -0.00618048 -0.0602826  0.0768974 -0.0218384    1.45237 -0.0139254   -9.70087  13605
               154.1  14.7111  5.80271 -56.2876 -0.217147  0.648523   1.36138  0.681873 -0.291978  0.706574 -0.0094989 -0.0283779  0.0358042  0.0488454  0.0844449 -0.0961448 0.000216621 -0.00283747 -0.00612491 -0.0608686  0.0758094 -0.0227344      1.452 -0.0140203   -9.70093  13243
             154.201  13.9842  6.06137 -56.9056 -0.206722  0.646801   1.36987   0.67945 -0.290569  0.707527 -0.00973045  -0.0284113    0.036073  0.0711868   0.069862 -0.0886283  0.00044791 -0.00291301 -0.00568624 -0.0613872  0.0743187 -0.0233141    1.45212 -0.0142954   -9.70091  13581
             154.301 12.4674  6.6312 -56.569 -0.193143  0.649197   1.36194  0.666608 -0.286179  0.688028 -0.0097434  -0.028502  0.0360731  0.112155 -0.153794 -0.188601 0.000586823 -0.00219398  -0.0048018 -0.0603626  0.0707858 -0.0249324    1.45305 -0.0139579   -9.70077  13228
               154.4  12.4284  8.74624 -55.9842 -0.17866 0.627305    1.365  0.658164 -0.283172  0.686567 -0.00984836  -0.0285487    0.036093  0.128737  -0.21912 -0.197134  0.00133388 -0.00211108 -0.00396368 -0.0609652  0.0684945 -0.0264586    1.45311 -0.0141172   -9.70076  13790
             154.501  12.9891  9.96817 -54.1572 -0.163201  0.609417   1.34225  0.656598 -0.282242  0.680938 -0.00979456  -0.0284903   0.0359897  0.157686 -0.184864 -0.254801  0.00221331  -0.0021416 -0.00382743 -0.0605145  0.0678958  -0.026607    1.45343 -0.0139984   -9.70071  13526
             154.601  13.3391  10.0961 -52.9669 -0.141466   0.58825   1.32533  0.653598 -0.280346  0.681115 -0.00976208  -0.0284858   0.0359569  0.197594 -0.155481 -0.267054  0.00247314 -0.00163705 -0.00327033 -0.0610656     0.0669 -0.0274081    1.45346 -0.0141783   -9.70071  13993
             154.701  13.2529  10.2642 -54.0895 -0.138688  0.592301   1.32841  0.652447 -0.278745  0.675889 -0.00973139   -0.028498   0.0358232   0.20097 -0.134781 -0.258564  0.00240217 -0.00144758 -0.00219683 -0.0607134  0.0661834 -0.0277313    1.45382 -0.0141107   -9.70065  13947
               154.8  14.5003  10.9725 -51.5356 -0.114495  0.568285   1.30902  0.652412 -0.278685  0.684658 -0.00983412   -0.028655   0.0359382  0.177555 -0.067733 -0.220412  0.00236817 -0.00157938 -0.00228975 -0.0621733   0.066254 -0.0282933     1.4533 -0.0145613   -9.70073  14545
               154.9  15.8729  10.5738 -49.0065 -0.0987031   0.544832    1.28889  0.653013 -0.281651  0.696537  -0.010324 -0.0289812  0.0362429    0.17725 -0.0295678  -0.172468  0.00225704 -0.00174441 -0.00248528 -0.0636836  0.0676395 -0.0285935     1.4523 -0.0149452   -9.70088  14720
             155.001  16.7536  10.1661 -46.6049 -0.0790918   0.534177    1.27039 0.652688 -0.28338 0.701035 -0.0105428 -0.0291245  0.0363108   0.207245 -0.0113873  -0.175824  0.00215716 -0.00191024 -0.00260516 -0.0643258  0.0682238 -0.0287584    1.45186 -0.0151174   -9.70095  14978
             155.101  17.9285  10.3208 -43.4767 -0.0384002   0.526468    1.25604  0.647682 -0.286996  0.704836 -0.0105986  -0.029096  0.0362953   0.239176  0.0671763 -0.0826845  0.00178005 -0.00136461 -0.00315204 -0.0646139  0.0678369 -0.0297207    1.45142 -0.0153109   -9.70101  14902
               155.2 18.7464 10.2402 -43.952 -0.0571194   0.516878    1.26672  0.639366 -0.293136   0.69961 -0.0106839 -0.0289128  0.0366031   0.183593  0.0401581 -0.0658873 0.000980825 -0.00110059 -0.00266792 -0.0635471  0.0680288 -0.0307071    1.45096 -0.0150794   -9.70108  15191
               155.3  18.5272  10.9239 -40.2307 -0.0340373   0.524874    1.25945  0.636831 -0.295058  0.697334 -0.0106929  -0.028881  0.0365198  0.130988 0.0782385 -0.024804  0.00111041 -0.00174388 -0.00365693 -0.0634201  0.0684399 -0.0308777    1.45079 -0.0150778   -9.70111  15217
             155.401  18.8777  11.0539 -38.9235 -0.0265297   0.532169    1.26577  0.631345 -0.298643   0.69316 -0.0106756 -0.0288272  0.0364948  0.112525 0.0798657 0.0102609  0.00121828 -0.00158757 -0.00389759 -0.0625372  0.0677373 -0.0314474    1.45076 -0.0150059   -9.70111  15268
             155.501  18.9037  10.9568 -38.1719 -0.0252511   0.536112    1.27089  0.627672 -0.300813  0.687726 -0.0105702 -0.0287962  0.0364154 0.0723222  0.115832 0.0578732   0.0012158 -0.00123562 -0.00423486 -0.0620627  0.0679772 -0.0316729    1.45072 -0.0149986   -9.70112  15310
             155.601 18.5386 11.3576 -37.579 -0.015115  0.537058   1.26215  0.634905 -0.295395  0.693353 -0.0104512 -0.0286827  0.0362366 0.0575205   0.12087 0.0378487 0.000897217 -0.00151211 -0.00451331 -0.0640003  0.0702361 -0.0309057    1.45058 -0.0152327   -9.70114  15184
             155.701  18.3839  12.2711 -37.2435 -0.0153771   0.540824    1.26396  0.634044 -0.295466  0.690317 -0.0102637 -0.0286442  0.0361724 0.0161232 0.0932266 0.0358854 0.000519876 -0.00207718 -0.00450648 -0.0641257  0.0709345 -0.0308975    1.45057 -0.0153233   -9.70114  15414
               155.8  17.8943  12.1505 -36.9676 -0.0190148   0.542841    1.26762 0.632349 -0.29637 0.687889 -0.0101159 -0.0286071  0.0361039 -0.023846 0.0946442 0.0526997 0.000838919 -0.00194721 -0.00473813 -0.0641454  0.0713761 -0.0309965    1.45055 -0.0154256   -9.70114  15309
               155.9  17.4269  12.6856 -36.8321 -0.0207344   0.547665     1.2753  0.631313 -0.297182  0.689246  -0.01005 -0.028549 0.0360702 -0.0298057   0.109946  0.0990938 0.000820991 -0.00231695 -0.00488936 -0.0644253  0.0716018 -0.0311106    1.45049 -0.0155259   -9.70115  15588
             156.001  16.4971  12.6265 -37.2841 -0.02621 0.550502  1.28112   0.63332 -0.294736  0.688933 -0.00987839  -0.0284307   0.0359624 -0.0752964   0.126685   0.136695 0.000766119  -0.0022772 -0.00481512 -0.0653267  0.0729129 -0.0309091    1.45052 -0.0156935   -9.70115  15426
               156.1  15.5975  12.0225 -37.5697 -0.0277055   0.560778     1.2892  0.636514 -0.292308  0.694345 -0.00992453  -0.0283544   0.0359367 -0.0937158   0.156792   0.161567 0.000708871 -0.00210342 -0.00507692 -0.0662102  0.0733874 -0.0307138    1.45046 -0.0157149   -9.70115  15577
               156.2  14.0084  11.2206 -38.5432 -0.0303575   0.577298    1.31435 0.633838 -0.29624 0.703318 -0.00997616  -0.0283236   0.0359311 -0.100139  0.179874  0.196213 0.000555607 -0.00192904 -0.00540052   -0.06637  0.0724452 -0.0311153     1.4502 -0.0157163   -9.70119  15191
               156.3  12.8165  11.9064 -39.4721 -0.0339528   0.588932    1.33035  0.636053 -0.294293   0.70859 -0.00995216  -0.0281856   0.0358636 -0.0886302   0.146904   0.166282 6.54339e-05 -0.00227178 -0.00531288 -0.0675082  0.0731373 -0.0309873    1.45015 -0.0158112    -9.7012  15146
             156.401  11.4332  11.3517 -40.3318 -0.0403941   0.600555    1.34876  0.635093 -0.295772   0.71251 -0.00995312  -0.0281437   0.0358353 -0.117699  0.127375   0.14688 0.000143211 -0.00185762 -0.00551381 -0.0678074  0.0729275 -0.0311632    1.45006 -0.0158486   -9.70121  14612
               156.5  10.9445  11.7764 -41.1515 -0.0402866   0.601723    1.35807  0.633042 -0.298457   0.71543 -0.00996842  -0.0281193   0.0358229 -0.0913038  0.0979202   0.138241  0.00015256 -0.00219739 -0.00502287 -0.0677802  0.0724666 -0.0314486    1.44997 -0.0158757   -9.70123  14530
               156.6  9.64381  12.0869 -41.5893 -0.0443707   0.614431    1.36611  0.635321 -0.296371  0.717754 -0.0100175 -0.0281254  0.0358489 -0.0421354  0.0456948  0.0726044 0.000430003 -0.00185565 -0.00488578 -0.068005 0.0723259 -0.031236    1.44997 -0.0157673   -9.70123  14256
               156.7  8.77504  13.0185 -41.6569 -0.0431962   0.625251    1.37148  0.636075 -0.295883  0.721127 -0.0100339   -0.02814  0.0358579 -0.0418098  0.0397503  0.0468132 0.000578924 -0.00215144 -0.00469307 -0.0680468  0.0715797 -0.0312149    1.44994 -0.0156155   -9.70123  14259
               156.8  8.30595  13.3743 -40.8327 -0.0455116    0.63255    1.37654   0.63588 -0.296094  0.721966 -0.0099701 -0.0281307   0.035807 0.00313518   -0.02483 0.00174297 0.000570912 -0.00200353 -0.00464386 -0.0677587  0.0709596 -0.0312317    1.44994 -0.0154896   -9.70123  14230
               156.9  8.13864  13.7044 -39.6203 -0.0439892   0.630902    1.38235  0.634487 -0.297973  0.722488 -0.00991419  -0.0281172   0.0357682   -0.0210441     -0.03627 -0.000296158 0.000651619 -0.00172592  -0.0041196 -0.0674109  0.0702746 -0.0315893    1.44996 -0.0154426   -9.70123  14209
                 157 8.07623  14.373 -38.215 -0.0420828   0.629798    1.37951   0.63499 -0.297062  0.723748 -0.00982156  -0.0281251   0.0357472 -0.0102604 -0.0507863 -0.0310649 0.000570284 -0.00204014 -0.00382509 -0.0676513  0.0700552 -0.0314844    1.44997 -0.0153851   -9.70123  14358
             157.101  6.97256  14.6012 -36.4535 -0.0329319    0.63145    1.36814  0.636244 -0.294355  0.727101 -0.00957231  -0.0281541   0.0357876  0.0480021  -0.050841 -0.0650818  0.00075628 -0.00186636  -0.0030135 -0.0683405   0.069493 -0.0311217    1.44998 -0.0152216   -9.70123  14152
             157.201 6.84668 14.8007 -33.222 -0.0201349   0.633393    1.35112   0.63769 -0.290475  0.730691 -0.0092671 -0.0282487  0.0358524  0.0513482 -0.0271787 -0.0718794 0.000371403 -0.00157822 -0.00275539 -0.0694206  0.0691146 -0.0305378    1.44997 -0.0150692   -9.70123  14193
             157.301   6.6963  15.7792 -30.1224 -0.0116626   0.634003    1.34187  0.638037 -0.289436  0.732351 -0.00912063  -0.0283089   0.0358818  0.0516702 0.00479332 -0.0825011  0.00048367 -0.00201555 -0.00252081 -0.0698013   0.068872 -0.0304106    1.44996 -0.0149998   -9.70123  13998
               157.4  7.03495  16.0656 -26.9147 -0.0117082   0.648159    1.33187  0.637771 -0.290067  0.733973 -0.00903154  -0.0281363   0.0358489 0.0601119  0.118924  -0.12093  0.00051443 -0.00193059 -0.00254397 -0.0691513   0.068595 -0.0303345    1.44978 -0.0148866   -9.70126  14254
             157.501  7.47647  16.0596 -23.6259 -0.00904501    0.659732     1.32543  0.637156 -0.292566  0.732209 -0.00909971  -0.0280404   0.0358351 0.0827667  0.160748 -0.161851 0.000649706 -0.00189637  -0.0035598 -0.0684495  0.0686079 -0.0307011    1.44982 -0.0149358   -9.70125  13942
               157.6  8.15702  16.6597 -22.0659 -0.00554867    0.671094     1.31332   0.63674 -0.295847  0.725962 -0.00919569  -0.0279125   0.0358756 0.0946158  0.187273 -0.247842 0.000722148 -0.00202569 -0.00384252 -0.0674157  0.0690717 -0.0311904    1.45004 -0.0151554   -9.70122  14379
               157.7  8.66236  16.9754 -21.8779 -0.00924478    0.686184     1.29665  0.636325 -0.300428  0.720117 -0.00917206  -0.0278027   0.0359331 0.0615543  0.216888 -0.365756  0.00077097 -0.00207603  -0.0038146 -0.0658155  0.0693755 -0.0316361    1.45015 -0.0153461    -9.7012  14090
               157.8  8.03232  16.8149 -21.8887 -0.00849166    0.683971     1.29957  0.635322 -0.304623  0.716301 -0.00913295  -0.0277447   0.0359378 0.0548148  0.213117 -0.382603  0.00143757 -0.00200842 -0.00387852 -0.0649832  0.0694561 -0.0322867    1.45037 -0.0154576   -9.70117  14655
               157.9   8.0984   17.155 -21.9464 0.0119117  0.710169   1.23351  0.63412 -0.30758 0.711154 -0.00902497  -0.0275702   0.0359282  0.110625  0.209992 -0.529703  0.00133546 -0.00218508 -0.00428718 -0.0647581  0.0696609 -0.0331391    1.45085 -0.0155728    -9.7011  14853
                 158  7.68153  17.3107 -21.6467 0.018165 0.720192  1.21512  0.632431 -0.310315   0.71225 -0.00907958  -0.0275511   0.0359144  0.107326   0.21432 -0.562891  0.00174383   -0.002312 -0.00466082 -0.0643716  0.0692353 -0.0334182    1.45081 -0.0154784    -9.7011  15276
             158.099  7.31758  16.3273 -22.4501 0.0518371  0.729596   1.13175  0.633033 -0.310169  0.699087 -0.00869818  -0.0272323   0.0358378  0.162002   0.15514 -0.569462  0.00135001 -0.00229612 -0.00440285 -0.0647173  0.0705405 -0.0346106      1.452 -0.0158433   -9.70092  15596
             158.199  7.50306   14.872 -21.4998 0.0715146  0.729599   1.07377   0.63375 -0.312125  0.688001 -0.00849909  -0.0271279   0.0358367  0.155206  0.081218 -0.512941  0.00138693 -0.00179174 -0.00442249 -0.0640226  0.0714944 -0.0352573    1.45276 -0.0162033   -9.70081  16062
               158.3 7.42798 14.5549 -21.006 0.0901499  0.736974   1.03647  0.632753 -0.311521  0.691211 -0.00852639  -0.0271014   0.0357943  0.190169 0.0835506 -0.444468  0.00158826 -0.00137344 -0.00425653 -0.0646141  0.0711929  -0.035331  1.45269 -0.01602 -9.70082  15885
               158.4   7.7522  14.8025 -19.3755 0.111817 0.748118 0.981358  0.634678 -0.305988   0.69308 -0.00852143  -0.0271185   0.0357834  0.125359 0.0959152 -0.328638  0.00143007 -0.00105902 -0.00429794 -0.0658758  0.0715611 -0.0349474    1.45267 -0.0159901   -9.70082  16144
             158.501  7.38735  14.6972 -19.3845 0.116145 0.752613 0.968853  0.636356 -0.301169  0.697117 -0.00851685  -0.0271324   0.0357814  0.133046  0.108234 -0.327148   0.00169051 -0.000953609  -0.00419061  -0.067104  0.0717112 -0.0345694    1.45251 -0.0158812   -9.70085  16062
             158.599  7.45225  14.9547 -18.5118 0.135792 0.760751 0.934519  0.637252 -0.296671  0.697832 -0.00850464   -0.027129   0.0357842 0.0926797  0.120372 -0.216238   0.00169635 -0.000395118  -0.00391213 -0.0685483  0.0721042 -0.0343653   1.45268 -0.015771  -9.70082  16197
             158.701  7.22624  15.5996 -17.4224 0.148847  0.77066  0.90258  0.639216 -0.287908   0.69735 -0.00846613  -0.0271268   0.0358165 0.0428061  0.149831 -0.174182   0.00179541 -0.000424623  -0.00399253 -0.0707361  0.0728567 -0.0338069    1.45295 -0.0157228   -9.70078  16236
               158.8  8.14694   16.908 -16.0679 0.154014 0.771714 0.885493  0.636426 -0.285816  0.684623 -0.00854408  -0.0271134   0.0359062 -0.00752765    0.125456   -0.120262  0.00142461 -0.00122496 -0.00418135 -0.0710498  0.0733818  -0.033765    1.45385 -0.0159275   -9.70065  16115
               158.9  8.77004  17.9147 -15.1051 0.158455 0.792474 0.856755  0.637474 -0.277956  0.683312 -0.00847807  -0.0271319   0.0360098 -0.0688398   0.181696 -0.0507699  0.00107006 -0.00138052 -0.00443251 -0.0733244  0.0741052 -0.0332919    1.45424 -0.0157839   -9.70059  16135
                 159  8.56265  17.7717 -14.5862 0.163521 0.795062 0.852651 0.634038 -0.27971  0.67442 -0.00849262  -0.0271128   0.0360699 -0.0851731   0.162779  -0.021604 0.000847658 -0.00154625 -0.00461499 -0.0737449  0.0744051 -0.0334199    1.45504 -0.0156722   -9.70047  16168
               159.1  8.27958  18.1055 -14.2843 0.162753 0.798329 0.846847  0.631723 -0.277599  0.664151 -0.00845848  -0.0270821   0.0360957 -0.118316  0.112789 0.0108771 0.000658478 -0.00191356 -0.00470249 -0.0746422  0.0749555 -0.0333437    1.45591 -0.0156467   -9.70034  16081
             159.199  8.04083  17.7006 -14.4465 0.159755 0.789709 0.851148  0.627909 -0.278657  0.648221 -0.00838693  -0.0270406   0.0360828 -0.099469 0.0624126 0.0979671 0.000832455 -0.00174102 -0.00445574 -0.0745271  0.0753784 -0.0334543    1.45703 -0.0157658   -9.70017  16126
               159.3  7.14716  17.8441 -14.3681 0.165648 0.788112 0.859935  0.626642 -0.276203   0.64497 -0.00835191  -0.0269719   0.0360367 -0.0948525  0.0829779   0.234811  0.00144084 -0.00118142 -0.00405467 -0.0760564  0.0758945 -0.0333553    1.45759 -0.0154921   -9.70009  16019
               159.4  7.03694    17.41 -14.1193  0.16872  0.78585 0.867744  0.626362 -0.271248  0.640288 -0.00832222  -0.0269247    0.035966 -0.134337  0.104911  0.304565   0.00136981 -0.000749867  -0.00413566 -0.0775823  0.0765182 -0.0331279    1.45815 -0.0153725       -9.7  16041
               159.5 6.39683 17.6098 -14.075 0.154776 0.796234 0.901697  0.627516 -0.262414  0.636626 -0.0082888 -0.0268625  0.0359142 -0.19948 0.138004 0.393322 0.000962436 -0.00106582 -0.00431647 -0.0796757  0.0773288 -0.0327268    1.45864 -0.0152994   -9.69993  15874
               159.6  5.63994  17.4995 -13.7493 0.137733 0.807302  0.94088  0.627038 -0.261607  0.635801 -0.00827869  -0.0268494   0.0358863 -0.280936  0.130302  0.458895 0.000765981 -0.00166173 -0.00442506 -0.0802701  0.0775199 -0.0326759    1.45883 -0.0151679    -9.6999  15988
               159.7  5.67247  16.9738 -13.6885 0.117235 0.810064  1.00011  0.621011 -0.274684  0.627958 -0.00823458   -0.026853   0.0358562 -0.290925  0.101546  0.504117  0.00051295 -0.00246216 -0.00447836 -0.0783796  0.0769723 -0.0331826    1.45933 -0.0149793   -9.69982  15754
               159.8 5.26289 16.3573 -13.797 0.0874221  0.805843   1.05969  0.616505 -0.280518  0.610117 -0.0081823 -0.0268504  0.0358684 -0.281737 0.0575066  0.523111 0.000486765 -0.00285982  -0.0044001 -0.0765865   0.076891  -0.033434     1.4603 -0.0152848   -9.69968  15944
               159.9  4.88291  15.2567 -13.6787 0.0621418  0.808123   1.11617  0.614595 -0.284829  0.606774 -0.00815586  -0.0268531   0.0358585 -0.260745 0.0528504   0.49539 0.000523464 -0.00273911 -0.00472139 -0.0758806  0.0767424 -0.0336239    1.46051 -0.0152518   -9.69965  15809
                 160  3.62824  13.9378 -13.7244 0.0468996   0.81057   1.17406   0.61048 -0.296395  0.606981 -0.00806486  -0.0268953    0.035804 -0.226695 0.0605796  0.447861  0.00122708 -0.00265438 -0.00470465 -0.0746209  0.0761848 -0.0341804    1.46058 -0.0148745   -9.69964  15850
               160.1  2.97628  13.1457 -13.9756 0.0205096  0.817996   1.21108 0.611938 -0.29235 0.606092 -0.00809254   -0.026885   0.0358206 -0.227194 0.0808182  0.377671  0.00124674 -0.00294066 -0.00474516 -0.0749897  0.0764287 -0.0339646     1.4606 -0.0150464   -9.69963  15540
               160.2  2.61919  12.5308 -14.0195 0.00246462   0.818714    1.23687  0.613583 -0.284775  0.600724 -0.00811646  -0.0268582    0.035797 -0.183061 0.0670642  0.321582  0.00108617  -0.0034804 -0.00498394 -0.0761685  0.0771844 -0.0336517    1.46107 -0.0152305   -9.69956  15596
               160.3  1.64787  11.4989 -14.2552 -0.0182155   0.829886    1.27598  0.612838 -0.288368  0.603809 -0.00810874  -0.0268744   0.0358158 -0.152674 0.0563998  0.322576  0.00116941 -0.00352536  -0.0053334 -0.0755841  0.0767555 -0.0338024    1.46079 -0.0151365   -9.69961  15459
             160.399 0.616936  10.3389 -15.6665 -0.0344693   0.835265    1.31412  0.611555 -0.294206  0.604224 -0.00807923  -0.0269192   0.0358384 -0.148238 0.0264055  0.308692   0.0012648 -0.00307229 -0.00523314 -0.0744002  0.0763774 -0.0341548    1.46066 -0.0151105   -9.69963  15397
               160.5 -0.015618   9.62745  -16.6858 -0.0419218   0.839662    1.33307   0.61107 -0.295148  0.606099 -0.00810614  -0.0269104   0.0358391 -0.130478 0.0237419  0.270965  0.00142636 -0.00287333 -0.00531909 -0.0744772  0.0761276 -0.0342145    1.46053 -0.0149687   -9.69965  15281
             160.599 -1.14208   7.9498 -18.6514 -0.0677495    0.84264    1.37346  0.611563 -0.298348  0.605583 -0.00803446  -0.0270058   0.0358698 -0.137919 0.0445909  0.228207  0.00162005 -0.00275986 -0.00582832 -0.0732311  0.0762464 -0.0344102    1.46047 -0.0152285   -9.69965  15308
               160.7 -2.29123  5.99475 -21.0266 -0.0869627   0.847294    1.39677  0.612261 -0.299291  0.605815 -0.00797478  -0.0270948   0.0358986 -0.113581 0.0658618  0.188076  0.00173928 -0.00248125 -0.00563734 -0.0725506  0.0764226 -0.0343975    1.46039 -0.0154559   -9.69966  15334
             160.799 -2.76041  4.16353 -23.0331 -0.102174  0.861763   1.41503    0.6124 -0.301359  0.609853 -0.00802763  -0.0271897   0.0359346 -0.0792301  0.0730314    0.13973  0.00176108 -0.00246725 -0.00564149 -0.0720151  0.0760068 -0.0343226   1.45995 -0.015447  -9.69973  15072
               160.9 -2.13393  4.04931  -24.824 -0.125934  0.871264   1.43129  0.614065 -0.304121  0.614964 -0.00796096  -0.0273899   0.0359598 -0.0740884  0.0745378  0.0809853  0.00194727 -0.00313704 -0.00579547 -0.0704625  0.0761421 -0.0342486   1.45943 -0.015851  -9.69981  15270
                 161 -1.71108  2.42015 -27.9448 -0.146705  0.883705   1.44868  0.615708 -0.306559  0.618574 -0.00786008  -0.0275209   0.0360004 -0.0265558   0.120394  0.0679797  0.00267537 -0.00326361 -0.00564856 -0.0691856  0.0764872 -0.0345882    1.45913 -0.0161201   -9.69985  14920
             161.099 -1.28165 0.700377 -30.2145 -0.150764   0.90161   1.45119  0.615495 -0.307451  0.620482 -0.00789627  -0.0275883   0.0359885 0.0156379  0.168215 0.0540864  0.00282297 -0.00259659 -0.00569499 -0.0689713  0.0761749 -0.0343942    1.45889 -0.0160959   -9.69989  15269
             161.199 -0.276445  -1.01261  -32.2263 -0.161645   0.92266   1.46094  0.616429 -0.308735  0.624503 -0.00783008  -0.0276619   0.0360535 -0.00440834    0.215552   0.0450859  0.00256603 -0.00185787 -0.00589195 -0.0681363   0.076445   -0.03449     1.4586 -0.0162896   -9.69993  15000
             161.299 0.266763 -1.77759 -34.7534 -0.174628  0.950481   1.48432  0.618393 -0.308662  0.628186 -0.0077699 -0.0276223  0.0360764 -0.0303351    0.27799  0.0588916  0.00250905 -0.00196397  -0.0060835 -0.0674723  0.0772207  -0.035314    1.45848 -0.0164427   -9.69995  15212
               161.4 0.577382 -2.37261 -35.4023 -0.181674  0.949599   1.48116  0.617937 -0.308612  0.631198 -0.00772518  -0.0276429   0.0361495 -0.0487842   0.267645  0.0480832  0.00226148 -0.00175349 -0.00610281 -0.0672498  0.0779067 -0.0348711    1.45844 -0.0167873   -9.69996  14864
               161.5 0.437453  -4.5476 -39.0506 -0.192503  0.983949   1.48067  0.616308 -0.309779  0.633974 -0.00772373  -0.0276314   0.0361339 -0.0647906   0.269536  0.0265746  0.00250268 -0.00175691 -0.00560433 -0.0671639  0.0783696  -0.034277    1.45839 -0.0170586   -9.69996  15062
               161.6 0.208912 -6.31381  -40.463 -0.202165   1.00099   1.46929  0.613568 -0.312876  0.638679 -0.00776767  -0.0276209    0.036082 -0.0702393   0.267248 0.00095553  0.00239599 -0.00167311 -0.00553841 -0.0667192  0.0786281 -0.0332863    1.45816 -0.0173594       -9.7  14939
             161.699 0.521768 -7.70711 -41.9057 -0.222089    1.0103   1.48222  0.613479 -0.312441  0.648145 -0.00784646  -0.0275373   0.0359854 -0.111263  0.218295 0.0207546   0.0020069 -0.00162439 -0.00555676 -0.0666251  0.0800177 -0.0337116   1.45787 -0.017619  -9.70004  15038
               161.8 0.801516 -7.97617 -43.1111 -0.246933   1.01243   1.49122  0.611848 -0.313987   0.66063 -0.00800005  -0.0274635    0.035894 -0.162981  0.182331 0.0162846  0.00200735  -0.0022322 -0.00552053 -0.0664302  0.0814229 -0.0337568     1.4574 -0.0179265   -9.70011  14970
               161.9  1.40626 -8.59257 -44.4279 -0.268583   1.01908   1.49568 0.610212 -0.31625   0.6679 -0.00811602  -0.0274561   0.0358818 -0.144521  0.151348 0.0170094  0.00200524 -0.00279175 -0.00535444 -0.0663788  0.0821396 -0.0336238    1.45711 -0.0181086   -9.70015  14948
             161.999   1.8431 -8.84112 -45.1111 -0.284078   1.00951   1.50905  0.609505 -0.316905  0.678937 -0.00829345  -0.0274513   0.0358948 -0.121908 0.0862121 0.0342356  0.00175103 -0.00322359 -0.00546117 -0.0667447  0.0834114 -0.0339801    1.4567 -0.018286  -9.70021  15222
               162.1  2.64061 -9.14852 -46.4058 -0.297693  0.999855   1.50991  0.606018 -0.323746  0.689451 -0.00839729  -0.0274912    0.035944  -0.100762 0.00566521  0.0308758   0.0011324 -0.00314816 -0.00526178 -0.0662973  0.0839338 -0.0333015    1.45616 -0.0185142    -9.7003  15148
               162.2  2.62794 -9.55949 -47.4026 -0.308326  0.999085   1.50279  0.603369 -0.329345  0.691918 -0.0083995 -0.0275062  0.0359409  -0.117394 0.00311272  0.0122981  0.00121541  -0.0027667 -0.00533339 -0.0655608  0.0836604 -0.0325214    1.45595 -0.0186065   -9.70033  15405
               162.3  2.75375 -9.65551 -48.1083 -0.316129   0.99808   1.50693  0.604132 -0.328014  0.687625 -0.00838696  -0.0275215   0.0359667  -0.151161 -0.0199574  0.0263974  0.00124851 -0.00296194  -0.0050389 -0.0658114  0.0834852  -0.032685    1.45618 -0.0186036   -9.70029  15252
               162.4  3.88915 -9.82731 -48.8849 -0.327431  0.989606   1.51064  0.603784 -0.329631  0.683344 -0.00837854  -0.0275601   0.0359948   -0.1346 -0.036807 0.0321503  0.00139491 -0.00304092 -0.00497483 -0.0658366  0.0831536 -0.0325336    1.45636 -0.0186842   -9.70027  15384
               162.5  4.14035  -9.3257 -49.1361 -0.332499  0.980735   1.50575  0.600908 -0.336966  0.685211 -0.00836832  -0.0275978   0.0360234  -0.103341 -0.0516139  0.0316465  0.00146221 -0.00348867 -0.00509155 -0.0649841  0.0828008 -0.0317242    1.45615 -0.0188033    -9.7003  15284
               162.6  4.27632 -11.1289 -50.1829 -0.345798  0.968844   1.51617  0.601446 -0.336092  0.688429 -0.0083916 -0.0276209   0.036014  -0.116627 -0.0567908  0.0597282  0.00146115 -0.00245783 -0.00485608 -0.0655252  0.0831966 -0.0319849    1.45602 -0.0188606   -9.70032  15517
               162.7  4.55077 -10.8177 -50.1107 -0.349054  0.961829   1.51521  0.599803 -0.341223   0.68492 -0.00837023  -0.0276428   0.0360183  -0.132589 -0.0594955  0.0509195  0.00144686 -0.00258722 -0.00488725 -0.0648607  0.0826273 -0.0313901     1.4561 -0.0189584    -9.7003  15396
               162.8  4.76271 -11.1078 -50.6528 -0.345893  0.958992   1.51793  0.600243 -0.340889   0.67736 -0.00835498  -0.0276505   0.0360251  -0.134287 -0.0564697  0.0563805   0.0015353 -0.00237355 -0.00448884 -0.0649495  0.0821362 -0.0313812    1.45646 -0.0190127   -9.70025  15388
               162.9  6.52329 -11.3228 -50.0622 -0.356389  0.956812   1.52309  0.599864 -0.343691  0.659847 -0.00822779  -0.0276697   0.0359546  -0.0941387 -0.00754797   0.0581342  0.00152969 -0.00230567 -0.00477709 -0.0642341   0.080697 -0.0308449    1.45726 -0.0191126   -9.70013  15395
                 163  6.66629 -11.5548 -50.1425 -0.353016  0.963914   1.52538   0.60107 -0.340362  0.648877 -0.00815239  -0.0276428   0.0359087 -0.0774855  0.0135563   0.061349  0.00151794 -0.00214833  -0.0046869 -0.0643799  0.0800715 -0.0310296    1.45783 -0.0190821   -9.70004  15478
               163.1  7.17093 -11.4045 -49.6791 -0.365672  0.976742   1.52748  0.599932 -0.343173  0.642206 -0.00810735  -0.0276168   0.0358928 -0.0829131  0.0681177  0.0358576  0.00174998 -0.00172066 -0.00446416 -0.0634846  0.0793697 -0.0305499    1.45812 -0.0190515       -9.7  15534
             163.203  7.55584 -11.6057 -49.7319 -0.378195  0.983122   1.50976  0.595355 -0.360026  0.648812 -0.00812318  -0.0276485   0.0358754  -0.122669   0.109691 -0.0115485  0.00188035 -0.00142709 -0.00426094 -0.0610954  0.0790005 -0.0287949    1.45758 -0.0192249   -9.70008  15530
               163.3  8.31882 -10.6629 -49.7304 -0.386643  0.993794   1.49948  0.593554 -0.367952   0.64821 -0.00809737  -0.0276602   0.0358756  -0.114241   0.135723 -0.0208972  0.00161583 -0.00185399 -0.00425093 -0.0598755  0.0786011 -0.0279183    1.45751 -0.0193212   -9.70009  15442
             163.399    8.642 -10.2927 -49.8537 -0.393082  0.998336   1.49829  0.593408 -0.370835   0.65118 -0.00808774  -0.0276648   0.0359028 -0.116777  0.145691 -0.015518  0.00153053 -0.00185573 -0.00446659 -0.0598975  0.0787308 -0.0277146    1.45733 -0.0194551   -9.70012  15609
               163.5  8.37468 -9.63326 -49.7021 -0.396594  0.999603   1.49065   0.59211 -0.378045  0.655014 -0.00805878  -0.0276646   0.0359014 -0.117721  0.137815  -0.02499  0.00167963 -0.00226627 -0.00462098 -0.0590388  0.0787517 -0.0269977    1.45706 -0.0195751   -9.70016  15637
             163.599  8.93644 -9.25021 -49.8816 -0.401277   1.00068   1.49155   0.59243 -0.379716  0.658609 -0.00804575   -0.027656   0.0359406    -0.1146   0.114525 -0.0188557  0.00140548 -0.00235215 -0.00457558 -0.0593772  0.0789838 -0.0269498    1.45686 -0.0197271   -9.70019  15728
             163.699  8.92556 -8.45052  -49.588 -0.409184   1.00588   1.48729   0.59214 -0.384218  0.661708 -0.00802757  -0.0276496   0.0359591  -0.109575   0.114654 -0.0244203  0.00164428 -0.00262973 -0.00468534  -0.059131  0.0790861 -0.0265526    1.45667 -0.0198793   -9.70022  15859
               163.8  9.54522 -10.0234  -49.869 -0.418795   1.01906    1.4687  0.591372 -0.399118  0.662793 -0.00804504  -0.0276124   0.0358835  -0.129148   0.159947 -0.0546833  0.00128372 -0.00149493 -0.00483947 -0.0575502  0.0788055 -0.0249908     1.4565 -0.0202765   -9.70024  15678
               163.9   9.1755 -10.5448 -50.0929 -0.422789   1.02361   1.46715 0.591894 -0.40064 0.664802 -0.0080454 -0.0275967  0.0358196  -0.133966   0.149154 -0.0522795  0.00130276 -0.00131401 -0.00491583 -0.0580616  0.0788677 -0.0249705   1.45639 -0.020481  -9.70026  15547
                 164  9.39823 -10.4359 -50.7564 -0.428446   1.02393   1.45618  0.591733 -0.408941  0.670517 -0.00804171  -0.0275387   0.0357431  -0.159792   0.128404 -0.0694232  0.00104966 -0.00123118   -0.004883 -0.0575503  0.0791279 -0.0241829    1.45605 -0.0207566   -9.70031  15887
               164.1  8.49605 -9.90928 -51.6719 -0.440489   1.02357   1.44439  0.591362 -0.415585  0.679096 -0.00798667  -0.0274605   0.0356422  -0.176443   0.109479 -0.0819766  0.00165284 -0.00143481 -0.00493459 -0.0572862  0.0796417 -0.0236102    1.45557 -0.0209704   -9.70038  15589
               164.2  8.12704 -10.3459 -51.9686 -0.437965   1.02168   1.43351  0.591784 -0.422645  0.676646 -0.00801818  -0.0273572   0.0356237   -0.15645   0.109992 -0.0886924    0.0018705 -0.000952591  -0.00529057 -0.0568063  0.0792829 -0.0228678    1.45565 -0.0212736   -9.70037  15905
               164.3   7.9283 -10.0108 -52.6271 -0.446436   1.02295   1.43466  0.592682 -0.420053  0.676379 -0.00801349  -0.0273151   0.0356373  -0.180761   0.125536 -0.0722634   0.00191676 -0.000661254  -0.00538854 -0.0581897  0.0791323 -0.0233775    1.45567 -0.0215065   -9.70036  15695
               164.4 7.21538 -9.7968 -52.984 -0.447814    1.0275   1.42733  0.593489 -0.424271   0.67023 -0.00803505  -0.0272459   0.0356803  -0.191794   0.144986 -0.0712321   0.00226521 -0.000620269  -0.00532545 -0.0580991  0.0785115 -0.0229276    1.45596 -0.0218049   -9.70032  15835
               164.5  7.28633 -8.44087 -53.0753 -0.452559   1.03665   1.42255   0.59444 -0.425581  0.662533 -0.00803143    -0.02722   0.0357401  -0.195937   0.151166 -0.0767857  0.00208322 -0.00112052 -0.00492287 -0.0582167   0.077832 -0.0227577    1.45634 -0.0220211   -9.70026  15700
               164.6   7.3366 -6.06409 -52.6935 -0.458404   1.03448   1.42886  0.595474 -0.423538  0.661353 -0.00802356  -0.0272578   0.0359428  -0.216146    0.12639 -0.0589626  0.00178035 -0.00184757 -0.00439854 -0.0596123  0.0776098 -0.0232379    1.45638 -0.0223045   -9.70025  15729
               164.7  6.95246 -5.19528 -52.2258 -0.463298   1.03685   1.43035 0.596879 -0.42365 0.652966 -0.00797489  -0.0272951   0.0360654  -0.259371    0.11593 -0.0482595  0.00178621 -0.00222121 -0.00388494 -0.0601879    0.07686  -0.023274     1.4568 -0.0225997   -9.70019  15515
             164.799  6.89158  -5.8703 -51.6226 -0.471856   1.02197   1.43809  0.597225 -0.424885  0.657332 -0.0080206 -0.0274449  0.0361379  -0.296371  0.0692771 -0.0455903  0.00170377 -0.00188966 -0.00362529 -0.0615031  0.0770682 -0.0235482    1.45647 -0.0229408   -9.70024  15880
               164.9  6.49665 -7.28963 -50.4032 -0.50316  1.00595  1.43603  0.596314 -0.430294  0.664433 -0.00818011  -0.0276463   0.0360405  -0.372944 0.00133104 -0.0477772  0.00148272 -0.00152629 -0.00355989  -0.062132     0.0775 -0.0233136   1.45594 -0.023264  -9.70032  15583
                 165  6.21488 -8.53827 -49.7263 -0.535707  0.986289   1.44576  0.596456 -0.428812  0.669524 -0.00823818  -0.0278018   0.0359072  -0.408241 -0.0677964 -0.0345424   0.00126787 -0.000938414  -0.00378163 -0.0635676  0.0779281 -0.0239387    1.45557 -0.0234443   -9.70037  15773
               165.1  5.41909 -7.75218 -48.9654 -0.568226  0.972668   1.44722  0.597211 -0.427594   0.66732 -0.00821019  -0.0278582   0.0358909  -0.386541 -0.0897654 -0.0478261   0.00152247 -0.000948366  -0.00413136 -0.0641645   0.077781 -0.0242114    1.45567 -0.0235593   -9.70036  15637
               165.2  5.38658 -5.90644 -47.4893 -0.591301  0.954226   1.45176  0.598661 -0.425989  0.661004 -0.00815415  -0.0279619   0.0359526  -0.355474 -0.0665813 -0.0247483  0.00126746 -0.00111052 -0.00450641  -0.065092  0.0773177 -0.0245709    1.45596 -0.0237921   -9.70031  15645
               165.3  4.76508 -4.19762 -46.8704 -0.613825  0.941357   1.45061  0.598445 -0.429345  0.658736 -0.00814052   -0.028005   0.0360359   -0.288036 0.000965191  0.00837131  0.00173311 -0.00155192 -0.00416699 -0.0651528  0.0770516 -0.0242414    1.45601 -0.0240064   -9.70031  15452
               165.4  4.07466 -2.82444 -45.8718 -0.635106  0.935721   1.44518  0.597027 -0.435611   0.66008 -0.00811517  -0.0280235    0.036094   -0.235306   0.0735771 -0.00430737  0.00192587  -0.0018386 -0.00385066  -0.064746  0.0769771 -0.0234974    1.45585 -0.0242088   -9.70033  15322
               165.5  3.97953 -3.74646 -45.4232 -0.642144  0.928529   1.43529  0.595334 -0.445584   0.66069 -0.00812479  -0.0280451   0.0360962  -0.213963   0.136208 -0.0238558  0.00167434 -0.00099812 -0.00384811 -0.0642815  0.0767507 -0.0223183   1.45569 -0.024603  -9.70035  15394
               165.6  3.78563 -3.76487 -44.7141 -0.649826  0.926328    1.4309  0.594591 -0.451234  0.662057 -0.00813839  -0.0280534    0.036056  -0.202524   0.172068 -0.0548548  0.00158618 -0.00129849 -0.00438521 -0.0645291  0.0767071 -0.0217725   1.45555 -0.024935  -9.70037  15312
               165.7   3.5521 -4.22374 -44.2388 -0.660226  0.927159   1.43464  0.594534 -0.451769  0.664895 -0.00812372   -0.028041   0.0359857  -0.184445    0.17259 -0.0165681  0.00173598 -0.00161006 -0.00507156 -0.0654817  0.0769678 -0.0220302    1.45539 -0.0251399    -9.7004  15445
               165.8  3.43479 -3.77885 -44.2409 -0.670148  0.931757   1.43836  0.594356 -0.453004  0.666906 -0.00809587  -0.0279951   0.0359518  -0.170629   0.167795 -0.0121821  0.00178105  -0.0022733 -0.00512046 -0.0660918  0.0771596 -0.0220778    1.45527 -0.0253165   -9.70041  15316
               165.9  3.83426 -4.52227   -43.66 -0.680001  0.930202   1.43975  0.593494 -0.455545  0.670885 -0.00807883  -0.0279662   0.0359139   -0.151437    0.119988 -0.00885858  0.00161408 -0.00248679 -0.00494418 -0.0666403  0.0775681 -0.0219465    1.45503 -0.0255383   -9.70045  15547
                 166  3.44405 -4.84292 -43.4893 -0.675764  0.921137   1.44011     0.593 -0.459267  0.671541 -0.00808671  -0.0279094   0.0358036   -0.100623   0.0746071 -0.00522267  0.00205119  -0.0025958 -0.00447755 -0.0671393  0.0775849 -0.0216275    1.45499 -0.0258157   -9.70045  15427
               166.1  3.66641 -5.28306 -42.2677 -0.674433  0.925903   1.43942  0.593376 -0.460658  0.667929 -0.00809466  -0.0279015   0.0357431  -0.0341297   0.0701175 -0.00749498  0.00213745 -0.00267124 -0.00470503 -0.0672894  0.0771736 -0.0214682    1.45519 -0.0259055   -9.70042  15553
               166.2  4.38903 -5.89733 -41.8817 -0.668112  0.923985   1.43763  0.593211 -0.462811    0.6668 -0.00811529  -0.0279053   0.0356858 0.00256237  0.0626982 -0.0128234  0.00155663  -0.0022641 -0.00491738 -0.0674174   0.077045 -0.0212108   1.45524 -0.026029  -9.70042  15339
               166.3  3.78071 -5.53085 -41.8865 -0.666065  0.926677    1.4321  0.592534 -0.465367  0.668286 -0.00812211  -0.0279009   0.0356699 -0.0132536  0.0683928 -0.0202656   0.0018114 -0.00213962 -0.00486503 -0.0673309  0.0771426 -0.0208471    1.45516 -0.0261387   -9.70043  15439
               166.4  3.79066 -6.30405  -41.695 -0.66166 0.922575  1.42614  0.592087 -0.468674  0.668368 -0.00815278  -0.0278977   0.0356319 -0.0151467  0.0708017 -0.0317101  0.00178922 -0.00160696  -0.0050168 -0.0671574  0.0771095 -0.0203468    1.45513 -0.0262689   -9.70043  15220
               166.5  3.23818 -5.41716 -41.8857 -0.666196  0.926914   1.42492  0.591567 -0.468507  0.673991 -0.00809252  -0.0278812   0.0356113 -0.0398627  0.0922295 -0.0259045  0.00199066 -0.00174584 -0.00503532 -0.0676829  0.0777544 -0.0205563    1.45489 -0.0263702   -9.70047  15343
               166.6  3.16279 -6.04106 -41.9823 -0.662763  0.924403   1.42663  0.591491 -0.468813  0.674535 -0.00807203  -0.0278444   0.0355974 -0.0592433   0.107048 -0.0234654  0.00197551 -0.00126363 -0.00527672  -0.068193  0.0779035 -0.0206751     1.4549 -0.0264626   -9.70047  15190
               166.7  3.38417 -5.65115 -42.6355 -0.65794 0.921227   1.4215  0.590081 -0.473292  0.675282 -0.00802974   -0.027756   0.0356086 -0.0687267   0.108029 -0.0287537   0.0018402 -0.00161602 -0.00513279  -0.068398  0.0779617 -0.0201646    1.45487 -0.0266822   -9.70047  15265
               166.8  3.12431 -6.10522 -42.9998 -0.649565  0.910545   1.41148  0.587957 -0.480059  0.676211 -0.00799455  -0.0276549   0.0355816 -0.0680293  0.0989479 -0.0484517  0.00205746 -0.00131696 -0.00520458 -0.0682753  0.0779545 -0.0192652    1.45481 -0.0269499   -9.70048  15282
               166.9  3.60504 -7.18375 -43.6895 -0.654812  0.905544    1.4088  0.586654 -0.481792  0.680691 -0.00791177  -0.0275866   0.0355594  -0.116786   0.117385 -0.0544548   0.00187784 -0.000781974  -0.00508199 -0.0688967  0.0785555  -0.019263    1.45463 -0.0271398    -9.7005  15193
                 167  3.68254 -7.05125 -43.9648 -0.647219  0.900981    1.4094 0.586237 -0.48365 0.677347 -0.00790986  -0.0275072   0.0355468  -0.107063     0.1252 -0.0504499   0.0019554 -0.00119132 -0.00505206 -0.0694951  0.0783503 -0.0192138    1.45483 -0.0272729   -9.70047  15310
               167.1  3.78648 -7.25757 -43.9156 -0.649153  0.903158   1.40903 0.585879 -0.48458 0.676561 -0.00790246  -0.0274878   0.0355512  -0.105641   0.124533 -0.0460157  0.00191608 -0.00139406 -0.00516887 -0.0700189  0.0784069 -0.0192701     1.4549 -0.0273766   -9.70046  15283
               167.2  3.47352 -6.61211 -44.3195 -0.646825  0.908672   1.40654  0.585792 -0.486046  0.673021 -0.00790227  -0.0274636   0.0355808 -0.0817669   0.128566 -0.0441855  0.00223438 -0.00183676 -0.00483643 -0.0702567  0.0781012 -0.0191455    1.45508 -0.0274499   -9.70044  15307
               167.3  3.53762 -6.35013 -44.3261 -0.647699   0.91387   1.40481  0.585515 -0.486996  0.672405 -0.00789846  -0.0274603   0.0356074 -0.0739196   0.141711 -0.0421345  0.00230156 -0.00197926 -0.00476307 -0.0705169  0.0781014  -0.019111    1.45512 -0.0275222   -9.70043  15260
               167.4  3.78909 -5.79551 -44.0737 -0.64422 0.919105  1.41145 0.586259 -0.48559 0.670665 -0.00790118  -0.0274787   0.0356669 -0.0483257   0.139281 -0.0235051  0.00216656 -0.00245343 -0.00482504 -0.0713874  0.0781726 -0.0195737    1.45526 -0.0275769   -9.70041  15373
               167.5  3.95109 -5.34376 -43.8916 -0.641432  0.917022   1.41724  0.586121 -0.485655  0.672792 -0.00792484  -0.0275123   0.0357345  -0.032653   0.109642 -0.0124516  0.00209312 -0.00273251 -0.00484859 -0.0720735  0.0785644 -0.0198159    1.45518 -0.0276842   -9.70042  15310
               167.6  3.97571 -5.60906 -43.9025 -0.638196  0.912313    1.4206 0.586121 -0.48574 0.673343 -0.00793145  -0.0275282   0.0357573  -0.0292189   0.0985963 -0.00830416   0.0021028 -0.00257285 -0.00484858 -0.0724278  0.0787101 -0.0199293  1.45517 -0.02774 -9.70042  15351
               167.7  4.01705 -6.18553 -43.7961 -0.634161  0.920707    1.4167  0.584956 -0.489754  0.673169 -0.00794195  -0.0275587   0.0357437 -0.0126697   0.105241 -0.0103419  0.00218394 -0.00230927 -0.00499302  -0.072436  0.0786299 -0.0194459    1.45517 -0.0279064   -9.70042  15317
               167.8  4.37015 -6.57269 -43.9715 -0.635953  0.918837   1.42033  0.584656 -0.489787  0.677065 -0.00795154  -0.0275736   0.0357427  -0.0233512   0.0974256 -0.00611615  0.00200225   -0.002064 -0.00491128 -0.0728548  0.0791051 -0.0196105    1.45499 -0.0279781   -9.70045  15364
               167.9  4.81509 -6.83667 -44.3142 -0.629805  0.915438   1.41429  0.583043 -0.494982   0.67812 -0.00796598  -0.0275892   0.0357193 -0.0161585  0.0873256 -0.0160417  0.00175054 -0.00188707 -0.00469465 -0.0726861  0.0790753 -0.0189452    1.45491 -0.0281681   -9.70046  15136
                 168  4.94786 -7.37415 -44.0086 -0.641393  0.922341   1.42149   0.58335 -0.492263  0.684897 -0.00796432  -0.0275994   0.0357209  -0.0897785    0.100945 -0.00772563  0.00177717 -0.00188064 -0.00492386 -0.0734625  0.0799314 -0.0195586    1.45462 -0.0281884    -9.7005  15311
               168.1  5.24155 -7.71297 -44.5532 -0.64149 0.916551  1.42801 0.583317 -0.49226 0.687126 -0.00794613   -0.027592    0.035696  -0.0887663   0.0967941 0.000362756   0.0018236  -0.0021272 -0.00471317  -0.074104  0.0802684 -0.0197817    1.45454 -0.0282879   -9.70052  15210
               168.2  5.30215 -7.72162  -44.246 -0.640134  0.912058   1.42624  0.582532 -0.494581  0.688587 -0.00795876  -0.0276032   0.0356854  -0.0749683   0.0825489 -0.00441726  0.00178113 -0.00230408 -0.00489951 -0.0740668  0.0803508 -0.0195123    1.45445 -0.0283766   -9.70053  15313
               168.3  4.96897 -7.88772 -44.3238 -0.641378  0.917086   1.42934  0.582597 -0.495075   0.68813 -0.00795626  -0.0276042   0.0356819 -0.0318773  0.0569776 0.00328131  0.00178085 -0.00219679 -0.00476355 -0.0744722  0.0803618 -0.0195766    1.45449 -0.0284567   -9.70052  15178
               168.4  5.20501 -8.28032 -44.3635 -0.643208  0.910001   1.42568 0.581502  -0.4984 0.692978 -0.00797277  -0.0276104   0.0356573  -0.0521098   0.0483223 -0.00731268  0.00161424 -0.00183049 -0.00479424 -0.0743567  0.0807485 -0.0191933    1.45424 -0.0285818   -9.70056  15312
               168.5  4.78145 -7.98535 -44.5252 -0.643091  0.914789   1.42989 0.582203  -0.4968 0.689637 -0.00797331  -0.0276102    0.035687 -0.0654991  0.0801629 0.00326504  0.00193432 -0.00196362 -0.00472104 -0.0747604  0.0805255 -0.0194702    1.45443 -0.0285748   -9.70053  15286
               168.6  4.45767 -8.16563 -44.3259 -0.643384   0.91621   1.43156  0.581968 -0.498253  0.690107 -0.00797407  -0.0276101   0.0356855 -0.0596147  0.0963225 0.00336993  0.00213643 -0.00205126  -0.0049337 -0.0749905  0.0805733 -0.0193805    1.45441 -0.0286667   -9.70053  15271
             168.699   4.6891  -7.4097 -44.2346 -0.643414  0.918663   1.43527  0.581938 -0.498769   0.69103 -0.00796727  -0.0276145   0.0357142 -0.0315426  0.0865889 0.00961862  0.00194671 -0.00266534 -0.00502373 -0.0752824  0.0806877 -0.0194142    1.45438 -0.0287324   -9.70054  15455
             168.799  4.92619 -7.28941  -44.409 -0.637853  0.927156   1.43898  0.581945 -0.500363  0.688474 -0.0079642 -0.0276051  0.0357358 -0.0106682  0.0816565  0.0147278  0.00188207 -0.00260549 -0.00504362  -0.075547  0.0804579 -0.0192984    1.45451 -0.0288305   -9.70052  15389
               168.9  4.99185  -7.2135 -44.4633 -0.636614  0.915072   1.44445  0.581758 -0.500217  0.693575 -0.00795015  -0.0276085   0.0357744 -0.0103384  0.0512543  0.0216832  0.00185401  -0.0026484 -0.00502875 -0.0761172  0.0809956 -0.0195017     1.4543 -0.0289211   -9.70055  15244
                 169  5.13702 -7.01168 -44.8718 -0.629353  0.918606   1.44583 0.581202 -0.50384 0.692582 -0.00794471  -0.0275921   0.0357856 0.0208268 0.0465086 0.0198214  0.00197496 -0.00288046  -0.0050715 -0.0759377  0.0808279 -0.0190587    1.45433 -0.0290308   -9.70055  15351
               169.1  5.54768 -7.87624 -45.1876 -0.630199   0.92459   1.44779  0.581167 -0.503577  0.693386 -0.00794085   -0.027594   0.0357927 0.00950281  0.0641205  0.0210352  0.00176758 -0.00220862  -0.0049906 -0.0759832  0.0809074 -0.0191026    1.45429 -0.0290287   -9.70055  15235
               169.2    5.455 -7.71459 -44.9539 -0.625848  0.921442   1.44752  0.580528 -0.506641  0.696243 -0.00795086  -0.0276016    0.035788 0.00932003  0.0579125  0.0149958  0.00176866 -0.00224037  -0.0050592 -0.0759278  0.0811139 -0.0187808    1.45414 -0.0291397   -9.70057  15452
               169.3  5.45875 -7.48095 -45.1323 -0.625164  0.930496   1.44338  0.580029 -0.509364  0.695851 -0.00795544  -0.0275992    0.035784 -0.00130531    0.074089  0.00733322  0.00167177 -0.00228033 -0.00484947 -0.0754031  0.0809874 -0.0183528    1.45413 -0.0291596   -9.70057  15137
               169.4  5.21083 -8.36269 -45.0037 -0.627845  0.933626   1.43845  0.579361 -0.512468  0.698856 -0.00797562  -0.0276012   0.0357637  -0.0294195   0.0770632 -0.00656659   0.0017923 -0.00173769 -0.00497034 -0.0750748  0.0811853 -0.0179588    1.45396 -0.0292285    -9.7006  15364
               169.5  5.42745 -8.01461 -45.1549 -0.63815 0.936672  1.43818  0.578909 -0.512857  0.705365 -0.00797939   -0.027613   0.0357582  -0.0714711   0.0786857 -0.00968565  0.00168019 -0.00172135  -0.0048854 -0.0751965  0.0817853   -0.01799    1.45365 -0.0292658   -9.70065  15200
               169.6  5.61298  -7.7077 -45.1759 -0.641829  0.940694   1.43983  0.579036 -0.512747  0.705196 -0.00797751  -0.0276146   0.0357689 -0.0777868  0.0900284 -0.0112566   0.0016509 -0.00175735 -0.00474793 -0.0755161  0.0818015 -0.0180818    1.45367 -0.0293136   -9.70064  15330
               169.7  5.65417 -6.13557 -45.0203 -0.649863  0.931873   1.44382  0.578468 -0.513468  0.714384 -0.00797085  -0.0276347   0.0358334  -0.0703344   0.0382217 -0.00774547  0.00153325 -0.00225338 -0.00457588 -0.0761571  0.0827027 -0.0182235    1.45325 -0.0294482   -9.70071  15129
               169.8  5.17796 -5.63723 -44.6284 -0.656334   0.93031   1.43996  0.578013 -0.515847  0.716926 -0.00797106  -0.0276446   0.0358426 -0.0739563  0.0248812 -0.0178473  0.00176176  -0.0016041 -0.00469787 -0.0760916  0.0829013 -0.0179655    1.45311 -0.0295301   -9.70073  15371
               169.9  5.49591 -3.30716 -44.1784 -0.657537  0.917184   1.44098  0.577624 -0.517655  0.721222 -0.00796933  -0.0276774   0.0359823 -0.0622474 -0.0121627 -0.0202179  0.00160516 -0.00191302 -0.00470517 -0.0765916  0.0833333 -0.0179116   1.45292 -0.029684  -9.70075  15097
                 170  5.69089 -1.62332 -43.6543 -0.660905  0.911021   1.44156   0.57779 -0.517303  0.721706 -0.0079857 -0.0276897  0.0360427 -0.0612084 -0.0185731 -0.0282842  0.00150381 -0.00136245  -0.0048082 -0.0769719  0.0834262 -0.0180463    1.45291 -0.0297363   -9.70076  15440
               170.1  4.85845  2.48765 -43.1063 -0.656219  0.900942   1.44754  0.578586 -0.514999  0.719693 -0.00807664  -0.0277187   0.0362378 -0.0410119 -0.0211263 -0.0287979  0.00201263 -0.00178951 -0.00491638 -0.0778821  0.0833618 -0.0185283    1.45306 -0.0298059   -9.70073  15195
               170.2  5.32844  4.36796 -42.9824 -0.649579   0.89739   1.44376  0.578647 -0.516722  0.715712 -0.00805826  -0.0277216   0.0363819 -0.0498825  0.0168228 -0.0449875  0.00161309 -0.00120369 -0.00499285 -0.0779921   0.082924 -0.0183026    1.45326 -0.0298871    -9.7007  15406
               170.3  4.98698  6.97685 -43.1159 -0.643453  0.892243   1.44984  0.579536 -0.514725   0.71309 -0.00817751  -0.0277101   0.0365573 -0.0711079  0.0493417 -0.0363587  0.00165573 -0.00114986 -0.00479776 -0.0789284  0.0827313 -0.0187994    1.45345 -0.0299709   -9.70067  15354
               170.4  5.04799   9.1732 -42.7204 -0.638069  0.884197   1.44619  0.579384 -0.516523  0.712128 -0.00817331  -0.0276974    0.036746 -0.0697132  0.0498558  -0.061658   0.00141328 -0.000747745  -0.00481348 -0.0794923  0.0827297 -0.0186332    1.45351 -0.0301446   -9.70066  15344
               170.5  4.77948   12.789 -42.0593 -0.632658   0.88384   1.44362  0.579832 -0.516639  0.709959 -0.00822646  -0.0276984   0.0368895 -0.0962386  0.0685628 -0.0676444  0.00142658 -0.00106277 -0.00471203 -0.0799654  0.0823761  -0.018724    1.45367 -0.0302219   -9.70064  15473
               170.6  4.66564  14.4375 -41.5676 -0.628244  0.883474   1.43514  0.579764 -0.518411  0.707772 -0.00821659  -0.0277049    0.037031  -0.157362   0.125678 -0.0558654    0.0015799 -0.000863073  -0.00446808 -0.0804624   0.082052 -0.0184018    1.45382 -0.0303746   -9.70062  15306
               170.7  4.58648  15.8078 -41.1989 -0.626285  0.886417   1.42923  0.579843 -0.518955  0.703096 -0.00830025  -0.0277111   0.0369825  -0.163122   0.163792 -0.0693946  0.00163165 -0.00122561 -0.00467028 -0.0821192  0.0817256  -0.018245    1.45413 -0.0306873   -9.70057  15525
               170.8  4.81139  17.3001 -40.7196 -0.631085  0.884923   1.43591  0.580429 -0.519477  0.699631 -0.00836885  -0.0277196   0.0369185   -0.1805  0.148659 -0.062651   0.0014764 -0.00120719 -0.00497844 -0.0827816  0.0819958 -0.0188944    1.45429 -0.0308206   -9.70054  15395
               170.9  4.55811   17.298 -40.1517 -0.630177  0.886209   1.43978  0.580909 -0.520371  0.697742 -0.00838576  -0.0277501   0.0367388  -0.225573   0.177854 -0.0310227  0.00179212 -0.00103009 -0.00515523 -0.0837734  0.0817894 -0.0192615    1.45448 -0.0309913   -9.70052  15653
                 171  4.54718  16.9873 -40.2873 -0.636177  0.890244   1.44482   0.58121 -0.521627  0.696512 -0.00836394  -0.0277511   0.0366281  -0.229532   0.182599 -0.0297192   0.00187175 -0.000975028  -0.00504284 -0.0840749  0.0817542 -0.0195811    1.45456 -0.0310674    -9.7005  15674
               171.1  4.48535  17.5506 -40.0388 -0.65562 0.900307   1.4472  0.581558 -0.522213  0.691066 -0.00835311  -0.0277425   0.0364684   -0.22953   0.180044 -0.0367508   0.0019948 -0.00135167 -0.00517702 -0.0846333  0.0820082 -0.0198903    1.45478 -0.0312014   -9.70047  15686
               171.2  4.80836   18.536 -39.5267 -0.657951  0.911472   1.44083  0.581393 -0.519049  0.694461 -0.00839072    -0.02775   0.0363354  -0.211032   0.181892 -0.0470314  0.00196865 -0.00191824 -0.00545578 -0.085996  0.081515 -0.019787    1.45481 -0.0312672   -9.70047  15610
               171.3  5.34993  19.1543 -39.9403 -0.652521  0.908087   1.43923  0.581748 -0.516666  0.690742 -0.00840675  -0.0277023   0.0361518  -0.177195   0.143458 -0.0522583  0.00183804 -0.00223711 -0.00534849 -0.0877218  0.0814734 -0.0199845    1.45508 -0.0314652   -9.70042  15646
               171.4  5.20168  19.1157 -40.2662 -0.644541  0.901987   1.44351  0.581995 -0.518472   0.68936 -0.00837737  -0.0276563   0.0360329  -0.148304    0.12425 -0.0459061  0.00201506 -0.00218219 -0.00532601 -0.0881591  0.0814042 -0.0203035     1.4552 -0.0315754   -9.70041  15461
               171.5  5.67674  19.6334 -40.9803 -0.654592  0.907047   1.43637  0.582401 -0.515851  0.683472 -0.00834642   -0.027585   0.0359497  -0.138113   0.120947 -0.0571322  0.00190407 -0.00233067 -0.00553559 -0.0894386   0.081687 -0.0204083    1.45546 -0.0317298   -9.70037  15574
               171.6  5.73859  19.5854 -41.7375 -0.640568  0.899438   1.44477    0.5825 -0.522206  0.684065 -0.00828509  -0.0274658   0.0357811 -0.103637  0.104082 -0.035698  0.00187089 -0.00220348 -0.00543496 -0.0895286  0.0813754 -0.0210558    1.45556 -0.0318917   -9.70035  15453
               171.7  5.21419   19.523 -42.2965 -0.635274  0.893121   1.44509  0.582871 -0.522718  0.679425 -0.00823095  -0.0273927   0.0356666 -0.0860038   0.089516 -0.0350519  0.00210208 -0.00225911 -0.00525208 -0.0903047  0.0815813 -0.0213194    1.45577 -0.0320473   -9.70032  15476
               171.8 5.69438 19.5152 -42.918 -0.606881  0.879048   1.44539  0.582887 -0.522354   0.68199 -0.00822396  -0.0272673   0.0354816 -0.0226551  0.0488687 -0.0435921  0.00174513 -0.00219946 -0.00495183 -0.0920514   0.081126 -0.0217021    1.45587 -0.0322382    -9.7003  15497
               171.9  5.92176  19.0155 -42.9503 -0.600163  0.867997    1.4404  0.583603 -0.520513  0.675321 -0.00821409  -0.0272386   0.0354059 -0.0369896  0.0294286  -0.052278  0.00168733 -0.00175338 -0.00513329 -0.0931397  0.0816202 -0.0218097    1.45611 -0.0323942   -9.70027  15416
                 172  5.65678  19.4855 -43.5632 -0.586368   0.85936   1.44278 0.583557 -0.52429 0.677057 -0.00818814   -0.027207   0.0353604   -0.02694  0.0173112 -0.0431113  0.00196662 -0.00227339 -0.00498411 -0.0933601   0.081304 -0.0221971    1.45614 -0.0325198   -9.70026  15548
               172.1  5.39834  19.0802 -44.4173 -0.580628  0.851695   1.44427  0.583738 -0.528447  0.675096 -0.00815512  -0.0271892   0.0353311 -0.00721154  0.00392307  -0.0495123  0.00214309  -0.0018685 -0.00489612 -0.0930662  0.0813519 -0.0225016    1.45622 -0.0326239   -9.70025  15369
               172.2  6.01681   19.823 -44.5336 -0.571312  0.838495   1.44765  0.584055 -0.533929  0.671968 -0.00814402  -0.0271708   0.0353443 -0.0112847 -0.0158127 -0.0421827  0.00196831 -0.00205608 -0.00520688 -0.0927464  0.0814568  -0.022916    1.45633 -0.0327821   -9.70023  15609
               172.3  6.15075  19.8811 -45.1789 -0.567097  0.836566   1.45087  0.583831 -0.538678  0.674802 -0.00815225  -0.0271629   0.0353278  -0.0159302 -0.00537613  -0.0352576  0.00203247 -0.00190829 -0.00516993 -0.0920146  0.0811079 -0.0231862    1.45628 -0.0328198   -9.70024  15376
               172.4  6.55721  19.6256 -45.5739 -0.557758  0.838563   1.45429   0.58335 -0.541719  0.681828 -0.00817804  -0.0271518   0.0352596 -0.00437737  0.00769398  -0.0308286  0.00180643 -0.00165183 -0.00515283 -0.0916972  0.0803937 -0.0234046    1.45616 -0.0328428   -9.70026  15512
               172.5  7.13838  20.0947 -47.0397 -0.557121  0.842307   1.44965  0.583131 -0.542837   0.68557 -0.00820622  -0.0271443   0.0352254 -0.0504451  0.0327536 -0.0473964  0.00184413 -0.00143195 -0.00533936  -0.091639   0.080016 -0.0235043   1.45611 -0.032867  -9.70027  15355
               172.6  7.30355  20.8214 -47.7198 -0.558699  0.830715    1.4562  0.583792 -0.548495  0.678157 -0.00815407  -0.0270745   0.0353142 -0.0670959 0.00255622  -0.037647  0.00179416 -0.00170641  -0.0051961 -0.0909314  0.0805392 -0.0238352    1.45624 -0.0329985   -9.70025  15640
               172.7  7.77229  23.1603 -50.2551 -0.567703  0.824167   1.46054  0.583933 -0.556321  0.678043 -0.00824689  -0.0270169    0.035317   -0.103368 -0.00964936   -0.031644  0.00203933 -0.00237917 -0.00525051 -0.0897559    0.08037 -0.0242811    1.45625 -0.0331325   -9.70024  15392
               172.8  7.80895  23.0935 -50.7494 -0.566619  0.821967   1.46163  0.583964 -0.557621  0.679156 -0.00827901  -0.0269918   0.0353187    -0.10506 -0.00903767  -0.0263146  0.00213566 -0.00223592  -0.0053041  -0.089721  0.0802169 -0.0243927    1.45624 -0.0331931   -9.70024  15642
               172.9  8.79509  25.0638 -53.4999 -0.577702  0.811266   1.46743  0.584274 -0.563478  0.678886 -0.00835393  -0.0269104   0.0353347   -0.101329  -0.0276169 -0.00915234  0.00220656 -0.00317785 -0.00550941 -0.0891293  0.0800624 -0.0247736    1.45624 -0.0333763   -9.70024  15434
                 173  8.96917  25.7802 -55.4808 -0.574005  0.798698   1.46828   0.58442 -0.563974   0.68327 -0.00840461    -0.02685   0.0353371 -0.0641123 -0.0614877 -0.0073959  0.00242084 -0.00352292 -0.00583957 -0.0897603  0.0795567 -0.0249692    1.45617 -0.0336177   -9.70025  15508
               173.1  8.22624  26.3371 -56.9877 -0.568167  0.805976   1.46392  0.583519 -0.559565   0.69508 -0.00846911  -0.0269086   0.0353971 -0.0291244 -0.0493524 -0.0106976  0.00297531 -0.00380064 -0.00584465 -0.0902474  0.0786298 -0.0248076   1.45613 -0.033645  -9.70026  15458
               173.2  9.12621  26.0106 -60.6053 -0.562525  0.796301   1.46512  0.583425 -0.560495  0.699468 -0.00854453  -0.0268999   0.0353473  -0.0105409  -0.0820172 -0.00804851  0.00228772 -0.00336337 -0.00550093  -0.090271   0.078182 -0.0249278    1.45609 -0.0338085   -9.70026  15431
               173.3  9.83776  25.4152 -62.9368 -0.567113  0.785597   1.46995 0.583455 -0.56528 0.697992 -0.00851814  -0.0268819   0.0353624  -0.0391642   -0.106811 -0.00558582  0.00196568 -0.00275933 -0.00561479 -0.0893279  0.0782252 -0.0251236    1.45609 -0.0338359   -9.70027  15364
               173.4  9.86858  25.6488 -65.1193 -0.567763  0.772736   1.46842  0.583673 -0.564647  0.698919 -0.00852817  -0.0268593   0.0353291  -0.0540468   -0.117217 -0.00705388  0.00197723 -0.00268065 -0.00566281 -0.0896976  0.0781321 -0.0251444   1.45604 -0.033927  -9.70027  15386
               173.5  9.93344  26.0886 -65.8855 -0.572283  0.774223   1.46375   0.58337 -0.560665  0.699609 -0.00852073  -0.0268965   0.0353486  -0.0690054   -0.106568 -0.00920235  0.00190762 -0.00291263 -0.00563697 -0.0901486  0.0781768 -0.0249342    1.45612 -0.0337963   -9.70026  15397
               173.6  9.44478  26.2515 -69.2758 -0.581322  0.755444   1.46576  0.583225 -0.561989   0.70438 -0.00851194  -0.0269293   0.0353924  -0.106579   -0.14595 -0.0184075  0.00198703  -0.0029044 -0.00544662 -0.0895644  0.0776933 -0.0250459    1.45621 -0.0339793   -9.70025  15480
               173.7  9.37344  26.5327 -69.6258 -0.581049  0.754315   1.46567  0.582908 -0.560241  0.708687 -0.00847325  -0.0269417   0.0354427  -0.109323  -0.144209 -0.0194096  0.00207464 -0.00303966 -0.00553566 -0.0894603  0.0773055 -0.0250073    1.45634 -0.0340685   -9.70023  15425
               173.8 9.57036 25.5576 -72.409 -0.600704  0.723408    1.4626  0.583526 -0.560546  0.711523 -0.00845949  -0.0269716   0.0354246  -0.182839  -0.177382 -0.0130302  0.00157905 -0.00280813 -0.00536913 -0.0896856  0.0770087 -0.0251044    1.45624 -0.0343305   -9.70024  15376
               173.9  8.52021  25.3688 -74.1449 -0.618943   0.70432   1.46288  0.583569 -0.560782  0.712732 -0.00844421  -0.0269745   0.0354484 -0.228547 -0.207663  -0.01791  0.00166936 -0.00309627 -0.00506882 -0.0895104  0.0768869 -0.0251366    1.45629 -0.0343971   -9.70023  15121
                 174  8.01851  25.2282 -75.3222 -0.645593  0.689357   1.45106  0.582358 -0.553339  0.712562 -0.00844271  -0.0269005   0.0354595  -0.277711  -0.233262 -0.0595259   0.0016962 -0.00326969  -0.0049033 -0.0905584  0.0769533 -0.0247668    1.45649 -0.0341406    -9.7002  15351
               174.1  7.89647  25.2979 -75.1723 -0.643003  0.691722   1.44897  0.582036 -0.549226  0.716542 -0.00836334  -0.0268618   0.0355509   -0.26618  -0.223483 -0.0597944  0.00184332 -0.00335381 -0.00508165 -0.0907552  0.0765711 -0.0246444    1.45674 -0.0342668   -9.70017  15000
               174.2  7.70624  24.9168 -77.0746 -0.688095  0.642078   1.42897  0.582577 -0.545102  0.719157 -0.00835198  -0.0269096   0.0355494  -0.296376  -0.254255 -0.0884803  0.00190663  -0.0028919 -0.00523113 -0.0921187  0.0762148 -0.0245176    1.45653 -0.0345453    -9.7002  15320
               174.3  8.00725  24.7826 -77.6686 -0.713045  0.620121   1.42481  0.583141 -0.543633  0.724414 -0.00825011  -0.0268758   0.0355579  -0.295583  -0.212171 -0.0790257  0.00186311 -0.00282074 -0.00522671 -0.0913288  0.0756957 -0.0245922    1.45697 -0.0349093   -9.70013  14960
               174.4  7.31402  25.1931 -78.8187 -0.740847    0.6099   1.41251  0.581512 -0.537802  0.725027 -0.00820858  -0.0268145   0.0355373 -0.241789 -0.198051 -0.105746  0.00232038  -0.0030955 -0.00517264 -0.0913781  0.0756358 -0.0243076     1.4575 -0.0346924   -9.70005  15018
               174.5  7.52377  25.1076 -79.5541 -0.75279 0.593716  1.39815  0.581378 -0.531871  0.728477 -0.00816918  -0.0268215   0.0355348  -0.18623 -0.215569 -0.111231  0.00213572 -0.00286003  -0.0054188 -0.0920018  0.0751754 -0.0240959    1.45777 -0.0349309   -9.70001  14870
               174.6  7.40568   25.412 -80.4179 -0.765416  0.574811   1.38059  0.580894 -0.524997  0.730879 -0.00812015  -0.0268248   0.0355279  -0.148358  -0.188665 -0.0999747  0.00245715 -0.00281938 -0.00545158 -0.0928493  0.0748169 -0.0237984    1.45804 -0.0350587   -9.69997  14864
               174.7  7.29575  25.7197 -81.3801 -0.767293  0.557653   1.37955  0.582173 -0.525908  0.734542 -0.00814922   -0.026838   0.0354934 -0.0813905  -0.190423 -0.0778045  0.00264297 -0.00301957 -0.00523373 -0.0918852  0.0743546 -0.0240082    1.45836 -0.0355294   -9.69992  14711
               174.8  7.40919  25.8344 -82.7503 -0.770179  0.536423   1.37305  0.582615 -0.525891  0.735837 -0.00816556  -0.0268455   0.0354801 -0.0362487  -0.225458 -0.0820876  0.00254266 -0.00297539 -0.00507214 -0.0916543  0.0741799 -0.0240627    1.45846 -0.0357027    -9.6999  14788
               174.9 6.82945  27.026 -84.219 -0.768726  0.514485   1.36052  0.582453 -0.521485  0.736827 -0.00814106  -0.0268586   0.0354743 0.00694736  -0.246383 -0.0743966  0.00287386 -0.00350041 -0.00507499 -0.0922025  0.0740468 -0.0238447    1.45864 -0.0357463   -9.69988  14665
                 175  7.24907  26.0863 -85.0688 -0.771001  0.488748   1.35491  0.582021 -0.523906  0.735137 -0.00813481  -0.0268505   0.0354732  0.0313771  -0.287282 -0.0608292   0.0027518 -0.00313447 -0.00535495 -0.0919233  0.0742556 -0.0239306    1.45855 -0.0355613   -9.69989  14571
               175.1  7.56553  26.0822 -86.8412 -0.786539  0.463053   1.36498  0.579374 -0.534623  0.726436 -0.00810699  -0.0268226   0.0355234 0.00749834  -0.305077 0.00547922    0.002365 -0.00304292 -0.00512653 -0.0899319  0.0751735 -0.0243873    1.45856 -0.0346539   -9.69989  14591
               175.2  7.54661  26.0452 -87.6787 -0.792052  0.435493   1.37521  0.578854 -0.540871  0.723991 -0.00812332  -0.0268058   0.0355249 -0.0157652  -0.302594  0.0030893 0.00251066 -0.0033028 -0.0051242 -0.0886744  0.0753571 -0.0247487    1.45857 -0.0344989   -9.69989  14481
               175.3  7.45652  25.9098 -88.7506 -0.793254  0.416505   1.37374  0.577535 -0.535433  0.721181 -0.00813402   -0.026825   0.0355589 -0.0149716  -0.291935 -0.0245703   0.0026347 -0.00334024 -0.00505592 -0.0881578  0.0755511 -0.0245482    1.45948 -0.0342209   -9.69975  14576
               175.4  8.22787  26.0715 -89.8281 -0.807671  0.388966   1.38557  0.575634 -0.543867  0.714621 -0.0081727 -0.0267759  0.0355816 -0.0646723  -0.269114 -0.0170954  0.00249183 -0.00343959 -0.00515297  -0.085733  0.0761443 -0.0250852    1.45994 -0.0336419   -9.69969  14092
               175.5  7.79756  26.7736 -91.1767 -0.81413 0.364279  1.38693 0.576032 -0.54686 0.714781 -0.00818772  -0.0267681   0.0355805 -0.0771971  -0.264799 -0.0255337  0.00272689 -0.00362276 -0.00482231 -0.0854038  0.0761366 -0.0252627    1.45977 -0.0337014   -9.69971  14295
               175.6  8.90741  26.3015 -91.9062 -0.825795  0.322473   1.40487  0.578943 -0.562522  0.717156 -0.00822813  -0.0266735   0.0355674  -0.11277 -0.273952 0.0247832  0.00227402 -0.00306486 -0.00495386 -0.0832233  0.0759048 -0.0262919    1.45906 -0.0342672   -9.69982  13907
               175.7  9.02683   26.625 -92.4273 -0.831954   0.29116   1.40754 0.580801  -0.5632 0.721244 -0.00822175  -0.0266817    0.035562 -0.134498 -0.270968 0.0253382   0.0022742  -0.0030303 -0.00489097 -0.0835269  0.0754408 -0.0263861    1.4587 -0.034817  -9.69987  14269
               175.8  9.27162  26.8406 -93.1902 -0.84179 0.257051  1.40909  0.582443 -0.561697  0.725399 -0.00820329  -0.0266879   0.0355636 -0.159375 -0.280131 0.0125067  0.00209646 -0.00311892 -0.00471964 -0.0839093  0.0749325 -0.0263825    1.45853 -0.0353885   -9.69989  14012
               175.9   9.1703  27.5128 -93.1579 -0.848777  0.236778    1.4102  0.582759 -0.554694  0.727856 -0.00812148  -0.0266135   0.0355781   -0.178593   -0.273677 -0.00307412  0.00218179 -0.00354345 -0.00477871 -0.0835854  0.0744852 -0.0262157     1.4594 -0.0358698   -9.69976  14311
                 176  9.14955  27.4889 -93.4919 -0.870889  0.218414   1.40634  0.580234 -0.549806  0.723893 -0.00811537  -0.0265495   0.0355673  -0.228514  -0.261851 -0.0175342  0.00200582 -0.00362566 -0.00447718 -0.0836143  0.0748468 -0.0259197    1.46009 -0.0353413   -9.69966  14242
               176.1  8.74275  27.0591 -93.1063 -0.896434  0.195177   1.40413  0.578817 -0.543979  0.722242 -0.00809448  -0.0264343   0.0356232  -0.266715  -0.284369 0.00485659 0.00200568 -0.0036691 -0.0044894 -0.0834635  0.0749039 -0.0256806    1.46088 -0.0352151   -9.69954  14175
               176.2  8.64065  26.4795 -93.0453 -0.914895  0.179139   1.40407  0.577881 -0.539636  0.721084 -0.00809492  -0.0263561   0.0356796   -0.2809 -0.298375 0.0169045  0.00181535 -0.00356901 -0.00449858 -0.0833787   0.074944 -0.0255071    1.46146 -0.0351393   -9.69945  14217
               176.3  8.15584  26.5067 -92.6393 -0.941606  0.149411   1.40662   0.57821 -0.538379  0.721536 -0.00807791  -0.0263356    0.035713 -0.290959 -0.306763 0.0185445  0.00178473  -0.0035405 -0.00450405 -0.0831985  0.0748744 -0.0255093    1.46167 -0.0352695   -9.69942  14165
               176.4  7.45342  26.1204 -92.7068 -0.962078  0.135798   1.40009  0.575252 -0.527009  0.718053 -0.00811341  -0.0261588   0.0357758  -0.269542   -0.26166 -0.0124525  0.00181008 -0.00337317 -0.00420166 -0.0838569  0.0749876 -0.0249026    1.46277 -0.0349191   -9.69926  14216
               176.5  7.01559  26.0338 -92.2207 -0.998053  0.102582    1.3936  0.574136 -0.522035  0.716626 -0.00811545  -0.0261031   0.0357889  -0.255737  -0.269612 -0.0418661  0.00153683 -0.00347083 -0.00421082 -0.0840163  0.0750227 -0.0246549    1.46331 -0.0348078   -9.69918  14158
               176.6  6.42527  25.8148 -92.2401 -0.996224 0.0938454   1.38918  0.575366 -0.513183  0.719661 -0.00809138  -0.0260445   0.0359096  -0.216785  -0.256787 -0.0494107  0.00176476 -0.00330282 -0.00412854 -0.0842667  0.0744203 -0.0243623    1.46404 -0.0355078   -9.69906  14287
               176.7  6.12136  25.6953 -92.1682  -1.01724 0.0764044   1.38672  0.573873 -0.512298  0.716242 -0.00811731   -0.026041   0.0358991   -0.18866  -0.251086 -0.0457876  0.00183575 -0.00308585 -0.00380728 -0.0836073  0.0747834 -0.0243567    1.46462 -0.0351202   -9.69898  14220
               176.8  6.49459  26.0716 -91.2184  -1.03369 0.0569421   1.38879  0.573681 -0.514967  0.714641 -0.00815148  -0.0260277   0.0358727  -0.160003  -0.263145 -0.0240059  0.00179771 -0.00301585 -0.00408512 -0.0827032  0.0749984 -0.0245864    1.46483 -0.0349815   -9.69894  14262
               176.9  6.64607  26.6161 -90.9669  -1.05303 0.0370818   1.38178  0.571553 -0.513127  0.711479 -0.00812603  -0.0260375   0.0358932  -0.140105  -0.237419 -0.0234875  0.00199202 -0.00301107 -0.00418186 -0.0832825  0.0754043 -0.0243181    1.46488 -0.0343904   -9.69894  13948
                 177  7.26515    26.47 -89.5514   -1.07141 0.00312206    1.37343  0.569739 -0.506332  0.708161 -0.00810638  -0.0260463   0.0358381 -0.0858431  -0.241296  -0.048046  0.00204301 -0.00320018 -0.00451153 -0.0832378  0.0756265 -0.0239584    1.46579 -0.0340675    -9.6988  14177
               177.1  7.05765  26.2365 -90.0559  -1.07491 -0.018269    1.3611  0.568954 -0.498436  0.707432 -0.00812443  -0.0261117   0.0358191 -0.0348121  -0.270419 -0.0706725  0.00212214 -0.00323999  -0.0044544 -0.0838354  0.0756073 -0.0234937    1.46641 -0.0340114   -9.69871  13869
               177.2  6.99847  25.9687 -90.2825   -1.07627 -0.0409896    1.35256  0.567976 -0.493546   0.70553 -0.00815539  -0.0261721   0.0358236 -0.0160584  -0.320267 -0.0357325  0.00197374 -0.00319128 -0.00451772 -0.0839669  0.0757523 -0.0232046    1.46696 -0.0338127   -9.69863  14034
               177.3   6.7699  25.9754 -90.4136   -1.08397 -0.0582069    1.34729  0.566249 -0.493758  0.702646 -0.00810106  -0.0261777   0.0358377 -0.0407016  -0.318237 -0.0201802  0.00198835 -0.00327403 -0.00429083 -0.0843737  0.0762048 -0.0230533    1.46685 -0.0332433   -9.69865  13745
               177.4  6.79741  26.0012 -90.2995   -1.08551 -0.0902352     1.3504  0.565846 -0.487292  0.699558 -0.00818169  -0.0262667   0.0358383 -0.0435391  -0.307832 -0.0127786  0.00209123 -0.00363698 -0.00408953 -0.0829859  0.0763262 -0.0230286    1.46834 -0.0332452   -9.69842  13983
               177.5  7.08239  25.3636 -90.2293  -1.08217 -0.127372   1.35018  0.568427 -0.487185   0.70421 -0.00820343  -0.0262315   0.0358019 -0.0316694  -0.306999 -0.0243861  0.00217204 -0.00329985 -0.00415632 -0.0830178  0.0757315 -0.0231482   1.46817 -0.033987  -9.69844  13502
               177.6  7.40624  25.0555 -89.8274   -1.0911 -0.147589   1.35464  0.567004 -0.490417  0.699877 -0.00819739  -0.0262274   0.0358488 -0.0455151  -0.277832 -0.0205737  0.00225813 -0.00330833 -0.00413931 -0.0817219  0.0762916 -0.0234475     1.4686 -0.0334776   -9.69838  13703
               177.7  7.72833  24.6643 -89.4096   -1.0981 -0.170609   1.34854  0.565578 -0.486533  0.698208 -0.00820442  -0.0262458   0.0358605 -0.0682935  -0.249735 -0.0200921   0.0022562 -0.00330979 -0.00416996 -0.0820512  0.0764357 -0.0231558    1.46893 -0.0332045   -9.69833  13330
             177.799  8.15434  24.5845 -88.6742  -1.10503 -0.198771   1.34681  0.566546 -0.488286  0.699772 -0.00820464  -0.0262552   0.0358557  -0.107727   -0.26975 -0.0302735  0.00219378 -0.00346764 -0.00426458 -0.0822524  0.0762697 -0.0232447    1.46858 -0.0334169   -9.69838  13565
               177.9  8.48249  23.6705 -87.7694  -1.12037 -0.222539   1.34068    0.5652 -0.486008  0.697788 -0.00820983   -0.026231   0.0358785  -0.147526  -0.270277 -0.0681504  0.00229364  -0.0029712 -0.00444959 -0.0820211  0.0764793 -0.0231164    1.46901 -0.0331319   -9.69832  13310
                 178  8.84109  24.2856 -87.3624 -1.13635 -0.24864  1.34279  0.566737 -0.491468  0.698031 -0.00825438  -0.0262084   0.0358656  -0.197163  -0.283663 -0.0650448   0.0021793 -0.00326436 -0.00433873 -0.0808897   0.076666 -0.0236032    1.46895 -0.0332242   -9.69833  13334
               178.1   8.9461  24.4166 -86.4539  -1.16236 -0.286933   1.34385  0.569108 -0.498905  0.699035 -0.00832402  -0.0262263   0.0358669  -0.244245  -0.304566 -0.0479489  0.00218661 -0.00334466 -0.00429359 -0.0800337  0.0768515 -0.0241834    1.46851 -0.0333977   -9.69839  13098
             178.199  8.62956  24.1026 -85.3684  -1.19256 -0.313072   1.34104   0.56817 -0.502303  0.696449 -0.00837216  -0.0262466   0.0358222  -0.268973  -0.305547 -0.0250615   0.0020943 -0.00348639 -0.00435522 -0.0797673  0.0773823 -0.0243033    1.46835 -0.0329204   -9.69842  13164
               178.3  7.82501   23.624 -84.5313  -1.21725 -0.340374    1.3405   0.56753 -0.495953  0.696623 -0.00835242  -0.0261625   0.0359019 -0.278326 -0.307323 0.0324661  0.00149976 -0.00355305  -0.0039365 -0.0797611  0.0771545 -0.0240049    1.46904 -0.0330156   -9.69832  13193
               178.4   6.7441  22.7485 -83.2824  -1.24272 -0.360454   1.33158  0.564885 -0.485685  0.695087 -0.0083658  -0.025935  0.0360043  -0.273821  -0.286682 -0.0208445  0.00148889 -0.00329803 -0.00359873 -0.0806402  0.0769925  -0.023258   1.46978 -0.032794   -9.6982  13269
               178.5   5.8527  22.1315 -82.1277  -1.27073 -0.373726   1.32091  0.561577 -0.479011  0.691658 -0.00840579   -0.025745   0.0360314  -0.267601  -0.246722 -0.0612354  0.00166915 -0.00306229 -0.00377469 -0.0810379   0.077231 -0.0226957     1.4704 -0.0322269   -9.69811  13479
               178.6  5.63308  21.8591 -81.8855   -1.2849 -0.373943   1.31893   0.55959 -0.478787  0.688538 -0.00843371  -0.0257073   0.0360056    -0.2777  -0.226726 -0.0678693  0.00172249 -0.00291165 -0.00379798 -0.0806858  0.0776718 -0.0226337    1.47068 -0.0317037   -9.69807  13545
               178.7  4.89623  22.2666 -80.6486  -1.33409 -0.405547   1.30124  0.558077 -0.475803  0.687159 -0.0084272 -0.0256945  0.0359775   -0.25523  -0.172614 -0.0922816  0.00221652 -0.00295981 -0.00397457 -0.0807626  0.0777764 -0.0223754    1.47099 -0.0314375   -9.69802  13919
             178.799  4.69026  22.0671 -80.3472  -1.33548 -0.413192   1.29942  0.558993 -0.477341  0.688283 -0.00841437   -0.025702    0.035992  -0.251707  -0.185476 -0.0945399  0.00242598 -0.00283402 -0.00414716 -0.0811654  0.0776536 -0.0224336    1.47062 -0.0316364   -9.69808  14062
               178.9  4.96854   22.749 -80.1239 -1.37077 -0.43854  1.28031  0.558842 -0.473584  0.689576 -0.00844337  -0.0257637   0.0359161  -0.152776  -0.110343 -0.0877947   0.0026939 -0.00287413 -0.00423755 -0.0812923  0.0773595 -0.0222108    1.47093 -0.0317662   -9.69803  14206
             178.999  5.68555  23.0415 -79.4169  -1.38222 -0.459299   1.27453  0.560507 -0.477168  0.690879 -0.0084618  -0.025657  0.0360089  -0.102972   -0.11988 -0.0712008   0.0026025 -0.00285769 -0.00444282 -0.0815159  0.0772121 -0.0224888    1.47044 -0.0321053   -9.69811  14251
               179.1  5.86784  23.7292 -79.4339  -1.38778 -0.488177   1.27696  0.563343 -0.484394  0.693146 -0.00854756  -0.0254427   0.0361063 -0.0690347  -0.157199 -0.0431676  0.00279521 -0.00304857 -0.00424824 -0.0812952  0.0769288 -0.0231184     1.4698 -0.0327007    -9.6982  13958
               179.2  6.55314  23.6375 -79.0062  -1.39864 -0.505124   1.27865  0.563261 -0.488564  0.691429 -0.00855053  -0.0253831   0.0361537 -0.0460597  -0.192618 -0.0400819  0.00281148 -0.00293387 -0.00458355 -0.0807218  0.0772267 -0.0234202    1.46967 -0.0325493   -9.69822  14349
               179.3   6.8429  24.5648 -79.1788  -1.40504 -0.529223   1.27002 0.562849 -0.48816 0.690558 -0.00849396  -0.0253897   0.0362131 -0.0210103  -0.233253 -0.0539168  0.00296122 -0.00316767 -0.00475999 -0.0811723  0.0774022 -0.0232906    1.46951 -0.0324137   -9.69825  14061
               179.4  7.32489   24.696 -79.6798   -1.4106 -0.552426   1.26976  0.562503 -0.490707  0.689072 -0.00849458  -0.0253797   0.0362239 -0.00802337   -0.265407  -0.0480798  0.00283957 -0.00319683 -0.00490618 -0.0805063   0.077612 -0.0235133    1.46958 -0.0322619   -9.69824  14242
             179.499  7.73041  25.0712 -79.9867  -1.41218 -0.567939   1.27953  0.563017 -0.496668  0.688461 -0.00855689  -0.0252755   0.0362027 -0.00646392   -0.295424   -0.029062   0.0025963 -0.00344625 -0.00495512 -0.0791974  0.0776302 -0.0241255    1.4696 -0.032355  -9.69823  14157
               179.6  7.77346  24.8009 -81.2737  -1.40585 -0.612641   1.27788  0.563259 -0.493597  0.689608 -0.0086819  -0.025367  0.0362024  0.011216 -0.367334   0.01015  0.00254561 -0.00317794 -0.00513627 -0.0786879  0.0773026 -0.0240528    1.47013 -0.0324971   -9.69815  14328
             179.699  7.68491  25.0795 -82.0232  -1.40059 -0.633382   1.28318  0.563089 -0.489847  0.689401 -0.00877655  -0.0254879   0.0362391 0.0217695 -0.348274 0.0264701  0.00255557  -0.0033817 -0.00492887 -0.0777288  0.0771621 -0.0239968    1.47092 -0.0324638   -9.69803  14494
               179.8  7.90905   24.962 -82.7475   -1.4055 -0.661812   1.28966  0.561655 -0.489595  0.686276 -0.00874857  -0.0255904   0.0363137 0.00374951  -0.339951  0.0402583  0.00251505 -0.00321952 -0.00471599 -0.0768944  0.0775957 -0.0240255   1.47134 -0.032021  -9.69797  14657
               179.9  8.20362  24.3996 -82.7344   -1.4133 -0.682807   1.29297  0.559663 -0.488033  0.682613 -0.00873857  -0.0256367   0.0363951 -0.000786164    -0.293669    0.0348909  0.00265747 -0.00308575 -0.00509629 -0.0764535  0.0781163 -0.0238534    1.47171 -0.0314546   -9.69791  14890
             179.999  8.42694  24.6678 -83.3779  -1.42257 -0.710657   1.28664  0.557828 -0.486614  0.679773 -0.00872633  -0.0256592   0.0363844 -0.0215571  -0.286947 -0.0016243  0.00256609 -0.00333343  -0.0049555 -0.0774341  0.0786292 -0.0234317    1.47145 -0.0309328   -9.69796  15182
             180.099  8.40328  24.5641 -83.2964  -1.42241 -0.720354    1.2863  0.558432 -0.488755  0.680645 -0.00872367  -0.0256555   0.0363478     -0.0234   -0.305341 -0.00656447  0.00261779 -0.00329001 -0.00502764  -0.077755  0.0785634 -0.0235365    1.47109 -0.0310727   -9.69801  15158
             180.199  8.72073   24.605 -84.2328  -1.43351 -0.780235   1.28418   0.55853 -0.490982  0.680167 -0.00872212  -0.0256589   0.0363388  -0.0816792   -0.297676 -0.00420049  0.00249528 -0.00321563 -0.00484897 -0.0778714  0.0786876 -0.0236337    1.47082 -0.0310305   -9.69805  15456
             180.299  8.6734 24.7172 -84.297  -1.43304 -0.782128   1.28373  0.558549 -0.490061  0.680482 -0.00872188  -0.0256566   0.0363399  -0.0817477   -0.295934 -0.00465762  0.00251692  -0.0032758 -0.00481317 -0.0779015  0.0786259 -0.0235863     1.4709 -0.0310623   -9.69804  15457
             180.399  8.97636    24.79 -84.8494  -1.44943 -0.835347   1.28392  0.558762 -0.488745  0.681638 -0.00872026  -0.0256437   0.0363429  -0.130817  -0.304718 -0.0307041  0.00246284 -0.00294878 -0.00458827 -0.0770849  0.0783821 -0.0236698    1.47138 -0.0312234   -9.69797  15529
               180.5   9.3314   24.613 -84.7547 -1.45251 -0.83376  1.28641  0.558321 -0.489389  0.680434 -0.00872666  -0.0256358   0.0363463  -0.139971  -0.290923 -0.0237796  0.00225012  -0.0028237 -0.00466366 -0.0765367  0.0785265 -0.0237397    1.47158 -0.0310814   -9.69794  15704
             180.599 9.17619 24.8635 -84.629  -1.49434 -0.879341   1.27707    0.5564 -0.488309  0.676922 -0.00874746  -0.0256116   0.0363162 -0.253078 -0.276636 -0.048297   0.0021237 -0.00314935 -0.00446538 -0.0766855  0.0790073 -0.0235067    1.47169 -0.0305511   -9.69792  15829
               180.7  9.13177  24.8253 -84.6691  -1.50046 -0.876607    1.2757  0.555075 -0.484877  0.675844 -0.00873577  -0.0255539   0.0363183  -0.263262  -0.254497 -0.0420052   0.0020941 -0.00317077 -0.00440582  -0.076322  0.0790598 -0.0233053    1.47223 -0.0303479   -9.69784  16129
               180.8  8.96217  24.6478 -84.5973   -1.5286 -0.903239   1.27897  0.555552 -0.486752  0.675981 -0.00874102  -0.0255636   0.0363224 -0.289543 -0.278855 0.0256216  0.00198568 -0.00317013 -0.00444954 -0.0757451  0.0791127  -0.023506   1.47229 -0.030378  -9.69783  16171
             180.899  8.58213  24.1394 -84.4971  -1.55247 -0.933185   1.28204  0.556466 -0.486584   0.67766 -0.0087232 -0.0255761  0.0363403 -0.262584 -0.275677 0.0146006  0.00184246 -0.00285449 -0.00437508 -0.0758321  0.0788831 -0.0235502   1.47223 -0.030627  -9.69784  16615
             180.999  7.54543   24.434 -84.3095  -1.60424 -0.966067   1.27833  0.554295 -0.486304  0.673674 -0.00874559  -0.0255373   0.0362705  -0.274182  -0.188761 -0.0360924  0.00180165 -0.00299207 -0.00432483 -0.0758168  0.0794054   -0.02338    1.47236 -0.0300461   -9.69782  16534
             181.099  6.79372  24.1984 -84.0149  -1.64682 -0.982239   1.27463 0.552871 -0.48842 0.670128 -0.0087727 -0.0255359  0.0362109   -0.27624  -0.139586 -0.0339914  0.00205967 -0.00280248 -0.00445845 -0.0753559  0.0799147 -0.0234281    1.47242 -0.0295664   -9.69781  16720
               181.2  6.51716   24.292 -84.2108  -1.67676 -0.984607   1.26968  0.550976 -0.487212  0.666204 -0.0087785 -0.0255164  0.0361724  -0.268163  -0.110332 -0.0350725  0.00208286 -0.00290376 -0.00428766  -0.075241  0.0804181 -0.0232318   1.47269 -0.029023  -9.69777  16528
             181.299  6.42823  24.2837 -83.8787  -1.69315 -0.993571   1.26625  0.551203 -0.486816  0.666801 -0.00877337  -0.0255167   0.0361772  -0.240205  -0.119468 -0.0448834  0.00215338 -0.00293639 -0.00440423 -0.0754211  0.0803463 -0.0232085    1.47263 -0.0290948   -9.69778  16610
             181.399  6.29686  24.6247 -83.4851 -1.71484 -1.00183  1.26182  0.550725 -0.487019  0.665498 -0.00877744  -0.0255135   0.0361715  -0.226766  -0.118987 -0.0469384  0.00227955 -0.00296928 -0.00448152 -0.0754242  0.0805405 -0.0231728    1.47264 -0.0289198   -9.69778  16439
             181.499  6.42407  24.8204 -83.2557 -1.73624 -1.02204  1.25665  0.552013 -0.483476  0.669968 -0.00876996   -0.025521   0.0361274  -0.154583  -0.121898 -0.0299968  0.00259879 -0.00284661 -0.00434719 -0.0755596    0.07982 -0.0231035    1.47285 -0.0294888   -9.69775  16600
             181.599  7.28193  24.8634 -82.7462 -1.74864  -1.0338  1.25709   0.55204 -0.484825  0.669904 -0.00878267  -0.0254959   0.0361118  -0.119927  -0.146889 -0.0288048  0.00241057 -0.00284476 -0.00453266 -0.0751108  0.0797757 -0.0232447    1.47292 -0.0295212   -9.69774  16486
             181.699  7.74109  24.8834 -82.7114 -1.76238 -1.05258   1.2548  0.552045 -0.486889  0.669409 -0.00878205  -0.0254704    0.036143  -0.105066  -0.188013 -0.0323266  0.00244826 -0.00280204  -0.0045589 -0.0750536  0.0798923 -0.0233662    1.47274 -0.0294711   -9.69776  16574
               181.8  8.01333  24.6686 -83.3517 -1.77433 -1.08407  1.25815   0.55276 -0.493271  0.670122 -0.0087383 -0.0253349  0.0361657 -0.0847922  -0.229479 -0.0113204  0.00235162 -0.00275524 -0.00459371 -0.0747044  0.0798525 -0.0238761    1.47224 -0.0296432   -9.69784  16435
             181.899  8.10963  24.8459 -83.6383 -1.77875 -1.11589  1.25649    0.5537 -0.493091  0.672491 -0.00873341  -0.0252955   0.0361494 -0.0702585  -0.302638  0.0278822  0.00233437 -0.00327575 -0.00464894  -0.075297  0.0796036 -0.0238483    1.47195 -0.0299115   -9.69788  16461
             181.999  8.03071  24.5193 -83.8633 -1.77292 -1.13797  1.25891 0.555217 -0.49056 0.675781 -0.00879699  -0.0252874   0.0361148 -0.0421291  -0.333315  0.0387915  0.00228575 -0.00323694 -0.00467605 -0.0754086  0.0790479 -0.0238091     1.4721 -0.0303915   -9.69786  16511
             182.099  7.82111  24.5556 -84.3771  -1.7724 -1.18246  1.25755   0.55612 -0.486215  0.677823 -0.00883897  -0.0252764   0.0361109 -0.0418617  -0.352923  0.0115781  0.00229563 -0.00330166 -0.00445272 -0.0760321  0.0787488 -0.0234674    1.47223 -0.0306283   -9.69784  16474
             182.199  7.75071  24.3167 -84.8234 -1.76791 -1.22197  1.25195  0.557501 -0.480477  0.680979 -0.0089021 -0.0252522  0.0361128 -0.0308232  -0.322369 -0.0220437  0.00262791 -0.00325125 -0.00448082 -0.0767479  0.0782226 -0.0230641    1.47245 -0.0310422    -9.6978  16535
             182.299  8.21531  24.1123 -84.7368 -1.76983 -1.23984   1.2569  0.557529 -0.481137  0.680196 -0.00890694  -0.0252617   0.0361307  -0.037947  -0.291945 -0.0185389  0.00262195 -0.00309786 -0.00485565 -0.0758117  0.0782152 -0.0233164     1.4728 -0.0310486   -9.69775  16426
             182.399  8.41512  24.2106 -84.7312 -1.76575 -1.24942  1.25461  0.558322 -0.479419  0.682088 -0.00891139  -0.0252555   0.0361124  -0.030875  -0.287137 -0.0272704  0.00256516 -0.00311403 -0.00496717 -0.0761365  0.0779091 -0.0232166     1.4728 -0.0313072   -9.69775  16526
               182.5  8.72851  24.5493 -85.4823 -1.77879 -1.29135  1.24478  0.557267 -0.476515  0.680947 -0.00888534  -0.0252768   0.0361188  -0.106175  -0.235722 -0.0373222  0.00271118 -0.00309156 -0.00510753 -0.0766348  0.0780543 -0.0228803     1.4729 -0.0310818   -9.69774  16414
             182.599  8.88192  24.5853 -85.7468 -1.78653 -1.30029   1.2459  0.557146 -0.479038  0.679815 -0.00888219  -0.0252698   0.0361321  -0.129747  -0.226439 -0.0353498  0.00269165 -0.00314439 -0.00507149 -0.0763184  0.0782761 -0.0230544     1.4728 -0.0309488   -9.69775  16475
             182.699  9.18385  24.3654 -86.7842 -1.81165 -1.33354    1.248  0.557894 -0.483888  0.679463 -0.00888601  -0.0252623   0.0361379  -0.183832  -0.218897 -0.0415461  0.00253332 -0.00317774  -0.0049131  -0.075212  0.0784428 -0.0235153     1.4728 -0.0309466   -9.69775  16492
               182.8 9.13534  24.894 -87.168 -1.81527 -1.34557   1.2443  0.558286 -0.480919  0.681712 -0.00891279  -0.0252688   0.0361153  -0.191495  -0.221926 -0.0571453  0.00247309 -0.00352614 -0.00455232 -0.0754061  0.0780127 -0.0233801    1.47297 -0.0312429   -9.69772  16387
             182.899 9.25545 24.1891 -86.633 -1.84441 -1.38309  1.24268  0.559775 -0.483667  0.683486 -0.00891404  -0.0252698   0.0361254  -0.250935  -0.275861 -0.0234955  0.00225935 -0.00331878 -0.00455791 -0.0745946   0.077839 -0.0237552      1.473 -0.0315245   -9.69772  16541
                 183  9.29682  24.4233 -86.4682  -1.8495 -1.39039  1.24375  0.559822 -0.480697  0.684676 -0.00888372  -0.0252238   0.0361426  -0.255999  -0.278476 0.00211228  0.00213413 -0.00350199  -0.0046496 -0.0742884  0.0775411 -0.0236683    1.47342 -0.0317023   -9.69766  16517
             183.099  8.49981  23.9016 -86.5971 -1.87074 -1.43193  1.24334  0.561381 -0.471417  0.688595 -0.0088392 -0.0251132  0.0363029 -0.190265 -0.276059 0.0155038  0.00188209 -0.00329069 -0.00413601 -0.0747617  0.0765983  -0.023222    1.47407 -0.0324294   -9.69755  16579
               183.2  7.64175  23.8592 -86.6426 -1.88754 -1.45064  1.23827  0.560077 -0.473361  0.687292 -0.00885172   -0.025124   0.0361696   -0.193602   -0.275584 -0.00819133  0.00195068 -0.00329007 -0.00367586 -0.0754256  0.0768515 -0.0230906   1.47362 -0.032127  -9.69762  16592
               183.3  6.22373  22.5872 -85.3642  -1.9293 -1.48309  1.23576  0.557692 -0.473096  0.682837 -0.00890588  -0.0250316   0.0361426  -0.187206  -0.204761 -0.0339029  0.00215753 -0.00288852 -0.00386268 -0.0746402  0.0774404 -0.0230594     1.4741 -0.0315018   -9.69755  16575
               183.4  6.16854  22.5408 -85.1195 -1.93606 -1.47444  1.23575  0.555962 -0.472158  0.679707 -0.00894659  -0.0249326   0.0361287  -0.197355  -0.179574 -0.0328412  0.00224431 -0.00288349 -0.00401238 -0.0742082  0.0778382 -0.0229618    1.47446 -0.0310632    -9.6975  16688
               183.5  5.59042  21.7537 -85.0016 -1.96057 -1.49698  1.23638  0.556102 -0.476933  0.679548 -0.00893151  -0.0249997    0.036071  -0.171765  -0.172577 -0.0279806  0.00255599 -0.00252772  -0.0041326 -0.0738898  0.0780437 -0.0233313    1.47411 -0.0309789   -9.69755  16704
               183.6  5.08687  22.3796 -85.1229 -1.98529 -1.52063  1.22449  0.555062 -0.473066  0.678365 -0.00891047   -0.024991   0.0360499 -0.0989308  -0.151515 -0.0339576   0.0029915 -0.00279788 -0.00431635  -0.074412  0.0781835 -0.0228674     1.4743 -0.0307545   -9.69752  16904
               183.7 5.24839 22.5114 -85.005 -1.99416 -1.52767  1.22252  0.554653 -0.475067  0.677791 -0.00890267  -0.0249762   0.0360911  -0.109738   -0.16117 -0.0374452  0.00299523 -0.00286376 -0.00448207 -0.0746363  0.0784413 -0.0229111    1.47401 -0.0305753   -9.69757  16743
             183.799  5.63078  22.2996 -85.9211 -2.01605 -1.55714  1.21595  0.553891 -0.476611  0.676396 -0.0088725 -0.0249665  0.0361373 -0.0579359  -0.171087 -0.0426377   0.0031467 -0.00271306 -0.00454331 -0.0745192  0.0787605 -0.0229776    1.47393 -0.0303159   -9.69758  16724
               183.9  5.75782  22.4767 -86.9568 -2.03647 -1.56938  1.21171  0.551781 -0.478556  0.672837 -0.00876399  -0.0250128   0.0362421 -0.0431269   -0.18617 -0.0406889  0.00306227 -0.00294891 -0.00431583 -0.0742688  0.0795456  -0.022974    1.47391 -0.0296356   -9.69759  16706
             183.999  6.27524  22.4641 -86.9803 -2.03746   -1.588  1.21219  0.552133 -0.479103  0.672872 -0.00879238  -0.0249912    0.036207 -0.0262731   -0.23966 -0.0472854  0.00272742 -0.00317308 -0.00467201 -0.0738786  0.0794329 -0.0231643    1.47403 -0.0297401   -9.69757  16858
             184.099  6.28729  22.7902 -87.2903 -2.04427 -1.61835  1.20465   0.55177 -0.480319  0.673038 -0.00876429  -0.0249888   0.0362556 -0.0114983  -0.321966 -0.0380834  0.00298853 -0.00326474 -0.00440683 -0.0742073  0.0796269 -0.0231225    1.47375 -0.0296077   -9.69761  16795
             184.199  6.66332  22.3191 -87.8652 -2.05642 -1.65614  1.21352  0.551217 -0.485575  0.672552 -0.00873686  -0.0249186   0.0362913 -0.0323853  -0.351454  0.0299406   0.0025745 -0.00297884    -0.00471 -0.0737056  0.0800129  -0.023725    1.47344 -0.0293914   -9.69766  16894
             184.299  6.75283  22.0441 -88.0282 -2.05677 -1.67525  1.21958  0.551626 -0.485254  0.672062 -0.00874754  -0.0249035   0.0362913 -0.0420991  -0.354231  0.0429052  0.00248016 -0.00306055 -0.00471711  -0.073317  0.0799669 -0.0239111    1.47365 -0.0294635   -9.69763  16777
             184.399  6.96133   22.293 -88.6693 -2.06902 -1.72262  1.22161  0.550175 -0.484966  0.671166 -0.00872856  -0.0249313   0.0363068 -0.0615552  -0.361132  0.0197934  0.00272648 -0.00318264 -0.00454087 -0.0734077  0.0802144 -0.0236965   1.47366 -0.029155  -9.69763  16853
             184.499  7.59639  21.8373 -89.2638 -2.07156 -1.75354   1.2323  0.551187 -0.484328   0.67023 -0.00873972  -0.0249071   0.0363107 -0.0381957  -0.307979  0.0357508  0.00263501 -0.00283246 -0.00452413 -0.0726019  0.0802401 -0.0241362    1.47407 -0.0292665   -9.69756  16829
               184.6  7.79013  21.7873 -89.4232 -2.08045 -1.78019  1.23111  0.549731 -0.484406  0.669557 -0.0087362  -0.024928  0.0363201 -0.0445722   -0.25855  0.0116364  0.00274039 -0.00289703 -0.00470025 -0.0728497  0.0804676 -0.0238882    1.47398 -0.0289687   -9.69758  16867
               184.7  8.36679  22.2833 -89.5538 -2.08809 -1.80589  1.23292  0.549524 -0.485686  0.669445 -0.00874461  -0.0249279   0.0363309 -0.0681804  -0.240955  0.0136996  0.00254328 -0.00301521 -0.00475112 -0.0728229  0.0805924 -0.0239842    1.47387 -0.0288808    -9.6976  16843
               184.8   8.6211  22.4671 -90.0428 -2.1024 -1.8272 1.22704  0.547872 -0.484945  0.668575 -0.00871402  -0.0249439   0.0363454  -0.124904  -0.212888 -0.0132618  0.00256787 -0.00280451 -0.00461768 -0.0733609   0.080808 -0.0235813  1.47374 -0.02856 -9.69762  16912
             184.899  9.01767    22.61 -89.7706 -2.11105 -1.85001  1.22547  0.548939 -0.484402  0.669671 -0.00870497  -0.0249427   0.0363487  -0.136841  -0.204833 -0.0311523  0.00269612 -0.00258914 -0.00485419 -0.0733707  0.0805323 -0.0236364    1.47376 -0.0288398   -9.69761  16939
             184.999 9.19006 23.1007 -89.608 -2.13011 -1.88808   1.2188    0.5505 -0.490257  0.672722 -0.00873875  -0.0250301   0.0364121 -0.188831 -0.211986 -0.040133   0.0026836 -0.00278715 -0.00491721 -0.0745348   0.080438 -0.0238415    1.47256 -0.0290618   -9.69779  16982
             185.099  9.42615  23.8733 -89.6059  -2.1411 -1.91404  1.21022  0.551882 -0.490055  0.675257 -0.00870635  -0.0250671   0.0364892  -0.210307  -0.228711 -0.0589181  0.00255084 -0.00347325 -0.00466853 -0.0754753  0.0800013 -0.0236885    1.47209 -0.0294657   -9.69786  17022
               185.2 9.15918 23.3044 -89.419 -2.17085 -1.94361  1.20119 0.551726 -0.48899 0.675072 -0.00870469  -0.0250517   0.0364989  -0.248681   -0.25547 -0.0419432  0.00235744 -0.00367201 -0.00440266 -0.0754461  0.0799706 -0.0236145    1.47222 -0.0294692   -9.69784  16915
             185.299  9.08297  22.6716 -88.7619 -2.19368 -1.96807  1.19522    0.5514 -0.487103  0.675063 -0.00871331  -0.0250237   0.0365014  -0.282274  -0.295197 -0.0165183  0.00197443 -0.00386307 -0.00445177 -0.0758052  0.0798706  -0.023368    1.47227 -0.0294939   -9.69784  17009
             185.399 8.73206 22.0588 -88.223 -2.21942  -1.9876  1.19143  0.550315 -0.482904  0.673078 -0.00874382  -0.0249004   0.0365905 -0.300874 -0.313274 -0.038399  0.00197091 -0.00367216 -0.00442629   -0.07557  0.0799574 -0.0230871    1.47286 -0.0293343   -9.69775  17135
               185.5  7.86488   21.992 -88.3196 -2.24883 -2.02195    1.181  0.550465 -0.479407   0.67323 -0.00875859  -0.0248361   0.0366366 -0.279098 -0.296769 -0.065943   0.0021695 -0.00352076   -0.004337 -0.0759305  0.0796883 -0.0227219    1.47307 -0.0295075   -9.69772  16983
             185.599  7.71459  21.3906 -87.8358 -2.27018  -2.0399  1.17929  0.550784 -0.476384  0.671679 -0.00875759  -0.0248127   0.0367442  -0.255397  -0.264466 -0.0689283  0.00226874  -0.0033174 -0.00477433 -0.0751846  0.0796851  -0.022789    1.47372 -0.0295468   -9.69762  17063
             185.699   7.7308  21.9421 -87.8401 -2.30024 -2.05739  1.17094 0.548708 -0.47572 0.668864 -0.00876973  -0.0248126   0.0367087  -0.234943  -0.249553 -0.0881013  0.00241941 -0.00355018 -0.00506579 -0.0748482  0.0801709 -0.0226695    1.47402 -0.0290329   -9.69757  17132
               185.8   7.4487  22.3166 -88.4659 -2.32886 -2.08099  1.16089  0.547186 -0.476814  0.667559 -0.00873105  -0.0248136   0.0367057  -0.196173  -0.257356 -0.0759839  0.00267867 -0.00344267 -0.00492802 -0.0748453  0.0805885  -0.022631   1.47396 -0.028626  -9.69758  17179
             185.899 7.37823 22.8584 -88.718 -2.35062 -2.10501  1.15286  0.546268 -0.477417  0.666758 -0.00870054  -0.0248191   0.0367104  -0.161049  -0.262118 -0.0716568   0.0028013  -0.0036035 -0.00482044 -0.0748516  0.0808511 -0.0225952    1.47392 -0.0283751   -9.69759  17346
                 186  7.58611  22.4759 -89.1887 -2.36867 -2.12692  1.15048   0.54526 -0.478099  0.664684 -0.00869547  -0.0248608   0.0367152  -0.130056  -0.272166 -0.0660608  0.00258538  -0.0032841 -0.00466494  -0.074256  0.0811006 -0.0228058    1.47415 -0.0281201   -9.69755  17346
             186.099  7.73572  22.7436 -88.8986 -2.37924  -2.1454  1.14676  0.544788 -0.477884  0.663516 -0.00869553  -0.0248734   0.0367082  -0.114101  -0.286464 -0.0661866  0.00251993 -0.00342352 -0.00474452 -0.0740053  0.0812037 -0.0228365    1.47431 -0.0280046   -9.69753  17301
             186.199  7.34374  22.4358 -89.4447 -2.40162 -2.16596  1.14917 0.541912 -0.47831  0.65744 -0.00868974   -0.024945   0.0367221  -0.114748  -0.285503 -0.0433527  0.00270542 -0.00327022 -0.00454315 -0.0725998  0.0818245 -0.0231934      1.475 -0.0273277   -9.69743  17357
               186.3  7.59116  22.6286 -89.4003 -2.41338  -2.1891  1.14911  0.540957 -0.476882  0.654108 -0.00870223  -0.0249728   0.0367454 -0.0901574  -0.332936  -0.031864  0.00259215 -0.00378956  -0.0048176 -0.0718826  0.0819908 -0.0232615   1.47553 -0.027113  -9.69735  17231
               186.4  7.30291  22.2612 -89.7702 -2.41673 -2.19826   1.1522  0.540565 -0.475995   0.65215 -0.00871391  -0.0249891   0.0367604  -0.0905668   -0.360457 -0.00784589  0.00266684 -0.00367961 -0.00476761 -0.0713762  0.0820067 -0.0233809    1.47588 -0.0270548    -9.6973  17192
               186.5  7.32931  22.0107 -90.5068  -2.4201 -2.24272  1.15281 0.541118 -0.46765 0.646243 -0.00879952  -0.0250772    0.036786 -0.0591916  -0.375356  0.0139098  0.00259287 -0.00353668 -0.00465977  -0.070488  0.0818848 -0.0229073    1.47726 -0.0271183   -9.69709  17177
               186.6  7.62501  21.8271 -90.6429 -2.42523 -2.26856   1.1577  0.540614 -0.464577  0.643113 -0.00881437  -0.0251017   0.0368017 -0.0690732  -0.347185  0.0283244  0.00257509 -0.00342273 -0.00459939 -0.0699101  0.0820046 -0.0228558   1.47788 -0.026984  -9.69699  17151
               186.7   8.2067  22.0253 -90.6524 -2.43196 -2.29603  1.15915  0.539979 -0.462451  0.641321 -0.00881004  -0.0251209    0.036791 -0.0622307  -0.316249  0.0101209   0.0026028 -0.00362422 -0.00480578 -0.0696741  0.0821371  -0.022676    1.47825 -0.0268291   -9.69693  17141
               186.8  7.88788  21.4636 -91.4469 -2.43753 -2.32753  1.16445  0.540409 -0.463556  0.641488 -0.00879641  -0.0251066   0.0367875   -0.0475886    -0.291136 -0.000383144  0.00286174 -0.00333796  -0.0047515 -0.0694359  0.0820972 -0.0230366    1.47821 -0.0269151   -9.69694  17140
               186.9  8.30856  21.3223 -91.6585 -2.43956 -2.36566  1.16944  0.542399 -0.466387  0.644073 -0.00878487   -0.025062   0.0367636 -0.0680097  -0.293746  0.0136189  0.00248379 -0.00330816 -0.00457362 -0.0695691  0.0817316 -0.0235305    1.47776 -0.0273538   -9.69701  17132
                 187  8.22972  21.7745 -92.1069 -2.44539 -2.40689   1.1668  0.543836 -0.467991  0.646877 -0.0087865 -0.0250358  0.0367942 -0.0992801  -0.320115 0.00754244  0.00253068 -0.00336563 -0.00452147 -0.0702948   0.081383 -0.0234616    1.47721 -0.0276979   -9.69709  17072
               187.1  8.15292  21.8013 -92.2348  -2.4526 -2.43748  1.16628  0.544516 -0.467006  0.647344 -0.00878463  -0.0250298   0.0367998   -0.128886   -0.312746 -0.00614792  0.00263725 -0.00338653 -0.00471077 -0.0703706  0.0811638 -0.0233977    1.47726 -0.0278957   -9.69708  17127
               187.2  8.20139  22.1122 -92.7792 -2.46045 -2.47072  1.15494  0.544602 -0.462148  0.647639 -0.00875212  -0.0250162    0.036805  -0.163285  -0.322037 -0.0381693  0.00256395 -0.00362312 -0.00460537 -0.0709754  0.0806265 -0.0226658    1.47751 -0.0282051   -9.69704  17116
               187.3  8.05527  21.7978 -93.2984 -2.47623 -2.49493   1.1496 0.543609 -0.45826 0.646006 -0.00876785  -0.0250268   0.0368159  -0.202584  -0.324953 -0.0503895  0.00258918 -0.00359671 -0.00459494 -0.0706242  0.0806169 -0.0223748    1.47812 -0.0281215   -9.69695  17121
               187.4  7.99202  21.3178 -93.5453 -2.49231 -2.52169  1.14732 0.544232  -0.4552 0.645287 -0.00878627  -0.0250228   0.0368631  -0.222393  -0.320059 -0.0501621  0.00257934 -0.00343074 -0.00462032 -0.0700877  0.0804621 -0.0223979    1.47867 -0.0283026   -9.69687  17160
               187.5 7.49035 21.3277  -94.01 -2.52089 -2.54519  1.14525  0.541918 -0.453948  0.643355 -0.00879153  -0.0250245   0.0368537    -0.263627    -0.320493 -0.000689485  0.00269054 -0.00341206 -0.00445867 -0.0696902  0.0809301 -0.0222838    1.47906 -0.0278032   -9.69681  17120
             187.599  7.7788 21.3152 -94.139 -2.55116 -2.56677  1.14875  0.540436 -0.454889  0.642279 -0.00879858  -0.0250312   0.0368465   -0.275413   -0.288363 -0.00324719  0.00271377 -0.00328889 -0.00454695 -0.0692567  0.0815059  -0.022505     1.4792 -0.0273265   -9.69679  17259
               187.7  7.55378  21.1508 -95.5774 -2.58204 -2.59993  1.15127  0.541251 -0.456965  0.643055 -0.00877937  -0.0250107    0.036848  -0.249718  -0.264501 -0.0140821  0.00283411 -0.00305915 -0.00449033 -0.0691468  0.0816138 -0.0228518    1.47898 -0.0273455   -9.69682  17086
               187.8 8.06204 21.3348 -96.569 -2.60954 -2.62818  1.15325  0.541503 -0.459776    0.6439 -0.00875255  -0.0249549   0.0368755  -0.225407  -0.244235 -0.0163945    0.002737 -0.00309269 -0.00492329 -0.0690834   0.081801 -0.0232146    1.47868 -0.0272512   -9.69687  17131
               187.9   8.3349  21.8898 -97.8725 -2.62374 -2.64071  1.15384  0.541287 -0.455134  0.640536 -0.00880135  -0.0251373   0.0367661  -0.149635  -0.200682 -0.0144166  0.00280973 -0.00305439 -0.00507517 -0.0683261  0.0818801  -0.023077     1.4796 -0.0272341   -9.69673  17093
                 188  8.54202  22.5375 -98.8072 -2.64544 -2.65713  1.14926 0.539082 -0.45689 0.639958 -0.00870737  -0.0251465   0.0368375   -0.119597   -0.168801 -0.00664736  0.00286686 -0.00305489 -0.00548537 -0.0685706  0.0824005 -0.0229493    1.47939 -0.0266615   -9.69676  17134
               188.1 8.52504 23.2825 -100.59 -2.65775 -2.66746  1.14665  0.537941 -0.455512  0.637656 -0.00863676  -0.0252252   0.0368275   -0.0758362    -0.146697 -0.000135319   0.0028733 -0.00322628 -0.00534021 -0.0685098  0.0827445 -0.0227262    1.47967 -0.0263404   -9.69672  17098
               188.2  8.58799   23.749 -101.852 -2.66577 -2.67921  1.14517  0.537222 -0.454827  0.636122 -0.0085955 -0.0252569  0.0368298   -0.0497808    -0.150057 -0.000892738  0.00285084 -0.00332043 -0.00556896 -0.0684905  0.0829948 -0.0225984    1.47983 -0.0261151    -9.6967  17172
               188.3  8.51954    23.83 -103.449 -2.66726 -2.69356  1.14458  0.537589 -0.453379  0.635312 -0.00860791   -0.025274   0.0368307 -0.0173739  -0.161906 0.00102668  0.00298247  -0.0033736 -0.00567171 -0.0684396  0.0829724 -0.0224984    1.48003 -0.0261918   -9.69667  17158
               188.4 8.43281 23.9858 -105.77 -2.68051 -2.69632    1.139  0.534133 -0.451809  0.628162 -0.00844898  -0.0254068   0.0369292 -0.0390735  -0.178281 -0.0122579  0.00306078 -0.00360997 -0.00570762 -0.0683282  0.0842055 -0.0221219    1.48065 -0.0250601   -9.69657  17130
               188.5  8.50044  24.0918 -105.818 -2.68048 -2.68092  1.14075 0.532472 -0.44636 0.618683 -0.00842021  -0.0256141   0.0369793  -0.0347844   -0.135933 -0.00728774  0.00307144 -0.00370955 -0.00583335 -0.0674385  0.0848463 -0.0219076    1.48201 -0.0246076   -9.69637  17077
             188.599  8.51367  24.0802 -108.365 -2.69223 -2.68392  1.14243  0.529092 -0.445442   0.61191 -0.00827801  -0.0257637   0.0371029 -0.0650493  -0.136369  0.0098259  0.00310863 -0.00364639 -0.00606246 -0.0669537   0.085713 -0.0219104    1.4827 -0.023726  -9.69626  17067
             188.699  8.58303  24.7094 -112.256 -2.70454 -2.72578  1.14475  0.530721 -0.451047  0.620157 -0.00833522  -0.0256283   0.0370302   -0.0655642    -0.172611 -0.000853114  0.00323679 -0.00361248 -0.00624187 -0.0673298  0.0849128 -0.0223656    1.48148 -0.0242498   -9.69645  17089
             188.799  8.31624  25.3559 -115.229  -2.7035 -2.74817  1.13115  0.533836 -0.447792  0.623059 -0.00841164   -0.025611   0.0369989 -0.0547322  -0.178092 -0.0417704  0.00318628 -0.00369872 -0.00595738 -0.0681519  0.0846921 -0.0215705    1.48132 -0.0247568   -9.69647  17061
             188.899  8.32546  25.7296 -119.182 -2.70774 -2.78243  1.14118  0.536452 -0.454401  0.631181 -0.0086353 -0.0252968  0.0368789 -0.0710461  -0.188177 -0.0138226  0.00274892 -0.00339629 -0.00539845 -0.0677923  0.0834525  -0.022597    1.48012 -0.0256766   -9.69665  17043
                 189  7.82863  26.6855 -121.789 -2.71497 -2.80242  1.13639  0.537145 -0.454527  0.632904 -0.00865748  -0.0252615   0.0368823 -0.0895257  -0.162859 -0.0227121  0.00290544 -0.00360373 -0.00550806 -0.0680898  0.0833188 -0.0224356    1.47988 -0.0257995   -9.69669  17046
               189.1  7.60306  27.0863 -124.623 -2.70724 -2.81823  1.13637  0.540572 -0.446423  0.630332 -0.00872176  -0.0254098   0.0368595 -0.0688368  -0.133488 -0.0200261  0.00280356 -0.00351441 -0.00574018 -0.0675283  0.0828006 -0.0221763    1.48088 -0.0269518   -9.69653  17029
               189.2   6.7044  28.2894 -127.775 -2.7093 -2.8144 1.12737   0.53758 -0.436826  0.619959 -0.00847825  -0.0254321   0.0367848 -0.0777248 -0.0687302 -0.0440878  0.00314317 -0.00384666 -0.00582215 -0.0673987  0.0835992  -0.021451     1.4827 -0.0265505   -9.69626  17020
               189.3  6.13272  28.5087 -130.365 -2.71803 -2.82078  1.11518  0.536858 -0.435736  0.620017 -0.00845743   -0.025385   0.0367843 -0.0879963 -0.0603938 -0.0591444  0.00336231 -0.00363976 -0.00626635 -0.0679579  0.0836152 -0.0210337    1.48263 -0.0264105   -9.69627  17009
               189.4  6.3795 28.5588    -131 -2.71271 -2.81676  1.11973  0.537435 -0.429686  0.614318 -0.00839174  -0.0253571   0.0368213  -0.066923 -0.0376146 -0.0446355  0.00324745 -0.00358408 -0.00659281 -0.0670652  0.0838084  -0.021116    1.48389 -0.0268348   -9.69607  16989
               189.5  5.40068  29.5733 -136.039 -2.72676 -2.81978   1.1158  0.537399 -0.431234   0.61432 -0.00840113  -0.0253582   0.0368182  -0.091023 0.00259469 -0.0380809  0.00312246 -0.00363949 -0.00644878 -0.0668149  0.0838966  -0.021358    1.48384 -0.0267377   -9.69608  16944
               189.6  4.89613  29.7554 -138.934  -2.7364 -2.82403  1.11616 0.539396 -0.43384 0.618072 -0.00842106  -0.0253965   0.0367997 -0.0944237 0.00720518 -0.0216045  0.00301515  -0.0035501 -0.00616237 -0.0665794  0.0835633 -0.0216263    1.48331 -0.0270839   -9.69616  16890
               189.7  4.63492  30.1167 -139.713 -2.73449 -2.81233   1.1229  0.537364 -0.429891  0.609571  -0.008316 -0.0254311  0.0368152  -0.0853173   0.0435094 -0.00544845  0.00298389 -0.00374015 -0.00584346 -0.0657979  0.0844019 -0.0218259    1.48473 -0.0267183   -9.69594  16863
               189.8  4.05018  30.6932 -142.996 -2.74586 -2.80782  1.11909  0.539915 -0.426865  0.611525  -0.008234 -0.0254608  0.0368394 -0.0992389  0.0510347 -0.0331492  0.00295836 -0.00369603 -0.00578411 -0.0656881  0.0839643 -0.0216632    1.48473 -0.0275217   -9.69594  16958
             189.901  3.77892  30.7901 -145.086 -2.74032 -2.79233  1.11519  0.539692 -0.413375  0.600749  -0.008137 -0.0252459  0.0369259 -0.0515778   0.101798 -0.0113521  0.00294156 -0.00344204 -0.00577336 -0.0651674  0.0844245 -0.0211223    1.48694 -0.0282489    -9.6956  16831
             190.001  3.45019  31.3728 -146.837 -2.74305 -2.78263  1.11887  0.540796 -0.412626  0.600589 -0.00810505  -0.0252327   0.0369341 -0.043941 0.0980837 0.0140584  0.00303512  -0.0037823 -0.00575909 -0.0647904  0.0844087 -0.0212382    1.4871 -0.028543  -9.69558  16828
               190.1   3.1881  31.6366 -148.574 -2.74244 -2.78487   1.1153  0.544618 -0.410932  0.607276 -0.00800123  -0.0253051   0.0369501 -0.0326971  0.0410897 -0.0148626  0.00301996 -0.00389654 -0.00569382 -0.0649522  0.0835488 -0.0209621    1.48641 -0.0296072   -9.69568  16882
               190.2  3.09406  31.7341 -150.079 -2.75012 -2.78112  1.11763  0.544152 -0.414662  0.608026 -0.00802716  -0.0253147    0.036942 -0.0418993  0.0182775 -0.0120026  0.00289573 -0.00370538 -0.00564151 -0.0647212   0.083657  -0.021287    1.48615 -0.0292828   -9.69572  16803
               190.3   2.6721   31.828 -151.278 -2.75698 -2.77843  1.11754  0.543086 -0.416924  0.607971 -0.00805983  -0.0253325   0.0369237 -0.0427318 0.00510948 -0.0082798  0.00293764 -0.00364769 -0.00569926  -0.064783  0.0837888 -0.0214155    1.48602 -0.0288921   -9.69574  16935
               190.4  2.56141  32.2583 -152.092 -2.75861 -2.78088  1.11955  0.544258 -0.417722  0.609855 -0.00804395  -0.0253442   0.0369311  -0.0464547 -0.00296471 -0.00414963  0.00279449 -0.00386006 -0.00553755 -0.0645291  0.0835971 -0.0215316    1.48581 -0.0291673   -9.69577  16903
               190.5  1.82926  32.5197 -154.124 -2.76764 -2.77713  1.11924  0.542598 -0.417446  0.606377 -0.00807248  -0.0253291   0.0369135   -0.059988  0.00605008 0.000933987   0.0029448 -0.00392465 -0.00546301 -0.0645893  0.0839757 -0.0215555    1.48621 -0.0287395   -9.69571  16969
               190.6  1.83299  32.5238 -155.054 -2.76428 -2.77255  1.12405  0.543285 -0.409665   0.59743 -0.00808098  -0.0252238    0.036944 -0.0503053 0.00816713 0.00675858  0.00290491 -0.00397817 -0.00558405 -0.0637781  0.0844912 -0.0214777    1.48781 -0.0293464   -9.69547  16914
               190.7  1.45437  32.5411 -156.467 -2.75819 -2.76544  1.12415  0.543029 -0.398726  0.585686 -0.00812131  -0.0251582   0.0369807  -0.0347845   0.0157991 -0.00176061  0.00290845 -0.00388112 -0.00534281 -0.0633889  0.0852442 -0.0210908    1.48983 -0.0298211   -9.69515  16955
               190.8  1.55123  32.6108 -157.619 -2.75904 -2.76183  1.13503   0.54368 -0.398117  0.581293 -0.00812917  -0.0251116   0.0370012 -0.0369986  0.0150746  0.0295274  0.00271237 -0.00386351 -0.00510096 -0.0622462  0.0855787 -0.0215445    1.49058 -0.0301056   -9.69504  16970
               190.9  1.42431  32.6522 -158.416 -2.76029 -2.75176   1.1368  0.540622 -0.394762  0.572663 -0.00816547  -0.0251115   0.0370156 -0.0425783   0.027971  0.0223749  0.00272067 -0.00393799 -0.00493422 -0.0623916   0.086395 -0.0214497    1.49174 -0.0294705   -9.69486  17216
             191.001  1.47866  32.6226 -158.879 -2.76342 -2.74795  1.13668  0.540199 -0.391564  0.569667 -0.00818199  -0.0250915   0.0370185 -0.0597222 0.00833591 0.00566859  0.00273688 -0.00398863 -0.00494568 -0.0625184  0.0865872 -0.0212372    1.49224 -0.0295198   -9.69478  17102
             191.101  1.08137  32.8327 -159.621 -2.76613 -2.74357  1.12538   0.53796 -0.385717  0.564606 -0.00820055  -0.0250649   0.0369988  -0.0666589 0.000162624  -0.0311037  0.00281735 -0.00392653 -0.00478227 -0.0634993  0.0869575 -0.0205494    1.49298 -0.0291908   -9.69467  17133
             191.201  1.38192  33.0606 -159.863 -2.77182 -2.74116  1.12537  0.537531 -0.384542   0.56111 -0.00822392  -0.0250364   0.0369902   -0.076257 0.000361038   -0.029109  0.00268444 -0.00382402 -0.00485791 -0.0631656   0.087261   -0.02067    1.49351 -0.0291639   -9.69459  17108
               191.3  1.13287  33.2201 -160.407  -2.7755 -2.73401  1.12018  0.535146 -0.380392   0.55362 -0.00825634    -0.02501   0.0369637 -0.0628278  0.0189169 -0.0283175  0.00280173 -0.00380256 -0.00486941 -0.0634162  0.0879259 -0.0204422    1.49457 -0.0287495   -9.69443  17030
               191.4  1.57079   33.298 -160.144 -2.77378 -2.72935  1.11858  0.534019 -0.376979   0.54833 -0.00828508  -0.0249851    0.036956 -0.0519359  0.0311211 -0.0291285  0.00265391 -0.00387129 -0.00511628 -0.0634495  0.0883581 -0.0202982    1.49537 -0.0286295    -9.6943  16963
             191.501  1.37965  33.1389 -161.878 -2.77942 -2.72326  1.12138 0.535861 -0.37408 0.544645 -0.00832193  -0.0249824    0.036964 -0.0597937  0.0421732 -0.0218141  0.00241032 -0.00382024 -0.00513886 -0.0623808  0.0885605 -0.0205458    1.49614 -0.0293155   -9.69418  17038
             191.601  1.03488  33.1801 -162.536 -2.77871 -2.70516   1.1256  0.532414 -0.368855  0.529787 -0.00833982  -0.0250313   0.0369694 -0.0453662  0.0923924 -0.0119524  0.00246932 -0.00373292 -0.00529933 -0.0618904  0.0899489  -0.020718    1.49825 -0.0286861   -9.69386  16955
             191.701  0.26819  33.5601 -163.822 -2.78079 -2.68687  1.12281   0.53002 -0.365377  0.522349 -0.00830159  -0.0250576   0.0369366 -0.0415638   0.130318 -0.0137023  0.00265528 -0.00379026 -0.00526236 -0.0621046  0.0906282   -0.02059    1.49927 -0.0282223    -9.6937  16949
               191.8 0.123771  33.6342   -164.9 -2.78392 -2.66931  1.12566  0.528391 -0.364971  0.516851 -0.00827466  -0.0251026    0.036933  -0.0452683    0.142465 -0.00389994  0.00257996 -0.00382069 -0.00521974 -0.0618672  0.0912164 -0.0207886    1.49998 -0.0277987   -9.69359  16998
             191.901 -0.0473782    33.6623   -166.229 -2.79617 -2.65549  1.11489  0.527288 -0.367701  0.522462 -0.00823727  -0.0250304   0.0369338 -0.0825659   0.132211 -0.0369646  0.00246284 -0.00373295 -0.00531701 -0.063002 0.0907111 -0.020489    1.49894 -0.0273483   -9.69376  16910
             192.001 -0.496667   33.8523  -167.705 -2.80233  -2.6446  1.10909 0.528243 -0.36503 0.522672 -0.00826282  -0.0250401   0.0369253  -0.101551    0.12901 -0.0453646  0.00262358 -0.00374902 -0.00543078 -0.0630061   0.090576 -0.0202804    1.49906 -0.0277649   -9.69374  16992
             192.101 -0.798181   34.0399  -169.017 -2.81085  -2.6357  1.10195  0.529641 -0.362041  0.523513 -0.00829138  -0.0250497   0.0369072  -0.124984   0.104135 -0.0533781  0.00294074 -0.00360069 -0.00580838 -0.0629817  0.0903592 -0.0200373    1.49913 -0.0283182   -9.69372  16843
               192.2 -1.14611  34.3598 -170.814 -2.82543 -2.63245  1.09476  0.531217 -0.363405  0.528977 -0.00832684  -0.0250068   0.0368982  -0.133028  0.0624683 -0.0430648  0.00309548 -0.00359001 -0.00581735 -0.0630823  0.0898052 -0.0199386    1.49838 -0.0286701   -9.69384  17049
             192.301 -1.71963  34.6956  -173.07 -2.83947 -2.64241  1.07886  0.535068 -0.362384  0.540792 -0.00845012  -0.0249137   0.0368547  -0.152511 -0.0152011 -0.0829031  0.00313445 -0.00370243 -0.00551891 -0.0636991  0.0884742 -0.0192877    1.49692 -0.0297608   -9.69406  16902
             192.401 -1.74437  35.1116 -175.385 -2.84515 -2.64693  1.07196  0.537377 -0.353377   0.53379 -0.00848233  -0.0250948   0.0367795  -0.115776 -0.0482699 -0.0829168  0.00284126 -0.00363691 -0.00534129 -0.0629468  0.0888939 -0.0190434    1.49833 -0.0308308   -9.69384  16957
             192.501 -1.80842  35.4906 -176.985 -2.85552 -2.64951  1.07216  0.537192 -0.355472  0.532108 -0.00850126  -0.0250801   0.0367798  -0.134138 -0.0610412 -0.0668464  0.00271517 -0.00374137 -0.00515612 -0.0623435  0.0891054 -0.0194139   1.49852 -0.030722  -9.69381  16896
             192.601 -2.14093  35.9423   -178.7 -2.86556 -2.64762  1.06967  0.534708 -0.350625  0.517844 -0.00851015  -0.0250895   0.0367839  -0.112912  -0.046127 -0.0530539  0.00274789 -0.00351528 -0.00531223 -0.061903 0.0903328 -0.019575    1.50044 -0.0303219   -9.69352  16852
             192.701 -1.85593  36.0154 -179.451 -2.86479 -2.64651  1.07207  0.534744 -0.344934  0.507461 -0.00853692  -0.0250291   0.0368043 -0.0737006 -0.0322031 -0.0335799  0.00260389 -0.00343083 -0.00537779 -0.0611165  0.0910869 -0.0196311    1.50199 -0.0306912   -9.69327  16896
             192.801 -2.23679  36.3636 -179.781 -2.86718 -2.63927  1.07149  0.531767 -0.345039  0.500373 -0.00860734  -0.0250385   0.0367686  -0.0725457 -0.00800016  -0.0321045  0.00284671  -0.0035667 -0.00544959 -0.0614095  0.0917986 -0.0197538    1.50273 -0.0298266   -9.69316  16776
             192.901 -2.84397  36.8959  177.483  -2.8858 -2.65815  1.07064   0.53669 -0.352405  0.518777 -0.00855065  -0.0250877   0.0368186 -0.0787122  -0.063559 -0.0209834  0.00294122 -0.00359139 -0.00549357 -0.0602239  0.0901858 -0.0199711    1.50058 -0.0311125   -9.69349  16865
                 193 -2.7077 36.9655 177.684 -2.88619  -2.6626  1.07064 0.537938 -0.35167 0.520922 -0.00851699  -0.0250762   0.0368366  -0.075575 -0.0722366 -0.0218727  0.00300777 -0.00360519  -0.0057331 -0.0599942  0.0899529 -0.0199126    1.50043 -0.0315449   -9.69351  16789
               193.1 -3.37546   37.404  174.687 -2.90633 -2.67931  1.06912  0.538476 -0.359205  0.529402 -0.00850454  -0.0251031    0.036827 -0.0836349 -0.0812972 -0.0194982  0.00292972 -0.00348736 -0.00559526 -0.0595759  0.0893105  -0.020222    1.49922 -0.0314484    -9.6937  16922
             193.201 -3.12263  37.4624  173.792 -2.90781 -2.68642    1.073  0.540286 -0.360014  0.532628 -0.00853404  -0.0251215   0.0367915 -0.0780173 -0.0904234 -0.0070612  0.00255446 -0.00350252 -0.00532918 -0.0587406  0.0889898 -0.0202773    1.49901 -0.0321117   -9.69373  16761
               193.3 -3.65049  38.0822  171.595 -2.91976 -2.69546   1.0754  0.539772 -0.360833  0.528531 -0.00854991  -0.0251175   0.0367923 -0.0602248 -0.0346971 0.00208484  0.00262162 -0.00357443 -0.00538794 -0.0583472  0.0893498 -0.0204409    1.49946 -0.0319361   -9.69366  16853
             193.401 -4.16397  38.3071   169.87 -2.91885 -2.69663  1.06902  0.539418 -0.353301   0.52393 -0.00855219  -0.0250978   0.0367997  -0.0371578 -0.00306552  -0.0164876  0.00274929 -0.00368867 -0.00537841 -0.0590977  0.0896292 -0.0200655     1.5002 -0.0321389   -9.69355  16800
               193.5 -4.31065  38.0626  171.158 -2.91595 -2.69171  1.06265  0.538038 -0.349315  0.518706 -0.0086412 -0.0252269  0.0366688 -0.0283421  0.0117057 -0.0321769  0.00340171 -0.00346776 -0.00609764 -0.0599973  0.0900655 -0.0198438    1.50078 -0.0317395   -9.69346  16853
               193.6 -5.17347  38.6557    166.7 -2.91585 -2.69171  1.05701  0.539251 -0.346171  0.519231 -0.00866683  -0.0252556   0.0366623 0.00334706  0.0243893 -0.0225439  0.00305187  -0.0035105 -0.00558898 -0.0596702  0.0899958  -0.019676      1.501 -0.0323728   -9.69342  16792
               193.7 -5.24769  38.8758  166.607 -2.91792 -2.68311  1.05569  0.537137 -0.347818  0.514124 -0.00863952  -0.0252533   0.0366741 -0.00241392   0.0501831  -0.0277259  0.00315724 -0.00360874 -0.00571273 -0.0602484  0.0904374 -0.0198469    1.50128 -0.0314628   -9.69338  16854
             193.801 -5.76564  39.0695  163.319 -2.91178 -2.67612  1.05338  0.538478 -0.344888  0.513547 -0.00866185  -0.0252777   0.0366721  0.0238125  0.0537227 -0.0233945  0.00314594  -0.0037051 -0.00564731 -0.0596595  0.0904964 -0.0197228    1.50166 -0.0321409   -9.69332  16961
             193.901 -5.60878  38.9984  163.055 -2.91934 -2.67965  1.05659  0.539692 -0.352235  0.522423 -0.00866393  -0.0252325   0.0366217 0.00226253  0.0416969 -0.0169585  0.00304178 -0.00364324 -0.00564984 -0.0589768  0.0898889 -0.0199482     1.5005 -0.0321927    -9.6935  16640
             194.001 -5.74304   39.216  160.527 -2.91983  -2.6742  1.05855  0.540839 -0.355266  0.525362 -0.00865965  -0.0252147   0.0366131 0.00418293  0.0429423 0.00321458  0.00290061 -0.00370538 -0.00552731  -0.058162  0.0897312 -0.0200565    1.50023 -0.0324766   -9.69354  16939
             194.101 -5.88875  39.2825  159.275 -2.91799  -2.6707  1.06195  0.541652 -0.355509  0.525202 -0.00866033  -0.0251958   0.0366216 0.00230578  0.0479882 0.00556415  0.00296887 -0.00380018 -0.00554487 -0.0575907  0.0897771  -0.020075    1.50036 -0.0327804   -9.69352  16712
             194.201 -5.85981  39.1362  158.329 -2.92108 -2.66944  1.05924  0.541942 -0.355784  0.530516 -0.00863043  -0.0252104    0.036612 -0.00944186    0.040626  0.00042802  0.00300789 -0.00372033 -0.00571932 -0.0578641  0.0893264 -0.0199886   1.49976 -0.032904  -9.69361  16846
             194.301 -5.97638  39.2068  157.345 -2.92807 -2.65607  1.06191  0.539869 -0.362755  0.528459 -0.00865012  -0.0252816   0.0365745 -0.0312516  0.0779051 0.00467373  0.00311753 -0.00380984 -0.00590084 -0.0580025  0.0895761 -0.0203916    1.49958 -0.0317674   -9.69364  16734
             194.401 -5.96783  39.0153   155.95 -2.92858 -2.64554  1.05853  0.539337 -0.358662  0.525344 -0.00866482  -0.0252834   0.0365732  -0.0274021   0.0954706 -0.00291378  0.00305377 -0.00374223 -0.00610982 -0.0586903  0.0897831 -0.0202442    1.49997 -0.0316964   -9.69358  16836
               194.5 -5.99415  38.9983  154.786 -2.93212 -2.63743  1.05598  0.539309 -0.358118   0.52718 -0.00865908  -0.0252869   0.0365688  -0.0280258    0.104293 -0.00870398  0.00304216 -0.00371972 -0.00615249 -0.0589674  0.0896255 -0.0201809    1.49976 -0.0317043   -9.69362  16699
               194.6 -6.67194  38.8294   152.28 -2.94392 -2.63759  1.04893  0.540507 -0.360776  0.542924 -0.00873617  -0.0252444   0.0365265 -0.0496208  0.0919838 -0.0333227  0.00293674 -0.00363806 -0.00564258 -0.0591921  0.0883526 -0.0199873    1.49804 -0.0321367   -9.69388  16910
             194.701 -6.60448  38.7409  151.696 -2.94283 -2.63911  1.05053   0.54175 -0.359786  0.543245 -0.00877703  -0.0253063   0.0365232 -0.0435624  0.0852527 -0.0272787  0.00278374 -0.00357528 -0.00551624  -0.058612  0.0883431 -0.0199174    1.49816 -0.0326505   -9.69386  16705
               194.8 -6.75506  39.1051    148.4 -2.93918 -2.62893  1.05267  0.544817 -0.354715  0.539164 -0.00882264  -0.0254239   0.0364659  0.00386077   0.0753689 -0.00134411  0.00296348 -0.00357683 -0.00568194 -0.0571435  0.0886776 -0.0196942    1.49906 -0.0340255   -9.69372  16906
             194.901 -7.08355  39.3662  146.251 -2.93089 -2.61747  1.04989  0.544571 -0.348001    0.5298 -0.0087635 -0.0254555   0.036486  0.0153164  0.0723224 -0.0229709  0.00307366  -0.0036792 -0.00592562 -0.0577365  0.0894175 -0.0195476     1.5002 -0.0340319   -9.69354  16889
             195.001 -7.56394  39.5008  144.135 -2.92753 -2.60581  1.04759  0.543662 -0.347419   0.52512 -0.0087335 -0.0254501  0.0364999   0.024237  0.0857205 -0.0215916  0.00303008 -0.00362359 -0.00587306 -0.0580641  0.0898005 -0.0196324    1.50064 -0.0336416   -9.69347  16941
             195.101 -7.56408  39.3641  142.887 -2.92732 -2.59869  1.04408  0.543095 -0.347776  0.526304 -0.00872565  -0.0254402   0.0364998  0.0274708  0.0955121 -0.0257447  0.00288959 -0.00349791 -0.00603817 -0.0584736  0.0897211 -0.0196466    1.50045 -0.0333885    -9.6935  16925
             195.201 -7.98345  39.3623  142.171 -2.92503 -2.59495  1.03952  0.543293 -0.345199  0.526866 -0.00871672  -0.0254288   0.0365063  0.0381424  0.0976953 -0.0312418  0.00311205 -0.00341018 -0.00620022 -0.0589351  0.0896934 -0.0195136    1.50044 -0.0334721    -9.6935  16827
             195.301 -8.56655  39.7611  139.028 -2.91693 -2.58449  1.04224  0.544531 -0.346709  0.526394 -0.00873987  -0.0254415   0.0364938  0.0598799  0.0911265 0.00403659  0.00297726 -0.00363935  -0.0059443 -0.0577066  0.0896806 -0.0195276    1.50058 -0.0340481   -9.69348  16878
             195.401 -8.92192  39.7606   137.38 -2.91631 -2.58319  1.03892  0.545461 -0.346386  0.536025 -0.00872925  -0.0254408   0.0365112   0.0478407   0.0804871 -0.00696667  0.00291391 -0.00378004 -0.00572239 -0.0578318  0.0889553 -0.0193191    1.49965 -0.0344796   -9.69362  16809
               195.5 -9.11041  39.3337  136.384   -2.908 -2.58113  1.03839  0.547233 -0.342414    0.5349 -0.0087339 -0.0253797  0.0365685  0.0599228  0.0780639 -0.0170909  0.00290651 -0.00357174 -0.00568593 -0.0573686  0.0890297 -0.0190939    1.49997 -0.0352805   -9.69357  16855
               195.6 -9.21263  39.4173  134.867 -2.89292 -2.57359  1.03633  0.548957 -0.338949  0.535433 -0.00871267  -0.0252847   0.0366148   0.0842051   0.0800658 -0.00993392  0.00270677 -0.00359696 -0.00556483 -0.0568939  0.0889712 -0.0188554     1.5001 -0.0360979   -9.69355  16816
             195.701 -9.32694  39.5388  134.132 -2.88763  -2.5615  1.03871  0.548293 -0.343842  0.538105 -0.00869942  -0.0253431   0.0366102   0.101315   0.127515 0.00967505  0.00263416 -0.00365552 -0.00568319 -0.0565378  0.0887614 -0.0190408    1.4997 -0.035776  -9.69361  16790
               195.8 -9.76601  39.5376  132.584  -2.8753 -2.55611  1.04426 0.550545 -0.34348 0.541528 -0.00867899  -0.0252816   0.0366454   0.11987  0.144952 0.0198407  0.00273159 -0.00371522 -0.00554382 -0.0552556  0.0885269 -0.0188501    1.49956 -0.0368044   -9.69363  16842
               195.9 -9.8593 39.3655  131.48   -2.869 -2.54856  1.04586  0.551553 -0.345524  0.551969 -0.00863438  -0.0252753   0.0366651 0.118602 0.151824 0.016862  0.00283972 -0.00359864 -0.00588997 -0.0547462  0.0877361 -0.0187026    1.49854 -0.0373058   -9.69378  17002
             195.999 -10.3751  39.2936  129.579 -2.86488 -2.53671  1.04407  0.551442 -0.348054  0.563093 -0.00863384  -0.0252593   0.0366612   0.102029   0.159793 0.00395194   0.0029434 -0.00355064 -0.00584221 -0.0548724  0.0868335 -0.0186062    1.49735 -0.0373635   -9.69397  16954
             196.099 -10.502 39.3812 127.744 -2.8594  -2.529 1.04174  0.552565 -0.347781  0.573929 -0.0086674 -0.0252625   0.036619    0.102578    0.149984 -0.00460143  0.00279684 -0.00354875 -0.00587814 -0.0545931  0.0859838 -0.0183194    1.49635 -0.0380398   -9.69412  16902
             196.199 -11.0101  39.3365  126.189 -2.85321 -2.51231  1.04524  0.552085 -0.353762  0.575925 -0.00867834  -0.0252502   0.0366172  0.111919    0.1522 0.0122785  0.00295271 -0.00349603 -0.00593756 -0.0540685  0.0858615 -0.0185705    1.49601 -0.0376413   -9.69418  16946
               196.3 -11.3413  39.2416  124.298 -2.8414 -2.4987  1.0486  0.552582 -0.355081  0.579032 -0.00869548  -0.0252531   0.0366081  0.127366  0.135723 0.0231649  0.00296333 -0.00371942 -0.00582511 -0.0536406  0.0856478 -0.0185335    1.49572 -0.0378602   -9.69422  16794
               196.4 -11.0965  39.3449  123.892 -2.84992 -2.49781  1.05326  0.552406 -0.365066  0.591775 -0.00875047  -0.0251939   0.0365462  0.095275  0.132988 0.0283284  0.00275751 -0.00382696 -0.00582137 -0.0524987  0.0846887 -0.0186954    1.49429 -0.0377409   -9.69444  16827
             196.501 -11.6035  38.9813  121.551 -2.84297 -2.46406  1.05894   0.54979 -0.376561  0.600331 -0.00871445  -0.0252248   0.0365191 0.0817772  0.179561  0.027093  0.00292443  -0.0036924 -0.00610554 -0.0524084   0.083972 -0.0191579     1.4931 -0.0365431   -9.69463  16736
             196.599 -11.9568  38.8148  119.113  -2.8352 -2.45138  1.06775  0.551055 -0.379553  0.601284 -0.00873898   -0.025253   0.0365144 0.0990187  0.171311 0.0524779  0.00268567 -0.00389157  -0.0058447 -0.0511505  0.0839803 -0.0191554    1.49306 -0.0369856   -9.69463  16750
               196.7 -12.5527  38.2065  116.978 -2.82529 -2.44014  1.06934  0.551809 -0.375694  0.605008 -0.00877763  -0.0252729   0.0365171  0.110958  0.165207 0.0440794  0.00274068 -0.00388984  -0.0057152 -0.0513631     0.0837 -0.0188772    1.49281 -0.0375085   -9.69467  16733
             196.801 -12.5373  37.7921  115.011 -2.81587 -2.41512  1.07155  0.549977 -0.378039  0.606969 -0.00876017  -0.0252391   0.0364829  0.118016  0.194643 0.0341702  0.00270347 -0.00394996 -0.00581817  -0.052111  0.0834604 -0.0190602    1.49248 -0.0367691   -9.69472  16755
             196.901 -12.942 37.2235 113.056 -2.80893 -2.39956  1.07319  0.549928 -0.378753  0.612422 -0.00877843  -0.0252404   0.0364714  0.106058  0.189579 0.0329918  0.00282779  -0.0038535 -0.00574411 -0.0520623  0.0830305 -0.0189701    1.49195 -0.0368876    -9.6948  16792
             197.001 -12.7057  37.5084  113.183  -2.8128 -2.39925  1.07512  0.550025 -0.382128  0.619397 -0.00876154  -0.0252432   0.0364611 0.0907986  0.183452 0.0373241  0.00283596 -0.00402173 -0.00601022 -0.0514902  0.0825011  -0.018938    1.49124 -0.0370305   -9.69491  16848
             197.101 -12.9813  36.4393  109.548 -2.78873 -2.36997  1.07786  0.551837 -0.373788  0.615269 -0.00877202  -0.0252505   0.0364959  0.120587  0.190224 0.0217913  0.00284801 -0.00386055 -0.00593626 -0.0517382  0.0828683  -0.018565   1.49184 -0.037891  -9.69482  16812
               197.2 -12.949 36.4914 109.766 -2.78611 -2.37362   1.0762  0.553012 -0.369936  0.617291 -0.00874834   -0.025227   0.0365091  0.124002  0.169852 0.0187517  0.00301984 -0.00387009 -0.00621562 -0.0516486  0.0827215 -0.0182772    1.49175 -0.0385505   -9.69483  16865
             197.299 -13.1173  35.9356  106.266  -2.7671 -2.36452  1.08188  0.557396 -0.366102  0.624886 -0.0087346 -0.0252104  0.0365161  0.114789  0.121177 0.0285177  0.00292059 -0.00398309 -0.00612443 -0.0498957  0.0823156 -0.0176392   1.49121 -0.040474   -9.6949  16959
             197.401 -13.2761  35.1653  103.633 -2.74982 -2.34479   1.0805  0.556512 -0.362747  0.622198 -0.00872449   -0.025205   0.0365139  0.118663  0.154456 0.0100305  0.00280223 -0.00391058 -0.00584239 -0.0508879  0.0824557 -0.0176043    1.49149 -0.0402154   -9.69486  16889
             197.501 -13.2068  34.9316  102.155 -2.74523 -2.34561  1.08048  0.558943 -0.360571   0.62797 -0.00872639  -0.0252316   0.0365127    0.103283    0.137923 0.000118084   0.0026418 -0.00390278 -0.00572446 -0.0500323  0.0820888 -0.0172061    1.49099 -0.0412619   -9.69493  16934
             197.601 -13.2733  34.7044  101.891 -2.74559  -2.3385  1.08219  0.558276 -0.364208  0.630692 -0.00872186  -0.0252465   0.0365073  0.0927544   0.147776 0.00298766  0.00275154 -0.00373867 -0.00582479 -0.0498315  0.0818604  -0.017356    1.49066 -0.0409573   -9.69498  16943
             197.701 -13.777 34.3544 98.7324 -2.72436 -2.31582  1.08598  0.559573 -0.362181  0.625655 -0.00873436   -0.025209   0.0364836  0.107639  0.134369 0.0194287  0.00273793 -0.00368425 -0.00570498 -0.0493842  0.0823242 -0.0173098     1.4912 -0.0413987    -9.6949  16836
             197.801 -13.7258  34.5268  97.3268 -2.71652 -2.30921  1.08918  0.561372 -0.361992  0.630275 -0.00869075  -0.0251562   0.0364795 0.0984501  0.121247 0.0195382  0.00281433 -0.00383291 -0.00590723 -0.0485541  0.0820071 -0.0170677    1.49073 -0.0421029   -9.69497  16920
             197.901 -13.727  34.435 95.3748 -2.70963 -2.30022  1.09106  0.562109 -0.362009  0.633156 -0.00867708  -0.0251511   0.0364717 0.0868058  0.121233 0.0243799  0.00279661  -0.0037557 -0.00579871 -0.0482259  0.0818016 -0.0169448    1.49044 -0.0423936   -9.69501  16836
                 198 -13.4463  34.5565  94.1219 -2.70498  -2.2938  1.09613  0.563487 -0.362986  0.637156 -0.00865512  -0.0251207    0.036446 0.0726619  0.102519 0.0442233  0.00296967  -0.0038166 -0.00601115 -0.0474141  0.0815461 -0.0168042    1.49002 -0.0428866   -9.69508  16860
               198.1 -13.1953  34.4832    92.58 -2.69775 -2.28749  1.09842  0.564502 -0.359822  0.637063 -0.00863557  -0.0251133   0.0364449 0.0546419  0.109249 0.0401374  0.00313303 -0.00402075 -0.00619656 -0.0474878   0.081593  -0.016586    1.49005 -0.0432901   -9.69507  16880
             198.199 -12.979 34.1897 90.8173 -2.70165 -2.28844  1.10272  0.567546 -0.359799  0.645097 -0.00863146  -0.0251275   0.0364161 0.0142047  0.102049 0.0303798  0.00314936 -0.00407708 -0.00631848 -0.0461562  0.0811148 -0.0161802    1.48921 -0.0443514   -9.69519  16868
               198.3 -12.7057  33.5773  88.9514 -2.70725 -2.27808  1.10186  0.567597 -0.360185  0.652127 -0.00863247  -0.0251396   0.0363874 -0.0219299   0.126938  0.0119954  0.00325633 -0.00395323 -0.00643586 -0.0462095  0.0805606 -0.0159879     1.4885 -0.0444181    -9.6953  16916
             198.401 -12.5236  33.3913  86.6996 -2.70861 -2.27628  1.11031    0.5712 -0.358695  0.648116 -0.00863006  -0.0252312   0.0364469 -0.034565  0.121829 0.0559818  0.00312916 -0.00408129 -0.00636991 -0.0446783   0.081034 -0.0158164    1.48882 -0.0455534   -9.69525  16856
             198.501 -12.2022  33.2928  85.0916 -2.71048 -2.27734  1.11439  0.572549 -0.359018  0.647842 -0.00861032  -0.0253158   0.0364759 -0.0387853     0.1156  0.0653134  0.00256899 -0.00422368 -0.00586008 -0.0439872  0.0811276 -0.0157642    1.48882 -0.0459544   -9.69525  16933
               198.6 -12.2817  32.4991  82.8405  -2.7175 -2.26244  1.12112  0.575102 -0.356299  0.650196 -0.00862705   -0.025348   0.0365185 -0.00795889    0.140677   0.0278135   0.0030137 -0.00413941 -0.00626612 -0.0434662  0.0810677 -0.0153933    1.48852 -0.0467417   -9.69529  17000
               198.7 -11.9121  31.8386  80.0949 -2.72282 -2.25699  1.11893  0.577275 -0.352805   0.65501 -0.00866004  -0.0254035   0.0365401 -0.0106953   0.114223  0.0249979  0.00273968 -0.00389338 -0.00582967 -0.0433592  0.0808131  -0.014915      1.488 -0.0474165   -9.69536  16914
               198.8 -11.5922   31.437  78.0048 -2.72169 -2.25151  1.11657   0.57926 -0.347031   0.65285 -0.00866095  -0.0254027   0.0365658 -0.00333678   0.0990445   0.0132424  0.00259892 -0.00396915 -0.00571061  -0.043711  0.0811259 -0.0145553    1.48821 -0.0479958   -9.69533  17014
               198.9 -11.4803  31.5216  76.4608 -2.71585  -2.2329   1.1194  0.577486 -0.348577  0.648625 -0.00868998  -0.0254287   0.0365477     0.023661     0.126561 -0.000547719  0.00254997 -0.00409427 -0.00557647 -0.0441565  0.0813938 -0.0149138    1.48871 -0.0474083   -9.69526  16903
                 199 -11.1923  31.2768  75.3576 -2.71267 -2.22295  1.11861  0.578133 -0.347637  0.647885 -0.00869442  -0.0254022   0.0365472   0.0396161    0.113557 -0.00108751  0.00246502 -0.00398678 -0.00551904 -0.0440544  0.0814842  -0.014837    1.48876 -0.0476053   -9.69525  17021
               199.1 -11.0428  31.0721  74.2954 -2.70703 -2.21725  1.11533  0.579321 -0.344455   0.64699 -0.00869636  -0.0253472   0.0365489  0.0662113  0.0867234 0.00170088  0.00242844 -0.00394844 -0.00555616  -0.044226   0.081633 -0.0146107    1.48882 -0.0479513   -9.69524  16942
               199.2 -11.0512  31.0975  74.3149  -2.7131 -2.22107  1.10828  0.579896 -0.342262  0.653584 -0.00860003   -0.025314   0.0366131  0.0507088  0.0734983 -0.0116918  0.00247074 -0.00396123 -0.00562342 -0.0444941  0.0811388 -0.0142318    1.48815 -0.0481753   -9.69534  16943
             199.299 -11.116  30.802 72.4844 -2.71499 -2.21769  1.10573  0.581496 -0.343376   0.66681 -0.00842741   -0.025176   0.0367711  0.0643714  0.0372623 0.00455374  0.00237022 -0.00394183 -0.00556895 -0.0433705  0.0801147 -0.0136704    1.48669 -0.0488646   -9.69556  17015
             199.399 -11.2326  30.7265  71.7782 -2.71421 -2.21667  1.10457  0.581835 -0.343883  0.672216 -0.00835797  -0.0251336   0.0368353 0.0767082 0.0409646 0.0017888  0.00230996 -0.00401691 -0.00554182 -0.0430485  0.0796894 -0.0134725    1.48612 -0.0490432   -9.69565  16999
             199.499 -11.2527   30.695  70.9557 -2.71386 -2.20817  1.11223  0.580948 -0.349514   0.67859 -0.00830644  -0.0251709   0.0368859 0.0805418  0.061492 0.0424704  0.00218506 -0.00409443 -0.00547188 -0.0422007  0.0791083  -0.013602    1.48548 -0.0488253   -9.69574  17035
               199.6 -11.5609  30.5564  70.1287 -2.71971 -2.20536  1.11927  0.581919 -0.353414  0.689291 -0.00822482  -0.0251072   0.0369859  0.061076 0.0791012 0.0320425  0.00245816 -0.00428077  -0.0055487 -0.0408343  0.0783048 -0.0133414    1.48432 -0.0492082   -9.69592  16977
               199.7 -11.4088  30.2736   69.056 -2.72668 -2.19809  1.11815  0.582043 -0.354822  0.700076 -0.00817471  -0.0250739   0.0370318 0.0390781  0.111721  0.014903  0.00238585 -0.00417355 -0.00576234 -0.0404451  0.0774462 -0.0130134    1.48322 -0.0493163   -9.69609  16955
               199.8 -11.5287  29.7806  68.3305 -2.72841 -2.20135  1.11578  0.585395 -0.350938  0.700887 -0.00819548  -0.0250068    0.037087 0.0311815 0.0901385 0.0109689  0.00251887 -0.00394142  -0.0060864 -0.0397279  0.0776051 -0.0125021  1.48296 -0.05033 -9.69612  16861
               199.9 -11.4617  29.3565  66.2451  -2.7189 -2.20254  1.10862   0.58771 -0.343103  0.694872 -0.00815599  -0.0250406   0.0371311  0.0710876  0.0631805 0.00199988  0.00220834 -0.00392917 -0.00585856 -0.0404113  0.0782946 -0.0121193    1.48349 -0.0509877   -9.69604  16959
                 200 -11.6975  29.1187  64.1877 -2.71567 -2.20363  1.10178  0.589158 -0.339446  0.697511 -0.00817426  -0.0250848   0.0371245    0.081934   0.0470197 -0.00961277  0.00219208 -0.00397533 -0.00574505 -0.0405629   0.078197 -0.0116834   1.48317 -0.051427  -9.69608  16947
               200.1 -11.9185  28.9074  63.0767 -2.71358 -2.21065  1.09694  0.591551 -0.335888  0.697952 -0.00817649  -0.0251575   0.0371251  0.0839641   0.024121 -0.0170289  0.00229095 -0.00395808  -0.0058717 -0.0402552  0.0783512 -0.0112678     1.483 -0.052127  -9.69611  16932
               200.2 -12.2907   28.514  60.8867 -2.70563 -2.20648  1.10064  0.591834 -0.339898  0.700859 -0.00821104  -0.0251917   0.0371158    0.100336   0.0285121 0.000402336  0.00237452 -0.00382275 -0.00590411 -0.0392629  0.0781303 -0.0113801    1.48267 -0.0521792   -9.69616  16911
               200.3 -12.3561  28.5393  60.5958 -2.71151 -2.20172   1.1078  0.591374 -0.346647  0.709113 -0.00824329  -0.0252125   0.0371136 0.0805608 0.0342148 0.0164942  0.00253769  -0.0038218 -0.00619184  -0.037995  0.0773986 -0.0114969    1.48181 -0.0520228   -9.69629  16919
               200.4 -12.6547  28.2749   57.925 -2.70046  -2.2021  1.11079   0.59274 -0.346059  0.710122 -0.00824789  -0.0252227   0.0370989    0.1115 0.0249938  0.023476  0.00261078 -0.00392341 -0.00626446  -0.037476  0.0774415 -0.0113076    1.48163 -0.0524267   -9.69631  16897
               200.5 -12.6433  28.2672  57.5728 -2.70501 -2.20574   1.1121  0.593881 -0.347063  0.714441 -0.00825921  -0.0252287   0.0370777  0.103298 0.0172464 0.0263544  0.00262956 -0.00393041 -0.00635582 -0.0367007  0.0771971 -0.0110968    1.48112 -0.0527636   -9.69639  16861
               200.6 -12.7324  27.7998  54.4854  -2.6871 -2.20036  1.11189  0.593001 -0.346478  0.718827 -0.00825879  -0.0252332   0.0370678   0.13774 0.0326723 0.0201547  0.00270654 -0.00375706 -0.00615637  -0.037067  0.0767125 -0.0108967     1.4807 -0.0526172   -9.69645  16895
               200.7 -12.6011   27.815  53.2463 -2.67697 -2.19685  1.11636  0.593299 -0.348304  0.721617 -0.00825946  -0.0252289   0.0370553   0.13851 0.0368749 0.0289739  0.00274799 -0.00378931 -0.00615526 -0.0365714  0.0765432 -0.0108904    1.48041 -0.0526536    -9.6965  16924
               200.8 -12.4572  27.6122  52.0043  -2.6787 -2.19975  1.11399  0.594264 -0.347918  0.729976 -0.00822666  -0.0252152   0.0370315  0.103289 0.0290828 0.0192888  0.00263387 -0.00373554 -0.00594649 -0.0359155  0.0759649 -0.0103775    1.47949 -0.0530729   -9.69664  17081
               200.9 -12.3044  27.5349  50.5604 -2.67669 -2.20468   1.1119   0.59557 -0.345929  0.733296 -0.00820716  -0.0251915   0.0370223 0.0768763  0.016353 0.0122195  0.00230696 -0.00382836 -0.00546628  -0.0354971   0.0758261 -0.00994818    1.47905 -0.0535875    -9.6967  17160
                 201 -12.2215  27.4456  49.9238 -2.67046 -2.20353  1.11077  0.595337 -0.344867   0.73288 -0.00820729  -0.0252001   0.0370219  0.0812876  0.0203962 0.00950918  0.00210544 -0.00385599 -0.00513827 -0.0357695  0.0758133 -0.0098964     1.4791 -0.0535749   -9.69669  17099
               201.1 -11.8845   27.612  50.1951 -2.66283 -2.20283  1.10743  0.595344 -0.343046  0.734798 -0.00817035  -0.0251692   0.0370308    0.0876759    0.0251803 -0.000881633  0.00194258 -0.00394657 -0.00514306  -0.0359384   0.0756238 -0.00964667  1.47887 -0.05371 -9.69673  17104
               201.2 -12.0173   27.367  50.5008 -2.66021  -2.2087  1.10199  0.596558 -0.340166  0.736796 -0.00815883  -0.0249879   0.0370627  0.0858358 0.00761332 -0.0095501   0.0020637 -0.00378361 -0.00512461  -0.0356816   0.0755417 -0.00918555    1.47853 -0.0542455   -9.69678  17123
               201.3 -11.8788  27.2701   50.944 -2.65002 -2.21564  1.10113  0.598192 -0.338347  0.733654 -0.00825777  -0.0248584   0.0370424   0.0999386  -0.0103593 -0.00454133  0.00207962 -0.00371363 -0.00516563  -0.0353306   0.0759567 -0.00903247    1.47871 -0.0547412   -9.69675  16980
               201.4 -11.9054  27.1488  50.6255 -2.65621 -2.21769  1.09915  0.598458 -0.338738  0.738823 -0.00817652  -0.0247647   0.0371015    0.084199  -0.0131997 -0.00940324  0.00199909 -0.00367618  -0.0049481  -0.0348809   0.0755576 -0.00877073  1.47814  -0.0549 -9.69683  16989
               201.5 -11.8392  27.3641  51.3809 -2.65063 -2.22034  1.10195  0.599215 -0.341993  0.744022 -0.00810303   -0.024657   0.0371491  0.0845609 -0.0121303 0.00140873  0.00208777 -0.00367065 -0.00511084  -0.0337634   0.0752536 -0.00869598    1.47755 -0.0550556   -9.69692  17004
               201.6 -11.835 27.4899 51.3502 -2.64936 -2.22089  1.10406  0.599379 -0.344312  0.749037 -0.0080482 -0.0246053  0.0371806   0.0730529 -0.00859916  0.00612253   0.0020013 -0.00371575 -0.00499668  -0.0330743   0.0748864 -0.00860716    1.47703 -0.0550866     -9.697  16957
               201.7 -11.8004  27.5138  51.6743 -2.65563 -2.22587  1.10296  0.600202 -0.344835  0.755543 -0.00799193  -0.0244994   0.0372144    0.05212 -0.0189497 0.00794062   0.0019517 -0.00370333  -0.0049636  -0.0322688   0.0744491 -0.00822116    1.47628 -0.0554134   -9.69711  16979
               201.8 -11.9693  27.9252  52.0665 -2.65738 -2.22319  1.11117  0.600174 -0.350098  0.760873 -0.0079655 -0.0244905  0.0372361    0.047556 -0.00468306   0.0259512  0.00198456 -0.00391314 -0.00495314 -0.0312071  0.0740742 -0.0083809    1.47578 -0.0552587   -9.69719  16902
               201.9 -12.0355  27.6921  52.7264 -2.65101 -2.22049  1.11592  0.599778 -0.351464  0.761097 -0.00795808  -0.0245148   0.0372374  0.0629926 0.00944244  0.0319072  0.00205261 -0.00378992 -0.00489416  -0.0311713   0.0740257 -0.00852169     1.4758 -0.0550915   -9.69719  16905
                 202 -11.9368  27.6442  53.4518 -2.64799 -2.22252  1.10872  0.599421 -0.346996  0.763205 -0.00794672  -0.0244717   0.0372463  0.0632639  0.0116915 0.00879115  0.00198944 -0.00375478 -0.00490851  -0.0319168    0.073749 -0.00806022    1.47556 -0.0552388   -9.69722  17001
               202.1 -12.0308  27.6848  54.0505 -2.63996 -2.22386  1.11134  0.600181 -0.346811  0.761006 -0.00796722  -0.0244686   0.0372386  0.076903 0.0160384 0.0125308  0.00198652 -0.00376959 -0.00496845  -0.0317028   0.0740219 -0.00809438    1.47573 -0.0554124    -9.6972  16948
               202.2 -12.044 27.8185 54.1588 -2.63784 -2.22409  1.10743  0.600152 -0.345353  0.764461 -0.00796119  -0.0244421    0.037243   0.0726438   0.0143428 -0.00217221  0.00178172 -0.00386743 -0.00480564 -0.0317893  0.0737085 -0.0077843    1.47536 -0.0555246   -9.69725  17004
               202.3 -12.2874  27.7676   54.567  -2.6308 -2.22447  1.10566 0.600398 -0.34449 0.764616 -0.00796272  -0.0244356   0.0372435   0.0895701    0.011734 -0.00242743  0.00180774 -0.00380373 -0.00475143  -0.0318106   0.0737143 -0.00768031    1.47532 -0.0556279   -9.69726  16801
               202.4 -12.3926   27.737  54.9446 -2.63216  -2.2248  1.10549  0.600749 -0.346062  0.770539 -0.0079783 -0.0244209   0.037249  0.0810614 0.00884231 0.00408147  0.00185752 -0.00376838 -0.00477131  -0.0311328   0.0732658 -0.00746168   1.47469 -0.055753  -9.69735  16970
               202.5 -12.497 27.8903 55.3603  -2.6307 -2.22197  1.10967  0.600844 -0.349049  0.774412 -0.00798867  -0.0244202   0.0372481 0.0783603 0.0207802 0.0114961  0.00196917 -0.00385598 -0.00492201  -0.0304395   0.0729788 -0.00750229     1.4743 -0.0557152   -9.69741  16879
               202.6 -12.6005  27.8538  55.5044 -2.62849 -2.21977  1.11364  0.601377 -0.351328  0.777983 -0.0080098 -0.0244245  0.0372403 0.0737492 0.0295105 0.0152833  0.00201292 -0.00380393  -0.0048974   -0.029684   0.0727646 -0.00746489    1.47391 -0.0558132   -9.69747  16983
               202.7 -12.5617  27.8782  55.8865 -2.62063 -2.21535  1.11693  0.601283 -0.352224  0.778142 -0.00801053  -0.0244243   0.0372397 0.0817676 0.0365675 0.0216439 0.00203495  -0.003767 -0.0049661  -0.0295799   0.0727503 -0.00754413    1.47391 -0.0557505   -9.69747  16862
               202.8 -12.5006  27.8995  56.0282 -2.61978 -2.20787  1.11946  0.600618 -0.354653  0.783769 -0.00802981  -0.0244129   0.0372146  0.071765 0.0507664 0.0222067  0.00201148 -0.00376993 -0.00486808  -0.0292667   0.0722031 -0.00750476    1.47338 -0.0555618   -9.69755  17032
               202.9 -12.566  28.138 56.4714 -2.61519 -2.21185  1.12045  0.602502 -0.352613  0.782897 -0.00804013   -0.024416   0.0372024 0.0689761 0.0348715 0.0223748  0.00207412 -0.00385844 -0.00486487  -0.0287532   0.0724895 -0.00721728    1.47334 -0.0561388   -9.69756  16852
                 203 -12.5003  28.3401  56.7638 -2.61202 -2.21548  1.12934  0.604788 -0.354253  0.782537 -0.0080694 -0.0244129   0.037178 0.0703195   0.02342 0.0380542  0.00200263 -0.00394836 -0.00483117   -0.027455   0.0728262 -0.00720132    1.47326 -0.0566642   -9.69757  16886
               203.1 -12.4992  28.2061  57.1055 -2.61424 -2.21667  1.12452  0.60466 -0.35231 0.788034 -0.00807041  -0.0244055   0.0371647 0.0589657 0.0156103 0.0249801  0.00196748 -0.00381087 -0.00478398  -0.0275939   0.0722937 -0.00673503    1.47268 -0.0568138   -9.69765  16951
               203.2 -12.558 28.2495 57.3568 -2.60874 -2.21958  1.12902  0.605772 -0.352136  0.787547 -0.00808187  -0.0244062    0.037164  0.0716645 0.00349345  0.0373937  0.00195594 -0.00386052 -0.00473191  -0.0271232   0.0724709 -0.00665651    1.47266 -0.0571092   -9.69765  16853
               203.3 -12.6983  28.2655  57.7476 -2.60681  -2.2225  1.12707   0.60599 -0.350488  0.790913 -0.00808534  -0.0243934   0.0371651  0.0774477 0.00442092  0.0214588  0.00206183 -0.00388766 -0.00489642  -0.0271423   0.0721736 -0.00630869   1.47228 -0.057302  -9.69771  16933
               203.4 -12.7168  28.3715  58.1578   -2.604 -2.22183  1.12639  0.605744 -0.350574  0.794443 -0.0080796 -0.0243845  0.0371668  0.0817475 0.00935203  0.0143227  0.00213891 -0.00386571 -0.00504099 -0.0271002  0.0718241 -0.0061453    1.47193 -0.0572958   -9.69776  16817
               203.5 -12.7089  28.2639  58.2551 -2.59399  -2.2224  1.12146  0.605213 -0.347677   0.79411 -0.0080728 -0.0243839  0.0371662    0.100615 6.17626e-05  0.00626241  0.00213226 -0.00375413  -0.0049945  -0.0277826   0.0717425 -0.00592999    1.47197 -0.0572998   -9.69776  16909
               203.6 -12.7217  28.3142  58.3929  -2.5888 -2.22337  1.12055  0.605183 -0.347525  0.796119 -0.00807719  -0.0243805   0.0371626   0.0962867 -0.00566527  0.00873795  0.00217139 -0.00380629 -0.00504295  -0.0277329   0.0715544 -0.00580809    1.47176 -0.0573391   -9.69779  17014
               203.7 -12.6019  28.1763  58.2301 -2.58895 -2.22066  1.11626  0.604052 -0.347174  0.799581 -0.00808743  -0.0243645    0.037141    0.093093  0.00467478 -0.00327724  0.00204124 -0.00378099 -0.00489982 -0.0281511  0.0710854 -0.0056656    1.47145 -0.0571341   -9.69784  16911
               203.8 -12.5558  28.2405  58.6549 -2.57156 -2.22037  1.11441  0.604384 -0.346905  0.800597 -0.0080933 -0.0243655  0.0371375    0.107845   0.0182958 -0.00592657  0.00211897  -0.0037966 -0.00496006  -0.0279928   0.0710328 -0.00556016    1.47133 -0.0572554   -9.69786  16961
               203.9 -12.5563   28.154  58.5981 -2.57462 -2.21866  1.11458  0.604162 -0.348156  0.803489 -0.00810213  -0.0243589   0.0371275   0.0965005   0.0247688 -0.00509737  0.00210328 -0.00374555 -0.00492483  -0.0277993   0.0707594 -0.00553827    1.47105 -0.0571853    -9.6979  16811
                 204 -12.5747  28.0874  58.6862 -2.5669 -2.2213 1.11332  0.605729 -0.347833  0.806526 -0.0081291 -0.0243686  0.0371181   0.0697305   0.0215887 -0.00508817  0.00211624 -0.00376741 -0.00504945  -0.0270049   0.0706676 -0.00522763    1.47065 -0.0576638   -9.69796  17073
               204.1 -12.6312  28.1528  58.5526 -2.57235 -2.22263  1.11475  0.606601 -0.349475  0.810586 -0.00815826  -0.0243742   0.0371011    0.0449834    0.0361997 -6.51131e-05  0.00212308 -0.00387595 -0.00504852  -0.0261964   0.0704154 -0.00509625     1.4702 -0.0578833   -9.69802  16856
               204.2 -12.787 27.9454 58.7219 -2.56899 -2.22508  1.11553  0.608923 -0.347988  0.808598 -0.00817938  -0.0243829   0.0370994   0.0285542   0.0616474 -0.00445142  0.00210072 -0.00376582 -0.00502279  -0.0253931   0.0708325 -0.00488438    1.47025 -0.0585374   -9.69801  16975
               204.3 -12.7545  27.8302  58.8511 -2.57081 -2.21651  1.11119  0.608623 -0.347603   0.81129 -0.00818662  -0.0243754   0.0370955  0.0219665   0.100421 -0.0196775  0.00179683 -0.00374872 -0.00460702  -0.0255564   0.0705313 -0.00472215    1.46998 -0.0584914   -9.69805  16795
               204.4 -13.0164  27.9774   59.351  -2.5675 -2.21252  1.11952  0.610546 -0.349517  0.807844 -0.00823915  -0.0243486   0.0370628    0.0363341     0.116947 -0.000212751  0.00181665  -0.0037042 -0.00448902  -0.0242356   0.0710568 -0.00494058     1.4702 -0.0589705   -9.69802  16904
               204.5 -13.0657  28.1354  60.0931 -2.56742 -2.19929  1.12015  0.610612 -0.350306   0.80947 -0.00822319  -0.0243388   0.0370726  0.0265854    0.14093 0.00327351  0.00185042 -0.00372839 -0.00459168  -0.0240291   0.0708875 -0.00492481    1.47002 -0.0589728   -9.69804  16861
               204.6 -13.4213  28.1885   60.569 -2.56866 -2.18754  1.12733  0.611719 -0.352156  0.809418 -0.00824381  -0.0243037   0.0370632 0.0146685  0.177037 0.0331129  0.00200826 -0.00393502 -0.00462885  -0.0230661   0.0709802 -0.00503736   1.46993 -0.059246  -9.69806  16861
               204.7 -13.375 28.3141 61.3057 -2.56474 -2.16628  1.12828  0.611392 -0.350881   0.80882 -0.00824272  -0.0243179   0.0370623  0.022802   0.21437 0.0319923  0.00178648 -0.00411215 -0.00494202  -0.0235049   0.0710172 -0.00494974   1.47002 -0.059185  -9.69804  16871
               204.8 -13.751 28.0515 61.5586  -2.5612 -2.14259   1.1355  0.610969 -0.353157  0.809115 -0.00823303  -0.0243432   0.0370636 0.0571651   0.24957 0.0363192  0.00164849 -0.00407728 -0.00460448  -0.0232532   0.0709706 -0.00522333    1.47003 -0.0590058   -9.69804  16923
               204.9 -14.4982  27.7811  62.9711 -2.56239 -2.11567  1.14019  0.611579 -0.354317  0.813309 -0.0081819 -0.0243109  0.0371425 0.0691635  0.252838 0.0628349  0.00215924 -0.00376406 -0.00471746   -0.022834   0.0705681 -0.00510183    1.46953 -0.0590724   -9.69812  16945
                 205 -14.3389  28.3276  63.3249 -2.56678 -2.08753  1.14548  0.611908 -0.356453  0.819075 -0.00814581  -0.0242877   0.0371596 0.0370761  0.277025 0.0370727  0.00214382 -0.00414457 -0.00454366  -0.0224055   0.0699757 -0.00501295   1.46888 -0.059017  -9.69822  16893
               205.1 -14.6308  28.1605  64.1328 -2.56809 -2.06444  1.14615  0.612326 -0.356224  0.820445 -0.00814083  -0.0242681   0.0371682 0.00891297   0.271986 0.00660518  0.00218201 -0.00396832 -0.00459096  -0.0222379   0.0698627 -0.00488356    1.46871 -0.0591415   -9.69824  17040
               205.2 -14.299 28.4621 64.9909 -2.57137 -2.04042  1.13873  0.612188 -0.353638  0.822696 -0.00811513  -0.0242603   0.0371625  0.0206164   0.232474 0.00556674  0.00163642 -0.00391962  -0.0044367 -0.0225863  0.0695122 -0.0044067   1.46843 -0.059317  -9.69828  16971
               205.3 -14.6305  28.4271  66.2933 -2.57529 -2.02286  1.13201  0.612033 -0.351851  0.826341 -0.00808034  -0.0242291   0.0371743    0.0305836     0.206039 -0.000929035  0.00182852 -0.00376319 -0.00427871 -0.0227234  0.0690297 -0.0039588      1.468 -0.0594994   -9.69835  17013
               205.4 -14.8749  28.7066  67.4581 -2.57892 -2.00666  1.12913  0.612272 -0.351374  0.829779 -0.00804791  -0.0241936    0.037188   0.031882   0.195135 0.00688137  0.00181658  -0.0037343 -0.00397806  -0.0225133   0.0686779 -0.00368527    1.46761 -0.0596901    -9.6984  16986
               205.5 -14.8979  29.3514  68.9575 -2.59005 -1.99333  1.12718  0.613402 -0.351796  0.836523 -0.00796581  -0.0241018   0.0371879 0.00624128   0.220933 -0.0182423  0.00172069 -0.00401553 -0.00374333  -0.0216485    0.068151 -0.00331051    1.46688 -0.0601288   -9.69851  17081
               205.6 -14.7949  29.4052  70.8445 -2.59658 -1.98068  1.12418   0.61521 -0.351074  0.839042 -0.00794709  -0.0239711   0.0372022 0.00414771   0.228164 -0.0257234  0.00139842 -0.00352499 -0.00334404  -0.0207147   0.0681656 -0.00300775     1.4666 -0.0607433   -9.69855  17019
               205.7 -14.9959  30.2452  73.5102 -2.58981  -1.9532  1.12383 0.614607 -0.35149 0.836888 -0.0080062 -0.0240688  0.0371818    0.045429    0.221629 -0.00134569  0.00140038 -0.00351901 -0.00310438  -0.0211041   0.0683237 -0.00320535    1.46684 -0.0604615   -9.69852  17070
               205.8 -15.1115  31.2917  77.3065 -2.57976 -1.93204  1.12271 0.614247  -0.3499 0.834759 -0.00807355  -0.0240457   0.0371445 0.0822884  0.228643 0.0119815  0.00190201 -0.00374191 -0.00361194  -0.0213863   0.0684604 -0.00311946    1.46706 -0.0605071   -9.69848  17045
               205.9 -14.7481  31.9966  79.9435 -2.58439 -1.90129  1.12481  0.614016 -0.353722   0.84189 -0.00785171  -0.0241947   0.0372372 0.0378326  0.263012 0.0158377  0.00176434 -0.00381004 -0.00386022  -0.0212234   0.0677085 -0.00324312     1.4663 -0.0601639    -9.6986  17232
                 206 -14.7399  32.4136   82.771 -2.58814 -1.87302  1.12702  0.613988 -0.355873  0.846199 -0.00775312  -0.0242576   0.0372769  0.019095  0.256692 0.0193073  0.00169086 -0.00393881 -0.00394873  -0.0210714   0.0672881 -0.00329188    1.46585 -0.0600183   -9.69867  17054
               206.1 -14.9519  32.4259  84.2437 -2.58693 -1.86955  1.12264  0.615613 -0.349334  0.845239 -0.00770206  -0.0241818     0.03738 0.0238013  0.209321 0.0142923   0.0013906  -0.0038777 -0.00355953  -0.0206226   0.0674806 -0.00258936    1.46598 -0.0610793   -9.69864  17110
               206.2 -15.1603  32.6611  87.2304 -2.58262 -1.84979  1.12219  0.615444 -0.347609  0.844479 -0.00770361  -0.0241621   0.0373857 0.0342684  0.179912 0.0159319   0.0012573 -0.00387941 -0.00368115  -0.0208223   0.0674864 -0.00244663    1.46606 -0.0611828   -9.69863  17110
               206.3 -15.7813  32.7899   89.957 -2.57183 -1.83534  1.12111  0.615268 -0.344469  0.840322 -0.00770219  -0.0240966   0.0373617  0.0550864   0.162289 0.00165823  0.00138043 -0.00404181 -0.00356729  -0.0211765   0.0677941 -0.00230425    1.46648 -0.0613133   -9.69857  16969
               206.4 -15.7143  32.7959   90.611 -2.56748 -1.82988  1.12148  0.615011 -0.344362  0.838486 -0.00771604  -0.0240843   0.0373255   0.0594117    0.170962 -0.00256475  0.00132065 -0.00402749 -0.00361095  -0.0213319   0.0679419 -0.00236588    1.46665 -0.0612085   -9.69854  17127
               206.5 -16.6103   32.672  94.9431 -2.55685 -1.79998  1.12298  0.615672 -0.345442   0.83544 -0.00769078  -0.0240813   0.0373162    0.01513   0.177603 -0.0279606  0.00143063  -0.0037424 -0.00373332  -0.0209048   0.0683726 -0.00255151    1.46696 -0.0612162   -9.69849  17029
               206.6 -17.0791  33.1498  98.1973 -2.55793 -1.77372  1.12078  0.614866 -0.347478  0.835836 -0.00771746   -0.024121   0.0372568 -0.0230492   0.183024 -0.0253308   0.0015871 -0.00349696  -0.0039717   -0.021165   0.0683236 -0.00277384    1.46688 -0.0608273   -9.69851  17023
               206.7 -17.6522  33.7877  100.667 -2.58152 -1.75384  1.11295   0.61384 -0.351611  0.847364 -0.00773266  -0.0243479   0.0373585 -0.0914585   0.189989 -0.0413092  0.00184301 -0.00365012 -0.00387483  -0.0214355   0.0669844 -0.00279464     1.4656 -0.0605676    -9.6987  16919
               206.8 -17.1909  34.3326  103.896 -2.60071 -1.74101  1.10832  0.615119 -0.351686  0.851156 -0.00767352  -0.0244042   0.0373591  -0.147297   0.192712 -0.0542594  0.00200719 -0.00371113 -0.00397314  -0.0207529   0.0666158 -0.00262034    1.46525 -0.0610713   -9.69875  17031
               206.9 -16.4353  34.6323   106.53 -2.61119 -1.72083  1.09921  0.614614 -0.349036  0.848545 -0.00765468  -0.0244004   0.0374262  -0.178157   0.214385 -0.0747902  0.00211596 -0.00366983 -0.00414592  -0.0211906   0.0668438 -0.00246443    1.46557 -0.0610515    -9.6987  16888
                 207 -16.1129  34.9219  108.757  -2.6282 -1.70772  1.09305  0.615751 -0.346137  0.847264 -0.00758256  -0.0244851   0.0374831  -0.227835   0.208194 -0.0589439  0.00232559 -0.00364149 -0.00418808  -0.0207012    0.067073 -0.00223522    1.46587 -0.0615696   -9.69866  17090
               207.1 -15.1428  34.9739  110.405 -2.64845 -1.70331  1.08381  0.617032 -0.341073  0.848187 -0.00752438  -0.0247704   0.0374613  -0.231944   0.174778 -0.0524724  0.00202179 -0.00371428 -0.00392022  -0.0204957   0.0669398 -0.00168876    1.46599 -0.0623249   -9.69863  17015
               207.2 -14.7649  35.0632  111.671 -2.67198 -1.68468  1.07785  0.617225 -0.340564  0.847749 -0.00750115  -0.0248108   0.0374835    -0.2202   0.192512 -0.0676194  0.00206405 -0.00364249 -0.00374809  -0.0203753   0.0670271 -0.00167409    1.46609 -0.0624062   -9.69862  17095
               207.3 -14.2445  35.2155  113.257 -2.69239 -1.67133  1.07982  0.618879 -0.342674  0.848297 -0.00751676  -0.0248307   0.0374685  -0.210401   0.152368 -0.0422897  0.00236586 -0.00337138 -0.00399994   -0.019402   0.0672612 -0.00198516    1.46611 -0.0626195   -9.69861  16895
               207.4 -13.4881  35.9536  115.392 -2.71821 -1.65937  1.07503  0.619388 -0.343011  0.850014 -0.00754632  -0.0248506   0.0374174   -0.20775     0.1186 -0.0424116  0.00251852 -0.00366173 -0.00433481  -0.0192806    0.067065 -0.00196133   1.46592 -0.062756  -9.69864  17091
               207.5 -12.8748   35.841   116.54 -2.74326 -1.65313  1.06908  0.620049 -0.343895  0.853576 -0.0076247 -0.0248643  0.0373189  -0.204578     0.1074 -0.0585211  0.00243491 -0.00347384  -0.0043661  -0.0191882   0.0666194 -0.00191922    1.46552 -0.0629503    -9.6987  16935
               207.6 -12.618 35.9556  116.91 -2.74987 -1.65254  1.06958  0.620588 -0.344999  0.854806 -0.00765404  -0.0248588   0.0372826  -0.208391   0.106098 -0.0569973  0.00239322 -0.00348226 -0.00446751  -0.0189159   0.0665345 -0.00199767    1.46538 -0.0630337   -9.69872  16943
               207.7 -12.0071  36.7202  118.374 -2.78745 -1.64193  1.06638  0.622467 -0.346737  0.858368 -0.0077688 -0.0249497  0.0371676  -0.153247  0.0788398 -0.0184094  0.00242215  -0.0033071 -0.00459648   -0.017832   0.0663053 -0.00206699    1.46517 -0.0635672   -9.69875  17024
               207.8 -12.2508  37.0516  118.167 -2.79232  -1.6432  1.06809  0.623071 -0.347731  0.859664 -0.0078213 -0.0249709  0.0371302  -0.156037  0.0731087 -0.0157698  0.00248775 -0.00349855  -0.0044809  -0.0174729   0.0662214 -0.00212284    1.46507 -0.0637076   -9.69876  17007
               207.9 -11.4489  37.8395  119.565 -2.82238  -1.6353   1.0667  0.624022 -0.348576  0.862617 -0.00790261  -0.0250123    0.037066   -0.127306   0.0700421 -0.00736625  0.00231301 -0.00345489 -0.00446909   -0.016898   0.0659372 -0.00211182    1.46488 -0.0640737   -9.69879  16962
                 208 -11.6934  37.8691   119.34 -2.82348 -1.62934  1.06504  0.623414 -0.348328  0.861301 -0.0078566  -0.024967  0.0371009   -0.119348   0.0837142 -0.00942491  0.00235958 -0.00348514 -0.00429164  -0.0172822   0.0660432 -0.00213086    1.46492 -0.0638418   -9.69878  16981
               208.1 -11.1594  38.1361   121.09 -2.83964 -1.60536  1.06085  0.622519 -0.346626   0.85914 -0.00781822  -0.0249467   0.0371011 -0.0924049    0.14345 -0.0130983   0.0023761 -0.00366692 -0.00443417  -0.0179566   0.0662095 -0.00204813    1.46507 -0.0635747   -9.69876  16990
               208.2 -11.1625  38.0128  121.534  -2.8446 -1.58434  1.05092  0.621452 -0.342872  0.857484 -0.00780282  -0.0249143   0.0370839 -0.0834277   0.206435 -0.0372839  0.00232221 -0.00367114 -0.00397887  -0.0189334   0.0662418 -0.00177767    1.46522 -0.0634249   -9.69874  16888
               208.3 -10.6049  38.0547  123.268 -2.85431 -1.56483  1.04898  0.621568 -0.343169  0.858117 -0.00779482  -0.0249145   0.0370896  -0.0992645    0.238342 -0.00513497  0.00242401  -0.0033807 -0.00418855  -0.0188909   0.0661711 -0.00179309    1.46515 -0.0634581   -9.69875  17039
               208.4 -10.5093  38.3159  124.782 -2.86752 -1.53473  1.04878  0.621195 -0.344169  0.858065 -0.00778255  -0.0249562   0.0370752   -0.12778   0.241187 0.00743988  0.00289181 -0.00346157 -0.00431952   -0.019102   0.0662093 -0.00187155    1.46506 -0.0632498   -9.69877  16869
             208.499 -9.83988  38.5408  125.761 -2.86122 -1.53408  1.05251  0.62121 -0.34319 0.855302 -0.00785812  -0.0248159   0.0370506 -0.110403  0.237338  0.017564  0.00284787 -0.00351925 -0.00475426  -0.0185946   0.0664775 -0.00183314    1.46547 -0.0633868    -9.6987  17071
               208.6 -9.19806  38.6374  126.736 -2.88407 -1.48826  1.06091  0.620863 -0.346361   0.85336 -0.00786007  -0.0248081   0.0370619  -0.153767   0.249991 -0.0122728  0.00247759 -0.00364883 -0.00480063  -0.0177386   0.0666579 -0.00216249    1.46562 -0.0632947   -9.69868  16981
               208.7 -9.24542  38.3147  126.752 -2.89022  -1.4831  1.05808   0.62106 -0.345787  0.854625 -0.00786588     -0.0248   0.0370495  -0.163083   0.248295 -0.0227334  0.00241442 -0.00343025 -0.00474314  -0.0179816   0.0665325 -0.00208285     1.4655 -0.0633398    -9.6987  16928
               208.8 -9.67082  38.5572  127.319  -2.9022 -1.44999  1.04895  0.622281 -0.339628  0.851103 -0.00784923  -0.0248463    0.037039  -0.130842   0.235654 -0.0482046  0.00259131 -0.00336409  -0.0048773  -0.0182387   0.0669409 -0.00156489    1.46609 -0.0636477   -9.69861  16988
               208.9 -9.61212  38.9196   127.65 -2.91792  -1.4296    1.044  0.622071 -0.340691  0.852033 -0.00786339   -0.024833    0.037043  -0.157733   0.195462 -0.0697013  0.00257185 -0.00328817 -0.00498058 -0.0181926  0.0668157   -0.00165   1.46596 -0.063623  -9.69863  16774
                 209 -10.0853  39.7629  127.731 -2.93414 -1.39496  1.03947  0.620779 -0.342507   0.84776 -0.00780481  -0.0248611   0.0370344  -0.162126   0.171667 -0.0514981  0.00246889 -0.00318088 -0.00458742   -0.017985   0.0673895 -0.00188878     1.4663 -0.0631527   -9.69858  16998
               209.1 -10.004 40.4271  128.33 -2.95558 -1.38288  1.04559  0.619181 -0.348259  0.847543 -0.00790618   -0.024875   0.0369756  -0.189987   0.119359 -0.0237826  0.00235702 -0.00323668  -0.0045477  -0.0165195    0.066838 -0.00227451    1.46619 -0.0633031    -9.6986  16808
               209.2 -10.4596  40.6792  128.625 -2.98059 -1.37404  1.03988  0.619386 -0.347774  0.850384 -0.00791192   -0.024854   0.0370032  -0.227539  0.0881865 -0.0335715  0.00243305 -0.00326316 -0.00455196  -0.0169149   0.0666438 -0.00224432    1.46594 -0.0633422   -9.69863  17029
               209.3 -10.3874   41.056   129.18 -3.00384 -1.36771  1.03558  0.619467 -0.347593  0.851586 -0.00791116  -0.0248512   0.0370089 -0.261996 0.0748565 -0.048903  0.00247276 -0.00360016 -0.00468417 -0.0170521  0.0665546 -0.0022352    1.46583 -0.0633699   -9.69865  16959
               209.4 -10.6914  41.2146  129.254 -3.00805 -1.36807  1.03492  0.619693 -0.347243   0.85141 -0.00791315  -0.0248456   0.0370068  -0.268676  0.0701178 -0.0530649  0.00266341 -0.00371808 -0.00471024  -0.0169523   0.0665214 -0.00219586    1.46587 -0.0634595   -9.69864  16995
               209.5 -10.3356  40.9682  129.529  -3.0594 -1.35334  1.03068  0.619734 -0.347503  0.848555 -0.00791577  -0.0248699   0.0370499   -0.304586   0.0902583 -0.00519798  0.00268529 -0.00378309 -0.00483301  -0.0163991   0.0666243 -0.00218437    1.46614 -0.0635423    -9.6986  16920
               209.6 -10.4873  40.5599   129.67 -3.08812 -1.33465  1.02773  0.619661 -0.346166  0.845657 -0.00788329  -0.0248812   0.0370493  -0.309697   0.124452 -0.0251923  0.00300175 -0.00391325 -0.00466002  -0.0169319   0.0671653 -0.00215762   1.46637 -0.063189  -9.69857  16958
               209.7 -10.0873   39.735  129.759 -3.09032 -1.33267  1.01737  0.621141 -0.341036  0.847433 -0.00796027  -0.0248904   0.0369375  -0.308797   0.126803 -0.0554623  0.00278043 -0.00339103 -0.00459391  -0.0183651   0.0674754 -0.00187278    1.46631 -0.0631075   -9.69858  16932
               209.8 -9.35404  40.2535  131.041 -3.13982 -1.30904   1.0123  0.620457 -0.343917  0.844398 -0.00796614  -0.0248626   0.0369778  -0.239488  0.0974728 -0.0379238  0.00266051 -0.00329989 -0.00484699  -0.0175825   0.0676332 -0.00204965    1.46651 -0.0629859   -9.69855  17017
               209.9 -9.28098  40.3878  131.319 -3.16766 -1.31182  1.01278 0.620706 -0.34553 0.847958 -0.00797823  -0.0248147   0.0369446  -0.206178  0.0749469 -0.0326529  0.00256326 -0.00344583 -0.00460135  -0.0165718    0.066943 -0.00204011    1.46633 -0.0635677   -9.69857  17026
                 210 -8.97673  40.7445  131.708 -3.19159 -1.30869   1.0095  0.620633 -0.346477   0.85063 -0.00798097  -0.0247938   0.0369209  -0.196277  0.0870116 -0.0415878  0.00246045 -0.00345413 -0.00441239  -0.0162989   0.0665529 -0.00206212    1.46613 -0.0637889    -9.6986  16907
               210.1 -8.7093 41.1897 132.558 -3.21167  -1.2993  1.00943  0.620583 -0.348453  0.850421 -0.00800341  -0.0247783   0.0369008  -0.199238   0.114852 -0.0213399  0.00244275  -0.0033522 -0.00445199  -0.0157214   0.0665134 -0.00215152    1.46614 -0.0638437    -9.6986  16976
               210.2 -8.58746  41.1503  133.608 -3.22742 -1.28775 0.996726  0.620829 -0.341506  0.850176 -0.00798018  -0.0247691    0.036907   -0.18373   0.129194 -0.0520119   0.0023445 -0.00312206  -0.0043262  -0.0172465   0.0666397 -0.00176127    1.46626 -0.0638212   -9.69858  16893
               210.3 -8.47948  41.8128  134.104 -3.24473 -1.27916 0.995288  0.620952 -0.343045  0.851292 -0.00799297   -0.024747   0.0368845  -0.175162   0.159754 -0.0508679  0.00208625 -0.00321708 -0.00402145  -0.0165715   0.0664124 -0.00180895    1.46623 -0.0640503   -9.69858  17064
               210.4 -8.24293  41.8907  135.094  -3.2486  -1.2674 0.991162  0.620859 -0.341954  0.849279 -0.00802667  -0.0247836   0.0368626  -0.160666    0.18708 -0.0611212  0.00220009 -0.00311124 -0.00424488  -0.0170394   0.0667481 -0.00177293    1.46635 -0.0637998   -9.69857  16965
               210.5 -7.86819  42.8138  137.519 -3.27705 -1.23896  0.98336  0.620948 -0.341956  0.852303 -0.0079611 -0.0247602  0.0369198  -0.165231   0.211821 -0.0150056  0.00208898  -0.0035912 -0.00408109  -0.0169293   0.0663074 -0.00175897    1.46615 -0.0640749    -9.6986  17038
               210.6 -7.48886  42.8253  139.824 -3.30074 -1.21339  0.97982  0.620729 -0.342836  0.854433 -0.00791272  -0.0248991   0.0369391   -0.189473    0.245204 -0.00106443  0.00227318 -0.00384221 -0.00433036 -0.0175698  0.0661836 -0.0018673    1.46578 -0.0638834   -9.69865  16973
               210.7 -7.70543  42.3955  141.005 -3.33503 -1.18334 0.979012 0.620206 -0.34838 0.857742 -0.00781307  -0.0250554   0.0369033  -0.260412    0.26854 -0.0258845  0.00243596 -0.00374204   -0.004348  -0.0176816   0.0659621 -0.00227415    1.46516 -0.0635724   -9.69875  17038
               210.8 -7.15051  42.0626  142.139 -3.36086 -1.15918 0.981408  0.620003 -0.351326  0.857876 -0.00777989   -0.025059    0.036929  -0.254205   0.259875 -0.0132924  0.00217478  -0.0034611 -0.00467757  -0.0170054   0.0658634 -0.00245434    1.46511 -0.0635986   -9.69876  16979
               210.9 -7.72735  41.7089  142.405  -3.3798  -1.1382 0.978333 0.620861 -0.34697 0.857512 -0.00785061  -0.0251037   0.0369775  -0.215945   0.233042 -0.0158135  0.00230694 -0.00348484 -0.00472475  -0.0171193   0.0658618 -0.00214439     1.4654 -0.0639139   -9.69871  17096
                 211 -8.13036  41.7763  142.518 -3.39521 -1.12123 0.982536  0.620959 -0.348033   0.85603 -0.00786185  -0.0252259   0.0370073  -0.209075   0.211149 -0.0107068  0.00235316 -0.00357785 -0.00480488  -0.0161137   0.0658022 -0.00214292    1.46566 -0.0641349   -9.69867  16941
               211.1 -8.51826  41.4775  143.012  -3.4103 -1.09044 0.981451  0.621008 -0.347535  0.850765 -0.00772403  -0.0252504   0.0370304  -0.191654   0.214262 -0.0249107  0.00239254 -0.00340638 -0.00483467  -0.0161449   0.0665157 -0.00211984    1.46603 -0.0637467   -9.69862  16930
               211.2 -8.87825   41.206  143.008 -3.41122 -1.08263 0.980271  0.621373 -0.345947  0.848728 -0.00768747  -0.0252798   0.0370413  -0.182962   0.215602 -0.0283902    0.002515 -0.00321956 -0.00474302  -0.0162104   0.0667877 -0.00200536    1.46626 -0.0636975   -9.69858  16929
               211.3 -9.29346  41.7631  144.052 -3.43853 -1.05095 0.975774  0.621684 -0.344809  0.847689 -0.00767327  -0.0252982   0.0370319  -0.16473  0.155479 -0.021358  0.00272732  -0.0031883 -0.00479156  -0.0161444    0.066888 -0.00190448    1.46642 -0.0637441   -9.69856  16968
               211.4 -9.30808  42.1729  144.303 -3.45569 -1.03935 0.974278  0.621639 -0.345072  0.847921 -0.00768715  -0.0253071   0.0370082 -0.185369  0.114967 -0.031615  0.00265876 -0.00345554 -0.00465318 -0.0159051  0.0667623 -0.0018961    1.46644 -0.0638496   -9.69855  16993
               211.5  -9.377 42.1113 144.693 -3.47291 -1.03286 0.971459  0.621683 -0.344901  0.848253 -0.0076974 -0.0253148  0.0369898  -0.213827  0.0846181 -0.0434281  0.00272384 -0.00347723 -0.00454243  -0.0157315   0.0666322 -0.00186103    1.46647 -0.0639737   -9.69855  16914
               211.6 -8.70394  41.8235  145.029 -3.50102 -1.02282 0.965024   0.62152 -0.345415  0.848849 -0.00769275  -0.0252911   0.0369842  -0.264529  0.0769159 -0.0609143  0.00255782 -0.00350847 -0.00472949   -0.015887   0.0666155 -0.00192341  1.46636 -0.06391 -9.69857  16832
               211.7 -8.63746   41.309  145.171 -3.52064  -1.0178 0.960859  0.622039 -0.343518   0.84732 -0.00771455  -0.0253565   0.0370268  -0.309848  0.0768494 -0.0317764  0.00282481 -0.00354012  -0.0049305  -0.0156983   0.0667417 -0.00174006    1.46664 -0.0640201   -9.69852  16937
               211.8   -8.27 40.8998 144.986 -3.56033 -1.01265 0.956787   0.62237 -0.342829  0.848512 -0.00773823  -0.0253616   0.0369878 -0.379051  0.065358 -0.022198   0.0027667 -0.00367265 -0.00485275 -0.0158402  0.0666024 -0.0016876    1.46658 -0.0641346   -9.69853  16837
               211.9 -7.91124  40.4874  145.379 -3.59137 -1.01972 0.954897  0.623945 -0.339583  0.849873 -0.00781777  -0.0254164   0.0369611  -0.380351  0.0274841 -0.0274786   0.0030129 -0.00364116 -0.00472603  -0.0154414   0.0661626 -0.00143715    1.46679 -0.0647528    -9.6985  17049
                 212 -7.28037  40.0588  145.742 -3.62355 -1.02175 0.947546 0.624954 -0.33512 0.848929 -0.00786807  -0.0254912    0.036986  -0.350297  0.0061393 -0.0595289  0.00303074 -0.00362828 -0.00468962  -0.0156386   0.0662882 -0.00104258    1.46714 -0.0649569   -9.69844  16978
               212.1 -6.31027  39.8072  146.451   -3.643 -1.02608  0.93897  0.625891 -0.330351  0.847303 -0.00791951  -0.0255449    0.037014  -0.292714   -0.01101 -0.0855497  0.00292385 -0.00346452 -0.00477096    -0.015642    0.0664296 -0.000597694    1.46761 -0.0652009   -9.69837  17030
               212.2 -6.14947  39.4527  146.714 -3.67513 -1.03023 0.924349  0.626376 -0.329032  0.849277 -0.00790899   -0.025557   0.0369996  -0.252939 -0.0287947 -0.0946342  0.00293505 -0.00316075 -0.00461773   -0.0162668    0.0662779 -0.000476593   1.46742 -0.065266   -9.6984  16935
               212.3 -5.74218  39.6499  147.449 -3.70211 -1.03189 0.918625   0.62608 -0.330896    0.8495 -0.0079181 -0.0255648  0.0370062  -0.224859 -0.0202537 -0.0581779  0.00272197 -0.00325718 -0.00462459    -0.016064     0.066231 -0.000656046    1.46731 -0.0652125   -9.69841  17032
               212.4 -5.64833  39.7085  147.986 -3.73289 -1.03046 0.913476  0.625805 -0.334997  0.852807 -0.00791029  -0.0256586   0.0371054  -0.260424  0.0138035 -0.0724325  0.00269321 -0.00339514  -0.0045189  -0.0164042   0.0659478 -0.00107764    1.46669 -0.0650667   -9.69851  17068
               212.5 -5.66523   39.665  148.892 -3.76921 -1.02564 0.908024 0.625528 -0.33775  0.85302 -0.00793125  -0.0257084   0.0371114  -0.283022  0.0587826 -0.0690628  0.00264177 -0.00328378 -0.00459563  -0.0159982   0.0658956 -0.00134884   1.46657 -0.065015  -9.69853  17055
               212.6 -5.59246  39.6076  149.468 -3.79739 -1.02074 0.901384  0.625747 -0.337344  0.853462 -0.00792685  -0.0256899   0.0371224  -0.293287  0.0991073 -0.0733863  0.00258415 -0.00324314 -0.00458309 -0.0158575  0.0657368 -0.0013171    1.46659 -0.0651642   -9.69852  17094
               212.7 -5.39178  39.7584  150.329 -3.81894 -1.01367 0.898308  0.625872 -0.335923  0.852251 -0.0079393 -0.0256245  0.0370674  -0.280489   0.140962 -0.0706998  0.00256098 -0.00328223 -0.00461341  -0.0150596   0.0656621 -0.00119158    1.46699 -0.0654433   -9.69846  17100
               212.8 -5.52591  40.1646  150.862  -3.84638 -0.997104  0.899993  0.625728 -0.337749  0.851297 -0.00798589  -0.0256482   0.0370048  -0.324298   0.183857 -0.0210321   0.0026023 -0.00334165  -0.0044937  -0.0141947   0.0657734 -0.00146701    1.46716 -0.0654544   -9.69844  17124
               212.9 -5.65535  39.8385  151.212  -3.86252 -0.986546  0.896488  0.625755 -0.331713  0.849762 -0.00799761  -0.0256073   0.0369917  -0.287333   0.159934 0.00918657  0.00248034 -0.00301517 -0.00431068  -0.0140904   0.0657563 -0.00080806    1.46778 -0.0657825   -9.69834  17238
                 213 -5.55489  40.3782  152.245  -3.87981 -0.966777  0.900475  0.624485 -0.329073  0.846469 -0.00800572  -0.0255851   0.0369034 -0.233024  0.159631 0.0058419  0.00237083 -0.00332846 -0.00443127   -0.0135496    0.0661409 -0.000594523     1.4684 -0.0657028   -9.69825  17224
               213.1 -5.22078  40.4327  153.376  -3.88122 -0.957337  0.901247  0.623249 -0.329565  0.844778 -0.00808459  -0.0256021   0.0368491  -0.225169   0.178552 0.00452175  0.00254417 -0.00331748 -0.00496229   -0.0135205     0.066491 -0.000610115    1.46854 -0.0654067   -9.69823  17217
               213.2 -6.27131  40.4057  153.449  -3.92606 -0.922056  0.899138  0.622861 -0.331902  0.845404 -0.00806488  -0.0256027   0.0368417  -0.207427   0.152966 -0.0211518  0.00253033 -0.00331709 -0.00479405  -0.013787  0.0665756 -0.0008227    1.46825 -0.0651839   -9.69827  17322
               213.3 -6.56259  40.4448  154.279  -3.95254 -0.901831  0.895336  0.622181 -0.334131   0.84532 -0.00803804  -0.0256223   0.0368113  -0.219457   0.112331 -0.0461823  0.00250192 -0.00319279 -0.00477417  -0.0140906   0.0668543 -0.00102767  1.46803 -0.06484 -9.69831  17250
               213.4 -6.13896  40.4598  154.028  -3.96333 -0.893671  0.897678  0.621311 -0.338311  0.845858 -0.00801153   -0.025548   0.0368121  -0.244915   0.128878 -0.0399288   0.0020775 -0.00318023 -0.00459664  -0.0141095   0.0669796 -0.00146342    1.46768 -0.0645258   -9.69836  17210
               213.5 -6.57447  40.8599  154.834  -3.99723 -0.881545   0.89135  0.621001 -0.340507  0.849093 -0.00801392  -0.0255436   0.0368538  -0.254141  0.0853698 -0.0404464  0.00202548 -0.00310925 -0.00420457 -0.0147801  0.0668221 -0.0017465    1.46715 -0.0644051   -9.69844  17386
               213.6 -6.86092   41.646  157.451  -4.03605 -0.875177  0.879385  0.622146 -0.336395  0.848783 -0.00798119  -0.0254859     0.03685  -0.213416  0.0213578 -0.0619748  0.00222517 -0.00324639 -0.00432203  -0.0151427   0.0669067 -0.00136667    1.46739 -0.0645545   -9.69841  17387
               213.7 -6.74087  41.8435  158.917  -4.04216 -0.878553  0.875607  0.622572 -0.334107  0.846436 -0.00799021  -0.0253687    0.036831  -0.189005 -0.0172375 -0.0708433   0.0026281   -0.003153 -0.00486755  -0.0145604    0.066871 -0.00104945    1.46784 -0.0647609   -9.69834  17439
               213.8 -7.16451  41.9906  158.737  -4.05896 -0.888535  0.869097  0.622685 -0.333284  0.847544 -0.00799571  -0.0253619   0.0368278  -0.198758 -0.0897966 -0.0650669  0.00279772 -0.00319026 -0.00480942   -0.0144703    0.0665449 -0.000985897   1.46787 -0.064989  -9.69833  17431
               213.9 -7.08374  42.3227  158.904  -4.06921 -0.893004  0.870829  0.621911 -0.335853  0.847716 -0.00802245  -0.0253397   0.0368139  -0.211451  -0.112749 -0.0500215  0.00281977 -0.00342266 -0.00490052  -0.0139893   0.0663131 -0.00119858    1.46778 -0.0650249   -9.69834  17241
                 214 -6.62462  41.4854  159.226  -4.12079 -0.922748  0.863206  0.621833 -0.336353    0.8486 -0.00802141  -0.0252911   0.0367731  -0.302102  -0.197005 -0.0288726  0.00277075 -0.00342673 -0.00474519  -0.0141596    0.066252 -0.00126368    1.46765 -0.0650195   -9.69836  17490
               214.1 -6.41601  41.3102  159.997   -4.1452 -0.944645  0.865236  0.621526 -0.336668  0.847143 -0.00803461  -0.0253322   0.0368304  -0.283889  -0.192162 -0.0199347  0.00280816 -0.00347566 -0.00446559  -0.0134015   0.0661113 -0.00126523     1.4679 -0.0651399   -9.69833  17358
               214.2 -5.49912  41.1713  160.783  -4.17166 -0.961792  0.865258 0.621331 -0.33704 0.846533 -0.00803216  -0.0253297   0.0368532  -0.276083  -0.176688 -0.0106004  0.00271342 -0.00336199 -0.00427308  -0.0132054   0.0661396 -0.00128958    1.46795 -0.0651173   -9.69832  17474
               214.3 -5.29881  41.1381  161.405   -4.1861 -0.967677  0.866476  0.621014 -0.338665  0.846304 -0.00801905  -0.0253094    0.036857 -0.276476 -0.175418 -0.013214  0.00295031 -0.00326374 -0.00439986  -0.0130566   0.0661626 -0.00143577    1.46786 -0.0650477   -9.69833  17409
               214.4 -4.30485  41.4101  162.676 -4.22535 -1.00212 0.863532  0.621196 -0.338001  0.847153 -0.00801286  -0.0253056   0.0368314  -0.228738  -0.207126 -0.0239846  0.0027578 -0.0032515 -0.0044496  -0.0130017   0.0659412 -0.00139921   1.46789 -0.065209  -9.69833  17532
               214.5 -3.87296  41.5696  163.617 -4.24876 -1.02289 0.856475 0.621533 -0.33658 0.848257 -0.00799333  -0.0253269    0.036842  -0.207331  -0.183873 -0.0333139  0.00260516 -0.00320071 -0.00434769  -0.0135837   0.0658677 -0.00129992    1.46778 -0.0652503   -9.69834  17380
               214.6 -3.92731  41.6773  164.456 -4.27783 -1.04098 0.848882  0.621931 -0.337234  0.849806 -0.00797825  -0.0253594   0.0368911   -0.22733  -0.170843 -0.0449121  0.00265697 -0.00337588 -0.00425184  -0.0143018   0.0658028 -0.00143764   1.46741 -0.065222   -9.6984  17443
               214.7  -3.623 41.5179 165.174 -4.30749 -1.04844 0.838395  0.622176 -0.337439  0.849484 -0.00795909   -0.025384   0.0368911  -0.279053  -0.123058 -0.0731527  0.00223637 -0.00329912 -0.00403842  -0.0152604   0.0661708 -0.00147189     1.4671 -0.0649293   -9.69845  17454
               214.8 -3.89674  41.6501  166.465 -4.33843 -1.06141 0.821395  0.622244 -0.334147  0.850231 -0.00793731  -0.0253331   0.0369167  -0.306257 -0.0862193  -0.108666  0.00228457 -0.00319455 -0.00380121  -0.0161498   0.0660552 -0.00115472    1.46708 -0.0649793   -9.69845  17365
               214.9 -3.3945 41.8857 169.219 -4.36342 -1.07588 0.820268  0.622114 -0.335269  0.850551 -0.00789595  -0.0251828   0.0369608  -0.294206 -0.0904823 -0.0825003  0.00250887 -0.00320561 -0.00422713  -0.0148859   0.0656691 -0.00132647    1.46735 -0.0652773   -9.69841  17328
                 215 -2.99839  41.7338  170.861 -4.38347 -1.09571 0.820692  0.622061 -0.334628  0.851677 -0.00782293  -0.0250017   0.0370598  -0.272764  -0.100552 -0.0462289  0.00235818 -0.00320463 -0.00406767  -0.0136729    0.065016 -0.00136007    1.46774 -0.0657514   -9.69835  17408
               215.1 -2.64645   41.627  172.388 -4.41449 -1.10977 0.816535  0.622455 -0.334683  0.852859 -0.00778768  -0.0250073   0.0370897  -0.308235 -0.0846962 -0.0482022  0.00218167 -0.00344734 -0.00379523  -0.0136912   0.0647191 -0.00143434    1.46766 -0.0659393   -9.69836  17377
               215.2 -2.54938  41.5808  174.254  -4.4373 -1.12179 0.818586  0.622157 -0.334043  0.852797 -0.00778443  -0.0249214     0.03713  -0.342053 -0.0833984 -0.0153292  0.00218342 -0.00365813 -0.00366646  -0.0126618   0.0645051 -0.00143263    1.46806 -0.0661272   -9.69829  17458
               215.3 -2.15188  40.9929  175.789 -4.46398 -1.13496  0.81408  0.621758 -0.329345  0.853308 -0.00782338  -0.0248811   0.0371799   -0.360148  -0.0789655 -0.00027426  0.00186051 -0.00349024 -0.00340661   -0.0129112    0.0641646 -0.000891846    1.46841 -0.0663251   -9.69824  17478
               215.4 -2.24567  40.7023  177.627  -4.4913 -1.13295 0.813661  0.619985 -0.328005  0.851044 -0.0078705 -0.0248358  0.0371625   -0.328448   -0.069551 -0.00942136  0.00208857 -0.00336173 -0.00318888   -0.0126849    0.0646143 -0.000599488    1.46873 -0.0659652   -9.69819  17370
               215.5 -1.71129  40.5566 -179.341 -4.51992 -1.13059 0.812036  0.618475 -0.328161  0.848765 -0.00797875  -0.0247744   0.0370929   -0.28776 -0.0758351 -0.0288994  0.00205318 -0.00338997 -0.00349934   -0.0124888     0.065168 -0.000434367    1.46889 -0.0655512   -9.69817  17490
               215.6 -1.39415  40.4547 -177.184 -4.54909 -1.11878 0.814445  0.616755 -0.332374   0.84518 -0.00813897  -0.0247767   0.0369824   -0.26235 -0.0460238 -0.0165432  0.00182264 -0.00337954 -0.00321165   -0.0119137    0.0662269 -0.000666895    1.46881 -0.0648427   -9.69819  17540
               215.7 -1.60084  39.9102  -173.91 -4.58363 -1.11807 0.809643  0.61679 -0.33389 0.844572 -0.00822081  -0.0248527   0.0368647  -0.217063 -0.0671607 -0.0235306  0.00199649 -0.00326469 -0.00309394     -0.01242    0.0668002 -0.000708123    1.46852 -0.0645401   -9.69824  17401
               215.8 -1.20568   40.031 -170.673 -4.60483 -1.11837 0.805476  0.616758 -0.334669  0.843536 -0.00831511  -0.0248663   0.0367888  -0.184164   -0.08535 -0.0405688  0.00181862 -0.00331596 -0.00313839   -0.0126002    0.0672963 -0.000677674    1.46841 -0.0642776   -9.69825  17533
               215.9 -0.948052   40.0053  -166.743 -4.62909 -1.12335 0.798461  0.617272 -0.335583  0.843815 -0.00840528  -0.0249996   0.0367364  -0.168599 -0.0797563  -0.041348  0.00188837 -0.00304711 -0.00308008   -0.0131182      0.06768 -0.000768762    1.46813 -0.0641468    -9.6983  17692
                 216 -0.953099   39.9791  -163.672 -4.64351  -1.1345 0.800504   0.61665 -0.337567  0.843752 -0.00839778  -0.0250296   0.0367502  -0.149086  -0.118419 -0.0305136  0.00202508 -0.00314522 -0.00300989  -0.0125206   0.0673897 -0.00100955    1.46816 -0.0642462   -9.69829  17578
               216.1  -0.1098  40.2032 -159.217 -4.65893 -1.13755  0.78932  0.617346 -0.335272  0.842173 -0.00846336  -0.0249236   0.0367085  -0.142993  -0.115941 -0.0625079  0.00195391 -0.00304352 -0.00338831   -0.0130945    0.0682326 -0.000546862    1.46817 -0.0638445   -9.69829  17507
               216.2 0.0303448   40.2037  -156.381 -4.67229 -1.15194 0.793904  0.616314 -0.338952  0.841548 -0.00850247  -0.0249222     0.03668  -0.125306  -0.143175 -0.0137657   0.0021248 -0.00296957 -0.00319833   -0.0119605    0.0678932 -0.000961866    1.46824 -0.0639298   -9.69828  17512
               216.3 0.279261  40.6116 -153.845 -4.67886 -1.17086 0.799974   0.61539 -0.340512  0.841522 -0.00851151  -0.0249684   0.0366376   -0.104785   -0.190673 -0.00446643  0.00221188 -0.00317134 -0.00325877  -0.0109849   0.0674518 -0.00115395    1.46846 -0.0640305   -9.69825  17361
               216.4 0.664141  40.6492 -153.064 -4.68301 -1.17614  0.80322   0.61519 -0.342134  0.841317 -0.00855562  -0.0249419   0.0366169   -0.111428   -0.199403 4.85102e-06  0.00213193 -0.00317997 -0.00334912 -0.0106505  0.0673866 -0.0013541    1.46843 -0.0640655   -9.69825  17395
               216.5  1.44018  40.7328 -149.095 -4.69791 -1.21886 0.796253  0.615259 -0.337997  0.842425 -0.00850728  -0.0251051   0.0366219 -0.113192 -0.280063 0.0163983  0.00266233 -0.00322528 -0.00371078    -0.011335    0.0672634 -0.000831135   1.46861 -0.064047  -9.69822  17222
               216.6  2.33437  40.4064 -147.229 -4.70732 -1.23471 0.794703  0.614643 -0.336429  0.840586 -0.00830724  -0.0252289   0.0368693  -0.102388  -0.296679 0.00467568  0.00270067 -0.00324675 -0.00391569   -0.0112793    0.0680502 -0.000310868    1.46864 -0.0635104   -9.69822  17193
               216.7  2.79122  40.2965 -146.288 -4.70604 -1.26612 0.788427  0.614586 -0.332314  0.842279 -0.00836561  -0.0255137   0.0368118  -0.072447  -0.344368 -0.0202363  0.00252083 -0.00314144 -0.00358511 -0.0116898  0.0677308 0.00020146    1.46895 -0.0635171   -9.69818  17269
               216.8  3.51175  40.2222 -144.154 -4.71674 -1.30059   0.7945  0.613984 -0.335354  0.840742 -0.00829764  -0.0254381   0.0368878 -0.0564724  -0.359183 0.00907997  0.00256284 -0.00311125 -0.00360846   -0.0108993    0.0679512 -0.000126383    1.46886 -0.0633949   -9.69819  17201
               216.9  4.09891  40.0536 -141.288  -4.7198 -1.33416 0.794973  0.613782 -0.335064  0.840397 -0.00828323  -0.0254332   0.0369044 -0.0176624  -0.358318 0.00235522  0.00278467 -0.00316681  -0.0040477    -0.010789    0.0680648 -9.89764e-06    1.46889 -0.0632828   -9.69819  17150
                 217  4.47944  39.8402 -139.301 -4.72103 -1.36765 0.792017 0.614089 -0.33425 0.840689 -0.00828853  -0.0254356   0.0368976 -0.00949254   -0.346787  -0.0189304  0.00263259 -0.00319609 -0.00395594  -0.0111039   0.0680976 7.26967e-05    1.46887 -0.0633069   -9.69819  17279
               217.1  4.42184  39.7306 -138.719 -4.71655 -1.38791 0.789645  0.613932 -0.332726  0.841983 -0.00832405  -0.0254661   0.0368934 -0.00107109   -0.342024  -0.0308058  0.00254204 -0.00318326 -0.00375113  -0.0112946   0.0677025 0.000139882    1.46903 -0.0634226   -9.69817  17169
               217.2  4.92814  39.3094 -135.134 -4.71532 -1.43708 0.791633  0.612865 -0.334903  0.842045 -0.00831472  -0.0254846   0.0369185  -0.024588  -0.283017 -0.0214227  0.00250593 -0.00290154 -0.00391157   -0.0102238     0.067444 -3.22145e-05     1.4692 -0.0633501   -9.69814  17178
               217.3  4.79568  39.6284 -133.656 -4.71608 -1.46834  0.79268  0.612616 -0.335177  0.843123 -0.00835142  -0.0255129   0.0369452   -0.0481105    -0.276851 -0.000490395  0.00249977 -0.00299475 -0.00397433   -0.0101547    0.0669899 -0.000241854   1.46931 -0.063539  -9.69812  17146
               217.4  4.62177  39.7417 -132.102  -4.7216 -1.50666 0.789848  0.612774 -0.333881  0.844232 -0.00840729   -0.025496   0.0369928 -0.0927401  -0.288974 -0.0178715  0.00249847 -0.00301494 -0.00396504   -0.0107912    0.0664654 -0.000388214    1.46937 -0.0638447   -9.69811  17183
               217.5  4.91237  39.8232 -130.533 -4.73134 -1.53265 0.786098  0.612583 -0.333375  0.844379 -0.00840444  -0.0254948   0.0369943 -0.142263  -0.28293 -0.044739  0.00244351  -0.0029165 -0.00402625   -0.0108903    0.0664019 -0.000333996     1.4694 -0.0638432   -9.69811  17088
               217.6  5.23848  39.6252 -128.767 -4.74068 -1.55823 0.775582  0.610048 -0.330108   0.84591 -0.00838691  -0.0255402   0.0369935  -0.154037  -0.252778 -0.0602369  0.00239576  -0.0026329 -0.00386671  -0.0110756   0.0659662 0.000216634    1.46963 -0.0636172   -9.69807  17122
               217.7 5.72224 39.2793 -125.25 -4.75829 -1.57725 0.774994  0.61024 -0.33191 0.845846 -0.00842131  -0.0254839   0.0369788  -0.174341   -0.23423 -0.0413067  0.00274063 -0.00275561 -0.00435299   -0.010345   0.0663406 0.000188853    1.46959 -0.0634357   -9.69808  17059
             217.799  5.73562   39.275 -122.898 -4.77393 -1.60275 0.777627  0.609692 -0.332004  0.847219 -0.00839929   -0.025462   0.0370004 -0.205515  -0.26825 0.0327778  0.00263892 -0.00320616 -0.00430087 -0.00996443   0.0661044 0.000147734    1.46974 -0.0633998   -9.69806  17059
               217.9  5.83381  38.9357 -121.098 -4.78856 -1.61719 0.776534  0.606701 -0.328691  0.848299 -0.00839996  -0.0253937   0.0370261 -0.214739  -0.25877 0.0436491  0.00238742 -0.00342852 -0.00416879 -0.00993967   0.0659598 0.000858873    1.46989 -0.0629528   -9.69804  17101
                 218  5.78992  37.7473 -119.372 -4.80679 -1.63447 0.780883  0.604736 -0.327113  0.849562 -0.00844042  -0.0253972   0.0371312 -0.190016 -0.221215 0.0259422  0.00206934 -0.00327249 -0.00387333 -0.00947539   0.0659328  0.00127463    1.47002 -0.0625652   -9.69802  17086
               218.1  4.69017  37.7942 -118.027 -4.82238 -1.67164 0.782532  0.606284 -0.327496  0.850379 -0.00848304  -0.0254061   0.0371369  -0.169093  -0.263561 -0.0123303  0.00222862 -0.00362437 -0.00352159  -0.0100809    0.065424 0.000744841    1.47013 -0.0630755     -9.698  16966
             218.199   4.3708  36.9059 -116.164  -4.8531 -1.69486 0.777651  0.608178 -0.329558   0.84639 -0.00843194  -0.0253457   0.0370274  -0.171261  -0.259676 -0.0289679  0.00237575 -0.00321486 -0.00335974  -0.0102296   0.0664666 0.000743788    1.46966 -0.0630732   -9.69807  17048
               218.3  4.99485  35.8013 -113.947 -4.86168  -1.7173 0.782033  0.607443 -0.330953  0.847652 -0.00839597  -0.0253509   0.0371003  -0.106654  -0.266835 -0.0115061   0.0021545  -0.0026643 -0.00349961 -0.00942836   0.0662045 0.000589859    1.46982 -0.0629854   -9.69805  17041
               218.4  4.90247  36.2508 -111.786 -4.86993 -1.75568 0.781063 0.608122 -0.33076 0.847812 -0.00842477  -0.0253541   0.0371016  -0.0472953   -0.278592 -0.00163147  0.00219824 -0.00277638 -0.00333843 -0.00997422    0.065985 0.000266982    1.46985 -0.0632866   -9.69804  16967
               218.5  4.77731  36.2426 -109.755 -4.87403 -1.78097 0.786311  0.608243 -0.332755  0.847313 -0.00844637  -0.0253457   0.0370882 -0.00243762    -0.26968   0.0133674  0.00253064 -0.00293223 -0.00364291 -0.00943017   0.0660939 0.000103577    1.46981 -0.0632705   -9.69805  16990
               218.6  4.89533   35.845 -107.935 -4.88052 -1.80342 0.785496  0.609481 -0.333608  0.845234 -0.00843109   -0.025319   0.0371186     0.02239   -0.273054 -0.00131497  0.00278235 -0.00283269 -0.00424853 -0.00922855   0.0668742 0.000299783    1.46954 -0.0631293   -9.69809  16988
             218.699  4.93605  35.8989 -107.093 -4.87648 -1.82437 0.782727  0.609173 -0.332707  0.845518 -0.00838306  -0.0253977   0.0371231   0.0517449   -0.272076 -0.00929659  0.00303072 -0.00285399 -0.00452136 -0.00906751   0.0669979 0.000652793    1.46953 -0.0628994   -9.69809  17060
               218.8  4.68296  36.2028 -107.556  -4.8747 -1.84651 0.779454   0.60987 -0.332192  0.844703 -0.00826432  -0.0254775   0.0371866   0.053846   -0.29956 0.00901452  0.00325609 -0.00307594 -0.00458399 -0.00904019   0.0674933 0.000945902    1.46937 -0.0627352   -9.69812  17051
             218.899  5.07912  35.6755 -107.673 -4.86653 -1.87746 0.783193  0.609415 -0.332206  0.845293 -0.00829994  -0.0255169   0.0371551 0.0705108 -0.324676 0.0446888  0.00333065 -0.00291418  -0.0049022 -0.00891623   0.0673135 0.000946166   1.46945 -0.062703  -9.69811  17028
                 219   5.0362  35.8579 -108.043 -4.85573 -1.90441 0.781214 0.608757 -0.32977 0.846668 -0.00826501  -0.0257619   0.0371582 0.0876493 -0.341973 0.0137906   0.0034304 -0.00321275 -0.00480045 -0.00902358   0.0673139  0.00150472    1.46948 -0.0624086    -9.6981  17021
               219.1  5.36071  35.7917 -108.294 -4.83748  -1.9399 0.784971   0.60733 -0.329318  0.849031 -0.0084264 -0.0258595  0.0370074  0.107425  -0.35896 0.0164579  0.00328288 -0.00294389 -0.00449132 -0.00876795   0.0665848   0.0014738    1.46978 -0.0623316   -9.69806  17002
               219.2  5.64164   35.606 -108.185  -4.8342 -1.95861  0.79228  0.607154 -0.331427  0.848396 -0.00828252  -0.0260449   0.0371793  0.107876 -0.293767 0.0403545  0.00339443 -0.00267633 -0.00439118 -0.00741551   0.0673977  0.00176181    1.46951 -0.0618736    -9.6981  17043
               219.3  5.78844  36.2783 -107.604 -4.82247 -1.97858 0.795277  0.606378 -0.331119  0.848961 -0.00822656  -0.0261088   0.0371741  0.138829 -0.269824 0.0261291  0.00345624 -0.00317935 -0.00438713 -0.00695024   0.0675792  0.00213933   1.46944 -0.061568  -9.69811  16956
             219.399  6.59681  35.6735 -106.961 -4.80742 -1.99211 0.793774 0.604951 -0.32998 0.850387 -0.00822662  -0.0261508   0.0371916     0.14543   -0.241303 -0.00143912  0.00296235 -0.00284025 -0.00414909 -0.00653827   0.0675328  0.00267564    1.46946 -0.0611878   -9.69811  17063
               219.5 6.76517 36.1876 -106.14  -4.7943 -2.02563 0.793871  0.606041 -0.330228  0.849416 -0.00823879  -0.0261791   0.0372149    0.113805   -0.257529 0.000736292  0.00286274 -0.00303829 -0.00381997 -0.00698818   0.0675775  0.00235992    1.46945 -0.0614549   -9.69811  16856
               219.6  6.53667  36.1446 -106.909 -4.79317 -2.02438 0.793154  0.605632 -0.330042   0.84972 -0.00822287  -0.0261737   0.0372117     0.11221    -0.24885 0.000287802  0.00271084 -0.00296619 -0.00341707 -0.0068441  0.0675911 0.00251757    1.46944 -0.0613441   -9.69812  16949
             219.699  7.08265  36.5446 -103.679 -4.76755 -2.10041 0.791789 0.607299 -0.32861 0.849078 -0.00812718  -0.0264422   0.0373757   0.102685  -0.340162 -0.0117768  0.00268757 -0.00279986 -0.00374597 -0.00847252   0.0668852  0.00167983    1.46972 -0.0620753   -9.69807  16927
             219.799  6.94703  37.1735 -102.691 -4.75116 -2.14664 0.779051  0.607469 -0.324524  0.848952 -0.00801595  -0.0265614   0.0375719  0.0937859  -0.376966 -0.0351473  0.00239278 -0.00288993 -0.00322058 -0.0103549  0.0662125 0.00159491  1.46993 -0.06249 -9.69804  17044
               219.9  7.43924   36.143 -98.6976 -4.74701 -2.16366   0.7819  0.605289 -0.326675  0.850496 -0.0082006 -0.0259469  0.0375078    0.056939   -0.305623 -0.00995205  0.00279077 -0.00258384  -0.0038044 -0.00844715   0.0665308  0.00221041    1.46978 -0.0617972   -9.69806  16902
                 220 7.39097  36.214 -96.123 -4.75885 -2.18258 0.780336  0.607031 -0.329284  0.847511 -0.00856255  -0.0257968   0.0372004   0.0239283   -0.284704 -0.00983049  0.00269402 -0.00312392 -0.00365985 -0.0075849  0.0679331 0.00259605    1.46927 -0.0615692   -9.69814  16939
               220.1  7.55632  36.5429 -92.8433 -4.76423 -2.20479 0.782178  0.607089 -0.330273  0.846469 -0.00873613  -0.0255996   0.0370642 0.0020297 -0.326898 0.0392157  0.00223836 -0.00368989 -0.00340581 -0.00697464   0.0684842  0.00293136    1.46903 -0.0613397   -9.69818  16928
             220.199  7.33181  35.7774 -91.7827 -4.76245 -2.22238 0.785203  0.60712 -0.33033  0.84699  -0.008708 -0.0255946  0.0370901 0.0103533 -0.343421 0.0406415  0.00194776 -0.00334027 -0.00289613 -0.00690427   0.0684195  0.00288658    1.46908 -0.0613301   -9.69817  16943
             220.299  6.61319  34.8471 -86.1743 -4.76218 -2.27051 0.784949  0.607127 -0.328587  0.846613 -0.00875219   -0.025556   0.0370435 -0.00248939   -0.306147   0.0268474  0.00199631 -0.00339584 -0.00301951 -0.00742032   0.0685034  0.00313376    1.46903 -0.0613248   -9.69818  16903
             220.399  5.85595  33.9241 -84.0858 -4.77303 -2.27764  0.79122 0.606404 -0.33123 0.846195 -0.00886673  -0.0252588   0.0370797 -0.0299018  -0.243266  0.0149742  0.00200024 -0.00340369 -0.00286093 -0.00563249   0.0691277  0.00368946    1.46869 -0.0607741   -9.69823  16930
               220.5  5.22734   32.384 -81.1215   -4.784 -2.29906 0.794778  0.607296 -0.332913  0.844613 -0.0089025 -0.0251976  0.0370582 -0.0578787   -0.20793   0.022965  0.00218421 -0.00318065 -0.00291782 -0.00508049   0.0696478  0.00376829    1.46848 -0.0607252   -9.69827  16979
             220.599 3.78528 31.4757  -79.11 -4.79962 -2.31819 0.803836  0.609413 -0.336786  0.841626 -0.00885671  -0.0251634   0.0370093 -0.0400059  -0.225968  0.0216344  0.00283097 -0.00318779 -0.00290153 -0.00403807   0.0705531  0.00366557    1.46816 -0.0607595   -9.69831  17013
             220.699  3.70284  31.6094 -76.9944 -4.80193 -2.33572 0.811945  0.609039 -0.339307  0.842326 -0.00881745  -0.0252316   0.0370519 0.0303118 -0.226008 0.0144624  0.00273102 -0.00327763 -0.00290082 -0.00297708   0.0706274   0.0036909   1.46809 -0.060562  -9.69833  17071
             220.799  4.49098  31.1621 -73.9794 -4.79322 -2.35727 0.817456  0.608375 -0.340141   0.84315 -0.00881848  -0.0252483   0.0370314 0.0996373 -0.223344 0.0353915  0.00247681 -0.00280258 -0.00299985 -0.00268446   0.0703812  0.00357947    1.46816 -0.0605114   -9.69832  17085
             220.899  4.06904  30.1111 -70.3605 -4.78462 -2.36831 0.811474  0.607937 -0.337633  0.844208 -0.00877537  -0.0252421   0.0370944  0.138731 -0.169611 0.0307966  0.00303329   -0.002223 -0.00353733 -0.00285741   0.0705036  0.00432122     1.468 -0.060221  -9.69834  17270
             220.999  3.88325  30.6689 -68.6107 -4.76466  -2.3865 0.812938  0.607499 -0.336484  0.844904 -0.00879477   -0.025269   0.0370863  0.195465 -0.160422 0.0336788  0.00302552 -0.00271194    -0.00352 -0.0033618  0.0701862 0.00423308    1.46815 -0.0602741   -9.69832  17239
               221.1  3.76259  30.7267 -66.5766 -4.75006  -2.4064 0.826585  0.60937 -0.34038 0.841795 -0.00880273  -0.0251411   0.0371626  0.237993  -0.16861 0.0521883  0.00322831 -0.00320152 -0.00355387 -0.00232216     0.07101  0.00389158    1.46789 -0.0604559   -9.69836  17184
             221.199  3.43556  30.2739 -65.8058 -4.74035 -2.41625 0.829633   0.60984 -0.340742  0.840949 -0.0088088 -0.0251007  0.0371769  0.258261 -0.172799 0.0482526  0.00349877 -0.00321091  -0.0037273 -0.00234499   0.0711656  0.00378414    1.46787 -0.0605516   -9.69836  17254
             221.299  3.08943  29.4211 -64.9849 -4.71589 -2.43342   0.8384  0.609921 -0.341648  0.840575 -0.00879562  -0.0250943   0.0371888  0.307639 -0.219617  0.106514   0.0038013 -0.00329432 -0.00387425 -0.00207992   0.0712255  0.00367195   1.46785 -0.060569  -9.69836  17159
             221.399  3.04982  28.6071 -64.8035 -4.68743 -2.44698 0.847231  0.609337 -0.341244  0.842142 -0.00884915  -0.0252478   0.0371906  0.357975 -0.225293  0.117977  0.00379538  -0.0034052 -0.00392631 -0.00186234   0.0710569  0.00394872    1.46782 -0.0603552   -9.69837  17294
             221.499  2.27293   28.108 -63.8629 -4.62089 -2.49493 0.857655  0.609533 -0.339268  0.841968 -0.00887469   -0.025162   0.0371695  0.37807 -0.27822 0.091889  0.00411596 -0.00316084 -0.00365846 -0.00270354   0.0710319   0.0042157    1.46787 -0.0604313   -9.69836  17165
             221.599   2.4725  27.7815 -63.0526 -4.59124 -2.52581 0.859502   0.61083 -0.338684  0.840448 -0.00870721  -0.0252096   0.0373094  0.360743 -0.287942 0.0515848  0.00414573 -0.00295305 -0.00376846 -0.00269719   0.0718725  0.00462845    1.46753 -0.0605318   -9.69841  17008
             221.699 2.67335 27.7991  -62.17 -4.56153 -2.54196 0.870197  0.610065 -0.339808  0.842757 -0.00869847  -0.0253467   0.0372788  0.324971 -0.255616 0.0760577  0.00398768 -0.00267459 -0.00380822 -0.00173819   0.0717958  0.00476933     1.4674 -0.0602277   -9.69843  17174
             221.799  2.73424  28.6278 -61.1413 -4.53618 -2.56101  0.88071  0.609577 -0.340892  0.845099 -0.00860889  -0.0254889   0.0372353  0.283818 -0.255043 0.0671754  0.00408035 -0.00306615  -0.0036521 -0.000562057    0.0722068   0.00523977    1.46701 -0.0599252   -9.69849  16996
             221.899    3.38 28.7824 -59.744 -4.51514 -2.57623  0.88227  0.608031 -0.340588  0.847145 -0.00853197  -0.0255318   0.0371754  0.284598 -0.274151 0.0528312  0.00399388 -0.00294196 -0.00388688 -0.00022189   0.0720186  0.00572175    1.46686 -0.0596656   -9.69852  17154
             221.999 3.80988 28.7518  -58.51 -4.50291 -2.59457 0.875995  0.606385 -0.340046  0.849071 -0.00844657  -0.0255935   0.0371606  0.252814 -0.265939 0.0374312  0.00393187  -0.0028266 -0.00387096 0.000423374   0.0724927  0.00688752     1.4663 -0.0593894    -9.6986  17209
             222.099  4.24124  28.4895 -57.5026 -4.48238  -2.6208 0.860466  0.603701 -0.337739  0.849059 -0.00837779  -0.0256826   0.0371888   0.252019  -0.282978 -0.0058151  0.00345281 -0.00293908 -0.00346981 -8.39986e-05    0.0723113   0.00803425    1.46603 -0.0592526   -9.69865  17119
             222.199  4.24029  27.6014 -55.9896 -4.47896  -2.6527 0.850513  0.604944 -0.337677  0.846789 -0.00848898  -0.0256827   0.0371964  0.210283 -0.320634 0.0225737  0.00312205 -0.00281786 -0.00322887 0.000289573   0.0737316  0.00890903    1.46539 -0.0594515   -9.69874  17182
             222.299 3.76544 27.1554  -54.51 -4.47648 -2.67505 0.860962  0.606494 -0.340299    0.8485 -0.00858494  -0.0255678   0.0371825  0.205131 -0.325695 0.0433386  0.00306164  -0.0031075 -0.00292228 0.00209224  0.0748782 0.00907539    1.46483 -0.0593238   -9.69883  17228
             222.399 3.45802 26.8065   -51.4 -4.46504 -2.71086 0.867096   0.60778 -0.341387  0.847434 -0.00873859  -0.0254814   0.0370628  0.206969 -0.343239 0.0674285  0.00306484 -0.00309434 -0.00350341 0.00269654  0.0757134 0.00917116   1.46453 -0.059456  -9.69887  17266
               222.5  2.98109  25.2064 -49.0799  -4.4565 -2.74749 0.868215  0.608098 -0.341624  0.846649 -0.00892138  -0.0253127   0.0369971  0.161233 -0.332746  0.035617  0.00302931 -0.00248071 -0.00376212 0.00317875   0.076411 0.00972351    1.46412 -0.0595033   -9.69893  17143
             222.599  1.86174  26.0051 -48.2661 -4.45162 -2.77428 0.870376 0.607893 -0.34223 0.847651 -0.00891468  -0.0252039   0.0369288  0.154833 -0.311715 0.0255426  0.00343692 -0.00299323 -0.00366439 0.0040778 0.0768179 0.0102501    1.46373 -0.0593435   -9.69899  17090
             222.699  1.38289  25.1505 -47.5551 -4.44923   -2.801 0.870821  0.608733 -0.342854  0.846936 -0.00890477  -0.0251817   0.0368856  0.158703  -0.27946 0.0171752  0.00367841 -0.00243733 -0.00374514 0.00472866  0.0775621  0.0106049  1.46335  -0.0594 -9.69905  17185
               222.8  1.65647  25.4089 -46.6444 -4.43107 -2.83213 0.875789  0.609485 -0.343574   0.84624 -0.00888911  -0.0251866   0.0368908  0.224005  -0.25998 0.0191081   0.0035843 -0.00250588 -0.00379343 0.00500539  0.0778825  0.0104206    1.46329 -0.0594926   -9.69906  17095
             222.899 1.95527 25.5259 -46.222 -4.41646  -2.8519 0.882559  0.610145 -0.345032  0.846615 -0.00883062  -0.0252924    0.036895  0.260989 -0.208966 0.0362548  0.00360941 -0.00235316  -0.0036878 0.00606525  0.0783651  0.0105449   1.46297 -0.059422  -9.69911  17174
                 223   1.9556  25.4079 -45.7504 -4.39647 -2.87374 0.886995  0.611446 -0.345616  0.845262 -0.00874202  -0.0253331   0.0369581  0.302072 -0.167176 0.0325396  0.00384482 -0.00240827  -0.0038736 0.00649486   0.079064  0.0106211    1.46274 -0.0595741   -9.69914  17205
               223.1  2.25103  25.7983 -45.4879 -4.38222 -2.89631 0.886669 0.614173 -0.34613 0.842636 -0.00854374  -0.0254337   0.0370957  0.319263 -0.171634 0.0213618  0.00412897 -0.00282906 -0.00414751 0.00712131  0.0804491  0.0109604    1.46227 -0.0598743   -9.69921  17177
             223.199  2.54136  26.3804 -45.4484 -4.36292  -2.9149 0.889563  0.616132 -0.346677  0.841504 -0.00838315  -0.0256066   0.0371837  0.345758 -0.177129  0.078405  0.00460935   -0.003185 -0.00461569 0.00792133  0.0814441  0.0114239    1.46181 -0.0599757   -9.69928  17178
             223.299  3.14013  26.0593 -45.8663 -4.34259 -2.93102 0.897289  0.617495 -0.347149  0.840458 -0.00824378  -0.0257806   0.0372867   0.35026 -0.169383  0.102318  0.00458008 -0.00308531 -0.00486924 0.00866591  0.0822255  0.0117885    1.46142 -0.0600509   -9.69934  17292
               223.4  3.39256  26.3569 -47.0407 -4.31309  -2.9414 0.911924  0.617503 -0.348468   0.84092 -0.00820944  -0.0260042   0.0372713   0.34904 -0.150932 0.0891413  0.00445195 -0.00307895 -0.00449682 0.00979516  0.0823546  0.0119031   1.46113 -0.059888  -9.69938  17249
             223.499  4.25948  26.0198 -47.8485 -4.27783 -2.94215 0.919112  0.616089 -0.348789   0.84448 -0.00839351   -0.026195   0.0370979  0.342733 -0.129641 0.0763851  0.00410286 -0.00260496 -0.00427784 0.0103073 0.0815255 0.0122464     1.4611 -0.0593994   -9.69939  17323
               223.6  4.12574   26.113 -48.3301 -4.24896 -2.94708 0.924008  0.615841 -0.348848  0.846078 -0.00842951  -0.0263105   0.0370774  0.340637 -0.114997  0.080612  0.00426184   -0.002332 -0.00448671 0.0107252 0.0813725 0.0126271    1.46095 -0.0591742   -9.69941  17411
               223.7  4.52508  26.4278 -49.0945 -4.21142  -2.9568 0.923028   0.61595 -0.347489  0.847313 -0.00843133  -0.0263656   0.0370698  0.307889 -0.102111 0.0487578  0.00388273 -0.00218654 -0.00432661 0.0104236 0.0813266 0.0132438    1.46085 -0.0590455   -9.69943  17493
             223.799  4.20913   26.516 -49.3648 -4.17764 -2.96949 0.926126  0.615964 -0.347123  0.847203 -0.00842869  -0.0263578    0.037074  0.299789 -0.121766 0.0360943  0.00385776 -0.00203201 -0.00422293 0.0101985 0.0813005 0.0132512     1.4609 -0.0590696   -9.69942  17354
             223.899  3.77942  26.8581 -49.5909 -4.15358 -2.98646 0.922907  0.616922 -0.346208  0.845883 -0.00840975  -0.0263489     0.03706  0.280445 -0.148182 0.0132302  0.00382796 -0.00207585 -0.00401886 0.00978212  0.0817125  0.0134348    1.46086 -0.0592437   -9.69943  17487
                 224  3.40411  27.2976 -49.0091 -4.12556 -3.01197 0.915307  0.618034 -0.344518  0.843809 -0.00840389  -0.0263855   0.0370609    0.268111   -0.200141 -0.00664432    0.003835 -0.00231548 -0.00381675 0.00888063  0.0821199  0.0135783    1.46091 -0.0595065   -9.69942  17441
               224.1  3.27343  27.5396 -48.6165 -4.10271 -3.03346   0.9176  0.618378 -0.344993  0.843752 -0.00843929  -0.0263433   0.0370191  0.275435 -0.242006 0.0580953  0.00366753 -0.00246646 -0.00361931 0.0092442 0.0823705 0.0137009    1.46077 -0.0595111   -9.69944  17431
             224.199  3.29061  27.2598 -48.1043 -4.07939 -3.05624  0.92491  0.618481 -0.345372  0.844114 -0.00847228   -0.026283   0.0369974  0.290369 -0.245059 0.0766478  0.00354261 -0.00248999 -0.00358662 0.00966661  0.0825656   0.013881    1.46061 -0.0594699   -9.69946  17449
             224.299 2.99372 27.0568 -47.587  -4.0626 -3.08882  0.93519 0.620698 -0.34682  0.84124 -0.00859931  -0.0262794   0.0369012  0.272987 -0.259774 0.0789322  0.00352474 -0.00255898 -0.00348596 0.0102803 0.0836929 0.0137899    1.46033 -0.0598005    -9.6995  17382
             224.399  2.8801 26.6932 -47.296 -4.06915 -3.09853 0.942756  0.622663 -0.348749  0.839036 -0.00870678  -0.0262753   0.0368295    0.2491  -0.27144 0.0945406  0.00363551 -0.00237864  -0.0036313 0.0110573 0.0846311  0.013546    1.46011 -0.0600586   -9.69953  17524
               224.5  2.95793  27.1088 -46.2896 -4.02924 -3.16089 0.950958   0.62583 -0.348554  0.833688 -0.00881046  -0.0263259   0.0367638  0.269059 -0.242409 0.0488294  0.00355443 -0.00263349 -0.00425252 0.0107256 0.0860701 0.0135796    1.45992 -0.0606476   -9.69956  17341
               224.6 2.22961 27.4213 -46.911 -4.01268 -3.19306 0.952449  0.62837 -0.34866 0.830033 -0.00880112  -0.0263422   0.0367348  0.283546  -0.24011 0.0470314  0.00371255 -0.00245263 -0.00407384 0.0107654 0.0872118 0.0136578     1.4597 -0.0610353   -9.69959  17376
               224.7  2.22625  27.4863 -47.1944 -3.99798 -3.22489 0.949241   0.63121 -0.347803  0.826095 -0.0087427 -0.0263626  0.0367585  0.274022 -0.216776 0.0409015  0.00373319 -0.00213825 -0.00415691 0.0105492   0.08846 0.0139689   1.45944 -0.061442  -9.69963  17513
               224.8 1.96701  27.833 -47.076 -4.00102 -3.23743 0.951576 0.633293  -0.3485 0.823077 -0.0087166  -0.026378  0.0367483  0.260643 -0.229388 0.0437944  0.00393402 -0.00231092 -0.00424195 0.0107434 0.0893424 0.0138574    1.45929 -0.0617549   -9.69965  17228
             224.899  2.09294  28.0568 -48.0527 -3.95017 -3.28495  0.95691  0.635853 -0.348858  0.819441 -0.0086299 -0.0263796  0.0368254  0.334116 -0.172948 0.0225464   0.0040629 -0.00215719 -0.00420228 0.0108076 0.0903492  0.013769    1.45914 -0.0621196   -9.69967  17349
             224.999 2.46811 28.2081 -48.072 -3.92356 -3.30823  0.96869  0.637363 -0.350869  0.816152 -0.00859104  -0.0263513   0.0368972  0.366591 -0.171721 0.0846229  0.00428733 -0.00241955 -0.00438403 0.0113003 0.0910182  0.013364    1.45908 -0.0624192   -9.69967  17448
               225.1  2.39062  27.5798 -48.7153 -3.88972 -3.31949 0.980792  0.637922 -0.352011  0.815955 -0.00860365  -0.0264278   0.0369607  0.403215 -0.129952  0.113394  0.00474999 -0.00251262 -0.00459355 0.0121768 0.0912634 0.0136669    1.45881 -0.0623209   -9.69971  17270
               225.2   2.7528  28.2171 -49.5653 -3.84448 -3.31773  0.99499  0.636151 -0.352359  0.819643 -0.0086724 -0.0265188  0.0368701   0.440791 -0.0954193   0.136635  0.00453172 -0.00283391 -0.00444203 0.0127582 0.0905248 0.0139636    1.45876 -0.0618889   -9.69973  17362
               225.3  2.08645  28.6339 -51.2751 -3.80198 -3.33428  1.00056  0.637336 -0.350655  0.818235 -0.0086192 -0.0264387  0.0369042  0.429319 -0.101956 0.0942497  0.00473356 -0.00299647 -0.00384552 0.0119642 0.0909085 0.0140109     1.4588 -0.0621007   -9.69972  17358
             225.399  1.86482  28.1951 -51.5447 -3.76731 -3.33917  1.00753  0.637825 -0.350749  0.818686 -0.00861461  -0.0264923   0.0369176   0.419479 -0.0942954  0.0948974  0.00477849 -0.00251114 -0.00409229 0.0125822 0.0911643 0.0144612   1.45853 -0.061978  -9.69976  17376
               225.5  2.16178  28.1598 -52.1675 -3.73343 -3.35646   1.0016  0.639999 -0.347765   0.81675 -0.00858959   -0.026496   0.0369242  0.397149  -0.11114 0.0560239  0.00443934 -0.00242413 -0.00394435 0.0116951 0.0919374  0.014956    1.45839 -0.0622094   -9.69978  17467
             225.599 1.37075 28.8777 -52.883 -3.70022 -3.37431  1.00066  0.641491 -0.346964  0.814921 -0.00856074  -0.0264893    0.036908  0.396971 -0.153146 0.0211812  0.00446077 -0.00272995 -0.00378893 0.0114963 0.0925349 0.0151498    1.45826 -0.0623879    -9.6998  17500
             225.699 1.93581 29.9946 -52.838 -3.65802 -3.39498 0.994927  0.641612 -0.344952  0.814389 -0.00853231  -0.0265083   0.0369631  0.395995 -0.196943 0.0110387  0.00406989 -0.00319355 -0.00382891 0.0107001 0.0925046 0.0152942    1.45833 -0.0624565   -9.69979  17505
             225.799  1.7182 28.8108 -52.388 -3.62503 -3.42757 0.994359  0.644281 -0.344778  0.810876 -0.00859739  -0.0265587   0.0369231  0.382267 -0.247594 0.0195345  0.00419042 -0.00286864 -0.00411334 0.0104231 0.0934271  0.015186    1.45826 -0.0628188   -9.69979  17518
             225.899  1.66219  28.9032 -52.3449 -3.60859 -3.44648 0.994448 0.645322 -0.34493 0.809922 -0.00866277  -0.0265246   0.0369004  0.383317 -0.292782 0.0547541  0.00412515 -0.00319921 -0.00399061  0.010677 0.0939833 0.0154139    1.45807 -0.0629097   -9.69982  17748
                 226  1.60545  28.5276 -51.9878  -3.5618 -3.49396  1.00202  0.646138 -0.344913  0.808993 -0.00877996  -0.0264551   0.0368777  0.412157 -0.322483 0.0991357   0.0039855 -0.00336911 -0.00385841 0.0111092 0.0947439 0.0158789    1.45773 -0.0629971   -9.69987  17534
             226.099  1.48523  27.7894 -52.0405 -3.54875 -3.51554  1.00137  0.646061 -0.344616  0.809487 -0.00897233  -0.0263286   0.0369354  0.356673 -0.262739 0.0637502  0.00375172 -0.00330929 -0.00353459 0.0121238 0.0956808 0.0169143    1.45708 -0.0629249   -9.69997  17638
             226.199  1.03228  27.6513 -51.6722 -3.51967 -3.55144  1.00413  0.648366 -0.345104  0.806299 -0.0090411 -0.0263525  0.0368672   0.403682  -0.279389 0.00144109  0.00377994 -0.00340842 -0.00339882 0.0122044 0.0966675 0.0168818    1.45691 -0.0632461   -9.69999  17571
             226.299 0.659078  26.9297 -51.5659 -3.52133 -3.55698  1.00698  0.649624 -0.346638  0.806371 -0.00911683  -0.0262843   0.0368957   0.390334  -0.268194 0.00667015  0.00396147 -0.00282409 -0.00337758 0.0132491 0.0974391 0.0170935    1.45657 -0.0632501   -9.70005  17494
             226.399 0.787934  27.3947 -51.1881 -3.49325 -3.58189   1.0134   0.65141 -0.348207  0.805355 -0.00916617  -0.0262733   0.0368608  0.409432 -0.224672 0.0410361  0.00386896 -0.00250379 -0.00329897 0.0139437 0.0981979 0.0169839    1.45639 -0.0633769   -9.70007  17497
               226.5 -0.128413   28.1894  -51.0621 -3.43459 -3.61207  1.02322  0.653694 -0.349835  0.803781 -0.00917427  -0.0262648   0.0367157  0.474428 -0.125291 0.0457817  0.00422789 -0.00283335 -0.00301299 0.0151564 0.0994583 0.0174472    1.45588 -0.0634819   -9.70015  17427
             226.601 -0.423686   27.7681  -50.1807 -3.37508 -3.63652  1.03447  0.655717 -0.350878  0.801094 -0.0092126  -0.026316  0.0366968   0.566451 -0.0880546  0.0466156  0.00459193 -0.00258714 -0.00321447 0.0151485  0.100156 0.0169421    1.45591 -0.0638028   -9.70014  17197
             226.699 -0.25463  27.9144 -50.5327 -3.33885 -3.64848   1.0372  0.657688 -0.351106  0.799059 -0.00919138  -0.0263501   0.0366787   0.602389 -0.0759242  0.0768928  0.00450589 -0.00282693 -0.00302315 0.0154332  0.101035 0.0171694    1.45567 -0.0639842   -9.70018  17317
               226.8 -0.95224  28.1486 -51.1829  -3.2873 -3.65473  1.04538  0.659322 -0.351594  0.797529 -0.00911109  -0.0264365   0.0366387   0.633331 -0.0426959   0.134242  0.00470732 -0.00302716  -0.0026327 0.0161298  0.101871 0.0176147     1.4553 -0.0640512   -9.70023  17243
               226.9 0.820877  27.9881  -50.058  -3.2351 -3.66359  1.05808  0.661103 -0.351908  0.795186 -0.00912681  -0.0264795   0.0367477    0.63765 -0.0452563   0.133691  0.00436868 -0.00314158 -0.00274822 0.0167062  0.102832  0.017997    1.45494 -0.0642071   -9.70028  17135
             226.999 0.889695  28.0784  -49.303 -3.20544 -3.67955  1.04935  0.664403 -0.350046   0.79147 -0.0092188 -0.0265277  0.0369191   0.593595 -0.0427841   0.072343  0.00473228 -0.00286008 -0.00285685 0.0167067  0.104512 0.0189925    1.45438 -0.0645387   -9.70037  17242
             227.099  2.14612  27.9963 -48.3157 -3.18745 -3.69625  1.04037  0.667807 -0.349137  0.787473 -0.00931648  -0.0265543   0.0370878   0.506756 -0.0556187  0.0589893  0.00422609 -0.00265125 -0.00323146 0.0170384  0.106255 0.0198617     1.4538 -0.0648814   -9.70045  17285
               227.2  2.87651  28.5443 -47.7589 -3.15966 -3.69859  1.03553  0.669228 -0.348969  0.787177 -0.00932625  -0.0265813   0.0370977   0.434353 -0.0675419  0.0342343  0.00377191 -0.00251663 -0.00345686 0.0180649  0.107184 0.0208816     1.4532 -0.0648096   -9.70054  17224
               227.3   1.8972  28.9612 -48.0779 -3.12502  -3.7049  1.04435 0.669796 -0.35065 0.786723 -0.00932977  -0.0265811   0.0370584   0.422503 -0.0720785  0.0187227  0.00413117 -0.00209227 -0.00315154 0.0189399  0.107569  0.020871    1.45302 -0.0648149   -9.70057  17267
               227.4  1.82761  29.1208 -48.1241 -3.13156 -3.70923  1.04568  0.671013 -0.351473  0.785515 -0.00930269  -0.0265925   0.0370074   0.391811 -0.0760073  0.0189619  0.00413657 -0.00209846 -0.00311099 0.0195147  0.108227 0.0210328    1.45278 -0.0649115    -9.7006  17184
             227.499 0.939394  30.5501 -48.5534 -3.07849 -3.73545  1.05839  0.674179 -0.353095  0.781683 -0.0092603  -0.026624  0.0369121   0.347076 -0.0798623  0.0683893  0.00419603 -0.00246753 -0.00275944 0.0199896  0.109471  0.020758    1.45261 -0.0652931   -9.70063  17349
             227.601  1.72913  31.0311 -46.6693 -3.05108 -3.77752   1.0607    0.6795 -0.352466  0.774238 -0.00925874  -0.0266681   0.0368478  0.358483 -0.164171 0.0806798  0.00381515 -0.00307189 -0.00327613 0.0193813  0.111328 0.0205998    1.45249 -0.0660092   -9.70064  17237
             227.699 0.640724  30.6049 -47.1056 -3.03052 -3.80654  1.05882  0.681754 -0.350672  0.770406 -0.00922544  -0.0266625   0.0368008  0.348443 -0.198707  0.116778  0.00386728 -0.00292104 -0.00273125 0.0186406  0.112142 0.0207821    1.45241 -0.0663515   -9.70065  17283
             227.801 -0.234495   30.3003   -46.917 -3.00103 -3.85685    1.065   0.68578 -0.349633  0.763159 -0.00916318  -0.0266776   0.0366517  0.365614 -0.232716  0.102306  0.00397383 -0.00296808  -0.0025553 0.0178526  0.113513 0.0206758    1.45236 -0.0669714   -9.70065  17174
               227.9 0.712285  30.2317  -45.479 -2.99377  -3.8939   1.0628  0.689237 -0.348805  0.757884 -0.00924501   -0.026661    0.036631  0.327639 -0.251541 0.0715748   0.0035938  -0.0030067 -0.00327988 0.0177977  0.114872 0.0210261    1.45207 -0.0673814   -9.70069  17162
                 228 0.184303  30.0432 -45.4652 -3.00197 -3.91531  1.06795  0.692548 -0.350536  0.753138 -0.00928041  -0.0266801   0.0365724  0.298157 -0.277932 0.0733398  0.00384787 -0.00290851 -0.00328737  0.018274  0.116038 0.0208681     1.4519 -0.0677621   -9.70071  17050
             228.099  -0.1425  29.7034 -45.2031 -2.96167   -3.963  1.07534   0.69476 -0.351076  0.750796 -0.00929603  -0.0266966   0.0366032  0.293939 -0.206868 0.0507809   0.0038516 -0.00275164 -0.00336235  0.018833   0.11688 0.0211948    1.45162 -0.0679063   -9.70076  16982
               228.2 -0.65878  29.5452 -45.1129 -2.94329 -3.99205  1.07124  0.697204 -0.349317   0.74766 -0.00929922   -0.026704   0.0365962  0.301116 -0.169706 0.0503297  0.00423922 -0.00262457 -0.00354122 0.0186574  0.117775 0.0216632    1.45137 -0.0681223   -9.70079  17001
               228.3 -1.06681  29.7602 -45.6934 -2.91943  -4.0069  1.06835  0.698112 -0.348253  0.747106 -0.00928068  -0.0267529   0.0365969  0.366314 -0.134283 0.0218031  0.00424662 -0.00279555 -0.00345774   0.01881  0.118177 0.0221521    1.45113 -0.0681246   -9.70083  16926
             228.399 -0.636956   29.9398  -45.5228 -2.88626 -4.02806  1.07846  0.700303 -0.350814  0.744198 -0.00925125  -0.0267508    0.036638   0.42423 -0.132721 0.0355968  0.00397589 -0.00274752 -0.00356764 0.0194604  0.118857 0.0218767    1.45107 -0.0683477   -9.70084  16913
             228.499 -0.819209   30.0633   -45.412 -2.84907 -4.04085  1.09377  0.701655 -0.354564  0.742964 -0.00923979  -0.0267799   0.0366445   0.46001 -0.104702 0.0637216  0.00414205 -0.00284041 -0.00354306 0.0208116  0.119348  0.021814    1.45088 -0.0683921   -9.70086  17008
               228.6 -0.69981  30.2829  -45.288 -2.85447 -4.04655  1.09098  0.703398 -0.354241  0.741137 -0.00921653  -0.0267969   0.0366545  0.440817 -0.113584 0.0596757  0.00411678 -0.00298431 -0.00360692 0.0209251  0.119947 0.0220301    1.45073 -0.0685243   -9.70089  16889
             228.699 -0.685954   30.0018  -45.9972 -2.79016 -4.05523  1.10712  0.704107 -0.355897  0.742031 -0.00922442  -0.0269404   0.0367009   0.504499 -0.0788209   0.136949  0.00448884 -0.00329097 -0.00357705 0.0224764  0.120395 0.0227585    1.45024 -0.0683431   -9.70096  17020
             228.799 0.158574  29.6781 -45.7972 -2.73459 -4.06716  1.11975  0.705295 -0.355411  0.741046 -0.00922366  -0.0269853   0.0367509   0.536507 -0.0947845   0.132745  0.00434006 -0.00327211 -0.00375402 0.0227815  0.120928 0.0231463       1.45 -0.0683985   -9.70099  16833
               228.9  1.00789   29.087 -45.9249 -2.70083 -4.08374  1.12696  0.707722 -0.355053  0.738268 -0.00922404  -0.0270407    0.036897    0.48096 -0.0954389   0.107832  0.00414166 -0.00291348 -0.00359225 0.0231969  0.121979 0.0235577  1.44967 -0.06861 -9.70104  16618
             228.999 0.803014  29.1057  -46.042 -2.68136 -4.11138  1.13363  0.712095 -0.355406  0.732865 -0.00920062  -0.0270618   0.0370033   0.42218 -0.121975 0.0990565  0.00442461 -0.00290539 -0.00360543 0.0238723  0.123808 0.0239357    1.44923 -0.0690578   -9.70111  16607
             229.099  1.31793  29.3259 -45.3033 -2.66737 -4.14608  1.13488  0.716873 -0.354824  0.726917 -0.00922337  -0.0270661   0.0370597  0.374204 -0.173272  0.088431  0.00418767 -0.00279831 -0.00378548 0.0241813  0.125782 0.0243953    1.44879 -0.0695738   -9.70117  16515
             229.199  1.34857  29.5277 -45.6831 -2.66377 -4.15313  1.13791  0.717751 -0.355397  0.726292 -0.00922678  -0.0270558   0.0370452    0.3468 -0.176523  0.094205  0.00396972 -0.00279148 -0.00346316 0.0246702  0.126226 0.0245997     1.4486 -0.0696196   -9.70119  16464
               229.3  1.40787  29.8918 -45.0572 -2.64874 -4.17519  1.13924  0.719449 -0.354713   0.72455 -0.0092464 -0.0269957  0.0369655  0.296737 -0.197089  0.081413  0.00391093 -0.00281913 -0.00346599  0.025013  0.127118 0.0251782    1.44826 -0.0697619   -9.70125  16427
             229.399  1.56098  30.5407 -43.8607 -2.61534 -4.21092  1.14519  0.720049 -0.354651  0.724753 -0.00925956  -0.0268579   0.0368338  0.243607 -0.224469 0.0639513   0.0039318  -0.0028845 -0.00388062 0.0257976  0.127745 0.0259284    1.44784 -0.0697357   -9.70131  16476
             229.499  1.10977  30.9107 -43.6513 -2.61691  -4.2356  1.14242  0.721662 -0.354179  0.723576 -0.00926439  -0.0267448   0.0366601  0.181926 -0.248612  0.058627  0.00398622  -0.0034469 -0.00385276 0.0265913  0.128834 0.0268512     1.4473 -0.0698275   -9.70139  16560
             229.601  1.24337  29.6901 -42.8611 -2.59446 -4.27453  1.16166  0.723395 -0.356324   0.72243 -0.00926454  -0.0267712   0.0366366  0.218873 -0.345687  0.128383  0.00376344  -0.0033958 -0.00392859 0.0270854  0.129277 0.0264483    1.44733 -0.0699566   -9.70138  16453
             229.699 0.889083   29.357 -42.6294 -2.57383  -4.3061  1.17515  0.723516 -0.356733  0.722667 -0.00927024  -0.0267669    0.036643  0.269915 -0.374506  0.135365  0.00383072 -0.00352214 -0.00387032 0.0272881  0.129338 0.0264524    1.44729 -0.0699441   -9.70139  16563
             229.799 0.550994  28.9124 -41.9977  -2.5531 -4.34683  1.18364  0.724403 -0.356221  0.720889 -0.00929329  -0.0267657   0.0366048  0.287834 -0.394257  0.124055  0.00376891 -0.00340038 -0.00396289 0.0271611  0.129755 0.0265719    1.44722 -0.0700905    -9.7014  16530
             229.901 0.0817161   28.9117  -42.2019 -2.52767 -4.38553   1.1975  0.723909 -0.356776  0.723067 -0.00931074  -0.0267872   0.0366297  0.278892 -0.370439  0.111781  0.00360397 -0.00337639 -0.00369947 0.0280424   0.12988  0.027026    1.44693 -0.0699261   -9.70144  16421
                 230 -0.333502   29.0115  -41.5876 -2.51246 -4.40218  1.19511  0.720918 -0.355294  0.727436 -0.00931692  -0.0267197   0.0366268  0.263427 -0.292941  0.077305   0.0038537 -0.00339318 -0.00400045 0.0287913  0.129452 0.0282793    1.44646 -0.0695177   -9.70152  16362
             230.099 -0.628468   28.9362  -41.7899 -2.50487 -4.42018  1.18705    0.7198 -0.353533  0.728722 -0.00930269  -0.0267481   0.0365965  0.267626 -0.259822  0.058165  0.00394427 -0.00321921 -0.00386075 0.0292307  0.129643 0.0294413      1.446 -0.0693734   -9.70159  16418
             230.201 -1.40399  28.8567 -42.0405 -2.48497 -4.43636  1.19083  0.719089 -0.353974  0.731379 -0.00929321  -0.0268413   0.0365664  0.288767 -0.181857  0.062455   0.0043281 -0.00302352  -0.0037152 0.0304252  0.129766 0.0303049    1.44554 -0.0691299   -9.70165  16362
               230.3 -2.26507  28.9962 -42.1078  -2.4772 -4.44864  1.18934  0.720089 -0.354174  0.731562 -0.00922537  -0.0268947   0.0364738  0.309903 -0.140766 0.0380297  0.00472849 -0.00311219 -0.00366446 0.0316244  0.130554 0.0312937    1.44498 -0.0690966   -9.70174  16376
               230.4 -2.30765  28.8777 -42.5698 -2.48311 -4.44309  1.19092  0.720271 -0.355526  0.733384 -0.00919271  -0.0270679   0.0364491  0.289369 -0.110461 0.0409637  0.00460331 -0.00302525 -0.00341745 0.0329864  0.130858 0.0319146    1.44456 -0.0689235    -9.7018  16401
               230.5 -1.92757  29.1928 -41.8226 -2.44864 -4.45997  1.18935  0.722267 -0.354794  0.732057 -0.00914015  -0.0271405   0.0364565   0.352803 -0.0674069    0.06165  0.00483341 -0.00323567 -0.00397458 0.0337646  0.131947 0.0329628    1.44402 -0.0690302   -9.70188  16515
             230.601 -1.46714  28.2265  -42.705 -2.40522  -4.4765  1.19541  0.724035 -0.354242  0.729476 -0.00910367  -0.0271519   0.0365741   0.451609 -0.0733071  0.0953225  0.00470991 -0.00319081 -0.00389186 0.0336704   0.13274 0.0330917    1.44391 -0.0692822    -9.7019  16298
               230.7 -0.396611   27.9645   -42.792 -2.37116 -4.49721  1.19892  0.726044 -0.353164  0.726093 -0.00907038  -0.0271677   0.0367668  0.486423 -0.102265  0.110548  0.00439723 -0.00326942 -0.00401758 0.0333668  0.133719 0.0332855    1.44378 -0.0696183   -9.70191  16280
             230.799 -0.324942   27.8621   -43.296   -2.339 -4.50903  1.20575  0.727334 -0.353141  0.724898 -0.00904415  -0.0272507   0.0368868   0.483903 -0.0928792  0.0785473  0.00439212 -0.00346133 -0.00382549 0.0339588  0.134456 0.0336829    1.44349 -0.0697277   -9.70196  16456
             230.901  0.37603  27.8557 -43.0158 -2.30913 -4.52251   1.2099  0.729185 -0.353565   0.72386 -0.00904501  -0.0272957   0.0369807  0.430667 -0.110768 0.0551159  0.00404601   -0.003424 -0.00387033 0.0353391  0.135655 0.0345248    1.44289 -0.0698292   -9.70205  16349
                 231 0.742877  27.7907 -42.9113 -2.28511 -4.53364  1.21575  0.730193 -0.354651  0.723771 -0.00908149  -0.0272432   0.0370163  0.366869 -0.109661 0.0563157  0.00402356 -0.00315471 -0.00380266 0.0365183  0.136401 0.0349933    1.44249 -0.0698608    -9.7021  16308
             231.101 0.627165  27.9556 -42.8185 -2.28764 -4.54254  1.21353  0.731445 -0.354529   0.72257 -0.00909066  -0.0272168   0.0370156  0.334904 -0.118654 0.0555769  0.00411784  -0.0032282 -0.00387612 0.0369011  0.137186 0.0354135    1.44222 -0.0700104   -9.70214  16160
               231.2  1.45397  28.4102 -42.3608 -2.25264 -4.57863  1.22238  0.734012 -0.355241   0.72029 -0.00914659  -0.0271599   0.0369529  0.277836 -0.200398 0.0591926  0.00345473 -0.00316103 -0.00380084 0.0377973  0.138686 0.0358818    1.44179 -0.0703077    -9.7022  16083
             231.301  1.34272  28.8296 -41.7269 -2.23214 -4.61035  1.22147  0.734675 -0.354581  0.719228 -0.00915858  -0.0271133   0.0368891  0.243269 -0.257903  0.038514  0.00344181  -0.0031258 -0.00384151 0.0379076  0.139304 0.0364037    1.44156 -0.0704373   -9.70224  15765
             231.401   1.6164  28.9473 -40.3248 -2.21562 -4.63565  1.21955  0.734271 -0.354104  0.719463 -0.00916247  -0.0270362   0.0368599  0.215717 -0.289492 0.0190381  0.00334837 -0.00323579 -0.00416608 0.0380081  0.139401 0.0368039    1.44142 -0.0704229   -9.70226  15706
             231.501 0.755358  29.1036 -39.0699 -2.19567 -4.67151  1.22481  0.735519 -0.354566  0.718388 -0.00921079  -0.0270909   0.0368044 0.227767 -0.34356 0.049323   0.0035792 -0.00349292 -0.00407966 0.0380717  0.139794 0.0366002    1.44143 -0.0705459   -9.70226  15570
             231.601 0.648002  28.8837 -38.5302 -2.18657 -4.69895  1.22978  0.735957 -0.355042  0.718623 -0.0092639  -0.027004  0.0367537  0.219195 -0.374173 0.0922415  0.00334933 -0.00360737 -0.00376803 0.0385836  0.140193 0.0368423    1.44124 -0.0705736   -9.70228  15383
               231.7 -0.321309   28.4561  -36.7614 -2.17578 -4.74597  1.23689  0.735696 -0.355126  0.719828 -0.00941525  -0.0266803   0.0367022  0.197008 -0.369556 0.0882112  0.00359838 -0.00362831 -0.00376686 0.0397043  0.140835 0.0377173   1.44073 -0.070557  -9.70236  15292
               231.8 -0.34376  28.2956 -36.6444 -2.18146 -4.74618  1.23165  0.734311 -0.354494  0.721536 -0.00948165  -0.0264803   0.0367558  0.169857 -0.348988 0.0747533  0.00354581 -0.00357932 -0.00371903 0.0401964  0.140801 0.0384239    1.44044 -0.0704294   -9.70241  15121
               231.9 -0.77165  27.7991 -34.7135 -2.15947 -4.78805  1.23475  0.731817 -0.353868  0.725788 -0.00952525  -0.0263446   0.0368903  0.178836 -0.272009 0.0367872  0.00363888 -0.00373476 -0.00389088 0.0411286  0.140401 0.0394612       1.44 -0.0700876   -9.70247  15171
             232.001 -0.997262   27.5837  -34.2533 -2.15068 -4.80728  1.23769  0.731555 -0.354614  0.728297 -0.00954334  -0.0264024   0.0369662  0.208142 -0.235472 0.0419225  0.00371461 -0.00367027 -0.00368866 0.0424065  0.140634  0.040161    1.43957 -0.0699269   -9.70254  15103
             232.101 -0.823599   27.1634  -33.2455 -2.14011 -4.81585  1.24122   0.73103 -0.355244  0.730621 -0.00955991  -0.0264343   0.0370342  0.217247 -0.186604 0.0564986  0.00380092 -0.00333619 -0.00399441 0.0433365  0.140582 0.0406495    1.43928 -0.0697475   -9.70258  15102
             232.201 -0.541413   27.0747  -32.5622 -2.11602 -4.82852  1.24835  0.730592 -0.355706  0.731947 -0.00956091  -0.0264628   0.0370301  0.244845 -0.146482 0.0430745  0.00389996 -0.00340382 -0.00419295 0.0436979  0.140397 0.0407462     1.4392 -0.0696314   -9.70259  14985
             232.301 -0.759618   27.1951  -32.4845  -2.0988 -4.83749  1.25131   0.73069 -0.355969  0.732833 -0.00953647  -0.0265736   0.0370161   0.25274 -0.128389 0.0553224   0.0043359 -0.00342907 -0.00428317 0.0442851    0.1405 0.0411349    1.43899 -0.0695639   -9.70263  14923
               232.4 -0.979849   27.5114  -32.3937 -2.10428 -4.83028    1.254  0.730758 -0.357308  0.735322 -0.00946011   -0.026758   0.0369019    0.21854 -0.0970285  0.0680551   0.0046178 -0.00365085 -0.00439769 0.0458455  0.140634 0.0418772     1.4385 -0.0693722    -9.7027  15195
             232.501 -0.88605  26.9571 -33.4852 -2.08097 -4.82588  1.25904  0.730239 -0.358137  0.740344 -0.00948166  -0.0273814   0.0368489   0.227768 -0.0492968  0.0309168  0.00481879 -0.00344326 -0.00435354 0.0478262  0.140525 0.0432764    1.43778 -0.0689771   -9.70281  14921
             232.601 0.398942  27.0907 -33.7126 -2.05865 -4.81429  1.25445   0.72841 -0.357775  0.744395 -0.00956394   -0.027667   0.0366898   0.234897 -0.0128251  0.0168409  0.00426376 -0.00323218 -0.00426643 0.0483043  0.139799 0.0441243    1.43752 -0.0686028   -9.70285  14903
             232.701 -0.303297   27.0728  -34.5563  -2.0393 -4.80695  1.25663  0.727962 -0.358324  0.746097 -0.00958812  -0.0277893   0.0366481  0.228987 0.0206495  0.032559   0.0044482   -0.003131 -0.00408141 0.0488969  0.139636 0.0444358    1.43734 -0.0684599   -9.70288  14820
               232.8 0.459698  27.4203 -34.3014 -2.02692 -4.80083  1.25435  0.727832 -0.358058  0.747314 -0.00955708  -0.0278823   0.0366064  0.217536 0.0181651 0.0253405  0.00403279 -0.00340029  -0.0042913 0.0493942    0.1397 0.0450563    1.43707 -0.0683795   -9.70292  15085
               232.9 0.613421  27.7372 -34.7646 -2.01407 -4.79269  1.25625  0.727671 -0.358807  0.749165 -0.00954056  -0.0279533   0.0365269  0.206455 0.0136494 0.0226568  0.00385149  -0.0035616 -0.00408748 0.0504177   0.13977  0.045582    1.43674 -0.0682569   -9.70297  14937
             233.001 0.0704456   27.5887   -35.023 -2.00608 -4.79148  1.26204  0.728772 -0.360267  0.749688 -0.00954057  -0.0279401   0.0364831  0.191734 0.0123886 0.0356202  0.00419067  -0.0034131 -0.00400323 0.0518463  0.140446 0.0459824   1.43634 -0.068304  -9.70303  15011
             233.101 0.088336  27.6816 -35.3227 -2.00803 -4.78994   1.2618  0.729817 -0.360844  0.750211 -0.00954172  -0.0278945   0.0364423   0.16481 0.0200671 0.0357125   0.0041117 -0.00343716 -0.00386269 0.0532162  0.141245 0.0468366   1.43581 -0.068365  -9.70311  14907
             233.201 -0.242494   27.7153  -35.2251  -2.0024 -4.78649  1.26154  0.730322 -0.361037  0.750727 -0.00956573  -0.0278038   0.0364111  0.166809  0.022334 0.0298176  0.00431456 -0.00340042  -0.0038361 0.0541113   0.14172 0.0475183   1.43543 -0.068383  -9.70316  15030
             233.301 -0.135939   27.8039  -35.3678  -2.0012 -4.78573  1.26088  0.731153 -0.361248  0.750686 -0.00958572  -0.0277526   0.0363861  0.170633 0.0136465 0.0241398  0.00428756 -0.00337135 -0.00383053 0.0549191  0.142318  0.048093     1.4351 -0.0684528   -9.70321  14957
               234.1 -0.0400871    27.8045    -35.325 -2.00774 -4.78813   1.2591  0.731694 -0.361237  0.750309 -0.00959448  -0.0277313   0.0363721   0.152688 0.00902052  0.0213167   0.0042733 -0.00336165 -0.00384287 0.0552085  0.142669 0.0483315    1.43496 -0.0685208   -9.70323  14957
             234.201 -0.0476783     27.796   -35.3311 -2.01176 -4.78969  1.25911  0.732086 -0.361389   0.75007 -0.00960041  -0.0277213   0.0363627   0.141893 0.00569258  0.0218216  0.00426622 -0.00336084 -0.00384985 0.0554446  0.142898 0.0484321   1.43487 -0.068564  -9.70324  14957
               234.3 -0.0495535    27.7903   -35.3361 -2.01439 -4.79069  1.25907  0.732337 -0.361481  0.749916 -0.00960412  -0.0277149   0.0363568   0.134802 0.00359439  0.0220668  0.00426146 -0.00336006 -0.00385426 0.0555977  0.143047 0.0485002    1.43482 -0.0685918   -9.70325  14957
               234.4 0.433295  28.1762 -34.6172 -1.99999 -4.78191  1.25536  0.732988 -0.361498  0.749736 -0.00965018  -0.0276606    0.036347 -0.0888889 -0.0588346  -0.130116  0.00423406 -0.00334123 -0.00386686 0.0561155  0.143525 0.0489894    1.43457 -0.0686559   -9.70329  14992
               234.5 0.305796  28.0008 -34.5358 -2.01356 -4.77945  1.26196  0.732987 -0.361488  0.749744 -0.00965042  -0.0276623   0.0363462 -0.128475  0.013582 0.0579566  0.00428751 -0.00323034 -0.00397897 0.0561322  0.143523 0.0489839    1.43457 -0.0686556   -9.70329  14939
               234.6 -0.167092   27.7239  -34.7689 -2.01927 -4.76209    1.274  0.732998 -0.361478  0.749721 -0.00965366  -0.0276635   0.0363516 -0.0520875  0.0963636   0.098622  0.00490165 -0.00288784 -0.00230163 0.0561744  0.143442 0.0489888    1.43457 -0.0686577   -9.70329  14902
               234.7 -0.401411   27.8331  -34.5263  -2.0163 -4.75365  1.29023  0.732992 -0.361466  0.749702 -0.00965404  -0.0276721   0.0363568 0.00759544  0.0951146   0.134147  0.00592667 -0.00379343 -0.00263049 0.0560575  0.143358 0.0488452    1.43458 -0.0686582   -9.70329  14915
               234.8 -0.640736   27.7195  -34.4651 -2.01198  -4.7434  1.30255  0.732988 -0.361447  0.749687 -0.00965359  -0.0276728   0.0363574 0.0628369 0.0962246  0.128394  0.00578531 -0.00379123  -0.0019191 0.0559189  0.143348 0.0488851   1.43458 -0.068659  -9.70329  14918
             234.901 -0.859049   27.5336  -33.6643  -2.0099 -4.73891  1.30024  0.733074 -0.361323  0.749612 -0.00967033  -0.0276563   0.0363497 0.0912378 0.0824281 0.0833786  0.00586849 -0.00301741 -0.00211125 0.0559513  0.143985 0.0499622    1.43455 -0.0686732   -9.70329  14752
                 235 -1.22109  27.4884 -33.0216 -2.01496 -4.73998  1.29701 0.733461 -0.36136 0.749386 -0.00971313  -0.0275924   0.0363187 0.0795342 0.0578604 0.0604801   0.00589064  -0.00271262 -0.000463866 0.0578201  0.146208 0.0519432    1.43443 -0.0687225   -9.70331  14760
               235.1 -1.47686   27.614 -32.2834 -2.01563 -4.72726  1.30356 0.733373 -0.36183 0.750192 -0.0097161 -0.0274962  0.0362928 0.0881151 0.0793342 0.0667728  0.00600846 -0.00380768 0.000774148 0.0621117  0.146472 0.0537645    1.43425 -0.0686662   -9.70333  14754
               235.2 -1.55996   27.556 -32.1051 -2.01919 -4.72756  1.30721  0.733764 -0.362125  0.750048 -0.00973949  -0.0274654   0.0362739 0.0855386 0.0724336 0.0714794  0.00558443 -0.00384118  0.00175962 0.0642852  0.148194 0.0542727    1.43415 -0.0687059   -9.70335  14729
               235.3 -2.64998  27.1039 -30.4151  -2.0163 -4.70799  1.30863  0.733392 -0.362313  0.751677 -0.00978809   -0.027264   0.0362872  0.111692 0.0929318 0.0597578  0.00783548 -0.00397163  0.00492191 0.0715321  0.149198 0.0608745    1.43376 -0.0686142   -9.70341  14806
               235.4 -2.09835  26.8177 -28.4869 -2.03076 -4.70491  1.30045  0.734015 -0.362532  0.752075 -0.00994108  -0.0270249   0.0362949  0.081247 0.0698261 0.0394481  0.00507648 -0.00339444  0.00521995  0.080015  0.154884 0.0684843    1.43325 -0.0687087   -9.70348  14659
               235.5 -2.27835  26.7154 -26.9766 -2.03183 -4.68444  1.29988  0.732757 -0.362978  0.754923 -0.00990699  -0.0268422   0.0363373 0.0874114 0.0898363 0.0257691  0.00403894 -0.00399668  0.00793618 0.0870951  0.152349 0.0735453    1.43292 -0.0684841   -9.70353  14800
               235.6 -2.14665  26.4542 -23.1012 -2.02127 -4.67682   1.2943  0.732218 -0.362167  0.754732 -0.00989488  -0.0268971   0.0363339  0.106832 0.0728435 0.0129907  0.00303243 -0.00252837  0.00617441 0.0847045  0.151802 0.0761528    1.43294 -0.0684736   -9.70353  14573
               235.7 -2.79064  26.2132  -19.178 -2.02861 -4.67572  1.28283  0.731889 -0.361692  0.754634 -0.0100622 -0.0264357  0.0362953    0.0492809    0.0611539 -5.38362e-05  0.00277074 -0.00218233  0.00701049 0.0885605  0.155891 0.0836829    1.43259 -0.0685986   -9.70358  14823
               235.8 -3.30297  25.5794 -13.9264 -2.05705 -4.69397  1.27114  0.733716 -0.361529  0.751539 -0.0107477 -0.0253983  0.0360319  -0.0606705  0.00408496 -0.00144944 0.000346386 -0.00191407  0.00739875 0.0957392   0.16934 0.0917384   1.43205 -0.069174  -9.70365  14606
               235.9 -4.07224  25.4338 -10.3799 -2.06897 -4.68381  1.26862  0.732386 -0.361543  0.754055 -0.0105011 -0.0249501  0.0362587 -0.0816391  0.0226366 0.00539275 6.15815e-05  -0.0030433  0.00825968  0.100738  0.166342 0.0954857    1.43178 -0.0689941    -9.7037  14473
                 236 -4.44584  25.0325 -8.42964 -2.07683 -4.68203  1.26184  0.731648 -0.360783  0.754366 -0.0104821 -0.0248004  0.0363048 -0.0838723  0.0177118 -0.0058704 -0.00158347 -0.00300523   0.0112819  0.100915  0.166073 0.0991979   1.43167 -0.068982  -9.70371  14382
             236.099 -5.64262  23.6394 0.972502 -2.10458 -4.67729  1.23886 0.729914 -0.35904 0.755629 -0.0103556  -0.024254   0.036582  -0.065966  0.0353215 -0.0765517 -0.00299198 -0.00228006   0.0142921 0.104605 0.165731 0.109863   1.43123 -0.069009  -9.70378  14630
               236.2 -5.82177  22.8494  2.70592 -2.12148 -4.67098  1.21535  0.727591 -0.357255  0.757569 -0.0102485 -0.0239893  0.0368614 -0.0946288   0.050052   -0.11876  -0.00411288 -0.000270445    0.0169547 0.106563 0.162904  0.12079    1.43083 -0.0689188   -9.70384  14768
             236.299 -6.62518  22.2213  9.95782 -2.13737 -4.66381  1.19843  0.727201 -0.356992  0.758377  -0.010064 -0.0238529  0.0370221 -0.0721112  0.0651123  -0.120005 -0.00257352 0.000575314   0.0172556 0.109008 0.161875 0.124177    1.43061 -0.0689125   -9.70387  15019
             236.399 -6.63077  21.5627  15.2099 -2.14887 -4.64438    1.184  0.726149 -0.357284  0.761143 -0.00953949  -0.0240763   0.0371623 -0.0718714   0.128761  -0.150132 -0.00317356    0.002741   0.0165211 0.111773 0.155276   0.1275     1.4303 -0.0686233   -9.70392  15439
               236.5 -7.81961  21.1896  26.3261 -2.18039 -4.60464   1.1732  0.727588 -0.358485  0.764041 -0.00883992  -0.0243912   0.0373492 -0.144026  0.186656 -0.114369 -0.00180396  0.00428974   0.0127724 0.122188 0.149587 0.122564    1.42984 -0.0684709   -9.70399  15511
               236.6 -8.08705  21.7129  27.5447 -2.19328 -4.59961  1.18099  0.728123 -0.359069  0.764715 -0.00833419  -0.0243324   0.0374994  -0.173655   0.200433 -0.0922947 -0.000152653   0.00289143   0.00997583 0.128609 0.147951 0.120604    1.42956 -0.0685048   -9.70403  15725
             236.699 -9.30911  20.9651  36.2058 -2.24512 -4.56683  1.16094 0.729973 -0.35848 0.764382 -0.00794347   -0.024527   0.0376685 -0.226809  0.201049 -0.106834 0.000936273  0.00280073  0.00877359 0.134783 0.148844 0.122994   1.42927 -0.068822  -9.70407  15599
               236.8 -9.62897  21.0359   40.602   -2.283 -4.54124  1.14791  0.731522 -0.359313  0.765574 -0.0078303 -0.0250695  0.0375693 -0.262615  0.220562 -0.110973 0.00310205  0.0018762 0.00776947 0.138898 0.144407 0.125113   1.42885 -0.068832  -9.70413  15716
               236.9 -9.37363   19.843  44.0896 -2.31883 -4.52727  1.12942  0.733258 -0.359495  0.765621 -0.00765876  -0.0254378   0.0376024 -0.298853  0.215885 -0.144885 0.00405641 0.00463419 0.00672366 0.142222 0.142879 0.129635    1.42855 -0.0690368   -9.70417  15620
                 237 -9.33893  19.9765  46.9256 -2.33241 -4.52487  1.14069  0.733602 -0.358026   0.76513 -0.00741663  -0.0253722   0.0377241 -0.313812  0.204282 -0.113189 0.00608672 0.00492118 0.00145518 0.147198 0.143723 0.124239    1.42851 -0.0692003   -9.70418  15752
               237.1 -9.40325  19.3952  53.8189 -2.38815 -4.48703  1.11559  0.733451 -0.358538  0.765433 -0.00753531  -0.0254034   0.0376259 -0.247036  0.155932 -0.145964  0.00669045  0.00519606 0.000591242 0.146541 0.142078 0.123259    1.42845 -0.0690792   -9.70419  15531
               237.2 -8.98342  19.2409  54.4921 -2.39928 -4.47471  1.11884  0.734086 -0.359288  0.766064 -0.0077289 -0.0256071  0.0373386 -0.256322  0.177755 -0.127729  0.00540294  0.00585746 0.000504067 0.147636 0.137352 0.120422    1.42816 -0.0689188   -9.70423  15762
               237.3 -9.72135  19.7256  60.5949 -2.44781 -4.43068  1.10626  0.73653 -0.36159 0.766044 -0.00822473  -0.0259152    0.037061  -0.161814   0.175172 -0.0673144   0.00644949   0.00646982 -8.66658e-05 0.147788 0.127876 0.117242    1.42753 -0.0686149   -9.70433  15555
               237.4 -9.91973   19.545  61.2555 -2.45587 -4.41867  1.10285  0.737052 -0.363142  0.765777 -0.00843163  -0.0259639   0.0369802  -0.157757   0.192651 -0.0725144  0.00683196  0.00737221 4.92906e-05 0.146796 0.124421 0.117178    1.42731 -0.0684639   -9.70436  15637
               237.5 -10.5712  20.9742  64.9652 -2.47906 -4.37902   1.0995  0.739355 -0.362545  0.765938 -0.00886091  -0.0259723   0.0369055 -0.0758641   0.195857 -0.0747718   0.00676035   0.00710393 -0.000464914 0.146449 0.120731 0.112363    1.42705 -0.0682656    -9.7044  15618
               237.6 -10.8438   21.611  67.2138 -2.48131  -4.3573  1.09068 0.739119 -0.36185 0.766346 -0.00878993  -0.0259731   0.0369183  0.0124502    0.16689 -0.0689197 0.00624819 0.00884575 0.00135381   0.1466 0.121969 0.112069    1.42714 -0.0682842   -9.70439  15771
               237.7 -10.9001  22.4751   68.178 -2.48754 -4.34552  1.08903  0.741288 -0.360967    0.7665 -0.00895076   -0.026103    0.036804 0.0365249  0.143568 -0.047738 0.00655923  0.0074067 0.00259498 0.148548  0.11996 0.110947    1.42695 -0.0684047   -9.70441  15648
               237.8 -10.5408  23.2441  70.3528 -2.49579 -4.31375  1.09372  0.745209 -0.360992  0.765891 -0.00943997  -0.0258907   0.0366724  0.0375541   0.191219 -0.0043685  0.00788964  0.00595797 0.000952639 0.147205 0.113837 0.105749    1.42643 -0.0681546   -9.70449  15783
               237.9 -10.0857  22.9567  71.6829 -2.50102 -4.28998  1.09916  0.747159 -0.361265  0.765589 -0.00960902  -0.0257747   0.0365731 0.0010441  0.220183 0.0524584  0.00854166  0.00630967 2.98805e-05 0.146517 0.110622 0.103501    1.42615 -0.0680423   -9.70453  15911
                 238 -9.36386  23.2624  73.2854 -2.50865 -4.24542  1.11667  0.748362 -0.361991  0.766007 -0.00972901   -0.025401   0.0365035 -0.0982771    0.24154  0.0924314   0.00715876    0.0050334 -0.000323118  0.142777  0.107786 0.0983256    1.42587 -0.0675909   -9.70458  15856
               238.1 -9.51588  22.9091  74.3893 -2.51682 -4.21794  1.12865  0.747376 -0.361358  0.766446 -0.00964875    -0.02532   0.0365353 -0.127892  0.207174 0.0309181 0.00543503 0.00386579 0.00169408 0.141693 0.109163  0.09629    1.42598 -0.0674315   -9.70456  15653
               238.2 -10.0652  22.8351  75.0981 -2.53487 -4.19054  1.14227  0.747594 -0.360306  0.767015 -0.00966098  -0.0252195   0.0365521 -0.169512  0.238598 0.0295263 0.00502058 0.00419894 0.00134146  0.141393  0.107415 0.0915065    1.42581 -0.0672803   -9.70459  15672
               238.3 -10.8631  22.6676   75.676 -2.55111 -4.14897  1.14999  0.745466 -0.361381   0.76928 -0.00956339   -0.025005     0.03656 -0.198969  0.241086  0.013678  0.00538008  0.00578946 7.75821e-05  0.136873  0.107133 0.0880884    1.42572 -0.0667645    -9.7046  15526
               238.4 -11.544 23.0808 75.9368 -2.55574 -4.11269  1.15595  0.741859 -0.361091  0.771531 -0.00930211  -0.0249191    0.036563  -0.191828   0.253835 -0.0173304   0.00618261   0.00461462 -0.000234554  0.132815   0.11151 0.0855582    1.42603 -0.0662671   -9.70456  15403
             238.499 -11.7475  23.2975  76.1281 -2.55791 -4.07104  1.15837  0.738176 -0.361688  0.775422 -0.00907241  -0.0247367   0.0366329  -0.192009   0.309528 -0.0336492   0.00693118   0.00392124 -0.000735825  0.126605  0.114409 0.0825735    1.42617 -0.0655724   -9.70455  15659
               238.6 -11.8755  22.8549  75.7913 -2.57445 -4.01666   1.1666  0.734152 -0.361923   0.77874 -0.00890979  -0.0244855   0.0366761  -0.231961   0.377735 -0.0238909   0.00836021   0.00343673 -0.000597313  0.121638  0.114556 0.0773206     1.4261 -0.0649418   -9.70456  15631
               238.7 -11.0403  23.2283  75.4205 -2.58873  -3.9608  1.17952  0.729985 -0.362076  0.781882 -0.00875507  -0.0242119   0.0367589 -0.263346  0.493936 0.0516913  0.00814123  0.00115997 -0.00171382  0.117071   0.11538 0.0724619    1.42608 -0.0643463   -9.70457  15904
             238.799 -10.9305  23.1844  75.7801 -2.58844 -3.93569  1.18454  0.727884 -0.362177  0.783825 -0.00862608  -0.0241479   0.0368219  -0.25522  0.536744 0.0722178  0.00882324 0.000818559 -0.00332288  0.114393  0.117299 0.0710327    1.42619 -0.0640229   -9.70455  16117
             238.899 -10.3022  22.0349  74.8518 -2.61603 -3.86222  1.17204 0.730411 -0.36644 0.787158 -0.00868125  -0.0240614   0.0367078 -0.233614  0.562465 0.0325078  0.00898946  0.00212806 -0.00385033  0.109313  0.116668 0.0759239    1.42601 -0.0637259   -9.70458  16101
             238.999 -9.87506  21.6454  74.1865 -2.62728 -3.80507  1.16518 0.729698 -0.36805 0.789371 -0.00858272  -0.0240512   0.0367324  -0.186629   0.547452 -0.0117857  0.00919585  0.00257345 -0.00398059  0.106229  0.118755 0.0776383    1.42612 -0.0634555   -9.70457  16310
               239.1 -8.99485  21.2473  73.4956 -2.63914 -3.76071  1.16342  0.729708 -0.367399  0.789157 -0.00857259  -0.0241333   0.0367809   -0.140364    0.530778 -0.00398015  0.00693256  0.00378194 -0.00421098  0.107077  0.119962 0.0782935    1.42624 -0.0635379   -9.70455  16168
               239.2 -9.83226  21.7536  71.5451 -2.65399 -3.67485  1.15465  0.730828 -0.367815  0.788671 -0.00859388  -0.0241839   0.0367447 -0.0157176   0.458404 -0.0408241  0.00748587  0.00265135 -0.00422139  0.108019  0.120138 0.0807823    1.42628 -0.0637013   -9.70454  16324
               239.3 -9.38061  21.6061  71.9014 -2.65087 -3.67693  1.15011  0.731206 -0.367589  0.788445 -0.00859959  -0.0242338   0.0367275 -0.000851982       0.4418   -0.0524732  0.00672126  0.00310222 -0.00511749  0.109032  0.121183 0.0823464    1.42639 -0.0638282   -9.70453  16156
               239.4 -10.0648  21.6709  70.5119 -2.65161 -3.62962  1.14091 0.731621 -0.36868 0.788134 -0.00861913  -0.0241813   0.0367658 0.0747469  0.438753 -0.075047  0.00670831  0.00319964 -0.00378653  0.108087  0.119604 0.0825446    1.42625 -0.0637689   -9.70455  16269
             239.499 -10.5175  21.1946  69.9039 -2.62928 -3.55489  1.11907  0.731735 -0.370743  0.787282 -0.00867933  -0.0241333   0.0367527  0.176634  0.481967 -0.016939     0.008397 -7.38791e-05  -0.00333531  0.108391  0.118867 0.0862949    1.42621 -0.0639007   -9.70455  16345
               239.6 -10.0287  19.3577  69.7886 -2.61402 -3.50358  1.11684  0.732764 -0.371037  0.786626 -0.00871628  -0.0240879   0.0367833  0.202349  0.553956 0.0334323  0.00935524  0.00119453 -0.00430213  0.109364   0.11755 0.0873183    1.42611 -0.0640365   -9.70456  16360
               239.7 -9.08743  18.7253  69.1036 -2.60519 -3.45586   1.1219  0.734984 -0.369349  0.786153 -0.00875279  -0.0240251   0.0368163  0.144356  0.516563 0.0181925  0.00933741  0.00127932 -0.00519522  0.111785   0.11605 0.0870439      1.426 -0.0642891   -9.70458  16334
               239.8 -8.55289   17.994   67.603  -2.6023 -3.39868  1.13317  0.736942 -0.367571  0.785774 -0.00872231  -0.0239414   0.0368067  0.0833315   0.536091 0.00782349  0.00849198  0.00159179 -0.00500076  0.112156  0.114188 0.0842128    1.42582 -0.0642913   -9.70461  16374
               239.9 -8.0111 17.5287 66.6603 -2.59984 -3.35319  1.13714  0.736883 -0.368732  0.785664 -0.00868396  -0.0238209   0.0367488   0.061154   0.557391 -0.0067664  0.00699855  0.00294578 -0.00463305  0.109642  0.112782 0.0824532    1.42568 -0.0640235   -9.70463  16506
                 240 -8.23882  17.2873  64.8085 -2.60483 -3.27526  1.14063  0.738639 -0.367482  0.784535 -0.00872843  -0.0237566   0.0367658  0.0190002   0.512818 -0.0555669  0.00640268  0.00303106 -0.00424231  0.110103   0.11003 0.0801663    1.42546 -0.0640446   -9.70466  16505
               240.1 -8.61809  17.5342   63.331 -2.61909  -3.2254  1.12914  0.740953 -0.368405  0.782073 -0.00880557  -0.0237012   0.0367766 -0.0345922   0.516275  -0.104884  0.00670167  0.00275531 -0.00475893   0.11131  0.106412 0.0808361    1.42517 -0.0641882    -9.7047  16544
               240.2 -8.48184  17.1349  62.2133 -2.62949 -3.18124   1.1161  0.741911 -0.368802   0.78085 -0.00883136  -0.0236852   0.0367654 -0.0751689   0.497379  -0.120783 0.00643328 0.00312906 -0.0056639  0.112269  0.105208 0.0814933    1.42508 -0.0642927   -9.70471  16660
               240.3 -8.68291  17.4223  61.9862 -2.63041 -3.17137  1.10772  0.742232 -0.370098  0.780881 -0.00881124  -0.0236705   0.0367748 -0.0809921   0.496483  -0.134651  0.00694214  0.00234699 -0.00601834  0.111925  0.105218 0.0828964    1.42508 -0.0642858   -9.70472  16671
               240.4 -8.78253  16.6581   58.317 -2.64428 -3.06834  1.09809  0.741231 -0.368568   0.78151 -0.00878877  -0.0236995   0.0367606  -0.0735391    0.569048 0.000125735  0.00783965  0.00022201 -0.00556537  0.112078  0.106392 0.0816278    1.42517 -0.0642815    -9.7047  16614
               240.5 -8.11677  15.7866  57.5541 -2.63898 -3.03422  1.10038  0.739858 -0.366706   0.78243 -0.00877174  -0.0237646   0.0367434 -0.0262844    0.49935 -0.0243919  0.00753864  0.00131308 -0.00533368  0.113471   0.10968 0.0816708    1.42543 -0.0644264   -9.70466  16833
               240.6 -7.93058  14.7479  56.0149 -2.63458 -2.97407  1.09067  0.739342 -0.368944  0.783917 -0.00875193   -0.023765   0.0367139  0.0176239   0.464973 -0.0524482 0.00770849 0.00289863 -0.0041648  0.111052  0.109903 0.0824072    1.42545 -0.0642105   -9.70466  16799
               240.7 -7.33142  15.0373  54.5457 -2.62913 -2.92611  1.09191  0.738523 -0.367835  0.784357 -0.00874362  -0.0237496   0.0367266   0.059328   0.408596 -0.0535907  0.00666399  0.00331456 -0.00378424  0.110243  0.109863 0.0806282    1.42546 -0.0641147   -9.70466  16834
               240.8 -7.15925  15.2335  53.4625 -2.63461 -2.87852  1.10338  0.739026 -0.364254    0.7828 -0.00872901  -0.0236702    0.036728  0.0363556   0.394597 -0.0491408 0.00682478 0.00305229 -0.0036668  0.110664  0.106983 0.0761697    1.42528 -0.0640678   -9.70469  16895
               240.9 -7.62352  15.0931  52.6009 -2.63355 -2.82647  1.10018   0.73914 -0.364706  0.782103 -0.00865744  -0.0237036   0.0368215  0.0552118   0.422164 -0.0711129  0.00642884  0.00311129 -0.00317815  0.108845  0.104888 0.0748868    1.42517 -0.0638638   -9.70471  17021
                 241 -7.40547  15.4722  52.8078 -2.61891 -2.77907   1.1104 0.737991 -0.36128 0.783343 -0.00870692  -0.0237727    0.036832   0.125079   0.411664 -0.0230779  0.00534659  0.00262846 -0.00261148  0.107914  0.105811 0.0711194    1.42527 -0.0637646   -9.70469  17033
               241.1 -7.50366  15.7135  52.4707 -2.59182  -2.7309  1.10863 0.736671 -0.36207 0.784631 -0.0087507 -0.0239134   0.036846  0.194646  0.412498 0.0102211  0.00544615 0.000719216 -0.00126972  0.105993  0.107264 0.0711965    1.42541 -0.0636303   -9.70467  17114
               241.2 -7.81673  16.2191  52.5969  -2.5895 -2.72441  1.11411  0.736534 -0.361011  0.784689 -0.0087436 -0.0239115  0.0368529  0.201456  0.430476 0.0393779   0.00604162 -0.000407248  -0.00156776  0.105955  0.107223 0.0701075   1.42541 -0.063617  -9.70467  17064
               241.3 -7.2595 14.9972 52.5209 -2.55809 -2.63493  1.13742  0.738368 -0.359374  0.783067 -0.00860068  -0.0238435    0.036906 0.195623 0.491087 0.114253   0.00631828 -0.000395998  -0.00194114  0.106359  0.104933 0.0684248    1.42525 -0.0635952   -9.70469  17098
               241.4 -7.70667  13.9411  52.9243 -2.52799 -2.58361  1.16323  0.736263 -0.355537  0.785643 -0.00860585  -0.0240018   0.0368377  0.184917  0.508933 0.0948463  0.00718877 0.000313018  -0.0023674  0.104916  0.107364 0.0647272    1.42546 -0.0635071   -9.70466  17099
               241.5 -7.73065  14.4078  52.6374 -2.50395 -2.50584  1.18319  0.735495 -0.354876  0.785938 -0.00847751  -0.0241452   0.0368846  0.152808  0.549024 0.0942429 0.00568159 0.00115003 -0.0018535 0.101389 0.106085 0.061566    1.42549 -0.0631679   -9.70466  16891
               241.6 -7.82378  14.3028  52.7829 -2.49337   -2.468  1.18107  0.735707 -0.357405  0.785801 -0.00845951   -0.024161   0.0368874  0.125836  0.508623 0.0534927  0.00516902   0.0018274 -0.00210959  0.100521  0.105656 0.0630931    1.42547 -0.0630915   -9.70467  16934
               241.7 -8.72167  14.6786  52.4348 -2.48246 -2.40186  1.17908  0.736605 -0.359042  0.785011 -0.00844425  -0.0241066   0.0369145  0.0828582   0.479516 -0.0088299  0.00564412  0.00157649 -0.00281904  0.100661  0.104712 0.0644516     1.4254 -0.0630876   -9.70468  16743
               241.8 -9.47169  14.8218   51.933 -2.47965 -2.35124  1.18131  0.736505 -0.358659  0.784508 -0.00843169  -0.0241075   0.0369978  0.0493205   0.507018 -0.0330514  0.00663628  0.00161872 -0.00339129  0.099693  0.103117 0.0631278   1.42533 -0.062962  -9.70469  16915
               241.9 -9.52217  14.6481  50.5402 -2.47125 -2.28735  1.18022  0.735615 -0.358405  0.785319 -0.00840946  -0.0240708   0.0370367  0.0320121   0.542654 -0.0187298  0.00647043  0.00182719 -0.00279671 0.0978858    0.1029 0.0619937    1.42537 -0.0628084   -9.70468  16727
                 242 -9.59745  15.1241  49.3786 -2.45854 -2.22445  1.17264  0.735344 -0.361242   0.78671 -0.00836218  -0.0239431   0.0371344 0.0566163  0.609022 0.0130277  0.00706318  0.00110865 -0.00277079 0.0948423  0.102825 0.0633571    1.42543 -0.0625796   -9.70468  16948
               242.1 -9.36128   15.871  49.1023 -2.44622 -2.16152  1.18493  0.734036 -0.358992  0.787678 -0.00835784  -0.0239794   0.0371434 0.0789906  0.605743 0.0656707  0.00767876  0.00104082 -0.00360058 0.0950016  0.104357  0.061727    1.42553 -0.0626214   -9.70466  16886
               242.2  -8.759 16.2587 48.1892 -2.43987  -2.1066   1.1853  0.734488 -0.359816  0.787483 -0.0083517 -0.0240088  0.0371303 0.0717472  0.553451   0.01987  0.00762877  0.00123512 -0.00248063 0.0954425  0.104424 0.0628077    1.42552 -0.0626646   -9.70466  16928
               242.3 -8.41239  16.8226  47.3941 -2.42778 -2.05525  1.18567   0.73401 -0.359569  0.788081 -0.00833768  -0.0240304   0.0371646    0.106036    0.540922 -0.00718324  0.00702621  0.00107973 -0.00209245 0.0953406  0.105388   0.06281    1.42558 -0.0626836   -9.70465  16922
               242.4  -8.369 18.1695 47.0819 -2.41591 -2.00792  1.18193  0.734122 -0.360196  0.788076 -0.00831979  -0.0240494   0.0371613     0.135642     0.488152 -0.000183615  0.00641581  0.00127659 -0.00284481  0.095498  0.105561 0.0636201    1.42558 -0.0627069   -9.70465  17087
               242.5 -8.40096  18.6238  46.2427 -2.40437 -1.96414  1.18231  0.734541 -0.359743  0.787986 -0.00833728   -0.024047   0.0371219    0.151667    0.399749 -0.00757517  0.00616122   0.0012865 -0.00272448 0.0965998  0.105589  0.063734    1.42554 -0.0627875   -9.70466  16950
               242.6 -9.07917  18.8959  45.2005 -2.39591 -1.94633  1.17905  0.735526 -0.358746  0.788471 -0.00839083  -0.0240831   0.0370272   0.184562   0.313352 -0.0143131  0.00654222  0.00116011 -0.00248264  0.100526  0.106927 0.0651758    1.42548 -0.0631163   -9.70466  17084
               242.7 -8.99035  19.3074  45.0487 -2.37328 -1.91202  1.18058  0.735549 -0.358478  0.788419 -0.00837227  -0.0240879   0.0370389    0.25446   0.284595 -0.0172636  0.00630644  0.00112921 -0.00249573  0.099826  0.106688 0.0643017   1.42549 -0.063049  -9.70466  17073
               242.8 -8.93804  19.2114  44.7591 -2.34575 -1.87673  1.17458   0.73485 -0.359608  0.787505 -0.00833902  -0.0240861   0.0370282   0.302544   0.281154 -0.0170819 0.00699769 0.00125078 -0.0024439 0.0982921  0.105299 0.0647785    1.42547 -0.0629151   -9.70467  17127
               242.9 -8.4461 18.9922 44.0919 -2.31921 -1.84953  1.18084  0.735735 -0.358865  0.788116 -0.00835192  -0.0240661   0.0370602  0.333194  0.315121 0.0776128   0.0071513 0.000410606 -0.00273805 0.0997384  0.105201 0.0643303    1.42541 -0.0629902   -9.70468  17199
                 243 -8.04563  18.4755  43.5223 -2.28561 -1.82439  1.18921  0.735653 -0.358556  0.788557 -0.00839419  -0.0240857    0.037104 0.336808 0.347703 0.111788  0.00778753 0.000150818 -0.00400132 0.100699 0.106108 0.064918    1.42542 -0.0630922   -9.70467  17251
               243.1 -7.59716  18.1267  42.8389 -2.25418 -1.78972  1.19517  0.735337 -0.359106  0.788363 -0.00842497  -0.0240928   0.0370878  0.290254  0.343548 0.0750504  0.00747328 -0.00010397  -0.0052367  0.100554  0.105817 0.0657058    1.42541 -0.0630881   -9.70467  17215
               243.2 -7.37325  17.1627  41.1507 -2.22283 -1.75675  1.19891  0.734794 -0.359256  0.788241 -0.00840885  -0.0240985   0.0370758  0.263989  0.367346 0.0298468  0.00673255 0.000262378 -0.00423242  0.100072  0.106466 0.0658843    1.42546 -0.0630906   -9.70467  17152
               243.3 -7.29783  17.5382  39.5654 -2.19222 -1.70783  1.19656  0.734464 -0.360093  0.788166 -0.00843267  -0.0240478    0.037047    0.232935    0.405885 -0.00840488  0.00587888 0.000414464 -0.00401498 0.0987641  0.105829 0.0663553  1.42548   -0.063 -9.70467  17020
               243.4 -7.46238  17.8117  39.0045 -2.17067 -1.66191   1.1975  0.734186 -0.360237  0.788332 -0.00841118  -0.0240161   0.0370614  0.199151  0.422811 -0.043777  0.00594159 8.88508e-05 -0.00473207 0.0977399  0.105051 0.0654022    1.42549 -0.0628874   -9.70466  17039
             243.499 -7.69583  17.7813  37.1233 -2.14087 -1.61998  1.19408 0.733404 -0.36003 0.788741 -0.00835251  -0.0239795   0.0370715    0.20905   0.445101 -0.0718897    0.0060148 -0.000420909  -0.00426338 0.0960885  0.106054 0.0647386    1.42561 -0.0628297   -9.70465  17147
               243.6 -7.51814  17.5709   36.794 -2.13356 -1.61357   1.1879  0.733525 -0.360211  0.788833 -0.00834638  -0.0239782   0.0370662   0.215789   0.439019 -0.0872875   0.00585927 -0.000245315  -0.00431555 0.0957195  0.106549  0.065521   1.42564 -0.062849  -9.70464  16913
               243.7 -5.95811  17.0944  31.2184 -2.08611 -1.51656  1.19387  0.731446 -0.359405  0.788772 -0.00831812  -0.0238196   0.0370721  0.260781  0.500556 0.0549532   0.00737264 -0.000799282  -0.00464216 0.0951821  0.106204 0.0621738    1.42571 -0.0627449   -9.70463  17028
               243.8 -4.16477  16.3606  28.5201 -2.06174 -1.46903  1.19637  0.731955 -0.359658  0.788907 -0.00834206   -0.023867   0.0370605  0.253725  0.478757 0.0526492   0.00775245 -0.000149714  -0.00576879 0.0951395  0.106169 0.0629421     1.4257 -0.0627514   -9.70463  17113
               243.9 -3.88006   16.109  25.6703 -2.03431 -1.43057  1.19599 0.732256 -0.35949 0.788787 -0.00827709  -0.0239147   0.0371065   0.281636   0.434174 -0.0028702  0.00867656 7.19318e-05 -0.00654093 0.0954245  0.107193 0.0636138    1.42571 -0.0628304   -9.70463  17141
                 244 -3.65568  16.2031  25.6554 -2.03249 -1.42818  1.20002  0.731981 -0.359135  0.788445 -0.00825072  -0.0239227   0.0371262   0.282307   0.423726 0.00652378  0.00852545 8.29261e-05 -0.00723177 0.0961092  0.107446 0.0630431     1.4257 -0.0628674   -9.70463  17070
               244.1 -3.41287  17.6291  18.9474 -1.96646 -1.35779  1.20725  0.731215 -0.358653  0.788412  -0.008271 -0.0238767  0.0371438  0.338824  0.287641 0.0101331    0.0075894 -0.000486314  -0.00782252 0.0956656  0.107892 0.0617423    1.42577 -0.0628683   -9.70462  17070
               244.2 -3.54111  17.6815  16.6469 -1.93403  -1.3233  1.21807  0.730561 -0.358336    0.7884 -0.00837599  -0.0238967   0.0371616  0.368616  0.242608 0.0124438   0.00723566 -0.000594521  -0.00801263 0.0954544   0.10649   0.05963     1.4258 -0.0627506   -9.70462  17094
               244.3 -4.00751  17.7282  15.8296  -1.9009 -1.30643  1.21852  0.730789 -0.358329  0.788493 -0.00837891  -0.0238572   0.0371346    0.388979    0.153255 -0.00150105   0.00759898 -0.000911633  -0.00848396 0.0963443  0.106672 0.0598533    1.42574 -0.0627833   -9.70463  17078
               244.4 -3.83209  18.2057  15.2322 -1.86624 -1.29293  1.22427  0.731023 -0.358351  0.788742 -0.00836662  -0.0237887   0.0371331 0.447296 0.125601 0.100944  0.00736314 -0.00247691 -0.00830788 0.0973033  0.106275 0.0598535    1.42567 -0.0627684   -9.70464  17001
               244.5 -3.96331  17.9967  13.5188 -1.81161 -1.28156  1.23774   0.73091 -0.358366  0.788635  -0.008403 -0.0237971  0.0371043 0.467375 0.133934  0.13095  0.00774198 -0.00190018  -0.0071638 0.0970447  0.106855 0.0599477    1.42569 -0.0628105   -9.70464  16945
               244.6 -3.86296  18.0955  12.0306 -1.76139 -1.26102  1.23998  0.730553 -0.358863   0.78802 -0.00836585  -0.0238929   0.0371258  0.413982  0.146064 0.0565041  0.00715683 -0.00201886 -0.00596047 0.0953097  0.106122 0.0606094   1.42579 -0.062756  -9.70462  17060
               244.7 -3.25677  17.7799  10.6697 -1.71786 -1.24071  1.24584  0.730557 -0.358805  0.787939 -0.00833202  -0.0239361   0.0371239  0.394859  0.176589 0.0434604     0.00595 -0.00154652 -0.00544958 0.0947205  0.105574 0.0601623    1.42585 -0.0627132   -9.70461  16895
               244.8 -4.07513  17.8766  9.10353 -1.68499  -1.2224    1.254  0.730547 -0.358712  0.787915 -0.00831634   -0.023983   0.0371335  0.373931  0.212139 0.0462428  0.00644158 -0.00148768 -0.00478957 0.0943244  0.105235 0.0592363     1.4259 -0.0626862    -9.7046  16759
               244.9 -4.98008  17.8448  7.89888 -1.65741 -1.20301  1.25536  0.730581 -0.358758  0.787993 -0.00831346   -0.023956    0.037139  0.352802  0.249606 0.0238906  0.00724208 -0.00136402 -0.00453465 0.0945481  0.105126  0.059591    1.42588 -0.0626751   -9.70461  16837
                 245 -4.57093  17.9368  5.37412  -1.6041 -1.16785  1.25911  0.730749 -0.358696  0.787648 -0.00833572  -0.0239657   0.0371178  0.355237  0.332191 0.0134286 0.00685887 -0.0014497 -0.0045033 0.0943852   0.10609 0.0593395    1.42588 -0.0627574   -9.70461  16620
               245.1 -4.73566  17.8696  2.83115 -1.57279 -1.14804  1.25784  0.731648 -0.358683   0.78701 -0.00833199  -0.0239668   0.0371004    0.366244    0.355647 -0.00349977  0.00742404 -0.00202782 -0.00409193 0.0951428  0.108189 0.0600828    1.42576 -0.0629102   -9.70462  16620
               245.2 -3.2218 17.2921 1.06758 -1.53434 -1.11492  1.25629  0.732107 -0.358689  0.786852 -0.00834137  -0.0239862   0.0371202   0.428244   0.393236 0.00515163  0.00726295 -0.00139685 -0.00504545 0.0954266  0.108925 0.0605053   1.42571 -0.062959  -9.70463  16562
               245.3 -2.66471  17.0308 -0.63627 -1.50418 -1.09254  1.25276  0.733258 -0.358777   0.78657 -0.00836172  -0.0240314   0.0371918   0.446403   0.399125 -0.0096827   0.00818692 -0.000876872  -0.00608313 0.0965198  0.110782 0.0615976    1.42555 -0.0630676   -9.70465  16614
               245.4 -3.07462  17.8024 -3.06147 -1.47004 -1.06549  1.24808  0.734056 -0.358978  0.786426 -0.0083331  -0.024062  0.0371884  0.413325  0.356244 -0.044348   0.00899871 -0.000348977  -0.00567861 0.0976584  0.112274 0.0624275     1.4254 -0.0631411   -9.70468  16670
               245.5 -3.39786  18.6726 -5.08775 -1.44053 -1.04362  1.23276  0.735477 -0.359259  0.786643 -0.00827976  -0.0240751   0.0371482  0.331814  0.279672 -0.102353   0.00920299 -0.000127187  -0.00542924 0.0984736  0.113915 0.0641968    1.42523 -0.0632147    -9.7047  16542
             245.601 -3.26745  19.0381 -6.62912 -1.42177 -1.02149  1.20981   0.73639 -0.359637   0.78704 -0.00824459  -0.0240673    0.037104  0.233971  0.207267 -0.151202   0.00863883 -8.14479e-05  -0.00605516 0.0994597  0.114572 0.0662739    1.42506 -0.0631924   -9.70472  16310
               245.7 -3.93764  19.0096 -8.32059 -1.38856 -1.00817  1.19311   0.73674 -0.359075  0.786646 -0.00824739  -0.0240881   0.0371271  0.238427   0.15734 -0.209317   0.00854038 -0.000183071  -0.00555043 0.0980406   0.11499 0.0658993    1.42515 -0.0632964   -9.70471  16327
               245.8 -4.03676  19.0092 -8.30018 -1.38325 -1.01309  1.18852  0.737628 -0.359326  0.786505 -0.00828729  -0.0240964   0.0370787  0.221052  0.118086 -0.228222   0.00843563 -0.000102201  -0.00603738 0.0985807  0.116468 0.0655795    1.42506 -0.0633945   -9.70472  16431
               245.9 -4.92082  19.0887 -9.54902 -1.36104  -1.0211  1.17099  0.739663 -0.359195  0.785891 -0.00833439   -0.024161   0.0369882  0.200946 0.0445607 -0.277851   0.00869814 -0.000285169  -0.00530404 0.0981823  0.118763  0.064912      1.425 -0.0636057   -9.70473  16297
                 246 -5.38102  16.7509 -10.2928 -1.34839  -1.0083  1.10398  0.739397 -0.360759  0.787136 -0.00837403  -0.0240528    0.037062  0.094249 0.0893582 -0.483866   0.0084274 0.000170343 -0.00496805  0.100143  0.118935 0.0651839    1.42485 -0.0634977   -9.70475  16542
               246.1 -5.91922  14.4641 -10.9002  -1.34912 -0.995152   1.05545  0.741163 -0.362594  0.788192 -0.00825012  -0.0240604   0.0371581 0.0265946  0.149482 -0.581274  0.00873946  0.00152075 -0.00417967  0.101978  0.119679 0.0635655    1.42476 -0.0634565   -9.70477  16801
               246.2 -6.18162  14.7517 -11.4574  -1.35293 -0.979511   1.02568 0.743782 -0.36502 0.789488 -0.00808926    -0.02409   0.0372297 -0.000771108     0.199947     -0.61314  0.00873865 0.000422953 -0.00356945 0.104252  0.12032 0.060685    1.42471 -0.0633933   -9.70478  16870
               246.3 -6.75805  13.4756 -11.1203   -1.3425 -0.962742  0.961445  0.746712 -0.363474  0.788658 -0.00804995  -0.0242343   0.0371577 -0.0261459   0.270585  -0.671524  0.00923827 0.000741661 -0.00385373  0.102872  0.121494 0.0593205    1.42478 -0.0635797   -9.70476  16935
               246.4 -6.70607   14.021 -11.5752  -1.33549 -0.955957  0.897392  0.751462 -0.361942  0.788081 -0.0081544 -0.0243502  0.0371452 -0.0389436   0.270803  -0.665384   0.00838248 -0.000927363  -0.00318156  0.101484  0.124322 0.0587414    1.42472 -0.0638723   -9.70477  16955
               246.5 -7.32521  13.4899 -12.2006  -1.32261 -0.934335  0.842265  0.753638 -0.359813  0.786881 -0.00812276  -0.0244446   0.0371818 -0.0481267   0.312277  -0.600865  0.00906501 -0.00107733 -0.00255899 0.0994574  0.124722 0.0570187    1.42488 -0.0640606   -9.70475  16863
               246.6 -7.44901  12.9891 -13.2364   -1.3108 -0.915737  0.786843 0.754959 -0.35759 0.785063 -0.00810448  -0.0244597   0.0372188 -0.0295889   0.342485  -0.539599  0.00900014 -0.00140905 -0.00188351 0.0967718  0.125395 0.0569996      1.425 -0.0643098   -9.70473  16800
               246.7 -7.95621  12.9814 -13.6656   -1.2984 -0.894396  0.727768  0.755029 -0.355965  0.782503 -0.00807262  -0.0244835   0.0372921 -0.0311728   0.379431  -0.454243  0.00968035 -0.00174449 -0.00214953 0.0936603  0.125977 0.0581827    1.42511 -0.0645928   -9.70471  16838
               246.8 -7.47039  12.5312  -14.166  -1.30318 -0.868542  0.675408   0.75362 -0.356257  0.781693 -0.00806284    -0.02458   0.0373346 -0.0206276   0.398565  -0.358215  0.00925766 -0.00210792 -0.00206184 0.0929803  0.127788 0.0601346    1.42495 -0.0647744   -9.70473  16897
               246.9 -6.90672  12.0774 -15.0974  -1.26872 -0.859339  0.648756  0.752616 -0.358117  0.776441 -0.00798689  -0.0245306   0.0376963  0.149045  0.396849 -0.281096  0.00916883 -0.00236114 -0.00172184 0.0885282  0.130395 0.0588411    1.42506 -0.0654221   -9.70471  16979
                 247 -7.08418  12.5081 -15.5003  -1.22642 -0.859313  0.619998  0.746387 -0.362632  0.772178 -0.00791937  -0.0246301    0.037963  0.247385  0.366384 -0.225015  0.00894307 -0.00173428 -0.00213919 0.0847064  0.133916  0.059698    1.42496 -0.0661033   -9.70472  17116
               247.1 -7.46433  12.7153 -16.2619  -1.18556 -0.859144  0.589776   0.73741 -0.368015  0.770102 -0.00783164  -0.0247302   0.0381023  0.294401  0.290614 -0.229849  0.00805708 -0.00157298 -0.00148502 0.0821097  0.137769 0.0611642    1.42471 -0.0667016   -9.70475  17027
               247.2 -8.36238  13.6217 -16.5806  -1.15118 -0.870864  0.565077  0.729078 -0.372331  0.770099 -0.00781572  -0.0248239   0.0380781  0.319069  0.233935 -0.271543  0.00870831 -0.00180525 -0.00184407 0.0803222  0.141844 0.0620567     1.4244 -0.0672169   -9.70479  17060
               247.3 -8.86147  14.1192 -16.8235  -1.10863 -0.872935  0.541743  0.724781 -0.375288  0.769369 -0.00786133   -0.024923   0.0381167  0.289842   0.23257 -0.259632   0.00842547 -0.000779731  -0.00234833 0.0781299  0.144662 0.0617706    1.42429 -0.0676625   -9.70481  17075
               247.4 -9.05476  14.9167 -16.6826  -1.07937 -0.873017  0.535362  0.723731 -0.374934  0.770961 -0.00807124  -0.0250329   0.0380978  0.205282  0.234713 -0.212342   0.00828804 -0.000726518  -0.00326408 0.0768966  0.148462 0.0595344     1.4241 -0.0680351   -9.70483  16910
               247.5 -9.48246  16.2249 -17.0507  -1.05676 -0.863338  0.507328  0.720537 -0.376801  0.770655 -0.00809032  -0.0250944   0.0381068  0.198396  0.245755 -0.207626  0.00809457 -0.00146758 -0.00368373 0.0761209  0.150435 0.0604183    1.42394 -0.0682702   -9.70486  16954
               247.6 -9.74377  16.6396 -16.8957  -1.04149 -0.872187  0.498482  0.718578 -0.377656  0.771152 -0.00824545  -0.0252031   0.0380809   0.16661  0.207223 -0.168395   0.00802682 -0.000928245  -0.00426435 0.0751237  0.154369 0.0598813    1.42367 -0.0686454   -9.70489  16974
               247.7 -9.68115   16.834 -17.1505  -1.04924 -0.888846  0.502111  0.717258 -0.377534  0.773871 -0.00835885  -0.0252423   0.0380071  0.121828  0.165118 -0.146027   0.00782786 -0.000852489  -0.00410403 0.0758283  0.157986 0.0595474    1.42331 -0.0688076   -9.70494  16831
               247.8 -9.61256  17.3704 -17.1913  -1.04323 -0.886172  0.501726  0.718666 -0.377183  0.774529 -0.00850505  -0.0253477   0.0380799 -0.0357476   0.173359 -0.0295611  0.00708764 0.000384753 -0.00470076 0.0754657  0.163328 0.0576488    1.42295 -0.0691981   -9.70499  16814
               247.9 -10.2037  17.4086 -17.5812  -1.0641 -0.88951 0.509874  0.717763 -0.377551  0.773794 -0.00854311   -0.025417   0.0380835 -0.238169  0.135514 0.0962857  0.00717768 0.000148296 -0.00431653 0.0755398  0.166556 0.0575511    1.42267 -0.0694275   -9.70503  16697
                 248 -10.2659  17.0614  -17.359 -1.08644 -0.90035 0.526071  0.718031 -0.378053   0.77217 -0.00856518  -0.0254745    0.038092   -0.3439 0.0906613  0.176222   0.00787068 -0.000751222  -0.00494428 0.0754374  0.169198 0.0569652    1.42247 -0.0696425   -9.70506  16793
               248.1 -8.29076  16.0556  -17.934  -1.12095 -0.921796  0.545685  0.716024 -0.378946  0.765525 -0.00851781  -0.0255398   0.0383149   -0.3947 0.0438327  0.222152  0.00667075 -0.00274106 -0.00469353 0.0741867  0.172228 0.0570542    1.42225 -0.0700577   -9.70509  16867
               248.2 -8.51002  15.2529 -18.0889  -1.13594 -0.937866   0.55959  0.715527 -0.379681   0.76066 -0.00844554   -0.025565   0.0383621   -0.385783 0.000749925    0.243324  0.00719576 -0.00328289  -0.0048268 0.0732204  0.174011 0.0567244    1.42216 -0.0703356    -9.7051  16948
               248.3  -8.1657  12.2709 -19.2586  -1.16365 -0.958007  0.591006 0.715486 -0.38103 0.752225 -0.00823085  -0.0254385   0.0381104  -0.381517 -0.0731913   0.270733  0.00733796 -0.00348115 -0.00486573 0.0709092  0.175224 0.0560196     1.4222 -0.0707509   -9.70509  17119
               248.4 -5.69639   8.8265 -20.1812  -1.20374 -0.995606  0.647417  0.721708 -0.382491  0.746065 -0.00774031  -0.0252139   0.0379905 -0.225129 -0.173827   0.17999  0.00795202 -0.00454733  -0.0047475 0.0691203  0.177823 0.0534859   1.42222 -0.071166  -9.70509  17399
               248.5 -5.85874  7.70915 -20.5791 -1.19642 -1.00765 0.657629   0.72376 -0.383208  0.741676 -0.00754315  -0.0250757     0.03777 -0.174232 -0.181516  0.165778   0.0086755 -0.00372659 -0.00434912 0.0676591  0.178318 0.0525134    1.42231 -0.0713936   -9.70507  17256
               248.6 -3.15219  4.90672 -22.1576 -1.20923 -1.04435 0.679517 0.725016 -0.38303 0.739712 -0.00745433  -0.0250174   0.0377236 -0.0333038  -0.151306  0.0599311  0.00875452 -0.00237114 -0.00433082 0.0665984   0.17894  0.052008    1.42233 -0.0715555   -9.70507  17531
               248.7 -2.91795  5.01213 -22.3118 -1.21513 -1.05527 0.685888  0.726985 -0.382329  0.741888 -0.00736051  -0.0250225   0.0378362 -0.0403035  -0.174065   0.066652   0.0086286 -0.00253654 -0.00426283 0.0667988  0.180787 0.0514649    1.42219 -0.0716159   -9.70509  17454
               248.8 -1.49291   4.0664 -23.1111 -1.21432 -1.07733  0.68679  0.725558 -0.383484  0.741197 -0.00736682  -0.0250611   0.0378563 0.0313741 -0.165364 0.0373136  0.00884538 -0.00121863 -0.00423824 0.0664011   0.18099 0.0521008   1.42216 -0.071687  -9.70509  17702
               248.9  1.57171  4.60891 -25.3538 -1.21598  -1.1015  0.67875  0.721943 -0.387888   0.74329 -0.00729314  -0.0251963    0.037802   0.0463664  -0.0270978 -0.00920491  0.00925548 -0.00120712 -0.00461286 0.0677955  0.181344 0.0541593    1.42199 -0.0715771   -9.70512  17758
                 249  2.71816  3.95671 -27.1415 -1.22396 -1.11815 0.669957   0.72074 -0.391003  0.751564 -0.00712679  -0.0252976   0.0377902  0.0429188  0.0317321 -0.0320861   0.00908721 -0.000961322  -0.00503516 0.0685668  0.184541 0.0555033    1.42161 -0.0716065   -9.70517  17815
               249.1  3.68057  4.05983 -29.0373 -1.21361 -1.13468 0.666108  0.721407 -0.391594  0.758742 -0.00698262  -0.0252528   0.0379144  0.0750591  0.0653622 -0.0223386  0.00885378 -0.00114612 -0.00475471 0.0667879   0.18753   0.05551    1.42141 -0.0718861    -9.7052  17937
               249.2  4.03473  3.96332 -29.1099 -1.21935  -1.1374 0.673494 0.722059 -0.38883 0.761738 -0.00698329  -0.0252536   0.0378617   0.0566136   0.0658041 -0.00706541 0.00853984 -0.0010044 -0.0048466 0.0669645  0.188623 0.0545459     1.4213 -0.0718743   -9.70522  17920
               249.3  4.79659  4.86787 -30.3273 -1.21787 -1.10237 0.674532  0.721675 -0.388049  0.759405 -0.00698743  -0.0252264   0.0378013 -0.0189429   0.240491 0.00450129   0.00774277 -0.000726524  -0.00449225 0.0679231  0.187941 0.0544548    1.42131 -0.0717509   -9.70522  17986
               249.4  5.33256  4.75462 -30.4935 -1.21912 -1.09792 0.680912  0.720733 -0.386323  0.767444 -0.00710635  -0.0253258   0.0377322 -0.0512265   0.253712  0.0180796   0.00754478 -0.000597067  -0.00445775 0.0662913  0.190471 0.0534215    1.42111 -0.0719782   -9.70524  17859
               249.5  5.16137  5.23877 -30.6136 -1.21864  -1.1046 0.680626 0.720552 -0.38698 0.771368 -0.0071475 -0.0253638   0.037698 -0.0501782   0.237151  0.0190411  0.00780398 -0.00111416 -0.00427734 0.0656859  0.191795 0.0534332      1.421 -0.0720802   -9.70526  17859
               249.6  6.57356  5.89301 -30.6488 -1.23091 -1.07657 0.679772   0.72076 -0.389852  0.780843 -0.00727317  -0.0254947   0.0376708  -0.117068   0.279106 0.00330663   0.0067513 -0.00187332 -0.00469438 0.0641547  0.194992 0.0538668    1.42074 -0.0723379    -9.7053  17910
               249.7  6.94645  5.86816 -31.1435 -1.23008 -1.07449 0.672771  0.722182 -0.393669  0.791371 -0.00733999  -0.0256874   0.0376461 -0.0838683   0.233045 -0.0364508  0.00651356 -0.00230354 -0.00478865 0.0613476  0.198078 0.0544083    1.42058 -0.0727386   -9.70532  17973
               249.8  6.57055  5.99189 -31.3142 -1.23278 -1.08431 0.665619  0.721894 -0.395717  0.802641 -0.00745365  -0.0258581   0.0374632 -0.0611285    0.15309 -0.0657217  0.00704513 -0.00270539 -0.00500236 0.0590579  0.201845 0.0543417    1.42026 -0.0730933   -9.70536  17907
               249.9  6.63671  6.04528 -31.6102 -1.23264 -1.08639 0.664561 0.720236  -0.3941 0.808258 -0.00748789  -0.0260001   0.0373844 -0.0386008   0.123888 -0.0690467  0.00717292 -0.00276368 -0.00504725 0.0571421  0.203303 0.0531738    1.42014 -0.0733428   -9.70537  17956
                 250  6.50503  5.65961 -32.1669 -1.23792 -1.10048  0.66365  0.717608 -0.391851  0.817911 -0.00748384  -0.0261597   0.0371938 -0.0396033  0.0864059 -0.0736291  0.00718196 -0.00247098  -0.0047372 0.0551369  0.206548 0.0516749   1.41979 -0.073635  -9.70542  17966
               250.1  7.19217  5.99785 -32.8935 -1.24403 -1.10442 0.662613   0.71532 -0.389196  0.822236 -0.00744881  -0.0262139   0.0371736 -0.0478588  0.0663999 -0.0704967  0.00623028 -0.00303149 -0.00402408 0.0540805  0.207915 0.0503579    1.41962 -0.0737794   -9.70545  17957
               250.2  6.83049  5.42338 -33.2436 -1.24693 -1.11787 0.657329  0.714556 -0.388452   0.82994 -0.00740261  -0.0262859   0.0370628 -0.0385874  0.0146145 -0.0654002  0.00621266 -0.00267468 -0.00398406  0.052332  0.210448 0.0496309    1.41937 -0.0740269   -9.70548  17925
               250.3  6.68099  5.76223 -33.4818  -1.2487  -1.1348 0.662143  0.711503 -0.384191  0.836322 -0.00734386  -0.0263911   0.0370034 -0.0467751 -0.0217532 -0.0442388  0.00635311 -0.00256005 -0.00407112 0.0501776   0.21214 0.0475134   1.41918 -0.074303  -9.70551  18002
               250.4  6.50423  5.47583 -33.9242 -1.25415 -1.14532 0.658147  0.710973 -0.383652  0.840224 -0.00732361   -0.026429   0.0369626 -0.0545502  -0.011619 -0.0498995  0.00628316 -0.00229586 -0.00387829 0.0492613  0.213391 0.0470756    1.41906 -0.0744307   -9.70553  17968
               250.5  6.32939  5.89413 -34.5459 -1.25233 -1.16462 0.657921 0.709686 -0.38156 0.846209 -0.00726259  -0.0264724    0.036945 -0.0318793  -0.056335 -0.0498563  0.00582989  -0.0027809 -0.00351013 0.0468424  0.214907 0.0457351    1.41894 -0.0747452   -9.70554  17850
               250.6  6.54487  6.37293 -34.4195 -1.24925 -1.17706 0.658984  0.708774 -0.379445  0.847434 -0.00724136  -0.0264948   0.0369811 -0.0282552 -0.0725099 -0.0323488  0.00545596 -0.00279595 -0.00366973 0.0453444  0.214838 0.0446363    1.41898 -0.0749278   -9.70553  17990
               250.7  6.40545  6.17408 -34.7007 -1.25125 -1.19873 0.651828  0.709359 -0.381047  0.853057 -0.00724486  -0.0265443   0.0369784 -0.0598042 -0.0926705 -0.0412813  0.00544395 -0.00227475 -0.00324943 0.0441097   0.21675 0.0448656    1.41881 -0.0751102   -9.70556  17891
               250.8  6.49151  7.01782 -34.6946  -1.2471 -1.21482 0.654147  0.708783 -0.378687  0.853457 -0.00722733  -0.0265611   0.0370505 -0.0496156  -0.106316 -0.0394191  0.00531678 -0.00300965 -0.00293914 0.0421144  0.216264 0.0435438    1.41893 -0.0753573   -9.70554  17946
               250.9  6.33557    7.118 -34.7497 -1.24949 -1.22311 0.655436  0.708149 -0.376585  0.851805 -0.00721299  -0.0265488   0.0370646 -0.0532027  -0.099629 -0.0356043  0.00550236 -0.00306495 -0.00306914 0.0416878  0.215414 0.0427014    1.41903 -0.0753984   -9.70552  17933
                 251 5.91277  6.9605 -34.456 -1.24044 -1.22347 0.664369  0.707918 -0.372486  0.845513 -0.00710044  -0.0265319   0.0371379  -0.027343 -0.0657048 -0.0140338  0.00588853 -0.00288396 -0.00326256 0.0403369  0.212339 0.0410241    1.41943 -0.0755301   -9.70546  18001
               251.1  6.0855  7.0336 -34.453  -1.2405 -1.22117 0.674189  0.706805 -0.368524  0.841526 -0.0070526 -0.0264865  0.0371516 -0.0267028 -0.0441846 0.00294963  0.00565895  -0.0028296 -0.00324878 0.0402453  0.210538 0.0396046    1.41962 -0.0755125   -9.70544  18050
               251.2  5.86688  7.17582 -34.7678 -1.23791 -1.22394 0.686334  0.705842 -0.364673  0.839328 -0.00701261  -0.0264695   0.0371727  -0.033893 -0.0333988  0.0284567  0.00562054 -0.00275376  -0.0030574 0.0392451  0.209271 0.0379518    1.41977 -0.0756225   -9.70541  18002
               251.3   5.4789  6.64424 -34.5815 -1.23129  -1.2202 0.699338  0.705895 -0.361634   0.83476 -0.00693539  -0.0264436   0.0372013 -0.0349727 -0.0104547  0.0455133  0.00594377  -0.0023257 -0.00351327 0.0382522  0.206983 0.0366721    1.42008 -0.0757217   -9.70537  17925
               251.4  5.71452  6.69556 -34.8066 -1.22018 -1.21049 0.708667  0.707027 -0.360457  0.828756 -0.00690603  -0.0263862   0.0371851 -0.0130106   0.023148   0.049802  0.00573818 -0.00250243 -0.00338863 0.0375005  0.204114 0.0361991    1.42048 -0.0757889   -9.70531  17965
               251.5  5.87744  6.65646 -34.8766 -1.21158  -1.2023 0.712821  0.708222 -0.361101  0.825312 -0.00690158   -0.026356   0.0371567 0.00538332    0.03777  0.0402593  0.00561635 -0.00268083 -0.00350617 0.0370286  0.202478 0.0364336    1.42073 -0.0758361   -9.70527  17815
               251.6  5.73532  6.37897 -35.3178 -1.20609 -1.19209 0.711051  0.709418 -0.363101  0.822966 -0.00694476  -0.0263368   0.0371405 0.0155535 0.0674112 0.0228825  0.00578912 -0.00243522 -0.00346517 0.0372405  0.201496  0.037337    1.42087 -0.0758026   -9.70525  17934
               251.7  5.75919  5.99127 -35.5098 -1.20199 -1.17916 0.713427  0.709864 -0.363155  0.820837 -0.00695932  -0.0263167   0.0371341 0.00716911   0.094987  0.0152461  0.00561997  -0.0021539 -0.00350295 0.0373473  0.200564  0.037438      1.421 -0.0757793   -9.70523  17881
               251.8  4.72409  5.61088 -35.7411 -1.20919 -1.16491  0.72313  0.708656 -0.359994   0.82058 -0.00692974   -0.026356   0.0371466 -0.0187757   0.118154  0.0265171  0.00657723 -0.00200433 -0.00341665 0.0379264  0.200477 0.0363626    1.42095 -0.0756888   -9.70524  17982
               251.9   4.8259  5.27405 -35.5782 -1.20722  -1.1598 0.717268  0.709403 -0.362945  0.822867 -0.00694981  -0.0263752   0.0371185   -0.01451   0.130849 0.00530679  0.00644297 -0.00175982  -0.0036084 0.0372927  0.201433 0.0372892    1.42088 -0.0757933   -9.70525  17934
                 252  4.91266  5.23795 -35.6896 -1.21358 -1.14512 0.712676  0.709552 -0.364324  0.823284 -0.0069755 -0.0263824  0.0371133 -0.0396068   0.159588 -0.0108371  0.00629114 -0.00182723 -0.00346011 0.0380066  0.201765 0.0379925    1.42082 -0.0757046   -9.70526  17939
               252.1  5.45559  5.46038 -35.4589   -1.212 -1.14753 0.709645  0.709781 -0.365314  0.824578 -0.00697644  -0.0264104   0.0371341  -0.035699   0.148015 -0.0185164  0.00577481  -0.0021014 -0.00367237 0.0375435  0.202254  0.038244    1.42079 -0.0757734   -9.70526  17883
               252.2  5.00084  4.59728 -35.5539 -1.21779 -1.12278 0.710847  0.709351 -0.363642  0.825104 -0.00695201  -0.0264118   0.0371382 -0.0571886   0.179034 -0.0196752  0.00609946 -0.00147804 -0.00364231 0.0368715  0.202318 0.0374322    1.42079 -0.0758568   -9.70526  17961
               252.3  5.29861  5.34042 -35.3738 -1.21815  -1.1291 0.716759  0.708415 -0.361487  0.827996 -0.00697483  -0.0264227   0.0371914  -0.0603343    0.150175 -0.00682501  0.00581248 -0.00221896  -0.0037621 0.0356489  0.203279 0.0362511    1.42068 -0.0760203   -9.70527  17870
               252.4  4.83113  4.83704 -35.4796 -1.22649 -1.11352 0.715285 0.708317 -0.36166 0.831461 -0.00696023   -0.026456   0.0372123 -0.0770668   0.155962 -0.0158165  0.00618611 -0.00172308 -0.00372508 0.0341396  0.204471 0.0358633    1.42059 -0.0762326   -9.70529  17875
               252.5   4.7025  5.06954 -35.5134 -1.22473 -1.12318 0.715914  0.708093 -0.361564  0.834553 -0.00695223  -0.0264857   0.0372348 -0.0726104   0.128921 -0.0153373  0.00629402 -0.00193613 -0.00368512 0.0329022  0.205544 0.0354521   1.42049 -0.076406   -9.7053  17885
               252.6 4.52802 4.67549 -35.461 -1.22496 -1.11418  0.71938  0.708139 -0.359877  0.836453 -0.0069108 -0.0265054  0.0372739 -0.0655506   0.136299 -0.0129035   0.0064236 -0.00173616 -0.00381808 0.0301776  0.205868 0.0341139    1.42054 -0.0767642   -9.70529  17980
               252.7  4.89123  4.66065 -35.5533 -1.22524 -1.12196 0.724605  0.707467 -0.358046  0.839231 -0.00689005  -0.0265122    0.037304   -0.0681387      0.11307 -0.000522168   0.0060631 -0.00174157 -0.00374852 0.0289742  0.206776 0.0330984   1.42044 -0.076921   -9.7053  17878
               252.8  4.93449  4.77167 -35.7994 -1.23208 -1.11634 0.720435  0.707855 -0.359861  0.842748 -0.00685646  -0.0265224   0.0373499 -0.0814107   0.108394 -0.0153829  0.00603232 -0.00184538 -0.00353018 0.0272227  0.208006 0.0332398    1.42037 -0.0771751   -9.70531  17907
               252.9  4.94509  4.87149 -35.5202 -1.22635 -1.12899 0.720938  0.707918 -0.360067  0.845467 -0.00684273  -0.0265488   0.0374012 -0.0664053  0.0771722 -0.0141826  0.00605538 -0.00196513 -0.00379379 0.0255989  0.208887 0.0328514    1.42031 -0.0773994   -9.70532  17892
                 253  4.64925  4.76558 -35.7955 -1.22899 -1.12245 0.716653 0.708495 -0.36114 0.846425 -0.00681939  -0.0265415   0.0374246 -0.0625101  0.0937904 -0.0274439   0.0062634 -0.00195348 -0.00352059 0.0240366  0.209094 0.0328082    1.42036 -0.0776174   -9.70531  18001
               253.1  4.64048  4.66883 -35.6405 -1.22527 -1.12954 0.716845  0.708584 -0.361263  0.848115 -0.00680273  -0.0265575   0.0374325 -0.0521153  0.0780116 -0.0252726  0.00630108 -0.00187733  -0.0036734 0.0228715  0.209624 0.0325192    1.42033 -0.0777773   -9.70531  17844
             253.199  5.17138  4.88023 -35.5068 -1.22342 -1.11442 0.710226  0.709532 -0.362483  0.846615 -0.00677933   -0.026558   0.0374434 -0.0393745   0.112074 -0.0416943  0.00578322 -0.00192584 -0.00375192  0.021818  0.208917 0.0327019    1.42048 -0.0779216   -9.70529  17951
               253.3  5.00629  4.93041 -35.8222 -1.22919 -1.11588 0.706527  0.709063 -0.362214  0.850603 -0.00675396  -0.0265804   0.0374613 -0.0664463   0.101957 -0.0454324  0.00589304 -0.00183494 -0.00334615 0.0206927  0.210358 0.0322456    1.42033 -0.0780779   -9.70531  17924
             253.399  4.65976  5.28228 -35.8328 -1.22974 -1.11066 0.705348  0.709117 -0.361454  0.850905 -0.00674561  -0.0265806   0.0374849 -0.0623156   0.115279 -0.0440488  0.00618238 -0.00215352 -0.00333199 0.0197743  0.210333 0.0317361    1.42036 -0.0781947   -9.70531  18003
               253.5   4.7976  5.31994 -35.0654 -1.23396 -1.10828 0.704679  0.708768 -0.360289  0.853291 -0.00675606   -0.026625   0.0375018  -0.066051   0.111117 -0.0392452   0.0060842 -0.00225629 -0.00397177 0.0186091  0.211103 0.0309777    1.42029 -0.0783458   -9.70531  17917
               253.6  4.87283  5.28726 -35.1786 -1.23453 -1.09857 0.701217  0.709124 -0.360471  0.852864 -0.00674253  -0.0266296   0.0375099  -0.058246   0.127784 -0.0423597   0.0059189 -0.00218342 -0.00378943 0.0179507  0.210839 0.0308827    1.42035 -0.0784321    -9.7053  18028
               253.7  4.76509  5.14689 -35.2663 -1.23974 -1.09952 0.699763  0.708704 -0.360187  0.855194 -0.00673508  -0.0266501   0.0375047 -0.0732042   0.120578  -0.043181  0.00594837 -0.00208164 -0.00371241  0.017603  0.211732 0.0306472    1.42025 -0.0784818   -9.70532  17888
               253.8  5.14317   5.1386 -35.3288 -1.24271 -1.09495 0.701786  0.708315 -0.358178  0.856458 -0.00669787  -0.0266407    0.037515 -0.0754218   0.110205 -0.0341289   0.0054743 -0.00213804 -0.00362312 0.0163124  0.212013 0.0295764    1.42024 -0.0786407   -9.70532  17967
               253.9  5.17283  5.18867 -35.1435 -1.24138  -1.0995 0.703944  0.708101 -0.357016  0.858598 -0.00666628  -0.0266527   0.0375286 -0.0707426  0.0869138 -0.0275314  0.00545118 -0.00217298 -0.00385292 0.0147279  0.212632 0.0287154    1.42021 -0.0788456   -9.70532  17860
             253.999 5.11499  5.3104 -35.296 -1.24777  -1.1068 0.707846  0.707397 -0.354211  0.863568 -0.00658954  -0.0266652   0.0375484 -0.0829441  0.0450084 -0.0179121  0.00544697 -0.00230898 -0.00373916 0.0116552  0.214196 0.0268291     1.4201 -0.0792423   -9.70533  17955
               254.1  5.29363  5.41978 -35.3209 -1.24056  -1.1112 0.704981   0.70801 -0.355548  0.863493 -0.00657838  -0.0266543   0.0375582 -0.0626656  0.0334792 -0.0231131  0.00527387 -0.00241138 -0.00373376 0.0107219  0.214072 0.0270685    1.42016 -0.0793725   -9.70532  17888
             254.199  5.13756   5.5876 -35.3246 -1.24078 -1.11913 0.702856 0.708308 -0.35534 0.865195 -0.00653929  -0.0266502   0.0375835 -0.0531812  0.0080563 -0.0253423  0.00529287 -0.00253646 -0.00375394 0.00848749   0.214499  0.0263825    1.42019 -0.0796677   -9.70532  17900
             254.299 5.26518  6.0662 -35.511 -1.24203 -1.12354 0.690532  0.709006 -0.358661  0.865644 -0.00652891  -0.0266459   0.0375966  -0.0502601 -0.00845285   -0.051225  0.00511823 -0.00292434 -0.00354616 0.00817581   0.214738   0.027483    1.42019 -0.0797296   -9.70532  17923
             254.399 5.06487 5.68589 -35.481 -1.23227 -1.12912 0.698781  0.709153 -0.356376  0.865307 -0.00649422   -0.026635   0.0376089 -0.0300877 -0.0181647 -0.0334671  0.00530475 -0.00258383 -0.00361604 0.00660446   0.214363  0.0262596    1.42028 -0.0799199    -9.7053  17759
             254.499  5.28219  6.21618 -35.2663 -1.23582    -1.14  0.68717  0.709453 -0.358323  0.866608 -0.00648741  -0.0266511    0.037619 -0.0437451 -0.0334902 -0.0487467   0.0050904 -0.00297625 -0.00381706 0.00599211   0.214896  0.0267698    1.42025 -0.0800149   -9.70531  17972
               254.6 4.76243 6.20135 -35.554 -1.23338  -1.1438 0.691427  0.709523 -0.355527  0.865308 -0.0064683 -0.0266506  0.0376479 -0.0343965 -0.0272355  -0.031593  0.00547417 -0.00300642 -0.00353406 0.00500396   0.214191  0.0255286    1.42036 -0.0801242   -9.70529  17824
             254.699  5.06052  5.99441 -35.5091 -1.23272 -1.15343 0.690667 0.709508 -0.35501 0.866148 -0.00644949  -0.0266552   0.0376463 -0.0277635 -0.0423651 -0.0284961  0.00509177 -0.00291338 -0.00355534 0.00419095   0.214459  0.0251089    1.42035 -0.0802303   -9.70529  17908
             254.799  5.20011  5.89055 -35.4066 -1.23188 -1.15526 0.692968  0.709628 -0.353481  0.864793 -0.00642941  -0.0266397   0.0376472  -0.031955  -0.042441 -0.0229905  0.00489764 -0.00283556 -0.00361644 0.00383795   0.213825  0.0244911    1.42043 -0.0802642   -9.70528  17869
             254.899  4.79472  5.79142 -35.3683 -1.22186 -1.15799 0.691574 0.710491 -0.35385 0.862075 -0.00640474  -0.0266236   0.0376556 -0.0086626     -0.035 -0.0267773  0.00524006 -0.00281172 -0.00367245 0.0028929  0.212625 0.0244192    1.42062 -0.0803819   -9.70525  17888
             254.999  4.79042  5.69965 -35.4942 -1.22147 -1.16144 0.694224  0.710391 -0.352189  0.861875 -0.00638483  -0.0266254    0.037661 -0.0102374 -0.0328131 -0.0187293  0.00517482 -0.00273773 -0.00358923  0.002571  0.212479 0.0237415    1.42064 -0.0804143   -9.70525  17959
               255.1  4.56062  5.54254 -35.7719 -1.21559 -1.16075 0.696053  0.710715 -0.351831  0.860495 -0.00638234  -0.0266093   0.0376684  0.0024557 -0.0270365 -0.0152791  0.00533917 -0.00258064 -0.00334015 0.00211723   0.211858  0.0235156    1.42073 -0.0804683   -9.70523  17809
