             39.1003 0 0 0  0.000302221 -7.53629e-05  0.000149803 0 0 0   -0.011 -0.02329  0.04412   0.00242115 -0.000645453   0.00145518 0.000856544 -0.00260957  -0.0043055 0 0 0    1.5511 0.0900419  -9.68517 
             39.2003  -0.121877  0.0510464 -0.0863536  0.00685078 -0.00469211 -0.00948518 -1.96491e-06  -5.0774e-08 -1.06644e-06 -0.0109999 -0.0232901  0.0441199   0.00831783    0.0043685 -0.000828822   0.0008566 -0.00260957 -0.00430547 -1.18463e-07  1.14271e-07  2.02682e-07    1.5511 0.0900418  -9.68517 
             39.3003  -0.169112  0.0791855 -0.0543136  0.00975036 -0.00325067 -0.00994878 8.75991e-06 -2.2385e-05 4.95334e-07     -0.011 -0.0232901  0.0441199   0.0245613   0.0130867 -0.00312329  0.00100306 -0.00269477  -0.0043973 -4.23287e-06 -1.82818e-06  7.69816e-07    1.5511 0.0900437  -9.68517 
             39.4002   -0.123023 0.000124412   -0.128533    0.0168713 -0.000250617   0.00423678 0.000428955 -0.00109108 5.18621e-05 -0.0109993 -0.0232888   0.044119 0.0388177 0.0200358 0.0497382 0.000820636 -0.00240254 -0.00413996 -0.000151401 -7.67162e-05 -0.000280411   1.55128 0.0901184  -9.68514 
             39.5004  -0.00433466 -0.000874114    -0.127682    0.019373 -0.00115508  0.00412074  -0.00153467  -0.00335125 -0.000281078 -0.0109993 -0.0232891  0.0441195 0.0432435  0.012724 0.0427646 0.000450346 -0.00238595 -0.00411982 -0.000611675   0.00027377  5.16643e-05   1.55166 0.0897762  -9.68508 
             39.6002  -0.022301 -0.0276015  -0.127887     0.021053 -0.000973778   0.00595228 -0.00528298   0.0102244 -0.00075254 -0.0109995 -0.0232889  0.0441201  0.0303177 0.00826383  0.0305007 0.000527724 -0.00235829 -0.00412573  0.00174579 0.000943765 0.000613295   1.54937 0.0891331  -9.68545 
             39.7003 -0.100882 -0.054846 -0.141438   0.0212325 -0.00203874  0.00476268  -0.0129275   0.0156805 -0.00191668 -0.0109995 -0.0232881  0.0441192   0.027942 0.00493412  0.0242656 0.000791676 -0.00230404 -0.00407341 0.00253227  0.0023094 0.00185233   1.54844 0.0878097  -9.68561 
             39.7995  0.0200945 -0.0878608  -0.136611   0.0223436 -0.00451146  0.00700291  -0.0271427   0.0346454 -0.00398776     -0.011 -0.0232881  0.0441215   0.0181669 -0.00457881   0.0214171  0.00044919 -0.00226135 -0.00407642 0.00585123 0.00486517 0.00247394   1.54523 0.0853561  -9.68615 
             39.9002 -0.00169493   -0.166315   -0.178741   0.0200048 -0.00882108   0.0114872  -0.0502817   0.0660637 -0.00737289 -0.0109994 -0.0232887  0.0441223 0.000147356  -0.0156918   0.0238123 0.000590433 -0.00207968 -0.00393511   0.0118979  0.00905824 6.70336e-05   1.53992 0.0813658  -9.68703 
             40.0003 -0.0612376   -0.24088  -0.162022   0.0143196 -0.00961423   0.0102607   -0.046509    0.106218 -0.00636603 -0.0109999 -0.0232871  0.0441233 -0.0217477  -0.013872  0.0147545 0.000751869 -0.00199979 -0.00399442  0.0184619  0.0083356 0.00429406   1.53313 0.0820442   -9.6881 
             40.1002 -0.0296263   -0.19278  -0.167214  0.0106177 -0.0115544 0.00975882  -0.0506224    0.117832 -0.00690528 -0.0109996 -0.0232868  0.0441225 -0.0305216 -0.0170533 0.00907718 0.000667632 -0.00218326 -0.00398283  0.0201385 0.00905024 0.00691083   1.53117 0.0813404  -9.68842 
             40.2003  0.074146 -0.138722 -0.177834  0.0108394 -0.0120406 0.00627342  -0.0424583   0.0991631 -0.00579077 -0.0109972 -0.0232887  0.0441254 -0.0242813 -0.0161402 -0.0022282 0.000382746 -0.00227832 -0.00395168  0.0155606 0.00750048  0.0144979   1.53435 0.0827452   -9.6879 
             40.3002 -0.102332 -0.103501 -0.141948  0.0119392 -0.0123197 0.00187014  -0.0373158   0.0828194 -0.00515153 -0.0109948 -0.0232874  0.0441296  -0.016309 -0.0109912 -0.0136873 0.000882285 -0.00233082 -0.00405336   0.011458 0.00649895  0.0217059   1.53715 0.0836274  -9.68745 
             40.4002 0.000849167   -0.125747   -0.192291  0.0126405 -0.0123748 0.00599413 -0.0312102  0.0670022 -0.0043337 -0.0109962 -0.0232862  0.0441294  -0.0131856 -0.00989035 -0.00298759 0.000590967 -0.00222224 -0.00390456 0.00997957 0.00548562   0.013109    1.5398 0.0846625  -9.68702 
             40.5003 -0.0113236 -0.0828011  -0.198416  0.0134906 -0.0150777 0.00499758   -0.04336  0.0603286 -0.0064104 -0.0109952 -0.0232858  0.0441303 -0.00927334  -0.0169413 -0.00662106 0.000647446 -0.00232203 -0.00389411 0.00848542 0.00766423  0.0148929   1.54093 0.0825459  -9.68686 
             40.6002   0.124746 -0.0876795  -0.237279  0.0158186 -0.0130479  0.0093999  -0.0265959   0.0423019 -0.00386514 -0.0109981 -0.0232799  0.0441242 -0.00207553 -0.00999707  0.00450527 0.000233567 -0.00227136 -0.00378386 0.00643563 0.00470935 0.00733042   1.54397 0.0854336  -9.68635 
             40.7003 -0.0558308 -0.0836611  -0.283043  0.0175526 -0.0134657 0.00555417  -0.0248525   0.0368267 -0.00365014 -0.0109983 -0.0232756  0.0441243  0.00251381 -0.00668997 -0.00733327 0.000732866 -0.00225451 -0.00365241 0.00440154 0.00432785  0.0137958   1.54493 0.0857369  -9.68619 
             40.7994  0.0625219 -0.0702381  -0.252399  0.0162367 -0.0142258 0.00436077  -0.0220884   0.0415645 -0.00314321 -0.0109982 -0.0232753  0.0441244 -0.00307612 -0.00892626 -0.00971121 0.000362355 -0.00230566 -0.00373998 0.00533603 0.00383122  0.0133353  1.54413 0.086225 -9.68632 
             40.9002 -0.0375132 -0.0723377  -0.271508  0.0173654 -0.0152665 0.00253379  -0.0235962   0.0376798 -0.00342812 -0.0109985 -0.0232752  0.0441236 -0.000128677  -0.00803603   -0.0124362 0.000606113 -0.00229878 -0.00371055 0.00442289 0.00409166  0.0146242   1.54479 0.0859561  -9.68621 
             41.0003 -0.0200058  -0.082837  -0.304275    0.01812 -0.0144631 0.00504985  -0.0188621   0.0335726 -0.00271279 -0.0109976 -0.0232753  0.0441233 0.000481043 -0.00427614 -0.00652543 0.000553067 -0.00226258 -0.00363045 0.00434795 0.00327399  0.0104308  1.54549 0.086768 -9.68609 
             41.1002 -0.0168903 -0.0567673  -0.224463  0.0183158 -0.0131698 0.00701542  -0.0143519   0.0320035 -0.00201506 -0.0109962 -0.0232753   0.044123  0.000275539 -0.000439951  -0.00179563 0.000509856 -0.00232614 -0.00384764 0.00448953 0.00248138 0.00775946  1.54576 0.087548 -9.68604 
             41.2001   0.156794 -0.0380841  -0.203237 0.0180495 -0.012099  0.007442  -0.0109066   0.0324365 -0.00146899 -0.0109954 -0.0232746  0.0441211  -0.00113704 -0.000953854 -0.000370079 6.83685e-05 -0.00236489 -0.00389217 0.00466716 0.00186125 0.00714373   1.54569 0.0881495  -9.68605 
             41.3003  0.0582966 -0.0218281  -0.350199  0.0223218 -0.0121734 0.00462444  -0.0110622   0.0233108 -0.00155293 -0.0109957 -0.0232686  0.0441214    0.0108639 -0.000494955  -0.00655995 0.000311502  -0.0023767 -0.00353642 0.00255407 0.00186422  0.0100105   1.54724 0.0880946   -9.6858 
             41.4002  0.0427783 -0.0976035  -0.265371  0.0226204   -0.01213 0.00696671  -0.0106032   0.0236303 -0.00148553 -0.0109943 -0.0232687  0.0441221   0.00670964 -0.000713773 -0.000940408 0.000318132 -0.00220324 -0.00376375 0.00304209 0.00180691 0.00729943   1.54719 0.0881739  -9.68581 
             41.5003 0.00574839 -0.0562269  -0.287153  0.0205981 -0.0133897  0.0058536  -0.0139576   0.0300197 -0.00196724 -0.0109947 -0.0232682  0.0441216 0.000666749 -0.00456452 -0.00476419 0.000418165  -0.0023272 -0.00371619 0.00407687  0.0024084 0.00807908    1.5461 0.0876104  -9.68599 
             41.6003  0.154798 0.0199393 -0.276517  0.0206267 -0.0131868  0.0053667 -0.0111198  0.0302933 -0.0015297 -0.0109948 -0.0232678  0.0441204  0.00139188 -0.00657804 -0.00413645 1.60326e-05 -0.00253318 -0.00374314 0.00418024 0.00189719 0.00773416   1.54606 0.0881035  -9.68599 
             41.7002   0.123147 -0.0703154    -0.1661  0.0180644 -0.0132041   0.004579  -0.0109598   0.0365393 -0.00147943 -0.0109951 -0.0232653  0.0441218  -0.0082778 -0.00681447 -0.00670305 7.65367e-05 -0.00232804 -0.00399839 0.00525993 0.00186801 0.00806187     1.545 0.0881488  -9.68616 
             41.7993  0.0754345 -0.0375977  -0.230443  0.0167881 -0.0136887 0.00579969 -0.00985326    0.036184 -0.00130499 -0.0109953 -0.0232662  0.0441221 -0.00968844 -0.00702881 -0.00264954 0.000196059 -0.00242113  -0.0038357 0.00543976 0.00167937  0.0065104   1.54508 0.0883383  -9.68615 
             41.9002  0.0770399 -0.0488807  -0.287396  0.0169883  -0.014115 0.00420518 -0.00886088   0.0337599 -0.00116424  -0.010996 -0.0232644  0.0441221 -0.00735986  -0.0066548 -0.00522039 0.000192941 -0.00238105 -0.00371228 0.00486466 0.00149216 0.00736981  1.54548 0.088506 -9.68608 
                  42 -0.00696079   0.0092649   -0.240692  0.0158112 -0.0130672 0.00102585  -0.00643888    0.0353304 -0.000787765 -0.0109957 -0.0232635  0.0441227 -0.00744554 -0.00213826  -0.0112142 0.000390625 -0.00250451 -0.00382017 0.00489599 0.00104185 0.00897308  1.54521 0.088933 -9.68612 
                42.1  0.0655136 -0.0221935  -0.198696  0.0170407 -0.0105017  0.0021098  -0.00178232    0.0315908 -8.28527e-05 -0.0109948 -0.0232641  0.0441216 -0.00347583  0.00276808 -0.00743407  0.00022333 -0.00242502  -0.0039122  0.00442521 0.000208215  0.00767828   1.54586 0.0897248  -9.68601 
             42.2001   0.166604 0.00717264  -0.264078  0.0178295 -0.0108626 0.00268619 -0.00227722   0.0296144 -0.00016888 -0.0109947 -0.0232628  0.0441219 -0.000500265  -0.00149488  -0.00542058 7.50862e-06  -0.0024808 -0.00376089    0.004187 0.000303746  0.00691961    1.5462 0.0896329  -9.68595 
             42.3001   0.165435 -0.0441232  -0.222124  0.0171278 -0.0124442 0.00747169  -0.00389737    0.0293703 -0.000423602 -0.0109932  -0.023261   0.044123 -0.00393274  -0.0071612  0.00418912 3.98411e-05 -0.00236316 -0.00385097   0.0046518 0.000624745  0.00372016  1.54625 0.089342 -9.68595 
             42.4001  0.0641684 -0.0340548  -0.219998  0.0171064 -0.0104493 0.00668202 -0.000149623    0.0290805  0.000163286 -0.0109933 -0.0232607  0.0441246  -0.00297509 -0.000985592   0.00155869 0.000255759   -0.002379  -0.0038622   0.00449267 -5.98972e-05   0.00438993    1.5463 0.0899909  -9.68593 
             42.5001  0.165436 -0.107476 -0.285167   0.0192513 -0.00967932  0.00986458  0.00155414   0.0242548 0.000416812 -0.0109926 -0.0232573  0.0441215   0.00266508 -0.000118244   0.00766592 4.06408e-05 -0.00221229 -0.00373068  0.00390743 -0.00035465  0.00255539   1.54713 0.0902715   -9.6858 
             42.6001   0.072725 -0.0330668  -0.229627   0.0194096 -0.00938285  0.00897322  0.00190686   0.0250929 0.000478629 -0.0109927 -0.0232569  0.0441216   0.00289522 -0.000775997   0.00315431 0.000241329 -0.00237416 -0.00385018   0.0038943 -0.00042551  0.00359333   1.54698 0.0903364  -9.68582 
             42.7001    0.13953 -0.0377767  -0.268597   0.020325 -0.0107731 0.00674437 -0.000318524    0.0240758  0.000134266 -0.0109924 -0.0232569   0.044122  0.00576423 -0.00536933 -0.00119567 0.000108828  -0.0023592 -0.00377628   0.00346811 -3.32589e-05   0.00511964   1.54714 0.0899575   -9.6858 
             42.7993  0.0383437 -0.0149012  -0.249836   0.0184883 -0.00949701  0.00604907  0.00218451   0.0275556 0.000523405 -0.0109923 -0.0232568  0.0441228 0.000359029 -0.00147245 -0.00299594 0.000330761 -0.00241251 -0.00381716   0.00409719 -0.000487178   0.00512462   1.54656 0.0903927  -9.68589 
             42.9001  0.0712189 -0.0359559   -0.21793  0.0176019 -0.0115817 0.00404485 -0.000111741    0.0288876  0.000176084 -0.0109929 -0.0232563  0.0441226 -0.00228385 -0.00703959 -0.00689875 0.000260155 -0.00236551 -0.00388229   0.00421592 -7.62908e-05   0.00591084  1.54633 0.090001 -9.68593 
             43.0002  0.0702164 -0.0356698  -0.238141   0.0202142 -0.00808523  0.00454658  0.00488678    0.025206 0.000935084 -0.0109932 -0.0232561  0.0441226  0.00430828  0.00194803 -0.00545095    0.000257 -0.00235834 -0.00383818   0.00361359 -0.000981357   0.00547088  1.54696 0.090857 -9.68582 
             43.1002   0.107939 -0.0986398  -0.241372  0.0191337 -0.0103198 0.00891458  0.00239352     0.02597 0.000553373 -0.0109915 -0.0232549  0.0441251   -0.001534 -0.00526224  0.00271035 0.000188972 -0.00223866 -0.00383417   0.00412212 -0.000509028   0.00313569   1.54684 0.0904239  -9.68584 
             43.2001  0.0371471 -0.0414155  -0.244104   0.0196201 -0.00801853  0.00518063 0.00544221  0.0259201 0.00101049 -0.0109912  -0.023254  0.0441263 0.000937833   0.0020277 -0.00457361 0.000335258 -0.00234337 -0.00383208  0.00380209 -0.00107776  0.00510724  1.54684  0.09095 -9.68584 
             43.3001   0.161842 -0.0234507   -0.18222   0.0171092 -0.00933282  0.00623466  0.00421011   0.0285075 0.000817359 -0.0109925 -0.0232509  0.0441266 -0.00487339 -0.00505545 -0.00206298 0.000102164 -0.00238575 -0.00395527   0.00441005 -0.000844446   0.00424749   1.54641 0.0907376  -9.68591 
             43.4002   0.124062 -0.0554943  -0.232108   0.0169974 -0.00807391  0.00733847 0.00623601  0.0276827 0.00112677 -0.0109929 -0.0232506  0.0441262  -0.00456945  -0.00245869 -0.000303462 0.000173383 -0.00231405 -0.00386119  0.00434796 -0.00121016   0.0036811  1.54655 0.091086 -9.68588 
             43.5001 -0.0215622 -0.0514839   -0.20675  0.0163309 -0.0111625 0.00569074  0.00218043   0.0287046 0.000512412  -0.010993 -0.0232493  0.0441223 -0.00615631 -0.00907171 -0.00328217 0.000481102 -0.00231534  -0.0039111   0.00440839 -0.000476072   0.00448922   1.54637 0.0903894  -9.68592 
             43.6001  0.0706107 -0.0908333  -0.253699  0.0170343 -0.0110607 0.00761384  0.00344026   0.0267754 0.000703412 -0.0109935 -0.0232481  0.0441213 -0.00437535 -0.00744014  0.00112136 0.000294307 -0.00222845 -0.00381721   0.00419704 -0.000699388   0.00358022    1.5467 0.0906037  -9.68586 
             43.7001  0.0900176 -0.0370555  -0.265263  0.0161018 -0.0154649 0.00726389 -0.000498781    0.0274503   0.00010802 -0.0109921 -0.0232485   0.044123  -0.00587342   -0.0168773 -9.67009e-05 0.000268122 -0.00232543  -0.0037977  0.00429802 1.84853e-05   0.0037289   1.54659 0.0899264  -9.68589 
             43.7995 -0.0182414 -0.0867066  -0.297953  0.0196641 -0.0139083 0.00640857 0.00267729  0.0227067 0.00057471 -0.0109935 -0.0232463  0.0441225   0.0039557 -0.00796374 -0.00314136 0.000476114 -0.00221662 -0.00373572     0.003342 -0.000564585   0.00429269   1.54738 0.0904709  -9.68576 
             43.8995 0.0701323 0.0238602 -0.340166  0.0193981 -0.0138169 0.00213467  0.00404435   0.0243683 0.000793656  -0.010993 -0.0232478  0.0441211  0.00420225 -0.00627566  -0.0101749 0.000311625 -0.00242869 -0.00365448   0.00344136 -0.000823607   0.00559327    1.5471 0.0907102   -9.6858 
             44.0001   0.027524 -0.0671928  -0.263717  0.0205049  -0.014787 0.00360974  0.00378927   0.0231538 0.000751652 -0.0109927 -0.0232482  0.0441209  0.00372275 -0.00622249 -0.00572669 0.000407263 -0.00225683 -0.00379334   0.00336977 -0.000770738    0.0046337   1.54731 0.0906638  -9.68577 
             44.1002  0.098644 0.0350013 -0.274546    0.020785  -0.0121234 0.000143048 0.00680506  0.0238236 0.00121388 -0.0109912  -0.023249  0.0441191   0.00568009 -0.000549362   -0.0109869 0.000282933 -0.00243047 -0.00377848  0.00333268 -0.00133123  0.00565763    1.5472 0.0911836  -9.68578 
             44.2001 -0.00593463  -0.0801856   -0.266469  0.0225539  -0.013373 0.00527649 0.00580709  0.0216842 0.00106419 -0.0109891 -0.0232508  0.0441178    0.0057437  -0.00179243 -7.52685e-05 0.000480714 -0.00221667 -0.00379739  0.00328437 -0.00113446  0.00346773  1.54757  0.09101 -9.68572 
                44.3   0.0422234 -0.00534036   -0.296237  0.0227558 -0.0102179 0.00349906 0.00877345  0.0223212 0.00151919 -0.0109894 -0.0232509  0.0441172   0.0061314  0.00524067 -0.00421452 0.000381238 -0.00235429 -0.00374677  0.00330943 -0.00168492  0.00405979   1.54747 0.0915223  -9.68573 
                44.4  0.0235441 -0.0793232  -0.254133  0.0207024 -0.0122353 0.00721187 0.00661404  0.0240999 0.00118857  -0.010989 -0.0232497   0.044119  -0.00214054 -0.000637955   0.00214128 0.000425889 -0.00223197 -0.00381579   0.0038849 -0.00127351  0.00250037   1.54717 0.0911629  -9.68579 
                44.5  0.0293759 -0.0213783  -0.273447  0.0192729 -0.0119158 0.00505877  0.0068841  0.0256082 0.00122891 -0.0109889   -0.02325  0.0441188 -0.00432409 2.44708e-05 -0.00366586  0.00041193 -0.00233137 -0.00378892  0.00404672 -0.00132776  0.00324734   1.54691 0.0912107  -9.68583 
                44.6  0.054246 -0.047295 -0.225655  0.0169404  -0.014115 0.00561076  0.00504979   0.0271834 0.000948046 -0.0109896  -0.023249  0.0441198 -0.00963109 -0.00587805 -0.00174318 0.000367622 -0.00228811 -0.00386665  0.00439967 -0.00098245  0.00286888   1.54664 0.0908993  -9.68587 
             44.7001  0.0266162 -0.0679523  -0.296049  0.0171658  -0.012302 0.00769596 0.00707277  0.0263804 0.00125852 -0.0109904 -0.0232487  0.0441198  -0.00876008 -0.000299496   0.00265274 0.000411289 -0.00225263 -0.00374439  0.00437784 -0.00135461  0.00205553   1.54679 0.0912549  -9.68585 
             44.7994 -0.00362464   -0.107873   -0.261749   0.018691 -0.0145571  0.0110998 0.00540759    0.02356 0.00100339 -0.0109892 -0.0232487  0.0441165 -0.00496176 -0.00363087   0.0070096  0.00046861 -0.00218095  -0.0038078  0.00397022 -0.00103877  0.00130989   1.54727 0.0909628  -9.68577 
             44.9001  0.0246683 -0.0991397  -0.274509  0.0173707 -0.0138585 0.00899014 0.00624625  0.0244584 0.00113167 -0.0109897 -0.0232491  0.0441164  -0.00767746 -0.000809757    0.0014632 0.000431741 -0.00219278 -0.00378704  0.00399578 -0.00120132  0.00221189   1.54711 0.0911023   -9.6858 
                  45  0.0535137 -0.0972824  -0.328298  0.0183105 -0.0149567 0.00666887 0.00544523  0.0233752 0.00101231 -0.0109893 -0.0232488  0.0441169 -0.00383181 -0.00345243 -0.00418753 0.000375192 -0.00219378 -0.00370422  0.00366146 -0.00105793  0.00306069   1.54729 0.0909536  -9.68577 
             45.1001 -0.00810707  -0.0599835   -0.245908  0.0160315 -0.0159167 0.00703611  0.00495108   0.0247031 0.000935118   -0.01099 -0.0232477  0.0441156 -0.00894404 -0.00432052 -0.00307006 0.000473958 -0.00226108 -0.00383808   0.00395691 -0.000964026   0.00274881   1.54707 0.0908747   -9.6858 
             45.2001 0.0369037 -0.102811 -0.350072  0.0178986 -0.0158758 0.00843554 0.00536534  0.0222932 0.00100288 -0.0109904 -0.0232456  0.0441151  -0.00387233  -0.00316972 -0.000652552 0.000399488 -0.00219165 -0.00366982  0.00357153 -0.00103711  0.00234422   1.54747 0.0909427  -9.68574 
                45.3 -0.0149553 -0.0633371  -0.335362  0.0186359 -0.0173929 0.00583973 0.00435012  0.0217186 0.00084795 -0.0109898 -0.0232451  0.0441151 -0.000678323  -0.00456253  -0.00542872 0.000489672 -0.00225073 -0.00369984    0.0033383 -0.000854125   0.00315729   1.54757 0.0907572  -9.68573 
                45.4 -0.0248644 -0.0446131  -0.383848  0.0195542  -0.018953 0.00253914  0.00339987   0.0212448 0.000701366 -0.0109887 -0.0232443  0.0441151  0.00219117 -0.00571215  -0.0106583 0.000509976 -0.00227448 -0.00361856  0.0031122  -0.000683 0.00404193   1.54764 0.0905808  -9.68572 
             45.5001 -0.0386564 -0.0225347  -0.298981  0.0201773 -0.0155383 0.00250531 0.00626785  0.0208502 0.00113423 -0.0109863 -0.0232449  0.0441159  0.00356893  0.00442629 -0.00952567 0.000522303 -0.00230445 -0.00376303  0.00309056 -0.00121437  0.00370402   1.54772 0.0910747   -9.6857 
             45.6001 -0.0602595 -0.0522385  -0.307113  0.0178175 -0.0156144  0.0031246 0.00611023  0.0230783 0.00111164 -0.0109862 -0.0232437  0.0441169 -0.00460867  0.00403258 -0.00820682 0.000537741 -0.00226385 -0.00375467   0.0035624 -0.00118176  0.00335481   1.54735 0.0910681  -9.68576 
             45.7001  0.0331536 -0.0489792  -0.325914  0.0173934 -0.0157485 0.00413234 0.00576225  0.0228023 0.00104772 -0.0109862 -0.0232428  0.0441177 -0.00534639  0.00271772 -0.00466244 0.000381075 -0.00227253 -0.00372506  0.00359578 -0.00111271  0.00282226   1.54739 0.0910143  -9.68575 
             45.7994 -0.0358458 -0.0618854  -0.324521  0.0190307 -0.0175626 0.00467431  0.00417189   0.0209151 0.000809586 -0.0109863  -0.023243  0.0441168 -0.00133789 0.000767436  -0.0019365 0.000491844 -0.00224604 -0.00373966   0.00328429 -0.000813295   0.00254756    1.5477 0.0907312   -9.6857 
                45.9 -0.0561736 -0.0671954  -0.350236  0.0162169 -0.0204402  0.0054362  0.00207541   0.0225794 0.000498547 -0.0109857 -0.0232437  0.0441173 -0.00832769 -0.00394785  -0.0011438 0.000533082 -0.00224013 -0.00369864   0.0036546 -0.00041669  0.00218863   1.54741 0.0903897  -9.68575 
             45.9999  0.0869068 -0.0780314  -0.271085  0.0126107 -0.0156106 0.00756649  0.0056043  0.0242651 0.00103156 -0.0109827 -0.0232402  0.0441121 -0.0165639 0.00574899 0.00301008 0.000309905 -0.00222933 -0.00381291    0.004085 -0.00107283  0.00147599   1.54715 0.0910215  -9.68579 
             46.1001 0.00112619 -0.0265673  -0.342871  0.0131828 -0.0148186  0.0055587 0.00563572  0.0230061 0.00104027 -0.0109824  -0.023239  0.0441134  -0.0102662  0.00773599 -0.00111942 0.000438573 -0.00230629 -0.00370558  0.00374424 -0.00108217  0.00213584   1.54736 0.0910034  -9.68576 
             46.1999  0.0965382 -0.0232353  -0.314611  0.0148659 -0.0131098 0.00429757 0.00635077  0.0213262 0.00116263 -0.0109823 -0.0232398  0.0441132 -0.00354287  0.00879096 -0.00303578 0.000293563 -0.00230477 -0.00375297  0.00336777 -0.00121984  0.00251575   1.54764 0.0911074  -9.68571 
             46.2999 -0.0756124 -0.0108258  -0.300451   0.0201156 -0.00947321  0.00146317 0.00805154  0.0178324 0.00144922 -0.0109817 -0.0232383  0.0441181   0.0110134   0.0185268 -0.00821242  0.00055183 -0.00231319 -0.00378225  0.00257877 -0.00154388  0.00335172   1.54823 0.0913583  -9.68561 
             46.4001  0.0294677 -0.0475864  -0.319333  0.0209829 -0.0102783 0.00466369 0.00647658  0.0176035 0.00119805 -0.0109806 -0.0232379   0.044119 0.00894084  0.0121786 -0.0013721 0.000398965 -0.00225802 -0.00375484 0.00270067 -0.0012422 0.00231042   1.54826 0.0911053  -9.68561 
             46.5001 -0.0142201 -0.0260541   -0.29308   0.0230382 -0.00813499  0.00356498 0.00783725  0.0162544 0.00141726 -0.0109804 -0.0232381  0.0441195   0.0152596   0.0176694 -0.00416366 0.000460621 -0.00228968 -0.00379047  0.00238623 -0.00150106  0.00268912   1.54849 0.0913234  -9.68557 
             46.5999  0.131165 0.0173438 -0.284816   0.0221211 -0.00815092  0.00325947 0.00624352  0.0183898 0.00115434 -0.0109807 -0.0232371  0.0441224  0.00871717  0.00895564 -0.00283275 0.000236583  -0.0023609 -0.00380196   0.0028191 -0.00119796  0.00249431   1.54813 0.0910663  -9.68563 
                46.7  0.0856862 -0.0118855  -0.322529   0.0210437 -0.00988284  0.00144921    0.004771    0.019471 0.000919623 -0.0109803 -0.0232377  0.0441231  0.00540246  0.00393472 -0.00804641 0.000314151 -0.00231598 -0.00375474   0.00294787 -0.000920741   0.00298407   1.54794 0.0908133  -9.68567 
             46.7994    0.013962 0.000655644   -0.320505  0.0226485 -0.0111939 0.00251641  0.00367425   0.0188571 0.000797834 -0.0109802 -0.0232389  0.0441216 0.00731277 0.00136472 -0.0032301 0.000433584 -0.00234355 -0.00376052   0.00291121 -0.000711441   0.00248914   1.54804 0.0906288  -9.68565 
             46.9001  0.0196835 -0.0310157  -0.321063  0.0206307 -0.0112969   0.001608   0.0034797   0.0204971 0.000757914 -0.0109802 -0.0232391  0.0441225 -0.000207041   0.00121891  -0.00471388 0.000431749 -0.00229394 -0.00376098   0.00322071 -0.000674208   0.00251249   1.54776 0.0906037   -9.6857 
             46.9999 -0.0175118 -0.0164815  -0.310653   0.0190715  -0.0120966 0.000220269 0.00290333  0.0214964 0.00066655 -0.0109803 -0.0232387  0.0441221 -0.00328509 1.90488e-05 -0.00706247 0.000475097  -0.0023256  -0.0037837   0.00338312 -0.000565108   0.00269271   1.54759 0.0905093  -9.68572 
                47.1 0.00477401 -0.0314233  -0.266857  0.0192356 -0.0143683  0.0023551  0.00143808   0.0211563 0.000452016 -0.0109809 -0.0232386  0.0441225 -0.00380235 -0.00598133 -0.00161034 0.000455126 -0.00230076 -0.00384345   0.00341111 -0.000283728   0.00209737   1.54765 0.0902616  -9.68572 
             47.1999   0.017304 0.00480488  -0.293148  0.0194484  -0.014021 0.00180069  0.00210009   0.0207812 0.000557178 -0.0109811 -0.0232385  0.0441227 -0.00181865 -0.00235967 -0.00128337   0.0004375 -0.00235161 -0.00380274    0.0033276 -0.000410213   0.00216703   1.54772 0.0903719  -9.68571 
             47.2999 -0.0206975 -0.0114095  -0.271743    0.0209296   -0.0146634 -0.000857899  0.00179384   0.0200219 0.000514953 -0.0109813 -0.0232383  0.0441228  0.00267233  -0.0017172 -0.00615943  0.00049023  -0.0023273 -0.00382841   0.00308449 -0.000354944   0.00279296  1.54783 0.090309 -9.68569 
             47.4001   -0.04818 -0.0370461  -0.265664  0.0192694 -0.0136909 0.00151141  0.00235922   0.0208332 0.000595569 -0.0109808 -0.0232388  0.0441234 -0.00254693  0.00197223 -0.00124421 0.000532021 -0.00228892 -0.00384059   0.00335169 -0.000459177   0.00207832   1.54771 0.0904173  -9.68571 
                47.5  0.0535507 -0.0448178  -0.283432  0.0193989 -0.0161594 0.00550985 0.000893178   0.0203919 0.000366505 -0.0109797  -0.023237  0.0441257 -0.00275374 -0.00579193  0.00698262  0.00038889 -0.00227978  -0.0038202   0.00342644 -0.000177018   0.00107685   1.54779 0.0901801  -9.68569 
             47.5999 -0.00962595  -0.0238333   -0.252407  0.0182657 -0.0155247 0.00540481  0.00145219   0.0209579 0.000445697 -0.0109795 -0.0232369  0.0441254 -0.00533623 -0.00203374  0.00647032 0.000475342 -0.00230621 -0.00386564   0.00351247 -0.000283022   0.00120863    1.5477 0.0902747  -9.68571 
             47.6999 -0.0295414  -0.162143  -0.279745  0.0180991 -0.0141819  0.0084594  0.00229189   0.0204662 0.000572295 -0.0109779 -0.0232371  0.0441251 -0.00753178  0.00255829   0.0103277  0.00050299 -0.00211546 -0.00382883   0.00350668 -0.000442038  0.000655621   1.54779 0.0904252  -9.68569 
             47.7994 -0.0323622 -0.0153269  -0.362881  0.0178463 -0.0128189 0.00662063  0.00261774   0.0203715 0.000627581 -0.0109778 -0.0232355  0.0441259 -0.00379876  0.00670804  0.00501916 0.000504692 -0.00232167 -0.00371356  0.00337172 -0.00050588   0.0013884    1.5478 0.0904668  -9.68569 
             47.8999  0.0752932 -0.0815569  -0.304768  0.0190429 -0.0122393 0.00822405 0.00268953  0.0193625  0.0006475 -0.0109778 -0.0232354  0.0441259 -0.00103227  0.00431717  0.00518392 0.000371116  -0.0022241 -0.00379307  0.00320617 -0.00051913  0.00120402   1.54797 0.0904798  -9.68566 
             47.9999 -0.0386322 -0.0858562  -0.369156  0.0185927 -0.0114951 0.00841091  0.00270845   0.0195293 0.000648373 -0.0109778 -0.0232355  0.0441259 -0.00234013  0.00715196   0.0043843 0.000520556 -0.00221876 -0.00370869   0.00322697 -0.000522987   0.00127464   1.54794 0.0904822  -9.68567 
             48.0998 -0.0240313 -0.0928709  -0.295903   0.018994 -0.0129735 0.00824717  0.00165255   0.0192069 0.000497371 -0.0109787 -0.0232358  0.0441257 -0.00201214  0.00340731   0.0038375 0.000496623 -0.00220849 -0.00380767   0.00314174 -0.000320244   0.00141918   1.54799 0.0902979  -9.68566 
             48.1999   0.091131 -0.0738289  -0.267958  0.0196528  -0.009708 0.00660725  0.00313464   0.0189077 0.000712311 -0.0109766 -0.0232378  0.0441232 0.000193543  0.00863457 0.000162619 0.000343769 -0.00223345 -0.00384324   0.00301945 -0.000611146   0.00183651   1.54804 0.0905409  -9.68565 
             48.2999 -0.0632623 -0.0855124  -0.314367  0.0190467 -0.0116933 0.00776696  0.00160183   0.0191123 0.000495774 -0.0109764 -0.0232387  0.0441205 -0.00219076  0.00465032 0.000823139 0.000550589 -0.00221728 -0.00378165   0.00309836 -0.000313375   0.00158817     1.548 0.0902871  -9.68566 
             48.3999   0.145269 -0.0327034  -0.287012  0.0190711 -0.0118016 0.00686281 0.00152649  0.0191398 0.00048854 -0.0109761 -0.0232395   0.044121  -0.00163189   0.00211257 -0.000659804 0.000276078 -0.00228352 -0.00382082   0.00306941 -0.000300417   0.00180909    1.548 0.090271 -9.68566 
             48.4999 -0.0382372 -0.0390209  -0.291346  0.0186037 -0.0117359  0.0045935  0.00135915   0.0194673 0.000454368 -0.0109756 -0.0232386  0.0441209 -0.00247071  0.00374109 -0.00509278 0.000526065 -0.00227652 -0.00381056  0.00306709 -0.00026962  0.00223336   1.54794 0.0902367  -9.68567 
             48.5998 -0.042605 -0.103898 -0.316069  0.0197069 -0.0121187 0.00569108 0.000976467   0.0185421 0.000404417 -0.0109753 -0.0232389  0.0441194 -0.00140024  0.00352464 -0.00136448 0.000527239 -0.00219558 -0.00377958   0.00293053 -0.000193893   0.00193714   1.54809 0.0901714  -9.68565 
             48.6999  0.0846988 -0.0277423  -0.366051  0.0194638 -0.0138802 0.00412615 -1.61252e-05      0.01875  0.000254586 -0.0109736 -0.0232397  0.0441208 -0.00115809 -0.00244953  -0.0039095 0.000377799 -0.00228978 -0.00371147  0.00292763 -1.9031e-07   0.0022228   1.54805 0.0899973  -9.68565 
             48.7994  -0.024057 -0.0518632  -0.276774   0.0176056  -0.0156867 0.000210539 -0.000788069    0.0197358  0.000122265 -0.0109743 -0.0232378    0.04412 -0.00436466 -0.00411325  -0.0110897  0.00051109 -0.00226152   -0.003831  0.00303488 0.000149168  0.00278185   1.54789 0.0898607  -9.68568 
             48.9006  0.0390927 -0.0432147  -0.350974  0.0186785 -0.0153191 0.00587874 -0.000402433     0.018586  0.000192136 -0.0109747 -0.0232368  0.0441197  -0.0020271 -0.00330356  0.00117968 0.000435474 -0.00226892 -0.00373937  0.00301179 7.88759e-05  0.00148657   1.54808 0.0899419  -9.68565 
             48.9998 -0.000850265   -0.0873184    -0.298126  0.0197653 -0.0163436 0.00657664 -0.000625182    0.0178896  0.000163803 -0.0109748 -0.0232374  0.0441186 -0.000727936  -0.00268717   0.00223313 0.000483386 -0.00221273 -0.00381014  0.00288178 0.000122638  0.00144418   1.54819 0.0899004  -9.68563 
             49.0998 -0.0672165 -0.0265119  -0.270145  0.0182885 -0.0148612 0.00521998 4.89846e-05    0.018732 0.000261901 -0.0109743 -0.0232364  0.0441189 -0.00291423  0.00253095 -0.00148692 0.000544879 -0.00228926 -0.00384645   0.00300972 -1.12636e-05   0.00169383   1.54806 0.0900162  -9.68565 
             49.1999   0.112586 -0.0630852  -0.359405   0.019033 -0.0156525 0.00443092 -0.000284255    0.0182921  0.000213404  -0.010974 -0.0232364  0.0441195 -0.00128934 -0.00141117 -0.00191342 0.000322405 -0.00224242  -0.0037392  0.00289933 5.43004e-05  0.00184059   1.54813 0.0899541  -9.68564 
             49.2998 -0.0414849 -0.0246257  -0.280526  0.0177921 -0.0150989 0.00361601 -9.63025e-05    0.0188687  0.000242664 -0.0109739 -0.0232358  0.0441194 -0.00316786  0.00179319 -0.00422249 0.000516506 -0.00228789 -0.00383848  0.00300236 1.67155e-05  0.00191733   1.54803 0.0899881  -9.68566 
             49.3998  0.0425163 -0.0698074   -0.36892  0.0179314 -0.0153981 0.00627729 -0.000240464    0.0184216  0.000217532 -0.0109732 -0.0232349  0.0441194 -0.00363584 0.000846902  0.00115646 0.000416788 -0.00223251 -0.00372783  0.00299701 4.88955e-05  0.00138024   1.54811 0.0899682  -9.68565 
             49.4998  0.0275672 -0.0600581  -0.229547  0.0200522 -0.0117767 0.00781902  0.00130419   0.0172188 0.000436575 -0.0109697  -0.023238  0.0441189 0.00243662 0.00865493 0.00366424 0.000423779 -0.00224169 -0.00390063   0.00278857 -0.000260562   0.00116665  1.54832 0.090229 -9.68561 
             49.5998  0.0557267 -0.0697961  -0.411082  0.0207212 -0.0136181  0.0082823 0.000172966    0.016991 0.000265695 -0.0109669 -0.0232376  0.0441195  0.0030468 0.00285954 0.00349536 0.000394765  -0.0022278 -0.00367665   0.00274374 -3.33531e-05   0.00116871   1.54835 0.0900334  -9.68561 
             49.6999   0.061484 -0.0580706  -0.288937  0.0206154 -0.0105772 0.00761054  0.00170819   0.0171226 0.000488014 -0.0109647 -0.0232379  0.0441195 0.00261919  0.0110262  0.0024078 0.000380745 -0.00224042 -0.00383194   0.00274872 -0.000343407   0.00131146   1.54833 0.0902963  -9.68561 
             49.7995 -0.0333357  -0.104003  -0.294758   0.0220684 -0.00956091  0.00900263  0.00127703   0.0166077 0.000432969 -0.0109647 -0.0232386   0.044118 0.00290112  0.0105996 0.00293501 0.000508557 -0.00218011  -0.0038229   0.00267064 -0.000255504   0.00116242   1.54842 0.0902199  -9.68559 
             49.8998   0.121096 0.00809407  -0.281774   0.017891 -0.0100539 0.00518246 0.000740783   0.0189581 0.000336412 -0.0109635 -0.0232396  0.0441154 -0.00609567  0.00447734 -0.00386251 0.000339087 -0.00231377 -0.00382705   0.00304751 -0.000148918   0.00182067   1.54801 0.0901394  -9.68566 
             49.9999 0.00229929 -0.0357571  -0.344109  0.0178066 -0.0142696 0.00387291 -0.00117217    0.018704 4.88173e-05 -0.0109614  -0.023239  0.0441126 -0.00497529 -0.00446479 -0.00660733 0.000485643 -0.00225881 -0.00375238  0.00297272 0.000237514  0.00197955  1.54804 0.089808 -9.68566 
             50.0999  0.0277249 -0.0427049  -0.319858  0.0150312 -0.0139149 0.00402137 -0.000854837    0.0195949  8.97904e-05 -0.0109613 -0.0232392  0.0441132   -0.010677 -0.00269218 -0.00504565 0.000451397 -0.00225212 -0.00378467  0.00318125 0.000175002  0.00179863    1.5479 0.0898693  -9.68568 
             50.1997  0.091441 -0.112959 -0.325769  0.0178374 -0.0136323 0.00675067 -0.00054867   0.0177577 0.000144087 -0.0109604 -0.0232383  0.0441092 -0.00366712 -0.00216668 0.000788907 0.000375423 -0.00216762  -0.0037797  0.00288003 0.000114786  0.00133291   1.54821 0.0899124  -9.68563 
             50.2998  -0.0170803 -0.00814772   -0.258026  0.0158531 -0.0121592 0.00210784 -7.21167e-06     0.018731  0.000212913 -0.0109584 -0.0232355  0.0441092 -0.00510985  0.00277253 -0.00806768 0.000491716 -0.00228968 -0.00386102  0.00296251 2.11178e-06  0.00207999   1.54804 0.0900059  -9.68566 
             50.3998  0.0919471 -0.0114868  -0.328566   0.0174533  -0.0141958 0.000284495 -0.000858274    0.0178896  8.74532e-05 -0.0109576 -0.0232351  0.0441109 0.000448306 -0.00357377 -0.00986147 0.000368171 -0.00228217 -0.00377496  0.00275596 0.000174028  0.00230614   1.54818 0.0898532  -9.68564 
             50.4997 -0.0272512 -0.0224447  -0.307743    0.0182104    -0.012338 -0.000132324 -3.37506e-05    0.0175553  0.000215769 -0.0109576 -0.0232353  0.0441124  0.00199436  0.00307973 -0.00841963 0.000500402   -0.002266 -0.00380071  0.00269885 6.73522e-06  0.00223064   1.54824 0.0899917  -9.68563 
             50.5999 0.00211281  -0.054444  -0.284518  0.0193933 -0.0131821 0.00238656 -0.000435129    0.0169497  0.000155675 -0.0109571 -0.0232358   0.044112  0.00354812 0.000933486 -0.00221157 0.000474606 -0.00223218 -0.00382783  0.00266112 9.16248e-05  0.00167686   1.54834 0.0899219  -9.68561 
             50.6998   0.0945433 0.000347322   -0.244089  0.0188607 -0.0106237  0.0019912 0.000587348   0.0173655 0.000304084  -0.010956 -0.0232352  0.0441097  0.00226281  0.00493278 -0.00226565 0.000364235 -0.00229338 -0.00387292   0.002747 -0.0001175 0.00167612   1.54828 0.0900985  -9.68562 
             50.7996  0.074453 -0.040052 -0.340168  0.0195297 -0.0117289 0.00661252 2.23118e-05   0.0168801 0.000227074 -0.0109544 -0.0232345    0.04411  0.0017208 0.00105833 0.00631096 0.000395058  -0.0022434 -0.00376324   0.0027726 1.62871e-06 0.000871302   1.54836 0.0900048  -9.68561 
             50.8999  0.0556335 -0.0552136  -0.296127  0.0199207 -0.0109973  0.0102031 0.000290688   0.0166425 0.000266639 -0.0109539 -0.0232346    0.04411 0.0013043 0.0022519 0.0120292 0.000420957 -0.00223052 -0.00381049   0.00279602 -5.06115e-05  0.000402515   1.54841 0.0900507   -9.6856 
             50.9997 0.00669575  -0.116778  -0.329947  0.0192966 -0.0142542  0.0111794  -0.0010973   0.0169065 6.73876e-05 -0.0109532 -0.0232348  0.0441088 -0.00230322 -0.00490589   0.0109774 0.000472395 -0.00216094 -0.00377351  0.00285077 0.000233839 0.000407676   1.54836 0.0898167  -9.68561 
             51.0998  0.0744386 -0.0591716  -0.385506   0.019856 -0.0137409    0.01186 -0.000672506    0.0166484   0.00012876 -0.0109539 -0.0232342  0.0441087 -0.000383685  -0.00309707    0.0104553 0.000397714 -0.00222505 -0.00370966  0.00278226 0.000146234 0.000500099    1.5484 0.0898872   -9.6856 
             51.1999 0.0577674 -0.140392 -0.235488  0.0198143 -0.0115211  0.0128732 0.000309355   0.0165892 0.000265133 -0.0109514 -0.0232347  0.0441085 -0.00244481  0.00182446  0.00997378 0.000405136 -0.00213764 -0.00388557   0.00277171 -5.69336e-05  0.000490166   1.54842 0.0900538   -9.6856 
             51.2998 -0.0897242   -0.10505  -0.303495  0.0199865 -0.0130583  0.0123348 -0.000437874    0.0165035  0.000159478 -0.0109514 -0.0232336  0.0441063 -0.00251748  0.00111566  0.00709902 0.000568198 -0.00217702 -0.00380862  0.00271585 9.61332e-05 0.000732442   1.54843 0.0899265   -9.6856 
             51.3997   0.129687 -0.0776288  -0.298559  0.0199691 -0.0112639  0.0116317  0.00029165   0.0165067 0.000271375 -0.0109511 -0.0232346   0.044104 -0.00205167  0.00184557  0.00373197 0.000326801 -0.00220861 -0.00381405   0.00268304 -5.83659e-05  0.000948159   1.54843 0.0900516  -9.68559 
             51.4998  0.0206313 -0.0985443   -0.30161    0.021942 -0.00978855   0.0112506 0.000912464   0.0155779 0.000359473 -0.0109511 -0.0232345  0.0441047   0.004293  0.0064933 0.00252659 0.000446405 -0.00218609 -0.00381067   0.00246843 -0.000188879    0.0010754  1.54859 0.090151 -9.68557 
             51.5997   0.141415 -0.0811659  -0.278077    0.020881 -0.00961686   0.0127752 0.000726062   0.0160888 0.000334298 -0.0109515 -0.0232332  0.0441051 -0.000949422   0.00134631   0.00441678 0.000306623 -0.00220549 -0.00383785   0.00260144 -0.000147787  0.000906345   1.5485 0.090122 -9.68558 
             51.6999 0.0434879 -0.165215 -0.335654  0.0210079 -0.0113456  0.0139188 -8.00131e-05    0.0159198  0.000216315 -0.0109504 -0.0232333  0.0441045 -0.00179603 -0.00217548  0.00676321  0.00041504 -0.00211509 -0.00377962  0.00259745  2.2951e-05 0.000709528   1.54853 0.0899828  -9.68558 
             51.7995 0.0488196 -0.121131 -0.330252  0.0188914 -0.0117688  0.0121191 -0.000105048    0.0165812  0.000217717 -0.0109504 -0.0232334  0.0441042 -0.00652458 -0.00284258 0.000761278 0.000407066 -0.00217003 -0.00378761  0.00268057 2.62999e-05  0.00107114   1.54842 0.0899828   -9.6856 
             51.8997   0.102028 -0.0900997  -0.346908   0.0198857 -0.00972297  0.00738939 0.000674071   0.0162645 0.000320995 -0.0109496  -0.023234  0.0441045 -0.00207771  0.00112769 -0.00827647 0.000333699 -0.00220382 -0.00377103   0.00249443 -0.000145024   0.00182944   1.54848 0.0901223  -9.68559 
             51.9997 -0.0428348 -0.0293463  -0.229624   0.0199337 -0.00968534  0.00334918 0.000526351   0.0163619 0.000297476 -0.0109485 -0.0232326  0.0441043 -0.000107867   0.00253209   -0.0141487 0.000486446 -0.00226867 -0.00389612    0.0024416 -0.000118781   0.00230952   1.54847 0.0901039  -9.68559 
             52.1005  0.0187222 -0.0854274  -0.312168  0.0219625 -0.0116862 0.00475361 -0.000211663    0.0154165  0.000179463 -0.0109481 -0.0232321  0.0441037  0.00396456 -0.00289777  -0.0110637 0.000434812 -0.00220321 -0.00380172   0.0022768 4.00705e-05  0.00207352   1.54862 0.0899687  -9.68556 
             52.1998  -0.0134916 -0.00704008   -0.270549   0.021532 -0.0124121 0.00110425 -0.000438321    0.0158125  0.000153267 -0.0109471 -0.0232312  0.0441028  0.00166442 -0.00226509  -0.0147363 0.000459608 -0.00227483 -0.00383548  0.00230356 8.35136e-05  0.00245209  1.54855 0.089938 -9.68558 
             52.2996 -0.035537  -0.01091  -0.30438  0.0206311 -0.0125725 0.00118586 -0.000398419    0.0160775  0.000159135 -0.0109477 -0.0232323  0.0441026  0.000402118 -0.000553959   -0.0108329 0.000463612 -0.00227175 -0.00382148  0.00242124 7.71519e-05  0.00206134   1.54851 0.0899444  -9.68558 
             52.3997    0.0981067 -0.000696068    -0.249573    0.018789 -0.00775063  0.00107437 0.00105416  0.0165986 0.00038288 -0.0109468 -0.0232312  0.0440988 -0.00269969  0.00791495  -0.0100645 0.000310543 -0.00228908 -0.00387586   0.00255524 -0.000231839   0.00191472   1.54843 0.0901937  -9.68559 
             52.4998  0.0942814 -0.0134576  -0.298935  0.0201096 -0.0106612 0.00397626 0.000112944   0.0159792 0.000244153 -0.0109455 -0.0232298  0.0440997 0.000475861 -0.00100453 -0.00333274 0.000339831 -0.00226759 -0.00382733   0.00249682 -2.65518e-05   0.00144791   1.54853 0.0900336  -9.68558 
             52.5997 -0.0784108 -0.0338905  -0.308703  0.0214618 -0.0103683 0.00451012  0.00014397   0.0155589 0.000255965 -0.0109453 -0.0232298  0.0440993  0.00340066  0.00296027 -0.00117113 0.000519344 -0.00224303 -0.00382571   0.00241668 -3.33766e-05   0.00136737   1.5486 0.090039 -9.68557 
             52.6998  0.102715 -0.128284 -0.299668   0.0224298 -0.00990269  0.00955271  0.00030139   0.0151304 0.000269714 -0.0109422 -0.0232274   0.044098  0.00222478 0.000569903  0.00680181 0.000322069 -0.00213825 -0.00383929   0.00242012 -6.33216e-05  0.000737835   1.54868 0.0900686  -9.68555 
             52.7996  0.0139509 -0.0623333  -0.325916   0.0202254 -0.00979195   0.0095263 0.000259795   0.0159384 0.000262684 -0.0109424 -0.0232282  0.0440975 -0.00381789  0.00201273  0.00679656 0.000420938 -0.00220996 -0.00381315   0.00259336 -5.38614e-05  0.000783521   1.54854 0.0900632  -9.68558 
             52.8997 0.0339992  -0.11524  -0.30651   0.021979 -0.0105412   0.013037 1.60917e-05   0.0150999 0.000226513 -0.0109416 -0.0232289  0.0440965 -0.000417722 -0.000254582    0.0109752 0.000405476 -0.00215084 -0.00383152  0.00245605 1.42347e-06 0.000459637   1.54869 0.0900202  -9.68555 
             52.9997 0.0466334 -0.133458 -0.384618  0.0200426 -0.0113465   0.015046 -0.00022459   0.0156465 0.000194803 -0.0109409 -0.0232304  0.0440968 -0.00680116 -0.00209862   0.0122911 0.000384831 -0.00213415 -0.00375456  0.00260135 5.55425e-05 0.000307718    1.5486 0.0899825  -9.68557 
             53.0997 0.0415464 -0.148876 -0.334587  0.0186747 -0.0137397  0.0149836 -0.00103377   0.0160135 8.66716e-05 -0.0109416 -0.0232301  0.0440968  -0.0111288 -0.00742893    0.010765 0.000391619 -0.00211559 -0.00380955  0.00266778  0.00023312 0.000408193   1.54853 0.0898456  -9.68558 
             53.1997 -0.0481437  -0.145996  -0.275373  0.0164497 -0.0122286  0.0114367 -0.000392512    0.0166612  0.000169057 -0.0109405 -0.0232268  0.0440986  -0.0138893 -0.00147599 0.000956972 0.000484618 -0.00212182 -0.00386716   0.0027187 8.88686e-05  0.00100953   1.54842 0.0899565   -9.6856 
             53.2998 0.0807093 -0.117071 -0.299242  0.0142172 -0.0127557  0.0120045 -0.000408118    0.0166086  0.000168675 -0.0109405 -0.0232267  0.0440987  -0.0159929 -0.00337572  0.00235922  0.00034968 -0.00215059 -0.00384099  0.00271449 9.28197e-05 0.000963055   1.54843 0.0899535  -9.68559 
             53.3997 0.0879682 -0.110713 -0.337901   0.018378 -0.0138327  0.0104521 -0.000744723    0.0148494  0.000122466 -0.0109399 -0.0232258  0.0441015 -0.00324882 -0.00598774  -0.0017185 0.000332913 -0.00215737 -0.00380875  0.00227092 0.000165447   0.0013084   1.54873 0.0898773  -9.68555 
             53.4998  0.0407336 -0.0433251  -0.349075    0.01608 -0.0145773 0.00831523 -0.000823913    0.0156215  0.000103683 -0.0109389 -0.0232266  0.0440987 -0.00765778 -0.00622417 -0.00551487 0.000383485 -0.00223126 -0.00379714  0.00240587 0.000181001  0.00154321    1.5486 0.0898696  -9.68557 
             53.5997   0.12654 -0.086488  -0.32163  0.0169693 -0.0145653 0.00793976 -0.00054887   0.0150339 0.000146168 -0.0109389  -0.023227  0.0440981 -0.00486428 -0.00644389 -0.00520202 0.000292943 -0.00219062 -0.00383161  0.00227419 0.000119854  0.00154527    1.5487 0.0899114  -9.68555 
             53.6998  0.0387696 -0.0641347  -0.329803  0.0186281 -0.0148843 0.00731709 -0.000462522    0.0143322  0.000161786 -0.0109389  -0.023227  0.0440987 -5.77775e-06  -0.00498384  -0.00579798 0.000380949  -0.0022127 -0.00382456  0.00211025 0.000100641  0.00159341   1.54882 0.0899191  -9.68553 
             53.7995 0.0302957 -0.100934 -0.323836   0.016317 -0.0176933 0.00686701 -0.00105962     0.01493  6.9846e-05  -0.010939 -0.0232269  0.0440988 -0.00627178 -0.00876066 -0.00586944 0.000394979 -0.00217752 -0.00383101  0.00225764 0.000233433  0.00150826   1.54871 0.0898239  -9.68555 
             53.9004    0.115604 -0.00895484   -0.342107  0.0191079 -0.0138477 0.00611632 0.000419345   0.0139362 0.000307756 -0.0109392 -0.0232268  0.0440985 0.00349621 0.00030272 -0.0073679 0.000286679 -0.00226974 -0.00382081   0.00201418 -9.61639e-05   0.00162713    1.5489 0.0900639  -9.68552 
             53.9997 -0.0212385 -0.0621018  -0.321309  0.0205975 -0.0142352 0.00343854 0.000213921   0.0137491 0.000270016 -0.0109395 -0.0232259  0.0440974  0.00442763  0.00162033 -0.00904206 0.000417321 -0.00221935 -0.00384284   0.00194385 -5.12646e-05    0.0018076   1.54893 0.0900272  -9.68552 
             54.0996  0.0785448 0.00770406  -0.351072  0.0211665 -0.0138565 0.00443092 0.000371245   0.0136841 0.000294894   -0.01094 -0.0232256  0.0440972   0.0064994 0.000427979   -0.006268 0.000316351 -0.00228996 -0.00381756  0.00196707 -8.5299e-05  0.00156586   1.54894 0.0900536  -9.68551 
             54.1998 0.00709082 -0.0725568  -0.331383  0.0201517 -0.0137128 0.00633649 0.000394887   0.0139995 0.000296607 -0.010939 -0.023226 0.0440987  0.00156223  0.00109541 -0.00255227 0.000384193  -0.0022098 -0.00384159   0.00209316 -8.85935e-05   0.00122591   1.54888 0.0900623  -9.68552 
             54.2997 -0.00681705  -0.0451715   -0.286005  0.0201176 -0.0111046 0.00762479  0.00103247    0.014016 0.000390609 -0.0109377 -0.0232263  0.0440995  0.00144604  0.00672898 0.000167785 0.000401024 -0.00223764 -0.00388759   0.00212771 -0.000232192   0.00102453   1.54889 0.0901725  -9.68552 
             54.3996  0.0206669 -0.0576479  -0.396372  0.0211485 -0.0111586 0.00906853 0.000839807   0.0136869 0.000362937 -0.0109371 -0.0232255  0.0440993 0.00256046 0.00526675 0.00251256 0.000376754 -0.00222043  -0.0037811   0.00207791 -0.000186572    0.0008593   1.54894 0.0901365  -9.68551 
             54.4997   0.124115 -0.0204065  -0.287592  0.0189683 -0.0110858 0.00965818 0.000765845   0.0144061 0.000354357 -0.0109375 -0.0232231  0.0440993 -0.00231957  0.00199554  0.00342873 0.000278884 -0.00225982 -0.00388679   0.00225751 -0.000167906  0.000776694   1.54882 0.0901313  -9.68553 
             54.5997 0.0293071 -0.135485 -0.383474  0.0180575 -0.0124861  0.0123782 0.000309164   0.0144265 0.000292214 -0.0109353  -0.023224  0.0440996  -0.00648885 -0.000756977   0.00672144 0.000374469 -0.00214371 -0.00379159   0.00231124 -5.99698e-05  0.000471624   1.54881 0.0900553  -9.68553 
             54.6996 -0.0333939 -0.0619652   -0.32554  0.0185092 -0.0113977  0.0112472 0.000598447   0.0142004 0.000325924 -0.0109351 -0.0232236  0.0441007 -0.00335773  0.00339912  0.00386692 0.000428891 -0.00221613 -0.00384855    0.0022218 -0.000128642  0.000713902   1.54885 0.0901008  -9.68553 
             54.7996  0.0261764 -0.0975905  -0.358501  0.0193381 -0.0134091 0.00921652 -4.84027e-05    0.0139066  0.000237671 -0.0109352 -0.0232235  0.0441006 -0.000903392  -0.00196279  -0.00201899 0.000376838 -0.00217856 -0.00381494  0.00210503 1.80144e-05  0.00104007   1.54889 0.0899844  -9.68552 
             54.8996 0.0299765 -0.144525 -0.312845  0.0207409 -0.0111627  0.0110334 0.000694344   0.0133489 0.000323463 -0.0109337  -0.023224  0.0440994 0.000536487  0.00392912  0.00212129 0.000374639 -0.00213384 -0.00386229  0.00200973  -0.0001515 0.000801154     1.549 0.0901054   -9.6855 
             54.9997 0.0396612 -0.150123 -0.337197  0.0180588 -0.0120712   0.013438 0.000327781   0.0140106 0.000285424 -0.0109334 -0.0232238     0.0441 -0.00764771 0.000633444  0.00508292 0.000360992 -0.00213223 -0.00384021   0.00221228 -6.27931e-05  0.000492581   1.54888 0.0900536  -9.68552 
             55.0997  0.0507361 -0.0968806  -0.272937 0.0170449 -0.013097 0.0111531 2.72516e-06   0.0141976 0.000247414 -0.0109333 -0.0232241  0.0441002  -0.00771861  -0.00260223 -0.000808404 0.000346962 -0.00218458 -0.00390588  0.00220401 8.87214e-06 0.000842494   1.54885 0.0899984  -9.68553 
             55.1995 0.0528045 -0.139651 -0.314984  0.0164777 -0.0136803  0.0115061 -8.31179e-05    0.0140772  0.000234918 -0.0109333  -0.023224  0.0441002 -0.00889935 -0.00349362 -0.00066073 0.000349357 -0.00214224 -0.00386339  0.00218272 2.92374e-05 0.000794182   1.54886 0.0899827  -9.68553 
             55.2995  0.0957766 -0.0873991  -0.310554  0.0155291 -0.0120436  0.0104296 0.000475945    0.014169 0.000307654 -0.0109334 -0.0232243  0.0440993 -0.00974765 7.65181e-05 -0.00192645 0.000304947 -0.00219257 -0.00386986   0.00218549 -0.000104062  0.000917892   1.54886 0.0900797  -9.68553 
             55.3997 0.0688539 -0.100752 -0.310261  0.0172919 -0.0115832 0.00946631 0.000607221   0.0133946 0.000320401 -0.0109334 -0.0232236     0.0441 -0.00372554  0.00102675 -0.00348059 0.000330751  -0.0021788 -0.00387274    0.0019819 -0.000136743   0.00104046   1.54899 0.0900959   -9.6855 
             55.4996 -0.000614871   -0.0759494     -0.32494  0.0172069 -0.0118313 0.00809384 0.000473468   0.0133529 0.000301816 -0.0109331 -0.0232231  0.0440997 -0.00343452  0.00149682  -0.0054337 0.000392159  -0.0022022 -0.00386229   0.00195305 -0.000106068   0.00116596     1.549 0.0900727   -9.6855 
             55.5995  0.0900709 -0.0716968  -0.289482  0.0178115 -0.0119402 0.00647192 0.000436475   0.0131301 0.000298199 -0.0109329 -0.0232236  0.0440999  -0.00152022 -0.000334138  -0.00812646  0.00030844 -0.00220371 -0.00389491   0.00187695 -9.92679e-05   0.00131625   1.54904 0.0900658   -9.6855 
             55.6996 -0.00285926  -0.0363963   -0.300324    0.02109  -0.010436 0.00357732 0.000806636   0.0122763 0.000348618 -0.0109324 -0.0232228  0.0441018 0.00727448 0.00456418 -0.0114497 0.000391123 -0.00224058 -0.00388181   0.00163077 -0.000188732   0.00159669   1.54918 0.0901238  -9.68547 
             55.7995  0.037339  -0.11054 -0.310401  0.0218106 -0.0121897 0.00690498 0.000276249   0.0120577 0.000268905 -0.0109309 -0.0232228  0.0441022   0.00489489 -0.000256254  -0.00350719 0.000363091 -0.00216925 -0.00386985   0.00166385 -5.85614e-05    0.0010462   1.54921 0.0900299  -9.68547 
             55.8995 -8.59814e-05    -0.049536    -0.321112  0.0216412 -0.0128447 0.00668284 9.00962e-05   0.0122417 0.000242457 -0.0109309  -0.023223  0.0441019  0.00371708  -0.0014342 -0.00414155 0.000393256 -0.00222747 -0.00386367   0.00171176 -1.41936e-05   0.00102317   1.54918 0.0899993  -9.68547 
             55.9996 -0.00803148  -0.0630842    -0.30962   0.020511 -0.0135403 0.00480681 -8.13995e-05    0.0127128  0.000217471  -0.010931 -0.0232227  0.0441021 -0.000253477  -0.00185755  -0.00686991 0.000402561 -0.00221652 -0.00387239  0.00180155 2.61362e-05  0.00117634    1.5491 0.0899723  -9.68549 
             56.0995 -0.0296575  -0.033569  -0.360625  0.0198485  -0.015091 0.00439657 -0.000471129    0.0129048  0.000162095 -0.0109304 -0.0232232  0.0441016 -0.000932676  -0.00424233  -0.00702832 0.000424266 -0.00224529 -0.00382405  0.00185388 0.000118964  0.00114163   1.54907 0.0899077  -9.68549 
             56.1996  0.0961845 -0.0574613  -0.349436  0.0205558 -0.0136783 0.00736015 8.27484e-05   0.0125328 0.000237589 -0.0109301 -0.0232207  0.0440988 -0.000149188  -0.00164215 -0.000156606 0.000313076 -0.00222122 -0.00383355   0.00182885 -1.10467e-05  0.000713275   1.54913 0.0900026  -9.68548 
             56.2996 -0.0514838 -0.0594963  -0.358602  0.0217224 -0.0119997 0.00609452 0.000495335   0.0122634 0.000291329 -0.0109303 -0.0232202  0.0440997  0.00304882  0.00495864 -0.00281204 0.000448199 -0.00221632 -0.00382877   0.00173733 -0.000110782  0.000875145   1.54918 0.0900684  -9.68547 
             56.3996  0.0802642 -0.0942794  -0.387657  0.0214835 -0.0118429 0.00773471 0.000462218   0.0123261 0.000286002 -0.0109298 -0.0232194  0.0441001 0.000429851  0.00298616  0.00052918 0.000325175 -0.00218435 -0.00380686   0.00178799 -0.000100807  0.000646722   1.54917 0.0900658  -9.68548 
             56.4995 -0.0247842  -0.106991   -0.38841  0.0226306 -0.0102059 0.00819891 0.000781649   0.0120126 0.000325065 -0.0109296 -0.0232195  0.0441004   0.0028322  0.00764905 0.000405518 0.000419625 -0.00217438 -0.00380486   0.00171576 -0.000177375  0.000610341   1.54923 0.0901159  -9.68547 
             56.5996   0.102078 -0.0834669  -0.315827   0.0210654 -0.00912096  0.00847237  0.00106801   0.0125415 0.000367337 -0.0109288 -0.0232172  0.0440993 -0.00201277  0.00925143  0.00202849 0.000307088 -0.00219484 -0.00387264   0.00185535 -0.000246645  0.000547196   1.54914 0.0901743  -9.68548 
             56.6995    0.16289 -0.0646302  -0.290981   0.0184901 -0.00927808   0.0100801 0.000760035   0.0129908 0.000333404 -0.0109306 -0.0232133  0.0440999 -0.00649237   0.0018414  0.00324963 0.000246672   -0.002215 -0.00389782   0.00198867 -0.000169638  0.000385285   1.54907 0.0901312  -9.68549 
             56.7996  0.0685917 -0.0796396  -0.309444  0.0197559 -0.0085954  0.0107477 0.000864139   0.0124612 0.000346033 -0.0109306 -0.0232134  0.0441002 -0.00299192  0.00399535  0.00505532 0.000327446 -0.00220261 -0.00388573   0.00186013 -0.000194813  0.000366549  1.54916  0.09014 -9.68548 
             56.8995  0.153692 -0.110093  -0.34571  0.0191961 -0.0122186  0.0108958 -5.78192e-05    0.0124836  0.000234306 -0.0109295 -0.0232137  0.0441018 -0.00445544 -0.00723624  0.00347493 0.000251033 -0.00217393 -0.00385377   0.0018621  3.1845e-05 0.000404769  1.54914 0.089983 -9.68548 
             56.9996  0.0116901 -0.0822543  -0.403149  0.0163122 -0.0155502  0.0105584 -0.000735028    0.0130683  0.000156537 -0.0109277 -0.0232157  0.0440983 -0.0101562 -0.0114805  0.0011311 0.000386393 -0.00219812 -0.00379997  0.00200197 0.000194775 0.000452411   1.54903 0.0898779   -9.6855 
             57.0995 0.0733082 -0.087497 -0.394804  0.0177395 -0.0189224 0.00743235 -0.00143021    0.012584 6.59865e-05 -0.0109269  -0.023215  0.0440981  -0.0045692  -0.0182974 -0.00531379 0.000334311 -0.00219361  -0.0038077   0.0018213 0.000362551 0.000879509    1.5491 0.0897607  -9.68549 
             57.1995 0.0439793 -0.094939 -0.371908  0.0185969 -0.0194991 0.00735397 -0.00114804   0.0122284 9.68562e-05 -0.0109267 -0.0232154  0.0440983 -0.00253965  -0.0153873 -0.00408572 0.000360483 -0.00218598 -0.00382957  0.00173654  0.00029421 0.000849854   1.54916 0.0898019  -9.68548 
             57.2994  0.0619809 -0.0980086  -0.310763  0.0210693 -0.0155504 0.00791333 0.000290335   0.0115384  0.00025738  -0.010922 -0.0232188  0.0440984  0.00349102 -0.00372314 -0.00238784 0.000351162 -0.00218287 -0.00388347  0.00157678 -6.0002e-05 0.000751243    1.5493 0.0900301  -9.68545 
             57.3995   0.0240562 -0.00849264   -0.334526  0.0212137 -0.0135864  0.0049944 0.000781089   0.0117351 0.000320042 -0.0109205 -0.0232182  0.0440988   0.0049734  0.00215141 -0.00688278 0.000389525  -0.0022604 -0.00386168    0.0015805 -0.000184018    0.0010522   1.54928 0.0901211  -9.68546 
             57.4995   0.106727 -0.0489233  -0.370229  0.0208192 -0.0153942 0.00705505 0.000363036   0.0118191 0.000263709 -0.0109202 -0.0232177  0.0441001  0.00163509 -0.00333633 -0.00146077 0.000318818 -0.00222365 -0.00383366   0.00164993 -7.66508e-05  0.000736891   1.54926 0.0900467  -9.68546 
             57.5995 0.00815782    -0.0805  -0.253406  0.0226886  -0.011403 0.00756947  0.00135404   0.0113918 0.000385978 -0.0109163 -0.0232201  0.0441012   0.00537748   0.00674921 -0.000114248  0.00041071 -0.00219399 -0.00393881   0.00155101 -0.000322645  0.000673995   1.54934 0.0902058  -9.68545 
             57.6994    0.1138 -0.104491 -0.392782  0.0236672 -0.0117637  0.0101026    0.001188     0.01115 0.000359747 -0.0109151 -0.0232188  0.0441014 0.00445339 0.00336287 0.00514024 0.000322511 -0.00217009 -0.00381418   0.00153325 -0.000278696  0.000392536   1.54938 0.0901706  -9.68544 
             57.7994 -0.0106015 -0.0577925  -0.299015  0.0222209 -0.0127258  0.0107246 0.000838123   0.0116388   0.0003151 -0.0109161 -0.0232178  0.0440999 -0.000108974   0.00163556   0.00530668 0.000434874  -0.0022129 -0.00389535   0.00166104 -0.000191271  0.000347455    1.5493 0.0901173  -9.68545 
             57.8996  0.118507 -0.111753 -0.419117  0.0234819 -0.0145892   0.013319  0.00044628   0.0112306 0.000257415  -0.010914 -0.0232155  0.0441005  0.00160327 -0.00447285  0.00856585 0.000326112 -0.00216581 -0.00379212   0.00159044 -9.07207e-05  0.000138505   1.54936 0.0900442  -9.68545 
             57.9995  0.0295896 -0.0908053  -0.349912  0.0205206 -0.0154518  0.0142275 0.000297773   0.0120053 0.000236129 -0.0109142 -0.0232152  0.0440999 -0.00642339  -0.0048709  0.00875408 0.000405264 -0.00218248 -0.00385267   0.00179228 -5.41707e-05  8.83134e-05   1.54924 0.0900289  -9.68547 
             58.0995 0.0974223 -0.141831 -0.259231 0.0203411 -0.015286 0.0155492 0.000483762    0.011853 0.000259089 -0.0109134 -0.0232158  0.0440993 -0.00754736 -0.00482651  0.00953743 0.000354068 -0.00213795 -0.00392562    0.0017623 -0.000100641  3.07979e-05   1.54926 0.0900576  -9.68546 
             58.1995 0.0510186 -0.169924 -0.357626  0.0218572 -0.0124299  0.0158168  0.00130294    0.011335 0.000365184 -0.0109151 -0.0232143  0.0440991 -0.00290374  0.00297922  0.00775298 0.000392238 -0.00211729 -0.00384252   0.00161878 -0.000306095  9.07096e-05   1.54936 0.0901863  -9.68544 
             58.2994   0.14035  -0.11587 -0.268708  0.0208127 -0.0124469   0.016522  0.00125523    0.011537 0.000359961 -0.0109155 -0.0232134  0.0440989 -0.00570809 0.000686666  0.00866457 0.000313141 -0.00216607 -0.00392056   0.00167206 -0.000293493  7.81495e-05   1.54933 0.0901806  -9.68545 
             58.3995  0.175176 -0.150499 -0.362902   0.022603 -0.0110845  0.0149948  0.00160826   0.0109973 0.000407813 -0.0109169  -0.023212  0.0440977 -0.000602702   0.00216187   0.00290192 0.000287599 -0.00213121 -0.00383868   0.00148767 -0.000384382   0.00036536   1.54942 0.0902357  -9.68543 
             58.4996  0.114678 -0.102277 -0.354099  0.0204053 -0.0134448   0.015549 0.000969785   0.0115151 0.000324756 -0.0109161 -0.0232133  0.0440951 -0.00707882 -0.00449855  0.00336254 0.000340836 -0.00217646 -0.00384885  0.00163011 -0.00022293 0.000318233   1.54933 0.0901339  -9.68545 
             58.5994  0.126087 -0.105014 -0.263906  0.0184863 -0.0129476  0.0128397   0.0011752   0.0119238 0.000348101 -0.0109151 -0.0232122   0.044095  -0.0100936 -0.00415049 -0.00328472 0.000331436 -0.00217389  -0.0039285   0.00168561 -0.000278238  0.000648152   1.54927 0.0901795  -9.68546 
             58.6994  0.0390218 -0.0883011  -0.420346 0.0178377 -0.016536 0.0101924  0.00037895   0.0119037 0.000236502 -0.0109115 -0.0232105  0.0440921 -0.00933024  -0.0102538 -0.00839239 0.000404463 -0.00218813 -0.00379537   0.00164186 -7.56878e-05  0.000916162   1.54927 0.0900522  -9.68546 
             58.7995  0.117864 -0.133675 -0.345232  0.0198439 -0.0161026  0.0128595 0.000765894   0.0110616 0.000285977 -0.0109111 -0.0232109  0.0440908  -0.00455638  -0.00824479 -0.000897093 0.000337901 -0.00214854 -0.00386375   0.00147299 -0.000172097  0.000574299   1.54941 0.0900985  -9.68544 
             58.8995  0.135499 -0.088244  -0.31254  0.0206782 -0.0164509  0.0116155  0.00105152   0.0107762 0.000322876 -0.0109104 -0.0232119  0.0440909 -0.000780864  -0.00930506  -0.00564203 0.000320788 -0.00218713 -0.00389408   0.00138239 -0.000247993  0.000667687   1.54946 0.0901462  -9.68543 
             58.9995   0.128801 -0.0654489  -0.346328  0.0202708 -0.0169078   0.010084  0.00116632   0.0108898 0.000337805 -0.0109103  -0.023212  0.0440908  -0.0017435 -0.00945474 -0.00849753 0.000325199 -0.00220968 -0.00386398   0.00139995 -0.000279384  0.000748329   1.54944 0.0901701  -9.68543 
             59.0994   0.119286 -0.0216154  -0.366257  0.0210551 -0.0134721 0.00824389  0.00202851   0.0107822 0.000447783 -0.0109107 -0.0232117  0.0440915   0.0015944 -0.00129698  -0.0104327  0.00032605 -0.00224866 -0.00384807   0.00134891 -0.000516475  0.000855079   1.54948 0.0903247  -9.68542 
             59.1994 0.0562467 -0.122027 -0.308759  0.0200316 -0.0158821  0.0106254  0.00161554   0.0108651 0.000398553 -0.0109103 -0.0232122  0.0440916 -0.00295949 -0.00648309 -0.00465978 0.000384652  -0.0021639 -0.00389681   0.00143025 -0.000394375  0.000503862  1.54945 0.090237 -9.68543 
             59.2995 0.0643956 -0.135291 -0.285709    0.02021 -0.0128079  0.0127338  0.00238475   0.0106806 0.000489671 -0.0109076 -0.0232131  0.0440919  -0.00317978   0.00110931 -0.000280769   0.0003813 -0.00214956 -0.00391453   0.00141585 -0.000606809  0.000240837    1.5495 0.0903633  -9.68542 
             59.3994 0.0657154 -0.152704 -0.270599  0.0208545 -0.0134008   0.014735  0.00228261   0.0104139 0.000472047 -0.0109071 -0.0232134  0.0440915  -0.00303605 -0.000563702   0.00359087 0.000381393 -0.00213436 -0.00392621   0.00137315 -0.000574184  2.16047e-05   1.54954 0.0903326  -9.68541 
             59.4995 0.0819819 -0.147013  -0.28969  0.0198595 -0.0132331  0.0157733  0.00235348   0.0104734 0.000481609  -0.010907 -0.0232134  0.0440916  -0.0057554 -0.00148192  0.00352316 0.000372408 -0.00214076 -0.00390961   0.00139749 -0.000593363 -2.97513e-05   1.54953 0.0903443  -9.68542 
             59.5993 0.0909056 -0.144811 -0.283914  0.0221942 -0.0116113  0.0155359  0.00273118  0.00985198 0.000523048 -0.0109072 -0.0232128  0.0440916 0.000160105  0.00205138  0.00302998 0.000360172 -0.00214631 -0.00391537   0.00120882 -0.000699786  6.32346e-05   1.54964 0.0904101   -9.6854 
             59.6995 0.0969732 -0.168812 -0.348338   0.020592 -0.0122499  0.0197694  0.00261127   0.0100443 0.000508349 -0.0109062 -0.0232139  0.0440918   -0.0066091 -0.000607478    0.0101808 0.000359527 -0.00212404 -0.00386005   0.00132734  -0.00066128 -0.000363657    1.5496 0.0903775   -9.6854 
             59.7993  0.134511 -0.152856 -0.292088  0.0214697 -0.0121077  0.0187222  0.00266699  0.00975768 0.000516457 -0.0109058 -0.0232151  0.0440923 -0.00340532 -0.00236849  0.00537474 0.000324454 -0.00213939 -0.00390729   0.00121437 -0.000681059 -0.000129477   1.54966 0.0903938   -9.6854 
             59.8995  0.174104 -0.210384 -0.257397  0.0185467 -0.0117704  0.0205513  0.00281192   0.0102834 0.000531199 -0.0109053 -0.0232134  0.0440931  -0.0125407 -0.00356007   0.0073419 0.000287165 -0.00209174  -0.0039371   0.00138498 -0.000716186 -0.000308921  1.54956 0.090414 -9.68541 
             59.9995  0.215486 -0.122947 -0.262286  0.0211837 -0.0119869  0.0186526   0.0028666  0.00951337 0.000539869 -0.0109041 -0.0232153  0.0440963 -0.00327078 -0.00584879  0.00302752 0.000251819 -0.00216491 -0.00393434   0.00112828 -0.000737417  1.39295e-05    1.5497 0.0904324  -9.68539 
             60.0995   0.221494 -0.0953989  -0.223818   0.019188 -0.0115252  0.0147884  0.00305777    0.010016 0.000553487 -0.0109022 -0.0232155   0.044095 -0.00666205 -0.00670369 -0.00475145 0.000246831 -0.00218442 -0.00396502   0.00120455 -0.000794697  0.000419236   1.54963 0.0904794   -9.6854 
             60.1994  0.201535 -0.145797  -0.31441   0.016027 -0.0157628  0.0149506  0.00234624   0.0105027 0.000456894 -0.0108997  -0.023218  0.0440946 -0.0153549 -0.0164262  -0.002229  0.00026238 -0.00214456 -0.00389037  0.00134879 -0.00060332 0.000344104   1.54955 0.0903565  -9.68541 
             60.2993   0.131564 -0.0652595  -0.270415  0.0157834 -0.0162856  0.0117514  0.00250713   0.0103654 0.000475673 -0.0108985 -0.0232165  0.0440963  -0.0116838  -0.0150318 -0.00855601 0.000319238 -0.00220989   -0.003928   0.00126739 -0.000649493  0.000651856   1.54958 0.0904001  -9.68541 
             60.3995  0.151277 -0.114748 -0.304483  0.0172989 -0.0178236  0.0114543  0.00255424  0.00972217 0.000490312 -0.0108987 -0.0232155  0.0440954 -0.00638611  -0.0163245 -0.00741921 0.000305951 -0.00216978 -0.00390037   0.00110149 -0.000662298  0.000617208   1.54968 0.0904092  -9.68539 
             60.4994 -0.0204069 -0.0610119  -0.373783  0.0214213 -0.0173898 0.00568721  0.00285682   0.0088544 0.000532188 -0.0108991 -0.0232053  0.0441001   0.0058316 -0.00885037   -0.016707 0.000441917 -0.00221052 -0.00384423  0.000785376 -0.000742903    0.0011681   1.54983 0.0904927  -9.68537 
             60.5994   0.116973 -0.0634833  -0.306203  0.0232507 -0.0155273 0.00715572  0.00341398  0.00831004 0.000605302 -0.0108985 -0.0232063  0.0440987   0.0114957 -0.00504358  -0.0135937   0.0003294 -0.00221169 -0.00390068  0.000664671 -0.000890761  0.000985198   1.54991 0.0905728  -9.68535 
             60.6995  0.0304521 -0.0076396   -0.39004  0.0236506 -0.0184336 0.00261284  0.00300743  0.00872447 0.000553713 -0.0108967  -0.023208  0.0440959  0.00925782 -0.00809504  -0.0170752 0.000406904 -0.00226189 -0.00382211 0.000748568 -0.00078439  0.00115043   1.54985 0.0905174  -9.68536 
             60.7995 0.0503769 -0.100292 -0.343531   0.021387 -0.0191824 0.00824541  0.00310599  0.00913426 0.000561995 -0.0108937 -0.0232066  0.0440986 -0.000340451  -0.00898683  -0.00415361 0.000389337 -0.00218734 -0.00386827   0.00098145 -0.000802042  0.000386342   1.54978 0.0905079  -9.68537 
             60.8995  0.0842488 -0.0849473  -0.412403  0.0206017 -0.0207632  0.0106982  0.00303273  0.00918652 0.000551265  -0.010893 -0.0232062   0.044099 -0.00356871  -0.0106956  0.00129214 0.000360646 -0.00219908 -0.00381249   0.00103981 -0.000779287  0.000104215   1.54977 0.0904887  -9.68538 
             60.9994   0.12575 -0.122443 -0.363875  0.0201254 -0.0200314  0.0132348  0.00341588  0.00914001 0.000593473 -0.0108913 -0.0232051  0.0440976 -0.00512149   -0.008363   0.0049534 0.000328481 -0.00217089 -0.00384939   0.00106128  -0.00088438 -0.000132804   1.54979 0.0905479  -9.68537 
             61.0994 0.0899161 -0.108356  -0.36662  0.0196462 -0.0188366  0.0145153  0.00379767  0.00912338 0.000635764 -0.0108907 -0.0232051  0.0440973 -0.00549972 -0.00453366  0.00592909 0.000359523 -0.00218152 -0.00384689  0.00106656 -0.00099168 -0.00020955    1.5498 0.0906112  -9.68537 
             61.1993  0.152211 -0.131244 -0.389147  0.0207945 -0.0176633  0.0145922  0.00413611  0.00880168 0.000676463 -0.0108908 -0.0232051   0.044096 -0.00184526 -0.00273356  0.00481357 0.000307687 -0.00216308 -0.00383186   0.00096154  -0.00108876 -0.000143968   1.54986 0.0906609  -9.68536 
             61.2994 -0.014679 -0.133989 -0.397681  0.0210316 -0.0164952  0.0161551  0.00437059   0.0086783 0.000704791 -0.0108907 -0.0232059  0.0440976 -0.00213835  0.00256937  0.00581264 0.000441661 -0.00215689 -0.00382374  0.000938477  -0.00115472 -0.000241263   1.54989 0.0906962  -9.68536 
             61.3993   0.147196 -0.0883026  -0.337439  0.0204527 -0.0160765  0.0135824   0.0044122  0.00883555 0.000713411   -0.01089 -0.0232074  0.0440974 -0.00251905  0.00047214 0.000199096 0.000314974 -0.00219497 -0.00386991 0.000939545 -0.00117217 6.72258e-05   1.54986 0.0907124  -9.68536 
             61.4993 0.0942011 -0.138955 -0.329986  0.0217478 -0.0127118  0.0156915 0.00507365 0.00848046 0.00078397 -0.0108885 -0.0232081  0.0440974 -0.00026969  0.00781024  0.00463491 0.000360478 -0.00215376 -0.00387391  0.000858319  -0.00136201 -0.000120561   1.54994 0.0908141  -9.68535 
             61.5994   0.18549 -0.141392 -0.325223   0.018667 -0.0146844  0.0180419  0.00458026   0.0089731 0.000725366 -0.0108889 -0.0232067  0.0440994 -0.00970557 -0.00184435  0.00712217 0.000285765  -0.0021503 -0.00388105    0.0010343  -0.00121713 -0.000317916   1.54984 0.0907399  -9.68536 
             61.6995  0.223679 -0.154943 -0.326818  0.0218246 -0.0147657  0.0178339  0.00466292  0.00814695 0.000753792 -0.010889 -0.023207 0.0440987 -0.000531375  -0.00443487   0.00460039 0.000260931  -0.0021435 -0.00387735  0.000776577  -0.00124059 -0.000189766  1.54998 0.090738 -9.68534 
             61.7994  0.126793 -0.116515 -0.291708  0.0211739 -0.0145099  0.0167266  0.00475305   0.0083172 0.000760214 -0.0108886 -0.0232063  0.0440989 -0.00291902 -0.00317143  0.00265064 0.000339412 -0.00217338 -0.00390256  0.000804864  -0.00126768 -4.81975e-05   1.54996 0.0907593  -9.68534 
             61.8994  0.149349 -0.164947 -0.330091  0.0190691 -0.0162855  0.0151138  0.00448941  0.00868146 0.000729924 -0.0108884 -0.0232073  0.0440994 -0.00805048 -0.00831364 -0.00216448  0.00032961 -0.00213269 -0.00387283 0.000889805 -0.00119387 0.000108457   1.54989 0.0907257  -9.68535 
             61.9994 -0.0423706  -0.109249  -0.251151  0.0165051 -0.0159671  0.0133166  0.00460629  0.00913236 0.000741357 -0.0108878 -0.0232048  0.0440994  -0.0136246  -0.0035666 -0.00469516 0.000478495 -0.00217704 -0.00393674  0.00100091 -0.00122833 0.000247725   1.54982 0.0907552  -9.68536 
             62.1001   0.151423 -0.0987873  -0.335034  0.0173324 -0.0165626  0.0126919 0.00451548 0.00886261 0.00073101 -0.0108874 -0.0232041  0.0441002 -0.00956931  -0.0068075 -0.00684645  0.00032101  -0.0021869 -0.00387275 0.000910198 -0.00120228 0.000319829   1.54987 0.0907405  -9.68536 
             62.1995 -0.0270269  -0.108428    -0.3489  0.0177696 -0.0176016   0.010527  0.00448921  0.00847681 0.000733664 -0.0108873 -0.0232013  0.0441007 -0.00596228  -0.0032496 -0.00822492 0.000465951 -0.00217903 -0.00386147 0.000785552 -0.00119429 0.000412329   1.54993 0.0907364  -9.68535 
             62.2995  0.110148 -0.148046 -0.320403  0.0219356 -0.0153919  0.0135178  0.00508593  0.00737579 0.000808248 -0.0108872 -0.0232004  0.0440963  0.00518817 0.000886549 -0.00154478 0.000355019 -0.00214501 -0.00388472 0.000500622 -0.00136852  0.00010628  1.55012 0.090824 -9.68532 
             62.3995 0.0645059 -0.102079 -0.348235  0.0237166 -0.0139724  0.0132713  0.00528519   0.0072056 0.000835481 -0.0108876 -0.0232001  0.0440965  0.00621202  0.00345769 -0.00113105 0.000390669 -0.00218051 -0.00386315 0.000447849 -0.00142732 0.000111835   1.55014 0.0908569  -9.68531 
             62.4994  0.114031 -0.128994  -0.35747  0.0228764 -0.0177391   0.012438  0.00460068  0.00745596 0.000747089 -0.0108871 -0.0232005  0.0440986  0.00118441 -0.00701204  -0.0027336 0.000358392 -0.00215588  -0.0038551 0.000518454 -0.00122349 0.000161137    1.5501 0.0907426  -9.68532 
             62.5994  0.0782011 -0.0940638  -0.351783  0.0219183 -0.0154931  0.0118911  0.00508332  0.00766608 0.000790192 -0.0108871 -0.0232005  0.0440984  -0.00178855 -0.000854965  -0.00388685 0.000389507 -0.00218115  -0.0038585 0.000578556 -0.00136712 0.000168353   1.55007 0.0908267  -9.68532 
             62.6995 0.0674221 -0.176247 -0.368236 0.0228276 -0.015966 0.0155551  0.00503977  0.00733606 0.000795876 -0.0108856 -0.0232006  0.0440976 -0.00203428 -0.00168828  0.00303208 0.000395132 -0.00212044 -0.00384603  0.000533898  -0.00135365 -0.000194438   1.55012 0.0908166  -9.68532 
                62.8 0.0229092 -0.107724 -0.356989 0.0195833 -0.014191 0.0141465  0.00532936  0.00793178 0.000803972 -0.0108854 -0.0231999  0.0440972 -0.00888924  0.00342341 0.000394323 0.000424511 -0.00217565 -0.00385511  0.000695202  -0.00144052 -7.33821e-05   1.55002 0.0908737  -9.68533 
             62.8994 0.0786806 -0.125507 -0.374623 0.0196017 -0.016329 0.0129589  0.0049318 0.00777764 0.00076608 -0.0108853 -0.0232001  0.0440978 -0.00786098 -0.00249882 -0.00228534 0.000379346 -0.00216057 -0.00384181 0.000632686 -0.00131981 4.27531e-05   1.55005 0.0908024  -9.68533 
             62.9993  0.118474 -0.133768 -0.392552  0.0193939 -0.0143127  0.0148969   0.0053499  0.00761811 0.000815996 -0.0108856 -0.0231992  0.0440964 -0.00811964  0.00143149  0.00185094 0.000344095 -0.00215731 -0.00382952  0.000609866  -0.00144622 -0.000155441  1.55008 0.090872 -9.68532 
             63.0993  0.114465 -0.151034 -0.384735   0.018582 -0.0176864  0.0168157  0.00470013  0.00761232 0.000744857 -0.0108859 -0.0231987  0.0440974  -0.0104425 -0.00785202  0.00432214 0.000342679 -0.00214652 -0.00383776   0.00064109  -0.00124887 -0.000341533  1.55006 0.090764 -9.68533 
             63.1994 0.0533499 -0.147192 -0.390595  0.0179339 -0.0172168  0.0159044  0.00494413  0.00751043 0.000773615 -0.0108857 -0.0231984  0.0440983  -0.0101054 -0.00429214  0.00106193 0.000386538 -0.00215201 -0.00383429  0.000587044  -0.00132127 -0.000205092   1.55009 0.0908005  -9.68532 
             63.2994 0.0391962 -0.172214 -0.299122  0.0189838 -0.0188868  0.0177433  0.00475036  0.00704694 0.000762192 -0.0108863 -0.0232008  0.0440974 -0.00723141 -0.00704449  0.00367089  0.00039262 -0.00213385 -0.00390611  0.000465759  -0.00126209 -0.000342746   1.55016 0.0907574  -9.68531 
             63.3996  0.128429  -0.15131 -0.329858  0.0201942 -0.0163614  0.0145423  0.00534039  0.00680694 0.000839968 -0.0108857 -0.0232021   0.044096 -0.00335291 -0.00139913 -0.00260289 0.000324708 -0.00214977 -0.00388091 0.000335429 -0.00144269 1.91276e-06   1.55022 0.0908484   -9.6853 
             63.4995   0.09995 -0.145862 -0.286359  0.0209797 -0.0150156  0.0174883  0.00565145  0.00653431 0.000883812 -0.0108854 -0.0232023  0.0440961 -0.00132735  0.00251754  0.00491197 0.000349722 -0.00215711 -0.00391305  0.000297773  -0.00153754 -0.000313641   1.55026 0.0908959  -9.68529 
             63.5995  0.150236 -0.146742  -0.33193   0.020471 -0.0156008   0.017338  0.00552823  0.00659443 0.000873385 -0.0108852 -0.0232029  0.0440966 -0.00292963 -0.00161872  0.00203638 0.000307061 -0.00215198 -0.00387335   0.00031045  -0.00149861 -0.000258609   1.55025 0.0908755   -9.6853 
             63.6995  0.128697 -0.125242   -0.3261  0.0191248 -0.0181271  0.0165614  0.00508684  0.00680706 0.000816306 -0.0108843 -0.0232035  0.0440962  -0.00615063  -0.00830898 -0.000285024 0.000321893 -0.00217068 -0.00387802  0.00036452 -0.00136428 -0.00017032   1.55021 0.0908058   -9.6853 
             63.7996  0.112002 -0.133499 -0.262203  0.0198603 -0.0180503  0.0152431    0.005223  0.00658676 0.000832608 -0.0108838 -0.0232039  0.0440967 -0.00439444  -0.0072155 -0.00252379 0.000333578 -0.00216242 -0.00392461 0.000274922  -0.0014083 -2.7926e-05   1.55025 0.0908288   -9.6853 
             63.8994  0.104697 -0.112053 -0.315569  0.0188372 -0.0192164  0.0143816  0.00525199  0.00663502 0.000835023 -0.0108839  -0.023204  0.0440967 -0.00606386 -0.00852289 -0.00341738 0.000342904  -0.0021807 -0.00388172 0.000286468 -0.00141783  6.2031e-07   1.55024 0.0908349   -9.6853 
             63.9995 0.0751918 -0.159448 -0.278678 0.0194801 -0.016749 0.0128939  0.00578629  0.00641344 0.000893495 -0.0108843 -0.0232037  0.0440972 -0.00471529 -0.00162035 -0.00552196 0.000368484 -0.00214287 -0.00391023 0.000201666 -0.00158581 9.96058e-05  1.55029 0.090927 -9.68529 
             64.0995 0.0602433 -0.107138 -0.326737 0.0207669 -0.014125 0.0119643  0.00621484   0.0061492 0.000940575 -0.0108855 -0.0232027  0.0440984 -0.000958793    0.0044655  -0.00481968 0.000371485 -0.00218497 -0.00387648 0.000110238 -0.00171964 0.000151545   1.55033 0.0909995  -9.68528 
             64.1994 0.0879632 -0.154322 -0.304309  0.0210069 -0.0163665  0.0145065  0.00582934  0.00598203 0.000895169 -0.0108849 -0.0232025  0.0440987 -0.00253877 -0.00213626 0.000270594 0.000348266 -0.00215025 -0.00389099  9.56073e-05  -0.00159803 -9.75984e-05   1.55035 0.0909285  -9.68528 
             64.2994  0.101263 -0.107237  -0.30634  0.0227591 -0.0150965  0.0148328  0.00608184  0.00562292 0.000926076 -0.0108849 -0.0232025  0.0440989  0.00160756 0.000584808  0.00124177 0.000335073 -0.00218341  -0.0038905 -1.25222e-05  -0.00167497 -0.000106329   1.55041 0.0909689  -9.68527 
             64.3995  0.122444 -0.190548 -0.331979  0.0207633 -0.0170641  0.0195505  0.00581747  0.00582872 0.000890746 -0.0108827 -0.0232021  0.0441014 -0.00620735 -0.00550105   0.0085876 0.000322016 -0.00211826 -0.00387329  0.000111983  -0.00159058 -0.000510551   1.55037 0.0909174  -9.68528 
             64.4995 0.0766239 -0.167812 -0.299316  0.0199979 -0.0142107  0.0191293  0.00637784  0.00588341 0.000950592 -0.0108822  -0.023202  0.0441021 -0.00801685  0.00229672  0.00674957 0.000355036 -0.00213191 -0.00389707  0.000112654  -0.00175975 -0.000407423  1.55036 0.091008 -9.68528 
             64.5999  0.112391 -0.197423  -0.36598  0.0191075 -0.0149248  0.0206714  0.00624271  0.00583808 0.000935557 -0.0108817 -0.0232019  0.0441023   -0.0101003 -0.000940685   0.00767493 0.000324864 -0.00210913 -0.00384729 0.000110442 -0.00171817 -0.00048097  1.55037 0.090985 -9.68528 
             64.6995 0.0609143 -0.165976 -0.235805  0.0195255 -0.0118985    0.01809  0.00674237   0.0056786 0.000984921 -0.0108785 -0.0232034  0.0441039 -0.0075559 0.00621379 0.00146952 0.000365107 -0.00213166 -0.00394564  1.55391e-05  -0.00187567 -0.000179434   1.5504 0.091071 -9.68527 
                64.8 0.0958038 -0.146048  -0.38372  0.0202021 -0.0145749  0.0178276  0.00620705  0.00542022 0.000931316  -0.010876 -0.0232021   0.044105 -0.00531508 -0.00141201 0.000650888 0.000345252 -0.00214582 -0.00383281 -7.19052e-05  -0.00170925 -0.000128612   1.55044 0.0909837  -9.68526 
             64.8995 0.0760006 -0.152108 -0.318141   0.019504 -0.0161252  0.0179138  0.00596869  0.00545582 0.000905985 -0.0108762 -0.0232021  0.0441049 -0.00674802 -0.00738666 -0.00574924 0.000359339  -0.0021423 -0.00388384 -5.83693e-05  -0.00163425 -0.000137149   1.55044 0.0909447  -9.68526 
             64.9999 -0.015771  -0.18666 -0.365854  0.0214401 -0.0172688  0.0174636   0.0057454   0.0050444 0.000889252 -0.0108762 -0.0232007  0.0441024 -0.000816465   -0.0100775  -0.00681459 0.000370291 -0.00214189 -0.00387276 -0.000202377  -0.00156421 -6.58866e-05   1.55051 0.0909063  -9.68525 
             65.0994 -0.0236258  -0.188101  -0.371042 0.0215723 -0.020326 0.0150037  0.0056039 0.00498578 0.00087432 -0.0108758 -0.0232003  0.0441016 -0.00281722  -0.0111206  -0.0133363  0.00037266 -0.00214191  -0.0038695 -0.000224043  -0.00151975 -4.41134e-05   1.55052 0.0908831  -9.68525 
             65.1993 0.0965567 -0.185605 -0.341998  0.0213291 -0.0179895  0.0181407  0.00580731  0.00494273 0.000892018 -0.0108756 -0.0231995  0.0441006 -0.00384294 -0.00306566 -0.00218688 0.000332627 -0.00214058 -0.00387969 -0.000213425  -0.00159642 -0.000223684   1.55052 0.0909229  -9.68525 
             65.2994 0.0221953 -0.042896 -0.308782   0.016471  -0.017784 0.00767423 0.00579591 0.00519779 0.00089147 -0.0108716 -0.0231979  0.0440969   -0.0131218 -0.000855876   -0.0249724 0.000390622 -0.00224422 -0.00389785 -0.000151351  -0.00160601  9.83854e-05   1.55048 0.0909312  -9.68526 
             65.3995 0.0689797 -0.156881 -0.324768   0.016486 -0.0201031  0.0130583 0.00570699 0.00511668 0.00087635 -0.0108703 -0.0231973  0.0440972  -0.0145282 -0.00737239 -0.00877542 0.000369949 -0.00216712 -0.00388524 -0.000152928  -0.00155561  -0.00011723   1.55048 0.0909079  -9.68526 
             65.4995 0.0600929 -0.109794  -0.25517 0.0180339 -0.016868 0.0118399   0.0059059  0.00494468 0.000886844 -0.0108684 -0.0231993  0.0440976 -0.00705672  0.00160571  -0.0104985 0.000360098 -0.00218434 -0.00394316 -0.000227562  -0.00164145 -8.82937e-05   1.55052 0.0909475  -9.68525 
             65.5994  0.130827 -0.129243 -0.363832 0.0185508 -0.019921  0.014565  0.00574118  0.00478039 0.000869059 -0.0108664 -0.0231966  0.0440987 -0.00569784 -0.00722647 -0.00368188 0.000314655 -0.00216229 -0.00386193 -0.000272108   -0.0015704 -0.000216973   1.55055 0.0909143  -9.68525 
             65.6995 0.00953968  -0.141548  -0.348195   0.021669 -0.0186439  0.0105971  0.00591904  0.00434993 0.000887826 -0.0108674  -0.023194  0.0440988  0.00273137 -0.00093846  -0.0106883 0.000398445 -0.00213607 -0.00387198 -0.000462036  -0.00163668 -1.76097e-05   1.55062 0.0909407  -9.68524 
             65.7999  0.127767 -0.119698  -0.33415  0.0184643 -0.0185006  0.0124907  0.00597003  0.00476632 0.000890056 -0.0108674 -0.0231929  0.0440985  -0.0069852 -0.00282659 -0.00564425 0.000307867 -0.00216214 -0.00388179 -0.000281058  -0.00165342 -0.000206233   1.55055 0.0909537  -9.68525 
             65.8998  0.131443 -0.117032 -0.304205  0.0198003 -0.0142346  0.0133811   0.0065876  0.00444782 0.000944533 -0.0108665 -0.0231934  0.0440983 -0.00250625  0.00522726 -0.00353723 0.000292966 -0.00216196 -0.00390752 -0.000391078  -0.00187706 -0.000284261   1.55061 0.0910572  -9.68524 
             65.9995  0.122436 -0.130301 -0.330355  0.0185586 -0.0180257  0.0137451  0.00598461  0.00457194 0.000889429 -0.0108664 -0.0231934   0.044099  -0.0058571 -0.00535698 -0.00304152 0.000306176 -0.00215088 -0.00388633 -0.000334322  -0.00165726 -0.000332799   1.55058 0.0909545  -9.68524 
             66.0994 0.00421284  -0.112333  -0.373133  0.0199992 -0.0180002  0.0129426  0.00604454   0.0042519 0.000890188 -0.0108665  -0.023192  0.0440999 -0.00123272 -0.00248372 -0.00351681 0.000395283 -0.00216425 -0.00385238 -0.000460852  -0.00167754 -0.000274561   1.55064 0.0909612  -9.68523 
             66.1999  0.114853 -0.111251 -0.347876  0.0201283 -0.0154438  0.0109096  0.00648528   0.0042394 0.000932176  -0.010866 -0.0231926  0.0440988 -0.00060537   0.0016902 -0.00725415 0.000317197 -0.00216192 -0.00386955 -0.000486013  -0.00184128 -0.000142728   1.55065 0.0910395  -9.68523 
             66.2995  0.055861 -0.111769 -0.341447  0.0203553 -0.0158962  0.0144107  0.00641013  0.00408221 0.000926608  -0.010866 -0.0231934  0.0440987 -0.00098284 0.000690638 0.000211573 0.000362324 -0.00216007 -0.00387538 -0.000491457   -0.0018083 -0.000510549  1.55067 0.091019 -9.68523 
             66.3994  0.130343 -0.135917 -0.318211  0.0203455 -0.0147549  0.0147625  0.00660539  0.00404646 0.000943212 -0.0108657 -0.0231934   0.044098 -0.00162041   0.0011779 0.000866003 0.000300406 -0.00214344 -0.00389641  -0.00050212  -0.00187934 -0.000537302   1.55068 0.0910515  -9.68523 
             66.4994 0.0175698 -0.136828 -0.380192  0.0229304 -0.0113786  0.0153486  0.00710689  0.00359068 0.000982728 -0.0108663 -0.0231927  0.0440989 0.00388994 0.00996905 0.00195576 0.000382568  -0.0021424 -0.00384969 -0.000671619  -0.00205982 -0.000567953  1.55076 0.091129 -9.68521 
             66.5995 0.0713479 -0.122942 -0.362877  0.0208981 -0.0142177  0.0150971  0.00650691  0.00397256 0.000934091 -0.0108663 -0.0231928  0.0440987 -0.00328994  0.00101711  0.00129325 0.000342255 -0.00215113 -0.00386542 -0.000528722  -0.00184213 -0.000542405   1.55069 0.0910336  -9.68522 
             66.6998 0.0925248 -0.153214 -0.380881  0.0184353 -0.0167302  0.0147761  0.00610316  0.00429006 0.000896869 -0.0108657 -0.0231934  0.0440994 -0.00966138 -0.00551837 0.000670818 0.000328826 -0.00212789 -0.00385223 -0.000410947  -0.00169554 -0.000517005  1.55063 0.090971 -9.68523 
             66.7998 0.0640417 -0.075994 -0.293931  0.0161577 -0.0169826  0.0120233  0.00611884  0.00457806 0.000892842 -0.0108649 -0.0231922  0.0440986  -0.0118049 -0.00475795 -0.00417661 0.000356367  -0.0021811 -0.00391449 -0.00033809 -0.00170379 -0.00027158   1.55058 0.0909808  -9.68524 
             66.8995 0.0819567 -0.110584 -0.352541  0.0157919 -0.0179545  0.0117773  0.00606033  0.00442422 0.000890724 -0.0108649  -0.023192  0.0440985  -0.0106561 -0.00660677 -0.00413615 0.000337172 -0.00215498 -0.00387352  -0.00039168  -0.00168235 -0.000287945   1.55061 0.0909682  -9.68524 
             66.9994 0.0529632 -0.116936 -0.328531  0.0150751 -0.0184819  0.0141125    0.006084  0.00430647 0.000896269 -0.0108647 -0.0231927  0.0440986  -0.0118494 -0.00599955  0.00110201 0.000353896 -0.00215121 -0.00389351 -0.00039977 -0.00168997 -0.00053591   1.55063 0.0909694  -9.68523 
             67.0999  0.011242 -0.115655 -0.261816  0.0167948 -0.0180189  0.0101916  0.00623492  0.00392031 0.000918773 -0.0108643 -0.0231938  0.0440986 -0.00443043 -0.00274004 -0.00628857 0.000379379 -0.00215403 -0.00394542 -0.000592704  -0.00174745 -0.000167386  1.55069  0.09099 -9.68522 
             67.1999    0.03561 -0.0970784  -0.242254  0.0163849 -0.0152637   0.010068  0.00674327    0.003968 0.000970783 -0.0108632 -0.0231936  0.0440982 -0.00484566  0.00423477 -0.00625205 0.000356183 -0.00216865 -0.00395894 -0.000571875    -0.001931  -0.00018467   1.55069 0.0910736  -9.68522 
             67.2997   0.092386 -0.0934084  -0.282059  0.0167387 -0.0152133 0.00996388  0.00669966   0.0038143 0.000968057 -0.0108632 -0.0231932  0.0440985 -0.00308356  0.00262777 -0.00511266 0.000315196 -0.00217082 -0.00392822 -0.000622042  -0.00191572 -0.000224984   1.55071 0.0910655  -9.68522 
             67.3994 0.0172377 -0.107282 -0.344584  0.0171486 -0.0167126 0.00923438  0.00641166  0.00366799 0.000939328 -0.0108615 -0.0231923  0.0440979  -0.00244419 -6.93876e-06  -0.00559372 0.000368111 -0.00216074 -0.00388156 -0.000674802  -0.00181141 -0.000227416   1.55073 0.0910182  -9.68522 
             67.4995  0.151458 -0.124053 -0.338147  0.0179127 -0.0171745  0.0137875  0.00636579   0.0034155 0.000934762 -0.0108608 -0.0231887  0.0440978 -0.000545198  -0.00327164   0.00400075 0.000271532 -0.00215012 -0.00388742  -0.00070416  -0.00179419 -0.000694326   1.55077 0.0910143  -9.68521 
             67.5994   0.139233 -0.0516257   -0.29113 0.0217015 -0.015111 0.0127729  0.00671009  0.00294215 0.000975381   -0.01086 -0.0231901  0.0440994   0.00759777 -0.000345608   0.00145493 0.000279051 -0.00220383 -0.00392447 -0.000901118  -0.00192604 -0.000533365  1.55085 0.091073  -9.6852 
             67.6995  0.153857  -0.17236 -0.351484  0.0214761 -0.0182745  0.0150589  0.00626864  0.00298769 0.000938451 -0.0108584 -0.0231899  0.0441004 0.00292197 -0.0086786 0.00471643  0.00027236 -0.00211503 -0.00387993 -0.000855062  -0.00176153 -0.000725026   1.55084 0.0910008   -9.6852 
                67.8  0.0401212 -0.0574541  -0.401271  0.0206094 -0.0178342  0.0128546  0.00643504  0.00322092 0.000940043 -0.0108584 -0.0231895  0.0441006  0.00059587 -0.00449612  0.00048796 0.000361134 -0.00219589 -0.00384148 -0.000796714  -0.00182232 -0.000509608    1.5508 0.0910274  -9.68521 
             67.8998  0.193806 -0.194486 -0.293332  0.0227143 -0.0163519  0.0202102  0.00678911  0.00277129 0.000967583 -0.0108533 -0.0231887  0.0440971  0.00173515 -0.00365037   0.0133731 0.000247324 -0.00209821 -0.00392083 -0.000891267  -0.00195077  -0.00110394   1.55089 0.0910794  -9.68519 
             67.9997  0.171752 -0.139977 -0.312254   0.020774 -0.0142643  0.0194749  0.00711519  0.00312554 0.000975424 -0.0108527 -0.0231882  0.0440966  -0.00257252 -0.000389664   0.00871755 0.000262151 -0.00213683 -0.00390412 -0.000777602  -0.00207485 -0.000955363   1.55083 0.0911383   -9.6852 
             68.0996   0.035229 -0.0958605  -0.380346   0.020617 -0.0175009  0.0152857  0.0066266 0.00318696 0.00092519 -0.0108498 -0.0231842  0.0440923  -0.00263816  -0.00541034 -0.000584032 0.000367862 -0.00216638 -0.00385332 -0.000805771  -0.00189197 -0.000527795   1.55081 0.0910653   -9.6852 
             68.1994 -0.0436348 -0.0954907  -0.271111  0.0199318 -0.0176213  0.0125789  0.00660226  0.00334056 0.000916947 -0.0108494  -0.023181  0.0440918 -0.00371287 -0.00457183  -0.0068889 0.000424676 -0.00216831 -0.00393463 -0.000779455  -0.00188436 -0.000274517   1.55078 0.0910689  -9.68521 
             68.2997 0.0305498 -0.175465 -0.320774  0.0212448 -0.0171262  0.0149411  0.00677959  0.00300574 0.000933658 -0.0108486 -0.0231819  0.0440901 -0.00210646 -0.00182373 -0.00190085 0.000366047 -0.00210971 -0.00389794 -0.000877103  -0.00195211 -0.000523533   1.55084 0.0910894   -9.6852 
             68.4007  0.134098 -0.112219 -0.331093  0.0192581 -0.0168798  0.0136933  0.00686172  0.00328727 0.000936816 -0.0108485 -0.0231825  0.0440891 -0.00661671 -0.00307101 -0.00399674 0.000288142 -0.00215535 -0.00389246 -0.000775526  -0.00198565 -0.000446157   1.55079 0.0911088  -9.68521 
             68.4998  0.106052 -0.120181 -0.432206  0.0176574 -0.0190168  0.0147517  0.00661312  0.00338523 0.000906032 -0.0108469 -0.0231835  0.0440899 -0.00940172 -0.00758366 -0.00177965 0.000301763 -0.00215312 -0.00381988 -0.000714091  -0.00188797 -0.000571875   1.55077 0.0910665  -9.68521 
             68.5999  0.165406 -0.104424 -0.333518 0.0185289 -0.016892 0.0133379 0.00697795 0.00322594 0.00095212 -0.0108458 -0.0231853  0.0440881 -0.00521123 -0.00273715 -0.00433028 0.000260021 -0.00216263 -0.00389441 -0.000801718  -0.00203575 -0.000432133    1.5508 0.0911297   -9.6852 
             68.6994 0.00527273 -0.0599938  -0.381892  0.0181121 -0.0179448  0.0102361   0.0068474  0.00327067 0.000930031 -0.0108447 -0.0231836  0.0440872 -0.00405221 -0.00324076 -0.00894647 0.000376111 -0.00219449  -0.0038607 -0.000819233  -0.00198251 -0.000203271    1.5508 0.0911089  -9.68521 
             68.7994 0.0494559 -0.137777 -0.357775 0.0191558 -0.019083 0.0097622   0.0067995  0.00297835 0.000932627 -0.0108447 -0.0231843  0.0440858  -0.0026288 -0.00433738 -0.00827142 0.000349814 -0.00213413 -0.00387709 -0.000926775  -0.00196223 -0.000277323  1.55085 0.091094  -9.6852 
             68.8994   0.034369 -0.0700815  -0.343071  0.0198693 -0.0179678 0.00919427  0.00699945  0.00287102 0.000953296 -0.0108444 -0.0231845  0.0440863  0.000620783 -0.000506694  -0.00767555 0.000362907 -0.00218319 -0.00388792 -0.000970524  -0.00204071 -0.000286058   1.55087 0.0911249  -9.68519 
             68.9996 -0.0410812  -0.142668  -0.275412  0.0230887 -0.0173765  0.0108628  0.00707904  0.00237495 0.000972269 -0.0108435  -0.023188  0.0440846  0.00597363  0.00318677 -0.00258205 0.000415687 -0.00213084 -0.00393718   -0.0011473  -0.00207321 -0.000457012   1.55095 0.0911285  -9.68518 
             69.0998  0.0442199 -0.0971043  -0.365115  0.0223036 -0.0146322  0.0113795 0.00743482 0.00255123 0.00099902 -0.0108448 -0.0231884  0.0440831  0.00307971  0.00873033 -0.00112539 0.000353435 -0.00216429 -0.00387228  -0.00106803   -0.0022154 -0.000530065   1.55093 0.0911929  -9.68518 
             69.1995 0.0105006 -0.127428 -0.296069  0.0214835 -0.0167061 0.00986572 0.00703719 0.00271883 0.00095949 -0.0108461 -0.0231879  0.0440837 -0.000428829   0.00290599  -0.00471427 0.000376245  -0.0021424 -0.00392148  -0.00101272  -0.00205664 -0.000421625    1.5509 0.0911269  -9.68519 
             69.2994   0.139436 -0.0535351  -0.361847  0.0202734 -0.0145362  0.0106002   0.0072866  0.00287378 0.000973465 -0.0108476 -0.0231873  0.0440802 -0.00240691  0.00441416 -0.00127921 0.000280529 -0.00219813 -0.00387509 -0.000936232  -0.00215748 -0.000538665   1.55087 0.0911737  -9.68519 
             69.3996 0.0332577 -0.114219 -0.364853  0.0232642 -0.0150563  0.0113109  0.00714532  0.00238693 0.000984306 -0.0108473 -0.0231862  0.0440793   0.00396562   0.00390958 -8.06123e-05 0.000360769 -0.00215385 -0.00387388  -0.00112466  -0.00210078 -0.000589756   1.55095 0.0911465  -9.68518 
             69.5008  0.0259388 -0.0906667   -0.35763  0.0247072 -0.0141692  0.0106977 0.00727887 0.00217431 0.00100452 -0.0108473 -0.0231861  0.0440796  0.00824728  0.00594802 -0.00228521  0.00036377 -0.00217024 -0.00387923  -0.00122046  -0.00215211 -0.000522058   1.55099 0.0911644  -9.68517 
             69.5996 0.0328194 -0.116997 -0.326034  0.0232587 -0.0126861   0.014295  0.00731894  0.00245167 0.000998353 -0.0108465 -0.0231849  0.0440806 0.000662059  0.00713762  0.00461638 0.000361417  -0.0021523 -0.00390216  -0.0010688 -0.00217152  -0.0008303   1.55095 0.0911811  -9.68518 
             69.7007  0.083677 -0.148918 -0.289572   0.0253244 -0.00933832   0.0159697 0.00770124 0.00214319 0.00103056 -0.0108449 -0.0231858  0.0440789 0.00452494  0.0120616 0.00610338 0.000328308  -0.0021312 -0.00392764  -0.00118625  -0.00232857 -0.000924427     1.551 0.0912445  -9.68517 
             69.8007 0.0646012 -0.142183 -0.394094  0.0210113 -0.0158036    0.01879  0.00669593   0.0027025 0.000936951 -0.0108395 -0.0231905  0.0440794 -0.00834376 -0.00464104     0.01029  0.00033963 -0.00213667  -0.0038571 -0.000917093  -0.00192863  -0.00112009   1.5509 0.091089 -9.68519 
             69.9006   0.10995 -0.115682 -0.257219  0.0195169 -0.0133745  0.0172655  0.00707349  0.00283286 0.000960658 -0.0108372 -0.0231909  0.0440782  -0.0100139 0.000247613  0.00578414 0.000311022 -0.00215458 -0.00395198  -0.00088997  -0.00208237 -0.000922276   1.55088 0.0911507  -9.68519 
             69.9997 -0.0451473  -0.187621  -0.358466  0.0193861 -0.0166987  0.0175073  0.00661895  0.00269903 0.000928961  -0.010836 -0.0231901  0.0440742  -0.0103298 -0.00411967  0.00477294 0.000416528 -0.00210482 -0.00388131 -0.000947408  -0.00189903 -0.000889688    1.5509 0.0910741  -9.68519 
             70.0994  0.188073 -0.111206 -0.322386  0.0184399 -0.0168348  0.0189478  0.00669789  0.00269519 0.000933048 -0.0108363 -0.0231893  0.0440735  -0.0101009 -0.00750895  0.00598211 0.000251051  -0.0021602 -0.00390681 -0.000939627   -0.0019314 -0.000974016    1.5509 0.0910882  -9.68519 
             70.1998   0.17947 -0.176357 -0.327695  0.0195804 -0.0141771  0.0218099  0.00715875  0.00233605 0.000982337 -0.0108362 -0.0231882  0.0440705 -0.00727202  -0.0016341   0.0100946 0.000259064 -0.00211405 -0.00390228 -0.00106822 -0.00212001 -0.00113554   1.55096 0.0911637  -9.68518 
             70.2997 0.0944384 -0.130761 -0.332206  0.0164716 -0.0157329  0.0174357  0.00694899  0.00276721 0.000948047 -0.0108352 -0.0231872  0.0440687   -0.0127613  -0.00501987 -0.000257389 0.000318168 -0.00214629  -0.0039002 -0.000946513  -0.00203342 -0.000714871   1.55089 0.0911306  -9.68519 
             70.3994 0.0355925 -0.108808 -0.356636   0.018616 -0.0167798  0.0137548  0.00678732  0.00243551 0.000938858 -0.0108337 -0.0231843  0.0440693 -0.00448913 -0.00665098 -0.00803228 0.000360968 -0.00216142 -0.00388252  -0.00113508  -0.00196632 -0.000342637  1.55095 0.091103 -9.68518 
             70.4997 0.0429417 -0.108118 -0.304723  0.0202339 -0.0165167  0.0105601  0.00694148  0.00216305 0.000953975  -0.010833 -0.0231845  0.0440715 9.45551e-05  -0.0038517  -0.0116581   0.0003561 -0.00215971 -0.00391909  -0.00126188  -0.00203031 -0.000205332   1.55099 0.0911278  -9.68517 
             70.5996 0.0192085 -0.150343 -0.274935 0.0223608 -0.016315 0.0129207  0.00702702  0.00178675 0.000963371 -0.0108322 -0.0231865  0.0440709  0.00301264 -0.00191892 -0.00584242 0.000377415 -0.00213196 -0.00393824  -0.00137984  -0.00206546 -0.000481365   1.55105 0.0911364  -9.68516 
             70.6994  0.0388889 -0.0991659  -0.333309  0.0231871 -0.0150162  0.0103623  0.00720603  0.00176208 0.000979633 -0.0108324 -0.0231861  0.0440709 0.00543779 0.00122883 -0.0108565 0.000366366 -0.00216837  -0.0038958  -0.00141509  -0.00214065 -0.000316496   1.55106 0.0911679  -9.68516 
             70.7997  0.0985673 -0.0987993  -0.321146  0.0232197 -0.0152146  0.0124551  0.00719725  0.00176134 0.000978208 -0.0108327 -0.0231851   0.044071   0.00340236 -0.000874584  -0.00574012 0.000322286 -0.00216927  -0.0039057  -0.00137724  -0.00213336 -0.000577233   1.55106 0.0911631  -9.68516 
             70.8996  0.0809933 -0.0684334  -0.361847  0.0214858 -0.0155411 0.00884227   0.0071485  0.00207377 0.000975459 -0.0108319 -0.0231865  0.0440705 -0.000616444  -0.00146733   -0.0109765 0.000330515 -0.00219326 -0.00387739  -0.00126725  -0.00211389 -0.000339131     1.551 0.0911563  -9.68517 
             71.0006 0.0911857 -0.111778 -0.323299  0.0216526 -0.0166959 0.00975973  0.00705234  0.00199585 0.000965897 -0.0108318 -0.0231863  0.0440706 -0.00126385 -0.00444333 -0.00799784 0.000323667 -0.00216074 -0.00390529  -0.00127933  -0.00206802 -0.000503543   1.55102 0.0911374  -9.68517 
             71.1006  0.0569827 -0.0952099   -0.24807  0.0228212 -0.0149103  0.0115849  0.00732086  0.00178997 0.000985464  -0.01083 -0.023188 0.0440713  0.00138093 0.000427403 -0.00222263 0.000340643 -0.00217515 -0.00395731  -0.00134707  -0.00218889 -0.000700427   1.55105 0.0911848  -9.68516 
             71.2007  0.122848 -0.127139 -0.369978  0.0240772 -0.0150447  0.0138955  0.00732688  0.00159963 0.000986482 -0.0108296 -0.0231861  0.0440707 0.00285501 -0.0011168 0.00218047 0.000300715 -0.00215205 -0.00387073  -0.00140587  -0.00218966 -0.000894552   1.55109 0.0911843  -9.68516 
             71.3006  0.0680884 -0.0452889  -0.379184  0.0235369 -0.0148387   0.012125  0.00734574  0.00174529 0.000985829 -0.0108292 -0.0231865  0.0440702   0.00223902 -0.000133072  -0.00114219 0.000334443 -0.00220925 -0.00386643  -0.00135933  -0.00219959 -0.000742572  1.55106 0.091189 -9.68516 
             71.3996  0.170432 -0.091199 -0.287751  0.0231525 -0.0134168  0.0137103 0.00755677  0.0017903 0.00100065 -0.0108283 -0.0231855  0.0440691 0.000262263 0.000470973  0.00233568 0.000262607 -0.00217799 -0.00392821  -0.00132342  -0.00229024 -0.000882863   1.55105 0.0912242  -9.68516 
             71.4995 0.00888152 -0.0817279  -0.352502  0.0249263 -0.0121653   0.013155 0.00768064 0.00157627 0.00101602 -0.0108286 -0.0231844  0.0440704 0.00463339 0.00528711 0.00124272  0.00037394 -0.00218275 -0.00388158  -0.00142822  -0.00234203 -0.000811081   1.55109 0.0912426  -9.68516 
             71.6006  0.114954 -0.102945 -0.321502   0.024122 -0.0119755  0.0146093 0.00767009 0.00171532 0.00101308 -0.0108284 -0.0231836  0.0440709 0.000215889  0.00300954  0.00364366 0.000299679 -0.00216843 -0.00390154  -0.00135425  -0.00233688 -0.000927122  1.55107 0.091241 -9.68516 
             71.6996    0.11373 -0.0484886  -0.353614 0.0259122 -0.010466 0.0126352 0.00789819  0.0014456 0.00103612 -0.0108282 -0.0231836  0.0440716   0.00730928   0.00680088 -0.000933739 0.000298419 -0.00220858 -0.00388221  -0.00149417  -0.00243106 -0.000725602   1.55111 0.0912756  -9.68515 
             71.7993  0.155894 -0.103467 -0.286117  0.0252492 -0.0104482  0.0150243 0.00781438   0.001626 0.00102731 -0.0108285 -0.0231808  0.0440734 0.00249648 0.00169328 0.00235345 0.000266952 -0.00216847 -0.00393127  -0.00139784  -0.00239094 -0.000911361   1.55109 0.0912601  -9.68516 
             71.8999  0.152035 -0.150303  -0.36613  0.0227821 -0.0115789  0.0170761 0.00765511 0.00192139 0.00100476 -0.0108275 -0.0231816  0.0440752 -0.00655205 -0.00240391  0.00604535 0.000273727 -0.00213667 -0.00387256 -0.00125067 -0.00232489 -0.00105906   1.55104 0.0912354  -9.68517 
             72.0006  0.148619 -0.108038 -0.297808  0.0188137 -0.0124064  0.0175079  0.00758789  0.00235285 0.000984408 -0.0108278 -0.0231801  0.0440745  -0.0153998 -0.00548306  0.00546845  0.00028198 -0.00216443 -0.00391862 -0.00105995   -0.002297  -0.0010731   1.55097 0.0912271  -9.68518 
             72.1006 0.0788857 -0.108892 -0.341157   0.020517 -0.0141815  0.0132137  0.0073176 0.00211711 0.00096159 -0.0108274 -0.0231772  0.0440736 -0.00854164  -0.0088639 -0.00320593 0.000332983 -0.00216417 -0.00388802  -0.00121387   -0.0021796 -0.000660479     1.551 0.0911919  -9.68517 
             72.1998 0.0949847 -0.108116  -0.39177 0.0180418 -0.015159 0.0140209  0.00740428  0.00216586 0.000968903 -0.0108281 -0.0231783  0.0440737   -0.0117937  -0.00798921 -0.000880019 0.000322001 -0.00216204 -0.00385173  -0.00117912  -0.00221867 -0.000761958     1.551 0.0912044  -9.68517 
             72.2996 0.0273104 -0.119631 -0.349762  0.0203547 -0.0154705   0.013896  0.00739486  0.00177634 0.000976526 -0.0108281 -0.0231786  0.0440737 -0.00440555 -0.00739986 -0.00191226 0.000361759 -0.00215718 -0.00387786  -0.00135338  -0.00221314 -0.000733233   1.55106 0.0911986  -9.68516 
             72.3997 0.0723529 -0.101687 -0.349249   0.020948 -0.0173378  0.0117292 0.00723356 0.00168607 0.00096419 -0.0108279 -0.0231787  0.0440742  -0.0015201  -0.0105555 -0.00527437  0.00032984 -0.00217082 -0.00387975  -0.00141608  -0.00214517 -0.000563382   1.55107 0.0911772  -9.68516 
             72.5006   0.155124 -0.0913861  -0.353809  0.0222466 -0.0161052  0.0116541 0.00759854 0.00151825 0.00101317  -0.010828 -0.0231784  0.0440713 0.000906967 -0.00680096 -0.00366769 0.000273517 -0.00217453 -0.00387915  -0.00148679  -0.00230387 -0.000620266    1.5511 0.0912314  -9.68516 
             72.5997   0.155538 -0.0240186  -0.352584  0.0225435 -0.0162479 0.00963294 0.00765089 0.00155041 0.00101681 -0.0108274 -0.0231788  0.0440711  0.00398136 -0.00751737 -0.00738036  0.00026731 -0.00222535 -0.00387981  -0.00149176  -0.00232777 -0.000487928    1.5511 0.0912439  -9.68516 
             72.7006  0.120313 -0.103562 -0.370425   0.024277 -0.0150661 0.00989517 0.00787325 0.00138767 0.00104955 -0.0108275 -0.0231786  0.0440704  0.00549859 -0.00386988 -0.00543526 0.000290839 -0.00217037 -0.00386797 -0.00155856 -0.00242506 -0.00055571   1.55113 0.0912743  -9.68515 
             72.7998  -0.0161704 -0.00237216   -0.300214  0.0235864 -0.0138884 0.00829279 0.00800809 0.00157201 0.00105496 -0.0108266 -0.0231772  0.0440709  0.00536079 0.000798959 -0.00753196 0.000382413 -0.00224083 -0.00391846 -0.00148703  -0.0024848 -0.00047944    1.5511 0.0913023  -9.68515 
             72.9006  0.127978 -0.154941 -0.296309  0.0245904 -0.0148135  0.0163761   0.007992 0.00137256 0.00104477 -0.0108213 -0.0231746  0.0440709 0.00244666 -0.0033697 0.00792017 0.000284269 -0.00213481 -0.00392247 -0.00149038 -0.00246858 -0.00113192   1.55115 0.0912748  -9.68515 
             73.0006  0.0447692 -0.0946983  -0.328252  0.0234323 -0.0126884  0.0135702  0.0082445 0.00159763 0.00105605 -0.0108222 -0.0231742  0.0440719 0.000363823   0.0032802  0.00258105 0.000338436 -0.00217782 -0.00390295 -0.00142119 -0.00258322 -0.00087541   1.55111 0.0913263  -9.68515 
             73.0995 0.0270121 -0.127723 -0.339437  0.0236815 -0.0125366   0.015202 0.00821531 0.00154452 0.00105554 -0.0108217 -0.0231744  0.0440717 -0.000263606   0.00323322   0.00424238 0.000351856  -0.0021521 -0.00389446  -0.00143391   -0.0025693 -0.000967766   1.55112 0.0913185  -9.68515 
             73.2006 0.0754202 -0.145021 -0.323268  0.0236052 -0.0112717  0.0164785  0.0083826 0.00153802 0.00106656 -0.0108214 -0.0231742  0.0440712 -0.00115136  0.00557358  0.00706282 0.000322188 -0.00213891 -0.00390431 -0.00142598 -0.00264502   -0.001068   1.55112 0.0913447  -9.68515 
             73.3007 0.0881938 -0.168907 -0.299329 0.0222065 -0.013465 0.0171557 0.00805927 0.00168901 0.00104131 -0.0108221 -0.0231737  0.0440731  -0.00638664 -0.000931589   0.00788962 0.000312599 -0.00212317 -0.00392278 -0.00135316 -0.00249636  -0.0010776    1.5511 0.0912917  -9.68516 
             73.4006  0.149102 -0.157589 -0.367005  0.0225847 -0.0116344  0.0182237 0.00830057  0.0015144 0.00106484 -0.0108234 -0.0231727  0.0440714 -0.00499583  0.00103451  0.00769523 0.000271823 -0.00213155 -0.00387695 -0.00143948 -0.00260499  -0.0010501   1.55113 0.0913298  -9.68515 
             73.5007   0.134538 -0.0950906  -0.363502  0.0221115 -0.0132594  0.0177032 0.00807311 0.00156995 0.00104355 -0.0108228 -0.0231729  0.0440714 -0.00510668 -0.00378773   0.0056015 0.000276724 -0.00217188 -0.00388262  -0.00142122  -0.00250488 -0.000978086   1.55111 0.0912948  -9.68515 
             73.6005  0.240725 -0.104075 -0.297444  0.0221975 -0.0104034   0.016511  0.0084629 0.00152723 0.00108548 -0.0108208 -0.0231752   0.044068  -0.0034896 0.000577664  0.00309901 0.000204409 -0.00216785 -0.00392781  -0.00146016  -0.00268009 -0.000838879   1.55112 0.0913576  -9.68515 
             73.7005 0.0422972 -0.108721 -0.351883  0.0187692 -0.0131333  0.0141431 0.00810942 0.00187429 0.00102395 -0.0108198 -0.0231743  0.0440634  -0.0108132 -0.00351893 -0.00233053 0.000336954 -0.00216249 -0.00389213  -0.00132927  -0.00252715 -0.000654913   1.55107 0.0913095  -9.68516 
             73.7996   0.179156 -0.0874157  -0.355587  0.0204426 -0.0131679  0.0130395  0.0081389 0.00161529 0.00104314 -0.0108197 -0.0231745  0.0440637 -0.00467698 -0.00543864 -0.00496525 0.000244373 -0.00217944 -0.00389156  -0.00145966  -0.00253909 -0.000550368   1.55111 0.0913127  -9.68515 
             73.8994  0.0207315 -0.0346257  -0.353461  0.0222785 -0.0150926 0.00839305 0.00799355 0.00140764 0.00103369  -0.010818 -0.0231713  0.0440638  0.00273607 -0.00597263   -0.011277 0.000352232 -0.00221688 -0.00389328  -0.00158373  -0.00247268 -0.000271374   1.55114 0.0912922  -9.68515 
             74.0006 0.0775054 -0.156823 -0.387009  0.0187421 -0.0189579  0.0129931  0.00770262  0.00166057 0.000975342 -0.0108149 -0.0231729  0.0440669  -0.00910606   -0.0130417 -0.000924982 0.000317745  -0.0021344 -0.00387127  -0.00139295  -0.00234494 -0.000722941   1.55109 0.0912456  -9.68516 
             74.1005   0.150787 -0.0573575  -0.302617  0.0209916 -0.0146391  0.0130787 0.00831434 0.00136188 0.00104886 -0.0108118 -0.0231751  0.0440655 -0.00119044 -0.00267078 9.76251e-05 0.000272397 -0.00219841 -0.00392501   -0.0015443  -0.00262868 -0.000723954  1.55115 0.091339 -9.68515 
             74.2006  0.103707 -0.137266 -0.332944  0.0218157 -0.0139055  0.0142473 0.00842404 0.00123759 0.00106828 -0.0108114 -0.0231753   0.044065 -0.000300785 -0.000815348   0.00181056 0.000295911 -0.00214645 -0.00390682  -0.00159489  -0.00268076 -0.000805456   1.55117 0.0913543  -9.68514 
             74.3004   0.169073 -0.0273427   -0.32737  0.0220327 -0.0124442   0.012822 0.00859969 0.00125525 0.00108115 -0.0108108 -0.0231756  0.0440645   0.00160634  0.000545188 -0.000840408 0.000248749 -0.00221878 -0.00391233  -0.00160439  -0.00276381 -0.000686863   1.55117 0.0913842  -9.68514 
             74.4005 0.0837116 -0.184377 -0.354527  0.0214777 -0.0143775  0.0171445 0.00839449 0.00123759 0.00106594 -0.0108075 -0.0231774  0.0440647  -0.0036725 -0.00330082  0.00723545 0.000305477 -0.00211504 -0.00389522 -0.00156336 -0.00266828 -0.00101529   1.55117 0.0913481  -9.68514 
             74.5005 0.0691457 -0.154472 -0.292115  0.0216384 -0.0138776  0.0178951 0.00848543 0.00117935 0.00107671 -0.0108071 -0.0231777  0.0440649 -0.00327484 -0.00185531  0.00654442 0.000317291 -0.00213505 -0.00393491 -0.00159144 -0.00271191 -0.00102435   1.55119 0.0913623  -9.68514 
             74.6006 0.0814544 -0.144935 -0.345689  0.0192581 -0.0149558  0.0179648 0.00838702 0.00140849 0.00105334 -0.0108069 -0.0231784  0.0440647 -0.00877204 -0.00401886  0.00530008 0.000306423 -0.00214422 -0.00389849 -0.00148334 -0.00266489 -0.00098529   1.55115 0.0913494  -9.68515 
             74.7004 0.0396354 -0.110611 -0.412388   0.022274 -0.0156035  0.0153577 0.00836135 0.00100381 0.00107128 -0.0108061  -0.023174  0.0440668  0.00116221 -0.00420654 -0.00217989 0.000328771 -0.00216561 -0.00385779   -0.0017157  -0.00264587 -0.000733313   1.55121 0.0913414  -9.68514 
             74.7996 0.0452064 -0.102454 -0.309249  0.0211096 -0.0152362  0.0136661 0.00843708 0.00117485 0.00107116 -0.0108056  -0.023173  0.0440663 -0.00170741 -0.00260491 -0.00550239 0.000323826 -0.00217367 -0.00392753 -0.00164463 -0.00268349 -0.00062985   1.55118 0.0913573  -9.68514 
             74.9004  0.145027 -0.153676 -0.219131 0.0227174 -0.011631 0.0165347  0.00888435 0.000916569  0.00110412 -0.0108004 -0.0231741  0.0440615 0.000960439  0.00361447 0.000480963 0.000256153 -0.00214091 -0.00398571  -0.00174641   -0.0029127 -0.000876054   1.55123 0.0914319  -9.68513 
             75.0006 0.0682572 -0.184741 -0.353503  0.0217003 -0.0144587  0.0174037 0.00853613 0.00100078 0.00107734 -0.0107982 -0.0231754  0.0440618 -0.00414432  -0.0026671  0.00176662 0.000305739 -0.00212149 -0.00389697  -0.00168771  -0.00273495 -0.000938701   1.55121 0.0913713  -9.68514 
             75.1005  0.226461 -0.106884 -0.319105  0.0210482 -0.0131869  0.0157849 0.00872131 0.00106553 0.00108975 -0.0107979 -0.0231768  0.0440595 -0.00406928 -0.00323478 -0.00207449 0.000202353 -0.00217351  -0.0039209  -0.00167287  -0.00283418 -0.000807338    1.5512 0.0914066  -9.68514 
             75.2004  0.132469 -0.158975 -0.355281  0.0221575 -0.0139112  0.0171149  0.00867477 0.000867103  0.00109699 -0.0107977  -0.023176  0.0440593  -0.0017504 -0.00451755 0.000247879 0.000270951 -0.00213797 -0.00389338  -0.00176333  -0.00281004 -0.000912183   1.55124 0.0913971  -9.68513 
             75.3005   0.132949 -0.0680601  -0.323564   0.020863 -0.0126257   0.013545 0.00884621 0.00104889 0.00110104  -0.010796 -0.0231757  0.0440588 -0.00333051 -0.00161673 -0.00544987 0.000269345 -0.00219646 -0.00391567  -0.00170205   -0.0029007 -0.000656082  1.55121 0.091432 -9.68514 
             75.4005   0.204568 -0.0879206  -0.377983  0.0195619 -0.0130102  0.0139926 0.00880431 0.00121233  0.0010916 -0.0107959 -0.0231763  0.0440588 -0.00707193 -0.00366374 -0.00459139 0.000221445 -0.00218207 -0.00387984  -0.00160744  -0.00287897 -0.000708612   1.55118 0.0914243  -9.68514 
             75.5005  0.0919277 -0.0475139  -0.331683   0.02064 -0.012503 0.0105753 0.00889295 0.00101815 0.00110961 -0.0107947 -0.0231761  0.0440617 -0.00100823 -0.00197705 -0.00897827 0.000297688 -0.00220852  -0.0039122  -0.00172207  -0.00292755 -0.000534727   1.55121 0.0914437  -9.68514 
             75.6006 0.0977879 -0.129891 -0.391349  0.0233495 -0.0142657  0.0139808  0.00869674 0.000569972  0.00111792 -0.0107933 -0.0231764  0.0440585  0.00539858  -0.0065641 -0.00125365 0.000295715 -0.00215671 -0.00387294  -0.00191277  -0.00282207 -0.000826503   1.55128 0.0913972  -9.68513 
             75.7005  0.0727714 -0.0837494  -0.423429  0.0246084 -0.0150796  0.0126744  0.00872691 0.000570985  0.00111706  -0.010794 -0.0231762  0.0440586  0.00675108 -0.00621347 -0.00321919 0.000316622 -0.00219494 -0.00384575  -0.00192016   -0.0028395 -0.000758434  1.55128 0.091405 -9.68513 
             75.7995 0.164018 -0.12218 -0.33244  0.0242845 -0.0149161    0.01608  0.00884651 0.000622127  0.00111891 -0.0107928 -0.0231747  0.0440584  0.00252064 -0.00666992  0.00436033 0.000267765 -0.00216812 -0.00390036 -0.00186403 -0.00289597 -0.00103969   1.55128 0.0914182  -9.68513 
             75.9006  0.0399526 -0.0719655  -0.413988  0.0242946 -0.0155102  0.0123207  0.00882379 0.000695807  0.00110647 -0.0107924 -0.0231729  0.0440583  0.00335079 -0.00510615 -0.00370431 0.000347945 -0.00220133 -0.00384729  -0.00185802  -0.00288541 -0.000745179   1.55126 0.0914224  -9.68513 
             76.0005   0.170795 -0.0996718  -0.365602  0.0226286 -0.0154198  0.0138843  0.00889895 0.000877508  0.00109743  -0.010792 -0.0231713  0.0440581 -0.00225759 -0.00605252 0.000462835 0.000263654  -0.0021848 -0.00387766   -0.0017503  -0.00292319 -0.000894252   1.55124 0.0914373  -9.68513 
             76.1006 0.0217821 -0.107646 -0.326203  0.0221568 -0.0162137  0.0142893  0.00886777 0.000892999  0.00109752 -0.0107921 -0.0231714  0.0440579  -0.0030483 -0.00497095 0.000699883 0.000360934 -0.00217886 -0.00390263  -0.00173868  -0.00290768 -0.000923924   1.55124 0.0914324  -9.68513 
             76.2005  0.100819  -0.11929 -0.350245  0.0214023 -0.0181638  0.0137527  0.00873305 0.000929636  0.00109076 -0.0107923 -0.0231715  0.0440583  -0.00457405   -0.0092704 -0.000489268 0.000307077 -0.00217056 -0.00388739  -0.00172136  -0.00284065 -0.000881403   1.55122 0.0914127  -9.68513 
             76.3004 -0.0258042  -0.100997  -0.334368  0.0214135 -0.0171776  0.0127747  0.00886326 0.000935208  0.00109349 -0.0107921 -0.0231709  0.0440595 -0.00415683 -0.00520222 -0.00336986 0.000393038 -0.00218141 -0.00389587  -0.00172983  -0.00290442 -0.000799003  1.55123 0.091434 -9.68513 
             76.4006   0.128725 -0.0841138  -0.375087  0.0201297 -0.0172092   0.011532  0.00896586 0.000974481  0.00112502 -0.0107924 -0.0231719  0.0440581 -0.00489058  -0.0051611 -0.00351625 0.000286669 -0.00219443 -0.00386598  -0.00170488  -0.00295395 -0.000759048   1.55122 0.0914514  -9.68514 
             76.5005 0.000707808  -0.0758815   -0.331563  0.0217314 -0.0141469  0.0124142  0.00935318 0.000760975  0.00115235 -0.0107922 -0.0231724  0.0440595 0.000475094  0.00519446 -0.00155575 0.000370088 -0.00219736 -0.00389402  -0.00181449  -0.00315098 -0.000831378   1.55126 0.0915088  -9.68513 
             76.6004  0.145269 -0.139765 -0.305689  0.0201551 -0.0143073  0.0165663  0.00929879 0.000846816  0.00117695 -0.0107925 -0.0231716  0.0440615 -0.00496726 0.000298019  0.00477536 0.000266825 -0.00214838 -0.00391464 -0.00173591 -0.00312891 -0.00111875   1.55126 0.0915019  -9.68513 
             76.6995 0.0372585 -0.146419 -0.344652   0.023373 -0.0136633  0.0150764   0.0093315 0.000483712  0.00117942 -0.0107932   -0.02317  0.0440604 0.00263268 0.00395082 0.00174212 0.000336832 -0.00214592 -0.00388597   -0.0019422  -0.00314338 -0.000949724   1.55131 0.0915022  -9.68512 
             76.7996   0.227352 -0.0540817  -0.283758  0.0221809 -0.0130656  0.0143321  0.00938269 0.000649248  0.00118452 -0.0107929 -0.0231701  0.0440587   0.00076398  0.000495304 -0.000868941 0.000221623 -0.00220481 -0.00392278 -0.00186092 -0.00316951 -0.00089513   1.55128 0.0915135  -9.68512 
             76.8997  0.140186 -0.113514 -0.312415   0.021756 -0.0132673  0.0123683  0.00934832 0.000711137  0.00117812 -0.0107931 -0.0231705  0.0440589 -0.000762081 -0.000613377  -0.00460985 0.000280662 -0.00216679 -0.00390335  -0.00184429  -0.00314988 -0.000761425  1.55127  0.09151 -9.68513 
             77.0006   0.168774 -0.0725929  -0.317289   0.018816 -0.0138117  0.0137093 0.00928965 0.00105471 0.00115804 -0.0107932 -0.0231709  0.0440578  -0.00932934  -0.00278121 -0.000730638 0.000262884 -0.00219498 -0.00390083  -0.00164383  -0.00311973 -0.000899132   1.55122 0.0914987  -9.68513 
             77.0995   0.196733 -0.0707681  -0.344281  0.0174078 -0.0163649   0.011465 0.00915887 0.00104916 0.00115063 -0.0107922 -0.0231714  0.0440585 -0.00804505  -0.0100304 -0.00522976 0.000244125 -0.00219297 -0.00388216  -0.00166089  -0.00304795 -0.000775569   1.55121 0.0914787  -9.68514 
             77.1996  0.0101835 -0.0830391  -0.276291  0.0198229 -0.0147096 0.00953718  0.00933804 0.000748498   0.0011761 -0.0107917 -0.0231708   0.044061 -0.000116912  -0.00211886  -0.00868274 0.000365285 -0.00218444 -0.00392425  -0.00184364  -0.00314476 -0.000619213   1.55126 0.0915143  -9.68513 
             77.2995 0.0476684 -0.122781 -0.298312  0.0202685 -0.0149188  0.0115404  0.00936364 0.000666122  0.00117708 -0.0107909 -0.0231722  0.0440609 -0.00102144 -0.00121364 -0.00233914  0.00033808 -0.00215896 -0.00391154 -0.00186324 -0.00316139 -0.00083445   1.55128 0.0915115  -9.68512 
             77.3995  0.106163 -0.103589 -0.375272  0.0217352 -0.0146328  0.0118083  0.00940453 0.000490577  0.00118263 -0.0107912 -0.0231709  0.0440606   0.00362654 -0.000517261 -0.000841746 0.000300963 -0.00217489 -0.00386278  -0.00196028  -0.00318486 -0.000848829   1.55131 0.0915181  -9.68512 
             77.5005  0.162558 -0.135312 -0.304175 0.0205339 -0.015776 0.0150173  0.00939513 0.000619614  0.00117773 -0.0107912 -0.0231691  0.0440623 -0.00200607 -0.00551922  0.00330964 0.000255966 -0.00214812 -0.00392778  -0.0018816 -0.00316423 -0.00106637    1.5513 0.0915025  -9.68512 
             77.5995   0.163381 -0.0857177  -0.334468  0.0217347 -0.0149774  0.0169603  0.00952524 0.000484315  0.00119851 -0.0107914 -0.0231688  0.0440621  0.00240082 -0.00389552  0.00632287  0.00025578 -0.00218139 -0.00390832 -0.00194181 -0.00323368 -0.00117496   1.55132 0.0915207  -9.68512 
             77.7004  0.213237 -0.150804 -0.395799  0.0214265 -0.0158008  0.0166892  0.00950082 0.000533488  0.00119243 -0.0107916 -0.0231694  0.0440624 -0.000233086  -0.00722982   0.00407526 0.000222725  -0.0021371 -0.00387089 -0.00192374 -0.00322032 -0.00110624   1.55131 0.0915187  -9.68512 
             77.8004  0.0113613 -0.0816102  -0.299782  0.0226568 -0.0147736  0.0147923  0.00962306 0.000442637  0.00120515 -0.0107903 -0.0231686  0.0440651  0.00438067 -0.00135133 0.000351556 0.000354119 -0.00218223 -0.00393096  -0.00199165  -0.00328122 -0.000936176   1.55133 0.0915426  -9.68512 
             77.9005  0.127454 -0.257911 -0.364052  0.0244474 -0.0168486   0.022832  0.00950304 0.000182262  0.00120432 -0.0107841  -0.023168  0.0440634  0.00230426 -0.00693965   0.0133573 0.000285542  -0.0020654 -0.00388818 -0.00206131 -0.00322043 -0.00147816   1.55137 0.0915034  -9.68511 
             78.0004 0.0947657 -0.159237 -0.372687 0.0236272   -0.0125 0.0212163  0.00996216 0.000338732  0.00120725 -0.0107845 -0.0231678  0.0440639 0.000471023  0.00433594  0.00923665 0.000306479 -0.00213078 -0.00388215 -0.00200843 -0.00346236 -0.00128169   1.55135 0.0915843  -9.68511 
             78.1005  0.102373 -0.144837  -0.34305  0.0252599 -0.0129966  0.0178963  0.00985905 0.000223815  0.00121042 -0.0107838 -0.0231683  0.0440648  0.00440685  0.00167244 0.000159108 0.000301751 -0.00213652 -0.00390236  -0.00210643  -0.00340502 -0.000971868   1.55137 0.0915742  -9.68511 
             78.2004   0.146866 -0.0905507  -0.345861   0.024072 -0.0118888  0.0171352  0.00994959 0.000402345  0.00119783 -0.0107835 -0.0231683   0.044063  0.00059646  0.00287461 -2.3908e-05 0.000271726 -0.00217098 -0.00389878   -0.0020149  -0.00345548 -0.000920235  1.55134 0.091594 -9.68511 
             78.3005 0.0844376 -0.188841 -0.352081 0.0199797 -0.015832 0.0199477  0.00953308 0.000736653  0.00115856 -0.0107826 -0.0231689  0.0440644  -0.0116412 -0.00676794  0.00427474 0.000311728 -0.00210716 -0.00389634 -0.00178906 -0.00323306  -0.0011405   1.55127 0.0915294  -9.68513 
             78.4003  0.123787 -0.118666 -0.366832  0.0193353 -0.0136847  0.0170837  0.00980993 0.000739776  0.00116724 -0.0107821 -0.0231691  0.0440642 -0.00982586 -0.00146529 -0.00198034 0.000288238 -0.00215195 -0.00388568  -0.00182216  -0.00338019 -0.000903732   1.55128 0.0915777  -9.68512 
             78.5003  0.134193  -0.13852 -0.267264 0.0179525 -0.015415 0.0169164 0.00966169 0.00076996 0.00116002 -0.0107835 -0.0231687  0.0440647    -0.01179 -0.00625344 -0.00123365 0.000282465 -0.00213958 -0.00394989  -0.00180382  -0.00329857 -0.000903455  1.55127 0.091554 -9.68513 
             78.6003 0.256752 -0.11104 -0.38493  0.0178057 -0.0156195  0.0146976  0.00966359 0.000778343  0.00116232  -0.010783 -0.0231702  0.0440647  -0.0107009 -0.00780428 -0.00569103 0.000207137 -0.00215538 -0.00387603   -0.0018229   -0.0032967 -0.000722732   1.55127 0.0915564  -9.68512 
             78.7003 0.0739719  -0.12292  -0.31212 0.0155855 -0.018394 0.0121962  0.00950671 0.000838507  0.00114894 -0.0107834  -0.023169  0.0440625  -0.0121515  -0.0113726 -0.00947545 0.000324562 -0.00214744  -0.0039227 -0.00178998 -0.00320862 -0.00062011   1.55126 0.0915332  -9.68513 
             78.8004   0.251615 -0.0517184  -0.276211  0.0176596 -0.0146184  0.0133771   0.0100563 0.000485977  0.00120987 -0.0107819 -0.0231698  0.0440605 -0.00299618  -0.0046203 -0.00524074 0.000215859 -0.00219062 -0.00394642  -0.00197399  -0.00351183 -0.000763051   1.55132 0.0916164  -9.68512 
             78.8994  0.0919894 -0.0700715  -0.314883  0.0214311 -0.0138106   0.014301   0.0101698 6.74462e-05  0.00126342 -0.0107826 -0.0231688  0.0440625   0.00611328 -0.000449313  -0.00128425 0.000320713 -0.00217802  -0.0039207  -0.00219937  -0.00357509 -0.000850574   1.55139 0.0916308  -9.68511 
             79.0004 0.0684543 -0.128363  -0.26404 0.0201276 -0.012861 0.0141153   0.0102613 0.000242052  0.00125525 -0.0107823 -0.0231682  0.0440644 0.000553902  0.00199341 -0.00148031 0.000341001 -0.00214048 -0.00395235  -0.00209954  -0.00362365 -0.000861133   1.55136 0.0916445  -9.68511 
             79.1003   0.166079 -0.0303252  -0.336547  0.0226259 -0.0123725  0.0110706   0.0102895 4.87807e-05  0.00127553 -0.0107819 -0.0231671  0.0440652  0.00817175 0.000965297 -0.00709611 0.000275809 -0.00220378 -0.00390761  -0.00223473  -0.00364136 -0.000648909   1.55139 0.0916568  -9.68511 
             79.2004  0.160363 -0.123116  -0.35305  0.0240899 -0.0137125  0.0146582    0.0101845 -6.20565e-05   0.00128411 -0.0107799 -0.0231661  0.0440653  0.0074857 -0.0032133 0.00121971 0.000281169 -0.00214716 -0.00389764  -0.00226383  -0.00358228 -0.000940772  1.55141 0.091632  -9.6851 
             79.3002   0.126378 -0.0696344  -0.325141   0.022808 -0.0131173  0.0127853   0.0102639 0.000160826  0.00126318   -0.01078 -0.0231659   0.044065  0.00375093 -0.00208432 -0.00315393 0.000307849 -0.00217812  -0.0039134  -0.00214957  -0.00362407 -0.000813793   1.55137 0.0916464  -9.68511 
             79.4003 0.0924886 -0.140512 -0.300237  0.0234442 -0.0143014  0.0158169   0.0101864 9.66263e-05  0.00126696 -0.0107791 -0.0231667  0.0440646  0.00217066 -0.00436878  0.00323387 0.000326774 -0.00213475 -0.00393177 -0.00216231 -0.00358364 -0.00104063   1.55139 0.0916284  -9.68511 
             79.5003  0.120075 -0.102018 -0.261904  0.0238485 -0.0109545  0.0183641   0.0105637 5.81637e-05   0.0012866 -0.0107773 -0.0231668  0.0440641 0.00313376 0.00267088 0.00688993 0.000314822 -0.00215726 -0.00395484 -0.00216758 -0.00379756 -0.00120261    1.5514 0.0916851   -9.6851 
             79.6004  0.073379 -0.182919 -0.339579  0.0253371 -0.0121236  0.0189002    0.0104187 -7.10927e-05   0.00128851 -0.0107769 -0.0231659  0.0440626  0.00321382 0.000126752    0.006336 0.000343498 -0.00210434 -0.00390536 -0.00224516 -0.00371698 -0.00117903   1.55142 0.0916629   -9.6851 
             79.7002  0.100755  -0.15315 -0.333639  0.0246015 -0.0126075  0.0183235  0.0103742 4.4653e-05 0.00127659 -0.0107769 -0.0231662  0.0440627 0.000748967 -0.00194942  0.00341856 0.000328622 -0.00212346 -0.00390634 -0.00218596 -0.00368941 -0.00110291    1.5514 0.0916566   -9.6851 
             79.7994  0.0970291 -0.0811315  -0.367883  0.0212734 -0.0145475    0.01582   0.0101929 0.000422601  0.00123252 -0.0107752 -0.0231682  0.0440593 -0.00703113 -0.00644996 -0.00190209 0.000337049 -0.00216878 -0.00388124  -0.00198231  -0.00358085 -0.000917651  1.55133 0.091629 -9.68511 
             79.9002  0.160504 -0.108415 -0.394615  0.0208047 -0.0143621  0.0167674   0.0102928 0.000377005  0.00124251 -0.0107758 -0.0231675  0.0440586 -0.00648184 -0.00589545 0.000251192 0.000299393  -0.0021501 -0.00386621  -0.00200187  -0.00364081 -0.000996681   1.55134 0.0916447  -9.68511 
             80.0004 0.0931658 -0.188542  -0.39274  0.0206804 -0.0176906  0.0211391   0.0100066 0.000280951  0.00123709 -0.0107742 -0.0231677  0.0440581 -0.00806682  -0.0127578  0.00917794 0.000335802  -0.0021009   -0.003872 -0.00201444 -0.00347342  -0.0013184   1.55136 0.0915916  -9.68511 
             80.1004  0.189324 -0.188085 -0.365192  0.0177351 -0.0194048  0.0224206   0.0100376 0.000412494  0.00122934 -0.0107741  -0.023167  0.0440584 -0.0142921 -0.0151139 0.00829151 0.000273005 -0.00210065  -0.0038891 -0.00193306 -0.00349216 -0.00132328   1.55134 0.0915988  -9.68511 
             80.2002 0.0619581 -0.206806 -0.321071  0.0209841 -0.0151256  0.0211259    0.010562 1.07778e-05  0.00126322 -0.0107708 -0.0231699  0.0440615 -0.00421452 -0.00105539  0.00488787 0.000349507 -0.00208997 -0.00391572 -0.00220495 -0.00378959 -0.00115925   1.55142 0.0916738   -9.6851 
             80.3004  0.163168 -0.129516 -0.322177  0.0206916 -0.0157893  0.0190448   0.0104859 6.17088e-05  0.00126087 -0.0107701 -0.0231705  0.0440618  -0.00434659  -0.00381248 -0.000176732 0.000283475 -0.00213633 -0.00391533  -0.00219419  -0.00374527 -0.000983564  1.55141 0.091666  -9.6851 
             80.4003  0.119616 -0.161248 -0.353408  0.0195659 -0.0154826  0.0183924   0.0105446 0.000136735  0.00125519 -0.0107703 -0.0231707  0.0440618 -0.00676646 -0.00293798 -0.00203984 0.000314282 -0.00211531 -0.00389177  -0.00215672  -0.00377991 -0.000943002    1.5514 0.0916783   -9.6851 
             80.5005 0.0741379 -0.120853 -0.293786  0.0208642 -0.0137663  0.0184223    0.0107238 -7.08251e-05   0.00127574 -0.0107693 -0.0231723  0.0440647 -0.00148333   0.0016688  -0.0012875 0.000340011 -0.00214197 -0.00392807  -0.00228196  -0.00388256 -0.000954365   1.55143 0.0917012   -9.6851 
             80.6004  0.122941 -0.205556 -0.388681   0.021108 -0.0177505  0.0204354    0.0103128 -0.000157776   0.00126087 -0.0107666 -0.0231722  0.0440653  -0.0028502 -0.00993678  0.00257481 0.000301521 -0.00208887 -0.00387247 -0.00230217 -0.00363951 -0.00111371   1.55144 0.0916302   -9.6851 
             80.7002 0.0746165 -0.147782 -0.333339  0.0192236 -0.0172761  0.0172235    0.0104619 -6.03401e-06   0.00126164 -0.0107663 -0.0231717  0.0440656 -0.00640942 -0.00560844 -0.00354516 0.000339388 -0.00213491 -0.00391618  -0.00224075  -0.00372227 -0.000899449   1.55142 0.0916586   -9.6851 
             80.8002  0.233343 -0.134375 -0.324146    0.02059 -0.0172854  0.0183558   0.0105576 -0.00019123  0.00128662 -0.0107663 -0.0231714   0.044065  -0.00240533  -0.00813888 -0.000429324  0.00024402 -0.00214464 -0.00392093  -0.00234398  -0.00377997 -0.000990799   1.55145 0.0916722   -9.6851 
             80.9003 0.0780501 -0.146391 -0.330262  0.0211327 -0.0172889  0.0151673    0.0106102 -0.000220419   0.00128823 -0.0107661 -0.0231701  0.0440655 -0.00104022 -0.00508532 -0.00569297 0.000345062 -0.00213589 -0.00391472 -0.00239013 -0.00380535 -0.00078109   1.55146 0.0916806  -9.68509 
             81.0003  0.203268 -0.108252 -0.316684  0.0187395 -0.0160863  0.0162415    0.0107633 -4.29984e-05   0.00126479 -0.0107664  -0.023169  0.0440638 -0.00694071 -0.00429982 -0.00304618 0.000271488 -0.00215771 -0.00392265  -0.00226639  -0.00389954 -0.000907831   1.55143 0.0917055   -9.6851 
             81.1004   0.190291 -0.0836103  -0.304893  0.0175349 -0.0152516  0.0178088    0.0108751 -1.94295e-05    0.0012657 -0.0107667 -0.0231686  0.0440634 -0.00813248 -0.00336363  0.00145411 0.000282591 -0.00217301 -0.00393066 -0.00223868 -0.00396841  -0.0010352   1.55142 0.0917223   -9.6851 
             81.2003   0.19278 -0.105237 -0.326125  0.0191046 -0.0141521  0.0160258    0.0109963 -0.000207549   0.00129697  -0.010767 -0.0231682  0.0440631 -0.00276284 -0.00156828 -0.00219687 0.000281047 -0.00215846 -0.00391719  -0.00237333  -0.00404043 -0.000897584   1.55145 0.0917444  -9.68509 
             81.3002  0.0149633 -0.0904188  -0.357344   0.021882 -0.0153963   0.013338   0.0108583 -0.00050116  0.00132288 -0.0107664 -0.0231629  0.0440606  0.00700357 -0.00323688 -0.00944639 0.000392402 -0.00216901 -0.00389724  -0.00257671  -0.00395467 -0.000664298    1.5515 0.0917281  -9.68509 
             81.4004   0.22524 -0.092159  -0.32377  0.0242037 -0.0132848  0.0136583    0.0110872 -0.000619866   0.00138657 -0.0107656 -0.0231641  0.0440572  0.00846174 -0.00245274 -0.00487025 0.000247281 -0.00216758 -0.00392022  -0.00261949  -0.00410148 -0.000780238   1.55151 0.0917641  -9.68508 
             81.5003  0.0174071 -0.0995217  -0.337136  0.0225692 -0.0121798  0.0125389    0.0111469 -0.000397824   0.00137951 -0.0107658 -0.0231642  0.0440584  0.00187217  0.00394087 -0.00587134 0.000380318 -0.00216026 -0.00391061  -0.00248357  -0.00413633 -0.000751914  1.55148 0.091775 -9.68509 
             81.6002 0.0952535 -0.102041 -0.383107   0.019976 -0.0160037  0.0128039    0.0108082 -0.000162628    0.0013564  -0.010764 -0.0231653  0.0440602 -0.00512807 -0.00667341  -0.0054372 0.000332732 -0.00215931 -0.00388033   -0.0023254  -0.00392754 -0.000819547  1.55144 0.091717  -9.6851 
             81.7003  0.118087 -0.118577 -0.357379   0.022224 -0.0147146  0.0156352    0.0109983 -0.000432135   0.00137592 -0.0107631 -0.0231651  0.0440582 -0.000110616  -0.00267878   0.00111865 0.000321452 -0.00214926 -0.00389758 -0.00247129 -0.00404175 -0.00103209   1.55149 0.0917353  -9.68509 
             81.8002   0.208698 -0.0810004  -0.306868 0.0194484 -0.014091 0.0178111    0.0111006 -0.000196603   0.00136969 -0.0107629 -0.0231615  0.0440563 -0.00643691 -0.00382671   0.0049546 0.000270872 -0.00217058 -0.00392893 -0.00230934 -0.00410221 -0.00118512   1.55145 0.0917481  -9.68509 
             81.9001  0.125464 -0.187255 -0.307829  0.0211665 -0.0128074  0.0194722    0.0112422 -0.000424266    0.0013964 -0.0107619 -0.0231622  0.0440541  -0.00222692 -0.000331217   0.00641243 0.000323584  -0.0021053 -0.00392511 -0.00244538 -0.00419048 -0.00125617   1.55149 0.0917651  -9.68509 
             82.0004  0.119759 -0.174246  -0.31629 0.0206706 -0.015063 0.0231832    0.0110716 -0.000440747   0.00138803 -0.0107613 -0.0231625  0.0440537 -0.00495075 -0.00598142   0.0114222 0.000321694 -0.00211339 -0.00392072 -0.00243039 -0.00408835 -0.00145447    1.5515 0.0917314  -9.68509 
             82.1003  0.173801 -0.131192 -0.406916   0.020294 -0.0151418  0.0184309    0.0110475 -0.000361017    0.0013809 -0.0107605 -0.0231641  0.0440538 -0.00467058 -0.00613998  0.00154333  0.00029056 -0.00214063 -0.00386421 -0.00242297 -0.00407095 -0.00106066   1.55148 0.0917411  -9.68509 
             82.2001 0.0734063 -0.141226 -0.273733  0.0196351 -0.0149103  0.0188158   0.0111666 -0.00045462  0.00140476 -0.0107603 -0.0231658  0.0440542  -0.0048997  -0.0039483 0.000681182 0.000365504 -0.00213424 -0.00396938 -0.00243184 -0.00412727 -0.00107009   1.55148 0.0917536  -9.68509 
             82.3003  0.137159 -0.128137 -0.322752  0.0203689 -0.0158009  0.0168981    0.0110858 -0.000529625   0.00140997  -0.01076 -0.023166 0.0440547 -0.00272659 -0.00631954 -0.00234291 0.000333436 -0.00213881 -0.00393575  -0.00249666  -0.00407476 -0.000909046   1.55149 0.0917441  -9.68509 
             82.4001  0.167939 -0.122678 -0.315599  0.0208204 -0.0144522  0.0154157    0.0112797 -0.000591781   0.00142417 -0.0107597 -0.0231663  0.0440539 -0.00120253 -0.00444505 -0.00604488 0.000313991 -0.00214113 -0.00394004  -0.00254679  -0.00419844 -0.000852837   1.5515 0.091778 -9.68509 
             82.5003  0.194567 -0.113571 -0.326134 0.0240569 -0.013125 0.0162249     0.011428 -0.000869906   0.00146905 -0.0107601 -0.0231657  0.0440539  0.00649748 -0.00247645 -0.00485584    0.000302 -0.00214698  -0.0039332  -0.00272332  -0.00429577 -0.000935476   1.55154 0.0918036  -9.68508 
             82.6001  0.109571 -0.133803 -0.292341  0.0220617 -0.0133397  0.0142151     0.011422 -0.000659654   0.00144044 -0.0107601 -0.0231646   0.044054 -1.58433e-05   -0.0024098   -0.0067319  0.00035331 -0.00213587 -0.00395319  -0.00259078  -0.00428805 -0.000835032   1.55151 0.0918023  -9.68509 
             82.7003 0.142528 -0.13242 -0.34681  0.0217441 -0.0157466  0.0128445    0.0112823 -0.000638035   0.00143019 -0.0107594 -0.0231648  0.0440539 -0.000875744  -0.00824271  -0.00941991 0.000333531  -0.0021343 -0.00391885  -0.00257596  -0.00419031 -0.000801896    1.5515 0.0917773  -9.68509 
             82.8001    0.10008 -0.0785375  -0.326127  0.0193466 -0.0149613   0.012955    0.0113949 -0.000468273   0.00141789 -0.0107598 -0.0231651  0.0440533 -0.00612346 -0.00484635 -0.00628448 0.000359822 -0.00216827 -0.00393223  -0.00244362  -0.00426806 -0.000877985   1.55147 0.0917946  -9.68509 
             82.9003 0.0929383 -0.199656 -0.334228  0.0223705 -0.0166194  0.0175938   0.0113318 -0.00080387  0.00144562 -0.0107573 -0.0231658  0.0440491 -0.000300754  -0.00749803   0.00213776 0.000363831 -0.00209293 -0.00392784 -0.00264896 -0.00422709 -0.00121648   1.55153 0.0917745  -9.68508 
             83.0002  0.125796 -0.122396 -0.321399  0.0199312 -0.0137455  0.0171013    0.0116024 -0.000575368   0.00142418 -0.0107571 -0.0231654  0.0440476  -0.00637685 -0.000457419  0.000657084 0.000341519 -0.00214156 -0.00393639 -0.00249057 -0.00441373 -0.00118821   1.55149 0.0918242  -9.68509 
             83.1003  0.129368 -0.140845 -0.357425  0.0182851 -0.0146876    0.01819    0.0115491 -0.000542877   0.00142056 -0.0107569 -0.0231656  0.0440478 -0.00964277 -0.00286229   0.0032774 0.000340783 -0.00213115 -0.00391254 -0.00245956 -0.00437717 -0.00124927   1.55149 0.0918135  -9.68509 
             83.2004 0.0731142 -0.170691 -0.366822   0.017801 -0.0136461  0.0189715   0.0116466 -0.00059929  0.00142683 -0.0107571 -0.0231655   0.044048 -0.00938473 0.000528536  0.00360331  0.00037588 -0.00211194 -0.00390811 -0.00249777 -0.00444432 -0.00128095    1.5515 0.0918294  -9.68509 
             83.3002 0.0547078 -0.163041 -0.388747  0.0161692 -0.0172275  0.0192206    0.0113526 -0.000549721   0.00141953 -0.0107564 -0.0231656  0.0440471  -0.0130156 -0.00671934  0.00321428 0.000393285 -0.00211349 -0.00389186  -0.0024569 -0.00424699 -0.00127865   1.55148 0.0917806  -9.68509 
             83.4004  0.130525  -0.14551 -0.248803  0.0173812 -0.0126367  0.0196051    0.0117706 -0.000757391   0.00143229 -0.0107501 -0.0231703  0.0440446 -0.00712952  0.00333647  0.00420367 0.000350745 -0.00212543 -0.00397608 -0.00260264 -0.00453119 -0.00127436   1.55153 0.0918481  -9.68508 
             83.5003  0.105297 -0.228452 -0.332838  0.0194003 -0.0137015  0.0212273   0.0116704 -0.00100276  0.00145625 -0.0107496 -0.0231698   0.044043 -0.00317638 0.000882226  0.00682915  0.00036767 -0.00207243  -0.0039247  -0.0027554 -0.00446738  -0.0013794  1.55156 0.091827 -9.68508 
             83.6001  0.214254 -0.164386 -0.315562  0.0186745 -0.0144572  0.0206758    0.0116285 -0.000970541   0.00145271 -0.0107497 -0.0231709  0.0440441 -0.00413168 -0.00443747  0.00329901 0.000298069 -0.00211471 -0.00393618 -0.00274411 -0.00443793 -0.00128588   1.55156 0.0918209  -9.68508 
             83.7003  0.114356 -0.173358 -0.316085  0.0175111 -0.0160841  0.0225354    0.0115115 -0.000932291   0.00144515 -0.0107495 -0.0231714  0.0440436 -0.00780474 -0.00667132  0.00645853 0.000357421 -0.00211056 -0.00393534 -0.00270089 -0.00436652 -0.00139511   1.55155 0.0918025  -9.68508 
             83.8002   0.10709 -0.201909 -0.357468  0.0166117 -0.0183305  0.0205389    0.0113754 -0.000898966   0.00144201  -0.010749 -0.0231716  0.0440437 -0.0100989 -0.0102853 0.00210892  0.00036504 -0.00209287 -0.00390817 -0.00269986 -0.00427375 -0.00121461  1.55155 0.091783 -9.68508 
                83.9  0.128775 -0.129019 -0.405221 0.0188714 -0.019172 0.0185508   0.0114008 -0.00113565  0.00147217 -0.0107483 -0.0231691  0.0440463 -0.00223338  -0.0101629 -0.00130315 0.000355278 -0.00213932 -0.00387804 -0.00288081 -0.00428248 -0.00105598   1.55159 0.0917873  -9.68507 
             84.0002 0.0810436  -0.19544 -0.319208  0.0214414 -0.0182467  0.0168684   0.0115645 -0.00135363  0.00149577 -0.0107475 -0.0231708  0.0440461  0.00239675 -0.00535812  -0.0047687 0.000387084 -0.00209975 -0.00392953  -0.00304255  -0.00438669 -0.000952364   1.55163 0.0918131  -9.68507 
             84.1003 0.0168127 -0.153718 -0.316226 0.0198755 -0.016687 0.0164891   0.0117222 -0.00118281  0.00148202  -0.010747 -0.0231701  0.0440471 -0.00171793 0.000115756 -0.00466591 0.000426461 -0.00212737  -0.0039287  -0.00293378  -0.00448595 -0.000954425    1.5516 0.0918386  -9.68507 
             84.2002 0.125166 -0.15985 -0.36673  0.0199886 -0.0172169  0.0163925   0.0116851 -0.00121701  0.00148457 -0.0107469   -0.02317  0.0440474 -0.00271144 -0.00196654 -0.00459389 0.000361614 -0.00211988 -0.00389616  -0.00295249  -0.00446223 -0.000973446   1.55161 0.0918322  -9.68507 
             84.3003   0.127661 -0.0890346  -0.364398  0.0197418 -0.0137865  0.0148509   0.0119644 -0.00119681   0.0014945 -0.0107471 -0.0231701  0.0440459 -0.00170694  0.00425163 -0.00553432 0.000362969 -0.00216452 -0.00389779  -0.00295333  -0.00464062 -0.000927374   1.55161 0.0918751  -9.68507 
             84.4002 0.0610465 -0.205495 -0.300358  0.0220188 -0.0136356  0.0160645   0.0119734 -0.00146187  0.00152374 -0.0107467 -0.0231716  0.0440436  0.00337307  0.00577288 -0.00255858 0.000409343 -0.00209098 -0.00393508 -0.00311972 -0.00465138 -0.00101466   1.55165 0.0918726  -9.68506 
             84.5003  0.111322 -0.105705 -0.381053  0.0196462 -0.0157489   0.016686   0.0117929 -0.00132603  0.00140397 -0.0107475 -0.0231726  0.0440418 -0.00283908 -0.00155714 -0.00153281 0.000374821 -0.00217431 -0.00386665 -0.00297618 -0.00452236 -0.00109041   1.55161 0.0918446  -9.68507 
             84.6002  0.0508528 -0.0960492  -0.378431  0.0177078 -0.0163551  0.0134082  0.0117402 -0.0011608 0.00138118 -0.0107466  -0.023173  0.0440411 -0.00598806 -0.00140979 -0.00735085 0.000415777 -0.00218109 -0.00386468  -0.00288679  -0.00448006 -0.000887384   1.55159 0.0918398  -9.68507 
             84.7003  0.128943 -0.122033 -0.323859   0.022477 -0.0144783  0.0161423   0.0119039 -0.00159583  0.00141883 -0.0107458 -0.0231744  0.0440387 0.00528922 0.00177455 -0.0015706 0.000366762 -0.00216274  -0.0039002 -0.00316708 -0.00459817 -0.00109007   1.55166 0.0918551  -9.68506 
             84.8001  0.144896 -0.151998 -0.361307   0.021465 -0.0152712  0.0197521   0.0118311 -0.00152645  0.00140904 -0.0107447 -0.0231738  0.0440398 0.000147028 -0.00165585   0.0046785  0.00035269 -0.00214745 -0.00387968 -0.00308482 -0.00455772 -0.00134052   1.55164 0.0918472  -9.68506 
             84.9002  0.232719 -0.125287 -0.270217  0.0204326 -0.0106394  0.0199552   0.0121865 -0.00143365  0.00139696 -0.0107413 -0.0231732  0.0440357 -0.00243576   0.0061411  0.00509603 0.000301289 -0.00216252 -0.00393585 -0.00302461 -0.00480956 -0.00133043   1.55164 0.0919092  -9.68506 
             85.0002 -0.0258975  -0.197958   -0.25521  0.0205237 -0.0135666  0.0204699   0.0119081 -0.00146641  0.00140478 -0.0107431 -0.0231735  0.0440286 -0.00373837 0.000555443  0.00480356 0.000459976  -0.0021163 -0.00394826 -0.00304256 -0.00461582 -0.00134713   1.55164 0.0918629  -9.68506 
             85.1003  0.160508 -0.129196 -0.220364    0.020248 -0.00997843   0.0186989   0.0121575 -0.00147184  0.00140996 -0.0107405 -0.0231748  0.0440268 -0.00245959  0.00450806 0.000722892  0.00034612 -0.00216031 -0.00396867 -0.00305744 -0.00479382  -0.0011921   1.55164 0.0919073  -9.68506 
             85.2002  0.129531 -0.195987 -0.371286  0.0198885 -0.0127903  0.0215928   0.0119142 -0.00150295  0.00141418 -0.0107366  -0.023175  0.0440271 -0.00540878 -0.00287721  0.00581573 0.000368268 -0.00211765 -0.00387611 -0.00305803 -0.00462378 -0.00137749   1.55165 0.0918638  -9.68506 
             85.3002   0.11138 -0.155284 -0.315337  0.0200513 -0.0143513  0.0198923  0.0117727 -0.0015144 0.00141714 -0.0107361 -0.0231748  0.0440271 -0.00457547 -0.00644379  0.00254584 0.000379552 -0.00213969 -0.00391173 -0.00308047 -0.00452481  -0.0012333   1.55165 0.0918443  -9.68506 
             85.4001  0.129235   -0.2137 -0.375142  0.0199491 -0.0147551  0.0214371   0.0117907 -0.00155611  0.00142163 -0.0107361 -0.0231745  0.0440269 -0.00569426 -0.00702753  0.00384933 0.000367712 -0.00210261  -0.0038748 -0.00310043 -0.00453812 -0.00132553   1.55166 0.0918458  -9.68506 
             85.5003  0.228518 -0.114604 -0.308684 0.0153249 -0.015546 0.0200561     0.01187 -0.00129268  0.00139824 -0.0107356 -0.0231744   0.044023  -0.0124289  -0.0107945 0.000849468 0.000308469 -0.00216337 -0.00391577 -0.00292701 -0.00459028 -0.00121051   1.55161 0.0918571  -9.68507 
             85.6002 0.0454136 -0.175104 -0.361705 0.0170158 -0.017884 0.0201428   0.0117216 -0.00152796  0.00141034 -0.0107353 -0.0231739  0.0440215 -0.00798414  -0.0107061 0.000676197 0.000424026 -0.00212447 -0.00388136 -0.00309546 -0.00448995 -0.00120039   1.55165 0.0918364  -9.68506 
             85.7003 0.0648289 -0.169642  -0.35996  0.0190592 -0.0159937   0.019097   0.0119306 -0.00172583  0.00141887 -0.0107353  -0.023174  0.0440225  -0.00219784  -0.00377432 -0.000890321 0.000414513 -0.00212812 -0.00388271 -0.00325037  -0.0046356 -0.00112137  1.55168 0.091873 -9.68506 
             85.8002  0.131442   -0.1802 -0.333591  0.0216993 -0.0138025  0.0186813   0.0121215 -0.00193294  0.00142625 -0.0107345 -0.0231755  0.0440208  0.00314634 0.000889976 -0.00144251 0.000371437 -0.00212083 -0.00389961 -0.00340834 -0.00477093  -0.0010938   1.55172 0.0919038  -9.68505 
             85.9001  0.119543 -0.119778 -0.343363  0.0232644 -0.0130759  0.0165495   0.0121645 -0.00199728  0.00142917 -0.0107337 -0.0231759  0.0440215  0.00638039  0.00199807 -0.00483891 0.000379647 -0.00215872  -0.0038927  -0.00347317  -0.00480031 -0.000963786   1.55173 0.0919133  -9.68505 
             86.0001  0.166688 -0.133533 -0.356705   0.020478 -0.0128362   0.019186   0.0121754 -0.00177448  0.00140864 -0.0107341 -0.0231749  0.0440211  -0.00276464  0.000106153 -0.000184686 0.000353737 -0.00215044 -0.00388344 -0.00327951 -0.00481289 -0.00118666   1.55169 0.0919143  -9.68505 
             86.1002  0.089946 -0.140047 -0.338044  0.0213987 -0.0152256  0.0187263   0.0119992 -0.00187156  0.00141735 -0.0107346  -0.023175  0.0440201 -0.000920424  -0.00429152 -0.000719995 0.000400594 -0.00214722 -0.00389433 -0.00335004 -0.00468643 -0.00114925    1.5517 0.0918853  -9.68505 
             86.2001  0.223747 -0.158474 -0.360861  0.0180786 -0.0168842  0.0188403   0.0119142 -0.00162948  0.00138312 -0.0107344 -0.0231751  0.0440224 -0.00951576  -0.0104191 -0.00188816 0.000324448 -0.00213479 -0.00387939 -0.00316179 -0.00462724 -0.00117629   1.55166 0.0918761  -9.68506 
             86.3002 0.00927277  -0.132372  -0.336587 0.0194473  -0.01772 0.0174019  0.0118581 -0.0017711   0.001402 -0.0107344 -0.0231738  0.0440217 -0.00460721 -0.00969491 -0.00391409 0.000451072  -0.0021509 -0.00389176 -0.00327711  -0.0045815 -0.00105866   1.55168 0.0918653  -9.68506 
             86.4002  0.154868 -0.185142 -0.288332   0.021555 -0.0157066   0.016992   0.0121122 -0.00196108  0.00146317 -0.0107326 -0.0231772  0.0440162 -0.00146198 -0.00481102 -0.00298749 0.000357375 -0.00211454 -0.00392343 -0.00343843 -0.00477632 -0.00106973  1.55172 0.091905 -9.68505 
             86.5002 0.0381892 -0.151462 -0.395993  0.023074 -0.014217 0.0145143   0.0122335 -0.00205082  0.00147803 -0.0107333 -0.0231753  0.0440174   0.0034012  0.00180853 -0.00711426 0.000433524 -0.00213536  -0.0038587  -0.00353629  -0.00485719 -0.000910138  1.55175 0.091925 -9.68505 
             86.6002  0.220367 -0.136895 -0.352804  0.0211663 -0.0138286  0.0172919   0.0122754 -0.00192715  0.00146378 -0.0107338 -0.0231719  0.0440167 -0.00337441   -0.001474 -0.00160265 0.000326233 -0.00214242 -0.00388249 -0.00341367 -0.00489073 -0.00115178   1.55172 0.0919279  -9.68505 
             86.7002  0.102887 -0.119849 -0.337984  0.0225021 -0.0131636  0.0171044   0.0123288 -0.00204476  0.00147779 -0.0107335 -0.0231725  0.0440173  0.00102208 0.000615615 -0.00162783 0.000399264 -0.00215389 -0.00389007 -0.00350488 -0.00492586 -0.00114007   1.55174 0.0919344  -9.68505 
             86.8002  0.239217 -0.127732 -0.275665  0.0222155 -0.0111944  0.0188679   0.0124852 -0.00203571  0.00148153  -0.010732 -0.0231711  0.0440152 -0.000844494   0.00119191   0.00145389 0.000320464  -0.0021471 -0.00392787 -0.00348684 -0.00504088 -0.00126467   1.55174 0.0919563  -9.68505 
             86.9002 0.0595814 -0.194298 -0.346435  0.0214795 -0.0144638  0.0197751   0.0122249 -0.00201929  0.00147517 -0.0107308 -0.0231719  0.0440122 -0.00442407 -0.00468607  0.00205242 0.000431105 -0.00210795 -0.00388345 -0.00345683 -0.00485379 -0.00131318   1.55173 0.0919148  -9.68505 
             87.0002  0.140181 -0.187539 -0.361725  0.0207171 -0.0152009   0.023155    0.012226 -0.00203227  0.00147321 -0.0107302  -0.023172  0.0440123  -0.0067572 -0.00650905  0.00736852 0.000384425 -0.00211307 -0.00387251 -0.00344109 -0.00485438 -0.00151771   1.55173 0.0919081  -9.68505 
             87.1003  0.199768 -0.136905 -0.355609  0.0206089 -0.0145246  0.0196244  0.0123106 -0.0020305  0.0014741 -0.0107295 -0.0231734   0.044012  -0.00452744   -0.0058632 -0.000752632 0.000348271 -0.00214277 -0.00387601 -0.00347695 -0.00492126 -0.00123479   1.55174 0.0919318  -9.68505 
             87.2001  0.189999 -0.139345 -0.398007  0.0182179 -0.0150982  0.0200607   0.0122598 -0.00182427   0.0014492 -0.0107293 -0.0231749  0.0440114  -0.0122779 -0.00716643  0.00105277 0.000353381 -0.00214112 -0.00385009 -0.00330446 -0.00488677 -0.00128023    1.5517 0.0919254  -9.68505 
             87.3002   0.13112 -0.139356 -0.315281  0.0182808 -0.0153331  0.0163631   0.0122599 -0.00190373  0.00143377 -0.0107288 -0.0231752  0.0440118  -0.0090437  -0.0067758 -0.00686229 0.000392568 -0.00213919 -0.00390467 -0.00337667 -0.00490245 -0.00102501   1.55171 0.0919376  -9.68505 
                87.4  0.0134877 -0.0861919  -0.383087  0.0190783 -0.0169812  0.0111876   0.0122094 -0.00202837  0.00144606  -0.010727 -0.0231704  0.0440125 -0.00253292  -0.0047436  -0.0128996 0.000464448 -0.00217027 -0.00386374  -0.00350064  -0.00485368 -0.000786409   1.55173 0.0919324  -9.68505 
             87.5001  0.114095 -0.109162 -0.392973  0.0227811 -0.0163446  0.0105275   0.0123218 -0.00230736  0.00148484 -0.0107272 -0.0231702  0.0440119  0.00640951 -0.00361247  -0.0114781  0.00040304 -0.00215595 -0.00385851  -0.00373119  -0.00493379 -0.000815026   1.55178 0.0919429  -9.68504 
             87.6001   0.055094 -0.0894986  -0.385309  0.0245382 -0.0177665 0.00878932   0.0122449 -0.00239596  0.00149682 -0.0107272   -0.02317  0.0440116  0.00888761 -0.00460992  -0.0128662 0.000442305 -0.00216371  -0.0038623   -0.0038023  -0.00486922 -0.000758908    1.5518 0.0919273  -9.68504 
             87.7001   0.186663 -0.0641678  -0.345362  0.0218417 -0.0170349 0.00731759   0.0123215 -0.00213674   0.0014575 -0.0107267 -0.0231675  0.0440097  0.00174649 -0.00469608   -0.013365 0.000365105 -0.00218178 -0.00388456  -0.00359788  -0.00493767 -0.000771369   1.55176 0.0919504  -9.68504 
             87.8002   0.0273248 0.000933616    -0.30762  0.0200658 -0.0166213 0.00743544   0.0123511 -0.00199298  0.00143714 -0.010727 -0.023167 0.0440088  -0.0012205 -0.00138702  -0.0109197 0.000460257 -0.00221826 -0.00390644  -0.00347842  -0.00497196 -0.000884742   1.55174 0.0919632  -9.68505 
             87.9001 0.0971909 -0.147978 -0.291147  0.0218107 -0.0157697  0.0139697   0.0124105 -0.00216463  0.00145825 -0.0107215 -0.0231667  0.0440056 0.000269893  0.00014837  0.00314497  0.00042117 -0.00212826 -0.00391407 -0.00358585 -0.00504586 -0.00137289   1.55179 0.0919756  -9.68504 
                  88  0.0371073 -0.0917797  -0.378825  0.0226234 -0.0139784  0.0115537   0.0125346 -0.00220146   0.0014676 -0.0107231 -0.0231653   0.044006  0.00223629  0.00568334 -0.00130033 0.000464377 -0.00215925 -0.00385803 -0.00363546 -0.00513163 -0.00119575   1.55179 0.0919914  -9.68504 
             88.1001 0.0742474 -0.132008 -0.319309  0.0207377 -0.0174854  0.0162498    0.012257 -0.00208301   0.0014408 -0.0107214 -0.0231654  0.0440071 -0.00488053 -0.00371557  0.00727887  0.00044222  -0.0021372 -0.00389167  -0.0035038 -0.00492182 -0.00151837   1.55178 0.0919516  -9.68504 
             88.2002 0.0336985 -0.149942 -0.386215  0.0209228 -0.0164679  0.0166853   0.0123469 -0.00213221  0.00145173 -0.0107222 -0.0231649  0.0440069 -0.00395838 0.000764594  0.00706585 0.000472167 -0.00212698 -0.00384939  -0.0035481 -0.00499232 -0.00149555   1.55178 0.0919655  -9.68504 
             88.3001 0.0710891 -0.163466 -0.336546  0.0208005 -0.0150071   0.018846   0.0124388 -0.00216126  0.00145771 -0.0107216 -0.0231646  0.0440062 -0.00486734   0.0038957   0.0102077 0.000449968 -0.00211762 -0.00388051  -0.0035656 -0.00507298 -0.00159394  1.55179 0.091984 -9.68504 
                88.4 0.0819214  -0.15425 -0.364876  0.0183387 -0.0153407  0.0198258   0.0123841 -0.00201346  0.00143962 -0.0107216 -0.0231649   0.044006 -0.0106047 0.00221306 0.00965343 0.000445507 -0.00212093 -0.00386159 -0.00344393 -0.00503293 -0.00160669   1.55177 0.0919781  -9.68504 
             88.5001  0.181565 -0.167386 -0.350195  0.0196047 -0.0134744  0.0194982   0.0125254 -0.00217711  0.00146858 -0.0107214 -0.0231663  0.0440041 -0.00564489  0.00403545  0.00677058 0.000392441 -0.00211541  -0.0038686 -0.00358685 -0.00513618 -0.00151691    1.5518 0.0919944  -9.68504 
             88.6001  0.137272 -0.181826 -0.255319 0.0208949 -0.013113 0.0199666   0.0125477 -0.00230986  0.00148786  -0.010721 -0.0231685  0.0440042 -0.00160222  0.00513423  0.00812664 0.000420232 -0.00210748 -0.00392464 -0.00369097 -0.00515755 -0.00153644   1.55182 0.0919973  -9.68503 
                88.7  0.104373 -0.173529 -0.363926  0.0207426 -0.0139776  0.0190862   0.0124555 -0.00229816  0.00148236 -0.0107203 -0.0231682  0.0440038 -0.00355981  0.00179457  0.00421828 0.000442538 -0.00210895 -0.00384833  -0.0037091 -0.00507333 -0.00140995   1.55182 0.0919769  -9.68503 
                88.8 0.0514492  -0.14417 -0.298303  0.0214912 -0.0121227  0.0139368   0.0125908 -0.00232725  0.00149362 -0.0107188  -0.023166  0.0440054 0.000130187  0.00591449 -0.00688247 0.000477395 -0.00212645 -0.00388606 -0.00377887 -0.00514758 -0.00104664   1.55183 0.0919856  -9.68503 
             88.9001 -0.000108362    -0.122908    -0.369509  0.0205446 -0.0151578   0.013925   0.0123232 -0.00225332  0.00146944 -0.0107169 -0.0231669  0.0440019 -0.00247464 -0.00129564 -0.00639222 0.000508426 -0.00213741 -0.00384369 -0.00371468 -0.00494356 -0.00105938   1.55181 0.0919463  -9.68504 
                  89  0.143789 -0.180179 -0.426807  0.0197644 -0.0159744  0.0148418    0.012284 -0.00225796  0.00146874 -0.0107163 -0.0231669  0.0440026 -0.00465146 -0.00393282 -0.00491767 0.000417384 -0.00209964 -0.00380823  -0.0036984 -0.00492181 -0.00117323   1.55181 0.0919433  -9.68504 
             89.1001   0.101322 -0.0898465  -0.330665  0.0197794 -0.0169536  0.0133952    0.012244 -0.00227236  0.00147062 -0.0107162 -0.0231672   0.044003 -0.00269155 -0.00513691 -0.00704183 0.000441985 -0.00215112 -0.00386512 -0.00371867 -0.00488521  -0.0011084   1.55181 0.0919349  -9.68504 
                89.2 0.0793989  -0.22696 -0.415644  0.0196036 -0.0178919  0.0179759   0.0122105 -0.00236593  0.00147748 -0.0107138 -0.0231674  0.0440026 -0.00670265  -0.0049879  0.00149831 0.000451083  -0.0020721 -0.00381272 -0.00375511 -0.00488478 -0.00144581   1.55182 0.0919361  -9.68503 
                89.3   0.162393 -0.0657713   -0.33015  0.0204139 -0.0131425  0.0150718   0.0125618 -0.00238522  0.00146582 -0.0107096 -0.0231694  0.0440009 -0.000664442   0.00589951  -0.00457018 0.000408481 -0.00216686 -0.00386084 -0.00380903 -0.00518565 -0.00122997   1.55184 0.0919954  -9.68503 
                89.4   0.126581 -0.0960533   -0.37313  0.0210324 -0.0136836   0.012895    0.012494 -0.00241789  0.00146676 -0.0107094 -0.0231693  0.0440012  0.00092473  0.00275051 -0.00651972 0.000429233 -0.00214653 -0.00383439 -0.00384777 -0.00511441  -0.0011408   1.55184 0.0919786  -9.68503 
             89.5001   0.155969 -0.0841541  -0.322349  0.0201477 -0.0134765  0.0139251   0.0124883 -0.00237189  0.00145732 -0.0107094  -0.023169  0.0440012 -0.00116513 0.000803777  -0.0037719 0.000412189 -0.00215249 -0.00386462 -0.00379253 -0.00511753  -0.0012526   1.55183 0.0919819  -9.68503 
                89.6 0.0765588 -0.156256 -0.386703  0.0233561 -0.0142614  0.0166516   0.0124349 -0.00260667  0.00150154 -0.0107085 -0.0231686  0.0439981  0.00478141 0.000293813   0.0024332 0.000460729 -0.00210989 -0.00382659 -0.00398589 -0.00507853 -0.00143396   1.55187 0.0919646  -9.68503 
                89.7 0.0394857 -0.144368 -0.337712  0.0231133 -0.0149641  0.0158869  0.0123873 -0.0025607 0.00149328 -0.0107089  -0.023168  0.0439978   0.00271525 -0.000781537 -0.000248021  0.00048557 -0.00211475 -0.00385289 -0.00394757 -0.00503432 -0.00137484   1.55186 0.0919577  -9.68503 
             89.7999 -0.0135559  -0.119617  -0.333507   0.022897 -0.0152163  0.0143366   0.0123694 -0.00252284  0.00148757  -0.010709 -0.0231671  0.0439976  0.00125143 0.000878951  -0.0022312 0.000518423 -0.00212778 -0.00385437 -0.00392215 -0.00501332 -0.00127763  1.55185 0.091955 -9.68503 
             89.9001  0.200547 -0.101526 -0.341838  0.0257591 -0.0114568  0.0156959  0.0126179 -0.0026943 0.00151384 -0.0107091 -0.0231661  0.0439919  0.00800992    0.005659 0.000500065  0.00039228 -0.00213704 -0.00384826 -0.00407278 -0.00522914 -0.00137142   1.55189 0.0919929  -9.68502 
                  90 -0.0363442   -0.15806  -0.397799  0.0256793 -0.0155331  0.0149773   0.0122911 -0.00265937  0.00150099 -0.0107068 -0.0231662   0.043987   0.00462496 -0.000582467 -0.000627301 0.000541311 -0.00210061 -0.00381355 -0.00402937 -0.00495613 -0.00132131   1.55188 0.0919405  -9.68503 
             90.0999 0.0825647 -0.149847 -0.320464  0.0233746 -0.0138414  0.0155587   0.0124078 -0.00246824  0.00147622 -0.0107061 -0.0231644  0.0439864 -0.00295034   0.0020842 0.000520601 0.000471594 -0.00210349 -0.00385905 -0.00386595 -0.00505733 -0.00137496   1.55185 0.0919643  -9.68503 
             90.2001  0.037458 -0.117081 -0.400654  0.0234235 -0.0151022  0.0154431   0.0123038 -0.00249459  0.00148053 -0.0107053 -0.0231643  0.0439865 -0.00187399 0.000121992 0.000399862 0.000502621 -0.00212377 -0.00380704  -0.0038844 -0.00497231 -0.00136313   1.55185 0.0919474  -9.68503 
                90.3  0.212482 -0.106392 -0.333623  0.0209774 -0.0138593  0.0158678   0.0123972 -0.00228054  0.00145494  -0.010705 -0.0231621  0.0439831 -0.00899284  0.00104243 0.000895254 0.000399673 -0.00212928 -0.00384788 -0.00370783 -0.00505565 -0.00140524   1.55182 0.0919687  -9.68503 
                90.4  0.184226 -0.175632 -0.388411 0.0203325 -0.015498 0.0192358    0.012258 -0.00232108  0.00146453 -0.0107034   -0.02316  0.0439849  -0.0101227 -0.00442604   0.0056921 0.000417194  -0.0020876 -0.00381374 -0.00371931  -0.0049663 -0.00162363  1.55183 0.091956 -9.68503 
             90.4999    0.22101 -0.0549173  -0.392394  0.0177973 -0.0138588  0.0156839  0.0124187 -0.0022363  0.0014484  -0.010702 -0.0231624  0.0439829 -0.0173717 9.6101e-05 0.00250259 0.000393477 -0.00215725 -0.00380978 -0.00367364 -0.00508428 -0.00136039   1.55181 0.0919753  -9.68503 
                90.6  0.169672 -0.142236 -0.364509 0.0187924 -0.014295 0.0151706   0.0123939 -0.00231077  0.00146235 -0.0107022 -0.0231624  0.0439822   -0.0145666 -0.000806203   0.00143074 0.000395952 -0.00215762 -0.00380847 -0.00374367 -0.00505875 -0.00131897   1.55183 0.0919674  -9.68503 
                90.7  0.167097 -0.141141 -0.367062  0.0162488 -0.0147799  0.0151475   0.0123849 -0.00233199  0.00146632 -0.0107023 -0.0231623   0.043982  -0.0168859 -0.00293014  0.00102761 0.000396665 -0.00215813 -0.00380767  -0.0037637  -0.0050496 -0.00130479   1.55183 0.0919648  -9.68503 
                90.8 0.0881075  -0.16812 -0.328031  0.0266749 -0.0131077  0.0180196   0.0123991 -0.00244915  0.00151759 -0.0107021 -0.0231632  0.0439817   0.021231 0.00453674 0.00906579 0.000411464 -0.00214848 -0.00381534 -0.00384576 -0.00506303 -0.00134007   1.55184 0.0919628  -9.68503 
                90.9   0.177407 -0.0961503  -0.318521  0.0258753 -0.0125833    0.01562   0.0124027 -0.00241623  0.00151194 -0.0107018 -0.0231635   0.043981   0.0141487  0.00251526 0.000612465 0.000353126 -0.00219792 -0.00381661 -0.00382532 -0.00506319 -0.00131641   1.55184 0.0919642  -9.68503 
             90.9999  0.236508  -0.14128 -0.288697  0.0247926 -0.0118271  0.0219665   0.0124103 -0.00240208  0.00150963 -0.0107013 -0.0231617  0.0439811  0.00742432 0.000467279   0.0136843 0.000318284  -0.0021819 -0.00383469 -0.00378347 -0.00507202 -0.00137529   1.55183 0.0919633  -9.68503 
                91.1  0.091023 -0.153787 -0.292685  0.0234242 -0.0136805  0.0230794   0.0123755 -0.00235106  0.00149162 -0.0107011 -0.0231621  0.0439801  0.00107391 -0.00296039   0.0128787 0.000424929 -0.00217817  -0.0038314 -0.00372758 -0.00503171 -0.00137874   1.55183 0.0919579  -9.68503 
             91.1999  0.142803 -0.151606 -0.347303   0.021093 -0.0166423  0.0207561    0.012299 -0.00225442  0.00147155 -0.0106995  -0.023164  0.0439804 -0.00508762 -0.00990438  0.00604062 0.000388644 -0.00218709 -0.00379397 -0.00363076 -0.00494207 -0.00131816   1.55181 0.0919475  -9.68503 
             91.2999 -0.0919364  -0.157737  -0.374843  0.0220504 -0.0179713  0.0170195   0.0122335 -0.00230694  0.00146548 -0.0106986  -0.023158  0.0439775 -0.00149865  -0.0104286 -0.00167565 0.000552237 -0.00218078 -0.00377623 -0.00371357 -0.00486488 -0.00117439   1.55182 0.0919422  -9.68503 
                91.4  0.149389 -0.192314 -0.393719  0.0209712 -0.0189898  0.0189537   0.0122653 -0.00236312  0.00150668 -0.0106989 -0.0231589  0.0439771 -0.00564865  -0.0111266 0.000734637 0.000362161 -0.00215083 -0.00376046 -0.00368104 -0.00492303 -0.00123862   1.55182 0.0919489  -9.68503 
                91.5 0.0050113  -0.20571 -0.402203  0.0212204 -0.0185437  0.0213662   0.0123292 -0.00242715  0.00151374 -0.010699 -0.023159 0.0439771 -0.00588776 -0.00470039  0.00592412 0.000470392 -0.00214088 -0.00375507 -0.00373288 -0.00499181 -0.00136239   1.55182 0.0919552  -9.68503 
                91.6  0.203019 -0.148633 -0.421562    0.02124 -0.0185689  0.0210783   0.0123738 -0.00246526  0.00151603 -0.0106988 -0.0231601  0.0439763 -0.00443833 -0.00649718  0.00315314 0.000333739 -0.00217711  -0.0037424 -0.00378269 -0.00504236 -0.00130806   1.55183 0.0919633  -9.68503 
                91.7 0.0723242 -0.173967 -0.417018  0.0252712 -0.0170162  0.0210608   0.0125204 -0.00274968  0.00153282 -0.0106986 -0.0231607  0.0439772   0.00506657 -6.18795e-05   0.00201624 0.000425975 -0.00215852 -0.00374536 -0.00411634 -0.00518306 -0.00126804   1.55188 0.0919748  -9.68502 
             91.7998   0.22998 -0.161992 -0.279905   0.020702 -0.0154643  0.0209702    0.01261 -0.0024193 0.00151286 -0.0106969 -0.0231524  0.0439742 -0.00767704 -0.00025171  0.00221877 0.000317148 -0.00216768 -0.00383954 -0.00374495 -0.00529438 -0.00126548   1.55183 0.0920056  -9.68503 
                91.9  0.059284 -0.234291 -0.346667  0.0213394 -0.0140005  0.0207211    0.012724 -0.00246526  0.00152364 -0.0106969 -0.0231523  0.0439754 -0.00657143  0.00523037 0.000991709 0.000441709 -0.00211203   -0.003793 -0.00381716 -0.00541505 -0.00124044   1.55185 0.0920207  -9.68503 
             91.9998  0.133115 -0.142976 -0.302417  0.0194259 -0.0126397  0.0216264   0.012756 -0.0024267 0.00149791 -0.0106975 -0.0231515  0.0439752 -0.00873659  0.00476133  0.00313297 0.000385942 -0.00218578 -0.00382713   -0.003777 -0.00545007 -0.00128986   1.55184 0.0920267  -9.68503 
                92.1  0.274049 -0.170222 -0.348813  0.0181723 -0.0143751  0.0196109   0.0126464 -0.00240428   0.0014963  -0.010697 -0.0231531  0.0439769  -0.0100694 -0.00483784 -0.00223889 0.000295979 -0.00216353 -0.00379092 -0.00377034 -0.00532612 -0.00110886   1.55184 0.0920121  -9.68503 
                92.2 -0.0238886  -0.180657  -0.336846  0.0184966 -0.0150728  0.0203154   0.0125886 -0.00245823  0.00151039 -0.0106969 -0.0231541  0.0439755  -0.0100434 -0.00295748 2.02113e-05 0.000513884 -0.00215159 -0.00379608 -0.00381467 -0.00526682 -0.00117674  1.55184 0.092001 -9.68503 
                92.3  0.130772 -0.173769 -0.348798   0.019765 -0.0150499  0.0169197   0.0126068 -0.00254978  0.00159464 -0.0106967 -0.0231547  0.0439759 -0.00468501 -0.00326346 -0.00691087 0.000394388 -0.00215566 -0.00378807 -0.00397058 -0.00528271 -0.00090166   1.55187 0.0920075  -9.68503 
             92.3998 -0.0375803  -0.111586  -0.400672  0.0220336 -0.0158764  0.0135489   0.0125635 -0.00270424   0.0016176 -0.0106953 -0.0231503  0.0439771  0.00221779 0.000984025 -0.00951667 0.000518065 -0.00219828 -0.00375072  -0.00415466  -0.00522398 -0.000742261   1.55189 0.0920014  -9.68502 
             92.4999 0.0900302 -0.185124 -0.351441 0.0221173 -0.018521 0.0178164  0.0124292 -0.0027673   0.001626 -0.0106948 -0.0231493  0.0439781 -0.000938159  -0.00611365 -5.06545e-05  0.00043764 -0.00214373 -0.00378587 -0.00416257 -0.00508674 -0.00115123  1.55189 0.091973 -9.68502 
             92.5999   0.133411 -0.0792915  -0.362417  0.0241319 -0.0192648  0.0130164   0.0124313 -0.00285156  0.00164305 -0.0106929 -0.0231512    0.04398   0.0057113 -0.00738753 -0.00946098 0.000410276 -0.00221535 -0.00377991  -0.00429732  -0.00506698 -0.000773467   1.55191 0.0919708  -9.68502 
             92.6999  0.314992 -0.108114 -0.365217  0.0256128 -0.0153438  0.0116359   0.0127151 -0.00287949  0.00164894 -0.0106931 -0.0231516    0.04397  0.00743792 -0.00190882 -0.00892855 0.000288979 -0.00219612 -0.00377821  -0.00435147  -0.00538242 -0.000749111   1.55192 0.0920155  -9.68502 
             92.7998 -0.0501904 -0.0688698  -0.290708  0.0226305 -0.0132924  0.0118085   0.0128021 -0.00263919  0.00159757 -0.0106924 -0.0231512  0.0439722 -0.00123293  0.00711618 -0.00713943 0.000539761 -0.00222117 -0.00382848  -0.00408515   -0.0054858 -0.000847538   1.55189 0.0920371  -9.68502 
             92.8999  0.159777 -0.162985 -0.298281  0.0226066 -0.0125718  0.0173864   0.0128171 -0.00268544  0.00158883 -0.0106893 -0.0231495  0.0439723 -0.00309069  0.00534993  0.00440438  0.00039683 -0.00215825 -0.00382211 -0.00408734 -0.00553221 -0.00133025    1.5519 0.0920414  -9.68502 
             92.9998   0.145247 -0.0965426  -0.355585  0.0206691 -0.0104372  0.0200458   0.0128919 -0.00259436  0.00156946 -0.0106902 -0.0231503  0.0439717 -0.00643312  0.00685984  0.00783385 0.000402906 -0.00220466 -0.00378361 -0.00397729 -0.00562525 -0.00148264   1.55189 0.0920563  -9.68502 
             93.0999  0.161304 -0.163162 -0.335578  0.0194462 -0.0149491  0.0179892  0.0125626 -0.0025253 0.00156615 -0.0106905 -0.0231509  0.0439735 -0.00989943 -0.00567337  0.00269844 0.000397477 -0.00215913 -0.00379563 -0.00390429 -0.00525475 -0.00127948   1.55187 0.0920053  -9.68503 
             93.1998 0.0948528  -0.14602 -0.326222 0.0189398 -0.013243 0.0195264      0.0127 -0.00254963  0.00156755 -0.0106903 -0.0231515   0.043975 -0.00947113 -0.00079957  0.00416496 0.000445795 -0.00216998 -0.00380288 -0.00393008 -0.00540975 -0.00138636   1.55188 0.0920264  -9.68502 
             93.2999  0.256794 -0.134518 -0.334115   0.017859 -0.0141069  0.0206461   0.0126963 -0.00259472  0.00157662 -0.0106902 -0.0231513  0.0439751 -0.00977149 -0.00684119  0.00514566  0.00033187 -0.00217934 -0.00379985  -0.0039793 -0.00540754 -0.00140647   1.55188 0.0920256  -9.68502 
             93.3998  0.151975  -0.15905 -0.358334  0.0156862 -0.0149444  0.0212455   0.0126761 -0.00253112  0.00156571 -0.0106901 -0.0231517  0.0439751  -0.0138154 -0.00683973  0.00470419  0.00040287 -0.00216141 -0.00378399 -0.00389941 -0.00538309 -0.00141982   1.55187 0.0920223  -9.68502 
             93.4998  0.180737 -0.159132 -0.291018  0.0175814 -0.0156804  0.0202191   0.0126356 -0.00267571  0.00158863 -0.0106903 -0.0231534  0.0439752 -0.00681704 -0.00906285  0.00121789 0.000384438 -0.00216039 -0.00383013 -0.00408806 -0.00534218 -0.00131457    1.5519 0.0920181  -9.68502 
             93.5998  0.237584 -0.101468 -0.294937  0.0166207 -0.0153605  0.0176359   0.0127326 -0.00267025  0.00159089 -0.0106887 -0.0231547  0.0439744 -0.00569432 -0.00922253 -0.00297933  0.00034126 -0.00220214 -0.00382721 -0.00409089 -0.00545218  -0.0011282   1.55189 0.0920384  -9.68502 
             93.6998   0.16408 -0.117635 -0.298223  0.015932 -0.017446 0.0166246   0.0126667 -0.00266885  0.00159051 -0.0106886 -0.0231544  0.0439738 -0.00610487  -0.0124206 -0.00543708 0.000392603 -0.00218823 -0.00382552  -0.0040913 -0.00537326 -0.00107625  1.55189 0.092029 -9.68502 
             93.7998  0.140632 -0.114683 -0.315692   0.018506 -0.0164868  0.0150609   0.0127765 -0.00283622  0.00161395  -0.010689 -0.0231532  0.0439753  0.00118375 -0.00766352 -0.00652947 0.000409543 -0.00218844 -0.00381373  -0.00431379  -0.00551597 -0.000994293   1.55192 0.0920537  -9.68502 
             93.8999  0.0455925 -0.0965693  -0.299083  0.0195788 -0.0174105  0.0129957  0.0127354 -0.0028868 0.00161755 -0.0106887 -0.0231518  0.0439749  0.00491424 -0.00768672  -0.0104487 0.000473939 -0.00220179 -0.00382301  -0.00438798   -0.0054729 -0.000861212   1.55193 0.0920543  -9.68502 
             93.9998 0.0850641  -0.10578 -0.263075  0.0233519 -0.0156995  0.0142406   0.0128722 -0.00305757  0.00163306 -0.0106881 -0.0231537  0.0439749   0.0116332 -0.00255453 -0.00622583 0.000442991  -0.0021958 -0.00384774 -0.00459494  -0.0056497 -0.00103223  1.55196 0.092074 -9.68501 
             94.0997  0.0983116 -0.0877095  -0.371263  0.0220803 -0.0194995  0.0126129   0.0126844 -0.00291968  0.00161816 -0.0106853 -0.0231561  0.0439762  0.00605462  -0.0102803 -0.00712193 0.000434988 -0.00220725 -0.00377263  -0.00442003  -0.00540738 -0.000956688   1.55194 0.0920394  -9.68501 
             94.1998  0.133465 -0.120802 -0.380717  0.0237557 -0.0179563  0.0126069  0.0128235 -0.0029809 0.00162362 -0.0106868  -0.023155  0.0439738  0.00836791 -0.00568648 -0.00658623 0.000410278 -0.00218532 -0.00376869 -0.00449915 -0.00558649 -0.00101234   1.55195 0.0920648  -9.68501 
             94.2998   0.169159 -0.0493117  -0.391874  0.0223295 -0.0170196   0.011304   0.0128911 -0.00286341  0.00160232 -0.0106868 -0.0231557  0.0439719   0.0046114 -0.00341293 -0.00757217 0.000388607 -0.00223334 -0.00376139  -0.00435698  -0.00566665 -0.000924203   1.55192 0.0920771  -9.68502 
             94.3998 0.0860642 -0.179142 -0.318137  0.0220389 -0.0174901  0.0142127   0.0128766 -0.00282263  0.00161369  -0.010685 -0.0231543  0.0439732 -0.000423503  -0.00301071  0.000758652 0.000449438 -0.00213832 -0.00381551 -0.00431279 -0.00566283 -0.00119261   1.55193 0.0920716  -9.68502 
             94.4997   0.202142 -0.0540573  -0.327361  0.0244334 -0.0152022  0.0127896   0.0130466 -0.00294047  0.00163122 -0.0106834  -0.023156  0.0439723   0.00678579 -0.000201701  -0.00158706 0.000372234 -0.00222067 -0.00380806 -0.00445578 -0.00585633 -0.00108873   1.55194 0.0920989  -9.68501 
             94.5998 0.0755378 -0.119106 -0.259268  0.0216238 -0.0140674  0.0143018   0.0131003 -0.00272254  0.00158859 -0.0106826 -0.0231543  0.0439738 -0.00267199  0.00340794  0.00133368 0.000451527 -0.00217932 -0.00385432 -0.00421779  -0.0059159 -0.00122604   1.55192 0.0921071  -9.68502 
             94.6999 0.0751593 -0.160483 -0.315533  0.0201813 -0.0151823  0.0165095   0.0130087 -0.00266171  0.00157197 -0.0106817 -0.0231552   0.043974 -0.00735615  0.00070666  0.00509385 0.000452963 -0.00215045 -0.00381488 -0.00414093 -0.00582837 -0.00138008   1.55191 0.0920945  -9.68502 
             94.8005 0.0655487  -0.11746 -0.390375  0.0205942 -0.0157746  0.0154379   0.0129686 -0.00269865  0.00157623  -0.010681 -0.0231543   0.043974  -0.00513769 -0.000624493   0.00238968 0.000467369 -0.00217845 -0.00376215 -0.00418727  -0.0057783 -0.00128054   1.55192 0.0920888  -9.68502 
             94.8997   0.261606 -0.0898975  -0.326403  0.0193909 -0.0150385  0.0153038   0.0130306 -0.00266991    0.001609 -0.0106811 -0.0231558  0.0439724 -0.00503223 -0.00411908  0.00190735 0.000315726 -0.00219962 -0.00381121  -0.0041724 -0.00585939 -0.00124329   1.55191 0.0921003  -9.68502 
             94.9997   0.127166 -0.0965551  -0.381566  0.0203959 -0.0151652  0.0159057   0.0130253 -0.00276217   0.0016258 -0.0106811 -0.0231554  0.0439728 -0.00178941 -0.00222062  0.00258459 0.000405952  -0.0021928 -0.00377592  -0.0042757 -0.00585762 -0.00127128   1.55193 0.0921004  -9.68502 
             95.0997  0.126336 -0.116278 -0.345527  0.0192398 -0.0153911  0.0167735   0.013029 -0.0027111 0.00162044 -0.0106811 -0.0231551  0.0439729 -0.00462187 -0.00277052  0.00406028 0.000410682 -0.00218031 -0.00379789 -0.00421259 -0.00586246 -0.00131723   1.55192 0.0920999  -9.68502 
             95.1997 0.0211126 -0.160032  -0.34506  0.0221169 -0.0157989  0.0165691   0.0130141 -0.00290389  0.00163775 -0.0106814 -0.0231554  0.0439709   0.00203511 -0.000943636    0.0026751 0.000482646 -0.00215097 -0.00379792 -0.00444605  -0.0058447  -0.0012627  1.55195 0.092098 -9.68501 
             95.2996   0.180475 -0.0469371  -0.296095  0.0206043 -0.0131196   0.012662   0.0131699 -0.00278037  0.00163089 -0.0106783 -0.0231561  0.0439669 0.000510683  0.00241646 -0.00552584 0.000380659 -0.00222595 -0.00382939  -0.00432269  -0.00602416 -0.000967945   1.55192 0.0921297  -9.68502 
             95.3997  0.161164 -0.132962  -0.28891  0.0204934 -0.0122797  0.0154655   0.0132029 -0.00279137  0.00163629 -0.0106774 -0.0231554  0.0439668 -0.00162179  0.00288444   0.0012132 0.000401123 -0.00216561 -0.00383263 -0.00431591 -0.00607138 -0.00120867   1.55193 0.0921314  -9.68501 
             95.4998   0.133431 -0.0122239  -0.293347 0.0183013 -0.013116 0.0116108   0.0131411 -0.00265239  0.00160807 -0.0106755 -0.0231552  0.0439645   -0.0040753 -0.000277157  -0.00552794  0.00042069 -0.00224498  -0.0038301  -0.00416162  -0.00598463 -0.000923546    1.5519 0.0921261  -9.68502 
             95.5996   0.203959 -0.0543802  -0.361527  0.0173261 -0.0157983  0.0113259   0.0130005 -0.00262034  0.00159112 -0.0106742 -0.0231558  0.0439663  -0.0052827 -0.00814531 -0.00556154 0.000378329 -0.00221635 -0.00378355  -0.00411526  -0.00581504 -0.000938596    1.5519 0.0921032  -9.68502 
             95.6997  0.130939  -0.05205 -0.303976  0.0163309 -0.0172691 0.00770304   0.0129515 -0.00257736  0.00157314 -0.0106742 -0.0231549  0.0439658 -0.00584622 -0.00995002  -0.0107909 0.000426459  -0.0022174 -0.00382318  -0.00407525  -0.00574568 -0.000700133   1.55188 0.0920985  -9.68502 
             95.7998  0.0997048 -0.0734918  -0.394173  0.0181709 -0.0202728 0.00951572   0.0128534 -0.00273167  0.00160185 -0.0106728 -0.0231533  0.0439639 -0.000139506   -0.0133691  -0.00556186 0.000450166 -0.00220218 -0.00376199   -0.0042473  -0.00564591 -0.000914842   1.55191 0.0920819  -9.68502 
             95.8998  0.0842679 -0.0723572  -0.299694  0.0219056 -0.0171257 0.00773353   0.0131026 -0.00296854  0.00165072 -0.0106716 -0.0231547  0.0439655   0.0100692 -0.00315099 -0.00797983 0.000461889 -0.00220469 -0.00382277   -0.0045294  -0.00594813 -0.000818596   1.55194 0.0921234  -9.68501 
             95.9997  0.14592  -0.0494 -0.34723  0.0216895 -0.0171158  0.0099492   0.0131286 -0.00289365  0.00163991 -0.0106719 -0.0231538  0.0439649  0.00783874 -0.00380911 -0.00277387 0.000421186 -0.00222104 -0.00379165 -0.00442867 -0.00598285 -0.00103624   1.55194 0.0921247  -9.68501 
             96.0996   0.152786 -0.0746303  -0.328851  0.0231029 -0.0152812  0.0123855   0.0132508 -0.00293392  0.00165096 -0.0106713 -0.0231534  0.0439638  0.00967991 0.000357795  0.00286084 0.000422143 -0.00220189 -0.00380335 -0.00447936 -0.00614089 -0.00122757   1.55196 0.0921424  -9.68501 
             96.1998   0.272043 -0.0969554  -0.303168  0.0235696 -0.0159065  0.0151723   0.0132353 -0.00289935  0.00164619 -0.0106708 -0.0231511  0.0439644  0.00782676 -0.00507359  0.00658111  0.00034737 -0.00218452 -0.00381915 -0.00443526 -0.00612304 -0.00140178  1.55196 0.092138 -9.68501 
             96.2997 0.0978052 -0.101869  -0.30093  0.0230621 -0.0138655  0.0157707  0.0133696 -0.0028494 0.00163401 -0.0106703 -0.0231515  0.0439669 0.00591988 0.00215058 0.00816579  0.00046485 -0.00218181 -0.00382075 -0.00437742  -0.0062891 -0.00144852   1.55196 0.0921594  -9.68501 
             96.3996  0.210452 -0.150722 -0.258278  0.0224446 -0.0136889  0.0184699   0.0133821 -0.00277216  0.00163726 -0.0106699 -0.0231504  0.0439684  0.00139554 -0.00234625  0.00911134 0.000383179 -0.00214376 -0.00385238 -0.00428147 -0.00630523 -0.00152762   1.55195 0.0921605  -9.68501 
             96.4998 0.0913583 -0.136108 -0.431779  0.0208967 -0.0164627  0.0221584   0.0132302 -0.00267901  0.00164121 -0.0106667 -0.0231544  0.0439662 -0.00323421 -0.00626682   0.0147286 0.000466165 -0.00215282 -0.00374223 -0.00415338  -0.0061196 -0.00173114   1.55195 0.0921291  -9.68501 
             96.5997  0.281536  -0.15554 -0.355786  0.0202981 -0.0142935  0.0233121   0.0133808 -0.00266607  0.00163127 -0.0106666 -0.0231549  0.0439629  -0.0045675 -0.00423453   0.0140937 0.000343574 -0.00214018  -0.0037913 -0.00414349 -0.00632014 -0.00171054   1.55194 0.0921565  -9.68501 
             96.6996 0.0969797 -0.179954 -0.402523  0.0219829 -0.0150156  0.0222425   0.0133485 -0.00278232  0.00164176 -0.0106668 -0.0231527  0.0439624 -0.00107509 -0.00289894  0.00998008 0.000469327  -0.0021229 -0.00376179  -0.0042976 -0.00627642 -0.00153623   1.55196 0.0921576  -9.68501 
             96.7997  0.172251 -0.204206 -0.332463  0.0206717 -0.0166286  0.0239805   0.0132948 -0.00272861  0.00164081 -0.0106675 -0.0231516  0.0439628 -0.00582082 -0.00738625   0.0111878 0.000423427 -0.00210641 -0.00380742 -0.00421886 -0.00620497 -0.00159554   1.55195 0.0921463  -9.68501 
             96.8997 0.0549312 -0.207085 -0.349099  0.0214707 -0.0140763  0.0226939   0.0134569 -0.00277106  0.00163514 -0.0106667  -0.023151  0.0439661 -0.00243013 0.000648515  0.00693667 0.000505741 -0.00210429 -0.00379621 -0.00430236 -0.00640547 -0.00147195   1.55196 0.0921754  -9.68501 
             96.9996  0.163779 -0.184435  -0.33493  0.0187644 -0.0142779  0.0249516   0.0134566 -0.00269435   0.0016213 -0.0106671 -0.0231495  0.0439656 -0.00891213 -0.00239172  0.00806143 0.000427733 -0.00212081 -0.00380493 -0.00418794 -0.00640466 -0.00153644   1.55194 0.0921745  -9.68501 
             97.0998   0.29793 -0.112926 -0.284468  0.0193976 -0.0142016  0.0206257   0.0134754 -0.00273316  0.00162672 -0.0106641  -0.023154  0.0439663  -0.0038982 -0.00608767 -0.00107513 0.000346778 -0.00216006  -0.0038368 -0.00428654 -0.00644403 -0.00116879   1.55196 0.0921919  -9.68501 
             97.1996 0.0881098 -0.132534 -0.300858  0.0174719 -0.0162673  0.0184546   0.0133844 -0.00264981  0.00160091 -0.0106636 -0.0231532  0.0439641 -0.00867707 -0.00808997 -0.00485424 0.000488194  -0.0021458   -0.003823 -0.00418223 -0.00632465 -0.00102957   1.55194 0.0921834  -9.68501 
             97.2998  0.123107 -0.122389 -0.414561 0.0188026 -0.018378 0.0141537   0.0132665 -0.00270976  0.00161188 -0.0106603 -0.0231493  0.0439635 -0.00274326  -0.0132713  -0.0147259  0.00046609 -0.00215358 -0.00374754 -0.00430868 -0.00616781 -0.00068155   1.55196 0.0921763  -9.68501 
             97.3997 0.0414865  -0.11498 -0.309702  0.0177845 -0.0198108  0.0104949    0.013296 -0.00269065  0.00160548 -0.0106599 -0.0231487  0.0439642 -0.00429007 -0.00964797  -0.0153101 0.000524066 -0.00215891 -0.00381831 -0.00428234 -0.00620684 -0.00062429   1.55195 0.0921838  -9.68501 
             97.4997  0.176138  -0.15093 -0.349744  0.0184407 -0.0199073  0.0169289   0.0133746 -0.00280247  0.00162646 -0.0106593 -0.0231459  0.0439629  -0.00424622  -0.00988728 -0.000108555 0.000439386 -0.00213281 -0.00379179  -0.0043588 -0.00631117 -0.00118776   1.55196 0.0921809  -9.68501 
             97.5997  0.0373967 -0.0798043  -0.343978  0.0209556 -0.0184614  0.0103366   0.0134775 -0.00290562  0.00164404 -0.0106576 -0.0231433  0.0439658  0.00553312 -0.00313976  -0.0133443 0.000534152 -0.00217664 -0.00379295  -0.00455315  -0.00642549 -0.000709637   1.55198 0.0922053  -9.68501 
             97.6997  0.149939 -0.089371 -0.402548  0.0197707 -0.0190595 0.00804887   0.0134719 -0.00281321  0.00162507 -0.0106574 -0.0231449  0.0439661 0.000936164 -0.00477119  -0.0137609 0.000458554   -0.002172 -0.00375554  -0.00443617  -0.00641728 -0.000663025   1.55197 0.0922048  -9.68501 
             97.7996  0.120699 0.0103344 -0.333632  0.0180506 -0.0158341 0.00763099   0.0136492 -0.00270157   0.0016061 -0.0106566 -0.0231438   0.043964 -0.00114634  0.00292558  -0.0113381  0.00047956  -0.0022369 -0.00380173  -0.00429783   -0.0066473 -0.000741522   1.55196 0.0922338  -9.68501 
             97.8996 0.0676995 -0.262617 -0.326393  0.0206414 -0.0177326  0.0180438   0.0135103 -0.00293566  0.00164564  -0.010644 -0.0231472   0.043957 -0.000162074  -0.00128368   0.00780882 0.000512966 -0.00206035 -0.00380767 -0.00449992 -0.00653378  -0.0015389   1.55199 0.0922161    -9.685 
             97.9996   0.210923 -0.0842842  -0.395107 0.0226804 -0.015127 0.0198512   0.0136629 -0.00302861  0.00166317 -0.0106455 -0.0231454  0.0439551 0.00562386 0.00205717 0.00997148 0.000419623 -0.00217655 -0.00376179 -0.00462786 -0.00672566  -0.0015963   1.55201 0.0922376    -9.685 
             98.0995  0.181892 -0.165899 -0.304154  0.0248056 -0.0143991  0.0211258   0.0136921 -0.00312357  0.00168516 -0.0106451 -0.0231467   0.043954 0.00853719 0.00222505 0.00995608 0.000446442 -0.00212311 -0.00381997   -0.004754 -0.00676562 -0.00161343   1.55203 0.0922404    -9.685 
             98.1997  0.132508 -0.116208 -0.418205  0.0232132 -0.0137466  0.0201613   0.0137072 -0.00298138  0.00164737 -0.0106452  -0.023149   0.043953 0.00220383 0.00302629 0.00737695 0.000478248 -0.00215319 -0.00374617 -0.00457608 -0.00677975 -0.00147513     1.552 0.0922459    -9.685 
             98.2996  0.122913 -0.164827 -0.362942  0.0232321 -0.0147788   0.018712   0.0136417 -0.00297379  0.00164426 -0.0106459 -0.0231486  0.0439525   0.00163944 -5.57281e-05     0.002837 0.000489808 -0.00212255 -0.00378018  -0.0045686 -0.00668547 -0.00132211     1.552 0.0922356    -9.685 
             98.3996 0.0313198 -0.111149 -0.353322  0.0234561 -0.0127205  0.0154848   0.0137474 -0.00295735  0.00163482  -0.010645 -0.0231465  0.0439546  0.00224972  0.00617369 -0.00376435 0.000550398  -0.0021578 -0.00378598 -0.00457238 -0.00679806 -0.00107558   1.55199 0.0922509    -9.685 
             98.4996  0.133061 -0.131138 -0.395046    0.02209 -0.0161709  0.0168782   0.0135152 -0.00288727   0.0016141 -0.0106439 -0.0231467  0.0439563  -0.00215935  -0.00449348 -0.000928517 0.000487639 -0.00214534 -0.00375944 -0.00444373 -0.00651573 -0.00119693   1.55197 0.0922198  -9.68501 
             98.5997   0.20086  -0.11191 -0.328376   0.020776 -0.0158837  0.0179536    0.013568 -0.00283771  0.00160114 -0.0106436 -0.0231451  0.0439549 -0.00505397  -0.0050891  0.00136281  0.00044027 -0.00215744 -0.00380452 -0.00438274 -0.00658783 -0.00127629   1.55197 0.0922295  -9.68501 
             98.6996 0.0792846 -0.184723  -0.34558  0.0177492 -0.0188906  0.0211505   0.0134207 -0.00275016   0.0015859  -0.010643 -0.0231458  0.0439552    -0.01276 -0.00901706  0.00554245 0.000521979 -0.00211326 -0.00379214 -0.00423039 -0.00642063  -0.0014898   1.55195 0.0922122  -9.68501 
             98.7997  0.206403 -0.126982 -0.384689  0.0185499 -0.0191875  0.0176673   0.0134564 -0.00281985  0.00160283 -0.0106425 -0.0231471  0.0439556 -0.00723086  -0.0100591 -0.00137282 0.000442365 -0.00215405  -0.0037644 -0.00435235 -0.00644324 -0.00119407   1.55196 0.0922147  -9.68501 
             98.8996 0.0704488 -0.108724 -0.369833 0.0171855 -0.019647 0.0146715   0.0134829 -0.00277624  0.00158334 -0.0106418  -0.023146  0.0439556 -0.00810631 -0.00790435 -0.00675623 0.000530252 -0.00216398 -0.00377425  -0.00431076  -0.00646321 -0.000996867   1.55195 0.0922195  -9.68501 
             98.9997 0.0094639 -0.157493 -0.314095  0.0186585 -0.0214679  0.0134512   0.0134448 -0.00290626  0.00161255 -0.0106423 -0.0231472  0.0439537 -0.00334651 -0.00722546  -0.0078883 0.000570147 -0.00213247 -0.00380787  -0.00449049  -0.00640606 -0.000968895   1.55197 0.0922093  -9.68501 
             99.0995   0.12591 -0.107471 -0.331352  0.0209547 -0.0196781  0.0140492   0.0135652 -0.00303292  0.00163869 -0.0106428 -0.0231466  0.0439532  0.00359145 -0.00316191 -0.00612077 0.000491874 -0.00216384 -0.00379546 -0.00468191 -0.00657415 -0.00103489     1.552 0.0922264    -9.685 
             99.1996 0.0321524 -0.178229  -0.32057  0.0218629 -0.0208685  0.0130473   0.0135255 -0.00305563  0.00164623  -0.010643 -0.0231466  0.0439526  0.00264675 -0.00251299 -0.00613006 0.000553313 -0.00211837 -0.00380273 -0.00471633  -0.0065212 -0.00102622     1.552 0.0922195    -9.685 
             99.2996 0.0646458 -0.149185 -0.302679 0.0204937 -0.016366 0.0156128   0.0137541 -0.00297962  0.00160534 -0.0106419 -0.0231461   0.043952 -0.00246819  0.00923715 5.53966e-05 0.000531859 -0.00213542 -0.00381549 -0.00459566 -0.00687485 -0.00125428   1.55199 0.0922675    -9.685 
             99.3997  0.133227 -0.150492 -0.337564  0.0201601 -0.0158994  0.0145972   0.0137473 -0.00296699  0.00160789 -0.0106418 -0.0231468  0.0439524 -0.00266272   0.0072832 -0.00280065 0.000485801 -0.00213614 -0.00379226 -0.00458606  -0.0068522 -0.00118552   1.55199 0.0922633    -9.685 
             99.4995   0.192788 -0.0424508   -0.34019  0.0180406 -0.0156223  0.0160698  0.0137086  -0.002892 0.00158435 -0.0106431 -0.0231459  0.0439504 -0.00394674  0.00258578  0.00111288 0.000450964 -0.00220649 -0.00378863 -0.00446636 -0.00681295  -0.0013057   1.55198 0.0922617  -9.68501 
             99.5995  0.150212 -0.157453 -0.258252  0.0188782 -0.0150229  0.0150416   0.0137273 -0.00295626  0.00160154 -0.0106433 -0.0231467  0.0439496 -0.00304861  0.00279451 -0.00137129 0.000477708  -0.0021329 -0.00384371 -0.00456693 -0.00683478 -0.00122831  1.55199 0.092263   -9.685 
             99.6995  0.104689 -0.143391 -0.336986  0.0204956 -0.0134123  0.0170929   0.0137647 -0.00304619  0.00162331  -0.010644 -0.0231457  0.0439501 0.000516481  0.00585383  0.00217432 0.000509752 -0.00214049 -0.00379162 -0.00469274 -0.00691738 -0.00137237     1.552 0.0922753    -9.685 
             99.7995  0.0303863 -0.0935621   -0.33507  0.0197242 -0.0145096  0.0156722   0.0136941 -0.00300098  0.00162075 -0.0106431 -0.0231453  0.0439477 -0.000879662   0.00376575 -5.19646e-05 0.000555743 -0.00217254 -0.00379085  -0.0046319 -0.00680198 -0.00126399     1.552 0.0922604    -9.685 
             99.8996  0.230456 -0.189278  -0.31102  0.0238682 -0.0104728  0.0195566   0.0138401 -0.00321345  0.00163641 -0.0106417 -0.0231434  0.0439386 0.00729878 0.00884928 0.00578336 0.000430635  -0.0021086  -0.0038055 -0.00493238 -0.00706594 -0.00152186   1.55203 0.0922957    -9.685 
             99.9997 0.0330032 -0.112575 -0.403368  0.0212049 -0.0143416  0.0178026   0.0136221 -0.00304477  0.00161661 -0.0106371 -0.0231463  0.0439304 -0.000570533  0.000979568   0.00213582 0.000557803 -0.00215691 -0.00374579 -0.00469045 -0.00674488 -0.00136631   1.55201 0.0922566    -9.685 
               100.1  0.133305 -0.142808 -0.313544  0.0214564 -0.0132824  0.0180488   0.0136707 -0.00306294  0.00161707 -0.0106367 -0.0231467  0.0439302 -0.000646873   0.00170545   0.00202012 0.000493561 -0.00213925 -0.00380365 -0.00471681 -0.00681768 -0.00137005   1.55201 0.0922653    -9.685 
             100.199 -0.023395  -0.20527 -0.320354  0.0219525 -0.0165503  0.0189707   0.0134974 -0.00309249  0.00163985 -0.0106375 -0.0231472  0.0439261 -0.00159204 -0.00266375  0.00275301 0.000593451 -0.00209988 -0.00380118 -0.00476036 -0.00658548 -0.00141582   1.55201 0.0922384    -9.685 
             100.299  0.178545 -0.111495 -0.321752  0.0202884 -0.0153707  0.0174685   0.0135745 -0.00299109  0.00161677  -0.010637 -0.0231478  0.0439231    -0.004692  -0.00176697 -0.000978919 0.000466635 -0.00216022 -0.00379939 -0.00461849 -0.00668061 -0.00129727     1.552 0.0922498    -9.685 
               100.4   0.10183 -0.157717 -0.383083  0.0185028 -0.0167396  0.0164829   0.0135304 -0.00295498  0.00160808 -0.0106366 -0.0231485  0.0439238 -0.00831397 -0.00340761  -0.0028702 0.000519422 -0.00212634 -0.00375544 -0.00457273 -0.00661491 -0.00124909   1.55199 0.0922423    -9.685 
               100.5  0.137916 -0.113873 -0.337415  0.0170117 -0.0163378  0.0140374   0.0135815 -0.00291027  0.00159415 -0.0106362 -0.0231488  0.0439234 -0.00906328 -0.00303737 -0.00708258 0.000502948 -0.00215532 -0.00378202 -0.00452065 -0.00666545 -0.00110024   1.55198 0.0922465    -9.685 
             100.599   0.157115 -0.0946636  -0.328547 0.0162755 -0.018998 0.0124954    0.013482 -0.00290852  0.00159278 -0.0106361  -0.023149  0.0439238  -0.0084587 -0.00877789 -0.00797556 0.000492729 -0.00216606 -0.00378878 -0.00452299 -0.00651031 -0.00103144   1.55198 0.0922274  -9.68501 
               100.7 0.00800038 -0.0538784  -0.313721  0.0191065 -0.0193172 0.00791844   0.0135272 -0.00305551  0.00164606 -0.0106349 -0.0231465  0.0439265  0.00215065 -0.00511684  -0.0156129 0.000590331 -0.00218953 -0.00379596   -0.0047667  -0.00653396 -0.000778506   1.55201 0.0922227    -9.685 
             100.799   0.125111 -0.0477897  -0.344659  0.0215345 -0.0194719 0.00695043   0.0135443 -0.00315821  0.00168224 -0.0106352 -0.0231459  0.0439264  0.00896006 -0.00519871  -0.0137976 0.000516616 -0.00219316 -0.00377618 -0.00492065 -0.00656647 -0.00079909   1.55202 0.0922248    -9.685 
               100.9  0.0311749 -0.0519204  -0.363296   0.020913 -0.0172584 0.00522779   0.0136557 -0.00308077  0.00166061 -0.0106358 -0.0231465  0.0439282 0.00649016 0.00228576 -0.0144019 0.000581911 -0.00218838 -0.00376266  -0.00481118    -0.006724 -0.000789067   1.55201 0.0922438    -9.685 
                 101    0.13042 -0.0451688  -0.352568  0.0203469  -0.015172 0.00968437    0.013703 -0.00302163  0.00163986 -0.0106355 -0.0231445  0.0439274   0.0038815  0.00512505 -0.00345604 0.000520082 -0.00219413 -0.00376676 -0.00472155  -0.0068581 -0.00119107   1.55202 0.0922667    -9.685 
             101.099   0.183775 -0.0707959  -0.350839   0.019547 -0.0139006  0.0112135   0.0137304 -0.00296116  0.00162075 -0.0106351 -0.0231434  0.0439273  0.00089683   0.0056285 0.000892994 0.000487259 -0.00217812 -0.00376607 -0.00464031 -0.00691772 -0.00131927   1.55201 0.0922767    -9.685 
               101.2   0.194385 -0.0504463  -0.378701  0.0175762 -0.0162615  0.0132314    0.013587 -0.00285753  0.00160291 -0.0106343 -0.0231434   0.043929 -0.00320102 -0.00246262  0.00418851 0.000483868 -0.00218999 -0.00374766 -0.00449015 -0.00673606 -0.00145274     1.552 0.0922603    -9.685 
               101.3  0.0994191 -0.0760586  -0.316526 0.0181811 -0.016269  0.012991   0.0135971 -0.00290937  0.00161526 -0.0106344 -0.0231437  0.0439287 -0.000562813  -0.00122957   0.00322981 0.000546933 -0.00217335 -0.00378618 -0.00455927 -0.00674354 -0.00140522   1.55201 0.0922597    -9.685 
             101.399     0.2768 -0.0964608  -0.386787  0.0186168 -0.0168794  0.0138179   0.0135658 -0.00293396  0.00162515  -0.010634 -0.0231429   0.043929  7.1973e-06 -0.00455474  0.00414867 0.000441043 -0.00215858 -0.00373924 -0.00459691 -0.00670541  -0.0014659  1.55201 0.092255   -9.685 
             101.499  0.0504831 -0.0623001  -0.389642  0.0193448 -0.0175792  0.0144812   0.0135539 -0.00296628  0.00170394 -0.0106342 -0.0231441  0.0439301  0.00227009 -0.00216103  0.00462435 0.000589712 -0.00218468 -0.00373746 -0.00463161 -0.00669339 -0.00145829   1.55202 0.0922526    -9.685 
               101.6  0.263053 -0.104193 -0.402941  0.0190111 -0.0177736  0.0178142   0.0135687 -0.00292193  0.00169675 -0.0106336  -0.023143  0.0439298 0.000270741 -0.00685553  0.00888883 0.000455048 -0.00215587 -0.00372972 -0.00459107 -0.00673728 -0.00166574   1.55203 0.0922581    -9.685 
             101.699  0.0428785 -0.0909581  -0.346056  0.0198582 -0.0170156  0.0151802   0.0136393 -0.00297588  0.00169054 -0.0106333 -0.0231405  0.0439318  0.00278751 -0.00123316  0.00283839 0.000591198 -0.00216461 -0.00376493 -0.00464783 -0.00680435 -0.00142165   1.55202 0.0922641    -9.685 
               101.8  0.142399  -0.12197 -0.304139  0.0178976 -0.0178449  0.0163501    0.013611 -0.00287865  0.00166105 -0.0106335 -0.0231388  0.0439324 -0.00284085 -0.00403535  0.00488621 0.000531564 -0.00214479 -0.00378982 -0.00449716 -0.00677048 -0.00148415   1.55201 0.0922646    -9.685 
             101.899 0.0082859 -0.142678  -0.37558  0.0193632 -0.0183984  0.0161943   0.0136027 -0.00295744  0.00168717 -0.0106336 -0.0231375  0.0439318 0.000653302 -0.00191542  0.00271712 0.000617485 -0.00212963 -0.00374538 -0.00461794 -0.00674653 -0.00144271   1.55202 0.0922586    -9.685 
             101.999  0.104179 -0.092501 -0.303413  0.0209902 -0.0162497   0.014998   0.0137211 -0.00304499  0.00169908  -0.010632 -0.0231392  0.0439321  0.00700855  0.00334812 0.000638396  0.00055728 -0.00216316 -0.00379076 -0.00475996 -0.00691876 -0.00134232  1.55203 0.092275   -9.685 
             102.099  0.137507 -0.131055 -0.336705   0.022976 -0.0146411  0.0166339   0.0137548 -0.00306882  0.00170738 -0.0106322 -0.0231387   0.043931 0.00647045 0.00443688 0.00359203 0.000534278 -0.00213337 -0.00376628 -0.00480423 -0.00698225 -0.00143118   1.55204 0.0922813    -9.685 
               102.2  0.222406 -0.102241 -0.347738  0.0191902 -0.0136816  0.0180827   0.0137828 -0.00285838  0.00164143 -0.0106326 -0.0231388  0.0439289 -0.00515471  0.00486143  0.00617789 0.000492264 -0.00215076 -0.00375601 -0.00446942 -0.00704431 -0.00154989  1.55201 0.092294   -9.685 
               102.3   0.128368 -0.0801133  -0.370479  0.0194977 -0.0161879  0.0127309    0.013693 -0.00290981  0.00163235 -0.0106295 -0.0231378  0.0439287 -0.00114692 -0.00188734 -0.00491856 0.000554648 -0.00216411  -0.0037407 -0.00452581 -0.00684649 -0.00116037     1.552 0.0922688    -9.685 
             102.399   0.144024 -0.0427914  -0.410785  0.0186891 -0.0166691  0.0106676   0.0136782 -0.00286779  0.00161298 -0.0106284 -0.0231383  0.0439281 -0.00224275 -0.00329102 -0.00852684 0.000547356 -0.00218766 -0.00371478 -0.00446308 -0.00680759  -0.0010062   1.55199 0.0922651    -9.685 
             102.499 0.0706062  -0.14731 -0.320801  0.0200108 -0.0171122  0.0136642   0.0136844 -0.00296141  0.00164476 -0.0106271 -0.0231418  0.0439264 -0.000962878  -0.00210672  -0.00177609 0.000600336 -0.00211187 -0.00378215 -0.00456981 -0.00681775 -0.00127276     1.552 0.0922639    -9.685 
             102.599  0.0414202 -0.0892092  -0.347756  0.0207387 -0.0169216  0.0112514   0.0137069 -0.00298636  0.00165096 -0.0106269 -0.0231412  0.0439265   0.00282604 -0.000115722  -0.00583003 0.000622766 -0.00214865 -0.00376367 -0.00461511 -0.00682908 -0.00111497    1.552 0.092264   -9.685 
             102.699  0.222547 -0.124445 -0.370926  0.0207524 -0.0169098  0.0111476   0.0137179 -0.00297804   0.0016514 -0.0106269 -0.0231408  0.0439263  0.00103335 -0.00323897 -0.00518613 0.000508337  -0.0021235 -0.00374941  -0.0046006 -0.00685076 -0.00115422     1.552 0.0922666    -9.685 
             102.799   0.0204773 -0.00740477   -0.251341  0.0196691 -0.0158191 0.00736246   0.0137739 -0.00291408   0.0016301 -0.0106248 -0.0231379  0.0439258 0.00104774 0.00216586   -0.01128 0.000639387 -0.00219833 -0.00382313  -0.00451135  -0.00690573 -0.000944109   1.55199 0.0922722    -9.685 
             102.899  0.130273 -0.083124 -0.395215   0.020775 -0.0174881  0.0104518     0.01369 -0.00296713  0.00163386 -0.0106233 -0.0231363  0.0439262  0.00319401 -0.00299518 -0.00408296 0.000574872 -0.00215167 -0.00373027 -0.00457581 -0.00681023 -0.00121308     1.552 0.0922627    -9.685 
             102.999  0.0824547 -0.0649913  -0.314573  0.0193803 -0.0145662  0.0136597  0.0137977 -0.0028911 0.00162638 -0.0106224 -0.0231361  0.0439268 -0.00061197  0.00400601  0.00240926 0.000610288 -0.00216188 -0.00377977 -0.00445928 -0.00700407 -0.00145664     1.552 0.0922852    -9.685 
             103.099  0.090402 -0.163401 -0.352385  0.020425 -0.017022 0.0163923    0.013676 -0.00294615  0.00163497 -0.0106206 -0.0231358  0.0439256 0.000520256 -0.00197531  0.00704724 0.000607699 -0.00210143 -0.00375473 -0.00454181 -0.00683095 -0.00161731   1.55201 0.0922672    -9.685 
               103.2  0.109915 -0.116763 -0.406043  0.0205664 -0.0164732  0.0169443   0.0137069 -0.00295029  0.00163282 -0.0106212 -0.0231357  0.0439253  0.000839725 -0.000288349   0.00714302 0.000598421 -0.00212675  -0.0037193 -0.00454865 -0.00687942  -0.0016077   1.55201 0.0922724    -9.685 
               103.3 0.0739679 -0.128767 -0.392429  0.0198926 -0.0192537  0.0186857   0.0135894 -0.00292385  0.00163686  -0.010621 -0.0231357  0.0439246 -0.00191391 -0.00541185  0.00783841 0.000624506 -0.00211725 -0.00372745 -0.00449695  -0.0066997 -0.00167272   1.55201 0.0922539    -9.685 
             103.399 0.0760236 -0.120463 -0.401592  0.0212748 -0.0192847  0.0185417    0.013619 -0.00299222  0.00165102 -0.0106209 -0.0231357   0.043925   0.0023237 -0.00389183  0.00511098 0.000623978 -0.00212467 -0.00372012  -0.0046097   -0.006731 -0.00160481   1.55202 0.0922545    -9.685 
             103.499 0.0751545 -0.173163 -0.334917  0.0222379 -0.0213527  0.0183361  0.0135574 -0.0030334 0.00166794 -0.0106222 -0.0231363  0.0439247 0.00326655 -0.0074983  0.0023832 0.000627794 -0.00209087 -0.00375922 -0.00467037 -0.00662104 -0.00155007   1.55202 0.0922405    -9.685 
             103.599 0.0723802  -0.17575 -0.334652  0.0199542 -0.0192699  0.0191918   0.0136512 -0.00291693  0.00162542 -0.0106212 -0.0231353  0.0439248 -0.00414492 -0.00125588   0.0039383  0.00062762 -0.00208869 -0.00376039 -0.00448149 -0.00679703 -0.00160361  1.55201 0.092266   -9.685 
               103.7 0.0447459 -0.155185 -0.355044  0.0191014 -0.0198529  0.0159906   0.0136538 -0.00290732  0.00162439  -0.010621 -0.0231347  0.0439246 -0.00453289 -0.00124917 -0.00310079 0.000642403  -0.0021018 -0.00374721 -0.00446045 -0.00675839 -0.00136601     1.552 0.0922581    -9.685 
               103.8 0.0783109 -0.128782 -0.281881  0.0182244 -0.0197832  0.0128396   0.0136762 -0.00288333  0.00161946 -0.0106202 -0.0231348  0.0439244 -0.00557157 -0.00108184 -0.00881525 0.000622704 -0.00211694 -0.00379206 -0.00441848 -0.00676589  -0.0011568   1.55199 0.0922556    -9.685 
             103.899  0.171448 -0.099468 -0.342203  0.0170852 -0.0181235   0.012778   0.0137373 -0.00286027  0.00160517 -0.0106211 -0.0231343  0.0439219 -0.00642405  0.00125995 -0.00716919  0.00056323 -0.00213556 -0.00375433  -0.0043774 -0.00689037 -0.00121407   1.55199 0.0922717    -9.685 
             103.999   0.110288 -0.0832938   -0.33805  0.0148953 -0.0197537  0.0100774   0.0136802 -0.00280828  0.00159751   -0.01062 -0.0231349  0.0439211 -0.00984317 -0.00195194  -0.0097266 0.000602673 -0.00214458 -0.00375611 -0.00427738 -0.00676728 -0.00109446   1.55197 0.0922567  -9.68501 
               104.1   0.214045 -0.0743069  -0.419478  0.0177716 -0.0205852  0.0107624   0.0136556 -0.00295782  0.00163993 -0.0106201 -0.0231305  0.0439221 -0.000168332  -0.00528086  -0.00792803 0.000542082 -0.00215053  -0.0037038 -0.00454463 -0.00672881 -0.00117233     1.552 0.0922516    -9.685 
             104.199 0.0745188 -0.164795 -0.376525   0.017843 -0.0211396  0.0147844   0.0136324 -0.00298479   0.0016602 -0.0106181 -0.0231327  0.0439224 -0.00257547 -0.00316894  0.00124545 0.000624773 -0.00209512 -0.00373039 -0.00457216 -0.00673919 -0.00148799   1.55201 0.0922578    -9.685 
             104.299   0.160346 -0.0643533  -0.366629  0.0179368 -0.0180595  0.0145039   0.0137881 -0.00297882  0.00165602 -0.0106176 -0.0231328  0.0439223 -0.00103467  0.00393957 0.000361399 0.000570998 -0.00215584 -0.00373801 -0.00457795 -0.00698745 -0.00146823   1.55201 0.0922831    -9.685 
             104.399  0.139153 -0.118561 -0.361037 0.0182217 -0.017536 0.0161873  0.0137785 -0.0029996 0.00166352 -0.0106175  -0.023133  0.0439222 -0.000504542    0.0029339   0.00235346 0.000588176 -0.00212219 -0.00374088  -0.0046072 -0.00698432 -0.00156275   1.55202 0.0922835    -9.685 
               104.5    0.20141 -0.0617092  -0.361354  0.0157706 -0.0166854  0.0140621   0.0138117 -0.00288967  0.00161852 -0.0106171 -0.0231329  0.0439215 -0.00482844  0.00200801 -0.00126101 0.000549956 -0.00215792 -0.00374068 -0.00443779 -0.00702484 -0.00141407     1.552 0.0922904    -9.685 
             104.599 0.0395053 -0.170112 -0.328762  0.0151365 -0.0201305  0.0160283   0.0136556 -0.00291133   0.0016167 -0.0106175 -0.0231342  0.0439174 -0.00727722 -0.00429829  0.00175984 0.000648899 -0.00209261  -0.0037632 -0.00443806 -0.00679127 -0.00154868     1.552 0.0922671    -9.685 
             104.699 0.0481334 -0.166202 -0.335607  0.0167425 -0.0200424  0.0177352   0.0136707 -0.00300412  0.00164926  -0.010617 -0.0231349  0.0439165 -0.00273303 -0.00250158  0.00587974 0.000640379 -0.00209769 -0.00375987  -0.0045911 -0.00682478  -0.0016409  1.55201 0.092267   -9.685 
               104.8 -0.059442 -0.157423  -0.26182  0.0183621 -0.0175785  0.0152448   0.0137987 -0.00307842  0.00165728 -0.0106144 -0.0231354  0.0439201 0.00278455 0.00597145 0.00142455 0.000706993 -0.00210241 -0.00380426 -0.00473157 -0.00700318 -0.00144221   1.55203 0.0922825    -9.685 
             104.899  0.201585 -0.137742  -0.37339  0.0212176 -0.0135936  0.0170393   0.013897 -0.0031396 0.00164686 -0.0106178 -0.0231311  0.0439131 0.00754849 0.00849366 0.00283964 0.000535229 -0.00211501 -0.00373004 -0.00486782 -0.00718521 -0.00152796   1.55204 0.0922994  -9.68499 
             104.999  0.024209 -0.146062  -0.33827  0.0231831 -0.0105487  0.0161966    0.013973 -0.00319196  0.00165304  -0.010618 -0.0231305  0.0439138  0.00966288   0.0164418 0.000507341 0.000646262 -0.00210813 -0.00374958 -0.00494725 -0.00727968 -0.00145239   1.55205 0.0923071  -9.68499 
             105.099  0.264532 -0.136698 -0.279233  0.0217095 -0.0103707  0.0191072  0.0139294 -0.0030939 0.00163878 -0.0106186 -0.0231262  0.0439152 0.00305716 0.00879714 0.00542078 0.000498745 -0.00211429 -0.00378479 -0.00479172 -0.00722299 -0.00164078   1.55204 0.0923029    -9.685 
             105.199 0.0182743 -0.164727 -0.347487  0.0230657 -0.0108829  0.0179394   0.0138684 -0.00313698   0.0016448 -0.0106179 -0.0231248  0.0439139 0.00481585 0.00883035 0.00171819 0.000652083 -0.00209719 -0.00374175 -0.00486172 -0.00711498 -0.00152852   1.55204 0.0922919  -9.68499 
             105.299   0.24115 -0.157311 -0.269773     0.02315 -0.00954044   0.0203257   0.0139237 -0.00314557  0.00162725 -0.0106173 -0.0231229  0.0439122 0.00458361 0.00972162 0.00735632 0.000514657 -0.00210236 -0.00378991 -0.00486091 -0.00721435 -0.00170385   1.55204 0.0923008  -9.68499 
             105.399  0.159829 -0.158499 -0.329943   0.0238284 -0.00889892   0.0204664   0.0138935 -0.00313675  0.00162867  -0.010617 -0.0231232  0.0439124 0.00313673 0.00634387   0.004358 0.000569312 -0.00209925 -0.00374901 -0.00486166 -0.00715695 -0.00164225   1.55204 0.0922953  -9.68499 
             105.499 0.246821 -0.11999 -0.25587   0.0238988 -0.00779352   0.0209366   0.0139243 -0.00312685   0.0016214 -0.0106168 -0.0231231  0.0439121  0.0029374 0.00417174 0.00459758 0.000519946 -0.00212414 -0.00379013  -0.0048424 -0.00720679 -0.00164326   1.55204 0.0923002  -9.68499 
             105.599  0.270408 -0.167414  -0.29179   0.0217227 -0.00785786   0.0201343   0.0139288 -0.00303468  0.00158028 -0.0106169 -0.0231241  0.0439129 -0.00442669  0.00104101  0.00265144 0.000508286 -0.00209241 -0.00376725 -0.00468428 -0.00718392 -0.00156828   1.55203 0.0922971    -9.685 
             105.699   0.345134 -0.0881529  -0.498425  0.0203319 -0.0116832  0.0190216   0.0138055 -0.00299672  0.00155776 -0.0106093 -0.0231273  0.0439141 -0.00581474  -0.0113011 0.000138256 0.000464792 -0.00214029 -0.00364395 -0.00461471 -0.00696033 -0.00148195   1.55202 0.0922755    -9.685 
             105.799  0.386254 -0.177211 -0.326567   0.0246212 -0.00875362   0.0228071   0.0139412 -0.00319633  0.00164498 -0.0106058 -0.0231305  0.0439092   0.0040279 -0.00722871  0.00634391 0.000441551 -0.00208618 -0.00374795 -0.00494986 -0.00724122 -0.00171505   1.55205 0.0922994  -9.68499 
             105.899  0.123879 -0.141832 -0.330772  0.0240998 -0.0103871  0.0185852   0.0138803 -0.00313911  0.00161008 -0.0106066 -0.0231246  0.0439057  0.00222454  -0.0076836 -0.00189475 0.000599013 -0.00210687 -0.00374557 -0.00488663 -0.00714097 -0.00140447   1.55205 0.0923063  -9.68499 
                 106  0.119292  -0.17826 -0.345649  0.0237649 -0.0142679  0.0211484   0.0137847 -0.00314033  0.00161701 -0.0106062 -0.0231271  0.0439015 -0.000105808   -0.0150875   0.00182443 0.000602347 -0.00208511 -0.00373541 -0.00485606 -0.00696946 -0.00158569   1.55204 0.0922781    -9.685 
             106.099 0.0173621  -0.17499  -0.33301  0.0244014 -0.0144857  0.0193465   0.0138123 -0.00315627  0.00161172  -0.010606 -0.0231253  0.0439031 0.000773167  -0.0102703  -0.0020036 0.000664563 -0.00208698 -0.00374149 -0.00490302 -0.00702913 -0.00145974   1.55205 0.0922924  -9.68499 
             106.199  0.205518 -0.188841 -0.363705  0.0214692 -0.0147141  0.0217019   0.0138731 -0.00305491  0.00158915 -0.0106058 -0.0231242  0.0439027 -0.00812799  -0.0114158  0.00220212 0.000549643 -0.00207959 -0.00372259 -0.00470063  -0.0071075 -0.00163488   1.55203 0.0922908    -9.685 
             106.299  0.141529 -0.120469 -0.320578  0.0181131 -0.0150603  0.0170402   0.0138594 -0.00294167  0.00155045 -0.0106043 -0.0231229  0.0439008  -0.0135008 -0.00981514 -0.00627533 0.000588254 -0.00212035 -0.00374854 -0.00451147  -0.0071329  -0.0013283   1.55201 0.0923151    -9.685 
               106.4  0.189465 -0.114259 -0.348761  0.0180246 -0.0158687  0.0123645   0.0138501 -0.00297435  0.00155071 -0.0106034  -0.023124  0.0439012 -0.00954251  -0.0110179  -0.0141241 0.000558828 -0.00212304 -0.00373242 -0.00460012 -0.00714535 -0.00107353   1.55202 0.0923283    -9.685 
             106.499 0.0401212 -0.126374 -0.265791  0.0169674 -0.0149444  0.0136184   0.0139256 -0.00297814  0.00154961 -0.0106024 -0.0231253  0.0439026  -0.0112277 -0.00463844 -0.00897152 0.000653476 -0.00211412 -0.00377893 -0.00459568 -0.00726736 -0.00124601   1.55202 0.0923329    -9.685 
             106.599   0.249031 -0.0962906  -0.436464  0.0179706 -0.0165516  0.0120144   0.0138985 -0.00304971  0.00156962 -0.0106013 -0.0231229  0.0439043 -0.00579708  -0.0102119  -0.0111327 0.000529458 -0.00213323  -0.0036753 -0.00473568 -0.00720896  -0.0011921   1.55203 0.0923274    -9.685 
             106.699 0.0462237 -0.105484  -0.33714  0.0193566 -0.0134425  0.0128131   0.0140432 -0.00312664  0.00159008 -0.0106004 -0.0231245   0.043908 -0.00146007  0.00126132 -0.00687492 0.000651973 -0.00212922 -0.00373521  -0.0048757 -0.00746602 -0.00131794   1.55205 0.0923482  -9.68499 
             106.799  0.247401   -0.1301 -0.297824   0.020907 -0.0146399   0.018763   0.0140257 -0.00321509  0.00160406 -0.0105998 -0.0231202  0.0439084  0.00141638 -0.00555261   0.0043799 0.000532179 -0.00211438 -0.00375992 -0.00499858 -0.00742175 -0.00174651   1.55206 0.0923324  -9.68499 
               106.9  0.104769 -0.116785 -0.306448  0.0234897 -0.0125036  0.0137706    0.014119 -0.00328241  0.00162135 -0.0106001 -0.0231195  0.0439091  0.00770382  0.00171486 -0.00490632 0.000620186 -0.00212247 -0.00375481 -0.00516178 -0.00757257 -0.00139465  1.55207 0.092352 -9.68499 
                 107   0.236384 -0.0744715  -0.287113  0.0208937 -0.0109145  0.0138909   0.0141854 -0.00315066  0.00158299 -0.0106001 -0.0231185  0.0439062 0.000210771  0.00166638 -0.00396494 0.000542302 -0.00214784 -0.00376748 -0.00491887 -0.00768252 -0.00144215   1.55205 0.0923623  -9.68499 
             107.099  0.175489 -0.087263 -0.330821  0.0223594 -0.0108191 0.00999269   0.0141857 -0.00320536  0.00159613 -0.0106001 -0.0231173  0.0439063 0.00579761 0.00154264 -0.0118026 0.000579209 -0.00214052 -0.00374141 -0.00503461 -0.00767163  -0.0011808   1.55206 0.0923657  -9.68499 
             107.197   0.132949 -0.0469491  -0.316756  0.0211364 -0.0119445  0.0113063   0.0141421 -0.00313574  0.00157846 -0.0106006 -0.0231186  0.0439042  0.00182513 -0.00148671 -0.00667795 0.000607522 -0.00216565 -0.00374979 -0.00490352 -0.00759471 -0.00134169   1.55205 0.0923545  -9.68499 
             107.299   0.167588 -0.0580084   -0.32724   0.019888 -0.0142834  0.0101898  0.0140855 -0.0030788 0.00156164 -0.0106001 -0.0231191  0.0439042 -0.000640653  -0.00765165   -0.0077591 0.000589131 -0.00215849 -0.00374215 -0.00479831  -0.0074808 -0.00133934   1.55204 0.0923423  -9.68499 
             107.399   0.143058 -0.0390282  -0.392642  0.0196445 -0.0149803  0.0099083   0.0140867 -0.00306682  0.00155892 -0.0106001 -0.0231194  0.0439042 -7.80177e-06  -0.00750957  -0.00634347  0.00060419 -0.00217091 -0.00370362 -0.00477789 -0.00748387 -0.00136827   1.55204 0.0923417  -9.68499 
             107.499   0.15767  -0.11533 -0.328317  0.0210088 -0.0163559  0.0124136   0.0140646 -0.00311361   0.0015792 -0.0105992   -0.02312   0.043903   0.00193369  -0.00971905 -0.000619909 0.000596307 -0.00212457 -0.00374105  -0.0048762 -0.00745558 -0.00155652   1.55206 0.0923357  -9.68499 
             107.599   0.130589 -0.0305568   -0.33545  0.0217661 -0.0138457 0.00988662    0.014188 -0.00313944  0.00156954 -0.0105983   -0.02312   0.043904  0.00517744 -0.00226551 -0.00452788 0.000612052 -0.00217491 -0.00373565 -0.00491254 -0.00765678   -0.001392   1.55205 0.0923577  -9.68499 
               107.7   0.194247 -0.0947855  -0.349615  0.0209795 -0.0144747  0.0106069   0.0141844 -0.00308256  0.00155699  -0.010598 -0.0231195  0.0439049  0.00190196 -0.00533582 -0.00325127 0.000574682 -0.00213527 -0.00372703 -0.00481968 -0.00765274 -0.00147482   1.55205 0.0923558  -9.68499 
               107.8   0.130813 -0.0277145  -0.344471  0.0204884 -0.0116462   0.011517  0.0143035 -0.0030355 0.00154399 -0.0105979 -0.0231197  0.0439053  0.00204776  0.00231777 -0.00033706 0.000618664 -0.00217501 -0.00372882 -0.00476104 -0.00785798 -0.00155315   1.55205 0.0923731  -9.68499 
               107.9 0.0927006  -0.12965 -0.310708  0.0210582 -0.0121753  0.0142257   0.0142741 -0.00304907  0.00155297 -0.0105971 -0.0231207  0.0439047  0.00150675 0.000899018  0.00370808 0.000641421 -0.00211199 -0.00375004 -0.00479546 -0.00781452 -0.00172059  1.55206 0.092365 -9.68499 
             107.999   0.22464  -0.01701 -0.315642  0.0203273 -0.0100933  0.0122414   0.0143515 -0.00301332  0.00153474 -0.0105965 -0.0231217  0.0439023  0.00197067  0.00300754 0.000979197 0.000567165 -0.00217917 -0.00374402 -0.00472383 -0.00794637  -0.0015713   1.55205 0.0923811  -9.68499 
               108.1  0.286072 -0.173126 -0.363807  0.0207306 -0.0113601  0.0179113  0.0142948 -0.0030161 0.00154479 -0.0105917 -0.0231177  0.0439035 -0.000375094  -0.00149672    0.0118681 0.000530208 -0.00208413 -0.00371632 -0.00474643 -0.00786818 -0.00199008  1.55207 0.092365 -9.68499 
             108.199  0.189986 -0.116456 -0.364977  0.0200345 -0.0119446  0.0189355   0.0142869 -0.00300167  0.00153926 -0.0105922 -0.0231185  0.0439035 -0.00140706 -0.00395771   0.0105908  0.00059678 -0.00212608 -0.00371543 -0.00470569 -0.00785787 -0.00192783   1.55206 0.0923659  -9.68499 
             108.299  0.230084 -0.166975 -0.401215 0.0216736 -0.014929  0.021438   0.0142027 -0.00307859  0.00157976 -0.0105911 -0.0231175  0.0439029 0.000818813  -0.0113644   0.0132477 0.000580182 -0.00209204 -0.00369239 -0.00483909 -0.00771161 -0.00201917   1.55208 0.0923493  -9.68499 
               108.4  0.166219 -0.132427 -0.360017  0.0206472 -0.0143211  0.0216607    0.014262 -0.00303391  0.00155245 -0.0105908  -0.023117  0.0439035 -0.00184103 -0.00797372    0.011132 0.000620135 -0.00211172 -0.00371714 -0.00476446 -0.00781413 -0.00195491   1.55207 0.0923613  -9.68499 
             108.499  0.200675 -0.125628 -0.310978  0.0211021 -0.0149031  0.0205029   0.014268 -0.0030561 0.00155707 -0.0105902  -0.023118  0.0439038 -0.000511159  -0.00912745    0.0072992 0.000600872 -0.00211522 -0.00374358 -0.00480691 -0.00782702 -0.00181579   1.55207 0.0923668  -9.68499 
               108.6  0.229774 -0.177299 -0.385158  0.0239679 -0.0128803  0.0208383   0.0143799 -0.00314062  0.00159371 -0.0105915 -0.0231163  0.0439029  0.00547462 -0.00450589  0.00570737 0.000582983 -0.00208577 -0.00369721  -0.0050026 -0.00801418 -0.00179107   1.55209 0.0923805  -9.68499 
               108.7  0.281704 -0.174615 -0.298431   0.021464 -0.0137055  0.0215399   0.0143678 -0.00303285   0.0015469 -0.0105918 -0.0231138  0.0439032 -0.00293291 -0.00855495  0.00568218 0.000552869 -0.00208843 -0.00374931 -0.00479608 -0.00799094 -0.00181814  1.55207 0.092381 -9.68499 
             108.799  0.283094  -0.13363 -0.345583  0.0205975 -0.0125484  0.0192529   0.0144285 -0.00299434  0.00152383 -0.0105914 -0.0231141  0.0439026 -0.00410029 -0.00631341 0.000813862 0.000549374 -0.00211419 -0.00371921 -0.00475084 -0.00811133 -0.00164443   1.55207 0.0924008  -9.68499 
               108.9  0.100095 -0.137503 -0.371132  0.0195875 -0.0140656  0.0174842   0.0143832 -0.00297309  0.00150638 -0.0105906 -0.0231127  0.0439004 -0.00607875 -0.00719469 -0.00323285 0.000654541 -0.00211023 -0.00370426 -0.00470688 -0.00803203 -0.00152765   1.55206 0.0924005  -9.68499 
             108.999   0.16816 -0.113234 -0.323066  0.0229796 -0.0108765  0.0161261   0.0145133 -0.00308544  0.00155109 -0.0105894 -0.0231139  0.0439035  0.00377797 6.82315e-05 -0.00451387 0.000617674 -0.00212531 -0.00373142  -0.0049757 -0.00829247 -0.00146957   1.55209 0.0924243  -9.68499 
             109.099  0.0364368 -0.0759649  -0.417331  0.0207394 -0.0148676  0.0132504   0.0143532 -0.00300108  0.00150592  -0.010586 -0.0231143  0.0438982 -0.00197156 -0.00638818 -0.00945477  0.00069956 -0.00214568 -0.00367434 -0.00479005 -0.00800669 -0.00131384   1.55207 0.0924097  -9.68499 
             109.199 0.0301083 -0.102271 -0.299444  0.0242773 -0.0111529 0.00985453   0.0144744 -0.00310122  0.00153338 -0.0105832 -0.0231175   0.043899 0.00692559 0.00443533 -0.0130177 0.000708019 -0.00213058 -0.00374303  -0.0050336 -0.00826324 -0.00116735   1.55209 0.0924376  -9.68499 
             109.299  0.178646 -0.109113  -0.37819  0.0241239 -0.0127848  0.0121565   0.0144268 -0.00310075  0.00152225 -0.0105825 -0.0231157  0.0439017  0.00449468 -0.00230534 -0.00780882  0.00061896 -0.00212679 -0.00369722 -0.00498215 -0.00815969  -0.0013897   1.55209 0.0924208  -9.68499 
               109.4 0.0870807 -0.158493  -0.27478  0.0237431 -0.0109154  0.0134365   0.0144906 -0.00308177  0.00152225 -0.0105803 -0.0231148  0.0439021 0.00155529 0.00288293 -0.0047497 0.000679056 -0.00209647 -0.00375957 -0.00493268 -0.00828881 -0.00151961  1.55209  0.09243 -9.68499 
               109.5   0.272941 -0.0249404  -0.333083  0.0229136 -0.0119653  0.0111219   0.0144612 -0.00303862   0.0015047 -0.0105794 -0.0231167  0.0439029  0.00131179 -0.00384211 -0.00745184 0.000570106 -0.00217507  -0.0037224 -0.00484793 -0.00822136 -0.00140866   1.55208 0.0924263  -9.68499 
               109.6   0.21268 -0.106181 -0.306352  0.0223855 -0.0116974  0.0137186    0.014475 -0.00302845   0.0015062  -0.010579 -0.0231151  0.0439027 -0.00140113 -0.00374648 -0.00190915 0.000605983 -0.00212825 -0.00373899 -0.00480998 -0.00827117 -0.00161868  1.55208 0.092429 -9.68499 
             109.699   0.298886 -0.0270257  -0.354241  0.0211682 -0.0107303  0.0142883   0.0145203 -0.00298414  0.00148945 -0.0105798 -0.0231154  0.0439011  -0.0028216 -0.00351096 0.000588895 0.000555356  -0.0021751 -0.00371059 -0.00472111 -0.00836907 -0.00166827   1.55207 0.0924373  -9.68499 
               109.8  0.135883 -0.053644 -0.282466 0.0193573 -0.011561 0.0133287   0.0144989 -0.00291266   0.0014511 -0.0105803 -0.0231139     0.0439 -0.00790724 -0.00472335 -0.00164013 0.000651886 -0.00215693 -0.00375466 -0.00457365  -0.0083044 -0.00160152   1.55206 0.0924316  -9.68499 
             109.899     0.3222 -0.0856565  -0.353123  0.0191407 -0.0134346  0.0140414   0.0144765 -0.00294665  0.00147286 -0.0105797 -0.0231132  0.0439006 -0.00636171  -0.0116143  0.00109477 0.000534099 -0.00213565 -0.00370946 -0.00462894 -0.00825949 -0.00165427   1.55207 0.0924265  -9.68499 
                 110    0.14269 -0.0818056   -0.34308  0.0193305 -0.0143932  0.0154607   0.0144902 -0.00298301   0.0014954 -0.0105795 -0.0231137  0.0439009 -0.00339157 -0.00920176  0.00328632 0.000648366 -0.00213599 -0.00371298 -0.00469741 -0.00829164 -0.00172894   1.55207 0.0924269  -9.68499 
               110.1  0.284731  -0.09393 -0.344542  0.0183924 -0.0129823  0.0160802   0.0145892 -0.00295766  0.00149712 -0.0105797 -0.0231137  0.0439002 -0.00459277 -0.00860521  0.00266794 0.000565731 -0.00212922 -0.00371188 -0.00465774 -0.00846396 -0.00175187   1.55207 0.0924399  -9.68499 
             110.199  0.162391 -0.124117 -0.315948  0.0190205 -0.0117371   0.015734   0.0146541 -0.00299814  0.00151438 -0.0105796 -0.0231136  0.0439014 -0.00217892 -0.00377793  0.00187748 0.000641925 -0.00211126 -0.00372766 -0.00473021 -0.00857911 -0.00171288   1.55208 0.0924511  -9.68499 
               110.3  0.257221 -0.113986 -0.312164  0.0170712 -0.0139114   0.015228  0.0146048 -0.0029419 0.00149231   -0.01058 -0.0231131  0.0439021  -0.00568345   -0.0108997 -0.000277546 0.000588669 -0.00211502 -0.00373002 -0.00462041 -0.00848616 -0.00167581   1.55207 0.0924459  -9.68499 
             110.399  0.120804 -0.140224 -0.266097  0.0199581 -0.0163332  0.0171134   0.0145558 -0.00306618  0.00153944 -0.0105803 -0.0231161  0.0439005 0.00142699 -0.0130307  0.0023383 0.000665837 -0.00210215 -0.00375765 -0.00485645 -0.00840713 -0.00178283   1.55209 0.0924327  -9.68499 
             110.499  0.220515 -0.128306 -0.267498  0.0184523 -0.0164069  0.0161536   0.0145915 -0.00301293  0.00152085 -0.0105801 -0.0231158  0.0438997 -0.00302421  -0.0128735 0.000597148  0.00060802 -0.00211087 -0.00375468 -0.00474218 -0.00847513 -0.00171357   1.55208 0.0924422  -9.68499 
               110.6  0.276836 -0.147795 -0.390061  0.0181722 -0.0187879  0.0175531  0.0145779 -0.0030174  0.0015246 -0.0105794 -0.0231154  0.0439002 -0.00349202  -0.0177237  0.00242981 0.000573478 -0.00210031 -0.00368138 -0.00474782 -0.00843966 -0.00179408   1.55208 0.0924345  -9.68499 
             110.699   0.239125 -0.0554301  -0.260198  0.0170933 -0.0192254  0.0137903  0.0145935 -0.0029934 0.00149784 -0.0105772 -0.0231152  0.0438994 -0.00383941  -0.0165712 -0.00409259 0.000596637  -0.0021531 -0.00375731 -0.00468641 -0.00850486 -0.00154895   1.55207 0.0924541  -9.68499 
               110.8  0.268672 -0.098441 -0.428015  0.0186056 -0.0187421  0.0123553   0.0146165 -0.00305003   0.0015203 -0.0105789 -0.0231121  0.0438992  0.00113169  -0.0146386 -0.00754196 0.000583995 -0.00212631 -0.00365746 -0.00482649 -0.00857089 -0.00145063   1.55208 0.0924673  -9.68499 
             110.899   0.108053 -0.0465823  -0.277439  0.0184895 -0.0165957 0.00788747  0.0147197 -0.0030533  0.0014853 -0.0105741 -0.0231098  0.0439065  0.00333619 -0.00552459  -0.0127359 0.000685792 -0.00216056 -0.00375321 -0.00479491 -0.00881019 -0.00126806   1.55207 0.0924991  -9.68499 
                 111   0.282856 -0.0559653  -0.379782  0.0181136 -0.0158176 0.00723051   0.0147838 -0.00303184  0.00147921 -0.0105749 -0.0231097  0.0439052  0.00170359 -0.00647765   -0.010886  0.00058678 -0.00215315 -0.00368994  -0.0047449 -0.00893803 -0.00132674   1.55206 0.0925063  -9.68499 
               111.1   0.243205 0.00681344  -0.354915  0.0206383 -0.0127807 0.00415672   0.0148806 -0.00309764   0.0015073  -0.010574 -0.0231101  0.0439065 0.00974571 0.00013907  -0.014164 0.000612331 -0.00219017 -0.00370464 -0.00489267 -0.00916336  -0.0012059  1.55207 0.092534 -9.68499 
               111.2   0.304142 0.00667983  -0.364168  0.0208704 -0.0137335 0.00614428   0.0148604 -0.00309837  0.00151458 -0.0105744 -0.0231094  0.0439071   0.0101432 -0.00326005 -0.00980014 0.000577362 -0.00218994 -0.00369918 -0.00489922 -0.00910101 -0.00135929   1.55208 0.0925203  -9.68499 
             111.299  0.129089  -0.04538 -0.288474  0.0196367 -0.0138643 0.00891404   0.0149231 -0.00303797  0.00159195 -0.0105725 -0.0231094  0.0439114  0.00458795 -0.00254007 -0.00269612 0.000691775 -0.00215829    -0.00375 -0.00472803 -0.00912493 -0.00160146   1.55207 0.0925048  -9.68499 
             111.399   0.167992 -0.0804755   -0.24728  0.0168715 -0.0182535  0.0114602  0.0148158 -0.0029227 0.00153412 -0.0105742 -0.0231073  0.0439128 -0.0033532  -0.013801 0.00127401  0.00066822 -0.00213952 -0.00377481 -0.00450825 -0.00888781 -0.00178131   1.55206 0.0924761  -9.68499 
               111.5   0.246959 -0.0147309  -0.317448  0.0158796 -0.0153677 0.00761164    0.014945 -0.00291503  0.00151376 -0.0105751 -0.0231081   0.043911 -0.00244513 -0.00681786 -0.00481335 0.000623633  -0.0021781 -0.00372859 -0.00446447 -0.00914354 -0.00154344   1.55205 0.0925072  -9.68499 
             111.599   0.162447 -0.0889896  -0.315509  0.0179979 -0.0172841  0.0113073   0.0149039 -0.00296739  0.00156662 -0.0105736 -0.0231084   0.043909  0.00246898 -0.00982883  0.00157199 0.000675678  -0.0021351 -0.00372706 -0.00461276 -0.00907582 -0.00179052   1.55207 0.0924939  -9.68499 
               111.7   0.314107 -0.0136623  -0.454584  0.0148735 -0.0176393 0.00944138   0.0149347 -0.00287977  0.00150962 -0.0105746  -0.023115  0.0439065 -0.00344345  -0.0120448 -0.00144851 0.000582689 -0.00218035 -0.00364527 -0.00439242  -0.0091319 -0.00167576   1.55205 0.0924996  -9.68499 
               111.8  0.184017 -0.054019  -0.35166  0.0132432 -0.0217456  0.0100464   0.0148559 -0.00283241  0.00150259  -0.010576 -0.0231143  0.0439055 -0.00572465  -0.0192055 -0.00118129 0.000663814 -0.00215634 -0.00370606 -0.00430477 -0.00894629  -0.0017212   1.55205 0.0924807  -9.68499 
               111.9   0.168968 -0.0945639  -0.332448  0.0167664 -0.0156553 0.00845258  0.0150696 -0.0029519 0.00153574 -0.0105742 -0.0231153  0.0439084  0.00378335 -0.00197237 -0.00342056 0.000678441 -0.00213178 -0.00371346 -0.00457204 -0.00942816 -0.00162848   1.55206 0.0925255  -9.68499 
                 112   0.144184 -0.0598648  -0.340248 0.0139148 -0.014198 0.0102058   0.0151273 -0.00282736  0.00148765 -0.0105741 -0.0231155  0.0439085 -0.00393968  0.00151741 0.000125427 0.000693219 -0.00215349 -0.00370913 -0.00433079 -0.00954525 -0.00175937   1.55205 0.0925315  -9.68499 
               112.1   0.104289 -0.0950465  -0.302027 0.0144239 -0.012624 0.0112433   0.0151688 -0.00284566  0.00149806  -0.010573 -0.0231166  0.0439094 -0.00228748  0.00524541  0.00295137 0.000716119 -0.00213112 -0.00373273 -0.00439066 -0.00963899 -0.00181834   1.55206 0.0925362  -9.68499 
             112.199 0.0930783  -0.12657  -0.25782  0.0158301 -0.0124558  0.0154311   0.0151656 -0.00287263   0.0015271  -0.010572 -0.0231194  0.0439085 -1.35092e-05   0.00493909   0.00953324 0.000725473 -0.00211233  -0.0037584 -0.00450658 -0.00963647 -0.00205597   1.55209 0.0925248  -9.68499 
             112.299  0.0373199 -0.0271718   -0.29903  0.0165807  -0.013371 0.00666905   0.0151083 -0.00293025  0.00151256 -0.0105689 -0.0231154  0.0439077  0.00631468  0.00346703 -0.00734302 0.000754733 -0.00217251 -0.00373132  -0.0045164 -0.00947732 -0.00150421   1.55205 0.0925305  -9.68499 
             112.399 -0.00576504  0.00788122   -0.283416   0.0179251  -0.0149881 0.000621638   0.0150591 -0.00296993  0.00151067 -0.0105673 -0.0231142  0.0439077  0.0112576 0.00143516 -0.0159459 0.000775932  -0.0021916 -0.00373972 -0.00455586 -0.00932967   -0.001188   1.55204 0.0925236  -9.68499 
             112.499   0.0950026 0.000498659    -0.43424    0.0192867   -0.0172294 -0.000298743   0.0149986 -0.00297205  0.00151118 -0.0105648  -0.023114  0.0439098   0.0136731 -0.00372094   -0.015665 0.000718393 -0.00218559 -0.00365039 -0.00457089 -0.00919694  -0.0012206   1.55205 0.0925122  -9.68499 
               112.6   0.0510416 -0.00611946   -0.408266   0.0177428  -0.0199314 0.000682595   0.0149338 -0.00287306  0.00149158 -0.0105639 -0.0231147  0.0439113  0.00794504 -0.00773857  -0.0110735  0.00074186 -0.00218079 -0.00366704 -0.00439032 -0.00906625 -0.00136765   1.55205 0.0925005  -9.68499 
               112.7   0.232164 -0.0899336  -0.346396  0.0173666 -0.0198363 0.00473774   0.0149399 -0.00281412  0.00147207  -0.010562 -0.0231096  0.0439101  0.00461592 -0.00931218 -0.00405021 0.000636498 -0.00213039 -0.00370151 -0.00432329 -0.00915457 -0.00166021   1.55206 0.0925142  -9.68499 
               112.8 -0.0314753 -0.0247273  -0.328085  0.0168099 -0.0187533 0.00595867   0.0149682 -0.00276525  0.00145546 -0.0105614   -0.02311   0.043912  0.00406228 -0.00107537 -0.00114318 0.000789465 -0.00216831 -0.00371235 -0.00425097 -0.00924921 -0.00175171   1.55206 0.0925256  -9.68499 
               112.9  0.0391355 -0.0417794  -0.422214  0.0180754 -0.0165167 0.00482342   0.0150491 -0.00280689   0.0014513 -0.0105628 -0.0231093   0.043912   0.0077575  0.00470652 -0.00328475 0.000750733 -0.00215687 -0.00365364 -0.00433285 -0.00940882 -0.00168508   1.55206 0.0925358  -9.68499 
             113.001  0.176484  0.065188 -0.368567  0.0169951 -0.0135321 0.00671029   0.0151036 -0.00272648   0.0013888 -0.0105637 -0.0231066   0.043906 0.00577296 0.00878208 0.00176526 0.000668552 -0.00222214 -0.00368577 -0.00420784  -0.0095779  -0.0018117   1.55206 0.0925561  -9.68499 
               113.1   0.112546 -0.0280228  -0.321547  0.0203605 -0.0121758  0.0109224   0.0150685 -0.00275177  0.00141003 -0.0105634 -0.0231081  0.0439053  0.0107414 0.00966925 0.00886124 0.000710273  -0.0021667 -0.00371345 -0.00435496 -0.00957513 -0.00201598   1.55209 0.0925616  -9.68499 
             113.201   0.141358 -0.0779458  -0.404543  0.0147217 -0.0139075  0.0182614  0.0149283 -0.0025132 0.00136306 -0.0105605 -0.0231095  0.0439103 -0.00531073  0.00273587   0.0186996 0.000695727  -0.0021369 -0.00366296 -0.00392901 -0.00941959 -0.00237899   1.55209 0.0925693  -9.68499 
               113.3   0.12973 -0.171832 -0.388201  0.0141901 -0.0162891  0.0252466   0.0148094 -0.00247515  0.00137931 -0.0105577 -0.0231091  0.0439102 -0.00887697 -0.00283586   0.0276096 0.00070157 -0.0020821 -0.0036711 -0.00393692 -0.00926531 -0.00268002   1.55211 0.0925667  -9.68498 
             113.401 0.0306186 -0.341282 -0.342223  0.0172294 -0.0154994  0.0307072   0.0148178 -0.00258186  0.00142534 -0.0105552 -0.0231116  0.0439027 -0.00506161  0.00173449   0.0308904 0.000761755 -0.00198523 -0.00369806 -0.00420623 -0.00932286 -0.00281208   1.55214 0.0925703  -9.68498 
               113.5 0.0898499  -0.27223 -0.362501 0.0169547 -0.015197 0.0315265   0.0148414 -0.00260064   0.0014298 -0.0105556 -0.0231117   0.043903 -0.00700951  0.00244288    0.026831 0.000726767 -0.00202494 -0.00368582 -0.00422294 -0.00933058 -0.00270051   1.55213 0.0925673  -9.68498 
             113.601  0.120194 -0.285644  -0.40865  0.0170738 -0.0132387  0.0308706   0.0149315 -0.00263322  0.00144197 -0.0105564 -0.0231116  0.0439032 -0.00707605  0.00649137   0.0208599 0.000710008 -0.00201984  -0.0036584 -0.00429022 -0.00942614 -0.00249395   1.55213 0.0925666  -9.68498 
               113.7 0.0650208 -0.351327  -0.33435  0.0172829 -0.0138596   0.030431   0.0149137 -0.00265606  0.00145521  -0.010557 -0.0231117   0.043903 -0.00849552  0.00505298   0.0168742 0.000740618 -0.00198076 -0.00370143 -0.00434215 -0.00935403 -0.00239261  1.55213 0.092557 -9.68498 
               113.8  0.268307  -0.21829 -0.348997  0.0183305 -0.0136054  0.0286344   0.0149501 -0.00269526  0.00149205 -0.0105548 -0.0231149  0.0439072 -0.00420995  0.00247643   0.0118904 0.000621172 -0.00206128 -0.00369331  -0.0044566 -0.00935381 -0.00219863   1.55214 0.0925481  -9.68498 
             113.901  0.234414 -0.199122  -0.35912  0.0139965 -0.0143374  0.0271495    0.014919 -0.00254424  0.00140956 -0.0105533 -0.0231164  0.0439004  -0.0143169 -0.00165879  0.00634038 0.000640565 -0.00206963 -0.00368652 -0.00416331 -0.00927893 -0.00206068   1.55212 0.0925475  -9.68498 
             113.999  0.227673 -0.239958 -0.344786  0.0136291 -0.0147144  0.0231089   0.0149705 -0.00255846   0.0014372 -0.0105518 -0.0231169  0.0439017   -0.012204 -0.00452372 -0.00399948 0.000646938 -0.00204234 -0.00369334 -0.00430257 -0.00928507 -0.00179816   1.55214 0.0925388  -9.68498 
               114.1  0.329537  -0.12369 -0.388025  0.0116528 -0.0168646  0.0226781   0.0149342 -0.00253979  0.00142284 -0.0105514 -0.0231172  0.0439012   -0.012898  -0.0126556 -0.00469935 0.000589689   -0.002111 -0.00366522 -0.00423739 -0.00920287 -0.00179461   1.55214 0.0925336  -9.68498 
             114.201  0.113856 -0.259558 -0.350932  0.0181319 -0.0156224  0.0234792   0.0149894 -0.00272455  0.00152534 -0.0105517 -0.0231187   0.043899  0.00382138 -0.00588884 -0.00170225 0.000720967 -0.00203301 -0.00368479  -0.0047467 -0.00931512 -0.00184579   1.55218 0.0925325  -9.68497 
               114.3  0.106799 -0.208012  -0.34452  0.0178425 -0.0131674   0.022421   0.0150693 -0.00269081  0.00150402  -0.010551 -0.0231184  0.0439033 0.000462361 0.000753403 -0.00413939 0.000728066 -0.00206384 -0.00368811 -0.00470348 -0.00949291 -0.00181877   1.55218 0.0925473  -9.68497 
             114.401  0.118998 -0.261639 -0.331134 0.0200636 -0.011225  0.022576   0.0151176 -0.00274082  0.00151901 -0.0105508 -0.0231192  0.0439029  0.0027403 0.00504921 -0.0036527 0.000724433 -0.00203325 -0.00369635 -0.00485732 -0.00961043 -0.00184959    1.5522 0.0925531  -9.68497 
             114.501   0.15376  -0.12356 -0.394484  0.0204375 -0.0116173  0.0197105   0.0150945 -0.00271495  0.00151937 -0.0105493 -0.0231189  0.0439029  0.00434257 -0.00023682 -0.00790495  0.00070646 -0.00211366 -0.00365736 -0.00484178 -0.00954763  -0.0017122    1.5522 0.0925526  -9.68497 
             114.601  0.143971 -0.162727 -0.384552  0.0194346 -0.0117857  0.0158284   0.0150834 -0.00265563  0.00149707 -0.0105494 -0.0231181  0.0439031 0.000649255 0.000731836  -0.0139114 0.000705184 -0.00208599 -0.00366102 -0.00475021 -0.00951773 -0.00153961    1.5522 0.0925568  -9.68497 
               114.7   0.246681 -0.0226381  -0.333265  0.0175084 -0.0129712  0.0155394   0.0150531 -0.00261316  0.00147872 -0.0105507 -0.0231166  0.0439016 -0.00177191 -0.00502675  -0.0122789 0.000642189 -0.00216717 -0.00369013 -0.00461868 -0.00946198 -0.00160359   1.55219 0.0925536  -9.68497 
               114.8  -0.066668 -0.0590105  -0.271175  0.0144921 -0.0135995  0.0115164  0.0150357 -0.0025264 0.00144591 -0.0105504 -0.0231122  0.0439003 -0.00720121  -0.0017829  -0.0170025 0.000827812  -0.0021441 -0.00372423 -0.00443057 -0.00941665 -0.00144391   1.55218 0.0925578  -9.68497 
             114.901    0.34471 -0.0329954   -0.31185 0.0156829 -0.013569  0.013142   0.0150616 -0.00258091  0.00144387 -0.0105509 -0.0231098  0.0438988 -0.00259272  -0.0074879  -0.0111162 0.000591458  -0.0021583 -0.00369977 -0.00455717 -0.00947747 -0.00162704   1.55219 0.0925563  -9.68497 
             115.001 0.0459458  0.012553 -0.340241  0.0138408 -0.0154877  0.0131682   0.0150111 -0.00253516  0.00145216 -0.0105503 -0.0231116  0.0438969  -0.0059643 -0.00906602  -0.0105015 0.000767922 -0.00218409 -0.00368391 -0.00442508 -0.00935051 -0.00165971   1.55217 0.0925466  -9.68497 
             115.101  0.160104 -0.130637 -0.261498  0.0143816 -0.0163249  0.0116357  0.0150236 -0.0025713 0.00145385 -0.0105509 -0.0231135  0.0438935 -0.00347654 -0.00994467  -0.0110258 0.000700568 -0.00209943 -0.00373124 -0.00452759 -0.00940314 -0.00166975   1.55218 0.0925507  -9.68497 
             115.201 0.00570039 -0.0571667  -0.261376  0.0140076 -0.0143354 0.00965082   0.0150826 -0.00256165  0.00145119 -0.0105511 -0.0231125  0.0438955 -0.00328251 -0.00223463  -0.0146529 0.000798672  -0.0021402 -0.00372905 -0.00449219 -0.00953914 -0.00154547   1.55218 0.0925632  -9.68497 
             115.301  0.160409 -0.133634 -0.294589  0.0157537 -0.0136818  0.0154655   0.0151389 -0.00260466  0.00158044 -0.0105497 -0.0231136  0.0438908 -0.00122192 -0.00342487 -0.00335367 0.000682374 -0.00207938 -0.00370466 -0.00465028 -0.00964217 -0.00196367   1.55219 0.0925613  -9.68497 
             115.401  0.307722 0.0442275 -0.321864    0.017906 -0.00879066   0.0167845   0.0152547 -0.00265299  0.00157515 -0.0105522  -0.023112  0.0438836  0.00819304  0.00330722 0.000172554 0.000600875  -0.0021824 -0.00368748 -0.00475318 -0.00997788 -0.00205134   1.5522 0.092589 -9.68497 
             115.501  0.213039 -0.145204 -0.412123  0.0169513 -0.0126294  0.0194894   0.0151789 -0.00261912   0.0015515 -0.0105473  -0.023113  0.0438862  0.00224104 -0.00650068  0.00362026 0.000653184 -0.00207412 -0.00363531 -0.00467339 -0.00974012 -0.00220025    1.5522 0.0925645  -9.68497 
             115.601   0.147866 -0.0103894  -0.477075  0.0188204 -0.0148055  0.0157825   0.0151362 -0.00265673   0.0015466 -0.0105452 -0.0231105  0.0438863  0.00859398 -0.00880592  -0.0018606 0.000687154 -0.00215243 -0.00359779 -0.00474467 -0.00964875 -0.00197643    1.5522 0.0925654  -9.68497 
             115.701  0.137047 -0.122063 -0.462138  0.0196267 -0.0134667  0.0152256   0.0151814 -0.00265636  0.00155401 -0.0105456 -0.0231105  0.0438874  0.00707257 -0.00399009 -0.00238397 0.000695224 -0.00208677 -0.00360712 -0.00475285 -0.00977394 -0.00195984    1.5522 0.0925757  -9.68497 
               115.8  0.0546631 0.00512324  -0.385566  0.0193677 -0.0153698 0.00845244   0.0151159 -0.00266518  0.00154378 -0.0105457 -0.0231073  0.0438852  0.00850969 -0.00578461  -0.0131889 0.000745072 -0.00216035 -0.00365174 -0.00468868 -0.00965935 -0.00159825   1.55218 0.0925798  -9.68497 
             115.901 0.0347259 -0.146187 -0.509261  0.0189485 -0.0187327  0.0118864   0.0150497 -0.00264363  0.00153245 -0.0105427 -0.0231096  0.0438847  0.00371647  -0.0118073 -0.00584803 0.000761375 -0.00207376 -0.00357732 -0.00462326 -0.00950772 -0.00186472   1.55218 0.0925643  -9.68497 
             116.001 0.0293914 -0.208921   -0.3808  0.0179393 -0.0188147  0.0185572   0.0150841 -0.00258083   0.0015247 -0.0105377 -0.0231094  0.0438864 -0.00369603  -0.0054465  0.00624426 0.000769316 -0.00203662 -0.00365058 -0.00454466 -0.00957437 -0.00227162    1.5522 0.0925642  -9.68497 
             116.101  0.059659  -0.15866 -0.384888  0.0174476 -0.0158005  0.0200782   0.0151796 -0.00252822  0.00151147 -0.0105341 -0.0231086  0.0438851  -0.00494516 -6.65622e-05   0.00887716 0.000747041  -0.0020689 -0.00364813 -0.00449585 -0.00980306 -0.00236884   1.55221 0.0925822  -9.68497 
             116.201  0.246025 -0.181414 -0.340868 0.0153168 -0.012328 0.0276887   0.0152682 -0.00242411  0.00145437 -0.0105288 -0.0231003  0.0438769 -0.0112051 0.00552153  0.0198281 0.000631241 -0.00205723 -0.00367261 -0.00438508  -0.0100337 -0.00274454   1.55223 0.0926024  -9.68496 
             116.301  0.131984 -0.191865 -0.288647 0.0129307 -0.010791 0.0291959   0.0152846 -0.00237507  0.00144578 -0.0105278 -0.0230989  0.0438764 -0.0158899 0.00851662   0.019503 0.000699406 -0.00204706 -0.00370304 -0.00430076  -0.0100935 -0.00272856   1.55223 0.0926125  -9.68496 
             116.401  0.365773 -0.221924  -0.25311 0.00957446 -0.0107775  0.0334005   0.0152808 -0.00237552  0.00144378 -0.0105278 -0.0230984  0.0438768    -0.019516 -0.000778255    0.0185197 0.000567652 -0.00202498 -0.00372586  -0.0042991  -0.0100848 -0.00276757   1.55223 0.0926119  -9.68496 
             116.501  0.372968  -0.21202 -0.221475 0.00997503 -0.0121701  0.0367173   0.0152603 -0.00244804  0.00147447 -0.0105279 -0.0230981  0.0438779   -0.017273 -0.00836628    0.021112  0.00056061 -0.00203314  -0.0037417 -0.00445499  -0.0100404 -0.00282685   1.55224 0.0926042  -9.68496 
               116.6  0.342566  -0.23752 -0.219913  0.0103328 -0.0135541  0.0344247   0.0152417 -0.00247686  0.00148854 -0.0105278 -0.0230983  0.0438782 -0.0154225 -0.0128538  0.0164536 0.000588295  -0.0020154 -0.00374121 -0.00456766   -0.010008 -0.00259633   1.55225 0.0926072  -9.68496 
             116.701  0.482327 -0.164328 -0.252066 0.0105102 -0.014589 0.0361061   0.0152365 -0.00250814  0.00150286 -0.0105279 -0.0230975   0.043879 -0.0125565 -0.0190458  0.0165681 0.000512129 -0.00205854 -0.00372215 -0.00463077  -0.0100087 -0.00263342   1.55226 0.0926073  -9.68496 
             116.801  0.521579 -0.114173 -0.283185  0.0125483 -0.0143442  0.0276469   0.0152225 -0.00251443  0.00152705 -0.0105252 -0.0230989  0.0438811 -0.00593186   -0.017716    0.004889 0.000485146 -0.00209225 -0.00370445 -0.00476543  -0.0100598  -0.0021365   1.55227 0.0926412  -9.68495 
               116.9  0.608549 -0.104685 -0.217013 0.00969368 -0.0122264  0.0284077   0.0153513 -0.00253723  0.00156896 -0.0105249 -0.0231003  0.0438783  -0.078842 -0.0152207  0.0766208 0.000418912 -0.00211072 -0.00374058 -0.00481111  -0.0103458 -0.00202175   1.55227 0.0926685  -9.68495 
             117.001   1.03981 -0.279125 -0.777551 0.00577299 -0.0129171  0.0371898     0.01546 -0.00273538   0.0016769 -0.0105267  -0.023089   0.043874  -0.151196 -0.0531667    0.14596 0.000109398 -0.00219089 -0.00412927 -0.00489691  -0.0104545 -0.00222749   1.55226 0.0926553  -9.68496 
             117.099   1.11497 -0.219441  -1.37991 -0.00128637 -0.00716901   0.0313006   0.0165603 -0.00239578  0.00301483 -0.0105933  -0.023078  0.0438555  -0.135858 -0.0584852   0.190956 0.000253345 -0.00292564 -0.00429743 -0.00504451   -0.010841 -0.00133379  1.55231 0.092684 -9.68495 
               117.2  2.14814 -2.52425 -2.58748    0.024248 -0.00954438   0.0635538   0.0185037 -0.00715171    0.006173 -0.0107908 -0.0228272  0.0433322    0.09221 -0.0783498   0.280452 0.000405615 -0.00396427 -0.00413787  -0.00570144   -0.0111155 -0.000640821   1.55209 0.0925583  -9.68499 
               117.3  4.03121 -6.32407 -6.11637 -0.0164474 -0.0102059  0.0844327  0.0175061  0.0184735 0.00526142 -0.0108482 -0.0236275  0.0441415 -0.0821559 -0.0423736   0.356269  0.00015087 -0.00194938 -0.00458897  -0.00567268   -0.0104719 -0.000795176     1.554 0.0936359  -9.68467 
             117.401  4.20919   -6.032 -7.61681  -0.0469001 -0.00763503    0.127451  0.0175168  0.0345424 0.00159738 -0.0109361 -0.0239803  0.0444053  -0.125815 0.00692347   0.458353 0.000180584 -0.00206024 -0.00475977  -0.00578323  -0.00979427 -0.000706914   1.55537 0.0946542  -9.68444 
               117.5  3.98544 -5.85515 -9.47906 -0.0663254 -0.0123079    0.16895  0.0112495  0.0402595 0.00241869 -0.0109205 -0.0240881  0.0443799  -0.130162 -0.0123396   0.486706 -0.000433755  -0.00236086  -0.00441926  -0.00600542  -0.00928871 -0.000499821   1.55559 0.0960111  -9.68439 
               117.6  2.84445 -5.73104 -10.5942 -0.0720857 -0.0148286     0.1819  0.0116217   0.032471 0.00574631  -0.010991 -0.0240103  0.0443581  -0.123541 -0.0547171   0.463159 -0.000873704   -0.0024393  -0.00384224   -0.004188 -0.00831421  0.00135179    1.5562 0.0967815  -9.68428 
             117.701 0.917924 -5.94831 -10.2852 -0.0865244 -0.0111684   0.195196  0.0116904   0.044485 -0.0124325 -0.0109355 -0.0238647  0.0443678 -0.129389 -0.055995  0.461289 -0.000433339  -0.00267557  -0.00371167  -0.0032175 -0.00656877  0.00201808   1.55852 0.0992307  -9.68389 
               117.8 0.0691918  -5.41538  -10.0487 -0.0955828 -0.0118674   0.199702 0.00928194  0.0464134 -0.0193887  -0.010911 -0.0236417  0.0442744 -0.0973727 -0.0578332   0.431016 4.21456e-05 -0.00334945 -0.00356311  -0.0015876 -0.00478165  0.00330546  1.56006 0.101614 -9.68361 
               117.9 0.910882 -6.71921 -9.56718  -0.108965 -0.0112701   0.263826  0.0240939  0.0562971 -0.0484813 -0.0106323 -0.0236147   0.044366 -0.0714139  -0.114271   0.350448 -0.00030641 -0.00295387 -0.00348519  0.00101546 -0.00429227   0.0040468  1.56425 0.101138 -9.68294 
             118.001 0.787327 -8.75387 -7.97113  -0.137286 -0.0117997   0.281818  0.0110071  0.0730606 -0.0783198 -0.0103451  -0.022971  0.0444552 -0.102979  -0.15357  0.272104 -0.00025074 -0.00291436 -0.00317331  0.00481504 3.24805e-05  0.00518979  1.56948 0.108924 -9.68201 
               118.1 0.0360022  -8.76959  -7.31357  -0.158701 -0.0217398   0.315426 0.00216322  0.0846562 -0.0841658  -0.010268 -0.0227498  0.0444484 -0.105485 -0.157962  0.262162 0.000278379 -0.00324887 -0.00312549 0.00403422 0.00152978 0.00453316  1.57001 0.112174 -9.68189 
             118.201 -1.43055 -8.68241 -6.52195  -0.176611 -0.0254629     0.3463 -0.00211394   0.0972541    -0.10205 -0.0101258 -0.0226324  0.0444643 -0.0866907  -0.113012    0.23394  0.00117938 -0.00337905 -0.00346203 0.00448687  0.0023428 0.00426754  1.57208 0.114586 -9.68152 
             118.301 -1.91424 -9.88522 -6.59038  -0.188322 -0.0214718   0.371885 -0.00231519    0.110135   -0.132853 -0.0100174 -0.0226553  0.0445098 -0.0795959 -0.0728602   0.212394  0.00119492 -0.00272368 -0.00341131 0.00569741  0.0016368 0.00420307  1.57526 0.115401   -9.681 
             118.401 -3.87803 -10.4444 -6.81021  -0.200666 -0.0264051   0.400915 -0.00472921    0.114154    -0.12555 -0.0100195 -0.0227139  0.0444974   -0.02304 -0.0138431   0.168815  0.00206693 -0.00268907  -0.0034722 0.00404784  0.0025038 0.00353336  1.57405 0.116402 -9.68118 
             118.499 -3.98767 -10.3803 -6.86846 -0.205527  -0.01841  0.423082 -0.00583007    0.125109   -0.145936 -0.0100386  -0.022767  0.0445064 0.0107134 0.0368172   0.12368  0.00167361 -0.00242638 -0.00374932 0.00356196 0.00207915 0.00306341  1.57524 0.117129 -9.68098 
             118.601 -7.08416 -10.7351 -7.29604  -0.21001 -0.017055  0.431889 -0.0054337   0.121918  -0.133164 -0.0100339 -0.0228405   0.044474 -0.0531096  0.0731142  0.0603434  0.00226593 -0.00126963 -0.00337631 0.00279708 0.00229246  0.0028767  1.57397 0.116728 -9.68119 
               118.7 -8.30775 -9.19512 -7.22068  -0.217946 -0.0107047   0.429665 -0.0111314   0.112834  -0.123994 -0.00998444  -0.0228076   0.0444218 -0.0351728  0.0910998  0.0380919  0.00200064 -0.00157426 -0.00342187 0.00475678  0.0029642 0.00341486  1.57408 0.118053 -9.68116 
               118.8 -10.436 -8.5297 -6.7555 -0.210048 0.0208679  0.424071 -0.0197946   0.116329  -0.171612 -0.0100426 -0.0228081  0.0446273 0.0538073  0.205118 0.0738055   0.0025182 -0.00224114 -0.00382262  0.00821226 0.000914048  0.00426468 1.57799 0.11957 -9.6805 
             118.901 -11.6894 -8.12317 -6.83375 -0.221064 0.0366871  0.442941 -0.027763  0.117878 -0.153571 -0.0100911 -0.0229124  0.0444692 0.0373361  0.237025  0.124255  0.00259951 -0.00284763 -0.00382056 0.00693186 0.00352922 0.00348726  1.57619 0.123047 -9.68075 
                 119 -11.2981 -9.15547 -6.88167 -0.229751  0.078486  0.481873 -0.0317272    0.12564  -0.144243 -0.0101384 -0.0230083  0.0444607 0.0327613  0.326535  0.158438  0.00239514 -0.00314292 -0.00378541  0.0046653 0.00555337 0.00251972  1.57474 0.125556 -9.68096 
               119.1  -11.452   -14.85 -7.14761 -0.228385 0.0787754  0.553395 -0.0176037   0.162744  -0.106049 -0.00985725  -0.0229882   0.0445679 0.175467  0.28145 0.116162  0.00288733 -0.00352808 -0.00450479  -0.0100642   0.0125157 -0.00171778  1.56666 0.128057 -9.68223 
             119.201 -13.0489 -15.6108 -10.9992 -0.255925 0.0704697  0.577474  -0.027018   0.168826 -0.0392041 -0.00955138  -0.0234612   0.0448069 0.127884 0.232558 0.115044  0.00203906 -0.00330464 -0.00445783  -0.0145637   0.0175086 -0.00334188  1.56233 0.132423 -9.68288 
               119.3 -12.8217 -15.7862 -10.4403 -0.234435  0.113753  0.603593 -0.0271251   0.178883 -0.0225314 -0.00950333  -0.0236032   0.0449046  0.204767  0.284722 0.0631707  0.00183323 -0.00306818 -0.00501537  -0.017409  0.0199126 -0.0042818  1.56091 0.134345 -9.68308 
               119.4 -13.1993 -15.2729 -13.4727 -0.231133  0.129573  0.616888 -0.0286916   0.172421  0.0297558 -0.00935741  -0.0236597   0.0449145  0.175492  0.293108 0.0362992  0.00180419 -0.00253221 -0.00455197  -0.0193334   0.0223493 -0.00477164  1.55778 0.135117 -9.68357 
             119.499 -13.0138 -17.0523 -14.4833 -0.228418   0.12652  0.626845 -0.0322613   0.149296   0.122524 -0.00915991  -0.0237368   0.0450986 0.198153 0.286963 0.015159  0.00199989 -0.00281479 -0.00360291  -0.0206678   0.0249872 -0.00496551   1.5524 0.134914 -9.68444 
               119.6 -13.1394 -18.3187 -14.2861 -0.210997    0.1349  0.653498 -0.0226348   0.152234     0.1745 -0.00913136  -0.0236806   0.0452197     0.233142      0.34012 -0.000381107  0.00252121 -0.00270264 -0.00330639  -0.0273423   0.0299659 -0.00655253  1.54645  0.13614 -9.68537 
               119.7 -14.4008 -16.3936   -14.94 -0.198061  0.167072  0.658925 -0.0239037   0.151019   0.204486 -0.00916469  -0.0236572   0.0451775  0.228484  0.445807 0.0164499  0.00223325 -0.00254027 -0.00391128  -0.0290382   0.0324477 -0.00699959  1.54442 0.137848 -9.68567 
             119.799 -14.5805 -15.1716 -16.4889 -0.195123  0.198604  0.639213 -0.0397312  0.0990001   0.277103 -0.00902088  -0.0236548   0.0450897   0.128949   0.531475 -0.0132952 0.000868524  -0.0017113 -0.00436023   -0.022229   0.0282053 -0.00507337  1.54226 0.133764 -9.68607 
               119.9 -17.0981 -13.6579  -17.952 -0.203037  0.178987  0.627962 -0.0537432  0.0462444   0.369407 -0.00885867  -0.0235518   0.0448717   0.117619   0.481932 -0.0344067 0.000545731 -0.00185444 -0.00494853  -0.0183339   0.0255182 -0.00377322   1.5371 0.130213 -9.68694 
                 120 -17.0491 -12.6295 -18.0769 -0.218011  0.213686  0.596893 -0.0867474 -0.0229915   0.512989 -0.00858846  -0.0233425   0.0442529  0.113714  0.429271 -0.107605  0.00044245 -0.00239519 -0.00525617  -0.0115972   0.0244949 -0.00187907  1.53147 0.130029 -9.68784 
               120.1 -20.6301    -13.9 -22.9901 -0.211851  0.257505  0.582034   -0.09702 -0.0366504   0.555432 -0.00842614  -0.0233081   0.0439867  0.0626199    0.15848 -0.0625669 0.000143511 -0.00271443 -0.00605484  -0.0116653   0.0260705 -0.00182415  1.52891 0.131931 -9.68822 
               120.2 -25.4938 -17.2305 -35.5166 -0.223481  0.260753  0.568676  -0.114841 -0.0676933   0.621588 -0.00781391  -0.0233477    0.043606 0.0353609 0.0454277  -0.12115 0.000612115 -0.00178916 -0.00679178 -0.0112057  0.0268246 -0.0014654  1.52399 0.133453 -9.68897 
               120.3 -26.4785 -17.1491 -43.5709 -0.238544  0.258489  0.564884  -0.134067 -0.0879611   0.682043 -0.00734678  -0.0235677   0.0433175 0.00337278  0.0280796  -0.132416 0.000553806 -0.00164644 -0.00707869 -0.0107713  0.0297618 -0.0012957  1.52077 0.137788 -9.68941 
               120.4 -26.6553 -17.1963 -44.5662 -0.236596  0.257568   0.52902  -0.137541 -0.0896574   0.699373 -0.00722668  -0.0236864   0.0432254   0.125352 -0.0106218  -0.273239 0.000630751 -0.00161131 -0.00685851  -0.0112655   0.0317879 -0.00141572  1.51993 0.139881 -9.68952 
               120.5  -27.595 -12.3446 -57.3025 -0.221924   0.25594  0.535813 -0.0743363 -0.0508909     0.7048 -0.00749554  -0.0234916   0.0434406  0.193494 0.0723837 -0.294268   0.00105746 -0.000611667  -0.00656235  -0.0268607   0.0506051 -0.00465493  1.51146 0.147294 -9.69073 
               120.6  -27.009 -9.75897 -63.6708 -0.221886  0.255986  0.510496 -0.0785877 -0.0961806   0.759273 -0.00726675  -0.0231703    0.043915 0.140634 0.158093 -0.34578    0.0019965 -0.000173778  -0.00564678   -0.032895   0.0555033 -0.00538949  1.49793 0.150977 -9.69277 
               120.7 -26.8965 -7.83869 -66.8174 -0.217356  0.277864  0.477329  -0.066004 -0.0958261   0.776499 -0.00734047   -0.023084   0.0440314 0.0503444  0.261066 -0.379874   0.00229846 -0.000122451  -0.00541635  -0.0372139   0.0623573 -0.00620307  1.49381 0.155042 -9.69335 
               120.8 -25.5502 -5.61812 -70.5467 -0.237631  0.276504  0.466537 -0.0573946  -0.116015   0.830585 -0.00766571  -0.0230783   0.0443416 -0.0365901   0.195135  -0.405308  0.00139139 -0.00171701 -0.00557088  -0.0480409   0.0778981 -0.00810939   1.4798 0.167262 -9.69529 
               120.9 -25.3639 -4.39868 -71.8448 -0.233906  0.250302  0.473546 -0.00978192   -0.138317    0.774303 -0.00819545  -0.0236157   0.0446038 -0.0444105   0.113734  -0.404404 0.000669146 -0.00201496 -0.00576333 -0.0630511  0.0744623 -0.0104683   1.4614 0.157021 -9.69825 
                 121 -25.5283 -4.13126 -73.2445 -0.23915 0.262898 0.394242 0.00403413  -0.156076   0.746479 -0.0083844 -0.0238224  0.0447251 -0.0610721   0.180539  -0.377607  0.00073088 -0.00230933   -0.005186 -0.0683582  0.0708854 -0.0112034  1.45322 0.151775 -9.69957 
               121.1 -25.9803 -4.60116 -77.1619 -0.246648  0.262701  0.371885 0.0422428 -0.164653  0.700641 -0.00859772  -0.0240426   0.0445378 -0.118412  0.140135 -0.247943  0.00021939 -0.00159475 -0.00594793 -0.0766555  0.0674523 -0.0125448  1.44364 0.143044 -9.70113 
               121.2 -24.5896 -5.42804 -80.1195 -0.236745  0.255101  0.376568  0.104631 -0.141937  0.656231 -0.00854082  -0.0241741   0.0442553  -0.11373  0.113953 -0.211385 -0.000115974  -0.00163238  -0.00582458 -0.0807839  0.0665707  -0.013487  1.44348 0.132751  -9.7013 
             121.299 -24.8742 -5.12318 -80.7342 -0.258732  0.257728  0.372051  0.109921 -0.133235  0.666198 -0.00846534  -0.0241213   0.0442948  -0.163402 -0.0573102   0.106373 0.000230783 -0.00180789 -0.00576013 -0.0795534  0.0708082 -0.0133774   1.4462 0.135757 -9.70085 
             121.399 -20.5191 -1.90313 -87.7372 -0.22719 0.253974 0.376167   0.174491 -0.0606946   0.658261 -0.00830592  -0.0242403   0.0437315 -0.0402013 0.00532606   0.131107 0.000745817 -0.00290491  -0.0056224 -0.0705359  0.0624715 -0.0124081  1.46727 0.117001 -9.69793 
               121.5   -19.1744 -0.0924249   -90.2889 -0.217293  0.246236  0.377615    0.17308 -0.0954405   0.608169 -0.00844392  -0.0244167   0.0436576 0.0350836  0.112058  0.180538  0.00152519 -0.00183853 -0.00516226 -0.0749514  0.0493834 -0.0128893  1.45694 0.105701 -9.69962 
               121.6 -16.2306  2.22214 -94.1873 -0.19024 0.249752 0.405507   0.257552 -0.0575941   0.580031 -0.00846736  -0.0243655   0.0433718 0.0836399  0.171215  0.213296 0.000428947 -0.00258205  -0.0049128 -0.0744785  0.0469821 -0.0132248    1.4638 0.0898144  -9.69875 
               121.7 -15.3999  3.14662  -95.053 -0.181838  0.261584  0.406423    0.19647 -0.0888783   0.571107 -0.00851361  -0.0245459   0.0433639 0.0900277  0.183232  0.209344 0.000412273 -0.00311638 -0.00498558 -0.0755273  0.0348072 -0.0129563   1.45737 0.0884821  -9.69973 
             121.799 -15.2796  2.78554 -94.9349 -0.189486  0.286523  0.414048  0.106363 -0.108905  0.580016 -0.00878414  -0.0245235   0.0434369 -0.0121211    0.19809    0.24335 -6.56973e-05  -0.00358972  -0.00442429 -0.0754841   0.029758 -0.0124285   1.45396 0.0985601  -9.70014 
               121.9 -15.3995  2.77479  -94.171 -0.190601  0.298374  0.428288 0.0689729 -0.125066  0.571517 -0.00889883  -0.0245236   0.0433727 -0.0504067    0.14257   0.319359 -0.000159855  -0.00397946  -0.00370133 -0.0766387  0.0197569 -0.0122561   1.45002 0.0953708  -9.70076 
                 122 -15.9638  2.87428 -92.5632 -0.192283  0.299835  0.454573 0.0768403 -0.144132  0.554988 -0.0088229 -0.0246016  0.0432637 -0.106986  0.125623  0.417375 -7.22237e-05  -0.00323352  -0.00389552 -0.0792234 0.00844714 -0.0124885   1.44421 0.0834837  -9.70174 
               122.1 -15.8447   4.0311 -92.1758 -0.177468  0.296781  0.493525   0.16677 -0.129921  0.559617  -0.008411 -0.0246913  0.0434091 -0.0969476   0.115611   0.479862 -0.000270523  -0.00275313  -0.00430382   -0.0775017 -0.000886513   -0.0125694  1.44828 0.059113 -9.70131 
               122.2 -15.7909  5.19032  -92.485 -0.183501  0.290695  0.525404 0.159968 -0.15829 0.537449 -0.00833382  -0.0245996   0.0433575 -0.101037 0.0907364  0.464256 5.19981e-05 -0.00297815  -0.0042717 -0.0814292 -0.0142034 -0.0128133   1.43962 0.0479062  -9.70266 
             122.299 -15.6249  5.07532 -92.5516 -0.184732  0.284358  0.556017  0.185384 -0.168952  0.529075 -0.00825984  -0.0245247   0.0433559 -0.111556 0.0550844  0.453913  6.6594e-05 -0.00328823 -0.00423042  -0.083152 -0.0209603 -0.0130557  1.43614 0.037272 -9.70323 
               122.4 -14.9317  4.48249 -91.9803 -0.187183  0.278615  0.600012  0.204932 -0.168905   0.53064 -0.00822854  -0.0244225   0.0433557  -0.106563 0.00564359   0.448664 -0.000145752   -0.0033054  -0.00409537 -0.0833329 -0.0290644 -0.0129886    1.436 0.026074 -9.70328 
               122.5 -13.8496  4.67756 -91.0241 -0.196341  0.279507  0.641397  0.196924 -0.166741  0.532251 -0.0082449 -0.0244156  0.0433613   -0.104453 -0.00513353    0.421029 0.000342713 -0.00341482 -0.00377591 -0.0829457 -0.0301288 -0.0128494   1.43675 0.0263561  -9.70317 
               122.6 -11.9458  4.52947 -90.4953 -0.196067  0.274522   0.68008  0.214757 -0.158911  0.540064 -0.00823984  -0.0243621   0.0433574 -0.0607291 -0.0412749   0.331898 0.000931358 -0.00338576 -0.00352951 -0.0819192 -0.0322634 -0.0127694    1.4391 0.0210785  -9.70284 
               122.7 -9.28361  4.70297 -89.3765 -0.189251  0.271635  0.710366  0.258348 -0.141907  0.556567 -0.00825077  -0.0242054   0.0433356 -0.0423864 -0.0601791   0.277894  0.00112801 -0.00350414 -0.00381334 -0.0790693 -0.0296482 -0.0128075    1.4448 0.0158366    -9.702 
               122.8 -7.65309  5.50034 -89.0784 -0.177579  0.264506  0.741003  0.316839 -0.123025  0.574859 -0.00831994  -0.0239667   0.0432753 0.00606667 -0.0895073   0.221994   0.0012587 -0.00373061 -0.00364955 -0.0761168 -0.0269324  -0.012992    1.45094 0.00812883   -9.70109 
               122.9  -4.4771  5.15694 -87.7889 -0.16703 0.270235  0.76422   0.315266 -0.0924783   0.593743 -0.00840578  -0.0238672   0.0430692  0.0417976 -0.0857262    0.13709 0.000736185 -0.00330211 -0.00393794 -0.0697155 -0.0248216 -0.0122146   1.46235 0.0100046  -9.69938 
                 123 -2.00447  5.12824 -86.9945 -0.163593  0.271188   0.78341   0.298044 -0.0732791   0.595911 -0.00849918  -0.0238274   0.0429943 -0.00944875   -0.114324  0.00615506 0.000632056 -0.00342683 -0.00408221 -0.0637755 -0.0197292 -0.0114965   1.47131 0.0178386  -9.69801 
               123.1  1.12143  3.93774 -86.4531 -0.158321  0.268333  0.769543    0.26948 -0.0580062   0.595017 -0.00866137  -0.0240325   0.0429816 -0.0115848  -0.119266 -0.0372524 0.000432378 -0.00327499 -0.00394679 -0.0593337 -0.0234789 -0.0104001   1.47823 0.0190861  -9.69696 
               123.2  1.39895   4.0183 -86.0237 -0.155552  0.263007  0.765331   0.256551 -0.0473425   0.588056 -0.00873919  -0.0241177   0.0430136  0.0155697  -0.154473 -0.0389481 0.000478834 -0.00355338 -0.00407596   -0.055834  -0.0230861 -0.00983207   1.4834 0.021854 -9.69616 
               123.3  1.44733  4.37843 -85.9307 -0.155715  0.272126  0.751389    0.20796 -0.0364893   0.556161 -0.00879374  -0.0242994   0.0429426  0.0238563  -0.149417 -0.0623982 0.000223495 -0.00388434 -0.00418827  -0.0491527  -0.0216721 -0.00826274   1.49158 0.0323097  -9.69488 
               123.4 0.776188  4.01038 -86.3528 -0.150375  0.268564  0.728716   0.176759 -0.0302074   0.536538 -0.00887703  -0.0243019    0.043009  0.0365074  -0.109556 -0.0587719 7.96662e-05 -0.00347426 -0.00424144  -0.0451412  -0.0231765 -0.00698583 1.49651 0.03666 -9.6941 
               123.5 -0.0127992     4.6358   -86.6802 -0.149855  0.268904  0.711355   0.150146 -0.0325576   0.517253 -0.00881265  -0.0242108   0.0428951  0.0240115 -0.0552435 -0.0225217 7.20988e-05 -0.00345839 -0.00423974  -0.0429471  -0.0230927 -0.00601912   1.49821 0.0417506  -9.69382 
               123.6 -0.300871   4.43265  -86.4555 -0.156999  0.276684  0.706594    0.12397 -0.0351548   0.491817 -0.00870974  -0.0242445   0.0426496  0.00281404  -0.0100577 0.000206393 0.000374772 -0.00335788 -0.00406614  -0.0419282  -0.0203116 -0.00561321   1.49862 0.0495158  -9.69372 
               123.7 -0.0714182    4.47382   -85.8231 -0.15965 0.281279 0.703343   0.112058 -0.0355556   0.480526 -0.00868572  -0.0242111   0.0425819 -0.0171788  0.0148816  0.0167272 0.000477556  -0.0034178 -0.00390753 -0.0413069   -0.01959 -0.0053012   1.49912 0.0525159  -9.69363 
             123.799 -0.269765   4.26991  -84.6683 -0.148954  0.284636  0.699787   0.118863 -0.0217627   0.482523 -0.0086827 -0.0241249  0.0427501 0.0185197  0.016331 0.0272741 0.000586286 -0.00348567 -0.00367754  -0.0388758  -0.0217893 -0.00466268   1.50386 0.0492302  -9.69291 
               123.9 -0.0817147    3.75333   -83.7742 -0.137699  0.286848  0.707212   0.119903 -0.0130051   0.479118 -0.00866196  -0.0241037   0.0427955  0.0556527 -0.0306108  0.0653487 0.000416061 -0.00333086 -0.00368187  -0.0376921  -0.0221349 -0.00445326   1.50648 0.0488286   -9.6925 
                 124 -0.91777  4.74386 -82.3789 -0.12636 0.291645 0.719203  0.134477 0.0132708   0.47854 -0.00867269  -0.0241826    0.042878  0.0737997 -0.0168177  0.0924203 -8.48557e-05  -0.00317206  -0.00322892  -0.0353126  -0.0226335 -0.00456611   1.51316 0.0459725  -9.69148 
               124.1 -1.35737  4.91451 -81.5046 -0.120877  0.291108  0.741751  0.138341 0.0215056  0.476357 -0.00869621  -0.0243242   0.0428628  0.0649695 -0.0197557   0.156337 9.30747e-05 -0.00314241 -0.00369896  -0.0356039  -0.0216628 -0.00517003   1.51417 0.0463149  -9.69132 
             124.199 -2.87149  5.35409 -80.7802 -0.107841  0.294595   0.77838  0.141826 0.0316774  0.474944 -0.00867599  -0.0242778   0.0429696  0.0230364 0.00918718   0.273579 0.000315867 -0.00314253 -0.00421311  -0.0340953  -0.0223179 -0.00480132   1.51736 0.0451779  -9.69082 
               124.3  -3.9295  4.79214 -81.3808 -0.0977356      0.296   0.815306  0.147324 0.0413174  0.474868 -0.00873964  -0.0243617   0.0429934   0.0509539 -0.00636638    0.274682  0.00037399 -0.00337093 -0.00442515  -0.0334036   -0.021991 -0.00499074   1.51962 0.0446039  -9.69047 
               124.4 -5.11087  3.82597 -82.9721 -0.0996558   0.302247   0.839443   0.15014 0.0528989  0.468468 -0.00871169  -0.0245984    0.042993 0.0130335 0.0253384  0.305822 -2.90912e-05  -0.00280281  -0.00439291  -0.0333055  -0.0199371 -0.00577077    1.5215 0.0462888  -9.69017 
               124.5  -3.8164  3.23932 -82.4654 -0.103575  0.306757  0.904346  0.173478 0.0687873  0.470995 -0.00860814  -0.0247646    0.042966 -0.0962438   0.066248   0.386832 -0.00103166 -0.00249776 -0.00495741  -0.0335682  -0.0168172 -0.00755653   1.52373 0.0453305  -9.68982 
               124.6 -5.78202  4.31871 -83.6536 -0.098461  0.305947  0.936571  0.186232 0.0700222  0.483505 -0.00880763  -0.0246266   0.0430384 -0.0921993  0.0502889   0.410245 0.000131092 -0.00388783 -0.00487252  -0.0324339  -0.0192091 -0.00696943   1.52521 0.0406149  -9.68961 
               124.7 -5.88504  3.33136 -84.7332 -0.0801695   0.295081    0.99525  0.187616 0.0685867  0.492557 -0.00896813  -0.0244818   0.0430398  0.143789 -0.111454  0.322879  0.00144135 -0.00476858 -0.00467749     -0.0319  -0.0221948 -0.00621236   1.52565 0.0372971  -9.68956 
               124.8  -2.16119 -0.214198  -85.7107 -0.0779578    0.30642   0.988921 0.172293 0.077856 0.488867 -0.0091026 -0.0246842  0.0430267   0.147793 -0.0634649    0.30192  0.00119466 -0.00362793 -0.00496665  -0.0307612  -0.0231016 -0.00555126   1.52829 0.0391401  -9.68913 
               124.9   -1.6426 -0.857815  -85.7023 -0.0578109    0.31326    1.01497  0.165382 0.0912465  0.484903 -0.00918278  -0.0248005   0.0430296   0.179912 -0.0669701   0.232267 0.000869062 -0.00316112 -0.00504291  -0.0291768  -0.0226873 -0.00524164   1.53201 0.0408733  -9.68854 
                 125 -0.560492 -0.508599  -87.1665 -0.0430856     0.3073     1.0377  0.170188 0.0901041  0.486651 -0.00917733  -0.0247304   0.0430364   0.155884 -0.0419679   0.158595 0.000167235 -0.00187815 -0.00460798  -0.0295745  -0.0224107 -0.00546794   1.53144 0.0402765  -9.68863 
               125.1 -0.462181   1.28558  -87.9761 -0.027296  0.310203   1.06783  0.177066 0.0821945   0.49494 -0.00916092  -0.0246546   0.0431773 0.0106953 0.0937835  0.238005 -0.000109135 -0.000352015  -0.00414707  -0.0313381  -0.0222991 -0.00586332   1.52844 0.0389723  -9.68911 
               125.2 -1.82267  8.37026 -88.3184 -0.0265796   0.319466    1.08412  0.163487 0.0774999  0.490227 -0.0088139 -0.0246654  0.0431056 0.004448 0.114251 0.296113 -0.000260173  -0.00162187  -0.00396901  -0.0300107  -0.0237806 -0.00500544   1.52897 0.0399655  -9.68902 
               125.3 -1.77905  11.6453 -86.5996 -0.0181038   0.332015    1.10557  0.153845 0.0837206  0.481975 -0.00868097  -0.0246085   0.0428717 0.0635195  0.093137  0.317533 0.000860811 -0.00350281 -0.00498556  -0.0282814  -0.0239774 -0.00455578   1.53165 0.0416367  -9.68859 
               125.4  -2.5092  12.2708 -87.3178 -0.0329247   0.370373    1.11793  0.114235 0.0775811  0.453711 -0.0085002 -0.0244441  0.0422877 0.0710872  0.296693  0.218205 0.000947782 -0.00339661 -0.00349652  -0.0282343  -0.0217888 -0.00374424    1.5305 0.0511107  -9.68873 
               125.5  -1.7359  10.2648 -85.1495 -0.0101216   0.400566    1.14217   0.13597 0.0832475  0.477312 -0.00832998  -0.0245096   0.0423787 0.0271912  0.340844  0.198388 6.45859e-05 -0.00284869 -0.00360961  -0.0280423  -0.0237321 -0.00394408   1.53176 0.0450138  -9.68856 
               125.6 -1.83222   6.7868 -84.6688 -0.0114753   0.409288    1.16456  0.149656 0.0789712  0.491072 -0.00833705  -0.0245617   0.0419881 -0.102396  0.227026  0.177195 -0.00142901 -0.00440429  -0.0034398  -0.0296368  -0.0250439 -0.00435616   1.52959 0.0410791  -9.68892 
               125.7 -3.48816  5.96556 -81.8947 -0.0094474    0.39327    1.19112  0.167307 0.0778382  0.509395 -0.00802747   -0.024768   0.0417611 -0.100629 -0.146093  0.179125 -0.000677657  -0.00703735  -0.00550579  -0.0306138  -0.0273147 -0.00488588   1.52858 0.0354317   -9.6891 
               125.8 -5.52396  2.38616  -82.279 -0.0215291   0.377226    1.19337  0.154895 0.0869169  0.494713 -0.00830247  -0.0246155   0.0415856 -0.0750114  -0.219322  0.0735077 0.000521825 -0.00547315 -0.00328879  -0.0329595  -0.0286609 -0.00452457   1.52781 0.0365771  -9.68922 
               125.9  -6.13022 -0.489045   -80.457 -0.0197833   0.360433    1.20021  0.177132 0.0783257  0.505667 -0.00811243  -0.0246527    0.041274 -0.0501617  -0.230785  0.0440966 0.000754764 -0.00325796 -0.00315853  -0.0335543  -0.0283646 -0.00483654   1.52587 0.0328531  -9.68954 
                 126  -6.17698 -0.235677  -79.5525 -0.0187915   0.316391    1.20773  0.194449 0.0795571   0.51051 -0.00777739  -0.0247801   0.0413139 -0.0168537  -0.348477 -0.0807527 0.000228345 -0.00292778 -0.00366515  -0.0325071  -0.0273971 -0.00515594   1.52709 0.0307842  -9.68935 
               126.1 -9.50894  4.81881 -79.7222 -0.0173758   0.321534    1.21521   0.19793 0.0899011  0.508448 -0.00800573  -0.0250065   0.0412039  -0.027688  -0.314535 -0.0763194 -4.84198e-05  -0.00223113   -0.0041151  -0.0305314  -0.0252765 -0.00533927   1.53062 0.0323578  -9.68879 
               126.2 -10.6861  4.74551   -79.15 -0.0246208   0.301986    1.20924 0.196049 0.106945 0.506918 -0.00826556  -0.0253578   0.0410449 -0.107405  -0.16708 -0.101138 0.000436667 -0.00133699 -0.00442923  -0.0275825  -0.0228588 -0.00537476  1.53618 0.035151  -9.6879 
               126.3 -13.7441  14.5362 -80.9039 -0.0131511   0.335308    1.19994 0.173728 0.128389 0.506451 -0.00889689  -0.0256562   0.0395938 -0.0841907   0.019364 -0.0854641  0.00124127 -0.00132759 -0.00446441  -0.0205727  -0.0229282 -0.00433943   1.54644 0.0391353  -9.68625 
               126.4 -13.6175  18.1271 -81.0252 -0.0226551    0.35974    1.20316 0.184944 0.134714 0.513103 -0.0094989 -0.0257624  0.0390737  -0.137914   0.236657 -0.0776718  0.00123133 -0.00150881 -0.00459253  -0.0187923  -0.0207666 -0.00461794   1.54917 0.0392291  -9.68581 
               126.5 -12.4001   18.641 -81.5983 -0.0148167   0.363464    1.21453 0.211936 0.136561 0.523714 -0.0100114  -0.025596  0.0389509 -0.0797087   0.198143 -0.0720851  0.00122132 -0.00280908 -0.00484364  -0.0173802  -0.0192096 -0.00510391   1.55093 0.0359554  -9.68555 
               126.6 -11.4927  18.6362 -81.9375 -0.00682384    0.366405     1.22064  0.24776 0.133888 0.532977 -0.0104607 -0.0253034  0.0389566 -0.023413  0.062675 -0.039567 0.000658409  -0.0036198 -0.00487661  -0.0168754  -0.0174999 -0.00577392    1.5511 0.0313201  -9.68554 
               126.7 -11.8947  17.1913 -82.0186 -0.018242  0.379161   1.22877 0.256134 0.124538 0.535396 -0.0104362 -0.0253256  0.0390413 -0.094761  0.111457 0.0459381 0.000581654 -0.00346591 -0.00501828  -0.0146789   -0.014785 -0.00571494   1.5516 0.032469 -9.68545 
               126.8 -11.9616  15.7638 -82.3068 -0.0132043    0.37096    1.23115 0.267846 0.123875 0.528477 -0.0103858  -0.025161  0.0388069 -0.0665844   0.101362  0.0531108   0.0013027 -0.00355581 -0.00503868  -0.0157278  -0.0154553 -0.00596066  1.55055 0.029982 -9.68563 
             126.899 -11.5996  15.2027 -82.0862 -0.0175463   0.371554    1.23833  0.27493 0.120925 0.522145 -0.0103557 -0.0251086  0.0387475 -0.058077 0.0543979 0.0865795  0.00114546 -0.00383411 -0.00477385   -0.015798  -0.0148164 -0.00605499   1.54999 0.0295339  -9.68572 
                 127 -10.8564  13.7885 -81.3073 -0.0190467   0.375248    1.25207 0.269332 0.127115 0.520714 -0.0104394 -0.0251344  0.0386881 0.000593348   0.0409104    0.083531 0.000768318  -0.0037845  -0.0043699 -0.0170642  -0.016049 -0.0061228   1.54982 0.0293279  -9.68575 
               127.1 -9.46969  12.3692 -77.7224 -0.00106014    0.376972     1.24672 0.260804 0.143976 0.539225 -0.0104777 -0.0252493  0.0383747 0.0544228 0.0994917 0.0366972  0.00101346 -0.00311245 -0.00429983  -0.0201129  -0.0206062 -0.00632709   1.54987 0.0259966  -9.68575 
               127.2 -8.84779  12.7025 -76.1552 0.0137819  0.378202   1.26321  0.29163  0.11943 0.542965 -0.0102446 -0.0251612  0.0383236   0.10584  0.054282 0.0287896  0.00108104 -0.00330533 -0.00366494  -0.0159879  -0.0169754 -0.00625964  1.54982 0.024166 -9.68576 
               127.3 -8.20907  13.0076 -73.7356 0.0173625    0.3913   1.27282 0.296487 0.111358 0.550303 -0.0101663 -0.0250137  0.0383897 0.0749856 0.0512704 0.0499564 0.000200384 -0.00329817 -0.00375068  -0.0133589  -0.0149654 -0.00605681   1.55096 0.0251192  -9.68558 
               127.4 -8.34769  13.7807 -71.4607 0.0163716  0.399189    1.2673 0.278545 0.124664 0.549219 -0.0102342 -0.0249565  0.0383724 0.0682942 0.0480312 0.0559456 0.000728894 -0.00341531 -0.00353424 -0.0152133 -0.0166569 -0.0060262   1.55133 0.0265765  -9.68551 
               127.5  -9.8657  13.1282 -72.5271 0.00953728   0.421772    1.27956 0.267553 0.132366 0.527568 -0.0102615 -0.0250196   0.038192 -0.00429325    0.127377    0.109719  0.00177083  -0.0030643 -0.00221064 -0.0167371 -0.0162933 -0.0060131   1.55097 0.0292766  -9.68556 
               127.6  -4.1588  13.3801 -65.3085 0.00652331   0.436184    1.29302 0.255862 0.132985 0.514751 -0.0103903 -0.0248039  0.0382889   0.133409 0.00561844   0.107746  0.00247826 -0.00458452 -0.00215096  -0.0165225  -0.0152306 -0.00589559   1.55107 0.0325402  -9.68554 
               127.7  2.23051  9.81485 -60.9478 -0.0016045   0.434768    1.29414 0.238886 0.143457 0.489674 -0.0106903 -0.0249994  0.0385689   0.115095 -0.0784723   0.106205 0.000874667  -0.0037667 -0.00309856  -0.0195011  -0.0159678 -0.00588827   1.54977 0.0351961  -9.68574 
               127.8 3.72942 8.75635 -58.857 0.00163998   0.442884    1.30596 0.241391 0.141335 0.497694 -0.0105671 -0.0247728  0.0385052   0.136065 -0.0603283   0.109629 0.000937204 -0.00319768 -0.00404463  -0.0174514  -0.0145183 -0.00581305   1.55129 0.0360693  -9.68549 
               127.9  4.51142  8.51487 -58.3447 0.00738132   0.457268    1.31963  0.22644 0.144704 0.479055 -0.0105677 -0.0246522  0.0387133   0.219633 -0.0164096  0.0279209 0.000860293 -0.00279104  -0.0042719  -0.0168861  -0.0129836 -0.00561175   1.55199 0.0405189  -9.68536 
                 128 4.56799 11.6808 -59.742 -0.00757107    0.455168      1.3039 0.201178 0.154705 0.447037 -0.00946415  -0.0246495   0.0385474   0.186144 -0.0617735 -0.0359566 0.000482656 -0.00316582 -0.00473089  -0.0211901  -0.0135637 -0.00534634   1.54916 0.0446782  -9.68579 
               128.1  4.1962 11.6496 -60.376 0.00706112   0.443221    1.30139 0.193693 0.152132  0.42779 -0.00879091  -0.0246366   0.0383414  0.0967529 -0.0153005  0.0715856 0.000680681 -0.00282803 -0.00458681  -0.0222257  -0.0126162 -0.00531041   1.54749 0.0470779  -9.68605 
               128.2 3.51355 14.9301  -60.71 -0.0139433   0.451814    1.29231 0.177135 0.159029 0.391158 -0.00770396  -0.0246367   0.0377102 -0.0206886  0.0265045  0.0757552 0.000203713 -0.00271205 -0.00442659  -0.0241137  -0.0112954 -0.00470657  1.54632 0.051859 -9.68621 
               128.3   2.8488  15.0023 -60.8706 -0.0296889   0.455479    1.30752 0.176491 0.153735  0.38159 -0.00742889  -0.0246017   0.0375257 -0.0562708  0.0570908    0.10138  0.00077845 -0.00280436 -0.00426477  -0.0241413  -0.0104957 -0.00477429   1.54528 0.0527794  -9.68637 
               128.4  3.27893  14.6599 -60.7075 -0.036513  0.458674   1.31121 0.172607 0.157444 0.368488 -0.00725667  -0.0245396   0.0374365 0.00176047 0.00906523  0.0523088  0.00125369 -0.00350829 -0.00432395  -0.0250708  -0.0101401 -0.00461438   1.54488 0.0540168  -9.68643 
               128.5  3.65075  14.4441 -61.3315 -0.025304  0.443235   1.31446 0.182149 0.147857 0.400927 -0.0073613 -0.0243309  0.0374832  0.0141563 -0.0292407  0.0519959 0.000922678   -0.003178 -0.00459547  -0.0254209  -0.0112618 -0.00491595   1.54343 0.0503971  -9.68668 
             128.599  3.88016  14.1239 -61.5064 -0.0189807   0.439998     1.3127 0.182639 0.155237 0.411056 -0.00743567  -0.0242527   0.0374903 0.00404628 -0.0304577  0.0192989 0.000697235 -0.00283693 -0.00464224  -0.0266855  -0.0118738 -0.00478339    1.5436 0.0495641  -9.68666 
             128.699  3.55766  14.8156 -62.1883 -0.0331024    0.44467     1.3156 0.178528 0.154609 0.384698 -0.00733414  -0.0243564   0.0374607 -0.0671609 0.00978025  0.0131329 0.000750871 -0.00240101 -0.00464715   -0.026075   -0.010761 -0.00471377  1.54375 0.051909 -9.68662 
               128.8  3.47648  16.4527 -62.3543 -0.0468919   0.452124    1.31817 0.176137  0.15516 0.373413 -0.00731249  -0.0243972   0.0374248 -0.115657  0.051852 0.0117443 0.000864443 -0.00253897 -0.00432431  -0.0256111  -0.0103185 -0.00465183   1.54413 0.0530358  -9.68655 
               128.9  3.5589 17.3592 -62.449 -0.0476918   0.455397    1.31355 0.179387 0.159512 0.401633 -0.00733756  -0.0243418    0.037474 -0.0875076  0.0568568 -0.0429981  0.00126456  -0.0027551 -0.00367741  -0.0267996   -0.011532 -0.00468703  1.54406 0.050715 -9.68658 
                 129  4.63358   17.448 -61.3653 -0.0546668   0.472307     1.3042 0.174045 0.166233  0.41357 -0.00725189  -0.0242978   0.0374473  -0.0660551 -0.00448341   -0.134602  0.00105946 -0.00309225 -0.00423925  -0.0258011  -0.0122263 -0.00452273   1.54606 0.0509873  -9.68626 
               129.1  4.60623  17.7134 -62.1521 -0.0435317   0.466802    1.30016 0.178284 0.156659 0.459952 -0.00727514  -0.0242858   0.0373931  -0.0309382 -0.00315103   -0.119553 0.000959163 -0.00292398 -0.00466172  -0.0243022  -0.0141623 -0.00481919    1.5463 0.0473939  -9.68624 
               129.2  3.97299  18.2759 -62.7534 -0.0682654   0.482463     1.3038 0.171654 0.146523 0.394556 -0.00720192  -0.0243534   0.0373991 -0.103651 0.0481592 -0.109209 0.000878507 -0.00221318 -0.00524313  -0.0207429  -0.0110928 -0.00444208   1.54722 0.0530234  -9.68606 
               129.3  4.17734  18.3772 -63.0806 -0.101713  0.502431   1.29574 0.171766 0.135861 0.377241 -0.00716482  -0.0243956   0.0374024  -0.151528    0.13281 -0.0449008 0.000625279 -0.00220632 -0.00512037 -0.0186247  -0.010099 -0.0044122   1.54725 0.0543279  -9.68605 
               129.4  2.11969  17.9133 -65.4626 -0.125115    0.5117    1.3004 0.175004 0.112564 0.345351 -0.00700093  -0.0244833   0.0373537 -0.0442616   0.129409 -0.0799508 0.000630683 -0.00346734 -0.00482955   -0.014798  -0.0082608 -0.00441902    1.5467 0.0561443  -9.68613 
               129.5  2.43912  17.8334 -63.0436  -0.1313 0.513822  1.31598  0.182284 0.0713342  0.349255 -0.00691788  -0.0245873   0.0373649  -0.088425  0.0643071 -0.0614561 1.78025e-05 -0.00308767 -0.00464601 -0.00788653    -0.00776 -0.00466549  1.54636  0.05517 -9.68619 
               129.6 0.897992  17.6543 -65.0213 -0.139004  0.504527   1.30985  0.187526 0.0791687  0.379592 -0.00691389   -0.024579   0.0373046 -0.202101 0.0277846 0.0606145 -0.000295368  -0.00226732  -0.00281119   -0.011144 -0.00903315 -0.00494938   1.54497 0.0522295  -9.68642 
               129.7 0.178752  18.3166 -62.6464 -0.158284  0.507028   1.32143  0.189419 0.0768686  0.381738 -0.00690223  -0.0245946   0.0373128  -0.19951 0.0318409  0.149186  7.3382e-05 -0.00242577 -0.00449154  -0.0105822 -0.00878981 -0.00492378   1.54512 0.0521196   -9.6864 
               129.8 -0.878052   19.1065  -63.2854 -0.170042   0.50131   1.32265 0.189008 0.092971 0.392835 -0.00687761  -0.0246037   0.0373776 -0.173731 0.0231736  0.108093 -3.92557e-05  -0.00292782  -0.00530114   -0.014691 -0.00981219 -0.00500086   1.54414 0.0508983  -9.68656 
               129.9 -1.59653  19.3283 -63.6023 -0.179605  0.492407   1.33432  0.195471 0.0853406  0.405494 -0.00687284  -0.0245675   0.0373933 -0.132223 0.0130095   0.11502 0.000702345  -0.0027664 -0.00638355  -0.0146311  -0.0101401 -0.00513201  1.54315 0.049101 -9.68673 
                 130 -3.04777  18.8608 -66.2325 -0.171893  0.487767   1.33545 0.196816  0.10165 0.424571 -0.00689722  -0.0244518   0.0374235 0.0251485 0.0127866  0.109076  0.00202896 -0.00312966 -0.00600121  -0.0184397  -0.0114666 -0.00526155   1.54255 0.0471687  -9.68684 
               130.1 -3.02523  20.1398 -70.0319 -0.152976  0.494625   1.34642 0.198002 0.105296 0.459492 -0.00727687   -0.024576   0.0372508 0.0960168 0.0182238  0.083057  0.00154382 -0.00326091  -0.0053965  -0.0180388  -0.0123553 -0.00523751    1.5437 0.0454914  -9.68666 
               130.2 -2.48522  19.9589 -71.6476 -0.149072  0.503459   1.35163 0.195325  0.11283 0.454718 -0.00726251  -0.0246722   0.0372368 0.0410986 0.0640735 0.0727665  0.00069862  -0.0024543 -0.00601793 -0.0190331 -0.0123155 -0.0051999   1.54394 0.0461303  -9.68662 
               130.3 -2.80606  20.7772 -72.9429 -0.136486  0.517358   1.35944  0.19459 0.114281 0.482875 -0.00744899  -0.0247195   0.0370389  0.0097106 0.00539711  0.0140683 0.000889417  -0.0023358  -0.0051297 -0.0178914 -0.0130788 -0.0051329   1.54535 0.0450441   -9.6864 
               130.4 -4.37173  21.8294 -76.5345 -0.130345  0.524764    1.3588 0.190441 0.118788 0.495715 -0.00756824  -0.0249005   0.0368866  0.0457517 -0.0490743 -0.0297787  0.00127659 -0.00264989 -0.00428037  -0.0171756  -0.0133793 -0.00499618   1.54674 0.0452967  -9.68618 
               130.5 -6.90497  23.1691 -82.3053 -0.112908  0.524512   1.32895 0.174292 0.169798  0.53557 -0.00789679  -0.0247105   0.0369579 -0.00605746  -0.0124462  -0.0885561 -6.8574e-05 -0.00159375  -0.0049905  -0.0259697  -0.0179147 -0.00518534   1.54719 0.0430006  -9.68611 
               130.6 -6.43448  25.0322 -83.5555 -0.112199  0.527757   1.33254 0.180268 0.158849  0.54963 -0.00811523  -0.0248155   0.0368582 -0.0795799  0.0470746  -0.080801  -0.00144456 -0.000584851  -0.00605653   -0.023337  -0.0174786 -0.00515922   1.5479 0.042086 -9.68601 
             130.699 -9.74804  26.4159  -85.834 -0.107282  0.561735   1.33939 0.185452 0.141745 0.602483 -0.0085763  -0.024929  0.0365024  -0.141896   0.271081 0.00350341 -3.72826e-05 -0.000654895  -0.00467107  -0.0179234   -0.017863 -0.00498435  1.55035 0.039671 -9.68563 
               130.8 -10.2821  29.0229 -86.9368 -0.0983459   0.575265    1.35659 0.198209 0.112347 0.641395 -0.00870617  -0.0249636   0.0363984 -0.0668063   0.270231  0.0485921 0.000961491 -0.00215511 -0.00385265  -0.0114445  -0.0166151 -0.00470538    1.5517 0.0377313  -9.68542 
               130.9 -9.00634  28.2845 -86.3547 -0.111076  0.606478   1.37268 0.215277 0.082002 0.657271 -0.00876643  -0.0250352   0.0363434  -0.130463   0.203405 -0.0424035 0.000632112 -0.00252134  -0.0047978 -0.00605676  -0.0148047 -0.00452997   1.55183 0.0361243   -9.6854 
                 131 -11.2977  24.8413 -89.5969 -0.105866  0.602194   1.36499  0.211158 0.0973223  0.670803 -0.00881505  -0.0250694   0.0361936  -0.120506   0.164532 -0.0727081 2.69344e-05 -0.00310889 -0.00534609 -0.00944707  -0.0171095 -0.00490858   1.55125 0.0343315   -9.6855 
               131.1  -11.278  24.3552 -89.9882 -0.11954 0.614419   1.3483  0.212236 0.0975915  0.694386 -0.00874761  -0.0251304   0.0361585  -0.176745  0.0165497 -0.0678884 -0.000314117   -0.0029966  -0.00548832 -0.00956597  -0.0182429 -0.00502073   1.55128 0.0324949   -9.6855 
               131.2 -17.2265  26.0813 -95.2867 -0.120632  0.595105   1.33761  0.23073 0.102843 0.686773 -0.0088928 -0.0252536  0.0362984  -0.113058  0.0647342 -0.0250572 0.000771554 -0.00179596 -0.00462233  -0.0130774  -0.0193333 -0.00568939   1.54886 0.0286459   -9.6859 
               131.3 -18.8176  28.7708 -97.2535 -0.112249  0.597864   1.34343 0.241524 0.088878  0.72311 -0.00891279  -0.0253838   0.0363299 -0.0785121   0.114444  0.0208492 0.000885004 -0.00159249  -0.0043532  -0.0102103  -0.0192369 -0.00556325   1.54934 0.0259667  -9.68583 
               131.4 -19.0186  28.9959  -98.335 -0.112447  0.596638   1.34201  0.249821 0.0905121  0.721889 -0.00894003   -0.025462   0.0363851  -0.0557012    0.133809 -0.00554184 0.000684944  -0.0014869 -0.00461201  -0.0115754  -0.0199454 -0.00586949   1.54831 0.0239991    -9.686 
               131.5  -19.994  30.8754 -100.203 -0.105266  0.574977   1.34895 0.281466 0.069123 0.717078 -0.00899689  -0.0255477   0.0364276 -0.0027119  0.0443882 -0.0208733 0.000907071  -0.0035758  -0.0051576 -0.00959223  -0.0181456 -0.00599865    1.5466 0.0205999  -9.68628 
               131.6 -20.5437  29.0081 -101.673 -0.100994  0.560532   1.33399  0.284234 0.0779983  0.709083 -0.00900557  -0.0255729    0.036414 -0.00724229  -0.0422299    -0.11728 0.000630709 -0.00358429 -0.00581594  -0.0124783  -0.0198167 -0.00649384   1.54529 0.0188638   -9.6865 
               131.7 -24.2769  25.7438  -105.75 -0.101161  0.555651    1.3245 0.284342 0.073959 0.741255 -0.00909066  -0.0256636   0.0364902  -0.103868 -0.0893336 -0.0995191 -0.00066375 -0.00324093 -0.00689663  -0.0111151  -0.0205058 -0.00639819   1.54595 0.0172985  -9.68639 
               131.8 -27.0573  22.0084 -109.639 -0.0977944   0.558805    1.32167  0.280809 0.0708888  0.770295 -0.0091841  -0.025842  0.0366169  -0.150893 -0.0505599  -0.102769 -0.00153634 -0.00290444 -0.00644131 -0.00986604  -0.0212215 -0.00625647   1.54668 0.0163801  -9.68628 
               131.9 -29.3054  19.7149 -111.163 -0.11698 0.560839   1.3067  0.276661 0.0666928  0.797865 -0.00917779  -0.0262059   0.0368409  -0.204083 -0.0461506  -0.113408 -0.000983884  -0.00228404  -0.00568964 -0.00824933  -0.0213508 -0.00599385   1.54761 0.0161354  -9.68613 
                 132 -33.0773  18.0329 -114.544 -0.110996  0.558012   1.32077  0.311408 0.0291775  0.829076 -0.00904313  -0.0265754   0.0369193  -0.160059 -0.0464952 -0.0769796 2.39609e-05 -0.00209246 -0.00533063 -0.000715686   -0.0156571  -0.00508998  1.54864 0.014717 -9.68597 
               132.1 -33.5981  17.2949 -115.807 -0.130126  0.559034   1.31146  0.318047 0.0187551  0.855258 -0.00904009  -0.0267705   0.0369836  -0.211924  0.0185896 -0.0921948  2.2367e-05 -0.00184271 -0.00476839  0.00180612  -0.0145908 -0.00477917   1.54937 0.0138256  -9.68585 
               132.2 -35.4397  16.9372 -117.714 -0.120446  0.567068   1.31333 0.325556 0.002893 0.913637 -0.00901544  -0.0267673   0.0368661  -0.208798  0.0604995 -0.0761815 -0.000333221  -0.00164887   -0.0047205  0.00612679  -0.0133104 -0.00422367   1.55098 0.0120032   -9.6856 
               132.3 -36.4993  17.0169 -118.787 -0.148757  0.591345   1.29487   0.313509 0.00793864    0.93782 -0.00901981  -0.0267424    0.036804  -0.257412   0.189141 -0.0650978 -5.05545e-05  -0.00186608  -0.00422759  0.00573338  -0.0155532 -0.00429741   1.55147 0.0111926  -9.68552 
               132.4 -36.0181  17.7558  -118.28 -0.163892  0.631085   1.29431    0.312111 -0.00564791    0.990651 -0.00901416  -0.0263513   0.0366047   -0.24645   0.275877 0.00113817 0.000240508 -0.00158289  -0.0040096  0.00921436  -0.0145864 -0.00373024   1.55275 0.0107083  -9.68532 
               132.5 -34.8886  18.9086  -116.82 -0.159428  0.628693   1.30169    0.348442 -0.00482844    0.982793 -0.00892098  -0.0265081   0.0366246  -0.184731   0.265093 0.00324298  0.00076331 -0.00198981 -0.00349918  0.00938221  -0.0121102 -0.00391312   1.55273 0.0072757  -9.68532 
               132.6 -32.4751  19.3725 -114.538 -0.146364  0.650559   1.29917    0.349628 -0.00897535     1.02451 -0.00870102  -0.0262111   0.0364646 -0.105476  0.239308 -0.028165 0.000902843 -0.00242804 -0.00311696   0.0110506  -0.0130972 -0.00378809   1.55361 0.0048946  -9.68518 
               132.7 -31.8594  20.7069 -112.593 -0.143055   0.65024   1.29528      0.35772 -0.000640486      1.00513 -0.00856907  -0.0264694   0.0364494 -0.0297986   0.155026 -0.0515859  0.00145139 -0.00321929 -0.00282709  0.00950501  -0.0137318 -0.00414409    1.55329 0.00356765   -9.68523 
               132.8 -30.2006  21.3307 -111.456 -0.15457 0.647496  1.29336  0.382218 0.0080516  0.958345 -0.00859117  -0.0267459   0.0365325 -0.0457698   0.158039 -0.0572613  0.00114098 -0.00295519 -0.00310978  0.00737081  -0.0115721 -0.00451195    1.55243 0.00298222   -9.68537 
               132.9 -29.5004  21.4101 -112.042 -0.154562  0.656419   1.29205    0.39273 0.00715622   0.960738 -0.00860985  -0.0266727   0.0365078 -0.0476755   0.155052 -0.0486986 0.000894381  -0.0028366 -0.00386152  0.00774243  -0.0105634 -0.00449958    1.55258 0.00211218   -9.68535 
                 133 -28.5614  21.1192 -112.717 -0.1537 0.64539 1.28615  0.408958 0.0183996  0.929102 -0.00850617   -0.026525   0.0364954 -0.0473742  0.0989514 -0.0927285 0.000639908 -0.00209436  -0.0045788  0.00539944  -0.0108809 -0.00502441     1.55186 0.000135446    -9.68546 
               133.1 -29.0997  21.4507  -115.23 -0.148195  0.642726   1.27643  0.420281 0.0181474  0.936997 -0.00858237  -0.0264376   0.0364549  -0.108963  0.0367364 -0.0945921 0.000784405 -0.00179978 -0.00475035 0.00587273 -0.0106171 -0.0050794    1.55212 -0.0017281   -9.68542 
               133.2 -29.3711  22.8991 -117.511 -0.141106  0.624691   1.26982  0.442423 0.0219143  0.931107 -0.00872991  -0.0261728   0.0365403 -0.112113 0.0540106  -0.11433 0.000388392 -0.00145535 -0.00469316  0.00540097  -0.0101829 -0.00537153     1.55197 -0.00477202    -9.68544 
               133.3 -29.5473  24.9544 -118.439 -0.140189  0.611346   1.27628  0.474043 0.0167478  0.916171 -0.00893651  -0.0259994   0.0366873 -0.0496932 0.00964546 -0.0881639  0.00165779 -0.00123685 -0.00338957  0.00604284  -0.0060523 -0.00530558     1.55163 -0.00566798     -9.6855 
               133.4  -28.948  24.3609 -118.564 -0.10251 0.600546  1.29388  0.526158 0.0088478   0.90241 -0.00911384  -0.0260272   0.0366676  0.303645  0.107875 0.0503305   0.00169358 -0.000412758  -0.00259856  0.00790908  0.00131096 -0.00504283     1.55198 -0.00702857    -9.68544 
               133.5 -28.1403  30.4372 -118.688 -0.0984018   0.578812     1.2881   0.52864 0.0257133  0.868348 -0.00905241  -0.0259394   0.0370924  0.231837 0.0491904 0.0399643 -8.20988e-05   -0.0018851  -0.00318963  0.00311791 -0.00163956 -0.00593693     1.54985 -0.00894091    -9.68578 
             133.601 -26.7399  31.5623 -116.523 -0.0876222   0.581501    1.31578   0.575287 0.00381861   0.857113 -0.00950469  -0.0259829   0.0370569  0.135039  0.127216 0.0585146 -0.000735719   -0.0018238  -0.00352091   0.0068707  0.00671396 -0.00535064      1.5499 -0.00857534    -9.68577 
             133.699  -26.725  32.5222 -113.752 -0.0897062   0.587865    1.33482   0.608695 0.00425563   0.785683 -0.00991028  -0.0270596   0.0369225 0.0721092  0.257128  0.118414 -0.000778478  -0.00055729  -0.00303732  0.00338577  0.00984237 -0.00593302     1.54641 -0.00870869    -9.68633 
               133.8 -27.8743  37.5356 -112.679 -0.108787  0.548647   1.32287  0.625314 0.0307444  0.702265 -0.0100185 -0.0277784   0.036848 0.0192278  0.134849 0.0859622 -0.000346078  -0.00126247  -0.00331629 -0.00544562  0.00843971 -0.00736772     1.54194 -0.00974974    -9.68704 
               133.9 -28.4701  37.7151  -113.11 -0.104098  0.550925   1.32568  0.624229 0.0489739  0.681445 -0.00993426  -0.0280027   0.0369347 0.0605783  0.184066  0.115017 -0.000205566  -0.00132821  -0.00305193  -0.0104123  0.00556351 -0.00823241    1.53997 -0.0113638   -9.68736 
                 134 -28.1859  40.4366 -111.763 -0.107235  0.566409   1.33253   0.63191 0.0614231  0.652336 -0.00989277  -0.0278919   0.0369402 0.0644319  0.316841 0.0938466 -0.000425346 -0.000139295  -0.00413697  -0.0138974  0.00513854 -0.00881496    1.53853 -0.0119815   -9.68758 
               134.1  -30.032  44.5781 -113.911 -0.104691  0.573866   1.32776 0.632638 0.085347 0.629841 -0.00985646  -0.0277606    0.037123 0.0968724  0.344194  0.054856 -0.000122428 -0.000611425  -0.00419277  -0.0192653  0.00348722 -0.00968669    1.53719 -0.0127805   -9.68779 
               134.2 -32.4999  46.8686 -115.116 -0.102038  0.607077   1.32565  0.639005 0.0987169  0.592774 -0.00980569   -0.027634   0.0371355  0.0768178   0.298263 -0.0569328 0.000405591 -0.00139583 -0.00356047 -0.0220824 0.00421393 -0.0100424    1.53663 -0.0119995   -9.68789 
               134.3 -31.3427  48.4282 -112.432 -0.0989459   0.623477    1.31469  0.653728 0.0950003  0.576501 -0.00979963  -0.0276228   0.0370547 0.0334714   0.28234 -0.166301 0.000373894 -0.00225786 -0.00362292 -0.0220338 0.00566881  -0.010087    1.53595 -0.0125304   -9.68799 
               134.4 -28.4634  49.2034 -110.278 -0.0992493   0.611171    1.30953   0.70179 0.0625832  0.543957 -0.00963601  -0.0274665   0.0368664 0.0224014  0.184835 -0.180416 0.000198111 -0.00214947 -0.00390794  -0.0179465   0.0108067 -0.00966182   1.53418 -0.014589  -9.68827 
               134.5  -27.644  48.9143 -108.873 -0.106232  0.603855   1.29557  0.735469 0.0508275  0.498741 -0.00938996  -0.0273083   0.0366293 0.0178285 0.0972632 -0.163686 0.000952293 -0.00227376 -0.00377978  -0.0165352   0.0152006 -0.00940887    1.53336 -0.0146816    -9.6884 
               134.6 -27.6286  50.4552  -109.16 -0.112771  0.601867   1.29112  0.765455 0.0308516  0.464681 -0.00920283   -0.027157   0.0365774 -0.0291424   0.195009 -0.0784304 0.000886772 -0.00235194 -0.00358774  -0.0135044   0.0192437 -0.00892082    1.53275 -0.0148628   -9.68849 
               134.7 -25.7384  50.5355 -107.044 -0.11505 0.600727  1.29983    0.80068 -0.0215125   0.457514 -0.00895044  -0.0270222    0.036543 -0.0893017   0.280811 -0.0369418  0.00044747 -0.00150494 -0.00388393 -0.00544251   0.0231252 -0.00791084    1.53157 -0.0168441   -9.68868 
               134.8 -24.5542  51.1537  -105.89 -0.122333  0.604883   1.29387     0.8202 -0.0172898    0.44922 -0.00884025  -0.0268429   0.0363423  -0.114634   0.255011 -0.0234791 0.000533544 -0.00207082 -0.00380078 -0.0075701  0.0241821 -0.0084714    1.53009 -0.0186894   -9.68891 
               134.9 -22.5526  51.0553 -103.535 -0.122443  0.580587   1.30721   0.866215 -0.0872314   0.439476 -0.00855861  -0.0266867   0.0362361 -0.0798669  0.0894322 -0.0615992  0.00103052 -0.00313726 -0.00363673 0.00276527   0.028682 -0.0072605     1.5281 -0.0217618   -9.68922 
                 135 -20.3092  50.7661  -101.16 -0.121779  0.561188    1.3075  0.888038 -0.108795  0.431545 -0.00841888  -0.0266054   0.0361123 -0.0646217  0.0243345 -0.0944085 0.000973067  -0.0038656 -0.00350698  0.00539609   0.0305321 -0.00706358    1.52691 -0.0233484    -9.6894 
               135.1 -18.9261  49.7298 -99.8401 -0.123649  0.556336    1.2971  0.888924 -0.101297  0.439271 -0.0083966 -0.0265801  0.0359774  -0.0447289 -0.00139908 -0.00524545 0.000876302 -0.00358177  -0.0034995  0.00346401   0.0299452 -0.00748991    1.52632 -0.0241921   -9.68949 
               135.2 -15.6103  47.4576 -97.2508 -0.132357  0.543429   1.29572   0.903835 -0.0957794   0.408922 -0.00826504  -0.0265052   0.0357977 -0.000487824   -0.0866404    0.0273432  0.00126532 -0.00390574 -0.00354868  0.00223229   0.0318605 -0.00762491    1.52596 -0.0239754   -9.68955 
               135.3 -12.8312  46.4905 -95.3865 -0.133506  0.533154   1.28255   0.897976 -0.0548696    0.39699 -0.00841532  -0.0266104   0.0356408 0.0492801 -0.145917 -0.027253   0.0008819 -0.00428982 -0.00371431 -0.0046812  0.0313157 -0.0085164    1.52619 -0.0231127   -9.68951 
               135.4 -11.9598  43.9822 -93.9994 -0.128533  0.521476   1.27839   0.892508 -0.0351252   0.399614 -0.00850201  -0.0266067   0.0355812 0.0377796 -0.148403 0.0456735 0.000458501  -0.0043604 -0.00285947  -0.0080057     0.03066 -0.00894641    1.52633 -0.0228547   -9.68949 
               135.5 -10.0677  41.1771 -90.8614 -0.124959  0.494064   1.28425   0.892943 -0.0278152   0.403477 -0.00851505  -0.0266031   0.0354783 0.0486674 -0.163424 0.0755989 0.000699987 -0.00337886 -0.00354845 -0.00965536   0.0305031 -0.00920141    1.52601 -0.0231309   -9.68954 
               135.6 -7.10635  36.4941 -90.0543 -0.127306  0.492251   1.28682   0.890487 -0.0164194   0.390206 -0.00857453  -0.0266418   0.0355803  0.073529 -0.173799  0.069451   0.0015508 -0.00377874 -0.00445455  -0.0108363   0.0309263 -0.00917594    1.52673 -0.0219959   -9.68943 
               135.7 -5.97056   34.845 -90.1016 -0.109415  0.467011   1.28979    0.886172 -0.00358662    0.386383 -0.00864804  -0.0266973   0.0356491   0.193508   -0.36456 -0.0313885  0.00146073 -0.00370535  -0.0044852  -0.0123642   0.0308739 -0.00923776   1.52739 -0.021232  -9.68933 
               135.8  -4.6738  32.2421 -90.8202 -0.11045  0.48862  1.29079  0.874975 0.0215877  0.371793 -0.00868933  -0.0269791   0.0357357   0.187961  -0.347608 -0.0406093 0.000857238 -0.00425773 -0.00415301  -0.0135465    0.031204 -0.00894456    1.53026 -0.0187288   -9.68888 
               135.9  -4.9753  30.7098 -90.9234 -0.0972311   0.455271    1.27154  0.866799 0.0558723  0.346203 -0.00864064  -0.0270903   0.0358991   0.117463  -0.193955 -0.0144619 0.000890656 -0.00313895   -0.003991  -0.0178394   0.0318912 -0.00905598    1.53179 -0.0160742   -9.68865 
                 136  -5.9571  31.8529 -91.8282 -0.103697  0.491012   1.28176  0.853986 0.0769187  0.298371 -0.00817359  -0.0272883   0.0351673  0.0806043 -0.0503416   0.037852 0.000884846 -0.00200933 -0.00395422  -0.0164841   0.0332785 -0.00830903    1.53614 -0.0115255   -9.68796 
               136.1 -3.84299  31.0442 -92.7181 -0.0962709   0.493426    1.27521  0.850203 0.0957332  0.292713 -0.00800966  -0.0273278   0.0351582   0.126366 -0.0779368 -0.0251053 0.000410457 -0.00260375 -0.00417951  -0.0191453   0.0333773 -0.00834335   1.53675 -0.010617  -9.68787 
               136.2  -4.5449  30.8995 -92.9411 -0.0962702   0.508624    1.27359 0.843182 0.107027 0.259987  -0.007693 -0.0273695  0.0348664    0.140702  -0.0731474 -0.00886238   0.0011591 -0.00295043 -0.00416924  -0.0189032   0.0343907 -0.00799599    1.53864 -0.0077506   -9.68757 
               136.3 -4.64046  30.4896 -94.0701 -0.10403 0.513548  1.27501 0.838239 0.111677 0.232568 -0.00740995  -0.0273841   0.0347237   0.013367 -0.0362695  0.0192996 0.000579074 -0.00261216 -0.00407815  -0.0187303   0.0353054 -0.00775092     1.53947 -0.00546162    -9.68744 
               136.4 -3.72866  32.5032 -92.8823 -0.110195  0.523033   1.27761 0.833261 0.112439 0.207451 -0.00731529  -0.0273354   0.0344811   0.0843658  -0.0457454 -0.00728695 0.000995058 -0.00242137 -0.00328023  -0.0178493    0.036092 -0.00752948      1.5403 -0.00336116    -9.68731 
               136.5 -3.45426  34.1416 -91.5749 -0.117109  0.528374   1.27161 0.827713 0.118416 0.183161 -0.0072022 -0.0272383  0.0342927  0.0756922 -0.0801607 -0.0447569  0.00150672 -0.00250443 -0.00269716  -0.0182505    0.036856 -0.00732959     1.54085 -0.00118955    -9.68722 
               136.6 -1.43311   35.763 -90.5786 -0.112552  0.521577    1.2677 0.828628 0.109843  0.17924 -0.00737981  -0.0273214   0.0344723   0.130019  0.0744661 0.00291219  0.00114674 -0.00181132 -0.00308553   -0.017837   0.0371165 -0.00739321     1.53986 -0.00104139    -9.68738 
               136.7 0.145219  37.6568 -88.5308 -0.112296  0.532518   1.27913    0.8277 0.0969042  0.167843 -0.00759329  -0.0272846   0.0343351 0.0852867  0.141868  0.065586  0.00116308 -0.00123306 -0.00436507  -0.0153649   0.0374077 -0.00736234      1.53995 -0.000412636     -9.68737 
               136.8 0.885643  39.4589 -89.1628 -0.118197  0.528208   1.28206  0.829579 0.0862757  0.161276 -0.00772465  -0.0273315   0.0345023 0.0739351  0.101893 0.0649154  0.00065692 -0.00207092 -0.00407272  -0.0149132   0.0378566 -0.00744386      1.53867 -0.000178572     -9.68757 
               136.9  1.31841   39.403 -88.9834 -0.115471  0.542461    1.2913 0.829073 0.078831 0.148219 -0.00777757  -0.0273189   0.0345561 0.0231744   0.11194 0.0413134 0.000619959 -0.00191283 -0.00417833  -0.0139976   0.0382767 -0.00742021     1.53829 0.000572502    -9.68763 
                 137  3.57709  41.8678 -86.8198 -0.12881  0.54527   1.3148  0.825173 0.0356588  0.113554 -0.00813083  -0.0271952   0.0343651 -0.027048   0.16242  0.089788 0.000374416 -0.00100487 -0.00412207 -0.00612508   0.0383027 -0.00724251     1.5383 0.00193716   -9.68763 
               137.1  3.37751  42.6641 -86.7995 -0.139801  0.568013   1.32033  0.829951 0.0421318  0.127465 -0.00806583  -0.0272497   0.0345419 -0.104906  0.288147  0.134861 0.000699567 -0.00123911 -0.00414381 -0.00926102   0.0384535  -0.0074991     1.53663 0.000996609    -9.68789 
               137.2  4.75583  43.2912 -86.9394 -0.147702  0.567641   1.32359  0.834122 0.0408888   0.13648 -0.00801543  -0.0271817   0.0344992 -0.129508  0.183931  0.114991 0.000916385  -0.0021538 -0.00437959   -0.010737   0.0385273 -0.00774679     1.53518 0.000177921    -9.68812 
               137.3 3.70528 43.1244 -87.329 -0.157887  0.577881   1.32329  0.838974 0.0505232  0.143078 -0.00789909  -0.0271004   0.0343866  0.0253444   0.117777 0.00553434  0.00215891 -0.00207109  -0.0042092  -0.0138341   0.0389505 -0.00798687      1.53403 -0.000347229      -9.6883 
               137.4  8.09459  46.0769 -86.9472 -0.162092   0.56096   1.31859  0.845785 0.0376433  0.151994 -0.00786937  -0.0268361   0.0344882 0.00780625   0.106987 -0.0147942  0.00167614 -0.00112266 -0.00381932  -0.0146286   0.0390299 -0.00839797     1.53135 -0.00159486    -9.68873 
               137.5  8.70772  46.4239 -88.2681 -0.158449  0.591447   1.31703  0.846996 0.0418771  0.155623 -0.00782321  -0.0268432   0.0345303 0.0370138  0.257015 0.0377703  0.000625902 -0.000628355  -0.00288574  -0.0155786   0.0391445 -0.00846379      1.5312 -0.00176243    -9.68875 
               137.6  12.5186  48.7477 -83.4383 -0.172862   0.59176   1.31295  0.857201 0.0326536  0.157246 -0.0079212  -0.026872  0.0344768 -0.0168859   0.215875  0.0243049 -6.6556e-05 -0.00133722 -0.00355334  -0.0172424   0.0402471 -0.00895541     1.52831 -0.00242774    -9.68921 
               137.7 12.8137 48.3676 -80.906 -0.163714  0.595692   1.31959  0.854433 0.0173721  0.187976 -0.00782801  -0.0269982   0.0344913  0.040637  0.206697 0.0202522  0.00023249 -0.00185494 -0.00399332  -0.0164003   0.0387568 -0.00925901     1.52667 -0.00414274    -9.68947 
               137.8   12.147  48.4188 -79.8521 -0.160345  0.607717   1.33236   0.849083 -0.0130027   0.189009 -0.00777358  -0.0271397   0.0344601 -0.00215732    0.173529  0.00762318 -1.19995e-05  -0.00207267  -0.00398985  -0.0118886   0.0373584 -0.00911723     1.52583 -0.00462893     -9.6896 
               137.9   11.173  49.3273 -79.1952 -0.164306   0.59715    1.3416   0.846025 -0.0490624   0.198844 -0.00770154  -0.0274452   0.0342353  0.0146057  0.0982198 -0.0164054 -0.000954514   -0.0030792  -0.00378622   -0.007872   0.0360243 -0.00920814     1.52368 -0.00564838    -9.68994 
                 138    8.907  49.3604 -78.1703 -0.163284  0.595099   1.34147   0.844141 -0.0750715   0.202904 -0.00762357  -0.0277116   0.0340201  0.0446467   0.169072 -0.0776891 -0.000238542   -0.0024326  -0.00348824 -0.00496789   0.0351824 -0.00925304     1.52213 -0.00625564    -9.69018 
               138.1  7.85818  49.8935 -76.8707 -0.166025  0.597346   1.34265  0.842868 -0.106998  0.209509 -0.0076428 -0.0281042  0.0337014 -0.0114343   0.249151 -0.0209605 -0.00179676 -0.00182569 -0.00259415 -0.00162388     0.03428 -0.00935648     1.52004 -0.00711029    -9.69051 
               138.2  5.97189  49.9579 -70.9181 -0.158427  0.610701   1.36509   0.82712 -0.148418  0.240398 -0.00748311  -0.0286779   0.0340997 -0.116369  0.314773  0.146691 -0.00120195 -0.00143012 -0.00298807  0.00403054   0.0305715 -0.00936116     1.51851 -0.00884544    -9.69074 
               138.3  5.89363  49.4797 -66.3471 -0.188521  0.638764   1.38706 0.828825 -0.15909 0.220127 -0.0076117 -0.0286573  0.0338746 -0.361054   0.35892  0.248896 -0.00121138 -0.00209269 -0.00305376  0.00625173   0.0309456 -0.00906347     1.51873 -0.00828823    -9.69071 
               138.4  7.36461  44.7809 -64.5406 -0.230176  0.666292   1.41951  0.827669 -0.177532  0.215435 -0.0075179 -0.0287289  0.0338019 -0.337973  0.344625  0.225066 -0.000559035  -0.00314236  -0.00324886  0.00887867   0.0303738 -0.00894301     1.51815 -0.00856863     -9.6908 
               138.5  8.00589  34.7047 -66.4796 -0.233821  0.659655   1.42211  0.831022 -0.169736  0.244955 -0.00726553  -0.0286771   0.0327848 -0.236261  0.216343  0.188301 -1.21377e-05  -0.00418804  -0.00355358  0.00523195   0.0301872 -0.00970926   1.51636 -0.010124  -9.69108 
               138.6  8.41685  32.6432 -65.7529 -0.241215  0.661171   1.44104  0.825426 -0.188292  0.256224 -0.00687871  -0.0286121    0.032683 -0.0812862  0.0375848   0.109564 0.000149601  -0.0055675 -0.00376299  0.00767886   0.0288013 -0.00967159    1.51566 -0.0107888   -9.69119 
             138.699  8.76207  26.9944 -64.9868 -0.22917 0.640802  1.44212  0.825749 -0.184612  0.274804 -0.00680726  -0.0285976   0.0321327   0.161292  -0.241196 -0.0378016 0.000551041 -0.00523846 -0.00380747 0.00587855  0.0284905 -0.0100569     1.5148 -0.0116362   -9.69132 
               138.8  9.82497  22.2643 -63.5961 -0.206005   0.60762   1.42028   0.83184 -0.163627  0.266923 -0.00715927  -0.0287193   0.0322866   0.215178  -0.346114 -0.0982888 0.000402469   -0.003893 -0.00383349 0.00287296  0.0299997 -0.0100712    1.51539 -0.0110155   -9.69123 
               138.9  9.94122  21.9114 -61.9572 -0.17916 0.615354   1.4027  0.832977 -0.127951    0.2621 -0.00724424  -0.0291124   0.0320487   0.251876  -0.287975 -0.0870673 0.000252301 -0.00317097 -0.00376155 -0.000701705    0.0306324  -0.00977186     1.51775 -0.00984124    -9.69086 
                 139   9.7951   21.889 -61.0949 -0.176292  0.617137   1.39458  0.836127 -0.116411  0.256728 -0.00716003  -0.0291826   0.0320152   0.227302  -0.241683 -0.0829835 0.000285325 -0.00225798 -0.00319072 -0.00216229    0.031508  -0.0096387      1.5182 -0.00933495    -9.69079 
               139.1   10.199  21.7326 -60.4789 -0.145121  0.591538   1.38084  0.838233 -0.110018  0.251219 -0.00709112  -0.0292366   0.0320284   0.187655  -0.111942 -0.0610877 0.000127477 -0.00204013 -0.00327776  -0.0028297   0.0321221 -0.00950217     1.51854 -0.00892675    -9.69074 
             139.199  10.8551  21.4965 -57.6853 -0.140221  0.585625   1.36852  0.838947 -0.107043  0.237086 -0.00682417  -0.0292721    0.032086   0.216541 -0.0791793 -0.0940939 0.000290519 -0.00296629 -0.00317917  -0.0029668   0.0333824 -0.00920805     1.51853 -0.00779043    -9.69074 
               139.3  10.0574  19.7862 -56.2527 -0.138746  0.585578   1.35717  0.839002 -0.105341  0.226929 -0.00667081  -0.0292615   0.0320612   0.154096 -0.0510942 -0.0846197 9.20716e-05  -0.0028709 -0.00345497 -0.00293694     0.03418 -0.00898158     1.51855 -0.00699977    -9.69074 
               139.4  9.27992  19.0257 -55.1471 -0.142845  0.590607   1.34665  0.83987 -0.10006 0.212575 -0.00645898  -0.0292292   0.0319527  0.0183298 -0.0605599  -0.015574 -0.000366849  -0.00285152  -0.00383661 -0.00282724   0.0349521 -0.00863363     1.51914 -0.00604474    -9.69065 
               139.5  9.19467  17.4324 -54.7816 -0.146244  0.589256   1.36785  0.829956 -0.111697  0.200978 -0.00662275  -0.0292864   0.0317823 -0.0111099  -0.037416  0.0332066 -0.000418479  -0.00275606  -0.00406908  0.00014659   0.0329965 -0.00909122     1.51969 -0.00581313    -9.69056 
               139.6  7.80293  17.3091 -54.9233 -0.158093  0.594017   1.36824  0.827314 -0.109936  0.185408 -0.00642378  -0.0293711   0.0316586  0.0300818 -0.0616924 -0.0140504 0.000455173 -0.00360485 -0.00417035 0.000834306   0.0332356 -0.00893158     1.52012 -0.00487466     -9.6905 
               139.7  8.06628  16.0176 -54.9395 -0.155992  0.577797    1.3675  0.824072 -0.114369  0.184182 -0.0064084 -0.0293538  0.0316501   0.085176  -0.151936 -0.0683004 0.000471356 -0.00402203 -0.00448165  0.00135169   0.0328586 -0.00908474     1.51985 -0.00486731    -9.69054 
               139.8  7.93662  15.6598 -55.1061 -0.148291  0.568476   1.35441  0.825752 -0.109799  0.178389 -0.00629925  -0.0294252   0.0316495   0.141054  -0.138899 -0.0679267   0.0010145 -0.00444013 -0.00449378  0.00112497   0.0334403 -0.00881679     1.52015 -0.00441722    -9.69049 
               139.9  8.57705  12.5554 -55.6415 -0.131533  0.555131   1.34782  0.825939 -0.110435  0.181014 -0.0063109 -0.0293886  0.0316308   0.178274  -0.126775 -0.0684686  0.00104496 -0.00314785 -0.00426968 0.000995769   0.0333684  -0.0088674     1.52004 -0.00459436    -9.69051 
                 140  8.84601  11.2837 -55.9664 -0.118663  0.557085   1.33685  0.828825 -0.104895  0.173758 -0.00632977  -0.0295068    0.031657   0.204279  -0.118765 -0.0640497 0.000918202 -0.00303794  -0.0042422  0.00101378   0.0338402 -0.00851221      1.5207 -0.00414062     -9.6904 
               140.1  9.51073  11.6018 -55.7933 -0.123774  0.563112   1.33831  0.825022 -0.104677  0.161447 -0.00629172  -0.0296161   0.0316459   0.180335  -0.106993 -0.0520324 0.000479709 -0.00338423 -0.00461859  0.00204543   0.0335533 -0.00853693     1.52117 -0.00340574    -9.69033 
               140.2 9.38742 11.5058 -55.776 -0.102961  0.550917   1.34005   0.82137 -0.105453  0.153456 -0.0062746 -0.0296719  0.0316301   0.13832 -0.107504 0.0232404 0.000465005 -0.00334548 -0.00468582  0.00281224   0.0332416 -0.00864052     1.52139 -0.00291345     -9.6903 
               140.3  8.93911  9.65779 -56.2897 -0.0974185   0.547319    1.34642  0.817384 -0.105194  0.144184 -0.00627629  -0.0297034   0.0316179   0.0977707   -0.107026 -0.00159336 0.000398693 -0.00302767 -0.00431861 0.00359346  0.0327299 -0.0088334     1.52177 -0.00241715    -9.69024 
               140.4  8.92368  8.85544 -56.2088 -0.0969515   0.541141    1.34392  0.814596 -0.105357  0.139126 -0.00626554  -0.0297294   0.0315925  0.0913687  -0.132101 -0.0315308 0.000875646 -0.00292326 -0.00408225  0.00400634   0.0327368 -0.00883535     1.52177 -0.00194868    -9.69024 
               140.5  9.87407   9.9789 -56.0968 -0.0925466   0.531274    1.34577  0.809816 -0.105883  0.132851 -0.00628678   -0.029732   0.0315225   0.142588  -0.106369 -0.0117654  0.00140581 -0.00360439 -0.00375907  0.00460375   0.0323243 -0.00908314    1.52185 -0.0014654   -9.69022 
               140.6  11.0427  9.98162 -55.1505 -0.0981088   0.533432    1.34017  0.808916 -0.106142  0.130929 -0.00627997  -0.0297587   0.0315225    0.130678  -0.0656307 -0.00221181  0.00205724 -0.00307557 -0.00408911   0.0048074   0.0328575 -0.00882129      1.52165 -0.000984653     -9.69026 
               140.7  12.1666  8.78364 -54.7746 -0.100434  0.543546   1.34823  0.803195 -0.105119  0.117962 -0.00632865  -0.0296705   0.0314883  0.110236 0.0373983 0.0405737  0.00170677 -0.00237514 -0.00425327 0.00578077  0.0321291 -0.0091273      1.52217 -0.000282321     -9.69017 
               140.8  13.6783  8.94614 -54.5148 -0.0925873   0.553092     1.3318  0.809144 -0.105149   0.12129 -0.0063195 -0.0298633  0.0316927   0.183006  0.0598052 0.00164134  0.00136058 -0.00268993   -0.004298    0.005532   0.0340657 -0.00805344     1.52172 0.000117974    -9.69025 
             140.899  14.4189  8.26958 -54.5539 -0.0754106   0.568725    1.32514  0.806743 -0.104818  0.113324 -0.00635134  -0.0298395   0.0317299   0.124647  0.0640333 -0.0475332 0.000471407 -0.00280442 -0.00434141  0.00609898   0.0341749 -0.00795518     1.52186 0.000713654    -9.69022 
                 141  12.3733  9.10335 -55.3133 -0.090321  0.566437   1.31574  0.799585 -0.110907  0.120105 -0.00619135  -0.0298756   0.0314343  0.0549215 0.00202833 -0.0808202 -3.7623e-05 -0.00261948  -0.0045327  0.00622457   0.0346544 -0.00806735    1.52051 0.00128656   -9.69043 
             141.099  11.7398  9.95811 -55.3714 -0.100768  0.558121   1.32121  0.790526 -0.116063  0.126932 -0.00615129  -0.0299077   0.0312469  0.0294271 -0.0289237 -0.0731975 -2.63319e-06   -0.0028792  -0.00445715  0.00623645   0.0341215 -0.00868898    1.51945 0.00149619    -9.6906 
             141.199  11.0141  9.74512 -55.6964 -0.106538  0.553326   1.31352 0.786811 -0.11753 0.126339 -0.0060976 -0.0299686  0.0311164 0.00279338 -0.0278063 -0.0275887 0.000425628 -0.00264793 -0.00426679  0.00645011    0.033963 -0.00886004    1.51919 0.00177526   -9.69064 
               141.3  10.4793   11.442 -55.8534 -0.118944  0.548399   1.31516  0.779881 -0.120661  0.127736 -0.00606625  -0.0300022   0.0309682 -0.0114919 -0.0161186   -0.02613 0.000326024 -0.00261623 -0.00453591  0.00665482   0.0336036 -0.00926963    1.51856 0.00212159   -9.69074 
               141.4 9.51013 11.7438 -56.394 -0.120956   0.54978   1.31553  0.779263 -0.119238  0.123285 -0.00610632  -0.0300168   0.0310058 -0.0544058 -0.0361686 -0.0291202 1.29024e-05 -0.00256041 -0.00477091  0.00684187   0.0332241 -0.00938084    1.51893 0.00217189   -9.69068 
             141.499  7.99552  12.7035 -57.0357 -0.124308  0.561478   1.31455  0.780706 -0.113824  0.106715 -0.00617721  -0.0300552   0.0310905 -0.0836662 -0.0330207 -0.0142205 0.000107925 -0.00304728 -0.00473317  0.00757566   0.0328379 -0.00926406    1.52022 0.00258262   -9.69048 
               141.6  7.20506  13.6737 -57.5772 -0.136949  0.546544   1.32152  0.774126 -0.115559  0.106269 -0.0062146 -0.0301123  0.0310698 -0.0534254    -0.1088 -0.0094383 0.000423623 -0.00352999 -0.00491515   0.0077716   0.0319071 -0.00987596       1.52 0.00267935   -9.69052 
               141.7  6.84391  13.7377 -59.1172 -0.139027  0.548722   1.31908  0.776282 -0.112876  0.100102 -0.00623312  -0.0301308   0.0310661 -0.0147557 -0.0518284  0.0130977 0.000981034 -0.00330947 -0.00473428  0.00802812    0.032087 -0.00963968    1.52054 0.00289259   -9.69043 
             141.799  6.96421  13.1709 -60.8829 -0.136236  0.550791   1.31086  0.783449 -0.109904 0.0989645 -0.00631136  -0.0301484   0.0310212  -0.015009 -0.0208333  0.0230774 0.000531642 -0.00290765  -0.0050438  0.00784594   0.0329817 -0.00894653    1.52097 0.00281721   -9.69036 
               141.9  6.67419   13.141 -62.0232 -0.134396  0.553053   1.31461  0.782859 -0.108875 0.0964074 -0.00633403  -0.0301542    0.031002 -0.00535071  -0.0108639   0.0283598 0.000498869 -0.00302692 -0.00490124  0.00801351   0.0326306 -0.00911085    1.52126 0.00282492   -9.69032 
                 142  6.57784  13.5549 -62.4376 -0.137015  0.543944   1.31573 0.782029 -0.11135 0.101151 -0.00627281  -0.0301196   0.0310343 0.00795692 -0.0551381  0.0158117 0.000503322 -0.00327735 -0.00472684  0.00778342   0.0328243 -0.00910773    1.52072 0.00273561    -9.6904 
             142.099  6.14575  13.3826 -63.5633 -0.121642  0.528725   1.31861  0.781926  -0.10991 0.0983207 -0.00629187  -0.0301201   0.0310152   0.107806  -0.137631 -0.0151877 0.000617652 -0.00365104 -0.00439925  0.00797723   0.0324427 -0.00928617    1.52112 0.00270282   -9.69034 
             142.199  5.94704  14.2204 -64.0355 -0.121042    0.5359   1.31563  0.782838 -0.106084 0.0901417 -0.00626764  -0.0301064   0.0310016   0.103406  -0.106126 -0.0244942 0.000390941 -0.00332724 -0.00410131  0.00834136   0.0325746 -0.00905079    1.52181 0.00313331   -9.69023 
             142.299  5.8776 13.9556 -63.881 -0.112829  0.531624   1.30917  0.783931 -0.103414 0.0842401 -0.00627704  -0.0300938   0.0310147 0.00482829 -0.0831962  0.0143976 0.000289408 -0.00299273 -0.00443295  0.00857715   0.0329798 -0.00869239     1.5222 0.00358168   -9.69017 
             142.399   3.3096  14.6472 -65.8593 -0.10581 0.539686  1.30924   0.786951 -0.0982271  0.0764396 -0.00625587  -0.0300798   0.0310995 0.00236876 -0.0734492  0.0124616 0.000122386 -0.00275862 -0.00423849  0.00883505   0.0327991 -0.00855544    1.52324 0.00358831   -9.69001 
             142.499  2.39115  15.3915 -65.7706 -0.112797  0.529479   1.31762   0.783618 -0.0984025  0.0718379 -0.00628015  -0.0300875   0.0310398 -0.0226267 -0.0708466  0.0610224   0.0008075 -0.00324221  -0.0044522  0.00926354   0.0326353 -0.00870496    1.52333 0.00403732   -9.68999 
             142.599  4.38247  16.2788 -65.5051 -0.10445 0.524329  1.32432   0.783894 -0.0971694  0.0701594 -0.00626408  -0.0300416   0.0310239    0.1272 -0.092698 0.0475779  0.00174654 -0.00360442 -0.00369119  0.00933525   0.0326844 -0.00866357    1.52352 0.00414831   -9.68996 
             142.699  8.12754  12.7743 -63.6626 -0.0967412   0.530815    1.34597   0.780316 -0.0957151  0.0621224 -0.0060424 -0.0297379  0.0309454   0.177297 -0.0289453  0.0676606  0.00153223 -0.00228228 -0.00377231   0.0102117   0.0318139 -0.00947813    1.52425 0.00439169   -9.68985 
               142.8  9.87295   12.447 -62.0334 -0.108011  0.539117   1.35754  0.773294  -0.09713 0.0558417 -0.00621429  -0.0295159   0.0312146  0.159109 0.0231835 0.0836958  0.00112751 -0.00199458 -0.00405675   0.0109902   0.0315819 -0.00991546    1.52421 0.00527635   -9.68985 
             142.899  10.2796  12.8765 -61.2846 -0.0877286   0.544587    1.36135   0.772753 -0.0992117  0.0598758 -0.00650584  -0.0296788   0.0313917  0.179566 0.0877297 0.0850839  0.00101302 -0.00217954 -0.00416703  0.0106514  0.0322162 -0.0094973    1.52354 0.00552536   -9.68996 
             142.999 10.3382 13.4108 -59.781 -0.103678  0.546457   1.35499  0.769178 -0.102516 0.0614518 -0.00674102  -0.0296837   0.0313448  0.117047  0.078685 0.0660703 0.000338838 -0.00245226 -0.00427622   0.0105714   0.0330856 -0.00910737    1.52264 0.00632025    -9.6901 
             143.099  10.1961  13.0431 -59.5907 -0.099502  0.558503    1.3656  0.767632 -0.104388 0.0631526 -0.00682308  -0.0296926   0.0313024 0.0078535 0.0925265 0.0916397 0.000302608 -0.00227755 -0.00424056   0.0105107   0.0333673 -0.00902124    1.52221 0.00655128   -9.69017 
               143.2  10.0753  13.8906 -57.1195 -0.105698  0.577121   1.36673  0.765959 -0.099913 0.0482552 -0.00680476  -0.0295392   0.0312549 0.0110155  0.124692 0.0895585 0.000786944 -0.00274095 -0.00415479   0.0112958   0.0333501 -0.00884335    1.52317 0.00739493   -9.69002 
             143.299  9.22389  14.1157 -57.2251 -0.0924763   0.599319    1.37181   0.769112 -0.0979912  0.0487795 -0.00678644  -0.0295544   0.0312513  0.137326  0.140648 0.0639764  0.00141532 -0.00296458 -0.00382645   0.0109612   0.0338638 -0.00843185    1.52322 0.00737609   -9.69001 
             143.399  10.7525  12.1331 -56.0996 -0.102782  0.597889   1.37112  0.765504 -0.105606 0.0594036 -0.00672725   -0.029533   0.0311492    0.139871    0.127416 0.000971048 0.000748883 -0.00227109 -0.00412891   0.0103939   0.0347611 -0.00833517    1.52149 0.00752393   -9.69028 
             143.499  10.2526   11.251 -55.6938 -0.111226  0.582879   1.35665  0.768544 -0.109196 0.0732216 -0.00656611  -0.0294311   0.0308445   0.117456  0.0906986 -0.0287279   0.0007224  -0.0022602 -0.00414483  0.00920583   0.0363112 -0.00775611    1.52004 0.00733747   -9.69051 
             143.599  10.5378  11.5953 -55.4975 -0.117817  0.577558   1.35683   0.76595 -0.112589 0.0772768 -0.0065055 -0.0294861  0.0308576   0.100331  0.0762142 -0.0307269 0.000702976  -0.0022727 -0.00415742  0.00916442   0.0364332 -0.00785485    1.51942 0.00742406    -9.6906 
               143.7  10.6558  11.7714 -55.4499 -0.119139  0.575139    1.3558  0.765976 -0.113962 0.0802245 -0.00647329  -0.0295188   0.0308639  0.0966639  0.0700397 -0.0331889 0.000699383 -0.00227929  -0.0041574  0.00907752   0.0366084 -0.00781766    1.51915 0.00739841   -9.69065 
             143.799  10.6952  11.9148 -55.4425 -0.0934957   0.600233    1.33395  0.767158 -0.114668 0.0835093 -0.00644827  -0.0295388   0.0308727 -0.148869  0.107474 -0.104739 0.000703502 -0.00228415 -0.00415348  0.00887432   0.0369247 -0.00769587    1.51891 0.00732895   -9.69068 
             143.899 8.02826 13.8826 -54.163 -0.113791  0.572749   1.35988  0.762675 -0.117545 0.0847667 -0.00645352  -0.0295684   0.0308582  -0.200181 -0.0295397 0.00381126 0.000699715  -0.0023351 -0.00414618  0.00910063   0.0363545 -0.00812518    1.51862 0.00733111   -9.69073 
             143.999  7.71847  13.8627 -54.3764 -0.160081  0.574728   1.40285  0.760758 -0.118315 0.0824153 -0.00649054  -0.0295965   0.0308342 -0.176737 0.0100382  0.124309  0.00143044 -0.00242514 -0.00372422   0.0093663    0.036058 -0.00832627    1.51865 0.00740711   -9.69072 
             144.099  8.66767  13.0589 -54.6509 -0.155765   0.55322   1.38821  0.760843 -0.118248 0.0826454 -0.00650355  -0.0296101   0.0308106 -0.0981171 -0.0513083  0.0539566 0.000990554 -0.00291835 -0.00414263    0.009286   0.0360646 -0.00829968    1.51865 0.00738091   -9.69072 
             144.199  9.02281  12.9439 -54.6463 -0.13003 0.556218  1.37311   0.76125 -0.117817 0.0826673 -0.00650149  -0.0296264   0.0307743  0.0107087 -0.0348202 0.00420356 0.000340806 -0.00304248 -0.00423328 0.00922231    0.03597 -0.0082446   1.51871 0.0073611  -9.69071 
             144.299  8.69898  12.2143 -54.8882 -0.144221  0.547099   1.39342  0.760671 -0.118368 0.0829591 -0.00648618  -0.0296232   0.0307623 -0.0352639 -0.0347532  0.0591263 0.000524406 -0.00287346 -0.00459958 0.00925207  0.0360594 -0.0083354    1.51862 0.00737417   -9.69073 
             144.399  8.62897    11.66 -54.7267 -0.146662  0.554901   1.38977  0.761271 -0.117579 0.0819755 -0.00649085  -0.0296156   0.0307874 -0.0323412 -0.0228924  0.0487315 0.000558009 -0.00313187 -0.00517815  0.00932214   0.0359865 -0.00822207    1.51875 0.00740187   -9.69071 
             144.499  9.22606  11.6549 -54.5985 -0.143836  0.556845   1.38509  0.761967 -0.116672  0.080754 -0.00648884  -0.0296164   0.0307811  0.0300207 -0.0558981  0.0262299 0.000856555 -0.00447265 -0.00445149  0.00940961   0.0359454 -0.00809345    1.51888 0.00744441   -9.69069 
             144.599  9.23365  10.9976 -54.7655 -0.139019  0.564992   1.37663  0.762648 -0.114811 0.0767616 -0.00649939  -0.0296161   0.0308011   0.132736 -0.0560556 -0.0112115  0.00172967 -0.00486816 -0.00354383   0.0098024   0.0358945 -0.00783947   1.51918 0.0076341  -9.69064 
             144.699  9.78971  9.48128 -55.0046 -0.123477  0.565667   1.36282  0.764571 -0.113615 0.0752529 -0.00653865  -0.0296347   0.0308037   0.231834 -0.0833196 -0.0567647  0.00141604 -0.00412957 -0.00404903  0.00985713   0.0360242 -0.00743471    1.51937 0.00767685   -9.69061 
             144.799  9.79928  7.65264 -55.4535 -0.12927 0.556629  1.36028  0.762956 -0.116855 0.0821629 -0.00647528  -0.0296264   0.0307608   0.205154 -0.0902918  -0.068575  0.00066173 -0.00200156 -0.00511772  0.00951077   0.0371495 -0.00738672   1.51857 0.0076979  -9.69074 
             144.899  10.0499  7.56231 -55.3403 -0.120977  0.552993   1.35275  0.760616 -0.117652 0.0780991 -0.00651084  -0.0296183   0.0308848  0.0549741 -0.0388326 -0.0419132 -1.94771e-07  -0.00156898  -0.00568922   0.0103023   0.0375498 -0.00733311    1.51849 0.00809435   -9.69075 
                 145  7.85697   8.7771 -56.9894 -0.127602  0.559288   1.35367   0.75885 -0.116848 0.0718809 -0.00649652  -0.0296603   0.0308386  0.0165587 -0.0306459 -0.0411434 -0.000323225  -0.00128529  -0.00610156   0.0111187   0.0374865 -0.00733157    1.51873 0.00847061   -9.69071 
             145.099  6.82491  10.1271 -57.4131 -0.122028  0.563619   1.36549  0.756394 -0.113597 0.0594123 -0.00669635  -0.0298043   0.0308958    0.034416 -0.00402217 -0.00188255  0.00074962 -0.00261443 -0.00546789   0.0120763   0.0359537 -0.00811655   1.51964 0.0086835  -9.69057 
               145.2  7.38053  10.7557 -57.4708 -0.127535  0.572298   1.37344  0.752365 -0.111369 0.0487629 -0.00671945  -0.0298143   0.0307662   0.0453459 -0.00272952   0.0153439  0.00108301 -0.00389975 -0.00468136   0.0133697   0.0352629 -0.00861952    1.52017 0.00924021   -9.69048 
             145.299 7.50228 10.3593 -57.534 -0.112232  0.575123   1.37405  0.753872 -0.109907  0.045861 -0.00672536  -0.0298132   0.0307556  0.0955667 -0.0476173 -0.0117589 0.000941484  -0.0036034 -0.00472078  0.0134894  0.0350095 -0.0084692  1.52049 0.009235 -9.69043 
               145.4   7.5283  9.56183 -57.2042 -0.108567  0.577454    1.3792  0.749537 -0.108991 0.0390782 -0.0067386 -0.0297849  0.0307469   0.117988 -0.0203134   0.018118  0.00145767 -0.00349526  -0.0046353   0.0145031   0.0347392 -0.00891712    1.52068 0.00974646    -9.6904 
             145.499  7.91099  10.5945 -57.0882 -0.114936  0.576478   1.37416  0.748988 -0.110843 0.0422756 -0.00675714  -0.0298032   0.0307727   0.107129 -0.0123455   0.012367  0.00222361 -0.00334694  -0.0038319   0.0145622   0.0357121 -0.00845552    1.52023 0.00994234   -9.69047 
             145.599   8.0119  9.94151 -57.0416 -0.111482   0.58039   1.37537  0.747161 -0.112281 0.0434687 -0.00679897  -0.0298103   0.0308079  0.106798 0.0247269 0.0148877  0.00218625  -0.0026605 -0.00390207    0.014859   0.0364297 -0.00825315   1.51987 0.0102295  -9.69053 
               145.7  9.25541  8.88041 -56.4456 -0.108298  0.576935   1.37591  0.742715 -0.117166 0.0516893 -0.00694055  -0.0298453   0.0309604  0.165918 0.0638669 0.0261311  0.00247948 -0.00269052 -0.00368614   0.0147499   0.0377451 -0.00827322   1.51878 0.0104611   -9.6907 
             145.799 10.3587 7.35606 -54.017 -0.11673 0.594219  1.38251  0.736199 -0.116851 0.0435399 -0.00707738   -0.029644    0.031109  0.123421  0.109793 0.0350499  0.00185479 -0.00210564 -0.00393407    0.016147   0.0378206 -0.00869669   1.51883 0.0112481  -9.69069 
             145.899  10.3517   6.5035 -52.8336 -0.123953  0.613548   1.38224  0.733142 -0.116799 0.0372622 -0.00725354  -0.0294784   0.0312109 0.0858976 0.0934862 0.0257616  0.00137805 -0.00201224 -0.00341506   0.0172871   0.0384971 -0.00836438   1.51882 0.0119278  -9.69069 
                 146  10.4085  5.85609 -51.4217 -0.127016  0.624118   1.38925  0.728974 -0.116672 0.0328467 -0.00728976  -0.0293734   0.0312385 0.0430459 0.0804655 0.0259116 0.000914239 -0.00226865  -0.0034171   0.017954  0.0382784 -0.0088303   1.51885 0.0122792  -9.69069 
             146.099  10.0052  4.70496 -50.5376 -0.138625  0.636675   1.39642  0.724367 -0.117209 0.0306486 -0.00733381   -0.029297   0.0312377 -0.0217831  0.0615004  0.0138837  0.00115343 -0.00156053 -0.00458929   0.0185009   0.0382611 -0.00931731    1.5187 0.0126137  -9.69071 
               146.2  11.7759  4.91816 -50.1472 -0.151493  0.643681   1.40472   0.71742  -0.11784 0.0282112 -0.00730484  -0.0292336   0.0312865 0.0446572 0.0726527 0.0130981  0.00171253  -0.0025712 -0.00483222  0.0192015  0.0381826 -0.0101269   1.51843 0.0130601  -9.69075 
             146.299   13.212  5.98324 -49.8948 -0.147304  0.630402   1.40444   0.71653 -0.121445 0.0416301 -0.0072359  -0.029208  0.0314363  0.120103 0.0436885 0.0120993  0.00240222 -0.00378113 -0.00479331  0.0181885  0.0390417 -0.0102683    1.5175 0.0127242   -9.6909 
             146.399  14.1008  4.34686 -50.1243 -0.128673  0.632654   1.40645  0.715281 -0.123617 0.0491316 -0.00715353  -0.0291902   0.0315471  0.137054 0.0586625 0.0176038  0.00200428 -0.00205878 -0.00469529  0.0177218  0.0396528 -0.0103609   1.51691 0.0126059  -9.69099 
             146.499 15.7473 5.04203 -47.562 -0.13805 0.612435  1.40034   0.71352 -0.130446 0.0752572 -0.00719351  -0.0292143   0.0318175   0.0857448 -0.00179808  0.00511477  0.00168751 -0.00201413 -0.00402038  0.0166576  0.0424469 -0.0101728   1.51498 0.0123822  -9.69129 
             146.599  16.3791  5.06126 -47.0723 -0.141567  0.600426   1.39896  0.710731 -0.134863 0.0926723 -0.00720002  -0.0292133    0.031965 0.0739633 0.0392418 0.0194186  0.00180371 -0.00172449 -0.00351399  0.0159929  0.0441722 -0.0102808   1.51364 0.0122744   -9.6915 
               146.7 18.1072  4.7879 -45.614 -0.149448  0.594873   1.40086 0.705886 -0.13838 0.104116 -0.00720731  -0.0291853    0.032037 0.0721136 0.0561298 0.0269209  0.00151872  -0.0019998 -0.00460913 0.0159011 0.0455855 -0.010582   1.51254 0.0123677  -9.69167 
             146.799  18.0927  4.39968 -45.9695 -0.152135  0.578248   1.40074  0.704019 -0.142894  0.126177 -0.00705404   -0.029141   0.0319512  0.0368536   0.019794 0.00674008 0.000801344 -0.00154458 -0.00529924  0.0147069  0.0474291 -0.0107573   1.51112 0.0120313   -9.6919 
             146.899  17.5689  3.84962 -46.2598 -0.165257  0.572032   1.40211  0.69913 -0.14474 0.131346 -0.00690902  -0.0291557   0.0317987 -0.0505292 -0.0117495 0.00144973 0.000171642 -0.00101025 -0.00574154  0.0147519  0.0480505 -0.0111667   1.51047 0.0121308    -9.692 
             146.999  16.9782  4.43158 -47.2115 -0.18973 0.565651  1.40818  0.690618 -0.146081  0.134013 -0.00668234  -0.0292249   0.0316085   -0.159974 -0.00404349 -0.00202075   4.2974e-05 -0.000881413  -0.00593192  0.0149031  0.0479986 -0.0120454   1.50987 0.0122985  -9.69209 
             147.099   16.608  5.66545 -47.6488 -0.210741  0.553793   1.42757  0.675721 -0.146326  0.134464 -0.00666223  -0.0293194   0.0315579  -0.150689 -0.0440354  0.0160921 0.000386269 -0.00204072 -0.00544414  0.0148097  0.0459411 -0.0139917   1.50945 0.0124186  -9.69216 
             147.199 16.5737 6.16633 -48.341 -0.214478   0.55089   1.42971  0.677726 -0.145902  0.136092  -0.006735 -0.0292792  0.0316108  -0.123073 -0.0173119  0.0331597  0.00113153 -0.00260153 -0.00521395  0.0144856  0.0457487 -0.0139023  1.50957 0.012292 -9.69214 
             147.299  17.4329  6.72602 -48.4621 -0.212436  0.551706   1.43754 0.681487 -0.14484 0.138742 -0.00685762  -0.0292176    0.031638 -0.0626013  0.0298324  0.0718776  0.00142209 -0.00307749 -0.00446808  0.0138851  0.0452439 -0.0137515   1.50984 0.0120635   -9.6921 
             147.399 19.7653 4.92504 -47.058 -0.217205  0.558764   1.43601  0.686443 -0.144608  0.136393 -0.00686858    -0.02924   0.0316452 -0.0195333  0.0387238  0.0648874   0.0013083 -0.00290694 -0.00463018  0.0141693  0.0461587 -0.0130451   1.51001 0.0121193  -9.69207 
               147.5  20.5104  3.54661 -45.9937 -0.213102  0.563326    1.4415  0.689329 -0.144454  0.138337 -0.00685005  -0.0292668   0.0316122 0.0304281 0.0624265 0.0813576  0.00118613 -0.00289601 -0.00465881   0.013954  0.0464869 -0.0127722   1.51005 0.0120374  -9.69206 
               147.6  20.3403  1.63752 -46.6378 -0.215105   0.57576   1.45149 0.688758 -0.14401 0.134317 -0.00683833  -0.0292501   0.0316369 -0.0301686     0.0753  0.0708117 0.000703613 -0.00186618 -0.00440574  0.0142486  0.0462138 -0.0127913   1.51022 0.0121261  -9.69204 
               147.7   19.4292 -0.021743  -47.5257 -0.214159   0.58623   1.43126  0.709351 -0.143613  0.132748 -0.00709845  -0.0291731   0.0316522    0.0011818 -0.000270386   -0.0162973 -0.000487809  -0.00182071  -0.00455189  0.0146119  0.0497532 -0.0103469   1.51071 0.0120902  -9.69196 
               147.8   17.9349 -0.702945  -47.3884 -0.215885  0.592002    1.4217  0.716816 -0.143424  0.127563 -0.00718687  -0.0291085   0.0316901  0.00629313 -0.00400546  -0.0403523 2.12089e-05 -0.00222319 -0.00558409   0.0151882   0.0510627 -0.00934522   1.51104 0.0121999  -9.69191 
             147.899   17.3928 -0.175371  -47.4043 -0.218517   0.57998   1.42288  0.709045 -0.143361  0.129403 -0.00715268  -0.0291946   0.0316477 -0.00610922   -0.029958  -0.0226362 0.000574664 -0.00266141 -0.00555801  0.0149501  0.0499773 -0.0102763   1.51076 0.0122066  -9.69195 
                 148  18.9239  2.11431 -46.7045 -0.216783  0.576029   1.44029  0.694219 -0.141387  0.123605 -0.0072268 -0.0291519  0.0316304  0.0623856 -0.0409262  0.0205992  0.00186179 -0.00349919 -0.00408333  0.0149915  0.0472257 -0.0120202    1.5107 0.0123674  -9.69196 
               148.1  20.1213 0.983873  -46.469 -0.212452  0.573657    1.4245  0.706883 -0.143753  0.127313 -0.00721245  -0.0291965   0.0316291  0.0413672  -0.055086 -0.0238305  0.00109684 -0.00249866 -0.00473728  0.0152668  0.0497784 -0.0104653   1.51074 0.0122947  -9.69196 
               148.2  20.7704 0.489575 -46.6519 -0.205174  0.574448   1.41465  0.713259 -0.144751  0.125643 -0.00721116   -0.029222    0.031614   0.0637153 3.81978e-05  -0.0140662  0.00117355 -0.00197351 -0.00498655   0.0156291   0.0508012 -0.00964214   1.51094 0.0123086  -9.69192 
               148.3  20.9916 0.913951 -46.4722 -0.21542 0.579409  1.41765  0.705511 -0.144182  0.120655 -0.00720341  -0.0292175   0.0315976    0.0459103    0.0450705 -0.000527829  0.00149937  -0.0020301 -0.00526205 0.0163129 0.0502795 -0.010299   1.51076 0.0126233  -9.69195 
               148.4  21.1017 0.656549 -46.6107 -0.224642  0.582452   1.42217  0.698568 -0.143319  0.115986 -0.0071943 -0.0292133  0.0315818  0.0309278   0.048405 0.00501853   0.0012208 -0.00187489 -0.00544554   0.016753  0.0495382 -0.0109402   1.51067 0.0128531  -9.69197 
             148.499  21.7911 0.955211 -46.7114 -0.22122  0.58327  1.41438  0.702448 -0.144781  0.120895 -0.00715439   -0.029264   0.0316146  0.0143596  0.0146481 -0.0147955 0.000469029  -0.0021202 -0.00528519  0.0167945   0.050754 -0.0104616   1.51045 0.0128207    -9.692 
               148.6  21.4991  2.91834 -47.0166 -0.224344   0.57921   1.42088  0.694284 -0.143762  0.124427 -0.00716967  -0.0292654   0.0315965    0.020547 -0.00810973  -0.0049379 0.000465217 -0.00288389 -0.00499757  0.0164067   0.049884 -0.0114089   1.51004 0.0128514  -9.69206 
               148.7  21.2769  2.62028 -47.5791 -0.218956  0.571126   1.42501  0.691322 -0.143284  0.132406 -0.00717903  -0.0292489   0.0316137  0.0359998 -0.0296285 0.00431205 0.000522923 -0.00264275 -0.00445609   0.015576   0.049484 -0.0119236   1.50968 0.0126784  -9.69212 
             148.799  20.9259   2.1948 -47.4192 -0.219918  0.571783   1.42833 0.688715 -0.14289  0.13093 -0.00717661  -0.0292567   0.0316051 0.0122579 0.0139895 0.0256885 0.000849378 -0.00206834 -0.00458543 0.0156596 0.0491341 -0.012179   1.50966 0.0127417  -9.69212 
             148.899  20.9932  1.67457 -47.3944 -0.223208   0.56944   1.43161  0.686814 -0.142959  0.133333 -0.00718323  -0.0292641    0.031591 -0.0204107 -0.0109635  0.0140464 0.000363479 -0.00173929 -0.00499042  0.0155121  0.0490936 -0.0123964   1.50947 0.0127344  -9.69215 
                 149  20.3964  2.11451 -47.5257 -0.225531   0.57135   1.42147 0.695254 -0.14496 0.133537 -0.00718844  -0.0292486   0.0315638  -0.0133884   0.0120807 -0.00339431 0.000836122 -0.00208021  -0.0046019 0.0159943  0.050848 -0.011347   1.50956 0.0127459  -9.69214 
               149.1  20.6348  2.01955 -47.2874 -0.227867  0.564957   1.42663  0.690188 -0.144445  0.137776 -0.00719069   -0.029258   0.0315637  -0.0209675  -0.0385236 -0.00798186 0.000499981 -0.00223107 -0.00475183  0.0155092  0.0501634 -0.0119916   1.50927 0.0126881  -9.69218 
             149.199  20.3714  2.89805 -47.2051 -0.225397  0.563636   1.41666  0.698733 -0.146084  0.140574 -0.00718602   -0.029261   0.0315529 -0.0100358 -0.0421197 -0.0251326 0.000689458 -0.00282371 -0.00470005  0.0156492  0.0518213 -0.0110189    1.5093 0.0126163  -9.69218 
             149.299  19.8564  2.20013 -47.0413 -0.221232  0.567902    1.4083 0.705861 -0.14638 0.136857  -0.007159 -0.0292498   0.031577  0.00151646 0.000237634  -0.0224854  0.00116852 -0.00227234 -0.00507152  0.0159828  0.0525193 -0.0102288    1.5097 0.0126019  -9.69212 
               149.4  20.1066  2.57881 -47.3363 -0.219511  0.570644   1.39734   0.70999 -0.147071  0.133606 -0.00716465  -0.0292506   0.0315718   0.0251616 -0.00870664  -0.0339481 0.000995157 -0.00255917 -0.00474208   0.0164796   0.0533325 -0.00964891   1.50988 0.0126865  -9.69209 
               149.5  20.1362   1.8084 -46.9917 -0.214659  0.571353   1.39972  0.707295 -0.145896  0.130913 -0.00713596  -0.0292414   0.0315652  0.0303779 -0.0171267 -0.0288052 0.000808041 -0.00218099 -0.00452094  0.0163641  0.0523191 -0.0100248   1.51005 0.0126782  -9.69206 
               149.6  20.2757  2.24757 -47.3134 -0.209666  0.563433     1.403  0.703688 -0.145629  0.137252 -0.0071253 -0.0292363  0.0315649  0.0330847 -0.0114769 -0.0112689 0.000763421 -0.00228281 -0.00422888  0.0157037   0.051812 -0.0105761   1.50972 0.0125462  -9.69211 
               149.7  20.0639   1.9398 -47.1566 -0.212824  0.568507    1.4081  0.698042 -0.144434  0.128797 -0.00710996  -0.0292129   0.0315797   0.0165466 -0.00402211 -0.00429656 0.000845403 -0.00204085 -0.00461057  0.0162243  0.0506685 -0.0110921   1.50994 0.0127551  -9.69208 
               149.8  20.2541  1.98537 -47.0614 -0.218956  0.569657   1.41965  0.688394 -0.142773   0.12241 -0.0070889 -0.0291755  0.0315908 -0.00605542 -0.00733355   0.0135973 0.000589579 -0.00211888 -0.00473184 0.0164442 0.0488832 -0.012128   1.50998 0.0129322  -9.69207 
               149.9 19.8888 1.77701 -46.994 -0.218656  0.574884   1.41925   0.68964 -0.142594  0.118475 -0.00708982   -0.029172   0.0315963 0.0106404 0.0207384 0.0111616  0.00107343 -0.00199687 -0.00482869  0.0167496  0.0488851 -0.0119342    1.5102 0.0129958  -9.69204 
                 150  20.0858  2.13569 -47.0548 -0.217774  0.580087   1.41966  0.690201 -0.142413  0.114673 -0.00709047  -0.0291718    0.031594  0.019109 0.0264771 0.0129571   0.0010711  -0.0022858 -0.00448477  0.0170591  0.0488421 -0.0118086   1.51037 0.0130707  -9.69201 
               150.1  20.3535   1.9865 -47.1774 -0.21675 0.578966  1.42438  0.687776 -0.142333  0.118274 -0.00708458  -0.0291638   0.0315979 0.00441655  0.0290681  0.0174132  0.00091254 -0.00204666 -0.00445693  0.0167146   0.048582 -0.0121541   1.51016 0.0130103  -9.69204 
               150.2  20.5794  2.38725 -47.2321 -0.211881  0.569883   1.42755  0.687643 -0.142961  0.129575 -0.00708026  -0.0291602   0.0316127  0.00893926 -0.00283789   0.0224802 0.000669065 -0.00235231 -0.00454562  0.0158007  0.0489014 -0.0123608   1.50968 0.0127708  -9.69212 
               150.3  20.2175  2.09819 -47.6124 -0.21174 0.572048  1.42535  0.690195 -0.143365  0.128654 -0.00708295  -0.0291691    0.031611  0.00315957 -0.00230563    0.010193 0.000867875 -0.00218979 -0.00485013  0.0159995  0.0493935 -0.0120149   1.50976 0.0127939  -9.69211 
             150.399 20.4486 1.96205 -47.445 -0.222338  0.579189   1.42866  0.685932 -0.142822  0.118735 -0.00707885  -0.0291588   0.0316223 -0.00996897   0.0186281     0.01859 0.000767264 -0.00237829 -0.00520025  0.0169189  0.0488719 -0.0122538   1.50997 0.0130993  -9.69207 
               150.5   20.511  2.68801 -47.6632 -0.224583  0.584897    1.4303  0.686161 -0.142481  0.112963 -0.00708065  -0.0291629   0.0316142 -0.00380339  0.00709238   0.0180516 0.000786967 -0.00289745  -0.0049114  0.0173822  0.0487185 -0.0121348   1.51022 0.0132183  -9.69204 
             150.601 20.6495 2.21875 -47.792 -0.232794  0.577745   1.43257 0.682947 -0.14346 0.119944 -0.00707129  -0.0291682   0.0316191  -0.0192351 -0.00394549   0.0210621 0.000764774 -0.00257025 -0.00494344  0.0171174  0.0491682 -0.0124654   1.50967 0.0132094  -9.69212 
               150.7  20.6117  2.11527 -48.3408 -0.240731  0.574755   1.42799  0.684508 -0.144879   0.12353 -0.00705356  -0.0291897   0.0316155  -0.022618 -0.0136999 0.00719048 0.000903264 -0.00235085 -0.00487056  0.0172744   0.050328 -0.0121526   1.50938 0.0132566  -9.69217 
               150.8  20.4024  1.87455 -48.6615 -0.236871    0.5677   1.42112  0.690262 -0.146261  0.132068 -0.00706408  -0.0291971   0.0315916  -0.0152374   -0.017546 -0.00471553  0.00106327 -0.00213706 -0.00482972  0.0167919  0.0515979 -0.0115794   1.50913 0.0130599   -9.6922 
               150.9   20.438  1.82473 -48.7778 -0.239581   0.57696    1.4175  0.693143 -0.145789  0.123393 -0.00707338  -0.0291944   0.0316062  -0.0365559   0.0312405 -0.00881311 0.000946353 -0.00183962 -0.00516261  0.0174378  0.0515557 -0.0111435   1.50962 0.0131823  -9.69213 
                 151  20.2984  1.57729 -49.1577 -0.245215  0.578669   1.42163  0.688079 -0.145261  0.119995 -0.00705892  -0.0291925   0.0316149  -0.0449503   0.0345742 -0.00141871  0.00119363 -0.00175696 -0.00491999  0.0176985  0.0508884 -0.0116408   1.50959 0.0133261  -9.69213 
               151.1   20.599  2.47299 -49.1005 -0.245399  0.585695   1.42478   0.68851 -0.144445  0.117338 -0.00705138  -0.0291958   0.0316017 -0.0155637  0.0259882 0.00963827 0.000921821 -0.00257469 -0.00465217  0.0176898  0.0504104 -0.0116629   1.50982 0.0133034   -9.6921 
             151.199  20.3378  1.42455 -49.4181 -0.238127  0.581145   1.42786  0.688787 -0.144226  0.125748 -0.00703993  -0.0292054   0.0315889 -0.00655723   0.0323756   0.0152198  0.00102919 -0.00185216  -0.0047353 0.0167312 0.0501188 -0.011908    1.5096 0.0130216  -9.69213 
             151.299 20.5249  1.6436 -49.312 -0.239372  0.580984   1.43321  0.686943 -0.144381  0.130112 -0.00704186  -0.0292091   0.0315918 -0.019525 0.0276053 0.0188148 0.000848106 -0.00207457 -0.00476396  0.0163767  0.0500321 -0.0121835  1.50935 0.012957 -9.69217 
             151.399  19.9968  1.62704 -49.6519 -0.239149  0.598328   1.42542  0.694626 -0.144038  0.116282 -0.00703865  -0.0291893   0.0316066 -0.0237953  0.0614889 0.00367787  0.00094959 -0.00219212 -0.00496062  0.0175352  0.0505933 -0.0110869    1.5102 0.0131435  -9.69204 
             151.501   20.364  1.93796 -49.7243 -0.242103  0.600199   1.42371   0.69533 -0.144797  0.120999 -0.00703998  -0.0291985   0.0316129 -0.00997356   0.0494741 0.000855928 0.000746642 -0.00258795 -0.00498669  0.0173164  0.0511131 -0.0110181   1.50995 0.0130921  -9.69208 
             151.601  19.9097  1.12227 -50.1866 -0.260533  0.606839    1.4258  0.688436 -0.145054  0.116663 -0.00702699  -0.0291969   0.0316119  -0.0454351   0.0611748 -0.00145222  0.00121703 -0.00215022 -0.00517781   0.018026  0.0509701 -0.0115246   1.50973 0.0134454  -9.69211 
             151.701    20.13  1.05653 -50.4884 -0.269918  0.614176   1.42328  0.688878 -0.145666  0.119267 -0.00702427  -0.0292029   0.0316134 -0.0574525  0.0719916 -0.0062319 0.000945679 -0.00210077 -0.00530279  0.0179741  0.0513947 -0.0114474   1.50956 0.0134432  -9.69214 
               151.8  19.9443 0.934187 -51.4587 -0.267852   0.61683   1.42649  0.688465 -0.145261  0.123977 -0.00703508  -0.0291848   0.0316035  -0.0444831   0.0697557 -0.00794243 0.000979805 -0.00190667 -0.00505457  0.0173218   0.050949 -0.0117023   1.50945 0.0132395  -9.69215 
               151.9  19.8842 0.931631  -51.818 -0.262287  0.616356   1.42382  0.692008 -0.145764  0.131447 -0.00704783  -0.0291749   0.0315934 -0.0311596  0.0665828 -0.0133295  0.00108869 -0.00190179 -0.00486866  0.0166201  0.0513204 -0.0114886   1.50929 0.0129652  -9.69218 
             152.001  19.9896  1.26623 -51.9634 -0.264985   0.61951   1.41949 0.693429 -0.14668 0.136837 -0.00704484  -0.0291808   0.0315995 -0.0207814  0.0713929 -0.0180779   0.0012377 -0.00204183 -0.00489437  0.0163579  0.0519229 -0.0113483   1.50903 0.0128889  -9.69222 
               152.1  20.2784 0.890159 -51.9809 -0.268108  0.621502   1.42237  0.690245 -0.146507  0.141365 -0.00705021  -0.0291744   0.0316086 -0.0228998  0.0737352  -0.010443  0.00119248 -0.00180673 -0.00494221  0.0159121  0.0515788 -0.0118257   1.50873 0.0128299  -9.69227 
               152.2  20.6012  1.06945 -52.2847 -0.278367  0.625268   1.42517  0.685898 -0.146613  0.144793 -0.00705904  -0.0291623   0.0316324  -0.0563034   0.0760215 -0.00778632 0.000976819 -0.00168649 -0.00500206  0.0157382  0.0514197 -0.0123322   1.50837 0.0129026  -9.69232 
               152.3  20.7155  1.29266 -52.8308 -0.279328  0.622494   1.42401  0.686432 -0.147356  0.150901 -0.00705532  -0.0291662   0.0316434 -0.0648811  0.0649848 -0.0147958 0.000956268 -0.00163149 -0.00478977  0.0153527  0.0518165 -0.0123361   1.50806 0.0128033  -9.69237 
             152.399  20.5712  1.64549 -52.6556 -0.281787  0.627685   1.41708  0.690608 -0.148395   0.15656 -0.00704893  -0.0291819   0.0316629 -0.0590757  0.0987808 -0.0136383  0.00115951 -0.00192014 -0.00493286  0.0149939  0.0525313 -0.0119235   1.50792 0.0126161  -9.69239 
             152.501 21.0537  1.5115 -53.119 -0.283665  0.645584   1.41157  0.694475 -0.148787  0.157839 -0.00704778  -0.0291954   0.0316587 -0.0500093   0.127166 -0.0206077  0.00125008  -0.0016154 -0.00490255  0.0148864   0.052925 -0.0115156   1.50802 0.0124854  -9.69238 
             152.601  21.4072  2.03262 -52.8844 -0.284395  0.655571   1.40927  0.696349 -0.148816  0.159368 -0.00704182   -0.029202   0.0316632 -0.0500941   0.142811 -0.0097324 0.000987147 -0.00222817 -0.00511358  0.0147022  0.0530296 -0.0113654   1.50804 0.0123761  -9.69238 
             152.701  21.0946  2.14088 -53.1718 -0.279413   0.65948   1.40536 0.700304 -0.15002 0.172214 -0.00704335  -0.0292341   0.0316821 -0.0219429   0.120389 -0.0200327  0.00128283 -0.00236678  -0.0052393  0.0136887  0.0537381 -0.0111614   1.50758 0.0119997  -9.69245 
               152.8  21.1461  2.11185 -53.3433 -0.278668  0.649466   1.40678  0.699023 -0.151398   0.18637 -0.00705709  -0.0292595   0.0316733  -0.019764  0.0823363 -0.0226925  0.00121413 -0.00257837 -0.00488177  0.0126698  0.0541262 -0.0115076  1.50681 0.011773 -9.69257 
             152.901  21.2589  2.29551 -53.3418 -0.275304  0.657314   1.40114  0.700776 -0.151658  0.189866 -0.00705515   -0.029269    0.031678 0.00423277  0.0640089 -0.0267839  0.00112896 -0.00273588 -0.00484783    0.01237   0.054335 -0.0113913   1.50672 0.0116417  -9.69258 
                 153  21.5273  2.61904 -53.8024 -0.271821  0.651677   1.40492  0.697698 -0.151837  0.200503 -0.00705529  -0.0292657   0.0316832 0.0222988 0.0271564 -0.016299  0.00104859 -0.00266335 -0.00502994  0.0113843  0.0539822 -0.0119945   1.50615 0.0114195  -9.69267 
               153.1  21.7871  2.97024 -53.5912 -0.272417  0.649087   1.41672  0.689551 -0.150558  0.201729 -0.00706586  -0.0292426   0.0316907  0.0207975 0.00723691 0.00102124  0.00103835 -0.00296817 -0.00505898  0.0109674  0.0525556 -0.0130602   1.50591 0.0114379  -9.69271 
             153.201   21.701  2.44533 -53.9311 -0.268023  0.651039   1.41635  0.690489 -0.150671  0.203095 -0.00706536  -0.0292461    0.031691 0.0328628 0.0334567 0.0087846  0.00124565 -0.00234885 -0.00493201 0.0108493 0.0526625 -0.012992   1.50588 0.0113786  -9.69271 
             153.301   21.872  3.37035 -54.1244 -0.259389  0.645418   1.40767  0.696297 -0.152659   0.21276 -0.00706175  -0.0292663   0.0316837   0.0641462   0.0120974 0.000946959  0.00121211 -0.00287496 -0.00448357  0.0104302  0.0541518 -0.0123741  1.50549  0.01121 -9.69277 
               153.4  21.8993  2.62558 -54.0151 -0.252284  0.644197   1.40772 0.696415 -0.15288 0.216298 -0.00706212  -0.0292755   0.0316734   0.0620101   0.0131461 -0.00185409  0.00114374 -0.00233593  -0.0045833   0.010146  0.0542269 -0.0124314   1.50533 0.0111289   -9.6928 
               153.5  21.7307   2.4015 -53.7445 -0.250962  0.642153   1.40608  0.695606 -0.153912  0.220922 -0.00709245  -0.0292881   0.0316519     0.05653   0.0205334 -0.00217292  0.00130666 -0.00219712 -0.00470782  0.0100073  0.0546904 -0.0124998   1.50497 0.0111727  -9.69285 
               153.6  21.7242  2.39995 -53.4913 -0.247856   0.63817   1.40147  0.698537 -0.155072  0.227535 -0.00711839  -0.0293122   0.0316331   0.0633183   0.0161702 -0.00920397  0.00146589 -0.00212854 -0.00469193 0.00968022  0.0555209 -0.0122219   1.50468 0.0110669   -9.6929 
               153.7   21.893  1.88304 -53.4612 -0.251156  0.636722   1.40372  0.693379 -0.156232  0.232809 -0.00716618  -0.0293132   0.0316336   0.045737  0.0435663 0.00381315  0.00135468 -0.00170871 -0.00481982 0.00953426   0.055648 -0.0127435  1.50411 0.011227 -9.69299 
               153.8  21.7609  2.32485 -53.3668 -0.244452  0.648667   1.40247  0.695019 -0.156896  0.234288 -0.00717615  -0.0293173   0.0316273  0.048127  0.121004 0.0196183   0.0011607 -0.00178448  -0.0048442 0.00957513  0.0561915 -0.0125239   1.50402 0.0112471    -9.693 
               153.9   20.819  2.56759 -53.6495 -0.247006  0.645721   1.39849  0.696654 -0.158528  0.242776 -0.00716627  -0.0293195   0.0315542 0.00504798  0.0999371 0.00632185 0.000143377 -0.00157433  -0.0050163 0.00919895  0.0572224 -0.0123602   1.50353 0.0112024  -9.69308 
             154.001  19.8083  1.95746 -53.6445 -0.245965  0.663451   1.40223  0.695583 -0.158068  0.245374 -0.00716066  -0.0293376   0.0315605  -0.0119309    0.158196 -0.00237154 0.000361547 -0.00116274 -0.00556483  0.0088636   0.056923 -0.0125667  1.50342 0.011113 -9.69309 
               154.1  18.0558  3.08563 -55.3541 -0.241719  0.672899   1.40735  0.694255 -0.157402  0.248722 -0.00720895  -0.0293215   0.0316228 -0.0116813   0.137457 -0.0271333 -0.000248552 -0.000893583  -0.00582441 0.00834847    0.05618  -0.012908   1.50336 0.0109076   -9.6931 
             154.201  16.9732  2.99765 -56.6432 -0.238349  0.663538   1.42034  0.687907 -0.157178  0.258134 -0.00721966  -0.0292973   0.0316571 -0.0230216   0.105597 -0.0203554  -0.00112929 -0.000465288  -0.00627048 0.00730279  0.0548509 -0.0139184   1.50284 0.0106394  -9.69319 
             154.301  15.9119  3.36578 -57.4731 -0.24481  0.65665  1.41049  0.683768 -0.157225  0.262241 -0.00720847  -0.0293373    0.031674 -0.0587189  -0.119697  -0.160429 -0.000599611 -0.000557216  -0.00564447  0.0068719  0.0540173 -0.0144862   1.50259 0.0105436  -9.69322 
               154.4  13.1395   6.3098 -56.5469 -0.247919  0.639643   1.42189   0.67117 -0.155088  0.258244 -0.00735009  -0.0294777   0.0317064 -0.0368273  -0.187195  -0.160922 0.000486253  -0.0017176 -0.00477747 0.00673225  0.0513489 -0.0162577   1.50259 0.0106314  -9.69322 
             154.501  13.1742  8.63655 -56.0829 -0.218972  0.612229   1.39438  0.679729 -0.153452  0.261603 -0.00723379  -0.0294576   0.0320121 0.0401569 -0.173478 -0.229633  0.00113342 -0.00177328 -0.00382657 0.00554343  0.0512104 -0.0155271    1.50297 0.00990702   -9.69317 
             154.601  13.7626  9.52347 -54.2501 -0.209066    0.6031   1.36734  0.680907 -0.153032   0.25806 -0.00713317  -0.0294334   0.0319522 0.0725576 -0.114425  -0.26161  0.00196549 -0.00157914 -0.00374771 0.00576774  0.0510458 -0.0152794    1.50326 0.00990646   -9.69312 
             154.701  14.6069  10.4044 -52.7812 -0.197866  0.594277   1.36263  0.684001 -0.152553   0.26211 -0.00704887  -0.0295846   0.0320083 0.0967981 -0.127678 -0.267281   0.0018746 -0.00169255 -0.00326439 0.00489497  0.0511036 -0.0150417    1.50322 0.00952842   -9.69313 
               154.8  14.5306  10.2009 -53.8002 -0.17928 0.588699  1.34672  0.681318 -0.150195  0.257286 -0.00699421  -0.0296254   0.0318721  0.0666548 -0.0119208  -0.222199  0.00182044 -0.00124227 -0.00238212 0.00467667    0.04958 -0.0154481    1.50368 0.00936386   -9.69306 
               154.9 15.3169 10.8552  -51.33 -0.160504  0.579085   1.32683  0.683679 -0.149748  0.263888 -0.00696177  -0.0298535   0.0319125 0.0929168 0.0642701 -0.168489  0.00212088 -0.00135508 -0.00239887 0.00342519  0.0496121 -0.0154695    1.50346 0.00889591   -9.69309 
             155.001   17.059  10.4832 -48.4455 -0.139372  0.574485   1.31565  0.683479 -0.149399  0.269738 -0.00692082   -0.030059   0.0318639  0.130223  0.077146 -0.159247  0.00178565 -0.00164217 -0.00282417 0.00231396  0.0491801 -0.0159718    1.50323 0.00848669   -9.69313 
             155.101  18.1138  10.3464 -46.1758 -0.0924153   0.572286    1.29627  0.685265 -0.149404  0.278842 -0.00686208  -0.0303888   0.0317766   0.194097   0.125813 -0.0765287   0.0015417  -0.0020065 -0.00278254 0.000838508   0.0490174  -0.0161771    1.50292 0.00794741   -9.69317 
               155.2  18.9139  10.6186 -42.5926 -0.0821224   0.548619     1.2995  0.684476 -0.152329  0.290469 -0.00696099  -0.0306423   0.0317204  0.198684 0.0799436 -0.072035   0.0015222 -0.00171262 -0.00357835 -0.000668229    0.0491768   -0.0166878    1.50225 0.00740803   -9.69328 
               155.3  19.6796  10.4825 -43.2254 -0.0547888   0.553463    1.28958  0.683555 -0.154376  0.292972 -0.00704673   -0.030763   0.0318063   0.137966   0.105414 -0.0329447  0.00073028 -0.00138004 -0.00303376 -0.00106081   0.0496679  -0.0168165     1.5019 0.00728258   -9.69333 
             155.401  19.5771  11.4164 -40.2384 -0.0404265   0.551625     1.2716  0.687977 -0.152104  0.294547 -0.0070507  -0.030827  0.0317558   0.135795  0.0648725 -0.0355462 0.000675166 -0.00204213 -0.00341331 -0.00201201   0.0512573  -0.0161351    1.50176 0.00716664   -9.69336 
             155.501   19.244  11.4011 -39.3565 -0.0283765   0.552254    1.26198  0.689876 -0.151143  0.295634 -0.00700482  -0.0308331   0.0316679    0.125063    0.107667 0.000416359  0.00122376 -0.00169989 -0.00339016 -0.00263396   0.0522211  -0.0158338    1.50164 0.00706307   -9.69337 
             155.601  19.3549  11.4427 -38.1725 -0.0194089   0.551914    1.25245  0.692248 -0.149577  0.296665 -0.00694085  -0.0308087   0.0315519   0.0969248    0.120028 -0.00505872   0.0012205 -0.00156414 -0.00399066 -0.00346851   0.0535327  -0.0154871    1.50151 0.00692242   -9.69339 
             155.701  19.2115  11.7191 -37.5995 -0.0140527   0.554583    1.24275 0.695155 -0.14706 0.296173 -0.00686076  -0.0307732   0.0314732  0.0574883  0.0948708 -0.0166182 0.000749617 -0.00174052 -0.00426951 -0.00414723   0.0547305  -0.0151283    1.50151 0.00683756    -9.6934 
               155.8  19.0306    12.85 -37.2694 -0.0146848   0.556138    1.23761 0.695497  -0.1463 0.292782 -0.0067335   -0.03076  0.0314172   0.0251448   0.0822357 -0.00224955 0.000401748 -0.00244167 -0.00419975 -0.00424409   0.0554067      -0.015    1.50154 0.00679196   -9.69339 
               155.9  18.1012  12.8019 -37.1681 -0.0119327   0.555134    1.23394  0.696186 -0.145622  0.293492 -0.00660551  -0.0306878   0.0313117 0.0250166 0.0993438 0.0376145  0.00100652 -0.00232647 -0.00429398 -0.00483371    0.056252  -0.0149128    1.50149 0.00665121    -9.6934 
             156.001  17.7468  13.2102 -36.9156 -0.013546  0.558716   1.24049  0.694286 -0.147034  0.291728 -0.00652028  -0.0306666   0.0312663 -0.0156629   0.119357  0.0928584 0.000926545 -0.00262188 -0.00454572 -0.00473674   0.0563999  -0.0150363    1.50148 0.00657229    -9.6934 
               156.1  17.1112  12.9971 -36.9256 -0.0144164   0.563337    1.24797  0.694261 -0.147111   0.29344 -0.00649335  -0.0306268     0.03123 -0.0449669   0.132057   0.123292 0.00072752 -0.0025622 -0.0048143 -0.00506087   0.0566388  -0.0150616    1.50143 0.00650728   -9.69341 
               156.2  16.0319  12.5223 -37.3441 -0.0241827   0.578803    1.27164  0.689257 -0.151637  0.290968 -0.0064592 -0.0306859  0.0312528 -0.0738728   0.154207   0.160007 0.000788981 -0.00245196 -0.00494869 -0.0041419  0.0557067 -0.0154434     1.5014 0.00651857   -9.69341 
               156.3   14.689  11.8282 -38.4484 -0.0238473   0.588272    1.29792  0.684409 -0.157229  0.297511 -0.00645222  -0.0306624   0.0312113 -0.0646991   0.124518   0.155408 0.000435974 -0.00232913 -0.00516068 -0.00394547   0.0546302  -0.0159644    1.50117 0.00648864   -9.69345 
             156.401 13.1944   11.39 -39.468 -0.0350959   0.593973    1.32025  0.679658 -0.161812  0.296727 -0.00635892  -0.0306673   0.0311614 -0.121291  0.105825  0.140314  0.00016284 -0.00183858 -0.00519076 -0.00344063   0.0540627  -0.0163525    1.50111 0.00641978   -9.69346 
               156.5  11.8358  11.9079 -40.1383 -0.0383632    0.60527    1.32283  0.682497 -0.159145  0.298131 -0.00642966  -0.0306851     0.03121 -0.0985479  0.0977949   0.120887 0.000251103 -0.00222311 -0.00535942 -0.00364007   0.0541308  -0.0161238    1.50112 0.00651434   -9.69346 
               156.6  11.5007  12.7874 -40.1529 -0.0425501   0.613216    1.33881  0.680136 -0.162087  0.299282 -0.00648693  -0.0307349   0.0312392 -0.0371307   0.011383   0.070762 0.000266323 -0.00298602 -0.00537215 -0.00306468   0.0532777  -0.0163956   1.50105 0.0065812  -9.69347 
               156.7  9.98844  13.1847 -40.8268 -0.0445575   0.624134    1.34574  0.680481 -0.162023  0.300782 -0.00654357  -0.0307834   0.0312708 -0.0424111 0.00498382  0.0477434   0.0006431 -0.00267641 -0.00506423 -0.00274588   0.0526501  -0.0163898    1.50101 0.00672717   -9.69347 
               156.8  8.93565  13.4383 -40.8733 -0.0468609   0.638667    1.35024 0.681645 -0.16078 0.301973 -0.00654729  -0.0308119   0.0312884  0.0119718 -0.0400951 0.00329378 0.000923938 -0.00248246  -0.0049628 -0.00235419   0.0519229  -0.0162089    1.50099 0.00695998   -9.69347 
               156.9  8.31598  14.0968 -40.3379 -0.0390348   0.647344    1.35466  0.681269 -0.160989   0.30455 -0.00645418  -0.0308128   0.0312119  0.0119598 -0.0359351 0.00164649 0.000975605 -0.00252246 -0.00468206 -0.00210797   0.0507953  -0.0162764   1.50099 0.0071771  -9.69348 
                 157  8.04332  13.6393 -38.8549 -0.0340611   0.658157    1.36312  0.679473 -0.163023  0.306174 -0.00626423  -0.0307759   0.0311288   0.0134987 -0.00782294  -0.0107875  0.00119118 -0.00171708 -0.00443467 -0.00153231   0.0494712  -0.0166586      1.501 0.00736511   -9.69347 
             157.101  8.14492  14.3621 -37.2002 -0.0318833   0.670153    1.36517  0.678599 -0.163865  0.307015 -0.00607256  -0.0306621   0.0310374    0.051681 -0.00802734  -0.0272869  0.00103652 -0.00208472 -0.00431384 -0.000809129    0.0486159   -0.0167137    1.50094 0.00757237   -9.69348 
             157.201   7.9075  14.9394 -34.7218 -0.0323006   0.680833    1.35926   0.67882 -0.163001  0.308201 -0.00593137  -0.0305357   0.0309745  0.0277476 0.00354629 -0.0211387  0.00072399  -0.0022245 -0.00397677 -0.000435177     0.048326   -0.0163927    1.50082 0.00774035    -9.6935 
             157.301  7.23172  15.6036 -32.1962 -0.026466  0.695835   1.34773  0.679853 -0.159887  0.311846 -0.00564201  -0.0305062   0.0309834  0.0295213  0.0543397 -0.0392518  0.00061859 -0.00224555 -0.00318327 -0.000903324    0.0478876   -0.0158136     1.5007 0.00796045   -9.69352 
               157.4  6.87495  15.3178 -29.2515 -0.023539  0.717815   1.33737  0.680147 -0.158704  0.314093 -0.0054828 -0.0304444  0.0309974  0.0394683   0.181571 -0.0850059 0.000876947 -0.00177711 -0.00294416 -0.000939732    0.0475977    -0.015543    1.50058 0.00809516   -9.69354 
             157.501  6.80108  15.7274 -26.3093 -0.0178311    0.73219    1.32577   0.68035 -0.158332  0.312559 -0.00556683  -0.0304851   0.0309963 0.0726357  0.234998 -0.139047  0.00112717 -0.00176664 -0.00277571 -0.00113323   0.0478864  -0.0155209    1.50066 0.00800943   -9.69353 
               157.6  6.52278  15.6346 -24.3101 -0.0112249   0.733372    1.30886  0.680797 -0.158675  0.301812 -0.00589342  -0.0305446   0.0309609 0.0902698  0.263015 -0.239385  0.00150343 -0.00155389 -0.00289385 -0.00125506   0.0492481  -0.0157983     1.5012 0.00753412   -9.69344 
               157.7  8.07128  16.6135 -22.6657 -0.000830861      0.73826      1.30152  0.679435 -0.164106  0.294347 -0.00597971   -0.030453   0.0310433 0.0860183  0.264068  -0.34473 0.000965885 -0.00193978 -0.00320469 -0.000391475     0.049526    -0.016819   1.50167 0.0072934  -9.69337 
               157.8  8.80913  17.0152 -21.7864 0.00480246    0.72986    1.30031  0.679423 -0.165201  0.288279 -0.00597506  -0.0303839   0.0311411 0.0903497  0.240048 -0.369296 0.000990001 -0.00212194 -0.00363352 -0.000409371    0.0500462   -0.0173023    1.50211 0.00708028    -9.6933 
               157.9 8.65576 17.0134 -21.857 0.0227425  0.746442   1.23107  0.680701 -0.165372  0.276797 -0.00587683  -0.0303073   0.0313073  0.127458  0.222066 -0.526472  0.00127032 -0.00215897 -0.00363406 -0.000305642    0.0512613   -0.0177448    1.50279 0.00663969    -9.6932 
                 158  9.14969  17.8478 -22.1198 0.0337438  0.745151   1.20297   0.68278 -0.161138   0.27356 -0.00575789  -0.0302596   0.0313648  0.136373   0.18629 -0.575351 0.000825032 -0.00265973  -0.0038452 -0.00127225   0.0520313   -0.017681    1.50311 0.00647185   -9.69315 
             158.099  8.94266  17.9888 -21.5669 0.0499527  0.770898   1.09828 0.685818 -0.15878 0.268248 -0.00560241  -0.0303128   0.0314217 0.161881 0.157745  -0.6083  0.00112838 -0.00280504 -0.00437602 -0.00115529   0.0529295  -0.0174072     1.5033 0.00618888   -9.69312 
             158.199  8.89362  17.6658 -21.8817 0.0744905  0.762746   1.03034  0.688122 -0.157603  0.258443 -0.00536766  -0.0301883   0.0314546  0.189682 0.0338114 -0.557579 0.000617798  -0.0032803  -0.0044016 -0.0011766  0.0541071  -0.017817    1.50402 0.00582586   -9.69301 
               158.3   8.7302  16.5319 -21.2278 0.0941688  0.751149  0.984413  0.691515 -0.151551  0.252024 -0.0052598 -0.0301182  0.0314053   0.234743 -0.0124782  -0.496489 0.000853228 -0.00299815 -0.00421487 -0.00223901   0.0553633   -0.017759   1.50458 0.0055376  -9.69292 
               158.4  8.77348   16.135 -20.2488 0.129924 0.753478 0.935396  0.688943 -0.152842    0.2577 -0.00527291   -0.030099   0.0313674   0.204281 -0.0221999  -0.353577  0.00107687 -0.00258721 -0.00438548 -0.00276022   0.0546666  -0.0180265    1.50442 0.00587407   -9.69294 
             158.501  9.44117  16.6174 -18.8564 0.125245 0.756826 0.925839  0.691085 -0.149691  0.257942 -0.00527983  -0.0301272   0.0313809  0.188834 -0.023539 -0.348544 0.000667834 -0.00243102 -0.00422655 -0.00289959   0.0549232  -0.0175904    1.50426 0.00573874   -9.69297 
             158.599  9.46203  16.7709 -18.6987 0.143618 0.757952 0.898157  0.690632 -0.151323  0.261175 -0.0052719 -0.0301413  0.0313863  0.162104 -0.045872 -0.214506 0.000674773 -0.00252993 -0.00421119 -0.00265393   0.0545389  -0.0175971     1.504 0.0058465  -9.69301 
             158.701  10.2257   17.756 -17.2843 0.158044 0.763775 0.860992  0.695473 -0.141969  0.269708 -0.00517117  -0.0302192   0.0313799   0.130938 -0.0475825   -0.16623 0.000327388 -0.00255984 -0.00419804 -0.00456383   0.0549325  -0.0167852    1.50347 0.00594944   -9.69309 
               158.8  9.79173  18.1037 -16.6268 0.168701 0.760585 0.835265  0.698076 -0.135156   0.27139 -0.00513626  -0.0302215   0.0313822  0.0920023 -0.0634639  -0.120992 0.000516343  -0.0023547 -0.00399364 -0.00582619   0.0553908  -0.0163125     1.5034 0.00591674    -9.6931 
               158.9  9.85331  18.9275 -15.8533 0.180864 0.748561 0.820944  0.698407 -0.133819   0.27007 -0.00513004  -0.0302187   0.0313605  0.0496213 -0.0401555 -0.0144373 0.000662493  -0.0027617 -0.00381342 -0.00573337   0.0554406  -0.0162243     1.5034 0.00580711    -9.6931 
                 159  9.53794  19.0075 -14.8565 0.182151 0.751465  0.82223  0.698964 -0.134862  0.273871 -0.00513487  -0.0302258   0.0313703 0.00526028 -0.0164463  0.0192139 0.000988337 -0.00228839 -0.00416552 -0.00571001   0.0553113   -0.016278    1.50318 0.00589986   -9.69314 
               159.1  9.02885   18.848 -14.6888 0.182984 0.740963 0.826728  0.697645 -0.135154  0.268842 -0.0051234 -0.0302173  0.0313503 -0.0357315 -0.0499497  0.0640726 0.000904309 -0.00240439 -0.00412311 -0.00565238   0.0554273  -0.0162908   1.50352 0.0058477  -9.69308 
             159.199  8.78914  18.9704 -14.5291 0.183704  0.73628 0.823141  0.700224 -0.127332  0.271536 -0.00511946  -0.0301837   0.0313398 -0.00633038  -0.0728816    0.135063 0.000655138 -0.00260341 -0.00414393 -0.00731577   0.0559424  -0.0159166    1.50347 0.00590062   -9.69309 
               159.3  8.55816  18.8597 -14.2467 0.186197 0.733988 0.845189  0.700533 -0.128472  0.276162 -0.00513355  -0.0301883   0.0313419 -0.00576272   -0.050721    0.292061 0.000914406 -0.00267701 -0.00417967 -0.00738897    0.055801  -0.0159665    1.50323 0.00602994   -9.69313 
               159.4  8.95683  19.2303 -13.5396  0.18189  0.73601 0.854968  0.704223 -0.119226  0.280416 -0.0051206 -0.0301951  0.0313355  -0.062699 -0.0236912   0.362383 0.000758834 -0.00234333 -0.00417601 -0.0090231  0.0563016 -0.0155598    1.50301 0.00600679   -9.69316 
               159.5  9.06926  18.9336 -13.6938 0.165732 0.744604 0.902335 0.708342 -0.11192  0.28948 -0.00515211   -0.030227    0.031317  -0.143318 0.00948854   0.465219 0.000444744  -0.0019785 -0.00399454 -0.0104218  0.0565921 -0.0152491    1.50247 0.00606275   -9.69325 
               159.6  8.00823  19.0145 -14.1053 0.145608 0.733838 0.944853   0.70823 -0.105385  0.277692 -0.00509067  -0.0302014   0.0313117  -0.236741 -0.0319115   0.525738 0.000240107 -0.00215933 -0.00388115 -0.0110456  0.0571577 -0.0149878    1.50319 0.00577756   -9.69313 
               159.7  7.04865  18.7007 -14.2091 0.119039 0.736269 0.992325    0.71135 -0.0999329   0.283936 -0.00512099  -0.0301963   0.0313352  -0.258246 -0.0361874   0.541197 9.80154e-05 -0.00257529 -0.00373145 -0.0119894  0.0573813 -0.0147919    1.50281 0.00577359   -9.69319 
               159.8  7.02844  18.1887 -14.5036 0.0900404  0.740972   1.04403    0.71471 -0.0960256   0.293172 -0.00517152  -0.0302247    0.031365  -0.233784 -0.0500137   0.544631 -0.000194306  -0.00335047  -0.00357283 -0.0125264  0.0573955 -0.0146597    1.50218 0.00575219   -9.69329 
               159.9  6.22764  16.7997 -14.4836 0.0666932  0.746363   1.10034   0.715609 -0.0983743   0.302444 -0.00518744  -0.0302433   0.0313937  -0.214488 -0.0308316    0.51451 7.24962e-05 -0.00321631   -0.003676 -0.0124028  0.0570894 -0.0147488     1.5016 0.00591743   -9.69338 
                 160  4.64254  15.5342 -14.3145 0.0574004  0.762655   1.14044  0.717961 -0.096794  0.320289 -0.00520439  -0.0302415   0.0314113 -0.172942 0.0304956  0.437769  0.00094955 -0.00298912 -0.00406624 -0.0140487  0.0569982 -0.0147031    1.50073 0.00647607   -9.69352 
               160.1  4.88994  14.5908 -14.2239 0.0326673  0.777476   1.19024 0.718033 -0.10222 0.328448 -0.0051826 -0.0302619  0.0314898 -0.180087 0.0532332   0.38958 0.000624824 -0.00317685 -0.00412499 -0.0129284   0.056332 -0.0148652    1.50003 0.00651991   -9.69362 
               160.2 4.53163 13.8028 -14.582 0.0133146  0.784764   1.24029  0.716084 -0.110337  0.330181 -0.00514129  -0.0302809    0.031516 -0.154535 0.0427759  0.367559 0.000427925 -0.00344261 -0.00410978  -0.011425  0.0557214 -0.0152054     1.4998 0.00658339   -9.69366 
               160.3  3.81591  12.9894 -14.9093 -0.00821486    0.798122     1.28758  0.71541 -0.11538 0.335708 -0.00513597  -0.0303027    0.031549 -0.126839 0.0257556  0.372729 0.000476809 -0.00381405 -0.00418667 -0.0104293  0.0550654 -0.0153483   1.49927 0.0066515  -9.69374 
             160.399  3.72034  12.4133 -16.1223 -0.0239816    0.80631    1.31806  0.716094 -0.115419  0.340865 -0.00517004  -0.0303404   0.0315457  -0.109762 -0.0258867    0.34054 -0.000176574  -0.00413214  -0.00388232 -0.0102981  0.0547274 -0.0151651    1.49879 0.00665281   -9.69382 
               160.5  2.58613  11.2308 -17.2172 -0.04277 0.806901  1.33913  0.717162 -0.115611  0.341202 -0.0051634 -0.0303983  0.0315778 -0.11995 -0.04422 0.299669 1.89678e-05 -0.00365193 -0.00402887 -0.00961451   0.0547438  -0.0149639    1.49859 0.00638278   -9.69385 
             160.599 2.25381 10.9963 -18.642 -0.0659812   0.803743    1.38081  0.717146 -0.118577  0.342756 -0.00516764   -0.030472   0.0315875  -0.106551 -0.0536018   0.254892 -8.50147e-05  -0.00374242  -0.00385418 -0.00870393   0.0544832  -0.0150122    1.49833 0.00628385   -9.69389 
               160.7   1.2889  9.09957 -21.0514 -0.0899515   0.793955    1.42479  0.716912 -0.125534  0.340211 -0.00505325  -0.0305808   0.0316246 -0.0926348 -0.0732371   0.238022 -7.98285e-05  -0.00341838  -0.00411507 -0.0066006  0.0545127  -0.015589    1.49837 0.00600644   -9.69388 
             160.799 -0.0260841    7.64917   -22.6548 -0.11634 0.793824  1.45149  0.717832 -0.128801  0.344493 -0.0050507 -0.0307537  0.0316757 -0.0704992  -0.100101   0.191455 0.000193924 -0.00341911 -0.00451705 -0.00515892   0.0542498  -0.0153923    1.49779 0.00572258   -9.69397 
               160.9 -0.813298   6.23561    -24.26 -0.136896  0.797754    1.4634  0.718236 -0.131198  0.351587 -0.00511067  -0.0308954   0.0317335 -0.0493505  -0.100815   0.118994 0.000427956 -0.00363072  -0.0048554 -0.00419417   0.0536358   -0.014859    1.49698 0.00559285    -9.6941 
                 161 -0.0873269    5.47807   -25.9494 -0.145612  0.801583   1.46995  0.717658 -0.133277   0.35675 -0.00517162  -0.0309903   0.0317057  0.0251072 -0.0748629  0.0858904 0.000509669 -0.00380297 -0.00508304 -0.00379154   0.0528844  -0.0144702    1.49638 0.00569474   -9.69419 
             161.099 0.807769  5.00477 -28.8053 -0.139832  0.804749   1.47902  0.717373 -0.135183  0.359238 -0.00524394  -0.0310312   0.0316292   0.115757 -0.0764535  0.0828199 0.000871478 -0.00463303  -0.0051459 -0.0034709  0.0522992 -0.0145301   1.49606 0.0058662  -9.69424 
             161.199  1.30533  3.06427 -31.0324 -0.148506  0.807804   1.48907  0.717955 -0.137724   0.36411 -0.00519981  -0.0311956   0.0316669  0.0983202 -0.0554897    0.07192 0.000903594 -0.00375841  -0.0052823 -0.00231824   0.0522608  -0.0143738   1.49557 0.0056787  -9.69431 
             161.299  1.78052  2.57083 -33.0142 -0.15029  0.83292  1.48991   0.71661 -0.142388  0.370201 -0.00525739  -0.0314147   0.0315451  0.112191 0.0125836 0.0570785 0.000956118 -0.00377939 -0.00552298 -0.00119248   0.0509177  -0.0136845     1.4947 0.00587173   -9.69445 
               161.4  1.58505  1.34651 -35.9831 -0.160201  0.855856   1.48954 0.716349  -0.1451  0.37434 -0.00527045  -0.0315476   0.0314902   0.09046 0.0641826 0.0528388  0.00128246 -0.00349834 -0.00544872 -0.00022277   0.0500735  -0.0134121    1.49411 0.00601825   -9.69454 
               161.5  2.07102 0.700772 -36.6617 -0.160088  0.884612    1.4985  0.716521 -0.147032  0.377633 -0.00527359  -0.0316441   0.0314653 0.0897167 0.0546093 0.0461334 0.000892383 -0.00324196 -0.00545794 0.000635581   0.0494808  -0.0133379    1.49364 0.00613547   -9.69461 
               161.6  2.61987   -1.733 -39.9436 -0.162719  0.900879   1.50175  0.716787 -0.147528  0.379944 -0.00524407  -0.0316665   0.0314914 0.0791398 0.0462603 0.0389835 0.000542003 -0.00301231 -0.00525564 0.00120448  0.0492465 -0.0132775    1.49336 0.00619198   -9.69465 
             161.699  2.41895 -2.63773  -41.428 -0.168598  0.902863   1.50568  0.716822 -0.147611  0.385688 -0.00521717  -0.0316382   0.0314813  0.0725869 -0.0234431  0.0465909 0.000379259 -0.00346501  -0.0051648 0.00179374  0.0496689 -0.0132058    1.49301 0.00608155   -9.69471 
               161.8  2.18596 -3.13945 -43.4788 -0.16282 0.910027  1.50211  0.715913 -0.149626  0.385372 -0.00518549    -0.03165    0.031498  0.0792954 -0.0454584   0.030821 0.000332462 -0.00395651  -0.0047736 0.00239489  0.0490703  -0.012694    1.49286 0.00617225   -9.69473 
               161.9  1.66658 -3.91053 -44.7483 -0.155957  0.906746   1.50389  0.715696 -0.149792  0.387679 -0.00517376  -0.0316239   0.0314742   0.138312 -0.0776186  0.0306308 0.000814602 -0.00418625 -0.00470219 0.00267363  0.0491264 -0.0125985    1.4927 0.0061779  -9.69476 
             161.999  2.21243  -4.1663 -46.2478 -0.140001  0.909127   1.51793  0.719157 -0.143771  0.382865 -0.0051073 -0.0316273  0.0314978  0.218457 -0.114788 0.0550927 0.000801369 -0.00495929  -0.0043975 0.00218111  0.0490377 -0.0134738      1.493 0.00635795   -9.69471 
               162.1  1.94036 -6.44942 -46.7608 -0.124034  0.896597   1.53333  0.720913 -0.139835  0.387555 -0.00512406  -0.0315968    0.031476  0.253891 -0.153952 0.0727252 0.000984788 -0.00400903 -0.00466581 0.00176243  0.0497619 -0.0141175    1.49285 0.00637318   -9.69473 
               162.2  1.83728 -7.14166 -46.8925 -0.118057  0.894252   1.52502  0.717591 -0.145716  0.396418 -0.00517303  -0.0314124   0.0314433  0.239691 -0.140697 0.0488012 0.000855596  -0.0037023 -0.00525038 0.00329389  0.0496893 -0.0131453    1.49224 0.00642771   -9.69483 
               162.3  1.60808 -7.70589 -48.2973 -0.120554  0.889822   1.52239  0.715416 -0.148743  0.410002 -0.00524291  -0.0312891   0.0313647  0.176882  -0.13349 0.0481542  0.00109416 -0.00322556 -0.00505093 0.00419165  0.0503077 -0.0127324     1.4915 0.00648676   -9.69494 
               162.4  1.79716 -8.08522 -49.0502 -0.125107  0.882397    1.5303  0.715512 -0.146668  0.423503 -0.00528325   -0.031184    0.031301  0.163525 -0.121479 0.0534882  0.00107605  -0.0032361 -0.00474416 0.00439893  0.0513035  -0.013016    1.49086 0.00662405   -9.69504 
               162.6  3.07256 -9.03284  -49.799 -0.108249  0.870023   1.55521   0.71765 -0.140383  0.431121 -0.00530211  -0.0311299   0.0313015   0.178502 -0.0785041  0.0968532  0.00111161 -0.00281057 -0.00473138 0.00371284   0.052254 -0.0138425    1.49061 0.00674191   -9.69508 
               162.7  3.32868 -8.86709 -50.1382 -0.114338  0.867108   1.55399  0.715198 -0.145203  0.445966 -0.00536662  -0.0310813   0.0312773   0.150629 -0.0861639  0.0860494  0.00115386 -0.00325898 -0.00517165 0.00460135  0.0529131 -0.0133601     1.4898 0.00682475    -9.6952 
               162.8  4.35071 -9.46515 -50.6291 -0.135866  0.855668   1.56501  0.715182 -0.144405  0.468036 -0.00546054  -0.0311009   0.0313476 0.0679981 -0.102182 0.0892533  0.00070551 -0.00276342  -0.0048951 0.00395989  0.0546401 -0.0138487    1.48876 0.00685517   -9.69536 
               162.9   4.4226 -8.99318 -50.6504 -0.132025  0.838818   1.57928  0.714432 -0.145454  0.475581 -0.00548437  -0.0310837   0.0313544   0.112487 -0.0986867  0.0946712 0.000820103 -0.00309026 -0.00481929 0.00418006  0.0550761 -0.0137838    1.48837 0.00691493   -9.69542 
                 163   6.3003 -7.36079 -50.8301 -0.136687  0.827058   1.58016  0.713124 -0.148622  0.488494 -0.00551127   -0.031113   0.0314402   0.12932 -0.149566   0.09197 0.000832554 -0.00416836 -0.00449549 0.00430999  0.0558405 -0.0136333    1.48769 0.00691689   -9.69553 
               163.1  6.36917 -7.64294 -50.5326 -0.118526  0.802477   1.59695  0.713349 -0.146971  0.491883 -0.00552445  -0.0310875   0.0314197  0.189762 -0.186018 0.0822861 0.000841948 -0.00400909 -0.00468227 0.00425428  0.0561388 -0.0138059    1.48755 0.00700749   -9.69555 
             163.203  6.80119 -7.00184 -50.0979 -0.124501  0.802374    1.5727  0.707579 -0.163289  0.504808 -0.00554213  -0.0310856   0.0313841  0.178337  -0.15769 0.0339366  0.00114713 -0.00388588 -0.00442024 0.00728849  0.0560917 -0.0119668    1.48668 0.00712408   -9.69568 
               163.3  7.30173 -6.29535  -49.423 -0.130319  0.804404   1.56276  0.705401 -0.168659   0.51246 -0.00554252  -0.0310368   0.0312767   0.20406 -0.158586 0.0251001  0.00114106 -0.00424783 -0.00461304 0.00867204  0.0563278 -0.0113248    1.48624 0.00730128   -9.69575 
             163.399  7.67401 -6.57244 -49.4902 -0.140285  0.806913   1.55724    0.7041 -0.171675  0.521875 -0.00555153  -0.0310107   0.0311984  0.189321 -0.134676 0.0224196  0.00114831 -0.00385858 -0.00467457 0.00948833  0.0568759 -0.0110106    1.48575 0.00746709   -9.69582 
               163.5  7.84951 -6.17758   -49.84 -0.146957  0.803852   1.56024  0.704183 -0.169896  0.529979 -0.00554779  -0.0310145   0.0311523  0.174589  -0.14046 0.0256058  0.00117647 -0.00385433 -0.00473899 0.00918734  0.0575545 -0.0112878    1.48537 0.00756597   -9.69588 
             163.599  8.10218 -5.92068 -50.3613 -0.153142  0.812018   1.55501  0.703318 -0.171419  0.531419 -0.00553176  -0.0310183   0.0311021  0.172003  -0.13617 0.0212482  0.00102972 -0.00393474 -0.00448355  0.0100655  0.0576205 -0.0110125    1.48529 0.00775389   -9.69589 
             163.699  8.75262 -5.70925 -49.9682 -0.140722  0.791306    1.5588  0.703314 -0.171315  0.538435 -0.00552648  -0.0310291   0.0310988  0.186128 -0.164118 0.0222648 0.000659481 -0.00395983 -0.00482757 0.00979375  0.0581629 -0.0111329    1.48494 0.00775675   -9.69595 
               163.8  9.24419 -5.73944 -49.9819 -0.122783  0.764187   1.56451  0.703177 -0.169439    0.5469 -0.00552032  -0.0310399   0.0310911  0.186069 -0.162252 0.0231472 0.000599912 -0.00366497 -0.00482839 0.00939019  0.0588605 -0.0114393    1.48454 0.00784171   -9.69601 
               163.9  9.71454 -5.33111 -50.5164 -0.146922  0.762785   1.56573 0.702159 -0.16605  0.56129 -0.00548471  -0.0310862   0.0310624  0.140143 -0.188898 0.0203979 0.000355251 -0.00378937 -0.00461941 0.00923356  0.0601188 -0.0118898    1.48384 0.00817186   -9.69611 
                 164  8.12423 -4.45796 -50.7096 -0.132154  0.763652   1.54385  0.701161 -0.178569  0.551432 -0.00550682  -0.0310479   0.0310862     0.20104   -0.202432 -0.00500779  0.00115674 -0.00449054  -0.0045671  0.0121774  0.0592874 -0.0101851     1.4842 0.00822169   -9.69606 
               164.1  8.11828 -3.31714 -50.9311 -0.100841  0.750276   1.53995  0.701529 -0.179795  0.540897 -0.00552782  -0.0310282   0.0311752    0.282923   -0.251486 -0.00370018 0.000990881 -0.00511567  -0.0047082   0.0128924   0.0584893 -0.00984911    1.48473 0.00823222   -9.69598 
               164.2    8.039 -4.39573 -51.9403 -0.0892464   0.751627    1.53978   0.70153 -0.176657  0.533757 -0.0055583 -0.0310672  0.0312515   0.296367  -0.234571 0.00154576 0.000972673 -0.00427383 -0.00482885  0.0131531  0.0580573 -0.0100165    1.48512 0.00840388   -9.69592 
               164.3  7.85327 -4.88608 -52.9074 -0.0721786   0.745977    1.54041  0.701014 -0.172319  0.531065 -0.00555415  -0.0311556   0.0313309  0.287078  -0.22034 0.0131014  0.00108527 -0.00370696 -0.00473905  0.0133374  0.0580167 -0.0103493     1.4853 0.00868637   -9.69589 
               164.4   8.0565 -3.25889 -53.7621 -0.0747987   0.736984     1.5515   0.69988 -0.162487  0.539777 -0.00549301   -0.031277    0.031333  0.250384 -0.256987 0.0336017 0.000846184  -0.0042283 -0.00460095  0.012336 0.0588898 -0.011519    1.48493 0.00908684   -9.69595 
               164.5  7.94773 -2.70466 -53.6071 -0.0712174   0.728035    1.55253  0.699076 -0.159555  0.540649 -0.00548836  -0.0313259    0.031318  0.234311  -0.29433 0.0261048 0.000754771 -0.00444791 -0.00484259  0.0126844  0.0591322 -0.0117279    1.48491 0.00939091   -9.69595 
               164.6  8.29515 -1.64624 -53.7054 -0.0601317   0.710645    1.55625  0.698915 -0.155502   0.53745 -0.00548852   -0.031344   0.0312634  0.206747 -0.334922 0.0317523 0.000395144 -0.00473784 -0.00446021   0.012896  0.0590649 -0.0120134    1.48514 0.00963899   -9.69591 
               164.7   7.96031 -0.156001  -53.7436 -0.0672193   0.707825    1.55605  0.698061 -0.151719  0.533329 -0.00548086  -0.0313344    0.031158  0.126071 -0.334971  0.034811   0.0003901 -0.00484007 -0.00372656  0.0137106  0.0589828 -0.0121632   1.48543 0.0100625  -9.69587 
             164.799  7.95187 0.510353 -53.3106 -0.0942969   0.707029    1.55922  0.696684 -0.145609  0.538498 -0.00551011  -0.0313132   0.0310904 0.0435969 -0.346993  0.029999 0.000192775 -0.00507457 -0.00321607  0.0138815  0.0596411 -0.0127406   1.48525 0.0105715   -9.6959 
               164.9 7.54838 1.10968 -52.821 -0.10564 0.672981   1.5587  0.695794 -0.144866  0.540837 -0.00552339  -0.0312877   0.0310584 0.0180333 -0.450865 0.0311777 0.000371293 -0.00556692 -0.00278593  0.0143483  0.0599197 -0.0127281   1.48515 0.0108178  -9.69591 
                 165  6.88713  2.55737 -50.8919 -0.126695  0.625036   1.56113  0.693513 -0.144003  0.553635 -0.00571419  -0.0312563   0.0309655 0.0606087 -0.627607 0.0272361 0.000432855 -0.00709433 -0.00297226  0.0143712  0.0610169 -0.0129985   1.48444 0.0111599  -9.69602 
               165.1 6.57893 2.02666 -50.352 -0.146729  0.596744   1.56396  0.693771 -0.136682  0.551548 -0.00563568  -0.0310977   0.0309978   0.117922  -0.692603 0.00729937 0.000314875 -0.00695844   -0.003055 0.0148133 0.0611037 -0.013507   1.48475 0.0116234  -9.69597 
               165.2  6.35278  2.77769 -49.8318 -0.154598  0.546776   1.56299  0.693309 -0.133649  0.553516 -0.00563124  -0.0310134   0.0309992  0.179546 -0.735932 0.0207806 0.000287472 -0.00691746 -0.00324987   0.015244  0.0613868 -0.0136827   1.48475 0.0119494  -9.69597 
               165.3  6.47286  4.77872 -48.9361 -0.139937  0.510444   1.57052  0.695346 -0.126424  0.540996 -0.00554299  -0.0309025   0.0309112   0.31255 -0.716929 0.0717554 8.83144e-05  -0.0071395 -0.00321587  0.0158729  0.0605729 -0.0140174   1.48567 0.0122284  -9.69583 
               165.4  6.37795  4.89655 -48.1005 -0.137595  0.482447   1.56885  0.693963 -0.125854  0.539951 -0.00550335   -0.030759   0.0308731  0.371618 -0.654854 0.0706258 0.000305203 -0.00656531 -0.00311174  0.0173423  0.0604739 -0.0136127   1.48583 0.0127034   -9.6958 
               165.5  6.06832   5.6555 -47.1102 -0.14273 0.482158  1.56564  0.692624 -0.124603  0.537338 -0.00546899  -0.0306113   0.0308866  0.387397 -0.572859  0.072401 0.000361945 -0.00646548 -0.00280416  0.0190878  0.0602823 -0.0131637   1.48609 0.0132689  -9.69576 
               165.6  6.24475  7.52926 -46.8461 -0.134324  0.456117   1.57106  0.691977 -0.121533  0.540125 -0.00543493  -0.0305749   0.0307769  0.422436 -0.597069 0.0576363 -2.89038e-05  -0.00742755  -0.00251582  0.0198727  0.0606737 -0.0132286   1.48604 0.0136939  -9.69577 
               165.7  6.80289  8.65973 -46.9003 -0.111586  0.406969    1.5777  0.690989 -0.119943  0.543744 -0.00540195  -0.0306039   0.0307798  0.492329 -0.718181 0.0856638 -0.000563924  -0.00841196  -0.00247965    0.02026  0.0611106 -0.0132961   1.48587 0.0139545   -9.6958 
               165.8  6.23643  8.52947 -46.8412 -0.0715647   0.369197    1.56808  0.689856 -0.124557  0.538409 -0.00545289  -0.0306316   0.0307914  0.585277 -0.788744 0.0632869 -0.000169026  -0.00888946  -0.00288983 0.0222359 0.0604745 -0.012086   1.48611 0.0142889  -9.69576 
               165.9   6.2081  7.80476 -47.5486 -0.0437422   0.331787    1.56865 0.689425 -0.12315 0.535846 -0.00553205  -0.0307505   0.0309257     0.632 -0.868183 0.0541629 -0.000242109  -0.00873576  -0.00256966  0.0236412  0.0603332 -0.0116892   1.48629 0.0147325  -9.69573 
                 166  5.98839  6.57491 -46.6644 -0.0128503   0.300373     1.5607  0.688796 -0.124788  0.531923 -0.00566472  -0.0307662   0.0311479  0.694317 -0.913444 0.0379623 8.68655e-05 -0.00866288 -0.00264372   0.025441  0.0598914 -0.0107735   1.48648 0.0151451   -9.6957 
               166.1  6.39654  7.16231 -46.6849 0.0659813  0.180603   1.56187  0.687825 -0.124967  0.535222 -0.0056628 -0.0308037  0.0312141  0.837188  -1.11136 0.0185194 1.49192e-05 -0.00932046 -0.00200964   0.025928  0.0602617 -0.0105889   1.48627 0.0153266  -9.69573 
               166.2  6.84505  7.11684 -46.4508 0.103404  0.13043  1.56725  0.687977 -0.121111  0.533708 -0.00567188  -0.0308442   0.0313191  0.908035  -1.17599 0.0159001 5.30279e-05 -0.00958987 -0.00160213  0.0267175    0.06021 -0.0107187   1.48642 0.0156614  -9.69571 
               166.3  7.11202  6.93317 -46.5761  0.178307 0.0160721   1.56641  0.686604 -0.119716  0.535281 -0.00571991  -0.0309496   0.0314982   0.958154    -1.2993 0.00959438 -0.000202842  -0.00943293  -0.00146804  0.0283801  0.0603671 -0.0102982   1.48632 0.0162044  -9.69572 
               166.4   7.2024  5.24093 -46.8958  0.189367 0.0568884   1.55566  0.688045 -0.120603  0.515311 -0.00587274  -0.0309908   0.0315915   0.944393   -1.16876 0.00562166  -0.0004104 -0.00795546 -0.00136976   0.0306127   0.0581777 -0.00921601   1.48738 0.0166314  -9.69556 
               166.5  6.95667  5.88634 -47.5496  0.354431 -0.109828   1.55126  0.686303 -0.120938  0.503971 -0.0061283 -0.0311914  0.0317536     1.0832   -1.31396 0.00676857 -0.000295083  -0.00829787 -0.000794304   0.0328082   0.0566643 -0.00851544   1.48798 0.0171823  -9.69547 
               166.6  6.30174  7.19312 -48.3883  0.429516 -0.152941   1.54362  0.687214 -0.121179  0.489522 -0.00634331  -0.0312878   0.0318064    1.14734    -1.3096 0.00720671 -9.29363e-05  -0.00860453 -0.000365717    0.03456  0.0551065 -0.0077513   1.48874 0.0175425  -9.69535 
               166.7  6.23518  8.23724 -48.7161  0.570969 -0.293332    1.5508  0.688504 -0.116399  0.482463 -0.00643266  -0.0313816   0.0318448   1.25883   -1.4466 0.0227536 -0.000140629   -0.0091572 -0.000365938   0.0353516   0.0545218 -0.00794171   1.48923 0.0178238  -9.69527 
               166.8  6.08561  6.59787 -50.1363  0.626834 -0.343736    1.5467 0.688196  -0.1162 0.480509 -0.00652098   -0.031554   0.0318506    1.2464  -1.42728 0.0211353 -0.000190646  -0.00812632  0.000109684    0.036996   0.0542469 -0.00738887   1.48933 0.0182636  -9.69526 
               166.9   6.2503  7.21818 -50.2978  0.759163 -0.502738   1.53495  0.685631 -0.120488  0.484352 -0.00651804  -0.0317178   0.0318947    1.30352    -1.5485 0.00554082 -0.000270016  -0.00850716 -4.50941e-05   0.0384259   0.0543303 -0.00646669   1.48898 0.0186115  -9.69531 
                 167  5.68165  7.15056 -51.5852   0.85821 -0.555667   1.52044  0.685656 -0.122242  0.470584 -0.00666888  -0.0317891   0.0320311     1.37464    -1.51573 0.000215077 7.54604e-05 -0.00853408 0.000469251   0.0407256   0.0526086 -0.00523076    1.4897 0.0190781   -9.6952 
               167.1   5.5177  8.01664 -52.4832   1.02878 -0.699499   1.50353  0.685315 -0.127154  0.460649 -0.00675317  -0.0317792     0.03205    1.53484   -1.63833 -0.0191402 0.000215955 -0.00932571 0.000913942   0.0420102   0.0512445 -0.00405932   1.49013 0.0192098  -9.69513 
               167.2 5.79976 9.17128 -54.661   1.17716 -0.809939   1.50741  0.687691 -0.121696  0.449064 -0.00689581  -0.0319072   0.0320136    1.66341   -1.74079 -0.0155179 -0.000123286   -0.0102195   0.00224002   0.0429572   0.0501517 -0.00410836   1.49099 0.0194569    -9.695 
               167.3  5.83243  9.53501 -55.9037   1.29839 -0.910178   1.49535 0.685976 -0.12303 0.448019 -0.00687769  -0.0321034   0.0318628    1.73331   -1.79937 -0.0308685 -0.000180614   -0.0103979   0.00306177   0.0450398   0.0497578 -0.00315177   1.49106 0.0200383  -9.69499 
               167.4  6.80716  10.5722 -55.8383  1.48412 -1.11309  1.47436  0.682492 -0.130267  0.451601 -0.00683339  -0.0321789   0.0318788    1.84671   -2.00624 -0.0648905 -0.000677922   -0.0110047   0.00312297   0.0461415   0.0497025 -0.00205077   1.49064 0.0202782  -9.69505 
               167.5  6.06515  11.5583 -56.6484 1.62693 -1.2434 1.47167  0.682178 -0.126346  0.449065 -0.00682122  -0.0322457   0.0317428    1.94833   -2.11556 -0.0693393 -0.000248369   -0.0116527    0.0037415   0.0475142   0.0494814 -0.00193319   1.49098 0.0207711    -9.695 
               167.6  6.14877  14.1302 -57.9418 1.64465 -1.2343 1.46204  0.680042 -0.127672   0.44539 -0.00676324  -0.0323144   0.0315901    1.96634   -2.09614 -0.0861581 -0.000439432   -0.0131613   0.00477096   0.0494373   0.0488521 -0.00104424   1.49124 0.0213037  -9.69496 
               167.7   6.5056  14.9483 -58.3244  1.93948 -1.52578  1.44209  0.677819 -0.122103  0.449373 -0.00655623  -0.0327182     0.03115   2.16502  -2.40351 -0.124952 -0.000773115   -0.0137408   0.00515629   0.0515295   0.0490045 -0.00045035   1.49137 0.0222413  -9.69494 
               167.8  6.86468  16.2282 -59.3277  2.07493 -1.63838  1.40507  0.673161 -0.131874  0.444122 -0.00644546  -0.0327596   0.0310232   2.26727  -2.51325 -0.182494 -0.00102196  -0.0144932  0.00572979  0.0544826  0.0478436 0.00167893  1.49151 0.022889 -9.69491 
               167.9  7.18478  18.6984 -60.4266  2.26619 -1.83891  1.37903  0.671305 -0.135877  0.441132 -0.00639136  -0.0328485   0.0309555   2.42613  -2.76348 -0.235317 -0.00138802  -0.0159212  0.00652906  0.0556772  0.0473809 0.00246971   1.49161 0.0231647   -9.6949 
                 168  7.60224  20.5041 -61.2342  2.71822 -2.34405  1.30884  0.668779 -0.143383  0.435346 -0.00624855  -0.0329269   0.0308562   2.72049  -3.31173 -0.343822 -0.00179626   -0.016936  0.00711988   0.057351  0.0463971 0.00393578   1.49179 0.0234421  -9.69487 
               168.1  8.11617  21.6187 -62.8235  2.91039 -2.55197  1.26407  0.665356 -0.151302  0.430074 -0.00616223  -0.0329592   0.0307783   2.83906  -3.50879 -0.409907 -0.00230479  -0.0177063  0.00805376   0.059641  0.0455289 0.00559917    1.492 0.024007 -9.69484 
               168.2  7.90779  23.8736 -64.6013 2.96108 -2.6186 1.24472  0.660644 -0.156677  0.435816 -0.00602426  -0.0330845   0.0307018   2.87458  -3.59958 -0.460218 -0.00240992   -0.019401  0.00912837 0.0613753 0.0458652 0.0065944   1.49162 0.0248862  -9.69489 
               168.3  7.97549  22.9973 -65.9077 3.45504 -3.2297 1.14239  0.656797 -0.161295  0.433263 -0.00601749  -0.0333049   0.0306433   3.17036  -4.22548 -0.620616 -0.0027626 -0.0188874 0.00985483  0.0636094  0.0454825 0.00787856   1.49183 0.0256683  -9.69486 
               168.4   7.2376   25.622 -67.9305  3.55155 -3.35132  1.14439   0.65806 -0.148262  0.430196 -0.00604691  -0.0333544   0.0305646   3.21628  -4.36205 -0.630316 -0.0030111 -0.0202538  0.0112091   0.063779  0.0460302 0.00674331   1.49267 0.0259783  -9.69473 
               168.5  8.66403  26.3852 -67.8685  3.81564 -3.73554  1.07452  0.651776 -0.155283  0.440877 -0.00592779  -0.0334831   0.0305878   3.29676  -4.71043 -0.721294 -0.00391674  -0.0205989   0.0111947  0.0655776  0.0468617 0.00778669   1.49198 0.0272218  -9.69483 
               168.6   10.344  28.0004 -68.0565  4.15444 -4.19949  1.00165  0.652479 -0.152716   0.43123 -0.00589446  -0.0335041   0.0305131  3.45446 -5.15309 -0.83177 -0.00498551  -0.0214833   0.0113708  0.0663317  0.0462082 0.00798582   1.49279 0.0272232  -9.69471 
             168.699  11.6687  29.9115 -69.6153  4.48837 -4.71876 0.907507 0.649439 -0.15666 0.433314 -0.00592529  -0.0335531   0.0305705   3.55642  -5.65999 -0.989549 -0.00623566  -0.0226147   0.0123021  0.0674832  0.0464898 0.00857752   1.49268 0.0278838  -9.69472 
             168.799  13.6172  31.3373 -69.1045  5.11772  -5.8075 0.690482  0.642696 -0.163255  0.441582 -0.00593097  -0.0336405   0.0307187  3.67848 -6.62243 -1.30006 -0.00728064  -0.0235917   0.0120952  0.0693035  0.0473141 0.00957686   1.49224 0.0292833  -9.69478 
               168.9  15.4818  31.3424 -69.4358  5.15628 -5.82701 0.655252  0.636138 -0.175423  0.431978 -0.00596609  -0.0337014   0.0307901  3.65679 -6.58343 -1.33246 -0.00840659  -0.0232848   0.0120276 0.0728652  0.046544 0.0119552    1.4929 0.0305724  -9.69468 
                 169  17.0103  31.9579 -69.6523  5.85601 -7.11577 0.393989   0.63811 -0.168262  0.421192 -0.00570497  -0.0338604   0.0306348  3.75035 -7.58446 -1.63921 -0.00950165  -0.0236186   0.0122687 0.0744226  0.046511 0.0119201   1.49434 0.0307618  -9.69446 
               169.1  17.7577   34.236 -72.8677    6.187 -7.86695 0.195599  0.627263 -0.187114  0.436583 -0.00583796  -0.0339506   0.0308366  3.68933 -8.14723 -1.88942 -0.0107733 -0.0244402  0.0138454 0.0767391 0.0476695  0.013772   1.49307 0.0329948  -9.69464 
               169.2  19.1167   35.713 -73.3725     6.51024    -8.59097 -0.00211811  0.621065 -0.198906  0.438441 -0.00578264  -0.0340736   0.0308954  3.66811 -8.65118 -2.11303 -0.0117222 -0.0250201  0.0142457 0.0788686 0.0478501 0.0154077   1.49292 0.0343436  -9.69466 
               169.3  22.5505  37.6176 -72.3457   6.93765  -9.62438 -0.265397  0.620337 -0.197261  0.431287 -0.00576058  -0.0340822   0.0309022  3.61411 -9.39666 -2.42572   -0.01346 -0.0261379  0.0141856 0.0795438 0.0474753 0.0156941   1.49359 0.0344059  -9.69456 
               169.4  25.5908  37.9309 -72.4836    7.2525  -10.4208 -0.469395  0.623948 -0.192103  0.419344 -0.0056605 -0.0341073  0.0307995  3.52932 -9.91741 -2.65094  -0.015453 -0.0260974  0.0143399 0.0796935  0.046533 0.0156251  1.49455 0.033571 -9.69441 
               169.5  26.5462  39.0704 -74.0841   7.65052  -11.4565 -0.800054  0.615981 -0.209172  0.404785 -0.00572978  -0.0343496   0.0308645  3.42171 -10.5271 -2.98324 -0.0166309 -0.0263062  0.0153042 0.0834333 0.0454006 0.0184102   1.49546 0.0349118  -9.69427 
               169.6  27.9778  39.9522 -75.1561  8.01234 -12.4938 -1.13864  0.611011 -0.222069  0.393973 -0.00571049  -0.0345228   0.0308842  3.29408 -11.1007 -3.30174  -0.017861 -0.0262329  0.0159127 0.0862161 0.0446034 0.0206559    1.4962 0.0358898  -9.69415 
               169.7 28.8437 41.0564 -76.418  8.35989 -13.6245 -1.48625  0.613276 -0.220427  0.380549 -0.00575355  -0.0345601   0.0308789  3.15839 -11.7557 -3.63361 -0.0187567 -0.0263105  0.0167919 0.0867389 0.0433331 0.0210529  1.49709 0.035078 -9.69402 
               169.8  31.3054  43.1413 -74.7996  8.68282 -14.7889 -1.87322  0.609081 -0.225318  0.370806 -0.0056812 -0.0346528  0.0308935  2.98117 -12.3914 -4.01128 -0.0196149 -0.0272172  0.0169016 0.0887849 0.0429748 0.0224178   1.49807 0.0358648  -9.69386 
               169.9    31.74  45.4765 -74.7778   8.9875  -15.914 -2.30596  0.594837 -0.249043  0.361679 -0.0055326 -0.0347123  0.0309219   2.8261 -12.9271 -4.37757 -0.0198304 -0.0273618   0.017647 0.0932007 0.0429232 0.0259752   1.49894 0.0387926  -9.69372 
                 170  34.7246   46.159 -74.6086  9.24403 -17.1638 -2.73843  0.586396 -0.253458  0.357577 -0.00553813  -0.0347784   0.0310171  2.54788 -13.4645 -4.71193 -0.0214506 -0.0265191  0.0178891 0.0953857 0.0438115 0.0271094   1.49994 0.0406854  -9.69356 
               170.1  35.1729  44.9574 -75.9442  9.54682  -18.483 -3.24969  0.581546 -0.269965  0.337217 -0.00550834  -0.0347886   0.0311706  2.36107 -13.9466 -5.00604 -0.0222191 -0.0238816  0.0179948 0.0985112 0.0421101 0.0300542   1.50126 0.0412779  -9.69335 
               170.2  37.5417  48.5286 -73.6103  9.73597 -19.5653 -3.62439    0.5843 -0.262354  0.326326 -0.00547402  -0.0348162    0.031223  2.16551 -14.3653 -5.21414  -0.022579 -0.0240296  0.0184232 0.0989799 0.0414107 0.0299595   1.50236 0.0404196  -9.69318 
               170.3  39.9312  49.7187 -73.4606  9.91808 -20.8582 -4.11713  0.577319 -0.271718  0.324348 -0.00541116  -0.0347447   0.0312267  1.85681 -14.7804 -5.47772 -0.0240353 -0.0228371  0.0186589 0.100128 0.041809 0.031214   1.50264 0.0419455  -9.69313 
               170.4  40.1467  52.4782 -72.6665  10.0734 -22.1921 -4.59932  0.577029 -0.266942  0.320198 -0.00540679  -0.0347811    0.031212  1.58701  -15.239 -5.73243 -0.0238688 -0.0226248  0.0194254  0.100647 0.0418511 0.0311029   1.50335 0.0418764  -9.69302 
               170.5  41.9034   52.134 -72.4951  10.2521  -23.518 -5.10293  0.575737 -0.266178   0.29792 -0.00524073  -0.0346859   0.0314062   1.3249 -15.5529  -5.9217 -0.0249949 -0.0206915  0.0192973   0.10271 0.0406124 0.0330622   1.50571 0.0417638  -9.69266 
               170.6     44.2  54.9439 -71.3548  10.3746 -24.9204 -5.63391  0.575142 -0.263473  0.289385 -0.00519444  -0.0346811    0.031447 0.993931 -15.9129 -6.09167 -0.0259962 -0.0202496  0.0203883  0.103568 0.0400081 0.0336814   1.50678 0.0415217  -9.69249 
               170.7  49.5827  56.1667 -67.9797  10.5297 -27.4872 -6.62996 0.573547 -0.25838 0.273061 -0.00505077  -0.0347227   0.0314432 0.417185 -16.5916 -6.53147 -0.0274814 -0.0203242  0.0205141   0.10501 0.0390289  0.035402   1.50906 0.0413823  -9.69214 
               170.8  48.8442  56.7406 -71.0264  10.5479 -29.1637 -7.29905  0.571901 -0.258594    0.2718 -0.00507657  -0.0347204   0.0314708 -0.00937539    -16.9834    -6.81631 -0.0284773 -0.0191847  0.0212584  0.104979 0.0392335 0.0355294   1.50918 0.0417675  -9.69212 
               170.9  49.1558  56.2572 -72.3437  10.5101  -30.978 -8.03674  0.567694 -0.258614  0.266502 -0.00513187  -0.0347043   0.0315175 -0.509954  -17.3108  -7.04277 -0.0293411 -0.0176378  0.0211483  0.104829 0.0400161  0.035742   1.50953 0.0429346  -9.69206 
                 171  47.5495  55.0085 -77.1536   10.453 -32.2016 -8.53065  0.564304 -0.254664  0.259865 -0.00523251  -0.0346939   0.0316343 -0.837887  -17.4695  -7.19026 -0.0306127 -0.0156271  0.0217595  0.105008 0.0406459   0.03584    1.5103 0.0437126  -9.69193 
               171.1  48.7904  54.4875 -78.7846  10.2815 -34.4493 -9.47288 0.557235 -0.25156 0.245476 -0.00539895  -0.0347446   0.0319347 -1.47451  -17.825 -7.54974 -0.0320177 -0.0150808  0.0219057  0.105005 0.0420608 0.0359669    1.5113 0.0456189  -9.69177 
               171.2  48.8648  53.8801 -80.8504  10.1549 -36.0536 -10.1617  0.555957 -0.240581  0.241458 -0.00556142  -0.0347419   0.0320164 -1.87969  -18.034 -7.78102 -0.0328919 -0.0142437  0.0219943  0.104404 0.0418836  0.036808   1.51268 0.0456113  -9.69155 
               171.3  49.324 53.4545 -82.364  9.95244 -37.8077 -10.9364  0.551996 -0.232176  0.232321 -0.00563702    -0.03479   0.0321253 -2.35589 -18.2398 -8.04682 -0.0337391 -0.0135515   0.022062   0.10348 0.0425947 0.0372775   1.51382 0.0466396  -9.69137 
               171.4 48.6674 54.5331 -86.053  9.80751 -38.6688 -11.3092  0.551547 -0.241618  0.230959 -0.00551627  -0.0347645   0.0321568 -2.62179 -18.3362 -8.15903 -0.0347687 -0.0128972  0.0231602  0.104511 0.0429591 0.0365111  1.51297 0.046954  -9.6915 
               171.5  47.2076  55.0563 -89.2903  9.36387 -41.5299 -12.5991 0.550716 -0.23301 0.229475 -0.00562231  -0.0348483   0.0322084 -3.33374 -18.6561 -8.52958 -0.0352764 -0.0122462  0.0239687  0.103911 0.0428725   0.03695   1.51385 0.0468765  -9.69136 
               171.6  49.4517  57.6123 -90.3875  8.98729 -43.3889 -13.4657  0.545594 -0.226513  0.213183 -0.00543399  -0.0349103   0.0322918 -3.88213 -18.8252 -8.81019  -0.036664 -0.0128287  0.0245787  0.103411 0.0441968 0.0369461  1.51507 0.048434 -9.69117 
               171.7 50.3201 59.5494 -90.592  8.59935 -45.3376 -14.4465  0.538132 -0.199088     0.197 -0.00533039  -0.0348689   0.0323184 -4.36746 -19.0706 -9.17234 -0.0370101 -0.0134785  0.0250996 0.0978716 0.0451929 0.0381867   1.51719 0.0503511  -9.69082 
               171.8 49.2969 59.8944 -93.515  8.16054 -47.0813 -15.2954  0.526434 -0.169149  0.156751 -0.00507844  -0.0348598   0.0322231 -4.86456 -19.1142 -9.41554 -0.0377418 -0.0130243  0.0256471 0.0966488 0.0483096 0.0387595   1.52192 0.0534358  -9.69007 
               171.9  51.3176  60.8685 -93.5554  7.68136 -48.9485 -16.2642 0.516686 -0.13222 0.127505 -0.00500951  -0.0348141    0.032271 -5.37395 -19.2389 -9.74387 -0.0387899 -0.0133613  0.0259848 0.0919927 0.0503939  0.039832   1.52584 0.0558263  -9.68944 
                 172  53.1569  61.5545 -94.2394  7.08927 -50.8755  -17.294  0.504203 -0.108031 0.0864773 -0.00484944  -0.0347771   0.0323529 -5.97441 -19.2995 -10.0963 -0.0400391  -0.013284  0.0261875 0.0886383 0.0537565 0.0401801   1.52941 0.0597263  -9.68885 
               172.1  53.3979  62.2402 -96.8449  6.48528   -52.64 -18.2878  0.493447 -0.100272 0.0533885 -0.00471027  -0.0346842   0.0323832 -6.54471 -19.4002 -10.4908  -0.041192 -0.0131598  0.0266383 0.0852391 0.0564556 0.0400495   1.53077 0.0635905  -9.68861 
               172.2  54.8051  63.2218 -98.0079   5.7387 -54.7587 -19.4906   0.487589 -0.0828519  0.0358804 -0.00460076  -0.0346989   0.0324701 -7.19254  -19.503 -10.9116 -0.0423302 -0.0131191  0.0268353 0.0817318 0.0579678 0.0404112    1.5324 0.0654558  -9.68834 
               172.3 56.7022 62.4567 -97.171  5.11591 -56.3285 -20.3865   0.481974 -0.0796857  0.0174578 -0.00464552  -0.0346581   0.0325408 -7.69961 -19.5146 -11.1923 -0.0426284 -0.0127552  0.0258013 0.0816888  0.059507 0.0402767  1.53378  0.06723 -9.68811 
               172.4  61.9043  63.3004 -93.8225  4.86485 -56.9728 -20.7847    0.475896  -0.0546884 -0.00344262 -0.00461877  -0.0346739   0.0326462  -7.9096 -19.5044 -11.3705 -0.0435464  -0.013648   0.025364  0.078613 0.0612617 0.0408663   1.53663 0.0688282  -9.68765 
               172.5  61.8066  63.7621 -94.6769  3.60618 -60.0005   -22.57    0.477017  -0.0313265 -0.00346009 -0.00447928   -0.034735   0.0326619  -8.8144 -19.5952  -11.919  -0.043802 -0.0135039  0.0255284 0.0776449 0.0613081 0.0416404   1.53883 0.0677717  -9.68731 
               172.6   60.523   65.047 -98.4406  3.33018 -60.6597  -22.946    0.47171 0.00668639 -0.0273596 -0.00434947  -0.0347462   0.0327217 -8.94991 -19.4875 -11.9476 -0.0441525 -0.0125688   0.025515 0.0772583  0.063106  0.042722   1.54424 0.0680093  -9.68644 
               172.7   61.993  66.0715 -98.7351  1.73365 -63.9422 -24.9931   0.470199 0.00942392  -0.033845 -0.00437304  -0.0347774   0.0327514  -9.9948 -19.5053  -12.547 -0.0449797 -0.0126739  0.0257757 0.0784636 0.0634082 0.0428394   1.54535 0.0680415  -9.68627 
               172.8  66.2496  70.1517 -97.5272  1.44988 -64.4737 -25.3568   0.463007  0.0215747 -0.0579724 -0.0040802 -0.0347438  0.0328149 -10.1841 -19.4594 -12.6807 -0.0454922 -0.0133932  0.0260626  0.076903 0.0654273 0.0429796  1.54769 0.070234 -9.68588 
               172.9  75.7104  71.8352 -90.4657 -0.383138  -67.8473  -27.6302    0.46255  0.0480435 -0.0632721 -0.00378405  -0.0349244   0.0328836 -11.3222 -19.5102 -13.4547     -0.047 -0.0150105  0.0262741 0.0740695 0.0661886  0.043713  1.54988 0.070047 -9.68553 
                 173 77.1394 73.4765 -92.736 -1.83564 -70.3103 -29.3458   0.465392  0.0601248 -0.0539156 -0.00374709  -0.0350168    0.032841   -12.13 -19.5027  -13.976 -0.0475641  -0.014794  0.0252448  0.073528 0.0653555  0.044201   1.55031 0.0684694  -9.68547 
               173.1  85.2156  76.1886 -88.2368  -2.7513 -71.7605 -30.4453   0.463687  0.0684081 -0.0579375 -0.00368086   -0.034863   0.0328349 -12.6648 -19.4926 -14.4318 -0.0487375 -0.0158128  0.0251642 0.0694953 0.0657384 0.0442563   1.55004 0.0694467  -9.68551 
               173.2  77.9987  76.1702 -99.2281  -4.3103  -74.054 -32.1945  0.460168 0.0667382 -0.062987 -0.00357123  -0.0348643   0.0329245 -13.4628 -19.3349 -14.9632 -0.0502285 -0.0142998  0.0244454  0.068919 0.0663486 0.0440422   1.55015 0.0705438  -9.68548 
               173.3  75.4226  79.6839 -104.835 -5.70837 -75.9587 -33.7131   0.455872  0.0542449 -0.0737163 -0.00351556  -0.0347507   0.0329648 -14.1548 -19.1842  -15.423 -0.0509413 -0.0141003  0.0249861 0.0698887 0.0669687 0.0435745   1.54996 0.0720933   -9.6855 
               173.4  81.7799  82.5395 -101.002 -6.97573 -77.7232 -35.1686   0.457634  0.0889763 -0.0722372 -0.00350113  -0.0347822   0.0329884 -14.7285 -19.1165 -15.8878  -0.051557 -0.0147428  0.0252103 0.0644296 0.0670602 0.0445241   1.55152 0.0711066  -9.68526 
               173.5  86.3334  85.1262 -100.066 -7.45263 -78.3667  -35.728   0.452647   0.119708 -0.0988228 -0.00323938  -0.0347862    0.033224 -14.9147 -19.0155  -16.059 -0.0529526 -0.0149392  0.0254438 0.0606564 0.0691844  0.045144   1.55523 0.0723113  -9.68465 
               173.6 81.5887 86.7147 -107.15 -9.98013 -81.4857  -38.494  0.449937  0.143456 -0.110908 -0.00303283  -0.0347521   0.0333798  -15.991 -18.7013 -16.9127 -0.0541294 -0.0147815  0.0259774 0.0554678 0.0705046 0.0455628   1.55685 0.0733795  -9.68439 
               173.7  21.3023  88.1009 -170.309 -10.5795 -82.1348 -39.1461  0.439456  0.145912 -0.145425 -0.00295963  -0.0344456   0.0332699 -16.2144  -18.531 -17.1081 -0.0548279 -0.0141079  0.0257685 0.0532351 0.0731657 0.0451393   1.55902 0.0770707  -9.68401 
               173.8 -7.88633   88.901  158.914 -13.4567 -85.2741 -42.1747  0.434034  0.159309 -0.168355 -0.00288683  -0.0343275   0.0333407 -17.3335 -18.0704 -17.9129 -0.0556151 -0.0144991  0.0259867 0.0512916 0.0748419 0.0452596  1.56139 0.078586 -9.68361 
               173.9 -35.1919  86.5399  129.489 -15.1771 -87.0714  -43.995  0.432622  0.188505 -0.181429 -0.00294272  -0.0342186   0.0333345 -17.9106 -17.7928 -18.3683 -0.0561807 -0.0140238  0.0257536 0.0475762 0.0758769 0.0459926     1.564 0.0784396  -9.68319 
                 174 -32.1763   83.872  131.413 -16.8853 -88.8121 -45.7799  0.433016  0.232676 -0.199641 -0.00309805  -0.0340496   0.0335715 -18.4054  -17.529 -18.7479 -0.0567387 -0.0131687  0.0258884 0.0446754 0.0770825 0.0473439   1.56853 0.0768424  -9.68247 
               174.1 -40.1389  80.9416  122.021 -17.1045 -88.9765 -45.9888  0.424983   0.22298 -0.221817 -0.00316168   -0.033954   0.0331931 -18.4694 -17.4366 -18.7829 -0.057332 -0.012486 0.0269767 0.0455146 0.0786402 0.0467632   1.56974 0.0793973  -9.68226 
               174.2 -45.3903    81.52  116.833 -20.4973 -92.1151 -49.4229  0.427789  0.253805 -0.228812 -0.00313944  -0.0338611   0.0334823 -19.5325 -16.9981 -19.5147 -0.0572419 -0.0131187  0.0270793 0.0445873 0.0790309 0.0478484  1.57271 0.077272 -9.68179 
               174.3 -60.3797  79.5063  99.4911 -22.7126 -93.9314   -51.68  0.411415  0.252495 -0.270191 -0.0032605 -0.0336649  0.0328665 -20.2166 -16.6182 -20.0686  -0.057687 -0.0135802  0.0277368 0.0413163 0.0820895 0.0470765   1.57532 0.0824239  -9.68133 
               174.4 -56.0001  78.5474  102.367  -24.703 -95.5342 -53.6298   0.40317  0.267275 -0.307135 -0.00332922  -0.0334278   0.0328376 -20.7508 -16.3425 -20.4383 -0.0581094 -0.0130016  0.0276466 0.0423495 0.0846029 0.0473317   1.58002 0.0835995  -9.68055 
               174.5 -66.9181  77.9433  90.2069 -26.5715 -97.0046   -55.53  0.393385  0.302509 -0.345952 -0.00330598  -0.0331335   0.0327456  -21.287 -16.0744  -20.922 -0.0581515 -0.0141989  0.0280009 0.0383768 0.0870457 0.0481515   1.58526 0.0847574  -9.67968 
               174.6 -70.3503  77.7218  85.2853 -28.8711 -98.7154 -57.7856  0.383536   0.32922 -0.391489 -0.00329537  -0.0328463   0.0327099 -21.9007 -15.7111 -21.3416 -0.0586544 -0.0145494  0.0276543 0.0381624 0.0901318 0.0487541   1.59141 0.0858263  -9.67866 
               174.7 -71.8017  76.7453  81.4244 -30.8503 -100.099 -59.6875  0.380883  0.329298 -0.404314 -0.00334351  -0.0327944   0.0327139 -22.4513 -15.4248 -21.7221  -0.059343 -0.0146365  0.0277372 0.0395107 0.0911129  0.048673   1.59291 0.0863441  -9.67841 
               174.8 -78.1315  77.8461  74.0497  -33.091 -101.697 -61.8122   0.39459  0.358036 -0.390369 -0.00287784  -0.0324088   0.0326856 -23.0576 -15.1836 -22.1656 -0.0592983  -0.015799  0.0269559 0.0418253 0.0896032 0.0503797   1.59424 0.0805604  -9.67824 
               174.9 -84.0809  76.7105  67.4082  -35.367 -103.253  -64.081   0.39426  0.410314 -0.411286 -0.00248519  -0.0321565   0.0328324 -23.6408 -14.8963 -22.7111 -0.0590681 -0.0164993  0.0270991 0.0369898 0.0905151 0.0523059   1.59891 0.0782872  -9.67749 
                 175 -86.9813  73.8363  62.2327 -37.8482 -104.723 -66.4436    0.3977  0.375006 -0.377643 -0.00275696   -0.032372   0.0328061 -24.3912 -14.5178 -23.3203 -0.0597296 -0.0170206  0.0278571 0.0378539  0.088438 0.0510963   1.59345 0.0793144  -9.67838 
               175.1 -87.8862  72.0551   59.119 -40.3186 -106.139 -68.7998  0.393891  0.373715 -0.387691  -0.002698 -0.0323617  0.0328365 -25.0565  -14.087 -23.8526  -0.060382 -0.0177151  0.0281824 0.0378606 0.0892011 0.0508748   1.59431 0.0803495  -9.67823 
               175.2 -90.1519  71.4029  53.8837 -42.5919 -107.413 -70.9757   0.39633  0.386401 -0.387956 -0.00261489  -0.0323817   0.0328284 -25.5631 -13.7058 -24.3358 -0.0615046 -0.0186996  0.0277571 0.0371951   0.08908  0.051487   1.59507 0.0790801  -9.67812 
               175.3 -88.6906  71.6919   53.681 -45.1276 -108.758 -73.3743  0.400979  0.391711 -0.382622 -0.00256133  -0.0323459   0.0327198 -26.1188 -13.2808 -24.8568 -0.0619456 -0.0190461  0.0270451 0.0381736 0.0885615 0.0519145   1.59506 0.0774308  -9.67813 
               175.4 -91.6259  70.6147   48.669 -48.2319 -110.334 -76.3374  0.407498  0.411268 -0.381024 -0.00243529  -0.0323016   0.0326867 -26.7629 -12.7494 -25.4913 -0.0624609 -0.0201714  0.0270918 0.0379928  0.088232 0.0529657    1.5961 0.0747953  -9.67798 
               175.5 -89.2543  68.8525  49.0272  -50.427 -111.388 -78.5251  0.400711  0.442111 -0.410183 -0.00231529  -0.0323753   0.0329296 -27.1514 -12.3411 -25.9913 -0.0627949 -0.0201285  0.0273346 0.0327729 0.0902835 0.0539396  1.60007  0.07569 -9.67732 
               175.6 -83.4812   68.013  52.9016 -53.5883 -112.851 -81.5581   0.40714  0.477183 -0.422066 -0.00240727  -0.0324128   0.0330339 -27.7385 -11.8317 -26.5053 -0.0635798 -0.0190904   0.027251 0.0321663  0.090736 0.0557306   1.60326 0.0721737  -9.67682 
               175.7 -84.9653  66.3861   49.368 -56.1324  -113.97 -84.0264  0.416389  0.502496 -0.406351 -0.00241095  -0.0324261   0.0330898 -28.2291 -11.4394 -26.9962 -0.0639543 -0.0195335  0.0276887 0.0297581 0.0891497 0.0573327   1.60284 0.0686095  -9.67692 
               175.8 -87.8517  65.8925  45.6774 -59.2169 -115.216 -86.9164  0.428418  0.504971 -0.381694 -0.00236162  -0.0323645   0.0332604 -28.8495 -10.9304 -27.5273 -0.0638332 -0.0201728  0.0276901 0.0329869 0.0871529 0.0580367   1.60104 0.0648237  -9.67724 
               175.9 -89.1263  66.0476  41.1321 -61.9007 -116.167 -89.4203  0.430718  0.476078 -0.359501 -0.00231377  -0.0323587   0.0332315  -29.349 -10.3586 -28.0028  -0.065124 -0.0212349  0.0272457 0.0367561 0.0858846 0.0568861    1.5978 0.0653782  -9.67777 
                 176 -89.244 64.5123 38.4871 -64.8837 -117.179 -92.2983  0.434982  0.464154 -0.323592 -0.0021731  -0.032408  0.0331831 -29.8853 -9.76584 -28.6151 -0.0662357 -0.0218614  0.0279282 0.0349316 0.0832894 0.0566836   1.59333 0.0651715  -9.67851 
               176.1 -91.6244  64.3763  35.7728 -68.1926 -118.326 -95.4973  0.448001  0.514383 -0.318983 -0.00190075  -0.0322182    0.033313 -30.4277 -9.18463 -29.2589 -0.0661418 -0.0226385  0.0280252 0.0327564 0.0820586 0.0596958   1.59529 0.0588608  -9.67823 
               176.2 -87.8429  64.2612  38.8846 -70.3926 -118.981 -97.6819 0.440987 0.534799 -0.34915 -0.00213077  -0.0322755   0.0330197 -30.7156 -8.70254 -29.6943 -0.0668025 -0.0220312  0.0282146 0.0290822 0.0839065 0.0602528   1.59884 0.0598209  -9.67764 
               176.3 -90.5026  63.5484  35.8598  -73.508 -119.833 -100.701  0.447099  0.527493 -0.319038 -0.00197073   -0.032319   0.0333375 -31.2637 -8.10356 -30.3159 -0.0669274  -0.023022  0.0286175 0.0285832 0.0817856 0.0602706   1.59536 0.0589267  -9.67821 
               176.4 -93.9265  62.8634  31.8366 -76.0956 -120.476 -103.287  0.447887  0.523961 -0.296204 -0.00184864  -0.0324565   0.0335035 -31.6881 -7.60044 -30.9182 -0.0672097 -0.0239781  0.0290458 0.0243048 0.0799853 0.0602167   1.59226 0.0596538  -9.67872 
               176.5 -94.527 63.0034 30.9282 -80.6714 -121.484 -107.817  0.448297  0.513432 -0.274401 -0.00173838  -0.0326465   0.0336702 -32.3971 -6.67959 -31.8828 -0.0675111 -0.0242274  0.0291205 0.0215369 0.0784672  0.059775   1.58913 0.0607976  -9.67923 
               176.6 -90.319 63.3949 34.6173 -82.0237  -121.76 -109.145  0.453596  0.506357 -0.249505 -0.00151405  -0.0326762   0.0338904  -32.629    -6.45 -32.1157 -0.0683712 -0.0232559  0.0290107 0.0211792 0.0766958 0.0597432   1.58614 0.0601985  -9.67972 
               176.7 -91.032  63.563 31.9583 -85.0385 -122.363 -112.163  0.455381   0.52595 -0.252547 -0.00153811  -0.0325899   0.0338773 -33.0302 -5.88295 -32.7031 -0.0694155  -0.023916  0.0289437 0.0186506 0.0764046 0.0608862   1.58703 0.0586447  -9.67959 
               176.8 -93.4093  64.8272  29.1414 -87.7992  -122.92  -114.85   0.4638 0.566416 -0.27181 -0.00167632  -0.0320093   0.0339793 -33.3883 -5.42624 -33.1244 -0.0694128 -0.0244007   0.028458  0.020623 0.0772126  0.063359   1.59114 0.0533501  -9.67894 
               176.9 -94.1624  64.6451  26.9662 -90.8848 -123.447 -117.943  0.472336  0.587123 -0.254875 -0.00131911  -0.0318784   0.0338893 -33.8187 -4.88834 -33.6871 -0.0700019 -0.0245766  0.0286353 0.0182753 0.0753081 0.0650533   1.58995 0.0500792  -9.67916 
                 177 -94.2687  64.8941  25.1911 -97.1203 -124.202 -124.246   0.47016  0.574831 -0.235558 -0.00112145  -0.0320304   0.0339492 -34.5712 -3.59398 -34.8668 -0.0704529 -0.0246138  0.0283244 0.0150807  0.073812 0.0644001   1.58701 0.0518358  -9.67963 
               177.1 -91.9648  63.9949  26.5716 -100.865 -124.559 -128.102  0.464871  0.591069 -0.255412 -0.00110046  -0.0320659    0.033865 -34.9496 -2.83845 -35.5762   -0.07058 -0.0243315  0.0291045 0.0108153 0.0751242 0.0648617  1.58935 0.052608 -9.67924 
               177.2 -88.6397  63.9124  28.6393 -104.322  -124.81 -131.649  0.465599  0.594328 -0.251153 -0.00109834  -0.0320399   0.0338093 -35.3475 -2.10008 -36.1773  -0.071089 -0.0239338  0.0288413 0.0093149 0.0747125 0.0650952   1.58887 0.0524433  -9.67932 
               177.3 -91.9076  64.1928  24.0192 -106.492  -124.94 -133.857  0.465058   0.61165 -0.282317 -0.00123242  -0.0320692   0.0339783 -35.5132 -1.62507 -36.4667 -0.0714871 -0.0251671  0.0284239 0.0107163 0.0771884  0.065776   1.59301 0.0514452  -9.67864 
               177.4 -93.5239  65.5803  21.1422 -111.538 -125.158 -139.011  0.476403    0.6252 -0.264502 -0.00107083  -0.0318238     0.03386 -36.0014 -0.63277 -37.2595 -0.0720104 -0.0259065  0.0276441 0.0122085  0.075496 0.0673426  1.59174 0.047579 -9.67887 
               177.5 -91.1598  65.5146  21.5681 -115.171 -125.159 -142.803  0.474325  0.611705 -0.251151 -0.000939742   -0.0318267    0.0337898 -36.3043 0.154437 -37.8549 -0.0727224 -0.0260364  0.0277855 0.0113783 0.0745198 0.0665732   1.58972 0.0490204   -9.6792 
               177.6 -91.5705  63.7161  19.9775 -118.504 -125.114 -146.308  0.473547  0.614013 -0.255652 -0.000907523   -0.0318502    0.0338345 -36.5644 0.848943 -38.3965  -0.072842 -0.0264099  0.0287458 0.0106578 0.0749095 0.0666291   1.59022 0.0492298  -9.67911 
               177.7 -95.2373  63.2081  14.0871 -122.497 -125.022 -150.526  0.482137  0.619514 -0.225253 -0.00103867  -0.0317807   0.0337129 -36.9189    1.682 -39.1065  -0.073384 -0.0280818  0.0290904 0.00905156   0.072402  0.0676323   1.58704 0.0471098  -9.67965 
             177.799 -95.6645  62.6135  12.3907 -125.819 -124.898 -154.115  0.484211  0.655409 -0.253809 -0.000881655   -0.0318013     0.033805 -37.0518  2.37115 -39.6827 -0.0736674  -0.028676  0.0295116 0.00624815  0.0742238  0.0695706   1.59106 0.0446628    -9.679 
               177.9 -94.9681  62.5216  12.2911 -129.825 -124.582 -158.505  0.473547  0.683303 -0.326442 -0.000547843   -0.0318974     0.033907 -37.0991  3.28641 -40.3202 -0.0739005 -0.0287534  0.0298155 0.00525094  0.0796574  0.0700341   1.59963 0.0453913  -9.67758 
                 178 -91.0869  63.4731  15.4051 -133.017 -124.275 -162.084  0.46584  0.71441 -0.38592 -0.00059555  -0.0319771   0.0338649 -37.1135  3.99527 -40.8134 -0.0742039 -0.0277491  0.0295832 0.00273207  0.0838765  0.0710383   1.60673 0.0452641  -9.67641 
               178.1 -92.7075    62.79  11.3397 -137.032 -123.806 -166.594 0.462094 0.735758 -0.41998 -0.000657632   -0.0320456    0.0339519 -37.2209  4.90483 -41.4798 -0.0751559 -0.0286589  0.0301421 0.000703778   0.0862118   0.0718832   1.61085 0.0447969  -9.67572 
             178.199 -89.0229  62.4738  14.0365 -140.419 -123.348 -170.387  0.460987  0.749851 -0.441011 -0.000645406   -0.0320868    0.0340379 -37.3785  5.63564 -41.9589 -0.0757699 -0.0277719  0.0307393 0.000322276   0.0877537   0.0725067   1.61355 0.0440498  -9.67528 
               178.3 -85.9362  63.2385  18.7711 -144.506 -122.774 -174.924  0.466832  0.778416 -0.455461 -0.00108035  -0.0319686   0.0340494 -37.6507   6.4497 -42.4575 -0.0753971 -0.0267036  0.0307049 0.000981514   0.0885121   0.0746373   1.61612 0.0403288  -9.67487 
               178.4 -86.5025  64.1804  19.3561 -148.273 -122.204 -179.176  0.474886  0.816706 -0.463018 -0.00136685  -0.0316229   0.0340687 -37.8533  7.10517 -43.0289 -0.0757388 -0.0268002  0.0309452 -0.000729208    0.0882981    0.0777146   1.61789 0.0354883  -9.67459 
               178.5 -87.6988    65.94  18.3245 -151.708  -121.52 -183.114  0.470493  0.822905 -0.485569 -0.00173871   -0.031602   0.0335457 -37.9601  7.83657 -43.5342 -0.0762709 -0.0271709  0.0308862 -0.00058829   0.0899567   0.0777893   1.62059 0.0357101  -9.67414 
               178.6 -94.9232  65.5859  10.4229 -152.824 -121.239 -184.397  0.462317   0.82049 -0.523543 -0.00226717  -0.0317151   0.0327859 -37.8997  8.14574 -43.6624 -0.0766386 -0.0290421  0.0314414 0.00159739  0.0934261   0.076845   1.62506 0.0374322  -9.67338 
               178.7 -98.7915  66.4038  5.86536 -159.529 -119.668 -192.373  0.454735  0.841322 -0.552828 -0.00246817  -0.0316254   0.0323246 -38.0614  9.66041 -44.8913 -0.0768884 -0.0300431  0.0309148 -0.00294994   0.0947514   0.0778676   1.62832 0.0372769  -9.67283 
             178.799 -102.184   67.239 0.967463 -159.848 -119.623 -192.799  0.456818  0.861418 -0.556785 -0.00238188  -0.0315209   0.0323477 -38.0377   9.6857 -45.0098  -0.077265 -0.0306512  0.0304962 -0.00616563   0.0942589   0.0796016   1.62878 0.0352707  -9.67276 
               178.9 -104.504   67.087 -2.12462 -167.052 -117.637 -201.598  0.452502   0.87823 -0.566318 -0.00214938  -0.0317319   0.0326056 -38.2379  11.3398 -46.3955 -0.0775432 -0.0313547  0.0304005 -0.0120146  0.0940826  0.0807288   1.62957 0.0350126  -9.67263 
             178.999  -106.52  67.4571 -7.82334 -170.853 -116.493 -206.252  0.453438  0.891916 -0.574964 -0.00206426  -0.0317675   0.0327006 -38.2755  12.2055 -47.0601 -0.0785179 -0.0319891  0.0296437 -0.0132665  0.0943723  0.0817997   1.63064 0.0336835  -9.67245 
               179.1 -103.019  66.4498 -4.69893 -174.656 -115.297  -210.94   0.45497  0.921033 -0.604259 -0.00176128  -0.0320949   0.0333438 -38.3145   12.995 -47.6177 -0.0784568 -0.0311239  0.0304681 -0.0140657   0.096265   0.083785   1.63442 0.0309697  -9.67182 
               179.2 -104.845  63.3945 -8.55141 -178.139 -114.069 -215.283  0.452391  0.922799 -0.618845 -0.00148075  -0.0322441   0.0335595 -38.3317   13.834 -48.2414 -0.0788619 -0.0321526  0.0320014 -0.0124952  0.0974761  0.0835403   1.63628 0.0311061  -9.67151 
               179.3 -97.0925  65.3831  1.57184 -182.352  -112.54 -220.535  0.455702   0.92656 -0.617359 -0.00156595  -0.0322919   0.0335148 -38.5257  14.7183  -48.832 -0.0774624  -0.029287  0.0311253 -0.0118107  0.0976517  0.0839769   1.63637 0.0302708   -9.6715 
               179.4 -92.7386  66.5426  3.11595 -186.231 -111.069  -225.42  0.461014  0.933907 -0.613612 -0.00183442  -0.0322708   0.0335171 -38.6041  15.5318 -49.3821 -0.0785234 -0.0285075  0.0299956 -0.0115076  0.0970715   0.085074   1.63593 0.0285521  -9.67158 
             179.499 -89.3901  63.7725  7.51333 -188.022 -110.239 -227.737  0.450997  0.921559 -0.650034 -0.0013971 -0.0323374  0.0335579 -38.5809  15.9973 -49.5428 -0.0776388 -0.0273154  0.0311041 -0.00845869    0.100913   0.0828771   1.64027 0.0316214  -9.67083 
               179.6 -83.1421   62.961  12.0786 -193.783 -107.612 -235.351  0.439741   0.91509 -0.694317 -0.000755191   -0.0321954    0.0332795 -38.5026  17.4204 -50.3527 -0.0787338 -0.0260528  0.0311963 -0.00838355    0.105012   0.0809545   1.64504 0.0348626  -9.67001 
             179.699 -84.1644  60.3136  10.4374 -197.316  -105.99 -240.005  0.440505  0.907686 -0.672847 -0.000941811   -0.0320855     0.033227 -38.6564  18.2036 -50.9225 -0.0782797 -0.0261924  0.0317545 -0.00983322    0.102935   0.0808157   1.64225 0.0352626  -9.67048 
               179.8 -80.4249   59.203  16.3769 -201.457 -103.976 -245.537  0.437104  0.916902 -0.700841 -0.00076312    -0.03206   0.0334089 -38.7428  19.0593 -51.4285 -0.0770778 -0.0243845  0.0318333 -0.010233  0.105331 0.0808932   1.64555 0.0353285  -9.66992 
               179.9 -81.1823  59.4883  14.5309 -205.306 -102.143 -250.582  0.443049  0.948217 -0.729948 -0.00111384  -0.0321101   0.0333253 -38.8337  19.7474 -51.8263 -0.0769901 -0.0248462  0.0315154 -0.00894935    0.107857     0.08329   1.64965 0.0315935  -9.66924 
             179.999 -75.1534  56.5878  19.5218 -208.901 -100.028 -255.832  0.424288  0.953183 -0.809817 -0.000556235   -0.0318831    0.0321951 -38.5373  20.6381 -52.3547 -0.0774667 -0.0230573  0.0323989 -0.0112868   0.114564  0.0815551   1.65848 0.0350969  -9.66771 
             180.099 -73.5384  56.9902  21.2174 -209.312 -99.9289 -256.305   0.43373  0.973181 -0.799131 -0.000920845   -0.0318602    0.0324115 -38.6428  20.6016 -52.3936 -0.0771256 -0.0227103   0.031719 -0.012286  0.113548 0.0838529   1.65754 0.0318131  -9.66789 
             180.199 -73.7355  56.4334  21.0773 -216.664 -95.8917 -266.377  0.433974  0.981838 -0.808924 -0.00103669  -0.0318265   0.0322819 -38.8486  22.0627 -53.2548 -0.0770426 -0.0226672  0.0320458 -0.0133748   0.114288   0.084428  1.65866 0.031204  -9.6677 
             180.299 -69.1184  54.8757  26.6405 -216.984 -95.7049 -266.885  0.432638   0.99233 -0.830282 -0.00129843   -0.031845   0.0319827 -38.8196  22.0826 -53.2786 -0.0762922 -0.0205281  0.0317705 -0.0148853   0.115966  0.0848841   1.66099 0.0308846   -9.6673 
             180.399 -69.1797  54.6679  26.6393 -224.408 -91.3806 -277.094  0.433359  0.995087 -0.833038 -0.00135636  -0.0318178   0.0320165 -39.0764  23.4726  -54.071 -0.0762213 -0.0204805  0.0318785 -0.0144439   0.116182  0.0851166   1.66137 0.0304419  -9.66723 
               180.5 -64.1122  51.5253  32.3872 -224.776 -91.1826 -277.571  0.433978  0.997646 -0.836315 -0.00140725  -0.0317864   0.0320371 -39.1606  23.4535 -54.0263 -0.0757598  -0.017496  0.0324228 -0.0139219   0.116424  0.0853279   1.66179 0.0300025  -9.66716 
             180.599 -63.9616  50.8743  32.2493 -231.952 -86.7949 -287.472  0.429423  0.998423 -0.840264 -0.0014118 -0.0317948  0.0321179 -39.4864    24.69  -54.655 -0.0759018 -0.0173462  0.0328109 -0.0135261   0.115886  0.0852187   1.66212 0.0299948  -9.66711 
               180.7 -60.1857   50.084  38.6415 -232.977 -86.1709 -288.871   0.42964  0.996684 -0.832827 -0.00128365  -0.0318081   0.0321846 -39.6208   24.803 -54.7138 -0.0750069 -0.0151483  0.0321251 -0.0138819   0.115173  0.0852035   1.66124 0.0300927  -9.66726 
               180.8 -60.2514  49.7254  39.7567 -236.949 -83.6433 -294.434  0.428727   1.00113 -0.833347 -0.00139402  -0.0318432   0.0319785 -39.8782  25.4794 -55.0982 -0.0744447 -0.0146969  0.0320813 -0.0167714   0.115068  0.0855256  1.66111 0.030364 -9.66728 
             180.899 -60.9086  49.1752  40.1126 -240.859 -81.0879 -299.884  0.426162   0.99865 -0.838892 -0.00142648   -0.031948   0.0318157 -40.1388  26.0946 -55.4849 -0.0738601 -0.0144683  0.0321776 -0.0173413   0.115572  0.0850913   1.66167 0.0311825  -9.66718 
             180.999 -60.7793  49.5153  40.8969 -247.442 -76.7262 -309.008  0.423998   1.00388 -0.866916 -0.00182636  -0.0319183   0.0314312 -40.5071   27.022 -55.9935 -0.0737174 -0.0142276  0.0319063 -0.0161071   0.118108  0.0850137   1.66493 0.0310495  -9.66662 
             181.099 -59.4753  47.3742  44.1431 -252.519 -73.3498 -316.007  0.423892   1.01632 -0.890241 -0.00205321   -0.031768   0.0312412 -40.8759  27.6124 -56.3206 -0.0733471 -0.0124191  0.0322962 -0.0158561    0.11994  0.0856879   1.66759 0.0299771  -9.66616 
               181.2 -60.0605  46.7063  43.9773 -255.893 -71.0072  -320.72  0.421244   1.01157 -0.883399 -0.00201802  -0.0318696   0.0313956 -41.1352  28.1355 -56.6708 -0.0730177 -0.0121692  0.0325487 -0.0176715   0.119277  0.0852536   1.66668 0.0311728  -9.66632 
             181.299 -57.5308  46.7209  46.7493 -258.717 -69.1141 -324.608  0.423055   1.01829 -0.871246 -0.00189552  -0.0318007   0.0313164 -41.3994   28.449 -56.9381  -0.073207 -0.0112673  0.0319173 -0.0196571   0.117961  0.0860675   1.66534 0.0304371  -9.66655 
             181.399 -55.6859  44.8497  50.0267 -262.072 -66.8406 -329.199  0.423879   1.02783 -0.884018 -0.00196888  -0.0317672   0.0314086 -41.6705  28.7715 -57.1364  -0.0728089 -0.00952838   0.0320881 -0.0196353   0.118936  0.0866488   1.66681 0.0295233   -9.6663 
             181.499 -57.5305  45.3929  47.7344  -268.75 -62.0602 -338.417  0.417928   1.01521 -0.894476 -0.00196907  -0.0319135   0.0316055 -42.1165  29.7595  -57.645 -0.0725181 -0.0102752  0.0323545 -0.019218   0.12007 0.0851815   1.66779 0.0317898  -9.66612 
             181.599 -56.1644  45.6565  49.1106 -272.651 -59.3118 -343.758  0.418955   1.02107 -0.896076 -0.00190452   -0.031913   0.0316165 -42.4236   30.214  -57.955  -0.0720028 -0.00960677   0.0319664 -0.0198735   0.120123  0.0856414   1.66801 0.0312576  -9.66609 
             181.699 -57.1982  46.9814  46.9646 -276.864 -56.3062   -349.6  0.421165    1.0382 -0.894078 -0.00158038   -0.031968   0.0317099 -42.6974  30.7769 -58.3818 -0.0718817 -0.0106799  0.0317889 -0.0233739   0.119709  0.0869914   1.66789 0.0301717  -9.66611 
               181.8 -56.8773  47.0108  45.8973 -281.432 -52.9399 -356.019  0.419655   1.05769 -0.902709 -0.00127256  -0.0321693   0.0322977 -42.9505  31.4243 -58.8479 -0.0719636 -0.0109616  0.0319057 -0.028845  0.120277 0.0880936   1.66887 0.0302158  -9.66594 
             181.899 -56.0965  43.7708  44.6243 -285.688  -49.715 -361.915  0.415054    1.0441 -0.884906 -0.00171146  -0.0319016   0.0323809 -43.2649  32.1327 -59.2213 -0.0724483 -0.0104443  0.0332681 -0.031074  0.118707 0.0871029    1.6666 0.0324931  -9.66633 
             181.999 -52.6935  41.8268  49.3336 -288.503 -47.7042 -365.699  0.420335   1.05173 -0.888519 -0.00164237   -0.032059   0.0322975  -43.517  32.3534 -59.3474  -0.0722227 -0.00855376   0.0326606 -0.0295792   0.119154  0.0878556    1.6672 0.0307725  -9.66623 
             182.099 -52.9265  42.1486  47.3057 -294.095  -43.438 -373.296  0.414968   1.03484 -0.894053 -0.00170966  -0.0319077   0.0323569  -43.814  33.1135 -59.6546  -0.0727481 -0.00951086   0.0328346 -0.027584  0.119746 0.0862472   1.66756 0.0326439  -9.66616 
             182.199 -51.9992  41.6431  46.8921 -299.245 -39.6053 -380.342  0.419753   1.05914 -0.907591 -0.00142379  -0.0322375   0.0325021 -44.1021  33.5746 -59.9676  -0.0731131 -0.00954373   0.0329834 -0.0290464   0.120945  0.0881172    1.6695 0.0303386  -9.66583 
             182.299 -51.5772  41.5944  45.6209 -302.553 -37.0561 -384.855  0.418167   1.05921 -0.912956 -0.00140361  -0.0322377   0.0325896 -44.2624  33.9678 -60.1585  -0.073155 -0.0100529  0.0329669 -0.0291733   0.121438  0.0879661    1.6701 0.0306501  -9.66573 
             182.399 -51.8298   43.381  42.1191 -303.646  -36.156 -386.383  0.414127   1.05792 -0.925758 -0.00143101   -0.032192   0.0328903 -44.2186  34.1809  -60.209 -0.0739434 -0.0118277  0.0326973 -0.0292719   0.122621  0.0874603  1.67151 0.031503 -9.66548 
               182.5 -51.5285  41.9552  41.7054 -311.182 -30.0361 -396.712   0.39932   1.03214 -0.945447 -0.00187266   -0.031677   0.0334647 -44.4759  35.2493 -60.5345 -0.0741399 -0.0113823  0.0333704 -0.0287159    0.12457   0.084416   1.67324 0.0360338  -9.66517 
