             39.1003 0 0 0  0.000302221 -7.53629e-05  0.000149803 0 0 0   -0.011 -0.02329  0.04412   0.00242115 -0.000645453   0.00145518 0.000856544 -0.00260957  -0.0043055 0 0 0    1.5511 0.0900419  -9.68517 
             39.2003  -0.121877  0.0510464 -0.0863536  0.00685078 -0.00469211 -0.00948518 -1.96491e-06  -5.0774e-08 -1.06644e-06 -0.0109999 -0.0232901  0.0441199   0.00831783    0.0043685 -0.000828822   0.0008566 -0.00260957 -0.00430547 -1.18463e-07  1.14271e-07  2.02682e-07    1.5511 0.0900418  -9.68517 
             39.3003  -0.169112  0.0791855 -0.0543136  0.00975036 -0.00325067 -0.00994878 8.75991e-06 -2.2385e-05 4.95334e-07     -0.011 -0.0232901  0.0441199   0.0245613   0.0130867 -0.00312329  0.00100306 -0.00269477  -0.0043973 -4.23287e-06 -1.82818e-06  7.69816e-07    1.5511 0.0900437  -9.68517 
             39.4002   -0.123023 0.000124412   -0.128533    0.0168713 -0.000250617   0.00423678 0.000428955 -0.00109108 5.18621e-05 -0.0109993 -0.0232888   0.044119 0.0388177 0.0200358 0.0497382 0.000820636 -0.00240254 -0.00413996 -0.000151401 -7.67162e-05 -0.000280411   1.55128 0.0901184  -9.68514 
             39.5004  -0.00433466 -0.000874114    -0.127682    0.019373 -0.00115508  0.00412074  -0.00153467  -0.00335125 -0.000281078 -0.0109993 -0.0232891  0.0441195 0.0432435  0.012724 0.0427646 0.000450346 -0.00238595 -0.00411982 -0.000611675   0.00027377  5.16643e-05   1.55166 0.0897762  -9.68508 
             39.6002  -0.022301 -0.0276015  -0.127887     0.021053 -0.000973778   0.00595228 -0.00528298   0.0102244 -0.00075254 -0.0109995 -0.0232889  0.0441201  0.0303177 0.00826383  0.0305007 0.000527724 -0.00235829 -0.00412573  0.00174579 0.000943765 0.000613295   1.54937 0.0891331  -9.68545 
             39.7003 -0.100882 -0.054846 -0.141438   0.0212325 -0.00203874  0.00476268  -0.0129275   0.0156805 -0.00191668 -0.0109995 -0.0232881  0.0441192   0.027942 0.00493412  0.0242656 0.000791676 -0.00230404 -0.00407341 0.00253227  0.0023094 0.00185233   1.54844 0.0878097  -9.68561 
             39.7995  0.0200945 -0.0878608  -0.136611   0.0223436 -0.00451146  0.00700291  -0.0271427   0.0346454 -0.00398776     -0.011 -0.0232881  0.0441215   0.0181669 -0.00457881   0.0214171  0.00044919 -0.00226135 -0.00407642 0.00585123 0.00486517 0.00247394   1.54523 0.0853561  -9.68615 
             39.9002 -0.00169493   -0.166315   -0.178741   0.0200048 -0.00882108   0.0114872  -0.0502817   0.0660637 -0.00737289 -0.0109994 -0.0232887  0.0441223 0.000147356  -0.0156918   0.0238123 0.000590433 -0.00207968 -0.00393511   0.0118979  0.00905824 6.70336e-05   1.53992 0.0813658  -9.68703 
             40.0003 -0.0612376   -0.24088  -0.162022   0.0143196 -0.00961423   0.0102607   -0.046509    0.106218 -0.00636603 -0.0109999 -0.0232871  0.0441233 -0.0217477  -0.013872  0.0147545 0.000751869 -0.00199979 -0.00399442  0.0184619  0.0083356 0.00429406   1.53313 0.0820442   -9.6881 
             40.1002 -0.0296263   -0.19278  -0.167214  0.0106177 -0.0115544 0.00975882  -0.0506224    0.117832 -0.00690528 -0.0109996 -0.0232868  0.0441225 -0.0305216 -0.0170533 0.00907718 0.000667632 -0.00218326 -0.00398283  0.0201385 0.00905024 0.00691083   1.53117 0.0813404  -9.68842 
             40.2003  0.074146 -0.138722 -0.177834  0.0108394 -0.0120406 0.00627342  -0.0424583   0.0991631 -0.00579077 -0.0109972 -0.0232887  0.0441254 -0.0242813 -0.0161402 -0.0022282 0.000382746 -0.00227832 -0.00395168  0.0155606 0.00750048  0.0144979   1.53435 0.0827452   -9.6879 
             40.3002 -0.102332 -0.103501 -0.141948  0.0119392 -0.0123197 0.00187014  -0.0373158   0.0828194 -0.00515153 -0.0109948 -0.0232874  0.0441296  -0.016309 -0.0109912 -0.0136873 0.000882285 -0.00233082 -0.00405336   0.011458 0.00649895  0.0217059   1.53715 0.0836274  -9.68745 
             40.4002 0.000849167   -0.125747   -0.192291  0.0126405 -0.0123748 0.00599413 -0.0312102  0.0670022 -0.0043337 -0.0109962 -0.0232862  0.0441294  -0.0131856 -0.00989035 -0.00298759 0.000590967 -0.00222224 -0.00390456 0.00997957 0.00548562   0.013109    1.5398 0.0846625  -9.68702 
             40.5003 -0.0113236 -0.0828011  -0.198416  0.0134906 -0.0150777 0.00499758   -0.04336  0.0603286 -0.0064104 -0.0109952 -0.0232858  0.0441303 -0.00927334  -0.0169413 -0.00662106 0.000647446 -0.00232203 -0.00389411 0.00848542 0.00766423  0.0148929   1.54093 0.0825459  -9.68686 
             40.6002   0.124746 -0.0876795  -0.237279  0.0158186 -0.0130479  0.0093999  -0.0265959   0.0423019 -0.00386514 -0.0109981 -0.0232799  0.0441242 -0.00207553 -0.00999707  0.00450527 0.000233567 -0.00227136 -0.00378386 0.00643563 0.00470935 0.00733042   1.54397 0.0854336  -9.68635 
             40.7003 -0.0558308 -0.0836611  -0.283043  0.0175526 -0.0134657 0.00555417  -0.0248525   0.0368267 -0.00365014 -0.0109983 -0.0232756  0.0441243  0.00251381 -0.00668997 -0.00733327 0.000732866 -0.00225451 -0.00365241 0.00440154 0.00432785  0.0137958   1.54493 0.0857369  -9.68619 
             40.7994  0.0625219 -0.0702381  -0.252399  0.0162367 -0.0142258 0.00436077  -0.0220884   0.0415645 -0.00314321 -0.0109982 -0.0232753  0.0441244 -0.00307612 -0.00892626 -0.00971121 0.000362355 -0.00230566 -0.00373998 0.00533603 0.00383122  0.0133353  1.54413 0.086225 -9.68632 
             40.9002 -0.0375132 -0.0723377  -0.271508  0.0173654 -0.0152665 0.00253379  -0.0235962   0.0376798 -0.00342812 -0.0109985 -0.0232752  0.0441236 -0.000128677  -0.00803603   -0.0124362 0.000606113 -0.00229878 -0.00371055 0.00442289 0.00409166  0.0146242   1.54479 0.0859561  -9.68621 
             41.0003 -0.0200058  -0.082837  -0.304275    0.01812 -0.0144631 0.00504985  -0.0188621   0.0335726 -0.00271279 -0.0109976 -0.0232753  0.0441233 0.000481043 -0.00427614 -0.00652543 0.000553067 -0.00226258 -0.00363045 0.00434795 0.00327399  0.0104308  1.54549 0.086768 -9.68609 
             41.1002 -0.0168903 -0.0567673  -0.224463  0.0183158 -0.0131698 0.00701542  -0.0143519   0.0320035 -0.00201506 -0.0109962 -0.0232753   0.044123  0.000275539 -0.000439951  -0.00179563 0.000509856 -0.00232614 -0.00384764 0.00448953 0.00248138 0.00775946  1.54576 0.087548 -9.68604 
             41.2001   0.156794 -0.0380841  -0.203237 0.0180495 -0.012099  0.007442  -0.0109066   0.0324365 -0.00146899 -0.0109954 -0.0232746  0.0441211  -0.00113704 -0.000953854 -0.000370079 6.83685e-05 -0.00236489 -0.00389217 0.00466716 0.00186125 0.00714373   1.54569 0.0881495  -9.68605 
             41.3003  0.0582966 -0.0218281  -0.350199  0.0223218 -0.0121734 0.00462444  -0.0110622   0.0233108 -0.00155293 -0.0109957 -0.0232686  0.0441214    0.0108639 -0.000494955  -0.00655995 0.000311502  -0.0023767 -0.00353642 0.00255407 0.00186422  0.0100105   1.54724 0.0880946   -9.6858 
             41.4002  0.0427783 -0.0976035  -0.265371  0.0226204   -0.01213 0.00696671  -0.0106032   0.0236303 -0.00148553 -0.0109943 -0.0232687  0.0441221   0.00670964 -0.000713773 -0.000940408 0.000318132 -0.00220324 -0.00376375 0.00304209 0.00180691 0.00729943   1.54719 0.0881739  -9.68581 
             41.5003 0.00574839 -0.0562269  -0.287153  0.0205981 -0.0133897  0.0058536  -0.0139576   0.0300197 -0.00196724 -0.0109947 -0.0232682  0.0441216 0.000666749 -0.00456452 -0.00476419 0.000418165  -0.0023272 -0.00371619 0.00407687  0.0024084 0.00807908    1.5461 0.0876104  -9.68599 
             41.6003  0.154798 0.0199393 -0.276517  0.0206267 -0.0131868  0.0053667 -0.0111198  0.0302933 -0.0015297 -0.0109948 -0.0232678  0.0441204  0.00139188 -0.00657804 -0.00413645 1.60326e-05 -0.00253318 -0.00374314 0.00418024 0.00189719 0.00773416   1.54606 0.0881035  -9.68599 
             41.7002   0.123147 -0.0703154    -0.1661  0.0180644 -0.0132041   0.004579  -0.0109598   0.0365393 -0.00147943 -0.0109951 -0.0232653  0.0441218  -0.0082778 -0.00681447 -0.00670305 7.65367e-05 -0.00232804 -0.00399839 0.00525993 0.00186801 0.00806187     1.545 0.0881488  -9.68616 
             41.7993  0.0754345 -0.0375977  -0.230443  0.0167881 -0.0136887 0.00579969 -0.00985326    0.036184 -0.00130499 -0.0109953 -0.0232662  0.0441221 -0.00968844 -0.00702881 -0.00264954 0.000196059 -0.00242113  -0.0038357 0.00543976 0.00167937  0.0065104   1.54508 0.0883383  -9.68615 
             41.9002  0.0770399 -0.0488807  -0.287396  0.0169883  -0.014115 0.00420518 -0.00886088   0.0337599 -0.00116424  -0.010996 -0.0232644  0.0441221 -0.00735986  -0.0066548 -0.00522039 0.000192941 -0.00238105 -0.00371228 0.00486466 0.00149216 0.00736981  1.54548 0.088506 -9.68608 
                  42 -0.00696079   0.0092649   -0.240692  0.0158112 -0.0130672 0.00102585  -0.00643888    0.0353304 -0.000787765 -0.0109957 -0.0232635  0.0441227 -0.00744554 -0.00213826  -0.0112142 0.000390625 -0.00250451 -0.00382017 0.00489599 0.00104185 0.00897308  1.54521 0.088933 -9.68612 
                42.1  0.0655136 -0.0221935  -0.198696  0.0170407 -0.0105017  0.0021098  -0.00178232    0.0315908 -8.28527e-05 -0.0109948 -0.0232641  0.0441216 -0.00347583  0.00276808 -0.00743407  0.00022333 -0.00242502  -0.0039122  0.00442521 0.000208215  0.00767828   1.54586 0.0897248  -9.68601 
             42.2001   0.166604 0.00717264  -0.264078  0.0178295 -0.0108626 0.00268619 -0.00227722   0.0296144 -0.00016888 -0.0109947 -0.0232628  0.0441219 -0.000500265  -0.00149488  -0.00542058 7.50862e-06  -0.0024808 -0.00376089    0.004187 0.000303746  0.00691961    1.5462 0.0896329  -9.68595 
             42.3001   0.165435 -0.0441232  -0.222124  0.0171278 -0.0124442 0.00747169  -0.00389737    0.0293703 -0.000423602 -0.0109932  -0.023261   0.044123 -0.00393274  -0.0071612  0.00418912 3.98411e-05 -0.00236316 -0.00385097   0.0046518 0.000624745  0.00372016  1.54625 0.089342 -9.68595 
             42.4001  0.0641684 -0.0340548  -0.219998  0.0171064 -0.0104493 0.00668202 -0.000149623    0.0290805  0.000163286 -0.0109933 -0.0232607  0.0441246  -0.00297509 -0.000985592   0.00155869 0.000255759   -0.002379  -0.0038622   0.00449267 -5.98972e-05   0.00438993    1.5463 0.0899909  -9.68593 
             42.5001  0.165436 -0.107476 -0.285167   0.0192513 -0.00967932  0.00986458  0.00155414   0.0242548 0.000416812 -0.0109926 -0.0232573  0.0441215   0.00266508 -0.000118244   0.00766592 4.06408e-05 -0.00221229 -0.00373068  0.00390743 -0.00035465  0.00255539   1.54713 0.0902715   -9.6858 
             42.6001   0.072725 -0.0330668  -0.229627   0.0194096 -0.00938285  0.00897322  0.00190686   0.0250929 0.000478629 -0.0109927 -0.0232569  0.0441216   0.00289522 -0.000775997   0.00315431 0.000241329 -0.00237416 -0.00385018   0.0038943 -0.00042551  0.00359333   1.54698 0.0903364  -9.68582 
             42.7001    0.13953 -0.0377767  -0.268597   0.020325 -0.0107731 0.00674437 -0.000318524    0.0240758  0.000134266 -0.0109924 -0.0232569   0.044122  0.00576423 -0.00536933 -0.00119567 0.000108828  -0.0023592 -0.00377628   0.00346811 -3.32589e-05   0.00511964   1.54714 0.0899575   -9.6858 
             42.7993  0.0383437 -0.0149012  -0.249836   0.0184883 -0.00949701  0.00604907  0.00218451   0.0275556 0.000523405 -0.0109923 -0.0232568  0.0441228 0.000359029 -0.00147245 -0.00299594 0.000330761 -0.00241251 -0.00381716   0.00409719 -0.000487178   0.00512462   1.54656 0.0903927  -9.68589 
             42.9001  0.0712189 -0.0359559   -0.21793  0.0176019 -0.0115817 0.00404485 -0.000111741    0.0288876  0.000176084 -0.0109929 -0.0232563  0.0441226 -0.00228385 -0.00703959 -0.00689875 0.000260155 -0.00236551 -0.00388229   0.00421592 -7.62908e-05   0.00591084  1.54633 0.090001 -9.68593 
             43.0002  0.0702164 -0.0356698  -0.238141   0.0202142 -0.00808523  0.00454658  0.00488678    0.025206 0.000935084 -0.0109932 -0.0232561  0.0441226  0.00430828  0.00194803 -0.00545095    0.000257 -0.00235834 -0.00383818   0.00361359 -0.000981357   0.00547088  1.54696 0.090857 -9.68582 
             43.1002   0.107939 -0.0986398  -0.241372  0.0191337 -0.0103198 0.00891458  0.00239352     0.02597 0.000553373 -0.0109915 -0.0232549  0.0441251   -0.001534 -0.00526224  0.00271035 0.000188972 -0.00223866 -0.00383417   0.00412212 -0.000509028   0.00313569   1.54684 0.0904239  -9.68584 
             43.2001  0.0371471 -0.0414155  -0.244104   0.0196201 -0.00801853  0.00518063 0.00544221  0.0259201 0.00101049 -0.0109912  -0.023254  0.0441263 0.000937833   0.0020277 -0.00457361 0.000335258 -0.00234337 -0.00383208  0.00380209 -0.00107776  0.00510724  1.54684  0.09095 -9.68584 
             43.3001   0.161842 -0.0234507   -0.18222   0.0171092 -0.00933282  0.00623466  0.00421011   0.0285075 0.000817359 -0.0109925 -0.0232509  0.0441266 -0.00487339 -0.00505545 -0.00206298 0.000102164 -0.00238575 -0.00395527   0.00441005 -0.000844446   0.00424749   1.54641 0.0907376  -9.68591 
             43.4002   0.124062 -0.0554943  -0.232108   0.0169974 -0.00807391  0.00733847 0.00623601  0.0276827 0.00112677 -0.0109929 -0.0232506  0.0441262  -0.00456945  -0.00245869 -0.000303462 0.000173383 -0.00231405 -0.00386119  0.00434796 -0.00121016   0.0036811  1.54655 0.091086 -9.68588 
             43.5001 -0.0215622 -0.0514839   -0.20675  0.0163309 -0.0111625 0.00569074  0.00218043   0.0287046 0.000512412  -0.010993 -0.0232493  0.0441223 -0.00615631 -0.00907171 -0.00328217 0.000481102 -0.00231534  -0.0039111   0.00440839 -0.000476072   0.00448922   1.54637 0.0903894  -9.68592 
             43.6001  0.0706107 -0.0908333  -0.253699  0.0170343 -0.0110607 0.00761384  0.00344026   0.0267754 0.000703412 -0.0109935 -0.0232481  0.0441213 -0.00437535 -0.00744014  0.00112136 0.000294307 -0.00222845 -0.00381721   0.00419704 -0.000699388   0.00358022    1.5467 0.0906037  -9.68586 
             43.7001  0.0900176 -0.0370555  -0.265263  0.0161018 -0.0154649 0.00726389 -0.000498781    0.0274503   0.00010802 -0.0109921 -0.0232485   0.044123  -0.00587342   -0.0168773 -9.67009e-05 0.000268122 -0.00232543  -0.0037977  0.00429802 1.84853e-05   0.0037289   1.54659 0.0899264  -9.68589 
             43.7995 -0.0182414 -0.0867066  -0.297953  0.0196641 -0.0139083 0.00640857 0.00267729  0.0227067 0.00057471 -0.0109935 -0.0232463  0.0441225   0.0039557 -0.00796374 -0.00314136 0.000476114 -0.00221662 -0.00373572     0.003342 -0.000564585   0.00429269   1.54738 0.0904709  -9.68576 
             43.8995 0.0701323 0.0238602 -0.340166  0.0193981 -0.0138169 0.00213467  0.00404435   0.0243683 0.000793656  -0.010993 -0.0232478  0.0441211  0.00420225 -0.00627566  -0.0101749 0.000311625 -0.00242869 -0.00365448   0.00344136 -0.000823607   0.00559327    1.5471 0.0907102   -9.6858 
             44.0001   0.027524 -0.0671928  -0.263717  0.0205049  -0.014787 0.00360974  0.00378927   0.0231538 0.000751652 -0.0109927 -0.0232482  0.0441209  0.00372275 -0.00622249 -0.00572669 0.000407263 -0.00225683 -0.00379334   0.00336977 -0.000770738    0.0046337   1.54731 0.0906638  -9.68577 
             44.1002  0.098644 0.0350013 -0.274546    0.020785  -0.0121234 0.000143048 0.00680506  0.0238236 0.00121388 -0.0109912  -0.023249  0.0441191   0.00568009 -0.000549362   -0.0109869 0.000282933 -0.00243047 -0.00377848  0.00333268 -0.00133123  0.00565763    1.5472 0.0911836  -9.68578 
             44.2001 -0.00593463  -0.0801856   -0.266469  0.0225539  -0.013373 0.00527649 0.00580709  0.0216842 0.00106419 -0.0109891 -0.0232508  0.0441178    0.0057437  -0.00179243 -7.52685e-05 0.000480714 -0.00221667 -0.00379739  0.00328437 -0.00113446  0.00346773  1.54757  0.09101 -9.68572 
                44.3   0.0422234 -0.00534036   -0.296237  0.0227558 -0.0102179 0.00349906 0.00877345  0.0223212 0.00151919 -0.0109894 -0.0232509  0.0441172   0.0061314  0.00524067 -0.00421452 0.000381238 -0.00235429 -0.00374677  0.00330943 -0.00168492  0.00405979   1.54747 0.0915223  -9.68573 
                44.4  0.0235441 -0.0793232  -0.254133  0.0207024 -0.0122353 0.00721187 0.00661404  0.0240999 0.00118857  -0.010989 -0.0232497   0.044119  -0.00214054 -0.000637955   0.00214128 0.000425889 -0.00223197 -0.00381579   0.0038849 -0.00127351  0.00250037   1.54717 0.0911629  -9.68579 
                44.5  0.0293759 -0.0213783  -0.273447  0.0192729 -0.0119158 0.00505877  0.0068841  0.0256082 0.00122891 -0.0109889   -0.02325  0.0441188 -0.00432409 2.44708e-05 -0.00366586  0.00041193 -0.00233137 -0.00378892  0.00404672 -0.00132776  0.00324734   1.54691 0.0912107  -9.68583 
                44.6  0.054246 -0.047295 -0.225655  0.0169404  -0.014115 0.00561076  0.00504979   0.0271834 0.000948046 -0.0109896  -0.023249  0.0441198 -0.00963109 -0.00587805 -0.00174318 0.000367622 -0.00228811 -0.00386665  0.00439967 -0.00098245  0.00286888   1.54664 0.0908993  -9.68587 
             44.7001  0.0266162 -0.0679523  -0.296049  0.0171658  -0.012302 0.00769596 0.00707277  0.0263804 0.00125852 -0.0109904 -0.0232487  0.0441198  -0.00876008 -0.000299496   0.00265274 0.000411289 -0.00225263 -0.00374439  0.00437784 -0.00135461  0.00205553   1.54679 0.0912549  -9.68585 
             44.7994 -0.00362464   -0.107873   -0.261749   0.018691 -0.0145571  0.0110998 0.00540759    0.02356 0.00100339 -0.0109892 -0.0232487  0.0441165 -0.00496176 -0.00363087   0.0070096  0.00046861 -0.00218095  -0.0038078  0.00397022 -0.00103877  0.00130989   1.54727 0.0909628  -9.68577 
             44.9001  0.0246683 -0.0991397  -0.274509  0.0173707 -0.0138585 0.00899014 0.00624625  0.0244584 0.00113167 -0.0109897 -0.0232491  0.0441164  -0.00767746 -0.000809757    0.0014632 0.000431741 -0.00219278 -0.00378704  0.00399578 -0.00120132  0.00221189   1.54711 0.0911023   -9.6858 
                  45  0.0535137 -0.0972824  -0.328298  0.0183105 -0.0149567 0.00666887 0.00544523  0.0233752 0.00101231 -0.0109893 -0.0232488  0.0441169 -0.00383181 -0.00345243 -0.00418753 0.000375192 -0.00219378 -0.00370422  0.00366146 -0.00105793  0.00306069   1.54729 0.0909536  -9.68577 
             45.1001 -0.00810707  -0.0599835   -0.245908  0.0160315 -0.0159167 0.00703611  0.00495108   0.0247031 0.000935118   -0.01099 -0.0232477  0.0441156 -0.00894404 -0.00432052 -0.00307006 0.000473958 -0.00226108 -0.00383808   0.00395691 -0.000964026   0.00274881   1.54707 0.0908747   -9.6858 
             45.2001 0.0369037 -0.102811 -0.350072  0.0178986 -0.0158758 0.00843554 0.00536534  0.0222932 0.00100288 -0.0109904 -0.0232456  0.0441151  -0.00387233  -0.00316972 -0.000652552 0.000399488 -0.00219165 -0.00366982  0.00357153 -0.00103711  0.00234422   1.54747 0.0909427  -9.68574 
                45.3 -0.0149553 -0.0633371  -0.335362  0.0186359 -0.0173929 0.00583973 0.00435012  0.0217186 0.00084795 -0.0109898 -0.0232451  0.0441151 -0.000678323  -0.00456253  -0.00542872 0.000489672 -0.00225073 -0.00369984    0.0033383 -0.000854125   0.00315729   1.54757 0.0907572  -9.68573 
                45.4 -0.0248644 -0.0446131  -0.383848  0.0195542  -0.018953 0.00253914  0.00339987   0.0212448 0.000701366 -0.0109887 -0.0232443  0.0441151  0.00219117 -0.00571215  -0.0106583 0.000509976 -0.00227448 -0.00361856  0.0031122  -0.000683 0.00404193   1.54764 0.0905808  -9.68572 
             45.5001 -0.0386564 -0.0225347  -0.298981  0.0201773 -0.0155383 0.00250531 0.00626785  0.0208502 0.00113423 -0.0109863 -0.0232449  0.0441159  0.00356893  0.00442629 -0.00952567 0.000522303 -0.00230445 -0.00376303  0.00309056 -0.00121437  0.00370402   1.54772 0.0910747   -9.6857 
             45.6001 -0.0602595 -0.0522385  -0.307113  0.0178175 -0.0156144  0.0031246 0.00611023  0.0230783 0.00111164 -0.0109862 -0.0232437  0.0441169 -0.00460867  0.00403258 -0.00820682 0.000537741 -0.00226385 -0.00375467   0.0035624 -0.00118176  0.00335481   1.54735 0.0910681  -9.68576 
             45.7001  0.0331536 -0.0489792  -0.325914  0.0173934 -0.0157485 0.00413234 0.00576225  0.0228023 0.00104772 -0.0109862 -0.0232428  0.0441177 -0.00534639  0.00271772 -0.00466244 0.000381075 -0.00227253 -0.00372506  0.00359578 -0.00111271  0.00282226   1.54739 0.0910143  -9.68575 
             45.7994 -0.0358458 -0.0618854  -0.324521  0.0190307 -0.0175626 0.00467431  0.00417189   0.0209151 0.000809586 -0.0109863  -0.023243  0.0441168 -0.00133789 0.000767436  -0.0019365 0.000491844 -0.00224604 -0.00373966   0.00328429 -0.000813295   0.00254756    1.5477 0.0907312   -9.6857 
                45.9 -0.0561736 -0.0671954  -0.350236  0.0162169 -0.0204402  0.0054362  0.00207541   0.0225794 0.000498547 -0.0109857 -0.0232437  0.0441173 -0.00832769 -0.00394785  -0.0011438 0.000533082 -0.00224013 -0.00369864   0.0036546 -0.00041669  0.00218863   1.54741 0.0903897  -9.68575 
             45.9999  0.0869068 -0.0780314  -0.271085  0.0126107 -0.0156106 0.00756649  0.0056043  0.0242651 0.00103156 -0.0109827 -0.0232402  0.0441121 -0.0165639 0.00574899 0.00301008 0.000309905 -0.00222933 -0.00381291    0.004085 -0.00107283  0.00147599   1.54715 0.0910215  -9.68579 
             46.1001 0.00112619 -0.0265673  -0.342871  0.0131828 -0.0148186  0.0055587 0.00563572  0.0230061 0.00104027 -0.0109824  -0.023239  0.0441134  -0.0102662  0.00773599 -0.00111942 0.000438573 -0.00230629 -0.00370558  0.00374424 -0.00108217  0.00213584   1.54736 0.0910034  -9.68576 
             46.1999  0.0965382 -0.0232353  -0.314611  0.0148659 -0.0131098 0.00429757 0.00635077  0.0213262 0.00116263 -0.0109823 -0.0232398  0.0441132 -0.00354287  0.00879096 -0.00303578 0.000293563 -0.00230477 -0.00375297  0.00336777 -0.00121984  0.00251575   1.54764 0.0911074  -9.68571 
             46.2999 -0.0756124 -0.0108258  -0.300451   0.0201156 -0.00947321  0.00146317 0.00805154  0.0178324 0.00144922 -0.0109817 -0.0232383  0.0441181   0.0110134   0.0185268 -0.00821242  0.00055183 -0.00231319 -0.00378225  0.00257877 -0.00154388  0.00335172   1.54823 0.0913583  -9.68561 
             46.4001  0.0294677 -0.0475864  -0.319333  0.0209829 -0.0102783 0.00466369 0.00647658  0.0176035 0.00119805 -0.0109806 -0.0232379   0.044119 0.00894084  0.0121786 -0.0013721 0.000398965 -0.00225802 -0.00375484 0.00270067 -0.0012422 0.00231042   1.54826 0.0911053  -9.68561 
             46.5001 -0.0142201 -0.0260541   -0.29308   0.0230382 -0.00813499  0.00356498 0.00783725  0.0162544 0.00141726 -0.0109804 -0.0232381  0.0441195   0.0152596   0.0176694 -0.00416366 0.000460621 -0.00228968 -0.00379047  0.00238623 -0.00150106  0.00268912   1.54849 0.0913234  -9.68557 
             46.5999  0.131165 0.0173438 -0.284816   0.0221211 -0.00815092  0.00325947 0.00624352  0.0183898 0.00115434 -0.0109807 -0.0232371  0.0441224  0.00871717  0.00895564 -0.00283275 0.000236583  -0.0023609 -0.00380196   0.0028191 -0.00119796  0.00249431   1.54813 0.0910663  -9.68563 
                46.7  0.0856862 -0.0118855  -0.322529   0.0210437 -0.00988284  0.00144921    0.004771    0.019471 0.000919623 -0.0109803 -0.0232377  0.0441231  0.00540246  0.00393472 -0.00804641 0.000314151 -0.00231598 -0.00375474   0.00294787 -0.000920741   0.00298407   1.54794 0.0908133  -9.68567 
             46.7994    0.013962 0.000655644   -0.320505  0.0226485 -0.0111939 0.00251641  0.00367425   0.0188571 0.000797834 -0.0109802 -0.0232389  0.0441216 0.00731277 0.00136472 -0.0032301 0.000433584 -0.00234355 -0.00376052   0.00291121 -0.000711441   0.00248914   1.54804 0.0906288  -9.68565 
             46.9001  0.0196835 -0.0310157  -0.321063  0.0206307 -0.0112969   0.001608   0.0034797   0.0204971 0.000757914 -0.0109802 -0.0232391  0.0441225 -0.000207041   0.00121891  -0.00471388 0.000431749 -0.00229394 -0.00376098   0.00322071 -0.000674208   0.00251249   1.54776 0.0906037   -9.6857 
             46.9999 -0.0175118 -0.0164815  -0.310653   0.0190715  -0.0120966 0.000220269 0.00290333  0.0214964 0.00066655 -0.0109803 -0.0232387  0.0441221 -0.00328509 1.90488e-05 -0.00706247 0.000475097  -0.0023256  -0.0037837   0.00338312 -0.000565108   0.00269271   1.54759 0.0905093  -9.68572 
                47.1 0.00477401 -0.0314233  -0.266857  0.0192356 -0.0143683  0.0023551  0.00143808   0.0211563 0.000452016 -0.0109809 -0.0232386  0.0441225 -0.00380235 -0.00598133 -0.00161034 0.000455126 -0.00230076 -0.00384345   0.00341111 -0.000283728   0.00209737   1.54765 0.0902616  -9.68572 
             47.1999   0.017304 0.00480488  -0.293148  0.0194484  -0.014021 0.00180069  0.00210009   0.0207812 0.000557178 -0.0109811 -0.0232385  0.0441227 -0.00181865 -0.00235967 -0.00128337   0.0004375 -0.00235161 -0.00380274    0.0033276 -0.000410213   0.00216703   1.54772 0.0903719  -9.68571 
             47.2999 -0.0206975 -0.0114095  -0.271743    0.0209296   -0.0146634 -0.000857899  0.00179384   0.0200219 0.000514953 -0.0109813 -0.0232383  0.0441228  0.00267233  -0.0017172 -0.00615943  0.00049023  -0.0023273 -0.00382841   0.00308449 -0.000354944   0.00279296  1.54783 0.090309 -9.68569 
             47.4001   -0.04818 -0.0370461  -0.265664  0.0192694 -0.0136909 0.00151141  0.00235922   0.0208332 0.000595569 -0.0109808 -0.0232388  0.0441234 -0.00254693  0.00197223 -0.00124421 0.000532021 -0.00228892 -0.00384059   0.00335169 -0.000459177   0.00207832   1.54771 0.0904173  -9.68571 
                47.5  0.0535507 -0.0448178  -0.283432  0.0193989 -0.0161594 0.00550985 0.000893178   0.0203919 0.000366505 -0.0109797  -0.023237  0.0441257 -0.00275374 -0.00579193  0.00698262  0.00038889 -0.00227978  -0.0038202   0.00342644 -0.000177018   0.00107685   1.54779 0.0901801  -9.68569 
             47.5999 -0.00962595  -0.0238333   -0.252407  0.0182657 -0.0155247 0.00540481  0.00145219   0.0209579 0.000445697 -0.0109795 -0.0232369  0.0441254 -0.00533623 -0.00203374  0.00647032 0.000475342 -0.00230621 -0.00386564   0.00351247 -0.000283022   0.00120863    1.5477 0.0902747  -9.68571 
             47.6999 -0.0295414  -0.162143  -0.279745  0.0180991 -0.0141819  0.0084594  0.00229189   0.0204662 0.000572295 -0.0109779 -0.0232371  0.0441251 -0.00753178  0.00255829   0.0103277  0.00050299 -0.00211546 -0.00382883   0.00350668 -0.000442038  0.000655621   1.54779 0.0904252  -9.68569 
             47.7994 -0.0323622 -0.0153269  -0.362881  0.0178463 -0.0128189 0.00662063  0.00261774   0.0203715 0.000627581 -0.0109778 -0.0232355  0.0441259 -0.00379876  0.00670804  0.00501916 0.000504692 -0.00232167 -0.00371356  0.00337172 -0.00050588   0.0013884    1.5478 0.0904668  -9.68569 
             47.8999  0.0752932 -0.0815569  -0.304768  0.0190429 -0.0122393 0.00822405 0.00268953  0.0193625  0.0006475 -0.0109778 -0.0232354  0.0441259 -0.00103227  0.00431717  0.00518392 0.000371116  -0.0022241 -0.00379307  0.00320617 -0.00051913  0.00120402   1.54797 0.0904798  -9.68566 
             47.9999 -0.0386322 -0.0858562  -0.369156  0.0185927 -0.0114951 0.00841091  0.00270845   0.0195293 0.000648373 -0.0109778 -0.0232355  0.0441259 -0.00234013  0.00715196   0.0043843 0.000520556 -0.00221876 -0.00370869   0.00322697 -0.000522987   0.00127464   1.54794 0.0904822  -9.68567 
             48.0998 -0.0240313 -0.0928709  -0.295903   0.018994 -0.0129735 0.00824717  0.00165255   0.0192069 0.000497371 -0.0109787 -0.0232358  0.0441257 -0.00201214  0.00340731   0.0038375 0.000496623 -0.00220849 -0.00380767   0.00314174 -0.000320244   0.00141918   1.54799 0.0902979  -9.68566 
             48.1999   0.091131 -0.0738289  -0.267958  0.0196528  -0.009708 0.00660725  0.00313464   0.0189077 0.000712311 -0.0109766 -0.0232378  0.0441232 0.000193543  0.00863457 0.000162619 0.000343769 -0.00223345 -0.00384324   0.00301945 -0.000611146   0.00183651   1.54804 0.0905409  -9.68565 
             48.2999 -0.0632623 -0.0855124  -0.314367  0.0190467 -0.0116933 0.00776696  0.00160183   0.0191123 0.000495774 -0.0109764 -0.0232387  0.0441205 -0.00219076  0.00465032 0.000823139 0.000550589 -0.00221728 -0.00378165   0.00309836 -0.000313375   0.00158817     1.548 0.0902871  -9.68566 
             48.3999   0.145269 -0.0327034  -0.287012  0.0190711 -0.0118016 0.00686281 0.00152649  0.0191398 0.00048854 -0.0109761 -0.0232395   0.044121  -0.00163189   0.00211257 -0.000659804 0.000276078 -0.00228352 -0.00382082   0.00306941 -0.000300417   0.00180909    1.548 0.090271 -9.68566 
             48.4999 -0.0382372 -0.0390209  -0.291346  0.0186037 -0.0117359  0.0045935  0.00135915   0.0194673 0.000454368 -0.0109756 -0.0232386  0.0441209 -0.00247071  0.00374109 -0.00509278 0.000526065 -0.00227652 -0.00381056  0.00306709 -0.00026962  0.00223336   1.54794 0.0902367  -9.68567 
             48.5998 -0.042605 -0.103898 -0.316069  0.0197069 -0.0121187 0.00569108 0.000976467   0.0185421 0.000404417 -0.0109753 -0.0232389  0.0441194 -0.00140024  0.00352464 -0.00136448 0.000527239 -0.00219558 -0.00377958   0.00293053 -0.000193893   0.00193714   1.54809 0.0901714  -9.68565 
             48.6999  0.0846988 -0.0277423  -0.366051  0.0194638 -0.0138802 0.00412615 -1.61252e-05      0.01875  0.000254586 -0.0109736 -0.0232397  0.0441208 -0.00115809 -0.00244953  -0.0039095 0.000377799 -0.00228978 -0.00371147  0.00292763 -1.9031e-07   0.0022228   1.54805 0.0899973  -9.68565 
             48.7994  -0.024057 -0.0518632  -0.276774   0.0176056  -0.0156867 0.000210539 -0.000788069    0.0197358  0.000122265 -0.0109743 -0.0232378    0.04412 -0.00436466 -0.00411325  -0.0110897  0.00051109 -0.00226152   -0.003831  0.00303488 0.000149168  0.00278185   1.54789 0.0898607  -9.68568 
             48.9006  0.0390927 -0.0432147  -0.350974  0.0186785 -0.0153191 0.00587874 -0.000402433     0.018586  0.000192136 -0.0109747 -0.0232368  0.0441197  -0.0020271 -0.00330356  0.00117968 0.000435474 -0.00226892 -0.00373937  0.00301179 7.88759e-05  0.00148657   1.54808 0.0899419  -9.68565 
             48.9998 -0.000850265   -0.0873184    -0.298126  0.0197653 -0.0163436 0.00657664 -0.000625182    0.0178896  0.000163803 -0.0109748 -0.0232374  0.0441186 -0.000727936  -0.00268717   0.00223313 0.000483386 -0.00221273 -0.00381014  0.00288178 0.000122638  0.00144418   1.54819 0.0899004  -9.68563 
             49.0998 -0.0672165 -0.0265119  -0.270145  0.0182885 -0.0148612 0.00521998 4.89846e-05    0.018732 0.000261901 -0.0109743 -0.0232364  0.0441189 -0.00291423  0.00253095 -0.00148692 0.000544879 -0.00228926 -0.00384645   0.00300972 -1.12636e-05   0.00169383   1.54806 0.0900162  -9.68565 
             49.1999   0.112586 -0.0630852  -0.359405   0.019033 -0.0156525 0.00443092 -0.000284255    0.0182921  0.000213404  -0.010974 -0.0232364  0.0441195 -0.00128934 -0.00141117 -0.00191342 0.000322405 -0.00224242  -0.0037392  0.00289933 5.43004e-05  0.00184059   1.54813 0.0899541  -9.68564 
             49.2998 -0.0414849 -0.0246257  -0.280526  0.0177921 -0.0150989 0.00361601 -9.63025e-05    0.0188687  0.000242664 -0.0109739 -0.0232358  0.0441194 -0.00316786  0.00179319 -0.00422249 0.000516506 -0.00228789 -0.00383848  0.00300236 1.67155e-05  0.00191733   1.54803 0.0899881  -9.68566 
             49.3998  0.0425163 -0.0698074   -0.36892  0.0179314 -0.0153981 0.00627729 -0.000240464    0.0184216  0.000217532 -0.0109732 -0.0232349  0.0441194 -0.00363584 0.000846902  0.00115646 0.000416788 -0.00223251 -0.00372783  0.00299701 4.88955e-05  0.00138024   1.54811 0.0899682  -9.68565 
             49.4998  0.0275672 -0.0600581  -0.229547  0.0200522 -0.0117767 0.00781902  0.00130419   0.0172188 0.000436575 -0.0109697  -0.023238  0.0441189 0.00243662 0.00865493 0.00366424 0.000423779 -0.00224169 -0.00390063   0.00278857 -0.000260562   0.00116665  1.54832 0.090229 -9.68561 
             49.5998  0.0557267 -0.0697961  -0.411082  0.0207212 -0.0136181  0.0082823 0.000172966    0.016991 0.000265695 -0.0109669 -0.0232376  0.0441195  0.0030468 0.00285954 0.00349536 0.000394765  -0.0022278 -0.00367665   0.00274374 -3.33531e-05   0.00116871   1.54835 0.0900334  -9.68561 
             49.6999   0.061484 -0.0580706  -0.288937  0.0206154 -0.0105772 0.00761054  0.00170819   0.0171226 0.000488014 -0.0109647 -0.0232379  0.0441195 0.00261919  0.0110262  0.0024078 0.000380745 -0.00224042 -0.00383194   0.00274872 -0.000343407   0.00131146   1.54833 0.0902963  -9.68561 
             49.7995 -0.0333357  -0.104003  -0.294758   0.0220684 -0.00956091  0.00900263  0.00127703   0.0166077 0.000432969 -0.0109647 -0.0232386   0.044118 0.00290112  0.0105996 0.00293501 0.000508557 -0.00218011  -0.0038229   0.00267064 -0.000255504   0.00116242   1.54842 0.0902199  -9.68559 
             49.8998   0.121096 0.00809407  -0.281774   0.017891 -0.0100539 0.00518246 0.000740783   0.0189581 0.000336412 -0.0109635 -0.0232396  0.0441154 -0.00609567  0.00447734 -0.00386251 0.000339087 -0.00231377 -0.00382705   0.00304751 -0.000148918   0.00182067   1.54801 0.0901394  -9.68566 
             49.9999 0.00229929 -0.0357571  -0.344109  0.0178066 -0.0142696 0.00387291 -0.00117217    0.018704 4.88173e-05 -0.0109614  -0.023239  0.0441126 -0.00497529 -0.00446479 -0.00660733 0.000485643 -0.00225881 -0.00375238  0.00297272 0.000237514  0.00197955  1.54804 0.089808 -9.68566 
             50.0999  0.0277249 -0.0427049  -0.319858  0.0150312 -0.0139149 0.00402137 -0.000854837    0.0195949  8.97904e-05 -0.0109613 -0.0232392  0.0441132   -0.010677 -0.00269218 -0.00504565 0.000451397 -0.00225212 -0.00378467  0.00318125 0.000175002  0.00179863    1.5479 0.0898693  -9.68568 
             50.1997  0.091441 -0.112959 -0.325769  0.0178374 -0.0136323 0.00675067 -0.00054867   0.0177577 0.000144087 -0.0109604 -0.0232383  0.0441092 -0.00366712 -0.00216668 0.000788907 0.000375423 -0.00216762  -0.0037797  0.00288003 0.000114786  0.00133291   1.54821 0.0899124  -9.68563 
             50.2998  -0.0170803 -0.00814772   -0.258026  0.0158531 -0.0121592 0.00210784 -7.21167e-06     0.018731  0.000212913 -0.0109584 -0.0232355  0.0441092 -0.00510985  0.00277253 -0.00806768 0.000491716 -0.00228968 -0.00386102  0.00296251 2.11178e-06  0.00207999   1.54804 0.0900059  -9.68566 
             50.3998  0.0919471 -0.0114868  -0.328566   0.0174533  -0.0141958 0.000284495 -0.000858274    0.0178896  8.74532e-05 -0.0109576 -0.0232351  0.0441109 0.000448306 -0.00357377 -0.00986147 0.000368171 -0.00228217 -0.00377496  0.00275596 0.000174028  0.00230614   1.54818 0.0898532  -9.68564 
             50.4997 -0.0272512 -0.0224447  -0.307743    0.0182104    -0.012338 -0.000132324 -3.37506e-05    0.0175553  0.000215769 -0.0109576 -0.0232353  0.0441124  0.00199436  0.00307973 -0.00841963 0.000500402   -0.002266 -0.00380071  0.00269885 6.73522e-06  0.00223064   1.54824 0.0899917  -9.68563 
             50.5999 0.00211281  -0.054444  -0.284518  0.0193933 -0.0131821 0.00238656 -0.000435129    0.0169497  0.000155675 -0.0109571 -0.0232358   0.044112  0.00354812 0.000933486 -0.00221157 0.000474606 -0.00223218 -0.00382783  0.00266112 9.16248e-05  0.00167686   1.54834 0.0899219  -9.68561 
             50.6998   0.0945433 0.000347322   -0.244089  0.0188607 -0.0106237  0.0019912 0.000587348   0.0173655 0.000304084  -0.010956 -0.0232352  0.0441097  0.00226281  0.00493278 -0.00226565 0.000364235 -0.00229338 -0.00387292   0.002747 -0.0001175 0.00167612   1.54828 0.0900985  -9.68562 
             50.7996  0.074453 -0.040052 -0.340168  0.0195297 -0.0117289 0.00661252 2.23118e-05   0.0168801 0.000227074 -0.0109544 -0.0232345    0.04411  0.0017208 0.00105833 0.00631096 0.000395058  -0.0022434 -0.00376324   0.0027726 1.62871e-06 0.000871302   1.54836 0.0900048  -9.68561 
             50.8999  0.0556335 -0.0552136  -0.296127  0.0199207 -0.0109973  0.0102031 0.000290688   0.0166425 0.000266639 -0.0109539 -0.0232346    0.04411 0.0013043 0.0022519 0.0120292 0.000420957 -0.00223052 -0.00381049   0.00279602 -5.06115e-05  0.000402515   1.54841 0.0900507   -9.6856 
             50.9997 0.00669575  -0.116778  -0.329947  0.0192966 -0.0142542  0.0111794  -0.0010973   0.0169065 6.73876e-05 -0.0109532 -0.0232348  0.0441088 -0.00230322 -0.00490589   0.0109774 0.000472395 -0.00216094 -0.00377351  0.00285077 0.000233839 0.000407676   1.54836 0.0898167  -9.68561 
             51.0998  0.0744386 -0.0591716  -0.385506   0.019856 -0.0137409    0.01186 -0.000672506    0.0166484   0.00012876 -0.0109539 -0.0232342  0.0441087 -0.000383685  -0.00309707    0.0104553 0.000397714 -0.00222505 -0.00370966  0.00278226 0.000146234 0.000500099    1.5484 0.0898872   -9.6856 
             51.1999 0.0577674 -0.140392 -0.235488  0.0198143 -0.0115211  0.0128732 0.000309355   0.0165892 0.000265133 -0.0109514 -0.0232347  0.0441085 -0.00244481  0.00182446  0.00997378 0.000405136 -0.00213764 -0.00388557   0.00277171 -5.69336e-05  0.000490166   1.54842 0.0900538   -9.6856 
             51.2998 -0.0897242   -0.10505  -0.303495  0.0199865 -0.0130583  0.0123348 -0.000437874    0.0165035  0.000159478 -0.0109514 -0.0232336  0.0441063 -0.00251748  0.00111566  0.00709902 0.000568198 -0.00217702 -0.00380862  0.00271585 9.61332e-05 0.000732442   1.54843 0.0899265   -9.6856 
             51.3997   0.129687 -0.0776288  -0.298559  0.0199691 -0.0112639  0.0116317  0.00029165   0.0165067 0.000271375 -0.0109511 -0.0232346   0.044104 -0.00205167  0.00184557  0.00373197 0.000326801 -0.00220861 -0.00381405   0.00268304 -5.83659e-05  0.000948159   1.54843 0.0900516  -9.68559 
             51.4998  0.0206313 -0.0985443   -0.30161    0.021942 -0.00978855   0.0112506 0.000912464   0.0155779 0.000359473 -0.0109511 -0.0232345  0.0441047   0.004293  0.0064933 0.00252659 0.000446405 -0.00218609 -0.00381067   0.00246843 -0.000188879    0.0010754  1.54859 0.090151 -9.68557 
             51.5997   0.141415 -0.0811659  -0.278077    0.020881 -0.00961686   0.0127752 0.000726062   0.0160888 0.000334298 -0.0109515 -0.0232332  0.0441051 -0.000949422   0.00134631   0.00441678 0.000306623 -0.00220549 -0.00383785   0.00260144 -0.000147787  0.000906345   1.5485 0.090122 -9.68558 
             51.6999 0.0434879 -0.165215 -0.335654  0.0210079 -0.0113456  0.0139188 -8.00131e-05    0.0159198  0.000216315 -0.0109504 -0.0232333  0.0441045 -0.00179603 -0.00217548  0.00676321  0.00041504 -0.00211509 -0.00377962  0.00259745  2.2951e-05 0.000709528   1.54853 0.0899828  -9.68558 
             51.7995 0.0488196 -0.121131 -0.330252  0.0188914 -0.0117688  0.0121191 -0.000105048    0.0165812  0.000217717 -0.0109504 -0.0232334  0.0441042 -0.00652458 -0.00284258 0.000761278 0.000407066 -0.00217003 -0.00378761  0.00268057 2.62999e-05  0.00107114   1.54842 0.0899828   -9.6856 
             51.8997   0.102028 -0.0900997  -0.346908   0.0198857 -0.00972297  0.00738939 0.000674071   0.0162645 0.000320995 -0.0109496  -0.023234  0.0441045 -0.00207771  0.00112769 -0.00827647 0.000333699 -0.00220382 -0.00377103   0.00249443 -0.000145024   0.00182944   1.54848 0.0901223  -9.68559 
             51.9997 -0.0428348 -0.0293463  -0.229624   0.0199337 -0.00968534  0.00334918 0.000526351   0.0163619 0.000297476 -0.0109485 -0.0232326  0.0441043 -0.000107867   0.00253209   -0.0141487 0.000486446 -0.00226867 -0.00389612    0.0024416 -0.000118781   0.00230952   1.54847 0.0901039  -9.68559 
             52.1005  0.0187222 -0.0854274  -0.312168  0.0219625 -0.0116862 0.00475361 -0.000211663    0.0154165  0.000179463 -0.0109481 -0.0232321  0.0441037  0.00396456 -0.00289777  -0.0110637 0.000434812 -0.00220321 -0.00380172   0.0022768 4.00705e-05  0.00207352   1.54862 0.0899687  -9.68556 
             52.1998  -0.0134916 -0.00704008   -0.270549   0.021529 -0.0124153 0.00122295 -0.000438321    0.0158125  0.000153267 -0.0109471 -0.0232312  0.0441028  0.00154854 -0.00223005  -0.0129434 0.000459608 -0.00227483 -0.00383548  0.00230356 8.35136e-05  0.00245209  1.54855 0.089938 -9.68558 
             52.2996 -0.0334139 -0.0119432  -0.304182   0.020575 -0.0125593 0.00157029 -0.000391428    0.0160839  0.000160267 -0.0109477 -0.0232322  0.0441026  0.000138735 -0.000586513  -0.00911544 0.000459309 -0.00226937   -0.003825   0.0024192 7.57496e-05  0.00207498   1.54851 0.0899455  -9.68558 
             52.3997    0.100603 -0.00192481    -0.24877   0.0187361 -0.00760075   0.0014508  0.00105896   0.0165888 0.000380744 -0.0109468 -0.0232313  0.0440989 -0.00294044  0.00833022 -0.00864932 0.000306117 -0.00228608 -0.00387928   0.00254286 -0.000226423   0.00195623   1.54843 0.0901887  -9.68559 
             52.4998 0.0953697 -0.015654 -0.297711  0.0199054  -0.010511 0.00441007 0.000134357   0.0160255 0.000246019 -0.0109454   -0.02323  0.0440997 -5.04108e-05 -0.000755953  -0.00203009 0.000337043 -0.00226445 -0.00383148   0.00249421 -2.87166e-05   0.00151714   1.54852 0.0900349  -9.68558 
             52.5997 -0.0757382 -0.0501453  -0.301081  0.0213626 -0.0101749   0.005762 0.000175044   0.0155408 0.000257436 -0.0109451 -0.0232303  0.0440992 0.00281388   0.003191 0.00140656 0.000515156 -0.00222484  -0.0038368   0.00241409 -3.72442e-05    0.0013579    1.5486 0.0900423  -9.68557 
             52.6998  0.105249 -0.135937 -0.297828   0.0222594 -0.00971595   0.0106074 0.000316584   0.0151439 0.000265996 -0.0109422 -0.0232283   0.044098  0.00162539 0.000694738  0.00851549 0.000317921 -0.00212948 -0.00384415   0.00241301 -6.41622e-05  0.000810272   1.54868 0.0900686  -9.68555 
             52.7996  0.0184329 -0.0713597  -0.336546  0.0207051 -0.0107581  0.0107352 -6.0645e-05   0.0157152 0.000214712 -0.010942 -0.023229 0.0440972  -0.00287484 -0.000447337   0.00843467  0.00041723  -0.0021986 -0.00380482  0.00253174 1.86593e-05 0.000866939   1.54858 0.0900045  -9.68557 
             52.8997 0.0565041 -0.110395 -0.318949  0.0232262 -0.0124585  0.0134418 -0.000490557    0.0147192  0.000152199 -0.0109415  -0.023229  0.0440967   0.0023867 -0.00456949    0.010807 0.000384187 -0.00215323 -0.00382125  0.00233726 0.000114789 0.000688414   1.54875 0.0899274  -9.68554 
             52.9997 0.0388514 -0.134337 -0.394115   0.020934 -0.0127323  0.0149625 -0.000455365    0.0154952  0.000159941 -0.0109415 -0.0232306  0.0440971  -0.0054523 -0.00398597    0.011259 0.000393964 -0.00213111 -0.00374743  0.00252579 0.000106964 0.000587062   1.54862 0.0899387  -9.68557 
             53.0997 0.0365593 -0.150997 -0.344963  0.0193483 -0.0145575  0.0149049 -0.00103033   0.0159689 8.41971e-05 -0.0109421 -0.0232301  0.0440971  -0.0105741 -0.00763996  0.00987269 0.000397472  -0.0021114 -0.00380165  0.00261902 0.000233015 0.000669827   1.54853 0.0898435  -9.68558 
             53.1997 -0.051945 -0.146165 -0.282549  0.0169718 -0.0126838  0.0113091 -0.000267805      0.01669  0.000185317 -0.0109405 -0.0232263  0.0440994   -0.0138107 -0.000765887  0.000124862 0.000489111 -0.00211977 -0.00386271  0.00268822 6.15059e-05  0.00125713   1.54842 0.0899778   -9.6856 
             53.2998 0.0867747 -0.128202 -0.302792  0.0146919 -0.0127683  0.0123523 -0.000171518    0.0166183  0.000200254 -0.0109405 -0.0232259  0.0440992  -0.0164131 -0.00215852   0.0025039 0.000343859 -0.00213738 -0.00384025  0.00269189 4.14421e-05  0.00113223   1.54843 0.0899938  -9.68559 
             53.3997  0.085913 -0.108832 -0.332234  0.0187282 -0.0135898  0.0104285 -0.000426602    0.0149258  0.000162777 -0.0109398 -0.0232257  0.0441022 -0.00375989 -0.00410855  -0.0023494 0.000335319 -0.00215745 -0.00381726  0.00225271 9.64082e-05  0.00153538  1.54872 0.089929 -9.68555 
             53.4998  0.0396264 -0.0436121  -0.340688  0.0161977 -0.0140759  0.0083268 -0.00048783   0.0157549 0.000147343 -0.0109389 -0.0232263   0.044099 -0.00862632 -0.00420621 -0.00598201 0.000384996 -0.00222921 -0.00380847  0.00240354 0.000107791  0.00175371   1.54858 0.0899266  -9.68557 
             53.5997   0.122894 -0.0808993  -0.311488  0.0171276 -0.0139884 0.00758751 -0.000257074    0.0151395  0.000182931 -0.0109388 -0.0232269  0.0440987 -0.00532049 -0.00465704 -0.00627605 0.000296885  -0.0021945 -0.00384471  0.00225786 5.58706e-05  0.00180275   1.54869 0.0899599  -9.68555 
             53.6998  0.0384104 -0.0635191  -0.328806  0.0187657 -0.0143168 0.00716101 -0.000226171     0.014411  0.000190212 -0.0109389 -0.0232267  0.0440991 -0.00048127 -0.00362923   -0.006325 0.000381649 -0.00221153 -0.00382831  0.00209402 4.92456e-05  0.00180837   1.54881 0.0899577  -9.68553 
             53.7995 0.0345664 -0.119684  -0.30888  0.0166252 -0.0170788 0.00780045 -0.000845825    0.0148573  9.32485e-05 -0.0109385 -0.0232272  0.0440997 -0.00688506 -0.00789004 -0.00449924 0.000391037 -0.00215689  -0.0038488  0.00223149 0.000189021  0.00157824   1.54872 0.0898561  -9.68555 
             53.9004    0.11854 -0.0167219  -0.342295  0.0194297 -0.0134264 0.00668448 0.000550306   0.0138735 0.000317019 -0.0109386  -0.023227  0.0440995   0.0031102 0.000627755 -0.00685236 0.000284009 -0.00226023 -0.00382343   0.00197973 -0.000122822   0.00176083    1.5489 0.0900834  -9.68552 
             53.9997 -0.0224159  -0.066527  -0.321692  0.0208678 -0.0138568  0.0038532 0.000314313   0.0136914 0.000273882 -0.010939 -0.023226 0.0440984  0.00401079  0.00181151 -0.00896317 0.000418886 -0.00221313 -0.00384529   0.00190582 -7.09438e-05   0.00197081   1.54893 0.0900417  -9.68551 
             54.0996  0.0802479 0.00582312  -0.351768  0.0211407 -0.0135704 0.00460284  0.00043845   0.0137144 0.000292962 -0.0109394 -0.0232257  0.0440982  0.00550085 0.000311185 -0.00667791 0.000315006 -0.00228643 -0.00381964   0.00194456 -9.78354e-05   0.00175765   1.54893 0.0900634  -9.68551 
             54.1998 0.00905885 -0.0734396  -0.331428  0.0202093 -0.0135412 0.00636728 0.000431898   0.0139847 0.000290401 -0.0109386 -0.0232261  0.0440994 0.000973473 0.000728163 -0.00319932 0.000382676 -0.00220712 -0.00384435  0.00205794 -9.4569e-05  0.00143461  1.54888 0.090066 -9.68552 
             54.2997 -0.00642222  -0.0472266   -0.292472  0.0199032 -0.0112345 0.00762654  0.00100203   0.0140489 0.000374342 -0.0109375 -0.0232263  0.0441002  0.000349117   0.00584284 -0.000430032 0.000401205 -0.00223393 -0.00388397   0.00210483 -0.000223156   0.00122318   1.54888 0.0901653  -9.68552 
             54.3996  0.0142136 -0.0567218  -0.388795  0.0211289 -0.0109097  0.0088971 0.000935846   0.0136384 0.000365383 -0.0109372 -0.0232255  0.0440999 0.00227923 0.00555912 0.00172394 0.000383501 -0.00221954 -0.00379125   0.00203283 -0.000206432   0.00107529   1.54895 0.0901501  -9.68551 
             54.4997   0.121487 -0.0210724  -0.285491  0.0190025 -0.0109366 0.00954731 0.000827412   0.0143287 0.000353259 -0.0109377 -0.0232233  0.0440998 -0.00245628   0.0020241  0.00286048 0.000281775  -0.0022574 -0.00389163   0.00220851 -0.000180136  0.000976474   1.54883 0.0901391  -9.68553 
             54.5997  0.019452 -0.136193 -0.376443  0.0181555 -0.0122775  0.0125084 0.000382745   0.0143148 0.000294938 -0.0109354 -0.0232242     0.0441  -0.00649817 -0.000419249   0.00668656 0.000384524 -0.00214116 -0.00380113   0.00225985 -7.50463e-05  0.000633165   1.54883 0.0900655  -9.68553 
             54.6996 -0.0349004 -0.0637522  -0.325952   0.018732 -0.0112797  0.0113091 0.000639957   0.0140529 0.000324573 -0.0109353 -0.0232238   0.044101 -0.00307908  0.00344438  0.00368962 0.000430879 -0.00221261  -0.0038509   0.00216023 -0.000136572  0.000886348   1.54887 0.0901051  -9.68552 
             54.7996  0.0224324 -0.0972821  -0.353901  0.0196147 -0.0131303 0.00909546 3.35815e-05   0.0137612 0.000241118 -0.0109354 -0.0232237  0.0441009 -0.000510912  -0.00151922  -0.00249705 0.000380904 -0.00217704 -0.00382207  0.00204053 1.03166e-06  0.00123355  1.54891 0.089995 -9.68552 
             54.8996 0.0267815 -0.146106  -0.31271  0.0212124 -0.0107261  0.0110484 0.000814272   0.0131449 0.000331438 -0.0109339 -0.0232242  0.0440995 0.00128752 0.00471069 0.00196226 0.000378156 -0.00213045 -0.00386512   0.00193415 -0.000177594  0.000973487   1.54903 0.0901228   -9.6855 
             54.9997 0.0370834 -0.149308 -0.334183  0.0184677 -0.0116841  0.0133947  0.00040705   0.0138514 0.000288638 -0.0109335 -0.0232241  0.0441002 -0.00720629  0.00113927  0.00483462 0.000363886 -0.00213122 -0.00384583   0.00214754 -7.94045e-05  0.000666953    1.5489 0.0900646  -9.68552 
             55.0997  0.0486064 -0.0980816  -0.273805 0.0174202 -0.012851 0.0111499 2.83253e-05   0.0140577 0.000242972 -0.0109334 -0.0232246  0.0441005  -0.00750512  -0.00248919 -0.000963226 0.000349418 -0.00218171 -0.00390783  0.00214506 4.93424e-06  0.00100845   1.54886 0.0899999  -9.68553 
             55.1995 0.0514112  -0.13697 -0.310513  0.0169264 -0.0133466  0.0112596 -3.87621e-05    0.0139346  0.000232088 -0.0109334 -0.0232246  0.0441006 -0.00844702 -0.00320629 -0.00123951 0.000351089 -0.00214301 -0.00387032  0.00211846 2.04517e-05 0.000989163   1.54889 0.0899874  -9.68552 
             55.2995  0.0862754 -0.0814921  -0.307512  0.0163005 -0.0114217 0.00992903 0.000589906   0.0139554 0.000313567 -0.0109333 -0.0232248     0.0441 -0.00845604  0.00115809 -0.00286808 0.000314208 -0.00219638 -0.00387543   0.00209974 -0.000129844   0.00114208   1.54889 0.0900955  -9.68552 
             55.3997  0.0505443 -0.0864173   -0.31853  0.0176774 -0.0108749  0.0076067 0.000692414   0.0133893 0.000324127 -0.0109331 -0.0232238  0.0441008 -0.00318225  0.00240888 -0.00670699 0.000348337 -0.00219053 -0.00386751    0.0019234 -0.000156376   0.00141153   1.54899 0.0901077   -9.6855 
             55.4996 -0.00469391  -0.0545178   -0.310327  0.0175948 -0.0106898 0.00554536 0.000640555   0.0133851 0.000316537 -0.0109327 -0.0232233  0.0441007 -0.00255948  0.00344021 -0.00930697 0.000396278 -0.00222054 -0.00387853   0.00189692 -0.000145408   0.00158158   1.54899 0.0900986   -9.6855 
             55.5995  0.0868078 -0.0587533  -0.285688  0.0181135 -0.0110968 0.00472469 0.000485047   0.0131606 0.000295181 -0.0109328 -0.0232235   0.044101 -0.00116675  0.00055509 -0.00985873 0.000311804 -0.00221411   -0.003901  0.00184216 -0.00010862  0.00158667   1.54903 0.0900704   -9.6855 
             55.6996  0.0133528 -0.0211221  -0.292552   0.0213659 -0.00944969   0.0028441 0.000885872   0.0122783 0.000352157 -0.0109326 -0.0232233  0.0441025 0.00752562  0.0051208 -0.0109542  0.00037634 -0.00225325 -0.00389158   0.00161046 -0.000205016   0.00172139   1.54918 0.0901337  -9.68547 
             55.7995 0.0375049 -0.102566 -0.305168  0.0221034 -0.0114372 0.00615241 0.000269923   0.0120691 0.000261148 -0.0109308 -0.0232234   0.044103   0.00520198 -0.000242485  -0.00316462 0.000363208 -0.00217505 -0.00387722  0.00164435 -5.4189e-05  0.00117927   1.54921 0.0900264  -9.68547 
             55.8995 0.00549579  -0.041731  -0.319171  0.0219286 -0.0126237 0.00608867 -5.75107e-05    0.0122579  0.000214361 -0.0109306 -0.0232236  0.0441026  0.00399863 -0.00274613 -0.00357556 0.000388427 -0.00223316 -0.00386796  0.00169611 2.40432e-05  0.00114088   1.54917 0.0899714  -9.68548 
             55.9996 -0.0101063 -0.0594334  -0.309519  0.0207387 -0.0135467 0.00455582 -0.000250129    0.0127413  0.000185939 -0.0109308 -0.0232233  0.0441028 -0.000203072  -0.00329093  -0.00578979   0.0004049 -0.00221835 -0.00387496  0.00179457 6.97846e-05  0.00125958   1.54909 0.0899402  -9.68549 
             56.0995 -0.0320048 -0.0333014  -0.362317  0.0201012 -0.0151764 0.00444546 -0.000624676    0.0129202  0.000133116 -0.0109301 -0.0232239  0.0441023 -0.000884463   -0.0055212  -0.00557207 0.000426863 -0.00224405 -0.00382493  0.00184753 0.000159291  0.00120041   1.54906 0.0898779  -9.68549 
             56.1996  0.0970106 -0.0581528  -0.351154   0.020765 -0.0137995 0.00749555 -4.46351e-05    0.0125671  0.000211744 -0.0109298 -0.0232215  0.0440994 -0.000214944   -0.0027356   0.00115893 0.000312628 -0.00221908  -0.0038344  0.00182555  2.2552e-05 0.000778987   1.54913 0.0899777  -9.68548 
             56.2996 -0.0528606 -0.0706288  -0.354279  0.0217239 -0.0120356 0.00742063 0.000421528   0.0123076 0.000273799 -0.0109298 -0.0232215  0.0441004 0.00208665  0.0042916 0.00046242 0.000449902 -0.00220474 -0.00383512   0.00175605 -8.98401e-05  0.000811581   1.54917 0.0900545  -9.68548 
             56.3996  0.0774421 -0.0980098  -0.380233  0.0211495 -0.0116149 0.00867847 0.000465703   0.0124644 0.000281379 -0.0109295 -0.0232211  0.0441006 -0.000979056   0.00307154   0.00248948 0.000328023 -0.00217954 -0.00381597    0.0018173 -9.94737e-05  0.000663163   1.54915 0.0900654  -9.68548 
             56.4995 -0.033842 -0.107405 -0.368393   0.0224616 -0.00963908  0.00884736 0.000867988   0.0120875 0.000328403 -0.0109292 -0.0232213  0.0441012  0.0022685 0.00861623 0.00147598 0.000428164 -0.00217254 -0.00382542   0.00172023 -0.000196662   0.00068725   1.54922 0.0901281  -9.68547 
             56.5996   0.102045 -0.0874944  -0.315983  0.0210789 -0.0087062  0.0089198  0.00110377   0.0125594 0.000362737 -0.0109287 -0.0232197  0.0441002 -0.00199509  0.00974062  0.00259438 0.000307234 -0.00218965 -0.00387471  0.00184087 -0.00025398 0.000658177   1.54914 0.0901761  -9.68548 
             56.6995   0.165178 -0.0661876  -0.289244   0.0185992 -0.00892135   0.0104278 0.000764942   0.0129924 0.000327848 -0.0109305 -0.0232163   0.044101 -0.00629193  0.00199391  0.00345567 0.000244185 -0.00221226 -0.00390211   0.00196768 -0.000169679  0.000517609  1.54907 0.090127 -9.68549 
             56.7996  0.0690655 -0.0807373   -0.31011   0.0199638 -0.00836477   0.0109653 0.000830562   0.0124448 0.000336595 -0.0109305 -0.0232163  0.0441013 -0.00258718  0.00384547  0.00496018   0.0003267  -0.0022003 -0.00388779   0.00183173 -0.000185503  0.000517662   1.54916 0.0901295  -9.68548 
             56.8995  0.151302 -0.112766 -0.343964  0.0193424 -0.0120469    0.01102 -0.000104597     0.012497  0.000223371 -0.0109295 -0.0232167  0.0441029 -0.00433347 -0.00743956  0.00320113 0.000252828 -0.00217018   -0.003858  0.00183999 4.46741e-05 0.000564182   1.54914 0.0899704  -9.68548 
             56.9996 0.000984682   -0.079849   -0.387593  0.0166664 -0.0147471  0.0102745 -0.000633046    0.0130555  0.000162589 -0.0109282 -0.0232179  0.0440998 -0.00941714  -0.0100829 0.000204052 0.000395818 -0.00219899 -0.00381657  0.00196647 0.000171694 0.000655763   1.54904 0.0898894   -9.6855 
             57.0995  0.0690606 -0.0870142   -0.39577  0.0181151 -0.0182452 0.00725842 -0.00137968   0.0125729 6.54154e-05 -0.0109271  -0.023217  0.0440996 -0.00394489  -0.0173909 -0.00593689 0.000337931 -0.00219275 -0.00380958  0.00178878 0.000352855  0.00106345    1.5491 0.0897632  -9.68549 
             57.1995  0.0365306 -0.0862856  -0.359706  0.0190473 -0.0186669 0.00681522 -0.00108643   0.0122261 9.76694e-05 -0.0109269 -0.0232175  0.0440998  -0.0016503  -0.0142372 -0.00527061 0.000366952  -0.0021924 -0.00384321  0.00170081 0.000281275  0.00106935   1.54916 0.0898075  -9.68548 
             57.2994 0.0444782 -0.109228 -0.361661  0.0207629 -0.0166055  0.0084434 -0.000109612    0.0116827  0.000208971 -0.0109258 -0.0232186  0.0441002  0.00175513 -0.00620559 -0.00156194 0.000366881  -0.0021716  -0.0038404  0.00159762 4.25375e-05 0.000828514   1.54927 0.0899588  -9.68546 
             57.3995   0.0160261 -0.00137103   -0.346873  0.0222806  -0.015072 0.00391802 0.000341448   0.0115573 0.000260776 -0.0109232 -0.0232183  0.0441017   0.00743757 -0.000651566  -0.00917575 0.000396692  -0.0022653 -0.00385291   0.00148981 -7.34095e-05   0.00134143    1.5493 0.0900392  -9.68546 
             57.4995   0.103644 -0.0493599  -0.376657  0.0213174 -0.0161526 0.00589463 0.000146314   0.0118379 0.000237699 -0.0109232 -0.0232175  0.0441027  0.00217359 -0.00401739 -0.00353585 0.000321545 -0.00222196 -0.00383009   0.00161187 -2.15694e-05   0.00100128   1.54925 0.0900077  -9.68546 
             57.5995 0.000932747   -0.079763   -0.263536  0.0228329 -0.0118915 0.00683391    0.001221   0.0114964 0.000371376 -0.0109186 -0.0232198   0.044104  0.00487429  0.00695103 -0.00100881 0.000417166 -0.00219338 -0.00393206   0.00154533 -0.000288079  0.000861351   1.54933 0.0901804  -9.68545 
             57.6994  0.110469 -0.105822 -0.403779  0.0237142 -0.0121716 0.00987266 0.00107443  0.0112453 0.00034661 -0.0109173 -0.0232182  0.0441042  0.0036966 0.00373839 0.00532832 0.000325451  -0.0021677 -0.00380659   0.00153513 -0.000248452  0.000512672   1.54937 0.0901485  -9.68544 
             57.7994 -0.0156866 -0.0574713   -0.30202  0.0223046 -0.0128408   0.010653 0.000783574   0.0117003  0.00030977 -0.0109183 -0.0232171  0.0441029 -0.000588858   0.00267169   0.00575197 0.000439401 -0.00221199 -0.00389483   0.00165663 -0.000175142  0.000453403   1.54929 0.0901063  -9.68546 
             57.8996  0.115093 -0.113437 -0.422429  0.0234938 -0.0143118  0.0133313 0.000457436    0.011294 0.000260992 -0.0109165 -0.0232149  0.0441033   0.0010475 -0.00277386  0.00906257 0.000329052 -0.00216313 -0.00379125   0.00158659 -9.07503e-05  0.000239985   1.54935 0.0900436  -9.68545 
             57.9995 0.0124464 -0.105332  -0.35057  0.0205307 -0.0151074  0.0145125 0.000276347   0.0120388 0.000235981 -0.0109167 -0.0232145   0.044103 -0.00719208 -0.00303911  0.00960641 0.000420106 -0.00216874 -0.00385415   0.00178521 -4.56356e-05  0.000165817   1.54923 0.0900247  -9.68547 
             58.0995  0.089055 -0.140249 -0.244226  0.0205038 -0.0144327  0.0154965 0.000542979   0.0118501 0.000268858 -0.0109155 -0.0232156  0.0441023 -0.0075441 -0.0021943 0.00962962 0.000361148 -0.00213807 -0.00394062  0.00173866 -0.00011331 0.000156956   1.54926 0.0900666  -9.68546 
             58.1995 0.0463465 -0.167788  -0.36497  0.0220698 -0.0119207  0.0155614  0.00123369   0.0113265 0.000359184 -0.0109175 -0.0232136   0.044102 -0.00273607  0.00445444  0.00740353 0.000396212 -0.00211783 -0.00383799   0.00158973 -0.000286827  0.000242536  1.54936 0.090173 -9.68544 
             58.2994  0.129685 -0.117101 -0.271502  0.0210373 -0.0120713  0.0166406 0.00112351  0.0115158 0.00034479 -0.0109181 -0.0232127   0.044102 -0.00567531  0.00171612  0.00907696 0.000322459 -0.00216376 -0.00392024   0.00164601 -0.000258098   0.00018409   1.54933 0.0901566  -9.68545 
             58.3995  0.171585 -0.152141 -0.358821  0.0225311 -0.0107146   0.014923  0.00144933    0.011063 0.000388994 -0.0109193 -0.0232121  0.0441008 -0.00132872  0.00292481  0.00286393 0.000290685 -0.00212861 -0.00384426   0.00148071 -0.000342822  0.000493295   1.54941 0.0902076  -9.68544 
             58.4996   0.102123 -0.0978422  -0.329086  0.0203803 -0.0125923  0.0151103 0.000901917   0.0115664 0.000318202 -0.0109191 -0.0232126  0.0440982 -0.00730061 -0.00264315   0.0026449 0.000351619 -0.00217919 -0.00387259   0.00161268 -0.000204224  0.000488052   1.54932 0.0901211  -9.68545 
             58.5994  0.120952 -0.100607 -0.259093  0.0187042 -0.0118782  0.0123051  0.00111985   0.0119112 0.000343895 -0.0109181 -0.0232118   0.044098 -0.00959049 -0.00216713 -0.00404542 0.000335798 -0.00217648  -0.0039348    0.0016507 -0.000262746  0.000824085   1.54927 0.0901667  -9.68546 
             58.6994  0.0216391 -0.0872469  -0.420376  0.0179305 -0.0154907 0.00992681 0.000268914     0.01192 0.000223342 -0.0109138 -0.0232106  0.0440949 -0.00932395   -0.008451  -0.0085082 0.00041938 -0.0021879 -0.0037974    0.0016216 -4.54721e-05    0.0010522   1.54927 0.0900285  -9.68546 
             58.7995  0.110577 -0.129294 -0.342332  0.0202193 -0.0151828  0.0124016 0.000586374    0.011011 0.000263537 -0.0109136  -0.023211  0.0440936 -0.00373322 -0.00703323 -0.00139216 0.000344166 -0.00215104 -0.00386829    0.0014313 -0.000124332  0.000734827   1.54941 0.0900663  -9.68544 
             58.8995   0.102841 -0.0491169  -0.305769   0.020859 -0.0149538 0.00869812 0.000889397   0.0109089 0.000301101 -0.0109119 -0.0232119  0.0440942 0.000811669   -0.006513 -0.00983735 0.000348444 -0.00221912 -0.00390185   0.00135516 -0.000207197   0.00104716   1.54944 0.0901248  -9.68543 
             58.9995   0.119196 -0.0541947  -0.341606  0.0206066 -0.0161064  0.0083341 0.000830569   0.0109512 0.000293301  -0.010912 -0.0232119  0.0440942  -0.0005244 -0.00887813 -0.00988149 0.000333489 -0.00221814 -0.00386999  0.00137972 -0.00019077 0.000963692   1.54943 0.0901131  -9.68543 
             59.0994   0.118525 -0.0120766  -0.361533   0.020938 -0.0132588 0.00724633  0.00157625   0.0109239 0.000391088 -0.0109127 -0.0232117  0.0440941  0.00145051 -0.00224127  -0.0102448 0.000326993 -0.00225579 -0.00385405   0.00136646 -0.000395846  0.000974234   1.54945 0.0902457  -9.68543 
             59.1994 0.0443395 -0.114669 -0.317118  0.0202354  -0.015839 0.00978593  0.00114102   0.0109381 0.000336029 -0.0109119 -0.0232127  0.0440937 -0.00225383 -0.00731689 -0.00422551 0.000394976 -0.00216904 -0.00389186   0.00142979 -0.000267945   0.00061297   1.54944 0.0901554  -9.68543 
             59.2995 0.0774874 -0.127269 -0.282178  0.0199916 -0.0136237  0.0124083  0.00176862     0.01084 0.000410314  -0.010909 -0.0232131  0.0440938 -0.00365377 -0.00185921 0.000980229 0.000370644 -0.00215539 -0.00391967  0.00144849 -0.00044004 0.000296804   1.54946 0.0902577  -9.68543 
             59.3994 0.0864795 -0.145999 -0.282363  0.0208408 -0.0135841  0.0142868  0.00183643   0.0105309 0.000414417 -0.0109083 -0.0232131  0.0440931 -0.00275357 -0.00177403  0.00451081  0.00036417 -0.00213892 -0.00391833   0.00138929 -0.000455876  0.000100652   1.54952 0.0902597  -9.68542 
             59.4995 0.0693847 -0.117031 -0.314163  0.0199147 -0.0136737  0.0141585  0.00186769   0.0106388 0.000420463 -0.0109084 -0.0232132  0.0440931 -0.00450888 -0.00234163  0.00232582 0.000384309 -0.00216535 -0.00389056   0.0014086 -0.00046587 0.000173393    1.5495 0.0902688  -9.68542 
             59.5993 0.0956215 -0.131289 -0.316591  0.0222408 -0.0120651  0.0141377  0.00227219   0.0100303 0.000466342 -0.0109088 -0.0232125  0.0440931 0.00109951 0.00117535 0.00243963 0.000357655 -0.00215711 -0.00388972   0.00122808 -0.000578623  0.000230422  1.54961 0.090337  -9.6854 
             59.6995 0.0939195 -0.157664 -0.358979  0.0212293 -0.0124944  0.0184469  0.00221118   0.0101224 0.000459225 -0.0109079  -0.023213  0.0440932  -0.00434089 -0.000709885   0.00985041 0.000363414 -0.00213284 -0.00385277   0.00131895  -0.00055592 -0.000204677   1.54959 0.0903155  -9.68541 
             59.7993  0.130843 -0.131598 -0.306333  0.0216762 -0.0114908  0.0172516  0.00243675  0.00998815 0.000485995 -0.0109075 -0.0232141   0.044093  -0.00226053 -0.000570366   0.00493216 0.000328843 -0.00215655 -0.00389702   0.00124668 -0.000621938  3.21871e-05   1.54962 0.0903602   -9.6854 
             59.8995  0.168202 -0.188926 -0.270981    0.01887 -0.0115571  0.0190623  0.00245735   0.0105133 0.000485632 -0.0109073 -0.0232121  0.0440937  -0.0111106 -0.00290335  0.00694243 0.000293359 -0.00210894 -0.00392744   0.00141741 -0.000624224 -0.000148257   1.54953 0.0903628  -9.68542 
             59.9995  0.205335 -0.101443 -0.302774  0.0217399 -0.0123681  0.0171174  0.00239017  0.00972781 0.000482941 -0.0109059 -0.0232128  0.0440978 -0.00137378 -0.00628641  0.00266176  0.00026153 -0.00218207 -0.00390245   0.00115688 -0.000610355  0.000175423   1.54966 0.0903543  -9.68539 
             60.0995   0.222774 -0.0912777  -0.259801  0.0197248 -0.0123409  0.0141664  0.00251143   0.0102359 0.000490138 -0.0109048  -0.023213  0.0440966 -0.00550217 -0.00807209 -0.00337479 0.000247161 -0.00218734 -0.00393706   0.00124951 -0.000648204  0.000481999   1.54958 0.0903887  -9.68541 
             60.1994  0.176411  -0.13044 -0.322228  0.0164253 -0.0160695  0.0138349   0.0019045    0.010798 0.000408517 -0.0109034 -0.0232148  0.0440959  -0.0143754  -0.0158724 -0.00195041 0.000284011 -0.00215664 -0.00388525   0.00140545 -0.000485686  0.000466968   1.54949 0.0902898  -9.68542 
             60.2993   0.126057 -0.0451673   -0.29683  0.0162621 -0.0159951 0.00996624  0.00217923   0.0106879 0.000439442 -0.0109018  -0.023213  0.0440981   -0.010279  -0.0132111 -0.00952874 0.000324944 -0.00222571 -0.00390789   0.00132088 -0.000562451  0.000845425   1.54951 0.0903533  -9.68542 
             60.3995   0.112144 -0.0905001  -0.303899  0.0173714 -0.0173713 0.00955769  0.00221221   0.0101724 0.000448611 -0.010902 -0.023213 0.0440976 -0.00591371  -0.0138402 -0.00834612 0.000339036 -0.00218906 -0.00390231   0.00118974 -0.000571124  0.000805111    1.5496 0.0903553  -9.68541 
             60.4994 -0.0323153 -0.0538133  -0.372156  0.0217008 -0.0166457 0.00482613  0.00256196  0.00922439 0.000496624 -0.0109028 -0.0232047  0.0441012  0.00649536 -0.00630426  -0.0155297 0.000452761  -0.0022159 -0.00384702  0.000868339 -0.000664154   0.00124457   1.54975 0.0904319  -9.68538 
             60.5994   0.112776 -0.0558075  -0.318019  0.0236139 -0.0152354 0.00670169  0.00300818  0.00865587 0.000553482 -0.0109025 -0.0232051  0.0440995   0.0122572 -0.00385529  -0.0115786 0.000334024 -0.00221741 -0.00389272  0.000747162 -0.000781666   0.00101684   1.54985 0.0904895  -9.68536 
             60.6995   0.0248036 -0.00680526   -0.403741  0.0240554 -0.0181499 0.00268058  0.00256583  0.00906339 0.000478127 -0.0109005 -0.0232074  0.0440974  0.00977646 -0.00716123  -0.0148175  0.00041284 -0.00226151 -0.00381237  0.000836482 -0.000663099   0.00116823   1.54978 0.0904269  -9.68538 
             60.7995  0.0828069 -0.0929729  -0.334191  0.0218117 -0.0186207 0.00841135 0.00271528 0.00949779 0.00048841 -0.0108974 -0.0232044  0.0440999 0.000303287 -0.00853346 -0.00208186 0.000364783 -0.00219215 -0.00387698   0.00107391 -0.000694352   0.00041416   1.54971 0.0904324  -9.68539 
             60.8995  0.0993484 -0.0803392  -0.415322  0.0210677 -0.0203138   0.011659  0.00261122  0.00954202 0.000473373 -0.0108965  -0.023204  0.0441003 -0.0030586 -0.0107392 0.00439157 0.000350056  -0.0022017 -0.00381127   0.00113819 -0.000662947  7.72584e-05    1.5497 0.0904087  -9.68539 
             60.9994  0.139526 -0.129001 -0.390477 0.0204951 -0.020292 0.0139742  0.00285588  0.00953413 0.000502691 -0.0108956 -0.0232031  0.0440995 -0.00509846  -0.0100832  0.00700478 0.000318849 -0.00216448 -0.00382936   0.00116311 -0.000730002 -0.000109223  1.54971 0.090447 -9.68539 
             61.0994  0.0398056 -0.0990015  -0.361045  0.0198411 -0.0186454  0.0134899  0.00331743   0.0096113 0.000554212 -0.0108948 -0.0232029   0.044101 -0.00529776 -0.00379812  0.00442304 0.000400939 -0.00218768 -0.00385258   0.00116734 -0.000861011  1.35559e-06   1.54971 0.0905279  -9.68539 
             61.1993  0.135012 -0.125083 -0.401108  0.0207512 -0.0176653  0.0138122  0.00361215  0.00932999 0.000591748 -0.0108949 -0.0232029  0.0440999 -0.00231242 -0.00255391  0.00401044 0.000322828 -0.00216665 -0.00382365   0.00108047 -0.000945409  2.69192e-05   1.54976 0.0905704  -9.68538 
             61.2994 -0.0154594  -0.127235  -0.429203  0.0212433 -0.0169202  0.0153425   0.0037724  0.00914362 0.000613298 -0.0108951 -0.0232032  0.0441009 -0.00182656  0.00180856  0.00508742 0.000443694 -0.00216095 -0.00379999   0.00103992 -0.000989929  -7.2029e-05    1.5498 0.0905911  -9.68537 
             61.3993   0.135341 -0.0830056    -0.3544  0.0208553 -0.0165942  0.0126758  0.00380849  0.00926909 0.000620865 -0.0108943 -0.0232049  0.0441008  -0.00176726 -6.19339e-05 -0.000565185 0.000325647 -0.00219789 -0.00385783  0.00103119 -0.00100601 0.000240371   1.54978 0.0906053  -9.68537 
             61.4993 0.0876171 -0.128516 -0.345972  0.0220023 -0.0134157  0.0146963  0.00444256  0.00896366 0.000690473 -0.0108928 -0.0232056  0.0441006 9.93951e-05  0.00701672  0.00384465 0.000366944 -0.00216072 -0.00386264 0.000964479 -0.00118814 5.19435e-05   1.54985 0.0907028  -9.68536 
             61.5994  0.172672 -0.112162 -0.362706 0.0189815 -0.015022 0.0158267  0.00401055    0.009491 0.000637832 -0.0108929 -0.0232052  0.0441019 -0.00851125 -0.00129061  0.00435781 0.000297143 -0.00217201 -0.00385268   0.00113571  -0.00106333 -3.89484e-05   1.54975 0.0906449  -9.68538 
             61.6995  0.212849 -0.127008 -0.362066  0.0219382 -0.0154004  0.0152027  0.00402985  0.00873359 0.000656151  -0.010893 -0.0232055  0.0441016 0.000273881  -0.0044919  0.00157881 0.000270668  -0.0021641 -0.00385089 0.000896211 -0.00106768 0.000100822   1.54987 0.0906287  -9.68536 
             61.7994   0.125316 -0.0876356  -0.302501 0.0215897 -0.015034  0.013869  0.00414546   0.0088575 0.000665784 -0.0108923 -0.0232051  0.0441019  -0.00115327   -0.0030162 -0.000280758  0.00034171 -0.00219468 -0.00389561 0.000910915 -0.00110254 0.000242615   1.54986 0.0906537  -9.68536 
             61.8994   0.15372 -0.126921 -0.349446  0.0195002 -0.0164101  0.0127811  0.00395743  0.00924436 0.000637749 -0.0108921  -0.023206  0.0441024 -0.00618618 -0.00745327 -0.00340408 0.000327265 -0.00216112 -0.00385913  0.00101439 -0.00105027 0.000315855   1.54979 0.0906332  -9.68537 
             61.9994 -0.0137331 -0.0832245  -0.288363  0.0173394 -0.0162096  0.0110115  0.00404142   0.0096407 0.000642027 -0.0108917 -0.0232041  0.0441024  -0.0109367 -0.00358748 -0.00567161 0.000457329 -0.00219592 -0.00390917  0.00111044 -0.00107634 0.000445226   1.54973 0.0906592  -9.68538 
             62.1001   0.120923 -0.0690124  -0.345416 0.0176075  -0.01701 0.0100585  0.00389132  0.00952838 0.000624724 -0.0108911  -0.023204  0.0441029 -0.00854357 -0.00694378  -0.0084673 0.000346162 -0.00220876 -0.00386626  0.00106313 -0.00103341 0.000543168   1.54974 0.0906359  -9.68538 
             62.1995  -0.037834 -0.0882205  -0.355302  0.0178126  -0.017946 0.00837534  0.00389533  0.00920166 0.000627235 -0.0108912 -0.0232028  0.0441033   -0.005427 -0.00296302 -0.00851454 0.000474925 -0.00219311 -0.00385826 0.000964643 -0.00103351 0.000567065    1.5498 0.0906319  -9.68537 
             62.2995  0.115901 -0.131082  -0.35501 0.0211301 -0.016335   0.01178  0.00438464  0.00829656 0.000684175 -0.010891 -0.023201 0.0440993   0.00317583 -0.000623678 -0.000988211 0.000351215 -0.00215658 -0.00385986 0.000745124 -0.00117304 0.000206531   1.54995 0.0906938  -9.68534 
             62.3995  0.0605857 -0.0944529  -0.386702  0.0226787 -0.0154324  0.0123745 0.00454531 0.00809028 0.00070707 -0.0108916 -0.0232005  0.0440993  0.00435817  0.00163805 0.000680169 0.000394519 -0.00218481 -0.00383532 0.000691238 -0.00121995 0.000149752   1.54999 0.0907174  -9.68534 
             62.4994  0.119828 -0.124195 -0.365062  0.0214423 -0.0195343  0.0118651  0.00383566  0.00836174 0.000614917 -0.0108917 -0.0232005  0.0441018  -0.00117662  -0.00943416 -0.000661349 0.000354696 -0.00215802 -0.00385121 0.000771911 -0.00100841 0.000183532   1.54993 0.0906008  -9.68535 
             62.5994  0.0561994 -0.0889633  -0.367411    0.02059 -0.0166868  0.0111775  0.00444993  0.00853522 0.000675503 -0.0108916 -0.0232005  0.0441024  -0.00324316 -0.000898603  -0.00238163 0.000407041 -0.00218348 -0.00384849 0.000814547 -0.00119149 0.000224235   1.54991 0.0907077  -9.68535 
             62.6995 0.0613498  -0.16434 -0.371342 0.0217413 -0.016522 0.0146778  0.00452006  0.00815883 0.000694176 -0.0108903 -0.0232007  0.0441015  -0.00230382 -0.000336188   0.00400658 0.000400235 -0.00212789 -0.00384567  0.000749672  -0.00121138 -0.000106413   1.54998 0.0907137  -9.68534 
                62.8  0.0282357 -0.0892801  -0.326749  0.0191912 -0.0137791  0.0120997 0.00494628  0.0086682  0.0007215 -0.0108889 -0.0231991  0.0441012  -0.00686827   0.00631214 -0.000886656 0.000420528 -0.00218795 -0.00388068 0.000866597 -0.00133929 0.000137118    1.5499 0.0907943  -9.68535 
             62.8994 0.0875196 -0.107378 -0.375822  0.0199657 -0.0158349  0.0108887  0.00452083     0.00841 0.000680589 -0.0108885  -0.023199  0.0441021  -0.00430616 -0.000166923   -0.0033545 0.000372721 -0.00217243 -0.00384318 0.000772848 -0.00120959 0.000249112   1.54994 0.0907152  -9.68535 
             62.9993  0.126581 -0.116994 -0.381079  0.0194315 -0.0137016  0.0133847  0.00491721  0.00836038 0.000726302 -0.0108888 -0.0231979  0.0441007 -0.00610329  0.00325858  0.00202374 0.000338047 -0.00216824 -0.00384054  0.000794309  -0.00132983 -1.64418e-05  1.54995 0.090784 -9.68534 
             63.0993  0.110043  -0.11295 -0.391737    0.01901 -0.0169943  0.0139985  0.00425657  0.00834021 0.000650607 -0.0108882 -0.0231979  0.0441012 -0.00693714 -0.00589417  0.00192192 0.000346226 -0.00217352 -0.00383463  0.000801008  -0.00112901 -6.91963e-05   1.54994 0.0906724  -9.68535 
             63.1994 0.0505283  -0.11776 -0.347457  0.0180755 -0.0160772  0.0129345  0.00452384  0.00836804 0.000677992 -0.0108876 -0.0231977  0.0441021  -0.00780138  -0.00216068 -0.000980659 0.000388793 -0.00217241 -0.00387037 0.000790944 -0.00120997  4.5952e-05   1.54994 0.0907171  -9.68535 
             63.2994 0.0025134 -0.160673  -0.29353  0.018893 -0.018232 0.0158652  0.00418803  0.00795229 0.000646053 -0.0108881    -0.0232  0.0441002 -0.00629945 -0.00568899  0.00405802 0.000421024 -0.00214054 -0.00391333  0.000703572  -0.00110828 -0.000216686      1.55 0.0906534  -9.68534 
             63.3996 0.0963453 -0.105423 -0.322685 0.0205247 -0.015404 0.0114781  0.00479247  0.00769273 0.000726674 -0.0108872 -0.0232011  0.0440997 -0.000578324  0.000760814  -0.00431582 0.000349313  -0.0021829 -0.00388927 0.000551226 -0.00129374 0.000241335   1.55006 0.0907489  -9.68533 
             63.4995  0.133718  -0.10907 -0.314187   0.021272 -0.0152002  0.0143324     0.00486  0.00743732 0.000739319 -0.0108875 -0.0231999  0.0440996  0.00116691 0.000968479  0.00297875  0.00032441 -0.00218314  -0.0038948  0.000518111  -0.00131332 -6.66024e-05    1.5501 0.0907568  -9.68532 
             63.5995  0.129952 -0.119203 -0.336595  0.0205782 -0.0157391  0.0146639  0.00476298  0.00756898 0.000725053 -0.0108873 -0.0232004     0.0441 -0.00127382 -0.00228093  0.00143622 0.000327492 -0.00217115 -0.00387486    0.0005615  -0.00128408 -7.87487e-05   1.55008 0.0907427  -9.68532 
             63.6995  0.125218 -0.100912 -0.358395   0.019275 -0.0188996  0.0145634  0.00422562  0.00778738 0.000653945 -0.0108858 -0.0232013  0.0440999 -0.00466305  -0.0102909 0.000548102 0.000329422 -0.00218727 -0.00385846  0.000629064   -0.0011201 -6.01223e-05   1.55003 0.0906554  -9.68533 
             63.7996 0.0795981 -0.109143  -0.27463  0.0200816 -0.0186787  0.0130915  0.00441039  0.00758183 0.000676392 -0.0108853 -0.0232017  0.0441004  -0.0027175 -0.00791425  -0.0020707 0.000362892 -0.00217897 -0.00392015 0.000540766  -0.0011785  0.00010276   1.55007 0.0906863  -9.68533 
             63.8994  0.0983758 -0.0750167  -0.313055  0.0187443 -0.0189507  0.0114482  0.00459319  0.00776755 0.000695444 -0.0108853 -0.0232019  0.0441001 -0.00461006 -0.00730365 -0.00424916 0.000352525 -0.00220676 -0.00388847 0.000585031 -0.00123535 0.000196481   1.55004 0.0907197  -9.68533 
             63.9995 0.0816311 -0.133581 -0.332202  0.0193004 -0.0177435  0.0113004  0.00492329  0.00755052 0.000733703 -0.0108858 -0.0232016     0.0441 -0.00378639  -0.0033667 -0.00383444 0.000368635 -0.00216033 -0.00387531 0.000518889 -0.00133802 0.000171941   1.55008 0.0907735  -9.68532 
             64.0995  0.0744378 -0.0904681  -0.330359   0.020639 -0.0148462  0.0109941  0.00543524  0.00728422 0.000790602 -0.0108862 -0.0232013  0.0441008 -3.15555e-05   0.00327893  -0.00229313 0.000365766 -0.00219556 -0.00387887 0.000431309  -0.0014972 0.000184318   1.55013 0.0908578  -9.68531 
             64.1994 0.0866447 -0.136576 -0.333346 0.0206606 -0.017461 0.0136157  0.00500142  0.00717561 0.000739446 -0.0108854 -0.0232013  0.0441009 -0.00209198 -0.00370788  0.00251129 0.000354235 -0.00216159 -0.00387434  0.000434019  -0.00136069 -5.23754e-05   1.55014 0.0907804  -9.68531 
             64.2994  0.150991 -0.100977  -0.35733   0.022642 -0.0165889  0.0147821 0.00523494 0.00676832 0.00076916 -0.0108858 -0.0232005  0.0441005   0.0023489 -0.00246399  0.00466529 0.000302968 -0.00218612 -0.00385756  0.000318039  -0.00142996 -0.000116841   1.55021 0.0908134   -9.6853 
             64.3995  0.107376 -0.189612 -0.323085  0.0209616 -0.0178644  0.0193088  0.00511703  0.00695776 0.000754681 -0.0108841    -0.0232  0.0441021 -0.00485508 -0.00581208   0.0110079 0.000338664  -0.0021169 -0.00388563  0.000428957  -0.00138986 -0.000470494   1.55018 0.0907885  -9.68531 
             64.4995  0.106598 -0.136859 -0.356371  0.0198072 -0.0153648  0.0179457  0.00562139  0.00715672 0.000809576 -0.0108847    -0.0232  0.0441024 -0.00715317 0.000682627  0.00703811  0.00033821 -0.00215288 -0.00386018  0.000456839  -0.00154352 -0.000266579  1.55015 0.090874 -9.68531 
             64.5999  0.131055 -0.164519 -0.370557   0.019144 -0.0154067  0.0184304  0.00561897   0.0071243 0.000810823 -0.0108847    -0.0232  0.0441024   -0.0082115 -0.000996176   0.00606128 0.000316326 -0.00213144  -0.0038498  0.000443766   -0.0015431 -0.000244906   1.55016 0.0908739  -9.68531 
             64.6995   0.07785 -0.146038 -0.242311  0.0196522 -0.0131667  0.0166424 0.00599677  0.0069556 0.00085096  -0.010882 -0.0232015  0.0441039 -0.00592661  0.00415702  0.00160646 0.000358015 -0.00214432 -0.00394678    0.0003583  -0.00166228 -2.69645e-05   1.55019 0.0909381   -9.6853 
                64.8 0.0270537 -0.153328 -0.416167  0.0193283 -0.0168842  0.0162825  0.00529416  0.00688007 0.000770867 -0.0108782 -0.0232012   0.044101 -0.00680676   -0.003599  0.00049668 0.000401743 -0.00213826 -0.00381469 0.000331903 -0.00144506 2.33519e-05    1.5502 0.0908253   -9.6853 
             64.8995 0.0582371 -0.119242 -0.320569 0.0192778 -0.017573   0.01519  0.00523786  0.00681603 0.000765922 -0.0108781 -0.0232015  0.0441013 -0.00533133 -0.00728507 -0.00795719 0.000377892 -0.00216438 -0.00388793 0.000296183 -0.00142866 0.000125065  1.55021 0.090818  -9.6853 
             64.9999 -0.00549793   -0.155824   -0.380489  0.0203849 -0.0191695   0.014628  0.00491925  0.00658356 0.000732418 -0.0108775 -0.0232005  0.0441001 -0.00192817  -0.0113375  -0.0092969 0.000386595 -0.00216428 -0.00387676 0.000211247 -0.00132741 0.000199085   1.55024 0.0907633   -9.6853 
             65.0994 -0.0110722  -0.155266  -0.386682 0.0202575 -0.022269 0.0121291  0.00478766  0.00650263 0.000718273 -0.0108772 -0.0232001  0.0440995 -0.00438332  -0.0114807  -0.0121532 0.000389085 -0.00216478  -0.0038733 0.000181147 -0.00128554 0.000229205   1.55026 0.0907409   -9.6853 
             65.1993 0.0778957 -0.134959   -0.3866  0.0204248 -0.0203519  0.0133805   0.0049746  0.00646115 0.000742196 -0.0108774 -0.0231997  0.0440986 -0.00289358 -0.00430209 -0.00703384 0.000337569 -0.00217879 -0.00387602 0.000178865 -0.00135493  0.00013483   1.55026 0.0907765  -9.68529 
             65.2994  0.0422554 0.00254895  -0.319028   0.015428 -0.0184767 0.00417482   0.0050628  0.00676506 0.000764404 -0.0108734  -0.023197  0.0440951 -0.0119241  0.0016708 -0.0247889 0.000367061 -0.00228236 -0.00392276 0.000253482 -0.00139773 0.000419294   1.55021 0.0908037   -9.6853 
             65.3995  0.0879001 -0.0970897  -0.341929  0.0158961 -0.0198357 0.00853631  0.00499839  0.00664972 0.000750401 -0.0108725 -0.0231961  0.0440951  -0.0115612 -0.00245821  -0.0113191  0.00033763 -0.00220998 -0.00390384 0.000240671 -0.00136441 0.000219212   1.55023 0.0907878   -9.6853 
             65.4995  0.0769444 -0.0687869  -0.286858   0.018182 -0.0166671 0.00870081   0.0052138  0.00641508 0.000770921 -0.0108711 -0.0231978  0.0440942 -0.00286721  0.00506288 -0.00965945 0.000342291 -0.00222248 -0.00394932  0.00015179 -0.00144801   0.0001965  1.55028 0.090825 -9.68529 
             65.5994   0.142051 -0.0928809  -0.325689   0.018548 -0.0170929  0.0109187  0.00516115   0.0063129 0.000759244 -0.0108701 -0.0231967  0.0440939  -0.00242812 -0.000302989  -0.00390259 0.000290581 -0.00220187 -0.00392154 0.000132176 -0.00142522 6.85232e-05   1.55029 0.0908148  -9.68529 
             65.6995 0.0234741 -0.108436 -0.386753  0.0228565 -0.0174551 0.00814728  0.00511609  0.00574492 0.000755176 -0.0108705 -0.0231924  0.0440918  0.00815462 0.000997369 -0.00870055 0.000379956 -0.00218036 -0.00387283 -9.8187e-05 -0.00140652  0.00023098   1.55039 0.0907996  -9.68527 
             65.7999  0.107744 -0.113331 -0.326507 0.0176863 -0.017748 0.0118894  0.00508781  0.00650467 0.000757946 -0.0108699 -0.0231897  0.0440936 -0.00783681 -0.00203631 -0.00084095 0.000316911 -0.00218361 -0.00391704 0.000222989 -0.00139191 -8.0991e-05   1.55026 0.0907994  -9.68529 
             65.8998   0.144812 -0.0962797  -0.367897  0.0191568 -0.0142893  0.0114477 0.00559997 0.00618488 0.00080633 -0.0108706 -0.0231893  0.0440924 -0.00227892  0.00395532 -0.00192858 0.000283363 -0.00219588 -0.00388849    9.676e-05  -0.00157499 -4.39373e-05   1.55032 0.0908837  -9.68528 
             65.9995   0.174632 -0.0894763  -0.346299  0.0178006 -0.0183389  0.0110808  0.00497464  0.00634825 0.000744352 -0.0108712 -0.0231891  0.0440936 -0.00511881 -0.00803385 -0.00292816 0.000264809 -0.00219994 -0.00390334  0.000160268  -0.00135075 -3.20754e-05   1.55029 0.0907786  -9.68529 
             66.0994  0.0495721 -0.0777091   -0.39135   0.019187 -0.0181255  0.0103115  0.00510626  0.00605256 0.000755139 -0.0108714 -0.0231879   0.044095 -0.000412365  -0.00480122  -0.00331677   0.0003581 -0.00220863 -0.00386804  4.3333e-05 -0.00139612 2.33601e-05   1.55034 0.0907968  -9.68528 
             66.1999   0.166766 -0.0786286  -0.345298  0.0203028 -0.0149325 0.00908149  0.00570055  0.00589317 0.000814399 -0.0108704 -0.0231889  0.0440934  0.00268002 0.000395823 -0.00555475 0.000276146 -0.00220423  -0.0039004 -3.07948e-05  -0.00161329  9.75368e-05   1.55038 0.0908987  -9.68528 
             66.2995  0.0987807 -0.0822252  -0.399639 0.0204411 -0.016722 0.0122053   0.0054397  0.00581909 0.000791213 -0.0108698   -0.02319  0.0440928  0.00167919 -0.00370425 0.000877072 0.000327832 -0.00220022 -0.00386114 -1.03799e-05   -0.0015132 -0.000222961   1.55039 0.0908437  -9.68527 
             66.3994  0.163146 -0.112736 -0.367857  0.0204225 -0.0159782  0.0134612  0.00565293  0.00581753 0.000811775 -0.0108694 -0.0231898  0.0440924 0.000473157 -0.00352728  0.00311809 0.000273868 -0.00217881 -0.00388835  1.03334e-06  -0.00158817 -0.000326719   1.55039 0.0908765  -9.68527 
             66.4994 0.00216878  -0.148966  -0.383657  0.0230019 -0.0130858  0.0153601  0.00616017  0.00537844 0.000856863 -0.0108689 -0.0231911  0.0440949 0.00482563 0.00563831 0.00617217 0.000390515 -0.00215094 -0.00387638 -0.000149531  -0.00176612 -0.000457482   1.55048 0.0909464  -9.68526 
             66.5995 0.0469344 -0.124601 -0.384355  0.0209676 -0.0156187  0.0156222  0.00565982  0.00576191 0.000821423 -0.0108692 -0.0231906  0.0440938 -0.00258733 -0.00129037  0.00576387 0.000358018 -0.00216768 -0.00387848 -3.71659e-06   -0.0015882 -0.000445418    1.5504 0.0908733  -9.68527 
             66.6998 0.0963927 -0.131443 -0.409832   0.018843 -0.0181646  0.0151401  0.00528227  0.00604672 0.000792373 -0.010869 -0.023191 0.0440948 -0.00780418 -0.00750135  0.00401767 0.000324197 -0.00216217 -0.00385975  9.49735e-05  -0.00145528 -0.000360625  1.55034 0.090821 -9.68528 
             66.7998  0.0646112 -0.0762645  -0.312677  0.0163111 -0.0179575  0.0124934 0.00537559 0.00640751 0.00080057 -0.0108677 -0.0231895  0.0440936  -0.0111491 -0.00530121 -0.00129164 0.000353966 -0.00219884 -0.00392886  0.000190916  -0.00149622 -0.000100323   1.55029 0.0908542  -9.68529 
             66.8995 0.0491824 -0.115355  -0.37337  0.0164952 -0.0183221  0.0121066  0.00541492  0.00618677 0.000806031 -0.0108678 -0.0231892  0.0440935  -0.0089175 -0.00491357  -0.0020567 0.000359323 -0.00216953 -0.00388664  0.000106896  -0.00150888 -7.49445e-05   1.55032 0.0908541  -9.68528 
             66.9994 0.0765188 -0.104688 -0.351656  0.0153014 -0.0192814  0.0138669  0.00535666  0.00619286 0.000798282 -0.0108679 -0.0231888  0.0440936  -0.0113287 -0.00632484   0.0017252 0.000334746   -0.002178 -0.00390474  0.000135126  -0.00148619 -0.000256253   1.55032 0.0908425  -9.68528 
             67.0999  0.0543356 -0.0974298  -0.348881  0.0169032 -0.0186736 0.00956719  0.00554509  0.00585504 0.000822945 -0.0108676 -0.0231889  0.0440938 -0.00402367 -0.00326471  -0.0064685 0.000345804 -0.00218484 -0.00390942 -4.60157e-05  -0.00155474  0.000146829   1.55038 0.0908675  -9.68527 
             67.1999 0.0557881 -0.107475  -0.28986  0.0164348 -0.0164416   0.010794  0.00596762  0.00589245 0.000868831 -0.0108663 -0.0231886  0.0440936 -0.00529856   0.0024342 -0.00364747 0.000339677 -0.00217833 -0.00395227 -1.22379e-05  -0.00170584 -5.16332e-06  1.55038 0.090937 -9.68527 
             67.2997   0.103846 -0.0940344  -0.305807 0.0169962 -0.016251 0.0107347  0.00597783  0.00570393 0.000872568 -0.0108664 -0.0231886  0.0440937 -0.00293077  0.00142299 -0.00292177 0.000305406 -0.00218754 -0.00393927 -7.82988e-05  -0.00170933  -2.4412e-05  1.55041 0.090935 -9.68527 
             67.3994 0.00501474 -0.0869841  -0.349573  0.0180075  -0.017255 0.00882698  0.00577888  0.00550943 0.000852667 -0.0108656 -0.0231872  0.0440931 -0.000343474  0.000562494  -0.00596223 0.000375132 -0.00219252  -0.0039065 -0.000166118  -0.00163671  9.93764e-05   1.55044 0.0908989  -9.68526 
             67.4995  0.140337 -0.112895 -0.358069  0.0183145 -0.0174847  0.0129232 0.00577809 0.00535524 0.00085091 -0.0108651 -0.0231845  0.0440931 0.000108964 -0.00207231  0.00261889 0.000278518 -0.00217505 -0.00390132  -0.00016239  -0.00163434 -0.000323619   1.55046 0.0908983  -9.68526 
             67.5994   0.168785 -0.0350743  -0.334268   0.021144 -0.0154455  0.0101258  0.00610866  0.00507313 0.000893981  -0.010864 -0.0231863  0.0440937   0.00662538 -0.000379786  -0.00245096 0.000254668 -0.00223167 -0.00391997 -0.000305987  -0.00175881 -5.51476e-05   1.55051 0.0909504  -9.68525 
             67.6995  0.148005 -0.142537 -0.364216  0.0204999 -0.0191319  0.0125965  0.00558549  0.00515329 0.000845102 -0.0108622 -0.0231863  0.0440946 0.00148715 -0.0095267 0.00183248 0.000273708 -0.00215293 -0.00389755 -0.000237708  -0.00156378  -0.00029352    1.5505 0.0908642  -9.68526 
                67.8 0.0629011 -0.048144 -0.432389  0.0195597 -0.0197291  0.0114491   0.0056322  0.00534542 0.000843362 -0.0108623 -0.0231868  0.0440942 -0.000915418  -0.00780488  5.95563e-06  0.00034081 -0.00221817 -0.00384593 -0.000180198  -0.00158168 -0.000191101   1.55046 0.0908742  -9.68526 
             67.8998  0.215659 -0.190664 -0.347963  0.0225203 -0.0183003  0.0200972  0.00605029  0.00473942 0.000882604 -0.0108566 -0.0231851  0.0440889  0.00224893 -0.00654058   0.0152491 0.000228608 -0.00211709 -0.00390775 -0.000320041  -0.00172968 -0.000882323   1.55058 0.0909254  -9.68524 
             67.9997  0.198817 -0.133054 -0.347305  0.0198747 -0.0154374  0.0185136   0.0065002  0.00523317 0.000897175 -0.0108555 -0.0231843  0.0440879 -0.00359366 -0.00142109  0.00875709 0.000239498 -0.00215766  -0.0039053 -0.000166964  -0.00190242 -0.000656547  1.55051 0.091014 -9.68525 
             68.0996 0.0470438 -0.113252 -0.419435  0.0204337 -0.0200156  0.0163928  0.00585708   0.0051112 0.000840405 -0.0108531 -0.0231809  0.0440817  -0.0026261 -0.00907223  0.00303304 0.000355745 -0.00216938 -0.00385207 -0.000239541  -0.00166338 -0.000393515   1.55051 0.0909125  -9.68525 
             68.1994 -0.0579023   -0.12985  -0.304005  0.0188465 -0.0204046  0.0144449  0.00579684  0.00540601 0.000827045 -0.0108534 -0.0231768  0.0440809 -0.00674423 -0.00844196 -0.00198835 0.000431067 -0.00215906 -0.00393723 -0.000149629  -0.00164303 -0.000211517   1.55045 0.0909156  -9.68526 
             68.2997 -0.00756524   -0.191555     -0.3103   0.020605 -0.0192211  0.0174941  0.00613976  0.00495979 0.000858532 -0.0108511 -0.0231806    0.04408   -0.003566 -0.00228127  0.00284661 0.000390734 -0.00211462 -0.00393354 -0.000293225   -0.0017716 -0.000447157   1.55054 0.0909543  -9.68525 
             68.4007   0.137644 -0.0976258  -0.377971  0.0175894 -0.0189936  0.0136534  0.00619176  0.00543777 0.000857376 -0.0108502 -0.0231838  0.0440779 -0.00929209 -0.00375357 -0.00490568  0.00028344 -0.00218181 -0.00388677 -0.000151109  -0.00180001 -0.000118281   1.55046 0.0909844  -9.68526 
             68.4998   0.12113 -0.118944 -0.437577  0.0171841 -0.0197116   0.015686  0.00616738  0.00530836 0.000859154 -0.0108503 -0.0231827  0.0440781  -0.00887965  -0.00524252 -0.000717761 0.000288838 -0.00217016 -0.00384471 -0.000171593  -0.00178771 -0.000322013   1.55048 0.0909739  -9.68526 
             68.5999  0.168024 -0.105983 -0.392954  0.0187473 -0.0174458  0.0134702  0.00654338  0.00507023 0.000915326 -0.0108499 -0.0231842  0.0440765  -0.0026777 2.36364e-06 -0.00498251 0.000256306 -0.00217743 -0.00387987 -0.000306555  -0.00193723 -9.91029e-05   1.55053 0.0910359  -9.68525 
             68.6994 0.00250375 -0.0716008   -0.39308  0.0195847 -0.0180174  0.0121846  0.00645187  0.00491853 0.000915911 -0.0108496  -0.023184  0.0440766 0.000259489 3.12354e-05 -0.00613177 0.000375644 -0.00220222 -0.00388249 -0.000376019  -0.00190028 -2.31472e-05   1.55056 0.0910171  -9.68524 
             68.7994 0.0392307 -0.176593 -0.384764  0.0192847 -0.0193011  0.0125414  0.00630565  0.00485557 0.000898633 -0.0108493 -0.0231844   0.044076 -0.00402091 -0.00216274 -0.00516524 0.000354823 -0.00212268  -0.0038875 -0.000382182  -0.00184155 -0.000135621   1.55056 0.0909896  -9.68524 
             68.8994 0.0165666 -0.102203 -0.363551  0.0196698 -0.0186287  0.0129441 0.00641842 0.00475867 0.00091136 -0.0108491 -0.0231847  0.0440763 -0.00181222 0.000577619   -0.003405 0.000372952 -0.00217607 -0.00390274 -0.000413153  -0.00188464 -0.000201768   1.55058 0.0910054  -9.68524 
             68.9996 -0.035037  -0.14884 -0.310338 0.0222508 -0.017706 0.0115211 0.00652906  0.0043971 0.00092919  -0.010849 -0.0231864  0.0440755 0.00319606 0.00464059 -0.0047365 0.000408364  -0.0021421 -0.00394135 -0.000575588  -0.00192608 -8.78721e-05  1.55065 0.091012 -9.68523 
             69.0998  0.0427732 -0.0983672  -0.361998    0.02137 -0.0147084  0.0117294  0.00690486  0.00456419 0.000960164 -0.0108492  -0.023186  0.0440729 0.000531099   0.0105766 -0.00361028 0.000351741 -0.00217879 -0.00390397 -0.000502033  -0.00207504 -0.000146037   1.55063 0.0910806  -9.68523 
             69.1995 0.0661563 -0.121301 -0.322636  0.0205998 -0.0173271  0.0102273  0.00642534  0.00467859 0.000905214 -0.0108497 -0.0231864  0.0440751  -0.0022803  0.00215911 -0.00678278  0.00033361 -0.00216241 -0.00393148 -0.000463943  -0.00188412 -5.61661e-05    1.5506 0.0910002  -9.68524 
             69.2994   0.147341 -0.0504081  -0.357134  0.0197958 -0.0144175  0.0107597  0.00677449  0.00474794 0.000936561 -0.0108512 -0.0231855  0.0440718 -0.0028313 0.00549331 -0.0032098 0.000272166 -0.00221557 -0.00390737 -0.000422813  -0.00202384 -0.000175646   1.55059 0.0910635  -9.68524 
             69.3996 0.0314333 -0.118324 -0.395365  0.0231447 -0.0149952  0.0121749  0.00661187  0.00418181 0.000949753 -0.0108504 -0.0231832    0.04407   0.00415252    0.0048489 -0.000407216 0.000358878  -0.0021662 -0.00388106 -0.000631293  -0.00195927 -0.000296712  1.55068 0.091031 -9.68523 
             69.5008 0.00285652  -0.104621  -0.372628  0.0255616 -0.0141527  0.0120573  0.00673837  0.00379807 0.000977582 -0.0108505 -0.0231828  0.0440702   0.0109245  0.00705346 -0.00154891 0.000376928 -0.00217528 -0.00389745 -0.000790709  -0.00200779 -0.000268648   1.55074 0.0910456  -9.68521 
             69.5996 0.0750602 -0.122793 -0.390891  0.0241744 -0.0135504  0.0154774  0.00666478  0.00410898 0.000952604 -0.0108497 -0.0231831  0.0440715 0.00229009 0.00524037 0.00471457 0.000324826 -0.00216353 -0.00388192 -0.000622631  -0.00198452 -0.000554457   1.55069 0.0910453  -9.68522 
             69.7007  0.100308 -0.184181 -0.313128  0.0269286 -0.0101227  0.0186239  0.0070839  0.0036949 0.00098884  -0.010847 -0.0231842  0.0440682  0.0064234  0.0107532 0.00881313 0.000309775 -0.00212183  -0.0039362 -0.000767814  -0.00215623 -0.000765376   1.55077 0.0911122  -9.68521 
             69.8007 0.0475875 -0.161002 -0.400622  0.0223715 -0.0152633  0.0199023 0.00624788 0.00433119 0.00091467 -0.0108443 -0.0231876  0.0440665 -0.00739655 -0.00235984  0.00960546 0.000344891 -0.00213901 -0.00387798 -0.000488685  -0.00182439 -0.000816989   1.55064 0.0909884  -9.68523 
             69.9006  0.155013 -0.125924 -0.392067  0.0196829 -0.0159615  0.0187296  0.00620216  0.00462304 0.000909515 -0.0108441 -0.0231885  0.0440661  -0.0125436 -0.00553458   0.0057362 0.000273123 -0.00216264 -0.00388257 -0.000388257  -0.00180692 -0.000663083   1.55059 0.0909859  -9.68524 
             69.9997 0.0498871 -0.196365  -0.36462  0.0186723 -0.0202863  0.0199817  0.00571458  0.00453675 0.000872948 -0.0108444 -0.0231886   0.044064 -0.0147123 -0.0128544 0.00649462 0.000342882 -0.00211431 -0.00390315 -0.000410354  -0.00161042 -0.000716367    1.5506 0.0909039  -9.68524 
             70.0994  0.199059 -0.128931 -0.373139  0.0188039 -0.0189262  0.0201516  0.00608746  0.00436453 0.000905796 -0.0108442 -0.0231889  0.0440626 -0.0109418 -0.0104728 0.00507165 0.000237841 -0.00216292 -0.00389704 -0.000490038  -0.00175969 -0.000675036   1.55063 0.0909604  -9.68523 
             70.1998  0.146023 -0.178486 -0.368692   0.019415 -0.0169221  0.0217293  0.00650558    0.004103 0.000951176 -0.0108438  -0.023189  0.0440618 -0.00902948 -0.00448305  0.00699762 0.000276987 -0.00212789 -0.00389945 -0.000592213  -0.00192623 -0.000744401   1.55069 0.0910212  -9.68522 
             70.2997   0.10426 -0.131247 -0.363081 0.0176308  -0.01677  0.017067  0.00654564  0.00434243 0.000946401 -0.0108426 -0.0231874  0.0440616  -0.0108858 -0.00378497 -0.00322525 0.000305408 -0.00216114 -0.00390442 -0.000555974  -0.00194518 -0.000320197   1.55066 0.0910386  -9.68523 
             70.3994 0.0884582 -0.118999  -0.43994  0.0194465 -0.0185225  0.0155935   0.0062882  0.00402217 0.000928333 -0.0108411 -0.0231844  0.0440606  -0.0043979 -0.00785365 -0.00616517 0.000318337 -0.00216919 -0.00385066 -0.000708709  -0.00183799    -0.000166   1.55071 0.0909899  -9.68522 
             70.4997 0.0804039 -0.106639 -0.361021  0.0208025 -0.0168889  0.0114078  0.00661097  0.00385035 0.000963414 -0.0108392 -0.0231851  0.0440631 -0.000173338   -0.0028221   -0.0119183 0.000324622 -0.00217561 -0.00390633 -0.000821198  -0.00197654   6.1003e-05   1.55075 0.0910456  -9.68521 
             70.5996 0.0178356 -0.148317 -0.327956  0.0211203 -0.0180571  0.0128213  0.00649771  0.00371934 0.000954382 -0.0108395 -0.0231864  0.0440626 -0.00150355 -0.00373955 -0.00795764   0.0003724 -0.00214823 -0.00392767 -0.000842381  -0.00192749 -0.000149729   1.55077 0.0910186  -9.68521 
             70.6994  0.0480647 -0.0829098  -0.379321  0.0210101 -0.0170155  0.0103903  0.00666142  0.00377375 0.000969815 -0.0108393 -0.0231862  0.0440625 -0.000234993 -0.000996481   -0.0123567 0.000354162 -0.00219411 -0.00389035 -0.000842273  -0.00199718 -1.50563e-05   1.55076 0.0910502  -9.68521 
             70.7997  0.108393 -0.104209 -0.344661  0.0214682 -0.0163885  0.0129032  0.00679431  0.00363116 0.000979775 -0.0108392 -0.0231851  0.0440618 -0.000169182 -0.000863146  -0.00622621 0.000309897 -0.00217981 -0.00391594 -0.000861551  -0.00204745 -0.000312886  1.55079 0.091063 -9.68521 
             70.8996 0.0798726 -0.070543 -0.380366  0.0211182 -0.0162526  0.0104224  0.00679996  0.00371463 0.000980178  -0.010839 -0.0231853  0.0440617 -0.000256064  -0.00019728  -0.00921291 0.000325596 -0.00220588 -0.00389117 -0.000846789  -0.00205294 -0.000159795   1.55077 0.0910684  -9.68521 
             71.0006  0.102789 -0.114216 -0.391215  0.0220493 -0.0174806  0.0104266  0.00668459  0.00356252 0.000966761 -0.0108386 -0.0231849  0.0440616 0.000870416 -0.00361684 -0.00831284 0.000310113 -0.00217313 -0.00388488 -0.000904391  -0.00199772 -0.000231778    1.5508 0.0910426  -9.68521 
             71.1006 0.0433735 -0.103889 -0.292862   0.023292 -0.0161902  0.0121333 0.00688928 0.00337964 0.00098232 -0.0108372 -0.0231864  0.0440619  0.00298297 0.000396024 -0.00279813 0.000344332 -0.00218307 -0.00395265 -0.000964639  -0.00208651 -0.000420134   1.55083 0.0910736   -9.6852 
             71.2007  0.129398 -0.134396 -0.386621  0.0234839 -0.0164642  0.0141216  0.00688145  0.00334522 0.000979543 -0.0108366 -0.0231857  0.0440619  0.00141174 -0.00176067  0.00104601 0.000290754 -0.00216112 -0.00388599 -0.000954451  -0.00208105 -0.000600715   1.55084 0.0910701   -9.6852 
             71.3006  0.0645313 -0.0754097  -0.424214  0.0225908 -0.0175879   0.014236  0.00674796  0.00347687 0.000966259  -0.010836 -0.0231866  0.0440611 -0.000763554  -0.00333703   0.00127851 0.000331396 -0.00220234 -0.00386223 -0.000892491  -0.00202425 -0.000608041   1.55081 0.0910499   -9.6852 
             71.3996   0.190487 -0.0870074  -0.332643  0.0226029 -0.0145046  0.0146117 0.00719752 0.00347053 0.00100444 -0.0108342 -0.0231868  0.0440578 -0.000543573   0.00133291   0.00215338 0.000243945 -0.00219448 -0.00392371 -0.000897754   -0.0022216 -0.000629985   1.55082 0.0911274   -9.6852 
             71.4995  0.0307592 -0.0887325  -0.401563  0.0245927 -0.0140187  0.0137152 0.00722355 0.00321831 0.00101527 -0.0108343 -0.0231853  0.0440582  0.00430962  0.00405006 0.000376522 0.000353401 -0.00219145  -0.0038746  -0.00102086  -0.00222951 -0.000530912   1.55087 0.0911254  -9.68519 
             71.6006   0.15775 -0.107385 -0.377044  0.0237719 -0.0137936  0.0152524 0.00723476 0.00335131 0.00101046 -0.0108341 -0.0231846  0.0440585 -0.000205493   0.00151536   0.00303551 0.000265361   -0.002179 -0.00389001 -0.000947811  -0.00223424 -0.000658966   1.55085 0.0911291   -9.6852 
             71.6996   0.112826 -0.0695886   -0.40528  0.0253775 -0.0125954  0.0139015 0.00742393 0.00311242 0.00103664 -0.0108342 -0.0231841  0.0440592   0.00596937   0.00481019 -0.000196045 0.000294188 -0.00220741 -0.00387355  -0.00106922  -0.00231051 -0.000517986   1.55089 0.0911537  -9.68519 
             71.7993  0.153657  -0.11244 -0.267108  0.0245332 -0.0113574  0.0158568 0.00750631 0.00329107 0.00103666 -0.0108335 -0.0231804  0.0440598  0.0011375 0.00266428 0.00214203 0.000263803 -0.00217614 -0.00397218 -0.000978208  -0.00234228 -0.000664943   1.55086 0.0911682  -9.68519 
             71.8999  0.144109 -0.152406 -0.414885  0.0222348 -0.0122922  0.0169292 0.00733949 0.00354956  0.0010103 -0.0108327 -0.0231819  0.0440609  -0.00708163 -0.000787496   0.00407857 0.000274557 -0.00214909  -0.0038677 -0.000854773  -0.00227576 -0.000737968   1.55082 0.0911466   -9.6852 
             72.0006  0.155082 -0.114649 -0.367225  0.018823 -0.014157 0.0183275  0.00712935  0.00387185 0.000980261 -0.0108331 -0.0231813  0.0440601  -0.0148832 -0.00648096  0.00554929  0.00027312 -0.00217365 -0.00389949 -0.000697425  -0.00218962  -0.00083676   1.55076 0.0911161  -9.68521 
             72.1006  0.117206 -0.129107 -0.384817  0.0196021 -0.0150157  0.0155923  0.00700192  0.00375888 0.000969107 -0.0108332 -0.0231804  0.0440597  -0.0111828 -0.00791741 0.000205487 0.000302266 -0.00216426 -0.00388659 -0.000780261  -0.00213486 -0.000573853   1.55078 0.0911012  -9.68521 
             72.1998  0.113416 -0.119429 -0.412285  0.0176794 -0.0153328   0.016274   0.0071407  0.00371478 0.000985926 -0.0108338 -0.0231803  0.0440602  -0.0126496 -0.00648599  0.00126554 0.000305528 -0.00216839 -0.00386762  -0.00079683  -0.00219343 -0.000619084   1.55079 0.0911213  -9.68521 
             72.2996 0.0492498 -0.114577 -0.392623  0.019075 -0.016607 0.0131765  0.00696734  0.00350811 0.000968089 -0.0108336 -0.0231791  0.0440598 -0.00712936 -0.00870459 -0.00625058 0.000343041 -0.00217456 -0.00387845 -0.000926535  -0.00211848 -0.000328174   1.55082 0.0910983   -9.6852 
             72.3997 0.0905446 -0.111979 -0.377079  0.0195409 -0.0189358  0.0136813  0.00679551  0.00334174 0.000949003  -0.010834 -0.0231795  0.0440601 -0.00487608  -0.0128934 -0.00390977 0.000314116 -0.00217801 -0.00389095  -0.00098577  -0.00204191 -0.000399644   1.55084 0.0910636   -9.6852 
             72.5006  0.152127 -0.115732 -0.407107  0.0205472 -0.0181572  0.0133719 0.00715764  0.0031467 0.00100299 -0.0108345 -0.0231791  0.0440577 -0.00250707    -0.00874 -0.00326001 0.000272486 -0.00217198 -0.00387308  -0.00107664  -0.00219634 -0.000421105   1.55088 0.0911145  -9.68519 
             72.5997   0.166052 -0.0341307  -0.382892   0.020515  -0.017554 0.00931258 0.00729899 0.00323252 0.00101557 -0.010833  -0.02318 0.0440572 0.000787943 -0.00769437  -0.0107952 0.000257116 -0.00223213 -0.00388917 -0.00108504 -0.00226181  -0.0001314   1.55088 0.0911488  -9.68519 
             72.7006 0.0965169 -0.100781  -0.39555  0.0221196  -0.016527 0.00943028 0.00750928 0.00304441 0.00105117 -0.0108331   -0.02318   0.044057  0.00281141 -0.00366847 -0.00845801 0.000303824 -0.00218618 -0.00388089  -0.00116088  -0.00235102 -0.000214162   1.55092 0.0911727  -9.68519 
             72.7998   -0.0365511 -0.000174541    -0.316637  0.0220977  -0.014239 0.00678147 0.00776135  0.0031469 0.00107202  -0.010831 -0.0231785  0.0440596 0.00503225 0.00375062 -0.0119104 0.000392373 -0.00225572 -0.00393693  -0.00113846  -0.00246199 -7.53194e-05   1.55091 0.0912205  -9.68519 
             72.9006 0.0523246 -0.161127 -0.304699  0.0235142 -0.0169741  0.0150818 0.00751579 0.00284839 0.00103793 -0.0108262  -0.023179  0.0440591  0.00273199 -0.00330914  0.00455292 0.000332454 -0.00214451 -0.00394632  -0.00117119  -0.00234211 -0.000768981   1.55095 0.0911493  -9.68518 
             73.0006  0.0690772 -0.0856625  -0.355967   0.022432 -0.0145124  0.0126841 0.00781708 0.00307361 0.00106013 -0.0108272 -0.0231798  0.0440583 0.00085072 0.00319841 0.00043735 0.000318445 -0.00219763 -0.00391376 -0.00109915 -0.00247992 -0.00056286   1.55092 0.0912096  -9.68519 
             73.0995   0.01628 -0.120981 -0.381909  0.0240177 -0.0137747  0.0150863 0.00785557 0.00286472 0.00106941 -0.0108268 -0.0231791  0.0440576 0.00292978 0.00490234 0.00394064 0.000355606 -0.00217039  -0.0038953  -0.00117504  -0.00249612 -0.000723447   1.55096 0.0912087  -9.68518 
             73.2006  0.103773 -0.125675 -0.353848  0.0243857 -0.0121138   0.015773 0.00806972 0.00282112 0.00108818 -0.0108269 -0.0231788  0.0440562 0.00334066 0.00762636 0.00557127 0.000299844 -0.00216563 -0.00391304  -0.00119174  -0.00259369 -0.000770284   1.55097 0.0912437  -9.68518 
             73.3007 0.0881591 -0.160512 -0.339076  0.0231736 -0.0148342  0.0173213  0.0076614 0.00297794 0.00104973 -0.0108269 -0.0231783  0.0440588  -0.00265904 -0.000373047   0.00827215 0.000310512 -0.00214259 -0.00392501  -0.00110348  -0.00240703 -0.000860058   1.55094 0.0911777  -9.68518 
             73.4006  0.183902  -0.16441 -0.431738   0.024151 -0.0129175  0.0187015  0.0079161 0.00280588 0.00108078 -0.0108289 -0.0231765  0.0440558 -0.00170255 0.000792515  0.00839927 0.000246676 -0.00214063  -0.0038628  -0.00118806  -0.00252086 -0.000850124   1.55097 0.0912164  -9.68518 
             73.5007  0.154524 -0.100092 -0.403171  0.0225686 -0.0150856  0.0189803 0.00760797  0.0030199 0.00103879 -0.0108288 -0.0231767  0.0440548 -0.00539566 -0.00545217  0.00784396 0.000261499 -0.00218191 -0.00388502  -0.00108813  -0.00238789 -0.000852048   1.55093 0.0911728  -9.68518 
             73.6005  0.237846 -0.117669 -0.322609  0.0226881 -0.0121608  0.0175432 0.00802386  0.0029852 0.00108396 -0.0108261 -0.0231794  0.0440522  -0.00379846 -0.000430787   0.00445731 0.000204934 -0.00217204 -0.00393983  -0.00113026  -0.00257303 -0.000678241   1.55094 0.0912378  -9.68518 
             73.7005 0.0967193 -0.109335 -0.405596   0.018154 -0.0152876   0.015697 0.00764565  0.0034308 0.00100808 -0.0108243  -0.023181   0.044048   -0.0134823  -0.00640647 -0.000470882 0.000299203  -0.0021753 -0.00388549 -0.000948305  -0.00241515 -0.000523788   1.55087 0.0911944  -9.68519 
             73.7996  0.170825 -0.106388 -0.385252  0.0199233 -0.0144859  0.0133462 0.00779394 0.00317641  0.0010409 -0.0108239 -0.0231815  0.0440483 -0.00684074 -0.00524152 -0.00585661 0.000248193 -0.00218004 -0.00390073   -0.0010941  -0.00247666 -0.000307198   1.55091 0.0912131  -9.68519 
             73.8994  0.0123115 -0.0697845  -0.421151  0.0210528 -0.0183713  0.0111308 0.00745404 0.00293535 0.00102857 -0.0108228 -0.0231797  0.0440443  -0.0015732 -0.00925022 -0.00813179 0.000356001 -0.00220679 -0.00387606  -0.00120455  -0.00232783 -0.000204649   1.55094 0.0911574  -9.68518 
             74.0006 0.0891337 -0.180377 -0.413889  0.0177775 -0.0203225  0.0154452 0.00740985  0.0031144  0.0010078 -0.0108206 -0.0231801  0.0440467  -0.0118689  -0.0118015 0.000988544 0.000308168  -0.0021324 -0.00388106  -0.00105837  -0.00231107 -0.000601732    1.5509 0.0911504  -9.68519 
             74.1005    0.18857 -0.0611125  -0.339104 0.0193975 -0.015554 0.0151032 0.00807234 0.00289818 0.00108146  -0.010817 -0.0231823  0.0440444  -0.0046513 -0.00138738 0.000926347 0.000245635 -0.00220912 -0.00392807  -0.00118339  -0.00261423 -0.000560079   1.55096 0.0912474  -9.68518 
             74.2006  0.116825 -0.139029 -0.350587  0.0199817 -0.0150464  0.0150769 0.00814576 0.00277935 0.00109647  -0.010817 -0.0231824  0.0440439  -0.00331919 -0.000316673  0.000305066 0.000285549 -0.00215859 -0.00392262  -0.00124428  -0.00264698 -0.000547775   1.55099 0.0912543  -9.68517 
             74.3004   0.193003 -0.0357766  -0.360627  0.0206232 -0.0133193  0.0132481 0.00834861 0.00273255 0.00111987 -0.0108164 -0.0231827  0.0440438 0.00011469 0.00125583 -0.0028637 0.000231377 -0.00222593 -0.00391764  -0.00129149  -0.00274208 -0.000405934     1.551 0.0912876  -9.68517 
             74.4005 0.0595222 -0.175082 -0.367745  0.0209567 -0.0149857   0.015062 0.00815918 0.00262354 0.00110832 -0.0108151 -0.0231838   0.044042   -0.002141 -0.00137635  0.00104254 0.000319962 -0.00213436 -0.00391398  -0.00131616  -0.00265121 -0.000558756   1.55101 0.0912504  -9.68517 
             74.5005 0.0607154 -0.186155 -0.342013  0.0220202 -0.0149168  0.0176837 0.00820226 0.00242878  0.0011236 -0.0108139 -0.0231849  0.0440412 -0.00107641  -0.0010812  0.00474129 0.000321277 -0.00212701  -0.0039291  -0.00138426  -0.00267094 -0.000746564   1.55104 0.0912487  -9.68516 
             74.6006 0.0611771 -0.140191 -0.364294 0.0194914 -0.015618 0.0157242 0.00811497 0.00273596 0.00109664 -0.0108138 -0.0231851  0.0440406 -0.00694851 -0.00221856 0.000219838 0.000318295 -0.00216043  -0.0039137  -0.00125736  -0.00263098 -0.000577236   1.55099 0.0912447  -9.68517 
             74.7004 0.0358647 -0.137694 -0.402763  0.0214257 -0.0164575  0.0154158 0.00805632 0.00243232 0.00110492 -0.0108135 -0.0231836  0.0440412 -0.00113068 -0.00349735 -0.00221165 0.000329556 -0.00216049  -0.0038918  -0.00140953  -0.00259913 -0.000543133   1.55104 0.0912285  -9.68517 
             74.7996 0.0416706 -0.105287 -0.356414  0.0203646 -0.0167198  0.0141049 0.00805485 0.00256181 0.00110061 -0.0108133 -0.0231832  0.0440407 -0.00328969 -0.00322774 -0.00482741  0.00032446 -0.00218467 -0.00392345  -0.00135548  -0.00259892 -0.000467072   1.55102 0.0912316  -9.68517 
             74.9004  0.164151 -0.146963 -0.260724  0.0219934 -0.0121145  0.0172759 0.00862185 0.00229025 0.00114489 -0.0108084 -0.0231832  0.0440338 -8.7859e-05  0.00497302  0.00161625 0.000242051 -0.00215837 -0.00398503  -0.00146507  -0.00288724 -0.000728895   1.55108 0.0913259  -9.68516 
             75.0006 0.0149948 -0.208981 -0.395028  0.020927 -0.016221 0.0192165 0.00811013 0.00233054 0.00110791 -0.0108043 -0.0231852   0.044032 -0.00588531 -0.00295916  0.00446609 0.000339185 -0.00211865 -0.00389684   -0.0014132  -0.00262899 -0.000859386   1.55106 0.0912372  -9.68516 
             75.1005  0.229637 -0.128047 -0.333022  0.0202697 -0.0146508  0.0188621 0.00834077 0.00236571 0.00112343 -0.010804 -0.023186 0.0440289 -0.00588205 -0.00329477  0.00243963 0.000198845 -0.00217258 -0.00393889  -0.00140617   -0.0027511 -0.000802585   1.55105 0.0912803  -9.68516 
             75.2004  0.162484 -0.204489 -0.393929  0.0217858 -0.0157255   0.021845 0.00826904 0.00207292  0.0011341 -0.0108032  -0.023184  0.0440281 -0.00324397 -0.00579294  0.00690111 0.000249423 -0.00212116 -0.00389517  -0.00153159   -0.0027134 -0.000995879    1.5511 0.0912642  -9.68516 
             75.3005  0.145497  -0.08751 -0.310646   0.020086 -0.0134668   0.016635 0.00854469 0.00232941 0.00113579 -0.0107992 -0.0231838  0.0440273  -0.00511498 -0.000712855  -0.00303703 0.000259385 -0.00219663 -0.00395136  -0.00145857  -0.00285883 -0.000571491   1.55107 0.0913195  -9.68516 
             75.4005  0.242107 -0.125556 -0.382427  0.0185269 -0.0146285  0.0181575 0.00840551  0.0024988 0.00111627  -0.010799 -0.0231838  0.0440277    -0.010083  -0.00522351 -2.42841e-06 0.000195385  -0.0021704 -0.00390426 -0.00134543 -0.00278658 -0.00071593   1.55103 0.0912946  -9.68517 
             75.5005   0.125252 -0.0626625  -0.370725 0.0203335 -0.013672 0.0134176 0.00856753 0.00223035 0.00114164  -0.010797 -0.0231812  0.0440335 -0.00156309  -0.0027544 -0.00787022 0.000274033 -0.00221166 -0.00391272   -0.0015229  -0.00286898 -0.000398999   1.55108 0.0913247  -9.68516 
             75.6006 0.0477285 -0.140066 -0.414852  0.0221135 -0.0153417  0.0146577 0.00835442 0.00193791 0.00114101 -0.0107962 -0.0231812  0.0440301  0.00242123 -0.00603703 -0.00511063 0.000325648  -0.0021632 -0.00388358   -0.0016546  -0.00275937 -0.000498879   1.55113 0.0912819  -9.68515 
             75.7005 0.0756688 -0.086539 -0.437705  0.0231157 -0.0167705  0.0123698 0.00833211 0.00191026  0.0011106 -0.0107963 -0.0231801  0.0440301  0.00435949 -0.00731129  -0.0075399 0.000306428 -0.00220531 -0.00386501  -0.00167522  -0.00275063 -0.000413829   1.55113 0.0912814  -9.68515 
             75.7995  0.190108 -0.119846 -0.384387  0.0227566 -0.0164441  0.0152237 0.00848648 0.00194071 0.00111681 -0.0107955 -0.0231784  0.0440293  0.000632617  -0.00758813 -0.000295341 0.000243013 -0.00218178 -0.00389519   -0.0016302  -0.00282357 -0.000680845   1.55113 0.0912989  -9.68515 
             75.9006  0.0214499 -0.0686955  -0.401837  0.0232392 -0.0162414  0.0116193 0.00854329 0.00195665 0.00111015 -0.0107949 -0.0231765  0.0440302  0.00300177 -0.00360476 -0.00710775 0.000351782 -0.00221543 -0.00388418  -0.00165411  -0.00285305 -0.000431947   1.55113 0.0913152  -9.68515 
             76.0005     0.1704 -0.0968981  -0.381569  0.0207471 -0.0159886  0.0131288  0.0086183 0.00221127  0.0011007 -0.0107945 -0.0231744  0.0440302 -0.00456952 -0.00461702 -0.00251602 0.000256139 -0.00219878 -0.00389596  -0.00150468  -0.00289187 -0.000603544   1.55109 0.0913328  -9.68516 
             76.1006 0.0359406 -0.106304 -0.357734  0.0201296 -0.0173294  0.0135476 0.00852583 0.00220615 0.00110134 -0.0107947 -0.0231747  0.0440297 -0.00523833 -0.00526142 -0.00174021 0.000343645 -0.00219189 -0.00391065 -0.00149856 -0.00284544 -0.00065555   1.55109 0.0913166  -9.68516 
             76.2005 0.0919291 -0.128838  -0.38249  0.0189171 -0.0196392  0.0126499 0.00835145 0.00226259 0.00109181 -0.0107948 -0.0231749  0.0440303 -0.00758885 -0.00994807 -0.00322178 0.000305044 -0.00217658 -0.00389499  -0.00147044  -0.00275957 -0.000606144   1.55107 0.0912919  -9.68516 
             76.3004 -0.0165228 -0.0812975  -0.324329   0.019609 -0.0175511  0.0112124 0.00862367 0.00218536 0.00110284 -0.0107932 -0.0231748  0.0440327 -0.00454252 -0.00306101 -0.00689106 0.000378816 -0.00220609  -0.0039305  -0.00152912  -0.00289281 -0.000484707   1.55109 0.0913338  -9.68516 
             76.4006   0.141215 -0.0775429  -0.374208  0.0191227 -0.0168709  0.0103933  0.0087688 0.00213518 0.00115681 -0.0107936  -0.023175  0.0440307 -0.00358674 -0.00279621 -0.00530048 0.000270842  -0.0022102 -0.00389437 -0.00154047 -0.00295936 -0.00050922    1.5511 0.0913531  -9.68515 
             76.5005 -0.00270415  -0.0770982   -0.369659   0.020086 -0.0149098  0.0113397 0.00900937 0.00200277 0.00117942 -0.0107943 -0.0231748  0.0440315 -0.000417913   0.00467515  -0.00326773 0.000364029 -0.00220789 -0.00389734  -0.00160373  -0.00308133 -0.000590883   1.55113 0.0913881  -9.68515 
             76.6004 0.0725457  -0.12653 -0.294095  0.0195778 -0.0148177  0.0146701 0.00900647 0.00204246 0.00118215 -0.0107949 -0.0231753  0.0440324 -0.00305268  0.00259465  0.00224759 0.000309957 -0.00217148 -0.00395593  -0.00158899   -0.0030576 -0.000839055   1.55114 0.0913754  -9.68515 
             76.6995 0.0089894 -0.128088 -0.374908  0.0232356 -0.0137842  0.0127639 0.00906057 0.00166472 0.00118913 -0.0107956 -0.0231731  0.0440315   0.00543837   0.00668926 -0.000994939 0.000351229 -0.00217202 -0.00390069  -0.00180563  -0.00308116 -0.000659952    1.5512 0.0913789  -9.68514 
             76.7996   0.227409 -0.0470527  -0.313979   0.021325 -0.0136458   0.013577 0.00905323 0.00190999 0.00118544 -0.0107961  -0.023171  0.0440302  0.000879622   0.00138898 -0.000311781 0.000218451  -0.0022235 -0.00393731  -0.00166927  -0.00307774 -0.000740547   1.55116 0.0913794  -9.68514 
             76.8997  0.146422 -0.107175 -0.365784   0.020886 -0.0143769  0.0118908 0.00896602 0.00196922 0.00117232  -0.010796 -0.0231716  0.0440307 -0.000716773  -0.00107965  -0.00366824 0.000273334 -0.00218512 -0.00390313  -0.00165076  -0.00303021 -0.000622759   1.55115 0.0913651  -9.68515 
             77.0006   0.159676 -0.0540613  -0.347352  0.0185296 -0.0145362  0.0128612 0.00894563 0.00224914 0.00115027 -0.0107963 -0.0231716  0.0440293  -0.00732238  -0.00195524 -0.000561687 0.000265506   -0.002221 -0.00391569  -0.00149059  -0.00302229 -0.000724458   1.55111 0.0913629  -9.68515 
             77.0995   0.183159 -0.0648134  -0.376349  0.0168694 -0.0169387  0.0102545  0.0088132 0.00229778 0.00113653 -0.0107956 -0.0231724  0.0440297 -0.00714067  -0.0087785  -0.0056947 0.000249983 -0.00220992 -0.00389558  -0.00147976  -0.00294825 -0.000580299   1.55109 0.0913407  -9.68516 
             77.1996  0.0189173 -0.0685694  -0.311557  0.0188722 -0.0157376 0.00932859 0.00895171 0.00204379 0.00116389 -0.0107951 -0.0231729  0.0440314 -0.000533054   -0.0025313  -0.00701318 0.000356497 -0.00220671 -0.00393535 -0.00162694 -0.00302131  -0.0005094   1.55114 0.0913632  -9.68515 
             77.2995 0.0289385 -0.124467 -0.329683  0.0196814 -0.0160297  0.0108284 0.00896171 0.00193461 0.00116872 -0.0107943 -0.0231742  0.0440309  -0.00056584 -0.000987897  -0.00201057  0.00034743 -0.00217043 -0.00392529   -0.0016687  -0.00303069 -0.000671394   1.55116 0.0913615  -9.68515 
             77.3995  0.129474 -0.106409 -0.411322  0.0207387 -0.0148072  0.0123636 0.00911851 0.00180292 0.00118324 -0.0107951  -0.023173  0.0440298  0.0025946 0.00172625 0.00228403 0.000283321 -0.00218556 -0.00387371  -0.00173074  -0.00311714 -0.000796156   1.55119 0.0913843  -9.68514 
             77.5005   0.16154 -0.145758 -0.356784  0.0194906 -0.0165307  0.0170945 0.00903169 0.00189436 0.00116711 -0.0107943 -0.0231711  0.0440321 -0.00329433 -0.00477881  0.00778576 0.000258717 -0.00215498 -0.00392449 -0.00165903 -0.00305244 -0.00106727   1.55118 0.0913568  -9.68514 
             77.5995   0.139768 -0.0848605  -0.385134  0.0204185 -0.0161346  0.0173097 0.00910846 0.00179748  0.0011823 -0.0107942 -0.0231712  0.0440324  0.00111503 -0.00357637  0.00682623  0.00027286 -0.00219526 -0.00390631  -0.0017163 -0.00309071 -0.00102311    1.5512 0.0913683  -9.68514 
             77.7004  0.178661 -0.145131 -0.429176  0.0212207 -0.0167142  0.0156509 0.00909903 0.00174795 0.00118654 -0.0107947 -0.0231714  0.0440322  0.00169234 -0.00568496  0.00205249 0.000246767 -0.00215411  -0.0038802  -0.00176391  -0.00308163 -0.000848993    1.5512 0.0913683  -9.68514 
             77.8004 -0.0960425 -0.0589696  -0.320259  0.0214168 -0.0166727  0.0118616 0.00910259 0.00179269 0.00117674 -0.0107934 -0.0231666  0.0440321   0.00403999 -0.000332134  -0.00481276 0.000424088  -0.0022098 -0.00394824  -0.00177095  -0.00307568 -0.000564597   1.55119 0.0913735  -9.68514 
             77.9005  0.154349 -0.229453 -0.397462 0.0228335 -0.018399 0.0206547 0.00902142 0.00155133 0.00116218 -0.0107873 -0.0231619  0.0440319  0.00144415 -0.00658009   0.0105915 0.000269646 -0.00209709 -0.00389724   -0.001818 -0.00303724 -0.00119747   1.55123 0.0913432  -9.68513 
             78.0004 0.0733903 -0.143849 -0.396743  0.0221262 -0.0143883  0.0192912 0.00944177 0.00169196 0.00116907 -0.0107876 -0.0231619  0.0440319 5.39548e-05  0.00451791   0.0074248 0.000321425 -0.00215375 -0.00389725 -0.00177264 -0.00325754  -0.0010373   1.55122 0.0914155  -9.68514 
             78.1005  0.124579 -0.133605 -0.385951  0.0232269 -0.0158494  0.0169807 0.00926756 0.00160337 0.00117004 -0.0107871 -0.0231631  0.0440334   0.00272727 -0.000884606  0.000486675 0.000288966 -0.00215671 -0.00390536  -0.00184302  -0.00315886 -0.000814593  1.55123 0.091386 -9.68513 
             78.2004    0.14103 -0.0763784  -0.358679  0.0223571 -0.0128083  0.0162646 0.00956833 0.00174984 0.00116708 -0.0107859 -0.0231628  0.0440314 0.000311907  0.00542914 0.000456432 0.000277071 -0.00219292  -0.0039209   -0.0017759  -0.00332211 -0.000763743   1.55121 0.0914397  -9.68514 
             78.3005  0.121806 -0.176127 -0.392676  0.0192978 -0.0157754  0.0191544 0.00922053 0.00197549 0.00113068 -0.0107841 -0.0231641  0.0440333 -0.00922859 -0.00328988  0.00478417 0.000289416 -0.00212846 -0.00390059  -0.00161181  -0.00314136 -0.000977981   1.55116 0.0913906  -9.68514 
             78.4003  0.145058 -0.134116 -0.370019  0.0183985 -0.0133282  0.0176894 0.00949531 0.00201162 0.00113566 -0.0107835 -0.0231644  0.0440328 -0.00927414  0.00155724 0.000952509  0.00027629 -0.00215504 -0.00391391  -0.00161579  -0.00328826 -0.000841303   1.55117 0.0914368  -9.68514 
             78.5003  0.158298 -0.138815 -0.302114  0.0168422 -0.0159876  0.0183107 0.00922728 0.00204872 0.00112331 -0.0107854 -0.0231638  0.0440331  -0.0118815 -0.00622176  0.00258359 0.000268779 -0.00215236 -0.00395759  -0.00158427  -0.00314301 -0.000877046   1.55115 0.0913941  -9.68515 
             78.6003  0.250288 -0.121965 -0.415153  0.0175086 -0.0160545   0.015858 0.00924874 0.00195865 0.00113493 -0.0107852 -0.0231642  0.0440333 -0.00853529 -0.00705647 -0.00260537 0.000213151 -0.00216138 -0.00388693  -0.00166145  -0.00314946 -0.000664216   1.55117 0.0913972  -9.68514 
             78.7003  0.056905 -0.120902 -0.372198  0.0146867 -0.0198927  0.0127417 0.00896807 0.00211242  0.0010989 -0.0107847 -0.0231623  0.0440279  -0.0118335  -0.0124505 -0.00825389 0.000336832 -0.00216154 -0.00391444 -0.00158235 -0.00299816 -0.00049567   1.55113 0.0913595  -9.68515 
             78.8004   0.254379 -0.0596826  -0.326304 0.0165586 -0.016672 0.0127474 0.00948037 0.00181182 0.00114948 -0.0107833 -0.0231634   0.044026 -0.00330047 -0.00683754 -0.00656542 0.000216079 -0.00219831 -0.00394429 -0.00175409 -0.00327674 -0.00054466  1.55119 0.091435 -9.68514 
             78.8994  0.0754091 -0.0833077  -0.346997  0.0199298 -0.0154771  0.0151271 0.00966664 0.00141373 0.00120467 -0.0107836 -0.0231651  0.0440284   0.00445324 -0.000858172  0.000269232 0.000332744 -0.00218244 -0.00393002  -0.00195706  -0.00337705 -0.000745073   1.55126 0.0914526  -9.68513 
             79.0004 0.0987879 -0.151369 -0.309364   0.019287 -0.0149651  0.0152599 0.00972727 0.00150307 0.00120009 -0.0107834  -0.023165  0.0440294 0.000344939 6.30152e-05 0.000273428 0.000323485 -0.00213891 -0.00395326   -0.0019048  -0.00340987 -0.000762606   1.55125 0.0914628  -9.68513 
             79.1003   0.139115 -0.0577631  -0.346285  0.0222461 -0.0140165  0.0135836 0.00981935 0.00124969 0.00122918 -0.0107833  -0.023164  0.0440307  0.00847652  0.00114011 -0.00312574 0.000294834 -0.00219922 -0.00393124  -0.00206475  -0.00346163 -0.000634265   1.55129 0.0914794  -9.68512 
             79.2004  0.165441 -0.161933 -0.400259  0.0223444 -0.0159552  0.0179426 0.00966493 0.00125369 0.00121826 -0.0107801  -0.023164  0.0440322    0.003739 -0.00457765  0.00559058  0.00027988 -0.00213564 -0.00389737  -0.00202075  -0.00337482 -0.000953243   1.55129 0.0914446  -9.68512 
             79.3002   0.113246 -0.0881549  -0.368408  0.0220367 -0.0162316  0.0145714  0.0096563 0.00136591 0.00120228 -0.0107797 -0.0231635  0.0440321  0.00332794  -0.0046034 -0.00230397 0.000317955 -0.00217929 -0.00391559  -0.00198515  -0.00336883 -0.000687637   1.55127 0.0914514  -9.68513 
             79.4003 0.0809735 -0.171812 -0.358639  0.0240062 -0.0175983  0.0172976 0.00958703 0.00115863  0.0012215 -0.0107787 -0.0231644  0.0440306  0.00442021 -0.00625082  0.00324775 0.000335764  -0.0021279 -0.00392433  -0.00207985  -0.00333252 -0.000879819    1.5513 0.0914333  -9.68512 
             79.5003  0.110876 -0.105746 -0.340801  0.0237744 -0.0133795  0.0179929  0.0100568 0.00123833 0.00123643 -0.0107778 -0.0231643  0.0440298 0.00380279 0.00339136 0.00347748 0.000322293 -0.00216765 -0.00393433  -0.00203617  -0.00359509 -0.000915208    1.5513 0.0915089  -9.68512 
             79.6004 0.0704128 -0.181325 -0.393343 0.0245687 -0.013988 0.0180542 0.00995969 0.00118179 0.00123421 -0.0107776  -0.023164  0.0440293 0.00216996 0.00190802  0.0027325 0.000346887 -0.00211823 -0.00390103  -0.00207058  -0.00353969 -0.000888892    1.5513 0.0914927  -9.68512 
             79.7002  0.150839 -0.166145 -0.347289  0.0241416 -0.0127978  0.0188263  0.0100711 0.00123952 0.00123511 -0.0107773 -0.0231636  0.0440286 0.000181519  0.00205513  0.00290502 0.000299878 -0.00212829 -0.00392624 -0.00203361 -0.00360355 -0.00092947    1.5513 0.0915111  -9.68512 
             79.7994  0.0892345 -0.0895017  -0.415249 0.0210943 -0.015888 0.0163078 0.00972726 0.00157454 0.00117572 -0.0107747 -0.0231653  0.0440248 -0.00697055 -0.00524598 -0.00243464 0.000344927 -0.00217632 -0.00388001 -0.00185163 -0.00340819 -0.00074436   1.55123 0.0914649  -9.68513 
             79.9002  0.133383 -0.112517  -0.42044  0.0206661 -0.0142984  0.0160635 0.00993277  0.0015477 0.00119454 -0.0107754 -0.0231652  0.0440241 -0.00618615 -0.00135824 -0.00229281 0.000319242 -0.00216031 -0.00387853  -0.00187344  -0.00352839 -0.000747728   1.55124 0.0914985  -9.68513 
             80.0004  0.134388 -0.165696 -0.396099   0.020365 -0.0164784  0.0186384 0.00973942 0.00148276 0.00118842 -0.0107752 -0.0231648  0.0440246 -0.00747218 -0.00711446  0.00340505 0.000312959   -0.002128 -0.00389813  -0.00187971  -0.00341362 -0.000947069   1.55125 0.0914619  -9.68513 
             80.1004  0.186714 -0.165219 -0.378585  0.0177848 -0.0176472  0.0204141  0.0097455 0.00157614 0.00117969 -0.0107749 -0.0231637   0.044025   -0.012879 -0.00977215  0.00486584  0.00027806 -0.00212779 -0.00390882 -0.00181013 -0.00341862 -0.00103722   1.55123 0.0914651  -9.68513 
             80.2002 0.0811781 -0.177489  -0.35581  0.0208582 -0.0147843   0.019429  0.0101025  0.0012008 0.00121875 -0.0107737  -0.023165  0.0440264  -0.00330099 -0.000370855   0.00262478 0.000340715 -0.00212091 -0.00392203  -0.00205968  -0.00361725 -0.000917629    1.5513 0.0915093  -9.68512 
             80.3004  0.117202 -0.121227 -0.326606  0.0203125 -0.0159817  0.0173688 0.00996092 0.00127757 0.00121044 -0.0107738 -0.0231647  0.0440262 -0.00440346 -0.00405611 -0.00236265 0.000316302 -0.00215373 -0.00394094  -0.00203172  -0.00353553 -0.000748438   1.55129 0.0914922  -9.68512 
             80.4003  0.141491 -0.159526 -0.390931  0.0194716 -0.0166913  0.0183394 0.00993256  0.0012974 0.00120408 -0.0107737 -0.0231652  0.0440265  -0.00653518  -0.00583623 -0.000866618 0.000299493 -0.00212898 -0.00389411  -0.00200971  -0.00352596 -0.000833537   1.55128 0.0914892  -9.68512 
             80.5005   0.114955 -0.0828696   -0.31349  0.0202586 -0.0146625  0.0163208  0.0101828 0.00118193 0.00121397 -0.0107714 -0.0231662  0.0440285 -0.000917804 -0.000777761  -0.00364298 0.000313271 -0.00217804 -0.00394126  -0.00210007  -0.00367083 -0.000708762   1.55131 0.0915286  -9.68512 
             80.6004  0.129366 -0.191668 -0.398504  0.0198709 -0.0182009  0.0192774 0.00981885 0.00115189 0.00119917 -0.0107688 -0.0231666  0.0440292 -0.00466255  -0.0107597  0.00226888 0.000296085 -0.00211018 -0.00389188   -0.0020757  -0.00345648 -0.000950021    1.5513 0.0914633  -9.68512 
             80.7002 0.0888395 -0.127846 -0.374006  0.0175578 -0.0185935  0.0161309 0.00991182 0.00131421 0.00118889 -0.0107691 -0.0231666  0.0440291 -0.00804618 -0.00807872 -0.00361953 0.000328344 -0.00216127 -0.00390974   -0.002008 -0.00350926 -0.00074379   1.55128 0.0914857  -9.68512 
             80.8002  0.230417 -0.114565 -0.337979  0.0187284 -0.0175928  0.0168687  0.0101073   0.001143 0.00120728 -0.0107687 -0.0231668  0.0440278 -0.00371013 -0.00767046 -0.00113168 0.000243663 -0.00217076 -0.00393102 -0.00210848 -0.00362614 -0.00080956   1.55131 0.0915145  -9.68512 
             80.9003 0.0833595 -0.110849 -0.334221   0.018901 -0.0169582   0.012926  0.0101982 0.00113758 0.00120161 -0.0107681 -0.0231654  0.0440288 -0.00210185 -0.00356214  -0.0074816 0.000339198 -0.00217165 -0.00393085  -0.00214243  -0.00367651 -0.000557795   1.55132 0.0915332  -9.68512 
             81.0003   0.121501 -0.0731471  -0.322063  0.0171483 -0.0173274  0.0120828  0.0102003 0.00127284 0.00118711 -0.0107682 -0.0231651  0.0440281 -0.00556663 -0.00470743 -0.00806722  0.00031997 -0.00219292 -0.00393794  -0.00205843  -0.00367755 -0.000558786   1.55129 0.0915347  -9.68512 
             81.1004    0.18255 -0.0579506  -0.335937  0.0164747 -0.0163254  0.0145099  0.0103423  0.0012602 0.00119238 -0.0107689 -0.0231642  0.0440274 -0.00578873  -0.0035517 -0.00100383 0.000284835 -0.00220225 -0.00392994   -0.0020453  -0.00376392 -0.000777067   1.5513 0.091553 -9.68512 
             81.2003   0.191277 -0.0941118  -0.350368  0.0177251 -0.0157818  0.0141845   0.010424 0.00109898  0.0012159 -0.0107693 -0.0231637  0.0440263 -0.00200368 -0.00300399 -0.00155196 0.000279388 -0.00217864 -0.00392076  -0.00214689  -0.00381379 -0.000758065   1.55133 0.0915665  -9.68512 
             81.3002 0.00761011 -0.0636036  -0.443503  0.0204121 -0.0175034  0.0110425   0.0102427 0.000801853  0.00122926  -0.010767 -0.0231563  0.0440244  0.00773617 -0.00574336 -0.00984676 0.000393998 -0.00219857 -0.00386274  -0.00234659  -0.00369773 -0.000487115   1.55136 0.0915419  -9.68511 
             81.4004  0.171845 -0.133051 -0.362613  0.0227803 -0.0159033  0.0147845   0.0104902 0.000674094  0.00122357 -0.0107648 -0.0231568  0.0440215  0.00723146 -0.00341874 8.05467e-05 0.000281006 -0.00215202 -0.00391936  -0.00238855   -0.0038414 -0.000808522   1.55139 0.0915703  -9.68511 
             81.5003 -0.0546382  -0.110183  -0.401221 0.0220428 -0.015018 0.0133258   0.0105238 0.000819504  0.00122015  -0.010765 -0.0231557  0.0440223  0.00329035  0.00420808 -0.00242565 0.000424751 -0.00216343 -0.00389434  -0.00230928   -0.0038623 -0.000718375   1.55136 0.0915803  -9.68511 
             81.6002 0.0440913 -0.138201 -0.398613  0.0203491 -0.0176365  0.0145191   0.0102825 0.000971695    0.001202  -0.010765 -0.0231551  0.0440242  -0.00248448  -0.00318381 -0.000884734 0.000364603 -0.00214711 -0.00389383  -0.00219729  -0.00371619 -0.000825269   1.55134 0.0915396  -9.68511 
             81.7003  0.095634 -0.113053 -0.337321   0.022538 -0.0127446  0.0159513    0.010722 0.000766694  0.00123437 -0.0107613 -0.0231571  0.0440202 0.00252655 0.00778833 0.00240402 0.000335727 -0.00216272 -0.00393278  -0.00232449  -0.00398309 -0.000914841   1.55138 0.0916042  -9.68511 
             81.8002    0.19869 -0.0816311  -0.338418  0.0192128 -0.0131261   0.018405  0.0106345 0.00106287 0.00120956  -0.010762 -0.0231534    0.04402 -0.00594887  0.00226865  0.00638423 0.000277459 -0.00218006 -0.00393212 -0.00211986 -0.00393686  -0.0010795   1.55134 0.0915965  -9.68511 
             81.9001 0.0677523 -0.175934 -0.348097  0.0200878 -0.0123364  0.0178423   0.0106774 0.000936933  0.00122103 -0.0107626  -0.023153  0.0440192 -0.00333508  0.00454106  0.00342845  0.00035917 -0.00212215 -0.00392292  -0.00220995  -0.00395779 -0.000992822  1.55136   0.0916 -9.68511 
             82.0004 0.0849706 -0.165546 -0.350765  0.0183646 -0.0156235  0.0215435  0.0103619 0.00100254 0.00119058 -0.0107619 -0.0231533  0.0440191  -0.0086638 -0.00409448  0.00889678 0.000343081 -0.00212864 -0.00392215 -0.00213511  -0.0037743 -0.00121393   1.55134 0.0915515  -9.68511 
             82.1003  0.170168 -0.149622 -0.378164  0.0187029 -0.0149402  0.0178884   0.0104409 0.000995348  0.00120017 -0.010762 -0.023155 0.0440188 -0.00656728 -0.00252233  0.00151779 0.000292438   -0.002139 -0.00390517  -0.00217814  -0.00381496 -0.000909009   1.55134 0.0915639  -9.68511 
             82.2001 0.0469077 -0.130508 -0.308725  0.0175075 -0.0163211   0.018161   0.0103844 0.000933343  0.00128281  -0.010763 -0.0231563  0.0440174 -0.00700503  -0.0037309 0.000463465 0.000384629 -0.00215659 -0.00396103  -0.00217904  -0.00376507 -0.000912553   1.55134 0.0915488  -9.68511 
             82.3003  0.122314 -0.108635 -0.370904  0.0183671 -0.0176783  0.0151629   0.0102701 0.000851017  0.00129111 -0.0107617 -0.0231563  0.0440182  -0.0039802 -0.00744668 -0.00490806 0.000345546 -0.00216633 -0.00391955  -0.00225807  -0.00368342 -0.000664165   1.55135 0.0915267  -9.68511 
             82.4001   0.156478 -0.0943761  -0.339456  0.0201601 -0.0163296  0.0131727   0.0104798 0.000683848  0.00131968 -0.0107611 -0.0231571  0.0440183  0.00141903 -0.00483308 -0.00854267  0.00032372 -0.00217432  -0.0039403  -0.00237805  -0.00381521 -0.000600334   1.55138 0.0915605  -9.68511 
             82.5003  0.166082 -0.107406 -0.370926  0.0230553 -0.0163758  0.0146803   0.0105185 0.000439066  0.00135545 -0.0107615 -0.0231562  0.0440183  0.00734201 -0.00513157 -0.00571807 0.000322276 -0.00216647  -0.0039208   -0.0025217  -0.00384387 -0.000748088   1.55142 0.0915681   -9.6851 
             82.6001  0.107991 -0.100993 -0.321973 0.0209494 -0.015738 0.0111305   0.0105961 0.000682342  0.00132669 -0.0107612 -0.0231552  0.0440186  0.00127641 -0.00282501  -0.0101867 0.000356759 -0.00217169 -0.00394998 -0.00238027 -0.00388966 -0.00055043  1.55138 0.091581 -9.68511 
             82.7003  0.155514 -0.114905 -0.354273  0.0203225 -0.0174517  0.0109467    0.010511 0.000718614  0.00131913 -0.0107611  -0.023155   0.044019 -0.000668848  -0.00752541   -0.0100478 0.000327992  -0.0021607 -0.00392949  -0.00234031   -0.0038319 -0.000622274   1.55137 0.0915652  -9.68511 
             82.8001  0.0697777 -0.0538227  -0.354635  0.0186259 -0.0160665  0.0111741   0.0106506 0.000844187  0.00131287 -0.0107616 -0.0231557  0.0440197 -0.00393696 -0.00210403 -0.00649714 0.000380824 -0.00219885 -0.00392984  -0.00224362  -0.00393222 -0.000707239   1.55135 0.0915908  -9.68511 
             82.9003   0.10525 -0.182079 -0.341595  0.0219911 -0.0172074  0.0162767   0.0106089 0.000503924  0.00133763 -0.0107587 -0.0231569  0.0440149  0.00230134 -0.00480803  0.00278086 0.000358481  -0.0021192 -0.00393849 -0.00245257  -0.0039055 -0.00107474   1.55142 0.0915751   -9.6851 
             83.0002 0.0895931 -0.116126  -0.37874  0.0204534 -0.0148361  0.0157943  0.0108221 0.00066694 0.00132306 -0.0107595 -0.0231574  0.0440152 -0.00175463  0.00154974  0.00124674 0.000366239 -0.00216056 -0.00391618  -0.0023453 -0.00405358 -0.00104101   1.55139 0.0916155  -9.68511 
             83.1003  0.151606 -0.137616 -0.412815  0.0184566 -0.0172826  0.0179562   0.0106497 0.000763472  0.00131034 -0.0107578  -0.023158   0.044017 -0.00746537 -0.00508911  0.00546283 0.000329017  -0.0021484 -0.00389371 -0.00225888 -0.00393617 -0.00116607   1.55137 0.0915839  -9.68511 
             83.2004 0.0767273 -0.155714 -0.342637  0.0186315 -0.0131985   0.018446   0.0109974 0.000691064  0.00131199 -0.0107561 -0.0231587   0.044018 -0.00571239  0.00533725  0.00497976 0.000375267  -0.0021364 -0.00393766 -0.00231844 -0.00417364 -0.00116248   1.55139 0.0916434  -9.68511 
             83.3002 0.0748487 -0.138856 -0.406439 0.0171267 -0.016217  0.018292    0.010713 0.000757608  0.00130279  -0.010755 -0.0231591  0.0440179 -0.00936199 -0.00199311  0.00364797 0.000382551 -0.00214346 -0.00389544 -0.00226654 -0.00398359 -0.00112496   1.55137 0.0915977  -9.68511 
             83.4004  0.151528 -0.141633 -0.282733  0.0172748 -0.0126407  0.0193743   0.0110175 0.000660073  0.00130844 -0.0107511 -0.0231608  0.0440159 -0.00713794  0.00442744  0.00571359  0.00033955 -0.00214262 -0.00396939    -0.00233 -0.00418905  -0.0011687   1.55139 0.0916466   -9.6851 
             83.5003  0.106931 -0.220748 -0.376546  0.0184411 -0.0152933  0.0210191   0.0107625 0.000494856  0.00131883 -0.0107496 -0.0231603  0.0440148 -0.00567903 -0.00214241  0.00822112 0.000368255 -0.00209191 -0.00391225 -0.00242308 -0.00402239 -0.00127503   1.55142 0.0916003   -9.6851 
             83.6001  0.197523 -0.163347 -0.401964  0.0170981 -0.0166224  0.0207935   0.0107059 0.000540794  0.00131479 -0.0107491 -0.0231614  0.0440156 -0.00725776 -0.00705108  0.00486869 0.000310723 -0.00212973 -0.00389614 -0.00240043 -0.00398431 -0.00118988   1.55141 0.0915929   -9.6851 
             83.7003 0.0118046 -0.147722 -0.364605  0.0167324 -0.0193695  0.0198094   0.0104958 0.000517044  0.00131032 -0.0107488 -0.0231603  0.0440129 -0.00728741 -0.00897019  0.00245065 0.000421516 -0.00214045 -0.00391824 -0.00242314 -0.00384779 -0.00108742   1.55141 0.0915609   -9.6851 
             83.8002  0.107275 -0.174383  -0.38164  0.0159687 -0.0199257   0.016992  0.0105222 0.00055268 0.00131308 -0.0107489 -0.0231608  0.0440128 -0.00880575 -0.00900711 -0.00261576 0.000366858 -0.00212387 -0.00390588  -0.00242707  -0.00386193 -0.000878343    1.5514 0.0915688   -9.6851 
                83.9 0.0683298 -0.090026 -0.449722 0.0161561 -0.021677 0.0147216   0.0104513 0.000492211  0.00131369 -0.0107473 -0.0231598  0.0440136 -0.00567565 -0.00998803  -0.0056664 0.000393869 -0.00217706 -0.00386352  -0.00248204  -0.00381076 -0.000741277   1.55141 0.0915572   -9.6851 
             84.0002 0.0652864 -0.179954 -0.307363  0.0206577 -0.0191061  0.0130407   0.0107523 8.20581e-05  0.00134226 -0.0107443 -0.0231668  0.0440104  0.00438678 -0.00184973 -0.00813338 0.000398682 -0.00212333 -0.00394848  -0.00276785  -0.00400508 -0.000662866   1.55149 0.0915952  -9.68509 
             84.1003 0.0430836 -0.105729 -0.344016  0.0184273 -0.0170431  0.0131753   0.0109323 0.000326608  0.00133006 -0.0107441 -0.0231663  0.0440094 -0.00127854  0.00378325 -0.00649959 0.000412863 -0.00217023 -0.00392392  -0.00260495  -0.00412331 -0.000720027   1.55145 0.0916296   -9.6851 
             84.2002 0.0319603  -0.13413 -0.409713  0.0195279 -0.0177706  0.0111626  0.0108501 0.00023019 0.00133248 -0.0107436 -0.0231651  0.0440091 0.000621875  0.00247453 -0.00977197 0.000421928 -0.00214859 -0.00388221  -0.00268176  -0.00406277 -0.000613416   1.55147 0.0916127  -9.68509 
             84.3003  0.0802027 -0.0477618  -0.402509  0.0192148 -0.0138761 0.00940225   0.0111032 0.000298712  0.00133979 -0.0107443 -0.0231651   0.044007  0.00118233  0.00904095 -0.00950625 0.000395739 -0.00220239 -0.00388682  -0.00264434  -0.00422588 -0.000608115   1.55146 0.0916529  -9.68509 
             84.4002 0.0747665 -0.151326 -0.335445 0.0205251 -0.014306  0.012163    0.011044 0.000118344  0.00135287 -0.0107437 -0.0231655   0.044006  0.00316958  0.00796837 -0.00305949 0.000405099 -0.00213678 -0.00392586  -0.00273525  -0.00419923 -0.000824014   1.55149 0.0916455  -9.68509 
             84.5003  0.108412 -0.083772 -0.408228  0.0197195 -0.0148583  0.0152712   0.0108573 0.000139554  0.00127527 -0.0107442 -0.0231656   0.044006 0.000185026  0.00293597  0.00213982 0.000383703 -0.00219722 -0.00386443 -0.00266536  -0.0041272 -0.00103968   1.55147 0.0916368  -9.68509 
             84.6002  0.0708082 -0.0653828  -0.432041  0.0184881 -0.0148909  0.0132099   0.0108275 0.000259696  0.00125797 -0.0107438 -0.0231662  0.0440058 -0.00155889  0.00307391 -0.00192556 0.000410612 -0.00220905 -0.00384657  -0.00259786  -0.00410001 -0.000894355   1.55145 0.0916316   -9.6851 
             84.7003  0.132438 -0.100981 -0.364821    0.02271 -0.0134742  0.0144743    0.0109238 -7.67788e-05   0.00129421 -0.0107432  -0.023168  0.0440038  0.00788562  0.00429953 0.000158934 0.000371927 -0.00218469 -0.00388977  -0.00282632  -0.00416642 -0.000968887   1.55151 0.0916369  -9.68509 
             84.8001  0.164462 -0.138793 -0.411724 0.0211983 -0.015948 0.0195795    0.010696 3.86527e-05  0.00127301 -0.0107409 -0.0231671  0.0440063 0.000727404 -0.00374716  0.00871586 0.000348163 -0.00216461 -0.00386361 -0.00270113  -0.0040305 -0.00130591   1.55149 0.0916144  -9.68509 
             84.9002   0.221418 -0.0992018  -0.326928  0.0189576 -0.0131896  0.0185758   0.0109234 0.000242157   0.0012485 -0.0107388 -0.0231658  0.0440043 -0.00432454 0.000721405  0.00626098 0.000315658 -0.00218739 -0.00391583 -0.00257253  -0.0041884 -0.00119762   1.55146 0.0916585  -9.68509 
             85.0002 -0.00481715   -0.177632   -0.288426  0.0196134 -0.0158099  0.0195697   0.0106987 0.000140151  0.00126103 -0.0107405 -0.0231671  0.0439982 -0.00376764 -0.00379468  0.00682238 0.000454069 -0.00213774 -0.00394269 -0.00263272 -0.00403325  -0.0012407   1.55147 0.0916188  -9.68509 
             85.1003 0.0696628 -0.112961 -0.298083  0.0193466 -0.0137799  0.0171765   0.0108814 0.000144786   0.0012613 -0.0107394 -0.0231662  0.0439995 -0.00215078  0.00107665  0.00122311 0.000409995 -0.00217895 -0.00393548 -0.00264837 -0.00415327 -0.00102976   1.55147 0.0916485  -9.68509 
             85.2002   0.10352 -0.173274 -0.377875 0.0196835 -0.015133 0.0204948   0.0107829 6.54567e-05  0.00126798 -0.0107379 -0.0231656  0.0439996  -0.0031247 -0.00268104  0.00711931 0.000392742 -0.00214042 -0.00388609  -0.0026859 -0.00408624 -0.00123784   1.55149 0.0916288  -9.68509 
             85.3002  0.113934    -0.137 -0.350686  0.0193389 -0.0158254  0.0184585   0.0107225 0.000100631  0.00126585 -0.0107376 -0.0231657  0.0439996 -0.00372179  -0.0042443  0.00309438  0.00038662 -0.00215952   -0.003904 -0.00267344 -0.00404202 -0.00106949   1.55148 0.0916209  -9.68509 
             85.4001  0.103932 -0.197099 -0.400306  0.0195198 -0.0163652  0.0209709   0.0107104 3.96729e-05  0.00127067 -0.0107369 -0.0231655  0.0439994 -0.00439483 -0.00516901   0.0061578 0.000392288 -0.00212171 -0.00387364 -0.00270336 -0.00403894 -0.00122336   1.55149 0.0916181  -9.68509 
             85.5003  0.211245  -0.10591 -0.372947  0.0159501 -0.0170576  0.0194869   0.0107577 0.000251321  0.00124977 -0.0107363 -0.0231672  0.0439967 -0.00934867 -0.00874256   0.0022851  0.00032839 -0.00217746 -0.00389107 -0.00256995 -0.00407322 -0.00107373   1.55145 0.0916291   -9.6851 
             85.6002 0.0350346 -0.147889 -0.437806   0.016777 -0.0197939   0.017331   0.0105696 0.000119207  0.00125221 -0.0107353 -0.0231653  0.0439952 -0.00680928 -0.00980424 -0.00230632  0.00043951 -0.00214968 -0.00384986  -0.00267655  -0.00393928 -0.000908911   1.55147 0.0915997  -9.68509 
             85.7003 0.0241786 -0.175887 -0.419003  0.0183208 -0.0169964  0.0188706    0.0108507 -5.32467e-05   0.00126462 -0.0107351 -0.0231662  0.0439964  -0.00326819 -0.000345603   0.00124561  0.00044838 -0.00213313 -0.00386168 -0.00279668 -0.00412941 -0.00101813    1.5515 0.0916377  -9.68509 
             85.8002   0.11985 -0.190381  -0.37427  0.0212894 -0.0146392  0.0203906    0.0110511 -0.000302408   0.00127316 -0.0107336 -0.0231685  0.0439939  0.0025616 0.00390938 0.00374328 0.000387663 -0.00212348 -0.00388977 -0.00297543 -0.00426375 -0.00109884   1.55155 0.0916598  -9.68508 
             85.9001    0.0761 -0.110048 -0.366479   0.023176 -0.0130738   0.016056   0.0111337 -0.00036485  0.00127422 -0.0107313 -0.0231694  0.0439953  0.00744047  0.00702538 -0.00450126 0.000414894 -0.00217316 -0.00389347   -0.0030614  -0.00431326 -0.000792062   1.55157 0.0916713  -9.68508 
             86.0001  0.144536 -0.125845 -0.401428   0.020661 -0.0130105   0.018428    0.0110785 -0.000154101   0.00125357 -0.0107318 -0.0231683   0.043995  -0.00123552   0.00401254 -0.000435777 0.000376195 -0.00216365 -0.00387128  -0.00287777  -0.00428857 -0.000993115   1.55153 0.0916731  -9.68508 
             86.1002 0.0704072 -0.121692 -0.358434  0.0205679 -0.0160323  0.0172307    0.0108238 -0.000168593    0.0012479 -0.0107328 -0.0231681  0.0439939 -0.00177479 -0.00246364 -0.00228172 0.000421295 -0.00216679 -0.00389682  -0.00288452  -0.00410605 -0.000913837   1.55152 0.0916326  -9.68509 
             86.2001  0.225937 -0.139309 -0.402601  0.0165453 -0.0183181  0.0177679  0.0106666  0.0001098 0.00120325 -0.0107321 -0.0231688  0.0439973  -0.0118468  -0.0105045 -0.00239248 0.000332271 -0.00215479 -0.00386912  -0.0026595 -0.00400387 -0.00098104  1.55147  0.09162 -9.68509 
             86.3002 0.0265892 -0.107171 -0.360549  0.0185849 -0.0185757  0.0163403    0.0106759 -9.80973e-05   0.00123172 -0.0107319 -0.0231683   0.043998 -0.00463002 -0.00840722 -0.00430949 0.000449488 -0.00217449 -0.00389216  -0.00282693  -0.00399927 -0.000862644    1.5515 0.0916122  -9.68509 
             86.4002  0.158459 -0.181114 -0.361255  0.0206879 -0.0163421  0.0165397    0.0109244 -0.000312696   0.00129203 -0.0107306 -0.0231705  0.0439912 -0.00165624 -0.00347467 -0.00231727 0.000364943 -0.00212462 -0.00389192   -0.0029841  -0.00419414 -0.000912124   1.55154 0.0916498  -9.68508 
             86.5002 0.0531159 -0.120514 -0.423891  0.0219316 -0.0146746  0.0125621    0.0110568 -0.000361828   0.00130372 -0.0107311 -0.0231683  0.0439923   0.0034011  0.00285458 -0.00937033 0.000434009 -0.00216125 -0.00385407  -0.00306351  -0.00427877 -0.000646904   1.55156 0.0916698  -9.68508 
             86.6002   0.17382 -0.101268  -0.39325   0.019796 -0.0146264  0.0139192    0.0110466 -0.000205729   0.00128564 -0.0107314 -0.0231672  0.0439921  -0.00320738 -0.000244161  -0.00591961 0.000362982 -0.00217097 -0.00387044  -0.00292723  -0.00427843 -0.000813537   1.55153 0.0916714  -9.68508 
             86.7002  0.129861 -0.103688 -0.342436  0.0217496 -0.0134384  0.0157649    0.0111455 -0.000392534    0.0013102 -0.0107308 -0.0231689  0.0439925    0.002325  0.00175141 -0.00139289 0.000392511 -0.00217099 -0.00389926   -0.0030496  -0.00434874 -0.000959816  1.55156 0.091679 -9.68508 
             86.8002  0.182061 -0.111661 -0.281701  0.0210866 -0.0113278   0.017269    0.0112898 -0.000338957   0.00131196  -0.010729 -0.0231675  0.0439918 -0.00054499  0.00369436  0.00119977 0.000364545 -0.00216401 -0.00393597 -0.00300091 -0.00445494  -0.0010678   1.55156 0.0917013  -9.68508 
             86.9002 0.0243127 -0.161984 -0.340738  0.0206257 -0.0144042  0.0176791    0.0110267 -0.000334693   0.00130215 -0.0107284  -0.023168  0.0439879 -0.00290848 -0.00198368 0.000993918 0.000461553  -0.0021347 -0.00389865 -0.00298519 -0.00426517 -0.00108421   1.55155 0.0916601  -9.68508 
             87.0002  0.139578 -0.157091 -0.418958  0.0196646 -0.0156469  0.0205505    0.0109713 -0.000316608   0.00129571 -0.0107272 -0.0231684  0.0439883 -0.00566975 -0.00558488  0.00555005 0.000394116 -0.00213849 -0.00384999 -0.00294799 -0.00422586 -0.00126186   1.55155 0.0916469  -9.68508 
             87.1003   0.19148 -0.111262 -0.356648  0.0195451 -0.0145875  0.0172788    0.0110762 -0.000315202   0.00129698 -0.0107265 -0.0231701  0.0439877 -0.00345916 -0.00432014 -0.00166317 0.000362566 -0.00216525 -0.00388738 -0.00297733   -0.004309 -0.00101051   1.55155 0.0916718  -9.68508 
             87.2001  0.204405 -0.112582 -0.408996   0.018223 -0.0149245  0.0186243    0.0110533 -0.000209436   0.00128508 -0.0107266 -0.0231703  0.0439874 -0.00822356 -0.00514494  0.00219042 0.000353969 -0.00216431 -0.00385551 -0.00287992 -0.00429354 -0.00112206  1.55153 0.091667 -9.68508 
             87.3002   0.14111 -0.124091 -0.356954     0.0187 -0.0152601  0.0154164   0.0110495 -0.00029332  0.00127046 -0.0107266 -0.0231703  0.0439874  -0.0048523 -0.00550315 -0.00497062 0.000395965 -0.00215495 -0.00388983  -0.00295578  -0.00429451 -0.000893719   1.55154 0.0916726  -9.68508 
                87.4 0.00380455  -0.076375  -0.428169  0.0194621 -0.0169174  0.0109624    0.0109794 -0.000373812   0.00127667  -0.010725 -0.0231655  0.0439865 2.93801e-05 -0.00359503  -0.0103598 0.000479474 -0.00218264 -0.00384702  -0.00303803  -0.00423166 -0.000680974   1.55155 0.0916629  -9.68508 
             87.5001   0.121127 -0.0788273  -0.419974  0.0219497 -0.0170284 0.00936198    0.0110301 -0.000543307   0.00130006  -0.010725 -0.0231656  0.0439865  0.00624139 -0.00478498  -0.0111225 0.000408278 -0.00218042 -0.00385256  -0.00318207  -0.00426487 -0.000635941   1.55158 0.0916664  -9.68508 
             87.6001 0.00770413 -0.0606916  -0.408621  0.0227995 -0.0190156 0.00781424    0.0109114 -0.000574823   0.00130104 -0.0107251 -0.0231653  0.0439853  0.00681325 -0.00593214   -0.012194 0.000479931 -0.00218725 -0.00385854  -0.00320291  -0.00417091 -0.000593616   1.55158 0.0916458  -9.68508 
             87.7001   0.169666 -0.0471999   -0.39499  0.0201739 -0.0184867 0.00627662    0.0109806 -0.000333009   0.00127169 -0.0107248 -0.0231638  0.0439838 0.000476679 -0.00595064  -0.0129063 0.000384616  -0.0021981 -0.00386505  -0.00301362  -0.00423586 -0.000596619   1.55154 0.0916697  -9.68508 
             87.8002 -0.0118346  0.0113519  -0.347423  0.0200896 -0.0168564 0.00628541    0.0111026 -0.000302083   0.00127473 -0.0107242 -0.0231646  0.0439854 0.00188627 0.00114545  -0.010667 0.000492611 -0.00223047 -0.00389284  -0.00299226  -0.00433676 -0.000693681   1.55155 0.0916927  -9.68508 
             87.9001  0.120328  -0.12105 -0.375833  0.0209876 -0.0179304  0.0125189    0.0110287 -0.000390423   0.00127584 -0.0107199 -0.0231616   0.043985   0.0010051 -0.00270771  0.00273441 0.000416277 -0.00215043 -0.00387367 -0.00303057 -0.00429773 -0.00116142  1.55158 0.091685 -9.68507 
                  88  0.0408244 -0.0769145  -0.418762  0.0216472 -0.0154724  0.0104471    0.0112109 -0.000407324   0.00128585 -0.0107214 -0.0231609  0.0439855   0.00248888   0.00487052 -0.000949953  0.00047099 -0.00217408  -0.0038447 -0.00306631 -0.00443312 -0.00101158   1.55158 0.0917106  -9.68507 
             88.1001  0.0847996 -0.0981737  -0.368079  0.0204559 -0.0183863  0.0142231    0.0109776 -0.000328234   0.00126459 -0.0107212 -0.0231594  0.0439873 -0.00230652 -0.00314183   0.0059502 0.000444858 -0.00216337 -0.00387302  -0.0029742 -0.00425775 -0.00126903   1.55158 0.0916801  -9.68508 
             88.2002 0.0858114 -0.117446  -0.44261  0.0210455 -0.0172178   0.015208    0.0110783 -0.000378245   0.00127919 -0.0107219 -0.0231587  0.0439866 -0.00076436 0.000466987  0.00705234 0.000449873 -0.00215228 -0.00382634 -0.00302188 -0.00433932 -0.00128986   1.55159 0.0916958  -9.68507 
             88.3001  0.051622 -0.140406  -0.38424  0.0212849 -0.0163747  0.0171629    0.0111259 -0.000405789    0.0012853 -0.0107214 -0.0231589  0.0439866 -0.0013649 0.00310603 0.00982736 0.000470704 -0.00213718 -0.00386274 -0.00304057 -0.00438206 -0.00137414    1.5516 0.0917054  -9.68507 
                88.4  0.086233  -0.14638 -0.378859  0.0186517 -0.0163367  0.0190911    0.0110913 -0.000224224   0.00126356 -0.0107214  -0.023158  0.0439867 -0.0085131 0.00206093  0.0111148 0.000451904 -0.00213135  -0.0038642 -0.00288732 -0.00436671 -0.00145385   1.55157 0.0917106  -9.68508 
             88.5001  0.155035 -0.178229 -0.397826  0.0190834 -0.0152934  0.0204195    0.0111675 -0.000319983   0.00128029 -0.0107214 -0.0231579  0.0439856 -0.00671206   0.0026189   0.0109591 0.000417022 -0.00211457 -0.00385144 -0.00296604 -0.00442307 -0.00146641   1.55159 0.0917187  -9.68507 
             88.6001  0.152118 -0.165275 -0.358978  0.0217856 -0.0143052   0.020303   0.0112727 -0.00057792  0.00131995 -0.0107209 -0.0231593  0.0439861 0.00201987 0.00537708   0.010935 0.000420309 -0.00212301 -0.00387412 -0.00317627 -0.00449387 -0.00142864   1.55163 0.0917231  -9.68507 
                88.7  0.153153 -0.161259 -0.440203  0.0212469 -0.0162581  0.0198365    0.0111109 -0.000531486   0.00130117 -0.0107189 -0.0231607  0.0439866  -0.0018271 -0.00129555  0.00693571 0.000419228  -0.0021211 -0.00381734 -0.00314431 -0.00435839 -0.00130249   1.55162 0.0916949  -9.68507 
                88.8 0.0619722 -0.145306 -0.335805  0.0210803 -0.0142474  0.0147352    0.0112647 -0.000477592   0.00129796 -0.0107171 -0.0231586  0.0439878 -0.000884393    0.0039839   -0.0047099 0.000476723 -0.00213052 -0.00387801 -0.00315309   -0.004454 -0.00092638   1.55161 0.0917125  -9.68507 
             88.9001 0.0330961 -0.101529 -0.397657  0.0201214 -0.0156575  0.0137537    0.0111351 -0.000397022   0.00128107 -0.0107163 -0.0231585  0.0439857 -0.00287968 0.000735515 -0.00627693 0.000494492 -0.00215475 -0.00384126  -0.00309169  -0.00435347 -0.000864424    1.5516 0.0916956  -9.68507 
                  89  0.131971 -0.173944 -0.436846  0.0180653 -0.0169685  0.0144191    0.0110524 -0.000308546   0.00125507 -0.0107148 -0.0231606  0.0439875 -0.00774249  -0.0032396 -0.00531712  0.00043167 -0.00210744 -0.00381728   -0.0030138   -0.0042894 -0.000966054   1.55158 0.0916857  -9.68507 
             89.1001  0.0859372 -0.0904087  -0.396087  0.0196235 -0.0183608  0.0144226    0.0109888 -0.000469064   0.00126856 -0.0107153 -0.0231614  0.0439888 -0.00168406 -0.00502883 -0.00464764 0.000458247 -0.00215489 -0.00384179 -0.00314287 -0.00423113 -0.00099248    1.5516 0.0916675  -9.68507 
                89.2 0.0362057  -0.23528 -0.467389  0.0205685 -0.0184402  0.0191763     0.011018 -0.000613107   0.00127955 -0.0107131 -0.0231621  0.0439874 -0.00391565 -0.00200288  0.00351277 0.000483742 -0.00207159  -0.0037976 -0.00322934 -0.00426793 -0.00131403   1.55163 0.0916686  -9.68507 
                89.3   0.130311 -0.0816071  -0.413287   0.021513 -0.0148659  0.0159414    0.0112844 -0.000617399   0.00127606 -0.0107105 -0.0231638  0.0439863  0.00215023  0.00579466 -0.00341379  0.00043444 -0.00216173 -0.00382749 -0.00328746 -0.00449101  -0.0010699  1.55165 0.091712 -9.68506 
                89.4  0.0838918 -0.0988474  -0.421027  0.0212601 -0.0158449  0.0125999    0.0111806 -0.000581626   0.00126532 -0.0107101 -0.0231637  0.0439861  0.00106497   0.0028682 -0.00761199 0.000461715 -0.00214928 -0.00382336   -0.0032616  -0.00439162 -0.000908649   1.55164 0.0916935  -9.68507 
             89.5001  0.0777911 -0.0856157  -0.414573  0.0204282 -0.0145686  0.0119937    0.0112232 -0.000519809   0.00125765   -0.01071 -0.0231635   0.043986 -0.000807599   0.00503914  -0.00757677 0.000465306  -0.0021559 -0.00382767  -0.00320764  -0.00443656 -0.000926274   1.55163 0.0917068  -9.68507 
                89.6  0.044169 -0.127134 -0.424334  0.0231158 -0.0146253   0.014015    0.011206 -0.00071932  0.00128841 -0.0107096  -0.023164  0.0439844  0.00447699  0.00529234 -0.00195995 0.000486309 -0.00213159 -0.00382219 -0.00336758 -0.00441682 -0.00108638   1.55166 0.0916918  -9.68506 
                89.7 0.00954794  -0.112076  -0.396012  0.0222782 -0.0161556  0.0116445    0.0110744 -0.000643617   0.00127024 -0.0107103  -0.023163  0.0439836  0.00169341  0.00184369 -0.00664199 0.000509704 -0.00213825 -0.00383615 -0.00329979 -0.00429899 -0.00095939  1.55164 0.091672 -9.68507 
             89.7999 0.0321388 -0.082993 -0.371204  0.0218041 -0.0167176  0.0109537     0.011023 -0.000606058   0.00126192 -0.0107106 -0.0231627  0.0439836 2.89859e-05  0.00104338 -0.00593443 0.000497475 -0.00215384 -0.00384994  -0.00326362  -0.00425758 -0.000955045   1.55163 0.0916663  -9.68507 
             89.9001    0.16459 -0.0621318  -0.367076 0.0244688 -0.013023 0.0118231   0.0112644 -0.00075745  0.00129543 -0.0107101 -0.0231622  0.0439794  0.00717114  0.00664716 -0.00326931 0.000420165 -0.00216464 -0.00385127 -0.00340521 -0.00446283 -0.00104374   1.55167 0.0916999  -9.68506 
                  90 -0.0447831  -0.133271   -0.45211  0.0258287 -0.0178142  0.0120967    0.0108929 -0.000859219   0.00128733 -0.010706 -0.023162 0.0439736  0.00735166 -0.00127564 -0.00189114 0.000552533 -0.00211953 -0.00379936 -0.00345371 -0.00415326 -0.00107491   1.55166 0.0916373  -9.68506 
             90.0999 0.0860756 -0.139387  -0.34818  0.0232526 -0.0150176   0.013815    0.0110699 -0.000624755   0.00125504 -0.0107039 -0.0231589  0.0439737 -0.00169722  0.00375158  0.00167281 0.000475806 -0.00211389 -0.00386062 -0.00325438 -0.00431647 -0.00121396   1.55164 0.0916814  -9.68507 
             90.2001 0.0210595 -0.111194 -0.448848  0.0227217 -0.0168788  0.0145828    0.0109016 -0.000613401   0.00125063 -0.0107025 -0.0231596   0.043973 -0.00250412 0.000473232  0.00288817 0.000518711 -0.00213138 -0.00379648 -0.00323145 -0.00418781 -0.00125192   1.55163 0.0916589  -9.68507 
                90.3   0.172776 -0.0953597  -0.367432  0.0207924 -0.0150335   0.014722    0.0110402 -0.000435563   0.00123136 -0.0107019 -0.0231583    0.04397 -0.00790008  0.00335071  0.00272263 0.000429746 -0.00213996 -0.00384582 -0.00309303 -0.00430882  -0.0012674   1.55161 0.0916886  -9.68507 
                90.4   0.18455 -0.155204 -0.433568   0.020035 -0.0156106  0.0189571     0.010947 -0.000456404   0.00122853 -0.0107001 -0.0231561  0.0439709  -0.00941099 -0.000357954   0.00891616 0.000422435 -0.00210433 -0.00380434 -0.00308855 -0.00426891 -0.00153306  1.55162  0.09169 -9.68507 
             90.4999   0.189475 -0.0729524  -0.407958  0.0179944 -0.0138704  0.0155767    0.0110718 -0.000400105   0.00121784 -0.0106989 -0.0231582    0.04397  -0.00719618   0.00198666 -0.000150355 0.000417291 -0.00215147 -0.00381776 -0.00306665 -0.00435397 -0.00124585   1.55161 0.0916999  -9.68507 
                90.6  0.168204 -0.121924 -0.388021  0.0180433 -0.0147295   0.015964   0.0110074 -0.00041082  0.00121922 -0.0106991 -0.0231582  0.0439698  -0.0072475 -0.00013963 0.000614897 0.000417993 -0.00214796 -0.00381666 -0.00306971     -0.0043 -0.00127314   1.55161 0.0916899  -9.68507 
                90.7  0.169582 -0.130311 -0.393824 0.0170608 -0.015063 0.0169228    0.0110088 -0.000440055   0.00122183  -0.010699 -0.0231582  0.0439697 -0.00853996 -0.00231352  0.00354612 0.000417989 -0.00214624 -0.00381564 -0.00309712 -0.00429296 -0.00130563  1.55161 0.091687 -9.68507 
                90.8 0.0689819 -0.124249 -0.386657  0.0299395 -0.0140241   0.012027    0.0110295 -0.000540355   0.00124754 -0.0106991 -0.0231569  0.0439698  0.0351202 0.00349464 -0.0126292  0.00043706 -0.00214393 -0.00381635 -0.00319416  -0.0042998 -0.00124204   1.55163 0.0916837  -9.68507 
                90.9   0.139748 -0.0757406   -0.33492  0.0277938 -0.0129787  0.0130591   0.0110356 -0.00049674  0.00124181 -0.0106994 -0.0231546  0.0439685  0.0203372 0.00354766 -0.0069702 0.000397539 -0.00219313 -0.00384301 -0.00315081 -0.00430407 -0.00126494   1.55162 0.0916849  -9.68507 
             90.9999  0.227214 -0.119507 -0.320815  0.0247048 -0.0108723  0.0193127    0.0110546 -0.000432173   0.00124167 -0.0106985 -0.0231508  0.0439686 0.00737536 0.00424168 0.00744473 0.000343183 -0.00218565 -0.00384686  -0.0030715 -0.00432323 -0.00133612   1.55161 0.0916863  -9.68507 
                91.1  0.107369 -0.124195 -0.362479   0.023612 -0.0133921  0.0207579    0.0109977 -0.000387544   0.00123476 -0.0106975  -0.023152   0.043968  0.00190952 -0.00178135  0.00867897 0.000433036 -0.00218797 -0.00381763  -0.0030192 -0.00426553 -0.00135026   1.55161 0.0916783  -9.68507 
             91.1999   0.12082 -0.139865 -0.399058 0.0199277 -0.017204 0.0189434    0.0108827 -0.000244987   0.00121971 -0.0106957 -0.0231545  0.0439687 -0.00781241  -0.0102927  0.00363181 0.000426746 -0.00218896 -0.00379307 -0.00286021 -0.00414359 -0.00131739   1.55158 0.0916632  -9.68507 
             91.2999  -0.10349 -0.134858 -0.387549  0.0214038 -0.0182481  0.0154472    0.0108321 -0.000345047   0.00121562 -0.0106956 -0.0231495  0.0439665 -0.00247553  -0.0101585 -0.00339724 0.000580421 -0.00218861 -0.00380249 -0.00298071 -0.00408565 -0.00118367    1.5516 0.0916587  -9.68507 
                91.4    0.1076 -0.163373 -0.440196  0.0205333 -0.0197591  0.0159487    0.0108603 -0.000372679   0.00129766  -0.010696 -0.0231509  0.0439662 -0.00512586  -0.0105496 -0.00260792 0.000416709 -0.00216278 -0.00376005 -0.00296638 -0.00411273 -0.00121542   1.55159 0.0916605  -9.68507 
                91.5 0.00512665  -0.173001   -0.44319  0.0211644 -0.0182559  0.0186427    0.0109975 -0.000449368    0.0013064 -0.0106961 -0.0231508  0.0439661 -0.00416383 -0.00219743  0.00373276 0.000492744 -0.00215504 -0.00375883 -0.00303972 -0.00425387 -0.00136574   1.55161 0.0916761  -9.68507 
                91.6  0.106947 -0.107971 -0.445882  0.0220833 -0.0177667  0.0153404   0.0110403 -0.00051132   0.0013116  -0.010695 -0.0231533  0.0439665 6.11399e-06 -0.00133534 -0.00378698 0.000424069 -0.00219683 -0.00375768 -0.00313536 -0.00429857 -0.00115668   1.55162 0.0916835  -9.68507 
                91.7 0.0413484 -0.131538 -0.454658    0.02686 -0.0149153   0.016383    0.0112583 -0.000818608   0.00133728 -0.0106949 -0.0231536  0.0439669   0.0105601  0.00681554 -0.00159276 0.000469654 -0.00217874 -0.00375155 -0.00348226 -0.00450065 -0.00122976   1.55168 0.0916966  -9.68506 
             91.7998  0.195762 -0.135958 -0.305251  0.0215318 -0.0143784  0.0179782    0.0112281 -0.000423384   0.00130319 -0.0106955 -0.0231399  0.0439673 -0.00555336  0.00329782  0.00238187 0.000364219 -0.00217571 -0.00385307 -0.00302181 -0.00449562 -0.00137448   1.55161 0.0917193  -9.68507 
                91.9  0.022381 -0.195289 -0.371781  0.0219218 -0.0124704  0.0179982    0.0113714 -0.000444455   0.00131729 -0.0106953   -0.02314  0.0439689 -0.00515197  0.00988232  0.00177871  0.00048918  -0.0021295 -0.00380707  -0.0030656 -0.00464721 -0.00137433   1.55163 0.0917395  -9.68507 
             91.9998  0.111016 -0.118275  -0.33238 0.0200727 -0.010839 0.0199417    0.0113653 -0.000400235   0.00128615 -0.0106962 -0.0231387  0.0439688 -0.0074148 0.00879814 0.00546105 0.000422707 -0.00219165 -0.00383729 -0.00301201 -0.00464591 -0.00147998  1.55162 0.091742 -9.68507 
                92.1  0.237001 -0.150341 -0.371263  0.0184892 -0.0135288  0.0185116    0.0111708 -0.000365818   0.00127513 -0.0106955 -0.0231403  0.0439717 -0.00977773 -0.00318809 0.000725026 0.000343347 -0.00216626 -0.00380637  -0.0029749  -0.0044279 -0.00132652   1.55161 0.0917108  -9.68507 
                92.2 0.0171649 -0.182416 -0.346902  0.0174587 -0.0153285   0.020529   0.0110224 -0.00033238  0.00126981 -0.0106952 -0.0231422  0.0439693   -0.014281 -0.00528712  0.00554176 0.000505416 -0.00213949 -0.00381994  -0.0029017 -0.00428486  -0.0015105    1.5516 0.0916898  -9.68507 
                92.3   0.14897 -0.167511 -0.366498  0.0187167 -0.0162978  0.0171312   0.0110077 -0.00045315  0.00134874  -0.010695 -0.0231429  0.0439699 -0.00792171 -0.00750168 -0.00233652 0.000403954 -0.00214962 -0.00380654 -0.00308625 -0.00425189 -0.00119562   1.55162 0.0916836  -9.68507 
             92.3998 -0.0464392  -0.128653  -0.451439  0.0207398 -0.0180684  0.0158303    0.0109582 -0.000649245   0.00137822 -0.0106938 -0.0231374  0.0439703 -0.00117713 -0.00313157 -0.00297458 0.000545135 -0.00217567 -0.00374668 -0.00329686 -0.00418522 -0.00112242  1.55165 0.091672 -9.68506 
             92.4999 0.0634471 -0.180531 -0.390952  0.0201591 -0.0211082  0.0178811    0.0108124 -0.000663919   0.00138115 -0.0106936 -0.0231373  0.0439708 -0.00452152 -0.00967425  0.00126966 0.000477295 -0.00213652 -0.00378912 -0.00328084 -0.00403811 -0.00130589   1.55164 0.0916487  -9.68507 
             92.5999    0.11889 -0.0712922  -0.449479  0.0221062 -0.0213846  0.0114197     0.010875 -0.000743618   0.00139731 -0.0106912  -0.023138  0.0439725  0.00302919 -0.00898812   -0.011316 0.000441894  -0.0022097 -0.00375072  -0.00342909  -0.00406426 -0.000796007   1.55166 0.0916488  -9.68506 
             92.6999   0.299591 -0.0854401  -0.425196  0.0231859 -0.0176693 0.00995343    0.0111608 -0.000756666   0.00141144  -0.010691 -0.0231384   0.043963   0.0048447 -0.00328961  -0.0104608 0.000322129 -0.00220071 -0.00376753  -0.00347255  -0.00437411 -0.000781962   1.55167 0.0916925  -9.68506 
             92.7998 -0.0405942 -0.0788968  -0.381352  0.0225122 -0.0153519   0.011982    0.0112672 -0.000690131     0.001409 -0.0106904 -0.0231418  0.0439672 0.00157581 0.00659521 -0.0050176  0.00055351 -0.00220351 -0.00379665 -0.00338784 -0.00451109 -0.00102112   1.55167 0.0917169  -9.68506 
             92.8999   0.16252 -0.144188 -0.358344  0.0225734 -0.0149804  0.0166545     0.011267 -0.000724693   0.00140001 -0.0106886   -0.02314  0.0439676 -3.39474e-05    0.0040868   0.00455534 0.000416439 -0.00216087 -0.00381139 -0.00338178  -0.0045303 -0.00141689   1.55168 0.0917195  -9.68506 
             92.9998 0.0880015 -0.091747 -0.373202  0.0222312 -0.0108415  0.0186258    0.0114657 -0.000684323   0.00139741 -0.0106882 -0.0231404  0.0439687 -0.000582241    0.0114193   0.00685329 0.000463854 -0.00219718  -0.0038026 -0.00334882 -0.00474534 -0.00151475   1.55168 0.0917513  -9.68506 
             93.0999  0.159559 -0.149127 -0.372145  0.0193282 -0.0155287  0.0169816   0.0110901 -0.00048996  0.00137247 -0.010689 -0.023141 0.0439731 -0.00937848 -0.00274545  0.00265705 0.000420802 -0.00215815  -0.0038016 -0.00312031 -0.00434789 -0.00135985   1.55163 0.0917037  -9.68507 
             93.1998 0.0617724  -0.13828 -0.365476  0.0194131 -0.0138163  0.0190428    0.0112142 -0.000548656    0.0013855 -0.0106885  -0.023142  0.0439747 -0.00772962  0.00216753  0.00515153 0.000490413  -0.0021647 -0.00380701 -0.00318436 -0.00448497 -0.00150419   1.55165 0.0917206  -9.68506 
             93.2999  0.234494 -0.127709 -0.385523  0.0179881 -0.0149523   0.020232    0.0111666 -0.000560398   0.00138911 -0.0106883 -0.0231419  0.0439758 -0.00940562 -0.00491051  0.00597525 0.000369932 -0.00217328 -0.00379568 -0.00319246 -0.00443227 -0.00151836   1.55165 0.0917126  -9.68506 
             93.3998  0.123315 -0.136495 -0.377913  0.0164318 -0.0142182  0.0197711     0.011221 -0.000515309   0.00138117 -0.0106883 -0.0231418  0.0439761  -0.0114871 -0.00151323  0.00359283 0.000444322 -0.00216624 -0.00380132 -0.00315136 -0.00449247 -0.00144714  1.55165 0.091723 -9.68506 
             93.4998  0.153098 -0.150572 -0.317146  0.0181038 -0.0157104  0.0192441    0.0111311 -0.000649814   0.00140019 -0.0106888 -0.0231427  0.0439759 -0.00556916 -0.00592114  0.00113119   0.0004252 -0.00215567  -0.0038426 -0.00331469 -0.00438839 -0.00138641   1.55166 0.0917057  -9.68506 
             93.5998  0.219518 -0.101022 -0.346982  0.0166338 -0.0157288  0.0170798    0.0111885 -0.000607122   0.00139688 -0.0106885 -0.0231436   0.043975 -0.00617748 -0.00730395 -0.00238511 0.000375596 -0.00219134 -0.00382132 -0.00327569 -0.00444972 -0.00123148  1.55166 0.091718 -9.68506 
             93.6998   0.181167 -0.0947831   -0.37368  0.0157367 -0.0200838  0.0155835   0.0109955 -0.00060069  0.00138896 -0.0106869 -0.0231437  0.0439745 -0.00652106  -0.0163891 -0.00584126 0.000403048 -0.00219246 -0.00380402 -0.00326366 -0.00421997 -0.00113856   1.55165 0.0916875  -9.68506 
             93.7998  0.137224 -0.113163 -0.360131  0.0175386 -0.0188271  0.0148727    0.0111518 -0.000731635   0.00140919 -0.0106872 -0.0231434  0.0439758 -0.00126359 -0.00997637 -0.00533126 0.000433462 -0.00217845 -0.00381324 -0.00343596 -0.00440909 -0.00112392   1.55167 0.0917138  -9.68506 
             93.8999 -0.00612811  -0.0758016   -0.363126  0.0185558 -0.0200685  0.0120072     0.011098 -0.000784361   0.00141014 -0.0106867 -0.0231407   0.043975  0.00316349 -0.00945612  -0.0108825 0.000529401 -0.00220449 -0.00380939  -0.00351718   -0.0043485 -0.000923973   1.55168 0.0917124  -9.68506 
             93.9998  0.0777384 -0.0996944  -0.342423  0.0220903 -0.0187743  0.0133871    0.0112378 -0.000953003   0.00142306 -0.0106862 -0.0231421  0.0439741  0.00976652 -0.00464543 -0.00634499 0.000468711 -0.00218863 -0.00382365 -0.00372085 -0.00451644 -0.00110539   1.55172 0.0917278  -9.68505 
             94.0997  0.0582457 -0.0712145  -0.370321  0.0219334 -0.0201471  0.0124117    0.0111805 -0.000891014   0.00141829  -0.010686 -0.0231422  0.0439742  0.00759406 -0.00584232  -0.0058325 0.000482511 -0.00220715 -0.00380276 -0.00364206 -0.00444617 -0.00107697    1.5517 0.0917191  -9.68505 
             94.1998  0.102212 -0.129596 -0.445217  0.0236907 -0.0186268  0.0127014    0.0112968 -0.000945105   0.00142517 -0.0106875  -0.023141   0.043972  0.00925373 -0.00179257 -0.00508687 0.000451951 -0.00216835 -0.00375479 -0.00371384 -0.00459041 -0.00114226   1.55172 0.0917379  -9.68505 
             94.2998   0.120776 -0.0551005  -0.438433   0.022527 -0.0175497  0.0127294    0.0113627 -0.000839336   0.00141302 -0.0106879 -0.0231412  0.0439705    0.005848  0.00089555 -0.00330071 0.000441766 -0.00221821 -0.00375967 -0.00358986 -0.00467454 -0.00116273    1.5517 0.0917514  -9.68505 
             94.3998  0.107621 -0.178827 -0.317212  0.0228437 -0.0158663  0.0153141    0.0114531 -0.000840754   0.00140979 -0.0106843 -0.0231404    0.04397 0.00228453 0.00463763 0.00375112  0.00045186 -0.00212786 -0.00384741  -0.0035826 -0.00478839  -0.0013745   1.55171 0.0917648  -9.68505 
             94.4997   0.199733 -0.0617259   -0.32119  0.0241912 -0.0135438  0.0144291    0.0115546 -0.000872753   0.00140886 -0.0106831 -0.0231418  0.0439686 0.00579375 0.00472699 0.00137765 0.000391221 -0.00220419 -0.00384342 -0.00362665 -0.00490076 -0.00127624   1.55171 0.0917804  -9.68505 
             94.5998 0.0919672 -0.132728 -0.324102 0.0215644   -0.0142 0.0163105    0.0114621 -0.000679016   0.00137066 -0.0106832 -0.0231412   0.043969 -0.00345805  0.00308959  0.00433031  0.00045764 -0.00215925 -0.00384241 -0.00341261 -0.00481598 -0.00141548   1.55169 0.0917714  -9.68506 
             94.6999 0.0503024 -0.162534 -0.382327   0.020211 -0.0158263  0.0171751    0.0113375 -0.000627103   0.00135383 -0.0106824 -0.0231419  0.0439683 -0.00754708 0.000138787  0.00512605  0.00048682 -0.00213834 -0.00380201 -0.00334985 -0.00469118 -0.00145088   1.55168 0.0917551  -9.68506 
             94.8005  0.0592712 -0.0997644  -0.397691 0.0207386 -0.016057 0.0151877    0.0113246 -0.000667505   0.00135891 -0.0106819 -0.0231411  0.0439688  -0.00450865 -0.000398975  0.000552137 0.000488358 -0.00217936 -0.00378959 -0.00340798 -0.00466798 -0.00127629   1.55168 0.0917534  -9.68506 
             94.8997  0.223435 -0.087172 -0.357682  0.0193921 -0.0152063  0.0147458    0.0113864 -0.000640119   0.00139807 -0.0106817  -0.023142  0.0439672 -0.00506909 -0.00277417 0.000144298 0.000362283 -0.00218892 -0.00381944 -0.00337749 -0.00474491 -0.00124232   1.55168 0.0917642  -9.68506 
             94.9997  0.0539982 -0.0938955  -0.412523 0.0213586 -0.014357 0.0143533    0.0114305 -0.000787847   0.00142067  -0.010682 -0.0231409  0.0439679  0.000646128   0.00242556 -0.000710685 0.000474581 -0.00218221 -0.00378457 -0.00354886 -0.00478749 -0.00120503    1.5517 0.0917699  -9.68505 
             95.0997 0.0890151 -0.110624 -0.370289  0.0193711 -0.0144888  0.0156984   0.0114101 -0.00068138  0.00141327 -0.0106821 -0.0231399   0.043968 -0.00489655  0.00124088  0.00227143 0.000455174 -0.00217188 -0.00381044 -0.00341335    -0.00477 -0.00131387   1.55168 0.0917665  -9.68506 
             95.1997 -0.00631533   -0.113082   -0.359458  0.0218358 -0.0148633  0.0150396    0.0113812 -0.000849347   0.00141983 -0.0106822   -0.02314  0.0439674   0.0017287  0.00245312 0.000534957 0.000519795 -0.00217021 -0.00381726 -0.00361279 -0.00472934  -0.0012408  1.55171  0.09176 -9.68505 
             95.2996   0.159964 -0.0439345   -0.32399 0.0206247 -0.011909  0.011675   0.0115366 -0.00074285  0.00142449 -0.0106798 -0.0231412  0.0439633    0.000562  0.00590939 -0.00634655 0.000413865 -0.00221534 -0.00383953 -0.00351542 -0.00490742 -0.00100058   1.55169 0.0917883  -9.68506 
             95.3997  0.124196 -0.125295 -0.333032 0.0204829 -0.012505 0.0145994    0.0114662 -0.000759782   0.00142389 -0.0106793 -0.0231404  0.0439642 -0.00177697  0.00316693 0.000735683 0.000444994 -0.00215862  -0.0038319 -0.00350417 -0.00483655 -0.00125279  1.55169 0.091777 -9.68506 
             95.4998    0.152868 -0.00376403   -0.327359 0.0185592 -0.012812 0.0115319    0.0114395 -0.000636798   0.00140767 -0.0106779 -0.0231412  0.0439628 -0.00357271 0.000416866 -0.00439367 0.000426932   -0.002238  -0.0038361 -0.00337197  -0.0047944  -0.0010305   1.55167 0.0917736  -9.68506 
             95.5996   0.225197 -0.0620417  -0.381588  0.0173311 -0.0156615  0.0119126    0.0112881 -0.000591494   0.00138585 -0.0106764 -0.0231417  0.0439654  -0.0058857  -0.0083351 -0.00340631 0.000383712 -0.00219908 -0.00379902 -0.00330644 -0.00461498  -0.0010876   1.55166 0.0917492  -9.68506 
             95.6997  0.0803409 -0.0813573  -0.320169  0.0167485 -0.0167914 0.00906662    0.0112583 -0.000581362   0.00137553  -0.010677 -0.0231401  0.0439647 -0.00593222 -0.00822845 -0.00751981 0.000479008 -0.00218592  -0.0038409  -0.00330507  -0.00456928 -0.000895058   1.55166 0.0917448  -9.68506 
             95.7998  0.0898363 -0.0755438  -0.416141  0.0185088 -0.0197789  0.0108287   0.0111505 -0.00073316  0.00139078 -0.0106755 -0.0231384   0.043963 -0.000349895   -0.0122083  -0.00310471 0.000475446 -0.00218892 -0.00377627 -0.00346935 -0.00445806 -0.00107531   1.55168 0.0917284  -9.68506 
             95.8998  0.0857877 -0.0970254   -0.35617  0.0225271 -0.0166712 0.00984112    0.0113897 -0.000986263   0.00143715 -0.0106744 -0.0231402  0.0439636  0.00978781 -0.00253433 -0.00463287 0.000479526 -0.00217672 -0.00381412 -0.00377138 -0.00474636 -0.00101676   1.55172 0.0917674  -9.68505 
             95.9997   0.112581 -0.0555013  -0.361083  0.0211554 -0.0169888  0.0109003    0.0113877 -0.000840231   0.00141838 -0.0106747 -0.0231398  0.0439627  0.00499037 -0.00353944 -0.00216198  0.00046186 -0.00220515  -0.0038112 -0.00359152 -0.00474549 -0.00113019    1.5517 0.0917671  -9.68505 
             96.0996     0.1448 -0.0647016  -0.430215  0.0230216 -0.0160504  0.0124778   0.011461 -0.0009252 0.00143385 -0.0106754 -0.0231383   0.043962  0.00879187 -0.00128045  0.00175943 0.000446006 -0.00219656 -0.00376544 -0.00369277 -0.00483781 -0.00125068   1.55172 0.0917771  -9.68505 
             96.1998   0.250744 -0.0828063  -0.337281  0.0233776 -0.0160566  0.0134183   0.011483 -0.0008913 0.00143148 -0.0106753 -0.0231374  0.0439616  0.00740727 -0.00470037  0.00242421 0.000380401 -0.00218215 -0.00382534 -0.00365037 -0.00486523 -0.00130417   1.55172 0.0917807  -9.68505 
             96.2997  0.0716709 -0.0906589  -0.359919 0.0220875 -0.015268 0.0144973    0.0115293 -0.000785079   0.00141886 -0.0106751 -0.0231382  0.0439628   0.00289743 -0.000800178   0.00512854 0.000500008 -0.00217751 -0.00381077 -0.00352012 -0.00492649 -0.00139777   1.55171 0.0917899  -9.68505 
             96.3996  0.153189 -0.141531 -0.308773  0.0207878 -0.0163739  0.0168091    0.0115053 -0.000692297   0.00142163 -0.0106751 -0.0231372  0.0439646  -0.0019128 -0.00516198  0.00636684 0.000441119 -0.00213866 -0.00384875 -0.00341914 -0.00488947 -0.00148691    1.5517 0.0917848  -9.68505 
             96.4998  0.078681 -0.118057 -0.462597  0.0199284 -0.0172906  0.0200809    0.0114699 -0.000652056   0.00142349 -0.0106746 -0.0231391  0.0439642 -0.00371844 -0.00463233   0.0118295 0.000494518  -0.0021537 -0.00375205 -0.00336383 -0.00485003 -0.00167657    1.5517 0.0917754  -9.68505 
             96.5997  0.186653 -0.144272 -0.406238  0.0192247 -0.0158511  0.0210983    0.0115709 -0.000632417    0.0014197 -0.0106745 -0.0231392  0.0439631 -0.00526811  -0.0026314   0.0114832 0.000425259  -0.0021367 -0.00378817 -0.00334831 -0.00498113 -0.00166661    1.5517 0.0917933  -9.68505 
             96.6996  0.031767 -0.153412 -0.429406  0.0205166 -0.0161986  0.0194675    0.0115559 -0.000729003   0.00142431 -0.0106747 -0.0231374  0.0439628  -0.00209588 -0.000209249   0.00686556 0.000530829  -0.0021293 -0.00377391 -0.00347774 -0.00495331 -0.00147224   1.55171 0.0917929  -9.68505 
             96.7997  0.168441 -0.201353 -0.356736  0.0197929 -0.0173252  0.0229696    0.0115251 -0.000716138   0.00142299 -0.0106746 -0.0231358  0.0439638 -0.00571904 -0.00458621   0.0118528 0.000445416 -0.00209785 -0.00382089 -0.00344745 -0.00490579 -0.00167317   1.55171 0.0917817  -9.68505 
             96.8997 0.0147461 -0.181931 -0.380876  0.0211633 -0.0148274  0.0212529     0.011691 -0.000788862     0.001426 -0.0106739 -0.0231349  0.0439672 -0.000290983   0.00358675    0.0066961 0.000550759 -0.00211037 -0.00380484 -0.00357825 -0.00509657 -0.00151187  1.55173 0.091806 -9.68505 
             96.9996  0.137528 -0.186446 -0.369009  0.0197212 -0.0139787  0.0245381    0.0117082 -0.000757391   0.00141735 -0.0106737 -0.0231335  0.0439672 -0.00543908   0.0020625  0.00952579 0.000463477 -0.00210788 -0.00381193 -0.00351545 -0.00512092  -0.0016379   1.55172 0.0918081  -9.68505 
             97.0998  0.268108 -0.119105 -0.271721  0.0200166 -0.0138802  0.0212268    0.0117181 -0.000767054   0.00141919 -0.0106717 -0.0231376  0.0439676 -0.00241289 -0.00240726  0.00198641 0.000385034 -0.00214443 -0.00387337 -0.00356841 -0.00513806 -0.00133624   1.55173 0.0918152  -9.68505 
             97.1996  0.098198 -0.142075 -0.316673  0.0172567 -0.0161461  0.0201721    0.0116093 -0.000643008   0.00138658 -0.0106712 -0.0231382  0.0439655 -0.00992133 -0.00610783 -0.00027887 0.000499567 -0.00212832 -0.00384094 -0.00340255 -0.00499392 -0.00126014   1.55171 0.0918009  -9.68505 
             97.2998  0.107238 -0.142174 -0.423504  0.0183326 -0.0178862    0.01558    0.0115162 -0.000681601   0.00139245 -0.0106685 -0.0231339  0.0439646 -0.0046505  -0.010198 -0.0109819 0.000494522  -0.0021294 -0.00377043  -0.00351203  -0.00486431 -0.000884166   1.55172 0.0917928  -9.68505 
             97.3997 0.0380964 -0.130738 -0.333525  0.0170703 -0.0191392  0.0122582    0.0115301 -0.000666538   0.00138749 -0.0106683 -0.0231332  0.0439648 -0.00649846 -0.00737078   -0.012182 0.000543475 -0.00213732 -0.00383051  -0.00349496  -0.00488287 -0.000805463   1.55172 0.0917974  -9.68505 
             97.4997  0.135514 -0.140824  -0.37567  0.0178605 -0.0199327  0.0162941    0.0115463 -0.000782334   0.00140505 -0.0106686 -0.0231316  0.0439645 -0.00493986 -0.00880426 -0.00196731 0.000483225 -0.00212811 -0.00380267 -0.00359169 -0.00491089 -0.00117242   1.55173 0.0917946  -9.68505 
             97.5997  0.0188409 -0.0873513  -0.400567  0.0204712 -0.0192058  0.0111073    0.0116117 -0.000895198   0.00142454 -0.0106673 -0.0231286  0.0439671   0.0046164 -0.00383029  -0.0123346 0.000563168 -0.00216022 -0.00378408  -0.00379546  -0.00497918 -0.000807111   1.55175 0.0918098  -9.68505 
             97.6997   0.125758 -0.0861509  -0.424246  0.0206516 -0.0187825 0.00739544     0.011657 -0.000860777   0.00142701 -0.0106672 -0.0231295  0.0439665  0.00379898 -0.00272693  -0.0154119 0.000491376 -0.00216242 -0.00376931  -0.00377424  -0.00503215 -0.000652933   1.55175 0.0918176  -9.68505 
             97.7996   0.0223222 -0.00153682   -0.376445  0.0180036 -0.0173451 0.00711771    0.0117223 -0.000692146   0.00140273 -0.0106676 -0.0231282  0.0439646 -0.00180747  0.00251027  -0.0125285 0.000559957 -0.00221727 -0.00380163  -0.00355481  -0.00512489 -0.000755415   1.55172 0.0918307  -9.68505 
             97.8996 0.0230885 -0.269017 -0.321659  0.0205656 -0.0167123  0.0177152    0.0117161 -0.000945838   0.00142127 -0.0106538 -0.0231324  0.0439581 -0.000827775   0.00395861   0.00715592 0.000558012 -0.00204545 -0.00383795 -0.00375912 -0.00517304 -0.00156713  1.55176 0.091838 -9.68504 
             97.9996   0.193228 -0.0979529  -0.428582   0.022221 -0.0145903  0.0206688   0.0118129 -0.00103556  0.00142604 -0.0106553 -0.0231294  0.0439559  0.0035576 0.00501977  0.0114045 0.000447836 -0.00215626 -0.00376764 -0.00386465 -0.00529914 -0.00170599   1.55177 0.0918532  -9.68504 
             98.0995  0.128595 -0.187032 -0.318038  0.0234309 -0.0150676  0.0214761   0.0117657 -0.00109472  0.00143426 -0.0106561 -0.0231303  0.0439554 0.00428935 0.00269956  0.0101768 0.000497268 -0.00209839 -0.00383805 -0.00393942 -0.00523587 -0.00168208   1.55178 0.0918435  -9.68504 
             98.1997   0.12272 -0.137311 -0.447214  0.0225604 -0.0136108  0.0211657   0.0118249 -0.00101231  0.00142116  -0.010657 -0.0231319   0.043955 0.000252909  0.00503473  0.00872163  0.00050072 -0.00212851 -0.00375494 -0.00384694 -0.00530447 -0.00158519   1.55177 0.0918526  -9.68504 
             98.2996    0.1186 -0.158202 -0.381823  0.0218707 -0.0159414  0.0196323   0.0116863 -0.00097326  0.00141462 -0.0106577 -0.0231317  0.0439546 -0.00142752 -0.00142388  0.00382589 0.000508443 -0.00211606 -0.00379526 -0.00379892  -0.0051157  -0.0014196   1.55176 0.0918288  -9.68504 
             98.3996 0.00100879  -0.121892  -0.390967  0.0218972 -0.0146067  0.0159022    0.0117687 -0.000956211     0.001409 -0.0106568 -0.0231289  0.0439563 -0.000776578   0.00416909   -0.0039508 0.000585393 -0.00213981 -0.00378886 -0.00381425 -0.00518838 -0.00113162   1.55176 0.0918354  -9.68504 
             98.4996 0.0801626 -0.145577 -0.411619  0.0204044 -0.0182733  0.0164657    0.0115271 -0.000880649   0.00138922 -0.0106562 -0.0231292  0.0439567 -0.00520431 -0.00642208 -0.00288033 0.000537344 -0.00212516 -0.00377595 -0.00368613  -0.0048952 -0.00118612   1.55174 0.0918036  -9.68505 
             98.5997  0.153753  -0.10176 -0.338044  0.0190903 -0.0165333  0.0159411    0.0116595 -0.000844247   0.00138257 -0.0106545 -0.0231289  0.0439542 -0.00666647 -0.00277477 -0.00275116 0.000486446 -0.00215337 -0.00382513  -0.0036525 -0.00506437 -0.00117934   1.55174 0.0918251  -9.68505 
             98.6996 0.0416092 -0.155879 -0.387258  0.0163507 -0.0201899   0.018226     0.011464 -0.000784364    0.0013722 -0.010654  -0.02313 0.0439534  -0.0126539 -0.00803711  0.00079361 0.000561593 -0.00212116  -0.0037926 -0.00353177 -0.00483801  -0.0013625   1.55172 0.0918018  -9.68505 
             98.7997  0.142312 -0.119604 -0.418932  0.0178562 -0.0200251  0.0149347    0.0115257 -0.000887007   0.00139062 -0.0106538 -0.0231304  0.0439534 -0.00551121 -0.00729016  -0.0051578 0.000499061 -0.00214799 -0.00376983 -0.00370655 -0.00488931 -0.00110271   1.55174 0.0918033  -9.68505 
             98.8996 0.00212288 -0.0643389  -0.405391  0.0164908 -0.0208195  0.0105173    0.0115277 -0.000822961   0.00137042 -0.0106521 -0.0231285  0.0439525 -0.00587611 -0.00547784  -0.0123268 0.000588986 -0.00218145 -0.00377876  -0.00364987  -0.00486634 -0.000835194  1.55173   0.0918 -9.68505 
             98.9997 -0.0181587 -0.0970812  -0.330489  0.0175872 -0.0211279 0.00801065    0.0115474 -0.000912047   0.00138204  -0.010652 -0.0231295  0.0439523 -0.00133269 -0.00232852  -0.0141711  0.00060272 -0.00216018 -0.00382421  -0.00377749   -0.0048808 -0.000774381   1.55174 0.0917984  -9.68505 
             99.0995  0.0356038 -0.0670154  -0.433543   0.020052 -0.0216689 0.00922857   0.0115268 -0.00105845  0.00140596 -0.0106522 -0.0231275  0.0439525  0.00549737 -0.00324265  -0.0107057 0.000564455 -0.00217861 -0.00375769  -0.00397241  -0.00485949 -0.000904075  1.55177 0.091794 -9.68504 
             99.1996 0.0224651 -0.133837   -0.3375  0.0217454 -0.0209862 0.00926227   0.0115627 -0.00110453  0.00141013 -0.0106512 -0.0231283  0.0439515  0.00629139 0.000752432 -0.00757821 0.000572989 -0.00213614 -0.00382036 -0.00403221 -0.00491977 -0.00100374   1.55178 0.0918024  -9.68504 
             99.2996 0.0337406 -0.106091 -0.363954  0.0208509 -0.0174817  0.0128547   0.0117118 -0.00104276  0.00138378 -0.0106501 -0.0231276  0.0439509  0.00205278   0.0100181 0.000875117 0.000564963 -0.00215214 -0.00380515 -0.00393713 -0.00518342 -0.00131247   1.55177 0.0918471  -9.68504 
             99.3997  0.122578 -0.141566 -0.426774  0.0210441 -0.0170766  0.0132298   0.0116922 -0.00104484  0.00139135 -0.0106497 -0.0231277  0.0439516  0.00180626  0.00790557 0.000461591 0.000505687  -0.0021302 -0.00376336 -0.00393537 -0.00515437 -0.00133408   1.55177 0.0918439  -9.68504 
             99.4995   0.138049 -0.0452557  -0.399799  0.0200411 -0.0150976  0.0167186    0.0116891 -0.000976703   0.00137683 -0.0106513 -0.0231263  0.0439494 0.000733058  0.00780489  0.00678304 0.000498685 -0.00219278  -0.0037786 -0.00383548 -0.00518985 -0.00154011   1.55177 0.0918576  -9.68504 
             99.5995 0.0690533 -0.160986  -0.29653  0.0199715 -0.0138296  0.0158242   0.0117198 -0.00098276  0.00137668 -0.0106516 -0.0231263  0.0439494 -0.00162955  0.00964812  0.00359203 0.000541311 -0.00211943 -0.00384657 -0.00384842  -0.0052166 -0.00144105   1.55177 0.0918573  -9.68504 
             99.6995 0.0521646 -0.144546 -0.392947  0.0211078 -0.0123656   0.017394   0.0117311 -0.00103986  0.00138487 -0.0106518 -0.0231256  0.0439495 0.000497883    0.011439  0.00532881 0.000554862 -0.00212861  -0.0037835 -0.00393149 -0.00524578  -0.0015193   1.55178 0.0918619  -9.68504 
             99.7995 0.0120349 -0.093835 -0.398122  0.0206695 -0.0148792  0.0155889   0.0115787 -0.00101866  0.00139598   -0.01065 -0.0231251  0.0439469 -0.000162187   0.00522175    0.0017871 0.000579867 -0.00216109 -0.00377832 -0.00389533 -0.00501451 -0.00136261   1.55177 0.0918308  -9.68504 
             99.8996  0.199546 -0.188232 -0.383208  0.0243419 -0.0110223  0.0192987   0.0117226 -0.00119382   0.0013977 -0.0106492 -0.0231228  0.0439391 0.00662579 0.00998878 0.00691136  0.00046331 -0.00209829 -0.00378704 -0.00415324 -0.00525185 -0.00159434   1.55181 0.0918613  -9.68504 
             99.9997 0.0508942  -0.11436 -0.432565  0.0208784 -0.0139683  0.0180661    0.011531 -0.00100331    0.001381  -0.010647 -0.0231251  0.0439334 -0.00307009  0.00311949  0.00405869 0.000558499 -0.00214454 -0.00375522  -0.0038712 -0.00498636 -0.00147131   1.55177 0.0918324  -9.68504 
               100.1  0.130839 -0.139867 -0.324418   0.020109 -0.0144207  0.0185926    0.0115032 -0.000983927   0.00138107 -0.0106476 -0.0231246  0.0439335  -0.00516774 -9.59142e-06   0.00407498 0.000507182 -0.00212985 -0.00382444 -0.00384229 -0.00494853 -0.00148237   1.55176 0.0918287  -9.68504 
             100.199 -0.0225732  -0.204117  -0.309243   0.021397 -0.0163457  0.0198589   0.0114018 -0.00108106  0.00140391 -0.0106485 -0.0231263  0.0439301 -0.00313961 -0.00125115  0.00511196 0.000604679 -0.00208995 -0.00383572 -0.00397504 -0.00481842 -0.00153435   1.55178 0.0918114  -9.68504 
             100.299   0.196682 -0.0960693  -0.341478  0.0195233 -0.0149092  0.0177393    0.0114913 -0.000964585   0.00138681 -0.0106476  -0.023128  0.0439262 -0.00641133 3.39532e-05 4.14287e-06 0.00046768 -0.0021589 -0.0038143 -0.00381929 -0.00492865 -0.00136509   1.55176 0.0918249  -9.68504 
               100.4 0.0778141 -0.158403 -0.423268  0.0177527 -0.0172586  0.0171865    0.0113916 -0.000942876   0.00137287 -0.0106456 -0.0231287  0.0439262 -0.00968487 -0.00341036 -0.00149972 0.000549231 -0.00211428 -0.00375652 -0.00379631 -0.00478917 -0.00133126   1.55175 0.0918087  -9.68505 
               100.5   0.13303 -0.107467 -0.354832  0.0161885 -0.0165819  0.0135452    0.0114605 -0.000889838   0.00136442 -0.0106448 -0.0231291  0.0439257 -0.00997945 -0.00275131 -0.00815751 0.000520702 -0.00214768 -0.00379718 -0.00374892 -0.00485901 -0.00109167   1.55175 0.0918138  -9.68505 
             100.599   0.145941 -0.0580058  -0.358295  0.0155684 -0.0197498 0.00999224     0.011344 -0.000883926   0.00135951 -0.0106432 -0.0231291  0.0439259 -0.00794935 -0.00950328  -0.0125468 0.000514389 -0.00217733 -0.00379608  -0.00376211  -0.00466893 -0.000889256   1.55175 0.0917884  -9.68505 
               100.7 -0.0370323 -0.0571074  -0.303378  0.0181259 -0.0182435 0.00718229   0.0114471 -0.00102545  0.00140061 -0.0106418 -0.0231298  0.0439302 0.00123021 -0.0011948 -0.0161076  0.00063269 -0.00217572 -0.00382825  -0.00398626  -0.00480829 -0.000790364   1.55177 0.0918004  -9.68504 
             100.799   0.096351 -0.0218153  -0.394101  0.0202253 -0.0187974 0.00460676   0.0114409 -0.00110909   0.0014217 -0.0106414 -0.0231286  0.0439307  0.00814607 -0.00270527  -0.0171583 0.000549095 -0.00219747 -0.00377137  -0.00411915  -0.00478856 -0.000702903   1.55179 0.0917957  -9.68504 
               100.9  0.0252118 -0.0210383  -0.379208  0.0207174 -0.0163613 0.00361399   0.0115452 -0.00109012  0.00142481 -0.0106419 -0.0231291   0.043932  0.0087519 0.00448505 -0.0156914 0.000599657 -0.00219582  -0.0037789  -0.00408928  -0.00494647 -0.000762478   1.55179 0.0918151  -9.68504 
                 101   0.121856 -0.0106643  -0.378195  0.0213672 -0.0145307 0.00790851 0.0115794 -0.001078 0.0014189 -0.0106419 -0.0231263  0.0439309   0.0089002  0.00632997 -0.00472058 0.000539687 -0.00220377 -0.00377684 -0.00406406 -0.00504796 -0.00115735  1.55179 0.091834 -9.68504 
             101.099   0.151062 -0.0606045  -0.386891  0.0206209 -0.0137902  0.0109203    0.0115683 -0.000995458   0.00140284 -0.0106406 -0.0231247  0.0439322  0.0044683 0.00588649 0.00261912 0.000522066 -0.00217268 -0.00376965 -0.00395273 -0.00506382 -0.00139557   1.55179 0.0918414  -9.68504 
               101.2   0.191866 -0.0462543  -0.390622  0.0187767 -0.0158829  0.0135307    0.0114392 -0.000872979   0.00138626 -0.0106401 -0.0231236   0.043935 -0.000377221  -0.00205835   0.00669982 0.000499619 -0.00218082  -0.0037665 -0.00378388 -0.00490064 -0.00155694   1.55178 0.0918271  -9.68504 
               101.3  0.081101 -0.080629 -0.352843  0.0196416 -0.0171957  0.0142531    0.0113816 -0.000924833   0.00140325 -0.0106405 -0.0231239  0.0439334 0.00179742 -0.0034625 0.00700388 0.000572207 -0.00215881 -0.00378952 -0.00385119  -0.0048211 -0.00155677   1.55179 0.0918173  -9.68504 
             101.399  0.201809   -0.0995 -0.424159  0.0201185 -0.0169467  0.0140835    0.0114048 -0.000956673   0.00141029 -0.0106408 -0.0231238  0.0439329   0.0027294 -0.00380749  0.00565343 0.000501621 -0.00214518 -0.00374219 -0.00389321 -0.00484911 -0.00153349   1.55179 0.0918197  -9.68504 
             101.499  0.0347446 -0.0622011  -0.419696  0.019741 -0.017091 0.0153102      0.01141 -0.000908939   0.00144983 -0.0106412 -0.0231256  0.0439333   0.00159442 -0.000692111    0.0066391 0.000610895 -0.00217307 -0.00374503 -0.00383348 -0.00486069 -0.00154733   1.55179 0.0918215  -9.68504 
               101.6  0.242716 -0.119188 -0.420561  0.0205832 -0.0163316  0.0192614    0.0114706 -0.000918043   0.00145473 -0.0106403 -0.0231238  0.0439318  0.00223291 -0.00329244   0.0116974 0.000479644 -0.00213522 -0.00374495  -0.0038835 -0.00495908 -0.00178046   1.55181 0.0918313  -9.68504 
             101.699 -0.00528842  -0.0782093   -0.387188  0.0206972 -0.0163374  0.0152142    0.0114867 -0.000941923   0.00143593   -0.01064 -0.0231188  0.0439317  0.00300903 0.000674693  0.00255492 0.000632318 -0.00216115  -0.0037653 -0.00387814 -0.00494661 -0.00142628   1.55179 0.0918298  -9.68504 
               101.8  0.137401 -0.109965 -0.340046  0.0180682 -0.0181396  0.0152016    0.0114101 -0.000826487   0.00141245 -0.0106411 -0.0231164  0.0439324 -0.00402444 -0.00502508  0.00250334 0.000545815 -0.00214095 -0.00379334 -0.00368469 -0.00484154 -0.00141444   1.55176 0.0918242  -9.68504 
             101.899 -0.0183373  -0.126374  -0.397381 0.0181244 -0.018957 0.0149587    0.0113872 -0.000850853    0.0014188 -0.0106411  -0.023116  0.0439319 -0.00355382 -0.00303312 0.000603821 0.000644731  -0.0021287 -0.00375787 -0.00371495 -0.00480292 -0.00138549   1.55176 0.0918189  -9.68504 
             101.999  0.0728076 -0.0725199  -0.296247  0.0198836 -0.0168014  0.0133515   0.0115063 -0.00095085  0.00142621 -0.0106385 -0.0231188  0.0439326  0.00355026  0.00225935 -0.00227594 0.000587663 -0.00216429 -0.00382103 -0.00387266 -0.00497402 -0.00125526   1.55178 0.0918341  -9.68504 
             102.099 0.0776311 -0.116347 -0.343388  0.0211761 -0.0145752  0.0144858    0.0115611 -0.000969655   0.00143004 -0.0106387 -0.0231188  0.0439319  0.00314825  0.00615431 0.000835254 0.000584927 -0.00213106 -0.00378627 -0.00391293 -0.00507131 -0.00134681   1.55179 0.0918448  -9.68504 
               102.2   0.179147 -0.0958678  -0.373818  0.0188069 -0.0139964  0.0169192   0.0115698 -0.00083624  0.00140049 -0.0106391 -0.0231186  0.0439311 -0.00435432  0.00556721  0.00569569 0.000532659 -0.00214293 -0.00376402  -0.0037025 -0.00510748 -0.00154206   1.55177 0.0918544  -9.68504 
               102.3  0.0933371 -0.0652762  -0.374588   0.019592 -0.0162892  0.0109417    0.0114801 -0.000897006   0.00139407 -0.0106363 -0.0231177  0.0439314 0.000771316 -0.00036541 -0.00622854 0.000589209 -0.00216163 -0.00376326 -0.00377928 -0.00491852 -0.00112073   1.55177 0.0918264  -9.68504 
             102.399  0.0412044 -0.0645786  -0.402671  0.0188296 -0.0175377  0.0102381    0.0114171 -0.000855348   0.00137883 -0.0106356  -0.023118  0.0439304 -0.00111566 -0.00287507 -0.00694506 0.000623583 -0.00216256 -0.00374483 -0.00371704 -0.00482179  -0.0010749   1.55176 0.0918155  -9.68505 
             102.499 0.0504368 -0.126288 -0.379651  0.0208419 -0.0172877  0.0108085    0.0114363 -0.000940913   0.00140218 -0.0106356 -0.0231183  0.0439289   0.00201171 -0.000363174  -0.00437524 0.000617349 -0.00211539 -0.00376251 -0.00384253 -0.00486046 -0.00118274   1.55177 0.0918204  -9.68504 
             102.599  0.0170945 -0.0785609  -0.352493  0.0215329 -0.0170171 0.00943836    0.0114499 -0.000956515   0.00140478 -0.0106354 -0.0231183   0.043929 0.00488545 0.00154755 -0.0060729 0.000642052 -0.00214561 -0.00377727  -0.0038694 -0.00487092 -0.00111187   1.55177 0.0918202  -9.68504 
             102.699  0.156797 -0.109018 -0.414579   0.020581 -0.0177941 0.00854155    0.0114224 -0.000904086   0.00139761 -0.0106352 -0.0231188  0.0439303  0.00057557 -0.00239601 -0.00674188 0.000554224 -0.00212388 -0.00373866 -0.00378218 -0.00482968 -0.00110616   1.55176 0.0918163  -9.68504 
             102.799  0.00757388 -0.00105777   -0.293832  0.0209143 -0.0151686 0.00683176    0.0115296 -0.000900922   0.00139461 -0.0106328 -0.0231189  0.0439317  0.00370515  0.00588184 -0.00873282 0.000651489 -0.00219235 -0.00381288 -0.00378454 -0.00497719 -0.00103914   1.55176 0.0918308  -9.68504 
             102.899 0.0670103 -0.054193 -0.424302  0.0225873 -0.0169764 0.00822005     0.011431 -0.000957607   0.00139432 -0.0106313 -0.0231177  0.0439318  0.00742206 0.000778183 -0.00502651 0.000618503 -0.00215995 -0.00372878 -0.00386909 -0.00484364 -0.00117611   1.55178 0.0918179  -9.68504 
             102.999  0.0621258 -0.0492121  -0.326186  0.0208806 -0.0131328  0.0113678   0.0115563 -0.00085066  0.00138414 -0.0106298 -0.0231162  0.0439321 0.00186426 0.00861644 0.00158541 0.000626883 -0.00216194 -0.00378892 -0.00369937 -0.00506257 -0.00142401   1.55177 0.0918479  -9.68504 
             103.099 0.0405271 -0.157299 -0.374288  0.0211761 -0.0158322   0.015325    0.0113935 -0.000860551   0.00138228 -0.0106268 -0.0231166  0.0439317 0.000238749  0.00184933  0.00866531 0.000642563 -0.00209581 -0.00375756 -0.00371084  -0.0048443 -0.00167444   1.55178 0.0918292  -9.68504 
               103.2 0.0432094 -0.121896 -0.429021  0.0210591 -0.0157664  0.0164274    0.0113858 -0.000857358   0.00137963 -0.0106267 -0.0231167  0.0439317 -0.000354527   0.00256984   0.00943198 0.000643586 -0.00211411 -0.00372168 -0.00370171 -0.00483421 -0.00169044   1.55178 0.0918285  -9.68504 
               103.3 0.0489751 -0.134561 -0.390943  0.0195382 -0.0189231  0.0192589    0.0112376 -0.000797447   0.00138218 -0.0106268 -0.0231163  0.0439317 -0.00518945 -0.00416643   0.0116478 0.000643566 -0.00210424  -0.0037449 -0.00360028 -0.00461472 -0.00181203   1.55177 0.0918082  -9.68504 
             103.399 0.0709824 -0.118083 -0.417133  0.0211527 -0.0180423  0.0195641     0.011302 -0.000889845   0.00139438 -0.0106268 -0.0231164  0.0439321 0.000412419 -0.00114685  0.00909149 0.000630814 -0.00211678 -0.00372703 -0.00375177 -0.00469951 -0.00174795   1.55179 0.0918133  -9.68504 
             103.499  0.104755 -0.168327 -0.354802  0.0228061 -0.0212179  0.0199059    0.0111899 -0.000969174   0.00141945 -0.0106285 -0.0231178  0.0439326  0.00337916 -0.00853202  0.00659731 0.000612902 -0.00208487 -0.00376333 -0.00387383 -0.00450906 -0.00169935    1.5518 0.0917889  -9.68504 
             103.599 0.0829621 -0.173048 -0.340205  0.0201227 -0.0187015  0.0199682    0.0113146 -0.000835552   0.00137872 -0.0106274 -0.0231165  0.0439327 -0.00490343 -0.00131622   0.0060678 0.000624391 -0.00208135  -0.0037732 -0.00365604 -0.00471572 -0.00167844   1.55177 0.0918157  -9.68504 
               103.7  0.050314 -0.155944 -0.389029  0.0195222 -0.0202429  0.0169075   0.0112857 -0.00083813  0.00138442 -0.0106268 -0.0231157  0.0439322 -0.00465011 -0.00347739 -0.00122738 0.000642051 -0.00209237 -0.00374278 -0.00365981 -0.00462205 -0.00143226   1.55177 0.0917988  -9.68504 
               103.8 0.0556294 -0.130607 -0.336445  0.0198282 -0.0199164  0.0129331    0.0113277 -0.000857251   0.00138475 -0.0106257 -0.0231156  0.0439328 -0.00245249 -0.00176981 -0.00879177 0.000639728 -0.00210709 -0.00377493 -0.00371029 -0.00465786 -0.00115436   1.55177 0.0917957  -9.68504 
             103.899  0.155271 -0.100698 -0.377049  0.0185298 -0.0185226  0.0135227    0.0113808 -0.000820305   0.00137267 -0.0106267 -0.0231151  0.0439306 -0.00471359 0.000112159 -0.00595373 0.000576398 -0.00212607 -0.00374975  -0.0036367 -0.00476803 -0.00125563   1.55176 0.0918114  -9.68504 
             103.999   0.164977 -0.0781248  -0.435331  0.0138136 -0.0223426 0.00981463    0.0112461 -0.000670746   0.00135602 -0.0106228 -0.0231198    0.04393  -0.0143637 -0.00890864   -0.010648 0.000572033 -0.00213844 -0.00371339 -0.00335032 -0.00452395 -0.00106718   1.55173 0.0917847  -9.68505 
               104.1   0.193446 -0.0672895  -0.426927  0.0178843 -0.0222783  0.0101184    0.0112825 -0.000882832   0.00139129 -0.0106232  -0.023119  0.0439315 -0.000690348   -0.0085396  -0.00946079 0.000557578 -0.00214591 -0.00371585 -0.00372743 -0.00457361 -0.00111755  1.55177 0.091785 -9.68504 
             104.199 0.0562856 -0.153296 -0.410973  0.0183485 -0.0236163  0.0122226    0.0112699 -0.000931258   0.00140771  -0.010622 -0.0231212   0.043931 -0.00171687  -0.0067177 -0.00308801 0.000638346 -0.00209338 -0.00372574 -0.00378044 -0.00456555 -0.00132962   1.55178 0.0917846  -9.68504 
             104.299   0.141719 -0.0386023  -0.434725  0.0187722 -0.0203095  0.0108801    0.0114443 -0.000927823   0.00141631 -0.0106216 -0.0231211  0.0439321  0.00118001  0.00127761 -0.00602489 0.000585031 -0.00216244 -0.00371303 -0.00380957 -0.00483245   -0.001234   1.55178 0.0918112  -9.68504 
             104.399  0.0983893 -0.0814295   -0.33827  0.0184279 -0.0208993  0.0113727     0.011426 -0.000919213   0.00141635 -0.0106223 -0.0231209  0.0439318  0.000375876 -0.000534123  -0.00410428 0.000616607  -0.0021366 -0.00377676 -0.00377529 -0.00478639 -0.00132351   1.55178 0.0918063  -9.68504 
               104.5   0.159711 -0.0498355  -0.440745  0.0170539 -0.0205108  0.0107349    0.0114424 -0.000855468   0.00139846 -0.0106224 -0.0231213  0.0439318  -0.00209184 -0.000803009  -0.00376841 0.000579021 -0.00215678  -0.0037149 -0.00367364 -0.00482135 -0.00131334   1.55177 0.0918132  -9.68504 
             104.599 -0.00857041   -0.157004   -0.338366  0.0169901 -0.0204894  0.0136358    0.0114336 -0.000878631    0.0014093 -0.0106207 -0.0231239  0.0439316 -0.00369118  0.00155536  0.00157154 0.000681278  -0.0020926 -0.00377986 -0.00369153 -0.00481763 -0.00152516   1.55178 0.0918111  -9.68504 
             104.699 -0.0107709  -0.124976  -0.370945  0.0172047 -0.0203898  0.0122684    0.0114344 -0.000897113   0.00141331 -0.010621 -0.023123 0.0439314 -0.00216569  0.00290485 0.000163776 0.000679296 -0.00211465 -0.00376083  -0.0037266 -0.00480788 -0.00142235   1.55178 0.0918096  -9.68504 
               104.8  0.0116024 -0.0708994  -0.314128 0.0189712 -0.018409 0.0113629    0.0115304 -0.000982165   0.00142952 -0.0106195 -0.0231245  0.0439328   0.00389729   0.00838222 -0.000645711 0.000666945 -0.00214674 -0.00379478 -0.00387367 -0.00494674 -0.00135052   1.55179 0.0918204  -9.68504 
             104.899  0.179728 -0.110772 -0.385107  0.0214353 -0.0151605  0.0143688   0.0115949 -0.00105883  0.00144537 -0.0106202 -0.0231205  0.0439273 0.00750984 0.00901719 0.00334068 0.000556389  -0.0021208  -0.0037479 -0.00397221 -0.00506005 -0.00152546   1.55181 0.0918304  -9.68504 
             104.999 -0.00319539   -0.104839   -0.383283  0.0227068 -0.0122579  0.0127339   0.0116637 -0.00107625  0.00144702 -0.0106206 -0.0231198  0.0439279   0.00875625    0.0168951 -0.000444932 0.000670173 -0.00212233 -0.00374722 -0.00400357  -0.0051376 -0.00139635   1.55181 0.0918361  -9.68504 
             105.099   0.24222 -0.118722 -0.296956   0.021313 -0.0116299   0.017173    0.0116339 -0.000981306   0.00143258 -0.0106207 -0.0231134  0.0439293 0.00228807  0.0102193 0.00745969 0.000520142 -0.00211439 -0.00379894 -0.00385822 -0.00510592 -0.00168796    1.5518 0.0918362  -9.68504 
             105.199 0.0146852 -0.143928 -0.408489   0.021886 -0.0123845  0.0158637    0.0115591 -0.000997093   0.00143643 -0.0106196 -0.0231122  0.0439275 0.00264389  0.0093217 0.00316476 0.000661326 -0.00209892 -0.00372955 -0.00388288  -0.0049776 -0.00155562    1.5518 0.0918224  -9.68504 
             105.299  0.179398 -0.153806 -0.298523 0.0218729 -0.011708 0.0186893    0.0115803 -0.000994488   0.00142832  -0.010619 -0.0231104  0.0439271 0.00193365 0.00894691 0.00961976 0.000559878 -0.00209353 -0.00379733 -0.00387554 -0.00502359 -0.00176027    1.5518 0.0918275  -9.68504 
             105.399  0.177176  -0.13438 -0.330207  0.0218895 -0.0104203  0.0191672    0.0115806 -0.000986151   0.00142658  -0.010619 -0.0231109  0.0439271 0.000655131  0.00596762  0.00663896 0.000560972 -0.00210413 -0.00377593 -0.00386255 -0.00501552 -0.00169525    1.5518 0.0918264  -9.68504 
             105.499  0.209633 -0.137026 -0.290788   0.0230005 -0.00995899   0.0216541   0.0115743 -0.00103185   0.0014388  -0.010619 -0.0231108  0.0439273 0.00255701 0.00351719   0.010081 0.000544734 -0.00210407 -0.00379594 -0.00393701 -0.00502215  -0.0018097  1.55181 0.091827 -9.68504 
             105.599  0.231309 -0.165509 -0.327741   0.020814 -0.0105154  0.0206638    0.0115581 -0.000938376   0.00141378 -0.0106189 -0.0231119  0.0439277  -0.00460536 -0.000143907   0.00690609 0.000534218 -0.00208399 -0.00377248 -0.00378061 -0.00496996 -0.00169009   1.55179 0.0918214  -9.68504 
             105.699  0.259156  -0.12167 -0.504898  0.0188648 -0.0137854  0.0201075    0.0114505 -0.000883615   0.00139732 -0.0106135 -0.0231156  0.0439273  -0.0080931 -0.00960517  0.00450862 0.000519094 -0.00211059 -0.00366756 -0.00368173  -0.0047837 -0.00161316   1.55178 0.0918028  -9.68504 
             105.799  0.383378 -0.175185  -0.32915 0.0236341 -0.010625 0.0229343  0.0115899 -0.0011011 0.00144967 -0.0106103 -0.0231203  0.0439214 0.00380868 -0.0062836 0.00816892 0.000445549  -0.0020781 -0.00377324 -0.00405674 -0.00506534  -0.0017516   1.55182 0.0918319  -9.68503 
             105.899 0.0650874 -0.123071 -0.367872  0.0234477 -0.0130472  0.0162456   0.0114773 -0.00104755  0.00141117 -0.0106091 -0.0231105   0.043915  0.00363122 -0.00745501 -0.00488253 0.000636316 -0.00210869 -0.00374987 -0.00401688 -0.00489704 -0.00126901   1.55181 0.0918391  -9.68504 
                 106  0.129163 -0.154869 -0.397612  0.0220872 -0.0165329  0.0183595   0.0114028 -0.00100275  0.00140597 -0.0106088 -0.0231123   0.043913 -0.00116226  -0.0147641 -0.00130188 0.000597673 -0.00208986  -0.0037306 -0.00390504 -0.00475308 -0.00144554    1.5518 0.0918145  -9.68504 
             106.099 0.00442605  -0.152856  -0.388434  0.0225677 -0.0177659  0.0172677   0.0113958 -0.00102481  0.00140655 -0.0106088 -0.0231114  0.0439129 -0.000411146   -0.0120197  -0.00329962 0.000673547 -0.00209098  -0.0037346 -0.00394947 -0.00474964 -0.00138397   1.55181 0.0918179  -9.68504 
             106.199  0.146763 -0.177683 -0.387236  0.0193193 -0.0183788  0.0194653    0.0114464 -0.000917953   0.00139947 -0.0106083 -0.0231099  0.0439138 -0.00981293  -0.0127064 0.000890281 0.000586535 -0.00207704 -0.00373499 -0.00373479 -0.00480632 -0.00155804   1.55178 0.0918155  -9.68504 
             106.299 0.0571834 -0.127517  -0.32428  0.0161508 -0.0184543  0.0168553    0.0114605 -0.000822912   0.00138387 -0.0106074 -0.0231075  0.0439132  -0.0150206 -0.00905742 -0.00363152 0.000639996 -0.00210677 -0.00377262 -0.00357634 -0.00486179 -0.00139233   1.55177 0.0918333  -9.68504 
               106.4  0.130335 -0.139652 -0.373277  0.0164597 -0.0188857  0.0133723    0.0114689 -0.000877911   0.00138359 -0.0106072 -0.0231085  0.0439127  -0.0104856  -0.0089552 -0.00992921 0.000595557  -0.0020986 -0.00374412 -0.00370792 -0.00489912 -0.00119446   1.55179 0.0918431  -9.68504 
             106.499 0.0227315 -0.115838 -0.309065  0.0162484 -0.0169807  0.0133727     0.011567 -0.000907743   0.00137784 -0.0106062 -0.0231093  0.0439136  -0.00927444 -0.000942278  -0.00775338 0.000665102 -0.00211108 -0.00377929 -0.00376387 -0.00506893 -0.00125671   1.55179 0.0918574  -9.68504 
             106.599  0.219828 -0.118919 -0.473035   0.018277 -0.0185394  0.0130789    0.011538 -0.00101765  0.00139097  -0.010605 -0.0231043  0.0439155 -0.00258242 -0.00677119 -0.00777822 0.000548492 -0.00211061 -0.00368008 -0.00396817 -0.00499528 -0.00127889   1.55181 0.0918467  -9.68504 
             106.699 0.0248105 -0.106375 -0.369769  0.0194564 -0.0156729   0.012947   0.0116609 -0.00108078  0.00140638 -0.0106047  -0.023105  0.0439195 0.000643706  0.00340253 -0.00589357 0.000665673 -0.00211965 -0.00374212 -0.00406653 -0.00520679 -0.00132229   1.55182 0.0918661  -9.68503 
             106.799  0.222168 -0.120289 -0.312708  0.0210101 -0.0168047  0.0178651   0.0116337 -0.00116491   0.0014096 -0.0106053 -0.0231011   0.043921  0.00336505 -0.00358638  0.00325258 0.000548571 -0.00211128 -0.00377739 -0.00417505 -0.00514697 -0.00167534   1.55183 0.0918554  -9.68503 
               106.9 0.0632739  -0.14297 -0.337706  0.0219739 -0.0143756  0.0162853  0.0117308 -0.0011737 0.00140989 -0.0106052 -0.0231008  0.0439223   0.0039625  0.00428836 0.000259693  0.00064611 -0.00209784 -0.00376236  -0.0042186 -0.00530676 -0.00155156  1.55184 0.091871 -9.68503 
                 107   0.204395 -0.0857093  -0.372839  0.0185557 -0.0143316   0.015384   0.0117247 -0.00102075   0.0013885 -0.0106051 -0.0231027  0.0439208 -0.00462736 0.000697495 -0.00164391 0.000562739 -0.00213208 -0.00374213 -0.00394397 -0.00529595 -0.00150162   1.55181 0.0918714  -9.68504 
             107.099  0.201154 -0.100165 -0.347844   0.019744 -0.0138104  0.0111787   0.0117434 -0.00106464  0.00139665  -0.010605 -0.0231042  0.0439207 0.000864995 0.000880397  -0.0103526 0.000564448 -0.00212394 -0.00375783 -0.00405673 -0.00532417 -0.00121127   1.55182 0.0918755  -9.68503 
             107.197   0.166962 -0.0534381  -0.323691  0.0194469 -0.0133028  0.0111188   0.0117607 -0.00105055  0.00139488 -0.0106053 -0.0231041  0.0439205 0.000552499  0.00101128 -0.00794358 0.000587306 -0.00215269 -0.00377236 -0.00402713 -0.00535504 -0.00127345  1.55182 0.091878 -9.68504 
             107.299  0.0998018 -0.0506192  -0.341508  0.0176005 -0.0164113 0.00839529     0.011654 -0.000976968   0.00137566 -0.0106048  -0.023104  0.0439174 -0.00258272 -0.00572526  -0.0114357 0.000630153 -0.00215387 -0.00376026 -0.00389442 -0.00515548  -0.0011866    1.5518 0.0918591  -9.68504 
             107.399   0.161362 -0.0444204  -0.397911  0.0187725 -0.0156467 0.00883729   0.0117051 -0.00102619  0.00138867 -0.0106056 -0.0231034  0.0439177  0.00147427  -0.0040446 -0.00802502 0.000594138 -0.00215874 -0.00372711 -0.00398717 -0.00525262 -0.00128321   1.55181 0.0918676  -9.68504 
             107.499  0.128705 -0.114719 -0.406051  0.0194782 -0.0179166  0.0114727   0.0116432 -0.00105329   0.0014006 -0.0106039 -0.0231036  0.0439169  0.00133864 -0.00816737 -0.00180023  0.00061473 -0.00211614 -0.00372083 -0.00403125 -0.00514339 -0.00149058   1.55182 0.0918536  -9.68503 
             107.599   0.161771 -0.0221436  -0.372041  0.0213956 -0.0150424 0.00941698   0.0117732 -0.00112422  0.00140637 -0.0106028 -0.0231045  0.0439176  0.00766643 -0.00103509 -0.00465046 0.000594066 -0.00217106 -0.00374032 -0.00415336 -0.00536747 -0.00135981   1.55183 0.0918771  -9.68503 
               107.7   0.224314 -0.0525857   -0.38315  0.0219351 -0.0152606 0.00760237   0.0117775 -0.00110403  0.00140059 -0.0106029  -0.023105  0.0439176  0.00791259 -0.00430483 -0.00755287 0.000557466 -0.00215185 -0.00373355 -0.00411971  -0.0053744 -0.00128916   1.55182 0.0918793  -9.68503 
               107.8    0.015853 -0.00900599   -0.414666  0.0203396 -0.0151443 0.00782533    0.0117769 -0.000995797   0.00138145 -0.0106031 -0.0231063  0.0439169   0.00396345 -0.000125287  -0.00524366 0.000688071 -0.00217733 -0.00371348 -0.00394957 -0.00538225 -0.00135096   1.55181 0.0918808  -9.68504 
               107.9   0.121868 -0.0947931  -0.344431  0.0212176 -0.0140689  0.0106765   0.0118315 -0.00100429  0.00138492 -0.0106012 -0.0231068  0.0439164  0.00415698 0.000789083 0.000175413 0.000624341 -0.00212421  -0.0037564 -0.00398481 -0.00546648 -0.00156142   1.55183 0.0918817  -9.68503 
             107.999  0.127164 0.0107335 -0.341382   0.019804 -0.0123758 0.00773041    0.0118799 -0.000932546   0.00136888    -0.0106 -0.0231058   0.043915  0.00271068  0.00413037 -0.00371967 0.000625912 -0.00218678  -0.0037552 -0.00385051 -0.00555843 -0.00137247   1.55181 0.0918978  -9.68504 
               108.1  0.316357 -0.142258 -0.404815  0.0213362 -0.0136936   0.014754    0.0118563 -0.000982273   0.00138181 -0.0105939  -0.023095  0.0439155  0.00341918 -0.00151539   0.0103496 0.000512609  -0.0020941 -0.00371843 -0.00396188 -0.00548292 -0.00189671  1.55185 0.091875 -9.68503 
             108.199   0.194353 -0.0831973  -0.395092  0.0213461 -0.0127513  0.0160421    0.0118981 -0.000948833   0.00141791 -0.0105946 -0.0230962   0.043916  0.00303921 -0.00152644   0.0100995 0.000596961 -0.00213797 -0.00372437 -0.00391794 -0.00555633 -0.00186518   1.55184 0.0918827  -9.68503 
             108.299  0.205003 -0.148062 -0.446156  0.0216484 -0.0177479  0.0195654    0.0117349 -0.000969905   0.00143053 -0.0105919 -0.0230963  0.0439151 0.000761055   -0.013441   0.0146722 0.000597569 -0.00209512 -0.00369265 -0.00392927 -0.00526685 -0.00202708   1.55185 0.0918514  -9.68503 
               108.4 0.0806877 -0.109428  -0.41416  0.0222674 -0.0153045   0.018945    0.0118619 -0.000976584   0.00141774 -0.0105916 -0.0230952  0.0439195    0.002518 -0.00394059   0.0109355 0.000673745 -0.00211733 -0.00371177 -0.00396166 -0.00548144  -0.0018987   1.55185 0.0918742  -9.68503 
             108.499  0.204294 -0.114611 -0.326924  0.0209127 -0.0164717  0.0188316    0.0118345 -0.000924915   0.00140553 -0.0105922 -0.0230937  0.0439195 -0.00170758 -0.00827256  0.00893922  0.00060126 -0.00211339 -0.00376084 -0.00385917 -0.00544454 -0.00183043  1.55183 0.091876 -9.68503 
               108.6  0.132979 -0.138346 -0.437563  0.0235261 -0.0150921  0.0176718   0.0119219 -0.00101312  0.00142844 -0.0105936 -0.0230908  0.0439204  0.00491146 -0.00321536  0.00445779 0.000643206 -0.00210055 -0.00369275 -0.00404468 -0.00557277  -0.0017012   1.55185 0.0918863  -9.68503 
               108.7  0.247296 -0.138412 -0.341996  0.0208964 -0.0156508  0.0194088   0.0119161 -0.00089712  0.00140071 -0.0105938 -0.0230874  0.0439203 -0.00365157 -0.00705823  0.00667087 0.000575789 -0.00210153 -0.00374999 -0.00382931 -0.00556442 -0.00180345   1.55183 0.0918873  -9.68503 
             108.799  0.202657 -0.129398  -0.36882  0.0210635 -0.0139769  0.0172883    0.0119893 -0.000899194   0.00139553 -0.0105934 -0.0230875  0.0439205 -0.00224987 -0.00273929  0.00190118 0.000600076 -0.00210814 -0.00373242 -0.00386478 -0.00570615  -0.0016313   1.55184 0.0919058  -9.68503 
               108.9 0.0669512 -0.128988 -0.376422  0.0193267 -0.0157716  0.0155672   0.0119205 -0.00085279   0.0013763  -0.010593 -0.0230864  0.0439178 -0.00644074 -0.00509847 -0.00225872 0.000676716 -0.00210662 -0.00372806 -0.00375796 -0.00559003 -0.00151287   1.55182 0.0919026  -9.68503 
             108.999   0.12679 -0.108332 -0.339613  0.0226121 -0.0116758  0.0153248    0.0120773 -0.000966591   0.00140629 -0.0105919 -0.0230877    0.04392  0.00311737  0.00386882 -0.00187648 0.000644926 -0.00211951 -0.00374828 -0.00402298 -0.00588558 -0.00151194  1.55185 0.091925 -9.68503 
             109.099  0.0289399 -0.0688699  -0.442243  0.0191572 -0.0171687  0.0132081    0.0118581 -0.000852106   0.00135999 -0.0105871 -0.0230904  0.0439142  -0.0055188 -0.00687311 -0.00587715 0.000706351 -0.00214105 -0.00368642 -0.00376062  -0.0054918 -0.00139168   1.55182 0.0918974  -9.68503 
             109.199 0.0103343 -0.105793 -0.372102  0.0233051 -0.0143315  0.0102897    0.0119631 -0.000989377   0.00138802 -0.0105865 -0.0230916  0.0439141  0.00540599  0.00252341 -0.00933974 0.000722022 -0.00211972 -0.00372651 -0.00407193 -0.00569852  -0.0012483   1.55185 0.0919176  -9.68503 
             109.299   0.147586 -0.0874577  -0.422294  0.0227958 -0.0156439  0.0117767    0.0119229 -0.000970486   0.00137607 -0.0105863 -0.0230905  0.0439159  0.00301082 -0.00281687 -0.00612555 0.000639914 -0.00213094 -0.00369787 -0.00400128 -0.00561893 -0.00139799   1.55184 0.0919083  -9.68503 
               109.4  0.148781 -0.160355 -0.315687  0.0225203 -0.0147254   0.013415    0.0119624 -0.000962402    0.0013781 -0.0105846 -0.0230888  0.0439153 0.000350595  -0.0012719 -0.00281668 0.000644194 -0.00208667 -0.00376201 -0.00397104 -0.00570018 -0.00153774   1.55184 0.0919147  -9.68503 
               109.5   0.209204 -0.0463961  -0.370189 0.0208622 -0.016305 0.0120344    0.0119196 -0.000899369   0.00135456 -0.0105843 -0.0230896   0.043915 -0.00228925 -0.00654372 -0.00430435 0.000610334  -0.0021534 -0.00372726 -0.00384392 -0.00561763 -0.00147308   1.55183 0.0919097  -9.68503 
               109.6  0.157187 -0.104694 -0.337379    0.02128 -0.0149643  0.0142432    0.0119776 -0.000928404   0.00136959 -0.0105836 -0.0230894  0.0439149 -0.00164174 -0.00289753 8.37127e-05 0.000641145 -0.00212058 -0.00374729 -0.00389316 -0.00574832 -0.00163766   1.55184 0.0919205  -9.68503 
             109.699   0.216295 -0.0306157  -0.372385 0.0213698 -0.013286 0.0139444    0.0120443 -0.000927728    0.0013733  -0.010584 -0.0230894  0.0439142  0.000348524 -9.07662e-05  0.000714315 0.000606817 -0.00216442 -0.00372676 -0.00390067 -0.00588105 -0.00161933   1.55184 0.0919327  -9.68503 
               109.8   0.106019 -0.0660155  -0.315816  0.0199382 -0.0148431   0.013825    0.0119884 -0.000871728    0.0013538 -0.0105847 -0.0230886  0.0439127 -0.00429561 -0.00361216 0.000167269 0.000671271 -0.00214112  -0.0037616 -0.00377784 -0.00575868 -0.00161158   1.55183 0.0919217  -9.68503 
             109.899   0.269375 -0.0896634  -0.365236   0.019572 -0.0162514  0.0136558    0.0119765 -0.000884649   0.00138093 -0.0105845 -0.0230891  0.0439136 -0.00417804 -0.00910262 0.000979079  0.00056848 -0.00212491 -0.00373003 -0.00379063 -0.00572532 -0.00159885   1.55183 0.0919183  -9.68503 
                 110   0.236491 -0.0577599  -0.373043  0.0185735 -0.0159894  0.0145322    0.0120357 -0.000865003   0.00138201  -0.010585 -0.0230892  0.0439133 -0.00390575 -0.00847507  0.00237132 0.000595925 -0.00214161 -0.00372288 -0.00375578 -0.00583465 -0.00164556   1.55183 0.0919264  -9.68503 
               110.1  0.272394 -0.104251 -0.369588  0.0187878 -0.0143991  0.0160471    0.0121327 -0.000889908   0.00140163 -0.0105851  -0.023089  0.0439128 -0.00299347 -0.00666396  0.00345934  0.00057589 -0.00211483 -0.00372469 -0.00380095 -0.00600162 -0.00172766   1.55184 0.0919368  -9.68503 
             110.199  0.210631 -0.134254 -0.342951  0.0201644 -0.0116797  0.0170504    0.0122501 -0.000951861   0.00143083 -0.0105845 -0.0230895  0.0439139  0.000460639 -0.000308816   0.00495613  0.00061572 -0.00209716 -0.00373916 -0.00391277 -0.00620632 -0.00176673   1.55185 0.0919516  -9.68503 
               110.3  0.252011 -0.123023 -0.349461  0.0174305 -0.0144694  0.0164004    0.0121634 -0.000857254   0.00139929 -0.0105848 -0.0230892  0.0439139  -0.0057444 -0.00931135  0.00192775 0.000594695 -0.00210159 -0.00373532  -0.0037361 -0.00605044 -0.00170365   1.55183 0.0919427  -9.68503 
             110.399  0.103807 -0.182496 -0.288275  0.0199038 -0.0165249  0.0198535    0.0121358 -0.000975148    0.0014337 -0.0105842 -0.0230933  0.0439107 -0.000821445   -0.0109474   0.00673079 0.000678529 -0.00206922 -0.00377183 -0.00394914 -0.00598881 -0.00189197   1.55185 0.0919242  -9.68503 
             110.499  0.225399 -0.145724 -0.269729  0.0182689 -0.0170923  0.0182925    0.0121382 -0.000920784   0.00142262 -0.0105841 -0.0230927  0.0439102 -0.00508979  -0.0127203  0.00323137  0.00060786 -0.00209275 -0.00378058 -0.00383865 -0.00601166  -0.0017626   1.55184 0.0919355  -9.68503 
               110.6  0.232826 -0.150823 -0.369513  0.0171782 -0.0184771  0.0180697    0.0121418 -0.000904791   0.00141813 -0.0105844 -0.0230932  0.0439101 -0.00658909  -0.0148779  0.00179356 0.000602497 -0.00209081  -0.0037209 -0.00380585 -0.00602396 -0.00173049   1.55184 0.0919386  -9.68503 
             110.699  0.282758 -0.049546 -0.245776  0.0143629 -0.0181639   0.011317    0.0121356 -0.000823785   0.00137961 -0.0105799 -0.0230934  0.0439063 -0.00988533  -0.0142375  -0.0100652 0.000573845 -0.00214868 -0.00379281  -0.0036399 -0.00611722 -0.00130545   1.55181 0.0919765  -9.68503 
               110.8   0.308183 -0.0986776  -0.399768  0.0179008 -0.0178146  0.0120178    0.0121515 -0.000965742   0.00142988  -0.010582 -0.0230861  0.0439062 0.000861315  -0.0128675 -0.00879216 0.000563746 -0.00211841 -0.00370141 -0.00396316 -0.00617917 -0.00136491   1.55184 0.0919849  -9.68503 
             110.899   0.138287 -0.0371947  -0.288756   0.019148  -0.016571 0.00657252    0.012198 -0.00100706  0.00141321 -0.0105787 -0.0230839   0.043913  0.00625873 -0.00704789  -0.0152798 0.000670867 -0.00215853 -0.00377187 -0.00401576 -0.00634949 -0.00113552   1.55184 0.0920195  -9.68503 
                 111  0.284851 -0.050736 -0.376951  0.0184176 -0.0170106 0.00676064    0.0122535 -0.000970092   0.00140371 -0.0105794 -0.0230843  0.0439127 0.00266761  -0.010437 -0.0114057 0.000588614 -0.00214865 -0.00371692 -0.00391768 -0.00641672 -0.00126562   1.55183 0.0920122  -9.68503 
               111.1   0.231825 -0.0201179  -0.356415  0.0193694 -0.0157647 0.00478949     0.012311 -0.000991046   0.00140951 -0.0105793 -0.0230843  0.0439133  0.00572508 -0.00701139   -0.012818  0.00062196 -0.00216675 -0.00372902 -0.00395799 -0.00655657 -0.00121773   1.55183 0.0920293  -9.68503 
               111.2   0.232517 0.00770756  -0.385091  0.0193216 -0.0165328 0.00583592    0.0122993 -0.000984246   0.00141045 -0.0105795 -0.0230844  0.0439132  0.00584795 -0.00915744  -0.0104165 0.000622496 -0.00218297 -0.00371198 -0.00394498 -0.00650882 -0.00130263   1.55183 0.0920186  -9.68503 
             111.299   0.130199 -0.0455255  -0.309071   0.018703 -0.0181397 0.00887307    0.0123908 -0.000983196   0.00146298 -0.0105783 -0.0230861   0.043915  0.00288245 -0.00973088 -0.00271868 0.000688925 -0.00215009 -0.00376367 -0.00385214 -0.00652129 -0.00156222   1.55183 0.0919941  -9.68503 
             111.399  0.177688 -0.066388 -0.252952  0.0164108 -0.0202165  0.0103422    0.0123924 -0.000891156   0.00143086 -0.0105784 -0.0230837  0.0439171  -0.00292772   -0.0146052 -0.000575422 0.000660424 -0.00213969 -0.00379695 -0.00367715 -0.00647197 -0.00167492  1.55182 0.091979 -9.68503 
               111.5   0.196656 -0.0344166  -0.329539  0.0145659 -0.0186847 0.00965861    0.0124912 -0.000846456   0.00141203 -0.0105791 -0.0230841   0.043917  -0.00539126  -0.00950857 -0.000878923 0.000651361 -0.00215839 -0.00374713 -0.00357956 -0.00665818 -0.00163992   1.55181 0.0919945  -9.68503 
             111.599  0.155435 -0.107923 -0.344871  0.0178364 -0.0195481  0.0126974    0.0124843 -0.000951994   0.00146336  -0.010578 -0.0230831   0.043914   0.0027875 -0.00991709  0.00368269 0.000678421 -0.00211638 -0.00373548 -0.00382088 -0.00666433  -0.0018221  1.55184 0.091992 -9.68503 
               111.7   0.288614 -0.0303875  -0.487588 0.0151213  -0.02036 0.0112059    0.0125007 -0.000872304   0.00142531 -0.0105786 -0.0230891  0.0439122 -0.00265431  -0.0127201 0.000872968 0.000596518 -0.00216304 -0.00365182 -0.00362579 -0.00669447 -0.00171542   1.55182 0.0919948  -9.68503 
               111.8   0.189209 -0.0523525   -0.36099   0.013714 -0.0239396  0.0101045     0.012432 -0.000844822    0.0014127 -0.0105798 -0.0230885  0.0439114 -0.00408101  -0.0189596 -0.00221466 0.000659231  -0.0021499 -0.00372637  -0.0035492 -0.00654334 -0.00164585   1.55181 0.0919838  -9.68504 
               111.9    0.14597 -0.0874055  -0.342306  0.0173146 -0.0171138 0.00771285    0.0126543 -0.000970656   0.00142023  -0.010574 -0.0230908  0.0439199   0.00538627 -6.75077e-05  -0.00565381 0.000690485 -0.00212855 -0.00373329 -0.00380962 -0.00705456 -0.00151219   1.55182 0.0920356  -9.68503 
                 112  0.122195 -0.127428 -0.272409  0.0153708 -0.0158141  0.0123974    0.0127349 -0.000866741   0.00140987 -0.0105711 -0.0230889  0.0439216 -0.00162476   0.0025797  0.00363818 0.000704509 -0.00210685 -0.00377474 -0.00363515 -0.00716858 -0.00184139   1.55183 0.0920287  -9.68503 
               112.1 0.0175406 -0.119644 -0.274944  0.0154721 -0.0141119  0.0135594    0.0127774 -0.000866019   0.00141822 -0.0105701 -0.0230899  0.0439236 -0.0017922 0.00742335 0.00611878 0.000766997 -0.00211084   -0.003773 -0.00365352  -0.0072579 -0.00189096   1.55183 0.0920338  -9.68503 
             112.199  0.04945  -0.1526 -0.22113  0.0166464 -0.0112191  0.0169669    0.0128475 -0.000901684   0.00141901 -0.0105674  -0.023092  0.0439235 -0.000345723    0.0129918    0.0108033 0.000751096 -0.00209123 -0.00380398 -0.00375058 -0.00741538  -0.0020648   1.55185 0.0920399  -9.68503 
             112.299  0.0310414 -0.0432952  -0.285339  0.0184732 -0.0103657 0.00795194   0.0127828 -0.00096373  0.00141737  -0.010563 -0.0230893  0.0439251  0.00786783   0.0116429 -0.00686503 0.000758212 -0.00215721 -0.00376328 -0.00382643  -0.0072782 -0.00148747   1.55183 0.0920479  -9.68503 
             112.399   0.0128096 -0.00912221   -0.257768  0.0200738 -0.0118616 0.00305102    0.0127098 -0.000978008   0.00141824 -0.0105611 -0.0230892  0.0439261  0.0125807   0.007406 -0.0136476 0.000764912 -0.00217586 -0.00377839 -0.00387116 -0.00710525 -0.00123479   1.55183 0.0920375  -9.68503 
             112.499   0.104244 -0.0205308  -0.331297  0.0162307 -0.0173697 0.00468678    0.0125839 -0.000790642   0.00138806 -0.0105571 -0.0230923  0.0439311  0.00196556    -0.00687 -0.00974734 0.000713047  -0.0021678 -0.00373419  -0.0035555 -0.00676717 -0.00140542   1.55183 0.0919958  -9.68503 
               112.6  0.0443134 -0.0600938  -0.284928  0.0175005 -0.0165151 0.00758809    0.0125928 -0.000823994   0.00139668 -0.0105571 -0.0230916  0.0439307   0.0038925 -0.00288846 -0.00289348 0.000745831 -0.00214376 -0.00376253  -0.0036287 -0.00685806 -0.00162522   1.55184 0.0920103  -9.68503 
               112.7  0.264924 -0.108704 -0.304343  0.0156472 -0.0166752  0.0107632   0.0126139 -0.00076558  0.00137416 -0.0105563 -0.0230885  0.0439314 -0.00163098 -0.00722635   0.0012887 0.000617464 -0.00211407 -0.00374869 -0.00349561 -0.00690473 -0.00182299   1.55183 0.0920118  -9.68503 
               112.8 -0.0886545 -0.0393756  -0.217944  0.0170747 -0.0146823 0.00990953    0.0126612 -0.000827202   0.00137141 -0.0105551 -0.0230892  0.0439355  0.00404023  0.00361266 4.71895e-05 0.000822761 -0.00215436 -0.00379933 -0.00358756 -0.00702174 -0.00176751  1.55183 0.092025 -9.68503 
               112.9 0.0611802 -0.154416  -0.35129  0.0198772 -0.0134561  0.0116264     0.012648 -0.000914199   0.00137644 -0.0105561 -0.0230865   0.043932 0.00964007 0.00561407 0.00266287  0.00073764 -0.00208578 -0.00371756  -0.0037933 -0.00710125 -0.00186919   1.55185 0.0920467  -9.68503 
             113.001   0.127053 0.00758867  -0.303603  0.0190264 -0.0106679  0.0126652    0.0127467 -0.000876306   0.00130676  -0.010557 -0.0230852  0.0439278 0.00728238  0.0096287 0.00534799 0.000698685 -0.00218408  -0.0037459 -0.00367579 -0.00724737 -0.00191883   1.55183 0.0920525  -9.68503 
               113.1   0.139858 -0.0815559   -0.30457  0.0216015 -0.0108616  0.0175138    0.0126694 -0.000879726   0.00132535 -0.0105567 -0.0230839  0.0439283 0.00872671 0.00567138  0.0122485 0.000695073 -0.00213119 -0.00374519 -0.00376847 -0.00715672 -0.00212582   1.55185 0.0920572  -9.68503 
             113.201  0.147769  -0.13029 -0.398708  0.0162378 -0.0137124  0.0230444    0.0126033 -0.000665371   0.00130759 -0.0105538 -0.0230873  0.0439313 -0.00680873 -0.00276796   0.0183746 0.000692766 -0.00210234 -0.00368819 -0.00337784 -0.00697161  -0.0023669   1.55185 0.0920289  -9.68503 
               113.3  0.175957 -0.179437  -0.39504  0.0155324 -0.0183176  0.0279461    0.0124595 -0.000627766   0.00133596 -0.0105522 -0.0230865   0.043932 -0.00997343   -0.013145   0.0238127 0.000675203 -0.00207384 -0.00368882 -0.00337778 -0.00671401 -0.00254873   1.55187 0.0920135  -9.68503 
             113.401 0.069335 -0.34552 -0.35119  0.0173063 -0.0181183  0.0307107    0.0124804 -0.000726174    0.0013538 -0.0105516 -0.0230878  0.0439286 -0.00832782 -0.00833342   0.0233536 0.000739744 -0.00197899 -0.00371444 -0.00357807 -0.00679622  -0.0025568   1.55188 0.0920268  -9.68502 
               113.5  0.146053 -0.196312 -0.418164  0.0167309 -0.0174143   0.026957   0.0125644 -0.00073985  0.00135066  -0.010551 -0.0230881  0.0439292 -0.00789216 -0.00555541   0.0130524 0.000694916 -0.00206521 -0.00367469 -0.00358374 -0.00688157 -0.00222377   1.55187 0.0920277  -9.68502 
             113.601 0.0617467 -0.221925 -0.403605   0.017038 -0.0154302  0.0239821    0.0126654 -0.000770114   0.00135449 -0.0105502  -0.023087  0.0439317 -0.0062194 0.00182272 0.00606815 0.000744897 -0.00205298 -0.00368268 -0.00366359  -0.0070183 -0.00197732  1.55187 0.092035 -9.68502 
               113.7 0.0663794 -0.297716  -0.33597  0.0171861 -0.0148992  0.0249513    0.0126763 -0.000791809   0.00136665 -0.0105497 -0.0230877  0.0439317 -0.00788236  0.00303479  0.00632177 0.000740929 -0.00200803 -0.00372158 -0.00370786 -0.00705029 -0.00201784   1.55188 0.0920372  -9.68502 
               113.8  0.209284 -0.225887 -0.346164  0.0190603 -0.0145643  0.0250524    0.0126902 -0.000865622   0.00139892 -0.0105493 -0.0230895  0.0439337 -0.00269584  0.00180483  0.00618622 0.000656892 -0.00205302 -0.00371615 -0.00387818 -0.00706845 -0.00198969   1.55189 0.0920354  -9.68502 
             113.901  0.170145 -0.112351 -0.373835  0.0138703 -0.0154771  0.0218512   0.0126496 -0.00066292  0.00130357 -0.0105466 -0.0230902  0.0439231  -0.0136064 -0.00216179 -0.00158322 0.000679143 -0.00211545 -0.00369906 -0.00350946 -0.00697847 -0.00177072   1.55187 0.0920356  -9.68503 
             113.999  0.210051 -0.195488 -0.360526  0.0138034 -0.0160023  0.0187064    0.0126694 -0.000702868    0.0013332 -0.0105464 -0.0230911  0.0439232  -0.0106275 -0.00529229 -0.00822415 0.000658203 -0.00206352  -0.0037053 -0.00365955 -0.00698828 -0.00162915   1.55189 0.0920329  -9.68502 
               114.1   0.216365 -0.0617227  -0.389176  0.0141503 -0.0166917   0.016573    0.0126725 -0.000713534   0.00134168 -0.0105457 -0.0230909  0.0439241 -0.00516229 -0.00749504  -0.0107754 0.000656189 -0.00214238 -0.00368559 -0.00372262 -0.00698175 -0.00155052   1.5519 0.092032 -9.68502 
             114.201  0.105511 -0.209827 -0.315342  0.0189342 -0.0161589  0.0181687    0.0126891 -0.000867794   0.00139678 -0.0105455 -0.0230945  0.0439195  0.00638093 -0.00400922 -0.00625171 0.000725766 -0.00205699 -0.00372635 -0.00409627 -0.00703882  -0.0016598   1.55192 0.0920303  -9.68502 
               114.3 0.0352125 -0.152657 -0.347292  0.0178441 -0.0152087  0.0162085    0.0127227 -0.000816319   0.00137326 -0.0105458 -0.0230948  0.0439211  0.00175827 0.000763384 -0.00868984 0.000773134  -0.0020918 -0.00370463 -0.00398136 -0.00711025 -0.00162846   1.55192 0.0920379  -9.68502 
             114.401 0.0859798 -0.237388 -0.333777  0.0199911 -0.0124116  0.0190307    0.0127857 -0.000896133   0.00138118 -0.0105448 -0.0230957  0.0439195 0.00317193 0.00664544 -0.0029852 0.000747079 -0.00204329 -0.00371282 -0.00413273 -0.00728988 -0.00183593   1.55192 0.0920469  -9.68502 
             114.501  0.099928 -0.118075  -0.39243  0.0215458 -0.0123134  0.0176992    0.0127711 -0.000911017   0.00139195 -0.0105443 -0.0230951  0.0439202 0.00695195 0.00281874 -0.0048186 0.000741221 -0.00211298 -0.00367669 -0.00419192 -0.00724835 -0.00177791   1.55193 0.0920443  -9.68502 
             114.601  0.111649 -0.163182 -0.367589   0.019988 -0.0121843  0.0149473    0.0127677 -0.000849173   0.00137266 -0.0105442 -0.0230956  0.0439204 0.00115499 0.00366303 -0.0095042 0.000727362 -0.00208181 -0.00368889 -0.00405636 -0.00722358 -0.00165285  1.55192 0.092044 -9.68502 
               114.7   0.242482 -0.0287443  -0.350215  0.0189295 -0.0125722    0.01628    0.0127594 -0.000828937   0.00136062 -0.0105456 -0.0230938  0.0439195  0.00016655 -0.00130559 -0.00585186 0.000648222 -0.00215973  -0.0036981 -0.00397611 -0.00720203 -0.00178277   1.55191 0.0920415  -9.68502 
               114.8 -0.0272791 -0.0438401  -0.339889  0.0171298 -0.0126228  0.0117055    0.0127625 -0.000768348   0.00133027 -0.0105448 -0.0230909  0.0439187 -0.00238891  0.00165196  -0.0124311  0.00080796 -0.00214922 -0.00370184 -0.00385074 -0.00717637   -0.001556   1.55191 0.0920409  -9.68502 
             114.901   0.344025 -0.0618316  -0.283361 0.0181785 -0.012597 0.0145354    0.0127744 -0.000803383   0.00132628 -0.0105447 -0.0230885  0.0439179 -0.000105012  -0.00497396   -0.0054319  0.00059538 -0.00213793 -0.00373399 -0.00394309 -0.00721275 -0.00178195   1.55191 0.0920424  -9.68502 
             115.001   0.0129516 -0.00944242   -0.322892  0.0162497 -0.0149049  0.0144233    0.0127107 -0.000745212   0.00133696 -0.0105446 -0.0230897  0.0439137 -0.00407177 -0.00747165 -0.00550855 0.000789841 -0.00216758 -0.00371168  -0.0037946 -0.00704892 -0.00179166    1.5519 0.0920287  -9.68502 
             115.101  0.107197 -0.158347 -0.236882   0.016482 -0.0160446  0.0145937    0.0127127 -0.000772172   0.00133452 -0.0105447 -0.0230915  0.0439117 -0.00382007 -0.00860625 -0.00489128 0.000734243 -0.00207978 -0.00376314 -0.00386879   -0.007067 -0.00184493   1.55191 0.0920306  -9.68502 
             115.201  0.0225149 -0.0919517  -0.277054  0.0168182 -0.0134973  0.0133385    0.0127884 -0.000794778   0.00133145 -0.0105454  -0.023091  0.0439133  -0.00183201 -0.000158551  -0.00714104 0.000792071 -0.00211671 -0.00373761 -0.00389444 -0.00725199 -0.00176677    1.5519 0.0920465  -9.68502 
             115.301  0.163865 -0.174998 -0.296682  0.0187718 -0.0121791  0.0201576   0.0128282 -0.00084724  0.00146009 -0.0105443 -0.0230921   0.043908 -0.00112879 -0.00126064  0.00335047 0.000684165 -0.00204893 -0.00372466 -0.00405584 -0.00736582 -0.00216334  1.55192 0.092053 -9.68502 
             115.401  0.260919 0.0223525 -0.320517  0.0194638 -0.0095005  0.0207735    0.0128967 -0.000866033   0.00145382 -0.0105458 -0.0230918  0.0439049 0.00508042 0.00121645 0.00458826 0.000631388 -0.00216271  -0.0037095 -0.00407043 -0.00754981 -0.00217758  1.55191 0.092068 -9.68502 
             115.501  0.218165 -0.164323 -0.377003  0.0191368 -0.0126646  0.0220613    0.0128336 -0.000843955   0.00143289 -0.0105435 -0.0230919  0.0439065  0.00132267 -0.00733208  0.00514538 0.000653921 -0.00205642 -0.00367648 -0.00404024 -0.00735895 -0.00222701   1.55192 0.0920506  -9.68502 
             115.601   0.106351 -0.0459085  -0.409433  0.0199374 -0.0143996  0.0192819    0.0128003 -0.000849874    0.0014261 -0.0105423 -0.0230904   0.043906  0.00467528 -0.00816189 0.000675186 0.000714607 -0.00212524 -0.00365764 -0.00406143 -0.00729753 -0.00204356   1.55192 0.0920515  -9.68502 
             115.701  0.136864 -0.165184 -0.438165  0.0194409 -0.0146835  0.0201127    0.0128192 -0.000837158   0.00143381 -0.0105422 -0.0230907  0.0439067 4.43895e-05 -0.00763372  0.00184498 0.000698766 -0.00205547 -0.00364165 -0.00402029 -0.00733509   -0.002091   1.55192 0.0920516  -9.68502 
               115.8  0.0568694 -0.0645943  -0.385278  0.0184401 -0.0172614  0.0139484   0.0127444 -0.00081525  0.00142632  -0.010542 -0.0230877  0.0439043 -4.83527e-05   -0.0104153  -0.00895904 0.000747081 -0.00211357 -0.00367232 -0.00395089  -0.0072053  -0.0017366   1.55191 0.0920521  -9.68502 
             115.901 0.0457899 -0.214067 -0.448892  0.0164826 -0.0193154  0.0197583    0.0127421 -0.000783899   0.00142258 -0.0105387 -0.0230903  0.0439058 -0.00781639  -0.0134871  0.00163604 0.000758327 -0.00202849 -0.00363278 -0.00384926 -0.00716465 -0.00211782  1.55191 0.092039 -9.68502 
             116.001  0.079163 -0.303651 -0.326072  0.0166192 -0.0182484   0.027268    0.0128331 -0.000820422   0.00141713 -0.0105313 -0.0230919  0.0439045  -0.0117287 -0.00559432   0.0138089 0.000743709 -0.00197602 -0.00370245 -0.00392287 -0.00731772 -0.00253135   1.55192 0.0920391  -9.68502 
             116.101 0.0665375 -0.245142 -0.253588  0.0145679 -0.0156395  0.0292352    0.0129242 -0.000758495    0.0013964 -0.0105272 -0.0230887  0.0439039  -0.0171634 -0.00122766   0.0170888 0.000746391 -0.00201332 -0.00374444 -0.00377269 -0.00751406  -0.0026557   1.55192 0.0920552  -9.68502 
             116.201  0.247904 -0.279658  -0.28309  0.0135117 -0.0126368  0.0371115    0.0130205 -0.000827589   0.00137464 -0.0105226 -0.0230846   0.043896 -0.0196596 0.00347396  0.0270164 0.000633578 -0.00199368 -0.00372251 -0.00381746 -0.00773009 -0.00300095   1.55192 0.0920653  -9.68502 
             116.301  0.169179 -0.283988 -0.283357 0.00972296 -0.0124485   0.038179     0.013014 -0.000772392   0.00136627 -0.0105229 -0.0230844  0.0438959 -0.0268864 0.00291673  0.0245161 0.000681425  -0.0019872  -0.0037226 -0.00369962 -0.00771936 -0.00292138   1.55191 0.0920678  -9.68502 
             116.401  0.394801 -0.315935 -0.265004 0.00731719 -0.0118983  0.0437208    0.0130466 -0.000846324   0.00137784 -0.0105225 -0.0230841  0.0438935  -0.0274141 -0.00444787   0.0238346 0.000554798 -0.00196425 -0.00373537 -0.00387332 -0.00780154 -0.00298004   1.55193 0.0920716  -9.68502 
             116.501  0.369183 -0.293901 -0.224555 0.00587883 -0.0147315  0.0441207    0.0129782 -0.000857753   0.00138695 -0.0105223 -0.0230849  0.0438952 -0.0278955 -0.0139104  0.0207812 0.000566653 -0.00197984 -0.00375613 -0.00396674 -0.00768419  -0.0028578   1.55194 0.0920684  -9.68501 
               116.6  0.357691 -0.294116 -0.207191 0.00683126 -0.0172037  0.0399141    0.0128963 -0.000859228   0.00140168 -0.0105214 -0.0230854  0.0438966 -0.0230234 -0.0199126  0.0131356 0.000583208 -0.00197696 -0.00376479  -0.0041591 -0.00761283   -0.002526   1.55198 0.0920849  -9.68501 
             116.701  0.556292 -0.194454  -0.21585 0.00638829 -0.0164642  0.0381129     0.012935 -0.000855696   0.00140571 -0.0105206 -0.0230868  0.0438956 -0.0198785 -0.0230629 0.00815343 0.000473022 -0.00203549 -0.00375907 -0.00419308 -0.00773687 -0.00238997   1.55199 0.0921036  -9.68501 
             116.801  0.678953 -0.102727 -0.168867 0.00818046 -0.0155098  0.0273195     0.012862 -0.000775626   0.00142869 -0.0105134 -0.0230954  0.0438974  -0.0118716  -0.0226364 -0.00627845 0.000397739 -0.00209369 -0.00378626 -0.00431949 -0.00784021 -0.00179626   1.55204 0.0921652    -9.685 
               116.9  0.670857 -0.104759  -0.18031 0.00508332 -0.0151988  0.0269428    0.0129514 -0.000823021   0.00147221 -0.0105135 -0.0230958   0.043897 -0.0838593 -0.0232958  0.0661222 0.000385008 -0.00210505 -0.00377926 -0.00440246 -0.00806899 -0.00170647   1.55204 0.0921936    -9.685 
             117.001   1.02538 -0.282108 -0.760884 0.00172242 -0.0158369  0.0356225   0.0130906 -0.00112596  0.00162982 -0.0105169 -0.0230819  0.0438918  -0.154622 -0.0592809    0.13612 0.000119721 -0.00218263 -0.00415587 -0.00454146 -0.00819503 -0.00193345   1.55201 0.0921776    -9.685 
             117.099  0.664983 -0.268129  -1.43678 -0.00350761  -0.0121076   0.0319437   0.0138228 -0.00121382  0.00347764 -0.0105775  -0.023037   0.043903  -0.136877 -0.0573046   0.185587 0.000512905 -0.00288836 -0.00428492 -0.00478216 -0.00843391 -0.00117693   1.55207 0.0922317  -9.68499 
               117.2  1.79079 -2.62081 -2.65123  0.0209817 -0.0134705  0.0652457   0.0156558 -0.00612398  0.00659516 -0.0107558 -0.0227585  0.0433969  0.0865303 -0.0660866   0.277868 0.000611692 -0.00390185 -0.00411048  -0.00540039  -0.00867665 -0.000575201  1.55183 0.092143 -9.68503 
               117.3  3.18762 -6.74141 -6.15164  -0.016443 -0.0122201  0.0895541  0.0145938  0.0161403 0.00876395 -0.0107847 -0.0234311  0.0440919   -0.087797 -0.00838563    0.357322 0.000632793 -0.00171991 -0.00456721 -0.00541644 -0.00814699 -0.00085532   1.55347 0.0929942  -9.68476 
             117.401  3.75885 -6.35735 -7.65841 -0.0476004 -0.0103072   0.135177  0.0120755  0.0303358 0.00685781 -0.0107942 -0.0237629  0.0443837  -0.13594 0.0376843  0.461794 0.000446755 -0.00189538 -0.00473482   -0.0056324  -0.00755483 -0.000896172   1.55446 0.0940875  -9.68459 
               117.5  3.73271 -5.94945 -9.58446 -0.0652503  -0.010283   0.174829 0.00782363  0.0344888 0.00686231 -0.0108106 -0.0238563  0.0443573 -0.133353 0.0234298  0.487935 -0.000271706  -0.00233288  -0.00435159  -0.00561912  -0.00709034 -0.000528336   1.55477 0.0951769  -9.68453 
               117.6  2.59664 -5.83122 -10.4978 -0.0739912  -0.012285   0.186577 0.00445698  0.0279345  0.0124772 -0.0108655 -0.0237915  0.0442898  -0.132683 -0.0215589   0.462029 -0.000723111  -0.00241538  -0.00389306 -0.00398566 -0.00604543  0.00133234   1.55524 0.0964186  -9.68444 
             117.701 0.959984 -6.13856 -10.3065 -0.0859154 -0.0127327   0.206085 0.00136719  0.0332098 0.00678684 -0.0108525  -0.023718  0.0442381  -0.135324 -0.0385059   0.468597 -0.000440702   -0.0025947   -0.0037029 -0.00375697  -0.0051692  0.00162331   1.55599 0.0979466  -9.68431 
               117.8 -0.181536  -5.78187  -10.1176 -0.0979541 -0.0171797   0.227022 -0.00573244   0.0358212  0.00786959 -0.0108787 -0.0235907  0.0440838  -0.115711 -0.0437353   0.459552 0.000211606  -0.0031685 -0.00353391 -0.00381509 -0.00418676  0.00190827  1.55601 0.099889 -9.68428 
               117.9 0.459955 -6.99745 -9.66293  -0.115535 -0.0120714   0.293247 0.00921276  0.0459652 -0.0222737 -0.010609 -0.023546  0.044208 -0.0958632  -0.084252   0.375436 -1.80039e-05  -0.00282443  -0.00343577 -0.000992527  -0.00351557    0.0027916   1.56041 0.0996048  -9.68358 
             118.001   0.6969 -8.70531 -7.66189   -0.141869 -0.00776853    0.303792 0.000776403   0.0607821  -0.0578057  -0.01027  -0.02291 0.0442451 -0.112658 -0.128559  0.285433 -0.000213917  -0.00296453  -0.00333792  0.00428568 0.000739496  0.00459879  1.56686 0.106827 -9.68246 
               118.1 -0.0656171   -8.58217   -7.00011   -0.16489 -0.0198484   0.331557 -0.0134281  0.0654277 -0.0519284 -0.0103113 -0.0226033  0.0442202 -0.111651  -0.14088  0.266616 0.000322741 -0.00337198 -0.00329912  0.0036989 0.00312029 0.00426079  1.56629 0.111281  -9.6825 
             118.201 -1.22629 -8.52448 -6.44962  -0.189918 -0.0261405   0.363599 -0.0244917   0.075403 -0.0583171 -0.0102348 -0.0223791  0.0441733 -0.103384 -0.109656  0.237616  0.00107285 -0.00348389  -0.0035049 0.00369037 0.00513767 0.00385512  1.56716 0.115515 -9.68231 
             118.301 -1.87808 -9.70666 -6.36023  -0.199598 -0.0222143   0.389629 -0.0216829  0.0878634 -0.0902623 -0.0101318  -0.022426  0.0442175 -0.0874327 -0.0703827   0.217071  0.00116819 -0.00283801 -0.00354375 0.00468068 0.00391034 0.00378918  1.57025 0.115318 -9.68181 
             118.401 -4.06154 -9.82861 -6.53279 -0.202083 -0.021871  0.393806 -0.0259712  0.0790208 -0.0905781  -0.010144 -0.0223522  0.0442406  0.0039109 0.00304132   0.145191  0.00215914  -0.0030392 -0.00363727 0.00759017 0.00425751 0.00487875  1.57153 0.116427 -9.68159 
             118.499 -4.52113 -10.0667 -6.53724 -0.199796 -0.014136  0.408201 -0.0246357  0.0847565  -0.106279 -0.0101621  -0.022384  0.0442674 0.0462112 0.0607373 0.0934572  0.00195705 -0.00259856  -0.0039323 0.00752939  0.0035094 0.00474128   1.5725 0.116143 -9.68144 
             118.601 -7.38119 -10.1426 -7.17934  -0.202717 -0.0152781   0.420319 -0.0227612  0.0836913 -0.0842485 -0.0101286 -0.0224819  0.0441614 -0.00896602   0.0860946   0.0391465  0.00243117 -0.00161651 -0.00346777 0.00532428 0.00427503 0.00411135  1.57014 0.115632 -9.68183 
               118.7 -7.39631   -9.262 -7.08915  -0.213489 -0.0046186   0.419359  -0.032387   0.076547 -0.0847075 -0.0101079 -0.0225416  0.0441053 -0.0123639    0.08915   0.017254  0.00148664 -0.00155089 -0.00346635 0.00778143 0.00498461 0.00456002  1.57078 0.118176 -9.68169 
               118.8 -9.94356 -8.64377 -7.66942   -0.21001 0.00998961   0.432596 -0.0316486  0.0876269 -0.0929491 -0.0101786   -0.02259  0.0441358 0.0642167  0.168956 0.0781822  0.00233063 -0.00229154 -0.00330144 0.00545345 0.00554632 0.00377703  1.57029 0.118929 -9.68176 
             118.901 -11.0434 -8.80491 -6.86941  -0.22153 0.0261916  0.450739 -0.0409664  0.0902093 -0.0836565 -0.0102318 -0.0227101  0.0440547 0.0259341  0.198555  0.125095  0.00224253 -0.00248011 -0.00372521 0.00459064 0.00764283 0.00307402  1.56907 0.122519 -9.68192 
                 119 -11.3108 -9.57595  -6.8005 -0.228267 0.0639839  0.497245 -0.0403536   0.109041 -0.0867933 -0.0102874 -0.0227969  0.0440452 0.0191759  0.295422  0.169159  0.00240751 -0.00291607 -0.00378764 6.32839e-05  0.00996579  0.00148068  1.56745 0.124953 -9.68215 
               119.1 -11.5086 -14.4012 -6.27943 -0.223646 0.0789683  0.537166 -0.0365357   0.127587 -0.0675386 -0.0101649 -0.0227875  0.0440727  0.185225  0.282766 0.0926166  0.00281466 -0.00369304 -0.00501118  -0.00702607    0.0142537 -0.000647782  1.56345 0.127645 -9.68276 
             119.201 -13.3035 -15.2944 -11.0805 -0.239928 0.0661869  0.544589 -0.0469248   0.114743  0.0107492 -0.00980499    -0.02314   0.0442324  0.156372  0.233431 0.0712229  0.00220981 -0.00351474 -0.00443953  -0.00820254    0.0169262 -0.000992347  1.55959 0.129127 -9.68336 
               119.3 -12.9957 -16.2059 -10.3556 -0.221596  0.110168    0.5542 -0.0501109   0.116082  0.0441857 -0.00970835   -0.023377   0.0443943   0.197613   0.296845 0.00686148  0.00191806 -0.00283079 -0.00499336 -0.00966046   0.0190382 -0.00149591  1.55799 0.130669  -9.6836 
               119.4 -12.0548 -16.1192 -13.9706 -0.237099  0.115136  0.570773 -0.0540908   0.107573   0.140984 -0.00938009  -0.0236028   0.0444688   0.109322   0.255181 -0.0159183  0.00123961 -0.00213169 -0.00420342  -0.0136121   0.0244867 -0.00262298   1.5522 0.133326 -9.68449 
             119.499 -12.8511  -17.285 -13.8974 -0.231094  0.117126  0.578733 -0.0540612  0.0938314    0.21195 -0.00926224  -0.0236362   0.0445947   0.155435    0.27032 -0.0300051  0.00181004 -0.00263238 -0.00392103   -0.016039   0.0273696 -0.00311225  1.54742 0.133477 -9.68526 
               119.6 -13.3849 -17.6976 -13.9171 -0.215022  0.131952  0.578323 -0.0553839  0.0756831   0.278938 -0.0092621 -0.0236601  0.0446783   0.220939   0.342238 -0.0678832  0.00260028 -0.00301358 -0.00362672  -0.0172724   0.0292968 -0.00325397  1.54308 0.133109 -9.68595 
               119.7 -15.2521 -16.0014 -15.1599   -0.209 0.171383  0.56029 -0.066928  0.056108  0.327009 -0.00924078  -0.0236054   0.0444914   0.209453   0.484119 -0.0736919  0.00275104  -0.0027984 -0.00389553  -0.0146331   0.0296031 -0.00259113   1.5421 0.133855  -9.6861 
             119.799 -17.8502 -14.7422 -17.3374 -0.208921  0.213373  0.568384 -0.0654278   0.054586   0.389191 -0.00924936  -0.0235804   0.0441798   0.143476   0.643422 -0.0584764   0.0028516 -0.00212213 -0.00401158  -0.0198593   0.0355769 -0.00379175  1.53658 0.137366 -9.68693 
               119.9 -19.8308 -13.8067 -19.8783 -0.226108  0.192282   0.56612 -0.0803201  0.0138969   0.489434 -0.00898991  -0.0234222   0.0437081  0.0973857   0.580371 -0.0688643  0.00235871 -0.00219818 -0.00399036  -0.0188051   0.0368111 -0.00330106  1.53051 0.137666 -9.68788 
                 120 -17.4701 -14.2431 -20.7096 -0.238266  0.223489  0.559705 -0.0911156 -0.0203076   0.578181 -0.0087067 -0.0234317  0.0435054 0.0400596  0.493529 -0.111404 0.000999621 -0.00208899 -0.00361666  -0.0196512   0.0389263 -0.00329006  1.52373  0.13846 -9.68894 
               120.1 -20.8139 -16.1873 -24.7765 -0.236869  0.261653  0.534521   -0.09524 -0.0559324   0.609787 -0.00848027  -0.0231729    0.043447 -0.0714763   0.232342  -0.087823 0.000500043 -0.00186693 -0.00472686  -0.0166524   0.0333289 -0.00221537  1.52081 0.132295 -9.68948 
               120.2 -25.1426 -18.9109 -37.7737 -0.251598  0.259573   0.56466 -0.0700218 -0.0294004   0.629589 -0.00799568  -0.0229944     0.04321 -0.0948359  0.0928947 -0.0840345  0.00100598 -0.00135483  -0.0054343  -0.0309229   0.0460418 -0.00537197  1.51145 0.139689 -9.69085 
               120.3 -26.5832 -18.9025 -45.8656 -0.247812   0.25107  0.560158 -0.0710403 -0.0490576   0.626975 -0.00784562  -0.0225647   0.0432836 -0.0816807  0.0722887  -0.094787  0.00133144 -0.00113132 -0.00567579  -0.0303199   0.0413896 -0.00498778  1.50883 0.135118 -9.69132 
               120.4 -26.6864 -18.6567 -46.3027 -0.254918  0.248513  0.537873 -0.0647638 -0.0514847   0.627054 -0.00774072  -0.0223695   0.0433013 0.0275514 0.0406355 -0.228487  0.00127039 -0.00111377 -0.00581099  -0.0330563   0.0422623 -0.00548389  1.50581 0.134768 -9.69179 
               120.5 -27.4843 -11.7567 -58.5767 -0.238479  0.256567  0.530209 -0.0302235 -0.0154812   0.603426 -0.00809593   -0.022427   0.0433437  0.144454  0.105855 -0.276122   0.0017595 -0.00101551 -0.00630008  -0.0390958   0.0500341 -0.00690364   1.5061 0.137246 -9.69171 
               120.6 -26.5433 -8.11252  -64.234 -0.226526  0.239279  0.534992  0.0167853 -0.0208937   0.601023 -0.00840369  -0.0221787    0.044147  0.127498  0.111058 -0.287301   0.00237413 -0.000965642  -0.00597807  -0.0550858    0.060616 -0.00973386  1.48977 0.139303 -9.69421 
               120.7 -26.3167 -5.54666 -66.9081 -0.221828  0.242251  0.516299  0.0385656 -0.0208716   0.609996 -0.00863006  -0.0221546   0.0443879 0.0479519  0.136311 -0.307575  0.00252739 -0.00112362 -0.00612484 -0.0626882  0.0684894 -0.0111308   1.4824 0.142973 -9.69528 
               120.8 -25.4544 -4.76368 -69.5817 -0.220972  0.245884  0.487545  0.0349343 -0.0281129   0.609574 -0.00873355  -0.0222592    0.044403 -0.0028449   0.113842  -0.369061  0.00178497 -0.00171082 -0.00641427 -0.0640452  0.0672016 -0.0113169  1.47983 0.142315 -9.69569 
               120.9 -25.5006 -3.61088 -71.5456 -0.213158  0.226743   0.46945  0.0169928 -0.0833255   0.571199 -0.00903581  -0.0227049   0.0445766 0.00354075  0.0636235  -0.406699  0.00125273 -0.00212521 -0.00626206 -0.0688988   0.050895 -0.0115785  1.46565 0.130138 -9.69801 
                 121 -25.7841 -3.59343 -72.0658 -0.213361  0.230967  0.386508 0.0191429 -0.110572  0.553593 -0.00924421  -0.0228665   0.0446679 -0.00583147    0.113622   -0.383423  0.00135198 -0.00205368 -0.00611189 -0.0737254  0.0470141  -0.012159  1.45631 0.126284 -9.69947 
               121.1 -26.1333 -3.83735 -77.7399 -0.212049  0.229982  0.363964 0.0540408 -0.107146   0.51965 -0.00932558  -0.0229571   0.0445339 -0.0510049  0.0729214  -0.251246 0.000829409 -0.00192403  -0.0060424 -0.0788601  0.0463668 -0.0130715  1.45189 0.120562  -9.7002 
               121.2 -25.5885 -4.88338 -80.0084 -0.196169   0.22266  0.349883 0.0630767 -0.109057  0.480775 -0.00943123  -0.0231638   0.0442794 -0.0200189  0.0545435  -0.241558 0.000955049 -0.00167043 -0.00622413 -0.079736 0.0335867 -0.013133  1.45062 0.107519 -9.70055 
             121.299 -25.7704 -4.96511 -80.8576 -0.195691   0.22148  0.329849 0.0418938 -0.101332  0.504245 -0.00936621  -0.0231677   0.0443782 -0.0266004  -0.101852  0.0652656  0.00125899 -0.00170191 -0.00594172  -0.075132  0.0335919 -0.0123811  1.45643 0.110562 -9.69964 
             121.399 -21.1289 -2.63132  -86.248 -0.176694   0.20993   0.33691 0.0770867 -0.074551  0.493291 -0.0093051 -0.0231814  0.0441742 0.0550096 -0.036235 0.0947277  0.00157022 -0.00202338 -0.00651959 -0.0729969   0.031244 -0.0122553  1.46305  0.10263 -9.69873 
               121.5  -19.5211 -0.431774  -90.3148 -0.16919 0.186694 0.344986  0.081424 -0.137095  0.425871 -0.00948879  -0.0232483    0.044248  0.107772 0.0522204   0.15616  0.00220682 -0.00144264 -0.00532307 -0.0846655  0.0238821  -0.013825  1.44099 0.096295  -9.7021 
               121.6 -16.5078  2.37993  -93.943 -0.158704  0.207097  0.372538  0.0926311 -0.0993307   0.456512 -0.00938874   -0.023197   0.0442024 0.118135  0.14369 0.191107  0.00112853 -0.00241714  -0.0053474 -0.0801095  0.0311273 -0.0133068   1.4519 0.100734 -9.70043 
               121.7 -15.4284  3.01083  -95.403 -0.156683  0.236733  0.381958 0.0159397 -0.103482   0.48553 -0.00941202  -0.0232697   0.0442925 0.101939 0.202276 0.200735 0.000962714 -0.00289808  -0.0050756  -0.076876  0.0299349 -0.0124462  1.45433 0.111816 -9.69994 
             121.799 -15.4671   2.8509 -94.7622  -0.1577 0.265751  0.39757 -0.0378703   -0.10442   0.500443 -0.00954422  -0.0231967   0.0443753 0.0128595  0.217797  0.248872  0.00056375 -0.00341169 -0.00483269 -0.0751022  0.0288707 -0.0118901  1.45589 0.119502 -9.69962 
               121.9 -15.3453  2.59874   -93.83 -0.174352  0.282471  0.417347 -0.104478 -0.144983  0.480669 -0.00986456  -0.0232178   0.0442333 -0.0652883   0.174308   0.330652 0.000353197 -0.00362672  -0.0041551  -0.079826  0.0243462 -0.0121466  1.44438 0.126876 -9.70124 
                 122 -15.9286  2.89761 -92.1012 -0.190092  0.285839  0.446324  -0.11815 -0.184746  0.449937 -0.00996381  -0.0233629   0.0439733 -0.148829  0.153991  0.429432 0.000462408 -0.00296066  -0.0044345 -0.0856911  0.0152769 -0.0127828  1.43186  0.12121 -9.70317 
               122.1 -15.8341  3.95166 -91.3597 -0.189489  0.278065  0.481638 -0.0497842  -0.198458   0.429416 -0.00966595  -0.0235424   0.0439085 -0.160793   0.13164    0.4826 0.000302392 -0.00235584 -0.00500118 -0.0886112 0.00374437  -0.013405  1.42661 0.099028  -9.7042 
               122.2 -15.6934  5.17559 -92.1068 -0.194729  0.269867  0.518793 -0.0202243   -0.21907   0.408749 -0.00950521   -0.023503   0.0438995 -0.156132 0.0998918  0.475219 0.000531148 -0.00268802  -0.0047384  -0.0919141 -0.00913749   -0.013807   1.41985 0.0821003  -9.70535 
             122.299 -15.5606  5.13522 -92.1901 -0.195513  0.262609  0.549116 0.0159811 -0.223563  0.403087 -0.00941248   -0.023418   0.0439275 -0.158561 0.0603787  0.463243 0.000555369 -0.00304599 -0.00469943 -0.0928824 -0.0174541 -0.0139837   1.41813 0.0680782  -9.70571 
               122.4 -15.1314  4.96718  -91.744 -0.20125 0.252999 0.595962 0.0486264 -0.224653  0.401373 -0.00934611  -0.0233198   0.0439401   -0.146601 -0.00831468    0.461455  0.00047922 -0.00331772 -0.00455647 -0.0934526 -0.0255728 -0.0140741   1.41741 0.0547459   -9.7059 
               122.5  -14.171  5.21883 -90.9085 -0.193933  0.255113  0.634875 0.0623366 -0.188713  0.431299 -0.00940275  -0.0232705   0.0440506 -0.0986266 -0.0201513   0.430067  0.00102048 -0.00349257 -0.00419338 -0.0878635 -0.0309103 -0.0132167   1.42899 0.0465059  -9.70424 
               122.6 -12.1569  4.89201 -89.6061 -0.186781  0.265335  0.675921 0.0631517 -0.150642   0.46255 -0.00948204  -0.0232477   0.0441119 -0.0396546 -0.0283844   0.344044  0.00159597 -0.00328954 -0.00436919 -0.0814296 -0.0311482 -0.0123074   1.44174 0.0453634  -9.70236 
               122.7 -9.46095  4.87461 -88.8934 -0.175197  0.265023  0.697753 0.0870416 -0.128055  0.481166 -0.00951829   -0.023187   0.0440626 -0.0123127 -0.0404547   0.274577  0.00176621 -0.00333897 -0.00440608 -0.0778215 -0.0323561 -0.0119536   1.44912 0.0396971  -9.70129 
               122.8 -7.50975  5.31828 -88.8615 -0.170295  0.268066   0.72974  0.119646 -0.111505  0.493658 -0.00956366  -0.0230507   0.0440505  0.0138851 -0.0459636   0.219572  0.00171708 -0.00338637 -0.00406631 -0.0744424 -0.0262413 -0.0119674   1.45521 0.0398098  -9.70037 
               122.9 -4.34258  4.88962 -87.6817 -0.157756  0.265226  0.759497   0.156834 -0.0927021   0.507467 -0.00956678  -0.0228104   0.0439061  0.0462092 -0.0614283   0.144543   0.0011699 -0.00291068 -0.00428611 -0.0713389 -0.0237835 -0.0119778   1.46144 0.0355692  -9.69945 
                 123 -1.96124   4.7288 -87.0019 -0.144623  0.250578  0.773175   0.170045 -0.0807358   0.514956 -0.00960508  -0.0227523   0.0438068 0.00858085  -0.112953 0.00335639  0.00109133 -0.00295967 -0.00436492 -0.0694959 -0.0248696 -0.0118476   1.46529 0.0321016  -9.69888 
               123.1  1.48601  2.68538 -86.5561 -0.139144  0.245692   0.75444   0.142916 -0.0711228   0.515648 -0.00979498  -0.0229548   0.0437928 -0.00826368  -0.0931475  -0.0486335 0.000704538 -0.00232845 -0.00418552 -0.0668717 -0.0303192 -0.0109043   1.46952 0.0314117  -9.69825 
               123.2  1.56186  3.60922 -86.0799 -0.144255  0.243236  0.757026   0.130887 -0.0675031    0.50329 -0.0097976 -0.0230503  0.0437533 0.00128651  -0.130472 -0.0382024 0.000860475 -0.00308126 -0.00432459 -0.0643429 -0.0261178 -0.0107021   1.47249 0.0378551  -9.69777 
               123.3  1.67027  3.80029 -86.0133 -0.14789 0.242764 0.746104   0.102373 -0.0663517   0.487783 -0.00979909  -0.0231237   0.0436976 -0.000148667    -0.143911   -0.0572946 0.000558232  -0.0033117 -0.00443272  -0.0616535  -0.0254246 -0.00992043   1.47523 0.0437705  -9.69733 
               123.4 0.957286  3.48238 -86.4223 -0.147152  0.244731  0.721807 0.0629249 -0.059223  0.463811 -0.00988771  -0.0231411   0.0437625 0.00640614 -0.0866825 -0.0574598 0.000445741 -0.00293192 -0.00449007 -0.0568622 -0.0267604 -0.0084351  1.48105 0.049801 -9.69642 
               123.5 0.100215  4.41959  -86.694 -0.146432  0.249281   0.70498  0.0371027 -0.0553246   0.443286 -0.00987883  -0.0230688   0.0437469 0.000320284  -0.0286896  -0.0205122 0.000479599 -0.00309805 -0.00451668  -0.0535981  -0.0272544 -0.00732032  1.48485 0.054241 -9.69581 
               123.6 -0.238217   4.24637  -86.4778 -0.152803  0.255449  0.702477  0.0204723 -0.0575968   0.427874 -0.0098101 -0.0230974  0.0435805 -0.0159144 0.00983555 0.00576831 0.000803251 -0.00301662 -0.00434379  -0.0530378  -0.0253205 -0.00710299   1.48493 0.0593183  -9.69577 
               123.7 0.0265735   4.01678  -85.7722 -0.151915  0.265681   0.69897  0.0104785 -0.0490542   0.414272 -0.00982382  -0.0230586    0.043611 -0.0261976  0.0509364  0.0211914 0.000886511 -0.00293043 -0.00422493  -0.0509471  -0.0254548 -0.00651726   1.48836 0.0612457  -9.69523 
             123.799 -0.0530813    3.87552   -84.7557 -0.13614 0.258248 0.702898  0.0413859 -0.0396156   0.442589 -0.00985583  -0.0230428   0.0438715 0.0152599 0.0280481  0.043309 0.000903195 -0.00303364 -0.00393222  -0.0502444  -0.0293946 -0.00654913   1.49081 0.0515254  -9.69491 
               123.9 0.0473681   3.61747  -83.8601 -0.121347   0.25895  0.717863  0.0513815 -0.0278976   0.446248 -0.00983741  -0.0230632   0.0439557   0.055433 -0.0241215  0.0879999 0.000774367 -0.00303073 -0.00394257  -0.0490996  -0.0303122 -0.00654762   1.49391 0.0488903  -9.69445 
                 124 -0.838352   4.86565  -82.6644 -0.110634  0.248071  0.728294  0.0795893 -0.0256128    0.47325 -0.00987198   -0.023159   0.0441156  0.0679505 -0.0492913   0.110187 0.000279931 -0.00300957 -0.00339482  -0.0493959  -0.0323642 -0.00706702   1.49413 0.0414818  -9.69445 
               124.1 -1.15438  4.66301  -81.611 -0.109622  0.249528  0.752787  0.0774067 -0.0155842   0.463843 -0.00989738  -0.0232904   0.0440457  0.0461265 -0.0382682   0.173948 0.000398209 -0.00275849 -0.00396262  -0.0496717  -0.0304981 -0.00767918   1.49541 0.0439015  -9.69424 
             124.199 -2.55072  4.72041 -80.8769 -0.105983  0.264445  0.787368  0.0652378 0.00162553   0.443496 -0.00987122  -0.0231782   0.0440851 -0.0182175   0.031991   0.281403 0.000558132 -0.00254561 -0.00446019  -0.0472695  -0.0300509 -0.00694536   1.50055 0.0469664  -9.69343 
               124.3  -3.7238  4.14531 -81.3467 -0.0931387   0.280687   0.821529 0.0667284 0.0282406  0.434508 -0.0100362 -0.0232947  0.0441635 0.0220194 0.0497016  0.278071 0.000691689 -0.00277219 -0.00474015   -0.044569  -0.0297782 -0.00660028   1.50756 0.0473232  -9.69234 
               124.4 -5.12968  3.93284 -83.1268 -0.0969424   0.284183   0.843222 0.0696397 0.0331546  0.430716 -0.00998972  -0.0234589   0.0441386 -0.0146442  0.0647287    0.30463  0.00041838 -0.00263717 -0.00464151  -0.0449979  -0.0281205 -0.00734364   1.50786 0.0485263  -9.69229 
               124.5 -3.77834  3.58777 -82.3323 -0.104502  0.289074  0.909109  0.093878 0.0462881  0.434944 -0.00994224    -0.02364   0.0441162 -0.127449 0.0933086  0.386803 -0.000605502  -0.00246243  -0.00539038    -0.04575  -0.0250412 -0.00925418   1.50916 0.0473313  -9.69209 
               124.6 -5.57293  4.05479 -83.7073 -0.102872   0.29778  0.942385  0.101936 0.0544997  0.443414 -0.0101691 -0.0236126  0.0441617 -0.130664 0.0986766  0.410344 0.000448533 -0.00350645 -0.00516208  -0.0441199  -0.0268962 -0.00862134   1.51223 0.0440482  -9.69163 
               124.7 -5.52013  2.70301 -84.7652 -0.0886247   0.301999    0.99699  0.101226 0.0580153  0.454673 -0.0104422 -0.0235234   0.044149  0.0979438 -0.0350697   0.317745  0.00167098 -0.00417705  -0.0049645  -0.0429351  -0.0304771 -0.00758716   1.51415 0.0404781  -9.69135 
               124.8  -1.95822 -0.691587  -85.6841 -0.0695797   0.306914   0.988422   0.10354 0.0713096  0.465661 -0.0108074 -0.0236478  0.0438806    0.140625 0.000275041     0.29246  0.00151287 -0.00312241  -0.0053065 -0.0405066 -0.0339255  -0.006591    1.5189 0.0365938  -9.69062 
               124.9  -1.54178 -0.916965  -85.6028 -0.0508203   0.318552    1.01314 0.0955038 0.0837568  0.460843 -0.0108837 -0.0237771  0.0438783  0.172324 -0.010003  0.221085  0.00124262 -0.00293262 -0.00544329  -0.0390046  -0.0335308 -0.00627098   1.52237 0.0385182  -9.69007 
                 125 -0.267092 -0.988316  -87.1086 -0.0425664    0.31853    1.03349 0.0965185 0.0784201  0.462079 -0.0108156 -0.0237269  0.0439679  0.131064 0.0226717  0.144043  0.00043268 -0.00140367 -0.00498086  -0.0400524  -0.0329449 -0.00655002   1.52045 0.0388435  -9.69037 
               125.1 -0.368289   1.14348   -87.813 -0.0333307   0.330288    1.05554  0.101382 0.0654897  0.472568 -0.0107687 -0.0236946  0.0442266 -0.0193941   0.151097   0.214991  0.000275474 -7.06505e-05   -0.0045745    -0.04227  -0.0332764 -0.00682034    1.5162 0.0373716  -9.69104 
               125.2 -1.5785 7.75258 -88.245 -0.0324986   0.334327    1.07534 0.103628 0.059184 0.478313 -0.0105916 -0.0236774  0.0444537 -0.0273145   0.165578   0.280474 2.18249e-05 -0.00107364 -0.00433331  -0.0425671  -0.0354134 -0.00649975   1.51496 0.0347698  -9.69124 
               125.3 -1.34705  10.7896 -86.7007 -0.0278454   0.347139    1.10506   0.10488 0.0666654  0.475126 -0.0106599  -0.023627  0.0443203 0.0193761  0.149939  0.315134  0.00100009 -0.00282758  -0.0052418  -0.0418183  -0.0348069 -0.00661664    1.5169 0.0352487  -9.69094 
               125.4 -2.31879  11.9509 -86.9229 -0.0267034   0.377337     1.1281 0.0924695 0.0676927  0.466566 -0.0105571 -0.0235643   0.044182 0.0643507  0.324959  0.233705  0.00126513  -0.0030188 -0.00404147  -0.0414169  -0.0345057 -0.00625017   1.51741 0.0378476  -9.69085 
               125.5 -1.58252  9.85173 -85.1835 -0.00203995    0.405706     1.14734  0.113709 0.0701891  0.494219 -0.0104241 -0.0236551  0.0442562 0.0224397   0.36642   0.20143 0.000353188 -0.00243212 -0.00392068  -0.0416691  -0.0377525 -0.00623243  1.51779  0.03047 -9.69081 
               125.6 -1.83005  7.00761   -84.87 0.00865391   0.416883    1.16251  0.126006 0.0764213  0.523195 -0.0105837 -0.0236469  0.0440986 -0.0780364   0.246875   0.169405 -0.00106694 -0.00436015 -0.00369063  -0.0426969   -0.041463 -0.00620367   1.51804 0.0241013  -9.69079 
               125.7 -3.34097  5.55523 -82.0279 0.0071139  0.393736   1.19401 0.149958 0.063821  0.53963 -0.0103006 -0.0239017   0.043594 -0.0952058  -0.136965   0.179697 -0.000405689  -0.00662283  -0.00576889  -0.0446905  -0.0432804 -0.00718896  1.51413 0.017824 -9.69142 
               125.8 -5.45901   2.2547 -82.1773 -0.0116936   0.382199    1.19786  0.132356 0.0694843  0.515994  -0.010637 -0.0237149  0.0433949 -0.0823209  -0.207752  0.0759759 0.000845195 -0.00520932 -0.00369699  -0.0467651  -0.0433802 -0.00687685   1.51298 0.0212503  -9.69159 
               125.9   -6.1045 -0.404356  -80.4783 -0.00998868     0.36874     1.20756 0.153096  0.06371 0.526692 -0.0103749 -0.0238359  0.0431953 -0.0564002  -0.216025  0.0520542  0.00109359 -0.00312967 -0.00350833   -0.046936   -0.042833 -0.00729156   1.5119 0.018021 -9.69176 
                 126  -5.93548 -0.532574  -79.6229 -0.0207214   0.330111    1.21456  0.163016 0.0618105  0.523227 -0.0101673  -0.023915  0.0432071 -0.0484716   -0.32546 -0.0771034 0.000447097 -0.00258381 -0.00395517  -0.0465212  -0.0410584 -0.00762468   1.51193 0.0181539  -9.69176 
               126.1 -9.49721  4.94453 -79.6259 -0.0182769   0.333751    1.21702  0.162338 0.0705194  0.521362 -0.0102596 -0.0240076   0.043214 -0.0526864   -0.30243 -0.0836577 0.000311972 -0.00210826 -0.00452122   -0.044853  -0.0402283 -0.00757923   1.51494 0.0191804  -9.69129 
               126.2 -10.5861  4.42163 -79.4174 -0.0325689   0.311894    1.20968  0.160918 0.0845099   0.52168 -0.0103931 -0.0242691  0.0431379 -0.143647 -0.155158 -0.112829  0.00072274 -0.00100096 -0.00457694  -0.0429184  -0.0382896 -0.00775916   1.51903 0.0213538  -9.69064 
               126.3 -13.3845  13.8871  -81.293 -0.0229037   0.343714    1.21162 0.153037 0.109579 0.522049 -0.0112328 -0.0246255  0.0417911  -0.130874  0.0377243 -0.0834275   0.00135608 -0.000833172  -0.00449776  -0.0364222  -0.0370807 -0.00728111  1.52938  0.02412 -9.68901 
               126.4 -13.2053  17.5895 -81.0314 -0.0291073   0.366067    1.21017 0.164459 0.120224 0.527224 -0.0117635 -0.0246691  0.0415788  -0.176797   0.251724 -0.0869147  0.00137923 -0.00103413 -0.00482456  -0.0350708  -0.0371048 -0.00750179   1.53251 0.0221259  -9.68852 
               126.5 -12.3104  18.6005 -81.4443 -0.0122594   0.367078    1.21623 0.189971 0.127478 0.541729 -0.0122963 -0.0244686  0.0415099  -0.092741   0.199163 -0.0862707  0.00157967 -0.00258959 -0.00521904   -0.033947  -0.0379824 -0.00791617    1.535 0.016691 -9.68814 
               126.6 -11.5761  18.7031  -81.892 -0.00160995    0.366506     1.22235 0.232424 0.124881 0.548594 -0.0128037 -0.0241276  0.0415709  -0.026061  0.0504549 -0.0503616  0.00109377 -0.00347085 -0.00520539 -0.0333936  -0.036188  -0.008691   1.53525 0.0110773   -9.6881 
               126.7 -11.7105  16.7399 -82.2399 0.00685009    0.36669    1.22992 0.253475  0.11986 0.565862 -0.0128838 -0.0239425  0.0414557 -0.0684891  0.0899664  0.0352389 0.000815962  -0.0030664 -0.00515183  -0.0316418   -0.035838 -0.00888189    1.53626 0.00746856   -9.68795 
               126.8 -11.7191  15.0749 -82.7634 0.00957491   0.357335    1.23346 0.267594 0.116689 0.552335 -0.0127758 -0.0237398  0.0412294 -0.0514554   0.086458  0.0434097  0.00146791 -0.00304957 -0.00501937  -0.0326264  -0.0357378 -0.00915103    1.53482 0.00545793   -9.68818 
             126.899 -11.2466  14.5252 -82.4896 0.0124274  0.354378   1.24981 0.295117 0.100437 0.556974 -0.0125975 -0.0235429   0.041144 -0.0378088  0.0404312  0.0939361  0.00124294 -0.00332017 -0.00479263  -0.0298019  -0.0329849 -0.00925064    1.53491 0.00333628   -9.68816 
                 127 -10.7789  13.8234 -81.5231 0.0281768  0.358274   1.26724  0.29328 0.104915 0.586174  -0.012623 -0.0235184  0.0411105 0.0443298 0.0229971 0.0948917  0.00103891 -0.00365401 -0.00459459  -0.0291644  -0.0346918 -0.00918999    1.53641 0.00135895   -9.68793 
               127.1  -9.0334  11.6976 -78.0465 0.0412567  0.367278   1.27208 0.294364 0.108612 0.604808 -0.0125594 -0.0235194  0.0409974 0.0687141  0.113347 0.0598768  0.00106239 -0.00259464 -0.00440476  -0.0292512  -0.0361304 -0.00921211      1.53707 -0.000614784     -9.68782 
               127.2 -8.39399  11.6299 -76.4812 0.0499895  0.380713   1.28244  0.303388 0.0990274  0.604557 -0.0124915 -0.0234586  0.0410323 0.0960222  0.102695 0.0361883  0.00112343 -0.00257851 -0.00373487  -0.0274127  -0.0343871 -0.00913584      1.53723 -0.000470329      -9.6878 
               127.3 -7.81907  11.9381 -74.0437 0.0408243  0.393364   1.28632  0.296631 0.0981347  0.581069 -0.0126133 -0.0233963  0.0411217 0.0354523 0.0999133 0.0437693   0.0002637 -0.00258763  -0.0038178   -0.027754   -0.033057 -0.00908437    1.53657 0.00246551    -9.6879 
               127.4 -7.93783  12.4929 -71.6138 0.0309854   0.40153   1.28633 0.285848 0.101086 0.564028 -0.0127557 -0.0232875  0.0411239 0.00619563   0.100627  0.0577708 0.000772823 -0.00257416 -0.00366419 -0.0283536 -0.0324601  -0.009017    1.53632 0.00524006   -9.68794 
               127.5 -9.62604  12.5252 -71.9001 0.0178502  0.439168   1.28963 0.259425 0.122033  0.55243 -0.0128346 -0.0232568  0.0409943 -0.0639929   0.191457  0.0959949  0.00202649 -0.00255756 -0.00285936  -0.0313726  -0.0345571 -0.00895457    1.53676 0.00800743   -9.68787 
               127.6 -4.09202  12.6081 -65.1575 0.0149098  0.451913   1.30015 0.254556 0.122033 0.541079 -0.0129357 -0.0231798  0.0410418 0.0817555 0.0651659 0.0935585  0.00272926 -0.00401149 -0.00253996   -0.031821  -0.0341421 -0.00896197    1.53623 0.00945372   -9.68795 
               127.7  2.26664  9.68622 -60.5448 0.00973133   0.446556    1.30342 0.247651  0.12564 0.520758 -0.0132049 -0.0234369  0.0412745 0.0800811 -0.043295  0.097931  0.00113528 -0.00355753 -0.00362845 -0.0339689 -0.0345477 -0.0090233   1.53469 0.0106003  -9.68819 
               127.8  3.66834  8.38221 -58.8291 0.0125029  0.443685   1.30389 0.242898 0.130396 0.518833 -0.0132623 -0.0235061  0.0413061   0.102192 -0.0480884   0.081965  0.00121559 -0.00284104 -0.00436394 -0.0352178  -0.035349 -0.0090337   1.53429 0.0106577  -9.68826 
               127.9  4.31818  7.79085 -58.3556 0.0128118  0.445621   1.31292  0.23357 0.128287 0.492556 -0.0133019 -0.0234169  0.0415857    0.181227  -0.0185755 -0.00163442  0.00120447  -0.0022304 -0.00458006  -0.0355198  -0.0338059 -0.00899691   1.53332 0.0141972  -9.68841 
                 128  4.43553  11.0648 -59.8545 0.00023578   0.447012    1.29391 0.206835 0.143969 0.467232 -0.0124514 -0.0234074  0.0414935   0.159538 -0.0544155 -0.0681871 0.000792836 -0.00267027 -0.00498421  -0.0398778  -0.0351568 -0.00862693   1.53146 0.0178387  -9.68869 
               128.1  3.96431  11.1935 -60.3844 0.00628928   0.444287    1.27944  0.19182 0.148083 0.443326 -0.0117628 -0.0234885  0.0412649 0.0677196 0.0134052 0.0295768  0.00106838 -0.00243507 -0.00488866  -0.0415797    -0.03468 -0.00842746   1.53017 0.0212291  -9.68889 
               128.2  3.33739  14.6509 -60.7841 -0.00688626     0.44976     1.27583 0.183588 0.150149 0.422415 -0.0111852 -0.0235014  0.0409425 -0.0274099   0.045758  0.0501513 0.000545503 -0.00241912 -0.00470224  -0.0424015  -0.0337587 -0.00814774   1.52943 0.0238883    -9.689 
               128.3    2.643   14.738 -60.9101 -0.0249819   0.457139    1.28778 0.182389 0.144653 0.410686 -0.0108989 -0.0235029  0.0407407 -0.062531 0.0805608 0.0761962   0.0011423 -0.00252136 -0.00455769   -0.042333  -0.0328535 -0.00822241   1.52841 0.0250493  -9.68916 
               128.4  3.03586  14.2392 -60.6542 -0.0298592   0.458433    1.29527  0.18264 0.140839 0.405404 -0.0108043 -0.0234666  0.0406834 0.00085321  0.0297617  0.0378879  0.00164546 -0.00313691 -0.00467506  -0.0423448  -0.0325133 -0.00828442   1.52772 0.0253319  -9.68927 
               128.5   3.5606  14.5702 -61.3441 -0.022272  0.444233   1.30118 0.191468 0.128677 0.430505 -0.0108794    -0.0233  0.0407189 0.00683753 -0.0126553  0.0420561  0.00122096  -0.0031157 -0.00488606  -0.0420903  -0.0331909 -0.00863404   1.52632 0.0224007   -9.6895 
             128.599  3.74374  14.0511 -61.4648 -0.0218866   0.444482    1.30409 0.191372 0.130072 0.431627 -0.0109112 -0.0233141  0.0407219 -0.0120874 -0.0120458  0.0180073  0.00103926 -0.00265123 -0.00496419  -0.0421086  -0.0332596 -0.00860624   1.52654 0.0223658  -9.68946 
             128.699  3.40096  14.3843 -62.1522 -0.0286092   0.445624    1.31325 0.192099 0.120954 0.428089 -0.0108936  -0.023393  0.0407187 -0.0675361  0.0252356  0.0230972  0.00109966 -0.00200961 -0.00498992  -0.0404708  -0.0329699 -0.00878963    1.5265 0.0225607  -9.68947 
               128.8  3.30352  15.7047 -62.3687 -0.0375275   0.454711    1.31488 0.190864 0.124056 0.428202 -0.0109016 -0.0233992  0.0407167 -0.109784  0.079019 0.0175358  0.00121406 -0.00197234 -0.00465794  -0.0405505  -0.0330487 -0.00871956   1.52692 0.0227633   -9.6894 
               128.9 3.44978 16.8999 -62.429 -0.040062  0.465246    1.3081  0.19201 0.133733 0.450111 -0.0109189 -0.0233402  0.0407488 -0.0861407  0.0927306 -0.0430479  0.00158145 -0.00235898 -0.00401571   -0.042328  -0.0340743 -0.00864591    1.5271 0.0211621  -9.68938 
                 129 4.62188 17.6803 -61.296 -0.0471395   0.468093    1.29945 0.192738 0.131576 0.459309 -0.0109041 -0.0233433  0.0407334 -0.0623584 -0.0163175  -0.134776  0.00132406 -0.00307883 -0.00457134   -0.041858   -0.034432 -0.00870025   1.52726 0.0205109  -9.68935 
               129.1  4.57677  17.7491 -62.1575 -0.0401992   0.460071    1.29607 0.197445 0.119581 0.494216 -0.0109273 -0.0233326  0.0407041 -0.0368462 -0.0196994  -0.120019  0.00121719 -0.00279663  -0.0049548  -0.0402142  -0.0357794 -0.00899769   1.52715 0.0175981  -9.68937 
               129.2   3.7599  18.0817 -62.8391 -0.0554333   0.472654    1.29529 0.192132  0.11715 0.454428 -0.0108875  -0.023371  0.0407207 -0.0862194  0.0287414  -0.115339  0.00122223 -0.00195935 -0.00551433  -0.0383498  -0.0339972 -0.00869838   1.52803 0.0212203  -9.68923 
               129.3   3.9928  18.1431 -63.3244 -0.0795662   0.488481    1.28702 0.192945 0.106204 0.450247 -0.0108752 -0.0234083  0.0407204  -0.120442   0.115709 -0.0494703 0.000922673 -0.00192374 -0.00531228   -0.036173   -0.033589 -0.00872403   1.52818 0.0215673   -9.6892 
               129.4  1.95422  17.8429 -65.5237 -0.0961815   0.496063    1.29224  0.195643 0.0825431  0.425121 -0.0107446 -0.0235114  0.0407017 -0.00345901    0.109833   -0.082082 0.000950744 -0.00328436 -0.00511621  -0.0320229  -0.0320914 -0.00873941   1.52792 0.0230276  -9.68924 
               129.5  2.26432  17.7081 -63.2919 -0.101141   0.48834   1.30658  0.206028 0.0392826  0.424332 -0.0107055  -0.023645  0.0406545 -0.0514345  0.0278758 -0.0667101 0.000306448 -0.00286844 -0.00483247  -0.0259145  -0.0312762 -0.00909716   1.52652 0.0217855  -9.68947 
               129.6 0.735424  17.7103 -65.3775 -0.114624  0.484522   1.29606  0.204879 0.0551406  0.427746 -0.0107157 -0.0235936  0.0405854  -0.178766 0.00645221  0.0488692 -3.12419e-05  -0.00215579  -0.00292351  -0.0295634  -0.0318132 -0.00916147   1.52582 0.0213288  -9.68958 
               129.7 -0.0105515     18.206   -63.1025 -0.13436 0.469366  1.31107  0.211879 0.0375894  0.424456 -0.0107609 -0.0237354  0.0405206  -0.181691 -0.0191622   0.142763 0.000328334 -0.00220919 -0.00454832  -0.0282616  -0.0313469 -0.00940362   1.52421 0.0204174  -9.68983 
               129.8 -0.962515   18.7046  -63.9119 -0.145699  0.462115   1.31564 0.211692 0.049953 0.435262 -0.0107517 -0.0237056    0.04054  -0.160353 -0.0144854   0.107186 0.000123829 -0.00254939 -0.00526325  -0.0311787  -0.0321548 -0.00946329   1.52368 0.0194088  -9.68992 
               129.9 -1.66836  18.9716 -64.4532 -0.151448  0.451565   1.32367  0.215918 0.0499871  0.453365 -0.0107554 -0.0236903  0.0405694  -0.114015 -0.0161305   0.107866 0.000817512 -0.00242247 -0.00622828  -0.0322827  -0.0329756 -0.00959242   1.52291 0.0174306  -9.69004 
                 130 -3.12494  18.3533 -66.6686 -0.136749  0.469783   1.32324  0.208852 0.0804247  0.492416 -0.0110126 -0.0237587    0.04058 0.0516371 0.0400184   0.10199  0.00223051 -0.00270516 -0.00607599  -0.0356714  -0.0347706 -0.00942668   1.52492 0.0163623  -9.68973 
               130.1 -3.22249  19.9157 -70.1887 -0.123323  0.491231   1.32711 0.200747 0.100167 0.508088 -0.0112226 -0.0240644  0.0403918  0.111292 0.0651421 0.0641642  0.00188575 -0.00300206 -0.00561333  -0.037058 -0.0354243 -0.0092469    1.5268 0.0170119  -9.68943 
               130.2 -2.69436  20.1178 -71.8349 -0.116766  0.504661   1.33981  0.202128 0.0915946  0.505853 -0.0112655 -0.0241436   0.040343  0.063332  0.103511 0.0708168  0.00104381 -0.00241009 -0.00622991  -0.0348665  -0.0347997 -0.00918591   1.52736 0.0174559  -9.68934 
               130.3 -3.04801  21.0286 -73.1747 -0.0992232   0.507871     1.3438  0.206335 0.0919142  0.532368 -0.0113943 -0.0240449  0.0402967  0.0407066 0.00856912 0.00468623  0.00123796 -0.00234593  -0.0053223  -0.0353344  -0.0357853 -0.00927917   1.52723 0.0152181  -9.68937 
               130.4 -4.67607  21.8583 -76.7022 -0.0907444   0.507656    1.34004  0.204531 0.0957544   0.53894 -0.0114358 -0.0241009  0.0402562  0.0793003 -0.0645477 -0.0438999  0.00166454 -0.00253998 -0.00450007  -0.0355828  -0.0360964 -0.00924218   1.52765 0.0151264   -9.6893 
               130.5 -6.65737  22.8884 -82.5711 -0.0778434   0.492502    1.30075 0.190961 0.152673 0.555324 -0.0113842 -0.0232945   0.040589 0.00442781 -0.0520605  -0.120647 -1.71604e-05  -0.00134066  -0.00513344  -0.0475633  -0.0405171 -0.00961805   1.52609 0.0129335  -9.68955 
               130.6 -7.57464  25.1389 -85.2435 -0.0795983   0.495279    1.29585 0.189996 0.153415 0.558299 -0.0114196 -0.0233569  0.0405505 -0.0577089 0.00817053  -0.122795 -0.000946861 -0.000649249  -0.00549117  -0.0473336  -0.0405891 -0.00958663   1.52642 0.0129816   -9.6895 
             130.699 -10.6476  26.1135 -86.2532 -0.0880616   0.541015    1.29453 0.186709 0.142585 0.580882 -0.0116349 -0.0239769   0.040174 -0.131138  0.261783 -0.041335  0.000655517 -0.000399079  -0.00472295  -0.0419326  -0.0395976 -0.00914142  1.52961 0.014067 -9.68899 
               130.8 -11.0264  28.6647 -87.3975 -0.0627605   0.561658    1.31456  0.19795 0.107819 0.669316 -0.0116183 -0.0238999  0.0399533 -0.0184804   0.281232  0.0143623  0.00155555 -0.00187092 -0.00392527  -0.0327738  -0.0396237 -0.00871186   1.53278 0.0100239   -9.6885 
               130.9 -10.2617  28.9336 -86.7015 -0.0627228   0.586088    1.32166  0.211898 0.0858314  0.684114 -0.0116769 -0.0239581  0.0399081 -0.0449971   0.174777 -0.0792871  0.00155643 -0.00279938 -0.00502897  -0.0292636   -0.038692 -0.00869612    1.53255 0.00813371   -9.68854 
                 131 -12.2267  25.7688  -90.047 -0.0542372   0.573174    1.33432  0.239108 0.0498768  0.706078 -0.0115205 -0.0240969  0.0398253 -0.0347034   0.112661 -0.0715583 0.000706408 -0.00356477 -0.00553404  -0.0238079  -0.0367079 -0.00856803    1.53189 0.00483656   -9.68864 
               131.1 -12.1922    24.84 -89.5855 -0.056542  0.577186   1.32195  0.242344 0.0453122  0.724541 -0.0114077 -0.0241385  0.0398247 -0.0745591 -0.0548946 -0.0595808 0.000596089 -0.00307041 -0.00609549   -0.022915   -0.036896 -0.00861482    1.53202 0.00362565   -9.68862 
               131.2 -18.2153  26.3223 -94.6683 -0.0708056   0.583683    1.31976  0.244352 0.0421935  0.696375 -0.0114323 -0.0240899  0.0397099    -0.03969   0.0471412 -0.00417628  0.00176157 -0.00173858 -0.00531661  -0.0225957   -0.035173 -0.00847728    1.53173 0.00563187   -9.68867 
               131.3 -19.2397   28.373 -97.2664 -0.0559007   0.587346     1.3254  0.253059 0.0316802  0.737292 -0.0114618 -0.0242203  0.0397488 -0.00277374      0.1111   0.0378426  0.00137895 -0.00130535 -0.00466814  -0.0202129  -0.0356511 -0.00841493    1.53233 0.00263724   -9.68857 
               131.4 -19.3392  29.3603 -98.2441 -0.0572443   0.593863     1.3303  0.260031 0.0261391  0.730539 -0.0114799 -0.0242442  0.0397709 0.00870046   0.132114  0.0192736   0.0011548 -0.00159194  -0.0051163  -0.0196326   -0.034885 -0.00841373    1.53195 0.00237224   -9.68863 
               131.5 -20.2282  29.9045 -100.325 -0.0450261   0.581013    1.32848  0.271182 0.0271781  0.728973 -0.0115335 -0.0242362  0.0398021  0.0678248    0.08067 -0.0136674  0.00127732  -0.0030216 -0.00531407  -0.0212461  -0.0358068 -0.00882369      1.53057 -0.000250653     -9.68885 
               131.6 -20.3707  28.0426 -101.721 -0.046194  0.567623   1.31904 0.286041 0.026922 0.681325 -0.0115205 -0.0241866  0.0397816  0.0336404 0.00253286  -0.105866 0.000792964 -0.00302541  -0.0059746 -0.0233246 -0.0348012 -0.0091947      1.52844 -0.000418305     -9.68919 
               131.7  -23.872  24.9918 -105.405 -0.0521115   0.564359    1.31442  0.294484 0.0158948  0.688998 -0.0115192 -0.0242018  0.0398054 -0.0855614 -0.0438633 -0.0850499 -0.000506979  -0.00270251  -0.00725891  -0.0212738  -0.0337046 -0.00901496     1.52856 -0.00102522    -9.68917 
               131.8 -27.1493  21.7102 -109.632 -0.0457082   0.552881    1.31418   0.308872 0.00591172   0.701646 -0.0115028 -0.0241894  0.0397449  -0.124966 -0.0452614 -0.0852379 -0.00115653 -0.00265688 -0.00675247   -0.019938   -0.033315 -0.00902738     1.52815 -0.00337239    -9.68923 
               131.9 -29.6991  19.6757 -111.162 -0.0695346   0.549121    1.29606  0.299681 0.0154464  0.700382 -0.0114827 -0.0242634  0.0397168  -0.185316 -0.0629173  -0.106473 -0.000427792  -0.00217874  -0.00605079  -0.0214993  -0.0343973 -0.00915058     1.52826 -0.00281739    -9.68922 
                 132  -33.389  17.2338 -114.333 -0.0587275   0.559909    1.29622    0.29523 0.00354672   0.758909 -0.0115615  -0.024628  0.0399002  -0.124106 -0.0215429  -0.092164 0.000591393 -0.00160117 -0.00557194  -0.0176654  -0.0341961 -0.00859986    1.53011 -0.0036534   -9.68892 
               132.1 -33.9996   16.705 -115.594 -0.0696261   0.572225    1.27779  0.284712 0.0034219  0.794428  -0.011633 -0.0248149  0.0400089 -0.157191 0.0577213 -0.116121 0.000656673 -0.00147201 -0.00508375    -0.01668  -0.0354412 -0.00845156     1.53112 -0.00413808    -9.68876 
               132.2 -36.6666  16.7596 -117.758 -0.0657215   0.582439    1.27837    0.288023 -0.00976748    0.835648 -0.0116151 -0.0248145   0.039914 -0.156508 0.0856378 -0.100028 0.000729353 -0.00155876 -0.00505006   -0.013257  -0.0341867 -0.00796623     1.53233 -0.00477766    -9.68857 
               132.3 -37.1755  16.6618 -118.148 -0.0771732   0.597863    1.27186   0.315725 -0.0251193   0.863596 -0.0116183 -0.0249051  0.0399168 -0.182753  0.184806 -0.065379 0.000791766 -0.00145111  -0.0048089  -0.0098309  -0.0311948 -0.00763573       1.533 -0.00741004    -9.68846 
               132.4 -36.6753  17.8149 -118.255 -0.0756024    0.61681     1.2764   0.338941 -0.0390866   0.902105  -0.011602 -0.0247144  0.0397867  -0.155279   0.222218 0.00801156 0.000944759 -0.00154416 -0.00445436 -0.00638294  -0.0283848   -0.007226     1.53398 -0.00979806    -9.68831 
               132.5 -35.5001  18.4896 -116.797 -0.0728629   0.620398    1.28577  0.372714 -0.041928  0.893635 -0.0115982 -0.0247848  0.0398216 -0.0997019    0.23298   0.011415  0.00144502 -0.00171951 -0.00379166 -0.00565803  -0.0250453  -0.0072315    1.53401 -0.0119982    -9.6883 
               132.6  -32.631  18.8129 -114.297 -0.0738687   0.629465    1.29193   0.398143 -0.0442712   0.885535  -0.011577 -0.0248017  0.0398188  -0.058968   0.191133 -0.0121595  0.00134593 -0.00201595 -0.00343127 -0.00508829  -0.0222509 -0.00720267    1.53404 -0.0133427   -9.68829 
               132.7 -32.0792  20.3444 -112.091 -0.0621218   0.630591    1.29133   0.407638 -0.0424691   0.885447 -0.0114471 -0.0248527  0.0397696  0.0284895   0.116818 -0.0318049  0.00196596  -0.0028216 -0.00333014 -0.00516329  -0.0221079 -0.00731096    1.53413 -0.0147709   -9.68828 
               132.8 -30.8485  21.4695 -110.997 -0.0622009   0.642107     1.2926   0.421122 -0.0465713   0.881075 -0.0115411 -0.0248107   0.039808  0.0328734   0.139817 -0.0328741  0.00189177  -0.0028006 -0.00376259 -0.00447557  -0.0197276  -0.0071612    1.53413 -0.0146467   -9.68828 
               132.9 -30.0341  21.7104 -111.858 -0.0774995   0.617069    1.30073   0.464743 -0.0328768    0.79975 -0.0115926 -0.0249053  0.0400768 -0.00725944   0.0598786  -0.0189997  0.00150101 -0.00284885 -0.00438689 -0.00806406  -0.0155872 -0.00776247    1.53256 -0.0154725   -9.68852 
                 133 -29.8557  22.3513 -113.431 -0.0576578    0.59892    1.31003   0.503308 -0.0386529   0.804057 -0.0116812 -0.0246876   0.040052  0.0275227 -0.0230388 -0.0408055  0.00147905 -0.00278755 -0.00497201 -0.00644624  -0.0114586 -0.00763603    1.53296 -0.0181253   -9.68846 
               133.1 -29.8281  21.9407 -115.422 -0.0417315    0.58035    1.30295   0.507324 -0.0354913   0.810864 -0.0117146 -0.0246034  0.0399911 -0.0309764  -0.096843 -0.0486017  0.00138912 -0.00201572 -0.00519814 -0.00663371  -0.0126239 -0.00782013    1.53313 -0.0200751   -9.68843 
               133.2 -30.0814  23.5717 -117.865 -0.0616055   0.559256    1.29562   0.512457 -0.0240699   0.764307 -0.0115795 -0.0242172  0.0402827 -0.0871967 -0.0884055 -0.0780592 0.000944656 -0.00180994 -0.00511706 -0.0099168 -0.0131167 -0.0083463     1.5317 -0.0199025   -9.68865 
               133.3 -29.5912  24.9175 -118.777 -0.0627741   0.551715    1.29748   0.527616 -0.0264618   0.754261 -0.0116904 -0.0241294  0.0403635  -0.032868  -0.104328 -0.0616616  0.00185014 -0.00122801 -0.00364824 -0.00968075  -0.0109173 -0.00830089    1.53149 -0.0200424   -9.68869 
               133.4  -29.016   24.191 -118.872 -0.0401802   0.529775    1.31245   0.561057 -0.0308095   0.726696  -0.011582 -0.0239644  0.0403985      0.295 0.00263762  0.0626854   0.00192364 -0.000333068  -0.00282278 -0.00945355 -0.00563356 -0.00821675    1.53095 -0.0197906   -9.68877 
               133.5 -29.3417  29.6101 -119.289  -0.0418 0.525249  1.28132   0.494819 0.00995036   0.693038 -0.0111465  -0.023571  0.0407072   0.239008 -0.0122466 0.00881241 0.000735812 -0.00156661 -0.00312394  -0.0186521  -0.0180088 -0.00961289    1.52873 -0.0191233   -9.68912 
             133.601  -28.134  31.1825 -117.109 -0.0429968   0.534171    1.30207    0.524322 -0.00457691    0.672299 -0.0114381 -0.0236449  0.0406255  0.138571 0.0772947 0.0211818 0.000196655 -0.00170054 -0.00358954 -0.0162905  -0.011007 -0.0090844    1.52878 -0.0169149   -9.68912 
             133.699 -27.8845  32.3428 -113.552 -0.0551704   0.542911    1.29871  0.525602 0.0157396  0.584835 -0.0118655 -0.0248426  0.0402099 0.0779349  0.208353 0.0562919  0.000274604 -0.000332172  -0.00347857 -0.0235793 -0.0121085 -0.0100928    1.52503 -0.0151698   -9.68971 
               133.8 -28.8652  37.5396 -112.566 -0.0522215   0.513072    1.29158  0.543139 0.0259896  0.558004 -0.0117993 -0.0253076  0.0401449 0.0725394  0.114597 0.0390164   0.0005764 -0.00109783 -0.00384341 -0.0276948 -0.0133827 -0.0109519    1.52242 -0.0181145   -9.69012 
               133.9 -29.5091  37.6665 -113.141 -0.0273652   0.510217    1.30133  0.564448 0.0222448  0.554028  -0.011807 -0.0256104  0.0402083  0.149947  0.150236 0.0917675 0.000675355 -0.00115052 -0.00349769 -0.0281767  -0.012787 -0.0112166    1.52107 -0.0207729   -9.69032 
                 134 -30.0152  40.7531 -112.597 -0.0332587   0.508162     1.3125 0.596667 0.028049 0.474324 -0.0117417 -0.0254496  0.0401429  0.146649  0.229388 0.0831535 0.000587134 -0.00028508 -0.00437308   -0.031165 -0.00948194  -0.0116796    1.51891 -0.0204337   -9.69066 
               134.1 -31.0691  44.8994 -114.245 -0.0345737   0.514419    1.32512  0.620955 0.0203432  0.429412 -0.0117881 -0.0253457  0.0402477  0.156781  0.258228 0.0742222  0.000624302 -0.000625367  -0.00466636  -0.0303916 -0.00594292  -0.0115308    1.51825 -0.0197848   -9.69077 
               134.2 -33.1954  47.1082 -115.804 -0.0215096   0.530985    1.32932  0.636805 0.0256115  0.392089 -0.0117884 -0.0252214  0.0403643    0.14073   0.195441 -0.0333086 0.000807012 -0.00143096 -0.00391657  -0.0319331 -0.00418664  -0.0117424    1.51751 -0.0195891   -9.69089 
               134.3 -32.3903  47.9873 -113.077 -0.0105946   0.546427     1.3063  0.628985 0.0579491  0.380808 -0.0117671 -0.0250961  0.0402837  0.114433  0.201281 -0.165602  0.00100282 -0.00197259  -0.0037959   -0.038006 -0.00609119  -0.0126589      1.517 -0.0196376   -9.69096 
               134.4 -30.5314  49.5027 -111.307 -0.0124008   0.545915    1.30128  0.666198 0.0352587  0.333338 -0.0116372 -0.0249769  0.0401375  0.107751  0.113166 -0.178374  0.00122766 -0.00226963 -0.00416236   -0.0344987 -0.000808021   -0.0120776    1.51639 -0.0194615   -9.69106 
               134.5 -28.9259  49.0139 -109.474 -0.0207547   0.534693    1.28994  0.710181 0.0261211  0.258771 -0.0113184 -0.0247746  0.0397874 0.0883892  0.023876   -0.1608   0.0017196  -0.0022131 -0.00408129 -0.0331758 0.00577125 -0.0116677    1.51586 -0.0184015   -9.69115 
               134.6 -28.9428  50.9908 -109.415 -0.00969157    0.518834     1.29761   0.748814 -0.0337708   0.250178 -0.0111363 -0.0246805  0.0397659  0.0663808   0.089811 -0.0532323  0.00181342 -0.00241511 -0.00414204 -0.0236146  0.0104662 -0.0104043    1.51487 -0.0201682    -9.6913 
               134.7 -27.2849  50.6792 -107.631 -0.00345331    0.520186     1.30204   0.768696 -0.0667335   0.251619 -0.0109758 -0.0246007  0.0397318 0.0232894  0.188497 -0.019671  0.00136872 -0.00142867 -0.00422247  -0.0186275   0.0124667 -0.00982202    1.51406 -0.0216131   -9.69142 
               134.8 -25.6855  51.6617 -106.616 -0.00331736    0.526692     1.30379   0.785271 -0.0735136   0.238373 -0.0108834 -0.0244885  0.0396806 -0.00252911    0.166976  0.00454286  0.00116118 -0.00217893 -0.00417946  -0.0180745   0.0141172 -0.00982151    1.51335 -0.0223764   -9.69153 
               134.9 -23.3945  51.5229 -104.465 -0.0137953   0.502372    1.31678  0.840991 -0.121531  0.172152 -0.0105487  -0.024232  0.0396683 -0.00349506 0.000684346  -0.0435981  0.00140877 -0.00325304 -0.00389085  -0.0104268   0.0212601 -0.00863477    1.51231 -0.0230073   -9.69169 
                 135 -21.3351   50.974 -102.316 -0.0258325   0.483285     1.3118  0.870859 -0.114094   0.11475 -0.0103676 -0.0240952  0.0394886 -0.0174014 -0.0634153 -0.0911086  0.00135684 -0.00388525  -0.0035946  -0.0120715   0.0250459 -0.00878633    1.51174 -0.0227059   -9.69178 
               135.1 -18.6536  49.9008 -99.4324 -0.0330683   0.478543    1.31224  0.878492 -0.129705  0.099294 -0.0103133 -0.0240762  0.0396059 -0.0229893 -0.0783094  0.0154859  0.00120091 -0.00337727 -0.00408714 -0.00894248   0.0266164 -0.00819884    1.51207 -0.0221187   -9.69173 
               135.2 -16.5886  48.3657 -97.2063 -0.0414509   0.468368      1.311  0.885693 -0.113221 0.0674338  -0.010336 -0.0240835  0.0394862 0.0316756 -0.168464 0.0452054  0.00214213 -0.00414144 -0.00411931  -0.0114706   0.0280605 -0.00840009    1.51231 -0.0210574   -9.69169 
               135.3 -13.9272  46.9658 -95.8856 -0.0332939   0.461464    1.29273   0.86086 -0.045795 0.0776068 -0.0107163 -0.0242695  0.0393233    0.10591  -0.208677 -0.0205358  0.00162237 -0.00434913 -0.00401093  -0.0225919   0.0251777 -0.00987831    1.51305 -0.0198643   -9.69158 
               135.4 -11.2621  43.3802 -93.7501 -0.0398335   0.475471    1.29772   0.846414 -0.0243645  0.0429556 -0.0110865 -0.0244139  0.0399966 0.0482319  -0.12962 0.0705371 0.000501337 -0.00375612 -0.00326363   -0.023063   0.0259263 -0.00934387    1.51605 -0.0160186   -9.69112 
               135.5 -9.89791  41.0898 -90.5949 -0.0534963    0.46633    1.29929   0.842568  0.0167556 0.00402495 -0.0113031 -0.0244067  0.0399604 0.0269853 -0.127266 0.0844892  0.00103312  -0.0030829 -0.00400826   -0.029105   0.0268044 -0.00981636   1.51708 -0.013514  -9.69096 
               135.6 -6.89842  36.2222 -89.5187 -0.0635315   0.471615     1.3016    0.83953  0.0348664 -0.0263066 -0.0113799 -0.0244592  0.0401613 0.0360435 -0.123486 0.0766519  0.00194595 -0.00337283 -0.00501788 -0.0308043  0.0278274 -0.0097192    1.51837 -0.0113086   -9.69076 
               135.7 -5.28786  34.2066 -88.7319 -0.0568489   0.470547    1.29962   0.827461   0.069243 -0.0366042 -0.0115454 -0.0245187  0.0403081   0.137193   -0.27302 -0.0327991  0.00185801 -0.00306707 -0.00542762  -0.0351117   0.0274607 -0.00997525     1.51995 -0.00940402    -9.69052 
               135.8 -4.99604  32.5156 -90.2554 -0.0753351   0.497272    1.29356   0.815239   0.111202 -0.0901672 -0.0113806 -0.0246868  0.0404295   0.108344  -0.264814 -0.0574978  0.00158049 -0.00416337 -0.00475534 -0.0387878  0.0288874 -0.0097693     1.52318 -0.00475436    -9.69001 
               135.9 -4.92943  31.1574 -90.1658 -0.0774587   0.476005    1.27872  0.808266  0.132049 -0.118421 -0.0112839 -0.0247947  0.0405099  0.0331152  -0.134768 -0.0224957  0.00145081 -0.00312235 -0.00469287   -0.040463   0.0296674 -0.00963356     1.52491 -0.00220018    -9.68974 
                 136 -5.80316  31.8879 -91.0216 -0.0949052    0.49991    1.28703  0.800338  0.138931 -0.159366 -0.0109313 -0.0249272  0.0399392 -0.0148315 -0.0248691  0.0253359  0.00138809 -0.00175428 -0.00465685  -0.0386168   0.0309211 -0.00908193    1.52751 0.00121661   -9.68933 
               136.1 -3.29555   30.412 -91.3618 -0.098484  0.505742   1.29094  0.798384  0.140669 -0.168735 -0.010891 -0.025022 0.0398229  0.0172112 -0.0378853 -0.0215117 0.000846896 -0.00195082 -0.00511635  -0.0378828   0.0312154 -0.00890207     1.5284 0.00203191   -9.68919 
               136.2 -4.31365  30.8144 -91.6827 -0.111605  0.509228   1.29946  0.796255   0.12809 -0.199437 -0.0107664 -0.0250968  0.0395937  0.0232819 -0.0685714 0.00781651  0.00174218 -0.00259159 -0.00507752 -0.0346569   0.032324 -0.0085374    1.52917 0.00406521   -9.68907 
               136.3 -4.68076  30.7756 -92.9624 -0.120781  0.512398   1.29835   0.79202  0.141168 -0.209834 -0.0105728 -0.0251012  0.0394963 -0.0771583 -0.0475512  0.0304123  0.00126792 -0.00246809 -0.00493941  -0.0359003   0.0325661 -0.00842548    1.53011 0.00525823   -9.68892 
               136.4 -3.4442 31.8878 -91.722 -0.120017  0.517764   1.30131  0.790222  0.145887 -0.212589 -0.0105297 -0.0250369    0.03934  0.0207976 -0.0448307 0.00407862  0.00152353 -0.00177938 -0.00414659  -0.0357266   0.0325538 -0.00836438   1.53098 0.0056195  -9.68878 
               136.5 -2.77928  33.0268 -90.6435 -0.114122  0.523343   1.29194  0.786914  0.163001 -0.212557  -0.010302 -0.0249367  0.0392979  0.0404536 -0.0594002 -0.0378809  0.00174076 -0.00159837 -0.00345663  -0.0377482   0.0324188 -0.00828771     1.5319 0.00608768   -9.68864 
               136.6 -0.298979   34.5303  -89.4937 -0.111087  0.526143   1.29624  0.787472  0.152087 -0.218076 -0.0104714 -0.0249122  0.0392489 0.0802053  0.131727 0.0151893   0.00116588 -0.000846343  -0.00390929 -0.0358491  0.0326144 -0.0082864    1.53182 0.00626798   -9.68865 
               136.7  0.98523  36.4743 -87.8889 -0.10377 0.540352  1.29282  0.788893  0.159894 -0.209245 -0.0103643 -0.0249524  0.0393373 0.0505122  0.212029 0.0484216   0.00117583 -0.000326277  -0.00499179  -0.0375307   0.0324917 -0.00833201     1.5316 0.00574668   -9.68869 
               136.8  1.27956  38.1651 -88.4632 -0.111469  0.533018   1.28669 0.793382  0.15599 -0.20886 -0.0103793 -0.0250298  0.0397752 0.0371395  0.164595 0.0302345 0.000942275 -0.00110421 -0.00471271  -0.0394749   0.0330657 -0.00851813   1.52933 0.0055167  -9.68905 
               136.9  1.23358  39.0362 -88.2812 -0.106056    0.5649   1.28681  0.791763   0.16048 -0.216024 -0.0102985 -0.0250127  0.0397126  0.00618692    0.188531 0.000181178  0.00117412 -0.00147667 -0.00481268 -0.0396941  0.0332718 -0.0084276    1.52983 0.00614481   -9.68897 
                 137  2.67696  41.7556 -86.8854 -0.113312   0.56151   1.29893  0.792213  0.128374 -0.228267 -0.0105707  -0.025023  0.0396276 -0.0198382   0.216155  0.0301664   0.00108129 -0.000700003   -0.0044485  -0.0352798   0.0331616 -0.00848165    1.52862 0.00620095   -9.68916 
               137.1  3.12175  42.8012 -86.1341 -0.126162  0.584704   1.30585  0.797133  0.117672 -0.218499 -0.0107061 -0.0251087  0.0398298 -0.103321  0.315222 0.0889236  0.00131848  -0.0010848 -0.00478315  -0.0358154    0.033133 -0.00876406    1.52651 0.00511717   -9.68949 
               137.2  4.41346  43.4236 -86.2107 -0.136803  0.590273   1.31035  0.800044  0.112381 -0.221332 -0.0106804 -0.0250594  0.0397797  -0.13056  0.215182 0.0753441   0.0016052 -0.00199682  -0.0050373  -0.0359195   0.0333887 -0.00886884     1.5256 0.00494096   -9.68963 
               137.3  3.46529  43.7055 -86.6187 -0.14647 0.592335  1.31881  0.804018 0.0947134 -0.213533 -0.0106297 -0.0249946  0.0396668 0.0285495   0.10642  -0.01415  0.00278102 -0.00215138 -0.00483721  -0.0349038   0.0330597 -0.00907473    1.52376 0.00379922   -9.68992 
               137.4  7.88465  46.1165 -86.1033  -0.1588 0.572512  1.30998  0.814991 0.0814164 -0.219227 -0.0105543 -0.0246119  0.0399116 -0.0102067  0.0895249 -0.0437344   0.00233471 -0.000911699  -0.00453101  -0.0361813   0.0339855 -0.00951858    1.52059 0.00300344   -9.69042 
               137.5  8.86597  46.1258 -86.9782 -0.151827  0.603877   1.30819  0.811639 0.0824289 -0.208982 -0.0106026 -0.0246736  0.0398745 0.0235808  0.250304 0.0136619   0.00126443 -0.000247174   -0.0038085  -0.0361045   0.0331614 -0.00954252    1.52084 0.00253044   -9.69038 
               137.6  11.5936  49.6538 -82.9492 -0.158989  0.596464   1.30323  0.821099 0.0735881 -0.195984 -0.0106687 -0.0247059  0.0397488 0.00672703   0.164845 0.00478977 0.000836477 -0.00156348 -0.00406466 -0.0380985  0.0338377 -0.0101306    1.51774 0.00129296   -9.69087 
               137.7  12.8049  49.2795 -80.2208 -0.149879  0.578014   1.31806  0.816186 0.0287186 -0.159105 -0.0106388 -0.0249327  0.0396323 0.0546555  0.105927 0.0137118 0.000726141 -0.00206678 -0.00455292 -0.0336421  0.0312875 -0.0104778     1.51462 -0.00122923    -9.69136 
               137.8  12.0744  48.8825 -79.2708 -0.145807  0.584221   1.32703    0.81253 0.00744661  -0.162303 -0.0106031  -0.024999   0.039611    0.012539   0.0755873 -0.00550746 0.000476407 -0.00203863 -0.00455242 -0.0302579  0.0304005 -0.0103272     1.51423 -0.00139229    -9.69142 
               137.9  10.9546  48.8212 -78.8813 -0.137216  0.573972   1.32601   0.810849 -0.0020591  -0.133951 -0.0105011 -0.0251502  0.0395383  0.0512872  0.0353861 -0.0442641 -0.000496525   -0.0025137  -0.00435498 -0.0304508  0.0293568 -0.0106924      1.5126 -0.00281558    -9.69167 
                 138  9.03299  48.6073 -77.9142 -0.130787  0.569505   1.33291   0.802889 -0.0428048  -0.132557 -0.0104516 -0.0254283  0.0395023  0.0796543   0.122892 -0.0918028 4.47575e-06 -0.00172181 -0.00406194 -0.0243867  0.0273222 -0.0104734     1.51149 -0.00348367    -9.69185 
               138.1  7.71427  49.1764 -76.3695 -0.138424  0.594608   1.33361   0.801939 -0.0605795  -0.168304 -0.0104859 -0.0254146  0.0392484 0.00890312    0.26118 -0.0342099 -0.00130796 -0.00115925 -0.00323097  -0.0202587   0.0274668 -0.00994631     1.51225 -0.00230251    -9.69173 
               138.2  6.00319  49.6375 -70.4565 -0.139305  0.602403   1.35619  0.790642 -0.113478 -0.155286 -0.0104628 -0.0261553  0.0391899 -0.120957   0.31142  0.131258 -0.000856368 -0.000972057  -0.00360755  -0.0129679   0.0244905 -0.00981213     1.51033 -0.00364876    -9.69203 
               138.3  5.82933  47.7218 -65.3781 -0.167738   0.62368   1.38314  0.787195 -0.144446  -0.16562 -0.0105238  -0.026452  0.0389607 -0.379198  0.371714  0.235364 -0.000615404 -0.000852494  -0.00396101  -0.0081071   0.0234915 -0.00950575     1.50971 -0.00381107    -9.69212 
               138.4  7.52906   43.415 -64.0567 -0.208317  0.655406   1.40719  0.788695 -0.146023 -0.160624 -0.0105167 -0.0265722  0.0388017 -0.359849  0.379529  0.197442 -0.000298604  -0.00210749   -0.0039448 -0.00851922   0.0235147 -0.00966571     1.50913 -0.00419678    -9.69221 
               138.5  8.75936  33.8886 -64.4873  -0.2092 0.652952  1.41774  0.783778 -0.153391 -0.123379 -0.0101083 -0.0265545  0.0379818 -0.255819  0.252774  0.178628 0.000401555 -0.00355671 -0.00490087 -0.00939736   0.0218907  -0.0102128     1.50741 -0.00589053    -9.69248 
               138.6  8.75833  32.1454 -63.6049 -0.209704  0.654371   1.43478   0.776469   -0.16821 -0.0942778 -0.00974672   -0.026608   0.0377268 -0.0800594  0.0685675  0.0985986 0.000853224 -0.00512634 -0.00518962 -0.00822409   0.0200963  -0.0104235     1.50625 -0.00708662    -9.69266 
             138.699  9.39781  25.3387 -63.5311 -0.205183   0.64154   1.43992   0.776074  -0.174269 -0.0882697 -0.00950817  -0.0265245   0.0374259   0.127499  -0.179053 -0.0338361 0.000902479 -0.00409158 -0.00500575 -0.00796555   0.0196909  -0.0105663     1.50561 -0.00762549    -9.69276 
               138.8  9.59142  21.7006 -63.2219 -0.185525  0.613227   1.41339   0.784173  -0.148858 -0.0953494 -0.00987116  -0.0266179   0.0374587  0.190662 -0.285895 -0.103246 0.000985105 -0.00327555 -0.00439396 -0.0119855  0.0215319 -0.0107011     1.50602 -0.00711122    -9.69269 
               138.9 9.50117 22.3695 -61.184 -0.171549  0.600346   1.39576   0.78865 -0.129564 -0.105843 -0.00984864  -0.0267788   0.0374135   0.221123  -0.291725 -0.0936996   0.0010201 -0.00314069 -0.00442589 -0.0142273  0.0227875 -0.0105224     1.50695 -0.00626185    -9.69255 
                 139  9.80752  22.8104 -60.4222 -0.16333 0.599953   1.3915  0.788533 -0.122802 -0.106331 -0.00984042  -0.0268571    0.037219   0.210905  -0.255817 -0.0808874 0.000777663 -0.00246716  -0.0037648 -0.0148639  0.0227038 -0.0104927    1.50745 -0.0061293   -9.69247 
               139.1  10.3664  21.7572 -59.1235 -0.140978  0.571368    1.3882  0.787352  -0.12742 -0.117441 -0.00983009  -0.0268873   0.0371914   0.153068  -0.131725 -0.0462121 0.000693686 -0.00180391 -0.00429681 -0.0133842  0.0227067 -0.0103675     1.50785 -0.00565342    -9.69241 
             139.199  10.5138  20.9177 -55.9081 -0.125588  0.585745   1.36752  0.795292 -0.103587 -0.131413 -0.00936941   -0.026959   0.0369925   0.211005 -0.0384433 -0.0918603  0.00121349 -0.00245832 -0.00447256 -0.0157127  0.0244223 -0.0097849     1.50931 -0.00455841    -9.69218 
               139.3  9.69612  19.9979 -54.7881 -0.116493  0.577345   1.35945   0.79461 -0.106468 -0.132529 -0.00936277    -0.02694   0.0370321   0.174371 -0.0434829 -0.0753911 0.000959687 -0.00276465 -0.00451085  -0.0156326    0.024753 -0.00976794     1.50886 -0.00438835    -9.69226 
               139.4  9.66602  18.6619 -54.1179 -0.117937  0.574549   1.36924  0.786176 -0.116716 -0.148269 -0.00942418  -0.0269859   0.0368429 0.0229512 -0.069152 0.0178776 3.09185e-06 -0.00238041 -0.00470492  -0.0129406   0.0235662 -0.00996297    1.50927 -0.0037738   -9.69219 
               139.5  8.85112  17.1733 -54.0575 -0.123223  0.564962    1.3739  0.783673 -0.120499  -0.15088 -0.00936911  -0.0269686   0.0368414 -0.00355069  -0.0561522   0.0381275 0.000300581 -0.00232403 -0.00477498 -0.0125298  0.0234821 -0.0100302     1.50895 -0.00363678    -9.69224 
               139.6  7.99458  15.6309 -53.9778 -0.129913   0.56142   1.38386  0.777541  -0.12622 -0.160283 -0.00933568  -0.0270317   0.0367724  0.0223432  -0.069017 0.00176331  0.00090562 -0.00240551 -0.00510825 -0.0111149  0.0227167 -0.0102475     1.50905 -0.00323085    -9.69223 
               139.7  8.19294  13.7189 -54.2447 -0.12713 0.555136  1.37942  0.778338 -0.124446 -0.161724 -0.00933145  -0.0270567   0.0367795     0.0596  -0.109182 -0.0596771  0.00091946  -0.0024674 -0.00533511 -0.0111993  0.0228764 -0.0101722      1.5092 -0.00311402     -9.6922 
               139.8  8.32256  13.3266 -54.2834 -0.11978 0.553991  1.37485  0.778007  -0.12177 -0.167823 -0.0093638 -0.0271435  0.0367347  0.0927918 -0.0627217 -0.0511303  0.00134172 -0.00288184 -0.00541191 -0.0108162  0.0227584 -0.0101472     1.50974 -0.00274727    -9.69212 
               139.9  9.00612  11.9382 -54.4141 -0.116066  0.562701   1.37082  0.776447  -0.11917 -0.177963 -0.00936573  -0.0272612   0.0366902   0.114068 -0.0338042 -0.0502841   0.0014002 -0.00257452 -0.00525338 -0.0101363  0.0225633 -0.0101018     1.51039 -0.00215204    -9.69202 
                 140   8.9772  10.2409 -55.3039 -0.117484  0.558849   1.37027  0.771869 -0.122817 -0.182506 -0.00927073  -0.0273001   0.0367374   0.110651 -0.0404945 -0.0363872  0.00138831 -0.00217625 -0.00495807 -0.00946625   0.0222869  -0.0102662     1.51016 -0.00183056    -9.69205 
               140.1  9.25707  10.2104 -55.5906 -0.118799  0.557188   1.36283  0.774016 -0.121715 -0.181735 -0.00917474  -0.0273419   0.0367934  0.0974571 -0.0398148 -0.0408923  0.00111321 -0.00228884 -0.00511942 -0.00982518   0.0230249 -0.00995031     1.50994 -0.00170843    -9.69209 
               140.2  9.54985  9.42094 -55.3481 -0.112049  0.556907   1.36703  0.770893 -0.123506 -0.185039 -0.00917781  -0.0273502   0.0367906  0.0191884 0.00434819  0.0278793 0.000866778 -0.00186734 -0.00539073 -0.00931836   0.0226061  -0.0101494     1.50997 -0.00153888    -9.69208 
               140.3  8.93206  8.47855 -55.6757 -0.104471   0.56494   1.36617  0.774537 -0.119139  -0.18967 -0.00918328  -0.0273522   0.0367989  0.00549778   0.0110664 -0.00636898 0.000910936 -0.00207406 -0.00504558 -0.00937553   0.0227465 -0.00993134     1.51063 -0.00148766    -9.69198 
               140.4 9.20648  8.5297 -55.082 -0.103386  0.563236   1.36784  0.772135 -0.119995 -0.191128 -0.00920949  -0.0273444   0.0367875  0.0177686 -0.0375538 -0.0281623  0.00125924 -0.00249329 -0.00501369 -0.00914627   0.0223604  -0.0101529     1.51064 -0.00142396    -9.69198 
               140.5  10.0422  7.95426 -55.3898 -0.10661 0.567089  1.36725  0.768899 -0.120028 -0.195867 -0.00920847  -0.0273425   0.0367645  0.0406195  0.0329683 -0.0155141   0.0018213 -0.00219063 -0.00463222 -0.00874533    0.022086  -0.0103136     1.51072 -0.00106406    -9.69197 
               140.6  11.0295  8.40787 -54.3539 -0.107471   0.57049   1.36543  0.768559 -0.120129 -0.196008 -0.00922108  -0.0273433   0.0367675  0.0450582  0.0715397 0.00182721  0.00256354  -0.0019275 -0.00495922 -0.0087195  0.0221966 -0.0102765      1.51064 -0.000964285     -9.69198 
               140.7  11.7846   8.2641 -54.3259 -0.106176  0.570928   1.35656  0.771983 -0.122632 -0.185623 -0.00921432  -0.0274422   0.0369262 0.0498388  0.134213 0.0189102  0.00238685  -0.0017845 -0.00480912 -0.00929941   0.0232917 -0.00978473     1.50987 -0.00118294     -9.6921 
               140.8  13.7679  7.77582 -53.6977 -0.0946047   0.580975    1.35234  0.775371 -0.124768 -0.175738 -0.00923277  -0.0275589    0.037073     0.12659    0.152113 0.000257957  0.00180056 -0.00178759 -0.00514063 -0.00984851   0.0240903 -0.00944393     1.50927 -0.00152017    -9.69219 
             140.899  14.2748  7.05122 -53.9983 -0.0863694   0.591419    1.33842  0.775092 -0.130814 -0.160544 -0.00923819    -0.02763   0.0372217  0.0553077   0.141273 -0.0632959  0.00101952 -0.00184269 -0.00505993  -0.0103494   0.0251479 -0.00916623     1.50788 -0.00164917    -9.69241 
                 141  12.3055  7.82989 -54.5529 -0.0968295   0.588698    1.32067  0.775792 -0.137253  -0.14267 -0.00910428  -0.0276324   0.0369968 -0.0021794  0.0776462  -0.107597 0.000485733 -0.00165846  -0.0053675  -0.0109538   0.0265509 -0.00880121     1.5063 -0.0017695   -9.69265 
             141.099  11.1161  8.52542 -54.2423 -0.102017   0.57693    1.3209  0.772226 -0.142753 -0.128042 -0.00908195  -0.0276567   0.0368195 -0.0114792  0.0435385  -0.107212 0.000855436 -0.00187561 -0.00551207  -0.0114414   0.0267635 -0.00904872     1.50504 -0.00197843    -9.69285 
             141.199  10.6247  8.79968 -54.7389 -0.110838  0.576979   1.30809  0.769429 -0.145343 -0.122811 -0.00903585  -0.0276889   0.0366878 -0.0361871  0.0483453 -0.0629469  0.00110565 -0.00190241 -0.00515168  -0.0115612   0.0267355 -0.00924265     1.50447 -0.00198041    -9.69294 
               141.3  9.60476  10.3189 -54.8264 -0.110862   0.57732    1.3015  0.770475 -0.147129 -0.114099 -0.00902474  -0.0276712   0.0367169 -0.0155055  0.0788139 -0.0671033  0.00127514 -0.00178432 -0.00547895  -0.0120144   0.0269938 -0.00923962     1.50399 -0.00230669    -9.69301 
               141.4  8.96228  10.5165 -55.6318 -0.118108  0.568575   1.29786   0.767398  -0.151966 -0.0992949 -0.00897334  -0.0276433   0.0366767 -0.0754712  0.0333465 -0.0744623 0.000756718 -0.00165295 -0.00558711   -0.012634   0.0270208 -0.00955411     1.50284 -0.00267251    -9.69319 
             141.499  7.39648  11.3338 -56.4681   -0.121 0.565052  1.29806   0.765306   -0.15273 -0.0959922 -0.00902619  -0.0276616   0.0367334  -0.107412  0.0119757 -0.0545055 0.000867325 -0.00205105 -0.00546838  -0.0128075   0.0264497 -0.00990765     1.50272 -0.00291334    -9.69321 
               141.6  6.78437  11.8478 -57.3914 -0.134813  0.554735   1.29543  0.761508 -0.155095  -0.09129 -0.00902064   -0.027664   0.0367341 -0.0888643 -0.0306145  -0.057383  0.00104446 -0.00226424 -0.00547941 -0.0129522  0.0259619 -0.0103078     1.50227 -0.00305512    -9.69328 
               141.7  6.51751  12.6234 -58.7086 -0.135025  0.550945   1.30339   0.757298  -0.155726 -0.0910561 -0.0090872 -0.0276629  0.0367343 -0.0421983 0.00795968 -0.0138833  0.00160258 -0.00245625 -0.00536422 -0.0128816  0.0248924 -0.0109441   1.50233 -0.003231  -9.69327 
             141.799  6.53044  12.5681 -59.6767 -0.141627  0.557623   1.29809   0.759711  -0.154267 -0.0936275 -0.00909814  -0.0276845   0.0367298  -0.052308   0.037275 0.00375748  0.00133366 -0.00239349 -0.00606664 -0.0128134  0.0253028 -0.0106391     1.50255 -0.00310115    -9.69324 
               141.9  6.05491  12.8279 -60.9717 -0.132218  0.557568   1.29547   0.764644  -0.152447 -0.0917863 -0.00913518  -0.0276533   0.0366688  -0.020322  0.0409133 0.00043786  0.00138612 -0.00267099 -0.00582026 -0.0130947  0.0255392 -0.0103921     1.50287 -0.00346787    -9.69319 
                 142  5.94643   13.081 -61.4173 -0.131509  0.562466   1.29612   0.765173   -0.15187 -0.0923951 -0.00915087  -0.0276567   0.0366535  0.00805699   0.0226618 -0.00696637  0.00139209 -0.00283426 -0.00563641 -0.0130799  0.0255068 -0.0103951     1.50299 -0.00349093    -9.69317 
             142.099  5.18183  11.9775 -62.4894 -0.11948 0.564702  1.29609   0.763582  -0.151304 -0.0951839 -0.00913763  -0.0276653   0.0366727   0.106832  -0.013712 -0.0358281  0.00170189 -0.00270806 -0.00538111 -0.0128456  0.0250822  -0.010646     1.50322 -0.00341998    -9.69313 
             142.199  4.67906  13.2227 -62.7425 -0.101707    0.5646   1.29314   0.769212  -0.148049 -0.0950899 -0.00906292   -0.027658    0.036639    0.149993 -0.00283508  -0.0401707   0.0016663 -0.00262602 -0.00518697 -0.0131365  0.0250436 -0.0104585     1.50383 -0.00395344    -9.69304 
             142.299  5.24417  12.5137 -62.4948 -0.0950674    0.56894    1.30362   0.762102  -0.150921 -0.0969426 -0.00910898  -0.0276401   0.0366957 0.0252931 0.0328872 0.0214666  0.00121484 -0.00203983 -0.00559376 -0.0126708  0.0243418 -0.0111404     1.50352 -0.00361332    -9.69309 
             142.399  3.10497  13.5341 -64.6411 -0.100064  0.554432   1.30672  0.759272 -0.157329 -0.085608 -0.00910233  -0.0276394   0.0366495 -0.0131956  -0.022499  0.0168827 0.000817195 -0.00198872 -0.00530191 -0.0131311   0.024437 -0.0113712     1.50225 -0.00389562    -9.69328 
             142.499 2.49088 13.8615 -64.383 -0.111669  0.541571   1.33189    0.75169  -0.161708 -0.0852935 -0.00912589  -0.0276851   0.0366129 -0.0651328 -0.0138261  0.0800795  0.00135314 -0.00222924 -0.00563398  -0.012695  0.0234685 -0.0122896     1.50183 -0.00379692    -9.69335 
             142.599   4.5302  14.5156 -64.7132 -0.103818  0.540838   1.35115   0.751175  -0.161417 -0.0869586 -0.00908191  -0.0275871   0.0365464   0.076708 -0.0118894  0.0810838  0.00218101 -0.00243741 -0.00456261 -0.0124667  0.0229932 -0.0127115    1.50211 -0.0039518    -9.6933 
             142.699 8.55504  12.508  -63.22 -0.107057  0.544326   1.33994    0.75203  -0.161162 -0.0852146 -0.00928527  -0.0278017   0.0367792  0.107868 0.0176371  0.044801  0.00173164 -0.00191649 -0.00435558 -0.0128689  0.0238578 -0.0119915      1.5017 -0.00361037    -9.69337 
               142.8  9.31641   12.286 -61.9227 -0.120111  0.548466   1.34827  0.745428 -0.164323 -0.087491 -0.00949407   -0.027682   0.0369934 0.0991607  0.058563 0.0570462  0.00182988 -0.00165846 -0.00444965 -0.0123253  0.0237372 -0.0123635     1.50129 -0.00291694    -9.69343 
             142.899  10.7386   12.215 -61.0427 -0.114122  0.558781   1.34664   0.745223  -0.166924 -0.0822281 -0.00976364  -0.0278902   0.0371876 0.0877621  0.128091 0.0516162   0.0011623 -0.00157983 -0.00468106  -0.012746  0.0244474 -0.0119004     1.50049 -0.00275635    -9.69355 
             142.999  10.2623  11.7473 -59.7086 -0.122386  0.553128   1.33864   0.745224  -0.171587 -0.0715369 -0.00999682  -0.0280425   0.0370917  0.040938  0.121289 0.0299719 0.000747914 -0.00130083  -0.0047969 -0.0134259  0.0253337 -0.0114988     1.49923 -0.00276473    -9.69375 
             143.099  10.1242  12.3207 -59.3721 -0.132562  0.572419   1.34405   0.743327  -0.173441 -0.0707299 -0.0100865 -0.0280259  0.0370314 -0.0747282   0.140467  0.0547806 0.000721862 -0.00167071 -0.00475078 -0.0133934  0.0255998 -0.0114369    1.49884 -0.0024763   -9.69381 
               143.2  9.80433  13.0998 -57.4638 -0.13404 0.565124  1.34662   0.742317  -0.177634 -0.0621888 -0.0101255 -0.0280895  0.0369586 -0.060924  0.115862 0.0538927  0.00122734 -0.00204093 -0.00438978  -0.013756  0.0257274 -0.0115518     1.49801 -0.00273683    -9.69394 
             143.299  9.44723  13.4782 -57.6841 -0.136598  0.577191   1.35552   0.742166  -0.179426 -0.0583463 -0.0101229 -0.0281228  0.0369285 0.0443108   0.12271 0.0382417  0.00154707  -0.0023369 -0.00398201 -0.0139322  0.0257895 -0.0116001     1.49765 -0.00288485    -9.69399 
             143.399  10.7166  12.4297 -55.6708 -0.141114   0.57002   1.34814  0.743868 -0.184628 -0.042694 -0.0101454 -0.0281612  0.0368315  0.0887889  0.0887839 -0.0271513  0.00112283  -0.0022471 -0.00467008 -0.0150053  0.0268918 -0.0112545     1.49614 -0.00325657    -9.69423 
             143.499 10.2343 12.2956 -54.957 -0.126254  0.560245   1.33266  0.753642 -0.182713 -0.028168 -0.0101516 -0.0281703  0.0367822   0.122055  0.0705527 -0.0504295  0.00113751 -0.00227568 -0.00464177 -0.0164893  0.0281274 -0.0105054     1.49567 -0.00408948     -9.6943 
             143.599 10.3754 12.4392 -54.832 -0.122813  0.560118   1.33163  0.754025 -0.181799 -0.026024 -0.0101106  -0.028208  0.0368097   0.130017   0.071255 -0.0512284  0.00114402 -0.00227852 -0.00463729 -0.0167068  0.0280614 -0.0104798    1.49569 -0.0042019    -9.6943 
               143.7  10.4175  12.4708 -54.8231 -0.121131  0.558955   1.33039   0.754799  -0.181724 -0.0238471 -0.0100932 -0.0282253  0.0368175   0.133736  0.0689325 -0.0530258   0.0011479 -0.00228168 -0.00463166 -0.0168734  0.0281567  -0.010427     1.49561 -0.00429547    -9.69431 
             143.799  10.4392   12.461 -54.8183 -0.0705209   0.588628    1.30731   0.755197  -0.181459 -0.0234548 -0.0100835 -0.0282335  0.0368183 -0.0110303   0.115808 -0.0768176   0.0011516 -0.00227969 -0.00463083 -0.0169164   0.028199 -0.0103917     1.49563 -0.00431038    -9.69431 
             143.899  7.41054  12.9665 -53.8698 -0.071202   0.55561   1.32761   0.752125  -0.183992 -0.0193307 -0.0100538 -0.0282331  0.0367985  -0.00716331   -0.0134441 -0.000886632  0.00115489 -0.00233711 -0.00461901 -0.0169524  0.0277497  -0.010759     1.49527 -0.00447003    -9.69436 
             143.999 7.13239 13.8202 -53.576 -0.0797554   0.552243    1.35628   0.749927  -0.185272 -0.0216075 -0.0101169 -0.0282864  0.0367555   0.0394966 -0.00596074   0.0836568  0.00186959 -0.00280166 -0.00465426 -0.0166573  0.0274091 -0.0108925    1.49529 -0.0044012   -9.69436 
             144.099 7.22987 12.5169 -54.083 -0.10163 0.548762  1.31584   0.750465  -0.184933 -0.0218472 -0.0101189 -0.0282946  0.0367761 -0.0270565 0.00916906 -0.0503083  0.00219945  -0.0027993 -0.00489227 -0.0167003   0.027567 -0.0107878      1.4953 -0.00438569    -9.69436 
             144.199   7.4192   12.196 -53.6579 -0.102117  0.558784   1.29828   0.750604  -0.184824 -0.0220479 -0.0101187 -0.0282999   0.036774 0.00552032   0.044643 -0.0786508  0.00178865 -0.00278286 -0.00543084 -0.0166892  0.0275595 -0.0107521     1.49532 -0.00437979    -9.69435 
             144.299  7.39988  11.3151 -54.7465 -0.104033  0.563617   1.30073    0.75048  -0.184941 -0.0220522 -0.0101135 -0.0282945  0.0367768 -0.00534755   0.0806277   -0.045521  0.00147631 -0.00233703 -0.00493715 -0.0166638   0.027544 -0.0107785     1.49531 -0.00437666    -9.69435 
             144.399  7.46152  10.4247 -54.8697 -0.118698  0.571607   1.30278  0.749792 -0.185433 -0.022064 -0.0101083 -0.0282965  0.0368161 -0.035978 0.0915414 -0.025973  0.00129154  -0.0022333 -0.00529759 -0.0165919  0.0277155 -0.0107996     1.49522 -0.00433186    -9.69437 
             144.499  7.75445  10.5155 -54.5839 -0.116759  0.568686    1.3213   0.749172  -0.186137 -0.0213594 -0.0101069 -0.0282703  0.0368129  0.0329772  0.0468244 0.00527492  0.00190074 -0.00377475 -0.00467803 -0.0166417  0.0276063 -0.0110429     1.49516 -0.00438688    -9.69438 
             144.599  8.17158  9.51656 -54.7568 -0.108393  0.572935   1.34407   0.748191  -0.185888 -0.0231057 -0.0100718 -0.0282185  0.0368035   0.13547  0.044073 0.0214582  0.00234566 -0.00383395 -0.00373818 -0.0164113  0.0271428 -0.0114214     1.49531 -0.00435959    -9.69435 
             144.699  8.39722  8.62867 -54.4692 -0.109573  0.577684   1.34234   0.746125  -0.187133 -0.0235086 -0.0101243 -0.0282164  0.0368577   0.211933  0.0179625 -0.0107207  0.00242817 -0.00379154 -0.00468968 -0.0160397  0.0278239 -0.0113067     1.49502 -0.00410931     -9.6944 
             144.799  9.12454  7.15701 -54.1727 -0.108644  0.576203   1.33535   0.747451  -0.188387 -0.0195269 -0.0101915 -0.0282647   0.036859   0.200957    0.02132 -0.0310846  0.00100896 -0.00203368 -0.00647689 -0.0163578  0.0286465 -0.0109588     1.49466 -0.00417269    -9.69445 
             144.899  9.54232   6.9631 -54.4046 -0.0967063   0.584568    1.34318   0.744448  -0.189575 -0.0207503 -0.0101921 -0.0282275  0.0369382  0.0564743  0.0716116 0.00705474 5.62726e-05 -0.00141781 -0.00672832 -0.0158887  0.0287932 -0.0112233     1.49449 -0.00394873    -9.69448 
                 145  7.05521  8.62651 -56.7646 -0.10408 0.584936  1.34139   0.743055  -0.191561 -0.0171644 -0.0100566 -0.0282387  0.0368203  0.0243291   0.057221 0.00152194 -7.47861e-05   -0.0015058  -0.00639538 -0.0158029  0.0297337 -0.0110655     1.49398 -0.00377627    -9.69456 
             145.099  6.58141  9.27605 -57.3536 -0.113665  0.598826   1.36195   0.737617  -0.191451 -0.0224382 -0.0100685 -0.0283716  0.0366976 0.0024691 0.0909249 0.0362405 0.000404006 -0.00214621 -0.00566225  -0.014974   0.029295 -0.0119448     1.49405 -0.00339692    -9.69455 
               145.2  6.55325  9.67647 -57.4339 -0.116539   0.59833    1.3677   0.734652  -0.192308 -0.0224746 -0.0100781  -0.028384  0.0366662 0.0237397 0.0756274 0.0487073  0.00133994 -0.00328243 -0.00485159 -0.0147266  0.0293341 -0.0123474     1.49386 -0.00323991    -9.69458 
             145.299  6.91424  9.40991 -56.8104 -0.118351   0.60048   1.37351   0.733398  -0.195569 -0.0145104 -0.0101136 -0.0284266  0.0366718 0.0476132 0.0209479   0.01733  0.00105493  -0.0031902 -0.00563574 -0.0151716  0.0304134 -0.0122453     1.49308 -0.00328458     -9.6947 
               145.4  7.61512  8.52931 -57.1897 -0.120333   0.58629   1.37374   0.731566  -0.200523 -0.0030336 -0.0101738 -0.0284674  0.0367407 0.0477103 0.0100751 0.0288358 0.000798915 -0.00289894 -0.00485581 -0.0159011  0.0317453 -0.0121494     1.49199 -0.00342036    -9.69487 
             145.499  8.05912  9.62355 -56.5393 -0.131096  0.582509    1.3751   0.727756  -0.203424 0.00119696 -0.0102689 -0.0284771   0.036789  0.0259005 0.00877946  0.0323968  0.00163256 -0.00288351 -0.00452129 -0.0157287  0.0326024 -0.0123215     1.49132 -0.00317175    -9.69497 
             145.599 8.10993 9.29589 -56.523 -0.128879  0.584557   1.37665   0.729209  -0.204735 0.00526828 -0.0102826 -0.0285099  0.0368119 0.0357698 0.0404605 0.0300919  0.00163453 -0.00252319  -0.0045259 -0.0160867   0.033188 -0.0119016    1.49103 -0.0032844   -9.69501 
               145.7  9.61652  7.61058 -55.9111 -0.131009  0.577082    1.3956   0.72213 -0.209543 0.0144731  -0.010376 -0.0285098  0.0368849  0.074738 0.0859283 0.0592906  0.00168483 -0.00195934 -0.00440854 -0.0165876   0.033352 -0.0132603     1.49002 -0.00337859    -9.69517 
             145.799  10.4278  7.20906 -53.8442 -0.128437  0.580821   1.40224  0.720759 -0.210559 0.0161056 -0.0104312 -0.0285092  0.0369019 0.0746333 0.0912008 0.0656909  0.00122291 -0.00239843  -0.0041356 -0.0165885  0.0335459 -0.0134038     1.48981 -0.00333397     -9.6952 
             145.899  10.5228  6.09586 -52.7534 -0.130659  0.589281   1.40413  0.720434 -0.211563 0.0168246 -0.0105504 -0.0284864  0.0369223 0.0475902 0.0589588 0.0543024  0.00060893 -0.00203365 -0.00355218 -0.0163491  0.0342649 -0.0130063    1.48958 -0.0031397   -9.69524 
                 146  10.2653   5.8311 -51.0254 -0.134848  0.588288   1.41977  0.714265 -0.212855 0.0170183 -0.0106095 -0.0284443  0.0368991 0.0125099 0.0232075 0.0634202 0.000457944 -0.00273483 -0.00380287 -0.0160899   0.033838 -0.0141031      1.4893 -0.00297188    -9.69528 
             146.099  10.0179  4.62641 -50.4813 -0.143415  0.592458   1.41748  0.716777 -0.213469 0.0184371 -0.0106852 -0.0284207  0.0368641 -0.0425243 0.00026488  0.0307594 0.000517479 -0.00187826  -0.0047149 -0.0160108  0.0347857 -0.0132449    1.48916 -0.0028886    -9.6953 
               146.2   11.911   3.5031 -50.0314 -0.152934  0.605844   1.41523  0.716714 -0.211869 0.0109471 -0.0107053 -0.0284079  0.0369086 0.0115638 0.0570649 0.0112083 0.000979559 -0.00167259 -0.00529319 -0.0150808  0.0349779 -0.0128253      1.4895 -0.00247133    -9.69525 
             146.299  12.649 2.60496 -50.057 -0.153571  0.605783   1.41307  0.716644 -0.213493 0.0164364 -0.0106631 -0.0284024  0.0369534  0.0604773  0.0946818 0.00518632  0.00236452 -0.00101566  -0.0054266 -0.0153869  0.0356076 -0.0126862     1.48908 -0.00254384    -9.69531 
             146.399  13.5372  2.52555 -50.0725 -0.144334  0.628656   1.41165  0.716929 -0.213775 0.0162758 -0.0106523 -0.0284222  0.0369789  0.0656037   0.160756 0.00405982    0.0019618 -0.000755386  -0.00514622 -0.0152205  0.0359608 -0.0124253     1.48903 -0.00245907    -9.69532 
             146.499    15.72  3.59541 -47.1913 -0.152248  0.612765   1.41539  0.712721 -0.219078 0.0396137 -0.0107247 -0.0284041  0.0372336  0.0151062  0.0992293 0.00645657  0.00105829 -0.00112414 -0.00465044 -0.0164851  0.0376096 -0.0130947     1.48739 -0.00277962    -9.69557 
             146.599  16.1341  3.30562 -46.6665 -0.151204  0.625282   1.41131  0.715569 -0.221486 0.0511769 -0.0107396 -0.0284484  0.0373225 0.00662126   0.189151  0.0134122   0.00138049 -0.000546857   -0.0042294 -0.0173066  0.0387057  -0.012664     1.48681 -0.00309594    -9.69566 
               146.7  17.2123  3.57982 -45.1664 -0.153008  0.635695   1.41111  0.714771 -0.224919 0.0666253 -0.0107487 -0.0284505  0.0373743 0.0333079  0.226252 0.0192994 0.00166548 -0.0013446 -0.0052643 -0.0180943  0.0401423  -0.012684     1.48581 -0.00333071    -9.69582 
             146.799   17.558  3.37014 -45.3892 -0.160164  0.630327   1.41196  0.712192  -0.23028 0.0948817 -0.0105402  -0.028384   0.037284   -0.0100468     0.185541 -0.000465461 0.000585722 -0.00107519 -0.00605424 -0.0197739  0.0423617 -0.0130717     1.48404 -0.00381783    -9.69609 
             146.899  16.8462  3.69536 -45.9194 -0.171351  0.618891   1.40909  0.710295 -0.235294  0.122719 -0.0102272 -0.0282957  0.0370627 -0.0753454   0.112279 -0.0107848 9.91626e-05 -0.00125063 -0.00607214 -0.0214157  0.0446758 -0.0133354     1.48235 -0.00429482    -9.69635 
             146.999  16.4264   3.9383 -46.3613  -0.1831 0.607337  1.40958  0.708243 -0.238733  0.148154 -0.0100192 -0.0281782  0.0369062   -0.15951  0.0924947 -0.0215789 -0.000166486 -0.000948367  -0.00685605 -0.0232805  0.0459911 -0.0138629    1.48099 -0.0048359   -9.69655 
             147.099  15.2832  4.46462 -47.1433 -0.195197  0.602036   1.40379  0.709316 -0.241061   0.16357 -0.00986746   -0.028085   0.0367888  -0.132754  0.0781564 -0.0374811 0.000888981 -0.00143601  -0.0062416 -0.0243871   0.047226 -0.0138267     1.48021 -0.00519039    -9.69667 
             147.199  15.8518  4.91283 -47.8128 -0.213694  0.582212   1.41627  0.694667 -0.244669  0.185021 -0.00960272  -0.0280283   0.0366965   -0.149118   0.0552818 -0.00645068  0.00113539 -0.00199611  -0.0060491 -0.0259076  0.0469499 -0.0158742     1.47863 -0.00550597    -9.69691 
             147.299   15.947  5.10154 -48.1168 -0.215019  0.585421    1.4065  0.704944 -0.245736  0.198844 -0.00960318  -0.0279024   0.0366877 -0.0901527   0.128545 0.00900783  0.00214654 -0.00211671 -0.00522043 -0.0271419  0.0486895 -0.0147994     1.47836 -0.00597004    -9.69695 
             147.399  18.6786    3.468 -46.8024 -0.217627  0.584364   1.40893 0.704145 -0.24737 0.211835 -0.00964816   -0.027911   0.0367284 -0.0453601   0.120116   0.013584  0.00161601 -0.00201773 -0.00524301 -0.0281893  0.0491919 -0.0150856     1.47774 -0.00627577    -9.69705 
               147.5  19.3317  2.24807 -46.3268 -0.213879  0.589844   1.41456  0.703147 -0.248344   0.22189 -0.00965054  -0.0279342   0.0366883 0.00712823    0.15325  0.0362686  0.00153182 -0.00194019 -0.00469068 -0.0291007  0.0491739 -0.0154235     1.47733 -0.00653433    -9.69711 
               147.6  19.4113  1.65536 -46.1844 -0.206061  0.579589   1.41801  0.705366 -0.251736  0.252453 -0.00975757  -0.0280376   0.0366043 -0.0179443  0.0967815  0.0229469 0.000817211 -0.00224488 -0.00470892 -0.0314429   0.050919 -0.0155702       1.476 -0.00722026    -9.69731 
               147.7    18.7818 -0.0232577   -46.2937 -0.199802   0.57909   1.40804  0.715764 -0.252278   0.26279 -0.00984015  -0.0280323   0.0365298  0.0265996 -0.0081309 -0.0411999 -0.000676554  -0.00240309  -0.00552726 -0.0322291  0.0528101 -0.0145152     1.47584 -0.00752149    -9.69734 
               147.8  17.3603 -1.13844 -47.1695 -0.194289  0.575968   1.40385    0.7204 -0.252616  0.270258 -0.00987212  -0.0280276   0.0364676  0.0412594 -0.0261614 -0.0553391 -0.000197129  -0.00215485  -0.00583742 -0.0328573  0.0536118 -0.0141212     1.47568 -0.00773325    -9.69736 
             147.899   16.2557 -0.711145  -47.3255 -0.179083  0.559738   1.39064  0.723565 -0.253449   0.28075 -0.00990971    -0.02806   0.0363813  0.0596615 -0.0286672 -0.0519657 0.000929939 -0.00248709 -0.00572076 -0.0337169  0.0543322 -0.0139373     1.47534 -0.00800138    -9.69741 
                 148  17.9445 0.562062 -46.6513 -0.17887 0.567549  1.38759  0.719059 -0.252712  0.268674 -0.00993067  -0.0280393   0.0362951  0.0960817  0.0131392 -0.0386932  0.00212023  -0.0024725 -0.00449026 -0.0325429  0.0537913 -0.0141931      1.4756 -0.00762431    -9.69737 
               148.1  18.9253 0.191437 -46.3455 -0.170718  0.569121   1.37999 0.721452  -0.2532 0.269222 -0.00993591  -0.0280484   0.0362936  0.0868028  0.0068474 -0.0597527  0.00152205 -0.00209821 -0.00498825 -0.0324947  0.0542393 -0.0139022     1.47562 -0.00764784    -9.69737 
               148.2  20.1033 0.425673 -46.3226 -0.167008  0.570267   1.37813  0.716716 -0.252885   0.26888 -0.00993284  -0.0280321   0.0363357   0.100763  0.0432122 -0.0335133  0.00113867 -0.00223196 -0.00519342 -0.0323301  0.0539249 -0.0143988     1.47542 -0.00753321     -9.6974 
               148.3  20.3328 0.611931 -46.5179 -0.171095  0.568943   1.38806  0.703014 -0.251367   0.27432 -0.00991289  -0.0279977   0.0363791   0.0882637   0.0746915 -0.00734162  0.00146811 -0.00200185 -0.00526927 -0.0327346  0.0527521 -0.0160542     1.47469 -0.00741889    -9.69751 
               148.4  20.4203 0.504786 -46.7579 -0.179915  0.564585    1.3863  0.699994 -0.252752  0.283354 -0.00985565  -0.0280216   0.0363792  0.0720321  0.0582798 -0.0138098  0.00119429 -0.00193083 -0.00533885 -0.0327817  0.0537777 -0.0162977     1.47397 -0.00737628    -9.69762 
             148.499  20.7265  0.45016 -46.8832 -0.172772  0.566548   1.38275  0.697701 -0.253279   0.28919 -0.00982173  -0.0280298   0.0364002  0.0578085  0.0435151 -0.0221719  0.00078336 -0.00188167 -0.00526777 -0.0329723  0.0541665 -0.0165536     1.47354 -0.00738575    -9.69769 
               148.6  20.1715  1.17209 -47.0992 -0.178492  0.572749   1.38509  0.689969 -0.252697  0.289934 -0.00980024   -0.028059    0.036321 0.0383995  0.074417 -0.021055  0.00101586  -0.0016847 -0.00545273 -0.0328491  0.0537654 -0.0173359     1.47316 -0.00721941    -9.69774 
               148.7  19.8161  1.26263 -47.4793 -0.18433 0.563502  1.38621  0.683587 -0.253706  0.306034 -0.00974548  -0.0280924   0.0361967  0.0313033  0.0499153 -0.0181402  0.00121478 -0.00182736 -0.00491643 -0.0336872  0.0544011 -0.0181226     1.47209 -0.00731985    -9.69791 
             148.799  19.8287  1.39524 -47.4588 -0.190994  0.564213   1.38685  0.678996 -0.254205  0.312699 -0.00973171  -0.0281126   0.0361326  7.12386e-05    0.0879819 -0.000180662  0.00122358 -0.00165136 -0.00476349 -0.0339157  0.0546928 -0.0186126     1.47152 -0.00729692    -9.69799 
             148.899 19.7547 1.09763 -47.241 -0.194939  0.564128   1.39255  0.673286 -0.253745  0.320442 -0.00974561  -0.0281309   0.0361131  -0.0231474   0.0644715 -0.00262989 0.000849692 -0.00155028 -0.00527623 -0.0346226  0.0542402 -0.0193822     1.47103 -0.00738531    -9.69807 
                 149  19.4168 0.743713 -47.5572 -0.202916  0.567704   1.39101  0.672119 -0.254892  0.330067 -0.00975266  -0.0281468   0.0360657  -0.0369004   0.0996315 -0.00791006  0.00112194 -0.00119659 -0.00496576 -0.0350925  0.0549574 -0.0195461     1.47046 -0.00748203    -9.69815 
               149.1  19.3509  1.02039 -47.3083 -0.198728  0.568773   1.39482  0.670706 -0.254607  0.339669 -0.0097492 -0.0281652  0.0360706  -0.020547  0.0658501 -0.0114775  0.00102966 -0.00166667 -0.00502622 -0.0361181  0.0546118 -0.0199594     1.47012 -0.00773021     -9.6982 
             149.199   19.065  1.24033 -47.2991 -0.199806  0.563801   1.39783  0.667477 -0.254789  0.347753  -0.009757 -0.0281791  0.0360659  -0.0236748   0.0583678 -0.00837592  0.00124731 -0.00174812  -0.0051152 -0.0367681  0.0545362 -0.0204376     1.46966 -0.00784862    -9.69827 
             149.299 18.9573 1.00991 -47.304 -0.194451   0.56686    1.3989  0.668989 -0.254712  0.353606 -0.00974887  -0.0281914   0.0360682 -0.0101022  0.0932175  0.0050709  0.00138817 -0.00150165 -0.00522496 -0.0374364  0.0544691 -0.0204594     1.46956 -0.00805066    -9.69829 
               149.4    19.18  1.00692 -47.0858 -0.197211  0.582546   1.40675  0.663974 -0.254216  0.356514 -0.00975158  -0.0281896   0.0360783 -0.00404122    0.113893   0.0103488  0.00125298 -0.00164248 -0.00541851  -0.037784  0.0538433 -0.0210916      1.4693 -0.00806757    -9.69833 
               149.5  19.2899 0.766179 -46.9435 -0.19868 0.581461  1.40404 0.665481 -0.25586 0.369574 -0.00977318  -0.0282178   0.0360938 -0.00767512    0.086113 -0.00131714 0.000971787 -0.00162068  -0.0048739 -0.0384974  0.0550633 -0.0210061     1.46866 -0.00826686    -9.69843 
               149.6  19.2409  1.39568 -46.7221 -0.200936  0.583546   1.39653  0.669713 -0.257888   0.38018 -0.00978318  -0.0282473   0.0361104 -0.00883553    0.101745  -0.0059569  0.00109393 -0.00204426 -0.00496521 -0.0388712  0.0567588  -0.020523     1.46816 -0.00841517     -9.6985 
               149.7  19.0781 0.838369 -46.7123 -0.198577   0.59749   1.39962  0.668616 -0.257109   0.37894 -0.00977441  -0.0282415   0.0361088  -0.0101468     0.12351 -0.00238067  0.00112537 -0.00154514 -0.00531234 -0.0390488  0.0560785 -0.0207376     1.46828 -0.00845107    -9.69848 
               149.8  19.0656  0.99704 -46.8695 -0.202431  0.591211   1.40607  0.662451 -0.257926  0.397491 -0.00974468  -0.0282453   0.0361046 -0.0241431  0.0988172 0.00589453  0.00102329 -0.00164673 -0.00522215 -0.0404483  0.0562272 -0.0216805     1.46724 -0.00872276    -9.69864 
               149.9 18.9979 1.25108 -46.723 -0.205437  0.595177   1.41476  0.656174 -0.257355  0.401865 -0.00973917  -0.0282348   0.0361078 -0.00816292    0.107763   0.0175879  0.00127785 -0.00191529 -0.00525941 -0.0409554  0.0554248 -0.0225141     1.46689 -0.00876642    -9.69869 
                 150  19.0725   1.4925 -46.8245 -0.198085  0.582931   1.41257 0.659925 -0.25997 0.428487 -0.00971462   -0.028251   0.0361222 0.0156964 0.0743144 0.0118561  0.00137523 -0.00211029 -0.00493195 -0.0428009  0.0572911 -0.0223961     1.46577 -0.00929805    -9.69886 
               150.1  19.2852  1.14474 -46.9588 -0.201662  0.589668   1.40919  0.661305 -0.260995  0.432065 -0.00970806  -0.0282656   0.0361327 -0.00596088   0.0965592  0.00303817  0.00125259 -0.00170062 -0.00494433 -0.0427627  0.0581816 -0.0221618     1.46553 -0.00930305     -9.6989 
               150.2  19.3702  1.14742 -46.8294 -0.19576 0.581475   1.4158  0.658697 -0.261656  0.451047 -0.00970099  -0.0282651   0.0361265 -0.000299253     0.074309     0.014326  0.00112445 -0.00175424 -0.00530735 -0.0444374  0.0582875 -0.0228196     1.46469 -0.00970199    -9.69902 
               150.3  19.5598  1.04733 -47.6401 -0.197532  0.578136   1.41536  0.658794 -0.262909  0.462928 -0.00965605  -0.0282605   0.0361257 -0.0160488  0.0568135 0.00296499 0.000864449 -0.00162444 -0.00522913 -0.0451599  0.0591786 -0.0228936     1.46409 -0.00988458    -9.69912 
             150.399  19.4256  1.09482 -47.7086 -0.200801  0.572862   1.41835   0.65571 -0.263661  0.473668 -0.0096252 -0.0282564  0.0361147 -0.010634 0.0575927 0.0113815  0.00106365 -0.00190123 -0.00536825 -0.0458823  0.0595202 -0.0233468    1.46346 -0.0100231   -9.69921 
               150.5   19.641  1.64575 -47.7037 -0.204669  0.571392   1.42181  0.653232 -0.264045   0.47942 -0.00961513  -0.0282534    0.036122 -0.0128735  0.0371882   0.012807 0.000960755 -0.00237183 -0.00531535 -0.0462404  0.0596724 -0.0236732    1.46308 -0.0100762   -9.69927 
             150.601  19.5156  1.33294 -48.0499 -0.202792   0.56807   1.41504  0.658624 -0.265972  0.490981 -0.00961416  -0.0282674   0.0361023 -0.00259839   0.0455297  0.00394571  0.00114974 -0.00209756 -0.00512734 -0.0468405  0.0612659 -0.0231015    1.46264 -0.0103006   -9.69933 
               150.7  19.6254  1.29093 -48.4547 -0.211701  0.563452   1.41843  0.65351 -0.26672 0.499735 -0.00958417  -0.0282698   0.0360958 -0.0102636  0.0323484 0.00408574  0.00118356 -0.00197003 -0.00514558 -0.0472632  0.0615915 -0.0236971    1.46196 -0.0103186   -9.69944 
               150.8  19.6389  1.11286 -48.7194 -0.208833  0.559943   1.41584  0.656016 -0.267828  0.509006 -0.00958686  -0.0282758   0.0360783 -0.00812152   0.0328791 -0.00176675  0.00116911 -0.00181872 -0.00512439 -0.0478839  0.0623979 -0.0235064     1.4616 -0.0105116   -9.69949 
               150.9  19.5561  1.52542 -49.0854 -0.207919  0.565309   1.41085   0.65977 -0.268412  0.510074 -0.00959108  -0.0282792   0.0360767 -0.0167002  0.0682421 -0.0079317   0.0011421 -0.00181045 -0.00514547 -0.0478851  0.0629768 -0.0230619    1.46165 -0.0105674   -9.69948 
                 151  19.7958  1.05744 -49.4181 -0.21171 0.563888  1.41618  0.654506 -0.267877  0.510829 -0.00957751  -0.0282695   0.0360849  -0.0255635   0.0644947 0.000625109  0.00107884 -0.00156553 -0.00499456 -0.0480111  0.0623427 -0.0236986    1.46145 -0.0105179   -9.69951 
               151.1  19.6294  1.25419 -49.3712 -0.213797  0.575862    1.4221  0.651706 -0.267388  0.511671 -0.00957611   -0.028266   0.0360888 -0.0126224  0.0879165  0.0130159  0.00131808 -0.00181082 -0.00495284 -0.0482414  0.0617846 -0.0240962    1.46138 -0.0105441   -9.69952 
             151.199  19.8495 0.877179  -49.298 -0.215767  0.576569   1.42231  0.651268 -0.267593  0.513012 -0.00958373  -0.0282681   0.0360889 -0.0236117  0.0895252  0.0112785  0.00103497 -0.00170431 -0.00513575 -0.0482853  0.0619034 -0.0241403    1.46128 -0.0105431   -9.69954 
             151.299  19.6734  1.13739 -49.4747 -0.215322   0.58502    1.4153  0.656934 -0.269472   0.52364 -0.00959913  -0.0282938   0.0360758  -0.0234569   0.0956876 -0.00142615  0.00114869 -0.00188818    -0.00493 -0.0488297  0.0634205 -0.0235403    1.46088 -0.0107532    -9.6996 
             151.399  19.5697  1.20112 -49.8865 -0.227727  0.590866   1.42334   0.64874 -0.268596  0.520929 -0.00959337  -0.0282847   0.0360724 -0.0587945  0.0902287 0.00890713 0.000912642 -0.00205836 -0.00506306 -0.0486301  0.0624708 -0.0244297    1.46071 -0.0105564   -9.69962 
             151.501   19.519  1.33529 -50.0377 -0.232531  0.596361   1.41587  0.653672 -0.270363  0.529055 -0.00959412  -0.0282997   0.0360626  -0.0372907   0.0910891 -0.00313424  0.00105202 -0.00230722 -0.00508317 -0.0489429  0.0638822 -0.0238502    1.46039 -0.0106916   -9.69967 
             151.601  19.3237  0.94868 -50.5438 -0.234245  0.594078   1.42148  0.650098 -0.270386  0.536636 -0.00958042  -0.0283019   0.0360522 -0.0325184  0.0791087 0.00253154  0.00132701 -0.00217864  -0.0051284 -0.0496552  0.0635538 -0.0244274    1.45996 -0.0108224   -9.69974 
             151.701  19.5161 0.718107 -50.6241 -0.24458 0.596917  1.42421  0.647225 -0.271096  0.544718 -0.00957484  -0.0283087   0.0360496 -0.0478129  0.0799753 0.00381824  0.00107644 -0.00206063 -0.00548077 -0.0501456    0.06382 -0.0248154    1.45942 -0.0108763   -9.69982 
               151.8 19.6023 1.42261 -51.117 -0.249175  0.595009   1.42705  0.645524 -0.271571  0.552049 -0.00956289   -0.028306   0.0360613   -0.0401583    0.0455929 -0.000996653  0.00090222  -0.0026262 -0.00536241 -0.0506947  0.0639506  -0.025113      1.459 -0.0109808   -9.69988 
               151.9  19.5613 0.965379 -51.7693 -0.247419  0.581764   1.43965 0.639977 -0.27122 0.566161 -0.00953996  -0.0282801   0.0360512 -0.036865 0.0181078 0.0136476  0.00100201 -0.00219111 -0.00507295 -0.0522048  0.0631189 -0.0261551     1.4583 -0.0113124   -9.69999 
             152.001  19.5943  1.25243 -51.6831 -0.254423  0.591009   1.44864   0.63531 -0.269444  0.557544 -0.00953761  -0.0282633    0.036051 -0.027874 0.0395234 0.0268561  0.00122373 -0.00236581 -0.00527779 -0.0517833  0.0619307 -0.0266739    1.45862 -0.0111333   -9.69994 
               152.1  19.7268  1.02216 -52.0181 -0.245222  0.592669   1.44343  0.642439 -0.270688  0.562183 -0.00954362  -0.0282807   0.0360388 0.00245285  0.0464356  0.0181655  0.00128844 -0.00214297 -0.00504584 -0.0521355  0.0627675 -0.0259059    1.45867 -0.0113928   -9.69993 
               152.2  20.0231 0.908258 -52.3221 -0.246662  0.598652   1.44675  0.641488 -0.270371  0.561357 -0.00954161  -0.0282761    0.036039 -0.0149361  0.0612181  0.0193193  0.00108323 -0.00179961 -0.00518388 -0.0521293  0.0625517 -0.0260301    1.45869 -0.0113769   -9.69993 
               152.3  20.1687   1.2913 -52.2441 -0.247554   0.60338   1.44791 0.641047 -0.26984  0.55739 -0.00953635  -0.0282685   0.0360333 -0.021631 0.0645573 0.0168534  0.00104858 -0.00204433 -0.00538595 -0.0518864  0.0622683 -0.0260465    1.45889 -0.0113132    -9.6999 
             152.399  20.0695  1.37667 -52.5741 -0.251673  0.598881    1.4549  0.638045 -0.270592  0.570316 -0.0095274 -0.0282686   0.036041 -0.0304356   0.079807  0.0304416  0.00122044 -0.00198644 -0.00522101 -0.0528675  0.0624607 -0.0265969    1.45814 -0.0114867   -9.70001 
             152.501  20.7842  1.08592 -53.1625 -0.257452  0.606508   1.45764  0.638577 -0.271861  0.578854 -0.00951717  -0.0282752   0.0360587 -0.0435434  0.0924084  0.0236879     0.00113 -0.00151865 -0.00514289 -0.0533338  0.0631479 -0.0265817    1.45767 -0.0115844   -9.70008 
             152.601  21.0528  1.13976 -53.2967 -0.258407     0.603   1.46098  0.639254 -0.273133  0.592494 -0.00952114  -0.0282896   0.0360611 -0.0550522  0.0987151  0.0334776 0.000919287  -0.0016989 -0.00523089 -0.0543818  0.0636532 -0.0267173    1.45702 -0.0118754   -9.70018 
             152.701  21.0833 0.821408 -53.5969 -0.261055  0.604022   1.46625  0.639263 -0.273933  0.603397 -0.00952101   -0.028301   0.0360437 -0.0589403  0.0901158  0.0263309 0.000956787 -0.00152505 -0.00547048  -0.055286  0.0638693 -0.0269197    1.45651 -0.0121264   -9.70025 
               152.8  20.7786  1.31345 -53.2896 -0.255415   0.59734   1.46186  0.644289 -0.275641  0.614558 -0.00952754  -0.0283342   0.0360463 -0.038231 0.0604588 0.0134912  0.00117382 -0.00227418 -0.00530753 -0.0560312  0.0648927 -0.0264688    1.45611 -0.0124292   -9.70031 
             152.901   21.007  1.42498 -53.5814 -0.257848   0.60381   1.46237  0.645716 -0.275869  0.616669 -0.00952672  -0.0283418     0.03605 -0.0302591  0.0551632  0.0078878 0.000983068 -0.00229256 -0.00506062 -0.0562097  0.0650632  -0.026351    1.45607 -0.0125153   -9.70032 
                 153  20.9712  1.44794 -54.1087 -0.256295  0.600521    1.4563  0.650406 -0.277864   0.62897 -0.00952386  -0.0283538   0.0360352  -0.0145532   0.0416373 -0.00355498   0.0011385 -0.00197923 -0.00528551 -0.0569384  0.0663042 -0.0259142    1.45555 -0.0127761    -9.7004 
               153.1  21.1881  1.47648 -54.1183 -0.262785  0.603433   1.45075  0.651384 -0.279002  0.631525 -0.00952842   -0.028362   0.0360276 -0.0302593  0.0480474 -0.0171467  0.00114458 -0.00199443 -0.00524913 -0.0568186  0.0671051 -0.0256977    1.45534 -0.0126875   -9.70043 
             153.201  21.3394  2.36241 -54.0461 -0.261678  0.617955   1.42957   0.66248 -0.280874  0.626767 -0.00949878  -0.0283808   0.0360067 -0.00488114   0.0769692  -0.0365942  0.00117896 -0.00249875 -0.00500789 -0.0559511  0.0690071 -0.0241181    1.45581 -0.0126321   -9.70036 
             153.301  21.3327  2.30935 -54.0707 -0.25836 0.618017  1.41639 0.668262 -0.28311  0.63767 -0.00949999  -0.0284076   0.0360114  0.0141989  0.0739601 -0.0467737  0.00129342 -0.00237566 -0.00495613 -0.0564478  0.0705554 -0.0234921    1.45535 -0.0128215   -9.70043 
               153.4  21.2305  2.07602 -53.8357 -0.249126  0.630198   1.40494   0.67403 -0.283269  0.635323 -0.00947825  -0.0284096     0.03602  0.0307452   0.092506 -0.0582365   0.0013201 -0.00222603 -0.00499408 -0.0562908   0.070993  -0.022812     1.4557 -0.0129441   -9.70037 
               153.5  21.2253   2.3143 -53.6318 -0.245042  0.630066   1.40455  0.671743 -0.283465  0.642662 -0.00949126  -0.0284274   0.0360221  0.0402511  0.0839585 -0.0484369  0.00135837 -0.00239766 -0.00494343 -0.0569322  0.0708148 -0.0232307   1.45528 -0.013071  -9.70044 
               153.6   21.327  2.32622 -53.6977 -0.244864  0.624118   1.40652  0.669462 -0.284074  0.651299 -0.00949778   -0.028441   0.0360215  0.0407188  0.0684586 -0.0435674  0.00143222 -0.00224381 -0.00469315 -0.0575713  0.0708854 -0.0236221    1.45474 -0.0131678   -9.70052 
               153.7  21.3061  2.01871 -53.6308 -0.238174  0.632984   1.40029   0.67039 -0.284463  0.653679 -0.00950142  -0.0284489   0.0360161  0.0572634   0.100613 -0.0339423  0.00147254  -0.0019796 -0.00478631 -0.0577013  0.0711511 -0.0235379    1.45464 -0.0132097   -9.70053 
               153.8  21.3772  2.21133 -53.4396 -0.232401  0.649734   1.39498  0.670272 -0.285409  0.658848 -0.00951279   -0.028459   0.0360126  0.0544596   0.164976 -0.0166879  0.00111711 -0.00190069 -0.00495987 -0.0579134  0.0716846 -0.0235549    1.45429 -0.0132038   -9.70058 
               153.9  20.1241  2.64395 -53.5236 -0.236275   0.63799   1.39038  0.670901 -0.288415  0.679674 -0.00949992  -0.0284826    0.035903  0.0129161   0.117757 -0.0303202 0.000319541 -0.00187437 -0.00524195 -0.0590735  0.0733153 -0.0236197   1.45308 -0.013376  -9.70077 
             154.001  18.9192  2.80394 -53.8948 -0.226976  0.651529   1.36551  0.681717 -0.291017  0.691683 -0.00948632  -0.0284165   0.0358098  0.0351109   0.146279 -0.0673633 0.000672654 -0.00192377 -0.00532564 -0.0595596  0.0757672 -0.0224284    1.45267 -0.0136115   -9.70083 
               154.1  17.3331  3.11783 -55.0679 -0.217511  0.657479   1.34974  0.688283 -0.292158  0.701772 -0.00948919  -0.0283344   0.0357849 0.0353373  0.122756 -0.116006 -8.40982e-05  -0.00118504  -0.00618048 -0.0602826  0.0768974 -0.0218384    1.45237 -0.0139254   -9.70087 
             154.201  14.7111  5.80271 -56.2876 -0.216339  0.649862   1.35971  0.681873 -0.291978  0.706574 -0.0094989 -0.0283779  0.0358042 0.0478684 0.0744984 -0.108279 0.000216621 -0.00283747 -0.00612491 -0.0608686  0.0758094 -0.0227344      1.452 -0.0140203   -9.70093 
             154.301  13.9842  6.06137 -56.9056 -0.189575   0.63531   1.33788   0.67945 -0.290569  0.707527 -0.00973045  -0.0284113    0.036073  0.119831 -0.200606 -0.233772  0.00044791 -0.00291301 -0.00568624 -0.0613872  0.0743187 -0.0233141    1.45212 -0.0142954   -9.70091 
               154.4 12.4674  6.6312 -56.569 -0.182777  0.632293    1.3435  0.666608 -0.286179  0.688028 -0.0097434  -0.028502  0.0360731  0.112935   -0.2136 -0.234013 0.000586823 -0.00219398  -0.0048018 -0.0603626  0.0707858 -0.0249324    1.45305 -0.0139579   -9.70077 
             154.501  12.4284  8.74624 -55.9842 -0.162911  0.603326   1.33952  0.658164 -0.283172  0.686567 -0.00984836  -0.0285487    0.036093  0.148694 -0.204387 -0.262157  0.00133388 -0.00211108 -0.00396368 -0.0609652  0.0684945 -0.0264586    1.45311 -0.0141172   -9.70076 
             154.601  12.9891  9.96817 -54.1572 -0.145495  0.592283   1.31502  0.656598 -0.282242  0.680938 -0.00979456  -0.0284903   0.0359897   0.18782  -0.15312 -0.284902  0.00221331  -0.0021416 -0.00382743 -0.0605145  0.0678958  -0.026607    1.45343 -0.0139984   -9.70071 
             154.701  13.3391  10.0961 -52.9669 -0.139738    0.5869   1.32299  0.653598 -0.280346  0.681115 -0.00976208  -0.0284858   0.0359569  0.196664 -0.150163 -0.269382  0.00247314 -0.00163705 -0.00327033 -0.0610656     0.0669 -0.0274081    1.45346 -0.0141783   -9.70071 
               154.8  13.2529  10.2642 -54.0895 -0.120112  0.583336   1.30446  0.652447 -0.278745  0.675889 -0.00973139   -0.028498   0.0358232   0.165316 -0.0267847  -0.227523  0.00240217 -0.00144758 -0.00219683 -0.0607134  0.0661834 -0.0277313    1.45382 -0.0141107   -9.70065 
               154.9  14.5003  10.9725 -51.5356 -0.0971355   0.566962    1.28956  0.652412 -0.278685  0.684658 -0.00983412   -0.028655   0.0359382  0.186659 0.0333635 -0.167029  0.00236817 -0.00157938 -0.00228975 -0.0621733   0.066254 -0.0282933     1.4533 -0.0145613   -9.70073 
             155.001  15.8729  10.5738 -49.0065 -0.0780004   0.545115    1.27032  0.653013 -0.281651  0.696537  -0.010324 -0.0289812  0.0362429  0.211909 0.0205543 -0.173791  0.00225704 -0.00174441 -0.00248528 -0.0636836  0.0676395 -0.0285935     1.4523 -0.0149452   -9.70088 
             155.101  16.7536  10.1661 -46.6049 -0.0354007    0.53968    1.24542 0.652688 -0.28338 0.701035 -0.0105428 -0.0291245  0.0363108  0.262741 0.0962394 -0.097998  0.00215716 -0.00191024 -0.00260516 -0.0643258  0.0682238 -0.0287584    1.45186 -0.0151174   -9.70095 
               155.2  17.9285  10.3208 -43.4767 -0.0367312   0.526944    1.25547  0.647682 -0.286996  0.704836 -0.0105986  -0.029096  0.0362953   0.238448  0.0714412 -0.0815583  0.00178005 -0.00136461 -0.00315204 -0.0646139  0.0678369 -0.0297207    1.45142 -0.0153109   -9.70101 
               155.3 18.7464 10.2402 -43.952 -0.0271743   0.532523    1.25851  0.639366 -0.293136   0.69961 -0.0106839 -0.0289128  0.0366031   0.146609   0.108369 -0.0242499 0.000980825 -0.00110059 -0.00266792 -0.0635471  0.0680288 -0.0307071    1.45096 -0.0150794   -9.70108 
             155.401  18.5272  10.9239 -40.2307 -0.0200038   0.533369    1.25754  0.636831 -0.295058  0.697334 -0.0106929  -0.028881  0.0365198    0.130393   0.0827528 -0.00387499  0.00111041 -0.00174388 -0.00365693 -0.0634201  0.0684399 -0.0308777    1.45079 -0.0150778   -9.70111 
             155.501  18.8777  11.0539 -38.9235 -0.0157861   0.542291    1.26906  0.631345 -0.298643   0.69316 -0.0106756 -0.0288272  0.0364948  0.101901  0.130942 0.0586374  0.00121828 -0.00158757 -0.00389759 -0.0625372  0.0677373 -0.0314474    1.45076 -0.0150059   -9.70111 
             155.601  18.9037  10.9568 -38.1719 -0.0188587   0.549895    1.27759  0.627672 -0.300813  0.687726 -0.0105702 -0.0287962  0.0364154 0.0509045   0.15663 0.0698046   0.0012158 -0.00123562 -0.00423486 -0.0620627  0.0679772 -0.0316729    1.45072 -0.0149986   -9.70112 
             155.701 18.5386 11.3576 -37.579 -0.0107186   0.549088    1.26611  0.634905 -0.295395  0.693353 -0.0104512 -0.0286827  0.0362366 0.0266084  0.123329 0.0425726 0.000897217 -0.00151211 -0.00451331 -0.0640003  0.0702361 -0.0309057    1.45058 -0.0152327   -9.70114 
               155.8  18.3839  12.2711 -37.2435 -0.0153164   0.550325    1.26822  0.634044 -0.295466  0.690317 -0.0102637 -0.0286442  0.0361724 -0.0128775   0.111448  0.0563931 0.000519876 -0.00207718 -0.00450648 -0.0641257  0.0709345 -0.0308975    1.45057 -0.0153233   -9.70114 
               155.9  17.8943  12.1505 -36.9676 -0.0219021   0.554506    1.27533 0.632349 -0.29637 0.687889 -0.0101159 -0.0286071  0.0361039 -0.0338385   0.130552  0.0997638 0.000838919 -0.00194721 -0.00473813 -0.0641454  0.0713761 -0.0309965    1.45055 -0.0154256   -9.70114 
             156.001  17.4269  12.6856 -36.8321 -0.0255753    0.56085    1.28773  0.631313 -0.297182  0.689246  -0.01005 -0.028549 0.0360702 -0.0713813   0.152432   0.152311 0.000820991 -0.00231695 -0.00488936 -0.0644253  0.0716018 -0.0311106    1.45049 -0.0155259   -9.70115 
               156.1  16.4971  12.6265 -37.2841 -0.0332977   0.561566     1.2933   0.63332 -0.294736  0.688933 -0.00987839  -0.0284307   0.0359624 -0.104928  0.156305  0.169024 0.000766119  -0.0022772 -0.00481512 -0.0653267  0.0729129 -0.0309091    1.45052 -0.0156935   -9.70115 
               156.2  15.5975  12.0225 -37.5697 -0.0396611   0.579751    1.30849  0.636514 -0.292308  0.694345 -0.00992453  -0.0283544   0.0359367 -0.118566  0.183946  0.183384 0.000708871 -0.00210342 -0.00507692 -0.0662102  0.0733874 -0.0307138    1.45046 -0.0157149   -9.70115 
               156.3  14.0084  11.2206 -38.5432 -0.0406066   0.596268     1.3349 0.633838 -0.29624 0.703318 -0.00997616  -0.0283236   0.0359311 -0.103962  0.170437  0.175289 0.000555607 -0.00192904 -0.00540052   -0.06637  0.0724452 -0.0311153     1.4502 -0.0157163   -9.70119 
             156.401  12.8165  11.9064 -39.4721 -0.0453806   0.604058    1.34715  0.636053 -0.294293   0.70859 -0.00995216  -0.0281856   0.0358636 -0.124972  0.130495  0.143898 6.54339e-05 -0.00227178 -0.00531288 -0.0675082  0.0731373 -0.0309873    1.45015 -0.0158112    -9.7012 
               156.5  11.4332  11.3517 -40.3318 -0.0448594   0.605274    1.35423  0.635093 -0.295772   0.71251 -0.00995312  -0.0281437   0.0358353 -0.104676  0.107507  0.129739 0.000143211 -0.00185762 -0.00551381 -0.0678074  0.0729275 -0.0311632    1.45006 -0.0158486   -9.70121 
               156.6  10.9445  11.7764 -41.1515 -0.0466219   0.607297    1.36859  0.633042 -0.298457   0.71543 -0.00996842  -0.0281193   0.0358229 -0.0488418  0.0209847  0.0748947  0.00015256 -0.00219739 -0.00502287 -0.0677802  0.0724666 -0.0314486    1.44997 -0.0158757   -9.70123 
               156.7  9.64381  12.0869 -41.5893 -0.0486654    0.61722    1.37067  0.635321 -0.296371  0.717754 -0.0100175 -0.0281254  0.0358489 -0.0620494   0.018605  0.0413097 0.000430003 -0.00185565 -0.00488578 -0.068005 0.0723259 -0.031236    1.44997 -0.0157673   -9.70123 
               156.8  8.77504  13.0185 -41.6569 -0.0467958   0.625065    1.37473  0.636075 -0.295883  0.721127 -0.0100339   -0.02814  0.0358579 0.000410644  -0.0454792 -0.00298405 0.000578924 -0.00215144 -0.00469307 -0.0680468  0.0715797 -0.0312149    1.44994 -0.0156155   -9.70123 
               156.9  8.30595  13.3743 -40.8327 -0.0467073    0.62792    1.37619   0.63588 -0.296094  0.721966 -0.0099701 -0.0281307   0.035807 -0.0261694 -0.0500555 -0.0123085 0.000570912 -0.00200353 -0.00464386 -0.0677587  0.0709596 -0.0312317    1.44994 -0.0154896   -9.70123 
                 157  8.13864  13.7044 -39.6203 -0.0457972   0.627154    1.38118  0.634487 -0.297973  0.722488 -0.00991419  -0.0281172   0.0357682 -0.0231221 -0.0556052 -0.0297875 0.000651619 -0.00172592  -0.0041196 -0.0674109  0.0702746 -0.0315893    1.44996 -0.0154426   -9.70123 
             157.101 8.07623  14.373 -38.215 -0.0413161   0.622942    1.37445   0.63499 -0.297062  0.723748 -0.00982156  -0.0281251   0.0357472  0.0251856 -0.0800446  -0.057651 0.000570284 -0.00204014 -0.00382509 -0.0676513  0.0700552 -0.0314844    1.44997 -0.0153851   -9.70123 
             157.201  6.97256  14.6012 -36.4535 -0.0288685    0.62681    1.36138  0.636244 -0.294355  0.727101 -0.00957231  -0.0281541   0.0357876  0.0338037 -0.0463158 -0.0555317  0.00075628 -0.00186636  -0.0030135 -0.0683405   0.069493 -0.0311217    1.44998 -0.0152216   -9.70123 
             157.301 6.84668 14.8007 -33.222 -0.0164282   0.631867    1.34455   0.63769 -0.290475  0.730691 -0.0092671 -0.0282487  0.0358524   0.0337282 0.000469142  -0.0803207 0.000371403 -0.00157822 -0.00275539 -0.0694206  0.0691146 -0.0305378    1.44997 -0.0150692   -9.70123 
               157.4   6.6963  15.7792 -30.1224 -0.00466176    0.639381     1.33096  0.638037 -0.289436  0.732351 -0.00912063  -0.0283089   0.0358818 0.0744829 0.0986375 -0.122724  0.00048367 -0.00201555 -0.00252081 -0.0698013   0.068872 -0.0304106    1.44996 -0.0149998   -9.70123 
             157.501  7.03495  16.0656 -26.9147 -0.00476723    0.661213     1.31846  0.637771 -0.290067  0.733973 -0.00903154  -0.0281363   0.0358489 0.095072 0.167792 -0.17298  0.00051443 -0.00193059 -0.00254397 -0.0691513   0.068595 -0.0303345    1.44978 -0.0148866   -9.70126 
               157.6  7.47647  16.0596 -23.6259 0.00174924   0.679066     1.3038  0.637156 -0.292566  0.732209 -0.00909971  -0.0280404   0.0358351  0.111585  0.209393 -0.262537 0.000649706 -0.00189637  -0.0035598 -0.0684495  0.0686079 -0.0307011    1.44982 -0.0149358   -9.70125 
               157.7  8.15702  16.6597 -22.0659 0.00273491   0.689645    1.28583   0.63674 -0.295847  0.725962 -0.00919569  -0.0279125   0.0358756 0.0881171  0.227971  -0.38265 0.000722148 -0.00202569 -0.00384252 -0.0674157  0.0690717 -0.0311904    1.45004 -0.0151554   -9.70122 
               157.8  8.66236  16.9754 -21.8779 -0.00798874    0.690785     1.28871  0.636325 -0.300428  0.720117 -0.00917206  -0.0278027   0.0359331 0.0597789  0.225055 -0.400582  0.00077097 -0.00207603  -0.0038146 -0.0658155  0.0693755 -0.0316361    1.45015 -0.0153461    -9.7012 
               157.9  8.03232  16.8149 -21.8887 0.00463407   0.723483     1.2214  0.635322 -0.304623  0.716301 -0.00913295  -0.0277447   0.0359378 0.0972299  0.244515 -0.549808  0.00143757 -0.00200842 -0.00387852 -0.0649832  0.0694561 -0.0322867    1.45037 -0.0154576   -9.70117 
                 158   8.0984   17.155 -21.9464 0.0165667  0.719027   1.21017  0.63412 -0.30758 0.711154 -0.00902497  -0.0275702   0.0359282  0.103187  0.210658 -0.572286  0.00133546 -0.00218508 -0.00428718 -0.0647581  0.0696609 -0.0331391    1.45085 -0.0155728    -9.7011 
             158.099  7.68153  17.3107 -21.6467 0.0386423  0.758251   1.11719  0.632431 -0.310315   0.71225 -0.00907958  -0.0275511   0.0359144  0.141293  0.223699 -0.591201  0.00174383   -0.002312 -0.00466082 -0.0643716  0.0692353 -0.0334182    1.45081 -0.0154784    -9.7011 
             158.199  7.31758  16.3273 -22.4501 0.0714934  0.746642   1.06292  0.633033 -0.310169  0.699087 -0.00869818  -0.0272323   0.0358378  0.167235  0.116861 -0.527407  0.00135001 -0.00229612 -0.00440285 -0.0647173  0.0705405 -0.0346106      1.452 -0.0158433   -9.70092 
               158.3  7.50306   14.872 -21.4998 0.0842221  0.735287    1.0374   0.63375 -0.312125  0.688001 -0.00849909  -0.0271279   0.0358367  0.181699 0.0722514 -0.443343  0.00138693 -0.00179174 -0.00442249 -0.0640226  0.0714944 -0.0352573    1.45276 -0.0162033   -9.70081 
               158.4 7.42798 14.5549 -21.006 0.109212 0.747452 0.990728  0.632753 -0.311521  0.691211 -0.00852639  -0.0271014   0.0357943  0.122946 0.0929188 -0.311511  0.00158826 -0.00137344 -0.00425653 -0.0646141  0.0711929  -0.035331  1.45269 -0.01602 -9.70082 
             158.501   7.7522  14.8025 -19.3755  0.11307 0.749078 0.978108  0.634678 -0.305988   0.69308 -0.00852143  -0.0271185   0.0357834  0.123947 0.0947806 -0.312051  0.00143007 -0.00105902 -0.00429794 -0.0658758  0.0715611 -0.0349474    1.45267 -0.0159901   -9.70082 
             158.599  7.38735  14.6972 -19.3845 0.128451  0.76394 0.941545  0.636356 -0.301169  0.697117 -0.00851685  -0.0271324   0.0357814  0.080821  0.120918 -0.201501   0.00169051 -0.000953609  -0.00419061  -0.067104  0.0717112 -0.0345694    1.45251 -0.0158812   -9.70085 
             158.701  7.45225  14.9547 -18.5118 0.141683 0.775057 0.916328  0.637252 -0.296671  0.697832 -0.00850464   -0.027129   0.0357842 0.0222391  0.158079 -0.148025   0.00169635 -0.000395118  -0.00391213 -0.0685483  0.0721042 -0.0343653   1.45268 -0.015771  -9.70082 
               158.8  7.22624  15.5996 -17.4224 0.149488 0.786162 0.888031  0.639216 -0.287908   0.69735 -0.00846613  -0.0271268   0.0358165 -0.0259689   0.172268   -0.11721   0.00179541 -0.000424623  -0.00399253 -0.0707361  0.0728567 -0.0338069    1.45295 -0.0157228   -9.70078 
               158.9  8.14694   16.908 -16.0679 0.146501 0.799818 0.871087  0.636426 -0.285816  0.684623 -0.00854408  -0.0271134   0.0359062 -0.0976772   0.206721  -0.026808  0.00142461 -0.00122496 -0.00418135 -0.0710498  0.0733818  -0.033765    1.45385 -0.0159275   -9.70065 
                 159  8.77004  17.9147 -15.1051 0.150001 0.809494 0.853523  0.637474 -0.277956  0.683312 -0.00847807  -0.0271319   0.0360098  -0.114087   0.197917 -0.0212744  0.00107006 -0.00138052 -0.00443251 -0.0733244  0.0741052 -0.0332919    1.45424 -0.0157839   -9.70059 
               159.1  8.56265  17.7717 -14.5862 0.150434 0.813531 0.852552 0.634038 -0.27971  0.67442 -0.00849262  -0.0271128   0.0360699  -0.14929  0.150416 0.0183394 0.000847658 -0.00154625 -0.00461499 -0.0737449  0.0744051 -0.0334199    1.45504 -0.0156722   -9.70047 
             159.199  8.27958  18.1055 -14.2843 0.151871 0.807732 0.850851  0.631723 -0.277599  0.664151 -0.00845848  -0.0270821   0.0360957 -0.111352 0.0970631 0.0977355 0.000658478 -0.00191356 -0.00470249 -0.0746422  0.0749555 -0.0333437    1.45591 -0.0156467   -9.70034 
               159.3  8.04083  17.7006 -14.4465 0.149437 0.797009 0.868285  0.627909 -0.278657  0.648221 -0.00838693  -0.0270406   0.0360828 -0.123079 0.0827842  0.248218 0.000832455 -0.00174102 -0.00445574 -0.0745271  0.0753784 -0.0334543    1.45703 -0.0157658   -9.70017 
               159.4  7.14716  17.8441 -14.3681 0.157785 0.794527  0.87754  0.626642 -0.276203   0.64497 -0.00835191  -0.0269719   0.0360367 -0.154679  0.119683  0.321167  0.00144084 -0.00118142 -0.00405467 -0.0760564  0.0758945 -0.0333553    1.45759 -0.0154921   -9.70009 
               159.5  7.03694    17.41 -14.1193 0.144433 0.804222 0.916235  0.626362 -0.271248  0.640288 -0.00832222  -0.0269247    0.035966 -0.231293  0.164554  0.414273   0.00136981 -0.000749867  -0.00413566 -0.0775823  0.0765182 -0.0331279    1.45815 -0.0153725       -9.7 
               159.6 6.39683 17.6098 -14.075 0.129989 0.811311 0.944607  0.627516 -0.262414  0.636626 -0.0082888 -0.0268625  0.0359142 -0.308981  0.146392  0.460608 0.000962436 -0.00106582 -0.00431647 -0.0796757  0.0773288 -0.0327268    1.45864 -0.0152994   -9.69993 
               159.7  5.63994  17.4995 -13.7493 0.107832 0.820167 0.987427  0.627038 -0.261607  0.635801 -0.00827869  -0.0268494   0.0358863 -0.317935  0.134309  0.478542 0.000765981 -0.00166173 -0.00442506 -0.0802701  0.0775199 -0.0326759    1.45883 -0.0151679    -9.6999 
               159.8  5.67247  16.9738 -13.6885 0.0886838  0.819643   1.05051  0.621011 -0.274684  0.627958 -0.00823458   -0.026853   0.0358562 -0.280415 0.0938447  0.507477  0.00051295 -0.00246216 -0.00447836 -0.0783796  0.0769723 -0.0331826    1.45933 -0.0149793   -9.69982 
               159.9 5.26289 16.3573 -13.797 0.0602122  0.811655   1.11103  0.616505 -0.280518  0.610117 -0.0081823 -0.0268504  0.0358684 -0.260572 0.0613137  0.487245 0.000486765 -0.00285982  -0.0044001 -0.0765865   0.076891  -0.033434     1.4603 -0.0152848   -9.69968 
                 160  4.88291  15.2567 -13.6787 0.0366028  0.813183    1.1621  0.614595 -0.284829  0.606774 -0.00815586  -0.0268531   0.0358585  -0.24283 0.0562376    0.4265 0.000523464 -0.00273911 -0.00472139 -0.0758806  0.0767424 -0.0336239    1.46051 -0.0152518   -9.69965 
               160.1  3.62824  13.9378 -13.7244 0.0244441  0.817861   1.21568   0.61048 -0.296395  0.606981 -0.00806486  -0.0268953    0.035804 -0.225011 0.0826287  0.384684  0.00122708 -0.00265438 -0.00470465 -0.0746209  0.0761848 -0.0341804    1.46058 -0.0148745   -9.69964 
               160.2  2.97628  13.1457 -13.9756 -0.000858565     0.826294      1.24675 0.611938 -0.29235 0.606092 -0.00809254   -0.026885   0.0358206 -0.200049 0.0882675  0.335675  0.00124674 -0.00294066 -0.00474516 -0.0749897  0.0764287 -0.0339646     1.4606 -0.0150464   -9.69963 
               160.3  2.61919  12.5308 -14.0195 -0.0159497   0.825153    1.27114  0.613583 -0.284775  0.600724 -0.00811646  -0.0268582    0.035797 -0.148098 0.0479337  0.314913  0.00108617  -0.0034804 -0.00498394 -0.0761685  0.0771844 -0.0336517    1.46107 -0.0152305   -9.69956 
             160.399  1.64787  11.4989 -14.2552 -0.0306547   0.833604    1.30363  0.612838 -0.288368  0.603809 -0.00810874  -0.0268744   0.0358158 -0.131098 0.0207603  0.293866  0.00116941 -0.00352536  -0.0053334 -0.0755841  0.0767555 -0.0338024    1.46079 -0.0151365   -9.69961 
               160.5 0.616936  10.3389 -15.6665 -0.0434092   0.836443    1.33257  0.611555 -0.294206  0.604224 -0.00807923  -0.0269192   0.0358384 -0.130909 0.0134909  0.269896   0.0012648 -0.00307229 -0.00523314 -0.0744002  0.0763774 -0.0341548    1.46066 -0.0151105   -9.69963 
             160.599 -0.015618   9.62745  -16.6858 -0.0584604   0.843853    1.36498   0.61107 -0.295148  0.606099 -0.00810614  -0.0269104   0.0358391 -0.114055 0.0487329  0.217278  0.00142636 -0.00287333 -0.00531909 -0.0744772  0.0761276 -0.0342145    1.46053 -0.0149687   -9.69965 
               160.7 -1.14208   7.9498 -18.6514 -0.079232  0.847916   1.39397  0.611563 -0.298348  0.605583 -0.00803446  -0.0270058   0.0358698 -0.0907073  0.0633653   0.186076  0.00162005 -0.00275986 -0.00582832 -0.0732311  0.0762464 -0.0344102    1.46047 -0.0152285   -9.69965 
             160.799 -2.29123  5.99475 -21.0266 -0.0956624   0.853644    1.41415  0.612261 -0.299291  0.605815 -0.00797478  -0.0270948   0.0358986 -0.0641095  0.0560101   0.139172  0.00173928 -0.00248125 -0.00563734 -0.0725506  0.0764226 -0.0343975    1.46039 -0.0154559   -9.69966 
               160.9 -2.76041  4.16353 -23.0331 -0.107521  0.867993   1.42592    0.6124 -0.301359  0.609853 -0.00802763  -0.0271897   0.0359346 -0.0460378  0.0742121  0.0743994  0.00176108 -0.00246725 -0.00564149 -0.0720151  0.0760068 -0.0343226   1.45995 -0.015447  -9.69973 
                 161 -2.13393  4.04931  -24.824 -0.131308  0.882109     1.438  0.614065 -0.304121  0.614964 -0.00796096  -0.0273899   0.0359598 0.00294363   0.111037    0.05465  0.00194727 -0.00313704 -0.00579547 -0.0704625  0.0761421 -0.0342486   1.45943 -0.015851  -9.69981 
             161.099 -1.71108  2.42015 -27.9448 -0.146122  0.894743   1.45414  0.615708 -0.306559  0.618574 -0.00786008  -0.0275209   0.0360004 0.0356331  0.144519 0.0599318  0.00267537 -0.00326361 -0.00564856 -0.0691856  0.0764872 -0.0345882    1.45913 -0.0161201   -9.69985 
             161.199 -1.28165 0.700377 -30.2145 -0.147819  0.920556   1.45575  0.615495 -0.307451  0.620482 -0.00789627  -0.0275883   0.0359885 0.037999 0.209186 0.042324  0.00282297 -0.00259659 -0.00569499 -0.0689713  0.0761749 -0.0343942    1.45889 -0.0160959   -9.69989 
             161.299 -0.276445  -1.01261  -32.2263 -0.162187  0.954739   1.46627  0.616429 -0.308735  0.624503 -0.00783008  -0.0276619   0.0360535 -0.00329965    0.295204   0.0365594  0.00256603 -0.00185787 -0.00589195 -0.0681363   0.076445   -0.03449     1.4586 -0.0162896   -9.69993 
               161.4 0.266763 -1.77759 -34.7534 -0.175609  0.959472   1.48621  0.618393 -0.308662  0.628186 -0.0077699 -0.0276223  0.0360764 -0.0318866   0.287761  0.0583547  0.00250905 -0.00196397  -0.0060835 -0.0674723  0.0772207  -0.035314    1.45848 -0.0164427   -9.69995 
               161.5 0.577382 -2.37261 -35.4023 -0.191473  0.994221   1.48828  0.617937 -0.308612  0.631198 -0.00772518  -0.0276429   0.0361495 -0.0642266   0.286275  0.0388348  0.00226148 -0.00175349 -0.00610281 -0.0672498  0.0779067 -0.0348711    1.45844 -0.0167873   -9.69996 
               161.6 0.437453  -4.5476 -39.0506 -0.197919     1.009   1.48272  0.616308 -0.309779  0.633974 -0.00772373  -0.0276314   0.0361339 -0.0589128   0.282544  0.0225908  0.00250268 -0.00175691 -0.00560433 -0.0671639  0.0783696  -0.034277    1.45839 -0.0170586   -9.69996 
             161.699 0.208912 -6.31381  -40.463 -0.209225   1.02693   1.46984  0.613568 -0.312876  0.638679 -0.00776767  -0.0276209    0.036082 -0.0764168   0.262033  0.0115156  0.00239599 -0.00167311 -0.00553841 -0.0667192  0.0786281 -0.0332863    1.45816 -0.0173594       -9.7 
               161.8 0.521768 -7.70711 -41.9057 -0.235283   1.03371   1.48386  0.613479 -0.312441  0.648145 -0.00784646  -0.0275373   0.0359854 -0.146908  0.242281 0.0116004   0.0020069 -0.00162439 -0.00555676 -0.0666251  0.0800177 -0.0337116   1.45787 -0.017619  -9.70004 
               161.9 0.801516 -7.97617 -43.1111 -0.265872   1.03471   1.49298  0.611848 -0.313987   0.66063 -0.00800005  -0.0274635    0.035894  -0.14707  0.195396 0.0159519  0.00200735  -0.0022322 -0.00552053 -0.0664302  0.0814229 -0.0337568     1.4574 -0.0179265   -9.70011 
             161.999  1.40626 -8.59257 -44.4279 -0.27906  1.03139  1.49737 0.610212 -0.31625   0.6679 -0.00811602  -0.0274561   0.0358818 -0.113819  0.148763 0.0238327  0.00200524 -0.00279175 -0.00535444 -0.0663788  0.0821396 -0.0336238    1.45711 -0.0181086   -9.70015 
               162.1   1.8431 -8.84112 -45.1111 -0.295382   1.01698   1.51355  0.609505 -0.316905  0.678937 -0.00829345  -0.0274513   0.0358948 -0.0870014  0.0504758  0.0420666  0.00175103 -0.00322359 -0.00546117 -0.0667447  0.0834114 -0.0339801    1.4567 -0.018286  -9.70021 
               162.2  2.64061 -9.14852 -46.4058 -0.307815  0.999621   1.51281  0.606018 -0.323746  0.689451 -0.00839729  -0.0274912    0.035944  -0.110423 -0.0049396  0.0272734   0.0011324 -0.00314816 -0.00526178 -0.0662973  0.0839338 -0.0333015    1.45616 -0.0185142    -9.7003 
               162.3  2.62794 -9.55949 -47.4026 -0.320758  0.999122   1.50427  0.603369 -0.329345  0.691918 -0.0083995 -0.0275062  0.0359409  -0.165493 -0.0147362  0.0211141  0.00121541  -0.0027667 -0.00533339 -0.0655608  0.0836604 -0.0325214    1.45595 -0.0186065   -9.70033 
               162.4  2.75375 -9.65551 -48.1083 -0.335247  0.994863   1.51026  0.604132 -0.328014  0.687625 -0.00838696  -0.0275215   0.0359667  -0.156265 -0.0245979  0.0303312  0.00124851 -0.00296194  -0.0050389 -0.0658114  0.0834852  -0.032685    1.45618 -0.0186036   -9.70029 
               162.5  3.88915 -9.82731 -48.8849 -0.336783  0.987342   1.51318  0.603784 -0.329631  0.683344 -0.00837854  -0.0275601   0.0359948  -0.121839 -0.0278968  0.0417517  0.00139491 -0.00304092 -0.00497483 -0.0658366  0.0831536 -0.0325336    1.45636 -0.0186842   -9.70027 
               162.6  4.14035  -9.3257 -49.1361 -0.344775  0.974259   1.51133  0.600908 -0.336966  0.685211 -0.00836832  -0.0275978   0.0360234 -0.0944116 -0.0628561  0.0567226  0.00146221 -0.00348867 -0.00509155 -0.0649841  0.0828008 -0.0317242    1.45615 -0.0188033    -9.7003 
               162.7  4.27632 -11.1289 -50.1829 -0.355588  0.964757   1.52065  0.601446 -0.336092  0.688429 -0.0083916 -0.0276209   0.036014  -0.150418 -0.0511379  0.0574736  0.00146115 -0.00245783 -0.00485608 -0.0655252  0.0831966 -0.0319849    1.45602 -0.0188606   -9.70032 
               162.8  4.55077 -10.8177 -50.1107 -0.353549  0.959959   1.51684  0.599803 -0.341223   0.68492 -0.00837023  -0.0276428   0.0360183  -0.150801 -0.0579415  0.0534271  0.00144686 -0.00258722 -0.00488725 -0.0648607  0.0826273 -0.0313901     1.4561 -0.0189584    -9.7003 
               162.9  4.76271 -11.1078 -50.6528 -0.370517   0.95171   1.52828  0.600243 -0.340889   0.67736 -0.00835498  -0.0276505   0.0360251  -0.128765 -0.0222383   0.061373   0.0015353 -0.00237355 -0.00448884 -0.0649495  0.0821362 -0.0313812    1.45646 -0.0190127   -9.70025 
                 163  6.52329 -11.3228 -50.0622 -0.358182  0.956671   1.52421  0.599864 -0.343691  0.659847 -0.00822779  -0.0276697   0.0359546   -0.089213 -0.00661894   0.0570523  0.00152969 -0.00230567 -0.00477709 -0.0642341   0.080697 -0.0308449    1.45726 -0.0191126   -9.70013 
               163.1  6.66629 -11.5548 -50.1425 -0.366106  0.966688   1.53544   0.60107 -0.340362  0.648877 -0.00815239  -0.0276428   0.0359087 -0.0802477    0.03301  0.0457525  0.00151794 -0.00214833  -0.0046869 -0.0643799  0.0800715 -0.0310296    1.45783 -0.0190821   -9.70004 
             163.203  7.17093 -11.4045 -49.6791 -0.377049  0.986871   1.53056  0.599932 -0.343173  0.642206 -0.00810735  -0.0276168   0.0358928 -0.113381  0.108817 0.0195869  0.00174998 -0.00172066 -0.00446416 -0.0634846  0.0793697 -0.0305499    1.45812 -0.0190515       -9.7 
               163.3  7.55584 -11.6057 -49.7319 -0.389898  0.995293   1.50874  0.595355 -0.360026  0.648812 -0.00812318  -0.0276485   0.0358754   -0.124039    0.145385 -0.00818937  0.00188035 -0.00142709 -0.00426094 -0.0610954  0.0790005 -0.0287949    1.45758 -0.0192249   -9.70008 
             163.399  8.31882 -10.6629 -49.7304 -0.397266   1.00695   1.49804  0.593554 -0.367952   0.64821 -0.00809737  -0.0276602   0.0358756  -0.124371   0.164795 -0.0147356  0.00161583 -0.00185399 -0.00425093 -0.0598755  0.0786011 -0.0279183    1.45751 -0.0193212   -9.70009 
               163.5    8.642 -10.2927 -49.8537 -0.39866  1.00521  1.49757  0.593408 -0.370835   0.65118 -0.00808774  -0.0276648   0.0359028  -0.127844   0.154536 -0.0150887  0.00153053 -0.00185573 -0.00446659 -0.0598975  0.0787308 -0.0277146    1.45733 -0.0194551   -9.70012 
             163.599  8.37468 -9.63326 -49.7021 -0.406466   1.01089   1.48868   0.59211 -0.378045  0.655014 -0.00805878  -0.0276646   0.0359014  -0.124658   0.141546 -0.0214966  0.00167963 -0.00226627 -0.00462098 -0.0590388  0.0787517 -0.0269977    1.45706 -0.0195751   -9.70016 
             163.699  8.93644 -9.25021 -49.8816 -0.414356   1.01382   1.48935   0.59243 -0.379716  0.658609 -0.00804575   -0.027656   0.0359406  -0.127469   0.135837 -0.0217371  0.00140548 -0.00235215 -0.00457558 -0.0593772  0.0789838 -0.0269498    1.45686 -0.0197271   -9.70019 
               163.8  8.92556 -8.45052  -49.588 -0.429411   1.03016   1.48241   0.59214 -0.384218  0.661708 -0.00802757  -0.0276496   0.0359591  -0.123288   0.163485 -0.0283857  0.00164428 -0.00262973 -0.00468534  -0.059131  0.0790861 -0.0265526    1.45667 -0.0198793   -9.70022 
               163.9  9.54522 -10.0234  -49.869 -0.433208   1.03636   1.46299  0.591372 -0.399118  0.662793 -0.00804504  -0.0276124   0.0358835  -0.154212   0.175389 -0.0576167  0.00128372 -0.00149493 -0.00483947 -0.0575502  0.0788055 -0.0249908     1.4565 -0.0202765   -9.70024 
                 164   9.1755 -10.5448 -50.0929 -0.437573   1.03855    1.4617 0.591894 -0.40064 0.664802 -0.0080454 -0.0275967  0.0358196 -0.174028  0.161383 -0.059135  0.00130276 -0.00131401 -0.00491583 -0.0580616  0.0788677 -0.0249705   1.45639 -0.020481  -9.70026 
               164.1  9.39823 -10.4359 -50.7564 -0.446089    1.0372   1.44894  0.591733 -0.408941  0.670517 -0.00804171  -0.0275387   0.0357431  -0.195403   0.139903 -0.0757606  0.00104966 -0.00123118   -0.004883 -0.0575503  0.0791279 -0.0241829    1.45605 -0.0207566   -9.70031 
               164.2  8.49605 -9.90928 -51.6719 -0.453988   1.03214   1.43822  0.591362 -0.415585  0.679096 -0.00798667  -0.0274605   0.0356422  -0.187028   0.122269 -0.0829073  0.00165284 -0.00143481 -0.00493459 -0.0572862  0.0796417 -0.0236102    1.45557 -0.0209704   -9.70038 
               164.3  8.12704 -10.3459 -51.9686 -0.460403   1.03784   1.42217  0.591784 -0.422645  0.676646 -0.00801818  -0.0273572   0.0356237  -0.207029    0.15257 -0.0893988    0.0018705 -0.000952591  -0.00529057 -0.0568063  0.0792829 -0.0228678    1.45565 -0.0212736   -9.70037 
               164.4   7.9283 -10.0108 -52.6271 -0.466982   1.03724   1.42756  0.592682 -0.420053  0.676379 -0.00801349  -0.0273151   0.0356373  -0.237641   0.161279 -0.0742904   0.00191676 -0.000661254  -0.00538854 -0.0581897  0.0791323 -0.0233775    1.45567 -0.0215065   -9.70036 
               164.5 7.21538 -9.7968 -52.984 -0.469375   1.04355   1.41941  0.593489 -0.424271   0.67023 -0.00803505  -0.0272459   0.0356803  -0.239285   0.174435 -0.0846773   0.00226521 -0.000620269  -0.00532545 -0.0580991  0.0785115 -0.0229276    1.45596 -0.0218049   -9.70032 
               164.6  7.28633 -8.44087 -53.0753 -0.476547   1.05425   1.41401   0.59444 -0.425581  0.662533 -0.00803143    -0.02722   0.0357401  -0.263192   0.186449 -0.0817383  0.00208322 -0.00112052 -0.00492287 -0.0582167   0.077832 -0.0227577    1.45634 -0.0220211   -9.70026 
               164.7   7.3366 -6.06409 -52.6935 -0.48468  1.04823  1.42272  0.595474 -0.423538  0.661353 -0.00802356  -0.0272578   0.0359428  -0.313365   0.145809 -0.0631877  0.00178035 -0.00184757 -0.00439854 -0.0596123  0.0776098 -0.0232379    1.45638 -0.0223045   -9.70025 
             164.799  6.95246 -5.19528 -52.2258 -0.485619   1.04601   1.42622 0.596879 -0.42365 0.652966 -0.00797489  -0.0272951   0.0360654  -0.318076   0.120617 -0.0589639  0.00178621 -0.00222121 -0.00388494 -0.0601879    0.07686  -0.023274     1.4568 -0.0225997   -9.70019 
               164.9  6.89158  -5.8703 -51.6226 -0.512042   1.02967   1.43178  0.597225 -0.424885  0.657332 -0.0080206 -0.0274449  0.0361379  -0.379955   0.052821 -0.0479954  0.00170377 -0.00188966 -0.00362529 -0.0615031  0.0770682 -0.0235482    1.45647 -0.0229408   -9.70024 
                 165  6.49665 -7.28963 -50.4032 -0.540205   1.00452   1.43204  0.596314 -0.430294  0.664433 -0.00818011  -0.0276463   0.0360405  -0.403213 -0.0334898 -0.0490488  0.00148272 -0.00152629 -0.00355989  -0.062132     0.0775 -0.0233136   1.45594 -0.023264  -9.70032 
               165.1  6.21488 -8.53827 -49.7263 -0.575838  0.979205   1.44101  0.596456 -0.428812  0.669524 -0.00823818  -0.0278018   0.0359072  -0.407044 -0.0755349 -0.0584209   0.00126787 -0.000938414  -0.00378163 -0.0635676  0.0779281 -0.0239387    1.45557 -0.0234443   -9.70037 
               165.2  5.41909 -7.75218 -48.9654 -0.607678  0.965821   1.44184  0.597211 -0.427594   0.66732 -0.00821019  -0.0278582   0.0358909  -0.392219 -0.0355991 -0.0415116   0.00152247 -0.000948366  -0.00413136 -0.0641645   0.077781 -0.0242114    1.45567 -0.0235593   -9.70036 
               165.3  5.38658 -5.90644 -47.4893 -0.626399  0.951806   1.45117  0.598661 -0.425989  0.661004 -0.00815415  -0.0279619   0.0359526  -0.326817  0.0271149 0.00676358  0.00126746 -0.00111052 -0.00450641  -0.065092  0.0773177 -0.0245709    1.45596 -0.0237921   -9.70031 
               165.4  4.76508 -4.19762 -46.8704 -0.642727  0.946334   1.45158  0.598445 -0.429345  0.658736 -0.00814052   -0.028005   0.0360359  -0.257313  0.0995562 0.00575646  0.00173311 -0.00155192 -0.00416699 -0.0651528  0.0770516 -0.0242414    1.45601 -0.0240064   -9.70031 
               165.5  4.07466 -2.82444 -45.8718 -0.655699  0.946279   1.44496  0.597027 -0.435611   0.66008 -0.00811517  -0.0280235    0.036094  -0.222962   0.160868 -0.0030355  0.00192587  -0.0018386 -0.00385066  -0.064746  0.0769771 -0.0234974    1.45585 -0.0242088   -9.70033 
               165.6  3.97953 -3.74646 -45.4232 -0.66472 0.946294  1.43185  0.595334 -0.445584   0.66069 -0.00812479  -0.0280451   0.0360962  -0.237095   0.221923 -0.0522847  0.00167434 -0.00099812 -0.00384811 -0.0642815  0.0767507 -0.0223183   1.45569 -0.024603  -9.70035 
               165.7  3.78563 -3.76487 -44.7141 -0.67023 0.945602  1.42629  0.594591 -0.451234  0.662057 -0.00813839  -0.0280534    0.036056  -0.211328   0.220173 -0.0290627  0.00158618 -0.00129849 -0.00438521 -0.0645291  0.0767071 -0.0217725   1.45555 -0.024935  -9.70037 
               165.8   3.5521 -4.22374 -44.2388 -0.679624  0.947084   1.43339  0.594534 -0.451769  0.664895 -0.00812372   -0.028041   0.0359857  -0.202009   0.214133 -0.0206946  0.00173598 -0.00161006 -0.00507156 -0.0654817  0.0769678 -0.0220302    1.45539 -0.0251399    -9.7004 
               165.9  3.43479 -3.77885 -44.2409 -0.687358  0.948706   1.43697  0.594356 -0.453004  0.666906 -0.00809587  -0.0279951   0.0359518  -0.166064   0.168015 -0.0103348  0.00178105  -0.0022733 -0.00512046 -0.0660918  0.0771596 -0.0220778    1.45527 -0.0253165   -9.70041 
                 166  3.83426 -4.52227   -43.66 -0.691853  0.939839   1.43914  0.593494 -0.455545  0.670885 -0.00807883  -0.0279662   0.0359139   -0.137777    0.113359 -0.00604017  0.00161408 -0.00248679 -0.00494418 -0.0666403  0.0775681 -0.0219465    1.45503 -0.0255383   -9.70045 
               166.1  3.44405 -4.84292 -43.4893 -0.686607  0.930307    1.4392     0.593 -0.459267  0.671541 -0.00808671  -0.0279094   0.0358036  -0.0639242   0.0784385 -0.00898186  0.00205119  -0.0025958 -0.00447755 -0.0671393  0.0775849 -0.0216275    1.45499 -0.0258157   -9.70045 
               166.2  3.66641 -5.28306 -42.2677 -0.675739  0.931113   1.43878  0.593376 -0.460658  0.667929 -0.00809466  -0.0279015   0.0357431  -0.0005802   0.0746068 -0.00897354  0.00213745 -0.00267124 -0.00470503 -0.0672894  0.0771736 -0.0214682    1.45519 -0.0259055   -9.70042 
               166.3  4.38903 -5.89733 -41.8817 -0.669074   0.93272   1.43589  0.593211 -0.462811    0.6668 -0.00811529  -0.0279053   0.0356858 -0.0175272  0.0750026 -0.0134258  0.00155663  -0.0022641 -0.00491738 -0.0674174   0.077045 -0.0212108   1.45524 -0.026029  -9.70042 
               166.4  3.78071 -5.53085 -41.8865 -0.666285  0.927831   1.43176  0.592534 -0.465367  0.668286 -0.00812211  -0.0279009   0.0356699 -0.0134367  0.0718174 -0.0208693   0.0018114 -0.00213962 -0.00486503 -0.0673309  0.0771426 -0.0208471    1.45516 -0.0261387   -9.70043 
               166.5  3.79066 -6.30405  -41.695 -0.666878  0.939933   1.42014  0.592087 -0.468674  0.668368 -0.00815278  -0.0278977   0.0356319 -0.0440602   0.121918 -0.0319996  0.00178922 -0.00160696  -0.0050168 -0.0671574  0.0771095 -0.0203468    1.45513 -0.0262689   -9.70043 
               166.6  3.23818 -5.41716 -41.8857 -0.669803  0.934376   1.42305  0.591567 -0.468507  0.673991 -0.00809252  -0.0278812   0.0356113 -0.0629367    0.12039 -0.0267583  0.00199066 -0.00174584 -0.00503532 -0.0676829  0.0777544 -0.0205563    1.45489 -0.0263702   -9.70047 
               166.7  3.16279 -6.04106 -41.9823 -0.67314 0.941363  1.42331  0.591491 -0.468813  0.674535 -0.00807203  -0.0278444   0.0355974  -0.101319   0.156058 -0.0245608  0.00197551 -0.00126363 -0.00527672  -0.068193  0.0779035 -0.0206751     1.4549 -0.0264626   -9.70047 
               166.8  3.38417 -5.65115 -42.6355 -0.663554   0.92971   1.41933  0.590081 -0.473292  0.675282 -0.00802974   -0.027756   0.0356086 -0.0890161   0.129186 -0.0331655   0.0018402 -0.00161602 -0.00513279  -0.068398  0.0779617 -0.0201646    1.45487 -0.0266822   -9.70047 
               166.9  3.12431 -6.10522 -42.9998 -0.660645  0.926551   1.40495  0.587957 -0.480059  0.676211 -0.00799455  -0.0276549   0.0355816  -0.112506   0.157091 -0.0548292  0.00205746 -0.00131696 -0.00520458 -0.0682753  0.0779545 -0.0192652    1.45481 -0.0269499   -9.70048 
                 167  3.60504 -7.18375 -43.6895 -0.666403  0.917548   1.40396  0.586654 -0.481792  0.680691 -0.00791177  -0.0275866   0.0355594  -0.155054   0.167049 -0.0596188   0.00187784 -0.000781974  -0.00508199 -0.0688967  0.0785555  -0.019263    1.45463 -0.0271398    -9.7005 
               167.1  3.68254 -7.05125 -43.9648 -0.660348  0.916649   1.40377 0.586237 -0.48365 0.677347 -0.00790986  -0.0275072   0.0355468 -0.132283  0.159509 -0.053568   0.0019554 -0.00119132 -0.00505206 -0.0694951  0.0783503 -0.0192138    1.45483 -0.0272729   -9.70047 
               167.2  3.78648 -7.25757 -43.9156 -0.66016 0.916431  1.40444 0.585879 -0.48458 0.676561 -0.00790246  -0.0274878   0.0355512  -0.121533   0.149271 -0.0493605  0.00191608 -0.00139406 -0.00516887 -0.0700189  0.0784069 -0.0192701     1.4549 -0.0273766   -9.70046 
               167.3  3.47352 -6.61211 -44.3195 -0.654793  0.921922    1.4024  0.585792 -0.486046  0.673021 -0.00790227  -0.0274636   0.0355808 -0.0915352   0.161527  -0.045506  0.00223438 -0.00183676 -0.00483643 -0.0702567  0.0781012 -0.0191455    1.45508 -0.0274499   -9.70044 
               167.4  3.53762 -6.35013 -44.3261 -0.656379  0.931604   1.40022  0.585515 -0.486996  0.672405 -0.00789846  -0.0274603   0.0356074  -0.081624   0.178037 -0.0415323  0.00230156 -0.00197926 -0.00476307 -0.0705169  0.0781014  -0.019111    1.45512 -0.0275222   -9.70043 
               167.5  3.78909 -5.79551 -44.0737 -0.648619  0.932084   1.40938 0.586259 -0.48559 0.670665 -0.00790118  -0.0274787   0.0356669 -0.0500396   0.150856 -0.0229954  0.00216656 -0.00245343 -0.00482504 -0.0713874  0.0781726 -0.0195737    1.45526 -0.0275769   -9.70041 
               167.6  3.95109 -5.34376 -43.8916 -0.64208 0.919208  1.41698  0.586121 -0.485655  0.672792 -0.00792484  -0.0275123   0.0357345 -0.0334858   0.112622 -0.0125794  0.00209312 -0.00273251 -0.00484859 -0.0720735  0.0785644 -0.0198159    1.45518 -0.0276842   -9.70042 
               167.7  3.97571 -5.60906 -43.9025 -0.643062  0.931246   1.41965 0.586121 -0.48574 0.673343 -0.00793145  -0.0275282   0.0357573   -0.026511    0.122476 -0.00355354   0.0021028 -0.00257285 -0.00484858 -0.0724278  0.0787101 -0.0199293  1.45517 -0.02774 -9.70042 
               167.8  4.01705 -6.18553 -43.7961 -0.634993  0.928339   1.41602  0.584956 -0.489754  0.673169 -0.00794195  -0.0275587   0.0357437 -0.0113062   0.118247  -0.009155  0.00218394 -0.00230927 -0.00499302  -0.072436  0.0786299 -0.0194459    1.45517 -0.0279064   -9.70042 
               167.9  4.37015 -6.57269 -43.9715 -0.637834  0.927418   1.41983  0.584656 -0.489787  0.677065 -0.00795154  -0.0275736   0.0357427  -0.0262886    0.112441 -0.00464092  0.00200225   -0.002064 -0.00491128 -0.0728548  0.0791051 -0.0196105    1.45499 -0.0279781   -9.70045 
                 168  4.81509 -6.83667 -44.3142 -0.635744  0.932891   1.41145  0.583043 -0.494982   0.67812 -0.00796598  -0.0275892   0.0357193 -0.0757132   0.128247 -0.0199802  0.00175054 -0.00188707 -0.00469465 -0.0726861  0.0790753 -0.0189452    1.45491 -0.0281681   -9.70046 
               168.1  4.94786 -7.37415 -44.0086 -0.648696  0.930936   1.42101   0.58335 -0.492263  0.684897 -0.00796432  -0.0275994   0.0357209   -0.108048    0.134567 -0.00944542  0.00177717 -0.00188064 -0.00492386 -0.0734625  0.0799314 -0.0195586    1.45462 -0.0281884    -9.7005 
               168.2  5.24155 -7.71297 -44.5532 -0.643981  0.919374   1.42801 0.583317 -0.49226 0.687126 -0.00794613   -0.027592    0.035696   -0.0850349     0.101622 -0.000980004   0.0018236  -0.0021272 -0.00471317  -0.074104  0.0802684 -0.0197817    1.45454 -0.0282879   -9.70052 
               168.3  5.30215 -7.72162  -44.246 -0.649585   0.92575   1.42569  0.582532 -0.494581  0.688587 -0.00795876  -0.0276032   0.0356854 -0.0477553  0.0746514 -0.0017842  0.00178113 -0.00230408 -0.00489951 -0.0740668  0.0803508 -0.0195123    1.45445 -0.0283766   -9.70053 
               168.4  4.96897 -7.88772 -44.3238 -0.642668  0.919327   1.42946  0.582597 -0.495075   0.68813 -0.00795626  -0.0276042   0.0356819 -0.0398407  0.0643494 0.00230219  0.00178085 -0.00219679 -0.00476355 -0.0744722  0.0803618 -0.0195766    1.45449 -0.0284567   -9.70052 
               168.5  5.20501 -8.28032 -44.3635 -0.64985 0.916101  1.42501 0.581502  -0.4984 0.692978 -0.00797277  -0.0276104   0.0356573  -0.0880075   0.0825533 -0.00692341  0.00161424 -0.00183049 -0.00479424 -0.0743567  0.0807485 -0.0191933    1.45424 -0.0285818   -9.70056 
               168.6  4.78145 -7.98535 -44.5252 -0.650242  0.924526   1.43027 0.582203  -0.4968 0.689637 -0.00797331  -0.0276102    0.035687 -0.0786531   0.115581  0.0012411  0.00193432 -0.00196362 -0.00472104 -0.0747604  0.0805255 -0.0194702    1.45443 -0.0285748   -9.70053 
             168.699  4.45767 -8.16563 -44.3259 -0.649187  0.927091   1.43196  0.581968 -0.498253  0.690107 -0.00797407  -0.0276101   0.0356855 -0.0536004    0.11916 0.00409614  0.00213643 -0.00205126  -0.0049337 -0.0749905  0.0805733 -0.0193805    1.45441 -0.0286667   -9.70053 
             168.799   4.6891  -7.4097 -44.2346 -0.649677  0.935502   1.43726  0.581938 -0.498769   0.69103 -0.00796727  -0.0276145   0.0357142 -0.0347713  0.0993239  0.0120574  0.00194671 -0.00266534 -0.00502373 -0.0752824  0.0806877 -0.0194142    1.45438 -0.0287324   -9.70054 
               168.9  4.92619 -7.28941  -44.409 -0.638002  0.928264   1.43919  0.581945 -0.500363  0.688474 -0.0079642 -0.0276051  0.0357358 -0.0121702  0.0837855  0.0157231  0.00188207 -0.00260549 -0.00504362  -0.075547  0.0804579 -0.0192984    1.45451 -0.0288305   -9.70052 
                 169  4.99185  -7.2135 -44.4633 -0.639028  0.926276   1.44901  0.581758 -0.500217  0.693575 -0.00795015  -0.0276085   0.0357744 -0.00634621   0.0648808   0.0243703  0.00185401  -0.0026484 -0.00502875 -0.0761172  0.0809956 -0.0195017     1.4543 -0.0289211   -9.70055 
               169.1  5.13702 -7.01168 -44.8718 -0.626497  0.923315   1.44798 0.581202 -0.50384 0.692582 -0.00794471  -0.0275921   0.0357856 0.0348045 0.0505213 0.0238387  0.00197496 -0.00288046  -0.0050715 -0.0759377  0.0808279 -0.0190587    1.45433 -0.0290308   -9.70055 
               169.2  5.54768 -7.87624 -45.1876 -0.62969 0.931235  1.44966  0.581167 -0.503577  0.693386 -0.00794085   -0.027594   0.0357927 0.00205624  0.0803085  0.0200956  0.00176758 -0.00220862  -0.0049906 -0.0759832  0.0809074 -0.0191026    1.45429 -0.0290287   -9.70055 
               169.3    5.455 -7.71459 -44.9539 -0.625066  0.928856   1.44945  0.580528 -0.506641  0.696243 -0.00795086  -0.0276016    0.035788 -0.000139917    0.0702293    0.0171487  0.00176866 -0.00224037  -0.0050592 -0.0759278  0.0811139 -0.0187808    1.45414 -0.0291397   -9.70057 
               169.4  5.45875 -7.48095 -45.1323 -0.625905  0.936721   1.44388  0.580029 -0.509364  0.695851 -0.00795544  -0.0275992    0.035784 -0.0147195  0.0741096 0.00438983  0.00167177 -0.00228033 -0.00484947 -0.0754031  0.0809874 -0.0183528    1.45413 -0.0291596   -9.70057 
               169.5  5.21083 -8.36269 -45.0037 -0.631881  0.942713   1.43766  0.579361 -0.512468  0.698856 -0.00797562  -0.0276012   0.0357637 -0.0530897  0.0952467 -0.0075459   0.0017923 -0.00173769 -0.00497034 -0.0750748  0.0811853 -0.0179588    1.45396 -0.0292285    -9.7006 
               169.6  5.42745 -8.01461 -45.1549 -0.646642  0.945965   1.43694  0.578909 -0.512857  0.705365 -0.00797939   -0.027613   0.0357582  -0.089131   0.103491 -0.0157401  0.00168019 -0.00172135  -0.0048854 -0.0751965  0.0817853   -0.01799    1.45365 -0.0292658   -9.70065 
               169.7  5.61298  -7.7077 -45.1759 -0.649464   0.95001    1.4387  0.579036 -0.512747  0.705196 -0.00797751  -0.0276146   0.0357689  -0.073949   0.091971 -0.0126114   0.0016509 -0.00175735 -0.00474793 -0.0755161  0.0818015 -0.0180818    1.45367 -0.0293136   -9.70064 
               169.8  5.65417 -6.13557 -45.0203 -0.656456  0.934918   1.44305  0.578468 -0.513468  0.714384 -0.00797085  -0.0276347   0.0358334 -0.0625619  0.0210193 -0.0109287  0.00153325 -0.00225338 -0.00457588 -0.0761571  0.0827027 -0.0182235    1.45325 -0.0294482   -9.70071 
               169.9  5.17796 -5.63723 -44.6284 -0.663816  0.933066   1.43801  0.578013 -0.515847  0.716926 -0.00797106  -0.0276446   0.0358426 -0.0786405  0.0320426 -0.0227396  0.00176176  -0.0016041 -0.00469787 -0.0760916  0.0829013 -0.0179655    1.45311 -0.0295301   -9.70073 
                 170  5.49591 -3.30716 -44.1784 -0.663476  0.915837   1.43857  0.577624 -0.517655  0.721222 -0.00796933  -0.0276774   0.0359823 -0.0557816  -0.014784 -0.0310785  0.00160516 -0.00191302 -0.00470517 -0.0765916  0.0833333 -0.0179116   1.45292 -0.029684  -9.70075 
               170.1  5.69089 -1.62332 -43.6543 -0.667893   0.90995   1.43792   0.57779 -0.517303  0.721706 -0.0079857 -0.0276897  0.0360427 -0.0792983 0.00237626 -0.0466743  0.00150381 -0.00136245  -0.0048082 -0.0769719  0.0834262 -0.0180463    1.45291 -0.0297363   -9.70076 
               170.2  4.85845  2.48765 -43.1063 -0.660017  0.900609   1.44493  0.578586 -0.514999  0.719693 -0.00807664  -0.0277187   0.0362378 -0.0586333  0.0152385 -0.0409828  0.00201263 -0.00178951 -0.00491638 -0.0778821  0.0833618 -0.0185283    1.45306 -0.0298059   -9.70073 
               170.3  5.32844  4.36796 -42.9824 -0.656637  0.901349   1.43951  0.578647 -0.516722  0.715712 -0.00805826  -0.0277216   0.0363819  -0.100037  0.0685636 -0.0528054  0.00161309 -0.00120369 -0.00499285 -0.0779921   0.082924 -0.0183026    1.45326 -0.0298871    -9.7007 
               170.4  4.98698  6.97685 -43.1159 -0.650658  0.897938   1.44563  0.579536 -0.514725   0.71309 -0.00817751  -0.0277101   0.0365573 -0.0877373  0.0766736 -0.0595482  0.00165573 -0.00114986 -0.00479776 -0.0789284  0.0827313 -0.0187994    1.45345 -0.0299709   -9.70067 
               170.5  5.04799   9.1732 -42.7204 -0.64676 0.889986  1.44002  0.579384 -0.516523  0.712128 -0.00817331  -0.0276974    0.036746 -0.132694 0.0851574 -0.075609   0.00141328 -0.000747745  -0.00481348 -0.0794923  0.0827297 -0.0186332    1.45351 -0.0301446   -9.70066 
               170.6  4.77948   12.789 -42.0593 -0.645696  0.893126   1.43828  0.579832 -0.516639  0.709959 -0.00822646  -0.0276984   0.0368895  -0.193631   0.139928 -0.0510749  0.00142658 -0.00106277 -0.00471203 -0.0799654  0.0823761  -0.018724    1.45367 -0.0302219   -9.70064 
               170.7  4.66564  14.4375 -41.5676 -0.663377  0.913853   1.42688  0.579764 -0.518411  0.707772 -0.00821659  -0.0277049    0.037031  -0.241168   0.226114 -0.0715301    0.0015799 -0.000863073  -0.00446808 -0.0804624   0.082052 -0.0184018    1.45382 -0.0303746   -9.70062 
               170.8  4.58648  15.8078 -41.1989 -0.6435 0.90361 1.42128  0.579843 -0.518955  0.703096 -0.00830025  -0.0277111   0.0369825  -0.198315   0.192793 -0.0814741  0.00163165 -0.00122561 -0.00467028 -0.0821192  0.0817256  -0.018245    1.45413 -0.0306873   -9.70057 
               170.9  4.81139  17.3001 -40.7196 -0.655294  0.904171   1.43052  0.580429 -0.519477  0.699631 -0.00836885  -0.0277196   0.0369185  -0.269622   0.208857 -0.0425071   0.0014764 -0.00120719 -0.00497844 -0.0827816  0.0819958 -0.0188944    1.45429 -0.0308206   -9.70054 
                 171  4.55811   17.298 -40.1517 -0.647338  0.899856   1.43731  0.580909 -0.520371  0.697742 -0.00838576  -0.0277501   0.0367388  -0.249278   0.201409 -0.0399986  0.00179212 -0.00103009 -0.00515523 -0.0837734  0.0817894 -0.0192615    1.45448 -0.0309913   -9.70052 
               171.1  4.54718  16.9873 -40.2873 -0.667341  0.916618   1.43979   0.58121 -0.521627  0.696512 -0.00836394  -0.0277511   0.0366281  -0.256515   0.221965 -0.0461411   0.00187175 -0.000975028  -0.00504284 -0.0840749  0.0817542 -0.0195811    1.45456 -0.0310674    -9.7005 
               171.2  4.48535  17.5506 -40.0388 -0.677594  0.917541   1.44357  0.581558 -0.522213  0.691066 -0.00835311  -0.0277425   0.0364684  -0.257603    0.20054 -0.0425518   0.0019948 -0.00135167 -0.00517702 -0.0846333  0.0820082 -0.0198903    1.45478 -0.0312014   -9.70047 
               171.3  4.80836   18.536 -39.5267 -0.679561  0.929719   1.43597  0.581393 -0.519049  0.694461 -0.00839072    -0.02775   0.0363354  -0.230249   0.193198 -0.0532174  0.00196865 -0.00191824 -0.00545578 -0.085996  0.081515 -0.019787    1.45481 -0.0312672   -9.70047 
               171.4  5.34993  19.1543 -39.9403 -0.660872  0.914948   1.43674  0.581748 -0.516666  0.690742 -0.00840675  -0.0277023   0.0361518  -0.178363   0.150352 -0.0549331  0.00183804 -0.00223711 -0.00534849 -0.0877218  0.0814734 -0.0199845    1.45508 -0.0314652   -9.70042 
               171.5  5.20168  19.1157 -40.2662 -0.668535  0.924104     1.436  0.581995 -0.518472   0.68936 -0.00837737  -0.0276563   0.0360329  -0.161523   0.162781 -0.0535242  0.00201506 -0.00218219 -0.00532601 -0.0881591  0.0814042 -0.0203035     1.4552 -0.0315754   -9.70041 
               171.6  5.67674  19.6334 -40.9803 -0.669182  0.920183    1.4306  0.582401 -0.515851  0.683472 -0.00834642   -0.027585   0.0359497  -0.154438   0.144492 -0.0562641  0.00190407 -0.00233067 -0.00553559 -0.0894386   0.081687 -0.0204083    1.45546 -0.0317298   -9.70037 
               171.7  5.73859  19.5854 -41.7375 -0.65195 0.911568  1.44102    0.5825 -0.522206  0.684065 -0.00828509  -0.0274658   0.0357811 -0.117913  0.126064 -0.039006  0.00187089 -0.00220348 -0.00543496 -0.0895286  0.0813754 -0.0210558    1.45556 -0.0318917   -9.70035 
               171.8  5.21419   19.523 -42.2965 -0.643562  0.901788   1.44128  0.582871 -0.522718  0.679425 -0.00823095  -0.0273927   0.0356666 -0.0887943  0.0920876 -0.0469084  0.00210208 -0.00225911 -0.00525208 -0.0903047  0.0815813 -0.0213194    1.45577 -0.0320473   -9.70032 
               171.9 5.69438 19.5152 -42.918 -0.609681  0.884361   1.44084  0.582887 -0.522354   0.68199 -0.00822396  -0.0272673   0.0354816 -0.0427278  0.0606902 -0.0456542  0.00174513 -0.00219946 -0.00495183 -0.0920514   0.081126 -0.0217021    1.45587 -0.0322382    -9.7003 
                 172  5.92176  19.0155 -42.9503 -0.606587  0.872203   1.43532  0.583603 -0.520513  0.675321 -0.00821409  -0.0272386   0.0354059 -0.0775926  0.0479583 -0.0562549  0.00168733 -0.00175338 -0.00513329 -0.0931397  0.0816202 -0.0218097    1.45611 -0.0323942   -9.70027 
               172.1  5.65678  19.4855 -43.5632 -0.588407  0.860815   1.43809 0.583557 -0.52429 0.677057 -0.00818814   -0.027207   0.0353604 -0.0168441  0.0172559 -0.0583872  0.00196662 -0.00227339 -0.00498411 -0.0933601   0.081304 -0.0221971    1.45614 -0.0325198   -9.70026 
               172.2  5.39834  19.0802 -44.4173 -0.58244 0.853188  1.43854  0.583738 -0.528447  0.675096 -0.00815512  -0.0271892   0.0353311 -0.0303505  0.0236801 -0.0546687  0.00214309  -0.0018685 -0.00489612 -0.0930662  0.0813519 -0.0225016    1.45622 -0.0326239   -9.70025 
               172.3  6.01681   19.823 -44.5336 -0.572949  0.837524   1.44407  0.584055 -0.533929  0.671968 -0.00814402  -0.0271708   0.0353443  -0.0275921 -0.00661331  -0.0479047  0.00196831 -0.00205608 -0.00520688 -0.0927464  0.0814568  -0.022916    1.45633 -0.0327821   -9.70023 
               172.4  6.15075  19.8811 -45.1789 -0.567756  0.836433   1.44956  0.583831 -0.538678  0.674802 -0.00815225  -0.0271629   0.0353278  -0.0240901 -0.00275709  -0.0404271  0.00203247 -0.00190829 -0.00516993 -0.0920146  0.0811079 -0.0231862    1.45628 -0.0328198   -9.70024 
               172.5  6.55721  19.6256 -45.5739 -0.56242 0.840915  1.44799   0.58335 -0.541719  0.681828 -0.00817804  -0.0271518   0.0352596 -0.0591313  0.0248911 -0.0508387  0.00180643 -0.00165183 -0.00515283 -0.0916972  0.0803937 -0.0234046    1.45616 -0.0328428   -9.70026 
               172.6  7.13838  20.0947 -47.0397 -0.559274   0.84365   1.44786  0.583131 -0.542837   0.68557 -0.00820622  -0.0271443   0.0352254 -0.0684113  0.0405207 -0.0493341  0.00184413 -0.00143195 -0.00533936  -0.091639   0.080016 -0.0235043   1.45611 -0.032867  -9.70027 
               172.7  7.30355  20.8214 -47.7198 -0.575377  0.832235   1.44821  0.583792 -0.548495  0.678157 -0.00815407  -0.0270745   0.0353142  -0.133505  0.0196648 -0.0548431  0.00179416 -0.00170641  -0.0051961 -0.0909314  0.0805392 -0.0238352    1.45624 -0.0329985   -9.70025 
               172.8  7.77229  23.1603 -50.2551 -0.570823  0.823924   1.45967  0.583933 -0.556321  0.678043 -0.00824689  -0.0270169    0.035317   -0.113609 -0.00692143  -0.0297376  0.00203933 -0.00237917 -0.00525051 -0.0897559    0.08037 -0.0242811    1.45625 -0.0331325   -9.70024 
               172.9  7.80895  23.0935 -50.7494 -0.588155  0.822956   1.45768  0.583964 -0.557621  0.679156 -0.00827901  -0.0269918   0.0353187  -0.136291  0.0182274 -0.0266599  0.00213566 -0.00223592  -0.0053041  -0.089721  0.0802169 -0.0243927    1.45624 -0.0331931   -9.70024 
                 173  8.79509  25.0638 -53.4999 -0.590679  0.807293   1.46629  0.584274 -0.563478  0.678886 -0.00835393  -0.0269104   0.0353347  -0.105615 -0.0384636 -0.0115681  0.00220656 -0.00317785 -0.00550941 -0.0891293  0.0800624 -0.0247736    1.45624 -0.0333763   -9.70024 
               173.1  8.96917  25.7802 -55.4808 -0.578887  0.793659    1.4677   0.58442 -0.563974   0.68327 -0.00840461    -0.02685   0.0353371 -0.0670739 -0.0802401 -0.0109121  0.00242084 -0.00352292 -0.00583957 -0.0897603  0.0795567 -0.0249692    1.45617 -0.0336177   -9.70025 
               173.2  8.22624  26.3371 -56.9877 -0.570996  0.798074   1.46285  0.583519 -0.559565   0.69508 -0.00846911  -0.0269086   0.0353971 -0.0191397 -0.0855303 -0.0115113  0.00297531 -0.00380064 -0.00584465 -0.0902474  0.0786298 -0.0248076   1.45613 -0.033645  -9.70026 
               173.3  9.12621  26.0106 -60.6053 -0.564115  0.786816   1.46387  0.583425 -0.560495  0.699468 -0.00854453  -0.0268999   0.0353473 -0.0219765  -0.110095  -0.014483  0.00228772 -0.00336337 -0.00550093  -0.090271   0.078182 -0.0249278    1.45609 -0.0338085   -9.70026 
               173.4  9.83776  25.4152 -62.9368 -0.571733  0.775723   1.46942 0.583455 -0.56528 0.697992 -0.00851814  -0.0268819   0.0353624   -0.061663   -0.112419 -0.00498437  0.00196568 -0.00275933 -0.00561479 -0.0893279  0.0782252 -0.0251236    1.45609 -0.0338359   -9.70027 
               173.5  9.86858  25.6488 -65.1193 -0.569798  0.768646   1.46826  0.583673 -0.564647  0.698919 -0.00852817  -0.0268593   0.0353291   -0.066064   -0.117865 -0.00202418  0.00197723 -0.00268065 -0.00566281 -0.0896976  0.0781321 -0.0251444   1.45604 -0.033927  -9.70027 
               173.6  9.93344  26.0886 -65.8855 -0.587809  0.753339   1.46123   0.58337 -0.560665  0.699609 -0.00852073  -0.0268965   0.0353486  -0.125776  -0.154035 -0.0292178  0.00190762 -0.00291263 -0.00563697 -0.0901486  0.0781768 -0.0249342    1.45612 -0.0337963   -9.70026 
               173.7  9.44478  26.2515 -69.2758 -0.585471  0.749915     1.465  0.583225 -0.561989   0.70438 -0.00851194  -0.0269293   0.0353924  -0.122991  -0.155023 -0.0227876  0.00198703  -0.0029044 -0.00544662 -0.0895644  0.0776933 -0.0250459    1.45621 -0.0339793   -9.70025 
               173.8  9.37344  26.5327 -69.6258 -0.60677 0.727551  1.46201  0.582908 -0.560241  0.708687 -0.00847325  -0.0269417   0.0354427  -0.186374  -0.173189 -0.0123598  0.00207464 -0.00303966 -0.00553566 -0.0894603  0.0773055 -0.0250073    1.45634 -0.0340685   -9.70023 
               173.9 9.57036 25.5576 -72.409 -0.621519  0.704441   1.46127  0.583526 -0.560546  0.711523 -0.00845949  -0.0269716   0.0354246  -0.239951  -0.203864 -0.0222293  0.00157905 -0.00280813 -0.00536913 -0.0896856  0.0770087 -0.0251044    1.45624 -0.0343305   -9.70024 
                 174  8.52021  25.3688 -74.1449 -0.643395   0.68204   1.45976  0.583569 -0.560782  0.712732 -0.00844421  -0.0269745   0.0354484  -0.276421  -0.249476 -0.0445185  0.00166936 -0.00309627 -0.00506882 -0.0895104  0.0768869 -0.0251366    1.45629 -0.0343971   -9.70023 
               174.1  8.01851  25.2282 -75.3222 -0.648696  0.686756    1.4504  0.582358 -0.553339  0.712562 -0.00844271  -0.0269005   0.0354595  -0.283365  -0.236725 -0.0596589   0.0016962 -0.00326969  -0.0049033 -0.0905584  0.0769533 -0.0247668    1.45649 -0.0341406    -9.7002 
               174.2  7.89647  25.2979 -75.1723  -0.6956 0.646881  1.43583  0.582036 -0.549226  0.716542 -0.00836334  -0.0268618   0.0355509  -0.309349  -0.254935 -0.0751498  0.00184332 -0.00335381 -0.00508165 -0.0907552  0.0765711 -0.0246444    1.45674 -0.0342668   -9.70017 
               174.3  7.70624  24.9168 -77.0746 -0.722613  0.615459   1.41919  0.582577 -0.545102  0.719157 -0.00835198  -0.0269096   0.0355494  -0.319412  -0.227851 -0.0921246  0.00190663  -0.0028919 -0.00523113 -0.0921187  0.0762148 -0.0245176    1.45653 -0.0345453    -9.7002 
               174.4  8.00725  24.7826 -77.6686 -0.740982  0.598729   1.41591  0.583141 -0.543633  0.724414 -0.00825011  -0.0268758   0.0355579 -0.253715 -0.221586 -0.102666  0.00186311 -0.00282074 -0.00522671 -0.0913288  0.0756957 -0.0245922    1.45697 -0.0349093   -9.70013 
               174.5  7.31402  25.1931 -78.8187 -0.761008  0.590502   1.40272  0.581512 -0.537802  0.725027 -0.00820858  -0.0268145   0.0355373 -0.201506 -0.230436 -0.104332  0.00232038  -0.0030955 -0.00517264 -0.0913781  0.0756358 -0.0243076     1.4575 -0.0346924   -9.70005 
               174.6  7.52377  25.1076 -79.5541 -0.772465  0.570909   1.38747  0.581378 -0.531871  0.728477 -0.00816918  -0.0268215   0.0355348  -0.170108  -0.201693 -0.0897305  0.00213572 -0.00286003  -0.0054188 -0.0920018  0.0751754 -0.0240959    1.45777 -0.0349309   -9.70001 
               174.7  7.40568   25.412 -80.4179 -0.776984  0.558164     1.372  0.580894 -0.524997  0.730879 -0.00812015  -0.0268248   0.0355279 -0.108541 -0.189149 -0.094473  0.00245715 -0.00281938 -0.00545158 -0.0928493  0.0748169 -0.0237984    1.45804 -0.0350587   -9.69997 
               174.8  7.29575  25.7197 -81.3801 -0.773522  0.536773   1.37113  0.582173 -0.525908  0.734542 -0.00814922   -0.026838   0.0354934 -0.0432669  -0.226678 -0.0862685  0.00264297 -0.00301957 -0.00523373 -0.0918852  0.0743546 -0.0240082    1.45836 -0.0355294   -9.69992 
               174.9  7.40919  25.8344 -82.7503 -0.772477  0.512423    1.3653  0.582615 -0.525891  0.735837 -0.00816556  -0.0268455   0.0354801 -0.00843089   -0.244658  -0.0669469  0.00254266 -0.00297539 -0.00507214 -0.0916543  0.0741799 -0.0240627    1.45846 -0.0357027    -9.6999 
                 175 6.82945  27.026 -84.219 -0.766049  0.488175   1.35297  0.582453 -0.521485  0.736827 -0.00814106  -0.0268586   0.0354743   0.046623  -0.292601 -0.0636274  0.00287386 -0.00350041 -0.00507499 -0.0922025  0.0740468 -0.0238447    1.45864 -0.0357463   -9.69988 
               175.1  7.24907  26.0863 -85.0688 -0.766397     0.458   1.35111  0.582021 -0.523906  0.735137 -0.00813481  -0.0268505   0.0354732  0.0563918    -0.3119 -0.0169196   0.0027518 -0.00313447 -0.00535495 -0.0919233  0.0742556 -0.0239306    1.45855 -0.0355613   -9.69989 
               175.2  7.56553  26.0822 -86.8412 -0.786631  0.436012   1.36498  0.579374 -0.534623  0.726436 -0.00810699  -0.0268226   0.0355234 -0.00515031   -0.295322   -0.014922    0.002365 -0.00304292 -0.00512653 -0.0899319  0.0751735 -0.0243873    1.45856 -0.0346539   -9.69989 
               175.3  7.54661  26.0452 -87.6787 -0.793399  0.404446     1.374  0.578854 -0.540871  0.723991 -0.00812332  -0.0268058   0.0355249  -0.020786  -0.321113 -0.0275406 0.00251066 -0.0033028 -0.0051242 -0.0886744  0.0753571 -0.0247487    1.45857 -0.0344989   -9.69989 
               175.4  7.45652  25.9098 -88.7506 -0.796813   0.38251   1.36919  0.577535 -0.535433  0.721181 -0.00813402   -0.026825   0.0355589 -0.0388568   -0.27982 -0.0485435   0.0026347 -0.00334024 -0.00505592 -0.0881578  0.0755511 -0.0245482    1.45948 -0.0342209   -9.69975 
               175.5  8.22787  26.0715 -89.8281 -0.81363 0.367126  1.38352  0.575634 -0.543867  0.714621 -0.0081727 -0.0267759  0.0355816 -0.0792917  -0.254436 -0.0326317  0.00249183 -0.00343959 -0.00515297  -0.085733  0.0761443 -0.0250852    1.45994 -0.0336419   -9.69969 
               175.6  7.79756  26.7736 -91.1767 -0.824257   0.33462   1.38458 0.576032 -0.54686 0.714781 -0.00818772  -0.0267681   0.0355805 -0.0967417  -0.253738 -0.0136874  0.00272689 -0.00362276 -0.00482231 -0.0854038  0.0761366 -0.0252627    1.45977 -0.0337014   -9.69971 
               175.7  8.90741  26.3015 -91.9062 -0.837371  0.298248   1.40728  0.578943 -0.562522  0.717156 -0.00822813  -0.0266735   0.0355674 -0.145763 -0.256006 0.0253909  0.00227402 -0.00306486 -0.00495386 -0.0832233  0.0759048 -0.0262919    1.45906 -0.0342672   -9.69982 
               175.8  9.02683   26.625 -92.4273 -0.848343  0.262319   1.40994 0.580801  -0.5632 0.721244 -0.00822175  -0.0266817    0.035562 -0.172653 -0.268801 0.0148933   0.0022742  -0.0030303 -0.00489097 -0.0835269  0.0754408 -0.0263861    1.4587 -0.034817  -9.69987 
               175.9  9.27162  26.8406 -93.1902 -0.858177  0.231443   1.40936  0.582443 -0.561697  0.725399 -0.00820329  -0.0266879   0.0355636   -0.204776   -0.284178 -0.00698559  0.00209646 -0.00311892 -0.00471964 -0.0839093  0.0749325 -0.0263825    1.45853 -0.0353885   -9.69989 
                 176   9.1703  27.5128 -93.1579 -0.868759  0.209044   1.40938  0.582759 -0.554694  0.727856 -0.00812148  -0.0266135   0.0355781  -0.225856  -0.284196 -0.0115127  0.00218179 -0.00354345 -0.00477871 -0.0835854  0.0744852 -0.0262157     1.4594 -0.0358698   -9.69976 
               176.1  9.14955  27.4889 -93.4919 -0.898932  0.186948   1.40547  0.580234 -0.549806  0.723893 -0.00811537  -0.0265495   0.0355673  -0.275765  -0.304832 0.00626697  0.00200582 -0.00362566 -0.00447718 -0.0836143  0.0748468 -0.0259197    1.46009 -0.0353413   -9.69966 
               176.2  8.74275  27.0591 -93.1063 -0.916809  0.173382   1.40505  0.578817 -0.543979  0.722242 -0.00809448  -0.0264343   0.0356232 -0.286022 -0.315248 0.0182911 0.00200568 -0.0036691 -0.0044894 -0.0834635  0.0749039 -0.0256806    1.46088 -0.0352151   -9.69954 
               176.3  8.64065  26.4795 -93.0453 -0.943713  0.148229   1.40565  0.577881 -0.539636  0.721084 -0.00809492  -0.0263561   0.0356796 -0.296256 -0.310979 0.0157441  0.00181535 -0.00356901 -0.00449858 -0.0833787   0.074944 -0.0255071    1.46146 -0.0351393   -9.69945 
               176.4  8.15584  26.5067 -92.6393 -0.965287  0.124773   1.40771   0.57821 -0.538379  0.721536 -0.00807791  -0.0263356    0.035713  -0.284502  -0.293475 0.00341868  0.00178473  -0.0035405 -0.00450405 -0.0831985  0.0748744 -0.0255093    1.46167 -0.0352695   -9.69942 
               176.5  7.45342  26.1204 -92.7068  -0.99985 0.0975017   1.39623  0.575252 -0.527009  0.718053 -0.00811341  -0.0261588   0.0357758  -0.257573  -0.282279 -0.0358001  0.00181008 -0.00337317 -0.00420166 -0.0838569  0.0749876 -0.0249026    1.46277 -0.0349191   -9.69926 
               176.6  7.01559  26.0338 -92.2207  -1.00844 0.0915529   1.39183  0.574136 -0.522035  0.716626 -0.00811545  -0.0261031   0.0357889  -0.250173  -0.268045 -0.0458139  0.00153683 -0.00347083 -0.00421082 -0.0840163  0.0750227 -0.0246549    1.46331 -0.0348078   -9.69918 
               176.7  6.42527  25.8148 -92.2401  -1.01515 0.0696044    1.3844  0.575366 -0.513183  0.719661 -0.00809138  -0.0260445   0.0359096  -0.187743  -0.271605 -0.0525512  0.00176476 -0.00330282 -0.00412854 -0.0842667  0.0744203 -0.0243623    1.46404 -0.0355078   -9.69906 
               176.8  6.12136  25.6953 -92.1682  -1.03157 0.0544333   1.38329  0.573873 -0.512298  0.716242 -0.00811731   -0.026041   0.0358991   -0.15326  -0.270382 -0.0371879  0.00183575 -0.00308585 -0.00380728 -0.0836073  0.0747834 -0.0243567    1.46462 -0.0351202   -9.69898 
               176.9  6.49459  26.0716 -91.2184  -1.04808 0.0330838    1.3869  0.573681 -0.514967  0.714641 -0.00815148  -0.0260277   0.0358727   -0.13031  -0.245823 -0.0110237  0.00179771 -0.00301585 -0.00408512 -0.0827032  0.0749984 -0.0245864    1.46483 -0.0349815   -9.69894 
                 177  6.64607  26.6161 -90.9669    -1.07267 -0.00731583     1.37634  0.571553 -0.513127  0.711479 -0.00812603  -0.0260375   0.0358932 -0.0901134   -0.26345 -0.0418514  0.00199202 -0.00301107 -0.00418186 -0.0832825  0.0754043 -0.0243181    1.46488 -0.0343904   -9.69894 
               177.1  7.26515    26.47 -89.5514   -1.07905 -0.0252647    1.36767  0.569739 -0.506332  0.708161 -0.00810638  -0.0260463   0.0358381 -0.0490471   -0.28834 -0.0568843  0.00204301 -0.00320018 -0.00451153 -0.0832378  0.0756265 -0.0239584    1.46579 -0.0340675    -9.6988 
               177.2  7.05765  26.2365 -90.0559  -1.07735 -0.048261   1.35588  0.568954 -0.498436  0.707432 -0.00812443  -0.0261117   0.0358191 -0.0193636  -0.339527 -0.0291001  0.00212214 -0.00323999  -0.0044544 -0.0838354  0.0756073 -0.0234937    1.46641 -0.0340114   -9.69871 
               177.3  6.99847  25.9687 -90.2825   -1.07741 -0.0610025    1.35106  0.567976 -0.493546   0.70553 -0.00815539  -0.0261721   0.0358236 -0.0258296  -0.321954 -0.0114338  0.00197374 -0.00319128 -0.00451772 -0.0839669  0.0757523 -0.0232046    1.46696 -0.0338127   -9.69863 
               177.4   6.7699  25.9754 -90.4136  -1.09146 -0.104424   1.34437  0.566249 -0.493758  0.702646 -0.00810106  -0.0261777   0.0358377 -0.0665673  -0.339754 -0.0304606  0.00198835 -0.00327403 -0.00429083 -0.0843737  0.0762048 -0.0230533    1.46685 -0.0332433   -9.69865 
               177.5  6.79741  26.0012 -90.2995  -1.09021 -0.120763   1.34842  0.565846 -0.487292  0.699558 -0.00818169  -0.0262667   0.0358383  -0.050881  -0.298171 -0.0283055  0.00209123 -0.00363698 -0.00408953 -0.0829859  0.0763262 -0.0230286    1.46834 -0.0332452   -9.69842 
               177.6  7.08239  25.3636 -90.2293  -1.08501 -0.154878   1.34718  0.568427 -0.487185   0.70421 -0.00820343  -0.0262315   0.0358019 -0.0322535  -0.293929 -0.0393377  0.00217204 -0.00329985 -0.00415632 -0.0830178  0.0757315 -0.0231482   1.46817 -0.033987  -9.69844 
               177.7  7.40624  25.0555 -89.8274  -1.09715 -0.176251   1.35265  0.567004 -0.490417  0.699877 -0.00819739  -0.0262274   0.0358488 -0.0680985  -0.263182 -0.0107714  0.00225813 -0.00330833 -0.00413931 -0.0817219  0.0762916 -0.0234475     1.4686 -0.0334776   -9.69838 
             177.799  7.72833  24.6643 -89.4096  -1.10594 -0.193435   1.34668  0.565578 -0.486533  0.698208 -0.00820442  -0.0262458   0.0358605  -0.107162  -0.254792 -0.0296395   0.0022562 -0.00330979 -0.00416996 -0.0820512  0.0764357 -0.0231558    1.46893 -0.0332045   -9.69833 
               177.9  8.15434  24.5845 -88.6742  -1.11888 -0.229948   1.34115  0.566546 -0.488286  0.699772 -0.00820464  -0.0262552   0.0358557  -0.146595  -0.294888 -0.0681552  0.00219378 -0.00346764 -0.00426458 -0.0822524  0.0762697 -0.0232447    1.46858 -0.0334169   -9.69838 
                 178  8.48249  23.6705 -87.7694   -1.1353 -0.246758   1.33386    0.5652 -0.486008  0.697788 -0.00820983   -0.026231   0.0358785  -0.191977  -0.275672 -0.0864223  0.00229364  -0.0029712 -0.00444959 -0.0820211  0.0764793 -0.0231164    1.46901 -0.0331319   -9.69832 
               178.1  8.84109  24.2856 -87.3624  -1.16032 -0.280175   1.33515  0.566737 -0.491468  0.698031 -0.00825438  -0.0262084   0.0358656  -0.236149  -0.286519 -0.0682425   0.0021793 -0.00326436 -0.00433873 -0.0808897   0.076666 -0.0236032    1.46895 -0.0332242   -9.69833 
             178.199   8.9461  24.4166 -86.4539  -1.18501 -0.314361   1.33973  0.569108 -0.498905  0.699035 -0.00832402  -0.0262263   0.0358669  -0.248866  -0.304419 -0.0277724  0.00218661 -0.00334466 -0.00429359 -0.0800337  0.0768515 -0.0241834    1.46851 -0.0333977   -9.69839 
               178.3  8.62956  24.1026 -85.3684  -1.22269 -0.348089   1.34261   0.56817 -0.502303  0.696449 -0.00837216  -0.0262466   0.0358222 -0.288796 -0.327652  0.037477   0.0020943 -0.00348639 -0.00435522 -0.0797673  0.0773823 -0.0243033    1.46835 -0.0329204   -9.69842 
               178.4  7.82501   23.624 -84.5313   -1.2457 -0.371887   1.34232   0.56753 -0.495953  0.696623 -0.00835242  -0.0261625   0.0359019  -0.287311  -0.319906 0.00268686  0.00149976 -0.00355305  -0.0039365 -0.0797611  0.0771545 -0.0240049    1.46904 -0.0330156   -9.69832 
               178.5   6.7441  22.7485 -83.2824  -1.26739 -0.386407    1.3287  0.564885 -0.485685  0.695087 -0.0083658  -0.025935  0.0360043  -0.265204  -0.280591 -0.0444196  0.00148889 -0.00329803 -0.00359873 -0.0806402  0.0769925  -0.023258   1.46978 -0.032794   -9.6982 
               178.6   5.8527  22.1315 -82.1277  -1.27887 -0.381228   1.31896  0.561577 -0.479011  0.691658 -0.00840579   -0.025745   0.0360314  -0.265005  -0.244425 -0.0685821  0.00166915 -0.00306229 -0.00377469 -0.0810379   0.077231 -0.0226957     1.4704 -0.0322269   -9.69811 
               178.7  5.63308  21.8591 -81.8855  -1.33319 -0.411794   1.30441   0.55959 -0.478787  0.688538 -0.00843371  -0.0257073   0.0360056  -0.263871  -0.187478 -0.0868818  0.00172249 -0.00291165 -0.00379798 -0.0806858  0.0776718 -0.0226337    1.47068 -0.0317037   -9.69807 
             178.799  4.89623  22.2666 -80.6486  -1.33635 -0.407073   1.30043  0.558077 -0.475803  0.687159 -0.0084272 -0.0256945  0.0359775  -0.252911  -0.170602 -0.0918063  0.00221652 -0.00295981 -0.00397457 -0.0807626  0.0777764 -0.0223754    1.47099 -0.0314375   -9.69802 
               178.9  4.69026  22.0671 -80.3472  -1.37653 -0.442389   1.28281  0.558993 -0.477341  0.688283 -0.00841437   -0.025702    0.035992  -0.173023  -0.122181 -0.0834578  0.00242598 -0.00283402 -0.00414716 -0.0811654  0.0776536 -0.0224336    1.47062 -0.0316364   -9.69808 
             178.999  4.96854   22.749 -80.1239 -1.38333 -0.44832  1.27208  0.558842 -0.473584  0.689576 -0.00844337  -0.0257637   0.0359161 -0.0997276 -0.0913213 -0.0753374   0.0026939 -0.00287413 -0.00423755 -0.0812923  0.0773595 -0.0222108    1.47093 -0.0317662   -9.69803 
               179.1  5.68555  23.0415 -79.4169  -1.3914 -0.47068  1.26815  0.560507 -0.477168  0.690879 -0.0084618  -0.025657  0.0360089 -0.0755514  -0.110569 -0.0611506   0.0026025 -0.00285769 -0.00444282 -0.0815159  0.0772121 -0.0224888    1.47044 -0.0321053   -9.69811 
               179.2  5.86784  23.7292 -79.4339  -1.39232 -0.503517   1.27283  0.563343 -0.484394  0.693146 -0.00854756  -0.0254427   0.0361063 -0.0283466  -0.187022 -0.0512053  0.00279521 -0.00304857 -0.00424824 -0.0812952  0.0769288 -0.0231184     1.4698 -0.0327007    -9.6982 
               179.3  6.55314  23.6375 -79.0062  -1.40168 -0.527928   1.27358  0.563261 -0.488564  0.691429 -0.00855053  -0.0253831   0.0361537  -0.014733  -0.224612 -0.0456555  0.00281148 -0.00293387 -0.00458355 -0.0807218  0.0772267 -0.0234202    1.46967 -0.0325493   -9.69822 
               179.4   6.8429  24.5648 -79.1788  -1.40617 -0.554296   1.26458 0.562849 -0.48816 0.690558 -0.00849396  -0.0253897   0.0362131  0.0037731  -0.267613 -0.0588127  0.00296122 -0.00316767 -0.00475999 -0.0811723  0.0774022 -0.0232906    1.46951 -0.0324137   -9.69825 
             179.499  7.32489   24.696 -79.6798  -1.41082 -0.565514   1.26733  0.562503 -0.490707  0.689072 -0.00849458  -0.0253797   0.0362239 -0.00114122   -0.286107   -0.055901  0.00283957 -0.00319683 -0.00490618 -0.0805063   0.077612 -0.0235133    1.46958 -0.0322619   -9.69824 
               179.6  7.73041  25.0712 -79.9867  -1.41249 -0.620371    1.2761  0.563017 -0.496668  0.688461 -0.00855689  -0.0252755   0.0362027 -0.00306373   -0.395718  0.00435375   0.0025963 -0.00344625 -0.00495512 -0.0791974  0.0776302 -0.0241255    1.4696 -0.032355  -9.69823 
             179.699  7.77346  24.8009 -81.2737  -1.40496 -0.646397   1.27923  0.563259 -0.493597  0.689608 -0.0086819  -0.025367  0.0362024 0.00662444  -0.382192  0.0149352  0.00254561 -0.00317794 -0.00513627 -0.0786879  0.0773026 -0.0240528    1.47013 -0.0324971   -9.69815 
               179.8  7.68491  25.0795 -82.0232   -1.3986 -0.672625    1.2863  0.563089 -0.489847  0.689401 -0.00877655  -0.0254879   0.0362391 0.0166412 -0.368218 0.0313151  0.00255557  -0.0033817 -0.00492887 -0.0777288  0.0771621 -0.0239968    1.47092 -0.0324638   -9.69803 
               179.9  7.90905   24.962 -82.7475  -1.40467 -0.694454   1.29364  0.561655 -0.489595  0.686276 -0.00874857  -0.0255904   0.0363137 0.0168601 -0.322033 0.0353661  0.00251505 -0.00321952 -0.00471599 -0.0768944  0.0775957 -0.0240255   1.47134 -0.032021  -9.69797 
             179.999  8.20362  24.3996 -82.7344   -1.4131 -0.711705   1.29574  0.559663 -0.488033  0.682613 -0.00873857  -0.0256367   0.0363951 0.000621766   -0.282429   0.0211904  0.00265747 -0.00308575 -0.00509629 -0.0764535  0.0781163 -0.0238534    1.47171 -0.0314546   -9.69791 
             180.099  8.42694  24.6678 -83.3779  -1.42278 -0.713363   1.28662  0.557828 -0.486614  0.679773 -0.00872633  -0.0256592   0.0363844   -0.022072   -0.287398 -0.00475559  0.00256609 -0.00333343  -0.0049555 -0.0774341  0.0786292 -0.0234317    1.47145 -0.0309328   -9.69796 
             180.199  8.40328  24.5641 -83.2964  -1.43079 -0.776377   1.28409  0.558432 -0.488755  0.680645 -0.00872367  -0.0256555   0.0363478  -0.0727641   -0.288861 -0.00363337  0.00261779 -0.00329001 -0.00502764  -0.077755  0.0785634 -0.0235365    1.47109 -0.0310727   -9.69801 
             180.299  8.72073   24.605 -84.2328  -1.43428 -0.783006   1.28414   0.55853 -0.490982  0.680167 -0.00872212  -0.0256589   0.0363388  -0.0853928   -0.297928 -0.00383802  0.00249528 -0.00321563 -0.00484897 -0.0778714  0.0786876 -0.0236337    1.47082 -0.0310305   -9.69805 
             180.399  8.6734 24.7172 -84.297  -1.45505 -0.842201   1.27884  0.558549 -0.490061  0.680482 -0.00872188  -0.0256566   0.0363399  -0.147027   -0.33277 -0.0441835  0.00251692  -0.0032758 -0.00481317 -0.0779015  0.0786259 -0.0235863     1.4709 -0.0310623   -9.69804 
               180.5  8.97636    24.79 -84.8494  -1.45064 -0.838138   1.28363  0.558762 -0.488745  0.681638 -0.00872026  -0.0256437   0.0363429  -0.135481  -0.303703 -0.0307803  0.00246284 -0.00294878 -0.00458827 -0.0770849  0.0783821 -0.0236698    1.47138 -0.0312234   -9.69797 
             180.599   9.3314   24.613 -84.7547  -1.48637 -0.884614   1.28109  0.558321 -0.489389  0.680434 -0.00872666  -0.0256358   0.0363463  -0.234267  -0.281048 -0.0387727  0.00225012  -0.0028237 -0.00466366 -0.0765367  0.0785265 -0.0237397    1.47158 -0.0310814   -9.69794 
               180.7 9.17619 24.8635 -84.629  -1.50096 -0.886439   1.27587    0.5564 -0.488309  0.676922 -0.00874746  -0.0256116   0.0363162  -0.267784  -0.281923 -0.0425141   0.0021237 -0.00314935 -0.00446538 -0.0766855  0.0790073 -0.0235067    1.47169 -0.0305511   -9.69792 
               180.8  9.13177  24.8253 -84.6691  -1.52859 -0.904004   1.27466  0.555075 -0.484877  0.675844 -0.00873577  -0.0255539   0.0363183 -0.287668 -0.281332  0.015103   0.0020941 -0.00317077 -0.00440582  -0.076322  0.0790598 -0.0233053    1.47223 -0.0303479   -9.69784 
             180.899  8.96217  24.6478 -84.5973  -1.55629 -0.930697   1.28142  0.555552 -0.486752  0.675981 -0.00874102  -0.0255636   0.0363224 -0.270143 -0.274253 0.0134784  0.00198568 -0.00317013 -0.00444954 -0.0757451  0.0791127  -0.023506   1.47229 -0.030378  -9.69783 
             180.999  8.58213  24.1394 -84.4971    -1.595 -0.972311   1.28118  0.556466 -0.486584   0.67766 -0.0087232 -0.0255761  0.0363403  -0.253663  -0.199162 -0.0295887  0.00184246 -0.00285449 -0.00437508 -0.0758321  0.0788831 -0.0235502   1.47223 -0.030627  -9.69784 
             181.099  7.54543   24.434 -84.3095  -1.63776 -0.987626   1.27337  0.554295 -0.486304  0.673674 -0.00874559  -0.0255373   0.0362705  -0.258896   -0.15382 -0.0372906  0.00180165 -0.00299207 -0.00432483 -0.0758168  0.0794054   -0.02338    1.47236 -0.0300461   -9.69782 
               181.2  6.79372  24.1984 -84.0149  -1.66882 -0.993236   1.27208 0.552871 -0.48842 0.670128 -0.0087727 -0.0255359  0.0362109  -0.252959  -0.128547 -0.0297122  0.00205967 -0.00280248 -0.00445845 -0.0753559  0.0799147 -0.0234281    1.47242 -0.0295664   -9.69781 
             181.299  6.51716   24.292 -84.2108  -1.69427 -0.992149   1.26713  0.550976 -0.487212  0.666204 -0.0087785 -0.0255164  0.0361724  -0.242885  -0.115668 -0.0428148  0.00208286 -0.00290376 -0.00428766  -0.075241  0.0804181 -0.0232318   1.47269 -0.029023  -9.69777 
             181.399  6.42823  24.2837 -83.8787 -1.71177 -1.00332  1.26255  0.551203 -0.486816  0.666801 -0.00877337  -0.0255167   0.0361772  -0.220608   -0.12131 -0.0452624  0.00215338 -0.00293639 -0.00440423 -0.0754211  0.0803463 -0.0232085    1.47263 -0.0290948   -9.69778 
             181.499  6.29686  24.6247 -83.4851 -1.74918 -1.02116  1.25656  0.550725 -0.487019  0.665498 -0.00877744  -0.0255135   0.0361715  -0.192249  -0.127156 -0.0317593  0.00227955 -0.00296928 -0.00448152 -0.0754242  0.0805405 -0.0231728    1.47264 -0.0289198   -9.69778 
             181.599  6.42407  24.8204 -83.2557 -1.74887 -1.03445  1.25358  0.552013 -0.483476  0.669968 -0.00876996   -0.025521   0.0361274  -0.117474  -0.148825 -0.0364849  0.00259879 -0.00284661 -0.00434719 -0.0755596    0.07982 -0.0231035    1.47285 -0.0294888   -9.69775 
             181.699  7.28193  24.8634 -82.7462 -1.75973 -1.05006  1.25363   0.55204 -0.484825  0.669904 -0.00878267  -0.0254959   0.0361118 -0.0982862  -0.180886 -0.0348539  0.00241057 -0.00284476 -0.00453266 -0.0751108  0.0797757 -0.0232447    1.47292 -0.0295212   -9.69774 
               181.8  7.74109  24.8834 -82.7114 -1.77207 -1.07382   1.2517  0.552045 -0.486889  0.669409 -0.00878205  -0.0254704    0.036143 -0.0749998  -0.202175 -0.0253142  0.00244826 -0.00280204  -0.0045589 -0.0750536  0.0798923 -0.0233662    1.47274 -0.0294711   -9.69776 
             181.899  8.01333  24.6686 -83.3517 -1.78238 -1.10846  1.25906   0.55276 -0.493271  0.670122 -0.0087383 -0.0253349  0.0361657 -0.0778195  -0.276676  0.0347445  0.00235162 -0.00275524 -0.00459371 -0.0747044  0.0798525 -0.0238761    1.47224 -0.0296432   -9.69784 
             181.999  8.10963  24.8459 -83.6383 -1.78298 -1.13636  1.25867    0.5537 -0.493091  0.672491 -0.00873341  -0.0252955   0.0361494 -0.0657744  -0.333669  0.0380839  0.00233437 -0.00327575 -0.00464894  -0.075297  0.0796036 -0.0238483    1.47195 -0.0299115   -9.69788 
             182.099  8.03071  24.5193 -83.8633  -1.779 -1.1829 1.26281 0.555217 -0.49056 0.675781 -0.00879699  -0.0252874   0.0361148 -0.060455 -0.355714  0.023942  0.00228575 -0.00323694 -0.00467605 -0.0754086  0.0790479 -0.0238091     1.4721 -0.0303915   -9.69786 
             182.199  7.82111  24.5556 -84.3771 -1.77862 -1.22243  1.25788   0.55612 -0.486215  0.677823 -0.00883897  -0.0252764   0.0361109  -0.0621558   -0.327872 -0.00890487  0.00229563 -0.00330166 -0.00445272 -0.0760321  0.0787488 -0.0234674    1.47223 -0.0306283   -9.69784 
             182.299  7.75071  24.3167 -84.8234 -1.77052 -1.24575  1.24988  0.557501 -0.480477  0.680979 -0.0089021 -0.0252522  0.0361128 -0.0388764  -0.309185 -0.0350376  0.00262791 -0.00325125 -0.00448082 -0.0767479  0.0782226 -0.0230641    1.47245 -0.0310422    -9.6978 
             182.399  8.21531  24.1123 -84.7368 -1.77084 -1.24718  1.25639  0.557529 -0.481137  0.680196 -0.00890694  -0.0252617   0.0361307 -0.0432306  -0.283023  -0.022869  0.00262195 -0.00309786 -0.00485565 -0.0758117  0.0782152 -0.0233164     1.4728 -0.0310486   -9.69775 
               182.5  8.41512  24.2106 -84.7312 -1.77669 -1.29507  1.25046  0.558322 -0.479419  0.682088 -0.00891139  -0.0252555   0.0361124  -0.103983  -0.244253 -0.0240694  0.00256516 -0.00311403 -0.00496717 -0.0761365  0.0779091 -0.0232166     1.4728 -0.0313072   -9.69775 
             182.599  8.72851  24.5493 -85.4823 -1.78295 -1.29983  1.24337  0.557267 -0.476515  0.680947 -0.00888534  -0.0252768   0.0361188  -0.119878  -0.223441 -0.0414683  0.00271118 -0.00309156 -0.00510753 -0.0766348  0.0780543 -0.0228803     1.4729 -0.0310818   -9.69774 
             182.699  8.88192  24.5853 -85.7468  -1.8098 -1.33373  1.23888  0.557146 -0.479038  0.679815 -0.00888219  -0.0252698   0.0361321  -0.176705  -0.218754 -0.0630301  0.00269165 -0.00314439 -0.00507149 -0.0763184  0.0782761 -0.0230544     1.4728 -0.0309488   -9.69775 
               182.8  9.18385  24.3654 -86.7842 -1.82234 -1.34547  1.24541  0.557894 -0.483888  0.679463 -0.00888601  -0.0252623   0.0361379    -0.2105   -0.22095 -0.0546755  0.00253332 -0.00317774  -0.0049131  -0.075212  0.0784428 -0.0235153     1.4728 -0.0309466   -9.69775 
             182.899 9.13534  24.894 -87.168 -1.84837 -1.38181  1.23451  0.558286 -0.480919  0.681712 -0.00891279  -0.0252688   0.0361153  -0.254905  -0.279165 -0.0416511  0.00247309 -0.00352614 -0.00455232 -0.0754061  0.0780127 -0.0233801    1.47297 -0.0312429   -9.69772 
                 183 9.25545 24.1891 -86.633  -1.8558 -1.39547  1.24206  0.559775 -0.483667  0.683486 -0.00891404  -0.0252698   0.0361254  -0.271834  -0.292332 -0.0016313  0.00225935 -0.00331878 -0.00455791 -0.0745946   0.077839 -0.0237552      1.473 -0.0315245   -9.69772 
             183.099  9.29682  24.4233 -86.4682 -1.88937 -1.43627  1.24692  0.559822 -0.480697  0.684676 -0.00888372  -0.0252238   0.0361426 -0.237598 -0.296868 0.0237917  0.00213413 -0.00350199  -0.0046496 -0.0742884  0.0775411 -0.0236683    1.47342 -0.0317023   -9.69766 
               183.2  8.49981  23.9016 -86.5971 -1.88029   -1.446    1.244  0.561381 -0.471417  0.688595 -0.0088392 -0.0251132  0.0363029  -0.176584  -0.260348 0.00521751  0.00188209 -0.00329069 -0.00413601 -0.0747617  0.0765983  -0.023222    1.47407 -0.0324294   -9.69755 
               183.3  7.64175  23.8592 -86.6426 -1.92072  -1.4971  1.23365  0.560077 -0.473361  0.687292 -0.00885172   -0.025124   0.0361696  -0.171659  -0.246868 -0.0396321  0.00195068 -0.00329007 -0.00367586 -0.0754256  0.0768515 -0.0230906   1.47362 -0.032127  -9.69762 
               183.4  6.22373  22.5872 -85.3642  -1.9303 -1.48418  1.23558  0.557692 -0.473096  0.682837 -0.00890588  -0.0250316   0.0361426  -0.186201  -0.202975 -0.0338116  0.00215753 -0.00288852 -0.00386268 -0.0746402  0.0774404 -0.0230594     1.4741 -0.0315018   -9.69755 
               183.5  6.16854  22.5408 -85.1195 -1.95567 -1.49268  1.23176  0.555962 -0.472158  0.679707 -0.00894659  -0.0249326   0.0361287  -0.159379  -0.164036 -0.0386055  0.00224431 -0.00288349 -0.00401238 -0.0742082  0.0778382 -0.0229618    1.47446 -0.0310632    -9.6975 
               183.6  5.59042  21.7537 -85.0016 -1.98492 -1.52607   1.2323  0.556102 -0.476933  0.679548 -0.00893151  -0.0249997    0.036071  -0.108611  -0.158835 -0.0179343  0.00255599 -0.00252772  -0.0041326 -0.0738898  0.0780437 -0.0233313    1.47411 -0.0309789   -9.69755 
               183.7  5.08687  22.3796 -85.1229 -1.98776 -1.52449  1.22361  0.555062 -0.473066  0.678365 -0.00891047   -0.024991   0.0360499  -0.092371  -0.149416 -0.0340239   0.0029915 -0.00279788 -0.00431635  -0.074412  0.0781835 -0.0228674     1.4743 -0.0307545   -9.69752 
             183.799 5.24839 22.5114 -85.005 -2.00916 -1.55848  1.21517  0.554653 -0.475067  0.677791 -0.00890267  -0.0249762   0.0360911 -0.0441602  -0.175961 -0.0440955  0.00299523 -0.00286376 -0.00448207 -0.0746363  0.0784413 -0.0229111    1.47401 -0.0305753   -9.69757 
               183.9  5.63078  22.2996 -85.9211 -2.01962 -1.57547  1.21174  0.553891 -0.476611  0.676396 -0.0088725 -0.0249665  0.0361373 -0.00407172   -0.193017  -0.0389707   0.0031467 -0.00271306 -0.00454331 -0.0745192  0.0787605 -0.0229776    1.47393 -0.0303159   -9.69758 
             183.999  5.75782  22.4767 -86.9568 -2.03914 -1.58809  1.20758  0.551781 -0.478556  0.672837 -0.00876399  -0.0250128   0.0362421  -0.024175  -0.238098 -0.0556594  0.00306227 -0.00294891 -0.00431583 -0.0742688  0.0795456  -0.022974    1.47391 -0.0296356   -9.69759 
             184.099  6.27524  22.4641 -86.9803 -2.03936 -1.61536  1.20702  0.552133 -0.479103  0.672872 -0.00879238  -0.0249912    0.036207 -0.0038868  -0.310335 -0.0326988  0.00272742 -0.00317308 -0.00467201 -0.0738786  0.0794329 -0.0231643    1.47403 -0.0297401   -9.69757 
             184.199  6.28729  22.7902 -87.2903 -2.04424 -1.65247  1.20372   0.55177 -0.480319  0.673038 -0.00876429  -0.0249888   0.0362556 0.00763891  -0.342814  0.0133409  0.00298853 -0.00326474 -0.00440683 -0.0742073  0.0796269 -0.0231225    1.47375 -0.0296077   -9.69761 
             184.299  6.66332  22.3191 -87.8652 -2.05875 -1.67723  1.21543  0.551217 -0.485575  0.672552 -0.00873686  -0.0249186   0.0362913 -0.0460811  -0.360107  0.0334969   0.0025745 -0.00297884    -0.00471 -0.0737056  0.0800129  -0.023725    1.47344 -0.0293914   -9.69766 
             184.399  6.75283  22.0441 -88.0282 -2.06399 -1.72604  1.22477  0.551626 -0.485254  0.672062 -0.00874754  -0.0249035   0.0362913 -0.0556825  -0.366361  0.0265845  0.00248016 -0.00306055 -0.00471711  -0.073317  0.0799669 -0.0239111    1.47365 -0.0294635   -9.69763 
             184.499  6.96133   22.293 -88.6693 -2.07461  -1.7587  1.22327  0.550175 -0.484966  0.671166 -0.00872856  -0.0249313   0.0363068 -0.044759 -0.328453 0.0150046  0.00272648 -0.00318264 -0.00454087 -0.0734077  0.0802144 -0.0236965   1.47366 -0.029155  -9.69763 
               184.6  7.59639  21.8373 -89.2638 -2.07496 -1.78206  1.23541  0.551187 -0.484328   0.67023 -0.00873972  -0.0249071   0.0363107 -0.0323647  -0.260779  0.0220799  0.00263501 -0.00283246 -0.00452413 -0.0726019  0.0802401 -0.0241362    1.47407 -0.0292665   -9.69756 
               184.7  7.79013  21.7873 -89.4232 -2.08539 -1.80482  1.23198  0.549731 -0.484406  0.669557 -0.0087362  -0.024928  0.0363201 -0.0584586  -0.235669  0.0121074  0.00274039 -0.00289703 -0.00470025 -0.0728497  0.0804676 -0.0238882    1.47398 -0.0289687   -9.69758 
               184.8  8.36679  22.2833 -89.5538 -2.09714   -1.829  1.23438  0.549524 -0.485686  0.669445 -0.00874461  -0.0249279   0.0363309  -0.113818  -0.219057 0.00434008  0.00254328 -0.00301521 -0.00475112 -0.0728229  0.0805924 -0.0239842    1.47387 -0.0288808    -9.6976 
             184.899   8.6211  22.4671 -90.0428 -2.11589 -1.84783  1.22441  0.547872 -0.484945  0.668575 -0.00871402  -0.0249439   0.0363454  -0.148628  -0.203479 -0.0339659  0.00256787 -0.00280451 -0.00461768 -0.0733609   0.080808 -0.0235813  1.47374 -0.02856 -9.69762 
             184.999  9.01767    22.61 -89.7706 -2.12622 -1.86835  1.22232  0.548939 -0.484402  0.669671 -0.00870497  -0.0249427   0.0363487  -0.173602  -0.155706 -0.0315845  0.00269612 -0.00258914 -0.00485419 -0.0733707  0.0805323 -0.0236364    1.47376 -0.0288398   -9.69761 
             185.099 9.19006 23.1007 -89.608 -2.14552 -1.90336  1.21554    0.5505 -0.490257  0.672722 -0.00873875  -0.0250301   0.0364121  -0.218686  -0.193289 -0.0464937   0.0026836 -0.00278715 -0.00491721 -0.0745348   0.080438 -0.0238415    1.47256 -0.0290618   -9.69779 
               185.2  9.42615  23.8733 -89.6059 -2.17184  -1.9451  1.20174  0.551882 -0.490055  0.675257 -0.00870635  -0.0250671   0.0364892 -0.249921 -0.256292 -0.040318  0.00255084 -0.00347325 -0.00466853 -0.0754753  0.0800013 -0.0236885    1.47209 -0.0294657   -9.69786 
             185.299 9.15918 23.3044 -89.419 -2.19482 -1.96821  1.19931 0.551726 -0.48899 0.675072 -0.00870469  -0.0250517   0.0364989    -0.28099   -0.293493 -0.00571537  0.00235744 -0.00367201 -0.00440266 -0.0754461  0.0799706 -0.0236145    1.47222 -0.0294692   -9.69784 
             185.399  9.08297  22.6716 -88.7619 -2.22084 -1.99738  1.19318    0.5514 -0.487103  0.675063 -0.00871331  -0.0250237   0.0365014  -0.307328  -0.342489 -0.0348211  0.00197443 -0.00386307 -0.00445177 -0.0758052  0.0798706  -0.023368    1.47227 -0.0294939   -9.69784 
               185.5 8.73206 22.0588 -88.223 -2.25386 -2.02339  1.18597  0.550315 -0.482904  0.673078 -0.00874382  -0.0249004   0.0365905  -0.296083  -0.303894 -0.0548877  0.00197091 -0.00367216 -0.00442629   -0.07557  0.0799574 -0.0230871    1.47286 -0.0293343   -9.69775 
             185.599  7.86488   21.992 -88.3196 -2.27431 -2.04925  1.17434  0.550465 -0.479407   0.67323 -0.00875859  -0.0248361   0.0366366 -0.266663 -0.293772 -0.080695   0.0021695 -0.00352076   -0.004337 -0.0759305  0.0796883 -0.0227219    1.47307 -0.0295075   -9.69772 
             185.699  7.71459  21.3906 -87.8358 -2.29387 -2.06608  1.17162  0.550784 -0.476384  0.671679 -0.00875759  -0.0248127   0.0367442  -0.221727  -0.267405 -0.0866164  0.00226874  -0.0033174 -0.00477433 -0.0751846  0.0796851  -0.022789    1.47372 -0.0295468   -9.69762 
               185.8   7.7308  21.9421 -87.8401 -2.32198 -2.08387  1.16239 0.548708 -0.47572 0.668864 -0.00876973  -0.0248126   0.0367087  -0.184172   -0.26443 -0.0730766  0.00241941 -0.00355018 -0.00506579 -0.0748482  0.0801709 -0.0226695    1.47402 -0.0290329   -9.69757 
             185.899   7.4487  22.3166 -88.4659 -2.34625 -2.10664  1.15395  0.547186 -0.476814  0.667559 -0.00873105  -0.0248136   0.0367057  -0.152797   -0.26255 -0.0693913  0.00267867 -0.00344267 -0.00492802 -0.0748453  0.0805885  -0.022631   1.47396 -0.028626  -9.69758 
                 186 7.37823 22.8584 -88.718 -2.36459 -2.13272  1.14547  0.546268 -0.477417  0.666758 -0.00870054  -0.0248191   0.0367104  -0.117872  -0.291972 -0.0767552   0.0028013  -0.0036035 -0.00482044 -0.0748516  0.0808511 -0.0225952    1.47392 -0.0283751   -9.69759 
             186.099  7.58611  22.4759 -89.1887  -2.3779 -2.14854  1.14533   0.54526 -0.478099  0.664684 -0.00869547  -0.0248608   0.0367152  -0.110459   -0.29312 -0.0691863  0.00258538  -0.0032841 -0.00466494  -0.074256  0.0811006 -0.0228058    1.47415 -0.0281201   -9.69755 
             186.199  7.73572  22.7436 -88.8986 -2.39227 -2.18201   1.1389  0.544788 -0.477884  0.663516 -0.00869553  -0.0248734   0.0367082 -0.0974914  -0.329602 -0.0661415  0.00251993 -0.00342352 -0.00474452 -0.0740053  0.0812037 -0.0228365    1.47431 -0.0280046   -9.69753 
               186.3  7.34374  22.4358 -89.4447 -2.41191 -2.19822  1.14472 0.541912 -0.47831  0.65744 -0.00868974   -0.024945   0.0367221 -0.0855189  -0.349595  -0.040385  0.00270542 -0.00327022 -0.00454315 -0.0725998  0.0818245 -0.0231934      1.475 -0.0273277   -9.69743 
               186.4  7.59116  22.6286 -89.4003 -2.41716 -2.20376  1.14809  0.540957 -0.476882  0.654108 -0.00870223  -0.0249728   0.0367454  -0.092977  -0.377294 -0.0171273  0.00259215 -0.00378956  -0.0048176 -0.0718826  0.0819908 -0.0232615   1.47553 -0.027113  -9.69735 
               186.5  7.30291  22.2612 -89.7702 -2.43091 -2.26263  1.15233  0.540565 -0.475995   0.65215 -0.00871391  -0.0249891   0.0367604 -0.090632 -0.436558 0.0123467  0.00266684 -0.00367961 -0.00476761 -0.0713762  0.0820067 -0.0233809    1.47588 -0.0270548    -9.6973 
               186.6  7.32931  22.0107 -90.5068 -2.42664 -2.27947   1.1548 0.541118 -0.46765 0.646243 -0.00879952  -0.0250772    0.036786 -0.0749319  -0.379138  0.0222663  0.00259287 -0.00353668 -0.00465977  -0.070488  0.0818848 -0.0229073    1.47726 -0.0271183   -9.69709 
               186.7  7.62501  21.8271 -90.6429   -2.432 -2.30313  1.15976  0.540614 -0.464577  0.643113 -0.00881437  -0.0251017   0.0368017 -0.0633288  -0.332705  0.0120588  0.00257509 -0.00342273 -0.00459939 -0.0699101  0.0820046 -0.0228558   1.47788 -0.026984  -9.69699 
               186.8   8.2067  22.0253 -90.6524 -2.43766 -2.32624  1.15909  0.539979 -0.462451  0.641321 -0.00881004  -0.0251209    0.036791 -0.0507401  -0.291389 -0.0131735   0.0026028 -0.00362422 -0.00480578 -0.0696741  0.0821371  -0.022676    1.47825 -0.0268291   -9.69693 
               186.9  7.88788  21.4636 -91.4469 -2.44258 -2.35468  1.16424  0.540409 -0.463556  0.641488 -0.00879641  -0.0251066   0.0367875 -0.0685182  -0.265115 0.00177547  0.00286174 -0.00333796  -0.0047515 -0.0694359  0.0820972 -0.0230366    1.47821 -0.0269151   -9.69694 
                 187  8.30856  21.3223 -91.6585 -2.44821 -2.39552  1.17117  0.542399 -0.466387  0.644073 -0.00878487   -0.025062   0.0367636 -0.104748 -0.287757  0.016368  0.00248379 -0.00330816 -0.00457362 -0.0695691  0.0817316 -0.0235305    1.47776 -0.0273538   -9.69701 
               187.1  8.22972  21.7745 -92.1069 -2.45644 -2.43631  1.16695  0.543836 -0.467991  0.646877 -0.0087865 -0.0250358  0.0367942   -0.139143   -0.309997 -0.00500102  0.00253068 -0.00336563 -0.00452147 -0.0702948   0.081383 -0.0234616    1.47721 -0.0276979   -9.69709 
               187.2  8.15292  21.8013 -92.2348 -2.46905 -2.47085  1.16532  0.544516 -0.467006  0.647344 -0.00878463  -0.0250298   0.0367998  -0.186288  -0.319899 -0.0147552  0.00263725 -0.00338653 -0.00471077 -0.0703706  0.0811638 -0.0233977    1.47726 -0.0278957   -9.69708 
               187.3  8.20139  22.1122 -92.7792 -2.47933 -2.50437  1.15077  0.544602 -0.462148  0.647639 -0.00875212  -0.0250162    0.036805  -0.214035  -0.352028 -0.0476256  0.00256395 -0.00362312 -0.00460537 -0.0709754  0.0806265 -0.0226658    1.47751 -0.0282051   -9.69704 
               187.4  8.05527  21.7978 -93.2984 -2.49836 -2.52806  1.14355 0.543609 -0.45826 0.646006 -0.00876785  -0.0250268   0.0368159  -0.239712   -0.34222 -0.0588997  0.00258918 -0.00359671 -0.00459494 -0.0706242  0.0806169 -0.0223748    1.47812 -0.0281215   -9.69695 
               187.5  7.99202  21.3178 -93.5453 -2.51601 -2.55525  1.14523 0.544232  -0.4552 0.645287 -0.00878627  -0.0250228   0.0368631    -0.255708    -0.347462 -0.000659302  0.00257934 -0.00343074 -0.00462032 -0.0700877  0.0804621 -0.0223979    1.47867 -0.0283026   -9.69687 
             187.599 7.49035 21.3277  -94.01 -2.54429 -2.57315  1.14512  0.541918 -0.453948  0.643355 -0.00879153  -0.0250245   0.0368537  -0.258247   -0.30635 -0.0114792  0.00269054 -0.00341206 -0.00445867 -0.0696902  0.0809301 -0.0222838    1.47906 -0.0278032   -9.69681 
               187.7  7.7788 21.3152 -94.139 -2.58032 -2.59723  1.14708  0.540436 -0.454889  0.642279 -0.00879858  -0.0250312   0.0368465  -0.246285  -0.259797 -0.0243648  0.00271377 -0.00328889 -0.00454695 -0.0692567  0.0815059  -0.022505     1.4792 -0.0273265   -9.69679 
               187.8  7.55378  21.1508 -95.5774  -2.6052 -2.62515  1.14929  0.541251 -0.456965  0.643055 -0.00877937  -0.0250107    0.036848 -0.209277 -0.234894 -0.025154  0.00283411 -0.00305915 -0.00449033 -0.0691468  0.0816138 -0.0228518    1.47898 -0.0273455   -9.69682 
               187.9 8.06204 21.3348 -96.569 -2.62934 -2.65202  1.15134  0.541503 -0.459776    0.6439 -0.00875255  -0.0249549   0.0368755   -0.16747  -0.235363 -0.0203845    0.002737 -0.00309269 -0.00492329 -0.0690834   0.081801 -0.0232146    1.47868 -0.0272512   -9.69687 
                 188   8.3349  21.8898 -97.8725 -2.63596 -2.65969  1.15322  0.541287 -0.455134  0.640536 -0.00880135  -0.0251373   0.0367661  -0.094486  -0.173262 0.00282787  0.00280973 -0.00305439 -0.00507517 -0.0683261  0.0818801  -0.023077     1.4796 -0.0272341   -9.69673 
               188.1  8.54202  22.5375 -98.8072 -2.65509 -2.67326  1.14934 0.539082 -0.45689 0.639958 -0.00870737  -0.0251465   0.0368375 -0.070863 -0.159676 0.0063623  0.00286686 -0.00305489 -0.00548537 -0.0685706  0.0824005 -0.0229493    1.47939 -0.0266615   -9.69676 
               188.2 8.52504 23.2825 -100.59 -2.66347 -2.68278  1.14689  0.537941 -0.455512  0.637656 -0.00863676  -0.0252252   0.0368275 -0.0433695  -0.158571 0.00346207   0.0028733 -0.00322628 -0.00534021 -0.0685098  0.0827445 -0.0227262    1.47967 -0.0263404   -9.69672 
               188.3  8.58799   23.749 -101.852  -2.6695 -2.69492  1.14525  0.537222 -0.454827  0.636122 -0.0085955 -0.0252569  0.0368298 -0.0245705  -0.165458 0.00237482  0.00285084 -0.00332043 -0.00556896 -0.0684905  0.0829948 -0.0225984    1.47983 -0.0261151    -9.6967 
               188.4  8.51954    23.83 -103.449  -2.6686 -2.71178  1.14461  0.537589 -0.453379  0.635312 -0.00860791   -0.025274   0.0368307 -0.0124586  -0.214424 0.00137764  0.00298247  -0.0033736 -0.00567171 -0.0684396  0.0829724 -0.0224984    1.48003 -0.0261918   -9.69667 
               188.5 8.43281 23.9858 -105.77 -2.68089 -2.69807  1.13889  0.534133 -0.451809  0.628162 -0.00844898  -0.0254068   0.0369292 -0.0402432  -0.185454 -0.0109677  0.00306078 -0.00360997 -0.00570762 -0.0683282  0.0842055 -0.0221219    1.48065 -0.0250601   -9.69657 
             188.599  8.50044  24.0918 -105.818 -2.68451 -2.69672  1.14109 0.532472 -0.44636 0.618683 -0.00842021  -0.0256141   0.0369793 -0.0463374  -0.173508 0.00743989  0.00307144 -0.00370955 -0.00583335 -0.0674385  0.0848463 -0.0219076    1.48201 -0.0246076   -9.69637 
             188.699  8.51367  24.0802 -108.365 -2.70434 -2.71046  1.14139  0.529092 -0.445442   0.61191 -0.00827801  -0.0257637   0.0371029  -0.0631081    -0.12994 -0.00939311  0.00310863 -0.00364639 -0.00606246 -0.0669537   0.085713 -0.0219104    1.4827 -0.023726  -9.69626 
             188.799  8.58303  24.7094 -112.256 -2.71134 -2.74215  1.14415  0.530721 -0.451047  0.620157 -0.00833522  -0.0256283   0.0370302 -0.0741352  -0.159984 -0.0138293  0.00323679 -0.00361248 -0.00624187 -0.0673298  0.0849128 -0.0223656    1.48148 -0.0242498   -9.69645 
             188.899  8.31624  25.3559 -115.229    -2.71 -2.76513   1.1265  0.533836 -0.447792  0.623059 -0.00841164   -0.025611   0.0369989 -0.0715849  -0.148082 -0.0464804  0.00318628 -0.00369872 -0.00595738 -0.0681519  0.0846921 -0.0215705    1.48132 -0.0247568   -9.69647 
                 189  8.32546  25.7296 -119.182 -2.71564 -2.79916  1.13979  0.536452 -0.454401  0.631181 -0.0086353 -0.0252968  0.0368789 -0.0902599  -0.150116 -0.0153897  0.00274892 -0.00339629 -0.00539845 -0.0677923  0.0834525  -0.022597    1.48012 -0.0256766   -9.69665 
               189.1  7.82863  26.6855 -121.789 -2.72498 -2.81768    1.134  0.537145 -0.454527  0.632904 -0.00865748  -0.0252615   0.0368823  -0.113203  -0.138878 -0.0254412  0.00290544 -0.00360373 -0.00550806 -0.0680898  0.0833188 -0.0224356    1.47988 -0.0257995   -9.69669 
               189.2  7.60306  27.0863 -124.623 -2.71592 -2.83035  1.13387  0.540572 -0.446423  0.630332 -0.00872176  -0.0254098   0.0368595 -0.0988798  -0.107858 -0.0281682  0.00280356 -0.00351441 -0.00574018 -0.0675283  0.0828006 -0.0221763    1.48088 -0.0269518   -9.69653 
               189.3   6.7044  28.2894 -127.775 -2.71759 -2.82096  1.12291   0.53758 -0.436826  0.619959 -0.00847825  -0.0254321   0.0367848 -0.0895539 -0.0617179  -0.041736  0.00314317 -0.00384666 -0.00582215 -0.0673987  0.0835992  -0.021451     1.4827 -0.0265505   -9.69626 
               189.4  6.13272  28.5087 -130.365  -2.7215 -2.82309  1.11287  0.536858 -0.435736  0.620017 -0.00845743   -0.025385   0.0367843 -0.0917906 -0.0600645 -0.0602522  0.00336231 -0.00363976 -0.00626635 -0.0679579  0.0836152 -0.0210337    1.48263 -0.0264105   -9.69627 
               189.5  6.3795 28.5588    -131  -2.7251 -2.82032  1.11209  0.537435 -0.429686  0.614318 -0.00839174  -0.0253571   0.0368213   -0.084811 0.000893561  -0.0465063  0.00324745 -0.00358408 -0.00659281 -0.0670652  0.0838084  -0.021116    1.48389 -0.0268348   -9.69607 
               189.6  5.40068  29.5733 -136.039 -2.73599 -2.81861  1.11226  0.537399 -0.431234   0.61432 -0.00840113  -0.0253582   0.0368182  -0.093303    0.02178 -0.0315092  0.00312246 -0.00363949 -0.00644878 -0.0668149  0.0838966  -0.021358    1.48384 -0.0267377   -9.69608 
               189.7  4.89613  29.7554 -138.934 -2.73751 -2.82394  1.11591 0.539396 -0.43384 0.618072 -0.00842106  -0.0253965   0.0367997 -0.0946842  0.0101409 -0.0208629  0.00301515  -0.0035501 -0.00616237 -0.0665794  0.0835633 -0.0216263    1.48331 -0.0270839   -9.69616 
               189.8  4.63492  30.1167 -139.713 -2.75193 -2.80278  1.11973  0.537364 -0.429891  0.609571  -0.008316 -0.0254311  0.0368152  -0.116785  0.0642003 -0.0327017  0.00298389 -0.00374015 -0.00584346 -0.0657979  0.0844019 -0.0218259    1.48473 -0.0267183   -9.69594 
             189.901  4.05018  30.6932 -142.996 -2.75719 -2.80102  1.11618  0.539915 -0.426865  0.611525  -0.008234 -0.0254608  0.0368394  -0.103117  0.0737135 -0.0103287  0.00295836 -0.00369603 -0.00578411 -0.0656881  0.0839643 -0.0216632    1.48473 -0.0275217   -9.69594 
             190.001  3.77892  30.7901 -145.086 -2.74528 -2.78173  1.11535  0.539692 -0.413375  0.600749  -0.008137 -0.0252459  0.0369259 -0.0465315    0.10419 0.00621169  0.00294156 -0.00344204 -0.00577336 -0.0651674  0.0844245 -0.0211223    1.48694 -0.0282489    -9.6956 
               190.1  3.45019  31.3728 -146.837 -2.74726 -2.77415  1.11937  0.540796 -0.412626  0.600589 -0.00810505  -0.0252327   0.0369341  -0.0431626   0.0724903 -0.00688421  0.00303512  -0.0037823 -0.00575909 -0.0647904  0.0844087 -0.0212382    1.4871 -0.028543  -9.69558 
               190.2   3.1881  31.6366 -148.574 -2.74588 -2.78223  1.11321  0.544618 -0.410932  0.607276 -0.00800123  -0.0253051   0.0369501 -0.0318739  0.0129716 -0.0219803  0.00301996 -0.00389654 -0.00569382 -0.0649522  0.0835488 -0.0209621    1.48641 -0.0296072   -9.69568 
               190.3  3.09406  31.7341 -150.079 -2.75374 -2.78024  1.11672  0.544152 -0.414662  0.608026 -0.00802716  -0.0253147    0.036942   -0.0345395 -3.97215e-05  -0.00986406  0.00289573 -0.00370538 -0.00564151 -0.0647212   0.083657  -0.021287    1.48615 -0.0292828   -9.69572 
               190.4   2.6721   31.828 -151.278 -2.75884 -2.77825  1.11716  0.543086 -0.416924  0.607971 -0.00805983  -0.0253325   0.0369237  -0.0456388  0.00460359 -0.00992579  0.00293764 -0.00364769 -0.00569926  -0.064783  0.0837888 -0.0214155    1.48602 -0.0288921   -9.69574 
               190.5  2.56141  32.2583 -152.092 -2.76703 -2.78139  1.11911  0.544258 -0.417722  0.609855 -0.00804395  -0.0253442   0.0369311  -0.0588466 -0.00232304 0.000905996  0.00279449 -0.00386006 -0.00553755 -0.0645291  0.0835971 -0.0215316    1.48581 -0.0291673   -9.69577 
               190.6  1.82926  32.5197 -154.124 -2.77439 -2.77697  1.11922  0.542598 -0.417446  0.606377 -0.00807248  -0.0253291   0.0369135   -0.078676 -0.00486932 -0.00501402   0.0029448 -0.00392465 -0.00546301 -0.0645893  0.0839757 -0.0215555    1.48621 -0.0287395   -9.69571 
               190.7  1.83299  32.5238 -155.054 -2.77045 -2.77233  1.12421  0.543285 -0.409665   0.59743 -0.00808098  -0.0252238    0.036944  -0.0728536 -0.00245212 -0.00222623  0.00290491 -0.00397817 -0.00558405 -0.0637781  0.0844912 -0.0214777    1.48781 -0.0293464   -9.69547 
               190.8  1.45437  32.5411 -156.467 -2.76217 -2.76435  1.12409  0.543029 -0.398726  0.585686 -0.00812131  -0.0251582   0.0369807 -0.0458903 0.00681721 0.00279983  0.00290845 -0.00388112 -0.00534281 -0.0633889  0.0852442 -0.0210908    1.48983 -0.0298211   -9.69515 
               190.9  1.55123  32.6108 -157.619 -2.76255 -2.76091  1.13742   0.54368 -0.398117  0.581293 -0.00812917  -0.0251116   0.0370012 -0.0493466 0.00312751  0.0248809  0.00271237 -0.00386351 -0.00510096 -0.0622462  0.0855787 -0.0215445    1.49058 -0.0301056   -9.69504 
             191.001  1.42431  32.6522 -158.416 -2.76647 -2.74976  1.13897  0.540622 -0.394762  0.572663 -0.00816547  -0.0251115   0.0370156 -0.0680998 0.00373276  0.0113594  0.00272067 -0.00393799 -0.00493422 -0.0623916   0.086395 -0.0214497    1.49174 -0.0294705   -9.69486 
             191.101  1.47866  32.6226 -158.879 -2.77025 -2.74819  1.13667  0.540199 -0.391564  0.569667 -0.00818199  -0.0250915   0.0370185 -0.0802601 -0.0110617 -0.0039513  0.00273688 -0.00398863 -0.00494568 -0.0625184  0.0865872 -0.0212372    1.49224 -0.0295198   -9.69478 
             191.201  1.08137  32.8327 -159.621 -2.77363 -2.74404  1.12189   0.53796 -0.385717  0.564606 -0.00820055  -0.0250649   0.0369988 -0.0822786 -0.0102464   -0.03735  0.00281735 -0.00392653 -0.00478227 -0.0634993  0.0869575 -0.0205494    1.49298 -0.0291908   -9.69467 
               191.3  1.38192  33.0606 -159.863  -2.7792 -2.74105  1.12287  0.537531 -0.384542   0.56111 -0.00822392  -0.0250364   0.0369902  -0.0745743 5.28308e-05  -0.0216925  0.00268444 -0.00382402 -0.00485791 -0.0631656   0.087261   -0.02067    1.49351 -0.0291639   -9.69459 
               191.4  1.13287  33.2201 -160.407 -2.77719 -2.73351  1.11943  0.535146 -0.380392   0.55362 -0.00825634    -0.02501   0.0369637 -0.0619355  0.0181002 -0.0267859  0.00280173 -0.00380256 -0.00486941 -0.0634162  0.0879259 -0.0204422    1.49457 -0.0287495   -9.69443 
             191.501  1.57079   33.298 -160.144 -2.78489 -2.72326  1.11263  0.534019 -0.376979   0.54833 -0.00828508  -0.0249851    0.036956 -0.0763061  0.0369957 -0.0433896  0.00265391 -0.00387129 -0.00511628 -0.0634495  0.0883581 -0.0202982    1.49537 -0.0286295    -9.6943 
             191.601  1.37965  33.1389 -161.878 -2.78515 -2.71908  1.11917 0.535861 -0.37408 0.544645 -0.00832193  -0.0249824    0.036964  -0.065805  0.0505378 -0.0264447  0.00241032 -0.00382024 -0.00513886 -0.0623808  0.0885605 -0.0205458    1.49614 -0.0293155   -9.69418 
             191.701  1.03488  33.1801 -162.536 -2.78403 -2.69421  1.12426  0.532414 -0.368855  0.529787 -0.00833982  -0.0250313   0.0369694  -0.0511811    0.111454 -0.00990492  0.00246932 -0.00373292 -0.00529933 -0.0618904  0.0899489  -0.020718    1.49825 -0.0286861   -9.69386 
               191.8  0.26819  33.5601 -163.822 -2.78473 -2.67535  1.12179   0.53002 -0.365377  0.522349 -0.00830159  -0.0250576   0.0369366  -0.047359   0.123629 -0.0126878  0.00265528 -0.00379026 -0.00526236 -0.0621046  0.0906282   -0.02059    1.49927 -0.0282223    -9.6937 
             191.901 0.123771  33.6342   -164.9 -2.79033 -2.65366  1.12452  0.528391 -0.364971  0.516851 -0.00827466  -0.0251026    0.036933 -0.0656162   0.135962 -0.0128723  0.00257996 -0.00382069 -0.00521974 -0.0618672  0.0912164 -0.0207886    1.49998 -0.0277987   -9.69359 
             192.001 -0.0473782    33.6623   -166.229 -2.80545 -2.64222  1.11114  0.527288 -0.367701  0.522462 -0.00823727  -0.0250304   0.0369338  -0.110734   0.137729 -0.0411313  0.00246284 -0.00373295 -0.00531701 -0.063002 0.0907111 -0.020489    1.49894 -0.0273483   -9.69376 
             192.101 -0.496667   33.8523  -167.705 -2.81438 -2.63217  1.10422 0.528243 -0.36503 0.522672 -0.00826282  -0.0250401   0.0369253  -0.137591   0.116338 -0.0490786  0.00262358 -0.00374902 -0.00543078 -0.0630061   0.090576 -0.0202804    1.49906 -0.0277649   -9.69374 
               192.2 -0.798181   34.0399  -169.017  -2.8235 -2.62661  1.09717  0.529641 -0.362041  0.523513 -0.00829138  -0.0250497   0.0369072  -0.128023  0.0814881 -0.0378931  0.00294074 -0.00360069 -0.00580838 -0.0629817  0.0903592 -0.0200373    1.49913 -0.0283182   -9.69372 
             192.301 -1.14611  34.3598 -170.814 -2.83849 -2.62801  1.09049  0.531217 -0.363405  0.528977 -0.00832684  -0.0250068   0.0368982  -0.149906  0.0300152 -0.0564747  0.00309548 -0.00359001 -0.00581735 -0.0630823  0.0898052 -0.0199386    1.49838 -0.0286701   -9.69384 
             192.401 -1.71963  34.6956  -173.07 -2.85684 -2.64611   1.0689  0.535068 -0.362384  0.540792 -0.00845012  -0.0249137   0.0368547  -0.152015 -0.0483967 -0.0915282  0.00313445 -0.00370243 -0.00551891 -0.0636991  0.0884742 -0.0192877    1.49692 -0.0297608   -9.69406 
             192.501 -1.74437  35.1116 -175.385 -2.85471 -2.65141  1.06533  0.537377 -0.353377   0.53379 -0.00848233  -0.0250948   0.0367795   -0.13043 -0.0671037 -0.0833435  0.00284126 -0.00363691 -0.00534129 -0.0629468  0.0888939 -0.0190434    1.49833 -0.0308308   -9.69384 
             192.601 -1.80842  35.4906 -176.985 -2.87317 -2.65859   1.0637  0.537192 -0.355472  0.532108 -0.00850126  -0.0250801   0.0367798  -0.138771  -0.079127 -0.0680828  0.00271517 -0.00374137 -0.00515612 -0.0623435  0.0891054 -0.0194139   1.49852 -0.030722  -9.69381 
             192.701 -2.14093  35.9423   -178.7 -2.87342 -2.65099  1.06589  0.534708 -0.350625  0.517844 -0.00851015  -0.0250895   0.0367839  -0.100622 -0.0465048 -0.0496149  0.00274789 -0.00351528 -0.00531223 -0.061903 0.0903328 -0.019575    1.50044 -0.0303219   -9.69352 
             192.801 -1.85593  36.0154 -179.451 -2.86736 -2.64766  1.07089  0.534744 -0.344934  0.507461 -0.00853692  -0.0250291   0.0368043 -0.0717937 -0.0327458 -0.0325095  0.00260389 -0.00343083 -0.00537779 -0.0611165  0.0910869 -0.0196311    1.50199 -0.0306912   -9.69327 
             192.901 -2.23679  36.3636 -179.781 -2.87855 -2.64127  1.06552  0.531767 -0.345039  0.500373 -0.00860734  -0.0250385   0.0367686 -0.0577505  -0.012519 -0.0352292  0.00284671  -0.0035667 -0.00544959 -0.0614095  0.0917986 -0.0197538    1.50273 -0.0298266   -9.69316 
                 193 -2.84397  36.8959  177.483 -2.88717 -2.65925  1.07025   0.53669 -0.352405  0.518777 -0.00855065  -0.0250877   0.0368186 -0.0786179 -0.0621579 -0.0233786  0.00294122 -0.00359139 -0.00549357 -0.0602239  0.0901858 -0.0199711    1.50058 -0.0311125   -9.69349 
               193.1 -2.7077 36.9655 177.684 -2.89843 -2.67524  1.06577 0.537938 -0.35167 0.520922 -0.00851699  -0.0250762   0.0368366  -0.063348  -0.070153 -0.0279037  0.00300777 -0.00360519  -0.0057331 -0.0599942  0.0899529 -0.0199126    1.50043 -0.0315449   -9.69351 
             193.201 -3.37546   37.404  174.687 -2.90857 -2.68145  1.06861  0.538476 -0.359205  0.529402 -0.00850454  -0.0251031    0.036827 -0.0813191 -0.0761644 -0.0184947  0.00292972 -0.00348736 -0.00559526 -0.0595759  0.0893105  -0.020222    1.49922 -0.0314484    -9.6937 
               193.3 -3.12263  37.4624  173.792 -2.9209 -2.6989  1.0712  0.540286 -0.360014  0.532628 -0.00853404  -0.0251215   0.0367915  -0.0616092  -0.0442877 -0.00728084  0.00255446 -0.00350252 -0.00532918 -0.0587406  0.0889898 -0.0202773    1.49901 -0.0321117   -9.69373 
             193.401 -3.65049  38.0822  171.595 -2.92594 -2.69757  1.07562  0.539772 -0.360833  0.528531 -0.00854991  -0.0251175   0.0367923  -0.0547681 -0.00335809 -0.00192362  0.00262162 -0.00357443 -0.00538794 -0.0583472  0.0893498 -0.0204409    1.49946 -0.0319361   -9.69366 
               193.5 -4.16397  38.3071   169.87 -2.91913 -2.69665  1.06889  0.539418 -0.353301   0.52393 -0.00855219  -0.0250978   0.0367997  -0.0369959 -0.00143704  -0.0177209  0.00274929 -0.00368867 -0.00537841 -0.0590977  0.0896292 -0.0200655     1.5002 -0.0321389   -9.69355 
               193.6 -4.31065  38.0626  171.158 -2.91996  -2.6877  1.05661  0.538038 -0.349315  0.518706 -0.0086412 -0.0252269  0.0366688 -0.00933485   0.0356732  -0.0247029  0.00340171 -0.00346776 -0.00609764 -0.0599973  0.0900655 -0.0198438    1.50078 -0.0317395   -9.69346 
               193.7 -5.17347  38.6557    166.7 -2.91578 -2.69124  1.05658  0.539251 -0.346171  0.519231 -0.00866683  -0.0252556   0.0366623 0.00495239  0.0255606 -0.0239164  0.00305187  -0.0035105 -0.00558898 -0.0596702  0.0899958  -0.019676      1.501 -0.0323728   -9.69342 
             193.801 -5.24769  38.8758  166.607 -2.91682  -2.6724  1.05097  0.537137 -0.347818  0.514124 -0.00863952  -0.0252533   0.0366741  0.0110254  0.0653621 -0.0300975  0.00315724 -0.00360874 -0.00571273 -0.0602484  0.0904374 -0.0198469    1.50128 -0.0314628   -9.69338 
             193.901 -5.76564  39.0695  163.319 -2.91135 -2.67516  1.05295  0.538478 -0.344888  0.513547 -0.00866185  -0.0252777   0.0366721  0.0251831  0.0538764 -0.0255375  0.00314594  -0.0037051 -0.00564731 -0.0596595  0.0904964 -0.0197228    1.50166 -0.0321409   -9.69332 
             194.001 -5.60878  38.9984  163.055 -2.91836 -2.67138  1.05401  0.539692 -0.352235  0.522423 -0.00866393  -0.0252325   0.0366217  0.00885246   0.0498783 -0.00809295  0.00304178 -0.00364324 -0.00564984 -0.0589768  0.0898889 -0.0199482     1.5005 -0.0321927    -9.6935 
             194.101 -5.74304   39.216  160.527 -2.91963 -2.66899  1.05867  0.540839 -0.355266  0.525362 -0.00865965  -0.0252147   0.0366131 -0.000789261    0.0534787  -0.00246454  0.00290061 -0.00370538 -0.00552731  -0.058162  0.0897312 -0.0200565    1.50023 -0.0324766   -9.69354 
             194.201 -5.88875  39.2825  159.275 -2.91807 -2.66571  1.06234  0.541652 -0.355509  0.525202 -0.00866033  -0.0251958   0.0366216 -0.00242968   0.0507903  0.00752055  0.00296887 -0.00380018 -0.00554487 -0.0575907  0.0897771  -0.020075    1.50036 -0.0327804   -9.69352 
             194.301 -5.85981  39.1362  158.329 -2.92201 -2.66487  1.05934  0.541942 -0.355784  0.530516 -0.00863043  -0.0252104    0.036612  -0.0117533   0.0506655 0.000773347  0.00300789 -0.00372033 -0.00571932 -0.0578641  0.0893264 -0.0199886   1.49976 -0.032904  -9.69361 
             194.401 -5.97638  39.2068  157.345 -2.93166 -2.64729  1.06242  0.539869 -0.362755  0.528459 -0.00865012  -0.0252816   0.0365745 -0.037515 0.0892306 0.0067357  0.00311753 -0.00380984 -0.00590084 -0.0580025  0.0895761 -0.0203916    1.49958 -0.0317674   -9.69364 
               194.5 -5.96783  39.0153   155.95 -2.93114 -2.63636   1.0582  0.539337 -0.358662  0.525344 -0.00866482  -0.0252834   0.0365732  -0.0259683    0.107023 -0.00333166  0.00305377 -0.00374223 -0.00610982 -0.0586903  0.0897831 -0.0202442    1.49997 -0.0316964   -9.69358 
               194.6 -5.99415  38.9983  154.786 -2.93461  -2.6272   1.0547  0.539309 -0.358118   0.52718 -0.00865908  -0.0252869   0.0365688 -0.0261509   0.123102 -0.0205251  0.00304216 -0.00371972 -0.00615249 -0.0589674  0.0896255 -0.0201809    1.49976 -0.0317043   -9.69362 
             194.701 -6.67194  38.8294   152.28 -2.94487  -2.6358  1.04828  0.540507 -0.360776  0.542924 -0.00873617  -0.0252444   0.0365265 -0.0501217  0.0949562 -0.0340695  0.00293674 -0.00363806 -0.00564258 -0.0591921  0.0883526 -0.0199873    1.49804 -0.0321367   -9.69388 
               194.8 -6.60448  38.7409  151.696 -2.94851 -2.62161  1.04617   0.54175 -0.359786  0.543245 -0.00877703  -0.0253063   0.0365232 -0.0226016  0.0991438 -0.0199537  0.00278374 -0.00357528 -0.00551624  -0.058612  0.0883431 -0.0199174    1.49816 -0.0326505   -9.69386 
             194.901 -6.75506  39.1051    148.4  -2.9392 -2.62124  1.05208  0.544817 -0.354715  0.539164 -0.00882264  -0.0254239   0.0364659 -0.00613471   0.0618574  -0.0171015  0.00296348 -0.00357683 -0.00568194 -0.0571435  0.0886776 -0.0196942    1.49906 -0.0340255   -9.69372 
             195.001 -7.08355  39.3662  146.251 -2.92939  -2.6107  1.04773  0.544571 -0.348001    0.5298 -0.0087635 -0.0254555   0.036486  0.0189881  0.0726385 -0.0206338  0.00307366  -0.0036792 -0.00592562 -0.0577365  0.0894175 -0.0195476     1.5002 -0.0340319   -9.69354 
             195.101 -7.56394  39.5008  144.135 -2.92565 -2.59997  1.04623  0.543662 -0.347419   0.52512 -0.0087335 -0.0254501  0.0364999  0.0302654  0.0907176 -0.0202562  0.00303008 -0.00362359 -0.00587306 -0.0580641  0.0898005 -0.0196324    1.50064 -0.0336416   -9.69347 
             195.201 -7.56408  39.3641  142.887 -2.92583 -2.59386  1.04284  0.543095 -0.347776  0.526304 -0.00872565  -0.0254402   0.0364998  0.0356702   0.102248 -0.0230582  0.00288959 -0.00349791 -0.00603817 -0.0584736  0.0897211 -0.0196466    1.50045 -0.0333885    -9.6935 
             195.301 -7.98345  39.3623  142.171 -2.91826 -2.58086   1.0363  0.543293 -0.345199  0.526866 -0.00871672  -0.0254288   0.0365063  0.0590972   0.099782 -0.0119703  0.00311205 -0.00341018 -0.00620022 -0.0589351  0.0896934 -0.0195136    1.50044 -0.0334721    -9.6935 
             195.401 -8.56655  39.7611  139.028 -2.91152 -2.57599  1.04265  0.544531 -0.346709  0.526394 -0.00873987  -0.0254415   0.0364938  0.0617528  0.0999148 0.00200672  0.00297726 -0.00363935  -0.0059443 -0.0577066  0.0896806 -0.0195276    1.50058 -0.0340481   -9.69348 
               195.5 -8.92192  39.7606   137.38 -2.91234 -2.57536  1.03763  0.545461 -0.346386  0.536025 -0.00872925  -0.0254408   0.0365112  0.0456178  0.0969596 -0.0210184  0.00291391 -0.00378004 -0.00572239 -0.0578318  0.0889553 -0.0193191    1.49965 -0.0344796   -9.69362 
               195.6 -9.11041  39.3337  136.384 -2.89629 -2.56673   1.0357  0.547233 -0.342414    0.5349 -0.0087339 -0.0253797  0.0365685  0.0738842   0.097112 -0.0129102  0.00290651 -0.00357174 -0.00568593 -0.0573686  0.0890297 -0.0190939    1.49997 -0.0352805   -9.69357 
             195.701 -9.21263  39.4173  134.867 -2.88312 -2.56362  1.03604  0.548957 -0.338949  0.535433 -0.00871267  -0.0252847   0.0366148   0.112571   0.119032 0.00385314  0.00270677 -0.00359696 -0.00556483 -0.0568939  0.0889712 -0.0188554     1.5001 -0.0360979   -9.69355 
               195.8 -9.32694  39.5388  134.132 -2.87624 -2.54638  1.03967  0.548293 -0.343842  0.538105 -0.00869942  -0.0253431   0.0366102   0.119034   0.171981 0.00728942  0.00263416 -0.00365552 -0.00568319 -0.0565378  0.0887614 -0.0190408    1.4997 -0.035776  -9.69361 
               195.9 -9.76601  39.5376  132.584 -2.86288 -2.54075  1.04612 0.550545 -0.34348 0.541528 -0.00867899  -0.0252816   0.0366454  0.133161  0.172181 0.0167303  0.00273159 -0.00371522 -0.00554382 -0.0552556  0.0885269 -0.0188501    1.49956 -0.0368044   -9.69363 
             195.999 -9.8593 39.3655  131.48 -2.85682 -2.53233  1.04732  0.551553 -0.345524  0.551969 -0.00863438  -0.0252753   0.0366651  0.124781  0.172681 0.0124177  0.00283972 -0.00359864 -0.00588997 -0.0547462  0.0877361 -0.0187026    1.49854 -0.0373058   -9.69378 
             196.099 -10.3751  39.2936  129.579 -2.85417 -2.51985   1.0442  0.551442 -0.348054  0.563093 -0.00863384  -0.0252593   0.0366612    0.115203    0.173972 0.000709825   0.0029434 -0.00355064 -0.00584221 -0.0548724  0.0868335 -0.0186062    1.49735 -0.0373635   -9.69397 
             196.199 -10.502 39.3812 127.744 -2.84924 -2.51534  1.04137  0.552565 -0.347781  0.573929 -0.0086674 -0.0252625   0.036619   0.124084   0.143945 0.00314896  0.00279684 -0.00354875 -0.00587814 -0.0545931  0.0859838 -0.0183194    1.49635 -0.0380398   -9.69412 
               196.3 -11.0101  39.3365  126.189 -2.83939 -2.49621  1.04734  0.552085 -0.353762  0.575925 -0.00867834  -0.0252502   0.0366172  0.135537  0.140937 0.0200596  0.00295271 -0.00349603 -0.00593756 -0.0540685  0.0858615 -0.0185705    1.49601 -0.0376413   -9.69418 
               196.4 -11.3413  39.2416  124.298 -2.83857 -2.49566  1.04908  0.552582 -0.355081  0.579032 -0.00869548  -0.0252531   0.0366081  0.127062  0.136701 0.0177569  0.00296333 -0.00371942 -0.00582511 -0.0536406  0.0856478 -0.0185335    1.49572 -0.0378602   -9.69422 
             196.501 -11.0965  39.3449  123.892 -2.83191 -2.47166  1.05697  0.552406 -0.365066  0.591775 -0.00875047  -0.0251939   0.0365462  0.112727  0.157339 0.0236003  0.00275751 -0.00382696 -0.00582137 -0.0524987  0.0846887 -0.0186954    1.49429 -0.0377409   -9.69444 
             196.599 -11.6035  38.9813  121.551 -2.83468 -2.44781  1.06199   0.54979 -0.376561  0.600331 -0.00871445  -0.0252248   0.0365191 0.100804 0.179117 0.037016  0.00292443  -0.0036924 -0.00610554 -0.0524084   0.083972 -0.0191579     1.4931 -0.0365431   -9.69463 
               196.7 -11.9568  38.8148  119.113 -2.82486 -2.43412  1.07296  0.551055 -0.379553  0.601284 -0.00873898   -0.025253   0.0365144  0.112775  0.183907 0.0525778  0.00268567 -0.00389157  -0.0058447 -0.0511505  0.0839803 -0.0191554    1.49306 -0.0369856   -9.69463 
             196.801 -12.5527  38.2065  116.978 -2.81219 -2.42128  1.07422  0.551809 -0.375694  0.605008 -0.00877763  -0.0252729   0.0365171 0.127827 0.175581 0.042279  0.00274068 -0.00388984  -0.0057152 -0.0513631     0.0837 -0.0188772    1.49281 -0.0375085   -9.69467 
             196.901 -12.5373  37.7921  115.011 -2.80495 -2.39685  1.07466  0.549977 -0.378039  0.606969 -0.00876017  -0.0252391   0.0364829  0.117572  0.199143 0.0366127  0.00270347 -0.00394996 -0.00581817  -0.052111  0.0834604 -0.0190602    1.49248 -0.0367691   -9.69472 
             197.001 -12.942 37.2235 113.056 -2.80712 -2.39632  1.07376  0.549928 -0.378753  0.612422 -0.00877843  -0.0252404   0.0364714  0.106375  0.190432 0.0340475  0.00282779  -0.0038535 -0.00574411 -0.0520623  0.0830305 -0.0189701    1.49195 -0.0368876    -9.6948 
             197.101 -12.7057  37.5084  113.183 -2.79554 -2.36239  1.08112  0.550025 -0.382128  0.619397 -0.00876154  -0.0252432   0.0364611   0.1006 0.217079 0.028038  0.00283596 -0.00402173 -0.00601022 -0.0514902  0.0825011  -0.018938    1.49124 -0.0370305   -9.69491 
               197.2 -12.9813  36.4393  109.548 -2.78671  -2.3668  1.07823  0.551837 -0.373788  0.615269 -0.00877202  -0.0252505   0.0364959  0.122165  0.190297 0.0228781  0.00284801 -0.00386055 -0.00593626 -0.0517382  0.0828683  -0.018565   1.49184 -0.037891  -9.69482 
             197.299 -12.949 36.4914 109.766 -2.76446 -2.34388  1.07982  0.553012 -0.369936  0.617291 -0.00874834   -0.025227   0.0365091  0.121273  0.177873 0.0199789  0.00301984 -0.00387009 -0.00621562 -0.0516486  0.0827215 -0.0182772    1.49175 -0.0385505   -9.69483 
             197.401 -13.1173  35.9356  106.266 -2.75286 -2.34753  1.08525  0.557396 -0.366102  0.624886 -0.0087346 -0.0252104  0.0365161  0.110549  0.148814 0.0219694  0.00292059 -0.00398309 -0.00612443 -0.0498957  0.0823156 -0.0176392   1.49121 -0.040474   -9.6949 
             197.501 -13.2761  35.1653  103.633 -2.74158   -2.333  1.08077  0.556512 -0.362747  0.622198 -0.00872449   -0.025205   0.0365139    0.111506    0.172732 -0.00120281  0.00280223 -0.00391058 -0.00584239 -0.0508879  0.0824557 -0.0176043    1.49149 -0.0402154   -9.69486 
             197.601 -13.2068  34.9316  102.155 -2.74204 -2.34131  1.08048  0.558943 -0.360571   0.62797 -0.00872639  -0.0252316   0.0365127    0.102734    0.139954 -0.00066691   0.0026418 -0.00390278 -0.00572446 -0.0500323  0.0820888 -0.0172061    1.49099 -0.0412619   -9.69493 
             197.701 -13.2733  34.7044  101.891  -2.7292 -2.31231  1.08331  0.558276 -0.364208  0.630692 -0.00872186  -0.0252465   0.0365073 0.0949294  0.146488 0.0117951  0.00275154 -0.00373867 -0.00582479 -0.0498315  0.0818604  -0.017356    1.49066 -0.0409573   -9.69498 
             197.801 -13.777 34.3544 98.7324 -2.71229 -2.30086  1.08803  0.559573 -0.362181  0.625655 -0.00873436   -0.025209   0.0364836  0.109856  0.141742 0.0159295  0.00273793 -0.00368425 -0.00570498 -0.0493842  0.0823242 -0.0173098     1.4912 -0.0413987    -9.6949 
             197.901 -13.7258  34.5268  97.3268 -2.70697 -2.29651  1.09117  0.561372 -0.361992  0.630275 -0.00869075  -0.0251562   0.0364795 0.0943471  0.132864 0.0240952  0.00281433 -0.00383291 -0.00590723 -0.0485541  0.0820071 -0.0170677    1.49073 -0.0421029   -9.69497 
                 198 -13.727  34.435 95.3748 -2.70099 -2.28825   1.0941  0.562109 -0.362009  0.633156 -0.00867708  -0.0251511   0.0364717 0.0846123  0.117148 0.0387231  0.00279661  -0.0037557 -0.00579871 -0.0482259  0.0818016 -0.0169448    1.49044 -0.0423936   -9.69501 
               198.1 -13.4463  34.5565  94.1219  -2.6985 -2.28307  1.10069  0.563487 -0.362986  0.637156 -0.00865512  -0.0251207    0.036446  0.053515  0.119438 0.0454329  0.00296967  -0.0038166 -0.00601115 -0.0474141  0.0815461 -0.0168042    1.49002 -0.0428866   -9.69508 
             198.199 -13.1953  34.4832    92.58 -2.69364 -2.27638  1.10137  0.564502 -0.359822  0.637063 -0.00863557  -0.0251133   0.0364449  0.035474  0.135126 0.0252263  0.00313303 -0.00402075 -0.00619656 -0.0474878   0.081593  -0.016586    1.49005 -0.0432901   -9.69507 
               198.3 -12.979 34.1897 90.8173 -2.70111 -2.27603  1.10504  0.567546 -0.359799  0.645097 -0.00863146  -0.0251275   0.0364161 -0.00511253    0.134153   0.0200513  0.00314936 -0.00407708 -0.00631848 -0.0461562  0.0811148 -0.0161802    1.48921 -0.0443514   -9.69519 
             198.401 -12.7057  33.5773  88.9514 -2.70998 -2.26561  1.10406  0.567597 -0.360185  0.652127 -0.00863247  -0.0251396   0.0363874 -0.0399166   0.150468   0.037591  0.00325633 -0.00395323 -0.00643586 -0.0462095  0.0805606 -0.0159879     1.4885 -0.0444181    -9.6953 
             198.501 -12.5236  33.3913  86.6996 -2.70943 -2.27349   1.1116    0.5712 -0.358695  0.648116 -0.00863006  -0.0252312   0.0364469 -0.0375114   0.125698  0.0572752  0.00312916 -0.00408129 -0.00636991 -0.0446783   0.081034 -0.0158164    1.48882 -0.0455534   -9.69525 
               198.6 -12.2022  33.2928  85.0916 -2.71418 -2.25348  1.12262  0.572549 -0.359018  0.647842 -0.00861032  -0.0253158   0.0364759 0.00445489   0.166889  0.0302374  0.00256899 -0.00422368 -0.00586008 -0.0439872  0.0811276 -0.0157642    1.48882 -0.0459544   -9.69525 
               198.7 -12.2817  32.4991  82.8405 -2.71758 -2.24795  1.12425  0.575102 -0.356299  0.650196 -0.00862705   -0.025348   0.0365185 0.00234447   0.142409  0.0357588   0.0030137 -0.00413941 -0.00626612 -0.0434662  0.0810677 -0.0153933    1.48852 -0.0467417   -9.69529 
               198.8 -11.9121  31.8386  80.0949 -2.72418 -2.24405  1.12199  0.577275 -0.352805   0.65501 -0.00866004  -0.0254035   0.0365401 -0.0108566   0.118213  0.0239437  0.00273968 -0.00389338 -0.00582967 -0.0433592  0.0808131  -0.014915      1.488 -0.0474165   -9.69536 
               198.9 -11.5922   31.437  78.0048 -2.72149 -2.24086  1.11697   0.57926 -0.347031   0.65285 -0.00866095  -0.0254027   0.0365658  0.00925462    0.104155 -0.00441058  0.00259892 -0.00396915 -0.00571061  -0.043711  0.0811259 -0.0145553    1.48821 -0.0479958   -9.69533 
                 199 -11.4803  31.5216  76.4608 -2.71297 -2.22047  1.11898  0.577486 -0.348577  0.648625 -0.00868998  -0.0254287   0.0365477   0.0384668    0.121811 -0.00108613  0.00254997 -0.00409427 -0.00557647 -0.0441565  0.0813938 -0.0149138    1.48871 -0.0474083   -9.69526 
               199.1 -11.1923  31.2768  75.3576 -2.70761  -2.2123  1.11903  0.578133 -0.347637  0.647885 -0.00869442  -0.0254022   0.0365472  0.0641976    0.10071 0.00839306  0.00246502 -0.00398678 -0.00551904 -0.0440544  0.0814842  -0.014837    1.48876 -0.0476053   -9.69525 
               199.2 -11.0428  31.0721  74.2954  -2.7064 -2.21644  1.11535  0.579321 -0.344455   0.64699 -0.00869636  -0.0253472   0.0365489  0.0687495  0.0858817 0.00286197  0.00242844 -0.00394844 -0.00555616  -0.044226   0.081633 -0.0146107    1.48882 -0.0479513   -9.69524 
             199.299 -11.0512  31.0975  74.3149 -2.69823 -2.20779  1.10848  0.579896 -0.342262  0.653584 -0.00860003   -0.025314   0.0366131   0.108164  0.0633513 0.00808715  0.00247074 -0.00396123 -0.00562342 -0.0444941  0.0811388 -0.0142318    1.48815 -0.0481753   -9.69534 
             199.399 -11.116  30.802 72.4844 -2.70729 -2.21384    1.106  0.581496 -0.343376   0.66681 -0.00842741   -0.025176   0.0367711  0.0936664  0.0470225 0.00426523  0.00237022 -0.00394183 -0.00556895 -0.0433705  0.0801147 -0.0136704    1.48669 -0.0488646   -9.69556 
             199.499 -11.2326  30.7265  71.7782 -2.70602 -2.21224   1.1063  0.581835 -0.343883  0.672216 -0.00835797  -0.0251336   0.0368353 0.0982643 0.0486851 0.0311892  0.00230996 -0.00401691 -0.00554182 -0.0430485  0.0796894 -0.0134725    1.48612 -0.0490432   -9.69565 
               199.6 -11.2527   30.695  70.9557 -2.70398 -2.20061  1.11619  0.580948 -0.349514   0.67859 -0.00830644  -0.0251709   0.0368859  0.101559 0.0861398 0.0252613  0.00218506 -0.00409443 -0.00547188 -0.0422007  0.0791083  -0.013602    1.48548 -0.0488253   -9.69574 
               199.7 -11.5609  30.5564  70.1287 -2.71317  -2.1954  1.12174  0.581919 -0.353414  0.689291 -0.00822482  -0.0251072   0.0369859 0.0709738   0.11938 0.0214374  0.00245816 -0.00428077  -0.0055487 -0.0408343  0.0783048 -0.0133414    1.48432 -0.0492082   -9.69592 
               199.8 -11.4088  30.2736   69.056  -2.7227 -2.18664  1.11963  0.582043 -0.354822  0.700076 -0.00817471  -0.0250739   0.0370318 0.0459597  0.132044 0.0137629  0.00238585 -0.00417355 -0.00576234 -0.0404451  0.0774462 -0.0130134    1.48322 -0.0493163   -9.69609 
               199.9 -11.5287  29.7806  68.3305 -2.72399 -2.19181   1.1172  0.585395 -0.350938  0.700887 -0.00819548  -0.0250068    0.037087 0.0555875 0.0936617  0.016595  0.00251887 -0.00394142  -0.0060864 -0.0397279  0.0776051 -0.0125021  1.48296 -0.05033 -9.69612 
                 200 -11.4617  29.3565  66.2451 -2.71083 -2.19623  1.10889   0.58771 -0.343103  0.694872 -0.00815599  -0.0250406   0.0371311  0.0942793  0.0659246 0.00360027  0.00220834 -0.00392917 -0.00585856 -0.0404113  0.0782946 -0.0121193    1.48349 -0.0509877   -9.69604 
               200.1 -11.6975  29.1187  64.1877 -2.70968 -2.20035  1.10111  0.589158 -0.339446  0.697511 -0.00817426  -0.0250848   0.0371245   0.093718  0.0515555 -0.0111123  0.00219208 -0.00397533 -0.00574505 -0.0405629   0.078197 -0.0116834   1.48317 -0.051427  -9.69608 
               200.2 -11.9185  28.9074  63.0767 -2.70052 -2.20675  1.09449  0.591551 -0.335888  0.697952 -0.00817649  -0.0251575   0.0371251   0.114955  0.0288507 -0.0133845  0.00229095 -0.00395808  -0.0058717 -0.0402552  0.0783512 -0.0112678     1.483 -0.052127  -9.69611 
               200.3 -12.2907   28.514  60.8867 -2.70071 -2.20524  1.10069  0.591834 -0.339898  0.700859 -0.00821104  -0.0251917   0.0371158   0.107922  0.0226463 0.00117818  0.00237452 -0.00382275 -0.00590411 -0.0392629  0.0781303 -0.0113801    1.48267 -0.0521792   -9.69616 
               200.4 -12.3561  28.5393  60.5958 -2.69671 -2.19669  1.11072  0.591374 -0.346647  0.709113 -0.00824329  -0.0252125   0.0371136  0.120144 0.0367152 0.0217242  0.00253769  -0.0038218 -0.00619184  -0.037995  0.0773986 -0.0114969    1.48181 -0.0520228   -9.69629 
               200.5 -12.6547  28.2749   57.925  -2.6972 -2.20136  1.11143   0.59274 -0.346059  0.710122 -0.00824789  -0.0252227   0.0370989  0.122641 0.0279166 0.0233788  0.00261078 -0.00392341 -0.00626446  -0.037476  0.0774415 -0.0113076    1.48163 -0.0524267   -9.69631 
               200.6 -12.6433  28.2672  57.5728 -2.68221 -2.20169  1.11709  0.593881 -0.347063  0.714441 -0.00825921  -0.0252287   0.0370777  0.155212 0.0308225  0.032557  0.00262956 -0.00393041 -0.00635582 -0.0367007  0.0771971 -0.0110968    1.48112 -0.0527636   -9.69639 
               200.7 -12.7324  27.7998  54.4854 -2.67259 -2.19697  1.11414  0.593001 -0.346478  0.718827 -0.00825879  -0.0252332   0.0370678  0.149301 0.0353638 0.0240758  0.00270654 -0.00375706 -0.00615637  -0.037067  0.0767125 -0.0108967     1.4807 -0.0526172   -9.69645 
               200.8 -12.6011   27.815  53.2463 -2.66414 -2.19307  1.11885  0.593299 -0.348304  0.721617 -0.00825946  -0.0252289   0.0370553  0.138823 0.0459127 0.0274367  0.00274799 -0.00378931 -0.00615526 -0.0365714  0.0765432 -0.0108904    1.48041 -0.0526536    -9.6965 
               200.9 -12.4572  27.6122  52.0043 -2.66811 -2.19629  1.11612  0.594264 -0.347918  0.729976 -0.00822666  -0.0252152   0.0370315 0.0955136 0.0361809  0.018777  0.00263387 -0.00373554 -0.00594649 -0.0359155  0.0759649 -0.0103775    1.47949 -0.0530729   -9.69664 
                 201 -12.3044  27.5349  50.5604 -2.67119 -2.20339  1.11282   0.59557 -0.345929  0.733296 -0.00820716  -0.0251915   0.0370223 0.0789911 0.0211567 0.0140917  0.00230696 -0.00382836 -0.00546628  -0.0354971   0.0758261 -0.00994818    1.47905 -0.0535875    -9.6967 
               201.1 -12.2215  27.4456  49.9238 -2.65946 -2.20023  1.11187  0.595337 -0.344867   0.73288 -0.00820729  -0.0252001   0.0370219  0.0925364  0.0316314 0.00792515  0.00210544 -0.00385599 -0.00513827 -0.0357695  0.0758133 -0.0098964     1.4791 -0.0535749   -9.69669 
               201.2 -11.8845   27.612  50.1951 -2.65318 -2.19993  1.10731  0.595344 -0.343046  0.734798 -0.00817035  -0.0251692   0.0370308    0.105907   0.0305766 5.30731e-05  0.00194258 -0.00394657 -0.00514306  -0.0359384   0.0756238 -0.00964667  1.47887 -0.05371 -9.69673 
               201.3 -12.0173   27.367  50.5008 -2.65065  -2.2078  1.10121  0.596558 -0.340166  0.736796 -0.00815883  -0.0249879   0.0370627   0.0998221   0.0104195 -0.00658644   0.0020637 -0.00378361 -0.00512461  -0.0356816   0.0755417 -0.00918555    1.47853 -0.0542455   -9.69678 
               201.4 -11.8788  27.2701   50.944 -2.64717  -2.2159  1.10098  0.598192 -0.338347  0.733654 -0.00825777  -0.0248584   0.0370424    0.106404 -0.00873085 -0.00608522  0.00207962 -0.00371363 -0.00516563  -0.0353306   0.0759567 -0.00903247    1.47871 -0.0547412   -9.69675 
               201.5 -11.9054  27.1488  50.6255 -2.64098 -2.21968  1.09768  0.598458 -0.338738  0.738823 -0.00817652  -0.0247647   0.0371015    0.108402   -0.011273 -0.00850177  0.00199909 -0.00367618  -0.0049481  -0.0348809   0.0755576 -0.00877073  1.47814  -0.0549 -9.69683 
               201.6 -11.8392  27.3641  51.3809 -2.64091 -2.22172  1.10215  0.599215 -0.341993  0.744022 -0.00810303   -0.024657   0.0371491  0.0926005 -0.0117758 0.00190143  0.00208777 -0.00367065 -0.00511084  -0.0337634   0.0752536 -0.00869598    1.47755 -0.0550556   -9.69692 
               201.7 -11.835 27.4899 51.3502 -2.64229 -2.22169  1.10483  0.599379 -0.344312  0.749037 -0.0080482 -0.0246053  0.0371806  0.0839915 -0.0086979  0.0105693   0.0020013 -0.00371575 -0.00499668  -0.0330743   0.0748864 -0.00860716    1.47703 -0.0550866     -9.697 
               201.8 -11.8004  27.5138  51.6743 -2.64933 -2.22803  1.10393  0.600202 -0.344835  0.755543 -0.00799193  -0.0244994   0.0372144  0.0649942 -0.0209543  0.0106954   0.0019517 -0.00370333  -0.0049636  -0.0322688   0.0744491 -0.00822116    1.47628 -0.0554134   -9.69711 
               201.9 -11.9693  27.9252  52.0665  -2.6519 -2.22343  1.11393  0.600174 -0.350098  0.760873 -0.0079655 -0.0244905  0.0372361  0.0627827 0.00288106  0.0282679  0.00198456 -0.00391314 -0.00495314 -0.0312071  0.0740742 -0.0083809    1.47578 -0.0552587   -9.69719 
                 202 -12.0355  27.6921  52.7264 -2.64424 -2.21889  1.11914  0.599778 -0.351464  0.761097 -0.00795808  -0.0245148   0.0372374  0.071511 0.0229975 0.0310384  0.00205261 -0.00378992 -0.00489416  -0.0311713   0.0740257 -0.00852169     1.4758 -0.0550915   -9.69719 
               202.1 -11.9368  27.6442  53.4518 -2.64182 -2.22101   1.1095  0.599421 -0.346996  0.763205 -0.00794672  -0.0244717   0.0372463  0.0722177  0.0229688 0.00772719  0.00198944 -0.00375478 -0.00490851  -0.0319168    0.073749 -0.00806022    1.47556 -0.0552388   -9.69722 
               202.2 -12.0308  27.6848  54.0505 -2.63131 -2.22204  1.11245  0.600181 -0.346811  0.761006 -0.00796722  -0.0244686   0.0372386    0.08549   0.018896 0.00828941  0.00198652 -0.00376959 -0.00496845  -0.0317028   0.0740219 -0.00809438    1.47573 -0.0554124    -9.6972 
               202.3 -12.044 27.8185 54.1588  -2.6296 -2.22252  1.10726  0.600152 -0.345353  0.764461 -0.00796119  -0.0244421    0.037243   0.093311  0.0171675 0.00071907  0.00178172 -0.00386743 -0.00480564 -0.0317893  0.0737085 -0.0077843    1.47536 -0.0555246   -9.69725 
               202.4 -12.2874  27.7676   54.567 -2.62089 -2.22337  1.10579 0.600398 -0.34449 0.764616 -0.00796272  -0.0244356   0.0372435   0.107363  0.0109341 0.00393606  0.00180774 -0.00380373 -0.00475143  -0.0318106   0.0737143 -0.00768031    1.47532 -0.0556279   -9.69726 
               202.5 -12.3926   27.737  54.9446 -2.62431 -2.22382  1.10581  0.600749 -0.346062  0.770539 -0.0079783 -0.0244209   0.037249  0.0926759  0.0133304 0.00333435  0.00185752 -0.00376838 -0.00477131  -0.0311328   0.0732658 -0.00746168   1.47469 -0.055753  -9.69735 
               202.6 -12.497 27.8903 55.3603 -2.62137 -2.21914  1.11066  0.600844 -0.349049  0.774412 -0.00798867  -0.0244202   0.0372481  0.0912242  0.0301486 0.00832391  0.00196917 -0.00385598 -0.00492201  -0.0304395   0.0729788 -0.00750229     1.4743 -0.0557152   -9.69741 
               202.7 -12.6005  27.8538  55.5044 -2.62083  -2.2167  1.11525  0.601377 -0.351328  0.777983 -0.0080098 -0.0244245  0.0372403 0.0813893 0.0334334 0.0183329  0.00201292 -0.00380393  -0.0048974   -0.029684   0.0727646 -0.00746489    1.47391 -0.0558132   -9.69747 
               202.8 -12.5617  27.8782  55.8865 -2.61237 -2.21175  1.11903  0.601283 -0.352224  0.778142 -0.00801053  -0.0244243   0.0372397 0.0902416 0.0395064 0.0222253 0.00203495  -0.003767 -0.0049661  -0.0295799   0.0727503 -0.00754413    1.47391 -0.0557505   -9.69747 
               202.9 -12.5006  27.8995  56.0282 -2.61174 -2.20196  1.12179  0.600618 -0.354653  0.783769 -0.00802981  -0.0244129   0.0372146 0.0771618 0.0584566 0.0224163  0.00201148 -0.00376993 -0.00486808  -0.0292667   0.0722031 -0.00750476    1.47338 -0.0555618   -9.69755 
                 203 -12.566  28.138 56.4714 -2.60764  -2.2081   1.1226  0.602502 -0.352613  0.782897 -0.00804013   -0.024416   0.0372024 0.0796872 0.0404031 0.0208767  0.00207412 -0.00385844 -0.00486487  -0.0287532   0.0724895 -0.00721728    1.47334 -0.0561388   -9.69756 
               203.1 -12.5003  28.3401  56.7638 -2.60512 -2.21316  1.13285  0.604788 -0.354253  0.782537 -0.0080694 -0.0244129   0.037178 0.0830015 0.0264865 0.0419298  0.00200263 -0.00394836 -0.00483117   -0.027455   0.0728262 -0.00720132    1.47326 -0.0566642   -9.69757 
               203.2 -12.4992  28.2061  57.1055 -2.60691 -2.21495  1.12766  0.60466 -0.35231 0.788034 -0.00807041  -0.0244055   0.0371647 0.0759444 0.0146294 0.0328638  0.00196748 -0.00381087 -0.00478398  -0.0275939   0.0722937 -0.00673503    1.47268 -0.0568138   -9.69765 
               203.3 -12.558 28.2495 57.3568  -2.6006 -2.21874  1.13251  0.605772 -0.352136  0.787547 -0.00808187  -0.0244062    0.037164 0.0932159 0.0135065 0.0324348  0.00195594 -0.00386052 -0.00473191  -0.0271232   0.0724709 -0.00665651    1.47266 -0.0571092   -9.69765 
               203.4 -12.6983  28.2655  57.7476 -2.59878 -2.22179  1.12894   0.60599 -0.350488  0.790913 -0.00808534  -0.0243934   0.0371651  0.0952156 0.00915303  0.0199615  0.00206183 -0.00388766 -0.00489642  -0.0271423   0.0721736 -0.00630869   1.47228 -0.057302  -9.69771 
               203.5 -12.7168  28.3715  58.1578 -2.59506 -2.22103  1.12803  0.605744 -0.350574  0.794443 -0.0080796 -0.0243845  0.0371668  0.0989191 0.00573011   0.020716  0.00213891 -0.00386571 -0.00504099 -0.0271002  0.0718241 -0.0061453    1.47193 -0.0572958   -9.69776 
               203.6 -12.7089  28.2639  58.2551 -2.58541  -2.2226  1.12226  0.605213 -0.347677   0.79411 -0.0080728 -0.0243839  0.0371662    0.104543 -0.00461982   0.0123222  0.00213226 -0.00375413  -0.0049945  -0.0277826   0.0717425 -0.00592999    1.47197 -0.0572998   -9.69776 
               203.7 -12.7217  28.3142  58.3929 -2.58546 -2.22352  1.12083  0.605183 -0.347525  0.796119 -0.00807719  -0.0243805   0.0371626    0.102173 -0.00255396  0.00800561  0.00217139 -0.00380629 -0.00504295  -0.0277329   0.0715544 -0.00580809    1.47176 -0.0573391   -9.69779 
               203.8 -12.6019  28.1763  58.2301 -2.56895 -2.21832  1.11519  0.604052 -0.347174  0.799581 -0.00808743  -0.0243645    0.037141    0.114782   0.0225293 -0.00465728  0.00204124 -0.00378099 -0.00489982 -0.0281511  0.0710854 -0.0056656    1.47145 -0.0571341   -9.69784 
               203.9 -12.5558  28.2405  58.6549 -2.57033 -2.22015  1.11434  0.604384 -0.346905  0.800597 -0.0080933 -0.0243655  0.0371375    0.107519    0.020497 -0.00529166  0.00211897  -0.0037966 -0.00496006  -0.0279928   0.0710328 -0.00556016    1.47133 -0.0572554   -9.69786 
                 204 -12.5563   28.154  58.5981 -2.55763 -2.21307  1.11399  0.604162 -0.348156  0.803489 -0.00810213  -0.0243589   0.0371275   0.0909341   0.0423339 -0.00607196  0.00210328 -0.00374555 -0.00492483  -0.0277993   0.0707594 -0.00553827    1.47105 -0.0571853    -9.6979 
               204.1 -12.5747  28.0874  58.6862 -2.56288 -2.21951  1.11301  0.605729 -0.347833  0.806526 -0.0081291 -0.0243686  0.0371181   0.0678823   0.0421617 -0.00476574  0.00211624 -0.00376741 -0.00504945  -0.0270049   0.0706676 -0.00522763    1.47065 -0.0576638   -9.69796 
               204.2 -12.6312  28.1528  58.5526 -2.56619 -2.21268    1.114  0.606601 -0.349475  0.810586 -0.00815826  -0.0243742   0.0371011  0.0353802  0.0954314 -0.0109132  0.00212308 -0.00387595 -0.00504852  -0.0261964   0.0704154 -0.00509625     1.4702 -0.0578833   -9.69802 
               204.3 -12.787 27.9454 58.7219 -2.56624  -2.2172  1.11491  0.608923 -0.347988  0.808598 -0.00817938  -0.0243829   0.0370994  0.0321612  0.0995438 -0.0116189  0.00210072 -0.00376582 -0.00502279  -0.0253931   0.0708325 -0.00488438    1.47025 -0.0585374   -9.69801 
               204.4 -12.7545  27.8302  58.8511 -2.56786 -2.20477  1.10887  0.608623 -0.347603   0.81129 -0.00818662  -0.0243754   0.0370955  0.0357669   0.135514 -0.0253107  0.00179683 -0.00374872 -0.00460702  -0.0255564   0.0705313 -0.00472215    1.46998 -0.0584914   -9.69805 
               204.5 -13.0164  27.9774   59.351 -2.56389 -2.19958  1.11965  0.610546 -0.349517  0.807844 -0.00823915  -0.0243486   0.0370628  0.0347026   0.139367 0.00213441  0.00181665  -0.0037042 -0.00448902  -0.0242356   0.0710568 -0.00494058     1.4702 -0.0589705   -9.69802 
               204.6 -13.0657  28.1354  60.0931 -2.56487 -2.18375  1.12083  0.610612 -0.350306   0.80947 -0.00822319  -0.0243388   0.0370726 0.0238382  0.181875 0.0178618  0.00185042 -0.00372839 -0.00459168  -0.0240291   0.0708875 -0.00492481    1.47002 -0.0589728   -9.69804 
               204.7 -13.4213  28.1885   60.569 -2.56743 -2.16681  1.13138  0.611719 -0.352156  0.809418 -0.00824381  -0.0243037   0.0370632 0.0108782  0.212936 0.0386563  0.00200826 -0.00393502 -0.00462885  -0.0230661   0.0709802 -0.00503736   1.46993 -0.059246  -9.69806 
               204.8 -13.375 28.3141 61.3057 -2.56145 -2.14679  1.13072  0.611392 -0.350881   0.80882 -0.00824272  -0.0243179   0.0370623 0.0572687  0.239316 0.0261907  0.00178648 -0.00411215 -0.00494202  -0.0235049   0.0710172 -0.00494974   1.47002 -0.059185  -9.69804 
               204.9 -13.751 28.0515 61.5586 -2.55269 -2.11471   1.1409  0.610969 -0.353157  0.809115 -0.00823303  -0.0243432   0.0370636 0.0995079   0.25575 0.0644847  0.00164849 -0.00407728 -0.00460448  -0.0232532   0.0709706 -0.00522333    1.47003 -0.0590058   -9.69804 
                 205 -14.4982  27.7811  62.9711 -2.55523 -2.08943  1.14575  0.611579 -0.354317  0.813309 -0.0081819 -0.0243109  0.0371425 0.0640077  0.264841 0.0381982  0.00215924 -0.00376406 -0.00471746   -0.022834   0.0705681 -0.00510183    1.46953 -0.0590724   -9.69812 
               205.1 -14.3389  28.3276  63.3249 -2.56443 -2.06199  1.14746  0.611908 -0.356453  0.819075 -0.00814581  -0.0242877   0.0371596  0.0185852   0.279792 0.00893286  0.00214382 -0.00414457 -0.00454366  -0.0224055   0.0699757 -0.00501295   1.46888 -0.059017  -9.69822 
               205.2 -14.6308  28.1605  64.1328 -2.56646 -2.03594  1.14742  0.612326 -0.356224  0.820445 -0.00814083  -0.0242681   0.0371682 0.0271199  0.246969 0.0241001  0.00218201 -0.00396832 -0.00459096  -0.0222379   0.0698627 -0.00488356    1.46871 -0.0591415   -9.69824 
               205.3 -14.299 28.4621 64.9909 -2.56755 -2.01841  1.13972  0.612188 -0.353638  0.822696 -0.00811513  -0.0242603   0.0371625 0.0535979  0.218048 0.0162583  0.00163642 -0.00391962  -0.0044367 -0.0225863  0.0695122 -0.0044067   1.46843 -0.059317  -9.69828 
               205.4 -14.6305  28.4271  66.2933 -2.57138 -2.00274  1.13264  0.612033 -0.351851  0.826341 -0.00808034  -0.0242291   0.0371743 0.0523813  0.204512 0.0142094  0.00182852 -0.00376319 -0.00427871 -0.0227234  0.0690297 -0.0039588      1.468 -0.0594994   -9.69835 
               205.5 -14.8749  28.7066  67.4581 -2.57517 -1.98559  1.12913  0.612272 -0.351374  0.829779 -0.00804791  -0.0241936    0.037188  0.0419596   0.235427 -0.0149754  0.00181658  -0.0037343 -0.00397806  -0.0225133   0.0686779 -0.00368527    1.46761 -0.0596901    -9.6984 
               205.6 -14.8979  29.3514  68.9575 -2.58865 -1.96894  1.12434  0.613402 -0.351796  0.836523 -0.00796581  -0.0241018   0.0371879  0.0238117   0.265099 -0.0293277  0.00172069 -0.00401553 -0.00374333  -0.0216485    0.068151 -0.00331051    1.46688 -0.0601288   -9.69851 
               205.7 -14.7949  29.4052  70.8445 -2.59497 -1.95858  1.12266   0.61521 -0.351074  0.839042 -0.00794709  -0.0239711   0.0372022   0.0341474    0.208599 -0.00255406  0.00139842 -0.00352499 -0.00334404  -0.0207147   0.0681656 -0.00300775     1.4666 -0.0607433   -9.69855 
               205.8 -14.9959  30.2452  73.5102 -2.58389   -1.931  1.12452 0.614607 -0.35149 0.836888 -0.0080062 -0.0240688  0.0371818 0.0741043  0.227758 0.0165944  0.00140038 -0.00351901 -0.00310438  -0.0211041   0.0683237 -0.00320535    1.46684 -0.0604615   -9.69852 
               205.9 -15.1115  31.2917  77.3065 -2.57239 -1.90798  1.12434 0.614247  -0.3499 0.834759 -0.00807355  -0.0240457   0.0371445 0.0656905  0.242073  0.016447  0.00190201 -0.00374191 -0.00361194  -0.0213863   0.0684604 -0.00311946    1.46706 -0.0605071   -9.69848 
                 206 -14.7481  31.9966  79.9435 -2.58081  -1.8759  1.12672  0.614016 -0.353722   0.84189 -0.00785171  -0.0241947   0.0372372 0.0368224  0.245721 0.0196488  0.00176434 -0.00381004 -0.00386022  -0.0212234   0.0677085 -0.00324312     1.4663 -0.0601639    -9.6986 
               206.1 -14.7399  32.4136   82.771 -2.58607 -1.84941  1.12888  0.613988 -0.355873  0.846199 -0.00775312  -0.0242576   0.0372769 0.0233629  0.265536 0.0233659  0.00169086 -0.00393881 -0.00394873  -0.0210714   0.0672881 -0.00329188    1.46585 -0.0600183   -9.69867 
               206.2 -14.9519  32.4259  84.2437 -2.58411 -1.84757  1.12481  0.615613 -0.349334  0.845239 -0.00770206  -0.0241818     0.03738 0.0276289  0.185935  0.021086   0.0013906  -0.0038777 -0.00355953  -0.0206226   0.0674806 -0.00258936    1.46598 -0.0610793   -9.69864 
               206.3 -15.1603  32.6611  87.2304 -2.57888 -1.83274  1.12353  0.615444 -0.347609  0.844479 -0.00770361  -0.0241621   0.0373857  0.0385622    0.16855 0.00674963   0.0012573 -0.00387941 -0.00368115  -0.0208223   0.0674864 -0.00244663    1.46606 -0.0611828   -9.69863 
               206.4 -15.7813  32.7899   89.957 -2.57066 -1.83176  1.12111  0.615268 -0.344469  0.840322 -0.00770219  -0.0240966   0.0373617   0.0507414    0.166244 -0.00337637  0.00138043 -0.00404181 -0.00356729  -0.0211765   0.0677941 -0.00230425    1.46648 -0.0613133   -9.69857 
               206.5 -15.7143  32.7959   90.611 -2.56123 -1.79995  1.11786  0.615011 -0.344362  0.838486 -0.00771604  -0.0240843   0.0373255 0.00231576   0.184404 -0.0415951  0.00132065 -0.00402749 -0.00361095  -0.0213319   0.0679419 -0.00236588    1.46665 -0.0612085   -9.69854 
               206.6 -16.6103   32.672  94.9431 -2.55736  -1.7808  1.11987  0.615672 -0.345442   0.83544 -0.00769078  -0.0240813   0.0373162  -0.021604   0.167117 -0.0263175  0.00143063  -0.0037424 -0.00373332  -0.0209048   0.0683726 -0.00255151    1.46696 -0.0612162   -9.69849 
               206.7 -17.0791  33.1498  98.1973 -2.56037 -1.75779  1.11859  0.614866 -0.347478  0.835836 -0.00771746   -0.024121   0.0372568 -0.0294385   0.175839 -0.0243442   0.0015871 -0.00349696  -0.0039717   -0.021165   0.0683236 -0.00277384    1.46688 -0.0608273   -9.69851 
               206.8 -17.6522  33.7877  100.667 -2.59334 -1.73135  1.10802   0.61384 -0.351611  0.847364 -0.00773266  -0.0243479   0.0373585  -0.126454   0.216776 -0.0554626  0.00184301 -0.00365012 -0.00387483  -0.0214355   0.0669844 -0.00279464     1.4656 -0.0605676    -9.6987 
               206.9 -17.1909  34.3326  103.896 -2.61728 -1.72097  1.10203  0.615119 -0.351686  0.851156 -0.00767352  -0.0244042   0.0373591  -0.194899   0.215092 -0.0682939  0.00200719 -0.00371113 -0.00397314  -0.0207529   0.0666158 -0.00262034    1.46525 -0.0610713   -9.69875 
                 207 -16.4353  34.6323   106.53 -2.63234 -1.69793  1.09217  0.614614 -0.349036  0.848545 -0.00765468  -0.0244004   0.0374262  -0.238588   0.235919 -0.0630891  0.00211596 -0.00366983 -0.00414592  -0.0211906   0.0668438 -0.00246443    1.46557 -0.0610515    -9.6987 
               207.1 -16.1129  34.9219  108.757 -2.64989  -1.6882  1.08859  0.615751 -0.346137  0.847264 -0.00758256  -0.0244851   0.0374831 -0.239351  0.213501 -0.043049  0.00232559 -0.00364149 -0.00418808  -0.0207012    0.067073 -0.00223522    1.46587 -0.0615696   -9.69866 
               207.2 -15.1428  34.9739  110.405 -2.67328 -1.68307  1.07711  0.617032 -0.341073  0.848187 -0.00752438  -0.0247704   0.0374613 -0.223095  0.198713 -0.069933  0.00202179 -0.00371428 -0.00392022  -0.0204957   0.0669398 -0.00168876    1.46599 -0.0623249   -9.69863 
               207.3 -14.7649  35.0632  111.671 -2.69115 -1.66805  1.07167  0.617225 -0.340564  0.847749 -0.00750115  -0.0248108   0.0374835  -0.207206   0.163922 -0.0641306  0.00206405 -0.00364249 -0.00374809  -0.0203753   0.0670271 -0.00167409    1.46609 -0.0624062   -9.69862 
               207.4 -14.2445  35.2155  113.257 -2.71482  -1.6568  1.07536  0.618879 -0.342674  0.848297 -0.00751676  -0.0248307   0.0374685  -0.196869   0.120648 -0.0412121  0.00236586 -0.00337138 -0.00399994   -0.019402   0.0672612 -0.00198516    1.46611 -0.0626195   -9.69861 
               207.5 -13.4881  35.9536  115.392  -2.7361 -1.64878  1.07079  0.619388 -0.343011  0.850014 -0.00754632  -0.0248506   0.0374174  -0.187495   0.119474 -0.0544608  0.00251852 -0.00366173 -0.00433481  -0.0192806    0.067065 -0.00196133   1.46592 -0.062756  -9.69864 
               207.6 -12.8748   35.841   116.54  -2.7472 -1.65104  1.06793  0.620049 -0.343895  0.853576 -0.0076247 -0.0248643  0.0373189   -0.20116    0.10946 -0.0613705  0.00243491 -0.00347384  -0.0043661  -0.0191882   0.0666194 -0.00191922    1.46552 -0.0629503    -9.6987 
               207.7 -12.618 35.9556  116.91 -2.78254 -1.63177  1.06105  0.620588 -0.344999  0.854806 -0.00765404  -0.0248588   0.0372826  -0.143816    0.10837 -0.0333879  0.00239322 -0.00348226 -0.00446751  -0.0189159   0.0665345 -0.00199767    1.46538 -0.0630337   -9.69872 
               207.8 -12.0071  36.7202  118.374 -2.78997 -1.64062  1.06606  0.622467 -0.346737  0.858368 -0.0077688 -0.0249497  0.0371676  -0.149341  0.0795165 -0.0210115  0.00242215  -0.0033071 -0.00459648   -0.017832   0.0663053 -0.00206699    1.46517 -0.0635672   -9.69875 
               207.9 -12.2508  37.0516  118.167 -2.81833 -1.62794  1.06461  0.623071 -0.347731  0.859664 -0.0078213 -0.0249709  0.0371302  -0.120011  0.0887624 -0.0135601  0.00248775 -0.00349855  -0.0044809  -0.0174729   0.0662214 -0.00212284    1.46507 -0.0637076   -9.69876 
                 208 -11.4489  37.8395  119.565 -2.82479 -1.63394  1.06659  0.624022 -0.348576  0.862617 -0.00790261  -0.0250123    0.037066   -0.122336    0.071787 -0.00499487  0.00231301 -0.00345489 -0.00446909   -0.016898   0.0659372 -0.00211182    1.46488 -0.0640737   -9.69879 
               208.1 -11.6934  37.8691   119.34 -2.84323 -1.61146  1.06467  0.623414 -0.348328  0.861301 -0.0078566  -0.024967  0.0371009   -0.100181    0.123586 -0.00254413  0.00235958 -0.00348514 -0.00429164  -0.0172822   0.0660432 -0.00213086    1.46492 -0.0638418   -9.69878 
               208.2 -11.1594  38.1361   121.09 -2.84892 -1.58712  1.05856  0.622519 -0.346626   0.85914 -0.00781822  -0.0249467   0.0371011 -0.0931025   0.202331 -0.0181889   0.0023761 -0.00366692 -0.00443417  -0.0179566   0.0662095 -0.00204813    1.46507 -0.0635747   -9.69876 
               208.3 -11.1625  38.0128  121.534 -2.85301  -1.5639  1.04889  0.621452 -0.342872  0.857484 -0.00780282  -0.0249143   0.0370839  -0.0979482    0.243282 -0.00593664  0.00232221 -0.00367114 -0.00397887  -0.0189334   0.0662418 -0.00177767    1.46522 -0.0634249   -9.69874 
               208.4 -10.6049  38.0547  123.268 -2.86591   -1.539  1.04938  0.621568 -0.343169  0.858117 -0.00779482  -0.0249145   0.0370896 -0.118358  0.232059 0.0104968  0.00242401  -0.0033807 -0.00418855  -0.0188909   0.0661711 -0.00179309    1.46515 -0.0634581   -9.69875 
             208.499 -10.5093  38.3159  124.782 -2.86866 -1.53259  1.04885  0.621195 -0.344169  0.858065 -0.00778255  -0.0249562   0.0370752 -0.131543  0.241613 0.0070102  0.00289181 -0.00346157 -0.00431952   -0.019102   0.0662093 -0.00187155    1.46506 -0.0632498   -9.69877 
               208.6 -9.83988  38.5408  125.761 -2.88593 -1.49186  1.05282  0.62121 -0.34319 0.855302 -0.00785812  -0.0248159   0.0370506 -0.162626  0.233419 -0.034554  0.00284787 -0.00351925 -0.00475426  -0.0185946   0.0664775 -0.00183314    1.46547 -0.0633868    -9.6987 
               208.7 -9.19806  38.6374  126.736 -2.88819  -1.4816  1.06054  0.620863 -0.346361   0.85336 -0.00786007  -0.0248081   0.0370619  -0.158026   0.252736 -0.0162627  0.00247759 -0.00364883 -0.00480063  -0.0177386   0.0666579 -0.00216249    1.46562 -0.0632947   -9.69868 
               208.8 -9.24542  38.3147  126.752 -2.91463 -1.44404  1.05335   0.62106 -0.345787  0.854625 -0.00786588     -0.0248   0.0370495  -0.166003   0.255033 -0.0384262  0.00241442 -0.00343025 -0.00474314  -0.0179816   0.0665325 -0.00208285     1.4655 -0.0633398    -9.6987 
               208.9 -9.67082  38.5572  127.319 -2.91516 -1.42994   1.0434  0.622281 -0.339628  0.851103 -0.00784923  -0.0248463    0.037039  -0.151307   0.194325 -0.0712622  0.00259131 -0.00336409  -0.0048773  -0.0182387   0.0669409 -0.00156489    1.46609 -0.0636477   -9.69861 
                 209 -9.61212  38.9196   127.65 -2.94077 -1.40649  1.03482  0.622071 -0.340691  0.852033 -0.00786339   -0.024833    0.037043   -0.17857   0.146085 -0.0631028  0.00257185 -0.00328817 -0.00498058 -0.0181926  0.0668157   -0.00165   1.46596 -0.063623  -9.69863 
               209.1 -10.0853  39.7629  127.731 -2.95088 -1.38018  1.03459  0.620779 -0.342507   0.84776 -0.00780481  -0.0248611   0.0370344  -0.177896   0.124127 -0.0523363  0.00246889 -0.00318088 -0.00458742   -0.017985   0.0673895 -0.00188878     1.4663 -0.0631527   -9.69858 
               209.2 -10.004 40.4271  128.33 -2.97583 -1.37233  1.04309  0.619181 -0.348259  0.847543 -0.00790618   -0.024875   0.0369756  -0.214249  0.0926357 -0.0246689  0.00235702 -0.00323668  -0.0045477  -0.0165195    0.066838 -0.00227451    1.46619 -0.0633031    -9.6986 
               209.3 -10.4596  40.6792  128.625 -3.00186 -1.36692  1.03662  0.619386 -0.347774  0.850384 -0.00791192   -0.024854   0.0370032    -0.2543  0.0735592 -0.0452932  0.00243305 -0.00326316 -0.00455196  -0.0169149   0.0666438 -0.00224432    1.46594 -0.0633422   -9.69863 
               209.4 -10.3874   41.056   129.18 -3.00876 -1.36632  1.03464  0.619467 -0.347593  0.851586 -0.00791116  -0.0248512   0.0370089  -0.270237  0.0750765 -0.0539223  0.00247276 -0.00360016 -0.00468417 -0.0170521  0.0665546 -0.0022352    1.46583 -0.0633699   -9.69865 
               209.5 -10.6914  41.2146  129.254 -3.06405 -1.35272  1.02714  0.619693 -0.347243   0.85141 -0.00791315  -0.0248456   0.0370068 -0.317357 0.0903885 -0.015544  0.00266341 -0.00371808 -0.00471024  -0.0169523   0.0665214 -0.00219586    1.46587 -0.0634595   -9.69864 
               209.6 -10.3356  40.9682  129.529  -3.0931 -1.34276   1.0298  0.619734 -0.347503  0.848555 -0.00791577  -0.0248699   0.0370499  -0.317677   0.105965 -0.0183054  0.00268529 -0.00378309 -0.00483301  -0.0163991   0.0666243 -0.00218437    1.46614 -0.0635423    -9.6986 
               209.7 -10.4873  40.5599   129.67  -3.0908 -1.33357  1.02751  0.619661 -0.346166  0.845657 -0.00788329  -0.0248812   0.0370493   -0.31142   0.126368 -0.0283578  0.00300175 -0.00391325 -0.00466002  -0.0169319   0.0671653 -0.00215762   1.46637 -0.063189  -9.69857 
               209.8 -10.0873   39.735  129.759 -3.14332  -1.3129  1.00602  0.621141 -0.341036  0.847433 -0.00796027  -0.0248904   0.0369375  -0.254348  0.0842202 -0.0558759  0.00278043 -0.00339103 -0.00459391  -0.0183651   0.0674754 -0.00187278    1.46631 -0.0631075   -9.69858 
               209.9 -9.35404  40.2535  131.041 -3.16311 -1.29815  1.00823  0.620457 -0.343917  0.844398 -0.00796614  -0.0248626   0.0369778  -0.192371    0.11005 -0.0452172  0.00266051 -0.00329989 -0.00484699  -0.0175825   0.0676332 -0.00204965    1.46651 -0.0629859   -9.69855 
                 210 -9.28098  40.3878  131.319 -3.18709 -1.30299   1.0087 0.620706 -0.34553 0.847958 -0.00797823  -0.0248147   0.0369446  -0.184183   0.101906 -0.0439484  0.00256326 -0.00344583 -0.00460135  -0.0165718    0.066943 -0.00204011    1.46633 -0.0635677   -9.69857 
               210.1 -8.97673  40.7445  131.708 -3.21157  -1.2984  1.00558  0.620633 -0.346477   0.85063 -0.00798097  -0.0247938   0.0369209  -0.200165    0.11762 -0.0320984  0.00246045 -0.00345413 -0.00441239  -0.0162989   0.0665529 -0.00206212    1.46613 -0.0637889    -9.6986 
               210.2 -8.7093 41.1897 132.558 -3.23146 -1.28747  1.00754  0.620583 -0.348453  0.850421 -0.00800341  -0.0247783   0.0369008  -0.198112   0.132871 -0.0230592  0.00244275  -0.0033522 -0.00445199  -0.0157214   0.0665134 -0.00215152    1.46614 -0.0638437    -9.6986 
               210.3 -8.58746  41.1503  133.608 -3.24369 -1.27421 0.991561  0.620829 -0.341506  0.850176 -0.00798018  -0.0247691    0.036907  -0.171895   0.171863 -0.0615557   0.0023445 -0.00312206  -0.0043262  -0.0172465   0.0666397 -0.00176127    1.46626 -0.0638212   -9.69858 
               210.4 -8.47948  41.8128  134.104 -3.25114 -1.27303 0.993352  0.620952 -0.343045  0.851292 -0.00799297   -0.024747   0.0368845  -0.168586   0.171993 -0.0545127  0.00208625 -0.00321708 -0.00402145  -0.0165715   0.0664124 -0.00180895    1.46623 -0.0640503   -9.69858 
               210.5 -8.24293  41.8907  135.094 -3.27266 -1.23291 0.983583  0.620859 -0.341954  0.849279 -0.00802667  -0.0247836   0.0368626  -0.144221   0.221763 -0.0129575  0.00220009 -0.00311124 -0.00424488  -0.0170394   0.0667481 -0.00177293    1.46635 -0.0637998   -9.69857 
               210.6 -7.86819  42.8138  137.519 -3.29348 -1.21648 0.983591  0.620948 -0.341956  0.852303 -0.0079611 -0.0247602  0.0369198 -0.166136   0.23389 0.0106831  0.00208898  -0.0035912 -0.00408109  -0.0169293   0.0663074 -0.00175897    1.46615 -0.0640749    -9.6986 
               210.7 -7.48886  42.8253  139.824 -3.32136 -1.18862 0.978464  0.620729 -0.342836  0.854433 -0.00791272  -0.0248991   0.0369391 -0.222306  0.254648 -0.025817  0.00227318 -0.00384221 -0.00433036 -0.0175698  0.0661836 -0.0018673    1.46578 -0.0638834   -9.69865 
               210.8 -7.70543  42.3955  141.005 -3.35924 -1.15888 0.976543 0.620206 -0.34838 0.857742 -0.00781307  -0.0250554   0.0369033  -0.255012   0.258009 -0.0275731  0.00243596 -0.00374204   -0.004348  -0.0176816   0.0659621 -0.00227415    1.46516 -0.0635724   -9.69875 
               210.9 -7.15051  42.0626  142.139 -3.38657 -1.13164 0.980364  0.620003 -0.351326  0.857876 -0.00777989   -0.025059    0.036929  -0.234201   0.252643 -0.0111342  0.00217478  -0.0034611 -0.00467757  -0.0170054   0.0658634 -0.00245434    1.46511 -0.0635986   -9.69876 
                 211 -7.72735  41.7089  142.405 -3.39987 -1.11712  0.97637 0.620861 -0.34697 0.857512 -0.00785061  -0.0251037   0.0369775  -0.221095   0.221497 -0.0285847  0.00230694 -0.00348484 -0.00472475  -0.0171193   0.0658618 -0.00214439     1.4654 -0.0639139   -9.69871 
               211.1 -8.13036  41.7763  142.518 -3.41785 -1.09985 0.980375  0.620959 -0.348033   0.85603 -0.00786185  -0.0252259   0.0370073  -0.214371   0.189261 -0.0278734  0.00235316 -0.00357785 -0.00480488  -0.0161137   0.0658022 -0.00214292    1.46566 -0.0641349   -9.69867 
               211.2 -8.51826  41.4775  143.012 -3.41602 -1.08414 0.980685  0.621008 -0.347535  0.850765 -0.00772403  -0.0252504   0.0370304  -0.196914   0.212458 -0.0274552  0.00239254 -0.00340638 -0.00483467  -0.0161449   0.0665157 -0.00211984    1.46603 -0.0637467   -9.69862 
               211.3 -8.87825   41.206  143.008 -3.44191 -1.05006 0.975652  0.621373 -0.345947  0.848728 -0.00768747  -0.0252798   0.0370413  -0.173337   0.160993 -0.0216894    0.002515 -0.00321956 -0.00474302  -0.0162104   0.0667877 -0.00200536    1.46626 -0.0636975   -9.69858 
               211.4 -9.29346  41.7631  144.052 -3.45591 -1.03705 0.972992  0.621684 -0.344809  0.847689 -0.00767327  -0.0252982   0.0370319  -0.182894   0.119709 -0.0346097  0.00272732  -0.0031883 -0.00479156  -0.0161444    0.066888 -0.00190448    1.46642 -0.0637441   -9.69856 
               211.5 -9.30808  42.1729  144.303 -3.47356 -1.02998 0.970769  0.621639 -0.345072  0.847921 -0.00768715  -0.0253071   0.0370082  -0.214832  0.0936362 -0.0453278  0.00265876 -0.00345554 -0.00465318 -0.0159051  0.0667623 -0.0018961    1.46644 -0.0638496   -9.69855 
               211.6  -9.377 42.1113 144.693 -3.49863 -1.02422  0.96571  0.621683 -0.344901  0.848253 -0.0076974 -0.0253148  0.0369898 -0.259115 0.0697554 -0.059029  0.00272384 -0.00347723 -0.00454243  -0.0157315   0.0666322 -0.00186103    1.46647 -0.0639737   -9.69855 
               211.7 -8.70394  41.8235  145.029 -3.52689 -1.01577 0.960372   0.62152 -0.345415  0.848849 -0.00769275  -0.0252911   0.0369842   -0.32639  0.0837425 -0.0335932  0.00255782 -0.00350847 -0.00472949   -0.015887   0.0666155 -0.00192341  1.46636 -0.06391 -9.69857 
               211.8 -8.63746   41.309  145.171 -3.55924 -1.00983 0.958319  0.622039 -0.343518   0.84732 -0.00771455  -0.0253565   0.0370268 -0.374482  0.072323 -0.017726  0.00282481 -0.00354012  -0.0049305  -0.0156983   0.0667417 -0.00174006    1.46664 -0.0640201   -9.69852 
               211.9   -8.27 40.8998 144.986 -3.59633 -1.00595 0.954381   0.62237 -0.342829  0.848512 -0.00773823  -0.0253616   0.0369878 -0.393282 0.0700454 -0.029944   0.0027667 -0.00367265 -0.00485275 -0.0158402  0.0666024 -0.0016876    1.46658 -0.0641346   -9.69853 
                 212 -7.91124  40.4874  145.379 -3.63219 -1.01746 0.950868  0.623945 -0.339583  0.849873 -0.00781777  -0.0254164   0.0369611  -0.374643  0.0188647 -0.0517664   0.0030129 -0.00364116 -0.00472603  -0.0154414   0.0661626 -0.00143715    1.46679 -0.0647528    -9.6985 
               212.1 -7.28037  40.0588  145.742  -3.6541 -1.02125 0.941258 0.624954 -0.33512 0.848929 -0.00786807  -0.0254912    0.036986  -0.326777 0.00250924  -0.081056  0.00303074 -0.00362828 -0.00468962  -0.0156386   0.0662882 -0.00104258    1.46714 -0.0649569   -9.69844 
               212.2 -6.31027  39.8072  146.451 -3.67201  -1.0278 0.929693  0.625891 -0.330351  0.847303 -0.00791951  -0.0255449    0.037014  -0.247442 -0.0185422 -0.0806389  0.00292385 -0.00346452 -0.00477096    -0.015642    0.0664296 -0.000597694    1.46761 -0.0652009   -9.69837 
               212.3 -6.14947  39.4527  146.714  -3.6993 -1.03318 0.916275  0.626376 -0.329032  0.849277 -0.00790899   -0.025557   0.0369996  -0.216822  -0.026907 -0.0642224  0.00293505 -0.00316075 -0.00461773   -0.0162668    0.0662779 -0.000476593   1.46742 -0.065266   -9.6984 
               212.4 -5.74218  39.6499  147.449 -3.71919 -1.03249 0.913852   0.62608 -0.330896    0.8495 -0.0079181 -0.0255648  0.0370062  -0.219067 0.00751793 -0.0703909  0.00272197 -0.00325718 -0.00462459    -0.016064     0.066231 -0.000656046    1.46731 -0.0652125   -9.69841 
               212.5 -5.64833  39.7085  147.986 -3.76585 -1.02687 0.903792  0.625805 -0.334997  0.852807 -0.00791029  -0.0256586   0.0371054  -0.27542  0.054908 -0.080653  0.00269321 -0.00339514  -0.0045189  -0.0164042   0.0659478 -0.00107764    1.46669 -0.0650667   -9.69851 
               212.6 -5.66523   39.665  148.892  -3.7981 -1.01738 0.900846 0.625528 -0.33775  0.85302 -0.00793125  -0.0257084   0.0371114 -0.295924  0.108348 -0.075175  0.00264177 -0.00328378 -0.00459563  -0.0159982   0.0658956 -0.00134884   1.46657 -0.065015  -9.69853 
               212.7 -5.59246  39.6076  149.468 -3.82732 -1.00825 0.893627  0.625747 -0.337344  0.853462 -0.00792685  -0.0256899   0.0371224 -0.304458  0.155887 -0.083715  0.00258415 -0.00324314 -0.00458309 -0.0158575  0.0657368 -0.0013171    1.46659 -0.0651642   -9.69852 
               212.8 -5.39178  39.7584  150.329  -3.84847 -0.997613  0.891889  0.625872 -0.335923  0.852251 -0.0079393 -0.0256245  0.0370674  -0.329043   0.183449 -0.0421226  0.00256098 -0.00328223 -0.00461341  -0.0150596   0.0656621 -0.00119158    1.46699 -0.0654433   -9.69846 
               212.9 -5.52591  40.1646  150.862  -3.87733 -0.979818  0.900069  0.625728 -0.337749  0.851297 -0.00798589  -0.0256482   0.0370048 -0.335185  0.181865 0.0162741   0.0026023 -0.00334165  -0.0044937  -0.0141947   0.0657734 -0.00146701    1.46716 -0.0654544   -9.69844 
                 213 -5.65535  39.8385  151.212  -3.89279 -0.969811  0.897241  0.625755 -0.331713  0.849762 -0.00799761  -0.0256073   0.0369917    -0.26832    0.146772 -0.00318055  0.00248034 -0.00301517 -0.00431068  -0.0140904   0.0657563 -0.00080806    1.46778 -0.0657825   -9.69834 
               213.1 -5.55489  40.3782  152.245  -3.88358 -0.964201  0.900553  0.624485 -0.329073  0.846469 -0.00800572  -0.0255851   0.0369034  -0.232782   0.157676 0.00259417  0.00237083 -0.00332846 -0.00443127   -0.0135496    0.0661409 -0.000594523     1.4684 -0.0657028   -9.69825 
               213.2 -5.22078  40.4327  153.376  -3.91945 -0.926472  0.899568  0.623249 -0.329565  0.844778 -0.00808459  -0.0256021   0.0368491  -0.187042   0.141458 -0.0189361  0.00254417 -0.00331748 -0.00496229   -0.0135205     0.066491 -0.000610115    1.46854 -0.0654067   -9.69823 
               213.3 -6.27131  40.4057  153.449  -3.94708 -0.909583  0.895828  0.622861 -0.331902  0.845404 -0.00806488  -0.0256027   0.0368417  -0.204974  0.0898388 -0.0442938  0.00253033 -0.00331709 -0.00479405  -0.013787  0.0665756 -0.0008227    1.46825 -0.0651839   -9.69827 
               213.4 -6.56259  40.4448  154.279 -3.95446 -0.90086 0.894931  0.622181 -0.334131   0.84532 -0.00803804  -0.0256223   0.0368113  -0.218016   0.106528 -0.0462566  0.00250192 -0.00319279 -0.00477417  -0.0140906   0.0668543 -0.00102767  1.46803 -0.06484 -9.69831 
               213.5 -6.13896  40.4598  154.028  -3.98626 -0.883057  0.894115  0.621311 -0.338311  0.845858 -0.00801153   -0.025548   0.0368121  -0.218047  0.0835696 -0.0311969   0.0020775 -0.00318023 -0.00459664  -0.0141095   0.0669796 -0.00146342    1.46768 -0.0645258   -9.69836 
               213.6 -6.57447  40.8599  154.834  -4.04262 -0.871636  0.883924  0.621001 -0.340507  0.849093 -0.00801392  -0.0255436   0.0368538  -0.228787  0.0325929 -0.0497329  0.00202548 -0.00310925 -0.00420457 -0.0147801  0.0668221 -0.0017465    1.46715 -0.0644051   -9.69844 
               213.7 -6.86092   41.646  157.451 -4.05373 -0.87439  0.87365  0.622146 -0.336395  0.848783 -0.00798119  -0.0254859     0.03685  -0.223313 -0.0044806 -0.0773903  0.00222517 -0.00324639 -0.00432203  -0.0151427   0.0669067 -0.00136667    1.46739 -0.0645545   -9.69841 
               213.8 -6.74087  41.8435  158.917  -4.05998 -0.882396  0.869221  0.622572 -0.334107  0.846436 -0.00799021  -0.0253687    0.036831  -0.200388 -0.0700957 -0.0646333   0.0026281   -0.003153 -0.00486755  -0.0145604    0.066871 -0.00104945    1.46784 -0.0647609   -9.69834 
               213.9 -7.16451  41.9906  158.737   -4.0663 -0.892179  0.866779  0.622685 -0.333284  0.847544 -0.00799571  -0.0253619   0.0368278  -0.201498  -0.110741 -0.0606674  0.00279772 -0.00319026 -0.00480942   -0.0144703    0.0665449 -0.000985897   1.46787 -0.064989  -9.69833 
                 214 -7.08374  42.3227  158.904  -4.11748 -0.922576  0.864111  0.621911 -0.335853  0.847716 -0.00802245  -0.0253397   0.0368139  -0.292234  -0.195257 -0.0259151  0.00281977 -0.00342266 -0.00490052  -0.0139893   0.0663131 -0.00119858    1.46778 -0.0650249   -9.69834 
               214.1 -6.62462  41.4854  159.226  -4.15098 -0.941969  0.859947  0.621833 -0.336353    0.8486 -0.00802141  -0.0252911   0.0367731  -0.299018  -0.182684 -0.0344733  0.00277075 -0.00342673 -0.00474519  -0.0141596    0.066252 -0.00126368    1.46765 -0.0650195   -9.69836 
               214.2 -6.41601  41.3102  159.997   -4.1728 -0.962597  0.863673  0.621526 -0.336668  0.847143 -0.00803461  -0.0253322   0.0368304 -0.280782 -0.178187 -0.015158  0.00280816 -0.00347566 -0.00446559  -0.0134015   0.0661113 -0.00126523     1.4679 -0.0651399   -9.69833 
               214.3 -5.49912  41.1713  160.783 -4.18352 -0.96951 0.864667 0.621331 -0.33704 0.846533 -0.00803216  -0.0253297   0.0368532  -0.268924  -0.179699 -0.0177852  0.00271342 -0.00336199 -0.00427308  -0.0132054   0.0661396 -0.00128958    1.46795 -0.0651173   -9.69832 
               214.4 -5.29881  41.1381  161.405  -4.22641 -0.998117  0.863539  0.621014 -0.338665  0.846304 -0.00801905  -0.0253094    0.036857 -0.233021 -0.199116 -0.024331  0.00295031 -0.00326374 -0.00439986  -0.0130566   0.0661626 -0.00143577    1.46786 -0.0650477   -9.69833 
               214.5 -4.30485  41.4101  162.676 -4.24685 -1.02121 0.861181  0.621196 -0.338001  0.847153 -0.00801286  -0.0253056   0.0368314 -0.202823 -0.179839 -0.020785  0.0027578 -0.0032515 -0.0044496  -0.0130017   0.0659412 -0.00139921   1.46789 -0.065209  -9.69833 
               214.6 -3.87296  41.5696  163.617 -4.26881 -1.04082  0.85322 0.621533 -0.33658 0.848257 -0.00799333  -0.0253269    0.036842 -0.198882  -0.16966 -0.032138  0.00260516 -0.00320071 -0.00434769  -0.0135837   0.0658677 -0.00129992    1.46778 -0.0652503   -9.69834 
               214.7 -3.92731  41.6773  164.456 -4.29992 -1.05571 0.844499  0.621931 -0.337234  0.849806 -0.00797825  -0.0253594   0.0368911  -0.259847  -0.146377 -0.0559365  0.00265697 -0.00337588 -0.00425184  -0.0143018   0.0658028 -0.00143764   1.46741 -0.065222   -9.6984 
               214.8  -3.623 41.5179 165.174 -4.33933 -1.05925 0.829479  0.622176 -0.337439  0.849484 -0.00795909   -0.025384   0.0368911  -0.309979 -0.0776415 -0.0876453  0.00223637 -0.00329912 -0.00403842  -0.0152604   0.0661708 -0.00147189     1.4671 -0.0649293   -9.69845 
               214.9 -3.89674  41.6501  166.465 -4.36948 -1.06916 0.810725  0.622244 -0.334147  0.850231 -0.00793731  -0.0253331   0.0369167  -0.310517 -0.0719879  -0.109285  0.00228457 -0.00319455 -0.00380121  -0.0161498   0.0660552 -0.00115472    1.46708 -0.0649793   -9.69845 
                 215 -3.3945 41.8857 169.219 -4.39303 -1.08396 0.812401  0.622114 -0.335269  0.850551 -0.00789595  -0.0251828   0.0369608  -0.298951 -0.0687009 -0.0705268  0.00250887 -0.00320561 -0.00422713  -0.0148859   0.0656691 -0.00132647    1.46735 -0.0652773   -9.69841 
               215.1 -2.99839  41.7338  170.861 -4.41269 -1.10459 0.816332  0.622061 -0.334628  0.851677 -0.00782293  -0.0250017   0.0370598  -0.299722  -0.070885 -0.0481479  0.00235818 -0.00320463 -0.00406767  -0.0136729    0.065016 -0.00136007    1.46774 -0.0657514   -9.69835 
               215.2 -2.64645   41.627  172.388 -4.44687 -1.11736 0.811267  0.622455 -0.334683  0.852859 -0.00778768  -0.0250073   0.0370897  -0.365411 -0.0709622 -0.0356387  0.00218167 -0.00344734 -0.00379523  -0.0136912   0.0647191 -0.00143434    1.46766 -0.0659393   -9.69836 
               215.3 -2.54938  41.5808  174.254 -4.47472 -1.12924 0.819318  0.622157 -0.334043  0.852797 -0.00778443  -0.0249214     0.03713   -0.39309 -0.0661268  0.0116734  0.00218342 -0.00365813 -0.00366646  -0.0126618   0.0645051 -0.00143263    1.46806 -0.0661272   -9.69829 
               215.4 -2.15188  40.9929  175.789 -4.49896 -1.14284 0.813639  0.621758 -0.329345  0.853308 -0.00782338  -0.0248811   0.0371799  -0.352822 -0.0924054 -0.0100871  0.00186051 -0.00349024 -0.00340661   -0.0129112    0.0641646 -0.000891846    1.46841 -0.0663251   -9.69824 
               215.5 -2.24567  40.7023  177.627 -4.52322 -1.14227 0.811609  0.619985 -0.328005  0.851044 -0.0078705 -0.0248358  0.0371625  -0.297784  -0.110226 -0.0300066  0.00208857 -0.00336173 -0.00318888   -0.0126849    0.0646143 -0.000599488    1.46873 -0.0659652   -9.69819 
               215.6 -1.71129  40.5566 -179.341 -4.54485 -1.13865 0.809015  0.618475 -0.328161  0.848765 -0.00797875  -0.0247744   0.0370929  -0.251731  -0.100295 -0.0305014  0.00205318 -0.00338997 -0.00349934   -0.0124888     0.065168 -0.000434367    1.46889 -0.0655512   -9.69817 
               215.7 -1.39415  40.4547 -177.184 -4.57605 -1.12618 0.812999  0.616755 -0.332374   0.84518 -0.00813897  -0.0247767   0.0369824   -0.19852 -0.0852882 -0.0136553  0.00182264 -0.00337954 -0.00321165   -0.0119137    0.0662269 -0.000666895    1.46881 -0.0648427   -9.69819 
               215.8 -1.60084  39.9102  -173.91 -4.60152 -1.12599 0.806968  0.61679 -0.33389 0.844572 -0.00822081  -0.0248527   0.0368647 -0.175146  -0.10732 -0.036117  0.00199649 -0.00326469 -0.00309394     -0.01242    0.0668002 -0.000708123    1.46852 -0.0645401   -9.69824 
               215.9 -1.20568   40.031 -170.673 -4.62162 -1.12705 0.801521  0.616758 -0.334669  0.843536 -0.00831511  -0.0248663   0.0367888  -0.152751 -0.0883058 -0.0332495  0.00181862 -0.00331596 -0.00313839   -0.0126002    0.0672963 -0.000677674    1.46841 -0.0642776   -9.69825 
                 216 -0.948052   40.0053  -166.743 -4.64347 -1.13167 0.795042  0.617272 -0.335583  0.843815 -0.00840528  -0.0249996   0.0367364  -0.147335  -0.108717 -0.0450978  0.00188837 -0.00304711 -0.00308008   -0.0131182      0.06768 -0.000768762    1.46813 -0.0641468    -9.6983 
               216.1 -0.953099   39.9791  -163.672 -4.65943 -1.14949 0.796026   0.61665 -0.337567  0.843752 -0.00839778  -0.0250296   0.0367502  -0.147341  -0.151609 -0.0441031  0.00202508 -0.00314522 -0.00300989  -0.0125206   0.0673897 -0.00100955    1.46816 -0.0642462   -9.69829 
               216.2  -0.1098  40.2032 -159.217 -4.67263 -1.14993 0.783812  0.617346 -0.335272  0.842173 -0.00846336  -0.0249236   0.0367085  -0.127241  -0.134405 -0.0414307  0.00195391 -0.00304352 -0.00338831   -0.0130945    0.0682326 -0.000546862    1.46817 -0.0638445   -9.69829 
               216.3 0.0303448   40.2037  -156.381  -4.6841 -1.16782  0.79223  0.616314 -0.338952  0.841548 -0.00850247  -0.0249222     0.03668  -0.115925  -0.181399 -0.0254917   0.0021248 -0.00296957 -0.00319833   -0.0119605    0.0678932 -0.000961866    1.46824 -0.0639298   -9.69828 
               216.4 0.279261  40.6116 -153.845 -4.68142 -1.17556 0.799816   0.61539 -0.340512  0.841522 -0.00851151  -0.0249684   0.0366376   -0.106395   -0.197437 -0.00929997  0.00221188 -0.00317134 -0.00325877  -0.0109849   0.0674518 -0.00115395    1.46846 -0.0640305   -9.69825 
               216.5 0.664141  40.6492 -153.064 -4.70477 -1.21753 0.804061   0.61519 -0.342134  0.841317 -0.00855562  -0.0249419   0.0366169 -0.133924 -0.272444 0.0374032  0.00213193 -0.00317997 -0.00334912 -0.0106505  0.0673866 -0.0013541    1.46843 -0.0640655   -9.69825 
               216.6  1.44018  40.7328 -149.095  -4.7089 -1.24951 0.798081  0.615259 -0.337997  0.842425 -0.00850728  -0.0251051   0.0366219  -0.10806 -0.340543 0.0132446  0.00266233 -0.00322528 -0.00371078    -0.011335    0.0672634 -0.000831135   1.46861 -0.064047  -9.69822 
               216.7  2.33437  40.4064 -147.229 -4.71684 -1.26413 0.794377  0.614643 -0.336429  0.840586 -0.00830724  -0.0252289   0.0368693   -0.103197   -0.341978 -0.00527541  0.00270067 -0.00324675 -0.00391569   -0.0112793    0.0680502 -0.000310868    1.46864 -0.0635104   -9.69822 
               216.8  2.79122  40.2965 -146.288 -4.71261 -1.30503 0.786969  0.614586 -0.332314  0.842279 -0.00836561  -0.0255137   0.0368118 -0.0454807  -0.370753 -0.0108182  0.00252083 -0.00314144 -0.00358511 -0.0116898  0.0677308 0.00020146    1.46895 -0.0635171   -9.69818 
               216.9  3.51175  40.2222 -144.154 -4.72066 -1.33727 0.795078  0.613984 -0.335354  0.840742 -0.00829764  -0.0254381   0.0368878 -0.0193914  -0.367692 0.00269487  0.00256284 -0.00311125 -0.00360846   -0.0108993    0.0679512 -0.000126383    1.46886 -0.0633949   -9.69819 
                 217  4.09891  40.0536 -141.288 -4.72079 -1.36689 0.794764  0.613782 -0.335064  0.840397 -0.00828323  -0.0254332   0.0369044 -0.00826549   -0.345219  -0.0115262  0.00278467 -0.00316681  -0.0040477    -0.010789    0.0680648 -9.89764e-06    1.46889 -0.0632828   -9.69819 
               217.1  4.47944  39.8402 -139.301 -4.72158 -1.38388 0.790962 0.614089 -0.33425 0.840689 -0.00828853  -0.0254356   0.0368976 -0.0150366  -0.331201 -0.0276284  0.00263259 -0.00319609 -0.00395594  -0.0111039   0.0680976 7.26967e-05    1.46887 -0.0633069   -9.69819 
               217.2  4.42184  39.7306 -138.719 -4.71944 -1.43919 0.783049  0.613932 -0.332726  0.841983 -0.00832405  -0.0254661   0.0368934 -0.0383675  -0.294981 -0.0448425  0.00254204 -0.00318326 -0.00375113  -0.0112946   0.0677025 0.000139882    1.46903 -0.0634226   -9.69817 
               217.3  4.92814  39.3094 -135.134 -4.71888 -1.46246 0.790214  0.612865 -0.334903  0.842045 -0.00831472  -0.0254846   0.0369185  -0.0536155   -0.259994 -0.00698001  0.00250593 -0.00290154 -0.00391157   -0.0102238     0.067444 -3.22145e-05     1.4692 -0.0633501   -9.69814 
               217.4  4.79568  39.6284 -133.656 -4.72374 -1.49721 0.792542  0.612616 -0.335177  0.843123 -0.00835142  -0.0255129   0.0369452 -0.0976116  -0.262686 -0.0110249  0.00249977 -0.00299475 -0.00397433   -0.0101547    0.0669899 -0.000241854   1.46931 -0.063539  -9.69812 
               217.5  4.62177  39.7417 -132.102 -4.73217 -1.53256 0.787137  0.612774 -0.333881  0.844232 -0.00840729   -0.025496   0.0369928  -0.144773  -0.284376 -0.0421171  0.00249847 -0.00301494 -0.00396504   -0.0107912    0.0664654 -0.000388214    1.46937 -0.0638447   -9.69811 
               217.6  4.91237  39.8232 -130.533 -4.74921 -1.56305 0.780809  0.612583 -0.333375  0.844379 -0.00840444  -0.0254948   0.0369943   -0.18196      -0.27 -0.0480718  0.00244351  -0.0029165 -0.00402625   -0.0108903    0.0664019 -0.000333996     1.4694 -0.0638432   -9.69811 
               217.7  5.23848  39.6252 -128.767 -4.75658  -1.5828 0.769931  0.610048 -0.330108   0.84591 -0.00838691  -0.0255402   0.0369935  -0.168971  -0.247778 -0.0537238  0.00239576  -0.0026329 -0.00386671  -0.0110756   0.0659662 0.000216634    1.46963 -0.0636172   -9.69807 
             217.799 5.72224 39.2793 -125.25 -4.77802 -1.60279 0.774002  0.61024 -0.33191 0.845846 -0.00842131  -0.0254839   0.0369788 -0.212024 -0.263699 0.0246272  0.00274063 -0.00275561 -0.00435299   -0.010345   0.0663406 0.000188853    1.46959 -0.0634357   -9.69808 
               217.9  5.73562   39.275 -122.898 -4.79413 -1.62845 0.782006  0.609692 -0.332004  0.847219 -0.00839929   -0.025462   0.0370004 -0.229142 -0.290057 0.0574522  0.00263892 -0.00320616 -0.00430087 -0.00996443   0.0661044 0.000147734    1.46974 -0.0633998   -9.69806 
                 218  5.83381  38.9357 -121.098 -4.81151 -1.64465 0.780869  0.606701 -0.328691  0.848299 -0.00839996  -0.0253937   0.0370261  -0.20374 -0.253023 0.0252351  0.00238742 -0.00342852 -0.00416879 -0.00993967   0.0659598 0.000858873    1.46989 -0.0629528   -9.69804 
               218.1  5.78992  37.7473 -119.372 -4.82483 -1.65615 0.781289  0.604736 -0.327113  0.849562 -0.00844042  -0.0253972   0.0371312    -0.1757  -0.214298 -0.0148814  0.00206934 -0.00327249 -0.00387333 -0.00947539   0.0659328  0.00127463    1.47002 -0.0625652   -9.69802 
             218.199  4.69017  37.7942 -118.027 -4.83827 -1.69846 0.780697  0.606284 -0.327496  0.850379 -0.00848304  -0.0254061   0.0371369  -0.139175  -0.271244 -0.0220292  0.00222862 -0.00362437 -0.00352159  -0.0100809    0.065424 0.000744841    1.47013 -0.0630755     -9.698 
               218.3   4.3708  36.9059 -116.164 -4.86621 -1.71918 0.774742  0.608178 -0.329558   0.84639 -0.00843194  -0.0253457   0.0370274  -0.117516   -0.28016 -0.0301847  0.00237575 -0.00321486 -0.00335974  -0.0102296   0.0664666 0.000743788    1.46966 -0.0630732   -9.69807 
               218.4  4.99485  35.8013 -113.947 -4.87036 -1.74644 0.781385  0.607443 -0.330953  0.847652 -0.00839597  -0.0253509   0.0371003   -0.0486475    -0.250975 -0.000129639   0.0021545  -0.0026643 -0.00349961 -0.00942836   0.0662045 0.000589859    1.46982 -0.0629854   -9.69805 
               218.5  4.90247  36.2508 -111.786 -4.87213 -1.78141 0.781274 0.608122 -0.33076 0.847812 -0.00842477  -0.0253541   0.0371016 0.00223536  -0.267661     0.0011  0.00219824 -0.00277638 -0.00333843 -0.00997422    0.065985 0.000266982    1.46985 -0.0632866   -9.69804 
               218.6  4.77731  36.2426 -109.755  -4.8718 -1.81018 0.787209  0.608243 -0.332755  0.847313 -0.00844637  -0.0253457   0.0370882  0.0440999  -0.292019 0.00214082  0.00253064 -0.00293223 -0.00364291 -0.00943017   0.0660939 0.000103577    1.46981 -0.0632705   -9.69805 
             218.699  4.89533   35.845 -107.935 -4.87703  -1.8313 0.785149  0.609481 -0.333608  0.845234 -0.00843109   -0.025319   0.0371186   0.0486296   -0.290587 -0.00416608  0.00278235 -0.00283269 -0.00424853 -0.00922855   0.0668742 0.000299783    1.46954 -0.0631293   -9.69809 
               218.8  4.93605  35.8989 -107.093 -4.87038  -1.8526 0.782475  0.609173 -0.332707  0.845518 -0.00838306  -0.0253977   0.0371231 0.0624461 -0.310982  0.016155  0.00303072 -0.00285399 -0.00452136 -0.00906751   0.0669979 0.000652793    1.46953 -0.0628994   -9.69809 
             218.899  4.68296  36.2028 -107.556 -4.86887 -1.87787  0.78219   0.60987 -0.332192  0.844703 -0.00826432  -0.0254775   0.0371866 0.0655796 -0.329397 0.0421559  0.00325609 -0.00307594 -0.00458399 -0.00904019   0.0674933 0.000945902    1.46937 -0.0627352   -9.69812 
                 219  5.07912  35.6755 -107.673 -4.85885 -1.91231 0.787012  0.609415 -0.332206  0.845293 -0.00829994  -0.0255169   0.0371551 0.0785434   -0.3603 0.0275641  0.00333065 -0.00291418  -0.0049022 -0.00891623   0.0673135 0.000946166   1.46945 -0.062703  -9.69811 
               219.1   5.0362  35.8579 -108.043 -4.84725 -1.93992 0.782152 0.608757 -0.32977 0.846668 -0.00826501  -0.0257619   0.0371582  0.0812273  -0.364526 0.00887972   0.0034304 -0.00321275 -0.00480045 -0.00902358   0.0673139  0.00150472    1.46948 -0.0624086    -9.6981 
               219.2  5.36071  35.7917 -108.294 -4.82625 -1.97462 0.787062   0.60733 -0.329318  0.849031 -0.0084264 -0.0258595  0.0370074  0.124822   -0.3376 0.0256126  0.00328288 -0.00294389 -0.00449132 -0.00876795   0.0665848   0.0014738    1.46978 -0.0623316   -9.69806 
               219.3  5.64164   35.606 -108.185 -4.82138 -1.98772 0.795933  0.607154 -0.331427  0.848396 -0.00828252  -0.0260449   0.0371793  0.142265 -0.287075 0.0273569  0.00339443 -0.00267633 -0.00439118 -0.00741551   0.0673977  0.00176181    1.46951 -0.0618736    -9.6981 
             219.399  5.78844  36.2783 -107.604 -4.80958 -2.00354 0.796611  0.606378 -0.331119  0.848961 -0.00822656  -0.0261088   0.0371741  0.140186 -0.278436 0.0038386  0.00345624 -0.00317935 -0.00438713 -0.00695024   0.0675792  0.00213933   1.46944 -0.061568  -9.69811 
               219.5  6.59681  35.6735 -106.961 -4.79317 -2.01765 0.793602 0.604951 -0.32998 0.850387 -0.00822662  -0.0261508   0.0371916    0.11757  -0.232499 0.00106913  0.00296235 -0.00284025 -0.00414909 -0.00653827   0.0675328  0.00267564    1.46946 -0.0611878   -9.69811 
               219.6 6.76517 36.1876 -106.14 -4.79333 -2.02784 0.793879  0.606041 -0.330228  0.849416 -0.00823879  -0.0261791   0.0372149  0.111173 -0.258381  0.001524  0.00286274 -0.00303829 -0.00381997 -0.00698818   0.0675775  0.00235992    1.46945 -0.0614549   -9.69811 
             219.699  6.53667  36.1446 -106.909 -4.77498 -2.07568 0.793395  0.605632 -0.330042   0.84972 -0.00822287  -0.0261737   0.0372117   0.0914914   -0.281981 -0.00560181  0.00271084 -0.00296619 -0.00341707 -0.0068441  0.0675911 0.00251757    1.46944 -0.0613441   -9.69812 
             219.799  7.08265  36.5446 -103.679 -4.75892 -2.13154 0.790523 0.607299 -0.32861 0.849078 -0.00812718  -0.0264422   0.0373757   0.0753501   -0.337767 -0.00771171  0.00268757 -0.00279986 -0.00374597 -0.00847252   0.0668852  0.00167983    1.46972 -0.0620753   -9.69807 
               219.9  6.94703  37.1735 -102.691 -4.74318 -2.18784 0.775815  0.607469 -0.324524  0.848952 -0.00801595  -0.0265614   0.0375719  0.0618164  -0.372894 -0.0268495  0.00239278 -0.00288993 -0.00322058 -0.0103549  0.0662125 0.00159491  1.46993 -0.06249 -9.69804 
                 220  7.43924   36.143 -98.6976 -4.74078 -2.19375 0.780415  0.605289 -0.326675  0.850496 -0.0082006 -0.0259469  0.0375078  0.0685437  -0.302883 -0.0095167  0.00279077 -0.00258384  -0.0038044 -0.00844715   0.0665308  0.00221041    1.46978 -0.0617972   -9.69806 
               220.1 7.39097  36.214 -96.123 -4.75641 -2.21377 0.782198  0.607031 -0.329284  0.847511 -0.00856255  -0.0257968   0.0372004 0.0243542 -0.341952 0.0401625  0.00269402 -0.00312392 -0.00365985 -0.0075849  0.0679331 0.00259605    1.46927 -0.0615692   -9.69814 
             220.199  7.55632  36.5429 -92.8433 -4.76403 -2.22266 0.784239  0.607089 -0.330273  0.846469 -0.00873613  -0.0255996   0.0370642 0.00618829  -0.347647   0.037629  0.00223836 -0.00368989 -0.00340581 -0.00697464   0.0684842  0.00293136    1.46903 -0.0613397   -9.69818 
             220.299  7.33181  35.7774 -91.7827 -4.76118 -2.27121 0.791284  0.60712 -0.33033  0.84699  -0.008708 -0.0255946  0.0370901 0.00032066  -0.307536   0.041711  0.00194776 -0.00334027 -0.00289613 -0.00690427   0.0684195  0.00288658    1.46908 -0.0613301   -9.69817 
             220.399  6.61319  34.8471 -86.1743 -4.76285 -2.29795 0.786106  0.607127 -0.328587  0.846613 -0.00875219   -0.025556   0.0370435 -0.00754892   -0.294995 0.000353648  0.00199631 -0.00339584 -0.00301951 -0.00742032   0.0685034  0.00313376    1.46903 -0.0613248   -9.69818 
               220.5  5.85595  33.9241 -84.0858 -4.77684 -2.30269 0.792663 0.606404 -0.33123 0.846195 -0.00886673  -0.0252588   0.0370797 -0.0418779  -0.219975  0.0176731  0.00200024 -0.00340369 -0.00286093 -0.00563249   0.0691277  0.00368946    1.46869 -0.0607741   -9.69823 
             220.599  5.22734   32.384 -81.1215  -4.7882 -2.32015 0.796316  0.607296 -0.332913  0.844613 -0.0089025 -0.0251976  0.0370582 -0.0201351  -0.228447 0.00429883  0.00218421 -0.00318065 -0.00291782 -0.00508049   0.0696478  0.00376829    1.46848 -0.0607252   -9.69827 
             220.699 3.78528 31.4757  -79.11 -4.80016 -2.34198 0.804642  0.609413 -0.336786  0.841626 -0.00885671  -0.0251634   0.0370093   0.0344977   -0.240394 -0.00219658  0.00283097 -0.00318779 -0.00290153 -0.00403807   0.0705531  0.00366557    1.46816 -0.0607595   -9.69831 
             220.799  3.70284  31.6094 -76.9944 -4.79585  -2.3584 0.813855  0.609039 -0.339307  0.842326 -0.00881745  -0.0252316   0.0370519 0.0982075 -0.233032 0.0275349  0.00273102 -0.00327763 -0.00290082 -0.00297708   0.0706274   0.0036909   1.46809 -0.060562  -9.69833 
             220.899  4.49098  31.1621 -73.9794 -4.78094 -2.37878 0.821826  0.608375 -0.340141   0.84315 -0.00881848  -0.0252483   0.0370314  0.147925 -0.206703 0.0527959  0.00247681 -0.00280258 -0.00299985 -0.00268446   0.0703812  0.00357947    1.46816 -0.0605114   -9.69832 
             220.999  4.06904  30.1111 -70.3605  -4.7698 -2.38295 0.814643  0.607937 -0.337633  0.844208 -0.00877537  -0.0252421   0.0370944  0.180834 -0.145564 0.0381696  0.00303329   -0.002223 -0.00353733 -0.00285741   0.0705036  0.00432122     1.468 -0.060221  -9.69834 
               221.1  3.88325  30.6689 -68.6107 -4.74016 -2.40374 0.816432  0.607499 -0.336484  0.844904 -0.00879477   -0.025269   0.0370863  0.256927 -0.152017 0.0281127  0.00302552 -0.00271194    -0.00352 -0.0033618  0.0701862 0.00423308    1.46815 -0.0602741   -9.69832 
             221.199  3.76259  30.7267 -66.5766 -4.73909  -2.4138 0.828746  0.60937 -0.34038 0.841795 -0.00880273  -0.0251411   0.0371626  0.260638 -0.166465 0.0461321  0.00322831 -0.00320152 -0.00355387 -0.00232216     0.07101  0.00389158    1.46789 -0.0604559   -9.69836 
             221.299  3.43556  30.2739 -65.8058 -4.71508 -2.43325 0.835482   0.60984 -0.340742  0.840949 -0.0088088 -0.0251007  0.0371769  0.306246 -0.218526 0.0992644  0.00349877 -0.00321091  -0.0037273 -0.00234499   0.0711656  0.00378414    1.46787 -0.0605516   -9.69836 
             221.399  3.08943  29.4211 -64.9849 -4.68806 -2.45246 0.848525  0.609921 -0.341648  0.840575 -0.00879562  -0.0250943   0.0371888  0.356436 -0.239321  0.121289   0.0038013 -0.00329432 -0.00387425 -0.00207992   0.0712255  0.00367195   1.46785 -0.060569  -9.69836 
             221.499  3.04982  28.6071 -64.8035 -4.62287 -2.49235 0.866385  0.609337 -0.341244  0.842142 -0.00884915  -0.0252478   0.0371906  0.367591 -0.281798  0.110933  0.00379538  -0.0034052 -0.00392631 -0.00186234   0.0710569  0.00394872    1.46782 -0.0603552   -9.69837 
             221.599  2.27293   28.108 -63.8629 -4.57934 -2.52539  0.86594  0.609533 -0.339268  0.841968 -0.00887469   -0.025162   0.0371695  0.394247 -0.289571  0.064653  0.00411596 -0.00316084 -0.00365846 -0.00270354   0.0710319   0.0042157    1.46787 -0.0604313   -9.69836 
             221.699   2.4725  27.7815 -63.0526  -4.5587 -2.55236  0.86494   0.61083 -0.338684  0.840448 -0.00870721  -0.0252096   0.0373094  0.334136 -0.284187 0.0650544  0.00414573 -0.00295305 -0.00376846 -0.00269719   0.0718725  0.00462845    1.46753 -0.0605318   -9.69841 
             221.799 2.67335 27.7991  -62.17 -4.52527 -2.57265 0.878392  0.610065 -0.339808  0.842757 -0.00869847  -0.0253467   0.0372788  0.305259 -0.279132 0.0614596  0.00398768 -0.00267459 -0.00380822 -0.00173819   0.0717958  0.00476933     1.4674 -0.0602277   -9.69843 
             221.899  2.73424  28.6278 -61.1413  -4.5117  -2.5841 0.886063  0.609577 -0.340892  0.845099 -0.00860889  -0.0254889   0.0372353  0.296445 -0.294412  0.061449  0.00408035 -0.00306615  -0.0036521 -0.000562057    0.0722068   0.00523977    1.46701 -0.0599252   -9.69849 
             221.999    3.38 28.7824 -59.744 -4.48594 -2.60487 0.887968  0.608031 -0.340588  0.847145 -0.00853197  -0.0255318   0.0371754  0.299755 -0.292937 0.0620658  0.00399388 -0.00294196 -0.00388688 -0.00022189   0.0720186  0.00572175    1.46686 -0.0596656   -9.69852 
             222.099 3.80988 28.7518  -58.51 -4.47438 -2.62446 0.879992  0.606385 -0.340046  0.849071 -0.00844657  -0.0255935   0.0371606  0.278131 -0.287847 0.0360045  0.00393187  -0.0028266 -0.00387096 0.000423374   0.0724927  0.00688752     1.4663 -0.0593894    -9.6986 
             222.199  4.24124  28.4895 -57.5026 -4.45591 -2.65057 0.862518  0.603701 -0.337739  0.849059 -0.00837779  -0.0256826   0.0371888  0.274874 -0.313091   0.04528  0.00345281 -0.00293908 -0.00346981 -8.39986e-05    0.0723113   0.00803425    1.46603 -0.0592526   -9.69865 
             222.299  4.24029  27.6014 -55.9896 -4.45859 -2.68254   0.8526  0.604944 -0.337677  0.846789 -0.00848898  -0.0256827   0.0371964  0.246387 -0.341107 0.0213571  0.00312205 -0.00281786 -0.00322887 0.000289573   0.0737316  0.00890903    1.46539 -0.0594515   -9.69874 
             222.399 3.76544 27.1554  -54.51 -4.45367 -2.70871 0.865984  0.606494 -0.340299    0.8485 -0.00858494  -0.0255678   0.0371825  0.240357 -0.334836 0.0630691  0.00306164  -0.0031075 -0.00292228 0.00209224  0.0748782 0.00907539    1.46483 -0.0593238   -9.69883 
               222.5 3.45802 26.8065   -51.4 -4.44262   -2.748 0.873675   0.60778 -0.341387  0.847434 -0.00873859  -0.0254814   0.0370628  0.204901  -0.34009 0.0469449  0.00306484 -0.00309434 -0.00350341 0.00269654  0.0757134 0.00917116   1.46453 -0.059456  -9.69887 
             222.599  2.98109  25.2064 -49.0799 -4.43994 -2.78091 0.871372  0.608098 -0.341624  0.846649 -0.00892138  -0.0253127   0.0369971  0.173766 -0.326208 0.0260948  0.00302931 -0.00248071 -0.00376212 0.00317875   0.076411 0.00972351    1.46412 -0.0595033   -9.69893 
             222.699  1.86174  26.0051 -48.2661 -4.43599 -2.80156  0.87252 0.607893 -0.34223 0.847651 -0.00891468  -0.0252039   0.0369288  0.195397 -0.287813 0.0196905  0.00343692 -0.00299323 -0.00366439 0.0040778 0.0768179 0.0102501    1.46373 -0.0593435   -9.69899 
               222.8  1.38289  25.1505 -47.5551 -4.42801 -2.83001  0.87206  0.608733 -0.342854  0.846936 -0.00890477  -0.0251817   0.0368856  0.231474 -0.252481  0.010208  0.00367841 -0.00243733 -0.00374514 0.00472866  0.0775621  0.0106049  1.46335  -0.0594 -9.69905 
             222.899  1.65647  25.4089 -46.6444 -4.40614 -2.85621 0.877923  0.609485 -0.343574   0.84624 -0.00888911  -0.0251866   0.0368908  0.286421 -0.221147 0.0249625   0.0035843 -0.00250588 -0.00379343 0.00500539  0.0778825  0.0104206    1.46329 -0.0594926   -9.69906 
                 223 1.95527 25.5259 -46.222 -4.38713  -2.8705 0.886323  0.610145 -0.345032  0.846615 -0.00883062  -0.0252924    0.036895  0.323017 -0.159693 0.0292715  0.00360941 -0.00235316  -0.0036878 0.00606525  0.0783651  0.0105449   1.46297 -0.059422  -9.69911 
               223.1   1.9556  25.4079 -45.7504 -4.36387 -2.88922 0.889267  0.611446 -0.345616  0.845262 -0.00874202  -0.0253331   0.0369581  0.359237 -0.150541  0.023069  0.00384482 -0.00240827  -0.0038736 0.00649486   0.079064  0.0106211    1.46274 -0.0595741   -9.69914 
             223.199  2.25103  25.7983 -45.4879 -4.34721 -2.91397 0.891615 0.614173 -0.34613 0.842636 -0.00854374  -0.0254337   0.0370957  0.378899 -0.172127 0.0804728  0.00412897 -0.00282906 -0.00414751 0.00712131  0.0804491  0.0109604    1.46227 -0.0598743   -9.69921 
             223.299  2.54136  26.3804 -45.4484 -4.32899 -2.93093 0.898504  0.616132 -0.346677  0.841504 -0.00838315  -0.0256066   0.0371837  0.387885 -0.168176  0.103257  0.00460935   -0.003185 -0.00461569 0.00792133  0.0814441  0.0114239    1.46181 -0.0599757   -9.69928 
               223.4  3.14013  26.0593 -45.8663 -4.30478 -2.94838 0.906508  0.617495 -0.347149  0.840458 -0.00824378  -0.0257806   0.0372867  0.368855 -0.168969 0.0761651  0.00458008 -0.00308531 -0.00486924 0.00866591  0.0822255  0.0117885    1.46142 -0.0600509   -9.69934 
             223.499  3.39256  26.3569 -47.0407 -4.28061 -2.95648 0.919632  0.617503 -0.348468   0.84092 -0.00820944  -0.0260042   0.0372713  0.343312 -0.169758 0.0787559  0.00445195 -0.00307895 -0.00449682 0.00979516  0.0823546  0.0119031   1.46113 -0.059888  -9.69938 
               223.6  4.25948  26.0198 -47.8485  -4.2459 -2.95443 0.926272  0.616089 -0.348789   0.84448 -0.00839351   -0.026195   0.0370979  0.351551 -0.136999 0.0855257  0.00410286 -0.00260496 -0.00427784 0.0103073 0.0815255 0.0122464     1.4611 -0.0593994   -9.69939 
               223.7  4.12574   26.113 -48.3301 -4.20959 -2.96062 0.933489  0.615841 -0.348848  0.846078 -0.00842951  -0.0263105   0.0370774  0.319408 -0.110744 0.0718088  0.00426184   -0.002332 -0.00448671 0.0107252 0.0813725 0.0126271    1.46095 -0.0591742   -9.69941 
             223.799  4.52508  26.4278 -49.0945 -4.17901 -2.96849 0.927666   0.61595 -0.347489  0.847313 -0.00843133  -0.0263656   0.0370698  0.297851 -0.121676 0.0397718  0.00388273 -0.00218654 -0.00432661 0.0104236 0.0813266 0.0132438    1.46085 -0.0590455   -9.69943 
             223.899  4.20913   26.516 -49.3648   -4.151 -2.98108 0.928936  0.615964 -0.347123  0.847203 -0.00842869  -0.0263578    0.037074  0.286979 -0.134994 0.0253873  0.00385776 -0.00203201 -0.00422293 0.0101985 0.0813005 0.0132512     1.4609 -0.0590696   -9.69942 
                 224  3.77942  26.8581 -49.5909  -4.1257 -3.00293  0.92404  0.616922 -0.346208  0.845883 -0.00840975  -0.0263489     0.03706   0.26554 -0.176391 0.0112783  0.00382796 -0.00207585 -0.00401886 0.00978212  0.0817125  0.0134348    1.46086 -0.0592437   -9.69943 
               224.1  3.40411  27.2976 -49.0091 -4.09778 -3.03412 0.917349  0.618034 -0.344518  0.843809 -0.00840389  -0.0263855   0.0370609  0.287095 -0.241144 0.0567875    0.003835 -0.00231548 -0.00381675 0.00888063  0.0821199  0.0135783    1.46091 -0.0595065   -9.69942 
             224.199  3.27343  27.5396 -48.6165 -4.07391  -3.0584 0.925004  0.618378 -0.344993  0.843752 -0.00843929  -0.0263433   0.0370191  0.305171 -0.249277 0.0761535  0.00366753 -0.00246646 -0.00361931 0.0092442 0.0823705 0.0137009    1.46077 -0.0595111   -9.69944 
             224.299  3.29061  27.2598 -48.1043 -4.04992 -3.08037 0.932273  0.618481 -0.345372  0.844114 -0.00847228   -0.026283   0.0369974  0.304161 -0.237909 0.0696481  0.00354261 -0.00248999 -0.00358662 0.00966661  0.0825656   0.013881    1.46061 -0.0594699   -9.69946 
             224.399 2.99372 27.0568 -47.587 -4.05883 -3.09238 0.936273 0.620698 -0.34682  0.84124 -0.00859931  -0.0262794   0.0369012  0.275492 -0.256954 0.0780858  0.00352474 -0.00255898 -0.00348596 0.0102803 0.0836929 0.0137899    1.46033 -0.0598005    -9.6995 
               224.5  2.8801 26.6932 -47.296 -4.01726  -3.1433 0.956813  0.622663 -0.348749  0.839036 -0.00870678  -0.0262753   0.0368295  0.304447 -0.186064 0.0576516  0.00363551 -0.00237864  -0.0036313 0.0110573 0.0846311  0.013546    1.46011 -0.0600586   -9.69953 
               224.6  2.95793  27.1088 -46.2896  -4.0014 -3.18287 0.955335   0.62583 -0.348554  0.833688 -0.00881046  -0.0263259   0.0367638  0.312616 -0.218415 0.0510933  0.00355443 -0.00263349 -0.00425252 0.0107256 0.0860701 0.0135796    1.45992 -0.0606476   -9.69956 
               224.7 2.22961 27.4213 -46.911 -3.98455 -3.21366 0.957612  0.62837 -0.34866 0.830033 -0.00880112  -0.0263422   0.0367348  0.314365 -0.191712 0.0562716  0.00371255 -0.00245263 -0.00407384 0.0107654 0.0872118 0.0136578     1.4597 -0.0610353   -9.69959 
               224.8  2.22625  27.4863 -47.1944 -3.99308 -3.22868 0.949953   0.63121 -0.347803  0.826095 -0.0087427 -0.0263626  0.0367585  0.279712 -0.207009 0.0390546  0.00373319 -0.00213825 -0.00415691 0.0105492   0.08846 0.0139689   1.45944 -0.061442  -9.69963 
             224.899 1.96701  27.833 -47.076 -3.94155  -3.2748 0.956683 0.633293  -0.3485 0.823077 -0.0087166  -0.026378  0.0367483  0.356674 -0.152393 0.0208479  0.00393402 -0.00231092 -0.00424195 0.0107434 0.0893424 0.0138574    1.45929 -0.0617549   -9.69965 
             224.999  2.09294  28.0568 -48.0527 -3.91802 -3.29924 0.960473  0.635853 -0.348858  0.819441 -0.0086299 -0.0263796  0.0368254  0.375092 -0.147216  0.066255   0.0040629 -0.00215719 -0.00420228 0.0108076 0.0903492  0.013769    1.45914 -0.0621196   -9.69967 
               225.1 2.46811 28.2081 -48.072 -3.88119 -3.32492 0.978899  0.637363 -0.350869  0.816152 -0.00859104  -0.0263513   0.0368972 0.421089 -0.14675 0.108848  0.00428733 -0.00241955 -0.00438403 0.0113003 0.0910182  0.013364    1.45908 -0.0624192   -9.69967 
               225.2  2.39062  27.5798 -48.7153 -3.84725 -3.33243   0.9935  0.637922 -0.352011  0.815955 -0.00860365  -0.0264278   0.0369607  0.433269 -0.128314  0.134906  0.00474999 -0.00251262 -0.00459355 0.0121768 0.0912634 0.0136669    1.45881 -0.0623209   -9.69971 
               225.3   2.7528  28.2171 -49.5653 -3.80228 -3.32669  1.00722  0.636151 -0.352359  0.819643 -0.0086724 -0.0265188  0.0368701   0.422088 -0.0853147   0.106733  0.00453172 -0.00283391 -0.00444203 0.0127582 0.0905248 0.0139636    1.45876 -0.0618889   -9.69973 
             225.399  2.08645  28.6339 -51.2751 -3.75792 -3.34505  1.00985  0.637336 -0.350655  0.818235 -0.0086192 -0.0264387  0.0369042  0.450798 -0.115849  0.099668  0.00473356 -0.00299647 -0.00384552 0.0119642 0.0909085 0.0140109     1.4588 -0.0621007   -9.69972 
               225.5  1.86482  28.1951 -51.5447 -3.72555 -3.34819  1.01682  0.637825 -0.350749  0.818686 -0.00861461  -0.0264923   0.0369176  0.423436 -0.090435 0.0855835  0.00477849 -0.00251114 -0.00409229 0.0125822 0.0911643 0.0144612   1.45853 -0.061978  -9.69976 
             225.599  2.16178  28.1598 -52.1675  -3.6934 -3.36848  1.00583  0.639999 -0.347765   0.81675 -0.00858959   -0.026496   0.0369242  0.410925 -0.136753 0.0302798  0.00443934 -0.00242413 -0.00394435 0.0116951 0.0919374  0.014956    1.45839 -0.0622094   -9.69978 
             225.699 1.37075 28.8777 -52.883 -3.66018 -3.39141  1.00286  0.641491 -0.346964  0.814921 -0.00856074  -0.0264893    0.036908  0.392471  -0.17807 0.0278387  0.00446077 -0.00272995 -0.00378893 0.0114963 0.0925349 0.0151498    1.45826 -0.0623879    -9.6998 
             225.799 1.93581 29.9946 -52.838 -3.61811 -3.41584 0.996638  0.641612 -0.344952  0.814389 -0.00853231  -0.0265083   0.0369631  0.402603 -0.222492 0.0226018  0.00406989 -0.00319355 -0.00382891 0.0107001 0.0925046 0.0152942    1.45833 -0.0624565   -9.69979 
             225.899  1.7182 28.8108 -52.388 -3.60041 -3.44417 0.996587  0.644281 -0.344778  0.810876 -0.00859739  -0.0265587   0.0369231  0.402554 -0.284678 0.0580786  0.00419042 -0.00286864 -0.00411334 0.0104231 0.0934271  0.015186    1.45826 -0.0628188   -9.69979 
                 226  1.66219  28.9032 -52.3449 -3.54806 -3.49237  1.00671 0.645322 -0.34493 0.809922 -0.00866277  -0.0265246   0.0369004  0.447681 -0.316601   0.10683  0.00412515 -0.00319921 -0.00399061  0.010677 0.0939833 0.0154139    1.45807 -0.0629097   -9.69982 
             226.099  1.60545  28.5276 -51.9878 -3.52424 -3.52136  1.01067  0.646138 -0.344913  0.808993 -0.00877996  -0.0264551   0.0368777  0.425525 -0.280191 0.0797406   0.0039855 -0.00336911 -0.00385841 0.0111092 0.0947439 0.0158789    1.45773 -0.0629971   -9.69987 
             226.199  1.48523  27.7894 -52.0405 -3.51026 -3.54104  1.00455  0.646061 -0.344616  0.809487 -0.00897233  -0.0263286   0.0369354    0.425368   -0.255328 0.000479585  0.00375172 -0.00330929 -0.00353459 0.0121238 0.0956808 0.0169143    1.45708 -0.0629249   -9.69997 
             226.299  1.03228  27.6513 -51.6722 -3.50814 -3.55926   1.0041  0.648366 -0.345104  0.806299 -0.0090411 -0.0263525  0.0368672    0.427159   -0.281661 -0.00228306  0.00377994 -0.00340842 -0.00339882 0.0122044 0.0966675 0.0168818    1.45691 -0.0632461   -9.69999 
             226.399 0.659078  26.9297 -51.5659 -3.48491 -3.57901  1.00845  0.649624 -0.346638  0.806371 -0.00911683  -0.0262843   0.0368957  0.434445 -0.222047 0.0286478  0.00396147 -0.00282409 -0.00337758 0.0132491 0.0974391 0.0170935    1.45657 -0.0632501   -9.70005 
               226.5 0.787934  27.3947 -51.1881 -3.41446  -3.6117  1.02263   0.65141 -0.348207  0.805355 -0.00916617  -0.0262733   0.0368608  0.513844 -0.129169 0.0409423  0.00386896 -0.00250379 -0.00329897 0.0139437 0.0981979 0.0169839    1.45639 -0.0633769   -9.70007 
             226.601 -0.128413   28.1894  -51.0621 -3.37285 -3.62386  1.02781  0.653694 -0.349835  0.803781 -0.00917427  -0.0262648   0.0367157   0.568799 -0.0665869  0.0331535  0.00422789 -0.00283335 -0.00301299 0.0151564 0.0994583 0.0174472    1.45588 -0.0634819   -9.70015 
             226.699 -0.423686   27.7681  -50.1807 -3.32603 -3.64256  1.03955  0.655717 -0.350878  0.801094 -0.0092126  -0.026316  0.0366968   0.634067 -0.0614106  0.0797526  0.00459193 -0.00258714 -0.00321447 0.0151485  0.100156 0.0169421    1.45591 -0.0638028   -9.70014 
               226.8 -0.25463  27.9144 -50.5327  -3.2707 -3.65447  1.04797  0.657688 -0.351106  0.799059 -0.00919138  -0.0263501   0.0366787   0.671109 -0.0456169   0.136724  0.00450589 -0.00282693 -0.00302315 0.0154332  0.101035 0.0171694    1.45567 -0.0639842   -9.70018 
               226.9 -0.95224  28.1486 -51.1829 -3.21535 -3.65833   1.0617  0.659322 -0.351594  0.797529 -0.00911109  -0.0264365   0.0366387   0.693713 -0.0278857   0.137332  0.00470732 -0.00302716  -0.0026327 0.0161298  0.101871 0.0176147     1.4553 -0.0640512   -9.70023 
             226.999 0.820877  27.9881  -50.058 -3.17298 -3.66733  1.06879  0.661103 -0.351908  0.795186 -0.00912681  -0.0264795   0.0367477   0.677189 -0.0264306   0.102801  0.00436868 -0.00314158 -0.00274822 0.0167062  0.102832  0.017997    1.45494 -0.0642071   -9.70028 
             227.099 0.889695  28.0784  -49.303 -3.15198 -3.68207  1.05631  0.664403 -0.350046   0.79147 -0.0092188 -0.0265277  0.0369191   0.608736 -0.0209974  0.0825248  0.00473228 -0.00286008 -0.00285685 0.0167067  0.104512 0.0189925    1.45438 -0.0645387   -9.70037 
               227.2  2.14612  27.9963 -48.3157 -3.13152  -3.7031  1.04693  0.667807 -0.349137  0.787473 -0.00931648  -0.0265543   0.0370878   0.518437 -0.0748643  0.0511672  0.00422609 -0.00265125 -0.00323146 0.0170384  0.106255 0.0198617     1.4538 -0.0648814   -9.70045 
               227.3  2.87651  28.5443 -47.7589 -3.11694 -3.70636  1.03721  0.669228 -0.348969  0.787177 -0.00932625  -0.0265813   0.0370977   0.438598 -0.0886392 0.00460463  0.00377191 -0.00251663 -0.00345686 0.0180649  0.107184 0.0208816     1.4532 -0.0648096   -9.70054 
               227.4   1.8972  28.9612 -48.0779 -3.11946 -3.70584  1.04458 0.669796 -0.35065 0.786723 -0.00932977  -0.0265811   0.0370584  0.421823 -0.069907 0.0155389  0.00413117 -0.00209227 -0.00315154 0.0189399  0.107569  0.020871    1.45302 -0.0648149   -9.70057 
             227.499  1.82761  29.1208 -48.1241 -3.0667 -3.7196 1.05066  0.671013 -0.351473  0.785515 -0.00930269  -0.0265925   0.0370074   0.363212 -0.0431167  0.0521747  0.00413657 -0.00209846 -0.00311099 0.0195147  0.108227 0.0210328    1.45278 -0.0649115    -9.7006 
             227.601 0.939394  30.5501 -48.5534 -3.03203  -3.7441  1.06686  0.674179 -0.353095  0.781683 -0.0092603  -0.026624  0.0369121   0.403987 -0.0702801  0.0888793  0.00419603 -0.00246753 -0.00275944 0.0199896  0.109471  0.020758    1.45261 -0.0652931   -9.70063 
             227.699  1.72913  31.0311 -46.6693 -3.02093 -3.79166  1.06998    0.6795 -0.352466  0.774238 -0.00925874  -0.0266681   0.0368478   0.36957 -0.172041  0.135097  0.00381515 -0.00307189 -0.00327613 0.0193813  0.111328 0.0205998    1.45249 -0.0660092   -9.70064 
             227.801 0.640724  30.6049 -47.1056 -2.98693 -3.82873  1.07282  0.681754 -0.350672  0.770406 -0.00922544  -0.0266625   0.0368008 0.393695 -0.17112 0.114326  0.00386728 -0.00292104 -0.00273125 0.0186406  0.112142 0.0207821    1.45241 -0.0663515   -9.70065 
               227.9 -0.234495   30.3003   -46.917 -2.97052 -3.87438  1.07277   0.68578 -0.349633  0.763159 -0.00916318  -0.0266776   0.0366517  0.393254 -0.200629   0.08626  0.00397383 -0.00296808  -0.0025553 0.0178526  0.113513 0.0206758    1.45236 -0.0669714   -9.70065 
                 228 0.712285  30.2317  -45.479 -2.98735 -3.89875  1.06415  0.689237 -0.348805  0.757884 -0.00924501   -0.026661    0.036631  0.329723  -0.24329 0.0633865   0.0035938  -0.0030067 -0.00327988 0.0177977  0.114872 0.0210261    1.45207 -0.0673814   -9.70069 
             228.099 0.184303  30.0432 -45.4652 -2.94604  -3.9577  1.07789  0.692548 -0.350536  0.753138 -0.00928041  -0.0266801   0.0365724  0.336525 -0.199517 0.0530657  0.00384787 -0.00290851 -0.00328737  0.018274  0.116038 0.0208681     1.4519 -0.0677621   -9.70071 
               228.2  -0.1425  29.7034 -45.2031 -2.92746 -3.98331  1.08205   0.69476 -0.351076  0.750796 -0.00929603  -0.0266966   0.0366032  0.339032 -0.158911 0.0679255   0.0038516 -0.00275164 -0.00336235  0.018833   0.11688 0.0211948    1.45162 -0.0679063   -9.70076 
               228.3 -0.65878  29.5452 -45.1129 -2.90837 -4.00747  1.07558  0.697204 -0.349317   0.74766 -0.00929922   -0.026704   0.0365962  0.393554 -0.137427 0.0336635  0.00423922 -0.00262457 -0.00354122 0.0186574  0.117775 0.0216632    1.45137 -0.0681223   -9.70079 
             228.399 -1.06681  29.7602 -45.6934 -2.87938 -4.01918  1.07015  0.698112 -0.348253  0.747106 -0.00928068  -0.0267529   0.0365969   0.44205 -0.108937 0.0183293  0.00424662 -0.00279555 -0.00345774   0.01881  0.118177 0.0221521    1.45113 -0.0681246   -9.70083 
             228.499 -0.636956   29.9398  -45.5228 -2.84021 -4.04047  1.08226  0.700303 -0.350814  0.744198 -0.00925125  -0.0267508    0.036638  0.476892 -0.106353 0.0405913  0.00397589 -0.00274752 -0.00356764 0.0194604  0.118857 0.0218767    1.45107 -0.0683477   -9.70084 
               228.6 -0.819209   30.0633   -45.412 -2.84503 -4.04176  1.09433  0.701655 -0.354564  0.742964 -0.00923979  -0.0267799   0.0366445  0.464801 -0.102128 0.0643495  0.00414205 -0.00284041 -0.00354306 0.0208116  0.119348  0.021814    1.45088 -0.0683921   -9.70086 
             228.699 -0.69981  30.2829  -45.288 -2.77313 -4.06528  1.10658  0.703398 -0.354241  0.741137 -0.00921653  -0.0267969   0.0366545  0.541953 -0.106265  0.132087  0.00411678 -0.00298431 -0.00360692 0.0209251  0.119947 0.0220301    1.45073 -0.0685243   -9.70089 
             228.799 -0.685954   30.0018  -45.9972 -2.72248 -4.06563  1.12451  0.704107 -0.355897  0.742031 -0.00922442  -0.0269404   0.0367009   0.572525 -0.0896964    0.13956  0.00448884 -0.00329097 -0.00357705 0.0224764  0.120395 0.0227585    1.45024 -0.0683431   -9.70096 
               228.9 0.158574  29.6781 -45.7972 -2.68177 -4.07603  1.13226  0.705295 -0.355411  0.741046 -0.00922366  -0.0269853   0.0367509   0.533894 -0.0840349   0.114335  0.00434006 -0.00327211 -0.00375402 0.0227815  0.120928 0.0231463       1.45 -0.0683985   -9.70099 
             228.999  1.00789   29.087 -45.9249 -2.65288 -4.09288  1.13721  0.707722 -0.355053  0.738268 -0.00922404  -0.0270407    0.036897    0.48695 -0.0898221  0.0997274  0.00414166 -0.00291348 -0.00359225 0.0231969  0.121979 0.0235577  1.44967 -0.06861 -9.70104 
             229.099 0.803014  29.1057  -46.042 -2.63737 -4.12385  1.14343  0.712095 -0.355406  0.732865 -0.00920062  -0.0270618   0.0370033  0.449954 -0.127444 0.0987868  0.00442461 -0.00290539 -0.00360543 0.0238723  0.123808 0.0239357    1.44923 -0.0690578   -9.70111 
             229.199  1.31793  29.3259 -45.3033 -2.65498 -4.15188  1.13792  0.716873 -0.354824  0.726917 -0.00922337  -0.0270661   0.0370597  0.369339 -0.175986 0.0926208  0.00418767 -0.00279831 -0.00378548 0.0241813  0.125782 0.0243953    1.44879 -0.0695738   -9.70117 
               229.3  1.34857  29.5277 -45.6831 -2.63214  -4.1698  1.14656  0.717751 -0.355397  0.726292 -0.00922678  -0.0270558   0.0370452  0.341556 -0.187933 0.0934174  0.00396972 -0.00279148 -0.00346316 0.0246702  0.126226 0.0245997     1.4486 -0.0696196   -9.70119 
             229.399  1.40787  29.8918 -45.0572 -2.59754  -4.2123  1.15158  0.719449 -0.354713   0.72455 -0.0092464 -0.0269957  0.0369655  0.292389 -0.226687  0.074126  0.00391093 -0.00281913 -0.00346599  0.025013  0.127118 0.0251782    1.44826 -0.0697619   -9.70125 
             229.499  1.56098  30.5407 -43.8607 -2.59243 -4.23282  1.15176  0.720049 -0.354651  0.724753 -0.00925956  -0.0268579   0.0368338  0.239733 -0.241563 0.0731137   0.0039318  -0.0028845 -0.00388062 0.0257976  0.127745 0.0259284    1.44784 -0.0697357   -9.70131 
             229.601  1.10977  30.9107 -43.6513 -2.59344 -4.26927  1.15194  0.721662 -0.354179  0.723576 -0.00926439  -0.0267448   0.0366601  0.222621 -0.329032  0.109983  0.00398622  -0.0034469 -0.00385276 0.0265913  0.128834 0.0268512     1.4473 -0.0698275   -9.70139 
             229.699  1.24337  29.6901 -42.8611 -2.57274 -4.30685  1.17351  0.723395 -0.356324   0.72243 -0.00926454  -0.0267712   0.0366366  0.270345 -0.376563  0.131979  0.00376344  -0.0033958 -0.00392859 0.0270854  0.129277 0.0264483    1.44733 -0.0699566   -9.70138 
             229.799 0.889083   29.357 -42.6294 -2.54739 -4.34058  1.18741  0.723516 -0.356733  0.722667 -0.00927024  -0.0267669    0.036643  0.304752 -0.379626  0.130719  0.00383072 -0.00352214 -0.00387032 0.0272881  0.129338 0.0264524    1.44729 -0.0699441   -9.70139 
             229.901 0.550994  28.9124 -41.9977 -2.51838 -4.39348  1.19755  0.724403 -0.356221  0.720889 -0.00929329  -0.0267657   0.0366048   0.30526 -0.392005  0.110618  0.00376891 -0.00340038 -0.00396289 0.0271611  0.129755 0.0265719    1.44722 -0.0700905    -9.7014 
                 230 0.0817161   28.9117  -42.2019 -2.49946 -4.42026  1.20771  0.723909 -0.356776  0.723067 -0.00931074  -0.0267872   0.0366297 0.302046 -0.34148 0.100494  0.00360397 -0.00337639 -0.00369947 0.0280424   0.12988  0.027026    1.44693 -0.0699261   -9.70144 
             230.099 -0.333502   29.0115  -41.5876  -2.4879 -4.42686  1.20194  0.720918 -0.355294  0.727436 -0.00931692  -0.0267197   0.0366268  0.315932 -0.284555 0.0849923   0.0038537 -0.00339318 -0.00400045 0.0287913  0.129452 0.0282793    1.44646 -0.0695177   -9.70152 
             230.201 -0.628468   28.9362  -41.7899  -2.4708 -4.44827  1.19474    0.7198 -0.353533  0.728722 -0.00930269  -0.0267481   0.0365965  0.326098 -0.222718 0.0681834  0.00394427 -0.00321921 -0.00386075 0.0292307  0.129643 0.0294413      1.446 -0.0693734   -9.70159 
               230.3 -1.40399  28.8567 -42.0405 -2.45555 -4.45186  1.19592  0.719089 -0.353974  0.731379 -0.00929321  -0.0268413   0.0365664  0.363853 -0.159047 0.0477185   0.0043281 -0.00302352  -0.0037152 0.0304252  0.129766 0.0303049    1.44554 -0.0691299   -9.70165 
               230.4 -2.26507  28.9962 -42.1078 -2.46994 -4.45181   1.1902  0.720089 -0.354174  0.731562 -0.00922537  -0.0268947   0.0364738  0.327373 -0.135204   0.03725  0.00472849 -0.00311219 -0.00366446 0.0316244  0.130554 0.0312937    1.44498 -0.0690966   -9.70174 
               230.5 -2.30765  28.8777 -42.5698 -2.42745 -4.45739  1.19964  0.720271 -0.355526  0.733384 -0.00919271  -0.0270679   0.0364491   0.411973 -0.0592288  0.0788493  0.00460331 -0.00302525 -0.00341745 0.0329864  0.130858 0.0319146    1.44456 -0.0689235    -9.7018 
             230.601 -1.92757  29.1928 -41.8226 -2.39709 -4.46684  1.19901  0.722267 -0.354794  0.732057 -0.00914015  -0.0271405   0.0364565   0.474398 -0.0492286   0.100494  0.00483341 -0.00323567 -0.00397458 0.0337646  0.131947 0.0329628    1.44402 -0.0690302   -9.70188 
               230.7 -1.46714  28.2265  -42.705 -2.36082 -4.48298  1.20561  0.724035 -0.354242  0.729476 -0.00910367  -0.0271519   0.0365741   0.516483 -0.0622423   0.120743  0.00470991 -0.00319081 -0.00389186 0.0336704   0.13274 0.0330917    1.44391 -0.0692822    -9.7019 
             230.799 -0.396611   27.9645   -42.792 -2.32577 -4.50568  1.20773  0.726044 -0.353164  0.726093 -0.00907038  -0.0271677   0.0367668   0.517348 -0.0868998  0.0800627  0.00439723 -0.00326942 -0.00401758 0.0333668  0.133719 0.0332855    1.44378 -0.0696183   -9.70191 
             230.901 -0.324942   27.8621   -43.296 -2.28362 -4.51997  1.21331  0.727334 -0.353141  0.724898 -0.00904415  -0.0272507   0.0368868  0.504613 -0.107066 0.0581069  0.00439212 -0.00346133 -0.00382549 0.0339588  0.134456 0.0336829    1.44349 -0.0697277   -9.70196 
                 231  0.37603  27.8557 -43.0158 -2.26883 -4.53376   1.2147  0.729185 -0.353565   0.72386 -0.00904501  -0.0272957   0.0369807  0.412895 -0.118577 0.0517061  0.00404601   -0.003424 -0.00387033 0.0353391  0.135655 0.0345248    1.44289 -0.0698292   -9.70205 
             231.101 0.742877  27.7907 -42.9113 -2.27509  -4.5366  1.21736  0.730193 -0.354651  0.723771 -0.00908149  -0.0272432   0.0370163  0.368291 -0.108356 0.0615411  0.00402356 -0.00315471 -0.00380266 0.0365183  0.136401 0.0349933    1.44249 -0.0698608    -9.7021 
               231.2 0.627165  27.9556 -42.8185 -2.23012 -4.56567   1.2241  0.731445 -0.354529   0.72257 -0.00909066  -0.0272168   0.0370156  0.347404 -0.165672 0.0611698  0.00411784  -0.0032282 -0.00387612 0.0369011  0.137186 0.0354135    1.44222 -0.0700104   -9.70214 
             231.301  1.45397  28.4102 -42.3608 -2.22046 -4.60461   1.2289  0.734012 -0.355241   0.72029 -0.00914659  -0.0271599   0.0369529  0.275438 -0.246909 0.0526531  0.00345473 -0.00316103 -0.00380084 0.0377973  0.138686 0.0358818    1.44179 -0.0703077    -9.7022 
             231.401  1.34272  28.8296 -41.7269 -2.20984 -4.63593  1.22492  0.734675 -0.354581  0.719228 -0.00915858  -0.0271133   0.0368891   0.23402 -0.287389 0.0299261  0.00344181  -0.0031258 -0.00384151 0.0379076  0.139304 0.0364037    1.44156 -0.0704373   -9.70224 
             231.501   1.6164  28.9473 -40.3248 -2.19429 -4.66591  1.22143  0.734271 -0.354104  0.719463 -0.00916247  -0.0270362   0.0368599  0.224139 -0.330806 0.0417844  0.00334837 -0.00323579 -0.00416608 0.0380081  0.139401 0.0368039    1.44142 -0.0704229   -9.70226 
             231.601 0.755358  29.1036 -39.0699 -2.17866 -4.69788  1.23009  0.735519 -0.354566  0.718388 -0.00921079  -0.0270909   0.0368044  0.240899 -0.372443 0.0917926   0.0035792 -0.00349292 -0.00407966 0.0380717  0.139794 0.0366002    1.44143 -0.0705459   -9.70226 
               231.7 0.648002  28.8837 -38.5302 -2.15613 -4.74745  1.24235  0.735957 -0.355042  0.718623 -0.0092639  -0.027004  0.0367537  0.249505 -0.383377 0.0966078  0.00334933 -0.00360737 -0.00376803 0.0385836  0.140193 0.0368423    1.44124 -0.0705736   -9.70228 
               231.8 -0.321309   28.4561  -36.7614 -2.17231 -4.75244  1.23843  0.735696 -0.355126  0.719828 -0.00941525  -0.0266803   0.0367022  0.199119 -0.368128 0.0878326  0.00359838 -0.00362831 -0.00376686 0.0397043  0.140835 0.0377173   1.44073 -0.070557  -9.70236 
               231.9 -0.34376  28.2956 -36.6444   -2.149 -4.80491  1.24254  0.734311 -0.354494  0.721536 -0.00948165  -0.0264803   0.0367558  0.211172 -0.313441 0.0513967  0.00354581 -0.00357932 -0.00371903 0.0401964  0.140801 0.0384239    1.44044 -0.0704294   -9.70241 
             232.001 -0.77165  27.7991 -34.7135 -2.13653 -4.81738   1.2389  0.731817 -0.353868  0.725788 -0.00952525  -0.0263446   0.0368903  0.249339 -0.265856 0.0425507  0.00363888 -0.00373476 -0.00389088 0.0411286  0.140401 0.0394612       1.44 -0.0700876   -9.70247 
             232.101 -0.997262   27.5837  -34.2533 -2.13172 -4.82595  1.24172  0.731555 -0.354614  0.728297 -0.00954334  -0.0264024   0.0369662  0.246964 -0.214209 0.0567058  0.00371461 -0.00367027 -0.00368866 0.0424065  0.140634  0.040161    1.43957 -0.0699269   -9.70254 
             232.201 -0.823599   27.1634  -33.2455 -2.11531 -4.83439  1.24681   0.73103 -0.355244  0.730621 -0.00955991  -0.0264343   0.0370342  0.247309 -0.159966 0.0400064  0.00380092 -0.00333619 -0.00399441 0.0433365  0.140582 0.0406495    1.43928 -0.0697475   -9.70258 
             232.301 -0.541413   27.0747  -32.5622 -2.09201 -4.84205  1.25263  0.730592 -0.355706  0.731947 -0.00956091  -0.0264628   0.0370301  0.270186 -0.145146 0.0573155  0.00389996 -0.00340382 -0.00419295 0.0436979  0.140397 0.0407462     1.4392 -0.0696314   -9.70259 
               232.4 -0.759618   27.1951  -32.4845 -2.08997 -4.84189   1.2534   0.73069 -0.355969  0.732833 -0.00953647  -0.0265736   0.0370161  0.260966 -0.128822 0.0656189   0.0043359 -0.00342907 -0.00428317 0.0442851    0.1405 0.0411349    1.43899 -0.0695639   -9.70263 
             232.501 -0.979849   27.5114  -32.3937 -2.06043 -4.84815   1.2646  0.730758 -0.357308  0.735322 -0.00946011   -0.026758   0.0369019  0.292712 -0.112436  0.041639   0.0046178 -0.00365085 -0.00439769 0.0458455  0.140634 0.0418772     1.4385 -0.0693722    -9.7027 
             232.601 -0.88605  26.9571 -33.4852 -2.05423 -4.83179  1.26251  0.730239 -0.358137  0.740344 -0.00948166  -0.0273814   0.0368489   0.259346 -0.0513609  0.0351714  0.00481879 -0.00344326 -0.00435354 0.0478262  0.140525 0.0432764    1.43778 -0.0689771   -9.70281 
             232.701 0.398942  27.0907 -33.7126   -2.035 -4.81501  1.25678   0.72841 -0.357775  0.744395 -0.00956394   -0.027667   0.0366898    0.241531 -0.00445673   0.0325618  0.00426376 -0.00323218 -0.00426643 0.0483043  0.139799 0.0441243    1.43752 -0.0686028   -9.70285 
               232.8 -0.303297   27.0728  -34.5563 -2.01799 -4.80524  1.25982  0.727962 -0.358324  0.746097 -0.00958812  -0.0277893   0.0366481  0.245798  0.014117 0.0363937   0.0044482   -0.003131 -0.00408141 0.0488969  0.139636 0.0444358    1.43734 -0.0684599   -9.70288 
               232.9 0.459698  27.4203 -34.3014 -2.00377 -4.80018   1.2568  0.727832 -0.358058  0.747314 -0.00955708  -0.0278823   0.0366064   0.236659 -0.0053632  0.0225592  0.00403279 -0.00340029  -0.0042913 0.0493942    0.1397 0.0450563    1.43707 -0.0683795   -9.70292 
             233.001 0.613421  27.7372 -34.7646 -1.99011 -4.79211  1.25874  0.727671 -0.358807  0.749165 -0.00954056  -0.0279533   0.0365269    0.234995 0.000442317   0.0257272  0.00385149  -0.0035616 -0.00408748 0.0504177   0.13977  0.045582    1.43674 -0.0682569   -9.70297 
             233.101 0.0704456   27.5887   -35.023 -1.98707  -4.7902  1.26553  0.728772 -0.360267  0.749688 -0.00954057  -0.0279401   0.0364831  0.224152 0.0142096 0.0404345  0.00419067  -0.0034131 -0.00400323 0.0518463  0.140446 0.0459824   1.43634 -0.068304  -9.70303 
             233.201 0.088336  27.6816 -35.3227 -1.98799 -4.78821  1.26578  0.729817 -0.360844  0.750211 -0.00954172  -0.0278945   0.0364423  0.206177 0.0106608 0.0362865   0.0041117 -0.00343716 -0.00386269 0.0532162  0.141245 0.0468366   1.43581 -0.068365  -9.70311 
             233.301 -0.242494   27.7153  -35.2251  -1.9869 -4.78453  1.26426  0.730322 -0.361037  0.750727 -0.00956573  -0.0278038   0.0364111 0.210362 0.013503 0.029082  0.00431456 -0.00340042  -0.0038361 0.0541113   0.14172 0.0475183   1.43543 -0.068383  -9.70316 
               234.1 -0.135939   27.8039  -35.3678  -2.0012 -4.78573  1.26088  0.731153 -0.361248  0.750686 -0.00958572  -0.0277526   0.0363861  0.170633 0.0136465 0.0241398  0.00428756 -0.00337135 -0.00383053 0.0549191  0.142318  0.048093     1.4351 -0.0684528   -9.70321 
             234.201 -0.0400871    27.8045    -35.325 -2.00774 -4.78813   1.2591  0.731694 -0.361237  0.750309 -0.00959448  -0.0277313   0.0363721   0.152688 0.00902052  0.0213167   0.0042733 -0.00336165 -0.00384287 0.0552085  0.142669 0.0483315    1.43496 -0.0685208   -9.70323 
               234.3 -0.0476783     27.796   -35.3311 -2.01176 -4.78969  1.25911  0.732086 -0.361389   0.75007 -0.00960041  -0.0277213   0.0363627   0.141893 0.00569258  0.0218216  0.00426622 -0.00336084 -0.00384985 0.0554446  0.142898 0.0484321   1.43487 -0.068564  -9.70324 
               234.4 -0.0495535    27.7903   -35.3361 -1.84995 -4.79088   1.2818  0.732337 -0.361481  0.749916 -0.00960412  -0.0277149   0.0363568   0.570017  -0.119791 -0.0279344  0.00426146 -0.00336006 -0.00385426 0.0555977  0.143047 0.0485002    1.43482 -0.0685918   -9.70325 
               234.5 0.433295  28.1762 -34.6172 -2.00639 -4.78778  1.24367  0.732988 -0.361498  0.749736 -0.00965018  -0.0276606    0.036347 -0.0504691 -0.0723152  -0.127117  0.00423406 -0.00334123 -0.00386686 0.0561155  0.143525 0.0489894    1.43457 -0.0686559   -9.70329 
               234.6 0.305796  28.0008 -34.5358 -2.02543 -4.77897   1.2687  0.732987 -0.361488  0.749744 -0.00965042  -0.0276623   0.0363462  -0.0876238 -0.00412259   0.0653564  0.00428751 -0.00323034 -0.00397897 0.0561322  0.143523 0.0489839    1.43457 -0.0686556   -9.70329 
               234.7 -0.167092   27.7239  -34.7689 -2.02223 -4.75482   1.2818  0.732998 -0.361478  0.749721 -0.00965366  -0.0276635   0.0363516 -0.0214162  0.0900315  0.0988949  0.00490165 -0.00288784 -0.00230163 0.0561744  0.143442 0.0489888    1.43457 -0.0686577   -9.70329 
               234.8 -0.401411   27.8331  -34.5263 -2.01263 -4.74285  1.30559  0.732992 -0.361466  0.749702 -0.00965404  -0.0276721   0.0363568 0.0604087 0.0977306    0.1386  0.00592667 -0.00379343 -0.00263049 0.0560575  0.143358 0.0488452    1.43458 -0.0686582   -9.70329 
             234.901 -0.640736   27.7195  -34.4651 -2.00233 -4.73278  1.31649  0.732988 -0.361447  0.749687 -0.00965359  -0.0276728   0.0363574  0.116458 0.0984641  0.128167  0.00578531 -0.00379123  -0.0019191 0.0559189  0.143348 0.0488851   1.43458 -0.068659  -9.70329 
                 235 -0.859049   27.5336  -33.6643 -1.99911 -4.73091  1.30864  0.733074 -0.361323  0.749612 -0.00967033  -0.0276563   0.0363497  0.124967 0.0775402 0.0879056  0.00586849 -0.00301741 -0.00211125 0.0559513  0.143985 0.0499622    1.43455 -0.0686732   -9.70329 
               235.1 -1.22109  27.4884 -33.0216 -2.00629  -4.7347  1.30272 0.733461 -0.36136 0.749386 -0.00971313  -0.0275924   0.0363187  0.113615 0.0576696 0.0631398   0.00589064  -0.00271262 -0.000463866 0.0578201  0.146208 0.0519432    1.43443 -0.0687225   -9.70331 
               235.2 -1.47686   27.614 -32.2834 -2.01194 -4.72421  1.30614 0.733373 -0.36183 0.750192 -0.0097161 -0.0274962  0.0362928  0.105942 0.0800338  0.067698  0.00600846 -0.00380768 0.000774148 0.0621117  0.146472 0.0537645    1.43425 -0.0686662   -9.70333 
               235.3 -1.55996   27.556 -32.1051 -1.99922 -4.71635  1.32035  0.733764 -0.362125  0.750048 -0.00973949  -0.0274654   0.0362739  0.155932 0.0575425 0.0822713  0.00558443 -0.00384118  0.00175962 0.0642852  0.148194 0.0542727    1.43415 -0.0687059   -9.70335 
               235.4 -2.64998  27.1039 -30.4151 -2.00247 -4.69908  1.31479  0.733392 -0.362313  0.751677 -0.00978809   -0.027264   0.0362872  0.164457  0.082811 0.0657117  0.00783548 -0.00397163  0.00492191 0.0715321  0.149198 0.0608745    1.43376 -0.0686142   -9.70341 
               235.5 -2.09835  26.8177 -28.4869 -2.02205 -4.69952  1.30393  0.734015 -0.362532  0.752075 -0.00994108  -0.0270249   0.0362949  0.118096  0.050773 0.0339821  0.00507648 -0.00339444  0.00521995  0.080015  0.154884 0.0684843    1.43325 -0.0687087   -9.70348 
               235.6 -2.27835  26.7154 -26.9766 -2.02156 -4.67605  1.30252  0.732757 -0.362978  0.754923 -0.00990699  -0.0268422   0.0363373  0.111615 0.0777263 0.0319829  0.00403894 -0.00399668  0.00793618 0.0870951  0.152349 0.0735453    1.43292 -0.0684841   -9.70353 
               235.7 -2.14665  26.4542 -23.1012 -2.01068 -4.66982  1.29623  0.732218 -0.362167  0.754732 -0.00989488  -0.0268971   0.0363339  0.101546  0.068981 0.0273746  0.00303243 -0.00252837  0.00617441 0.0847045  0.151802 0.0761528    1.43294 -0.0684736   -9.70353 
               235.8 -2.79064  26.2132  -19.178 -2.02406 -4.66886  1.28417  0.731889 -0.361692  0.754634 -0.0100622 -0.0264357  0.0362953 0.0344849 0.0634879 0.0213969  0.00277074 -0.00218233  0.00701049 0.0885605  0.155891 0.0836829    1.43259 -0.0685986   -9.70358 
               235.9 -3.30297  25.5794 -13.9264 -2.06115 -4.69395   1.2715  0.733716 -0.361529  0.751539 -0.0107477 -0.0253983  0.0360319  -0.0585384 -0.00604335   0.0115828 0.000346386 -0.00191407  0.00739875 0.0957392   0.16934 0.0917384   1.43205 -0.069174  -9.70365 
                 236 -4.07224  25.4338 -10.3799 -2.07276 -4.68287  1.26905  0.732386 -0.361543  0.754055 -0.0105011 -0.0249501  0.0362587 -0.0692818  0.0151341  0.0106167 6.15815e-05  -0.0030433  0.00825968  0.100738  0.166342 0.0954857    1.43178 -0.0689941    -9.7037 
             236.099 -4.44584  25.0325 -8.42964 -2.08597 -4.67848  1.25757  0.731648 -0.360783  0.754366 -0.0104821 -0.0248004  0.0363048 -0.00640461   0.0288519   -0.035238 -0.00158347 -0.00300523   0.0112819  0.100915  0.166073 0.0991979   1.43167 -0.068982  -9.70371 
               236.2 -5.64262  23.6394 0.972502 -2.10675 -4.67594  1.23595 0.729914 -0.35904 0.755629 -0.0103556  -0.024254   0.036582 -0.0429345  0.0365164  -0.071777 -0.00299198 -0.00228006   0.0142921 0.104605 0.165731 0.109863   1.43123 -0.069009  -9.70378 
             236.299 -5.82177  22.8494  2.70592 -2.12937 -4.66553  1.20325  0.727591 -0.357255  0.757569 -0.0102485 -0.0239893  0.0368614 -0.0448555  0.0552491  -0.108491  -0.00411288 -0.000270445    0.0169547 0.106563 0.162904  0.12079    1.43083 -0.0689188   -9.70384 
             236.399 -6.62518  22.2213  9.95782 -2.14194  -4.6575  1.18821  0.727201 -0.356992  0.758377  -0.010064 -0.0238529  0.0370221 -0.0457951  0.0946405  -0.137314 -0.00257352 0.000575314   0.0172556 0.109008 0.161875 0.124177    1.43061 -0.0689125   -9.70387 
               236.5 -6.63077  21.5627  15.2099 -2.16326 -4.61846  1.15572  0.726149 -0.357284  0.761143 -0.00953949  -0.0240763   0.0371623 -0.094372  0.154386 -0.156144 -0.00317356    0.002741   0.0165211 0.111773 0.155276   0.1275     1.4303 -0.0686233   -9.70392 
               236.6 -7.81961  21.1896  26.3261 -2.18171 -4.60293  1.17215  0.727588 -0.358485  0.764041 -0.00883992  -0.0243912   0.0373492 -0.146111  0.186936  -0.11461 -0.00180396  0.00428974   0.0127724 0.122188 0.149587 0.122564    1.42984 -0.0684709   -9.70399 
             236.699 -8.08705  21.7129  27.5447 -2.22822 -4.55931  1.16196  0.728123 -0.359069  0.764715 -0.00833419  -0.0243324   0.0374994  -0.18102  0.217714 -0.106971 -0.000152653   0.00289143   0.00997583 0.128609 0.147951 0.120604    1.42956 -0.0685048   -9.70403 
               236.8 -9.30911  20.9651  36.2058 -2.26742 -4.54653  1.15057 0.729973 -0.35848 0.764382 -0.00794347   -0.024527   0.0376685 -0.217969  0.200805 -0.104064 0.000936273  0.00280073  0.00877359 0.134783 0.148844 0.122994   1.42927 -0.068822  -9.70407 
               236.9 -9.62897  21.0359   40.602 -2.30429 -4.52266  1.13836  0.731522 -0.359313  0.765574 -0.0078303 -0.0250695  0.0375693 -0.253256  0.231088 -0.124659 0.00310205  0.0018762 0.00776947 0.138898 0.144407 0.125113   1.42885 -0.068832  -9.70413 
                 237 -9.37363   19.843  44.0896 -2.32711 -4.52139  1.12535  0.733258 -0.359495  0.765621 -0.00765876  -0.0254378   0.0376024 -0.303515   0.21025 -0.153626 0.00405641 0.00463419 0.00672366 0.142222 0.142879 0.129635    1.42855 -0.0690368   -9.70417 
               237.1 -9.33893  19.9765  46.9256 -2.38825 -4.49218  1.11422  0.733602 -0.358026   0.76513 -0.00741663  -0.0253722   0.0377241 -0.244302  0.142753 -0.148373 0.00608672 0.00492118 0.00145518 0.147198 0.143723 0.124239    1.42851 -0.0692003   -9.70418 
               237.2 -9.40325  19.3952  53.8189 -2.39247 -4.48428  1.11302  0.733451 -0.358538  0.765433 -0.00753531  -0.0254034   0.0376259 -0.235839  0.151275 -0.141353  0.00669045  0.00519606 0.000591242 0.146541 0.142078 0.123259    1.42845 -0.0690792   -9.70419 
               237.3 -8.98342  19.2409  54.4921 -2.43216  -4.4494  1.10154  0.734086 -0.359288  0.766064 -0.0077289 -0.0256071  0.0373386  -0.110007   0.123158 -0.0759713  0.00540294  0.00585746 0.000504067 0.147636 0.137352 0.120422    1.42816 -0.0689188   -9.70423 
               237.4 -9.72135  19.7256  60.5949 -2.45182 -4.42616  1.10454  0.73653 -0.36159 0.766044 -0.00822473  -0.0259152    0.037061  -0.142763   0.172665 -0.0672063   0.00644949   0.00646982 -8.66658e-05 0.147788 0.127876 0.117242    1.42753 -0.0686149   -9.70433 
               237.5 -9.91973   19.545  61.2555 -2.47331 -4.39046  1.08955  0.737052 -0.363142  0.765777 -0.00843163  -0.0259639   0.0369802  -0.059943    0.16341 -0.0985119  0.00683196  0.00737221 4.92906e-05 0.146796 0.124421 0.117178    1.42731 -0.0684639   -9.70436 
               237.6 -10.5712  20.9742  64.9652 -2.48353 -4.35514  1.08967  0.739355 -0.362545  0.765938 -0.00886091  -0.0259723   0.0369055 0.00933814   0.179147 -0.0718966   0.00676035   0.00710393 -0.000464914 0.146449 0.120731 0.112363    1.42705 -0.0682656    -9.7044 
               237.7 -10.8438   21.611  67.2138  -2.4784 -4.34474  1.08562 0.739119 -0.36185 0.766346 -0.00878993  -0.0259731   0.0369183   0.059439   0.140329 -0.0564136 0.00624819 0.00884575 0.00135381   0.1466 0.121969 0.112069    1.42714 -0.0682842   -9.70439 
               237.8 -10.9001  22.4751   68.178 -2.48123 -4.33048  1.08421  0.741288 -0.360967    0.7665 -0.00895076   -0.026103    0.036804  0.0757265   0.140153 -0.0255265 0.00655923  0.0074067 0.00259498 0.148548  0.11996 0.110947    1.42695 -0.0684047   -9.70441 
               237.9 -10.5408  23.2441  70.3528 -2.49305 -4.29758  1.09534  0.745209 -0.360992  0.765891 -0.00943997  -0.0258907   0.0366724 0.0226225  0.199862 0.0443705  0.00788964  0.00595797 0.000952639 0.147205 0.113837 0.105749    1.42643 -0.0681546   -9.70449 
                 238 -10.0857  22.9567  71.6829 -2.50548 -4.26413  1.10724  0.747159 -0.361265  0.765589 -0.00960902  -0.0257747   0.0365731 -0.0940958   0.188198  0.0712949  0.00854166  0.00630967 2.98805e-05 0.146517 0.110622 0.103501    1.42615 -0.0680423   -9.70453 
               238.1 -9.36386  23.2624  73.2854 -2.52188  -4.2223  1.12329  0.748362 -0.361991  0.766007 -0.00972901   -0.025401   0.0365035 -0.142658  0.192449 0.0183584   0.00715876    0.0050334 -0.000323118  0.142777  0.107786 0.0983256    1.42587 -0.0675909   -9.70458 
               238.2 -9.51588  22.9091  74.3893 -2.52967 -4.19877  1.12996  0.747376 -0.361358  0.766446 -0.00964875    -0.02532   0.0365353  -0.157363   0.217581 0.00163446 0.00543503 0.00386579 0.00169408 0.141693 0.109163  0.09629    1.42598 -0.0674315   -9.70456 
               238.3 -10.0652  22.8351  75.0981 -2.55517   -4.166  1.14438  0.747594 -0.360306  0.767015 -0.00966098  -0.0252195   0.0365521  -0.205795    0.20422 0.00442473 0.00502058 0.00419894 0.00134146  0.141393  0.107415 0.0915065    1.42581 -0.0672803   -9.70459 
               238.4 -10.8631  22.6676   75.676 -2.57352  -4.1251  1.14951  0.745466 -0.361381   0.76928 -0.00956339   -0.025005     0.03656  -0.229795   0.220122 -0.0281598  0.00538008  0.00578946 7.75821e-05  0.136873  0.107133 0.0880884    1.42572 -0.0667645    -9.7046 
             238.499 -11.544 23.0808 75.9368 -2.57296 -4.09132  1.15341  0.741859 -0.361091  0.771531 -0.00930211  -0.0249191    0.036563  -0.222648   0.258412 -0.0393416   0.00618261   0.00461462 -0.000234554  0.132815   0.11151 0.0855582    1.42603 -0.0662671   -9.70456 
               238.6 -11.7475  23.2975  76.1281 -2.57969 -4.03872  1.15423  0.738176 -0.361688  0.775422 -0.00907241  -0.0247367   0.0366329  -0.236031   0.320134 -0.0440913   0.00693118   0.00392124 -0.000735825  0.126605  0.114409 0.0825735    1.42617 -0.0655724   -9.70455 
               238.7 -11.8755  22.8549  75.7913 -2.59623  -3.9814  1.16722  0.734152 -0.361923   0.77874 -0.00890979  -0.0244855   0.0366761 -0.279685  0.435603 0.0307622   0.00836021   0.00343673 -0.000597313  0.121638  0.114556 0.0773206     1.4261 -0.0649418   -9.70456 
             238.799 -11.0403  23.2283  75.4205 -2.59729 -3.94481   1.1814  0.729985 -0.362076  0.781882 -0.00875507  -0.0242119   0.0367589 -0.273506  0.514396 0.0678382  0.00814123  0.00115997 -0.00171382  0.117071   0.11538 0.0724619    1.42608 -0.0643463   -9.70457 
             238.899 -10.9305  23.1844  75.7801 -2.61803 -3.87009  1.19475  0.727884 -0.362177  0.783825 -0.00862608  -0.0241479   0.0368219  -0.23597  0.550934 0.0825837  0.00882324 0.000818559 -0.00332288  0.114393  0.117299 0.0710327    1.42619 -0.0640229   -9.70455 
             238.999 -10.3022  22.0349  74.8518 -2.63674 -3.81059  1.17366 0.730411 -0.36644 0.787158 -0.00868125  -0.0240614   0.0367078  -0.207104   0.537054 0.00668227  0.00898946  0.00212806 -0.00385033  0.109313  0.116668 0.0759239    1.42601 -0.0637259   -9.70458 
               239.1 -9.87506  21.6454  74.1865 -2.64257 -3.75638   1.1644 0.729698 -0.36805 0.789371 -0.00858272  -0.0240512   0.0367324   -0.154663    0.548115 -0.00436116  0.00919585  0.00257345 -0.00398059  0.106229  0.118755 0.0776383    1.42612 -0.0634555   -9.70457 
               239.2 -8.99485  21.2473  73.4956 -2.65408 -3.66843  1.16237  0.729708 -0.367399  0.789157 -0.00857259  -0.0241333   0.0367809 -0.0146021   0.467045 -0.0259442  0.00693256  0.00378194 -0.00421098  0.107077  0.119962 0.0782935    1.42624 -0.0635379   -9.70455 
               239.3 -9.83226  21.7536  71.5451 -2.65413 -3.67046  1.15425  0.730828 -0.367815  0.788671 -0.00859388  -0.0241839   0.0367447 -0.00882502    0.459821  -0.0457829  0.00748587  0.00265135 -0.00422139  0.108019  0.120138 0.0807823    1.42628 -0.0637013   -9.70454 
               239.4 -9.38061  21.6061  71.9014 -2.64685 -3.63327  1.14348  0.731206 -0.367589  0.788445 -0.00859959  -0.0242338   0.0367275  0.0878908   0.428985 -0.0683508  0.00672126  0.00310222 -0.00511749  0.109032  0.121183 0.0823464    1.42639 -0.0638282   -9.70453 
             239.499 -10.0648  21.6709  70.5119 -2.62711 -3.55022  1.13288 0.731621 -0.36868 0.788134 -0.00861913  -0.0241813   0.0367658  0.186282  0.468758 0.0129053  0.00670831  0.00319964 -0.00378653  0.108087  0.119604 0.0825446    1.42625 -0.0637689   -9.70455 
               239.6 -10.5175  21.1946  69.9039  -2.6077 -3.49887  1.12091  0.731735 -0.370743  0.787282 -0.00867933  -0.0241333   0.0367527  0.220902   0.56994 0.0402675     0.008397 -7.38791e-05  -0.00333531  0.108391  0.118867 0.0862949    1.42621 -0.0639007   -9.70455 
               239.7 -10.0287  19.3577  69.7886  -2.5952 -3.44802  1.11931  0.732764 -0.371037  0.786626 -0.00871628  -0.0240879   0.0367833  0.165622   0.53556 0.0109926  0.00935524  0.00119453 -0.00430213  0.109364   0.11755 0.0873183    1.42611 -0.0640365   -9.70456 
               239.8 -9.08743  18.7253  69.1036 -2.59285  -3.4039  1.12215  0.734984 -0.369349  0.786153 -0.00875279  -0.0240251   0.0368163    0.10234   0.523171 -0.0126774  0.00933741  0.00127932 -0.00519522  0.111785   0.11605 0.0870439      1.426 -0.0642891   -9.70458 
               239.9 -8.55289   17.994   67.603 -2.59791 -3.36738  1.13317  0.736942 -0.367571  0.785774 -0.00872231  -0.0239414   0.0368067  0.0648317   0.525411 -0.0112203  0.00849198  0.00159179 -0.00500076  0.112156  0.114188 0.0842128    1.42582 -0.0642913   -9.70461 
                 240 -8.0111 17.5287 66.6603  -2.5929 -3.27982  1.13236  0.736883 -0.368732  0.785664 -0.00868396  -0.0238209   0.0367488  0.0458254   0.500975 -0.0712137  0.00699855  0.00294578 -0.00463305  0.109642  0.112782 0.0824532    1.42568 -0.0640235   -9.70463 
               240.1 -8.23882  17.2873  64.8085 -2.60338 -3.22402  1.13305  0.738639 -0.367482  0.784535 -0.00872843  -0.0237566   0.0367658 0.00229552   0.517704 -0.0976202  0.00640268  0.00303106 -0.00424231  0.110103   0.11003 0.0801663    1.42546 -0.0640446   -9.70466 
               240.2 -8.61809  17.5342   63.331 -2.62349 -3.17819  1.11877  0.740953 -0.368405  0.782073 -0.00880557  -0.0237012   0.0367766 -0.0625327   0.507412  -0.116611  0.00670167  0.00275531 -0.00475893   0.11131  0.106412 0.0808361    1.42517 -0.0641882    -9.7047 
               240.3 -8.48184  17.1349  62.2133  -2.6311 -3.17093  1.11358  0.741911 -0.368802   0.78085 -0.00883136  -0.0236852   0.0367654 -0.0831905    0.49749  -0.122272 0.00643328 0.00312906 -0.0056639  0.112269  0.105208 0.0814933    1.42508 -0.0642927   -9.70471 
               240.4 -8.68291  17.4223  61.9862 -2.64886 -3.06919  1.09138  0.742232 -0.370098  0.780881 -0.00881124  -0.0236705   0.0367748 -0.0849237   0.547713 -0.0122253  0.00694214  0.00234699 -0.00601834  0.111925  0.105218 0.0828964    1.42508 -0.0642858   -9.70472 
               240.5 -8.78253  16.6581   58.317 -2.64948 -3.02331  1.09721  0.741231 -0.368568   0.78151 -0.00878877  -0.0236995   0.0367606 -0.0494547   0.531345 -0.0323837  0.00783965  0.00022201 -0.00556537  0.112078  0.106392 0.0816278    1.42517 -0.0642815    -9.7047 
               240.6 -8.11677  15.7866  57.5541  -2.6401 -2.98233  1.09612  0.739858 -0.366706   0.78243 -0.00877174  -0.0237646   0.0367434  0.0108456   0.450585 -0.0390751  0.00753864  0.00131308 -0.00533368  0.113471   0.10968 0.0816708    1.42543 -0.0644264   -9.70466 
               240.7 -7.93058  14.7479  56.0149 -2.63113 -2.93116  1.08503  0.739342 -0.368944  0.783917 -0.00875193   -0.023765   0.0367139  0.0532043   0.398413 -0.0669756 0.00770849 0.00289863 -0.0041648  0.111052  0.109903 0.0824072    1.42545 -0.0642105   -9.70466 
               240.8 -7.33142  15.0373  54.5457 -2.62269 -2.88758  1.08507  0.738523 -0.367835  0.784357 -0.00874362  -0.0237496   0.0367266  0.0672294   0.367129 -0.0853833  0.00666399  0.00331456 -0.00378424  0.110243  0.109863 0.0806282    1.42546 -0.0641147   -9.70466 
               240.9 -7.15925  15.2335  53.4625 -2.63016 -2.83955  1.09707  0.739026 -0.364254    0.7828 -0.00872901  -0.0236702    0.036728  0.0636083   0.390007 -0.0750109 0.00682478 0.00305229 -0.0036668  0.110664  0.106983 0.0761697    1.42528 -0.0640678   -9.70469 
                 241 -7.62352  15.0931  52.6009 -2.62535 -2.78534  1.09342   0.73914 -0.364706  0.782103 -0.00865744  -0.0237036   0.0368215   0.107888     0.3958 -0.0564833  0.00642884  0.00311129 -0.00317815  0.108845  0.104888 0.0748868    1.42517 -0.0638638   -9.70471 
               241.1 -7.40547  15.4722  52.8078 -2.60306 -2.73588  1.10893 0.737991 -0.36128 0.783343 -0.00870692  -0.0237727    0.036832  0.163774  0.391443 0.0129111  0.00534659  0.00262846 -0.00261148  0.107914  0.105811 0.0711194    1.42527 -0.0637646   -9.70469 
               241.2 -7.50366  15.7135  52.4707 -2.58963 -2.72627  1.10881 0.736671 -0.36207 0.784631 -0.0087507 -0.0239134   0.036846  0.201343  0.422291 0.0295724  0.00544615 0.000719216 -0.00126972  0.105993  0.107264 0.0711965    1.42541 -0.0636303   -9.70467 
               241.3 -7.81673  16.2191  52.5969 -2.54765 -2.64079  1.13049  0.736534 -0.361011  0.784689 -0.0087436 -0.0239115  0.0368529 0.223401 0.474468   0.1015   0.00604162 -0.000407248  -0.00156776  0.105955  0.107223 0.0701075   1.42541 -0.063617  -9.70467 
               241.4 -7.2595 14.9972 52.5209 -2.54071 -2.58715  1.14612  0.738368 -0.359374  0.783067 -0.00860068  -0.0238435    0.036906  0.162059  0.501379 0.0620029   0.00631828 -0.000395998  -0.00194114  0.106359  0.104933 0.0684248    1.42525 -0.0635952   -9.70469 
               241.5 -7.70667  13.9411  52.9243 -2.50964 -2.52623  1.17241  0.736263 -0.355537  0.785643 -0.00860585  -0.0240018   0.0368377  0.138627  0.505408 0.0749547  0.00718877 0.000313018  -0.0023674  0.104916  0.107364 0.0647272    1.42546 -0.0635071   -9.70466 
               241.6 -7.73065  14.4078  52.6374 -2.49495 -2.47131  1.18876  0.735495 -0.354876  0.785938 -0.00847751  -0.0241452   0.0368846  0.120705  0.504292 0.0703989 0.00568159 0.00115003 -0.0018535 0.101389 0.106085 0.061566    1.42549 -0.0631679   -9.70466 
               241.7 -7.82378  14.3028  52.7829 -2.47876 -2.40318  1.18502  0.735707 -0.357405  0.785801 -0.00845951   -0.024161   0.0368874  0.0917025   0.474328 0.00509712  0.00516902   0.0018274 -0.00210959  0.100521  0.105656 0.0630931    1.42547 -0.0630915   -9.70467 
               241.8 -8.72167  14.6786  52.4348 -2.47622 -2.36058  1.17696  0.736605 -0.359042  0.785011 -0.00844425  -0.0241066   0.0369145  0.0617566    0.48226 -0.0401286  0.00564412  0.00157649 -0.00281904  0.100661  0.104712 0.0644516     1.4254 -0.0630876   -9.70468 
               241.9 -9.47169  14.8218   51.933 -2.47598 -2.29564   1.1769  0.736505 -0.358659  0.784508 -0.00843169  -0.0241075   0.0369978  0.0219513   0.522992 -0.0247461  0.00663628  0.00161872 -0.00339129  0.099693  0.103117 0.0631278   1.42533 -0.062962  -9.70469 
                 242 -9.52217  14.6481  50.5402 -2.46823  -2.2355  1.18109  0.735615 -0.358405  0.785319 -0.00840946  -0.0240708   0.0370367 0.0317602  0.577846 0.0337887  0.00647043  0.00182719 -0.00279671 0.0978858    0.1029 0.0619937    1.42537 -0.0628084   -9.70468 
               242.1 -9.59745  15.1241  49.3786 -2.45176 -2.15791  1.17663  0.735344 -0.361242   0.78671 -0.00836218  -0.0239431   0.0371344 0.0681081  0.612522 0.0468968  0.00706318  0.00110865 -0.00277079 0.0948423  0.102825 0.0633571    1.42543 -0.0625796   -9.70468 
               242.2 -9.36128   15.871  49.1023 -2.43833 -2.10364  1.18984  0.734036 -0.358992  0.787678 -0.00835784  -0.0239794   0.0371434 0.0766856  0.560818 0.0297575  0.00767876  0.00104082 -0.00360058 0.0950016  0.104357  0.061727    1.42553 -0.0626214   -9.70466 
               242.3  -8.759 16.2587 48.1892 -2.43211 -2.05266  1.18538  0.734488 -0.359816  0.787483 -0.0083517 -0.0240088  0.0371303   0.0935096    0.548149 -0.00894875  0.00762877  0.00123512 -0.00248063 0.0954425  0.104424 0.0628077    1.42552 -0.0626646   -9.70466 
               242.4 -8.41239  16.8226  47.3941 -2.41634 -2.00564  1.18558   0.73401 -0.359569  0.788081 -0.00833768  -0.0240304   0.0371646   0.131423   0.497107 0.00707837  0.00702621  0.00107973 -0.00209245 0.0953406  0.105388   0.06281    1.42558 -0.0626836   -9.70465 
               242.5  -8.369 18.1695 47.0819 -2.40024 -1.95976  1.18185  0.734122 -0.360196  0.788076 -0.00831979  -0.0240494   0.0371613     0.16033    0.411013 -0.00951274  0.00641581  0.00127659 -0.00284481  0.095498  0.105561 0.0636201    1.42558 -0.0627069   -9.70465 
               242.6 -8.40096  18.6238  46.2427 -2.38609 -1.92473  1.18133  0.734541 -0.359743  0.787986 -0.00833728   -0.024047   0.0371219   0.208835   0.361956 -0.0127826  0.00616122   0.0012865 -0.00272448 0.0965998  0.105589  0.063734    1.42554 -0.0627875   -9.70466 
               242.7 -9.07917  18.8959  45.2005 -2.37487 -1.91699  1.17721  0.735526 -0.358746  0.788471 -0.00839083  -0.0240831   0.0370272   0.249854   0.273265 -0.0239224  0.00654222  0.00116011 -0.00248264  0.100526  0.106927 0.0651758    1.42548 -0.0631163   -9.70466 
               242.8 -8.99035  19.3074  45.0487  -2.3463 -1.88609  1.17926  0.735549 -0.358478  0.788419 -0.00837227  -0.0240879   0.0370389    0.303962    0.257929 -0.00458874  0.00630644  0.00112921 -0.00249573  0.099826  0.106688 0.0643017   1.42549 -0.063049  -9.70466 
               242.9 -8.93804  19.2114  44.7591 -2.31222 -1.84606  1.17651   0.73485 -0.359608  0.787505 -0.00833902  -0.0240861   0.0370282  0.345105  0.317974 0.0682751 0.00699769 0.00125078 -0.0024439 0.0982921  0.105299 0.0647785    1.42547 -0.0629151   -9.70467 
                 243 -8.4461 18.9922 44.0919 -2.28554 -1.81614  1.19078  0.735735 -0.358865  0.788116 -0.00835192  -0.0240661   0.0370602 0.336954 0.365616 0.113244   0.0071513 0.000410606 -0.00273805 0.0997384  0.105201 0.0643303    1.42541 -0.0629902   -9.70468 
               243.1 -8.04563  18.4755  43.5223 -2.25416 -1.78937  1.19971  0.735653 -0.358556  0.788557 -0.00839419  -0.0240857    0.037104  0.286102  0.347075 0.0833593  0.00778753 0.000150818 -0.00400132 0.100699 0.106108 0.064918    1.42542 -0.0630922   -9.70467 
               243.2 -7.59716  18.1267  42.8389 -2.22786 -1.75538  1.20031  0.735337 -0.359106  0.788363 -0.00842497  -0.0240928   0.0370878  0.252665   0.37346 0.0320602  0.00747328 -0.00010397  -0.0052367  0.100554  0.105817 0.0657058    1.42541 -0.0630881   -9.70467 
               243.3 -7.37325  17.1627  41.1507 -2.19549 -1.71421  1.20122  0.734794 -0.359256  0.788241 -0.00840885  -0.0240985   0.0370758   0.222661    0.39609 0.00158304  0.00673255 0.000262378 -0.00423242  0.100072  0.106466 0.0658843    1.42546 -0.0630906   -9.70467 
               243.4 -7.29783  17.5382  39.5654 -2.17287 -1.67123    1.194  0.734464 -0.360093  0.788166 -0.00843267  -0.0240478    0.037047   0.192791    0.40066 -0.0496937  0.00587888 0.000414464 -0.00401498 0.0987641  0.105829 0.0663553  1.42548   -0.063 -9.70467 
             243.499 -7.46238  17.8117  39.0045 -2.15351 -1.62309  1.19209  0.734186 -0.360237  0.788332 -0.00841118  -0.0240161   0.0370614  0.180602  0.434662 -0.075534  0.00594159 8.88508e-05 -0.00473207 0.0977399  0.105051 0.0654022    1.42549 -0.0628874   -9.70466 
               243.6 -7.69583  17.7813  37.1233 -2.13674 -1.61114  1.19261 0.733404 -0.36003 0.788741 -0.00835251  -0.0239795   0.0370715   0.208514   0.446528 -0.0782577    0.0060148 -0.000420909  -0.00426338 0.0960885  0.106054 0.0647386    1.42561 -0.0628297   -9.70465 
               243.7 -7.51814  17.5709   36.794 -2.09127 -1.52714  1.17534  0.733525 -0.360211  0.788833 -0.00834638  -0.0239782   0.0370662  0.255078  0.459085 0.0201139   0.00585927 -0.000245315  -0.00431555 0.0957195  0.106549  0.065521   1.42564 -0.062849  -9.70464 
               243.8 -5.95811  17.0944  31.2184 -2.06066 -1.46813  1.20074  0.731446 -0.359405  0.788772 -0.00831812  -0.0238196   0.0370721  0.259174  0.483739 0.0622736   0.00737264 -0.000799282  -0.00464216 0.0951821  0.106204 0.0621738    1.42571 -0.0627449   -9.70463 
               243.9 -4.16477  16.3606  28.5201  -2.0361 -1.42369  1.19876  0.731955 -0.359658  0.788907 -0.00834206   -0.023867   0.0370605   0.280395    0.44831 0.00253491   0.00775245 -0.000149714  -0.00576879 0.0951395  0.106169 0.0629421     1.4257 -0.0627514   -9.70463 
                 244 -3.88006   16.109  25.6703 -2.03075 -1.42512  1.19596 0.732256 -0.35949 0.788787 -0.00827709  -0.0239147   0.0371065    0.287866    0.431515 -0.00270417  0.00867656 7.19318e-05 -0.00654093 0.0954245  0.107193 0.0636138    1.42571 -0.0628304   -9.70463 
               244.1 -3.65568  16.2031  25.6554  -1.9735 -1.35722  1.20076  0.731981 -0.359135  0.788445 -0.00825072  -0.0239227   0.0371262     0.31467    0.296693 -0.00541558  0.00852545 8.29261e-05 -0.00723177 0.0961092  0.107446 0.0630431     1.4257 -0.0628674   -9.70463 
               244.2 -3.41287  17.6291  18.9474 -1.93327 -1.33381  1.20729  0.731215 -0.358653  0.788412  -0.008271 -0.0238767  0.0371438   0.370382   0.220209 -0.0102105    0.0075894 -0.000486314  -0.00782252 0.0956656  0.107892 0.0617423    1.42577 -0.0628683   -9.70462 
               244.3 -3.54111  17.6815  16.6469 -1.89549 -1.30278  1.21842  0.730561 -0.358336    0.7884 -0.00837599  -0.0238967   0.0371616    0.399467    0.160513 -0.00214855   0.00723566 -0.000594521  -0.00801263 0.0954544   0.10649   0.05963     1.4258 -0.0627506   -9.70462 
               244.4 -4.00751  17.7282  15.8296 -1.85944 -1.29308  1.22314  0.730789 -0.358329  0.788493 -0.00837891  -0.0238572   0.0371346  0.448036  0.124302 0.0969095   0.00759898 -0.000911633  -0.00848396 0.0963443  0.106672 0.0598533    1.42574 -0.0627833   -9.70463 
               244.5 -3.83209  18.2057  15.2322 -1.81453 -1.27852   1.2383  0.731023 -0.358351  0.788742 -0.00836662  -0.0237887   0.0371331  0.46848 0.135693 0.133528  0.00736314 -0.00247691 -0.00830788 0.0973033  0.106275 0.0598535    1.42567 -0.0627684   -9.70464 
               244.6 -3.96331  17.9967  13.5188 -1.77239  -1.2695  1.24717   0.73091 -0.358366  0.788635  -0.008403 -0.0237971  0.0371043  0.384081  0.125807 0.0697025  0.00774198 -0.00190018  -0.0071638 0.0970447  0.106855 0.0599477    1.42569 -0.0628105   -9.70464 
               244.7 -3.86296  18.0955  12.0306  -1.7218 -1.24566  1.24432  0.730553 -0.358863   0.78802 -0.00836585  -0.0238929   0.0371258  0.388272  0.172764 0.0404614  0.00715683 -0.00201886 -0.00596047 0.0953097  0.106122 0.0606094   1.42579 -0.062756  -9.70462 
               244.8 -3.25677  17.7799  10.6697 -1.68933 -1.22684  1.24903  0.730557 -0.358805  0.787939 -0.00833202  -0.0239361   0.0371239  0.367081  0.196195 0.0368556     0.00595 -0.00154652 -0.00544958 0.0947205  0.105574 0.0601623    1.42585 -0.0627132   -9.70461 
               244.9 -4.07513  17.8766  9.10353 -1.65441 -1.20361  1.25712  0.730547 -0.358712  0.787915 -0.00831634   -0.023983   0.0371335  0.361114  0.242969 0.0284345  0.00644158 -0.00148768 -0.00478957 0.0943244  0.105235 0.0592363     1.4259 -0.0626862    -9.7046 
                 245 -4.98008  17.8448  7.89888 -1.60798 -1.16101  1.25741  0.730581 -0.358758  0.787993 -0.00831346   -0.023956    0.037139   0.346866   0.349916 0.00942307  0.00724208 -0.00136402 -0.00453465 0.0945481  0.105126  0.059591    1.42588 -0.0626751   -9.70461 
               245.1 -4.57093  17.9368  5.37412  -1.5684 -1.13212  1.26021  0.730749 -0.358696  0.787648 -0.00833572  -0.0239657   0.0371178   0.372283   0.385278 0.00116545 0.00685887 -0.0014497 -0.0045033 0.0943852   0.10609 0.0593395    1.42588 -0.0627574   -9.70461 
               245.2 -4.73566  17.8696  2.83115 -1.53142 -1.10873  1.25803  0.731648 -0.358683   0.78701 -0.00833199  -0.0239668   0.0371004   0.440945   0.410461 0.00925788  0.00742404 -0.00202782 -0.00409193 0.0951428  0.108189 0.0600828    1.42576 -0.0629102   -9.70462 
               245.3 -3.2218 17.2921 1.06758 -1.49403 -1.07773  1.25702  0.732107 -0.358689  0.786852 -0.00834137  -0.0239862   0.0371202     0.474937     0.426304 -0.000364381  0.00726295 -0.00139685 -0.00504545 0.0954266  0.108925 0.0605053   1.42571 -0.062959  -9.70463 
               245.4 -2.66471  17.0308 -0.63627  -1.4597 -1.05404  1.25047  0.733258 -0.358777   0.78657 -0.00836172  -0.0240314   0.0371918   0.442321   0.374079 -0.0382508   0.00818692 -0.000876872  -0.00608313 0.0965198  0.110782 0.0615976    1.42555 -0.0630676   -9.70465 
               245.5 -3.07462  17.8024 -3.06147 -1.43013 -1.03136  1.24144  0.734056 -0.358978  0.786426 -0.0083331  -0.024062  0.0371884   0.355535   0.304836 -0.0832466   0.00899871 -0.000348977  -0.00567861 0.0976584  0.112274 0.0624275     1.4254 -0.0631411   -9.70468 
             245.601 -3.39786  18.6726 -5.08775 -1.40833 -1.01602  1.22052  0.735477 -0.359259  0.786643 -0.00827976  -0.0240751   0.0371482  0.261512  0.227569 -0.127301   0.00920299 -0.000127187  -0.00542924 0.0984736  0.113915 0.0641968    1.42523 -0.0632147    -9.7047 
               245.7 -3.26745  19.0381 -6.62912 -1.40135 -1.00452  1.19377   0.73639 -0.359637   0.78704 -0.00824459  -0.0240673    0.037104  0.209722  0.163392 -0.210155   0.00863883 -8.14479e-05  -0.00605516 0.0994597  0.114572 0.0662739    1.42506 -0.0631924   -9.70472 
               245.8 -3.93764  19.0096 -8.32059 -1.38008 -1.00269  1.18511   0.73674 -0.359075  0.786646 -0.00824739  -0.0240881   0.0371271   0.22876  0.143347 -0.235492   0.00854038 -0.000183071  -0.00555043 0.0980406   0.11499 0.0658993    1.42515 -0.0632964   -9.70471 
               245.9 -4.03676  19.0092 -8.30018 -1.36645 -1.00527  1.16743  0.737628 -0.359326  0.786505 -0.00828729  -0.0240964   0.0370787  0.188698 0.0761852  -0.28781   0.00843563 -0.000102201  -0.00603738 0.0985807  0.116468 0.0655795    1.42506 -0.0633945   -9.70472 
                 246 -4.92082  19.0887 -9.54902 -1.33252 -1.01007  1.10142  0.739663 -0.359195  0.785891 -0.00833439   -0.024161   0.0369882  0.135352 0.0868984 -0.486033   0.00869814 -0.000285169  -0.00530404 0.0981823  0.118763  0.064912      1.425 -0.0636057   -9.70473 
               246.1 -5.38102  16.7509 -10.2928  -1.33759 -0.995411   1.04067  0.739397 -0.360759  0.787136 -0.00837403  -0.0240528    0.037062 0.0697958  0.140558 -0.605686   0.0084274 0.000170343 -0.00496805  0.100143  0.118935 0.0651839    1.42485 -0.0634977   -9.70475 
               246.2 -5.91922  14.4641 -10.9002  -1.34742 -0.979142  0.999367  0.741163 -0.362594  0.788192 -0.00825012  -0.0240604   0.0371581 -0.00325021    0.208727   -0.666689  0.00873946  0.00152075 -0.00417967  0.101978  0.119679 0.0635655    1.42476 -0.0634565   -9.70477 
               246.3 -6.18162  14.7517 -11.4574  -1.35603 -0.952972  0.953983 0.743782 -0.36502 0.789488 -0.00808926    -0.02409   0.0372297 -0.0518267    0.28731  -0.685833  0.00873865 0.000422953 -0.00356945 0.104252  0.12032 0.060685    1.42471 -0.0633933   -9.70478 
               246.4 -6.75805  13.4756 -11.1203  -1.34773 -0.932666   0.89332  0.746712 -0.363474  0.788658 -0.00804995  -0.0242343   0.0371577 -0.0837814   0.329923  -0.677978  0.00923827 0.000741661 -0.00385373  0.102872  0.121494 0.0593205    1.42478 -0.0635797   -9.70476 
               246.5 -6.70607   14.021 -11.5752  -1.34185 -0.927231  0.833252  0.751462 -0.361942  0.788081 -0.0081544 -0.0243502  0.0371452 -0.0913125   0.320413  -0.619066   0.00838248 -0.000927363  -0.00318156  0.101484  0.124322 0.0587414    1.42472 -0.0638723   -9.70477 
               246.6 -7.32521  13.4899 -12.2006  -1.32853 -0.903994  0.790873  0.753638 -0.359813  0.786881 -0.00812276  -0.0244446   0.0371818 -0.0721031   0.366169  -0.532391  0.00906501 -0.00107733 -0.00255899 0.0994574  0.124722 0.0570187    1.42488 -0.0640606   -9.70475 
               246.7 -7.44901  12.9891 -13.2364  -1.31609 -0.881097  0.740712 0.754959 -0.35759 0.785063 -0.00810448  -0.0244597   0.0372188 -0.0762262   0.403286  -0.428993  0.00900014 -0.00140905 -0.00188351 0.0967718  0.125395 0.0569996      1.425 -0.0643098   -9.70473 
               246.8 -7.95621  12.9814 -13.6656  -1.30184 -0.852941  0.688123  0.755029 -0.355965  0.782503 -0.00807262  -0.0244835   0.0372921 -0.0220296     0.4396  -0.332422  0.00968035 -0.00174449 -0.00214953 0.0936603  0.125977 0.0581827    1.42511 -0.0645928   -9.70471 
               246.9 -7.47039  12.5312  -14.166  -1.30172 -0.824959  0.642059   0.75362 -0.356257  0.781693 -0.00806284    -0.02458   0.0373346 0.0763114  0.477984  -0.29394  0.00925766 -0.00210792 -0.00206184 0.0929803  0.127788 0.0601346    1.42495 -0.0647744   -9.70473 
                 247 -6.90672  12.0774 -15.0974  -1.25094 -0.817078  0.624913  0.752616 -0.358117  0.776441 -0.00798689  -0.0245306   0.0376963  0.196977  0.470016 -0.212129  0.00916883 -0.00236114 -0.00172184 0.0885282  0.130395 0.0588411    1.42506 -0.0654221   -9.70471 
               247.1 -7.08418  12.5081 -15.5003   -1.1988 -0.816528  0.596817  0.746387 -0.362632  0.772178 -0.00791937  -0.0246301    0.037963 0.267658 0.401754 -0.21281  0.00894307 -0.00173428 -0.00213919 0.0847064  0.133916  0.059698    1.42496 -0.0661033   -9.70472 
               247.2 -7.46433  12.7153 -16.2619  -1.15803 -0.831529  0.567316   0.73741 -0.368015  0.770102 -0.00783164  -0.0247302   0.0381023  0.302353   0.32998 -0.264753  0.00805708 -0.00157298 -0.00148502 0.0821097  0.137769 0.0611642    1.42471 -0.0667016   -9.70475 
               247.3 -8.36238  13.6217 -16.5806  -1.12073 -0.844306  0.538023  0.729078 -0.372331  0.770099 -0.00781572  -0.0248239   0.0380781  0.274712   0.30492 -0.262796  0.00870831 -0.00180525 -0.00184407 0.0803222  0.141844 0.0620567     1.4244 -0.0672169   -9.70479 
               247.4 -8.86147  14.1192 -16.8235  -1.08326 -0.845677  0.516067  0.724781 -0.375288  0.769369 -0.00786133   -0.024923   0.0381167  0.210063  0.304933 -0.246486   0.00842547 -0.000779731  -0.00234833 0.0781299  0.144662 0.0617706    1.42429 -0.0676625   -9.70481 
               247.5 -9.05476  14.9167 -16.6826  -1.05828 -0.844068  0.512627  0.723731 -0.374934  0.770961 -0.00807124  -0.0250329   0.0380978  0.188706   0.29687 -0.199177   0.00828804 -0.000726518  -0.00326408 0.0768966  0.148462 0.0595344     1.4241 -0.0680351   -9.70483 
               247.6 -9.48246  16.2249 -17.0507  -1.04105 -0.841642   0.49113  0.720537 -0.376801  0.770655 -0.00809032  -0.0250944   0.0381068  0.179576   0.27964 -0.179481  0.00809457 -0.00146758 -0.00368373 0.0761209  0.150435 0.0604183    1.42394 -0.0682702   -9.70486 
               247.7 -9.74377  16.6396 -16.8957  -1.03719 -0.866607  0.494144  0.718578 -0.377656  0.771152 -0.00824545  -0.0252031   0.0380809  0.156033  0.217727 -0.159236   0.00802682 -0.000928245  -0.00426435 0.0751237  0.154369 0.0598813    1.42367 -0.0686454   -9.70489 
               247.8 -9.68115   16.834 -17.1505  -1.03536 -0.850228  0.481233  0.717258 -0.377534  0.773871 -0.00835885  -0.0252423   0.0380071  0.0137421   0.263526 -0.0605747   0.00782786 -0.000852489  -0.00410403 0.0758283  0.157986 0.0595474    1.42331 -0.0688076   -9.70494 
               247.9 -9.61256  17.3704 -17.1913  -1.05632 -0.865296  0.504384  0.718666 -0.377183  0.774529 -0.00850505  -0.0253477   0.0380799 -0.219635  0.188111 0.0870955  0.00708764 0.000384753 -0.00470076 0.0754657  0.163328 0.0576488    1.42295 -0.0691981   -9.70499 
                 248 -10.2037  17.4086 -17.5812  -1.08314 -0.880918  0.518373  0.717763 -0.377551  0.773794 -0.00854311   -0.025417   0.0380835 -0.341231  0.134139  0.159893  0.00717768 0.000148296 -0.00431653 0.0755398  0.166556 0.0575511    1.42267 -0.0694275   -9.70503 
               248.1 -10.2659  17.0614  -17.359  -1.12231 -0.889948  0.544548  0.718031 -0.378053   0.77217 -0.00856518  -0.0254745    0.038092 -0.411177  0.128503  0.216217   0.00787068 -0.000751222  -0.00494428 0.0754374  0.169198 0.0569652    1.42247 -0.0696425   -9.70506 
               248.2 -8.29076  16.0556  -17.934  -1.13924 -0.919749  0.556317  0.716024 -0.378946  0.765525 -0.00851781  -0.0255398   0.0383149 -0.394985 0.0405454  0.237021  0.00667075 -0.00274106 -0.00469353 0.0741867  0.172228 0.0570542    1.42225 -0.0700577   -9.70509 
               248.3 -8.51002  15.2529 -18.0889  -1.17897 -0.938919  0.587388  0.715527 -0.379681   0.76066 -0.00844554   -0.025565   0.0383621  -0.415844 -0.0300165   0.264922  0.00719576 -0.00328289  -0.0048268 0.0732204  0.174011 0.0567244    1.42216 -0.0703356    -9.7051 
               248.4  -8.1657  12.2709 -19.2586  -1.22079 -0.975544  0.628229 0.715486 -0.38103 0.752225 -0.00823085  -0.0254385   0.0381104 -0.268701 -0.131839  0.142829  0.00733796 -0.00348115 -0.00486573 0.0709092  0.175224 0.0560196     1.4222 -0.0707509   -9.70509 
               248.5 -5.69639   8.8265 -20.1812 -1.20921 -1.00003 0.651771  0.721708 -0.382491  0.746065 -0.00774031  -0.0252139   0.0379905 -0.196822 -0.170963   0.15541  0.00795202 -0.00454733  -0.0047475 0.0691203  0.177823 0.0534859   1.42222 -0.071166  -9.70509 
               248.6 -5.85874  7.70915 -20.5791 -1.21529 -1.03757 0.676829   0.72376 -0.383208  0.741676 -0.00754315  -0.0250757     0.03777 -0.0302098  -0.143879  0.0563191   0.0086755 -0.00372659 -0.00434912 0.0676591  0.178318 0.0525134    1.42231 -0.0713936   -9.70507 
               248.7 -3.15219  4.90672 -22.1576 -1.20955 -1.04587 0.680105 0.725016 -0.38303 0.739712 -0.00745433  -0.0250174   0.0377236 -0.0270578  -0.151603  0.0554604  0.00875452 -0.00237114 -0.00433082 0.0665984   0.17894  0.052008    1.42233 -0.0715555   -9.70507 
               248.8 -2.91795  5.01213 -22.3118  -1.2155 -1.07241 0.691654  0.726985 -0.382329  0.741888 -0.00736051  -0.0250225   0.0378362 0.0367055 -0.161089 0.0482409   0.0086286 -0.00253654 -0.00426283 0.0667988  0.180787 0.0514649    1.42219 -0.0716159   -9.70509 
               248.9 -1.49291   4.0664 -23.1111 -1.20556 -1.09882 0.691818  0.725558 -0.383484  0.741197 -0.00736682  -0.0250611   0.0378563  0.0662257 -0.0252677  0.0171261  0.00884538 -0.00121863 -0.00423824 0.0664011   0.18099 0.0521008   1.42216 -0.071687  -9.70509 
                 249  1.57171  4.60891 -25.3538 -1.20996 -1.09941 0.677615  0.721943 -0.387888   0.74329 -0.00729314  -0.0251963    0.037802  0.0760357  0.0765983 -0.0160513  0.00925548 -0.00120712 -0.00461286 0.0677955  0.181344 0.0541593    1.42199 -0.0715771   -9.70512 
               249.1  2.71816  3.95671 -27.1415 -1.21844 -1.11077 0.667435   0.72074 -0.391003  0.751564 -0.00712679  -0.0252976   0.0377902  0.0626342   0.122884 -0.0206621   0.00908721 -0.000961322  -0.00503516 0.0685668  0.184541 0.0555033    1.42161 -0.0716065   -9.70517 
               249.2  3.68057  4.05983 -29.0373 -1.21269 -1.13384 0.665843  0.721407 -0.391594  0.758742 -0.00698262  -0.0252528   0.0379144  0.0760477  0.0765747 -0.0209614  0.00885378 -0.00114612 -0.00475471 0.0667879   0.18753   0.05551    1.42141 -0.0718861    -9.7052 
               249.3  4.03473  3.96332 -29.1099 -1.21147 -1.10912 0.673133 0.722059 -0.38883 0.761738 -0.00698329  -0.0252536   0.0378617 0.00374316   0.231238 0.00303922 0.00853984 -0.0010044 -0.0048466 0.0669645  0.188623 0.0545459     1.4213 -0.0718743   -9.70522 
               249.4  4.79659  4.86787 -30.3273 -1.22118 -1.07757 0.675034  0.721675 -0.388049  0.759405 -0.00698743  -0.0252264   0.0378013 -0.0511222    0.30248 0.00671703   0.00774277 -0.000726524  -0.00449225 0.0679231  0.187941 0.0544548    1.42131 -0.0717509   -9.70522 
               249.5  5.33256  4.75462 -30.4935 -1.21982 -1.09449 0.681158  0.720733 -0.386323  0.767444 -0.00710635  -0.0253258   0.0377322 -0.0551944   0.262059  0.0194019   0.00754478 -0.000597067  -0.00445775 0.0662913  0.190471 0.0534215    1.42111 -0.0719782   -9.70524 
               249.6  5.16137  5.23877 -30.6136  -1.2343 -1.05027 0.683953 0.720552 -0.38698 0.771368 -0.0071475 -0.0253638   0.037698 -0.125662  0.359642 0.0103155  0.00780398 -0.00111416 -0.00427734 0.0656859  0.191795 0.0534332      1.421 -0.0720802   -9.70526 
               249.7  6.57356  5.89301 -30.6488 -1.24412 -1.04437 0.678692   0.72076 -0.389852  0.780843 -0.00727317  -0.0254947   0.0376708  -0.120895   0.306297 -0.0257966   0.0067513 -0.00187332 -0.00469438 0.0641547  0.194992 0.0538668    1.42074 -0.0723379    -9.7053 
               249.8  6.94645  5.86816 -31.1435 -1.23804 -1.05168 0.667867  0.722182 -0.393669  0.791371 -0.00733999  -0.0256874   0.0376461 -0.0768579   0.226438 -0.0619115  0.00651356 -0.00230354 -0.00478865 0.0613476  0.198078 0.0544083    1.42058 -0.0727386   -9.70532 
               249.9  6.57055  5.99189 -31.3142 -1.23815 -1.06865 0.658301  0.721894 -0.395717  0.802641 -0.00745365  -0.0258581   0.0374632 -0.0496641   0.165272  -0.081395  0.00704513 -0.00270539 -0.00500236 0.0590579  0.201845 0.0543417    1.42026 -0.0730933   -9.70536 
                 250  6.63671  6.04528 -31.6102 -1.23614 -1.07279 0.656672 0.720236  -0.3941 0.808258 -0.00748789  -0.0260001   0.0373844 -0.0292136   0.149806 -0.0866482  0.00717292 -0.00276368 -0.00504725 0.0571421  0.203303 0.0531738    1.42014 -0.0733428   -9.70537 
               250.1  6.50503  5.65961 -32.1669 -1.24228 -1.09106 0.655663  0.717608 -0.391851  0.817911 -0.00748384  -0.0261597   0.0371938 -0.0420093     0.1082 -0.0854065  0.00718196 -0.00247098  -0.0047372 0.0551369  0.206548 0.0516749   1.41979 -0.073635  -9.70542 
               250.2  7.19217  5.99785 -32.8935  -1.2482 -1.09775  0.65564   0.71532 -0.389196  0.822236 -0.00744881  -0.0262139   0.0371736  -0.035904  0.0611461 -0.0684021  0.00623028 -0.00303149 -0.00402408 0.0540805  0.207915 0.0503579    1.41962 -0.0737794   -9.70545 
               250.3  6.83049  5.42338 -33.2436  -1.2505 -1.11672 0.651478  0.714556 -0.388452   0.82994 -0.00740261  -0.0262859   0.0370628 -0.0456865  0.0224294 -0.0669382  0.00621266 -0.00267468 -0.00398406  0.052332  0.210448 0.0496309    1.41937 -0.0740269   -9.70548 
               250.4  6.68099  5.76223 -33.4818 -1.25465 -1.13535 0.657019  0.711503 -0.384191  0.836322 -0.00734386  -0.0263911   0.0370034 -0.0523061  0.0117774  -0.052006  0.00635311 -0.00256005 -0.00407112 0.0501776   0.21214 0.0475134   1.41918 -0.074303  -9.70551 
               250.5  6.50423  5.47583 -33.9242 -1.25915 -1.14596 0.652386  0.710973 -0.383652  0.840224 -0.00732361   -0.026429   0.0369626  -0.0478975 -0.00593697  -0.0623621  0.00628316 -0.00229586 -0.00387829 0.0492613  0.213391 0.0470756    1.41906 -0.0744307   -9.70553 
               250.6  6.32939  5.89413 -34.5459 -1.25566 -1.17037 0.653055 0.709686 -0.38156 0.846209 -0.00726259  -0.0264724    0.036945 -0.0407198 -0.0536934 -0.0450069  0.00582989  -0.0027809 -0.00351013 0.0468424  0.214907 0.0457351    1.41894 -0.0747452   -9.70554 
               250.7  6.54487  6.37293 -34.4195 -1.25384 -1.18386 0.655926  0.708774 -0.379445  0.847434 -0.00724136  -0.0264948   0.0369811 -0.0627612 -0.0622192 -0.0322232  0.00545596 -0.00279595 -0.00366973 0.0453444  0.214838 0.0446363    1.41898 -0.0749278   -9.70553 
               250.8  6.40545  6.17408 -34.7007 -1.25813 -1.20769 0.647071  0.709359 -0.381047  0.853057 -0.00724486  -0.0265443   0.0369784 -0.0800153 -0.0862321 -0.0565438  0.00544395 -0.00227475 -0.00324943 0.0441097   0.21675 0.0448656    1.41881 -0.0751102   -9.70556 
               250.9  6.49151  7.01782 -34.6946 -1.25264  -1.2254 0.649616  0.708783 -0.378687  0.853457 -0.00722733  -0.0265611   0.0370505 -0.0608558  -0.105912 -0.0483972  0.00531678 -0.00300965 -0.00293914 0.0421144  0.216264 0.0435438    1.41893 -0.0753573   -9.70554 
                 251  6.33557    7.118 -34.7497 -1.25523 -1.23278 0.651694  0.708149 -0.376585  0.851805 -0.00721299  -0.0265488   0.0370646 -0.0623677 -0.0937627 -0.0407539  0.00550236 -0.00306495 -0.00306914 0.0416878  0.215414 0.0427014    1.41903 -0.0753984   -9.70552 
               251.1 5.91277  6.9605 -34.456 -1.24298 -1.22954 0.662829  0.707918 -0.372486  0.845513 -0.00710044  -0.0265319   0.0371379 -0.0293486 -0.0629375 -0.0200905  0.00588853 -0.00288396 -0.00326256 0.0403369  0.212339 0.0410241    1.41943 -0.0755301   -9.70546 
               251.2  6.0855  7.0336 -34.453 -1.24419  -1.2255 0.674511  0.706805 -0.368524  0.841526 -0.0070526 -0.0264865  0.0371516  -0.045542 -0.0375679 0.00435813  0.00565895  -0.0028296 -0.00324878 0.0402453  0.210538 0.0396046    1.41962 -0.0755125   -9.70544 
               251.3  5.86688  7.17582 -34.7678 -1.24257 -1.22718 0.689098  0.705842 -0.364673  0.839328 -0.00701261  -0.0264695   0.0371727 -0.0583768 -0.0332453  0.0254064  0.00562054 -0.00275376  -0.0030574 0.0392451  0.209271 0.0379518    1.41977 -0.0756225   -9.70541 
               251.4   5.4789  6.64424 -34.5815 -1.23514 -1.22085 0.703367  0.705895 -0.361634   0.83476 -0.00693539  -0.0264436   0.0372013  -0.050139 -0.0030564  0.0392923  0.00594377  -0.0023257 -0.00351327 0.0382522  0.206983 0.0366721    1.42008 -0.0757217   -9.70537 
               251.5  5.71452  6.69556 -34.8066 -1.22212 -1.20786 0.713587  0.707027 -0.360457  0.828756 -0.00690603  -0.0263862   0.0371851 -0.0219477   0.024093  0.0417814  0.00573818 -0.00250243 -0.00338863 0.0375005  0.204114 0.0361991    1.42048 -0.0757889   -9.70531 
               251.6  5.87744  6.65646 -34.8766  -1.2113 -1.19818 0.716629  0.708222 -0.361101  0.825312 -0.00690158   -0.026356   0.0371567 0.0017804 0.0477785 0.0345404  0.00561635 -0.00268083 -0.00350617 0.0370286  0.202478 0.0364336    1.42073 -0.0758361   -9.70527 
               251.7  5.73532  6.37897 -35.3178 -1.20499 -1.18457 0.713154  0.709418 -0.363101  0.822966 -0.00694476  -0.0263368   0.0371405 0.00205674  0.0807656  0.0155644  0.00578912 -0.00243522 -0.00346517 0.0372405  0.201496  0.037337    1.42087 -0.0758026   -9.70525 
               251.8  5.75919  5.99127 -35.5098 -1.20187 -1.17011 0.714481  0.709864 -0.363155  0.820837 -0.00695932  -0.0263167   0.0371341 -0.00281586    0.101246  0.00863901  0.00561997  -0.0021539 -0.00350295 0.0373473  0.200564  0.037438      1.421 -0.0757793   -9.70523 
               251.9  4.72409  5.61088 -35.7411 -1.21129  -1.1503 0.725809  0.708656 -0.359994   0.82058 -0.00692974   -0.026356   0.0371466 -0.0220875   0.151121  0.0224963  0.00657723 -0.00200433 -0.00341665 0.0379264  0.200477 0.0363626    1.42095 -0.0756888   -9.70524 
                 252   4.8259  5.27405 -35.5782 -1.20919 -1.14701 0.717465  0.709403 -0.362945  0.822867 -0.00694981  -0.0263752   0.0371185  -0.0308327    0.156864 -0.00105572  0.00644297 -0.00175982  -0.0036084 0.0372927  0.201433 0.0372892    1.42088 -0.0757933   -9.70525 
               252.1  4.91266  5.23795 -35.6896 -1.21436 -1.14201  0.71245  0.709552 -0.364324  0.823284 -0.0069755 -0.0263824  0.0371133 -0.0419213   0.163818 -0.0132981  0.00629114 -0.00182723 -0.00346011 0.0380066  0.201765 0.0379925    1.42082 -0.0757046   -9.70526 
               252.2  5.45559  5.46038 -35.4589 -1.21952 -1.11989 0.705591  0.709781 -0.365314  0.824578 -0.00697644  -0.0264104   0.0371341 -0.0554154   0.176943 -0.0296984  0.00577481  -0.0021014 -0.00367237 0.0375435  0.202254  0.038244    1.42079 -0.0757734   -9.70526 
               252.3  5.00084  4.59728 -35.5539 -1.21957 -1.11742 0.710258  0.709351 -0.363642  0.825104 -0.00695201  -0.0264118   0.0371382 -0.0643191   0.185245 -0.0221334  0.00609946 -0.00147804 -0.00364231 0.0368715  0.202318 0.0374322    1.42079 -0.0758568   -9.70526 
               252.4  5.29861  5.34042 -35.3738 -1.23109 -1.09931 0.714704  0.708415 -0.361487  0.827996 -0.00697483  -0.0264227   0.0371914  -0.084787   0.181036 -0.0168421  0.00581248 -0.00221896  -0.0037621 0.0356489  0.203279 0.0362511    1.42068 -0.0760203   -9.70527 
               252.5  4.83113  4.83704 -35.4796 -1.22807 -1.11034  0.71495 0.708317 -0.36166 0.831461 -0.00696023   -0.026456   0.0372123  -0.081256   0.160505 -0.0184202  0.00618611 -0.00172308 -0.00372508 0.0341396  0.204471 0.0358633    1.42059 -0.0762326   -9.70529 
               252.6   4.7025  5.06954 -35.5134 -1.23964 -1.09744 0.712218  0.708093 -0.361564  0.834553 -0.00695223  -0.0264857   0.0372348 -0.0986129    0.17239 -0.0290737  0.00629402 -0.00193613 -0.00368512 0.0329022  0.205544 0.0354521   1.42049 -0.076406   -9.7053 
               252.7 4.52802 4.67549 -35.461 -1.22683 -1.11029 0.719037  0.708139 -0.359877  0.836453 -0.0069108 -0.0265054  0.0372739 -0.0687241   0.143265  -0.012906   0.0064236 -0.00173616 -0.00381808 0.0301776  0.205868 0.0341139    1.42054 -0.0767642   -9.70529 
               252.8  4.89123  4.66065 -35.5533 -1.24057 -1.09823 0.723837  0.707467 -0.358046  0.839231 -0.00689005  -0.0265122    0.037304   -0.104054    0.151779 -0.00943512   0.0060631 -0.00174157 -0.00374852 0.0289742  0.206776 0.0330984   1.42044 -0.076921   -9.7053 
               252.9  4.93449  4.77167 -35.7994 -1.23353 -1.11441 0.720161  0.707855 -0.359861  0.842748 -0.00685646  -0.0265224   0.0373499 -0.0839206   0.112796 -0.0169664  0.00603232 -0.00184538 -0.00353018 0.0272227  0.208006 0.0332398    1.42037 -0.0771751   -9.70531 
                 253  4.94509  4.87149 -35.5202  -1.2401 -1.11211 0.717474  0.707918 -0.360067  0.845467 -0.00684273  -0.0265488   0.0374012 -0.0929049   0.115282  -0.026456  0.00605538 -0.00196513 -0.00379379 0.0255989  0.208887 0.0328514    1.42031 -0.0773994   -9.70532 
               253.1  4.64925  4.76558 -35.7955 -1.23071 -1.11984 0.715912 0.708495 -0.36114 0.846425 -0.00681939  -0.0265415   0.0374246 -0.0649705    0.10127 -0.0275498   0.0062634 -0.00195348 -0.00352059 0.0240366  0.209094 0.0328082    1.42036 -0.0776174   -9.70531 
             253.199  4.64048  4.66883 -35.6405  -1.2356 -1.11169 0.711417  0.708584 -0.361263  0.848115 -0.00680273  -0.0265575   0.0374325 -0.0666811   0.124467 -0.0386216  0.00630108 -0.00187733  -0.0036734 0.0228715  0.209624 0.0325192    1.42033 -0.0777773   -9.70531 
               253.3  5.17138  4.88023 -35.5068 -1.22953 -1.10001 0.705008  0.709532 -0.362483  0.846615 -0.00677933   -0.026558   0.0374434 -0.0667986   0.137488 -0.0490575  0.00578322 -0.00192584 -0.00375192  0.021818  0.208917 0.0327019    1.42048 -0.0779216   -9.70529 
             253.399  5.00629  4.93041 -35.8222 -1.23574 -1.10562 0.702139  0.709063 -0.362214  0.850603 -0.00675396  -0.0265804   0.0374613 -0.0798568   0.126896 -0.0519089  0.00589304 -0.00183494 -0.00334615 0.0206927  0.210358 0.0322456    1.42033 -0.0780779   -9.70531 
               253.5  4.65976  5.28228 -35.8328 -1.23696 -1.09682  0.70043  0.709117 -0.361454  0.850905 -0.00674561  -0.0265806   0.0374849 -0.0708071   0.141213 -0.0487247  0.00618238 -0.00215352 -0.00333199 0.0197743  0.210333 0.0317361    1.42036 -0.0781947   -9.70531 
               253.6   4.7976  5.31994 -35.0654 -1.24076 -1.09614 0.700626  0.708768 -0.360289  0.853291 -0.00675606   -0.026625   0.0375018 -0.0723136   0.133505 -0.0434288   0.0060842 -0.00225629 -0.00397177 0.0186091  0.211103 0.0309777    1.42029 -0.0783458   -9.70531 
               253.7  4.87283  5.28726 -35.1786 -1.23748 -1.09224 0.699134  0.709124 -0.360471  0.852864 -0.00674253  -0.0266296   0.0375099 -0.0663667   0.137975 -0.0449757   0.0059189 -0.00218342 -0.00378943 0.0179507  0.210839 0.0308827    1.42035 -0.0784321    -9.7053 
               253.8  4.76509  5.14689 -35.2663 -1.24751 -1.08674 0.695182  0.708704 -0.360187  0.855194 -0.00673508  -0.0266501   0.0375047 -0.0834265   0.134093 -0.0489413  0.00594837 -0.00208164 -0.00371241  0.017603  0.211732 0.0306472    1.42025 -0.0784818   -9.70532 
               253.9  5.14317   5.1386 -35.3288 -1.24761 -1.08805 0.699524  0.708315 -0.358178  0.856458 -0.00669787  -0.0266407    0.037515  -0.084792   0.115893 -0.0382963   0.0054743 -0.00213804 -0.00362312 0.0163124  0.212013 0.0295764    1.42024 -0.0786407   -9.70532 
             253.999  5.17283  5.18867 -35.1435  -1.2578 -1.08182 0.697622  0.708101 -0.357016  0.858598 -0.00666628  -0.0266527   0.0375286  -0.106582   0.106379 -0.0421607  0.00545118 -0.00217298 -0.00385292 0.0147279  0.212632 0.0287154    1.42021 -0.0788456   -9.70532 
               254.1 5.11499  5.3104 -35.296 -1.24916 -1.10604 0.707544  0.707397 -0.354211  0.863568 -0.00658954  -0.0266652   0.0375484 -0.0847581  0.0472937 -0.0182216  0.00544697 -0.00230898 -0.00373916 0.0116552  0.214196 0.0268291     1.4201 -0.0792423   -9.70533 
             254.199  5.29363  5.41978 -35.3209 -1.25407 -1.10386  0.69985   0.70801 -0.355548  0.863493 -0.00657838  -0.0266543   0.0375582 -0.0867633  0.0459524 -0.0331266  0.00527387 -0.00241138 -0.00373376 0.0107219  0.214072 0.0270685    1.42016 -0.0793725   -9.70532 
             254.299  5.13756   5.5876 -35.3246 -1.24738 -1.11814 0.699691 0.708308 -0.35534 0.865195 -0.00653929  -0.0266502   0.0375835 -0.0682207 0.00934854  -0.032874  0.00529287 -0.00253646 -0.00375394 0.00848749   0.214499  0.0263825    1.42019 -0.0796677   -9.70532 
             254.399 5.26518  6.0662 -35.511 -1.24248 -1.12362 0.690074  0.709006 -0.358661  0.865644 -0.00652891  -0.0266459   0.0375966 -0.0512655 -0.0089419  -0.051784  0.00511823 -0.00292434 -0.00354616 0.00817581   0.214738   0.027483    1.42019 -0.0797296   -9.70532 
             254.499 5.06487 5.68589 -35.481 -1.24002 -1.13132 0.692223  0.709153 -0.356376  0.865307 -0.00649422   -0.026635   0.0376089  -0.0579397 -0.00511513  -0.0391195  0.00530475 -0.00258383 -0.00361604 0.00660446   0.214363  0.0262596    1.42028 -0.0799199    -9.7053 
               254.6  5.28219  6.21618 -35.2663 -1.24123  -1.1436 0.681527  0.709453 -0.358323  0.866608 -0.00648741  -0.0266511    0.037619  -0.054284 -0.0313468 -0.0527762   0.0050904 -0.00297625 -0.00381706 0.00599211   0.214896  0.0267698    1.42025 -0.0800149   -9.70531 
             254.699 4.76243 6.20135 -35.554 -1.23684 -1.14627 0.688185  0.709523 -0.355527  0.865308 -0.0064683 -0.0266506  0.0376479 -0.0335793 -0.0233755 -0.0334456  0.00547417 -0.00300642 -0.00353406 0.00500396   0.214191  0.0255286    1.42036 -0.0801242   -9.70529 
             254.799  5.06052  5.99441 -35.5091 -1.23592 -1.15792 0.687534 0.709508 -0.35501 0.866148 -0.00644949  -0.0266552   0.0376463 -0.0387793 -0.0482237  -0.033755  0.00509177 -0.00291338 -0.00355534 0.00419095   0.214459  0.0251089    1.42035 -0.0802303   -9.70529 
             254.899  5.20011  5.89055 -35.4066 -1.23576 -1.15958 0.690306  0.709628 -0.353481  0.864793 -0.00642941  -0.0266397   0.0376472 -0.0439696 -0.0427003  -0.028981  0.00489764 -0.00283556 -0.00361644 0.00383795   0.213825  0.0244911    1.42043 -0.0802642   -9.70528 
             254.999  4.79472  5.79142 -35.3683 -1.22269  -1.1612 0.688954 0.710491 -0.35385 0.862075 -0.00640474  -0.0266236   0.0376556 -0.0107852 -0.0326731  -0.029881  0.00524006 -0.00281172 -0.00367245 0.0028929  0.212625 0.0244192    1.42062 -0.0803819   -9.70525 
               255.1  4.79042  5.69965 -35.4942 -1.22165 -1.16198 0.693915  0.710391 -0.352189  0.861875 -0.00638483  -0.0266254    0.037661 -0.0118322   -0.03232 -0.0194543  0.00517482 -0.00273773 -0.00358923  0.002571  0.212479 0.0237415    1.42064 -0.0804143   -9.70525 
