             39.1003 0 0 0  0.000302221 -7.53629e-05  0.000149803 0 0 0   -0.011 -0.02329  0.04412   0.00242115 -0.000645453   0.00145518 0.000856544 -0.00260957  -0.0043055 0 0 0    1.5511 0.0900419  -9.68517 
             39.2003  -0.121879  0.0510463 -0.0863547  0.00685084 -0.00469216 -0.00948527 0 0 0   -0.011 -0.02329  0.04412   0.00831784    0.0043686 -0.000828841   0.0008566 -0.00260957 -0.00430547 -1.18464e-07  1.14273e-07  2.02684e-07    1.5511 0.0900418  -9.68517 
             39.3003  -0.169104   0.079163 -0.0543133  0.00975041 -0.00325074 -0.00994885 0 0 0   -0.011 -0.02329  0.04412   0.0245611   0.0130865 -0.00312327  0.00100306 -0.00269477 -0.00439729 -4.23319e-06 -1.82827e-06  7.69745e-07    1.5511 0.0900437  -9.68517 
             39.4002    -0.122594 -0.000965926    -0.128479    0.0168688 -0.000250716   0.00423548 0 0 0   -0.011 -0.02329  0.04412 0.0387762 0.0200193 0.0497313 0.000820637 -0.00240254 -0.00413996 -0.000151497 -7.67467e-05 -0.000280408   1.55128 0.0901184  -9.68514 
             39.5004 -0.00585614 -0.00421387   -0.127935  0.0193687 -0.0011523 0.00411868 0 0 0   -0.011 -0.02329  0.04412 0.0431336 0.0127743 0.0427458 0.000450381 -0.00238595 -0.00411982 -0.000616209  0.000274817  5.19111e-05   1.55167 0.0897752  -9.68508 
             39.6002 -0.0275814 -0.0173913  -0.128654    0.0211204 -0.000939474   0.00596126 0 0 0   -0.011 -0.02329  0.04412  0.0308616 0.00854657  0.0305933 0.000527703 -0.00235832 -0.00412574  0.00177058 0.000953263 0.000612163  1.54934 0.089124 -9.68546 
             39.7003  -0.113409 -0.0392022  -0.143352   0.0212917 -0.00200239  0.00477713 0 0 0   -0.011 -0.02329  0.04412  0.0286025 0.00546248  0.0244153 0.000790713 -0.00230397 -0.00407318  0.0026824 0.00240591 0.00184267    1.5483 0.0877174  -9.68564 
             39.7995 -0.00693301  -0.0535308   -0.140651   0.0226099 -0.00429158  0.00706192 0 0 0   -0.011 -0.02329  0.04412    0.020025 -0.00300053   0.0218103 0.000449581  -0.0022607 -0.00407577 0.00634988 0.00513924 0.00245873   1.54477 0.0850942  -9.68622 
             39.9002 -0.0546903  -0.102105  -0.183491    0.020494 -0.00852091   0.0116256 0 0 0   -0.011 -0.02329  0.04412 0.00319615 -0.0132393   0.024573 0.000601007 -0.00207512 -0.00394146   0.0137132   0.0103067 7.12411e-05   1.53822 0.0801712  -9.68731 
             40.0003 -0.105121 -0.132001 -0.166984  0.0142342 -0.0092337  0.0101142 0 0 0   -0.011 -0.02329  0.04412  -0.019792 -0.0116154  0.0150406 0.000745436 -0.00201298 -0.00399956  0.0236175 0.00974575 0.00483708   1.52821 0.0806979  -9.68889 
             40.1002 -0.0782755 -0.0734614  -0.173637   0.011031  -0.011149 0.00975291 0 0 0   -0.011 -0.02329  0.04412  -0.026776 -0.0148232 0.00982835 0.000662884 -0.00219307 -0.00398564  0.0254695  0.0109525 0.00737892  1.52609 0.079521 -9.68923 
             40.2003  0.0306034 -0.0392751  -0.181589  0.0110024 -0.0116515  0.0061532 0 0 0   -0.011 -0.02329  0.04412  -0.0218762  -0.0143129 -0.00184005 0.000387072 -0.00228385  -0.0039587 0.0207962 0.0093334  0.015106   1.52934 0.0809879  -9.68871 
             40.3002   -0.14058 -0.0206228  -0.145639  0.0120863 -0.0121979 0.00176174 0 0 0   -0.011 -0.02329  0.04412 -0.0143377 -0.0101756 -0.0133258 0.000885717 -0.00233506 -0.00405887  0.0160727 0.00861182  0.0222182   1.53272 0.0815956  -9.68817 
             40.4002 -0.0229905  -0.052048  -0.198549  0.0133885 -0.0122359 0.00596182 0 0 0   -0.011 -0.02329  0.04412 -0.00964179  -0.0092604 -0.00245634 0.000570363 -0.00224497 -0.00390102  0.0131356 0.00728315  0.0134488  1.53678 0.082934 -9.68751 
             40.5003  -0.061081 -0.0185361  -0.206158  0.0137232 -0.0147478 0.00410777 0 0 0   -0.011 -0.02329  0.04412 -0.00759933  -0.0154906 -0.00831998 0.000666289 -0.00233414 -0.00389006 0.0120047 0.0100521 0.0166942   1.53735 0.0802382  -9.68744 
             40.6002  0.102249 -0.034787 -0.240971  0.0161257 -0.0127332 0.00867946 0 0 0   -0.011 -0.02329  0.04412 -0.000467086  -0.00904297   0.00347797 0.000222142  -0.0023028 -0.00378478 0.00890398 0.00615849 0.00843086   1.54149 0.0840349  -9.68676 
             40.7003 -0.0796584 -0.0445532  -0.291355  0.0178023 -0.0134721 0.00518931 0 0 0   -0.011 -0.02329  0.04412  0.00350526 -0.00674783 -0.00731403 0.000729906 -0.00226385 -0.00364057 0.00678348  0.0060908  0.0141185   1.54264 0.0840392  -9.68657 
             40.7994 0.0627437 -0.017851 -0.256907  0.0164881 -0.0139134 0.00435112 0 0 0   -0.011 -0.02329  0.04412 -0.00196389 -0.00879591  -0.0088522  0.00030298 -0.00233839 -0.00373662 0.00824995 0.00508705  0.0132836   1.54139 0.0850211  -9.68676 
             40.9002 -0.0502607 -0.0408897  -0.274027  0.0173529 -0.0152517 0.00304124 0 0 0   -0.011 -0.02329  0.04412 -0.000203144  -0.00859806   -0.0106069 0.000578375 -0.00228711 -0.00371335 0.00734391 0.00570368  0.0139742   1.54213 0.0844153  -9.68665 
             41.0003 -0.0241283 -0.0432055   -0.30734  0.0177347 -0.0147225 0.00540741 0 0 0   -0.011 -0.02329  0.04412 -0.00027587 -0.00557181 -0.00527881 0.000515073 -0.00228201 -0.00362998  0.0072276 0.00468066  0.0100838   1.54283 0.0854241  -9.68653 
             41.1002 -0.0256281 -0.0244894  -0.229533  0.0183445 -0.0133657 0.00732658 0 0 0   -0.011 -0.02329  0.04412  0.000787212  -0.00124424 -0.000832411  0.00049534 -0.00233047 -0.00384053 0.00692268 0.00344252 0.00760465  1.54349 0.086626 -9.68641 
             41.2001    0.155854 -0.00408454   -0.203949  0.0178102 -0.0123613 0.00766592 0 0 0   -0.011 -0.02329  0.04412 -0.00134279  -0.0019118 0.000288187 4.30928e-05 -0.00237193 -0.00389459 0.00733107 0.00256014 0.00713902   1.54319 0.0874811  -9.68645 
             41.3003  0.0520967 0.00209453  -0.354023   0.022157 -0.0123454 0.00467946 0 0 0   -0.011 -0.02329  0.04412   0.0109156 -0.00098952 -0.00635299 0.000299096 -0.00238068 -0.00353102 0.00447964 0.00247137  0.0101228   1.54541 0.0875105   -9.6861 
             41.4002   0.051244 -0.0616095  -0.267719  0.0224385 -0.0120403 0.00691635 0 0 0   -0.011 -0.02329  0.04412   0.00699482 -0.000756776 -0.000924614 0.000271706  -0.0022354 -0.00376152 0.00501332  0.0021909 0.00752354    1.5453 0.0878016  -9.68611 
             41.5003 -0.00233369  -0.0223475   -0.291038  0.0205307 -0.0132362 0.00572859 0 0 0   -0.011 -0.02329  0.04412  0.00131831 -0.00428261  -0.0049234 0.000404534 -0.00233809 -0.00371143 0.00643441  0.0030067 0.00846576   1.54382 0.0870329  -9.68636 
             41.6003  0.153264 0.0563758 -0.282969  0.0207347 -0.0128492 0.00519086 0 0 0   -0.011 -0.02329  0.04412  0.00239631 -0.00610286 -0.00429185 -7.27505e-06  -0.00254999  -0.00373012 0.00654699 0.00221827 0.00813986   1.54378 0.0877919  -9.68636 
             41.7002  0.0811942 -0.0427749  -0.177469  0.0184621 -0.0119602 0.00422484 0 0 0   -0.011 -0.02329  0.04412  -0.0065458 -0.00309852  -0.0072483 0.000150138 -0.00230832 -0.00397348  0.0079022 0.00168114 0.00871269   1.54243 0.0883226  -9.68657 
             41.7993   0.0657467 0.000818434    -0.23191  0.0171261 -0.0125643  0.0054747 0 0 0   -0.011 -0.02329  0.04412 -0.00851341  -0.0045923 -0.00301484  0.00019227 -0.00242952 -0.00383554 0.00820498 0.00168069 0.00706974    1.5424 0.0883327  -9.68657 
             41.9002  0.0503669 -0.0202073  -0.281265   0.017396 -0.0125578 0.00467871 0 0 0   -0.011 -0.02329  0.04412 -0.00658457 -0.00335523 -0.00396486  0.00023121 -0.00237323 -0.00372935  0.0075138 0.00139974 0.00733137     1.543 0.0885927  -9.68647 
                  42 -0.00564477   0.0471011   -0.235763  0.0164039 -0.0118343 0.00129079 0 0 0   -0.011 -0.02329  0.04412  -0.00622076 -0.000565862   -0.0105781 0.000370027 -0.00251382 -0.00383377 0.00761116   0.001018  0.0091824   1.54263 0.0889555  -9.68653 
                42.1 0.0522578 0.0293016 -0.186632   0.0178338 -0.00930227  0.00115244 0 0 0   -0.011 -0.02329  0.04412 -0.00142301  0.00423814 -0.00922293  0.00024498 -0.00247179 -0.00393993   0.00678665 -7.87494e-05   0.00865011   1.54349 0.0899971  -9.68638 
             42.2001  0.160637 0.0547349 -0.261314   0.0192986 -0.00971986  0.00066087 0 0 0   -0.011 -0.02329  0.04412   0.00317531 -0.000370624  -0.00897285  1.1179e-05 -0.00252215 -0.00376832  0.00617264 0.000141132  0.00843599   1.5441 0.089782 -9.68629 
             42.3001    0.173489 -0.00685158   -0.220524  0.0183981 -0.0111673 0.00667007 0 0 0   -0.011 -0.02329  0.04412 -0.00184722 -0.00625661  0.00365622 1.06574e-05 -0.00238336 -0.00385624  0.00691373 0.000560881  0.00426824   1.54404 0.0894004   -9.6863 
             42.4001   0.0730259 -0.00683246   -0.233837  0.0183094  -0.008457 0.00706704 0 0 0   -0.011 -0.02329  0.04412 -0.00181516  0.00132745  0.00346012 0.000233878 -0.00237886 -0.00383329   0.00688145 -0.000663723   0.00420434   1.54409 0.0905703  -9.68628 
             42.5001  0.172151 -0.076255 -0.291962   0.0194374 -0.00882832  0.00979341 0 0 0   -0.011 -0.02329  0.04412 0.000694076 -0.00120945  0.00839877 2.66368e-05 -0.00223059 -0.00371673   0.00641752 -0.000547409   0.00258109  1.54477 0.090461 -9.68617 
             42.6001  0.0741807 0.00365983  -0.232232   0.0186914 -0.00947775   0.0084214 0 0 0   -0.011 -0.02329  0.04412 -0.000172641   -0.0034652   0.00286084 0.000239103 -0.00240209 -0.00384545   0.00666145 -0.000390037   0.00390857   1.54434 0.0903088  -9.68625 
             42.7001   0.178726 -0.0274667  -0.266604  0.0197723 -0.0105073 0.00757107 0 0 0   -0.011 -0.02329  0.04412  0.00287543 -0.00742693  0.00164469 2.42104e-05  -0.0023349 -0.00378186   0.00608904 -3.67069e-05   0.00456997   1.54477 0.0899679  -9.68618 
             42.7993 0.0644227 0.0308726 -0.231982   0.0163192 -0.00975045  0.00634622 0 0 0   -0.011 -0.02329  0.04412 -0.00453429 -0.00456872 -0.00176612 0.000281231 -0.00245842 -0.00385645   0.00734146 -0.000648594   0.00505087   1.54353 0.0905563  -9.68637 
             42.9001   0.118733 -0.0233135  -0.195359   0.017322 -0.0110199 0.00618832 0 0 0   -0.011 -0.02329  0.04412 -0.00205886 -0.00834384 -0.00231486 0.000163579 -0.00234089  -0.0039312   0.00677058 -0.000462539   0.00509845   1.54405 0.0903761  -9.68629 
             43.0002   0.0877353 -0.00905369   -0.228209   0.0202905 -0.00806612  0.00592743 0 0 0   -0.011 -0.02329  0.04412    0.0055992 -0.000203482  -0.00314133 0.000232067 -0.00236891 -0.00385954  0.00574517 -0.00162612  0.00522164   1.54499 0.0914796  -9.68613 
             43.1002   0.111683 -0.0578711  -0.239911  0.0194918 -0.0108883 0.00788802 0 0 0   -0.011 -0.02329  0.04412 0.000860822 -0.00811256 5.55139e-05 0.000186285 -0.00227437 -0.00383911   0.00620293 -0.000825353   0.00413491   1.54473 0.0907217  -9.68618 
             43.2001  0.0923512 -0.0139202  -0.245641   0.0197018 -0.00932138  0.00577518 0 0 0   -0.011 -0.02329  0.04412  0.00178951 -0.00316117 -0.00363464 0.000238098 -0.00235379 -0.00383038  0.00607337 -0.00145772  0.00520529  1.54469  0.09132 -9.68618 
             43.3001    0.192846 -0.00376581   -0.196674   0.017348 -0.0110323 0.00649026 0 0 0   -0.011 -0.02329  0.04412 -0.00407201 -0.00992648 -0.00198142 5.10053e-05 -0.00237519  -0.0039282  0.00686089 -0.00122787  0.00458014   1.54405 0.0911052  -9.68628 
             43.4002   0.119291 -0.0113306  -0.226673   0.0172712 -0.00897745  0.00620836 0 0 0   -0.011 -0.02329  0.04412 -0.00318643 -0.00384389 -0.00276601 0.000195994 -0.00235184 -0.00387193  0.00672687 -0.00210529  0.00460355   1.54417 0.0919384  -9.68626 
             43.5001 -0.013383 0.0184723 -0.202151  0.0163932 -0.0130488 0.00323933 0 0 0   -0.011 -0.02329  0.04412 -0.00490052  -0.0131497 -0.00853243  0.00047002 -0.00239987 -0.00392149   0.00692116 -0.000717089   0.00605115   1.54378 0.0906197  -9.68633 
             43.6001   0.0363871 -0.00683569   -0.252921  0.0176398 -0.0124739 0.00219377 0 0 0   -0.011 -0.02329  0.04412 -0.000703337  -0.00873059  -0.00879968 0.000369914 -0.00234186 -0.00381892  0.00638194 -0.00126052  0.00618031   1.54426 0.0911349  -9.68625 
             43.7001  0.016351 0.0507028 -0.250746  0.0151794 -0.0166367 0.00176386 0 0 0   -0.011 -0.02329  0.04412 -0.00637279  -0.0160934 -0.00818814 0.000410948 -0.00244373  -0.0038263   0.00716889 -0.000302763   0.00585963   1.54358 0.0902279  -9.68637 
             43.7995 -0.0297838 -0.0247407    -0.2941  0.0180823 -0.0146359 0.00241536 0 0 0   -0.011 -0.02329  0.04412  0.00167878 -0.00652511 -0.00686983 0.000507392 -0.00229506 -0.00374296  0.00608922 -0.00127822  0.00538457   1.54464 0.0911503  -9.68619 
             43.8995 0.0688752 0.0864738 -0.333274   0.0184554  -0.0136278 -0.00118455 0 0 0   -0.011 -0.02329  0.04412  0.00471919 -0.00321919  -0.0115833  0.00032623 -0.00250501 -0.00366696  0.00610532 -0.00181326  0.00626406    1.5445 0.0916542  -9.68621 
             44.0001  0.0339626 -0.0204117  -0.245677  0.0207786 -0.0134276  0.0024558 0 0 0   -0.011 -0.02329  0.04412  0.00681556 -0.00143775 -0.00277768 0.000407853 -0.00230612 -0.00382589  0.00569177 -0.00195179  0.00445389   1.54515 0.0917918   -9.6861 
             44.1002 0.0491558 0.0576299 -0.257009    0.0209662   -0.0115019 -0.000709896 0 0 0   -0.011 -0.02329  0.04412   0.0075155   0.0028841 -0.00806408 0.000389534 -0.00243435 -0.00380938  0.00579672 -0.00243811  0.00547452   1.54491 0.0922456  -9.68614 
             44.2001 -0.0184299 -0.0260919  -0.250405  0.0224782 -0.0124598 0.00290375 0 0 0   -0.011 -0.02329  0.04412   0.00747222    0.0016147 -0.000316976 0.000518053 -0.00227958 -0.00382539  0.00566758 -0.00214123  0.00388908   1.54527 0.0919765  -9.68608 
                44.3 0.0390993 0.0446597 -0.274991  0.0229274 -0.0095585 0.00115014 0 0 0   -0.011 -0.02329  0.04412  0.00830386  0.00749443 -0.00436597  0.00040653 -0.00240831 -0.00378307  0.00572307 -0.00280313  0.00447758   1.54513 0.0925965   -9.6861 
                44.4 0.0403242 -0.025748 -0.243353  0.0209177 -0.0110291 0.00524592 0 0 0   -0.011 -0.02329  0.04412 -6.47185e-05   0.00204707    0.0028213  0.00041248 -0.00228874 -0.00383379 0.00650587 -0.0022902 0.00279719   1.54467 0.0921418  -9.68618 
                44.5   0.0362123 -0.00697095   -0.241793   0.019741 -0.0111525  0.0055208 0 0 0   -0.011 -0.02329  0.04412 -0.00303618  0.00110024  0.00146574  0.00041653 -0.00231802 -0.00384323  0.00681157 -0.00221417  0.00273466    1.5444 0.0920745  -9.68622 
                44.6  0.0555507 -0.0086807  -0.218971  0.0176313 -0.0126358 0.00587692 0 0 0   -0.011 -0.02329  0.04412 -0.00773853 -0.00322234  0.00218347 0.000378791 -0.00231376 -0.00387735  0.00726185 -0.00185405  0.00262461     1.544 0.0917411  -9.68629 
             44.7001   0.029545 -0.0257025  -0.250144  0.0178405 -0.0107052 0.00742463 0 0 0   -0.011 -0.02329  0.04412 -0.00680766  0.00242547  0.00520192 0.000422785  -0.0022853 -0.00382236   0.0071753 -0.00240176   0.0020495   1.54417 0.0922638  -9.68625 
             44.7994 -0.00358493   -0.065078   -0.241187 0.0186082 -0.013618 0.0103722 0 0 0   -0.011 -0.02329  0.04412 -0.00491848 -0.00305522  0.00816096 0.000481788 -0.00221859 -0.00384119  0.00676069 -0.00171627  0.00150493   1.54463 0.0916239  -9.68619 
             44.9001  0.054598 -0.061889 -0.249469  0.0167803 -0.0131893 0.00950661 0 0 0   -0.011 -0.02329  0.04412 -0.00903479 -0.00172279  0.00473305 0.000396452 -0.00221934 -0.00382717  0.00699728 -0.00189841  0.00204541   1.54433 0.0917878  -9.68623 
                  45  0.0662383 -0.0347376  -0.291377  0.0163757 -0.0151505 0.00556651 0 0 0   -0.011 -0.02329  0.04412 -0.00732917 -0.00628888 -0.00450993 0.000367036 -0.00226311 -0.00376373  0.00682181 -0.00151491  0.00347251   1.54428 0.0914059  -9.68624 
             45.1001  0.0176298 -0.0307687  -0.233483   0.014408 -0.0162471 0.00741786 0 0 0   -0.011 -0.02329  0.04412    -0.011353  -0.00716095 -0.000622853 0.000443822 -0.00227298 -0.00385676  0.00709568 -0.00142574  0.00273278   1.54414 0.0913342  -9.68627 
             45.2001  0.0366717 -0.0286349  -0.312857  0.0157307 -0.0168465 0.00588499 0 0 0   -0.011 -0.02329  0.04412 -0.00560362 -0.00667875 -0.00396362 0.000412326 -0.00228007 -0.00372882  0.00654219 -0.00144656  0.00325644   1.54457 0.0913434   -9.6862 
                45.3  0.0132572 -0.0163681  -0.303575  0.0177559 -0.0169587 0.00383467 0 0 0   -0.011 -0.02329  0.04412  0.00112028 -0.00459431 -0.00708543 0.000455097 -0.00229546  -0.0037497  0.00596427 -0.00154199  0.00383598   1.54501 0.0914206  -9.68613 
                45.4 -0.017837 0.0279922 -0.330926   0.0180939  -0.0196204 -0.00105072 0 0 0   -0.011 -0.02329  0.04412  0.00305349 -0.00833932  -0.0150061 0.000507709 -0.00236019 -0.00370198  0.00584939 -0.00106102  0.00513178   1.54493 0.0909523  -9.68614 
             45.5001 0.00564447  0.0499933  -0.288597   0.0186918  -0.0165224 -0.00129929 0 0 0   -0.011 -0.02329  0.04412  0.00475502 0.000903788  -0.0133676 0.000465455 -0.00239009 -0.00377735  0.00582853 -0.00184052  0.00470977   1.54502 0.0916853  -9.68612 
             45.6001 -0.0167257  0.0271189   -0.30476    0.0164595   -0.0157804 -0.000849032 0 0 0   -0.011 -0.02329  0.04412 -0.00288228  0.00290293  -0.0123057  0.00048249 -0.00235576 -0.00375617  0.0064508 -0.0020056 0.00443916   1.54449 0.0918553  -9.68621 
             45.7001 0.00399624  0.0386055  -0.278466    0.0156265   -0.0157362 -0.000146534 0 0 0   -0.011 -0.02329  0.04412 -0.00496254  0.00321031  -0.0074674 0.000445773 -0.00237977 -0.00380229  0.00657869 -0.00194364  0.00386772   1.54446 0.0918082  -9.68621 
             45.7994 0.0012226 0.0206612 -0.285985  0.0175858 -0.0172208 0.00062505 0 0 0   -0.011 -0.02329  0.04412 0.000924914 0.000417335 -0.00327856 0.000454603  -0.0023514 -0.00379591 0.00612209 -0.0015992 0.00339306   1.54494 0.0914846  -9.68614 
                45.9   -0.0657241 -0.000800628    -0.299546  0.0148395 -0.0194266 0.00288127 0 0 0   -0.011 -0.02329  0.04412 -0.00640555 -0.00228848 0.000814675 0.000575504 -0.00233155 -0.00377157  0.00664421 -0.00117214  0.00264326   1.54457 0.0911108   -9.6862 
             45.9999  0.0944843 -0.0283197  -0.254346  0.0120064 -0.0143502 0.00600316 0 0 0   -0.011 -0.02329  0.04412 -0.0132877 0.00771469 0.00662353 0.000310424 -0.00230129 -0.00383253   0.0070746 -0.00207336  0.00180114   1.54432 0.0919715  -9.68623 
             46.1001 0.0273068 0.0325445  -0.32172  0.0131297 -0.0132527 0.00390802 0 0 0   -0.011 -0.02329  0.04412 -0.00599005  0.00950316  0.00165233 0.000410188 -0.00238584 -0.00373185  0.00662371 -0.00210231  0.00252752   1.54462 0.0919764  -9.68618 
             46.1999  0.108707 0.0266813 -0.277164  0.0145967 -0.0114964 0.00333031 0 0 0   -0.011 -0.02329  0.04412 -0.000700797    0.0101907  0.000518028 0.000284848 -0.00236766 -0.00380398  0.00624913 -0.00226322  0.00275251   1.54493 0.0921147  -9.68613 
             46.2999 -0.0666495  0.0182266  -0.301305   0.0195774 -0.00862782  0.00145622 0 0 0   -0.011 -0.02329  0.04412    0.012184   0.0179503 -0.00351948 0.000549237 -0.00234255 -0.00377514  0.00529836 -0.00255761  0.00334356    1.5457 0.0923601  -9.68601 
             46.4001  0.0309902 -0.0362563  -0.298109   0.0200039 -0.00965244  0.00720584 0 0 0   -0.011 -0.02329  0.04412 0.00801288  0.0112271 0.00722312  0.00040815 -0.00226023 -0.00378103  0.00553389 -0.00210495  0.00180453   1.54571 0.0919695  -9.68601 
             46.5001 0.000301264  -0.0282917   -0.293254   0.0217011 -0.00885757  0.00575392 0 0 0   -0.011 -0.02329  0.04412   0.013132  0.0130566 0.00306427 0.000452093 -0.00227366 -0.00378446  0.00516818 -0.00220516  0.00232495   1.54596 0.0920472  -9.68597 
             46.5999  0.165128  0.027665 -0.302235   0.0208358 -0.00947854  0.00576158 0 0 0   -0.011 -0.02329  0.04412 0.00712696 0.00420659 0.00271885 0.000194424 -0.00236069 -0.00376924   0.0056911 -0.00181605  0.00239415  1.54548 0.091697 -9.68605 
                46.7 0.112705 0.019807 -0.30711  0.0195271 -0.0109247 0.00275608 0 0 0   -0.011 -0.02329  0.04412  0.00369044 0.000135139 -0.00530312 0.000280063 -0.00234456 -0.00377041  0.00593509 -0.00147891  0.00327071   1.54512 0.0913817  -9.68611 
             46.7994 0.0361037 0.0289745 -0.312253  0.0213742 -0.0118291 0.00331562 0 0 0   -0.011 -0.02329  0.04412   0.00679439 -0.000726124  -0.00206249 0.000405431 -0.00236575 -0.00376364  0.00575376 -0.00132647  0.00298951   1.54532 0.0912405  -9.68608 
             46.9001 0.0225306 0.0366135 -0.325078    0.0186452   -0.0129925 -0.000292573 0 0 0   -0.011 -0.02329  0.04412 -0.00101371 -0.00239699 -0.00864345 0.000430765 -0.00236794 -0.00374659  0.00628309 -0.00113346  0.00369784   1.54474 0.0910718  -9.68617 
             46.9999 0.0249301 0.0442179  -0.31363    0.0172433   -0.0129603 -0.000959393 0 0 0   -0.011 -0.02329  0.04412 -0.00337164 -0.00176239 -0.00894349 0.000417128 -0.00238712 -0.00377106  0.00651262 -0.00117005  0.00363563   1.54454 0.0911116   -9.6862 
                47.1  0.0117576 0.00993121  -0.250701  0.0173768 -0.0148882 0.00113412 0 0 0   -0.011 -0.02329  0.04412 -0.00402979 -0.00654926 -0.00346226 0.000444973 -0.00233499 -0.00385867   0.00651416 -0.000826916   0.00302512   1.54463 0.0907996  -9.68619 
             47.1999 0.0556104 0.0347608 -0.317134   0.0171857  -0.0155394 0.000925603 0 0 0   -0.011 -0.02329  0.04412  -0.0030871 -0.00542889 -0.00215708 0.000380888 -0.00236967 -0.00375584  0.00645022 -0.00091476  0.00294298    1.5447 0.0908786  -9.68618 
             47.2999 0.0138042 0.0323831 -0.285956   0.0186972  -0.0168972 -0.00157226 0 0 0   -0.011 -0.02329  0.04412  0.00199033  -0.0060879 -0.00658687 0.000439061 -0.00236579 -0.00379605   0.00612723 -0.000775318    0.0035146    1.5449 0.0907385  -9.68615 
             47.4001   -0.041426 -0.00616129   -0.266221  0.0172189 -0.0151471 0.00058602 0 0 0   -0.011 -0.02329  0.04412 -0.00269584 0.000494749 -0.00195715 0.000521533 -0.00230769   -0.003827  0.00642342 -0.00109924  0.00284085   1.54474 0.0910467  -9.68617 
                47.5  0.0822825 0.00578153  -0.281756  0.0169268 -0.0174189 0.00379091 0 0 0   -0.011 -0.02329  0.04412 -0.00367441 -0.00695832  0.00473239 0.000345001 -0.00232598 -0.00381007   0.00652266 -0.000730636   0.00200466  1.54478 0.090719 -9.68617 
             47.5999  0.015714 0.0202394  -0.27524  0.0162633 -0.0169588 0.00453896 0 0 0   -0.011 -0.02329  0.04412  -0.0050228 -0.00352017  0.00618733 0.000437819 -0.00234291 -0.00382123  0.00658536 -0.00087839  0.00191641  1.54474 0.090856 -9.68618 
             47.6999  0.017756 -0.116948 -0.266941  0.0171955 -0.0153405 0.00845441 0 0 0   -0.011 -0.02329  0.04412 -0.00441019  0.00136934   0.0118345 0.000436989 -0.00215447 -0.00383419  0.00637927 -0.00118918  0.00116293   1.54504 0.0911421  -9.68613 
             47.7994 -0.0110406  0.0468017  -0.386744  0.0177103 -0.0135818 0.00557155 0 0 0   -0.011 -0.02329  0.04412 0.000744661  0.00671659  0.00437402 0.000475421 -0.00238397 -0.00366796  0.00620207 -0.00135211  0.00217133   1.54505 0.0912752  -9.68612 
             47.8999  0.0797487 -0.0680222  -0.321158 0.0185412 -0.012272 0.0100565 0 0 0   -0.011 -0.02329  0.04412 0.000349648  0.00609552  0.00975451 0.000365152 -0.00222208 -0.00375832  0.00610148 -0.00146567  0.00133538   1.54526 0.0913882  -9.68609 
             47.9999 -0.0181212 -0.0619022  -0.372899  0.0182477 -0.0115983 0.00983401 0 0 0   -0.011 -0.02329  0.04412 -0.0008533 0.00813697 0.00738833 0.000493509 -0.00223019 -0.00369092  0.00612429 -0.00144069  0.00158992    1.5452 0.0913624   -9.6861 
             48.0998 -0.0247207 -0.0769663  -0.288266  0.0173484 -0.0132122 0.00995784 0 0 0   -0.011 -0.02329  0.04412 -0.00428962  0.00403252  0.00681808 0.000495852  -0.0022094 -0.00380564  0.00621865 -0.00110682  0.00170158   1.54509 0.0910618  -9.68612 
             48.1999  0.0515757 -0.0637074   -0.28787  0.0208577 -0.0102758 0.00730516 0 0 0   -0.011 -0.02329  0.04412   0.0051345  0.00978003 0.000717985 0.000396391 -0.00222749 -0.00380469  0.00560444 -0.00147442  0.00244282   1.54554 0.0913596  -9.68604 
             48.2999  -0.079242 -0.0734003  -0.286936  0.0191482 -0.0120208 0.00866289 0 0 0   -0.011 -0.02329  0.04412 -0.00145394  0.00600186  0.00158256 0.000569356 -0.00221343 -0.00380666  0.00593715 -0.00105262   0.0021357   1.54528 0.0909959  -9.68609 
             48.3999   0.169432 0.00328969  -0.309492  0.0185288 -0.0123593 0.00738004 0 0 0   -0.011 -0.02329  0.04412  -0.00257687   0.00237634 -0.000754024 0.000241029 -0.00231088  -0.0037804   0.00602701 -0.000988691   0.00244067  1.54516 0.090936 -9.68611 
             48.4999 0.00480768 -0.0109079  -0.304364  0.0179833 -0.0130849 0.00558262 0 0 0   -0.011 -0.02329  0.04412 -0.0036313 0.00158648 -0.0043788 0.000466191 -0.00229295 -0.00378317   0.00605314 -0.000836053   0.00277737   1.54509 0.0907934  -9.68612 
             48.5998  -0.057678 -0.0880222  -0.314541  0.0193598 -0.0126298 0.00658382 0 0 0   -0.011 -0.02329  0.04412  -0.00182909   0.00455042 -0.000972717 0.000543297 -0.00219732 -0.00377123   0.00577195 -0.000868857   0.00250499   1.54537 0.0908204  -9.68608 
             48.6999    0.08398 -0.0161776  -0.362266  0.0186984 -0.0138563 0.00473566 0 0 0   -0.011 -0.02329  0.04412  -0.00281259 -0.000419089  -0.00419905 0.000373044 -0.00228569 -0.00370607   0.00583833 -0.000650649   0.00285539   1.54526 0.0906191  -9.68609 
             48.7994 -0.0251268 -0.0435246  -0.291759   0.016728 -0.0162195 0.00173018 0 0 0   -0.011 -0.02329  0.04412 -0.00645748 -0.00362494 -0.00984693  0.00050572 -0.00225177 -0.00380223    0.0060113 -0.000325318   0.00325642   1.54505 0.0903237  -9.68613 
             48.9006  0.0311535 -0.0345921  -0.341055  0.0166207 -0.0153666 0.00581766 0 0 0   -0.011 -0.02329  0.04412   -0.0069566  -0.00162662 -0.000976925 0.000439335 -0.00226101 -0.00374187  0.00604673 -0.00048993  0.00227318   1.54515 0.0904908  -9.68611 
             48.9998  0.0339765 -0.0493796  -0.297606  0.0161888 -0.0172856 0.00584784 0 0 0   -0.011 -0.02329  0.04412   -0.0067716  -0.00416705 -0.000437483 0.000432032 -0.00224324 -0.00380098   0.00593173 -0.000306472   0.00226055   1.54525 0.0903237   -9.6861 
             49.0998 -0.00725433   0.0130886   -0.278968  0.0154515 -0.0149398 0.00417142 0 0 0   -0.011 -0.02329  0.04412 -0.00571131  0.00240433  -0.0042809 0.000464589 -0.00232021 -0.00382574   0.00595898 -0.000638817   0.00255696    1.5452 0.0906158  -9.68611 
             49.1999  0.0864607 -0.0452327  -0.365497  0.0175724 -0.0150914 0.00400612 0 0 0   -0.011 -0.02329  0.04412 -0.000716065   0.00105626  -0.00309712 0.000348725 -0.00224651 -0.00372193   0.00560334 -0.000608841    0.0025544   1.5455  0.09058 -9.68606 
             49.2998 -0.0150214  0.0193481  -0.279054  0.0158348 -0.0148687 0.00281352 0 0 0   -0.011 -0.02329  0.04412 -0.00358088  0.00232758 -0.00591032 0.000478265  -0.0023237 -0.00383099   0.00582942 -0.000602577   0.00268192   1.54529 0.0905783  -9.68609 
             49.3998  0.0260099 -0.0514707  -0.349857  0.0166728 -0.0147198 0.00620997 0 0 0   -0.011 -0.02329  0.04412 -0.00277709  0.00281141  0.00109013 0.000431399 -0.00223699 -0.00374191  0.00569387 -0.00059897   0.0019781    1.5455 0.0905808  -9.68606 
             49.4998  0.044518 0.0148333 -0.261903  0.0182259  -0.012219 0.00503165 0 0 0   -0.011 -0.02329  0.04412  0.00309091  0.00747716 -0.00139199 0.000399616 -0.00231713 -0.00385162   0.00545429 -0.000882966   0.00224163   1.54568 0.0908223  -9.68603 
             49.5998  0.0679957 -0.0269928  -0.412535  0.0187639 -0.0136994 0.00590346 0 0 0   -0.011 -0.02329  0.04412  0.00308782  0.00260896 0.000100548 0.000374468 -0.00226389  -0.0036654    0.0054222 -0.000615909   0.00206915  1.54572 0.090587 -9.68602 
             49.6999   0.0882646 -0.00760045    -0.25344  0.0190926 -0.0100308 0.00581754 0 0 0   -0.011 -0.02329  0.04412  0.00394657    0.012313 0.000459165 0.000345651 -0.00228585 -0.00386615  0.00537875 -0.00115933  0.00208249   1.54577 0.0910656  -9.68601 
             49.7995 -0.0271655 -0.0368079  -0.283424   0.0192117 -0.00969683  0.00597247 0 0 0   -0.011 -0.02329  0.04412   0.00205208    0.0101032 -0.000347832  0.00049946 -0.00224699 -0.00382572   0.00543752 -0.000931995   0.00204242   1.54572 0.0908672  -9.68602 
             49.8998  0.141458 0.0878405 -0.277082   0.0149309 -0.00912027  0.00148653 0 0 0   -0.011 -0.02329  0.04412 -0.00623764  0.00627937 -0.00779007 0.000312144 -0.00239135 -0.00382198   0.00602153 -0.000919872   0.00280706   1.54512 0.0908698  -9.68612 
             49.9999 0.000799788   0.0308332   -0.314553   0.0161793  -0.0125129 0.000628545 0 0 0   -0.011 -0.02329  0.04412 -0.00161837 -0.00113074 -0.00879411 0.000482747 -0.00232074 -0.00377777   0.00577396 -0.000436523   0.00282388   1.54531 0.0904369  -9.68609 
             50.0999 0.0554616 0.0187041 -0.298686  0.0131915  -0.012932 0.00171797 0 0 0   -0.011 -0.02329  0.04412 -0.00848633 -0.00243015 -0.00512322 0.000414053 -0.00230602 -0.00380005   0.00613932 -0.000407905   0.00244663   1.54506 0.0904236  -9.68613 
             50.1997    0.10916 -0.0430256  -0.309102   0.014703 -0.0138645 0.00432159 0 0 0   -0.011 -0.02329  0.04412 -0.00454654 -0.00494578 0.000561696 0.000349842 -0.00223324 -0.00378971   0.00587078 -0.000348051   0.00194885   1.54535 0.0903683  -9.68608 
             50.2998 0.00371007  0.0167559  -0.234863  0.0143834 -0.0120301  0.0028042 0 0 0   -0.011 -0.02329  0.04412 -0.00275334  0.00120027 -0.00263013 0.000464321 -0.00230184 -0.00387875   0.00584519 -0.000594901    0.0022068   1.54534 0.0905824  -9.68608 
             50.3998  0.105128 0.0152963 -0.331632   0.0165228  -0.0130504 0.000444956 0 0 0   -0.011 -0.02329  0.04412  0.00369754 -0.00247912 -0.00635015 0.000348445 -0.00229751 -0.00376159   0.00551866 -0.000479294   0.00260811  1.54556 0.090473 -9.68605 
             50.4997 -0.011433 0.0134166 -0.294334    0.017349  -0.0119968 0.000191208 0 0 0   -0.011 -0.02329  0.04412  0.00479624  0.00192126 -0.00522147  0.00047912 -0.00229207 -0.00380627  0.00546031 -0.00061311  0.00255347  1.54562 0.090589 -9.68604 
             50.5999  0.0449432 -0.0233105  -0.249822  0.0175171 -0.0123861 0.00274099 0 0 0   -0.011 -0.02329  0.04412  0.00328602 0.000105924 0.000432245  0.00042186 -0.00225303 -0.00385797   0.00553027 -0.000564034   0.00202134  1.54564 0.090549 -9.68604 
             50.6998 0.0901743 0.0379589 -0.227767  0.0179521 -0.0100753   0.001123 0 0 0   -0.011 -0.02329  0.04412  0.00472905  0.00430799 -0.00238281 0.000367173 -0.00232105 -0.00388168   0.00551479 -0.000832558   0.00228893   1.54561 0.0907815  -9.68604 
             50.7996  0.114453 0.0093737 -0.338586  0.0188556 -0.0122063 0.00498954 0 0 0   -0.011 -0.02329  0.04412  0.00465445 -0.00250013  0.00478599 0.000346245  -0.0022848  -0.0037551    0.0054938 -0.000560096   0.00160082   1.54573 0.0905467  -9.68602 
             50.8999    0.0737887 -0.000724629    -0.282643  0.0190524 -0.0116268 0.00757839 0 0 0   -0.011 -0.02329  0.04412   0.00357942 -0.000940221   0.00901541 0.000397722 -0.00227751 -0.00381588   0.00555433 -0.000659085    0.0012538   1.54573 0.0906336  -9.68602 
             50.9997  0.0324551 -0.0681772  -0.326242  0.0186574 -0.0146432 0.00916874 0 0 0   -0.011 -0.02329  0.04412 6.04704e-05 -0.00723634  0.00969695 0.000439014  -0.0022005 -0.00376808   0.00564054 -0.000319684   0.00111284   1.54567 0.0903406  -9.68603 
             51.0998  0.0556804 -0.0265623  -0.379521  0.0186081 -0.0147341  0.0101578 0 0 0   -0.011 -0.02329  0.04412 -0.000258821  -0.00559781   0.00995349 0.000415101 -0.00224685 -0.00370658   0.0056543 -0.00039739  0.00111883   1.54566 0.0904079  -9.68603 
             51.1999  0.077204  -0.10193 -0.233817  0.0182163 -0.0122958   0.012333 0 0 0   -0.011 -0.02329  0.04412  -0.00326074 -0.000112489    0.0117733 0.000381651 -0.00216575 -0.00387791  0.00569469 -0.00074727  0.00090605   1.54566 0.0907098  -9.68603 
             51.2998 -0.0849077 -0.0661101  -0.280354  0.0188076 -0.0130951  0.0113629 0 0 0   -0.011 -0.02329  0.04412 -0.00190642  0.00133264  0.00781127 0.000560482 -0.00220562  -0.0038248    0.0055689 -0.000627702   0.00125135   1.54572 0.0906046  -9.68602 
             51.3997   0.127072 -0.0307587  -0.287535   0.018429 -0.0108761  0.0105786 0 0 0   -0.011 -0.02329  0.04412 -0.0021871  0.0031488 0.00420621 0.000327986 -0.00224582  -0.0038164   0.00558745 -0.000886808   0.00148567   1.54568 0.0908279  -9.68603 
             51.4998  0.0339953 -0.0328387  -0.282938    0.019839 -0.00958464  0.00906765 0 0 0   -0.011 -0.02329  0.04412  0.00306777  0.00702875 0.000559235 0.000430905 -0.00224493 -0.00382133  0.00536106 -0.00103934  0.00180098   1.54583 0.0909531    -9.686 
             51.5997   0.162065 -0.0161644  -0.268598   0.0190618 -0.00905135  0.00931108 0 0 0   -0.011 -0.02329  0.04412 -0.000187461   0.00208567    0.0010463  0.00028177 -0.00226213 -0.00383774  0.00549254 -0.00100779  0.00176943  1.54572 0.090929 -9.68602 
             51.6999 0.0532376 -0.077301 -0.329739  0.0192981 -0.0108679 0.00900278 0 0 0   -0.011 -0.02329  0.04412 -8.02657e-05  -0.00154562   0.00026086 0.000401232 -0.00219591 -0.00377564   0.00544556 -0.000749098   0.00183826   1.54575 0.0907072  -9.68602 
             51.7995  0.0646927 -0.0542527  -0.324686  0.0174559 -0.0112444 0.00861915 0 0 0   -0.011 -0.02329  0.04412 -0.00445475  -0.0026019 -0.00150984  0.00038655 -0.00222556 -0.00378291   0.00560688 -0.000747437     0.001862   1.54561 0.0907082  -9.68604 
             51.8997  0.0992525 -0.0306175  -0.346134   0.0187659 -0.00951169  0.00459965 0 0 0   -0.011 -0.02329  0.04412 0.000407153  0.00100675 -0.00880302 0.000334338 -0.00225125 -0.00376099    0.0053884 -0.000949806   0.00247825   1.54572 0.0908818  -9.68602 
             51.9997 -0.0451607  0.0202126   -0.22259   0.0186871 -0.00993241 0.000795944 0 0 0   -0.011 -0.02329  0.04412 0.00157529 0.00154999 -0.0141696 0.000486925  -0.0023053 -0.00389313   0.00538298 -0.000867476   0.00291489   1.54567 0.0908156  -9.68603 
             52.1005  0.0142551 -0.0302098  -0.290973  0.0205141  -0.011423 0.00191236 0 0 0   -0.011 -0.02329  0.04412  0.00574504 -0.00283349   -0.012872 0.000436258 -0.00224687 -0.00381386   0.00516466 -0.000703597   0.00270868   1.54587 0.0906696    -9.686 
             52.1998 -0.0212829  0.0806276   -0.28543    0.0204578   -0.0124448 -0.000560726 0 0 0   -0.011 -0.02329  0.04412  0.00146926 -0.00154602  -0.0135521 0.000454379 -0.00230871 -0.00381631   0.00522097 -0.000625945   0.00287863    1.5458 0.0906064  -9.68601 
             52.2996 0.00112647  0.0460111   -0.29816     0.02023  -0.0124099 -0.00170776 0 0 0   -0.011 -0.02329  0.04412   0.00253434 -0.000634831   -0.0121404 0.000448292 -0.00230113 -0.00381816   0.00529576 -0.000649076   0.00268385   1.54577 0.0906266  -9.68601 
             52.3997  0.113405 0.0497037 -0.227171   0.0156443 -0.00635016 -0.00187958 0 0 0   -0.011 -0.02329  0.04412 -0.0108045  0.0152098 -0.0104556 0.000334108 -0.00230403 -0.00388833   0.00547563 -0.000887599   0.00261067   1.54563 0.0908302  -9.68603 
             52.4998  0.128186 0.0262371 -0.291279  0.0178083 -0.0108259 0.00333326 0 0 0   -0.011 -0.02329  0.04412 -0.00255961 -0.00147614  0.00358077 0.000332394 -0.00227768 -0.00382348   0.00539417 -0.000707108   0.00228488   1.54574 0.0906824  -9.68602 
             52.5997  -0.0965898 -0.00111798   -0.280001  0.0178148  -0.011878 0.00409211 0 0 0   -0.011 -0.02329  0.04412  -0.00221657 -5.64954e-05   0.00504487 0.000575373 -0.00224844 -0.00384465   0.00538638 -0.000664616   0.00226562   1.54575 0.0906479  -9.68602 
             52.6998   0.138673 -0.0974054  -0.277002   0.0201881 -0.00948372   0.0108111 0 0 0   -0.011 -0.02329  0.04412 0.00142865 0.00170868  0.0155961 0.000312144 -0.00214041  -0.0038515   0.00526896 -0.000784854   0.00198441   1.54588 0.0907463  -9.68599 
             52.7996 0.00745107 -0.0191258  -0.295025  0.0179511  -0.011751 0.00953624 0 0 0   -0.011 -0.02329  0.04412 -0.00404396 -0.00187402   0.0116011 0.000460607  -0.0022236 -0.00383335  0.00543361 -0.00062383  0.00211895   1.54574 0.0906168  -9.68602 
             52.8997  0.0566448 -0.0794323  -0.320069  0.0214602 -0.0133479    0.01293 0 0 0   -0.011 -0.02329  0.04412 0.00357269 -0.0052152  0.0144643 0.000412907 -0.00215698 -0.00380406   0.00510471 -0.000547547   0.00202352   1.54601 0.0905539  -9.68598 
             52.9997  0.0359772 -0.0878503  -0.375715  0.0198323 -0.0139663  0.0140675 0 0 0   -0.011 -0.02329  0.04412 -0.00251811 -0.00509624   0.0135013  0.00042603 -0.00214926 -0.00374902   0.00529089 -0.000531101   0.00202153   1.54586 0.0905428    -9.686 
             53.0997 0.0567016 -0.122404 -0.344843  0.0184827 -0.0149311  0.0144257 0 0 0   -0.011 -0.02329  0.04412 -0.00765979 -0.00673577   0.0126422 0.000404261 -0.00210944 -0.00378556    0.0054231 -0.000458769   0.00205443   1.54575 0.0904871  -9.68602 
             53.1997 -0.0244653 -0.0958722   -0.28147  0.0162056 -0.0123626  0.0102406 0 0 0   -0.011 -0.02329  0.04412 -0.0108065 0.00126874 0.00138843 0.000492083 -0.00214105 -0.00384962   0.00557776 -0.000756408   0.00264427   1.54557 0.0907269  -9.68605 
             53.2998  0.0899986 -0.0766315   -0.30115   0.014173 -0.0121024  0.0108751 0 0 0   -0.011 -0.02329  0.04412  -0.0134115 0.000169876  0.00265296 0.000368093 -0.00216042 -0.00382717   0.00559755 -0.000782835   0.00259577   1.54556 0.0907488  -9.68605 
             53.3997   0.118077 -0.0649811  -0.346095   0.019246 -0.0126443 0.00910198 0 0 0   -0.011 -0.02329  0.04412  0.00204782 -0.00148729 -0.00183839 0.000328964 -0.00217387  -0.0037877   0.00483467 -0.000731531   0.00296357   1.54611 0.0906822  -9.68596 
             53.4998 0.0709329 0.0102182 -0.354329  0.0165605 -0.0133012 0.00586727 0 0 0   -0.011 -0.02329  0.04412 -0.00409929 -0.00288463 -0.00776055 0.000380897 -0.00225761 -0.00377884   0.00515946 -0.000663911   0.00335577   1.54581 0.0906362  -9.68601 
             53.5997   0.124749 -0.0390741  -0.325673  0.0172643 -0.0132923 0.00522072 0 0 0   -0.011 -0.02329  0.04412 -0.00245884 -0.00353664 -0.00762902 0.000321395 -0.00220946 -0.00381571    0.0050244 -0.000713778   0.00334676   1.54592 0.0906717  -9.68599 
             53.6998  0.0516677 -0.0217425  -0.328178  0.0190118 -0.0137386 0.00433789 0 0 0   -0.011 -0.02329  0.04412  0.00216802 -0.00319953 -0.00836965 0.000396426  -0.0022273 -0.00381454   0.00479935 -0.000700053   0.00338458   1.54609 0.0906527  -9.68596 
             53.7995  0.0338385 -0.0617708  -0.313999  0.0152093 -0.0168031 0.00656289 0 0 0   -0.011 -0.02329  0.04412  -0.0084211 -0.00806557 -0.00329095 0.000420123 -0.00218717 -0.00382976   0.00520449 -0.000454972   0.00286441   1.54583 0.0904715  -9.68601 
             53.9004  0.144712 0.0194707 -0.343542  0.0178685 -0.0138486 0.00539925 0 0 0   -0.011 -0.02329  0.04412  0.00120547 -0.00164453 -0.00596469 0.000283465 -0.00227186  -0.0038076   0.00485381 -0.000845709   0.00305797   1.54609 0.0907688  -9.68596 
             53.9997  0.0240074 -0.0531979  -0.309059  0.0174437 -0.0140265 0.00443748 0 0 0   -0.011 -0.02329  0.04412  -0.00171797 -0.000431577  -0.00556012 0.000401411 -0.00220029 -0.00384424   0.00489272 -0.000838346   0.00304919   1.54606 0.0907644  -9.68597 
             54.0996  0.104852 0.0673736 -0.335622  0.0172198 -0.0140549 0.00215409 0 0 0   -0.011 -0.02329  0.04412  0.00114591 -0.00220827 -0.00935841 0.000316817 -0.00232382 -0.00382129   0.00492458 -0.000856251   0.00329946   1.54601 0.0907803  -9.68597 
             54.1998  0.0520611 -0.0183201  -0.323491  0.0178103 -0.0132213 0.00331743 0 0 0   -0.011 -0.02329  0.04412  0.00157643 0.000108422 -0.00663379 0.000367431 -0.00223508 -0.00383841   0.00487681 -0.000952839    0.0030368   1.54608 0.0908544  -9.68596 
             54.2997  0.0217954 0.00193357  -0.278614  0.0169872 -0.0115276 0.00536457 0 0 0   -0.011 -0.02329  0.04412 -0.000354535   0.00371074  -0.00181745 0.000402517 -0.00225678 -0.00388504  0.00499452 -0.00109798  0.00264068   1.54604 0.0909722  -9.68597 
             54.3996   0.0301863 0.000219398    -0.37917  0.0177095 -0.0120198 0.00635472 0 0 0   -0.011 -0.02329  0.04412  0.00100377  0.00207244 6.16798e-05  0.00039661 -0.00225016 -0.00378565  0.00492541 -0.00101953  0.00248931   1.54611 0.0909083  -9.68596 
             54.4997    0.1377 0.0206568   -0.2684  0.0159775 -0.0113905 0.00781914 0 0 0   -0.011 -0.02329  0.04412 -0.00263352  0.00059769  0.00296641 0.000292008 -0.00227302 -0.00389614  0.00512784 -0.00107676  0.00226492   1.54598 0.0909596  -9.68598 
             54.5997 0.0414704 -0.109455 -0.378864  0.0162248 -0.0130575  0.0111267 0 0 0   -0.011 -0.02329  0.04412 -0.00430964 -0.00234955  0.00729029  0.00039107 -0.00213886  -0.0037839   0.00507134 -0.000916872   0.00186886   1.54607 0.0908335  -9.68596 
             54.6996 -0.0133052 -0.0251708   -0.32735  0.0166453 -0.0114618  0.0100902 0 0 0   -0.011 -0.02329  0.04412 -0.00157887   0.0030795  0.00449094 0.000439388 -0.00222404 -0.00383594  0.00498277 -0.00107675  0.00211072   1.54611 0.0909552  -9.68596 
             54.7996   0.063952 -0.0386903  -0.361711  0.0184937 -0.0129687 0.00801481 0 0 0   -0.011 -0.02329  0.04412  0.00339231 -0.00161281 -0.00156462 0.000367787  -0.0022077 -0.00380023   0.00475932 -0.000918876   0.00247125  1.54623 0.090824 -9.68594 
             54.8996 0.0401214 -0.105593 -0.311917  0.0200262  -0.010622 0.00972881 0 0 0   -0.011 -0.02329  0.04412 0.00433394 0.00464475 0.00222174 0.000393688 -0.00214242 -0.00385293  0.00462627 -0.00116772  0.00222861   1.54637 0.0910125  -9.68591 
             54.9997 0.0214459 -0.100649 -0.323365  0.0166127 -0.0113199  0.0118239 0 0 0   -0.011 -0.02329  0.04412 -0.00619436  0.00211958  0.00454875 0.000407811 -0.00215045 -0.00384318  0.00501551 -0.00104367  0.00194387   1.54611 0.0909335  -9.68596 
             55.0997   0.057974 -0.0486219   -0.27501  0.0157569 -0.0121762   0.008787 0 0 0   -0.011 -0.02329  0.04412 -0.00592167  -0.0011521 -0.00269394 0.000367867 -0.00220251   -0.003895      0.00502 -0.000942169   0.00240551   1.54605 0.0908533  -9.68597 
             55.1995  0.0632072 -0.0831798  -0.310333  0.0150175 -0.0131678 0.00872526 0 0 0   -0.011 -0.02329  0.04412 -0.00752431 -0.00333853 -0.00302768 0.000366907 -0.00216699 -0.00385803   0.00502264 -0.000860407   0.00237974   1.54604 0.0907904  -9.68597 
             55.2995  0.0989907 -0.0144329  -0.338817  0.0133953 -0.0125012 0.00674621 0 0 0   -0.011 -0.02329  0.04412 -0.00962714 -0.00180058  -0.0056207 0.000328523   -0.002234 -0.00383299   0.00511458 -0.000953166   0.00259436   1.54595 0.0908637  -9.68598 
             55.3997  0.0883986 -0.0520446  -0.346515   0.015317 -0.0120879 0.00546313 0 0 0   -0.011 -0.02329  0.04412  -0.00310265 -0.000634287  -0.00711436 0.000339118  -0.0021968 -0.00382841  0.00481501 -0.00101679  0.00270056   1.54617 0.0909035  -9.68595 
             55.4996  0.0215665 -0.0164099  -0.345214  0.0148533 -0.0119525  0.0040059 0 0 0   -0.011 -0.02329  0.04412 -0.00345849 0.000849796 -0.00855671  0.00039942 -0.00223109 -0.00383325  0.00483045 -0.00102403  0.00278889   1.54615 0.0909093  -9.68595 
             55.5995 0.0884029 -0.018255 -0.303487  0.0158139 -0.0115146 0.00362374 0 0 0   -0.011 -0.02329  0.04412 -0.000666219  0.000745557  -0.00838632 0.000336478 -0.00222702 -0.00387283  0.00470306 -0.00107252  0.00274494   1.54625 0.0909422  -9.68593 
             55.6996 0.0513882 0.0158645 -0.338896  0.0188664 -0.0106681 0.00155745 0 0 0   -0.011 -0.02329  0.04412 0.00752402 0.00302131 -0.0102194 0.000367674 -0.00226435 -0.00383595  0.00440447 -0.00114316  0.00291422   1.54646 0.0909857   -9.6859 
             55.7995  0.0438137 -0.0514711  -0.304335  0.0195527 -0.0122071  0.0044226 0 0 0   -0.011 -0.02329  0.04412   0.00560334 -0.000668358  -0.00334055 0.000383796 -0.00219784 -0.00386622   0.00442537 -0.000985167   0.00240729   1.54649 0.0908654   -9.6859 
             55.8995   0.0405447 -0.00186753   -0.335755  0.0193716 -0.0125057 0.00448415 0 0 0   -0.011 -0.02329  0.04412  0.00433071 -0.00153401   -0.003506 0.000382104 -0.00224633 -0.00384024   0.0045009 -0.00096259  0.00234943   1.54644 0.0908508   -9.6859 
             55.9996  0.0874389 -0.0274973  -0.310738   0.017233 -0.0139971 0.00457571 0 0 0   -0.011 -0.02329  0.04412 -0.00260787 -0.00545451 -0.00287132 0.000339432 -0.00222327 -0.00386219   0.00474838 -0.000847224   0.00226969   1.54626 0.0907717  -9.68593 
             56.0995 -0.00118936 -0.00674073   -0.371273  0.0172813  -0.015666 0.00465254 0 0 0   -0.011 -0.02329  0.04412  -0.0011843 -0.00707047 -0.00286236 0.000424407 -0.00224441 -0.00380389   0.00472717 -0.000729937   0.00222916   1.54628 0.0906822  -9.68593 
             56.1996   0.121293 -0.0359839  -0.355334    0.01768 -0.0134772 0.00836368 0 0 0   -0.011 -0.02329  0.04412  -0.0012591 -0.00234393  0.00450625 0.000314446 -0.00221515 -0.00381802  0.00469751 -0.00101465  0.00173412   1.54637 0.0908959  -9.68592 
             56.2996 -0.0193179 -0.0608217  -0.354037  0.0192132 -0.0121026 0.00878851 0 0 0   -0.011 -0.02329  0.04412 0.00223918 0.00339085 0.00398086 0.000446565 -0.00218929 -0.00382297  0.00453455 -0.00114158  0.00175066   1.54649 0.0909853   -9.6859 
             56.3996   0.115229 -0.0815079  -0.381928    0.01975 -0.0117749  0.0108609 0 0 0   -0.011 -0.02329  0.04412 0.00155252 0.00182075 0.00679685 0.000318007 -0.00216989 -0.00380169  0.00450943 -0.00116226  0.00155114   1.54653 0.0909996  -9.68589 
             56.4995  -0.018185 -0.0929263  -0.379868  0.0203256 -0.0109791 0.00990462 0 0 0   -0.011 -0.02329  0.04412 0.00239793 0.00504988 0.00276571 0.000441314 -0.00216089 -0.00380229  0.00445648 -0.00119784  0.00175239   1.54655 0.0910238  -9.68589 
             56.5996   0.101125 -0.0771658  -0.314152  0.0193516 -0.0099419  0.0094049 0 0 0   -0.011 -0.02329  0.04412 -0.000617947    0.0068497   0.00254712 0.000333311 -0.00217411 -0.00386519 0.00457233 -0.0012971 0.00182065   1.54646 0.0911042   -9.6859 
             56.6995   0.180889 -0.0307419  -0.293937  0.0166951 -0.0101894  0.0100763 0 0 0   -0.011 -0.02329  0.04412  -0.00554472 -0.000131332   0.00196762 0.000251052 -0.00222302 -0.00388538  0.00477635 -0.00121409  0.00176441   1.54632 0.0910534  -9.68592 
             56.7996  0.0980562 -0.0562519  -0.313812    0.017601 -0.00936783   0.0111384 0 0 0   -0.011 -0.02329  0.04412 -0.00340644  0.00238945  0.00463839 0.000323232 -0.00220099 -0.00387184  0.00463799 -0.00128155  0.00166791   1.54643 0.0910961   -9.6859 
             56.8995   0.142915 -0.0578876  -0.316089  0.0160278 -0.0112594  0.0078115 0 0 0   -0.011 -0.02329  0.04412 -0.00608531 -0.00423274 -0.00311184 0.000281993 -0.00219773 -0.00387068  0.00472227 -0.00110242  0.00210288   1.54632 0.0909707  -9.68592 
             56.9996   0.0411362 -0.00241556   -0.379923  0.0142523  -0.013139 0.00549745 0 0 0   -0.011 -0.02329  0.04412 -0.00763095  -0.0065647 -0.00763031 0.000382705  -0.0022474 -0.00380963   0.00481216 -0.000965743   0.00231852   1.54622 0.0908756  -9.68594 
             57.0995  0.0790479 -0.0477799  -0.371935  0.0158779 -0.0156709 0.00536144 0 0 0   -0.011 -0.02329  0.04412  -0.0028501  -0.0119531 -0.00721599 0.000350439 -0.00220666 -0.00381734   0.00459827 -0.000784825   0.00230616   1.54637 0.0907342  -9.68592 
             57.1995 0.0236622 -0.033483 -0.318058  0.0170259 -0.0153522 0.00329061 0 0 0   -0.011 -0.02329  0.04412 0.000380235 -0.00785857 -0.00933483 0.000401122  -0.0022188 -0.00386783   0.00446058 -0.000897816    0.0024874   1.54646 0.0908159   -9.6859 
             57.2994   0.059808 -0.0454825  -0.345165  0.0182253 -0.0132998 0.00604425 0 0 0   -0.011 -0.02329  0.04412  0.00240203 -0.00206644 -0.00270518 0.000375855  -0.0022082 -0.00384164   0.0043826 -0.00116892  0.00203208   1.54657 0.0910039  -9.68588 
             57.3995 0.0476943 0.0432799 -0.334422   0.0170932  -0.0131156 0.000818486 0 0 0   -0.011 -0.02329  0.04412   0.00160436 -0.000953952   -0.0114893 0.000391686  -0.0022861 -0.00385068 0.00449491 -0.0011771 0.00260307   1.54643 0.0910234   -9.6859 
             57.4995  0.139884 0.0156434 -0.369643  0.0169226 -0.0145782 0.00257214 0 0 0   -0.011 -0.02329  0.04412 8.89796e-05 -0.00538809 -0.00587485 0.000310644 -0.00225989 -0.00382259  0.00453128 -0.00108399  0.00226934   1.54644 0.0909525   -9.6859 
             57.5995  -0.0121114 -0.00247398   -0.245793   0.0180153  -0.0113065 0.000759791 0 0 0   -0.011 -0.02329  0.04412  0.00342212  0.00438282 -0.00789148 0.000453396 -0.00224161 -0.00393624  0.00443851 -0.00137548   0.0024027    1.5465 0.0911631  -9.68589 
             57.6994   0.176283 -0.0307681  -0.372186  0.0194469 -0.0113619 0.00539572 0 0 0   -0.011 -0.02329  0.04412  0.00414032 0.000868632  0.00266781 0.000288683 -0.00221373 -0.00382066  0.00436172 -0.00137749  0.00178054   1.54662 0.0911556  -9.68587 
             57.7994 -0.0086119   0.031688  -0.278418   0.018367 -0.0122441 0.00490686 0 0 0   -0.011 -0.02329  0.04412  0.00163062 0.000390454  0.00129531 0.000457257 -0.00227084 -0.00390351  0.00450239 -0.00127577  0.00184516   1.54651 0.0910869  -9.68589 
             57.8996  0.115273 -0.028153 -0.415856  0.0191963 -0.0152728 0.00672453 0 0 0   -0.011 -0.02329  0.04412   0.0026623 -0.00771685   0.0038867 0.000350073 -0.00221756 -0.00378284  0.00444947 -0.00104891  0.00165789  1.54657 0.090919 -9.68588 
             57.9995 0.00986909 -0.0211726  -0.355966  0.0163946 -0.0156024  0.0088787 0 0 0   -0.011 -0.02329  0.04412 -0.00501833 -0.00563117   0.0072728 0.000445417 -0.00222144 -0.00383648  0.00473563 -0.00106974  0.00142189    1.5464 0.0909415  -9.68591 
             58.0995  0.0733962 -0.0483748  -0.277247  0.0183352 -0.0141875  0.0086591 0 0 0   -0.011 -0.02329  0.04412 6.11994e-05 -0.00182016  0.00554911 0.000397042 -0.00219681 -0.00390044  0.00450767 -0.00124485  0.00153832  1.54655  0.09106 -9.68589 
             58.1995   0.085942 -0.0757188  -0.324565  0.0183933 -0.0119502 0.00960229 0 0 0   -0.011 -0.02329  0.04412 -5.69693e-05   0.00309472   0.00562001 0.000384193 -0.00217674 -0.00386084  0.00450837 -0.00145916  0.00146079   1.54656 0.0912141  -9.68588 
             58.2994   0.135982 -0.0367166  -0.258307  0.0176151 -0.0113099  0.0107641 0 0 0   -0.011 -0.02329  0.04412 -0.00237778  0.00268295  0.00780313 0.000339504 -0.00221261 -0.00391965  0.00458609 -0.00149636  0.00137564   1.54652 0.0912436  -9.68589 
             58.3995   0.177505 -0.0638743  -0.327377  0.0183906 -0.0106745 0.00917713 0 0 0   -0.011 -0.02329  0.04412 9.92063e-06  0.00192168  0.00214896 0.000307523 -0.00218403 -0.00385839  0.00447241 -0.00154022  0.00164793   1.54657 0.0912725  -9.68588 
             58.4996   0.130585 -0.0062863  -0.327199  0.0168452 -0.0115665 0.00939393 0 0 0   -0.011 -0.02329  0.04412 -0.00388397 -0.00150014  0.00224264 0.000349228 -0.00223776 -0.00386102  0.00461834 -0.00144346   0.0016422   1.54647 0.0912067   -9.6859 
             58.5994    0.131558 -0.00900668   -0.249872  0.0162968  -0.011256 0.00675962 0 0 0   -0.011 -0.02329  0.04412 -0.00347194 -0.00200969 -0.00394329 0.000349038 -0.00223443 -0.00393092  0.00461747 -0.00148049  0.00197544   1.54643 0.0912374   -9.6859 
             58.6994  0.0779622 -0.0114782  -0.419317  0.0140646 -0.0142539 0.00385163 0 0 0   -0.011 -0.02329  0.04412 -0.00761434 -0.00805738 -0.00940924 0.000393384 -0.00223172  -0.0037839  0.00477264 -0.00123092  0.00225523   1.54629 0.0910669  -9.68593 
             58.7995    0.12829 -0.0423203   -0.35218  0.0167148 -0.0139725 0.00658399 0 0 0   -0.011 -0.02329  0.04412 -0.000821617  -0.00658004  -0.00159055 0.000350616 -0.00220448 -0.00384676  0.00448307 -0.00133329  0.00187694   1.54653 0.0911265  -9.68589 
             58.8995   0.126202 0.00527469  -0.314771  0.0181763 -0.0132506 0.00459397 0 0 0   -0.011 -0.02329  0.04412 0.00442978 -0.0055442 -0.0071738 0.000350399 -0.00224567 -0.00388177   0.0043776 -0.00148164  0.00202649   1.54659 0.0912324  -9.68588 
             58.9995    0.130696 -0.00374664   -0.302784  0.0172132 -0.0142153 0.00645717 0 0 0   -0.011 -0.02329  0.04412   0.0005732 -0.00784625 -0.00381746  0.00034518 -0.00224113  -0.0038901  0.00450513 -0.00146975  0.00173115   1.54654 0.0912208  -9.68589 
             59.0994  0.104232 0.0484352 -0.361967  0.0184952 -0.0108308 0.00420864 0 0 0   -0.011 -0.02329  0.04412   0.0052101 0.000501245 -0.00722091 0.000361046 -0.00228777 -0.00384013  0.00441914 -0.00177128  0.00193035  1.54658 0.091436 -9.68588 
             59.1994  0.0955252 -0.0485174  -0.304341  0.0184703 -0.0144312  0.0078057 0 0 0   -0.011 -0.02329  0.04412   0.0025831 -0.00836135 0.000144369 0.000374087 -0.00220422 -0.00389011  0.00446597 -0.00151604  0.00148203   1.54659 0.0912453  -9.68588 
             59.2995    0.11315 -0.0635661  -0.288912  0.0191477 -0.0108378 0.00951176 0 0 0   -0.011 -0.02329  0.04412  0.00298491 0.000204045  0.00293429 0.000363277 -0.00218793  -0.0039015  0.00443866 -0.00185708  0.00130118   1.54664 0.0914785  -9.68587 
             59.3994  0.0959643 -0.0825527   -0.27057  0.019129 -0.010914 0.0104167 0 0 0   -0.011 -0.02329  0.04412    0.0010454 -0.000164856   0.00425169 0.000379367 -0.00217095 -0.00391614  0.00445622 -0.00185196  0.00121038   1.54664 0.0914729  -9.68587 
             59.4995  0.0897377 -0.0655543  -0.285957  0.0162684 -0.0113919  0.0108103 0 0 0   -0.011 -0.02329  0.04412 -0.00598616  -0.0024607  0.00295241 0.000390437 -0.00218726 -0.00390231  0.00467781 -0.00182172  0.00121306   1.54649 0.0914577  -9.68589 
             59.5993  0.102269  -0.08126 -0.280299   0.0197607 -0.00934525   0.0116368 0 0 0   -0.011 -0.02329  0.04412 0.00295574 0.00229602 0.00462624 0.000375159 -0.00217813 -0.00390811  0.00433004 -0.00201094   0.0011845   1.54673 0.0915836  -9.68585 
             59.6995   0.133121 -0.0666241   -0.36687  0.0182291 -0.0110636  0.0122721 0 0 0   -0.011 -0.02329  0.04412 -0.00252568 -0.00313897  0.00486055  0.00035313 -0.00218752 -0.00383306  0.00448007 -0.00186953  0.00114827   1.54663 0.0914858  -9.68587 
             59.7993   0.169991 -0.0364547  -0.287421 0.0170188 -0.011777  0.010835 0 0 0   -0.011 -0.02329  0.04412 -0.00393421 -0.00676068 0.000576241 0.000318057 -0.00221475 -0.00390086  0.00454874 -0.00185213  0.00134107   1.54657 0.0914782  -9.68588 
             59.8995  0.184222  -0.11379 -0.239185  0.0163957 -0.0113019  0.0132361 0 0 0   -0.011 -0.02329  0.04412 -0.00670935 -0.00648847   0.0043596 0.000301528 -0.00214936 -0.00394256  0.00457489 -0.00194363   0.0010835   1.54658 0.0915364  -9.68588 
             59.9995   0.216841 -0.0383809  -0.251626  0.0178005 -0.0114517  0.0125468 0 0 0   -0.011 -0.02329  0.04412 -0.00137707 -0.00786025  0.00292944 0.000273082 -0.00221398 -0.00393329 0.00439979 -0.0020021 0.00122772   1.54668 0.0915785  -9.68586 
             60.0995    0.260389 -0.00807616   -0.248665  0.0174056 -0.0113284  0.0101067 0 0 0   -0.011 -0.02329  0.04412 -0.000851952   -0.0094835  -0.00206132 0.000236842 -0.00223552 -0.00393496  0.00441199 -0.00207845  0.00151094   1.54665 0.0916396  -9.68586 
             60.1994   0.196897 -0.0382894  -0.288934  0.0141344 -0.0150002 0.00798554 0 0 0   -0.011 -0.02329  0.04412 -0.00953805  -0.0169124 -0.00408541 0.000287927 -0.00221093 -0.00390055  0.00465779 -0.00186458  0.00170082   1.54647 0.0914982  -9.68589 
             60.2993  0.171504 0.0421389 -0.283936  0.0149085 -0.0144514 0.00455319 0 0 0   -0.011 -0.02329  0.04412 -0.00365279  -0.0135583  -0.0103483  0.00030932 -0.00227699 -0.00390668  0.00452043 -0.00201637  0.00202207   1.54653 0.0916184  -9.68588 
             60.3995   0.128454 -0.0122034  -0.281525  0.0161605 -0.0157128 0.00361381 0 0 0   -0.011 -0.02329  0.04412 5.48036e-05  -0.0137899 -0.00994447 0.000347917  -0.0022324 -0.00390888   0.0043865 -0.00203348   0.0020135   1.54662 0.0916312  -9.68587 
             60.4994  0.0202647 0.00623573  -0.396172  0.0192762 -0.0164074 0.00201753 0 0 0   -0.011 -0.02329  0.04412 0.00767571 -0.0103299 -0.0110087 0.000433837 -0.00224542 -0.00381422  0.00413104 -0.00206886  0.00209445   1.54678 0.0916622  -9.68584 
             60.5994  0.119963 0.0181668 -0.300023  0.0208979 -0.0138628 0.00199037 0 0 0   -0.011 -0.02329  0.04412   0.0133024 -0.00432698  -0.0113297 0.000350628 -0.00225861 -0.00389499  0.00397303 -0.00232616  0.00208784   1.54688 0.0918366  -9.68583 
             60.6995 0.0484806 0.0702484 -0.399171   0.0200136  -0.0170384 -0.00195809 0 0 0   -0.011 -0.02329  0.04412  0.0087404 -0.0083059 -0.0144234 0.000415752 -0.00230563 -0.00380041  0.00421461 -0.00215555  0.00223654   1.54671 0.0917292  -9.68585 
             60.7995  0.0858689 -0.0267271  -0.315461  0.0191124 -0.0165578 0.00413617 0 0 0   -0.011 -0.02329  0.04412  0.00310968 -0.00682731 -0.00111355 0.000384155 -0.00222617  -0.0038776  0.00438783 -0.00228657  0.00144884   1.54669 0.0917944  -9.68586 
             60.8995  0.113501 0.0149862 -0.382233  0.0181743 -0.0175876  0.0060211 0 0 0   -0.011 -0.02329  0.04412 -6.86628e-05  -0.00817993   0.00281668 0.000360029  -0.0022591 -0.00382247  0.00449956 -0.00227479  0.00124546   1.54664 0.0917857  -9.68586 
             60.9994   0.146154 -0.0449021  -0.362683  0.0176463 -0.0179848 0.00990524 0 0 0   -0.011 -0.02329  0.04412 -0.00242787 -0.00887266  0.00860323 0.000334419 -0.00221197 -0.00383653  0.00455601 -0.00232181 0.000881016  1.54665 0.091812 -9.68586 
             61.0994  0.0971705 -0.0379403  -0.361927  0.0168728 -0.0165994 0.00998186 0 0 0   -0.011 -0.02329  0.04412 -0.00343357 -0.00434394  0.00672864 0.000376959 -0.00221645 -0.00383682  0.00459639 -0.00247671 0.000952469   1.54662 0.0919194  -9.68587 
             61.1993  0.163922 -0.084061 -0.377213  0.0171531 -0.0162127  0.0124986 0 0 0   -0.011 -0.02329  0.04412 -0.00290523  -0.0044453  0.00996164 0.000320663 -0.00217904 -0.00382745  0.00455442 -0.00255067 0.000767926   1.54668 0.0919628  -9.68586 
             61.2994  0.0204971 -0.0551824  -0.393912   0.017679 -0.0152963  0.0127929 0 0 0   -0.011 -0.02329  0.04412 -0.00111558   0.0003066  0.00770904 0.000437901 -0.00219823 -0.00381255  0.00448421 -0.00263504 0.000848268  1.54672 0.092016 -9.68585 
             61.3993   0.168047 -0.0286878  -0.326468  0.0178721 -0.0160918 0.00955484 0 0 0   -0.011 -0.02329  0.04412 0.000385906 -0.00391605 0.000489594 0.000320449 -0.00222124  -0.0038654  0.00443683 -0.00258438  0.00125613    1.5467 0.0919863  -9.68585 
             61.4993   0.103215 -0.0610114  -0.345993   0.019527 -0.0130765  0.0110927 0 0 0   -0.011 -0.02329  0.04412 0.00359349 0.00379976  0.0038377 0.000376778 -0.00219419 -0.00384761  0.00431569 -0.00284031  0.00111861   1.54681 0.0921457  -9.68583 
             61.5994   0.183131 -0.0637991  -0.323726 0.0185901 -0.013253 0.0121014 0 0 0   -0.011 -0.02329  0.04412  -0.00084672 -0.000477751   0.00411434  0.00030986 -0.00218993 -0.00386905  0.00441104 -0.00280949  0.00105821   1.54675 0.0921299  -9.68584 
             61.6995   0.208924 -0.0680415  -0.337336  0.0198989 -0.0140447   0.012618 0 0 0   -0.011 -0.02329  0.04412  0.00228683 -0.00458607  0.00352534 0.000294481 -0.00219075 -0.00385565  0.00429632 -0.00276885  0.00105673   1.54682 0.0920972  -9.68583 
             61.7994   0.122716 -0.0196108  -0.310464  0.0195058 -0.0127567   0.010039 0 0 0   -0.011 -0.02329  0.04412   0.00108282 -0.000642241 -0.000926087 0.000365639 -0.00222858 -0.00387464  0.00433609 -0.00288052  0.00134327   1.54677 0.0921792  -9.68584 
             61.8994   0.138919 -0.0821299  -0.364785  0.0164599 -0.0150821  0.0091347 0 0 0   -0.011 -0.02329  0.04412  -0.0069033 -0.00709634 -0.00367232 0.000360412 -0.00217551 -0.00383186  0.00456883 -0.00271724  0.00139094   1.54661 0.0920825  -9.68587 
             61.9994  -0.0206649 -0.00985198   -0.301763  0.0141413 -0.0150001 0.00670456 0 0 0   -0.011 -0.02329  0.04412   -0.011159 -0.00329129 -0.00708253 0.000486127 -0.00223312 -0.00388431  0.00471091 -0.00273805  0.00159261   1.54651 0.0921076  -9.68588 
             62.1001     0.123033 -0.000356354    -0.359905  0.0149649 -0.0161845 0.00544342 0 0 0   -0.011 -0.02329  0.04412 -0.00698138 -0.00759352   -0.010482  0.00036573 -0.00224234 -0.00384005  0.00459595 -0.00264705  0.00172804   1.54656 0.0920487  -9.68587 
             62.1995 -0.0169791 0.00744967  -0.292269  0.0159777 -0.0154131  0.0024576 0 0 0   -0.011 -0.02329  0.04412  -0.00107054 -0.000603291   -0.0117932 0.000480722 -0.00224917 -0.00389747  0.00444456 -0.00276149   0.0018272   1.54666 0.0921213  -9.68586 
             62.2995  0.0739631 -0.0288547  -0.327792    0.01991 -0.0135456 0.00470504 0 0 0   -0.011 -0.02329  0.04412  0.00945181  0.00340306 -0.00637506 0.000404597 -0.00221745 -0.00387068  0.00409435 -0.00294922  0.00156032    1.5469 0.0922302  -9.68582 
             62.3995   0.0791644 -0.00927937   -0.423994  0.0210117 -0.0142278 0.00462101 0 0 0   -0.011 -0.02329  0.04412  0.00846216  0.00115937 -0.00442777 0.000400464 -0.00223255 -0.00379451  0.00412383 -0.00287272  0.00147514   1.54689 0.0921803  -9.68582 
             62.4994  0.0706355 -0.0325805  -0.361207  0.0199393 -0.0178651 0.00436034 0 0 0   -0.011 -0.02329  0.04412  0.00303989 -0.00724375 -0.00430361 0.000412431 -0.00220987 -0.00384311  0.00425882 -0.00261492  0.00144192   1.54681 0.0920177  -9.68584 
             62.5994   0.0856559 -0.00665876   -0.386241  0.0190003 -0.0159501 0.00479677 0 0 0   -0.011 -0.02329  0.04412 8.26664e-05 -0.00190857 -0.00333168 0.000404729 -0.00222813 -0.00382274  0.00435706 -0.00278871  0.00134322  1.54676 0.092134 -9.68584 
             62.6995 0.0878943 -0.104406 -0.358295  0.0188404 -0.0155749  0.0104857 0 0 0   -0.011 -0.02329  0.04412  -0.00311431 -0.000980222   0.00727226 0.000400302 -0.00215461 -0.00384484   0.0043892 -0.00283347 0.000768888    1.5468 0.0921687  -9.68583 
                62.8 -0.0111976 -0.0238937  -0.337902  0.0161586 -0.0120687 0.00833171 0 0 0   -0.011 -0.02329  0.04412 -0.00734884  0.00884052  0.00259095 0.000473322 -0.00221927 -0.00386118  0.00455834 -0.00304828  0.00101812   1.54668 0.0923132  -9.68585 
             62.8994    0.12389 -0.0647479  -0.343166 0.0166458 -0.012687 0.0104007 0 0 0   -0.011 -0.02329  0.04412 -0.00591442  0.00392945  0.00550566 0.000365246 -0.00218606 -0.00385732  0.00446931  -0.0029689 0.000852027   1.54675 0.0922592  -9.68584 
             62.9993   0.120595 -0.0585614  -0.357086    0.017735 -0.00962354   0.0114024 0 0 0   -0.011 -0.02329  0.04412 -0.00260638  0.00927808  0.00656792 0.000363143 -0.00219381 -0.00384783   0.0043484 -0.00316042 0.000815003   1.54684 0.0923749  -9.68583 
             63.0993    0.13366 -0.0861279  -0.364763  0.0163321 -0.0128837  0.0121844 0 0 0   -0.011 -0.02329  0.04412   -0.0069219 -0.000974086   0.00614267 0.000347989 -0.00217479 -0.00384422  0.00445081    -0.00287 0.000763872   1.54676 0.0921963  -9.68584 
             63.1994  0.0866834 -0.0781884  -0.384249  0.0166648 -0.0128184  0.0118858 0 0 0   -0.011 -0.02329  0.04412  -0.00502254 -0.000514701   0.00354052   0.0003815 -0.00218364 -0.00383001  0.00435094 -0.00288327 0.000872056   1.54682 0.0921992  -9.68583 
             63.2994 0.0647348 -0.101158 -0.287422  0.0174999 -0.0141826  0.0126398 0 0 0   -0.011 -0.02329  0.04412  -0.0032222 -0.00354059  0.00364861  0.00039367 -0.00216702 -0.00390706   0.0042394 -0.00279447 0.000846336  1.54688 0.092138 -9.68582 
             63.3996  0.117795 -0.051832  -0.29131   0.017874 -0.0125161 0.00884961 0 0 0   -0.011 -0.02329  0.04412  -0.00117814 -0.000137207  -0.00353871  0.00035361 -0.00220555 -0.00390249  0.00417751 -0.00293718  0.00123828   1.54689 0.0922248  -9.68582 
             63.4995   0.123149 -0.0437008  -0.268372  0.0174162 -0.0120239   0.009641 0 0 0   -0.011 -0.02329  0.04412 -0.00229987  0.00108369 -0.00081363 0.000353041 -0.00221494 -0.00391911  0.00422455 -0.00297945  0.00114094   1.54688 0.0922529  -9.68582 
             63.5995   0.133252 -0.0546911  -0.329204  0.0169373 -0.0133256  0.0094468 0 0 0   -0.011 -0.02329  0.04412 -0.00295632 -0.00353871 -0.00255532 0.000343872 -0.00220172  -0.0038657  0.00423698 -0.00288877  0.00114394   1.54686 0.0921964  -9.68582 
             63.6995   0.149819 0.00567838  -0.309327   0.014686 -0.0158439 0.00803982 0 0 0   -0.011 -0.02329  0.04412 -0.00684241  -0.0102476 -0.00497469 0.000328966 -0.00225016 -0.00388125  0.00439363 -0.00272813  0.00124641   1.54676 0.0921002  -9.68584 
             63.7996  0.0998213 -0.0142969  -0.261217  0.0155831 -0.0164258 0.00767974 0 0 0   -0.011 -0.02329  0.04412 -0.00396064 -0.00978194 -0.00448445 0.000366329 -0.00223264 -0.00391644  0.00426937 -0.00274709   0.0012572  1.54683  0.09211 -9.68583 
             63.8994     0.1714 0.00371908  -0.288707  0.0144364 -0.0172915 0.00593925 0 0 0   -0.011 -0.02329  0.04412 -0.00419024  -0.0113857 -0.00609049 0.000315695 -0.00224826 -0.00389264  0.00430877 -0.00281996  0.00133105    1.5468 0.0921569  -9.68583 
             63.9995  0.0876482 -0.0564872  -0.308015  0.0161436 -0.0173604 0.00695221 0 0 0   -0.011 -0.02329  0.04412 -0.000462193  -0.00824223  -0.00321187 0.000382886 -0.00219994 -0.00387916  0.00415023 -0.00289644  0.00118971   1.54691 0.0922011  -9.68582 
             64.0995  0.0645214 -0.0276878  -0.338265  0.0168416 -0.0170066  0.0063854 0 0 0   -0.011 -0.02329  0.04412  0.00133359 -0.00538181 -0.00233678 0.000392147 -0.00222474 -0.00385855  0.00409949 -0.00296793  0.00122247   1.54694 0.0922461  -9.68581 
             64.1994   0.102555 -0.0749667  -0.361229  0.0181545 -0.0195918 0.00844505 0 0 0   -0.011 -0.02329  0.04412 0.00236595 -0.0104236 0.00150553 0.000360451 -0.00218935 -0.00383895  0.00401608 -0.00284715  0.00103541   1.54701 0.0921671   -9.6858 
             64.2994   0.123751 -0.0327924  -0.319315   0.018886 -0.0178112   0.010153 0 0 0   -0.011 -0.02329  0.04412  0.00325686 -0.00537639  0.00488192 0.000341332  -0.0022195 -0.00387178  0.00398229 -0.00303482 0.000894867   1.54704 0.0922789   -9.6858 
             64.3995  0.147326  -0.11182 -0.360027  0.0182266 -0.0182893  0.0146427 0 0 0   -0.011 -0.02329  0.04412 -0.00110317 -0.00682092   0.0111513 0.000326028  -0.0021563 -0.00384283   0.0040557 -0.00306294 0.000550036   1.54703 0.0922904   -9.6858 
             64.4995  0.0732128 -0.0946597  -0.342982  0.0164396 -0.0162121  0.0146681 0 0 0   -0.011 -0.02329  0.04412  -0.00626754 -1.90964e-05   0.00971543 0.000381314 -0.00216565 -0.00385523  0.00417461 -0.00323571 0.000627107  1.54695   0.0924 -9.68581 
             64.5999  0.144735 -0.109807  -0.37863  0.0164386 -0.0150459  0.0159097 0 0 0   -0.011 -0.02329  0.04412 -0.00571677 0.000971118  0.00966094 0.000323376 -0.00215343 -0.00382839  0.00412172 -0.00332565 0.000609919   1.54699 0.0924527   -9.6858 
             64.6995 0.0763597   -0.1218  -0.27085   0.018295 -0.0114186  0.0146943 0 0 0   -0.011 -0.02329  0.04412 -0.00108895  0.00940362  0.00569972 0.000377414  -0.0021437 -0.00391134   0.0039329   -0.003566 0.000810227   1.54709 0.0925952  -9.68578 
                64.8   0.105971 -0.0890032  -0.401501  0.0192279 -0.0122411  0.0141087 0 0 0   -0.011 -0.02329  0.04412 0.000580823  0.00520448  0.00352156 0.000360847 -0.00216773 -0.00381009  0.00385126 -0.00344559 0.000923063   1.54713 0.0925215  -9.68578 
             64.8995  0.0890306 -0.0999777  -0.285775  0.0192315 -0.0124889  0.0151829 0 0 0   -0.011 -0.02329  0.04412 -0.000424551  0.000730191  -0.00151991 0.000372837  -0.0021605 -0.00389937  0.00385622 -0.00339877  0.00084984   1.54713 0.0924921  -9.68578 
             64.9999  0.0514752 -0.0996587  -0.354263  0.0190705 -0.0142278  0.0125958 0 0 0   -0.011 -0.02329  0.04412 -0.00019394 -0.00378778 -0.00729943 0.000381796 -0.00217291 -0.00389087  0.00385855 -0.00324417  0.00112782    1.5471 0.0924038  -9.68578 
             65.0994   0.045511 -0.0902039   -0.36088  0.0183601 -0.0160404 0.00924936 0 0 0   -0.011 -0.02329  0.04412 -0.00292467  -0.0054208  -0.0121948 0.000384602 -0.00217848 -0.00388929  0.00388811 -0.00317856  0.00124402   1.54708 0.0923675  -9.68579 
             65.1993   0.13911  -0.10116 -0.344705  0.0161568 -0.0172822  0.0112919 0 0 0   -0.011 -0.02329  0.04412  -0.0107011  -0.0106361 -0.00476183  0.00035497 -0.00217786 -0.00389436  0.00394416 -0.00316049  0.00110936   1.54705 0.0923576  -9.68579 
             65.2994  0.044042 0.0314404 -0.282235    0.01468 -0.0156277 0.00417774 0 0 0   -0.011 -0.02329  0.04412 -0.00857641 -0.00227968  -0.0189072 0.000421629 -0.00226893 -0.00393838  0.00394774 -0.00322093  0.00133205   1.54704 0.0923945  -9.68579 
             65.3995   0.127244 -0.0548388  -0.326358  0.0139396 -0.0182745 0.00756454 0 0 0   -0.011 -0.02329  0.04412  -0.0117885  -0.0100854 -0.00824356  0.00037277  -0.0022141 -0.00390254  0.00396696 -0.00315336  0.00118058   1.54703 0.0923565   -9.6858 
             65.4995 0.0867148 -0.049104 -0.280739  0.0138234 -0.0165154 0.00803555 0 0 0   -0.011 -0.02329  0.04412 -0.00938931 -0.00412461 -0.00658504 0.000397484 -0.00221223 -0.00394059  0.00393777 -0.00322697  0.00114398  1.54705 0.092398 -9.68579 
             65.5994   0.156215 -0.0335574   -0.36087  0.0150869  -0.019977 0.00802207 0 0 0   -0.011 -0.02329  0.04412 -0.00382399  -0.0119929 -0.00559479 0.000348625 -0.00221087 -0.00388058  0.00383018 -0.00315559  0.00112598   1.54711 0.0923573  -9.68578 
             65.6995  0.0233296 -0.0354985  -0.332278  0.0190283 -0.0188456 0.00383406 0 0 0   -0.011 -0.02329  0.04412  0.00714572 -0.00485063  -0.0124524  0.00044122 -0.00219105 -0.00390052  0.00356095 -0.00325432    0.001329   1.54724 0.0924103  -9.68576 
             65.7999   0.137078 -0.0252702  -0.352595  0.0156566 -0.0186288 0.00554662 0 0 0   -0.011 -0.02329  0.04412 -0.00332062 -0.00549025 -0.00733536 0.000351775 -0.00220913 -0.00388442  0.0038289 -0.0033012 0.00113396   1.54711 0.0924399  -9.68578 
             65.8998   0.164456 -0.0293046  -0.302097  0.0171856 -0.0141759 0.00690332 0 0 0   -0.011 -0.02329  0.04412  0.00131815  0.00310848 -0.00409334 0.000318711 -0.00220435 -0.00392607  0.00370193 -0.00361866  0.00100758    1.5472 0.0926144  -9.68577 
             65.9995    0.22802 -0.0409227   -0.34118  0.0145976 -0.0174816 0.00988434 0 0 0   -0.011 -0.02329  0.04412 -0.00599552 -0.00794058  0.00122496  0.00027492 -0.00219455 -0.00389537  0.00391379 -0.00339651 0.000754871    1.5471 0.0924934  -9.68578 
             66.0994  0.0632587 -0.0226923  -0.373953  0.0138962 -0.0182174 0.00710115 0 0 0   -0.011 -0.02329  0.04412 -0.00554261 -0.00663692 -0.00362472 0.000400029 -0.00220948 -0.00386865  0.00391646 -0.00337261 0.000988971   1.54708 0.0924835  -9.68579 
             66.1999   0.224701 -0.0960373  -0.307423  0.0167955 -0.0144597 0.00979406 0 0 0   -0.011 -0.02329  0.04412   0.00122725 -0.000562068   0.00108754 0.000283118 -0.00214998 -0.00391745  0.00364286 -0.00372862 0.000742554   1.54726 0.0926698  -9.68576 
             66.2995    0.12968 -0.0194623   -0.37582  0.0158609 -0.0167149 0.00945601 0 0 0   -0.011 -0.02329  0.04412 -0.000533306  -0.00551276 -5.38103e-05 0.000355554 -0.00220653 -0.00386664  0.00372866 -0.00355712 0.000780132    1.5472 0.0925779  -9.68577 
             66.3994   0.220643 -0.0554215  -0.313049  0.016629 -0.014599 0.0116152 0 0 0   -0.011 -0.02329  0.04412 0.000829282  -0.0027253  0.00407317 0.000281405 -0.00218093 -0.00391754  0.00366559 -0.00377703 0.000586548  1.54726 0.092692 -9.68576 
             66.4994   0.055312 -0.0489028   -0.28253   0.0197681 -0.00935065    0.012198 0 0 0   -0.011 -0.02329  0.04412 0.00804015  0.0108441 0.00470116 0.000405087 -0.00218583 -0.00393994  0.00343222 -0.00416815 0.000579066    1.5474 0.0929009  -9.68573 
             66.5995  0.0698133 -0.0823764  -0.340131  0.0189962 -0.0122795  0.0130536 0 0 0   -0.011 -0.02329  0.04412 0.00242809 0.00217544 0.00556643  0.00039345  -0.0021589 -0.00389921  0.00354238 -0.00388023 0.000533111   1.54733 0.0927434  -9.68574 
             66.6998  0.0788523 -0.0856716  -0.390219 0.0164753 -0.015188 0.0125848 0 0 0   -0.011 -0.02329  0.04412 -0.00499081 -0.00486082   0.0038631 0.000388362 -0.00215518 -0.00386164  0.00374508  -0.0036515 0.000616518   1.54722 0.0926249  -9.68576 
             66.7998 0.0991607 -0.025651 -0.293919  0.0134483 -0.0154195  0.0101873 0 0 0   -0.011 -0.02329  0.04412   -0.0100803  -0.00486416 -0.000953352 0.000379759 -0.00219536 -0.00393134  0.00393518  -0.0036585 0.000859253    1.5471 0.0926406  -9.68578 
             66.8995   0.107738 -0.0812211  -0.359471  0.0132515 -0.0163114  0.0109506 0 0 0   -0.011 -0.02329  0.04412 -0.00942924 -0.00650063 0.000246169 0.000367177 -0.00215355 -0.00388483  0.00386664 -0.00363906 0.000777383   1.54714 0.0926261  -9.68578 
             66.9994  0.0670648 -0.0878548  -0.314696 0.0115434  -0.01711 0.0139415 0 0 0   -0.011 -0.02329  0.04412  -0.0136145 -0.00648598  0.00582612 0.000392552 -0.00214944 -0.00392033  0.00393259 -0.00362911 0.000496015  1.54712 0.092617 -9.68578 
             67.0999  0.0671015 -0.0690301   -0.35646  0.0137143 -0.0179914 0.00827735 0 0 0   -0.011 -0.02329  0.04412 -0.00422516 -0.00638758 -0.00567199 0.000386912 -0.00216535 -0.00389202  0.00365056 -0.00360916  0.00106646   1.54723 0.0926073  -9.68576 
             67.1999 0.0785463 -0.077623 -0.258014  0.0134147 -0.0153926 0.00973967 0 0 0   -0.011 -0.02329  0.04412 -0.00503052 0.000396166 -0.00244693 0.000373555 -0.00215999 -0.00396521  0.00366941 -0.00384343 0.000891675   1.54724 0.0927332  -9.68576 
             67.2997  0.101787  -0.08038 -0.272147  0.0136871 -0.0154531  0.0104127 0 0 0   -0.011 -0.02329  0.04412  -0.00398721 -0.000356431 -0.000697943 0.000357163 -0.00215755 -0.00395334  0.00360763 -0.00384305 0.000812584   1.54728 0.0927308  -9.68575 
             67.3994  0.0632935 -0.0511671  -0.329396  0.0140526 -0.0158506 0.00783199 0 0 0   -0.011 -0.02329  0.04412  -0.00224679 -0.000611335  -0.00548868 0.000383226 -0.00217913    -0.00391  0.00353549 -0.00381486  0.00101635    1.5473 0.0927147  -9.68575 
             67.4995  0.158043  -0.10409 -0.333421  0.0151246 -0.0170733  0.0134643 0 0 0   -0.011 -0.02329  0.04412 -0.000201466  -0.00534036   0.00623575 0.000314727   -0.002142 -0.00390812  0.00345349 -0.00373221 0.000432563   1.54738 0.0926706  -9.68574 
             67.5994     0.186169 -0.000972203     -0.30583  0.0180346 -0.0158102  0.0103294 0 0 0   -0.011 -0.02329  0.04412   0.00668122   -0.0039164 -0.000458809 0.000290994 -0.00221941 -0.00392994  0.00327238 -0.00387744 0.000778545   1.54745 0.0927459  -9.68573 
             67.6995    0.14844 -0.0996721  -0.339678  0.0177111 -0.0171901  0.0101667 0 0 0   -0.011 -0.02329  0.04412  0.00292742  -0.0067107 -0.00140519 0.000322081 -0.00214574 -0.00390429  0.00332031 -0.00380132 0.000785398   1.54743 0.0927055  -9.68573 
                67.8 0.0939187  0.012554 -0.376769  0.0164905 -0.0172468 0.00841095 0 0 0   -0.011 -0.02329  0.04412 2.21742e-05 -0.00510393 -0.00360131 0.000367345 -0.00222509  -0.0038749  0.00342936 -0.00384041 0.000908536   1.54736 0.0927277  -9.68574 
             67.8998   0.21716 -0.158373 -0.290838     0.0202 -0.0136584  0.0174386 0 0 0   -0.011 -0.02329  0.04412  0.00445817 0.000751662   0.0128703  0.00027563 -0.00210232 -0.00393863  0.00317879  -0.0041477 0.000135151   1.54755 0.0928788  -9.68571 
             67.9997   0.154802 -0.0974687  -0.290903   0.016865 -0.0132509  0.0166265 0 0 0   -0.011 -0.02329  0.04412 -0.00391853 1.47003e-05  0.00806584 0.000319957 -0.00214546  -0.0039356  0.00344213 -0.00415884 0.000283546    1.5474 0.0928917  -9.68573 
             68.0996  0.0569754 -0.0412692  -0.342281  0.0176726 -0.0149465  0.0123121 0 0 0   -0.011 -0.02329  0.04412 -0.00105785  -0.0020499  -0.0011947  0.00039754 -0.00218421 -0.00389656  0.00334588 -0.00402672 0.000725214   1.54742 0.0928304  -9.68573 
             68.1994 -0.0178119 -0.0597653  -0.292912 0.0164179 -0.016655 0.0103776 0 0 0   -0.011 -0.02329  0.04412 -0.00440619  -0.0056038 -0.00593277 0.000451487 -0.00217203  -0.0039344  0.00344355 -0.00388719 0.000903149   1.54736 0.0927631  -9.68574 
             68.2997 0.0836356 -0.133337  -0.33833  0.0175997 -0.0169631  0.0128455 0 0 0   -0.011 -0.02329  0.04412 -0.00289699 -0.00481071 -0.00117842 0.000371472 -0.00211808 -0.00390079  0.00331365 -0.00393865 0.000650334   1.54744 0.0927817  -9.68573 
             68.4007   0.113987 -0.0644018  -0.343208  0.0147829 -0.0176795  0.0110948 0 0 0   -0.011 -0.02329  0.04412 -0.00904811 -0.00614044  -0.0043768 0.000346019 -0.00216773 -0.00389919  0.00349484 -0.00392286 0.000777873  1.54734 0.092779 -9.68574 
             68.4998    0.10797 -0.0587026  -0.404909  0.0122431 -0.0191208  0.0108564 0 0 0   -0.011 -0.02329  0.04412  -0.0129483 -0.00851908   -0.004488 0.000343269 -0.00217515 -0.00385482  0.00361639 -0.00386412 0.000756222   1.54728 0.0927503  -9.68575 
             68.5999   0.138775 -0.0506452  -0.347415  0.0137385 -0.0185464 0.00964248 0 0 0   -0.011 -0.02329  0.04412 -0.00684285 -0.00690151 -0.00650272 0.000321741 -0.00217931 -0.00389988  0.00345085 -0.00393206 0.000873813  1.54736 0.092783 -9.68574 
             68.6994 -0.0288967 -0.0069548  -0.337597  0.0138606 -0.0183757 0.00510091 0 0 0   -0.011 -0.02329  0.04412 -0.00351247 -0.00300434  -0.0133095 0.000444503 -0.00221065 -0.00390975  0.00338644 -0.00397082   0.0012133   1.54737 0.0928053  -9.68574 
             68.7994  0.0419689 -0.0995263  -0.348511  0.0151475 -0.0176601 0.00591625 0 0 0   -0.011 -0.02329  0.04412 -0.00221114 2.90778e-05 -0.00929524 0.000398871 -0.00213941 -0.00390081  0.00324405 -0.00405536 0.000974447   1.54746 0.0928423  -9.68572 
             68.8994 -0.0044675 -0.0599511  -0.331194  0.0171972 -0.0161454 0.00665917 0 0 0   -0.011 -0.02329  0.04412  0.00319508  0.00509832 -0.00623523 0.000434089 -0.00216919 -0.00391338  0.00309456  -0.0041499 0.000850187   1.54754 0.0928861  -9.68571 
             68.9996   0.064683 -0.0812232  -0.252731  0.0190088 -0.0146143 0.00849782 0 0 0   -0.011 -0.02329  0.04412 0.00529718 0.00745354 -0.0010701 0.000383348 -0.00215342 -0.00397061  0.00298849 -0.00422741 0.000658366   1.54761 0.0929241   -9.6857 
             69.0998  0.0706642 -0.0212778  -0.297286  0.0165278 -0.0132088 0.00747202 0 0 0   -0.011 -0.02329  0.04412 -0.00116053  0.00940619 -0.00281777 0.000377837 -0.00219681 -0.00393768  0.00320192 -0.00428425 0.000722032    1.5475 0.0929584  -9.68572 
             69.1995  0.0800224 -0.0798358   -0.27842  0.0171154 -0.0151643 0.00757163 0 0 0   -0.011 -0.02329  0.04412 -0.000708616   0.00294457  -0.00314781 0.000369215  -0.0021545 -0.00395071  0.00314911 -0.00409914 0.000694389   1.54753 0.0928629  -9.68571 
             69.2994   0.20594 0.0130307 -0.370634  0.0154154 -0.0156872 0.00867563 0 0 0   -0.011 -0.02329  0.04412 -0.00335508 -0.00200847 0.000486501 0.000274872 -0.00222393 -0.00388494   0.0032739 -0.00406172 0.000564948   1.54747 0.0928473  -9.68572 
             69.3996  0.0841441 -0.0301317  -0.325159  0.0179431 -0.0141494 0.00824548 0 0 0   -0.011 -0.02329  0.04412   0.00328994   0.00294984 -0.000621625 0.000367018 -0.00219201 -0.00391841  0.00306336 -0.00416646 0.000613488   1.54757 0.0928997   -9.6857 
             69.5008 0.00548044 -0.0360428  -0.328492  0.0204738 -0.0141174 0.00695635 0 0 0   -0.011 -0.02329  0.04412   0.0106744  0.00376221 -0.00429479 0.000421536 -0.00218721  -0.0039161  0.00284814 -0.00416371 0.000750472   1.54767 0.0928959  -9.68569 
             69.5996  0.0462362 -0.0547111  -0.334512  0.0201172 -0.0123917  0.0103051 0 0 0   -0.011 -0.02329  0.04412  0.0049099 0.00634738 0.00273766 0.000392998 -0.00217487 -0.00390967  0.00298879 -0.00422543 0.000437988   1.54762 0.0929308   -9.6857 
             69.7007  0.109318 -0.143324 -0.279703   0.0238513 -0.00837341   0.0160486 0 0 0   -0.011 -0.02329  0.04412 0.0103028 0.0128232 0.0119752 0.000351066  -0.0021137 -0.00394823   0.00275187  -0.00447735 -1.34969e-05  1.54777 0.093057 -9.68567 
             69.8007 0.0796948 -0.101594 -0.359544  0.0189024 -0.0127002   0.016821 0 0 0   -0.011 -0.02329  0.04412   -0.004922 0.000416045    0.011294 0.000369279  -0.0021435 -0.00389464  0.00316112 -0.00410568 9.16132e-06   1.54757 0.0928756   -9.6857 
             69.9006   0.160753 -0.0616485   -0.31618   0.017041 -0.0120649  0.0142117 0 0 0   -0.011 -0.02329  0.04412  -0.00797319 -0.000137325   0.00460892  0.00031509 -0.00217067 -0.00392383  0.00324771 -0.00414915 0.000302796   1.54751 0.0928973  -9.68571 
             69.9997 0.00845409  -0.118695  -0.330781  0.0153171 -0.0173251  0.0137082 0 0 0   -0.011 -0.02329  0.04412  -0.0120977 -0.00947769  0.00240658 0.000418536 -0.00213085 -0.00391465   0.0033037 -0.00380034 0.000376431   1.54747 0.0927239  -9.68572 
             70.0994  0.199022 -0.038283 -0.315429  0.0140021 -0.0169418  0.0129952 0 0 0   -0.011 -0.02329  0.04412  -0.0115584  -0.0101705 6.75413e-05 0.000282415 -0.00218917 -0.00392536  0.00332319 -0.00389991 0.000449228   1.54746 0.0927737  -9.68572 
             70.1998  0.110665 -0.134672 -0.340457  0.0155502 -0.0152187  0.0154226 0 0 0   -0.011 -0.02329  0.04412 -0.00771769 -0.00361774    0.004388 0.000347597 -0.00212061 -0.00390672  0.00311954 -0.00408277 0.000268445   1.54757 0.0928612  -9.68571 
             70.2997     0.1052 -0.0734698  -0.349419  0.0142311 -0.0153756  0.0113552 0 0 0   -0.011 -0.02329  0.04412 -0.00859992 -0.00369147 -0.00416527 0.000350357  -0.0021641 -0.00390139   0.0031552 -0.00408785 0.000632279   1.54753 0.0928658  -9.68571 
             70.3994  0.0909067 -0.0564447  -0.404233   0.016229 -0.0165822 0.00948567 0 0 0   -0.011 -0.02329  0.04412 -0.00147057 -0.00628645 -0.00781728 0.000361979 -0.00217596 -0.00386234  0.00296059 -0.00399592 0.000818917   1.54762 0.0928182   -9.6857 
             70.4997  0.0561716 -0.0340211  -0.311471   0.017953 -0.0153953 0.00507469 0 0 0   -0.011 -0.02329  0.04412  0.00322383 -0.00155412  -0.0133379 0.000388013 -0.00219011 -0.00392901  0.00284097 -0.00411753  0.00103905   1.54766 0.0928776  -9.68569 
             70.5996  0.0706477 -0.0871717  -0.319784  0.0192113 -0.0165622 0.00811532 0 0 0   -0.011 -0.02329  0.04412  0.00330728 -0.00390214 -0.00612742 0.000382801 -0.00215453 -0.00392199  0.00277127 -0.00406344 0.000682507  1.54771 0.092847 -9.68568 
             70.6994  0.0836325 -0.0147302  -0.340625   0.019225 -0.0155156 0.00497971 0 0 0   -0.011 -0.02329  0.04412  0.00442704 -0.00127799  -0.0120905 0.000376351 -0.00220575 -0.00390535  0.00279478 -0.00415007 0.000888973   1.54769 0.0928909  -9.68569 
             70.7997   0.098622 -0.0426139  -0.349948  0.0189417 -0.0160323 0.00832051 0 0 0   -0.011 -0.02329  0.04412  0.00170114 -0.00280635 -0.00456183 0.000363678 -0.00218669 -0.00390006  0.00284785 -0.00413592 0.000515644   1.54769 0.0928839  -9.68569 
             70.8996  0.099134  0.012963 -0.362714  0.0175375 -0.0157566 0.00335262 0 0 0   -0.011 -0.02329  0.04412 -0.000185772  -0.00172818   -0.0124012 0.000359244   -0.002228 -0.00389083  0.00295316 -0.00416006 0.000881808   1.54762 0.0928976   -9.6857 
             71.0006    0.10212 -0.0327254  -0.339448 0.0183742 -0.015828 0.0050625 0 0 0   -0.011 -0.02329  0.04412  0.00107287 -0.00198081 -0.00761602 0.000357348 -0.00219364  -0.0039082  0.00289613 -0.00417506 0.000641321   1.54766 0.0929038  -9.68569 
             71.1006  0.0514616 -0.0181885  -0.248403  0.0198401 -0.0146045 0.00609136 0 0 0   -0.011 -0.02329  0.04412  0.00448712  0.00164714 -0.00342319 0.000385956  -0.0022067 -0.00397164  0.00280419 -0.00426822  0.00050869   1.54771 0.0929466  -9.68568 
             71.2007   0.142357 -0.0652888  -0.357945  0.0207215 -0.0147765 0.00927161 0 0 0   -0.011 -0.02329  0.04412   0.00433484 -0.000472592   0.00275381 0.000328054 -0.00217293 -0.00389308   0.0027801 -0.00426141 0.000227619  1.54775 0.092943 -9.68568 
             71.3006   0.106946 -0.0133959  -0.373961  0.0198879 -0.0157177 0.00851585 0 0 0   -0.011 -0.02329  0.04412  0.00206646 -0.00256847  0.00106597  0.00034839 -0.00220952 -0.00388397  0.00287007 -0.00419749 0.000304795    1.5477 0.0929136  -9.68568 
             71.3996   0.181638 -0.0323874  -0.298847  0.0214307 -0.0128875  0.0105925 0 0 0   -0.011 -0.02329  0.04412  0.0051426 0.00222992 0.00513898 0.000295233 -0.00219654 -0.00393488  0.00277699 -0.00441701 0.000149988  1.54776 0.093017 -9.68567 
             71.4995 -0.0127887 -0.0134533  -0.360055  0.0213863 -0.0150344 0.00831947 0 0 0   -0.011 -0.02329  0.04412   0.00457222 -8.00103e-05  0.000254136 0.000429434 -0.00220762 -0.00389043  0.00281208 -0.00423519 0.000370091   1.54772 0.0929319  -9.68568 
             71.6006 0.0931798 -0.060971 -0.341543  0.0212406 -0.0140781  0.0105526 0 0 0   -0.011 -0.02329  0.04412 0.00151292 0.00111911 0.00424309 0.000354699  -0.0021749 -0.00390177  0.00285087 -0.00431275  0.00018753   1.54772 0.0929684  -9.68568 
             71.6996  0.0709421 0.00158782  -0.369164  0.0214485 -0.0136674 0.00675155 0 0 0   -0.011 -0.02329  0.04412  0.00427815  0.00225375 -0.00433247 0.000367788 -0.00222066 -0.00388545   0.0028203  -0.0043353 0.000549088    1.5477 0.0929801  -9.68568 
             71.7993   0.149797 -0.0353287  -0.289578  0.0213364 -0.0120406 0.00784065 0 0 0   -0.011 -0.02329  0.04412  0.00250539  0.00244364 -0.00216451 0.000310071 -0.00219295 -0.00394323  0.00287117 -0.00442074 0.000418051   1.54769 0.0930212  -9.68568 
             71.8999   0.072537 -0.0920315  -0.359167  0.0175057 -0.0137435  0.0103977 0 0 0   -0.011 -0.02329  0.04412  -0.00979914 -0.000771965   0.00331312 0.000366619 -0.00215377 -0.00389123  0.00314167 -0.00427681 0.000188465   1.54759 0.0929572   -9.6857 
             72.0006  0.0667027 -0.0151052  -0.290371   0.014075 -0.0128344 0.00841719 0 0 0   -0.011 -0.02329  0.04412   -0.015348   0.0012017 -0.00100687 0.000376213 -0.00220501 -0.00393778  0.00331691   -0.004333 0.000351214   1.54749 0.0929873  -9.68572 
             72.1006   0.106977 -0.0572465  -0.344665  0.0163735 -0.0144733 0.00823073 0 0 0   -0.011 -0.02329  0.04412  -0.00800864  -0.00296893 -0.000734857 0.000351646 -0.00217667 -0.00389951  0.00310503 -0.00421206 0.000384449   1.54759 0.0929279   -9.6857 
             72.1998 0.0626148 -0.029725 -0.373146  0.0147384 -0.0146479 0.00841211 0 0 0   -0.011 -0.02329  0.04412 -0.00879411 -0.00113094 -2.9239e-05 0.000384795 -0.00219426 -0.00387963  0.00310836 -0.00422882 0.000358685   1.54759 0.0929357   -9.6857 
             72.2996  0.0586381 -0.0670794  -0.349862  0.0185332 -0.0149125 0.00872013 0 0 0   -0.011 -0.02329  0.04412   0.00226435  -0.00162755 -0.000233474 0.000381179 -0.00217186 -0.00389308  0.00278545 -0.00422122 0.000352886   1.54773 0.0929269  -9.68568 
             72.3997  0.0489986 -0.0292739  -0.334902  0.0205775 -0.0163926 0.00671522 0 0 0   -0.011 -0.02329  0.04412  0.00775743 -0.00420401 -0.00342921 0.000387365 -0.00219975 -0.00390533  0.00265447 -0.00413234  0.00052339   1.54778 0.0928832  -9.68567 
             72.5006    0.10779 -0.0351163  -0.344611  0.0206531 -0.0160759 0.00770796 0 0 0   -0.011 -0.02329  0.04412   0.00414394  -0.00276092 -0.000760749 0.000347352 -0.00219261  -0.0039011  0.00273362 -0.00419794 0.000401234   1.54775 0.0929159  -9.68568 
             72.5997  0.168858 0.0255899 -0.335925  0.0197266 -0.0179808 0.00506457 0 0 0   -0.011 -0.02329  0.04412  0.00362712 -0.00888202 -0.00622336 0.000299338 -0.00223905  -0.0039067  0.00282339 -0.00410768 0.000596941    1.5477 0.0928755  -9.68568 
             72.7006   0.149323 -0.0395204  -0.376243  0.0209621  -0.016781 0.00562701 0 0 0   -0.011 -0.02329  0.04412  0.00446136 -0.00511361 -0.00396269 0.000312268 -0.00219369 -0.00387915  0.00277088 -0.00423473 0.000510636  1.54773 0.092933 -9.68568 
             72.7998 -0.0353665  0.0535415  -0.246194  0.0186852 -0.0170349 0.00385955 0 0 0   -0.011 -0.02329  0.04412 0.000795841 -0.00272685 -0.00666756 0.000437316  -0.0022588  -0.0039707  0.00295386 -0.00422365 0.000605617   1.54764 0.0929332  -9.68569 
             72.9006   0.133592 -0.0939694  -0.296682  0.0202055 -0.0169829  0.0110586 0 0 0   -0.011 -0.02329  0.04412 0.000721828 -0.00384909  0.00701879 0.000321349 -0.00215563 -0.00393711  0.00286956 -0.00427274 2.32506e-05   1.54772 0.0929515  -9.68568 
             73.0006  0.0331694 -0.0271717  -0.308532  0.0189759 -0.0148316 0.00855862 0 0 0   -0.011 -0.02329  0.04412 -0.00116873  0.00327189  0.00244157 0.000387582 -0.00220317 -0.00393114  0.00295849 -0.00441877 0.000254441   1.54767 0.0930203  -9.68569 
             73.0995   0.109237 -0.0704467  -0.369401  0.0200644 -0.0152842  0.0111868 0 0 0   -0.011 -0.02329  0.04412 0.000543956  0.00059874  0.00577807 0.000336548  -0.0021703  -0.0038885  0.00287795 -0.00437762 9.27453e-05   1.54772 0.0930002  -9.68568 
             73.2006   0.101342 -0.0453827  -0.308127  0.0198381 -0.0136211  0.0113552 0 0 0   -0.011 -0.02329  0.04412 0.000101698  0.00463545  0.00627594 0.000345039 -0.00218563 -0.00392889   0.0028977 -0.00449872 9.25597e-05   1.54771 0.0930553  -9.68568 
             73.3007  0.100404  -0.10461 -0.326017   0.020256 -0.0136784  0.0127545 0 0 0   -0.011 -0.02329  0.04412 -0.000785321   0.00361566   0.00866756 0.000345198 -0.00214467 -0.00391744  0.00286457 -0.00446951 2.91574e-05   1.54773 0.0930416  -9.68568 
             73.4006   0.168933 -0.0810781  -0.382413 0.0198983 -0.013056 0.0119813 0 0 0   -0.011 -0.02329  0.04412 -0.00199647  0.00163041  0.00519152 0.000298826 -0.00216121 -0.00387891  0.00286895 -0.00448238 0.000186193   1.54771 0.0930478  -9.68568 
             73.5007   0.136576 -0.0295216  -0.382976  0.0186685 -0.0155765  0.0125441 0 0 0   -0.011 -0.02329  0.04412 -0.00477509 -0.00527395  0.00546694 0.000315184 -0.00219408 -0.00388192  0.00296319 -0.00429235 0.000154245   1.54767 0.0929641  -9.68569 
             73.6005   0.214147 -0.0402116  -0.293654   0.018193 -0.0131224   0.011221 0 0 0   -0.011 -0.02329  0.04412  -0.00432216 -0.000742829   0.00278124 0.000262255 -0.00218885 -0.00394329  0.00296103 -0.00448392 0.000299234   1.54767 0.0930513  -9.68569 
             73.7005  0.0534287 -0.0443824  -0.377031   0.015084 -0.0157087 0.00777353 0 0 0   -0.011 -0.02329  0.04412  -0.0101866 -0.00403972 -0.00434961 0.000370077 -0.00218347 -0.00388818   0.0030975 -0.00431343 0.000563261   1.54759 0.0929836   -9.6857 
             73.7996   0.147956 -0.0304094  -0.346567  0.0158859 -0.0160992 0.00791343 0 0 0   -0.011 -0.02329  0.04412 -0.00687379 -0.00631521 -0.00427165 0.000304729 -0.00219576 -0.00391021  0.00301486 -0.00430411 0.000546489   1.54763 0.0929764   -9.6857 
             73.8994   0.119984 0.00381027  -0.373078   0.019315  -0.017822 0.00578419 0 0 0   -0.011 -0.02329  0.04412  0.00410113  -0.0082115 -0.00662866 0.000321001 -0.00222067 -0.00389174   0.0027583 -0.00426699 0.000666261   1.54773 0.0929537  -9.68568 
             74.0006  0.0522207 -0.0989858  -0.403871  0.0169647 -0.0204668 0.00926641 0 0 0   -0.011 -0.02329  0.04412 -0.00489703  -0.0101532 0.000741175 0.000368822 -0.00215028 -0.00387159  0.00291508 -0.00417133 0.000343701  1.54768 0.092911 -9.68569 
             74.1005  0.196612 0.0131107  -0.32601  0.0197357 -0.0160375 0.00779187 0 0 0   -0.011 -0.02329  0.04412   0.00408518 -0.000938703  -0.00131204 0.000276062 -0.00222309 -0.00392111  0.00272924 -0.00451034 0.000466372   1.54776 0.0930537  -9.68567 
             74.2006   0.117324 -0.0598624  -0.300691  0.0193133 -0.0149701 0.00946671 0 0 0   -0.011 -0.02329  0.04412 0.00129302 0.00125688 0.00156586 0.000321563 -0.00217582 -0.00394035   0.0027828  -0.0045784 0.000327485   1.54775 0.0930839  -9.68567 
             74.3004  0.162826  0.058774 -0.324783  0.0188639 -0.0144147 0.00588213 0 0 0   -0.011 -0.02329  0.04412  0.00216976 0.000742896 -0.00493888 0.000287517 -0.00225407 -0.00392574  0.00282612 -0.00460135 0.000603002   1.54772 0.0931004  -9.68568 
             74.4005  0.073242 -0.104448 -0.380668  0.0189388 -0.0159537 0.00992674 0 0 0   -0.011 -0.02329  0.04412 -0.00131394 -0.00164953  0.00333352 0.000347129 -0.00214549 -0.00388911  0.00283005  -0.0045091 0.000266642   1.54773 0.0930542  -9.68568 
             74.5005  0.0278059 -0.0989436  -0.282382  0.0193021 -0.0153601  0.0103236 0 0 0   -0.011 -0.02329  0.04412 -0.000963156  0.000696938   0.00258278 0.000379626 -0.00214915 -0.00395315   0.0027955 -0.00455364 0.000256709   1.54775 0.0930725  -9.68567 
             74.6006  0.0614459 -0.0757698  -0.327522  0.0183995 -0.0147418  0.0109934 0 0 0   -0.011 -0.02329  0.04412 -0.00329984  0.00214356  0.00331395  0.00035418 -0.00216763 -0.00392213  0.00284958 -0.00458746 0.000226283  1.54773 0.093088 -9.68568 
             74.7004  0.0370856 -0.0711819  -0.387211  0.0206297 -0.0157321   0.010733 0 0 0   -0.011 -0.02329  0.04412   0.00279412 -8.03346e-05  0.000494347 0.000364605  -0.0021693 -0.00388583  0.00267089 -0.00451211 0.000273507    1.5478 0.0930525  -9.68567 
             74.7996 -0.00963956  -0.0456191   -0.311276  0.0180517 -0.0169788 0.00878215 0 0 0   -0.011 -0.02329  0.04412 -0.00366034 -0.00165659 -0.00381843 0.000394203 -0.00218848 -0.00393769  0.00286862 -0.00441518 0.000413712   1.54771 0.0930144  -9.68568 
             74.9004  0.176846 -0.100764 -0.206642    0.01843 -0.0133207  0.0139074 0 0 0   -0.011 -0.02329  0.04412 -0.00369689  0.00364197  0.00593227  0.00026805 -0.00215296 -0.00400586  0.00281625 -0.00469117 6.87797e-07   1.54776 0.0931347  -9.68567 
             75.0006 0.0753435 -0.130224 -0.367963  0.0170062 -0.0165528  0.0133231 0 0 0   -0.011 -0.02329  0.04412 -0.00818062 -0.00306998   0.0034474 0.000333941 -0.00213425 -0.00389867  0.00287661 -0.00444863 9.38326e-05   1.54773 0.0930299  -9.68568 
             75.1005   0.297661 -0.0553236  -0.340046  0.0164433 -0.0153258  0.0128012 0 0 0   -0.011 -0.02329  0.04412 -0.00704421 -0.00476631  0.00132577 0.000187309 -0.00218465 -0.00391834  0.00286311   -0.004576 0.000157391   1.54773 0.0930838  -9.68568 
             75.2004  0.159308  -0.11981 -0.348619  0.0178576 -0.0164048  0.0134099 0 0 0   -0.011 -0.02329  0.04412 -0.00333686 -0.00630492  0.00165556 0.000285782 -0.00214086 -0.00390922  0.00271176 -0.00452785  0.00013031   1.54779 0.0930636  -9.68567 
             75.3005   0.127103 -0.0176504  -0.291987  0.0167108 -0.0151562   0.010486 0 0 0   -0.011 -0.02329  0.04412 -0.00412406 -0.00250435 -0.00309456 0.000306104 -0.00220718  -0.0039482  0.00276901 -0.00464469 0.000354019   1.54776 0.0931138  -9.68567 
             75.4005   0.190533 -0.0282046   -0.26576  0.0149249 -0.0144357  0.0089193 0 0 0   -0.011 -0.02329  0.04412 -0.00862003  -0.0015435 -0.00660274 0.000263368 -0.00219867 -0.00396522  0.00291645 -0.00470043 0.000481066   1.54769 0.0931395  -9.68568 
             75.5005 0.0647796 0.0224235 -0.314094  0.0161082 -0.0135648 0.00498545 0 0 0   -0.011 -0.02329  0.04412 -0.0011699 0.00135709 -0.0111362 0.000349074 -0.00223236 -0.00393217  0.00276572  -0.0047496 0.000662635   1.54775 0.0931621  -9.68567 
             75.6006  0.113653  -0.04127 -0.340697  0.0187746 -0.0153578 0.00699445 0 0 0   -0.011 -0.02329  0.04412  0.00566118 -0.00400853 -0.00660149 0.000318748 -0.00219256 -0.00391389   0.0025344 -0.00461916 0.000491737   1.54785 0.0931033  -9.68566 
             75.7005  0.0840792 -0.0175513  -0.398109  0.0204651 -0.0161367 0.00686054 0 0 0   -0.011 -0.02329  0.04412  0.00793179 -0.00432305 -0.00510338 0.000343457 -0.00221547 -0.00386595  0.00250746  -0.0046196 0.000420457   1.54786 0.0931021  -9.68566 
             75.7995   0.207468 -0.0547927  -0.329494  0.0200869 -0.0161565  0.0100704 0 0 0   -0.011 -0.02329  0.04412  0.00358587 -0.00621869  0.00234576  0.00027354 -0.00218915 -0.00390625  0.00257836 -0.00466997 0.000140813   1.54785 0.0931201  -9.68566 
             75.9006   0.0832035 -0.00886588   -0.408638  0.0189138 -0.0185087 0.00815425 0 0 0   -0.011 -0.02329  0.04412  0.00121745 -0.00906558 -0.00208282 0.000354305 -0.00221987 -0.00385446  0.00267188 -0.00456168 0.000286062   1.54781 0.0930793  -9.68567 
             76.0005   0.213819 -0.0319259   -0.35656  0.0186114 -0.0176025 0.00872296 0 0 0   -0.011 -0.02329  0.04412 -5.60042e-05  -0.00760378  3.43332e-05 0.000269666 -0.00220589 -0.00388739  0.00269844 -0.00467638 0.000229423    1.5478 0.0931268  -9.68567 
             76.1006  0.0547798 -0.0303607  -0.305807  0.0179808 -0.0179078 0.00851592 0 0 0   -0.011 -0.02329  0.04412  -0.00109453  -0.00536111 -0.000681354  0.00037397 -0.00220613 -0.00391986   0.0027372 -0.00469309 0.000238031   1.54779 0.0931355  -9.68567 
             76.2005   0.201859 -0.0656714  -0.363729  0.0169514 -0.0193187  0.0108991 0 0 0   -0.011 -0.02329  0.04412 -0.00427999  -0.0100757  0.00369835 0.000275415 -0.00218227 -0.00388248  0.00279723 -0.00466161 5.64914e-05   1.54778 0.0931213  -9.68567 
             76.3004 0.00922389 -0.0262036  -0.263742  0.0166568  -0.016651 0.00796846 0 0 0   -0.011 -0.02329  0.04412 -0.00387174     -0.0011 -0.00337435 0.000404748  -0.0022069 -0.00394538  0.00280482 -0.00485245 0.000307851   1.54776 0.0932053  -9.68567 
             76.4006   0.172783 -0.0179797  -0.352597  0.0169302 -0.0165455 0.00749423 0 0 0   -0.011 -0.02329  0.04412 -0.00126601 -0.00284895 -0.00229038  0.00029155 -0.00221415 -0.00388166  0.00275494 -0.00488816 0.000305486   1.54778 0.0932181  -9.68567 
             76.5005   0.0163903 -0.00630328   -0.317155 0.0172687 -0.013787 0.0066499 0 0 0   -0.011 -0.02329  0.04412 0.000559917  0.00694993 -0.00428673 0.000393771 -0.00221905 -0.00390457  0.00272299 -0.00508643 0.000377722   1.54779 0.0933002  -9.68567 
             76.6004   0.102539 -0.0799444  -0.274678  0.0170346 -0.0138088  0.0109983 0 0 0   -0.011 -0.02329  0.04412 -0.00207915  0.00360663  0.00305196 0.000331239  -0.0021645 -0.00393855  0.00273746  -0.0050436 5.28437e-05   1.54781 0.0932742  -9.68566 
             76.6995 0.00894474 -0.0596957  -0.350611  0.0188617 -0.0150439 0.00860485 0 0 0   -0.011 -0.02329  0.04412   0.0023599  0.00298243 -0.00121388 0.000391768 -0.00217918 -0.00388597  0.00260556  -0.0049245 0.000260884   1.54785 0.0932295  -9.68566 
             76.7996      0.25592 -0.000176257    -0.289704  0.0198161 -0.0127971 0.00993672 0 0 0   -0.011 -0.02329  0.04412 0.00530794 0.00304301 0.00053179 0.000239262 -0.00221711   -0.003923  0.00257119 -0.00506826 0.000157237   1.54787 0.0932851  -9.68565 
             76.8997   0.118171 -0.0721665   -0.30232  0.0164935 -0.0148882 0.00771025 0 0 0   -0.011 -0.02329  0.04412 -0.00429441 -0.00214802 -0.00408014 0.000331131 -0.00217074 -0.00391387  0.00279508  -0.0049167 0.000307284   1.54777 0.0932277  -9.68567 
             77.0006    0.111738 -0.00272163   -0.292943  0.0154832 -0.0140159 0.00841459 0 0 0   -0.011 -0.02329  0.04412 -0.00646965 0.000308001 -0.00142136 0.000335789 -0.00221728 -0.00392061  0.00287102 -0.00498193 0.000236085   1.54775 0.0932525  -9.68567 
             77.0995    0.156728 -0.00565276   -0.291373  0.0126077 -0.0155949 0.00550269 0 0 0   -0.011 -0.02329  0.04412 -0.00856855 -0.00501573 -0.00672045 0.000305037 -0.00221155  -0.0039218  0.00296138 -0.00490893 0.000385505    1.5477 0.0932257  -9.68568 
             77.1996   -0.0151283 -0.000667786    -0.232443   0.013414 -0.0141809 0.00275962 0 0 0   -0.011 -0.02329  0.04412 -0.00468633  0.00173393  -0.0117291 0.000417148 -0.00221443 -0.00395802   0.0028704 -0.00499294 0.000591896   1.54772 0.0932648  -9.68568 
             77.2995  0.0618027 -0.0443795  -0.244712   0.013991 -0.0147241 0.00433756 0 0 0   -0.011 -0.02329  0.04412 -0.00306191 0.000644101 -0.00529012 0.000363606 -0.00218606 -0.00395186  0.00279864 -0.00496034  0.00037487  1.54776 0.093248 -9.68567 
             77.3995   0.147343 -0.0305964  -0.339977  0.0157806 -0.0148338 0.00424415 0 0 0   -0.011 -0.02329  0.04412   0.00257817 -8.04763e-05  -0.00455222 0.000308841 -0.00219844 -0.00389086  0.00265853 -0.00495688 0.000388497   1.54782 0.0932502  -9.68566 
             77.5005   0.170469 -0.0481094  -0.290071  0.0141271 -0.0167884 0.00838811 0 0 0   -0.011 -0.02329  0.04412 -0.00279784 -0.00636523  0.00218352  0.00029327 -0.00218971 -0.00393717  0.00277011 -0.00488972 7.25785e-05    1.5478 0.0932159  -9.68567 
             77.5995  0.177569 0.0127519 -0.330703  0.0153864 -0.0183979 0.00851061 0 0 0   -0.011 -0.02329  0.04412  0.00285717 -0.00997266  0.00198335 0.000288984 -0.00223012 -0.00391074  0.00269061 -0.00483176 8.93252e-05   1.54783 0.0931957  -9.68566 
             77.7004   0.259741 -0.0521096   -0.33819  0.0167692  -0.017381 0.00927642 0 0 0   -0.011 -0.02329  0.04412  0.00471394 -0.00872177  0.00262764 0.000234604 -0.00218574 -0.00390809  0.00261974 -0.00496066 5.88521e-05   1.54785 0.0932482  -9.68566 
             77.8004 -0.0524922  0.0195293  -0.299262  0.0167824 -0.0172824 0.00551032 0 0 0   -0.011 -0.02329  0.04412  0.00630597 -0.00266457 -0.00420706 0.000437814 -0.00223231 -0.00393142  0.00264324 -0.00497358 0.000345171   1.54782 0.0932588  -9.68566 
             77.9005  0.134836 -0.144069 -0.289901  0.0182552 -0.0168605  0.0142259 0 0 0   -0.011 -0.02329  0.04412  0.00409607 -0.00317023   0.0110534 0.000322703 -0.00212324 -0.00393589   0.00259478  -0.00505371 -0.000287285  1.54788 0.093275 -9.68565 
             78.0004  0.0750618 -0.0577001  -0.352618 0.0181783 -0.013999 0.0123404 0 0 0   -0.011 -0.02329  0.04412 0.00426075 0.00487185 0.00688093  0.00036127 -0.00218061 -0.00389472     0.002619  -0.00522735 -8.16286e-05   1.54786 0.0933473  -9.68565 
             78.1005  0.115655  -0.05512 -0.316162  0.0199958 -0.0121613  0.0105203 0 0 0   -0.011 -0.02329  0.04412 0.00808722 0.00689994 0.00115479 0.000335382 -0.00217868 -0.00391932  0.00252448 -0.00530165 0.000100442   1.54788 0.0933802  -9.68565 
             78.2004   0.105812 -0.0186475  -0.301269 0.0201689 -0.010671 0.0110247 0 0 0   -0.011 -0.02329  0.04412 0.00677016  0.0090806  0.0032002  0.00034007 -0.00220176  -0.0039271   0.0025633 -0.00535445 7.30264e-05   1.54787 0.0934003  -9.68565 
             78.3005 0.0842768 -0.118358 -0.308118  0.0170299 -0.0135488  0.0143035 0 0 0   -0.011 -0.02329  0.04412 -0.00440093 0.000345186  0.00766348 0.000353402  -0.0021365  -0.0039241   0.00281054  -0.00512329 -0.000145917   1.54779 0.0933085  -9.68567 
             78.4003   0.136984 -0.0460637  -0.372986  0.0159665 -0.0143141  0.0109717 0 0 0   -0.011 -0.02329  0.04412  -0.00494691  -0.00229437 -8.60547e-05  0.00032066 -0.00218244 -0.00388112  0.00285032 -0.00506875 0.000144993   1.54776 0.0932908  -9.68567 
             78.5003   0.133171 -0.0668975  -0.235963  0.0139928 -0.0155619  0.0124547 0 0 0   -0.011 -0.02329  0.04412 -0.00933081 -0.00568375  0.00338439 0.000323958 -0.00216923 -0.00396968  0.00294755 -0.00500915 3.77147e-05   1.54773 0.0932674  -9.68568 
             78.6003  0.295994 -0.036882 -0.356107  0.0140856 -0.0163665  0.0111715 0 0 0   -0.011 -0.02329  0.04412 -0.00787033 -0.00923696 0.000658888 0.000222279 -0.00218663 -0.00389386  0.00291633  -0.0049667 0.000153157   1.54774 0.0932519  -9.68567 
             78.7003  0.0380133 -0.0478318  -0.291372  0.0123486 -0.0179977 0.00700196 0 0 0   -0.011 -0.02329  0.04412 -0.00813926 -0.00873535 -0.00739048  0.00038843 -0.00217905 -0.00393551  0.00295317 -0.00493039  0.00042788   1.54771 0.0932406  -9.68568 
             78.8004   0.27188 0.0235741 -0.254648  0.0136386 -0.0157536 0.00866248 0 0 0   -0.011 -0.02329  0.04412 -0.00157148 -0.00659504 -0.00271371 0.000244026 -0.00222246 -0.00395972  0.00281724 -0.00517364 0.000256206   1.54777 0.0933324  -9.68567 
             78.8994  0.0294009 -0.0143146  -0.298171  0.0163961 -0.0164982 0.00747064 0 0 0   -0.011 -0.02329  0.04412  0.00512611 -0.00321821  -0.0031948 0.000401862 -0.00219729  -0.0039308  0.00262693 -0.00514892 0.000326313   1.54783 0.0933256  -9.68566 
             79.0004  0.0872726 -0.0775361  -0.269882  0.0174804 -0.0139602  0.0106405 0 0 0   -0.011 -0.02329  0.04412 0.00493165 0.00286062 0.00317069 0.000370657  -0.0021565 -0.00394828  0.00258322 -0.00533415  7.5674e-05   1.54786 0.0933932  -9.68565 
             79.1003   0.139036 0.00484001  -0.271956  0.0167939 -0.0142244  0.0060869 0 0 0   -0.011 -0.02329  0.04412  0.00405785 0.000453941 -0.00611679 0.000334313 -0.00220999 -0.00394827   0.0026603 -0.00529808 0.000410183   1.54781 0.0933818  -9.68566 
             79.2004   0.167766 -0.0884972  -0.313753  0.0174555 -0.0146626  0.0108388 0 0 0   -0.011 -0.02329  0.04412  0.00215527 -0.00176419  0.00397776 0.000317412  -0.0021529 -0.00392183  0.00264462 -0.00528664 4.27644e-05   1.54784 0.0933744  -9.68566 
             79.3002   0.0915333 -0.00257694   -0.274302  0.0159402 -0.0164747 0.00703523 0 0 0   -0.011 -0.02329  0.04412 -0.000212315  -0.00531054  -0.00440309 0.000370962 -0.00220444 -0.00394501  0.00276416 -0.00517085 0.000329851  1.54778 0.093331 -9.68567 
             79.4003   0.112121 -0.0922472  -0.278569  0.0179057 -0.0154257  0.0098431 0 0 0   -0.011 -0.02329  0.04412  0.00226644 -0.00222676  0.00182286 0.000355065 -0.00214893 -0.00394466  0.00262804 -0.00527831 0.000111406   1.54784 0.0933719  -9.68566 
             79.5003  0.146133 -0.010977 -0.251307  0.0167811 -0.0145734  0.0104631 0 0 0   -0.011 -0.02329  0.04412 0.000548878 -0.00146152  0.00211099 0.000338829 -0.00219843 -0.00396069  0.00272538 -0.00535214 7.26125e-05   1.54781 0.0933967  -9.68566 
             79.6004   0.049903 -0.0992778  -0.306181  0.0161083 -0.0152501  0.0109252 0 0 0   -0.011 -0.02329  0.04412 -0.00327816 -0.00127564  0.00242106 0.000399223 -0.00214032 -0.00392553  0.00276202 -0.00531169 5.70436e-05    1.5478 0.0933806  -9.68566 
             79.7002   0.108727 -0.0793401  -0.272264  0.0171692 -0.0154804  0.0118687 0 0 0   -0.011 -0.02329  0.04412 1.94538e-05 -0.00258098  0.00303597 0.000365051 -0.00215306 -0.00394321  0.00267145 -0.00531135 1.02179e-05   1.54783 0.0933823  -9.68566 
             79.7994  0.0719054 -0.0103625  -0.358862  0.0145121 -0.0164764 0.00821688 0 0 0   -0.011 -0.02329  0.04412 -0.00536932  -0.0038954 -0.00430866 0.000394024 -0.00219607 -0.00388493  0.00285666 -0.00524994 0.000283996   1.54775 0.0933573  -9.68567 
             79.9002   0.136362 -0.0321945  -0.367186  0.0164043 -0.0149842 0.00802378 0 0 0   -0.011 -0.02329  0.04412  0.000826433 -0.000340159  -0.00360618 0.000355306 -0.00218041 -0.00388149  0.00269332 -0.00537258 0.000267929   1.54781 0.0934059  -9.68566 
             80.0004  0.0505715 -0.0547996  -0.338312  0.0169979 -0.0172103  0.0100821 0 0 0   -0.011 -0.02329  0.04412  0.00163252 -0.00470385  0.00134875 0.000402882 -0.00216685 -0.00390401  0.00265794 -0.00522125 0.000102178   1.54783 0.0933503  -9.68566 
             80.1004  0.159331 -0.066526 -0.324817  0.0150639 -0.0170296  0.0102671 0 0 0   -0.011 -0.02329  0.04412 -0.00392963 -0.00474511 0.000726766 0.000331794 -0.00215864 -0.00391216 0.00278199 -0.0052816 9.5149e-05   1.54779 0.0933721  -9.68567 
             80.2002  0.0201962 -0.0978713  -0.315705  0.0168986 -0.0144434  0.0118067 0 0 0   -0.011 -0.02329  0.04412 0.000417482  0.00422516  0.00395946 0.000415976 -0.00213985 -0.00391687   0.00263146  -0.00545769 -4.39584e-06   1.54785 0.0934343  -9.68566 
             80.3004   0.148415 -0.0466378  -0.297581  0.0169836 -0.0157996   0.011601 0 0 0   -0.011 -0.02329  0.04412  0.000565559 -0.000777858   0.00295817 0.000332173 -0.00216984 -0.00392895  0.00262549 -0.00535578 1.98497e-05   1.54785 0.0933973  -9.68566 
             80.4003   0.156565 -0.0721734  -0.324396  0.0144639 -0.0166599  0.0116957 0 0 0   -0.011 -0.02329  0.04412 -0.00585703  -0.0038203  0.00189942 0.000326721 -0.00215306 -0.00390844  0.00279453 -0.00530857 2.63703e-05   1.54779 0.0933824  -9.68567 
             80.5005  0.0565157 -0.0330391  -0.285743  0.0152462 -0.0159497  0.0110013 0 0 0   -0.011 -0.02329  0.04412 -0.000842607  0.000447153  0.000349548 0.000386583 -0.00217904 -0.00393172  0.00269223 -0.00536818 0.000100829   1.54782 0.0934029  -9.68566 
             80.6004  0.109516 -0.112248 -0.357326  0.0153399 -0.0189549  0.0135443 0 0 0   -0.011 -0.02329  0.04412 -0.00261765 -0.00857046  0.00532485 0.000344682 -0.00212894 -0.00389031   0.00268472  -0.00515767 -0.000100823   1.54783 0.0933268  -9.68566 
             80.7002  0.0517049 -0.0661745  -0.329589  0.0143164 -0.0177554  0.0109885 0 0 0   -0.011 -0.02329  0.04412   -0.0038197  -0.00220073 -0.000341196 0.000389912 -0.00216548 -0.00391066  0.00271512 -0.00527652 0.000106275  1.54781  0.09337 -9.68566 
             80.8002   0.204045 -0.0593358   -0.29738  0.0145161 -0.0175237  0.0122343 0 0 0   -0.011 -0.02329  0.04412 -0.00288647 -0.00436553  0.00233595 0.000297839  -0.0021712 -0.00392962  0.00268189 -0.00533043 2.26029e-05   1.54783 0.0933898  -9.68566 
             80.9003  0.0840816 -0.0841824  -0.331767  0.0164569 -0.0172353  0.0101691 0 0 0   -0.011 -0.02329  0.04412  0.00178741 -0.00145973 -0.00140452 0.000377094 -0.00215439 -0.00390584  0.00254754 -0.00536068 0.000182082   1.54786 0.0933993  -9.68565 
             81.0003   0.214895 -0.0505066  -0.299716  0.0149156 -0.0165487  0.0119373 0 0 0   -0.011 -0.02329  0.04412 -0.00267789 -0.00249462  0.00173578 0.000299639 -0.00217342  -0.0039255  0.00265279 -0.00542126 4.08534e-05   1.54783 0.0934215  -9.68566 
             81.1004    0.154842 -0.00915607   -0.277231  0.0139734 -0.0158223  0.0118092 0 0 0   -0.011 -0.02329  0.04412  -0.0034517 -0.00109209  0.00231045 0.000340168 -0.00219902  -0.0039402  0.00269476 -0.00547413 6.11887e-05   1.54782 0.0934401  -9.68566 
             81.2003   0.223271 -0.0532061  -0.276955  0.0160102 -0.0133995  0.0116001 0 0 0   -0.011 -0.02329  0.04412 0.00159084 0.00229183 0.00139122 0.000297583 -0.00217059 -0.00394002   0.0025422 -0.00563045 9.30527e-05  1.54787 0.093496 -9.68565 
             81.3002  0.0246775 -0.0142799  -0.397408  0.0165291 -0.0167628 0.00769469 0 0 0   -0.011 -0.02329  0.04412  0.00477158  -0.0051697 -0.00868708 0.000421614 -0.00219552 -0.00386466  0.00249849 -0.00537092 0.000417921  1.54787  0.09341 -9.68565 
             81.4004   0.287722 -0.0819798  -0.303808   0.020163 -0.0136758  0.0119759 0 0 0   -0.011 -0.02329  0.04412 0.00802968  -0.003219 0.00169247 0.000240297 -0.00214948 -0.00393042   0.0023443 -0.00562218 7.88031e-05   1.54794 0.0934944  -9.68564 
             81.5003  0.0264726 -0.0309307   -0.30442  0.0172634 -0.0149598 0.00980963 0 0 0   -0.011 -0.02329  0.04412 -0.000497661   -0.0014896  -0.00242504 0.000406195 -0.00217767 -0.00392861  0.00258588 -0.00551304  0.00022648   1.54785 0.0934591  -9.68565 
             81.6002   0.102233 -0.0971557  -0.353289  0.0156863 -0.0176477  0.0117032 0 0 0   -0.011 -0.02329  0.04412 -0.00561931 -0.00828223 0.000326588  0.00035976 -0.00213766 -0.00389634  0.00268284 -0.00537516 7.49289e-05  1.54782 0.093403 -9.68566 
             81.7003  0.0734314 -0.0600932  -0.318461  0.0156203 -0.0164305  0.0106182 0 0 0   -0.011 -0.02329  0.04412 -0.00472075 -0.00299505 -0.00128429 0.000380713 -0.00216045 -0.00391915  0.00264769 -0.00548702 0.000153176   1.54783 0.0934457  -9.68566 
             81.8002    0.17194 -0.0405899  -0.246108  0.0141136 -0.0163326   0.013239 0 0 0   -0.011 -0.02329  0.04412 -0.00730095 -0.00448825  0.00366886 0.000324808 -0.00217073  -0.0039642   0.00271788   -0.0055324 -3.58141e-05   1.54782 0.0934533  -9.68566 
             81.9001 0.0792696 -0.104676 -0.299225  0.0141762 -0.0156302  0.0108784 0 0 0   -0.011 -0.02329  0.04412 -0.00557744 -0.00124996 -0.00204439 0.000383394 -0.00213103 -0.00392796  0.00266247 -0.00558265 0.000151811   1.54783 0.0934776  -9.68566 
             82.0004 0.0774826 -0.100454 -0.296984  0.0152055 -0.0152698   0.014529 0 0 0   -0.011 -0.02329  0.04412 -0.00363058 1.67144e-05   0.0045554 0.000378869 -0.00213369  -0.0039302   0.00255723  -0.00562326 -9.86803e-05   1.54787 0.0934839  -9.68565 
             82.1003    0.17652 -0.0646199  -0.322268  0.0144941 -0.0155637   0.012316 0 0 0   -0.011 -0.02329  0.04412 -0.00508701 -0.00148258  0.00046406 0.000319184 -0.00215674 -0.00391436  0.00261002 -0.00559568  8.2425e-05   1.54785 0.0934785  -9.68565 
             82.2001  0.0499177 -0.0796759  -0.218227 0.0144376 -0.014371 0.0130456 0 0 0   -0.011 -0.02329  0.04412 -0.00380506  0.00189564 0.000474535 0.000414264 -0.00214774 -0.00399729  0.00255615 -0.00566241 4.06822e-05   1.54787 0.0935009  -9.68565 
             82.3003   0.169278 -0.0832083   -0.33035  0.0153308 -0.0154478  0.0131195 0 0 0   -0.011 -0.02329  0.04412  -0.0018763 -0.00192501  0.00173653 0.000347773 -0.00214197 -0.00392488  0.00247931  -0.0055897 4.19492e-05   1.54789 0.0934778  -9.68565 
             82.4001   0.171558 -0.0518869  -0.329161  0.0155603 -0.0151671 0.00926438 0 0 0   -0.011 -0.02329  0.04412 -0.000210113  -0.00304145  -0.00694358 0.000346921 -0.00216078 -0.00392548  0.00244955 -0.00562651 0.000282264   1.54789 0.0934926  -9.68565 
             82.5003   0.190168 -0.0374562  -0.308593  0.0186572 -0.0129258 0.00868232 0 0 0   -0.011 -0.02329  0.04412  0.00751639 0.000954225 -0.00807185 0.000339582 -0.00217007  -0.0039377  0.00226092 -0.00577472 0.000280488   1.54795 0.0935485  -9.68564 
             82.6001   0.167518 -0.0467814  -0.263398  0.0172772 -0.0133823 0.00848548 0 0 0   -0.011 -0.02329  0.04412  0.00250713 -0.00116007 -0.00602604 0.000352692 -0.00216539 -0.00396474  0.00238272 -0.00574711 0.000244056   1.54791 0.0935361  -9.68564 
             82.7003   0.254555 -0.0343493  -0.267142  0.0165087 -0.0153135 0.00724846 0 0 0   -0.011 -0.02329  0.04412  0.00086621 -0.00852154 -0.00852629 0.000299005  -0.0021707 -0.00396183  0.00244588 -0.00566464 0.000271672   1.54789 0.0935074  -9.68565 
             82.8001   0.0829998 -0.00319767    -0.27431  0.0150367 -0.0154094 0.00751017 0 0 0   -0.011 -0.02329  0.04412  -0.0024058 -0.00556136 -0.00527584 0.000405517 -0.00219041 -0.00395788  0.00254549 -0.00569363 0.000196691   1.54786 0.0935137  -9.68565 
             82.9003  0.166452 -0.130517 -0.292629   0.017154 -0.0168134  0.0122738 0 0 0   -0.011 -0.02329  0.04412 0.000619742 -0.00914462  0.00311099 0.000353239 -0.00211113 -0.00394708   0.00239418  -0.00567267 -0.000152227   1.54793 0.0935006  -9.68564 
             83.0002   0.108959 -0.0416701  -0.327914 0.0144598  -0.01646 0.0108328 0 0 0   -0.011 -0.02329  0.04412  -0.00588253  -0.00719112 -0.000437628 0.000387136 -0.00216679 -0.00392572   0.00259296  -0.00571415 -4.54933e-05   1.54786 0.0935135  -9.68565 
             83.1003   0.118515 -0.0795827  -0.327092  0.0146775 -0.0156236   0.012293 0 0 0   -0.011 -0.02329  0.04412 -0.00509329 -0.00347279   0.0031422 0.000382568 -0.00214415 -0.00392496   0.00252159   -0.0058229 -0.000135148   1.54788 0.0935481  -9.68565 
             83.2004  0.0466216 -0.0829468  -0.312808  0.0136447 -0.0157103  0.0115439 0 0 0   -0.011 -0.02329  0.04412 -0.00628627 -0.00175945   0.0007604 0.000427031 -0.00214093 -0.00393488   0.00254891  -0.00582763 -6.82477e-05   1.54787 0.0935515  -9.68565 
             83.3002  0.0653069 -0.0833111  -0.343763  0.0128824 -0.0172633   0.012282 0 0 0   -0.011 -0.02329  0.04412 -0.00818922 -0.00428295  0.00184796 0.000421338 -0.00213747 -0.00391277  0.00255924 -0.00574423 -0.00011492   1.54787 0.0935227  -9.68565 
             83.4004   0.149543 -0.0902564  -0.262167   0.014639 -0.0117597  0.0147229 0 0 0   -0.011 -0.02329  0.04412 -0.00274236  0.00718057  0.00675675 0.000373865 -0.00213436 -0.00396075   0.00238793  -0.00610681 -0.000260894   1.54793 0.0936389  -9.68564 
             83.5003  0.106909 -0.167802  -0.33749  0.0151332 -0.0133246  0.0163085 0 0 0   -0.011 -0.02329  0.04412 -0.00343532  0.00320529  0.00908475 0.000401246 -0.00208438 -0.00391464   0.00234489  -0.00598574 -0.000365864   1.54795 0.0935976  -9.68564 
             83.6001   0.144583 -0.0859579  -0.318158  0.0137439 -0.0146597  0.0142282 0 0 0   -0.011 -0.02329  0.04412 -0.00484488 -0.00181497  0.00254563 0.000377081 -0.00213786  -0.0039276   0.00240046   -0.0058856 -0.000158872   1.54792 0.0935676  -9.68564 
             83.7003  0.0448228 -0.0881387  -0.298792  0.0147769 -0.0153886  0.0142592 0 0 0   -0.011 -0.02329  0.04412 -0.00210655 -0.00121347  0.00251152 0.000436134 -0.00213795  -0.0039388    0.0022981  -0.00583858 -0.000139368   1.54796 0.0935526  -9.68564 
             83.8002  0.0429052 -0.0998587  -0.321531  0.0155597 -0.0177882  0.0107634 0 0 0   -0.011 -0.02329  0.04412 -0.000621909  -0.00519644  -0.00374797 0.000440111 -0.00213036 -0.00392282   0.0022317 -0.00568806 0.000121218   1.54797 0.0935059  -9.68564 
                83.9   0.124047 -0.0381348  -0.399745  0.0138108 -0.0200153  0.0105283 0 0 0   -0.011 -0.02329  0.04412 -0.00452039 -0.00963825 -0.00295248 0.000393842 -0.00217007 -0.00387401  0.00234757 -0.00559226 0.000105637   1.54793 0.0934745  -9.68564 
             84.0002 0.0972802 -0.153361  -0.29204  0.0164584 -0.0176181  0.0124185 0 0 0   -0.011 -0.02329  0.04412 -8.7605e-05 -0.00204461 0.000182978  0.00041319 -0.00210111 -0.00393871    0.0021351  -0.00580227 -3.78441e-05     1.548 0.0935418  -9.68563 
             84.1003  0.0846525 -0.0298267  -0.263902  0.0150543 -0.0162002 0.00897255 0 0 0   -0.011 -0.02329  0.04412 -0.00143409  0.00169836 -0.00609355 0.000421703 -0.00217778 -0.00395282  0.00224309 -0.00589464 0.000203257   1.54797 0.0935716  -9.68564 
             84.2002   0.127815 -0.0865826  -0.322835  0.0172583 -0.0158736 0.00940787 0 0 0   -0.011 -0.02329  0.04412  0.00263619  0.00183391 -0.00477739 0.000397037 -0.00213871 -0.00391505  0.00208321 -0.00591175 0.000145553   1.54802 0.0935761  -9.68563 
             84.3003   0.122567 0.00142174  -0.345395  0.0131182  -0.014827 0.00820379 0 0 0   -0.011 -0.02329  0.04412 -0.00553049  0.00242528 -0.00506575 0.000403207 -0.00219392 -0.00390171  0.00235891 -0.00595078  0.00015783   1.54793 0.0935898  -9.68564 
             84.4002 0.0820414 -0.120898 -0.287702  0.0164365 -0.0142443 0.00911636 0 0 0   -0.011 -0.02329  0.04412  0.00271094   0.0049314 -0.00275047 0.000433714 -0.00211651 -0.00393525  0.00208482 -0.00599457 9.41919e-05   1.54802 0.0936025  -9.68563 
             84.5003    0.118768 -0.00447236   -0.330002  0.0146937 -0.0163247  0.0082135 0 0 0   -0.011 -0.02329  0.04412 -0.000433715  -0.00190273  -0.00387161 0.000408813 -0.00221186 -0.00389924  0.00221299 -0.00585543 0.000107147   1.54798 0.0935589  -9.68563 
             84.6002   0.0460031 -0.00422302   -0.364576  0.0136946 -0.0158547 0.00572548 0 0 0   -0.011 -0.02329  0.04412 -0.00147485  0.00124571  -0.0076895 0.000456981  -0.0022125 -0.00387455  0.00227227 -0.00587451 0.000246872   1.54795 0.0935657  -9.68564 
             84.7003   0.189926 -0.0378399  -0.308741  0.0183327 -0.0134572  0.0103316 0 0 0   -0.011 -0.02329  0.04412 0.00853797 0.00376687  0.0014373 0.000367178 -0.00218968 -0.00391087   0.00199184  -0.00602382 -8.53173e-05   1.54805 0.0936086  -9.68562 
             84.8001   0.138096 -0.0592954  -0.347376 0.0164127 -0.014785 0.0123031 0 0 0   -0.011 -0.02329  0.04412   0.00145197 -0.000545023   0.00418739 0.000394561 -0.00217934  -0.0038895   0.00215838   -0.0059258 -0.000210645  1.54801  0.09358 -9.68563 
             84.9002   0.251298 -0.0404487  -0.275004   0.0174865 -0.00865839   0.0139551 0 0 0   -0.011 -0.02329  0.04412 0.00390085    0.01037 0.00746454 0.000327724 -0.00218962 -0.00393433    0.0021015  -0.00629917 -0.000293124   1.54804 0.0936952  -9.68562 
             85.0002 -0.0310338  -0.100636  -0.278717 0.0165213 -0.013937 0.0131435 0 0 0   -0.011 -0.02329  0.04412 -0.000543611  -0.00116912   0.00423431 0.000500953 -0.00215065 -0.00393529   0.00218007   -0.0059069 -0.000208402     1.548 0.0935752  -9.68563 
             85.1003   0.135432 -0.0736538  -0.277597  0.0173044 -0.0113754  0.0133281 0 0 0   -0.011 -0.02329  0.04412  0.0014916 0.00255131 0.00357275  0.00039931 -0.00216885 -0.00393482   0.00213033  -0.00606571 -0.000177398   1.54802 0.0936246  -9.68563 
             85.2002 0.0816316 -0.112785  -0.33444  0.0177831 -0.0113551  0.0152786 0 0 0   -0.011 -0.02329  0.04412 0.000618207  0.00282257  0.00656235 0.000435026 -0.00214302 -0.00389905   0.00210115  -0.00604673 -0.000280511   1.54803 0.0936168  -9.68562 
             85.3002   0.130391 -0.0868775  -0.313768  0.0182023 -0.0125676  0.0132215 0 0 0   -0.011 -0.02329  0.04412   0.00185431 -0.000641895   0.00251857 0.000405113 -0.00215588 -0.00391307   0.00206499  -0.00595228 -0.000107893   1.54803 0.0935909  -9.68562 
             85.4001 0.0870787  -0.12758 -0.372983 0.0177945  -0.01202 0.0137074 0 0 0   -0.011 -0.02329  0.04412 -0.000664598  0.000714058   0.00188597 0.000431807 -0.00212971 -0.00387622   0.00209924  -0.00599011 -0.000131213  1.54803 0.093602 -9.68563 
             85.5003   0.229116 -0.0544595  -0.319348   0.014593 -0.0119134  0.0148529 0 0 0   -0.011 -0.02329  0.04412 -0.00674331 -0.00384595  0.00355717 0.000346513 -0.00217465 -0.00390963   0.00227085  -0.00602135 -0.000181176   1.54798 0.0936103  -9.68563 
             85.6002  0.0653556 -0.0954067  -0.392199  0.0156921 -0.0141521  0.0131771 0 0 0   -0.011 -0.02329  0.04412   -0.0041655  -0.00509091 -0.000314717 0.000450487 -0.00214742 -0.00386333   0.00215306  -0.00587622 -4.27671e-05  1.54801 0.093568 -9.68563 
             85.7003  0.0676141 -0.0965229  -0.340235  0.0159692 -0.0119634  0.0129162 0 0 0   -0.011 -0.02329  0.04412  -0.00318617   0.00130493 -0.000308133 0.000451535 -0.00214727 -0.00389543   0.00210939  -0.00602745 -3.04408e-05   1.54802 0.0936141  -9.68563 
             85.8002  0.149166  -0.10067 -0.313295 0.0167696 -0.011759 0.0127944 0 0 0   -0.011 -0.02329  0.04412  -0.00165104  0.000340152 -0.000489328 0.000399282 -0.00214395 -0.00391272   0.00203983  -0.00604241 -2.54744e-05   1.54804 0.0936176  -9.68562 
             85.9001   0.129814 -0.0322259  -0.322946  0.0176054 -0.0115491 0.00941996 0 0 0   -0.011 -0.02329  0.04412   0.0017473 0.000538712 -0.00619222 0.000411927 -0.00218667  -0.0039058   0.0019869 -0.00604704 0.000188714   1.54805 0.0936219  -9.68562 
             86.0001   0.171691 -0.0294012  -0.355807  0.0149258 -0.0125757  0.0105846 0 0 0   -0.011 -0.02329  0.04412 -0.00505408 -0.00357405 -0.00402121 0.000388959 -0.00218812 -0.00388471  0.00216871 -0.00598841 6.28541e-05     1.548 0.0936055  -9.68563 
             86.1002  0.0997488 -0.0225167  -0.311548  0.0160443 -0.0122443 0.00918168 0 0 0   -0.011 -0.02329  0.04412 -0.000848303  -0.00129686  -0.00523463 0.000432994 -0.00219296   -0.003911  0.00206766 -0.00602546 0.000132291  1.54803 0.093616 -9.68562 
             86.2001   0.258218 -0.0805654  -0.360772  0.0152124 -0.0143393  0.0123943 0 0 0   -0.011 -0.02329  0.04412 -0.00397239 -0.00918967 0.000125513 0.000341606 -0.00215665  -0.0038802   0.00211412  -0.00592987 -0.000118302   1.54802 0.0935837  -9.68563 
             86.3002  0.0406303 -0.0438139  -0.344241    0.01565 -0.0163142  0.0104788 0 0 0   -0.011 -0.02329  0.04412 -0.00195403  -0.0116401  -0.0030053 0.000470202 -0.00217904 -0.00388792  0.00207036 -0.00579078 3.33425e-05   1.54803 0.0935443  -9.68563 
             86.4002  0.210002 -0.132633 -0.289743  0.0193082 -0.0149704  0.0138124 0 0 0   -0.011 -0.02329  0.04412  0.00264503 -0.00835761  0.00356387 0.000361358 -0.00212046 -0.00392401   0.00183201  -0.00601012 -0.000182643    1.5481 0.0936014  -9.68561 
             86.5002  0.0650627 -0.0672127  -0.383633  0.0191929 -0.0141623  0.0095629 0 0 0   -0.011 -0.02329  0.04412  0.00361219 -0.00267308 -0.00488409 0.000454264 -0.00215982 -0.00386722   0.0018589 -0.00606405 0.000127473   1.54809 0.0936271  -9.68562 
             86.6002   0.216631 -0.0780923  -0.363525  0.0190068 -0.0131052  0.0131113 0 0 0   -0.011 -0.02329  0.04412 0.000702464 -0.00274171  0.00150434 0.000364974 -0.00215204 -0.00387747   0.00189037  -0.00616876 -0.000138948   1.54809 0.0936496  -9.68561 
             86.7002 0.0532074 -0.045536 -0.305995  0.0186697 -0.0132476 0.00993145 0 0 0   -0.011 -0.02329  0.04412  0.00106912 -0.00118185 -0.00461946    0.000465 -0.00217233 -0.00391033   0.0019177 -0.00615058 8.19255e-05   1.54807 0.0936524  -9.68562 
             86.8002   0.246244 -0.0570481  -0.288778  0.0178858 -0.0124679  0.0128297 0 0 0   -0.011 -0.02329  0.04412 -0.00200031 -0.00292373  0.00101367 0.000351557 -0.00216327  -0.0039209   0.00196781  -0.00623126 -0.000135639   1.54807 0.0936691  -9.68562 
             86.9002  0.0307015 -0.0946823  -0.342166   0.016454 -0.0148527  0.0125626 0 0 0   -0.011 -0.02329  0.04412  -0.00581933  -0.00507144 -0.000298564 0.000484069 -0.00214124 -0.00388677  0.00203916 -0.00608678 -0.00011261   1.54804 0.0936285  -9.68562 
             87.0002   0.14872  -0.12475 -0.359529  0.0166331 -0.0141667   0.016942 0 0 0   -0.011 -0.02329  0.04412 -0.00582713 -0.00373072  0.00715946   0.0004148 -0.00212434 -0.00387453   0.00198448  -0.00618068 -0.000391653   1.54807 0.0936457  -9.68562 
             87.1003   0.192365 -0.0860088  -0.364794  0.0177706 -0.0128794  0.0144953 0 0 0   -0.011 -0.02329  0.04412 -0.00117865 -0.00176178  0.00117332 0.000388188 -0.00214708 -0.00387119    0.0018744  -0.00627765 -0.000180765   1.54809 0.0936791  -9.68561 
             87.2001   0.208644 -0.0731417  -0.424574  0.0155713 -0.0126125   0.014478 0 0 0   -0.011 -0.02329  0.04412 -0.00810427 -0.00111071  0.00198045 0.000377449 -0.00215446 -0.00383466   0.00205153  -0.00629423 -0.000185751   1.54804 0.0936864  -9.68562 
             87.3002   0.195547 -0.0920589  -0.349872  0.0160685 -0.0126382  0.0141178 0 0 0   -0.011 -0.02329  0.04412 -0.00559722 -0.00231723 0.000126521 0.000387551 -0.00214159 -0.00388425   0.00196749   -0.0063029 -0.000148267   1.54807 0.0936886  -9.68562 
                87.4   0.0476138 -0.00924782   -0.339573  0.0162301 -0.0140701  0.0062918 0 0 0   -0.011 -0.02329  0.04412 -0.000532784  -0.00209094   -0.0122435 0.000477623 -0.00219056 -0.00389014  0.00191427 -0.00620562 0.000314793   1.54807 0.0936726  -9.68562 
             87.5001   0.146085 -0.0427104  -0.420723  0.0179863 -0.0146122 0.00617448 0 0 0   -0.011 -0.02329  0.04412  0.0032944 -0.0042103 -0.0100566 0.000417307 -0.00216996 -0.00384265  0.00179287 -0.00620837 0.000246374   1.54811 0.0936687  -9.68561 
             87.6001  0.0471485 -0.0261916  -0.362912  0.0192488 -0.0162892 0.00485535 0 0 0   -0.011 -0.02329  0.04412  0.00521408 -0.00518707  -0.0108733 0.000480476 -0.00217594 -0.00387652  0.00172871 -0.00612199 0.000280372   1.54812 0.0936428  -9.68561 
             87.7001  0.190981 0.0149084 -0.332858   0.016804 -0.0158647  0.0019974 0 0 0   -0.011 -0.02329  0.04412 0.000360588 -0.00565138  -0.0141512 0.000395661 -0.00220323 -0.00389286   0.0019185 -0.00618019   0.0003746   1.54807 0.0936671  -9.68562 
             87.8002 0.0318126  0.068137 -0.282492  0.0158909 -0.0158573 0.00173221 0 0 0   -0.011 -0.02329  0.04412 -4.76108e-05   -0.0027759   -0.0122693 0.000490864 -0.00223255 -0.00392235  0.00198786 -0.00620152 0.000285523   1.54805 0.0936749  -9.68562 
             87.9001   0.114467 -0.0592858  -0.354268  0.0174266 -0.0155806 0.00619184 0 0 0   -0.011 -0.02329  0.04412   0.0015427 -0.00202295 -0.00182004 0.000443892 -0.00215512 -0.00387691   0.00188811  -0.00625323 -7.85054e-05    1.5481 0.0936842  -9.68561 
                  88  0.0781087 -0.0136133  -0.394265  0.0173324 -0.0122869 0.00455033 0 0 0   -0.011 -0.02329  0.04412  0.00121012  0.00662371 -0.00387527 0.000472951 -0.00217978  -0.0038495  0.00190422 -0.00645339 1.26536e-05   1.54809 0.0937416  -9.68561 
             88.1001   0.128274 -0.0442462  -0.276559  0.0167425 -0.0135621 0.00940319 0 0 0   -0.011 -0.02329  0.04412 -0.00198884  0.00121009  0.00552208 0.000442946 -0.00216353 -0.00391807   0.00195994  -0.00635076 -0.000331026   1.5481 0.093714 -9.68561 
             88.2002   0.058954 -0.0586602   -0.37939  0.0169305 -0.0145429  0.0100223 0 0 0   -0.011 -0.02329  0.04412 -0.00136945 0.000278404  0.00598249 0.000489977 -0.00215525 -0.00385411   0.00193412  -0.00627804 -0.000332021    1.5481 0.0936931  -9.68561 
             88.3001   0.110776 -0.0935421  -0.333043  0.0178479 -0.0128236  0.0127478 0 0 0   -0.011 -0.02329  0.04412 -0.000439334   0.00368699    0.0103228 0.000459115 -0.00213308  -0.0038833   0.00186447  -0.00639045 -0.000471831   1.54813 0.0937242  -9.68561 
                88.4  0.0793138 -0.0798068  -0.367965  0.0163201 -0.0132841   0.014482 0 0 0   -0.011 -0.02329  0.04412 -0.00471893   0.0023705   0.0111892 0.000480119 -0.00213912 -0.00386037   0.00196628   -0.0063363 -0.000529681   1.54811 0.0937113  -9.68561 
             88.5001  0.100297 -0.112644 -0.354254  0.0158399 -0.0131584  0.0141445 0 0 0   -0.011 -0.02329  0.04412 -0.00551402  0.00206269  0.00795273 0.000473135 -0.00212157 -0.00386688   0.00196215  -0.00632938 -0.000437826    1.5481 0.0937085  -9.68561 
             88.6001  0.142641 -0.132736 -0.315226  0.0183962 -0.0125623  0.0152725 0 0 0   -0.011 -0.02329  0.04412 0.00206039 0.00352118  0.0106677 0.000449313 -0.00211051 -0.00388975   0.00174375  -0.00638168 -0.000503735   1.54817 0.0937191   -9.6856 
                88.7  0.128054 -0.122117 -0.374663   0.018034 -0.0125411  0.0146585 0 0 0   -0.011 -0.02329  0.04412 -0.00154565   0.0021971  0.00655108 0.000459387 -0.00211311 -0.00384711   0.00177255  -0.00635131 -0.000372005 1.54815 0.09371 -9.6856 
                88.8  0.0989429 -0.0932683  -0.333708  0.0197539 -0.0119629 0.00991928 0 0 0   -0.011 -0.02329  0.04412  0.00369547   0.0028887 -0.00427016 0.000479971  -0.0021305 -0.00387025   0.00165202  -0.00636516 -1.76293e-05  1.54817 0.093708  -9.6856 
             88.9001  0.0913515 -0.0465243  -0.335483  0.0182697 -0.0123879 0.00849961 0 0 0   -0.011 -0.02329  0.04412 0.000103711  0.00170632 -0.00672529 0.000485131 -0.00215643 -0.00386907  0.00177206 -0.00632354  7.6073e-05   1.54814 0.0936994  -9.68561 
                  89   0.14972 -0.116663 -0.404035  0.0171021 -0.0137477 0.00915702 0 0 0   -0.011 -0.02329  0.04412  -0.0035671 -0.00246216 -0.00570489 0.000447336 -0.00211042 -0.00382649   0.00183047  -0.00624057 -2.54264e-05   1.54812 0.0936788  -9.68561 
             89.1001  0.124985  -0.03641 -0.326824  0.0177505 -0.0153163 0.00958694 0 0 0   -0.011 -0.02329  0.04412 -0.000758923  -0.00550038   -0.0042152 0.000461391 -0.00215607 -0.00387235   0.00177219  -0.00616146 -8.83032e-05   1.54814 0.0936555  -9.68561 
                89.2  0.113512 -0.162973 -0.366438   0.018263 -0.0146738  0.0137639 0 0 0   -0.011 -0.02329  0.04412 -0.00349099 -0.00269946  0.00289419 0.000464464 -0.00208323 -0.00384666   0.00171006   -0.0062501 -0.000375461  1.54816 0.093677  -9.6856 
                89.3    0.210456 -0.00121452   -0.335669  0.0189123 -0.0108586    0.01035 0 0 0   -0.011 -0.02329  0.04412  0.00197711  0.00547896 -0.00427001 0.000413688 -0.00217836 -0.00386259   0.00167246  -0.00651488 -0.000122188   1.54818 0.0937484   -9.6856 
                89.4   0.140546 -0.0115912  -0.356906  0.0181075 -0.0112768 0.00693954 0 0 0   -0.011 -0.02329  0.04412 0.000710488   0.0026977 -0.00819868 0.000456056 -0.00217017 -0.00384955  0.00173641 -0.00643982 3.45946e-05   1.54816 0.0937312   -9.6856 
             89.5001    0.12411 -0.0181261  -0.310705  0.0168831 -0.0114342 0.00798532 0 0 0   -0.011 -0.02329  0.04412 -0.00213245  0.00118407 -0.00517078 0.000465829 -0.00216514 -0.00387708   0.00181173   -0.0064147 -8.89315e-05   1.54814 0.0937256  -9.68561 
                89.6  0.0503951 -0.0871847  -0.307319  0.0176806 -0.0126709  0.0105528 0 0 0   -0.011 -0.02329  0.04412 -0.00153686 -0.00023348 0.000866655 0.000510835 -0.00212462  -0.0038792   0.00174024  -0.00633854 -0.000276502   1.54816 0.0937008   -9.6856 
                89.7  0.0713205 -0.0567048  -0.333415  0.0173483  -0.012982 0.00949567 0 0 0   -0.011 -0.02329  0.04412   -0.0015559 -0.000829514  -0.00191427  0.00050089 -0.00214044 -0.00386043   0.00175093  -0.00631996 -0.000207827   1.54815 0.0936969   -9.6856 
             89.7999   0.064925 -0.0474096  -0.298233  0.0184774 -0.0133263 0.00913174 0 0 0   -0.011 -0.02329  0.04412   0.00107768 -0.000541618  -0.00142088 0.000505886  -0.0021442 -0.00388041   0.00166917  -0.00630398 -0.000190889   1.54817 0.0936915   -9.6856 
             89.9001   0.203623 -0.0510747  -0.308727  0.0208052 -0.0127344  0.0104451 0 0 0   -0.011 -0.02329  0.04412  0.00628054 -0.00165228    0.000917 0.000424693 -0.00214053 -0.00387298    0.0015318  -0.00636111 -0.000279635   1.54821 0.0937049  -9.68559 
                  90 -0.0445143 -0.0704203  -0.408463  0.0201345 -0.0170411  0.0088916 0 0 0   -0.011 -0.02329  0.04412  0.00278844  -0.0062902 -0.00167138 0.000580424 -0.00212607 -0.00381194   0.00161322  -0.00608478 -0.000173886  1.54819 0.093632  -9.6856 
             90.0999   0.126678 -0.0912922  -0.311367  0.0211985 -0.0137228  0.0116049 0 0 0   -0.011 -0.02329  0.04412 0.00341619 0.00061868  0.0036702 0.000479479  -0.0021118 -0.00386936   0.00155483  -0.00634075 -0.000362514   1.54821 0.0936996   -9.6856 
             90.2001  0.0550532 -0.0273674   -0.40114  0.0217323 -0.0145235 0.00946256 0 0 0   -0.011 -0.02329  0.04412   0.00518436  0.000149697 -0.000601323 0.000526339 -0.00215061 -0.00381139   0.00155146   -0.0062778 -0.000201853    1.5482 0.0936821   -9.6856 
                90.3   0.221744 -0.0460651  -0.348031  0.0201835 -0.0128027  0.0106808 0 0 0   -0.011 -0.02329  0.04412 -0.000117651   0.00251864   0.00162282 0.000428243 -0.00213849 -0.00384403   0.00168603  -0.00640786 -0.000300452  1.54817 0.093719  -9.6856 
                90.4   0.156609 -0.0949677  -0.395442  0.0191296 -0.0144731  0.0121835 0 0 0   -0.011 -0.02329  0.04412 -0.00351067 -0.00266499  0.00279592 0.000468771 -0.00210897 -0.00381431   0.00175871  -0.00628792 -0.000394284   1.54816 0.0936898   -9.6856 
             90.4999   0.210265 -0.0196267  -0.378862  0.0179957 -0.0124701 0.00989032 0 0 0   -0.011 -0.02329  0.04412 -0.0112689 0.00265419 0.00242538 0.000435009 -0.00215209 -0.00382246   0.00179357  -0.00642602 -0.000233682   1.54814 0.0937248  -9.68561 
                90.6    0.17666 -0.0752105  -0.353084  0.0183075 -0.0118077  0.0100382 0 0 0   -0.011 -0.02329  0.04412 -0.0104218 0.00430683 0.00277359 0.000434704 -0.00215146 -0.00382444   0.00177077  -0.00647356 -0.000244555   1.54815 0.0937365   -9.6856 
                90.7   0.181879 -0.0717517  -0.339053   0.0169993 -0.00995137   0.0105016 0 0 0   -0.011 -0.02329  0.04412 -0.00852438   0.0050993  0.00293373 0.000434392 -0.00215202 -0.00382581  0.00174832 -0.00652952 -0.00024307   1.54816 0.0937502   -9.6856 
                90.8  0.0922954 -0.0721073  -0.352316  0.0253988 -0.0167525 0.00784482 0 0 0   -0.011 -0.02329  0.04412   0.0208587   -0.017206 -0.00649936 0.000447139 -0.00214847 -0.00382403   0.00167641  -0.00646895 -0.000212855   1.54817 0.0937329   -9.6856 
                90.9   0.151349 -0.0121612  -0.354821  0.0246716 -0.0170264 0.00681099 0 0 0   -0.011 -0.02329  0.04412    0.014088  -0.0145959 -0.00753757 0.000410603 -0.00219493 -0.00381508    0.0016985  -0.00647864 -0.000211385   1.54817 0.0937355   -9.6856 
             90.9999      0.285 -0.0929771   -0.33915  0.0209634 -0.0141297  0.0177008 0 0 0   -0.011 -0.02329  0.04412 -0.000155039  -0.00869172    0.0175938 0.000322229  -0.0021681 -0.00381781  0.00178347 -0.00652921 -0.00031342   1.54816 0.0937429   -9.6856 
                91.1   0.116008 -0.0749815  -0.263139  0.0200062 -0.0115982  0.0169299 0 0 0   -0.011 -0.02329  0.04412   -0.0025925 -0.000495172    0.0123764 0.000434404 -0.00217828 -0.00387052   0.00179866  -0.00658821 -0.000287987   1.54815 0.0937557   -9.6856 
             91.1999   0.152151 -0.0669105  -0.336514  0.0168547 -0.0148962  0.0143703 0 0 0   -0.011 -0.02329  0.04412  -0.0093393 -0.00850201  0.00521684 0.000409341 -0.00219132 -0.00381919   0.00191986  -0.00647213 -0.000230419  1.54813 0.093737 -9.68561 
             91.2999 -0.0635974   -0.10118  -0.347682 0.0178626 -0.016033 0.0125518 0 0 0   -0.011 -0.02329  0.04412 -0.00617656 -0.00877726  0.00168783 0.000560358 -0.00216544 -0.00381293   0.00183329  -0.00640886 -0.000159209   1.54814 0.0937267  -9.68561 
                91.4  0.177554 -0.152752 -0.388137  0.0168014 -0.0180705  0.0168459 0 0 0   -0.011 -0.02329  0.04412 -0.00926645  -0.0120511    0.006627  0.00037093 -0.00212133 -0.00378009   0.00181678  -0.00642307 -0.000256115   1.54815 0.0937257   -9.6856 
                91.5 0.0302391 -0.135124 -0.354698  0.0159562 -0.0175463   0.016478 0 0 0   -0.011 -0.02329  0.04412  -0.0105293 -0.00556332  0.00569672  0.00048225 -0.00213562 -0.00380399  0.00182413  -0.0064942 -0.00021362   1.54815 0.0937415   -9.6856 
                91.6  0.168769 -0.104666 -0.410305  0.0154098 -0.0169006  0.0158186 0 0 0   -0.011 -0.02329  0.04412 -0.00937076  -0.0044573  0.00228198 0.000385534 -0.00215365 -0.00376561   0.00177007   -0.0065907 -0.000143792   1.54816 0.0937622   -9.6856 
                91.7  0.0334873 -0.0974611  -0.396622  0.0179531 -0.0150316  0.0150625 0 0 0   -0.011 -0.02329  0.04412 -0.00160603  0.00299571 4.76809e-05 0.000481716  -0.0021585 -0.00377495  0.00149264 -0.00674445 -7.0481e-05  1.54822 0.093789 -9.68559 
             91.7998  0.249701 -0.119391 -0.234236  0.0147225 -0.0139164  0.0183702 0 0 0   -0.011 -0.02329  0.04412 -0.0106091 0.00076729 0.00675131 0.000330794 -0.00214261 -0.00388749   0.00173003  -0.00683564 -0.000310157   1.54817 0.0938101   -9.6856 
                91.9  0.116955 -0.129049 -0.289757  0.0146296 -0.0129324  0.0164549 0 0 0   -0.011 -0.02329  0.04412 -0.0105297 0.00440348 0.00189057 0.000429794 -0.00213116 -0.00384817   0.00172249  -0.00691327 -0.000137609   1.54817 0.0938284   -9.6856 
             91.9998   0.182475 -0.0786715  -0.253227  0.0149797 -0.0102433  0.0171225 0 0 0   -0.011 -0.02329  0.04412 -0.00628829  0.00599203  0.00341705 0.000379468  -0.0021736 -0.00387674   0.00156693  -0.00705638 -0.000155664  1.54821 0.093853 -9.68559 
                92.1  0.209114 -0.129361 -0.309733  0.0142826 -0.0129688   0.015139 0 0 0   -0.011 -0.02329  0.04412 -0.00742094 -0.00358821 -0.00203809 0.000367432 -0.00213502 -0.00383277  0.00154944  -0.0068113 2.76901e-05   1.54821 0.0938061  -9.68559 
                92.2  0.038272 -0.107192 -0.280454  0.0153821 -0.0129601  0.0149858 0 0 0   -0.011 -0.02329  0.04412  -0.0046302  -0.0010796 -0.00152861 0.000498492 -0.00214598 -0.00384984  0.00143281 -0.00680834   3.903e-05   1.54823 0.0938063  -9.68559 
                92.3  0.152213 -0.101927 -0.275303  0.0153982 -0.0141441  0.0125533 0 0 0   -0.011 -0.02329  0.04412 -0.00360074 -0.00471489 -0.00644546  0.00040927 -0.00214992 -0.00385502  0.00140298 -0.00672766 0.000222681   1.54824 0.0937944  -9.68559 
             92.3998 -0.0428879  -0.069659   -0.39136  0.0166393 -0.0175076  0.0103993 0 0 0   -0.011 -0.02329  0.04412 7.18143e-05  -0.0041183 -0.00737724 0.000552821 -0.00217193 -0.00377184  0.00128053 -0.00651561 0.000299432  1.54826 0.093755 -9.68559 
             92.4999 0.0965665 -0.122749 -0.325152  0.0155967 -0.0192684  0.0129272 0 0 0   -0.011 -0.02329  0.04412 -0.00456033 -0.00829304 -0.00150501 0.000463334 -0.00213105 -0.00381891  0.00133891 -0.00645681 3.85347e-05   1.54825 0.0937379  -9.68559 
             92.5999   0.120342 -0.0568127  -0.363784  0.0191913 -0.0186468 0.00915983 0 0 0   -0.011 -0.02329  0.04412  0.00577988 -0.00543876 -0.00874482 0.000449423  -0.0021759 -0.00379353  0.00105198 -0.00654517 0.000328861   1.54831 0.0937583  -9.68558 
             92.6999   0.354578 -0.0671106  -0.329635   0.021035 -0.0135383 0.00832504 0 0 0   -0.011 -0.02329  0.04412  0.00818926  0.00129972 -0.00737685 0.000290461 -0.00216961 -0.00381733 0.000964544 -0.00696121 0.000316158   1.54832 0.0938411  -9.68558 
             92.7998 -0.0332056 -0.0166913   -0.28664  0.0183738 -0.0113678 0.00773633 0 0 0   -0.011 -0.02329  0.04412 0.000412735    0.010223 -0.00728174 0.000559505 -0.00220256 -0.00384611  0.00123273 -0.00706058 0.000291662  1.54827 0.093864 -9.68558 
             92.8999  0.136771 -0.102537 -0.283227  0.0169806 -0.0132683  0.0127552 0 0 0   -0.011 -0.02329  0.04412 -0.00523208   0.0023723  0.00293464 0.000442699 -0.00214472 -0.00384739   0.00134694  -0.00688528 -0.000150817   1.54826 0.0938283  -9.68559 
             92.9998   0.163361 -0.0471418  -0.334599  0.0152743 -0.0106428  0.0157144 0 0 0   -0.011 -0.02329  0.04412 -0.00752248  0.00554209  0.00715842 0.000419836 -0.00218388 -0.00381262   0.00142348  -0.00705251 -0.000338028   1.54825 0.0938615  -9.68559 
             93.0999  0.129368 -0.131182 -0.296697  0.0155688 -0.0138723  0.0137263 0 0 0   -0.011 -0.02329  0.04412 -0.00684846  -0.0027968  0.00227244 0.000448576 -0.00212624 -0.00383691    0.0013597  -0.00675627 -0.000136828   1.54825 0.0938035  -9.68559 
             93.1998  0.0421372 -0.0894541  -0.308155   0.015603 -0.0131555  0.0143566 0 0 0   -0.011 -0.02329  0.04412 -0.00549644 0.000300177  0.00203318 0.000511911 -0.00215465 -0.00382952   0.00130855  -0.00682637 -0.000175076  1.54826 0.093817 -9.68559 
             93.2999   0.225913 -0.0795704  -0.328414   0.015232 -0.0143228   0.015499 0 0 0   -0.011 -0.02329  0.04412 -0.00582843 -0.00556539  0.00362493 0.000381327 -0.00216307 -0.00381776   0.00125576  -0.00678565 -0.000223079   1.54827 0.0938085  -9.68558 
             93.3998   0.120722 -0.0950188  -0.374022  0.0142075 -0.0140031  0.0146472 0 0 0   -0.011 -0.02329  0.04412 -0.00763582 -0.00245453  0.00089612 0.000453003 -0.00215128 -0.00378695   0.00128644  -0.00682634 -0.000138851   1.54827 0.0938173  -9.68558 
             93.4998  0.151983  -0.13035 -0.271885  0.0149085 -0.0144446  0.0164967 0 0 0   -0.011 -0.02329  0.04412 -0.00548314 -0.00432258  0.00336956 0.000432543 -0.00212615 -0.00385765   0.00120494  -0.00680319 -0.000286653   1.54829 0.0938107  -9.68558 
             93.5998   0.207156 -0.0601448  -0.284767  0.0127286 -0.0141852  0.0139156 0 0 0   -0.011 -0.02329  0.04412 -0.00755005 -0.00500598 -0.00140713 0.000390186 -0.00217725 -0.00384815   0.00129767  -0.00686781 -8.14407e-05   1.54826 0.0938265  -9.68559 
             93.6998   0.178029 -0.0593271  -0.289001  0.0124901 -0.0148121  0.0115163 0 0 0   -0.011 -0.02329  0.04412 -0.00590852 -0.00630766 -0.00658058  0.00041166 -0.00217491 -0.00384567  0.00125214 -0.00685489 8.49398e-05   1.54827 0.0938272  -9.68558 
             93.7998 0.0992191  -0.07126 -0.318035  0.0154009 -0.0142205  0.0111983 0 0 0   -0.011 -0.02329  0.04412  0.00153159 -0.00230487 -0.00532245 0.000466582 -0.00216514  -0.0038258 0.000988566 -0.00693578 6.73439e-05   1.54832 0.0938428  -9.68558 
             93.8999  0.0592224 -0.0543778  -0.282693   0.014424 -0.0158305 0.00912925 0 0 0   -0.011 -0.02329  0.04412 -0.00023345 -0.00533788 -0.00944982 0.000494021 -0.00217795  -0.0038478   0.0010786 -0.00681598 0.000200082    1.5483 0.0938228  -9.68558 
             93.9998  0.0987434 -0.0340102  -0.242058  0.0163736 -0.0140182 0.00783452 0 0 0   -0.011 -0.02329  0.04412   0.00482753 -0.000655634  -0.00978347 0.000462779 -0.00219213 -0.00387579 0.000939753 -0.00698312 0.000207071   1.54832 0.0938561  -9.68558 
             94.0997   0.139703 -0.0368042  -0.317085  0.0162534 -0.0167909 0.00955147 0 0 0   -0.011 -0.02329  0.04412  0.00285373 -0.00711066 -0.00395143 0.000435675 -0.00218976 -0.00382238 0.000986801 -0.00679899 1.81756e-05   1.54832 0.0938161  -9.68558 
             94.1998   0.171717 -0.0967739  -0.380831   0.018508 -0.0165551  0.0110098 0 0 0   -0.011 -0.02329  0.04412  0.00639269 -0.00625726 -0.00161525 0.000412875 -0.00214941 -0.00378125  0.000830217  -0.00688022 -0.000115093   1.54835 0.0938321  -9.68557 
             94.2998   0.114393 -0.0173503  -0.341761  0.0177498 -0.0137402 0.00988323 0 0 0   -0.011 -0.02329  0.04412  0.00486625  0.00193885 -0.00232538 0.000454633 -0.00220352   -0.003808   0.00091201  -0.00712477 -3.16162e-05   1.54833 0.0938792  -9.68557 
             94.3998   0.13084 -0.149345 -0.270377  0.0189582 -0.0134272  0.0131901 0 0 0   -0.011 -0.02329  0.04412 0.00326137 0.00238797  0.0056846 0.000443022  -0.0021059 -0.00386111  0.000837312  -0.00714452 -0.000287828   1.54835 0.0938805  -9.68557 
             94.4997   0.260808 -0.0276455  -0.270698  0.0186203 -0.0140766  0.0134386 0 0 0   -0.011 -0.02329  0.04412  0.00234109 -0.00394827  0.00447421 0.000355607 -0.00218666 -0.00385935 0.000918724 -0.00711257  -0.0002456   1.54834 0.0938743  -9.68557 
             94.5998   0.130333 -0.0911824  -0.252295  0.0162003 -0.0133507  0.0143703 0 0 0   -0.011 -0.02329  0.04412  -0.00527371 -0.000795886   0.00510662 0.000438428 -0.00214596 -0.00387258   0.00110765  -0.00717656 -0.000290747    1.5483 0.0938841  -9.68558 
             94.6999 0.0783073 -0.141644 -0.304556  0.0164578 -0.0145982  0.0156199 0 0 0   -0.011 -0.02329  0.04412 -0.00570426 -0.00212846  0.00636393 0.000475049 -0.00211037 -0.00383555   0.00104109  -0.00709171 -0.000344175   1.54832 0.0938677  -9.68558 
             94.8005  0.0797984 -0.0950497  -0.322941  0.0161018 -0.0141326  0.0152579 0 0 0   -0.011 -0.02329  0.04412  -0.00595953 -0.000874252   0.00515177 0.000481759  -0.0021414 -0.00382068   0.00106534  -0.00713194 -0.000306599   1.54831 0.0938758  -9.68558 
             94.8997   0.283215 -0.0745874   -0.31156 0.0156378 -0.013762 0.0154892 0 0 0   -0.011 -0.02329  0.04412 -0.00507726 -0.00504274  0.00424009 0.000323131 -0.00215683 -0.00382882  0.00102086 -0.00720104 -0.00025803   1.54832 0.0938907  -9.68558 
             94.9997  0.0766113 -0.0886881  -0.354027  0.0163042 -0.0130169  0.0145782 0 0 0   -0.011 -0.02329  0.04412 -0.00309382 0.000648027  0.00161273 0.000462587 -0.00214538 -0.00380162 0.000929393 -0.00724395 -0.00016153  1.54833 0.093903 -9.68557 
             95.0997   0.119096 -0.0829698  -0.312911  0.0175353 -0.0127554  0.0143524 0 0 0   -0.011 -0.02329  0.04412 6.04044e-06 0.000725509  0.00130675   0.0004378 -0.00215015  -0.0038271  0.000817838  -0.00725986 -0.000129466   1.54835 0.0939083  -9.68557 
             95.1997 -0.0283592  -0.123575  -0.289784   0.018293 -0.0146693  0.0128507 0 0 0   -0.011 -0.02329  0.04412 0.000342115 -0.00046325 -0.00204517 0.000538681 -0.00212279 -0.00384231  0.000757874  -0.00710214 -1.09074e-05   1.54836 0.0938827  -9.68557 
             95.2996   0.181417 -0.0352295   -0.26575  0.0175506 -0.0118699  0.0104697 0 0 0   -0.011 -0.02329  0.04412 1.89595e-05  0.00292444 -0.00671272  0.00040168 -0.00218182 -0.00385711 0.000822592 -0.00731196  0.00014458   1.54835 0.0939257  -9.68557 
             95.3997   0.139239 -0.0748745  -0.297116  0.0163582 -0.0112367   0.010884 0 0 0   -0.011 -0.02329  0.04412 -0.00380527  0.00361154 -0.00406107 0.000437754 -0.00215232 -0.00383401 0.000904712  -0.0073328  6.1933e-05   1.54833 0.0939278  -9.68557 
             95.4998   0.21344 0.0294993  -0.25162   0.0159866 -0.00867866   0.0082102 0 0 0   -0.011 -0.02329  0.04412 -0.00171912  0.00606614 -0.00754656 0.000388987 -0.00222163 -0.00386501 0.000915825 -0.00749412 0.000226178   1.54833 0.0939601  -9.68557 
             95.5996   0.20258 0.0180527 -0.348183  0.0144984 -0.0120184 0.00546693 0 0 0   -0.011 -0.02329  0.04412 -0.00387603  -0.0037346  -0.0118058  0.00040018 -0.00221307 -0.00379905  0.00102957 -0.00720872 0.000379826   1.54831 0.0939077  -9.68558 
             95.6997  0.0883075 -0.0474482   -0.26859  0.0135615 -0.0140325 0.00617589 0 0 0   -0.011 -0.02329  0.04412 -0.00654288 -0.00669216 -0.00801386 0.000476377 -0.00216881 -0.00385395  0.00107809 -0.00707774 0.000255462    1.5483 0.0938809  -9.68558 
             95.7998  0.0881171 -0.0603945  -0.381724  0.0152302 -0.0166278 0.00849425 0 0 0   -0.011 -0.02329  0.04412 -0.00177006 -0.00974267 -0.00270076 0.000479198 -0.00215942 -0.00377671 0.000893216 -0.00696515 2.72002e-05  1.54834 0.093859 -9.68557 
             95.8998  0.0710915 -0.0599487  -0.257284  0.0184006  -0.013927 0.00604297 0 0 0   -0.011 -0.02329  0.04412  0.00683547 -0.00110631 -0.00693796 0.000491964 -0.00216181 -0.00385767 0.000623008 -0.00722572 0.000186311   1.54838 0.0939116  -9.68557 
             95.9997   0.155985 -0.0263116  -0.275125  0.0169461 -0.0135254 0.00867375 0 0 0   -0.011 -0.02329  0.04412  0.00207003 -0.00164684 -0.00133704 0.000435363 -0.00218549 -0.00384592  0.000796082   -0.0072788 -5.37139e-05   1.54836 0.0939182  -9.68557 
             96.0996   0.178332 -0.0475726  -0.322019  0.0185264 -0.0135172  0.0110491 0 0 0   -0.011 -0.02329  0.04412  0.00517958 -0.00208801   0.0037456 0.000425845 -0.00216894 -0.00381415  0.000683258  -0.00730005 -0.000228839   1.54839 0.0939216  -9.68556 
             96.1998   0.312868 -0.0690844  -0.277161  0.0181802 -0.0153263  0.0140852 0 0 0   -0.011 -0.02329  0.04412 0.00217441 -0.0100521 0.00754215 0.000340196 -0.00215212 -0.00384285  0.000749448  -0.00721981 -0.000412608   1.54838 0.0939054  -9.68557 
             96.2997  0.0956582 -0.0457511  -0.282564  0.0165582 -0.0139938  0.0119638 0 0 0   -0.011 -0.02329  0.04412 -0.00189812 -0.00417525  0.00320704 0.000487029 -0.00216796  -0.0038393 0.000904565 -0.00733384  -0.0002292   1.54835 0.0939268  -9.68557 
             96.3996   0.19637 -0.124592 -0.253714  0.0150149 -0.0150162  0.0151959 0 0 0   -0.011 -0.02329  0.04412 -0.00631941 -0.00787854  0.00625292 0.000413377 -0.00210818 -0.00386113  0.000965108  -0.00734749 -0.000397107   1.54834 0.0939266  -9.68557 
             96.4998  0.0995665 -0.0753067  -0.398369  0.0142181 -0.0150478  0.0164097 0 0 0   -0.011 -0.02329  0.04412 -0.00639064 -0.00460026  0.00790261 0.000482455 -0.00214058 -0.00376878  0.000987218  -0.00737737 -0.000438959   1.54834 0.0939305  -9.68557 
             96.5997  0.256674  -0.10513 -0.344136  0.0154331 -0.0129989  0.0177446 0 0 0   -0.011 -0.02329  0.04412 -0.00291149 -0.00222755  0.00884591 0.000380489 -0.00212152 -0.00380399  0.000841375  -0.00756971 -0.000475548   1.54836 0.0939666  -9.68557 
             96.6996 0.0638191 -0.114467 -0.363942  0.0177352 -0.0113203  0.0151824 0 0 0   -0.011 -0.02329  0.04412 0.00227986 0.00469325 0.00307059 0.000512888 -0.00211419  -0.0037916  0.000646034  -0.00766846 -0.000232757  1.54839 0.093994 -9.68556 
             96.7997  0.140908 -0.164946 -0.308106  0.0175009 -0.0134818  0.0197455 0 0 0   -0.011 -0.02329  0.04412 -0.00166554 -0.00190593   0.0104915 0.000465082 -0.00208078 -0.00382827  0.000670856  -0.00751405 -0.000534836   1.54839 0.0939564  -9.68556 
             96.8997  0.153374 -0.143436 -0.298956 0.0156444 -0.011716 0.0181394 0 0 0   -0.011 -0.02329  0.04412 -0.00626472  0.00206804   0.0055795 0.000461807 -0.00209433  -0.0038339  0.000837845  -0.00765326 -0.000395092   1.54836 0.0939865  -9.68557 
             96.9996  0.180834 -0.130287 -0.303657  0.0144991 -0.0111531  0.0204645 0 0 0   -0.011 -0.02329  0.04412 -0.00815173 0.000180671  0.00718119 0.000441171 -0.00210496 -0.00382931  0.000816584  -0.00768071 -0.000473731   1.54837 0.0939889  -9.68557 
             97.0998   0.251929 -0.0955999  -0.222008  0.0127412 -0.0125498   0.017099 0 0 0   -0.011 -0.02329  0.04412  -0.0101983 -0.00607791  -0.0001706 0.000400269 -0.00212103 -0.00388146 0.000888579 -0.00759266 -0.00018715   1.54835 0.0939815  -9.68557 
             97.1996  0.0885446 -0.0844441  -0.281101  0.0125677 -0.0147934  0.0141573 0 0 0   -0.011 -0.02329  0.04412 -0.00905104 -0.00833471 -0.00542026 0.000511822 -0.00212656 -0.00383926 0.000838889 -0.00745567 1.97942e-05   1.54836 0.0939631  -9.68557 
             97.2998   0.106424 -0.0963132  -0.404017   0.014363 -0.0164347  0.0115295 0 0 0   -0.011 -0.02329  0.04412 -0.0024835 -0.0119985 -0.0116464 0.000500681 -0.00211999 -0.00375711 0.000669931 -0.00733174 0.000230012   1.54839 0.0939489  -9.68556 
             97.3997  0.0667041 -0.0914968  -0.268325  0.0134962 -0.0180498 0.00809928 0 0 0   -0.011 -0.02329  0.04412 -0.00445895 -0.00963061   -0.012906 0.000529919  -0.0021234 -0.00385006 0.000688415 -0.00735288 0.000308165   1.54839 0.0939549  -9.68556 
             97.4997  0.158935 -0.116535 -0.348477  0.0133508 -0.0199965  0.0149124 0 0 0   -0.011 -0.02329  0.04412 -0.00649297  -0.0129931  0.00223025 0.000472424 -0.00210454  -0.0037971  0.000653149  -0.00732837 -0.000264446    1.5484 0.0939391  -9.68556 
             97.5997  0.0400253 -0.0875169  -0.381333 0.0169497 -0.018708 0.0114888 0 0 0   -0.011 -0.02329  0.04412  0.00473593 -0.00586605 -0.00542134 0.000554949 -0.00212109  -0.0037731  0.000354323   -0.0074662 -1.50056e-06   1.54844 0.0939728  -9.68555 
             97.6997   0.152996 -0.0828734  -0.358406  0.0175391 -0.0172296 0.00879832 0 0 0   -0.011 -0.02329  0.04412  0.00417182 -0.00226834  -0.0081785 0.000478071 -0.00212564 -0.00378843  0.00034784 -0.00760892 0.000139478   1.54844 0.0939993  -9.68555 
             97.7996  0.091715 0.0168318 -0.289643  0.0139383 -0.0146582 0.00732871 0 0 0   -0.011 -0.02329  0.04412 -0.00359364  0.00410928 -0.00886858  0.00052017 -0.00219122 -0.00383472 0.000653261 -0.00778669 0.000169587   1.54839 0.0940298  -9.68556 
             97.8996 0.0988555 -0.238576 -0.268714 0.0146291 -0.015495  0.015924 0 0 0   -0.011 -0.02329  0.04412 -0.00648861  0.00114957  0.00629415 0.000514216 -0.00202515 -0.00384944  0.000543849  -0.00772223 -0.000493452   1.54841 0.0940182  -9.68556 
             97.9996   0.211049 -0.0530936  -0.387327 0.0165233 -0.013463 0.0165008 0 0 0   -0.011 -0.02329  0.04412 0.000364463  0.00321976  0.00647341 0.000440666  -0.0021469  -0.0037703  0.000367706  -0.00786566 -0.000478944   1.54844 0.0940424  -9.68555 
             98.0995  0.177369 -0.141454 -0.264696  0.0177439 -0.0131832  0.0178515 0 0 0   -0.011 -0.02329  0.04412 0.00170529  0.0023067 0.00707324  0.00047063  -0.0020889 -0.00384958   0.00026377  -0.00786689 -0.000526395   1.54846 0.0940424  -9.68555 
             98.1997  0.0966275 -0.0933109  -0.393306 0.0169677 -0.012951 0.0166837 0 0 0   -0.011 -0.02329  0.04412 -0.0014287 0.00333105 0.00463032 0.000523032 -0.00211837 -0.00376571  0.000338125  -0.00785186 -0.000390288   1.54845 0.0940402  -9.68555 
             98.2996 0.0919228 -0.118889 -0.346206   0.016394 -0.0150935  0.0140481 0 0 0   -0.011 -0.02329  0.04412 -0.00241394 -0.00164905 -0.00164916  0.00053112 -0.00210264 -0.00379452  0.000373277  -0.00766691 -0.000169785   1.54844 0.0940094  -9.68556 
             98.3996  0.0436526 -0.0909957  -0.317362   0.016934 -0.0123917  0.0123255 0 0 0   -0.011 -0.02329  0.04412 -0.000976827   0.00599962  -0.00468755 0.000563696  -0.0021215 -0.00381297  0.000311897  -0.00785513 -6.11098e-05   1.54845 0.0940415  -9.68555 
             98.4996 0.0442298 -0.111063 -0.294723  0.0166933 -0.0150832  0.0128255 0 0 0   -0.011 -0.02329  0.04412 -0.00166436  -0.0012853 -0.00371293 0.000565932 -0.00210923 -0.00382782  0.000331872  -0.00761399 -0.000107374   1.54844 0.0940005  -9.68555 
             98.5997    0.19183 -0.0815003  -0.285114  0.0163602 -0.0141076  0.0130336 0 0 0   -0.011 -0.02329  0.04412 -0.00282042 -0.00116625  -0.0023173  0.00046428 -0.00212822  -0.0038344  0.000330922  -0.00770673 -0.000154868   1.54844 0.0940162  -9.68555 
             98.6996 0.0615925 -0.123499 -0.322109  0.0127604 -0.0165426  0.0141629 0 0 0   -0.011 -0.02329  0.04412  -0.0117532 -0.00427633 -0.00105573 0.000551874 -0.00210342 -0.00380925  0.000558242  -0.00752344 -0.000257478   1.54841 0.0939868  -9.68556 
             98.7997  0.192963 -0.071438 -0.368527   0.014426 -0.0171697  0.0122438 0 0 0   -0.011 -0.02329  0.04412 -0.00456181 -0.00652217 -0.00401917 0.000468828 -0.00214097 -0.00377654  0.000368257  -0.00750708 -0.000109482   1.54844 0.0939836  -9.68556 
             98.8996  0.0720463 -0.0466012  -0.350506  0.0131661 -0.0169892 0.00893035 0 0 0   -0.011 -0.02329  0.04412 -0.00557997 -0.00365526 -0.00943234 0.000547556 -0.00215522 -0.00378848 0.000429822 -0.00755134 9.14053e-05   1.54843 0.0939909  -9.68556 
             98.9997  0.0305502 -0.0971205  -0.293595  0.0127822 -0.0174245 0.00927513 0 0 0   -0.011 -0.02329  0.04412 -0.00583477 -0.00172733 -0.00719952 0.000575204 -0.00212252 -0.00382301  0.000389981  -0.00754508 -1.47832e-05   1.54843 0.0939899  -9.68556 
             99.0995    0.10943 -0.0637825  -0.322192  0.0157721  -0.017109 0.00978831 0 0 0   -0.011 -0.02329  0.04412  0.00291277 -0.00128029 -0.00578338 0.000520436 -0.00214355 -0.00380321  0.000119271  -0.00758707 -7.06737e-05   1.54848 0.0939963  -9.68555 
             99.1996 0.0791678  -0.13755 -0.299381  0.0174684 -0.0181301  0.0103464 0 0 0   -0.011 -0.02329  0.04412  0.00342792 -0.00179721 -0.00336147 0.000540396 -0.00209607 -0.00381856  2.08947e-05  -0.00753206 -0.000155023   1.54849 0.0939874  -9.68555 
             99.2996 0.0540523 -0.125939 -0.271666  0.0152018 -0.0154466  0.0136682 0 0 0   -0.011 -0.02329  0.04412 -0.00487352  0.00565054   0.0040393 0.000555681 -0.00210223 -0.00383758   0.00022763  -0.00775311 -0.000435544   1.54846 0.0940283  -9.68555 
             99.3997  0.111983 -0.107974  -0.33282  0.0162019 -0.0151829  0.0115044 0 0 0   -0.011 -0.02329  0.04412 -0.00101092  0.00472293 -0.00157314 0.000516277 -0.00211559 -0.00379649 0.000125408 -0.00773661   -0.000258  1.54848 0.094023 -9.68555 
             99.4995    0.187017 -0.00900525   -0.313798  0.0145975 -0.0147603  0.0136925 0 0 0   -0.011 -0.02329  0.04412 -0.00226552  0.00158467  0.00303372 0.000471154 -0.00218069  -0.0038067  0.000232836  -0.00772992 -0.000407448   1.54846 0.0940242  -9.68555 
             99.5995  0.157543 -0.111901   -0.2245  0.0145491 -0.0124179  0.0119931 0 0 0   -0.011 -0.02329  0.04412  -0.00360236    0.0056715 -0.000965528 0.000489493 -0.00211462  -0.0038667    0.0002018  -0.00787666 -0.000276065   1.54846 0.0940468  -9.68555 
             99.6995  0.0855384 -0.0943522   -0.30052  0.0159296 -0.0125294  0.0123519 0 0 0   -0.011 -0.02329  0.04412 -0.000305704   0.00502798 -0.000630372 0.000538951 -0.00212458 -0.00381598  8.29838e-05  -0.00782697 -0.000304697   1.54848 0.0940396  -9.68555 
             99.7995  0.0202357 -0.0476691  -0.331981  0.0145533 -0.0145182 0.00995071 0 0 0   -0.011 -0.02329  0.04412 -0.00286277   0.0016719 -0.00408659 0.000579659 -0.00215502 -0.00379447  0.000184793  -0.00765311 -0.000152018   1.54847 0.0940092  -9.68555 
             99.8996  0.196356 -0.139627 -0.328219  0.0186206 -0.0117817  0.0138669 0 0 0   -0.011 -0.02329  0.04412 0.00530806 0.00508765 0.00236416 0.000469053 -0.00209329 -0.00379617 -0.000141919  -0.00784878  -0.00043958   1.54852 0.0940461  -9.68554 
             99.9997   0.041263 -0.0321534  -0.380726  0.0158653 -0.0144264  0.0114059 0 0 0   -0.011 -0.02329  0.04412 -0.00130746 0.000619992 -0.00167822 0.000569502  -0.0021619  -0.0037618  0.000108789  -0.00761976 -0.000260691   1.54848 0.0940057  -9.68555 
               100.1   0.148956 -0.0878205  -0.258461  0.0170191 -0.0123212  0.0132812 0 0 0   -0.011 -0.02329  0.04412 0.000581804   0.0035109  0.00187037 0.000500438 -0.00212826 -0.00384079    5.718e-06  -0.00777452 -0.000400395    1.5485 0.0940317  -9.68555 
             100.199 0.00156599  -0.148371  -0.281903    0.01726 -0.0152269  0.0140749 0 0 0   -0.011 -0.02329  0.04412  -0.00109195 -0.000726511   0.00237109 0.000594936  -0.0020898 -0.00382751 -1.21654e-05  -0.00753911 -0.000438814    1.5485 0.0939936  -9.68555 
             100.299   0.150899 -0.0659676  -0.340304 0.0146276 -0.016004 0.0124892 0 0 0   -0.011 -0.02329  0.04412 -0.00729284 -0.00451698  -0.0015911 0.000500526 -0.00214285  -0.0037893  0.000232308  -0.00747359 -0.000313515   1.54846 0.0939821  -9.68555 
               100.4   0.117114 -0.0996462  -0.373364  0.0126263 -0.0166492  0.0107382 0 0 0   -0.011 -0.02329  0.04412 -0.00997876 -0.00403261 -0.00448598 0.000523318 -0.00211717 -0.00376529  0.000267753  -0.00747763 -0.000225696  1.54846 0.093982 -9.68555 
               100.5   0.135557 -0.0715791    -0.3143  0.0125554 -0.0150906 0.00934229 0 0 0   -0.011 -0.02329  0.04412  -0.00728203 -0.000494728  -0.00639824 0.000518182 -0.00213674 -0.00380047  0.000202279  -0.00761729 -0.000159345   1.54846 0.0940037  -9.68555 
             100.599   0.153852 -0.0257055  -0.294564  0.0131939 -0.0157068  0.0063475 0 0 0   -0.011 -0.02329  0.04412 -0.00290195 -0.00185481 -0.00993622 0.000508693  -0.0021647 -0.00381405 0.000114226 -0.00757743 1.56202e-05   1.54848 0.0939948  -9.68555 
               100.7  0.0209566 -0.0107601  -0.258355  0.0147454 -0.0152031 0.00389573 0 0 0   -0.011 -0.02329  0.04412 0.00262262 0.00154227  -0.013436 0.000596634 -0.00217191 -0.00383468 -1.34043e-05  -0.00761001  0.000105488    1.5485 0.0939984  -9.68555 
             100.799   0.0996658 -0.00940439   -0.357068  0.0163717 -0.0160049 0.00268675 0 0 0   -0.011 -0.02329  0.04412   0.00713503 -0.000433921   -0.0125363 0.000546429 -0.00217263 -0.00377211 -0.000113954  -0.00754985  0.000112975   1.54851 0.0939885  -9.68554 
               100.9   0.0650879 -0.00723521   -0.279551  0.0171859 -0.0128748 0.00186007 0 0 0   -0.011 -0.02329  0.04412 0.00844953 0.00707975 -0.0117517  0.00057458 -0.00217195 -0.00381927 -0.000117053  -0.00775491  7.54327e-05   1.54851 0.0940216  -9.68554 
                 101    0.17777 0.00692437  -0.342495  0.0161071 -0.0121084 0.00698991 0 0 0   -0.011 -0.02329  0.04412   0.00407801   0.00543044 -0.000207762 0.000503798 -0.00218244 -0.00377627  3.09236e-05  -0.00777453 -0.000353186   1.5485 0.094029 -9.68555 
             101.099   0.216844 -0.0128878  -0.301276  0.0157659 -0.0113895 0.00847022 0 0 0   -0.011 -0.02329  0.04412  0.0024021 0.00436735 0.00346661 0.000479844 -0.00217011  -0.0038005  8.39405e-05  -0.00779787 -0.000455175    1.5485 0.0940336  -9.68555 
               101.2    0.205367 -0.00530739   -0.326556  0.0140142  -0.014714 0.00955094 0 0 0   -0.011 -0.02329  0.04412  -0.0014599 -0.00541248    0.004435 0.000490332 -0.00217383 -0.00378358  0.000238477  -0.00754527 -0.000503472   1.54848 0.0939932  -9.68555 
               101.3   0.117025 -0.0226667   -0.31255  0.0132843 -0.0169016 0.00812327 0 0 0   -0.011 -0.02329  0.04412 -0.00223261  -0.0084592  0.00114839 0.000549562 -0.00216228 -0.00379174  0.000279409  -0.00741895 -0.000374346   1.54847 0.0939732  -9.68555 
             101.399   0.274525 -0.0559258  -0.308573  0.0146699 -0.0160916    0.01047 0 0 0   -0.011 -0.02329  0.04412 0.000872819 -0.00757124  0.00553452  0.00045535 -0.00213963 -0.00379069   0.00015018  -0.00751083 -0.000561313   1.54849 0.0939867  -9.68555 
             101.499  0.0769414 0.00299279  -0.402022  0.0159866 -0.0171163 0.00970784 0 0 0   -0.011 -0.02329  0.04412  0.00471508 -0.00504284   0.0033452 0.000585901 -0.00218169 -0.00372795  8.87248e-05  -0.00751087 -0.000453403    1.5485 0.0939877  -9.68555 
               101.6  0.274816  -0.07112 -0.375273  0.0174051 -0.0157134  0.0152781 0 0 0   -0.011 -0.02329  0.04412  0.00577264 -0.00531367   0.0120297 0.000459755 -0.00213276 -0.00374524  1.53019e-05  -0.00769511 -0.000823283   1.54853 0.0940115  -9.68554 
             101.699  0.0499505 -0.0303834  -0.334003  0.0161999 -0.0150788  0.0121562 0 0 0   -0.011 -0.02329  0.04412   0.00249175 -0.000394536   0.00455679 0.000599712  -0.0021589 -0.00377072 0.000144349 -0.00773982 -0.00053033   1.54849 0.0940243  -9.68555 
               101.8   0.152751 -0.0751991  -0.302326  0.0155933 -0.0156766  0.0124107 0 0 0   -0.011 -0.02329  0.04412 0.000204099 -0.00269149  0.00457341 0.000537578 -0.00213002  -0.0037893  0.000203475   -0.0077129 -0.000515802   1.54848 0.0940218  -9.68555 
             101.899 -0.0186044 -0.0623966   -0.34989  0.0131339 -0.0173374 0.00948861 0 0 0   -0.011 -0.02329  0.04412 -0.00538356 -0.00281777 -0.00257748 0.000647434 -0.00213617 -0.00375957  0.000380112  -0.00758448 -0.000300032   1.54845 0.0940089  -9.68555 
             101.999  0.0959892 -0.0353768  -0.280482  0.0142468 -0.0160878 0.00934066 0 0 0   -0.011 -0.02329  0.04412 -0.000868128 -0.000149894  -0.00231158 0.000575225 -0.00215542 -0.00380345  0.000272542  -0.00769661 -0.000289554   1.54846 0.0940241  -9.68555 
             102.099   0.166291 -0.0763679  -0.279908  0.0145563  -0.013354 0.00982056 0 0 0   -0.011 -0.02329  0.04412  -0.00143439   0.00346752 -0.000277376 0.000525975 -0.00212281 -0.00380277 0.000238401  -0.0078692 -0.00034626   1.54847 0.0940495  -9.68555 
               102.2    0.254075 -0.00282443   -0.332992  0.0145795 -0.0120254   0.010391 0 0 0   -0.011 -0.02329  0.04412 -0.000243882   0.00530956  0.000898781 0.000481989 -0.00216727 -0.00376605 0.000242933 -0.00797612 -0.00039315   1.54847 0.0940661  -9.68555 
               102.3   0.146018 -0.0157307  -0.271297  0.0176402 -0.0112134 0.00672253 0 0 0   -0.011 -0.02329  0.04412  0.00795578   0.0046702 -0.00583225  0.00055363 -0.00215795 -0.00380657  6.04275e-05   -0.0079659 -0.000156219   1.54849 0.0940641  -9.68555 
             102.399   0.097976 0.00811843  -0.364248  0.0158666 -0.0131476 0.00615715 0 0 0   -0.011 -0.02329  0.04412  0.00291933 -9.2436e-05 -0.00629851 0.000586148 -0.00217348 -0.00374744  0.000228748  -0.00779967 -0.000120874   1.54847 0.0940373  -9.68555 
             102.499  0.068742 -0.102383 -0.308002  0.0178448 -0.0145246  0.0102751 0 0 0   -0.011 -0.02329  0.04412  0.00328191 -0.00146057  0.00141854 0.000607833 -0.00209319 -0.00379059 0.000132316 -0.00772873 -0.00042869   1.54849 0.0940253  -9.68555 
             102.599  0.0724953 -0.0447018  -0.306744  0.0162088 -0.0169573 0.00894437 0 0 0   -0.011 -0.02329  0.04412 4.70283e-05 -0.00643316 -0.00124078 0.000610575 -0.00213068 -0.00378914  0.000276164  -0.00757589 -0.000331863   1.54847 0.0940003  -9.68555 
             102.699   0.205725 -0.0989259  -0.370313  0.0145421 -0.0180431  0.0105011 0 0 0   -0.011 -0.02329  0.04412 -0.00555448 -0.00952349  0.00122553 0.000525905 -0.00209374 -0.00374924  0.000373794  -0.00757512 -0.000445294   1.54846 0.0939987  -9.68555 
             102.799  0.0388506 0.00989216  -0.240024  0.0144533 -0.0158033 0.00755977 0 0 0   -0.011 -0.02329  0.04412  -0.00212777 -0.000537874  -0.00446291 0.000635319 -0.00216362  -0.0038301  0.000355009  -0.00775056 -0.000245529   1.54846 0.0940252  -9.68555 
             102.899   0.181005 -0.0588492   -0.39027   0.015466 -0.0163755  0.0104778 0 0 0   -0.011 -0.02329  0.04412 0.000399267 -0.00346575  0.00121397 0.000549975 -0.00212113 -0.00373277   0.00026993  -0.00773337 -0.000462432   1.54847 0.0940233  -9.68555 
             102.999   0.120105 -0.0341627  -0.236274 0.0131023 -0.013054 0.0107558 0 0 0   -0.011 -0.02329  0.04412 -0.00452515   0.0039264  0.00132952 0.000593847 -0.00213568 -0.00382853  0.000433231  -0.00796297 -0.000477919   1.54845 0.0940571  -9.68555 
             103.099 0.0829493 -0.125837 -0.329273  0.0144232 -0.0148398  0.0130307 0 0 0   -0.011 -0.02329  0.04412 -0.00191438 0.000180748  0.00528063 0.000619451  -0.0020792  -0.0037687  0.000298454  -0.00781835 -0.000614956   1.54847 0.0940358  -9.68555 
               103.2  0.0857649 -0.0871772   -0.38898  0.0163465 -0.0145672  0.0132374 0 0 0   -0.011 -0.02329  0.04412 0.00289523 0.00162312  0.0049931 0.000620474 -0.00209991 -0.00372932   0.00014183  -0.00783392 -0.000590281   1.54849 0.0940391  -9.68555 
               103.3   0.111156 -0.0880391  -0.318705  0.0145651 -0.0173953  0.0155273 0 0 0   -0.011 -0.02329  0.04412 -0.00312595 -0.00508654   0.0070225 0.000608239  -0.0020973 -0.00377279  0.000292257  -0.00763517 -0.000708018   1.54848 0.0940091  -9.68555 
             103.399  0.0531482 -0.0821434  -0.342587  0.0163173 -0.0162229  0.0151982 0 0 0   -0.011 -0.02329  0.04412   0.00211029 -0.000132518   0.00415159 0.000645295 -0.00210344 -0.00375607  0.000137828  -0.00774069 -0.000635684    1.5485 0.0940242  -9.68555 
             103.499 0.0848425  -0.14501 -0.292932  0.0188334 -0.0185561  0.0159837 0 0 0   -0.011 -0.02329  0.04412  0.00619326 -0.00521989   0.0033151 0.000628565  -0.0020636 -0.00378465 -4.35073e-05  -0.00758572 -0.000650423   1.54852 0.0940003  -9.68554 
             103.599  0.129222 -0.161173 -0.315573 0.0179229 -0.017231 0.0177603 0 0 0   -0.011 -0.02329  0.04412  0.00112483 -0.00182442  0.00636222 0.000599331 -0.00205336  -0.0037717  5.74474e-05  -0.00771344 -0.000759163   1.54851 0.0940207  -9.68554 
               103.7 0.0386865 -0.139656 -0.326333  0.0168346 -0.0184874   0.015711 0 0 0   -0.011 -0.02329  0.04412 -0.00211843 -0.00255192 0.000729296 0.000652739 -0.00206701 -0.00376437  0.000144064  -0.00763011 -0.000576711    1.5485 0.0940071  -9.68555 
               103.8  0.105069 -0.120243 -0.266523  0.0173201 -0.0180819  0.0122242 0 0 0   -0.011 -0.02329  0.04412 -0.000399528  -0.00164674  -0.00615153 0.000612889 -0.00207839 -0.00380115  9.41508e-05  -0.00767623 -0.000323924    1.5485 0.0940103  -9.68555 
             103.899   0.164119 -0.0900744    -0.3368  0.0149937 -0.0173222   0.012853 0 0 0   -0.011 -0.02329  0.04412   -0.0060748 -0.000813504  -0.00390416 0.000574587 -0.00209742 -0.00375693  0.000258832  -0.00774472 -0.000411113   1.54848 0.0940221  -9.68555 
             103.999   0.222531 -0.0612709  -0.314758  0.0119631 -0.0178214 0.00886202 0 0 0   -0.011 -0.02329  0.04412  -0.0115614 -0.00362602 -0.00952028   0.0005405 -0.00211421 -0.00376965  0.000430852  -0.00772579 -0.000183934   1.54845 0.0940156  -9.68555 
               104.1   0.203471 -0.0485703  -0.356203  0.0146839 -0.0176007 0.00885379 0 0 0   -0.011 -0.02329  0.04412 -0.00215632 -0.00307818 -0.00909402 0.000555106 -0.00212268  -0.0037414  0.000158165  -0.00776034 -0.000215477   1.54849 0.0940214  -9.68555 
             104.199 0.0938399 -0.154893 -0.340607  0.0130251 -0.0191761  0.0137082 0 0 0   -0.011 -0.02329  0.04412 -0.00867137 -0.00402205  0.00144309 0.000619498 -0.00205707 -0.00375116  0.000205761  -0.00769114 -0.000594026   1.54849 0.0940137  -9.68555 
             104.299   0.150162 -0.0229476  -0.331914  0.0145702 -0.0158173  0.0111696 0 0 0   -0.011 -0.02329  0.04412 -0.00175661  0.00435397 -0.00407289 0.000583611 -0.00213773 -0.00375791  6.61892e-05  -0.00797242 -0.000400884   1.54851 0.0940543  -9.68554 
             104.399   0.136203 -0.0680505  -0.326517  0.0134272 -0.0153556  0.0117946 0 0 0   -0.011 -0.02329  0.04412 -0.00380298  0.00332906 -0.00266323 0.000596183 -0.00210971 -0.00376044  0.000115771   -0.0079594 -0.000479394    1.5485 0.0940524  -9.68555 
               104.5   0.178879 -0.0185232  -0.360947  0.0114834 -0.0165878 0.00950379 0 0 0   -0.011 -0.02329  0.04412 -0.00632876 -0.00131962 -0.00564131 0.000569598 -0.00214112 -0.00373942  0.000234574  -0.00786102 -0.000351686  1.54848  0.09404 -9.68555 
             104.599 0.0297889 -0.122482 -0.307424  0.0112403 -0.0188644  0.0107927 0 0 0   -0.011 -0.02329  0.04412 -0.00736355 -0.00408396 -0.00311138 0.000660977  -0.0020783 -0.00377487  0.000196739  -0.00771006 -0.000468408   1.54849 0.0940171  -9.68555 
             104.699   0.102532 -0.0750125  -0.314599  0.0103158  -0.019857 0.00950517 0 0 0   -0.011 -0.02329  0.04412 -0.00771662 -0.00586707 -0.00362335 0.000613038 -0.00211009 -0.00377123  0.000219079  -0.00767018 -0.000399766   1.54848 0.0940122  -9.68555 
               104.8 -0.0160698 -0.0544763  -0.206951  0.0122613 -0.0171861 0.00691699 0 0 0   -0.011 -0.02329  0.04412 -0.000670924   0.00320549  -0.00760123 0.000686916  -0.0021221 -0.00383645  3.72895e-05  -0.00788203 -0.000215247   1.54851 0.0940418  -9.68554 
             104.899   0.172819 -0.0721443   -0.31564  0.0143958 -0.0121175 0.00962451 0 0 0   -0.011 -0.02329  0.04412  0.00387778  0.00968185 -0.00210204 0.000562411 -0.00211098 -0.00376347 -0.000102928  -0.00815845 -0.000448779   1.54853 0.0940784  -9.68554 
             104.999     0.0096 -0.0634202  -0.255167 0.0146833 -0.010135 0.0101132 0 0 0   -0.011 -0.02329  0.04412  0.00335421   0.0150168 -0.00102416 0.000665007 -0.00211419 -0.00379825   -9.307e-05   -0.0081862 -0.000494826   1.54853 0.0940822  -9.68554 
             105.099   0.287439 -0.0842309   -0.26382  0.0156081 -0.0113394  0.0151171 0 0 0   -0.011 -0.02329  0.04412 0.00338755  0.0045567 0.00781407 0.000493524 -0.00210233 -0.00379203 -0.000139008  -0.00805546 -0.000817432   1.54854 0.0940631  -9.68554 
             105.199 0.0486589  -0.11749 -0.349969  0.0169249 -0.0111838  0.0151515 0 0 0   -0.011 -0.02329  0.04412 0.00477779 0.00670242 0.00588168 0.000643096 -0.00208198 -0.00373769 -0.000208101  -0.00801332 -0.000768696  1.54855 0.094058 -9.68554 
             105.299  0.238273 -0.142848 -0.267282 0.0185289 -0.010122 0.0189793 0 0 0   -0.011 -0.02329  0.04412  0.0082814 0.00732447  0.0142323 0.000525607 -0.00206737 -0.00378926 -0.000339846  -0.00809832  -0.00104031   1.54857 0.0940708  -9.68553 
             105.399  0.220488 -0.124029 -0.285853    0.018036 -0.00886435   0.0190817 0 0 0   -0.011 -0.02329  0.04412 0.00311529 0.00431574 0.00920811 0.000537547 -0.00207675 -0.00377626 -0.000229833  -0.00810609 -0.000911036   1.54855 0.0940708  -9.68554 
             105.499  0.238422 -0.126737 -0.245772   0.0209312 -0.00822443   0.0214074 0 0 0   -0.011 -0.02329  0.04412 0.00838905 0.00279411  0.0118335 0.000530214   -0.002077 -0.00379683 -0.000421505  -0.00813066 -0.000997939   1.54858 0.0940763  -9.68553 
             105.599  0.254858 -0.178213 -0.278136    0.019288 -0.00805671   0.0208953 0 0 0   -0.011 -0.02329  0.04412  0.00042553 0.000934272  0.00910828 0.000522868 -0.00204278 -0.00377604 -0.000261122  -0.00812963 -0.000897784  1.54856 0.094075 -9.68554 
             105.699   0.354187 -0.0866319  -0.409844    0.018886 -0.00956545    0.019688 0 0 0   -0.011 -0.02329  0.04412 -0.000260836  -0.00659507   0.00522426 0.000464118 -0.00209874 -0.00369768 -0.000220551  -0.00804197 -0.000763001   1.54855 0.0940654  -9.68554 
             105.799  0.361189 -0.161187 -0.254831    0.023149 -0.00438891   0.0238775 0 0 0   -0.011 -0.02329  0.04412 0.00767197 0.00186297  0.0111602 0.000461651 -0.00205339 -0.00379155   -0.0005328   -0.0084406 -0.000994065   1.54859 0.0941175  -9.68553 
             105.899  0.168548 -0.128021 -0.335376   0.0217236 -0.00834019   0.0194134 0 0 0   -0.011 -0.02329  0.04412  0.00242598 -0.00636667  0.00151504 0.000577152 -0.00207272  -0.0037424 -0.000371396  -0.00812994 -0.000638143   1.54857 0.0940917  -9.68553 
                 106  0.125401 -0.163129 -0.332825  0.0195258 -0.0143872  0.0209823 0 0 0   -0.011 -0.02329  0.04412 -0.00461722  -0.0184472  0.00260296 0.000604183 -0.00205177 -0.00374294 -0.000210163  -0.00779093 -0.000735117   1.54855 0.0940375  -9.68554 
             106.099 0.0759369 -0.167454 -0.298823  0.0189953 -0.0168235  0.0211822 0 0 0   -0.011 -0.02329  0.04412 -0.00650293  -0.0189549  0.00204097 0.000634488 -0.00204924 -0.00376216 -0.000213583  -0.00774415 -0.000732781   1.54855 0.0940313  -9.68554 
             106.199  0.146168 -0.227119  -0.34108  0.0154942 -0.0211235  0.0240029 0 0 0   -0.011 -0.02329  0.04412 -0.0166583 -0.0253092 0.00593414 0.000590676 -0.00201409 -0.00373616 -2.92761e-05  -0.00760192 -0.000908393   1.54852 0.0940007  -9.68554 
             106.299  0.087981 -0.127245 -0.298774 0.0117696 -0.021151 0.0176978 0 0 0   -0.011 -0.02329  0.04412  -0.0210751  -0.0190354 -0.00616494 0.000625864 -0.00207412 -0.00376171  0.000147054  -0.00773098 -0.000469858   1.54851 0.0940432  -9.68554 
               106.4   0.10034 -0.117245 -0.360598  0.0122015 -0.0207277  0.0128894 0 0 0   -0.011 -0.02329  0.04412 -0.0146951 -0.0133897 -0.0142797 0.000617642 -0.00207934  -0.0037253 -3.51748e-05  -0.00788301 -0.000204883   1.54854 0.0940751  -9.68554 
             106.499 -0.0125038  -0.138834  -0.270031  0.0121121 -0.0188572  0.0138572 0 0 0   -0.011 -0.02329  0.04412  -0.0136343 -0.00362198 -0.00981441 0.000690843 -0.00206498 -0.00377654 -0.000147395  -0.00809084 -0.000357753   1.54855 0.0940977  -9.68554 
             106.599  0.272831   -0.1279 -0.428241  0.0132702 -0.0192282  0.0145971 0 0 0   -0.011 -0.02329  0.04412 -0.00890305 -0.00729209 -0.00765504 0.000520716 -0.00207306 -0.00367994 -0.000332352  -0.00812119 -0.000464279   1.54857 0.0940984  -9.68553 
             106.699 0.0702392 -0.113782 -0.315038  0.0144662 -0.0164857  0.0144242 0 0 0   -0.011 -0.02329  0.04412  -0.0048311  0.00244311 -0.00602162 0.000643542 -0.00208344 -0.00374856 -0.000490035  -0.00834156 -0.000505061   1.54859 0.0941268  -9.68553 
             106.799  0.293443 -0.106504 -0.323349   0.016339 -0.0171503  0.0171537 0 0 0   -0.011 -0.02329  0.04412 8.03065e-05 -0.00386306 -0.00108617 0.000509878 -0.00208785 -0.00374422 -0.000670652   -0.0083154 -0.000716355   1.54861 0.0941203  -9.68553 
               106.9 0.0778318 -0.108999 -0.309033  0.017142 -0.015773 0.0133015 0 0 0   -0.011 -0.02329  0.04412  0.00134755  0.00235921 -0.00727875 0.000642766 -0.00208663 -0.00375315 -0.000716829   -0.0084099 -0.000479571   1.54862 0.0941333  -9.68552 
                 107   0.241419 -0.0606304  -0.300526  0.0157445 -0.0131591  0.0112638 0 0 0   -0.011 -0.02329  0.04412 -0.00177781   0.0045373 -0.00987261 0.000545063 -0.00211572 -0.00375929 -0.000594049  -0.00858867 -0.000401007   1.54861 0.0941587  -9.68553 
             107.099   0.122427 -0.0549631  -0.318206  0.0157897 -0.0132853 0.00634032 0 0 0   -0.011 -0.02329  0.04412 0.000300664  0.00435545  -0.0190555 0.000617523 -0.00211976 -0.00374899 -0.000592431  -0.00854724 -9.33161e-05  1.54861 0.094155 -9.68553 
             107.197   0.115243 -0.0499294  -0.315849  0.0154545 -0.0136356 0.00827012 0 0 0   -0.011 -0.02329  0.04412 -0.00120001  0.00292887  -0.0117482 0.000623586 -0.00212299 -0.00375015 -0.000576634  -0.00850097  -0.00033576   1.54861 0.0941469  -9.68553 
             107.299  0.0898316 -0.0356907  -0.250559  0.0128577 -0.0147208 0.00637343 0 0 0   -0.011 -0.02329  0.04412  -0.00593748 -3.69949e-05   -0.0129137 0.000641303 -0.00213123 -0.00378822 -0.000408543  -0.00840266    -0.000334   1.54859 0.0941339  -9.68553 
             107.399   0.143158 -0.0178494  -0.372239  0.0141722 -0.0129077 0.00730784 0 0 0   -0.011 -0.02329  0.04412 -0.000964088   0.00354641  -0.00838834 0.000609895 -0.00214313 -0.00371585 -0.000541576   -0.0085324 -0.000471874   1.54861 0.0941506  -9.68553 
             107.499  0.128239 -0.125756 -0.298633  0.0145832 -0.0155644   0.013595 0 0 0   -0.011 -0.02329  0.04412 -0.00277333 -0.00304684  0.00408583 0.000619789  -0.0020778 -0.00375904 -0.000600793  -0.00834696 -0.000909606   1.54862 0.0941236  -9.68553 
             107.599   0.244542 -0.0110951  -0.354782  0.0159635 -0.0133643  0.0114281 0 0 0   -0.011 -0.02329  0.04412  0.00274316 0.000621415 0.000249629  0.00054859 -0.00214654 -0.00372376 -0.000706914   -0.0085187 -0.000746512   1.54863 0.0941479  -9.68552 
               107.7  0.153122 -0.114097 -0.342741 0.0161733 -0.014491 0.0141012 0 0 0   -0.011 -0.02329  0.04412 0.000787613 -0.00239223  0.00353558  0.00060617 -0.00208317 -0.00373139 -0.000709516  -0.00844656 -0.000906239   1.54863 0.0941375  -9.68552 
               107.8   0.119052 -0.0480602  -0.323804  0.0158613 -0.0136702  0.0143328 0 0 0   -0.011 -0.02329  0.04412 0.000913059 0.000378202  0.00383912 0.000632611 -0.00212266 -0.00374148 -0.000674451  -0.00850997 -0.000898936   1.54863 0.0941458  -9.68552 
               107.9  0.114235 -0.154801 -0.291176  0.0176896 -0.0132267  0.0158736 0 0 0   -0.011 -0.02329  0.04412 0.00275711 0.00119758 0.00484356 0.000635358  -0.0020567 -0.00376205 -0.000813342   -0.0085364 -0.000965453   1.54865 0.0941483  -9.68552 
             107.999   0.255356 -0.0382119  -0.290349  0.0174477 -0.0106734  0.0138286 0 0 0   -0.011 -0.02329  0.04412 0.00327442 0.00397606 0.00174241 0.000555403 -0.00212675 -0.00375939 -0.000764423  -0.00870807 -0.000806575   1.54864 0.0941724  -9.68552 
               108.1   0.31874 -0.148591 -0.386197  0.0179467 -0.0138683  0.0165554 0 0 0   -0.011 -0.02329  0.04412  0.00214581 -0.00556081  0.00615932 0.000516876 -0.00205878 -0.00370285 -0.000807862  -0.00845731  -0.00100054   1.54865 0.0941374  -9.68552 
             108.199  0.270161 -0.115298 -0.395211  0.0166795 -0.0148075  0.0185185 0 0 0   -0.011 -0.02329  0.04412 -0.00237975  -0.0090768  0.00773979 0.000552067 -0.00208536 -0.00369608 -0.000711978  -0.00848487  -0.00104983   1.54864 0.0941403  -9.68552 
             108.299  0.254244 -0.176055 -0.406921  0.0171559 -0.0178967  0.0227362 0 0 0   -0.011 -0.02329  0.04412 -0.00389571   -0.015262   0.0138408 0.000569087 -0.00204519 -0.00368772 -0.000784161  -0.00835495  -0.00127172  1.54865 0.094117 -9.68552 
               108.4  0.184761 -0.148657 -0.361642  0.0176353 -0.0145155  0.0230757 0 0 0   -0.011 -0.02329  0.04412 -0.00275991 -0.00495795   0.0118132 0.000613168 -0.00206115 -0.00371491 -0.000838457  -0.00866538  -0.00120921   1.54866 0.0941581  -9.68552 
             108.499  0.190911 -0.132328 -0.289137 0.0175815  -0.01519 0.0213666 0 0 0   -0.011 -0.02329  0.04412 -0.00303442 -0.00644249  0.00680631 0.000610677  -0.0020705 -0.00375546 -0.000850683  -0.00864815  -0.00103351   1.54866 0.0941633  -9.68552 
               108.6  0.135839 -0.180933 -0.387926  0.0188415 -0.0131963  0.0204816 0 0 0   -0.011 -0.02329  0.04412  -0.00083456 -0.000305394   0.00303809 0.000643322 -0.00204264 -0.00369402 -0.000957196  -0.00881055 -0.000940246   1.54868 0.0941855  -9.68552 
               108.7  0.244342 -0.167074 -0.280286  0.0177481 -0.0125497  0.0221272 0 0 0   -0.011 -0.02329  0.04412 -0.00489546 -0.00147125   0.0051073 0.000579054 -0.00205261 -0.00375889 -0.00088508 -0.00887187 -0.00103685   1.54867 0.0941904  -9.68552 
             108.799  0.236829  -0.11036 -0.318408  0.0182697 -0.0128307  0.0159902 0 0 0   -0.011 -0.02329  0.04412 -0.00173207 -0.00276389 -0.00663885 0.000580233 -0.00208808 -0.00373438 -0.000938349  -0.00884187 -0.000618835   1.54868 0.0942054  -9.68551 
               108.9  0.127088 -0.113267  -0.37839  0.0154328 -0.0153628  0.0148222 0 0 0   -0.011 -0.02329  0.04412   -0.009309 -0.00732488 -0.00838774 0.000641902 -0.00208432 -0.00369893 -0.000744114  -0.00867562 -0.000589596   1.54865 0.0941895  -9.68552 
             108.999   0.137212 -0.0967885  -0.314993  0.0181296 -0.0126411  0.0149444 0 0 0   -0.011 -0.02329  0.04412 -0.00101976 0.000152756 -0.00600436 0.000639857 -0.00209506 -0.00373546  -0.00101333  -0.00892124 -0.000666653   1.54869 0.0942126  -9.68551 
             109.099 0.0541896 -0.049539 -0.404757  0.0155134 -0.0157708  0.0131565 0 0 0   -0.011 -0.02329  0.04412 -0.00687693  -0.0047911 -0.00863026 0.000693066 -0.00212155 -0.00368083 -0.000824888  -0.00868985 -0.000590039   1.54867 0.0941892  -9.68552 
             109.199 0.0162736 -0.121328 -0.272335 0.0166429 -0.012753 0.0126145 0 0 0   -0.011 -0.02329  0.04412 -0.00411703  0.00456966 -0.00757345 0.000720484 -0.00207935 -0.00375846   -0.0009598  -0.00891024 -0.000617729   1.54868 0.0942141  -9.68551 
             109.299   0.165949 -0.0952733  -0.346952  0.0182986 -0.0138005  0.0121909 0 0 0   -0.011 -0.02329  0.04412  0.000631099 -0.000376246  -0.00818168 0.000630336 -0.00209548  -0.0037149  -0.00110454  -0.00883071 -0.000633646    1.5487 0.0942018  -9.68551 
               109.4 0.00150562  -0.182004  -0.257295  0.0172239 -0.0142649  0.0134184 0 0 0   -0.011 -0.02329  0.04412 -0.00432523  0.00124383 -0.00552186 0.000734332 -0.00204258 -0.00376924  -0.00104286  -0.00878759 -0.000759881   1.54869 0.0941954  -9.68551 
               109.5   0.210853 -0.0549874   -0.31993  0.0160101 -0.0165329  0.0137203 0 0 0   -0.011 -0.02329  0.04412 -0.00565954 -0.00660818  -0.0037211 0.000610659 -0.00211792 -0.00372949 -0.000983187  -0.00865332  -0.00081204   1.54869 0.0941788  -9.68551 
               109.6  0.171576 -0.132238 -0.299178  0.0164314 -0.0147794  0.0150714 0 0 0   -0.011 -0.02329  0.04412  -0.0050819   -0.001924 -0.00121533 0.000634114 -0.00207365 -0.00374244  -0.00106821  -0.00881499 -0.000920282   1.54869 0.0941996  -9.68551 
             109.699   0.232608 -0.0349434  -0.321147  0.0172944 -0.0128119  0.0151715 0 0 0   -0.011 -0.02329  0.04412 -0.000899869   0.00150061  0.000315807 0.000598486 -0.00213217  -0.0037296   -0.0011574  -0.00897032 -0.000934277    1.5487 0.0942196  -9.68551 
               109.8   0.101593 -0.0814595  -0.268668  0.0151292 -0.0150256  0.0154488 0 0 0   -0.011 -0.02329  0.04412 -0.00796414 -0.00367494 0.000453499 0.000675744 -0.00210199 -0.00376226 -0.000967826  -0.00878661 -0.000953022   1.54868 0.0941953  -9.68551 
             109.899  0.312619 -0.124461 -0.351991  0.0157417 -0.0163286  0.0162154 0 0 0   -0.011 -0.02329  0.04412 -0.00607836 -0.00920731  0.00252089 0.000541577 -0.00207356 -0.00370869  -0.00109256  -0.00876352 -0.000992276    1.5487 0.0941937  -9.68551 
                 110  0.148361 -0.122255 -0.308649  0.0152017 -0.0152168  0.0185649 0 0 0   -0.011 -0.02329  0.04412 -0.00661226 -0.00347573  0.00557402 0.000647328 -0.00207323 -0.00373192 -0.00112828 -0.00890373 -0.00111097    1.5487 0.0942102  -9.68551 
               110.1  0.248038 -0.107879 -0.336291  0.0147254 -0.0149285   0.016476 0 0 0   -0.011 -0.02329  0.04412   -0.0061871  -0.00530184 -0.000352364 0.000589253 -0.00208243 -0.00371524  -0.00113747  -0.00895909 -0.000951908    1.5487 0.0942203  -9.68551 
             110.199   0.15506 -0.135843 -0.315388 0.0154291 -0.012658 0.0178473 0 0 0   -0.011 -0.02329  0.04412 -0.0043332 0.00113563 0.00227689 0.000648092 -0.00206607 -0.00372636  -0.0012328 -0.00913376 -0.00103673   1.54871 0.0942395  -9.68551 
               110.3  0.227962 -0.115398  -0.27598  0.0139057 -0.0159429  0.0151955 0 0 0   -0.011 -0.02329  0.04412 -0.00653913 -0.00860625 -0.00371978 0.000607644  -0.0020761 -0.00375026  -0.00115995  -0.00892523 -0.000868072    1.5487 0.0942195  -9.68551 
             110.399  0.066694 -0.179565 -0.236435  0.0150365 -0.0177383  0.0199931 0 0 0   -0.011 -0.02329  0.04412 -0.00544153 -0.00889737  0.00422535 0.000699736 -0.00204088 -0.00377405 -0.00130904 -0.00886881 -0.00117617   1.54872 0.0942017  -9.68551 
             110.499  0.217215 -0.136561  -0.26304  0.0139738 -0.0185144  0.0167815 0 0 0   -0.011 -0.02329  0.04412 -0.00731857  -0.0111091 -0.00186636 0.000611386 -0.00206823 -0.00375597  -0.00125639  -0.00886686 -0.000954791   1.54872 0.0942093  -9.68551 
               110.6  0.285404 -0.136117 -0.362313  0.0115921 -0.0220272  0.0154748 0 0 0   -0.011 -0.02329  0.04412  -0.0114442  -0.0189305 -0.00430903 0.000569513 -0.00206958 -0.00369633  -0.00114981  -0.00873895 -0.000893672    1.5487 0.0941948  -9.68551 
             110.699   0.231085 -0.0473642  -0.232708  0.0110358 -0.0214257  0.0102849 0 0 0   -0.011 -0.02329  0.04412 -0.00906312  -0.0147644  -0.0121923 0.000602658 -0.00212053 -0.00377233  -0.00116889  -0.00888146 -0.000599924  1.54871 0.094223 -9.68551 
               110.8  0.327305 -0.049072 -0.411584  0.0133698 -0.0203531  0.0105297 0 0 0   -0.011 -0.02329  0.04412 -0.00150945  -0.0120432  -0.0116585 0.000550247  -0.0021184 -0.00366541  -0.00139538  -0.00900262 -0.000636792   1.54873 0.0942397  -9.68551 
             110.899  0.0829062 -0.0575423  -0.254865  0.0144267 -0.0184324 0.00728419 0 0 0   -0.011 -0.02329  0.04412  0.00244849 -0.00312412  -0.0140374 0.000705594 -0.00211496 -0.00376599  -0.00147433  -0.00921179 -0.000558224   1.54874 0.0942693   -9.6855 
                 111   0.258388 -0.0483709   -0.35137  0.0115368 -0.0182497 0.00673886 0 0 0   -0.011 -0.02329  0.04412 -0.00527838 -0.00559882  -0.0118942  0.00060577 -0.00211855 -0.00370588  -0.00125759  -0.00928599 -0.000634701   1.54871 0.0942709  -9.68551 
               111.1   0.194797 -0.0237728  -0.323763  0.0135234 -0.0168402 0.00477569 0 0 0   -0.011 -0.02329  0.04412  0.00148396 -0.00171498  -0.0132578 0.000645489 -0.00213337 -0.00372231  -0.00142649  -0.00940839 -0.000589006   1.54873 0.0942903  -9.68551 
               111.2   0.259423 -0.0259101  -0.352982   0.013672 -0.0181625 0.00643792 0 0 0   -0.011 -0.02329  0.04412  0.00182607 -0.00597933 -0.00967617 0.000608101 -0.00213208 -0.00370496  -0.00143585  -0.00931297 -0.000717196   1.54873 0.0942743  -9.68551 
             111.299  0.0964043 -0.0500392  -0.310655  0.0132209 -0.0183105 0.00950569 0 0 0   -0.011 -0.02329  0.04412 -0.000220606  -0.00305306  -0.00235835 0.000715031 -0.00211948 -0.00373358  -0.00140663  -0.00936242 -0.000971278   1.54873 0.0942703  -9.68551 
             111.399   0.108882 -0.0982165  -0.256763  0.0126369 -0.0190196  0.0105666 0 0 0   -0.011 -0.02329  0.04412 -0.00219508 -0.00439899 -0.00125845 0.000706444 -0.00209352 -0.00376592 -0.00137396 -0.00934228  -0.0010514   1.54873 0.0942652  -9.68551 
               111.5    0.138164 0.000555086   -0.283681  0.0109902 -0.0171546 0.00726518 0 0 0   -0.011 -0.02329  0.04412 -0.00354205 0.000281846 -0.00586718 0.000690862 -0.00215214 -0.00374557  -0.00127054  -0.00948019 -0.000865775   1.54872 0.0942858  -9.68551 
             111.599   0.151687 -0.0440224  -0.315951  0.0144307 -0.0177273 0.00661715 0 0 0   -0.011 -0.02329  0.04412  0.00588855 -0.00133649 -0.00699909 0.000685839 -0.00212673  -0.0037239  -0.00152321  -0.00944274 -0.000854655   1.54874 0.0942836   -9.6855 
               111.7  0.340338 0.0243466 -0.415463  0.0101286 -0.0180798 0.00652686 0 0 0   -0.011 -0.02329  0.04412 -0.00410638 -0.00624992 -0.00549304 0.000570331 -0.00216793  -0.0036655  -0.00119375  -0.00945925 -0.000897535   1.54871 0.0942814  -9.68551 
               111.8   0.223811 -0.0314056  -0.292385 0.00680767 -0.0235979 0.00894499 0 0 0   -0.011 -0.02329  0.04412  -0.0109558  -0.0184633 -0.00161731 0.000643277  -0.0021347 -0.00373857 -0.000996071   -0.0091514  -0.00107205    1.5487 0.0942417  -9.68551 
               111.9   0.197555 -0.0668799  -0.271037 0.00911109 -0.0189223 0.00729059 0 0 0   -0.011 -0.02329  0.04412 -0.00329865 -0.00500772 -0.00389031 0.000664465 -0.00211306  -0.0037472  -0.00122535   -0.0095615 -0.000983314   1.54872 0.0942913  -9.68551 
                 112  0.230992 -0.132254 -0.253472 0.00961953 -0.0172013   0.013162 0 0 0   -0.011 -0.02329  0.04412 -0.00339958 -0.00154806   0.0072456 0.000645078  -0.0020769 -0.00375801 -0.00126979 -0.00972613 -0.00137405   1.54874 0.0943006   -9.6855 
               112.1  0.151624 -0.111286 -0.257142 0.00802204 -0.0169748  0.0138945 0 0 0   -0.011 -0.02329  0.04412   -0.0073535 -0.000826904   0.00825406 0.000692303 -0.00208856 -0.00375556 -0.00118263 -0.00975053 -0.00137933   1.54873 0.0943032  -9.68551 
             112.199 0.0388064 -0.116253 -0.175665  0.0103394 -0.0144849  0.0146335 0 0 0   -0.011 -0.02329  0.04412 -0.00105589  0.00711188   0.0079685 0.000761856 -0.00208549 -0.00380298 -0.00140559 -0.00991461 -0.00138096   1.54875 0.0943234   -9.6855 
             112.299  0.0588217 -0.0618618  -0.250293 0.00999039 -0.0160417  0.0092749 0 0 0   -0.011 -0.02329  0.04412 0.000783835  0.00285691 -0.00349567 0.000746144 -0.00211944 -0.00375594 -0.00137394 -0.00972062 -0.00102792   1.54874 0.0943112   -9.6855 
             112.399 0.000578736 -0.00489626   -0.200109  0.0106483  -0.016226 0.00352214 0 0 0   -0.011 -0.02329  0.04412 0.00486847 0.00408225 -0.0120379 0.000776287 -0.00215175 -0.00378437  -0.00139485  -0.00966115 -0.000714037   1.54873 0.0943109  -9.68551 
             112.499 0.0530581 0.0339385 -0.316371  0.00968991  -0.0178534 -0.00105072 0 0 0   -0.011 -0.02329  0.04412  0.00453802 0.000590648   -0.018317 0.000746779 -0.00217284 -0.00371484  -0.00128772  -0.00953293 -0.000521908   1.54872 0.0942943  -9.68551 
               112.6 0.0634441 0.0632538 -0.196556   0.0124618  -0.0158352 -0.00272191 0 0 0   -0.011 -0.02329  0.04412  0.0119269  0.0050362 -0.0172529 0.000738114 -0.00218915 -0.00378673  -0.00143177  -0.00964476 -0.000533175   1.54873 0.0943128  -9.68551 
               112.7   0.219037 -0.0108083   -0.25849    0.0128558   -0.0164886 -0.000511093 0 0 0   -0.011 -0.02329  0.04412     0.010315 -0.000527922   -0.0122354 0.000647476 -0.00214408 -0.00374771  -0.00138206   -0.0096004 -0.000754577   1.54874 0.0943082   -9.6855 
               112.8 -0.0955164   0.097101  -0.148057    0.013692  -0.0138552 -0.00283459 0 0 0   -0.011 -0.02329  0.04412  0.0137936  0.0102256 -0.0134229 0.000830908 -0.00220716 -0.00381277 -0.00135325 -0.00972971 -0.00069608   1.54872 0.0943204  -9.68551 
               112.9  0.0231631 -0.0495076  -0.188662   0.0129767  -0.0148357 0.000977808 0 0 0   -0.011 -0.02329  0.04412  0.00861952  0.00609889 -0.00665074  0.00076344 -0.00211932 -0.00378524  -0.00126963  -0.00964668 -0.000950177  1.54873 0.094313 -9.68551 
             113.001 0.0901974 0.0937468 -0.252419  0.0108764 -0.0134638 0.00546687 0 0 0   -0.011 -0.02329  0.04412 0.00321058 0.00751782 0.00288773 0.000723958 -0.00220743 -0.00374609 -0.00107382  -0.0097169 -0.00123485   1.54872 0.0943184  -9.68551 
               113.1  0.0730268 -0.0167152  -0.293794  0.0126762 -0.0148189 0.00700388 0 0 0   -0.011 -0.02329  0.04412 0.00551539 0.00438185   0.005305 0.000737776  -0.0021415 -0.00372153 -0.00115244 -0.00955342 -0.00128692   1.54874 0.0943066   -9.6855 
             113.201   0.156158 -0.0103547  -0.318801 0.00709395 -0.0161242  0.0133717 0 0 0   -0.011 -0.02329  0.04412 -0.00780678 -0.00135747   0.0139666  0.00069141 -0.00214453 -0.00370456 -0.000738996   -0.0094807  -0.00159972   1.54873 0.0942897  -9.68551 
               113.3  0.162153 -0.100451 -0.346464 0.00972746  -0.017261   0.020078 0 0 0   -0.011 -0.02329  0.04412 -0.00321997 -0.00361356   0.0230775 0.000687032 -0.00209205 -0.00368672 -0.00096658 -0.00940345 -0.00190033   1.54877 0.0943038   -9.6855 
             113.401 0.0219882 -0.290299   -0.3247 0.0154191 -0.018186 0.0250863 0 0 0   -0.011 -0.02329  0.04412  0.00489745 -0.00168698   0.0263671 0.000771386 -0.00198322 -0.00369954 -0.00137556  -0.0093358 -0.00203337   1.54882 0.0943152  -9.68549 
               113.5  0.145234 -0.146672 -0.389604  0.0142796 -0.0175857  0.0247084 0 0 0   -0.011 -0.02329  0.04412  0.000831306 -0.000794312    0.0213513 0.000698892 -0.00206648 -0.00366093 -0.00126655 -0.00939575 -0.00188188    1.5488 0.0943144  -9.68549 
             113.601 0.0481456 -0.235321 -0.381963  0.0151617 -0.0151459  0.0257715 0 0 0   -0.011 -0.02329  0.04412 -0.000153839   0.00698773    0.0192986  0.00075669 -0.00201739 -0.00366502 -0.00133457  -0.0095389 -0.00181121    1.5488 0.0943284  -9.68549 
               113.7 0.0268215 -0.333894 -0.349861  0.0150205 -0.0155502    0.02802 0 0 0   -0.011 -0.02329  0.04412 -0.00440578   0.0060437   0.0202991 0.000767663 -0.00195891 -0.00368347 -0.00133515 -0.00947994 -0.00188357   1.5488 0.094324 -9.68549 
               113.8  0.284384 -0.202848 -0.355134  0.0158069 -0.0152503  0.0264268 0 0 0   -0.011 -0.02329  0.04412 -0.00180266  0.00302236    0.015223  0.00061617 -0.00203844 -0.00368082 -0.00141334 -0.00948455 -0.00168957   1.54881 0.0943178  -9.68549 
             113.901  0.168356 -0.161718 -0.365925  0.0126928 -0.0156755  0.0248214 0 0 0   -0.011 -0.02329  0.04412 -0.00899238  0.00110512  0.00921679 0.000683173  -0.0020597 -0.00367366 -0.00118619 -0.00942569 -0.00152992   1.54878 0.0943125   -9.6855 
             113.999  0.173741  -0.20404 -0.383608 0.0116844 -0.016982 0.0188462 0 0 0   -0.011 -0.02329  0.04412 -0.00994151 -0.00269528 -0.00494224 0.000682098 -0.00203098 -0.00366169 -0.00123044 -0.00934344 -0.00114113   1.54879 0.0942947   -9.6855 
               114.1  0.321393 -0.084263 -0.390437 0.00916875 -0.0180786  0.0189875 0 0 0   -0.011 -0.02329  0.04412  -0.0123408  -0.0092246 -0.00450097 0.000598105 -0.00210188 -0.00365475 -0.00111527 -0.00931792  -0.0011771   1.54878 0.0942959   -9.6855 
             114.201 0.0926848 -0.203705 -0.324259  0.0153392 -0.0187574  0.0174669 0 0 0   -0.011 -0.02329  0.04412  0.00402051 -0.00732266 -0.00604876 0.000736746  -0.0020332 -0.00369146 -0.00160783 -0.00929066 -0.00107766   1.54884 0.0942761  -9.68549 
               114.3 0.0635749 -0.168132 -0.330857  0.0144499 -0.0173342  0.0157778 0 0 0   -0.011 -0.02329  0.04412 -0.000621056 -0.000773956  -0.00837132  0.00075788 -0.00205385 -0.00368635 -0.00152743 -0.00942438  -0.0010567   1.54883 0.0942932  -9.68549 
             114.401 0.0296168  -0.22691 -0.291515  0.0155663 -0.0157421  0.0169278 0 0 0   -0.011 -0.02329  0.04412 -0.000915284   0.00481289  -0.00559472 0.000780869 -0.00202013 -0.00370971 -0.00162804 -0.00952651 -0.00116945   1.54884 0.0942992  -9.68549 
             114.501   0.100458 -0.0687301  -0.354713  0.0146223 -0.0140884  0.0149648 0 0 0   -0.011 -0.02329  0.04412 -0.000968444   0.00441307  -0.00795697 0.000742048 -0.00211242 -0.00367068 -0.00155514 -0.00958965 -0.00109401   1.54884 0.0943089  -9.68549 
             114.601 0.0902776 -0.118811 -0.340359  0.0137502 -0.0139777  0.0111344 0 0 0   -0.011 -0.02329  0.04412 -0.00319151  0.00589749  -0.0138529 0.000740801 -0.00207848 -0.00367689  -0.00150122  -0.00954851 -0.000922686   1.54884 0.0943069  -9.68549 
               114.7   0.220828 -0.0369548  -0.341058  0.0143461 -0.0154293  0.0144993 0 0 0   -0.011 -0.02329  0.04412 -0.000897484  -0.00101597  -0.00633315 0.000661086 -0.00212672 -0.00367581 -0.00157061 -0.00944929 -0.00118849   1.54884 0.0942946  -9.68549 
               114.8  -0.0446501 -0.00683695   -0.269979 0.00975778 -0.0157543 0.00978116 0 0 0   -0.011 -0.02329  0.04412 -0.00927031  0.00138852  -0.0129914 0.000819002 -0.00214221 -0.00371526   -0.0012535  -0.00940018 -0.000959654   1.54881 0.0942937  -9.68549 
             114.901    0.359201 -0.00954943    -0.31422 0.00911753 -0.0178603  0.0117967 0 0 0   -0.011 -0.02329  0.04412 -0.00884047 -0.00970127 -0.00738787 0.000586038 -0.00213944 -0.00368879 -0.00128314 -0.00930198  -0.0011412   1.54881 0.0942834  -9.68549 
             115.001 0.0751042 0.0167878 -0.278474 0.00658492 -0.0189143  0.0133706 0 0 0   -0.011 -0.02329  0.04412  -0.0140909 -0.00950545 -0.00431121 0.000754648 -0.00215434 -0.00370979 -0.00111492  -0.0092395 -0.00125972  1.54879 0.094278  -9.6855 
             115.101   0.164317 -0.0750889  -0.255556 0.00755038 -0.0199015  0.0104985 0 0 0   -0.011 -0.02329  0.04412  -0.0070636  -0.0100534 -0.00819989  0.00070179 -0.00209998 -0.00372411 -0.00131482 -0.00928387 -0.00114932   1.54881 0.0942822  -9.68549 
             115.201 0.0698597 -0.074458 -0.266493 0.00756421 -0.0183305 0.00927181 0 0 0   -0.011 -0.02329  0.04412 -0.00683888 -0.00412968  -0.0105015 0.000765473 -0.00209894 -0.00371567 -0.00131698 -0.00940222 -0.00107497   1.54881 0.0942949  -9.68549 
             115.301  0.201291 -0.109689 -0.264104 0.00805142 -0.0167883  0.0147526 0 0 0   -0.011 -0.02329  0.04412 -0.00571546 -0.00386586 -0.00102904 0.000670686 -0.00207557 -0.00371737 -0.00145298 -0.00957674 -0.00143548   1.54882 0.0943131  -9.68549 
             115.401  0.231748 0.0977459 -0.330451 0.0100527 -0.015644 0.0121484 0 0 0   -0.011 -0.02329  0.04412  0.00555908 -0.00227448 -0.00408441 0.000655967 -0.00219554  -0.0036775 -0.00156608 -0.00966777 -0.00129757   1.54883 0.0943267  -9.68549 
             115.501   0.153169 -0.0720031  -0.308312 0.00996774 -0.0164812  0.0128606 0 0 0   -0.011 -0.02329  0.04412  0.00315687 -0.00398308 -0.00327452 0.000699337 -0.00209854 -0.00368947 -0.00154918 -0.00962459 -0.00135055  1.54883 0.094321 -9.68549 
             115.601  0.147653 0.0220571 -0.429451 0.00970946 -0.0191688  0.0107938 0 0 0   -0.011 -0.02329  0.04412  0.00391092 -0.00844015 -0.00497413 0.000698886 -0.00215337 -0.00361952 -0.00149821 -0.00949852 -0.00126253   1.54883 0.0943086  -9.68549 
             115.701   0.133599 -0.0679395  -0.415882  0.0104919 -0.0191998  0.0127297 0 0 0   -0.011 -0.02329  0.04412   0.00316962  -0.00662737 -0.000917712 0.000708761 -0.00210032 -0.00362799 -0.00153298 -0.00955333 -0.00139757   1.54883 0.0943115  -9.68549 
               115.8 0.0586076 0.0163941 -0.300037 0.00800585 -0.0206741  0.0082903 0 0 0   -0.011 -0.02329  0.04412 -0.000711132  -0.00741048  -0.00809539 0.000754567 -0.00214917 -0.00369555 -0.00135315 -0.00948202 -0.00116369   1.54881 0.0943104  -9.68549 
             115.901 0.0496926 -0.116793 -0.380376 0.00650813 -0.0220742  0.0112609 0 0 0   -0.011 -0.02329  0.04412 -0.00543018 -0.00948852 -0.00242873 0.000764465 -0.00207286 -0.00364597 -0.00127708  -0.0094508 -0.00137308   1.54881 0.0943038  -9.68549 
             116.001 0.0837452 -0.163453 -0.265821 0.00710299 -0.0201402  0.0178494 0 0 0   -0.011 -0.02329  0.04412  -0.00684811 -0.000367704   0.00887873 0.000749553 -0.00204501 -0.00371105 -0.00135399 -0.00963997 -0.00174818   1.54884 0.0943148  -9.68549 
             116.101 0.0735647 -0.165251 -0.317485 0.00637726 -0.0183449  0.0196627 0 0 0   -0.011 -0.02329  0.04412 -0.00915497  0.00207771   0.0117111 0.000751029  -0.0020468 -0.00368061 -0.00129926 -0.00978171 -0.00185709   1.54884 0.0943294  -9.68549 
             116.201  0.269732 -0.196856 -0.309761 0.00651697 -0.0151954   0.028552 0 0 0   -0.011 -0.02329  0.04412 -0.0104191 0.00646973   0.023912 0.000628208  -0.0020301 -0.00368281 -0.00137013 -0.00999875 -0.00227746   1.54886 0.0943454  -9.68548 
             116.301 0.0237944 -0.228071 -0.256975 0.00759353 -0.0116801  0.0301833 0 0 0   -0.011 -0.02329  0.04412 -0.00830938    0.016396   0.0231202 0.000772754   -0.002008 -0.00371359 -0.00151716  -0.0101795 -0.00224546   1.54888 0.0943613  -9.68548 
             116.401  0.321691 -0.255562 -0.277687 0.00753643 -0.0109149  0.0370423 0 0 0   -0.011 -0.02329  0.04412 -0.0103608 0.00714751   0.024715 0.000603151 -0.00198745 -0.00370362 -0.00163874  -0.0101336 -0.00238002    1.5489 0.0943545  -9.68548 
             116.501  0.349463   -0.1955 -0.200517 0.00791459 -0.0138656  0.0360644 0 0 0   -0.011 -0.02329  0.04412 -0.00912542 -0.00503384   0.0196958 0.000583986 -0.00202497 -0.00374567 -0.00172295 -0.00993714 -0.00218312    1.5489 0.0943363  -9.68548 
               116.6  0.264913 -0.251103 -0.218433  0.0093172 -0.0153199  0.0363053 0 0 0   -0.011 -0.02329  0.04412   -0.008559 -0.00848896   0.0188382 0.000643324 -0.00198975 -0.00373389  -0.0018602 -0.00987548 -0.00208756   1.54892 0.0943332  -9.68548 
             116.701   0.37415 -0.202851 -0.264038 0.00787366 -0.0150584  0.0378583 0 0 0   -0.011 -0.02329  0.04412 -0.0110592 -0.0112016  0.0182907 0.000584549 -0.00201868 -0.00370708 -0.00180127 -0.00994254 -0.00211142   1.54891 0.0943379  -9.68548 
             116.801  0.354108   -0.1725 -0.251308 0.00896071  -0.015224  0.0319414 0 0 0   -0.011 -0.02329  0.04412 -0.00862444  -0.0098516   0.0101119 0.000591915  -0.0020414 -0.00371496 -0.00187763 -0.00995195 -0.00174123  1.54893 0.094354 -9.68547 
               116.9   0.516126 -0.0855295  -0.190627 0.00509341 -0.0136761  0.0285825 0 0 0   -0.011 -0.02329  0.04412  -0.0817188 -0.00863441   0.0753889 0.000483981 -0.00210362 -0.00374769 -0.00185788  -0.0101444 -0.00140405  1.54894 0.094387 -9.68547 
             117.001  0.990985 -0.280435 -0.754929 0.00219678 -0.0134906  0.0372106 0 0 0   -0.011 -0.02329  0.04412  -0.151982 -0.0455022    0.14452 0.000148553 -0.00217308 -0.00413493 -0.00203907  -0.0102876  -0.0016067   1.54894 0.0943948  -9.68547 
             117.099   1.07233 -0.165944  -1.28946 -0.00549191 -0.00795656   0.0258194 0 0 0   -0.011 -0.02329  0.04412  -0.136103 -0.0522775   0.182411 0.000289526 -0.00294163  -0.0043416  -0.00204899   -0.0107603 -0.000453485   1.54899 0.0945169  -9.68546 
               117.2  1.74114 -2.47584 -2.58725   0.0178768 -0.00964204   0.0535137 0 0 0   -0.011 -0.02329  0.04412  0.0888776 -0.0592376   0.269692 0.000658718 -0.00398118  -0.0041293  -0.0029637  -0.0111266 0.000256507  1.54915 0.094569 -9.68544 
               117.3  3.94124 -6.29222 -6.18832 -0.0169412 -0.0143999  0.0768087 0 0 0   -0.011 -0.02329  0.04412 -0.0712438 -0.0356003    0.34843 0.000223962 -0.00195077 -0.00453176 -0.00120648  -0.0104079 0.000352983   1.54894 0.0953186  -9.68546 
             117.401  4.00288 -5.98085 -7.61317 -0.0469395 -0.0111082   0.116413 0 0 0   -0.011 -0.02329  0.04412  -0.11487 0.0195469  0.446142 0.000315046 -0.00206749 -0.00474651 0.000156851 -0.00963428 0.000806692   1.54904 0.0963272  -9.68544 
               117.5  3.90097 -5.75053 -9.47656 -0.0651372 -0.0139815   0.159653 0 0 0   -0.011 -0.02329  0.04412   -0.118244 0.000940969    0.478966 -0.00037514 -0.00239972 -0.00440247 0.000399233 -0.00877222 0.000955181   1.54877 0.0970695  -9.68547 
               117.6  2.66396  -5.7611 -10.6492 -0.0708532 -0.0158336   0.177385 0 0 0   -0.011 -0.02329  0.04412  -0.116238 -0.0385562   0.462326 -0.000757343  -0.00240549  -0.00379246  0.00137332 -0.00812906  0.00243278   1.54984 0.0976565  -9.68529 
             117.701 0.978644 -5.94063 -10.3339 -0.0834092 -0.0139769   0.189224 0 0 0   -0.011 -0.02329  0.04412  -0.119158 -0.0491501   0.457897 -0.000455719  -0.00265682  -0.00367478  0.00300575 -0.00627427  0.00329537   1.55092 0.0996231   -9.6851 
               117.8 -0.170935  -5.32695  -10.1612 -0.0926254  -0.015939   0.197952 0 0 0   -0.011 -0.02329  0.04412 -0.0887548 -0.0501058   0.433702 0.000201027 -0.00338106 -0.00349388 0.00427208  -0.004335 0.00432738  1.55179 0.101479 -9.68494 
               117.9 0.266583 -6.18151 -9.79759  -0.104855 -0.0134415   0.251681 0 0 0   -0.011 -0.02329  0.04412 -0.0479156 -0.0901174   0.342327 0.000107247 -0.00324283 -0.00335769  0.00810494 -0.00354032  0.00567566  1.55536  0.10292 -9.68436 
             118.001 0.433652 -8.49296 -7.60259  -0.131096 -0.0114848   0.276335 0 0 0   -0.011 -0.02329  0.04412 -0.0804916  -0.131139   0.273966 -5.31388e-05   -0.0030254  -0.00339029  0.0126827 0.00160357 0.00663688  1.55866 0.108566 -9.68376 
               118.1 -0.633583   -8.1914  -6.98722  -0.15136 -0.015335  0.313023 0 0 0   -0.011 -0.02329  0.04412 -0.0730996  -0.115127   0.270087 0.000657494 -0.00353297 -0.00332178  0.0131731 0.00432004 0.00604585  1.55838 0.111483 -9.68377 
             118.201 -1.17727 -8.39236 -6.46702   -0.172654 -0.00812712    0.352884 0 0 0   -0.011 -0.02329  0.04412 -0.0691185 -0.0706836   0.249444  0.00105468 -0.00349037 -0.00351229  0.0159909 0.00623868 0.00578392  1.56045 0.114213 -9.68341 
             118.301 -1.96111 -9.41331 -6.38988   -0.186378 -0.00536936    0.376108 0 0 0   -0.011 -0.02329  0.04412 -0.0624176 -0.0401636   0.222613  0.00122838 -0.00292553 -0.00356414  0.0177661 0.00736696 0.00594742  1.56183 0.115712 -9.68317 
             118.401 -4.30161 -9.53728 -6.59925   -0.19608 -0.0126711   0.396439 0 0 0   -0.011 -0.02329  0.04412 0.0135342 0.0144146  0.168242  0.00231016 -0.00313157 -0.00363875  0.0163231 0.00948237 0.00569675     1.56 0.117354 -9.68345 
             118.499 -4.52859 -9.66277  -6.4483   -0.199184 -0.00280119     0.41827 0 0 0   -0.011 -0.02329  0.04412 0.0498945 0.0693679  0.122131  0.00196094 -0.00274298 -0.00403663  0.0167937 0.00973597 0.00539242  1.56026 0.117991  -9.6834 
             118.601 -7.46601  -9.6235 -6.73741   -0.211136 -0.00155257     0.43798 0 0 0   -0.011 -0.02329  0.04412 -0.0155108  0.0946283   0.073264  0.00244779 -0.00179891 -0.00375967  0.0147711  0.0114483 0.00452229  1.55778 0.119453 -9.68378 
               118.7 -9.60376 -8.70383 -6.78211   -0.222427 -0.00126365    0.450851 0 0 0   -0.011 -0.02329  0.04412 -0.0109888   0.118828  0.0661939  0.00270697 -0.00177106 -0.00368577  0.0129643  0.0130729 0.00393953  1.55561  0.12064 -9.68411 
               118.8 -11.5205 -8.78339 -6.72541 -0.218576  0.022814  0.455891 0 0 0   -0.011 -0.02329  0.04412 0.0525636   0.22912  0.106843  0.00313285 -0.00205607 -0.00380822   0.014144  0.0131731 0.00417689  1.55669 0.121066 -9.68393 
             118.901  -12.198 -8.29571 -6.85376 -0.231666 0.0379942  0.485072 0 0 0   -0.011 -0.02329  0.04412 0.0320061  0.253605  0.165922  0.00287851 -0.00271508 -0.00377933  0.0122997  0.0163923 0.00305997  1.55403 0.124302 -9.68432 
                 119 -12.4936 -8.61054  -6.8046 -0.232105 0.0816787  0.517473 0 0 0   -0.011 -0.02329  0.04412  0.06197 0.372857 0.186848  0.00305847  -0.0034018 -0.00388032  0.0120315  0.0177679 0.00295575  1.55336 0.125442 -9.68441 
               119.1 -11.9891 -13.8734 -6.51131 -0.217178  0.102368  0.549132 0 0 0   -0.011 -0.02329  0.04412 0.238328  0.35852 0.094926  0.00310448 -0.00396299 -0.00486176 0.00871402  0.0194389 0.00188696  1.55019 0.126726  -9.6849 
             119.201 -14.0682 -14.1553 -10.4128 -0.240976 0.0883804  0.564797 0 0 0   -0.011 -0.02329  0.04412  0.209406  0.301624 0.0817303   0.0024984 -0.00403232 -0.00480965 0.00608573  0.0229764 0.00103934  1.54662 0.129433 -9.68544 
               119.3  -14.009 -14.7034 -9.97154 -0.206868  0.143839  0.574984 0 0 0   -0.011 -0.02329  0.04412  0.304143  0.380786 0.0182612  0.00241132 -0.00359117 -0.00522318  0.00513823    0.024463 0.000733469  1.54525   0.1306 -9.68564 
               119.4  -13.763 -13.9854  -13.759 -0.209735  0.148096  0.598317 0 0 0   -0.011 -0.02329  0.04412   0.269521   0.341736 0.00625243  0.00209522 -0.00330958 -0.00436124 -0.000117402     0.029097 -0.000589385  1.53937 0.133986 -9.68653 
             119.499 -14.3097 -16.1548 -14.3921 -0.209122  0.154997  0.611388 0 0 0   -0.011 -0.02329  0.04412    0.282032    0.370348 -0.00976739  0.00264289  -0.0033569 -0.00349671 -0.00452818   0.0329831 -0.00149786  1.53443  0.13672 -9.68728 
               119.6 -14.6001 -17.0419 -13.5713 -0.189909   0.17486  0.621683 0 0 0   -0.011 -0.02329  0.04412   0.332217   0.442439 -0.0413302  0.00315589 -0.00337116 -0.00354043 -0.00917586   0.0360851 -0.00238063  1.52951 0.138807 -9.68802 
               119.7 -15.5135 -16.6074 -15.6143 -0.194245  0.204702  0.638767 0 0 0   -0.011 -0.02329  0.04412   0.255229   0.547619 -0.0157998  0.00287371 -0.00259788 -0.00318512  -0.0153736   0.0432185 -0.00391302  1.52286 0.145091 -9.68898 
             119.799 -16.3191 -14.4104 -16.8484  -0.1898 0.248639 0.626304 0 0 0   -0.011 -0.02329  0.04412   0.189846   0.652701 -0.0264362  0.00182828 -0.00228574 -0.00394758  -0.0155269   0.0426652 -0.00341169  1.52228 0.143829 -9.68909 
               119.9   -18.24 -12.6515 -17.6526 -0.20574  0.22901 0.624365 0 0 0   -0.011 -0.02329  0.04412   0.164095   0.585796 -0.0312908  0.00106198 -0.00248804 -0.00491063  -0.0188639   0.0441732 -0.00354834  1.51845 0.144308 -9.68968 
                 120 -18.5351 -11.9266 -17.9663 -0.203447  0.290073  0.609409 0 0 0   -0.011 -0.02329  0.04412   0.195573   0.579919 -0.0780119  0.00116782 -0.00293284 -0.00498775  -0.0202079   0.0463279 -0.00341905  1.51654 0.145739 -9.68996 
               120.1  -20.529 -13.4773 -22.4433 -0.182054  0.320761  0.598715 0 0 0   -0.011 -0.02329  0.04412 0.148786 0.219423 -0.03607 -0.000157785  -0.00310847   -0.0059251   -0.024424   0.0449524 -0.00352474 1.51206 0.14331 -9.6907 
               120.2 -24.6357 -16.2532 -35.4261 -0.190448  0.299491  0.620119 0 0 0   -0.011 -0.02329  0.04412   0.122097  0.0118403 -0.0599629 -0.000105944   -0.0025958  -0.00651895  -0.0362015   0.0532156 -0.00563065  1.50018  0.15034 -9.69244 
               120.3 -25.8181 -15.9321 -43.0394 -0.20461 0.280774 0.650906 0 0 0   -0.011 -0.02329  0.04412  0.0988662 -0.0533376 -0.0263384 -0.000204363  -0.00243906  -0.00700693  -0.0470662   0.0651692 -0.00803394  1.48934  0.16155 -9.69393 
               120.4 -25.7202 -16.4351 -43.9137 -0.197803  0.253798  0.631934 0 0 0   -0.011 -0.02329  0.04412  0.186834 -0.140918 -0.170138 -0.000333051  -0.00213226  -0.00671352  -0.0489389    0.067777 -0.00818147  1.48725 0.163815 -9.69421 
               120.5 -26.5101 -9.62441 -57.1414 -0.197057  0.234976  0.619866 0 0 0   -0.011 -0.02329  0.04412   0.24229 -0.126187 -0.232763 -1.14347e-05  -0.00218326  -0.00655545  -0.0547424   0.0769605 -0.00915746  1.48125   0.1725 -9.69498 
               120.6 -25.8889 -5.40315 -63.1683 -0.200412  0.234303  0.599176 0 0 0   -0.011 -0.02329  0.04412   0.201166 -0.0880405  -0.275766 0.000705813 -0.00250525 -0.00610976  -0.0561246   0.0884432 -0.00939191  1.47955 0.183694 -9.69503 
               120.7 -25.7131 -3.89684 -66.7406 -0.190329   0.22349  0.583059 0 0 0   -0.011 -0.02329  0.04412  0.105742 -0.059138 -0.290762 0.000864287 -0.00232247 -0.00549978   -0.06207  0.0978574 -0.0107242  1.47386 0.192776 -9.69572 
               120.8 -24.8527 -3.32796 -70.3569 -0.181291  0.205221  0.555452 0 0 0   -0.011 -0.02329  0.04412  0.0553484 -0.0993633  -0.353699 0.000112828 -0.00302056 -0.00523849 -0.0650464  0.0952269 -0.0111177  1.47092 0.190144 -9.69622 
               120.9 -24.3777 -3.02727 -71.5474 -0.181968  0.208441  0.553005 0 0 0   -0.011 -0.02329  0.04412  0.0263352 -0.0867659  -0.365395 -0.000776458  -0.00282221  -0.00528668 -0.0628055  0.0981984 -0.0109738   1.4732 0.193103 -9.69582 
                 121 -24.5648 -3.42757 -72.0029 -0.179502  0.193211  0.486262 0 0 0   -0.011 -0.02329  0.04412   -0.02586 -0.0244247  -0.331597 -0.000728792  -0.00251346  -0.00507248 -0.0655142   0.098719 -0.0115894  1.47068 0.193533 -9.69619 
               121.1 -24.6323  -3.1379 -77.5538 -0.189947  0.209506  0.466439 0 0 0   -0.011 -0.02329  0.04412  -0.112019 -0.0213626  -0.201579 -0.00139782 -0.00255966  -0.0051951 -0.0537401   0.108091 -0.0101078   1.4823 0.202816 -9.69423 
               121.2 -23.7639 -3.01973 -80.0831 -0.19044 0.214519 0.467582 0 0 0   -0.011 -0.02329  0.04412  -0.117633 -0.0321383  -0.168869  -0.0014525  -0.0029384 -0.00553599    -0.04827    0.112405 -0.00952211  1.48774 0.207052 -9.69331 
             121.299 -23.7289 -3.44157 -81.2122 -0.220918  0.191149  0.467387 0 0 0   -0.011 -0.02329  0.04412 -0.214442 -0.233936  0.135413 -0.00128545 -0.00283166 -0.00498745 -0.0460137   0.116754  -0.009171  1.48995 0.211315 -9.69288 
             121.399  -19.0356 -0.954075  -87.6398 -0.224258  0.181592   0.47157 0 0 0   -0.011 -0.02329  0.04412 -0.176838 -0.148288   0.15164 -0.00103833 -0.00332316 -0.00496849   -0.034908    0.113472 -0.00754369  1.50079 0.208214 -9.69127 
               121.5 -18.0229   0.6983 -90.5913 -0.22474 0.182929 0.458924 0 0 0   -0.011 -0.02329  0.04412   -0.10652 0.00976794   0.181166 -9.56487e-05   -0.0022306  -0.00425259  -0.0285512    0.103135 -0.00583934  1.50664  0.19838 -9.69057 
               121.6 -15.5089  2.68034 -93.0568 -0.206969  0.193433  0.448844 0 0 0   -0.011 -0.02329  0.04412 -0.0478291   0.111802   0.160909 -0.000890301   -0.0025167  -0.00471201  -0.0162595   0.0863902 -0.00364167  1.51841 0.182239 -9.68905 
               121.7 -14.5114  3.05104 -94.5711 -0.188821   0.22167  0.440399 0 0 0   -0.011 -0.02329  0.04412 -0.0112765   0.188632   0.149837 -0.00105192 -0.00285605 -0.00434662 -0.000599168    0.0786315 -0.000784767  1.53351 0.174888 -9.68681 
             121.799 -14.8813  3.06703 -94.1018 -0.193088  0.258585  0.439772 0 0 0   -0.011 -0.02329  0.04412 -0.0856868   0.228699   0.181683 -0.00129344 -0.00349962 -0.00403363 0.00934734  0.0819312 0.00158829  1.54299 0.178352 -9.68524 
               121.9 -15.0601   2.9791 -93.4963 -0.195102  0.272304  0.448733 0 0 0   -0.011 -0.02329  0.04412 -0.111546  0.181906  0.261151 -0.00137302 -0.00388362 -0.00321846 0.00834398  0.0724492 0.00176459  1.54189 0.169178 -9.68558 
                 122 -15.8748   3.2549  -91.548 -0.196509  0.279211  0.461062 0 0 0   -0.011 -0.02329  0.04412 -0.147627  0.171669  0.349469 -0.00111875 -0.00319671 -0.00363271 0.00677693  0.0566072 0.00185321  1.54023 0.153792  -9.6861 
               122.1 -15.5365   4.0743 -91.3545 -0.192699   0.27467  0.493822 0 0 0   -0.011 -0.02329  0.04412 -0.155946  0.166343  0.410508 -0.00139588 -0.00255351 -0.00387857  0.00347844   0.0368197 0.000563243  1.53712 0.134292 -9.68688 
               122.2  -15.602  5.45791 -91.7465 -0.201086  0.282971  0.526533 0 0 0   -0.011 -0.02329  0.04412 -0.151203  0.166966  0.410776 -0.00100864  -0.0029309 -0.00384352   0.0018152   0.0280933 0.000500853  1.53546 0.125812 -9.68726 
             122.299 -15.3127  5.07782 -91.3467 -0.19816 0.292764 0.561716 0 0 0   -0.011 -0.02329  0.04412 -0.149028  0.164477  0.415614 -0.00102179 -0.00303198 -0.00402189  0.00741991   0.0208341 0.000807922  1.54104 0.118608 -9.68647 
               122.4 -14.9882  5.19277  -91.154 -0.199064  0.295828   0.60941 0 0 0   -0.011 -0.02329  0.04412 -0.12609 0.107263 0.425453 -0.00102698  -0.0035002 -0.00378298  0.00784113  0.00943349 0.000401672  1.54154 0.107368 -9.68652 
               122.5  -13.925  5.23232 -90.2885 -0.189017  0.293099  0.647232 0 0 0   -0.011 -0.02329  0.04412 -0.0770432   0.078255   0.398523 -0.000525292  -0.00353318   -0.0033925    0.010462  -0.0031013 0.000295048   1.54422 0.0950188  -9.68622 
               122.6 -12.0239  4.81534 -89.3215  -0.1872 0.300032 0.672867 0 0 0   -0.011 -0.02329  0.04412 -0.0250346  0.0598234   0.294354 0.000103638 -0.00329803 -0.00335684   0.0123278 -0.00664126 0.000933772   1.54602 0.0916429  -9.68596 
               122.7 -9.17397  4.69791 -88.3539 -0.172424  0.301969  0.698197 0 0 0   -0.011 -0.02329  0.04412 0.0051115 0.0509347   0.23609 0.000216561 -0.00325604 -0.00352012  0.0188421 -0.0116609 0.00107713   1.55252 0.0865878  -9.68497 
               122.8 -7.06274  4.69076  -88.083 -0.166929  0.297928  0.727088 0 0 0   -0.011 -0.02329  0.04412  0.028195 0.0342209  0.180711 0.000110435 -0.00302537 -0.00327244    0.0182072   -0.0142487 -4.91453e-05   1.55201 0.0838433  -9.68508 
               122.9   -4.217   5.0861 -87.0304 -0.163092  0.288029  0.754861 0 0 0   -0.011 -0.02329  0.04412   0.0457069 -0.00817943    0.109204 -0.000243399  -0.00301611  -0.00345318   0.0136339  -0.0172551 -0.00164464   1.54764 0.0806961   -9.6858 
                 123 -1.99173  5.07054 -86.2673 -0.162278  0.288995  0.767734 0 0 0   -0.011 -0.02329  0.04412 -0.00192578  -0.0417255  -0.0231093 -0.000214236  -0.00314007  -0.00358146   0.0148741  -0.0133983 -0.00161899   1.54883 0.0844476  -9.68558 
               123.1   1.4725  3.48512 -85.7212 -0.158005  0.295067  0.758694 0 0 0   -0.011 -0.02329  0.04412 -0.0115608 -0.0230301 -0.0549687 -0.000615524  -0.00275915   -0.0034574    0.0210247   -0.0129968 -0.000464854   1.55483 0.0849265  -9.68461 
               123.2  1.64038  3.85888 -85.2871 -0.160228  0.289539  0.756205 0 0 0   -0.011 -0.02329  0.04412 0.00677151 -0.0680801 -0.0517578 -0.000512004  -0.00320057  -0.00359064    0.0203545   -0.0122067 -0.000673391   1.55417 0.0856787  -9.68471 
               123.3 1.74142 3.98724 -85.302 -0.158234  0.284164  0.746005 0 0 0   -0.011 -0.02329  0.04412  0.0184747  -0.094747 -0.0674517 -0.000825539   -0.0033943  -0.00366522    0.0210807   -0.0124315 -0.000268329   1.55488 0.0855018   -9.6846 
               123.4  1.18366   3.5278 -85.7906 -0.150932  0.274562  0.731605 0 0 0   -0.011 -0.02329  0.04412  0.0300265 -0.0604763  -0.050962 -0.00104958 -0.00292691 -0.00369641   0.0223419  -0.0143817 0.000175254  1.55615  0.08363 -9.68441 
               123.5 0.158122  4.27479  -86.103 -0.148667  0.277973  0.714818 0 0 0   -0.011 -0.02329  0.04412  0.0255068 0.00259883 -0.0135859 -0.000930987  -0.00298248   -0.0037137  0.0235852 -0.0124182 0.00115163   1.55733 0.0856478  -9.68421 
               123.6 -0.00156285     4.12898    -85.9141 -0.154676  0.276455   0.71359 0 0 0   -0.011 -0.02329  0.04412 0.00380751  0.0266719  0.0132854 -0.00071411 -0.00291844 -0.00353701   0.0198789  -0.0107078 0.000712272   1.55367 0.0872912  -9.68478 
               123.7 0.0130522   4.46778  -85.2389 -0.155406  0.283681  0.713067 0 0 0   -0.011 -0.02329  0.04412 -0.00855409   0.0543142   0.0332218 -0.000494693  -0.00314971   -0.0034094   0.0205041 -0.00931698  0.00101661   1.55425 0.0886819  -9.68467 
             123.799 0.0520293    4.1718  -84.0943 -0.148376  0.281189  0.711103 0 0 0   -0.011 -0.02329  0.04412 0.0117938 0.0437145 0.0436714 -0.000512962  -0.00315965  -0.00317395  0.0206528 -0.0128305 0.00112353   1.55449 0.0852326  -9.68467 
               123.9 -0.000533085      4.09754     -83.2401 -0.134164  0.286066  0.720988 0 0 0   -0.011 -0.02329  0.04412   0.0616404 -0.00492226   0.0822065 -0.000545646  -0.00325594  -0.00315987   0.023403 -0.0143761 0.00151077   1.55721 0.0837511  -9.68424 
                 124 -0.776879   5.00016  -82.0085 -0.127295  0.285063  0.731194 0 0 0   -0.011 -0.02329  0.04412   0.0660634 -0.00373191    0.103705  -0.0010707 -0.00303592 -0.00261533  0.0257058 -0.0168777 0.00128595    1.5595 0.0813043  -9.68389 
               124.1 -1.06982  4.87212 -80.9651 -0.126103  0.291242   0.75596 0 0 0   -0.011 -0.02329  0.04412 0.0477155 0.0125334  0.168583 -0.000965509  -0.00282317  -0.00318768    0.027251  -0.0148286 0.000906167   1.56092 0.0833201  -9.68365 
             124.199 -2.39006  4.89871 -80.0899 -0.121077  0.299482  0.791591 0 0 0   -0.011 -0.02329  0.04412 -0.0162812  0.0636496   0.278776 -0.000843628  -0.00258013  -0.00378094  0.0282969 -0.0158676 0.00126388   1.56199 0.0823267  -9.68349 
               124.3  -3.7787  5.14296 -80.5922 -0.112834  0.305966  0.823227 0 0 0   -0.011 -0.02329  0.04412 0.0241768 0.0397026  0.272541 -0.00058018 -0.00325364 -0.00408201  0.0306298 -0.0162629 0.00155581   1.56428 0.0819869  -9.68312 
               124.4 -5.03349  3.99301 -82.3981 -0.118357  0.311478  0.845167 0 0 0   -0.011 -0.02329  0.04412 -0.0191199  0.0697777   0.299164 -0.000952249   -0.0025839   -0.0039244   0.0309822  -0.0145245 0.000873969   1.56452 0.0836652  -9.68307 
               124.5 -3.63869  3.15823 -81.8589 -0.133491  0.321431  0.907694 0 0 0   -0.011 -0.02329  0.04412 -0.147112  0.120865  0.374476 -0.00199785 -0.00212434 -0.00449475    0.0315348   -0.0127273 -0.000875094    1.5649 0.0853481  -9.68299 
               124.6 -5.29613  3.97574 -82.7105 -0.127449  0.324292  0.939774 0 0 0   -0.011 -0.02329  0.04412 -0.140974  0.116106  0.398481 -0.000992238  -0.00334571   -0.0045813    0.0336999   -0.0182921 -0.000373152   1.56722 0.0799535  -9.68266 
               124.7 -5.36768  2.86905  -83.816 -0.110644  0.321881  0.997138 0 0 0   -0.011 -0.02329  0.04412  0.0981926 -0.0226356    0.31425 0.000309887 -0.00415609 -0.00436583   0.0341113  -0.0235156 0.000220005   1.56783 0.0748765   -9.6826 
               124.8  -1.92963 -0.491432  -85.1404 -0.0934796   0.315362   0.986155 0 0 0   -0.011 -0.02329  0.04412   0.136193 -0.0111139   0.285269 0.000227955 -0.00311672 -0.00448093  0.0351533 -0.0285719 0.00099822   1.56904 0.0699941  -9.68244 
               124.9  -1.41091 -0.902158  -85.1575 -0.061639  0.316345   1.01602 0 0 0   -0.011 -0.02329  0.04412   0.190785 -0.0273885   0.223127 -0.000106491  -0.00279265  -0.00457135  0.0388339 -0.0311228 0.00121452   1.57271 0.0675712  -9.68186 
                 125  -0.54754 -0.282835  -86.7853 -0.0328805   0.292256    1.02957 0 0 0   -0.011 -0.02329  0.04412   0.192929 -0.0362155   0.136579 -0.00067988 -0.00166418 -0.00404084   0.0356363  -0.0367214 0.000760889    1.5698 0.0620051  -9.68237 
               125.1 -0.35441    1.254 -87.5424 -0.0204139   0.300983    1.05226 0 0 0   -0.011 -0.02329  0.04412 0.0334958  0.121006  0.210575 -0.00100263 9.26043e-06 -0.00360452   0.0314686  -0.0354932 0.000209748    1.5657 0.0631098  -9.68303 
               125.2 -1.50015  8.11195 -87.8596 -0.0255509   0.318923    1.07271 0 0 0   -0.011 -0.02329  0.04412 0.00767039   0.165307   0.278755 -0.00127419 -0.00113796 -0.00343354   0.0319067  -0.0329095 0.000794271  1.56604 0.065681 -9.68296 
               125.3 -1.43272   11.315 -86.3519 -0.0137146   0.341267    1.09432 0 0 0   -0.011 -0.02329  0.04412 0.0716584  0.167513  0.304686 -0.000191751  -0.00298583  -0.00432943  0.0362436 -0.0317269 0.00159123   1.57023 0.0669319  -9.68227 
               125.4 -2.17944  12.0201 -86.7749 -0.0289265   0.373555    1.11814 0 0 0   -0.011 -0.02329  0.04412 0.0733429  0.351548  0.224777 -7.77292e-05  -0.00292194  -0.00301532  0.0326099 -0.0261276  0.0015238   1.56653 0.0723804  -9.68283 
               125.5 -1.63591  9.59602 -84.8098 -0.00287394    0.416546     1.12172 0 0 0   -0.011 -0.02329  0.04412 0.0384507   0.43154  0.171073 -0.00084305 -0.00214822 -0.00300323  0.0346203 -0.0305127 0.00247961   1.56863 0.0681735  -9.68252 
               125.6 -1.85922  7.15539 -84.2294 0.00150087     0.4222    1.14988 0 0 0   -0.011 -0.02329  0.04412 -0.0775683   0.289364   0.165475 -0.00225552 -0.00429848 -0.00292035  0.0316622 -0.0357934 0.00117601   1.56588 0.0628964    -9.683 
               125.7 -3.26311   5.6107 -81.5334 0.000861208    0.409826     1.18464 0 0 0   -0.011 -0.02329  0.04412 -0.0892985 -0.0714749   0.183843 -0.00163832 -0.00652725   -0.004906    0.0294235   -0.0402887 -0.000265844   1.56378 0.0583676  -9.68337 
               125.8 -5.36205  2.66606 -82.2265 -0.00517992    0.390475     1.19701 0 0 0   -0.011 -0.02329  0.04412 -0.0543335  -0.165184  0.0933209 -0.000423019  -0.00533246  -0.00255477    0.0275201   -0.0419567 -0.000415462   1.56199 0.0567167  -9.68367 
               125.9  -5.89992 -0.596074  -80.0183 -0.00247726    0.365009     1.20233 0 0 0   -0.011 -0.02329  0.04412 -0.0299394  -0.191618  0.0603877 -0.000201343  -0.00288107  -0.00262147   0.0236924  -0.0463986 -0.00140622   1.55839 0.0522631  -9.68427 
                 126   -6.08682 -0.0720298   -78.9881 -0.00250725    0.318387     1.21143 0 0 0   -0.011 -0.02329  0.04412 0.00127565  -0.319367 -0.0673331 -0.000633391   -0.0027011  -0.00321528   0.0228167  -0.0483157 -0.00218784   1.55758 0.0503091  -9.68442 
               126.1 -9.40493  4.76373 -78.8392 -0.010704  0.316965   1.20725 0 0 0   -0.011 -0.02329  0.04412 -0.0293929  -0.301229 -0.0891166 -0.00089631 -0.00184733 -0.00381826   0.0223269  -0.0463632 -0.00199541   1.55704 0.0522232  -9.68449 
               126.2 -10.6115  5.13314 -78.5512 -0.0227404   0.301881    1.19593 0 0 0   -0.011 -0.02329  0.04412 -0.111705 -0.156773 -0.119305 -0.000410536  -0.00123087  -0.00401404   0.0271041  -0.0429344 -0.00155485   1.56154 0.0556705  -9.68375 
               126.3 -13.4227  14.5283 -80.5538 -0.0114725   0.331118    1.19463 0 0 0   -0.011 -0.02329  0.04412 -0.0974699  0.0243477 -0.0898619 0.000202709 -0.00102352  -0.0038651    0.0362314   -0.0412458 -0.000628785   1.57033 0.0575837  -9.68232 
               126.4 -13.1053  17.8777 -80.6635 -0.0215081   0.362071    1.20005 0 0 0   -0.011 -0.02329  0.04412  -0.158625   0.262744 -0.0798077 9.60913e-05 -0.00107147 -0.00395583    0.0398532   -0.0407244 -0.000925318   1.57382 0.0581217  -9.68175 
               126.5 -11.5237  17.7768 -80.9484 -0.0269055   0.364465    1.21406 0 0 0   -0.011 -0.02329  0.04412  -0.136967   0.232244 -0.0747736 -4.97404e-05  -0.00200281  -0.00427978  0.0393842 -0.0419633 -0.0020554   1.57343 0.0567301  -9.68182 
               126.6 -10.9662  18.4178 -81.3961 -0.0231109   0.380183    1.21355 0 0 0   -0.011 -0.02329  0.04412  -0.076511   0.118622 -0.0499393 -0.000408448  -0.00318885  -0.00432524   0.0406514  -0.0453034 -0.00268572   1.57482 0.0534184  -9.68161 
               126.7 -11.4539  17.5729  -81.462 -0.0269491   0.371115     1.2339 0 0 0   -0.011 -0.02329  0.04412 -0.128167  0.109792 0.0557324 -0.000421966  -0.00336775  -0.00454808    0.039415  -0.0477545 -0.00415919   1.57376 0.0507052   -9.6818 
               126.8 -11.4548  15.7992 -81.7877 -0.017427  0.371255   1.23939 0 0 0   -0.011 -0.02329  0.04412 -0.0916854   0.124792  0.0692606 0.000265419 -0.00326963 -0.00452353    0.040556  -0.0500789 -0.00439762   1.57498 0.0484223  -9.68161 
             126.899 -11.0277  15.4028 -81.5751 -0.0180814    0.37937    1.24829 0 0 0   -0.011 -0.02329  0.04412 -0.0746315  0.0911732   0.104857 7.40557e-05 -0.00364379  -0.0042793   0.0416721  -0.0505518 -0.00443846   1.57609 0.0479655  -9.68143 
                 127  -10.425  14.2239 -80.7806 -0.0114311   0.388013    1.26253 0 0 0   -0.011 -0.02329  0.04412 0.0022329 0.0719552 0.0991431 -0.000221042  -0.00372504  -0.00392009   0.0420982  -0.0523798 -0.00420063   1.57659 0.0463004  -9.68136 
               127.1 -8.69532  12.3148 -77.3528 0.00646342   0.381253    1.26937 0 0 0   -0.011 -0.02329  0.04412 0.0427943  0.120651 0.0684169 -0.000173507  -0.00279615  -0.00372158   0.0410666  -0.0566631 -0.00476339   1.57582 0.0420691   -9.6815 
               127.2 -8.07517  12.3828 -75.6763 0.0202042  0.385508   1.28446 0 0 0   -0.011 -0.02329  0.04412 0.0860746 0.0882163  0.051543 -7.03865e-05  -0.00285772  -0.00312463   0.0411662  -0.0578125 -0.00536323   1.57597 0.0407847  -9.68148 
               127.3 -7.44469  12.8236 -73.2138 0.0188941  0.393174    1.2836 0 0 0   -0.011 -0.02329  0.04412   0.04574 0.0713102 0.0507578 -0.000943968  -0.00294823  -0.00324451   0.0403373  -0.0571679 -0.00513399   1.57514 0.0414679  -9.68162 
               127.4 -7.70259  13.3441 -70.7939 0.016339 0.401385  1.28195 0 0 0   -0.011 -0.02329  0.04412 0.0342898 0.0720113 0.0632067 -0.000339306  -0.00292387  -0.00308857   0.0406404  -0.0560881 -0.00480773   1.57537 0.0425962  -9.68157 
               127.5 -9.22803  12.9446 -71.4042 -0.000423137     0.431222      1.29354 0 0 0   -0.011 -0.02329  0.04412 -0.0544147   0.161767   0.113005 0.000764219 -0.00267363 -0.00206396   0.0399318  -0.0538091 -0.00445467   1.57455 0.0448579   -9.6817 
               127.6 -3.64461   12.988 -64.5853 -0.0038134   0.440796    1.30689 0 0 0   -0.011 -0.02329  0.04412 0.0880656 0.0368267  0.112465  0.00147908 -0.00413399 -0.00179145  0.0391951 -0.0525326 -0.0044682   1.57374 0.0460433  -9.68182 
               127.7  2.78589  9.72068 -60.3188 0.000233633    0.440713     1.31086 0 0 0   -0.011 -0.02329  0.04412  0.0973129 -0.0497245   0.116643 -0.000178627  -0.00349937  -0.00271993   0.0388742  -0.0527327 -0.00418184   1.57346 0.0459307  -9.68187 
               127.8  4.22429  8.79703 -58.3051 0.00637787   0.446497    1.31713 0 0 0   -0.011 -0.02329  0.04412   0.124843 -0.0400023   0.110302 -8.58023e-05  -0.00301751  -0.00362066   0.0401384  -0.0523919 -0.00399313   1.57465 0.0463703  -9.68167 
               127.9 4.90332 8.27547 -58.077 0.00536633   0.453607    1.32597 0 0 0   -0.011 -0.02329  0.04412    0.195129 -0.00530256   0.0214558 -0.000137715  -0.00243698  -0.00371265  0.0389428 -0.0489943 -0.0036879   1.57317 0.0495871   -9.6819 
                 128 4.89414 11.0005 -59.256 -0.00783557    0.456921     1.31089 0 0 0   -0.011 -0.02329  0.04412  0.166951 -0.028912  -0.03797 -0.000463841   -0.0025646   -0.0043194   0.0369179  -0.0462042 -0.00288824   1.57094 0.0522368  -9.68225 
               128.1  4.54401  10.9852 -59.9844 0.00942813   0.447381    1.30935 0 0 0   -0.011 -0.02329  0.04412 0.0740877 0.0340097 0.0715209 -0.000288086  -0.00223246   -0.0041325    0.035235  -0.0453002 -0.00301612  1.56922 0.052885 -9.68252 
               128.2  3.92961   14.352 -60.2127 -0.0143558   0.457819    1.30278 0 0 0   -0.011 -0.02329  0.04412 -0.052384 0.0787802 0.0807788 -0.000790521  -0.00216617   -0.0040389   0.0338453  -0.0414504 -0.00235294   1.56738 0.0564428   -9.6828 
               128.3  3.17235  14.5579 -60.3758 -0.037483  0.472135   1.31247 0 0 0   -0.011 -0.02329  0.04412 -0.100415  0.126803 0.0975177 -0.00015988 -0.00233893 -0.00387595    0.032736  -0.0401542 -0.00224312   1.56614 0.0575266  -9.68299 
               128.4  3.58814   14.279 -60.0121 -0.0410082   0.472523    1.31633 0 0 0   -0.011 -0.02329  0.04412 -0.0316625  0.0675009  0.0516734 0.000351827 -0.00308708 -0.00405173   0.0314409  -0.0406995 -0.00225636   1.56505 0.0568349  -9.68317 
               128.5  4.05318  13.9399 -60.8021 -0.0334512   0.455999    1.32514 0 0 0   -0.011 -0.02329  0.04412 -0.0292376  0.0259437  0.0608943 -4.50751e-05  -0.00268685  -0.00421908   0.0299582   -0.042965 -0.00316827   1.56397 0.0543281  -9.68336 
             128.599  4.26646  13.6701 -60.9029 -0.030822  0.454006   1.32531 0 0 0   -0.011 -0.02329  0.04412 -0.0442501  0.0233231  0.0297069 -0.000244454  -0.00237139  -0.00430694   0.0295617  -0.0439919 -0.00302649   1.56382 0.0533493  -9.68339 
             128.699  4.05356  14.6783 -61.4231 -0.0407187   0.457592    1.33305 0 0 0   -0.011 -0.02329  0.04412 -0.102808 0.0514371 0.0309376 -0.000225527  -0.00211897  -0.00439991   0.0295393  -0.0438831 -0.00329235   1.56373 0.0533898  -9.68341 
               128.8  3.87907    15.82 -61.9722 -0.0566741   0.458355    1.32882 0 0 0   -0.011 -0.02329  0.04412 -0.158644 0.0871986 0.0138205 -0.00011412 -0.00196459 -0.00388962   0.0280359  -0.0437901 -0.00317744   1.56239 0.0532915  -9.68362 
                 129  3.99326  16.7102 -61.8717 -0.0811771   0.475542    1.30824 0 0 0   -0.011 -0.02329  0.04412 -0.131948 0.0513073 -0.141199  0.00030566 -0.00217887 -0.00333079   0.0277224  -0.0454255 -0.00291695   1.56247 0.0517914  -9.68362 
               129.1  5.02257  16.5736 -61.7286 -0.059912  0.466959   1.30557 0 0 0   -0.011 -0.02329  0.04412 -0.0882485  0.0502821  -0.124563 -2.82878e-06  -0.00207957  -0.00422089  0.0289349 -0.0502214 -0.0034795   1.56428 0.0473625  -9.68335 
               129.2  4.31863  17.3794 -62.4304 -0.077447  0.477943   1.30288 0 0 0   -0.011 -0.02329  0.04412 -0.140894  0.090157  -0.12568 -5.41388e-05  -0.00150478  -0.00477235   0.0289954  -0.0478976 -0.00328469   1.56397 0.0495726  -9.68339 
               129.3  4.62972  17.9051 -62.7669 -0.115215  0.507597   1.29602 0 0 0   -0.011 -0.02329  0.04412  -0.195406   0.190623 -0.0564807 -0.000369292  -0.00175255  -0.00463356   0.0296178  -0.0473875 -0.00360743  1.56435 0.050039 -9.68333 
               129.4 2.50171 18.0034 -64.943 -0.129093  0.518104   1.29366 0 0 0   -0.011 -0.02329  0.04412  -0.057346   0.174302 -0.0968405 -0.000273934  -0.00334098  -0.00445921  0.0293073 -0.0477461 -0.0039865   1.56404 0.0495728  -9.68338 
               129.5  2.81081  18.0376 -62.5538 -0.123895  0.518163   1.30804 0 0 0   -0.011 -0.02329  0.04412 -0.0741167  0.0981058 -0.0784206 -0.000876164  -0.00305689  -0.00425439   0.0301405  -0.0499145 -0.00518009   1.56484 0.0473288  -9.68326 
               129.6  1.16356  17.6867 -64.3478 -0.131332  0.517399   1.29871 0 0 0   -0.011 -0.02329  0.04412 -0.189438 0.0708056 0.0436016 -0.00109305 -0.00213137 -0.00250201   0.0291529  -0.0514753 -0.00509078   1.56425 0.0458119  -9.68336 
               129.7 0.503149  17.9099 -62.1966 -0.151599  0.513583   1.31206 0 0 0   -0.011 -0.02329  0.04412 -0.198767 0.0640409  0.136076 -0.000796558  -0.00205234  -0.00406696   0.0282222  -0.0519308 -0.00562243  1.56337 0.045149 -9.68351 
               129.8 -0.530935   18.5975  -62.8374 -0.16229 0.519265  1.31895 0 0 0   -0.011 -0.02329  0.04412  -0.17482 0.0815335  0.107925 -0.000918246  -0.00248754  -0.00486697   0.0283135  -0.0527865 -0.00535887   1.56366 0.0444509  -9.68346 
               129.9 -1.15758  18.6642 -63.2856 -0.167268  0.509544   1.33047 0 0 0   -0.011 -0.02329  0.04412 -0.131953 0.0713898   0.11449 -0.000245309  -0.00224507  -0.00587255   0.0270075  -0.0549741 -0.00586511   1.56274 0.0421654  -9.68362 
                 130  -2.6025  18.4127 -65.7148 -0.158327  0.514589   1.33768 0 0 0   -0.011 -0.02329  0.04412 0.0227023 0.0867338  0.120623  0.00113383 -0.00271174 -0.00558901   0.0270145  -0.0565279 -0.00573117   1.56304 0.0407861  -9.68358 
               130.1 -2.44459  19.9774 -69.4514 -0.14864 0.520439  1.35448 0 0 0   -0.011 -0.02329  0.04412 0.0714052 0.0749745   0.10098 0.000601973 -0.00298608 -0.00499359   0.0274808  -0.0571315 -0.00600753   1.5635 0.040187 -9.68351 
               130.2 -1.92379    19.62 -71.0749 -0.136247  0.512272     1.362 0 0 0   -0.011 -0.02329  0.04412 0.0301035 0.0853399 0.0903919 -0.000229497  -0.00206244  -0.00561037   0.0257349  -0.0590038 -0.00640265  1.56215 0.038197 -9.68373 
               130.3 -2.05249  20.5437 -72.3584 -0.130745  0.517905   1.37464 0 0 0   -0.011 -0.02329  0.04412 -0.0213149 0.00751592  0.0336453 -0.000138119  -0.00199552  -0.00470896   0.0262792  -0.0596399 -0.00665865    1.5627 0.0375702  -9.68365 
               130.4 -3.62397  21.8348 -75.8042 -0.123934  0.520613   1.37533 0 0 0   -0.011 -0.02329  0.04412  0.0178283 -0.0581772 -0.0112478 0.000289409 -0.00241482 -0.00392516   0.0275979  -0.0600458 -0.00643353     1.564 0.0373655  -9.68344 
               130.5 -7.71111  23.9945 -80.9974 -0.12456 0.505736  1.36235 0 0 0   -0.011 -0.02329  0.04412  -0.038949 -0.0689243 -0.0413061 -5.02351e-05  -0.00170025  -0.00494539   0.0257613   -0.060826 -0.00622785   1.56247 0.0366284  -9.68369 
               130.6  -7.6466  25.8025 -83.0094 -0.108413  0.514196   1.34191 0 0 0   -0.011 -0.02329  0.04412 -0.0668431  0.0071703  -0.073726  -0.00139987 -0.000733633  -0.00564081   0.0271828  -0.0630533 -0.00502519   1.56427 0.0350825   -9.6834 
             130.699  -10.196  27.2211 -85.4305 -0.0977891   0.542051     1.3401 0 0 0   -0.011 -0.02329  0.04412  -0.108003   0.215737 0.00139248 -0.000492281 -0.000860039  -0.00418601   0.0306156  -0.0646945 -0.00472478   1.56766 0.0337893  -9.68286 
               130.8 -10.0542   29.029 -86.5247 -0.0811515   0.560486    1.34266 0 0 0   -0.011 -0.02329  0.04412 -0.0263288   0.244244  0.0180936 0.000137513 -0.00192668 -0.00328547   0.0337751  -0.0659899 -0.00428862   1.57077 0.0327668  -9.68236 
               130.9 -8.89734  27.7949 -85.9969 -0.0916954    0.60109    1.33948 0 0 0   -0.011 -0.02329  0.04412 -0.0895525   0.217725 -0.0942219 -0.000128459  -0.00203244  -0.00415268   0.0346897  -0.0658109 -0.00417217   1.57161 0.0329712  -9.68222 
                 131 -10.7061  23.7825 -89.2056 -0.0984952   0.598776    1.34037 0 0 0   -0.011 -0.02329  0.04412 -0.114285  0.191803 -0.109372 -0.00098648 -0.00229474 -0.00464476   0.0336968  -0.0657494 -0.00452502   1.57063 0.0329247  -9.68238 
               131.1 -10.7097  23.3623 -89.2853 -0.111805  0.609511   1.31964 0 0 0   -0.011 -0.02329  0.04412 -0.175908  0.062902 -0.101572 -0.00122456 -0.00218185 -0.00496439   0.0334674  -0.0674285 -0.00485051  1.57049 0.031267 -9.68241 
               131.2 -16.9626   26.312 -94.5063 -0.119582  0.584404    1.3233 0 0 0   -0.011 -0.02329  0.04412  -0.122306  0.0801794 -0.0333568  0.00010767 -0.00161892 -0.00428618   0.0305622  -0.0700694 -0.00643311   1.56771 0.0283699  -9.68287 
               131.3 -18.1639  28.8185 -96.4145 -0.128743  0.594701   1.33021 0 0 0   -0.011 -0.02329  0.04412  -0.12578  0.145155 0.0112067 2.35682e-05 -0.00131333  -0.0039877   0.0313728  -0.0696876 -0.00664052    1.5684 0.0285794  -9.68276 
               131.4 -18.1555   28.364 -97.7087 -0.131515   0.59906   1.33887 0 0 0   -0.011 -0.02329  0.04412   -0.107067     0.19139 0.000322962 -0.000347589 -0.000870456  -0.00402284   0.0315216  -0.0712458 -0.00727891   1.56849 0.0268862  -9.68275 
               131.5 -18.0829  27.8467 -99.3258 -0.122781  0.615093   1.33149 0 0 0   -0.011 -0.02329  0.04412  -0.053876   0.235123 -0.0387847 -0.000618169  -0.00164698  -0.00422191   0.0327011  -0.0728102 -0.00691452   1.56968 0.0255167  -9.68256 
               131.6 -18.8634  26.4505 -100.816 -0.121584  0.642905   1.31124 0 0 0   -0.011 -0.02329  0.04412 -0.0577858   0.234863  -0.137874 -0.000723198  -0.00188281  -0.00497149   0.0321027  -0.0745177 -0.00688953   1.56916 0.0240342  -9.68265 
               131.7 -23.3452  23.8387 -105.444 -0.139407  0.652953   1.28896 0 0 0   -0.011 -0.02329  0.04412 -0.169523  0.189479 -0.138573 -0.00162047 -0.00192957 -0.00591358   0.0297282  -0.0756666 -0.00709281   1.56694 0.0231657  -9.68301 
               131.8 -26.5716  21.6033 -108.857 -0.145159  0.640422   1.28455 0 0 0   -0.011 -0.02329  0.04412  -0.23246   0.16091 -0.148823  -0.0020802 -0.00220042 -0.00604141   0.0274781  -0.0774906 -0.00779755   1.56475 0.0214715  -9.68337 
               131.9 -28.4908  20.3823 -110.696 -0.188713  0.648216   1.26788 0 0 0   -0.011 -0.02329  0.04412 -0.321101  0.111358 -0.164153 -0.00177782   -0.002187 -0.00542511   0.0261915  -0.0781696 -0.00846273   1.56347 0.0207161  -9.68357 
                 132 -31.5281  17.2647 -113.467 -0.179737  0.641156   1.27486 0 0 0   -0.011 -0.02329  0.04412 -0.271935  0.117565 -0.141144 -0.00106461 -0.00113311 -0.00492283   0.0276801  -0.0796798 -0.00906657   1.56476 0.0188922  -9.68337 
               132.1 -31.9147  16.4968  -114.53 -0.215702  0.662819   1.26205 0 0 0   -0.011 -0.02329  0.04412 -0.338794  0.205182 -0.158064  -0.00109865 -0.000798282  -0.00443545   0.0292132  -0.0801996 -0.00945272   1.56614 0.0180472  -9.68315 
               132.2 -34.6611  16.7431 -116.613 -0.236267  0.667915   1.26379 0 0 0   -0.011 -0.02329  0.04412 -0.379718  0.209177 -0.144001 -0.000953279 -0.000927358  -0.00445285  0.0286671 -0.0794999 -0.0098535  1.56563 0.018567 -9.68323 
               132.3 -35.0768  16.1649 -117.287 -0.295495  0.702955   1.23243 0 0 0   -0.011 -0.02329  0.04412 -0.447353   0.34847 -0.147913 -0.000975858 -0.000684243  -0.00390191  0.0280747 -0.0818809 -0.0100988  1.56494 0.016418 -9.68334 
               132.4 -35.6689  17.2466 -117.317 -0.300708  0.726643    1.2284 0 0 0   -0.011 -0.02329  0.04412  -0.372425   0.375824 -0.0727785 -0.000174368 -0.000750315  -0.00352013   0.030739  -0.084665 -0.0104834   1.56728 0.0133463  -9.68297 
               132.5 -34.0428  18.3594 -115.561 -0.296754  0.749082   1.24384 0 0 0   -0.011 -0.02329  0.04412  -0.294487   0.408112 -0.0524233 0.000140521 -0.00105529 -0.00313157  0.0337761 -0.0859402 -0.0112009   1.57006 0.0113806  -9.68252 
               132.6 -30.2365  18.6864 -112.528 -0.285008  0.768432   1.25377 0 0 0   -0.011 -0.02329  0.04412  -0.232126   0.378855 -0.0664711 -0.00037273 -0.00123984 -0.00303039   0.036474 -0.0881756 -0.0118963    1.57244 0.00862206   -9.68214 
               132.7 -28.5709  18.3929 -110.274 -0.288253  0.793362   1.24519 0 0 0   -0.011 -0.02329  0.04412  -0.173545   0.381265 -0.0943997 -0.000350094  -0.00119492  -0.00244924  0.0367174 -0.0897323 -0.0120406    1.57254 0.00713734   -9.68212 
               132.8 -27.6608  19.1124 -108.913 -0.281281  0.765264   1.24235 0 0 0   -0.011 -0.02329  0.04412 -0.155448  0.342837 -0.108517 -0.000203738 -0.000956609  -0.00289955  0.0330956 -0.0966185 -0.0140398     1.56853 0.000698166    -9.68278 
               132.9 -26.0835  18.5737 -110.115 -0.283359  0.766405   1.22178 0 0 0   -0.011 -0.02329  0.04412 -0.177603  0.361726 -0.135646  -0.00103773 -0.000681934  -0.00319213  0.0309095  -0.101378 -0.0146692     1.56606 -0.00344589    -9.68318 
                 133 -25.9712  18.8309 -112.477 -0.276125  0.775218   1.20341 0 0 0   -0.011 -0.02329  0.04412 -0.154223  0.348952 -0.189955  -0.00109614 -0.000589714  -0.00323934  0.0305165  -0.104468 -0.0149307     1.56542 -0.00623599    -9.68328 
               133.1 -27.4071  19.8043 -114.993 -0.241225   0.72117   1.20769 0 0 0   -0.011 -0.02329  0.04412 -0.164452   0.18436   -0.1698 -0.000383792 -0.000578278   -0.0035217 0.0287672 -0.111131 -0.017208    1.56324 -0.0129535   -9.68362 
               133.2 -27.3418  21.0057  -116.51 -0.22754 0.722132  1.20109 0 0 0   -0.011 -0.02329  0.04412 -0.156837  0.248914 -0.186561 -0.000762523  8.47806e-05  -0.00370881  0.0300613  -0.112986 -0.0176788    1.56431 -0.0150217   -9.68345 
               133.3 -26.7712  23.6824 -116.883 -0.207354  0.684278    1.2273 0 0 0   -0.011 -0.02329  0.04412 -0.0763398   0.156798  -0.133585 0.000242869 0.000108499 -0.00277949  0.0295007  -0.114934 -0.0195053    1.56366 -0.0175218   -9.68355 
               133.4 -26.1935   22.833 -116.959 -0.153698  0.683729   1.23075 0 0 0   -0.011 -0.02329  0.04412   0.280969   0.299118 -0.0163542 0.000339892  0.00109091 -0.00197482  0.0292803  -0.117742 -0.0206378    1.56322 -0.0205035   -9.68361 
               133.5 -27.4439  28.7009  -117.66 -0.147555  0.655676   1.21617 0 0 0   -0.011 -0.02329  0.04412   0.234845   0.215975 -0.0387898  -0.00044111 -0.000478662  -0.00216834   0.023872  -0.122241 -0.0214419    1.55779 -0.0239814   -9.68448 
             133.601 -26.3099  28.8393 -115.347 -0.134872  0.678489   1.22879 0 0 0   -0.011 -0.02329  0.04412   0.168852   0.334303 -0.0375382 -0.000904916  0.000109429   -0.0023332  0.0233507  -0.121144 -0.0222009     1.5574 -0.0232723   -9.68455 
             133.699 -26.3946  30.9311 -112.752 -0.123574  0.707526   1.23682 0 0 0   -0.011 -0.02329  0.04412 0.139636 0.470795 0.019454 -0.000984244  0.000768308  -0.00213745  0.0166603   -0.12364 -0.0242992    1.55092 -0.0253185   -9.68558 
               133.8  -26.101  35.4642 -110.983 -0.133997   0.66623   1.24598 0 0 0   -0.011 -0.02329  0.04412 0.0873337   0.36603 0.0238095 -0.00113886  0.00044157 -0.00261995  0.0105785  -0.126346 -0.0264498    1.54498 -0.0276681   -9.68652 
               133.9 -26.2778   35.628   -111.2 -0.11634 0.701767  1.26347 0 0 0   -0.011 -0.02329  0.04412  0.125184  0.472304 0.0760923 -0.00116945 0.000443486 -0.00244462 0.00858542  -0.128118 -0.0276332    1.54294 -0.0294401   -9.68684 
                 134  -26.553  38.9004 -109.969 -0.134663  0.719498   1.27738 0 0 0   -0.011 -0.02329  0.04412 0.0823151  0.565137 0.0600332 -0.00113456  0.00128428 -0.00360987 0.00107866  -0.129523 -0.0298526    1.53577 -0.0304618   -9.68798 
               134.1 -27.3975  42.9359 -111.577 -0.145787  0.733628   1.29373 0 0 0   -0.011 -0.02329  0.04412  0.072245  0.593534 0.0504803 -0.00116425 0.000950195 -0.00375734 -0.00291423     -0.1297  -0.0314398    1.53195 -0.0307208   -9.68858 
               134.2 -28.6479  45.1255 -112.134 -0.14843 0.752874  1.30781 0 0 0   -0.011 -0.02329  0.04412  0.0188378   0.513965 -0.0518309 -0.00104311 0.000325683 -0.00326488 -0.00788108   -0.131848   -0.033677   1.52705 -0.032865  -9.68935 
               134.3   -29.13  46.9716 -110.382 -0.14562 0.771383  1.29927 0 0 0   -0.011 -0.02329  0.04412 -0.00885735    0.476957   -0.165738 -0.000560153 -0.000923923  -0.00312461 -0.0100781  -0.133678 -0.0347467    1.52484 -0.0346158   -9.68969 
               134.4  -25.513  47.4669 -107.229 -0.151864  0.789468   1.29023 0 0 0   -0.011 -0.02329  0.04412 -0.0311423   0.433189   -0.19372 -0.000728953 -0.000558986  -0.00371428 -0.0118933  -0.134605 -0.0358535    1.52299 -0.0356949   -9.68998 
               134.5 -24.215 46.8301 -105.93 -0.15495  0.78267  1.28996 0 0 0   -0.011 -0.02329  0.04412 -0.0382347    0.34886  -0.165783 -0.00027269 -0.00054668 -0.00352992 -0.0140263   -0.13601 -0.0378041   1.52066 -0.037612  -9.69034 
               134.6 -22.8443  48.1775 -104.932 -0.154682  0.784543   1.29164 0 0 0   -0.011 -0.02329  0.04412 -0.0977797   0.463705 -0.0947303 -0.000531959 -0.000369489  -0.00369655 -0.0150077  -0.137708 -0.0392461    1.51945 -0.0397056   -9.69052 
               134.7 -21.8996  47.9293 -103.129 -0.165245  0.810764   1.28456 0 0 0   -0.011 -0.02329  0.04412 -0.167838   0.59138 -0.094853 -0.000584152  0.000527584  -0.00387336 -0.0163001  -0.139065 -0.0401301     1.5181 -0.0411332   -9.69073 
               134.8 -19.8636  48.3262 -101.842 -0.177293   0.84949   1.27064 0 0 0   -0.011 -0.02329  0.04412  -0.211784   0.624996 -0.0997238 -0.00092427 6.57709e-05 -0.00380459  -0.017938    -0.1413 -0.0409367    1.51652 -0.0431665   -9.69096 
               134.9 -17.5198  46.7773 -99.4962 -0.190708  0.855631   1.26658 0 0 0   -0.011 -0.02329  0.04412 -0.201237  0.523277 -0.167262 -0.000629472 -0.000321449  -0.00347554 -0.0202296  -0.143933 -0.0428723    1.51407 -0.0461295   -9.69133 
                 135 -15.4421  46.2079 -96.9662 -0.195887  0.836324   1.25386 0 0 0   -0.011 -0.02329  0.04412 -0.196485  0.450988 -0.225672 -0.000583792 -0.000948622  -0.00347674 -0.0234637  -0.146477 -0.0443339      1.511 -0.0485507    -9.6918 
               135.1 -14.1887  45.3288 -95.5269 -0.213916  0.847721   1.23636 0 0 0   -0.011 -0.02329  0.04412 -0.215031  0.448644  -0.14168 -0.000596853 -0.000748585  -0.00363635 -0.0254358  -0.148321 -0.0456916    1.50898 -0.0505755    -9.6921 
               135.2 -11.9672  43.2848 -93.5974 -0.214112  0.826078   1.24652 0 0 0   -0.011 -0.02329  0.04412  -0.145379   0.333236 -0.0754475 8.53985e-05 -0.00128665 -0.00366223 -0.0260282  -0.150732 -0.0476202    1.50796 -0.0536938   -9.69225 
               135.3  -10.177  42.8239 -92.0738 -0.219109  0.835481   1.23344 0 0 0   -0.011 -0.02329  0.04412 -0.0837847   0.275848  -0.113684  7.5238e-05 -0.00198117 -0.00384237  -0.027278  -0.152432 -0.0484924    1.50673 -0.0554348   -9.69243 
               135.4 -8.82634  40.2659 -90.8811 -0.208066  0.814973   1.24344 0 0 0   -0.011 -0.02329  0.04412 -0.0939264    0.24153 -0.0151683 -0.000722441  -0.00203474  -0.00299829 -0.0271114   -0.15541 -0.0502181    1.50645 -0.0590053   -9.69245 
               135.5   -7.43 38.0614 -88.077 -0.228915   0.81852   1.24464 0 0 0   -0.011 -0.02329  0.04412 -0.117392  0.227939  0.012052 -0.000401153  -0.00144753  -0.00374646 -0.0291971  -0.157388 -0.0518223   1.50431 -0.061348  -9.69277 
               135.6 -5.23473  33.3286 -87.9179 -0.24433 0.821325  1.25542 0 0 0   -0.011 -0.02329  0.04412 -0.102851  0.208858 0.0248515 0.000658167 -0.00184706 -0.00449462  -0.029657  -0.156513 -0.0524254   1.50364 -0.060947  -9.69288 
               135.7 -3.91574  31.2838  -87.649 -0.245783  0.810254   1.27181 0 0 0   -0.011 -0.02329  0.04412 0.00802226  0.0147952 -0.0401866 0.000567009  -0.0015218 -0.00470098 -0.0299652  -0.158049 -0.0539247    1.50298 -0.0630943   -9.69296 
               135.8  -2.6641  29.6919 -88.1429 -0.231601  0.768811    1.2847 0 0 0   -0.011 -0.02329  0.04412  0.0255372  -0.112715 -0.0341529 6.64153e-05 -0.00260272 -0.00454908 -0.0302574  -0.160268 -0.0554068    1.50241 -0.0657872   -9.69303 
               135.9  -3.0514  28.9974 -88.3444 -0.227524  0.726093   1.27397 0 0 0   -0.011 -0.02329  0.04412 -0.0405189 -0.0148717 -0.0103278 0.000117917 -0.00193867 -0.00441641 -0.0313285  -0.161523 -0.0560201    1.50144 -0.0671053   -9.69318 
                 136 -4.22579  30.0637 -89.4889 -0.215911  0.724526    1.2815 0 0 0   -0.011 -0.02329  0.04412 -0.0281066  0.0492324  0.0344401   0.00015752 -0.000753059  -0.00425385 -0.0301475  -0.162877 -0.0562021    1.50248 -0.0683965   -9.69301 
               136.1 -1.57045  28.6515 -90.5434 -0.203881  0.707038   1.28681 0 0 0   -0.011 -0.02329  0.04412  0.0227309 0.00419915 -0.0109101 -0.000650357 -0.000995077  -0.00439231 -0.0302623  -0.164389 -0.0567167    1.50236 -0.0699486   -9.69301 
               136.2 -1.87528  28.7308 -90.7437 -0.205981  0.700589    1.2879 0 0 0   -0.011 -0.02329  0.04412  0.0310667  -0.025997 0.00480638 -0.000113506  -0.00146052  -0.00441468 -0.0308036  -0.164145 -0.0569775    1.50181 -0.0698467    -9.6931 
               136.3  -2.4164  28.6806 -91.6722 -0.211717  0.683886   1.29666 0 0 0   -0.011 -0.02329  0.04412 -0.0834041 -0.0205909  0.0360727 -0.000371541  -0.00129246  -0.00444033 -0.0312825  -0.164513 -0.0574718    1.50129 -0.0703713   -9.69318 
               136.4 -0.543861    29.736  -89.8745 -0.222047  0.688705   1.30634 0 0 0   -0.011 -0.02329  0.04412   -0.031405 -0.00304928    0.016313 -0.000327932 -0.000590996  -0.00390847  -0.031008  -0.163986 -0.0577016     1.5014 -0.0699951   -9.69316 
               136.5 -0.630312   31.4477  -89.2174 -0.224402  0.678941    1.3045 0 0 0   -0.011 -0.02329  0.04412 -0.0276737  -0.049458 -0.0169034  0.000165885 -0.000750801  -0.00299729 -0.0316519  -0.164149 -0.0578366    1.50084 -0.0701843   -9.69325 
               136.6  1.30057  33.4893 -88.1729 -0.221197  0.688768   1.30157 0 0 0   -0.011 -0.02329  0.04412 0.0216492  0.158206 0.0212866 -0.000145823 -0.000323234  -0.00337689 -0.0312486  -0.164297 -0.0576469    1.50124 -0.0702499   -9.69318 
               136.7  2.79874  34.5988 -86.4934 -0.228755  0.711362   1.31565 0 0 0   -0.011 -0.02329  0.04412 -0.038049  0.272954 0.0761746 -0.000245533  0.000641186  -0.00449297 -0.0308039   -0.16391 -0.0580531  1.50145 -0.07004 -9.69315 
               136.8  3.69803  36.2198 -87.0254 -0.22816 0.727758  1.31097 0 0 0   -0.011 -0.02329  0.04412 -0.0286471   0.284227  0.0650801 -0.000789836  -9.6017e-05  -0.00419677 -0.0305453  -0.163696 -0.0574845    1.50182 -0.0696671    -9.6931 
               136.9  3.78083   36.715 -86.7695 -0.235622   0.77634   1.30355 0 0 0   -0.011 -0.02329  0.04412 -0.0893319   0.343232  0.0122484 -0.000608186  -0.00026116  -0.00433004 -0.0314929  -0.163613 -0.0571245    1.50115 -0.0694748    -9.6932 
                 137  5.35854  39.1875 -84.9275 -0.249273  0.774781   1.32242 0 0 0   -0.011 -0.02329  0.04412 -0.128768  0.377252 0.0449731 -0.000633318  0.000586465  -0.00412752  -0.032125  -0.163324 -0.0584607    1.50016 -0.0696378   -9.69336 
               137.1  5.52334   40.139 -84.2898 -0.268864   0.83478   1.32426 0 0 0   -0.011 -0.02329  0.04412 -0.219441  0.549043 0.0858275 -0.000288408  0.000238687  -0.00439831 -0.0328306  -0.164259 -0.0583843   1.4997 -0.07044 -9.69342 
               137.2  7.13792  40.1377 -84.3252 -0.291191  0.842617   1.32768 0 0 0   -0.011 -0.02329  0.04412 -0.273281  0.457018 0.0687385 -0.000156686 -0.000338962   -0.0046987 -0.0349533  -0.164452 -0.0591513    1.49776 -0.0708358   -9.69372 
               137.3  6.21055  39.8886 -84.3255 -0.30089 0.878791  1.32816 0 0 0   -0.011 -0.02329  0.04412  -0.106767   0.418139 -0.0244627   0.00117419 -0.000218672  -0.00469952 -0.0357258  -0.166924 -0.0594684    1.49727 -0.0731145   -9.69378 
               137.4  9.76541   44.391 -83.9786 -0.30486 0.857888  1.31454 0 0 0   -0.011 -0.02329  0.04412   -0.11209   0.369818 -0.0603124   0.00113145 -0.000133696  -0.00407172 -0.0390509  -0.168296 -0.0602881   1.49451 -0.074536  -9.69419 
               137.5  10.8391  44.8916 -84.4765 -0.315867  0.919624   1.29657 0 0 0   -0.011 -0.02329  0.04412 -0.0990189   0.510311 -0.0245497 0.000169454  0.00023523  -0.0034422   -0.03999  -0.169267 -0.0602209    1.49392 -0.0753487   -9.69428 
               137.6  13.7696  45.6802 -80.5972 -0.326881  0.935113   1.28161 0 0 0   -0.011 -0.02329  0.04412  -0.124459   0.501081 -0.0455944 -0.000467151  0.000369029  -0.00394459 -0.0430246  -0.171078 -0.0611538    1.49142 -0.0771631   -9.69465 
               137.7 14.7287 44.7007 -77.989 -0.327283  0.949475   1.28093 0 0 0   -0.011 -0.02329  0.04412 -0.0914009   0.504728 -0.0569174 -0.000558665  0.000111689  -0.00452638 -0.0440186  -0.173254 -0.0621216    1.49047 -0.0793683   -9.69478 
               137.8  13.4841  44.9429 -77.1815 -0.339784  0.949843   1.28592 0 0 0   -0.011 -0.02329  0.04412  -0.148954   0.428451 -0.0777982 -0.000605675 -0.000229492  -0.00442689 -0.0460878  -0.175097 -0.0641491    1.48817 -0.0816189   -9.69511 
               137.9  13.1092  44.0045 -75.9041 -0.348413   0.96757   1.28506 0 0 0   -0.011 -0.02329  0.04412 -0.143766  0.435756 -0.110022  -0.00165718 -0.000318907   -0.0046689 -0.0464211  -0.176795  -0.065039    1.48768 -0.0834093   -9.69517 
                 138  10.6577  45.4551 -75.2992 -0.354238  0.963172   1.29231 0 0 0   -0.011 -0.02329  0.04412 -0.116554  0.473398 -0.158197  -0.00103981 -0.000450701  -0.00408955 -0.0471646  -0.178929 -0.0670094    1.48637 -0.0859844   -9.69535 
               138.1  9.14651  46.8584 -73.6148 -0.367238  0.995916   1.29193 0 0 0   -0.011 -0.02329  0.04412  -0.171919   0.572339 -0.0993764  -0.00222422 -0.000390367  -0.00328908 -0.0473859  -0.180119 -0.0681253    1.48577 -0.0874539   -9.69543 
               138.2  6.77567  47.0899 -68.1087 -0.354486  0.985221   1.30483 0 0 0   -0.011 -0.02329  0.04412 -0.266619  0.571544 0.0458517  -0.00166536 -0.000150104  -0.00361171 -0.0483936  -0.184658 -0.0701866    1.48463 -0.0921742   -9.69556 
               138.3  4.95857  45.7099 -65.1868 -0.374297   1.00962   1.31227 0 0 0   -0.011 -0.02329  0.04412 -0.469682  0.623927  0.128023 -0.00145062 -0.00029013 -0.00320859 -0.0494778  -0.186595 -0.0709724    1.48378 -0.0941409   -9.69567 
               138.4  7.07423  39.9676 -63.0643 -0.410243   1.04841   1.32778 0 0 0   -0.011 -0.02329  0.04412 -0.439806  0.650782 0.0874507  -0.00109694 -0.000782045  -0.00361418 -0.0501861  -0.188538 -0.0717447    1.48324 -0.0961257   -9.69573 
               138.5  8.22246  30.5599 -63.4242 -0.406459   1.04015   1.34704 0 0 0   -0.011 -0.02329  0.04412  -0.32382  0.513516 0.0977615 -0.000312235  -0.00230203  -0.00452534 -0.0500789   -0.19107  -0.072842    1.48323 -0.0987828   -9.69571 
               138.6  9.01605  28.7489 -62.4515 -0.397669   1.02346   1.36433 0 0 0   -0.011 -0.02329  0.04412  -0.14022  0.297259 0.0346729 -0.000324545  -0.00385927  -0.00484797  -0.050693  -0.194129 -0.0742468   1.48272 -0.102062  -9.69575 
             138.699   9.6395  22.7304 -62.5198 -0.393824  0.990768   1.37603 0 0 0   -0.011 -0.02329  0.04412   0.0719192 -0.00505793  -0.0655183 -0.000294671  -0.00326018  -0.00452435 -0.0520722  -0.195922 -0.0760905   1.48126 -0.104678  -9.69595 
               138.8  9.53074  19.8049 -61.4267 -0.361626  0.968241   1.35767 0 0 0   -0.011 -0.02329  0.04412  0.182065 -0.122324 -0.106183 0.000110373 -0.00290208 -0.00426371 -0.0525749  -0.196871 -0.0763256  1.48107  -0.1056 -9.69597 
               138.9 9.94444  18.945 -59.776 -0.335219  0.933504      1.35 0 0 0   -0.011 -0.02329  0.04412   0.201414  -0.146616 -0.0799498 -0.000236071  -0.00188321  -0.00425926 -0.0534784  -0.197955 -0.0769895   1.48051 -0.106977  -9.69604 
                 139  10.1601  19.8369 -58.3407 -0.330037  0.902167    1.3628 0 0 0   -0.011 -0.02329  0.04412   0.178868  -0.184986 -0.0454295 -0.000322071  -0.00152352  -0.00390909  -0.054017  -0.198467 -0.0782319   1.47978 -0.108254  -9.69613 
               139.1  10.7956  19.2691 -57.7753 -0.307235  0.860168   1.36827 0 0 0   -0.011 -0.02329  0.04412    0.111711  -0.0682415 -0.00855244 -0.000632377  -0.00106777  -0.00402061 -0.0544771  -0.198732  -0.078924  1.47928 -0.10899  -9.6962 
             139.199  10.4895  17.1677 -55.3085 -0.282865  0.868463   1.35865 0 0 0   -0.011 -0.02329  0.04412   0.170185  0.0594572 -0.0432665 -5.05988e-05 -0.000965646   -0.0039808 -0.0543574  -0.199182 -0.0785136   1.47968 -0.109006  -9.69614 
               139.3 9.53232 15.7045 -53.938 -0.28811 0.871255  1.35058 0 0 0   -0.011 -0.02329  0.04412  0.0939894   0.104032 -0.0356509 -0.000224752  -0.00100316  -0.00421649 -0.0549461  -0.198059 -0.0784913   1.47889 -0.108466  -9.69627 
               139.4   8.8555   15.765 -53.2217 -0.275922   0.87259   1.35472 0 0 0   -0.011 -0.02329  0.04412 -0.0084268   0.094972  0.0488856 -0.000837437  -0.00140848  -0.00433735 -0.0550401  -0.198593 -0.0786355     1.479 -0.108961  -9.69625 
               139.5  9.01035  13.2312 -53.3317 -0.27964 0.871008   1.3563 0 0 0   -0.011 -0.02329  0.04412 -0.065254  0.146363 0.0543321  -0.00110409 -0.000766479  -0.00439644 -0.0557535  -0.198616 -0.0786972  1.47858 -0.10936  -9.6963 
               139.6  8.07742  11.3179 -52.9099 -0.294668  0.878019   1.37692 0 0 0   -0.011 -0.02329  0.04412 -0.0663237   0.160863  0.0281369 -0.000420248 -0.000678734  -0.00495696 -0.0555646  -0.198291 -0.0793761   1.47832 -0.109409  -9.69634 
               139.7   8.0268  10.5298 -53.0845 -0.304631   0.88358   1.39042 0 0 0   -0.011 -0.02329  0.04412  -0.0374358    0.123185 -0.00824338 -0.000237831  -0.00137146  -0.00514427 -0.0554069  -0.198076 -0.0798404  1.47815 -0.10944 -9.69637 
               139.8  8.70202  9.23951 -52.8289 -0.311568  0.899028   1.40501 0 0 0   -0.011 -0.02329  0.04412 -0.0489965   0.199267  0.0137461 -8.40652e-05  -0.00132954  -0.00545308 -0.0550059   -0.19816 -0.0803353   1.47825 -0.109469  -9.69635 
               139.9  9.55075  7.98343 -52.8191 -0.31379 0.910819  1.40176 0 0 0   -0.011 -0.02329  0.04412 -0.0436546   0.223149  0.0066874 -9.76672e-05  -0.00111135  -0.00537004  -0.055439  -0.198127 -0.0802415  1.47806 -0.10969 -9.69638 
                 140  9.65464  6.78235 -53.2639 -0.309931  0.899032   1.40871 0 0 0   -0.011 -0.02329  0.04412 -0.0366278   0.188962  0.0240412 -0.000117442  -0.00102968  -0.00528223 -0.0562292  -0.198231 -0.0805821  1.47767 -0.11039 -9.69643 
               140.1  9.92455  6.80309 -53.5325 -0.302431   0.88609   1.40785 0 0 0   -0.011 -0.02329  0.04412 -0.0341923   0.167016  0.0269136 -0.000369204   -0.0011718   -0.0054481 -0.0568658  -0.198375 -0.0805246   1.47749 -0.110885  -9.69645 
               140.2  9.84715  6.19371 -53.7365 -0.308584  0.901031   1.41679 0 0 0   -0.011 -0.02329  0.04412 -0.130976  0.232189 0.0845283 -0.000427425 -0.000814923  -0.00544914 -0.0576109   -0.19843  -0.080507   1.47721 -0.111418  -9.69649 
               140.3  10.2725  4.86137 -53.6234 -0.312211  0.901876   1.42514 0 0 0   -0.011 -0.02329  0.04412 -0.187924  0.205501   0.04733 -0.000921823 -0.000849838  -0.00538226 -0.0582904  -0.198847  -0.080514   1.47717 -0.112089  -9.69649 
               140.4  9.79137  4.35708 -53.1828 -0.325169  0.895608   1.43729 0 0 0   -0.011 -0.02329  0.04412 -0.198016   0.16215 0.0334867 -0.000167204 -0.000958486  -0.00532691 -0.0590585  -0.198915 -0.0810495   1.47676 -0.112705  -9.69654 
               140.5  10.8175  4.51165 -53.4287 -0.322653  0.899237   1.43565 0 0 0   -0.011 -0.02329  0.04412 -0.153307  0.225738 0.0374607 0.000303084 -0.00106872 -0.00490414 -0.0595835  -0.199488 -0.0807036   1.47698 -0.113303   -9.6965 
               140.6  12.0048  4.14359 -52.6778 -0.315795  0.890344   1.43235 0 0 0   -0.011 -0.02329  0.04412 -0.144081  0.250798 0.0458813  0.000887672 -0.000328095  -0.00517518 -0.0602968  -0.199739 -0.0804706 1.47692 -0.1139 -9.6965 
               140.7  12.2847  4.72315 -52.8144 -0.312985  0.887088   1.42285 0 0 0   -0.011 -0.02329  0.04412 -0.130506  0.313098 0.0560867  0.000985951 -0.000577114  -0.00483435  -0.061251  -0.199738 -0.0797322    1.4768 -0.114552  -9.69652 
               140.8  14.4759   3.9963 -52.3443 -0.313673   0.90641   1.41232 0 0 0   -0.011 -0.02329  0.04412 -0.0783265   0.358185  0.0241699  0.000256557 -0.000434789  -0.00510962 -0.0621019  -0.199731 -0.0788398   1.47676 -0.115146  -9.69651 
             140.899  15.2035  3.74717 -52.5585 -0.329628  0.944337   1.40915 0 0 0   -0.011 -0.02329  0.04412 -0.173893  0.374731 -0.027935 -0.000628609 -0.000763876  -0.00500469 -0.0629059  -0.199512  -0.078781   1.47638 -0.115623  -9.69657 
                 141  12.6908  4.01623 -53.1092 -0.339812  0.949074   1.40125 0 0 0   -0.011 -0.02329  0.04412 -0.215746  0.337273 -0.058294 -0.000839634 -0.000308263  -0.00535456 -0.0640562  -0.199488 -0.0786921     1.476 -0.116428  -9.69662 
             141.099  11.6058  3.85385 -52.6924 -0.327353  0.917917   1.40253 0 0 0   -0.011 -0.02329  0.04412  -0.200854    0.28373 -0.0580512 -0.000536191 -8.08829e-05  -0.00564415 -0.0654009   -0.19972  -0.078854   1.47561 -0.117473  -9.69666 
             141.199 11.1461 3.77396 -52.926 -0.349979  0.947127   1.38678 0 0 0   -0.011 -0.02329  0.04412  -0.263676   0.361168 -0.0337017 -0.000280471  6.23247e-05  -0.00550317 -0.0661568   -0.19993 -0.0784551    1.4756 -0.118114  -9.69666 
               141.3  9.84118  5.60294 -53.0252 -0.341023  0.954813   1.37365 0 0 0   -0.011 -0.02329  0.04412  -0.220055   0.407703 -0.0545262 6.01734e-05 1.21203e-06 -0.00577906 -0.0673811  -0.200846 -0.0777578   1.47593 -0.119413  -9.69659 
               141.4  9.42965   6.0392 -54.1528 -0.343247  0.934051   1.37469 0 0 0   -0.011 -0.02329  0.04412   -0.27153   0.332362 -0.0629281 -0.000565858  2.08775e-05  -0.00567749 -0.0695774   -0.20138 -0.0781082   1.47534 -0.121178  -9.69666 
             141.499  7.69151  7.20061 -54.5098 -0.34387 0.928193  1.36874 0 0 0   -0.011 -0.02329  0.04412  -0.289929    0.29542 -0.0569454 -0.000289328 -0.000605165  -0.00578346 -0.0709515   -0.20211 -0.0779692   1.47531 -0.122471  -9.69665 
               141.6   7.2325  7.74845 -54.8355 -0.383197  0.942032    1.3675 0 0 0   -0.011 -0.02329  0.04412  -0.305503   0.276631 -0.0585082 -0.000114621 -0.000881047  -0.00610627 -0.0719091   -0.20213 -0.0784417   1.47482 -0.123127  -9.69671 
               141.7  7.59421  8.42036 -56.2126 -0.38591 0.942182  1.37452 0 0 0   -0.011 -0.02329  0.04412  -0.269527   0.306693 -0.0220876 0.000149151 -0.00100996 -0.00595022 -0.0730597   -0.20327  -0.078893   1.47486 -0.124424  -9.69669 
             141.799   7.3567  7.65361 -57.9967 -0.391164  0.943985    1.3726 0 0 0   -0.011 -0.02329  0.04412   -0.279374    0.336705 -0.00409587 1.02827e-06 -0.00048185 -0.00624849 -0.0743096  -0.204046 -0.0788642   1.47482 -0.125635  -9.69668 
               141.9  7.52046  7.54356 -58.8446 -0.371774  0.926882   1.36585 0 0 0   -0.011 -0.02329  0.04412  -0.240042   0.310373 -0.0160858 -0.000202536 -0.000574616  -0.00626211 -0.0752601  -0.204862 -0.0784656   1.47501 -0.126669  -9.69664 
                 142  6.91421  7.36401 -59.3034 -0.370823  0.924553   1.35608 0 0 0   -0.011 -0.02329  0.04412  -0.216927   0.297826 -0.0384464  0.000116316 -0.000483609  -0.00609936 -0.0766063  -0.205462 -0.0781429   1.47491 -0.127861  -9.69664 
             142.099  6.31037  7.93511 -60.2557 -0.382105  0.951702   1.35283 0 0 0   -0.011 -0.02329  0.04412  -0.133815   0.275125 -0.0615438 0.000403196 -0.00127665 -0.00580514 -0.0772174   -0.20613  -0.078395   1.47494 -0.128591  -9.69662 
             142.199  6.09209  8.42034 -60.4939 -0.374515  0.943568   1.34702 0 0 0   -0.011 -0.02329  0.04412   -0.12587   0.274084 -0.0751527  0.000236136 -0.000777274  -0.00564451 -0.0779799  -0.206544  -0.078238   1.47485 -0.129285  -9.69663 
             142.299  6.39409  8.42917 -60.8639 -0.386363   0.97746   1.32463 0 0 0   -0.011 -0.02329  0.04412  -0.248829   0.341445 -0.0574864 -0.000133179 -0.000564086  -0.00566869 -0.0788539  -0.206981  -0.077743   1.47481 -0.130059  -9.69662 
             142.399  4.38015  9.69562 -62.3733 -0.368425  0.952213   1.32769 0 0 0   -0.011 -0.02329  0.04412   -0.23538   0.266735 -0.0545215 -0.000456564 -0.000657722  -0.00567983 -0.0801094  -0.208137 -0.0780266   1.47471 -0.131462  -9.69662 
             142.499  2.96882  10.6894 -62.5477 -0.376635  0.965206   1.32435 0 0 0   -0.011 -0.02329  0.04412   -0.235014    0.291185 -0.00843383 0.000480294  -0.0012677 -0.00574293 -0.0812184  -0.209282  -0.078193    1.4747 -0.132774   -9.6966 
             142.599  5.45755  12.9942 -61.7766 -0.381356  0.968804   1.32253 0 0 0   -0.011 -0.02329  0.04412 -0.0846552    0.22476 -0.0168908  0.00118593 -0.00244231 -0.00515766 -0.0821788  -0.209713  -0.078179   1.47441 -0.133567  -9.69664 
             142.699  8.84951  11.5674 -60.1018 -0.382749  0.972735    1.3145 0 0 0   -0.011 -0.02329  0.04412 -0.0159933   0.221499 -0.0317497 0.00108778 -0.0022685 -0.0050128  -0.082795  -0.209743 -0.0779474   1.47414 -0.133908  -9.69667 
               142.8  10.3545  10.5258 -58.3407 -0.379552  0.963943   1.31808 0 0 0   -0.011 -0.02329  0.04412  0.0031742   0.230225 -0.0187528 0.000806296 -0.00160949 -0.00544133 -0.0835927  -0.210036 -0.0783025   1.47377 -0.134531  -9.69672 
             142.899  10.1669  9.86643 -57.6819 -0.377576  0.998833     1.313 0 0 0   -0.011 -0.02329  0.04412   0.0213297     0.33256 -0.00359309 0.000998057 -0.00119303 -0.00560807  -0.084168  -0.209948 -0.0782547   1.47342 -0.134778  -9.69677 
             142.999  9.59615  8.96171 -56.4475 -0.368469  0.997286   1.31347 0 0 0   -0.011 -0.02329  0.04412   0.0131658    0.343251 -0.00338718  0.000597778 -0.000664641  -0.00570332 -0.0846123  -0.210456 -0.0783317   1.47339 -0.135329  -9.69677 
             143.099  9.26508  9.64253 -56.3754 -0.370863   1.03755   1.31552 0 0 0   -0.011 -0.02329  0.04412 -0.0719297     0.3775  0.0318126 0.000647758 -0.00106909 -0.00550578  -0.085442  -0.210374 -0.0784403   1.47289 -0.135723  -9.69684 
               143.2  9.64811  9.51095 -54.2062 -0.362045   1.02156   1.32854 0 0 0   -0.011 -0.02329  0.04412 -0.0590583   0.345323  0.0455603  0.000740283 -0.000953467  -0.00537911 -0.0863039  -0.210939 -0.0791613   1.47254 -0.136588  -9.69688 
             143.299  9.73603  9.99968 -54.6599 -0.367626   1.04432   1.35103 0 0 0   -0.011 -0.02329  0.04412 0.00957844   0.354588  0.0517512 0.000786222 -0.00128164 -0.00482376 -0.0873938  -0.210924 -0.0799731   1.47181 -0.137253  -9.69698 
             143.399  10.2759  9.20096 -53.6423 -0.358722   1.07832   1.35609 0 0 0   -0.011 -0.02329  0.04412 0.0430713  0.348849  0.034388 0.000619026 -0.00124405 -0.00495219 -0.0876402  -0.211167 -0.0799794    1.4718 -0.137527  -9.69698 
             143.599  8.91637  9.25092 -53.6304 -0.351628   1.10476   1.36648 0 0 0   -0.011 -0.02329  0.04412  0.0060932   0.354138 -0.0462433  0.00027303 -0.00106117 -0.00522677 -0.0888486  -0.211048 -0.0803661    1.4711 -0.138218  -9.69707 
               143.7  5.80653  10.3676 -52.9214 -0.354336   1.06768   1.37153 0 0 0   -0.011 -0.02329  0.04412 -0.00495262    0.285376  -0.0444683 0.000215324 -0.00108762 -0.00519198 -0.0900595  -0.210711 -0.0808065   1.47033 -0.138834  -9.69718 
             143.799  6.00909  10.3602 -52.8616 -0.345648   1.03621   1.37288 0 0 0   -0.011 -0.02329  0.04412  0.0068425   0.230425 -0.0456253 0.000183099 -0.00111745 -0.00513619 -0.0911128  -0.210864 -0.0809862    1.4699 -0.139564  -9.69724 
             143.899  6.10513  10.3766 -52.8993 -0.33928  1.01534  1.37499 0 0 0   -0.011 -0.02329  0.04412  0.0158534   0.193663 -0.0445432  0.00015913  -0.0011413 -0.00509729 -0.0917913  -0.211008 -0.0811523   1.46964 -0.140062  -9.69727 
             143.999  6.08683  10.4575 -52.9681 -0.311769   1.07488   1.34506 0 0 0   -0.011 -0.02329  0.04412  0.294778  0.292684 -0.137112 0.000169482 -0.00113949 -0.00506305 -0.0923113  -0.211122 -0.0809555   1.46951 -0.140408  -9.69728 
             144.099  5.41505  8.62696 -52.8096 -0.306184  0.995429   1.27042 0 0 0   -0.011 -0.02329  0.04412   0.24314  0.122861 -0.266556 0.000138569 -0.00114674 -0.00507367 -0.0927705  -0.210981 -0.0807608   1.46933 -0.140611  -9.69731 
             144.199  6.27613  9.89205 -52.5174 -0.247001  0.973967    1.2611 0 0 0   -0.011 -0.02329  0.04412  0.391193 0.0458146 -0.240413 -0.00095894 -0.00239759 -0.00540691 -0.0928658  -0.211075 -0.0808829   1.46933 -0.140705  -9.69731 
             144.299  6.91773  9.62261 -52.4002 -0.267428  0.973703    1.3257 0 0 0   -0.011 -0.02329  0.04412   0.215095  0.0527854 -0.0138349 -0.00154127 -0.00255846 -0.00600416 -0.0927871  -0.210929 -0.0811426   1.46926 -0.140685  -9.69732 
             144.399  6.60353  9.59474 -52.7545 -0.275007  0.966945   1.31314 0 0 0   -0.011 -0.02329  0.04412   0.158333  0.0315043 -0.0244852  -0.0013317  -0.0033474 -0.00601209 -0.0928034  -0.210727 -0.0811313   1.46921 -0.140672  -9.69733 
             144.499 8.30781 9.55284  -51.82 -0.285701  0.945405   1.30878 0 0 0   -0.011 -0.02329  0.04412   0.150012 -0.0592326 -0.0349484 -0.00204947 -0.00488158 -0.00607471  -0.092908  -0.210319 -0.0811632   1.46908 -0.140672  -9.69734 
             144.599  9.40952  8.60713 -51.5481 -0.306626  0.937364    1.3266 0 0 0   -0.011 -0.02329  0.04412   0.157204 -0.0836521 -0.0125786 -0.00218741 -0.00510863 -0.00560336 -0.0928572  -0.209736 -0.0812927   1.46891 -0.140616  -9.69737 
             144.699  9.50273  8.52846 -52.1366 -0.305655  0.942355   1.32219 0 0 0   -0.011 -0.02329  0.04412   0.247239  -0.105421 -0.0366512 -0.00205241 -0.00577585  -0.0055574 -0.0926069  -0.209587 -0.0812243   1.46889 -0.140517  -9.69738 
             144.799  9.82948  7.21791 -52.4336 -0.315693  0.938599   1.34152 0 0 0   -0.011 -0.02329  0.04412    0.213116   -0.105174 -0.00963631  -0.0031762 -0.00403218 -0.00679402 -0.0926497  -0.209118 -0.0813971 1.46873 -0.1405 -9.6974 
             144.899    10.06  7.38139 -52.6438 -0.307654  0.921816   1.38556 0 0 0   -0.011 -0.02329  0.04412 0.0863794 -0.104628 0.0843874 -0.00393545 -0.00381897 -0.00702772 -0.0925121  -0.208736 -0.0817019   1.46861 -0.140441  -9.69742 
                 145 7.63731 8.40449 -54.854 -0.311062  0.920878   1.38282 0 0 0   -0.011 -0.02329  0.04412 0.0605955 -0.106277 0.0764605 -0.00407984 -0.00320036 -0.00691313 -0.0924547  -0.208405 -0.0816089   1.46853 -0.140377  -9.69743 
             145.099  7.06311  8.82879 -55.2101 -0.312303  0.898251   1.40202 0 0 0   -0.011 -0.02329  0.04412 0.0574435 -0.101857  0.101158 -0.00339649 -0.00364736 -0.00644471 -0.0924594  -0.207727 -0.0817044   1.46831 -0.140312  -9.69747 
               145.2  8.05565  8.01626 -55.0117 -0.324338  0.897283    1.4088 0 0 0   -0.011 -0.02329  0.04412 0.0358886 -0.105857  0.108723 -0.00340077 -0.00359377 -0.00606227 -0.0922292  -0.206811 -0.0818997   1.46804 -0.140131  -9.69751 
             145.299  8.17833  7.91319 -55.2374 -0.318474  0.877901   1.43452 0 0 0   -0.011 -0.02329  0.04412 0.0570558 -0.145806 0.0985815 -0.00358162 -0.00356947 -0.00588569 -0.0921546  -0.206777 -0.0820836   1.46802 -0.140115  -9.69751 
               145.4  9.0056 7.33531 -55.035 -0.31802 0.846333  1.45696 0 0 0   -0.011 -0.02329  0.04412  0.050291 -0.163317   0.13373 -0.00385793 -0.00368047 -0.00563242 -0.0925316  -0.205976 -0.0826654   1.46769 -0.140188  -9.69756 
             145.499  9.66377  7.48399 -54.5817 -0.321741  0.846157   1.45945 0 0 0   -0.011 -0.02329  0.04412 0.0355962 -0.141444  0.138747 -0.00322403  -0.0026777 -0.00521863 -0.0924758  -0.205691 -0.0828286  1.46759 -0.14014 -9.69758 
             145.599  9.75243  7.58701 -54.8434 -0.317631  0.822302   1.47565 0 0 0   -0.011 -0.02329  0.04412 0.0215933 -0.118103  0.139053 -0.00333567 -0.00271377 -0.00476782 -0.0927944  -0.205481 -0.0823924   1.46754 -0.140192  -9.69759 
               145.7  11.0715  5.98542 -54.5921 -0.317198  0.820563   1.49683 0 0 0   -0.011 -0.02329  0.04412 0.0562583 -0.024844  0.163004 -0.00309209 -0.00217837 -0.00432247 -0.0923005  -0.205396 -0.0825306   1.46755 -0.140009  -9.69759 
             145.799  11.5379  5.17972 -52.6764 -0.304502  0.809192   1.51126 0 0 0   -0.011 -0.02329  0.04412  0.0647069 -0.0176539   0.173219 -0.00325246 -0.00225444 -0.00397621 -0.0929572  -0.205615 -0.0826649   1.46753 -0.140294  -9.69758 
             145.899  11.9423   4.1488 -51.7987 -0.294102  0.806667   1.52193 0 0 0   -0.011 -0.02329  0.04412  0.0457398 -0.0465263    0.16531 -0.00422797  -0.0019391 -0.00316329 -0.0931064  -0.205908 -0.0821157   1.46767 -0.140353  -9.69756 
                 146   11.675  2.80267 -50.7338 -0.288636  0.806128   1.51363 0 0 0   -0.011 -0.02329  0.04412 0.00222073  -0.038195   0.128298 -0.00443265 -0.00147408 -0.00297538 -0.0933813  -0.205713 -0.0802879   1.46779 -0.140293  -9.69755 
             146.099  11.2736  2.50034 -49.9718 -0.305377  0.818895   1.51241 0 0 0   -0.011 -0.02329  0.04412 -0.0756556 -0.0336646  0.0924295 -0.00418654 -0.00155374 -0.00397998 -0.0925441  -0.205197 -0.0788597   1.46789 -0.139808  -9.69754 
               146.2  12.2617  1.93132 -49.4077 -0.297568  0.820728    1.5164 0 0 0   -0.011 -0.02329  0.04412 0.0237218 0.0179202  0.085115 -0.00276331 -0.00192482 -0.00459906 -0.0926702  -0.205947 -0.0783877   1.46815 -0.139917   -9.6975 
             146.299  14.2071  1.34747 -49.2703 -0.307377  0.829344   1.51226 0 0 0   -0.011 -0.02329  0.04412 0.0453729 0.0646835  0.075524 -0.00253009 -0.00159715 -0.00482828 -0.0922251  -0.205072  -0.077767   1.46802 -0.139611  -9.69752 
             146.399  15.1768 0.968288 -49.1186 -0.29887 0.845329  1.49872 0 0 0   -0.011 -0.02329  0.04412 0.0238129  0.124018  0.052193 -0.00300972 -0.00107276 -0.00478482 -0.0927189  -0.204402  -0.075639   1.46808 -0.139598  -9.69751 
             146.499  16.6101  1.30151 -46.3939 -0.297513  0.867903   1.47254 0 0 0   -0.011 -0.02329  0.04412 -0.00122691     0.16206   0.0142647  -0.00323751 -0.000779193  -0.00426293 -0.0922679  -0.204354 -0.0728342   1.46852 -0.139274  -9.69745 
             146.599  16.7583  2.06922 -45.5875 -0.296574  0.915802   1.45271 0 0 0   -0.011 -0.02329  0.04412 3.33478e-05     0.29151   0.0134814 -0.00264391 -0.00129411 -0.00377698 -0.0918585  -0.204494  -0.070736  1.46891 -0.13902 -9.69739 
               146.7  17.2582 0.221878 -44.3941 -0.312543   0.94287   1.44044 0 0 0   -0.011 -0.02329  0.04412  -0.0313517    0.395053 0.000869957  -0.00181149 -4.53551e-05  -0.00517743 -0.0925155  -0.202284 -0.0698696   1.46847 -0.139092  -9.69746 
             146.799   16.9905 -0.916804  -44.3438 -0.330377   0.96126   1.42464 0 0 0   -0.011 -0.02329  0.04412   -0.10726   0.430849 -0.0417171 -0.00230145   0.0010143 -0.00648618 -0.0937181  -0.199832 -0.0688923  1.46804 -0.13938 -9.69752 
             146.899    16.1143 -0.0745324   -44.8199 -0.354747   1.00065   1.40402 0 0 0   -0.011 -0.02329  0.04412  -0.186357   0.450015 -0.0649648 -0.00259315  0.00030086 -0.00638452 -0.0937126  -0.198224 -0.0677254   1.46788 -0.139271  -9.69755 
             146.999  15.6341 0.618716 -45.1721 -0.380978    1.0178   1.39173 0 0 0   -0.011 -0.02329  0.04412  -0.285471    0.46358 -0.0865542 -0.00276619  0.00013719 -0.00713235  -0.095106  -0.196368 -0.0675048  1.46754 -0.13973 -9.69759 
             147.099   15.695  1.39525 -45.5512 -0.404469   1.02912   1.38581 0 0 0   -0.011 -0.02329  0.04412  -0.284096   0.433467 -0.0936414  -0.00278353 -0.000723613   -0.0067913 -0.0967582  -0.195108 -0.0678903   1.46724 -0.140328  -9.69763 
             147.199  15.8018  1.70096 -45.8034 -0.419174   1.04091   1.38193 0 0 0   -0.011 -0.02329  0.04412  -0.282683   0.453857 -0.0768612 -0.00203285 -0.00128597 -0.00699742  -0.09824 -0.194457 -0.068197    1.4671 -0.140854  -9.69764 
             147.299  15.9451  2.85898 -46.1024 -0.436584   1.05777   1.37948 0 0 0   -0.011 -0.02329  0.04412  -0.235999   0.487602 -0.0359044 -0.000995996  -0.00232485  -0.00586076  -0.100501  -0.193454 -0.0685802   1.46693 -0.141645  -9.69766 
               147.5  18.122 1.15295  -44.98 -0.467614   1.09674   1.37684 0 0 0   -0.011 -0.02329  0.04412  -0.157831   0.520336 -0.0032997 -0.00103911 -0.00210073 -0.00571595   -0.10315  -0.191152 -0.0690861   1.46646 -0.142575  -9.69771 
               147.6  18.3028 -2.16556  -43.807 -0.45832  1.10117  1.38535 0 0 0   -0.011 -0.02329  0.04412   -0.177901    0.492113 -0.00165813 -0.00132844 -0.00114349 -0.00606138  -0.106947  -0.190821 -0.0696367   1.46652 -0.143834  -9.69769 
               147.7  17.8187 -4.44812 -43.8474 -0.464211   1.11043   1.38157 0 0 0   -0.011 -0.02329  0.04412 -0.152918  0.391333 -0.044694  -0.00298324 -0.000784913  -0.00708311  -0.108923  -0.189907 -0.0695403   1.46649 -0.144463  -9.69768 
               147.8  16.5465 -3.73642  -44.386 -0.45836  1.08943  1.38124 0 0 0   -0.011 -0.02329  0.04412  -0.121161   0.315417 -0.0512468 -0.00256957 -0.00230254 -0.00718416  -0.110525  -0.189023 -0.0696446   1.4664 -0.14499 -9.69769 
             147.899  16.0988  -3.5105 -44.2398 -0.469072   1.09481   1.38808 0 0 0   -0.011 -0.02329  0.04412  -0.126479   0.293051 -0.0158712 -0.00208908 -0.00254948 -0.00743128 -0.112741 -0.188283 -0.070875   1.46611 -0.145798  -9.69772 
                 148  18.4418 -1.75139 -43.7283 -0.468941    1.0564   1.41693 0 0 0   -0.011 -0.02329  0.04412 -0.0819951   0.204058   0.036845 -0.00148384 -0.00291246 -0.00586621 -0.115843 -0.186837 -0.073305   1.46544 -0.146992   -9.6978 
               148.1   19.411 -2.04974  -43.616 -0.474003   1.03256   1.42309 0 0 0   -0.011 -0.02329  0.04412 -0.102162   0.12994 0.0262382 -0.00207258  -0.0025341 -0.00617666  -0.117768  -0.185273 -0.0736464   1.46521 -0.147671  -9.69783 
               148.2  19.8767 -2.24744 -43.9369 -0.459382   1.01983    1.4197 0 0 0   -0.011 -0.02329  0.04412 -0.0458879   0.157173   0.042786 -0.00178557 -0.00219243 -0.00621783  -0.119804  -0.184872 -0.0726628   1.46559 -0.148239  -9.69776 
               148.3   20.226 -2.82806 -44.4276 -0.44905   1.0171  1.41706 0 0 0   -0.011 -0.02329  0.04412 -0.0314604   0.208816  0.0420415 -0.00151544 -0.00125815 -0.00626857  -0.121197  -0.184405 -0.0718938   1.46585 -0.148626  -9.69771 
               148.4  19.9743 -4.20611 -44.6194 -0.439405  0.986442   1.41672 0 0 0   -0.011 -0.02329  0.04412 -0.0200636   0.166433  0.0327223  -0.00147568 -0.000145922  -0.00676556  -0.123169  -0.183104 -0.0717804   1.46583 -0.149269  -9.69771 
             148.499  20.1758 -3.65717  -44.692 -0.435371   1.00372    1.4124 0 0 0   -0.011 -0.02329  0.04412 -0.0443626   0.212357  0.0210985  -0.00178705 -0.000649202  -0.00654296 -0.123869 -0.182539 -0.071028     1.466 -0.149448  -9.69768 
               148.6  19.8524 -2.70382 -45.0528 -0.43541  1.01397   1.4153 0 0 0   -0.011 -0.02329  0.04412 -0.0562617   0.258375  0.0194618   -0.0017271 -0.000618285  -0.00653402 -0.124801 -0.182034 -0.071058  1.46598 -0.14975 -9.69768 
               148.7  19.1457 -3.25395 -45.0597 -0.438335   1.02473   1.40667 0 0 0   -0.011 -0.02329  0.04412 -0.0608251   0.294201 0.00707027  -0.00119065 -0.000339747  -0.00647896  -0.125181  -0.181153 -0.0703767   1.46605 -0.149846  -9.69767 
             148.799  19.3052 -3.16085 -45.0094 -0.435187   1.02796      1.41 0 0 0   -0.011 -0.02329  0.04412 -0.0888333   0.346669  0.0228983  -0.00131785 -0.000140016  -0.00635708  -0.126807  -0.180445 -0.0704866   1.46603 -0.150369  -9.69766 
             148.899  18.7298 -3.50228 -44.8725 -0.445085    1.0506   1.40671 0 0 0   -0.011 -0.02329  0.04412 -0.125723   0.37441 0.0061313 -0.00124965  2.1875e-05 -0.00681016  -0.127408  -0.179599 -0.0702259     1.466 -0.150557  -9.69766 
                 149  19.1614 -2.76595 -44.8111 -0.458349   1.06144    1.4136 0 0 0   -0.011 -0.02329  0.04412 -0.151109  0.385471 0.0136314  -0.00165427 -0.000667509  -0.00647668  -0.129197  -0.178246 -0.0708469   1.46571 -0.151179   -9.6977 
               149.1  18.8823 -2.78793 -44.5899 -0.464212   1.07013   1.41724 0 0 0   -0.011 -0.02329  0.04412  -0.153854   0.355159 0.00852771  -0.00155127 -0.000888509  -0.00658797 -0.130955 -0.177375 -0.071051   1.46563 -0.151752   -9.6977 
             149.199  18.7833 -2.66846 -44.3951 -0.455152   1.06117   1.41455 0 0 0   -0.011 -0.02329  0.04412  -0.137073   0.338982 0.00160136  -0.00148371 -0.000946142   -0.0068419  -0.132276  -0.177117 -0.0706264   1.46582 -0.152137  -9.69766 
             149.299  18.7028 -2.79536 -44.2958 -0.461297   1.07041   1.40783 0 0 0   -0.011 -0.02329  0.04412   -0.149438    0.370776 0.000871436  -0.00136644 -0.000816456  -0.00700555  -0.133429  -0.176089 -0.0701363   1.46586 -0.152485  -9.69765 
               149.4   19.109 -2.44642 -44.5825 -0.479035   1.11404   1.42127 0 0 0   -0.011 -0.02329  0.04412 -0.162075  0.402394 0.0199042 -0.00165153   -0.001113 -0.00667001  -0.135105    -0.1758 -0.0708961   1.46572 -0.153054  -9.69767 
               149.5  19.1081 -2.45523 -44.2883 -0.475819   1.10868   1.42007 0 0 0   -0.011 -0.02329  0.04412 -0.143748  0.349939 0.0132765 -0.00182796 -0.00133725 -0.00614918  -0.137468  -0.174762 -0.0705279   1.46582 -0.153782  -9.69764 
               149.6  18.8978 -1.51562 -43.9834 -0.465369   1.09309   1.41637 0 0 0   -0.011 -0.02329  0.04412  -0.10914  0.318539 0.0156966 -0.00155497 -0.00205993 -0.00621415  -0.140394  -0.173538 -0.0698927   1.46601 -0.154667   -9.6976 
               149.7  18.7624 -2.66887 -44.2527 -0.463867   1.10171   1.42672 0 0 0   -0.011 -0.02329  0.04412 -0.121232  0.329727 0.0256373 -0.00152475 -0.00096639 -0.00650096  -0.142216  -0.173442 -0.0703656   1.46601 -0.155254  -9.69759 
               149.8  18.8347  -1.9902 -44.1016 -0.455781   1.09543   1.42593 0 0 0   -0.011 -0.02329  0.04412 -0.103489  0.297231 0.0233494 -0.00169917  -0.0015956 -0.00649758  -0.144474  -0.172699 -0.0698582    1.4662 -0.155923  -9.69755 
               149.9  18.7789 -1.75366 -43.8334 -0.459226   1.09183    1.4238 0 0 0   -0.011 -0.02329  0.04412 -0.0893042   0.287771  0.0179457 -0.00145228 -0.00189058 -0.00663308  -0.145923  -0.171384 -0.0696442   1.46613 -0.156385  -9.69755 
                 150  18.7785 -1.51899 -43.6561 -0.464967   1.09104   1.42247 0 0 0   -0.011 -0.02329  0.04412 -0.0862847   0.273091  0.0183539 -0.00127394 -0.00216702  -0.0065008  -0.147176  -0.170061 -0.0695433   1.46601 -0.156795  -9.69756 
               150.1  18.7501 -2.24694 -43.7928 -0.466194   1.08929     1.421 0 0 0   -0.011 -0.02329  0.04412  -0.10306  0.284023 0.0122367 -0.00116956 -0.00143555  -0.0066054   -0.14891   -0.16894 -0.0693057   1.46602 -0.157329  -9.69755 
               150.2  19.4664 -1.52016  -44.031 -0.460067   1.08815   1.42924 0 0 0   -0.011 -0.02329  0.04412 -0.0916866   0.254997   0.027806  -0.0018366 -0.00198732 -0.00644165   -0.15065  -0.168865 -0.0694767   1.46611 -0.157855  -9.69753 
               150.3  19.1292 -2.20302 -44.4873 -0.471579    1.0837    1.4276 0 0 0   -0.011 -0.02329  0.04412 -0.122636  0.240575 0.0151354 -0.00161143 -0.00147898 -0.00679961  -0.151842  -0.167219 -0.0694583   1.4659 -0.15826 -9.69755 
             150.399  18.7839  -1.8421 -44.6598 -0.464009   1.09142   1.42023 0 0 0   -0.011 -0.02329  0.04412 -0.0808723   0.264571  0.0133178 -0.00120558 -0.00199601 -0.00675185  -0.153102  -0.167101 -0.0685127   1.46626 -0.158558   -9.6975 
               150.5   19.034 -2.07322 -45.1912 -0.46427  1.09423  1.42042 0 0 0   -0.011 -0.02329  0.04412 -0.083294  0.260139 0.0115069 -0.00131883 -0.00168502 -0.00647216  -0.154403  -0.166404 -0.0683672   1.46628 -0.158948  -9.69749 
             150.601  19.2636 -2.10742 -45.1168 -0.468026     1.084   1.42453 0 0 0   -0.011 -0.02329  0.04412 -0.0898842   0.244899  0.0197231 -0.00141214 -0.00175817 -0.00652339  -0.156119  -0.165133 -0.0686572    1.4661 -0.159508   -9.6975 
               150.7   19.518 -2.10194 -45.3872 -0.476553   1.07968   1.42441 0 0 0   -0.011 -0.02329  0.04412 -0.096996  0.227684 0.0161069 -0.00147611 -0.00170992 -0.00662034  -0.157263  -0.163787 -0.0687094   1.46592 -0.159882  -9.69752 
               150.8  19.2901 -2.56377 -45.6399 -0.470399   1.06956   1.42879 0 0 0   -0.011 -0.02329  0.04412 -0.0930726    0.22334  0.0193434  -0.0012576  -0.0013374 -0.00667309  -0.159226  -0.163328 -0.0687552   1.46599 -0.160473  -9.69751 
               150.9  19.7371 -1.95816 -46.0625 -0.47517  1.05649  1.43021 0 0 0   -0.011 -0.02329  0.04412 -0.122259   0.21523 0.0176001 -0.00171077 -0.00147883 -0.00658821 -0.160873 -0.162147  -0.06883   1.46587 -0.160987  -9.69752 
                 151  19.6687 -1.39449 -45.6858 -0.467791   1.02708   1.43362 0 0 0   -0.011 -0.02329  0.04412 -0.100048  0.153523 0.0211553 -0.00150492  -0.0022859 -0.00670676  -0.162594  -0.161318 -0.0691216   1.46575 -0.161532  -9.69752 
               151.1   19.7951 -0.882705  -45.8329 -0.4724 1.04068 1.43532 0 0 0   -0.011 -0.02329  0.04412 -0.0774805   0.163472  0.0339311 -0.00159875 -0.00272028 -0.00637496  -0.163567  -0.161132 -0.0687081   1.46591 -0.161795   -9.6975 
             151.199  19.9781 -1.04412 -46.4014 -0.464621   1.01867   1.44569 0 0 0   -0.011 -0.02329  0.04412 -0.067898  0.123878 0.0474846 -0.00182115 -0.00259492 -0.00597189  -0.165095  -0.160982 -0.0694165   1.46579 -0.162305   -9.6975 
             151.299  19.9923 -1.39632 -46.5631 -0.459021   1.00824   1.45685 0 0 0   -0.011 -0.02329  0.04412 -0.0705725   0.117254  0.0580077 -0.00185673 -0.00229098 -0.00595023  -0.166978  -0.160684 -0.0693795  1.46587 -0.16287 -9.69748 
             151.399  19.6121 -1.67914 -47.0945 -0.456634  0.984185    1.4644 0 0 0   -0.011 -0.02329  0.04412 -0.0840253  0.0806488  0.0605618 -0.00182777 -0.00215451 -0.00607985  -0.168676  -0.159885 -0.0696637  1.46574  -0.1634 -9.69749 
             151.501  19.7603 -1.71285 -47.5129 -0.459144  0.976582   1.47529 0 0 0   -0.011 -0.02329  0.04412 -0.074573 0.0876899 0.0711623 -0.00182846 -0.00219609 -0.00592071 -0.169648 -0.159654 -0.069824   1.46571 -0.163704  -9.69749 
             151.601  19.8467 -2.00992 -48.1405 -0.452757  0.953826   1.47431 0 0 0   -0.011 -0.02329  0.04412 -0.0644204  0.0525623   0.059757 -0.00174311 -0.00210282 -0.00583508  -0.171144  -0.158819 -0.0693973   1.46574 -0.164119  -9.69748 
             151.701  19.9625 -2.08492  -48.739 -0.437342  0.937112   1.48239 0 0 0   -0.011 -0.02329  0.04412 -0.0490642   0.055476  0.0636146 -0.00190875 -0.00196073 -0.00572978  -0.172777  -0.159069 -0.0689646     1.466 -0.164597  -9.69743 
               151.8  19.7492 -2.27578 -49.2583 -0.429292  0.919691   1.49101 0 0 0   -0.011 -0.02329  0.04412 -0.0420974  0.0408544  0.0611892  -0.0018019 -0.00183255 -0.00582879  -0.174021  -0.158938 -0.0689781   1.46602 -0.164982  -9.69742 
               151.9  20.0806 -1.60084 -49.2728 -0.422538   0.91031   1.50202 0 0 0   -0.011 -0.02329  0.04412 -0.0349592    0.02299  0.0713795 -0.00199077 -0.00245607 -0.00569963  -0.174677  -0.159284 -0.0691354   1.46608 -0.165211  -9.69741 
             152.001   20.022 -1.29779 -49.2736 -0.42431 0.916806   1.4924 0 0 0   -0.011 -0.02329  0.04412 -0.0247453  0.0482116  0.0562017  -0.0016818 -0.00261985 -0.00583998  -0.174594  -0.158753 -0.0679828  1.46629  -0.1651 -9.69738 
               152.1  20.4452 -1.36687  -49.937 -0.424151  0.916626   1.49619 0 0 0   -0.011 -0.02329  0.04412 -0.0244836  0.0533621  0.0609509 -0.00181395 -0.00242069 -0.00530139  -0.174827  -0.158628 -0.0678232   1.46631 -0.165161  -9.69738 
               152.2  20.5805 -1.33893  -49.838 -0.424822  0.917846   1.49184 0 0 0   -0.011 -0.02329  0.04412 -0.0415264  0.0625015  0.0509867 -0.00187531 -0.00229093 -0.00571161  -0.175085  -0.158185 -0.0671509   1.46641 -0.165187  -9.69736 
               152.3  20.6653 -1.13713 -50.3896 -0.421712  0.915537   1.49224 0 0 0   -0.011 -0.02329  0.04412 -0.0428783  0.0574406  0.0465341 -0.00183999 -0.00221322 -0.00548133  -0.175363  -0.158247 -0.0670066   1.46647 -0.165277  -9.69735 
             152.399  20.4246 -1.73605 -50.6544 -0.42084 0.914465   1.5015 0 0 0   -0.011 -0.02329  0.04412 -0.0588146   0.113829  0.0628557 -0.00153539 -0.00163917 -0.00555944 -0.176048 -0.158372 -0.067123   1.46647 -0.165516  -9.69735 
             152.501   21.205 -1.12351 -51.2074 -0.417703   0.92899   1.49824 0 0 0   -0.011 -0.02329  0.04412 -0.0501883   0.135899  0.0533919 -0.00164304 -0.00186769 -0.00523266  -0.176432   -0.15826 -0.0660507   1.46675 -0.165593   -9.6973 
             152.601  21.5819 -1.60932  -51.136 -0.407316  0.941682   1.50853 0 0 0   -0.011 -0.02329  0.04412 -0.0553737   0.183423  0.0750365 -0.00192711 -0.00170285 -0.00562498  -0.176893   -0.15943 -0.0659625   1.46704 -0.165852  -9.69726 
             152.701   21.4978 -0.921937  -50.7609 -0.419814  0.947971   1.50651 0 0 0   -0.011 -0.02329  0.04412 -0.0698037   0.159628  0.0598537  -0.0017828 -0.00248847 -0.00607285 -0.177309 -0.158162 -0.065597   1.46685 -0.165856  -9.69728 
               152.8  21.8319 -0.75418 -50.6896 -0.416301  0.938993    1.5113 0 0 0   -0.011 -0.02329  0.04412 -0.0626261    0.12315  0.0615121 -0.00206634 -0.00293207 -0.00580547   -0.17796  -0.158148 -0.0658166   1.46676 -0.166081  -9.69729 
             152.901   21.6457 -0.825262  -50.6767 -0.435391  0.952328   1.50914 0 0 0   -0.011 -0.02329  0.04412 -0.0863645   0.115952  0.0514734 -0.00189768 -0.00290075 -0.00585184   -0.17808  -0.157042 -0.0653282  1.46665 -0.16599 -9.69731 
                 153   21.4202 -0.988585  -51.2931 -0.435124  0.967069   1.50146 0 0 0   -0.011 -0.02329  0.04412 -0.0681496   0.138857  0.0404956 -0.00154099  -0.0024059 -0.00605504  -0.178319  -0.157028 -0.0642769   1.46695 -0.166032  -9.69727 
               153.1  21.8808 -1.56037 -51.9356 -0.437787  0.965689   1.50361 0 0 0   -0.011 -0.02329  0.04412 -0.0882386   0.141843  0.0354534 -0.00170429 -0.00178493 -0.00571956   -0.17912  -0.156714 -0.0642313   1.46687 -0.166264  -9.69727 
             153.201   21.8461 -0.849713  -51.8359 -0.448253  0.980679   1.49004 0 0 0   -0.011 -0.02329  0.04412 -0.0902154   0.174034  0.0236607 -0.00150485 -0.00218015 -0.00553973  -0.179222  -0.155822 -0.0631334   1.46699 -0.166152  -9.69726 
             153.301    22.494 -0.322146  -52.2394 -0.44662 0.986355  1.49485 0 0 0   -0.011 -0.02329  0.04412 -0.0780833    0.16766  0.0372831  -0.0018916 -0.00237403 -0.00501799  -0.179923  -0.156104 -0.0630781  1.46705 -0.16642 -9.69724 
               153.4   22.0204 -0.650709  -51.4816 -0.447795  0.980223   1.49332 0 0 0   -0.011 -0.02329  0.04412 -0.0810231   0.148389  0.0301973 -0.00156347 -0.00231481 -0.00547158  -0.181196  -0.155514 -0.0628295   1.46694 -0.166767  -9.69726 
               153.5   22.0707 -0.892623  -51.4054 -0.449726  0.976184   1.48996 0 0 0   -0.011 -0.02329  0.04412 -0.0859271    0.14564  0.0255852 -0.00156491 -0.00210142 -0.00545811  -0.182231   -0.15497 -0.0624572   1.46688 -0.167031  -9.69726 
               153.6   22.2222 -0.225584   -50.549 -0.440971  0.974141   1.48861 0 0 0   -0.011 -0.02329  0.04412 -0.0592587   0.135871  0.0258104 -0.00152411  -0.0027062 -0.00567602  -0.182768  -0.155388 -0.0620426   1.46708 -0.167249  -9.69723 
               153.7   22.2413 -0.405934   -50.855 -0.44322 0.980351  1.49081 0 0 0   -0.011 -0.02329  0.04412 -0.0555087   0.154739  0.0407659 -0.00151527 -0.00242193  -0.0054373  -0.183468  -0.155165 -0.0619396   1.46703 -0.167451  -9.69723 
               153.8  21.8763 -1.08832 -50.8725 -0.445674   1.00706   1.48842 0 0 0   -0.011 -0.02329  0.04412 -0.0710192   0.260913  0.0492679 -0.00151888 -0.00162882 -0.00570905  -0.184123  -0.154956 -0.0611457    1.4672 -0.167609   -9.6972 
               153.9   21.3185 -0.673107  -50.9696 -0.445156  0.995226   1.47267 0 0 0   -0.011 -0.02329  0.04412 -0.106461  0.214422 0.0148414 -0.00285932 -0.00159249 -0.00596625   -0.18536  -0.153724 -0.0599837   1.46722 -0.167809  -9.69719 
             154.001   19.8374 -0.977906  -51.1725 -0.463012   1.00398   1.46683 0 0 0   -0.011 -0.02329  0.04412   -0.140028    0.246482 -0.00683051 -0.00224648 -0.00133683 -0.00629706  -0.186731  -0.152597 -0.0598135   1.46696 -0.168116  -9.69723 
               154.1   17.6359 -0.881573  -52.8391 -0.466567   1.01204   1.45001 0 0 0   -0.011 -0.02329  0.04412  -0.146443   0.248748 -0.0634384  -0.00245408 -0.000289465  -0.00683192 -0.187843 -0.152113 -0.058834    1.4671 -0.168379   -9.6972 
             154.201   15.6418 -0.209188  -53.7736 -0.451526   1.00919   1.44466 0 0 0   -0.011 -0.02329  0.04412  -0.117575   0.235615 -0.0819109  -0.00258396 -0.000499452   -0.0073877  -0.188642  -0.152849 -0.0581426   1.46744 -0.168705  -9.69715 
             154.301    15.403 -0.172778  -54.1263 -0.467432   1.02842   1.42262 0 0 0   -0.011 -0.02329  0.04412 -0.134989 0.0433063 -0.207975  -0.00272467 -0.000449067  -0.00721241  -0.189172   -0.15342 -0.0583939   1.46747 -0.168964  -9.69714 
               154.4  12.9689   2.0951 -53.8414 -0.452576   1.01913   1.41572 0 0 0   -0.011 -0.02329  0.04412  -0.0873187 -0.00160484   -0.229809 -0.00189227 -0.00103111  -0.0059514  -0.190044  -0.154956 -0.0586628    1.4677 -0.169466  -9.69709 
             154.501  13.5658  5.85452 -52.2731 -0.433173   1.00437   1.39668 0 0 0   -0.011 -0.02329  0.04412 -0.0267577 -0.0135314  -0.279889 -0.00160494 -0.00237064 -0.00551851  -0.190967  -0.156428 -0.0587097   1.46798 -0.169976  -9.69704 
             154.601  14.5666  5.94325 -51.2795 -0.423619  0.988503   1.38504 0 0 0   -0.011 -0.02329  0.04412 -0.0184958  0.0235576  -0.291684 -0.00117831 -0.00140707 -0.00496653  -0.191963  -0.157205 -0.0596152   1.46788 -0.170439  -9.69705 
             154.701  15.2568  7.95137 -49.5872 -0.409621  0.975815   1.38587 0 0 0   -0.011 -0.02329  0.04412   0.0173559 -0.00742193   -0.287979 -0.00119323 -0.00243047 -0.00438464  -0.192822  -0.157797 -0.0595694   1.46797 -0.170806  -9.69703 
               154.8  15.5296  8.27405 -50.4254 -0.40124 0.967161  1.38487 0 0 0   -0.011 -0.02329  0.04412 -0.0361263  0.0598097  -0.226891 -0.00147498 -0.00238084 -0.00350044  -0.193265  -0.158854 -0.0608958   1.46789 -0.171134  -9.69704 
               154.9 15.2281 8.32545 -48.242 -0.386165  0.959358   1.36031 0 0 0   -0.011 -0.02329  0.04412 -0.00913108    0.145279   -0.182354 -0.000388752   -0.0020121  -0.00342266  -0.194725  -0.159197 -0.0604893   1.46796 -0.171654  -9.69702 
             155.001  16.1307  5.93467 -46.0529  -0.3675 0.956756  1.33305 0 0 0   -0.011 -0.02329  0.04412 0.00981728   0.212416  -0.204795  -0.00024395 -0.000640915   -0.0038099  -0.196601  -0.159487 -0.0599445     1.468 -0.172279    -9.697 
             155.101  16.5806  5.31435 -43.6999 -0.329995  0.995251   1.30149 0 0 0   -0.011 -0.02329  0.04412 0.0535862  0.384219  -0.13702 -0.000152115 -0.000660962  -0.00395512  -0.197971  -0.160858 -0.0595836   1.46832 -0.172844  -9.69694 
               155.2  17.0419   5.4879 -40.3699 -0.319274  0.971033   1.29506 0 0 0   -0.011 -0.02329  0.04412 0.0583669  0.348873  -0.15239 -0.000162227 -0.000173595  -0.00466963   -0.19973  -0.160427 -0.0592401    1.4682 -0.173314  -9.69695 
               155.3  17.7873  5.78094 -40.7458 -0.306853   1.00604   1.27447 0 0 0   -0.011 -0.02329  0.04412 -0.0109466   0.429582  -0.117264 -0.000875491 -0.000249298  -0.00420801  -0.201403  -0.159874 -0.0595849   1.46794 -0.173824  -9.69698 
             155.401  17.4522  7.48047 -37.6261 -0.305148    1.0396   1.23788 0 0 0   -0.011 -0.02329  0.04412 -0.00259592    0.432498   -0.127393 -0.00090457 -0.00148463  -0.0045904  -0.202137  -0.158777 -0.0582081   1.46788 -0.173812  -9.69699 
             155.501   18.294  7.85788 -36.4502 -0.296505   1.04155   1.23626 0 0 0   -0.011 -0.02329  0.04412 -0.0180023   0.434167 -0.0725168 -0.00124318 -0.00147011 -0.00469961  -0.203916  -0.158036 -0.0589474    1.4677 -0.174409  -9.69701 
             155.601  18.0529  8.76486 -35.7561 -0.290931   1.04319   1.23911 0 0 0   -0.011 -0.02329  0.04412 -0.0240346   0.416655 -0.0489043 -0.00106401 -0.00184219 -0.00476653  -0.205515  -0.157053 -0.0597718   1.46753 -0.174991  -9.69702 
             155.701    17.77  8.55145 -35.1083 -0.297855   1.04454   1.24005 0 0 0   -0.011 -0.02329  0.04412 -0.0757245   0.369548  -0.040606 -0.00144615  -0.0016732 -0.00523612  -0.206626  -0.155581 -0.0604929   1.46731 -0.175496  -9.69705 
               155.8  16.8359  8.81494 -34.5482 -0.307168   1.06049   1.24436 0 0 0   -0.011 -0.02329  0.04412   -0.11621   0.387138 -0.0124906 -0.00120554 -0.00181804 -0.00555467   -0.20717  -0.154886 -0.0611722   1.46722 -0.175825  -9.69705 
               155.9  17.0438  9.42627 -34.1861 -0.317189   1.07989   1.26259 0 0 0   -0.011 -0.02329  0.04412 -0.131883  0.401013 0.0578027 -0.00140608 -0.00223805 -0.00568886  -0.207673  -0.154524 -0.0623709   1.46717 -0.176235  -9.69705 
             156.001  16.0353  8.84623 -34.6006 -0.329205    1.1202     1.276 0 0 0   -0.011 -0.02329  0.04412 -0.190261  0.488149   0.11162 -0.00107966 -0.00168595 -0.00568846 -0.207965 -0.154643 -0.062719   1.46721 -0.176341  -9.69704 
               156.1  15.4867  8.23304 -34.3838 -0.344929   1.13839   1.29276 0 0 0   -0.011 -0.02329  0.04412 -0.25181 0.510251 0.144478 -0.00131812 -0.00137758 -0.00620554  -0.208547  -0.153889 -0.0633824   1.46721 -0.176691  -9.69704 
               156.2  14.0607  8.00872 -34.8716 -0.372316   1.19244   1.30928 0 0 0   -0.011 -0.02329  0.04412 -0.289003   0.57762  0.161015 -0.000964178  -0.00144798  -0.00622761 -0.208832 -0.153642 -0.063434   1.46724 -0.176772  -9.69703 
               156.3  13.2427  7.11734 -35.4924 -0.385649   1.22266    1.3341 0 0 0   -0.011 -0.02329  0.04412 -0.296555  0.548201  0.146604 -0.00161083  -0.0012849 -0.00679153  -0.210238  -0.153154 -0.0641406   1.46743 -0.177149    -9.697 
             156.401  11.7226  7.14742 -36.2115 -0.409995   1.26486   1.34912 0 0 0   -0.011 -0.02329  0.04412 -0.34657 0.548658 0.117897 -0.00177836 -0.00118978 -0.00694407  -0.211075   -0.15275 -0.0643138   1.46755 -0.177321  -9.69698 
               156.5 10.1285 7.20616 -37.725 -0.407879   1.27144    1.3508 0 0 0   -0.011 -0.02329  0.04412 -0.30882 0.527061 0.097784 -0.00154047 -0.00115094 -0.00655558  -0.212174  -0.152525 -0.0642496   1.46772 -0.177415  -9.69695 
               156.6 9.73897 7.27081 -38.044 -0.418664   1.29174   1.36795 0 0 0   -0.011 -0.02329  0.04412 -0.253936  0.448093 0.0512761 -0.00151041 -0.00130887 -0.00646738 -0.213346  -0.15212 -0.065053   1.46791 -0.177752  -9.69691 
               156.7  9.29407  8.05279 -38.1133 -0.43489  1.31198  1.37485 0 0 0   -0.011 -0.02329  0.04412 -0.282774  0.411887 0.0211529 -0.00179146 -0.00135783 -0.00653294  -0.213972  -0.151655 -0.0654299     1.468 -0.177964   -9.6969 
               156.8  8.27523  8.42383 -38.1933 -0.482284   1.35643   1.37106 0 0 0   -0.011 -0.02329  0.04412  -0.285654   0.359406 -0.0370393 -0.00151425 -0.00124455 -0.00638593  -0.214317  -0.150593 -0.0654585   1.46799 -0.178191  -9.69689 
               156.9  7.62428  7.96607 -37.2429 -0.516667   1.37756   1.36603 0 0 0   -0.011 -0.02329  0.04412  -0.365252   0.361604 -0.0648432  -0.00140681 -0.000509469   -0.0065099  -0.215049  -0.149699 -0.0656675   1.46805 -0.178455  -9.69688 
                 157 7.47077 10.0049  -35.78 -0.538768   1.38431   1.36971 0 0 0   -0.011 -0.02329  0.04412  -0.355037   0.317319 -0.0811551 -0.00138692 -0.00151512 -0.00600665  -0.215498  -0.149181 -0.0663068   1.46812 -0.178699  -9.69686 
             157.101  7.19697  10.6951 -34.6153 -0.531652   1.38089    1.3512 0 0 0   -0.011 -0.02329  0.04412 -0.263848  0.270141 -0.119018 -0.00140036 -0.00181604   -0.005549  -0.217989  -0.148881 -0.0660608    1.4685 -0.178928   -9.6968 
             157.201 6.33817 10.5006 -31.726 -0.542565   1.38521   1.33098 0 0 0   -0.011 -0.02329  0.04412 -0.284844  0.269667 -0.129368 -0.00130542 -0.00139521 -0.00559552  -0.219312  -0.148242 -0.0657701  1.46864 -0.17913 -9.69678 
             157.301  5.76187  11.2619 -28.3829 -0.568275   1.40811   1.31556 0 0 0   -0.011 -0.02329  0.04412 -0.317127  0.311734 -0.149023  -0.0015028 -0.00149909 -0.00540173  -0.219473  -0.148096 -0.0655879   1.46864 -0.179152  -9.69678 
               157.4  5.44334  11.9297 -25.5519 -0.585029   1.42736   1.30544 0 0 0   -0.011 -0.02329  0.04412 -0.298616  0.406535 -0.188918 -0.00143344 -0.00165209 -0.00503326  -0.220371  -0.147907 -0.0661317   1.46884 -0.179322  -9.69674 
             157.501  4.93831   12.271 -23.0701 -0.587051   1.44885    1.2825 0 0 0   -0.011 -0.02329  0.04412 -0.245508  0.473251 -0.252926 -0.00104003 -0.00150957  -0.0045689  -0.221712   -0.14774 -0.0660954   1.46906 -0.179424  -9.69671 
               157.6  4.36619  12.0525 -21.1398 -0.60025  1.51689  1.23999 0 0 0   -0.011 -0.02329  0.04412  -0.21881  0.610619 -0.377395 -0.000517045  -0.00114933  -0.00467318  -0.222286  -0.148463 -0.0655892   1.46909 -0.179185  -9.69671 
               157.7  4.60368  12.4879 -20.4451 -0.613338   1.57369   1.21259 0 0 0   -0.011 -0.02329  0.04412 -0.230869  0.703448 -0.506964 -0.000327261   -0.0010549  -0.00440149  -0.222409   -0.14874 -0.0662809   1.46922 -0.179153  -9.69669 
               157.8 5.98578 12.4581 -20.258 -0.600593   1.56928   1.20502 0 0 0   -0.011 -0.02329  0.04412 -0.213934  0.688358 -0.541692 -0.000928633 -0.000851057  -0.00441794  -0.223394  -0.148381 -0.0665202   1.46947 -0.179245  -9.69665 
               157.9 6.74535 13.7592 -19.624 -0.640702   1.67759   1.11041 0 0 0   -0.011 -0.02329  0.04412 -0.195288  0.732714 -0.701752 -0.00122089 -0.00192833 -0.00485065  -0.222928  -0.147851 -0.0669416    1.4695 -0.179455  -9.69664 
                 158  7.32576  14.9389 -19.6665 -0.627927   1.67401   1.08676 0 0 0   -0.011 -0.02329  0.04412 -0.165265  0.671322 -0.736467 -0.00167923 -0.00272252 -0.00520286  -0.223871  -0.146817 -0.0673413    1.4699 -0.179716  -9.69658 
             158.099  8.00287  15.4786 -19.2055 -0.64279  1.75623 0.997105 0 0 0   -0.011 -0.02329  0.04412 -0.133234  0.626771 -0.726463 -0.00204507 -0.00314801 -0.00565601  -0.223832  -0.146251 -0.0690736   1.47034 -0.179964   -9.6965 
             158.199  6.99781   14.835 -20.2157 -0.639628    1.8093  0.887172 0 0 0   -0.011 -0.02329  0.04412 -0.0877063    0.56642   -0.71346 -0.00197711  -0.0033499 -0.00522621  -0.225076  -0.145286 -0.0680493   1.47054 -0.180042  -9.69647 
               158.3 6.96614  13.762 -19.143 -0.627153   1.81323  0.827031 0 0 0   -0.011 -0.02329  0.04412 -0.0328275   0.512859  -0.660429 -0.00176325 -0.00311607 -0.00530005  -0.226209  -0.143596 -0.0676162   1.47103 -0.180339  -9.69639 
               158.4 6.67571 13.5785     -19 -0.617272    1.8421  0.755269 0 0 0   -0.011 -0.02329  0.04412 -0.0700536   0.495248  -0.532904 -0.00146449 -0.00275148 -0.00487062  -0.227024  -0.142281 -0.0676511   1.47149 -0.180566  -9.69632 
             158.501  6.40077  14.0346 -17.9466 -0.597943   1.81428  0.745331 0 0 0   -0.011 -0.02329  0.04412 -0.0418182   0.450172  -0.527898 -0.00130044 -0.00251234 -0.00449919  -0.228185  -0.140713 -0.0674806   1.47204 -0.180753  -9.69623 
             158.599  6.05583  13.9216 -17.5864 -0.582186   1.82268  0.713138 0 0 0   -0.011 -0.02329  0.04412 -0.053767  0.426191 -0.384714 -0.000961973  -0.00244168  -0.00470392  -0.228794  -0.139227 -0.0684384   1.47276 -0.181028  -9.69612 
             158.701  7.00723  14.8988 -16.4685 -0.568835   1.82669  0.679449 0 0 0   -0.011 -0.02329  0.04412 -0.0735967   0.390562   -0.31666 -0.00155361 -0.00238774 -0.00454152  -0.229638  -0.137434 -0.0686153   1.47343 -0.181315  -9.69601 
               158.8   7.0485  14.9729 -15.4688 -0.550741    1.8294  0.656254 0 0 0   -0.011 -0.02329  0.04412 -0.0952155   0.353491  -0.256594  -0.0016506 -0.00198143 -0.00461368  -0.230829  -0.135893 -0.0691287   1.47418 -0.181386  -9.69589 
               158.9  6.85237   15.661 -14.5826 -0.542037   1.85277   0.63825 0 0 0   -0.011 -0.02329  0.04412 -0.134098  0.399835 -0.143685 -0.00131471 -0.00229558 -0.00455967  -0.231493  -0.134005 -0.0703948   1.47516 -0.181651  -9.69574 
                 159  7.27162  17.1429 -14.2727 -0.538465   1.85737  0.640357 0 0 0   -0.011 -0.02329  0.04412  -0.133174   0.373217 -0.0968772 -0.00165759 -0.00270307 -0.00435595 -0.231873 -0.132578 -0.071219   1.47587 -0.181855  -9.69563 
               159.1  6.34535   16.254 -14.0346 -0.545993   1.85965  0.653856 0 0 0   -0.011 -0.02329  0.04412  -0.184592   0.340793 -0.0372105 -0.00143118 -0.00230889 -0.00441986  -0.231864  -0.130526 -0.0724699   1.47684 -0.182313  -9.69547 
             159.199   6.2678  16.8483 -14.2739 -0.537889   1.84955  0.658101 0 0 0   -0.011 -0.02329  0.04412 -0.117815  0.280353 0.0553679 -0.00187911 -0.00281647  -0.0041378  -0.232975  -0.128371 -0.0730365   1.47785 -0.182418  -9.69532 
               159.3  6.10396  16.7393 -14.1827 -0.530577   1.84035  0.676128 0 0 0   -0.011 -0.02329  0.04412 -0.092764  0.269673   0.20879 -0.00169664 -0.00287378 -0.00404299  -0.233795  -0.126145 -0.0735926   1.47884 -0.182626  -9.69516 
               159.4  6.79651  17.0106 -12.1706 -0.530109   1.83396  0.691546 0 0 0   -0.011 -0.02329  0.04412 -0.138686  0.254316  0.289793 -0.00179341 -0.00253355  -0.0049475  -0.234309  -0.124681 -0.0736896   1.47943 -0.182781  -9.69507 
               159.5  6.61706  17.2228 -12.1566 -0.53881   1.8503 0.728126 0 0 0   -0.011 -0.02329  0.04412 -0.180654  0.275352  0.387733 -0.00185999 -0.00252959 -0.00481556  -0.235199  -0.123373 -0.0734084   1.47991 -0.182781    -9.695 
               159.6  6.42724  17.9673 -11.8974 -0.556365   1.85383  0.757474 0 0 0   -0.011 -0.02329  0.04412 -0.241082  0.211067  0.441457 -0.00252488 -0.00323377 -0.00510236  -0.235399  -0.122071 -0.0726692   1.48018 -0.183064  -9.69495 
               159.7  5.45057  17.6644 -11.4637 -0.577184   1.85435  0.801936 0 0 0   -0.011 -0.02329  0.04412 -0.238455  0.168471  0.462683 -0.00252761 -0.00369865 -0.00529646  -0.235388  -0.121051 -0.0726191   1.48054 -0.183307  -9.69489 
               159.8  4.80439  17.3497 -12.0674 -0.587592   1.84971   0.84807 0 0 0   -0.011 -0.02329  0.04412 -0.162905  0.126645  0.470061 -0.00242497 -0.00462025 -0.00488983  -0.235687  -0.119947 -0.0726842   1.48099 -0.183437  -9.69482 
               159.9  3.61487  15.8414 -12.6646 -0.598395   1.84036  0.889942 0 0 0   -0.011 -0.02329  0.04412 -0.118251  0.120195  0.426039 -0.00198019 -0.00435855 -0.00453024   -0.23578  -0.118556 -0.0724752   1.48146 -0.183734  -9.69474 
                 160  2.68435   14.957 -12.9818 -0.599014   1.84408  0.911778 0 0 0   -0.011 -0.02329  0.04412 -0.0545267   0.139934   0.335629 -0.00162062 -0.00436563 -0.00452849  -0.236585  -0.117742 -0.0717643   1.48163 -0.183666  -9.69472 
               160.1  1.67179  14.3231 -13.3591 -0.601782   1.83933  0.936048 0 0 0   -0.011 -0.02329  0.04412 -0.00899113     0.15139    0.264468 -0.00113095  -0.0047578 -0.00423068  -0.236432  -0.116485 -0.0713759   1.48199 -0.184045  -9.69465 
               160.2  1.31865  13.0018 -13.8279 -0.603315   1.83718  0.969735 0 0 0   -0.011 -0.02329  0.04412 0.0365889  0.146123  0.232199 -0.00134639 -0.00466169 -0.00411122  -0.235907  -0.115615 -0.0716763   1.48236 -0.184418  -9.69459 
               160.3 0.543753  12.1914 -14.4227 -0.608246   1.84946  0.988263 0 0 0   -0.011 -0.02329  0.04412 0.0857539  0.152397  0.219105 -0.00128307  -0.0050546 -0.00396686  -0.235182  -0.115406 -0.0711513   1.48223 -0.184808   -9.6946 
             160.399 -0.274899   11.2154  -15.1609 -0.616506   1.85959   1.00888 0 0 0   -0.011 -0.02329  0.04412 0.0996987  0.135074  0.193175 -0.00136297 -0.00514373 -0.00395052   -0.23401  -0.115367 -0.0709201   1.48208 -0.185301  -9.69462 
               160.5 -1.33244  9.76343 -16.0753 -0.627377   1.86133   1.03139 0 0 0   -0.011 -0.02329  0.04412 0.0861831  0.135207  0.164919 -0.00116921 -0.00450475 -0.00416077  -0.232742  -0.115063 -0.0711358   1.48213 -0.185835   -9.6946 
             160.599 -2.08516  8.04454 -17.0194 -0.625405   1.87252   1.07071 0 0 0   -0.011 -0.02329  0.04412 0.0808241  0.199585  0.128345 -0.000900617  -0.00361944  -0.00425911  -0.231969  -0.114538 -0.0719395   1.48248 -0.186149  -9.69454 
               160.7 -3.26637  6.03443 -20.4666 -0.620407    1.8839   1.09002 0 0 0   -0.011 -0.02329  0.04412 0.119905 0.246917 0.090994  -0.0007303  -0.0033745 -0.00369169  -0.231468  -0.113919 -0.0721993   1.48273 -0.186446  -9.69449 
             160.799  -4.9663  4.49209 -21.9826 -0.625031   1.90057   1.10858 0 0 0   -0.011 -0.02329  0.04412  0.153578  0.270363 0.0514659 -0.000103128  -0.00340023  -0.00407636 -0.230205  -0.11337 -0.072366  1.48284 -0.18701 -9.69447 
               160.9 -4.97117  2.66219 -24.6035 -0.622612    1.9097   1.11376 0 0 0   -0.011 -0.02329  0.04412    0.17827   0.272069 -0.0139532 -0.00037914 -0.00349176 -0.00359192  -0.229237  -0.112591 -0.0721181   1.48296 -0.187583  -9.69444 
                 161 -4.56603 0.819333 -26.4568 -0.634099   1.93697   1.13944 0 0 0   -0.011 -0.02329  0.04412    0.18421   0.362836 -0.0174704 1.34925e-05 -0.00300829  -0.0036176  -0.227498  -0.111971 -0.0730305   1.48314 -0.188161   -9.6944 
             161.099 -2.82773 -1.76207 -27.6529 -0.651714   1.94634   1.17053 0 0 0   -0.011 -0.02329  0.04412   0.151814    0.37839 0.00121509 -5.03713e-05  -0.00249583  -0.00473655  -0.225802  -0.110955 -0.0739857   1.48344 -0.188794  -9.69434 
             161.199 -2.91368 -1.15283 -29.2933 -0.655714   1.97923   1.18116 0 0 0   -0.011 -0.02329  0.04412   0.171181   0.422875 0.00261017 0.000580882 -0.00345838 -0.00526745   -0.22463  -0.110658 -0.0741787   1.48337 -0.189169  -9.69434 
             161.299 -2.33152 -1.52356 -31.3754 -0.637972   2.03713   1.19216 0 0 0   -0.011 -0.02329  0.04412  0.210375  0.522975 0.0099811   0.0006695 -0.00367067 -0.00541787  -0.224273  -0.110599 -0.0745753   1.48338 -0.189191  -9.69434 
               161.4 -1.75499 -2.47767 -34.5295 -0.648188   2.02408   1.18694 0 0 0   -0.011 -0.02329  0.04412    0.190315    0.487653 -0.00213858    0.000636 -0.00371382  -0.0051594  -0.223505  -0.109239 -0.0737856   1.48347 -0.189913  -9.69431 
               161.5 -1.63702 -1.27473 -35.5056 -0.617044    2.0626   1.18113 0 0 0   -0.011 -0.02329  0.04412    0.281789    0.445746 -0.00514917 0.000545375 -0.00477046 -0.00496852  -0.223018  -0.108025 -0.0729887   1.48357 -0.190552  -9.69429 
               161.6 -1.51246   -3.379  -39.014 -0.601181   2.07303   1.17779 0 0 0   -0.011 -0.02329  0.04412    0.326403    0.408112 -0.00852338 0.000569331 -0.00489845 -0.00450764   -0.22261  -0.106786 -0.0724427   1.48361 -0.191093  -9.69427 
             161.699 -1.37872 -5.41958  -40.572 -0.563312   2.09574   1.17978 0 0 0   -0.011 -0.02329  0.04412  0.372561    0.3739 0.0116124 0.000211523 -0.00465269 -0.00429377  -0.222746  -0.106337 -0.0723515   1.48368 -0.191252  -9.69426 
               161.8 -1.95842 -5.97699 -42.5122 -0.547176   2.12117   1.19597 0 0 0   -0.011 -0.02329  0.04412   0.38675  0.365695 0.0327115 0.000468247 -0.00520826 -0.00395328  -0.222075  -0.105318 -0.0729292   1.48364 -0.191373  -9.69426 
               161.9 -1.33292 -7.42578 -43.5125 -0.501458   2.14481   1.21631 0 0 0   -0.011 -0.02329  0.04412 0.457906 0.351823 0.060597 0.000195452 -0.00502521 -0.00401637  -0.222101  -0.104552 -0.0735217   1.48368 -0.191425  -9.69425 
             161.999  -1.9348 -9.23865 -44.6821 -0.486565   2.16906   1.22497 0 0 0   -0.011 -0.02329  0.04412  0.499797  0.376612 0.0766876  0.00101534 -0.00478593 -0.00391699  -0.221595  -0.103593 -0.0736732   1.48356 -0.191523  -9.69427 
               162.1 -2.16635 -9.88182 -45.1261 -0.416795   2.21207     1.231 0 0 0   -0.011 -0.02329  0.04412  0.620753  0.393393 0.0920775  0.00119943 -0.00496741 -0.00416871  -0.221738  -0.103831 -0.0734914   1.48359 -0.191549  -9.69426 
               162.2 -2.26172 -10.3677  -46.386 -0.360336   2.23634    1.2322 0 0 0   -0.011 -0.02329  0.04412  0.667321  0.419663 0.0866242  0.00120305 -0.00482952 -0.00397188 -0.221782 -0.103193 -0.072941   1.48352 -0.191833  -9.69427 
               162.3 -1.01176 -10.9394 -48.4009 -0.327913   2.27143   1.24668 0 0 0   -0.011 -0.02329  0.04412 0.612661 0.439332 0.109033 0.000557744 -0.00440771 -0.00333492  -0.221436  -0.102324 -0.0731973   1.48339 -0.191806  -9.69429 
               162.4 -1.14811 -11.8255 -49.0083 -0.275558   2.33024   1.26551 0 0 0   -0.011 -0.02329  0.04412 0.633496 0.513354 0.127241 0.000776933 -0.00408505 -0.00310026  -0.221112  -0.101769 -0.0735022   1.48328 -0.191693  -9.69431 
               162.5 0.477032 -12.2043 -50.6378 -0.234071   2.36707   1.26051 0 0 0   -0.011 -0.02329  0.04412 0.671081 0.562816 0.124137 0.000733808 -0.00405284 -0.00246734  -0.220944  -0.101604 -0.0728023   1.48323 -0.191884  -9.69431 
               162.6 0.338336 -12.0498 -51.1802 -0.154964   2.42887   1.28193 0 0 0   -0.011 -0.02329  0.04412 0.732007 0.612495 0.162277  0.00112024 -0.00427768 -0.00241892  -0.221018  -0.100853 -0.0728783    1.4831 -0.191928  -9.69433 
               162.7  0.36502 -13.0921 -52.2144 -0.113422   2.48364   1.26898 0 0 0   -0.011 -0.02329  0.04412 0.718673 0.686974  0.13863   0.0012269   -0.003799 -0.00211896  -0.220582  -0.100665 -0.0718442   1.48303 -0.192154  -9.69434 
               162.8 0.607995 -12.8787 -52.1975 -0.139431   2.52044   1.28753 0 0 0   -0.011 -0.02329  0.04412 0.648239 0.718924 0.158878   0.0012456 -0.00385946 -0.00213949  -0.219761 -0.0994187 -0.0727598  1.48276 -0.19159 -9.69439 
               162.9 0.901812 -13.9627  -53.057 -0.0652839    2.64838    1.30113 0 0 0   -0.011 -0.02329  0.04412 0.677153 0.868057 0.155452  0.00135154 -0.00311968 -0.00151945  -0.219517 -0.0979183 -0.0722024   1.48242 -0.191713  -9.69444 
                 163  1.77925 -11.2948 -52.3011 -0.0897963    2.64881    1.30216 0 0 0   -0.011 -0.02329  0.04412 0.685618 0.808468 0.156835  0.00190266 -0.00496762 -0.00186459   -0.21934 -0.0960511 -0.0720283   1.48197 -0.191649  -9.69451 
               163.1  2.24509 -11.3475 -52.8191 0.0297083   2.76689    1.3309 0 0 0   -0.011 -0.02329  0.04412 0.813263 0.838629 0.161625  0.00172215 -0.00492545 -0.00144001  -0.219842 -0.0947617  -0.071789   1.48165 -0.191845  -9.69455 
             163.203  2.82372 -10.9606 -52.1896 0.086642  2.82236  1.31748 0 0 0   -0.011 -0.02329  0.04412 0.830882 0.855054 0.120205  0.00188277 -0.00461935 -0.00135682  -0.220232 -0.0924095 -0.0701216   1.48105 -0.192447  -9.69463 
               163.3  4.42611 -13.5593 -52.2861 0.168871   2.9132  1.30512 0 0 0   -0.011 -0.02329  0.04412  0.845762  0.975879 0.0977011  0.00120005 -0.00270819 -0.00123712  -0.220055 -0.0927564 -0.0689413   1.48116 -0.192909  -9.69461 
             163.399  4.48151 -12.4614 -52.2946 0.231586  2.99466  1.30992 0 0 0   -0.011 -0.02329  0.04412 0.876456   1.0323 0.106369  0.00141924 -0.00324676 -0.00126293  -0.220015 -0.0919618   -0.06873   1.48097 -0.192892  -9.69464 
               163.5   4.3821 -14.1954 -52.9756 0.249012  3.02107  1.30369 0 0 0   -0.011 -0.02329  0.04412  0.836624   1.06948 0.0890673  0.00170653 -0.00179439 -0.00124895  -0.220375    -0.0905 -0.0681725   1.48058 -0.193071  -9.69469 
             163.599  4.36946 -14.3378 -53.4209 0.314535  3.10884  1.29539 0 0 0   -0.011 -0.02329  0.04412  0.849914   1.15433 0.0744957  0.00177304 -0.00163591 -0.00108272 -0.220165 -0.090362  -0.06737   1.48058 -0.193316  -9.69469 
             163.699  4.58632 -14.2414 -53.7665 0.389378   3.2342  1.27478 0 0 0   -0.011 -0.02329  0.04412  0.850236   1.28539 0.0342389   0.00176618  -0.00153711 -0.000971406  -0.219667  -0.089664 -0.0659699   1.48051 -0.193638  -9.69469 
               163.8  5.07036 -13.1095 -53.6627 0.49523 3.44719 1.29155 0 0 0   -0.011 -0.02329  0.04412   0.83313   1.44669 0.0429747   0.00168867  -0.00202369 -0.000991668  -0.220294 -0.0870843 -0.0666848   1.47976 -0.193203  -9.69482 
               163.9  4.92573 -13.9027 -53.8707 0.571851  3.57766  1.28223 0 0 0   -0.011 -0.02329  0.04412  0.838139   1.54029 0.0203349  0.00183156 -0.00141259 -0.00109641  -0.220602 -0.0863262 -0.0657824    1.4796 -0.193585  -9.69483 
                 164   4.8653 -13.4494 -54.0644 0.613077  3.68964  1.26642 0 0 0   -0.011 -0.02329  0.04412    0.796061     1.56061 -0.00674317  0.00164889 -0.00188565  -0.0011253  -0.220835 -0.0840883 -0.0647887    1.4791 -0.193762  -9.69491 
               164.1  5.01016 -14.3912  -54.521 0.657516  3.82289   1.2344 0 0 0   -0.011 -0.02329  0.04412   0.744062    1.64177 -0.0580992  0.00143342 -0.00115313  -0.0013008  -0.220626 -0.0825757 -0.0631259   1.47889 -0.194167  -9.69493 
               164.2  4.16422 -14.3551 -54.8458 0.702894  3.94422  1.21373 0 0 0   -0.011 -0.02329  0.04412   0.752305    1.72685 -0.0826046  0.00194666 -0.00111842 -0.00180043   -0.22027 -0.0821749 -0.0621973   1.47892 -0.194373  -9.69492 
               164.3  4.48312 -14.3382 -55.2136 0.765535   4.1578  1.18643 0 0 0   -0.011 -0.02329  0.04412 0.702792  1.85962 -0.10595   0.00172977 -0.000956168  -0.00207955  -0.220014 -0.0808901 -0.0614542   1.4787  -0.1944 -9.69495 
               164.4  4.75907 -13.7999  -55.795 0.796943  4.27846  1.17853 0 0 0   -0.011 -0.02329  0.04412 0.625829  1.87327 -0.10834   0.00148313 -0.000829866  -0.00225082  -0.221644 -0.0783252 -0.0613781   1.47788 -0.194596  -9.69508 
               164.5  4.39572  -13.298 -55.8136 0.836765  4.41178  1.15755 0 0 0   -0.011 -0.02329  0.04412   0.58054   1.88291 -0.139983  0.00156481 -0.00101785 -0.00241913  -0.222959 -0.0763808 -0.0603947   1.47733 -0.195147  -9.69515 
               164.6  4.19452 -12.8571 -55.1978 0.852222  4.56969  1.13023 0 0 0   -0.011 -0.02329  0.04412  0.476831   1.92876 -0.169549   0.00146939 -0.000956449  -0.00258287  -0.223948 -0.0735621 -0.0596456   1.47658 -0.195328  -9.69526 
               164.7  3.31924 -12.4567 -54.4846 0.871424   4.7194  1.09533 0 0 0   -0.011 -0.02329  0.04412  0.359154   2.00193 -0.214291   0.00172706 -0.000387608  -0.00245231   -0.22503 -0.0715374 -0.0583637   1.47605 -0.195883  -9.69533 
             164.799  3.06705 -11.1092 -53.6378 0.868471  4.84329   1.0801 0 0 0   -0.011 -0.02329  0.04412  0.278844   2.02068 -0.225785  0.00156189 -0.00108586 -0.00221293  -0.225918 -0.0694265 -0.0584335   1.47539 -0.195789  -9.69543 
               164.9  1.84278 -10.9105 -52.6758 0.895153  5.07304  1.03062 0 0 0   -0.011 -0.02329  0.04412  0.245109   2.10664 -0.253962  0.00216123 -0.00132335  -0.0021281  -0.225935 -0.0687767 -0.0570914   1.47536 -0.196232  -9.69543 
                 165 0.889079 -11.0634 -50.3631 0.919611  5.27766  1.00302 0 0 0   -0.011 -0.02329  0.04412  0.272499   2.15659 -0.250034  0.00209099 -0.00173251 -0.00266214  -0.225728 -0.0688386 -0.0568685   1.47542 -0.196262  -9.69542 
               165.1  0.35933 -11.5957 -49.2888 0.897838  5.44904 0.980481 0 0 0   -0.011 -0.02329  0.04412 0.261501  2.16497 -0.26932  0.00195818 -0.00156494 -0.00305381  -0.226861 -0.0657522 -0.0571359  1.47447 -0.19601 -9.69557 
               165.2 0.107692 -10.8809 -48.3862  0.87326  5.63956 0.967839 0 0 0   -0.011 -0.02329  0.04412   0.23452   2.24561 -0.248542  0.00181409 -0.00148084 -0.00354984  -0.227949 -0.0628473 -0.0581098   1.47352 -0.195509  -9.69572 
               165.3 -0.249206  -10.2079  -47.1497 0.880864  5.78852 0.965618 0 0 0   -0.011 -0.02329  0.04412  0.264818   2.32628 -0.213313   0.00175221 -0.000782329  -0.00388323  -0.230899 -0.0602298 -0.0584765   1.47249 -0.195974  -9.69587 
               165.4 -0.477797   -10.578  -46.6839 0.921072   6.0346 0.945903 0 0 0   -0.011 -0.02329  0.04412 0.311618  2.54853 -0.23536  0.00195175 0.000173506 -0.00354318  -0.231593 -0.0603319 -0.0584567   1.47244 -0.196234  -9.69587 
               165.5  -1.6266 -9.93628 -44.3288 0.964325  6.24645 0.898039 0 0 0   -0.011 -0.02329  0.04412  0.347791   2.72449 -0.293268  0.00222476 0.000432227 -0.00416966  -0.232091 -0.0601486 -0.0567559   1.47247 -0.197048  -9.69585 
               165.6 -1.75643 -9.43574 -43.9406  1.02134  6.49215 0.858673 0 0 0   -0.011 -0.02329  0.04412  0.373183   2.87245 -0.351167  0.00195897 0.000359136 -0.00409151  -0.233215 -0.0602035 -0.0557919   1.47246 -0.197806  -9.69583 
               165.7 -2.37114 -9.47362 -42.6597  1.05011  6.74063 0.819448 0 0 0   -0.011 -0.02329  0.04412   0.37466   2.98191 -0.348243  0.00203988 0.000119336 -0.00499585  -0.234112 -0.0588702 -0.0551323   1.47214 -0.198251  -9.69587 
               165.8 -2.59996 -9.60991  -42.158  1.06383  7.02538 0.783318 0 0 0   -0.011 -0.02329  0.04412  0.350866   3.09132 -0.365211   0.00215818 -0.000379365  -0.00567475  -0.234537 -0.0570548 -0.0549295   1.47173 -0.198361  -9.69593 
               165.9 -2.57913 -9.93412  -42.139  1.12591  7.33521 0.753977 0 0 0   -0.011 -0.02329  0.04412  0.406543   3.20711 -0.357018   0.00210685 -0.000555835  -0.00574183  -0.235284 -0.0579357  -0.055139    1.4719 -0.198547  -9.69591 
                 166  -2.7395 -11.2453 -40.2675  1.17023  7.58933 0.724801 0 0 0   -0.011 -0.02329  0.04412  0.438076   3.29294 -0.361506    0.0020995 -0.000334791  -0.00630937  -0.235955 -0.0578965 -0.0549143   1.47191 -0.198839   -9.6959 
               166.1 -2.94845 -10.6861 -38.3719  1.2396 7.98245  0.6803 0 0 0   -0.011 -0.02329  0.04412  0.510975   3.40367 -0.372345   0.00218624 -0.000960644  -0.00694008  -0.236916 -0.0575452 -0.0545699   1.47188 -0.199262  -9.69589 
               166.2 -3.30201  -12.268 -36.0572  1.25759  8.19941 0.639381 0 0 0   -0.011 -0.02329  0.04412  0.509911   3.48152 -0.410237   0.00242056 -0.000177571  -0.00777575  -0.237096 -0.0562948 -0.0534892   1.47172 -0.199764  -9.69591 
               166.3 -3.30531 -12.5086 -34.9401  1.31828  8.64034 0.574065 0 0 0   -0.011 -0.02329  0.04412  0.490796   3.64474 -0.443619  0.00217893 4.20393e-05 -0.00841397  -0.237395 -0.0557049 -0.0526463 1.47169 -0.2002 -9.6959 
               166.4 -3.54483 -12.7499 -34.0293  1.28404  8.66241 0.554966 0 0 0   -0.011 -0.02329  0.04412  0.422635   3.61594 -0.475011  0.00206499 0.000585922 -0.00893415  -0.237339 -0.0531823 -0.0515955   1.47139 -0.200769  -9.69594 
               166.5  -3.6693 -12.4333 -33.3758  1.34919   9.3373 0.460893 0 0 0   -0.011 -0.02329  0.04412  0.390958    3.8806 -0.504289  0.00204793 0.000422313 -0.00938346  -0.237309 -0.0526532 -0.0512695   1.47134 -0.200925  -9.69594 
               166.6 -4.17462 -11.6085 -33.1716  1.34382  9.59089 0.409578 0 0 0   -0.011 -0.02329  0.04412  0.331571   3.95796 -0.541009  0.00218092 0.000307567 -0.00969124  -0.236849 -0.0510033 -0.0502278  1.47122 -0.20144 -9.69595 
               166.7  -4.2554 -12.4808 -32.4583  1.37361  10.0962 0.337192 0 0 0   -0.011 -0.02329  0.04412  0.262667   4.13944 -0.566675  0.00206281 0.000979635  -0.0103753   -0.23715 -0.0501329 -0.0500027   1.47121 -0.201703  -9.69594 
               166.8 -4.74726 -12.8088 -30.8613  1.34852  10.3665 0.280088 0 0 0   -0.011 -0.02329  0.04412  0.179645   4.20641 -0.610507  0.0021156 0.00112717 -0.0116355  -0.236577  -0.047966 -0.0489168   1.47113 -0.202363  -9.69594 
               166.9 -4.93027 -13.4189 -30.7454  1.39414   10.917 0.187769 0 0 0   -0.011 -0.02329  0.04412   0.14166   4.44247 -0.662401 0.00223799 0.00150908 -0.0119459   -0.23681 -0.0490473 -0.0481271   1.47132 -0.202557  -9.69591 
                 167 -4.98892 -14.4209 -30.5901  1.38532  11.2662 0.110444 0 0 0   -0.011 -0.02329  0.04412 0.0643479   4.56008 -0.720624 0.00232605 0.00196364 -0.0122267  -0.236614 -0.0475879 -0.0466883   1.47149 -0.203381  -9.69587 
               167.1 -5.10738 -14.3959 -30.0861    1.38376    11.7619 0.00660449 0 0 0   -0.011 -0.02329  0.04412 0.0254107   4.72722 -0.776753 0.00242597 0.00162665 -0.0126631  -0.236203 -0.0472045 -0.0452681   1.47164 -0.203985  -9.69583 
               167.2 -4.87193 -14.2935 -29.5788   1.38504   12.2204 -0.090925 0 0 0   -0.011 -0.02329  0.04412 0.00782754    4.86664   -0.82477 0.00222146 0.00124258 -0.0130284  -0.235875 -0.0471505  -0.043976    1.4718 -0.204492   -9.6958 
               167.3 -4.76768 -14.5626 -29.3345   1.39534   12.6187 -0.164705 0 0 0   -0.011 -0.02329  0.04412 -0.0220827    4.94713  -0.850156 0.00219897 0.00136783 -0.0130933  -0.236925 -0.0453227 -0.0432543   1.47227 -0.205243  -9.69571 
               167.4 -4.85155 -14.4033  -28.686   1.35955   13.1301 -0.275626 0 0 0   -0.011 -0.02329  0.04412 -0.0957879    5.07183  -0.898856 0.00225522 0.00130983 -0.0134182  -0.236371 -0.0432379 -0.0419919   1.47253 -0.206149  -9.69565 
               167.5 -5.26541 -15.1684  -27.447   1.35664   13.5934 -0.382507 0 0 0   -0.011 -0.02329  0.04412 -0.130948   5.22771 -0.959358 0.00236066 0.00174784 -0.0140388  -0.236079 -0.0435992  -0.040511   1.47275 -0.206664  -9.69561 
               167.6 -5.51178 -15.2529 -26.6701   1.37983   13.6981 -0.423083 0 0 0   -0.011 -0.02329  0.04412 -0.10709  5.27209 -1.00215  0.0024273 0.00185285 -0.0144155  -0.236275 -0.0444865 -0.0389782   1.47305 -0.207096  -9.69555 
               167.7 -5.84618 -16.0999 -25.9165   1.37429   14.5906 -0.599317 0 0 0   -0.011 -0.02329  0.04412 -0.193498   5.53692  -1.05635 0.00253548 0.00247107 -0.0148771  -0.237334 -0.0432055 -0.0383217   1.47357 -0.207646  -9.69546 
               167.8 -5.30422 -16.5314 -25.4484   1.31716   14.9475 -0.668252 0 0 0   -0.011 -0.02329  0.04412 -0.296152   5.60594  -1.07063 0.00221752 0.00263887 -0.0151269  -0.236462 -0.0410344 -0.0384677   1.47361 -0.208097  -9.69545 
               167.9 -6.21529 -17.2196 -23.9299   1.27072   15.4023 -0.772345 0 0 0   -0.011 -0.02329  0.04412 -0.37956  5.74722 -1.12048 0.00254645 0.00314741 -0.0159848  -0.235705 -0.0401417 -0.0376164   1.47376 -0.208658  -9.69541 
                 168 -6.37782 -17.1486 -23.0909  1.16963  16.4012 -1.02276 0 0 0   -0.011 -0.02329  0.04412 -0.562868   6.04001  -1.25007 0.00249379 0.00313606 -0.0164426  -0.234084 -0.0390984  -0.034964    1.4742 -0.210019  -9.69531 
               168.1 -6.23987 -17.6361 -22.2737   1.1389  16.8384 -1.11942 0 0 0   -0.011 -0.02329  0.04412 -0.616945   6.18009  -1.28866 0.00238202 0.00315013 -0.0168308  -0.234416 -0.0390098 -0.0344927   1.47442 -0.210187  -9.69528 
               168.2 -6.37961 -18.7203 -21.6144  1.13394  16.9561 -1.14867 0 0 0   -0.011 -0.02329  0.04412 -0.625679   6.14997   -1.2977 0.00251783 0.00336892 -0.0172363  -0.235368  -0.036285 -0.0338491   1.47532 -0.210959  -9.69512 
               168.3 -6.73001 -18.4442 -20.5991  1.03432  18.0337 -1.40234 0 0 0   -0.011 -0.02329  0.04412 -0.687891   6.46327  -1.38099 0.00255231  0.0030827  -0.017872  -0.235209 -0.0362664 -0.0324184   1.47569 -0.211514  -9.69506 
               168.4 -7.34747 -19.6412 -18.7664  1.02348  18.2277 -1.45324 0 0 0   -0.011 -0.02329  0.04412  -0.7269   6.4667 -1.40593 0.00234079 0.00393273 -0.0186824  -0.236087 -0.0341278  -0.031544   1.4766 -0.21219  -9.6949 
               168.5 -7.41999 -19.7186 -17.6786 0.966569   18.827 -1.59486 0 0 0   -0.011 -0.02329  0.04412 -0.829713    6.6336  -1.46229  0.0021257 0.00417456 -0.0193499  -0.236566 -0.0335443 -0.0307426   1.47708 -0.212535  -9.69482 
               168.6 -7.75768 -19.6331 -17.2818 0.847013  19.4437 -1.76024 0 0 0   -0.011 -0.02329  0.04412 -0.974863   6.77496  -1.53993 0.00228347 0.00417899 -0.0195905  -0.235131  -0.031304 -0.0293642   1.47768 -0.213778   -9.6947 
             168.699 -7.84683 -20.2129  -16.755 0.736298  20.0921 -1.95117 0 0 0   -0.011 -0.02329  0.04412 -1.07962  6.93187 -1.63798 0.00223511 0.00437319 -0.0198762  -0.233929 -0.0300453 -0.0270454   1.47846 -0.215086  -9.69455 
             168.799 -8.09227 -22.6589 -15.9541 0.513312  21.4116 -2.27645 0 0 0   -0.011 -0.02329  0.04412 -1.37205  7.32065 -1.77009 0.00216491 0.00580582 -0.0201448   -0.23386 -0.0303572 -0.0265165   1.47855 -0.215205  -9.69454 
               168.9 -8.33847 -23.7419 -14.9443 0.522956  21.4866 -2.32119 0 0 0   -0.011 -0.02329  0.04412 -1.37389  7.32442 -1.82476 0.00213462 0.00663214 -0.0206599  -0.234079 -0.0297299 -0.0244868   1.47952 -0.215934  -9.69437 
                 169 -8.32411 -24.0642 -14.1783 0.258285  22.9138 -2.68303 0 0 0   -0.011 -0.02329  0.04412 -1.68027  7.72326 -1.96551 0.00191352 0.00690302 -0.0211196  -0.234824 -0.0298187 -0.0240381   1.47983 -0.215876  -9.69433 
               169.1 -7.43216 -23.8934 -13.8202 0.059154  23.6793  -2.8832 0 0 0   -0.011 -0.02329  0.04412 -1.87151  7.88773 -2.02669 0.00144401 0.00662544 -0.0215346  -0.234019 -0.0290717  -0.024008    1.4799 -0.216255  -9.69431 
               169.2 -7.53984  -23.674 -12.4705 -0.115452   24.3601  -3.07827 0 0 0   -0.011 -0.02329  0.04412 -2.03012  8.00277 -2.10395   0.001194 0.00667591 -0.0223235  -0.233538 -0.0271829  -0.022855   1.48087 -0.217113  -9.69414 
               169.3 -7.41904 -23.9354 -12.1528 -0.321952   25.2682   -3.3439 0 0 0   -0.011 -0.02329  0.04412 -2.20472  8.17871 -2.21001 0.000998058  0.00691378  -0.0223553  -0.233893 -0.0259555 -0.0210709    1.4821 -0.217758  -9.69394 
               169.4 -8.47606 -23.2777 -8.99011 -0.517554   25.9442  -3.55053 0 0 0   -0.011 -0.02329  0.04412 -2.36101  8.30729 -2.29171 0.00075806 0.00681684 -0.0240706  -0.233072 -0.0257035 -0.0200503   1.48245 -0.218329  -9.69387 
               169.5 -9.25891 -23.5478 -8.18923 -0.708297   26.8569  -3.85398 0 0 0   -0.011 -0.02329  0.04412 -2.48684  8.52696 -2.43406 0.00102099 0.00703688 -0.0244292  -0.233602 -0.0260975  -0.016993   1.48371 -0.218877  -9.69367 
               169.6 -8.62368 -22.9372 -8.57061 -0.947273   27.7087  -4.08203 0 0 0   -0.011 -0.02329  0.04412 -2.64579  8.67048 -2.48073 0.000729933  0.00681335  -0.0242212  -0.234573 -0.0247392 -0.0172508   1.48431 -0.218702  -9.69358 
               169.7 -10.1141 -24.6729 -6.17645 -1.21229  28.5783 -4.37097 0 0 0   -0.011 -0.02329  0.04412 -2.84623  8.87777 -2.61349 0.00114925 0.00823542 -0.0252228  -0.233776 -0.0246585 -0.0155091   1.48495 -0.219403  -9.69346 
               169.8 -9.64592 -21.6264 -5.59837 -1.52619  29.4836    -4.64 0 0 0   -0.011 -0.02329  0.04412 -3.01286  9.04792  -2.6723  0.0006396 0.00686726 -0.0256256  -0.232821 -0.0251043 -0.0156851   1.48455 -0.219683  -9.69352 
               169.9 -10.1645 -21.2078 -4.00771 -1.83374   30.328  -4.9169 0 0 0   -0.011 -0.02329  0.04412 -3.21825  9.15687 -2.77089 0.00057467 0.00771798 -0.0264034  -0.231492 -0.0229578 -0.0144598    1.4858 -0.220784   -9.6933 
                 170 -9.93578 -20.2594 -3.06798 -2.11895  31.2489 -5.20825 0 0 0   -0.011 -0.02329  0.04412 -3.36414  9.32655 -2.87219 0.000296884  0.00836288  -0.0268393  -0.232832 -0.0225289 -0.0133106   1.48665 -0.220467  -9.69318 
               170.1 -10.0383 -18.0018 -1.84676 -2.44505  32.1789 -5.49124 0 0 0   -0.011 -0.02329  0.04412 -3.56362   9.4737 -2.96351 0.000164006  0.00869518  -0.0276041  -0.233684 -0.0215973 -0.0131859  1.48722 -0.22023  -9.6931 
               170.2 -9.21964  -15.665  -2.3989 -2.71545  32.8797 -5.75195 0 0 0   -0.011 -0.02329  0.04412 -3.76555  9.53675 -3.09836 -0.000276234   0.00933724   -0.0274658  -0.232404 -0.0194513 -0.0110481   1.48896 -0.221397   -9.6928 
               170.3  -9.66295  -15.4209 -0.963468 -3.15805  33.6234    -6.04 0 0 0   -0.011 -0.02329  0.04412 -4.19267  9.47141 -3.23879 -0.000308213    0.0110757   -0.0283737  -0.226763 -0.0132436 -0.0102037  1.49158  -0.2248 -9.69232 
               170.4   -10.2051   -12.5598 -0.0127297 -3.52969  34.4851 -6.37754 0 0 0   -0.011 -0.02329  0.04412  -4.4262  9.61023 -3.41521 -0.000247712    0.0110511   -0.0291922   -0.226207  -0.0135148 -0.00814523  1.49223 -0.22531 -9.69221 
               170.5   -10.38 -9.51848 0.175207 -3.91706  35.3523 -6.72338 0 0 0   -0.011 -0.02329  0.04412 -4.68366  9.72228 -3.57714 -0.000394459    0.0109602   -0.0294525   -0.225929  -0.0136658 -0.00623705   1.49289 -0.225674   -9.6921 
               170.6 -11.6737 -6.16419  2.04358 -4.32519  36.1888  -7.0654 0 0 0   -0.011 -0.02329  0.04412 -4.99082  9.75484 -3.71057 6.13458e-05   0.0110556   -0.030571   -0.225432  -0.0102255 -0.00426642   1.49531 -0.226427  -9.69171 
               170.7 -12.9741 -3.56669  3.80531 -5.14845  37.7454 -7.69562 0 0 0   -0.011 -0.02329  0.04412 -5.47887  9.94496  -3.9497 0.000811565   0.0109152  -0.0314332   -0.225132 -0.00813471 -0.00272475  1.49691  -0.2269 -9.69145 
               170.8  -13.5465 -0.283748   5.39745 -5.69209   38.689  -8.0861 0 0 0   -0.011 -0.02329  0.04412 -5.68846  9.97399 -4.03325 0.00109594 0.00958831 -0.0327574   -0.224325 -0.00379932   -0.001976   1.49938 -0.227601  -9.69106 
               170.9 -13.4283  1.95772   5.9387   -6.275  39.7162 -8.53295 0 0 0   -0.011 -0.02329  0.04412 -5.96097  10.0173 -4.14054 0.000934517  0.00923859  -0.0334227    -0.224469  8.65868e-05 -0.000206928   1.50201 -0.227886  -9.69064 
                 171  -13.712 0.987273  7.53838 -6.68568  40.4279 -8.84131 0 0 0   -0.011 -0.02329  0.04412 -6.13967  10.0781 -4.24072 0.00119973  0.0102237 -0.0339848   -0.225085  0.00163109 0.000605886   1.50311 -0.227699  -9.69047 
               171.1 -14.2449 -0.48756  8.20402 -7.47541  41.7355 -9.42814 0 0 0   -0.011 -0.02329  0.04412 -6.48837  10.2343 -4.44186 0.00163499  0.0110545 -0.0340515  -0.225623 0.00265131 0.00213171   1.50408 -0.227647  -9.69032 
               171.2 -14.6691 -1.11454   9.4463 -8.02639  42.6803 -9.90651 0 0 0   -0.011 -0.02329  0.04412 -6.72032  10.3608 -4.65434 0.00192226  0.0115593   -0.03459  -0.227345 0.00256038 0.00543487   1.50478 -0.227265  -9.69022 
               171.3 -14.8515 -0.78256  10.2537 -8.64165  43.7038 -10.3905 0 0 0   -0.011 -0.02329  0.04412 -6.95209  10.4749 -4.80926 0.00210246  0.0115202 -0.0350636  -0.229667 0.00407994 0.00678429   1.50594 -0.226175  -9.69007 
               171.4 -15.0833 -1.35454  10.3376 -8.92191   44.202 -10.6895 0 0 0   -0.011 -0.02329  0.04412 -7.04841  10.5686 -4.98152 0.00252336  0.0118812 -0.0350943  -0.231637 0.00415495  0.0102896    1.5066 -0.225754  -9.68998 
               171.5 -16.0858  -2.3247  11.8019 -9.99842  45.8266 -11.5394 0 0 0   -0.011 -0.02329  0.04412 -7.52574  10.7295 -5.29747 0.00326315  0.0126978 -0.0359232  -0.232911 0.00740774  0.0133143   1.50899 -0.225495  -9.68961 
               171.6 -15.9988 -2.12461  13.5105 -10.7694  46.8934 -12.1173 0 0 0   -0.011 -0.02329  0.04412 -7.89378  10.8133 -5.50531 0.00348522  0.0129158 -0.0374593   -0.23256 0.00744837  0.0152459   1.50931 -0.226124  -9.68955 
               171.7 -15.9097 -2.41944  14.3723 -11.5892  47.9982 -12.6679 0 0 0   -0.011 -0.02329  0.04412 -8.24767  10.8771 -5.63141 0.00356655  0.0132293 -0.0381452  -0.232746 0.00968598   0.014435    1.5105 -0.225658  -9.68937 
               171.8 -16.0013 -4.17917  14.3392  -12.295  49.0468 -13.2281 0 0 0   -0.011 -0.02329  0.04412 -8.46997  10.9577 -5.81774 0.00363697  0.0140933 -0.0378456 -0.237316 0.0139369 0.0156037   1.51293 -0.222951  -9.68906 
               171.9 -15.4215 -3.86093  14.6122 -13.1319  50.1164 -13.8481 0 0 0   -0.011 -0.02329  0.04412  -8.8072  10.9942 -6.01956 0.00332389   0.013914 -0.0380022 -0.237477 0.0157237 0.0176047   1.51426 -0.223156  -9.68884 
                 172 -15.0337 -4.29143  14.5745 -14.0194  51.2232 -14.5283 0 0 0   -0.011 -0.02329  0.04412 -9.16077   11.022  -6.2631 0.00316417  0.0142507 -0.0379643 -0.238253 0.0176983  0.020497   1.51579 -0.223185   -9.6886 
               172.1 -15.4527 -4.18447  16.0816 -14.8569  52.1756 -15.1393 0 0 0   -0.011 -0.02329  0.04412 -9.44098   10.997 -6.44826   0.003585  0.0140943 -0.0389866  -0.23658 0.0220103 0.0228221 1.51884 -0.2242 -9.6881 
               172.2 -14.6394 -6.54589  16.0788 -15.8999  53.3677 -15.8825 0 0 0   -0.011 -0.02329  0.04412 -9.88275  11.0061 -6.68727 0.00326808   0.015544 -0.0388824   -0.2368 0.0230507 0.0241397   1.51963 -0.224254  -9.68798 
               172.3 -14.7848 -6.69572  17.2246 -16.637 54.2599 -16.459 0 0 0   -0.011 -0.02329  0.04412 -10.1096  11.0035 -6.87576  0.0034929  0.0159929 -0.0398174 -0.240053 0.0278625 0.0258717   1.52247 -0.222155  -9.68758 
               172.4 -15.1933 -5.12384  17.7116 -16.9152  54.6229 -16.7596 0 0 0   -0.011 -0.02329  0.04412  -10.135  11.0047 -7.02449 0.00398405  0.0152311 -0.0405776 -0.242786  0.031644 0.0294535   1.52499 -0.220857  -9.68721 
               172.5 -15.2783 -4.85607  18.0076 -18.5158  56.2985 -17.8761 0 0 0   -0.011 -0.02329  0.04412 -10.7054  10.9812  -7.2999 0.00413179  0.0151665 -0.0409526 -0.242222 0.0351028 0.0302737  1.52725  -0.2209 -9.68686 
               172.6 -15.4452 -4.57311  19.2423 -18.8789  56.7082 -18.1628 0 0 0   -0.011 -0.02329  0.04412  -10.798  10.9809 -7.38505 0.00485949  0.0155058 -0.0425808  -0.24432 0.0375492 0.0311499   1.52861 -0.219496  -9.68667 
               172.7  -14.429 -3.78843  19.3382 -20.7449  58.5188 -19.4171 0 0 0   -0.011 -0.02329  0.04412 -11.4153  10.8989 -7.64244 0.00441215  0.0151392  -0.043032 -0.243063 0.0415928 0.0312468    1.5312 -0.219668  -9.68626 
               172.8 -13.3196 -3.45091  16.9654 -21.0317  58.8145 -19.7047 0 0 0   -0.011 -0.02329  0.04412 -11.4678  10.8876 -7.78375 0.00490333  0.0150512 -0.0431263 -0.244262 0.0443431 0.0348185   1.53328 -0.219219  -9.68594 
               172.9 -14.2157 -2.98464  18.1568 -23.0098  60.7081 -21.0757 0 0 0   -0.011 -0.02329  0.04412 -12.0659  10.9167 -8.07491 0.00570324  0.0149782 -0.0442969 -0.247437 0.0487566 0.0350796   1.53556 -0.216718  -9.68564 
                 173 -11.8639 -2.30296  16.0707 -24.5013  62.0485 -22.1051 0 0 0   -0.011 -0.02329  0.04412 -12.4417  10.8776 -8.26829 0.00565324  0.0141918  -0.044816   -0.2483 0.0539881 0.0360725   1.53875 -0.215565  -9.68516 
               173.1 -10.9663  -1.4765  14.7054 -25.4193  62.8903 -22.7254 0 0 0   -0.011 -0.02329  0.04412  -12.689  10.9574 -8.38238 0.00596942  0.0133695 -0.0453972 -0.250503 0.0520198 0.0358807   1.53723 -0.214528  -9.68542 
               173.2 -10.5264 -2.27475  14.9368 -26.9244  64.2099 -23.7453 0 0 0   -0.011 -0.02329  0.04412 -13.0883  10.9809 -8.58176 0.00618477  0.0137613 -0.0462197 -0.252588 0.0524318 0.0363567   1.53727 -0.213304  -9.68544 
               173.3 -8.65776 -3.32161   12.391 -28.1846  65.1708 -24.5488 0 0 0   -0.011 -0.02329  0.04412 -13.3251  10.7411 -8.65609 0.00593092  0.0140022 -0.0459982 -0.249453 0.0639381 0.0363226   1.54459 -0.213471  -9.68427 
               173.4 -8.84216 -1.84439  10.3252 -29.3933  66.1586 -25.4007 0 0 0   -0.011 -0.02329  0.04412 -13.6216  10.7883 -8.85255 0.00683903  0.0129194 -0.0460572 -0.250386 0.0638543 0.0386452   1.54476 -0.213294  -9.68425 
               173.5  -8.08296 -0.658987   8.99885 -29.8591  66.5887 -25.7015 0 0 0   -0.011 -0.02329  0.04412 -13.7244  10.8933 -8.87506 0.00700385  0.0120571 -0.0464734 -0.253572 0.0612715 0.0376219   1.54266 -0.211579  -9.68462 
               173.6  -8.56717 -0.256776   9.41916 -32.1705  68.4049 -27.1697 0 0 0   -0.011 -0.02329  0.04412 -14.2371  10.9198 -9.06501 0.00747939  0.0117951 -0.0471595 -0.254142 0.0606155 0.0369016    1.5421 -0.211213  -9.68472 
               173.7  -8.34922 -0.656253   7.10108 -32.6554  68.8035 -27.5409 0 0 0   -0.011 -0.02329  0.04412 -14.2924  10.9284 -9.16155 0.00801395  0.0115522 -0.0471414 -0.255987 0.0627629 0.0387605   1.54339 -0.210184  -9.68454 
               173.8 -8.31592 0.693356   6.5929  -35.147  70.6697 -29.1063 0 0 0   -0.011 -0.02329  0.04412 -14.7825  10.9095  -9.3033 0.00812414  0.0106523  -0.047199 -0.256089  0.065096 0.0379583   1.54467 -0.209778  -9.68434 
               173.9 -8.34166 0.292401  5.05257 -36.6277  71.7296 -30.0672 0 0 0   -0.011 -0.02329  0.04412 -15.0383  10.8746 -9.43645 0.00846166  0.0100884   -0.04723  -0.25523 0.0671629 0.0394358   1.54608 -0.210343   -9.6841 
                 174 -8.86663 0.339489  3.97531 -38.1189  72.7939 -31.0007 0 0 0   -0.011 -0.02329  0.04412 -15.2772  10.8882 -9.54104 0.00865873 0.00936935 -0.0470623 -0.254747 0.0671012 0.0396131   1.54609 -0.210651   -9.6841 
               174.1   -8.89196 -0.0320316    3.23595 -38.3123  72.9213 -31.1061 0 0 0   -0.011 -0.02329  0.04412 -15.3479  10.9054 -9.55141 0.00867789 0.00913618 -0.0468996 -0.253513 0.0652967 0.0394986   1.54513 -0.211413  -9.68423 
               174.2  -9.82009 0.0269395   3.10489 -41.1063  74.8721 -32.8783 0 0 0   -0.011 -0.02329  0.04412 -15.7985  10.9586 -9.77152 0.00935508 0.00905062 -0.0468793 -0.253938 0.0682402 0.0406065   1.54687 -0.211219  -9.68396 
               174.3  -9.31165 -0.660968   1.80104 -42.8814  76.1074 -34.0024 0 0 0   -0.011 -0.02329  0.04412 -16.1586  11.0595 -9.95172 0.00945204 0.00935506 -0.0469183 -0.254363 0.0669711 0.0416934    1.5462 -0.211165  -9.68407 
               174.4 -9.78017 0.301705 0.818524 -44.4897  77.1851 -34.9615 0 0 0   -0.011 -0.02329  0.04412 -16.3695  11.1595 -10.0344  0.0099896 0.00858233 -0.0465727 -0.253661  0.068705 0.0407163  1.54714  -0.2114 -9.68391 
