time_stamp, total time, scan point size, incremental time, search time, delete size, delete time, tree size st, tree size end, add point size, preprocess time
1773325303.93815947,0.04954687,6033,0.01003138,0.00000000,0,0.00000000,4833,6858,3183,0.00000000
1773325304.03817606,0.04080892,6003,0.00906670,0.00000000,0,0.00000000,6858,7755,2295,0.00357981
1773325304.13803601,0.03675429,6036,0.00786035,0.00000000,0,0.00000000,7755,8823,1922,0.00310293
1773325304.23809481,0.04339092,6041,0.00598609,0.00000000,0,0.00000000,8390,9241,1613,0.00306652
1773325304.33820724,0.03261249,5990,0.00495112,0.00000000,0,0.00000000,9241,9842,1372,0.00464150
1773325304.43803811,0.02729492,6025,0.00402366,0.00000000,0,0.00000000,9842,10282,1247,0.00155747
1773325304.53806949,0.03660828,6035,0.00433105,0.00000000,0,0.00000000,9844,10305,1065,0.00173639
1773325304.63820052,0.03517814,6062,0.00526180,0.00000000,0,0.00000000,10305,10470,1057,0.00188998
1773325304.73818445,0.03901308,6027,0.00390434,0.00000000,0,0.00000000,10470,10694,919,0.00135184
1773325304.83806849,0.03446191,6015,0.00467147,0.00000000,0,0.00000000,10694,11056,904,0.00079414
1773325304.93809366,0.04200688,5990,0.00448139,0.00000000,0,0.00000000,11056,11044,822,0.00086699
1773325305.03805447,0.04562641,6047,0.00610919,0.00000000,0,0.00000000,11044,11275,898,0.00105297
1773325305.13814163,0.05904526,5985,0.00655481,0.00000000,0,0.00000000,11275,11528,889,0.00125243
1773325305.23803949,0.05760857,6005,0.00765020,0.00000000,0,0.00000000,11528,11804,919,0.00204664
1773325305.33809495,0.05355278,6001,0.00876990,0.00000000,0,0.00000000,11804,11906,765,0.00119188
1773325305.43815303,0.04516618,6005,0.00509367,0.00000000,0,0.00000000,11906,12047,712,0.00153462
1773325305.53811288,0.05349175,5958,0.00522146,0.00000000,0,0.00000000,12047,12325,656,0.00168091
1773325305.63797045,0.05605775,5993,0.00436028,0.00000000,0,0.00000000,12325,12337,563,0.00192525
1773325305.73794699,0.03273230,6026,0.00257184,0.00000000,0,0.00000000,12337,12618,529,0.00166358
1773325305.83799219,0.02628017,5992,0.00210126,0.00000000,0,0.00000000,12618,12792,562,0.00183529
1773325305.93819594,0.02789070,5976,0.00323761,0.00000000,0,0.00000000,12792,12740,514,0.00165395
1773325306.03793931,0.03398558,6052,0.00402836,0.00000000,0,0.00000000,12740,12858,543,0.00153658
1773325306.13796735,0.03668999,6034,0.00234872,0.00000000,0,0.00000000,12858,12990,531,0.00348851
1773325306.23797989,0.03449019,6023,0.00276759,0.00000000,0,0.00000000,12990,13210,493,0.00113379
1773325306.33799267,0.02531540,6013,0.00159738,0.00000000,0,0.00000000,13210,13202,401,0.00084727
1773325306.43803000,0.02565925,5975,0.00215680,0.00000000,0,0.00000000,13202,13359,423,0.00106356
1773325306.53805757,0.03195060,5975,0.00313000,0.00000000,0,0.00000000,13359,13410,422,0.00104752
1773325306.63810658,0.02965420,5923,0.00257632,0.00000000,0,0.00000000,13410,13337,479,0.00218722
1773325306.73793888,0.02725060,5966,0.00270806,0.00000000,0,0.00000000,13337,13362,537,0.00150795
1773325306.83797073,0.02831961,5970,0.00224449,0.00000000,0,0.00000000,13362,13631,537,0.00228311
1773325306.93798256,0.02945211,5933,0.00199527,0.00000000,0,0.00000000,13631,13742,451,0.00122893
1773325307.03797460,0.03773103,5917,0.00309645,0.00000000,0,0.00000000,13742,13909,434,0.00091125
1773325307.13803792,0.03284111,5942,0.00368662,0.00000000,0,0.00000000,13909,13953,385,0.00072829
1773325307.23798347,0.03498042,5946,0.00194983,0.00000000,0,0.00000000,13953,14061,359,0.00088243
1773325307.33798742,0.02793498,5995,0.00309800,0.00000000,0,0.00000000,14061,14127,358,0.00097479
1773325307.43807697,0.02719673,5942,0.00432288,0.00000000,0,0.00000000,14127,14228,420,0.00093361
1773325307.53808856,0.02498795,5894,0.00303649,0.00000000,0,0.00000000,14228,14205,391,0.00155359
1773325307.63807130,0.03209157,5932,0.00175356,0.00000000,0,0.00000000,14205,14282,336,0.00171265
1773325307.73798990,0.02654570,5964,0.00124943,0.00000000,0,0.00000000,14282,14430,302,0.00281810
1773325307.83806229,0.02885020,5932,0.00172916,0.00000000,0,0.00000000,14430,14067,291,0.00339433
1773325307.93805885,0.02894760,5953,0.00247043,0.00000000,0,0.00000000,14067,13971,291,0.00133328
1773325308.03797412,0.03632373,5994,0.00290953,0.00000000,0,0.00000000,13971,14092,311,0.00076229
1773325308.13805103,0.03050027,5929,0.00302340,0.00000000,0,0.00000000,14092,13973,306,0.00122054
1773325308.23799109,0.03039819,5921,0.00120953,0.00000000,0,0.00000000,13973,14142,279,0.00085026
1773325308.33807611,0.03386795,5946,0.00156933,0.00000000,0,0.00000000,14142,14324,270,0.00077923
1773325308.43795180,0.02424460,6009,0.00119929,0.00000000,0,0.00000000,14324,14461,266,0.00091814
1773325308.53808641,0.03613310,5958,0.00153909,0.00000000,0,0.00000000,14461,14564,246,0.00098511
1773325308.63800764,0.05329101,5997,0.00239706,0.00000000,0,0.00000000,14564,14613,280,0.00328889
1773325308.73797941,0.05264626,5979,0.00203321,0.00000000,0,0.00000000,14613,14723,303,0.00344584
1773325308.83804440,0.05418519,5939,0.00182143,0.00000000,0,0.00000000,14723,14821,251,0.00219604
1773325308.93795705,0.03954013,5956,0.00175395,0.00000000,0,0.00000000,14821,14902,253,0.00095612
1773325309.03794384,0.05018211,5950,0.00276489,0.00000000,0,0.00000000,14902,14951,244,0.00141543
1773325309.13786769,0.03759412,5993,0.00227322,0.00000000,0,0.00000000,14951,14824,240,0.00362558
1773325309.23798776,0.03949537,5989,0.00311322,0.00000000,0,0.00000000,14824,14796,275,0.00160824
1773325309.33800387,0.04246279,5926,0.00164221,0.00000000,0,0.00000000,14796,14837,232,0.00277569
1773325309.43803835,0.02425444,6006,0.00086496,0.00000000,0,0.00000000,14837,14998,243,0.00185997
1773325309.53808737,0.05224402,5923,0.00238461,0.00000000,0,0.00000000,14998,14980,201,0.00381731
1773325309.63786435,0.05409870,5971,0.00247407,0.00000000,0,0.00000000,14980,15032,240,0.00318701
1773325309.73789072,0.03889795,5951,0.00126795,0.00000000,0,0.00000000,15032,15153,252,0.00140019
1773325309.83791876,0.03403626,5947,0.00162413,0.00000000,0,0.00000000,15153,15245,224,0.00146378
1773325309.93802333,0.03586447,5962,0.00158320,0.00000000,0,0.00000000,15245,15259,217,0.00245262
1773325310.03804064,0.03549280,5953,0.00154830,0.00000000,0,0.00000000,15259,15349,210,0.00198326
1773325310.13791728,0.03124047,5941,0.00124160,0.00000000,0,0.00000000,15349,15416,188,0.00214274
1773325310.23800707,0.03318226,5986,0.00118257,0.00000000,0,0.00000000,15416,15467,208,0.00301123
1773325310.33809328,0.03936014,5881,0.00216573,0.00000000,0,0.00000000,15467,15365,210,0.00186426
1773325310.43786335,0.04658002,5970,0.00129918,0.00000000,0,0.00000000,15365,15511,208,0.00204156
1773325310.53785682,0.05012979,5941,0.00214362,0.00000000,0,0.00000000,15511,15585,218,0.00175890
1773325310.63788772,0.04296999,5988,0.00187280,0.00000000,0,0.00000000,15585,15669,219,0.00198388
1773325310.73792171,0.04192473,5751,0.00150255,0.00000000,0,0.00000000,15669,15680,175,0.00124548
1773325310.83459163,0.04301147,6261,0.00153048,0.00000000,0,0.00000000,15680,15333,197,0.00130939
1773325310.93794537,0.02715828,5948,0.00097468,0.00000000,0,0.00000000,15333,15390,172,0.00344736
1773325311.03794932,0.04027205,5918,0.00179345,0.00000000,0,0.00000000,15390,15484,171,0.00302783
1773325311.13780189,0.04812619,5986,0.00204080,0.00000000,0,0.00000000,15484,15565,181,0.00413850
1773325311.23783827,0.05383898,5973,0.00150185,0.00000000,0,0.00000000,15565,15588,191,0.00163371
1773325311.33792210,0.05230504,5973,0.00117844,0.00000000,0,0.00000000,15588,15628,162,0.00110812
1773325311.43791246,0.05063107,5974,0.00143161,0.00000000,0,0.00000000,15628,15658,172,0.00092330
1773325311.53787804,0.02932852,5994,0.00177733,0.00000000,0,0.00000000,15658,15692,178,0.00149781
1773325311.63795137,0.02784311,5967,0.00116891,0.00000000,0,0.00000000,15692,15755,176,0.00178094
1773325311.73795414,0.03279836,5974,0.00090700,0.00000000,0,0.00000000,15755,15732,176,0.00224452
1773325311.83799100,0.03125648,5920,0.00082497,0.00000000,0,0.00000000,15732,15726,173,0.00159932
1773325311.93797541,0.03089401,5959,0.00138950,0.00000000,0,0.00000000,15726,15437,159,0.00218845
1773325312.03798461,0.02726245,5950,0.00122692,0.00000000,0,0.00000000,15437,15402,171,0.00163552
1773325312.13795900,0.02371369,5966,0.00054127,0.00000000,0,0.00000000,15402,15496,146,0.00092792
1773325312.23798394,0.03656938,5928,0.00082223,0.00000000,0,0.00000000,15496,15474,153,0.00226877
1773325312.33788037,0.03405928,5955,0.00234858,0.00000000,0,0.00000000,15474,15512,156,0.00162481
1773325312.43782711,0.03682407,5943,0.00056086,0.00000000,0,0.00000000,15512,15565,140,0.00256088
1773325312.53791785,0.03304485,5955,0.00059180,0.00000000,0,0.00000000,15565,15657,138,0.00087091
1773325312.63783765,0.02958198,5995,0.00099625,0.00000000,0,0.00000000,15657,15751,162,0.00196614
1773325312.73791528,0.02690713,5962,0.00084851,0.00000000,0,0.00000000,15751,15799,163,0.00380733
1773325312.83797336,0.02742797,5940,0.00079404,0.00000000,0,0.00000000,15799,15777,148,0.00203733
1773325312.93789458,0.02901562,5957,0.00142862,0.00000000,0,0.00000000,15777,15791,169,0.00257022
1773325313.03794026,0.03237616,5945,0.00120958,0.00000000,0,0.00000000,15791,15817,155,0.00091740
1773325313.13778329,0.03731508,6006,0.00079517,0.00000000,0,0.00000000,15817,15855,149,0.00089896
1773325313.23821020,0.03158049,5867,0.00143872,0.00000000,0,0.00000000,15855,15814,132,0.00192406
1773325313.33738184,0.03539780,6060,0.00374761,0.00000000,0,0.00000000,15814,15604,135,0.00107843
1773325313.43776417,0.02859203,5941,0.00101865,0.00000000,0,0.00000000,15604,15658,152,0.00271856
1773325313.53782725,0.02613100,5992,0.00079213,0.00000000,0,0.00000000,15658,15702,154,0.00171452
1773325313.63792229,0.02480700,5966,0.00111763,0.00000000,0,0.00000000,15702,15810,174,0.00337532
1773325313.73786211,0.03098487,5948,0.00145981,0.00000000,0,0.00000000,15810,15885,144,0.00340510
1773325313.83782268,0.02961489,5968,0.00160660,0.00000000,0,0.00000000,15885,15963,152,0.00097381
1773325313.93782258,0.02943031,6026,0.00208072,0.00000000,0,0.00000000,15963,15859,120,0.00098487
1773325314.03786850,0.03016077,6006,0.00074609,0.00000000,0,0.00000000,15859,15882,141,0.00100030
1773325314.13788843,0.02969906,5996,0.00152116,0.00000000,0,0.00000000,15882,15903,157,0.00093834
1773325314.23782849,0.02907982,6002,0.00103906,0.00000000,0,0.00000000,15903,15956,129,0.00361535
1773325314.33789802,0.03425422,6005,0.00127059,0.00000000,0,0.00000000,15956,15921,124,0.00188429
1773325314.43798470,0.02617181,5956,0.00044870,0.00000000,0,0.00000000,15921,15974,121,0.00237443
1773325314.53772259,0.02441698,6012,0.00059154,0.00000000,0,0.00000000,15974,16011,122,0.00120606
1773325314.63773966,0.02631063,5990,0.00110689,0.00000000,0,0.00000000,16011,16078,121,0.00153640
1773325314.73778820,0.02768486,6000,0.00091181,0.00000000,0,0.00000000,16078,16091,109,0.00278900
1773325314.83785439,0.02678828,5995,0.00075918,0.00000000,0,0.00000000,16091,16137,133,0.00102825
1773325314.93789268,0.02583787,5982,0.00068009,0.00000000,0,0.00000000,16137,16194,135,0.00099746
1773325315.03791571,0.02921925,5974,0.00056393,0.00000000,0,0.00000000,16194,16226,119,0.00244770
1773325315.13799071,0.03117877,5914,0.00061156,0.00000000,0,0.00000000,16226,16308,123,0.00265361
1773325315.23773432,0.03557311,5975,0.00136191,0.00000000,0,0.00000000,16308,16300,111,0.00204671
1773325315.33777356,0.03522795,5949,0.00122037,0.00000000,0,0.00000000,16300,16347,118,0.00170143
1773325315.43784833,0.02550212,5986,0.00105913,0.00000000,0,0.00000000,16347,16384,115,0.00087063
1773325315.53786135,0.02931863,5932,0.00055714,0.00000000,0,0.00000000,16384,16398,82,0.00141019
1773325315.63769245,0.02254505,6000,0.00060203,0.00000000,0,0.00000000,16398,16416,117,0.00108160
1773325315.73787308,0.02741191,5945,0.00088103,0.00000000,0,0.00000000,16416,16411,121,0.00100402
1773325315.83786345,0.02938217,5987,0.00041963,0.00000000,0,0.00000000,16411,16441,108,0.00201183
1773325315.93787503,0.02782840,5977,0.00046139,0.00000000,0,0.00000000,16441,16447,110,0.00260742
1773325316.03786421,0.03047776,5965,0.00062982,0.00000000,0,0.00000000,16447,16413,104,0.00228736
1773325316.13779807,0.02848021,6002,0.00052661,0.00000000,0,0.00000000,16413,16443,106,0.00110374
1773325316.23785782,0.03130544,5994,0.00105321,0.00000000,0,0.00000000,16443,16473,106,0.00170568
1773325316.33779359,0.03047241,6006,0.00103886,0.00000000,0,0.00000000,16473,16548,112,0.00147832
1773325316.43784571,0.02844368,5950,0.00111260,0.00000000,0,0.00000000,16548,16556,107,0.00097912
1773325316.53784728,0.03264335,5945,0.00054840,0.00000000,0,0.00000000,16556,16539,101,0.00095165
1773325316.63770270,0.03151428,5973,0.00034118,0.00000000,0,0.00000000,16539,16601,101,0.00255640
1773325316.73776197,0.03561653,6019,0.00160389,0.00000000,0,0.00000000,16601,15896,131,0.00133682
1773325316.83786011,0.03329242,6030,0.00147863,0.00000000,0,0.00000000,15896,15940,163,0.00254155
1773325316.93787360,0.03226635,6006,0.00128314,0.00000000,0,0.00000000,15940,15950,133,0.00160263
1773325317.03791761,0.02826682,5984,0.00063782,0.00000000,0,0.00000000,15950,15992,89,0.00087633
1773325317.13780093,0.02512927,5967,0.00084709,0.00000000,0,0.00000000,15992,16008,100,0.00170788
1773325317.23769283,0.03278667,6043,0.00104108,0.00000000,0,0.00000000,16008,16042,108,0.00104726
1773325317.33781862,0.03313286,5993,0.00162563,0.00000000,0,0.00000000,16042,16013,108,0.00144956
1773325317.43768549,0.02910839,6044,0.00084020,0.00000000,0,0.00000000,16013,16021,98,0.00269518
1773325317.53782392,0.02935834,6043,0.00047164,0.00000000,0,0.00000000,16021,16006,87,0.00310168
1773325317.63770127,0.02585406,6059,0.00043814,0.00000000,0,0.00000000,16006,16007,99,0.00273611
1773325317.73777485,0.03832711,6052,0.00102232,0.00000000,0,0.00000000,16007,16058,107,0.00356273
1773325317.83768916,0.02405652,6017,0.00089354,0.00000000,0,0.00000000,16058,16088,87,0.00141200
1773325317.93776727,0.02447801,6039,0.00060009,0.00000000,0,0.00000000,16088,16065,83,0.00088970
1773325318.03776741,0.03740504,6051,0.00091113,0.00000000,0,0.00000000,16065,16018,91,0.00101407
1773325318.13776374,0.03207342,6053,0.00038284,0.00000000,0,0.00000000,16018,16079,86,0.00102482
1773325318.23777604,0.03489519,6006,0.00054443,0.00000000,0,0.00000000,16079,16075,103,0.00172643
1773325318.33765388,0.03020082,6067,0.00050287,0.00000000,0,0.00000000,16075,16121,97,0.00290828
1773325318.43775082,0.03479973,6051,0.00105239,0.00000000,0,0.00000000,16121,16154,89,0.00336206
1773325318.53776288,0.04109399,6049,0.00093314,0.00000000,0,0.00000000,16154,16185,92,0.00130630
1773325318.63775778,0.03582564,6058,0.00095587,0.00000000,0,0.00000000,16185,16192,84,0.00295489
1773325318.73777890,0.03889064,6019,0.00053772,0.00000000,0,0.00000000,16192,16226,102,0.00224407
1773325318.84092975,0.03620355,6042,0.00051826,0.00000000,0,0.00000000,16226,16249,124,0.00138854
1773325318.93780899,0.03336807,6077,0.00081120,0.00000000,0,0.00000000,16249,16287,148,0.00116732
1773325319.03781486,0.03379973,6016,0.00181384,0.00000000,0,0.00000000,16287,16213,193,0.00256929
1773325319.13780069,0.02844822,6056,0.00141437,0.00000000,0,0.00000000,16213,16305,227,0.00315671
1773325319.23777723,0.04197120,6101,0.00299386,0.00000000,0,0.00000000,16305,16408,258,0.00307370
1773325319.33786249,0.03771298,6106,0.00140683,0.00000000,0,0.00000000,16408,16479,258,0.00268813
1773325319.43778658,0.03138671,6059,0.00191560,0.00000000,0,0.00000000,16479,16172,202,0.00130489
1773325319.53764462,0.03500692,6107,0.00129947,0.00000000,0,0.00000000,16172,16270,167,0.00187577
1773325319.63770652,0.03450905,6060,0.00086512,0.00000000,0,0.00000000,16270,16323,178,0.00105804
1773325319.73779011,0.03575195,6031,0.00120677,0.00000000,0,0.00000000,16323,16237,149,0.00117763
1773325319.83762026,0.03595160,6112,0.00072612,0.00000000,0,0.00000000,16237,16293,140,0.00217837
1773325319.93770623,0.02919222,6065,0.00145061,0.00000000,0,0.00000000,16293,16341,148,0.00241442
1773325320.03774905,0.03216204,6045,0.00080284,0.00000000,0,0.00000000,16341,16449,190,0.00182904
1773325320.13768053,0.02685356,6080,0.00159656,0.00000000,0,0.00000000,16449,16556,196,0.00201076
1773325320.23761535,0.04007539,6091,0.00259648,0.00000000,0,0.00000000,16556,16615,217,0.00152959
1773325320.33767414,0.03383471,6119,0.00064178,0.00000000,0,0.00000000,16615,16682,170,0.00160077
1773325320.43775415,0.03383848,6070,0.00227944,0.00000000,0,0.00000000,16682,16647,158,0.00107420
1773325320.53775549,0.03239234,6060,0.00075330,0.00000000,0,0.00000000,16647,16788,194,0.00088093
1773325320.63760829,0.03271784,6090,0.00072210,0.00000000,0,0.00000000,16788,16850,172,0.00126147
1773325320.73767877,0.04074366,6089,0.00182584,0.00000000,0,0.00000000,16850,16916,169,0.00184741
1773325320.83769751,0.04159386,6087,0.00123106,0.00000000,0,0.00000000,16916,17012,143,0.00296922
1773325320.93782496,0.04151839,6043,0.00165851,0.00000000,0,0.00000000,17012,17079,141,0.00240070
1773325321.03761458,0.04762830,6111,0.00100791,0.00000000,0,0.00000000,17079,17138,157,0.00142098
1773325321.13763952,0.03913076,6088,0.00179021,0.00000000,0,0.00000000,17138,17176,148,0.00116432
1773325321.23776579,0.03793181,6140,0.00114713,0.00000000,0,0.00000000,17176,17219,164,0.00223755
1773325321.33776331,0.03763657,6080,0.00081174,0.00000000,0,0.00000000,17219,17235,153,0.00230535
1773325321.43765903,0.03776220,6109,0.00083407,0.00000000,0,0.00000000,17235,17246,149,0.00139185
1773325321.53768802,0.03455963,6067,0.00048613,0.00000000,0,0.00000000,17246,17339,149,0.00235395
1773325321.63755250,0.03036520,6102,0.00068099,0.00000000,0,0.00000000,17339,17442,171,0.00245101
1773325321.73760438,0.03920070,6096,0.00187408,0.00000000,0,0.00000000,17442,17526,210,0.00350432
1773325321.83765435,0.03793711,6111,0.00203824,0.00000000,0,0.00000000,17526,17586,200,0.00301185
1773325321.93784237,0.03681364,6075,0.00161164,0.00000000,0,0.00000000,17586,17671,193,0.00107164
1773325322.03754783,0.03857926,6120,0.00203544,0.00000000,0,0.00000000,17671,17702,160,0.00084713
1773325322.13760662,0.03584004,6117,0.00056060,0.00000000,0,0.00000000,17702,17749,131,0.00148970
1773325322.23778582,0.03701440,6085,0.00120227,0.00000000,0,0.00000000,17749,17624,97,0.00239864
1773325322.33753657,0.04504528,6124,0.00290202,0.00000000,0,0.00000000,17624,17305,143,0.00157399
1773325322.43763399,0.04998116,6071,0.00123945,0.00000000,0,0.00000000,17305,17348,111,0.00284916
1773325322.53758645,0.03947104,6074,0.00140334,0.00000000,0,0.00000000,17348,17375,117,0.00257786
1773325322.63759136,0.03442313,6114,0.00080877,0.00000000,0,0.00000000,17375,17419,109,0.00172244
1773325322.73764658,0.03231663,6083,0.00087057,0.00000000,0,0.00000000,17419,17480,116,0.00176437
1773325322.83770299,0.03617258,6103,0.00104115,0.00000000,0,0.00000000,17480,17532,121,0.00203350
1773325322.93773746,0.03680548,6087,0.00079470,0.00000000,0,0.00000000,17532,17570,106,0.00213496
1773325323.03762889,0.03870700,6098,0.00052721,0.00000000,0,0.00000000,17570,17636,104,0.00098502
1773325323.13757825,0.03587353,6106,0.00066854,0.00000000,0,0.00000000,17636,17669,115,0.00244660
1773325323.23767734,0.03293836,6105,0.00081260,0.00000000,0,0.00000000,17669,17729,121,0.00233391
1773325323.33769345,0.04335862,6039,0.00140283,0.00000000,0,0.00000000,17729,17808,125,0.00326813
1773325323.43754220,0.04192900,6107,0.00137883,0.00000000,0,0.00000000,17808,17910,139,0.00222927
1773325323.53759909,0.04586462,6116,0.00075452,0.00000000,0,0.00000000,17910,17970,147,0.00237189
1773325323.63762212,0.03196603,6084,0.00106717,0.00000000,0,0.00000000,17970,17975,118,0.00132630
1773325323.73752856,0.02678178,6110,0.00099754,0.00000000,0,0.00000000,17975,18004,121,0.00271723
1773325323.83750081,0.03549774,6152,0.00088633,0.00000000,0,0.00000000,18004,18022,135,0.00143596
1773325323.93769598,0.03654542,6071,0.00057676,0.00000000,0,0.00000000,18022,18024,109,0.00291103
1773325324.03754902,0.03523689,6084,0.00083376,0.00000000,0,0.00000000,18024,18067,126,0.00278023
1773325324.13753366,0.03248098,6124,0.00065321,0.00000000,0,0.00000000,18067,18144,162,0.00223228
1773325324.23764706,0.03351194,6110,0.00154871,0.00000000,0,0.00000000,18144,18255,180,0.00165603
1773325324.33766890,0.03603161,6145,0.00090879,0.00000000,0,0.00000000,18255,18222,184,0.00157466
1773325324.43767881,0.02529991,6078,0.00140521,0.00000000,0,0.00000000,18222,18291,157,0.00190802
1773325324.53752923,0.03771049,6094,0.00110262,0.00000000,0,0.00000000,18291,18181,123,0.00291022
1773325324.63755989,0.03606703,6135,0.00064740,0.00000000,0,0.00000000,18181,18234,154,0.00178588
1773325324.73758960,0.03677205,6115,0.00071522,0.00000000,0,0.00000000,18234,18293,126,0.00212571
1773325324.83768249,0.03378597,6115,0.00069811,0.00000000,0,0.00000000,18293,18357,120,0.00304487
1773325324.93765640,0.02929539,6072,0.00096771,0.00000000,0,0.00000000,18357,18386,128,0.00223957
1773325325.03751588,0.04580824,6102,0.00167140,0.00000000,0,0.00000000,18386,18437,141,0.00189342
1773325325.13757086,0.03485535,6101,0.00151510,0.00000000,0,0.00000000,18437,18506,155,0.00172208
1773325325.23756671,0.04135885,6104,0.00123651,0.00000000,0,0.00000000,18506,18508,158,0.00147077
1773325325.33760786,0.02913113,6089,0.00065482,0.00000000,0,0.00000000,18508,18578,157,0.00114260
1773325325.43750191,0.03395154,6115,0.00118989,0.00000000,0,0.00000000,18578,18494,163,0.00269189
1773325325.53754354,0.03154772,6050,0.00072959,0.00000000,0,0.00000000,18494,18554,125,0.00192793
1773325325.63748145,0.03647294,6151,0.00096699,0.00000000,0,0.00000000,18554,18640,175,0.00270782
1773325325.73755980,0.04330864,6108,0.00186137,0.00000000,0,0.00000000,18640,18740,167,0.00294941
1773325325.83753157,0.03594101,6133,0.00186730,0.00000000,0,0.00000000,18740,18816,154,0.00243873
1773325325.93761206,0.03569649,6123,0.00137084,0.00000000,0,0.00000000,18816,18820,118,0.00215769
1773325326.03763533,0.03208096,6134,0.00110691,0.00000000,0,0.00000000,18820,18862,118,0.00125349
1773325326.13761783,0.03612488,6080,0.00080548,0.00000000,0,0.00000000,18862,18859,142,0.00090561
1773325326.23754907,0.03542901,6125,0.00068193,0.00000000,0,0.00000000,18859,18928,137,0.00184413
1773325326.33757901,0.02668808,6121,0.00070859,0.00000000,0,0.00000000,18928,18930,154,0.00224201
1773325326.43762946,0.04125233,6098,0.00133098,0.00000000,0,0.00000000,18930,19012,108,0.00306754
1773325326.53755546,0.03873853,6138,0.00142597,0.00000000,0,0.00000000,19012,19064,120,0.00298639
1773325326.63751340,0.04187057,6097,0.00151062,0.00000000,0,0.00000000,19064,19040,112,0.00192862
1773325326.73759985,0.04546210,6087,0.00121782,0.00000000,0,0.00000000,19040,19076,117,0.00238621
1773325326.83746409,0.03632893,6120,0.00296207,0.00000000,0,0.00000000,19076,19105,113,0.00228392
1773325326.93757010,0.03847417,6140,0.00169132,0.00000000,0,0.00000000,18362,18375,114,0.00093174
1773325327.03759170,0.03757733,6142,0.00133184,0.00000000,0,0.00000000,18375,18425,97,0.00283051
1773325327.13762212,0.03717194,6070,0.00066558,0.00000000,0,0.00000000,18425,18468,108,0.00094977
1773325327.23753119,0.04622476,6113,0.00151960,0.00000000,0,0.00000000,18468,18514,122,0.00332875
1773325327.33752847,0.04448965,6096,0.00102321,0.00000000,0,0.00000000,18514,18490,137,0.00179757
1773325327.43759704,0.05633276,6109,0.00195962,0.00000000,0,0.00000000,18490,18473,104,0.00308809
1773325327.53748035,0.04460416,6154,0.00137998,0.00000000,0,0.00000000,18473,18539,135,0.00221422
1773325327.63758039,0.04259162,6118,0.00203552,0.00000000,0,0.00000000,18539,18561,168,0.00121846
1773325327.73746300,0.03553946,6152,0.00275206,0.00000000,0,0.00000000,18561,18529,160,0.00226902
1773325327.83746552,0.03287666,6124,0.00177869,0.00000000,0,0.00000000,18529,18524,143,0.00511312
1773325327.93745661,0.03473721,6133,0.00057950,0.00000000,0,0.00000000,18524,18559,115,0.00090480
1773325328.03764439,0.03665564,6092,0.00090766,0.00000000,0,0.00000000,18559,18622,113,0.00280232
1773325328.13749313,0.03790455,6120,0.00114559,0.00000000,0,0.00000000,18622,18620,109,0.00193141
1773325328.23756027,0.03283375,6136,0.00146449,0.00000000,0,0.00000000,18620,18681,177,0.00211598
1773325328.33757830,0.03526632,6151,0.00128470,0.00000000,0,0.00000000,18681,18685,262,0.00224452
1773325328.43762302,0.05029351,6082,0.00256032,0.00000000,0,0.00000000,18685,18791,223,0.00201133
1773325328.53743434,0.04606831,6163,0.00074591,0.00000000,0,0.00000000,18791,18890,194,0.00238798
1773325328.63757443,0.03484043,6160,0.00128748,0.00000000,0,0.00000000,18890,18969,219,0.00088623
1773325328.73744178,0.03472579,6179,0.00163179,0.00000000,0,0.00000000,18969,18964,205,0.00156900
1773325328.83758259,0.03368172,6178,0.00072446,0.00000000,0,0.00000000,18964,19069,203,0.00255672
1773325328.93756342,0.03966771,6148,0.00252720,0.00000000,0,0.00000000,19069,19059,166,0.00245012
1773325329.03755450,0.04116868,6152,0.00245335,0.00000000,0,0.00000000,19059,19153,186,0.00265940
1773325329.13771343,0.04900819,6112,0.00198925,0.00000000,0,0.00000000,19153,19220,191,0.00149353
1773325329.23753953,0.03832435,6149,0.00171135,0.00000000,0,0.00000000,19220,19297,167,0.00176807
1773325329.33753419,0.03366785,6150,0.00085786,0.00000000,0,0.00000000,19297,19359,191,0.00254045
1773325329.43747950,0.04141539,6150,0.00169248,0.00000000,0,0.00000000,19359,19473,198,0.00176157
1773325329.53749919,0.03562005,6134,0.00175398,0.00000000,0,0.00000000,19473,19535,219,0.00310402
1773325329.63762283,0.03972753,6124,0.00312506,0.00000000,0,0.00000000,19535,19611,214,0.00209253
1773325329.73740602,0.04086936,6185,0.00213210,0.00000000,0,0.00000000,19611,19659,192,0.00190502
1773325329.83750772,0.04430869,6200,0.00183851,0.00000000,0,0.00000000,19659,19753,191,0.00232583
1773325329.93754935,0.03470228,6159,0.00207291,0.00000000,0,0.00000000,19753,19754,171,0.00165927
1773325330.03758860,0.04585805,6181,0.00202863,0.00000000,0,0.00000000,19754,19806,157,0.00160406
1773325330.13759923,0.04715344,6139,0.00179994,0.00000000,0,0.00000000,19806,19864,177,0.00275036
1773325330.23742008,0.03736960,6220,0.00290309,0.00000000,0,0.00000000,19864,19879,219,0.00098722
1773325330.33761787,0.02850665,6123,0.00066165,0.00000000,0,0.00000000,19879,19905,152,0.00178646
1773325330.43745804,0.04348239,6194,0.00146558,0.00000000,0,0.00000000,19905,20002,151,0.00306909
1773325330.53746796,0.04245391,6186,0.00209123,0.00000000,0,0.00000000,20002,20027,168,0.00288754
1773325330.63755083,0.04323588,6216,0.00185498,0.00000000,0,0.00000000,20027,20105,173,0.00196868
1773325330.73757553,0.04426505,6171,0.00379188,0.00000000,0,0.00000000,20105,20157,216,0.00194257
1773325330.83740735,0.04915770,6222,0.00194749,0.00000000,0,0.00000000,20157,20302,210,0.00296953
1773325330.93763256,0.11151976,6154,0.00171691,0.00000000,0,0.00000000,20302,20086,157,0.00156183
1773325331.03750205,0.05618660,6173,0.00140274,0.00000000,0,0.00000000,20086,20178,143,0.00325236
1773325331.13757133,0.05633169,6191,0.00415257,0.00000000,0,0.00000000,20178,19752,126,0.00162303
1773325331.23759770,0.06153372,6163,0.00363328,0.00000000,0,0.00000000,19752,19669,137,0.00089625
1773325331.33758903,0.04849885,6122,0.00159327,0.00000000,0,0.00000000,19669,19731,127,0.00669251
1773325331.43748403,0.03710124,6181,0.00111192,0.00000000,0,0.00000000,19731,19815,118,0.00362370
1773325331.53748345,0.03696567,6130,0.00142871,0.00000000,0,0.00000000,19815,19857,133,0.00299121
1773325331.63734841,0.04393231,6206,0.00266680,0.00000000,0,0.00000000,19857,19709,128,0.01092622
1773325331.73761415,0.03703051,6135,0.00158902,0.00000000,0,0.00000000,19709,19743,134,0.00198793
1773325331.83737302,0.03384059,6169,0.00083309,0.00000000,0,0.00000000,19743,19803,118,0.00090588
1773325331.93759942,0.03544559,6160,0.00051047,0.00000000,0,0.00000000,19803,19854,125,0.00197112
1773325332.03752351,0.04300366,6190,0.00127988,0.00000000,0,0.00000000,19854,19895,111,0.00218690
1773325332.13754749,0.03790197,6115,0.00139600,0.00000000,0,0.00000000,19895,19975,121,0.00292653
1773325332.23746467,0.04132150,6181,0.00110219,0.00000000,0,0.00000000,19975,20008,106,0.00191976
1773325332.33744359,0.03856028,6167,0.00053920,0.00000000,0,0.00000000,20008,20079,109,0.00255366
1773325332.43761659,0.04929462,6171,0.00145176,0.00000000,0,0.00000000,20079,20094,102,0.00360928
1773325332.53752398,0.04788308,6147,0.00106497,0.00000000,0,0.00000000,20094,20120,101,0.00326388
1773325332.63752890,0.04271348,6143,0.00096513,0.00000000,0,0.00000000,20120,20183,100,0.00305164
1773325332.73757339,0.04515610,6103,0.00096519,0.00000000,0,0.00000000,20183,20207,85,0.00258170
1773325332.83747530,0.04268982,6116,0.00100913,0.00000000,0,0.00000000,20207,20274,106,0.00322441
1773325332.93753195,0.04992943,6167,0.00126712,0.00000000,0,0.00000000,20274,20333,118,0.00313119
1773325333.03811502,0.05161365,6086,0.00122604,0.00000000,0,0.00000000,20333,20395,112,0.00173474
1773325333.13761640,0.05279118,6091,0.00183073,0.00000000,0,0.00000000,20395,20455,148,0.00288762
1773325333.23748469,0.04796184,6134,0.00113890,0.00000000,0,0.00000000,20455,20510,150,0.00303029
1773325333.33758211,0.05294869,6123,0.00145586,0.00000000,0,0.00000000,20510,20586,131,0.00238292
1773325333.43759966,0.05332481,6086,0.00106190,0.00000000,0,0.00000000,20586,20652,96,0.00344200
1773325333.53748035,0.04912116,6113,0.00088393,0.00000000,0,0.00000000,20652,20700,94,0.00352001
1773325333.63752151,0.04396251,6120,0.00138258,0.00000000,0,0.00000000,20700,20703,150,0.00251340
1773325333.73755646,0.04822727,6138,0.00147176,0.00000000,0,0.00000000,20703,20832,205,0.00248851
1773325333.83743453,0.05022522,6124,0.00271753,0.00000000,0,0.00000000,20832,20678,237,0.00083118
1773325333.93745565,0.05175899,6165,0.00257136,0.00000000,0,0.00000000,20678,20822,234,0.00251240
1773325334.03763509,0.05109560,6117,0.00207218,0.00000000,0,0.00000000,20822,20903,196,0.00272650
1773325334.13762283,0.05311034,6111,0.00276788,0.00000000,0,0.00000000,20903,20944,158,0.00328974
1773325334.23749399,0.04543199,6173,0.00131161,0.00000000,0,0.00000000,20944,21011,151,0.00337421
1773325334.33757901,0.04759703,6133,0.00146291,0.00000000,0,0.00000000,21011,21072,136,0.00337359
1773325334.43759012,0.04932371,6099,0.00177584,0.00000000,0,0.00000000,21072,21082,141,0.00367810
1773325334.53739619,0.04702502,6143,0.00138357,0.00000000,0,0.00000000,21082,21096,126,0.00308246
1773325334.63744640,0.04739486,6124,0.00125424,0.00000000,0,0.00000000,21096,21120,119,0.00332260
1773325334.73754835,0.04537410,6168,0.00111699,0.00000000,0,0.00000000,21120,21161,102,0.00246002
1773325334.83752823,0.05446170,6163,0.00637962,0.00000000,0,0.00000000,21161,20937,128,0.00213325
1773325334.93759012,0.05101161,6080,0.00117231,0.00000000,0,0.00000000,20195,20234,109,0.00279005
1773325335.03749728,0.05474350,6115,0.00148985,0.00000000,0,0.00000000,20234,20295,100,0.00295916
1773325335.13752985,0.04333824,6131,0.00083736,0.00000000,0,0.00000000,20295,20343,94,0.00250327
1773325335.23763752,0.04538246,6100,0.00134777,0.00000000,0,0.00000000,20343,20359,129,0.00320263
1773325335.33745885,0.04488095,6150,0.00133851,0.00000000,0,0.00000000,20359,20392,85,0.00220862
1773325335.43755341,0.04270753,6137,0.00084560,0.00000000,0,0.00000000,20392,20420,95,0.00400023
1773325335.53740191,0.04513233,6167,0.00037910,0.00000000,0,0.00000000,20420,20465,64,0.00308221
1773325335.63766789,0.04519882,6108,0.00074413,0.00000000,0,0.00000000,20465,20510,79,0.00275516
1773325335.73798442,0.04461474,6052,0.00071982,0.00000000,0,0.00000000,20510,20523,78,0.00265995
1773325335.83747721,0.04753839,6065,0.00089741,0.00000000,0,0.00000000,20523,20570,87,0.00333913
1773325335.93757343,0.04892124,6069,0.00074180,0.00000000,0,0.00000000,20570,20614,73,0.00188849
1773325336.03799725,0.05087659,6093,0.00086871,0.00000000,0,0.00000000,20614,20639,70,0.00253785
1773325336.13750839,0.04374690,6057,0.00081422,0.00000000,0,0.00000000,20639,20700,99,0.00193635
1773325336.23738861,0.04980501,6164,0.00123793,0.00000000,0,0.00000000,20700,20741,103,0.00241074
1773325336.33758807,0.04805652,6120,0.00179570,0.00000000,0,0.00000000,20741,20775,143,0.00258180
1773325336.43741345,0.03748216,6163,0.00144765,0.00000000,0,0.00000000,20775,20834,166,0.00247993
1773325336.53763795,0.05503551,6180,0.00168560,0.00000000,0,0.00000000,20834,20937,180,0.00224373
1773325336.63765979,0.04865462,6187,0.00138679,0.00000000,0,0.00000000,20937,21058,185,0.00281853
1773325336.73743677,0.04673585,6229,0.00267206,0.00000000,0,0.00000000,21058,21070,213,0.00249194
1773325336.83797526,0.04287731,6190,0.00187469,0.00000000,0,0.00000000,21070,21092,161,0.00119050
1773325336.93805218,0.04521451,6166,0.00144820,0.00000000,0,0.00000000,21092,21204,158,0.00270213
1773325337.03751993,0.04995760,6185,0.00116050,0.00000000,0,0.00000000,21204,21281,118,0.00273264
1773325337.13750911,0.04571369,6158,0.00098544,0.00000000,0,0.00000000,21281,21316,98,0.00301629
1773325337.23766661,0.04412740,6128,0.00095010,0.00000000,0,0.00000000,21316,21378,98,0.00242648
1773325337.33824325,0.05312777,6094,0.00137415,0.00000000,0,0.00000000,21378,21437,85,0.00206067
1773325337.43801904,0.04743588,6031,0.00069188,0.00000000,0,0.00000000,21437,21488,69,0.00301679
1773325337.53796887,0.04451983,5959,0.00045528,0.00000000,0,0.00000000,21488,21507,76,0.00254838
1773325337.63748097,0.05105297,6018,0.00143116,0.00000000,0,0.00000000,21507,21596,153,0.00262892
1773325337.73810482,0.04898179,5912,0.00177768,0.00000000,0,0.00000000,21596,21718,238,0.00309070
1773325337.83803463,0.04600099,5855,0.00191304,0.00000000,0,0.00000000,21718,21847,244,0.00287549
1773325337.93753004,0.04736087,5854,0.00219761,0.00000000,0,0.00000000,21847,21916,227,0.00343574
1773325338.03740716,0.05414588,5863,0.00507025,0.00000000,0,0.00000000,21916,22008,189,0.00236713
1773325338.13752198,0.04924230,5883,0.00165065,0.00000000,0,0.00000000,21112,21175,152,0.00211123
1773325338.23728776,0.04608058,6000,0.00113610,0.00000000,0,0.00000000,21175,21260,138,0.00318641
1773325338.33760929,0.04817831,6075,0.00089766,0.00000000,0,0.00000000,21260,21298,98,0.00172191
1773325338.43746972,0.04586276,6088,0.00078779,0.00000000,0,0.00000000,21298,21338,78,0.00266976
1773325338.53755760,0.05241267,6097,0.00102242,0.00000000,0,0.00000000,21338,21355,87,0.00293850
1773325338.63795304,0.05111705,6152,0.00094409,0.00000000,0,0.00000000,21355,21400,89,0.00298100
1773325338.73746490,0.04711271,6168,0.00093822,0.00000000,0,0.00000000,21400,21458,93,0.00212043
1773325338.83749771,0.04940513,6195,0.00141121,0.00000000,0,0.00000000,21458,21489,108,0.00104669
1773325338.93761325,0.04830550,6172,0.00130508,0.00000000,0,0.00000000,21489,21531,103,0.00206731
1773325339.03754377,0.05358928,6171,0.00131826,0.00000000,0,0.00000000,21531,21573,73,0.00251964
1773325339.13752484,0.04771968,6128,0.00041454,0.00000000,0,0.00000000,21573,21578,77,0.00208596
1773325339.23800731,0.04878904,6102,0.00066448,0.00000000,0,0.00000000,21578,21593,70,0.00276839
1773325339.33753657,0.04774984,6107,0.00062811,0.00000000,0,0.00000000,21593,21624,69,0.00127129
1773325339.43801093,0.03801435,6098,0.00118496,0.00000000,0,0.00000000,21624,21658,92,0.00189047
1773325339.53747630,0.04603659,6140,0.00083227,0.00000000,0,0.00000000,21658,21673,83,0.00266110
1773325339.63752532,0.04555135,6125,0.00072588,0.00000000,0,0.00000000,21673,21695,71,0.00306669
1773325339.73793840,0.04671729,6122,0.00079875,0.00000000,0,0.00000000,21695,21713,78,0.00182361
1773325339.83794212,0.04454057,6095,0.00086581,0.00000000,0,0.00000000,21713,21715,57,0.00081113
1773325339.93800735,0.04800960,6045,0.00070037,0.00000000,0,0.00000000,21715,21727,56,0.00272862
1773325340.03750086,0.05034218,6091,0.00229456,0.00000000,0,0.00000000,21727,21569,61,0.00312800
1773325340.13751936,0.04900650,6106,0.00065741,0.00000000,0,0.00000000,21569,21602,60,0.00253533
1773325340.23801947,0.04825207,6070,0.00045455,0.00000000,0,0.00000000,21602,21603,42,0.00204248
1773325340.33746409,0.04548246,6098,0.00029238,0.00000000,0,0.00000000,21603,21625,68,0.00190574
1773325340.43749690,0.04781952,6104,0.00035720,0.00000000,0,0.00000000,21625,21652,70,0.00173373
1773325340.53796458,0.04737589,6100,0.00050435,0.00000000,0,0.00000000,21652,21672,49,0.00251856
1773325340.63748145,0.04755081,6153,0.00071280,0.00000000,0,0.00000000,21672,21683,58,0.00170618
1773325340.73795843,0.04244011,6110,0.00071272,0.00000000,0,0.00000000,21683,21711,64,0.00185110
1773325340.83795047,0.03755160,6107,0.00061630,0.00000000,0,0.00000000,21711,21735,71,0.00190508
1773325340.93748665,0.03116183,6135,0.00086435,0.00000000,0,0.00000000,21735,21773,80,0.00193303
1773325341.03800035,0.04659854,6145,0.00109632,0.00000000,0,0.00000000,21773,21817,90,0.00285417
1773325341.13743734,0.04641160,6177,0.00067351,0.00000000,0,0.00000000,21817,21868,74,0.00173786
1773325341.23799968,0.04114978,6124,0.00103394,0.00000000,0,0.00000000,21868,21915,82,0.00204620
1773325341.33750272,0.02963236,6185,0.00045205,0.00000000,0,0.00000000,21915,21930,84,0.00203724
1773325341.43750024,0.04694096,6176,0.00037459,0.00000000,0,0.00000000,21930,21967,83,0.00257261
1773325341.53792572,0.04474157,6071,0.00118281,0.00000000,0,0.00000000,21967,22003,84,0.00281657
1773325341.63733029,0.03969098,6209,0.00096322,0.00000000,0,0.00000000,22003,21976,69,0.00287556
1773325341.73785877,0.04703166,6181,0.00068124,0.00000000,0,0.00000000,21976,21995,64,0.00245179
1773325341.83793235,0.03470468,6176,0.00045468,0.00000000,0,0.00000000,21995,22030,79,0.00179573
1773325341.93800759,0.04507623,6137,0.00082125,0.00000000,0,0.00000000,22030,22068,75,0.00297369
1773325342.03807044,0.04574981,6154,0.00073534,0.00000000,0,0.00000000,21080,21134,75,0.00389333
1773325342.13803411,0.04080634,6137,0.00074720,0.00000000,0,0.00000000,21134,21162,71,0.00196067
1773325342.23800588,0.03581380,6164,0.00062102,0.00000000,0,0.00000000,21162,21194,74,0.00295868
1773325342.33798122,0.03652448,6196,0.00040167,0.00000000,0,0.00000000,21194,21233,61,0.00201771
1773325342.43799233,0.03636935,6170,0.00029991,0.00000000,0,0.00000000,21233,21272,88,0.00238646
1773325342.53797793,0.03816592,6172,0.00034694,0.00000000,0,0.00000000,21272,21308,77,0.00283496
1773325342.63749838,0.03880789,6182,0.00076188,0.00000000,0,0.00000000,21308,21360,70,0.00223806
1773325342.73797345,0.03845940,6188,0.00061610,0.00000000,0,0.00000000,21360,21382,66,0.00197651
1773325342.83786607,0.04333709,6174,0.00066422,0.00000000,0,0.00000000,21382,21422,74,0.00246377
1773325342.93789291,0.03756604,6146,0.00026295,0.00000000,0,0.00000000,21422,21454,71,0.00348221
1773325343.03792810,0.04192173,6132,0.00068975,0.00000000,0,0.00000000,21454,21477,57,0.00174692
1773325343.13793945,0.04359306,6164,0.00073625,0.00000000,0,0.00000000,21477,21520,67,0.00220651
1773325343.23792505,0.03599271,6165,0.00066569,0.00000000,0,0.00000000,21520,21559,86,0.00289284
1773325343.33795047,0.04058811,6117,0.00099837,0.00000000,0,0.00000000,21559,21610,88,0.00181095
1773325343.43784404,0.02035740,6174,0.00058062,0.00000000,0,0.00000000,21610,21638,90,0.00245236
1773325343.53789473,0.03859560,6110,0.00049887,0.00000000,0,0.00000000,21638,21675,67,0.00155264
1773325343.63746476,0.04114743,6221,0.00094042,0.00000000,0,0.00000000,21675,21711,83,0.00183594
1773325343.73808694,0.03691734,6120,0.00089451,0.00000000,0,0.00000000,21711,21769,96,0.00269637
1773325343.83750963,0.04166024,6188,0.00081248,0.00000000,0,0.00000000,21769,21815,87,0.00084657
1773325343.93751550,0.04135691,6141,0.00085072,0.00000000,0,0.00000000,21815,21820,71,0.00203310
1773325344.03734374,0.03216347,6202,0.00102659,0.00000000,0,0.00000000,21820,21858,92,0.00322521
1773325344.13787746,0.04692779,6161,0.00072715,0.00000000,0,0.00000000,21858,21897,77,0.00151381
1773325344.23790789,0.03924331,6174,0.00053891,0.00000000,0,0.00000000,21897,21935,60,0.00178984
1773325344.33782983,0.03982880,6144,0.00039797,0.00000000,0,0.00000000,21935,21963,70,0.00180473
1773325344.43787837,0.04226148,6171,0.00079220,0.00000000,0,0.00000000,21963,21999,71,0.00344858
1773325344.53788471,0.03981850,6123,0.00128164,0.00000000,0,0.00000000,21999,22007,70,0.00568746
1773325344.63789153,0.04016447,6147,0.00057099,0.00000000,0,0.00000000,22007,22036,59,0.00192485
1773325344.73793745,0.03709269,6167,0.00072756,0.00000000,0,0.00000000,22036,22055,68,0.00158396
1773325344.83794475,0.04048198,6178,0.00064992,0.00000000,0,0.00000000,22055,22098,72,0.00130805
1773325344.93792892,0.03761663,6138,0.00065030,0.00000000,0,0.00000000,22098,22119,53,0.00312369
1773325345.03783870,0.04133942,6167,0.00082896,0.00000000,0,0.00000000,22119,22117,59,0.00139746
1773325345.13792181,0.04413694,6169,0.00072046,0.00000000,0,0.00000000,22117,22138,57,0.00169697
1773325345.23796797,0.03910896,6154,0.00058272,0.00000000,0,0.00000000,22138,22160,60,0.00207094
1773325345.33791161,0.03839478,6126,0.00029312,0.00000000,0,0.00000000,22160,22194,61,0.00320804
1773325345.43798041,0.04411740,6087,0.00059116,0.00000000,0,0.00000000,22194,22213,45,0.00262793
1773325345.53778839,0.04368912,6114,0.00067189,0.00000000,0,0.00000000,22213,22233,60,0.00267076
1773325345.63788271,0.04651507,6101,0.00042619,0.00000000,0,0.00000000,22233,22255,51,0.00227211
1773325345.73791575,0.04423800,6052,0.00070533,0.00000000,0,0.00000000,22255,22265,64,0.00171895
1773325345.83782315,0.04173085,6102,0.00066154,0.00000000,0,0.00000000,22265,22282,70,0.00165946
1773325345.93784094,0.04670875,6114,0.00065687,0.00000000,0,0.00000000,22282,22321,68,0.00215106
1773325346.03799748,0.04758772,6118,0.00107503,0.00000000,0,0.00000000,22321,22366,93,0.00243948
1773325346.13782692,0.04814485,6102,0.00081905,0.00000000,0,0.00000000,22366,22351,64,0.00188099
1773325346.23785377,0.04943799,6108,0.00083792,0.00000000,0,0.00000000,22351,22390,81,0.00202094
1773325346.33800864,0.04451664,6120,0.00076678,0.00000000,0,0.00000000,22390,22407,72,0.00200770
1773325346.43799090,0.03920283,6126,0.00079730,0.00000000,0,0.00000000,22407,22448,84,0.00144262
1773325346.53879738,0.03718669,6078,0.00059664,0.00000000,0,0.00000000,22448,22479,63,0.00267066
1773325346.63787913,0.03844519,6104,0.00069124,0.00000000,0,0.00000000,22479,22495,60,0.00158671
1773325346.73789001,0.03933167,6073,0.00044592,0.00000000,0,0.00000000,22495,22523,73,0.00188897
1773325346.83790636,0.04184402,6113,0.00032447,0.00000000,0,0.00000000,22523,22551,72,0.00086960
1773325346.93782496,0.04432805,6164,0.00065385,0.00000000,0,0.00000000,22551,22569,66,0.00508514
1773325347.03879619,0.04478388,6119,0.00071171,0.00000000,0,0.00000000,22569,22590,65,0.00089425
1773325347.13880038,0.04344514,6059,0.00051015,0.00000000,0,0.00000000,22590,22597,51,0.00124297
1773325347.23785782,0.04652775,6095,0.00070563,0.00000000,0,0.00000000,22597,22639,65,0.00177820
1773325347.33783960,0.03162170,6084,0.00077317,0.00000000,0,0.00000000,22639,22671,71,0.00174822
1773325347.43777227,0.03382597,6134,0.00065591,0.00000000,0,0.00000000,22671,22701,62,0.00312142
1773325347.53877115,0.04618928,6100,0.00090110,0.00000000,0,0.00000000,22701,22731,78,0.00241231
1773325347.63786507,0.03998496,6143,0.00087620,0.00000000,0,0.00000000,22731,22728,73,0.00166472
1773325347.73785114,0.04779013,6162,0.00096543,0.00000000,0,0.00000000,22728,22740,79,0.00226235
1773325347.83790874,0.04524667,6142,0.00062472,0.00000000,0,0.00000000,22740,22767,76,0.00089624
1773325347.93877196,0.04602063,6130,0.00072850,0.00000000,0,0.00000000,22767,22801,65,0.00202173
1773325348.03795123,0.04506551,6148,0.00067904,0.00000000,0,0.00000000,22801,22823,64,0.00123542
1773325348.13799191,0.04034536,6128,0.00063964,0.00000000,0,0.00000000,22823,22842,65,0.00280457
1773325348.23797488,0.03279289,6106,0.00059145,0.00000000,0,0.00000000,22842,22857,64,0.00286976
1773325348.33891654,0.03817639,6135,0.00030606,0.00000000,0,0.00000000,22857,22890,69,0.00142939
1773325348.43789673,0.03238958,6129,0.00144001,0.00000000,0,0.00000000,22890,22911,76,0.00307185
1773325348.53876996,0.04843573,6107,0.00083160,0.00000000,0,0.00000000,22911,22926,66,0.00202345
1773325348.63792586,0.04699493,6145,0.00074582,0.00000000,0,0.00000000,22926,22920,68,0.00416081
1773325348.73794341,0.04470049,6108,0.00042193,0.00000000,0,0.00000000,22920,22950,61,0.00203326
1773325348.83782148,0.04648894,6116,0.00099843,0.00000000,0,0.00000000,22950,22942,73,0.00256819
1773325348.93813872,0.04103989,6137,0.00046414,0.00000000,0,0.00000000,22942,22975,64,0.00177954
1773325349.03880978,0.04389900,6136,0.00049708,0.00000000,0,0.00000000,22975,23002,59,0.00242684
1773325349.13885808,0.04549971,6110,0.00034691,0.00000000,0,0.00000000,23002,23028,59,0.00270770
1773325349.23793054,0.04503884,6150,0.00068940,0.00000000,0,0.00000000,23028,23051,75,0.00409791
1773325349.33789873,0.03988755,6120,0.00077392,0.00000000,0,0.00000000,23051,23090,64,0.00263519
1773325349.43778229,0.04222557,6142,0.00064274,0.00000000,0,0.00000000,23090,23118,70,0.00299800
1773325349.53791857,0.04265918,6144,0.00081956,0.00000000,0,0.00000000,23118,23103,66,0.00176691
1773325349.63875246,0.04548864,6135,0.00082241,0.00000000,0,0.00000000,23103,23142,72,0.00322739
1773325349.73875999,0.04118892,6119,0.00040404,0.00000000,0,0.00000000,23142,23151,72,0.00241457
1773325349.83782506,0.04497894,6142,0.00094144,0.00000000,0,0.00000000,23151,23149,72,0.00101943
1773325349.93784380,0.03922732,6141,0.00030590,0.00000000,0,0.00000000,23149,23166,69,0.00200388
1773325350.03887248,0.04878194,6113,0.00100440,0.00000000,0,0.00000000,23166,23176,81,0.00209626
1773325350.13785577,0.04654718,6100,0.00090845,0.00000000,0,0.00000000,23176,23194,74,0.00298588
1773325350.23787689,0.04082593,6105,0.00078592,0.00000000,0,0.00000000,23194,23244,74,0.00324139
1773325350.33791685,0.04171311,6131,0.00089339,0.00000000,0,0.00000000,23244,23288,95,0.00151894
1773325350.43879318,0.04290309,6124,0.00078095,0.00000000,0,0.00000000,23288,23294,66,0.00281692
1773325350.53899336,0.04455302,6109,0.00036328,0.00000000,0,0.00000000,23294,23300,91,0.00219882
1773325350.63786507,0.03599361,6156,0.00094542,0.00000000,0,0.00000000,23300,23312,105,0.00241618
1773325350.73730469,0.04432601,6154,0.00101121,0.00000000,0,0.00000000,23312,23338,83,0.00193393
1773325350.83869624,0.04574912,6131,0.00117502,0.00000000,0,0.00000000,23338,23372,107,0.00093735
1773325350.93873715,0.04380550,6095,0.00104625,0.00000000,0,0.00000000,23372,23416,107,0.00182483
1773325351.03779101,0.04348899,6154,0.00055669,0.00000000,0,0.00000000,23416,23442,96,0.00198071
1773325351.13787556,0.04457125,6133,0.00106670,0.00000000,0,0.00000000,23442,23452,106,0.00097690
1773325351.23790765,0.04328369,6097,0.00090480,0.00000000,0,0.00000000,23452,23454,100,0.00271811
1773325351.33783031,0.04799287,6103,0.00079497,0.00000000,0,0.00000000,23454,23497,112,0.00269585
1773325351.43787479,0.04141202,6147,0.00113338,0.00000000,0,0.00000000,23497,23549,116,0.00318376
1773325351.53865743,0.04458942,6151,0.00209746,0.00000000,0,0.00000000,23549,23563,114,0.00254970
1773325351.63878965,0.04160643,6129,0.00101955,0.00000000,0,0.00000000,23563,23630,131,0.00193878
1773325351.73776984,0.04445574,6107,0.00094377,0.00000000,0,0.00000000,23630,23658,99,0.00152942
1773325351.83780742,0.04296757,6106,0.00143924,0.00000000,0,0.00000000,23658,23565,111,0.00084030
1773325351.93866730,0.05245744,6169,0.00062616,0.00000000,0,0.00000000,23565,23605,139,0.00348316
1773325352.03871465,0.04203500,6139,0.00139517,0.00000000,0,0.00000000,23605,23618,142,0.00288356
1773325352.13879442,0.04622125,6081,0.00070139,0.00000000,0,0.00000000,23618,23673,134,0.00269586
1773325352.23784447,0.04410202,6177,0.00153870,0.00000000,0,0.00000000,23673,23695,131,0.00161081
1773325352.33875036,0.04013307,6137,0.00093545,0.00000000,0,0.00000000,23695,23710,131,0.00330164
1773325352.43877983,0.03514408,6074,0.00068744,0.00000000,0,0.00000000,23710,23784,137,0.00328666
1773325352.53780150,0.05062554,6175,0.00062878,0.00000000,0,0.00000000,23784,23811,140,0.00323016
1773325352.63787055,0.05108994,6180,0.00283871,0.00000000,0,0.00000000,23811,23790,154,0.00085767
1773325352.73775148,0.05125098,6172,0.00207437,0.00000000,0,0.00000000,23790,23868,171,0.00198761
1773325352.83874965,0.04253308,6117,0.00192692,0.00000000,0,0.00000000,23868,23924,156,0.00087277
1773325352.93780279,0.05176213,6164,0.00194389,0.00000000,0,0.00000000,23924,23905,151,0.00156781
1773325353.03867173,0.04390011,6171,0.00214648,0.00000000,0,0.00000000,23905,23949,177,0.00088404
1773325353.13875914,0.04058084,6107,0.00092878,0.00000000,0,0.00000000,23949,24003,162,0.00086208
1773325353.23872018,0.03241266,6196,0.00110132,0.00000000,0,0.00000000,24003,24063,170,0.00088646
1773325353.33873820,0.03907536,6156,0.00135641,0.00000000,0,0.00000000,24063,24140,155,0.00172417
1773325353.43877935,0.03879409,6141,0.00078094,0.00000000,0,0.00000000,24140,24184,178,0.00090074
1773325353.53775620,0.03784325,6209,0.00196879,0.00000000,0,0.00000000,24184,24237,198,0.00388307
1773325353.63869667,0.04281071,6161,0.00248507,0.00000000,0,0.00000000,24237,24241,154,0.00176403
1773325353.73875070,0.04168579,6126,0.00195621,0.00000000,0,0.00000000,24241,24227,154,0.00120649
1773325353.83778858,0.04335018,6172,0.00175761,0.00000000,0,0.00000000,24227,24291,181,0.00157015
1773325353.93872380,0.04199737,6179,0.00094417,0.00000000,0,0.00000000,24291,24270,142,0.00296791
1773325354.03869700,0.04188343,6121,0.00156824,0.00000000,0,0.00000000,24270,24287,145,0.00148456
1773325354.13878798,0.04203993,6135,0.00085845,0.00000000,0,0.00000000,24287,24312,141,0.00284159
1773325354.23774338,0.04625045,6162,0.00154837,0.00000000,0,0.00000000,24312,24347,150,0.00212255
1773325354.33869958,0.05012307,6126,0.00169932,0.00000000,0,0.00000000,24347,24390,155,0.00188635
1773325354.43871284,0.03311271,6153,0.00103645,0.00000000,0,0.00000000,24390,24407,158,0.00191309
1773325354.53885174,0.04690850,6141,0.00175269,0.00000000,0,0.00000000,24407,24381,131,0.00204865
1773325354.63874292,0.03861911,6085,0.00194691,0.00000000,0,0.00000000,24381,24330,124,0.00212771
1773325354.73780203,0.03129650,6128,0.00091908,0.00000000,0,0.00000000,24330,24346,138,0.00317146
1773325354.83860874,0.03382460,6141,0.00151866,0.00000000,0,0.00000000,24346,24358,144,0.00108636
1773325354.93879867,0.03330323,6134,0.00161390,0.00000000,0,0.00000000,24358,24413,122,0.00120722
1773325355.03885245,0.03709106,6091,0.00171692,0.00000000,0,0.00000000,24413,24474,166,0.00156923
1773325355.13859010,0.04305137,6140,0.00179661,0.00000000,0,0.00000000,24474,24462,144,0.00090325
1773325355.23872542,0.04072236,6167,0.00136736,0.00000000,0,0.00000000,24462,24528,140,0.00158765
1773325355.33882499,0.03951280,6108,0.00126635,0.00000000,0,0.00000000,24528,24555,112,0.00180407
1773325355.43867874,0.03110340,6137,0.00158876,0.00000000,0,0.00000000,24555,24600,141,0.00273050
1773325355.53871441,0.04528868,6105,0.00182915,0.00000000,0,0.00000000,24600,24626,133,0.00215711
1773325355.63881540,0.04155853,6083,0.00150029,0.00000000,0,0.00000000,24626,24670,131,0.00132450
1773325355.73865438,0.04605668,6131,0.00159351,0.00000000,0,0.00000000,24670,24694,133,0.00383622
1773325355.83873796,0.05540511,6116,0.00109550,0.00000000,0,0.00000000,24694,24596,114,0.00082310
1773325355.93861699,0.05465096,6163,0.00106376,0.00000000,0,0.00000000,24596,24657,109,0.00325294
1773325356.03873539,0.04750462,6115,0.00192826,0.00000000,0,0.00000000,24657,24670,143,0.00346734
1773325356.13871026,0.03863159,6116,0.00128535,0.00000000,0,0.00000000,24670,24744,144,0.00309975
1773325356.23866582,0.04330222,6184,0.00114652,0.00000000,0,0.00000000,24744,24808,119,0.00240440
1773325356.33875394,0.04287805,6156,0.00100281,0.00000000,0,0.00000000,24808,24836,147,0.00244686
1773325356.43875313,0.04147745,6149,0.00136432,0.00000000,0,0.00000000,24836,24844,131,0.00351046
1773325356.53877783,0.04163077,6143,0.00157053,0.00000000,0,0.00000000,24844,24881,125,0.00187637
1773325356.63859582,0.04034033,6129,0.00169557,0.00000000,0,0.00000000,24881,24894,121,0.00306756
1773325356.73867702,0.04203634,6120,0.00160590,0.00000000,0,0.00000000,24894,24892,127,0.00093931
1773325356.83871102,0.04631410,6139,0.00152568,0.00000000,0,0.00000000,24892,24926,119,0.00189978
1773325356.93874311,0.04338444,6138,0.00069515,0.00000000,0,0.00000000,24926,24956,122,0.00205617
1773325357.03773808,0.04348351,6136,0.00203405,0.00000000,0,0.00000000,24956,24981,131,0.00323936
1773325357.13862419,0.03936995,6137,0.00115542,0.00000000,0,0.00000000,24981,25041,106,0.00303759
1773325357.23869205,0.04107428,6160,0.00087860,0.00000000,0,0.00000000,25041,25067,115,0.00336208
1773325357.33861041,0.04629342,6211,0.00053793,0.00000000,0,0.00000000,25067,25116,107,0.00300432
1773325357.43911767,0.02601174,6171,0.00081929,0.00000000,0,0.00000000,25116,25112,122,0.00320310
1773325357.53872490,0.04439509,6184,0.00194431,0.00000000,0,0.00000000,25112,25116,125,0.00355996
1773325357.63880181,0.04593005,6151,0.00128623,0.00000000,0,0.00000000,25116,25148,117,0.00130452
1773325357.73772573,0.03050146,6202,0.00162715,0.00000000,0,0.00000000,25148,25208,145,0.00131688
1773325357.83774352,0.03766971,6180,0.00126117,0.00000000,0,0.00000000,25208,25267,132,0.00131814
1773325357.93862820,0.05019847,6201,0.00203182,0.00000000,0,0.00000000,25267,25300,144,0.00259899
1773325358.03870463,0.04404510,6133,0.00177702,0.00000000,0,0.00000000,25300,25226,130,0.00220755
1773325358.13774562,0.04038153,6211,0.00231302,0.00000000,0,0.00000000,25226,25206,155,0.00196884
1773325358.23853374,0.03799225,6191,0.00207694,0.00000000,0,0.00000000,25206,25213,127,0.00185269
1773325358.33860755,0.05025035,6161,0.00061641,0.00000000,0,0.00000000,25213,25249,120,0.00193617
1773325358.43864036,0.04255032,6173,0.00105459,0.00000000,0,0.00000000,25249,25299,110,0.00153228
1773325358.53872061,0.03549218,6144,0.00097778,0.00000000,0,0.00000000,25299,25342,101,0.00181960
1773325358.63774753,0.04100028,6188,0.00118593,0.00000000,0,0.00000000,25342,25382,109,0.00287209
1773325358.73775029,0.04002794,6166,0.00056693,0.00000000,0,0.00000000,25382,25370,99,0.00134213
1773325358.83858037,0.03366634,6219,0.00145818,0.00000000,0,0.00000000,25370,25369,113,0.00169290
1773325358.93857861,0.04118598,6168,0.00160743,0.00000000,0,0.00000000,25369,25382,123,0.00353597
1773325359.03863382,0.03664906,6179,0.00114102,0.00000000,0,0.00000000,25382,25387,94,0.00271076
1773325359.13859630,0.03947341,6170,0.00061353,0.00000000,0,0.00000000,25387,25386,114,0.00319355
1773325359.23870397,0.04376877,6160,0.00099845,0.00000000,0,0.00000000,25386,25382,110,0.00155429
1773325359.33873200,0.04181688,6137,0.00141212,0.00000000,0,0.00000000,25382,25400,102,0.00387150
1773325359.43771052,0.04354818,6163,0.00086807,0.00000000,0,0.00000000,25400,25411,100,0.00234297
1773325359.53860235,0.03534346,6189,0.00113194,0.00000000,0,0.00000000,25411,25384,99,0.00183833
1773325359.63865018,0.03523780,6193,0.00072828,0.00000000,0,0.00000000,25384,25377,106,0.00336627
1773325359.73865223,0.04337248,6167,0.00156190,0.00000000,0,0.00000000,25377,25334,111,0.00311615
1773325359.83770609,0.04143798,6277,0.00099642,0.00000000,0,0.00000000,25334,25396,123,0.00099115
1773325359.93868613,0.03931452,6203,0.00145584,0.00000000,0,0.00000000,25396,25428,146,0.00202292
1773325360.03872395,0.04289644,6237,0.00092597,0.00000000,0,0.00000000,25428,25515,162,0.00130006
1773325360.13857627,0.04414065,6256,0.00165467,0.00000000,0,0.00000000,25515,25512,169,0.00282539
1773325360.23854017,0.01966149,6236,0.00061740,0.00000000,0,0.00000000,25512,25513,140,0.00255632
1773325360.33855224,0.03473675,6248,0.00125943,0.00000000,0,0.00000000,25513,25512,131,0.00340856
1773325360.43864846,0.03888652,6266,0.00054163,0.00000000,0,0.00000000,25512,25569,129,0.00171869
1773325360.53876090,0.03965015,6233,0.00155662,0.00000000,0,0.00000000,25569,25593,132,0.00123197
1773325360.63851428,0.04643257,6235,0.00155253,0.00000000,0,0.00000000,25593,25630,135,0.00112126
1773325360.73767138,0.04657150,6247,0.00199519,0.00000000,0,0.00000000,25630,25689,144,0.00224616
1773325360.83767891,0.03140772,6221,0.00169557,0.00000000,0,0.00000000,25689,25729,132,0.00240567
1773325360.93855429,0.04161386,6218,0.00076123,0.00000000,0,0.00000000,25729,25763,119,0.00322007
1773325361.03878045,0.03912916,6223,0.00142272,0.00000000,0,0.00000000,25763,25747,114,0.00162074
1773325361.13849831,0.03233662,6196,0.00074831,0.00000000,0,0.00000000,25747,25741,123,0.00182970
1773325361.23859549,0.04372781,6215,0.00068397,0.00000000,0,0.00000000,25741,25794,127,0.00392752
1773325361.33851624,0.04163896,6219,0.00152395,0.00000000,0,0.00000000,25794,25829,124,0.00129022
1773325361.43766832,0.03787707,6264,0.00163106,0.00000000,0,0.00000000,25829,25818,127,0.00292197
1773325361.53860283,0.04401245,6202,0.00108100,0.00000000,0,0.00000000,25818,25760,113,0.00337155
1773325361.63866758,0.04519191,6218,0.00300367,0.00000000,0,0.00000000,25760,25674,107,0.00316180
1773325361.73764896,0.02765864,6256,0.00061550,0.00000000,0,0.00000000,25674,25729,90,0.00284179
1773325361.83766890,0.04693573,6252,0.00175826,0.00000000,0,0.00000000,25729,25666,92,0.00300744
1773325361.93846536,0.04440585,6271,0.00121813,0.00000000,0,0.00000000,25666,25721,99,0.00160223
1773325362.03767633,0.04124991,6255,0.00057853,0.00000000,0,0.00000000,25721,25726,91,0.00314637
1773325362.13849330,0.03678054,6225,0.00116273,0.00000000,0,0.00000000,25726,25747,92,0.00106911
1773325362.23852205,0.02653467,6218,0.00128511,0.00000000,0,0.00000000,25747,25771,100,0.00318980
1773325362.33852220,0.04163320,6239,0.00180870,0.00000000,0,0.00000000,25771,25781,97,0.00202652
1773325362.43858910,0.04210219,6234,0.00101168,0.00000000,0,0.00000000,25781,25794,88,0.00108737
1773325362.53881955,0.04190614,6213,0.00052746,0.00000000,0,0.00000000,25794,25830,77,0.00204896
1773325362.63857341,0.03356601,6252,0.00091643,0.00000000,0,0.00000000,25830,25873,85,0.00336854
1773325362.73860383,0.04046699,6236,0.00106168,0.00000000,0,0.00000000,25873,25920,101,0.00214356
1773325362.83763790,0.03882187,6271,0.00099041,0.00000000,0,0.00000000,25920,25948,107,0.00279731
1773325362.93858457,0.03845404,6185,0.00078213,0.00000000,0,0.00000000,25948,25956,73,0.00208639
1773325363.03770089,0.03852025,6233,0.00091963,0.00000000,0,0.00000000,25956,25988,81,0.00235001
1773325363.13855505,0.04456732,6205,0.00152480,0.00000000,0,0.00000000,25988,25974,87,0.00344238
1773325363.23764300,0.02140294,6247,0.00036760,0.00000000,0,0.00000000,25974,26002,95,0.00095488
1773325363.33867264,0.04000605,6221,0.00136550,0.00000000,0,0.00000000,26002,25990,87,0.00312418
1773325363.43890095,0.03688180,6208,0.00061571,0.00000000,0,0.00000000,25990,26024,95,0.00250213
1773325363.53856444,0.03111458,6222,0.00114540,0.00000000,0,0.00000000,26024,26079,91,0.00142977
1773325363.63856030,0.03649691,6176,0.00100092,0.00000000,0,0.00000000,26079,26153,87,0.00146663
1773325363.73863101,0.03486753,6172,0.00037924,0.00000000,0,0.00000000,26153,26167,79,0.00268575
1773325363.83762789,0.03397976,6204,0.00121210,0.00000000,0,0.00000000,26167,26181,90,0.00119299
1773325363.93846440,0.03923510,6211,0.00151977,0.00000000,0,0.00000000,26181,26182,88,0.00326554
1773325364.03850102,0.02524202,6200,0.00039823,0.00000000,0,0.00000000,26182,26215,86,0.00150792
1773325364.13858533,0.02467949,6187,0.00045368,0.00000000,0,0.00000000,26215,26237,92,0.00296697
1773325364.23858476,0.01914108,6222,0.00057084,0.00000000,0,0.00000000,26237,26247,95,0.00258686
1773325364.33872032,0.03248962,6177,0.00088034,0.00000000,0,0.00000000,26247,26288,68,0.00191780
1773325364.43853712,0.03094491,6205,0.00106756,0.00000000,0,0.00000000,26288,26305,79,0.00291890
1773325364.53872633,0.03393632,6221,0.00104045,0.00000000,0,0.00000000,26305,26317,70,0.00295956
1773325364.63845897,0.03316465,6226,0.00126926,0.00000000,0,0.00000000,26317,26293,83,0.00315406
1773325364.73846126,0.03385212,6211,0.00049123,0.00000000,0,0.00000000,26293,26315,91,0.00274398
1773325364.83845878,0.03648140,6168,0.00091162,0.00000000,0,0.00000000,26315,26339,90,0.00403440
1773325364.93848157,0.03141747,6211,0.00037894,0.00000000,0,0.00000000,26339,26365,80,0.00608290
1773325365.03850818,0.03530464,6202,0.00127905,0.00000000,0,0.00000000,26365,26369,72,0.00497153
1773325365.13861156,0.02618093,6224,0.00105713,0.00000000,0,0.00000000,26369,26385,85,0.00337182
1773325365.23866034,0.03344261,6194,0.00139383,0.00000000,0,0.00000000,26385,26365,87,0.00103669
1773325365.33758926,0.03990479,6183,0.00052046,0.00000000,0,0.00000000,26365,26386,75,0.00079971
1773325365.43849683,0.03916085,6184,0.00054108,0.00000000,0,0.00000000,26386,26419,96,0.00299575
1773325365.53846645,0.03938061,6174,0.00081014,0.00000000,0,0.00000000,26419,26440,79,0.00237309
1773325365.63866138,0.03559142,6109,0.00141551,0.00000000,0,0.00000000,26440,26450,121,0.00109949
1773325365.73847294,0.04254500,6163,0.00217593,0.00000000,0,0.00000000,26450,26476,196,0.00226652
1773325365.83851075,0.03523408,6159,0.00133701,0.00000000,0,0.00000000,26476,26537,151,0.00262363
1773325365.93758035,0.04795038,6157,0.00146697,0.00000000,0,0.00000000,26537,26535,162,0.00100710
1773325366.03859758,0.03671299,6160,0.00177097,0.00000000,0,0.00000000,26535,26608,187,0.00141488
1773325366.13864756,0.03762175,6095,0.00061938,0.00000000,0,0.00000000,26608,26657,162,0.00285157
1773325366.23838544,0.02483659,6169,0.00149248,0.00000000,0,0.00000000,26657,26747,151,0.00268691
1773325366.33858371,0.03996035,6163,0.00160949,0.00000000,0,0.00000000,26747,26769,151,0.00254162
1773325366.43851447,0.03851209,6148,0.00097402,0.00000000,0,0.00000000,26769,26803,170,0.00385530
1773325366.53857207,0.03685399,6150,0.00168508,0.00000000,0,0.00000000,26803,26869,143,0.00308284
1773325366.63852453,0.04148953,6139,0.00140548,0.00000000,0,0.00000000,26869,26869,118,0.00137831
1773325366.73851466,0.03559152,6179,0.00077907,0.00000000,0,0.00000000,26869,26903,153,0.00208216
1773325366.83856750,0.03568128,6198,0.00145695,0.00000000,0,0.00000000,26903,26864,117,0.00244744
1773325366.93846941,0.03757149,6184,0.00077032,0.00000000,0,0.00000000,26864,26873,121,0.00279825
1773325367.03852654,0.03891506,6196,0.00148176,0.00000000,0,0.00000000,26873,26916,128,0.00163394
1773325367.13858581,0.04396298,6154,0.00107380,0.00000000,0,0.00000000,26916,26928,100,0.00358448
1773325367.23858976,0.03796210,6143,0.00070922,0.00000000,0,0.00000000,26928,27001,121,0.00324554
1773325367.33753896,0.04051947,6163,0.00109427,0.00000000,0,0.00000000,27001,26968,94,0.00296139
1773325367.43840098,0.03912438,6147,0.00106324,0.00000000,0,0.00000000,26968,26991,96,0.00312609
1773325367.53834772,0.04405531,6156,0.00118944,0.00000000,0,0.00000000,26991,26992,83,0.00110760
1773325367.63840222,0.03645937,6144,0.00099994,0.00000000,0,0.00000000,26992,27016,80,0.00328792
1773325367.73756337,0.02754608,6153,0.00066864,0.00000000,0,0.00000000,27016,26980,83,0.00257205
1773325367.83755636,0.04015465,6221,0.00095993,0.00000000,0,0.00000000,26980,26924,80,0.00332029
1773325367.93851280,0.03692437,6174,0.00170918,0.00000000,0,0.00000000,26924,26890,83,0.00189319
1773325368.03832531,0.03713182,6229,0.00220438,0.00000000,0,0.00000000,26890,26776,93,0.00172936
1773325368.13839555,0.03735320,6220,0.00120099,0.00000000,0,0.00000000,26776,26764,82,0.00139391
1773325368.23757696,0.04337720,6261,0.00133322,0.00000000,0,0.00000000,26764,26782,102,0.00187251
1773325368.33864379,0.03442927,6175,0.00111217,0.00000000,0,0.00000000,26782,26835,94,0.00360572
1773325368.43837190,0.03390858,6222,0.00109317,0.00000000,0,0.00000000,26835,26860,85,0.00220836
1773325368.53840637,0.03346625,6204,0.00155231,0.00000000,0,0.00000000,26860,26876,95,0.00212404
1773325368.63841128,0.03966812,6230,0.00091372,0.00000000,0,0.00000000,26876,26936,112,0.00131051
1773325368.73844576,0.03972152,6218,0.00150950,0.00000000,0,0.00000000,26936,26915,97,0.00314715
1773325368.83847380,0.02973045,6168,0.00173121,0.00000000,0,0.00000000,26915,26950,92,0.00165257
1773325368.93845201,0.04065444,6149,0.00036108,0.00000000,0,0.00000000,26950,26966,71,0.00265483
1773325369.03753424,0.03956723,6167,0.00095150,0.00000000,0,0.00000000,26966,26974,63,0.00268210
1773325369.13750982,0.03134819,6166,0.00041392,0.00000000,0,0.00000000,26974,26982,71,0.00288130
1773325369.23835349,0.03323033,6168,0.00077754,0.00000000,0,0.00000000,26982,26997,63,0.00271574
1773325369.33854651,0.03939237,6128,0.00038480,0.00000000,0,0.00000000,26997,26961,60,0.00227251
1773325369.43853188,0.03733822,6125,0.00070635,0.00000000,0,0.00000000,26961,26983,66,0.00340491
1773325369.53748703,0.03632367,6149,0.00026860,0.00000000,0,0.00000000,26983,27021,68,0.00228564
1773325369.63834500,0.03422266,6150,0.00082648,0.00000000,0,0.00000000,27021,27049,77,0.00117958
1773325369.73834562,0.03911058,6146,0.00106872,0.00000000,0,0.00000000,27049,27069,77,0.00233743
1773325369.83836389,0.03246854,6128,0.00066932,0.00000000,0,0.00000000,27069,27090,48,0.00222673
1773325369.93837881,0.03355563,6136,0.00070314,0.00000000,0,0.00000000,27090,27089,55,0.00136957
1773325370.03835464,0.03639374,6158,0.00094397,0.00000000,0,0.00000000,27089,27070,59,0.00200747
1773325370.13849688,0.03763402,6145,0.00079029,0.00000000,0,0.00000000,27070,27088,61,0.00089458
1773325370.23841906,0.07949857,6125,0.00059711,0.00000000,0,0.00000000,27088,27117,66,0.00262336
1773325370.33851671,0.08413146,6070,0.00044562,0.00000000,0,0.00000000,27117,27127,55,0.00487999
1773325370.43835831,0.07030622,6108,0.00145721,0.00000000,0,0.00000000,27127,27111,78,0.00215896
1773325370.53836107,0.03645230,6139,0.00064390,0.00000000,0,0.00000000,27111,27119,51,0.00292060
1773325370.63830709,0.04676787,6149,0.00041048,0.00000000,0,0.00000000,27119,27124,62,0.00319936
1773325370.73841310,0.02798562,6142,0.00044978,0.00000000,0,0.00000000,27124,27154,66,0.00659801
1773325370.83836913,0.02418657,6162,0.00061798,0.00000000,0,0.00000000,27154,27147,57,0.00371555
1773325370.93844318,0.04114455,6136,0.00037681,0.00000000,0,0.00000000,27147,27169,58,0.00361928
1773325371.03851843,0.03664130,6153,0.00045011,0.00000000,0,0.00000000,27169,27181,68,0.00332045
1773325371.13749003,0.03783967,6176,0.00128092,0.00000000,0,0.00000000,27181,27142,59,0.00333163
1773325371.23747253,0.04386268,6197,0.00104258,0.00000000,0,0.00000000,27142,27168,73,0.00129922
1773325371.33843970,0.03399154,6246,0.00033541,0.00000000,0,0.00000000,27168,27181,59,0.00192112
1773325371.43848228,0.03336248,6235,0.00093259,0.00000000,0,0.00000000,27181,27212,69,0.00121088
1773325371.53837061,0.04001722,6283,0.00067026,0.00000000,0,0.00000000,27212,27166,74,0.00351917
1773325371.63831878,0.02978032,6309,0.00043646,0.00000000,0,0.00000000,27166,27182,46,0.00240705
1773325371.73840046,0.02978987,6309,0.00128335,0.00000000,0,0.00000000,27182,27200,61,0.00227322
1773325371.83839869,0.03709071,6287,0.00037492,0.00000000,0,0.00000000,27200,27209,52,0.00296003
1773325371.93836951,0.02826445,6282,0.00088025,0.00000000,0,0.00000000,27209,27205,74,0.00140459
1773325372.03836155,0.03445240,6273,0.00087158,0.00000000,0,0.00000000,27205,27213,68,0.00366060
1773325372.13842535,0.02624485,6289,0.00092564,0.00000000,0,0.00000000,27213,27247,79,0.00379769
1773325372.23839092,0.01525984,6280,0.00031548,0.00000000,0,0.00000000,27247,27219,78,0.00086199
1773325372.33834505,0.02575024,6280,0.00077786,0.00000000,0,0.00000000,27219,27240,64,0.00249978
1773325372.43839931,0.03109159,6262,0.00150731,0.00000000,0,0.00000000,27240,27173,70,0.00192093
1773325372.53837109,0.03586260,6289,0.00047577,0.00000000,0,0.00000000,27173,27142,71,0.00112676
1773325372.63831019,0.03000543,6225,0.00076764,0.00000000,0,0.00000000,27142,27156,77,0.00084244
1773325372.73828936,0.03554870,6228,0.00070145,0.00000000,0,0.00000000,27156,27181,51,0.00115237
1773325372.83836126,0.02966865,6256,0.00086563,0.00000000,0,0.00000000,27181,27175,66,0.00255617
1773325372.93849850,0.02941160,6196,0.00110796,0.00000000,0,0.00000000,27175,27174,63,0.00172878
1773325373.03840160,0.03389669,6270,0.00073722,0.00000000,0,0.00000000,27174,27195,68,0.00207379
1773325373.13835406,0.03109036,6275,0.00079626,0.00000000,0,0.00000000,27195,27201,71,0.00082736
1773325373.23860168,0.03504029,6200,0.00044408,0.00000000,0,0.00000000,27201,27237,80,0.00224132
1773325373.33844614,0.03209263,6278,0.00085627,0.00000000,0,0.00000000,27237,27204,67,0.00207968
1773325373.43840265,0.03278428,6208,0.00022447,0.00000000,0,0.00000000,27204,27201,42,0.00253771
1773325373.53859067,0.03308772,6204,0.00077881,0.00000000,0,0.00000000,27201,27217,65,0.00182755
1773325373.63848567,0.03397996,6207,0.00084038,0.00000000,0,0.00000000,27217,27226,61,0.00272568
1773325373.73842382,0.01858281,6233,0.00025732,0.00000000,0,0.00000000,27226,27248,60,0.00234043
1773325373.83844233,0.03345556,6262,0.00097085,0.00000000,0,0.00000000,27248,27287,71,0.00205084
1773325373.93844247,0.03439544,6261,0.00101800,0.00000000,0,0.00000000,27287,27212,54,0.00293667
1773325374.03849363,0.02931963,6219,0.00108175,0.00000000,0,0.00000000,27212,27179,70,0.00158459
1773325374.13841081,0.03278379,6230,0.00055039,0.00000000,0,0.00000000,27179,27194,55,0.00080862
1773325374.23828268,0.03170364,6250,0.00071002,0.00000000,0,0.00000000,27194,27194,51,0.00348821
1773325374.33836699,0.03347917,6226,0.00031168,0.00000000,0,0.00000000,27194,27197,62,0.00249129
1773325374.43839502,0.02914804,6218,0.00073843,0.00000000,0,0.00000000,27197,27227,58,0.00285063
1773325374.53837729,0.03599339,6230,0.00035189,0.00000000,0,0.00000000,27227,27259,63,0.00127116
1773325374.63842225,0.03300946,6211,0.00086192,0.00000000,0,0.00000000,27259,27286,63,0.00153718
1773325374.73740578,0.03518573,6249,0.00067309,0.00000000,0,0.00000000,27286,27276,63,0.00216191
1773325374.83840990,0.03380515,6143,0.00072163,0.00000000,0,0.00000000,27276,27269,64,0.00184245
1773325374.93840671,0.03136362,6136,0.00070683,0.00000000,0,0.00000000,27269,27267,59,0.00139708
1773325375.03852177,0.03799057,6155,0.00031561,0.00000000,0,0.00000000,27267,27288,57,0.00188160
1773325375.13845539,0.03799531,6123,0.00024739,0.00000000,0,0.00000000,27288,27298,57,0.00093552
1773325375.23848510,0.01976573,6118,0.00036495,0.00000000,0,0.00000000,27298,27338,74,0.00248631
1773325375.33837056,0.03601912,6149,0.00081159,0.00000000,0,0.00000000,27338,27371,67,0.00350544
1773325375.43828201,0.03676704,6179,0.00113802,0.00000000,0,0.00000000,27371,27387,92,0.00181195
1773325375.54308200,0.02791561,6141,0.00067835,0.00000000,0,0.00000000,27387,27443,80,0.00276703
1773325375.63837147,0.03369751,6138,0.00062023,0.00000000,0,0.00000000,27443,27446,65,0.00088604
1773325375.73847699,0.02920772,6070,0.00036700,0.00000000,0,0.00000000,27446,27476,64,0.00198704
1773325375.83844113,0.03144133,6054,0.00103253,0.00000000,0,0.00000000,27476,27442,61,0.00174873
1773325375.93880105,0.03193125,6069,0.00030032,0.00000000,0,0.00000000,27442,27474,61,0.00248503
1773325376.03831959,0.02761066,6102,0.00068987,0.00000000,0,0.00000000,27474,27505,58,0.00103837
1773325376.13852763,0.03167228,6031,0.00065471,0.00000000,0,0.00000000,27505,27507,51,0.00231530
1773325376.23833680,0.02395950,6078,0.00044921,0.00000000,0,0.00000000,27507,27512,63,0.00247560
1773325376.33836651,0.01858915,6030,0.00089346,0.00000000,0,0.00000000,27512,27520,69,0.00195332
1773325376.43842077,0.03218344,6038,0.00062415,0.00000000,0,0.00000000,27520,27523,68,0.00260252
1773325376.53843760,0.04034314,6077,0.00042384,0.00000000,0,0.00000000,27523,27540,56,0.00079949
1773325376.63827205,0.03781044,6105,0.00076105,0.00000000,0,0.00000000,27540,27556,62,0.00276522
1773325376.73843193,0.01835186,6086,0.00036466,0.00000000,0,0.00000000,27556,27559,60,0.00221938
1773325376.83837962,0.02963827,6147,0.00071344,0.00000000,0,0.00000000,27559,27580,65,0.00197448
1773325376.93844295,0.02875907,6108,0.00088192,0.00000000,0,0.00000000,27580,27594,66,0.00112888
1773325377.03825736,0.03261378,6111,0.00040684,0.00000000,0,0.00000000,27594,27617,52,0.00105700
1773325377.13837028,0.02931119,6172,0.00100982,0.00000000,0,0.00000000,27617,27660,77,0.00089722
1773325377.23854518,0.02836413,6143,0.00035408,0.00000000,0,0.00000000,27660,27653,78,0.00163821
1773325377.33821034,0.03711363,6172,0.00032118,0.00000000,0,0.00000000,27653,27678,62,0.00231660
1773325377.43832493,0.03125409,6161,0.00085980,0.00000000,0,0.00000000,27678,27679,61,0.00295623
1773325377.53849339,0.03870465,6178,0.00060706,0.00000000,0,0.00000000,27679,27678,42,0.00309779
1773325377.63843560,0.03137436,6148,0.00090052,0.00000000,0,0.00000000,27678,27666,70,0.00278166
1773325377.73842549,0.03303241,6176,0.00115520,0.00000000,0,0.00000000,27666,27693,64,0.00255101
1773325377.83844304,0.03075850,6144,0.00031250,0.00000000,0,0.00000000,27693,27716,63,0.00268939
1773325377.93824363,0.03151052,6170,0.00059626,0.00000000,0,0.00000000,27716,27723,52,0.00121425
1773325378.03830838,0.03422113,6162,0.00074630,0.00000000,0,0.00000000,27723,27760,76,0.00234647
1773325378.13840437,0.03020575,6205,0.00048725,0.00000000,0,0.00000000,27760,27759,75,0.00230233
1773325378.23843908,0.02674543,6229,0.00045258,0.00000000,0,0.00000000,27759,27777,60,0.00294712
1773325378.33850670,0.03091989,6245,0.00036560,0.00000000,0,0.00000000,27777,27813,70,0.00215168
1773325378.43849421,0.04230592,6230,0.00103015,0.00000000,0,0.00000000,27813,27822,68,0.00341667
1773325378.53827310,0.04473419,6263,0.00040015,0.00000000,0,0.00000000,27822,27865,81,0.00270039
1773325378.63833308,0.04058743,6256,0.00091212,0.00000000,0,0.00000000,27865,27877,66,0.00098938
1773325378.73822999,0.04279760,6294,0.00080067,0.00000000,0,0.00000000,27877,27873,62,0.00320223
1773325378.83848882,0.04524644,6281,0.00036570,0.00000000,0,0.00000000,27873,27888,63,0.00291015
1773325378.93848705,0.03146256,6256,0.00038102,0.00000000,0,0.00000000,27888,27859,64,0.00270501
1773325379.03845334,0.03553193,6256,0.00076898,0.00000000,0,0.00000000,27859,27860,60,0.00295699
1773325379.13850617,0.03429246,6247,0.00033054,0.00000000,0,0.00000000,27860,27872,69,0.00344734
1773325379.23849630,0.04803514,6209,0.00066825,0.00000000,0,0.00000000,27872,27887,68,0.00166950
1773325379.33830500,0.01447212,6260,0.00020707,0.00000000,0,0.00000000,27887,27897,62,0.00278087
1773325379.43833423,0.01437780,6267,0.00024954,0.00000000,0,0.00000000,27897,27886,62,0.00234829
1773325379.53833294,0.02541927,6257,0.00055113,0.00000000,0,0.00000000,27886,27883,63,0.00283437
1773325379.63831925,0.03761380,6189,0.00056887,0.00000000,0,0.00000000,27883,27895,51,0.00337760
1773325379.73836756,0.04524591,6160,0.00081264,0.00000000,0,0.00000000,27895,27888,71,0.00119202
1773325379.83832765,0.01705765,6147,0.00041990,0.00000000,0,0.00000000,27888,27880,63,0.00070409
1773325379.93841887,0.03284685,6123,0.00024763,0.00000000,0,0.00000000,27880,27904,65,0.00233414
1773325380.03841615,0.03193037,6060,0.00097881,0.00000000,0,0.00000000,27904,27868,64,0.00270628
1773325380.13828707,0.01870490,6025,0.00037114,0.00000000,0,0.00000000,27868,27871,65,0.00401945
1773325380.23844838,0.02919632,6035,0.00023567,0.00000000,0,0.00000000,27871,27896,46,0.00320542
1773325380.33828855,0.02417784,6027,0.00077196,0.00000000,0,0.00000000,27896,27863,46,0.00211850
1773325380.43827915,0.02340215,6065,0.00019349,0.00000000,0,0.00000000,27863,27879,42,0.00111177
1773325380.53830242,0.02677468,6021,0.00080018,0.00000000,0,0.00000000,27879,27874,44,0.00158737
1773325380.63828635,0.02019665,6024,0.00062372,0.00000000,0,0.00000000,27874,27856,36,0.00087939
1773325380.73832035,0.02636455,5972,0.00028950,0.00000000,0,0.00000000,27856,27839,40,0.00255241
1773325380.83829784,0.02732702,5979,0.00050906,0.00000000,0,0.00000000,27839,27845,42,0.00362006
1773325380.93837523,0.02237130,5994,0.00060003,0.00000000,0,0.00000000,27845,27862,37,0.00185034
1773325381.03837228,0.03150590,6025,0.00092326,0.00000000,0,0.00000000,27862,27866,60,0.00235017
1773325381.13840389,0.01404948,5992,0.00017404,0.00000000,0,0.00000000,27866,27871,41,0.00251051
1773325381.23838663,0.02444212,5972,0.00047487,0.00000000,0,0.00000000,27871,27887,49,0.00126570
1773325381.33825541,0.01956801,5996,0.00096584,0.00000000,0,0.00000000,27887,27861,51,0.00248515
1773325381.43839955,0.02183103,6022,0.00021123,0.00000000,0,0.00000000,27861,27885,48,0.00242484
1773325381.53834319,0.02722103,5964,0.00016577,0.00000000,0,0.00000000,27885,27898,36,0.00120741
1773325381.63831782,0.01902204,5995,0.00036981,0.00000000,0,0.00000000,27898,27926,41,0.00077253
1773325381.73841071,0.02015924,5987,0.00031678,0.00000000,0,0.00000000,27926,27895,49,0.00168353
1773325381.83837986,0.02423569,6010,0.00029257,0.00000000,0,0.00000000,27895,27901,52,0.00227668
1773325381.93842506,0.02485571,6045,0.00087553,0.00000000,0,0.00000000,27901,27902,55,0.00101157
1773325382.03841567,0.02181864,5987,0.00039643,0.00000000,0,0.00000000,27902,27923,67,0.00140552
1773325382.13841438,0.02596137,6064,0.00080666,0.00000000,0,0.00000000,27923,27922,68,0.00253302
1773325382.23835254,0.02307812,6002,0.00090363,0.00000000,0,0.00000000,27922,27951,74,0.00184463
1773325382.33833861,0.02737591,6086,0.00030872,0.00000000,0,0.00000000,27951,27977,55,0.00239795
1773325382.43840504,0.02709031,6052,0.00052561,0.00000000,0,0.00000000,27977,27998,45,0.00316892
1773325382.53820038,0.02387000,6138,0.00083992,0.00000000,0,0.00000000,27998,28025,59,0.00170375
1773325382.63821101,0.02926448,6141,0.00088124,0.00000000,0,0.00000000,28025,27987,53,0.00324610
1773325382.73833442,0.01521485,6189,0.00034933,0.00000000,0,0.00000000,27987,27984,59,0.00176554
1773325382.83835435,0.02026035,6131,0.00048042,0.00000000,0,0.00000000,27984,28017,51,0.00165005
1773325382.93840241,0.01539207,6187,0.00027368,0.00000000,0,0.00000000,28017,28021,50,0.00252446
1773325383.03836107,0.02187726,6130,0.00033750,0.00000000,0,0.00000000,28021,27997,42,0.00157658
1773325383.13828015,0.02510919,6122,0.00059120,0.00000000,0,0.00000000,27997,27998,42,0.00178649
1773325383.23811626,0.01949648,6182,0.00062152,0.00000000,0,0.00000000,27998,28028,56,0.00159280
1773325383.33820391,0.02189179,6164,0.00044633,0.00000000,0,0.00000000,28028,28044,56,0.00177975
1773325383.43829417,0.02570788,6200,0.00043628,0.00000000,0,0.00000000,28044,28060,43,0.00392860
1773325383.53844333,0.02401553,6188,0.00051728,0.00000000,0,0.00000000,28060,28057,45,0.00179347
1773325383.63832188,0.02051419,6207,0.00062915,0.00000000,0,0.00000000,28057,28050,58,0.00323961
1773325383.73838639,0.02126571,6251,0.00023557,0.00000000,0,0.00000000,28050,28029,48,0.00183253
1773325383.83828163,0.02601187,6193,0.00050168,0.00000000,0,0.00000000,28029,28041,44,0.00186542
1773325383.93809867,0.02780239,6285,0.00071103,0.00000000,0,0.00000000,28041,28026,42,0.00315022
1773325384.03821754,0.02766064,6321,0.00056164,0.00000000,0,0.00000000,28026,28054,53,0.00186421
1773325384.13839364,0.02790353,6280,0.00034979,0.00000000,0,0.00000000,28054,28025,44,0.00326095
1773325384.23842359,0.01290951,6313,0.00033989,0.00000000,0,0.00000000,28025,28015,44,0.00110917
1773325384.33837080,0.02310464,6306,0.00028535,0.00000000,0,0.00000000,28015,28031,52,0.00433690
1773325384.43832779,0.02671415,6315,0.00080320,0.00000000,0,0.00000000,28031,28002,46,0.00165821
1773325384.53837943,0.02020323,6304,0.00046541,0.00000000,0,0.00000000,28002,28019,48,0.00234677
1773325384.63834119,0.02560328,6293,0.00019649,0.00000000,0,0.00000000,28019,28041,45,0.00087139
1773325384.73828435,0.02348829,6289,0.00044112,0.00000000,0,0.00000000,28041,28050,47,0.00516847
1773325384.83829093,0.01748515,6275,0.00019374,0.00000000,0,0.00000000,28050,28068,46,0.00186330
1773325384.93835330,0.02235121,6218,0.00025565,0.00000000,0,0.00000000,28068,28091,45,0.00280727
1773325385.03825879,0.02316673,6163,0.00087130,0.00000000,0,0.00000000,28091,28105,60,0.00204307
1773325385.13825297,0.02219945,6097,0.00059317,0.00000000,0,0.00000000,28105,28113,55,0.00169803
1773325385.23828244,0.02733871,6023,0.00040357,0.00000000,0,0.00000000,28113,28113,51,0.00198705
1773325385.33833933,0.02449526,5998,0.00086542,0.00000000,0,0.00000000,28113,28107,52,0.00194699
1773325385.43823147,0.02503575,6011,0.00051639,0.00000000,0,0.00000000,28107,28128,45,0.00089107
1773325385.53827596,0.02533162,5959,0.00078067,0.00000000,0,0.00000000,28128,28102,56,0.00338839
1773325385.63831520,0.02122111,6045,0.00023718,0.00000000,0,0.00000000,28102,28106,48,0.00313791
1773325385.73836851,0.01761080,5975,0.00053051,0.00000000,0,0.00000000,28106,28127,42,0.00186809
1773325385.83826518,0.02054607,6011,0.00085975,0.00000000,0,0.00000000,28127,28114,59,0.00325034
1773325385.93829632,0.02530732,6013,0.00024165,0.00000000,0,0.00000000,28114,28115,36,0.00210549
1773325386.03819609,0.02398160,6114,0.00069248,0.00000000,0,0.00000000,28115,28138,53,0.00223243
1773325386.13832188,0.01932803,6074,0.00016948,0.00000000,0,0.00000000,28138,28171,53,0.00167979
1773325386.23833299,0.02854004,6088,0.00037416,0.00000000,0,0.00000000,28171,28165,54,0.00281752
1773325386.33817840,0.03064266,6119,0.00058554,0.00000000,0,0.00000000,28165,28183,41,0.00232022
1773325386.43828177,0.01889202,6112,0.00021855,0.00000000,0,0.00000000,28183,28196,40,0.00156050
1773325386.53834367,0.02538511,6049,0.00028802,0.00000000,0,0.00000000,28196,28185,57,0.00275197
1773325386.63822150,0.02356474,6132,0.00040224,0.00000000,0,0.00000000,28185,28211,38,0.00205568
1773325386.73833656,0.02331508,6058,0.00048272,0.00000000,0,0.00000000,28211,28215,46,0.00164654
1773325386.83818078,0.02636893,6070,0.00050005,0.00000000,0,0.00000000,28215,28212,36,0.00274860
1773325386.93824363,0.02049268,6048,0.00039645,0.00000000,0,0.00000000,28212,28232,39,0.00358845
1773325387.03819966,0.01944300,6030,0.00053239,0.00000000,0,0.00000000,28232,28238,40,0.00091176
1773325387.13819623,0.02717120,6054,0.00024420,0.00000000,0,0.00000000,28238,28255,41,0.00281057
1773325387.23813701,0.01282438,6046,0.00013946,0.00000000,0,0.00000000,28255,28277,46,0.00096829
1773325387.33828974,0.02588128,6051,0.00061139,0.00000000,0,0.00000000,28277,28270,34,0.00263435
1773325387.43820119,0.02122765,6040,0.00047029,0.00000000,0,0.00000000,28270,28287,38,0.00249101
1773325387.53818488,0.01783292,6103,0.00036860,0.00000000,0,0.00000000,28287,28295,23,0.00207877
1773325387.63821316,0.02275510,6090,0.00049095,0.00000000,0,0.00000000,28295,28309,47,0.00088204
1773325387.73837638,0.02723696,6095,0.00021779,0.00000000,0,0.00000000,28309,28333,42,0.00268823
1773325387.83826876,0.01807331,6089,0.00022206,0.00000000,0,0.00000000,28333,28351,46,0.00225683
1773325387.93824124,0.02023172,6088,0.00050590,0.00000000,0,0.00000000,28351,28308,39,0.00276233
1773325388.03818488,0.02514532,6037,0.00033290,0.00000000,0,0.00000000,28308,28314,47,0.00214363
1773325388.13828063,0.01996365,6071,0.00049880,0.00000000,0,0.00000000,28314,28333,39,0.00083935
1773325388.23818469,0.02020537,6154,0.00040815,0.00000000,0,0.00000000,28333,28354,27,0.00196696
1773325388.33828497,0.02132285,6161,0.00084434,0.00000000,0,0.00000000,28354,28373,41,0.00313900
1773325388.43823338,0.02195199,6216,0.00032830,0.00000000,0,0.00000000,28373,28362,22,0.00185127
1773325388.53826356,0.02408367,6219,0.00012595,0.00000000,0,0.00000000,28362,28377,28,0.00109082
1773325388.63819146,0.01822860,6235,0.00019634,0.00000000,0,0.00000000,28377,28387,31,0.00416419
1773325388.73812103,0.02249102,6283,0.00031228,0.00000000,0,0.00000000,28387,28417,38,0.00135161
1773325388.83810973,0.02279545,6316,0.00059199,0.00000000,0,0.00000000,28417,28403,42,0.00315406
1773325388.93822074,0.01578333,6339,0.00018149,0.00000000,0,0.00000000,28403,28400,39,0.00279459
1773325389.03817153,0.02304307,6352,0.00017044,0.00000000,0,0.00000000,28400,28418,31,0.00376645
1773325389.13817215,0.01817215,6341,0.00046163,0.00000000,0,0.00000000,28418,28408,33,0.00169617
1773325389.23818612,0.01697977,6348,0.00040248,0.00000000,0,0.00000000,28408,28400,43,0.00174570
1773325389.33811927,0.02388862,6369,0.00040450,0.00000000,0,0.00000000,28400,28422,38,0.00275193
1773325389.43810892,0.01985466,6416,0.00064024,0.00000000,0,0.00000000,28422,28447,43,0.00210053
1773325389.53824520,0.02504470,6382,0.00020003,0.00000000,0,0.00000000,28447,28468,39,0.00287288
1773325389.63824868,0.02694946,6385,0.00059941,0.00000000,0,0.00000000,28468,28495,45,0.00282420
1773325389.73822665,0.01826538,6401,0.00043510,0.00000000,0,0.00000000,28495,28491,33,0.00164474
1773325389.83820891,0.02152338,6409,0.00028440,0.00000000,0,0.00000000,28491,28510,33,0.00210014
1773325389.93813300,0.02493930,6389,0.00044707,0.00000000,0,0.00000000,28510,28491,38,0.00129116
1773325390.03813243,0.02630538,6400,0.00014106,0.00000000,0,0.00000000,28491,28493,34,0.00115549
1773325390.13820457,0.01685675,6391,0.00013298,0.00000000,0,0.00000000,28493,28501,31,0.00277433
1773325390.23808455,0.02288240,6420,0.00055366,0.00000000,0,0.00000000,28501,28466,28,0.00314800
1773325390.33813810,0.02035464,6421,0.00053231,0.00000000,0,0.00000000,28466,28453,28,0.00325486
1773325390.43810558,0.01693060,6419,0.00019834,0.00000000,0,0.00000000,28453,28452,32,0.00257058
1773325390.53811383,0.02120916,6376,0.00028928,0.00000000,0,0.00000000,28452,28465,23,0.00115234
1773325390.63807154,0.02230571,6427,0.00030855,0.00000000,0,0.00000000,28465,28476,29,0.00200232
1773325390.73825383,0.01881115,6418,0.00041457,0.00000000,0,0.00000000,28476,28455,38,0.00095056
1773325390.83824492,0.01693392,6399,0.00043660,0.00000000,0,0.00000000,28455,28479,39,0.00157291
1773325390.93817282,0.02125067,6364,0.00014927,0.00000000,0,0.00000000,28479,28467,30,0.00221306
1773325391.03818440,0.02484460,6379,0.00033124,0.00000000,0,0.00000000,28467,28466,37,0.00251438
1773325391.13815808,0.02008568,6383,0.00049945,0.00000000,0,0.00000000,28466,28489,38,0.00122292
1773325391.23813510,0.02364284,6387,0.00031548,0.00000000,0,0.00000000,28489,28498,34,0.00159967
1773325391.33814621,0.02615562,6375,0.00016296,0.00000000,0,0.00000000,28498,28501,31,0.00210172
1773325391.43814731,0.01989722,6372,0.00036869,0.00000000,0,0.00000000,28501,28513,33,0.00320272
1773325391.53811216,0.02233746,6364,0.00030385,0.00000000,0,0.00000000,28513,28508,31,0.00133023
1773325391.63804841,0.01734087,6350,0.00019597,0.00000000,0,0.00000000,28508,28526,46,0.00311536
1773325391.73807406,0.01387268,6379,0.00015914,0.00000000,0,0.00000000,28526,28540,32,0.00079948
1773325391.83807755,0.02600628,6400,0.00018997,0.00000000,0,0.00000000,28540,28543,17,0.00290404
1773325391.93821573,0.01505613,6374,0.00027318,0.00000000,0,0.00000000,28543,28549,21,0.00086774
1773325392.03821516,0.02187072,6363,0.00015604,0.00000000,0,0.00000000,28549,28555,32,0.00272106
1773325392.13817072,0.02039332,6400,0.00026522,0.00000000,0,0.00000000,28555,28559,23,0.00072684
1773325392.23821139,0.01444954,6387,0.00024488,0.00000000,0,0.00000000,28559,28572,24,0.00250653
1773325392.33812714,0.01429935,6372,0.00046218,0.00000000,0,0.00000000,28572,28518,33,0.00197244
1773325392.43810463,0.02258927,6384,0.00016882,0.00000000,0,0.00000000,28518,28533,32,0.00191499
1773325392.53806329,0.02092331,6391,0.00033041,0.00000000,0,0.00000000,28533,28534,22,0.00086199
1773325392.63805771,0.01729551,6390,0.00024015,0.00000000,0,0.00000000,28534,28533,20,0.00196864
1773325392.73804188,0.01824542,6381,0.00016891,0.00000000,0,0.00000000,28533,28544,42,0.00196897
1773325392.83802676,0.02045749,6417,0.00035169,0.00000000,0,0.00000000,28544,28551,31,0.00175198
1773325392.93821692,0.01977623,6411,0.00013005,0.00000000,0,0.00000000,28551,28566,30,0.00133392
1773325393.03819680,0.02286888,6391,0.00035680,0.00000000,0,0.00000000,28566,28573,30,0.00219835
1773325393.13815212,0.02080598,6379,0.00013780,0.00000000,0,0.00000000,28573,28575,30,0.00330831
1773325393.23814082,0.01292420,6384,0.00018360,0.00000000,0,0.00000000,28575,28592,37,0.00326580
1773325393.33807778,0.01924158,6357,0.00044818,0.00000000,0,0.00000000,28592,28612,32,0.00261746
1773325393.43802166,0.01490173,6399,0.00015199,0.00000000,0,0.00000000,28612,28602,29,0.00171580
1773325393.53804255,0.02050075,6430,0.00009210,0.00000000,0,0.00000000,28602,28576,18,0.00226457
1773325393.63820314,0.01804055,6352,0.00041024,0.00000000,0,0.00000000,28576,28583,32,0.00106175
1773325393.73802710,0.01559812,6414,0.00047327,0.00000000,0,0.00000000,28583,28556,30,0.00108020
1773325393.83807921,0.01859826,6415,0.00041335,0.00000000,0,0.00000000,28556,28567,34,0.00245644
1773325393.93800306,0.01619153,6425,0.00037977,0.00000000,0,0.00000000,28567,28571,33,0.00095127
1773325394.03816938,0.02275451,6387,0.00050436,0.00000000,0,0.00000000,28571,28580,38,0.00152789
1773325394.13812709,0.01406531,6384,0.00009409,0.00000000,0,0.00000000,28580,28597,25,0.00209331
1773325394.23806882,0.03061811,6390,0.00020970,0.00000000,0,0.00000000,28597,28613,22,0.00182047
1773325394.33805466,0.01777385,6361,0.00012761,0.00000000,0,0.00000000,28613,28615,23,0.00123363
1773325394.43833423,0.02078994,6344,0.00012617,0.00000000,0,0.00000000,28615,28628,24,0.00277339
1773325394.53806090,0.01837212,6339,0.00027674,0.00000000,0,0.00000000,28628,28638,23,0.00199469
1773325394.63808393,0.02262008,6309,0.00032459,0.00000000,0,0.00000000,28638,28635,26,0.00423753
1773325394.73808265,0.01093445,6300,0.00013390,0.00000000,0,0.00000000,28635,28633,21,0.00268361
1773325394.83804536,0.01564255,6322,0.00021043,0.00000000,0,0.00000000,28633,28652,22,0.00212938
1773325394.93813038,0.01522914,6311,0.00010531,0.00000000,0,0.00000000,28652,28661,23,0.00339259
1773325395.03817749,0.02053828,6249,0.00025477,0.00000000,0,0.00000000,28661,28657,30,0.00204339
1773325395.13816261,0.01859462,6197,0.00041262,0.00000000,0,0.00000000,28657,28672,42,0.00184773
1773325395.23818493,0.01652198,6156,0.00039667,0.00000000,0,0.00000000,28672,28691,37,0.00148939
1773325395.33802128,0.01580680,6184,0.00013664,0.00000000,0,0.00000000,28691,28699,32,0.00267345
1773325395.43800235,0.02337085,6203,0.00012900,0.00000000,0,0.00000000,28699,28709,25,0.00238469
1773325395.53803778,0.01664332,6260,0.00029303,0.00000000,0,0.00000000,28709,28717,23,0.00193885
1773325395.63807750,0.01801740,6263,0.00014917,0.00000000,0,0.00000000,28717,28701,24,0.00302139
1773325395.73799348,0.02544229,6231,0.00027880,0.00000000,0,0.00000000,28701,28702,17,0.00169026
1773325395.83803535,0.01924426,6288,0.00025340,0.00000000,0,0.00000000,28702,28704,20,0.00246678
1773325395.93804836,0.02195760,6300,0.00014898,0.00000000,0,0.00000000,28704,28708,23,0.00123146
1773325396.03806090,0.02055188,6259,0.00037546,0.00000000,0,0.00000000,28708,28687,24,0.00299446
1773325396.13808227,0.02159007,6263,0.00015527,0.00000000,0,0.00000000,28687,28694,15,0.00126563
1773325396.23809528,0.01229625,6244,0.00010233,0.00000000,0,0.00000000,28694,28704,28,0.00166531
1773325396.33794832,0.01867803,6262,0.00022479,0.00000000,0,0.00000000,28704,28701,27,0.00320629
1773325396.43798637,0.01922627,6281,0.00025571,0.00000000,0,0.00000000,28701,28701,18,0.00148713
1773325396.53798532,0.01837047,6285,0.00026832,0.00000000,0,0.00000000,28701,28705,25,0.00153920
1773325396.63812256,0.02276180,6174,0.00073947,0.00000000,0,0.00000000,28705,28662,23,0.00141591
1773325396.73795223,0.02181045,6172,0.00018861,0.00000000,0,0.00000000,28662,28641,22,0.00292825
1773325396.83795118,0.02266206,6116,0.00023695,0.00000000,0,0.00000000,28641,28652,21,0.00164142
1773325396.93794298,0.01977205,6152,0.00012240,0.00000000,0,0.00000000,28652,28660,27,0.00156505
1773325397.03811646,0.02142959,6095,0.00012119,0.00000000,0,0.00000000,28660,28677,27,0.00256911
1773325397.13798594,0.02028903,6093,0.00011400,0.00000000,0,0.00000000,28677,28674,17,0.00244053
1773325397.23795867,0.01951073,6077,0.00032841,0.00000000,0,0.00000000,28674,28680,28,0.00187669
1773325397.33812451,0.02097245,6096,0.00006344,0.00000000,0,0.00000000,28680,28688,19,0.00108978
1773325397.43799424,0.02338799,6104,0.00025456,0.00000000,0,0.00000000,28688,28697,19,0.00262876
1773325397.53800082,0.02115614,6052,0.00025788,0.00000000,0,0.00000000,28697,28699,24,0.00243323
1773325397.63798404,0.02794828,6052,0.00031234,0.00000000,0,0.00000000,28699,28705,26,0.00162144
1773325397.73808527,0.01522418,6035,0.00038393,0.00000000,0,0.00000000,28705,28601,35,0.00233246
1773325397.83805394,0.02771641,6029,0.00055582,0.00000000,0,0.00000000,28601,28581,33,0.00077246
1773325397.93796277,0.02430216,6057,0.00018198,0.00000000,0,0.00000000,28581,28599,35,0.00295568
1773325398.03797507,0.02358783,6000,0.00022283,0.00000000,0,0.00000000,28599,28614,39,0.00097807
1773325398.13798428,0.02459157,6041,0.00040272,0.00000000,0,0.00000000,28614,28598,29,0.00163521
1773325398.23816133,0.02546772,6016,0.00034008,0.00000000,0,0.00000000,28598,28604,39,0.00253346
1773325398.33795094,0.02378811,6090,0.00011103,0.00000000,0,0.00000000,28604,28618,38,0.00176978
1773325398.43798399,0.02646701,6071,0.00055675,0.00000000,0,0.00000000,28618,28617,38,0.00161748
1773325398.53790855,0.02871877,6128,0.00068726,0.00000000,0,0.00000000,28617,28607,46,0.00087141
1773325398.63794184,0.02559908,6108,0.00045948,0.00000000,0,0.00000000,28607,28626,44,0.00201398
1773325398.73794270,0.03391017,6133,0.00023040,0.00000000,0,0.00000000,28626,28603,46,0.00160932
1773325398.83800626,0.02903396,6111,0.00059763,0.00000000,0,0.00000000,28603,28610,49,0.00092836
1773325398.93806815,0.02718907,6126,0.00064402,0.00000000,0,0.00000000,28610,28625,52,0.00225409
1773325399.03792381,0.03702976,6138,0.00020256,0.00000000,0,0.00000000,28625,28654,47,0.00156272
1773325399.13834620,0.03156374,6087,0.00018101,0.00000000,0,0.00000000,28654,28661,36,0.00223710
1773325399.24098182,0.01759428,6102,0.00054325,0.00000000,0,0.00000000,28661,28683,51,0.00202906
1773325399.33790970,0.03074263,6162,0.00024167,0.00000000,0,0.00000000,28683,28683,50,0.00182602
1773325399.43792248,0.03129019,6158,0.00064492,0.00000000,0,0.00000000,28683,28696,41,0.00117426
1773325399.53790855,0.02771612,6235,0.00059270,0.00000000,0,0.00000000,28696,28707,51,0.00218209
1773325399.63800693,0.03093190,6160,0.00020987,0.00000000,0,0.00000000,28707,28721,43,0.00117972
1773325399.73795390,0.03681248,6207,0.00035864,0.00000000,0,0.00000000,28721,28708,42,0.00202274
1773325399.83800650,0.03433223,6199,0.00041934,0.00000000,0,0.00000000,28708,28732,44,0.00114930
1773325399.93803024,0.03243753,6157,0.00021292,0.00000000,0,0.00000000,28732,28731,41,0.00233092
1773325400.03789997,0.03168103,6189,0.00062361,0.00000000,0,0.00000000,28731,28731,48,0.00155850
1773325400.13793468,0.02442936,6206,0.00023941,0.00000000,0,0.00000000,28731,28711,47,0.00102422
1773325400.23794007,0.03559085,6237,0.00031834,0.00000000,0,0.00000000,28711,28673,53,0.00175129
1773325400.33799648,0.02966209,6186,0.00057701,0.00000000,0,0.00000000,28673,28689,47,0.00199342
1773325400.43788528,0.03141025,6269,0.00019748,0.00000000,0,0.00000000,28689,28708,47,0.00114758
1773325400.53798389,0.04022582,6225,0.00068744,0.00000000,0,0.00000000,28708,28691,43,0.00175906
1773325400.63803625,0.03522094,6178,0.00035225,0.00000000,0,0.00000000,28691,28689,57,0.00171060
1773325400.73786306,0.02078643,6191,0.00021565,0.00000000,0,0.00000000,28689,28705,48,0.00212079
1773325400.83787918,0.03501516,6254,0.00058550,0.00000000,0,0.00000000,28705,28714,50,0.00199779
1773325400.93786788,0.02944646,6190,0.00068343,0.00000000,0,0.00000000,28714,28570,45,0.00202212
1773325401.03790212,0.03397318,6201,0.00051002,0.00000000,0,0.00000000,28570,28582,43,0.00206727
1773325401.13797021,0.03234043,6205,0.00061077,0.00000000,0,0.00000000,28582,28600,40,0.00161393
1773325401.23801088,0.03563518,6223,0.00067716,0.00000000,0,0.00000000,28600,28617,54,0.00088268
1773325401.33800793,0.02950354,6161,0.00017486,0.00000000,0,0.00000000,28617,28642,42,0.00203999
1773325401.43785143,0.02859827,6197,0.00051464,0.00000000,0,0.00000000,28642,28632,47,0.00186321
1773325401.53782535,0.04028040,6218,0.00033575,0.00000000,0,0.00000000,28632,28650,62,0.00225982
1773325401.63793969,0.02967357,6224,0.00055579,0.00000000,0,0.00000000,28650,28666,42,0.00142597
1773325401.73790359,0.03878577,6233,0.00045447,0.00000000,0,0.00000000,28666,28632,47,0.00085538
1773325401.83796716,0.03249022,6210,0.00085420,0.00000000,0,0.00000000,28632,28646,58,0.00194456
1773325401.93798780,0.03115921,6150,0.00057317,0.00000000,0,0.00000000,28646,28663,47,0.00091652
1773325402.03786826,0.03918669,6246,0.00074909,0.00000000,0,0.00000000,28663,28671,52,0.00276690
1773325402.13801074,0.03340724,6179,0.00056620,0.00000000,0,0.00000000,28671,28535,53,0.00281769
1773325402.23787808,0.02402497,6185,0.00029253,0.00000000,0,0.00000000,28535,28570,65,0.00249658
1773325402.33788204,0.03480373,6189,0.00091845,0.00000000,0,0.00000000,28570,28524,60,0.00083618
1773325402.43787980,0.03720577,6182,0.00061965,0.00000000,0,0.00000000,28524,28546,58,0.00088410
1773325402.53795481,0.03336345,6191,0.00068508,0.00000000,0,0.00000000,28546,28565,52,0.00245718
1773325402.63798881,0.02629696,6176,0.00054156,0.00000000,0,0.00000000,28565,28546,41,0.00122101
1773325402.73795247,0.03328318,6203,0.00069635,0.00000000,0,0.00000000,28546,28574,57,0.00174530
1773325402.83802724,0.03994054,6189,0.00079400,0.00000000,0,0.00000000,28574,28533,53,0.00171332
1773325402.93804049,0.04185867,6155,0.00032575,0.00000000,0,0.00000000,28533,28517,48,0.00276782
1773325403.03782153,0.03567663,6190,0.00058157,0.00000000,0,0.00000000,28517,28538,51,0.00147016
1773325403.13790441,0.03517498,6202,0.00058331,0.00000000,0,0.00000000,28538,28537,60,0.00174731
1773325403.23788452,0.03999726,6165,0.00052088,0.00000000,0,0.00000000,28537,28554,37,0.00169712
1773325403.33796167,0.03378120,6191,0.00024220,0.00000000,0,0.00000000,28554,28557,47,0.00092736
1773325403.43798685,0.03675220,6180,0.00034363,0.00000000,0,0.00000000,28557,28563,48,0.00227143
1773325403.53780508,0.03503534,6151,0.00056069,0.00000000,0,0.00000000,28563,28589,54,0.00177148
1773325403.63788009,0.02560208,6205,0.00024881,0.00000000,0,0.00000000,28589,28598,54,0.00269667
1773325403.73789930,0.02122968,6189,0.00041261,0.00000000,0,0.00000000,28598,28588,58,0.00116718
1773325403.83797789,0.04387915,6183,0.00061270,0.00000000,0,0.00000000,28588,28619,56,0.00181026
1773325403.93780994,0.03739377,6188,0.00038876,0.00000000,0,0.00000000,28619,28568,60,0.00160793
1773325404.03781343,0.03355864,6211,0.00067309,0.00000000,0,0.00000000,28568,28602,63,0.00135963
1773325404.13786674,0.03471039,6230,0.00067096,0.00000000,0,0.00000000,28602,28436,44,0.00073495
1773325404.23789406,0.03509938,6192,0.00062935,0.00000000,0,0.00000000,28436,28456,62,0.00231393
1773325404.33797741,0.03291822,6262,0.00067258,0.00000000,0,0.00000000,28456,28480,56,0.00149862
1773325404.43794942,0.03359704,6205,0.00022045,0.00000000,0,0.00000000,28480,28503,57,0.00175363
1773325404.53778505,0.03395783,6247,0.00063799,0.00000000,0,0.00000000,28503,28520,49,0.00172535
1773325404.63791037,0.04072052,6233,0.00054171,0.00000000,0,0.00000000,28520,28551,44,0.00111540
1773325404.73792887,0.04003667,6234,0.00074465,0.00000000,0,0.00000000,28551,28575,62,0.00330411
1773325404.83795214,0.03942308,6218,0.00047383,0.00000000,0,0.00000000,28575,28579,44,0.00182844
1773325404.93789220,0.04048437,6211,0.00026654,0.00000000,0,0.00000000,28579,28599,44,0.00157320
1773325405.03788662,0.03878563,6231,0.00056666,0.00000000,0,0.00000000,28599,28605,56,0.00228418
1773325405.13788414,0.02681857,6227,0.00025512,0.00000000,0,0.00000000,28605,28609,45,0.00092782
1773325405.23796320,0.03860151,6213,0.00026415,0.00000000,0,0.00000000,28609,28635,53,0.00083353
1773325405.33793974,0.03234658,6200,0.00047181,0.00000000,0,0.00000000,28635,28640,36,0.00199967
1773325405.43780398,0.03715663,6209,0.00069128,0.00000000,0,0.00000000,28640,28661,50,0.00294318
1773325405.53780556,0.03470049,6224,0.00062349,0.00000000,0,0.00000000,28661,28688,59,0.00166763
1773325405.63784933,0.03984288,6209,0.00071651,0.00000000,0,0.00000000,28688,28674,48,0.00087790
1773325405.73782706,0.04007043,6176,0.00099000,0.00000000,0,0.00000000,28674,28598,46,0.00259734
1773325405.83790541,0.03634920,6222,0.00031395,0.00000000,0,0.00000000,28598,28601,47,0.00228459
1773325405.93787313,0.03620352,6157,0.00041489,0.00000000,0,0.00000000,28601,28605,36,0.00178899
1773325406.03784943,0.03572672,6215,0.00035735,0.00000000,0,0.00000000,28605,28587,46,0.00190664
1773325406.13776708,0.03600157,6203,0.00067886,0.00000000,0,0.00000000,28587,28605,44,0.00164586
1773325406.23781013,0.04053464,6209,0.00063669,0.00000000,0,0.00000000,28605,28630,50,0.00111193
1773325406.33783722,0.03683324,6204,0.00081899,0.00000000,0,0.00000000,28630,28625,54,0.00232634
1773325406.43791366,0.03836878,6232,0.00031559,0.00000000,0,0.00000000,28625,28615,48,0.00282442
1773325406.53791618,0.03271583,6193,0.00062079,0.00000000,0,0.00000000,28615,28586,49,0.00317312
1773325406.63791227,0.02870333,6172,0.00055500,0.00000000,0,0.00000000,28586,28485,42,0.00083802
1773325406.73782110,0.02997024,6205,0.00069368,0.00000000,0,0.00000000,28485,28492,47,0.00209647
1773325406.83782554,0.03449348,6195,0.00035588,0.00000000,0,0.00000000,28492,28524,63,0.00196165
1773325406.93785048,0.03295441,6212,0.00079483,0.00000000,0,0.00000000,28524,28532,59,0.00307863
1773325407.03796434,0.03068406,6213,0.00022055,0.00000000,0,0.00000000,28532,28520,44,0.00267513
1773325407.13791418,0.03540351,6177,0.00025572,0.00000000,0,0.00000000,28520,28549,43,0.00196864
1773325407.23782563,0.02476475,6187,0.00017261,0.00000000,0,0.00000000,28549,28539,43,0.00140471
1773325407.33787847,0.03726266,6175,0.00049511,0.00000000,0,0.00000000,28539,28562,45,0.00197871
1773325407.43773675,0.04371728,6177,0.00088077,0.00000000,0,0.00000000,28562,28568,57,0.00335047
1773325407.53782010,0.03941880,6199,0.00050393,0.00000000,0,0.00000000,28568,28580,30,0.00218763
1773325407.63787007,0.04893725,6185,0.00071158,0.00000000,0,0.00000000,28580,28597,41,0.00280869
1773325407.73794961,0.03910421,6203,0.00058577,0.00000000,0,0.00000000,28597,28590,36,0.00166938
1773325407.83776093,0.05215021,6218,0.00083090,0.00000000,0,0.00000000,28590,28580,53,0.00156668
1773325407.93776941,0.03525290,6165,0.00058269,0.00000000,0,0.00000000,27937,27960,44,0.00329242
1773325408.03780293,0.04317747,6179,0.00062468,0.00000000,0,0.00000000,27960,27973,38,0.00185744
1773325408.13782549,0.03283123,6165,0.00053656,0.00000000,0,0.00000000,27973,27995,43,0.00150044
1773325408.23783636,0.02402270,6167,0.00023758,0.00000000,0,0.00000000,27995,28018,39,0.00090975
1773325408.33772206,0.03832108,6197,0.00040906,0.00000000,0,0.00000000,28018,28020,56,0.00106169
1773325408.43773198,0.03589617,6174,0.00055746,0.00000000,0,0.00000000,28020,28050,45,0.00252995
1773325408.53779244,0.03916263,6143,0.00073927,0.00000000,0,0.00000000,28050,28049,48,0.00128679
1773325408.63782191,0.03292235,6209,0.00052289,0.00000000,0,0.00000000,28049,28069,45,0.00094687
1773325408.73783278,0.03396705,6188,0.00071799,0.00000000,0,0.00000000,28069,28081,49,0.00087138
1773325408.83788371,0.03844576,6188,0.00079566,0.00000000,0,0.00000000,28081,28095,51,0.00170659
1773325408.93789625,0.03640630,6088,0.00055444,0.00000000,0,0.00000000,28095,28109,44,0.00168213
1773325409.03770900,0.03705166,6107,0.00040280,0.00000000,0,0.00000000,28109,28103,42,0.00253527
1773325409.13778973,0.02941401,6138,0.00042547,0.00000000,0,0.00000000,28103,28132,47,0.00149969
1773325409.23781919,0.04322244,6131,0.00023272,0.00000000,0,0.00000000,28132,28127,46,0.00273976
1773325409.33779812,0.04019229,6130,0.00055163,0.00000000,0,0.00000000,28127,28144,48,0.00085920
1773325409.43792009,0.03890533,6113,0.00092033,0.00000000,0,0.00000000,28144,28150,52,0.00090960
1773325409.53771830,0.04057991,6141,0.00033039,0.00000000,0,0.00000000,28150,28161,48,0.00272356
1773325409.63773441,0.04017904,6166,0.00096967,0.00000000,0,0.00000000,28161,28208,65,0.00184146
1773325409.73779130,0.02666452,6175,0.00030963,0.00000000,0,0.00000000,28208,28224,60,0.00291220
1773325409.83781195,0.03478845,6170,0.00069902,0.00000000,0,0.00000000,28224,28237,56,0.00216583
1773325409.93782067,0.03154655,6182,0.00054256,0.00000000,0,0.00000000,28237,28250,52,0.00194617
1773325410.03781915,0.03430847,6140,0.00045487,0.00000000,0,0.00000000,28250,28279,49,0.00125431
1773325410.13769865,0.02966295,6184,0.00052942,0.00000000,0,0.00000000,28279,28296,57,0.00148948
1773325410.23770571,0.03801603,6171,0.00033810,0.00000000,0,0.00000000,28296,28328,53,0.00121529
1773325410.33781791,0.04165669,6193,0.00027155,0.00000000,0,0.00000000,28328,28340,45,0.00182896
1773325410.43778229,0.04060794,6159,0.00064675,0.00000000,0,0.00000000,28340,28308,45,0.00201107
1773325410.53783345,0.03886547,6145,0.00059355,0.00000000,0,0.00000000,28308,28342,58,0.00223854
1773325410.63788366,0.03288160,6189,0.00082457,0.00000000,0,0.00000000,28342,28350,63,0.00202929
1773325410.73768091,0.03990241,6202,0.00072556,0.00000000,0,0.00000000,28350,28340,57,0.00125225
1773325410.83782434,0.03474967,6205,0.00043314,0.00000000,0,0.00000000,28340,28367,52,0.00255071
1773325410.93798423,0.04155199,6114,0.00081132,0.00000000,0,0.00000000,28367,28392,47,0.00209789
1773325411.03764486,0.03062011,6157,0.00014640,0.00000000,0,0.00000000,28392,28406,37,0.00282451
1773325411.13766432,0.03097511,6152,0.00030033,0.00000000,0,0.00000000,28406,28438,58,0.00097682
1773325411.23765993,0.02116005,6187,0.00017359,0.00000000,0,0.00000000,28438,28426,42,0.00087545
1773325411.33771729,0.03744139,6178,0.00045517,0.00000000,0,0.00000000,28426,28406,35,0.00267581
1773325411.43780923,0.03360804,6222,0.00054865,0.00000000,0,0.00000000,28406,28417,33,0.00220074
1773325411.53780437,0.03422617,6202,0.00020092,0.00000000,0,0.00000000,28417,28430,40,0.00181683
1773325411.63767767,0.02980806,6260,0.00036728,0.00000000,0,0.00000000,28430,28447,41,0.00158804
1773325411.73767376,0.03256102,6257,0.00022157,0.00000000,0,0.00000000,28447,28468,46,0.00090348
1773325411.83767819,0.02851600,6291,0.00067940,0.00000000,0,0.00000000,28468,28503,56,0.00200920
1773325411.93778563,0.03190809,6263,0.00019505,0.00000000,0,0.00000000,28503,28513,48,0.00233964
1773325412.03780508,0.03471590,6243,0.00063311,0.00000000,0,0.00000000,28513,28506,51,0.00230076
1773325412.13783026,0.03394170,6211,0.00047550,0.00000000,0,0.00000000,28506,28518,40,0.00193268
1773325412.23764634,0.03324705,6318,0.00041235,0.00000000,0,0.00000000,28518,28542,39,0.00225066
1773325412.33778930,0.02243565,6232,0.00018043,0.00000000,0,0.00000000,28542,28551,44,0.00198738
1773325412.43770218,0.03073515,6253,0.00022028,0.00000000,0,0.00000000,28551,28560,42,0.00161402
1773325412.53776908,0.03064647,6279,0.00044598,0.00000000,0,0.00000000,28560,28558,39,0.00235979
1773325412.63787031,0.02527113,6228,0.00041496,0.00000000,0,0.00000000,28558,28562,37,0.00148054
1773325412.73771238,0.01584999,6257,0.00017007,0.00000000,0,0.00000000,28562,28579,43,0.00181369
1773325412.83763337,0.03521925,6264,0.00046049,0.00000000,0,0.00000000,28579,28534,41,0.00109683
1773325412.93764687,0.03606176,6263,0.00047918,0.00000000,0,0.00000000,28534,28556,41,0.00171426
1773325413.03774905,0.03146510,6247,0.00057335,0.00000000,0,0.00000000,28556,28572,42,0.00113697
1773325413.13780594,0.03385954,6264,0.00057201,0.00000000,0,0.00000000,28572,28602,42,0.00082833
1773325413.23779082,0.02831015,6262,0.00028880,0.00000000,0,0.00000000,28602,28588,49,0.00136932
1773325413.33775067,0.03629672,6275,0.00026803,0.00000000,0,0.00000000,28588,28612,56,0.00106570
1773325413.43773603,0.03041472,6245,0.00041640,0.00000000,0,0.00000000,28612,28633,43,0.00205101
1773325413.53758216,0.03262965,6305,0.00019917,0.00000000,0,0.00000000,28633,28636,39,0.00216384
1773325413.63774204,0.02844956,6287,0.00048775,0.00000000,0,0.00000000,28636,28666,49,0.00226876
1773325413.73776937,0.02743406,6224,0.00038318,0.00000000,0,0.00000000,28666,28682,30,0.00150881
1773325413.83759046,0.02592929,6261,0.00035870,0.00000000,0,0.00000000,28682,28682,24,0.00229214
1773325413.93758798,0.02550166,6268,0.00025734,0.00000000,0,0.00000000,28682,28705,39,0.00120711
1773325414.03759170,0.03287319,6289,0.00015276,0.00000000,0,0.00000000,28705,28726,31,0.00208121
1773325414.13763428,0.03452439,6219,0.00016276,0.00000000,0,0.00000000,28726,28724,33,0.00337802
1773325414.23767400,0.01894621,6182,0.00019693,0.00000000,0,0.00000000,28724,28709,43,0.00236719
1773325414.33762097,0.03517065,6217,0.00081083,0.00000000,0,0.00000000,28709,28690,35,0.00241210
1773325414.43766904,0.02805891,6216,0.00016275,0.00000000,0,0.00000000,28690,28698,42,0.00109855
1773325414.53785944,0.03079854,6271,0.00030529,0.00000000,0,0.00000000,28698,28712,38,0.00079509
1773325414.63777375,0.02574999,6267,0.00056073,0.00000000,0,0.00000000,28712,28684,36,0.00117998
1773325414.73773813,0.03040161,6216,0.00011111,0.00000000,0,0.00000000,28684,28700,30,0.00188949
1773325414.83757615,0.02876071,6279,0.00051651,0.00000000,0,0.00000000,28700,28683,46,0.00253452
1773325414.93759537,0.02901414,6271,0.00048882,0.00000000,0,0.00000000,28683,28701,40,0.00083087
1773325415.03758669,0.03399669,6321,0.00022953,0.00000000,0,0.00000000,28701,28708,43,0.00277350
1773325415.13770270,0.03856648,6275,0.00025926,0.00000000,0,0.00000000,28708,28718,57,0.00141879
1773325415.23783231,0.03125873,6264,0.00066183,0.00000000,0,0.00000000,28718,28737,39,0.00155490
1773325415.33774900,0.01635529,6221,0.00049155,0.00000000,0,0.00000000,28737,28748,44,0.00284339
1773325415.43762016,0.02718577,6271,0.00063959,0.00000000,0,0.00000000,28748,28776,55,0.00237450
1773325415.53760982,0.03322875,6247,0.00030286,0.00000000,0,0.00000000,28776,28799,44,0.00098253
1773325415.63760638,0.03503405,6255,0.00022434,0.00000000,0,0.00000000,28799,28794,44,0.00176933
1773325415.73759079,0.01808970,6236,0.00037086,0.00000000,0,0.00000000,28794,28810,44,0.00107277
1773325415.83768630,0.02540379,6240,0.00068375,0.00000000,0,0.00000000,28810,28793,33,0.00276662
1773325415.93776083,0.02737523,6194,0.00015575,0.00000000,0,0.00000000,28793,28819,56,0.00114904
1773325416.03768325,0.03384764,6254,0.00050415,0.00000000,0,0.00000000,28819,28844,42,0.00274026
1773325416.13774657,0.02561539,6198,0.00058721,0.00000000,0,0.00000000,28844,28858,55,0.00083586
1773325416.23768377,0.02454487,6236,0.00014850,0.00000000,0,0.00000000,28858,28852,37,0.00245743
1773325416.33771157,0.03104894,6189,0.00024135,0.00000000,0,0.00000000,28852,28863,47,0.00189583
1773325416.43762350,0.02508856,6216,0.00046881,0.00000000,0,0.00000000,28863,28866,34,0.00092127
1773325416.53761482,0.03407814,6157,0.00060149,0.00000000,0,0.00000000,28866,28876,51,0.00264596
1773325416.63760972,0.03033681,6213,0.00054249,0.00000000,0,0.00000000,28876,28879,38,0.00160217
1773325416.73763633,0.02708151,6195,0.00022359,0.00000000,0,0.00000000,28879,28863,39,0.00089806
1773325416.83762455,0.03073010,6194,0.00038590,0.00000000,0,0.00000000,28863,28870,35,0.00285818
1773325416.93768811,0.02682960,6138,0.00054594,0.00000000,0,0.00000000,28870,28883,49,0.00209719
1773325417.03762889,0.03279908,6196,0.00018868,0.00000000,0,0.00000000,28883,28899,42,0.00362314
1773325417.13756847,0.02352332,6223,0.00020018,0.00000000,0,0.00000000,28899,28903,42,0.00258754
1773325417.23760819,0.01704282,6223,0.00022693,0.00000000,0,0.00000000,28903,28912,46,0.00138274
1773325417.33761621,0.02679673,6258,0.00052148,0.00000000,0,0.00000000,28912,28913,35,0.00251553
1773325417.43765163,0.02583208,6242,0.00017493,0.00000000,0,0.00000000,28913,28933,41,0.00098393
1773325417.53761196,0.02953355,6256,0.00053497,0.00000000,0,0.00000000,28933,28931,40,0.00278584
1773325417.63769245,0.02561715,6251,0.00035190,0.00000000,0,0.00000000,28931,28947,30,0.00124189
1773325417.73767281,0.02745929,6228,0.00023286,0.00000000,0,0.00000000,28947,28945,36,0.00182088
1773325417.83761120,0.03163267,6208,0.00081941,0.00000000,0,0.00000000,28945,28934,35,0.00173192
1773325417.93771410,0.02661425,6221,0.00058736,0.00000000,0,0.00000000,28934,28931,37,0.00112932
1773325418.03762150,0.03179482,6232,0.00032180,0.00000000,0,0.00000000,28931,28885,32,0.00189797
1773325418.13762903,0.02682953,6192,0.00061200,0.00000000,0,0.00000000,28885,28886,48,0.00208591
1773325418.23761630,0.03286014,6215,0.00053903,0.00000000,0,0.00000000,28886,28891,39,0.00081451
1773325418.33754921,0.02361659,6229,0.00037544,0.00000000,0,0.00000000,28891,28912,39,0.00176961
1773325418.43757176,0.02894092,6242,0.00037078,0.00000000,0,0.00000000,28912,28916,33,0.00086487
1773325418.53769755,0.02701990,6219,0.00081282,0.00000000,0,0.00000000,28916,28899,51,0.00190738
1773325418.63764334,0.01798952,6196,0.00022885,0.00000000,0,0.00000000,28899,28918,28,0.00303194
1773325418.73752618,0.01388729,6223,0.00024042,0.00000000,0,0.00000000,28918,28922,27,0.00183462
1773325418.83747745,0.02552395,6237,0.00018293,0.00000000,0,0.00000000,28922,28937,38,0.00077508
1773325418.93770361,0.02967795,6186,0.00041808,0.00000000,0,0.00000000,28937,28951,40,0.00210866
1773325419.03748465,0.02461657,6189,0.00027531,0.00000000,0,0.00000000,28951,28937,40,0.00089133
1773325419.13748312,0.02415571,6219,0.00014671,0.00000000,0,0.00000000,28937,28940,35,0.00159773
1773325419.23801923,0.03059435,6143,0.00016981,0.00000000,0,0.00000000,28940,28923,30,0.00170615
1773325419.33752346,0.02024951,6185,0.00056834,0.00000000,0,0.00000000,28923,28917,37,0.00129149
1773325419.43748593,0.02754846,6206,0.00018375,0.00000000,0,0.00000000,28917,28919,33,0.00313957
1773325419.53747606,0.02600584,6223,0.00044078,0.00000000,0,0.00000000,28919,28901,24,0.00248840
1773325419.63761854,0.02372075,6168,0.00046289,0.00000000,0,0.00000000,28901,28898,37,0.00084499
1773325419.73767686,0.03257667,6168,0.00013377,0.00000000,0,0.00000000,28898,28911,29,0.00180452
1773325419.83771062,0.05750819,6125,0.00049025,0.00000000,0,0.00000000,28911,28920,36,0.00179686
1773325419.93749380,0.03962432,6228,0.00120397,0.00000000,0,0.00000000,28920,28891,30,0.00166842
1773325420.03761244,0.03122637,6092,0.00023838,0.00000000,0,0.00000000,28891,28916,35,0.00359639
1773325420.13745999,0.03777115,6087,0.00077822,0.00000000,0,0.00000000,28916,28916,34,0.00132290
1773325420.23747730,0.01357619,6066,0.00010283,0.00000000,0,0.00000000,28916,28932,34,0.00461413
1773325420.33764696,0.03280883,6029,0.00063688,0.00000000,0,0.00000000,28932,28915,48,0.00136716
1773325420.43750763,0.02769660,5988,0.00017396,0.00000000,0,0.00000000,28915,28929,32,0.00278018
1773325420.53752017,0.01424160,6020,0.00017076,0.00000000,0,0.00000000,28929,28943,43,0.00124936
1773325420.63753772,0.02482398,5978,0.00032796,0.00000000,0,0.00000000,28943,28957,23,0.00280564
1773325420.73755932,0.02686911,5946,0.00046662,0.00000000,0,0.00000000,28957,28966,29,0.00180877
1773325420.83758616,0.02858087,6035,0.00013760,0.00000000,0,0.00000000,28966,28979,31,0.00157182
1773325420.93760967,0.02799721,5968,0.00026250,0.00000000,0,0.00000000,28979,28991,22,0.00302356
1773325421.03759098,0.02521160,6020,0.00016129,0.00000000,0,0.00000000,28991,28997,33,0.00081400
1773325421.13757610,0.02501770,5979,0.00067054,0.00000000,0,0.00000000,28997,29004,44,0.00305584
1773325421.23768115,0.02684422,6035,0.00058217,0.00000000,0,0.00000000,29004,29016,43,0.00305513
1773325421.33760452,0.02982343,6056,0.00040755,0.00000000,0,0.00000000,29016,29034,37,0.00116673
1773325421.43755198,0.02307526,6037,0.00014467,0.00000000,0,0.00000000,29034,29045,30,0.00338031
1773325421.53743839,0.03122818,6073,0.00023925,0.00000000,0,0.00000000,29045,29060,34,0.00095275
1773325421.63747644,0.02137053,6096,0.00013494,0.00000000,0,0.00000000,29060,29069,34,0.00204320
1773325421.73747039,0.01800773,6110,0.00019865,0.00000000,0,0.00000000,29069,29092,40,0.00193116
1773325421.83753943,0.02846570,6150,0.00059215,0.00000000,0,0.00000000,29092,29078,38,0.00313562
1773325421.93766427,0.02613686,6196,0.00039427,0.00000000,0,0.00000000,29078,29094,35,0.00164071
1773325422.03754067,0.02472032,6209,0.00021049,0.00000000,0,0.00000000,29094,29109,57,0.00323493
1773325422.13758063,0.01509426,6232,0.00031159,0.00000000,0,0.00000000,29109,29127,44,0.00089541
1773325422.23749495,0.02491950,6244,0.00084399,0.00000000,0,0.00000000,29127,29134,45,0.00116846
1773325422.33744478,0.02665639,6238,0.00065184,0.00000000,0,0.00000000,29134,29138,40,0.00219883
1773325422.43747115,0.03211296,6259,0.00065718,0.00000000,0,0.00000000,29138,29149,56,0.00223153
1773325422.53752327,0.01783835,6293,0.00036548,0.00000000,0,0.00000000,29149,29163,32,0.00122513
1773325422.63754940,0.02919030,6269,0.00048859,0.00000000,0,0.00000000,29163,29172,39,0.00195523
1773325422.73762918,0.02678956,6290,0.00030739,0.00000000,0,0.00000000,29172,29168,48,0.00330708
1773325422.83764243,0.03107758,6280,0.00017443,0.00000000,0,0.00000000,29168,29179,25,0.00150711
1773325422.93754840,0.02522099,6297,0.00026628,0.00000000,0,0.00000000,29179,29191,34,0.00154913
1773325423.03751135,0.02697832,6272,0.00039794,0.00000000,0,0.00000000,29191,29172,29,0.00246209
1773325423.13756752,0.02466753,6241,0.00038378,0.00000000,0,0.00000000,29172,29142,43,0.00284140
1773325423.23760581,0.01146393,6304,0.00012659,0.00000000,0,0.00000000,29142,29142,39,0.00208210
1773325423.33756661,0.02813281,6293,0.00043113,0.00000000,0,0.00000000,29142,29157,39,0.00391531
1773325423.43761468,0.02780812,6329,0.00012671,0.00000000,0,0.00000000,29157,29170,25,0.00186300
1773325423.53762579,0.02601515,6334,0.00060017,0.00000000,0,0.00000000,29170,29194,37,0.00170140
1773325423.63756156,0.02497624,6341,0.00015982,0.00000000,0,0.00000000,29194,29205,34,0.00166352
1773325423.73755598,0.02699985,6355,0.00024956,0.00000000,0,0.00000000,29205,29193,31,0.00170624
1773325423.83755326,0.02401030,6363,0.00033366,0.00000000,0,0.00000000,29193,29192,26,0.00270009
1773325423.93759513,0.01710205,6351,0.00012772,0.00000000,0,0.00000000,29192,29211,35,0.00124163
1773325424.03747988,0.01922040,6339,0.00063442,0.00000000,0,0.00000000,29211,29201,43,0.00182554
1773325424.13749599,0.02231007,6370,0.00011102,0.00000000,0,0.00000000,29201,29202,26,0.00127074
1773325424.23767543,0.01599598,6352,0.00006873,0.00000000,0,0.00000000,29202,29211,24,0.00256410
1773325424.33740425,0.01236281,6388,0.00022607,0.00000000,0,0.00000000,29211,29218,34,0.00150788
1773325424.43744588,0.01244374,6363,0.00012672,0.00000000,0,0.00000000,29218,29235,32,0.00176053
1773325424.53748631,0.01313205,6401,0.00019579,0.00000000,0,0.00000000,29235,29231,36,0.00154613
1773325424.63746786,0.01098781,6412,0.00008624,0.00000000,0,0.00000000,29231,29241,25,0.00083669
1773325424.73768067,0.01226590,6354,0.00017475,0.00000000,0,0.00000000,29241,29255,27,0.00116739
1773325424.83744144,0.02192870,6450,0.00027564,0.00000000,0,0.00000000,29255,29264,22,0.00239515
1773325424.93759799,0.01679003,6385,0.00010445,0.00000000,0,0.00000000,29264,29273,22,0.00208890
1773325425.03738856,0.02428511,6453,0.00016066,0.00000000,0,0.00000000,29273,29237,26,0.00191672
1773325425.13757157,0.01817099,6422,0.00020433,0.00000000,0,0.00000000,29237,29252,20,0.00079067
1773325425.23757744,0.02055707,6428,0.00051210,0.00000000,0,0.00000000,29252,29250,36,0.00078940
1773325425.33759642,0.02572779,6411,0.00021864,0.00000000,0,0.00000000,29250,29263,25,0.00281446
1773325425.43756008,0.01766663,6409,0.00013159,0.00000000,0,0.00000000,29263,29266,31,0.00193963
1773325425.53753448,0.02140844,6417,0.00008364,0.00000000,0,0.00000000,29266,29266,22,0.00109163
1773325425.63750958,0.02717634,6384,0.00012185,0.00000000,0,0.00000000,29266,29270,27,0.00206086
1773325425.73746514,0.02211004,6397,0.00035206,0.00000000,0,0.00000000,29270,29283,37,0.00204262
1773325425.83747768,0.02375910,6368,0.00063978,0.00000000,0,0.00000000,29283,29275,33,0.00268776
1773325425.93742442,0.01903942,6393,0.00019285,0.00000000,0,0.00000000,29275,29295,30,0.00319971
1773325426.03743744,0.02517126,6361,0.00063976,0.00000000,0,0.00000000,29295,29303,30,0.00173670
1773325426.13741064,0.02678444,6377,0.00046333,0.00000000,0,0.00000000,29303,29319,31,0.00281707
1773325426.23755383,0.01610755,6363,0.00020607,0.00000000,0,0.00000000,29319,29326,40,0.00075652
1773325426.33754802,0.02252469,6378,0.00071702,0.00000000,0,0.00000000,29326,29313,35,0.00219888
1773325426.43752122,0.02357094,6363,0.00015553,0.00000000,0,0.00000000,29313,29325,34,0.00125394
1773325426.53752518,0.02530661,6349,0.00043907,0.00000000,0,0.00000000,29325,29331,29,0.00125219
1773325426.63752484,0.02162196,6354,0.00037765,0.00000000,0,0.00000000,29331,29341,29,0.00091773
1773325426.73754501,0.02447845,6352,0.00015411,0.00000000,0,0.00000000,29341,29344,31,0.00159648
1773325426.83756042,0.02636270,6340,0.00032534,0.00000000,0,0.00000000,29344,29352,36,0.00298240
1773325426.93747377,0.02012516,6361,0.00007466,0.00000000,0,0.00000000,29352,29361,25,0.00105531
1773325427.03747129,0.02616835,6362,0.00018856,0.00000000,0,0.00000000,29361,29376,35,0.00307420
1773325427.13751197,0.02576303,6331,0.00037098,0.00000000,0,0.00000000,29376,29388,38,0.00277552
1773325427.23755717,0.02306408,6353,0.00045764,0.00000000,0,0.00000000,29388,29394,36,0.00155159
1773325427.33776093,0.02759407,6341,0.00019803,0.00000000,0,0.00000000,29394,29398,46,0.00174047
1773325427.43768597,0.02155207,6276,0.00044911,0.00000000,0,0.00000000,29398,29385,32,0.00286319
1773325427.53747487,0.02334160,6373,0.00016547,0.00000000,0,0.00000000,29385,29396,33,0.00174305
1773325427.63765430,0.02115912,6326,0.00018034,0.00000000,0,0.00000000,29396,29391,41,0.00262283
1773325427.73747754,0.01531543,6376,0.00009855,0.00000000,0,0.00000000,29391,29404,28,0.00333810
1773325427.83768725,0.02241637,6318,0.00047309,0.00000000,0,0.00000000,29404,29387,26,0.00164854
1773325427.93743086,0.01906768,6384,0.00010161,0.00000000,0,0.00000000,29387,29397,29,0.00278480
1773325428.03759480,0.02889176,6393,0.00023761,0.00000000,0,0.00000000,29397,29404,24,0.00300861
1773325428.13759065,0.01898826,6372,0.00012997,0.00000000,0,0.00000000,29404,29406,19,0.00091387
1773325428.23756886,0.02445066,6373,0.00020347,0.00000000,0,0.00000000,29406,29408,22,0.00114432
1773325428.33754969,0.01728558,6354,0.00024216,0.00000000,0,0.00000000,29408,29412,22,0.00179010
1773325428.43754482,0.02157799,6391,0.00014047,0.00000000,0,0.00000000,29412,29395,23,0.00109614
1773325428.53751874,0.02418218,6383,0.00052395,0.00000000,0,0.00000000,29395,29401,28,0.00171931
1773325428.63749838,0.01859199,6423,0.00045457,0.00000000,0,0.00000000,29401,29358,26,0.00196912
1773325428.73756170,0.02792178,6387,0.00013552,0.00000000,0,0.00000000,29358,29377,25,0.00113119
1773325428.83748126,0.02417777,6426,0.00045791,0.00000000,0,0.00000000,29377,29392,30,0.00179630
1773325428.93777752,0.01661525,6358,0.00024898,0.00000000,0,0.00000000,29392,29407,25,0.00178868
1773325429.03752780,0.02389416,6425,0.00024561,0.00000000,0,0.00000000,29407,29419,27,0.00256010
1773325429.13762069,0.02450177,6403,0.00011776,0.00000000,0,0.00000000,29419,29427,32,0.00254379
1773325429.23757887,0.01371191,6417,0.00009430,0.00000000,0,0.00000000,29427,29428,32,0.00113145
1773325429.33754444,0.02631298,6429,0.00033398,0.00000000,0,0.00000000,29428,29434,25,0.00265122
1773325429.43752027,0.02052643,6420,0.00019872,0.00000000,0,0.00000000,29434,29437,30,0.00103850
1773325429.53748870,0.02796300,6444,0.00017487,0.00000000,0,0.00000000,29437,29423,33,0.00300143
1773325429.63761687,0.02066885,6431,0.00030836,0.00000000,0,0.00000000,29423,29433,23,0.00138475
1773325429.73762226,0.01933910,6424,0.00023239,0.00000000,0,0.00000000,29433,29435,29,0.00325084
1773325429.83763719,0.03040047,6397,0.00011296,0.00000000,0,0.00000000,29435,29441,19,0.00175391
1773325429.93863106,0.02352582,6422,0.00009631,0.00000000,0,0.00000000,29441,29449,13,0.00094590
1773325430.03760648,0.02677878,6417,0.00029452,0.00000000,0,0.00000000,29449,29458,18,0.00182016
1773325430.13758206,0.02599070,6413,0.00030077,0.00000000,0,0.00000000,29458,29469,23,0.00184506
1773325430.23755360,0.02634648,6423,0.00019536,0.00000000,0,0.00000000,29469,29461,19,0.00196274
1773325430.33754396,0.02752510,6415,0.00024817,0.00000000,0,0.00000000,29461,29475,27,0.00179727
1773325430.43751931,0.02252498,6452,0.00037067,0.00000000,0,0.00000000,29475,29470,24,0.00092107
1773325430.53802872,0.02656126,6373,0.00012898,0.00000000,0,0.00000000,29470,29475,26,0.00181939
1773325430.63753724,0.02141457,6366,0.00009216,0.00000000,0,0.00000000,29475,29485,21,0.00216356
1773325430.73748922,0.01158584,6319,0.00007813,0.00000000,0,0.00000000,29485,29488,23,0.00102787
1773325430.83734417,0.02334990,6399,0.00033106,0.00000000,0,0.00000000,29488,29490,32,0.00289297
1773325430.93748736,0.01854727,6314,0.00019946,0.00000000,0,0.00000000,29490,29502,34,0.00092672
1773325431.03752470,0.02147544,6254,0.00020470,0.00000000,0,0.00000000,29502,29474,23,0.00168547
1773325431.13749242,0.01969415,6234,0.00030763,0.00000000,0,0.00000000,29474,29482,30,0.00104678
1773325431.23755527,0.02098578,6173,0.00038677,0.00000000,0,0.00000000,29482,29473,23,0.00193006
1773325431.33757567,0.02319599,6133,0.00041610,0.00000000,0,0.00000000,29473,29479,22,0.00248615
1773325431.43802810,0.01906911,6151,0.00029342,0.00000000,0,0.00000000,29479,29475,26,0.00276217
1773325431.53804374,0.02331543,6136,0.00011598,0.00000000,0,0.00000000,29475,29468,27,0.00181871
1773325431.63799953,0.02370577,6110,0.00029797,0.00000000,0,0.00000000,29468,29463,20,0.00157178
1773325431.73752093,0.02097694,6108,0.00011729,0.00000000,0,0.00000000,29463,29469,26,0.00102468
1773325431.83756161,0.02308057,6154,0.00021837,0.00000000,0,0.00000000,29469,29471,17,0.00161681
1773325431.93802595,0.01839917,6131,0.00028182,0.00000000,0,0.00000000,29471,29479,29,0.00166734
1773325432.03795385,0.03028753,6131,0.00007908,0.00000000,0,0.00000000,29479,29489,24,0.00095359
1773325432.13796973,0.02751958,6132,0.00011171,0.00000000,0,0.00000000,29489,29487,26,0.00348545
1773325432.23752189,0.01427648,6150,0.00006003,0.00000000,0,0.00000000,29487,29493,20,0.00088532
1773325432.33746910,0.02211528,6133,0.00015324,0.00000000,0,0.00000000,29493,29495,23,0.00320878
1773325432.43802881,0.03068031,6090,0.00041782,0.00000000,0,0.00000000,29495,29499,28,0.00108139
1773325432.53805494,0.02019810,6012,0.00018463,0.00000000,0,0.00000000,29499,29501,20,0.00196983
1773325432.63756371,0.02535133,5983,0.00012325,0.00000000,0,0.00000000,29501,29504,27,0.00170509
1773325432.73803258,0.03001665,5982,0.00032649,0.00000000,0,0.00000000,29504,29512,27,0.00204604
1773325432.83810925,0.02820861,5936,0.00030359,0.00000000,0,0.00000000,29512,29520,26,0.00330835
1773325432.93801832,0.03355971,5974,0.00012784,0.00000000,0,0.00000000,29520,29536,31,0.00160276
1773325433.03807831,0.02728737,5934,0.00211530,0.00000000,0,0.00000000,29536,29494,37,0.00159555
1773325433.13827562,0.02366018,5984,0.00014266,0.00000000,0,0.00000000,29494,29355,39,0.00290107
1773325433.23834515,0.02114040,5957,0.00028952,0.00000000,0,0.00000000,29355,29369,30,0.00165075
1773325433.33816528,0.02725698,6017,0.00047531,0.00000000,0,0.00000000,29369,29387,39,0.00207666
1773325433.43793058,0.02512001,6141,0.00048769,0.00000000,0,0.00000000,29387,29393,37,0.00083961
1773325433.53795815,0.02734075,6188,0.00035082,0.00000000,0,0.00000000,29393,29396,29,0.00271337
1773325433.63793659,0.02199542,6202,0.00031536,0.00000000,0,0.00000000,29396,29411,27,0.00190080
1773325433.73794270,0.01265609,6237,0.00010230,0.00000000,0,0.00000000,29411,29424,26,0.00167008
1773325433.83795977,0.02555582,6243,0.00061638,0.00000000,0,0.00000000,29424,29268,46,0.00181712
1773325433.93794632,0.03351228,6268,0.00041482,0.00000000,0,0.00000000,29268,29239,26,0.00084299
1773325434.03795600,0.02656068,6252,0.00038418,0.00000000,0,0.00000000,29239,29254,31,0.00148439
1773325434.13789153,0.02963864,6269,0.00026672,0.00000000,0,0.00000000,29254,29272,36,0.00259501
1773325434.23791146,0.01849637,6284,0.00029433,0.00000000,0,0.00000000,29272,29289,33,0.00187826
1773325434.33791804,0.02349616,6293,0.00021910,0.00000000,0,0.00000000,29289,29269,39,0.00164124
1773325434.43794823,0.02324830,6331,0.00051572,0.00000000,0,0.00000000,29269,29280,47,0.00176464
1773325434.53796577,0.02311068,6310,0.00048072,0.00000000,0,0.00000000,29280,29297,45,0.00150890
1773325434.63746595,0.02714671,6330,0.00015945,0.00000000,0,0.00000000,29297,29269,25,0.00285238
1773325434.73747015,0.02247974,6318,0.00018586,0.00000000,0,0.00000000,29269,29261,38,0.00167647
1773325434.83752060,0.03172774,6347,0.00085897,0.00000000,0,0.00000000,29261,29266,49,0.00106605
1773325434.93796253,0.02557265,6306,0.00048115,0.00000000,0,0.00000000,29266,29269,40,0.00289752
1773325435.03810668,0.02956407,6285,0.00038599,0.00000000,0,0.00000000,29269,29276,44,0.00195718
1773325435.13794684,0.02237482,6305,0.00021558,0.00000000,0,0.00000000,29276,29287,36,0.00170424
1773325435.23749018,0.01533719,6280,0.00011367,0.00000000,0,0.00000000,29287,29305,35,0.00205366
1773325435.33754396,0.02985479,6262,0.00043757,0.00000000,0,0.00000000,29305,29298,40,0.00152699
1773325435.43797827,0.02618349,6164,0.00028627,0.00000000,0,0.00000000,29298,29314,42,0.00263222
1773325435.53801918,0.03150352,6052,0.00038536,0.00000000,0,0.00000000,29314,29319,34,0.00330313
1773325435.63749766,0.03010316,6087,0.00012316,0.00000000,0,0.00000000,29319,29331,28,0.00097399
1773325435.73736119,0.03574805,6096,0.00015115,0.00000000,0,0.00000000,29331,29348,35,0.00207938
1773325435.83789635,0.02924035,6114,0.00014680,0.00000000,0,0.00000000,29348,29359,37,0.00262061
1773325435.93789220,0.03247828,6081,0.00039267,0.00000000,0,0.00000000,29359,29368,39,0.00256369
1773325436.03794289,0.02604431,6142,0.00016400,0.00000000,0,0.00000000,29368,29363,30,0.00166014
1773325436.13792849,0.02661158,6084,0.00017897,0.00000000,0,0.00000000,29363,29374,33,0.00086455
1773325436.23748779,0.03205435,6131,0.00046735,0.00000000,0,0.00000000,29374,29380,38,0.00237316
1773325436.33786798,0.03287219,6115,0.00018943,0.00000000,0,0.00000000,29380,29390,45,0.00137356
1773325436.43797398,0.03674805,6129,0.00168055,0.00000000,0,0.00000000,29390,29225,36,0.00171901
1773325436.53798366,0.03238703,6067,0.00013584,0.00000000,0,0.00000000,29225,29232,35,0.00237747
1773325436.63746977,0.02485739,6168,0.00056298,0.00000000,0,0.00000000,29232,29238,37,0.00283444
1773325436.73803234,0.01934525,6084,0.00008204,0.00000000,0,0.00000000,29238,29252,25,0.00238409
1773325436.83807588,0.03265910,6111,0.00039447,0.00000000,0,0.00000000,29252,29252,34,0.00263702
1773325436.93743992,0.03178348,6160,0.00020135,0.00000000,0,0.00000000,29252,29261,50,0.00169321
1773325437.03802752,0.03363925,6122,0.00022886,0.00000000,0,0.00000000,29261,29269,24,0.00158349
1773325437.13794732,0.03504687,6120,0.00039934,0.00000000,0,0.00000000,29269,29286,35,0.00090427
1773325437.23786640,0.03961546,6091,0.00021007,0.00000000,0,0.00000000,29286,29305,46,0.00102611
1773325437.33791327,0.03069655,6152,0.00034077,0.00000000,0,0.00000000,29305,29296,33,0.00198725
1773325437.43792748,0.03180546,6160,0.00036064,0.00000000,0,0.00000000,29296,29303,33,0.00200635
1773325437.53802204,0.03423848,6147,0.00042332,0.00000000,0,0.00000000,29303,29313,37,0.00204234
1773325437.63793254,0.03780021,6097,0.00018892,0.00000000,0,0.00000000,29313,29340,45,0.00092985
1773325437.73745775,0.03345067,6169,0.00063891,0.00000000,0,0.00000000,29340,29340,45,0.00306873
1773325437.83811569,0.03501035,6112,0.00051521,0.00000000,0,0.00000000,29340,29359,49,0.00103474
1773325437.93810081,0.03469934,6126,0.00048693,0.00000000,0,0.00000000,29359,29379,50,0.00267733
1773325438.03805685,0.04135059,6101,0.00016938,0.00000000,0,0.00000000,29379,29380,46,0.00170265
1773325438.13734150,0.04044080,6170,0.00018066,0.00000000,0,0.00000000,29380,29384,44,0.00283645
1773325438.23791313,0.02542872,6146,0.00013439,0.00000000,0,0.00000000,29384,29402,44,0.00172554
1773325438.33800960,0.04053577,6108,0.00028399,0.00000000,0,0.00000000,29402,29437,58,0.00293213
1773325438.43784547,0.03216982,6207,0.00038726,0.00000000,0,0.00000000,29437,29445,41,0.00086052
1773325438.53800535,0.03234237,6135,0.00043706,0.00000000,0,0.00000000,29445,29463,50,0.00077631
1773325438.63793397,0.03288705,6169,0.00047548,0.00000000,0,0.00000000,29463,29481,51,0.00086251
1773325438.73789215,0.03636526,6168,0.00054291,0.00000000,0,0.00000000,29481,29500,46,0.00198459
1773325438.83797550,0.03901139,6134,0.00035594,0.00000000,0,0.00000000,29500,29518,39,0.00187311
1773325438.93781590,0.03518387,6169,0.00013149,0.00000000,0,0.00000000,29518,29533,40,0.00129827
1773325439.03780746,0.03257689,6162,0.00044195,0.00000000,0,0.00000000,29533,29552,38,0.00337143
1773325439.13791227,0.03844479,6154,0.00060155,0.00000000,0,0.00000000,29552,29558,47,0.00160122
1773325439.23793483,0.03482791,6178,0.00071326,0.00000000,0,0.00000000,29558,29568,49,0.00191395
1773325439.33801389,0.03462416,6144,0.00037922,0.00000000,0,0.00000000,29568,29581,38,0.00270393
1773325439.43785620,0.03505657,6158,0.00041535,0.00000000,0,0.00000000,29581,29598,39,0.00238499
1773325439.53792691,0.05425473,6155,0.00025926,0.00000000,0,0.00000000,29598,29591,49,0.00253283
1773325439.63811302,0.04054808,6114,0.00018948,0.00000000,0,0.00000000,29591,29581,43,0.00288602
1773325439.73784924,0.02665679,6155,0.00027120,0.00000000,0,0.00000000,29581,29559,57,0.00164757
1773325439.83793116,0.04035721,6088,0.00025593,0.00000000,0,0.00000000,29559,29578,45,0.00237564
1773325439.93786049,0.04892105,6133,0.00068195,0.00000000,0,0.00000000,29578,29566,53,0.00180876
1773325440.03795886,0.04479072,6098,0.00048921,0.00000000,0,0.00000000,29566,29575,45,0.00083578
1773325440.13789415,0.03587647,6107,0.00052253,0.00000000,0,0.00000000,29575,29588,51,0.00134120
1773325440.23794532,0.04443608,6120,0.00045741,0.00000000,0,0.00000000,29588,29590,48,0.00083223
1773325440.33793211,0.03941110,6123,0.00039766,0.00000000,0,0.00000000,29590,29602,31,0.00185899
1773325440.43792009,0.04135280,6117,0.00047679,0.00000000,0,0.00000000,29602,29622,56,0.00087709
1773325440.53749919,0.04459105,6162,0.00021200,0.00000000,0,0.00000000,29622,29638,50,0.00231985
1773325440.63894296,0.03631182,6087,0.00045410,0.00000000,0,0.00000000,29638,29647,45,0.00323742
1773325440.73790121,0.03802986,6118,0.00068740,0.00000000,0,0.00000000,29647,29628,44,0.00222130
1773325440.83797002,0.04111539,6081,0.00021934,0.00000000,0,0.00000000,29628,29660,54,0.00223650
1773325440.93782187,0.03842720,6125,0.00036237,0.00000000,0,0.00000000,29660,29676,33,0.00297505
1773325441.03799725,0.03680245,6072,0.00015610,0.00000000,0,0.00000000,29676,29683,40,0.00128968
1773325441.13787127,0.04011095,6107,0.00022024,0.00000000,0,0.00000000,29683,29693,39,0.00313744
1773325441.23784900,0.02686394,6136,0.00026835,0.00000000,0,0.00000000,29693,29709,54,0.00097727
1773325441.33794141,0.02184297,6108,0.00020583,0.00000000,0,0.00000000,29709,29710,46,0.00260163
1773325441.43792081,0.03473355,6156,0.00022094,0.00000000,0,0.00000000,29710,29722,51,0.00093193
1773325441.53798223,0.03419369,6143,0.00065040,0.00000000,0,0.00000000,29722,29729,51,0.00105832
1773325441.63891697,0.03697739,6093,0.00020974,0.00000000,0,0.00000000,29729,29746,54,0.00100338
1773325441.73784328,0.03623092,6135,0.00061921,0.00000000,0,0.00000000,29746,29764,52,0.00084328
1773325441.83792210,0.03154267,6111,0.00051015,0.00000000,0,0.00000000,29764,29774,50,0.00190829
1773325441.93798280,0.04879296,6133,0.00068693,0.00000000,0,0.00000000,29774,29766,50,0.00173141
1773325442.03806019,0.04665161,6096,0.00054006,0.00000000,0,0.00000000,29766,29783,49,0.00194985
1773325442.13908315,0.05321262,6115,0.00059214,0.00000000,0,0.00000000,29783,29800,39,0.00182339
1773325442.23901892,0.05049188,6075,0.00055213,0.00000000,0,0.00000000,29800,29815,58,0.00179454
1773325442.33793759,0.04910772,6127,0.00028558,0.00000000,0,0.00000000,29815,29836,59,0.00119059
1773325442.43794250,0.03884779,6144,0.00063053,0.00000000,0,0.00000000,29836,29839,67,0.00163531
1773325442.53786826,0.03986201,6125,0.00075584,0.00000000,0,0.00000000,29839,29839,56,0.00381979
1773325442.63787603,0.03828926,6158,0.00249873,0.00000000,0,0.00000000,29839,29834,66,0.00348229
1773325442.73792005,0.02464617,6135,0.00017318,0.00000000,0,0.00000000,29834,29858,45,0.00330757
1773325442.83799291,0.04012772,6101,0.00062396,0.00000000,0,0.00000000,29858,29883,63,0.00197147
1773325442.93778825,0.04097109,6147,0.00088733,0.00000000,0,0.00000000,29883,29892,64,0.00279147
1773325443.03781319,0.04148499,6126,0.00073423,0.00000000,0,0.00000000,29892,29888,57,0.00272763
1773325443.13795590,0.04004645,6173,0.00012729,0.00000000,0,0.00000000,29888,29907,35,0.00080547
1773325443.23795986,0.04429332,6160,0.00060187,0.00000000,0,0.00000000,29907,29910,51,0.00083407
1773325443.33894062,0.04538907,6156,0.00074869,0.00000000,0,0.00000000,29910,29914,63,0.00145287
1773325443.43887711,0.04661784,6183,0.00069338,0.00000000,0,0.00000000,29914,29922,53,0.00195188
1773325443.53782773,0.03899362,6202,0.00081855,0.00000000,0,0.00000000,29922,29920,52,0.00181644
1773325443.63889313,0.05128395,6164,0.00037195,0.00000000,0,0.00000000,29920,29938,53,0.00192122
1773325443.73782921,0.04865030,6159,0.00056374,0.00000000,0,0.00000000,29938,29952,51,0.00095372
1773325443.83805895,0.03085608,6195,0.00017112,0.00000000,0,0.00000000,29952,29980,48,0.00279000
1773325443.93897724,0.04165278,6166,0.00056662,0.00000000,0,0.00000000,29980,29975,40,0.00127262
1773325444.03782344,0.04432460,6180,0.00022314,0.00000000,0,0.00000000,29975,29993,47,0.00099648
1773325444.13790846,0.03789216,6196,0.00023038,0.00000000,0,0.00000000,29993,29987,38,0.00123089
1773325444.23902535,0.02412588,6207,0.00027914,0.00000000,0,0.00000000,29987,29975,39,0.00200728
1773325444.33887339,0.04982153,6213,0.00036929,0.00000000,0,0.00000000,29975,29991,56,0.00200911
1773325444.43899822,0.02898228,6187,0.00062706,0.00000000,0,0.00000000,29991,30012,39,0.00119503
1773325444.53892207,0.04185455,6168,0.00037063,0.00000000,0,0.00000000,30012,30026,38,0.00100630
1773325444.63779902,0.03595441,6211,0.00042847,0.00000000,0,0.00000000,30026,30031,36,0.00098211
1773325444.73786497,0.03290216,6210,0.00026213,0.00000000,0,0.00000000,30031,30030,43,0.00187876
1773325444.83783960,0.03541954,6217,0.00066837,0.00000000,0,0.00000000,30030,30042,45,0.00082037
1773325444.93786693,0.03894164,6218,0.00055567,0.00000000,0,0.00000000,30042,30038,40,0.00234732
1773325445.03792739,0.03426373,6228,0.00027794,0.00000000,0,0.00000000,30038,30053,30,0.00158851
1773325445.13796782,0.03432300,6204,0.00023913,0.00000000,0,0.00000000,30053,30065,41,0.00177144
1773325445.23904204,0.03753922,6228,0.00067688,0.00000000,0,0.00000000,30065,30062,43,0.00156507
1773325445.33895350,0.03504823,6230,0.00019706,0.00000000,0,0.00000000,30062,30065,44,0.00272875
1773325445.43888569,0.03527720,6257,0.00055179,0.00000000,0,0.00000000,30065,30093,44,0.00312032
1773325445.53898787,0.04117116,6165,0.00031880,0.00000000,0,0.00000000,30093,30064,42,0.00207785
1773325445.63790131,0.03756081,6204,0.00014349,0.00000000,0,0.00000000,30064,30073,39,0.00256884
1773325445.73790884,0.02384839,6226,0.00019476,0.00000000,0,0.00000000,30073,30076,50,0.00117163
1773325445.83895707,0.04411971,6184,0.00075965,0.00000000,0,0.00000000,30076,30081,46,0.00261856
1773325445.93789005,0.03728071,6227,0.00039290,0.00000000,0,0.00000000,30081,30093,30,0.00169849
1773325446.03789520,0.03692667,6207,0.00045813,0.00000000,0,0.00000000,30093,30105,45,0.00200984
1773325446.13889170,0.03561713,6191,0.00048033,0.00000000,0,0.00000000,30105,30117,39,0.00080507
1773325446.23784542,0.03732924,6212,0.00018621,0.00000000,0,0.00000000,30117,30128,43,0.00264973
1773325446.33778143,0.03338968,6204,0.00047362,0.00000000,0,0.00000000,30128,30147,38,0.00309432
1773325446.43785405,0.04133828,6220,0.00027354,0.00000000,0,0.00000000,30147,30119,48,0.00276121
1773325446.53891778,0.02997241,6171,0.00057646,0.00000000,0,0.00000000,30119,30130,53,0.00295655
1773325446.63785076,0.03506285,6230,0.00048695,0.00000000,0,0.00000000,30130,30145,47,0.00093734
1773325446.73893285,0.04776786,6209,0.00050225,0.00000000,0,0.00000000,30145,30142,45,0.00211148
1773325446.83893490,0.03813092,6204,0.00062277,0.00000000,0,0.00000000,30142,30162,52,0.00088672
1773325446.93888927,0.04091702,6200,0.00024734,0.00000000,0,0.00000000,30162,30165,45,0.00382126
1773325447.03882241,0.03973340,6210,0.00051212,0.00000000,0,0.00000000,30165,30179,44,0.00176389
1773325447.13887787,0.03638587,6235,0.00045803,0.00000000,0,0.00000000,30179,30173,63,0.00373137
1773325447.23893881,0.02579828,6208,0.00017005,0.00000000,0,0.00000000,30173,30194,56,0.00398567
1773325447.33899617,0.02070871,6168,0.00015757,0.00000000,0,0.00000000,30194,30209,43,0.00095079
1773325447.43787766,0.03685199,6188,0.00044557,0.00000000,0,0.00000000,30209,30209,37,0.00201037
1773325447.53889966,0.03044727,6240,0.00047224,0.00000000,0,0.00000000,30209,30224,48,0.00375486
1773325447.63894963,0.03431288,6226,0.00071348,0.00000000,0,0.00000000,30224,30208,37,0.00110493
1773325447.73895216,0.03833365,6191,0.00026110,0.00000000,0,0.00000000,30208,30213,60,0.00112126
1773325447.83883691,0.02972485,6232,0.00078511,0.00000000,0,0.00000000,30213,30235,58,0.00180175
1773325447.93884397,0.03500662,6222,0.00054130,0.00000000,0,0.00000000,30235,30230,35,0.00139559
1773325448.03893042,0.03562957,6207,0.00038776,0.00000000,0,0.00000000,30230,30253,41,0.00094605
1773325448.13773847,0.04290148,6174,0.00042681,0.00000000,0,0.00000000,30253,30271,40,0.00151436
1773325448.23781419,0.04171026,6206,0.00056044,0.00000000,0,0.00000000,30271,30266,48,0.00182732
1773325448.33887696,0.03296399,6219,0.00065724,0.00000000,0,0.00000000,30266,30266,59,0.00090637
1773325448.43784809,0.03898553,6185,0.00031265,0.00000000,0,0.00000000,30266,30285,42,0.00236455
1773325448.53881526,0.03832058,6219,0.00058375,0.00000000,0,0.00000000,30285,30298,44,0.00156296
1773325448.63882041,0.02649967,6216,0.00038206,0.00000000,0,0.00000000,30298,30312,39,0.00204133
1773325448.73899126,0.02410973,6227,0.00021736,0.00000000,0,0.00000000,30312,30326,40,0.00267241
1773325448.83891439,0.02312173,6211,0.00019723,0.00000000,0,0.00000000,30326,30337,32,0.00118719
1773325448.93897486,0.03357865,6174,0.00021805,0.00000000,0,0.00000000,30337,30351,45,0.00312809
1773325449.03780174,0.03370682,6193,0.00055748,0.00000000,0,0.00000000,30351,30363,48,0.00244997
1773325449.13784075,0.03543940,6182,0.00017893,0.00000000,0,0.00000000,30363,30353,39,0.00174938
1773325449.23895383,0.02730171,6174,0.00045353,0.00000000,0,0.00000000,30353,30364,43,0.00091537
1773325449.33780384,0.04046283,6201,0.00016871,0.00000000,0,0.00000000,30364,30376,36,0.00183799
1773325449.43880177,0.03657590,6226,0.00049669,0.00000000,0,0.00000000,30376,30398,48,0.00176423
1773325449.53886890,0.03624687,6198,0.00050600,0.00000000,0,0.00000000,30398,30400,40,0.00303727
1773325449.63775539,0.03779335,6230,0.00050207,0.00000000,0,0.00000000,30400,30398,38,0.00298726
1773325449.73779678,0.03494645,6181,0.00042845,0.00000000,0,0.00000000,30398,30417,38,0.00085779
1773325449.83884120,0.04202749,6218,0.00034444,0.00000000,0,0.00000000,30417,30414,50,0.00122215
1773325449.93881440,0.02803814,6199,0.00029031,0.00000000,0,0.00000000,30414,30406,23,0.00129940
1773325450.03887153,0.03452862,6174,0.00034354,0.00000000,0,0.00000000,30406,30421,32,0.00192491
1773325450.13786459,0.03129435,6213,0.00042876,0.00000000,0,0.00000000,30421,30428,34,0.00212537
1773325450.23885822,0.01682477,6197,0.00016791,0.00000000,0,0.00000000,30428,30393,28,0.00128312
1773325450.33889031,0.02967769,6222,0.00052987,0.00000000,0,0.00000000,30393,30390,44,0.00170362
1773325450.43887544,0.03470501,6152,0.00044918,0.00000000,0,0.00000000,30390,30399,35,0.00146137
1773325450.53778934,0.03840935,6165,0.00049359,0.00000000,0,0.00000000,30399,30410,52,0.00120263
1773325450.63874745,0.03143311,6150,0.00049092,0.00000000,0,0.00000000,30410,30401,34,0.00092878
1773325450.73781538,0.03349937,6207,0.00037856,0.00000000,0,0.00000000,30401,30411,39,0.00079247
1773325450.83881950,0.03595170,6217,0.00069540,0.00000000,0,0.00000000,30411,30415,47,0.00245038
1773325450.93890190,0.03203657,6227,0.00067748,0.00000000,0,0.00000000,30415,30426,44,0.00140668
1773325451.03779507,0.03739421,6246,0.00023493,0.00000000,0,0.00000000,30426,30432,49,0.00222222
1773325451.13782430,0.03445065,6249,0.00095626,0.00000000,0,0.00000000,30432,30409,46,0.00117585
1773325451.23872042,0.03847493,6217,0.00020597,0.00000000,0,0.00000000,30409,30411,33,0.00209155
1773325451.33882284,0.02735527,6264,0.00048756,0.00000000,0,0.00000000,30411,30416,38,0.00151438
1773325451.43781614,0.03754112,6248,0.00018028,0.00000000,0,0.00000000,30416,30434,39,0.00166789
1773325451.53777957,0.04081906,6260,0.00061502,0.00000000,0,0.00000000,30434,30431,42,0.00296546
1773325451.63778329,0.02254251,6255,0.00046688,0.00000000,0,0.00000000,30431,30449,42,0.00257096
1773325451.73891425,0.02275076,6232,0.00019403,0.00000000,0,0.00000000,30449,30453,42,0.00254629
1773325451.83873820,0.01547635,6241,0.00017249,0.00000000,0,0.00000000,30453,30455,47,0.00195490
1773325451.93878293,0.03153251,6230,0.00054581,0.00000000,0,0.00000000,30455,30464,46,0.00225196
1773325452.03883553,0.03055271,6253,0.00013320,0.00000000,0,0.00000000,30464,30479,35,0.00216553
1773325452.13880658,0.02734703,6189,0.00036535,0.00000000,0,0.00000000,30479,30505,43,0.00085836
1773325452.23888683,0.03950581,6172,0.00018792,0.00000000,0,0.00000000,30505,30485,38,0.00083546
1773325452.33888030,0.02979697,6214,0.00038994,0.00000000,0,0.00000000,30485,30498,42,0.00204292
1773325452.43888569,0.03686232,6119,0.00041464,0.00000000,0,0.00000000,30498,30502,37,0.00376026
1773325452.53877592,0.03990048,6157,0.00023628,0.00000000,0,0.00000000,30502,30503,34,0.00148243
1773325452.63871574,0.03581245,6122,0.00058645,0.00000000,0,0.00000000,30503,30521,46,0.00326857
1773325452.73786449,0.03414420,6140,0.00051941,0.00000000,0,0.00000000,30521,30507,36,0.00170757
1773325452.83875656,0.03698462,6115,0.00041226,0.00000000,0,0.00000000,30507,30505,36,0.00234413
1773325452.93881392,0.02274866,6146,0.00043792,0.00000000,0,0.00000000,30505,30520,43,0.00335527
1773325453.03873706,0.03483914,6122,0.00022088,0.00000000,0,0.00000000,30520,30532,39,0.00218628
1773325453.13880134,0.02381690,6174,0.00051955,0.00000000,0,0.00000000,30532,30549,42,0.00301295
1773325453.23884916,0.01828977,6147,0.00054482,0.00000000,0,0.00000000,30549,30543,31,0.00125969
1773325453.33777547,0.02678571,6163,0.00065971,0.00000000,0,0.00000000,30543,30519,43,0.00261817
1773325453.43773484,0.03087319,6198,0.00011818,0.00000000,0,0.00000000,30519,30537,31,0.00166414
1773325453.53774834,0.02491042,6112,0.00050863,0.00000000,0,0.00000000,30537,30545,35,0.00223465
1773325453.63776994,0.03229968,6083,0.00057231,0.00000000,0,0.00000000,30545,30558,39,0.00099758
1773325453.73872519,0.02526052,6108,0.00008042,0.00000000,0,0.00000000,30558,30568,25,0.00163700
1773325453.83878994,0.03569018,6055,0.00051374,0.00000000,0,0.00000000,30568,30541,34,0.00299418
1773325453.93873477,0.03249632,6110,0.00015075,0.00000000,0,0.00000000,30541,30557,34,0.00207055
1773325454.03881598,0.02474192,6083,0.00046873,0.00000000,0,0.00000000,30557,30552,35,0.00095724
1773325454.13878918,0.03605947,6117,0.00014917,0.00000000,0,0.00000000,30552,30564,31,0.00263509
1773325454.23877764,0.02817001,6105,0.00033123,0.00000000,0,0.00000000,30564,30548,37,0.00187565
1773325454.33882904,0.03194121,6113,0.00097014,0.00000000,0,0.00000000,30548,30531,46,0.00180577
1773325454.43865275,0.03277245,6157,0.00015919,0.00000000,0,0.00000000,30531,30541,45,0.00293360
1773325454.53872061,0.03331330,6182,0.00055100,0.00000000,0,0.00000000,30541,30526,44,0.00106450
1773325454.63874388,0.01909085,6187,0.00017051,0.00000000,0,0.00000000,30526,30538,43,0.00297008
1773325454.73874784,0.01949227,6143,0.00019318,0.00000000,0,0.00000000,30538,30544,46,0.00356389
1773325454.83768940,0.01890075,6104,0.00018805,0.00000000,0,0.00000000,30544,30553,40,0.00178459
1773325454.93881464,0.03416636,6131,0.00044889,0.00000000,0,0.00000000,30553,30560,38,0.00162488
1773325455.03871179,0.02576593,6105,0.00052880,0.00000000,0,0.00000000,30560,30553,35,0.00209141
1773325455.13898444,0.02513679,6135,0.00026934,0.00000000,0,0.00000000,30553,30562,40,0.00099597
1773325455.23770475,0.03474189,6130,0.00028981,0.00000000,0,0.00000000,30562,30548,41,0.00083040
1773325455.33768702,0.01906289,6213,0.00019143,0.00000000,0,0.00000000,30548,30522,49,0.00171490
1773325455.43878555,0.03664397,6190,0.00045742,0.00000000,0,0.00000000,30522,30502,47,0.00210259
1773325455.53863525,0.03557630,6233,0.00028282,0.00000000,0,0.00000000,30502,30522,47,0.00184039
1773325455.63862729,0.03944105,6225,0.00066676,0.00000000,0,0.00000000,30522,30514,42,0.00171135
1773325455.73875690,0.03981703,6220,0.00042655,0.00000000,0,0.00000000,30514,30496,54,0.00288319
1773325455.83879542,0.03959864,6212,0.00102962,0.00000000,0,0.00000000,30496,30467,58,0.00080497
1773325455.93766356,0.03546135,6200,0.00028722,0.00000000,0,0.00000000,30467,30457,45,0.00286547
1773325456.03770065,0.03660749,6231,0.00048461,0.00000000,0,0.00000000,30457,30453,34,0.00121235
1773325456.13864493,0.02467020,6225,0.00016106,0.00000000,0,0.00000000,30453,30463,47,0.00208988
1773325456.23871017,0.02286601,6218,0.00032139,0.00000000,0,0.00000000,30463,30468,60,0.00273883
1773325456.33870411,0.02102141,6199,0.00028334,0.00000000,0,0.00000000,30468,30455,45,0.00093471
1773325456.43766141,0.04126827,6233,0.00063663,0.00000000,0,0.00000000,30455,30473,49,0.00239042
1773325456.53875589,0.03644591,6192,0.00018287,0.00000000,0,0.00000000,30473,30492,41,0.00222899
1773325456.63871360,0.03078820,6226,0.00045357,0.00000000,0,0.00000000,30492,30507,47,0.00207658
1773325456.73879218,0.03468583,6224,0.00044862,0.00000000,0,0.00000000,30507,30498,36,0.00121214
1773325456.83873820,0.03261811,6209,0.00067214,0.00000000,0,0.00000000,30498,30516,50,0.00270748
1773325456.93879032,0.03814207,6157,0.00048528,0.00000000,0,0.00000000,30516,30532,39,0.00267129
1773325457.03765702,0.03837424,6228,0.00050701,0.00000000,0,0.00000000,30532,30550,39,0.00164331
1773325457.13882399,0.02906712,6119,0.00071867,0.00000000,0,0.00000000,30550,30523,50,0.00089297
1773325457.23764777,0.04955532,6192,0.00084402,0.00000000,0,0.00000000,30523,30525,34,0.00158175
1773325457.33878803,0.03449684,6123,0.00038802,0.00000000,0,0.00000000,30525,30537,33,0.00083922
1773325457.43882704,0.03405481,6126,0.00024765,0.00000000,0,0.00000000,30537,30521,38,0.00320407
1773325457.53880787,0.02903404,6083,0.00069855,0.00000000,0,0.00000000,30521,30534,49,0.00346511
1773325457.63766384,0.03247748,6113,0.00047071,0.00000000,0,0.00000000,30534,30519,31,0.00199255
1773325457.73876023,0.01986440,6107,0.00016290,0.00000000,0,0.00000000,30519,30529,37,0.00245962
1773325457.83880806,0.03100341,6118,0.00056938,0.00000000,0,0.00000000,30529,30543,52,0.00208413
1773325457.93868709,0.03366729,6103,0.00057651,0.00000000,0,0.00000000,30543,30553,42,0.00165386
1773325458.03874683,0.03267110,6071,0.00030971,0.00000000,0,0.00000000,30553,30564,28,0.00102569
1773325458.13779712,0.03552292,6103,0.00043032,0.00000000,0,0.00000000,30564,30577,32,0.00086937
1773325458.23771834,0.03628895,6104,0.00014182,0.00000000,0,0.00000000,30577,30577,38,0.00225496
1773325458.33773041,0.03255739,6133,0.00034669,0.00000000,0,0.00000000,30577,30594,32,0.00362582
1773325458.43871689,0.04028192,6110,0.00022953,0.00000000,0,0.00000000,30594,30609,46,0.00158975
1773325458.53775883,0.02720143,6083,0.00047482,0.00000000,0,0.00000000,30609,30627,44,0.00264851
1773325458.63764000,0.04018417,6089,0.00017558,0.00000000,0,0.00000000,30627,30633,38,0.00089793
1773325458.73870921,0.03963652,6067,0.00016420,0.00000000,0,0.00000000,30633,30641,32,0.00307095
1773325458.83864450,0.03285654,6063,0.00030728,0.00000000,0,0.00000000,30641,30654,33,0.00172202
1773325458.93770957,0.03050557,6120,0.00017260,0.00000000,0,0.00000000,30654,30672,35,0.00188637
1773325459.03760791,0.03801982,6086,0.00036020,0.00000000,0,0.00000000,30672,30656,32,0.00099802
1773325459.13858438,0.03038452,6079,0.00053563,0.00000000,0,0.00000000,30656,30640,37,0.00174692
1773325459.23864937,0.01912704,6086,0.00026764,0.00000000,0,0.00000000,30640,30636,32,0.00397528
1773325459.33866620,0.01948555,6130,0.00021676,0.00000000,0,0.00000000,30636,30636,34,0.00323430
1773325459.43759441,0.03058928,6098,0.00082661,0.00000000,0,0.00000000,30636,30573,40,0.00272838
1773325459.53759313,0.03005594,6120,0.00012130,0.00000000,0,0.00000000,30573,30563,29,0.00201745
1773325459.63770914,0.02449893,6127,0.00029245,0.00000000,0,0.00000000,30563,30576,23,0.00158474
1773325459.73759651,0.03409365,6136,0.00013835,0.00000000,0,0.00000000,30576,30574,29,0.00116517
1773325459.83859873,0.03008328,6160,0.00033951,0.00000000,0,0.00000000,30574,30585,25,0.00167484
1773325459.93860030,0.03312551,6183,0.00053402,0.00000000,0,0.00000000,30585,30599,35,0.00157501
1773325460.03864551,0.02740287,6171,0.00053030,0.00000000,0,0.00000000,30599,30609,36,0.00152973
1773325460.13858461,0.02933257,6232,0.00040195,0.00000000,0,0.00000000,30609,30626,31,0.00196089
1773325460.23858809,0.03639636,6209,0.00047169,0.00000000,0,0.00000000,30626,30625,33,0.00294041
1773325460.33872366,0.02157365,6211,0.00042048,0.00000000,0,0.00000000,30625,30619,35,0.00301626
1773325460.43864441,0.03341395,6194,0.00011457,0.00000000,0,0.00000000,30619,30635,28,0.00220176
1773325460.53872848,0.02898686,6204,0.00051570,0.00000000,0,0.00000000,30635,30633,36,0.00106170
1773325460.63871861,0.02111344,6201,0.00009053,0.00000000,0,0.00000000,30633,30639,21,0.00287793
1773325460.73875475,0.01792039,6170,0.00016654,0.00000000,0,0.00000000,30639,30635,37,0.00266736
1773325460.83870482,0.01716118,6135,0.00010922,0.00000000,0,0.00000000,30635,30632,27,0.00211043
1773325460.93759131,0.03215755,6087,0.00037824,0.00000000,0,0.00000000,30632,30637,29,0.00293938
1773325461.03857756,0.02589324,6159,0.00019155,0.00000000,0,0.00000000,30637,30636,28,0.00167305
1773325461.13863492,0.02073089,6117,0.00025260,0.00000000,0,0.00000000,30636,30633,22,0.00144798
1773325461.23866367,0.02952855,6131,0.00016457,0.00000000,0,0.00000000,30633,30642,33,0.00104524
1773325461.33762860,0.01539284,6166,0.00029618,0.00000000,0,0.00000000,30642,30653,26,0.00090632
1773325461.43868804,0.02733964,6217,0.00024602,0.00000000,0,0.00000000,30653,30626,23,0.00333010
1773325461.53751874,0.02422615,6225,0.00037013,0.00000000,0,0.00000000,30626,30624,29,0.00140527
1773325461.63866568,0.02494938,6211,0.00007752,0.00000000,0,0.00000000,30624,30634,18,0.00173679
1773325461.73865700,0.02129218,6198,0.00019717,0.00000000,0,0.00000000,30634,30631,12,0.00202463
1773325461.83767676,0.02824617,6287,0.00027775,0.00000000,0,0.00000000,30631,30644,27,0.00168491
1773325461.93754697,0.01949516,6284,0.00027200,0.00000000,0,0.00000000,30644,30654,23,0.00123153
1773325462.03755569,0.02851010,6326,0.00026477,0.00000000,0,0.00000000,30654,30665,23,0.00215081
1773325462.13755178,0.02776774,6325,0.00047489,0.00000000,0,0.00000000,30665,30676,32,0.00218750
1773325462.23753166,0.01395771,6333,0.00010607,0.00000000,0,0.00000000,30676,30695,30,0.00120248
1773325462.33752346,0.02293921,6394,0.00036635,0.00000000,0,0.00000000,30695,30687,27,0.00231829
1773325462.43864417,0.02054787,6387,0.00041862,0.00000000,0,0.00000000,30687,30696,35,0.00178014
1773325462.53866410,0.02995843,6415,0.00014782,0.00000000,0,0.00000000,30696,30716,34,0.00091401
1773325462.63859558,0.02170445,6384,0.00010771,0.00000000,0,0.00000000,30716,30734,30,0.00172544
1773325462.73875475,0.02641319,6375,0.00037064,0.00000000,0,0.00000000,30734,30751,32,0.00180961
1773325462.83858943,0.01770475,6386,0.00041043,0.00000000,0,0.00000000,30751,30771,31,0.00268178
1773325462.93858194,0.02694726,6400,0.00085924,0.00000000,0,0.00000000,30771,30701,36,0.00307571
1773325463.03859544,0.01907059,6409,0.00029185,0.00000000,0,0.00000000,30701,30652,34,0.00200587
1773325463.13859677,0.02708388,6423,0.00057645,0.00000000,0,0.00000000,30652,30631,29,0.00122749
1773325463.23856306,0.02564682,6407,0.00026361,0.00000000,0,0.00000000,30631,30629,23,0.00254436
1773325463.33856559,0.01525014,6418,0.00036280,0.00000000,0,0.00000000,30629,30610,26,0.00330024
1773325463.43854833,0.03159367,6433,0.00023974,0.00000000,0,0.00000000,30610,30601,28,0.00172365
1773325463.53858328,0.02552306,6420,0.00064501,0.00000000,0,0.00000000,30601,30607,27,0.00080859
1773325463.63857746,0.01694117,6153,0.00033041,0.00000000,0,0.00000000,30607,30620,28,0.00175136
1773325463.73763609,0.01730538,6687,0.00009589,0.00000000,0,0.00000000,30620,30632,20,0.00257081
1773325463.83852887,0.01525643,6441,0.00011337,0.00000000,0,0.00000000,30632,30639,21,0.00407472
1773325463.93870735,0.02816248,6401,0.00058854,0.00000000,0,0.00000000,30639,30594,35,0.00195118
1773325464.03866172,0.02568451,6403,0.00022850,0.00000000,0,0.00000000,30594,30577,38,0.00244306
1773325464.13868999,0.02400459,6357,0.00040293,0.00000000,0,0.00000000,30577,30556,22,0.00147035
1773325464.23749948,0.02724415,6390,0.00012588,0.00000000,0,0.00000000,30556,30569,31,0.00197893
1773325464.33751035,0.02596031,6379,0.00034810,0.00000000,0,0.00000000,30569,30580,22,0.00099811
1773325464.43845463,0.02845241,6366,0.00037244,0.00000000,0,0.00000000,30580,30585,30,0.00276214
1773325464.53753424,0.02334226,6408,0.00015600,0.00000000,0,0.00000000,30585,30594,42,0.00119651
1773325464.63861394,0.03114540,6349,0.00027032,0.00000000,0,0.00000000,30594,30573,25,0.00140693
1773325464.73847890,0.02475958,6382,0.00032601,0.00000000,0,0.00000000,30573,30589,37,0.00185032
1773325464.83847070,0.02943878,6389,0.00029298,0.00000000,0,0.00000000,30589,30599,24,0.00195378
1773325464.93848181,0.02623962,6351,0.00032834,0.00000000,0,0.00000000,30599,30590,24,0.00204921
1773325465.03850389,0.03283342,6347,0.00055615,0.00000000,0,0.00000000,30590,30587,35,0.00305883
1773325465.13850498,0.01776786,6364,0.00030248,0.00000000,0,0.00000000,30587,30601,26,0.00254108
1773325465.23853517,0.01651490,6393,0.00013515,0.00000000,0,0.00000000,30601,30599,24,0.00091336
1773325465.33854485,0.01882549,6366,0.00038957,0.00000000,0,0.00000000,30599,30607,36,0.00209448
1773325465.43855381,0.02153072,6383,0.00008706,0.00000000,0,0.00000000,30607,30612,29,0.00118258
1773325465.53855729,0.02841141,6267,0.00058691,0.00000000,0,0.00000000,30612,30595,38,0.00239267
1773325465.63664556,0.02623580,6512,0.00011940,0.00000000,0,0.00000000,30595,30611,30,0.00086527
1773325465.73849082,0.02223253,6381,0.00037142,0.00000000,0,0.00000000,30611,30610,26,0.00087471
1773325465.83872700,0.02643119,6370,0.00016016,0.00000000,0,0.00000000,30610,30607,31,0.00174376
1773325465.93854380,0.02479169,6385,0.00025062,0.00000000,0,0.00000000,30607,30569,30,0.00166195
1773325466.03852892,0.02704762,6402,0.00018359,0.00000000,0,0.00000000,30569,30580,38,0.00237793
1773325466.13861322,0.01816205,6367,0.00040867,0.00000000,0,0.00000000,30580,30586,32,0.00179941
1773325466.23859215,0.02852205,6382,0.00033207,0.00000000,0,0.00000000,30586,30578,21,0.00214930
1773325466.33859277,0.01994838,6409,0.00016556,0.00000000,0,0.00000000,30578,30592,35,0.00193703
1773325466.43852878,0.02351649,6436,0.00034630,0.00000000,0,0.00000000,30592,30592,22,0.00250862
1773325466.53865790,0.02496070,6414,0.00039102,0.00000000,0,0.00000000,30592,30611,34,0.00152134
1773325466.63856101,0.01714267,6400,0.00013264,0.00000000,0,0.00000000,30611,30612,31,0.00206994
1773325466.73851848,0.01356734,6401,0.00008368,0.00000000,0,0.00000000,30612,30619,28,0.00217903
1773325466.83851933,0.01407906,6410,0.00010478,0.00000000,0,0.00000000,30619,30625,29,0.00080122
1773325466.93845677,0.02805729,6382,0.00021213,0.00000000,0,0.00000000,30625,30635,40,0.00209611
1773325467.03845859,0.02543634,6367,0.00029750,0.00000000,0,0.00000000,30635,30636,25,0.00194525
1773325467.13845253,0.02247546,6436,0.00008778,0.00000000,0,0.00000000,30636,30647,29,0.00087563
1773325467.23865271,0.02167986,6328,0.00032464,0.00000000,0,0.00000000,30647,30628,24,0.00106198
1773325467.33850360,0.02759005,6390,0.00012012,0.00000000,0,0.00000000,30628,30637,22,0.00189393
1773325467.43855619,0.02147493,6351,0.00036431,0.00000000,0,0.00000000,30637,30652,35,0.00190348
1773325467.53861976,0.03191213,6382,0.00023705,0.00000000,0,0.00000000,30652,30654,38,0.00368752
1773325467.63861990,0.02051921,6381,0.00037444,0.00000000,0,0.00000000,30654,30669,27,0.00151290
1773325467.73854256,0.03205705,6391,0.00053546,0.00000000,0,0.00000000,30669,30637,33,0.00229811
1773325467.83857250,0.02565188,6393,0.00017740,0.00000000,0,0.00000000,30637,30640,31,0.00142360
1773325467.93855572,0.03439278,6405,0.00032466,0.00000000,0,0.00000000,30640,30642,22,0.00254247
1773325468.03846812,0.02807166,6390,0.00012496,0.00000000,0,0.00000000,30642,30651,31,0.00294117
1773325468.13849282,0.03131087,6412,0.00035492,0.00000000,0,0.00000000,30651,30649,39,0.00082594
1773325468.23858523,0.01846027,6393,0.00025731,0.00000000,0,0.00000000,30649,30657,41,0.00295750
1773325468.33865237,0.03012527,6418,0.00024806,0.00000000,0,0.00000000,30657,30673,24,0.00114924
1773325468.43861008,0.02229226,6411,0.00045977,0.00000000,0,0.00000000,30673,30674,33,0.00174511
1773325468.53867292,0.02747183,6406,0.00033751,0.00000000,0,0.00000000,30674,30683,26,0.00198750
1773325468.63849497,0.01887294,6441,0.00008389,0.00000000,0,0.00000000,30683,30679,25,0.00084560
1773325468.73849201,0.02736924,6448,0.00046843,0.00000000,0,0.00000000,30679,30678,33,0.00171868
1773325468.83847356,0.01983674,6459,0.00024846,0.00000000,0,0.00000000,30678,30682,28,0.00267492
1773325468.93866539,0.02863276,6409,0.00041981,0.00000000,0,0.00000000,30682,30676,34,0.00156038
1773325469.03855324,0.01858392,6427,0.00023270,0.00000000,0,0.00000000,30676,30689,20,0.00312169
1773325469.13860273,0.02559041,6437,0.00013414,0.00000000,0,0.00000000,30689,30690,30,0.00093859
1773325469.23855662,0.01802587,6435,0.00020392,0.00000000,0,0.00000000,30690,30692,22,0.00361368
1773325469.33853221,0.02459267,6428,0.00039482,0.00000000,0,0.00000000,30692,30637,27,0.00084781
1773325469.43857145,0.01422469,6430,0.00041220,0.00000000,0,0.00000000,30637,30650,39,0.00276573
1773325469.53857303,0.02378228,6432,0.00013090,0.00000000,0,0.00000000,30650,30656,32,0.00182621
1773325469.63856435,0.02510795,6398,0.00027900,0.00000000,0,0.00000000,30656,30672,30,0.00170164
1773325469.73854995,0.01649816,6401,0.00014641,0.00000000,0,0.00000000,30672,30664,31,0.00183615
1773325469.83853030,0.02398977,6392,0.00032474,0.00000000,0,0.00000000,30664,30659,20,0.00187437
1773325469.93856621,0.01774849,6404,0.00035019,0.00000000,0,0.00000000,30659,30642,36,0.00270710
1773325470.03848076,0.02683118,6399,0.00020759,0.00000000,0,0.00000000,30642,30645,36,0.00351241
1773325470.13853526,0.02015773,6377,0.00034162,0.00000000,0,0.00000000,30645,30655,32,0.00154610
1773325470.23848152,0.02543194,6358,0.00018149,0.00000000,0,0.00000000,30655,30657,30,0.00200714
1773325470.33860040,0.02202968,6338,0.00020315,0.00000000,0,0.00000000,30657,30664,19,0.00180628
1773325470.43740416,0.02827711,6394,0.00023495,0.00000000,0,0.00000000,30664,30671,24,0.00271302
1773325470.53857422,0.02154879,6384,0.00028734,0.00000000,0,0.00000000,30671,30676,24,0.00300832
1773325470.63848472,0.03371461,6353,0.00028651,0.00000000,0,0.00000000,30676,30654,33,0.00133915
1773325470.73848462,0.02716450,6381,0.00017230,0.00000000,0,0.00000000,30654,30669,36,0.00308653
1773325470.83851862,0.02263019,6349,0.00031303,0.00000000,0,0.00000000,30669,30686,31,0.00090759
1773325470.93849826,0.03077873,6357,0.00013496,0.00000000,0,0.00000000,30686,30700,30,0.00253601
1773325471.03858709,0.02848246,6352,0.00021224,0.00000000,0,0.00000000,30700,30658,27,0.00081162
1773325471.13853383,0.01523484,6353,0.00049506,0.00000000,0,0.00000000,30658,30618,38,0.00227456
1773325471.23849010,0.01737886,6343,0.00021737,0.00000000,0,0.00000000,30618,30636,29,0.00210694
1773325471.33851767,0.01559405,6349,0.00011146,0.00000000,0,0.00000000,30636,30608,20,0.00223477
1773325471.43847585,0.03016033,6335,0.00026063,0.00000000,0,0.00000000,30608,30612,23,0.00233845
1773325471.53849673,0.02114133,6287,0.00035058,0.00000000,0,0.00000000,30612,30625,33,0.00085726
1773325471.63851261,0.03207964,6293,0.00034756,0.00000000,0,0.00000000,30625,30633,28,0.00097333
1773325471.73854446,0.02562224,6249,0.00020285,0.00000000,0,0.00000000,30633,30621,35,0.00089644
1773325471.83853507,0.02140297,6266,0.00046168,0.00000000,0,0.00000000,30621,30621,26,0.00241018
1773325471.93855977,0.02831096,6221,0.00035752,0.00000000,0,0.00000000,30621,30622,37,0.00204254
1773325472.03841281,0.02227023,6272,0.00032682,0.00000000,0,0.00000000,30622,30621,25,0.00115172
1773325472.13860703,0.02516291,6194,0.00019580,0.00000000,0,0.00000000,30621,30625,41,0.00160273
1773325472.23858070,0.02782447,6180,0.00047844,0.00000000,0,0.00000000,30625,30631,38,0.00111957
1773325472.33844781,0.03418769,6151,0.00013019,0.00000000,0,0.00000000,30631,30632,33,0.00227223
1773325472.43730187,0.02771671,6204,0.00059711,0.00000000,0,0.00000000,30632,30578,36,0.00207326
1773325472.53853106,0.03046875,6146,0.00043797,0.00000000,0,0.00000000,30578,30570,32,0.00198481
1773325472.63845801,0.02400541,6082,0.00041562,0.00000000,0,0.00000000,30570,30566,34,0.00292037
1773325472.73845291,0.01734401,6119,0.00019690,0.00000000,0,0.00000000,30566,30574,30,0.00194877
1773325472.83848548,0.02033389,6067,0.00019600,0.00000000,0,0.00000000,30574,30580,34,0.00320617
1773325472.93863869,0.03345973,6054,0.00083996,0.00000000,0,0.00000000,30580,30532,37,0.00094366
1773325473.03842759,0.03096839,6061,0.00039290,0.00000000,0,0.00000000,30532,30549,31,0.00118693
1773325473.13839459,0.03905453,6096,0.00046030,0.00000000,0,0.00000000,30549,30558,38,0.00092686
1773325473.23860550,0.03578094,6053,0.00022131,0.00000000,0,0.00000000,30558,30550,35,0.00095141
1773325473.33837485,0.02946846,6058,0.00049673,0.00000000,0,0.00000000,30550,30559,46,0.00311689
1773325473.43855000,0.03577407,6045,0.00054858,0.00000000,0,0.00000000,30559,30566,52,0.00178400
1773325473.53842354,0.03501582,6041,0.00044514,0.00000000,0,0.00000000,30566,30590,42,0.00071224
1773325473.63837385,0.03965141,6073,0.00014599,0.00000000,0,0.00000000,30590,30597,35,0.00285738
1773325473.73850346,0.04042482,6073,0.00066218,0.00000000,0,0.00000000,30597,30605,58,0.00324505
1773325473.83848524,0.03266937,6051,0.00045886,0.00000000,0,0.00000000,30605,30622,36,0.00087789
1773325473.93853259,0.03202348,6066,0.00034950,0.00000000,0,0.00000000,30622,30625,45,0.00243603
1773325474.03854060,0.03851080,6049,0.00026611,0.00000000,0,0.00000000,30625,30620,37,0.00083198
1773325474.13842845,0.01785872,6076,0.00012603,0.00000000,0,0.00000000,30620,30637,35,0.00264636
1773325474.23843122,0.02531090,6084,0.00019613,0.00000000,0,0.00000000,30637,30655,42,0.00207686
1773325474.33847260,0.02016614,6116,0.00015794,0.00000000,0,0.00000000,30655,30652,41,0.00098368
1773325474.43945789,0.03962094,6049,0.00045708,0.00000000,0,0.00000000,30652,30641,34,0.00234293
1773325474.53855896,0.03717874,6102,0.00023413,0.00000000,0,0.00000000,30641,30645,44,0.00245466
1773325474.63860154,0.03635670,6081,0.00273510,0.00000000,0,0.00000000,30645,30467,51,0.00091440
1773325474.73851514,0.03886913,6104,0.00054413,0.00000000,0,0.00000000,30467,30460,45,0.00086651
1773325474.83855486,0.04255508,6033,0.00055991,0.00000000,0,0.00000000,30460,30480,53,0.00200548
1773325474.93837738,0.02255679,6131,0.00015294,0.00000000,0,0.00000000,30480,30487,41,0.00226654
1773325475.03855920,0.03631476,6106,0.00082821,0.00000000,0,0.00000000,30487,30498,55,0.00308552
1773325475.13836288,0.04186465,6107,0.00059192,0.00000000,0,0.00000000,30498,30496,44,0.00212583
1773325475.23851109,0.03930541,6124,0.00068434,0.00000000,0,0.00000000,30496,30512,48,0.00183301
1773325475.33853173,0.04979790,6107,0.00033200,0.00000000,0,0.00000000,30512,30531,42,0.00308728
1773325475.43846226,0.04219318,6135,0.00055018,0.00000000,0,0.00000000,30531,30539,37,0.00107443
1773325475.53848004,0.04729441,6094,0.00022142,0.00000000,0,0.00000000,30539,30547,39,0.00297868
1773325475.63849258,0.04324001,6079,0.00016231,0.00000000,0,0.00000000,30547,30548,38,0.00233994
1773325475.73836040,0.02786909,6095,0.00024378,0.00000000,0,0.00000000,30548,30521,32,0.00152360
1773325475.83856773,0.02480470,6060,0.00017391,0.00000000,0,0.00000000,30521,30532,36,0.00255229
1773325475.93846107,0.03926837,6109,0.00046236,0.00000000,0,0.00000000,30532,30542,38,0.00143605
1773325476.03849745,0.04545133,6028,0.00019736,0.00000000,0,0.00000000,30542,30564,49,0.00166560
1773325476.13731384,0.04067331,6107,0.00017553,0.00000000,0,0.00000000,30564,30583,47,0.00145935
1773325476.23854327,0.04031251,5993,0.00034374,0.00000000,0,0.00000000,30583,30593,52,0.00159434
1773325476.33829308,0.04675507,6081,0.00057138,0.00000000,0,0.00000000,30593,30582,53,0.00320125
1773325476.43714142,0.03421598,6147,0.00027469,0.00000000,0,0.00000000,30582,30600,55,0.00189918
1773325476.53849173,0.04022700,6017,0.00022485,0.00000000,0,0.00000000,30600,30624,48,0.00160563
1773325476.63731122,0.04093471,6142,0.00071788,0.00000000,0,0.00000000,30624,30553,63,0.00266513
1773325476.73836994,0.03967764,6082,0.00026329,0.00000000,0,0.00000000,30553,30552,46,0.00270383
1773325476.83845067,0.03823039,6088,0.00067535,0.00000000,0,0.00000000,30552,30543,48,0.00310824
1773325476.93829417,0.04796834,6074,0.00052135,0.00000000,0,0.00000000,30543,30564,66,0.00312856
1773325477.03839207,0.03955778,6105,0.00030724,0.00000000,0,0.00000000,30564,30549,61,0.00224354
1773325477.13841057,0.04168774,6051,0.00031089,0.00000000,0,0.00000000,30549,30547,74,0.00224091
1773325477.23840213,0.02637564,6124,0.00017714,0.00000000,0,0.00000000,30547,30575,59,0.00231803
1773325477.33845735,0.02874552,6128,0.00063112,0.00000000,0,0.00000000,30575,30592,53,0.00262867
1773325477.43850183,0.03685452,6072,0.00028492,0.00000000,0,0.00000000,30592,30631,70,0.00279403
1773325477.53852940,0.03521022,6093,0.00092722,0.00000000,0,0.00000000,30631,30604,76,0.00221892
1773325477.63849497,0.04454927,5999,0.00039696,0.00000000,0,0.00000000,30604,30634,83,0.00102403
1773325477.73840570,0.04679565,6115,0.00083054,0.00000000,0,0.00000000,30634,30633,71,0.00157551
1773325477.83837247,0.03399130,6128,0.00096665,0.00000000,0,0.00000000,30633,30643,86,0.00263246
1773325477.93842578,0.03944943,6112,0.00096472,0.00000000,0,0.00000000,30643,30644,86,0.00208604
1773325478.03846383,0.03812149,6093,0.00116986,0.00000000,0,0.00000000,30644,30687,82,0.00179367
1773325478.13856173,0.03699664,6095,0.00125500,0.00000000,0,0.00000000,30687,30663,95,0.00369003
1773325478.23852849,0.04026304,6120,0.00110450,0.00000000,0,0.00000000,30663,30658,103,0.00228573
1773325478.33850956,0.03591052,6128,0.00088933,0.00000000,0,0.00000000,30658,30682,94,0.00167680
1773325478.43850493,0.03305564,6058,0.00104077,0.00000000,0,0.00000000,30682,30708,108,0.00419780
1773325478.53842950,0.03870403,6091,0.00068025,0.00000000,0,0.00000000,30708,30761,85,0.00283585
1773325478.63847971,0.03855029,6166,0.00074979,0.00000000,0,0.00000000,30761,30775,71,0.00119589
1773325478.73845601,0.02145102,6132,0.00040757,0.00000000,0,0.00000000,30775,30784,74,0.00314452
1773325478.83847022,0.03228300,6175,0.00087861,0.00000000,0,0.00000000,30784,30808,68,0.00175061
1773325478.93850899,0.04343081,6103,0.00029811,0.00000000,0,0.00000000,30808,30828,65,0.00082519
1773325479.03837800,0.04398850,6126,0.00120166,0.00000000,0,0.00000000,30828,30779,81,0.00088878
1773325479.13835883,0.03422363,6091,0.00114380,0.00000000,0,0.00000000,30779,30812,72,0.00086075
1773325479.23844242,0.03337152,6118,0.00048357,0.00000000,0,0.00000000,30812,30835,79,0.00142800
1773325479.33850503,0.03793978,6063,0.00087011,0.00000000,0,0.00000000,30835,30828,74,0.00181842
1773325479.43832088,0.03816753,6152,0.00089807,0.00000000,0,0.00000000,30828,30862,93,0.00183065
1773325479.53853941,0.03793722,6098,0.00102640,0.00000000,0,0.00000000,30862,30850,87,0.00081755
1773325479.63833070,0.04832709,6115,0.00032322,0.00000000,0,0.00000000,30850,30873,70,0.00183427
1773325479.73849201,0.04720010,6126,0.00090901,0.00000000,0,0.00000000,30873,30902,76,0.00259100
1773325479.83848405,0.04051545,6061,0.00135119,0.00000000,0,0.00000000,30902,30892,85,0.00077118
1773325479.93832731,0.03709315,6111,0.00075518,0.00000000,0,0.00000000,30892,30930,73,0.00228178
1773325480.03834224,0.03854504,6119,0.00059493,0.00000000,0,0.00000000,30930,30921,78,0.00157659
1773325480.13837528,0.03312751,6123,0.00080332,0.00000000,0,0.00000000,30921,30929,71,0.00155095
1773325480.23837519,0.02222808,6096,0.00041656,0.00000000,0,0.00000000,30929,30951,68,0.00293977
1773325480.33846593,0.01712574,6070,0.00031135,0.00000000,0,0.00000000,30951,30941,70,0.00185835
1773325480.43832970,0.04255431,6098,0.00104756,0.00000000,0,0.00000000,30941,30959,81,0.00093736
1773325480.53837514,0.03818780,6065,0.00036923,0.00000000,0,0.00000000,30959,30966,70,0.00196458
1773325480.63837910,0.03751918,6084,0.00089692,0.00000000,0,0.00000000,30966,31000,89,0.00087132
1773325480.73841000,0.03901448,6118,0.00091074,0.00000000,0,0.00000000,31000,31011,71,0.00114450
1773325480.83852816,0.04551556,6039,0.00085302,0.00000000,0,0.00000000,31011,31014,67,0.00331606
1773325480.93840313,0.04728574,6094,0.00068104,0.00000000,0,0.00000000,31014,31021,54,0.00309296
1773325481.03843594,0.03737043,6038,0.00059197,0.00000000,0,0.00000000,31021,31047,56,0.00343661
1773325481.13833642,0.04960901,6068,0.00051666,0.00000000,0,0.00000000,31047,31063,49,0.00073512
1773325481.23841429,0.04756774,6036,0.00082165,0.00000000,0,0.00000000,31063,31064,66,0.00266199
1773325481.33833504,0.04341030,6091,0.00048056,0.00000000,0,0.00000000,31064,31074,49,0.00148330
1773325481.43828559,0.04397368,6055,0.00060953,0.00000000,0,0.00000000,31074,31089,54,0.00102571
1773325481.53841305,0.03909736,6057,0.00056997,0.00000000,0,0.00000000,31089,31098,53,0.00280072
1773325481.63838577,0.04107405,6054,0.00067116,0.00000000,0,0.00000000,31098,31104,56,0.00281157
1773325481.73848391,0.02406441,6044,0.00035399,0.00000000,0,0.00000000,31104,31115,68,0.00219973
1773325481.83837605,0.02676596,6080,0.00091591,0.00000000,0,0.00000000,31115,31094,64,0.00224391
1773325481.93842745,0.04477983,6065,0.00068086,0.00000000,0,0.00000000,31094,31129,62,0.00243933
1773325482.03844166,0.03815020,6015,0.00070473,0.00000000,0,0.00000000,31129,31122,49,0.00100694
1773325482.13839912,0.04594303,6055,0.00073860,0.00000000,0,0.00000000,31122,31122,63,0.00112281
1773325482.23834896,0.04005533,6061,0.00069304,0.00000000,0,0.00000000,31122,31137,55,0.00171832
1773325482.33840799,0.03597896,6109,0.00089772,0.00000000,0,0.00000000,31137,31146,64,0.00318600
1773325482.43838787,0.04065268,6081,0.00029321,0.00000000,0,0.00000000,31146,31147,62,0.00275853
1773325482.53848600,0.04738996,6102,0.00083822,0.00000000,0,0.00000000,31147,31146,65,0.00327709
1773325482.63830376,0.03957490,6094,0.00069260,0.00000000,0,0.00000000,31146,31157,59,0.00274811
1773325482.73835611,0.04409108,6118,0.00077500,0.00000000,0,0.00000000,31157,31176,71,0.00177104
1773325482.83841348,0.04390505,6129,0.00067765,0.00000000,0,0.00000000,31176,31204,61,0.00078104
1773325482.93830609,0.03969156,6103,0.00075121,0.00000000,0,0.00000000,31204,31228,66,0.00237796
1773325483.03841758,0.04921935,6091,0.00037660,0.00000000,0,0.00000000,31228,31248,64,0.00161058
1773325483.13829756,0.04258837,6092,0.00033755,0.00000000,0,0.00000000,31248,31276,61,0.00091389
1773325483.23829675,0.02954505,6075,0.00045785,0.00000000,0,0.00000000,31276,31246,70,0.00350651
1773325483.33833051,0.02369456,6166,0.00033224,0.00000000,0,0.00000000,31246,31240,55,0.00215599
1773325483.43840504,0.04658285,6040,0.00106478,0.00000000,0,0.00000000,31240,31247,75,0.00305364
1773325483.53835297,0.03901214,6088,0.00061623,0.00000000,0,0.00000000,31247,31275,63,0.00232871
1773325483.63832283,0.03600080,6119,0.00047452,0.00000000,0,0.00000000,31275,31263,51,0.00155405
1773325483.73847961,0.04019254,6055,0.00066325,0.00000000,0,0.00000000,31263,31282,47,0.00117189
1773325483.83828998,0.04414165,6095,0.00026540,0.00000000,0,0.00000000,31282,31281,46,0.00241065
1773325483.93842626,0.04083329,6137,0.00100486,0.00000000,0,0.00000000,31281,31215,51,0.00096334
1773325484.03837419,0.05042527,6089,0.00030029,0.00000000,0,0.00000000,31215,31215,55,0.00203516
1773325484.13838172,0.02338574,6086,0.00032539,0.00000000,0,0.00000000,31215,31210,60,0.00184387
1773325484.23835802,0.02195424,6091,0.00045979,0.00000000,0,0.00000000,31210,31177,47,0.00321143
1773325484.33842421,0.01947462,6115,0.00034753,0.00000000,0,0.00000000,31177,31167,65,0.00173489
1773325484.43827796,0.02428163,6140,0.00033914,0.00000000,0,0.00000000,31167,31182,46,0.00123925
1773325484.53833628,0.04015122,6077,0.00087709,0.00000000,0,0.00000000,31182,31183,64,0.00084414
1773325484.63833785,0.03494107,6113,0.00027060,0.00000000,0,0.00000000,31183,31187,47,0.00208772
1773325484.73842764,0.03926747,6084,0.00061423,0.00000000,0,0.00000000,31187,31191,50,0.00389315
1773325484.83828568,0.03025079,6137,0.00044302,0.00000000,0,0.00000000,31191,31211,45,0.00239870
1773325484.93833899,0.03644602,6121,0.00045782,0.00000000,0,0.00000000,31211,31228,38,0.00282271
1773325485.03835511,0.03404834,6113,0.00032375,0.00000000,0,0.00000000,31228,31240,59,0.00315389
1773325485.13846445,0.04043674,6151,0.00041147,0.00000000,0,0.00000000,31240,31222,53,0.00288345
1773325485.23833013,0.03982768,6155,0.00104190,0.00000000,0,0.00000000,31222,31224,66,0.00096284
1773325485.33836603,0.03478765,6134,0.00076458,0.00000000,0,0.00000000,31224,31242,61,0.00194052
1773325485.43836308,0.03713102,6077,0.00078658,0.00000000,0,0.00000000,31242,31273,64,0.00206857
1773325485.53839087,0.03727065,6136,0.00031855,0.00000000,0,0.00000000,31273,31260,54,0.00155479
1773325485.63830376,0.03691082,6113,0.00028600,0.00000000,0,0.00000000,31260,31251,44,0.00140717
1773325485.73840022,0.04118295,6137,0.00094493,0.00000000,0,0.00000000,31251,31256,70,0.00158376
1773325485.83822083,0.04011631,6122,0.00065481,0.00000000,0,0.00000000,31256,31251,52,0.00151853
1773325485.93834782,0.03976161,6174,0.00055160,0.00000000,0,0.00000000,31251,31266,48,0.00255093
1773325486.03830981,0.04000839,6106,0.00025426,0.00000000,0,0.00000000,31266,31288,57,0.00318944
1773325486.13836241,0.04315980,6064,0.00040331,0.00000000,0,0.00000000,31288,31321,59,0.00130434
1773325486.23817945,0.02397026,6129,0.00027475,0.00000000,0,0.00000000,31321,31347,57,0.00120452
1773325486.33827734,0.02611899,6130,0.00026605,0.00000000,0,0.00000000,31347,31365,51,0.00102694
1773325486.43833470,0.04869784,6127,0.00052055,0.00000000,0,0.00000000,31365,31353,72,0.00202423
1773325486.53823972,0.03094456,6130,0.00070210,0.00000000,0,0.00000000,31353,31379,70,0.00171654
1773325486.63829231,0.02823121,6110,0.00074924,0.00000000,0,0.00000000,31379,31403,71,0.00147496
1773325486.73830557,0.03521894,6114,0.00028492,0.00000000,0,0.00000000,31403,31388,66,0.00117240
1773325486.83834171,0.03372680,6117,0.00076941,0.00000000,0,0.00000000,31388,31407,74,0.00170330
1773325486.93837428,0.03313742,6080,0.00057122,0.00000000,0,0.00000000,31407,31410,55,0.00227025
1773325487.03822923,0.03402064,6100,0.00073487,0.00000000,0,0.00000000,31410,31426,65,0.00113836
1773325487.13833070,0.03098959,6166,0.00081623,0.00000000,0,0.00000000,31426,31462,62,0.00180422
1773325487.23831034,0.04211164,6124,0.00054928,0.00000000,0,0.00000000,31462,31448,73,0.00268640
1773325487.33852959,0.04144155,6123,0.00068845,0.00000000,0,0.00000000,31448,31473,55,0.00159942
1773325487.43814111,0.03435601,6144,0.00092839,0.00000000,0,0.00000000,31473,31486,61,0.00247073
1773325487.53822494,0.05072876,6116,0.00037360,0.00000000,0,0.00000000,31486,31476,69,0.00226585
1773325487.63816381,0.04421846,6129,0.00019781,0.00000000,0,0.00000000,31476,31495,48,0.00255956
1773325487.73824000,0.02310807,6143,0.00026692,0.00000000,0,0.00000000,31495,31519,64,0.00120828
1773325487.83826995,0.02181622,6125,0.00024270,0.00000000,0,0.00000000,31519,31525,62,0.00314591
1773325487.93834925,0.03594521,6124,0.00072787,0.00000000,0,0.00000000,31525,31532,60,0.00231526
1773325488.03835201,0.03364941,6124,0.00024985,0.00000000,0,0.00000000,31532,31514,46,0.00095127
1773325488.13820553,0.02936589,6132,0.00066061,0.00000000,0,0.00000000,31514,31509,47,0.00098255
1773325488.23821187,0.03656221,6142,0.00074710,0.00000000,0,0.00000000,31509,31518,67,0.00106670
1773325488.33830953,0.03925032,6127,0.00070930,0.00000000,0,0.00000000,31518,31524,58,0.00186092
1773325488.43829751,0.03529316,6154,0.00052543,0.00000000,0,0.00000000,31524,31530,57,0.00191032
1773325488.53831244,0.04045237,6141,0.00079001,0.00000000,0,0.00000000,31530,31530,60,0.00281129
1773325488.63815737,0.04553406,6173,0.00064305,0.00000000,0,0.00000000,31530,31563,56,0.00107085
1773325488.73819518,0.03822834,6165,0.00094468,0.00000000,0,0.00000000,31563,31561,66,0.00095908
1773325488.83822155,0.03584216,6167,0.00073657,0.00000000,0,0.00000000,31561,31550,54,0.00248631
1773325488.93829441,0.03620392,6190,0.00035023,0.00000000,0,0.00000000,31550,31539,42,0.00264158
1773325489.03823829,0.03755841,6209,0.00191543,0.00000000,0,0.00000000,31539,31558,62,0.00267667
1773325489.13830900,0.03098045,6145,0.00060160,0.00000000,0,0.00000000,31558,31572,49,0.00241621
1773325489.23816323,0.02695486,6136,0.00022481,0.00000000,0,0.00000000,31572,31597,48,0.00162008
1773325489.33827591,0.02188587,6158,0.00026799,0.00000000,0,0.00000000,31597,31619,52,0.00230592
1773325489.43826604,0.02938591,6122,0.00054429,0.00000000,0,0.00000000,31619,31613,47,0.00204143
1773325489.53817415,0.04108380,6171,0.00021199,0.00000000,0,0.00000000,31613,31633,44,0.00474535
1773325489.63830447,0.04639836,6164,0.00050207,0.00000000,0,0.00000000,31633,31651,44,0.00383228
1773325489.73825979,0.03758855,6118,0.00061676,0.00000000,0,0.00000000,31651,31652,45,0.00121944
1773325489.83810306,0.03863840,6145,0.00025100,0.00000000,0,0.00000000,31652,31674,50,0.00317598
1773325489.93814945,0.03731008,6145,0.00049063,0.00000000,0,0.00000000,31674,31697,39,0.00131366
1773325490.03818703,0.03673794,6183,0.00056438,0.00000000,0,0.00000000,31697,31711,54,0.00263595
1773325490.13820219,0.03684603,6170,0.00072990,0.00000000,0,0.00000000,31711,31725,37,0.00173090
1773325490.23820829,0.04474369,6112,0.00015427,0.00000000,0,0.00000000,31725,31734,36,0.00088060
1773325490.33812165,0.03964137,6140,0.00067574,0.00000000,0,0.00000000,31734,31732,48,0.00311140
1773325490.43821073,0.03261508,6115,0.00070186,0.00000000,0,0.00000000,31732,31713,45,0.00370207
1773325490.53822184,0.04799918,6101,0.00052643,0.00000000,0,0.00000000,31713,31711,44,0.00098241
1773325490.63812566,0.04235155,6129,0.00032380,0.00000000,0,0.00000000,31711,31674,52,0.00204280
1773325490.73816085,0.02617940,6111,0.00019156,0.00000000,0,0.00000000,31674,31665,52,0.00221370
1773325490.83817029,0.02820405,6120,0.00076651,0.00000000,0,0.00000000,31665,31675,61,0.00317175
1773325490.93818164,0.03999708,6122,0.00088878,0.00000000,0,0.00000000,31675,31689,71,0.00277566
1773325491.03824735,0.03120686,6062,0.00059640,0.00000000,0,0.00000000,31689,31690,57,0.00076864
1773325491.13820124,0.03210402,6129,0.00070733,0.00000000,0,0.00000000,31690,31683,59,0.00094851
1773325491.23818254,0.03921577,6133,0.00034104,0.00000000,0,0.00000000,31683,31671,55,0.00114817
1773325491.33811235,0.04405348,6132,0.00084191,0.00000000,0,0.00000000,31671,31658,70,0.00188287
1773325491.43809915,0.03885557,6108,0.00053702,0.00000000,0,0.00000000,31658,31664,55,0.00239971
1773325491.53819656,0.03789215,6179,0.00069408,0.00000000,0,0.00000000,31664,31688,69,0.00239053
1773325491.63818192,0.03559100,6178,0.00059180,0.00000000,0,0.00000000,31688,31704,50,0.00296170
1773325491.73818564,0.03314648,6114,0.00060010,0.00000000,0,0.00000000,31704,31694,55,0.00438716
1773325491.83824635,0.03929958,6135,0.00021084,0.00000000,0,0.00000000,31694,31709,47,0.00329593
1773325491.93809414,0.03263836,6156,0.00074802,0.00000000,0,0.00000000,31709,31712,57,0.00103734
1773325492.03807354,0.04928418,6152,0.00085124,0.00000000,0,0.00000000,31712,31714,65,0.00182423
1773325492.13818169,0.03565843,6121,0.00076857,0.00000000,0,0.00000000,31714,31720,59,0.00167078
1773325492.23818493,0.02439060,6168,0.00037526,0.00000000,0,0.00000000,31720,31728,57,0.00177108
1773325492.33822346,0.01739327,6111,0.00016672,0.00000000,0,0.00000000,31728,31729,55,0.00271862
1773325492.43810415,0.04536199,6173,0.00072910,0.00000000,0,0.00000000,31729,31744,48,0.00120846
1773325492.53814864,0.06417619,6155,0.00030914,0.00000000,0,0.00000000,31744,31765,47,0.00117014
1773325492.63812995,0.05500705,6134,0.00027674,0.00000000,0,0.00000000,31765,31777,51,0.00267111
1773325492.73818302,0.06087938,6143,0.00124812,0.00000000,0,0.00000000,31777,31799,51,0.00092962
1773325492.83816028,0.05292986,6128,0.00046994,0.00000000,0,0.00000000,31799,31798,41,0.00315097
1773325492.93806243,0.04234820,6170,0.00070655,0.00000000,0,0.00000000,31798,31773,55,0.00333345
1773325493.03806520,0.04735704,6155,0.00035143,0.00000000,0,0.00000000,31773,31783,54,0.00140820
1773325493.13817191,0.04511555,6131,0.00028617,0.00000000,0,0.00000000,31783,31781,47,0.00161205
1773325493.23817062,0.04991924,6123,0.00066466,0.00000000,0,0.00000000,31781,31764,42,0.00302033
1773325493.33804893,0.04937665,6144,0.00055472,0.00000000,0,0.00000000,31764,31767,42,0.00130678
1773325493.43815327,0.04058790,6156,0.00055394,0.00000000,0,0.00000000,31767,31754,38,0.00394656
1773325493.53823447,0.05039233,6125,0.00027450,0.00000000,0,0.00000000,31754,31760,46,0.00375321
1773325493.63813972,0.05156393,6098,0.00070451,0.00000000,0,0.00000000,31760,31758,39,0.00255371
1773325493.73818803,0.03803650,6110,0.00037725,0.00000000,0,0.00000000,31758,31772,47,0.00253127
1773325493.83805180,0.02914606,6152,0.00018650,0.00000000,0,0.00000000,31772,31779,26,0.00298905
1773325493.93811417,0.02680946,6109,0.00031869,0.00000000,0,0.00000000,31779,31764,46,0.00100345
1773325494.03815031,0.03793542,6095,0.00063247,0.00000000,0,0.00000000,31764,31733,40,0.00107323
1773325494.13804030,0.04024426,6137,0.00054479,0.00000000,0,0.00000000,31733,31715,37,0.00304998
1773325494.23807192,0.04206190,6128,0.00110156,0.00000000,0,0.00000000,31715,31704,39,0.00208329
1773325494.33810902,0.04369637,6172,0.00059472,0.00000000,0,0.00000000,31704,31709,47,0.00138464
1773325494.43819237,0.03787313,6106,0.00036435,0.00000000,0,0.00000000,31709,31698,38,0.00183007
1773325494.53806925,0.04254125,6180,0.00044760,0.00000000,0,0.00000000,31698,31711,50,0.00313248
1773325494.63811564,0.09775394,6137,0.00128116,0.00000000,0,0.00000000,31711,31722,36,0.00265279
1773325494.73816442,0.06147055,6194,0.00061656,0.00000000,0,0.00000000,31722,31725,42,0.00186704
1773325494.83810735,0.04285144,6153,0.00037030,0.00000000,0,0.00000000,31725,31720,48,0.00214939
1773325494.93814588,0.04087279,6136,0.00061525,0.00000000,0,0.00000000,31720,31730,45,0.00279866
1773325495.03808761,0.03591581,6131,0.00024555,0.00000000,0,0.00000000,31730,31747,53,0.00202553
1773325495.13815308,0.04422840,6130,0.00042437,0.00000000,0,0.00000000,31747,31751,43,0.00447134
1773325495.23802638,0.02309006,6161,0.00022334,0.00000000,0,0.00000000,31751,31764,46,0.00301007
1773325495.33803511,0.02250222,6170,0.00019920,0.00000000,0,0.00000000,31764,31770,43,0.00110657
1773325495.43812704,0.07121409,6153,0.00020485,0.00000000,0,0.00000000,31770,31787,38,0.00254255
1773325495.53801703,0.08817081,6158,0.00458478,0.00000000,0,0.00000000,31787,31785,38,0.00106885
1773325495.63802409,0.06379746,6202,0.00064466,0.00000000,0,0.00000000,31785,31779,45,0.00129423
1773325495.73822260,0.04289020,6130,0.00033056,0.00000000,0,0.00000000,31779,31787,29,0.00082590
1773325495.83796978,0.04103624,6186,0.00017181,0.00000000,0,0.00000000,31787,31804,41,0.00159218
1773325495.93819118,0.04677009,6151,0.00039417,0.00000000,0,0.00000000,31804,31811,54,0.00448081
1773325496.03813291,0.03958008,6143,0.00033012,0.00000000,0,0.00000000,31811,31805,38,0.00601597
1773325496.13814187,0.04271749,6124,0.00072109,0.00000000,0,0.00000000,31805,31822,53,0.00315379
1773325496.23811865,0.04349422,6114,0.00028589,0.00000000,0,0.00000000,31822,31815,46,0.00203705
1773325496.33811331,0.03426270,6160,0.00025282,0.00000000,0,0.00000000,31815,31819,43,0.00204877
1773325496.43813467,0.03337386,6152,0.00083171,0.00000000,0,0.00000000,31819,31820,52,0.00105848
1773325496.53812099,0.05126995,6151,0.00071665,0.00000000,0,0.00000000,31820,31832,51,0.00092203
1773325496.63807487,0.04076628,6175,0.00049219,0.00000000,0,0.00000000,31832,31848,40,0.00245834
1773325496.73818803,0.02221744,6112,0.00076581,0.00000000,0,0.00000000,31848,31834,41,0.00234102
1773325496.83795357,0.01952323,6179,0.00012980,0.00000000,0,0.00000000,31834,31858,47,0.00494126
1773325496.93807626,0.04153663,6171,0.00057205,0.00000000,0,0.00000000,31858,31872,44,0.00093861
1773325497.03807664,0.04042366,6180,0.00069163,0.00000000,0,0.00000000,31872,31854,47,0.00223809
1773325497.13816500,0.03562891,6135,0.00050547,0.00000000,0,0.00000000,31854,31870,46,0.00147975
1773325497.23803163,0.04842876,6174,0.00022714,0.00000000,0,0.00000000,31870,31839,48,0.00151831
1773325497.33812618,0.03921212,6125,0.00016959,0.00000000,0,0.00000000,31839,31830,40,0.00322756
1773325497.43794560,0.03815402,6196,0.00068864,0.00000000,0,0.00000000,31830,31847,46,0.00299026
1773325497.53813982,0.03949503,6150,0.00058844,0.00000000,0,0.00000000,31847,31853,43,0.00162016
1773325497.63811398,0.04143395,6152,0.00043420,0.00000000,0,0.00000000,31853,31845,38,0.00229298
1773325497.73796797,0.04022791,6174,0.00058216,0.00000000,0,0.00000000,31845,31828,45,0.00255251
1773325497.83801985,0.03579136,6168,0.00024943,0.00000000,0,0.00000000,31828,31827,47,0.00126518
1773325497.93806410,0.03874926,6170,0.00015563,0.00000000,0,0.00000000,31827,31840,31,0.00254573
1773325498.03807998,0.04885953,6145,0.00041113,0.00000000,0,0.00000000,31840,31844,40,0.00312653
1773325498.13825560,0.02582125,6092,0.00049511,0.00000000,0,0.00000000,31844,31843,36,0.00181007
1773325498.23796368,0.02794793,6157,0.00015311,0.00000000,0,0.00000000,31843,31860,53,0.00172870
1773325498.33803868,0.02641214,6157,0.00013210,0.00000000,0,0.00000000,31860,31852,41,0.00296664
1773325498.43804407,0.04337522,6087,0.00066549,0.00000000,0,0.00000000,31852,31870,35,0.00189278
1773325498.53803945,0.03501332,6139,0.00033523,0.00000000,0,0.00000000,31870,31868,28,0.00391673
1773325498.63805151,0.03935068,6101,0.00042644,0.00000000,0,0.00000000,31868,31887,45,0.00292107
1773325498.73796248,0.04218671,6112,0.00046822,0.00000000,0,0.00000000,31887,31900,40,0.00154912
1773325498.83803296,0.04240931,6142,0.00053201,0.00000000,0,0.00000000,31900,31903,41,0.00299957
1773325498.93808460,0.03875313,6142,0.00086242,0.00000000,0,0.00000000,31903,31891,42,0.00289314
1773325499.03807664,0.04223962,6102,0.00026480,0.00000000,0,0.00000000,31891,31886,39,0.00127361
1773325499.13807106,0.04327728,6139,0.00088824,0.00000000,0,0.00000000,31886,31904,49,0.00220398
1773325499.23804259,0.04020867,6147,0.00050065,0.00000000,0,0.00000000,31904,31894,40,0.00259500
1773325499.33805728,0.04281696,6105,0.00045296,0.00000000,0,0.00000000,31894,31897,37,0.00228764
1773325499.43789291,0.04198486,6107,0.00051836,0.00000000,0,0.00000000,31897,31912,43,0.00240941
1773325499.53802323,0.04360932,6164,0.00014549,0.00000000,0,0.00000000,31912,31912,44,0.00261153
1773325499.63804841,0.04160335,6141,0.00040630,0.00000000,0,0.00000000,31912,31919,40,0.00301597
1773325499.73809123,0.02927632,6112,0.00014273,0.00000000,0,0.00000000,31919,31928,41,0.00205331
1773325499.83793068,0.01993770,6151,0.00040808,0.00000000,0,0.00000000,31928,31901,43,0.00176416
1773325499.93802738,0.03994938,6097,0.00015733,0.00000000,0,0.00000000,31901,31895,34,0.00288207
1773325500.03801966,0.03706736,6068,0.00017016,0.00000000,0,0.00000000,31895,31905,37,0.00078122
1773325500.13797283,0.04512595,6158,0.00096361,0.00000000,0,0.00000000,31905,31902,45,0.00087849
1773325500.23796701,0.04259492,6100,0.00067078,0.00000000,0,0.00000000,31902,31892,47,0.00087664
1773325500.33796644,0.04320656,6118,0.00092618,0.00000000,0,0.00000000,31892,31889,43,0.00317322
1773325500.43800879,0.03808164,6148,0.00062116,0.00000000,0,0.00000000,31889,31857,51,0.00247993
1773325500.53809237,0.03671109,6099,0.00156837,0.00000000,0,0.00000000,31857,31796,46,0.00247958
1773325500.63795137,0.04715271,6122,0.00059882,0.00000000,0,0.00000000,31796,31805,45,0.00277935
1773325500.73800707,0.04906570,6117,0.00062653,0.00000000,0,0.00000000,31805,31818,46,0.00293293
1773325500.83788157,0.04588400,6169,0.00078675,0.00000000,0,0.00000000,31818,31771,43,0.00190471
1773325500.93802190,0.05519580,6173,0.00025248,0.00000000,0,0.00000000,31771,31756,38,0.00329326
1773325501.03796983,0.04723238,6138,0.00074813,0.00000000,0,0.00000000,31756,31766,55,0.00249964
1773325501.13805628,0.03419916,6142,0.00025635,0.00000000,0,0.00000000,31766,31778,38,0.00387645
1773325501.23801017,0.04820526,6136,0.00044967,0.00000000,0,0.00000000,31778,31764,47,0.00108029
1773325501.33797121,0.03185420,6149,0.00027753,0.00000000,0,0.00000000,31764,31750,45,0.00115110
1773325501.43803716,0.02733520,6127,0.00023700,0.00000000,0,0.00000000,31750,31761,60,0.00230300
1773325501.53798556,0.02752463,6100,0.00088545,0.00000000,0,0.00000000,31761,31781,37,0.00271107
1773325501.63786602,0.05142110,6175,0.00046487,0.00000000,0,0.00000000,31781,31800,50,0.00223871
1773325501.73791575,0.04472531,6145,0.00059462,0.00000000,0,0.00000000,31800,31780,54,0.00177642
1773325501.83796859,0.04940329,6165,0.00101279,0.00000000,0,0.00000000,31780,31811,49,0.00162591
1773325501.93796182,0.04682824,6147,0.00021774,0.00000000,0,0.00000000,31811,31812,44,0.00201977
1773325502.03787470,0.04466926,6144,0.00083693,0.00000000,0,0.00000000,31812,31797,55,0.00326057
1773325502.13794541,0.03714442,6140,0.00058587,0.00000000,0,0.00000000,31797,31792,47,0.00085066
1773325502.23804760,0.04003727,6153,0.00088661,0.00000000,0,0.00000000,31792,31821,62,0.00144351
1773325502.33799958,0.04254669,6111,0.00117506,0.00000000,0,0.00000000,31821,31788,57,0.00223376
1773325502.43790865,0.03878435,6133,0.00079479,0.00000000,0,0.00000000,31788,31792,54,0.00289884
1773325502.53797174,0.04013018,6097,0.00059995,0.00000000,0,0.00000000,31792,31818,53,0.00496248
1773325502.63783932,0.04078846,6145,0.00017035,0.00000000,0,0.00000000,31818,31829,38,0.00165992
1773325502.73790741,0.04562325,6133,0.00018535,0.00000000,0,0.00000000,31829,31842,48,0.00372661
1773325502.83790326,0.02722997,6169,0.00015068,0.00000000,0,0.00000000,31842,31847,40,0.00356378
1773325502.93798041,0.02222975,6156,0.00026235,0.00000000,0,0.00000000,31847,31849,38,0.00245274
1773325503.03807187,0.04271486,6164,0.00042008,0.00000000,0,0.00000000,31849,31863,38,0.00233185
1773325503.13804674,0.04391289,6129,0.00060920,0.00000000,0,0.00000000,31863,31864,40,0.00154626
1773325503.23794484,0.03391446,6163,0.00025915,0.00000000,0,0.00000000,31864,31871,53,0.00156125
1773325503.33802080,0.03869369,6107,0.00072816,0.00000000,0,0.00000000,31871,31882,59,0.00156971
1773325503.43786979,0.03869146,6139,0.00071811,0.00000000,0,0.00000000,31882,31902,63,0.00107570
1773325503.53792214,0.03742194,6163,0.00077882,0.00000000,0,0.00000000,31902,31907,56,0.00319217
1773325503.63794017,0.05090528,6138,0.00036972,0.00000000,0,0.00000000,31907,31926,53,0.00149246
1773325503.73799634,0.04764772,6098,0.00020090,0.00000000,0,0.00000000,31926,31931,53,0.00290546
1773325503.83786559,0.03761297,6142,0.00024691,0.00000000,0,0.00000000,31931,31930,51,0.00298603
1773325503.93796682,0.04321977,6158,0.00102102,0.00000000,0,0.00000000,31930,31920,51,0.00156941
1773325504.03797698,0.04522845,6105,0.00013481,0.00000000,0,0.00000000,31920,31933,41,0.00446327
1773325504.13786626,0.04279463,6130,0.00033580,0.00000000,0,0.00000000,31933,31934,45,0.00092133
1773325504.23794007,0.02751731,6133,0.00021841,0.00000000,0,0.00000000,31934,31953,41,0.00252313
1773325504.33796668,0.02078781,6119,0.00032271,0.00000000,0,0.00000000,31953,31975,46,0.00167604
1773325504.43782115,0.02533493,6170,0.00023870,0.00000000,0,0.00000000,31975,31915,46,0.00284786
1773325504.53797603,0.04352968,6153,0.00063266,0.00000000,0,0.00000000,31915,31892,54,0.00084597
1773325504.63796353,0.03765482,6148,0.00060285,0.00000000,0,0.00000000,31892,31912,54,0.00385983
1773325504.73798299,0.04683625,6108,0.00031892,0.00000000,0,0.00000000,31912,31928,63,0.00183675
1773325504.83779216,0.04359911,6130,0.00049830,0.00000000,0,0.00000000,31928,31929,42,0.00113657
1773325504.93785954,0.03752136,6141,0.00064806,0.00000000,0,0.00000000,31929,31934,53,0.00304167
1773325505.03793764,0.02994552,6099,0.00064708,0.00000000,0,0.00000000,31934,31931,51,0.00170667
1773325505.13792586,0.03343330,6101,0.00062627,0.00000000,0,0.00000000,31931,31937,48,0.00117605
1773325505.23796320,0.04750478,6110,0.00025075,0.00000000,0,0.00000000,31937,31942,39,0.00307353
1773325505.33791089,0.03714066,6127,0.00031040,0.00000000,0,0.00000000,31942,31949,60,0.00497830
1773325505.43784165,0.03513466,6139,0.00062719,0.00000000,0,0.00000000,31949,31966,54,0.00323858
1773325505.53793049,0.04459543,6101,0.00080760,0.00000000,0,0.00000000,31966,31958,50,0.00173585
1773325505.63791037,0.03814909,6109,0.00054342,0.00000000,0,0.00000000,31958,31965,43,0.00176407
1773325505.73779416,0.03211638,6158,0.00020496,0.00000000,0,0.00000000,31965,31985,53,0.00234595
1773325505.83787704,0.02385677,6176,0.00040086,0.00000000,0,0.00000000,31985,31943,60,0.00233561
1773325505.93788528,0.03390075,6142,0.00054994,0.00000000,0,0.00000000,31943,31952,49,0.00316679
1773325506.03802872,0.03613648,6115,0.00019006,0.00000000,0,0.00000000,31952,31962,44,0.00457096
1773325506.13781071,0.03692333,6130,0.00046029,0.00000000,0,0.00000000,31962,31973,46,0.00255316
1773325506.23780632,0.03790699,6165,0.00071375,0.00000000,0,0.00000000,31973,31998,62,0.00083568
1773325506.33796144,0.05088596,6155,0.00063064,0.00000000,0,0.00000000,31998,32000,38,0.00086364
1773325506.43789721,0.04110111,6182,0.00053339,0.00000000,0,0.00000000,32000,32014,42,0.00224595
1773325506.53789330,0.04236060,6121,0.00052328,0.00000000,0,0.00000000,32014,32026,40,0.00318962
1773325506.63774943,0.04547273,6168,0.00069538,0.00000000,0,0.00000000,32026,32040,44,0.00167261
1773325506.73798156,0.03780041,6158,0.00037568,0.00000000,0,0.00000000,32040,32051,46,0.00203974
1773325506.83776641,0.03317359,6132,0.00021707,0.00000000,0,0.00000000,32051,32067,51,0.00221626
1773325506.93783569,0.03801250,6168,0.00054148,0.00000000,0,0.00000000,32067,32073,41,0.00192381
1773325507.03788018,0.04587010,6182,0.00022596,0.00000000,0,0.00000000,32073,32091,51,0.00084821
1773325507.13796806,0.02803903,6162,0.00072091,0.00000000,0,0.00000000,32091,32084,49,0.00270026
1773325507.23789263,0.03191090,6128,0.00030391,0.00000000,0,0.00000000,32084,32087,39,0.00234071
1773325507.33778858,0.02205060,6174,0.00048469,0.00000000,0,0.00000000,32087,32099,55,0.00202443
1773325507.43777919,0.04556359,6171,0.00022106,0.00000000,0,0.00000000,32099,32101,48,0.00237157
1773325507.53796458,0.04508330,6104,0.00043570,0.00000000,0,0.00000000,32101,32105,54,0.00096102
1773325507.63800120,0.04235631,6100,0.00029365,0.00000000,0,0.00000000,32105,32117,44,0.00248475
1773325507.73777127,0.04322529,6136,0.00013395,0.00000000,0,0.00000000,32117,32120,35,0.00160330
1773325507.83777380,0.03823350,6144,0.00051221,0.00000000,0,0.00000000,32120,32122,37,0.00148654
1773325507.93786740,0.05350771,6167,0.00096919,0.00000000,0,0.00000000,32122,32139,40,0.00275979
1773325508.03789353,0.05560911,6112,0.00065403,0.00000000,0,0.00000000,32139,32147,51,0.00290174
1773325508.13793468,0.07272202,6144,0.00069485,0.00000000,0,0.00000000,32147,32159,46,0.00226647
1773325508.23777413,0.05049832,6126,0.00052725,0.00000000,0,0.00000000,32159,32166,44,0.00235731
1773325508.33778548,0.06305916,6113,0.00068267,0.00000000,0,0.00000000,32166,32150,51,0.00340946
1773325508.43785477,0.03979954,6150,0.00065843,0.00000000,0,0.00000000,32150,32167,51,0.00397935
1773325508.53787708,0.06318460,6131,0.00022531,0.00000000,0,0.00000000,32167,32175,39,0.00287677
1773325508.63806987,0.05649095,6133,0.00127047,0.00000000,0,0.00000000,32175,32160,48,0.00642137
1773325508.73789358,0.03716912,6097,0.00051083,0.00000000,0,0.00000000,32160,32152,43,0.00258178
1773325508.83772635,0.02843954,6133,0.00022706,0.00000000,0,0.00000000,32152,32149,44,0.00195530
1773325508.93789244,0.02505017,6130,0.00021853,0.00000000,0,0.00000000,32149,32165,41,0.00117634
1773325509.03783202,0.02314316,6125,0.00044084,0.00000000,0,0.00000000,32165,32162,52,0.00130537
1773325509.13780093,0.04703932,6198,0.00066542,0.00000000,0,0.00000000,32162,32172,54,0.00167102
1773325509.23777795,0.04122402,6156,0.00044873,0.00000000,0,0.00000000,32172,32184,40,0.00274950
1773325509.33781457,0.04570318,6151,0.00028829,0.00000000,0,0.00000000,32184,32196,51,0.00336152
1773325509.43769193,0.04273501,6154,0.00058281,0.00000000,0,0.00000000,32196,32181,54,0.00083031
1773325509.53774571,0.03962465,6144,0.00057965,0.00000000,0,0.00000000,32181,32190,55,0.00292573
1773325509.63791609,0.03838411,6169,0.00049295,0.00000000,0,0.00000000,32190,32182,46,0.00104217
1773325509.73788214,0.04588370,6102,0.00057906,0.00000000,0,0.00000000,32182,32178,46,0.00141985
1773325509.83772731,0.04256945,6147,0.00098081,0.00000000,0,0.00000000,32178,32117,53,0.00169108
1773325509.93784690,0.03572898,6108,0.00021800,0.00000000,0,0.00000000,32117,32123,52,0.00295951
1773325510.03772354,0.04444944,6114,0.00046732,0.00000000,0,0.00000000,32123,32138,43,0.00159788
1773325510.13770747,0.02810791,6139,0.00052175,0.00000000,0,0.00000000,32138,32122,48,0.00185817
1773325510.23773742,0.04183753,6157,0.00026012,0.00000000,0,0.00000000,32122,32144,47,0.00271558
1773325510.33774185,0.02000308,6151,0.00017450,0.00000000,0,0.00000000,32144,32168,54,0.00192402
1773325510.43773246,0.01914267,6177,0.00030794,0.00000000,0,0.00000000,32168,32125,52,0.00167782
1773325510.53777194,0.03807081,6142,0.00064173,0.00000000,0,0.00000000,32125,32130,49,0.00186220
1773325510.63777065,0.03838315,6163,0.00046851,0.00000000,0,0.00000000,32130,32146,45,0.00286389
1773325510.73785281,0.04555866,6160,0.00065648,0.00000000,0,0.00000000,32146,32142,45,0.00081678
1773325510.83786297,0.04243485,6111,0.00075421,0.00000000,0,0.00000000,32142,32120,41,0.00084023
1773325510.93774271,0.04001105,6140,0.00048046,0.00000000,0,0.00000000,32120,32112,44,0.00326524
1773325511.03775811,0.03623992,6144,0.00028706,0.00000000,0,0.00000000,32112,32127,53,0.00180138
1773325511.13782644,0.04310977,6139,0.00051316,0.00000000,0,0.00000000,32127,32128,52,0.00125998
1773325511.23790431,0.03713644,6132,0.00060489,0.00000000,0,0.00000000,32128,32151,50,0.00135435
1773325511.33781719,0.03508615,6116,0.00050205,0.00000000,0,0.00000000,32151,32164,46,0.00259126
1773325511.43777823,0.03795551,6079,0.00067076,0.00000000,0,0.00000000,32164,32181,43,0.00251553
1773325511.53774238,0.04924775,6096,0.00037105,0.00000000,0,0.00000000,32181,32184,74,0.00349753
1773325511.63768387,0.04153140,6130,0.00061534,0.00000000,0,0.00000000,32184,32215,57,0.00264491
1773325511.73778272,0.02666026,6060,0.00044318,0.00000000,0,0.00000000,32215,32216,66,0.00281536
1773325511.83791733,0.01822685,6040,0.00022983,0.00000000,0,0.00000000,32216,32196,57,0.00281709
1773325511.93782043,0.02087624,6044,0.00067496,0.00000000,0,0.00000000,32196,32218,56,0.00114948
1773325512.03767562,0.04437385,6047,0.00068732,0.00000000,0,0.00000000,32218,32214,57,0.00109858
1773325512.13773775,0.04183460,6024,0.00028844,0.00000000,0,0.00000000,32214,32225,58,0.00165358
1773325512.23780179,0.03709795,5996,0.00058110,0.00000000,0,0.00000000,32225,32219,53,0.00185292
1773325512.33768749,0.03722876,6034,0.00118738,0.00000000,0,0.00000000,32219,32160,66,0.00084841
1773325512.43765831,0.03497548,6015,0.00038505,0.00000000,0,0.00000000,32160,32153,56,0.00110896
1773325512.53790498,0.04416398,5958,0.00129485,0.00000000,0,0.00000000,32153,32168,62,0.00322452
1773325512.63768840,0.04775856,5936,0.00049499,0.00000000,0,0.00000000,32168,32187,53,0.00202013
1773325512.73767519,0.04082190,5959,0.00061734,0.00000000,0,0.00000000,32187,32212,56,0.00315116
1773325512.83777738,0.05159493,5927,0.00047464,0.00000000,0,0.00000000,32212,32239,55,0.00181949
1773325512.93769884,0.04390334,6002,0.00030428,0.00000000,0,0.00000000,32239,32251,61,0.00133445
1773325513.03778076,0.04094320,5931,0.00071138,0.00000000,0,0.00000000,32251,32271,61,0.00309608
1773325513.13778567,0.03553480,5944,0.00137206,0.00000000,0,0.00000000,32271,32091,57,0.00272501
1773325513.23776007,0.03837650,5923,0.00083822,0.00000000,0,0.00000000,32091,32072,67,0.00093119
1773325513.33762956,0.02400899,5929,0.00020422,0.00000000,0,0.00000000,32072,32094,51,0.00259146
1773325513.43764305,0.01999190,5994,0.00036649,0.00000000,0,0.00000000,32094,32111,54,0.00272175
1773325513.53779531,0.04033235,5922,0.00071164,0.00000000,0,0.00000000,32111,32125,53,0.00286415
1773325513.63760328,0.03887890,5951,0.00064256,0.00000000,0,0.00000000,32125,32131,32,0.00209359
1773325513.73764873,0.03885761,5971,0.00043719,0.00000000,0,0.00000000,32131,32128,34,0.00243144
1773325513.83777332,0.04275410,5916,0.00018443,0.00000000,0,0.00000000,32128,32143,47,0.00088788
1773325513.93765974,0.04098408,5962,0.00095033,0.00000000,0,0.00000000,32143,32156,65,0.00342612
1773325514.03763723,0.03440856,5919,0.00051524,0.00000000,0,0.00000000,32156,32171,63,0.00185325
1773325514.13767099,0.03441622,5991,0.00076689,0.00000000,0,0.00000000,32171,32173,55,0.00122433
1773325514.23776913,0.03831193,5940,0.00075285,0.00000000,0,0.00000000,32173,32173,57,0.00272703
1773325514.33775163,0.03707582,5921,0.00066841,0.00000000,0,0.00000000,32173,32184,65,0.00166863
1773325514.43773770,0.04207419,5912,0.00031490,0.00000000,0,0.00000000,32184,32183,71,0.00263078
1773325514.53773952,0.04075982,5976,0.00097901,0.00000000,0,0.00000000,32183,32209,74,0.00276813
1773325514.63770747,0.03261855,5936,0.00027583,0.00000000,0,0.00000000,32209,32230,67,0.00175951
1773325514.73769617,0.03689252,6002,0.00024279,0.00000000,0,0.00000000,32230,32258,63,0.00121988
1773325514.83783054,0.02277743,5874,0.00046343,0.00000000,0,0.00000000,32258,32273,73,0.00294933
1773325514.93761301,0.02837715,5950,0.00065694,0.00000000,0,0.00000000,32273,32276,56,0.00265084
1773325515.03762531,0.04301732,5907,0.00037481,0.00000000,0,0.00000000,32276,32295,48,0.00289997
1773325515.13761544,0.03782014,5926,0.00100711,0.00000000,0,0.00000000,32295,32265,47,0.00204723
1773325515.23762250,0.04652531,5922,0.00067810,0.00000000,0,0.00000000,32265,32274,57,0.00123347
1773325515.33761430,0.04078071,5895,0.00060846,0.00000000,0,0.00000000,32274,32285,56,0.00154343
1773325515.43761921,0.03379172,5881,0.00070436,0.00000000,0,0.00000000,32285,32275,50,0.00085104
1773325515.53768516,0.03602794,5895,0.00070576,0.00000000,0,0.00000000,32275,32278,46,0.00222889
1773325515.63761902,0.03988454,5944,0.00057379,0.00000000,0,0.00000000,32278,32295,61,0.00286632
1773325515.73765349,0.03755793,6007,0.00052183,0.00000000,0,0.00000000,32295,32311,46,0.00439918
1773325515.83763599,0.04533830,5991,0.00077485,0.00000000,0,0.00000000,32311,32297,53,0.00271710
1773325515.93765306,0.04468173,6021,0.00061031,0.00000000,0,0.00000000,32297,32290,49,0.00207368
1773325516.03763056,0.04989121,6038,0.00058261,0.00000000,0,0.00000000,32290,32300,51,0.00197265
1773325516.13767838,0.03548063,6010,0.00061695,0.00000000,0,0.00000000,32300,32296,51,0.00290022
1773325516.23764849,0.03780078,6014,0.00017898,0.00000000,0,0.00000000,32296,32310,42,0.00179928
1773325516.33773494,0.02333980,5997,0.00016790,0.00000000,0,0.00000000,32310,32319,42,0.00224856
1773325516.43753648,0.02551745,6082,0.00026949,0.00000000,0,0.00000000,32319,32328,54,0.00243382
1773325516.53759456,0.04101615,6074,0.00075551,0.00000000,0,0.00000000,32328,32328,57,0.00200917
1773325516.63756943,0.04423012,6063,0.00059608,0.00000000,0,0.00000000,32328,32342,46,0.00167136
1773325516.73762965,0.05091678,6065,0.00101923,0.00000000,0,0.00000000,32342,32343,55,0.00079979
1773325516.83772254,0.04784656,6019,0.00072384,0.00000000,0,0.00000000,32343,32347,47,0.00079638
1773325516.93766356,0.04152032,6038,0.00064672,0.00000000,0,0.00000000,32347,32341,48,0.00213128
1773325517.03768420,0.04331451,6048,0.00122819,0.00000000,0,0.00000000,32341,32305,57,0.00185723
1773325517.13771653,0.03724237,6015,0.00071726,0.00000000,0,0.00000000,32305,32295,52,0.00217311
1773325517.23764443,0.03150810,6074,0.00096057,0.00000000,0,0.00000000,32295,32282,60,0.00301194
1773325517.33756161,0.03520916,6066,0.00060928,0.00000000,0,0.00000000,32282,32309,54,0.00361158
1773325517.43757367,0.04399750,6052,0.00040158,0.00000000,0,0.00000000,32309,32318,46,0.00217473
1773325517.53769875,0.03853040,6050,0.00062352,0.00000000,0,0.00000000,32318,32316,56,0.00345551
1773325517.63762760,0.03761692,6015,0.00018069,0.00000000,0,0.00000000,32316,32320,52,0.00253595
1773325517.73761392,0.04086287,6030,0.00036778,0.00000000,0,0.00000000,32320,32324,53,0.00258573
1773325517.83766747,0.02114607,5962,0.00021454,0.00000000,0,0.00000000,32324,32344,51,0.00169395
1773325517.93756151,0.02192831,6034,0.00023214,0.00000000,0,0.00000000,32344,32373,64,0.00329240
1773325518.03769994,0.03692296,6020,0.00051389,0.00000000,0,0.00000000,32373,32387,42,0.00447991
1773325518.13764548,0.04701443,5956,0.00050534,0.00000000,0,0.00000000,32387,32383,59,0.00405559
1773325518.23765135,0.03937544,5992,0.00053281,0.00000000,0,0.00000000,32383,32408,76,0.00096543
1773325518.33765554,0.04259403,5999,0.00058883,0.00000000,0,0.00000000,32408,32412,44,0.00097251
1773325518.43783522,0.04392958,5961,0.00053424,0.00000000,0,0.00000000,32412,32423,61,0.00302918
1773325518.53772712,0.03827561,5945,0.00050247,0.00000000,0,0.00000000,32423,32444,40,0.00157622
1773325518.63761210,0.03491692,5993,0.00077899,0.00000000,0,0.00000000,32444,32442,56,0.00145790
1773325518.73763299,0.03847299,6039,0.00126274,0.00000000,0,0.00000000,32442,32397,55,0.00307672
1773325518.83761501,0.03953357,6029,0.00064863,0.00000000,0,0.00000000,32397,32375,52,0.00260471
1773325518.93750858,0.04329010,6061,0.00067933,0.00000000,0,0.00000000,32375,32401,61,0.00151904
1773325519.03758192,0.04339035,5988,0.00059815,0.00000000,0,0.00000000,32401,32418,60,0.00195096
1773325519.13757992,0.03643572,6015,0.00014935,0.00000000,0,0.00000000,32418,32428,36,0.00184305
1773325519.23768401,0.04331296,5998,0.00016713,0.00000000,0,0.00000000,32428,32432,38,0.00106583
1773325519.33765459,0.02350652,6025,0.00023562,0.00000000,0,0.00000000,32432,32431,59,0.00220531
1773325519.43749404,0.02336537,6048,0.00019889,0.00000000,0,0.00000000,32431,32462,57,0.00178247
1773325519.53768086,0.03808904,5954,0.00059949,0.00000000,0,0.00000000,32462,32477,57,0.00298594
1773325519.63756227,0.04082691,5961,0.00102458,0.00000000,0,0.00000000,32477,32486,63,0.00240323
1773325519.73753929,0.04405532,5945,0.00056587,0.00000000,0,0.00000000,32486,32481,44,0.00225052
1773325519.83749175,0.04968522,6005,0.00048921,0.00000000,0,0.00000000,32481,32496,45,0.00090943
1773325519.93756151,0.04000121,5962,0.00087857,0.00000000,0,0.00000000,32496,32515,52,0.00241678
1773325520.03756428,0.04061915,5954,0.00046220,0.00000000,0,0.00000000,32515,32523,44,0.00161661
1773325520.13757491,0.03885126,5927,0.00024424,0.00000000,0,0.00000000,32523,32528,48,0.00199914
1773325520.23752594,0.04175330,5975,0.00057845,0.00000000,0,0.00000000,32528,32535,48,0.00286786
1773325520.33759069,0.03980373,5933,0.00072957,0.00000000,0,0.00000000,32535,32518,48,0.00176914
1773325520.43763351,0.03716631,5963,0.00087652,0.00000000,0,0.00000000,32518,32508,47,0.00276082
1773325520.53768301,0.04844301,5954,0.00071537,0.00000000,0,0.00000000,32508,32510,52,0.00085361
1773325520.63772130,0.03845956,5954,0.00030056,0.00000000,0,0.00000000,32510,32516,32,0.00327006
1773325520.73750091,0.03648117,5963,0.00069489,0.00000000,0,0.00000000,32516,32529,54,0.00307915
1773325520.83756495,0.01992718,5984,0.00019617,0.00000000,0,0.00000000,32529,32520,63,0.00267085
1773325520.93755436,0.02167823,5936,0.00041280,0.00000000,0,0.00000000,32520,32525,52,0.00152312
1773325521.03760552,0.04229443,5926,0.00049204,0.00000000,0,0.00000000,32525,32537,48,0.00151247
1773325521.13748240,0.03953890,5956,0.00054876,0.00000000,0,0.00000000,32537,32544,51,0.00202698
1773325521.23751926,0.04517745,5924,0.00030779,0.00000000,0,0.00000000,32544,32554,35,0.00080862
1773325521.33747864,0.04766833,6014,0.00041177,0.00000000,0,0.00000000,32554,32569,39,0.00085969
1773325521.43754506,0.04269116,5979,0.00017932,0.00000000,0,0.00000000,32569,32582,40,0.00281179
1773325521.53756380,0.03574538,5977,0.00061327,0.00000000,0,0.00000000,32582,32576,50,0.00172411
1773325521.63754368,0.03685919,5950,0.00062595,0.00000000,0,0.00000000,32576,32592,41,0.00276391
1773325521.73769879,0.04156657,5957,0.00049804,0.00000000,0,0.00000000,32592,32584,48,0.00190384
1773325521.83752131,0.04489634,5981,0.00083011,0.00000000,0,0.00000000,32584,32571,54,0.00179143
1773325521.93760276,0.04584841,5988,0.00075273,0.00000000,0,0.00000000,32571,32576,37,0.00190082
1773325522.03763890,0.04053247,5979,0.00051778,0.00000000,0,0.00000000,32576,32585,41,0.00161519
1773325522.13751531,0.04030583,6008,0.00018740,0.00000000,0,0.00000000,32585,32584,41,0.00157951
1773325522.23751998,0.03772954,6017,0.00081590,0.00000000,0,0.00000000,32584,32600,70,0.00222806
1773325522.33755231,0.02705584,6011,0.00019852,0.00000000,0,0.00000000,32600,32622,46,0.00207043
1773325522.43765974,0.02351830,5958,0.00027836,0.00000000,0,0.00000000,32622,32582,49,0.00184368
1773325522.53753138,0.03702036,5972,0.00064144,0.00000000,0,0.00000000,32582,32595,53,0.00286289
1773325522.63752270,0.03662094,5994,0.00059402,0.00000000,0,0.00000000,32595,32613,55,0.00187179
1773325522.73768330,0.03681854,5961,0.00046431,0.00000000,0,0.00000000,32613,32627,41,0.00115650
1773325522.83751631,0.03882232,6015,0.00062236,0.00000000,0,0.00000000,32627,32631,40,0.00170187
1773325522.93750024,0.04318560,6003,0.00076951,0.00000000,0,0.00000000,32631,32653,57,0.00303592
1773325523.03757191,0.05021406,6003,0.00073894,0.00000000,0,0.00000000,32653,32659,42,0.00313673
1773325523.13754320,0.04179648,6014,0.00074121,0.00000000,0,0.00000000,32659,32670,55,0.00227365
1773325523.23765945,0.04149724,6006,0.00063024,0.00000000,0,0.00000000,32670,32656,43,0.00305100
1773325523.33749676,0.04053247,5994,0.00063844,0.00000000,0,0.00000000,32656,32645,42,0.00217056
1773325523.43754292,0.03379606,6063,0.00045162,0.00000000,0,0.00000000,32645,32638,39,0.00082179
1773325523.53770232,0.04276735,6034,0.00047441,0.00000000,0,0.00000000,32638,32627,39,0.00161171
1773325523.63772631,0.03330596,5953,0.00042534,0.00000000,0,0.00000000,32627,32633,34,0.00075460
1773325523.73756909,0.03409128,6007,0.00047491,0.00000000,0,0.00000000,32633,32638,33,0.00268821
1773325523.83761382,0.02642228,6002,0.00024213,0.00000000,0,0.00000000,32638,32648,52,0.00364828
1773325523.93743253,0.03217116,6010,0.00044031,0.00000000,0,0.00000000,32648,32646,34,0.00176307
1773325524.03765559,0.03943910,5966,0.00037719,0.00000000,0,0.00000000,32646,32648,48,0.00220913
1773325524.13753366,0.04066543,5971,0.00082681,0.00000000,0,0.00000000,32648,32565,31,0.00180271
1773325524.23748350,0.03664683,6017,0.00056240,0.00000000,0,0.00000000,32565,32577,46,0.00076367
1773325524.33760381,0.04305335,5984,0.00063451,0.00000000,0,0.00000000,32577,32575,45,0.00148533
1773325524.43746233,0.03793050,5980,0.00056063,0.00000000,0,0.00000000,32575,32572,41,0.00188673
1773325524.53755236,0.02807140,6014,0.00018527,0.00000000,0,0.00000000,32572,32544,39,0.00213885
1773325524.63750386,0.04156972,6012,0.00040651,0.00000000,0,0.00000000,32544,32560,44,0.00326199
1773325524.73758793,0.03890666,6019,0.00065327,0.00000000,0,0.00000000,32560,32543,45,0.00180099
1773325524.83760762,0.04236509,6002,0.00042689,0.00000000,0,0.00000000,32543,32530,45,0.00242168
1773325524.93764138,0.03932441,5982,0.00064896,0.00000000,0,0.00000000,32530,32539,50,0.00501194
1773325525.03771377,0.04260462,5929,0.00086104,0.00000000,0,0.00000000,32539,32551,43,0.00169466
1773325525.13752031,0.02614161,5969,0.00050763,0.00000000,0,0.00000000,32551,32571,48,0.00198791
1773325525.23751569,0.04041488,6040,0.00020841,0.00000000,0,0.00000000,32571,32590,47,0.00251309
1773325525.33756876,0.02629438,6009,0.00017058,0.00000000,0,0.00000000,32590,32594,30,0.00219007
1773325525.43745565,0.02556483,6027,0.00016927,0.00000000,0,0.00000000,32594,32593,34,0.00114036
1773325525.53751254,0.04352494,6008,0.00077159,0.00000000,0,0.00000000,32593,32614,44,0.00616435
1773325525.63764405,0.04027199,5967,0.00019720,0.00000000,0,0.00000000,32614,32626,41,0.00133073
1773325525.73750305,0.03830554,6028,0.00055048,0.00000000,0,0.00000000,32626,32611,39,0.00193428
1773325525.83758235,0.04411600,6011,0.00058023,0.00000000,0,0.00000000,32611,32613,39,0.00084607
1773325525.93743801,0.03725928,6016,0.00055080,0.00000000,0,0.00000000,32613,32614,47,0.00191500
1773325526.03748822,0.03981625,5992,0.00050781,0.00000000,0,0.00000000,32614,32611,37,0.00225956
1773325526.13757205,0.04077212,5976,0.00064348,0.00000000,0,0.00000000,32611,32609,47,0.00323441
1773325526.23759794,0.03333785,5967,0.00051956,0.00000000,0,0.00000000,32609,32611,40,0.00191893
1773325526.33749938,0.03415167,6028,0.00060462,0.00000000,0,0.00000000,32611,32605,37,0.00174839
1773325526.43759561,0.04415629,5988,0.00058585,0.00000000,0,0.00000000,32605,32603,41,0.00291752
1773325526.53757977,0.03664637,6043,0.00020469,0.00000000,0,0.00000000,32603,32603,42,0.00184033
1773325526.63764071,0.04502964,6049,0.00095021,0.00000000,0,0.00000000,32603,32617,43,0.00248903
1773325526.73759556,0.02470885,6033,0.00024398,0.00000000,0,0.00000000,32617,32609,39,0.00518085
1773325526.83765650,0.02936422,6056,0.00019503,0.00000000,0,0.00000000,32609,32616,42,0.00301437
1773325526.93768382,0.04648721,5976,0.00041109,0.00000000,0,0.00000000,32616,32630,35,0.00290982
1773325527.03750777,0.03977721,6039,0.00068242,0.00000000,0,0.00000000,32630,32632,43,0.00158493
1773325527.13761353,0.03423151,6029,0.00063952,0.00000000,0,0.00000000,32632,32649,46,0.00129003
1773325527.23745131,0.04263568,6014,0.00041626,0.00000000,0,0.00000000,32649,32657,32,0.00228997
1773325527.33749795,0.05663976,6028,0.00058234,0.00000000,0,0.00000000,32657,32640,44,0.00307088
1773325527.43752646,0.04468390,6003,0.00018432,0.00000000,0,0.00000000,32640,32651,45,0.00266722
1773325527.53758430,0.03892196,5994,0.00011886,0.00000000,0,0.00000000,32651,32644,26,0.00358937
1773325527.63756490,0.04235121,6015,0.00036328,0.00000000,0,0.00000000,32644,32654,33,0.00260649
1773325527.73750567,0.03790902,6063,0.00056391,0.00000000,0,0.00000000,32654,32665,36,0.00165533
1773325527.83803415,0.04043718,5946,0.00067110,0.00000000,0,0.00000000,32665,32673,38,0.00181079
1773325527.93747497,0.04359151,6039,0.00083769,0.00000000,0,0.00000000,32673,32641,52,0.00165691
1773325528.03755689,0.04097911,5988,0.00054254,0.00000000,0,0.00000000,32641,32655,41,0.00316377
1773325528.13754916,0.04655461,5991,0.00017563,0.00000000,0,0.00000000,32655,32637,36,0.00273466
1773325528.23749018,0.03653650,5971,0.00040477,0.00000000,0,0.00000000,32637,32654,39,0.00251914
1773325528.33740926,0.02431679,6002,0.00012059,0.00000000,0,0.00000000,32654,32664,29,0.00146308
1773325528.43766308,0.02420094,5995,0.00015756,0.00000000,0,0.00000000,32664,32680,44,0.00196616
1773325528.53761888,0.04760949,6028,0.00050559,0.00000000,0,0.00000000,32680,32684,37,0.00260328
1773325528.63757944,0.04314444,5974,0.00076784,0.00000000,0,0.00000000,32684,32692,70,0.00155738
1773325528.73751235,0.04628761,6034,0.00055409,0.00000000,0,0.00000000,32692,32708,46,0.00159085
1773325528.83745289,0.04812827,6006,0.00054960,0.00000000,0,0.00000000,32708,32710,38,0.00083420
1773325528.93752146,0.04087045,6059,0.00054421,0.00000000,0,0.00000000,32710,32702,47,0.00284385
1773325529.03764367,0.04148863,6010,0.00041425,0.00000000,0,0.00000000,32702,32728,50,0.00195779
1773325529.13746190,0.04265128,6048,0.00061086,0.00000000,0,0.00000000,32728,32748,50,0.00093978
1773325529.23748279,0.04485392,6039,0.00044570,0.00000000,0,0.00000000,32748,32746,42,0.00140991
1773325529.33779788,0.03539806,6057,0.00038532,0.00000000,0,0.00000000,32746,32754,40,0.00181462
1773325529.43768144,0.03727582,6056,0.00100995,0.00000000,0,0.00000000,32754,32766,51,0.00208568
1773325529.53753781,0.04666072,6031,0.00047764,0.00000000,0,0.00000000,32766,32785,46,0.00274843
1773325529.63752985,0.04160057,6059,0.00082498,0.00000000,0,0.00000000,32785,32795,39,0.00193273
1773325529.73758936,0.02776058,6004,0.00017867,0.00000000,0,0.00000000,32795,32780,41,0.00162422
1773325529.83754539,0.02138295,6025,0.00015589,0.00000000,0,0.00000000,32780,32789,40,0.00184000
1773325529.93762565,0.03956697,6003,0.00040594,0.00000000,0,0.00000000,32789,32795,47,0.00192041
1773325530.03761458,0.03791862,5975,0.00016144,0.00000000,0,0.00000000,32795,32809,34,0.00163352
1773325530.13739538,0.03842749,6086,0.00061484,0.00000000,0,0.00000000,32809,32804,51,0.00146977
1773325530.23763824,0.04673954,6024,0.00043227,0.00000000,0,0.00000000,32804,32812,41,0.00100630
1773325530.33758307,0.03686304,6023,0.00051210,0.00000000,0,0.00000000,32812,32824,41,0.00264172
1773325530.43755555,0.03943060,6052,0.00016951,0.00000000,0,0.00000000,32824,32816,38,0.00175054
1773325530.53759694,0.03824529,5989,0.00048992,0.00000000,0,0.00000000,32816,32816,29,0.00187047
1773325530.63741493,0.03636895,6044,0.00045272,0.00000000,0,0.00000000,32816,32828,48,0.00257388
1773325530.73752213,0.04271345,6022,0.00038651,0.00000000,0,0.00000000,32828,32832,30,0.00196650
1773325530.83748293,0.04544055,6020,0.00017618,0.00000000,0,0.00000000,32832,32846,42,0.00256038
1773325530.93737650,0.04100268,5987,0.00072886,0.00000000,0,0.00000000,32846,32827,63,0.00169084
1773325531.03741169,0.05156443,6027,0.00140606,0.00000000,0,0.00000000,32827,32821,42,0.00165201
1773325531.13757539,0.04429925,6069,0.00071258,0.00000000,0,0.00000000,32821,32800,45,0.00091277
1773325531.23759937,0.03571990,5985,0.00018429,0.00000000,0,0.00000000,32800,32808,41,0.00170425
1773325531.33728933,0.01886976,6075,0.00022213,0.00000000,0,0.00000000,32808,32825,48,0.00243725
1773325531.43754101,0.01984498,5939,0.00024430,0.00000000,0,0.00000000,32825,32831,42,0.00176975
1773325531.53731275,0.03557621,5952,0.00104528,0.00000000,0,0.00000000,32831,32857,61,0.00471122
1773325531.63738179,0.04020268,5955,0.00062314,0.00000000,0,0.00000000,32857,32875,49,0.00286509
1773325531.73754501,0.03908740,5983,0.00070210,0.00000000,0,0.00000000,32875,32886,54,0.00173191
1773325531.83753729,0.04645856,5959,0.00037925,0.00000000,0,0.00000000,32886,32904,37,0.00098452
1773325531.93757057,0.04309637,5979,0.00070679,0.00000000,0,0.00000000,32904,32901,47,0.00309574
1773325532.03756618,0.04838056,6040,0.00041864,0.00000000,0,0.00000000,32901,32920,44,0.00293547
1773325532.13756585,0.04455812,6043,0.00085829,0.00000000,0,0.00000000,32920,32942,57,0.00301763
1773325532.23783970,0.04310080,5971,0.00015918,0.00000000,0,0.00000000,32942,32948,37,0.00186681
1773325532.33734751,0.04518389,6074,0.00019968,0.00000000,0,0.00000000,32948,32973,56,0.00214564
1773325532.43748546,0.04110122,6007,0.00060310,0.00000000,0,0.00000000,32973,32979,49,0.00110480
1773325532.53757882,0.05554820,6015,0.00051473,0.00000000,0,0.00000000,32979,32992,38,0.00193541
1773325532.63748026,0.03420881,6057,0.00073333,0.00000000,0,0.00000000,32992,32935,38,0.00250228
1773325532.73747754,0.03711393,5978,0.00021584,0.00000000,0,0.00000000,32935,32937,44,0.00124753
1773325532.83755875,0.02688126,5987,0.00028406,0.00000000,0,0.00000000,32937,32946,60,0.00197045
1773325532.93758130,0.02260035,5972,0.00014546,0.00000000,0,0.00000000,32946,32964,36,0.00180301
1773325533.03792119,0.04426360,5938,0.00062800,0.00000000,0,0.00000000,32964,32958,48,0.00262318
1773325533.13757849,0.03965240,5917,0.00030696,0.00000000,0,0.00000000,32958,32967,30,0.00220793
1773325533.23755813,0.04030780,5921,0.00055866,0.00000000,0,0.00000000,32967,32958,48,0.00111418
1773325533.33751774,0.04604356,5954,0.00057619,0.00000000,0,0.00000000,32958,32970,55,0.00139420
1773325533.43753600,0.03762289,5936,0.00081478,0.00000000,0,0.00000000,32970,32963,52,0.00255007
1773325533.53772616,0.04668371,5858,0.00062534,0.00000000,0,0.00000000,32963,32968,48,0.00390111
1773325533.63739848,0.04554596,5861,0.00024115,0.00000000,0,0.00000000,32968,32991,68,0.00129776
1773325533.73760700,0.04492523,5821,0.00026295,0.00000000,0,0.00000000,32991,33001,60,0.00250233
1773325533.83751512,0.03874172,5877,0.00031778,0.00000000,0,0.00000000,33001,32991,50,0.00169211
1773325533.93746638,0.09777624,5911,0.00039773,0.00000000,0,0.00000000,32991,32998,44,0.00135277
1773325534.03760982,0.05746224,5930,0.00055896,0.00000000,0,0.00000000,32998,33009,36,0.00300860
1773325534.13749528,0.04211765,6127,0.00116386,0.00000000,0,0.00000000,33009,32995,41,0.00133923
1773325534.23790574,0.04964295,6069,0.00063292,0.00000000,0,0.00000000,32995,32997,37,0.00442097
1773325534.33755445,0.02776039,6134,0.00037764,0.00000000,0,0.00000000,32997,32977,43,0.00845327
1773325534.43751574,0.02285321,6081,0.00012660,0.00000000,0,0.00000000,32977,32993,38,0.00304866
1773325534.53767943,0.02393140,6063,0.00019050,0.00000000,0,0.00000000,32993,32996,56,0.00513479
1773325534.63775802,0.02016703,6056,0.00011857,0.00000000,0,0.00000000,32996,32997,33,0.00256888
1773325534.73748803,0.04833160,6102,0.00052911,0.00000000,0,0.00000000,32997,32976,37,0.00289789
1773325534.83752131,0.03569003,6118,0.00062438,0.00000000,0,0.00000000,32976,32977,47,0.00109230
1773325534.93750381,0.04831530,6144,0.00222888,0.00000000,0,0.00000000,32977,32818,39,0.00118978
1773325535.03749084,0.05017794,6158,0.00062327,0.00000000,0,0.00000000,32818,32821,52,0.00108192
1773325535.13757300,0.03947705,6131,0.00052932,0.00000000,0,0.00000000,32821,32832,49,0.00301332
1773325535.23750138,0.03187217,6119,0.00044823,0.00000000,0,0.00000000,32832,32838,36,0.00284240
1773325535.33759618,0.03898611,6132,0.00044823,0.00000000,0,0.00000000,32838,32843,39,0.00288081
1773325535.43774438,0.03658086,6113,0.00045088,0.00000000,0,0.00000000,32843,32854,47,0.00359832
1773325535.53751302,0.03596095,6117,0.00047974,0.00000000,0,0.00000000,32854,32854,35,0.00234856
1773325535.63758779,0.04666558,6118,0.00036272,0.00000000,0,0.00000000,32854,32854,40,0.00175841
1773325535.73774099,0.03795627,6113,0.00061444,0.00000000,0,0.00000000,32854,32869,65,0.00378248
1773325535.83782625,0.02564163,6086,0.00016159,0.00000000,0,0.00000000,32869,32885,44,0.00321445
1773325535.93754220,0.01848046,6110,0.00024561,0.00000000,0,0.00000000,32885,32865,37,0.00291498
1773325536.03749537,0.04438435,6104,0.00067931,0.00000000,0,0.00000000,32865,32878,39,0.00174290
1773325536.13766670,0.04250967,6058,0.00025191,0.00000000,0,0.00000000,32878,32877,40,0.00079892
1773325536.23747325,0.03832883,6075,0.00020759,0.00000000,0,0.00000000,32877,32865,51,0.00115880
1773325536.33762455,0.04397493,6070,0.00055300,0.00000000,0,0.00000000,32865,32883,42,0.00219018
1773325536.43783951,0.03519270,6019,0.00020839,0.00000000,0,0.00000000,32883,32895,39,0.00103863
1773325536.53753805,0.03774075,6045,0.00060717,0.00000000,0,0.00000000,32895,32907,59,0.00351534
1773325536.63780951,0.03459482,5937,0.00060253,0.00000000,0,0.00000000,32907,32902,45,0.00170173
1773325536.73791337,0.04476763,5899,0.00051108,0.00000000,0,0.00000000,32902,32902,50,0.00177143
1773325536.83749485,0.04532954,5877,0.00071579,0.00000000,0,0.00000000,32902,32920,50,0.00178992
1773325536.93760228,0.03880039,5889,0.00023458,0.00000000,0,0.00000000,32920,32933,53,0.00308040
1773325537.03758359,0.03366526,5906,0.00021799,0.00000000,0,0.00000000,32933,32934,52,0.00191399
1773325537.13741398,0.04909340,5848,0.00037264,0.00000000,0,0.00000000,32934,32939,57,0.00170509
1773325537.23775911,0.04182410,5818,0.00036822,0.00000000,0,0.00000000,32939,32963,54,0.00279196
1773325537.33780956,0.02256862,5823,0.00024641,0.00000000,0,0.00000000,32963,32949,42,0.00114740
1773325537.43883634,0.02214690,5841,0.00019115,0.00000000,0,0.00000000,32949,32950,43,0.00271412
1773325537.53793311,0.04411385,5859,0.00055178,0.00000000,0,0.00000000,32950,32958,44,0.00112389
1773325537.63779449,0.01872848,5852,0.00042484,0.00000000,0,0.00000000,32958,32961,55,0.00091892
1773325537.73746514,0.02385828,5852,0.00039599,0.00000000,0,0.00000000,32961,32964,42,0.00156088
1773325537.83746529,0.03177796,5852,0.00048092,0.00000000,0,0.00000000,32964,32962,42,0.00123996
1773325537.93765473,0.03201813,5852,0.00049006,0.00000000,0,0.00000000,32962,32946,42,0.00128507
1773325538.03755808,0.02400232,5852,0.00045201,0.00000000,0,0.00000000,32946,32948,42,0.00167596
1773325538.13759565,0.03378755,5852,0.00041667,0.00000000,0,0.00000000,32948,32942,41,0.00152141
1773325538.23787165,0.02882645,5852,0.00055801,0.00000000,0,0.00000000,32942,32945,41,0.00136550
1773325538.33759427,0.02750177,5852,0.00012240,0.00000000,0,0.00000000,32945,32945,41,0.00162940
1773325538.43749356,0.03632440,5852,0.00042958,0.00000000,0,0.00000000,32945,32945,41,0.00346865
1773325538.53759336,0.02830845,5852,0.00043544,0.00000000,0,0.00000000,32945,32942,41,0.00289913
1773325538.63783550,0.03534261,5852,0.00041772,0.00000000,0,0.00000000,32942,32948,41,0.00292541
1773325538.73782420,0.01998534,5852,0.00056846,0.00000000,0,0.00000000,32948,32942,41,0.00078876
1773325538.83768988,0.03196058,5852,0.00037679,0.00000000,0,0.00000000,32942,32945,41,0.00355657
1773325538.93812084,0.06200599,4948,0.02337356,0.00000000,0,0.00000000,32945,33946,2699,0.00210474
1773325539.03777814,0.04823094,4911,0.01598852,0.00000000,0,0.00000000,33946,34696,1848,0.00335762
1773325539.13743877,0.05377600,4923,0.01561121,0.00000000,0,0.00000000,34407,35065,1415,0.00232623
1773325539.23877621,0.05207600,4842,0.01330142,0.00000000,0,0.00000000,35065,35436,1201,0.00156417
1773325539.33890152,0.04990734,4781,0.01149183,0.00000000,0,0.00000000,35436,35796,988,0.00316890
1773325539.43872738,0.04950646,4909,0.01240861,0.00000000,0,0.00000000,35796,36070,971,0.00285790
1773325539.53772759,0.05090982,5157,0.01292849,0.00000000,0,0.00000000,36070,36306,1062,0.00267529
1773325539.63764167,0.05399814,5198,0.01161999,0.00000000,0,0.00000000,36306,36694,953,0.00204913
1773325539.73747563,0.04744668,5057,0.01027961,0.00000000,0,0.00000000,36694,37080,871,0.00248716
1773325539.83747435,0.04955868,5098,0.00749866,0.00000000,0,0.00000000,37080,37328,755,0.00183851
1773325539.93883491,0.02548869,4972,0.00349710,0.00000000,0,0.00000000,37328,37560,735,0.00288707
1773325540.03777146,0.02320952,4919,0.00323577,0.00000000,0,0.00000000,37560,37834,695,0.00078606
1773325540.13789821,0.02215117,4989,0.00367456,0.00000000,0,0.00000000,37834,37892,620,0.00193853
1773325540.23878670,0.02843369,5008,0.00640807,0.00000000,0,0.00000000,37892,38033,627,0.00209041
1773325540.33786583,0.03891124,4898,0.00433798,0.00000000,0,0.00000000,38033,38322,598,0.00105902
1773325540.43767238,0.04807234,4789,0.00813424,0.00000000,0,0.00000000,38322,38478,631,0.00273474
1773325540.53776383,0.04747468,5016,0.00666598,0.00000000,0,0.00000000,38478,38768,597,0.00247939
1773325540.63783264,0.04074993,5216,0.00956518,0.00000000,0,0.00000000,38768,38965,622,0.00279495
1773325540.73774743,0.04439510,5480,0.00492172,0.00000000,0,0.00000000,38965,39049,603,0.00132764
1773325540.83766079,0.04222848,5533,0.00485779,0.00000000,0,0.00000000,39049,39334,564,0.00082117
1773325540.93887568,0.04224835,5593,0.00707229,0.00000000,0,0.00000000,39334,39443,495,0.00103177
1773325541.03793645,0.03517490,5611,0.00703274,0.00000000,0,0.00000000,39443,39480,488,0.00180063
1773325541.13765073,0.03333216,5723,0.00245262,0.00000000,0,0.00000000,39480,39559,443,0.00124758
1773325541.23773050,0.04330659,5820,0.00577417,0.00000000,0,0.00000000,39559,39671,435,0.00289311
1773325541.33754587,0.04522050,5946,0.00809603,0.00000000,0,0.00000000,39671,39476,431,0.00226227
1773325541.43875051,0.03883751,5979,0.00192361,0.00000000,0,0.00000000,39476,39657,405,0.00255515
1773325541.53747845,0.05076313,6039,0.00953551,0.00000000,0,0.00000000,39657,39481,422,0.00168119
1773325541.63884401,0.03696257,6005,0.00484031,0.00000000,0,0.00000000,39481,39694,414,0.00282554
1773325541.73766232,0.04184464,6070,0.00345670,0.00000000,0,0.00000000,39694,39809,406,0.00147593
1773325541.83884835,0.02834705,6035,0.00441763,0.00000000,0,0.00000000,39809,39438,407,0.00260760
1773325541.93768239,0.02235487,6064,0.00146905,0.00000000,0,0.00000000,39438,39632,350,0.00268187
1773325542.03771782,0.04213373,6104,0.00416606,0.00000000,0,0.00000000,39632,39754,409,0.00330714
1773325542.13759685,0.04412063,6088,0.00513019,0.00000000,0,0.00000000,39754,39833,321,0.00281572
1773325542.23884487,0.04720476,6018,0.00499948,0.00000000,0,0.00000000,39833,39921,328,0.00114761
1773325542.33877707,0.05100620,5965,0.00442765,0.00000000,0,0.00000000,39921,40090,355,0.00083939
1773325542.43875861,0.05589613,5894,0.00506142,0.00000000,0,0.00000000,40090,40163,398,0.00176448
1773325542.53750110,0.04552377,5932,0.00398236,0.00000000,0,0.00000000,40163,40356,413,0.00267430
1773325542.63773608,0.04267764,5924,0.00194939,0.00000000,0,0.00000000,40356,40416,354,0.00335982
1773325542.73783493,0.03801208,5882,0.00139749,0.00000000,0,0.00000000,40416,40571,349,0.00156761
1773325542.83782053,0.04034837,5877,0.00368195,0.00000000,0,0.00000000,40571,40674,327,0.00085193
1773325542.94029927,0.04310096,6022,0.00381593,0.00000000,0,0.00000000,40674,40795,337,0.00173444
1773325543.03887033,0.05470012,5856,0.00195520,0.00000000,0,0.00000000,40795,40858,291,0.00292956
1773325543.13736606,0.04622919,5968,0.00503356,0.00000000,0,0.00000000,40858,40862,286,0.00275112
1773325543.23749113,0.03682209,5998,0.00179656,0.00000000,0,0.00000000,40862,40932,264,0.00314856
1773325543.33787847,0.02717975,5987,0.00311290,0.00000000,0,0.00000000,40932,40861,299,0.00253574
1773325543.43748283,0.02181642,6010,0.00190855,0.00000000,0,0.00000000,40861,40628,253,0.00282585
1773325543.53772426,0.04500810,6026,0.00288076,0.00000000,0,0.00000000,40628,40746,229,0.00124124
1773325543.63748527,0.04059336,6088,0.00188351,0.00000000,0,0.00000000,40746,40824,272,0.00401560
1773325543.73791409,0.04805060,6092,0.00462046,0.00000000,0,0.00000000,40824,40835,260,0.00108156
1773325543.83872867,0.04967573,6111,0.00397577,0.00000000,0,0.00000000,40835,40923,308,0.00127428
1773325543.93769431,0.05481974,6169,0.00591793,0.00000000,0,0.00000000,40923,41079,539,0.00289593
1773325544.03757167,0.04012993,6194,0.00727617,0.00000000,0,0.00000000,41079,41408,701,0.00208696
1773325544.13869929,0.04217541,6098,0.00304071,0.00000000,0,0.00000000,41408,41520,615,0.00264099
1773325544.23749161,0.02791028,6155,0.00382936,0.00000000,0,0.00000000,41520,41738,593,0.00207896
1773325544.33755088,0.02414910,6129,0.00195309,0.00000000,0,0.00000000,41738,41929,527,0.00240897
1773325544.43871236,0.02310459,6182,0.00186634,0.00000000,0,0.00000000,41929,42091,487,0.00463846
1773325544.53873920,0.02313454,6143,0.00211363,0.00000000,0,0.00000000,42091,42220,457,0.00300894
1773325544.63745880,0.02952078,6168,0.00462218,0.00000000,0,0.00000000,42220,42308,440,0.00258632
1773325544.73748636,0.04772027,6181,0.00869923,0.00000000,0,0.00000000,42308,42198,382,0.00251455
1773325544.83799148,0.05415864,6175,0.00504947,0.00000000,0,0.00000000,42198,42113,341,0.00420398
1773325544.93872404,0.05243610,6183,0.00252976,0.00000000,0,0.00000000,42113,42155,371,0.00174149
1773325545.03868985,0.05200091,6193,0.00353753,0.00000000,0,0.00000000,42155,42149,325,0.00179261
1773325545.13880610,0.04363686,6177,0.00406400,0.00000000,0,0.00000000,42149,42253,321,0.00225281
1773325545.23874354,0.05822074,6146,0.00387044,0.00000000,0,0.00000000,42253,42340,264,0.00179013
1773325545.33750820,0.04956110,6188,0.00319475,0.00000000,0,0.00000000,42340,42447,272,0.00080028
1773325545.43881750,0.04480262,6147,0.00401071,0.00000000,0,0.00000000,42447,42538,262,0.00098113
1773325545.53751421,0.04784520,6232,0.00370183,0.00000000,0,0.00000000,42538,42614,260,0.00082292
1773325545.63885117,0.04878739,6166,0.00297209,0.00000000,0,0.00000000,42614,42670,225,0.00309763
1773325545.73867822,0.05530482,6179,0.00138678,0.00000000,0,0.00000000,42670,42742,240,0.00177536
1773325545.83869004,0.04427224,6171,0.00313415,0.00000000,0,0.00000000,42742,42876,228,0.00093911
1773325545.93868923,0.03647160,6191,0.00360455,0.00000000,0,0.00000000,42876,42916,211,0.00268176
1773325546.03869796,0.02947922,6160,0.00167964,0.00000000,0,0.00000000,42916,42925,203,0.00254699
1773325546.13876820,0.02809130,6134,0.00111025,0.00000000,0,0.00000000,42925,42989,179,0.00208126
1773325546.23878241,0.02716679,6137,0.00127744,0.00000000,0,0.00000000,42989,43048,207,0.00268142
1773325546.33869147,0.02686661,6125,0.00126291,0.00000000,0,0.00000000,43048,43120,172,0.00257287
1773325546.43862987,0.02901136,6102,0.00270492,0.00000000,0,0.00000000,43120,43153,197,0.00196321
1773325546.53874755,0.03585221,6142,0.00089387,0.00000000,0,0.00000000,43153,43212,173,0.00086605
1773325546.63881636,0.03387276,6110,0.00247785,0.00000000,0,0.00000000,43212,43186,167,0.00287351
1773325546.73878384,0.03045304,6154,0.00229854,0.00000000,0,0.00000000,43186,43262,162,0.00144668
1773325546.83874273,0.03829102,6126,0.00222705,0.00000000,0,0.00000000,43262,43284,173,0.00115464
1773325546.93877506,0.04812616,6122,0.00337505,0.00000000,0,0.00000000,43284,43218,175,0.00223965
1773325547.03870082,0.04416690,6136,0.00215522,0.00000000,0,0.00000000,43218,43280,158,0.00337447
1773325547.13859534,0.04756431,6123,0.00094130,0.00000000,0,0.00000000,43280,43303,160,0.00224510
1773325547.23770118,0.04771391,6135,0.00104473,0.00000000,0,0.00000000,43303,43327,153,0.00233239
1773325547.33878875,0.04128090,6136,0.00077256,0.00000000,0,0.00000000,43327,43328,136,0.00252583
1773325547.43875957,0.03367835,6103,0.00169493,0.00000000,0,0.00000000,43328,43358,166,0.00164199
1773325547.53891635,0.05382526,6153,0.00140943,0.00000000,0,0.00000000,43358,43398,161,0.00087440
1773325547.63870335,0.04745951,6157,0.00193417,0.00000000,0,0.00000000,43398,43469,150,0.00305316
1773325547.73878384,0.03194720,6161,0.00072713,0.00000000,0,0.00000000,43469,43525,135,0.00214886
1773325547.83875895,0.02640218,6110,0.00083184,0.00000000,0,0.00000000,43525,43560,146,0.00219132
1773325547.93776751,0.02436465,6187,0.00082945,0.00000000,0,0.00000000,43560,43605,143,0.00235800
1773325548.03866696,0.04416722,6149,0.00158417,0.00000000,0,0.00000000,43605,43648,122,0.00287397
1773325548.13874435,0.03881300,6155,0.00198390,0.00000000,0,0.00000000,43648,43655,166,0.00287240
1773325548.23873091,0.04817855,6164,0.00111689,0.00000000,0,0.00000000,43655,43675,176,0.00094603
1773325548.33862805,0.05076215,6099,0.00289624,0.00000000,0,0.00000000,43675,43664,173,0.00098832
1773325548.43771315,0.04671690,6140,0.00097237,0.00000000,0,0.00000000,43664,43699,173,0.00278793
1773325548.53857136,0.04100116,6173,0.00117162,0.00000000,0,0.00000000,43699,43728,175,0.00301135
1773325548.63880777,0.04493717,6155,0.00286722,0.00000000,0,0.00000000,43728,43689,170,0.00103474
1773325548.73863769,0.04754416,6169,0.00254451,0.00000000,0,0.00000000,43689,43703,174,0.00180740
1773325548.83865333,0.03933908,6187,0.00195370,0.00000000,0,0.00000000,43703,43762,148,0.00295488
1773325548.93868971,0.05061915,6186,0.00241157,0.00000000,0,0.00000000,43762,43711,162,0.00334813
1773325549.03871298,0.04311026,6171,0.00170561,0.00000000,0,0.00000000,43711,43766,140,0.00214824
1773325549.13775992,0.03385869,6146,0.00090514,0.00000000,0,0.00000000,43766,43801,139,0.00286906
1773325549.23862743,0.03450121,6164,0.00193971,0.00000000,0,0.00000000,43801,43864,151,0.00242999
1773325549.33862948,0.02722892,6131,0.00086200,0.00000000,0,0.00000000,43864,43859,141,0.00101740
1773325549.43868756,0.02311509,6107,0.00080536,0.00000000,0,0.00000000,43859,43907,151,0.00244042
1773325549.53768277,0.04583199,6146,0.00280638,0.00000000,0,0.00000000,43907,43873,164,0.00205774
1773325549.63872814,0.03759897,6069,0.00069925,0.00000000,0,0.00000000,43873,43802,128,0.00090497
1773325549.74067497,0.04111083,6175,0.00204215,0.00000000,0,0.00000000,43802,43843,130,0.00408862
1773325549.83861494,0.04145460,6145,0.00103835,0.00000000,0,0.00000000,43843,43893,116,0.00080606
1773325549.93871999,0.04004422,6183,0.00152154,0.00000000,0,0.00000000,43893,43940,143,0.00108723
1773325550.03867984,0.05300341,6137,0.00286752,0.00000000,0,0.00000000,43940,43949,155,0.00211870
1773325550.13864541,0.04619999,6160,0.00110008,0.00000000,0,0.00000000,43949,43993,127,0.00264912
1773325550.23877192,0.04313571,6168,0.00096734,0.00000000,0,0.00000000,43993,43960,136,0.00279106
1773325550.33872342,0.04447383,6184,0.00189172,0.00000000,0,0.00000000,43960,43997,145,0.00199810
1773325550.43881273,0.04496170,6089,0.00175779,0.00000000,0,0.00000000,43997,43833,121,0.00740864
1773325550.53859282,0.05094176,6180,0.00217772,0.00000000,0,0.00000000,43833,43855,119,0.00128721
1773325550.63872290,0.04526192,6153,0.00220615,0.00000000,0,0.00000000,43855,43836,129,0.00329679
1773325550.73879671,0.02908331,6159,0.00068335,0.00000000,0,0.00000000,43836,43857,115,0.00261676
1773325550.83867073,0.02854833,6149,0.00071933,0.00000000,0,0.00000000,43857,43936,124,0.00188723
1773325550.93863058,0.02920163,6165,0.00098711,0.00000000,0,0.00000000,43936,43957,133,0.00311937
1773325551.03859711,0.04453050,6174,0.00130800,0.00000000,0,0.00000000,43957,44014,122,0.00262854
1773325551.13866043,0.04669881,6169,0.00254435,0.00000000,0,0.00000000,44014,43948,92,0.00204702
1773325551.23865533,0.03912245,6177,0.00195550,0.00000000,0,0.00000000,43948,43884,118,0.00114533
1773325551.33873534,0.04453550,6158,0.00170722,0.00000000,0,0.00000000,43884,43941,127,0.00215782
1773325551.43857765,0.04677491,6182,0.00195626,0.00000000,0,0.00000000,43941,43990,130,0.00283949
1773325551.53882599,0.04687491,6134,0.00067356,0.00000000,0,0.00000000,43990,44021,120,0.00283339
1773325551.63824272,0.04056472,6201,0.00058211,0.00000000,0,0.00000000,44021,44034,118,0.00189275
1773325551.73861766,0.04649281,6214,0.00187537,0.00000000,0,0.00000000,44034,44055,128,0.00435698
1773325551.83870149,0.04443991,6159,0.00192800,0.00000000,0,0.00000000,44055,44017,120,0.00191053
1773325551.93869925,0.03322808,6107,0.00066200,0.00000000,0,0.00000000,44017,44066,130,0.00083673
1773325552.03869414,0.06016215,5990,0.00240785,0.00000000,0,0.00000000,44066,44140,125,0.00186626
1773325552.13869762,0.04807622,6023,0.00123053,0.00000000,0,0.00000000,44140,44151,118,0.00458839
1773325552.23859096,0.02759754,6011,0.00050980,0.00000000,0,0.00000000,44151,44241,130,0.00255997
1773325552.33869147,0.02766713,6023,0.00088379,0.00000000,0,0.00000000,44241,44307,138,0.00264955
1773325552.43873501,0.02755914,5965,0.00093247,0.00000000,0,0.00000000,44307,44273,96,0.00094163
1773325552.53865957,0.04673087,6070,0.00165890,0.00000000,0,0.00000000,44273,44273,112,0.00077520
1773325552.63877726,0.04010030,6013,0.00132510,0.00000000,0,0.00000000,44273,44327,111,0.00133452
1773325552.73772669,0.05058015,6065,0.00182449,0.00000000,0,0.00000000,44327,44364,117,0.00076674
1773325552.83864021,0.06155112,6028,0.00231238,0.00000000,0,0.00000000,44364,44305,96,0.00195414
1773325552.93869948,0.04828948,5996,0.00061710,0.00000000,0,0.00000000,44305,44349,128,0.00206687
1773325553.03855467,0.04354425,6003,0.00079248,0.00000000,0,0.00000000,44349,44329,139,0.00277561
1773325553.13866377,0.04527288,6027,0.00188486,0.00000000,0,0.00000000,44329,44402,146,0.00234398
1773325553.23868489,0.04535151,5934,0.00205061,0.00000000,0,0.00000000,44402,44411,132,0.00092132
1773325553.33779526,0.03764525,5977,0.00210544,0.00000000,0,0.00000000,44411,44309,105,0.00272951
1773325553.43769693,0.05073698,5967,0.00089890,0.00000000,0,0.00000000,44309,44343,135,0.00237308
1773325553.53784418,0.04672347,5978,0.00206134,0.00000000,0,0.00000000,44343,44330,135,0.00201925
1773325553.63848233,0.03014188,5963,0.00082854,0.00000000,0,0.00000000,44330,44369,130,0.00193947
1773325553.73855400,0.05295351,5909,0.00128173,0.00000000,0,0.00000000,44369,44377,141,0.00283781
1773325553.83776498,0.02577974,5954,0.00084925,0.00000000,0,0.00000000,44377,44451,170,0.00089406
1773325553.93856692,0.02704305,5953,0.00143096,0.00000000,0,0.00000000,44451,44484,149,0.00277805
1773325554.03869414,0.04586924,5933,0.00190187,0.00000000,0,0.00000000,44484,44522,139,0.00293009
1773325554.13772535,0.04738105,5987,0.00181106,0.00000000,0,0.00000000,44522,44546,139,0.00275526
1773325554.23862553,0.04049381,5994,0.00207745,0.00000000,0,0.00000000,44546,44609,126,0.00113416
1773325554.33880138,0.04835006,6007,0.00222169,0.00000000,0,0.00000000,44609,44635,149,0.00206226
1773325554.43862104,0.04419195,6035,0.00221415,0.00000000,0,0.00000000,44635,44674,153,0.00173259
1773325554.53861523,0.04340516,6082,0.00152697,0.00000000,0,0.00000000,44674,44676,138,0.00287889
1773325554.63870811,0.04235752,6035,0.00068071,0.00000000,0,0.00000000,44676,44693,135,0.00312559
1773325554.73860002,0.04250069,6086,0.00073347,0.00000000,0,0.00000000,44693,44733,117,0.00210082
1773325554.83865857,0.03917336,6032,0.00153231,0.00000000,0,0.00000000,44733,44788,136,0.00125962
1773325554.93866372,0.04071977,6034,0.00198239,0.00000000,0,0.00000000,44788,44822,145,0.00128397
1773325555.03871036,0.05262307,5994,0.00093619,0.00000000,0,0.00000000,44822,44886,164,0.00266700
1773325555.13848853,0.05114268,6003,0.00191598,0.00000000,0,0.00000000,44886,44961,156,0.00300247
1773325555.23865175,0.02830612,5987,0.00082981,0.00000000,0,0.00000000,44961,44956,137,0.00318176
1773325555.33872890,0.02357903,6002,0.00078028,0.00000000,0,0.00000000,44956,44984,150,0.00275563
1773325555.43862343,0.02318300,5969,0.00078704,0.00000000,0,0.00000000,44984,45004,127,0.00290255
1773325555.53864646,0.04941289,5992,0.00250490,0.00000000,0,0.00000000,45004,44970,121,0.00084649
1773325555.63878202,0.04428220,6045,0.00213174,0.00000000,0,0.00000000,44970,44926,118,0.00349973
1773325555.73861027,0.04872340,6113,0.00121113,0.00000000,0,0.00000000,44926,44961,107,0.00079967
1773325555.83860636,0.04813432,6137,0.00092107,0.00000000,0,0.00000000,44961,44993,110,0.00171850
1773325555.93867564,0.04453586,6140,0.00133088,0.00000000,0,0.00000000,44993,44795,108,0.00267813
1773325556.03863883,0.04359999,6195,0.00133201,0.00000000,0,0.00000000,44609,44617,98,0.00295951
1773325556.13867784,0.03949747,6202,0.00149171,0.00000000,0,0.00000000,44617,44624,118,0.00106515
1773325556.23863959,0.04412869,6168,0.00120731,0.00000000,0,0.00000000,44624,44662,94,0.00290947
1773325556.33864188,0.04691688,6197,0.00126436,0.00000000,0,0.00000000,44662,44676,89,0.00242433
1773325556.43864083,0.05319783,6183,0.00053035,0.00000000,0,0.00000000,44676,44721,111,0.00317518
1773325556.53867412,0.04706356,6175,0.00153149,0.00000000,0,0.00000000,44721,44738,80,0.00394478
1773325556.63851428,0.04265901,6202,0.00146202,0.00000000,0,0.00000000,44738,44761,107,0.00222310
1773325556.73859978,0.04588848,6187,0.00054590,0.00000000,0,0.00000000,44761,44810,97,0.00233343
1773325556.83852601,0.02587970,6215,0.00103872,0.00000000,0,0.00000000,44810,44825,109,0.00161246
1773325556.93860221,0.02709475,6199,0.00103455,0.00000000,0,0.00000000,44825,44745,117,0.00306032
1773325557.03862953,0.04557306,6214,0.00179079,0.00000000,0,0.00000000,44745,44499,126,0.00272813
1773325557.13867831,0.03770955,6217,0.00150354,0.00000000,0,0.00000000,44499,44569,94,0.00240011
1773325557.23864055,0.04675444,6218,0.00235170,0.00000000,0,0.00000000,44569,44569,145,0.00090058
1773325557.33861232,0.04026083,6232,0.00134674,0.00000000,0,0.00000000,44569,44605,116,0.00144660
1773325557.43856597,0.04352614,6258,0.00243345,0.00000000,0,0.00000000,44605,44594,144,0.00356238
1773325557.53846526,0.04165893,6220,0.00167264,0.00000000,0,0.00000000,44594,44649,132,0.00190145
1773325557.63863873,0.04122897,6258,0.00162486,0.00000000,0,0.00000000,44649,44600,113,0.00214280
1773325557.73860097,0.05164397,6219,0.00104701,0.00000000,0,0.00000000,44600,44639,120,0.00406689
1773325557.83861828,0.04338804,6200,0.00199482,0.00000000,0,0.00000000,44639,44659,120,0.00188087
1773325557.93868208,0.04233955,6251,0.00108579,0.00000000,0,0.00000000,44659,44652,124,0.00258127
1773325558.03868484,0.04972520,6219,0.00170762,0.00000000,0,0.00000000,44652,44192,110,0.00172512
1773325558.13864470,0.03334637,6197,0.00194120,0.00000000,0,0.00000000,44192,44213,123,0.00133839
1773325558.23875046,0.04636778,6196,0.00099995,0.00000000,0,0.00000000,44213,44256,106,0.00232861
1773325558.33855939,0.02952154,6232,0.00110919,0.00000000,0,0.00000000,44256,44275,159,0.00214689
1773325558.43856668,0.02262759,6223,0.00045231,0.00000000,0,0.00000000,44275,44337,123,0.00182201
1773325558.53860974,0.02197006,6233,0.00062855,0.00000000,0,0.00000000,44337,44367,107,0.00243838
1773325558.63870907,0.04542200,6201,0.00213436,0.00000000,0,0.00000000,44367,44437,139,0.00272578
1773325558.73858619,0.04634431,6208,0.00188420,0.00000000,0,0.00000000,44437,44432,119,0.00155804
1773325558.83859968,0.04645397,6220,0.00062661,0.00000000,0,0.00000000,44432,44489,131,0.00096145
1773325558.93867731,0.03698512,6207,0.00041984,0.00000000,0,0.00000000,44489,44515,85,0.00193836
1773325559.03870535,0.04502267,6185,0.00153275,0.00000000,0,0.00000000,44515,44562,105,0.00265478
1773325559.13858390,0.05440725,6123,0.00168922,0.00000000,0,0.00000000,44562,44599,101,0.00077014
1773325559.23854685,0.04940080,6088,0.00096188,0.00000000,0,0.00000000,44599,44597,112,0.00200037
1773325559.33856845,0.04021973,6087,0.00128316,0.00000000,0,0.00000000,44597,44646,103,0.00429750
1773325559.43850613,0.04605695,6059,0.00139312,0.00000000,0,0.00000000,44646,44665,107,0.00199999
1773325559.53846431,0.05499861,6038,0.00065346,0.00000000,0,0.00000000,44665,44699,115,0.00375999
1773325559.63852620,0.04726216,6004,0.00096041,0.00000000,0,0.00000000,44699,44762,107,0.00287324
1773325559.73853254,0.02569291,6007,0.00047422,0.00000000,0,0.00000000,44762,44775,119,0.00171572
1773325559.83847237,0.02614138,6018,0.00166305,0.00000000,0,0.00000000,44775,44660,124,0.00183970
1773325559.93854332,0.02396224,5993,0.00180895,0.00000000,0,0.00000000,44660,44693,127,0.00212504
1773325560.03855515,0.04130585,6055,0.00183327,0.00000000,0,0.00000000,44693,44743,147,0.00090295
1773325560.13857102,0.04355622,6032,0.00163387,0.00000000,0,0.00000000,44743,44797,124,0.00103062
1773325560.23856020,0.05156868,6104,0.00060662,0.00000000,0,0.00000000,44797,44864,123,0.00079020
1773325560.33870697,0.05653513,6001,0.00325994,0.00000000,0,0.00000000,44864,44885,132,0.00158622
1773325560.43848944,0.04578522,6056,0.00065039,0.00000000,0,0.00000000,44885,44889,138,0.00379159
1773325560.53888965,0.04777588,6069,0.00065884,0.00000000,0,0.00000000,44889,44950,129,0.00203528
1773325560.63856077,0.04245870,6072,0.00190430,0.00000000,0,0.00000000,44950,44975,139,0.00169084
1773325560.73858714,0.03941323,6054,0.00112189,0.00000000,0,0.00000000,44975,45018,141,0.00129388
1773325560.83857226,0.04105094,6105,0.00120255,0.00000000,0,0.00000000,45018,45074,151,0.00244487
1773325560.93857694,0.04123855,6131,0.00237448,0.00000000,0,0.00000000,45074,45066,161,0.00262511
1773325561.03857136,0.04996325,6116,0.00077731,0.00000000,0,0.00000000,45066,45126,175,0.00189207
1773325561.13858223,0.04958854,6120,0.00078738,0.00000000,0,0.00000000,45126,45187,181,0.00196987
1773325561.23863363,0.03027838,6183,0.00077174,0.00000000,0,0.00000000,45187,45191,157,0.00226530
1773325561.33864784,0.02753837,6149,0.00115906,0.00000000,0,0.00000000,45191,45133,174,0.00276522
1773325561.43846917,0.02677253,6200,0.00108174,0.00000000,0,0.00000000,45133,45159,177,0.00329915
1773325561.53863835,0.04838295,6134,0.00209001,0.00000000,0,0.00000000,45159,45203,143,0.00293470
1773325561.63732433,0.04449981,6221,0.00277929,0.00000000,0,0.00000000,45203,45238,166,0.00104790
1773325561.73851991,0.04592947,6194,0.00218018,0.00000000,0,0.00000000,45238,45309,162,0.00143408
1773325561.83845425,0.04573708,6197,0.00160321,0.00000000,0,0.00000000,45309,45324,136,0.00164086
1773325561.93856812,0.04681676,6194,0.00139092,0.00000000,0,0.00000000,45324,45324,155,0.00149019
1773325562.03856874,0.04510100,6188,0.00087688,0.00000000,0,0.00000000,45324,45389,167,0.00250766
1773325562.13862801,0.04834325,6147,0.00162863,0.00000000,0,0.00000000,45389,45453,169,0.00195355
1773325562.23862457,0.05403117,6154,0.00253975,0.00000000,0,0.00000000,45453,45485,147,0.00131966
1773325562.33865857,0.04914559,6160,0.00304707,0.00000000,0,0.00000000,45485,45461,165,0.00090496
1773325562.43844342,0.04046430,6209,0.00183245,0.00000000,0,0.00000000,45461,45448,154,0.00189579
1773325562.53846836,0.05200751,6232,0.00176747,0.00000000,0,0.00000000,45448,45492,150,0.00337617
1773325562.63848138,0.03853988,6242,0.00212170,0.00000000,0,0.00000000,45492,45505,153,0.00349110
1773325562.73856497,0.04112567,6240,0.00074815,0.00000000,0,0.00000000,45505,45559,133,0.00189175
1773325562.83856297,0.02544229,6227,0.00092866,0.00000000,0,0.00000000,45559,45533,168,0.00324239
1773325562.93850183,0.02593139,6229,0.00082910,0.00000000,0,0.00000000,45533,45565,184,0.00164516
1773325563.03846359,0.04453918,6234,0.00189172,0.00000000,0,0.00000000,45565,45615,153,0.00295827
1773325563.13847733,0.04452477,6270,0.00188796,0.00000000,0,0.00000000,45615,45629,156,0.00183016
1773325563.23857450,0.04762084,6247,0.00183595,0.00000000,0,0.00000000,45629,45723,163,0.00105815
1773325563.33852458,0.04439530,6240,0.00105826,0.00000000,0,0.00000000,45723,45784,152,0.00182956
1773325563.43842673,0.04594809,6312,0.00123071,0.00000000,0,0.00000000,45784,45840,162,0.00156945
1773325563.53862453,0.03981009,6272,0.00212615,0.00000000,0,0.00000000,45840,45791,137,0.00270247
1773325563.63859606,0.04732863,6215,0.00237092,0.00000000,0,0.00000000,45791,45746,143,0.00151600
1773325563.73837614,0.04360604,6251,0.00232839,0.00000000,0,0.00000000,45746,45797,158,0.00265304
1773325563.83846068,0.04246820,6263,0.00161698,0.00000000,0,0.00000000,45797,45855,142,0.00173351
1773325563.93849444,0.05268532,6271,0.00206444,0.00000000,0,0.00000000,45855,45905,125,0.00415809
1773325564.03849053,0.03560023,6237,0.00158429,0.00000000,0,0.00000000,45905,45949,124,0.00299431
1773325564.13855720,0.04497333,6269,0.00068291,0.00000000,0,0.00000000,45949,46012,133,0.00204624
1773325564.23854184,0.05569713,6235,0.00065084,0.00000000,0,0.00000000,46012,46038,122,0.00311921
1773325564.33932781,0.02301646,6225,0.00087468,0.00000000,0,0.00000000,46038,46051,145,0.00119267
1773325564.43836164,0.02458862,6205,0.00080408,0.00000000,0,0.00000000,46051,46101,126,0.00270913
1773325564.53844523,0.05258465,6218,0.00147135,0.00000000,0,0.00000000,46101,46152,134,0.00422669
1773325564.63850284,0.03629044,6162,0.00136350,0.00000000,0,0.00000000,46152,46172,116,0.00225726
1773325564.73841953,0.05786962,6097,0.00325071,0.00000000,0,0.00000000,46172,46194,130,0.00083630
1773325564.83850622,0.05089989,6068,0.00322142,0.00000000,0,0.00000000,46194,46153,129,0.00093486
1773325564.93846726,0.04412083,6029,0.00171813,0.00000000,0,0.00000000,46153,46169,127,0.00293186
1773325565.03843975,0.04684942,6115,0.00282633,0.00000000,0,0.00000000,46169,46167,118,0.00262277
1773325565.13845444,0.03835715,6085,0.00192254,0.00000000,0,0.00000000,46167,46195,127,0.00197733
1773325565.23843718,0.05343988,6091,0.00096110,0.00000000,0,0.00000000,46195,46252,127,0.00408816
1773325565.33841729,0.05557303,6111,0.00191088,0.00000000,0,0.00000000,46252,46236,120,0.00306128
1773325565.43839931,0.04885589,6098,0.00088536,0.00000000,0,0.00000000,46236,46249,137,0.00250441
1773325565.53845358,0.05468056,6055,0.00416380,0.00000000,0,0.00000000,46249,46122,135,0.00252442
1773325565.63842225,0.04296375,6082,0.00195090,0.00000000,0,0.00000000,46122,46163,139,0.00107017
1773325565.73844957,0.03883452,6106,0.00060719,0.00000000,0,0.00000000,46163,46188,118,0.00107892
1773325565.83847070,0.02335065,6081,0.00056043,0.00000000,0,0.00000000,46188,46221,135,0.00264473
1773325565.93851948,0.02362419,6144,0.00061366,0.00000000,0,0.00000000,46221,46259,145,0.00209283
1773325566.03853393,0.02199989,6125,0.00066721,0.00000000,0,0.00000000,46259,46296,131,0.00165160
1773325566.13846779,0.05005878,6224,0.00214463,0.00000000,0,0.00000000,46296,46320,146,0.00174114
1773325566.23854756,0.04666704,6199,0.00242071,0.00000000,0,0.00000000,46320,46398,152,0.00150848
1773325566.33841944,0.05147056,6274,0.00208790,0.00000000,0,0.00000000,46398,46437,140,0.00159756
1773325566.43846154,0.04781558,6244,0.00197457,0.00000000,0,0.00000000,46437,46479,138,0.00133643
1773325566.53856254,0.04072285,6213,0.00154722,0.00000000,0,0.00000000,46479,46518,144,0.00181175
1773325566.63842916,0.05214689,6256,0.00116835,0.00000000,0,0.00000000,46518,46543,156,0.00255092
1773325566.73844385,0.04885485,6259,0.00072013,0.00000000,0,0.00000000,46543,46614,153,0.00199972
1773325566.83848619,0.04312745,6275,0.00097449,0.00000000,0,0.00000000,46614,46592,163,0.00313335
1773325566.93855333,0.04118486,6285,0.00072264,0.00000000,0,0.00000000,46592,46634,145,0.00176086
1773325567.03848839,0.04847067,6233,0.00242201,0.00000000,0,0.00000000,46634,46633,129,0.00275209
1773325567.13838387,0.03582551,6290,0.00090373,0.00000000,0,0.00000000,46633,46677,164,0.00276559
1773325567.23843360,0.05094799,6303,0.00093751,0.00000000,0,0.00000000,46677,46719,119,0.00168015
1773325567.33839750,0.02880389,6276,0.00093027,0.00000000,0,0.00000000,46719,46766,140,0.00176054
1773325567.43845153,0.02700035,6276,0.00072304,0.00000000,0,0.00000000,46766,46801,152,0.00166963
1773325567.53843141,0.02520006,6287,0.00064267,0.00000000,0,0.00000000,46801,46847,137,0.00282041
1773325567.63843799,0.04501472,6252,0.00317994,0.00000000,0,0.00000000,46847,46807,163,0.00106986
1773325567.73848748,0.04498326,6286,0.00256819,0.00000000,0,0.00000000,46807,46851,148,0.00096068
1773325567.83837271,0.05046935,6262,0.00238769,0.00000000,0,0.00000000,46851,46875,130,0.00081695
1773325567.93840337,0.05360072,6257,0.00158358,0.00000000,0,0.00000000,46875,46940,150,0.00080502
1773325568.03840327,0.05312146,6297,0.00101908,0.00000000,0,0.00000000,46940,46963,142,0.00185629
1773325568.13837600,0.05004378,6272,0.00091109,0.00000000,0,0.00000000,46963,47041,134,0.00267203
1773325568.23837876,0.04639511,6254,0.00110972,0.00000000,0,0.00000000,47041,47073,115,0.00201269
1773325568.33840179,0.04639484,6271,0.00114379,0.00000000,0,0.00000000,47073,47127,145,0.00176769
1773325568.43837023,0.04202139,6233,0.00080084,0.00000000,0,0.00000000,47127,47175,146,0.00100638
1773325568.53823924,0.05977335,6215,0.00235879,0.00000000,0,0.00000000,47175,47124,139,0.00279725
1773325568.63819599,0.03303527,6157,0.00163883,0.00000000,0,0.00000000,47124,47147,116,0.00442101
1773325568.73833013,0.04871823,6144,0.00087224,0.00000000,0,0.00000000,47147,47209,138,0.00515672
1773325568.83826089,0.03049179,6144,0.00051938,0.00000000,0,0.00000000,47209,47267,127,0.00372547
1773325568.93835425,0.02909847,6118,0.00088119,0.00000000,0,0.00000000,47267,47302,168,0.00202880
1773325569.03847146,0.03155904,6145,0.00100175,0.00000000,0,0.00000000,47302,47305,146,0.00170705
1773325569.13834119,0.05206687,6064,0.00183862,0.00000000,0,0.00000000,47305,47281,143,0.00231328
1773325569.23730946,0.04791208,6203,0.00199924,0.00000000,0,0.00000000,47281,47307,146,0.00107347
1773325569.33841586,0.05550005,6181,0.00157363,0.00000000,0,0.00000000,47307,47380,143,0.00083893
1773325569.43833852,0.04771355,6212,0.00063870,0.00000000,0,0.00000000,47380,47456,143,0.00075302
1773325569.53839612,0.05704311,6191,0.00078026,0.00000000,0,0.00000000,47456,47521,137,0.00223286
1773325569.63844633,0.04968429,6205,0.00068427,0.00000000,0,0.00000000,47521,47537,115,0.00178265
1773325569.73847508,0.05141587,6184,0.00092717,0.00000000,0,0.00000000,47537,47575,113,0.00254930
1773325569.83850288,0.05367075,6155,0.00235284,0.00000000,0,0.00000000,47575,47558,141,0.00099388
1773325569.93834686,0.04519710,6225,0.00199667,0.00000000,0,0.00000000,47558,47540,117,0.00279692
1773325570.03846788,0.05482266,6137,0.00183832,0.00000000,0,0.00000000,47540,47508,128,0.00288412
1773325570.13836169,0.04774127,6181,0.00059470,0.00000000,0,0.00000000,47508,47551,107,0.00221664
1773325570.23833871,0.05227423,6180,0.00109630,0.00000000,0,0.00000000,47551,47602,120,0.00085117
1773325570.33839798,0.02712031,6200,0.00175647,0.00000000,0,0.00000000,47602,47650,114,0.00349156
1773325570.43838716,0.02888537,6177,0.00065611,0.00000000,0,0.00000000,47650,47694,92,0.00224639
1773325570.53836799,0.02600385,6179,0.00052049,0.00000000,0,0.00000000,47694,47727,114,0.00277337
1773325570.63843393,0.03129470,6146,0.00202539,0.00000000,0,0.00000000,47727,47767,120,0.00112636
1773325570.73830962,0.05248242,6136,0.00073343,0.00000000,0,0.00000000,47767,47845,130,0.00220248
1773325570.83838367,0.05235576,6168,0.00439914,0.00000000,0,0.00000000,47845,47770,173,0.00160276
1773325570.93838501,0.04945483,6244,0.00195487,0.00000000,0,0.00000000,47770,47800,136,0.00078053
1773325571.03848290,0.04971904,6182,0.00205649,0.00000000,0,0.00000000,47800,47863,159,0.00085361
1773325571.13766074,0.04672020,6274,0.00192879,0.00000000,0,0.00000000,47863,47935,158,0.00272980
1773325571.23835301,0.04326386,6272,0.00165085,0.00000000,0,0.00000000,47935,48000,137,0.00297216
1773325571.33833027,0.04296492,6282,0.00185073,0.00000000,0,0.00000000,48000,48034,146,0.00315429
1773325571.43834782,0.05021775,6277,0.00248944,0.00000000,0,0.00000000,48034,47977,141,0.00227216
1773325571.53831553,0.04822977,6317,0.00165530,0.00000000,0,0.00000000,47977,48023,134,0.00370913
1773325571.63842535,0.04117283,6297,0.00070782,0.00000000,0,0.00000000,48023,48067,125,0.00176598
1773325571.73843598,0.04487223,6318,0.00170616,0.00000000,0,0.00000000,48067,48103,134,0.00205178
1773325571.83840537,0.03195309,6280,0.00099914,0.00000000,0,0.00000000,48103,48052,135,0.00414862
1773325571.93855095,0.02577763,6267,0.00081899,0.00000000,0,0.00000000,48052,48089,121,0.00157138
1773325572.03827095,0.02407576,6302,0.00058713,0.00000000,0,0.00000000,48089,48121,125,0.00263476
1773325572.13827705,0.05399464,6253,0.00073098,0.00000000,0,0.00000000,48121,48104,118,0.00210561
1773325572.23830748,0.04442988,6294,0.00099868,0.00000000,0,0.00000000,48104,48170,141,0.00245773
1773325572.33845258,0.05150598,6298,0.00205452,0.00000000,0,0.00000000,48170,48199,124,0.00087279
1773325572.43835425,0.03577099,6277,0.00128610,0.00000000,0,0.00000000,48199,48225,102,0.00094945
1773325572.53831625,0.05304366,6276,0.00151643,0.00000000,0,0.00000000,48225,48268,129,0.00187932
1773325572.63843632,0.03910145,6308,0.00223753,0.00000000,0,0.00000000,48268,48263,116,0.00230556
1773325572.73833942,0.03381737,6300,0.00183458,0.00000000,0,0.00000000,48263,48270,131,0.00281753
1773325572.83839393,0.04711257,6246,0.00111164,0.00000000,0,0.00000000,48270,48313,130,0.00298099
1773325572.93826985,0.04381071,6293,0.00200161,0.00000000,0,0.00000000,48313,48309,120,0.00333332
1773325573.03828096,0.05036474,6314,0.00101949,0.00000000,0,0.00000000,48309,48338,114,0.00257449
1773325573.13824797,0.03392488,6262,0.00047377,0.00000000,0,0.00000000,48338,48372,106,0.00387159
1773325573.23835206,0.04903980,6264,0.00134916,0.00000000,0,0.00000000,48372,48388,101,0.00078468
1773325573.33828259,0.03000232,6279,0.00067464,0.00000000,0,0.00000000,48388,48429,148,0.00248673
1773325573.43840170,0.02834843,6238,0.00131184,0.00000000,0,0.00000000,48429,48417,125,0.00082211
1773325573.53835344,0.02677803,6216,0.00069212,0.00000000,0,0.00000000,48417,48439,129,0.00145771
1773325573.63830495,0.05521921,6190,0.00200973,0.00000000,0,0.00000000,48439,48438,134,0.00285948
1773325573.73825336,0.05405872,6195,0.00072845,0.00000000,0,0.00000000,48438,48463,128,0.00085028
1773325573.83835125,0.05153110,6176,0.00087172,0.00000000,0,0.00000000,48463,48468,111,0.00110546
1773325573.93838644,0.05343891,6142,0.00071928,0.00000000,0,0.00000000,48468,48518,128,0.00138934
1773325574.03820133,0.05236559,6170,0.00196504,0.00000000,0,0.00000000,48518,48494,113,0.00170735
1773325574.13825130,0.05057084,6162,0.00254901,0.00000000,0,0.00000000,48494,48539,136,0.00086875
1773325574.23835754,0.04702606,6171,0.00210992,0.00000000,0,0.00000000,48539,48556,123,0.00279555
1773325574.33838916,0.05214402,6179,0.00179516,0.00000000,0,0.00000000,48556,48533,122,0.00229008
1773325574.43831301,0.04491084,6160,0.00132392,0.00000000,0,0.00000000,48533,48601,138,0.00128697
1773325574.53825426,0.04712784,6184,0.00177233,0.00000000,0,0.00000000,48601,48662,136,0.00317521
1773325574.63839841,0.03235537,6220,0.00092566,0.00000000,0,0.00000000,48662,48696,134,0.00266161
1773325574.73829007,0.04856217,6182,0.00152021,0.00000000,0,0.00000000,48696,48643,116,0.00382597
1773325574.83833480,0.02528829,6173,0.00113097,0.00000000,0,0.00000000,48643,48664,127,0.00273908
1773325574.93830705,0.02258785,6188,0.00081520,0.00000000,0,0.00000000,48664,48670,136,0.00334271
1773325575.03822041,0.02610265,6183,0.00066743,0.00000000,0,0.00000000,48670,48718,105,0.00328930
1773325575.13831973,0.05059298,6193,0.00182583,0.00000000,0,0.00000000,48718,48674,109,0.00085265
1773325575.23830628,0.04383101,6203,0.00132034,0.00000000,0,0.00000000,48674,48707,103,0.00332122
1773325575.33835721,0.05582508,6178,0.00180069,0.00000000,0,0.00000000,48707,48680,106,0.00089682
1773325575.43821263,0.05363181,6194,0.00187626,0.00000000,0,0.00000000,48680,48703,103,0.00116825
1773325575.53821087,0.05135898,6177,0.00126819,0.00000000,0,0.00000000,48703,48681,99,0.00319356
1773325575.63832784,0.05649326,6177,0.00044692,0.00000000,0,0.00000000,48681,48691,97,0.00248431
1773325575.73833966,0.05833516,6166,0.00049235,0.00000000,0,0.00000000,48691,48673,92,0.00265985
1773325575.83831120,0.05165674,6177,0.00103880,0.00000000,0,0.00000000,48673,48690,81,0.00205921
1773325575.93838811,0.04444763,6151,0.00123848,0.00000000,0,0.00000000,48690,48733,89,0.00192908
1773325576.03816438,0.04468747,6185,0.00148227,0.00000000,0,0.00000000,48733,48742,117,0.00168289
1773325576.13823247,0.04219143,6154,0.00134141,0.00000000,0,0.00000000,48742,48783,96,0.00076488
1773325576.23825073,0.04858454,6188,0.00091394,0.00000000,0,0.00000000,48783,48818,118,0.00161351
1773325576.33835602,0.02386595,6202,0.00164474,0.00000000,0,0.00000000,48818,48832,116,0.00333576
1773325576.43824053,0.02400529,6229,0.00077733,0.00000000,0,0.00000000,48832,48859,123,0.00379165
1773325576.53822422,0.02369253,6281,0.00109387,0.00000000,0,0.00000000,48859,48894,120,0.00251625
1773325576.63821793,0.04559339,6271,0.00152751,0.00000000,0,0.00000000,48894,48920,123,0.00160404
1773325576.73820949,0.05316351,6277,0.00110608,0.00000000,0,0.00000000,48920,48913,117,0.00181670
1773325576.83828378,0.03922867,6266,0.00056386,0.00000000,0,0.00000000,48913,48934,124,0.00101934
1773325576.93834853,0.09286107,6267,0.00117553,0.00000000,0,0.00000000,48934,48909,128,0.00202544
1773325577.03828907,0.05012851,6236,0.00197551,0.00000000,0,0.00000000,48909,48950,123,0.00153109
1773325577.13822842,0.05599290,6282,0.00281367,0.00000000,0,0.00000000,48950,48993,127,0.00324462
1773325577.23830485,0.04846390,6300,0.00107864,0.00000000,0,0.00000000,48993,48943,108,0.00317209
1773325577.33821750,0.03919369,6303,0.00110446,0.00000000,0,0.00000000,48943,48947,115,0.00713351
1773325577.43826318,0.04272984,6286,0.00175381,0.00000000,0,0.00000000,48947,48978,108,0.00293481
1773325577.53825021,0.05226484,6287,0.00116212,0.00000000,0,0.00000000,48978,48944,100,0.00215386
1773325577.63821697,0.02838854,6306,0.00054969,0.00000000,0,0.00000000,48944,48975,96,0.00382120
1773325577.73817849,0.04975661,6342,0.00079022,0.00000000,0,0.00000000,48975,49005,96,0.00282877
1773325577.83829808,0.02498103,6280,0.00094353,0.00000000,0,0.00000000,49005,49003,106,0.00245151
1773325577.93833303,0.02047971,6289,0.00098406,0.00000000,0,0.00000000,49003,49016,106,0.00113187
1773325578.03831482,0.02336186,6288,0.00054355,0.00000000,0,0.00000000,49016,49035,83,0.00122972
1773325578.13826108,0.02860124,6291,0.00116359,0.00000000,0,0.00000000,49035,49076,97,0.00170778
1773325578.23833156,0.04679768,6268,0.00069017,0.00000000,0,0.00000000,49076,49038,98,0.00239923
1773325578.33822012,0.04896994,6290,0.00052233,0.00000000,0,0.00000000,49038,49069,107,0.00110618
1773325578.43825531,0.04544108,6285,0.00073885,0.00000000,0,0.00000000,49069,49084,79,0.00074527
1773325578.53818679,0.04112073,6294,0.00128429,0.00000000,0,0.00000000,49084,49113,94,0.00082295
1773325578.63827276,0.03807259,6305,0.00100114,0.00000000,0,0.00000000,49113,49163,92,0.00267691
1773325578.73821330,0.04049619,6291,0.00108817,0.00000000,0,0.00000000,49163,49169,66,0.00176490
1773325578.83812428,0.03863084,6337,0.00131099,0.00000000,0,0.00000000,49169,49213,119,0.00257318
1773325578.93821836,0.04520092,6311,0.00063374,0.00000000,0,0.00000000,49213,49212,76,0.00233154
1773325579.03829217,0.04471092,6328,0.00156019,0.00000000,0,0.00000000,49212,49250,97,0.00191770
1773325579.13818359,0.04430748,6303,0.00045742,0.00000000,0,0.00000000,49250,49300,109,0.00245954
1773325579.23821378,0.03100802,6303,0.00241236,0.00000000,0,0.00000000,49300,49305,81,0.00271881
1773325579.33832693,0.04729009,6230,0.00065931,0.00000000,0,0.00000000,48817,48802,99,0.00124897
1773325579.43814707,0.02806105,6244,0.00125167,0.00000000,0,0.00000000,48802,48834,96,0.00499792
1773325579.53815842,0.02786727,6235,0.00139388,0.00000000,0,0.00000000,48834,48860,100,0.00268385
1773325579.63811851,0.02721579,6236,0.00068971,0.00000000,0,0.00000000,48860,48906,99,0.00074422
1773325579.73814940,0.05095669,6250,0.00121748,0.00000000,0,0.00000000,48906,48928,76,0.00126829
1773325579.83826995,0.05501079,6228,0.00137748,0.00000000,0,0.00000000,48928,48987,92,0.00102208
1773325579.93826103,0.04742860,6229,0.00128581,0.00000000,0,0.00000000,48987,49029,85,0.00074004
1773325580.03814220,0.04737027,6252,0.00051097,0.00000000,0,0.00000000,49029,49070,90,0.00108947
1773325580.13819408,0.04110621,6241,0.00197490,0.00000000,0,0.00000000,49070,49019,90,0.00142814
1773325580.23821354,0.04031462,6236,0.00119178,0.00000000,0,0.00000000,49019,49065,80,0.00433299
1773325580.33814907,0.05275914,6245,0.00152100,0.00000000,0,0.00000000,49065,49081,92,0.00249088
1773325580.43809390,0.04096966,6287,0.00108891,0.00000000,0,0.00000000,49081,49089,79,0.00083362
1773325580.53824997,0.03987100,6242,0.00046612,0.00000000,0,0.00000000,49089,49111,95,0.00179701
1773325580.63823700,0.02449127,6226,0.00063151,0.00000000,0,0.00000000,49111,49113,84,0.00253501
1773325580.73825550,0.04682972,6222,0.00095250,0.00000000,0,0.00000000,49113,49136,83,0.00245948
1773325580.83826852,0.03139077,6248,0.00085065,0.00000000,0,0.00000000,49136,49028,78,0.00188544
1773325580.93825316,0.02444496,6222,0.00043248,0.00000000,0,0.00000000,49028,49060,82,0.00361847
1773325581.03820682,0.02388865,6215,0.00047797,0.00000000,0,0.00000000,49060,49107,87,0.00349410
1773325581.13817501,0.04732182,6156,0.00131079,0.00000000,0,0.00000000,49107,49144,94,0.00187908
1773325581.23667359,0.04572132,6312,0.00136090,0.00000000,0,0.00000000,49144,49181,86,0.00336730
1773325581.33811593,0.05124654,6285,0.00243490,0.00000000,0,0.00000000,49181,49195,99,0.00189286
1773325581.43820453,0.04796779,6339,0.00197296,0.00000000,0,0.00000000,49195,49202,96,0.00134159
1773325581.53822160,0.03643762,6285,0.00145810,0.00000000,0,0.00000000,49202,49205,88,0.00231566
1773325581.63809609,0.04431587,6334,0.00054332,0.00000000,0,0.00000000,49205,49229,80,0.00351987
1773325581.73807430,0.04370118,6295,0.00052652,0.00000000,0,0.00000000,49229,49104,89,0.00177964
1773325581.83818460,0.04022052,6262,0.00048956,0.00000000,0,0.00000000,49104,49148,85,0.00139394
1773325581.93794918,0.04480397,6308,0.00084285,0.00000000,0,0.00000000,49148,49098,86,0.00138531
1773325582.03810072,0.04442576,6281,0.00165252,0.00000000,0,0.00000000,49098,49041,72,0.00086838
1773325582.13808727,0.03638182,6262,0.00083655,0.00000000,0,0.00000000,49041,49058,97,0.00269150
1773325582.23812056,0.03839435,6285,0.00128094,0.00000000,0,0.00000000,49058,49081,96,0.00326142
1773325582.33813190,0.02353490,6302,0.00049410,0.00000000,0,0.00000000,49081,49123,87,0.00228326
1773325582.43820477,0.02197175,6255,0.00170708,0.00000000,0,0.00000000,49123,49148,84,0.00281360
1773325582.53810382,0.02370688,6287,0.00036105,0.00000000,0,0.00000000,49148,49192,80,0.00441612
1773325582.63813019,0.03072701,6313,0.00169560,0.00000000,0,0.00000000,49192,49186,82,0.00106707
1773325582.73807597,0.04491813,6281,0.00061103,0.00000000,0,0.00000000,49186,49186,81,0.00261882
1773325582.83809590,0.04547606,6325,0.00083714,0.00000000,0,0.00000000,49186,49213,66,0.00108945
1773325582.93819618,0.03531814,6317,0.00073203,0.00000000,0,0.00000000,49213,49174,56,0.00090076
1773325583.03809285,0.02945034,6344,0.00130834,0.00000000,0,0.00000000,49174,49137,74,0.00074718
1773325583.13825250,0.03043201,6320,0.00107465,0.00000000,0,0.00000000,49137,49122,71,0.00173860
1773325583.23825836,0.03583766,6366,0.00107390,0.00000000,0,0.00000000,49122,49132,55,0.00115175
1773325583.33812761,0.03282099,6373,0.00081387,0.00000000,0,0.00000000,49132,49165,69,0.00318568
1773325583.43812871,0.03373014,6377,0.00024940,0.00000000,0,0.00000000,49165,49201,62,0.00253664
1773325583.53822088,0.03431993,6342,0.00117698,0.00000000,0,0.00000000,49201,49170,65,0.00231496
1773325583.63807321,0.03866249,6332,0.00079510,0.00000000,0,0.00000000,49170,49155,58,0.00308828
1773325583.73804545,0.02531910,6365,0.00100368,0.00000000,0,0.00000000,49155,49155,56,0.00183482
1773325583.83805776,0.04109534,6357,0.00058641,0.00000000,0,0.00000000,49155,49129,78,0.00147762
1773325583.93805718,0.02455306,6341,0.00029020,0.00000000,0,0.00000000,49129,49171,63,0.00214134
1773325584.03821206,0.02349183,6347,0.00059280,0.00000000,0,0.00000000,49171,49179,79,0.00169410
1773325584.13809991,0.04567697,6306,0.00101063,0.00000000,0,0.00000000,49179,49192,64,0.00135221
1773325584.23808599,0.04158973,6311,0.00135111,0.00000000,0,0.00000000,49192,49213,90,0.00268944
1773325584.33803487,0.04703852,6250,0.00104873,0.00000000,0,0.00000000,49213,49233,64,0.00096055
1773325584.43824339,0.03778797,6253,0.00092989,0.00000000,0,0.00000000,49233,49238,65,0.00120572
1773325584.53810978,0.03743301,6252,0.00074198,0.00000000,0,0.00000000,49238,49265,43,0.00236517
1773325584.63815737,0.03579828,6203,0.00125357,0.00000000,0,0.00000000,49265,49295,75,0.00167444
1773325584.73811102,0.03066007,6267,0.00109869,0.00000000,0,0.00000000,49295,49309,71,0.00248142
1773325584.83817768,0.04594847,6214,0.00073460,0.00000000,0,0.00000000,49309,49336,74,0.00355529
1773325584.93811035,0.04317916,6245,0.00030162,0.00000000,0,0.00000000,49336,49350,61,0.00203888
1773325585.03818941,0.03780680,6236,0.00088350,0.00000000,0,0.00000000,49350,49385,75,0.00167257
1773325585.13819051,0.04202216,6251,0.00070648,0.00000000,0,0.00000000,49385,49313,60,0.00116334
1773325585.23811722,0.02244438,6272,0.00099228,0.00000000,0,0.00000000,49313,49343,71,0.00085701
1773325585.33813405,0.03595663,6249,0.00039541,0.00000000,0,0.00000000,49343,49359,67,0.00380683
1773325585.43810868,0.01592454,6262,0.00046436,0.00000000,0,0.00000000,49359,49376,54,0.00178181
1773325585.53800941,0.01900599,6297,0.00047052,0.00000000,0,0.00000000,49376,49407,58,0.00191062
1773325585.63803244,0.04357925,6322,0.00068832,0.00000000,0,0.00000000,49407,49437,50,0.00085827
1773325585.73858619,0.03940698,6278,0.00092177,0.00000000,0,0.00000000,49437,49473,70,0.00231875
1773325585.83804774,0.03945574,6304,0.00216948,0.00000000,0,0.00000000,49473,49393,65,0.00102640
1773325585.93821955,0.05009506,6285,0.00110261,0.00000000,0,0.00000000,49393,49359,60,0.00088429
1773325586.03808212,0.03953642,6288,0.00109460,0.00000000,0,0.00000000,49359,49390,90,0.00276026
1773325586.13802767,0.04198112,6273,0.00040654,0.00000000,0,0.00000000,49390,49404,68,0.00235848
1773325586.23803639,0.04691989,6264,0.00081802,0.00000000,0,0.00000000,49404,49422,65,0.00192393
1773325586.33805156,0.04219194,6301,0.00148788,0.00000000,0,0.00000000,49422,49381,79,0.00290833
1773325586.43814707,0.03454833,6304,0.00085494,0.00000000,0,0.00000000,49381,49420,69,0.00175076
1773325586.53809762,0.04058789,6295,0.00096850,0.00000000,0,0.00000000,49420,49429,75,0.00439555
1773325586.63793683,0.04336888,6287,0.00052999,0.00000000,0,0.00000000,49429,49427,59,0.00292256
1773325586.73796916,0.04587218,6329,0.00036091,0.00000000,0,0.00000000,49427,49436,66,0.00181505
1773325586.83808279,0.02979525,6275,0.00029515,0.00000000,0,0.00000000,49436,49462,64,0.00272194
1773325586.93809915,0.02079154,6298,0.00043402,0.00000000,0,0.00000000,49462,49473,76,0.00229048
1773325587.03817892,0.02240036,6303,0.00074384,0.00000000,0,0.00000000,49473,49488,92,0.00254607
1773325587.13796759,0.04205312,6294,0.00132387,0.00000000,0,0.00000000,49488,49481,71,0.00147891
1773325587.23808265,0.03571304,6283,0.00106305,0.00000000,0,0.00000000,49481,49515,82,0.00167586
1773325587.33806157,0.04586512,6263,0.00084598,0.00000000,0,0.00000000,49515,49537,65,0.00084786
1773325587.43801928,0.02956872,6265,0.00083384,0.00000000,0,0.00000000,49537,49552,68,0.00116826
1773325587.53797984,0.03157730,6254,0.00091228,0.00000000,0,0.00000000,49552,49551,72,0.00354093
1773325587.63804722,0.03897483,6285,0.00099819,0.00000000,0,0.00000000,49551,49568,69,0.00337093
1773325587.73814774,0.04233643,6264,0.00090082,0.00000000,0,0.00000000,49568,49566,58,0.00231618
1773325587.83802915,0.02808820,6282,0.00104134,0.00000000,0,0.00000000,49566,49577,88,0.00240476
1773325587.93811703,0.03865359,6298,0.00073928,0.00000000,0,0.00000000,49577,49584,63,0.00150740
1773325588.03810477,0.04312772,6285,0.00125368,0.00000000,0,0.00000000,49584,49633,66,0.00121336
1773325588.13815498,0.02725756,6281,0.00064737,0.00000000,0,0.00000000,49633,49662,59,0.00305558
1773325588.23798108,0.02777993,6339,0.00112890,0.00000000,0,0.00000000,49662,49659,56,0.00209254
1773325588.33812737,0.03831293,6281,0.00106220,0.00000000,0,0.00000000,49659,49646,56,0.00187193
1773325588.43796635,0.02156813,6323,0.00045718,0.00000000,0,0.00000000,49646,49643,79,0.00509247
1773325588.53808665,0.01737322,6282,0.00033793,0.00000000,0,0.00000000,49643,49639,58,0.00169926
1773325588.63791156,0.03525819,6359,0.00123664,0.00000000,0,0.00000000,49639,49629,60,0.00104084
1773325588.73803997,0.04135751,6282,0.00058632,0.00000000,0,0.00000000,49629,49650,51,0.00255346
1773325588.83790898,0.04735973,6370,0.00049010,0.00000000,0,0.00000000,49650,49680,69,0.00131363
1773325588.93802166,0.04409362,6281,0.00058759,0.00000000,0,0.00000000,49680,49660,54,0.00078926
1773325589.04098606,0.04085992,6340,0.00115981,0.00000000,0,0.00000000,49660,49619,73,0.00106547
1773325589.13802028,0.03216790,6311,0.00084834,0.00000000,0,0.00000000,49619,49636,61,0.00267303
1773325589.23795247,0.02540934,6349,0.00073873,0.00000000,0,0.00000000,49636,49633,48,0.00328352
1773325589.33798862,0.02486595,6312,0.00120612,0.00000000,0,0.00000000,49633,49640,73,0.00176598
1773325589.43799543,0.04095627,6333,0.00082489,0.00000000,0,0.00000000,49640,49658,59,0.00159132
1773325589.53800964,0.03709403,6304,0.00082580,0.00000000,0,0.00000000,49658,49675,57,0.00186895
1773325589.63789105,0.02151779,6314,0.00049200,0.00000000,0,0.00000000,49675,49619,52,0.00363910
1773325589.73805404,0.03539923,6299,0.00095589,0.00000000,0,0.00000000,49619,49641,63,0.00169503
1773325589.83803606,0.02502493,6297,0.00079941,0.00000000,0,0.00000000,49641,49651,65,0.00109003
1773325589.93799019,0.02452651,6273,0.00025846,0.00000000,0,0.00000000,49651,49682,59,0.00079642
1773325590.03794765,0.01900757,6276,0.00055292,0.00000000,0,0.00000000,49682,49714,54,0.00129455
1773325590.13798666,0.03358616,6248,0.00075659,0.00000000,0,0.00000000,49714,49735,51,0.00081309
1773325590.23800540,0.03765431,6239,0.00086811,0.00000000,0,0.00000000,49735,49778,55,0.00114743
1773325590.33806109,0.03918052,6196,0.00102223,0.00000000,0,0.00000000,49778,49780,64,0.00191862
1773325590.43803668,0.04450492,6217,0.00053247,0.00000000,0,0.00000000,49780,49714,65,0.00089577
1773325590.53795433,0.03542523,6221,0.00074802,0.00000000,0,0.00000000,49714,49730,51,0.00194608
1773325590.63808179,0.02578423,6214,0.00078432,0.00000000,0,0.00000000,49730,49758,58,0.00151243
1773325590.73799062,0.03115030,6203,0.00090736,0.00000000,0,0.00000000,49758,49775,64,0.00145693
1773325590.83804536,0.03100473,6127,0.00144048,0.00000000,0,0.00000000,49775,49737,63,0.00170414
1773325590.93802691,0.03536621,6083,0.00079523,0.00000000,0,0.00000000,49737,49762,67,0.00260206
1773325591.03789973,0.03932566,6076,0.00096593,0.00000000,0,0.00000000,49762,49781,72,0.00288680
1773325591.13788962,0.02114235,6032,0.00032536,0.00000000,0,0.00000000,49781,49751,56,0.00285696
1773325591.23801136,0.03061830,6008,0.00097350,0.00000000,0,0.00000000,49751,49781,53,0.00203645
1773325591.33805752,0.02429024,6014,0.00016012,0.00000000,0,0.00000000,49781,49796,41,0.00102257
1773325591.43798518,0.01597596,6029,0.00036982,0.00000000,0,0.00000000,49796,49780,44,0.00098086
1773325591.53803205,0.01656239,6071,0.00025930,0.00000000,0,0.00000000,49780,49758,37,0.00120691
1773325591.63796854,0.03004779,6039,0.00074525,0.00000000,0,0.00000000,49758,49766,49,0.00156965
1773325591.73792052,0.02749696,6057,0.00076134,0.00000000,0,0.00000000,49766,49772,46,0.00200471
1773325591.83790922,0.05135839,6095,0.00087911,0.00000000,0,0.00000000,49772,49788,49,0.00168024
1773325591.93796706,0.03299320,6073,0.00072864,0.00000000,0,0.00000000,49788,49802,41,0.00154489
1773325592.03785872,0.03168015,6062,0.00035573,0.00000000,0,0.00000000,49802,49806,36,0.00248754
1773325592.13798714,0.02611897,6116,0.00032725,0.00000000,0,0.00000000,49806,49844,50,0.00197982
1773325592.23802543,0.02173335,6038,0.00054220,0.00000000,0,0.00000000,49844,49868,42,0.00107854
1773325592.33789158,0.02838334,6081,0.00078109,0.00000000,0,0.00000000,49868,49870,46,0.00250862
1773325592.43797922,0.03017026,6022,0.00052363,0.00000000,0,0.00000000,49870,49856,41,0.00266092
1773325592.53782368,0.02504772,6005,0.00075482,0.00000000,0,0.00000000,49856,49873,61,0.00254133
1773325592.63792109,0.02778438,5979,0.00071437,0.00000000,0,0.00000000,49873,49871,63,0.00205930
1773325592.73785973,0.01965047,5994,0.00054509,0.00000000,0,0.00000000,49871,49883,57,0.00127908
1773325592.83805060,0.03387126,5962,0.00080704,0.00000000,0,0.00000000,49883,49900,58,0.00127383
1773325592.93788052,0.01855134,6006,0.00031534,0.00000000,0,0.00000000,49900,49933,55,0.00222443
1773325593.03785706,0.01466066,6078,0.00028057,0.00000000,0,0.00000000,49933,49929,67,0.00213980
1773325593.13792467,0.02089253,6121,0.00041162,0.00000000,0,0.00000000,49929,49917,49,0.00174724
1773325593.23800302,0.04379752,6110,0.00108436,0.00000000,0,0.00000000,49917,49933,66,0.00189225
1773325593.33786297,0.04371330,6157,0.00144332,0.00000000,0,0.00000000,49933,49943,59,0.00086367
1773325593.43788934,0.04088174,6110,0.00093042,0.00000000,0,0.00000000,49943,49962,69,0.00171766
1773325593.53782368,0.04229211,6113,0.00138872,0.00000000,0,0.00000000,49962,49978,59,0.00110252
1773325593.63795590,0.03486097,6070,0.00034701,0.00000000,0,0.00000000,49978,49977,57,0.00243445
1773325593.73790574,0.03243538,6020,0.00039426,0.00000000,0,0.00000000,49977,49966,56,0.00084136
1773325593.83789587,0.02923208,6047,0.00077778,0.00000000,0,0.00000000,49966,49988,56,0.00308112
1773325593.93796945,0.02394197,6005,0.00079664,0.00000000,0,0.00000000,49988,49987,41,0.00201995
1773325594.03785539,0.03889547,6033,0.00071963,0.00000000,0,0.00000000,49987,49973,56,0.00248761
1773325594.13794398,0.01418034,5964,0.00045010,0.00000000,0,0.00000000,49973,49980,55,0.00325751
1773325594.23784781,0.01726390,5997,0.00032673,0.00000000,0,0.00000000,49980,49967,51,0.00311281
1773325594.33784604,0.02803277,5954,0.00038394,0.00000000,0,0.00000000,49967,49990,55,0.00166436
1773325594.43783426,0.01825671,6010,0.00023871,0.00000000,0,0.00000000,49990,50013,43,0.00322971
1773325594.53784966,0.01518845,5984,0.00019279,0.00000000,0,0.00000000,50013,50027,46,0.00246019
1773325594.63786650,0.02771602,6002,0.00098492,0.00000000,0,0.00000000,50027,50039,60,0.00144659
1773325594.73781919,0.03849110,5940,0.00069328,0.00000000,0,0.00000000,50039,49982,57,0.00245388
1773325594.83788562,0.03288976,5983,0.00027757,0.00000000,0,0.00000000,49982,50009,48,0.00119485
1773325594.93780279,0.03201195,5941,0.00112945,0.00000000,0,0.00000000,50009,49959,57,0.00160794
1773325595.03791714,0.05828350,5964,0.00068657,0.00000000,0,0.00000000,49959,49980,51,0.00077297
1773325595.13783312,0.02409189,5890,0.00078777,0.00000000,0,0.00000000,49980,49985,54,0.00219932
1773325595.23777747,0.03763730,5955,0.00094997,0.00000000,0,0.00000000,49985,50008,70,0.00179128
1773325595.33791995,0.03259460,5908,0.00091048,0.00000000,0,0.00000000,50008,50028,54,0.00164258
1773325595.43777299,0.03424555,5958,0.00020394,0.00000000,0,0.00000000,50028,50034,42,0.00245986
1773325595.53789473,0.02726937,5924,0.00103022,0.00000000,0,0.00000000,50034,50008,58,0.00178351
1773325595.63789845,0.03285338,5929,0.00142242,0.00000000,0,0.00000000,50008,49920,63,0.00135270
1773325595.73799396,0.02766141,5991,0.00079588,0.00000000,0,0.00000000,49920,49961,69,0.00212095
1773325595.83796191,0.02947167,5945,0.00142839,0.00000000,0,0.00000000,49961,49981,50,0.00363984
1773325595.93791819,0.01672118,6028,0.00020117,0.00000000,0,0.00000000,49981,49993,45,0.00324204
1773325596.03787732,0.01417615,5958,0.00016726,0.00000000,0,0.00000000,49993,50003,41,0.00178833
1773325596.13791108,0.01662276,6031,0.00023947,0.00000000,0,0.00000000,50003,50015,45,0.00201192
1773325596.23786640,0.03133361,6018,0.00065030,0.00000000,0,0.00000000,50015,50010,34,0.00162495
1773325596.33784080,0.04115288,6023,0.00029176,0.00000000,0,0.00000000,50010,50004,45,0.00103959
1773325596.43786502,0.04051086,6077,0.00125806,0.00000000,0,0.00000000,50004,50016,58,0.00115879
1773325596.53784680,0.03607693,6061,0.00059415,0.00000000,0,0.00000000,50016,50021,44,0.00101700
1773325596.63780594,0.03457175,6086,0.00099318,0.00000000,0,0.00000000,50021,50009,46,0.00261258
1773325596.73781538,0.02886184,6080,0.00032704,0.00000000,0,0.00000000,50009,50011,45,0.00185560
1773325596.83787298,0.02805998,6202,0.00070246,0.00000000,0,0.00000000,50011,50038,58,0.00770992
1773325596.93791223,0.03465372,6105,0.00084976,0.00000000,0,0.00000000,50038,50043,52,0.00328454
1773325597.03779554,0.03064106,6221,0.00052898,0.00000000,0,0.00000000,50043,50067,52,0.00237790
1773325597.13788939,0.02277233,6089,0.00047321,0.00000000,0,0.00000000,50067,50074,57,0.00261731
1773325597.23778534,0.04584056,6165,0.00077812,0.00000000,0,0.00000000,50074,50087,63,0.00252371
1773325597.33775020,0.02375364,6173,0.00168224,0.00000000,0,0.00000000,50087,49900,52,0.00085740
1773325597.43780494,0.02216007,6211,0.00025734,0.00000000,0,0.00000000,49900,49927,52,0.00338866
1773325597.53780675,0.01768249,6226,0.00027151,0.00000000,0,0.00000000,49927,49932,59,0.00235143
1773325597.63801122,0.02336783,6244,0.00071662,0.00000000,0,0.00000000,49932,49948,56,0.00145428
1773325597.73818421,0.03570034,6255,0.00061972,0.00000000,0,0.00000000,49948,49942,43,0.00273491
1773325597.83785129,0.03988368,6311,0.00033947,0.00000000,0,0.00000000,49942,49961,44,0.00087698
1773325597.93791723,0.03842314,6294,0.00060177,0.00000000,0,0.00000000,49961,49985,46,0.00087732
1773325598.03784013,0.03525997,6324,0.00030205,0.00000000,0,0.00000000,49985,49979,31,0.00277540
1773325598.13773584,0.03337319,6328,0.00033948,0.00000000,0,0.00000000,49979,49988,40,0.00158652
1773325598.23789787,0.02951841,6335,0.00032728,0.00000000,0,0.00000000,49988,49969,37,0.00274977
1773325598.33787131,0.03391224,6371,0.00066953,0.00000000,0,0.00000000,49969,49983,46,0.00216187
1773325598.43786240,0.03722449,6331,0.00076668,0.00000000,0,0.00000000,49983,49998,38,0.00319429
1773325598.53782749,0.03824223,6367,0.00068989,0.00000000,0,0.00000000,49998,50022,46,0.00320169
1773325598.63785410,0.02294349,6344,0.00053362,0.00000000,0,0.00000000,50022,50013,44,0.00291741
1773325598.73775411,0.03197065,6320,0.00060201,0.00000000,0,0.00000000,50013,50029,41,0.00188264
1773325598.83776951,0.02333641,6340,0.00033636,0.00000000,0,0.00000000,50029,50063,60,0.00175185
1773325598.93772936,0.02426402,6343,0.00032701,0.00000000,0,0.00000000,50063,50097,62,0.00108900
1773325599.03771758,0.01829144,6349,0.00049928,0.00000000,0,0.00000000,50097,50098,52,0.00231596
1773325599.13791847,0.03563214,6281,0.00069397,0.00000000,0,0.00000000,50098,50112,49,0.00115378
1773325599.23768806,0.02699761,6363,0.00071662,0.00000000,0,0.00000000,50112,50135,53,0.00262703
1773325599.33789897,0.03943541,6305,0.00053292,0.00000000,0,0.00000000,50135,50162,36,0.00080854
1773325599.43793368,0.04507918,6300,0.00080610,0.00000000,0,0.00000000,50162,50178,46,0.00119814
1773325599.53777909,0.03559857,6314,0.00028935,0.00000000,0,0.00000000,50178,50187,46,0.00174791
1773325599.63778472,0.02763463,6283,0.00030665,0.00000000,0,0.00000000,50187,50166,46,0.00158407
1773325599.73775864,0.02966465,6246,0.00315757,0.00000000,0,0.00000000,50166,49978,68,0.00121901
1773325599.83782053,0.04032773,6236,0.00117627,0.00000000,0,0.00000000,49978,49969,69,0.00150414
1773325599.93778443,0.04567526,6234,0.00089561,0.00000000,0,0.00000000,49969,49980,60,0.00209105
1773325600.03779840,0.03519276,6238,0.00035966,0.00000000,0,0.00000000,49980,50003,37,0.00186517
1773325600.13773751,0.03474561,6239,0.00093249,0.00000000,0,0.00000000,50003,49986,62,0.00190695
1773325600.23773718,0.03609066,6258,0.00025618,0.00000000,0,0.00000000,49986,50002,52,0.00290000
1773325600.33772326,0.02436551,6274,0.00039150,0.00000000,0,0.00000000,50002,50028,64,0.00118022
1773325600.43782616,0.02464236,6222,0.00045594,0.00000000,0,0.00000000,50028,49997,69,0.00257501
1773325600.53779483,0.02483016,6310,0.00043605,0.00000000,0,0.00000000,49997,50011,63,0.00266401
1773325600.63772440,0.04472088,6273,0.00072487,0.00000000,0,0.00000000,50011,50042,51,0.00326296
1773325600.73770404,0.02498817,6259,0.00063513,0.00000000,0,0.00000000,50042,50036,63,0.00096044
1773325600.83780146,0.03933513,6282,0.00084290,0.00000000,0,0.00000000,50036,50070,55,0.00094090
1773325600.93780804,0.03681627,6265,0.00079515,0.00000000,0,0.00000000,50070,50092,52,0.00093355
1773325601.03778577,0.03844805,6290,0.00051377,0.00000000,0,0.00000000,50092,50103,33,0.00195127
1773325601.13775754,0.03501908,6306,0.00024353,0.00000000,0,0.00000000,50103,50087,37,0.00218679
1773325601.23775053,0.03847350,6296,0.00056504,0.00000000,0,0.00000000,50087,50103,44,0.00461801
1773325601.33773518,0.03265529,6311,0.00059917,0.00000000,0,0.00000000,50103,50113,46,0.00384630
1773325601.43777919,0.04646348,6315,0.00036044,0.00000000,0,0.00000000,50113,50109,64,0.00078159
1773325601.53779435,0.03246488,6289,0.00018090,0.00000000,0,0.00000000,50109,50128,32,0.00244706
1773325601.63780046,0.03965134,6208,0.00059058,0.00000000,0,0.00000000,50128,50132,41,0.00347408
1773325601.73768139,0.01920411,6172,0.00025248,0.00000000,0,0.00000000,50132,50133,49,0.00196216
1773325601.83771324,0.03936640,6199,0.00031049,0.00000000,0,0.00000000,50133,50147,50,0.00216160
1773325601.93780446,0.02459913,6111,0.00042579,0.00000000,0,0.00000000,50147,50153,50,0.00267574
1773325602.03772616,0.01926437,6039,0.00052654,0.00000000,0,0.00000000,50153,50143,52,0.00207745
1773325602.13765883,0.01789155,6017,0.00034637,0.00000000,0,0.00000000,50143,50154,49,0.00293988
1773325602.23773527,0.02945292,6019,0.00017580,0.00000000,0,0.00000000,50154,50162,39,0.00082103
1773325602.33771563,0.03703363,5984,0.00073085,0.00000000,0,0.00000000,50162,50189,46,0.00085064
1773325602.43769073,0.02719984,6037,0.00036709,0.00000000,0,0.00000000,50189,50183,57,0.00107056
1773325602.53778601,0.04109598,6021,0.00054712,0.00000000,0,0.00000000,50183,50155,31,0.00081767
1773325602.63779664,0.04220880,5991,0.00079551,0.00000000,0,0.00000000,50155,50172,58,0.00170747
1773325602.73773384,0.03488614,5979,0.00091089,0.00000000,0,0.00000000,50172,50169,52,0.00286261
1773325602.83774304,0.03605308,5951,0.00074000,0.00000000,0,0.00000000,50169,50164,58,0.00255821
1773325602.93773580,0.04465763,5977,0.00057484,0.00000000,0,0.00000000,50164,50178,51,0.00094279
1773325603.03773880,0.04302053,5943,0.00050311,0.00000000,0,0.00000000,50178,50179,43,0.00188429
1773325603.13782525,0.02349566,5967,0.00023622,0.00000000,0,0.00000000,50179,50198,55,0.00178083
1773325603.23771143,0.04447796,5978,0.00047449,0.00000000,0,0.00000000,50198,50207,68,0.00160047
1773325603.33778715,0.02768272,5940,0.00042431,0.00000000,0,0.00000000,50207,50230,47,0.00157823
1773325603.43763828,0.02004415,5932,0.00070789,0.00000000,0,0.00000000,50230,50253,42,0.00512739
1773325603.53769922,0.02260239,5932,0.00017316,0.00000000,0,0.00000000,50253,50269,47,0.00174452
1773325603.63761091,0.04351727,5932,0.00033818,0.00000000,0,0.00000000,50269,50270,58,0.00268531
1773325603.73775053,0.03672325,5900,0.00078993,0.00000000,0,0.00000000,50270,50280,53,0.00260170
1773325603.83760762,0.04226714,5939,0.00085806,0.00000000,0,0.00000000,50280,50299,61,0.00150477
1773325603.93763542,0.04433002,5928,0.00064983,0.00000000,0,0.00000000,50299,50315,53,0.00210765
1773325604.03759289,0.03185842,5984,0.00029390,0.00000000,0,0.00000000,50315,50315,54,0.00106594
1773325604.13772726,0.02920445,5899,0.00084124,0.00000000,0,0.00000000,50315,50333,53,0.00189917
1773325604.23765039,0.03534357,5961,0.00034255,0.00000000,0,0.00000000,50333,50345,56,0.00170952
1773325604.33761954,0.01749535,5972,0.00025943,0.00000000,0,0.00000000,50345,50349,43,0.00271704
1773325604.43775606,0.02360112,6009,0.00019691,0.00000000,0,0.00000000,50349,50353,42,0.00324312
1773325604.53772211,0.02189358,6013,0.00030026,0.00000000,0,0.00000000,50353,50337,50,0.00363969
1773325604.63771176,0.02204561,6038,0.00025579,0.00000000,0,0.00000000,50337,50349,54,0.00284101
1773325604.73761177,0.01924737,6077,0.00033588,0.00000000,0,0.00000000,50349,50350,59,0.00249426
1773325604.83793592,0.02215997,6142,0.00051836,0.00000000,0,0.00000000,50350,50341,48,0.00219150
1773325604.93777585,0.02269655,6170,0.00028497,0.00000000,0,0.00000000,50341,50347,46,0.00256321
1773325605.03757477,0.03739289,6207,0.00068779,0.00000000,0,0.00000000,50347,50357,50,0.00275956
1773325605.13773727,0.03704828,6163,0.00049540,0.00000000,0,0.00000000,50357,50368,55,0.00237010
1773325605.23761320,0.03777934,6192,0.00101911,0.00000000,0,0.00000000,50368,50379,65,0.00252658
1773325605.33776760,0.02626894,6184,0.00084354,0.00000000,0,0.00000000,50379,50392,63,0.00182392
1773325605.43757153,0.04020167,6215,0.00031499,0.00000000,0,0.00000000,50392,50408,48,0.00123475
1773325605.53760910,0.04624384,6221,0.00023817,0.00000000,0,0.00000000,50408,50394,43,0.00159066
1773325605.63761783,0.04990118,6203,0.00129493,0.00000000,0,0.00000000,50394,50361,69,0.00083447
1773325605.73768187,0.04552887,6182,0.00039300,0.00000000,0,0.00000000,50361,50390,51,0.00081484
1773325605.83767200,0.04241446,6189,0.00091104,0.00000000,0,0.00000000,50390,50340,52,0.00165471
1773325605.93771744,0.04884550,6138,0.00098311,0.00000000,0,0.00000000,50340,50347,44,0.00294341
1773325606.03755927,0.03703551,6140,0.00027069,0.00000000,0,0.00000000,50347,50373,59,0.00288985
1773325606.13758636,0.02597810,6188,0.00043029,0.00000000,0,0.00000000,50373,50353,45,0.00138886
1773325606.23823118,0.04166657,6193,0.00082904,0.00000000,0,0.00000000,50353,50363,54,0.00080991
1773325606.33766747,0.02322644,6195,0.00047660,0.00000000,0,0.00000000,50363,50393,64,0.00247125
1773325606.43771791,0.02046157,6143,0.00030135,0.00000000,0,0.00000000,50393,50400,56,0.00209260
1773325606.53761721,0.01817925,6167,0.00027796,0.00000000,0,0.00000000,50400,50400,66,0.00384054
1773325606.63762736,0.04308239,6154,0.00027082,0.00000000,0,0.00000000,50400,50415,58,0.00197259
1773325606.73771143,0.04901122,6144,0.00087151,0.00000000,0,0.00000000,50415,50447,57,0.00232362
1773325606.83769369,0.03628146,6178,0.00061219,0.00000000,0,0.00000000,50447,50440,46,0.00092417
1773325606.93766022,0.03254625,6151,0.00076176,0.00000000,0,0.00000000,50440,50468,60,0.00194967
1773325607.03752041,0.04735410,6180,0.00116276,0.00000000,0,0.00000000,50468,50485,54,0.00296699
1773325607.13763261,0.04228862,6183,0.00031654,0.00000000,0,0.00000000,50485,50480,52,0.00208236
1773325607.23767781,0.04428444,6173,0.00078811,0.00000000,0,0.00000000,50480,50478,60,0.00225964
1773325607.33774066,0.04256476,6171,0.00066473,0.00000000,0,0.00000000,50478,50505,51,0.00188547
1773325607.43768454,0.04284094,6165,0.00081999,0.00000000,0,0.00000000,50505,50491,43,0.00086734
1773325607.53759074,0.04959563,6178,0.00032006,0.00000000,0,0.00000000,50491,50509,45,0.00331858
1773325607.63762641,0.02703257,6180,0.00065517,0.00000000,0,0.00000000,50509,50519,54,0.00277414
1773325607.73755240,0.04292642,6186,0.00037942,0.00000000,0,0.00000000,50519,50522,46,0.00241976
1773325607.83768535,0.02448494,6168,0.00031314,0.00000000,0,0.00000000,50522,50546,58,0.00160150
1773325607.93753219,0.02698053,6171,0.00043859,0.00000000,0,0.00000000,50546,50562,58,0.00143329
1773325608.03755093,0.02241617,6154,0.00050624,0.00000000,0,0.00000000,50562,50569,60,0.00151135
1773325608.13756919,0.04171893,6152,0.00087547,0.00000000,0,0.00000000,50569,50571,56,0.00282146
1773325608.23793316,0.04315020,6144,0.00028010,0.00000000,0,0.00000000,50571,50575,51,0.00139831
1773325608.33764386,0.04264567,6113,0.00083261,0.00000000,0,0.00000000,50575,50594,46,0.00130454
1773325608.43764257,0.04340840,6113,0.00089939,0.00000000,0,0.00000000,50594,50567,62,0.00356773
1773325608.53751588,0.02822725,6117,0.00132552,0.00000000,0,0.00000000,50567,50571,70,0.00163088
1773325608.63755417,0.04786144,6137,0.00074174,0.00000000,0,0.00000000,50571,50605,53,0.00184496
1773325608.73757386,0.04819481,6142,0.00037624,0.00000000,0,0.00000000,50605,50619,62,0.00270016
1773325608.83755064,0.04074672,6154,0.00026296,0.00000000,0,0.00000000,50619,50637,60,0.00361534
1773325608.93763709,0.04123336,6103,0.00098972,0.00000000,0,0.00000000,50637,50630,48,0.00179284
1773325609.03747797,0.04578644,6178,0.00031914,0.00000000,0,0.00000000,50630,50621,41,0.00121372
1773325609.13764691,0.02430394,6121,0.00102626,0.00000000,0,0.00000000,50621,50563,50,0.00123546
1773325609.23753333,0.04576210,6145,0.00031542,0.00000000,0,0.00000000,50563,50554,45,0.00281961
1773325609.33755946,0.02450376,6115,0.00036108,0.00000000,0,0.00000000,50554,50576,44,0.00190367
1773325609.43760133,0.02301404,6129,0.00036505,0.00000000,0,0.00000000,50576,50564,42,0.00439334
1773325609.53758192,0.02708172,6134,0.00026606,0.00000000,0,0.00000000,50564,50573,50,0.00316946
1773325609.63764310,0.04645621,6096,0.00064270,0.00000000,0,0.00000000,50573,50579,42,0.00305150
1773325609.73752594,0.04865271,6151,0.00091584,0.00000000,0,0.00000000,50579,50570,54,0.00157582
1773325609.83753133,0.04996690,6153,0.00081470,0.00000000,0,0.00000000,50570,50589,49,0.00169102
1773325609.93758917,0.05651395,6154,0.00111082,0.00000000,0,0.00000000,50589,50603,64,0.00154363
1773325610.03761029,0.04525910,6122,0.00078120,0.00000000,0,0.00000000,50603,50634,63,0.00186131
1773325610.13761497,0.04349270,6108,0.00083781,0.00000000,0,0.00000000,50634,50673,59,0.00266136
1773325610.23758316,0.04097152,6141,0.00069104,0.00000000,0,0.00000000,50673,50688,41,0.00243112
1773325610.33757234,0.04412727,6153,0.00030262,0.00000000,0,0.00000000,50688,50710,55,0.00242427
1773325610.43766141,0.05172512,6145,0.00155423,0.00000000,0,0.00000000,50710,50703,55,0.00121394
1773325610.53761005,0.05443274,6162,0.00039115,0.00000000,0,0.00000000,50703,50659,61,0.00268089
1773325610.63757801,0.03038711,6143,0.00032525,0.00000000,0,0.00000000,50659,50685,62,0.00209679
1773325610.73759937,0.04437852,6155,0.00066663,0.00000000,0,0.00000000,50685,50709,58,0.00348674
1773325610.83764267,0.03643884,6116,0.00052894,0.00000000,0,0.00000000,50709,50744,74,0.00302043
1773325610.93752503,0.02712403,6181,0.00030655,0.00000000,0,0.00000000,50744,50757,61,0.00148648
1773325611.03748512,0.02800795,6184,0.00036153,0.00000000,0,0.00000000,50757,50758,51,0.00330723
1773325611.13755965,0.02595183,6182,0.00025769,0.00000000,0,0.00000000,50758,50738,47,0.00174343
1773325611.23754215,0.05570644,6169,0.00048811,0.00000000,0,0.00000000,50738,50736,61,0.00114740
1773325611.33759856,0.05723149,6168,0.00100121,0.00000000,0,0.00000000,50736,50754,63,0.00086426
1773325611.43746305,0.04189711,6201,0.00034916,0.00000000,0,0.00000000,50754,50764,52,0.00154881
1773325611.53751254,0.04673566,6211,0.00044549,0.00000000,0,0.00000000,50764,50761,52,0.00108056
1773325611.63758087,0.03620605,6203,0.00070178,0.00000000,0,0.00000000,50761,50731,42,0.00231871
1773325611.73754644,0.04964965,6164,0.00073036,0.00000000,0,0.00000000,50731,50752,52,0.00131693
1773325611.83756781,0.05012977,6165,0.00059937,0.00000000,0,0.00000000,50752,50777,41,0.00124055
1773325611.93759751,0.05119226,6116,0.00044989,0.00000000,0,0.00000000,50777,50787,60,0.00239515
1773325612.03749061,0.04825255,6202,0.00136044,0.00000000,0,0.00000000,50787,50762,65,0.00190032
1773325612.13759351,0.04763671,6131,0.00038535,0.00000000,0,0.00000000,50762,50784,64,0.00264661
1773325612.23750877,0.05353947,6180,0.00039195,0.00000000,0,0.00000000,50784,50799,54,0.00147801
1773325612.33749843,0.03652066,6131,0.00045449,0.00000000,0,0.00000000,50799,50828,48,0.00092577
1773325612.43747783,0.02945481,6177,0.00039444,0.00000000,0,0.00000000,50828,50807,61,0.00277233
1773325612.53758645,0.03188474,6185,0.00053151,0.00000000,0,0.00000000,50807,50809,55,0.00302542
1773325612.63753343,0.02988400,6202,0.00033245,0.00000000,0,0.00000000,50809,50804,48,0.00102862
1773325612.73758197,0.04956719,6147,0.00044876,0.00000000,0,0.00000000,50804,50803,66,0.00099365
1773325612.83746338,0.04450942,6142,0.00033991,0.00000000,0,0.00000000,50803,50831,54,0.00158030
1773325612.93751574,0.04493125,6204,0.00035234,0.00000000,0,0.00000000,50831,50852,56,0.00116340
1773325613.03753948,0.03723868,6123,0.00024610,0.00000000,0,0.00000000,50852,50862,64,0.00148873
1773325613.13743281,0.05091503,6182,0.00092467,0.00000000,0,0.00000000,50862,50859,64,0.00077214
1773325613.23752141,0.03796875,6224,0.00080561,0.00000000,0,0.00000000,50859,50879,62,0.00406248
1773325613.33759069,0.05416018,6156,0.00041472,0.00000000,0,0.00000000,50879,50885,56,0.00299541
1773325613.43754864,0.04139541,6157,0.00033236,0.00000000,0,0.00000000,50885,50895,54,0.00241547
1773325613.53745413,0.04197296,6178,0.00073169,0.00000000,0,0.00000000,50895,50922,58,0.00236672
1773325613.63749027,0.03229552,6166,0.00025496,0.00000000,0,0.00000000,50922,50914,53,0.00264431
1773325613.73754096,0.03161180,6179,0.00087318,0.00000000,0,0.00000000,50914,50946,67,0.00127946
1773325613.83752370,0.03084258,6208,0.00028281,0.00000000,0,0.00000000,50946,50962,70,0.00185967
1773325613.93744636,0.02282454,6167,0.00031491,0.00000000,0,0.00000000,50962,50954,58,0.00272274
1773325614.03748941,0.02373497,6220,0.00034231,0.00000000,0,0.00000000,50954,50980,57,0.00456050
1773325614.13751173,0.02451387,6213,0.00028639,0.00000000,0,0.00000000,50980,50981,58,0.00088585
1773325614.23754454,0.04702992,6222,0.00118643,0.00000000,0,0.00000000,50981,51005,58,0.00312100
1773325614.33755732,0.05566185,6168,0.00032982,0.00000000,0,0.00000000,51005,51054,68,0.00212305
1773325614.43767524,0.05242443,6149,0.00025909,0.00000000,0,0.00000000,51054,51059,47,0.00116901
1773325614.53750587,0.04952935,6204,0.00065888,0.00000000,0,0.00000000,51059,51090,56,0.00086577
1773325614.63749957,0.04385809,6202,0.00268338,0.00000000,0,0.00000000,51090,51111,74,0.00188775
1773325614.73750186,0.05153375,6137,0.00072310,0.00000000,0,0.00000000,51111,51115,45,0.00081434
1773325614.83753252,0.05299189,6141,0.00088463,0.00000000,0,0.00000000,51115,51129,54,0.00236097
1773325614.93752003,0.04660006,6175,0.00057252,0.00000000,0,0.00000000,51129,51139,44,0.00096268
1773325615.03763509,0.04887652,6091,0.00020511,0.00000000,0,0.00000000,51139,51145,49,0.00276401
1773325615.13755107,0.03403758,6115,0.00060175,0.00000000,0,0.00000000,51145,51154,44,0.00544531
1773325615.23753524,0.04193486,6173,0.00027937,0.00000000,0,0.00000000,51154,51156,48,0.00225267
1773325615.33756089,0.02593411,6133,0.00033233,0.00000000,0,0.00000000,51156,51159,52,0.00322945
1773325615.43772364,0.02618161,6166,0.00033681,0.00000000,0,0.00000000,51159,51184,57,0.00365799
1773325615.53763771,0.02967858,6099,0.00045205,0.00000000,0,0.00000000,51184,51194,55,0.00445429
1773325615.63751650,0.03053066,6144,0.00078647,0.00000000,0,0.00000000,51194,51199,45,0.00279935
1773325615.73757482,0.04997888,6094,0.00034251,0.00000000,0,0.00000000,51199,51189,54,0.00181250
1773325615.83749866,0.04350274,6129,0.00020586,0.00000000,0,0.00000000,51189,51216,51,0.00111778
1773325615.93756723,0.04240420,6111,0.00023199,0.00000000,0,0.00000000,51216,51235,49,0.00118898
1773325616.03744125,0.04658973,6131,0.00086060,0.00000000,0,0.00000000,51235,51223,52,0.00093742
1773325616.13762236,0.04992110,6049,0.00064159,0.00000000,0,0.00000000,51223,51238,36,0.00076422
1773325616.23742628,0.05278832,6102,0.00069202,0.00000000,0,0.00000000,51238,51228,44,0.00253344
1773325616.33745551,0.04548180,6102,0.00023567,0.00000000,0,0.00000000,51228,51263,59,0.00267259
1773325616.43745708,0.03885758,6129,0.00093355,0.00000000,0,0.00000000,51263,51242,48,0.00263632
1773325616.53753519,0.04875411,6134,0.00060899,0.00000000,0,0.00000000,51242,51249,46,0.00343711
1773325616.63761759,0.03925700,6070,0.00039461,0.00000000,0,0.00000000,51249,51219,59,0.00235825
1773325616.73751712,0.03921624,6115,0.00065718,0.00000000,0,0.00000000,51219,51236,55,0.00103218
1773325616.83746815,0.04055751,6105,0.00013390,0.00000000,0,0.00000000,51236,51250,32,0.00293984
1773325616.93752337,0.02963125,6087,0.00017394,0.00000000,0,0.00000000,51250,51263,49,0.00273423
1773325617.03751922,0.02652829,6082,0.00026952,0.00000000,0,0.00000000,51263,51246,57,0.00296006
1773325617.13752723,0.01965086,6064,0.00029479,0.00000000,0,0.00000000,51246,51256,47,0.00146221
1773325617.23739433,0.05648204,6141,0.00053860,0.00000000,0,0.00000000,51256,51244,52,0.00199523
1773325617.33759785,0.04738965,6054,0.00068202,0.00000000,0,0.00000000,51244,51250,56,0.00103452
1773325617.43755102,0.04672600,6009,0.00072544,0.00000000,0,0.00000000,51250,51272,51,0.00086510
1773325617.53752780,0.03562277,6086,0.00046189,0.00000000,0,0.00000000,51272,51282,35,0.00089388
1773325617.63811207,0.04117874,6006,0.00086553,0.00000000,0,0.00000000,51282,51304,55,0.00247883
1773325617.73804855,0.03819293,5961,0.00066918,0.00000000,0,0.00000000,51304,51308,51,0.00205215
1773325617.83756042,0.03767126,6074,0.00025080,0.00000000,0,0.00000000,51308,51292,41,0.00272078
1773325617.93818951,0.04315797,5998,0.00057018,0.00000000,0,0.00000000,51292,51302,45,0.00328859
1773325618.03745127,0.03929733,6050,0.00064930,0.00000000,0,0.00000000,51302,51281,50,0.00185542
1773325618.13748670,0.03163592,6018,0.00028928,0.00000000,0,0.00000000,51281,51286,45,0.00112662
1773325618.23764324,0.03435587,6032,0.00063925,0.00000000,0,0.00000000,51286,51259,42,0.00142961
1773325618.33758378,0.03921315,5991,0.00022633,0.00000000,0,0.00000000,51259,51278,50,0.00540736
1773325618.43763566,0.02858252,6034,0.00016006,0.00000000,0,0.00000000,51278,51296,37,0.00157103
1773325618.53759003,0.02493298,6019,0.00017596,0.00000000,0,0.00000000,51296,51297,45,0.00169005
1773325618.63751698,0.02113659,6087,0.00026698,0.00000000,0,0.00000000,51297,51306,53,0.00123590
1773325618.73802209,0.04528072,6120,0.00079975,0.00000000,0,0.00000000,51306,51316,55,0.00228169
1773325618.83756518,0.05129301,6046,0.00051787,0.00000000,0,0.00000000,51316,51333,41,0.00099297
1773325618.93751240,0.04867342,6119,0.00042128,0.00000000,0,0.00000000,51333,51317,57,0.00101138
1773325619.03755665,0.04197863,6091,0.00026179,0.00000000,0,0.00000000,51317,51325,38,0.00098291
1773325619.13749623,0.03972987,6117,0.00045268,0.00000000,0,0.00000000,51325,51294,43,0.00272722
1773325619.23754025,0.03594146,6069,0.00024886,0.00000000,0,0.00000000,51294,51307,44,0.00090316
1773325619.33758593,0.03734214,6061,0.00065552,0.00000000,0,0.00000000,51307,51318,40,0.00192525
1773325619.43763661,0.04095979,6100,0.00028901,0.00000000,0,0.00000000,51318,51308,47,0.00140784
1773325619.53757358,0.04896983,6071,0.00060366,0.00000000,0,0.00000000,51308,51304,44,0.00237094
1773325619.63763833,0.03528038,6063,0.00099950,0.00000000,0,0.00000000,51304,51203,45,0.00268923
1773325619.73748875,0.03894512,6067,0.00107969,0.00000000,0,0.00000000,50655,50669,74,0.00317113
1773325619.83734369,0.02696216,6115,0.00020959,0.00000000,0,0.00000000,50669,50679,46,0.00176272
1773325619.93760252,0.02529665,6037,0.00018227,0.00000000,0,0.00000000,50679,50669,45,0.00566898
1773325620.03754187,0.02119527,5995,0.00013387,0.00000000,0,0.00000000,50669,50683,38,0.00352914
1773325620.13744235,0.02164914,6114,0.00015199,0.00000000,0,0.00000000,50683,50701,41,0.00191225
1773325620.23755550,0.03757184,6050,0.00045119,0.00000000,0,0.00000000,50701,50698,38,0.00214932
1773325620.33767366,0.03828220,6056,0.00075021,0.00000000,0,0.00000000,50698,50692,45,0.00149155
1773325620.43759894,0.04425738,6026,0.00048742,0.00000000,0,0.00000000,50692,50695,46,0.00082962
1773325620.53769398,0.04306461,6030,0.00081959,0.00000000,0,0.00000000,50695,50682,50,0.00086464
1773325620.63750672,0.04270578,6057,0.00050880,0.00000000,0,0.00000000,50682,50696,49,0.00208851
1773325620.73740888,0.04069079,6083,0.00019663,0.00000000,0,0.00000000,50696,50708,49,0.00192616
1773325620.83759642,0.03746631,6026,0.00032338,0.00000000,0,0.00000000,50708,50723,48,0.00238880
1773325620.93751931,0.03730234,6074,0.00035195,0.00000000,0,0.00000000,50723,50743,42,0.00170578
1773325621.03750944,0.03957835,6029,0.00063671,0.00000000,0,0.00000000,50743,50758,43,0.00116314
1773325621.13756466,0.03530769,6077,0.00018546,0.00000000,0,0.00000000,50758,50757,43,0.00438649
1773325621.23753142,0.03219619,6003,0.00065472,0.00000000,0,0.00000000,50757,50765,47,0.00196197
1773325621.33756423,0.02699609,5925,0.00015837,0.00000000,0,0.00000000,50765,50777,44,0.00238805
1773325621.43756342,0.02258634,5868,0.00016584,0.00000000,0,0.00000000,50777,50794,31,0.00340272
1773325621.53763342,0.02116651,5784,0.00019760,0.00000000,0,0.00000000,50794,50806,44,0.00377624
1773325621.63765621,0.01904216,5610,0.00033898,0.00000000,0,0.00000000,50806,50817,40,0.00089883
1773325621.73749566,0.04068579,5603,0.00066778,0.00000000,0,0.00000000,50817,50833,47,0.00179151
1773325621.83756328,0.03160492,5586,0.00076850,0.00000000,0,0.00000000,50833,50824,44,0.00099453
1773325621.93800926,0.02901251,5520,0.00065999,0.00000000,0,0.00000000,50824,50824,36,0.00082208
1773325622.03750658,0.04439521,5486,0.00062148,0.00000000,0,0.00000000,50824,50842,51,0.00093619
1773325622.13756752,0.03930953,5534,0.00094075,0.00000000,0,0.00000000,50842,50863,46,0.00239361
1773325622.23759913,0.03835497,5523,0.00017906,0.00000000,0,0.00000000,50863,50881,37,0.00218243
1773325622.33770323,0.03199587,5526,0.00081790,0.00000000,0,0.00000000,50881,50876,50,0.00270466
1773325622.43769360,0.03222410,5643,0.00066409,0.00000000,0,0.00000000,50876,50888,45,0.00213482
1773325622.53753591,0.03506503,5893,0.00063295,0.00000000,0,0.00000000,50888,50902,48,0.00284018
1773325622.63794374,0.02152203,5958,0.00054228,0.00000000,0,0.00000000,50902,50920,50,0.00333170
1773325622.73802972,0.04524978,6008,0.00041369,0.00000000,0,0.00000000,50920,50913,66,0.00218563
1773325622.83797979,0.02504580,5978,0.00035392,0.00000000,0,0.00000000,50913,50920,54,0.00300516
1773325622.93768811,0.02249879,5986,0.00018542,0.00000000,0,0.00000000,50920,50921,38,0.00324204
1773325623.03797436,0.01921092,5995,0.00025735,0.00000000,0,0.00000000,50921,50920,38,0.00327237
1773325623.13758159,0.03833504,5990,0.00063858,0.00000000,0,0.00000000,50920,50936,53,0.00080222
1773325623.23752642,0.02559752,6021,0.00076454,0.00000000,0,0.00000000,50936,50931,44,0.00091910
1773325623.33759522,0.03488514,5939,0.00072371,0.00000000,0,0.00000000,50931,50941,48,0.00149575
1773325623.43747020,0.03565587,6011,0.00061790,0.00000000,0,0.00000000,50941,50946,47,0.00128229
1773325623.53752208,0.03967958,5978,0.00028527,0.00000000,0,0.00000000,50946,50947,54,0.00318348
1773325623.63752174,0.04159505,5985,0.00076256,0.00000000,0,0.00000000,50947,50946,42,0.00233533
1773325623.73754191,0.03546750,5943,0.00123574,0.00000000,0,0.00000000,50946,50950,50,0.00346378
1773325623.83768272,0.03384053,5923,0.00061537,0.00000000,0,0.00000000,50950,50967,49,0.00248604
1773325623.93750453,0.04072168,5965,0.00054667,0.00000000,0,0.00000000,50967,50971,40,0.00197696
1773325624.03791666,0.03824904,5966,0.00055318,0.00000000,0,0.00000000,50971,50983,41,0.00281703
1773325624.13761163,0.04490100,5961,0.00022918,0.00000000,0,0.00000000,50983,51008,42,0.00364091
1773325624.23768377,0.02500888,5913,0.00026718,0.00000000,0,0.00000000,51008,51009,38,0.00187203
1773325624.33750558,0.04448163,5950,0.00079287,0.00000000,0,0.00000000,51009,50992,33,0.00129453
1773325624.43752337,0.02810676,5938,0.00019212,0.00000000,0,0.00000000,50992,50969,32,0.00253965
1773325624.53758979,0.02401489,5963,0.00027566,0.00000000,0,0.00000000,50969,50961,51,0.00334011
1773325624.63790274,0.02112809,5897,0.00023567,0.00000000,0,0.00000000,50961,50979,42,0.00160820
1773325624.73756504,0.03881587,5945,0.00083191,0.00000000,0,0.00000000,50979,50981,46,0.00216545
1773325624.83786964,0.03544757,5956,0.00061408,0.00000000,0,0.00000000,50981,50997,41,0.00100222
1773325624.93768072,0.04020122,5944,0.00034036,0.00000000,0,0.00000000,50997,51004,33,0.00082321
1773325625.03788471,0.04305148,5927,0.00016697,0.00000000,0,0.00000000,51004,51002,33,0.00119078
1773325625.13751602,0.03906609,5980,0.00053920,0.00000000,0,0.00000000,51002,51010,40,0.00176758
1773325625.23760414,0.03563510,5930,0.00062590,0.00000000,0,0.00000000,51010,51030,42,0.00349297
1773325625.33753729,0.03189885,5912,0.00065286,0.00000000,0,0.00000000,51030,51034,39,0.00192193
1773325625.43787265,0.03640016,5922,0.00043343,0.00000000,0,0.00000000,51034,51051,40,0.00214515
1773325625.53790212,0.02918002,5918,0.00030416,0.00000000,0,0.00000000,51051,51061,39,0.00345533
1773325625.63758326,0.02354602,5957,0.00014926,0.00000000,0,0.00000000,51061,51071,35,0.00303198
1773325625.73758769,0.03663267,6010,0.00049225,0.00000000,0,0.00000000,51071,51078,38,0.00170308
1773325625.83761787,0.02268915,5960,0.00012621,0.00000000,0,0.00000000,51078,51091,36,0.00152708
1773325625.93747234,0.02271918,6039,0.00032307,0.00000000,0,0.00000000,51091,51095,43,0.00270239
1773325626.03785276,0.02045346,5937,0.00022742,0.00000000,0,0.00000000,51095,51119,64,0.00255312
1773325626.13748479,0.03732441,5956,0.00032103,0.00000000,0,0.00000000,51119,51123,54,0.00245456
1773325626.23784423,0.03468357,5853,0.00061465,0.00000000,0,0.00000000,51123,51133,37,0.00248716
1773325626.33765960,0.04397388,5746,0.00069627,0.00000000,0,0.00000000,51133,51137,46,0.00175018
1773325626.43785238,0.03538348,5606,0.00064561,0.00000000,0,0.00000000,51137,51161,39,0.00131209
1773325626.53747487,0.04099703,5695,0.00023772,0.00000000,0,0.00000000,51161,51178,53,0.00292906
1773325626.63788772,0.03530036,5597,0.00021648,0.00000000,0,0.00000000,51178,51184,41,0.00277619
1773325626.73787975,0.03089632,5639,0.00020023,0.00000000,0,0.00000000,51184,51195,46,0.00150812
1773325626.83799362,0.03509404,5664,0.00056127,0.00000000,0,0.00000000,51195,51210,40,0.00112520
1773325626.93783474,0.02620124,5655,0.00034435,0.00000000,0,0.00000000,51210,51229,30,0.00200777
1773325627.03784084,0.03778043,5634,0.00044426,0.00000000,0,0.00000000,51229,51230,37,0.00180801
1773325627.13783193,0.02108520,5586,0.00028149,0.00000000,0,0.00000000,51230,51244,44,0.00206686
1773325627.23754311,0.03606901,5637,0.00051091,0.00000000,0,0.00000000,51244,51252,36,0.00215111
1773325627.33761454,0.02645745,5574,0.00064167,0.00000000,0,0.00000000,51252,51265,49,0.00301131
1773325627.43753457,0.02324078,5604,0.00030006,0.00000000,0,0.00000000,51265,51284,47,0.00253848
1773325627.53785658,0.02143030,5548,0.00014239,0.00000000,0,0.00000000,51284,51296,33,0.00097016
1773325627.63749361,0.04014671,5606,0.00057081,0.00000000,0,0.00000000,51296,51286,41,0.00091850
1773325627.73797584,0.03647504,5518,0.00051874,0.00000000,0,0.00000000,51286,51304,35,0.00236926
1773325627.83789778,0.04304680,5535,0.00098277,0.00000000,0,0.00000000,51304,51329,44,0.00187331
1773325627.93791032,0.03397561,5578,0.00068513,0.00000000,0,0.00000000,51329,51324,43,0.00085221
1773325628.03752375,0.04052617,5610,0.00110911,0.00000000,0,0.00000000,51324,51336,59,0.00362066
1773325628.13766456,0.03883432,5601,0.00024114,0.00000000,0,0.00000000,51336,51335,34,0.00301271
1773325628.23757577,0.03609637,5691,0.00030258,0.00000000,0,0.00000000,51335,51343,53,0.00195102
1773325628.33763671,0.03705595,5700,0.00088550,0.00000000,0,0.00000000,51343,51288,44,0.00214041
1773325628.43750882,0.03754631,5696,0.00051197,0.00000000,0,0.00000000,51288,51310,46,0.00103085
1773325628.53781199,0.03839788,5756,0.00029275,0.00000000,0,0.00000000,51310,51288,27,0.00106852
1773325628.63783836,0.02736805,5805,0.00093105,0.00000000,0,0.00000000,51288,51297,64,0.00316419
1773325628.73810935,0.04339084,5868,0.00032914,0.00000000,0,0.00000000,51297,51312,74,0.00259717
1773325628.83790255,0.02579581,5872,0.00028314,0.00000000,0,0.00000000,51312,51328,53,0.00253986
1773325628.93760586,0.02442107,5850,0.00021734,0.00000000,0,0.00000000,51328,51359,62,0.00460070
1773325629.03750110,0.02524529,5874,0.00027208,0.00000000,0,0.00000000,51359,51387,57,0.00300917
1773325629.13752365,0.02473880,5863,0.00042017,0.00000000,0,0.00000000,51387,51393,52,0.00506681
1773325629.23747611,0.04917377,5918,0.00041117,0.00000000,0,0.00000000,51393,51411,72,0.00301814
1773325629.33798623,0.04605398,5913,0.00071336,0.00000000,0,0.00000000,51411,51449,60,0.00124012
1773325629.43781710,0.04274026,5942,0.00093975,0.00000000,0,0.00000000,51449,51414,66,0.00154763
1773325629.53744411,0.04579897,5968,0.00064337,0.00000000,0,0.00000000,51414,51435,62,0.00087619
1773325629.63790536,0.04416504,5831,0.00075575,0.00000000,0,0.00000000,51435,51438,61,0.00107958
1773325629.73779869,0.03971680,5853,0.00084617,0.00000000,0,0.00000000,51438,51462,52,0.00301726
1773325629.83791900,0.04444081,5771,0.00086385,0.00000000,0,0.00000000,51462,51486,51,0.00196437
1773325629.93749285,0.04283824,5785,0.00056436,0.00000000,0,0.00000000,51486,51473,63,0.00284630
1773325630.03747344,0.04212106,5833,0.00141703,0.00000000,0,0.00000000,51473,51491,61,0.00334351
1773325630.13795400,0.03849058,5722,0.00037980,0.00000000,0,0.00000000,51491,51507,50,0.00234613
1773325630.23716474,0.03689024,5925,0.00079765,0.00000000,0,0.00000000,51507,51534,62,0.00173682
1773325630.33784914,0.03630110,5869,0.00049495,0.00000000,0,0.00000000,51534,51504,78,0.00188067
1773325630.43887997,0.03015395,5840,0.00028870,0.00000000,0,0.00000000,51504,51491,49,0.00349681
1773325630.53755164,0.02639672,5845,0.00027735,0.00000000,0,0.00000000,51491,51497,73,0.00325189
1773325630.63753986,0.02404281,5849,0.00040062,0.00000000,0,0.00000000,51497,51515,67,0.00092866
1773325630.73774815,0.04187978,5864,0.00046623,0.00000000,0,0.00000000,51515,51536,53,0.00327958
1773325630.83782363,0.05098175,5859,0.00096414,0.00000000,0,0.00000000,51536,51516,56,0.00078773
1773325630.93781924,0.04441697,5875,0.00034349,0.00000000,0,0.00000000,51516,51483,65,0.00150918
1773325631.03751135,0.03991276,5940,0.00087093,0.00000000,0,0.00000000,51483,51498,60,0.00098863
1773325631.13754344,0.05092356,5897,0.00047569,0.00000000,0,0.00000000,51498,51491,62,0.00273212
1773325631.23781705,0.05214372,5916,0.00046507,0.00000000,0,0.00000000,51491,51514,65,0.00278206
1773325631.33779812,0.04145617,5973,0.00100638,0.00000000,0,0.00000000,51514,51517,69,0.00336948
1773325631.43780732,0.04188327,5965,0.00032770,0.00000000,0,0.00000000,51517,51516,58,0.00204693
1773325631.53780699,0.05343056,5961,0.00050887,0.00000000,0,0.00000000,51516,51522,52,0.00175039
1773325631.63823056,0.02868599,5976,0.00035323,0.00000000,0,0.00000000,51522,51544,54,0.00266146
1773325631.73785162,0.04668149,5961,0.00046200,0.00000000,0,0.00000000,51544,51515,59,0.00233142
1773325631.83884072,0.03192169,5946,0.00047279,0.00000000,0,0.00000000,51515,51532,55,0.00284997
1773325631.93788767,0.02391806,5903,0.00022137,0.00000000,0,0.00000000,51532,51552,46,0.00094242
1773325632.03748512,0.02584736,5950,0.00024907,0.00000000,0,0.00000000,51552,51534,52,0.00085464
1773325632.13750577,0.01901841,5952,0.00035674,0.00000000,0,0.00000000,51534,51529,57,0.00160264
1773325632.23774600,0.03045425,5908,0.00067855,0.00000000,0,0.00000000,51529,51537,53,0.00166555
1773325632.33776617,0.04899102,5923,0.00145638,0.00000000,0,0.00000000,51537,51556,66,0.00141386
1773325632.43781972,0.04467549,5879,0.00046809,0.00000000,0,0.00000000,51556,51558,59,0.00096190
1773325632.53877473,0.03712725,5889,0.00068060,0.00000000,0,0.00000000,51558,51575,53,0.00140542
1773325632.63881969,0.03854339,5881,0.00056730,0.00000000,0,0.00000000,51575,51580,40,0.00075460
1773325632.73776174,0.03918703,5881,0.00073525,0.00000000,0,0.00000000,51580,51596,61,0.00524298
1773325632.83777356,0.04034939,5953,0.00101685,0.00000000,0,0.00000000,51596,51622,62,0.00326318
1773325632.93880010,0.04104480,5874,0.00017135,0.00000000,0,0.00000000,51622,51642,41,0.00335895
1773325633.03890133,0.03786140,5864,0.00078509,0.00000000,0,0.00000000,51642,51642,51,0.00300337
1773325633.13799238,0.04234717,5860,0.00020913,0.00000000,0,0.00000000,51642,51640,45,0.00185270
1773325633.23773980,0.03139517,5902,0.00046858,0.00000000,0,0.00000000,51640,51680,60,0.00175529
1773325633.33794832,0.04425260,5956,0.00048703,0.00000000,0,0.00000000,51680,51681,55,0.00133945
1773325633.43748593,0.03199578,5946,0.00032592,0.00000000,0,0.00000000,51681,51688,47,0.00355420
1773325633.53877759,0.02652768,5936,0.00023188,0.00000000,0,0.00000000,51688,51711,60,0.00421374
1773325633.63771677,0.02512469,5965,0.00021862,0.00000000,0,0.00000000,51711,51718,55,0.00077710
1773325633.73873568,0.05270511,5893,0.00127562,0.00000000,0,0.00000000,51718,51698,68,0.00236787
1773325633.83749008,0.04069054,5924,0.00077509,0.00000000,0,0.00000000,51698,51712,56,0.00149860
1773325633.93770170,0.04912524,5908,0.00085806,0.00000000,0,0.00000000,51712,51708,61,0.00089734
1773325634.03770137,0.04645258,5942,0.00118890,0.00000000,0,0.00000000,51708,51724,57,0.00095282
1773325634.13773894,0.04536702,5926,0.00056205,0.00000000,0,0.00000000,51724,51747,47,0.00180869
1773325634.23785949,0.04582863,5914,0.00091233,0.00000000,0,0.00000000,51747,51752,61,0.00273768
1773325634.33883548,0.04703267,5935,0.00045193,0.00000000,0,0.00000000,51752,51744,73,0.00241374
1773325634.43772388,0.04577994,5924,0.00084828,0.00000000,0,0.00000000,51744,51753,47,0.00243967
1773325634.53778720,0.04472909,5936,0.00045219,0.00000000,0,0.00000000,51753,51774,65,0.00257141
1773325634.63775659,0.02714595,5895,0.00027333,0.00000000,0,0.00000000,51774,51793,54,0.00107168
1773325634.73746347,0.04622091,6017,0.00097999,0.00000000,0,0.00000000,51793,51788,61,0.00191273
1773325634.83879781,0.02843785,5957,0.00041531,0.00000000,0,0.00000000,51788,51797,48,0.00259008
1773325634.93879151,0.02791187,5995,0.00049508,0.00000000,0,0.00000000,51797,51757,49,0.00187942
1773325635.03881335,0.02727289,5992,0.00031038,0.00000000,0,0.00000000,51757,51782,54,0.00216720
1773325635.13879251,0.02627789,5954,0.00032113,0.00000000,0,0.00000000,51782,51806,57,0.00096215
1773325635.23768759,0.04814996,5995,0.00076790,0.00000000,0,0.00000000,51806,51821,53,0.00153783
1773325635.33770561,0.03959667,5951,0.00114520,0.00000000,0,0.00000000,51821,51796,52,0.00106496
1773325635.43774343,0.04519160,5942,0.00062447,0.00000000,0,0.00000000,51796,51797,56,0.00148164
1773325635.53770256,0.03925999,5981,0.00069356,0.00000000,0,0.00000000,51797,51823,61,0.00133573
1773325635.63874936,0.04009632,5867,0.00087776,0.00000000,0,0.00000000,51823,51833,55,0.00214137
1773325635.73776865,0.04045182,5899,0.00064790,0.00000000,0,0.00000000,51833,51839,45,0.00485838
1773325635.83773303,0.03520571,5885,0.00028560,0.00000000,0,0.00000000,51839,51826,61,0.00338503
1773325635.93779731,0.03909363,5887,0.00091957,0.00000000,0,0.00000000,51826,51834,63,0.00169033
1773325636.03775525,0.04423244,5784,0.00059075,0.00000000,0,0.00000000,51834,51842,54,0.00238486
1773325636.13701200,0.02562121,5964,0.00034480,0.00000000,0,0.00000000,51842,51861,63,0.00096806
1773325636.23876929,0.05448003,5827,0.00260419,0.00000000,0,0.00000000,51861,51859,54,0.00249641
1773325636.33777618,0.02374144,5834,0.00057471,0.00000000,0,0.00000000,51859,51828,63,0.00325346
1773325636.43775892,0.02477656,5861,0.00031797,0.00000000,0,0.00000000,51828,51839,55,0.00183490
1773325636.53877378,0.02190600,5889,0.00018282,0.00000000,0,0.00000000,51839,51851,52,0.00339544
1773325636.63881111,0.02516182,5895,0.00024591,0.00000000,0,0.00000000,51851,51859,49,0.00097000
1773325636.73875618,0.04018597,5865,0.00069618,0.00000000,0,0.00000000,51859,51854,37,0.00186894
1773325636.83779860,0.03868579,5886,0.00078273,0.00000000,0,0.00000000,51854,51859,46,0.00104889
1773325636.93770933,0.03574324,5899,0.00065380,0.00000000,0,0.00000000,51859,51870,53,0.00216377
1773325637.03868365,0.04742730,5889,0.00075413,0.00000000,0,0.00000000,51870,51896,48,0.00080037
1773325637.13874888,0.04409335,5878,0.00121609,0.00000000,0,0.00000000,51896,51905,50,0.00206006
1773325637.23881793,0.04501116,5867,0.00041733,0.00000000,0,0.00000000,51905,51873,51,0.00247300
1773325637.33768272,0.03496513,5911,0.00074757,0.00000000,0,0.00000000,51873,51900,52,0.00190360
1773325637.43882418,0.03367081,5829,0.00061567,0.00000000,0,0.00000000,51900,51910,48,0.00219471
1773325637.53777862,0.04773201,5883,0.00022169,0.00000000,0,0.00000000,51910,51935,48,0.00262328
1773325637.63880658,0.02586929,5847,0.00029229,0.00000000,0,0.00000000,51935,51969,59,0.00254498
1773325637.73868728,0.03999716,5873,0.00115785,0.00000000,0,0.00000000,51969,51900,60,0.00302336
1773325637.83778930,0.03128348,5814,0.00165228,0.00000000,0,0.00000000,51900,51911,70,0.00574414
1773325637.93770289,0.02788671,5880,0.00054129,0.00000000,0,0.00000000,51911,51923,73,0.00353942
1773325638.03871369,0.02603516,5837,0.00028396,0.00000000,0,0.00000000,51923,51955,58,0.00317296
1773325638.13870430,0.02279529,5873,0.00023066,0.00000000,0,0.00000000,51955,51966,60,0.00119556
1773325638.23866940,0.04620881,5880,0.00089029,0.00000000,0,0.00000000,51966,51962,67,0.00185362
1773325638.33769035,0.04964621,5873,0.00034864,0.00000000,0,0.00000000,51962,51989,74,0.00151958
1773325638.43769598,0.04815417,5890,0.00090018,0.00000000,0,0.00000000,51989,51992,69,0.00120810
1773325638.53750253,0.04582586,5886,0.00080353,0.00000000,0,0.00000000,51992,52019,71,0.00087232
1773325638.63861728,0.03914209,5954,0.00112513,0.00000000,0,0.00000000,52019,52017,83,0.00285016
1773325638.73869443,0.04361441,5855,0.00063394,0.00000000,0,0.00000000,52017,52020,53,0.00177806
1773325638.84105158,0.04105183,5856,0.00072886,0.00000000,0,0.00000000,52020,52024,61,0.00218932
1773325638.93866086,0.04316482,5808,0.00108412,0.00000000,0,0.00000000,52024,52030,72,0.00228126
1773325639.03864098,0.04182499,5835,0.00069774,0.00000000,0,0.00000000,52030,52016,82,0.00308547
1773325639.13866544,0.02569743,5788,0.00114638,0.00000000,0,0.00000000,52016,52033,67,0.00426118
1773325639.23862052,0.04206655,5894,0.00038064,0.00000000,0,0.00000000,52033,52050,70,0.00212428
1773325639.33872557,0.02932316,5817,0.00056245,0.00000000,0,0.00000000,52050,52069,62,0.00191766
1773325639.43862987,0.02492026,5909,0.00076779,0.00000000,0,0.00000000,52069,52086,74,0.00313070
1773325639.53870201,0.02363319,5906,0.00033729,0.00000000,0,0.00000000,52086,52055,54,0.00305753
1773325639.63870859,0.02944419,5903,0.00047745,0.00000000,0,0.00000000,52055,52056,64,0.00284037
1773325639.73761582,0.04389179,5916,0.00117537,0.00000000,0,0.00000000,52056,52064,73,0.00087087
1773325639.83766723,0.04427967,5996,0.00103480,0.00000000,0,0.00000000,52064,52051,68,0.00103216
1773325639.93864536,0.04325295,5970,0.00266094,0.00000000,0,0.00000000,52051,51881,65,0.00102139
1773325640.03864884,0.04441666,6032,0.00030316,0.00000000,0,0.00000000,51881,51900,70,0.00155056
1773325640.13860750,0.04163339,5960,0.00086618,0.00000000,0,0.00000000,51900,51898,68,0.00283025
1773325640.23867559,0.04498552,5963,0.00134752,0.00000000,0,0.00000000,51898,51901,83,0.00088289
1773325640.33873868,0.04087277,5945,0.00065633,0.00000000,0,0.00000000,51901,51911,55,0.00087438
1773325640.43873477,0.03808796,5895,0.00080278,0.00000000,0,0.00000000,51911,51884,49,0.00247284
1773325640.53875661,0.04219542,5935,0.00036703,0.00000000,0,0.00000000,51884,51908,47,0.00303396
1773325640.63871169,0.02065341,5969,0.00027176,0.00000000,0,0.00000000,51908,51914,55,0.00197747
1773325640.73872972,0.03911088,6013,0.00087558,0.00000000,0,0.00000000,51914,51939,67,0.00222034
1773325640.83880138,0.03420246,5999,0.00034324,0.00000000,0,0.00000000,51939,51950,52,0.00236257
1773325640.93868995,0.02706064,6045,0.00040158,0.00000000,0,0.00000000,51950,51967,61,0.00161524
1773325641.03877521,0.02412943,6041,0.00028761,0.00000000,0,0.00000000,51967,51984,45,0.00254390
1773325641.13873196,0.02718387,6039,0.00058519,0.00000000,0,0.00000000,51984,51992,40,0.00079575
1773325641.23882961,0.04140451,6054,0.00085621,0.00000000,0,0.00000000,51992,51988,55,0.00310687
1773325641.33764434,0.04190178,6070,0.00074013,0.00000000,0,0.00000000,51988,51992,53,0.00144808
1773325641.43861032,0.04438495,6132,0.00116896,0.00000000,0,0.00000000,51992,51949,35,0.00160165
1773325641.53869629,0.04527481,6107,0.00037083,0.00000000,0,0.00000000,51949,51960,60,0.00376608
1773325641.63861275,0.03973508,6111,0.00085831,0.00000000,0,0.00000000,51960,51962,50,0.00256284
1773325641.73869586,0.03858220,6156,0.00078085,0.00000000,0,0.00000000,51962,51976,55,0.00093988
1773325641.83876133,0.04100070,6118,0.00092262,0.00000000,0,0.00000000,51976,51979,48,0.00153104
1773325641.93866897,0.03809830,6088,0.00103469,0.00000000,0,0.00000000,51979,51972,45,0.00307980
1773325642.03871942,0.03894911,6125,0.00090827,0.00000000,0,0.00000000,51972,51935,53,0.00181333
1773325642.13882113,0.04787754,6169,0.00028071,0.00000000,0,0.00000000,51935,51945,50,0.00249915
1773325642.23899031,0.02786538,6172,0.00080486,0.00000000,0,0.00000000,51945,51918,67,0.00352549
1773325642.33873820,0.05024418,6192,0.00081746,0.00000000,0,0.00000000,51918,51926,58,0.00264039
1773325642.43874145,0.02361980,6185,0.00020970,0.00000000,0,0.00000000,51926,51954,48,0.00254992
1773325642.53874755,0.02352231,6186,0.00024701,0.00000000,0,0.00000000,51954,51966,53,0.00299277
1773325642.63875222,0.02222820,6158,0.00031460,0.00000000,0,0.00000000,51966,51977,54,0.00169601
1773325642.73856258,0.04295365,6200,0.00052909,0.00000000,0,0.00000000,51977,52002,42,0.00155221
1773325642.83883715,0.03844721,6174,0.00075072,0.00000000,0,0.00000000,52002,52025,57,0.00215898
1773325642.93771005,0.04341639,6209,0.00078871,0.00000000,0,0.00000000,52025,52033,48,0.00094263
1773325643.03771710,0.03800129,6227,0.00064043,0.00000000,0,0.00000000,52033,52038,54,0.00083199
1773325643.13862038,0.03746923,6235,0.00077959,0.00000000,0,0.00000000,52038,52024,65,0.00120761
1773325643.23873711,0.03949565,6256,0.00062106,0.00000000,0,0.00000000,52024,52026,39,0.00301540
1773325643.33871412,0.03887589,6288,0.00027783,0.00000000,0,0.00000000,52026,52054,52,0.00233135
1773325643.43876004,0.03484808,6256,0.00084339,0.00000000,0,0.00000000,52054,52076,51,0.00330613
1773325643.53863931,0.04398165,6249,0.00088070,0.00000000,0,0.00000000,52076,52083,55,0.00252494
1773325643.63861918,0.02780958,6226,0.00045414,0.00000000,0,0.00000000,52083,52103,60,0.00125332
1773325643.73873281,0.02970177,6260,0.00090548,0.00000000,0,0.00000000,52103,52107,52,0.00237902
1773325643.83900976,0.04754116,6234,0.00038636,0.00000000,0,0.00000000,52107,52130,51,0.00326857
1773325643.93865657,0.02451126,6259,0.00045280,0.00000000,0,0.00000000,52130,52131,45,0.00259888
1773325644.03857398,0.01869018,6256,0.00031094,0.00000000,0,0.00000000,52131,52132,56,0.00306196
1773325644.13863134,0.01996145,6295,0.00032667,0.00000000,0,0.00000000,52132,52102,62,0.00116719
1773325644.23861527,0.03848944,6270,0.00080292,0.00000000,0,0.00000000,52102,52071,51,0.00235527
1773325644.33871818,0.03124526,6284,0.00081584,0.00000000,0,0.00000000,52071,52069,55,0.00117412
1773325644.43871975,0.03403088,6276,0.00073932,0.00000000,0,0.00000000,52069,52099,53,0.00122193
1773325644.53871036,0.02976739,6298,0.00074278,0.00000000,0,0.00000000,52099,52101,42,0.00091000
1773325644.63876557,0.03649179,6295,0.00078170,0.00000000,0,0.00000000,52101,52090,41,0.00152824
1773325644.73875642,0.03416008,6257,0.00087027,0.00000000,0,0.00000000,52090,52091,52,0.00269006
1773325644.83869982,0.03783785,6301,0.00052695,0.00000000,0,0.00000000,52091,52097,55,0.00241879
1773325644.93857884,0.03374241,6271,0.00032007,0.00000000,0,0.00000000,52097,52099,50,0.00198166
1773325645.03860354,0.03772586,6314,0.00076182,0.00000000,0,0.00000000,52099,52105,65,0.00176952
1773325645.13864064,0.02760879,6309,0.00082729,0.00000000,0,0.00000000,52105,52127,48,0.00094978
1773325645.23865008,0.04141268,6279,0.00057124,0.00000000,0,0.00000000,52127,52147,39,0.00270779
1773325645.33869123,0.02227915,6303,0.00021768,0.00000000,0,0.00000000,52147,52141,40,0.00201536
1773325645.43870568,0.02057092,6305,0.00024097,0.00000000,0,0.00000000,52141,52172,43,0.00385102
1773325645.53873491,0.01639143,6243,0.00018499,0.00000000,0,0.00000000,52172,52194,37,0.00266612
1773325645.63852930,0.01694830,6300,0.00020018,0.00000000,0,0.00000000,52194,52199,53,0.00086642
1773325645.73859787,0.04248872,6311,0.00079076,0.00000000,0,0.00000000,52199,52234,61,0.00181568
1773325645.83863997,0.03818665,6280,0.00034200,0.00000000,0,0.00000000,52234,52251,61,0.00153702
1773325645.93866086,0.03805168,6290,0.00045072,0.00000000,0,0.00000000,52251,52269,50,0.00092891
1773325646.03865910,0.03413549,6316,0.00069253,0.00000000,0,0.00000000,52269,52276,44,0.00092335
1773325646.13872552,0.03751976,6278,0.00055059,0.00000000,0,0.00000000,52276,52284,37,0.00092729
1773325646.23874259,0.03368618,6271,0.00064909,0.00000000,0,0.00000000,52284,52267,42,0.00224343
1773325646.33856273,0.04066120,6312,0.00040378,0.00000000,0,0.00000000,52267,52278,28,0.00211602
1773325646.44171715,0.04200007,6306,0.00068205,0.00000000,0,0.00000000,52278,52288,37,0.00246946
1773325646.53866982,0.03580039,6289,0.00052601,0.00000000,0,0.00000000,52288,52288,36,0.00234815
1773325646.63869691,0.03138664,6262,0.00018412,0.00000000,0,0.00000000,52288,52303,42,0.00204842
1773325646.73764491,0.02122872,6328,0.00021698,0.00000000,0,0.00000000,52303,52271,35,0.00089784
1773325646.83880210,0.02771202,6312,0.00057548,0.00000000,0,0.00000000,52271,52281,37,0.00188002
1773325646.93867946,0.02577769,6323,0.00049208,0.00000000,0,0.00000000,52281,52297,43,0.00323518
1773325647.03871918,0.02270678,6251,0.00021707,0.00000000,0,0.00000000,52297,52315,33,0.00345073
1773325647.13846254,0.02136362,6332,0.00019936,0.00000000,0,0.00000000,52315,52310,41,0.00297628
1773325647.23847413,0.03414537,6294,0.00051766,0.00000000,0,0.00000000,52310,52321,38,0.00078415
1773325647.33855152,0.03157346,6318,0.00023019,0.00000000,0,0.00000000,52321,52335,32,0.00095167
1773325647.43852925,0.03244872,6324,0.00017699,0.00000000,0,0.00000000,52335,52349,25,0.00084951
1773325647.53865838,0.03184719,6323,0.00073713,0.00000000,0,0.00000000,52349,52370,51,0.00093899
1773325647.63863111,0.03114524,6343,0.00069699,0.00000000,0,0.00000000,52370,52349,39,0.00200639
1773325647.73861003,0.02506367,6316,0.00052319,0.00000000,0,0.00000000,52349,52345,38,0.00315654
1773325647.83867526,0.03823699,6339,0.00031381,0.00000000,0,0.00000000,52345,52354,35,0.00242915
1773325647.93870234,0.03401172,6346,0.00020835,0.00000000,0,0.00000000,52354,52372,55,0.00290577
1773325648.03869343,0.03587433,6376,0.00043203,0.00000000,0,0.00000000,52372,52377,35,0.00190995
1773325648.13864851,0.02931750,6336,0.00023721,0.00000000,0,0.00000000,52377,52401,36,0.00131043
1773325648.23856139,0.01733525,6342,0.00023640,0.00000000,0,0.00000000,52401,52397,37,0.00190488
1773325648.33851910,0.03693372,6344,0.00056652,0.00000000,0,0.00000000,52397,52410,28,0.00207522
1773325648.43859744,0.01809683,6319,0.00033031,0.00000000,0,0.00000000,52410,52428,43,0.00341666
1773325648.53864050,0.01938500,6304,0.00018474,0.00000000,0,0.00000000,52428,52402,38,0.00307299
1773325648.63862085,0.01639464,6348,0.00019855,0.00000000,0,0.00000000,52402,52382,40,0.00176357
1773325648.73856211,0.03596228,6332,0.00063267,0.00000000,0,0.00000000,52382,52390,39,0.00111975
1773325648.83858228,0.03361800,6351,0.00064877,0.00000000,0,0.00000000,52390,52384,32,0.00175084
1773325648.93856287,0.03257224,6330,0.00053463,0.00000000,0,0.00000000,52384,52386,39,0.00164704
1773325649.03859186,0.03464298,6344,0.00046373,0.00000000,0,0.00000000,52386,52390,38,0.00095029
1773325649.14100814,0.03801895,6316,0.00016402,0.00000000,0,0.00000000,52390,52400,23,0.00248736
1773325649.23760605,0.03401245,6338,0.00037667,0.00000000,0,0.00000000,52400,52406,24,0.00348942
1773325649.33758759,0.03130474,6398,0.00040863,0.00000000,0,0.00000000,52406,52417,32,0.00351782
1773325649.43862748,0.02925811,6354,0.00071520,0.00000000,0,0.00000000,52417,52404,46,0.00171534
1773325649.53863311,0.03574383,6340,0.00033102,0.00000000,0,0.00000000,52404,52424,37,0.00281398
1773325649.63861775,0.03248872,6368,0.00049453,0.00000000,0,0.00000000,52424,52415,29,0.00193965
1773325649.73870134,0.02956852,6337,0.00060480,0.00000000,0,0.00000000,52415,52418,37,0.00168592
1773325649.83858800,0.02513683,6327,0.00046106,0.00000000,0,0.00000000,52418,52436,38,0.00208404
1773325649.93755770,0.02880821,6407,0.00033353,0.00000000,0,0.00000000,52436,52439,44,0.00323990
1773325650.03863263,0.01765235,6353,0.00014945,0.00000000,0,0.00000000,52439,52448,34,0.00216393
1773325650.13847709,0.01861154,6399,0.00017029,0.00000000,0,0.00000000,52448,52450,41,0.00367142
1773325650.23851728,0.01790761,6355,0.00054093,0.00000000,0,0.00000000,52450,52420,42,0.00078807
1773325650.33845520,0.03755907,6382,0.00035070,0.00000000,0,0.00000000,52420,52433,26,0.00195207
1773325650.43853045,0.02603048,6420,0.00030476,0.00000000,0,0.00000000,52433,52423,48,0.00157674
1773325650.53868628,0.02819984,6356,0.00045408,0.00000000,0,0.00000000,52423,52435,27,0.00077897
1773325650.63843155,0.03672911,6367,0.00052746,0.00000000,0,0.00000000,52435,52440,29,0.00175741
1773325650.73838472,0.03302361,6405,0.00061677,0.00000000,0,0.00000000,52440,52441,30,0.00520185
1773325650.83869195,0.03494743,6344,0.00055196,0.00000000,0,0.00000000,52441,52433,30,0.00316062
1773325650.93842268,0.03900149,6366,0.00018073,0.00000000,0,0.00000000,52433,52436,33,0.00199588
1773325651.03849316,0.02880385,6355,0.00049543,0.00000000,0,0.00000000,52436,52431,41,0.00395537
1773325651.13846016,0.03691219,6356,0.00011328,0.00000000,0,0.00000000,52431,52444,23,0.00193744
1773325651.23845506,0.02339156,6371,0.00015023,0.00000000,0,0.00000000,52444,52436,29,0.00194610
1773325651.33851743,0.03472734,6370,0.00065521,0.00000000,0,0.00000000,52436,52448,45,0.00274391
1773325651.43851256,0.02546328,6335,0.00075726,0.00000000,0,0.00000000,52448,52456,33,0.00226778
1773325651.53736472,0.02464647,6400,0.00046083,0.00000000,0,0.00000000,52456,52430,41,0.00218479
1773325651.63851142,0.01845700,6347,0.00017262,0.00000000,0,0.00000000,52430,52427,38,0.00108722
1773325651.73861766,0.04172669,6372,0.00080477,0.00000000,0,0.00000000,52427,52443,35,0.00080587
1773325651.83857989,0.04250691,6375,0.00070796,0.00000000,0,0.00000000,52443,52448,36,0.00272352
1773325651.93851757,0.04143461,6380,0.00056122,0.00000000,0,0.00000000,52448,52434,33,0.00120378
1773325652.03860712,0.03320247,6374,0.00046036,0.00000000,0,0.00000000,52434,52448,37,0.00095506
1773325652.13838434,0.03816150,6350,0.00183434,0.00000000,0,0.00000000,52448,52460,34,0.00109873
1773325652.23846889,0.04164885,6388,0.00063641,0.00000000,0,0.00000000,52460,52462,42,0.00342985
1773325652.33841825,0.02917359,6380,0.00050702,0.00000000,0,0.00000000,52462,52465,32,0.00174925
1773325652.43840384,0.02581172,6387,0.00072639,0.00000000,0,0.00000000,52465,52450,29,0.00378414
1773325652.53862071,0.04601671,6388,0.00017708,0.00000000,0,0.00000000,52450,52454,28,0.00445532
1773325652.63867211,0.02537407,6336,0.00020958,0.00000000,0,0.00000000,52454,52473,42,0.00461200
1773325652.73832059,0.04305879,6382,0.00096317,0.00000000,0,0.00000000,52473,52473,40,0.00223111
1773325652.83859849,0.02654994,6377,0.00023100,0.00000000,0,0.00000000,52473,52496,48,0.00229240
1773325652.93764091,0.02289018,6395,0.00022070,0.00000000,0,0.00000000,52496,52511,38,0.00243763
1773325653.03840876,0.02296562,6374,0.00036467,0.00000000,0,0.00000000,52511,52503,38,0.00272323
1773325653.13836980,0.01964136,6394,0.00012190,0.00000000,0,0.00000000,52503,52511,30,0.00096779
1773325653.23831058,0.03602707,6397,0.00060299,0.00000000,0,0.00000000,52511,52521,37,0.00271608
1773325653.33839417,0.04440752,6363,0.00040282,0.00000000,0,0.00000000,52521,52515,42,0.00099620
1773325653.43846655,0.03613393,6401,0.00077826,0.00000000,0,0.00000000,52515,52512,45,0.00185971
1773325653.53857183,0.03238917,6377,0.00038244,0.00000000,0,0.00000000,52512,52524,36,0.00178226
1773325653.63852644,0.03076372,6385,0.00047677,0.00000000,0,0.00000000,52524,52528,29,0.00184415
1773325653.73844147,0.02925817,6391,0.00050427,0.00000000,0,0.00000000,52528,52537,35,0.00340190
1773325653.83840847,0.03299132,6417,0.00043189,0.00000000,0,0.00000000,52537,52546,30,0.00292926
1773325653.93835640,0.03000266,6393,0.00037183,0.00000000,0,0.00000000,52546,52555,30,0.00190523
1773325654.03846741,0.03919246,6381,0.00038795,0.00000000,0,0.00000000,52555,52563,41,0.00291286
1773325654.13833594,0.01961524,6435,0.00022362,0.00000000,0,0.00000000,52563,52571,36,0.00199320
1773325654.23879290,0.03545478,6393,0.00060263,0.00000000,0,0.00000000,52571,52578,36,0.00283397
1773325654.33851981,0.02596843,6408,0.00049114,0.00000000,0,0.00000000,52578,52574,26,0.00435544
1773325654.43850493,0.01372920,6378,0.00019658,0.00000000,0,0.00000000,52574,52576,32,0.00259831
1773325654.53842449,0.02464647,6377,0.00047335,0.00000000,0,0.00000000,52576,52578,43,0.00370717
1773325654.63854218,0.01786587,6389,0.00037097,0.00000000,0,0.00000000,52578,52596,31,0.00108612
1773325654.73845029,0.03157169,6379,0.00060915,0.00000000,0,0.00000000,52596,52595,42,0.00298499
1773325654.83841896,0.03482454,6419,0.00078577,0.00000000,0,0.00000000,52595,52579,34,0.00163695
1773325654.93841147,0.03345539,6357,0.00048287,0.00000000,0,0.00000000,52579,52586,33,0.00113585
1773325655.03845191,0.02677318,6303,0.00048842,0.00000000,0,0.00000000,52586,52601,42,0.00084579
1773325655.13845110,0.02884416,6175,0.00025347,0.00000000,0,0.00000000,52601,52569,38,0.00247018
1773325655.23747325,0.02579578,6227,0.00016329,0.00000000,0,0.00000000,52569,52566,29,0.00332647
1773325655.33850265,0.02554481,6128,0.00064681,0.00000000,0,0.00000000,52566,52587,48,0.00185623
1773325655.43847013,0.02943761,6071,0.00134180,0.00000000,0,0.00000000,52587,52528,46,0.00199017
1773325655.53857493,0.03297714,6004,0.00027502,0.00000000,0,0.00000000,52528,52544,45,0.00293626
1773325655.63846326,0.03444172,6037,0.00054446,0.00000000,0,0.00000000,52544,52557,25,0.00269570
1773325655.73846316,0.01930990,6082,0.00033527,0.00000000,0,0.00000000,52557,52565,28,0.00319456
1773325655.83848929,0.01805716,6028,0.00033536,0.00000000,0,0.00000000,52565,52581,40,0.00323104
1773325655.93849850,0.01924787,6008,0.00020816,0.00000000,0,0.00000000,52581,52587,38,0.00290312
1773325656.03852320,0.01735114,5964,0.00014172,0.00000000,0,0.00000000,52587,52592,24,0.00351408
1773325656.13854146,0.01550316,5909,0.00011545,0.00000000,0,0.00000000,52592,52606,33,0.00319034
1773325656.23838782,0.03314353,5850,0.00063609,0.00000000,0,0.00000000,52606,52611,27,0.00103966
1773325656.33848453,0.02900959,5858,0.00041582,0.00000000,0,0.00000000,52611,52592,32,0.00188890
1773325656.43844914,0.02832894,5869,0.00063548,0.00000000,0,0.00000000,52592,52595,33,0.00139861
1773325656.53855729,0.02907552,5833,0.00073398,0.00000000,0,0.00000000,52595,52593,42,0.00086466
1773325656.63839197,0.03102255,5886,0.00064317,0.00000000,0,0.00000000,52593,52587,40,0.00131208
1773325656.73838496,0.03470828,5925,0.00068727,0.00000000,0,0.00000000,52587,52599,33,0.00405041
1773325656.83840609,0.03515138,5938,0.00076824,0.00000000,0,0.00000000,52599,52602,71,0.00212961
1773325656.93855476,0.03102016,6036,0.00074326,0.00000000,0,0.00000000,52602,52593,45,0.00296528
1773325657.03834891,0.04013194,6140,0.00155457,0.00000000,0,0.00000000,52593,52523,45,0.00192491
1773325657.13843322,0.02224134,6126,0.00038627,0.00000000,0,0.00000000,52523,52530,53,0.00294665
1773325657.23841739,0.03082589,6146,0.00087098,0.00000000,0,0.00000000,52530,52529,53,0.00246011
1773325657.33841252,0.02582992,6118,0.00027258,0.00000000,0,0.00000000,52529,52543,64,0.00388804
1773325657.43833756,0.02364454,6190,0.00039255,0.00000000,0,0.00000000,52543,52567,58,0.00237077
1773325657.53845549,0.02141787,6169,0.00032698,0.00000000,0,0.00000000,52567,52586,69,0.00108407
1773325657.63846660,0.02000023,6183,0.00034003,0.00000000,0,0.00000000,52586,52608,64,0.00170949
1773325657.73846006,0.04159119,6142,0.00110904,0.00000000,0,0.00000000,52608,52617,74,0.00209510
1773325657.83851051,0.03606091,6143,0.00102592,0.00000000,0,0.00000000,52617,52641,65,0.00085027
1773325657.93847728,0.02985650,6084,0.00112677,0.00000000,0,0.00000000,52641,52633,67,0.00080612
1773325658.03837109,0.02801191,6210,0.00068353,0.00000000,0,0.00000000,52633,52615,46,0.00089871
1773325658.13857961,0.03469581,6142,0.00097514,0.00000000,0,0.00000000,52615,52627,52,0.00222036
1773325658.23766780,0.03175035,6191,0.00035658,0.00000000,0,0.00000000,52627,52644,72,0.00319911
1773325658.33745813,0.03274612,6242,0.00122751,0.00000000,0,0.00000000,52644,52672,77,0.00218747
1773325658.43851590,0.03322448,6213,0.00114890,0.00000000,0,0.00000000,52672,52687,70,0.00180088
1773325658.53845239,0.04467941,6225,0.00042103,0.00000000,0,0.00000000,52687,52685,72,0.00084346
1773325658.63847017,0.04860749,6191,0.00080028,0.00000000,0,0.00000000,52685,52717,66,0.00267445
1773325658.73845315,0.03072245,6158,0.00022634,0.00000000,0,0.00000000,52717,52734,56,0.00300454
1773325658.83843398,0.04558618,6186,0.00077631,0.00000000,0,0.00000000,52734,52758,61,0.00238262
1773325658.93828177,0.02552785,6196,0.00033458,0.00000000,0,0.00000000,52758,52761,75,0.00359967
1773325659.03839445,0.02169034,6170,0.00031584,0.00000000,0,0.00000000,52761,52787,54,0.00296828
1773325659.13843083,0.02533304,6188,0.00024020,0.00000000,0,0.00000000,52787,52813,55,0.00123075
1773325659.23842502,0.02343408,6155,0.00072549,0.00000000,0,0.00000000,52813,52812,59,0.00077411
1773325659.33833694,0.04471659,6202,0.00099225,0.00000000,0,0.00000000,52812,52828,65,0.00159271
1773325659.43844056,0.03969876,6126,0.00085118,0.00000000,0,0.00000000,52828,52855,62,0.00226308
1773325659.53831768,0.04385992,6192,0.00049428,0.00000000,0,0.00000000,52855,52862,52,0.00081212
1773325659.63855052,0.03421964,6113,0.00105246,0.00000000,0,0.00000000,52862,52881,68,0.00082733
1773325659.73853159,0.03368680,6105,0.00036418,0.00000000,0,0.00000000,52881,52846,44,0.00171524
1773325659.83831215,0.03396172,6085,0.00033422,0.00000000,0,0.00000000,52846,52815,52,0.00312180
1773325659.93837905,0.03497359,6103,0.00094336,0.00000000,0,0.00000000,52815,52821,60,0.00172167
1773325660.03838968,0.04734559,6052,0.00093799,0.00000000,0,0.00000000,52821,52834,62,0.00218691
1773325660.13844967,0.02976274,6104,0.00036411,0.00000000,0,0.00000000,52834,52836,48,0.00317500
1773325660.23846126,0.02904345,6060,0.00054438,0.00000000,0,0.00000000,52836,52835,39,0.00195001
1773325660.33825564,0.03478715,6125,0.00041595,0.00000000,0,0.00000000,52835,52852,83,0.00205439
1773325660.43853545,0.02760951,6060,0.00083439,0.00000000,0,0.00000000,52852,52852,54,0.00349638
1773325660.53847003,0.02330370,6093,0.00023031,0.00000000,0,0.00000000,52852,52867,55,0.00170613
1773325660.63844156,0.02116961,6134,0.00024105,0.00000000,0,0.00000000,52867,52865,51,0.00125603
1773325660.73849940,0.04121146,6111,0.00069073,0.00000000,0,0.00000000,52865,52873,53,0.00268398
1773325660.83851695,0.03852592,6127,0.00085213,0.00000000,0,0.00000000,52873,52872,53,0.00143837
1773325660.93853450,0.03130382,6038,0.00111462,0.00000000,0,0.00000000,52872,52876,52,0.00087438
1773325661.03836989,0.02216039,6142,0.00062060,0.00000000,0,0.00000000,52876,52899,54,0.00150601
1773325661.13840532,0.03451828,6102,0.00054847,0.00000000,0,0.00000000,52899,52878,33,0.00272291
1773325661.23836160,0.03771792,6130,0.00051328,0.00000000,0,0.00000000,52878,52883,32,0.00209382
1773325661.33845353,0.03335409,6107,0.00023709,0.00000000,0,0.00000000,52883,52870,52,0.00222471
1773325661.43848610,0.02903656,6172,0.00059949,0.00000000,0,0.00000000,52870,52870,43,0.00210552
1773325661.53850985,0.04585728,6143,0.00151880,0.00000000,0,0.00000000,52870,52805,51,0.00084783
1773325661.63843322,0.02538041,6148,0.00031719,0.00000000,0,0.00000000,52805,52798,41,0.00384564
1773325661.73844457,0.01942212,6126,0.00040909,0.00000000,0,0.00000000,52798,52814,36,0.00292163
1773325661.83843923,0.03558609,6143,0.00046619,0.00000000,0,0.00000000,52814,52805,42,0.00272896
1773325661.93863010,0.01862595,6147,0.00019601,0.00000000,0,0.00000000,52805,52801,48,0.00280444
1773325662.03854084,0.01880981,6119,0.00019777,0.00000000,0,0.00000000,52801,52816,54,0.00141175
1773325662.13849330,0.01690634,6127,0.00023421,0.00000000,0,0.00000000,52816,52839,57,0.00174010
1773325662.23817158,0.03770441,6180,0.00082128,0.00000000,0,0.00000000,52839,52849,51,0.00256956
1773325662.33851218,0.04171501,6148,0.00035594,0.00000000,0,0.00000000,52849,52842,46,0.00169642
1773325662.43849087,0.03531506,6178,0.00048121,0.00000000,0,0.00000000,52842,52858,61,0.00204746
1773325662.53836918,0.03112648,6154,0.00025898,0.00000000,0,0.00000000,52858,52863,37,0.00091482
1773325662.63835382,0.02809282,6145,0.00067724,0.00000000,0,0.00000000,52863,52886,50,0.00150666
1773325662.73850346,0.02654120,6142,0.00041469,0.00000000,0,0.00000000,52886,52903,36,0.00303601
1773325662.83832431,0.03624348,6079,0.00058392,0.00000000,0,0.00000000,52903,52904,36,0.00314258
1773325662.93847561,0.03539747,6040,0.00068258,0.00000000,0,0.00000000,52904,52903,44,0.00224987
1773325663.03834748,0.03006555,6026,0.00051205,0.00000000,0,0.00000000,52903,52912,38,0.00317648
1773325663.13757205,0.03501558,6107,0.00032453,0.00000000,0,0.00000000,52912,52926,35,0.00308910
1773325663.23825097,0.01612978,6051,0.00015470,0.00000000,0,0.00000000,52926,52923,35,0.00169930
1773325663.33771443,0.02823905,6091,0.00053030,0.00000000,0,0.00000000,52923,52930,36,0.00363711
1773325663.43822455,0.01698297,6096,0.00017890,0.00000000,0,0.00000000,52930,52939,32,0.00219581
1773325663.53831840,0.01785418,6009,0.00035691,0.00000000,0,0.00000000,52939,52950,37,0.00325362
1773325663.63830614,0.01828303,6084,0.00029644,0.00000000,0,0.00000000,52950,52952,28,0.00082882
1773325663.73829603,0.02712721,6043,0.00041832,0.00000000,0,0.00000000,52952,52958,42,0.00115195
1773325663.83838463,0.02334139,6081,0.00055400,0.00000000,0,0.00000000,52958,52960,37,0.00079386
1773325663.93827200,0.02926151,6083,0.00063127,0.00000000,0,0.00000000,52960,52974,32,0.00104697
1773325664.03829026,0.02977717,6045,0.00027485,0.00000000,0,0.00000000,52974,52978,33,0.00156435
1773325664.13834357,0.02368951,6064,0.00020519,0.00000000,0,0.00000000,52978,52967,39,0.00236196
1773325664.23833585,0.02749471,6035,0.00058615,0.00000000,0,0.00000000,52967,52969,29,0.00192308
1773325664.33833385,0.03032828,6125,0.00033402,0.00000000,0,0.00000000,52969,52960,32,0.00414509
1773325664.43843055,0.02327740,6060,0.00026959,0.00000000,0,0.00000000,52960,52951,36,0.00233072
1773325664.53838277,0.02534027,6101,0.00030563,0.00000000,0,0.00000000,52951,52958,32,0.00167309
1773325664.63836741,0.01608439,6056,0.00015514,0.00000000,0,0.00000000,52958,52960,33,0.00201399
1773325664.73843670,0.01606896,6087,0.00021046,0.00000000,0,0.00000000,52960,52957,33,0.00266701
1773325664.83836031,0.01694041,6051,0.00029428,0.00000000,0,0.00000000,52957,52971,36,0.00306583
1773325664.93840456,0.02018414,6098,0.00016922,0.00000000,0,0.00000000,52971,52982,28,0.00507983
1773325665.03840041,0.02297440,6021,0.00018952,0.00000000,0,0.00000000,52982,52987,28,0.00300461
1773325665.13842940,0.01899047,6039,0.00042359,0.00000000,0,0.00000000,52987,52980,44,0.00286067
1773325665.23812675,0.01848359,6043,0.00023381,0.00000000,0,0.00000000,52980,53001,56,0.00357607
1773325665.33847117,0.02014861,6012,0.00020297,0.00000000,0,0.00000000,53001,52993,34,0.00173693
1773325665.43826866,0.03037557,6098,0.00114136,0.00000000,0,0.00000000,52993,53000,43,0.00161456
1773325665.53842020,0.02911418,6076,0.00095075,0.00000000,0,0.00000000,53000,52976,36,0.00152997
1773325665.63828683,0.03071529,6102,0.00065931,0.00000000,0,0.00000000,52976,52974,36,0.00115645
1773325665.73828506,0.03050612,6117,0.00017094,0.00000000,0,0.00000000,52974,52987,35,0.00137865
1773325665.83847117,0.02705360,6076,0.00016722,0.00000000,0,0.00000000,52987,52993,40,0.00157641
1773325665.93827391,0.03030940,6115,0.00048758,0.00000000,0,0.00000000,52993,52988,34,0.00249411
1773325666.03835273,0.04181701,6137,0.00046689,0.00000000,0,0.00000000,52988,52998,41,0.00098536
1773325666.13826203,0.03784133,6038,0.00016895,0.00000000,0,0.00000000,52998,53003,37,0.00279874
1773325666.23825240,0.01841833,6108,0.00055420,0.00000000,0,0.00000000,53003,52988,44,0.00293907
1773325666.33834529,0.01942571,6064,0.00021210,0.00000000,0,0.00000000,52988,52991,38,0.00151184
1773325666.43833399,0.02346111,6076,0.00031748,0.00000000,0,0.00000000,52991,52985,36,0.00265888
1773325666.53842068,0.01268727,6015,0.00019770,0.00000000,0,0.00000000,52985,52986,40,0.00173621
1773325666.63839769,0.01683628,6040,0.00015965,0.00000000,0,0.00000000,52986,52984,38,0.00291126
1773325666.73849750,0.01795298,6035,0.00030961,0.00000000,0,0.00000000,52984,52975,32,0.00221064
1773325666.83835578,0.03403606,6039,0.00084106,0.00000000,0,0.00000000,52975,52990,35,0.00226092
1773325666.93833566,0.03369396,6046,0.00028175,0.00000000,0,0.00000000,52990,53004,38,0.00087361
1773325667.03826761,0.03019980,6022,0.00016856,0.00000000,0,0.00000000,53004,53018,32,0.00229970
1773325667.13988996,0.02501238,6041,0.00065639,0.00000000,0,0.00000000,53018,53013,37,0.00137420
1773325667.23828816,0.02940574,6036,0.00057006,0.00000000,0,0.00000000,53013,53008,29,0.00116196
1773325667.33825541,0.03332119,6096,0.00017980,0.00000000,0,0.00000000,53008,53022,28,0.00245338
1773325667.43824911,0.03001546,6054,0.00023004,0.00000000,0,0.00000000,53022,53018,31,0.00258495
1773325667.53831863,0.02748531,6144,0.00065182,0.00000000,0,0.00000000,53018,53033,34,0.00259191
1773325667.63824296,0.02536646,6121,0.00032047,0.00000000,0,0.00000000,53033,53038,29,0.00320237
1773325667.73833513,0.01737695,6150,0.00020397,0.00000000,0,0.00000000,53038,53025,28,0.00187391
1773325667.83841252,0.02341690,6104,0.00024067,0.00000000,0,0.00000000,53025,53020,20,0.00326889
1773325667.93833303,0.02224789,6157,0.00013591,0.00000000,0,0.00000000,53020,53013,27,0.00176620
1773325668.03827286,0.01695704,6142,0.00012056,0.00000000,0,0.00000000,53013,53029,27,0.00166200
1773325668.13810277,0.01093456,6169,0.00007951,0.00000000,0,0.00000000,53029,53030,22,0.00377463
1773325668.23813176,0.02819659,6220,0.00195814,0.00000000,0,0.00000000,53030,52954,35,0.00279383
1773325668.33804560,0.02663084,6232,0.00064098,0.00000000,0,0.00000000,52954,52958,24,0.00155464
1773325668.43827987,0.02068540,6208,0.00037626,0.00000000,0,0.00000000,52958,52945,32,0.00130867
1773325668.53830886,0.02822769,6183,0.00049767,0.00000000,0,0.00000000,52945,52941,27,0.00125302
1773325668.63832903,0.03348316,6246,0.00058802,0.00000000,0,0.00000000,52941,52933,35,0.00134332
1773325668.73835373,0.03050270,6200,0.00018119,0.00000000,0,0.00000000,52933,52954,32,0.00192033
1773325668.83828855,0.02899296,6199,0.00045459,0.00000000,0,0.00000000,52954,52970,28,0.00189922
1773325668.93823743,0.01695246,6232,0.00016842,0.00000000,0,0.00000000,52970,52976,33,0.00167220
1773325669.03825736,0.02720676,6190,0.00067111,0.00000000,0,0.00000000,52976,52961,33,0.00307022
1773325669.13826728,0.02991992,6209,0.00083842,0.00000000,0,0.00000000,52961,52952,32,0.00183545
1773325669.23825788,0.02762236,6169,0.00029567,0.00000000,0,0.00000000,52952,52956,39,0.00299410
1773325669.33824754,0.02456300,6221,0.00053524,0.00000000,0,0.00000000,52956,52927,35,0.00178221
1773325669.43822670,0.02158460,6189,0.00020398,0.00000000,0,0.00000000,52927,52937,36,0.00285335
1773325669.53816891,0.01862322,6217,0.00013428,0.00000000,0,0.00000000,52937,52932,29,0.00260895
1773325669.63818264,0.01887410,6186,0.00014361,0.00000000,0,0.00000000,52932,52941,32,0.00361333
1773325669.73821354,0.04353294,6215,0.00101380,0.00000000,0,0.00000000,52941,52948,46,0.00150563
1773325669.83823824,0.03021230,6169,0.00020671,0.00000000,0,0.00000000,52948,52949,39,0.00246501
1773325669.93822408,0.02732567,6217,0.00041837,0.00000000,0,0.00000000,52949,52963,31,0.00087312
1773325670.03826213,0.02666604,6206,0.00062310,0.00000000,0,0.00000000,52963,52973,41,0.00086471
1773325670.13819671,0.03374903,6207,0.00055547,0.00000000,0,0.00000000,52973,52976,43,0.00128991
1773325670.23820662,0.03478445,6234,0.00046897,0.00000000,0,0.00000000,52976,52957,44,0.00241531
1773325670.33834243,0.03560271,6234,0.00022264,0.00000000,0,0.00000000,52957,52961,38,0.00216417
1773325670.43833160,0.03245158,6184,0.00040424,0.00000000,0,0.00000000,52961,52944,42,0.00174264
1773325670.53817725,0.04746774,6220,0.00069440,0.00000000,0,0.00000000,52944,52946,40,0.00081834
1773325670.63820910,0.03031819,6314,0.00027098,0.00000000,0,0.00000000,52946,52959,40,0.00469452
1773325670.73831558,0.02209551,6230,0.00042172,0.00000000,0,0.00000000,52959,52976,31,0.00314850
1773325670.83834910,0.03293434,6230,0.00063140,0.00000000,0,0.00000000,52976,52958,33,0.00175719
1773325670.93819642,0.01730870,6243,0.00046860,0.00000000,0,0.00000000,52958,52963,24,0.00278364
1773325671.03821969,0.01954275,6296,0.00019872,0.00000000,0,0.00000000,52963,52969,25,0.00198754
1773325671.13820243,0.01599453,6303,0.00047660,0.00000000,0,0.00000000,52969,52951,38,0.00125920
1773325671.23821545,0.01617631,6342,0.00021408,0.00000000,0,0.00000000,52951,52963,32,0.00158363
1773325671.33828640,0.03095196,6357,0.00066217,0.00000000,0,0.00000000,52963,52961,32,0.00155627
1773325671.43829370,0.02979666,6399,0.00072289,0.00000000,0,0.00000000,52961,52982,38,0.00088315
1773325671.53826213,0.03348800,6428,0.00073802,0.00000000,0,0.00000000,52982,52989,34,0.00137600
1773325671.63828850,0.03201865,6380,0.00019626,0.00000000,0,0.00000000,52989,53001,42,0.00090381
1773325671.73806882,0.03152197,6446,0.00061181,0.00000000,0,0.00000000,53001,53007,42,0.00176014
1773325671.83833694,0.02262932,6394,0.00049508,0.00000000,0,0.00000000,53007,53017,43,0.00089467
1773325671.93821263,0.03633952,6353,0.00080610,0.00000000,0,0.00000000,53017,53038,43,0.00311210
1773325672.03824329,0.02642886,6366,0.00050146,0.00000000,0,0.00000000,53038,53025,38,0.00348022
1773325672.13822484,0.03170460,6370,0.00055138,0.00000000,0,0.00000000,53025,53027,31,0.00191490
1773325672.23825598,0.02426883,6353,0.00151241,0.00000000,0,0.00000000,53027,52808,41,0.00190005
1773325672.33815885,0.01674044,6340,0.00022305,0.00000000,0,0.00000000,52808,52770,35,0.00228491
1773325672.43820643,0.02346251,6343,0.00012248,0.00000000,0,0.00000000,52770,52771,29,0.00347612
1773325672.53824043,0.01428800,6312,0.00019511,0.00000000,0,0.00000000,52771,52779,24,0.00389706
1773325672.63819218,0.01376072,6210,0.00022750,0.00000000,0,0.00000000,52779,52779,29,0.00175742
1773325672.73734331,0.01758297,6382,0.00028399,0.00000000,0,0.00000000,52779,52765,33,0.00160949
1773325672.83745694,0.03522386,6329,0.00046157,0.00000000,0,0.00000000,52765,52780,37,0.00189140
1773325672.93826222,0.03093303,6293,0.00045728,0.00000000,0,0.00000000,52780,52781,37,0.00086811
1773325673.03827739,0.02904985,6269,0.00017581,0.00000000,0,0.00000000,52781,52789,30,0.00092662
1773325673.13810229,0.02274134,6268,0.00016409,0.00000000,0,0.00000000,52789,52780,21,0.00186179
1773325673.23816156,0.02939847,6313,0.00060458,0.00000000,0,0.00000000,52780,52797,38,0.00280289
1773325673.33816624,0.03386388,6310,0.00060096,0.00000000,0,0.00000000,52797,52792,37,0.00225250
1773325673.43812084,0.02749778,6311,0.00014493,0.00000000,0,0.00000000,52792,52783,22,0.00272388
1773325673.53809977,0.03562675,6278,0.00023346,0.00000000,0,0.00000000,52783,52780,36,0.00237177
1773325673.63820052,0.01916051,6309,0.00022836,0.00000000,0,0.00000000,52780,52785,30,0.00083713
1773325673.73816514,0.01889531,6278,0.00064291,0.00000000,0,0.00000000,52785,52793,40,0.00110997
1773325673.83818054,0.03028750,6292,0.00015015,0.00000000,0,0.00000000,52793,52805,31,0.00319504
1773325673.93815136,0.01510558,6258,0.00010579,0.00000000,0,0.00000000,52805,52809,24,0.00321123
1773325674.03837514,0.01537016,6270,0.00023689,0.00000000,0,0.00000000,52809,52815,27,0.00302732
1773325674.13812041,0.01658672,6238,0.00021273,0.00000000,0,0.00000000,52815,52814,30,0.00109921
1773325674.23810816,0.03489467,6242,0.00040292,0.00000000,0,0.00000000,52814,52819,25,0.00206456
1773325674.33816266,0.02755708,6296,0.00081226,0.00000000,0,0.00000000,52819,52839,39,0.00138157
1773325674.43813705,0.02592725,6292,0.00054772,0.00000000,0,0.00000000,52839,52859,43,0.00092505
1773325674.53806877,0.03491962,6305,0.00047334,0.00000000,0,0.00000000,52859,52876,38,0.00211053
1773325674.63814902,0.03591044,6325,0.00021743,0.00000000,0,0.00000000,52876,52880,28,0.00192266
1773325674.73807907,0.03212927,6322,0.00018188,0.00000000,0,0.00000000,52880,52884,33,0.00297514
1773325674.83806610,0.02632064,6360,0.00056945,0.00000000,0,0.00000000,52884,52888,36,0.00154488
1773325674.93950033,0.02475344,6318,0.00048656,0.00000000,0,0.00000000,52888,52899,41,0.00304292
1773325675.03815031,0.02588661,6285,0.00016392,0.00000000,0,0.00000000,52899,52908,33,0.00126517
1773325675.13805127,0.01756320,6358,0.00037554,0.00000000,0,0.00000000,52908,52931,39,0.00318039
1773325675.23827267,0.02041614,6313,0.00042123,0.00000000,0,0.00000000,52931,52916,30,0.00309493
1773325675.33824372,0.01962627,6297,0.00023597,0.00000000,0,0.00000000,52916,52919,34,0.00136621
1773325675.43823647,0.01931939,6285,0.00010628,0.00000000,0,0.00000000,52919,52932,26,0.00286805
1773325675.53808093,0.01771019,6340,0.00010360,0.00000000,0,0.00000000,52932,52935,29,0.00181846
1773325675.63824797,0.02739062,6256,0.00041798,0.00000000,0,0.00000000,52935,52943,30,0.00113120
1773325675.73808718,0.02870337,6280,0.00010368,0.00000000,0,0.00000000,52943,52945,20,0.00126021
1773325675.83809066,0.02591721,6296,0.00021155,0.00000000,0,0.00000000,52945,52959,35,0.00094303
1773325675.93820238,0.02867660,6248,0.00055879,0.00000000,0,0.00000000,52959,52966,31,0.00085773
1773325676.03804421,0.03197278,6213,0.00047280,0.00000000,0,0.00000000,52966,52952,22,0.00352025
1773325676.13806248,0.02144933,6197,0.00015638,0.00000000,0,0.00000000,52952,52926,23,0.00188441
1773325676.23805332,0.02351244,6160,0.00041016,0.00000000,0,0.00000000,52926,52932,29,0.00170817
1773325676.33818269,0.02828326,6138,0.00054432,0.00000000,0,0.00000000,52932,52930,36,0.00092476
1773325676.43809390,0.02878881,6137,0.00014673,0.00000000,0,0.00000000,52930,52937,34,0.00124285
1773325676.53811908,0.02898871,6086,0.00050838,0.00000000,0,0.00000000,52937,52955,35,0.00262694
1773325676.63813758,0.02848264,6116,0.00022007,0.00000000,0,0.00000000,52955,52951,33,0.00183235
1773325676.73817706,0.01972060,6007,0.00011316,0.00000000,0,0.00000000,52951,52960,28,0.00114736
1773325676.83802795,0.02928741,6087,0.00038519,0.00000000,0,0.00000000,52960,52967,24,0.00202187
1773325676.93821406,0.01385781,6040,0.00013148,0.00000000,0,0.00000000,52967,52942,28,0.00114718
1773325677.03805399,0.01724133,6110,0.00010544,0.00000000,0,0.00000000,52942,52952,28,0.00098190
1773325677.13813972,0.01308598,6081,0.00008020,0.00000000,0,0.00000000,52952,52966,24,0.00148467
1773325677.23828459,0.03006242,6104,0.00163261,0.00000000,0,0.00000000,52966,52848,25,0.00092184
1773325677.33811426,0.03148274,6117,0.00011665,0.00000000,0,0.00000000,52848,52857,23,0.00158424
1773325677.43813896,0.02759009,6154,0.00020937,0.00000000,0,0.00000000,52857,52828,28,0.00088040
1773325677.53816676,0.02606782,6097,0.00035113,0.00000000,0,0.00000000,52828,52830,24,0.00122052
1773325677.63810062,0.03545038,6117,0.00018604,0.00000000,0,0.00000000,52830,52838,23,0.00160638
1773325677.73804474,0.02355878,6168,0.00032614,0.00000000,0,0.00000000,52838,52841,26,0.00179348
1773325677.83811331,0.02471392,6121,0.00025643,0.00000000,0,0.00000000,52841,52849,21,0.00285742
1773325677.93813086,0.02959315,6134,0.00047522,0.00000000,0,0.00000000,52849,52859,36,0.00224958
1773325678.03800607,0.03341234,6161,0.00019941,0.00000000,0,0.00000000,52859,52867,26,0.00240219
1773325678.13795590,0.02067856,6161,0.00018150,0.00000000,0,0.00000000,52867,52866,28,0.00179471
1773325678.23818302,0.02721499,6152,0.00073800,0.00000000,0,0.00000000,52866,52864,42,0.00535016
1773325678.33798862,0.02642443,6091,0.00044961,0.00000000,0,0.00000000,52864,52880,33,0.00265881
1773325678.43805957,0.01368554,6102,0.00010690,0.00000000,0,0.00000000,52880,52895,32,0.00295127
1773325678.53806949,0.01838605,6040,0.00010847,0.00000000,0,0.00000000,52895,52900,29,0.00306203
1773325678.63808227,0.01789086,6029,0.00017380,0.00000000,0,0.00000000,52900,52893,36,0.00123018
1773325678.73808575,0.02685565,5953,0.00038242,0.00000000,0,0.00000000,52893,52902,22,0.00297865
1773325678.83807588,0.03169746,5938,0.00027845,0.00000000,0,0.00000000,52902,52909,36,0.00168414
1773325678.93811941,0.02593615,5989,0.00046280,0.00000000,0,0.00000000,52909,52904,28,0.00085508
1773325679.03824401,0.02740063,6014,0.00014307,0.00000000,0,0.00000000,52904,52906,31,0.00160575
1773325679.13801122,0.02394833,6030,0.00027906,0.00000000,0,0.00000000,52906,52907,28,0.00286204
1773325679.23826790,0.03077498,6120,0.00055385,0.00000000,0,0.00000000,52907,52911,38,0.00099787
1773325679.33812952,0.03645690,6136,0.00035195,0.00000000,0,0.00000000,52911,52910,26,0.00252548
1773325679.43812871,0.03312230,6221,0.00012413,0.00000000,0,0.00000000,52910,52899,27,0.00326327
1773325679.53810000,0.03407905,6176,0.00044508,0.00000000,0,0.00000000,52899,52912,35,0.00238155
1773325679.63811851,0.04095672,6224,0.00018761,0.00000000,0,0.00000000,52912,52928,38,0.00171657
1773325679.73813796,0.02371576,6251,0.00015684,0.00000000,0,0.00000000,52928,52935,34,0.00283818
1773325679.83811378,0.03388516,6293,0.00060581,0.00000000,0,0.00000000,52935,52945,44,0.00083324
1773325679.93806577,0.02401978,6289,0.00068040,0.00000000,0,0.00000000,52945,52952,30,0.00316516
1773325680.03809142,0.02299055,6308,0.00019817,0.00000000,0,0.00000000,52952,52958,31,0.00228167
1773325680.13804507,0.02248031,6322,0.00017815,0.00000000,0,0.00000000,52958,52974,38,0.00098580
1773325680.23827410,0.03344427,6345,0.00026512,0.00000000,0,0.00000000,52974,52968,39,0.00095254
1773325680.33804297,0.02971854,6343,0.00040172,0.00000000,0,0.00000000,52968,52974,37,0.00086171
1773325680.43810821,0.07899937,6318,0.00026741,0.00000000,0,0.00000000,52974,52989,34,0.00089621
1773325680.53809595,0.04864729,6345,0.00042847,0.00000000,0,0.00000000,52989,53002,37,0.00162186
1773325680.63809514,0.04443111,6320,0.00034199,0.00000000,0,0.00000000,53002,53001,38,0.00333827
1773325680.73799729,0.04577335,6383,0.00088357,0.00000000,0,0.00000000,53001,53006,44,0.00289782
1773325680.83806300,0.02740657,6295,0.00047264,0.00000000,0,0.00000000,53006,53019,35,0.00480317
1773325680.93800592,0.03239201,6331,0.00054582,0.00000000,0,0.00000000,53019,53014,29,0.00660260
1773325681.03804064,0.02704835,6315,0.00024577,0.00000000,0,0.00000000,53014,53017,31,0.00192191
1773325681.13803577,0.04080985,6310,0.00032383,0.00000000,0,0.00000000,53017,52992,32,0.00131506
1773325681.23825026,0.02353630,6310,0.00021585,0.00000000,0,0.00000000,52992,52986,33,0.00479902
1773325681.33801961,0.03103541,6299,0.00051741,0.00000000,0,0.00000000,52986,53000,41,0.00264196
1773325681.43801475,0.02733209,6320,0.00021416,0.00000000,0,0.00000000,53000,53014,48,0.00341686
1773325681.53799987,0.02082062,6252,0.00026649,0.00000000,0,0.00000000,53014,53028,42,0.00267598
1773325681.63810682,0.01783539,6249,0.00013880,0.00000000,0,0.00000000,53028,53042,32,0.00130346
1773325681.73806906,0.03619822,6192,0.00030114,0.00000000,0,0.00000000,53042,53047,19,0.00100364
1773325681.83796453,0.03272232,6215,0.00121545,0.00000000,0,0.00000000,53047,53053,44,0.00170802
1773325681.93799138,0.02795315,6162,0.00013564,0.00000000,0,0.00000000,53053,53063,29,0.00206034
1773325682.03796172,0.02722104,6184,0.00061228,0.00000000,0,0.00000000,53063,53066,38,0.00110955
1773325682.13810229,0.02761998,6110,0.00033558,0.00000000,0,0.00000000,53066,53072,23,0.00107850
1773325682.23819184,0.03203903,6078,0.00011091,0.00000000,0,0.00000000,53072,53086,25,0.00290257
1773325682.33792830,0.02417953,6063,0.00031515,0.00000000,0,0.00000000,53086,53101,29,0.00197910
1773325682.43808246,0.02490836,6055,0.00060184,0.00000000,0,0.00000000,53101,53118,31,0.00197046
1773325682.53792048,0.02324677,6013,0.00041364,0.00000000,0,0.00000000,53118,53133,37,0.00332659
1773325682.63800836,0.03468562,5979,0.00046352,0.00000000,0,0.00000000,53133,53138,31,0.00244372
1773325682.73799372,0.02249743,5991,0.00028123,0.00000000,0,0.00000000,53138,53127,24,0.00198665
1773325682.83791161,0.02098831,5999,0.00017933,0.00000000,0,0.00000000,53127,53136,22,0.00214673
1773325682.93808031,0.02020456,6001,0.00012349,0.00000000,0,0.00000000,53136,53149,32,0.00288963
1773325683.03799605,0.01726962,6047,0.00015643,0.00000000,0,0.00000000,53149,53165,30,0.00185371
1773325683.13875294,0.01498443,6036,0.00010483,0.00000000,0,0.00000000,53165,53173,30,0.00251449
1773325683.23811817,0.03092128,6052,0.00062977,0.00000000,0,0.00000000,53173,53182,34,0.00174549
1773325683.33796358,0.03081868,6071,0.00017404,0.00000000,0,0.00000000,53182,53192,27,0.00288565
1773325683.43796253,0.02130431,6106,0.00062608,0.00000000,0,0.00000000,53192,53179,28,0.00082146
1773325683.53800416,0.02580052,6095,0.00045907,0.00000000,0,0.00000000,53179,53167,27,0.00173393
1773325683.63806200,0.03393340,6081,0.00019007,0.00000000,0,0.00000000,53167,53180,29,0.00125146
1773325683.73801017,0.02569598,6076,0.00048136,0.00000000,0,0.00000000,53180,53184,24,0.00288126
1773325683.83793616,0.02380776,6072,0.00021289,0.00000000,0,0.00000000,53184,53199,32,0.00233349
1773325683.93796873,0.03006187,6111,0.00072745,0.00000000,0,0.00000000,53199,53203,35,0.00150025
1773325684.03793931,0.02628394,6070,0.00036229,0.00000000,0,0.00000000,53203,52786,24,0.00201573
1773325684.13800597,0.03558172,6057,0.00036754,0.00000000,0,0.00000000,52786,52776,22,0.00313436
1773325684.23793578,0.02168977,6021,0.00012563,0.00000000,0,0.00000000,52776,52787,26,0.00205734
1773325684.33791280,0.03220840,6051,0.00079857,0.00000000,0,0.00000000,52787,52798,37,0.00119595
1773325684.43789744,0.01720046,6037,0.00052125,0.00000000,0,0.00000000,52798,52741,26,0.00440506
1773325684.53798127,0.01267446,6004,0.00009595,0.00000000,0,0.00000000,52741,52751,29,0.00267297
1773325684.63802195,0.01993494,5902,0.00014750,0.00000000,0,0.00000000,52751,52744,28,0.00087226
1773325684.73790288,0.02485812,5996,0.00016055,0.00000000,0,0.00000000,52744,52751,21,0.00153736
1773325684.83791590,0.07809117,5995,0.00014390,0.00000000,0,0.00000000,52751,52761,25,0.00132619
1773325684.93796206,0.01609873,6037,0.00013387,0.00000000,0,0.00000000,52761,52764,21,0.00088596
1773325685.03810406,0.01915384,6016,0.00045471,0.00000000,0,0.00000000,52764,52769,23,0.00194204
1773325685.13787317,0.03122224,6074,0.00037399,0.00000000,0,0.00000000,52769,52783,27,0.00127086
1773325685.23790407,0.02409567,6025,0.00014989,0.00000000,0,0.00000000,52783,52781,19,0.00291845
1773325685.33804321,0.02741673,6054,0.00010183,0.00000000,0,0.00000000,52781,52794,25,0.00142026
1773325685.43793559,0.02349152,6065,0.00011487,0.00000000,0,0.00000000,52794,52789,21,0.00093612
1773325685.53792930,0.03026395,6053,0.00046061,0.00000000,0,0.00000000,52789,52791,16,0.00207656
1773325685.63796568,0.01959900,6066,0.00051109,0.00000000,0,0.00000000,52791,52777,31,0.00355991
1773325685.73800278,0.03263268,6033,0.00039599,0.00000000,0,0.00000000,52777,52782,24,0.00268592
1773325685.83799481,0.01562833,6052,0.00006729,0.00000000,0,0.00000000,52782,52785,20,0.00338215
1773325685.93784213,0.04237565,6111,0.00017623,0.00000000,0,0.00000000,52785,52787,22,0.00448072
1773325686.03784919,0.01570848,6083,0.00018283,0.00000000,0,0.00000000,52787,52795,23,0.00330156
1773325686.13788676,0.02044678,6038,0.00011175,0.00000000,0,0.00000000,52795,52804,28,0.00274454
1773325686.23786950,0.01986725,6032,0.00013474,0.00000000,0,0.00000000,52804,52801,24,0.00157614
1773325686.33788848,0.01917148,6043,0.00035342,0.00000000,0,0.00000000,52801,52808,32,0.00310680
1773325686.43790483,0.03845210,6067,0.00044202,0.00000000,0,0.00000000,52808,52821,26,0.00098537
1773325686.53799272,0.02685551,5979,0.00033113,0.00000000,0,0.00000000,52821,52827,23,0.00110810
1773325686.63781071,0.03812238,6045,0.00038933,0.00000000,0,0.00000000,52827,52822,20,0.00178746
1773325686.73787904,0.04541938,6027,0.00069927,0.00000000,0,0.00000000,52822,52811,27,0.00167396
1773325686.83792424,0.06855454,6053,0.00021260,0.00000000,0,0.00000000,52811,52792,19,0.00243764
1773325686.93788171,0.06963749,6013,0.00008383,0.00000000,0,0.00000000,52792,52796,16,0.00336060
1773325687.03789473,0.03745846,6092,0.00037545,0.00000000,0,0.00000000,52796,52807,25,0.00249247
1773325687.13796973,0.02978298,6046,0.00016038,0.00000000,0,0.00000000,52807,52807,24,0.00278967
1773325687.23793864,0.02192944,6108,0.00025756,0.00000000,0,0.00000000,52807,52817,22,0.00299653
1773325687.33787680,0.02182722,6092,0.00039075,0.00000000,0,0.00000000,52817,52815,28,0.00461219
1773325687.43791842,0.03485474,6091,0.00042097,0.00000000,0,0.00000000,52815,52822,21,0.00365366
1773325687.53794503,0.02025963,6051,0.00029723,0.00000000,0,0.00000000,52822,52825,19,0.00252837
1773325687.63790464,0.02119893,6135,0.00029428,0.00000000,0,0.00000000,52825,52836,31,0.00272385
1773325687.73788142,0.01908498,6144,0.00019287,0.00000000,0,0.00000000,52836,52838,31,0.00276726
1773325687.83789992,0.02330109,6203,0.00020699,0.00000000,0,0.00000000,52838,52840,31,0.00277316
1773325687.93799400,0.04264250,6255,0.00062844,0.00000000,0,0.00000000,52840,52851,38,0.00129411
1773325688.03798604,0.04115929,6270,0.00070903,0.00000000,0,0.00000000,52851,52848,41,0.00087084
1773325688.13853741,0.03853744,6227,0.00062934,0.00000000,0,0.00000000,52848,52860,44,0.00126559
1773325688.23785257,0.03955558,6239,0.00031019,0.00000000,0,0.00000000,52860,52872,28,0.00264056
1773325688.33789277,0.03942051,6248,0.00025701,0.00000000,0,0.00000000,52872,52865,44,0.00260552
1773325688.43787050,0.03388053,6272,0.00028691,0.00000000,0,0.00000000,52865,52872,37,0.00310946
1773325688.53794098,0.04348168,6250,0.00041679,0.00000000,0,0.00000000,52872,52870,35,0.00096314
1773325688.63798738,0.02427328,6259,0.00020809,0.00000000,0,0.00000000,52870,52869,30,0.00213788
1773325688.73785830,0.03977476,6287,0.00116370,0.00000000,0,0.00000000,52869,52864,27,0.00246483
1773325688.83783579,0.03188012,6293,0.00012050,0.00000000,0,0.00000000,52864,52872,27,0.00339178
1773325688.93781066,0.02262420,6290,0.00047594,0.00000000,0,0.00000000,52872,52890,28,0.00292843
1773325689.03788614,0.02054481,6285,0.00031086,0.00000000,0,0.00000000,52890,52888,31,0.00302882
1773325689.13789272,0.02214050,6282,0.00011095,0.00000000,0,0.00000000,52888,52900,30,0.00174486
1773325689.23786449,0.02497536,6303,0.00027835,0.00000000,0,0.00000000,52900,52909,42,0.00310468
1773325689.33786821,0.03799059,6294,0.00049222,0.00000000,0,0.00000000,52909,52928,34,0.00098660
1773325689.43797064,0.03402992,6289,0.00058242,0.00000000,0,0.00000000,52928,52946,40,0.00094936
1773325689.53790188,0.03548659,6228,0.00041467,0.00000000,0,0.00000000,52946,52947,31,0.00134747
1773325689.63778782,0.02934826,6266,0.00054242,0.00000000,0,0.00000000,52947,52961,28,0.00110978
1773325689.73775315,0.02928251,6268,0.00054671,0.00000000,0,0.00000000,52961,52961,33,0.00277867
1773325689.83775830,0.03477402,6304,0.00062790,0.00000000,0,0.00000000,52961,52968,39,0.00178557
1773325689.93792486,0.03675581,6203,0.00022710,0.00000000,0,0.00000000,52968,52980,34,0.00297602
1773325690.03777432,0.03510375,6252,0.00074471,0.00000000,0,0.00000000,52980,52956,39,0.00205629
1773325690.13794589,0.03708848,6238,0.00047952,0.00000000,0,0.00000000,52956,52951,38,0.00177529
1773325690.23774815,0.02581935,6269,0.00042768,0.00000000,0,0.00000000,52951,52962,30,0.00214634
1773325690.33790207,0.03531894,6181,0.00050700,0.00000000,0,0.00000000,52962,52967,28,0.00087718
1773325690.43774748,0.02358821,6222,0.00022568,0.00000000,0,0.00000000,52967,52967,44,0.00337616
1773325690.53787208,0.02464960,6161,0.00015339,0.00000000,0,0.00000000,52967,52974,26,0.00283673
1773325690.63780832,0.02013567,6122,0.00012228,0.00000000,0,0.00000000,52974,52985,28,0.00098604
1773325690.73778033,0.01946305,6146,0.00017744,0.00000000,0,0.00000000,52985,52989,26,0.00098699
1773325690.83777714,0.03859503,6093,0.00060552,0.00000000,0,0.00000000,52989,52970,33,0.00123817
1773325690.93774152,0.04104226,6081,0.00048784,0.00000000,0,0.00000000,52970,52957,24,0.00157029
1773325691.03777027,0.03216695,6022,0.00043028,0.00000000,0,0.00000000,52957,52967,26,0.00106107
1773325691.13784790,0.03661955,5931,0.00021891,0.00000000,0,0.00000000,52967,52971,27,0.00103756
1773325691.23786974,0.02949521,5910,0.00048505,0.00000000,0,0.00000000,52971,52972,31,0.00125432
1773325691.33778405,0.03233345,5891,0.00054858,0.00000000,0,0.00000000,52972,52980,34,0.00211081
1773325691.43776655,0.02995417,5933,0.00032680,0.00000000,0,0.00000000,52980,52989,23,0.00234518
1773325691.53783870,0.02660445,5966,0.00035119,0.00000000,0,0.00000000,52989,52998,26,0.00297277
1773325691.63786459,0.02790402,6015,0.00075561,0.00000000,0,0.00000000,52998,52990,31,0.00270508
1773325691.73777246,0.02016477,6008,0.00018498,0.00000000,0,0.00000000,52990,52995,27,0.00244844
1773325691.83775806,0.02627959,6080,0.00056085,0.00000000,0,0.00000000,52995,52992,36,0.00198552
1773325691.93782806,0.01695212,6021,0.00016230,0.00000000,0,0.00000000,52992,52993,31,0.00391178
1773325692.03775549,0.02040218,6040,0.00025361,0.00000000,0,0.00000000,52993,52989,42,0.00123619
1773325692.13782144,0.01782580,6003,0.00018776,0.00000000,0,0.00000000,52989,52985,29,0.00122087
1773325692.23786306,0.03260195,6017,0.00038354,0.00000000,0,0.00000000,52985,52995,28,0.00083436
1773325692.33781171,0.03111366,6016,0.00013591,0.00000000,0,0.00000000,52995,53004,27,0.00091156
1773325692.43808508,0.03083951,6001,0.00053431,0.00000000,0,0.00000000,53004,53007,34,0.00164515
1773325692.53775096,0.02395403,6041,0.00033535,0.00000000,0,0.00000000,53007,53011,22,0.00176580
1773325692.63781595,0.03805383,6017,0.00040459,0.00000000,0,0.00000000,53011,53001,35,0.00133572
1773325692.73788881,0.03841421,6016,0.00020335,0.00000000,0,0.00000000,53001,52999,31,0.00300230
1773325692.83778644,0.03548122,5988,0.00019496,0.00000000,0,0.00000000,52999,53002,32,0.00177428
1773325692.93767881,0.02977207,6064,0.00036458,0.00000000,0,0.00000000,53002,53012,31,0.00185210
1773325693.03781247,0.04238844,6037,0.00058965,0.00000000,0,0.00000000,53012,53004,41,0.00210220
1773325693.13769889,0.02746392,6092,0.00018773,0.00000000,0,0.00000000,53004,53002,34,0.00272710
1773325693.23782587,0.02879840,6094,0.00074693,0.00000000,0,0.00000000,53002,53020,49,0.00332014
1773325693.33771467,0.03955845,6098,0.00072871,0.00000000,0,0.00000000,53020,53027,34,0.00253842
1773325693.43773651,0.02887188,6136,0.00027966,0.00000000,0,0.00000000,53027,53045,40,0.00098364
1773325693.53768682,0.02648138,6114,0.00045713,0.00000000,0,0.00000000,53045,53052,31,0.00171205
1773325693.63770938,0.02272336,6105,0.00020060,0.00000000,0,0.00000000,53052,53045,35,0.00131134
1773325693.73776364,0.02238412,6153,0.00021761,0.00000000,0,0.00000000,53045,53036,40,0.00148697
1773325693.83769274,0.03466115,6156,0.00040191,0.00000000,0,0.00000000,53036,53043,24,0.00117015
1773325693.93771172,0.03422420,6102,0.00063821,0.00000000,0,0.00000000,53043,53037,37,0.00122020
1773325694.03770924,0.03068979,6133,0.00042650,0.00000000,0,0.00000000,53037,53050,33,0.00326238
1773325694.13774180,0.03967076,6130,0.00054241,0.00000000,0,0.00000000,53050,53040,36,0.00101850
1773325694.23767805,0.03059654,6081,0.00048233,0.00000000,0,0.00000000,53040,53050,31,0.00184096
1773325694.33776522,0.03635925,6096,0.00049609,0.00000000,0,0.00000000,53050,53047,44,0.00287433
1773325694.43771815,0.03711137,6046,0.00065186,0.00000000,0,0.00000000,53047,53058,47,0.00191238
1773325694.53768063,0.03452620,6037,0.00043502,0.00000000,0,0.00000000,53058,53068,36,0.00214911
1773325694.63775635,0.03741990,5946,0.00025792,0.00000000,0,0.00000000,53068,53031,44,0.00264542
1773325694.73763990,0.02367748,6028,0.00029658,0.00000000,0,0.00000000,53031,53019,34,0.00183702
1773325694.83767724,0.03232491,5991,0.00029536,0.00000000,0,0.00000000,53019,53029,27,0.00189223
1773325694.93766165,0.02308283,5960,0.00019939,0.00000000,0,0.00000000,53029,53030,29,0.00272009
1773325695.03770232,0.02151467,6002,0.00017294,0.00000000,0,0.00000000,53030,53031,27,0.00121061
1773325695.13772273,0.01952023,6068,0.00014964,0.00000000,0,0.00000000,53031,53033,41,0.00092562
1773325695.23772359,0.01846907,6027,0.00018974,0.00000000,0,0.00000000,53033,53041,27,0.00110078
1773325695.33771944,0.03403289,6063,0.00068045,0.00000000,0,0.00000000,53041,53058,44,0.00111074
1773325695.43776798,0.03768823,5999,0.00058837,0.00000000,0,0.00000000,53058,53058,47,0.00134568
1773325695.53776526,0.03516638,6066,0.00028406,0.00000000,0,0.00000000,53058,53057,53,0.00105919
1773325695.63779521,0.03284441,5973,0.00020201,0.00000000,0,0.00000000,53057,53058,38,0.00122037
1773325695.73780608,0.02756002,5981,0.00023048,0.00000000,0,0.00000000,53058,53051,46,0.00186588
1773325695.83766603,0.03792401,6002,0.00054339,0.00000000,0,0.00000000,53051,53056,43,0.00221251
1773325695.93762708,0.04100016,6032,0.00079103,0.00000000,0,0.00000000,53056,53065,40,0.00233797
1773325696.03772068,0.03228277,6020,0.00043082,0.00000000,0,0.00000000,53065,53052,31,0.00215933
1773325696.13767338,0.04288454,5979,0.00059265,0.00000000,0,0.00000000,53052,53072,42,0.00215307
1773325696.23773885,0.02350193,5883,0.00019718,0.00000000,0,0.00000000,53072,53070,27,0.00103542
1773325696.33768177,0.02501316,5821,0.00064453,0.00000000,0,0.00000000,53070,53058,53,0.00086226
1773325696.43813396,0.03129160,5700,0.00016762,0.00000000,0,0.00000000,53058,53070,33,0.00300200
1773325696.53768897,0.02746207,5743,0.00032932,0.00000000,0,0.00000000,53070,53076,44,0.00266570
1773325696.63766599,0.02238045,5705,0.00022996,0.00000000,0,0.00000000,53076,53081,43,0.00086693
1773325696.73760605,0.01787086,5766,0.00012954,0.00000000,0,0.00000000,53081,53081,37,0.00090140
1773325696.83781028,0.03468510,5806,0.00039702,0.00000000,0,0.00000000,53081,53103,37,0.00237641
1773325696.93765640,0.03820484,5833,0.00017471,0.00000000,0,0.00000000,53103,53110,43,0.00124834
1773325697.03763199,0.03591955,5886,0.00042142,0.00000000,0,0.00000000,53110,53118,27,0.00244801
1773325697.13771415,0.03332879,5936,0.00063694,0.00000000,0,0.00000000,53118,53134,43,0.00125047
1773325697.23759031,0.03846570,6090,0.00091327,0.00000000,0,0.00000000,53134,53124,40,0.00107084
1773325697.33773446,0.04708313,6068,0.00075824,0.00000000,0,0.00000000,53124,53143,49,0.00224176
1773325697.43761444,0.04758864,6079,0.00032023,0.00000000,0,0.00000000,53143,53136,40,0.00319012
1773325697.53766465,0.04324407,6080,0.00056737,0.00000000,0,0.00000000,53136,53137,45,0.00220170
1773325697.63760757,0.02586732,6092,0.00011473,0.00000000,0,0.00000000,53137,53134,32,0.00229051
1773325697.73766041,0.02258666,6022,0.00016708,0.00000000,0,0.00000000,53134,53131,26,0.00086252
1773325697.83765888,0.03871926,6059,0.00022452,0.00000000,0,0.00000000,53131,53137,35,0.00311383
1773325697.93770647,0.02415384,6135,0.00023895,0.00000000,0,0.00000000,53137,53124,33,0.00225963
1773325698.03766394,0.02575662,6089,0.00030680,0.00000000,0,0.00000000,53124,53115,38,0.00332490
1773325698.13769031,0.01967051,6087,0.00022218,0.00000000,0,0.00000000,53115,53099,43,0.00254647
1773325698.23759079,0.02198475,6139,0.00024414,0.00000000,0,0.00000000,53099,53107,47,0.00096824
1773325698.33759308,0.04359938,6173,0.00070287,0.00000000,0,0.00000000,53107,53125,45,0.00126569
1773325698.43780255,0.04090011,6183,0.00027677,0.00000000,0,0.00000000,53125,53127,28,0.00119376
1773325698.53774071,0.03621757,6156,0.00023520,0.00000000,0,0.00000000,53127,53138,38,0.00089876
1773325698.63758135,0.02613308,6170,0.00013555,0.00000000,0,0.00000000,53138,53138,25,0.00167971
1773325698.73764348,0.03236179,6178,0.00040382,0.00000000,0,0.00000000,53138,53114,22,0.00120155
1773325698.83769417,0.03747240,6166,0.00036202,0.00000000,0,0.00000000,53114,53115,30,0.00228446
1773325698.93760896,0.03453270,6179,0.00037287,0.00000000,0,0.00000000,53115,53114,46,0.00162582
1773325699.03801227,0.04261229,6157,0.00048762,0.00000000,0,0.00000000,53114,53134,42,0.00287166
1773325699.13766122,0.02837972,6211,0.00026021,0.00000000,0,0.00000000,53134,53150,48,0.00248479
1773325699.23763919,0.03726537,6229,0.00067822,0.00000000,0,0.00000000,53150,53133,59,0.00175782
1773325699.33768654,0.03898292,6173,0.00042114,0.00000000,0,0.00000000,53133,53156,46,0.00117293
1773325699.43753672,0.02631077,6218,0.00050360,0.00000000,0,0.00000000,53156,53147,37,0.00234264
1773325699.53758740,0.02480773,6215,0.00023134,0.00000000,0,0.00000000,53147,53145,44,0.00418049
1773325699.63761520,0.02295061,6196,0.00019521,0.00000000,0,0.00000000,53145,53155,38,0.00139978
1773325699.73773623,0.02316500,6171,0.00019972,0.00000000,0,0.00000000,53155,53153,33,0.00164838
1773325699.83754969,0.04062905,6197,0.00054719,0.00000000,0,0.00000000,53153,53163,50,0.00078973
1773325699.93764138,0.03372249,6186,0.00038217,0.00000000,0,0.00000000,53163,53170,31,0.00158333
1773325700.03764868,0.03078224,6161,0.00045933,0.00000000,0,0.00000000,53170,53165,38,0.00152117
1773325700.13754606,0.03779069,6231,0.00055018,0.00000000,0,0.00000000,53165,53166,34,0.00082307
1773325700.23752046,0.04061652,6194,0.00048178,0.00000000,0,0.00000000,53166,53175,44,0.00224108
1773325700.33753705,0.04314190,6203,0.00032372,0.00000000,0,0.00000000,53175,53155,37,0.00240041
1773325700.43760228,0.03543395,6226,0.00023961,0.00000000,0,0.00000000,53155,53165,31,0.00196911
1773325700.53755450,0.04190659,6184,0.00074420,0.00000000,0,0.00000000,53165,53170,32,0.00241587
1773325700.63751674,0.02517142,6211,0.00021072,0.00000000,0,0.00000000,53170,53179,27,0.00254624
1773325700.73759151,0.01962478,6215,0.00021723,0.00000000,0,0.00000000,53179,53185,26,0.00334091
1773325700.83767414,0.03064857,6223,0.00069891,0.00000000,0,0.00000000,53185,53166,32,0.00291646
1773325700.93764400,0.01898029,6214,0.00012605,0.00000000,0,0.00000000,53166,53170,26,0.00176849
1773325701.03753877,0.01706684,6250,0.00050132,0.00000000,0,0.00000000,53170,53175,32,0.00300940
1773325701.13767195,0.01677372,6240,0.00013422,0.00000000,0,0.00000000,53175,53170,26,0.00117804
1773325701.23754907,0.01617548,6224,0.00008373,0.00000000,0,0.00000000,53170,53171,24,0.00245305
1773325701.33760452,0.02915028,6234,0.00016425,0.00000000,0,0.00000000,53171,53181,24,0.00241756
1773325701.43766093,0.02113180,6225,0.00056632,0.00000000,0,0.00000000,53181,53168,32,0.00161376
1773325701.53766727,0.02999294,6129,0.00044512,0.00000000,0,0.00000000,53168,53173,29,0.00170570
1773325701.63752365,0.03092299,6152,0.00048165,0.00000000,0,0.00000000,53173,53184,38,0.00145313
1773325701.73758340,0.03343966,6179,0.00022574,0.00000000,0,0.00000000,53184,53197,42,0.00195841
1773325701.83755827,0.03352067,6238,0.00038042,0.00000000,0,0.00000000,53197,53188,34,0.00190036
1773325701.93760872,0.03605733,6166,0.00070847,0.00000000,0,0.00000000,53188,53179,36,0.00207219
1773325702.03754044,0.03879129,6197,0.00030487,0.00000000,0,0.00000000,53179,53178,38,0.00304000
1773325702.13760734,0.02545350,6208,0.00110164,0.00000000,0,0.00000000,53178,53083,41,0.00213323
1773325702.23757911,0.04069421,6202,0.00056419,0.00000000,0,0.00000000,53083,53087,37,0.00332680
1773325702.33769226,0.02515882,6183,0.00015178,0.00000000,0,0.00000000,53087,53082,32,0.00176670
1773325702.43755722,0.02186461,6227,0.00040369,0.00000000,0,0.00000000,53082,53074,45,0.00419584
1773325702.53757167,0.02336239,6218,0.00031248,0.00000000,0,0.00000000,53074,53085,36,0.00427274
1773325702.63758373,0.01884118,6217,0.00015878,0.00000000,0,0.00000000,53085,53092,37,0.00181538
1773325702.73763871,0.02831054,6177,0.00047938,0.00000000,0,0.00000000,53092,53086,37,0.00127988
1773325702.83767509,0.03762085,6191,0.00034177,0.00000000,0,0.00000000,53086,53096,25,0.00098670
1773325702.93755651,0.04153940,6191,0.00029159,0.00000000,0,0.00000000,53096,53111,35,0.00166257
1773325703.03755879,0.03565000,6187,0.00064917,0.00000000,0,0.00000000,53111,53120,50,0.00166463
1773325703.13747978,0.03909690,6211,0.00036683,0.00000000,0,0.00000000,53120,53137,45,0.00087792
1773325703.23749948,0.03460121,6225,0.00044992,0.00000000,0,0.00000000,53137,53133,40,0.00190189
1773325703.33757758,0.02653534,6209,0.00049470,0.00000000,0,0.00000000,53133,53140,36,0.00309406
1773325703.43762612,0.02745085,6168,0.00036839,0.00000000,0,0.00000000,53140,53150,30,0.00241256
1773325703.53750181,0.02840665,6159,0.00026782,0.00000000,0,0.00000000,53150,53150,24,0.00314056
1773325703.63748097,0.02848137,6113,0.00058679,0.00000000,0,0.00000000,53150,53149,31,0.00328928
1773325703.73750091,0.01418042,6127,0.00016980,0.00000000,0,0.00000000,53149,53150,33,0.00194108
1773325703.83767343,0.01367129,6121,0.00045928,0.00000000,0,0.00000000,53150,53152,36,0.00185562
1773325703.93757796,0.01444236,6075,0.00012915,0.00000000,0,0.00000000,53152,53149,24,0.00232255
1773325704.03754735,0.01284965,6069,0.00020029,0.00000000,0,0.00000000,53149,53156,32,0.00203003
1773325704.13760853,0.01536627,6081,0.00021096,0.00000000,0,0.00000000,53156,53147,37,0.00262990
1773325704.23759007,0.01475694,6102,0.00017033,0.00000000,0,0.00000000,53147,53143,32,0.00110352
1773325704.33748388,0.02036885,6130,0.00067037,0.00000000,0,0.00000000,53143,53148,36,0.00155787
1773325704.43746185,0.02614217,6146,0.00028767,0.00000000,0,0.00000000,53148,53156,18,0.00080994
1773325704.53768420,0.02938754,6097,0.00065193,0.00000000,0,0.00000000,53156,53154,32,0.00214398
1773325704.63747907,0.02265257,6146,0.00010250,0.00000000,0,0.00000000,53154,53163,23,0.00149592
1773325704.73769236,0.02876434,6116,0.00018810,0.00000000,0,0.00000000,53163,53157,23,0.00187865
1773325704.83756661,0.03182512,6167,0.00045148,0.00000000,0,0.00000000,53157,53160,28,0.00086659
1773325704.93757343,0.03086784,6175,0.00057689,0.00000000,0,0.00000000,53160,53141,33,0.00227494
1773325705.03752661,0.03358501,6149,0.00090724,0.00000000,0,0.00000000,53141,53149,47,0.00265246
1773325705.13750339,0.03419265,6213,0.00041277,0.00000000,0,0.00000000,53149,53111,56,0.00276802
1773325705.23755717,0.02425114,6153,0.00076746,0.00000000,0,0.00000000,53111,53118,46,0.00445081
1773325705.33757782,0.03682060,6177,0.00069542,0.00000000,0,0.00000000,53118,53121,46,0.00094380
1773325705.43756294,0.02684284,6102,0.00064554,0.00000000,0,0.00000000,53121,53133,48,0.00281185
1773325705.53742671,0.02368278,6201,0.00021517,0.00000000,0,0.00000000,53133,53146,48,0.00303239
1773325705.63766432,0.01724744,6163,0.00016989,0.00000000,0,0.00000000,53146,53148,46,0.00104538
1773325705.73749757,0.01837434,6178,0.00013123,0.00000000,0,0.00000000,53148,53154,35,0.00102557
1773325705.83749008,0.03594942,6200,0.00061858,0.00000000,0,0.00000000,53154,53163,51,0.00187646
1773325705.93766737,0.02740013,6113,0.00071841,0.00000000,0,0.00000000,53163,53171,34,0.00164836
1773325706.03747892,0.02399968,6081,0.00039035,0.00000000,0,0.00000000,53171,53183,30,0.00145269
1773325706.13755512,0.03392808,6134,0.00054617,0.00000000,0,0.00000000,53183,53187,35,0.00093594
1773325706.23757911,0.03557214,6107,0.00059837,0.00000000,0,0.00000000,53187,53191,38,0.00178277
1773325706.33763027,0.03753701,6134,0.00019767,0.00000000,0,0.00000000,53191,53188,30,0.00301150
1773325706.43769503,0.04008438,6154,0.00017631,0.00000000,0,0.00000000,53188,53196,20,0.00153919
1773325706.53764009,0.03237679,6107,0.00045072,0.00000000,0,0.00000000,53196,53211,44,0.00179879
1773325706.63749933,0.01854418,6135,0.00018570,0.00000000,0,0.00000000,53211,53222,35,0.00189867
1773325706.73753381,0.01453426,6126,0.00018578,0.00000000,0,0.00000000,53222,53187,30,0.00311659
1773325706.83757401,0.02657084,6140,0.00046090,0.00000000,0,0.00000000,53187,53196,34,0.00363084
1773325706.93767500,0.01692835,6126,0.00019898,0.00000000,0,0.00000000,53196,53210,38,0.00406280
1773325707.03757620,0.01640111,6139,0.00017851,0.00000000,0,0.00000000,53210,53224,39,0.00345795
1773325707.13763499,0.01214435,6154,0.00012768,0.00000000,0,0.00000000,53224,53239,42,0.00226100
1773325707.23759723,0.01359121,6135,0.00011079,0.00000000,0,0.00000000,53239,53245,35,0.00077886
1773325707.33747816,0.02165159,6101,0.00017139,0.00000000,0,0.00000000,53245,53241,25,0.00245077
1773325707.43747592,0.02346317,6100,0.00036540,0.00000000,0,0.00000000,53241,53257,36,0.00099899
1773325707.53752398,0.01837643,6109,0.00040079,0.00000000,0,0.00000000,53257,53266,36,0.00084368
1773325707.63767552,0.02616459,5997,0.00015470,0.00000000,0,0.00000000,53266,53265,33,0.00138958
1773325707.73753047,0.02288281,6068,0.00050651,0.00000000,0,0.00000000,53265,53277,36,0.00202859
1773325707.83769679,0.02092456,5987,0.00017012,0.00000000,0,0.00000000,53277,53275,40,0.00102447
1773325707.93759871,0.03264268,6012,0.00028305,0.00000000,0,0.00000000,53275,53251,40,0.00193886
1773325708.03755856,0.02666335,5993,0.00015368,0.00000000,0,0.00000000,53251,53267,32,0.00165445
1773325708.13759923,0.01541183,5996,0.00011084,0.00000000,0,0.00000000,53267,53260,24,0.00187596
1773325708.23834515,0.02581488,5906,0.00031623,0.00000000,0,0.00000000,53260,53267,27,0.00162760
1773325708.33816886,0.01517548,5934,0.00043533,0.00000000,0,0.00000000,53267,53207,38,0.00167357
1773325708.43744802,0.01603419,5966,0.00018349,0.00000000,0,0.00000000,53207,53206,41,0.00233707
1773325708.53751016,0.01917698,5956,0.00016840,0.00000000,0,0.00000000,53206,53203,36,0.00278776
1773325708.63756013,0.03026171,6007,0.00040057,0.00000000,0,0.00000000,53203,53214,29,0.00158253
1773325708.73755646,0.03557701,6028,0.00066705,0.00000000,0,0.00000000,53214,53211,42,0.00091684
1773325708.83762264,0.03795332,6089,0.00044945,0.00000000,0,0.00000000,53211,53182,47,0.00094837
1773325708.93764758,0.03724512,6116,0.00029852,0.00000000,0,0.00000000,53182,53183,46,0.00086331
1773325709.03760719,0.03046520,6079,0.00017986,0.00000000,0,0.00000000,53183,53180,30,0.00243637
1773325709.13746095,0.03068784,6147,0.00045343,0.00000000,0,0.00000000,53180,53197,37,0.00207229
1773325709.23766160,0.02632307,6095,0.00043643,0.00000000,0,0.00000000,53197,53212,34,0.00178453
1773325709.33749723,0.03149896,6126,0.00058940,0.00000000,0,0.00000000,53212,53219,43,0.00278961
1773325709.43746972,0.03187007,6080,0.00017978,0.00000000,0,0.00000000,53219,53228,25,0.00292412
1773325709.53751659,0.03477064,6120,0.00052690,0.00000000,0,0.00000000,53228,53240,33,0.00265536
1773325709.63757420,0.03068805,6107,0.00015545,0.00000000,0,0.00000000,53240,53244,35,0.00223259
1773325709.73763800,0.01986728,6148,0.00012738,0.00000000,0,0.00000000,53244,53253,30,0.00113915
1773325709.83763027,0.02988207,6135,0.00051937,0.00000000,0,0.00000000,53253,53257,37,0.00190386
1773325709.93768549,0.01479832,6120,0.00014055,0.00000000,0,0.00000000,53257,53267,29,0.00411576
1773325710.03747416,0.02024563,6156,0.00016357,0.00000000,0,0.00000000,53267,53272,35,0.00402761
1773325710.13748169,0.02053149,6196,0.00021738,0.00000000,0,0.00000000,53272,53275,20,0.00081999
1773325710.23769283,0.01671099,6148,0.00029641,0.00000000,0,0.00000000,53275,53276,37,0.00166253
1773325710.33745956,0.03341237,6226,0.00052437,0.00000000,0,0.00000000,53276,53288,38,0.00100115
1773325710.43746042,0.03198378,6238,0.00036339,0.00000000,0,0.00000000,53288,53294,31,0.00211561
1773325710.53764319,0.03114836,6190,0.00050512,0.00000000,0,0.00000000,53294,53306,35,0.00113881
1773325710.63750815,0.02627811,6251,0.00020038,0.00000000,0,0.00000000,53306,53315,44,0.00083675
1773325710.73752165,0.02551719,6237,0.00013893,0.00000000,0,0.00000000,53315,53331,36,0.00512670
1773325710.83752680,0.02466425,6225,0.00034826,0.00000000,0,0.00000000,53331,53343,23,0.00134163
1773325710.93754506,0.03142852,6200,0.00066613,0.00000000,0,0.00000000,53343,53324,33,0.00283206
1773325711.03752804,0.03348160,6241,0.00029513,0.00000000,0,0.00000000,53324,53292,37,0.00301818
1773325711.13751698,0.02461371,6209,0.00076542,0.00000000,0,0.00000000,53292,53304,63,0.00220440
1773325711.23759842,0.03224920,6183,0.00081973,0.00000000,0,0.00000000,53304,53307,63,0.00292943
1773325711.33743095,0.01964031,6238,0.00027101,0.00000000,0,0.00000000,53307,53327,49,0.00293574
1773325711.43758869,0.03018816,6239,0.00071229,0.00000000,0,0.00000000,53327,53334,49,0.00354481
1773325711.53760719,0.02116390,6283,0.00035204,0.00000000,0,0.00000000,53334,53355,48,0.00367319
1773325711.63754463,0.02053214,6285,0.00032810,0.00000000,0,0.00000000,53355,53352,38,0.00245636
1773325711.73762059,0.02092086,6288,0.00022584,0.00000000,0,0.00000000,53352,53364,37,0.00200106
1773325711.83759212,0.03610384,6301,0.00020983,0.00000000,0,0.00000000,53364,53348,37,0.00101739
1773325711.93759799,0.03578220,6303,0.00022429,0.00000000,0,0.00000000,53348,53341,37,0.00168629
1773325712.03757000,0.03468247,6315,0.00092846,0.00000000,0,0.00000000,53341,53322,37,0.00097387
1773325712.13766074,0.03318036,6292,0.00018479,0.00000000,0,0.00000000,53322,53336,42,0.00098371
1773325712.23745155,0.02805363,6361,0.00059037,0.00000000,0,0.00000000,53336,53337,47,0.00186056
1773325712.33762884,0.02893976,6313,0.00050099,0.00000000,0,0.00000000,53337,53357,37,0.00209361
1773325712.43754888,0.03028266,6275,0.00058899,0.00000000,0,0.00000000,53357,53374,43,0.00292348
1773325712.53756046,0.03694182,6316,0.00065455,0.00000000,0,0.00000000,53374,53373,39,0.00301927
1773325712.63752985,0.02014003,6326,0.00020360,0.00000000,0,0.00000000,53373,53353,28,0.00263146
1773325712.73755288,0.01949281,6342,0.00032085,0.00000000,0,0.00000000,53353,53348,23,0.00274984
1773325712.83770084,0.02338776,6328,0.00015601,0.00000000,0,0.00000000,53348,53362,24,0.00136567
1773325712.93805742,0.01421287,6304,0.00015354,0.00000000,0,0.00000000,53362,53371,27,0.00314982
1773325713.03751087,0.01659796,6364,0.00023939,0.00000000,0,0.00000000,53371,53368,28,0.00290971
1773325713.13814139,0.01251740,6322,0.00011975,0.00000000,0,0.00000000,53368,53367,28,0.00097535
1773325713.23757148,0.01465241,6313,0.00025017,0.00000000,0,0.00000000,53367,53365,21,0.00225406
1773325713.33752227,0.02274207,6337,0.00042141,0.00000000,0,0.00000000,53365,53368,35,0.00182323
1773325713.43768883,0.02329505,6294,0.00042040,0.00000000,0,0.00000000,53368,53379,32,0.00214083
1773325713.53744674,0.01780623,6311,0.00050819,0.00000000,0,0.00000000,53379,53391,30,0.00101616
1773325713.63750267,0.01963223,6354,0.00035990,0.00000000,0,0.00000000,53391,53394,29,0.00133683
1773325713.73751068,0.02543266,6311,0.00022937,0.00000000,0,0.00000000,53394,53387,24,0.00204635
1773325713.83753085,0.02847523,6366,0.00020712,0.00000000,0,0.00000000,53387,53372,34,0.00243411
1773325713.93760204,0.02239536,6330,0.00038302,0.00000000,0,0.00000000,53372,53377,29,0.00235725
1773325714.03761053,0.02696851,6343,0.00065904,0.00000000,0,0.00000000,53377,53393,48,0.00104830
1773325714.13759804,0.02079474,6363,0.00042034,0.00000000,0,0.00000000,53393,53397,44,0.00302101
1773325714.23752880,0.01709629,6352,0.00018161,0.00000000,0,0.00000000,53397,53407,41,0.00309658
1773325714.33760405,0.02152332,6361,0.00058193,0.00000000,0,0.00000000,53407,53420,44,0.00257680
1773325714.43755817,0.02046182,6376,0.00021675,0.00000000,0,0.00000000,53420,53417,36,0.00360447
1773325714.53752732,0.01880943,6379,0.00015366,0.00000000,0,0.00000000,53417,53428,38,0.00253402
1773325714.63751984,0.01760928,6393,0.00018294,0.00000000,0,0.00000000,53428,53430,41,0.00156359
1773325714.73756576,0.02244506,6380,0.00039267,0.00000000,0,0.00000000,53430,53426,33,0.00112077
1773325714.83756590,0.02710937,6380,0.00062710,0.00000000,0,0.00000000,53426,53448,47,0.00092634
1773325714.93756509,0.02365378,6395,0.00023405,0.00000000,0,0.00000000,53448,53395,36,0.00259762
1773325715.03753209,0.02151215,6382,0.00041823,0.00000000,0,0.00000000,53395,53392,21,0.00108963
1773325715.13748217,0.02230413,6410,0.00051223,0.00000000,0,0.00000000,53392,53362,36,0.00191662
1773325715.23748827,0.02461372,6406,0.00044001,0.00000000,0,0.00000000,53362,53362,27,0.00338918
1773325715.33831477,0.02343668,6367,0.00020240,0.00000000,0,0.00000000,53362,53369,21,0.00228038
1773325715.43748832,0.01665794,6437,0.00016118,0.00000000,0,0.00000000,53369,53371,39,0.00227972
1773325715.53797650,0.02523073,6333,0.00051041,0.00000000,0,0.00000000,53371,53378,31,0.00154709
1773325715.63739181,0.01612486,6355,0.00028365,0.00000000,0,0.00000000,53378,53370,37,0.00195737
1773325715.73752737,0.01436559,6327,0.00018950,0.00000000,0,0.00000000,53370,53377,30,0.00244628
1773325715.83757424,0.02404517,6339,0.00030448,0.00000000,0,0.00000000,53377,53374,25,0.00237774
1773325715.93748307,0.01416958,6373,0.00015095,0.00000000,0,0.00000000,53374,53376,29,0.00329373
1773325716.03803444,0.01589591,6276,0.00008976,0.00000000,0,0.00000000,53376,53387,14,0.00321881
1773325716.13746262,0.01263496,6321,0.00007655,0.00000000,0,0.00000000,53387,53398,18,0.00118888
1773325716.23765397,0.02320462,6296,0.00032642,0.00000000,0,0.00000000,53398,53405,24,0.00224955
1773325716.33754468,0.02306417,6281,0.00015189,0.00000000,0,0.00000000,53405,53410,24,0.00090801
1773325716.43754435,0.02155033,6320,0.00015482,0.00000000,0,0.00000000,53410,53416,24,0.00178629
1773325716.53758430,0.02191468,6321,0.00055253,0.00000000,0,0.00000000,53416,53403,32,0.00097984
1773325716.63767576,0.02378497,6321,0.00028492,0.00000000,0,0.00000000,53403,53403,26,0.00136747
1773325716.73794937,0.02554236,6311,0.00055101,0.00000000,0,0.00000000,53403,53413,41,0.00286188
1773325716.83767295,0.02512965,6316,0.00028073,0.00000000,0,0.00000000,53413,53393,35,0.00217001
1773325716.93769431,0.02034516,6276,0.00029545,0.00000000,0,0.00000000,53393,53402,28,0.00176054
1773325717.03765225,0.02604749,6261,0.00020375,0.00000000,0,0.00000000,53402,53406,32,0.00174380
1773325717.13760591,0.01866753,6237,0.00015300,0.00000000,0,0.00000000,53406,53414,35,0.00270351
1773325717.23758101,0.01416715,6210,0.00013162,0.00000000,0,0.00000000,53414,53417,36,0.00312477
1773325717.33761072,0.02361551,6220,0.00041345,0.00000000,0,0.00000000,53417,53428,39,0.00219080
1773325717.43747568,0.02309539,6241,0.00038966,0.00000000,0,0.00000000,53428,53433,32,0.00345094
1773325717.53762484,0.01858796,6211,0.00025205,0.00000000,0,0.00000000,53433,53449,36,0.00345531
1773325717.63806105,0.01531470,6204,0.00016507,0.00000000,0,0.00000000,53449,53458,36,0.00094719
1773325717.73749518,0.02266245,6185,0.00045042,0.00000000,0,0.00000000,53458,53463,38,0.00176330
1773325717.83748245,0.02664324,6248,0.00039297,0.00000000,0,0.00000000,53463,53462,26,0.00190285
1773325717.93810391,0.02357231,6039,0.00044486,0.00000000,0,0.00000000,53462,53402,39,0.00118469
1773325718.03542447,0.01896159,6300,0.00037312,0.00000000,0,0.00000000,53402,53408,32,0.00125984
1773325718.13751221,0.02592082,6222,0.00036763,0.00000000,0,0.00000000,53408,53404,25,0.00138872
1773325718.23739719,0.02713399,6199,0.00019662,0.00000000,0,0.00000000,53404,53407,33,0.00251239
1773325718.33754897,0.02434094,6219,0.00035053,0.00000000,0,0.00000000,53407,53406,30,0.00211919
1773325718.43763065,0.02195677,6210,0.00016808,0.00000000,0,0.00000000,53406,53409,27,0.00239600
1773325718.53799343,0.02651416,6236,0.00040270,0.00000000,0,0.00000000,53409,53411,24,0.00209799
1773325718.63792562,0.01576673,6166,0.00019699,0.00000000,0,0.00000000,53411,53411,33,0.00108864
1773325718.73768544,0.01472160,6276,0.00041711,0.00000000,0,0.00000000,53411,53412,30,0.00270438
1773325718.83793426,0.02358350,6220,0.00013628,0.00000000,0,0.00000000,53412,53417,22,0.00276655
1773325718.93799782,0.01228337,6222,0.00012261,0.00000000,0,0.00000000,53417,53420,20,0.00261459
1773325719.03747129,0.01552513,6211,0.00025334,0.00000000,0,0.00000000,53420,53432,28,0.00316209
1773325719.13750386,0.01376019,6301,0.00021906,0.00000000,0,0.00000000,53432,53428,32,0.00167529
1773325719.23800254,0.02674259,6216,0.00017247,0.00000000,0,0.00000000,53428,53431,27,0.00277381
1773325719.33759975,0.02239334,6263,0.00024809,0.00000000,0,0.00000000,53431,53441,23,0.00098819
1773325719.43758321,0.02056121,6277,0.00030828,0.00000000,0,0.00000000,53441,53447,34,0.00117306
1773325719.53751016,0.02771500,6266,0.00047261,0.00000000,0,0.00000000,53447,53455,35,0.00172598
1773325719.63761449,0.03066329,6249,0.00029750,0.00000000,0,0.00000000,53455,53467,31,0.00187841
1773325719.73758125,0.02307650,6269,0.00017760,0.00000000,0,0.00000000,53467,53464,35,0.00200313
1773325719.83758402,0.02407921,6276,0.00022703,0.00000000,0,0.00000000,53464,53472,33,0.00245377
1773325719.93758655,0.01785270,6325,0.00018706,0.00000000,0,0.00000000,53472,53485,43,0.00133263
1773325720.03753424,0.02579118,6286,0.00040981,0.00000000,0,0.00000000,53485,53500,48,0.00140785
1773325720.13751554,0.01660970,6349,0.00013519,0.00000000,0,0.00000000,53500,53506,33,0.00201202
1773325720.23759198,0.01912973,6363,0.00020093,0.00000000,0,0.00000000,53506,53500,32,0.00221567
1773325720.33754396,0.02317174,6385,0.00034398,0.00000000,0,0.00000000,53500,53502,25,0.00201609
1773325720.43753386,0.01322809,6380,0.00021126,0.00000000,0,0.00000000,53502,53495,37,0.00247162
1773325720.53749943,0.01744382,6419,0.00016345,0.00000000,0,0.00000000,53495,53496,38,0.00194355
1773325720.63798332,0.01544383,6364,0.00014519,0.00000000,0,0.00000000,53496,53508,42,0.00163742
1773325720.73754263,0.01429885,6416,0.00021860,0.00000000,0,0.00000000,53508,53467,38,0.00189023
1773325720.83791971,0.02658188,6379,0.00079062,0.00000000,0,0.00000000,53467,53475,33,0.00128117
1773325720.93799186,0.02570595,6347,0.00055363,0.00000000,0,0.00000000,53475,53470,36,0.00110194
1773325721.03794026,0.02927469,6320,0.00080056,0.00000000,0,0.00000000,53470,53442,39,0.00082982
1773325721.13803267,0.02312734,6327,0.00018823,0.00000000,0,0.00000000,53442,53438,31,0.00119179
1773325721.23792028,0.02104191,6295,0.00039688,0.00000000,0,0.00000000,53438,53449,31,0.00200111
1773325721.33789444,0.02170680,6301,0.00032097,0.00000000,0,0.00000000,53449,53456,26,0.00128985
1773325721.43790627,0.02550704,6270,0.00025979,0.00000000,0,0.00000000,53456,53466,24,0.00214431
1773325721.53792334,0.01927162,6295,0.00029577,0.00000000,0,0.00000000,53466,53473,22,0.00350322
1773325721.63789058,0.02376112,6303,0.00041956,0.00000000,0,0.00000000,53473,53455,27,0.00278151
1773325721.73789072,0.01660561,6312,0.00027366,0.00000000,0,0.00000000,53455,53459,24,0.00091485
1773325721.83794904,0.01484736,6349,0.00015190,0.00000000,0,0.00000000,53459,53454,26,0.00322183
1773325721.93796015,0.02283791,6349,0.00017217,0.00000000,0,0.00000000,53454,53457,26,0.00230145
1773325722.03790951,0.01774580,6350,0.00033786,0.00000000,0,0.00000000,53457,53468,52,0.00136481
1773325722.13793612,0.01629481,6372,0.00024982,0.00000000,0,0.00000000,53468,53452,24,0.00251190
1773325722.23785067,0.01873164,6372,0.00016385,0.00000000,0,0.00000000,53452,53461,27,0.00097317
1773325722.33788872,0.02211179,6367,0.00050092,0.00000000,0,0.00000000,53461,53474,38,0.00264675
1773325722.43784595,0.02632233,6416,0.00057899,0.00000000,0,0.00000000,53474,53481,33,0.00096282
1773325722.53803754,0.02888751,6357,0.00038727,0.00000000,0,0.00000000,53481,53493,38,0.00137030
1773325722.63755322,0.02323804,6368,0.00017743,0.00000000,0,0.00000000,53493,53506,40,0.00087961
1773325722.73753572,0.02508507,6378,0.00036431,0.00000000,0,0.00000000,53506,53482,33,0.00181084
1773325722.83780336,0.02861090,6347,0.00036370,0.00000000,0,0.00000000,53482,53492,39,0.00099587
1773325722.93761039,0.03293818,6371,0.00048763,0.00000000,0,0.00000000,53492,53498,37,0.00288650
1773325723.03756332,0.03387646,6355,0.00048955,0.00000000,0,0.00000000,53498,53503,43,0.00206930
1773325723.13756728,0.02734116,6349,0.00046824,0.00000000,0,0.00000000,53503,53478,38,0.00191958
1773325723.23748541,0.02032241,6367,0.00013672,0.00000000,0,0.00000000,53478,53480,33,0.00206286
1773325723.33791876,0.03507320,6353,0.00050761,0.00000000,0,0.00000000,53480,53478,32,0.00201663
1773325723.43799615,0.02020568,6356,0.00017070,0.00000000,0,0.00000000,53478,53489,43,0.00370657
1773325723.53802848,0.01887891,6273,0.00032977,0.00000000,0,0.00000000,53489,53460,28,0.00474083
1773325723.63752151,0.01875037,6383,0.00017753,0.00000000,0,0.00000000,53460,53472,45,0.00143412
1773325723.73784494,0.01848492,6314,0.00025249,0.00000000,0,0.00000000,53472,53465,43,0.00114146
1773325723.83753467,0.03299860,6357,0.00054048,0.00000000,0,0.00000000,53465,53472,40,0.00100705
1773325723.93790317,0.02989280,6321,0.00057785,0.00000000,0,0.00000000,53472,53483,39,0.00088450
1773325724.03795576,0.01811004,6282,0.00028177,0.00000000,0,0.00000000,53483,53491,53,0.00219656
1773325724.13783789,0.02628218,6299,0.00074095,0.00000000,0,0.00000000,53491,53486,44,0.00113883
1773325724.23785186,0.03310027,6300,0.00022600,0.00000000,0,0.00000000,53486,53501,43,0.00175974
1773325724.33785272,0.02047807,6279,0.00010850,0.00000000,0,0.00000000,53501,53518,41,0.00379866
1773325724.43784809,0.01746134,6257,0.00024663,0.00000000,0,0.00000000,53518,53518,37,0.00243602
1773325724.53757954,0.02045835,6261,0.00106484,0.00000000,0,0.00000000,53518,53448,48,0.00321579
1773325724.63748240,0.01955107,6256,0.00022044,0.00000000,0,0.00000000,53448,53456,47,0.00270662
1773325724.73803067,0.02124826,6176,0.00080712,0.00000000,0,0.00000000,53456,53359,48,0.00409483
1773325724.83778930,0.02036302,6212,0.00017698,0.00000000,0,0.00000000,53359,53357,36,0.00424647
1773325724.93801212,0.02058178,6199,0.00025923,0.00000000,0,0.00000000,53357,53361,44,0.00342888
1773325725.03885818,0.01797904,6177,0.00022911,0.00000000,0,0.00000000,53361,53370,38,0.00348629
1773325725.13757539,0.01934430,6207,0.00030251,0.00000000,0,0.00000000,53370,53355,39,0.00287917
1773325725.23788452,0.01863154,6172,0.00009331,0.00000000,0,0.00000000,53355,53364,36,0.00149243
1773325725.33783746,0.02843326,6148,0.00058453,0.00000000,0,0.00000000,53364,53383,42,0.00100918
1773325725.43790412,0.03287481,6162,0.00054946,0.00000000,0,0.00000000,53383,53390,41,0.00317550
1773325725.53782010,0.03489678,6135,0.00022456,0.00000000,0,0.00000000,53390,53412,48,0.00121426
1773325725.63783216,0.03630773,6138,0.00039262,0.00000000,0,0.00000000,53412,53414,37,0.00108551
1773325725.73781347,0.02378441,6127,0.00059013,0.00000000,0,0.00000000,53414,53412,49,0.00120078
1773325725.83782744,0.03951067,6130,0.00039942,0.00000000,0,0.00000000,53412,53422,39,0.00102293
1773325725.93743873,0.02982361,6188,0.00015894,0.00000000,0,0.00000000,53422,53418,37,0.00204815
1773325726.03782725,0.03355395,6147,0.00050172,0.00000000,0,0.00000000,53418,53431,43,0.00130422
1773325726.13757420,0.02491107,6228,0.00039113,0.00000000,0,0.00000000,53431,53433,34,0.00131103
1773325726.23879623,0.02833177,6187,0.00062934,0.00000000,0,0.00000000,53433,53443,52,0.00224185
1773325726.33883715,0.02908019,6203,0.00020953,0.00000000,0,0.00000000,53443,53438,37,0.00275811
1773325726.43874693,0.02212363,6168,0.00023477,0.00000000,0,0.00000000,53438,53448,44,0.00295114
1773325726.53886271,0.02516003,6164,0.00032271,0.00000000,0,0.00000000,53448,53464,38,0.00304974
1773325726.63893676,0.02458956,6169,0.00047632,0.00000000,0,0.00000000,53464,53443,42,0.00164875
1773325726.73880363,0.01589917,6149,0.00021815,0.00000000,0,0.00000000,53443,53443,41,0.00211923
1773325726.83780479,0.03745112,6144,0.00019855,0.00000000,0,0.00000000,53443,53446,20,0.00195019
1773325726.93775368,0.03505156,6152,0.00044400,0.00000000,0,0.00000000,53446,53458,36,0.00111366
1773325727.03773236,0.03277330,6159,0.00020482,0.00000000,0,0.00000000,53458,53461,48,0.00146683
1773325727.13882089,0.03307639,6093,0.00059918,0.00000000,0,0.00000000,53461,53467,43,0.00111267
1773325727.23881054,0.02715735,6101,0.00041295,0.00000000,0,0.00000000,53467,53474,38,0.00098956
1773325727.33791637,0.02897490,6152,0.00052599,0.00000000,0,0.00000000,53474,53477,38,0.00091238
1773325727.43792486,0.03626384,6097,0.00021588,0.00000000,0,0.00000000,53477,53488,33,0.00323929
1773325727.53790689,0.03847899,6134,0.00023746,0.00000000,0,0.00000000,53488,53510,40,0.00321854
1773325727.63778186,0.02343407,6135,0.00023833,0.00000000,0,0.00000000,53510,53513,43,0.00215193
1773325727.73769283,0.02153442,6200,0.00021795,0.00000000,0,0.00000000,53513,53511,37,0.00254678
1773325727.83891535,0.02493116,6124,0.00010508,0.00000000,0,0.00000000,53511,53516,28,0.00269161
1773325727.93772721,0.02067388,6156,0.00012526,0.00000000,0,0.00000000,53516,53523,37,0.00181492
1773325728.03776908,0.02208945,6161,0.00062124,0.00000000,0,0.00000000,53523,53536,38,0.00088388
1773325728.13781285,0.01903389,6185,0.00020291,0.00000000,0,0.00000000,53536,53531,37,0.00104707
1773325728.23879266,0.03109846,6210,0.00028351,0.00000000,0,0.00000000,53531,53527,43,0.00180548
1773325728.33879018,0.01814648,6201,0.00030630,0.00000000,0,0.00000000,53527,53540,28,0.00102181
1773325728.43874311,0.02915279,6219,0.00015927,0.00000000,0,0.00000000,53540,53550,32,0.00113765
1773325728.53882360,0.02504941,6133,0.00053651,0.00000000,0,0.00000000,53550,53569,43,0.00114951
1773325728.63723373,0.02460217,6224,0.00044327,0.00000000,0,0.00000000,53569,53578,37,0.00238718
1773325728.73781538,0.02752901,6186,0.00053870,0.00000000,0,0.00000000,53578,53570,46,0.00161602
1773325728.83770275,0.02295068,6140,0.00010464,0.00000000,0,0.00000000,53570,53578,29,0.00086865
1773325728.93776155,0.02824019,6145,0.00020973,0.00000000,0,0.00000000,53578,53541,34,0.00105829
1773325729.03870296,0.03044654,6175,0.00042211,0.00000000,0,0.00000000,53541,53533,37,0.00222474
1773325729.13876987,0.01717261,6161,0.00016510,0.00000000,0,0.00000000,53533,53542,43,0.00093062
1773325729.23873639,0.01805611,6155,0.00036975,0.00000000,0,0.00000000,53542,53552,27,0.00260675
1773325729.33771658,0.02416412,6174,0.00011861,0.00000000,0,0.00000000,53552,53542,33,0.00118847
1773325729.43878889,0.01561108,6111,0.00010162,0.00000000,0,0.00000000,53542,53545,30,0.00270439
1773325729.53772855,0.01575196,6190,0.00014374,0.00000000,0,0.00000000,53545,53539,38,0.00227058
1773325729.63877964,0.01772436,6168,0.00011674,0.00000000,0,0.00000000,53539,53544,32,0.00093865
1773325729.73880792,0.02432365,6175,0.00052355,0.00000000,0,0.00000000,53544,53536,37,0.00187141
1773325729.83881092,0.03269442,6181,0.00042704,0.00000000,0,0.00000000,53536,53541,40,0.00088922
1773325729.93881345,0.01472958,6179,0.00012409,0.00000000,0,0.00000000,53541,53558,42,0.00105169
1773325730.03884315,0.01748958,6163,0.00017585,0.00000000,0,0.00000000,53558,53566,41,0.00077360
1773325730.13872361,0.03317922,6205,0.00025590,0.00000000,0,0.00000000,53566,53569,38,0.00083992
1773325730.23881650,0.02473321,6153,0.00027976,0.00000000,0,0.00000000,53569,53564,37,0.00175927
1773325730.33781266,0.03147696,6220,0.00026577,0.00000000,0,0.00000000,53564,53558,44,0.00153159
1773325730.43767095,0.03437640,6231,0.00052085,0.00000000,0,0.00000000,53558,53557,42,0.00085124
1773325730.53997183,0.02797658,6101,0.00040055,0.00000000,0,0.00000000,53557,53559,31,0.00110909
1773325730.63774300,0.02020582,6197,0.00029026,0.00000000,0,0.00000000,53559,53517,53,0.00149222
1773325730.73881221,0.02447742,6139,0.00045915,0.00000000,0,0.00000000,53517,53507,36,0.00271893
1773325730.83770561,0.02253698,6176,0.00024082,0.00000000,0,0.00000000,53507,53527,43,0.00150275
1773325730.93879533,0.01936426,6196,0.00013242,0.00000000,0,0.00000000,53527,53543,43,0.00244252
1773325731.03880334,0.02027060,6183,0.00051145,0.00000000,0,0.00000000,53543,53545,40,0.00220758
1773325731.13880730,0.03190435,6135,0.00041484,0.00000000,0,0.00000000,53545,53547,29,0.00098650
1773325731.23772526,0.02878256,6159,0.00045203,0.00000000,0,0.00000000,53547,53560,39,0.00115013
1773325731.33769488,0.03340302,6145,0.00028674,0.00000000,0,0.00000000,53560,53559,50,0.00107646
1773325731.43770576,0.02368057,6149,0.00045061,0.00000000,0,0.00000000,53559,53575,36,0.00161208
1773325731.53873515,0.02819317,6134,0.00014300,0.00000000,0,0.00000000,53575,53570,36,0.00090659
1773325731.63780618,0.02679556,6106,0.00049743,0.00000000,0,0.00000000,53570,53578,40,0.00236567
1773325731.73870921,0.03174560,6139,0.00029779,0.00000000,0,0.00000000,53578,53567,39,0.00122858
1773325731.83876538,0.02246975,6132,0.00013831,0.00000000,0,0.00000000,53567,53575,33,0.00182283
1773325731.93874264,0.02599264,6121,0.00013850,0.00000000,0,0.00000000,53575,53588,41,0.00082064
1773325732.03868747,0.02931363,6124,0.00014893,0.00000000,0,0.00000000,53588,53598,38,0.00159668
1773325732.13878107,0.01550886,6115,0.00022653,0.00000000,0,0.00000000,53598,53613,37,0.00091869
1773325732.23866558,0.01704985,6104,0.00052293,0.00000000,0,0.00000000,53613,53615,40,0.00196425
1773325732.33778501,0.01484915,6076,0.00011477,0.00000000,0,0.00000000,53615,53618,31,0.00174763
1773325732.43778849,0.01452977,6125,0.00015450,0.00000000,0,0.00000000,53618,53605,36,0.00170117
1773325732.53786421,0.01810632,6099,0.00028027,0.00000000,0,0.00000000,53605,53595,27,0.00231983
1773325732.63868427,0.03035281,6172,0.00050513,0.00000000,0,0.00000000,53595,53603,35,0.00090795
1773325732.73884869,0.02971111,6103,0.00039055,0.00000000,0,0.00000000,53603,53602,34,0.00101534
1773325732.83781672,0.03186838,6128,0.00018865,0.00000000,0,0.00000000,53602,53606,47,0.00081210
1773325732.93761778,0.03134336,6119,0.00035795,0.00000000,0,0.00000000,53606,53615,33,0.00105608
1773325733.03774309,0.03052396,6155,0.00018322,0.00000000,0,0.00000000,53615,53607,40,0.00143916
1773325733.13872504,0.03382910,6106,0.00041803,0.00000000,0,0.00000000,53607,53617,31,0.00152935
1773325733.23787212,0.02662543,6127,0.00048471,0.00000000,0,0.00000000,53617,53620,43,0.00089363
1773325733.33788919,0.03235067,6102,0.00018654,0.00000000,0,0.00000000,53620,53634,40,0.00273911
1773325733.43780565,0.02646284,6134,0.00047490,0.00000000,0,0.00000000,53634,53628,37,0.00228531
1773325733.53771305,0.03154621,6146,0.00048868,0.00000000,0,0.00000000,53628,53630,42,0.00107304
1773325733.63766217,0.01733715,6140,0.00012684,0.00000000,0,0.00000000,53630,53636,35,0.00159724
1773325733.73867202,0.02231147,6127,0.00041350,0.00000000,0,0.00000000,53636,53647,33,0.00108711
1773325733.83866525,0.01479731,6153,0.00014068,0.00000000,0,0.00000000,53647,53658,45,0.00263519
1773325733.93867588,0.01580683,6174,0.00011782,0.00000000,0,0.00000000,53658,53660,41,0.00281715
1773325734.03868055,0.01860632,6157,0.00019322,0.00000000,0,0.00000000,53660,53673,49,0.00215439
1773325734.13874459,0.03142463,6175,0.00049331,0.00000000,0,0.00000000,53673,53668,40,0.00150884
1773325734.23878860,0.01810927,6155,0.00041787,0.00000000,0,0.00000000,53668,53680,37,0.00157855
1773325734.33874011,0.02494831,6137,0.00013220,0.00000000,0,0.00000000,53680,53676,39,0.00084801
1773325734.43877506,0.03193797,6142,0.00017043,0.00000000,0,0.00000000,53676,53681,28,0.00115629
1773325734.53773093,0.02455683,6174,0.00041003,0.00000000,0,0.00000000,53681,53683,40,0.00153022
1773325734.63773036,0.02933938,6124,0.00024345,0.00000000,0,0.00000000,53683,53668,40,0.00105388
1773325734.73864770,0.02491827,6117,0.00051388,0.00000000,0,0.00000000,53668,53682,36,0.00276441
1773325734.83865428,0.02623694,6121,0.00010274,0.00000000,0,0.00000000,53682,53693,32,0.00144828
1773325734.93867254,0.02986633,6172,0.00032436,0.00000000,0,0.00000000,53693,53695,27,0.00250054
1773325735.03867412,0.02373490,6165,0.00012941,0.00000000,0,0.00000000,53695,53681,36,0.00112544
1773325735.13769722,0.01593941,6166,0.00018598,0.00000000,0,0.00000000,53681,53693,27,0.00265559
1773325735.23865819,0.02441970,6145,0.00033614,0.00000000,0,0.00000000,53693,53704,39,0.00174767
1773325735.33860683,0.01680119,6148,0.00011437,0.00000000,0,0.00000000,53704,53694,27,0.00176212
1773325735.43866110,0.01689344,6187,0.00009379,0.00000000,0,0.00000000,53694,53697,34,0.00274029
1773325735.53865194,0.02175015,6136,0.00013030,0.00000000,0,0.00000000,53697,53684,36,0.00271399
1773325735.63877749,0.02898887,6161,0.00043205,0.00000000,0,0.00000000,53684,53684,36,0.00093220
1773325735.73880482,0.02636324,6157,0.00032497,0.00000000,0,0.00000000,53684,53687,31,0.00110983
1773325735.83879352,0.02339557,6131,0.00045813,0.00000000,0,0.00000000,53687,53688,36,0.00084770
1773325735.93873739,0.02919329,6134,0.00014438,0.00000000,0,0.00000000,53688,53691,33,0.00159170
1773325736.03877068,0.03157860,6163,0.00064849,0.00000000,0,0.00000000,53691,53685,40,0.00135655
1773325736.13876677,0.02284358,6150,0.00011651,0.00000000,0,0.00000000,53685,53692,40,0.00110249
1773325736.23876786,0.03339102,6144,0.00015333,0.00000000,0,0.00000000,53692,53682,38,0.00212744
1773325736.33877468,0.02865604,6133,0.00048858,0.00000000,0,0.00000000,53682,53679,35,0.00155685
1773325736.43877196,0.03124465,6124,0.00020256,0.00000000,0,0.00000000,53679,53672,42,0.00156317
1773325736.53861070,0.02667262,6147,0.00016017,0.00000000,0,0.00000000,53672,53693,43,0.00219633
1773325736.63862419,0.01875896,6181,0.00014692,0.00000000,0,0.00000000,53693,53689,43,0.00081847
1773325736.73880982,0.03191900,6139,0.00040232,0.00000000,0,0.00000000,53689,53693,30,0.00192383
1773325736.83876038,0.01535584,6140,0.00011759,0.00000000,0,0.00000000,53693,53703,33,0.00255446
1773325736.93875384,0.01874139,6116,0.00012758,0.00000000,0,0.00000000,53703,53689,38,0.00303494
1773325737.03878021,0.01824809,6088,0.00016582,0.00000000,0,0.00000000,53689,53687,28,0.00302448
1773325737.13760996,0.01908775,6181,0.00045882,0.00000000,0,0.00000000,53687,53690,39,0.00098243
1773325737.23894548,0.02819334,6108,0.00044140,0.00000000,0,0.00000000,53690,53691,37,0.00088336
1773325737.33869123,0.02083251,6186,0.00013571,0.00000000,0,0.00000000,53691,53684,40,0.00079792
1773325737.43873787,0.02150766,6119,0.00032269,0.00000000,0,0.00000000,53684,53690,25,0.00087668
1773325737.53770804,0.02435675,6106,0.00031459,0.00000000,0,0.00000000,53690,53692,33,0.00159319
1773325737.63874888,0.03597351,6115,0.00013355,0.00000000,0,0.00000000,53692,53706,32,0.00116910
1773325737.73870325,0.01901247,6126,0.00035646,0.00000000,0,0.00000000,53706,53710,34,0.00226172
1773325737.83874416,0.03130851,6116,0.00018169,0.00000000,0,0.00000000,53710,53715,38,0.00086228
1773325737.93877530,0.02699011,6098,0.00061577,0.00000000,0,0.00000000,53715,53726,47,0.00206435
1773325738.03766441,0.02612720,6109,0.00017240,0.00000000,0,0.00000000,53726,53702,41,0.00080992
1773325738.13874483,0.03214443,6048,0.00054934,0.00000000,0,0.00000000,53702,53693,37,0.00180717
1773325738.23769379,0.01482449,6107,0.00017732,0.00000000,0,0.00000000,53693,53703,36,0.00159651
1773325738.33868289,0.02643010,6121,0.00051689,0.00000000,0,0.00000000,53703,53716,49,0.00283150
1773325738.43873644,0.01864325,6118,0.00016821,0.00000000,0,0.00000000,53716,53723,48,0.00122248
1773325738.53860760,0.02086077,6064,0.00012751,0.00000000,0,0.00000000,53723,53723,32,0.00156365
1773325738.63864374,0.01730987,6048,0.00009666,0.00000000,0,0.00000000,53723,53725,29,0.00119621
1773325738.73864007,0.02899212,6141,0.00017431,0.00000000,0,0.00000000,53725,53724,37,0.00146358
1773325738.83864069,0.02606945,6095,0.00055004,0.00000000,0,0.00000000,53724,53723,40,0.00079834
1773325738.93856239,0.03816158,6092,0.00014773,0.00000000,0,0.00000000,53723,53721,40,0.00092483
1773325739.03862047,0.02336302,6129,0.00011501,0.00000000,0,0.00000000,53721,53730,29,0.00080561
1773325739.13857245,0.02928822,6087,0.00052327,0.00000000,0,0.00000000,53730,53724,40,0.00190258
1773325739.23861289,0.03220933,6123,0.00042217,0.00000000,0,0.00000000,53724,53720,28,0.00175417
1773325739.33865666,0.02396931,6151,0.00009992,0.00000000,0,0.00000000,53720,53732,36,0.00084642
1773325739.43869925,0.02490556,6105,0.00037925,0.00000000,0,0.00000000,53732,53746,33,0.00243792
1773325739.53763771,0.01788356,6174,0.00017076,0.00000000,0,0.00000000,53746,53749,29,0.00260772
1773325739.63876271,0.03118023,6100,0.00018738,0.00000000,0,0.00000000,53749,53737,44,0.00151595
1773325739.73870587,0.01588525,6123,0.00010884,0.00000000,0,0.00000000,53737,53737,38,0.00211581
1773325739.83868623,0.02279303,6132,0.00012116,0.00000000,0,0.00000000,53737,53733,40,0.00160304
1773325739.93872404,0.01686502,6124,0.00012079,0.00000000,0,0.00000000,53733,53726,32,0.00286650
1773325740.03856444,0.01994494,6170,0.00006052,0.00000000,0,0.00000000,53726,53721,30,0.00252926
1773325740.13859582,0.02582171,6128,0.00050224,0.00000000,0,0.00000000,53721,53722,40,0.00152047
1773325740.23855805,0.02363772,6139,0.00038143,0.00000000,0,0.00000000,53722,53727,36,0.00166964
1773325740.33855367,0.02642118,6144,0.00047784,0.00000000,0,0.00000000,53727,53724,33,0.00081918
1773325740.43864441,0.02985692,6120,0.00010833,0.00000000,0,0.00000000,53724,53730,34,0.00152623
1773325740.53864217,0.02294631,6108,0.00035535,0.00000000,0,0.00000000,53730,53733,29,0.00081047
1773325740.63868093,0.02823846,6118,0.00016062,0.00000000,0,0.00000000,53733,53743,34,0.00228716
1773325740.73869038,0.02974674,6104,0.00051123,0.00000000,0,0.00000000,53743,53750,40,0.00167519
1773325740.83868194,0.02991717,6085,0.00011040,0.00000000,0,0.00000000,53750,53758,31,0.00180219
1773325740.93865108,0.02543109,6077,0.00075828,0.00000000,0,0.00000000,53758,53744,37,0.00247755
1773325741.03868580,0.02654754,6066,0.00055173,0.00000000,0,0.00000000,53744,53745,43,0.00238398
1773325741.13869882,0.02960486,6072,0.00016743,0.00000000,0,0.00000000,53745,53746,42,0.00170512
1773325741.23865056,0.02250782,6055,0.00019798,0.00000000,0,0.00000000,53746,53743,44,0.00079368
1773325741.33865523,0.02620873,6008,0.00016719,0.00000000,0,0.00000000,53743,53748,50,0.00272713
1773325741.43755627,0.01610559,6048,0.00009264,0.00000000,0,0.00000000,53748,53759,41,0.00277166
1773325741.53866506,0.01463202,6030,0.00009253,0.00000000,0,0.00000000,53759,53767,30,0.00167114
1773325741.63866425,0.01479931,6069,0.00010618,0.00000000,0,0.00000000,53767,53770,42,0.00094710
1773325741.73866463,0.01971531,6036,0.00049362,0.00000000,0,0.00000000,53770,53779,41,0.00210812
1773325741.83848262,0.02260951,6031,0.00009061,0.00000000,0,0.00000000,53779,53777,32,0.00095863
1773325741.93761134,0.01499091,6078,0.00045928,0.00000000,0,0.00000000,53777,53771,48,0.00081560
1773325742.03857279,0.03143721,6025,0.00047042,0.00000000,0,0.00000000,53771,53770,38,0.00094496
1773325742.13864207,0.03286456,6081,0.00058179,0.00000000,0,0.00000000,53770,53778,44,0.00145108
1773325742.23870921,0.03737398,6012,0.00019270,0.00000000,0,0.00000000,53778,53781,45,0.00207762
1773325742.33863831,0.03256869,6039,0.00020029,0.00000000,0,0.00000000,53781,53780,44,0.00123498
1773325742.43753958,0.03718193,6130,0.00056929,0.00000000,0,0.00000000,53780,53784,46,0.00158030
1773325742.53855419,0.03328857,6105,0.00039898,0.00000000,0,0.00000000,53784,53784,26,0.00174554
1773325742.63856387,0.02115405,6081,0.00010917,0.00000000,0,0.00000000,53784,53795,36,0.00144030
1773325742.73850870,0.02129393,6114,0.00032162,0.00000000,0,0.00000000,53795,53806,26,0.00217737
1773325742.83868623,0.02156941,6145,0.00011630,0.00000000,0,0.00000000,53806,53818,30,0.00201432
1773325742.93863297,0.01824963,6062,0.00013422,0.00000000,0,0.00000000,53818,53822,38,0.00321376
1773325743.03765202,0.01778398,6160,0.00018134,0.00000000,0,0.00000000,53822,53830,42,0.00241113
1773325743.13866091,0.01811404,6097,0.00014676,0.00000000,0,0.00000000,53830,53842,29,0.00153159
1773325743.23869133,0.03117685,6080,0.00015400,0.00000000,0,0.00000000,53842,53847,39,0.00237301
1773325743.33865285,0.03826416,6144,0.00019572,0.00000000,0,0.00000000,53847,53833,40,0.00110457
1773325743.43866801,0.01735520,6085,0.00013497,0.00000000,0,0.00000000,53833,53825,34,0.00079453
1773325743.53852129,0.03235549,6106,0.00044028,0.00000000,0,0.00000000,53825,53828,35,0.00081447
1773325743.63850975,0.02805090,6108,0.00044406,0.00000000,0,0.00000000,53828,53841,43,0.00269982
1773325743.73852205,0.03300899,6074,0.00011721,0.00000000,0,0.00000000,53841,53852,33,0.00197705
1773325743.83859253,0.02692341,6107,0.00041534,0.00000000,0,0.00000000,53852,53854,35,0.00291852
1773325743.93857741,0.03186609,6082,0.00020696,0.00000000,0,0.00000000,53854,53826,44,0.00083230
1773325744.03857231,0.02945526,6090,0.00008650,0.00000000,0,0.00000000,53826,53831,27,0.00262668
1773325744.13850975,0.01834306,6092,0.00018314,0.00000000,0,0.00000000,53831,53834,29,0.00166478
1773325744.23855090,0.03778290,6057,0.00018551,0.00000000,0,0.00000000,53834,53836,38,0.00166027
1773325744.33864856,0.01737747,6071,0.00012536,0.00000000,0,0.00000000,53836,53841,43,0.00255585
1773325744.43857288,0.01690829,6095,0.00022031,0.00000000,0,0.00000000,53841,53853,50,0.00288550
1773325744.53855634,0.01787661,6113,0.00009466,0.00000000,0,0.00000000,53853,53858,32,0.00193897
1773325744.63853216,0.02792016,6117,0.00023291,0.00000000,0,0.00000000,53858,53840,38,0.00098009
1773325744.73851538,0.02591057,6132,0.00015605,0.00000000,0,0.00000000,53840,53851,45,0.00097489
1773325744.83848906,0.03485719,6118,0.00014923,0.00000000,0,0.00000000,53851,53837,31,0.00162781
1773325744.93854165,0.02906104,6127,0.00056566,0.00000000,0,0.00000000,53837,53822,42,0.00166330
1773325745.03844738,0.03562272,6095,0.00020233,0.00000000,0,0.00000000,53822,53840,49,0.00183268
1773325745.13853049,0.02890691,6086,0.00054357,0.00000000,0,0.00000000,53840,53845,36,0.00165792
1773325745.23854899,0.02822093,6091,0.00046772,0.00000000,0,0.00000000,53845,53827,29,0.00094898
1773325745.33853722,0.02390718,6106,0.00045261,0.00000000,0,0.00000000,53827,53829,36,0.00235887
1773325745.43853307,0.03024763,6122,0.00012731,0.00000000,0,0.00000000,53829,53826,34,0.00124552
1773325745.53851581,0.03098178,6118,0.00045856,0.00000000,0,0.00000000,53826,53827,25,0.00229185
1773325745.63850164,0.02342958,6128,0.00012174,0.00000000,0,0.00000000,53827,53832,36,0.00083159
1773325745.73857117,0.01888727,6090,0.00010076,0.00000000,0,0.00000000,53832,53833,34,0.00182577
1773325745.83852577,0.03408347,6109,0.00038822,0.00000000,0,0.00000000,53833,53823,30,0.00101683
1773325745.93853688,0.01807659,6117,0.00013300,0.00000000,0,0.00000000,53823,53828,37,0.00169006
1773325746.03847933,0.02106827,6120,0.00015544,0.00000000,0,0.00000000,53828,53833,39,0.00163663
1773325746.13861132,0.01808785,6103,0.00006994,0.00000000,0,0.00000000,53833,53841,28,0.00225600
1773325746.23855805,0.02884228,6128,0.00043822,0.00000000,0,0.00000000,53841,53849,38,0.00098514
1773325746.33856392,0.03318663,6125,0.00042636,0.00000000,0,0.00000000,53849,53842,29,0.00157315
1773325746.43852043,0.03726051,6140,0.00045780,0.00000000,0,0.00000000,53842,53846,36,0.00159106
1773325746.53848600,0.02022749,6141,0.00026780,0.00000000,0,0.00000000,53846,53852,30,0.00095472
1773325746.63848400,0.02821779,6139,0.00012494,0.00000000,0,0.00000000,53852,53862,34,0.00153188
1773325746.73840547,0.02345092,6113,0.00042870,0.00000000,0,0.00000000,53862,53869,35,0.00193286
1773325746.83847284,0.02776916,6108,0.00010206,0.00000000,0,0.00000000,53869,53864,27,0.00084317
1773325746.93847966,0.03518725,6135,0.00066832,0.00000000,0,0.00000000,53864,53858,41,0.00181585
1773325747.03841758,0.02418939,6182,0.00026397,0.00000000,0,0.00000000,53858,53863,29,0.00291222
1773325747.13854623,0.02520772,6172,0.00008571,0.00000000,0,0.00000000,53863,53873,27,0.00248626
1773325747.23856878,0.02056393,6143,0.00014354,0.00000000,0,0.00000000,53873,53878,39,0.00248398
1773325747.33859515,0.02165899,6170,0.00018292,0.00000000,0,0.00000000,53878,53882,34,0.00175698
1773325747.43852258,0.01820909,6086,0.00009175,0.00000000,0,0.00000000,53882,53869,23,0.00377071
1773325747.53842783,0.01830370,6165,0.00008702,0.00000000,0,0.00000000,53869,53870,33,0.00151144
1773325747.63831115,0.01901993,6145,0.00016824,0.00000000,0,0.00000000,53870,53878,35,0.00148116
1773325747.73856330,0.03205861,6185,0.00051309,0.00000000,0,0.00000000,53878,53867,30,0.00239615
1773325747.83856297,0.03068477,6112,0.00059467,0.00000000,0,0.00000000,53867,53862,37,0.00124239
1773325747.93751669,0.02302842,6209,0.00036503,0.00000000,0,0.00000000,53862,53863,31,0.00123487
1773325748.03852367,0.03018481,6146,0.00036713,0.00000000,0,0.00000000,53863,53866,28,0.00110719
1773325748.13852668,0.03429865,6167,0.00016052,0.00000000,0,0.00000000,53866,53864,33,0.00217800
1773325748.23855829,0.02696674,6203,0.00050971,0.00000000,0,0.00000000,53864,53855,35,0.00175576
1773325748.33869815,0.03034863,6114,0.00035139,0.00000000,0,0.00000000,53855,53858,34,0.00096276
1773325748.43751240,0.04468530,6167,0.00022696,0.00000000,0,0.00000000,53858,53872,36,0.00284734
1773325748.53839326,0.03681247,6167,0.00056294,0.00000000,0,0.00000000,53872,53887,47,0.00083064
1773325748.63840604,0.01671165,6136,0.00010931,0.00000000,0,0.00000000,53887,53884,33,0.00197695
1773325748.73836470,0.01611092,6179,0.00009454,0.00000000,0,0.00000000,53884,53885,24,0.00183837
1773325748.83842325,0.02999478,6143,0.00017728,0.00000000,0,0.00000000,53885,53889,32,0.00102112
1773325748.93855572,0.01977230,6151,0.00011036,0.00000000,0,0.00000000,53889,53903,35,0.00104420
1773325749.03838468,0.01859477,6178,0.00024223,0.00000000,0,0.00000000,53903,53894,36,0.00074632
1773325749.13845634,0.01731864,6172,0.00010522,0.00000000,0,0.00000000,53894,53894,39,0.00075238
1773325749.23883677,0.02770619,6171,0.00037194,0.00000000,0,0.00000000,53894,53904,30,0.00235973
1773325749.33847499,0.02844776,6153,0.00032209,0.00000000,0,0.00000000,53904,53909,31,0.00135636
1773325749.43847537,0.02786987,6081,0.00043413,0.00000000,0,0.00000000,53909,53912,26,0.00160581
1773325749.53741121,0.03255126,6157,0.00020270,0.00000000,0,0.00000000,53912,53885,36,0.00130678
1773325749.63844323,0.02833438,6094,0.00037350,0.00000000,0,0.00000000,53885,53894,36,0.00085398
1773325749.73744130,0.02470846,6172,0.00007485,0.00000000,0,0.00000000,53894,53899,24,0.00271655
1773325749.83850193,0.02534702,6134,0.00032445,0.00000000,0,0.00000000,53899,53899,33,0.00080729
1773325749.93844843,0.02760332,6150,0.00013475,0.00000000,0,0.00000000,53899,53910,32,0.00167774
1773325750.03850126,0.02926299,6158,0.00047672,0.00000000,0,0.00000000,53910,53904,39,0.00147916
1773325750.13847494,0.02653214,6122,0.00009445,0.00000000,0,0.00000000,53904,53916,33,0.00177611
1773325750.23846936,0.01570172,6172,0.00007419,0.00000000,0,0.00000000,53916,53919,28,0.00087437
1773325750.33853579,0.02854162,6150,0.00036283,0.00000000,0,0.00000000,53919,53927,41,0.00204532
1773325750.43846703,0.01637766,6149,0.00011971,0.00000000,0,0.00000000,53927,53933,34,0.00196065
1773325750.53849506,0.02240329,6124,0.00011065,0.00000000,0,0.00000000,53933,53935,33,0.00219267
1773325750.63848519,0.01512244,6097,0.00015640,0.00000000,0,0.00000000,53935,53926,45,0.00078907
1773325750.73843193,0.03685386,6105,0.00019281,0.00000000,0,0.00000000,53926,53937,40,0.00130190
1773325750.83847499,0.03437479,6151,0.00038671,0.00000000,0,0.00000000,53937,53938,34,0.00098445
1773325750.93846893,0.02742284,6093,0.00046370,0.00000000,0,0.00000000,53938,53948,38,0.00108973
1773325751.03843379,0.02474244,6136,0.00045530,0.00000000,0,0.00000000,53948,53950,37,0.00087772
1773325751.13837910,0.03124918,6100,0.00054901,0.00000000,0,0.00000000,53950,53917,35,0.00119611
1773325751.23839974,0.02383587,6106,0.00043120,0.00000000,0,0.00000000,53917,53913,30,0.00157099
1773325751.33844686,0.02975208,6096,0.00039833,0.00000000,0,0.00000000,53913,53913,35,0.00086379
1773325751.43845558,0.02494713,6095,0.00034011,0.00000000,0,0.00000000,53913,53919,29,0.00166263
1773325751.53827333,0.03650697,6153,0.00013840,0.00000000,0,0.00000000,53919,53916,38,0.00100726
1773325751.63843513,0.01836403,6119,0.00018293,0.00000000,0,0.00000000,53916,53922,27,0.00180699
1773325751.73848724,0.02755337,6112,0.00035499,0.00000000,0,0.00000000,53922,53926,30,0.00160811
1773325751.83845520,0.01735336,6140,0.00011108,0.00000000,0,0.00000000,53926,53933,45,0.00168328
1773325751.93843055,0.01800918,6117,0.00019294,0.00000000,0,0.00000000,53933,53916,37,0.00171945
1773325752.03845620,0.02241608,6121,0.00010344,0.00000000,0,0.00000000,53916,53912,24,0.00137098
1773325752.13852715,0.03262690,6111,0.00042032,0.00000000,0,0.00000000,53912,53910,33,0.00089825
1773325752.23846483,0.02501216,6126,0.00048011,0.00000000,0,0.00000000,53910,53905,32,0.00141116
1773325752.33846235,0.03524190,6134,0.00015615,0.00000000,0,0.00000000,53905,53898,37,0.00111931
1773325752.43847108,0.02655640,6118,0.00034363,0.00000000,0,0.00000000,53898,53907,30,0.00118928
1773325752.53832388,0.03551617,6095,0.00040301,0.00000000,0,0.00000000,53907,53904,29,0.00168972
1773325752.63743258,0.02903588,6164,0.00014649,0.00000000,0,0.00000000,53904,53908,32,0.00249337
1773325752.73851800,0.02064789,6178,0.00045391,0.00000000,0,0.00000000,53908,53901,33,0.00158264
1773325752.83854842,0.02561268,6096,0.00009905,0.00000000,0,0.00000000,53901,53906,29,0.00260878
1773325752.93838215,0.02691399,6113,0.00032134,0.00000000,0,0.00000000,53906,53901,22,0.00146535
1773325753.03848362,0.03913262,6164,0.00014780,0.00000000,0,0.00000000,53901,53910,40,0.00206394
1773325753.13846755,0.01999288,6109,0.00015850,0.00000000,0,0.00000000,53910,53918,44,0.00174413
1773325753.23844481,0.03040291,6133,0.00062600,0.00000000,0,0.00000000,53918,53924,48,0.00156648
1773325753.33847141,0.02143913,6152,0.00011235,0.00000000,0,0.00000000,53924,53927,37,0.00267708
1773325753.43840623,0.01803552,6122,0.00011540,0.00000000,0,0.00000000,53927,53933,32,0.00205556
1773325753.53835654,0.02089184,6121,0.00026573,0.00000000,0,0.00000000,53933,53930,34,0.00231216
1773325753.63826203,0.01811230,6146,0.00015513,0.00000000,0,0.00000000,53930,53917,37,0.00109281
1773325753.73847914,0.03415967,6159,0.00012755,0.00000000,0,0.00000000,53917,53918,29,0.00264713
1773325753.83855057,0.01886498,6103,0.00086904,0.00000000,0,0.00000000,53918,53853,36,0.00147074
1773325753.93831873,0.03707247,6174,0.00046120,0.00000000,0,0.00000000,53853,53844,29,0.00088312
1773325754.03857541,0.02429591,6146,0.00015126,0.00000000,0,0.00000000,53844,53849,38,0.00086042
1773325754.13852811,0.02493076,6127,0.00036534,0.00000000,0,0.00000000,53849,53844,28,0.00134333
1773325754.23845792,0.02921747,6121,0.00023696,0.00000000,0,0.00000000,53844,53850,39,0.00262114
1773325754.33845639,0.02443743,6117,0.00075495,0.00000000,0,0.00000000,53850,53855,32,0.00081262
1773325754.43849516,0.03287615,6151,0.00009190,0.00000000,0,0.00000000,53855,53864,34,0.00183840
1773325754.53850627,0.02175428,6139,0.00015947,0.00000000,0,0.00000000,53864,53867,34,0.00098057
1773325754.63848114,0.01926476,6147,0.00006754,0.00000000,0,0.00000000,53867,53871,25,0.00130246
1773325754.73848104,0.03070288,6100,0.00037204,0.00000000,0,0.00000000,53871,53877,27,0.00177183
1773325754.83837795,0.01590679,6161,0.00008119,0.00000000,0,0.00000000,53877,53882,32,0.00133371
1773325754.93850064,0.01560638,6127,0.00012103,0.00000000,0,0.00000000,53882,53879,23,0.00266644
1773325755.03853750,0.02094688,6157,0.00012185,0.00000000,0,0.00000000,53879,53882,30,0.00144906
1773325755.13827872,0.03374471,6150,0.00053371,0.00000000,0,0.00000000,53882,53881,35,0.00216509
1773325755.23846865,0.02997265,6131,0.00043912,0.00000000,0,0.00000000,53881,53882,30,0.00083495
1773325755.33848238,0.03388390,6131,0.00026945,0.00000000,0,0.00000000,53882,53857,20,0.00083537
1773325755.43847466,0.02688150,6185,0.00012300,0.00000000,0,0.00000000,53857,53858,33,0.00081638
1773325755.53852797,0.02626267,6131,0.00045581,0.00000000,0,0.00000000,53858,53854,28,0.00078110
1773325755.63844275,0.03054627,6127,0.00012322,0.00000000,0,0.00000000,53854,53863,40,0.00227391
1773325755.73839569,0.02796698,6142,0.00034537,0.00000000,0,0.00000000,53863,53868,28,0.00125678
1773325755.83839893,0.03273282,6096,0.00015235,0.00000000,0,0.00000000,53868,53855,29,0.00186084
1773325755.93834496,0.02508346,6157,0.00029625,0.00000000,0,0.00000000,53855,53866,28,0.00088372
1773325756.03844261,0.02858686,6139,0.00010633,0.00000000,0,0.00000000,53866,53861,26,0.00205917
1773325756.13847542,0.02161249,6147,0.00011371,0.00000000,0,0.00000000,53861,53870,34,0.00346302
1773325756.23849154,0.03698248,6122,0.00037034,0.00000000,0,0.00000000,53870,53876,31,0.00189691
1773325756.33847880,0.01851351,6146,0.00010849,0.00000000,0,0.00000000,53876,53869,28,0.00254587
1773325756.43858457,0.01587549,6093,0.00013908,0.00000000,0,0.00000000,53869,53877,33,0.00280117
1773325756.53854918,0.02103564,6137,0.00013747,0.00000000,0,0.00000000,53877,53879,40,0.00306357
1773325756.63845563,0.02782890,6125,0.00048810,0.00000000,0,0.00000000,53879,53885,38,0.00091077
1773325756.73844838,0.02692203,6124,0.00026060,0.00000000,0,0.00000000,53885,53894,28,0.00098008
1773325756.83841681,0.02652506,6141,0.00038519,0.00000000,0,0.00000000,53894,53894,37,0.00079347
1773325756.93843198,0.01733898,6087,0.00036374,0.00000000,0,0.00000000,53894,53896,32,0.00080544
1773325757.03841281,0.02736034,6100,0.00014241,0.00000000,0,0.00000000,53896,53898,40,0.00167745
1773325757.13823128,0.02225898,6115,0.00054436,0.00000000,0,0.00000000,53898,53894,43,0.00213243
1773325757.23843694,0.02444546,6125,0.00010226,0.00000000,0,0.00000000,53894,53900,32,0.00266151
1773325757.33842540,0.05845488,6077,0.00031611,0.00000000,0,0.00000000,53900,53904,42,0.00097472
1773325757.43838739,0.05467268,6094,0.00062097,0.00000000,0,0.00000000,53904,53847,27,0.00196145
1773325757.53836107,0.03053003,6042,0.00012544,0.00000000,0,0.00000000,53847,53858,36,0.00164855
1773325757.63828015,0.01982883,6112,0.00020685,0.00000000,0,0.00000000,53858,53852,28,0.00261349
1773325757.73836923,0.02026774,6096,0.00042365,0.00000000,0,0.00000000,53852,53856,39,0.00568778
1773325757.83838439,0.03199954,6060,0.00012870,0.00000000,0,0.00000000,53856,53864,34,0.00132652
1773325757.93737411,0.02021442,6144,0.00011523,0.00000000,0,0.00000000,53864,53856,34,0.00223795
1773325758.03828478,0.02086141,6130,0.00036780,0.00000000,0,0.00000000,53856,53846,31,0.00281281
1773325758.13836789,0.01983844,6127,0.00014010,0.00000000,0,0.00000000,53846,53855,37,0.00176610
1773325758.23840666,0.03406937,6146,0.00022664,0.00000000,0,0.00000000,53855,53846,34,0.00146873
1773325758.33830404,0.02678283,6146,0.00013307,0.00000000,0,0.00000000,53846,53849,36,0.00095321
1773325758.43821096,0.02864335,6122,0.00035806,0.00000000,0,0.00000000,53849,53853,35,0.00090110
1773325758.53836083,0.03066140,6119,0.00038097,0.00000000,0,0.00000000,53853,53826,31,0.00130322
1773325758.63841081,0.03585170,6139,0.00033091,0.00000000,0,0.00000000,53826,53833,27,0.00124448
1773325758.73839593,0.03091752,6127,0.00013148,0.00000000,0,0.00000000,53833,53836,38,0.00197453
1773325758.83840871,0.02048056,6149,0.00017655,0.00000000,0,0.00000000,53836,53840,35,0.00080614
1773325758.93839455,0.03238439,6139,0.00035285,0.00000000,0,0.00000000,53840,53842,23,0.00193684
1773325759.03827190,0.02971019,6180,0.00035632,0.00000000,0,0.00000000,53842,53848,30,0.00160110
1773325759.13839817,0.02953195,6122,0.00013431,0.00000000,0,0.00000000,53848,53863,42,0.00171235
1773325759.23826408,0.01600262,6183,0.00010352,0.00000000,0,0.00000000,53863,53874,31,0.00148796
1773325759.33827400,0.02921479,6153,0.00039967,0.00000000,0,0.00000000,53874,53879,35,0.00082408
1773325759.43832564,0.01716716,6172,0.00010095,0.00000000,0,0.00000000,53879,53884,27,0.00223065
1773325759.53826523,0.01872725,6179,0.00014666,0.00000000,0,0.00000000,53884,53886,37,0.00194756
1773325759.63840270,0.01270931,6096,0.00009872,0.00000000,0,0.00000000,53886,53890,33,0.00152966
1773325759.73827100,0.01287656,6164,0.00012887,0.00000000,0,0.00000000,53890,53877,29,0.00164695
1773325759.83837032,0.02758907,6151,0.00047834,0.00000000,0,0.00000000,53877,53873,34,0.00107292
1773325759.93834734,0.02869923,6112,0.00028584,0.00000000,0,0.00000000,53873,53866,24,0.00129904
1773325760.03833151,0.03035106,6104,0.00040540,0.00000000,0,0.00000000,53866,53868,39,0.00079170
1773325760.13832974,0.03142005,6107,0.00018670,0.00000000,0,0.00000000,53868,53861,34,0.00079578
1773325760.23834467,0.03479471,6015,0.00036126,0.00000000,0,0.00000000,53861,53869,28,0.00138209
1773325760.33832669,0.03356179,6124,0.00013928,0.00000000,0,0.00000000,53869,53872,30,0.00087377
1773325760.43828869,0.03140973,6054,0.00045141,0.00000000,0,0.00000000,53872,53879,27,0.00163702
1773325760.53836155,0.02064663,6102,0.00009407,0.00000000,0,0.00000000,53879,53881,29,0.00290307
1773325760.63831902,0.02866855,6109,0.00047511,0.00000000,0,0.00000000,53881,53891,25,0.00179331
1773325760.73839617,0.01500970,6170,0.00010767,0.00000000,0,0.00000000,53891,53895,29,0.00233649
1773325760.83838344,0.01371817,6189,0.00044754,0.00000000,0,0.00000000,53895,53893,33,0.00425479
1773325760.93842506,0.01333284,6211,0.00014820,0.00000000,0,0.00000000,53893,53877,35,0.00403710
1773325761.03842020,0.01731875,6155,0.00019112,0.00000000,0,0.00000000,53877,53876,39,0.00170623
1773325761.13840389,0.01666817,6152,0.00007516,0.00000000,0,0.00000000,53876,53877,20,0.00321088
1773325761.23825026,0.02831428,6188,0.00046011,0.00000000,0,0.00000000,53877,53882,35,0.00094975
1773325761.33808970,0.03315943,6258,0.00048340,0.00000000,0,0.00000000,53882,53898,34,0.00083930
1773325761.43829536,0.03116132,6211,0.00055451,0.00000000,0,0.00000000,53898,53902,35,0.00120600
1773325761.53837156,0.03618321,6158,0.00020720,0.00000000,0,0.00000000,53902,53907,39,0.00117553
1773325761.63824987,0.02899136,6194,0.00048526,0.00000000,0,0.00000000,53907,53916,43,0.00218484
1773325761.73824644,0.03891105,6199,0.00028010,0.00000000,0,0.00000000,53916,53911,56,0.00108651
1773325761.83823085,0.03084942,6200,0.00060094,0.00000000,0,0.00000000,53911,53927,43,0.00273615
1773325761.93825006,0.03544000,6198,0.00017122,0.00000000,0,0.00000000,53927,53947,43,0.00087168
1773325762.03830600,0.03547644,6195,0.00017656,0.00000000,0,0.00000000,53947,53951,38,0.00166031
1773325762.13831043,0.01985424,6190,0.00026977,0.00000000,0,0.00000000,53951,53941,46,0.00088275
1773325762.23833537,0.03412895,6146,0.00083725,0.00000000,0,0.00000000,53941,53916,47,0.00162545
1773325762.33837676,0.02086453,6176,0.00015618,0.00000000,0,0.00000000,53916,53923,39,0.00200213
1773325762.43838906,0.01540858,6194,0.00013315,0.00000000,0,0.00000000,53923,53929,36,0.00181184
1773325762.53837466,0.01947850,6198,0.00018880,0.00000000,0,0.00000000,53929,53933,50,0.00146801
1773325762.63833308,0.01639017,6177,0.00014851,0.00000000,0,0.00000000,53933,53947,42,0.00105005
1773325762.73809528,0.03448214,6252,0.00019646,0.00000000,0,0.00000000,53947,53945,42,0.00225365
1773325762.83826709,0.02609182,6173,0.00053306,0.00000000,0,0.00000000,53945,53948,44,0.00080913
1773325762.93811774,0.03485230,6201,0.00053171,0.00000000,0,0.00000000,53948,53949,41,0.00154122
1773325763.03827715,0.02617372,6176,0.00057556,0.00000000,0,0.00000000,53949,53953,44,0.00082885
1773325763.13828945,0.03887635,6239,0.00024499,0.00000000,0,0.00000000,53953,53952,46,0.00105405
1773325763.23823309,0.02326035,6272,0.00015732,0.00000000,0,0.00000000,53952,53940,44,0.00258135
1773325763.33822680,0.01881638,6262,0.00042952,0.00000000,0,0.00000000,53940,53943,37,0.00141944
1773325763.43828583,0.02469285,6267,0.00011046,0.00000000,0,0.00000000,53943,53954,31,0.00280450
1773325763.53836465,0.03406481,6245,0.00048211,0.00000000,0,0.00000000,53954,53953,29,0.00156845
1773325763.63838601,0.01779979,6279,0.00014187,0.00000000,0,0.00000000,53953,53950,40,0.00227464
1773325763.73839712,0.02258141,6221,0.00042492,0.00000000,0,0.00000000,53950,53957,33,0.00086877
1773325763.83819652,0.02771521,6309,0.00022523,0.00000000,0,0.00000000,53957,53965,38,0.00159076
1773325763.93820286,0.01844801,6273,0.00013808,0.00000000,0,0.00000000,53965,53970,35,0.00148596
1773325764.03823566,0.01607139,6305,0.00018751,0.00000000,0,0.00000000,53970,53963,25,0.00132266
1773325764.13824844,0.01661302,6334,0.00014891,0.00000000,0,0.00000000,53963,53960,37,0.00101572
1773325764.23826885,0.02716198,6337,0.00054847,0.00000000,0,0.00000000,53960,53939,35,0.00217318
1773325764.33828497,0.02978018,6306,0.00043995,0.00000000,0,0.00000000,53939,53944,33,0.00145399
1773325764.43831158,0.02283376,6316,0.00042603,0.00000000,0,0.00000000,53944,53965,37,0.00092374
1773325764.53830028,0.03291189,6316,0.00053936,0.00000000,0,0.00000000,53965,53970,39,0.00107495
1773325764.63829708,0.02510541,6332,0.00026692,0.00000000,0,0.00000000,53970,53976,41,0.00214342
1773325764.73829460,0.02878129,6335,0.00053212,0.00000000,0,0.00000000,53976,53980,33,0.00155588
1773325764.83838177,0.02201123,6298,0.00012645,0.00000000,0,0.00000000,53980,53988,39,0.00236096
1773325764.93839908,0.03291660,6317,0.00050599,0.00000000,0,0.00000000,53988,54000,34,0.00141809
1773325765.03832006,0.02939487,6282,0.00015483,0.00000000,0,0.00000000,54000,53999,37,0.00176885
1773325765.13831091,0.01731642,6264,0.00020049,0.00000000,0,0.00000000,53999,54005,31,0.00090329
1773325765.23816657,0.02556066,6309,0.00034130,0.00000000,0,0.00000000,54005,54018,29,0.00183061
1773325765.33819723,0.01506454,6294,0.00013444,0.00000000,0,0.00000000,54018,54029,32,0.00088300
1773325765.43816137,0.01154322,6285,0.00007701,0.00000000,0,0.00000000,54029,54034,24,0.00382847
1773325765.53816700,0.01378441,6374,0.00010801,0.00000000,0,0.00000000,54034,54030,29,0.00473879
1773325765.63833380,0.01062631,6263,0.00006046,0.00000000,0,0.00000000,54030,54036,18,0.00098363
1773325765.73819208,0.01953328,6299,0.00050691,0.00000000,0,0.00000000,54036,54036,35,0.00237132
1773325765.83819771,0.02205818,6275,0.00009875,0.00000000,0,0.00000000,54036,54043,24,0.00157018
1773325765.93825793,0.02038974,6304,0.00041023,0.00000000,0,0.00000000,54043,54046,32,0.00079446
1773325766.03828430,0.02274114,6307,0.00013944,0.00000000,0,0.00000000,54046,54052,32,0.00077880
1773325766.13829803,0.02339386,6304,0.00034268,0.00000000,0,0.00000000,54052,54051,25,0.00123059
1773325766.23830986,0.02938671,6301,0.00014088,0.00000000,0,0.00000000,54051,54058,26,0.00173916
1773325766.33830523,0.01668483,6289,0.00046235,0.00000000,0,0.00000000,54058,54057,35,0.00155195
1773325766.43827963,0.02643116,6356,0.00014976,0.00000000,0,0.00000000,54057,54075,35,0.00150802
1773325766.53830433,0.01952084,6247,0.00011266,0.00000000,0,0.00000000,54075,54084,31,0.00217504
1773325766.63819385,0.01453860,6260,0.00020432,0.00000000,0,0.00000000,54084,54091,39,0.00193471
1773325766.73820949,0.01641297,6178,0.00049798,0.00000000,0,0.00000000,54091,54092,31,0.00185183
1773325766.83826709,0.01255267,6164,0.00011829,0.00000000,0,0.00000000,54092,54101,31,0.00308529
1773325766.93815064,0.01183858,6008,0.00013199,0.00000000,0,0.00000000,54101,54115,25,0.00183498
1773325767.03813648,0.01121515,6026,0.00013826,0.00000000,0,0.00000000,54115,54118,24,0.00196769
1773325767.13816047,0.01059611,5983,0.00009585,0.00000000,0,0.00000000,54118,54126,25,0.00114490
1773325767.23820519,0.02118735,5979,0.00036509,0.00000000,0,0.00000000,54126,54135,27,0.00076636
1773325767.33824682,0.00953919,5865,0.00011583,0.00000000,0,0.00000000,54135,54136,20,0.00077715
1773325767.43822670,0.01967420,5830,0.00027352,0.00000000,0,0.00000000,54136,54125,19,0.00084151
1773325767.53830600,0.01217262,5693,0.00007099,0.00000000,0,0.00000000,54125,54119,20,0.00086830
1773325767.63827157,0.01769523,5641,0.00022365,0.00000000,0,0.00000000,54119,54130,17,0.00283287
1773325767.73810601,0.01360406,5609,0.00012829,0.00000000,0,0.00000000,54130,54129,17,0.00159325
1773325767.83824277,0.01878635,5592,0.00036412,0.00000000,0,0.00000000,54129,54120,15,0.00176433
1773325767.93817091,0.01057472,5554,0.00005977,0.00000000,0,0.00000000,54120,54124,16,0.00152016
1773325768.03897095,0.01061121,5456,0.00010219,0.00000000,0,0.00000000,54124,54111,16,0.00086449
1773325768.13809085,0.01672104,5402,0.00024312,0.00000000,0,0.00000000,54111,54106,9,0.00203264
1773325768.23786354,0.01132063,5347,0.00027567,0.00000000,0,0.00000000,54106,54121,18,0.00195127
1773325768.33771586,0.01284293,5192,0.00022737,0.00000000,0,0.00000000,54121,54129,19,0.00167818
1773325768.43755293,0.01183224,5119,0.00018955,0.00000000,0,0.00000000,54129,54121,12,0.00172682
1773325768.53817534,0.01116559,5009,0.00009612,0.00000000,0,0.00000000,54121,54129,15,0.00177749
1773325768.63813853,0.00846174,4784,0.00009546,0.00000000,0,0.00000000,54129,54132,5,0.00212804
1773325768.73808718,0.00966450,4766,0.00015595,0.00000000,0,0.00000000,54132,54127,8,0.00295022
1773325768.83812213,0.00962482,4656,0.00011750,0.00000000,0,0.00000000,54127,54130,10,0.00152011
1773325768.93823600,0.00672562,4269,0.00003195,0.00000000,0,0.00000000,54130,54131,7,0.00273834
1773325769.03811407,0.01165793,4055,0.00017495,0.00000000,0,0.00000000,54131,54141,12,0.00081006
1773325769.13828897,0.00550644,3515,0.00005366,0.00000000,0,0.00000000,54141,54145,12,0.00157328
1773325769.23814344,0.00977217,3485,0.00012719,0.00000000,0,0.00000000,54145,54150,9,0.00164305
1773325769.33811069,0.00540917,3538,0.00006533,0.00000000,0,0.00000000,54150,54152,4,0.00140896
1773325769.43822336,0.01128720,3949,0.00018740,0.00000000,0,0.00000000,54152,54150,10,0.00168582
1773325769.53815889,0.00729705,3985,0.00007148,0.00000000,0,0.00000000,54150,54154,18,0.00161904
1773325769.63812900,0.01077505,4174,0.00036339,0.00000000,0,0.00000000,54154,54143,12,0.00239283
1773325769.73816419,0.01637656,4242,0.00054831,0.00000000,0,0.00000000,54143,54137,18,0.00101691
1773325769.83815241,0.01156139,4286,0.00004088,0.00000000,0,0.00000000,54137,54144,9,0.00182963
1773325769.93825698,0.02095195,4212,0.00023369,0.00000000,0,0.00000000,54144,54149,13,0.00160738
1773325770.03821445,0.01041595,4224,0.00004103,0.00000000,0,0.00000000,54149,54149,11,0.00146667
1773325770.13813233,0.00944666,4251,0.00009926,0.00000000,0,0.00000000,54149,54162,28,0.00138034
1773325770.23820376,0.00949293,4216,0.00006883,0.00000000,0,0.00000000,54162,54167,15,0.00313045
1773325770.33808875,0.01724234,4272,0.00050436,0.00000000,0,0.00000000,54167,54168,32,0.00256570
1773325770.43820357,0.01098517,4187,0.00013705,0.00000000,0,0.00000000,54168,54179,23,0.00077357
1773325770.53819537,0.00993577,4284,0.00010029,0.00000000,0,0.00000000,54179,54190,25,0.00079916
1773325770.63813877,0.01356907,4138,0.00022098,0.00000000,0,0.00000000,54190,54197,20,0.00091308
1773325770.73817158,0.02194006,4119,0.00029271,0.00000000,0,0.00000000,54197,54201,18,0.00097902
1773325770.83805776,0.01655163,4123,0.00036000,0.00000000,0,0.00000000,54201,54204,27,0.00090275
1773325770.93818402,0.02167018,4151,0.00041181,0.00000000,0,0.00000000,54204,54207,27,0.00079177
1773325771.03808808,0.01697467,4127,0.00010051,0.00000000,0,0.00000000,54207,54218,31,0.00157259
1773325771.13820958,0.01745093,4104,0.00035483,0.00000000,0,0.00000000,54218,54208,20,0.00273614
1773325771.23812771,0.02133284,4062,0.00013652,0.00000000,0,0.00000000,54208,54215,26,0.00130778
1773325771.33813167,0.00895118,4023,0.00015621,0.00000000,0,0.00000000,54215,54154,18,0.00081330
1773325771.43817639,0.00892551,4117,0.00008798,0.00000000,0,0.00000000,54154,54148,23,0.00225229
1773325771.53810406,0.01057555,4145,0.00007061,0.00000000,0,0.00000000,54148,54159,24,0.00268979
1773325771.63807464,0.00819657,4267,0.00008050,0.00000000,0,0.00000000,54159,54171,28,0.00233460
1773325771.73760104,0.00863467,4241,0.00004637,0.00000000,0,0.00000000,54171,54180,12,0.00078446
1773325771.83723378,0.02282949,4516,0.00033621,0.00000000,0,0.00000000,54180,54189,21,0.00078503
1773325771.93619204,0.01587908,4728,0.00023809,0.00000000,0,0.00000000,54189,54195,22,0.00141103
1773325772.03835392,0.02230026,4669,0.00033446,0.00000000,0,0.00000000,54195,54202,19,0.00071638
1773325772.13811851,0.02008459,4383,0.00011806,0.00000000,0,0.00000000,54202,54191,22,0.00101701
1773325772.23847771,0.01620859,4419,0.00067695,0.00000000,0,0.00000000,54191,54151,24,0.00074560
1773325772.33807015,0.02427923,4301,0.00029207,0.00000000,0,0.00000000,54151,54148,23,0.00174608
1773325772.43817544,0.01586727,4664,0.00006395,0.00000000,0,0.00000000,54148,54151,18,0.00168000
1773325772.53807759,0.01696595,4823,0.00004941,0.00000000,0,0.00000000,54151,54150,9,0.00151579
1773325772.63805890,0.01662175,5099,0.00019959,0.00000000,0,0.00000000,54150,54161,17,0.00085766
1773325772.73803377,0.02113331,5220,0.00012398,0.00000000,0,0.00000000,54161,54163,21,0.00262968
1773325772.83813882,0.01670218,5297,0.00024874,0.00000000,0,0.00000000,54163,54173,16,0.00174252
1773325772.93819213,0.01171898,5278,0.00012820,0.00000000,0,0.00000000,54173,54182,25,0.00208939
1773325773.03805447,0.01292085,5332,0.00025872,0.00000000,0,0.00000000,54182,54160,22,0.00208926
1773325773.13798094,0.01251431,5348,0.00014987,0.00000000,0,0.00000000,54160,54171,30,0.00167389
1773325773.23760343,0.01832405,5363,0.00012129,0.00000000,0,0.00000000,54171,54167,23,0.00101606
1773325773.33762217,0.01798666,5348,0.00029476,0.00000000,0,0.00000000,54167,54174,19,0.00132614
1773325773.43794942,0.01854580,5314,0.00017860,0.00000000,0,0.00000000,54174,54181,15,0.00086833
1773325773.53752470,0.01736797,5325,0.00024899,0.00000000,0,0.00000000,54181,54187,21,0.00113600
1773325773.63805008,0.02475876,5300,0.00017171,0.00000000,0,0.00000000,54187,54199,27,0.00182074
1773325773.73811078,0.01651183,5303,0.00009155,0.00000000,0,0.00000000,54199,54202,26,0.00109356
1773325773.83802748,0.02358335,5333,0.00031780,0.00000000,0,0.00000000,54202,54188,19,0.00182241
1773325773.93798995,0.01591873,5306,0.00009216,0.00000000,0,0.00000000,54188,54195,21,0.00252434
1773325774.03797603,0.02159214,5330,0.00027214,0.00000000,0,0.00000000,54195,54204,19,0.00084276
1773325774.13812447,0.02165426,5299,0.00005401,0.00000000,0,0.00000000,54204,54194,9,0.00195676
1773325774.23803735,0.01150153,5314,0.00009215,0.00000000,0,0.00000000,54194,54186,19,0.00225285
1773325774.33801007,0.02522887,5344,0.00028803,0.00000000,0,0.00000000,54186,54193,22,0.00248164
1773325774.43798113,0.00974143,5373,0.00005496,0.00000000,0,0.00000000,54193,54201,15,0.00193557
1773325774.53809786,0.01297192,5314,0.00018763,0.00000000,0,0.00000000,54201,54211,19,0.00183014
1773325774.63798428,0.01081545,5345,0.00004734,0.00000000,0,0.00000000,54211,54217,16,0.00100392
1773325774.73810148,0.01155080,5312,0.00020739,0.00000000,0,0.00000000,54217,54204,24,0.00114834
1773325774.83809376,0.01808195,5302,0.00005871,0.00000000,0,0.00000000,54204,54217,19,0.00107656
1773325774.93795943,0.01312789,5322,0.00020446,0.00000000,0,0.00000000,54217,54225,15,0.00139043
1773325775.03800464,0.01711178,5276,0.00030916,0.00000000,0,0.00000000,54225,54233,21,0.00077575
1773325775.13796926,0.01969150,5255,0.00009605,0.00000000,0,0.00000000,54233,54230,20,0.00161895
1773325775.23796821,0.01479834,5173,0.00024620,0.00000000,0,0.00000000,54230,54245,19,0.00256135
1773325775.33792758,0.02336802,5126,0.00067593,0.00000000,0,0.00000000,54245,54243,22,0.00180183
1773325775.43811774,0.01460989,4929,0.00025271,0.00000000,0,0.00000000,54243,54252,24,0.00287779
1773325775.53802347,0.02372762,4726,0.00011618,0.00000000,0,0.00000000,54252,54256,17,0.00304021
1773325775.63795757,0.01524059,4566,0.00033132,0.00000000,0,0.00000000,54256,54269,20,0.00175245
1773325775.73805690,0.02592642,4609,0.00084449,0.00000000,0,0.00000000,54269,54244,25,0.00183572
1773325775.83803868,0.01254505,4574,0.00009206,0.00000000,0,0.00000000,54244,54245,21,0.00186768
1773325775.93803811,0.00910764,4506,0.00005304,0.00000000,0,0.00000000,54245,54253,16,0.00232740
1773325776.03811836,0.01332466,4237,0.00008369,0.00000000,0,0.00000000,54253,54261,16,0.00225367
1773325776.13807464,0.00755020,4365,0.00005025,0.00000000,0,0.00000000,54261,54256,12,0.00100698
1773325776.23804998,0.00774301,4419,0.00003362,0.00000000,0,0.00000000,54256,54256,6,0.00099842
1773325776.33794355,0.01289865,4521,0.00015452,0.00000000,0,0.00000000,54256,54260,8,0.00092362
1773325776.43803382,0.00806960,4495,0.00018247,0.00000000,0,0.00000000,54260,54263,13,0.00118012
1773325776.53867936,0.01067244,4522,0.00014521,0.00000000,0,0.00000000,54263,54268,10,0.00078609
1773325776.63868213,0.01139758,4752,0.00021887,0.00000000,0,0.00000000,54268,54273,14,0.00148016
1773325776.73792267,0.01455401,5096,0.00029763,0.00000000,0,0.00000000,54273,54265,22,0.00238857
1773325776.83791161,0.01386872,5247,0.00008651,0.00000000,0,0.00000000,54265,54268,12,0.00096816
1773325776.93808246,0.01336021,5295,0.00007691,0.00000000,0,0.00000000,54268,54267,16,0.00107688
1773325777.03794622,0.01096309,5300,0.00025166,0.00000000,0,0.00000000,54267,54264,14,0.00218984
1773325777.13794041,0.01572214,5372,0.00014483,0.00000000,0,0.00000000,54264,54269,12,0.00178718
1773325777.23802638,0.01037254,5263,0.00009846,0.00000000,0,0.00000000,54269,54270,25,0.00164335
1773325777.33794546,0.01636230,5325,0.00035696,0.00000000,0,0.00000000,54270,54257,20,0.00193661
1773325777.43795347,0.00972911,5270,0.00009195,0.00000000,0,0.00000000,54257,54256,22,0.00255623
1773325777.53801584,0.01081328,5206,0.00014709,0.00000000,0,0.00000000,54256,54264,30,0.00170071
1773325777.63792396,0.00998576,5147,0.00007732,0.00000000,0,0.00000000,54264,54258,19,0.00176488
1773325777.73793960,0.01063623,5209,0.00012464,0.00000000,0,0.00000000,54258,54266,33,0.00169387
1773325777.83791661,0.01793484,5255,0.00036122,0.00000000,0,0.00000000,54266,54261,22,0.00087543
1773325777.93795276,0.01358888,5410,0.00029678,0.00000000,0,0.00000000,54261,54273,24,0.00070873
1773325778.03801298,0.02281163,5488,0.00031662,0.00000000,0,0.00000000,54273,54270,20,0.00081277
1773325778.13869548,0.01253438,5439,0.00008617,0.00000000,0,0.00000000,54270,54268,22,0.00083672
1773325778.23797250,0.02101843,5580,0.00050502,0.00000000,0,0.00000000,54268,54259,30,0.00246940
1773325778.33790064,0.01633748,5585,0.00011157,0.00000000,0,0.00000000,54259,54261,32,0.00290430
1773325778.43794441,0.01915984,5584,0.00030089,0.00000000,0,0.00000000,54261,54266,19,0.00108427
1773325778.53790641,0.02245498,5639,0.00035464,0.00000000,0,0.00000000,54266,54263,22,0.00199464
1773325778.63797736,0.02130529,5693,0.00015496,0.00000000,0,0.00000000,54263,54250,25,0.00206653
1773325778.73796940,0.01285476,5696,0.00014001,0.00000000,0,0.00000000,54250,54239,23,0.00217936
1773325778.83795452,0.02093454,5708,0.00011460,0.00000000,0,0.00000000,54239,54243,30,0.00098944
1773325778.93801451,0.01187072,5709,0.00009896,0.00000000,0,0.00000000,54243,54233,20,0.00085075
1773325779.03796625,0.01486492,5740,0.00005915,0.00000000,0,0.00000000,54233,54238,17,0.00085173
1773325779.13798022,0.00966876,5746,0.00037715,0.00000000,0,0.00000000,54238,54160,24,0.00086259
1773325779.23798728,0.02378021,5746,0.00019405,0.00000000,0,0.00000000,54160,54164,14,0.00219162
1773325779.33794212,0.01779344,5849,0.00043706,0.00000000,0,0.00000000,54164,54170,28,0.00174704
1773325779.43789983,0.02063957,5857,0.00038257,0.00000000,0,0.00000000,54170,54184,33,0.00108259
1773325779.53789544,0.02302951,5943,0.00009097,0.00000000,0,0.00000000,54184,54191,20,0.00087445
1773325779.63788390,0.02471623,6024,0.00049026,0.00000000,0,0.00000000,54191,54199,24,0.00183828
1773325779.73801589,0.02736699,6035,0.00011335,0.00000000,0,0.00000000,54199,54203,24,0.00185886
1773325779.83796740,0.01652995,6067,0.00011554,0.00000000,0,0.00000000,54203,54208,15,0.00074223
1773325779.93799138,0.02162480,6095,0.00009644,0.00000000,0,0.00000000,54208,54217,20,0.00266876
1773325780.03801608,0.02621993,6107,0.00010561,0.00000000,0,0.00000000,54217,54216,19,0.00156956
1773325780.13798714,0.02619894,6120,0.00041268,0.00000000,0,0.00000000,54216,54218,30,0.00193827
1773325780.23784971,0.02093882,6150,0.00008957,0.00000000,0,0.00000000,54218,54230,24,0.00246493
1773325780.33788538,0.01888483,6168,0.00013225,0.00000000,0,0.00000000,54230,54240,33,0.00289475
1773325780.43791938,0.01570045,6170,0.00010851,0.00000000,0,0.00000000,54240,54244,29,0.00355372
1773325780.53795695,0.01842288,6220,0.00013099,0.00000000,0,0.00000000,54244,54242,25,0.00242332
1773325780.63796616,0.01547050,6186,0.00011501,0.00000000,0,0.00000000,54242,54241,32,0.00233261
1773325780.73799086,0.02885944,6184,0.00015766,0.00000000,0,0.00000000,54241,54246,35,0.00081208
1773325780.83782554,0.02921135,6268,0.00046780,0.00000000,0,0.00000000,54246,54250,31,0.00086760
1773325780.93798733,0.02895994,6208,0.00011991,0.00000000,0,0.00000000,54250,54250,25,0.00114061
1773325781.03800416,0.01340640,6236,0.00008465,0.00000000,0,0.00000000,54250,54256,12,0.00085012
1773325781.13780189,0.02752628,6248,0.00011453,0.00000000,0,0.00000000,54256,54255,23,0.00300381
1773325781.23789525,0.03253376,6284,0.00048784,0.00000000,0,0.00000000,54255,54238,28,0.00149066
1773325781.33790946,0.03843013,6305,0.00017413,0.00000000,0,0.00000000,54238,54237,23,0.00286525
1773325781.43792248,0.02351934,6321,0.00012024,0.00000000,0,0.00000000,54237,54228,25,0.00195660
1773325781.53797746,0.02473582,6273,0.00012902,0.00000000,0,0.00000000,54228,54228,29,0.00196639
1773325781.63781381,0.01803878,6352,0.00024453,0.00000000,0,0.00000000,54228,54196,25,0.00214719
1773325781.73795557,0.02916024,6289,0.00040826,0.00000000,0,0.00000000,54196,54207,30,0.00443014
1773325781.83798933,0.01674564,6257,0.00007478,0.00000000,0,0.00000000,54207,54214,20,0.00293697
1773325781.93781328,0.01536518,6288,0.00012571,0.00000000,0,0.00000000,54214,54217,31,0.00197721
1773325782.03780103,0.01845547,6268,0.00011885,0.00000000,0,0.00000000,54217,54227,37,0.00242887
1773325782.13778543,0.01532988,6305,0.00019884,0.00000000,0,0.00000000,54227,54221,27,0.00088475
1773325782.23782563,0.02462125,6305,0.00016427,0.00000000,0,0.00000000,54221,54209,30,0.00222569
1773325782.33782458,0.02214282,6304,0.00034815,0.00000000,0,0.00000000,54209,54216,29,0.00083373
1773325782.43779778,0.02765492,6369,0.00013629,0.00000000,0,0.00000000,54216,54220,31,0.00080236
1773325782.53799510,0.02078200,6307,0.00014781,0.00000000,0,0.00000000,54220,54216,24,0.00151064
1773325782.63797164,0.03192663,6270,0.00010386,0.00000000,0,0.00000000,54216,54220,24,0.00238819
1773325782.73795938,0.02424501,6283,0.00005724,0.00000000,0,0.00000000,54220,54224,19,0.00215504
1773325782.83786631,0.02637206,6288,0.00030126,0.00000000,0,0.00000000,54224,54234,25,0.00243208
1773325782.93782973,0.02177028,6299,0.00010298,0.00000000,0,0.00000000,54234,54243,22,0.00314625
1773325783.03783298,0.01970813,6302,0.00024104,0.00000000,0,0.00000000,54243,54251,21,0.00228466
1773325783.13780951,0.02580874,6290,0.00011719,0.00000000,0,0.00000000,54251,54253,22,0.00224973
1773325783.23803997,0.01399632,6280,0.00006016,0.00000000,0,0.00000000,54253,54259,21,0.00090241
1773325783.33782196,0.02935950,6315,0.00035135,0.00000000,0,0.00000000,54259,54262,30,0.00228773
1773325783.43779564,0.01307886,6298,0.00012268,0.00000000,0,0.00000000,54262,54236,28,0.00189139
1773325783.53780866,0.01619138,6315,0.00009612,0.00000000,0,0.00000000,54236,54242,32,0.00170622
1773325783.63782692,0.01678779,6329,0.00009902,0.00000000,0,0.00000000,54242,54239,25,0.00085071
1773325783.73783088,0.03356442,6311,0.00011107,0.00000000,0,0.00000000,54239,54229,22,0.00087399
1773325783.83789992,0.02329829,6311,0.00030009,0.00000000,0,0.00000000,54229,54230,26,0.00159492
1773325783.93789768,0.03501386,6308,0.00031655,0.00000000,0,0.00000000,54230,54226,29,0.00155291
1773325784.03794003,0.01519696,6257,0.00008330,0.00000000,0,0.00000000,54226,54233,25,0.00112738
1773325784.13775563,0.01574120,6292,0.00008920,0.00000000,0,0.00000000,54233,54245,23,0.00236180
1773325784.23779202,0.02194010,6290,0.00030687,0.00000000,0,0.00000000,54245,54252,30,0.00225707
1773325784.33781433,0.02294297,6307,0.00007642,0.00000000,0,0.00000000,54252,54257,23,0.00178351
1773325784.43782902,0.01249967,6317,0.00007555,0.00000000,0,0.00000000,54257,54258,24,0.00129223
1773325784.53782630,0.01415786,6282,0.00030496,0.00000000,0,0.00000000,54258,54198,28,0.00106674
1773325784.63786983,0.01555564,6313,0.00011124,0.00000000,0,0.00000000,54198,54208,28,0.00079293
1773325784.73792100,0.01418291,6314,0.00012694,0.00000000,0,0.00000000,54208,54221,36,0.00080168
1773325784.83783531,0.01730114,6271,0.00020968,0.00000000,0,0.00000000,54221,54224,37,0.00082663
1773325784.93786478,0.01840765,6268,0.00026972,0.00000000,0,0.00000000,54224,54235,25,0.00075581
1773325785.03787541,0.01460351,6279,0.00008186,0.00000000,0,0.00000000,54235,54234,22,0.00085916
1773325785.13786960,0.01413824,6293,0.00013675,0.00000000,0,0.00000000,54234,54237,37,0.00102102
1773325785.23774338,0.02527858,6336,0.00033945,0.00000000,0,0.00000000,54237,54234,29,0.00189421
1773325785.33794093,0.02889561,6280,0.00008682,0.00000000,0,0.00000000,54234,54239,22,0.00084514
1773325785.43773890,0.01971435,6272,0.00041348,0.00000000,0,0.00000000,54239,54248,29,0.00082455
1773325785.53777170,0.02747410,6295,0.00013736,0.00000000,0,0.00000000,54248,54241,20,0.00078548
1773325785.63780212,0.02642472,6261,0.00036634,0.00000000,0,0.00000000,54241,54244,25,0.00158891
1773325785.73770833,0.02641057,6278,0.00006719,0.00000000,0,0.00000000,54244,54247,20,0.00270364
1773325785.83775711,0.02368537,6292,0.00034229,0.00000000,0,0.00000000,54247,54249,33,0.00260323
1773325785.93779564,0.02813344,6272,0.00007108,0.00000000,0,0.00000000,54249,54256,23,0.00177203
1773325786.03781891,0.02881590,6303,0.00050720,0.00000000,0,0.00000000,54256,54257,35,0.00234996
1773325786.13786435,0.02591892,6308,0.00008859,0.00000000,0,0.00000000,54257,54260,23,0.00170849
1773325786.23788881,0.01647623,6249,0.00011833,0.00000000,0,0.00000000,54260,54268,31,0.00086702
1773325786.33777475,0.02942848,6289,0.00029824,0.00000000,0,0.00000000,54268,54267,20,0.00176775
1773325786.43773770,0.01382049,6277,0.00014176,0.00000000,0,0.00000000,54267,54263,29,0.00199687
1773325786.53789949,0.02140911,6284,0.00006817,0.00000000,0,0.00000000,54263,54267,19,0.00176717
1773325786.63777184,0.01846931,6291,0.00013396,0.00000000,0,0.00000000,54267,54269,23,0.00094529
1773325786.73782015,0.01652673,6264,0.00009722,0.00000000,0,0.00000000,54269,54282,28,0.00175937
1773325786.83779192,0.02679473,6279,0.00043305,0.00000000,0,0.00000000,54282,54294,34,0.00084692
1773325786.93784976,0.02465045,6208,0.00015446,0.00000000,0,0.00000000,54294,54302,40,0.00151227
1773325787.03784394,0.02871709,6262,0.00045421,0.00000000,0,0.00000000,54302,54310,31,0.00159366
1773325787.13781881,0.02340303,6219,0.00041953,0.00000000,0,0.00000000,54310,54320,35,0.00137078
1773325787.23778033,0.02894496,6255,0.00053885,0.00000000,0,0.00000000,54320,54311,40,0.00185460
1773325787.33781528,0.03425242,6257,0.00043128,0.00000000,0,0.00000000,54311,54317,25,0.00228082
1773325787.43777442,0.03011898,6252,0.00065873,0.00000000,0,0.00000000,54317,54322,32,0.00127655
1773325787.53784466,0.02069254,6259,0.00015270,0.00000000,0,0.00000000,54322,54316,28,0.00260694
1773325787.63785362,0.03162723,6241,0.00016294,0.00000000,0,0.00000000,54316,54321,26,0.00108602
1773325787.73786449,0.01888497,6260,0.00020729,0.00000000,0,0.00000000,54321,54325,36,0.00180771
1773325787.83770680,0.01787723,6304,0.00012570,0.00000000,0,0.00000000,54325,54328,21,0.00299014
1773325787.93776846,0.01894284,6263,0.00026522,0.00000000,0,0.00000000,54328,54332,38,0.00251270
1773325788.03766155,0.01865574,6345,0.00015475,0.00000000,0,0.00000000,54332,54330,23,0.00275961
1773325788.13777757,0.01497897,6334,0.00011922,0.00000000,0,0.00000000,54330,54339,34,0.00147602
1773325788.23769450,0.02593373,6333,0.00021090,0.00000000,0,0.00000000,54339,54342,19,0.00158484
1773325788.33785319,0.01830865,6334,0.00034094,0.00000000,0,0.00000000,54342,54352,32,0.00144642
1773325788.43772006,0.02859653,6335,0.00008504,0.00000000,0,0.00000000,54352,54359,29,0.00111553
1773325788.53779960,0.02288441,6279,0.00039788,0.00000000,0,0.00000000,54359,54356,23,0.00092726
1773325788.63764143,0.02593554,6382,0.00011647,0.00000000,0,0.00000000,54356,54363,25,0.00078780
1773325788.73783660,0.02524092,6285,0.00041996,0.00000000,0,0.00000000,54363,54375,33,0.00285594
1773325788.83767152,0.02817447,6355,0.00026759,0.00000000,0,0.00000000,54375,54348,34,0.00165662
1773325788.93781614,0.02551989,6304,0.00036772,0.00000000,0,0.00000000,54348,54351,29,0.00159578
1773325789.03766155,0.02572433,6313,0.00045716,0.00000000,0,0.00000000,54351,54357,33,0.00277483
1773325789.13770771,0.02596985,6309,0.00008545,0.00000000,0,0.00000000,54357,54362,27,0.00198508
1773325789.23770571,0.01640492,6282,0.00016712,0.00000000,0,0.00000000,54362,54357,30,0.00174051
1773325789.33782744,0.02786164,6291,0.00013569,0.00000000,0,0.00000000,54357,54351,29,0.00198339
1773325789.43778324,0.01849494,6286,0.00015249,0.00000000,0,0.00000000,54351,54350,24,0.00238074
1773325789.53779173,0.01657637,6253,0.00006777,0.00000000,0,0.00000000,54350,54360,23,0.00160799
1773325789.63764620,0.01428866,6262,0.00008072,0.00000000,0,0.00000000,54360,54362,26,0.00093722
1773325789.73767543,0.02348065,6230,0.00017813,0.00000000,0,0.00000000,54362,54327,22,0.00184235
1773325789.83767414,0.03131183,6183,0.00041558,0.00000000,0,0.00000000,54327,54327,31,0.00093815
1773325789.93781734,0.03111058,6137,0.00013891,0.00000000,0,0.00000000,54327,54337,30,0.00100183
1773325790.03763866,0.01688278,6182,0.00038581,0.00000000,0,0.00000000,54337,54336,26,0.00127052
1773325790.13761115,0.02503333,6151,0.00012798,0.00000000,0,0.00000000,54336,54344,27,0.00219100
1773325790.23764229,0.01975697,6150,0.00034737,0.00000000,0,0.00000000,54344,54351,32,0.00105686
1773325790.33768702,0.02947709,6130,0.00026457,0.00000000,0,0.00000000,54351,54359,24,0.00086983
1773325790.43761444,0.01735092,6104,0.00010630,0.00000000,0,0.00000000,54359,54362,31,0.00278007
1773325790.53765035,0.02002671,6031,0.00014692,0.00000000,0,0.00000000,54362,54364,24,0.00183271
1773325790.63762236,0.02388937,6032,0.00042491,0.00000000,0,0.00000000,54364,54366,27,0.00212883
1773325790.73764205,0.01373455,5995,0.00008406,0.00000000,0,0.00000000,54366,54369,29,0.00190609
1773325790.83768559,0.01702358,5947,0.00038726,0.00000000,0,0.00000000,54369,54374,30,0.00231796
1773325790.93777895,0.01498453,5850,0.00009353,0.00000000,0,0.00000000,54374,54381,24,0.00217956
1773325791.03775287,0.01515303,5834,0.00006809,0.00000000,0,0.00000000,54381,54386,24,0.00169277
1773325791.13765383,0.01293157,5875,0.00010584,0.00000000,0,0.00000000,54386,54384,23,0.00194213
1773325791.23763514,0.02209137,5906,0.00031095,0.00000000,0,0.00000000,54384,54374,19,0.00186099
1773325791.33775187,0.01439085,6020,0.00027406,0.00000000,0,0.00000000,54374,54375,25,0.00103941
1773325791.43777299,0.02403767,6051,0.00050956,0.00000000,0,0.00000000,54375,54380,33,0.00199649
1773325791.53776431,0.01793527,6048,0.00006347,0.00000000,0,0.00000000,54380,54388,24,0.00112812
1773325791.63764405,0.02470486,6095,0.00039920,0.00000000,0,0.00000000,54388,54394,34,0.00103420
1773325791.73775625,0.02130704,6055,0.00013673,0.00000000,0,0.00000000,54394,54395,33,0.00170790
1773325791.83760405,0.02630172,6149,0.00032645,0.00000000,0,0.00000000,54395,54396,24,0.00328466
1773325791.93770146,0.03204298,6112,0.00015766,0.00000000,0,0.00000000,54396,54403,35,0.00162814
1773325792.03760600,0.02767686,6269,0.00051167,0.00000000,0,0.00000000,54403,54411,42,0.00085350
1773325792.13765144,0.01767527,6283,0.00015099,0.00000000,0,0.00000000,54411,54427,46,0.00296944
1773325792.23761988,0.01957370,6270,0.00018233,0.00000000,0,0.00000000,54427,54442,41,0.00092558
1773325792.33763885,0.02086588,6302,0.00010072,0.00000000,0,0.00000000,54442,54442,38,0.00194233
1773325792.43767285,0.01755230,6291,0.00014800,0.00000000,0,0.00000000,54442,54454,41,0.00095136
1773325792.53767037,0.01698570,6283,0.00009523,0.00000000,0,0.00000000,54454,54461,28,0.00100840
1773325792.63767910,0.01541977,6271,0.00011838,0.00000000,0,0.00000000,54461,54472,32,0.00095889
1773325792.73769712,0.03369518,6272,0.00049439,0.00000000,0,0.00000000,54472,54465,36,0.00185877
1773325792.83771634,0.02620942,6279,0.00058434,0.00000000,0,0.00000000,54465,54439,42,0.00080591
1773325792.93767643,0.02869831,6285,0.00041889,0.00000000,0,0.00000000,54439,54447,40,0.00079266
1773325793.03775930,0.02699061,6271,0.00012059,0.00000000,0,0.00000000,54447,54445,45,0.00087975
1773325793.13772416,0.02199643,6251,0.00053465,0.00000000,0,0.00000000,54445,54433,39,0.00199853
1773325793.23774648,0.02958873,6242,0.00015861,0.00000000,0,0.00000000,54433,54438,43,0.00279395
1773325793.33771062,0.02473240,6300,0.00035885,0.00000000,0,0.00000000,54438,54422,30,0.00108864
1773325793.43769383,0.02629417,6301,0.00037899,0.00000000,0,0.00000000,54422,54432,33,0.00191925
1773325793.53771186,0.02159257,6273,0.00012892,0.00000000,0,0.00000000,54432,54420,29,0.00117205
1773325793.63756347,0.01670635,6295,0.00020401,0.00000000,0,0.00000000,54420,54434,39,0.00244543
1773325793.73773193,0.03756044,6262,0.00062255,0.00000000,0,0.00000000,54434,54436,39,0.00128923
1773325793.83758068,0.01827484,6296,0.00008360,0.00000000,0,0.00000000,54436,54445,27,0.00179847
1773325793.93757725,0.01487824,6293,0.00009509,0.00000000,0,0.00000000,54445,54450,38,0.00187919
1773325794.03764153,0.01849254,6283,0.00012373,0.00000000,0,0.00000000,54450,54451,23,0.00303681
1773325794.13766837,0.01514061,6303,0.00009869,0.00000000,0,0.00000000,54451,54452,29,0.00087631
1773325794.23764181,0.02797388,6292,0.00033481,0.00000000,0,0.00000000,54452,54460,25,0.00262686
1773325794.33763361,0.02670383,6271,0.00014298,0.00000000,0,0.00000000,54460,54466,30,0.00086655
1773325794.43760705,0.03628521,6294,0.00048721,0.00000000,0,0.00000000,54466,54476,36,0.00110935
1773325794.53765535,0.02676636,6272,0.00035825,0.00000000,0,0.00000000,54476,54470,35,0.00086374
1773325794.63765335,0.03326854,6313,0.00055077,0.00000000,0,0.00000000,54470,54469,42,0.00160831
1773325794.73765349,0.03063113,6268,0.00018829,0.00000000,0,0.00000000,54469,54459,31,0.00284663
1773325794.83753085,0.02180414,6264,0.00017090,0.00000000,0,0.00000000,54459,54451,41,0.00086246
1773325794.93755388,0.02951518,6292,0.00030787,0.00000000,0,0.00000000,54451,54447,40,0.00205179
1773325795.03751326,0.02623069,6260,0.00012231,0.00000000,0,0.00000000,54447,54454,29,0.00166017
1773325795.13758850,0.03674365,6271,0.00013706,0.00000000,0,0.00000000,54454,54461,43,0.00080200
1773325795.23761082,0.02153279,6307,0.00018816,0.00000000,0,0.00000000,54461,54460,35,0.00194845
1773325795.33770418,0.02384904,6257,0.00032491,0.00000000,0,0.00000000,54460,54468,29,0.00212853
1773325795.43770480,0.01991231,6236,0.00009663,0.00000000,0,0.00000000,54468,54471,37,0.00187469
1773325795.53751349,0.02116535,6286,0.00015947,0.00000000,0,0.00000000,54471,54483,37,0.00183456
1773325795.63750124,0.01823782,6280,0.00005764,0.00000000,0,0.00000000,54483,54489,26,0.00143125
1773325795.73768806,0.03229534,6204,0.00053586,0.00000000,0,0.00000000,54489,54485,39,0.00169562
1773325795.83756828,0.02575788,6218,0.00014947,0.00000000,0,0.00000000,54485,54486,42,0.00079608
1773325795.93755245,0.02087377,6263,0.00009913,0.00000000,0,0.00000000,54486,54488,29,0.00077865
1773325796.03759265,0.02853787,6193,0.00013086,0.00000000,0,0.00000000,54488,54492,33,0.00165009
1773325796.13761997,0.02240692,6212,0.00041173,0.00000000,0,0.00000000,54492,54499,37,0.00082370
1773325796.23766088,0.02252675,6171,0.00035275,0.00000000,0,0.00000000,54499,54493,28,0.00285453
1773325796.33753514,0.03580895,6193,0.00022711,0.00000000,0,0.00000000,54493,54471,47,0.00166614
1773325796.43748450,0.01884829,6179,0.00012312,0.00000000,0,0.00000000,54471,54473,27,0.00106187
1773325796.53751302,0.02311596,6161,0.00030231,0.00000000,0,0.00000000,54473,54473,30,0.00214270
1773325796.63756156,0.03232231,6134,0.00040975,0.00000000,0,0.00000000,54473,54478,27,0.00195935
1773325796.73763919,0.01723395,6069,0.00010299,0.00000000,0,0.00000000,54478,54481,35,0.00161621
1773325796.83760905,0.02047186,6046,0.00047723,0.00000000,0,0.00000000,54481,54447,38,0.00223829
1773325796.93757892,0.01671542,6099,0.00007374,0.00000000,0,0.00000000,54447,54451,30,0.00192665
1773325797.03767443,0.02114157,6008,0.00010021,0.00000000,0,0.00000000,54451,54460,36,0.00223565
1773325797.13765717,0.01406102,5973,0.00005953,0.00000000,0,0.00000000,54460,54463,28,0.00191826
1773325797.23751807,0.02736797,5989,0.00012805,0.00000000,0,0.00000000,54463,54460,35,0.00085330
1773325797.33756137,0.02034025,6004,0.00013157,0.00000000,0,0.00000000,54460,54458,26,0.00096935
1773325797.43763709,0.02432800,6019,0.00039464,0.00000000,0,0.00000000,54458,54466,38,0.00082413
1773325797.53757596,0.01880852,6013,0.00040018,0.00000000,0,0.00000000,54466,54474,33,0.00081886
1773325797.63756537,0.03124150,6035,0.00011438,0.00000000,0,0.00000000,54474,54478,28,0.00347746
1773325797.73759532,0.01883759,6056,0.00027838,0.00000000,0,0.00000000,54478,54478,33,0.00251030
1773325797.83756018,0.03397749,6001,0.00016628,0.00000000,0,0.00000000,54478,54485,35,0.00155142
1773325797.93748617,0.01737340,6058,0.00010447,0.00000000,0,0.00000000,54485,54488,38,0.00174655
1773325798.03757358,0.01765033,6052,0.00033647,0.00000000,0,0.00000000,54488,54495,32,0.00155426
1773325798.13829041,0.02949893,6030,0.00033056,0.00000000,0,0.00000000,54495,54492,30,0.00258669
1773325798.23830271,0.01856613,6043,0.00007396,0.00000000,0,0.00000000,54492,54497,26,0.00167136
1773325798.33763695,0.01957275,6053,0.00009032,0.00000000,0,0.00000000,54497,54500,29,0.00217101
1773325798.43747759,0.01876462,6066,0.00010029,0.00000000,0,0.00000000,54500,54503,34,0.00173511
1773325798.53745770,0.01945884,6077,0.00008692,0.00000000,0,0.00000000,54503,54507,31,0.00169332
1773325798.63754153,0.01567919,6111,0.00004185,0.00000000,0,0.00000000,54507,54510,19,0.00169908
1773325798.73753786,0.01643631,6133,0.00013727,0.00000000,0,0.00000000,54510,54496,30,0.00116791
1773325798.83755779,0.02857274,6125,0.00032417,0.00000000,0,0.00000000,54496,54501,27,0.00079995
1773325798.93761110,0.02463492,6092,0.00011768,0.00000000,0,0.00000000,54501,54497,32,0.00092097
1773325799.03763509,0.02243126,6104,0.00038299,0.00000000,0,0.00000000,54497,54501,37,0.00089276
1773325799.13749290,0.02212408,6172,0.00011694,0.00000000,0,0.00000000,54501,54503,31,0.00072590
1773325799.23802066,0.02002424,6172,0.00033292,0.00000000,0,0.00000000,54503,54509,31,0.00106785
1773325799.33754754,0.02960706,6207,0.00046781,0.00000000,0,0.00000000,54509,54519,39,0.00195670
1773325799.43756843,0.02286763,6167,0.00035949,0.00000000,0,0.00000000,54519,54521,28,0.00085722
1773325799.53759384,0.03206935,6203,0.00011772,0.00000000,0,0.00000000,54521,54519,24,0.00290106
1773325799.63758326,0.01757221,6156,0.00013693,0.00000000,0,0.00000000,54519,54527,39,0.00128578
1773325799.73744750,0.01524430,6171,0.00007355,0.00000000,0,0.00000000,54527,54531,21,0.00244171
1773325799.83762360,0.02109800,6118,0.00011000,0.00000000,0,0.00000000,54531,54533,33,0.00128959
1773325799.93745279,0.01346455,6164,0.00006227,0.00000000,0,0.00000000,54533,54543,22,0.00122863
1773325800.03745151,0.01618657,6185,0.00007843,0.00000000,0,0.00000000,54543,54552,27,0.00261171
1773325800.13749075,0.01393498,6150,0.00011044,0.00000000,0,0.00000000,54552,54535,24,0.00076052
1773325800.23744059,0.02239536,6202,0.00030506,0.00000000,0,0.00000000,54535,54543,25,0.00225824
1773325800.33744097,0.02480522,6165,0.00011198,0.00000000,0,0.00000000,54543,54542,24,0.00173376
1773325800.43743968,0.01759413,6193,0.00013134,0.00000000,0,0.00000000,54542,54532,31,0.00101510
1773325800.53742146,0.02534914,6202,0.00009895,0.00000000,0,0.00000000,54532,54529,19,0.00086813
1773325800.63741326,0.02038027,6246,0.00032335,0.00000000,0,0.00000000,54529,54529,28,0.00122039
1773325800.73759484,0.02690909,6070,0.00008429,0.00000000,0,0.00000000,54529,54533,21,0.00285442
1773325800.83748555,0.01914081,6194,0.00046013,0.00000000,0,0.00000000,54533,54534,28,0.00159956
1773325800.93752861,0.03143890,6136,0.00021239,0.00000000,0,0.00000000,54534,54552,39,0.00181499
1773325801.03751349,0.02703113,6156,0.00039066,0.00000000,0,0.00000000,54552,54554,31,0.00173675
1773325801.13757682,0.01297526,6144,0.00012283,0.00000000,0,0.00000000,54554,54551,22,0.00183441
1773325801.23760772,0.01386600,6121,0.00009987,0.00000000,0,0.00000000,54551,54557,29,0.00171812
1773325801.33745384,0.01984383,6125,0.00009886,0.00000000,0,0.00000000,54557,54548,28,0.00085215
1773325801.43746209,0.01454744,6138,0.00007747,0.00000000,0,0.00000000,54548,54553,27,0.00086418
1773325801.53753757,0.01365201,6117,0.00010963,0.00000000,0,0.00000000,54553,54557,36,0.00087601
1773325801.63757110,0.01716242,6121,0.00008952,0.00000000,0,0.00000000,54557,54556,27,0.00078087
1773325801.73754334,0.02133273,6112,0.00010502,0.00000000,0,0.00000000,54556,54562,35,0.00228890
1773325801.83741379,0.02719579,6132,0.00010638,0.00000000,0,0.00000000,54562,54567,19,0.00115001
1773325801.93750811,0.02121461,6157,0.00034321,0.00000000,0,0.00000000,54567,54568,28,0.00088386
1773325802.03751516,0.02888419,6104,0.00034396,0.00000000,0,0.00000000,54568,54578,31,0.00158936
1773325802.13741136,0.02009954,6127,0.00011695,0.00000000,0,0.00000000,54578,54582,32,0.00277549
1773325802.23759937,0.02811193,6078,0.00031855,0.00000000,0,0.00000000,54582,54589,24,0.00192228
1773325802.33747840,0.02212240,6115,0.00038262,0.00000000,0,0.00000000,54589,54595,32,0.00192280
1773325802.43744588,0.02496420,6048,0.00044633,0.00000000,0,0.00000000,54595,54585,32,0.00232665
1773325802.53748727,0.02715065,6058,0.00060454,0.00000000,0,0.00000000,54585,54584,45,0.00181718
1773325802.63741159,0.03533959,6050,0.00056893,0.00000000,0,0.00000000,54584,54581,38,0.00183995
1773325802.73749280,0.01690210,6076,0.00017216,0.00000000,0,0.00000000,54581,54586,29,0.00302546
1773325802.83776808,0.02976400,6011,0.00039278,0.00000000,0,0.00000000,54586,54585,26,0.00101858
1773325802.93745017,0.01589287,6014,0.00008812,0.00000000,0,0.00000000,54585,54588,22,0.00320165
1773325803.03752708,0.01732634,6056,0.00011215,0.00000000,0,0.00000000,54588,54581,19,0.00196363
1773325803.13837385,0.01358256,6020,0.00006708,0.00000000,0,0.00000000,54581,54584,24,0.00101179
1773325803.23842692,0.02219903,6005,0.00030325,0.00000000,0,0.00000000,54584,54587,28,0.00119948
1773325803.33744097,0.03738928,5978,0.00020575,0.00000000,0,0.00000000,54587,54592,22,0.00078631
1773325803.43755579,0.02901566,6045,0.00007268,0.00000000,0,0.00000000,54592,54597,22,0.00087437
1773325803.53745675,0.02980769,6018,0.00046239,0.00000000,0,0.00000000,54597,54564,25,0.00158840
1773325803.63750482,0.02620223,6031,0.00051627,0.00000000,0,0.00000000,54564,54532,24,0.00154321
1773325803.73749709,0.02884299,6004,0.00034591,0.00000000,0,0.00000000,54532,54536,29,0.00070862
1773325803.83754873,0.02383396,5963,0.00029460,0.00000000,0,0.00000000,54536,54540,25,0.00182724
1773325803.93741250,0.02765154,6019,0.00008914,0.00000000,0,0.00000000,54540,54542,14,0.00126366
1773325804.03742576,0.02771945,6015,0.00026486,0.00000000,0,0.00000000,54542,54547,27,0.00185543
1773325804.13749266,0.02719980,6013,0.00008136,0.00000000,0,0.00000000,54547,54550,21,0.00081968
1773325804.23749447,0.01514146,6016,0.00008681,0.00000000,0,0.00000000,54550,54551,25,0.00193783
1773325804.33748722,0.03306283,6041,0.00036693,0.00000000,0,0.00000000,54551,54550,25,0.00161163
1773325804.43751907,0.01532972,6038,0.00007121,0.00000000,0,0.00000000,54550,54556,21,0.00243083
1773325804.53756189,0.03416067,6023,0.00011531,0.00000000,0,0.00000000,54556,54563,22,0.00168517
1773325804.63756585,0.02876995,6036,0.00013691,0.00000000,0,0.00000000,54563,54565,26,0.00075248
1773325804.73777437,0.01208338,5956,0.00006082,0.00000000,0,0.00000000,54565,54573,26,0.00077052
1773325804.83771181,0.03230639,5990,0.00037792,0.00000000,0,0.00000000,54573,54587,28,0.00086165
1773325804.93742228,0.03125794,6032,0.00009306,0.00000000,0,0.00000000,54587,54596,22,0.00109304
1773325805.03749156,0.02194219,6076,0.00016448,0.00000000,0,0.00000000,54596,54584,28,0.00124236
1773325805.13742208,0.02716074,6083,0.00017633,0.00000000,0,0.00000000,54584,54588,36,0.00086690
1773325805.23756933,0.02585179,6031,0.00009891,0.00000000,0,0.00000000,54588,54596,22,0.00256537
1773325805.33745217,0.03343345,6060,0.00015973,0.00000000,0,0.00000000,54596,54602,28,0.00162829
1773325805.43746448,0.02272675,6070,0.00014008,0.00000000,0,0.00000000,54602,54609,38,0.00188046
1773325805.53745127,0.01984868,6068,0.00008474,0.00000000,0,0.00000000,54609,54612,23,0.00194079
1773325805.63747644,0.01758863,6107,0.00029884,0.00000000,0,0.00000000,54612,54620,29,0.00206518
1773325805.73749661,0.01971009,6076,0.00050700,0.00000000,0,0.00000000,54620,54610,35,0.00165109
1773325805.83750939,0.01556436,6066,0.00008722,0.00000000,0,0.00000000,54610,54620,25,0.00245657
1773325805.93743563,0.01614002,6074,0.00013482,0.00000000,0,0.00000000,54620,54627,25,0.00175886
1773325806.03754926,0.01629190,6078,0.00015039,0.00000000,0,0.00000000,54627,54639,38,0.00188886
1773325806.13760495,0.01906899,6071,0.00029478,0.00000000,0,0.00000000,54639,54633,35,0.00195848
1773325806.23759627,0.02741752,6024,0.00009247,0.00000000,0,0.00000000,54633,54631,27,0.00081816
1773325806.33759499,0.02298882,6029,0.00026049,0.00000000,0,0.00000000,54631,54637,20,0.00083491
1773325806.43765068,0.03338646,6012,0.00007711,0.00000000,0,0.00000000,54637,54644,22,0.00086515
1773325806.53765035,0.02182418,5976,0.00017470,0.00000000,0,0.00000000,54644,54642,26,0.00080858
1773325806.63761067,0.03325522,5930,0.00011756,0.00000000,0,0.00000000,54642,54652,26,0.00283966
1773325806.73743391,0.02276518,5970,0.00007904,0.00000000,0,0.00000000,54652,54659,19,0.00147901
1773325806.83748078,0.02207961,5922,0.00045817,0.00000000,0,0.00000000,54659,54666,34,0.00093775
1773325806.93748498,0.02395753,5918,0.00028966,0.00000000,0,0.00000000,54666,54671,17,0.00260276
1773325807.03752756,0.01987582,5854,0.00007119,0.00000000,0,0.00000000,54671,54670,19,0.00080567
1773325807.13749552,0.02701145,5878,0.00008270,0.00000000,0,0.00000000,54670,54669,19,0.00220078
1773325807.23749948,0.01468854,5836,0.00008914,0.00000000,0,0.00000000,54669,54668,22,0.00083706
1773325807.33763385,0.01867934,5791,0.00007978,0.00000000,0,0.00000000,54668,54671,21,0.00185969
1773325807.43752456,0.01785365,5774,0.00009315,0.00000000,0,0.00000000,54671,54676,25,0.00157990
1773325807.53746963,0.01904041,5852,0.00007757,0.00000000,0,0.00000000,54676,54675,21,0.00108133
1773325807.63810611,0.01539884,5808,0.00009612,0.00000000,0,0.00000000,54675,54683,34,0.00163773
1773325807.73756504,0.01490395,5803,0.00007837,0.00000000,0,0.00000000,54683,54688,18,0.00095963
1773325807.83742046,0.02822577,5812,0.00011617,0.00000000,0,0.00000000,54688,54695,30,0.00083656
1773325807.93825388,0.02154986,5804,0.00009887,0.00000000,0,0.00000000,54695,54690,31,0.00114038
1773325808.03813195,0.02713990,5822,0.00034743,0.00000000,0,0.00000000,54690,54686,18,0.00083996
1773325808.13819051,0.02633342,5854,0.00030350,0.00000000,0,0.00000000,54686,54688,28,0.00078329
1773325808.23820448,0.01816610,5778,0.00013653,0.00000000,0,0.00000000,54688,54671,23,0.00081980
1773325808.33803391,0.02606788,5768,0.00005086,0.00000000,0,0.00000000,54671,54672,21,0.00187409
1773325808.43757534,0.02561365,5866,0.00035830,0.00000000,0,0.00000000,54672,54672,30,0.00205853
1773325808.53759551,0.02652439,5779,0.00023000,0.00000000,0,0.00000000,54672,54667,28,0.00238198
1773325808.63765478,0.01336830,5782,0.00010538,0.00000000,0,0.00000000,54667,54672,30,0.00119568
1773325808.73797512,0.01428000,5807,0.00009095,0.00000000,0,0.00000000,54672,54678,30,0.00188894
1773325808.83751631,0.01753971,5776,0.00007574,0.00000000,0,0.00000000,54678,54688,27,0.00234156
1773325808.93759632,0.01457818,5844,0.00009334,0.00000000,0,0.00000000,54688,54691,28,0.00273788
1773325809.03753090,0.01403059,5797,0.00013542,0.00000000,0,0.00000000,54691,54679,25,0.00217877
1773325809.13751340,0.01340140,5831,0.00006506,0.00000000,0,0.00000000,54679,54684,20,0.00146330
1773325809.23753834,0.02678818,5823,0.00028654,0.00000000,0,0.00000000,54684,54682,23,0.00294889
1773325809.33751059,0.02529543,5894,0.00022848,0.00000000,0,0.00000000,54682,54661,26,0.00091064
1773325809.43748760,0.02349974,5915,0.00039249,0.00000000,0,0.00000000,54661,54672,32,0.00080433
1773325809.53752017,0.02849767,5944,0.00008520,0.00000000,0,0.00000000,54672,54679,26,0.00145669
1773325809.63752770,0.02355869,5865,0.00028857,0.00000000,0,0.00000000,54679,54687,27,0.00163088
1773325809.73729825,0.03082341,5917,0.00010111,0.00000000,0,0.00000000,54687,54695,30,0.00241072
1773325809.83751035,0.02077853,5931,0.00010777,0.00000000,0,0.00000000,54695,54689,25,0.00163929
1773325809.93747401,0.02950409,5867,0.00008527,0.00000000,0,0.00000000,54689,54694,22,0.00226365
1773325810.03751159,0.03381148,5921,0.00019880,0.00000000,0,0.00000000,54694,54683,24,0.00194246
1773325810.13799548,0.01728421,5803,0.00006300,0.00000000,0,0.00000000,54683,54685,23,0.00187813
1773325810.23746920,0.01406905,5895,0.00006194,0.00000000,0,0.00000000,54685,54688,19,0.00177722
1773325810.33796978,0.02187995,5838,0.00007997,0.00000000,0,0.00000000,54688,54694,26,0.00131607
1773325810.43792200,0.01167536,5879,0.00008677,0.00000000,0,0.00000000,54694,54684,29,0.00204496
1773325810.53794527,0.01547375,5888,0.00007260,0.00000000,0,0.00000000,54684,54687,23,0.00190975
1773325810.63763118,0.01027313,5972,0.00005454,0.00000000,0,0.00000000,54687,54688,22,0.00143857
1773325810.73795390,0.00976094,5848,0.00005412,0.00000000,0,0.00000000,54688,54680,20,0.00205100
1773325810.83744311,0.01723782,5964,0.00017073,0.00000000,0,0.00000000,54680,54676,12,0.00091005
1773325810.93796325,0.02279337,5856,0.00028065,0.00000000,0,0.00000000,54676,54661,18,0.00114739
1773325811.03746724,0.01912112,5907,0.00039200,0.00000000,0,0.00000000,54661,54658,21,0.00081457
1773325811.13751936,0.01651714,5904,0.00006718,0.00000000,0,0.00000000,54658,54663,22,0.00071511
1773325811.23798323,0.01854202,5886,0.00021699,0.00000000,0,0.00000000,54663,54661,19,0.00157795
1773325811.33741117,0.02797506,5913,0.00008568,0.00000000,0,0.00000000,54661,54663,17,0.00183200
1773325811.43796253,0.01712698,5910,0.00030518,0.00000000,0,0.00000000,54663,54674,23,0.00104634
1773325811.53793621,0.01994690,5891,0.00021024,0.00000000,0,0.00000000,54674,54678,12,0.00247105
1773325811.63758850,0.01848716,5857,0.00004738,0.00000000,0,0.00000000,54678,54680,13,0.00082789
1773325811.73745322,0.01037620,5929,0.00009491,0.00000000,0,0.00000000,54680,54682,18,0.00080987
1773325811.83800673,0.02704909,5891,0.00035978,0.00000000,0,0.00000000,54682,54684,24,0.00181664
1773325811.93794417,0.01318620,5923,0.00004927,0.00000000,0,0.00000000,54684,54688,14,0.00245104
1773325812.03795886,0.01191862,5812,0.00007194,0.00000000,0,0.00000000,54688,54694,26,0.00142393
1773325812.13797045,0.01111824,5859,0.00006486,0.00000000,0,0.00000000,54694,54702,21,0.00085851
1773325812.23805046,0.02455359,5869,0.00018346,0.00000000,0,0.00000000,54702,54706,14,0.00080540
1773325812.33798647,0.02004213,5905,0.00008898,0.00000000,0,0.00000000,54706,54715,25,0.00077802
1773325812.43796182,0.01732814,5885,0.00023447,0.00000000,0,0.00000000,54715,54716,16,0.00149095
1773325812.53792548,0.01944184,5931,0.00009479,0.00000000,0,0.00000000,54716,54720,19,0.00155019
1773325812.63805270,0.02540328,5834,0.00027580,0.00000000,0,0.00000000,54720,54725,23,0.00193470
1773325812.73809767,0.01787278,5783,0.00013959,0.00000000,0,0.00000000,54725,54700,15,0.00176733
1773325812.83807993,0.01874468,5794,0.00020556,0.00000000,0,0.00000000,54700,54706,17,0.00149053
1773325812.93812418,0.01522779,5785,0.00004854,0.00000000,0,0.00000000,54706,54712,19,0.00269420
1773325813.03812480,0.01876830,5805,0.00015515,0.00000000,0,0.00000000,54712,54714,10,0.00084175
1773325813.13823390,0.01679720,5799,0.00005298,0.00000000,0,0.00000000,54714,54717,15,0.00242952
1773325813.23800659,0.01099434,5825,0.00007853,0.00000000,0,0.00000000,54717,54720,15,0.00088887
1773325813.33755779,0.02141532,5879,0.00011705,0.00000000,0,0.00000000,54720,54726,15,0.00161179
1773325813.43806934,0.01072865,5919,0.00008704,0.00000000,0,0.00000000,54726,54728,23,0.00213108
1773325813.53809571,0.01255205,5917,0.00005980,0.00000000,0,0.00000000,54728,54730,17,0.00214842
1773325813.63749290,0.00961127,5892,0.00005714,0.00000000,0,0.00000000,54730,54734,18,0.00163459
1773325813.73747659,0.01315417,5863,0.00006537,0.00000000,0,0.00000000,54734,54729,19,0.00181792
1773325813.83754563,0.02027702,5763,0.00023673,0.00000000,0,0.00000000,54729,54732,19,0.00154355
1773325813.93759131,0.01667946,5887,0.00007035,0.00000000,0,0.00000000,54732,54732,12,0.00100177
1773325814.03788328,0.02548477,5802,0.00022065,0.00000000,0,0.00000000,54732,54735,14,0.00082690
1773325814.13786316,0.01298829,5879,0.00018688,0.00000000,0,0.00000000,54735,54738,14,0.00191978
1773325814.23804235,0.01868418,5871,0.00016838,0.00000000,0,0.00000000,54738,54738,10,0.00170748
1773325814.33790064,0.02116869,5817,0.00020185,0.00000000,0,0.00000000,54738,54745,14,0.00198800
1773325814.43797588,0.01556109,5820,0.00013701,0.00000000,0,0.00000000,54745,54749,12,0.00120217
1773325814.53744793,0.01505380,5844,0.00021248,0.00000000,0,0.00000000,54749,54740,14,0.00190303
1773325814.63798070,0.02251566,5844,0.00016196,0.00000000,0,0.00000000,54740,54744,14,0.00204991
1773325814.73795533,0.00976335,5805,0.00005080,0.00000000,0,0.00000000,54744,54748,18,0.00289993
1773325814.83790159,0.02150920,5798,0.00017698,0.00000000,0,0.00000000,54748,54752,16,0.00183642
1773325814.93798590,0.00997435,5723,0.00003728,0.00000000,0,0.00000000,54752,54753,10,0.00178511
1773325815.03795362,0.00971964,5689,0.00005765,0.00000000,0,0.00000000,54753,54760,17,0.00162836
1773325815.13785481,0.00965870,5689,0.00004213,0.00000000,0,0.00000000,54760,54763,16,0.00164259
1773325815.23792696,0.01629301,5717,0.00021698,0.00000000,0,0.00000000,54763,54761,16,0.00256760
1773325815.33799100,0.01267822,5657,0.00002714,0.00000000,0,0.00000000,54761,54763,8,0.00161669
1773325815.43746400,0.01863337,5748,0.00021104,0.00000000,0,0.00000000,54763,54768,14,0.00120807
1773325815.53792500,0.01277284,5609,0.00023239,0.00000000,0,0.00000000,54768,54742,8,0.00090484
1773325815.63793969,0.01705906,5553,0.00014845,0.00000000,0,0.00000000,54742,54745,10,0.00287346
1773325815.73745155,0.01109516,5445,0.00004014,0.00000000,0,0.00000000,54745,54745,12,0.00232121
1773325815.83802795,0.01309457,5421,0.00017902,0.00000000,0,0.00000000,54745,54750,11,0.00145418
1773325815.93750191,0.00983133,5415,0.00004316,0.00000000,0,0.00000000,54750,54746,6,0.00158375
1773325816.03809214,0.00994098,5375,0.00012525,0.00000000,0,0.00000000,54746,54746,12,0.00265304
1773325816.13740134,0.01174021,5415,0.00012241,0.00000000,0,0.00000000,54746,54741,9,0.00165388
1773325816.23789930,0.00957644,5459,0.00001960,0.00000000,0,0.00000000,54741,54742,10,0.00144781
1773325816.33803630,0.00986766,5366,0.00009768,0.00000000,0,0.00000000,54742,54744,10,0.00198755
1773325816.43799138,0.00525481,5399,0.00002023,0.00000000,0,0.00000000,54744,54747,8,0.00206172
1773325816.53796434,0.00670467,5340,0.00001774,0.00000000,0,0.00000000,54747,54747,6,0.00088133
1773325816.63806415,0.00616068,5382,0.00004957,0.00000000,0,0.00000000,54747,54754,13,0.00227182
1773325816.73802543,0.00833318,5349,0.00012489,0.00000000,0,0.00000000,54754,54758,8,0.00201937
1773325816.83805275,0.01162975,5387,0.00012409,0.00000000,0,0.00000000,54758,54761,10,0.00084399
1773325816.93791151,0.00726035,5368,0.00004252,0.00000000,0,0.00000000,54761,54762,14,0.00093009
1773325817.03802204,0.01289478,5138,0.00009056,0.00000000,0,0.00000000,54762,54766,7,0.00083184
1773325817.13706827,0.01090043,5174,0.00006267,0.00000000,0,0.00000000,54766,54775,18,0.00186530
1773325817.23788738,0.01495649,5002,0.00024395,0.00000000,0,0.00000000,54775,54779,19,0.00190348
1773325817.33792186,0.01154172,5034,0.00012774,0.00000000,0,0.00000000,54779,54777,6,0.00191319
1773325817.43794537,0.01771138,5050,0.00022110,0.00000000,0,0.00000000,54777,54764,14,0.00185577
1773325817.53805280,0.01670265,5083,0.00025664,0.00000000,0,0.00000000,54764,54765,12,0.00169832
1773325817.63804555,0.01131959,4970,0.00009263,0.00000000,0,0.00000000,54765,54769,18,0.00269532
1773325817.73790431,0.01373455,4672,0.00030294,0.00000000,0,0.00000000,54769,54780,24,0.00181159
1773325817.83746243,0.00929039,4414,0.00016190,0.00000000,0,0.00000000,54780,54802,39,0.00253114
1773325817.93804216,0.01018436,4223,0.00017929,0.00000000,0,0.00000000,54802,54804,40,0.00304550
1773325818.03751612,0.01362915,4276,0.00027424,0.00000000,0,0.00000000,54804,54823,57,0.00229319
1773325818.13786840,0.01105783,4341,0.00021273,0.00000000,0,0.00000000,54823,54821,40,0.00106986
1773325818.23754883,0.01926559,4396,0.00043680,0.00000000,0,0.00000000,54821,54840,41,0.00171333
1773325818.33800292,0.01163686,4383,0.00013596,0.00000000,0,0.00000000,54840,54855,34,0.00078846
1773325818.43786621,0.02417797,4799,0.00061852,0.00000000,0,0.00000000,54855,54872,67,0.00080869
1773325818.53772902,0.02376083,5322,0.00056228,0.00000000,0,0.00000000,54872,54912,92,0.00155213
1773325818.63800979,0.02244026,5373,0.00098120,0.00000000,0,0.00000000,54912,54911,76,0.00075392
1773325818.73782635,0.02256020,5539,0.00048123,0.00000000,0,0.00000000,54911,54916,66,0.00151478
1773325818.83785605,0.01522801,5569,0.00029019,0.00000000,0,0.00000000,54916,54906,59,0.00163244
1773325818.93785524,0.02110985,5577,0.00030125,0.00000000,0,0.00000000,54906,54913,58,0.00174358
1773325819.03785968,0.01889157,5526,0.00046573,0.00000000,0,0.00000000,54913,54911,30,0.00137504
1773325819.13776660,0.02445531,5642,0.00023824,0.00000000,0,0.00000000,54911,54911,49,0.00199686
1773325819.23877215,0.01300250,5638,0.00024983,0.00000000,0,0.00000000,54911,54888,39,0.00116996
1773325819.33794665,0.01944173,5665,0.00053078,0.00000000,0,0.00000000,54888,54885,47,0.00331537
1773325819.43875480,0.01443372,5650,0.00014948,0.00000000,0,0.00000000,54885,54894,39,0.00251355
1773325819.53882051,0.01483200,5711,0.00030881,0.00000000,0,0.00000000,54894,54915,44,0.00112124
1773325819.63786221,0.01499069,5728,0.00017960,0.00000000,0,0.00000000,54915,54925,41,0.00083638
1773325819.73878574,0.01875651,5707,0.00054682,0.00000000,0,0.00000000,54925,54934,48,0.00246862
1773325819.83782959,0.02630474,5704,0.00060735,0.00000000,0,0.00000000,54934,54946,43,0.00082110
1773325819.93880153,0.01943241,5643,0.00051559,0.00000000,0,0.00000000,54946,54961,37,0.00158407
1773325820.03875995,0.03129174,5633,0.00019648,0.00000000,0,0.00000000,54961,54954,34,0.00160675
1773325820.13778877,0.02056960,5717,0.00015620,0.00000000,0,0.00000000,54954,54960,29,0.00076496
1773325820.23796320,0.03211091,5668,0.00020617,0.00000000,0,0.00000000,54960,54976,28,0.00193029
1773325820.33796835,0.02217833,5638,0.00013576,0.00000000,0,0.00000000,54976,54984,31,0.00160658
1773325820.43796611,0.02955740,5693,0.00039791,0.00000000,0,0.00000000,54984,54995,29,0.00177928
1773325820.53791714,0.02901980,5658,0.00026440,0.00000000,0,0.00000000,54995,54981,41,0.00167437
1773325820.63782048,0.01628802,5701,0.00018658,0.00000000,0,0.00000000,54981,54977,25,0.00257550
1773325820.73787475,0.01527565,5769,0.00010739,0.00000000,0,0.00000000,54977,54986,30,0.00204551
1773325820.83875442,0.02325790,5805,0.00014162,0.00000000,0,0.00000000,54986,54990,32,0.00153250
1773325820.93888164,0.01646190,5833,0.00026924,0.00000000,0,0.00000000,54990,54948,38,0.00308883
1773325821.03875804,0.01761387,5820,0.00047039,0.00000000,0,0.00000000,54948,54936,32,0.00095940
1773325821.13779259,0.01544337,5835,0.00023204,0.00000000,0,0.00000000,54936,54899,33,0.00089586
1773325821.23876238,0.03217619,5787,0.00046860,0.00000000,0,0.00000000,54899,54905,34,0.00186896
1773325821.33781433,0.02368097,5807,0.00012693,0.00000000,0,0.00000000,54905,54925,38,0.00106672
1773325821.43880177,0.02265063,5760,0.00050596,0.00000000,0,0.00000000,54925,54904,32,0.00088395
1773325821.53772593,0.02741463,5813,0.00012925,0.00000000,0,0.00000000,54904,54914,30,0.00093049
1773325821.63795018,0.02839886,5842,0.00071927,0.00000000,0,0.00000000,54914,54916,30,0.00167672
1773325821.73871565,0.03011877,5915,0.00026199,0.00000000,0,0.00000000,54916,54925,50,0.00165687
1773325821.83798504,0.02856407,5911,0.00051768,0.00000000,0,0.00000000,54925,54944,38,0.00088618
1773325821.93793845,0.02485715,5895,0.00043887,0.00000000,0,0.00000000,54944,54947,38,0.00264847
1773325822.03882265,0.02783560,5897,0.00031868,0.00000000,0,0.00000000,54947,54941,23,0.00297893
1773325822.13796592,0.01729524,5903,0.00019894,0.00000000,0,0.00000000,54941,54935,31,0.00185185
1773325822.23880196,0.01558563,5918,0.00021620,0.00000000,0,0.00000000,54935,54930,30,0.00187875
1773325822.33876729,0.02223598,6046,0.00012686,0.00000000,0,0.00000000,54930,54925,34,0.00181661
1773325822.43875456,0.01504611,6044,0.00013162,0.00000000,0,0.00000000,54925,54926,32,0.00163996
1773325822.53795671,0.02145339,6068,0.00012417,0.00000000,0,0.00000000,54926,54948,36,0.00117362
1773325822.63877988,0.01571177,6020,0.00009360,0.00000000,0,0.00000000,54948,54940,26,0.00076662
1773325822.73793936,0.02754623,6059,0.00083842,0.00000000,0,0.00000000,54940,54901,31,0.00261954
1773325822.83793283,0.02321091,6039,0.00015268,0.00000000,0,0.00000000,54901,54892,35,0.00161504
1773325822.93795013,0.02211508,6109,0.00044846,0.00000000,0,0.00000000,54892,54900,28,0.00077890
1773325823.03877974,0.02845788,6063,0.00054183,0.00000000,0,0.00000000,54900,54902,35,0.00082922
1773325823.13784313,0.02291211,6051,0.00013529,0.00000000,0,0.00000000,54902,54896,32,0.00117972
1773325823.23791480,0.01432137,6082,0.00044903,0.00000000,0,0.00000000,54896,54885,27,0.00249359
1773325823.33810210,0.02590401,6075,0.00046207,0.00000000,0,0.00000000,54885,54884,37,0.00283670
1773325823.43791723,0.02179354,6094,0.00058759,0.00000000,0,0.00000000,54884,54896,41,0.00162743
1773325823.53785706,0.02512021,6061,0.00016093,0.00000000,0,0.00000000,54896,54898,25,0.00202938
1773325823.63791752,0.01230421,6075,0.00012556,0.00000000,0,0.00000000,54898,54909,40,0.00194105
1773325823.73870444,0.01419848,6114,0.00014559,0.00000000,0,0.00000000,54909,54923,36,0.00133538
1773325823.83879709,0.02493326,6071,0.00014587,0.00000000,0,0.00000000,54923,54930,35,0.00210305
1773325823.93881440,0.01691357,6107,0.00012832,0.00000000,0,0.00000000,54930,54933,35,0.00115907
1773325824.03780007,0.01861634,6093,0.00015175,0.00000000,0,0.00000000,54933,54943,32,0.00245474
1773325824.13781285,0.01258559,6135,0.00007421,0.00000000,0,0.00000000,54943,54953,23,0.00085036
1773325824.23784471,0.01982654,6129,0.00008456,0.00000000,0,0.00000000,54953,54958,27,0.00211578
1773325824.33872771,0.02589045,6152,0.00039281,0.00000000,0,0.00000000,54958,54971,32,0.00079743
1773325824.43882132,0.01981678,6160,0.00013042,0.00000000,0,0.00000000,54971,54982,28,0.00131151
1773325824.53881216,0.02623426,6154,0.00055579,0.00000000,0,0.00000000,54982,54977,37,0.00085625
1773325824.63875103,0.02721903,6140,0.00015276,0.00000000,0,0.00000000,54977,54987,33,0.00168086
1773325824.73776221,0.02555915,6192,0.00045396,0.00000000,0,0.00000000,54987,54995,34,0.00117630
1773325824.83865190,0.03242870,6137,0.00016108,0.00000000,0,0.00000000,54995,54999,39,0.00175319
1773325824.93784642,0.02103344,6178,0.00010749,0.00000000,0,0.00000000,54999,55004,30,0.00089623
1773325825.03865600,0.02865714,6069,0.00043165,0.00000000,0,0.00000000,55004,55005,33,0.00193587
1773325825.13727307,0.01934007,6197,0.00015507,0.00000000,0,0.00000000,55005,55021,32,0.00157433
1773325825.23780370,0.01493307,6108,0.00012212,0.00000000,0,0.00000000,55021,55034,39,0.00212047
1773325825.33784056,0.03391958,6123,0.00015998,0.00000000,0,0.00000000,55034,55042,36,0.00185921
1773325825.43776989,0.01907054,6123,0.00020773,0.00000000,0,0.00000000,55042,55037,41,0.00213393
1773325825.53783298,0.01944789,6118,0.00013834,0.00000000,0,0.00000000,55037,55020,23,0.00089282
1773325825.63875747,0.01703442,6173,0.00014717,0.00000000,0,0.00000000,55020,55015,36,0.00082291
1773325825.73871565,0.02656986,6157,0.00034646,0.00000000,0,0.00000000,55015,55012,29,0.00193427
1773325825.83880472,0.02354144,6189,0.00045577,0.00000000,0,0.00000000,55012,55008,28,0.00096199
1773325825.93786168,0.02646345,6205,0.00036473,0.00000000,0,0.00000000,55008,55003,29,0.00149926
1773325826.03772163,0.02524238,6256,0.00012042,0.00000000,0,0.00000000,55003,55006,29,0.00136124
1773325826.13877869,0.01997679,6259,0.00045112,0.00000000,0,0.00000000,55006,55002,35,0.00077569
1773325826.23891115,0.03090536,6262,0.00017440,0.00000000,0,0.00000000,55002,55010,45,0.00168231
1773325826.33868194,0.03015008,6282,0.00067441,0.00000000,0,0.00000000,55010,55001,43,0.00091300
1773325826.43887067,0.02296826,6238,0.00011007,0.00000000,0,0.00000000,55001,55012,31,0.00279010
1773325826.53780746,0.02415018,6270,0.00042559,0.00000000,0,0.00000000,55012,55016,34,0.00122458
1773325826.63777709,0.02817125,6297,0.00013428,0.00000000,0,0.00000000,55016,55025,37,0.00227587
1773325826.73778868,0.01833411,6305,0.00012828,0.00000000,0,0.00000000,55025,55018,27,0.00148470
1773325826.83864427,0.02185832,6291,0.00042546,0.00000000,0,0.00000000,55018,54988,25,0.00275524
1773325826.93781710,0.01290840,6297,0.00011944,0.00000000,0,0.00000000,54988,55000,32,0.00267903
1773325827.03867888,0.02082372,6297,0.00019851,0.00000000,0,0.00000000,55000,55009,35,0.00173668
1773325827.13884568,0.01604575,6279,0.00010830,0.00000000,0,0.00000000,55009,55022,26,0.00075087
1773325827.23782110,0.02941424,6339,0.00035700,0.00000000,0,0.00000000,55022,55022,30,0.00088093
1773325827.33779764,0.02091800,6324,0.00043008,0.00000000,0,0.00000000,55022,55021,30,0.00085132
1773325827.43866897,0.02796366,6366,0.00013159,0.00000000,0,0.00000000,55021,55028,32,0.00081174
1773325827.53882337,0.02346840,6290,0.00048833,0.00000000,0,0.00000000,55028,55043,36,0.00087469
1773325827.63776994,0.02310928,6340,0.00018349,0.00000000,0,0.00000000,55043,55055,31,0.00106683
1773325827.73865294,0.02639633,6274,0.00072657,0.00000000,0,0.00000000,55055,55023,45,0.00192701
1773325827.83687067,0.02547306,6413,0.00019481,0.00000000,0,0.00000000,55023,55028,42,0.00217065
1773325827.93878865,0.03354007,6347,0.00058818,0.00000000,0,0.00000000,55028,55038,44,0.00157502
1773325828.03861237,0.03061025,6324,0.00016124,0.00000000,0,0.00000000,55038,55043,37,0.00203282
1773325828.13861942,0.01640693,6362,0.00011806,0.00000000,0,0.00000000,55043,55031,28,0.00126640
1773325828.23877597,0.02345251,6312,0.00050493,0.00000000,0,0.00000000,55031,55036,31,0.00185845
1773325828.33766961,0.02463577,6370,0.00012830,0.00000000,0,0.00000000,55036,55041,33,0.00110448
1773325828.43863511,0.01806313,6335,0.00016549,0.00000000,0,0.00000000,55041,55046,38,0.00322247
1773325828.53898644,0.02122685,6336,0.00043942,0.00000000,0,0.00000000,55046,55022,30,0.00263037
1773325828.63870096,0.01780836,6363,0.00006778,0.00000000,0,0.00000000,55022,55021,18,0.00104428
1773325828.73871112,0.02664505,6341,0.00015027,0.00000000,0,0.00000000,55021,55037,30,0.00232860
1773325828.83868146,0.02555402,6359,0.00043848,0.00000000,0,0.00000000,55037,55043,40,0.00159429
1773325828.93867421,0.03147305,6342,0.00017259,0.00000000,0,0.00000000,55043,55047,29,0.00136170
1773325829.03871083,0.02274164,6317,0.00055408,0.00000000,0,0.00000000,55047,55017,33,0.00156047
1773325829.13864422,0.02968822,6321,0.00007727,0.00000000,0,0.00000000,55017,55029,22,0.00148480
1773325829.23870420,0.02202874,6308,0.00009331,0.00000000,0,0.00000000,55029,55024,24,0.00178051
1773325829.33866954,0.02456976,6292,0.00019587,0.00000000,0,0.00000000,55024,55018,33,0.00120313
1773325829.43771935,0.02593319,6358,0.00054807,0.00000000,0,0.00000000,55018,55033,36,0.00259136
1773325829.53872800,0.03238078,6267,0.00053140,0.00000000,0,0.00000000,55033,55043,39,0.00099928
1773325829.63773370,0.01689641,6323,0.00026495,0.00000000,0,0.00000000,55043,55028,45,0.00221370
1773325829.73858571,0.01534038,6289,0.00030037,0.00000000,0,0.00000000,55028,55036,46,0.00272176
1773325829.83863664,0.03089191,6285,0.00047378,0.00000000,0,0.00000000,55036,55046,37,0.00230673
1773325829.93868542,0.01658198,6293,0.00015459,0.00000000,0,0.00000000,55046,55059,39,0.00214143
1773325830.03870797,0.02143209,6303,0.00021066,0.00000000,0,0.00000000,55059,55041,40,0.00162888
1773325830.13868952,0.01727693,6309,0.00025168,0.00000000,0,0.00000000,55041,54983,41,0.00143021
1773325830.23867702,0.02632891,6305,0.00035528,0.00000000,0,0.00000000,54983,54990,34,0.00101954
1773325830.33866549,0.01919687,6293,0.00044511,0.00000000,0,0.00000000,54990,54985,33,0.00076437
1773325830.43863392,0.02715670,6327,0.00045653,0.00000000,0,0.00000000,54985,54988,36,0.00083707
1773325830.53864408,0.02436557,6316,0.00050908,0.00000000,0,0.00000000,54988,54981,34,0.00093764
1773325830.63863969,0.03027702,6308,0.00017572,0.00000000,0,0.00000000,54981,54995,36,0.00097697
1773325830.73861384,0.02377980,6269,0.00012810,0.00000000,0,0.00000000,54995,54995,34,0.00193629
1773325830.83860111,0.03149566,6284,0.00057271,0.00000000,0,0.00000000,54995,55012,45,0.00252112
1773325830.93859100,0.02567526,6297,0.00053913,0.00000000,0,0.00000000,55012,55013,37,0.00257374
1773325831.03852463,0.02765237,6292,0.00049076,0.00000000,0,0.00000000,55013,55011,37,0.00180368
1773325831.13775826,0.01855381,6305,0.00020606,0.00000000,0,0.00000000,55011,55005,48,0.00229669
1773325831.23868775,0.01442711,6347,0.00023135,0.00000000,0,0.00000000,55005,55011,53,0.00084983
1773325831.33775306,0.02328580,6305,0.00057242,0.00000000,0,0.00000000,55011,55027,47,0.00176095
1773325831.43859816,0.01407629,6339,0.00021095,0.00000000,0,0.00000000,55027,55052,55,0.00268194
1773325831.53856373,0.01753836,6304,0.00028784,0.00000000,0,0.00000000,55052,55056,61,0.00198036
1773325831.63864970,0.01467409,6313,0.00014443,0.00000000,0,0.00000000,55056,55063,43,0.00156474
1773325831.73865747,0.01459784,6315,0.00022072,0.00000000,0,0.00000000,55063,55045,48,0.00079694
1773325831.83861041,0.03112060,6347,0.00041257,0.00000000,0,0.00000000,55045,54991,41,0.00079547
1773325831.93859887,0.02695557,6333,0.00030314,0.00000000,0,0.00000000,54991,55014,48,0.00092182
1773325832.03866959,0.02345382,6341,0.00043890,0.00000000,0,0.00000000,55014,55013,36,0.00081044
1773325832.13867474,0.02911838,6302,0.00015873,0.00000000,0,0.00000000,55013,55035,47,0.00091243
1773325832.23854780,0.02377113,6293,0.00045414,0.00000000,0,0.00000000,55035,55045,40,0.00189422
1773325832.33854055,0.02756914,6318,0.00069339,0.00000000,0,0.00000000,55045,55030,47,0.00183995
1773325832.43852687,0.02116943,6298,0.00020033,0.00000000,0,0.00000000,55030,55012,48,0.00124051
1773325832.53861523,0.02431680,6276,0.00018139,0.00000000,0,0.00000000,55012,55024,46,0.00274357
1773325832.63858366,0.03383058,6330,0.00025741,0.00000000,0,0.00000000,55024,55033,60,0.00225440
1773325832.73858070,0.01954160,6299,0.00028521,0.00000000,0,0.00000000,55033,55037,42,0.00089800
1773325832.83853602,0.02038844,6287,0.00020729,0.00000000,0,0.00000000,55037,55044,43,0.00275513
1773325832.93850589,0.01903696,6324,0.00022382,0.00000000,0,0.00000000,55044,55044,50,0.00157332
1773325833.03854871,0.01908545,6302,0.00034133,0.00000000,0,0.00000000,55044,55044,45,0.00227973
1773325833.13857603,0.01703332,6350,0.00015430,0.00000000,0,0.00000000,55044,55056,41,0.00103804
1773325833.23862100,0.01908946,6302,0.00041986,0.00000000,0,0.00000000,55056,55060,54,0.00090429
1773325833.33856511,0.03314040,6279,0.00018160,0.00000000,0,0.00000000,55060,55061,32,0.00094251
1773325833.43849969,0.02569521,6355,0.00051451,0.00000000,0,0.00000000,55061,55069,41,0.00082919
1773325833.53850293,0.03024884,6347,0.00050500,0.00000000,0,0.00000000,55069,55074,37,0.00084096
1773325833.63853145,0.02233242,6375,0.00016395,0.00000000,0,0.00000000,55074,55078,39,0.00083011
1773325833.73849463,0.01970002,6336,0.00054216,0.00000000,0,0.00000000,55078,55090,39,0.00090255
1773325833.83859992,0.02845842,6365,0.00017167,0.00000000,0,0.00000000,55090,55074,36,0.00273726
1773325833.93853998,0.02115981,6343,0.00045434,0.00000000,0,0.00000000,55074,55089,33,0.00085408
1773325834.03858519,0.02487609,6332,0.00059514,0.00000000,0,0.00000000,55089,55066,47,0.00208384
1773325834.13869047,0.02156847,6307,0.00009579,0.00000000,0,0.00000000,55066,55070,31,0.00230532
1773325834.23853111,0.01375302,6324,0.00024853,0.00000000,0,0.00000000,55070,55044,35,0.00256397
1773325834.33853102,0.01351883,6316,0.00050898,0.00000000,0,0.00000000,55044,55045,37,0.00255782
1773325834.43856955,0.01841990,6305,0.00019958,0.00000000,0,0.00000000,55045,55039,26,0.00187860
1773325834.54030275,0.01953667,6334,0.00013114,0.00000000,0,0.00000000,55039,55049,32,0.00089681
1773325834.63859367,0.01576933,6321,0.00019534,0.00000000,0,0.00000000,55049,55058,40,0.00077221
1773325834.73860884,0.01614403,6336,0.00026272,0.00000000,0,0.00000000,55058,55054,39,0.00081057
1773325834.83858371,0.02483781,6259,0.00065545,0.00000000,0,0.00000000,55054,55032,34,0.00153531
1773325834.93706512,0.02158252,6352,0.00017041,0.00000000,0,0.00000000,55032,55020,39,0.00114179
1773325835.03763270,0.03050958,6353,0.00039556,0.00000000,0,0.00000000,55020,55017,37,0.00110810
1773325835.13867259,0.02090537,6274,0.00019903,0.00000000,0,0.00000000,55017,55014,38,0.00110598
1773325835.23852587,0.02170777,6312,0.00034747,0.00000000,0,0.00000000,55014,55020,25,0.00100107
1773325835.33845949,0.02209513,6320,0.00012915,0.00000000,0,0.00000000,55020,55025,29,0.00172461
1773325835.43845987,0.01653046,6324,0.00050781,0.00000000,0,0.00000000,55025,55026,38,0.00077240
1773325835.53762650,0.02956139,6377,0.00019894,0.00000000,0,0.00000000,55026,55033,36,0.00178916
1773325835.63867092,0.01717896,6329,0.00016202,0.00000000,0,0.00000000,55033,55034,34,0.00082286
1773325835.73761654,0.01457921,6373,0.00015782,0.00000000,0,0.00000000,55034,55039,44,0.00291194
1773325835.83760881,0.02753104,6365,0.00022003,0.00000000,0,0.00000000,55039,55029,34,0.00170465
1773325835.93847895,0.01914547,6359,0.00025481,0.00000000,0,0.00000000,55029,55029,40,0.00297689
1773325836.03842473,0.01751153,6349,0.00017330,0.00000000,0,0.00000000,55029,55044,36,0.00339152
1773325836.13762546,0.01511085,6324,0.00014567,0.00000000,0,0.00000000,55044,55054,38,0.00167356
1773325836.23847961,0.02991350,6333,0.00016595,0.00000000,0,0.00000000,55054,55067,38,0.00242546
1773325836.33771467,0.02961124,6302,0.00062166,0.00000000,0,0.00000000,55067,55051,35,0.00147695
1773325836.43847704,0.03081025,6282,0.00029050,0.00000000,0,0.00000000,55051,55063,51,0.00103031
1773325836.53846359,0.03356150,6271,0.00073775,0.00000000,0,0.00000000,55063,55085,57,0.00095726
1773325836.63844776,0.03931385,6270,0.00023491,0.00000000,0,0.00000000,55085,55085,38,0.00208549
1773325836.73843551,0.04240937,6234,0.00063617,0.00000000,0,0.00000000,55085,55064,49,0.00220731
1773325836.83846092,0.02629099,6267,0.00029518,0.00000000,0,0.00000000,55064,55085,48,0.00235010
1773325836.93859982,0.03980853,6234,0.00023528,0.00000000,0,0.00000000,55085,55078,47,0.00276596
1773325837.03847098,0.04129588,6244,0.00022569,0.00000000,0,0.00000000,55078,55096,51,0.00095534
1773325837.13846755,0.02086431,6244,0.00026738,0.00000000,0,0.00000000,55096,55081,53,0.00182095
1773325837.23857880,0.03145605,6250,0.00071607,0.00000000,0,0.00000000,55081,55109,55,0.00251922
1773325837.33851385,0.02033657,6251,0.00020300,0.00000000,0,0.00000000,55109,55119,56,0.00086087
1773325837.43862200,0.01697123,6294,0.00027786,0.00000000,0,0.00000000,55119,55120,55,0.00266785
1773325837.53854036,0.02296625,6259,0.00022665,0.00000000,0,0.00000000,55120,55146,44,0.00310438
1773325837.63860297,0.01821601,6205,0.00012216,0.00000000,0,0.00000000,55146,55162,42,0.00084159
1773325837.73758864,0.03084938,6219,0.00050874,0.00000000,0,0.00000000,55162,55173,44,0.00162562
1773325837.83847523,0.02765040,6246,0.00025343,0.00000000,0,0.00000000,55173,55180,47,0.00078677
1773325837.93848181,0.02396181,6192,0.00025592,0.00000000,0,0.00000000,55180,55195,46,0.00109579
1773325838.03844857,0.03752586,6220,0.00068678,0.00000000,0,0.00000000,55195,55145,34,0.00078711
1773325838.13757038,0.02846713,6232,0.00044987,0.00000000,0,0.00000000,55145,55158,38,0.00158425
1773325838.23760319,0.02528668,6211,0.00058731,0.00000000,0,0.00000000,55158,55152,39,0.00294291
1773325838.33847666,0.03596000,6162,0.00071835,0.00000000,0,0.00000000,55152,55166,45,0.00166525
1773325838.43757772,0.02702421,6196,0.00031959,0.00000000,0,0.00000000,55166,55159,32,0.00091293
1773325838.53759599,0.02394653,6193,0.00015538,0.00000000,0,0.00000000,55159,55158,35,0.00268553
1773325838.63839483,0.03146536,6220,0.00071850,0.00000000,0,0.00000000,55158,55152,46,0.00255831
1773325838.73846984,0.01534579,6175,0.00017642,0.00000000,0,0.00000000,55152,55165,46,0.00087378
1773325838.83841252,0.01631317,6217,0.00016639,0.00000000,0,0.00000000,55165,55176,37,0.00267060
1773325838.93839908,0.01499530,6159,0.00012668,0.00000000,0,0.00000000,55176,55174,31,0.00208805
1773325839.03846383,0.01880101,6199,0.00011475,0.00000000,0,0.00000000,55174,55172,37,0.00206290
1773325839.13839984,0.01829249,6205,0.00010623,0.00000000,0,0.00000000,55172,55176,22,0.00169914
1773325839.23840976,0.01280828,6225,0.00013769,0.00000000,0,0.00000000,55176,55187,43,0.00132505
1773325839.33844829,0.02365798,6212,0.00038663,0.00000000,0,0.00000000,55187,55176,28,0.00087080
1773325839.43850398,0.01816828,6243,0.00007232,0.00000000,0,0.00000000,55176,55181,16,0.00112088
1773325839.53851128,0.02898900,6168,0.00033296,0.00000000,0,0.00000000,55181,55184,22,0.00088851
1773325839.63751554,0.01983958,6226,0.00023705,0.00000000,0,0.00000000,55184,55164,31,0.00074787
1773325839.73844218,0.02967704,6203,0.00054578,0.00000000,0,0.00000000,55164,55177,34,0.00264806
1773325839.83839703,0.01947007,6238,0.00013120,0.00000000,0,0.00000000,55177,55190,34,0.00211100
1773325839.93845296,0.02253100,6188,0.00051960,0.00000000,0,0.00000000,55190,55193,36,0.00077876
1773325840.03836632,0.01741193,6206,0.00050271,0.00000000,0,0.00000000,55193,55205,36,0.00256379
1773325840.13841367,0.02860024,6185,0.00015209,0.00000000,0,0.00000000,55205,55217,35,0.00215265
1773325840.23838425,0.01270654,6229,0.00011809,0.00000000,0,0.00000000,55217,55211,27,0.00234582
1773325840.33841968,0.02538226,6164,0.00036008,0.00000000,0,0.00000000,55211,55221,30,0.00103267
1773325840.43846416,0.01246090,6177,0.00010644,0.00000000,0,0.00000000,55221,55235,26,0.00178785
1773325840.53850317,0.01127019,6192,0.00011955,0.00000000,0,0.00000000,55235,54838,30,0.00185093
1773325840.63850331,0.01329034,6144,0.00017265,0.00000000,0,0.00000000,54838,54865,45,0.00083551
1773325840.73841739,0.02552212,6208,0.00031957,0.00000000,0,0.00000000,54865,54877,36,0.00086301
1773325840.83842540,0.02068810,6191,0.00012105,0.00000000,0,0.00000000,54877,54882,32,0.00077087
1773325840.93843198,0.01780740,6223,0.00019269,0.00000000,0,0.00000000,54882,54890,43,0.00089022
1773325841.03848076,0.02842149,6233,0.00019945,0.00000000,0,0.00000000,54890,54905,35,0.00086998
1773325841.13842392,0.01614199,6277,0.00048820,0.00000000,0,0.00000000,54905,54898,41,0.00095622
1773325841.23852396,0.02581546,6235,0.00057769,0.00000000,0,0.00000000,54898,54898,38,0.00283846
1773325841.33847213,0.02592668,6301,0.00066785,0.00000000,0,0.00000000,54898,54910,49,0.00260640
1773325841.43848014,0.02057516,6258,0.00057622,0.00000000,0,0.00000000,54910,54908,34,0.00090936
1773325841.53844905,0.02472231,6249,0.00048610,0.00000000,0,0.00000000,54908,54902,35,0.00181940
1773325841.63853312,0.01990257,6215,0.00009070,0.00000000,0,0.00000000,54902,54912,22,0.00135788
1773325841.73840618,0.01276905,6215,0.00014784,0.00000000,0,0.00000000,54912,54927,35,0.00363849
1773325841.83749938,0.02073827,6227,0.00042152,0.00000000,0,0.00000000,54927,54934,32,0.00225501
1773325841.93835115,0.01280747,6230,0.00014937,0.00000000,0,0.00000000,54934,54941,37,0.00115158
1773325842.03832459,0.01283179,6204,0.00015434,0.00000000,0,0.00000000,54941,54954,32,0.00096960
1773325842.13835216,0.01256459,6185,0.00012664,0.00000000,0,0.00000000,54954,54959,28,0.00094480
1773325842.23830152,0.01294702,6259,0.00019736,0.00000000,0,0.00000000,54959,54968,36,0.00079488
1773325842.33842301,0.02354481,6210,0.00015029,0.00000000,0,0.00000000,54968,54980,35,0.00080832
1773325842.43842506,0.01644754,6249,0.00060788,0.00000000,0,0.00000000,54980,54984,36,0.00082374
1773325842.53846884,0.02188909,6203,0.00017388,0.00000000,0,0.00000000,54984,54978,40,0.00082501
1773325842.63751674,0.02241493,6265,0.00038162,0.00000000,0,0.00000000,54978,54987,31,0.00084356
1773325842.73750687,0.02272738,6224,0.00024433,0.00000000,0,0.00000000,54987,54973,29,0.00192735
1773325842.83832622,0.02032551,6249,0.00079653,0.00000000,0,0.00000000,54973,54959,45,0.00118844
1773325842.93830538,0.02837403,6218,0.00014789,0.00000000,0,0.00000000,54959,54969,28,0.00180930
1773325843.03749180,0.03183870,6264,0.00014607,0.00000000,0,0.00000000,54969,54974,27,0.00155059
1773325843.13752723,0.01791325,6299,0.00026505,0.00000000,0,0.00000000,54974,54980,40,0.00275282
1773325843.23842311,0.01568723,6287,0.00054397,0.00000000,0,0.00000000,54980,54974,44,0.00152204
1773325843.33842683,0.02482194,6282,0.00041302,0.00000000,0,0.00000000,54974,54982,38,0.00277657
1773325843.43833327,0.01156802,6290,0.00010454,0.00000000,0,0.00000000,54982,54802,31,0.00297038
1773325843.53755498,0.01825377,6296,0.00010556,0.00000000,0,0.00000000,54802,54810,25,0.00234247
1773325843.63837600,0.01579472,6301,0.00021309,0.00000000,0,0.00000000,54810,54809,42,0.00253590
1773325843.73826337,0.01559095,6326,0.00017228,0.00000000,0,0.00000000,54809,54810,40,0.00164554
1773325843.83847427,0.02955926,6310,0.00047931,0.00000000,0,0.00000000,54810,54811,33,0.00077348
1773325843.93845224,0.01764047,6293,0.00018865,0.00000000,0,0.00000000,54811,54798,36,0.00117592
1773325844.03844404,0.01601099,6321,0.00013086,0.00000000,0,0.00000000,54798,54807,29,0.00114328
1773325844.13838696,0.01829035,6322,0.00014246,0.00000000,0,0.00000000,54807,54819,31,0.00118217
1773325844.23832321,0.02459548,6322,0.00037039,0.00000000,0,0.00000000,54819,54821,25,0.00225042
1773325844.33832741,0.01540790,6306,0.00010271,0.00000000,0,0.00000000,54821,54834,37,0.00152808
1773325844.43838048,0.01277970,6318,0.00008297,0.00000000,0,0.00000000,54834,54844,24,0.00178678
1773325844.53848433,0.01233105,6280,0.00012779,0.00000000,0,0.00000000,54844,54843,25,0.00177810
1773325844.63839269,0.01127164,6228,0.00005970,0.00000000,0,0.00000000,54843,54848,18,0.00195355
1773325844.73840404,0.01347529,6199,0.00015348,0.00000000,0,0.00000000,54848,54856,29,0.00180419
1773325844.83835173,0.01291136,6147,0.00008858,0.00000000,0,0.00000000,54856,54871,26,0.00200482
1773325844.93835855,0.01152437,6125,0.00015350,0.00000000,0,0.00000000,54871,54855,33,0.00179991
1773325845.03744841,0.01061192,6165,0.00008020,0.00000000,0,0.00000000,54855,54869,27,0.00207683
1773325845.13844156,0.00978804,6114,0.00009008,0.00000000,0,0.00000000,54869,54876,26,0.00254950
1773325845.23837519,0.00912744,6116,0.00012844,0.00000000,0,0.00000000,54876,54886,37,0.00121597
1773325845.33831000,0.01029064,6138,0.00014307,0.00000000,0,0.00000000,54886,54889,32,0.00087094
1773325845.43841839,0.01103443,6150,0.00011282,0.00000000,0,0.00000000,54889,54891,28,0.00087953
1773325845.53833842,0.01944251,6166,0.00018322,0.00000000,0,0.00000000,54891,54900,21,0.00093366
1773325845.63840961,0.01733154,6196,0.00010953,0.00000000,0,0.00000000,54900,54895,24,0.00079251
1773325845.73833585,0.01336636,6176,0.00018968,0.00000000,0,0.00000000,54895,54895,13,0.00077178
1773325845.83831215,0.02601272,6122,0.00023552,0.00000000,0,0.00000000,54895,54873,33,0.00153373
1773325845.93836784,0.01606091,6147,0.00044888,0.00000000,0,0.00000000,54873,54879,31,0.00082513
1773325846.03838587,0.02326489,6057,0.00042042,0.00000000,0,0.00000000,54879,54884,25,0.00187166
1773325846.13842607,0.01452473,6079,0.00009850,0.00000000,0,0.00000000,54884,54895,33,0.00159580
1773325846.23843050,0.01377620,5996,0.00013969,0.00000000,0,0.00000000,54895,54894,22,0.00235699
1773325846.33837032,0.02210169,6085,0.00047263,0.00000000,0,0.00000000,54894,54885,31,0.00210565
1773325846.43836355,0.01143557,6062,0.00009150,0.00000000,0,0.00000000,54885,54887,24,0.00283088
1773325846.53831100,0.01149249,6146,0.00028043,0.00000000,0,0.00000000,54887,54853,36,0.00265044
1773325846.63831472,0.01164301,6235,0.00017853,0.00000000,0,0.00000000,54853,54857,46,0.00169036
1773325846.73846292,0.01303142,6234,0.00016655,0.00000000,0,0.00000000,54857,54860,28,0.00085005
1773325846.83844304,0.02689330,6261,0.00012514,0.00000000,0,0.00000000,54860,54860,25,0.00084981
1773325846.93843508,0.02118784,6228,0.00013306,0.00000000,0,0.00000000,54860,54870,30,0.00137672
1773325847.03839707,0.03247340,6245,0.00035380,0.00000000,0,0.00000000,54870,54868,29,0.00078156
1773325847.13843584,0.01958534,6251,0.00040707,0.00000000,0,0.00000000,54868,54868,29,0.00081439
1773325847.23840904,0.03187614,6267,0.00051066,0.00000000,0,0.00000000,54868,54862,32,0.00193760
1773325847.33839226,0.02017348,6241,0.00018758,0.00000000,0,0.00000000,54862,54865,37,0.00183742
1773325847.43829608,0.03060201,6267,0.00019831,0.00000000,0,0.00000000,54865,54878,43,0.00115407
1773325847.53829741,0.02619346,6187,0.00011435,0.00000000,0,0.00000000,54878,54895,30,0.00302112
1773325847.63840532,0.01818358,6150,0.00014000,0.00000000,0,0.00000000,54895,54905,38,0.00170759
1773325847.73717308,0.01785901,6187,0.00013252,0.00000000,0,0.00000000,54905,54919,37,0.00195802
1773325847.83831620,0.03113170,6130,0.00014974,0.00000000,0,0.00000000,54919,54930,43,0.00200382
1773325847.93827987,0.01935302,6110,0.00014815,0.00000000,0,0.00000000,54930,54932,34,0.00256677
1773325848.03825712,0.02035309,6149,0.00013530,0.00000000,0,0.00000000,54932,54941,47,0.00184623
1773325848.13837361,0.01566835,6149,0.00011517,0.00000000,0,0.00000000,54941,54952,39,0.00096591
1773325848.23843813,0.01596365,6187,0.00012297,0.00000000,0,0.00000000,54952,54945,29,0.00177238
1773325848.33853841,0.03091977,6235,0.00014321,0.00000000,0,0.00000000,54945,54947,40,0.00078305
1773325848.43842697,0.02043914,6238,0.00009873,0.00000000,0,0.00000000,54947,54956,30,0.00086490
1773325848.53831911,0.03084298,6253,0.00039563,0.00000000,0,0.00000000,54956,54969,34,0.00141573
1773325848.63837719,0.02368341,6271,0.00016262,0.00000000,0,0.00000000,54969,54975,32,0.00121792
1773325848.73828197,0.02221712,6264,0.00011588,0.00000000,0,0.00000000,54975,54983,26,0.00093484
1773325848.83824992,0.03229725,6316,0.00012277,0.00000000,0,0.00000000,54983,54991,29,0.00303331
1773325848.93844461,0.02333211,6228,0.00017035,0.00000000,0,0.00000000,54991,54986,30,0.00095073
1773325849.03835583,0.02865568,6205,0.00037478,0.00000000,0,0.00000000,54986,54992,31,0.00248652
1773325849.13817096,0.01743713,6201,0.00011132,0.00000000,0,0.00000000,54992,54999,30,0.00199035
1773325849.23825526,0.01672768,6212,0.00015567,0.00000000,0,0.00000000,54999,55009,34,0.00210952
1773325849.33837962,0.02480968,6103,0.00047327,0.00000000,0,0.00000000,55009,55020,36,0.00244430
1773325849.43845558,0.01869867,6094,0.00008564,0.00000000,0,0.00000000,55020,55028,21,0.00160997
1773325849.53845334,0.01782016,6014,0.00013283,0.00000000,0,0.00000000,55028,55043,29,0.00251564
1773325849.63848996,0.01473268,6025,0.00014809,0.00000000,0,0.00000000,55043,55049,33,0.00225011
1773325849.73827815,0.01434225,6003,0.00011261,0.00000000,0,0.00000000,55049,55051,29,0.00082450
1773325849.83831811,0.02744240,6052,0.00013372,0.00000000,0,0.00000000,55051,55059,27,0.00159865
1773325849.93840528,0.02094428,5991,0.00011634,0.00000000,0,0.00000000,55059,55067,44,0.00118056
1773325850.03831577,0.02968275,6050,0.00059000,0.00000000,0,0.00000000,55067,55072,38,0.00108587
1773325850.13834095,0.02505373,6096,0.00041926,0.00000000,0,0.00000000,55072,55063,26,0.00117709
1773325850.23840809,0.02103459,6121,0.00056681,0.00000000,0,0.00000000,55063,55073,38,0.00136586
1773325850.33845639,0.02743512,6141,0.00009722,0.00000000,0,0.00000000,55073,55080,24,0.00265364
1773325850.43840551,0.02324545,6163,0.00054528,0.00000000,0,0.00000000,55080,55098,38,0.00085967
1773325850.53847456,0.03004927,6169,0.00049134,0.00000000,0,0.00000000,55098,55089,30,0.00264560
1773325850.63845277,0.01676352,6114,0.00009790,0.00000000,0,0.00000000,55089,55083,29,0.00106475
1773325850.73824930,0.01608204,6145,0.00011869,0.00000000,0,0.00000000,55083,55078,34,0.00162685
1773325850.83848548,0.02640198,6130,0.00038378,0.00000000,0,0.00000000,55078,55075,31,0.00249424
1773325850.93828988,0.01230598,6146,0.00008800,0.00000000,0,0.00000000,55075,55086,29,0.00145370
1773325851.03825164,0.01580214,6123,0.00024204,0.00000000,0,0.00000000,55086,55094,28,0.00113579
1773325851.14105558,0.01523572,6127,0.00009153,0.00000000,0,0.00000000,55094,55094,29,0.00098889
1773325851.23842907,0.01726509,6004,0.00017792,0.00000000,0,0.00000000,55094,55100,29,0.00104486
1773325851.33829141,0.02847811,6058,0.00010694,0.00000000,0,0.00000000,55100,55105,26,0.00157422
1773325851.43831468,0.02329765,6068,0.00007491,0.00000000,0,0.00000000,55105,55109,21,0.00157407
1773325851.53833675,0.01943132,6121,0.00019016,0.00000000,0,0.00000000,55109,55112,19,0.00082704
1773325851.63836455,0.02792424,6072,0.00011352,0.00000000,0,0.00000000,55112,55105,26,0.00162602
1773325851.73841596,0.02653781,6144,0.00037263,0.00000000,0,0.00000000,55105,55107,28,0.00154107
1773325851.83845758,0.03116529,6107,0.00014235,0.00000000,0,0.00000000,55107,55110,28,0.00199415
1773325851.93828225,0.02436839,6218,0.00028200,0.00000000,0,0.00000000,55110,55116,20,0.00084991
1773325852.03841305,0.02936947,6185,0.00039447,0.00000000,0,0.00000000,55116,55122,27,0.00094049
1773325852.13832831,0.02431334,6203,0.00009247,0.00000000,0,0.00000000,55122,55127,30,0.00168289
1773325852.23835874,0.01954776,6185,0.00017416,0.00000000,0,0.00000000,55127,55129,35,0.00129865
1773325852.33843112,0.02667794,6100,0.00041670,0.00000000,0,0.00000000,55129,55127,29,0.00250175
1773325852.43836904,0.01519264,6141,0.00008609,0.00000000,0,0.00000000,55127,55135,28,0.00199296
1773325852.53846765,0.01847126,6023,0.00013334,0.00000000,0,0.00000000,55135,55139,24,0.00113738
1773325852.63840318,0.03276065,6067,0.00017904,0.00000000,0,0.00000000,55139,55133,34,0.00086142
1773325852.73834014,0.01440030,6095,0.00014463,0.00000000,0,0.00000000,55133,55130,30,0.00080652
1773325852.83820891,0.02521780,6157,0.00010716,0.00000000,0,0.00000000,55130,55138,25,0.00083446
1773325852.93830681,0.03203861,6080,0.00012400,0.00000000,0,0.00000000,55138,55149,34,0.00144818
1773325853.03820324,0.02643202,6130,0.00034979,0.00000000,0,0.00000000,55149,55142,29,0.00113976
1773325853.13823557,0.03271041,6133,0.00030811,0.00000000,0,0.00000000,55142,55149,29,0.00082297
1773325853.23834085,0.02853485,6099,0.00013294,0.00000000,0,0.00000000,55149,55156,34,0.00310936
1773325853.33836722,0.01966876,6123,0.00018526,0.00000000,0,0.00000000,55156,55166,43,0.00134128
1773325853.43839312,0.03523828,6157,0.00012263,0.00000000,0,0.00000000,55166,55170,31,0.00201108
1773325853.53837514,0.02026108,6125,0.00017964,0.00000000,0,0.00000000,55170,55168,38,0.00112215
1773325853.63831806,0.02309438,6192,0.00037899,0.00000000,0,0.00000000,55168,55167,27,0.00178474
1773325853.73830652,0.02172966,6158,0.00008289,0.00000000,0,0.00000000,55167,55176,27,0.00187980
1773325853.83828163,0.01708196,6196,0.00019618,0.00000000,0,0.00000000,55176,55156,33,0.00160286
1773325853.93827295,0.02068011,6205,0.00017009,0.00000000,0,0.00000000,55156,55147,34,0.00196696
1773325854.03831863,0.02251875,6221,0.00016536,0.00000000,0,0.00000000,55147,55153,36,0.00291055
1773325854.13837838,0.01698812,6179,0.00012706,0.00000000,0,0.00000000,55153,55157,40,0.00299915
1773325854.23817348,0.01842378,6262,0.00011598,0.00000000,0,0.00000000,55157,55163,35,0.00115371
1773325854.33847952,0.01443299,6233,0.00012996,0.00000000,0,0.00000000,55163,55135,31,0.00181536
1773325854.43840718,0.02236227,6245,0.00057597,0.00000000,0,0.00000000,55135,55145,40,0.00157274
1773325854.53840733,0.02813442,6253,0.00071719,0.00000000,0,0.00000000,55145,55148,35,0.00095983
1773325854.63840961,0.02759838,6199,0.00036471,0.00000000,0,0.00000000,55148,55158,31,0.00117980
1773325854.73822331,0.03286875,6286,0.00012775,0.00000000,0,0.00000000,55158,55169,28,0.00079433
1773325854.83839178,0.02758984,6249,0.00047894,0.00000000,0,0.00000000,55169,55159,32,0.00266753
1773325854.93831635,0.02701148,6251,0.00016783,0.00000000,0,0.00000000,55159,55172,48,0.00195467
1773325855.03835058,0.02925814,6232,0.00048116,0.00000000,0,0.00000000,55172,55186,32,0.00167808
1773325855.13833141,0.02125111,6216,0.00020176,0.00000000,0,0.00000000,55186,55181,38,0.00256659
1773325855.23834753,0.01481118,6184,0.00012962,0.00000000,0,0.00000000,55181,55196,36,0.00181444
1773325855.33838224,0.01255941,6100,0.00015120,0.00000000,0,0.00000000,55196,55204,31,0.00164025
1773325855.43821239,0.01511959,6144,0.00008324,0.00000000,0,0.00000000,55204,55214,32,0.00282170
1773325855.53838372,0.01886131,6072,0.00011175,0.00000000,0,0.00000000,55214,55226,39,0.00085459
1773325855.63824821,0.01506301,6099,0.00009816,0.00000000,0,0.00000000,55226,55222,29,0.00079093
1773325855.73841977,0.01536947,6117,0.00011059,0.00000000,0,0.00000000,55222,55231,35,0.00097240
1773325855.83833623,0.02920957,6099,0.00048730,0.00000000,0,0.00000000,55231,55241,46,0.00088863
1773325855.93836498,0.03165087,6099,0.00033367,0.00000000,0,0.00000000,55241,55253,34,0.00081205
1773325856.03820372,0.02303043,6125,0.00009517,0.00000000,0,0.00000000,55253,55257,21,0.00081853
1773325856.13826489,0.03207415,6194,0.00012631,0.00000000,0,0.00000000,55257,55263,25,0.00087865
1773325856.23830390,0.02250612,6132,0.00008894,0.00000000,0,0.00000000,55263,55269,31,0.00275102
1773325856.33837366,0.02858748,6164,0.00035297,0.00000000,0,0.00000000,55269,55273,21,0.00093205
1773325856.43832684,0.02481227,6121,0.00015497,0.00000000,0,0.00000000,55273,55272,38,0.00246944
1773325856.53830671,0.02281747,6176,0.00041601,0.00000000,0,0.00000000,55272,55274,38,0.00249186
1773325856.63838720,0.02941844,6097,0.00011312,0.00000000,0,0.00000000,55274,55281,22,0.00160415
1773325856.73822808,0.01707527,6115,0.00016477,0.00000000,0,0.00000000,55281,55286,35,0.00087136
1773325856.83827662,0.02077586,6090,0.00050953,0.00000000,0,0.00000000,55286,55275,25,0.00239272
1773325856.93832159,0.01658739,6113,0.00007061,0.00000000,0,0.00000000,55275,55279,24,0.00280058
1773325857.03827715,0.02000482,6105,0.00015379,0.00000000,0,0.00000000,55279,55288,32,0.00251884
1773325857.13833308,0.01746527,6125,0.00023088,0.00000000,0,0.00000000,55288,55276,34,0.00093765
1773325857.23815608,0.01795855,6161,0.00012507,0.00000000,0,0.00000000,55276,55282,28,0.00111925
1773325857.33831906,0.03521959,6184,0.00038084,0.00000000,0,0.00000000,55282,55286,28,0.00091395
1773325857.43835258,0.02902084,6164,0.00022131,0.00000000,0,0.00000000,55286,55267,38,0.00076667
1773325857.53828931,0.02811603,6162,0.00059281,0.00000000,0,0.00000000,55267,55253,36,0.00119459
1773325857.63829637,0.02676537,6145,0.00019625,0.00000000,0,0.00000000,55253,55261,41,0.00147409
1773325857.73827124,0.01929692,6174,0.00012174,0.00000000,0,0.00000000,55261,55268,40,0.00173406
1773325857.83829355,0.03223273,6136,0.00071921,0.00000000,0,0.00000000,55268,55264,38,0.00224364
1773325857.93826699,0.04133795,6115,0.00019681,0.00000000,0,0.00000000,55264,55269,41,0.00135824
1773325858.03815055,0.03922381,6056,0.00066027,0.00000000,0,0.00000000,55269,55265,54,0.00244141
1773325858.13822436,0.02848056,6169,0.00014285,0.00000000,0,0.00000000,55265,55273,38,0.00188091
1773325858.23832583,0.02177752,6121,0.00021860,0.00000000,0,0.00000000,55273,55280,50,0.00172203
1773325858.33813357,0.04162125,6157,0.00020966,0.00000000,0,0.00000000,55280,55278,41,0.00164779
1773325858.43828583,0.01651460,6188,0.00014279,0.00000000,0,0.00000000,55278,55277,42,0.00272407
1773325858.53826332,0.02580789,6184,0.00012532,0.00000000,0,0.00000000,55277,55279,39,0.00273464
1773325858.63831687,0.02307416,6143,0.00011913,0.00000000,0,0.00000000,55279,55284,36,0.00078035
1773325858.73819089,0.02036491,6148,0.00014358,0.00000000,0,0.00000000,55284,55279,42,0.00078726
1773325858.83826542,0.03471818,6195,0.00049440,0.00000000,0,0.00000000,55279,55290,38,0.00110285
1773325858.93822098,0.02923417,6164,0.00049164,0.00000000,0,0.00000000,55290,55299,39,0.00123115
1773325859.03825021,0.03805951,6205,0.00015446,0.00000000,0,0.00000000,55299,55296,37,0.00084097
1773325859.13825488,0.03404982,6211,0.00062930,0.00000000,0,0.00000000,55296,55305,46,0.00091516
1773325859.23834562,0.04149309,6184,0.00019142,0.00000000,0,0.00000000,55305,55299,45,0.00177567
1773325859.33814955,0.03454246,6228,0.00030859,0.00000000,0,0.00000000,55299,55302,26,0.00284245
1773325859.43812680,0.03372971,6230,0.00013123,0.00000000,0,0.00000000,55302,55308,32,0.00220143
1773325859.53826261,0.02241860,6223,0.00009677,0.00000000,0,0.00000000,55308,55309,32,0.00187113
1773325859.63826084,0.01404209,6249,0.00011387,0.00000000,0,0.00000000,55309,55307,35,0.00174726
1773325859.73831344,0.01849277,6162,0.00010527,0.00000000,0,0.00000000,55307,55305,25,0.00250865
1773325859.83812523,0.02629443,6225,0.00012174,0.00000000,0,0.00000000,55305,55308,26,0.00122121
1773325859.93819785,0.02125283,6180,0.00021952,0.00000000,0,0.00000000,55308,55315,27,0.00203526
1773325860.03823924,0.02204340,6158,0.00012889,0.00000000,0,0.00000000,55315,55303,26,0.00193418
1773325860.13828206,0.01784911,6206,0.00013026,0.00000000,0,0.00000000,55303,55301,32,0.00087978
1773325860.23830676,0.02093646,6167,0.00028313,0.00000000,0,0.00000000,55301,55313,34,0.00259146
1773325860.33814144,0.03027565,6184,0.00012517,0.00000000,0,0.00000000,55313,55319,29,0.00153904
1773325860.43817949,0.02578291,6194,0.00042821,0.00000000,0,0.00000000,55319,55330,42,0.00124935
1773325860.53821611,0.03321071,6162,0.00014852,0.00000000,0,0.00000000,55330,55330,37,0.00116903
1773325860.63829422,0.02898972,6167,0.00056348,0.00000000,0,0.00000000,55330,55342,33,0.00081688
1773325860.73824644,0.03110171,6192,0.00086509,0.00000000,0,0.00000000,55342,55329,44,0.00179754
1773325860.83822775,0.02618104,6173,0.00051629,0.00000000,0,0.00000000,55329,55339,42,0.00172995
1773325860.93822908,0.03108955,6223,0.00030363,0.00000000,0,0.00000000,55339,55334,44,0.00177443
1773325861.03819656,0.02320994,6203,0.00038666,0.00000000,0,0.00000000,55334,55336,33,0.00277288
1773325861.13821507,0.03049608,6183,0.00019640,0.00000000,0,0.00000000,55336,55345,46,0.00120081
1773325861.23817539,0.01611018,6168,0.00015633,0.00000000,0,0.00000000,55345,55356,42,0.00234421
1773325861.33824110,0.01714317,6190,0.00013300,0.00000000,0,0.00000000,55356,55350,37,0.00077848
1773325861.43817425,0.01834007,6178,0.00011146,0.00000000,0,0.00000000,55350,55360,32,0.00292570
1773325861.53820896,0.01875317,6190,0.00010295,0.00000000,0,0.00000000,55360,55349,31,0.00257822
1773325861.63824725,0.01349632,6127,0.00006369,0.00000000,0,0.00000000,55349,55356,26,0.00168183
1773325861.73820901,0.01331866,6192,0.00012299,0.00000000,0,0.00000000,55356,55350,42,0.00081355
1773325861.83820367,0.01545297,6158,0.00015540,0.00000000,0,0.00000000,55350,55342,38,0.00104357
1773325861.93822002,0.02514257,6177,0.00048210,0.00000000,0,0.00000000,55342,55351,34,0.00095984
1773325862.03820491,0.03312541,6139,0.00015904,0.00000000,0,0.00000000,55351,55366,45,0.00113172
1773325862.13814497,0.01732874,6189,0.00012224,0.00000000,0,0.00000000,55366,55372,45,0.00079651
1773325862.23822188,0.03602307,6096,0.00058386,0.00000000,0,0.00000000,55372,55372,40,0.00080898
1773325862.33809614,0.03453474,6207,0.00049095,0.00000000,0,0.00000000,55372,55385,34,0.00263250
1773325862.43816662,0.03206485,6207,0.00058212,0.00000000,0,0.00000000,55385,55405,48,0.00116304
1773325862.53821063,0.03862712,6238,0.00060590,0.00000000,0,0.00000000,55405,55416,45,0.00289756
1773325862.63816714,0.02325809,6217,0.00018914,0.00000000,0,0.00000000,55416,55413,50,0.00182213
1773325862.73823190,0.02048691,6221,0.00016262,0.00000000,0,0.00000000,55413,55421,40,0.00171952
1773325862.83818889,0.03515662,6260,0.00022853,0.00000000,0,0.00000000,55421,55426,48,0.00218929
1773325862.93832994,0.01806513,6216,0.00016447,0.00000000,0,0.00000000,55426,55442,51,0.00278700
1773325863.03816557,0.02220852,6188,0.00014318,0.00000000,0,0.00000000,55442,55451,48,0.00277563
1773325863.13811660,0.02025668,6248,0.00018021,0.00000000,0,0.00000000,55451,55440,51,0.00150574
1773325863.23809719,0.02222453,6230,0.00015290,0.00000000,0,0.00000000,55440,55441,42,0.00154930
1773325863.33819914,0.03082947,6218,0.00062759,0.00000000,0,0.00000000,55441,55455,44,0.00109391
1773325863.43806434,0.02911180,6298,0.00056944,0.00000000,0,0.00000000,55455,55465,43,0.00115325
1773325863.53814101,0.03836422,6270,0.00022880,0.00000000,0,0.00000000,55465,55480,51,0.00080628
1773325863.63821959,0.03118823,6231,0.00025723,0.00000000,0,0.00000000,55480,55488,57,0.00089091
1773325863.73811364,0.03263738,6220,0.00063165,0.00000000,0,0.00000000,55488,55485,38,0.00249299
1773325863.83812356,0.03418623,6229,0.00016154,0.00000000,0,0.00000000,55485,55487,54,0.00261857
1773325863.93816185,0.03302433,6237,0.00059879,0.00000000,0,0.00000000,55487,55502,45,0.00229734
1773325864.03833413,0.02448876,6253,0.00013820,0.00000000,0,0.00000000,55502,55500,38,0.00281231
1773325864.13817835,0.03392274,6209,0.00018694,0.00000000,0,0.00000000,55500,55500,40,0.00177802
1773325864.23819470,0.01811481,6205,0.00028011,0.00000000,0,0.00000000,55500,55487,48,0.00204393
1773325864.33805490,0.03701109,6282,0.00056331,0.00000000,0,0.00000000,55487,55495,37,0.00238557
1773325864.43818617,0.02050821,6253,0.00014935,0.00000000,0,0.00000000,55495,55491,46,0.00326415
1773325864.53819442,0.02138002,6231,0.00012378,0.00000000,0,0.00000000,55491,55495,43,0.00232486
1773325864.63807726,0.01698625,6236,0.00018226,0.00000000,0,0.00000000,55495,55503,47,0.00079213
1773325864.73812175,0.02013565,6277,0.00010047,0.00000000,0,0.00000000,55503,55512,42,0.00119771
1773325864.83818889,0.03264997,6247,0.00059640,0.00000000,0,0.00000000,55512,55523,48,0.00092991
1773325864.93817592,0.03378730,6248,0.00070958,0.00000000,0,0.00000000,55523,55526,54,0.00132517
1773325865.03811455,0.02881831,6246,0.00019565,0.00000000,0,0.00000000,55526,55509,50,0.00082637
1773325865.13819504,0.03194244,6235,0.00062757,0.00000000,0,0.00000000,55509,55511,39,0.00084167
1773325865.23806858,0.04173307,6289,0.00033144,0.00000000,0,0.00000000,55511,55489,40,0.00241304
1773325865.33814812,0.03298340,6271,0.00055897,0.00000000,0,0.00000000,55489,55494,46,0.00163706
1773325865.43809891,0.02692630,6288,0.00050092,0.00000000,0,0.00000000,55494,55505,42,0.00268441
1773325865.53819966,0.03593137,6246,0.00050855,0.00000000,0,0.00000000,55505,55515,43,0.00234592
1773325865.63817883,0.02885222,6277,0.00012863,0.00000000,0,0.00000000,55515,55506,35,0.00084419
1773325865.73810792,0.02017797,6278,0.00016528,0.00000000,0,0.00000000,55506,55512,49,0.00267004
1773325865.83805585,0.03807384,6276,0.00039257,0.00000000,0,0.00000000,55512,55523,33,0.00298422
1773325865.93806124,0.01972238,6260,0.00010306,0.00000000,0,0.00000000,55523,55524,32,0.00180162
1773325866.03802156,0.02094660,6287,0.00020126,0.00000000,0,0.00000000,55524,55537,45,0.00262165
1773325866.13815165,0.01793365,6269,0.00009116,0.00000000,0,0.00000000,55537,55532,33,0.00078130
1773325866.23822474,0.01382807,6261,0.00014705,0.00000000,0,0.00000000,55532,55505,33,0.00085103
1773325866.33818007,0.02360729,6236,0.00043033,0.00000000,0,0.00000000,55505,55514,36,0.00086541
1773325866.43794465,0.03739195,6316,0.00025244,0.00000000,0,0.00000000,55514,55523,45,0.00143602
1773325866.53817225,0.03044734,6231,0.00018559,0.00000000,0,0.00000000,55523,55537,40,0.00080476
1773325866.63834572,0.03940141,6284,0.00017818,0.00000000,0,0.00000000,55537,55541,33,0.00091332
1773325866.73808289,0.03105840,6269,0.00030778,0.00000000,0,0.00000000,55541,55518,43,0.00143329
1773325866.83805156,0.02894060,6258,0.00013599,0.00000000,0,0.00000000,55518,55526,37,0.00272323
1773325866.93813086,0.04048950,6218,0.00015270,0.00000000,0,0.00000000,55526,55531,36,0.00270234
1773325867.03797650,0.03148732,6251,0.00018383,0.00000000,0,0.00000000,55531,55542,43,0.00171147
1773325867.13803577,0.01781994,6209,0.00039693,0.00000000,0,0.00000000,55542,55520,49,0.00178530
1773325867.23804712,0.03014781,6241,0.00082653,0.00000000,0,0.00000000,55520,55465,42,0.00166494
1773325867.33810878,0.02291195,6196,0.00018564,0.00000000,0,0.00000000,55465,55479,51,0.00112758
1773325867.43815303,0.01872809,6230,0.00022175,0.00000000,0,0.00000000,55479,55480,48,0.00200431
1773325867.53815269,0.02447397,6191,0.00015326,0.00000000,0,0.00000000,55480,55484,48,0.00256058
1773325867.63800287,0.01867352,6247,0.00013031,0.00000000,0,0.00000000,55484,55492,40,0.00091477
1773325867.73810506,0.03370472,6200,0.00066259,0.00000000,0,0.00000000,55492,55471,38,0.00172606
1773325867.83796668,0.04025132,6244,0.00045549,0.00000000,0,0.00000000,55471,55479,35,0.00165286
1773325867.93804240,0.04013437,6234,0.00053112,0.00000000,0,0.00000000,55479,55482,37,0.00107975
1773325868.03805089,0.04096360,6247,0.00010241,0.00000000,0,0.00000000,55482,55489,32,0.00082018
1773325868.13809133,0.03485870,6214,0.00071576,0.00000000,0,0.00000000,55489,55486,53,0.00073146
1773325868.23810220,0.03533720,6242,0.00096666,0.00000000,0,0.00000000,55486,55475,62,0.00207849
1773325868.33809638,0.03285042,6223,0.00071730,0.00000000,0,0.00000000,55475,55492,47,0.00173538
1773325868.43816996,0.02806940,6202,0.00076242,0.00000000,0,0.00000000,55492,55495,49,0.00176654
1773325868.53801560,0.03323510,6221,0.00061895,0.00000000,0,0.00000000,55495,55507,46,0.00238196
1773325868.63806248,0.01533113,6208,0.00018684,0.00000000,0,0.00000000,55507,55489,42,0.00137998
1773325868.73807192,0.01384305,6176,0.00014512,0.00000000,0,0.00000000,55489,55502,41,0.00167668
1773325868.83807802,0.01863787,6162,0.00033419,0.00000000,0,0.00000000,55502,55503,30,0.00253285
1773325868.93807125,0.01799951,6141,0.00020927,0.00000000,0,0.00000000,55503,55504,37,0.00098566
1773325869.03791904,0.01673182,6173,0.00013632,0.00000000,0,0.00000000,55504,55505,38,0.00211546
1773325869.13795137,0.01260467,6185,0.00009903,0.00000000,0,0.00000000,55505,55512,37,0.00159227
1773325869.23802471,0.01437116,6165,0.00022684,0.00000000,0,0.00000000,55512,55512,45,0.00082164
1773325869.33802414,0.02983789,6217,0.00049583,0.00000000,0,0.00000000,55512,55492,27,0.00136883
1773325869.43808079,0.02410674,6176,0.00015804,0.00000000,0,0.00000000,55492,55489,35,0.00082243
1773325869.53809404,0.01931094,6136,0.00059438,0.00000000,0,0.00000000,55489,55478,40,0.00120628
1773325869.63808656,0.03104117,6096,0.00017347,0.00000000,0,0.00000000,55478,55487,37,0.00087331
1773325869.73803377,0.02425478,6195,0.00011216,0.00000000,0,0.00000000,55487,55489,36,0.00260916
1773325869.83809566,0.03065864,6200,0.00044714,0.00000000,0,0.00000000,55489,55502,38,0.00236134
1773325869.93799233,0.02723229,6141,0.00018671,0.00000000,0,0.00000000,55502,55508,42,0.00264784
1773325870.03805041,0.02546823,6169,0.00058483,0.00000000,0,0.00000000,55508,55502,46,0.00230066
1773325870.13795090,0.02375205,6190,0.00016590,0.00000000,0,0.00000000,55502,55516,44,0.00237683
1773325870.23799419,0.01909725,6194,0.00019147,0.00000000,0,0.00000000,55516,55517,56,0.00189458
1773325870.33804202,0.03559910,6192,0.00060844,0.00000000,0,0.00000000,55517,55527,46,0.00189019
1773325870.43804932,0.01831856,6173,0.00010582,0.00000000,0,0.00000000,55527,55537,42,0.00246666
1773325870.53806233,0.02129608,6134,0.00016453,0.00000000,0,0.00000000,55537,55540,50,0.00245837
1773325870.63792682,0.01746980,6158,0.00020025,0.00000000,0,0.00000000,55540,55529,48,0.00206829
1773325870.73796964,0.01927822,6149,0.00024543,0.00000000,0,0.00000000,55529,55538,50,0.00079322
1773325870.83803296,0.02563889,6111,0.00042223,0.00000000,0,0.00000000,55538,55535,38,0.00113461
1773325870.93792462,0.04255803,6139,0.00050522,0.00000000,0,0.00000000,55535,55552,37,0.00093076
1773325871.03798962,0.03601495,6150,0.00020403,0.00000000,0,0.00000000,55552,55569,41,0.00099962
1773325871.13804412,0.03671923,6140,0.00043203,0.00000000,0,0.00000000,55569,55569,27,0.00152623
1773325871.23805165,0.04102439,6098,0.00035741,0.00000000,0,0.00000000,55569,55543,53,0.00171265
1773325871.33794832,0.03500602,6095,0.00068795,0.00000000,0,0.00000000,55543,55530,43,0.00139489
1773325871.43792272,0.02507125,6093,0.00066722,0.00000000,0,0.00000000,55530,55548,43,0.00202903
1773325871.53795457,0.04019045,6086,0.00069048,0.00000000,0,0.00000000,55548,55557,49,0.00189759
1773325871.63799858,0.02059621,6021,0.00020706,0.00000000,0,0.00000000,55557,55556,42,0.00163908
1773325871.73782563,0.01913904,6010,0.00017568,0.00000000,0,0.00000000,55556,55529,44,0.00253267
1773325871.83798933,0.02618888,5997,0.00048795,0.00000000,0,0.00000000,55529,55533,43,0.00231478
1773325871.93792725,0.01663786,6014,0.00012067,0.00000000,0,0.00000000,55533,55547,44,0.00267462
1773325872.03801847,0.01533885,5986,0.00013870,0.00000000,0,0.00000000,55547,55554,50,0.00171254
1773325872.13786697,0.01687437,6041,0.00012668,0.00000000,0,0.00000000,55554,55568,35,0.00249756
1773325872.23792148,0.01524668,6031,0.00018213,0.00000000,0,0.00000000,55568,55569,41,0.00096476
1773325872.33797622,0.02853932,6051,0.00018413,0.00000000,0,0.00000000,55569,55579,50,0.00220340
1773325872.43799400,0.02040731,6064,0.00041923,0.00000000,0,0.00000000,55579,55585,31,0.00144331
1773325872.53798199,0.03411080,6026,0.00041041,0.00000000,0,0.00000000,55585,55585,35,0.00192024
1773325872.63796759,0.02522720,5990,0.00019524,0.00000000,0,0.00000000,55585,55591,49,0.00115162
1773325872.73787141,0.01667754,5977,0.00011813,0.00000000,0,0.00000000,55591,55597,32,0.00112468
1773325872.83784103,0.03508506,6010,0.00013086,0.00000000,0,0.00000000,55597,55605,25,0.00232500
1773325872.93797040,0.02269406,5964,0.00041594,0.00000000,0,0.00000000,55605,55610,40,0.00251253
1773325873.03783965,0.02665740,5998,0.00048392,0.00000000,0,0.00000000,55610,55618,43,0.00176028
1773325873.13801837,0.02686346,5945,0.00013163,0.00000000,0,0.00000000,55618,55628,34,0.00181496
1773325873.23784351,0.02030410,5981,0.00024370,0.00000000,0,0.00000000,55628,55640,45,0.00257948
1773325873.33802009,0.02398646,5986,0.00041849,0.00000000,0,0.00000000,55640,55644,39,0.00214154
1773325873.43792343,0.02066148,6025,0.00019311,0.00000000,0,0.00000000,55644,55646,42,0.00262558
1773325873.53790712,0.01983667,6042,0.00013494,0.00000000,0,0.00000000,55646,55653,38,0.00164343
1773325873.63792253,0.02062810,6029,0.00018785,0.00000000,0,0.00000000,55653,55633,44,0.00078655
1773325873.73790550,0.01786553,6063,0.00013857,0.00000000,0,0.00000000,55633,55632,39,0.00087853
1773325873.83798456,0.03061233,6035,0.00067999,0.00000000,0,0.00000000,55632,55642,51,0.00164139
1773325873.93783545,0.03019245,6113,0.00018775,0.00000000,0,0.00000000,55642,55628,34,0.00110433
1773325874.03807521,0.02505631,6096,0.00039314,0.00000000,0,0.00000000,55628,55639,42,0.00086738
1773325874.13789201,0.03716173,6111,0.00034732,0.00000000,0,0.00000000,55639,55644,35,0.00093078
1773325874.23790812,0.02726508,6115,0.00014630,0.00000000,0,0.00000000,55644,55648,32,0.00076344
1773325874.33791447,0.02779009,6142,0.00057809,0.00000000,0,0.00000000,55648,55653,41,0.00327806
1773325874.43791747,0.03107078,6148,0.00046749,0.00000000,0,0.00000000,55653,55656,35,0.00241212
1773325874.53797960,0.04014624,6116,0.00024310,0.00000000,0,0.00000000,55656,55660,36,0.00128127
1773325874.63800144,0.02318558,6098,0.00034662,0.00000000,0,0.00000000,55660,55670,44,0.00228233
1773325874.73781037,0.03453177,6104,0.00049024,0.00000000,0,0.00000000,55670,55669,44,0.00277895
1773325874.83785367,0.01814725,6119,0.00032753,0.00000000,0,0.00000000,55669,55674,40,0.00114003
1773325874.93792057,0.01914329,6069,0.00048558,0.00000000,0,0.00000000,55674,55687,44,0.00316512
1773325875.03792596,0.01737107,6077,0.00017654,0.00000000,0,0.00000000,55687,55676,44,0.00351199
1773325875.13780069,0.01724714,6164,0.00014802,0.00000000,0,0.00000000,55676,55681,43,0.00241672
1773325875.23798800,0.01432335,6106,0.00014747,0.00000000,0,0.00000000,55681,55702,53,0.00098642
1773325875.33789229,0.01683192,6102,0.00016837,0.00000000,0,0.00000000,55702,55713,50,0.00115752
1773325875.43785381,0.03434322,6149,0.00096548,0.00000000,0,0.00000000,55713,55697,40,0.00193567
1773325875.53788662,0.03654157,6145,0.00020793,0.00000000,0,0.00000000,55697,55703,51,0.00088328
1773325875.63793588,0.02918448,6134,0.00049933,0.00000000,0,0.00000000,55703,55715,39,0.00078555
1773325875.73795223,0.02440109,6170,0.00400809,0.00000000,0,0.00000000,55715,55627,45,0.00151987
1773325875.83794641,0.03064881,6164,0.00018764,0.00000000,0,0.00000000,54955,54983,49,0.00213353
1773325875.93780184,0.02753728,6245,0.00041743,0.00000000,0,0.00000000,54983,54998,39,0.00170713
1773325876.03794289,0.03124161,6167,0.00081832,0.00000000,0,0.00000000,54998,55010,57,0.00228937
1773325876.13777232,0.03047384,6157,0.00020041,0.00000000,0,0.00000000,55010,55024,50,0.00091178
1773325876.23782659,0.02249340,6208,0.00017714,0.00000000,0,0.00000000,55024,55033,50,0.00180759
1773325876.33790064,0.03251860,6183,0.00034813,0.00000000,0,0.00000000,55033,55050,33,0.00176240
1773325876.43788314,0.01776149,6180,0.00016972,0.00000000,0,0.00000000,55050,55070,54,0.00186491
1773325876.53796053,0.02143441,6179,0.00019090,0.00000000,0,0.00000000,55070,55091,64,0.00179400
1773325876.63792062,0.02373168,6179,0.00021492,0.00000000,0,0.00000000,55091,55106,50,0.00088166
1773325876.73786497,0.02168949,6205,0.00021684,0.00000000,0,0.00000000,55106,55118,52,0.00084470
1773325876.83783841,0.03148179,6217,0.00028540,0.00000000,0,0.00000000,55118,55109,57,0.00128963
1773325876.93787122,0.02282895,6196,0.00009026,0.00000000,0,0.00000000,55109,55115,27,0.00090527
1773325877.03787780,0.02610030,6197,0.00037094,0.00000000,0,0.00000000,55115,55125,33,0.00201001
1773325877.13795638,0.02452616,6189,0.00010804,0.00000000,0,0.00000000,55125,55135,38,0.00120327
1773325877.23789096,0.02275096,6192,0.00031161,0.00000000,0,0.00000000,55135,55145,28,0.00159927
1773325877.33782458,0.02149092,6182,0.00038975,0.00000000,0,0.00000000,55145,55158,38,0.00187288
1773325877.43776584,0.02078254,6172,0.00012627,0.00000000,0,0.00000000,55158,55170,35,0.00095613
1773325877.53780222,0.02210172,6188,0.00062517,0.00000000,0,0.00000000,55170,55160,40,0.00204913
1773325877.63782787,0.02609468,6137,0.00021791,0.00000000,0,0.00000000,55160,55164,52,0.00260072
1773325877.73789501,0.01168814,6150,0.00011000,0.00000000,0,0.00000000,55164,55172,29,0.00156054
1773325877.83792520,0.01277802,6178,0.00016615,0.00000000,0,0.00000000,55172,55161,29,0.00262767
1773325877.93787265,0.01280402,6127,0.00011865,0.00000000,0,0.00000000,55161,55160,35,0.00225768
1773325878.03786087,0.01360989,6169,0.00010761,0.00000000,0,0.00000000,55160,55169,34,0.00240392
1773325878.13788724,0.01261919,6144,0.00013778,0.00000000,0,0.00000000,55169,55150,34,0.00076316
1773325878.23789716,0.01230349,6131,0.00009320,0.00000000,0,0.00000000,55150,55162,34,0.00085136
1773325878.33795190,0.01624774,6103,0.00011127,0.00000000,0,0.00000000,55162,55157,31,0.00101694
1773325878.43773937,0.01881217,6130,0.00034837,0.00000000,0,0.00000000,55157,55166,32,0.00097328
1773325878.53786731,0.02404884,6110,0.00010532,0.00000000,0,0.00000000,55166,55169,27,0.00171227
1773325878.63789916,0.01788746,6096,0.00019145,0.00000000,0,0.00000000,55169,55184,38,0.00150435
1773325878.73791981,0.02970848,6073,0.00055242,0.00000000,0,0.00000000,55184,55189,41,0.00184150
1773325878.83777118,0.02181895,6085,0.00012573,0.00000000,0,0.00000000,55189,55193,32,0.00086794
1773325878.93777561,0.02624527,6133,0.00058017,0.00000000,0,0.00000000,55193,55199,38,0.00219597
1773325879.03780794,0.03111869,6113,0.00016801,0.00000000,0,0.00000000,55199,55207,33,0.00241171
1773325879.13809443,0.01395197,6149,0.00017747,0.00000000,0,0.00000000,55207,55212,46,0.00224249
1773325879.23782158,0.01749916,6146,0.00012096,0.00000000,0,0.00000000,55212,55226,45,0.00169167
1773325879.33788443,0.03240859,6142,0.00054667,0.00000000,0,0.00000000,55226,55234,40,0.00136164
1773325879.43774414,0.01528396,6202,0.00012514,0.00000000,0,0.00000000,55234,55245,39,0.00153605
1773325879.53778338,0.01843158,6192,0.00016684,0.00000000,0,0.00000000,55245,55255,48,0.00249103
1773325879.63785839,0.01818625,6206,0.00016362,0.00000000,0,0.00000000,55255,55274,52,0.00147542
1773325879.73787832,0.01966057,6168,0.00020621,0.00000000,0,0.00000000,55274,55281,60,0.00080094
1773325879.83776641,0.02200079,6167,0.00028328,0.00000000,0,0.00000000,55281,55281,38,0.00110552
1773325879.93778014,0.03737913,6163,0.00071739,0.00000000,0,0.00000000,55281,55266,49,0.00087105
1773325880.03782201,0.02549986,6193,0.00019196,0.00000000,0,0.00000000,55266,55252,44,0.00093046
1773325880.13785458,0.03302914,6107,0.00052284,0.00000000,0,0.00000000,55252,55262,46,0.00095823
1773325880.23768926,0.03169021,6161,0.00015114,0.00000000,0,0.00000000,55262,55258,39,0.00130771
1773325880.33772492,0.02245869,6110,0.00018073,0.00000000,0,0.00000000,55258,55257,40,0.00111449
1773325880.43775177,0.03150364,6124,0.00036400,0.00000000,0,0.00000000,55257,55263,37,0.00236757
1773325880.53777862,0.01515494,6090,0.00039668,0.00000000,0,0.00000000,55263,55278,36,0.00127632
1773325880.63779402,0.02447062,6137,0.00044862,0.00000000,0,0.00000000,55278,55273,38,0.00173246
1773325880.73781109,0.01645842,6107,0.00013467,0.00000000,0,0.00000000,55273,55290,40,0.00267563
1773325880.83782768,0.01229880,6119,0.00020210,0.00000000,0,0.00000000,55290,55268,38,0.00160688
1773325880.93783236,0.01361524,6123,0.00011117,0.00000000,0,0.00000000,55268,55275,31,0.00230344
1773325881.03783083,0.01758980,6127,0.00011311,0.00000000,0,0.00000000,55275,55275,33,0.00257202
1773325881.13787246,0.01468596,6070,0.00010293,0.00000000,0,0.00000000,55275,55285,39,0.00173394
1773325881.23766422,0.01303984,6068,0.00011293,0.00000000,0,0.00000000,55285,55288,29,0.00108404
1773325881.33775711,0.02389424,6073,0.00043524,0.00000000,0,0.00000000,55288,55282,39,0.00215968
1773325881.43771768,0.02292342,6040,0.00014932,0.00000000,0,0.00000000,55282,55298,44,0.00161024
1773325881.53781271,0.01825557,6004,0.00020544,0.00000000,0,0.00000000,55298,55303,25,0.00081232
1773325881.63769007,0.02232904,6023,0.00032040,0.00000000,0,0.00000000,55303,55324,37,0.00084510
1773325881.73781538,0.01837310,5990,0.00010738,0.00000000,0,0.00000000,55324,55341,42,0.00076259
1773325881.83776379,0.01904477,5945,0.00044679,0.00000000,0,0.00000000,55341,55340,36,0.00176587
1773325881.93783712,0.02242655,5943,0.00014902,0.00000000,0,0.00000000,55340,55331,30,0.00177535
1773325882.03786039,0.02735976,5959,0.00012675,0.00000000,0,0.00000000,55331,55337,33,0.00168033
1773325882.13777733,0.01588858,6018,0.00012387,0.00000000,0,0.00000000,55337,55342,30,0.00193999
1773325882.23785520,0.01372198,6047,0.00012262,0.00000000,0,0.00000000,55342,55332,36,0.00138456
1773325882.33775353,0.02173064,6042,0.00041256,0.00000000,0,0.00000000,55332,55325,29,0.00286197
1773325882.43775392,0.01748372,6067,0.00022151,0.00000000,0,0.00000000,55325,55325,38,0.00235780
1773325882.53768802,0.01539716,6117,0.00016044,0.00000000,0,0.00000000,55325,55341,40,0.00159119
1773325882.63772130,0.01133455,6120,0.00009616,0.00000000,0,0.00000000,55341,55347,35,0.00146223
1773325882.73773623,0.01309223,6093,0.00012433,0.00000000,0,0.00000000,55347,55359,38,0.00171542
1773325882.83766103,0.02427998,6103,0.00054495,0.00000000,0,0.00000000,55359,55358,35,0.00151537
1773325882.93774080,0.02462592,6106,0.00046167,0.00000000,0,0.00000000,55358,55370,38,0.00115167
1773325883.03780317,0.01576963,5996,0.00011572,0.00000000,0,0.00000000,55370,55384,33,0.00089568
1773325883.13764524,0.01847163,6039,0.00041473,0.00000000,0,0.00000000,55384,55386,39,0.00084910
1773325883.23773217,0.02287398,6012,0.00045486,0.00000000,0,0.00000000,55386,55370,38,0.00103071
1773325883.33780956,0.01730521,5967,0.00038094,0.00000000,0,0.00000000,55370,55383,32,0.00087816
1773325883.43762922,0.02626467,6060,0.00036437,0.00000000,0,0.00000000,55383,55397,33,0.00250870
1773325883.53775001,0.01545409,6006,0.00014719,0.00000000,0,0.00000000,55397,55397,33,0.00089230
1773325883.63773847,0.01205955,6058,0.00014178,0.00000000,0,0.00000000,55397,55396,31,0.00218134
1773325883.73768210,0.01061454,6094,0.00010943,0.00000000,0,0.00000000,55396,55399,36,0.00239711
1773325883.83767080,0.01855167,6082,0.00040782,0.00000000,0,0.00000000,55399,55407,38,0.00199730
1773325883.93769264,0.01161742,6110,0.00007853,0.00000000,0,0.00000000,55407,55405,27,0.00264119
1773325884.03769565,0.01226036,6094,0.00008889,0.00000000,0,0.00000000,55405,55401,27,0.00166441
1773325884.13767695,0.01046390,6140,0.00013284,0.00000000,0,0.00000000,55401,55408,41,0.00286848
1773325884.23769116,0.00964440,6120,0.00006859,0.00000000,0,0.00000000,55408,55415,27,0.00110347
1773325884.33769846,0.01400342,6126,0.00013354,0.00000000,0,0.00000000,55415,55404,31,0.00154539
1773325884.43768716,0.02712896,6157,0.00038454,0.00000000,0,0.00000000,55404,55409,32,0.00085167
1773325884.53775358,0.01992058,6178,0.00014022,0.00000000,0,0.00000000,55409,55417,27,0.00165608
1773325884.63772345,0.01897000,6213,0.00059747,0.00000000,0,0.00000000,55417,55426,40,0.00080285
1773325884.73773456,0.03090693,6204,0.00062609,0.00000000,0,0.00000000,55426,55417,37,0.00186053
1773325884.83775401,0.02508952,6241,0.00063148,0.00000000,0,0.00000000,55417,55437,56,0.00220475
1773325884.93775821,0.03241945,6167,0.00058597,0.00000000,0,0.00000000,55437,55432,41,0.00195599
1773325885.03761840,0.02705915,6241,0.00056660,0.00000000,0,0.00000000,55432,55432,42,0.00227446
1773325885.13767958,0.02648875,6283,0.00019258,0.00000000,0,0.00000000,55432,55453,55,0.00176688
1773325885.23777843,0.01749227,6216,0.00016251,0.00000000,0,0.00000000,55453,55470,37,0.00159441
1773325885.33766460,0.01963330,6284,0.00053794,0.00000000,0,0.00000000,55470,55468,39,0.00090531
1773325885.43766236,0.01673342,6281,0.00016924,0.00000000,0,0.00000000,55468,55479,44,0.00184159
1773325885.53764796,0.01761507,6295,0.00029624,0.00000000,0,0.00000000,55479,55492,45,0.00177778
1773325885.63768029,0.01930509,6242,0.00021446,0.00000000,0,0.00000000,55492,55488,40,0.00263004
1773325885.73768234,0.01698614,6258,0.00011783,0.00000000,0,0.00000000,55488,55499,31,0.00106022
1773325885.83766651,0.03194835,6267,0.00014907,0.00000000,0,0.00000000,55499,55496,31,0.00166877
1773325885.93764615,0.02367303,6276,0.00011293,0.00000000,0,0.00000000,55496,55493,35,0.00140872
1773325886.03767300,0.02886768,6212,0.00060779,0.00000000,0,0.00000000,55493,55513,49,0.00202016
1773325886.13784695,0.02310672,6259,0.00023037,0.00000000,0,0.00000000,55513,55498,37,0.00112717
1773325886.23774099,0.02033710,6211,0.00051038,0.00000000,0,0.00000000,55498,55506,38,0.00182963
1773325886.33771062,0.02960847,6189,0.00015255,0.00000000,0,0.00000000,55506,55509,35,0.00167100
1773325886.43769860,0.01596706,6220,0.00027006,0.00000000,0,0.00000000,55509,55510,21,0.00093550
1773325886.53769588,0.02436079,6222,0.00050662,0.00000000,0,0.00000000,55510,55488,27,0.00276971
1773325886.63767982,0.01310982,6118,0.00039499,0.00000000,0,0.00000000,55488,55498,32,0.00278910
1773325886.73753619,0.01929689,6152,0.00025085,0.00000000,0,0.00000000,55498,55498,24,0.00194152
1773325886.83753896,0.00980533,6176,0.00013069,0.00000000,0,0.00000000,55498,55501,24,0.00167743
1773325886.93755555,0.01646785,6236,0.00010504,0.00000000,0,0.00000000,55501,55514,25,0.00254253
1773325887.03776264,0.01191218,6166,0.00017989,0.00000000,0,0.00000000,55514,55502,35,0.00240326
1773325887.13758373,0.01066724,6230,0.00016272,0.00000000,0,0.00000000,55502,55505,43,0.00203645
1773325887.23755717,0.00877992,6208,0.00012096,0.00000000,0,0.00000000,55505,55506,49,0.00084336
1773325887.33757663,0.01615995,6213,0.00046060,0.00000000,0,0.00000000,55506,55496,34,0.00191563
1773325887.43763399,0.01465297,6208,0.00011208,0.00000000,0,0.00000000,55496,55510,33,0.00102738
1773325887.53763843,0.01472413,6224,0.00024778,0.00000000,0,0.00000000,55510,55506,20,0.00080985
1773325887.63763857,0.01414685,6191,0.00012504,0.00000000,0,0.00000000,55506,55513,31,0.00079851
1773325887.73758435,0.01760742,6173,0.00037493,0.00000000,0,0.00000000,55513,55516,28,0.00157981
1773325887.83754373,0.01700034,6164,0.00011064,0.00000000,0,0.00000000,55516,55515,28,0.00274802
1773325887.93759513,0.02027226,6119,0.00042253,0.00000000,0,0.00000000,55515,55519,33,0.00090895
1773325888.03755450,0.01439256,6145,0.00007415,0.00000000,0,0.00000000,55519,55521,26,0.00170317
1773325888.13767576,0.01864128,6068,0.00043283,0.00000000,0,0.00000000,55521,55522,27,0.00130050
1773325888.23757744,0.01789448,6101,0.00012046,0.00000000,0,0.00000000,55522,55532,29,0.00178293
1773325888.33764839,0.00978791,6086,0.00006573,0.00000000,0,0.00000000,55532,55541,19,0.00099340
1773325888.43760800,0.01131281,6055,0.00006725,0.00000000,0,0.00000000,55541,55537,24,0.00278601
1773325888.53754091,0.01187683,6099,0.00009724,0.00000000,0,0.00000000,55537,55533,16,0.00171057
1773325888.63761783,0.00977423,6000,0.00014046,0.00000000,0,0.00000000,55533,55516,28,0.00204552
1773325888.73760915,0.00984475,6246,0.00011311,0.00000000,0,0.00000000,55516,55516,37,0.00102139
1773325888.83772516,0.02038550,6138,0.00024097,0.00000000,0,0.00000000,55516,55522,29,0.00216525
1773325888.93750405,0.01578961,6262,0.00011955,0.00000000,0,0.00000000,55522,55532,29,0.00081015
1773325889.03768110,0.02283372,6274,0.00034909,0.00000000,0,0.00000000,55532,55537,28,0.00087235
1773325889.13768792,0.01915930,6294,0.00020635,0.00000000,0,0.00000000,55537,55545,37,0.00090407
1773325889.23768091,0.01394820,6335,0.00020692,0.00000000,0,0.00000000,55545,55564,38,0.00121810
1773325889.33763719,0.02633153,6348,0.00055049,0.00000000,0,0.00000000,55564,55564,34,0.00152233
1773325889.43760037,0.01956488,6355,0.00015509,0.00000000,0,0.00000000,55564,55580,42,0.00078862
1773325889.53760004,0.02137069,6347,0.00016591,0.00000000,0,0.00000000,55580,55596,34,0.00297278
1773325889.63761044,0.01119108,6367,0.00010045,0.00000000,0,0.00000000,55596,55597,32,0.00139282
1773325889.73758936,0.01367696,6402,0.00015554,0.00000000,0,0.00000000,55597,55597,36,0.00118970
1773325889.83762622,0.02037979,6410,0.00015054,0.00000000,0,0.00000000,55597,55602,37,0.00251813
1773325889.93762398,0.01666630,6365,0.00014654,0.00000000,0,0.00000000,55602,55610,28,0.00175993
1773325890.03758049,0.01451692,6390,0.00018677,0.00000000,0,0.00000000,55610,55613,30,0.00219513
1773325890.13760662,0.00971748,6380,0.00014158,0.00000000,0,0.00000000,55613,55611,41,0.00088436
1773325890.23759389,0.01285562,6374,0.00009931,0.00000000,0,0.00000000,55611,55615,29,0.00140250
1773325890.33768177,0.02056203,6389,0.00026743,0.00000000,0,0.00000000,55615,55618,25,0.00144850
1773325890.43757510,0.02164138,6366,0.00006832,0.00000000,0,0.00000000,55618,55624,20,0.00116726
1773325890.53761458,0.01491748,6347,0.00020955,0.00000000,0,0.00000000,55624,55628,17,0.00081165
1773325890.63759160,0.02704535,6349,0.00012066,0.00000000,0,0.00000000,55628,55629,21,0.00111447
1773325890.73759675,0.01888580,6330,0.00016064,0.00000000,0,0.00000000,55629,55636,33,0.00077807
1773325890.83752990,0.02132199,6330,0.00022110,0.00000000,0,0.00000000,55636,55638,22,0.00180154
1773325890.93753982,0.02306013,6327,0.00013864,0.00000000,0,0.00000000,55638,55646,27,0.00181177
1773325891.03749752,0.01948725,6292,0.00028708,0.00000000,0,0.00000000,55646,55656,26,0.00126921
1773325891.13750196,0.02850456,6266,0.00032940,0.00000000,0,0.00000000,55656,55671,28,0.00270011
1773325891.23744226,0.01746909,6261,0.00007324,0.00000000,0,0.00000000,55671,55671,22,0.00112502
1773325891.33757186,0.01386132,6236,0.00019798,0.00000000,0,0.00000000,55671,55675,23,0.00171990
1773325891.43764067,0.01438748,6197,0.00011599,0.00000000,0,0.00000000,55675,55644,20,0.00209785
1773325891.53763580,0.01085363,6246,0.00013011,0.00000000,0,0.00000000,55644,55633,22,0.00272627
1773325891.63761711,0.01178390,6235,0.00008513,0.00000000,0,0.00000000,55633,55634,22,0.00219361
1773325891.73760581,0.01051927,6216,0.00009816,0.00000000,0,0.00000000,55634,55631,27,0.00095399
1773325891.83749461,0.02064641,6311,0.00034620,0.00000000,0,0.00000000,55631,55609,28,0.00200766
1773325891.93769789,0.02230873,6309,0.00037384,0.00000000,0,0.00000000,55609,55623,27,0.00086648
1773325892.03761744,0.01458311,6278,0.00008589,0.00000000,0,0.00000000,55623,55606,24,0.00148105
1773325892.13745713,0.02207874,6366,0.00044608,0.00000000,0,0.00000000,55606,55612,32,0.00092963
1773325892.23761916,0.02849408,6350,0.00017465,0.00000000,0,0.00000000,55612,55608,35,0.00082926
1773325892.33759904,0.01772284,6345,0.00012257,0.00000000,0,0.00000000,55608,55603,36,0.00162226
1773325892.43762493,0.03091906,6327,0.00052743,0.00000000,0,0.00000000,55603,55599,37,0.00197778
1773325892.53758860,0.01900511,6326,0.00063833,0.00000000,0,0.00000000,55599,55595,50,0.00081669
1773325892.63754559,0.02552648,6385,0.00017283,0.00000000,0,0.00000000,55595,55600,35,0.00256349
1773325892.73752975,0.01203146,6352,0.00006965,0.00000000,0,0.00000000,55600,55609,25,0.00173236
1773325892.83744526,0.01396153,6398,0.00014872,0.00000000,0,0.00000000,55609,55597,43,0.00095957
1773325892.93771672,0.01368089,6291,0.00010003,0.00000000,0,0.00000000,55597,55591,31,0.00289254
1773325893.03746057,0.01731901,6350,0.00078790,0.00000000,0,0.00000000,55591,55598,44,0.00191190
1773325893.13754106,0.01176169,6340,0.00011758,0.00000000,0,0.00000000,55598,55593,39,0.00152200
1773325893.23756742,0.01328868,6351,0.00011184,0.00000000,0,0.00000000,55593,55601,39,0.00080166
1773325893.33755231,0.02872802,6347,0.00014798,0.00000000,0,0.00000000,55601,55604,29,0.00202757
1773325893.43769717,0.01797067,6359,0.00015567,0.00000000,0,0.00000000,55604,55600,40,0.00160196
1773325893.53768611,0.02256650,6343,0.00045398,0.00000000,0,0.00000000,55600,55600,30,0.00083115
1773325893.63749313,0.02214368,6373,0.00013216,0.00000000,0,0.00000000,55600,55609,26,0.00077601
1773325893.73762012,0.01692241,6304,0.00010890,0.00000000,0,0.00000000,55609,55618,27,0.00132812
1773325893.83767653,0.02714885,6260,0.00036380,0.00000000,0,0.00000000,55618,55628,25,0.00248899
1773325893.93748879,0.01942508,6252,0.00013464,0.00000000,0,0.00000000,55628,55635,35,0.00146417
1773325894.03750539,0.01775826,6268,0.00026255,0.00000000,0,0.00000000,55635,55642,19,0.00268587
1773325894.13750648,0.02508667,6257,0.00037273,0.00000000,0,0.00000000,55642,55648,26,0.00272222
1773325894.23757362,0.01744469,6270,0.00012405,0.00000000,0,0.00000000,55648,55642,31,0.00089060
1773325894.33749366,0.01374135,6237,0.00015080,0.00000000,0,0.00000000,55642,55642,27,0.00218063
1773325894.43749785,0.01261527,6298,0.00013464,0.00000000,0,0.00000000,55642,55636,37,0.00193689
1773325894.53752041,0.01253028,6251,0.00012907,0.00000000,0,0.00000000,55636,55652,34,0.00254983
1773325894.63753629,0.01311077,6277,0.00024822,0.00000000,0,0.00000000,55652,55641,39,0.00209671
1773325894.73759294,0.01355851,6249,0.00008742,0.00000000,0,0.00000000,55641,55644,30,0.00098144
1773325894.83768368,0.01215198,6287,0.00011104,0.00000000,0,0.00000000,55644,55658,41,0.00192993
1773325894.93759465,0.02202654,6315,0.00012136,0.00000000,0,0.00000000,55658,55663,24,0.00081816
1773325895.03751445,0.01645824,6313,0.00030921,0.00000000,0,0.00000000,55663,55670,26,0.00084115
1773325895.13752556,0.02398153,6316,0.00008694,0.00000000,0,0.00000000,55670,55674,27,0.00150390
1773325895.23768616,0.02026946,6355,0.00038266,0.00000000,0,0.00000000,55674,55673,24,0.00158801
1773325895.33752394,0.02924823,6345,0.00035902,0.00000000,0,0.00000000,55673,55669,22,0.00166799
1773325895.43758607,0.01362418,6340,0.00009922,0.00000000,0,0.00000000,55669,55659,26,0.00191989
1773325895.53759599,0.01743431,6342,0.00024541,0.00000000,0,0.00000000,55659,55667,26,0.00171329
1773325895.63754916,0.02295220,6372,0.00044835,0.00000000,0,0.00000000,55667,55664,32,0.00151727
1773325895.73757648,0.01061320,6376,0.00010056,0.00000000,0,0.00000000,55664,55659,25,0.00262016
1773325895.83758354,0.01186964,6371,0.00009309,0.00000000,0,0.00000000,55659,55663,32,0.00169301
1773325895.93754840,0.01463644,6401,0.00012595,0.00000000,0,0.00000000,55663,55669,38,0.00091542
1773325896.03758383,0.01645282,6353,0.00011444,0.00000000,0,0.00000000,55669,55669,35,0.00197744
1773325896.13740611,0.01310026,6415,0.00009103,0.00000000,0,0.00000000,55669,55676,28,0.00091081
1773325896.23757792,0.01468575,6411,0.00009403,0.00000000,0,0.00000000,55676,55680,29,0.00096548
1773325896.33758712,0.02129588,6348,0.00006512,0.00000000,0,0.00000000,55680,55688,26,0.00160905
1773325896.43758416,0.01734798,6380,0.00027904,0.00000000,0,0.00000000,55688,55687,24,0.00166285
1773325896.53776932,0.02265670,6378,0.00030341,0.00000000,0,0.00000000,55687,55687,24,0.00105776
1773325896.63758230,0.02388032,6372,0.00007523,0.00000000,0,0.00000000,55687,55687,22,0.00119527
1773325896.73755074,0.01660777,6366,0.00043321,0.00000000,0,0.00000000,55687,55692,32,0.00270142
1773325896.83755732,0.02754513,6373,0.00024679,0.00000000,0,0.00000000,55692,55699,20,0.00198943
1773325896.93768239,0.01989503,6357,0.00028044,0.00000000,0,0.00000000,55699,55705,23,0.00081355
1773325897.03749847,0.02384965,6331,0.00040584,0.00000000,0,0.00000000,55705,55705,29,0.00165114
1773325897.13748312,0.02076464,6344,0.00059171,0.00000000,0,0.00000000,55705,55695,37,0.00255080
1773325897.23752117,0.02912245,6341,0.00061339,0.00000000,0,0.00000000,55695,55679,35,0.00171898
1773325897.33749342,0.01459363,6336,0.00011498,0.00000000,0,0.00000000,55679,55672,34,0.00218806
1773325897.43754768,0.02996088,6287,0.00025321,0.00000000,0,0.00000000,55672,55680,46,0.00117116
1773325897.53745604,0.02038939,6359,0.00024419,0.00000000,0,0.00000000,55680,55646,38,0.00163991
1773325897.63791132,0.01651238,6305,0.00016519,0.00000000,0,0.00000000,55646,55645,34,0.00167897
1773325897.73813009,0.01619472,6225,0.00014264,0.00000000,0,0.00000000,55645,55658,49,0.00191347
1773325897.83762455,0.01674408,6200,0.00019005,0.00000000,0,0.00000000,55658,55658,46,0.00196502
1773325897.93738890,0.02882574,6229,0.00056448,0.00000000,0,0.00000000,55658,55618,34,0.00088525
1773325898.03753662,0.03167174,6195,0.00035931,0.00000000,0,0.00000000,55618,55616,35,0.00159495
1773325898.13766122,0.02644671,6171,0.00040372,0.00000000,0,0.00000000,55616,55619,41,0.00080716
1773325898.23757744,0.02106624,6168,0.00015151,0.00000000,0,0.00000000,55619,55625,38,0.00080777
1773325898.33754826,0.03725419,6091,0.00019127,0.00000000,0,0.00000000,55625,55634,43,0.00257952
1773325898.43764973,0.02610994,6108,0.00018661,0.00000000,0,0.00000000,55634,55640,45,0.00172020
1773325898.53743625,0.02434252,6179,0.00017378,0.00000000,0,0.00000000,55640,55641,38,0.00290509
1773325898.63768792,0.03845807,6126,0.00037124,0.00000000,0,0.00000000,55641,55649,48,0.00223591
1773325898.73757577,0.01626949,6096,0.00034301,0.00000000,0,0.00000000,55649,55603,43,0.00179324
1773325898.83758140,0.01727812,6048,0.00037735,0.00000000,0,0.00000000,55603,55594,33,0.00309135
1773325898.93757367,0.01946124,6033,0.00010511,0.00000000,0,0.00000000,55594,55603,42,0.00167634
1773325899.03754711,0.01620490,5946,0.00016661,0.00000000,0,0.00000000,55603,55584,45,0.00159055
1773325899.13757968,0.03831970,5845,0.00013918,0.00000000,0,0.00000000,55584,55584,37,0.00183096
1773325899.23750687,0.01777419,5881,0.00011562,0.00000000,0,0.00000000,55584,55593,37,0.00092353
1773325899.33804440,0.02031194,5836,0.00026050,0.00000000,0,0.00000000,55593,55596,40,0.00166430
1773325899.43777895,0.03298719,5868,0.00038444,0.00000000,0,0.00000000,55596,55600,36,0.00084097
1773325899.53762817,0.02282647,5938,0.00017002,0.00000000,0,0.00000000,55600,55599,41,0.00113558
1773325899.63745546,0.01876694,5965,0.00036358,0.00000000,0,0.00000000,55599,55608,32,0.00115723
1773325899.73762226,0.03034878,5998,0.00040054,0.00000000,0,0.00000000,55608,55622,42,0.00085027
1773325899.83759665,0.02097219,6055,0.00009315,0.00000000,0,0.00000000,55622,55634,28,0.00093230
1773325899.93756270,0.02735177,6077,0.00088671,0.00000000,0,0.00000000,55634,55621,44,0.00242627
1773325900.03761387,0.02566138,6082,0.00018436,0.00000000,0,0.00000000,55621,55612,38,0.00224528
1773325900.13763142,0.03146399,6112,0.00041866,0.00000000,0,0.00000000,55612,55624,38,0.00159827
1773325900.23762298,0.01578682,6060,0.00014534,0.00000000,0,0.00000000,55624,55629,44,0.00166773
1773325900.33738661,0.01479875,6151,0.00010593,0.00000000,0,0.00000000,55629,55637,37,0.00114881
1773325900.43765545,0.02179759,6119,0.00013105,0.00000000,0,0.00000000,55637,55644,38,0.00346859
1773325900.53743291,0.01499425,6130,0.00017236,0.00000000,0,0.00000000,55644,55650,48,0.00103854
1773325900.63804293,0.01721666,6133,0.00015635,0.00000000,0,0.00000000,55650,55642,40,0.00150930
1773325900.73747969,0.01605571,6155,0.00015251,0.00000000,0,0.00000000,55642,55646,41,0.00081829
1773325900.83748484,0.01808800,6183,0.00020425,0.00000000,0,0.00000000,55646,55661,44,0.00187321
1773325900.93757629,0.03533549,6178,0.00072407,0.00000000,0,0.00000000,55661,55683,52,0.00079281
1773325901.03770781,0.03064055,6235,0.00060358,0.00000000,0,0.00000000,55683,55703,46,0.00163219
1773325901.13762665,0.04328992,6220,0.00059969,0.00000000,0,0.00000000,55703,55705,38,0.00149951
1773325901.23799062,0.03704664,6191,0.00019697,0.00000000,0,0.00000000,55705,55697,27,0.00116723
1773325901.33805323,0.02479815,6206,0.00013761,0.00000000,0,0.00000000,55697,55710,50,0.00197578
1773325901.43747544,0.03365053,6252,0.00129775,0.00000000,0,0.00000000,55710,55659,37,0.00212190
1773325901.53803682,0.03962589,6275,0.00025177,0.00000000,0,0.00000000,55659,55669,48,0.00217438
1773325901.63800955,0.01954809,6178,0.00019385,0.00000000,0,0.00000000,55669,55668,48,0.00184195
1773325901.73747253,0.02475674,6284,0.00054342,0.00000000,0,0.00000000,55668,55675,44,0.00209155
1773325901.83799934,0.03501609,6194,0.00015277,0.00000000,0,0.00000000,55675,55687,36,0.00181111
1773325901.93754983,0.01979910,6202,0.00014398,0.00000000,0,0.00000000,55687,55697,45,0.00089526
1773325902.03759909,0.01918493,6157,0.00017036,0.00000000,0,0.00000000,55697,55711,50,0.00150410
1773325902.13762379,0.01643565,6184,0.00013124,0.00000000,0,0.00000000,55711,55723,42,0.00109672
1773325902.23803186,0.01721656,6160,0.00018369,0.00000000,0,0.00000000,55723,55743,53,0.00231394
1773325902.33808589,0.03532938,6149,0.00020894,0.00000000,0,0.00000000,55743,55742,50,0.00101550
1773325902.43753052,0.03020999,6167,0.00041948,0.00000000,0,0.00000000,55742,55745,35,0.00088311
1773325902.53761315,0.01796747,6176,0.00056863,0.00000000,0,0.00000000,55745,55744,44,0.00081393
1773325902.63809776,0.03559883,6191,0.00011574,0.00000000,0,0.00000000,55744,55757,37,0.00086493
1773325902.73749352,0.03132735,6220,0.00062685,0.00000000,0,0.00000000,55757,55765,55,0.00130356
1773325902.83811927,0.02529412,6201,0.00054525,0.00000000,0,0.00000000,55765,55777,47,0.00195686
1773325902.93749690,0.03433212,6210,0.00015998,0.00000000,0,0.00000000,55777,55786,38,0.00153313
1773325903.03806901,0.03239932,6253,0.00080320,0.00000000,0,0.00000000,55786,55776,55,0.00174181
1773325903.13811159,0.03189363,6209,0.00016476,0.00000000,0,0.00000000,55776,55784,36,0.00275283
1773325903.23750854,0.01384037,6254,0.00015858,0.00000000,0,0.00000000,55784,55782,52,0.00161808
1773325903.33764267,0.01568196,6214,0.00010371,0.00000000,0,0.00000000,55782,55794,36,0.00291782
1773325903.43749189,0.02297184,6225,0.00010796,0.00000000,0,0.00000000,55794,55800,38,0.00250910
1773325903.53754807,0.02684755,6282,0.00025585,0.00000000,0,0.00000000,55800,55797,34,0.00196906
1773325903.63804603,0.01766769,6212,0.00019629,0.00000000,0,0.00000000,55797,55773,40,0.00096318
1773325903.73734188,0.01657603,6307,0.00013715,0.00000000,0,0.00000000,55773,55764,35,0.00084290
1773325903.83760262,0.03208092,6270,0.00054494,0.00000000,0,0.00000000,55764,55771,38,0.00202644
1773325903.93799305,0.02840882,6254,0.00046003,0.00000000,0,0.00000000,55771,55762,41,0.00155397
1773325904.03793764,0.01795366,6223,0.00010835,0.00000000,0,0.00000000,55762,55769,33,0.00113685
1773325904.13743901,0.01248559,6271,0.00008851,0.00000000,0,0.00000000,55769,55771,33,0.00083529
1773325904.23797750,0.01495981,6186,0.00009983,0.00000000,0,0.00000000,55771,55758,21,0.00091555
1773325904.33736181,0.01860772,6261,0.00043894,0.00000000,0,0.00000000,55758,55763,37,0.00219222
1773325904.43755054,0.02706302,6291,0.00015518,0.00000000,0,0.00000000,55763,55770,30,0.00279801
1773325904.53754854,0.01622947,6261,0.00010204,0.00000000,0,0.00000000,55770,55779,25,0.00256002
1773325904.63740015,0.01751223,6341,0.00016313,0.00000000,0,0.00000000,55779,55791,38,0.00149887
1773325904.73791480,0.01838741,6293,0.00009505,0.00000000,0,0.00000000,55791,55794,34,0.00153786
1773325904.83794212,0.01478681,6309,0.00021548,0.00000000,0,0.00000000,55794,55794,43,0.00175664
1773325904.93797398,0.01489784,6253,0.00007030,0.00000000,0,0.00000000,55794,55800,29,0.00151350
1773325905.03746891,0.01493270,6325,0.00027138,0.00000000,0,0.00000000,55800,55800,30,0.00181594
1773325905.13800335,0.01479134,6239,0.00012685,0.00000000,0,0.00000000,55800,55808,33,0.00190180
1773325905.23753285,0.01709520,6291,0.00009871,0.00000000,0,0.00000000,55808,55812,31,0.00094340
1773325905.33751702,0.01590962,6313,0.00008851,0.00000000,0,0.00000000,55812,55813,36,0.00196814
1773325905.43754721,0.02397670,6278,0.00018361,0.00000000,0,0.00000000,55813,55823,40,0.00107914
1773325905.53768444,0.03473226,6315,0.00037531,0.00000000,0,0.00000000,55823,55831,35,0.00093173
1773325905.63788462,0.02349668,6315,0.00006155,0.00000000,0,0.00000000,55831,55837,21,0.00158610
1773325905.73743582,0.02439467,6308,0.00039003,0.00000000,0,0.00000000,55837,55832,27,0.00089375
1773325905.83791637,0.02627238,6236,0.00026194,0.00000000,0,0.00000000,55832,55831,21,0.00163682
1773325905.93742228,0.02405946,6338,0.00049720,0.00000000,0,0.00000000,55831,55840,36,0.00086475
1773325906.03789759,0.02988470,6264,0.00066924,0.00000000,0,0.00000000,55840,55817,41,0.00242069
1773325906.13796377,0.02558350,6254,0.00012014,0.00000000,0,0.00000000,55817,55827,30,0.00270862
1773325906.23792458,0.01535462,6283,0.00014110,0.00000000,0,0.00000000,55827,55835,32,0.00222960
1773325906.33795524,0.01223544,6305,0.00007845,0.00000000,0,0.00000000,55835,55843,29,0.00256489
1773325906.43795896,0.01196679,6259,0.00010229,0.00000000,0,0.00000000,55843,55844,30,0.00284830
1773325906.53796220,0.01778063,6236,0.00013218,0.00000000,0,0.00000000,55844,55849,36,0.00170287
1773325906.63748193,0.01495565,6263,0.00011675,0.00000000,0,0.00000000,55849,55857,26,0.00089923
1773325906.73797250,0.01213428,6250,0.00009157,0.00000000,0,0.00000000,55857,55867,37,0.00102053
1773325906.83753467,0.02432826,6239,0.00035474,0.00000000,0,0.00000000,55867,55872,27,0.00091074
1773325906.93790150,0.02115942,6224,0.00011878,0.00000000,0,0.00000000,55872,55876,38,0.00102248
1773325907.03789091,0.02886874,6205,0.00045627,0.00000000,0,0.00000000,55876,55879,31,0.00090292
1773325907.13788533,0.02434902,6218,0.00015987,0.00000000,0,0.00000000,55879,55894,32,0.00079560
1773325907.23789048,0.01944764,6185,0.00050670,0.00000000,0,0.00000000,55894,55892,35,0.00214666
1773325907.33787894,0.02307906,6202,0.00036278,0.00000000,0,0.00000000,55892,55887,29,0.00248228
1773325907.43806219,0.01819865,6178,0.00025457,0.00000000,0,0.00000000,55887,55892,21,0.00185505
1773325907.53807378,0.02112098,6160,0.00033618,0.00000000,0,0.00000000,55892,55902,26,0.00306631
1773325907.63791203,0.01739036,6177,0.00011842,0.00000000,0,0.00000000,55902,55902,34,0.00173496
1773325907.73809981,0.01111090,6065,0.00010944,0.00000000,0,0.00000000,55902,55909,30,0.00190177
1773325907.83787394,0.02002413,5939,0.00032380,0.00000000,0,0.00000000,55909,55924,24,0.00258609
1773325907.93812037,0.00962118,5949,0.00011646,0.00000000,0,0.00000000,55924,55911,30,0.00105088
1773325908.03901291,0.01147309,5890,0.00009749,0.00000000,0,0.00000000,55911,55916,25,0.00157628
1773325908.13811111,0.00994424,5770,0.00012453,0.00000000,0,0.00000000,55916,55903,30,0.00268503
1773325908.23800159,0.00714218,5683,0.00007565,0.00000000,0,0.00000000,55903,55909,21,0.00157308
1773325908.33743334,0.02154084,5592,0.00026903,0.00000000,0,0.00000000,55909,55915,25,0.00168350
1773325908.43748188,0.01238180,5573,0.00007907,0.00000000,0,0.00000000,55915,55903,17,0.00112616
1773325908.53803515,0.01729134,5399,0.00021419,0.00000000,0,0.00000000,55903,55908,17,0.00081626
1773325908.63739657,0.01420597,5421,0.00027456,0.00000000,0,0.00000000,55908,55906,18,0.00078717
1773325908.73791432,0.00925163,5338,0.00015177,0.00000000,0,0.00000000,55906,55909,25,0.00143351
1773325908.83797717,0.01281156,5207,0.00028374,0.00000000,0,0.00000000,55909,55922,22,0.00206228
1773325908.93810916,0.00930758,5184,0.00004342,0.00000000,0,0.00000000,55922,55914,12,0.00076716
1773325909.03799582,0.01084623,4954,0.00020116,0.00000000,0,0.00000000,55914,55919,11,0.00243609
1773325909.13785744,0.01017592,4949,0.00014979,0.00000000,0,0.00000000,55919,55922,10,0.00209648
1773325909.23784471,0.00509689,4821,0.00004385,0.00000000,0,0.00000000,55922,55928,13,0.00254340
1773325909.33784008,0.00568440,4653,0.00003063,0.00000000,0,0.00000000,55928,55928,6,0.00241776
1773325909.43791866,0.00513605,4540,0.00004597,0.00000000,0,0.00000000,55928,55932,10,0.00078666
1773325909.53783822,0.00690258,4520,0.00010797,0.00000000,0,0.00000000,55932,55918,14,0.00173275
1773325909.63758087,0.00514366,4486,0.00011017,0.00000000,0,0.00000000,55918,55894,19,0.00169195
1773325909.73808980,0.00773009,4293,0.00008437,0.00000000,0,0.00000000,55894,55879,17,0.00088357
1773325909.83791924,0.01202654,4374,0.00027325,0.00000000,0,0.00000000,55879,55875,27,0.00088005
1773325909.93789554,0.01955553,4409,0.00028346,0.00000000,0,0.00000000,55875,55881,15,0.00114448
1773325910.03810310,0.02236718,4528,0.00024710,0.00000000,0,0.00000000,55881,55868,19,0.00081404
1773325910.13751841,0.01221589,4506,0.00024582,0.00000000,0,0.00000000,55868,55875,18,0.00115718
1773325910.23740578,0.01832352,4490,0.00039382,0.00000000,0,0.00000000,55875,55883,26,0.00154518
1773325910.33792877,0.01981217,4300,0.00023126,0.00000000,0,0.00000000,55883,55844,25,0.00135037
1773325910.43911290,0.01756704,4285,0.00027535,0.00000000,0,0.00000000,55844,55842,17,0.00290447
1773325910.53753710,0.02466567,4270,0.00040333,0.00000000,0,0.00000000,55842,55847,23,0.00199525
1773325910.63802505,0.01594096,4335,0.00010200,0.00000000,0,0.00000000,55847,55838,19,0.00227433
1773325910.73902798,0.02059390,4202,0.00036053,0.00000000,0,0.00000000,55838,55845,29,0.00306166
1773325910.83784747,0.01058543,4406,0.00009052,0.00000000,0,0.00000000,55845,55853,29,0.00153798
1773325910.93809247,0.01615447,4472,0.00006506,0.00000000,0,0.00000000,55853,55859,18,0.00244432
1773325911.03808212,0.01536704,4571,0.00013417,0.00000000,0,0.00000000,55859,55869,22,0.00206403
1773325911.13765478,0.01300121,4726,0.00014229,0.00000000,0,0.00000000,55869,55867,28,0.00219032
1773325911.23900127,0.00976248,4551,0.00008806,0.00000000,0,0.00000000,55867,55876,25,0.00093148
1773325911.33787727,0.01370475,4601,0.00005948,0.00000000,0,0.00000000,55876,55887,24,0.00193960
1773325911.43796277,0.02829456,4413,0.00016138,0.00000000,0,0.00000000,55887,55889,27,0.00152833
1773325911.53755617,0.01893562,4535,0.00017777,0.00000000,0,0.00000000,55889,55907,37,0.00085486
1773325911.63807678,0.02009201,4412,0.00035592,0.00000000,0,0.00000000,55907,55896,28,0.00080119
1773325911.73794889,0.02173388,4625,0.00009522,0.00000000,0,0.00000000,55896,55905,20,0.00086228
1773325911.83751798,0.01695253,4595,0.00039989,0.00000000,0,0.00000000,55905,55902,29,0.00171684
1773325911.93787479,0.02770754,4620,0.00038623,0.00000000,0,0.00000000,55902,55909,28,0.00191982
1773325912.03796482,0.01815562,4330,0.00005899,0.00000000,0,0.00000000,55909,55909,16,0.00165905
1773325912.13765407,0.01898885,4232,0.00032331,0.00000000,0,0.00000000,55909,55917,21,0.00319470
1773325912.23895359,0.02367779,4058,0.00007735,0.00000000,0,0.00000000,55917,55920,17,0.00187961
1773325912.33897924,0.01085685,4346,0.00011765,0.00000000,0,0.00000000,55920,55893,22,0.00088361
1773325912.43800759,0.01511776,5020,0.00003070,0.00000000,0,0.00000000,55893,55897,11,0.00269569
1773325912.53790998,0.01324033,5281,0.00008545,0.00000000,0,0.00000000,55897,55904,21,0.00180055
1773325912.63776135,0.01156123,5432,0.00009820,0.00000000,0,0.00000000,55904,55914,29,0.00241063
1773325912.73898625,0.01160794,5461,0.00008868,0.00000000,0,0.00000000,55914,55909,18,0.00114865
1773325912.83896732,0.00960019,5527,0.00008555,0.00000000,0,0.00000000,55909,55903,21,0.00273809
1773325912.93807125,0.01366819,5481,0.00016851,0.00000000,0,0.00000000,55903,55907,21,0.00120190
1773325913.03786659,0.01801350,5558,0.00005326,0.00000000,0,0.00000000,55907,55914,16,0.00088951
1773325913.13804817,0.02214999,5504,0.00041044,0.00000000,0,0.00000000,55914,55925,25,0.00081533
1773325913.23805451,0.01881327,5560,0.00009445,0.00000000,0,0.00000000,55925,55931,18,0.00102617
1773325913.33774424,0.02936857,5562,0.00025174,0.00000000,0,0.00000000,55931,55931,18,0.00093460
1773325913.43763709,0.02551871,5577,0.00007785,0.00000000,0,0.00000000,55931,55930,12,0.00165005
1773325913.53790188,0.03311609,5534,0.00038413,0.00000000,0,0.00000000,55930,55937,22,0.00080982
1773325913.63790369,0.01812119,5513,0.00027822,0.00000000,0,0.00000000,55937,55934,21,0.00151260
1773325913.73795891,0.01750642,5551,0.00011192,0.00000000,0,0.00000000,55934,55936,13,0.00087286
1773325913.83796239,0.01185211,5502,0.00016023,0.00000000,0,0.00000000,55936,55919,30,0.00277387
1773325913.93787718,0.02227432,5553,0.00044630,0.00000000,0,0.00000000,55919,55909,18,0.00163967
1773325914.03893995,0.01462658,5531,0.00014072,0.00000000,0,0.00000000,55909,55914,21,0.00158960
1773325914.13894725,0.01111559,5533,0.00005477,0.00000000,0,0.00000000,55914,55915,18,0.00171140
1773325914.23790836,0.01221440,5518,0.00005195,0.00000000,0,0.00000000,55915,55922,21,0.00135854
1773325914.33786964,0.01211422,5558,0.00005663,0.00000000,0,0.00000000,55922,55923,18,0.00239112
1773325914.43787289,0.01905014,5512,0.00028260,0.00000000,0,0.00000000,55923,55930,23,0.00146615
1773325914.53782940,0.02480884,5467,0.00012176,0.00000000,0,0.00000000,55930,55937,24,0.00083056
1773325914.63778377,0.01163012,5535,0.00003084,0.00000000,0,0.00000000,55937,55940,16,0.00112744
1773325914.73788929,0.02045236,5475,0.00033576,0.00000000,0,0.00000000,55940,55940,30,0.00155782
1773325914.83778620,0.01675758,5418,0.00007182,0.00000000,0,0.00000000,55940,55935,19,0.00117219
1773325914.93777180,0.02503498,5328,0.00032811,0.00000000,0,0.00000000,55935,55932,22,0.00161116
1773325915.03892589,0.01852654,5207,0.00019824,0.00000000,0,0.00000000,55932,55939,15,0.00163825
1773325915.13892388,0.02163221,5103,0.00011210,0.00000000,0,0.00000000,55939,55944,29,0.00165804
1773325915.23803139,0.01155758,4934,0.00006303,0.00000000,0,0.00000000,55944,55946,12,0.00179001
1773325915.33900142,0.01146715,4575,0.00007457,0.00000000,0,0.00000000,55946,55953,14,0.00121559
1773325915.43780756,0.01017862,4288,0.00006484,0.00000000,0,0.00000000,55953,55943,16,0.00183753
1773325915.53749228,0.01069407,3880,0.00009543,0.00000000,0,0.00000000,55943,55923,10,0.00215638
1773325915.63772488,0.01001902,4145,0.00005509,0.00000000,0,0.00000000,55923,55927,11,0.00234851
1773325915.73890901,0.00789640,4111,0.00002870,0.00000000,0,0.00000000,55927,55930,13,0.00099848
1773325915.83792734,0.01300500,4269,0.00022881,0.00000000,0,0.00000000,55930,55921,16,0.00089251
1773325915.93767691,0.00661689,4055,0.00018607,0.00000000,0,0.00000000,55921,55875,10,0.00122015
1773325916.03755331,0.01506416,4092,0.00032860,0.00000000,0,0.00000000,55875,55873,17,0.00159771
1773325916.13749838,0.00933773,4728,0.00008112,0.00000000,0,0.00000000,55873,55873,24,0.00078324
1773325916.23886180,0.01697053,5267,0.00049071,0.00000000,0,0.00000000,55873,55884,43,0.00137751
1773325916.33904505,0.01239124,5305,0.00009794,0.00000000,0,0.00000000,55884,55890,24,0.00139633
1773325916.43892264,0.01520245,5324,0.00042502,0.00000000,0,0.00000000,55890,55896,34,0.00235103
1773325916.53890657,0.01423608,5295,0.00010269,0.00000000,0,0.00000000,55896,55902,27,0.00199854
1773325916.63887525,0.01107205,5268,0.00006453,0.00000000,0,0.00000000,55902,55907,19,0.00127778
1773325916.73792720,0.01441804,5331,0.00022754,0.00000000,0,0.00000000,55907,55913,20,0.00165514
1773325916.83890533,0.00956840,5347,0.00004504,0.00000000,0,0.00000000,55913,55915,15,0.00164367
1773325916.93885708,0.00807850,5369,0.00006602,0.00000000,0,0.00000000,55915,55924,27,0.00173407
1773325917.03888130,0.01058286,5310,0.00010840,0.00000000,0,0.00000000,55924,55930,28,0.00180751
1773325917.13895273,0.01063382,5323,0.00009184,0.00000000,0,0.00000000,55930,55936,20,0.00089531
1773325917.23888516,0.00938189,5338,0.00006623,0.00000000,0,0.00000000,55936,55934,23,0.00080850
1773325917.33903360,0.01929053,5229,0.00028445,0.00000000,0,0.00000000,55934,55936,19,0.00093830
1773325917.43794632,0.01122558,5321,0.00008635,0.00000000,0,0.00000000,55936,55942,22,0.00084675
1773325917.53896618,0.01384601,5337,0.00018351,0.00000000,0,0.00000000,55942,55948,18,0.00081390
1773325917.63885283,0.01794039,5415,0.00012427,0.00000000,0,0.00000000,55948,55940,17,0.00080652
1773325917.73895359,0.00743659,5397,0.00001698,0.00000000,0,0.00000000,55940,55940,10,0.00217106
1773325917.83890653,0.01880343,5441,0.00049186,0.00000000,0,0.00000000,55940,55943,31,0.00150061
1773325917.93889499,0.01524970,5456,0.00008262,0.00000000,0,0.00000000,55943,55943,21,0.00086818
1773325918.03808260,0.01364855,5536,0.00006844,0.00000000,0,0.00000000,55943,55947,21,0.00192960
1773325918.13898468,0.02245254,5514,0.00037009,0.00000000,0,0.00000000,55947,55955,27,0.00210765
1773325918.23771811,0.00919986,5492,0.00009644,0.00000000,0,0.00000000,55955,55955,24,0.00093848
1773325918.33786058,0.00949958,5510,0.00006416,0.00000000,0,0.00000000,55955,55960,25,0.00165354
1773325918.43787551,0.00919967,5500,0.00005502,0.00000000,0,0.00000000,55960,55966,18,0.00180712
1773325918.53786993,0.01244422,5363,0.00006287,0.00000000,0,0.00000000,55966,55975,19,0.00159715
1773325918.63671732,0.01119324,5761,0.00016179,0.00000000,0,0.00000000,55975,55923,14,0.00144349
1773325918.73877883,0.01227289,5684,0.00007161,0.00000000,0,0.00000000,55923,55923,28,0.00099239
1773325918.83796883,0.02050205,5812,0.00021376,0.00000000,0,0.00000000,55923,55927,15,0.00088410
1773325918.93885541,0.02380130,5844,0.00032161,0.00000000,0,0.00000000,55927,55934,21,0.00102312
1773325919.03882456,0.01587862,5944,0.00005901,0.00000000,0,0.00000000,55934,55937,23,0.00086979
1773325919.13884735,0.02712943,5980,0.00038892,0.00000000,0,0.00000000,55937,55939,28,0.00151484
1773325919.23879075,0.02015931,5999,0.00009522,0.00000000,0,0.00000000,55939,55949,33,0.00251755
1773325919.33893013,0.02016865,6059,0.00023856,0.00000000,0,0.00000000,55949,55949,15,0.00163386
1773325919.43891072,0.01908455,6064,0.00012285,0.00000000,0,0.00000000,55949,55942,28,0.00216323
1773325919.53781009,0.02424734,6120,0.00029592,0.00000000,0,0.00000000,55942,55949,26,0.00157336
1773325919.63780832,0.01862676,6174,0.00030295,0.00000000,0,0.00000000,55949,55957,21,0.00249375
1773325919.73784375,0.02084927,6189,0.00034050,0.00000000,0,0.00000000,55957,55956,25,0.00086712
1773325919.83785081,0.01090994,6143,0.00008622,0.00000000,0,0.00000000,55956,55964,34,0.00278297
1773325919.93780780,0.02080478,6216,0.00014744,0.00000000,0,0.00000000,55964,55971,35,0.00088488
1773325920.03788567,0.01391285,6230,0.00010110,0.00000000,0,0.00000000,55971,55976,34,0.00207689
1773325920.13896084,0.01121182,6275,0.00007715,0.00000000,0,0.00000000,55976,55981,26,0.00223183
1773325920.23894882,0.01252893,6276,0.00010260,0.00000000,0,0.00000000,55981,55974,29,0.00186596
1773325920.33893728,0.01054605,6296,0.00004586,0.00000000,0,0.00000000,55974,55980,26,0.00174511
1773325920.43786311,0.02369291,6293,0.00027258,0.00000000,0,0.00000000,55980,55984,22,0.00155094
1773325920.54018760,0.01595105,6369,0.00007660,0.00000000,0,0.00000000,55984,55992,32,0.00080739
1773325920.63876677,0.02208435,6329,0.00046431,0.00000000,0,0.00000000,55992,56004,32,0.00084639
1773325920.73901844,0.01866588,6356,0.00061644,0.00000000,0,0.00000000,56004,56001,37,0.00079840
1773325920.83782530,0.02313008,6355,0.00031132,0.00000000,0,0.00000000,56001,56011,31,0.00251237
1773325920.93883085,0.01509939,6353,0.00014485,0.00000000,0,0.00000000,56011,56016,19,0.00209535
1773325921.03876233,0.02477054,6328,0.00029581,0.00000000,0,0.00000000,56016,56025,31,0.00177366
1773325921.13878179,0.01563950,6330,0.00012582,0.00000000,0,0.00000000,56025,56020,42,0.00269016
1773325921.23780584,0.01227505,6297,0.00007979,0.00000000,0,0.00000000,56020,56017,17,0.00172786
1773325921.33878446,0.01915034,6299,0.00036570,0.00000000,0,0.00000000,56017,56016,28,0.00226080
1773325921.43877172,0.01569329,6293,0.00013827,0.00000000,0,0.00000000,56016,56014,32,0.00126796
1773325921.53879523,0.01162571,6245,0.00008894,0.00000000,0,0.00000000,56014,56021,29,0.00227450
1773325921.63879466,0.01166378,6251,0.00007221,0.00000000,0,0.00000000,56021,56022,25,0.00149827
1773325921.73889160,0.01144856,6191,0.00005380,0.00000000,0,0.00000000,56022,56026,21,0.00099851
1773325921.83883381,0.01059217,6192,0.00009590,0.00000000,0,0.00000000,56026,56025,31,0.00084783
1773325921.93883824,0.02136810,6125,0.00012073,0.00000000,0,0.00000000,56025,56032,32,0.00087264
1773325922.03897595,0.02006891,6105,0.00047405,0.00000000,0,0.00000000,56032,56041,45,0.00085718
1773325922.13775873,0.02120121,6087,0.00013641,0.00000000,0,0.00000000,56041,56045,39,0.00103886
1773325922.23879099,0.01611471,6031,0.00011065,0.00000000,0,0.00000000,56045,56057,33,0.00085623
1773325922.33878708,0.02452436,6043,0.00017996,0.00000000,0,0.00000000,56057,56050,42,0.00242269
1773325922.43874836,0.02620396,5985,0.00071670,0.00000000,0,0.00000000,56050,56034,31,0.00149342
1773325922.53871751,0.02565333,5992,0.00036120,0.00000000,0,0.00000000,56034,56042,31,0.00232248
1773325922.63781667,0.03137765,5952,0.00049654,0.00000000,0,0.00000000,56042,56052,39,0.00129199
1773325922.73893738,0.01747163,5999,0.00016103,0.00000000,0,0.00000000,56052,56062,45,0.00194341
1773325922.83879828,0.01802510,6071,0.00009894,0.00000000,0,0.00000000,56062,56055,22,0.00177345
1773325922.93874836,0.01829443,6115,0.00010991,0.00000000,0,0.00000000,56055,56058,43,0.00156444
1773325923.03879929,0.01910419,6144,0.00012628,0.00000000,0,0.00000000,56058,56060,38,0.00180661
1773325923.13878059,0.01649390,6182,0.00023730,0.00000000,0,0.00000000,56060,56059,53,0.00176823
1773325923.23882365,0.01435745,6179,0.00006294,0.00000000,0,0.00000000,56059,56062,36,0.00097365
1773325923.33761787,0.02709754,6283,0.00042630,0.00000000,0,0.00000000,56062,56052,35,0.00182703
1773325923.43873644,0.02387889,6259,0.00017367,0.00000000,0,0.00000000,56052,56043,42,0.00179636
1773325923.53884339,0.02166234,6229,0.00051431,0.00000000,0,0.00000000,56043,56037,46,0.00104882
1773325923.63881135,0.02567998,6257,0.00018047,0.00000000,0,0.00000000,56037,56045,39,0.00152880
1773325923.73887277,0.01828084,6205,0.00015875,0.00000000,0,0.00000000,56045,56059,46,0.00185782
1773325923.83774495,0.03084889,6252,0.00051293,0.00000000,0,0.00000000,56059,56055,51,0.00186688
1773325923.93872809,0.02355561,6211,0.00056167,0.00000000,0,0.00000000,56055,56053,31,0.00104655
1773325924.03881240,0.03423959,6238,0.00030577,0.00000000,0,0.00000000,56053,56057,46,0.00086412
1773325924.13870001,0.01826026,6216,0.00014857,0.00000000,0,0.00000000,56057,56053,46,0.00146607
1773325924.23875999,0.01486354,6258,0.00014983,0.00000000,0,0.00000000,56053,56055,34,0.00093216
1773325924.33876061,0.01931760,6245,0.00027869,0.00000000,0,0.00000000,56055,56059,28,0.00279733
1773325924.43892169,0.01629504,6216,0.00009447,0.00000000,0,0.00000000,56059,56064,37,0.00081756
1773325924.53873110,0.01737719,6274,0.00055671,0.00000000,0,0.00000000,56064,56066,34,0.00078668
1773325924.63889384,0.01598847,6227,0.00012504,0.00000000,0,0.00000000,56066,56073,41,0.00139657
1773325924.73770332,0.01624613,6285,0.00009129,0.00000000,0,0.00000000,56073,56082,36,0.00092736
1773325924.83771682,0.02286406,6239,0.00020265,0.00000000,0,0.00000000,56082,56091,41,0.00172490
1773325924.93873811,0.02676424,6249,0.00044662,0.00000000,0,0.00000000,56091,56098,46,0.00090085
1773325925.03869009,0.03335532,6287,0.00013558,0.00000000,0,0.00000000,56098,56094,36,0.00084213
1773325925.13880634,0.02306778,6290,0.00048173,0.00000000,0,0.00000000,56094,56093,32,0.00081722
1773325925.23871374,0.02890871,6269,0.00049979,0.00000000,0,0.00000000,56093,56098,44,0.00160615
1773325925.33876491,0.02889068,6291,0.00013348,0.00000000,0,0.00000000,56098,56086,35,0.00089063
1773325925.43877935,0.02759691,6256,0.00081280,0.00000000,0,0.00000000,56086,56090,48,0.00222547
1773325925.53882360,0.03172450,6310,0.00014612,0.00000000,0,0.00000000,56090,56094,41,0.00178442
1773325925.63879585,0.02797405,6275,0.00050028,0.00000000,0,0.00000000,56094,56078,31,0.00082814
1773325925.73883963,0.01524181,6244,0.00007802,0.00000000,0,0.00000000,56078,56079,31,0.00286854
1773325925.83768821,0.01701434,6283,0.00015165,0.00000000,0,0.00000000,56079,56081,29,0.00158289
1773325925.93769908,0.02194761,6320,0.00011744,0.00000000,0,0.00000000,56081,56079,41,0.00213880
1773325926.03767967,0.01804321,6309,0.00016096,0.00000000,0,0.00000000,56079,56085,36,0.00075710
1773325926.13767219,0.01875606,6274,0.00015845,0.00000000,0,0.00000000,56085,56088,37,0.00252672
1773325926.23769259,0.02026531,6270,0.00009030,0.00000000,0,0.00000000,56088,56103,40,0.00094173
1773325926.33866239,0.01921534,6286,0.00010211,0.00000000,0,0.00000000,56103,56108,39,0.00159128
1773325926.43882775,0.03156383,6241,0.00009477,0.00000000,0,0.00000000,56108,56113,34,0.00088037
1773325926.53879738,0.02564022,6219,0.00046047,0.00000000,0,0.00000000,56113,56114,33,0.00082007
1773325926.63767338,0.03447800,6312,0.00017878,0.00000000,0,0.00000000,56114,56117,35,0.00153772
1773325926.73883414,0.02942482,6250,0.00015860,0.00000000,0,0.00000000,56117,56117,39,0.00081185
1773325926.83874512,0.03382023,6255,0.00048089,0.00000000,0,0.00000000,56117,56123,39,0.00200060
1773325926.93882775,0.02692879,6267,0.00012504,0.00000000,0,0.00000000,56123,56136,45,0.00229077
1773325927.03875065,0.03259323,6206,0.00046736,0.00000000,0,0.00000000,56136,56136,41,0.00094994
1773325927.13764906,0.01897066,6263,0.00012877,0.00000000,0,0.00000000,56136,56139,38,0.00242166
1773325927.23764729,0.01931036,6263,0.00014217,0.00000000,0,0.00000000,56139,56143,39,0.00139566
1773325927.33776879,0.02544748,6259,0.00038307,0.00000000,0,0.00000000,56143,56150,36,0.00249387
1773325927.43862033,0.01668254,6262,0.00009887,0.00000000,0,0.00000000,56150,56150,34,0.00255397
1773325927.53883910,0.01918005,6251,0.00013755,0.00000000,0,0.00000000,56150,56152,43,0.00212091
1773325927.63868380,0.01588751,6244,0.00007878,0.00000000,0,0.00000000,56152,56160,35,0.00157388
1773325927.73872375,0.01603955,6234,0.00018220,0.00000000,0,0.00000000,56160,56153,50,0.00079688
1773325927.83864331,0.02526620,6261,0.00036068,0.00000000,0,0.00000000,56153,56160,34,0.00090488
1773325927.93871427,0.02715046,6245,0.00034778,0.00000000,0,0.00000000,56160,56169,35,0.00173386
1773325928.03877783,0.02501684,6258,0.00016118,0.00000000,0,0.00000000,56169,56156,34,0.00096528
1773325928.13873601,0.03775391,6239,0.00056107,0.00000000,0,0.00000000,56156,56158,45,0.00084754
1773325928.23872256,0.02955525,6217,0.00016008,0.00000000,0,0.00000000,56158,56156,43,0.00228373
1773325928.33764791,0.01896599,6234,0.00007932,0.00000000,0,0.00000000,56156,56162,34,0.00210592
1773325928.43870091,0.03455202,6297,0.00046422,0.00000000,0,0.00000000,56162,56163,38,0.00182934
1773325928.53859282,0.03161062,6235,0.00051171,0.00000000,0,0.00000000,56163,56135,37,0.00090425
1773325928.63762641,0.01795289,6257,0.00017286,0.00000000,0,0.00000000,56135,56113,36,0.00180745
1773325928.73863173,0.03407953,6236,0.00022483,0.00000000,0,0.00000000,56113,56117,44,0.00266089
1773325928.83856177,0.01676825,6212,0.00010395,0.00000000,0,0.00000000,56117,56114,33,0.00088927
1773325928.93877888,0.02863919,6227,0.00008300,0.00000000,0,0.00000000,56114,56119,27,0.00255466
1773325929.03874350,0.02064014,6172,0.00012761,0.00000000,0,0.00000000,56119,56129,39,0.00157975
1773325929.13757753,0.01827344,6259,0.00010900,0.00000000,0,0.00000000,56129,56128,39,0.00097376
1773325929.23870468,0.01766955,6168,0.00009903,0.00000000,0,0.00000000,56128,56115,36,0.00084568
1773325929.33761406,0.01792167,6214,0.00009612,0.00000000,0,0.00000000,56115,56118,44,0.00275191
1773325929.43862057,0.02411679,6198,0.00034697,0.00000000,0,0.00000000,56118,56118,44,0.00083965
1773325929.53871417,0.03522356,6228,0.00011500,0.00000000,0,0.00000000,56118,56125,33,0.00085553
1773325929.63865852,0.02094712,6250,0.00017187,0.00000000,0,0.00000000,56125,56129,39,0.00081508
1773325929.73863482,0.03599130,6245,0.00013645,0.00000000,0,0.00000000,56129,56134,37,0.00158216
1773325929.83866954,0.02424239,6195,0.00035763,0.00000000,0,0.00000000,56134,56140,30,0.00166473
1773325929.93868375,0.02656090,6220,0.00040929,0.00000000,0,0.00000000,56140,56142,36,0.00164327
1773325930.03868127,0.03076998,6209,0.00073481,0.00000000,0,0.00000000,56142,56134,43,0.00163889
1773325930.13870454,0.01720003,6237,0.00010477,0.00000000,0,0.00000000,56134,56136,38,0.00227232
1773325930.23869848,0.01738636,6232,0.00012665,0.00000000,0,0.00000000,56136,56134,33,0.00174143
1773325930.33875203,0.02753489,6214,0.00035708,0.00000000,0,0.00000000,56134,56129,26,0.00209405
1773325930.43873477,0.01562813,6194,0.00011041,0.00000000,0,0.00000000,56129,56139,39,0.00097408
1773325930.53875446,0.02347829,6207,0.00012043,0.00000000,0,0.00000000,56139,56141,34,0.00322684
1773325930.63758922,0.02039034,6250,0.00007963,0.00000000,0,0.00000000,56141,56146,25,0.00303731
1773325930.73863435,0.02136693,6251,0.00010919,0.00000000,0,0.00000000,56146,56154,32,0.00116973
1773325930.83762217,0.02943834,6225,0.00038903,0.00000000,0,0.00000000,56154,56156,30,0.00080241
1773325930.93860435,0.03525680,6217,0.00071861,0.00000000,0,0.00000000,56156,56157,47,0.00113008
1773325931.03868032,0.03449506,6199,0.00045437,0.00000000,0,0.00000000,56157,56159,31,0.00119174
1773325931.13760614,0.03377301,6233,0.00053589,0.00000000,0,0.00000000,56159,56162,39,0.00113032
1773325931.23755264,0.03839165,6226,0.00022130,0.00000000,0,0.00000000,56162,56166,44,0.00259117
1773325931.33761334,0.03082311,6222,0.00039531,0.00000000,0,0.00000000,56166,56171,40,0.00109952
1773325931.43856692,0.03369202,6230,0.00028592,0.00000000,0,0.00000000,56171,56171,38,0.00272552
1773325931.53859472,0.03114941,6244,0.00033738,0.00000000,0,0.00000000,56171,56179,27,0.00247745
1773325931.63868189,0.02917620,6240,0.00013274,0.00000000,0,0.00000000,56179,56186,40,0.00150991
1773325931.73862195,0.02192532,6251,0.00017806,0.00000000,0,0.00000000,56186,56182,40,0.00172263
1773325931.83861589,0.02154325,6258,0.00015661,0.00000000,0,0.00000000,56182,56187,39,0.00156424
1773325931.93864226,0.02690076,6199,0.00021559,0.00000000,0,0.00000000,56187,56181,48,0.00191980
1773325932.03759551,0.02529142,6229,0.00015840,0.00000000,0,0.00000000,56181,56189,31,0.00194951
1773325932.13754821,0.01715707,6240,0.00009949,0.00000000,0,0.00000000,56189,56189,38,0.00121614
1773325932.23756409,0.01927721,6227,0.00015185,0.00000000,0,0.00000000,56189,56185,41,0.00085290
1773325932.33757925,0.03125577,6229,0.00050226,0.00000000,0,0.00000000,56185,56190,41,0.00258210
1773325932.43755746,0.03236189,6248,0.00040899,0.00000000,0,0.00000000,56190,56196,30,0.00156670
1773325932.53754234,0.03088648,6272,0.00043619,0.00000000,0,0.00000000,56196,56200,33,0.00086076
1773325932.63865471,0.02648754,6223,0.00011110,0.00000000,0,0.00000000,56200,56179,34,0.00083289
1773325932.73863339,0.02464595,6232,0.00011313,0.00000000,0,0.00000000,56179,56180,30,0.00078237
1773325932.83864021,0.03634990,6235,0.00015960,0.00000000,0,0.00000000,56180,56169,42,0.00164382
1773325932.93870735,0.02728206,6234,0.00027283,0.00000000,0,0.00000000,56169,56167,41,0.00141074
1773325933.03867364,0.02998439,6219,0.00044888,0.00000000,0,0.00000000,56167,56161,31,0.00270703
1773325933.13850570,0.02285151,6158,0.00045763,0.00000000,0,0.00000000,56161,56172,43,0.00149473
1773325933.23689771,0.03334814,6288,0.00011381,0.00000000,0,0.00000000,56172,56174,32,0.00121398
1773325933.33864403,0.02210902,6261,0.00015356,0.00000000,0,0.00000000,56174,56180,32,0.00179457
1773325933.43866134,0.03577524,6220,0.00041945,0.00000000,0,0.00000000,56180,56185,43,0.00092655
1773325933.53752732,0.02483291,6237,0.00011491,0.00000000,0,0.00000000,56185,56187,46,0.00221096
1773325933.63754320,0.01976536,6212,0.00018450,0.00000000,0,0.00000000,56187,56180,46,0.00232960
1773325933.73851299,0.01980951,6258,0.00011952,0.00000000,0,0.00000000,56180,56192,30,0.00081032
1773325933.83850670,0.01747238,6237,0.00013943,0.00000000,0,0.00000000,56192,56188,40,0.00182220
1773325933.93853569,0.02954538,6233,0.00054859,0.00000000,0,0.00000000,56188,56165,40,0.00088076
1773325934.03849077,0.03062295,6239,0.00038598,0.00000000,0,0.00000000,56165,56167,33,0.00132212
1773325934.13856578,0.02350087,6230,0.00006828,0.00000000,0,0.00000000,56167,56173,32,0.00133456
1773325934.23927665,0.02397220,6233,0.00035512,0.00000000,0,0.00000000,56173,56175,33,0.00149691
1773325934.33862710,0.03437960,6234,0.00013364,0.00000000,0,0.00000000,56175,56178,32,0.00196948
1773325934.43857670,0.02686897,6198,0.00045755,0.00000000,0,0.00000000,56178,56168,28,0.00153967
1773325934.53744841,0.03713908,6260,0.00050473,0.00000000,0,0.00000000,56168,56164,45,0.00212809
1773325934.63857579,0.03176327,6195,0.00023669,0.00000000,0,0.00000000,56164,56166,50,0.00170274
1773325934.73756170,0.02090690,6215,0.00012065,0.00000000,0,0.00000000,56166,56171,42,0.00086681
1773325934.83848023,0.02827914,6232,0.00048422,0.00000000,0,0.00000000,56171,56170,39,0.00264554
1773325934.93850851,0.02042284,6244,0.00012595,0.00000000,0,0.00000000,56170,56176,40,0.00205787
1773325935.03853345,0.02143803,6232,0.00010228,0.00000000,0,0.00000000,56176,56182,35,0.00197454
1773325935.13861275,0.01921199,6232,0.00010820,0.00000000,0,0.00000000,56182,56185,37,0.00213827
1773325935.23747325,0.01934506,6215,0.00010106,0.00000000,0,0.00000000,56185,56187,31,0.00081584
1773325935.33748341,0.02052908,6243,0.00022736,0.00000000,0,0.00000000,56187,56189,40,0.00164067
1773325935.43748975,0.03341029,6223,0.00053371,0.00000000,0,0.00000000,56189,56191,45,0.00097032
1773325935.53750587,0.03147672,6214,0.00037275,0.00000000,0,0.00000000,56191,56187,34,0.00096210
1773325935.63847256,0.03583315,6211,0.00045429,0.00000000,0,0.00000000,56187,56183,44,0.00161012
1773325935.73849678,0.03469610,6217,0.00012816,0.00000000,0,0.00000000,56183,56189,39,0.00152248
1773325935.83861423,0.02835620,6218,0.00048380,0.00000000,0,0.00000000,56189,56191,40,0.00172864
1773325935.93749452,0.03377267,6242,0.00019392,0.00000000,0,0.00000000,56191,56184,34,0.00176083
1773325936.03859258,0.03510848,6251,0.00047724,0.00000000,0,0.00000000,56184,56192,36,0.00153568
1773325936.13843393,0.02898875,6243,0.00011605,0.00000000,0,0.00000000,56192,56190,41,0.00171406
1773325936.23845053,0.02086497,6257,0.00010942,0.00000000,0,0.00000000,56190,56193,31,0.00149220
1773325936.33844638,0.03316460,6257,0.00048293,0.00000000,0,0.00000000,56193,56200,46,0.00087530
1773325936.43843722,0.01800370,6239,0.00009259,0.00000000,0,0.00000000,56200,56209,39,0.00214127
1773325936.53854036,0.02035564,6257,0.00020635,0.00000000,0,0.00000000,56209,56220,51,0.00196230
1773325936.63848686,0.01658797,6222,0.00014505,0.00000000,0,0.00000000,56220,56221,38,0.00168375
1773325936.73850846,0.01660441,6240,0.00011013,0.00000000,0,0.00000000,56221,56211,36,0.00109660
1773325936.83851290,0.02985867,6257,0.00033450,0.00000000,0,0.00000000,56211,56214,27,0.00203066
1773325936.93856907,0.03567800,6188,0.00020462,0.00000000,0,0.00000000,56214,56220,43,0.00085068
1773325937.03744888,0.02642396,6215,0.00045117,0.00000000,0,0.00000000,56220,56223,37,0.00090310
1773325937.13846588,0.01836357,6241,0.00022998,0.00000000,0,0.00000000,56223,56224,31,0.00154453
1773325937.23837757,0.03686933,6241,0.00044548,0.00000000,0,0.00000000,56224,56222,32,0.00140597
1773325937.33855748,0.02633954,6218,0.00015473,0.00000000,0,0.00000000,56222,56228,43,0.00226679
1773325937.43852639,0.03069766,6225,0.00038943,0.00000000,0,0.00000000,56228,56227,36,0.00157157
1773325937.53855085,0.03083130,6239,0.00013815,0.00000000,0,0.00000000,56227,56233,37,0.00255727
1773325937.63856339,0.03415215,6163,0.00016531,0.00000000,0,0.00000000,56233,56242,43,0.00167585
1773325937.73842597,0.01596366,6225,0.00008195,0.00000000,0,0.00000000,56242,56245,37,0.00148903
1773325937.83850026,0.02047289,6264,0.00013921,0.00000000,0,0.00000000,56245,56248,35,0.00169372
1773325937.93874168,0.02864270,6201,0.00016756,0.00000000,0,0.00000000,56248,56251,40,0.00230036
1773325938.03855443,0.01972012,6233,0.00017502,0.00000000,0,0.00000000,56251,56224,44,0.00234810
1773325938.13844037,0.01942474,6246,0.00043005,0.00000000,0,0.00000000,56224,56166,45,0.00115620
1773325938.23856711,0.02016495,6249,0.00012973,0.00000000,0,0.00000000,56166,56162,42,0.00155599
1773325938.33846736,0.02253308,6230,0.00025612,0.00000000,0,0.00000000,56162,56148,38,0.00252407
1773325938.43851900,0.03493663,6245,0.00048934,0.00000000,0,0.00000000,56148,56150,49,0.00080526
1773325938.53851485,0.03105012,6252,0.00034104,0.00000000,0,0.00000000,56150,56140,28,0.00092696
1773325938.63855290,0.03729518,6239,0.00064236,0.00000000,0,0.00000000,56140,56136,53,0.00091507
1773325938.73859406,0.03686838,6241,0.00018900,0.00000000,0,0.00000000,56136,56142,52,0.00160208
1773325938.83861756,0.03444531,6227,0.00064653,0.00000000,0,0.00000000,56142,56151,47,0.00126753
1773325938.93854952,0.03488833,6244,0.00015004,0.00000000,0,0.00000000,56151,56159,42,0.00281484
1773325939.03849673,0.04131453,6250,0.00034883,0.00000000,0,0.00000000,56159,56165,34,0.00102349
1773325939.13859916,0.02530604,6196,0.00019772,0.00000000,0,0.00000000,56165,56173,48,0.00466221
1773325939.23839664,0.02191637,6241,0.00011613,0.00000000,0,0.00000000,56173,56181,47,0.00259138
1773325939.33844280,0.03361858,6245,0.00045732,0.00000000,0,0.00000000,56181,56177,44,0.00253324
1773325939.43853569,0.01918581,6240,0.00009527,0.00000000,0,0.00000000,56177,56178,36,0.00105609
1773325939.53857827,0.02353816,6244,0.00028457,0.00000000,0,0.00000000,56178,56180,50,0.00104918
1773325939.63843679,0.02126733,6257,0.00013208,0.00000000,0,0.00000000,56180,56187,50,0.00076976
1773325939.73852015,0.01659399,6253,0.00009919,0.00000000,0,0.00000000,56187,56195,49,0.00074077
1773325939.83862686,0.02155971,6257,0.00046903,0.00000000,0,0.00000000,56195,56202,54,0.00152486
1773325939.93849516,0.03589902,6247,0.00026095,0.00000000,0,0.00000000,56202,56181,44,0.00149970
1773325940.03862453,0.02916401,6258,0.00044033,0.00000000,0,0.00000000,56181,56167,51,0.00157987
1773325940.13858747,0.03527154,6273,0.00047477,0.00000000,0,0.00000000,56167,56169,39,0.00081206
1773325940.23853874,0.03380923,6255,0.00013231,0.00000000,0,0.00000000,56169,56164,39,0.00084861
1773325940.33849454,0.02859454,6283,0.00043234,0.00000000,0,0.00000000,56164,56169,34,0.00124032
1773325940.43847895,0.03348536,6252,0.00057605,0.00000000,0,0.00000000,56169,56161,46,0.00366189
1773325940.53855491,0.03332301,6244,0.00056731,0.00000000,0,0.00000000,56161,56156,48,0.00131984
1773325940.63831806,0.02128109,6280,0.00015158,0.00000000,0,0.00000000,56156,56132,44,0.00225414
1773325940.73857808,0.01896687,6275,0.00017685,0.00000000,0,0.00000000,56132,56132,45,0.00226513
1773325940.83853245,0.01637265,6251,0.00014416,0.00000000,0,0.00000000,56132,56133,53,0.00089462
1773325940.93845391,0.03094456,6253,0.00012675,0.00000000,0,0.00000000,56133,56138,49,0.00170206
1773325941.03843737,0.02096509,6280,0.00014557,0.00000000,0,0.00000000,56138,56144,39,0.00204218
1773325941.13857412,0.01755163,6249,0.00010671,0.00000000,0,0.00000000,56144,56138,42,0.00155865
1773325941.23855901,0.01812768,6267,0.00010080,0.00000000,0,0.00000000,56138,56138,43,0.00090658
1773325941.33864236,0.01472967,6237,0.00009807,0.00000000,0,0.00000000,56138,56144,50,0.00339655
1773325941.43839645,0.02960091,6243,0.00048980,0.00000000,0,0.00000000,56144,56151,45,0.00101094
1773325941.53853488,0.03381417,6241,0.00040663,0.00000000,0,0.00000000,56151,56145,42,0.00084953
1773325941.63864565,0.03361265,6261,0.00015326,0.00000000,0,0.00000000,56145,56149,45,0.00159207
1773325941.73857355,0.03565298,6208,0.00049090,0.00000000,0,0.00000000,56149,56141,45,0.00105142
1773325941.83852124,0.04176351,6269,0.00037080,0.00000000,0,0.00000000,56141,56082,37,0.00276340
1773325941.93855977,0.02936954,6254,0.00017044,0.00000000,0,0.00000000,56082,56092,39,0.00097282
1773325942.03852534,0.03838548,6271,0.00040128,0.00000000,0,0.00000000,56092,56099,35,0.00199713
1773325942.13855004,0.03363393,6243,0.00013574,0.00000000,0,0.00000000,56099,56092,44,0.00401436
1773325942.23859835,0.02182958,6236,0.00018824,0.00000000,0,0.00000000,56092,56100,38,0.00101373
1773325942.33838725,0.03344848,6296,0.00044298,0.00000000,0,0.00000000,56100,56105,42,0.00332012
1773325942.43860269,0.02279538,6236,0.00013223,0.00000000,0,0.00000000,56105,56111,35,0.00300187
1773325942.53840375,0.02134707,6267,0.00013438,0.00000000,0,0.00000000,56111,56111,44,0.00311357
1773325942.63850188,0.01792921,6208,0.00016122,0.00000000,0,0.00000000,56111,56106,44,0.00193325
1773325942.73834562,0.02010611,6290,0.00012080,0.00000000,0,0.00000000,56106,56107,43,0.00096367
1773325942.83859324,0.01944076,6214,0.00014631,0.00000000,0,0.00000000,56107,56109,52,0.00101832
1773325942.93853211,0.02382017,6264,0.00063614,0.00000000,0,0.00000000,56109,56087,39,0.00148699
1773325943.03846192,0.03228782,6261,0.00007080,0.00000000,0,0.00000000,56087,56090,26,0.00123515
1773325943.13853002,0.03399690,6217,0.00067286,0.00000000,0,0.00000000,56090,56092,53,0.00096598
1773325943.23743391,0.03794615,6262,0.00020298,0.00000000,0,0.00000000,56092,56090,54,0.00082855
1773325943.33847237,0.03648180,6213,0.00061462,0.00000000,0,0.00000000,56090,56097,47,0.00153010
1773325943.43856907,0.03862346,6257,0.00011787,0.00000000,0,0.00000000,56097,56099,39,0.00227323
1773325943.53836465,0.04035934,6304,0.00013566,0.00000000,0,0.00000000,56099,56107,42,0.00253640
1773325943.63855600,0.02220718,6275,0.00018626,0.00000000,0,0.00000000,56107,56084,49,0.00240860
1773325943.73859906,0.02016469,6232,0.00011542,0.00000000,0,0.00000000,56084,56079,42,0.00184058
1773325943.83854842,0.04033083,6255,0.00057819,0.00000000,0,0.00000000,56079,56083,48,0.00164056
1773325943.93853712,0.01751445,6256,0.00008362,0.00000000,0,0.00000000,56083,56090,38,0.00113092
1773325944.03844833,0.05334417,6232,0.00022755,0.00000000,0,0.00000000,56090,56100,46,0.00174607
1773325944.13851976,0.02865020,6244,0.00023552,0.00000000,0,0.00000000,56100,56099,34,0.00152072
1773325944.23855114,0.01548062,6262,0.00011359,0.00000000,0,0.00000000,56099,56097,38,0.00077904
1773325944.33846474,0.01667815,6259,0.00013134,0.00000000,0,0.00000000,56097,56088,42,0.00107054
1773325944.43844676,0.03356037,6280,0.00033714,0.00000000,0,0.00000000,56088,56086,35,0.00086706
1773325944.53852439,0.03221714,6241,0.00047074,0.00000000,0,0.00000000,56086,56084,40,0.00218674
1773325944.63853860,0.03328380,6243,0.00015384,0.00000000,0,0.00000000,56084,56093,56,0.00095541
1773325944.73849010,0.02930417,6276,0.00016207,0.00000000,0,0.00000000,56093,56092,42,0.00158523
1773325944.83842564,0.03859115,6292,0.00039324,0.00000000,0,0.00000000,56092,56087,40,0.00204467
1773325944.93852830,0.02920693,6246,0.00035319,0.00000000,0,0.00000000,56087,56092,35,0.00263069
1773325945.03850770,0.04108876,6237,0.00011915,0.00000000,0,0.00000000,56092,56096,38,0.00174521
1773325945.13851261,0.02280028,6233,0.00017241,0.00000000,0,0.00000000,56096,56101,52,0.00270858
1773325945.23850799,0.02239504,6252,0.00014421,0.00000000,0,0.00000000,56101,56115,49,0.00098326
1773325945.33844376,0.03574972,6264,0.00020191,0.00000000,0,0.00000000,56115,56113,39,0.00180864
1773325945.43843818,0.01882474,6280,0.00010048,0.00000000,0,0.00000000,56113,56107,30,0.00272234
1773325945.53844666,0.01965666,6199,0.00018177,0.00000000,0,0.00000000,56107,56114,46,0.00128008
1773325945.63838029,0.01807208,6282,0.00013045,0.00000000,0,0.00000000,56114,56089,37,0.00099216
1773325945.73849726,0.02032595,6243,0.00013674,0.00000000,0,0.00000000,56089,56093,40,0.00078152
1773325945.83838773,0.01561756,6287,0.00007257,0.00000000,0,0.00000000,56093,56101,36,0.00092580
1773325945.93860745,0.02993483,6207,0.00049694,0.00000000,0,0.00000000,56101,56079,39,0.00087395
1773325946.03726435,0.02872348,6297,0.00018530,0.00000000,0,0.00000000,56079,56083,53,0.00154135
1773325946.13852668,0.04203622,6250,0.00017101,0.00000000,0,0.00000000,56083,56080,41,0.00113940
1773325946.23854184,0.03407224,6206,0.00051474,0.00000000,0,0.00000000,56080,56085,48,0.00079081
1773325946.33847904,0.02888899,6267,0.00062217,0.00000000,0,0.00000000,56085,56073,41,0.00129900
1773325946.43842268,0.03626376,6246,0.00018998,0.00000000,0,0.00000000,56073,56079,41,0.00180989
1773325946.53845406,0.02835285,6264,0.00045138,0.00000000,0,0.00000000,56079,56081,33,0.00159020
1773325946.63844752,0.03259195,6271,0.00014602,0.00000000,0,0.00000000,56081,56082,33,0.00280786
1773325946.73845243,0.02447487,6265,0.00030103,0.00000000,0,0.00000000,56082,56077,43,0.00178471
1773325946.83853865,0.02652485,6229,0.00039467,0.00000000,0,0.00000000,56077,56076,31,0.00148853
1773325946.93883300,0.02807848,6237,0.00020314,0.00000000,0,0.00000000,56076,56076,41,0.00177922
1773325947.03837228,0.02761448,6286,0.00014571,0.00000000,0,0.00000000,56076,56078,33,0.00218512
1773325947.13856316,0.01983100,6243,0.00016668,0.00000000,0,0.00000000,56078,56075,47,0.00267846
1773325947.23844624,0.02386902,6263,0.00010040,0.00000000,0,0.00000000,56075,56079,40,0.00133161
1773325947.33845067,0.01684929,6249,0.00007598,0.00000000,0,0.00000000,56079,56077,35,0.00246787
1773325947.43848276,0.02813857,6292,0.00059948,0.00000000,0,0.00000000,56077,56064,59,0.00151158
1773325947.53847694,0.02527176,6256,0.00010412,0.00000000,0,0.00000000,56064,56056,41,0.00109207
1773325947.63855290,0.02895840,6254,0.00056357,0.00000000,0,0.00000000,56056,56065,44,0.00155862
1773325947.73856425,0.03291592,6205,0.00020406,0.00000000,0,0.00000000,56065,56071,44,0.00083969
1773325947.83843279,0.03462845,6223,0.00061675,0.00000000,0,0.00000000,56071,56063,48,0.00083343
1773325947.93842006,0.03846578,6273,0.00054448,0.00000000,0,0.00000000,56063,56061,41,0.00189028
1773325948.03851628,0.04023227,6250,0.00060060,0.00000000,0,0.00000000,56061,56056,47,0.00235903
1773325948.13858986,0.02437987,6225,0.00017936,0.00000000,0,0.00000000,56056,56055,52,0.00284991
1773325948.23836184,0.02261041,6221,0.00015358,0.00000000,0,0.00000000,56055,56061,41,0.00166159
1773325948.33838892,0.03407154,6224,0.00046980,0.00000000,0,0.00000000,56061,56070,49,0.00170288
1773325948.43850088,0.01667704,6221,0.00012923,0.00000000,0,0.00000000,56070,56066,43,0.00231622
1773325948.53837109,0.01653998,6245,0.00020874,0.00000000,0,0.00000000,56066,56066,54,0.00130413
1773325948.63835573,0.02002078,6276,0.00016323,0.00000000,0,0.00000000,56066,56072,57,0.00121921
1773325948.73840976,0.01656975,6298,0.00014114,0.00000000,0,0.00000000,56072,56072,51,0.00075424
1773325948.83852124,0.01983682,6244,0.00007908,0.00000000,0,0.00000000,56072,56077,34,0.00274259
1773325948.93853784,0.03440522,6238,0.00056329,0.00000000,0,0.00000000,56077,56071,44,0.00150392
1773325949.03848863,0.02713106,6210,0.00046872,0.00000000,0,0.00000000,56071,56075,43,0.00117443
1773325949.13838243,0.03227115,6261,0.00013973,0.00000000,0,0.00000000,56075,56077,48,0.00080886
1773325949.23844886,0.02688430,6258,0.00046063,0.00000000,0,0.00000000,56077,56076,43,0.00110070
1773325949.33842468,0.03698927,6265,0.00046506,0.00000000,0,0.00000000,56076,56077,42,0.00167837
1773325949.43846631,0.03987461,6279,0.00023945,0.00000000,0,0.00000000,56077,56074,41,0.00152487
1773325949.53850055,0.02961683,6228,0.00012648,0.00000000,0,0.00000000,56074,56077,44,0.00260891
1773325949.63851070,0.01705433,6251,0.00012349,0.00000000,0,0.00000000,56077,56087,46,0.00240393
1773325949.73840690,0.01617461,6252,0.00014369,0.00000000,0,0.00000000,56087,56083,41,0.00152400
1773325949.83840513,0.03033869,6278,0.00051205,0.00000000,0,0.00000000,56083,56081,35,0.00349587
1773325949.93844128,0.02105589,6242,0.00009320,0.00000000,0,0.00000000,56081,56090,40,0.00188131
1773325950.03832984,0.02171659,6272,0.00049466,0.00000000,0,0.00000000,56090,56089,47,0.00220943
1773325950.13852024,0.01567598,6249,0.00007573,0.00000000,0,0.00000000,56089,56095,41,0.00173456
1773325950.23849010,0.01808662,6228,0.00010527,0.00000000,0,0.00000000,56095,56093,48,0.00080880
1773325950.33834147,0.01917503,6303,0.00011680,0.00000000,0,0.00000000,56093,56102,43,0.00221051
1773325950.43836808,0.03461417,6260,0.00017395,0.00000000,0,0.00000000,56102,56096,46,0.00084402
1773325950.53842044,0.02700596,6285,0.00043518,0.00000000,0,0.00000000,56096,56095,41,0.00081669
1773325950.63841510,0.02988824,6272,0.00010489,0.00000000,0,0.00000000,56095,56100,44,0.00082743
1773325950.73848748,0.02781806,6267,0.00043470,0.00000000,0,0.00000000,56100,56102,38,0.00082932
1773325950.83841324,0.02788262,6211,0.00036663,0.00000000,0,0.00000000,56102,56101,35,0.00248147
1773325950.93836379,0.03022164,6264,0.00010434,0.00000000,0,0.00000000,56101,56107,34,0.00147147
1773325951.03837180,0.03706637,6264,0.00085203,0.00000000,0,0.00000000,56107,56109,56,0.00166107
1773325951.13837743,0.02842431,6232,0.00013721,0.00000000,0,0.00000000,56109,56119,44,0.00184120
1773325951.23843813,0.02071003,6254,0.00013871,0.00000000,0,0.00000000,56119,56118,45,0.00084008
1773325951.33856654,0.03745503,6221,0.00050454,0.00000000,0,0.00000000,56118,56121,38,0.00134177
1773325951.43839836,0.02015706,6242,0.00011760,0.00000000,0,0.00000000,56121,56118,36,0.00253807
1773325951.53834271,0.02477406,6255,0.00014613,0.00000000,0,0.00000000,56118,56128,55,0.00219583
1773325951.63841438,0.01940182,6235,0.00009628,0.00000000,0,0.00000000,56128,56132,36,0.00260084
1773325951.73845339,0.02106006,6248,0.00014074,0.00000000,0,0.00000000,56132,56143,40,0.00095850
1773325951.83837247,0.01918365,6281,0.00010352,0.00000000,0,0.00000000,56143,56137,41,0.00176512
1773325951.93844557,0.02027648,6235,0.00022071,0.00000000,0,0.00000000,56137,56137,45,0.00148187
1773325952.03827882,0.03650918,6280,0.00016239,0.00000000,0,0.00000000,56137,56142,49,0.00125902
1773325952.13847160,0.02985586,6238,0.00038820,0.00000000,0,0.00000000,56142,56147,39,0.00151050
1773325952.23846197,0.02606930,6225,0.00054840,0.00000000,0,0.00000000,56147,56136,50,0.00148603
1773325952.33835411,0.03483804,6283,0.00016354,0.00000000,0,0.00000000,56136,56133,41,0.00103446
1773325952.43837953,0.02458756,6259,0.00034857,0.00000000,0,0.00000000,56133,56124,34,0.00173661
1773325952.53841877,0.03163027,6194,0.00009892,0.00000000,0,0.00000000,56124,56127,38,0.00288064
1773325952.63827014,0.03723271,6275,0.00048940,0.00000000,0,0.00000000,56127,56131,44,0.00212196
1773325952.73832321,0.01832294,6262,0.00007150,0.00000000,0,0.00000000,56131,56131,32,0.00086811
1773325952.83835363,0.01760224,6253,0.00012701,0.00000000,0,0.00000000,56131,56128,49,0.00168838
1773325952.93836093,0.02847079,6267,0.00040276,0.00000000,0,0.00000000,56128,56136,39,0.00235485
1773325953.03835344,0.02045375,6253,0.00015654,0.00000000,0,0.00000000,56136,56133,50,0.00200257
1773325953.13838243,0.01818272,6244,0.00010843,0.00000000,0,0.00000000,56133,56126,42,0.00267260
1773325953.23839426,0.02375968,6261,0.00008770,0.00000000,0,0.00000000,56126,56130,42,0.00079820
1773325953.33847857,0.01962210,6195,0.00016314,0.00000000,0,0.00000000,56130,56102,39,0.00084405
1773325953.43829203,0.02207451,6261,0.00030506,0.00000000,0,0.00000000,56102,56106,34,0.00114666
1773325953.53833032,0.03520494,6256,0.00048435,0.00000000,0,0.00000000,56106,56114,45,0.00110279
1773325953.63837767,0.02395131,6240,0.00014571,0.00000000,0,0.00000000,56114,56121,41,0.00083474
1773325953.73847198,0.03109995,6189,0.00047303,0.00000000,0,0.00000000,56121,56123,43,0.00115311
1773325953.83825254,0.02995185,6271,0.00050420,0.00000000,0,0.00000000,56123,56134,54,0.00082256
1773325953.93824649,0.02978776,6281,0.00049750,0.00000000,0,0.00000000,56134,56134,40,0.00271324
1773325954.03833461,0.03811452,6217,0.00032218,0.00000000,0,0.00000000,56134,56118,32,0.00148940
1773325954.13827109,0.02252767,6278,0.00015647,0.00000000,0,0.00000000,56118,56127,55,0.00110167
1773325954.23873758,0.01948914,6213,0.00011120,0.00000000,0,0.00000000,56127,56132,38,0.00188354
1773325954.33847404,0.03409250,6247,0.00054557,0.00000000,0,0.00000000,56132,56124,50,0.00279570
1773325954.43834901,0.02316189,6219,0.00009763,0.00000000,0,0.00000000,56124,56127,38,0.00158756
1773325954.53831029,0.02368659,6257,0.00018740,0.00000000,0,0.00000000,56127,56123,46,0.00166452
1773325954.63828325,0.02032911,6237,0.00010548,0.00000000,0,0.00000000,56123,56121,42,0.00103833
1773325954.73833537,0.01592690,6241,0.00009657,0.00000000,0,0.00000000,56121,56116,48,0.00079976
1773325954.83835983,0.02058755,6264,0.00013370,0.00000000,0,0.00000000,56116,56115,46,0.00248064
1773325954.93836761,0.01927819,6231,0.00016105,0.00000000,0,0.00000000,56115,56119,55,0.00079301
1773325955.03830290,0.04110762,6252,0.00041501,0.00000000,0,0.00000000,56119,56122,38,0.00115660
1773325955.13834238,0.03414869,6233,0.00055080,0.00000000,0,0.00000000,56122,56128,45,0.00087246
1773325955.23818994,0.02899786,6260,0.00052980,0.00000000,0,0.00000000,56128,56123,54,0.00115062
1773325955.33824778,0.03614610,6262,0.00015257,0.00000000,0,0.00000000,56123,56122,43,0.00077420
1773325955.43827462,0.03014288,6265,0.00045531,0.00000000,0,0.00000000,56122,56126,40,0.00214554
1773325955.53828835,0.03230787,6251,0.00018925,0.00000000,0,0.00000000,56126,56135,50,0.00172696
1773325955.63828945,0.01770476,6248,0.00015983,0.00000000,0,0.00000000,56135,56126,58,0.00230866
1773325955.73837543,0.01955181,6259,0.00013772,0.00000000,0,0.00000000,56126,56124,52,0.00163688
1773325955.83834505,0.03667086,6251,0.00039859,0.00000000,0,0.00000000,56124,56128,40,0.00240722
1773325955.93839145,0.01756026,6228,0.00013499,0.00000000,0,0.00000000,56128,56125,58,0.00189629
1773325956.03821874,0.02777993,6249,0.00011557,0.00000000,0,0.00000000,56125,56130,48,0.00330911
1773325956.13822675,0.02157315,6243,0.00016479,0.00000000,0,0.00000000,56130,56125,63,0.00163704
1773325956.23821640,0.01952321,6242,0.00007688,0.00000000,0,0.00000000,56125,56130,37,0.00074032
1773325956.33834267,0.01973976,6244,0.00012707,0.00000000,0,0.00000000,56130,56125,48,0.00132346
1773325956.43826127,0.04101502,6258,0.00049892,0.00000000,0,0.00000000,56125,56131,53,0.00125084
1773325956.53836370,0.03485641,6207,0.00021049,0.00000000,0,0.00000000,56131,56125,50,0.00109941
1773325956.63818192,0.02339216,6252,0.00014471,0.00000000,0,0.00000000,56125,56132,45,0.00088264
1773325956.73820114,0.03104278,6261,0.00046950,0.00000000,0,0.00000000,56132,56138,52,0.00078949
1773325956.83822584,0.03755774,6249,0.00037076,0.00000000,0,0.00000000,56138,56139,37,0.00283712
1773325956.93831468,0.02990646,6246,0.00046643,0.00000000,0,0.00000000,56139,56144,46,0.00188394
1773325957.03830910,0.03611260,6266,0.00016371,0.00000000,0,0.00000000,56144,56137,52,0.00156387
1773325957.13831210,0.03691830,6254,0.00038239,0.00000000,0,0.00000000,56137,56146,41,0.00091185
1773325957.23839903,0.01835684,6283,0.00011908,0.00000000,0,0.00000000,56146,56151,47,0.00208490
1773325957.33837295,0.01799613,6211,0.00013994,0.00000000,0,0.00000000,56151,56142,54,0.00262461
1773325957.43818998,0.03539933,6232,0.00044474,0.00000000,0,0.00000000,56142,56148,43,0.00241878
1773325957.53819776,0.02243621,6244,0.00016171,0.00000000,0,0.00000000,56148,56144,46,0.00326504
1773325957.63828158,0.01895821,6221,0.00014273,0.00000000,0,0.00000000,56144,56129,42,0.00119435
1773325957.73837137,0.02176387,6240,0.00016883,0.00000000,0,0.00000000,56129,56124,50,0.00074446
1773325957.83815527,0.02002458,6281,0.00008981,0.00000000,0,0.00000000,56124,56119,35,0.00140634
1773325957.93818426,0.02119158,6270,0.00012981,0.00000000,0,0.00000000,56119,56129,51,0.00113285
1773325958.03823900,0.03544622,6229,0.00043622,0.00000000,0,0.00000000,56129,56134,38,0.00077220
1773325958.13824725,0.02717767,6245,0.00047977,0.00000000,0,0.00000000,56134,56123,47,0.00077110
1773325958.23838639,0.03050808,6243,0.00054592,0.00000000,0,0.00000000,56123,56105,46,0.00080440
1773325958.33833051,0.03631115,6188,0.00028815,0.00000000,0,0.00000000,56105,56105,37,0.00168767
1773325958.43815684,0.04073016,6259,0.00048854,0.00000000,0,0.00000000,56105,56104,42,0.00168027
1773325958.53816438,0.03733978,6270,0.00059898,0.00000000,0,0.00000000,56104,56107,47,0.00166436
1773325958.63819838,0.02117573,6242,0.00013347,0.00000000,0,0.00000000,56107,56117,53,0.00216190
1773325958.73823524,0.01779948,6248,0.00015895,0.00000000,0,0.00000000,56117,56122,32,0.00257216
1773325958.83821726,0.01967884,6238,0.00015833,0.00000000,0,0.00000000,56122,56124,49,0.00228040
1773325958.93822598,0.02490761,6241,0.00009931,0.00000000,0,0.00000000,56124,56131,42,0.00098570
1773325959.03821707,0.01971243,6268,0.00009367,0.00000000,0,0.00000000,56131,56132,44,0.00081657
1773325959.13829803,0.02018590,6251,0.00016141,0.00000000,0,0.00000000,56132,56130,51,0.00088193
1773325959.23826933,0.02020769,6255,0.00012866,0.00000000,0,0.00000000,56130,56136,48,0.00095980
1773325959.33830261,0.01606432,6255,0.00011550,0.00000000,0,0.00000000,56136,56139,48,0.00184306
1773325959.43830705,0.03362174,6265,0.00055022,0.00000000,0,0.00000000,56139,56135,47,0.00085344
1773325959.53830242,0.02949723,6243,0.00045571,0.00000000,0,0.00000000,56135,56131,41,0.00116138
1773325959.63822913,0.03489223,6212,0.00046213,0.00000000,0,0.00000000,56131,56129,31,0.00111358
1773325959.73813653,0.03621617,6249,0.00011549,0.00000000,0,0.00000000,56129,56132,36,0.00078110
1773325959.83820844,0.03030444,6267,0.00017091,0.00000000,0,0.00000000,56132,56129,40,0.00103504
1773325959.93822432,0.03586865,6262,0.00054943,0.00000000,0,0.00000000,56129,56130,41,0.00285473
1773325960.03827620,0.02756468,6221,0.00031516,0.00000000,0,0.00000000,56130,56127,35,0.00191181
1773325960.13822460,0.03370843,6276,0.00050893,0.00000000,0,0.00000000,56127,56131,47,0.00139100
1773325960.23822069,0.01921730,6222,0.00012665,0.00000000,0,0.00000000,56131,56132,40,0.00257059
1773325960.33814597,0.01829283,6246,0.00013069,0.00000000,0,0.00000000,56132,56135,35,0.00113428
1773325960.43818426,0.02150284,6286,0.00041319,0.00000000,0,0.00000000,56135,56134,38,0.00206295
1773325960.53823638,0.02059007,6272,0.00015392,0.00000000,0,0.00000000,56134,56141,37,0.00161639
1773325960.63823009,0.01886563,6270,0.00010676,0.00000000,0,0.00000000,56141,56147,42,0.00232284
1773325960.73828769,0.02231948,6215,0.00011996,0.00000000,0,0.00000000,56147,56146,49,0.00147593
1773325960.83814478,0.02046205,6253,0.00009900,0.00000000,0,0.00000000,56146,56143,41,0.00079272
1773325960.93814254,0.02022805,6273,0.00014074,0.00000000,0,0.00000000,56143,56143,49,0.00114479
1773325961.03814983,0.04120566,6242,0.00028517,0.00000000,0,0.00000000,56143,56145,29,0.00086104
1773325961.13816500,0.03723542,6276,0.00013727,0.00000000,0,0.00000000,56145,56147,37,0.00086423
1773325961.23820972,0.03043016,6254,0.00040284,0.00000000,0,0.00000000,56147,56146,44,0.00160536
1773325961.33821917,0.03423453,6259,0.00037698,0.00000000,0,0.00000000,56146,56149,43,0.00085375
1773325961.43825865,0.03435959,6231,0.00014483,0.00000000,0,0.00000000,56149,56137,36,0.00175046
1773325961.53826523,0.03900106,6241,0.00018327,0.00000000,0,0.00000000,56137,56140,43,0.00191583
1773325961.63808298,0.03993443,6242,0.00043874,0.00000000,0,0.00000000,56140,56145,38,0.00307308
1773325961.73813605,0.01783547,6279,0.00009679,0.00000000,0,0.00000000,56145,56149,39,0.00172999
1773325961.83812690,0.02253528,6263,0.00014935,0.00000000,0,0.00000000,56149,56152,43,0.00201538
1773325961.93821168,0.03592019,6270,0.00043650,0.00000000,0,0.00000000,56152,56161,50,0.00164774
1773325962.03818345,0.01712148,6232,0.00013588,0.00000000,0,0.00000000,56161,56170,54,0.00169866
1773325962.13810468,0.01651746,6273,0.00011389,0.00000000,0,0.00000000,56170,56177,43,0.00264569
1773325962.23813367,0.01699818,6242,0.00014204,0.00000000,0,0.00000000,56177,56184,40,0.00195766
1773325962.33811975,0.01613581,6262,0.00010167,0.00000000,0,0.00000000,56184,56187,50,0.00103810
1773325962.43809414,0.01743186,6251,0.00010691,0.00000000,0,0.00000000,56187,56196,48,0.00214655
1773325962.53813982,0.03242906,6239,0.00048135,0.00000000,0,0.00000000,56196,56198,32,0.00112150
1773325962.63821125,0.02820271,6233,0.00047186,0.00000000,0,0.00000000,56198,56203,39,0.00088009
1773325962.73807740,0.03533485,6274,0.00043853,0.00000000,0,0.00000000,56203,56209,36,0.00098948
1773325962.83816147,0.03035946,6261,0.00048688,0.00000000,0,0.00000000,56209,56199,38,0.00156929
1773325962.93813348,0.03392564,6273,0.00050676,0.00000000,0,0.00000000,56199,56196,37,0.00185374
1773325963.03818703,0.03863498,6250,0.00021675,0.00000000,0,0.00000000,56196,56200,52,0.00204122
1773325963.13823247,0.02067923,6262,0.00022979,0.00000000,0,0.00000000,56200,56190,45,0.00211717
1773325963.23811650,0.01920691,6251,0.00046521,0.00000000,0,0.00000000,56190,56196,46,0.00253464
1773325963.33818030,0.03514751,6274,0.00035187,0.00000000,0,0.00000000,56196,56199,49,0.00173051
1773325963.43816805,0.01789163,6239,0.00014922,0.00000000,0,0.00000000,56199,56204,49,0.00281290
1773325963.53808331,0.01876358,6275,0.00054762,0.00000000,0,0.00000000,56204,56213,52,0.00254269
1773325963.63809657,0.02028194,6246,0.00014385,0.00000000,0,0.00000000,56213,56213,52,0.00250476
1773325963.73821187,0.01959633,6260,0.00010807,0.00000000,0,0.00000000,56213,56208,44,0.00110192
1773325963.83818460,0.01949702,6237,0.00016910,0.00000000,0,0.00000000,56208,56211,54,0.00144810
1773325963.93803453,0.03464923,6271,0.00037359,0.00000000,0,0.00000000,56211,56212,39,0.00079184
1773325964.03804636,0.02866374,6260,0.00014760,0.00000000,0,0.00000000,56212,56206,45,0.00082511
1773325964.13812184,0.02096270,6258,0.00018484,0.00000000,0,0.00000000,56206,56212,40,0.00076398
1773325964.23806787,0.02460314,6268,0.00041878,0.00000000,0,0.00000000,56212,56212,37,0.00077979
1773325964.33810449,0.03677558,6248,0.00012565,0.00000000,0,0.00000000,56212,56207,41,0.00193507
1773325964.43819141,0.02135255,6257,0.00019058,0.00000000,0,0.00000000,56207,56207,46,0.00263258
1773325964.53829932,0.02258630,6220,0.00015884,0.00000000,0,0.00000000,56207,56210,60,0.00294288
1773325964.63799763,0.01946274,6244,0.00015456,0.00000000,0,0.00000000,56210,56203,50,0.00243271
1773325964.73801827,0.02062302,6293,0.00011207,0.00000000,0,0.00000000,56203,56211,44,0.00204739
1773325964.83818746,0.01810604,6279,0.00007932,0.00000000,0,0.00000000,56211,56212,40,0.00201368
1773325964.93809175,0.01740576,6243,0.00015960,0.00000000,0,0.00000000,56212,56212,43,0.00281479
1773325965.03805828,0.01556618,6249,0.00013763,0.00000000,0,0.00000000,56212,56199,47,0.00173428
1773325965.13811350,0.01482834,6249,0.00009238,0.00000000,0,0.00000000,56199,56202,39,0.00155153
1773325965.23808670,0.01702482,6235,0.00012926,0.00000000,0,0.00000000,56202,56196,42,0.00123973
1773325965.33798671,0.01437394,6289,0.00010461,0.00000000,0,0.00000000,56196,56192,39,0.00242114
1773325965.43800831,0.01521218,6290,0.00010814,0.00000000,0,0.00000000,56192,56181,40,0.00104201
1773325965.53801298,0.02371550,6266,0.00030036,0.00000000,0,0.00000000,56181,56183,31,0.00097480
1773325965.63799691,0.03316606,6264,0.00010288,0.00000000,0,0.00000000,56183,56182,36,0.00077457
1773325965.73821998,0.02647756,6272,0.00047961,0.00000000,0,0.00000000,56182,56168,42,0.00085952
1773325965.83812118,0.03603703,6223,0.00040462,0.00000000,0,0.00000000,56168,56175,40,0.00073578
1773325965.93830657,0.03530403,6262,0.00044969,0.00000000,0,0.00000000,56175,56182,41,0.00145458
1773325966.03812671,0.03779703,6275,0.00059487,0.00000000,0,0.00000000,56182,56178,48,0.00174132
1773325966.13815713,0.02723632,6222,0.00013188,0.00000000,0,0.00000000,56178,56180,41,0.00191440
1773325966.23802018,0.02331134,6263,0.00018822,0.00000000,0,0.00000000,56180,56166,41,0.00081760
1773325966.33805823,0.03385874,6244,0.00049990,0.00000000,0,0.00000000,56166,56165,40,0.00251094
1773325966.43804431,0.02856887,6277,0.00011483,0.00000000,0,0.00000000,56165,56170,58,0.00200032
1773325966.53803349,0.02282011,6252,0.00012544,0.00000000,0,0.00000000,56170,56176,32,0.00182561
1773325966.63810444,0.01968493,6281,0.00012779,0.00000000,0,0.00000000,56176,56176,53,0.00179998
1773325966.73815250,0.01656730,6272,0.00008143,0.00000000,0,0.00000000,56176,56177,33,0.00103117
1773325966.83809924,0.01663933,6267,0.00009942,0.00000000,0,0.00000000,56177,56173,44,0.00232384
1773325966.93811178,0.04299943,6272,0.00047886,0.00000000,0,0.00000000,56173,56175,42,0.00140640
1773325967.03816032,0.01829854,6262,0.00045143,0.00000000,0,0.00000000,56175,56178,41,0.00084751
1773325967.13814855,0.02909717,6256,0.00050070,0.00000000,0,0.00000000,56178,56168,41,0.00088229
1773325967.23795843,0.03251848,6267,0.00015910,0.00000000,0,0.00000000,56168,56166,44,0.00078876
1773325967.33799672,0.02858057,6262,0.00045627,0.00000000,0,0.00000000,56166,56168,46,0.00219682
1773325967.43804431,0.03482523,6239,0.00013233,0.00000000,0,0.00000000,56168,56164,39,0.00246329
1773325967.53803921,0.03090158,6240,0.00042886,0.00000000,0,0.00000000,56164,56166,38,0.00115733
1773325967.63806009,0.03392726,6292,0.00017585,0.00000000,0,0.00000000,56166,56144,54,0.00167393
1773325967.73811936,0.02159120,6260,0.00013922,0.00000000,0,0.00000000,56144,56144,50,0.00144614
1773325967.83814216,0.02024773,6251,0.00049774,0.00000000,0,0.00000000,56144,56149,48,0.00377037
1773325967.93795562,0.03522844,6236,0.00022629,0.00000000,0,0.00000000,56149,56154,37,0.00153155
1773325968.03794312,0.02501341,6270,0.00014882,0.00000000,0,0.00000000,56154,56160,39,0.00261079
1773325968.13801432,0.02021942,6277,0.00008747,0.00000000,0,0.00000000,56160,56165,41,0.00282403
1773325968.23810840,0.02106048,6230,0.00012019,0.00000000,0,0.00000000,56165,56166,41,0.00077738
1773325968.33797264,0.01993778,6272,0.00015333,0.00000000,0,0.00000000,56166,56170,52,0.00188748
1773325968.43801832,0.02023946,6264,0.00014718,0.00000000,0,0.00000000,56170,56180,47,0.00102460
1773325968.53803420,0.04260970,6277,0.00061461,0.00000000,0,0.00000000,56180,56168,41,0.00159527
1773325968.63803577,0.03794424,6270,0.00041573,0.00000000,0,0.00000000,56168,56166,40,0.00076598
1773325968.73812866,0.04016442,6298,0.00015598,0.00000000,0,0.00000000,56166,56165,42,0.00083152
1773325968.83822584,0.03554004,6264,0.00039165,0.00000000,0,0.00000000,56165,56168,41,0.00083311
1773325968.93809891,0.03975255,6245,0.00040894,0.00000000,0,0.00000000,56168,56174,36,0.00147684
1773325969.03791523,0.03390557,6270,0.00060387,0.00000000,0,0.00000000,56174,56175,45,0.00252100
1773325969.13803053,0.02634836,6247,0.00015736,0.00000000,0,0.00000000,56175,56168,39,0.00241363
1773325969.23802042,0.02002685,6254,0.00013788,0.00000000,0,0.00000000,56168,56174,37,0.00165617
1773325969.33805823,0.02959136,6243,0.00037520,0.00000000,0,0.00000000,56174,56183,33,0.00161798
1773325969.43804216,0.02331431,6239,0.00011944,0.00000000,0,0.00000000,56183,56189,49,0.00317748
1773325969.53793383,0.01767893,6285,0.00011953,0.00000000,0,0.00000000,56189,56190,45,0.00264951
1773325969.63795710,0.01760692,6273,0.00013053,0.00000000,0,0.00000000,56190,56194,50,0.00331062
1773325969.73816371,0.01564603,6225,0.00015954,0.00000000,0,0.00000000,56194,56195,47,0.00104841
1773325969.83792782,0.01903266,6257,0.00006899,0.00000000,0,0.00000000,56195,56198,35,0.00239442
1773325969.93793178,0.01679977,6260,0.00008420,0.00000000,0,0.00000000,56198,56202,36,0.00100727
1773325970.03789282,0.03520449,6219,0.00069767,0.00000000,0,0.00000000,56202,56205,60,0.00087184
1773325970.13797355,0.03330293,6262,0.00014187,0.00000000,0,0.00000000,56205,56209,48,0.00077551
1773325970.23797512,0.02842222,6237,0.00051603,0.00000000,0,0.00000000,56209,56214,54,0.00134657
1773325970.33803225,0.04306134,6230,0.00054093,0.00000000,0,0.00000000,56214,56225,44,0.00160545
1773325970.43798542,0.04134066,6259,0.00020417,0.00000000,0,0.00000000,56225,56226,49,0.00156592
1773325970.53801036,0.05042917,6214,0.00071553,0.00000000,0,0.00000000,56226,56210,45,0.00154813
1773325970.63787699,0.02538746,6235,0.00018589,0.00000000,0,0.00000000,56210,56208,51,0.00239981
1773325970.73793316,0.01935690,6275,0.00018312,0.00000000,0,0.00000000,56208,56204,52,0.00159871
1773325970.83794641,0.03057426,6243,0.00046540,0.00000000,0,0.00000000,56204,56211,49,0.00338364
1773325970.93800521,0.02954293,6222,0.00020241,0.00000000,0,0.00000000,56211,56215,51,0.00295795
1773325971.03798962,0.02156109,6201,0.00012858,0.00000000,0,0.00000000,56215,56224,41,0.00200220
1773325971.13794065,0.01954611,6256,0.00010589,0.00000000,0,0.00000000,56224,56224,37,0.00203892
1773325971.23798180,0.01668147,6232,0.00007816,0.00000000,0,0.00000000,56224,56229,44,0.00141894
1773325971.33836150,0.02119721,6196,0.00011787,0.00000000,0,0.00000000,56229,56236,47,0.00079324
1773325971.43802047,0.02315309,6238,0.00013764,0.00000000,0,0.00000000,56236,56232,54,0.00111045
1773325971.53804064,0.02968613,6166,0.00063752,0.00000000,0,0.00000000,56232,56235,52,0.00161977
1773325971.63789153,0.03323237,6230,0.00058279,0.00000000,0,0.00000000,56235,56241,50,0.00081032
1773325971.73793125,0.03705598,6226,0.00068413,0.00000000,0,0.00000000,56241,56246,52,0.00082871
1773325971.83789277,0.04266779,6224,0.00029142,0.00000000,0,0.00000000,56246,56225,47,0.00150396
1773325971.93793178,0.03500396,6222,0.00052341,0.00000000,0,0.00000000,56225,56229,51,0.00145729
1773325972.03795838,0.04332071,6205,0.00022585,0.00000000,0,0.00000000,56229,56238,50,0.00181700
1773325972.13795829,0.02387137,6240,0.00010465,0.00000000,0,0.00000000,56238,56240,45,0.00172334
1773325972.23798728,0.01902380,6235,0.00014823,0.00000000,0,0.00000000,56240,56247,54,0.00085939
1773325972.33801174,0.03319313,6227,0.00050417,0.00000000,0,0.00000000,56247,56252,48,0.00198409
1773325972.43805003,0.02200046,6197,0.00016349,0.00000000,0,0.00000000,56252,56259,62,0.00104218
1773325972.53802156,0.02209046,6196,0.00014717,0.00000000,0,0.00000000,56259,56246,50,0.00107006
1773325972.63795662,0.02072534,6233,0.00013355,0.00000000,0,0.00000000,56246,56251,42,0.00118165
1773325972.73799300,0.02218683,6228,0.00023716,0.00000000,0,0.00000000,56251,56252,51,0.00098434
1773325972.83798218,0.02101769,6267,0.00023567,0.00000000,0,0.00000000,56252,56222,62,0.00167113
1773325972.93796635,0.04025577,6217,0.00050898,0.00000000,0,0.00000000,56222,56234,45,0.00077664
1773325973.03786063,0.04029198,6208,0.00058814,0.00000000,0,0.00000000,56234,56233,51,0.00081272
1773325973.13794637,0.03428497,6204,0.00044188,0.00000000,0,0.00000000,56233,56237,43,0.00149808
1773325973.23799849,0.03994365,6196,0.00054099,0.00000000,0,0.00000000,56237,56239,46,0.00084518
1773325973.33802986,0.03395395,6196,0.00072396,0.00000000,0,0.00000000,56239,56240,58,0.00094461
1773325973.43784070,0.04395653,6201,0.00053327,0.00000000,0,0.00000000,56240,56240,40,0.00172762
1773325973.53786087,0.02986742,6214,0.00054342,0.00000000,0,0.00000000,56240,56245,50,0.00170257
1773325973.63788581,0.03108375,6249,0.00016285,0.00000000,0,0.00000000,56245,56239,38,0.00147691
1773325973.73800445,0.01752197,6219,0.00030062,0.00000000,0,0.00000000,56239,56250,54,0.00210497
1773325973.83783674,0.03061735,6238,0.00053399,0.00000000,0,0.00000000,56250,56251,45,0.00182714
1773325973.93789506,0.02609727,6198,0.00015482,0.00000000,0,0.00000000,56251,56254,44,0.00199161
1773325974.03790164,0.02103120,6179,0.00010645,0.00000000,0,0.00000000,56254,56255,39,0.00171399
1773325974.13796401,0.01936119,6215,0.00009643,0.00000000,0,0.00000000,56255,56261,39,0.00143604
1773325974.23797417,0.02131029,6178,0.00014205,0.00000000,0,0.00000000,56261,56257,40,0.00167499
1773325974.33782148,0.02148069,6222,0.00018283,0.00000000,0,0.00000000,56257,56261,62,0.00278334
1773325974.43788218,0.04522721,6202,0.00054531,0.00000000,0,0.00000000,56261,56258,49,0.00100104
1773325974.53791165,0.03215230,6230,0.00050192,0.00000000,0,0.00000000,56258,56251,46,0.00149985
1773325974.63791013,0.03483499,6221,0.00032436,0.00000000,0,0.00000000,56251,56256,33,0.00078437
1773325974.73796368,0.03732326,6214,0.00016707,0.00000000,0,0.00000000,56256,56269,49,0.00081975
1773325974.83783197,0.03152534,6265,0.00043173,0.00000000,0,0.00000000,56269,56271,43,0.00111295
1773325974.93799305,0.03362883,6241,0.00038869,0.00000000,0,0.00000000,56271,56281,34,0.00275537
1773325975.03786540,0.03797176,6220,0.00048372,0.00000000,0,0.00000000,56281,56287,48,0.00094407
1773325975.13794208,0.02892829,6202,0.00018785,0.00000000,0,0.00000000,56287,56264,45,0.00227885
1773325975.23776221,0.01810937,6226,0.00025850,0.00000000,0,0.00000000,56264,56271,42,0.00177840
1773325975.33776307,0.03712410,6236,0.00050050,0.00000000,0,0.00000000,56271,56270,43,0.00191167
1773325975.43778205,0.02209553,6229,0.00012026,0.00000000,0,0.00000000,56270,56264,45,0.00218868
1773325975.53789330,0.02044271,6219,0.00011904,0.00000000,0,0.00000000,56264,56266,43,0.00176038
1773325975.63785553,0.02127702,6260,0.00011096,0.00000000,0,0.00000000,56266,56269,39,0.00181406
1773325975.73790097,0.02034633,6257,0.00010896,0.00000000,0,0.00000000,56269,56277,38,0.00090096
1773325975.83792257,0.02010307,6251,0.00016647,0.00000000,0,0.00000000,56277,56275,47,0.00168505
1773325975.93782258,0.02054755,6247,0.00018739,0.00000000,0,0.00000000,56275,56279,61,0.00154247
1773325976.03779221,0.03736109,6239,0.00050830,0.00000000,0,0.00000000,56279,56279,47,0.00155993
1773325976.13777280,0.03542966,6245,0.00012437,0.00000000,0,0.00000000,56279,56269,35,0.00082165
1773325976.23776603,0.03824660,6271,0.00049575,0.00000000,0,0.00000000,56269,56277,49,0.00080482
1773325976.33776855,0.04445639,6252,0.00059368,0.00000000,0,0.00000000,56277,56284,50,0.00083738
1773325976.43787909,0.03522595,6242,0.00026527,0.00000000,0,0.00000000,56284,56280,33,0.00282092
1773325976.53792667,0.03406011,6247,0.00016480,0.00000000,0,0.00000000,56280,56273,46,0.00164994
1773325976.63791275,0.01768476,6245,0.00009456,0.00000000,0,0.00000000,56273,56281,40,0.00174123
1773325976.73797345,0.01817937,6217,0.00010110,0.00000000,0,0.00000000,56281,56278,39,0.00166919
1773325976.83780837,0.03128999,6235,0.00041017,0.00000000,0,0.00000000,56278,56281,37,0.00182007
1773325976.93790340,0.02210283,6202,0.00014281,0.00000000,0,0.00000000,56281,56284,49,0.00080583
1773325977.03775096,0.01873101,6259,0.00019627,0.00000000,0,0.00000000,56284,56286,39,0.00114742
1773325977.13784719,0.02145771,6245,0.00018134,0.00000000,0,0.00000000,56286,56290,41,0.00195655
1773325977.23782945,0.01792195,6254,0.00012355,0.00000000,0,0.00000000,56290,56274,45,0.00077593
1773325977.33793998,0.01929029,6255,0.00008512,0.00000000,0,0.00000000,56274,56273,40,0.00178647
1773325977.43792152,0.04495341,6233,0.00046498,0.00000000,0,0.00000000,56273,56278,48,0.00080959
1773325977.53786516,0.03854345,6214,0.00043076,0.00000000,0,0.00000000,56278,56273,47,0.00080249
1773325977.63780141,0.04146646,6220,0.00039875,0.00000000,0,0.00000000,56273,56273,54,0.00077234
1773325977.73792386,0.03234066,6257,0.00017838,0.00000000,0,0.00000000,56273,56276,44,0.00082381
1773325977.83790088,0.03744565,6228,0.00042344,0.00000000,0,0.00000000,56276,56281,47,0.00140544
1773325977.93790483,0.04056731,6179,0.00019751,0.00000000,0,0.00000000,56281,56286,56,0.00134567
1773325978.03770900,0.02939620,6228,0.00038181,0.00000000,0,0.00000000,56286,56286,38,0.00079613
1773325978.13777900,0.03267370,6201,0.00013663,0.00000000,0,0.00000000,56286,56285,39,0.00272641
1773325978.23789644,0.01603946,6224,0.00011187,0.00000000,0,0.00000000,56285,56291,39,0.00154952
1773325978.33783746,0.01967842,6257,0.00011821,0.00000000,0,0.00000000,56291,56303,51,0.00116032
1773325978.43786907,0.03577611,6250,0.00027161,0.00000000,0,0.00000000,56303,56304,54,0.00291111
1773325978.53788280,0.02812160,6217,0.00013178,0.00000000,0,0.00000000,56304,56305,40,0.00170755
1773325978.63775611,0.02246178,6239,0.00012425,0.00000000,0,0.00000000,56305,56308,50,0.00295839
1773325978.73779464,0.02455303,6236,0.00010092,0.00000000,0,0.00000000,56308,56310,45,0.00077245
1773325978.83781886,0.02106415,6232,0.00012994,0.00000000,0,0.00000000,56310,56316,52,0.00256334
1773325978.93784165,0.02127693,6204,0.00008525,0.00000000,0,0.00000000,56316,56319,38,0.00159112
1773325979.03780699,0.03845420,6213,0.00054065,0.00000000,0,0.00000000,56319,56322,44,0.00090020
1773325979.13773870,0.04084724,6220,0.00047231,0.00000000,0,0.00000000,56322,56323,48,0.00080748
1773325979.23775458,0.04228791,6227,0.00016821,0.00000000,0,0.00000000,56323,56331,49,0.00158679
1773325979.33780956,0.03858860,6235,0.00015237,0.00000000,0,0.00000000,56331,56323,36,0.00082396
1773325979.43792224,0.03347087,6257,0.00037483,0.00000000,0,0.00000000,56323,56319,39,0.00225875
1773325979.53786755,0.03367738,6189,0.00012176,0.00000000,0,0.00000000,56319,56324,38,0.00214293
1773325979.63768387,0.03371544,6249,0.00050027,0.00000000,0,0.00000000,56324,56329,47,0.00143047
1773325979.73777390,0.02570670,6227,0.00015665,0.00000000,0,0.00000000,56329,56335,55,0.00185292
1773325979.83784080,0.01729300,6229,0.00014239,0.00000000,0,0.00000000,56335,56338,43,0.00153855
1773325979.93783617,0.04478719,6251,0.00044643,0.00000000,0,0.00000000,56338,56321,38,0.00304847
1773325980.03788066,0.02194525,6199,0.00021367,0.00000000,0,0.00000000,56321,56325,48,0.00202383
1773325980.13779259,0.01914113,6234,0.00014158,0.00000000,0,0.00000000,56325,56333,56,0.00144964
1773325980.23777390,0.01640524,6214,0.00008418,0.00000000,0,0.00000000,56333,56340,41,0.00081587
1773325980.33778882,0.01929016,6224,0.00015630,0.00000000,0,0.00000000,56340,56340,55,0.00094439
1773325980.43781137,0.01817486,6218,0.00026690,0.00000000,0,0.00000000,56340,56344,46,0.00081710
1773325980.53785539,0.03804673,6205,0.00048975,0.00000000,0,0.00000000,56344,56346,45,0.00092180
1773325980.63769770,0.03242124,6222,0.00048349,0.00000000,0,0.00000000,56346,56352,52,0.00077164
1773325980.73776436,0.02280634,6240,0.00052209,0.00000000,0,0.00000000,56352,56352,53,0.00082978
1773325980.83778381,0.04000868,6220,0.00070343,0.00000000,0,0.00000000,56352,56346,49,0.00154121
1773325980.93780804,0.04385182,6214,0.00051535,0.00000000,0,0.00000000,56346,56346,38,0.00149899
1773325981.03766537,0.03494302,6256,0.00015333,0.00000000,0,0.00000000,56346,56345,43,0.00176839
1773325981.13785696,0.01753773,6229,0.00020256,0.00000000,0,0.00000000,56345,56336,50,0.00162328
1773325981.23772550,0.02043172,6203,0.00009582,0.00000000,0,0.00000000,56336,56334,40,0.00109135
1773325981.33782768,0.03425238,6226,0.00052479,0.00000000,0,0.00000000,56334,56342,47,0.00147874
1773325981.43781519,0.02193014,6258,0.00017143,0.00000000,0,0.00000000,56342,56344,55,0.00242321
1773325981.53785086,0.02237841,6236,0.00017950,0.00000000,0,0.00000000,56344,56343,53,0.00260192
1773325981.63781929,0.02160899,6189,0.00018484,0.00000000,0,0.00000000,56343,56340,49,0.00255060
1773325981.73774314,0.02236197,6211,0.00017619,0.00000000,0,0.00000000,56340,56331,51,0.00076384
1773325981.83823013,0.02188499,6200,0.00014403,0.00000000,0,0.00000000,56331,56337,52,0.00166225
1773325981.93774343,0.04532263,6251,0.00049650,0.00000000,0,0.00000000,56337,56341,39,0.00107562
1773325982.03781796,0.03592489,6211,0.00059481,0.00000000,0,0.00000000,56341,56347,50,0.00110983
1773325982.13777494,0.03871464,6194,0.00049809,0.00000000,0,0.00000000,56347,56350,45,0.00081830
1773325982.23765373,0.03837733,6250,0.00060118,0.00000000,0,0.00000000,56350,56340,49,0.00120134
1773325982.33773541,0.03157082,6235,0.00018645,0.00000000,0,0.00000000,56340,56344,53,0.00083090
1773325982.43768024,0.03281586,6195,0.00053957,0.00000000,0,0.00000000,56344,56345,49,0.00171022
1773325982.53768349,0.03640118,6240,0.00019611,0.00000000,0,0.00000000,56345,56342,49,0.00253857
1773325982.63766217,0.01833552,6250,0.00009261,0.00000000,0,0.00000000,56342,56338,33,0.00090021
1773325982.73776174,0.01948790,6242,0.00014374,0.00000000,0,0.00000000,56338,56333,37,0.00303975
1773325982.83778477,0.04115758,6209,0.00020732,0.00000000,0,0.00000000,56333,56343,45,0.00203753
1773325982.93780470,0.01813484,6171,0.00011551,0.00000000,0,0.00000000,56343,56347,53,0.00164012
1773325983.03762269,0.02190072,6193,0.00017024,0.00000000,0,0.00000000,56347,56351,36,0.00172672
1773325983.13767171,0.02214407,6256,0.00026925,0.00000000,0,0.00000000,56351,56364,48,0.00132420
1773325983.23767304,0.01839981,6233,0.00007569,0.00000000,0,0.00000000,56364,56370,36,0.00152023
1773325983.33775854,0.02291885,6223,0.00014789,0.00000000,0,0.00000000,56370,56373,49,0.00104139
1773325983.43775582,0.03938179,6223,0.00021252,0.00000000,0,0.00000000,56373,56377,41,0.00075057
1773325983.53782248,0.03786184,6190,0.00049958,0.00000000,0,0.00000000,56377,56380,46,0.00077528
1773325983.63762808,0.04453043,6235,0.00054066,0.00000000,0,0.00000000,56380,56385,47,0.00149562
1773325983.73762679,0.03713847,6210,0.00014996,0.00000000,0,0.00000000,56385,56388,49,0.00114514
1773325983.83773160,0.03511572,6238,0.00049584,0.00000000,0,0.00000000,56388,56394,50,0.00266186
1773325983.93770003,0.03240681,6212,0.00071172,0.00000000,0,0.00000000,56394,56389,47,0.00273947
1773325984.03770375,0.03769609,6213,0.00025969,0.00000000,0,0.00000000,56389,56388,40,0.00155542
1773325984.13763833,0.01732947,6194,0.00020602,0.00000000,0,0.00000000,56388,56391,54,0.00170267
1773325984.23766994,0.01854196,6205,0.00024177,0.00000000,0,0.00000000,56391,56392,46,0.00197997
1773325984.33773756,0.01624975,6214,0.00014793,0.00000000,0,0.00000000,56392,56395,55,0.00156116
1773325984.43776703,0.02915052,6190,0.00017306,0.00000000,0,0.00000000,56395,56379,48,0.00158254
1773325984.53762722,0.01854575,6240,0.00013040,0.00000000,0,0.00000000,56379,56383,53,0.00203827
1773325984.63764858,0.01877014,6225,0.00014106,0.00000000,0,0.00000000,56383,56386,51,0.00203478
1773325984.73768306,0.04437445,6185,0.00018177,0.00000000,0,0.00000000,56386,56389,44,0.00114618
1773325984.83773375,0.02216276,6198,0.00011014,0.00000000,0,0.00000000,56389,56392,48,0.00173347
1773325984.93758249,0.01830511,6217,0.00010089,0.00000000,0,0.00000000,56392,56395,42,0.00078976
1773325985.03762078,0.04588402,6232,0.00016103,0.00000000,0,0.00000000,56395,56389,40,0.00099319
1773325985.13770533,0.04201424,6215,0.00040032,0.00000000,0,0.00000000,56389,56389,46,0.00125062
1773325985.23766732,0.03907184,6202,0.00024753,0.00000000,0,0.00000000,56389,56397,51,0.00128891
1773325985.33766317,0.04701514,6237,0.00056854,0.00000000,0,0.00000000,56397,56393,42,0.00083609
1773325985.43756294,0.03700599,6242,0.00023118,0.00000000,0,0.00000000,56393,56392,53,0.00126764
1773325985.53760815,0.06417885,6238,0.00151061,0.00000000,0,0.00000000,56392,56391,40,0.00113070
1773325985.63766980,0.06469593,6243,0.00065840,0.00000000,0,0.00000000,56391,56389,48,0.00240338
1773325985.73773265,0.03090050,6223,0.00039801,0.00000000,0,0.00000000,56389,56391,48,0.00241491
1773325985.83771777,0.03501348,6259,0.00053040,0.00000000,0,0.00000000,56391,56387,40,0.00283893
1773325985.93771029,0.05207368,6235,0.00064106,0.00000000,0,0.00000000,56387,56389,39,0.00244564
1773325986.03765249,0.03314579,6192,0.00038543,0.00000000,0,0.00000000,56389,56392,60,0.00406772
1773325986.13755155,0.03074262,6308,0.00023632,0.00000000,0,0.00000000,56392,56385,43,0.00430211
1773325986.23771858,0.03019065,6289,0.00021865,0.00000000,0,0.00000000,56385,56390,47,0.00482603
1773325986.33771324,0.03507731,6252,0.00029629,0.00000000,0,0.00000000,56390,56396,59,0.00428364
1773325986.43767500,0.02624980,6289,0.00020249,0.00000000,0,0.00000000,56396,56397,50,0.00509042
1773325986.53773403,0.02257880,6218,0.00012685,0.00000000,0,0.00000000,56397,56396,37,0.00226654
1773325986.63754940,0.02160029,6287,0.00025776,0.00000000,0,0.00000000,56396,56405,59,0.00255183
1773325986.73766279,0.02537171,6264,0.00028614,0.00000000,0,0.00000000,56405,56415,46,0.00144129
1773325986.83764219,0.06407492,6256,0.00055248,0.00000000,0,0.00000000,56415,56416,37,0.00120181
1773325986.93768501,0.07366746,6258,0.00038614,0.00000000,0,0.00000000,56416,56420,33,0.00129249
1773325987.03771043,0.04382297,6221,0.00046630,0.00000000,0,0.00000000,56420,56418,43,0.00143273
