time_stamp, total time, scan point size, incremental time, match time, delete size, delete time, tree size st, tree size end, add point size, preprocess time, solve time, imu proc time, fov seg time, downsample time, iekf total time
1773325303.93815947,0.03504228,6033,0.01048462,0.01437291,0,0.00000000,4833,6858,3183,0.00000000,0.00429384,0.00318823,0.00000080,0.00067344,0.01913572
1773325304.03817606,0.02648041,6003,0.00740562,0.01037527,0,0.00000000,6858,7755,2295,0.00191046,0.00523023,0.00133289,0.00000120,0.00058273,0.01643152
1773325304.13803601,0.02163824,6036,0.00688513,0.00918304,0,0.00000000,7755,8823,1922,0.00160762,0.00291619,0.00125697,0.00000045,0.00037116,0.01245418
1773325304.23809481,0.01963245,6041,0.00472191,0.00918029,0,0.00000000,8384,9232,1613,0.00194023,0.00278329,0.00172060,0.00000056,0.00032683,0.01216896
1773325304.33820724,0.02379317,5990,0.00560669,0.01183385,0,0.00000000,9232,9805,1372,0.00371729,0.00358963,0.00141494,0.00000062,0.00040665,0.01563937
1773325304.43803811,0.01885548,6025,0.00517997,0.00924710,0,0.00000000,9805,10282,1247,0.00218655,0.00210712,0.00118700,0.00000378,0.00036608,0.01155422
1773325304.53806949,0.02962750,6035,0.00624993,0.01520625,0,0.00000000,9843,10311,1065,0.00216422,0.00412484,0.00229459,0.00000067,0.00050319,0.01969898
1773325304.63820052,0.02046667,6062,0.00434706,0.01082154,0,0.00000000,10311,10689,1057,0.00124502,0.00246835,0.00165612,0.00000068,0.00036476,0.01350201
1773325304.73818445,0.06308914,6027,0.00774212,0.04524592,0,0.00000000,10424,10693,919,0.00206028,0.00654413,0.00196849,0.00000099,0.00052746,0.05209142
1773325304.83806849,0.01790275,6015,0.00234491,0.01063432,0,0.00000000,10693,11057,904,0.00214957,0.00217111,0.00162118,0.00000074,0.00036967,0.01300171
1773325304.93809366,0.02136442,5990,0.00442226,0.01167937,0,0.00000000,11057,11341,822,0.00158543,0.00256404,0.00139048,0.00000068,0.00038099,0.01447752
1773325305.03805447,0.03493670,6047,0.00691845,0.01891629,0,0.00000000,11078,11362,898,0.00086416,0.00503720,0.00173144,0.00000066,0.00059110,0.02432206
1773325305.13814163,0.01893275,5985,0.00341101,0.01011256,0,0.00000000,11362,11569,889,0.00173997,0.00277946,0.00141924,0.00000047,0.00040275,0.01307921
1773325305.23803949,0.02073992,6005,0.00499199,0.01047051,0,0.00000000,11569,11928,919,0.00218567,0.00286017,0.00118823,0.00000043,0.00028476,0.01354395
1773325305.33809495,0.03962361,6001,0.00668748,0.02214376,0,0.00000000,11928,12056,765,0.00106719,0.00573238,0.00270706,0.00000104,0.00073049,0.02826746
1773325305.43815303,0.04079507,6005,0.00689242,0.02146210,0,0.00000000,12056,12020,712,0.00184728,0.00533162,0.00480685,0.00000130,0.00073376,0.02713333
1773325305.53811288,0.03541406,5958,0.00472738,0.01986447,0,0.00000000,12020,12320,656,0.00136964,0.00588869,0.00250471,0.00000111,0.00076227,0.02625355
1773325305.63797045,0.03252884,5993,0.00412986,0.01816076,0,0.00000000,12320,12534,563,0.00105965,0.00501797,0.00262585,0.00000149,0.00096459,0.02360360
1773325305.73794699,0.01787763,6026,0.00178757,0.01003525,0,0.00000000,12534,12732,529,0.00159843,0.00256248,0.00238720,0.00000067,0.00034012,0.01280754
1773325305.83799219,0.06769092,5992,0.01073825,0.04666057,0,0.00000000,12732,12690,562,0.00291633,0.00552380,0.00260005,0.00000105,0.00070893,0.05253468
1773325305.93819594,0.03329473,5976,0.00597040,0.01744774,0,0.00000000,12690,12483,514,0.00190028,0.00501010,0.00237092,0.00000102,0.00067618,0.02280414
1773325306.03793931,0.03123300,6052,0.00360879,0.01807168,0,0.00000000,12483,12764,543,0.00192858,0.00499359,0.00246477,0.00000099,0.00066894,0.02339206
1773325306.13796735,0.03427914,6034,0.00382741,0.01938672,0,0.00000000,12764,12965,531,0.00084305,0.00633325,0.00244703,0.00000088,0.00068535,0.02622129
1773325306.23797989,0.03577740,6023,0.00351531,0.01831653,0,0.00000000,12965,13208,493,0.00151063,0.00481255,0.00690290,0.00000087,0.00078085,0.02344252
1773325306.33799267,0.03174881,6013,0.00358380,0.01844604,0,0.00000000,13208,13156,401,0.00329995,0.00518003,0.00236489,0.00000090,0.00066727,0.02396340
1773325306.43803000,0.03077866,5975,0.00306405,0.01801783,0,0.00000000,13156,13333,423,0.00258248,0.00487439,0.00236331,0.00000078,0.00086332,0.02322403
1773325306.53805757,0.03223919,5975,0.00401246,0.01781608,0,0.00000000,13333,13405,422,0.00215013,0.00413690,0.00428530,0.00000103,0.00068737,0.02227408
1773325306.63810658,0.03018666,5923,0.00359467,0.01756904,0,0.00000000,13405,13518,479,0.00337599,0.00462576,0.00235507,0.00000108,0.00066089,0.02252014
1773325306.73793888,0.03305281,5966,0.00426108,0.01822230,0,0.00000000,13518,13600,537,0.00176364,0.00596497,0.00236664,0.00000119,0.00065925,0.02462628
1773325306.83797073,0.03328740,5970,0.00458935,0.01829891,0,0.00000000,13600,13639,537,0.00199663,0.00580918,0.00237638,0.00000092,0.00066952,0.02454344
1773325306.93798256,0.03061534,5933,0.00372120,0.01793477,0,0.00000000,13639,13728,451,0.00186209,0.00457647,0.00233751,0.00000089,0.00066539,0.02286244
1773325307.03797460,0.03272150,5917,0.00353260,0.01818153,0,0.00000000,13728,13916,434,0.00187105,0.00399124,0.00483103,0.00000107,0.00076361,0.02253791
1773325307.13803792,0.03012504,5942,0.00329413,0.01808702,0,0.00000000,13916,14097,385,0.00242614,0.00443721,0.00232073,0.00000100,0.00066937,0.02287455
1773325307.23798347,0.03347880,5946,0.00439673,0.01906359,0,0.00000000,14097,14092,359,0.00275250,0.00433859,0.00324247,0.00000147,0.00098686,0.02372489
1773325307.33798742,0.03828074,5995,0.00368870,0.02489551,0,0.00000000,14092,14063,358,0.00335281,0.00491326,0.00259631,0.00000093,0.00067746,0.03016485
1773325307.43807697,0.02997772,5942,0.00390527,0.01721961,0,0.00000000,14063,14228,420,0.00219348,0.00419061,0.00257112,0.00000135,0.00068403,0.02177690
1773325307.53808856,0.03303561,5894,0.00373960,0.01738685,0,0.00000000,14228,14194,391,0.00181144,0.00494654,0.00459697,0.00000134,0.00080787,0.02265260
1773325307.63807130,0.03264996,5932,0.00261198,0.01903971,0,0.00000000,14194,14320,336,0.00209548,0.00618730,0.00233369,0.00000136,0.00068306,0.02591471
1773325307.73798990,0.02958148,5964,0.00252464,0.01788180,0,0.00000000,14320,14424,302,0.00242763,0.00473734,0.00231848,0.00000098,0.00068927,0.02302620
1773325307.83806229,0.03291388,5932,0.00283250,0.01862879,0,0.00000000,14424,14349,291,0.00192873,0.00488023,0.00435967,0.00000090,0.00076659,0.02383979
1773325307.93805885,0.03065950,5953,0.00356871,0.01803723,0,0.00000000,14349,14240,291,0.00317721,0.00465571,0.00242753,0.00000107,0.00065504,0.02300262
1773325308.03797412,0.03086239,5994,0.00226000,0.01869923,0,0.00000000,14240,14320,311,0.00184737,0.00398714,0.00370695,0.00000206,0.00085923,0.02301580
1773325308.13805103,0.03545239,5929,0.00378897,0.01949981,0,0.00000000,14320,14412,306,0.00256978,0.00523947,0.00403095,0.00000186,0.00109116,0.02511007
1773325308.23799109,0.02299935,5921,0.00178467,0.01286550,0,0.00000000,14143,14255,279,0.00345897,0.00363080,0.00278734,0.00000270,0.00087878,0.01682309
1773325308.33807611,0.01637471,5946,0.00155771,0.00911803,0,0.00000000,14255,14415,270,0.00201067,0.00241333,0.00186380,0.00000247,0.00046349,0.01175882
1773325308.43795180,0.02401791,6009,0.00152878,0.01380357,0,0.00000000,14415,14223,266,0.00201321,0.00343625,0.00330537,0.00000302,0.00050792,0.01783756
1773325308.53808641,0.02216437,5958,0.00122086,0.01535040,0,0.00000000,14223,14376,246,0.00179462,0.00292363,0.00130765,0.00000054,0.00036712,0.01852449
1773325308.63800764,0.01932317,5997,0.00149727,0.01223105,0,0.00000000,14376,14451,280,0.00111841,0.00290463,0.00134652,0.00000082,0.00037219,0.01538609
1773325308.73797941,0.02054251,5979,0.00189893,0.01348752,0,0.00000000,14451,14195,303,0.00163686,0.00261124,0.00131975,0.00000062,0.00036873,0.01636691
1773325308.83804440,0.02425778,5939,0.00147012,0.01482865,0,0.00000000,14195,14332,251,0.00098075,0.00313104,0.00284137,0.00000270,0.00076335,0.01821917
1773325308.93795705,0.03279036,5956,0.00218575,0.01986358,0,0.00000000,14332,14423,253,0.00209891,0.00383031,0.00415738,0.00000501,0.00105694,0.02431635
1773325309.03794384,0.02414025,5950,0.00162828,0.01448926,0,0.00000000,14423,14515,244,0.00093460,0.00321402,0.00232854,0.00000510,0.00109773,0.01817699
1773325309.13786769,0.02702501,5993,0.00217837,0.01637533,0,0.00000000,14515,14666,240,0.00136506,0.00356689,0.00235161,0.00000255,0.00077426,0.02018821
1773325309.23798776,0.02168714,5989,0.00255470,0.01254980,0,0.00000000,14666,14645,275,0.00177293,0.00330108,0.00174931,0.00000087,0.00046237,0.01615899
1773325309.33800387,0.02523510,5926,0.00138990,0.01634704,0,0.00000000,14645,14699,232,0.00162554,0.00348963,0.00217658,0.00000096,0.00049957,0.02015645
1773325309.43803835,0.03009976,6006,0.00133038,0.02114490,0,0.00000000,14699,14861,243,0.00113486,0.00394486,0.00212701,0.00000073,0.00046805,0.02543119
1773325309.53808737,0.02698442,5923,0.00145374,0.01719511,0,0.00000000,14861,14962,201,0.00116657,0.00462854,0.00185584,0.00000782,0.00055308,0.02216246
1773325309.63786435,0.02756835,5971,0.00164751,0.01699548,0,0.00000000,14962,15038,240,0.00174108,0.00337441,0.00339791,0.00000173,0.00100741,0.02065652
1773325309.73789072,0.01697194,5951,0.00161924,0.00977621,0,0.00000000,15038,14987,252,0.00224912,0.00204758,0.00231853,0.00000115,0.00046590,0.01200441
1773325309.83791876,0.02678029,5947,0.00145929,0.01903059,0,0.00000000,14987,15073,224,0.00220577,0.00254608,0.00218339,0.00000091,0.00039094,0.02179496
1773325309.93802333,0.05630318,5962,0.00110999,0.04726363,0,0.00000000,15073,15091,217,0.00118535,0.00406355,0.00173763,0.00000219,0.00060206,0.05178564
1773325310.03804064,0.03268063,5953,0.00161192,0.02370472,0,0.00000000,15091,15195,210,0.00157427,0.00291535,0.00197451,0.00000196,0.00062922,0.02696345
1773325310.13791728,0.02528197,5941,0.00130024,0.01704896,0,0.00000000,15195,15275,188,0.00153674,0.00191042,0.00211214,0.00000163,0.00052456,0.01913285
1773325310.23800707,0.02711354,5986,0.00111304,0.01456226,0,0.00000000,15275,15345,208,0.00091852,0.00592447,0.00135047,0.00000051,0.00039750,0.02073829
1773325310.33809328,0.08285883,5881,0.00896730,0.06432901,0,0.00000000,15345,15215,210,0.00197762,0.00461755,0.00161918,0.00000168,0.00051161,0.07007596
1773325310.43786335,0.06520895,5970,0.00073469,0.04034088,0,0.00000000,15215,15345,208,0.00082588,0.00396160,0.01471823,0.00000677,0.00409892,0.04464752
1773325310.53785682,0.01569997,5941,0.00078840,0.01045874,0,0.00000000,15345,15438,218,0.00220997,0.00224386,0.00116670,0.00000068,0.00035913,0.01288247
1773325310.63788772,0.01415268,5988,0.00086921,0.00891430,0,0.00000000,15438,15521,219,0.00190314,0.00218013,0.00116750,0.00000060,0.00034262,0.01125172
1773325310.73792171,0.01513965,5751,0.00095635,0.00956112,0,0.00000000,15521,15513,175,0.00120072,0.00225968,0.00120559,0.00000194,0.00038320,0.01201374
1773325310.83459163,0.01815357,6261,0.00085821,0.01144305,0,0.00000000,15513,15606,197,0.00123602,0.00297395,0.00162314,0.00000055,0.00036831,0.01463921
1773325310.93794537,0.02199237,5948,0.00084832,0.01414088,0,0.00000000,15606,15715,172,0.00164260,0.00299742,0.00270592,0.00000175,0.00043689,0.01735240
1773325311.03794932,0.03576384,5918,0.00222054,0.02194338,0,0.00000000,15715,15733,171,0.00083106,0.00593909,0.00285063,0.00000146,0.00098560,0.02832629
1773325311.13780189,0.03406256,5986,0.00158662,0.02136146,0,0.00000000,15733,15795,181,0.00095133,0.00552676,0.00319379,0.00000164,0.00086464,0.02726167
1773325311.23783827,0.03380390,5973,0.00166399,0.02141453,0,0.00000000,15795,15812,191,0.00131249,0.00548607,0.00276473,0.00000108,0.00101029,0.02725048
1773325311.33792210,0.03017042,5973,0.00138224,0.01926834,0,0.00000000,15812,15826,162,0.00109687,0.00504948,0.00249168,0.00000089,0.00069654,0.02464340
1773325311.43791246,0.02969092,5974,0.00155555,0.01893414,0,0.00000000,15826,15809,172,0.00141453,0.00495141,0.00231651,0.00000081,0.00067506,0.02418893
1773325311.53787804,0.03028928,5994,0.00179374,0.01941197,0,0.00000000,15809,15802,178,0.00212904,0.00431060,0.00274812,0.00000093,0.00069949,0.02407907
1773325311.63795137,0.03057600,5967,0.00171927,0.01939345,0,0.00000000,15802,15892,176,0.00213792,0.00419900,0.00303950,0.00000281,0.00088752,0.02392139
1773325311.73795414,0.03029565,5974,0.00161453,0.01850397,0,0.00000000,15892,15869,176,0.00178314,0.00478999,0.00317816,0.00000171,0.00076675,0.02360034
1773325311.83799100,0.02909076,5920,0.00157555,0.01771970,0,0.00000000,15869,15860,173,0.00174245,0.00481869,0.00277287,0.00000156,0.00073977,0.02289033
1773325311.93797541,0.03119341,5959,0.00183058,0.02030277,0,0.00000000,15860,15577,159,0.00167116,0.00447419,0.00256240,0.00000153,0.00071206,0.02507199
1773325312.03798461,0.02291871,5950,0.00111413,0.01433989,0,0.00000000,15577,15604,171,0.00197696,0.00384276,0.00187485,0.00000064,0.00053237,0.01845817
1773325312.13795900,0.03304559,5966,0.00116141,0.02012134,0,0.00000000,15604,15682,146,0.00168367,0.00539124,0.00415552,0.00000113,0.00073200,0.02589875
1773325312.23798394,0.02507791,5928,0.00102033,0.01586029,0,0.00000000,15682,15651,153,0.00168046,0.00334895,0.00295794,0.00000118,0.00077540,0.01946528
1773325312.33788037,0.02109767,5955,0.00096690,0.01337644,0,0.00000000,15651,15680,156,0.00169979,0.00369217,0.00149448,0.00000056,0.00041727,0.01734491
1773325312.43782711,0.03288628,5943,0.00100578,0.02000409,0,0.00000000,15680,15714,140,0.00135280,0.00494378,0.00462916,0.00000397,0.00088197,0.02531025
1773325312.53791785,0.03273019,5955,0.00133048,0.02063623,0,0.00000000,15714,15757,138,0.00254764,0.00528785,0.00303878,0.00000139,0.00087677,0.02628501
1773325312.63783765,0.02815208,5995,0.00136288,0.01746079,0,0.00000000,15757,15858,162,0.00340507,0.00489407,0.00235029,0.00000120,0.00067170,0.02268819
1773325312.73791528,0.03028975,5962,0.00125005,0.01867725,0,0.00000000,15858,15891,163,0.00105995,0.00482740,0.00344304,0.00000093,0.00072669,0.02386608
1773325312.83797336,0.03180128,5940,0.00126613,0.01845814,0,0.00000000,15891,15878,148,0.00225882,0.00541686,0.00437017,0.00000098,0.00078040,0.02432754
1773325312.93789458,0.03055696,5957,0.00170805,0.01806233,0,0.00000000,15878,15924,169,0.00188203,0.00607362,0.00255865,0.00000103,0.00065433,0.02454632
1773325313.03794026,0.03179574,5945,0.00119373,0.02171634,0,0.00000000,15924,15964,155,0.00184081,0.00460742,0.00233589,0.00000089,0.00068589,0.02661661
1773325313.13778329,0.02897832,6006,0.00125595,0.01865408,0,0.00000000,15964,15954,149,0.00219739,0.00456273,0.00244299,0.00000194,0.00073859,0.02353696
1773325313.23821020,0.05238398,5867,0.00113828,0.04113104,0,0.00000000,15954,15980,132,0.00319357,0.00524856,0.00249949,0.00000222,0.00080383,0.04693022
1773325313.33738184,0.02210894,6060,0.00105431,0.01413835,0,0.00000000,15980,15981,135,0.00165656,0.00312378,0.00223650,0.00000084,0.00055730,0.01749703
1773325313.43776417,0.03083016,5941,0.00144988,0.01997102,0,0.00000000,15981,15974,152,0.00167167,0.00503222,0.00218795,0.00000111,0.00062041,0.02539913
1773325313.53782725,0.03028976,5992,0.00238267,0.01841080,0,0.00000000,15974,15869,154,0.00171064,0.00482221,0.00259438,0.00000102,0.00066036,0.02356117
1773325313.63792229,0.02915270,5966,0.00129530,0.01863931,0,0.00000000,15869,15958,174,0.00194106,0.00487404,0.00233696,0.00000073,0.00068358,0.02386991
1773325313.73786211,0.02958728,5948,0.00111675,0.01883097,0,0.00000000,15958,15987,144,0.00190673,0.00527046,0.00235276,0.00000094,0.00066003,0.02444263
1773325313.83782268,0.02704325,5968,0.00122132,0.01761647,0,0.00000000,15987,16015,152,0.00188085,0.00383808,0.00244188,0.00000092,0.00064843,0.02171761
1773325313.93782258,0.02360742,6026,0.00071979,0.01513304,0,0.00000000,16015,16051,120,0.00168556,0.00355326,0.00236343,0.00000096,0.00069882,0.01892034
1773325314.03786850,0.01926403,6006,0.00080295,0.01214420,0,0.00000000,16051,16028,141,0.00171436,0.00322912,0.00177379,0.00000066,0.00040881,0.01558599
1773325314.13788843,0.03525194,5996,0.00152451,0.02191662,0,0.00000000,16028,16072,157,0.00192702,0.00570054,0.00357193,0.00000126,0.00097655,0.02799759
1773325314.23782849,0.03251074,6002,0.00127405,0.01995851,0,0.00000000,16072,16129,129,0.00222697,0.00533288,0.00334951,0.00000111,0.00084404,0.02568992
1773325314.33789802,0.03098483,6005,0.00139554,0.01956726,0,0.00000000,16129,16102,124,0.00228324,0.00524071,0.00257997,0.00000101,0.00073167,0.02518854
1773325314.43798470,0.03112208,5956,0.00086423,0.01883045,0,0.00000000,16102,16157,121,0.00092482,0.00486143,0.00440204,0.00000096,0.00076367,0.02403940
1773325314.53772259,0.02910022,6012,0.00094525,0.01862797,0,0.00000000,16157,16191,122,0.00201656,0.00514561,0.00231632,0.00000100,0.00069220,0.02418218
1773325314.63773966,0.03799382,5990,0.00112875,0.02295632,0,0.00000000,16191,16193,121,0.00189687,0.00574854,0.00553406,0.00000117,0.00113882,0.02905092
1773325314.73778820,0.03116920,6000,0.00096597,0.02003889,0,0.00000000,16193,16181,109,0.00205090,0.00550264,0.00253694,0.00000137,0.00069978,0.02592874
1773325314.83785439,0.02884364,5995,0.00110869,0.01839326,0,0.00000000,16181,16167,133,0.00320241,0.00451187,0.00271872,0.00000168,0.00076574,0.02320534
1773325314.93789268,0.02867290,5982,0.00108350,0.01853307,0,0.00000000,16167,16242,135,0.00188515,0.00455678,0.00238200,0.00000112,0.00068005,0.02342430
1773325315.03791571,0.01922453,5974,0.00056506,0.01309934,0,0.00000000,16242,16272,119,0.00166318,0.00257863,0.00154806,0.00000195,0.00055943,0.01587566
1773325315.13799071,0.03431872,5914,0.00114796,0.02218246,0,0.00000000,16272,16312,123,0.00179435,0.00522095,0.00344291,0.00000172,0.00084207,0.02777741
1773325315.23773432,0.03359464,5975,0.00119853,0.02173890,0,0.00000000,16312,16314,111,0.00166409,0.00562016,0.00253852,0.00000099,0.00072714,0.02808954
1773325315.33777356,0.03096928,5949,0.00101393,0.01990090,0,0.00000000,16314,16346,118,0.00169694,0.00541892,0.00253840,0.00000138,0.00069296,0.02570831
1773325315.43784833,0.03310206,5986,0.00093434,0.02015267,0,0.00000000,16346,16076,115,0.00120559,0.00481545,0.00473182,0.00000271,0.00098161,0.02528742
1773325315.53786135,0.03104812,5932,0.00118760,0.01858918,0,0.00000000,16076,16106,82,0.00234821,0.00363492,0.00514138,0.00000219,0.00102749,0.02247276
1773325315.63769245,0.02803899,6000,0.00091518,0.01824875,0,0.00000000,15756,15785,117,0.00216425,0.00372984,0.00287954,0.00000322,0.00089829,0.02222046
1773325315.73787308,0.06052051,5945,0.00423711,0.04719118,0,0.00000000,15785,15824,121,0.00214055,0.00472680,0.00236704,0.00000089,0.00068615,0.05222864
1773325315.83786345,0.01845486,5987,0.00053754,0.01160511,0,0.00000000,15824,15882,108,0.00341758,0.00333931,0.00165113,0.00000077,0.00043942,0.01514842
1773325315.93787503,0.01863338,5977,0.00057805,0.01196988,0,0.00000000,15882,15901,110,0.00338165,0.00301354,0.00168545,0.00000155,0.00048848,0.01518535
1773325316.03786421,0.03709972,5965,0.00103181,0.02248705,0,0.00000000,15901,15857,104,0.00179416,0.00556559,0.00526812,0.00000113,0.00090564,0.02876717
1773325316.13779807,0.02852258,6002,0.00105760,0.01877863,0,0.00000000,15857,15894,106,0.00168827,0.00391637,0.00251497,0.00000100,0.00072794,0.02297639
1773325316.23785782,0.03307924,5994,0.00089780,0.02179704,0,0.00000000,15894,15939,106,0.00137943,0.00563572,0.00249325,0.00000088,0.00069849,0.02792217
1773325316.33779359,0.03024255,6006,0.00080028,0.02095594,0,0.00000000,15939,16016,112,0.00134753,0.00366872,0.00256069,0.00000180,0.00092973,0.02486220
1773325316.43784571,0.03045402,5950,0.00091883,0.01899326,0,0.00000000,16016,16040,107,0.00284097,0.00483380,0.00338545,0.00000271,0.00088220,0.02415036
1773325316.53784728,0.02703926,5945,0.00096092,0.01749086,0,0.00000000,16040,16094,101,0.00183363,0.00378791,0.00274808,0.00000326,0.00075692,0.02160506
1773325316.63770270,0.03201694,5973,0.00083497,0.01816477,0,0.00000000,16094,16157,101,0.00178773,0.00566180,0.00460644,0.00000099,0.00070314,0.02435033
1773325316.73776197,0.02977887,6019,0.00118297,0.01911755,0,0.00000000,16157,16171,131,0.00179524,0.00463391,0.00255524,0.00000100,0.00066140,0.02419993
1773325316.83786011,0.02933122,6030,0.00101900,0.01930879,0,0.00000000,16171,16209,163,0.00182639,0.00471366,0.00237379,0.00000089,0.00065848,0.02435384
1773325316.93787360,0.02725664,6006,0.00104360,0.01741440,0,0.00000000,16209,16199,133,0.00231557,0.00444005,0.00244426,0.00000126,0.00066515,0.02213970
1773325317.03791761,0.03314644,5984,0.00077982,0.02236649,0,0.00000000,16199,16217,89,0.00350254,0.00552828,0.00226300,0.00000109,0.00076828,0.02822907
1773325317.13780093,0.03400051,5967,0.00099111,0.02282571,0,0.00000000,16217,16267,100,0.00274277,0.00479092,0.00275797,0.00000153,0.00112354,0.02796776
1773325317.23769283,0.03495892,6043,0.00109355,0.02101209,0,0.00000000,16267,16337,108,0.00183977,0.00557875,0.00432289,0.00000221,0.00112875,0.02696446
1773325317.33781862,0.03069123,5993,0.00098313,0.01877846,0,0.00000000,16337,16361,108,0.00195768,0.00420791,0.00426923,0.00000105,0.00077238,0.02333621
1773325317.43768549,0.03066498,6044,0.00146903,0.01907963,0,0.00000000,16361,16406,98,0.00150979,0.00494096,0.00257716,0.00000110,0.00072554,0.02434452
1773325317.53782392,0.03285023,6043,0.00080957,0.02229782,0,0.00000000,16406,16394,87,0.00191327,0.00495923,0.00262045,0.00000102,0.00070406,0.02763362
1773325317.63770127,0.02985652,6059,0.00084620,0.02036959,0,0.00000000,16394,16402,99,0.00180221,0.00406648,0.00253688,0.00000093,0.00070709,0.02468963
1773325317.73777485,0.03294154,6052,0.00129543,0.02062250,0,0.00000000,16402,16435,107,0.00178642,0.00463022,0.00406037,0.00000121,0.00079733,0.02564538
1773325317.83768916,0.03522593,6017,0.00086496,0.02251337,0,0.00000000,16435,16424,87,0.00299054,0.00622537,0.00309430,0.00000114,0.00082253,0.02930537
1773325317.93776727,0.02344429,6039,0.00053591,0.01412344,0,0.00000000,16424,16431,83,0.00187494,0.00334039,0.00347415,0.00000092,0.00062438,0.01779596
1773325318.03776741,0.02019441,6051,0.00041968,0.01344322,0,0.00000000,16431,16475,91,0.00189555,0.00292906,0.00193326,0.00000086,0.00056070,0.01672765
1773325318.13776374,0.03651807,6053,0.00101098,0.02276302,0,0.00000000,16475,16523,86,0.00201931,0.00602030,0.00382148,0.00000266,0.00100511,0.02926814
1773325318.23777604,0.03785488,6006,0.00104940,0.02480669,0,0.00000000,16523,16569,103,0.00182857,0.00599900,0.00287157,0.00000183,0.00094600,0.03132382
1773325318.33765388,0.03655326,6067,0.00063272,0.02361961,0,0.00000000,16569,16572,97,0.00356988,0.00542313,0.00459131,0.00000127,0.00098597,0.02940946
1773325318.43775082,0.02705451,6051,0.00069248,0.01768425,0,0.00000000,16572,16593,89,0.00086438,0.00454902,0.00212814,0.00000088,0.00065854,0.02268709
1773325318.53776288,0.02722069,6049,0.00061859,0.01805946,0,0.00000000,16593,16630,92,0.00289246,0.00467680,0.00208369,0.00000082,0.00060155,0.02304890
1773325318.63775778,0.03836116,6058,0.00107831,0.02555334,0,0.00000000,16630,16564,84,0.00192138,0.00579854,0.00325634,0.00000113,0.00085066,0.03174441
1773325318.73777890,0.03531336,6019,0.00193561,0.02289270,0,0.00000000,16564,16529,102,0.00291445,0.00544943,0.00271495,0.00000132,0.00080072,0.02872009
1773325318.84092975,0.02633208,6042,0.00089674,0.01652151,0,0.00000000,16529,16138,124,0.00184035,0.00393931,0.00282174,0.00000216,0.00092637,0.02071449
1773325318.93780899,0.02621673,6077,0.00095325,0.01639210,0,0.00000000,16138,16206,148,0.00165144,0.00462648,0.00225859,0.00000080,0.00065187,0.02141125
1773325319.03781486,0.02524672,6016,0.00250846,0.01454178,0,0.00000000,16206,16241,193,0.00282529,0.00399442,0.00199399,0.00000115,0.00062735,0.01879588
1773325319.13780069,0.02469505,6056,0.00303188,0.01378134,0,0.00000000,16241,16345,227,0.00189732,0.00328825,0.00197526,0.00000077,0.00059314,0.01726859
1773325319.23777723,0.04088642,6101,0.00428302,0.02489532,0,0.00000000,16345,16367,258,0.00268592,0.00632023,0.00246881,0.00000124,0.00069041,0.03208215
1773325319.33786249,0.03936783,6106,0.00269753,0.02384417,0,0.00000000,16367,16483,258,0.00157504,0.00597605,0.00432385,0.00000118,0.00084880,0.03032169
1773325319.43778658,0.03592184,6059,0.00173636,0.02248888,0,0.00000000,16483,16511,202,0.00234144,0.00406897,0.00512039,0.00000153,0.00090337,0.02682588
1773325319.53764462,0.02744295,6107,0.00114264,0.01804857,0,0.00000000,16511,16577,167,0.00236648,0.00438557,0.00202260,0.00000081,0.00056708,0.02281943
1773325319.63770652,0.02941324,6060,0.00124300,0.01688486,0,0.00000000,16577,16665,178,0.00209732,0.00442912,0.00430889,0.00000487,0.00109794,0.02161722
1773325319.73779011,0.03297389,6031,0.00169391,0.01997553,0,0.00000000,16665,16581,149,0.00238473,0.00489581,0.00417431,0.00000112,0.00075415,0.02531605
1773325319.83762026,0.03172206,6112,0.00176448,0.01793061,0,0.00000000,16581,16637,140,0.00363793,0.00689490,0.00223538,0.00000088,0.00067276,0.02532634
1773325319.93770623,0.03111870,6065,0.00148962,0.01931010,0,0.00000000,16637,16690,148,0.00146784,0.00477518,0.00308059,0.00000437,0.00108632,0.02437746
1773325320.03774905,0.02432852,6045,0.00150509,0.01361437,0,0.00000000,16690,16764,190,0.00118314,0.00386954,0.00307697,0.00000060,0.00048352,0.01789836
1773325320.13768053,0.02949194,6080,0.00213639,0.01742311,0,0.00000000,16764,16781,196,0.00297977,0.00539611,0.00235848,0.00000090,0.00056342,0.02320515
1773325320.23761535,0.04281098,6091,0.00190406,0.02698824,0,0.00000000,16781,16862,217,0.00273121,0.00806038,0.00291562,0.00000109,0.00087364,0.03568200
1773325320.33767414,0.03928234,6119,0.00227126,0.02537106,0,0.00000000,16862,16887,170,0.00169322,0.00613145,0.00304718,0.00000116,0.00084937,0.03190419
1773325320.43775415,0.02568963,6070,0.00097755,0.01651123,0,0.00000000,16887,16935,158,0.00113551,0.00468560,0.00180250,0.00000067,0.00051289,0.02163528
1773325320.53775549,0.03425897,6060,0.00146230,0.02311461,0,0.00000000,16935,17046,194,0.00202299,0.00501692,0.00212671,0.00000445,0.00105929,0.02845455
1773325320.63760829,0.03824038,6090,0.00271183,0.02282649,0,0.00000000,17046,16972,172,0.00167648,0.00654375,0.00303419,0.00000297,0.00090556,0.03003825
1773325320.73767877,0.03877717,6089,0.00095360,0.02282416,0,0.00000000,16972,17033,169,0.00225953,0.00512348,0.00767759,0.00000351,0.00104365,0.02835102
1773325320.83769751,0.02671238,6087,0.00116649,0.01817156,0,0.00000000,17033,17128,143,0.00127858,0.00330858,0.00188955,0.00000166,0.00048904,0.02183170
1773325320.93782496,0.01806705,6043,0.00090396,0.01113974,0,0.00000000,17128,17218,141,0.00147493,0.00322609,0.00109221,0.00000058,0.00029782,0.01471638
1773325321.03761458,0.03266073,6111,0.00152080,0.02209701,0,0.00000000,17218,17236,157,0.00178565,0.00483356,0.00214316,0.00000083,0.00059596,0.02740683
1773325321.13763952,0.04244679,6088,0.00237587,0.02646396,0,0.00000000,17236,17301,148,0.00191940,0.00693508,0.00348164,0.00000122,0.00095270,0.03382569
1773325321.23776579,0.04625893,6140,0.00203257,0.02734332,0,0.00000000,17301,17361,164,0.00553739,0.00849081,0.00416267,0.00000459,0.00134014,0.03726334
1773325321.33776331,0.02838367,6080,0.00093157,0.02130342,0,0.00000000,17361,17389,153,0.00082375,0.00288721,0.00174526,0.00000082,0.00049687,0.02445081
1773325321.43765903,0.02107914,6109,0.00063299,0.01461495,0,0.00000000,17389,17448,149,0.00148945,0.00271025,0.00185125,0.00000066,0.00039832,0.01766125
1773325321.53768802,0.02621707,6067,0.00234533,0.01472804,0,0.00000000,17448,17472,149,0.00196815,0.00418005,0.00237722,0.00000074,0.00056163,0.01919720
1773325321.63755250,0.03483393,6102,0.00171388,0.02083566,0,0.00000000,17472,17557,171,0.00196812,0.00621659,0.00291203,0.00000115,0.00076858,0.02767641
1773325321.73760438,0.03595194,6096,0.00172871,0.02314998,0,0.00000000,17557,17611,210,0.00121755,0.00576733,0.00294895,0.00000096,0.00072453,0.02945294
1773325321.83765435,0.03541763,6111,0.00208982,0.02118597,0,0.00000000,17611,17704,200,0.00090656,0.00531465,0.00373913,0.00000135,0.00111644,0.02720930
1773325321.93784237,0.03113873,6075,0.00209153,0.01979844,0,0.00000000,17704,17784,193,0.00161792,0.00441683,0.00264144,0.00000116,0.00074268,0.02457420
1773325322.03754783,0.02100819,6120,0.00097549,0.01194018,0,0.00000000,17784,17874,160,0.00289265,0.00292356,0.00337548,0.00000248,0.00081949,0.01506113
1773325322.13760662,0.03289899,6117,0.00137264,0.02146790,0,0.00000000,17874,17578,131,0.00216773,0.00571701,0.00212668,0.00000085,0.00062408,0.02769009
1773325322.23778582,0.03735847,6085,0.00405771,0.01966682,0,0.00000000,17578,17458,97,0.00178135,0.00677407,0.00363838,0.00000295,0.00102484,0.02695128
1773325322.33753657,0.02087509,6124,0.00177434,0.01216245,0,0.00000000,17458,17478,143,0.00181403,0.00317647,0.00183267,0.00000060,0.00045378,0.01555234
1773325322.43763399,0.02433348,6071,0.00105602,0.01407908,0,0.00000000,17478,17535,111,0.00188801,0.00367040,0.00322602,0.00000066,0.00050277,0.01817006
1773325322.53758645,0.03863161,6074,0.00129236,0.02443781,0,0.00000000,17535,17584,117,0.00150372,0.00685111,0.00351711,0.00000111,0.00079555,0.03182566
1773325322.63759136,0.04071756,6114,0.00098718,0.02700004,0,0.00000000,17584,17660,109,0.00176476,0.00666245,0.00293015,0.00000113,0.00096044,0.03427656
1773325322.73764658,0.02638615,6083,0.00073754,0.01722172,0,0.00000000,17660,17703,116,0.00264316,0.00460032,0.00192031,0.00000083,0.00052359,0.02241527
1773325322.83770299,0.03412526,6103,0.00140138,0.02115127,0,0.00000000,17703,17771,121,0.00272196,0.00552621,0.00326388,0.00004048,0.00104997,0.02706560
1773325322.93773746,0.03127561,6087,0.00077487,0.01960165,0,0.00000000,17771,17784,106,0.00126211,0.00374989,0.00507063,0.00000173,0.00084589,0.02364595
1773325323.03762889,0.01996856,6098,0.00042220,0.01297983,0,0.00000000,17784,17844,104,0.00328252,0.00271615,0.00202481,0.00000293,0.00081863,0.01603685
1773325323.13757825,0.01730261,6106,0.00085594,0.01113851,0,0.00000000,17844,17847,115,0.00128722,0.00244163,0.00151630,0.00000064,0.00041601,0.01375596
1773325323.23767734,0.02286013,6105,0.00152869,0.01358741,0,0.00000000,17847,17845,121,0.00151155,0.00358770,0.00182847,0.00000067,0.00053137,0.01751901
1773325323.33769345,0.02640584,6039,0.00186926,0.01432212,0,0.00000000,17845,17834,125,0.00177674,0.00416272,0.00345491,0.00000088,0.00058390,0.01908120
1773325323.43754220,0.02703950,6107,0.00072463,0.01763233,0,0.00000000,17834,17921,139,0.00079078,0.00496467,0.00183366,0.00000086,0.00060968,0.02309767
1773325323.53759909,0.03021897,6116,0.00097315,0.02043076,0,0.00000000,17921,18006,147,0.00177392,0.00508397,0.00179885,0.00000064,0.00051665,0.02599254
1773325323.63762212,0.02934312,6084,0.00084556,0.01869405,0,0.00000000,18006,18039,118,0.00205923,0.00437200,0.00307200,0.00000480,0.00103808,0.02335882
1773325323.73752856,0.03008688,6110,0.00079500,0.02159049,0,0.00000000,18039,18092,121,0.00240728,0.00358425,0.00213727,0.00000092,0.00059231,0.02559087
1773325323.83750081,0.03014391,6152,0.00173087,0.01683413,0,0.00000000,18092,18140,135,0.00208039,0.00499693,0.00310068,0.00000443,0.00101305,0.02228109
1773325323.93769598,0.03163242,6071,0.00106011,0.01929219,0,0.00000000,18140,18166,109,0.00127986,0.00462334,0.00352574,0.00000435,0.00152067,0.02419588
1773325324.03754902,0.02373596,6084,0.00139938,0.01377486,0,0.00000000,18166,18215,126,0.00150127,0.00390026,0.00202429,0.00000257,0.00075541,0.01807068
1773325324.13753366,0.01784245,6124,0.00089823,0.01125873,0,0.00000000,18215,18281,162,0.00150076,0.00286538,0.00147647,0.00000079,0.00041434,0.01434296
1773325324.23764706,0.03466124,6110,0.00140060,0.02087343,0,0.00000000,18281,18336,180,0.00151135,0.00582427,0.00420764,0.00000098,0.00073311,0.02726330
1773325324.33766890,0.03509953,6145,0.00217071,0.02091667,0,0.00000000,18336,18264,184,0.00206895,0.00591852,0.00336739,0.00000145,0.00096063,0.02750981
1773325324.43767881,0.02923960,6078,0.00117835,0.01893794,0,0.00000000,18264,18296,157,0.00145818,0.00331942,0.00348515,0.00000410,0.00105623,0.02249663
1773325324.53752923,0.02959337,6094,0.00109148,0.01846544,0,0.00000000,18296,18309,123,0.00103527,0.00445045,0.00312371,0.00000423,0.00109692,0.02320551
1773325324.63755989,0.03324871,6135,0.00236704,0.01882432,0,0.00000000,18309,18351,154,0.00312220,0.00547872,0.00337090,0.00002070,0.00108213,0.02477996
1773325324.73758960,0.03246508,6115,0.00188456,0.01854156,0,0.00000000,18351,18399,126,0.00161276,0.00578436,0.00325102,0.00000106,0.00073034,0.02497116
1773325324.83768249,0.03167838,6115,0.00106294,0.01983909,0,0.00000000,18399,18403,120,0.00182426,0.00590835,0.00222704,0.00000080,0.00065977,0.02636011
1773325324.93765640,0.02456706,6072,0.00097729,0.01596429,0,0.00000000,18403,18434,128,0.00158886,0.00335552,0.00245877,0.00000101,0.00062813,0.01954440
1773325325.03751588,0.03103674,6102,0.00099847,0.02084733,0,0.00000000,18434,18477,141,0.00172889,0.00518346,0.00183062,0.00000081,0.00053132,0.02685083
1773325325.13757086,0.02715934,6101,0.00104673,0.01707375,0,0.00000000,18477,18541,155,0.00260545,0.00477839,0.00180624,0.00000065,0.00054572,0.02241950
1773325325.23756671,0.04534743,6104,0.00280925,0.02593427,0,0.00000000,18541,18531,158,0.00243368,0.00787266,0.00412924,0.00000501,0.00112620,0.03450071
1773325325.33760786,0.03918299,6089,0.00157148,0.02429605,0,0.00000000,18531,18588,157,0.00239789,0.00608933,0.00419863,0.00000528,0.00126566,0.03076290
1773325325.43750191,0.02245869,6115,0.00107545,0.01374480,0,0.00000000,18588,18636,163,0.00197739,0.00292268,0.00258011,0.00000289,0.00101548,0.01690572
1773325325.53754354,0.02066273,6050,0.00132754,0.01315498,0,0.00000000,18636,18661,125,0.00128599,0.00282937,0.00183678,0.00000069,0.00050866,0.01622104
1773325325.63748145,0.02994064,6151,0.00310255,0.01626950,0,0.00000000,18661,18716,175,0.00128217,0.00469419,0.00338795,0.00000085,0.00054793,0.02142745
1773325325.73755980,0.02688726,6108,0.00113681,0.01669956,0,0.00000000,18098,18180,167,0.00205661,0.00477761,0.00180527,0.00000064,0.00053406,0.02200359
1773325325.83753157,0.03172922,6133,0.00126082,0.02082929,0,0.00000000,18180,18228,154,0.00194323,0.00525769,0.00210559,0.00000125,0.00063565,0.02668202
1773325325.93761206,0.02984038,6123,0.00137899,0.01889238,0,0.00000000,18228,18230,118,0.00257395,0.00490170,0.00258601,0.00000118,0.00071951,0.02410453
1773325326.03763533,0.03319528,6134,0.00160947,0.01903615,0,0.00000000,18230,18279,118,0.00200818,0.00537450,0.00351944,0.00000406,0.00125417,0.02494089
1773325326.13761783,0.01694679,6080,0.00068980,0.01104027,0,0.00000000,18279,18350,142,0.00214297,0.00229787,0.00160818,0.00000073,0.00046749,0.01349471
1773325326.23754907,0.02503577,6125,0.00158767,0.01436137,0,0.00000000,18350,18444,137,0.00128309,0.00459112,0.00197976,0.00000091,0.00052469,0.01938121
1773325326.33757901,0.02998905,6121,0.00133961,0.01988262,0,0.00000000,18444,18490,154,0.00223539,0.00447371,0.00211851,0.00000084,0.00060305,0.02487018
1773325326.43762946,0.02960203,6098,0.00249399,0.01686173,0,0.00000000,18490,18456,108,0.00243869,0.00528775,0.00217390,0.00000103,0.00059235,0.02270509
1773325326.53755546,0.03114168,6138,0.00074181,0.02013710,0,0.00000000,18456,18505,120,0.00187708,0.00513758,0.00311203,0.00000100,0.00063689,0.02575032
1773325326.63751340,0.03057859,6097,0.00071311,0.02038092,0,0.00000000,18505,18527,112,0.00209504,0.00434138,0.00310064,0.00000107,0.00062635,0.02533746
1773325326.73759985,0.02623181,6087,0.00103654,0.01789409,0,0.00000000,18527,18528,117,0.00203826,0.00257339,0.00270270,0.00000363,0.00090177,0.02067870
1773325326.83746409,0.02784044,6120,0.00131407,0.01629020,0,0.00000000,18528,18615,113,0.00153034,0.00412711,0.00310113,0.00000330,0.00102004,0.02068660
1773325326.93757010,0.02774560,6140,0.00247842,0.01604414,0,0.00000000,18615,18516,114,0.00151017,0.00475913,0.00212225,0.00000095,0.00060320,0.02117005
1773325327.03759170,0.03011582,6142,0.00115886,0.01836651,0,0.00000000,18516,18575,97,0.00147157,0.00457144,0.00312811,0.00000091,0.00067310,0.02358964
1773325327.13762212,0.03422446,6070,0.00241939,0.01973417,0,0.00000000,18575,18566,108,0.00150622,0.00485483,0.00337702,0.00000455,0.00159816,0.02501989
1773325327.23753119,0.03334598,6113,0.00158433,0.02082892,0,0.00000000,18566,18539,122,0.00188745,0.00476556,0.00374403,0.00000196,0.00092647,0.02616533
1773325327.33752847,0.02680345,6096,0.00190927,0.01593800,0,0.00000000,18539,18594,137,0.00157739,0.00428966,0.00212374,0.00000086,0.00059485,0.02051045
1773325327.43759704,0.06261908,6109,0.00088458,0.05090835,0,0.00000000,18594,18629,104,0.00255152,0.00444922,0.00435569,0.00000114,0.00074246,0.05568199
1773325327.53748035,0.03150129,6154,0.00074499,0.02050825,0,0.00000000,18629,18718,135,0.00246712,0.00526663,0.00288860,0.00000102,0.00071259,0.02630140
1773325327.63758039,0.02276295,6118,0.00067096,0.01462500,0,0.00000000,18718,18760,168,0.00306871,0.00274903,0.00297778,0.00000292,0.00075929,0.01764067
1773325327.73746300,0.02027883,6152,0.00142863,0.01267593,0,0.00000000,18760,18761,160,0.00149640,0.00273519,0.00190384,0.00000063,0.00044984,0.01559598
1773325327.83746552,0.02668461,6124,0.00191346,0.01578047,0,0.00000000,18761,18815,143,0.00154210,0.00408906,0.00216386,0.00000092,0.00063939,0.02030656
1773325327.93745661,0.02631350,6133,0.00085851,0.01723238,0,0.00000000,18815,18840,115,0.00151265,0.00399342,0.00243432,0.00000085,0.00063956,0.02150180
1773325328.03764439,0.02497193,6092,0.00087821,0.01571831,0,0.00000000,18840,18853,113,0.00253247,0.00398043,0.00196783,0.00000108,0.00063586,0.02028202
1773325328.13749313,0.02075339,6120,0.00131990,0.01220513,0,0.00000000,18853,18855,109,0.00180290,0.00369624,0.00151116,0.00000062,0.00042991,0.01634129
1773325328.23756027,0.02367826,6136,0.00169714,0.01404209,0,0.00000000,18855,18966,177,0.00242439,0.00417778,0.00153213,0.00000083,0.00041796,0.01865360
1773325328.33757830,0.02615710,6151,0.00142145,0.01727959,0,0.00000000,18966,19026,262,0.00241037,0.00417721,0.00164388,0.00000072,0.00048944,0.02187346
1773325328.43762302,0.02999792,6082,0.00190308,0.01918307,0,0.00000000,19026,19097,223,0.00264444,0.00315059,0.00323507,0.00000289,0.00108928,0.02262163
1773325328.53743434,0.02981967,6163,0.00239995,0.01662161,0,0.00000000,19097,19194,194,0.00103910,0.00480388,0.00316609,0.00000223,0.00079350,0.02186549
1773325328.63757443,0.02823835,6160,0.00300501,0.01626778,0,0.00000000,19194,19271,219,0.00103834,0.00405315,0.00241574,0.00000084,0.00066408,0.02067339
1773325328.73744178,0.03236894,6179,0.00170862,0.02021786,0,0.00000000,19271,19290,205,0.00117459,0.00547168,0.00228285,0.00000098,0.00067130,0.02622357
1773325328.83758259,0.03176957,6178,0.00152587,0.01944854,0,0.00000000,19290,19337,203,0.00157978,0.00430357,0.00428858,0.00000096,0.00074256,0.02421225
1773325328.93756342,0.02137039,6148,0.00090377,0.01363831,0,0.00000000,19337,19390,166,0.00258448,0.00297846,0.00229077,0.00000094,0.00064113,0.01682069
1773325329.03755450,0.01983512,6152,0.00229224,0.01140263,0,0.00000000,19390,19448,186,0.00312823,0.00296801,0.00123481,0.00000049,0.00037024,0.01467761
1773325329.13771343,0.04330468,6112,0.00187981,0.02858890,0,0.00000000,19448,19498,191,0.00387151,0.00620277,0.00414117,0.00000128,0.00076425,0.03527628
1773325329.23753953,0.04071233,6149,0.00197797,0.02630694,0,0.00000000,19498,19551,167,0.00391519,0.00523171,0.00414564,0.00000326,0.00131865,0.03187513
1773325329.33753419,0.03419177,6150,0.00197236,0.02042703,0,0.00000000,19551,19622,191,0.00250024,0.00407611,0.00445220,0.00000363,0.00138125,0.02512329
1773325329.43747950,0.01288133,6150,0.00063829,0.00801837,0,0.00000000,19622,19755,198,0.00087557,0.00195724,0.00126817,0.00000042,0.00037987,0.01011973
1773325329.53749919,0.02867992,6134,0.00517354,0.01534696,0,0.00000000,19755,19716,219,0.00169047,0.00330285,0.00247010,0.00000085,0.00055956,0.01894719
1773325329.63762283,0.03073675,6124,0.00288504,0.01884368,0,0.00000000,19716,19548,214,0.00207310,0.00357743,0.00316271,0.00000429,0.00103586,0.02265903
1773325329.73740602,0.02591521,6185,0.00191701,0.01430841,0,0.00000000,19548,19667,192,0.00289435,0.00487238,0.00255178,0.00000099,0.00053986,0.01960871
1773325329.83750772,0.02741668,6200,0.00097197,0.01714055,0,0.00000000,19667,19789,191,0.00163623,0.00375969,0.00348730,0.00000309,0.00091456,0.02124217
1773325329.93754935,0.02124581,6159,0.00093074,0.01248093,0,0.00000000,19789,19845,171,0.00164211,0.00292973,0.00337714,0.00000085,0.00057763,0.01560308
1773325330.03758860,0.02148608,6181,0.00078941,0.01374338,0,0.00000000,19845,19897,157,0.00243715,0.00322056,0.00209742,0.00000351,0.00074258,0.01725495
1773325330.13759923,0.01765362,6139,0.00083456,0.01062109,0,0.00000000,19897,20003,177,0.00124886,0.00257608,0.00216293,0.00000075,0.00062328,0.01336872
1773325330.23742008,0.01695579,6220,0.00122084,0.01036423,0,0.00000000,20003,20090,219,0.00230420,0.00258253,0.00157669,0.00000065,0.00043147,0.01311330
1773325330.33761787,0.02339569,6123,0.00279223,0.01296157,0,0.00000000,20090,20093,152,0.00234120,0.00380035,0.00179291,0.00000078,0.00048206,0.01709497
1773325330.43745804,0.02690138,6194,0.00093540,0.01714783,0,0.00000000,20093,20142,151,0.00163612,0.00349627,0.00325673,0.00000073,0.00056752,0.02098903
1773325330.53746796,0.02704646,6186,0.00127771,0.01730232,0,0.00000000,20142,20175,168,0.00217671,0.00488046,0.00173923,0.00000068,0.00050805,0.02282101
1773325330.63755083,0.02688589,6216,0.00222152,0.01618174,0,0.00000000,20175,20133,173,0.00174864,0.00369322,0.00235802,0.00000107,0.00072462,0.02028033
1773325330.73757553,0.02472089,6171,0.00189333,0.01604244,0,0.00000000,20133,20168,216,0.00195322,0.00222433,0.00261409,0.00000287,0.00096413,0.01842194
1773325330.83740735,0.02931137,6222,0.00117095,0.01851949,0,0.00000000,20168,20307,210,0.00245276,0.00458060,0.00246229,0.00000298,0.00106872,0.02358417
1773325330.93763256,0.01895792,6154,0.00152198,0.01135502,0,0.00000000,20307,20059,157,0.00199591,0.00254157,0.00217475,0.00000098,0.00057917,0.01407511
1773325331.03750205,0.01498611,6173,0.00119449,0.00853079,0,0.00000000,20059,20006,143,0.00126260,0.00210798,0.00214322,0.00000056,0.00035880,0.01078090
1773325331.13757133,0.02322237,6191,0.00310083,0.01264786,0,0.00000000,20006,19608,126,0.00172413,0.00382008,0.00146912,0.00000076,0.00046685,0.01683444
1773325331.23759770,0.02687663,6163,0.00218843,0.01613905,0,0.00000000,19608,19700,137,0.00142791,0.00439676,0.00185580,0.00000084,0.00051987,0.02091716
1773325331.33758903,0.02261673,6122,0.00140976,0.01299932,0,0.00000000,19700,19572,127,0.00142965,0.00400737,0.00181130,0.00000068,0.00051649,0.01738292
1773325331.43748403,0.02598768,6181,0.00197371,0.01574688,0,0.00000000,19572,19575,118,0.00253482,0.00406004,0.00183394,0.00000087,0.00054847,0.02023355
1773325331.53748345,0.02641965,6130,0.00078302,0.01662647,0,0.00000000,19575,19642,133,0.00157525,0.00334520,0.00345811,0.00000222,0.00089970,0.02034040
1773325331.63734841,0.02772207,6206,0.00079624,0.01734480,0,0.00000000,19642,19677,128,0.00219022,0.00359925,0.00380122,0.00000297,0.00093545,0.02134746
1773325331.73761415,0.02151184,6135,0.00081301,0.01326757,0,0.00000000,19677,19738,134,0.00126772,0.00297360,0.00260902,0.00000360,0.00084986,0.01644415
1773325331.83737302,0.02087874,6169,0.00136138,0.01220179,0,0.00000000,19738,19802,118,0.00127686,0.00304748,0.00204448,0.00000087,0.00053338,0.01545041
1773325331.93759942,0.01924513,6160,0.00066535,0.01181887,0,0.00000000,19802,19884,125,0.00238688,0.00230162,0.00259743,0.00000300,0.00074056,0.01427732
1773325332.03752351,0.02681448,6190,0.00300785,0.01546443,0,0.00000000,19884,19802,111,0.00265045,0.00396878,0.00209476,0.00000099,0.00054295,0.01977640
1773325332.13754749,0.02194857,6115,0.00152836,0.01248297,0,0.00000000,19802,19869,121,0.00202740,0.00383752,0.00182312,0.00000072,0.00051921,0.01665123
1773325332.23746467,0.02578215,6181,0.00066736,0.01663790,0,0.00000000,19869,19892,106,0.00209469,0.00383073,0.00255634,0.00000499,0.00090047,0.02088677
1773325332.33744359,0.02554548,6167,0.00065902,0.01676005,0,0.00000000,19892,19940,109,0.00218795,0.00357598,0.00258338,0.00000288,0.00083626,0.02064275
1773325332.43761659,0.02396467,6171,0.00049959,0.01607331,0,0.00000000,19940,19983,102,0.00203315,0.00327633,0.00217366,0.00000299,0.00088323,0.01970515
1773325332.53752398,0.02105733,6147,0.00060745,0.01424252,0,0.00000000,19983,19985,101,0.00130529,0.00216530,0.00217101,0.00000231,0.00089509,0.01668120
1773325332.63752890,0.01723420,6143,0.00046441,0.01138885,0,0.00000000,19985,20041,100,0.00128046,0.00262250,0.00152441,0.00000060,0.00042872,0.01418839
1773325332.73757339,0.01766238,6103,0.00036468,0.01172184,0,0.00000000,20041,20097,85,0.00134422,0.00276399,0.00155655,0.00000064,0.00042585,0.01467048
1773325332.83747530,0.01957295,6116,0.00096873,0.01201506,0,0.00000000,20097,20178,106,0.00152135,0.00278049,0.00152788,0.00000071,0.00050517,0.01503374
1773325332.93753195,0.01760058,6167,0.00064270,0.01110374,0,0.00000000,20178,20230,118,0.00174017,0.00234815,0.00178997,0.00000325,0.00084164,0.01363375
1773325333.03811502,0.04396828,6086,0.00056419,0.03147558,0,0.00000000,20230,20290,112,0.00172328,0.00448701,0.00264037,0.00000472,0.00252033,0.03647078
1773325333.13761640,0.03346215,6091,0.00093635,0.02176398,0,0.00000000,20290,20364,148,0.00184628,0.00520560,0.00255009,0.00000417,0.00104851,0.02763470
1773325333.23748469,0.02623356,6134,0.00116337,0.01838940,0,0.00000000,20364,20264,150,0.00108229,0.00375054,0.00144813,0.00000065,0.00050261,0.02252512
1773325333.33758211,0.01685036,6123,0.00052911,0.01042635,0,0.00000000,20264,20298,131,0.00185569,0.00241604,0.00189382,0.00000264,0.00077398,0.01302074
1773325333.43759966,0.01616621,6086,0.00045490,0.01039271,0,0.00000000,20298,20324,96,0.00561075,0.00270898,0.00142308,0.00000060,0.00039965,0.01328875
1773325333.53748035,0.02713284,6113,0.00064763,0.01754756,0,0.00000000,20324,20375,94,0.00340324,0.00393076,0.00263241,0.00000335,0.00090969,0.02187090
1773325333.63752151,0.02709727,6120,0.00179886,0.01502560,0,0.00000000,20375,20411,150,0.00087619,0.00447957,0.00323195,0.00000079,0.00049917,0.01993054
1773325333.73755646,0.02868590,6138,0.00423887,0.01429741,0,0.00000000,20411,20566,205,0.00148068,0.00483517,0.00257196,0.00000085,0.00055435,0.01960224
1773325333.83743453,0.02855331,6124,0.00113486,0.01958753,0,0.00000000,20004,20167,237,0.00145687,0.00444040,0.00174109,0.00000073,0.00049726,0.02442186
1773325333.93745565,0.01596687,6165,0.00078499,0.01028960,0,0.00000000,20167,20292,234,0.00147051,0.00241390,0.00139809,0.00000070,0.00036298,0.01288985
1773325334.03763509,0.02490153,6117,0.00148041,0.01532389,0,0.00000000,20292,20333,196,0.00276301,0.00450669,0.00130912,0.00000056,0.00034519,0.02037451
1773325334.13762283,0.01606389,6111,0.00057602,0.00979102,0,0.00000000,20333,20422,158,0.00125719,0.00201378,0.00240457,0.00000418,0.00050521,0.01197753
1773325334.23749399,0.01865104,6173,0.00058561,0.01216001,0,0.00000000,20422,20495,151,0.00197554,0.00236381,0.00188239,0.00000329,0.00080833,0.01469172
1773325334.33757901,0.02012912,6133,0.00137672,0.01068763,0,0.00000000,20495,20527,136,0.00173604,0.00350692,0.00238324,0.00000056,0.00042291,0.01456744
1773325334.43759012,0.02281487,6099,0.00147250,0.01492195,0,0.00000000,20527,20591,141,0.00093230,0.00272791,0.00165499,0.00000095,0.00040030,0.01804489
1773325334.53739619,0.01844329,6143,0.00112708,0.01040214,0,0.00000000,20591,20630,126,0.00155081,0.00323406,0.00183804,0.00000054,0.00040508,0.01394961
1773325334.63744640,0.01896589,6124,0.00112941,0.01134825,0,0.00000000,20630,20672,119,0.00162761,0.00310013,0.00131561,0.00000078,0.00050553,0.01479330
1773325334.73754835,0.02342305,6168,0.00076876,0.01543809,0,0.00000000,20672,20706,102,0.00251986,0.00320621,0.00185760,0.00000073,0.00039947,0.01911175
1773325334.83752823,0.02308596,6163,0.00089439,0.01537307,0,0.00000000,20706,20707,128,0.00160801,0.00335352,0.00178068,0.00000322,0.00072618,0.01907297
1773325334.93759012,0.01503799,6080,0.00058846,0.00980152,0,0.00000000,20707,20632,109,0.00090292,0.00218419,0.00144858,0.00000054,0.00032673,0.01215475
1773325335.03749728,0.01666702,6115,0.00051025,0.01015487,0,0.00000000,20632,20670,100,0.00089737,0.00264717,0.00171713,0.00000282,0.00076479,0.01301065
1773325335.13752985,0.01963615,6131,0.00100149,0.01117426,0,0.00000000,20670,20691,94,0.00091009,0.00306088,0.00185699,0.00000277,0.00075364,0.01464473
1773325335.23763752,0.02085825,6100,0.00111430,0.01255711,0,0.00000000,20691,20763,129,0.00179779,0.00326915,0.00172763,0.00000088,0.00051529,0.01613882
1773325335.33745885,0.01565098,6150,0.00093529,0.00943936,0,0.00000000,20763,20774,85,0.00077274,0.00198646,0.00135452,0.00000059,0.00034823,0.01161346
1773325335.43755341,0.02337555,6137,0.00040187,0.01475706,0,0.00000000,20774,20804,95,0.00149826,0.00322330,0.00302044,0.00000265,0.00096015,0.01832342
1773325335.53740191,0.02305058,6167,0.00070442,0.01452899,0,0.00000000,20804,20825,64,0.00149859,0.00440062,0.00121501,0.00000069,0.00034382,0.01948288
1773325335.63766789,0.01832156,6108,0.00034847,0.01210118,0,0.00000000,20825,20881,79,0.00126538,0.00249756,0.00186274,0.00000352,0.00068783,0.01477372
1773325335.73798442,0.01768470,6052,0.00033439,0.01053059,0,0.00000000,20881,20922,78,0.00088300,0.00257393,0.00246086,0.00000254,0.00087167,0.01329402
1773325335.83747721,0.01562545,6065,0.00057711,0.00970116,0,0.00000000,20922,20850,87,0.00135076,0.00239099,0.00187930,0.00000063,0.00035803,0.01226276
1773325335.93757343,0.02585173,6069,0.00030585,0.01783553,0,0.00000000,20850,20898,73,0.00081353,0.00421775,0.00136100,0.00000097,0.00052783,0.02269934
1773325336.03799725,0.02521223,6093,0.00031833,0.01760294,0,0.00000000,20898,20923,70,0.00202305,0.00326792,0.00189328,0.00000338,0.00110051,0.02126561
1773325336.13750839,0.01343754,6057,0.00038014,0.00878985,0,0.00000000,20923,20965,99,0.00154993,0.00215761,0.00113028,0.00000047,0.00032814,0.01110687
1773325336.23738861,0.02256740,6164,0.00097717,0.01596813,0,0.00000000,20965,21006,103,0.00205529,0.00232550,0.00126672,0.00000069,0.00039743,0.01857199
1773325336.33758807,0.02263330,6120,0.00122329,0.01372250,0,0.00000000,21006,21104,143,0.00080516,0.00426393,0.00120227,0.00000064,0.00034019,0.01855149
1773325336.43741345,0.02409941,6163,0.00104183,0.01579958,0,0.00000000,21104,21042,166,0.00154834,0.00361368,0.00181069,0.00000293,0.00076577,0.01981749
1773325336.53763795,0.01983859,6180,0.00072658,0.01304617,0,0.00000000,21042,21097,180,0.00085320,0.00250908,0.00199480,0.00000351,0.00074011,0.01572693
1773325336.63765979,0.01584623,6187,0.00074093,0.00914416,0,0.00000000,21097,21219,185,0.00084502,0.00225383,0.00248963,0.00000087,0.00046686,0.01156136
1773325336.73743677,0.01413917,6229,0.00109196,0.00868003,0,0.00000000,21219,21292,213,0.00084501,0.00205359,0.00128508,0.00000068,0.00036983,0.01087866
1773325336.83797526,0.02072046,6190,0.00160017,0.01272083,0,0.00000000,21292,21335,161,0.00106777,0.00297439,0.00128649,0.00000062,0.00036898,0.01601924
1773325336.93805218,0.01413309,6166,0.00073978,0.00870612,0,0.00000000,21335,21386,158,0.00077862,0.00201046,0.00169944,0.00000065,0.00033206,0.01086612
1773325337.03751993,0.02362269,6185,0.00105540,0.01444569,0,0.00000000,21386,21431,118,0.00172513,0.00292573,0.00258514,0.00000476,0.00104213,0.01769156
1773325337.13750911,0.02235221,6158,0.00129953,0.01412310,0,0.00000000,21431,21429,98,0.00149603,0.00358993,0.00127595,0.00000089,0.00035979,0.01816951
1773325337.23766661,0.02370569,6128,0.00044980,0.01527495,0,0.00000000,21429,21482,98,0.00132689,0.00299875,0.00323946,0.00000363,0.00076438,0.01862555
1773325337.33824325,0.02237246,6094,0.00032461,0.01446396,0,0.00000000,21482,21538,85,0.00164331,0.00307597,0.00252729,0.00000239,0.00094680,0.01795765
1773325337.43801904,0.01576353,6031,0.00031681,0.00985382,0,0.00000000,21538,21577,69,0.00255898,0.00236983,0.00203032,0.00000061,0.00040268,0.01241861
1773325337.53796887,0.01920709,5959,0.00072294,0.01022026,0,0.00000000,21577,21617,76,0.00092436,0.00406397,0.00181117,0.00000056,0.00038401,0.01468654
1773325337.63748097,0.02206508,6018,0.00114520,0.01361599,0,0.00000000,21617,21711,153,0.00258662,0.00314575,0.00182989,0.00000097,0.00039254,0.01717002
1773325337.73810482,0.02457535,5912,0.00090209,0.01726035,0,0.00000000,21711,21835,238,0.00089947,0.00370078,0.00132091,0.00000058,0.00034972,0.02140970
1773325337.83803463,0.02238092,5855,0.00219835,0.01313825,0,0.00000000,21835,21911,244,0.00254299,0.00305248,0.00194891,0.00000076,0.00047610,0.01654410
1773325337.93753004,0.01624343,5854,0.00118750,0.00879478,0,0.00000000,21911,22027,227,0.00164703,0.00262503,0.00199069,0.00000077,0.00046821,0.01162182
1773325338.03740716,0.02454085,5863,0.00075474,0.01740833,0,0.00000000,22027,22086,189,0.00110586,0.00364264,0.00123795,0.00000055,0.00042312,0.02154915
1773325338.13752198,0.03545190,5883,0.00173759,0.02522449,0,0.00000000,21184,21256,152,0.00090348,0.00304601,0.00236005,0.00000459,0.00106471,0.02854624
1773325338.23728776,0.02952150,6000,0.00225416,0.02018128,0,0.00000000,21256,21362,138,0.00167495,0.00180017,0.00236534,0.00000346,0.00110831,0.02214267
1773325338.33760929,0.03362462,6075,0.00143587,0.02354704,0,0.00000000,21362,21388,98,0.00123621,0.00344939,0.00187814,0.00000252,0.00082010,0.02738581
1773325338.43746972,0.03654619,6088,0.00191755,0.02691876,0,0.00000000,21388,21430,78,0.00089299,0.00308655,0.00180180,0.00000087,0.00054023,0.03027794
1773325338.53755760,0.04098293,6097,0.00047125,0.03234529,0,0.00000000,21430,21436,87,0.00222846,0.00450949,0.00170355,0.00000086,0.00047488,0.03758024
1773325338.63795304,0.04926413,6152,0.00043905,0.04031326,0,0.00000000,21436,21477,89,0.00255574,0.00369583,0.00235879,0.00000177,0.00107173,0.04434671
1773325338.73746490,0.04500990,6168,0.00093040,0.02926246,0,0.00000000,21477,21544,93,0.00259954,0.00518766,0.00352300,0.00000451,0.00393021,0.03496797
1773325338.83749771,0.03374929,6195,0.00051374,0.02397591,0,0.00000000,21544,21591,108,0.00169515,0.00405976,0.00244240,0.00000424,0.00114120,0.02855972
1773325338.93761325,0.05012886,6172,0.00148373,0.03493930,0,0.00000000,21591,21627,103,0.00245453,0.00950002,0.00187028,0.00000112,0.00049213,0.04520852
1773325339.03754377,0.02966475,6171,0.00102567,0.02063694,0,0.00000000,21627,21594,73,0.00196966,0.00352450,0.00178017,0.00000090,0.00048809,0.02460123
1773325339.13752484,0.02591202,6128,0.00088402,0.01661901,0,0.00000000,21594,21624,77,0.00116791,0.00346463,0.00188018,0.00000307,0.00085520,0.02047905
1773325339.23800731,0.02594964,6102,0.00067467,0.01452995,0,0.00000000,21624,21664,70,0.00180492,0.00478418,0.00296149,0.00000125,0.00061529,0.01997225
1773325339.33753657,0.02006878,6107,0.00079081,0.01111253,0,0.00000000,21664,21693,69,0.00175139,0.00319192,0.00186393,0.00000202,0.00077452,0.01465991
1773325339.43801093,0.02460863,6098,0.00105136,0.01492624,0,0.00000000,21693,21726,92,0.00118035,0.00410342,0.00204689,0.00000067,0.00054430,0.01951359
1773325339.53747630,0.02460617,6140,0.00054160,0.01599998,0,0.00000000,21726,21775,83,0.00159195,0.00462650,0.00142443,0.00000069,0.00041694,0.02112144
1773325339.63752532,0.02403859,6125,0.00032132,0.01589550,0,0.00000000,21775,21816,71,0.00254492,0.00375055,0.00218351,0.00000405,0.00082980,0.01999966
1773325339.73793840,0.02291672,6122,0.00040424,0.01481472,0,0.00000000,21816,21800,78,0.00166932,0.00304064,0.00260638,0.00000240,0.00091694,0.01821378
1773325339.83794212,0.04758118,6095,0.00026394,0.03987014,0,0.00000000,21800,21836,57,0.00167445,0.00342316,0.00210637,0.00000224,0.00079504,0.04368885
1773325339.93800735,0.02368516,6045,0.00025902,0.01415786,0,0.00000000,21836,21862,56,0.00109559,0.00398103,0.00281710,0.00000390,0.00133938,0.01838903
1773325340.03750086,0.05210446,6091,0.00105086,0.04091446,0,0.00000000,21862,21884,61,0.00098076,0.00431463,0.00253350,0.00000561,0.00102960,0.04568621
1773325340.13751936,0.04939472,6106,0.00032790,0.04225085,0,0.00000000,21884,21907,60,0.00115624,0.00292991,0.00192222,0.00000394,0.00083107,0.04555607
1773325340.23801947,0.03006118,6070,0.00047097,0.01913287,0,0.00000000,21907,21921,42,0.00098104,0.00565608,0.00204269,0.00000096,0.00049158,0.02548318
1773325340.33746409,0.03645960,6098,0.00076912,0.02519421,0,0.00000000,21921,21889,68,0.00228339,0.00561730,0.00246319,0.00000104,0.00056747,0.03142697
1773325340.43749690,0.02850563,6104,0.00028151,0.02099771,0,0.00000000,21889,21920,70,0.00151199,0.00365934,0.00178269,0.00000298,0.00078503,0.02504277
1773325340.53796458,0.02567834,6100,0.00017684,0.01797589,0,0.00000000,21920,21936,49,0.00126736,0.00284555,0.00256972,0.00000346,0.00106458,0.02118528
1773325340.63748145,0.02086748,6153,0.00024682,0.01407709,0,0.00000000,21936,21951,58,0.00261322,0.00272153,0.00198634,0.00000292,0.00084421,0.01708117
1773325340.73795843,0.01825822,6110,0.00025348,0.01182626,0,0.00000000,21951,21979,64,0.00154865,0.00228343,0.00212304,0.00000396,0.00080156,0.01427124
1773325340.83795047,0.02253896,6107,0.00036899,0.01546608,0,0.00000000,21979,21967,71,0.00080486,0.00301760,0.00196061,0.00000220,0.00079382,0.01877744
1773325340.93748665,0.02081708,6135,0.00032306,0.01384081,0,0.00000000,21967,22017,80,0.00103924,0.00217198,0.00242983,0.00000426,0.00094745,0.01619602
1773325341.03800035,0.02619973,6145,0.00100691,0.01620739,0,0.00000000,22017,22033,90,0.00180640,0.00411834,0.00247859,0.00000067,0.00036614,0.02082678
1773325341.13743734,0.03248169,6177,0.00043370,0.02318315,0,0.00000000,22033,22048,74,0.00265456,0.00378265,0.00306985,0.00000167,0.00055213,0.02748665
1773325341.23799968,0.04873109,6124,0.00085927,0.03793592,0,0.00000000,22048,22072,82,0.00082865,0.00346982,0.00226812,0.00000068,0.00045317,0.04181727
1773325341.33750272,0.02932387,6185,0.00037542,0.02173698,0,0.00000000,22072,22107,84,0.00280185,0.00350356,0.00232172,0.00000063,0.00038149,0.02563217
1773325341.43750024,0.02780599,6176,0.00034920,0.02108545,0,0.00000000,22107,22135,83,0.00087606,0.00295216,0.00157331,0.00000236,0.00080957,0.02435726
1773325341.53792572,0.04394502,6071,0.00034831,0.03735060,0,0.00000000,22135,22165,84,0.00201591,0.00254237,0.00191100,0.00001829,0.00084608,0.04012930
1773325341.63733029,0.02145656,6209,0.00046008,0.01370163,0,0.00000000,22165,22158,69,0.00193219,0.00272847,0.00251149,0.00000481,0.00105241,0.01663470
1773325341.73785877,0.03648238,6181,0.00079221,0.02646590,0,0.00000000,22158,22161,64,0.00156993,0.00404626,0.00276998,0.00000088,0.00046484,0.03104586
1773325341.83793235,0.01953417,6176,0.00126407,0.01188413,0,0.00000000,22161,22169,79,0.00081877,0.00197484,0.00220330,0.00000064,0.00041580,0.01405331
1773325341.93800759,0.01533427,6137,0.00043945,0.00864658,0,0.00000000,22169,22175,75,0.00175534,0.00281962,0.00212569,0.00000101,0.00051098,0.01163395
1773325342.03807044,0.04329011,6154,0.00075521,0.03337973,0,0.00000000,22175,22212,75,0.00288314,0.00309539,0.00321393,0.00000274,0.00085066,0.03682735
1773325342.13803411,0.02344844,6137,0.00091430,0.01439745,0,0.00000000,22212,22214,71,0.00241449,0.00343722,0.00198001,0.00000328,0.00055878,0.01818183
1773325342.23800588,0.02921377,6164,0.00041962,0.02076920,0,0.00000000,22214,22237,74,0.00225204,0.00305329,0.00303200,0.00000462,0.00083689,0.02420560
1773325342.33798122,0.02051718,6196,0.00031645,0.01340981,0,0.00000000,22237,22232,61,0.00331882,0.00269697,0.00215792,0.00000242,0.00089384,0.01641497
1773325342.43799233,0.01633702,6170,0.00034040,0.01039188,0,0.00000000,22232,22253,88,0.00228126,0.00202533,0.00189551,0.00000434,0.00084807,0.01258219
1773325342.53797793,0.01712622,6172,0.00080574,0.00928184,0,0.00000000,22253,22296,78,0.00185235,0.00245694,0.00237071,0.00000064,0.00038763,0.01198070
1773325342.63749838,0.02123545,6182,0.00068701,0.01430477,0,0.00000000,22296,22334,70,0.00159824,0.00288216,0.00127774,0.00000067,0.00038953,0.01751738
1773325342.73797345,0.04872759,6188,0.00378496,0.03826363,0,0.00000000,22334,22344,66,0.00138862,0.00341874,0.00119026,0.00000065,0.00035593,0.04207542
1773325342.83786607,0.01954832,6174,0.00076135,0.01212434,0,0.00000000,22344,22378,74,0.00215494,0.00263129,0.00188568,0.00000099,0.00036589,0.01509196
1773325342.93789291,0.01385849,6146,0.00029452,0.00871522,0,0.00000000,22378,22386,71,0.00258433,0.00189616,0.00185999,0.00000076,0.00040009,0.01077374
1773325343.03792810,0.02152763,6132,0.00065939,0.01357520,0,0.00000000,22386,22392,57,0.00232263,0.00391086,0.00121459,0.00000070,0.00036151,0.01792898
1773325343.13793945,0.05053361,6164,0.00072958,0.04184272,0,0.00000000,22392,22400,67,0.00122012,0.00322414,0.00192172,0.00000141,0.00055691,0.04553491
1773325343.23792505,0.03703928,6165,0.00115130,0.02464853,0,0.00000000,22400,22417,87,0.00089697,0.00487729,0.00262366,0.00000368,0.00137898,0.02997735
1773325343.33795047,0.04232954,6117,0.00082539,0.03532742,0,0.00000000,22417,22445,88,0.00119823,0.00270823,0.00137824,0.00000070,0.00034743,0.03838675
1773325343.43784404,0.03161822,6174,0.00106966,0.02197696,0,0.00000000,22445,22423,90,0.00229679,0.00354624,0.00272284,0.00000113,0.00038772,0.02591023
1773325343.53789473,0.02838949,6110,0.00028520,0.02270393,0,0.00000000,22423,22442,67,0.00128994,0.00305165,0.00117174,0.00000091,0.00033763,0.02606435
1773325343.63746476,0.02718816,6221,0.00031792,0.02015879,0,0.00000000,22442,22480,83,0.00249617,0.00187627,0.00322201,0.00000357,0.00073693,0.02223071
1773325343.73808694,0.02345485,6120,0.00148880,0.01373393,0,0.00000000,22480,22487,96,0.00099166,0.00379612,0.00220233,0.00000092,0.00038190,0.01793347
1773325343.83750963,0.02284905,6188,0.00051058,0.01529357,0,0.00000000,22487,22539,87,0.00268892,0.00276726,0.00186237,0.00000266,0.00077978,0.01844755
1773325343.93751550,0.02485185,6141,0.00034312,0.01987327,0,0.00000000,22539,22559,71,0.00087707,0.00164138,0.00188826,0.00000139,0.00037495,0.02167885
1773325344.03734374,0.03080338,6202,0.00051462,0.02399215,0,0.00000000,22559,22555,92,0.00251831,0.00188007,0.00243500,0.00000520,0.00109968,0.02602002
1773325344.13787746,0.05255561,6161,0.00028906,0.04455903,0,0.00000000,22555,22596,77,0.00077598,0.00239711,0.00345017,0.00001869,0.00097469,0.04720685
1773325344.23790789,0.01983495,6174,0.00071454,0.01209750,0,0.00000000,22596,22608,61,0.00114831,0.00192696,0.00227774,0.00000244,0.00078594,0.01422680
1773325344.33782983,0.02144498,6144,0.00077503,0.01350812,0,0.00000000,22608,22626,69,0.00076473,0.00338750,0.00132298,0.00000064,0.00038444,0.01725509
1773325344.43787837,0.01673964,6171,0.00097121,0.00907496,0,0.00000000,22626,22621,71,0.00252261,0.00340959,0.00122746,0.00000047,0.00035728,0.01284968
1773325344.53788471,0.01779505,6123,0.00087045,0.01160332,0,0.00000000,22621,22623,70,0.00305992,0.00224123,0.00125607,0.00000071,0.00034325,0.01412446
1773325344.63789153,0.02159004,6147,0.00070086,0.01429206,0,0.00000000,22623,22639,59,0.00177365,0.00340298,0.00123039,0.00000065,0.00034246,0.01809482
1773325344.73793745,0.01382505,6167,0.00026317,0.00850600,0,0.00000000,22639,22679,68,0.00114639,0.00140797,0.00212677,0.00000334,0.00077056,0.01002130
1773325344.83794475,0.01437850,6178,0.00034766,0.00898645,0,0.00000000,22679,22673,71,0.00088271,0.00208650,0.00187956,0.00000214,0.00042709,0.01121392
1773325344.93792892,0.01329153,6138,0.00021157,0.00862592,0,0.00000000,22673,22688,53,0.00085560,0.00192884,0.00155372,0.00000136,0.00030564,0.01073080
1773325345.03783870,0.02471588,6167,0.00023823,0.01816054,0,0.00000000,22688,22720,60,0.00087476,0.00294270,0.00158007,0.00000311,0.00080913,0.02143473
1773325345.13792181,0.02551502,6169,0.00028052,0.01960543,0,0.00000000,22720,22743,57,0.00175197,0.00292754,0.00147870,0.00000058,0.00038183,0.02282481
1773325345.23796797,0.02252177,6154,0.00061134,0.01447045,0,0.00000000,22743,22775,60,0.00199262,0.00384945,0.00124601,0.00000047,0.00038103,0.01878864
1773325345.33791161,0.02387368,6126,0.00026568,0.01619745,0,0.00000000,22775,22803,61,0.00160698,0.00352662,0.00201764,0.00000253,0.00069581,0.02026189
1773325345.43798041,0.02401919,6087,0.00020608,0.01656696,0,0.00000000,22803,22801,45,0.00084327,0.00360215,0.00183136,0.00000290,0.00079666,0.02054867
1773325345.53778839,0.01749571,6114,0.00031025,0.01123936,0,0.00000000,22801,22817,60,0.00089713,0.00245557,0.00183487,0.00000438,0.00073131,0.01389472
1773325345.63788271,0.01596583,6101,0.00020486,0.00954854,0,0.00000000,22817,22821,51,0.00123366,0.00240764,0.00271356,0.00000069,0.00038806,0.01212516
1773325345.73791575,0.01713666,6052,0.00080727,0.01081091,0,0.00000000,22821,22814,63,0.00081982,0.00225640,0.00182225,0.00000457,0.00069442,0.01323401
1773325345.83782315,0.01942874,6102,0.00062295,0.01185842,0,0.00000000,21720,21767,69,0.00126114,0.00346487,0.00134561,0.00000067,0.00035760,0.01573676
1773325345.93784094,0.01489283,6114,0.00022520,0.01006833,0,0.00000000,21767,21801,68,0.00151140,0.00224488,0.00131136,0.00000052,0.00034028,0.01249379
1773325346.03799748,0.02125229,6118,0.00096779,0.01209024,0,0.00000000,21801,21830,92,0.00272773,0.00351365,0.00200769,0.00000275,0.00081831,0.01596852
1773325346.13782692,0.02155633,6102,0.00064697,0.01336037,0,0.00000000,21830,21858,64,0.00177205,0.00404885,0.00129251,0.00000048,0.00033370,0.01791143
1773325346.23785377,0.07457978,6108,0.00038769,0.06450590,0,0.00000000,21858,21881,81,0.00131739,0.00420750,0.00261271,0.00000447,0.00117979,0.06925388
1773325346.33800864,0.03898704,6120,0.00046520,0.02998559,0,0.00000000,21881,21868,72,0.00140294,0.00467838,0.00197883,0.00000126,0.00049164,0.03518729
1773325346.43799090,0.02509849,6126,0.00074610,0.01387101,0,0.00000000,21868,21926,84,0.00246338,0.00480910,0.00247834,0.00000360,0.00082136,0.01921175
1773325346.53879738,0.02565556,6078,0.00063933,0.01503160,0,0.00000000,21926,21962,63,0.00079111,0.00518521,0.00192400,0.00000131,0.00053199,0.02096751
1773325346.63787913,0.01988055,6104,0.00062386,0.01200799,0,0.00000000,21962,21996,60,0.00108172,0.00305951,0.00185096,0.00000086,0.00049417,0.01533628
1773325346.73789001,0.01500265,6073,0.00028223,0.00966390,0,0.00000000,21996,22013,73,0.00260051,0.00244475,0.00153794,0.00000061,0.00034667,0.01228596
1773325346.83790636,0.01417861,6113,0.00058098,0.00870403,0,0.00000000,22013,22041,70,0.00252066,0.00176545,0.00132174,0.00000055,0.00040577,0.01060172
1773325346.93782496,0.01463150,6164,0.00019193,0.00948462,0,0.00000000,22041,22067,65,0.00123948,0.00258163,0.00122660,0.00000060,0.00035940,0.01231701
1773325347.03879619,0.01934789,6119,0.00061351,0.01151675,0,0.00000000,22067,22101,65,0.00234180,0.00247461,0.00205790,0.00000278,0.00100221,0.01417273
1773325347.13880038,0.02455945,6059,0.00044316,0.01611388,0,0.00000000,22101,22101,50,0.00100310,0.00462580,0.00132846,0.00000059,0.00057379,0.02132263
1773325347.23785782,0.01551300,6095,0.00022576,0.00986044,0,0.00000000,22101,22130,64,0.00080834,0.00229805,0.00203509,0.00000214,0.00040576,0.01232411
1773325347.33783960,0.01751238,6084,0.00064826,0.01030041,0,0.00000000,22130,22166,71,0.00094653,0.00303383,0.00152145,0.00000055,0.00032741,0.01364519
1773325347.43777227,0.02205913,6134,0.00049403,0.01294755,0,0.00000000,22166,22208,61,0.00157339,0.00442021,0.00168924,0.00000103,0.00046654,0.01786117
1773325347.53877115,0.01617943,6100,0.00068538,0.00948534,0,0.00000000,22208,22255,76,0.00086990,0.00258754,0.00141554,0.00000056,0.00039794,0.01225893
1773325347.63786507,0.01725771,6143,0.00070091,0.01087732,0,0.00000000,22255,22285,71,0.00152557,0.00245522,0.00126470,0.00000054,0.00037778,0.01356793
1773325347.73785114,0.02310489,6162,0.00028413,0.01549224,0,0.00000000,22285,22322,78,0.00191107,0.00346998,0.00198287,0.00000326,0.00077246,0.01936549
1773325347.83790874,0.01771701,6142,0.00026761,0.01165109,0,0.00000000,22322,22343,76,0.00146982,0.00201690,0.00214413,0.00000381,0.00080890,0.01381869
1773325347.93877196,0.01448060,6130,0.00024599,0.00955235,0,0.00000000,22343,22343,65,0.00107276,0.00221817,0.00132973,0.00000082,0.00039818,0.01198210
1773325348.03795123,0.02387876,6148,0.00074794,0.01365700,0,0.00000000,22343,22344,65,0.00090392,0.00351557,0.00333219,0.00000284,0.00075621,0.01746405
1773325348.13799191,0.01737694,6128,0.00058322,0.01007026,0,0.00000000,22344,22384,66,0.00079621,0.00302752,0.00162875,0.00000060,0.00037785,0.01342036
1773325348.23797488,0.02014855,6106,0.00073444,0.01226465,0,0.00000000,22384,22364,64,0.00117935,0.00358786,0.00133053,0.00000062,0.00039350,0.01622728
1773325348.33891654,0.01649392,6135,0.00060876,0.01051027,0,0.00000000,22364,22399,70,0.00079425,0.00224806,0.00129155,0.00000049,0.00031570,0.01295157
1773325348.43789673,0.05155069,6129,0.00033241,0.04313392,0,0.00000000,22399,22436,75,0.00156491,0.00324815,0.00304494,0.00000281,0.00075399,0.04669555
1773325348.53876996,0.02855438,6107,0.00070339,0.01828600,0,0.00000000,22436,22463,66,0.00323921,0.00468683,0.00231924,0.00000061,0.00039821,0.02357182
1773325348.63792586,0.02103560,6145,0.00024871,0.01391496,0,0.00000000,22463,22485,68,0.00149682,0.00337421,0.00182009,0.00000381,0.00068802,0.01764478
1773325348.73794341,0.01897871,6108,0.00026277,0.01262770,0,0.00000000,22485,22509,61,0.00094376,0.00249444,0.00197553,0.00000276,0.00077576,0.01531309
1773325348.83782148,0.01439227,6116,0.00030420,0.00944480,0,0.00000000,22509,22500,73,0.00164978,0.00187638,0.00163742,0.00000101,0.00042320,0.01145750
1773325348.93813872,0.01923131,6137,0.00022415,0.01212026,0,0.00000000,22500,22532,64,0.00162983,0.00176774,0.00342135,0.00000246,0.00088414,0.01405144
1773325349.03880978,0.02094262,6136,0.00058152,0.01212832,0,0.00000000,22532,22548,59,0.00087691,0.00335925,0.00204335,0.00000356,0.00092478,0.01587183
1773325349.13885808,0.02147450,6110,0.00055002,0.01358940,0,0.00000000,22548,22592,57,0.00154688,0.00309524,0.00186729,0.00000067,0.00039799,0.01713018
1773325349.23793054,0.02462266,6150,0.00067848,0.01551720,0,0.00000000,22592,22629,76,0.00184564,0.00482364,0.00128525,0.00000051,0.00036550,0.02093019
1773325349.33789873,0.02629440,6120,0.00029849,0.01860640,0,0.00000000,22629,22650,66,0.00149843,0.00433842,0.00116716,0.00000048,0.00034359,0.02357977
1773325349.43778229,0.02080604,6142,0.00075443,0.01295405,0,0.00000000,22650,22647,70,0.00178976,0.00346018,0.00129720,0.00000044,0.00037965,0.01687588
1773325349.53791857,0.02071081,6144,0.00026476,0.01361202,0,0.00000000,22647,22640,66,0.00170587,0.00234062,0.00254464,0.00000642,0.00109883,0.01614105
1773325349.63875246,0.01745494,6135,0.00038571,0.01099443,0,0.00000000,22640,22628,72,0.00122753,0.00216660,0.00210223,0.00000290,0.00091375,0.01333341
1773325349.73875999,0.01538788,6119,0.00022167,0.00969457,0,0.00000000,22628,22672,72,0.00134711,0.00213218,0.00204749,0.00000336,0.00060401,0.01198989
1773325349.83782506,0.01553229,6142,0.00034161,0.01019296,0,0.00000000,22672,22666,72,0.00087862,0.00249138,0.00133990,0.00000044,0.00044131,0.01286075
1773325349.93784380,0.01509165,6141,0.00042518,0.00989429,0,0.00000000,22666,22695,71,0.00197686,0.00237743,0.00122309,0.00000053,0.00040332,0.01244873
1773325350.03887248,0.02432785,6113,0.00038688,0.01636544,0,0.00000000,22695,22674,82,0.00143666,0.00371566,0.00192505,0.00000272,0.00084418,0.02055946
1773325350.13785577,0.02084570,6100,0.00068476,0.01259008,0,0.00000000,22674,22695,74,0.00219664,0.00271917,0.00221527,0.00000261,0.00081770,0.01569205
1773325350.23787689,0.02226280,6105,0.00029090,0.01464893,0,0.00000000,22695,22744,74,0.00180803,0.00340033,0.00186645,0.00000244,0.00078868,0.01839577
1773325350.33791685,0.02092913,6131,0.00042081,0.01301358,0,0.00000000,22744,22739,96,0.00169252,0.00252824,0.00318727,0.00000191,0.00075756,0.01583335
1773325350.43879318,0.01832833,6124,0.00035585,0.01128131,0,0.00000000,22739,22764,66,0.00140475,0.00258465,0.00232902,0.00000310,0.00073315,0.01405775
1773325350.53899336,0.01909433,6109,0.00095960,0.01139355,0,0.00000000,22764,22768,91,0.00155676,0.00225778,0.00199327,0.00000368,0.00093054,0.01383125
1773325350.63786507,0.01729658,6156,0.00094713,0.01030042,0,0.00000000,22768,22806,103,0.00083456,0.00268906,0.00137843,0.00000066,0.00038192,0.01328597
1773325350.73730469,0.01932062,6154,0.00087734,0.01137518,0,0.00000000,22806,22844,83,0.00248091,0.00258444,0.00227316,0.00000126,0.00042559,0.01432292
1773325350.83869624,0.02468262,6131,0.00065781,0.01662243,0,0.00000000,22844,22781,108,0.00159165,0.00342738,0.00179624,0.00000062,0.00039892,0.02057613
1773325350.93873715,0.02197197,6095,0.00038474,0.01557841,0,0.00000000,22781,22789,107,0.00153212,0.00223207,0.00261540,0.00000121,0.00043249,0.01797278
1773325351.03779101,0.02458469,6154,0.00044140,0.01611659,0,0.00000000,22789,22831,95,0.00185497,0.00293930,0.00326816,0.00000298,0.00070617,0.01940164
1773325351.13787556,0.02074619,6133,0.00106492,0.01310392,0,0.00000000,22831,22862,106,0.00149124,0.00331303,0.00119677,0.00000049,0.00029731,0.01688523
1773325351.23790765,0.02441252,6097,0.00046698,0.01657338,0,0.00000000,22862,22856,100,0.00081377,0.00361476,0.00191972,0.00000275,0.00077290,0.02055593
1773325351.33783031,0.01870633,6103,0.00042616,0.01219974,0,0.00000000,22856,22890,112,0.00149616,0.00245788,0.00196748,0.00000451,0.00078137,0.01489244
1773325351.43787479,0.01520924,6147,0.00040965,0.00949191,0,0.00000000,22890,22938,116,0.00144725,0.00220818,0.00200203,0.00000424,0.00041975,0.01186878
1773325351.53865743,0.01754302,6151,0.00117781,0.00890650,0,0.00000000,22938,22976,114,0.00080464,0.00274705,0.00252413,0.00000050,0.00039938,0.01190788
1773325351.63878965,0.01774081,6129,0.00108828,0.01002595,0,0.00000000,22976,23034,130,0.00127657,0.00333685,0.00121140,0.00000099,0.00036185,0.01375181
1773325351.73776984,0.02283334,6107,0.00098536,0.01488976,0,0.00000000,23034,23068,101,0.00173188,0.00336104,0.00116359,0.00000049,0.00035726,0.01868213
1773325351.83780742,0.01277119,6106,0.00043603,0.00848544,0,0.00000000,23068,23083,112,0.00159572,0.00166211,0.00120773,0.00000039,0.00032413,0.01027324
1773325351.93866730,0.01552093,6169,0.00050466,0.00955118,0,0.00000000,23083,23116,140,0.00197246,0.00218303,0.00217495,0.00000054,0.00040816,0.01189788
1773325352.03871465,0.01950055,6139,0.00071466,0.01197716,0,0.00000000,23116,23104,144,0.00177630,0.00181543,0.00330969,0.00000384,0.00074009,0.01392742
1773325352.13879442,0.01756527,6081,0.00126915,0.00945489,0,0.00000000,23104,23167,134,0.00096592,0.00292735,0.00148653,0.00000058,0.00039005,0.01270018
1773325352.23784447,0.02059338,6177,0.00157012,0.01240769,0,0.00000000,23167,23186,133,0.00079142,0.00331355,0.00119380,0.00000059,0.00035123,0.01608189
1773325352.33875036,0.02535829,6137,0.00067429,0.01587395,0,0.00000000,23186,23243,131,0.00143760,0.00433827,0.00227577,0.00000121,0.00075974,0.02071009
1773325352.43877983,0.02122159,6074,0.00143208,0.01265941,0,0.00000000,23243,23257,137,0.00231956,0.00272630,0.00241860,0.00000089,0.00033863,0.01572631
1773325352.53780150,0.02347812,6175,0.00140998,0.01408996,0,0.00000000,23257,23301,139,0.00171183,0.00450535,0.00121311,0.00000059,0.00034808,0.01914832
1773325352.63787055,0.02155712,6180,0.00066017,0.01486792,0,0.00000000,23301,23338,155,0.00168779,0.00234794,0.00191998,0.00000263,0.00095936,0.01739245
1773325352.73775148,0.01833030,6172,0.00065422,0.01077325,0,0.00000000,23338,23368,170,0.00153304,0.00211815,0.00297612,0.00000312,0.00086963,0.01305000
1773325352.83874965,0.01658608,6117,0.00067846,0.00998061,0,0.00000000,23368,23444,155,0.00142324,0.00179499,0.00252486,0.00000330,0.00087560,0.01193271
1773325352.93780279,0.01544668,6164,0.00060654,0.00949482,0,0.00000000,23444,23472,151,0.00081502,0.00224690,0.00188623,0.00000124,0.00048362,0.01195647
1773325353.03867173,0.02195308,6171,0.00156928,0.01139548,0,0.00000000,23472,23559,177,0.00118559,0.00272575,0.00327969,0.00000259,0.00087358,0.01439676
1773325353.13875914,0.01563657,6107,0.00180038,0.00872262,0,0.00000000,23559,23620,162,0.00251279,0.00209138,0.00125488,0.00000046,0.00034895,0.01097332
1773325353.23872018,0.01737875,6196,0.00151731,0.01013096,0,0.00000000,23620,23689,171,0.00144658,0.00218948,0.00157549,0.00000054,0.00039477,0.01255946
1773325353.33873820,0.02163530,6156,0.00189257,0.01261784,0,0.00000000,23689,23741,155,0.00146942,0.00373096,0.00124860,0.00000045,0.00035076,0.01674614
1773325353.43877935,0.01796812,6141,0.00180273,0.00979055,0,0.00000000,23741,23779,177,0.00162432,0.00297625,0.00141599,0.00000062,0.00031467,0.01315016
1773325353.53775620,0.02276691,6209,0.00195135,0.01389311,0,0.00000000,23779,23856,199,0.00166080,0.00318547,0.00148340,0.00000051,0.00037154,0.01747025
1773325353.63869667,0.02313360,6161,0.00157560,0.01332211,0,0.00000000,23856,23897,155,0.00172818,0.00437943,0.00119558,0.00000062,0.00032926,0.01828070
1773325353.73875070,0.01740202,6126,0.00064435,0.00988679,0,0.00000000,23897,23928,154,0.00101955,0.00213523,0.00311283,0.00000337,0.00081507,0.01217906
1773325353.83778858,0.01784203,6172,0.00148619,0.01023258,0,0.00000000,23928,24005,181,0.00082946,0.00207406,0.00211426,0.00000223,0.00101543,0.01246566
1773325353.93872380,0.01981675,6179,0.00052866,0.01323353,0,0.00000000,24005,24076,142,0.00080638,0.00226064,0.00200466,0.00000297,0.00093386,0.01567562
1773325354.03869700,0.02431005,6121,0.00071092,0.01657027,0,0.00000000,24076,24081,147,0.00081379,0.00338403,0.00185497,0.00000277,0.00077199,0.02031003
1773325354.13878798,0.02536580,6135,0.00150760,0.01571081,0,0.00000000,24081,24067,144,0.00179320,0.00425051,0.00164565,0.00000049,0.00037267,0.02046709
1773325354.23774338,0.01623178,6162,0.00067352,0.00967339,0,0.00000000,24067,24105,150,0.00150416,0.00232909,0.00230684,0.00000203,0.00048511,0.01216855
1773325354.33869958,0.01332037,6126,0.00054168,0.00872656,0,0.00000000,24105,24171,156,0.00156869,0.00162817,0.00146924,0.00000080,0.00033378,0.01047276
1773325354.43871284,0.01709804,6153,0.00175455,0.00893087,0,0.00000000,24171,24183,160,0.00135647,0.00210909,0.00227210,0.00000069,0.00041013,0.01125799
1773325354.53885174,0.02524075,6141,0.00069134,0.01692292,0,0.00000000,24183,24238,132,0.00075913,0.00429527,0.00119430,0.00000049,0.00037206,0.02172815
1773325354.63874292,0.02087412,6085,0.00114927,0.01271693,0,0.00000000,24238,24308,124,0.00216987,0.00269670,0.00224362,0.00000061,0.00045575,0.01574969
1773325354.73780203,0.02222624,6128,0.00237447,0.01346198,0,0.00000000,24308,24187,139,0.00175611,0.00267039,0.00162038,0.00000062,0.00033069,0.01653128
1773325354.83860874,0.02158994,6141,0.00053266,0.01500440,0,0.00000000,24187,24248,144,0.00254566,0.00241073,0.00197218,0.00000307,0.00082877,0.01765986
1773325354.93879867,0.01458996,6134,0.00050158,0.00940510,0,0.00000000,24248,24277,122,0.00108721,0.00238952,0.00121510,0.00000235,0.00043767,0.01194888
1773325355.03885245,0.02348669,6091,0.00160316,0.01426186,0,0.00000000,24277,24361,165,0.00187519,0.00384525,0.00136119,0.00000046,0.00060415,0.01857610
1773325355.13859010,0.02147837,6140,0.00058365,0.01374473,0,0.00000000,24361,24432,142,0.00078336,0.00342501,0.00194607,0.00000341,0.00077567,0.01753600
1773325355.23872542,0.02156161,6167,0.00072231,0.01359806,0,0.00000000,24432,24484,137,0.00087126,0.00246525,0.00257733,0.00000457,0.00132919,0.01626462
1773325355.33882499,0.01733074,6108,0.00041187,0.01090484,0,0.00000000,24484,24511,112,0.00087518,0.00173530,0.00236821,0.00000365,0.00109719,0.01280734
1773325355.43867874,0.01691444,6137,0.00112706,0.01013777,0,0.00000000,24511,24519,138,0.00184694,0.00193232,0.00187283,0.00000262,0.00099008,0.01226658
1773325355.53871441,0.01812510,6105,0.00132875,0.00926755,0,0.00000000,24519,24565,134,0.00080929,0.00335311,0.00207191,0.00000054,0.00038921,0.01297270
1773325355.63881540,0.01985342,6083,0.00181760,0.01135404,0,0.00000000,24565,24578,133,0.00218545,0.00330691,0.00130784,0.00000058,0.00035496,0.01500650
1773325355.73865438,0.02468965,6131,0.00072298,0.01638739,0,0.00000000,24578,24616,133,0.00220289,0.00438183,0.00120686,0.00000053,0.00036704,0.02130865
1773325355.83873796,0.05187388,6116,0.00389552,0.04040777,0,0.00000000,24616,24605,115,0.00162245,0.00288309,0.00208413,0.00000295,0.00078652,0.04364917
1773325355.93861699,0.02758564,6163,0.00096463,0.01676550,0,0.00000000,24605,24608,110,0.00256683,0.00487572,0.00261006,0.00000507,0.00103091,0.02209562
1773325356.03873539,0.02519575,6115,0.00070021,0.01659638,0,0.00000000,24608,24659,141,0.00166432,0.00350542,0.00216207,0.00000287,0.00080923,0.02048530
1773325356.13871026,0.02029504,6116,0.00060984,0.01227389,0,0.00000000,24659,24715,145,0.00077428,0.00235250,0.00328419,0.00000388,0.00086171,0.01480002
1773325356.23866582,0.01728220,6184,0.00055531,0.01072826,0,0.00000000,24715,24740,118,0.00085476,0.00174408,0.00251679,0.00000215,0.00089670,0.01264470
1773325356.33875394,0.01544306,6156,0.00065971,0.00928960,0,0.00000000,24740,24717,146,0.00080407,0.00217437,0.00203657,0.00000255,0.00062003,0.01163036
1773325356.43875313,0.01915411,6149,0.00143301,0.00960948,0,0.00000000,24717,24739,127,0.00123533,0.00364868,0.00232844,0.00000049,0.00044319,0.01364241
1773325356.53877783,0.03381403,6143,0.00053727,0.02717713,0,0.00000000,24739,24803,125,0.00148115,0.00272958,0.00195012,0.00000265,0.00050317,0.03020354
1773325356.63859582,0.02166191,6129,0.00154204,0.01358557,0,0.00000000,24803,24818,120,0.00175807,0.00318144,0.00121701,0.00000048,0.00038120,0.01717265
1773325356.73867702,0.02204909,6120,0.00230747,0.01258231,0,0.00000000,24818,24741,125,0.00169200,0.00376225,0.00134793,0.00000049,0.00036400,0.01680645
1773325356.83871102,0.02161628,6139,0.00084243,0.01356082,0,0.00000000,24741,24682,120,0.00267322,0.00332096,0.00202017,0.00000358,0.00083647,0.01725618
1773325356.93874311,0.01435138,6138,0.00073474,0.00926727,0,0.00000000,24682,24604,122,0.00157930,0.00218377,0.00114945,0.00000051,0.00032923,0.01164540
1773325357.03773808,0.02066653,6136,0.00139406,0.01222935,0,0.00000000,24604,24633,132,0.00089135,0.00279752,0.00185453,0.00000300,0.00081940,0.01529943
1773325357.13862419,0.02491806,6137,0.00115290,0.01604810,0,0.00000000,24633,24663,105,0.00192416,0.00424034,0.00136713,0.00000047,0.00034595,0.02082824
1773325357.23869205,0.01901594,6160,0.00116805,0.01010342,0,0.00000000,24663,24697,116,0.00080908,0.00301111,0.00230510,0.00000241,0.00076515,0.01343537
1773325357.33861041,0.01658098,6211,0.00124361,0.00939452,0,0.00000000,24697,24750,108,0.00077860,0.00279758,0.00126654,0.00000050,0.00037920,0.01243953
1773325357.43911767,0.02506830,6171,0.00159536,0.01538468,0,0.00000000,24750,24750,122,0.00160966,0.00404657,0.00189252,0.00000088,0.00043611,0.01999029
1773325357.53872490,0.02335539,6184,0.00059430,0.01584662,0,0.00000000,24750,24749,124,0.00096928,0.00316228,0.00201375,0.00000328,0.00081193,0.01935789
1773325357.63880181,0.02293333,6151,0.00131522,0.01397476,0,0.00000000,24749,24793,120,0.00150095,0.00417405,0.00120792,0.00000072,0.00036825,0.01867237
1773325357.73772573,0.01965596,6202,0.00064435,0.01311415,0,0.00000000,24793,24849,146,0.00174264,0.00240613,0.00180070,0.00000272,0.00089369,0.01569200
1773325357.83774352,0.01812670,6180,0.00071094,0.01126315,0,0.00000000,24849,24839,134,0.00134587,0.00173402,0.00239037,0.00000491,0.00110066,0.01317006
1773325357.93862820,0.01404354,6201,0.00066536,0.00877636,0,0.00000000,24839,24842,143,0.00077594,0.00172671,0.00174476,0.00000072,0.00038482,0.01070354
1773325358.03870463,0.01881425,6133,0.00155043,0.00947805,0,0.00000000,24842,24827,129,0.00081811,0.00303202,0.00206777,0.00000300,0.00077185,0.01280458
1773325358.13774562,0.01314029,6211,0.00051613,0.00836540,0,0.00000000,24827,24904,154,0.00176415,0.00199105,0.00127381,0.00000046,0.00039623,0.01050128
1773325358.23853374,0.02046382,6191,0.00155384,0.01132590,0,0.00000000,24904,24959,130,0.00271067,0.00347534,0.00181921,0.00000077,0.00041633,0.01521693
1773325358.33860755,0.02204079,6161,0.00127491,0.01268361,0,0.00000000,24959,25021,122,0.00152089,0.00412987,0.00163571,0.00000082,0.00046266,0.01728567
1773325358.43864036,0.02947888,6173,0.00055182,0.02079216,0,0.00000000,25021,25034,110,0.00158047,0.00332152,0.00259520,0.00000495,0.00100146,0.02459880
1773325358.53872061,0.01629509,6144,0.00120862,0.01004878,0,0.00000000,25034,25023,102,0.00194207,0.00206275,0.00121240,0.00000052,0.00034570,0.01231575
1773325358.63774753,0.02532647,6188,0.00049854,0.01834630,0,0.00000000,25023,25035,110,0.00240109,0.00330933,0.00133776,0.00000248,0.00075002,0.02212999
1773325358.73775029,0.02437368,6166,0.00045145,0.01354983,0,0.00000000,25035,25039,98,0.00291139,0.00400077,0.00207699,0.00000239,0.00064059,0.01787586
1773325358.83858037,0.02082342,6219,0.00067630,0.01326464,0,0.00000000,25039,24995,111,0.00081850,0.00298010,0.00215642,0.00000368,0.00079526,0.01658515
1773325358.93857861,0.04663684,6168,0.00382322,0.02916161,0,0.00000000,24995,24987,123,0.00084704,0.00668713,0.00504868,0.00000230,0.00054726,0.03624001
1773325359.03863382,0.02360751,6179,0.00104721,0.01462814,0,0.00000000,24987,25025,96,0.00079725,0.00344416,0.00223857,0.00000046,0.00039432,0.01849458
1773325359.13859630,0.02447293,6170,0.00063112,0.01601810,0,0.00000000,25025,25040,111,0.00088224,0.00296358,0.00303519,0.00000324,0.00070747,0.01936430
1773325359.23870397,0.01865588,6160,0.00120839,0.01031655,0,0.00000000,25040,25041,108,0.00083850,0.00293195,0.00199064,0.00000179,0.00066961,0.01355616
1773325359.33873200,0.02494212,6137,0.00069823,0.01647314,0,0.00000000,25041,25036,102,0.00194012,0.00394052,0.00187719,0.00000241,0.00071758,0.02090151
1773325359.43771052,0.01399253,6163,0.00044458,0.00775078,0,0.00000000,25036,25010,100,0.00182556,0.00156021,0.00289636,0.00000137,0.00062845,0.00942955
1773325359.53860235,0.01944490,6189,0.00042527,0.01266095,0,0.00000000,25010,25029,99,0.00195606,0.00263445,0.00198939,0.00000251,0.00087309,0.01553231
1773325359.63865018,0.02029092,6193,0.00145363,0.00973747,0,0.00000000,25029,24997,108,0.00163569,0.00363614,0.00250514,0.00000398,0.00102931,0.01373259
1773325359.73865223,0.02009275,6167,0.00176025,0.01175794,0,0.00000000,24997,25028,112,0.00124001,0.00329218,0.00134684,0.00000065,0.00033147,0.01545304
1773325359.83770609,0.01945481,6277,0.00146897,0.01123581,0,0.00000000,25028,25045,128,0.00252331,0.00231988,0.00236508,0.00000067,0.00033744,0.01388152
1773325359.93868613,0.01267973,6203,0.00056087,0.00802196,0,0.00000000,25045,25062,145,0.00138864,0.00188129,0.00126409,0.00000071,0.00034764,0.01005394
1773325360.03872395,0.01929098,6237,0.00079848,0.01209066,0,0.00000000,25062,25048,161,0.00225021,0.00267831,0.00205122,0.00000216,0.00078472,0.01506530
1773325360.13857627,0.02418148,6256,0.00105369,0.01663005,0,0.00000000,25048,25093,165,0.00127233,0.00237123,0.00230031,0.00000330,0.00086098,0.01934037
1773325360.23854017,0.02117094,6236,0.00158944,0.01266164,0,0.00000000,25093,25102,139,0.00139694,0.00298304,0.00180786,0.00000051,0.00039539,0.01612421
1773325360.33855224,0.01501198,6248,0.00054310,0.00824298,0,0.00000000,25102,25175,132,0.00134649,0.00218788,0.00245706,0.00000366,0.00084002,0.01060250
1773325360.43864846,0.01372159,6266,0.00065567,0.00785765,0,0.00000000,25175,25178,128,0.00083247,0.00184316,0.00231631,0.00000056,0.00043014,0.00983075
1773325360.53876090,0.01385433,6233,0.00126938,0.00832959,0,0.00000000,25178,25226,129,0.00235334,0.00150603,0.00121518,0.00000060,0.00035877,0.00994740
1773325360.63851428,0.02353213,6235,0.00141152,0.01477337,0,0.00000000,25226,25250,136,0.00079789,0.00330372,0.00213963,0.00000050,0.00034836,0.01851237
1773325360.73767138,0.01482657,6247,0.00177456,0.00754571,0,0.00000000,25250,24987,146,0.00259624,0.00213557,0.00164164,0.00000064,0.00036761,0.00996467
1773325360.83767891,0.02374212,6221,0.00196597,0.01417435,0,0.00000000,24987,24996,133,0.00292303,0.00338110,0.00178346,0.00000133,0.00050439,0.01806333
1773325360.93855429,0.01135217,6218,0.00038620,0.00715319,0,0.00000000,24996,25078,120,0.00175647,0.00173286,0.00118972,0.00000104,0.00035555,0.00901217
1773325361.03878045,0.01790717,6223,0.00058394,0.01204749,0,0.00000000,25078,25087,115,0.00104625,0.00238030,0.00150804,0.00000185,0.00054863,0.01465465
1773325361.13849831,0.01088036,6196,0.00057567,0.00697928,0,0.00000000,25087,25176,125,0.00079942,0.00125126,0.00116609,0.00000048,0.00035757,0.00832113
1773325361.23859549,0.02245951,6215,0.00090840,0.01350487,0,0.00000000,25176,25172,122,0.00126849,0.00279952,0.00269168,0.00000327,0.00091783,0.01672313
1773325361.33851624,0.02383193,6219,0.00110616,0.01499516,0,0.00000000,25172,25184,124,0.00100283,0.00333596,0.00189849,0.00000301,0.00078092,0.01874002
1773325361.43766832,0.01559658,6264,0.00063899,0.00955629,0,0.00000000,25184,25189,125,0.00079045,0.00180270,0.00215697,0.00000371,0.00077870,0.01149116
1773325361.53860283,0.01291205,6202,0.00049409,0.00789384,0,0.00000000,25189,25187,114,0.00079458,0.00130536,0.00173594,0.00000333,0.00082456,0.00929393
1773325361.63866758,0.01149619,6218,0.00042711,0.00729904,0,0.00000000,25187,25207,106,0.00147917,0.00141225,0.00149274,0.00000053,0.00035438,0.00883771
1773325361.73764896,0.01612980,6256,0.00095292,0.00903413,0,0.00000000,25207,25239,90,0.00082725,0.00207213,0.00224376,0.00000055,0.00040142,0.01138115
1773325361.83766890,0.01494135,6252,0.00101633,0.00789777,0,0.00000000,25239,25260,92,0.00150306,0.00211058,0.00217194,0.00000073,0.00042437,0.01026992
1773325361.93846536,0.01271068,6271,0.00037595,0.00760318,0,0.00000000,25260,25292,95,0.00158932,0.00177657,0.00187148,0.00000051,0.00046229,0.00954393
1773325362.03767633,0.01783130,6255,0.00110346,0.01070389,0,0.00000000,25292,25289,92,0.00152916,0.00232507,0.00183918,0.00000052,0.00038098,0.01336737
1773325362.13849330,0.01928245,6225,0.00116694,0.01140137,0,0.00000000,25289,25326,88,0.00171987,0.00295305,0.00188900,0.00000081,0.00033031,0.01474454
1773325362.23852205,0.01932014,6218,0.00044559,0.01276575,0,0.00000000,25326,25360,100,0.00173118,0.00191388,0.00239592,0.00000444,0.00095935,0.01494146
1773325362.33852220,0.02180230,6239,0.00119581,0.01384296,0,0.00000000,25360,25377,94,0.00160058,0.00248377,0.00177147,0.00000374,0.00071687,0.01666945
1773325362.43858910,0.01964630,6234,0.00041760,0.01342921,0,0.00000000,25377,25370,89,0.00180945,0.00301336,0.00167234,0.00000068,0.00032869,0.01675908
1773325362.53881955,0.01355860,6213,0.00030897,0.00814293,0,0.00000000,25370,25410,79,0.00144592,0.00176750,0.00191190,0.00000323,0.00078978,0.01003942
1773325362.63857341,0.01591893,6252,0.00034288,0.01018852,0,0.00000000,25410,25450,86,0.00098404,0.00188112,0.00182831,0.00002217,0.00091265,0.01220640
1773325362.73860383,0.01664438,6236,0.00106401,0.00918981,0,0.00000000,25450,25492,98,0.00086831,0.00217651,0.00200028,0.00000346,0.00078702,0.01152415
1773325362.83763790,0.02233032,6271,0.00146457,0.01331654,0,0.00000000,25492,25459,109,0.00080490,0.00306010,0.00232091,0.00000058,0.00052023,0.01674767
1773325362.93858457,0.01203703,6185,0.00034116,0.00756111,0,0.00000000,25459,25458,75,0.00221308,0.00143899,0.00177330,0.00000051,0.00033707,0.00915543
1773325363.03770089,0.02207890,6233,0.00096381,0.01477390,0,0.00000000,25458,25468,77,0.00107174,0.00305553,0.00133449,0.00000100,0.00044146,0.01822771
1773325363.13855505,0.01966101,6205,0.00045765,0.01303573,0,0.00000000,25468,25478,86,0.00168796,0.00256774,0.00190636,0.00000398,0.00076753,0.01599610
1773325363.23764300,0.02068794,6247,0.00043431,0.01360735,0,0.00000000,25478,25515,94,0.00156160,0.00252143,0.00236354,0.00000310,0.00076893,0.01647895
1773325363.33867264,0.01569742,6221,0.00033539,0.00976141,0,0.00000000,25515,25578,88,0.00163208,0.00141133,0.00254020,0.00000605,0.00093517,0.01132897
1773325363.43890095,0.01347386,6208,0.00046727,0.00769009,0,0.00000000,25578,25616,94,0.00177294,0.00162294,0.00250451,0.00000523,0.00054176,0.00944203
1773325363.53856444,0.01166255,6222,0.00042779,0.00733088,0,0.00000000,25616,25643,93,0.00075852,0.00134525,0.00168626,0.00000051,0.00034566,0.00879156
1773325363.63856030,0.01387400,6176,0.00096686,0.00756808,0,0.00000000,25643,25699,86,0.00080363,0.00220138,0.00127581,0.00000088,0.00034225,0.00998639
1773325363.73863101,0.01804605,6172,0.00098085,0.01098356,0,0.00000000,25699,25692,79,0.00204137,0.00284791,0.00118622,0.00000055,0.00034373,0.01420260
1773325363.83762789,0.02153115,6204,0.00038100,0.01438022,0,0.00000000,25692,25746,88,0.00177050,0.00230796,0.00282208,0.00000282,0.00068457,0.01696766
1773325363.93846440,0.01984651,6211,0.00051556,0.01308550,0,0.00000000,25746,25728,88,0.00216134,0.00220653,0.00236310,0.00000433,0.00073295,0.01557452
1773325364.03850102,0.02564385,6200,0.00110250,0.01565758,0,0.00000000,25728,25730,87,0.00185692,0.00181520,0.00265606,0.00000103,0.00239586,0.01762034
1773325364.13858533,0.01583781,6187,0.00042446,0.00868980,0,0.00000000,25730,25782,91,0.00105072,0.00199926,0.00335518,0.00000107,0.00045278,0.01086142
1773325364.23858476,0.01192030,6222,0.00037780,0.00701554,0,0.00000000,25782,25825,96,0.00073528,0.00151114,0.00193641,0.00000046,0.00037434,0.00864272
1773325364.33872032,0.02678601,6177,0.00043959,0.02019674,0,0.00000000,25825,25871,67,0.00086635,0.00217059,0.00230987,0.00000187,0.00040214,0.02260087
1773325364.43853712,0.02934885,6205,0.00049926,0.02273435,0,0.00000000,25871,25842,79,0.00080207,0.00157429,0.00258023,0.00000569,0.00102042,0.02452045
1773325364.53872633,0.05846253,6221,0.00104784,0.04576010,0,0.00000000,25842,25853,69,0.00114001,0.00300080,0.00245036,0.00000352,0.00117569,0.04904116
1773325364.63845897,0.03957685,6226,0.00152708,0.03065629,0,0.00000000,25853,25852,83,0.00285217,0.00243008,0.00218624,0.00000389,0.00111301,0.03330357
1773325364.73846126,0.04991972,6211,0.00041497,0.04149495,0,0.00000000,25852,25892,90,0.00155274,0.00299668,0.00287991,0.00000429,0.00114452,0.04479339
1773325364.83845878,0.01636064,6168,0.00031766,0.00986735,0,0.00000000,25892,25918,93,0.00182365,0.00145166,0.00323650,0.00000323,0.00079905,0.01146058
1773325364.93848157,0.01237589,6211,0.00040466,0.00790477,0,0.00000000,25918,25933,80,0.00243227,0.00135583,0.00181726,0.00000057,0.00036379,0.00938115
1773325365.03850818,0.01196167,6202,0.00028937,0.00687008,0,0.00000000,25933,25970,69,0.00275459,0.00129216,0.00260646,0.00000067,0.00035937,0.00824836
1773325365.13861156,0.02642840,6224,0.00070793,0.01943786,0,0.00000000,25970,25945,86,0.00153180,0.00266143,0.00241051,0.00000052,0.00035610,0.02238287
1773325365.23866034,0.02347107,6194,0.00061110,0.01661125,0,0.00000000,25945,25982,87,0.00144257,0.00276397,0.00137387,0.00000214,0.00059113,0.01973004
1773325365.33758926,0.01853578,6183,0.00044662,0.01272181,0,0.00000000,25982,26023,74,0.00173388,0.00234053,0.00166797,0.00000245,0.00053076,0.01532618
1773325365.43849683,0.01271384,6184,0.00037510,0.00759358,0,0.00000000,26023,26048,95,0.00146934,0.00171930,0.00184108,0.00000278,0.00056303,0.00943760
1773325365.53846645,0.01116631,6174,0.00031016,0.00703149,0,0.00000000,26048,26065,79,0.00155707,0.00163230,0.00129451,0.00000046,0.00033299,0.00879175
1773325365.63866138,0.02976358,6109,0.00068243,0.02288862,0,0.00000000,26065,26102,121,0.00088993,0.00289819,0.00183406,0.00000062,0.00039808,0.02616353
1773325365.73847294,0.02282706,6163,0.00344456,0.01300250,0,0.00000000,26102,26159,197,0.00077172,0.00330793,0.00120247,0.00000045,0.00033657,0.01675078
1773325365.83851075,0.02226630,6159,0.00057369,0.01399313,0,0.00000000,25559,25642,150,0.00152847,0.00284401,0.00319552,0.00000318,0.00074670,0.01716180
1773325365.93758035,0.01327280,6157,0.00062492,0.00780689,0,0.00000000,25642,25728,161,0.00177697,0.00172816,0.00194913,0.00000076,0.00047628,0.00970127
1773325366.03859758,0.01950767,6160,0.00073822,0.01240200,0,0.00000000,25728,25818,186,0.00205193,0.00269182,0.00196070,0.00000182,0.00085103,0.01541034
1773325366.13864756,0.02498429,6095,0.00074101,0.01620892,0,0.00000000,25818,25854,163,0.00123429,0.00325829,0.00276568,0.00000380,0.00070300,0.01985168
1773325366.23838544,0.01581122,6169,0.00067112,0.00990536,0,0.00000000,25854,25857,151,0.00146504,0.00184997,0.00196440,0.00000287,0.00077714,0.01189030
1773325366.33858371,0.01267618,6163,0.00073732,0.00768290,0,0.00000000,25857,25940,150,0.00157691,0.00149609,0.00172828,0.00000408,0.00045206,0.00931501
1773325366.43851447,0.01323017,6148,0.00093642,0.00771278,0,0.00000000,25940,25983,168,0.00177952,0.00214664,0.00151198,0.00000064,0.00031965,0.01000616
1773325366.53857207,0.01956217,6150,0.00189518,0.01265964,0,0.00000000,25983,26012,143,0.00082385,0.00189861,0.00133703,0.00000055,0.00035960,0.01476466
1773325366.63852453,0.02270294,6139,0.00122771,0.01433839,0,0.00000000,26012,26055,116,0.00251271,0.00257104,0.00247482,0.00000065,0.00045886,0.01725683
1773325366.73851466,0.01997492,6179,0.00155294,0.01213401,0,0.00000000,26055,26119,150,0.00217585,0.00311147,0.00120582,0.00000043,0.00034740,0.01568153
1773325366.83856750,0.02884579,6198,0.00059557,0.02332261,0,0.00000000,26119,26128,116,0.00255707,0.00252522,0.00136636,0.00000045,0.00030158,0.02611226
1773325366.93846941,0.01286117,6184,0.00050670,0.00841691,0,0.00000000,26128,26163,124,0.00152161,0.00166980,0.00128490,0.00000084,0.00042861,0.01021839
1773325367.03852654,0.01895621,6196,0.00122001,0.01158458,0,0.00000000,26163,26215,127,0.00088895,0.00158200,0.00224561,0.00000268,0.00086214,0.01335162
1773325367.13858581,0.01953555,6154,0.00047089,0.01274645,0,0.00000000,26215,26234,98,0.00144372,0.00266142,0.00207971,0.00000331,0.00073836,0.01571253
1773325367.23858976,0.01249539,6143,0.00051648,0.00784057,0,0.00000000,26234,26238,120,0.00077636,0.00185938,0.00131377,0.00000056,0.00042332,0.00982518
1773325367.33753896,0.01516180,6163,0.00147830,0.00818371,0,0.00000000,26238,26197,94,0.00089324,0.00251993,0.00130604,0.00000064,0.00034783,0.01098855
1773325367.43840098,0.01576727,6147,0.00094013,0.00887423,0,0.00000000,26197,26259,99,0.00146221,0.00204739,0.00210331,0.00000081,0.00037402,0.01120284
1773325367.53834772,0.01341279,6156,0.00082638,0.00733198,0,0.00000000,26259,26288,82,0.00161432,0.00182713,0.00161792,0.00000058,0.00034566,0.00935771
1773325367.63840222,0.01805540,6144,0.00082621,0.01123447,0,0.00000000,26288,26326,79,0.00219895,0.00270971,0.00130933,0.00000068,0.00032531,0.01424109
1773325367.73756337,0.02138602,6153,0.00083894,0.01329979,0,0.00000000,26326,26269,82,0.00185295,0.00323635,0.00163718,0.00000268,0.00080157,0.01692374
1773325367.83755636,0.01725295,6221,0.00051374,0.01023104,0,0.00000000,26269,26229,80,0.00140967,0.00264550,0.00215288,0.00000401,0.00090344,0.01301221
1773325367.93851280,0.01654213,6174,0.00031847,0.01100152,0,0.00000000,26229,26269,84,0.00079442,0.00159759,0.00201470,0.00000394,0.00094973,0.01273802
1773325368.03832531,0.02244821,6229,0.00093765,0.01411079,0,0.00000000,26269,26306,92,0.00081004,0.00291893,0.00212235,0.00000309,0.00073018,0.01742363
1773325368.13839555,0.01171955,6220,0.00037769,0.00742590,0,0.00000000,26306,26299,82,0.00098381,0.00164344,0.00132867,0.00000068,0.00040443,0.00918143
1773325368.23757696,0.01130460,6261,0.00038407,0.00697613,0,0.00000000,26299,26336,100,0.00138579,0.00156971,0.00151746,0.00000051,0.00037356,0.00865376
1773325368.33864379,0.01202855,6175,0.00037479,0.00768284,0,0.00000000,26336,26364,96,0.00141505,0.00158221,0.00153652,0.00000060,0.00034497,0.00937477
1773325368.43837190,0.01137379,6222,0.00036057,0.00728445,0,0.00000000,26364,26374,88,0.00096246,0.00159787,0.00123390,0.00000056,0.00031130,0.00899195
1773325368.53840637,0.01654044,6204,0.00110378,0.01001638,0,0.00000000,26374,26406,99,0.00158708,0.00227524,0.00124486,0.00000055,0.00036274,0.01253218
1773325368.63841128,0.01815868,6230,0.00047029,0.01203424,0,0.00000000,26406,26447,113,0.00181655,0.00185814,0.00210927,0.00000251,0.00092015,0.01410519
1773325368.73844576,0.01503706,6218,0.00050695,0.00940169,0,0.00000000,26447,26417,96,0.00104350,0.00166466,0.00196482,0.00001865,0.00084831,0.01118669
1773325368.83847380,0.04149019,6168,0.00105843,0.03407920,0,0.00000000,26417,26473,93,0.00083442,0.00289954,0.00130178,0.00000070,0.00042108,0.03732293
1773325368.93845201,0.01490833,6149,0.00037932,0.00918128,0,0.00000000,26473,26463,72,0.00083600,0.00141812,0.00243620,0.00000250,0.00074941,0.01073753
1773325369.03753424,0.01972261,6167,0.00072530,0.01220741,0,0.00000000,26463,26486,65,0.00109635,0.00321658,0.00170932,0.00000063,0.00042015,0.01579294
1773325369.13750982,0.01623718,6166,0.00034835,0.00959477,0,0.00000000,26486,26516,73,0.00155383,0.00185386,0.00264195,0.00000298,0.00100262,0.01161792
1773325369.23835349,0.01422250,6168,0.00027701,0.00786793,0,0.00000000,26516,26511,63,0.00083672,0.00172006,0.00323919,0.00000109,0.00047350,0.00972254
1773325369.33854651,0.01273866,6128,0.00035156,0.00748550,0,0.00000000,26511,26521,61,0.00173344,0.00181470,0.00217745,0.00000072,0.00035291,0.00943964
1773325369.43853188,0.01156872,6125,0.00024058,0.00748061,0,0.00000000,26521,26546,66,0.00083149,0.00179129,0.00113724,0.00000055,0.00033566,0.00939319
1773325369.53748703,0.01125272,6149,0.00031966,0.00719148,0,0.00000000,26546,26553,69,0.00223045,0.00112588,0.00168162,0.00000060,0.00035324,0.00842239
1773325369.63834500,0.02545291,6150,0.00084517,0.01800450,0,0.00000000,26553,26586,79,0.00239907,0.00334666,0.00131168,0.00000053,0.00035847,0.02175837
1773325369.73834562,0.01948204,6146,0.00083054,0.01249538,0,0.00000000,26586,26616,78,0.00257265,0.00311804,0.00114892,0.00000070,0.00037307,0.01606059
1773325369.83836389,0.01307185,6128,0.00026094,0.00804823,0,0.00000000,26616,26623,50,0.00157581,0.00220343,0.00156223,0.00000065,0.00029506,0.01040268
1773325369.93837881,0.02261120,6136,0.00057325,0.01541574,0,0.00000000,26623,26626,55,0.00089621,0.00305950,0.00129046,0.00000172,0.00060619,0.01886704
1773325370.03835464,0.01878156,6158,0.00085195,0.01095000,0,0.00000000,26626,26607,58,0.00085744,0.00285847,0.00208824,0.00000115,0.00052112,0.01408460
1773325370.13849688,0.03612425,6145,0.00054805,0.03005525,0,0.00000000,26607,26602,61,0.00128189,0.00199996,0.00191290,0.00000274,0.00076347,0.03231453
1773325370.23841906,0.01752221,6125,0.00030643,0.01089339,0,0.00000000,26602,26624,66,0.00091150,0.00204602,0.00234533,0.00000394,0.00117156,0.01311631
1773325370.33851671,0.00982100,6070,0.00039317,0.00605951,0,0.00000000,26624,26631,53,0.00088225,0.00117867,0.00127522,0.00000057,0.00034124,0.00732469
1773325370.43835831,0.02455927,6108,0.00040013,0.01988018,0,0.00000000,26631,26647,74,0.00195813,0.00196661,0.00121227,0.00000050,0.00037785,0.02209405
1773325370.53836107,0.01270079,6139,0.00058196,0.00687533,0,0.00000000,26647,26663,51,0.00163330,0.00168768,0.00190486,0.00000069,0.00034431,0.00873454
1773325370.63830709,0.01552005,6149,0.00070147,0.00965623,0,0.00000000,26663,26671,61,0.00199854,0.00193209,0.00121241,0.00000065,0.00032712,0.01180680
1773325370.73841310,0.02252541,6142,0.00044099,0.01411019,0,0.00000000,26671,26678,66,0.00163257,0.00313894,0.00225306,0.00000537,0.00094666,0.01766011
1773325370.83836913,0.02056121,6162,0.00059761,0.01377573,0,0.00000000,26678,26705,58,0.00140011,0.00283250,0.00130069,0.00000039,0.00034591,0.01697720
1773325370.93844318,0.01195021,6136,0.00024867,0.00776298,0,0.00000000,26705,26709,58,0.00081005,0.00172594,0.00124608,0.00000054,0.00034036,0.00966663
1773325371.03851843,0.01749041,6153,0.00027782,0.01149107,0,0.00000000,26709,26741,68,0.00075612,0.00227980,0.00191924,0.00000312,0.00075643,0.01398442
1773325371.13749003,0.01464863,6176,0.00033221,0.00900392,0,0.00000000,26741,26693,59,0.00109251,0.00167034,0.00219623,0.00000363,0.00082670,0.01080266
1773325371.23747253,0.01059651,6197,0.00028563,0.00669428,0,0.00000000,26693,26714,75,0.00082062,0.00155303,0.00118824,0.00000046,0.00036811,0.00835453
1773325371.33843970,0.01200666,6246,0.00068079,0.00669851,0,0.00000000,26714,26747,61,0.00081423,0.00177338,0.00130071,0.00000051,0.00037751,0.00863848
1773325371.43848228,0.01943689,6235,0.00090664,0.01257797,0,0.00000000,26747,26756,71,0.00142183,0.00258698,0.00155098,0.00000064,0.00032893,0.01547979
1773325371.53837061,0.03074654,6283,0.00082712,0.02452233,0,0.00000000,26756,26737,75,0.00143151,0.00261337,0.00136081,0.00000069,0.00035366,0.02741442
1773325371.63831878,0.06006512,6309,0.00049677,0.04252012,0,0.00000000,26737,26745,45,0.00170520,0.00764445,0.00442243,0.00000131,0.00061857,0.05081219
1773325371.73840046,0.04242007,6309,0.00067555,0.03395128,0,0.00000000,26745,26664,66,0.00185893,0.00291516,0.00269851,0.00000279,0.00063311,0.03712854
1773325371.83839869,0.01859490,6287,0.00065067,0.01214997,0,0.00000000,26664,26663,54,0.00116434,0.00192301,0.00178025,0.00001728,0.00073159,0.01431144
1773325371.93836951,0.01681773,6282,0.00028324,0.01054627,0,0.00000000,26663,26695,73,0.00074392,0.00194251,0.00267903,0.00000321,0.00066530,0.01270533
1773325372.03836155,0.01298662,6273,0.00028539,0.00782076,0,0.00000000,26695,26727,67,0.00314971,0.00148622,0.00208091,0.00000320,0.00074070,0.00941121
1773325372.13842535,0.01479561,6289,0.00095997,0.00904089,0,0.00000000,26727,26738,79,0.00305370,0.00196178,0.00125071,0.00000061,0.00033149,0.01119984
1773325372.23839092,0.01544764,6280,0.00031700,0.01002545,0,0.00000000,26738,26754,80,0.00121333,0.00174570,0.00191970,0.00000211,0.00080864,0.01197860
1773325372.33834505,0.01383118,6280,0.00027596,0.00882354,0,0.00000000,26754,26770,66,0.00118479,0.00141370,0.00193008,0.00000361,0.00078154,0.01035724
1773325372.43839931,0.01131996,6262,0.00038194,0.00655867,0,0.00000000,26770,26724,72,0.00154713,0.00140800,0.00203540,0.00000246,0.00042936,0.00805943
1773325372.53837109,0.01255965,6289,0.00044699,0.00703448,0,0.00000000,26724,26719,73,0.00088486,0.00177651,0.00241883,0.00000067,0.00034133,0.00892545
1773325372.63831019,0.01131791,6225,0.00082677,0.00617865,0,0.00000000,26719,26748,79,0.00168666,0.00142589,0.00143177,0.00000073,0.00032239,0.00772276
1773325372.73828936,0.02001043,6228,0.00057456,0.01270784,0,0.00000000,26748,26752,51,0.00209784,0.00232192,0.00235183,0.00000089,0.00046315,0.01531814
1773325372.83836126,0.01949063,6256,0.00072370,0.01221463,0,0.00000000,26752,26765,63,0.00146721,0.00221278,0.00199839,0.00000385,0.00073750,0.01472608
1773325372.93849850,0.01030452,6196,0.00022503,0.00670005,0,0.00000000,26765,26794,63,0.00288371,0.00132685,0.00125838,0.00000069,0.00033948,0.00813801
1773325373.03840160,0.02029143,6270,0.00072433,0.01298842,0,0.00000000,26794,26774,66,0.00163120,0.00177064,0.00264514,0.00000204,0.00071566,0.01504991
1773325373.13835406,0.01970106,6275,0.00034934,0.01375997,0,0.00000000,26774,26784,75,0.00152595,0.00196936,0.00210777,0.00000363,0.00074916,0.01597736
1773325373.23860168,0.01609039,6200,0.00080289,0.01004738,0,0.00000000,26784,26812,73,0.00082867,0.00240166,0.00120530,0.00000063,0.00029669,0.01275882
1773325373.33844614,0.01683608,6278,0.00025981,0.01148289,0,0.00000000,26812,26826,65,0.00154658,0.00154956,0.00203144,0.00000304,0.00087668,0.01316043
1773325373.43840265,0.01259703,6208,0.00020398,0.00704602,0,0.00000000,26826,26837,42,0.00230155,0.00159825,0.00278107,0.00000135,0.00040789,0.00875458
1773325373.53859067,0.01105206,6204,0.00032142,0.00681931,0,0.00000000,26837,26842,65,0.00079243,0.00166487,0.00136147,0.00000054,0.00036104,0.00860734
1773325373.63848567,0.01417677,6207,0.00056233,0.00831007,0,0.00000000,26842,26864,62,0.00074491,0.00192992,0.00179927,0.00000080,0.00033512,0.01048036
1773325373.73842382,0.02188491,6233,0.00092244,0.01353167,0,0.00000000,26864,26834,60,0.00161906,0.00344429,0.00189835,0.00000072,0.00048342,0.01737884
1773325373.83844233,0.02037565,6262,0.00040027,0.01449495,0,0.00000000,26834,26833,71,0.00171785,0.00200885,0.00197402,0.00000212,0.00076444,0.01675345
1773325373.93844247,0.01125766,6261,0.00019326,0.00743036,0,0.00000000,26833,26863,55,0.00176089,0.00153964,0.00122461,0.00000104,0.00036536,0.00908878
1773325374.03849363,0.02092436,6219,0.00034121,0.01352302,0,0.00000000,26863,26883,73,0.00270975,0.00228142,0.00318559,0.00000219,0.00077563,0.01603566
1773325374.13841081,0.01606895,6230,0.00023112,0.00978375,0,0.00000000,26883,26903,55,0.00111426,0.00157868,0.00197766,0.00000458,0.00078229,0.01155555
1773325374.23828268,0.01482891,6250,0.00026555,0.00886714,0,0.00000000,26903,26877,50,0.00079466,0.00128517,0.00273124,0.00000404,0.00103035,0.01026234
1773325374.33836699,0.01376601,6226,0.00023708,0.00852071,0,0.00000000,26877,26897,66,0.00117347,0.00155829,0.00202987,0.00000382,0.00081933,0.01021330
1773325374.43839502,0.01076165,6218,0.00020235,0.00704175,0,0.00000000,26897,26915,57,0.00156866,0.00149779,0.00118046,0.00000044,0.00034945,0.00864030
1773325374.53837729,0.01055868,6230,0.00027590,0.00675310,0,0.00000000,26915,26906,62,0.00138290,0.00142490,0.00130989,0.00000055,0.00034416,0.00827327
1773325374.63842225,0.01887567,6211,0.00071757,0.01264316,0,0.00000000,26906,26925,61,0.00232841,0.00260004,0.00120328,0.00000055,0.00033907,0.01556585
1773325374.73740578,0.02010586,6249,0.00028308,0.01345479,0,0.00000000,26925,26913,63,0.00167367,0.00237211,0.00194585,0.00000195,0.00096005,0.01618294
1773325374.83840990,0.01626429,6143,0.00068882,0.01021242,0,0.00000000,26913,26921,63,0.00172016,0.00257641,0.00113964,0.00000046,0.00033979,0.01309166
1773325374.93840671,0.01206062,6136,0.00018955,0.00800256,0,0.00000000,26921,26951,58,0.00161871,0.00154752,0.00138064,0.00000097,0.00040605,0.00969063
1773325375.03852177,0.02034397,6155,0.00050246,0.01242485,0,0.00000000,26951,26969,60,0.00102293,0.00280055,0.00233904,0.00000339,0.00070198,0.01566228
1773325375.13845539,0.02023021,6123,0.00034949,0.01183588,0,0.00000000,26969,26983,58,0.00092851,0.00341755,0.00257747,0.00000322,0.00086548,0.01569305
1773325375.23848510,0.01403701,6118,0.00030461,0.00858268,0,0.00000000,26983,27006,75,0.00083631,0.00161358,0.00213004,0.00000225,0.00077440,0.01032434
1773325375.33837056,0.01182265,6149,0.00025909,0.00698740,0,0.00000000,27006,27039,67,0.00081636,0.00137810,0.00203133,0.00000295,0.00063666,0.00845708
1773325375.43828201,0.01476018,6179,0.00045087,0.00952982,0,0.00000000,27039,27025,87,0.00097435,0.00151025,0.00188673,0.00000339,0.00079260,0.01114091
1773325375.54308200,0.01210850,6141,0.00084364,0.00655738,0,0.00000000,27025,27080,78,0.00117979,0.00162249,0.00132755,0.00000059,0.00035480,0.00832323
1773325375.63837147,0.01288972,6138,0.00102704,0.00718402,0,0.00000000,27080,27079,67,0.00146104,0.00178888,0.00142773,0.00000056,0.00034860,0.00915752
1773325375.73847699,0.01969637,6070,0.00073973,0.01252501,0,0.00000000,27079,27107,66,0.00159203,0.00228710,0.00178565,0.00000297,0.00070186,0.01512584
1773325375.83844113,0.01719026,6054,0.00023961,0.01121508,0,0.00000000,27107,27136,58,0.00155874,0.00168254,0.00274122,0.00000263,0.00067364,0.01309072
1773325375.93880105,0.01089584,6069,0.00029640,0.00588362,0,0.00000000,27136,27156,62,0.00155340,0.00179232,0.00194118,0.00000094,0.00045095,0.00777105
1773325376.03831959,0.01355441,6102,0.00020357,0.00880615,0,0.00000000,27156,27200,56,0.00191007,0.00132325,0.00194678,0.00000361,0.00073030,0.01021810
1773325376.13852763,0.01835958,6031,0.00061656,0.01106035,0,0.00000000,27200,27226,51,0.00078117,0.00212847,0.00234400,0.00000364,0.00067849,0.01345262
1773325376.23833680,0.01116599,6078,0.00029951,0.00624806,0,0.00000000,27226,27220,63,0.00158798,0.00129653,0.00256666,0.00000073,0.00030521,0.00763106
1773325376.33836651,0.00963637,6030,0.00037258,0.00597683,0,0.00000000,27220,27189,69,0.00155298,0.00120023,0.00127084,0.00000046,0.00037794,0.00725963
1773325376.43842077,0.01132180,6038,0.00073980,0.00628202,0,0.00000000,27189,27201,66,0.00156086,0.00156613,0.00129963,0.00000054,0.00031282,0.00799072
1773325376.53843760,0.01177060,6077,0.00062123,0.00656813,0,0.00000000,27201,27237,57,0.00169736,0.00166527,0.00138578,0.00000081,0.00034675,0.00842569
1773325376.63827205,0.01922751,6105,0.00034334,0.01290222,0,0.00000000,27237,27283,63,0.00241851,0.00208908,0.00179595,0.00000283,0.00075588,0.01527070
1773325376.73843193,0.01763603,6086,0.00027281,0.01193961,0,0.00000000,27283,27299,59,0.00172211,0.00181592,0.00200093,0.00000345,0.00081966,0.01399801
1773325376.83837962,0.01509386,6147,0.00035496,0.01000427,0,0.00000000,27299,27268,69,0.00225072,0.00160658,0.00182362,0.00000246,0.00071761,0.01177950
1773325376.93844295,0.01004685,6108,0.00029883,0.00647293,0,0.00000000,27268,27246,68,0.00144122,0.00128750,0.00114764,0.00000045,0.00036158,0.00788969
1773325377.03825736,0.02269882,6111,0.00032152,0.01724537,0,0.00000000,27246,27259,53,0.00077221,0.00219738,0.00144457,0.00000051,0.00032432,0.01972407
1773325377.13837028,0.01354537,6172,0.00027389,0.00859409,0,0.00000000,27259,27295,76,0.00079913,0.00145431,0.00182103,0.00000266,0.00083036,0.01014509
1773325377.23854518,0.01199594,6143,0.00031168,0.00657701,0,0.00000000,27295,27300,79,0.00098843,0.00131093,0.00289399,0.00000151,0.00034961,0.00797916
1773325377.33821034,0.01055092,6172,0.00025214,0.00659213,0,0.00000000,27300,27322,65,0.00084111,0.00160217,0.00117821,0.00000048,0.00038163,0.00829650
1773325377.43832493,0.01165633,6161,0.00070233,0.00643364,0,0.00000000,27322,27331,61,0.00199975,0.00164008,0.00114439,0.00000056,0.00034678,0.00820414
1773325377.53849339,0.01666496,6178,0.00046150,0.00943542,0,0.00000000,27331,27351,42,0.00159581,0.00222672,0.00264360,0.00000124,0.00055581,0.01193652
1773325377.63843560,0.01975163,6148,0.00032194,0.01279262,0,0.00000000,27351,27366,72,0.00145634,0.00268651,0.00180284,0.00000278,0.00072039,0.01584488
1773325377.73842549,0.03329553,6176,0.00097676,0.02646427,0,0.00000000,27366,27359,65,0.00310259,0.00185737,0.00196516,0.00000397,0.00076340,0.02849490
1773325377.83844304,0.03729161,6144,0.00029222,0.03266818,0,0.00000000,27359,27366,64,0.00119426,0.00187625,0.00121755,0.00000256,0.00051110,0.03472915
1773325377.93824363,0.01979752,6170,0.00023301,0.01378575,0,0.00000000,27366,27389,54,0.00093110,0.00219165,0.00195794,0.00000355,0.00075801,0.01629966
1773325378.03830838,0.01027991,6162,0.00027529,0.00648865,0,0.00000000,27389,27426,78,0.00091385,0.00138320,0.00125082,0.00000059,0.00039213,0.00796622
1773325378.13840437,0.01651127,6205,0.00093708,0.01017263,0,0.00000000,27426,27398,74,0.00149093,0.00246410,0.00121552,0.00000050,0.00036358,0.01293894
1773325378.23843908,0.01889182,6229,0.00074603,0.01125928,0,0.00000000,27398,27424,62,0.00077670,0.00211549,0.00276510,0.00000201,0.00057942,0.01364154
1773325378.33850670,0.01807828,6245,0.00030154,0.01269041,0,0.00000000,27424,27426,70,0.00093302,0.00169720,0.00191363,0.00000351,0.00078834,0.01458307
1773325378.43849421,0.01978835,6230,0.00063869,0.01288105,0,0.00000000,27426,27449,68,0.00177028,0.00195608,0.00208887,0.00000295,0.00093876,0.01511461
1773325378.53827310,0.01359017,6263,0.00036189,0.00792910,0,0.00000000,27449,27471,80,0.00139464,0.00123819,0.00237494,0.00000520,0.00101497,0.00929933
1773325378.63833308,0.01208664,6256,0.00029870,0.00694974,0,0.00000000,27471,27482,67,0.00141204,0.00156284,0.00188965,0.00000422,0.00077830,0.00861824
1773325378.73822999,0.01042048,6294,0.00019671,0.00679612,0,0.00000000,27482,27511,63,0.00076953,0.00142576,0.00114580,0.00000044,0.00038230,0.00832178
1773325378.83848882,0.01191128,6281,0.00069177,0.00659979,0,0.00000000,27511,27510,61,0.00103928,0.00177330,0.00124132,0.00000046,0.00036099,0.00854557
1773325378.93848705,0.03144654,6256,0.00028795,0.02598163,0,0.00000000,27510,27518,66,0.00162501,0.00178851,0.00182685,0.00000328,0.00088932,0.02797052
1773325379.03845334,0.01940419,6256,0.00028555,0.01271477,0,0.00000000,27518,27542,63,0.00150085,0.00287493,0.00194902,0.00000356,0.00073517,0.01591779
1773325379.13850617,0.01953229,6247,0.00097035,0.01211082,0,0.00000000,27542,27510,70,0.00241091,0.00279268,0.00167944,0.00000059,0.00045202,0.01525042
1773325379.23849630,0.01976054,6209,0.00031695,0.01249688,0,0.00000000,27510,27537,66,0.00194150,0.00228599,0.00301310,0.00000319,0.00075037,0.01511250
1773325379.33830500,0.01652887,6260,0.00064540,0.01000488,0,0.00000000,27537,27553,60,0.00177894,0.00266078,0.00147908,0.00000064,0.00037680,0.01295539
1773325379.43833423,0.01585276,6267,0.00024091,0.00999295,0,0.00000000,27553,27578,64,0.00099846,0.00152931,0.00236831,0.00000469,0.00101808,0.01164898
1773325379.53833294,0.01432682,6257,0.00024548,0.00856171,0,0.00000000,27578,27598,61,0.00178865,0.00169150,0.00231365,0.00000247,0.00075560,0.01041613
1773325379.63831925,0.01810476,6189,0.00019448,0.01313627,0,0.00000000,27598,27608,53,0.00085837,0.00199916,0.00158336,0.00000175,0.00043632,0.01541055
1773325379.73836756,0.00991967,6160,0.00046660,0.00580826,0,0.00000000,27608,27550,73,0.00082144,0.00131773,0.00137746,0.00000043,0.00052616,0.00721269
1773325379.83832765,0.01103643,6147,0.00093874,0.00555409,0,0.00000000,27550,27559,67,0.00211017,0.00138094,0.00173141,0.00000061,0.00034379,0.00704090
1773325379.93841887,0.01434506,6123,0.00027478,0.00825089,0,0.00000000,27559,27582,64,0.00150290,0.00126793,0.00310816,0.00000286,0.00078863,0.00961128
1773325380.03841615,0.01413993,6060,0.00031820,0.00850449,0,0.00000000,27582,27611,68,0.00117430,0.00163568,0.00237801,0.00000322,0.00063248,0.01030073
1773325380.13828707,0.01866310,6025,0.00080481,0.01092731,0,0.00000000,27611,27639,65,0.00174562,0.00186737,0.00301329,0.00000326,0.00072013,0.01302743
1773325380.23844838,0.01550562,6035,0.00028557,0.01000291,0,0.00000000,27639,27610,47,0.00189001,0.00150553,0.00219010,0.00000617,0.00080931,0.01168159
1773325380.33828855,0.01390801,6027,0.00019416,0.00897905,0,0.00000000,27610,27596,44,0.00310143,0.00147018,0.00193995,0.00000273,0.00075993,0.01060804
1773325380.43827915,0.01155553,6065,0.00014242,0.00658924,0,0.00000000,27596,27601,45,0.00149921,0.00089318,0.00261954,0.00000349,0.00076622,0.00755844
1773325380.53830242,0.00856392,6021,0.00018651,0.00530277,0,0.00000000,27601,27600,46,0.00105923,0.00105998,0.00132539,0.00000068,0.00033538,0.00642680
1773325380.63828635,0.00909074,6024,0.00019984,0.00513480,0,0.00000000,27600,27582,36,0.00079112,0.00115269,0.00187843,0.00000046,0.00030280,0.00635814
1773325380.73832035,0.00862835,5972,0.00018407,0.00524334,0,0.00000000,27582,27569,42,0.00168405,0.00092322,0.00160757,0.00000068,0.00030924,0.00623833
1773325380.83829784,0.00908341,5979,0.00054983,0.00482911,0,0.00000000,27569,27578,44,0.00254561,0.00118278,0.00126148,0.00000043,0.00032421,0.00611573
1773325380.93837523,0.00897838,5994,0.00022399,0.00568468,0,0.00000000,27578,27561,36,0.00167494,0.00097993,0.00124257,0.00000110,0.00035491,0.00673920
1773325381.03837228,0.00945210,6025,0.00038172,0.00510704,0,0.00000000,27561,27529,59,0.00193090,0.00098380,0.00213401,0.00000063,0.00039445,0.00615482
1773325381.13840389,0.01371453,5992,0.00048966,0.00905618,0,0.00000000,27529,27516,37,0.00140671,0.00163301,0.00120215,0.00000053,0.00032744,0.01089552
1773325381.23838663,0.01290568,5972,0.00097860,0.00719614,0,0.00000000,27516,27525,51,0.00073790,0.00164217,0.00173147,0.00000080,0.00030358,0.00904760
1773325381.33825541,0.01522637,5996,0.00024447,0.00993497,0,0.00000000,27525,27550,51,0.00164176,0.00149197,0.00222037,0.00000346,0.00068150,0.01165528
1773325381.43839955,0.01461311,6022,0.00022716,0.00949270,0,0.00000000,27550,27538,49,0.00253756,0.00088207,0.00250963,0.00000395,0.00093692,0.01044903
1773325381.53834319,0.01514430,5964,0.00016805,0.01117433,0,0.00000000,27538,27530,35,0.00086414,0.00107999,0.00154608,0.00000096,0.00063033,0.01232615
1773325381.63831782,0.00877379,5995,0.00017881,0.00513671,0,0.00000000,27530,27519,41,0.00077446,0.00101328,0.00166440,0.00000211,0.00040390,0.00621765
1773325381.73841071,0.00851778,5987,0.00020493,0.00516474,0,0.00000000,27519,27516,49,0.00076421,0.00109650,0.00117568,0.00000051,0.00051075,0.00633183
1773325381.83837986,0.00778730,6010,0.00024372,0.00465560,0,0.00000000,27516,27522,54,0.00185734,0.00097146,0.00121180,0.00000061,0.00031857,0.00569042
1773325381.93842506,0.00971957,6045,0.00017773,0.00526189,0,0.00000000,27522,27553,51,0.00078164,0.00104867,0.00249062,0.00000065,0.00031682,0.00638210
1773325382.03841567,0.00814303,5987,0.00025561,0.00494393,0,0.00000000,27553,27589,68,0.00200641,0.00106276,0.00116958,0.00000054,0.00033358,0.00607883
1773325382.13841438,0.01820897,6064,0.00065199,0.01029737,0,0.00000000,27589,27593,70,0.00213130,0.00224189,0.00253423,0.00000571,0.00081887,0.01281464
1773325382.23835254,0.01672637,6002,0.00034430,0.01045815,0,0.00000000,27593,27615,72,0.00232689,0.00167719,0.00296250,0.00000224,0.00068314,0.01231422
1773325382.33833861,0.01378324,6086,0.00020831,0.00890763,0,0.00000000,27615,27648,57,0.00255512,0.00137836,0.00193039,0.00000377,0.00078658,0.01040441
1773325382.43840504,0.01155603,6052,0.00017496,0.00711446,0,0.00000000,27648,27662,48,0.00078958,0.00117654,0.00184624,0.00000334,0.00071209,0.00837310
1773325382.53820038,0.01355943,6138,0.00023700,0.00845444,0,0.00000000,27662,27691,57,0.00080389,0.00132240,0.00213560,0.00000350,0.00079130,0.00993776
1773325382.63821101,0.00836791,6141,0.00022046,0.00518180,0,0.00000000,27691,27697,55,0.00146892,0.00110229,0.00112806,0.00000043,0.00035065,0.00635734
1773325382.73833442,0.01021776,6189,0.00069487,0.00533155,0,0.00000000,27697,27720,58,0.00159908,0.00128195,0.00160457,0.00000058,0.00032048,0.00672180
1773325382.83835435,0.01347040,6131,0.00074282,0.00815783,0,0.00000000,27720,27699,51,0.00155651,0.00159489,0.00118100,0.00000047,0.00037500,0.00991965
1773325382.93840241,0.00996248,6187,0.00028949,0.00577129,0,0.00000000,27699,27684,48,0.00142047,0.00100441,0.00195938,0.00000055,0.00036932,0.00688092
1773325383.03836107,0.00953803,6130,0.00015042,0.00531019,0,0.00000000,27684,27704,40,0.00171200,0.00121428,0.00193476,0.00000202,0.00050716,0.00660165
1773325383.13828015,0.01055137,6122,0.00051249,0.00597093,0,0.00000000,27704,27719,44,0.00174379,0.00088194,0.00182979,0.00000064,0.00037818,0.00694553
1773325383.23811626,0.01609747,6182,0.00068244,0.01002952,0,0.00000000,27719,27737,57,0.00144485,0.00180480,0.00166892,0.00000244,0.00064692,0.01203111
1773325383.33820391,0.01166153,6164,0.00022790,0.00591867,0,0.00000000,27737,27758,55,0.00187171,0.00113466,0.00301943,0.00000368,0.00077534,0.00713040
1773325383.43829417,0.00940955,6200,0.00018527,0.00537413,0,0.00000000,27758,27744,41,0.00122898,0.00110871,0.00172779,0.00000518,0.00056308,0.00655205
1773325383.53844333,0.00859658,6188,0.00019256,0.00501856,0,0.00000000,27744,27776,44,0.00082250,0.00119762,0.00143903,0.00000070,0.00033599,0.00629747
1773325383.63832188,0.00796177,6207,0.00023396,0.00479844,0,0.00000000,27776,27775,56,0.00088200,0.00103700,0.00117227,0.00000077,0.00035043,0.00590149
1773325383.73838639,0.01268014,6251,0.00058742,0.00836798,0,0.00000000,27775,27781,50,0.00169518,0.00140302,0.00121464,0.00000054,0.00035039,0.00991511
1773325383.83828163,0.01765429,6193,0.00017591,0.01076760,0,0.00000000,27781,27805,47,0.00175943,0.00202232,0.00263231,0.00000301,0.00092574,0.01307297
1773325383.93809867,0.01095552,6285,0.00026725,0.00562861,0,0.00000000,27805,27798,43,0.00180406,0.00179959,0.00217523,0.00000089,0.00053641,0.00759343
1773325384.03821754,0.01369548,6321,0.00132720,0.00810400,0,0.00000000,27798,27765,54,0.00202019,0.00147805,0.00137542,0.00000060,0.00038487,0.00974141
1773325384.13839364,0.01203929,6280,0.00018328,0.00720212,0,0.00000000,27765,27784,45,0.00079977,0.00136631,0.00195391,0.00000342,0.00075388,0.00871236
1773325384.23842359,0.01078330,6313,0.00017898,0.00591907,0,0.00000000,27784,27810,46,0.00101701,0.00099744,0.00241535,0.00000440,0.00069429,0.00701341
1773325384.33837080,0.00917939,6306,0.00026364,0.00537574,0,0.00000000,27810,27800,50,0.00179003,0.00092783,0.00183483,0.00000069,0.00037338,0.00637880
1773325384.43832779,0.06089215,6315,0.00058184,0.04797002,0,0.00000000,27800,27814,44,0.00187345,0.00169395,0.00481751,0.00000378,0.00110045,0.04987222
1773325384.53837943,0.03386863,6304,0.00046731,0.02654363,0,0.00000000,27814,27838,48,0.00154219,0.00188789,0.00266624,0.00000272,0.00096624,0.02865347
1773325384.63834119,0.01410755,6293,0.00049563,0.00910582,0,0.00000000,27838,27856,43,0.00166789,0.00178610,0.00122958,0.00000050,0.00035812,0.01111596
1773325384.73828435,0.01598747,6289,0.00076397,0.00960755,0,0.00000000,27856,27853,48,0.00171510,0.00148456,0.00229633,0.00000226,0.00068361,0.01132156
1773325384.83829093,0.01634319,6275,0.00034896,0.00999180,0,0.00000000,27853,27868,42,0.00165852,0.00182333,0.00215787,0.00000334,0.00078321,0.01205247
1773325384.93835330,0.00818809,6218,0.00018263,0.00487849,0,0.00000000,27868,27875,47,0.00310686,0.00106172,0.00133600,0.00000052,0.00034492,0.00601113
1773325385.03825879,0.01677000,6163,0.00021142,0.01171530,0,0.00000000,27875,27906,60,0.00081032,0.00156381,0.00195315,0.00000303,0.00074705,0.01343038
1773325385.13825297,0.01308457,6097,0.00020071,0.00816825,0,0.00000000,27906,27922,55,0.00087958,0.00142026,0.00202185,0.00000302,0.00073308,0.00971931
1773325385.23828244,0.01092134,6023,0.00020906,0.00604527,0,0.00000000,27922,27939,53,0.00091750,0.00096175,0.00218230,0.00000424,0.00094651,0.00709008
1773325385.33833933,0.00938848,5998,0.00026645,0.00539032,0,0.00000000,27939,27938,50,0.00098410,0.00069985,0.00226080,0.00000064,0.00037084,0.00615461
1773325385.43823147,0.00968164,6011,0.00016097,0.00509611,0,0.00000000,27938,27958,46,0.00085625,0.00115970,0.00245901,0.00000066,0.00035556,0.00633261
1773325385.53827596,0.00961524,5959,0.00065216,0.00510321,0,0.00000000,27958,27964,56,0.00242218,0.00108929,0.00175014,0.00000069,0.00030829,0.00627188
1773325385.63831520,0.01563359,6045,0.00077650,0.00973299,0,0.00000000,27964,27973,48,0.00160762,0.00167700,0.00182297,0.00000058,0.00043162,0.01166202
1773325385.73836851,0.01672045,5975,0.00028599,0.01053038,0,0.00000000,27973,27996,44,0.00161686,0.00184734,0.00234701,0.00000567,0.00084498,0.01264135
1773325385.83826518,0.01612870,6011,0.00026381,0.01128943,0,0.00000000,27996,28003,59,0.00253308,0.00121762,0.00212758,0.00000258,0.00065312,0.01264528
1773325385.93829632,0.02089539,6013,0.00015039,0.01759541,0,0.00000000,28003,28014,36,0.00138419,0.00116283,0.00124502,0.00000154,0.00033698,0.01884214
1773325386.03819609,0.02241143,6114,0.00051595,0.01717782,0,0.00000000,28014,28032,51,0.00077913,0.00182004,0.00131284,0.00000048,0.00030542,0.01922315
1773325386.13832188,0.00900602,6074,0.00023598,0.00536431,0,0.00000000,28032,28053,55,0.00075970,0.00141775,0.00127384,0.00000047,0.00029201,0.00688363
1773325386.23833299,0.01477793,6088,0.00061512,0.00890702,0,0.00000000,28053,28066,53,0.00080732,0.00176221,0.00161598,0.00000299,0.00067685,0.01088325
1773325386.33817840,0.01512539,6119,0.00052558,0.00908323,0,0.00000000,28066,28072,41,0.00091212,0.00166386,0.00192201,0.00000280,0.00076995,0.01091492
1773325386.43828177,0.01081620,6112,0.00015377,0.00584444,0,0.00000000,28072,28088,42,0.00178695,0.00116224,0.00239198,0.00000236,0.00063840,0.00708289
1773325386.53834367,0.00889675,6049,0.00019727,0.00510921,0,0.00000000,28088,28118,58,0.00077130,0.00105782,0.00164993,0.00000218,0.00045874,0.00624940
1773325386.63822150,0.01237084,6132,0.00019596,0.00739443,0,0.00000000,28118,28122,39,0.00081321,0.00128461,0.00200055,0.00000392,0.00097102,0.00878696
1773325386.73833656,0.00954401,6058,0.00046935,0.00488970,0,0.00000000,28122,28135,47,0.00076761,0.00115760,0.00219230,0.00000061,0.00035517,0.00612207
1773325386.83818078,0.01866398,6070,0.00051966,0.01273847,0,0.00000000,28135,28139,36,0.00260232,0.00162817,0.00225426,0.00000073,0.00037857,0.01456221
1773325386.93824363,0.00906227,6048,0.00018187,0.00560830,0,0.00000000,28139,28145,40,0.00168056,0.00109317,0.00127947,0.00000054,0.00036015,0.00678678
1773325387.03819966,0.00977781,6030,0.00022777,0.00526382,0,0.00000000,28145,28127,43,0.00101666,0.00119184,0.00219372,0.00000354,0.00050720,0.00653309
1773325387.13819623,0.01462229,6054,0.00019192,0.00941559,0,0.00000000,28127,28154,42,0.00190212,0.00173948,0.00205982,0.00000079,0.00054983,0.01134703
1773325387.23813701,0.01518931,6046,0.00046104,0.00931950,0,0.00000000,28154,28181,47,0.00143888,0.00153523,0.00199611,0.00000267,0.00073303,0.01102247
1773325387.33828974,0.01355938,6051,0.00039407,0.00788701,0,0.00000000,28181,28183,33,0.00188450,0.00164543,0.00178239,0.00000236,0.00070026,0.00972393
1773325387.43820119,0.00864447,6040,0.00013130,0.00515260,0,0.00000000,28183,28205,40,0.00258510,0.00116791,0.00144987,0.00000064,0.00037900,0.00639087
1773325387.53818488,0.01210142,6103,0.00009972,0.00737703,0,0.00000000,28205,28219,24,0.00087359,0.00127325,0.00194145,0.00000273,0.00083494,0.00878377
1773325387.63821316,0.00879663,6090,0.00026232,0.00466559,0,0.00000000,28219,28226,50,0.00083364,0.00136237,0.00160707,0.00000106,0.00037516,0.00611345
1773325387.73837638,0.01311859,6095,0.00050136,0.00808221,0,0.00000000,28226,28229,41,0.00083699,0.00146242,0.00176044,0.00000065,0.00031582,0.00970368
1773325387.83826876,0.01462419,6089,0.00049373,0.00775305,0,0.00000000,28229,28240,46,0.00232570,0.00165641,0.00292765,0.00000396,0.00065907,0.00962703
1773325387.93824124,0.01034298,6088,0.00022680,0.00594654,0,0.00000000,28240,28227,42,0.00114853,0.00103454,0.00228946,0.00000053,0.00038540,0.00708220
1773325388.03818488,0.01262070,6037,0.00048732,0.00730053,0,0.00000000,28227,28237,43,0.00182192,0.00166441,0.00174862,0.00000062,0.00037692,0.00917983
1773325388.13828063,0.01481376,6071,0.00044862,0.00925453,0,0.00000000,28237,28252,39,0.00077028,0.00139220,0.00223389,0.00000127,0.00044896,0.01081990
1773325388.23818469,0.01162388,6154,0.00030549,0.00733575,0,0.00000000,28252,28268,26,0.00145220,0.00139147,0.00130213,0.00000058,0.00034422,0.00887681
1773325388.33828497,0.00930777,6161,0.00024823,0.00450803,0,0.00000000,28268,28275,39,0.00159998,0.00091138,0.00279432,0.00000058,0.00033135,0.00549804
1773325388.43823338,0.00709177,6216,0.00007519,0.00396006,0,0.00000000,28275,28287,21,0.00082849,0.00085601,0.00155629,0.00000052,0.00031309,0.00487094
1773325388.53826356,0.00715618,6219,0.00013582,0.00427160,0,0.00000000,28287,28296,33,0.00084450,0.00091839,0.00118104,0.00000077,0.00031986,0.00524799
1773325388.63819146,0.00755096,6235,0.00017385,0.00439680,0,0.00000000,28296,28270,31,0.00144412,0.00095853,0.00128797,0.00000051,0.00035654,0.00542107
1773325388.73812103,0.00736074,6283,0.00010686,0.00443113,0,0.00000000,28270,28290,34,0.00253917,0.00097068,0.00117004,0.00000043,0.00033291,0.00546665
1773325388.83810973,0.01483820,6316,0.00065184,0.00945359,0,0.00000000,28290,28307,41,0.00162428,0.00157140,0.00210100,0.00000073,0.00042266,0.01122697
1773325388.93822074,0.00877831,6339,0.00018543,0.00478249,0,0.00000000,28307,28293,43,0.00124885,0.00100278,0.00201470,0.00000099,0.00039446,0.00585705
1773325389.03817153,0.01939866,6352,0.00019866,0.01443491,0,0.00000000,28293,28285,31,0.00074875,0.00179404,0.00136786,0.00000061,0.00068170,0.01645918
1773325389.13817215,0.01037615,6341,0.00030156,0.00531603,0,0.00000000,28285,28257,31,0.00079859,0.00102140,0.00249209,0.00000286,0.00073042,0.00640660
1773325389.23818612,0.01320981,6348,0.00017103,0.00825041,0,0.00000000,28257,28273,43,0.00082945,0.00143978,0.00202762,0.00000260,0.00072304,0.00985685
1773325389.33811927,0.00953015,6369,0.00018786,0.00492349,0,0.00000000,28273,28253,36,0.00084907,0.00108081,0.00254539,0.00000091,0.00038871,0.00607653
1773325389.43810892,0.00878104,6416,0.00020022,0.00508297,0,0.00000000,28253,28228,38,0.00205433,0.00107327,0.00166758,0.00000078,0.00035755,0.00622636
1773325389.53824520,0.01222758,6382,0.00051090,0.00755342,0,0.00000000,28228,28207,41,0.00178249,0.00156041,0.00129488,0.00000043,0.00036290,0.00926157
1773325389.63824868,0.01387008,6385,0.00049455,0.00693274,0,0.00000000,28207,28208,46,0.00169254,0.00146261,0.00315333,0.00000247,0.00068808,0.00854243
1773325389.73822665,0.01481583,6401,0.00015625,0.01004898,0,0.00000000,28208,28211,37,0.00251457,0.00145302,0.00180446,0.00000289,0.00079172,0.01165802
1773325389.83820891,0.01197527,6409,0.00011364,0.00691830,0,0.00000000,28211,28229,34,0.00154088,0.00119133,0.00236945,0.00000306,0.00085250,0.00821558
1773325389.93813300,0.00958476,6389,0.00022990,0.00519779,0,0.00000000,28229,28209,41,0.00080020,0.00106888,0.00230610,0.00000052,0.00039701,0.00634301
1773325390.03813243,0.01487392,6400,0.00049224,0.00860311,0,0.00000000,28209,28197,36,0.00150138,0.00186074,0.00198688,0.00000340,0.00072041,0.01071847
1773325390.13820457,0.01339947,6391,0.00012195,0.00844442,0,0.00000000,28197,28216,32,0.00080288,0.00142910,0.00187608,0.00000406,0.00094112,0.00996692
1773325390.23808455,0.00933472,6420,0.00013771,0.00465220,0,0.00000000,28216,28210,26,0.00139415,0.00105699,0.00253120,0.00000214,0.00055064,0.00577670
1773325390.33813810,0.00808976,6421,0.00013805,0.00494845,0,0.00000000,28210,28214,33,0.00084236,0.00107040,0.00122663,0.00000044,0.00036608,0.00608670
1773325390.43810558,0.00747435,6419,0.00015608,0.00415069,0,0.00000000,28214,28209,32,0.00109488,0.00099670,0.00143720,0.00000053,0.00038110,0.00521204
1773325390.53811383,0.00850739,6376,0.00019883,0.00440798,0,0.00000000,28209,28205,28,0.00139374,0.00132229,0.00174967,0.00000072,0.00043656,0.00580948
1773325390.63807154,0.01246939,6427,0.00042677,0.00718758,0,0.00000000,28205,28208,30,0.00154487,0.00174839,0.00204728,0.00000074,0.00045566,0.00909490
1773325390.73825383,0.01398135,6418,0.00043294,0.00781879,0,0.00000000,28208,28182,37,0.00156283,0.00185371,0.00203686,0.00000337,0.00066821,0.00997684
1773325390.83824492,0.01275117,6399,0.00044922,0.00734182,0,0.00000000,28182,28089,40,0.00187733,0.00158710,0.00173143,0.00000275,0.00089816,0.00911891
1773325390.93817282,0.00811147,6364,0.00028737,0.00456374,0,0.00000000,28089,28009,31,0.00145478,0.00109589,0.00141826,0.00000104,0.00036615,0.00573627
1773325391.03818440,0.01396808,6379,0.00048087,0.00752659,0,0.00000000,28009,28004,41,0.00080377,0.00163914,0.00238271,0.00000289,0.00071563,0.00941976
1773325391.13815808,0.01075783,6383,0.00048517,0.00488218,0,0.00000000,28004,27888,40,0.00074098,0.00114947,0.00314470,0.00000259,0.00066840,0.00610454
1773325391.23813510,0.00867614,6387,0.00013167,0.00458401,0,0.00000000,27888,27894,37,0.00078626,0.00091264,0.00226017,0.00000061,0.00038748,0.00558226
1773325391.33814621,0.01172235,6375,0.00010719,0.00690158,0,0.00000000,27894,27914,31,0.00079622,0.00145433,0.00180201,0.00000284,0.00082121,0.00854749
1773325391.43814731,0.00719066,6372,0.00013264,0.00429972,0,0.00000000,27914,27918,33,0.00076951,0.00084604,0.00121096,0.00000048,0.00033786,0.00520491
1773325391.53811216,0.01168843,6364,0.00035939,0.00740299,0,0.00000000,27918,27921,31,0.00149464,0.00163593,0.00124001,0.00000046,0.00035683,0.00919463
1773325391.63804841,0.01569569,6350,0.00051573,0.00888430,0,0.00000000,27921,27940,47,0.00166627,0.00239676,0.00195636,0.00000327,0.00072044,0.01160562
1773325391.73807406,0.01436976,6379,0.00051317,0.00825702,0,0.00000000,27940,27951,35,0.00161835,0.00121558,0.00249516,0.00000189,0.00067739,0.00966071
1773325391.83807755,0.01536848,6400,0.00010269,0.00929962,0,0.00000000,27951,27944,15,0.00126060,0.00140966,0.00296869,0.00000280,0.00080522,0.01093793
1773325391.93821573,0.00901653,6374,0.00009470,0.00459186,0,0.00000000,27944,27943,20,0.00080384,0.00110525,0.00240273,0.00000048,0.00040006,0.00577816
1773325392.03821516,0.01521703,6363,0.00043630,0.00893968,0,0.00000000,27943,27917,32,0.00082852,0.00184513,0.00199584,0.00000284,0.00078667,0.01103407
1773325392.13817072,0.01137918,6400,0.00007884,0.00690450,0,0.00000000,27917,27932,26,0.00096685,0.00149501,0.00201562,0.00000074,0.00041605,0.00855040
1773325392.23821139,0.00871615,6387,0.00012012,0.00436128,0,0.00000000,27932,27935,26,0.00151966,0.00112744,0.00233273,0.00000047,0.00037120,0.00556889
1773325392.33812714,0.00747376,6372,0.00013154,0.00424146,0,0.00000000,27935,27932,32,0.00155046,0.00112235,0.00123199,0.00000077,0.00039705,0.00543558
1773325392.43810463,0.01076529,6384,0.00032046,0.00631711,0,0.00000000,27932,27953,32,0.00105522,0.00159618,0.00123521,0.00000058,0.00034361,0.00808118
1773325392.53806329,0.01570534,6391,0.00033037,0.00833772,0,0.00000000,27953,27917,23,0.00077131,0.00197380,0.00311520,0.00000556,0.00078757,0.01058152
1773325392.63805771,0.01266681,6390,0.00006997,0.00695100,0,0.00000000,27917,27927,22,0.00177707,0.00184001,0.00249195,0.00000291,0.00068825,0.00898915
1773325392.73804188,0.01069860,6381,0.00015704,0.00601757,0,0.00000000,27927,27928,40,0.00152343,0.00129295,0.00203050,0.00000238,0.00068936,0.00742911
1773325392.83802676,0.00868465,6417,0.00017117,0.00461759,0,0.00000000,27928,27894,32,0.00087264,0.00115487,0.00195897,0.00000107,0.00038938,0.00587143
1773325392.93821692,0.01304764,6411,0.00020888,0.00723533,0,0.00000000,27894,27895,30,0.00153466,0.00193688,0.00218946,0.00000390,0.00071409,0.00940205
1773325393.03819680,0.01381687,6391,0.00025902,0.00722137,0,0.00000000,27895,27915,31,0.00080448,0.00174831,0.00263795,0.00000246,0.00070954,0.00918979
1773325393.13815212,0.00834635,6379,0.00038679,0.00433656,0,0.00000000,27915,27853,30,0.00128825,0.00095444,0.00189398,0.00000049,0.00037526,0.00537432
1773325393.23814082,0.00896406,6384,0.00029820,0.00426679,0,0.00000000,27853,27851,36,0.00187093,0.00115681,0.00237176,0.00000057,0.00038764,0.00550394
1773325393.33807778,0.01187968,6357,0.00036082,0.00713824,0,0.00000000,27851,27862,32,0.00076658,0.00161405,0.00133837,0.00000058,0.00038006,0.00892649
1773325393.43802166,0.01513802,6399,0.00031175,0.00743666,0,0.00000000,27862,27866,27,0.00175027,0.00253489,0.00251557,0.00000506,0.00094906,0.01027313
1773325393.53804255,0.01363975,6430,0.00007328,0.00809550,0,0.00000000,27866,27876,17,0.00205634,0.00167144,0.00246510,0.00000392,0.00068800,0.00996623
1773325393.63820314,0.01254461,6352,0.00014162,0.00655287,0,0.00000000,27876,27900,32,0.00141551,0.00145361,0.00309543,0.00000276,0.00071171,0.00815592
1773325393.73802710,0.00906412,6414,0.00011333,0.00470739,0,0.00000000,27900,27914,29,0.00077396,0.00111788,0.00208347,0.00000196,0.00064203,0.00589331
1773325393.83807921,0.00768170,6415,0.00011829,0.00451181,0,0.00000000,27914,27919,34,0.00080941,0.00113272,0.00120181,0.00000046,0.00038812,0.00571538
1773325393.93800306,0.00811584,6425,0.00016465,0.00433567,0,0.00000000,27919,27933,35,0.00083031,0.00110672,0.00172804,0.00000131,0.00036578,0.00552007
1773325394.03816938,0.01216011,6387,0.00045642,0.00629407,0,0.00000000,27933,27948,38,0.00143356,0.00170775,0.00204802,0.00000301,0.00069166,0.00817620
1773325394.13812709,0.01318843,6384,0.00010041,0.00843200,0,0.00000000,27948,27956,23,0.00177886,0.00142978,0.00194237,0.00000355,0.00071682,0.01001250
1773325394.23806882,0.01770497,6390,0.00011107,0.01283480,0,0.00000000,27956,27956,22,0.00169395,0.00105429,0.00221908,0.00000452,0.00081508,0.01403060
1773325394.33805466,0.01337959,6361,0.00010816,0.00778970,0,0.00000000,27956,27952,21,0.00087540,0.00137347,0.00267898,0.00000425,0.00077112,0.00932469
1773325394.43833423,0.00738301,6344,0.00008645,0.00411392,0,0.00000000,27952,27973,24,0.00116198,0.00097973,0.00155742,0.00000059,0.00034801,0.00515196
1773325394.53806090,0.00637486,6339,0.00007591,0.00365372,0,0.00000000,27973,27985,22,0.00082240,0.00087312,0.00116866,0.00000044,0.00029804,0.00458198
1773325394.63808393,0.02600192,6309,0.00024078,0.02221200,0,0.00000000,27985,27958,26,0.00078687,0.00140889,0.00131545,0.00000061,0.00036408,0.02376033
1773325394.73808265,0.01292621,6300,0.00065535,0.00814527,0,0.00000000,27958,27960,22,0.00077870,0.00164566,0.00125798,0.00000047,0.00032912,0.00998054
1773325394.83804536,0.01309974,6322,0.00028942,0.00719444,0,0.00000000,27960,27971,24,0.00169282,0.00143101,0.00246483,0.00000270,0.00062790,0.00884420
1773325394.93813038,0.00726679,6311,0.00010060,0.00419206,0,0.00000000,27971,27975,28,0.00184515,0.00095575,0.00133492,0.00000111,0.00033715,0.00522410
1773325395.03817749,0.00747478,6249,0.00011140,0.00421845,0,0.00000000,27975,27990,30,0.00112721,0.00118715,0.00125790,0.00000071,0.00033725,0.00547696
1773325395.13816261,0.00970864,6197,0.00048514,0.00559825,0,0.00000000,27990,28005,42,0.00081643,0.00112303,0.00130381,0.00000051,0.00031092,0.00685104
1773325395.23818493,0.01440383,6156,0.00020627,0.00773848,0,0.00000000,28005,28019,36,0.00085917,0.00193574,0.00253571,0.00000375,0.00086729,0.00993748
1773325395.33802128,0.01260536,6184,0.00011941,0.00753555,0,0.00000000,28019,28032,29,0.00131103,0.00156051,0.00197107,0.00000275,0.00071780,0.00931923
1773325395.43800235,0.01139044,6203,0.00008148,0.00600498,0,0.00000000,28032,28048,24,0.00203001,0.00123116,0.00258259,0.00000428,0.00091904,0.00734275
1773325395.53803778,0.00921064,6260,0.00009006,0.00482602,0,0.00000000,28048,28047,22,0.00089612,0.00096357,0.00245169,0.00000175,0.00045894,0.00586231
1773325395.63807750,0.00851023,6263,0.00011682,0.00482814,0,0.00000000,28047,28037,24,0.00079009,0.00119651,0.00163223,0.00000086,0.00037268,0.00609871
1773325395.73799348,0.00759092,6231,0.00006351,0.00439746,0,0.00000000,28037,28042,17,0.00080535,0.00118621,0.00117306,0.00000043,0.00035526,0.00566628
1773325395.83803535,0.00748644,6288,0.00008148,0.00412926,0,0.00000000,28042,28037,20,0.00203844,0.00114595,0.00144522,0.00000059,0.00032040,0.00534858
1773325395.93804836,0.02729160,6300,0.00010028,0.02390961,0,0.00000000,28037,28043,25,0.00156562,0.00121013,0.00128774,0.00000083,0.00036995,0.02520828
1773325396.03806090,0.01085287,6259,0.00012491,0.00559716,0,0.00000000,28043,28033,25,0.00175207,0.00163295,0.00216590,0.00000222,0.00077473,0.00738311
1773325396.13808227,0.01341752,6263,0.00013311,0.00728456,0,0.00000000,28033,28041,13,0.00159044,0.00203645,0.00201402,0.00000286,0.00068732,0.00958206
1773325396.23809528,0.01248147,6244,0.00029066,0.00667170,0,0.00000000,28041,28055,27,0.00140827,0.00157858,0.00203128,0.00000373,0.00072725,0.00847444
1773325396.33794832,0.00993971,6262,0.00015251,0.00590406,0,0.00000000,28055,28066,27,0.00160182,0.00110568,0.00156795,0.00000172,0.00045021,0.00711607
1773325396.43798637,0.00847960,6281,0.00007217,0.00442056,0,0.00000000,28066,28072,20,0.00165996,0.00092370,0.00203150,0.00000217,0.00066164,0.00540535
1773325396.53798532,0.00716888,6285,0.00007947,0.00426783,0,0.00000000,28072,28077,23,0.00160065,0.00073088,0.00142398,0.00000060,0.00032768,0.00505995
1773325396.63812256,0.00838150,6174,0.00012983,0.00478794,0,0.00000000,28077,28080,23,0.00081751,0.00118925,0.00150783,0.00000068,0.00032118,0.00605644
1773325396.73795223,0.00821228,6172,0.00008973,0.00416060,0,0.00000000,28080,28093,23,0.00083371,0.00092404,0.00226815,0.00000057,0.00035215,0.00514538
1773325396.83795118,0.00752224,6116,0.00010713,0.00421909,0,0.00000000,28093,28105,23,0.00165110,0.00097748,0.00142105,0.00000079,0.00034621,0.00526429
1773325396.93794298,0.00794749,6152,0.00009783,0.00497291,0,0.00000000,28105,28116,28,0.00155704,0.00093305,0.00120961,0.00000049,0.00034184,0.00597628
1773325397.03811646,0.00863191,6095,0.00012388,0.00479334,0,0.00000000,28116,28114,25,0.00199198,0.00133025,0.00148837,0.00000077,0.00044752,0.00620996
1773325397.13798594,0.02355190,6093,0.00007834,0.01884249,0,0.00000000,28114,28114,18,0.00182090,0.00142786,0.00199573,0.00000362,0.00068768,0.02036954
1773325397.23795867,0.03086491,6077,0.00014130,0.02455146,0,0.00000000,28114,28119,29,0.00172057,0.00182560,0.00178035,0.00000100,0.00059432,0.02789884
1773325397.33812451,0.01412996,6096,0.00010484,0.00768513,0,0.00000000,28119,28123,18,0.00178016,0.00191819,0.00286135,0.00000197,0.00074536,0.00992913
1773325397.43799424,0.03419352,6104,0.00009568,0.02876495,0,0.00000000,28123,28135,20,0.00169212,0.00205665,0.00197967,0.00000369,0.00067747,0.03101808
1773325397.53800082,0.00878450,6052,0.00007427,0.00515723,0,0.00000000,28135,28139,23,0.00081955,0.00140772,0.00132531,0.00000047,0.00040602,0.00665603
1773325397.63798404,0.00937749,6052,0.00008071,0.00496333,0,0.00000000,28139,28155,25,0.00189893,0.00131262,0.00219546,0.00000062,0.00037338,0.00636563
1773325397.73808527,0.01448656,6035,0.00050663,0.00741539,0,0.00000000,28155,28150,37,0.00333321,0.00275519,0.00200182,0.00000094,0.00044148,0.01050594
1773325397.83805394,0.01561898,6029,0.00019307,0.00945917,0,0.00000000,28150,28159,33,0.00178601,0.00192487,0.00250291,0.00000227,0.00066917,0.01169902
1773325397.93796277,0.01141737,6057,0.00021525,0.00585195,0,0.00000000,28159,28133,32,0.00165683,0.00193352,0.00235159,0.00000091,0.00050141,0.00796087
1773325398.03797507,0.01603195,6000,0.00020510,0.01039463,0,0.00000000,28133,28147,40,0.00156396,0.00200422,0.00198261,0.00000184,0.00071936,0.01261125
1773325398.13798428,0.01454608,6041,0.00013199,0.00880948,0,0.00000000,28147,28154,29,0.00078159,0.00204112,0.00192070,0.00000193,0.00091750,0.01106950
1773325398.23816133,0.01554831,6016,0.00012819,0.01003860,0,0.00000000,28154,28172,40,0.00079570,0.00197817,0.00185736,0.00000474,0.00082544,0.01224624
1773325398.33795094,0.01165727,6090,0.00011395,0.00673367,0,0.00000000,28172,28181,38,0.00116886,0.00149398,0.00228668,0.00000209,0.00050302,0.00832374
1773325398.43798399,0.01401109,6071,0.00018723,0.00865962,0,0.00000000,28181,28180,41,0.00106811,0.00169660,0.00206856,0.00000223,0.00077448,0.01049875
1773325398.53790855,0.01129913,6128,0.00015315,0.00683935,0,0.00000000,28180,28194,46,0.00079617,0.00127574,0.00201008,0.00000297,0.00050934,0.00820334
1773325398.63794184,0.01705786,6108,0.00053677,0.01151115,0,0.00000000,28194,28199,44,0.00084433,0.00177773,0.00161274,0.00000070,0.00035957,0.01351227
1773325398.73794270,0.01170020,6133,0.00061726,0.00681396,0,0.00000000,28199,28199,49,0.00178124,0.00147683,0.00131770,0.00000075,0.00035363,0.00843204
1773325398.83800626,0.02823440,6111,0.00014537,0.02311908,0,0.00000000,28199,28206,47,0.00101467,0.00099421,0.00223064,0.00000363,0.00100350,0.02425977
1773325398.93806815,0.01337490,6126,0.00030990,0.00940828,0,0.00000000,28206,28220,52,0.00113039,0.00166453,0.00117570,0.00000087,0.00030333,0.01119634
1773325399.03792381,0.01617883,6138,0.00051097,0.00922528,0,0.00000000,28220,28222,45,0.00116453,0.00156227,0.00243072,0.00000236,0.00078769,0.01094433
1773325399.13834620,0.01597075,6087,0.00010534,0.01079825,0,0.00000000,28222,28235,36,0.00155630,0.00216717,0.00159937,0.00000262,0.00059205,0.01322008
1773325399.24098182,0.01644228,6102,0.00026091,0.01072880,0,0.00000000,28235,28234,49,0.00074628,0.00213093,0.00181397,0.00000285,0.00072553,0.01311814
1773325399.33790970,0.01467270,6162,0.00015442,0.00930839,0,0.00000000,28234,28251,51,0.00081161,0.00181075,0.00197554,0.00000397,0.00071345,0.01125478
1773325399.43792248,0.01225443,6158,0.00015737,0.00726230,0,0.00000000,28251,28257,40,0.00197157,0.00165020,0.00224333,0.00000049,0.00037270,0.00902977
1773325399.53790855,0.01276059,6235,0.00057866,0.00740547,0,0.00000000,28257,28268,51,0.00116783,0.00187620,0.00124612,0.00000051,0.00037194,0.00942696
1773325399.63800693,0.01101407,6160,0.00018130,0.00716288,0,0.00000000,28268,28270,46,0.00079260,0.00162969,0.00116657,0.00000049,0.00033081,0.00890706
1773325399.73795390,0.01876516,6207,0.00017426,0.01279222,0,0.00000000,28270,28282,43,0.00101460,0.00231122,0.00184055,0.00000341,0.00087063,0.01537431
1773325399.83800650,0.01767975,6199,0.00013603,0.01202392,0,0.00000000,28282,28307,45,0.00111199,0.00195628,0.00210158,0.00000257,0.00078535,0.01416652
1773325399.93803024,0.01140042,6157,0.00018292,0.00773542,0,0.00000000,28307,28310,45,0.00095872,0.00125507,0.00127597,0.00000097,0.00038417,0.00910103
1773325400.03789997,0.01669308,6189,0.00064107,0.00901944,0,0.00000000,28310,28292,48,0.00080562,0.00289510,0.00198423,0.00000123,0.00056380,0.01222103
1773325400.13793468,0.01258709,6206,0.00018042,0.00770177,0,0.00000000,28292,28285,45,0.00081720,0.00172907,0.00192501,0.00000348,0.00049617,0.00957362
1773325400.23794007,0.01282949,6237,0.00023487,0.00762603,0,0.00000000,28285,28281,58,0.00081282,0.00163825,0.00237576,0.00000053,0.00038114,0.00939468
1773325400.33799648,0.01449679,6186,0.00018365,0.00865324,0,0.00000000,28281,28298,50,0.00082030,0.00182175,0.00246297,0.00000197,0.00069027,0.01064604
1773325400.43788528,0.01186066,6269,0.00017169,0.00770751,0,0.00000000,28298,28323,48,0.00167704,0.00172835,0.00135844,0.00000058,0.00035122,0.00955048
1773325400.53798389,0.01976373,6225,0.00073365,0.01232151,0,0.00000000,28323,28306,43,0.00146273,0.00251837,0.00242157,0.00000076,0.00038420,0.01508886
1773325400.63803625,0.01334337,6178,0.00073962,0.00762977,0,0.00000000,28306,28318,60,0.00258561,0.00205041,0.00118817,0.00000046,0.00030497,0.00981979
1773325400.73786306,0.02178423,6191,0.00025406,0.01561854,0,0.00000000,28318,28323,49,0.00101274,0.00242299,0.00235450,0.00000054,0.00038867,0.01829404
1773325400.83787918,0.02115813,6254,0.00021325,0.01480789,0,0.00000000,28323,28346,51,0.00125473,0.00252288,0.00182809,0.00000279,0.00066409,0.01759422
1773325400.93786788,0.01263143,6190,0.00017112,0.00864655,0,0.00000000,28346,28359,43,0.00160806,0.00172275,0.00116692,0.00000087,0.00031195,0.01056765
1773325401.03790212,0.01872798,6201,0.00019675,0.01285685,0,0.00000000,28359,28375,44,0.00078708,0.00252638,0.00160533,0.00000164,0.00061863,0.01570517
1773325401.13797021,0.01386769,6205,0.00017704,0.00855394,0,0.00000000,28375,28395,46,0.00151198,0.00171659,0.00201187,0.00000299,0.00072090,0.01039551
1773325401.23801088,0.01249223,6223,0.00022006,0.00796898,0,0.00000000,28395,28413,52,0.00086559,0.00195868,0.00143174,0.00000055,0.00038683,0.01005757
1773325401.33800793,0.01247755,6161,0.00016541,0.00771598,0,0.00000000,28413,28432,40,0.00082436,0.00190714,0.00174494,0.00000050,0.00033615,0.00975011
1773325401.43785143,0.01692491,6197,0.00066634,0.01032291,0,0.00000000,28432,28412,49,0.00080610,0.00223274,0.00186834,0.00000074,0.00037100,0.01285916
1773325401.53782535,0.02140313,6218,0.00038962,0.01606425,0,0.00000000,28412,28402,63,0.00112426,0.00209131,0.00169490,0.00000062,0.00040824,0.01840691
1773325401.63793969,0.01345495,6224,0.00024794,0.00865753,0,0.00000000,28402,28415,43,0.00150008,0.00183859,0.00157340,0.00000058,0.00039388,0.01066580
1773325401.73790359,0.01711032,6233,0.00024188,0.01138480,0,0.00000000,28415,28403,49,0.00156291,0.00139708,0.00253130,0.00000256,0.00090471,0.01291248
1773325401.83796716,0.01489386,6210,0.00020042,0.00929509,0,0.00000000,28403,28416,58,0.00087446,0.00139491,0.00252230,0.00000233,0.00083625,0.01080387
1773325401.93798780,0.01187577,6150,0.00023713,0.00777650,0,0.00000000,28416,28393,46,0.00078827,0.00159711,0.00134826,0.00000075,0.00035453,0.00948936
1773325402.03786826,0.01678861,6246,0.00083842,0.01001155,0,0.00000000,28393,28396,52,0.00082390,0.00240335,0.00175248,0.00000062,0.00037589,0.01267234
1773325402.13801074,0.01316918,6179,0.00027374,0.00820804,0,0.00000000,28396,28362,52,0.00102506,0.00166192,0.00188935,0.00000088,0.00056741,0.00998518
1773325402.23787808,0.01322996,6185,0.00025292,0.00866146,0,0.00000000,28362,28386,65,0.00108757,0.00189986,0.00143415,0.00000066,0.00039851,0.01068674
1773325402.33788204,0.01621394,6189,0.00070487,0.00908537,0,0.00000000,28386,28413,63,0.00077787,0.00281212,0.00157944,0.00000073,0.00046600,0.01216189
1773325402.43787980,0.03081114,6182,0.00023429,0.02672120,0,0.00000000,28413,28449,57,0.00185412,0.00165014,0.00118300,0.00000057,0.00037179,0.02850894
1773325402.53795481,0.02074232,6191,0.00032138,0.01431852,0,0.00000000,28449,28436,52,0.00170583,0.00220319,0.00265553,0.00000161,0.00046152,0.01673971
1773325402.63798881,0.01655865,6176,0.00046436,0.01063162,0,0.00000000,28436,28450,40,0.00136888,0.00248883,0.00120433,0.00000056,0.00033342,0.01339068
1773325402.73795247,0.01945232,6203,0.00030703,0.01317386,0,0.00000000,28450,28433,58,0.00138488,0.00247563,0.00192264,0.00000378,0.00078115,0.01591008
1773325402.83802724,0.01447096,6189,0.00026130,0.00831888,0,0.00000000,28433,28422,53,0.00086313,0.00175422,0.00304067,0.00000069,0.00045933,0.01019555
1773325402.93804049,0.01726766,6155,0.00052605,0.01133017,0,0.00000000,28422,28431,48,0.00154529,0.00246248,0.00112838,0.00000076,0.00037045,0.01404844
1773325403.03782153,0.01583027,6190,0.00047759,0.00941202,0,0.00000000,28431,28459,49,0.00081166,0.00257448,0.00141891,0.00000082,0.00043178,0.01225178
1773325403.13790441,0.01347536,6202,0.00024794,0.00857931,0,0.00000000,28459,28461,58,0.00079729,0.00183855,0.00186680,0.00000067,0.00037107,0.01054633
1773325403.23788452,0.01264081,6165,0.00017042,0.00845654,0,0.00000000,28461,28487,38,0.00157899,0.00181174,0.00120609,0.00000044,0.00037328,0.01039535
1773325403.33796167,0.02308365,6191,0.00051203,0.01636764,0,0.00000000,28487,28518,47,0.00082946,0.00295173,0.00118585,0.00000054,0.00039361,0.01966290
1773325403.43798685,0.01234170,6180,0.00024108,0.00821387,0,0.00000000,28518,28519,50,0.00144593,0.00166359,0.00131473,0.00000050,0.00033948,0.00999832
1773325403.53780508,0.02112559,6151,0.00021240,0.01489489,0,0.00000000,28519,28554,55,0.00186110,0.00264861,0.00183289,0.00000274,0.00072959,0.01782327
1773325403.63788009,0.01928467,6205,0.00061742,0.01285705,0,0.00000000,28554,28564,53,0.00180777,0.00275686,0.00117519,0.00000057,0.00037303,0.01591867
1773325403.73789930,0.02039042,6189,0.00028330,0.01489938,0,0.00000000,28564,28586,64,0.00127537,0.00226313,0.00171743,0.00000166,0.00045472,0.01741579
1773325403.83797789,0.01531164,6183,0.00069823,0.00952740,0,0.00000000,28586,28409,58,0.00076379,0.00175327,0.00191972,0.00000276,0.00072185,0.01140311
1773325403.93780994,0.02033849,6188,0.00026634,0.01445740,0,0.00000000,28409,28431,60,0.00080243,0.00215203,0.00204425,0.00000181,0.00055011,0.01690119
1773325404.03781343,0.01432288,6211,0.00066714,0.00820627,0,0.00000000,28431,28463,61,0.00080306,0.00176820,0.00189691,0.00000168,0.00051406,0.01010417
1773325404.13786674,0.02065030,6230,0.00018311,0.01532596,0,0.00000000,28463,28487,45,0.00081511,0.00181423,0.00187136,0.00000220,0.00073692,0.01727151
1773325404.23789406,0.01716152,6192,0.00019210,0.01162250,0,0.00000000,28487,28513,57,0.00122246,0.00181649,0.00215225,0.00000366,0.00066466,0.01362483
1773325404.33797741,0.01638884,6262,0.00038102,0.00976633,0,0.00000000,28513,28508,57,0.00080905,0.00283421,0.00178276,0.00000086,0.00042963,0.01290655
1773325404.43794942,0.01198625,6205,0.00020903,0.00784361,0,0.00000000,28508,28537,55,0.00102597,0.00166838,0.00131558,0.00000051,0.00037123,0.00962987
1773325404.53778505,0.02145577,6247,0.00021729,0.01373936,0,0.00000000,28537,28557,47,0.00081303,0.00252530,0.00322389,0.00000342,0.00082162,0.01653124
1773325404.63791037,0.01975478,6233,0.00023194,0.01287271,0,0.00000000,28557,28548,45,0.00185572,0.00215395,0.00287644,0.00000321,0.00082437,0.01522866
1773325404.73792887,0.02158615,6234,0.00051706,0.01441590,0,0.00000000,28548,28563,60,0.00136423,0.00260094,0.00250370,0.00000397,0.00072691,0.01725271
1773325404.83795214,0.01380071,6218,0.00017733,0.00889945,0,0.00000000,28563,28564,42,0.00081721,0.00166730,0.00166599,0.00000252,0.00077650,0.01068104
1773325404.93789220,0.02022087,6211,0.00016843,0.01538838,0,0.00000000,28564,28597,48,0.00147545,0.00150340,0.00153612,0.00000258,0.00077035,0.01710452
1773325405.03788662,0.01704635,6231,0.00024966,0.01148348,0,0.00000000,28597,28582,54,0.00193313,0.00179452,0.00198832,0.00000316,0.00085543,0.01340496
1773325405.13788414,0.01843294,6227,0.00025124,0.01287282,0,0.00000000,28582,28582,49,0.00106757,0.00198109,0.00181820,0.00000307,0.00080908,0.01499158
1773325405.23796320,0.02179068,6213,0.00036000,0.01582471,0,0.00000000,28582,28608,56,0.00116564,0.00260308,0.00122994,0.00000054,0.00039499,0.01868884
1773325405.33793974,0.01619441,6200,0.00017747,0.01066773,0,0.00000000,28608,28608,38,0.00080706,0.00172447,0.00221996,0.00000375,0.00073815,0.01251640
1773325405.43780398,0.01336905,6209,0.00018875,0.00829103,0,0.00000000,28608,28627,49,0.00120962,0.00167254,0.00224181,0.00000071,0.00038990,0.01008377
1773325405.53780556,0.02196112,6224,0.00075455,0.01424292,0,0.00000000,28627,28634,59,0.00078862,0.00267858,0.00230265,0.00000056,0.00039847,0.01727001
1773325405.63784933,0.01564036,6209,0.00057516,0.00906867,0,0.00000000,28634,28636,45,0.00082169,0.00210586,0.00179011,0.00000082,0.00038032,0.01142601
1773325405.73782706,0.01847190,6176,0.00020223,0.01270719,0,0.00000000,28636,28642,45,0.00148821,0.00233094,0.00185527,0.00000101,0.00058782,0.01529198
1773325405.83790541,0.02182411,6222,0.00038037,0.01579070,0,0.00000000,28642,28647,48,0.00257497,0.00279743,0.00147437,0.00000057,0.00040009,0.01890255
1773325405.93787313,0.01447436,6157,0.00023757,0.00981129,0,0.00000000,28647,28647,38,0.00146614,0.00167235,0.00152914,0.00000051,0.00035569,0.01162400
1773325406.03784943,0.02055358,6215,0.00057075,0.01355177,0,0.00000000,28647,28659,45,0.00080198,0.00304510,0.00130144,0.00000083,0.00039826,0.01698105
1773325406.13776708,0.01493365,6203,0.00045008,0.00921779,0,0.00000000,28659,28676,43,0.00078723,0.00196286,0.00169051,0.00000096,0.00033197,0.01141425
1773325406.23781013,0.01716728,6209,0.00075621,0.01139551,0,0.00000000,28676,28649,51,0.00092980,0.00207495,0.00117410,0.00000081,0.00033463,0.01366865
1773325406.33783722,0.02302077,6204,0.00023281,0.01703647,0,0.00000000,28649,28680,52,0.00107125,0.00250702,0.00145977,0.00000250,0.00073992,0.01984398
1773325406.43791366,0.01390773,6232,0.00023065,0.00849495,0,0.00000000,28680,28669,46,0.00090041,0.00171209,0.00223023,0.00000288,0.00060820,0.01032973
1773325406.53791618,0.01266397,6193,0.00016913,0.00828946,0,0.00000000,28669,28682,47,0.00081830,0.00177631,0.00151860,0.00000079,0.00035005,0.01018696
1773325406.63791227,0.01605829,6172,0.00017047,0.01116435,0,0.00000000,28682,28699,42,0.00083644,0.00176592,0.00167479,0.00001837,0.00057614,0.01306863
1773325406.73782110,0.01374019,6205,0.00049570,0.00868871,0,0.00000000,28699,28724,46,0.00085596,0.00167482,0.00119706,0.00000075,0.00037499,0.01054380
1773325406.83782554,0.02019840,6195,0.00074346,0.01356327,0,0.00000000,28724,28735,66,0.00166186,0.00271974,0.00130084,0.00000113,0.00035305,0.01659634
1773325406.93785048,0.01515869,6212,0.00030896,0.00894454,0,0.00000000,28735,28708,58,0.00191992,0.00239925,0.00215524,0.00000091,0.00056115,0.01157172
1773325407.03796434,0.01924641,6213,0.00020197,0.01218703,0,0.00000000,28708,28702,45,0.00100359,0.00213662,0.00303963,0.00000280,0.00079800,0.01462932
1773325407.13791418,0.01764817,6177,0.00057538,0.01129948,0,0.00000000,28702,28710,45,0.00142317,0.00263585,0.00128920,0.00000124,0.00042468,0.01421559
1773325407.23782563,0.02126501,6187,0.00017716,0.01432695,0,0.00000000,28710,28735,44,0.00080628,0.00275024,0.00155780,0.00000330,0.00073783,0.01738411
1773325407.33787847,0.01519039,6175,0.00018731,0.00853929,0,0.00000000,28735,28758,44,0.00246283,0.00153717,0.00361368,0.00000451,0.00062074,0.01020653
1773325407.43773675,0.01774812,6177,0.00019286,0.01174057,0,0.00000000,28758,28778,56,0.00153753,0.00228376,0.00199997,0.00000175,0.00069963,0.01429871
1773325407.53782010,0.01293436,6199,0.00011942,0.00811182,0,0.00000000,28778,28792,27,0.00083158,0.00146516,0.00219871,0.00000053,0.00035106,0.00970026
1773325407.63787007,0.01883724,6185,0.00045850,0.01258777,0,0.00000000,28792,28814,39,0.00084293,0.00212777,0.00172346,0.00000181,0.00044405,0.01492308
1773325407.73794961,0.01167022,6203,0.00014893,0.00813912,0,0.00000000,28814,28819,36,0.00160621,0.00132717,0.00117681,0.00000048,0.00030492,0.00956278
1773325407.83776093,0.01975614,6218,0.00061391,0.01203672,0,0.00000000,28819,28847,53,0.00127726,0.00360544,0.00152469,0.00000060,0.00035927,0.01597089
1773325407.93776941,0.01497169,6165,0.00019569,0.00870524,0,0.00000000,28847,28863,45,0.00203151,0.00245384,0.00226981,0.00000095,0.00057600,0.01138243
1773325408.03780293,0.01667430,6179,0.00050726,0.00875355,0,0.00000000,28863,28867,38,0.00098710,0.00242263,0.00259362,0.00000133,0.00064091,0.01137866
1773325408.13782549,0.01645867,6165,0.00017051,0.01096186,0,0.00000000,28867,28882,41,0.00079732,0.00142580,0.00243365,0.00000304,0.00075243,0.01251359
1773325408.23783636,0.01489439,6167,0.00015794,0.00934993,0,0.00000000,28882,28907,41,0.00155414,0.00176305,0.00211313,0.00001834,0.00079066,0.01124006
1773325408.33772206,0.01416294,6197,0.00020239,0.00863227,0,0.00000000,28907,28936,57,0.00131745,0.00179389,0.00257332,0.00000046,0.00034430,0.01055338
1773325408.43773198,0.01275378,6174,0.00018838,0.00856957,0,0.00000000,28936,28958,47,0.00215696,0.00179312,0.00116461,0.00000044,0.00036866,0.01049654
1773325408.53779244,0.02037492,6143,0.00061244,0.01330410,0,0.00000000,28958,28969,46,0.00214193,0.00199077,0.00226627,0.00000083,0.00039309,0.01557124
1773325408.63782191,0.02097381,6209,0.00055128,0.01366830,0,0.00000000,28969,28954,45,0.00163618,0.00332424,0.00132217,0.00000051,0.00039352,0.01741349
1773325408.73783278,0.02208122,6188,0.00015757,0.01476361,0,0.00000000,28954,28978,49,0.00162090,0.00281058,0.00230190,0.00000323,0.00091500,0.01807749
1773325408.83788371,0.01972335,6188,0.00022835,0.01240618,0,0.00000000,28978,28989,52,0.00173710,0.00254702,0.00297811,0.00000408,0.00072977,0.01520880
1773325408.93789625,0.01570523,6088,0.00015338,0.01020503,0,0.00000000,28989,29002,44,0.00191665,0.00198363,0.00233167,0.00000060,0.00033615,0.01235856
1773325409.03770900,0.01618303,6107,0.00047466,0.00928888,0,0.00000000,29002,29006,41,0.00081695,0.00199109,0.00239478,0.00000100,0.00045010,0.01148582
1773325409.13778973,0.01683988,6138,0.00019743,0.01035753,0,0.00000000,29006,29027,51,0.00076917,0.00199638,0.00281602,0.00000349,0.00075278,0.01249933
1773325409.23781919,0.01347916,6131,0.00015381,0.00868662,0,0.00000000,29027,29046,45,0.00144718,0.00163039,0.00178782,0.00000077,0.00052903,0.01043290
1773325409.33779812,0.01868932,6130,0.00060200,0.01202091,0,0.00000000,29046,29059,51,0.00147395,0.00217716,0.00202933,0.00000331,0.00080402,0.01437304
1773325409.43792009,0.02033881,6113,0.00057183,0.01218545,0,0.00000000,29059,29083,53,0.00102181,0.00301658,0.00242883,0.00000095,0.00045684,0.01546897
1773325409.53771830,0.02424176,6141,0.00048891,0.01573592,0,0.00000000,29083,29028,47,0.00203751,0.00394768,0.00170920,0.00000089,0.00044725,0.02017568
1773325409.63773441,0.01787293,6166,0.00070640,0.01170310,0,0.00000000,29028,29064,64,0.00162698,0.00228786,0.00129710,0.00000053,0.00042763,0.01418532
1773325409.73779130,0.05865170,6175,0.00028575,0.04147888,0,0.00000000,29064,29070,60,0.00089737,0.00591524,0.00282530,0.00000130,0.00322704,0.04784283
1773325409.83781195,0.03405450,6170,0.00027430,0.02765544,0,0.00000000,29070,29081,50,0.00167177,0.00333786,0.00146361,0.00000083,0.00034767,0.03135566
1773325409.93782067,0.02058858,6182,0.00058350,0.01226743,0,0.00000000,29081,29100,51,0.00079983,0.00359051,0.00212545,0.00000044,0.00036589,0.01630110
1773325410.03781915,0.01457789,6140,0.00035446,0.01000228,0,0.00000000,29100,29120,49,0.00150001,0.00158485,0.00121365,0.00000049,0.00035035,0.01172431
1773325410.13769865,0.02171295,6184,0.00025608,0.01509940,0,0.00000000,29120,29112,53,0.00219309,0.00281510,0.00188282,0.00000245,0.00075975,0.01818681
1773325410.23770571,0.01839811,6171,0.00029705,0.01275685,0,0.00000000,29112,29089,56,0.00096078,0.00195324,0.00188589,0.00000340,0.00074691,0.01487094
1773325410.33781791,0.01269067,6193,0.00024542,0.00851285,0,0.00000000,29089,29102,44,0.00303489,0.00167956,0.00126865,0.00000088,0.00035840,0.01034324
1773325410.43778229,0.01625991,6159,0.00031384,0.01103410,0,0.00000000,29102,29081,46,0.00112281,0.00201492,0.00179046,0.00000071,0.00036493,0.01325789
1773325410.53783345,0.02209755,6145,0.00040017,0.01614970,0,0.00000000,29081,29100,60,0.00165908,0.00250117,0.00164385,0.00000066,0.00040320,0.01906778
1773325410.63788366,0.01567925,6189,0.00089767,0.00842438,0,0.00000000,29100,29130,61,0.00171797,0.00231104,0.00222253,0.00000061,0.00041396,0.01096565
1773325410.73768091,0.01902528,6202,0.00121613,0.01114486,0,0.00000000,29130,29038,53,0.00167424,0.00297348,0.00162428,0.00000066,0.00034233,0.01454032
1773325410.83782434,0.02284701,6205,0.00062825,0.01532641,0,0.00000000,29038,29031,57,0.00168879,0.00335103,0.00136500,0.00000053,0.00039002,0.01906055
1773325410.93798423,0.01921264,6114,0.00017807,0.01377596,0,0.00000000,29031,29043,50,0.00104252,0.00187341,0.00211809,0.00000167,0.00057815,0.01582340
1773325411.03764486,0.01673249,6157,0.00034942,0.01051704,0,0.00000000,29043,29061,36,0.00147437,0.00275319,0.00124101,0.00000069,0.00037332,0.01356362
1773325411.13766432,0.02083966,6152,0.00023167,0.01344237,0,0.00000000,29061,29084,57,0.00076032,0.00261630,0.00258644,0.00000439,0.00104049,0.01637671
1773325411.23765993,0.01224915,6187,0.00019226,0.00761887,0,0.00000000,29084,29080,38,0.00085333,0.00146744,0.00201450,0.00000079,0.00036928,0.00921069
1773325411.33771729,0.01304770,6178,0.00043091,0.00792246,0,0.00000000,29080,29076,37,0.00105833,0.00179593,0.00119074,0.00000049,0.00038691,0.00988437
1773325411.43780923,0.01620553,6222,0.00060279,0.00974239,0,0.00000000,29076,29042,36,0.00159735,0.00246983,0.00137906,0.00000064,0.00039583,0.01249202
1773325411.53780437,0.01113203,6202,0.00020879,0.00708787,0,0.00000000,29042,29051,40,0.00197426,0.00112127,0.00169824,0.00000084,0.00037168,0.00830260
1773325411.63767767,0.01432109,6260,0.00035238,0.00891678,0,0.00000000,29051,29016,44,0.00169105,0.00183930,0.00190210,0.00000060,0.00033407,0.01094837
1773325411.73767376,0.02033765,6257,0.00043171,0.01309056,0,0.00000000,29016,29038,50,0.00156618,0.00299837,0.00165189,0.00000096,0.00052298,0.01648539
1773325411.83767819,0.01414008,6291,0.00016470,0.00845427,0,0.00000000,29038,29072,49,0.00150494,0.00161951,0.00242507,0.00000407,0.00077518,0.01020097
1773325411.93778563,0.01451290,6263,0.00056153,0.00769075,0,0.00000000,29072,29091,46,0.00077740,0.00266462,0.00167192,0.00000078,0.00040448,0.01062611
1773325412.03780508,0.01408719,6243,0.00031351,0.00828130,0,0.00000000,29091,29079,53,0.00099365,0.00247083,0.00179651,0.00000073,0.00046004,0.01094410
1773325412.13783026,0.01720865,6211,0.00050288,0.01104504,0,0.00000000,29079,29082,40,0.00109007,0.00248589,0.00122100,0.00000053,0.00035609,0.01381881
1773325412.23764634,0.01454985,6318,0.00015578,0.00809569,0,0.00000000,29082,29094,37,0.00162176,0.00163011,0.00326288,0.00001986,0.00071904,0.00983920
1773325412.33778930,0.01210911,6232,0.00013954,0.00770277,0,0.00000000,29094,29108,41,0.00110637,0.00163549,0.00182607,0.00000076,0.00029872,0.00944693
1773325412.43770218,0.01529049,6253,0.00051047,0.00870177,0,0.00000000,29108,29116,43,0.00103406,0.00192494,0.00240905,0.00000047,0.00038787,0.01077306
1773325412.53776908,0.01523829,6279,0.00041434,0.00887511,0,0.00000000,29116,29128,39,0.00165015,0.00177172,0.00250685,0.00000065,0.00033594,0.01088611
1773325412.63787031,0.01291128,6228,0.00017384,0.00725589,0,0.00000000,29128,29121,37,0.00254918,0.00184340,0.00268432,0.00000066,0.00036323,0.00922076
1773325412.73771238,0.01270249,6257,0.00055998,0.00752403,0,0.00000000,29121,29126,47,0.00151339,0.00196907,0.00128559,0.00000045,0.00045398,0.00962126
1773325412.83763337,0.01672430,6264,0.00053133,0.01076419,0,0.00000000,29126,29137,45,0.00183864,0.00247850,0.00117778,0.00000058,0.00037470,0.01351846
1773325412.93764687,0.01237937,6263,0.00017345,0.00836146,0,0.00000000,29137,29148,41,0.00241765,0.00154695,0.00139809,0.00000061,0.00033484,0.01002674
1773325413.03774905,0.02081731,6247,0.00054993,0.01392859,0,0.00000000,29148,29163,44,0.00137977,0.00246122,0.00198799,0.00000092,0.00040953,0.01671438
1773325413.13780594,0.01175278,6264,0.00017892,0.00710631,0,0.00000000,29163,29172,42,0.00078619,0.00125641,0.00227591,0.00000072,0.00037008,0.00846868
1773325413.23779082,0.01142969,6262,0.00026139,0.00696587,0,0.00000000,29172,29161,51,0.00077236,0.00168737,0.00130699,0.00000365,0.00061818,0.00876340
1773325413.33775067,0.01738834,6275,0.00057853,0.01080830,0,0.00000000,29161,29184,57,0.00140694,0.00247059,0.00173133,0.00000065,0.00038476,0.01357592
1773325413.43773603,0.01465954,6245,0.00055657,0.00955564,0,0.00000000,29184,29202,43,0.00244385,0.00181322,0.00114591,0.00000046,0.00031117,0.01156867
1773325413.53758216,0.01536164,6305,0.00056752,0.00911299,0,0.00000000,29202,29196,41,0.00172511,0.00227833,0.00150921,0.00000087,0.00046926,0.01160987
1773325413.63774204,0.01995680,6287,0.00023415,0.01226026,0,0.00000000,29196,29205,49,0.00229525,0.00272447,0.00207283,0.00000484,0.00099166,0.01531521
1773325413.73776937,0.01549319,6224,0.00014417,0.00960193,0,0.00000000,29205,29218,26,0.00196354,0.00184478,0.00214394,0.00000320,0.00076215,0.01165434
1773325413.83759046,0.01700830,6261,0.00030980,0.01107446,0,0.00000000,29218,29223,21,0.00156141,0.00201392,0.00176882,0.00000159,0.00046192,0.01335127
1773325413.93758798,0.01290651,6268,0.00014547,0.00699604,0,0.00000000,29223,29235,40,0.00102056,0.00133459,0.00338355,0.00000282,0.00051707,0.00842182
1773325414.03759170,0.01613789,6289,0.00036154,0.00967517,0,0.00000000,29235,29255,31,0.00113804,0.00226584,0.00205147,0.00000059,0.00043425,0.01221604
1773325414.13763428,0.01172738,6219,0.00011133,0.00702092,0,0.00000000,29255,29256,32,0.00084306,0.00133136,0.00220205,0.00000210,0.00056332,0.00845905
1773325414.23767400,0.01267792,6182,0.00046077,0.00714595,0,0.00000000,29256,29241,43,0.00105866,0.00216946,0.00118370,0.00000059,0.00036552,0.00954682
1773325414.33762097,0.01674696,6217,0.00045791,0.01020644,0,0.00000000,29241,29249,37,0.00169399,0.00275452,0.00153363,0.00000072,0.00033838,0.01329745
1773325414.43766904,0.01663286,6216,0.00047195,0.00966090,0,0.00000000,29249,29254,41,0.00165358,0.00253756,0.00184808,0.00000089,0.00048885,0.01242824
1773325414.53785944,0.03261264,6271,0.00034951,0.02671170,0,0.00000000,29254,29274,38,0.00109058,0.00189203,0.00169591,0.00000065,0.00079283,0.02877243
1773325414.63777375,0.01775827,6267,0.00014505,0.01060885,0,0.00000000,29274,29283,36,0.00155193,0.00203089,0.00333651,0.00000428,0.00082518,0.01287411
1773325414.73773813,0.01282060,6216,0.00010273,0.00772595,0,0.00000000,29283,29300,30,0.00100103,0.00096867,0.00246575,0.00000375,0.00092282,0.00878693
1773325414.83757615,0.01582116,6279,0.00019944,0.01028462,0,0.00000000,29300,29294,49,0.00263532,0.00180485,0.00204646,0.00000388,0.00077932,0.01226486
1773325414.93759537,0.02936869,6271,0.00018607,0.02327956,0,0.00000000,29294,29281,41,0.00079300,0.00140512,0.00293745,0.00000347,0.00090279,0.02479165
1773325415.03758669,0.01290570,6321,0.00072028,0.00709149,0,0.00000000,29281,29292,47,0.00156314,0.00185624,0.00160524,0.00000066,0.00037268,0.00914135
1773325415.13770270,0.01349286,6275,0.00023075,0.00723266,0,0.00000000,29292,29285,57,0.00204080,0.00136723,0.00322142,0.00000270,0.00085193,0.00869404
1773325415.23783231,0.01860722,6264,0.00057350,0.01186460,0,0.00000000,29285,29294,44,0.00154608,0.00208385,0.00231562,0.00000055,0.00040003,0.01421061
1773325415.33774900,0.01300387,6221,0.00053345,0.00705160,0,0.00000000,29294,29321,46,0.00217629,0.00168447,0.00221254,0.00000065,0.00033412,0.00889090
1773325415.43762016,0.01801934,6271,0.00043424,0.01222601,0,0.00000000,29321,29254,57,0.00176755,0.00182374,0.00205910,0.00000202,0.00082835,0.01426467
1773325415.53760982,0.01479531,6247,0.00017518,0.00968412,0,0.00000000,29254,29239,47,0.00153841,0.00164740,0.00188935,0.00000360,0.00076292,0.01152644
1773325415.63760638,0.03502998,6255,0.00069249,0.02899715,0,0.00000000,29239,29239,46,0.00153460,0.00131529,0.00204160,0.00000261,0.00075394,0.03043459
1773325415.73759079,0.01189312,6236,0.00016478,0.00698483,0,0.00000000,29239,29256,46,0.00138993,0.00120386,0.00237886,0.00000506,0.00061348,0.00828445
1773325415.83768630,0.01066425,6240,0.00012150,0.00636397,0,0.00000000,29256,29265,32,0.00084273,0.00120545,0.00211759,0.00000051,0.00042158,0.00765123
1773325415.93776083,0.02744506,6194,0.00020192,0.02403862,0,0.00000000,29265,29284,59,0.00094072,0.00120466,0.00114485,0.00000052,0.00035733,0.02534864
1773325416.03768325,0.01805064,6254,0.00019205,0.01207253,0,0.00000000,29284,29281,46,0.00153528,0.00180847,0.00224464,0.00004669,0.00100080,0.01407563
1773325416.13774657,0.02377207,6198,0.00025335,0.01833972,0,0.00000000,29281,29286,54,0.00169029,0.00123557,0.00234175,0.00000410,0.00094798,0.01968812
1773325416.23768377,0.01241379,6236,0.00014458,0.00778065,0,0.00000000,29286,29286,40,0.00222814,0.00125151,0.00193579,0.00000219,0.00071877,0.00911606
1773325416.33771157,0.01066140,6189,0.00015420,0.00633287,0,0.00000000,29286,29289,46,0.00179259,0.00129900,0.00189290,0.00000241,0.00046826,0.00773397
1773325416.43762350,0.00955688,6216,0.00011810,0.00599871,0,0.00000000,29289,29292,33,0.00109483,0.00117396,0.00149481,0.00000047,0.00029362,0.00725239
1773325416.53761482,0.01026734,6157,0.00059794,0.00612869,0,0.00000000,29292,29298,51,0.00125560,0.00118005,0.00121140,0.00000057,0.00038423,0.00738909
1773325416.63760972,0.01583261,6213,0.00045608,0.01047241,0,0.00000000,29298,29316,37,0.00158283,0.00198900,0.00127208,0.00000055,0.00037710,0.01272358
1773325416.73763633,0.01484370,6195,0.00041978,0.00959748,0,0.00000000,29316,29334,40,0.00247033,0.00199073,0.00114945,0.00000048,0.00039385,0.01183510
1773325416.83762455,0.01464145,6194,0.00076725,0.00907974,0,0.00000000,29334,29282,37,0.00149804,0.00202043,0.00117767,0.00000052,0.00033745,0.01130739
1773325416.93768811,0.01091644,6138,0.00020154,0.00707223,0,0.00000000,29282,29275,50,0.00158901,0.00139353,0.00137788,0.00000086,0.00034911,0.00856884
1773325417.03762889,0.01898977,6196,0.00144425,0.01074262,0,0.00000000,29275,29197,40,0.00084269,0.00235783,0.00282120,0.00000075,0.00034551,0.01339500
1773325417.13756847,0.01165255,6223,0.00023404,0.00612179,0,0.00000000,29197,29158,38,0.00132769,0.00166780,0.00245947,0.00000724,0.00062701,0.00790707
1773325417.23760819,0.01183796,6223,0.00063464,0.00675965,0,0.00000000,29158,29138,44,0.00079445,0.00160975,0.00116728,0.00000044,0.00036281,0.00853716
1773325417.33761621,0.00961468,6258,0.00012706,0.00592151,0,0.00000000,29138,29150,34,0.00158922,0.00146856,0.00123850,0.00000078,0.00039890,0.00748625
1773325417.43765163,0.01072857,6242,0.00046954,0.00599818,0,0.00000000,29150,29160,39,0.00236523,0.00162140,0.00125216,0.00000046,0.00029089,0.00779547
1773325417.53761196,0.01357153,6256,0.00017302,0.00861647,0,0.00000000,29160,29151,40,0.00172881,0.00154218,0.00192615,0.00000353,0.00074127,0.01030189
1773325417.63769245,0.01269920,6251,0.00015710,0.00798827,0,0.00000000,29151,29138,29,0.00082088,0.00115457,0.00195659,0.00000309,0.00092045,0.00922612
1773325417.73767281,0.01074655,6228,0.00012621,0.00612744,0,0.00000000,29138,29142,35,0.00081769,0.00119505,0.00235733,0.00000265,0.00047087,0.00740189
1773325417.83761120,0.00947410,6208,0.00021056,0.00608995,0,0.00000000,29142,29129,36,0.00081553,0.00121052,0.00114380,0.00000043,0.00038029,0.00738323
1773325417.93771410,0.01018100,6221,0.00013794,0.00651781,0,0.00000000,29129,29147,36,0.00086785,0.00128426,0.00144669,0.00000135,0.00032910,0.00789235
1773325418.03762150,0.01826351,6232,0.00041470,0.01253327,0,0.00000000,29147,29165,34,0.00164737,0.00213408,0.00147794,0.00000056,0.00035208,0.01495961
1773325418.13762903,0.01921741,6192,0.00029379,0.01209086,0,0.00000000,29165,29157,46,0.00175811,0.00203730,0.00313844,0.00000305,0.00081162,0.01440062
1773325418.23761630,0.01086493,6215,0.00012771,0.00586815,0,0.00000000,29157,29165,38,0.00155145,0.00098150,0.00299247,0.00000080,0.00041856,0.00691677
1773325418.33754921,0.00937851,6229,0.00016372,0.00590806,0,0.00000000,29165,29165,41,0.00155727,0.00123206,0.00120892,0.00000040,0.00040821,0.00722555
1773325418.43757176,0.01181303,6242,0.00038201,0.00669832,0,0.00000000,29165,29174,31,0.00163009,0.00131014,0.00188271,0.00000060,0.00038033,0.00814735
1773325418.53769755,0.01654815,6219,0.00061099,0.01086153,0,0.00000000,29174,29167,43,0.00167661,0.00172004,0.00176467,0.00000061,0.00034124,0.01283556
1773325418.63764334,0.00994346,6196,0.00010996,0.00580410,0,0.00000000,29167,29158,26,0.00254789,0.00117325,0.00204080,0.00001894,0.00032699,0.00705475
1773325418.73752618,0.01631633,6223,0.00034864,0.01128376,0,0.00000000,29158,29163,26,0.00184926,0.00177037,0.00135346,0.00000065,0.00031536,0.01331787
1773325418.83747745,0.01815296,6237,0.00046354,0.01190929,0,0.00000000,29163,29158,38,0.00164223,0.00170148,0.00213400,0.00000262,0.00070540,0.01389387
1773325418.93770361,0.01184848,6186,0.00014654,0.00698605,0,0.00000000,29158,29156,39,0.00083160,0.00137974,0.00245694,0.00000055,0.00039197,0.00848497
1773325419.03748465,0.01022370,6189,0.00012370,0.00588432,0,0.00000000,29156,29167,38,0.00149649,0.00110791,0.00197991,0.00000331,0.00068969,0.00706601
1773325419.13748312,0.01256079,6219,0.00010247,0.00750935,0,0.00000000,29167,29184,36,0.00078777,0.00124022,0.00216796,0.00000362,0.00089775,0.00884104
1773325419.23801923,0.00923997,6143,0.00013118,0.00548205,0,0.00000000,29184,29186,31,0.00083256,0.00104232,0.00182847,0.00000064,0.00030327,0.00659487
1773325419.33752346,0.00957249,6185,0.00012184,0.00547858,0,0.00000000,29186,29199,36,0.00149613,0.00111785,0.00214191,0.00000070,0.00031639,0.00666938
1773325419.43748593,0.00958496,6206,0.00011142,0.00607750,0,0.00000000,29199,29205,32,0.00243429,0.00119406,0.00144531,0.00000055,0.00034248,0.00735178
1773325419.53747606,0.02084559,6223,0.00010198,0.01421724,0,0.00000000,29205,29196,23,0.00258471,0.00154965,0.00331717,0.00000395,0.00099272,0.01593487
1773325419.63761854,0.01305332,6168,0.00044345,0.00796258,0,0.00000000,29196,29177,35,0.00163584,0.00146901,0.00173058,0.00000076,0.00036438,0.00959830
1773325419.73767686,0.01821234,6168,0.00030465,0.01127726,0,0.00000000,29177,29172,27,0.00238795,0.00209814,0.00221716,0.00000496,0.00095941,0.01364941
1773325419.83771062,0.01166863,6125,0.00012303,0.00701834,0,0.00000000,29172,29183,38,0.00113956,0.00115602,0.00215022,0.00000292,0.00070695,0.00825492
1773325419.93749380,0.01064451,6228,0.00040391,0.00587670,0,0.00000000,29183,29198,29,0.00168120,0.00144291,0.00149199,0.00000077,0.00034707,0.00745467
1773325420.03761244,0.00903676,6092,0.00012433,0.00572214,0,0.00000000,29198,29224,35,0.00080659,0.00121690,0.00120995,0.00000058,0.00031569,0.00702752
1773325420.13745999,0.01122128,6087,0.00016999,0.00635977,0,0.00000000,29224,29243,33,0.00113330,0.00160076,0.00200469,0.00000224,0.00060213,0.00806025
1773325420.23747730,0.01356960,6066,0.00013830,0.00889947,0,0.00000000,29243,29243,34,0.00181589,0.00136249,0.00189833,0.00000329,0.00068352,0.01036055
1773325420.33764696,0.01061322,6029,0.00019899,0.00574561,0,0.00000000,29243,29226,54,0.00088743,0.00147399,0.00222966,0.00000118,0.00045692,0.00730454
1773325420.43750763,0.01014192,5988,0.00012809,0.00570147,0,0.00000000,29226,29223,32,0.00081758,0.00155408,0.00190207,0.00000061,0.00036149,0.00735444
1773325420.53752017,0.01113521,6020,0.00037073,0.00554321,0,0.00000000,29223,29245,39,0.00260545,0.00143995,0.00233772,0.00000079,0.00033661,0.00713448
1773325420.63753772,0.01783080,5978,0.00032041,0.01126349,0,0.00000000,29245,29259,26,0.00175041,0.00238346,0.00213148,0.00000051,0.00040755,0.01391973
1773325420.73755932,0.00905275,5946,0.00010344,0.00571090,0,0.00000000,29259,29276,30,0.00160676,0.00127976,0.00121399,0.00000058,0.00031039,0.00707702
1773325420.83758616,0.01450250,6035,0.00041820,0.00872154,0,0.00000000,29276,29297,34,0.00158668,0.00206295,0.00167805,0.00000054,0.00032610,0.01103489
1773325420.93760967,0.01065199,5968,0.00008353,0.00709114,0,0.00000000,29297,29312,25,0.00269036,0.00122252,0.00140499,0.00000051,0.00037067,0.00841547
1773325421.03759098,0.01369653,6020,0.00048756,0.00863034,0,0.00000000,29312,29301,33,0.00251658,0.00169548,0.00133331,0.00000082,0.00039265,0.01052468
1773325421.13757610,0.01087822,5979,0.00016777,0.00617820,0,0.00000000,29301,29321,43,0.00082745,0.00129259,0.00195412,0.00000193,0.00070005,0.00755945
1773325421.23768115,0.02054432,6035,0.00047334,0.01463257,0,0.00000000,29321,29341,39,0.00139003,0.00206377,0.00171192,0.00000084,0.00035503,0.01697636
1773325421.33760452,0.00894485,6056,0.00010975,0.00567612,0,0.00000000,29341,29360,38,0.00168071,0.00121841,0.00119221,0.00000065,0.00030909,0.00698169
1773325421.43755198,0.02348277,6037,0.00029462,0.01728183,0,0.00000000,29360,29371,32,0.00186578,0.00165302,0.00228274,0.00000073,0.00035560,0.01918974
1773325421.53743839,0.01817196,6073,0.00039926,0.01189915,0,0.00000000,29371,29373,34,0.00166137,0.00213673,0.00174361,0.00000457,0.00074546,0.01433131
1773325421.63747644,0.01164827,6096,0.00012054,0.00712098,0,0.00000000,29373,29384,35,0.00088441,0.00130877,0.00181602,0.00000286,0.00073449,0.00851779
1773325421.73747039,0.01502989,6110,0.00020437,0.00992236,0,0.00000000,29384,29370,41,0.00084392,0.00173447,0.00177769,0.00000304,0.00072857,0.01186127
1773325421.83753943,0.01346124,6150,0.00013781,0.00828011,0,0.00000000,29370,29387,37,0.00153038,0.00139567,0.00207082,0.00000330,0.00093402,0.00985147
1773325421.93766427,0.01091051,6196,0.00012780,0.00703632,0,0.00000000,29387,29400,37,0.00096650,0.00124168,0.00169110,0.00000132,0.00035061,0.00836048
1773325422.03754067,0.01167620,6209,0.00065803,0.00611834,0,0.00000000,29400,29414,59,0.00171959,0.00146344,0.00182839,0.00000234,0.00049488,0.00771155
1773325422.13758063,0.01383116,6232,0.00014162,0.00867556,0,0.00000000,29414,29424,45,0.00159829,0.00135254,0.00219767,0.00003240,0.00087303,0.01012519
1773325422.23749495,0.01740114,6244,0.00063053,0.01124238,0,0.00000000,29424,29433,47,0.00157188,0.00199932,0.00176853,0.00000053,0.00046799,0.01349729
1773325422.33744478,0.00924269,6238,0.00013293,0.00585698,0,0.00000000,29433,29424,33,0.00146612,0.00117817,0.00124593,0.00000043,0.00037674,0.00711448
1773325422.43747115,0.05072283,6259,0.00067219,0.04470962,0,0.00000000,29424,29426,54,0.00263046,0.00174352,0.00183198,0.00000097,0.00049117,0.04665730
1773325422.53752327,0.01888651,6293,0.00016293,0.01465547,0,0.00000000,29426,29437,32,0.00169048,0.00100730,0.00189152,0.00000073,0.00036443,0.01573529
1773325422.63754940,0.01636129,6269,0.00046331,0.01054858,0,0.00000000,29437,29443,37,0.00100883,0.00160989,0.00183195,0.00000323,0.00069039,0.01232471
1773325422.73762918,0.01582119,6290,0.00032200,0.01060952,0,0.00000000,29443,29357,42,0.00085293,0.00173533,0.00177904,0.00000377,0.00068316,0.01253676
1773325422.83764243,0.00937561,6280,0.00009660,0.00575982,0,0.00000000,29357,29371,29,0.00180071,0.00094257,0.00176827,0.00000051,0.00035280,0.00678131
1773325422.93754840,0.01604851,6297,0.00014933,0.00996045,0,0.00000000,29371,29381,35,0.00125941,0.00128407,0.00312130,0.00000277,0.00083741,0.01138739
1773325423.03751135,0.01647027,6272,0.00017741,0.01127500,0,0.00000000,29381,29372,32,0.00084486,0.00189577,0.00169124,0.00000216,0.00075270,0.01339379
1773325423.13756752,0.01649143,6241,0.00021443,0.01170851,0,0.00000000,29372,29392,46,0.00098822,0.00167036,0.00149468,0.00000592,0.00068416,0.01356681
1773325423.23760581,0.01536475,6304,0.00061432,0.00984550,0,0.00000000,29392,29416,38,0.00192132,0.00186543,0.00147547,0.00000060,0.00033022,0.01193941
1773325423.33756661,0.01357455,6293,0.00052011,0.00862549,0,0.00000000,29416,29413,39,0.00238842,0.00174689,0.00133369,0.00000055,0.00036557,0.01054025
1773325423.43761468,0.00897458,6329,0.00009871,0.00559226,0,0.00000000,29413,29420,27,0.00136866,0.00117611,0.00133302,0.00000054,0.00036010,0.00685977
1773325423.53762579,0.01270983,6334,0.00052993,0.00748880,0,0.00000000,29420,29404,37,0.00084175,0.00163221,0.00148696,0.00000063,0.00039105,0.00931795
1773325423.63756156,0.01882517,6341,0.00030680,0.01118924,0,0.00000000,29404,29411,34,0.00117531,0.00190906,0.00334377,0.00000360,0.00065545,0.01339148
1773325423.73755598,0.01365076,6355,0.00011905,0.00815292,0,0.00000000,29411,29407,32,0.00111777,0.00208614,0.00197024,0.00000356,0.00072938,0.01039128
1773325423.83755326,0.01440910,6363,0.00009030,0.00906902,0,0.00000000,29407,29424,28,0.00083003,0.00163477,0.00211823,0.00000294,0.00082000,0.01086836
1773325423.93759513,0.01176543,6351,0.00012660,0.00757550,0,0.00000000,29424,29439,34,0.00091017,0.00120111,0.00167721,0.00000159,0.00057526,0.00887669
1773325424.03747988,0.01401173,6339,0.00045023,0.00888148,0,0.00000000,29439,29457,39,0.00206775,0.00185781,0.00137937,0.00000045,0.00037022,0.01094386
1773325424.13749599,0.01316213,6370,0.00011001,0.00810373,0,0.00000000,29457,29463,24,0.00156997,0.00103579,0.00218677,0.00000371,0.00093609,0.00922803
1773325424.23767543,0.02404553,6352,0.00016102,0.01999723,0,0.00000000,29463,29437,25,0.00158209,0.00112463,0.00163350,0.00000200,0.00042605,0.02119888
1773325424.33740425,0.01038899,6388,0.00013348,0.00692997,0,0.00000000,29437,29455,32,0.00151448,0.00116176,0.00120523,0.00000059,0.00033336,0.00818064
1773325424.43744588,0.01240287,6363,0.00037119,0.00619151,0,0.00000000,29455,29461,29,0.00174024,0.00188995,0.00141947,0.00000074,0.00040200,0.00826304
1773325424.53748631,0.01879510,6401,0.00034597,0.01262950,0,0.00000000,29461,29481,33,0.00191185,0.00195741,0.00142741,0.00000175,0.00072364,0.01486021
1773325424.63746786,0.02945724,6412,0.00036539,0.02316763,0,0.00000000,29481,29486,24,0.00091903,0.00151763,0.00235143,0.00000387,0.00079857,0.02486564
1773325424.73768067,0.01068395,6354,0.00012761,0.00563746,0,0.00000000,29486,29493,25,0.00085178,0.00107019,0.00250244,0.00000247,0.00074725,0.00679502
1773325424.83744144,0.01051397,6450,0.00006873,0.00586337,0,0.00000000,29493,29500,21,0.00090083,0.00112352,0.00261171,0.00000098,0.00039844,0.00706146
1773325424.93759799,0.00964897,6385,0.00007492,0.00540460,0,0.00000000,29500,29506,20,0.00077953,0.00101459,0.00191608,0.00000277,0.00073345,0.00649272
1773325425.03738856,0.03558639,6453,0.00033080,0.02948306,0,0.00000000,29506,29507,24,0.00168163,0.00161230,0.00243626,0.00000286,0.00054313,0.03129489
1773325425.13757157,0.01047416,6422,0.00018416,0.00648126,0,0.00000000,29507,29516,21,0.00161118,0.00135161,0.00138284,0.00000063,0.00038241,0.00796925
1773325425.23757744,0.00933638,6428,0.00014808,0.00549512,0,0.00000000,29516,29530,29,0.00263238,0.00106955,0.00181202,0.00000066,0.00034620,0.00664033
1773325425.33759642,0.00812383,6411,0.00008415,0.00494262,0,0.00000000,29530,29538,24,0.00149537,0.00112740,0.00124505,0.00000055,0.00030374,0.00615210
1773325425.43756008,0.00912693,6409,0.00016093,0.00508017,0,0.00000000,29538,29536,28,0.00150344,0.00124015,0.00176568,0.00000057,0.00037950,0.00641294
1773325425.53753448,0.00854260,6417,0.00007513,0.00516465,0,0.00000000,29536,29544,21,0.00090720,0.00113720,0.00147069,0.00000069,0.00031273,0.00637980
1773325425.63750958,0.01741155,6384,0.00037945,0.01101891,0,0.00000000,29544,29546,31,0.00166019,0.00221747,0.00194323,0.00000314,0.00069549,0.01353478
1773325425.73746514,0.01004774,6397,0.00020754,0.00630453,0,0.00000000,29546,29564,38,0.00091321,0.00125207,0.00129390,0.00000085,0.00035542,0.00767617
1773325425.83747768,0.00981371,6368,0.00011263,0.00557811,0,0.00000000,29564,29572,31,0.00084658,0.00115158,0.00205200,0.00000216,0.00051073,0.00680651
1773325425.93742442,0.00998884,6393,0.00010603,0.00580729,0,0.00000000,29572,29585,30,0.00091982,0.00094356,0.00213323,0.00000278,0.00054613,0.00685390
1773325426.03743744,0.01642358,6361,0.00049139,0.01095159,0,0.00000000,29585,29587,32,0.00154527,0.00195834,0.00148035,0.00000050,0.00033055,0.01317021
1773325426.13741064,0.01491230,6377,0.00042123,0.00914762,0,0.00000000,29587,29600,35,0.00082526,0.00199443,0.00135270,0.00000291,0.00073533,0.01141545
1773325426.23755383,0.01226386,6363,0.00030674,0.00691944,0,0.00000000,29600,29531,43,0.00223294,0.00121098,0.00250537,0.00000293,0.00080175,0.00821290
1773325426.33754802,0.01040517,6378,0.00018343,0.00636320,0,0.00000000,29531,29541,31,0.00160270,0.00143420,0.00137464,0.00000050,0.00040636,0.00792476
1773325426.43752122,0.00933922,6363,0.00011192,0.00491726,0,0.00000000,29541,29558,33,0.00143608,0.00113986,0.00233234,0.00000062,0.00040948,0.00613416
1773325426.53752518,0.00845283,6349,0.00011450,0.00516169,0,0.00000000,29558,29569,28,0.00076300,0.00121212,0.00119147,0.00000064,0.00037893,0.00645335
1773325426.63752484,0.00993056,6354,0.00008182,0.00533914,0,0.00000000,29569,29582,25,0.00157013,0.00121602,0.00243011,0.00000055,0.00041586,0.00663490
1773325426.73754501,0.00874628,6352,0.00008093,0.00539422,0,0.00000000,29582,29594,29,0.00077512,0.00119194,0.00132615,0.00000045,0.00033444,0.00666811
1773325426.83756042,0.01062075,6340,0.00038772,0.00594221,0,0.00000000,29594,29578,35,0.00264305,0.00168364,0.00118493,0.00000064,0.00035090,0.00780230
1773325426.93747377,0.00942621,6361,0.00009996,0.00598657,0,0.00000000,29578,29578,22,0.00170111,0.00119369,0.00128705,0.00000044,0.00036340,0.00726089
1773325427.03747129,0.01122027,6362,0.00063311,0.00594490,0,0.00000000,29578,29528,39,0.00164345,0.00172552,0.00136354,0.00000058,0.00047996,0.00785807
1773325427.13751197,0.01191167,6331,0.00008837,0.00701063,0,0.00000000,29528,29535,37,0.00078882,0.00141645,0.00203742,0.00000413,0.00079791,0.00852676
1773325427.23755717,0.01639549,6353,0.00045249,0.00982053,0,0.00000000,29535,29534,37,0.00079878,0.00203407,0.00207990,0.00000345,0.00076376,0.01212359
1773325427.33776093,0.01894458,6341,0.00042844,0.01093651,0,0.00000000,29534,29540,44,0.00157876,0.00211524,0.00321136,0.00000260,0.00079690,0.01334844
1773325427.43768597,0.01186015,6276,0.00009315,0.00719425,0,0.00000000,29540,29542,30,0.00155414,0.00124659,0.00194075,0.00000277,0.00082045,0.00855718
1773325427.53747487,0.01156979,6373,0.00014063,0.00710385,0,0.00000000,29542,29553,35,0.00159874,0.00124026,0.00179502,0.00000191,0.00073086,0.00844246
1773325427.63765430,0.01092434,6326,0.00013266,0.00691980,0,0.00000000,29553,29557,41,0.00087728,0.00123761,0.00172620,0.00000126,0.00043040,0.00826088
1773325427.73747754,0.00986460,6376,0.00010900,0.00555525,0,0.00000000,29557,29569,26,0.00144949,0.00155914,0.00171447,0.00000123,0.00040705,0.00721284
1773325427.83768725,0.00880763,6318,0.00017907,0.00562477,0,0.00000000,29569,29535,29,0.00161472,0.00099528,0.00126189,0.00000057,0.00030613,0.00670241
1773325427.93743086,0.01281902,6384,0.00031445,0.00784330,0,0.00000000,29535,29543,28,0.00152094,0.00176612,0.00140674,0.00000274,0.00044692,0.00981105
1773325428.03759480,0.02017886,6393,0.00028493,0.01259089,0,0.00000000,29543,29544,25,0.00152457,0.00250337,0.00285780,0.00000205,0.00065581,0.01543034
1773325428.13759065,0.01582187,6372,0.00025371,0.00964479,0,0.00000000,29544,29549,20,0.00226050,0.00219220,0.00202788,0.00000072,0.00037929,0.01212024
1773325428.23756886,0.00942735,6373,0.00006743,0.00538491,0,0.00000000,29549,29560,25,0.00124652,0.00124597,0.00192960,0.00000278,0.00038190,0.00671348
1773325428.33754969,0.00862994,6354,0.00006461,0.00512586,0,0.00000000,29560,29568,20,0.00078259,0.00116381,0.00134620,0.00000050,0.00047120,0.00636706
1773325428.43754482,0.01000873,6391,0.00029842,0.00488256,0,0.00000000,29568,29581,24,0.00190361,0.00119902,0.00228871,0.00000057,0.00036273,0.00618310
1773325428.53751874,0.01354799,6383,0.00033623,0.00770739,0,0.00000000,29581,29585,28,0.00255438,0.00179058,0.00224001,0.00000085,0.00036461,0.00974084
1773325428.63749838,0.01532265,6423,0.00038482,0.00921315,0,0.00000000,29585,29570,24,0.00149065,0.00180236,0.00197437,0.00000209,0.00075474,0.01125015
1773325428.73756170,0.01097496,6387,0.00044246,0.00613166,0,0.00000000,29570,29556,27,0.00152712,0.00139879,0.00156751,0.00000063,0.00037902,0.00767793
1773325428.83748126,0.01574150,6426,0.00040914,0.00989850,0,0.00000000,29556,29569,33,0.00265593,0.00140673,0.00215569,0.00000333,0.00072122,0.01148287
1773325428.93777752,0.00939832,6358,0.00006743,0.00526854,0,0.00000000,29569,29581,23,0.00166035,0.00107985,0.00220416,0.00000119,0.00038926,0.00641748
1773325429.03752780,0.00897504,6425,0.00011707,0.00534391,0,0.00000000,29581,29579,28,0.00079427,0.00108088,0.00158109,0.00000073,0.00036343,0.00650630
1773325429.13762069,0.00936265,6403,0.00034492,0.00489897,0,0.00000000,29579,29571,32,0.00079278,0.00129952,0.00150214,0.00000058,0.00035442,0.00633078
1773325429.23757887,0.00768403,6417,0.00009315,0.00471288,0,0.00000000,29571,29588,33,0.00111720,0.00098758,0.00122567,0.00000047,0.00030562,0.00576708
1773325429.33754444,0.01455107,6429,0.00066494,0.00790840,0,0.00000000,29588,29582,25,0.00149139,0.00216400,0.00235750,0.00000049,0.00034428,0.01031043
1773325429.43752027,0.01109227,6420,0.00035195,0.00643493,0,0.00000000,29582,29591,30,0.00085620,0.00127282,0.00160803,0.00000049,0.00039975,0.00784961
1773325429.53748870,0.01117192,6444,0.00009745,0.00591628,0,0.00000000,29591,29612,34,0.00283909,0.00084410,0.00254186,0.00000420,0.00117776,0.00683692
1773325429.63761687,0.00932659,6431,0.00012698,0.00488445,0,0.00000000,29612,29627,27,0.00075678,0.00091250,0.00253539,0.00000107,0.00044591,0.00585758
1773325429.73762226,0.00840745,6424,0.00012477,0.00479969,0,0.00000000,29627,29639,31,0.00150020,0.00095975,0.00179954,0.00000050,0.00034884,0.00582045
1773325429.83763719,0.00767209,6397,0.00009219,0.00468744,0,0.00000000,29639,29631,19,0.00076199,0.00093039,0.00124715,0.00000054,0.00035897,0.00567718
1773325429.93863106,0.01085171,6422,0.00009491,0.00526097,0,0.00000000,29631,29636,15,0.00172083,0.00135559,0.00252226,0.00000314,0.00108200,0.00671947
1773325430.03760648,0.03795133,6417,0.00023493,0.03296058,0,0.00000000,29636,29636,16,0.00186420,0.00151918,0.00163278,0.00000389,0.00055639,0.03467403
1773325430.13758206,0.00831938,6413,0.00008367,0.00519531,0,0.00000000,29636,29649,23,0.00155286,0.00102895,0.00127375,0.00000048,0.00035514,0.00629511
1773325430.23755360,0.00843820,6423,0.00008221,0.00456098,0,0.00000000,29649,29660,19,0.00176064,0.00095277,0.00200547,0.00000105,0.00042628,0.00557756
1773325430.33754396,0.01099106,6415,0.00007736,0.00649065,0,0.00000000,29660,29677,31,0.00220454,0.00100250,0.00199154,0.00000350,0.00075927,0.00758373
1773325430.43751931,0.01586203,6452,0.00022704,0.00984239,0,0.00000000,29677,29683,21,0.00162694,0.00176693,0.00211653,0.00000408,0.00075636,0.01182956
1773325430.53802872,0.01909057,6373,0.00006010,0.01470350,0,0.00000000,29683,29691,23,0.00179165,0.00110517,0.00201641,0.00000403,0.00069945,0.01588484
1773325430.63753724,0.01562984,6366,0.00041290,0.00958888,0,0.00000000,29691,29660,24,0.00228201,0.00142410,0.00224944,0.00000325,0.00072691,0.01126040
1773325430.73748922,0.01409323,6319,0.00006339,0.00886846,0,0.00000000,29660,29670,20,0.00177732,0.00162355,0.00228238,0.00001952,0.00073482,0.01058630
1773325430.83734417,0.01048136,6399,0.00019034,0.00618951,0,0.00000000,29670,29688,31,0.00080399,0.00110623,0.00202031,0.00000106,0.00036189,0.00741547
1773325430.93748736,0.01197794,6314,0.00010483,0.00756032,0,0.00000000,29688,29708,35,0.00079453,0.00114305,0.00195944,0.00000220,0.00072853,0.00878988
1773325431.03752470,0.00812796,6254,0.00009333,0.00485510,0,0.00000000,29708,29716,23,0.00085667,0.00110003,0.00133733,0.00000062,0.00032044,0.00603671
1773325431.13749242,0.01332194,6234,0.00010568,0.00811904,0,0.00000000,29716,29720,30,0.00211610,0.00159220,0.00216039,0.00000449,0.00074870,0.00988071
1773325431.23755527,0.00918684,6173,0.00010327,0.00547149,0,0.00000000,29720,29717,25,0.00091534,0.00119489,0.00172468,0.00000070,0.00031531,0.00674559
1773325431.33757567,0.01315871,6133,0.00030904,0.00723089,0,0.00000000,29717,29710,25,0.00152891,0.00176749,0.00246368,0.00000065,0.00031211,0.00919433
1773325431.43802810,0.01613608,6151,0.00035816,0.00891183,0,0.00000000,29710,29718,29,0.00077275,0.00202255,0.00232819,0.00000576,0.00086232,0.01115096
1773325431.53804374,0.01188201,6136,0.00006707,0.00730663,0,0.00000000,29718,29718,26,0.00163476,0.00136082,0.00192769,0.00000256,0.00070190,0.00881020
1773325431.63799953,0.00954014,6110,0.00009935,0.00560846,0,0.00000000,29718,29720,23,0.00151514,0.00124476,0.00187443,0.00000090,0.00028728,0.00693367
1773325431.73752093,0.00991918,6108,0.00009197,0.00582644,0,0.00000000,29720,29727,27,0.00149779,0.00124545,0.00188526,0.00000112,0.00039292,0.00715942
1773325431.83756161,0.01070434,6154,0.00014504,0.00549472,0,0.00000000,29727,29733,12,0.00112788,0.00146661,0.00222645,0.00000072,0.00031662,0.00709835
1773325431.93802595,0.01445893,6131,0.00012231,0.00815871,0,0.00000000,29733,29733,28,0.00189097,0.00154452,0.00314055,0.00000319,0.00083147,0.00984665
1773325432.03795385,0.01761680,6131,0.00010256,0.01081993,0,0.00000000,29733,29735,26,0.00151744,0.00202883,0.00299398,0.00000216,0.00063758,0.01310780
1773325432.13796973,0.01520321,6132,0.00009738,0.00884247,0,0.00000000,29735,29740,29,0.00148235,0.00163835,0.00321928,0.00000320,0.00073257,0.01071256
1773325432.23752189,0.00957412,6150,0.00010040,0.00561099,0,0.00000000,29740,29744,23,0.00255655,0.00101550,0.00182317,0.00000244,0.00050970,0.00671862
1773325432.33746910,0.01353488,6133,0.00006907,0.00852939,0,0.00000000,29744,29755,20,0.00158901,0.00172891,0.00183176,0.00000201,0.00066268,0.01048777
1773325432.43802881,0.00924846,6090,0.00009053,0.00574112,0,0.00000000,29755,29752,27,0.00130060,0.00141262,0.00123269,0.00000085,0.00033721,0.00725143
1773325432.53805494,0.01364347,6012,0.00031295,0.00844072,0,0.00000000,29752,29749,19,0.00205855,0.00222677,0.00118734,0.00000044,0.00032362,0.01093324
1773325432.63756371,0.00933990,5983,0.00012695,0.00570768,0,0.00000000,29749,29747,28,0.00184294,0.00134885,0.00134572,0.00000042,0.00033845,0.00715268
1773325432.73803258,0.01370664,5982,0.00039798,0.00758474,0,0.00000000,29747,29725,28,0.00140599,0.00235539,0.00164466,0.00000078,0.00040188,0.01018458
1773325432.83810925,0.01897663,5936,0.00029573,0.01180110,0,0.00000000,29725,29731,25,0.00193360,0.00237223,0.00227594,0.00000319,0.00064489,0.01455646
1773325432.93801832,0.01727479,5974,0.00039367,0.01100609,0,0.00000000,29731,29737,30,0.00107619,0.00259126,0.00163755,0.00000057,0.00030368,0.01398147
1773325433.03807831,0.01229843,5934,0.00044462,0.00652948,0,0.00000000,29737,29748,38,0.00084551,0.00192621,0.00185262,0.00000135,0.00045954,0.00866352
1773325433.13827562,0.01747888,5984,0.00014162,0.01292755,0,0.00000000,29748,29756,34,0.00102165,0.00181419,0.00125943,0.00000170,0.00067592,0.01493749
1773325433.23834515,0.01105149,5957,0.00048321,0.00617476,0,0.00000000,29756,29734,34,0.00087990,0.00131642,0.00157623,0.00000103,0.00034019,0.00758469
1773325433.33816528,0.01011290,6017,0.00013275,0.00599253,0,0.00000000,29734,29741,35,0.00081769,0.00130447,0.00185982,0.00000088,0.00034307,0.00738764
1773325433.43793058,0.01457813,6141,0.00040410,0.00871013,0,0.00000000,29741,29753,32,0.00219584,0.00207342,0.00194351,0.00000074,0.00043500,0.01098764
1773325433.53795815,0.01686170,6188,0.00032501,0.01014596,0,0.00000000,29753,29764,27,0.00089766,0.00194718,0.00240608,0.00000279,0.00070478,0.01239656
1773325433.63793659,0.01169866,6202,0.00027513,0.00729019,0,0.00000000,29764,29778,25,0.00194744,0.00156996,0.00122917,0.00000050,0.00037120,0.00903105
1773325433.73794270,0.02007426,6237,0.00035032,0.01271569,0,0.00000000,29778,29779,25,0.00178101,0.00203074,0.00286670,0.00000372,0.00076192,0.01501463
1773325433.83795977,0.01363272,6243,0.00016965,0.00836065,0,0.00000000,29779,29797,46,0.00083852,0.00181185,0.00203301,0.00000275,0.00070451,0.01028799
1773325433.93794632,0.02091611,6268,0.00222701,0.01167163,0,0.00000000,29797,29554,23,0.00116780,0.00229591,0.00240700,0.00000309,0.00082174,0.01428303
1773325434.03795600,0.01410781,6252,0.00017530,0.00899585,0,0.00000000,29554,29561,30,0.00079485,0.00182521,0.00161141,0.00000052,0.00038511,0.01105441
1773325434.13789153,0.01790856,6269,0.00048437,0.01165763,0,0.00000000,29561,29581,38,0.00147496,0.00207177,0.00152874,0.00000270,0.00073982,0.01397411
1773325434.23791146,0.03872174,6284,0.00040080,0.03252477,0,0.00000000,29581,29597,32,0.00136936,0.00170413,0.00195654,0.00000293,0.00078351,0.03443854
1773325434.33791804,0.01236454,6293,0.00016822,0.00732189,0,0.00000000,29597,29616,41,0.00194455,0.00140401,0.00214024,0.00000370,0.00072097,0.00883476
1773325434.43794823,0.01062677,6331,0.00019750,0.00613014,0,0.00000000,29616,29606,44,0.00080140,0.00151780,0.00188771,0.00000051,0.00036542,0.00774623
1773325434.53796577,0.01031536,6310,0.00046507,0.00587123,0,0.00000000,29606,29630,49,0.00083143,0.00109256,0.00155517,0.00000068,0.00032968,0.00705453
1773325434.63746595,0.01018144,6330,0.00008407,0.00608893,0,0.00000000,29630,29642,25,0.00155163,0.00130353,0.00189796,0.00000062,0.00038118,0.00748542
1773325434.73747015,0.00974674,6318,0.00011748,0.00603606,0,0.00000000,29642,29654,32,0.00097300,0.00146580,0.00130698,0.00000048,0.00035090,0.00759870
1773325434.83752060,0.01303978,6347,0.00024928,0.00823851,0,0.00000000,29654,29679,47,0.00239643,0.00168054,0.00131136,0.00000048,0.00038816,0.01009846
1773325434.93796253,0.01114209,6306,0.00021400,0.00708888,0,0.00000000,29679,29669,45,0.00159347,0.00082542,0.00211197,0.00000082,0.00038926,0.00798729
1773325435.03810668,0.02464886,6285,0.00020026,0.01809144,0,0.00000000,29669,29670,41,0.00121523,0.00183095,0.00301870,0.00000263,0.00080231,0.02013888
1773325435.13794684,0.01270022,6305,0.00010994,0.00762221,0,0.00000000,29670,29693,36,0.00084238,0.00135071,0.00223185,0.00000356,0.00084972,0.00907455
1773325435.23749018,0.01000300,6280,0.00009530,0.00654577,0,0.00000000,29693,29712,31,0.00079185,0.00132164,0.00124875,0.00000058,0.00032412,0.00795720
1773325435.33754396,0.01378766,6262,0.00027737,0.00924326,0,0.00000000,29712,29705,45,0.00200936,0.00204975,0.00126121,0.00000052,0.00034591,0.01148007
1773325435.43797827,0.02066924,6164,0.00041704,0.01266559,0,0.00000000,29705,29720,42,0.00157102,0.00303233,0.00187715,0.00000390,0.00098054,0.01603561
1773325435.53801918,0.01497719,6052,0.00013050,0.00918387,0,0.00000000,29720,29736,32,0.00145540,0.00176178,0.00241773,0.00000289,0.00076144,0.01112594
1773325435.63749766,0.01152926,6087,0.00010563,0.00689201,0,0.00000000,29736,29735,25,0.00083041,0.00158984,0.00173640,0.00000385,0.00064462,0.00859135
1773325435.73736119,0.01116446,6096,0.00046320,0.00689625,0,0.00000000,29735,29641,34,0.00079224,0.00159680,0.00134114,0.00000047,0.00038937,0.00859949
1773325435.83789635,0.01286245,6114,0.00074775,0.00651029,0,0.00000000,29641,29426,36,0.00111867,0.00158466,0.00252847,0.00000062,0.00038024,0.00820346
1773325435.93789220,0.01418834,6081,0.00017381,0.00986986,0,0.00000000,29426,29402,40,0.00145307,0.00190880,0.00127381,0.00000074,0.00035222,0.01195406
1773325436.03794289,0.03244359,6142,0.00013446,0.02688972,0,0.00000000,29402,29398,34,0.00102785,0.00157843,0.00174088,0.00000090,0.00152554,0.02860999
1773325436.13792849,0.01966791,6084,0.00014683,0.01588389,0,0.00000000,29398,29384,31,0.00185731,0.00156931,0.00121466,0.00000066,0.00036318,0.01756352
1773325436.23748779,0.01095119,6131,0.00013513,0.00680085,0,0.00000000,29384,29392,40,0.00255140,0.00189018,0.00123593,0.00000052,0.00032379,0.00882251
1773325436.33786798,0.01918914,6115,0.00020533,0.01324637,0,0.00000000,29392,29393,44,0.00079335,0.00201598,0.00245578,0.00000488,0.00058600,0.01551093
1773325436.43797398,0.02131901,6129,0.00013943,0.01466274,0,0.00000000,29393,29409,37,0.00157992,0.00226790,0.00237733,0.00000282,0.00073450,0.01726018
1773325436.53798366,0.01442237,6067,0.00013615,0.00937049,0,0.00000000,29409,29413,32,0.00174279,0.00102884,0.00237167,0.00000301,0.00071977,0.01050905
1773325436.63746977,0.03890461,6168,0.00035283,0.03256390,0,0.00000000,29413,29404,35,0.00080044,0.00207229,0.00183910,0.00000304,0.00083241,0.03482711
1773325436.73803234,0.01092421,6084,0.00010180,0.00709769,0,0.00000000,29404,29396,27,0.00112477,0.00130790,0.00147819,0.00000057,0.00039537,0.00850531
1773325436.83807588,0.01184076,6111,0.00010180,0.00764233,0,0.00000000,29396,29408,33,0.00084942,0.00185641,0.00128403,0.00000060,0.00040469,0.00963137
1773325436.93743992,0.01809185,6160,0.00044818,0.01137196,0,0.00000000,29408,29425,46,0.00160053,0.00310987,0.00128389,0.00000045,0.00036998,0.01486865
1773325437.03802752,0.01201831,6122,0.00008477,0.00791091,0,0.00000000,29425,29419,26,0.00170608,0.00184756,0.00126651,0.00000050,0.00033676,0.00990095
1773325437.13794732,0.01218015,6120,0.00011936,0.00791509,0,0.00000000,29419,29416,36,0.00192670,0.00191265,0.00126284,0.00000063,0.00036992,0.00997494
1773325437.23786640,0.01422227,6091,0.00055911,0.00841695,0,0.00000000,29416,29418,44,0.00173807,0.00209814,0.00130480,0.00000052,0.00037946,0.01066195
1773325437.33791327,0.02087649,6152,0.00039135,0.01304411,0,0.00000000,29418,29425,27,0.00086554,0.00313731,0.00221010,0.00000049,0.00038271,0.01657334
1773325437.43792748,0.02365271,6160,0.00024866,0.01628533,0,0.00000000,29425,29432,35,0.00076944,0.00352353,0.00126420,0.00000057,0.00039536,0.02023315
1773325437.53802204,0.01698819,6147,0.00043152,0.01058770,0,0.00000000,29432,29430,35,0.00157382,0.00274226,0.00128640,0.00000063,0.00040547,0.01362914
1773325437.63793254,0.02419850,6097,0.00015617,0.01701815,0,0.00000000,29430,29450,42,0.00168718,0.00391463,0.00140812,0.00000376,0.00070546,0.02136429
1773325437.73745775,0.01607819,6169,0.00017626,0.00938636,0,0.00000000,29450,29462,44,0.00155085,0.00221903,0.00269326,0.00000346,0.00078360,0.01175840
1773325437.83811569,0.01697453,6112,0.00031817,0.01086120,0,0.00000000,29462,29413,51,0.00078956,0.00215434,0.00216238,0.00000199,0.00070215,0.01317367
1773325437.93810081,0.01403949,6126,0.00021754,0.00901146,0,0.00000000,29413,29433,46,0.00087727,0.00225453,0.00132339,0.00000058,0.00033839,0.01149143
1773325438.03805685,0.01359614,6101,0.00016927,0.00884508,0,0.00000000,29433,29445,46,0.00077931,0.00205966,0.00144347,0.00000058,0.00037852,0.01106448
1773325438.13734150,0.02164533,6170,0.00060854,0.01260145,0,0.00000000,29445,29436,48,0.00257333,0.00310277,0.00319140,0.00000102,0.00042125,0.01601667
1773325438.23791313,0.02451158,6146,0.00015986,0.01640970,0,0.00000000,29436,29454,41,0.00116675,0.00305078,0.00312768,0.00000231,0.00076197,0.01978099
1773325438.33800960,0.01683930,6108,0.00024268,0.01110734,0,0.00000000,29454,29461,59,0.00078103,0.00207814,0.00189703,0.00000218,0.00077078,0.01334828
1773325438.43784547,0.01433543,6207,0.00017437,0.00887682,0,0.00000000,29461,29472,43,0.00081066,0.00197579,0.00207508,0.00000123,0.00057544,0.01099351
1773325438.53800535,0.01651772,6135,0.00071098,0.00900212,0,0.00000000,29472,29445,47,0.00252282,0.00235012,0.00256288,0.00000061,0.00039169,0.01156138
1773325438.63793397,0.01668503,6169,0.00016143,0.01084922,0,0.00000000,29445,29465,52,0.00243639,0.00204899,0.00201256,0.00000221,0.00087627,0.01304362
1773325438.73789215,0.01576283,6168,0.00014802,0.01014078,0,0.00000000,29465,29482,42,0.00157665,0.00216804,0.00199995,0.00000390,0.00066171,0.01245780
1773325438.83797550,0.02331773,6134,0.00013625,0.01576259,0,0.00000000,29482,29496,43,0.00156827,0.00270913,0.00304708,0.00000303,0.00079843,0.01873896
1773325438.93781590,0.01358780,6169,0.00014174,0.00916379,0,0.00000000,29496,29499,38,0.00152440,0.00184471,0.00145066,0.00000051,0.00032548,0.01115305
1773325439.03780746,0.02071090,6162,0.00044514,0.01310003,0,0.00000000,29499,29518,38,0.00123209,0.00365239,0.00123360,0.00000044,0.00034749,0.01717722
1773325439.13791227,0.01606048,6154,0.00048685,0.00976377,0,0.00000000,29518,29533,48,0.00128702,0.00179469,0.00183401,0.00000334,0.00078408,0.01173321
1773325439.23793483,0.02072625,6178,0.00056704,0.01277661,0,0.00000000,29533,29561,50,0.00189649,0.00357693,0.00165920,0.00000086,0.00036596,0.01677611
1773325439.33801389,0.02209178,6144,0.00059437,0.01388400,0,0.00000000,29561,29542,34,0.00081449,0.00375533,0.00158756,0.00000058,0.00035904,0.01809166
1773325439.43785620,0.01712612,6158,0.00017445,0.01149423,0,0.00000000,29542,29526,37,0.00170192,0.00190193,0.00204688,0.00000406,0.00079094,0.01356934
1773325439.53792691,0.01496771,6155,0.00016988,0.00964284,0,0.00000000,29526,29540,51,0.00195080,0.00194688,0.00173736,0.00000307,0.00074882,0.01172973
1773325439.63811302,0.01341648,6114,0.00024836,0.00922170,0,0.00000000,29540,29557,41,0.00090368,0.00165679,0.00124335,0.00000104,0.00034220,0.01102383
1773325439.73784924,0.01701447,6155,0.00027806,0.01092120,0,0.00000000,29557,29528,55,0.00073914,0.00301626,0.00129132,0.00000058,0.00040344,0.01425014
1773325439.83793116,0.02523082,6088,0.00021237,0.01742985,0,0.00000000,29528,29552,47,0.00150603,0.00315022,0.00231362,0.00000046,0.00035425,0.02096811
1773325439.93786049,0.01575726,6133,0.00021700,0.01072857,0,0.00000000,29552,29577,52,0.00254424,0.00208893,0.00128582,0.00000056,0.00035586,0.01305934
1773325440.03795886,0.02224594,6098,0.00055944,0.01354289,0,0.00000000,29577,29584,46,0.00237776,0.00437502,0.00127942,0.00000058,0.00038424,0.01834398
1773325440.13789415,0.01863138,6107,0.00071043,0.01134304,0,0.00000000,29584,29588,54,0.00146422,0.00203711,0.00219393,0.00000399,0.00080315,0.01358833
1773325440.23794532,0.04488768,6120,0.00054175,0.03811393,0,0.00000000,29588,29606,48,0.00139838,0.00306739,0.00116153,0.00000044,0.00034131,0.04148791
1773325440.33793211,0.01999469,6123,0.00036244,0.01389569,0,0.00000000,29606,29611,27,0.00164444,0.00260317,0.00124717,0.00000055,0.00035136,0.01673691
1773325440.43792009,0.02009306,6117,0.00022679,0.01367932,0,0.00000000,29611,29617,56,0.00184773,0.00223838,0.00237653,0.00000335,0.00074016,0.01610549
1773325440.53749919,0.01717233,6162,0.00016119,0.01178031,0,0.00000000,29617,29637,45,0.00159989,0.00162168,0.00202907,0.00000419,0.00083359,0.01352435
1773325440.63894296,0.02141504,6087,0.00013799,0.01484229,0,0.00000000,29637,29649,41,0.00201977,0.00181417,0.00297403,0.00000314,0.00079430,0.01682427
1773325440.73790121,0.01583895,6118,0.00056855,0.00988585,0,0.00000000,29649,29633,45,0.00088679,0.00181979,0.00184279,0.00000063,0.00035067,0.01188033
1773325440.83797002,0.01831835,6081,0.00024125,0.01314500,0,0.00000000,29633,29655,52,0.00211164,0.00259931,0.00121238,0.00000063,0.00036282,0.01598278
1773325440.93782187,0.01974373,6125,0.00012508,0.01415491,0,0.00000000,29655,29662,31,0.00168892,0.00199699,0.00181017,0.00000256,0.00080955,0.01631518
1773325441.03799725,0.01465439,6072,0.00025087,0.01009585,0,0.00000000,29662,29646,42,0.00136304,0.00197189,0.00125858,0.00000047,0.00034872,0.01225038
1773325441.13787127,0.01757923,6107,0.00017121,0.01048680,0,0.00000000,29646,29662,42,0.00188987,0.00196292,0.00337822,0.00000283,0.00078509,0.01259314
1773325441.23784900,0.01733219,6136,0.00058094,0.01008129,0,0.00000000,29662,29684,53,0.00172397,0.00234557,0.00189037,0.00000359,0.00085010,0.01266010
1773325441.33794141,0.01857250,6108,0.00059821,0.01163313,0,0.00000000,29684,29697,45,0.00165831,0.00237505,0.00230108,0.00000057,0.00039636,0.01421167
1773325441.43792081,0.02294277,6156,0.00065528,0.01347905,0,0.00000000,29697,29687,47,0.00081654,0.00387029,0.00234348,0.00000049,0.00041268,0.01780447
1773325441.53798223,0.02282783,6143,0.00020928,0.01577371,0,0.00000000,29687,29693,48,0.00237699,0.00301368,0.00206317,0.00000364,0.00080553,0.01908325
1773325441.63891697,0.02198399,6093,0.00049380,0.01331584,0,0.00000000,29693,29711,53,0.00126606,0.00412211,0.00167953,0.00000083,0.00051504,0.01790399
1773325441.73784328,0.02472110,6135,0.00020977,0.01666043,0,0.00000000,29711,29722,52,0.00264206,0.00316547,0.00274886,0.00000333,0.00085991,0.02018124
1773325441.83792210,0.01780882,6111,0.00022516,0.01091542,0,0.00000000,29722,29729,44,0.00184748,0.00195889,0.00283554,0.00000311,0.00102608,0.01305042
1773325441.93798280,0.02618636,6133,0.00025692,0.01775252,0,0.00000000,29729,29732,47,0.00090428,0.00318559,0.00263250,0.00000436,0.00108751,0.02126522
1773325442.03806019,0.01406467,6096,0.00016820,0.00954063,0,0.00000000,29732,29730,44,0.00111637,0.00198834,0.00137294,0.00000041,0.00034179,0.01168714
1773325442.13908315,0.01724985,6115,0.00013511,0.01139627,0,0.00000000,29730,29745,37,0.00168527,0.00199546,0.00200402,0.00000280,0.00091903,0.01355725
1773325442.23901892,0.01578794,6075,0.00079188,0.00984226,0,0.00000000,29745,29747,54,0.00207669,0.00200780,0.00132645,0.00000049,0.00038548,0.01199652
1773325442.33793759,0.01816949,6127,0.00022997,0.01239365,0,0.00000000,29747,29778,54,0.00116582,0.00286311,0.00145560,0.00000069,0.00034672,0.01554097
1773325442.43794250,0.02306381,6144,0.00064691,0.01563943,0,0.00000000,29778,29800,56,0.00082058,0.00349247,0.00119135,0.00000043,0.00035516,0.01967679
1773325442.53786826,0.02488647,6125,0.00067984,0.01703544,0,0.00000000,29800,29807,52,0.00158051,0.00307120,0.00197155,0.00000105,0.00047333,0.02049308
1773325442.63787603,0.02671614,6158,0.00046385,0.01868395,0,0.00000000,29807,29820,67,0.00181554,0.00352274,0.00213244,0.00000081,0.00049867,0.02262986
1773325442.73792005,0.01998382,6135,0.00016036,0.01409357,0,0.00000000,29820,29834,47,0.00160661,0.00168476,0.00247632,0.00000244,0.00073423,0.01594086
1773325442.83799291,0.01857765,6101,0.00022465,0.01231112,0,0.00000000,29834,29846,61,0.00114265,0.00193445,0.00249673,0.00000393,0.00084222,0.01440044
1773325442.93778825,0.02475591,6147,0.00035157,0.01753938,0,0.00000000,29846,29855,69,0.00249391,0.00311118,0.00192617,0.00000255,0.00080185,0.02098260
1773325443.03781319,0.02610758,6126,0.00032677,0.01926127,0,0.00000000,29855,29875,56,0.00211939,0.00333503,0.00148110,0.00000047,0.00032883,0.02298014
1773325443.13795590,0.02695574,6173,0.00012876,0.01951186,0,0.00000000,29875,29888,38,0.00092361,0.00300116,0.00227355,0.00000313,0.00087479,0.02280950
1773325443.23795986,0.02059074,6160,0.00020096,0.01361099,0,0.00000000,29888,29886,50,0.00155453,0.00215341,0.00296803,0.00000399,0.00080373,0.01591378
1773325443.33894062,0.01875613,6156,0.00029150,0.01278886,0,0.00000000,29886,29903,64,0.00123930,0.00209621,0.00202735,0.00000258,0.00075057,0.01504281
1773325443.43887711,0.02082502,6183,0.00017480,0.01484115,0,0.00000000,29903,29922,49,0.00089126,0.00270512,0.00159689,0.00000219,0.00064366,0.01782980
1773325443.53782773,0.01363354,6202,0.00022653,0.00910058,0,0.00000000,29922,29923,44,0.00078742,0.00205112,0.00124730,0.00000043,0.00035228,0.01129379
1773325443.63889313,0.01879423,6164,0.00073275,0.01095688,0,0.00000000,29923,29947,53,0.00154947,0.00331070,0.00156265,0.00000072,0.00040105,0.01458730
1773325443.73782921,0.01363307,6159,0.00016825,0.00872786,0,0.00000000,29947,29972,49,0.00153369,0.00216051,0.00165734,0.00000063,0.00032542,0.01102245
1773325443.83805895,0.01559322,6195,0.00061303,0.00928025,0,0.00000000,29972,29955,44,0.00124287,0.00263342,0.00125494,0.00000047,0.00036801,0.01215305
1773325443.93897724,0.01413905,6166,0.00017784,0.00992240,0,0.00000000,29955,29962,41,0.00225547,0.00173568,0.00123876,0.00000124,0.00042774,0.01178456
1773325444.03782344,0.02236363,6180,0.00020227,0.01511056,0,0.00000000,29962,29958,47,0.00201838,0.00250225,0.00283364,0.00000076,0.00075599,0.01791553
1773325444.13790846,0.01740797,6196,0.00042775,0.01076245,0,0.00000000,29958,29958,37,0.00173549,0.00240790,0.00184174,0.00000116,0.00039766,0.01342874
1773325444.23902535,0.01940817,6207,0.00018889,0.01293515,0,0.00000000,29958,29958,37,0.00082358,0.00211610,0.00244396,0.00000243,0.00076177,0.01526021
1773325444.33887339,0.02405169,6213,0.00038442,0.01483922,0,0.00000000,29958,29922,55,0.00106978,0.00229209,0.00383748,0.00000570,0.00182445,0.01733844
1773325444.43899822,0.01455593,6187,0.00024101,0.00929800,0,0.00000000,29922,29918,42,0.00110402,0.00172736,0.00183036,0.00000199,0.00076561,0.01114804
1773325444.53892207,0.01319649,6168,0.00027046,0.00876320,0,0.00000000,29918,29917,40,0.00176955,0.00173896,0.00150933,0.00000049,0.00029112,0.01063322
1773325444.63779902,0.01561341,6211,0.00048314,0.00952203,0,0.00000000,29917,29912,33,0.00086543,0.00238205,0.00142852,0.00000061,0.00032329,0.01215136
1773325444.73786497,0.01819154,6210,0.00046054,0.01247252,0,0.00000000,29912,29930,42,0.00265546,0.00159710,0.00199992,0.00000060,0.00037941,0.01420155
1773325444.83783960,0.01235273,6217,0.00016672,0.00827681,0,0.00000000,29930,29938,42,0.00194705,0.00166637,0.00128511,0.00000073,0.00039684,0.01005780
1773325444.93786693,0.01474148,6218,0.00016462,0.00952320,0,0.00000000,29938,29953,40,0.00193668,0.00163200,0.00188113,0.00000302,0.00080515,0.01129366
1773325445.03792739,0.02328772,6228,0.00037946,0.01688115,0,0.00000000,29953,29946,28,0.00218562,0.00269993,0.00120615,0.00000051,0.00036427,0.01991157
1773325445.13796782,0.02007253,6204,0.00014044,0.01261871,0,0.00000000,29946,29965,40,0.00187750,0.00233438,0.00325594,0.00000341,0.00085122,0.01522237
1773325445.23904204,0.02104182,6228,0.00029745,0.01573787,0,0.00000000,29965,29915,45,0.00079097,0.00154851,0.00208666,0.00000218,0.00075836,0.01740869
1773325445.33895350,0.01614127,6230,0.00015794,0.01092217,0,0.00000000,29915,29933,47,0.00133003,0.00171352,0.00194526,0.00000381,0.00075251,0.01275917
1773325445.43888569,0.01420252,6257,0.00063496,0.00824876,0,0.00000000,29933,29921,42,0.00083982,0.00230668,0.00123365,0.00000087,0.00040261,0.01079200
1773325445.53898787,0.01368831,6165,0.00026175,0.00897732,0,0.00000000,29921,29940,41,0.00163140,0.00176538,0.00134359,0.00000061,0.00039237,0.01091025
1773325445.63790131,0.02137743,6204,0.00016405,0.01488804,0,0.00000000,29940,29964,37,0.00164591,0.00271752,0.00177874,0.00000432,0.00073107,0.01790380
1773325445.73790884,0.01972051,6226,0.00018348,0.01363593,0,0.00000000,29964,29983,49,0.00253886,0.00249455,0.00182449,0.00000272,0.00079264,0.01637782
1773325445.83895707,0.01775182,6184,0.00021816,0.01203424,0,0.00000000,29983,29974,48,0.00163138,0.00198902,0.00201026,0.00000382,0.00071741,0.01423228
1773325445.93789005,0.01515203,6227,0.00010543,0.00955882,0,0.00000000,29974,29979,27,0.00166981,0.00153303,0.00292814,0.00000082,0.00039055,0.01121095
1773325446.03789520,0.02165802,6207,0.00044659,0.01434473,0,0.00000000,29979,29937,40,0.00151209,0.00272899,0.00156344,0.00000232,0.00054148,0.01740394
1773325446.13889170,0.02235615,6191,0.00050626,0.01451280,0,0.00000000,29937,29940,39,0.00082096,0.00318162,0.00196235,0.00000096,0.00042273,0.01812811
1773325446.23784542,0.01622139,6212,0.00019707,0.01079909,0,0.00000000,29940,29942,41,0.00095951,0.00178975,0.00203922,0.00000259,0.00068470,0.01273136
1773325446.33778143,0.01335528,6204,0.00014034,0.00834970,0,0.00000000,29942,29953,38,0.00263984,0.00163781,0.00185464,0.00000310,0.00072232,0.01010145
1773325446.43785405,0.01501093,6220,0.00020627,0.00958315,0,0.00000000,29953,29936,50,0.00085060,0.00173718,0.00196329,0.00000276,0.00082074,0.01144353
1773325446.53891778,0.01197498,6171,0.00017282,0.00798869,0,0.00000000,29936,29955,53,0.00113107,0.00159871,0.00126421,0.00000066,0.00037180,0.00969473
1773325446.63785076,0.01743775,6230,0.00057732,0.01068691,0,0.00000000,29955,29977,51,0.00163050,0.00207223,0.00223808,0.00000049,0.00034361,0.01300233
1773325446.73893285,0.02276054,6209,0.00017623,0.01588323,0,0.00000000,29977,30000,46,0.00202770,0.00251021,0.00200764,0.00000268,0.00077163,0.01878427
1773325446.83893490,0.02017728,6204,0.00019370,0.01350394,0,0.00000000,30000,30027,49,0.00104189,0.00238061,0.00246477,0.00000374,0.00072709,0.01614456
1773325446.93888927,0.01272210,6200,0.00013918,0.00871130,0,0.00000000,30027,30049,43,0.00214393,0.00160319,0.00127823,0.00000116,0.00041183,0.01042761
1773325447.03882241,0.01225841,6210,0.00014733,0.00834322,0,0.00000000,30049,30069,43,0.00168872,0.00161783,0.00125485,0.00000067,0.00034674,0.01007780
1773325447.13887787,0.02323949,6235,0.00047934,0.01591408,0,0.00000000,30069,30063,65,0.00206803,0.00306196,0.00188870,0.00000254,0.00073780,0.01935674
1773325447.23893881,0.01834785,6208,0.00018062,0.01227183,0,0.00000000,30063,30083,51,0.00083002,0.00174675,0.00251600,0.00000410,0.00093272,0.01414304
1773325447.33899617,0.02379079,6168,0.00024234,0.01631797,0,0.00000000,30083,30072,40,0.00129251,0.00295830,0.00196829,0.00000319,0.00077425,0.01967298
1773325447.43787766,0.01155893,6188,0.00014554,0.00795804,0,0.00000000,30072,30065,39,0.00091024,0.00125765,0.00125609,0.00000052,0.00036540,0.00931602
1773325447.53889966,0.01923145,6240,0.00047691,0.01328258,0,0.00000000,30065,30064,48,0.00118074,0.00228139,0.00133164,0.00000048,0.00043018,0.01579849
1773325447.63894963,0.01571146,6226,0.00045636,0.00939463,0,0.00000000,30064,30084,38,0.00148757,0.00193159,0.00195920,0.00000255,0.00058614,0.01151789
1773325447.73895216,0.01838368,6191,0.00068139,0.01022305,0,0.00000000,30084,30100,56,0.00124227,0.00238854,0.00270438,0.00000242,0.00085675,0.01286290
1773325447.83883691,0.02489315,6232,0.00021139,0.01818227,0,0.00000000,30100,30121,54,0.00170489,0.00194010,0.00272352,0.00000401,0.00100631,0.02038006
1773325447.93884397,0.02371744,6222,0.00014691,0.01767192,0,0.00000000,30121,30130,32,0.00173920,0.00203265,0.00213506,0.00000309,0.00077209,0.01993988
1773325448.03893042,0.01227244,6207,0.00016449,0.00838298,0,0.00000000,30130,30143,41,0.00163678,0.00161124,0.00121077,0.00000056,0.00031981,0.01011278
1773325448.13773847,0.01978966,6174,0.00025232,0.01509099,0,0.00000000,30143,30143,43,0.00164234,0.00105410,0.00197015,0.00001872,0.00073876,0.01624732
1773325448.23781419,0.01635543,6206,0.00021216,0.01006145,0,0.00000000,30143,30148,43,0.00113172,0.00195578,0.00289407,0.00000113,0.00045832,0.01215744
1773325448.33887696,0.01814719,6219,0.00056228,0.01000902,0,0.00000000,30148,30163,53,0.00097771,0.00314142,0.00222959,0.00000065,0.00040949,0.01346180
1773325448.43784809,0.04936877,6185,0.00018993,0.03772959,0,0.00000000,30163,30176,40,0.00078599,0.00388012,0.00240946,0.00000346,0.00422012,0.04187222
1773325448.53881526,0.05661360,6219,0.00035073,0.04864217,0,0.00000000,30176,30182,40,0.00139161,0.00317118,0.00225955,0.00000200,0.00080912,0.05213154
1773325448.63882041,0.01777183,6216,0.00013772,0.01184346,0,0.00000000,30182,30187,38,0.00136979,0.00187551,0.00222868,0.00000433,0.00092965,0.01389318
1773325448.73899126,0.01768842,6227,0.00021421,0.01209154,0,0.00000000,30187,30168,40,0.00195493,0.00170787,0.00228158,0.00000362,0.00073333,0.01392608
1773325448.83891439,0.02268544,6211,0.00035874,0.01480618,0,0.00000000,30168,30183,32,0.00608204,0.00255128,0.00263468,0.00000263,0.00075866,0.01759861
1773325448.93897486,0.01559835,6174,0.00024485,0.00881709,0,0.00000000,30183,30180,42,0.00170716,0.00252804,0.00250766,0.00000196,0.00061353,0.01151901
1773325449.03780174,0.01994817,6193,0.00017662,0.01271175,0,0.00000000,30180,30196,45,0.00141880,0.00256559,0.00251686,0.00000480,0.00103015,0.01556437
1773325449.13784075,0.01856194,6182,0.00013044,0.01270202,0,0.00000000,30196,30203,34,0.00158603,0.00222461,0.00191606,0.00000414,0.00072149,0.01519185
1773325449.23895383,0.03126271,6174,0.00014089,0.02622858,0,0.00000000,30203,30228,42,0.00262149,0.00252313,0.00122218,0.00000050,0.00039842,0.02901155
1773325449.33780384,0.03441826,6201,0.00021868,0.02779753,0,0.00000000,30228,30220,34,0.00236158,0.00304816,0.00194890,0.00000081,0.00038387,0.03112433
1773325449.43880177,0.03693463,6226,0.00018762,0.03049603,0,0.00000000,30220,30241,47,0.00142083,0.00290136,0.00190061,0.00000112,0.00048247,0.03372462
1773325449.53886890,0.01562523,6198,0.00066151,0.00885314,0,0.00000000,30241,30250,38,0.00160215,0.00141990,0.00259292,0.00000338,0.00080117,0.01039966
1773325449.63775539,0.01708388,6230,0.00043005,0.01116259,0,0.00000000,30250,30272,39,0.00162511,0.00235243,0.00126831,0.00000050,0.00039823,0.01376203
1773325449.73779678,0.01317176,6181,0.00020488,0.00826363,0,0.00000000,30272,30263,35,0.00262128,0.00185505,0.00178607,0.00000123,0.00045039,0.01023760
1773325449.83884120,0.01186988,6218,0.00017384,0.00790374,0,0.00000000,30263,30272,49,0.00285282,0.00157819,0.00118831,0.00000042,0.00042633,0.00959093
1773325449.93881440,0.01980872,6199,0.00009828,0.01242884,0,0.00000000,30272,30283,26,0.00169112,0.00215647,0.00336534,0.00000351,0.00081052,0.01484246
1773325450.03887153,0.01993236,6174,0.00041989,0.01355942,0,0.00000000,30283,30293,33,0.00089209,0.00244242,0.00136681,0.00000190,0.00048634,0.01633241
1773325450.13786459,0.01921272,6213,0.00016544,0.01249674,0,0.00000000,30293,30279,32,0.00169327,0.00213571,0.00227589,0.00000409,0.00081617,0.01486576
1773325450.23885822,0.01609718,6197,0.00037738,0.00972586,0,0.00000000,30279,30286,29,0.00220293,0.00236124,0.00182271,0.00000074,0.00040654,0.01232025
1773325450.33889031,0.01907495,6222,0.00024507,0.01236260,0,0.00000000,30286,30265,44,0.00147405,0.00229717,0.00253074,0.00000422,0.00067521,0.01495934
1773325450.43887544,0.01605204,6152,0.00012971,0.01068244,0,0.00000000,30265,30265,35,0.00080706,0.00178280,0.00186881,0.00000255,0.00088736,0.01259336
1773325450.53778934,0.01348662,6165,0.00020675,0.00832743,0,0.00000000,30265,30253,51,0.00085206,0.00180562,0.00212012,0.00000068,0.00042103,0.01025315
1773325450.63874745,0.01484569,6150,0.00072676,0.00850035,0,0.00000000,30253,30212,34,0.00251349,0.00254548,0.00132410,0.00000080,0.00033163,0.01131342
1773325450.73781538,0.01973591,6207,0.00049266,0.01314805,0,0.00000000,30212,30212,42,0.00114793,0.00249198,0.00170480,0.00000050,0.00030162,0.01592887
1773325450.83881950,0.02216899,6217,0.00022804,0.01541368,0,0.00000000,30212,30203,46,0.00146716,0.00297584,0.00179986,0.00000389,0.00072787,0.01874978
1773325450.93890190,0.01470093,6227,0.00018218,0.00913809,0,0.00000000,30203,30221,46,0.00150466,0.00168319,0.00244987,0.00000052,0.00036300,0.01101258
1773325451.03779507,0.01569531,6246,0.00060155,0.00929141,0,0.00000000,30221,30203,50,0.00128881,0.00143482,0.00267178,0.00000284,0.00073078,0.01084880
1773325451.13782430,0.01354031,6249,0.00057541,0.00759423,0,0.00000000,30203,30213,45,0.00099534,0.00228151,0.00131732,0.00000047,0.00039481,0.01010421
1773325451.23872042,0.01883641,6217,0.00048125,0.01216154,0,0.00000000,30213,30203,37,0.00087335,0.00289128,0.00125492,0.00000055,0.00037322,0.01543656
1773325451.33882284,0.02230840,6264,0.00021292,0.01612492,0,0.00000000,30203,30209,40,0.00125962,0.00258088,0.00185674,0.00000410,0.00074640,0.01897144
1773325451.43781614,0.02177716,6248,0.00017312,0.01520893,0,0.00000000,30209,30213,39,0.00186933,0.00249406,0.00223560,0.00000312,0.00078450,0.01803813
1773325451.53777957,0.01909586,6260,0.00015000,0.01279218,0,0.00000000,30213,30231,35,0.00236090,0.00240259,0.00219253,0.00000271,0.00078974,0.01545351
1773325451.63778329,0.01623389,6255,0.00014986,0.01059957,0,0.00000000,30231,30254,43,0.00109469,0.00172745,0.00210672,0.00000490,0.00088024,0.01250511
1773325451.73891425,0.01356758,6232,0.00015931,0.00812703,0,0.00000000,30254,30255,44,0.00084348,0.00125099,0.00244476,0.00000470,0.00078010,0.00947524
1773325451.83873820,0.04069767,6241,0.00023819,0.03458442,0,0.00000000,30255,30254,45,0.00083481,0.00238117,0.00184969,0.00000322,0.00077523,0.03724181
1773325451.93878293,0.01279647,6230,0.00017918,0.00749074,0,0.00000000,30254,30233,43,0.00079883,0.00128228,0.00232579,0.00000334,0.00086716,0.00887530
1773325452.03883553,0.01121432,6253,0.00012196,0.00733645,0,0.00000000,30233,30234,37,0.00158448,0.00159122,0.00126989,0.00000047,0.00035505,0.00906058
1773325452.13880658,0.01345129,6189,0.00051049,0.00764708,0,0.00000000,30234,30235,43,0.00151434,0.00156311,0.00192850,0.00000069,0.00040280,0.00937966
1773325452.23888683,0.02117573,6172,0.00019039,0.01340737,0,0.00000000,30235,30215,37,0.00168406,0.00268700,0.00324035,0.00000305,0.00077787,0.01637701
1773325452.33888030,0.01506356,6214,0.00019969,0.00916171,0,0.00000000,30215,30179,38,0.00191574,0.00185115,0.00245284,0.00000486,0.00069280,0.01118926
1773325452.43888569,0.01316535,6119,0.00010127,0.00813167,0,0.00000000,30179,30190,39,0.00086083,0.00164868,0.00214184,0.00000103,0.00051279,0.00990440
1773325452.53877592,0.01194132,6157,0.00010738,0.00756805,0,0.00000000,30190,30188,32,0.00172480,0.00173649,0.00157246,0.00000056,0.00036428,0.00942150
1773325452.63871574,0.01785345,6122,0.00041618,0.01098830,0,0.00000000,30188,30207,43,0.00172045,0.00300771,0.00153897,0.00000048,0.00036949,0.01439281
1773325452.73786449,0.02215146,6140,0.00015179,0.01447250,0,0.00000000,30207,30208,36,0.00250057,0.00262855,0.00269990,0.00000349,0.00096872,0.01749878
1773325452.83875656,0.02082266,6115,0.00021806,0.01329924,0,0.00000000,30208,30175,40,0.00257967,0.00245829,0.00322387,0.00000281,0.00079456,0.01600500
1773325452.93881392,0.01265068,6146,0.00013500,0.00832913,0,0.00000000,30175,30199,39,0.00164057,0.00171577,0.00140217,0.00000075,0.00033494,0.01021543
1773325453.03873706,0.01573023,6122,0.00041528,0.00914421,0,0.00000000,30199,30205,38,0.00166559,0.00226310,0.00203639,0.00000092,0.00035896,0.01166348
1773325453.13880134,0.01883834,6174,0.00068216,0.01241674,0,0.00000000,30205,30223,39,0.00091949,0.00226671,0.00162737,0.00000056,0.00034248,0.01500514
1773325453.23884916,0.02154206,6147,0.00054476,0.01364891,0,0.00000000,30223,30182,31,0.00158204,0.00238568,0.00249906,0.00000423,0.00101728,0.01635068
1773325453.33777547,0.01568209,6163,0.00058443,0.01021804,0,0.00000000,30182,30193,43,0.00096930,0.00211311,0.00119491,0.00000060,0.00033274,0.01254273
1773325453.43773484,0.01585994,6198,0.00041942,0.01048680,0,0.00000000,30193,30202,32,0.00185327,0.00179121,0.00141413,0.00000061,0.00037418,0.01250834
1773325453.53774834,0.01453574,6112,0.00014690,0.00951279,0,0.00000000,30202,30216,36,0.00188319,0.00121359,0.00226283,0.00000268,0.00075530,0.01083275
1773325453.63776994,0.01301324,6083,0.00017344,0.00822657,0,0.00000000,30216,30204,41,0.00087389,0.00134197,0.00194597,0.00000424,0.00074397,0.00967291
1773325453.73872519,0.01057021,6108,0.00008572,0.00674637,0,0.00000000,30204,30215,23,0.00074033,0.00135274,0.00164081,0.00000054,0.00028334,0.00819280
1773325453.83878994,0.01030994,6055,0.00040198,0.00616425,0,0.00000000,30215,30224,32,0.00083799,0.00126972,0.00129511,0.00000050,0.00038749,0.00751793
1773325453.93873477,0.01950478,6110,0.00043530,0.01266387,0,0.00000000,30224,30225,34,0.00166573,0.00218183,0.00193519,0.00000283,0.00070229,0.01520960
1773325454.03881598,0.01027663,6083,0.00012407,0.00646243,0,0.00000000,30225,30244,37,0.00146655,0.00127523,0.00156063,0.00000061,0.00032337,0.00783220
1773325454.13878918,0.01753424,6117,0.00049340,0.01176748,0,0.00000000,30244,30226,32,0.00178981,0.00227502,0.00137233,0.00000060,0.00033765,0.01433741
1773325454.23877764,0.01929588,6105,0.00043147,0.01245333,0,0.00000000,30226,30217,34,0.00161293,0.00209832,0.00209873,0.00000155,0.00052296,0.01480045
1773325454.33882904,0.01626474,6113,0.00014920,0.01066058,0,0.00000000,30217,30242,42,0.00079915,0.00192014,0.00199674,0.00000382,0.00079651,0.01282425
1773325454.43865275,0.01398459,6157,0.00011866,0.00855282,0,0.00000000,30242,30259,46,0.00086322,0.00151180,0.00237643,0.00000405,0.00079593,0.01017354
1773325454.53872061,0.01140756,6182,0.00018804,0.00739098,0,0.00000000,30259,30241,46,0.00091162,0.00151749,0.00150165,0.00000054,0.00031089,0.00901310
1773325454.63874388,0.01121911,6187,0.00017707,0.00710090,0,0.00000000,30241,30240,40,0.00086288,0.00173891,0.00130944,0.00000053,0.00037752,0.00894732
1773325454.73874784,0.01700061,6143,0.00056293,0.01096416,0,0.00000000,30240,30255,46,0.00179086,0.00254683,0.00115525,0.00000042,0.00033937,0.01379707
1773325454.83768940,0.02259284,6104,0.00037677,0.01504950,0,0.00000000,30255,30272,36,0.00221214,0.00303367,0.00188966,0.00000232,0.00078154,0.01849626
1773325454.93881464,0.02010896,6131,0.00035014,0.01182840,0,0.00000000,30272,30243,39,0.00222032,0.00328319,0.00253791,0.00000462,0.00100714,0.01544016
1773325455.03871179,0.01178957,6105,0.00018440,0.00689328,0,0.00000000,30243,30230,35,0.00178411,0.00172225,0.00188239,0.00000078,0.00047657,0.00874579
1773325455.13898444,0.01544759,6135,0.00013280,0.00970104,0,0.00000000,30230,30242,41,0.00124760,0.00176684,0.00218234,0.00000487,0.00098707,0.01160804
1773325455.23770475,0.02011529,6130,0.00040403,0.01355536,0,0.00000000,30242,30237,34,0.00090443,0.00286920,0.00131807,0.00000052,0.00040538,0.01674212
1773325455.33768702,0.02157048,6213,0.00022657,0.01436308,0,0.00000000,30237,30248,52,0.00118818,0.00255737,0.00247400,0.00000582,0.00100104,0.01723967
1773325455.43878555,0.02418481,6190,0.00026531,0.01560781,0,0.00000000,30248,30245,41,0.00118009,0.00318125,0.00269396,0.00000334,0.00083017,0.01921439
1773325455.53863525,0.01655436,6233,0.00017118,0.01084639,0,0.00000000,30245,30263,47,0.00283486,0.00148710,0.00248469,0.00000403,0.00085041,0.01246900
1773325455.63862729,0.01518444,6225,0.00014561,0.00944654,0,0.00000000,30263,30262,38,0.00121836,0.00170087,0.00237852,0.00000279,0.00074398,0.01127435
1773325455.73875690,0.01279851,6220,0.00014655,0.00802647,0,0.00000000,30262,30293,52,0.00100852,0.00174491,0.00170804,0.00000216,0.00059308,0.00990888
1773325455.83879542,0.01386313,6212,0.00070971,0.00792639,0,0.00000000,30293,30271,58,0.00150596,0.00214823,0.00132592,0.00000052,0.00039206,0.01030233
1773325455.93766356,0.02088316,6200,0.00022768,0.01463734,0,0.00000000,30271,30260,45,0.00149056,0.00232263,0.00204945,0.00000304,0.00074471,0.01722085
1773325456.03770065,0.01169874,6231,0.00009671,0.00780569,0,0.00000000,30260,30278,36,0.00130716,0.00162689,0.00125199,0.00000059,0.00036346,0.00956714
1773325456.13864493,0.01199928,6225,0.00017900,0.00776128,0,0.00000000,30278,30280,50,0.00188020,0.00123435,0.00176815,0.00000102,0.00034790,0.00909330
1773325456.23871017,0.01418838,6218,0.00074067,0.00798297,0,0.00000000,30280,30280,58,0.00165549,0.00226452,0.00143947,0.00000051,0.00035189,0.01049330
1773325456.33870411,0.01512876,6199,0.00015698,0.00982649,0,0.00000000,30280,30278,42,0.00083869,0.00165453,0.00211057,0.00000317,0.00073259,0.01160440
1773325456.43766141,0.02533296,6233,0.00022685,0.01926946,0,0.00000000,30278,30274,48,0.00089794,0.00247123,0.00168268,0.00000224,0.00067817,0.02201762
1773325456.53875589,0.02445862,6192,0.00020645,0.01640261,0,0.00000000,30274,30281,42,0.00261948,0.00338670,0.00199544,0.00000422,0.00070163,0.02018333
1773325456.63871360,0.02415229,6226,0.00058776,0.01703736,0,0.00000000,30281,30292,48,0.00154951,0.00303461,0.00130709,0.00000058,0.00039013,0.02043812
1773325456.73879218,0.02082613,6224,0.00017333,0.01460767,0,0.00000000,30292,30288,34,0.00164087,0.00233369,0.00210041,0.00000231,0.00081243,0.01718844
1773325456.83873820,0.01587783,6209,0.00019648,0.01055821,0,0.00000000,30288,30290,52,0.00228925,0.00122092,0.00231400,0.00000336,0.00081716,0.01188450
1773325456.93879032,0.01910779,6157,0.00014387,0.01343877,0,0.00000000,30290,30307,41,0.00085331,0.00212272,0.00189478,0.00000279,0.00069596,0.01582055
1773325457.03765702,0.01164080,6228,0.00015349,0.00767821,0,0.00000000,30307,30302,37,0.00091184,0.00154821,0.00141204,0.00000047,0.00032879,0.00933488
1773325457.13882399,0.01207822,6119,0.00054228,0.00727512,0,0.00000000,30302,30309,51,0.00081640,0.00139816,0.00124882,0.00000064,0.00037044,0.00877727
1773325457.23764777,0.01760681,6192,0.00047261,0.01126810,0,0.00000000,30309,30294,31,0.00258317,0.00263218,0.00131608,0.00000045,0.00036961,0.01426400
1773325457.33878803,0.02221407,6123,0.00016697,0.01470598,0,0.00000000,30294,30291,35,0.00083697,0.00211007,0.00326540,0.00000254,0.00078026,0.01718553
1773325457.43882704,0.02183529,6126,0.00020905,0.01591158,0,0.00000000,30291,30270,39,0.00088070,0.00218464,0.00203786,0.00000264,0.00073297,0.01831807
1773325457.53880787,0.01913911,6083,0.00015540,0.01193535,0,0.00000000,30270,30297,45,0.00157951,0.00250750,0.00292936,0.00000264,0.00076141,0.01469436
1773325457.63766384,0.01628741,6113,0.00010704,0.01072885,0,0.00000000,30297,30308,33,0.00094834,0.00195554,0.00200602,0.00000377,0.00080298,0.01284531
1773325457.73876023,0.01666167,6107,0.00022051,0.01110918,0,0.00000000,30308,30315,33,0.00159712,0.00251383,0.00154552,0.00000061,0.00044346,0.01377478
1773325457.83880806,0.02277178,6118,0.00042790,0.01480447,0,0.00000000,30315,30309,51,0.00101749,0.00305130,0.00276529,0.00000086,0.00067832,0.01806532
1773325457.93868709,0.06021972,6103,0.00031926,0.05044926,0,0.00000000,30309,30312,45,0.00094922,0.00273755,0.00400038,0.00000429,0.00152067,0.05342208
1773325458.03874683,0.03797931,6071,0.00011260,0.03256192,0,0.00000000,30312,30325,27,0.00178524,0.00192406,0.00200898,0.00000082,0.00049195,0.03467757
1773325458.13779712,0.01250138,6103,0.00013581,0.00787107,0,0.00000000,30325,30337,27,0.00094562,0.00167782,0.00172008,0.00000063,0.00030913,0.00968230
1773325458.23771834,0.04346315,6104,0.00028761,0.03575619,0,0.00000000,30337,30325,36,0.00230044,0.00214479,0.00324074,0.00000461,0.00085352,0.03812839
1773325458.33773041,0.02108097,6133,0.00013617,0.01482682,0,0.00000000,30325,30344,33,0.00291539,0.00246146,0.00202890,0.00000372,0.00073684,0.01755353
1773325458.43871689,0.02006046,6110,0.00019165,0.01389773,0,0.00000000,30344,30359,46,0.00153203,0.00236908,0.00196484,0.00000356,0.00086441,0.01650144
1773325458.53775883,0.01531173,6083,0.00054410,0.00881250,0,0.00000000,30359,30368,44,0.00077039,0.00236868,0.00166820,0.00000329,0.00048273,0.01141986
1773325458.63764000,0.02633430,6089,0.00036315,0.01741650,0,0.00000000,30368,30338,33,0.00159759,0.00296897,0.00326137,0.00000299,0.00082120,0.02081167
1773325458.73870921,0.02011341,6067,0.00032452,0.01324647,0,0.00000000,30338,30354,32,0.00130155,0.00290959,0.00131983,0.00000244,0.00068551,0.01650612
1773325458.83864450,0.01541508,6063,0.00009314,0.01051303,0,0.00000000,30354,30360,30,0.00082799,0.00132512,0.00197653,0.00000455,0.00078097,0.01198075
1773325458.93770957,0.01142191,6120,0.00018038,0.00715612,0,0.00000000,30360,30369,34,0.00151060,0.00155303,0.00132656,0.00000065,0.00039870,0.00885070
1773325459.03760791,0.01216629,6086,0.00017761,0.00703638,0,0.00000000,30369,30351,34,0.00143919,0.00213127,0.00177958,0.00000056,0.00043723,0.00931452
1773325459.13858438,0.02183791,6079,0.00043015,0.01349575,0,0.00000000,30351,30346,39,0.00087442,0.00272193,0.00255061,0.00000512,0.00096736,0.01662560
1773325459.23864937,0.01516396,6086,0.00060125,0.00929024,0,0.00000000,30346,30359,31,0.00137782,0.00254284,0.00111442,0.00000100,0.00030785,0.01205310
1773325459.33866620,0.02037955,6130,0.00086917,0.01250860,0,0.00000000,30359,30281,35,0.00080541,0.00254234,0.00213958,0.00000163,0.00072615,0.01538811
1773325459.43759441,0.01649390,6098,0.00019396,0.01062964,0,0.00000000,30281,30277,39,0.00116426,0.00212116,0.00203683,0.00000151,0.00080576,0.01295409
1773325459.53759313,0.01348648,6120,0.00010622,0.00799855,0,0.00000000,30277,30281,28,0.00142452,0.00150892,0.00228987,0.00000386,0.00084194,0.00961398
1773325459.63770914,0.01471021,6127,0.00009881,0.00945404,0,0.00000000,30281,30277,21,0.00082050,0.00168910,0.00194204,0.00000290,0.00073043,0.01136787
1773325459.73759651,0.01514760,6136,0.00013938,0.00954520,0,0.00000000,30277,30264,28,0.00074744,0.00180252,0.00217437,0.00000263,0.00077199,0.01149690
1773325459.83859873,0.01433833,6160,0.00031952,0.00900704,0,0.00000000,30264,30277,25,0.00143503,0.00205483,0.00138456,0.00000072,0.00033397,0.01124365
1773325459.93860030,0.01294394,6183,0.00012219,0.00778946,0,0.00000000,30277,30283,34,0.00145979,0.00175504,0.00200343,0.00000334,0.00070473,0.00966968
1773325460.03864551,0.01978226,6171,0.00051501,0.01310778,0,0.00000000,30283,30285,36,0.00155979,0.00236070,0.00156774,0.00000257,0.00068793,0.01578506
1773325460.13858461,0.01735913,6232,0.00014836,0.01155172,0,0.00000000,30285,30283,28,0.00164610,0.00158593,0.00256128,0.00000352,0.00078413,0.01334301
1773325460.23858809,0.01472067,6209,0.00009802,0.00979262,0,0.00000000,30283,30294,29,0.00173361,0.00143461,0.00194129,0.00000280,0.00088031,0.01135837
1773325460.33872366,0.01301233,6211,0.00016762,0.00770369,0,0.00000000,30294,30286,38,0.00202521,0.00134537,0.00249160,0.00000454,0.00069803,0.00914031
1773325460.43864441,0.01034372,6194,0.00012509,0.00642165,0,0.00000000,30286,30251,27,0.00077514,0.00135609,0.00161331,0.00000090,0.00037274,0.00788826
1773325460.53872848,0.01018623,6204,0.00011026,0.00631556,0,0.00000000,30251,30266,39,0.00089880,0.00124613,0.00170572,0.00000074,0.00033929,0.00764522
1773325460.63871861,0.00971538,6201,0.00007693,0.00611133,0,0.00000000,30266,30265,18,0.00149493,0.00124027,0.00137204,0.00000063,0.00037698,0.00743668
1773325460.73875475,0.01724735,6170,0.00035960,0.01168803,0,0.00000000,30265,30273,32,0.00183466,0.00210696,0.00126302,0.00000092,0.00050375,0.01404651
1773325460.83870482,0.01915814,6135,0.00032509,0.01152102,0,0.00000000,30273,30278,25,0.00169197,0.00210108,0.00265735,0.00000533,0.00091482,0.01398968
1773325460.93759131,0.01213510,6087,0.00015833,0.00649149,0,0.00000000,30278,30285,25,0.00211269,0.00175577,0.00261368,0.00000125,0.00049982,0.00836186
1773325461.03857756,0.03446025,6159,0.00018547,0.02970812,0,0.00000000,30285,30282,26,0.00153420,0.00165844,0.00131275,0.00000059,0.00035218,0.03156682
1773325461.13863492,0.05446912,6117,0.00013502,0.04268967,0,0.00000000,30282,30291,24,0.00137957,0.00289201,0.00453612,0.00000416,0.00122013,0.04747325
1773325461.23866367,0.04912723,6131,0.00039988,0.04225628,0,0.00000000,30291,30304,31,0.00098509,0.00248123,0.00198930,0.00000079,0.00053587,0.04501486
1773325461.33762860,0.01311454,6166,0.00013650,0.00718943,0,0.00000000,30304,30292,26,0.00228855,0.00123074,0.00311625,0.00000407,0.00085975,0.00853270
1773325461.43868804,0.01643027,6217,0.00031355,0.01099716,0,0.00000000,30292,30304,22,0.00083228,0.00174978,0.00144625,0.00000128,0.00060506,0.01299625
1773325461.53751874,0.01445579,6225,0.00014399,0.00864667,0,0.00000000,30304,30313,35,0.00300195,0.00118334,0.00312370,0.00000356,0.00073785,0.00991394
1773325461.63866568,0.01076911,6211,0.00009069,0.00599639,0,0.00000000,30313,30312,17,0.00260318,0.00098803,0.00247896,0.00000285,0.00066375,0.00707114
1773325461.73865700,0.01217082,6198,0.00005480,0.00723790,0,0.00000000,30312,30321,14,0.00168237,0.00126894,0.00230075,0.00000383,0.00068500,0.00868162
1773325461.83767676,0.01675955,6287,0.00031352,0.01043027,0,0.00000000,30321,30332,22,0.00195924,0.00185354,0.00224144,0.00000463,0.00068934,0.01252248
1773325461.93754697,0.01159664,6284,0.00006634,0.00683424,0,0.00000000,30332,30339,19,0.00234272,0.00109134,0.00282419,0.00000107,0.00033466,0.00802315
1773325462.03755569,0.01664847,6326,0.00014022,0.01027140,0,0.00000000,30339,30345,26,0.00190727,0.00147369,0.00320404,0.00003930,0.00079190,0.01189581
1773325462.13755178,0.01618222,6325,0.00045274,0.01070648,0,0.00000000,30345,30340,33,0.00199362,0.00128370,0.00175611,0.00000402,0.00069631,0.01217293
1773325462.23753166,0.01408259,6333,0.00031883,0.00919527,0,0.00000000,30340,30344,27,0.00122589,0.00149098,0.00163795,0.00000063,0.00031586,0.01086033
1773325462.33752346,0.01766107,6394,0.00032780,0.01105855,0,0.00000000,30344,30333,27,0.00254221,0.00161765,0.00247590,0.00000344,0.00090113,0.01301076
1773325462.43864417,0.01116023,6387,0.00010628,0.00687634,0,0.00000000,30333,30345,32,0.00142620,0.00100952,0.00199012,0.00000336,0.00069416,0.00795623
1773325462.53866410,0.01651655,6415,0.00016474,0.01183437,0,0.00000000,30345,30353,34,0.00081301,0.00144576,0.00178193,0.00000352,0.00071288,0.01342723
1773325462.63859558,0.01065865,6384,0.00018016,0.00539680,0,0.00000000,30353,30370,30,0.00080660,0.00103405,0.00310950,0.00000072,0.00041075,0.00649945
1773325462.73875475,0.03787893,6375,0.00035434,0.03016449,0,0.00000000,30370,30373,34,0.00127158,0.00161248,0.00332517,0.00000387,0.00125107,0.03197246
1773325462.83858943,0.01525462,6386,0.00015865,0.00941696,0,0.00000000,30373,30378,34,0.00145656,0.00134686,0.00263591,0.00000320,0.00100296,0.01092005
1773325462.93858194,0.01439058,6400,0.00029176,0.00920724,0,0.00000000,30378,30383,37,0.00121685,0.00113371,0.00251034,0.00000075,0.00040406,0.01044900
1773325463.03859544,0.02537618,6409,0.00016811,0.02192996,0,0.00000000,30383,30381,31,0.00269206,0.00107270,0.00136312,0.00000055,0.00035284,0.02309557
1773325463.13859677,0.01743628,6423,0.00017908,0.01252540,0,0.00000000,30381,30397,33,0.00380843,0.00135274,0.00201632,0.00000293,0.00079940,0.01401516
1773325463.23856306,0.01692350,6407,0.00012743,0.01085829,0,0.00000000,30397,30413,25,0.00218138,0.00192267,0.00202931,0.00000312,0.00077888,0.01314066
1773325463.33856559,0.02379019,6418,0.00012310,0.01786640,0,0.00000000,30413,30421,30,0.00165252,0.00152476,0.00274101,0.00000397,0.00083835,0.01958954
1773325463.43854833,0.04333531,6433,0.00038635,0.03584446,0,0.00000000,30421,30435,28,0.00157315,0.00181862,0.00305794,0.00000366,0.00088731,0.03788175
1773325463.53858328,0.01825051,6420,0.00013999,0.01224246,0,0.00000000,30435,30447,28,0.00162947,0.00147312,0.00272693,0.00000478,0.00108068,0.01380692
1773325463.63857746,0.03902259,6153,0.00020981,0.03396900,0,0.00000000,30447,30438,30,0.00117061,0.00162347,0.00198623,0.00000159,0.00054230,0.03575585
1773325463.73763609,0.05267392,6687,0.00011514,0.04512258,0,0.00000000,30438,30454,23,0.00257446,0.00197612,0.00280601,0.00000480,0.00155593,0.04733710
1773325463.83852887,0.05631441,6441,0.00018432,0.04655676,0,0.00000000,30454,30451,23,0.00100034,0.00186960,0.00486803,0.00000692,0.00159394,0.04868985
1773325463.93870735,0.03767301,6401,0.00022164,0.03233442,0,0.00000000,30451,30449,33,0.00259480,0.00192901,0.00187311,0.00000149,0.00051206,0.03457707
1773325464.03866172,0.05282873,6403,0.00023627,0.04314075,0,0.00000000,30449,30437,40,0.00168544,0.00196138,0.00180718,0.00000245,0.00055814,0.04537856
1773325464.13868999,0.02053583,6357,0.00015117,0.01360199,0,0.00000000,30437,30440,27,0.00516131,0.00122224,0.00436194,0.00000193,0.00051056,0.01493640
1773325464.23749948,0.03137383,6390,0.00039390,0.02422760,0,0.00000000,30440,30437,33,0.00355036,0.00172686,0.00202697,0.00000294,0.00062688,0.02617640
1773325464.33751035,0.03619309,6379,0.00020606,0.02748936,0,0.00000000,30437,30444,22,0.00245969,0.00261832,0.00262997,0.00000451,0.00113862,0.03049984
1773325464.43845463,0.05208565,6366,0.00023378,0.04153131,0,0.00000000,30444,30432,30,0.00166567,0.00424012,0.00330735,0.00000777,0.00127507,0.04626178
1773325464.53753424,0.04253216,6408,0.00135115,0.02941072,0,0.00000000,30432,30453,43,0.00175001,0.00363104,0.00280147,0.00000082,0.00039430,0.03368758
1773325464.63861394,0.04156982,6349,0.00046134,0.03277125,0,0.00000000,30453,30435,22,0.00145883,0.00277189,0.00268271,0.00000383,0.00060466,0.03579419
1773325464.73847890,0.04297566,6382,0.00033848,0.03263843,0,0.00000000,30435,30391,40,0.00129738,0.00227136,0.00500349,0.00000460,0.00146367,0.03516183
1773325464.83847070,0.05322657,6389,0.00012214,0.04416779,0,0.00000000,30391,30402,25,0.00302600,0.00264106,0.00352293,0.00000656,0.00158687,0.04713775
1773325464.93848181,0.04657010,6351,0.00013659,0.04127191,0,0.00000000,30402,30411,29,0.00297840,0.00197074,0.00192250,0.00000092,0.00050245,0.04348907
1773325465.03850389,0.04686422,6347,0.00023832,0.03933943,0,0.00000000,30411,30419,38,0.00280763,0.00250585,0.00258068,0.00000381,0.00111247,0.04220332
1773325465.13850498,0.01707862,6364,0.00010548,0.01309912,0,0.00000000,30419,30424,25,0.00633886,0.00091244,0.00201791,0.00000083,0.00036952,0.01408398
1773325465.23853517,0.04578722,6393,0.00017289,0.03335957,0,0.00000000,30424,30436,24,0.00318968,0.00777817,0.00181314,0.00000109,0.00052690,0.04131757
1773325465.33854485,0.03266225,6366,0.00030963,0.02744869,0,0.00000000,30436,30448,35,0.00255941,0.00191880,0.00139016,0.00000083,0.00043668,0.02959420
1773325465.43855381,0.04492876,6383,0.00015299,0.03574715,0,0.00000000,30448,30459,29,0.00161829,0.00392449,0.00251858,0.00000266,0.00092690,0.04002886
1773325465.53855729,0.02276314,6267,0.00017970,0.01648551,0,0.00000000,30459,30471,38,0.00133848,0.00144085,0.00304558,0.00000342,0.00082892,0.01814287
1773325465.63664556,0.02272225,6512,0.00037841,0.01573337,0,0.00000000,30471,30490,34,0.00123214,0.00200198,0.00243905,0.00000382,0.00079812,0.01799717
1773325465.73849082,0.01979286,6381,0.00014515,0.01352514,0,0.00000000,30490,30495,30,0.00139246,0.00155205,0.00294241,0.00000403,0.00080391,0.01527129
1773325465.83872700,0.04149351,6370,0.00044661,0.03371203,0,0.00000000,30495,30494,29,0.00262252,0.00172242,0.00334826,0.00000347,0.00076215,0.03569183
1773325465.93854380,0.03900138,6385,0.00038670,0.03211886,0,0.00000000,30494,30496,33,0.00161704,0.00164622,0.00208793,0.00000438,0.00100647,0.03395536
1773325466.03852892,0.00922401,6402,0.00014669,0.00586112,0,0.00000000,30496,30512,35,0.00196024,0.00113224,0.00133156,0.00000054,0.00032686,0.00707509
1773325466.13861322,0.01351129,6367,0.00042260,0.00734878,0,0.00000000,30512,30529,32,0.00162916,0.00183299,0.00201552,0.00000356,0.00061758,0.00937351
1773325466.23859215,0.01437315,6382,0.00024643,0.00805760,0,0.00000000,30529,30533,19,0.00204589,0.00225255,0.00205910,0.00000301,0.00049340,0.01048683
1773325466.33859277,0.01510440,6409,0.00040947,0.00923906,0,0.00000000,30533,30550,35,0.00182283,0.00179772,0.00187233,0.00000076,0.00040064,0.01123459
1773325466.43852878,0.01596113,6436,0.00024332,0.01014418,0,0.00000000,30550,30556,20,0.00088720,0.00212930,0.00163049,0.00000410,0.00049935,0.01251469
1773325466.53865790,0.01734777,6414,0.00046827,0.01106459,0,0.00000000,30556,30559,33,0.00233370,0.00175658,0.00179644,0.00000311,0.00076189,0.01310181
1773325466.63856101,0.03589060,6400,0.00012612,0.03177226,0,0.00000000,30559,30566,30,0.00208732,0.00137819,0.00162061,0.00000233,0.00048108,0.03327205
1773325466.73851848,0.01315180,6401,0.00026779,0.00662671,0,0.00000000,30566,30578,26,0.00166482,0.00153619,0.00280446,0.00000333,0.00059992,0.00835247
1773325466.83851933,0.01244470,6410,0.00039214,0.00726329,0,0.00000000,30578,30567,32,0.00164455,0.00164199,0.00170745,0.00000073,0.00036594,0.00906010
1773325466.93845677,0.01760428,6382,0.00045773,0.01148922,0,0.00000000,30567,30571,36,0.00171329,0.00213001,0.00180564,0.00000140,0.00044878,0.01394432
1773325467.03845859,0.00973578,6367,0.00022767,0.00550789,0,0.00000000,30571,30543,27,0.00114567,0.00107296,0.00210965,0.00000085,0.00037104,0.00667420
1773325467.13845253,0.01292261,6436,0.00012361,0.00797704,0,0.00000000,30543,30530,32,0.00193745,0.00117731,0.00227733,0.00000306,0.00078343,0.00930851
1773325467.23865271,0.01629574,6328,0.00014809,0.00977981,0,0.00000000,30530,30531,28,0.00195672,0.00180155,0.00257891,0.00000468,0.00115052,0.01178107
1773325467.33850360,0.01530337,6390,0.00008057,0.00911107,0,0.00000000,30531,30540,23,0.00087935,0.00168041,0.00263066,0.00000415,0.00104895,0.01095152
1773325467.43855619,0.03261927,6351,0.00019776,0.02711548,0,0.00000000,30540,30546,35,0.00086537,0.00140686,0.00214096,0.00000333,0.00095501,0.02864424
1773325467.53861976,0.01885284,6382,0.00014939,0.01234878,0,0.00000000,30546,30558,36,0.00163712,0.00183869,0.00235428,0.00000457,0.00081627,0.01441655
1773325467.63861990,0.01610790,6381,0.00012595,0.00982780,0,0.00000000,30558,30562,28,0.00197113,0.00177473,0.00253552,0.00000366,0.00111075,0.01175201
1773325467.73854256,0.01693322,6391,0.00011302,0.01053180,0,0.00000000,30562,30576,31,0.00230323,0.00132813,0.00349376,0.00000329,0.00078670,0.01199451
1773325467.83857250,0.01566429,6393,0.00016832,0.00999986,0,0.00000000,30576,30568,34,0.00250305,0.00140524,0.00254213,0.00002392,0.00092832,0.01156555
1773325467.93855572,0.01153679,6405,0.00013282,0.00683716,0,0.00000000,30568,30582,25,0.00109417,0.00120287,0.00214408,0.00000106,0.00070063,0.00812343
1773325468.03846812,0.01006063,6390,0.00010829,0.00590196,0,0.00000000,30582,30589,34,0.00218994,0.00110143,0.00174327,0.00000253,0.00064053,0.00710446
1773325468.13849282,0.01743788,6412,0.00072115,0.01069793,0,0.00000000,30589,30603,38,0.00251981,0.00170281,0.00213010,0.00000254,0.00071335,0.01281196
1773325468.23858523,0.03870587,6393,0.00055046,0.02905597,0,0.00000000,30603,30623,42,0.00167108,0.00129070,0.00261858,0.00000155,0.00063672,0.03049733
1773325468.33865237,0.01829570,6418,0.00045927,0.01226378,0,0.00000000,30623,30611,27,0.00122427,0.00154105,0.00184322,0.00000261,0.00082355,0.01400986
1773325468.43861008,0.01798534,6411,0.00015558,0.01062094,0,0.00000000,30611,30625,29,0.00109910,0.00145456,0.00313704,0.00000325,0.00090771,0.01227468
1773325468.53867292,0.04082875,6406,0.00015623,0.03510715,0,0.00000000,30625,30621,27,0.00124552,0.00149398,0.00215976,0.00000291,0.00080793,0.03682996
1773325468.63849497,0.01276807,6441,0.00006658,0.00786452,0,0.00000000,30621,30632,23,0.00211949,0.00102970,0.00236043,0.00000160,0.00081530,0.00898712
1773325468.73849201,0.00926717,6448,0.00013620,0.00529055,0,0.00000000,30632,30645,37,0.00182754,0.00093439,0.00208356,0.00000091,0.00039440,0.00628734
1773325468.83847356,0.00890991,6459,0.00009723,0.00532911,0,0.00000000,30645,30656,29,0.00129044,0.00108583,0.00170776,0.00000068,0.00032869,0.00648497
1773325468.93866539,0.01172165,6409,0.00017891,0.00835445,0,0.00000000,30656,30677,36,0.00258192,0.00095557,0.00128029,0.00000058,0.00035505,0.00942267
1773325469.03855324,0.00883353,6427,0.00007798,0.00544731,0,0.00000000,30677,30695,20,0.00218579,0.00090764,0.00170837,0.00000089,0.00032099,0.00642336
1773325469.13860273,0.01709466,6437,0.00016597,0.01089945,0,0.00000000,30695,30717,30,0.00163320,0.00163667,0.00232980,0.00000422,0.00120460,0.01277062
1773325469.23855662,0.02226383,6435,0.00029101,0.01714146,0,0.00000000,30717,30732,25,0.00159093,0.00145289,0.00178807,0.00000078,0.00045153,0.01879021
1773325469.33853221,0.01895853,6428,0.00014854,0.01151587,0,0.00000000,30732,30731,24,0.00116317,0.00158052,0.00328079,0.00000570,0.00091667,0.01331575
1773325469.43857145,0.01982733,6430,0.00014090,0.01474129,0,0.00000000,30731,30750,40,0.00083579,0.00071085,0.00269596,0.00000472,0.00092869,0.01554008
1773325469.53857303,0.01725829,6432,0.00017219,0.01072911,0,0.00000000,30750,30752,29,0.00241343,0.00135784,0.00337518,0.00000295,0.00080012,0.01226316
1773325469.63856435,0.01715624,6398,0.00012090,0.01057691,0,0.00000000,30752,30762,24,0.00103595,0.00145396,0.00284494,0.00000444,0.00102865,0.01220390
1773325469.73854995,0.03819599,6401,0.00013281,0.03398773,0,0.00000000,30762,30771,30,0.00112947,0.00139050,0.00174333,0.00000103,0.00041445,0.03552653
1773325469.83853030,0.01178278,6392,0.00007732,0.00792947,0,0.00000000,30771,30785,22,0.00236154,0.00100186,0.00201813,0.00000088,0.00036907,0.00899547
1773325469.93856621,0.01768300,6404,0.00016346,0.01254744,0,0.00000000,30785,30768,35,0.00186079,0.00118803,0.00230971,0.00000143,0.00060909,0.01381438
1773325470.03848076,0.01323492,6399,0.00056991,0.00936060,0,0.00000000,30768,30767,40,0.00189030,0.00129771,0.00122839,0.00000089,0.00032105,0.01077751
1773325470.13853526,0.01510433,6377,0.00013429,0.00936179,0,0.00000000,30767,30777,34,0.00325053,0.00152457,0.00240634,0.00000281,0.00090237,0.01113294
1773325470.23848152,0.01831495,6358,0.00016265,0.01228072,0,0.00000000,30777,30768,27,0.00186244,0.00170633,0.00250672,0.00000350,0.00091052,0.01416375
1773325470.33860040,0.03863775,6338,0.00024703,0.03202349,0,0.00000000,30768,30771,22,0.00251986,0.00171555,0.00210805,0.00000342,0.00100603,0.03393547
1773325470.43740416,0.01720185,6394,0.00007975,0.01143704,0,0.00000000,30771,30778,24,0.00084641,0.00134960,0.00248958,0.00000569,0.00100006,0.01288353
1773325470.53857422,0.03681274,6384,0.00032556,0.03037091,0,0.00000000,30778,30783,27,0.00241590,0.00186124,0.00196253,0.00000297,0.00084061,0.03246932
1773325470.63848472,0.04840052,6353,0.00039646,0.04234664,0,0.00000000,30783,30768,33,0.00148243,0.00150974,0.00229431,0.00000203,0.00055633,0.04406355
1773325470.73848462,0.02062768,6381,0.00038408,0.01351170,0,0.00000000,30768,30766,36,0.00195105,0.00336241,0.00149120,0.00000109,0.00037391,0.01726775
1773325470.83851862,0.02111375,6349,0.00035328,0.01423229,0,0.00000000,30766,30774,30,0.00180745,0.00219172,0.00206262,0.00000305,0.00079836,0.01673678
1773325470.93849826,0.02950225,6357,0.00032509,0.02402962,0,0.00000000,30774,30781,30,0.00191950,0.00160216,0.00161122,0.00000146,0.00051923,0.02589996
1773325471.03858709,0.01759946,6352,0.00015412,0.01325346,0,0.00000000,30781,30788,22,0.00180339,0.00117106,0.00202000,0.00000079,0.00047643,0.01452730
1773325471.13853383,0.03429565,6353,0.00017372,0.02959368,0,0.00000000,30788,30799,40,0.00156390,0.00173645,0.00163026,0.00000222,0.00051454,0.03149953
1773325471.23849010,0.01599799,6343,0.00009549,0.00934413,0,0.00000000,30799,30814,26,0.00104848,0.00165098,0.00314355,0.00000390,0.00094385,0.01125348
1773325471.33851767,0.01392994,6349,0.00018321,0.00807227,0,0.00000000,30814,30784,24,0.00303775,0.00165194,0.00257047,0.00000441,0.00082684,0.00983594
1773325471.43847585,0.01292859,6335,0.00009851,0.00732814,0,0.00000000,30784,30786,24,0.00079571,0.00133174,0.00263256,0.00000363,0.00084404,0.00875749
1773325471.53849673,0.01456168,6287,0.00040604,0.00885190,0,0.00000000,30786,30797,31,0.00132221,0.00220450,0.00142952,0.00000060,0.00037958,0.01127193
1773325471.63851261,0.01534209,6293,0.00031155,0.00932767,0,0.00000000,30797,30792,26,0.00257679,0.00179727,0.00175846,0.00000305,0.00078212,0.01136734
1773325471.73854446,0.01299778,6249,0.00010366,0.00790034,0,0.00000000,30792,30801,33,0.00173638,0.00141647,0.00203333,0.00000298,0.00091581,0.00943356
1773325471.83853507,0.01585010,6266,0.00009142,0.00990225,0,0.00000000,30801,30812,26,0.00148999,0.00165788,0.00270546,0.00000269,0.00074930,0.01173397
1773325471.93855977,0.02214798,6221,0.00025640,0.01498431,0,0.00000000,30812,30795,35,0.00165165,0.00200291,0.00248117,0.00000497,0.00097025,0.01721887
1773325472.03841281,0.01264635,6272,0.00008604,0.00901804,0,0.00000000,30795,30798,26,0.00179763,0.00130148,0.00126759,0.00000059,0.00034006,0.01042237
1773325472.13860703,0.02227415,6194,0.00043916,0.01438336,0,0.00000000,30798,30819,39,0.00184436,0.00238477,0.00243653,0.00000332,0.00068118,0.01709562
1773325472.23858070,0.02061525,6180,0.00043768,0.01228731,0,0.00000000,30819,30819,36,0.00169820,0.00232122,0.00317825,0.00000251,0.00075067,0.01495720
1773325472.33844781,0.03083004,6151,0.00014010,0.02612682,0,0.00000000,30819,30833,37,0.00158519,0.00163299,0.00151692,0.00000377,0.00072164,0.02791078
1773325472.43730187,0.01267890,6204,0.00019174,0.00768815,0,0.00000000,30833,30808,37,0.00153189,0.00158194,0.00197810,0.00000306,0.00069803,0.00936935
1773325472.53853106,0.01519216,6146,0.00014311,0.01067213,0,0.00000000,30808,30799,31,0.00159007,0.00202508,0.00133428,0.00000049,0.00038853,0.01289124
1773325472.63845801,0.02676495,6082,0.00048771,0.01880060,0,0.00000000,30799,30702,35,0.00132327,0.00278214,0.00199415,0.00000103,0.00058004,0.02194950
1773325472.73845291,0.02344168,6119,0.00058685,0.01528523,0,0.00000000,30702,30640,30,0.00085810,0.00272090,0.00258467,0.00000420,0.00072846,0.01846306
1773325472.83848548,0.02220503,6067,0.00030769,0.01435983,0,0.00000000,30640,30655,34,0.00185373,0.00233638,0.00249714,0.00000243,0.00092698,0.01703332
1773325472.93863869,0.02038478,6054,0.00023157,0.01393215,0,0.00000000,30655,30663,34,0.00194240,0.00213688,0.00224014,0.00000202,0.00071345,0.01632704
1773325473.03842759,0.01247925,6061,0.00012808,0.00740142,0,0.00000000,30663,30670,33,0.00197738,0.00155837,0.00238698,0.00000090,0.00040245,0.00907844
1773325473.13839459,0.02559218,6096,0.00019612,0.01714964,0,0.00000000,30670,30682,36,0.00086070,0.00286256,0.00263048,0.00000301,0.00095304,0.02036301
1773325473.23860550,0.02312194,6053,0.00046609,0.01468965,0,0.00000000,30682,30676,37,0.00084320,0.00277760,0.00227191,0.00000250,0.00069714,0.01786871
1773325473.33837485,0.01879366,6058,0.00065468,0.01173689,0,0.00000000,30676,30687,46,0.00159083,0.00237822,0.00198625,0.00000053,0.00035780,0.01447955
1773325473.43855000,0.01656209,6045,0.00074047,0.01054919,0,0.00000000,30687,30677,56,0.00166171,0.00209815,0.00132081,0.00000060,0.00042184,0.01287126
1773325473.53842354,0.01734185,6041,0.00051234,0.01149202,0,0.00000000,30677,30683,44,0.00100878,0.00228505,0.00127101,0.00000063,0.00038698,0.01400801
1773325473.63837385,0.02010193,6073,0.00045971,0.01324076,0,0.00000000,30683,30690,34,0.00121698,0.00293083,0.00151803,0.00000054,0.00034713,0.01652955
1773325473.73850346,0.01585852,6073,0.00108594,0.00903373,0,0.00000000,30690,30709,61,0.00246007,0.00229135,0.00158976,0.00000060,0.00037917,0.01156231
1773325473.83848524,0.01702510,6051,0.00014577,0.01137611,0,0.00000000,30709,30724,38,0.00188265,0.00168109,0.00216207,0.00000203,0.00087068,0.01317706
1773325473.93853259,0.01210251,6066,0.00018341,0.00806122,0,0.00000000,30724,30738,49,0.00200759,0.00156380,0.00132905,0.00000102,0.00039510,0.00973692
1773325474.03854060,0.01320626,6049,0.00016556,0.00868603,0,0.00000000,30738,30732,35,0.00158132,0.00162058,0.00170970,0.00000084,0.00040417,0.01044540
1773325474.13842845,0.02309642,6076,0.00017208,0.01552274,0,0.00000000,30732,30730,33,0.00193114,0.00295324,0.00221558,0.00000337,0.00070835,0.01889759
1773325474.23843122,0.02456634,6084,0.00021923,0.01682050,0,0.00000000,30730,30723,42,0.00102044,0.00247775,0.00352417,0.00000421,0.00059255,0.01961657
1773325474.33847260,0.02352595,6116,0.00017075,0.01617825,0,0.00000000,30723,30739,41,0.00089778,0.00273957,0.00204259,0.00000420,0.00086051,0.01936686
1773325474.43945789,0.02097106,6049,0.00016327,0.01499407,0,0.00000000,30739,30742,39,0.00095808,0.00163085,0.00239258,0.00000408,0.00095439,0.01684592
1773325474.53855896,0.01999628,6102,0.00018804,0.01393176,0,0.00000000,30742,30750,44,0.00121922,0.00234138,0.00192100,0.00000300,0.00073171,0.01655816
1773325474.63860154,0.04730900,6081,0.00026202,0.03964271,0,0.00000000,30750,30777,52,0.00173320,0.00369471,0.00229981,0.00000107,0.00048549,0.04367801
1773325474.73851514,0.03109567,6104,0.00045863,0.02124830,0,0.00000000,30777,30785,40,0.00084648,0.00126899,0.00213124,0.00000201,0.00083231,0.02262871
1773325474.83855486,0.01697999,6033,0.00030031,0.01196262,0,0.00000000,30785,30787,53,0.00111498,0.00141578,0.00182244,0.00000049,0.00030369,0.01354485
1773325474.93837738,0.02491853,6131,0.00024842,0.01719211,0,0.00000000,30787,30793,44,0.00156668,0.00254315,0.00246092,0.00000269,0.00073218,0.02007300
1773325475.03855920,0.01260778,6106,0.00018207,0.00858703,0,0.00000000,30793,30805,54,0.00098178,0.00167099,0.00120595,0.00000053,0.00033724,0.01039427
1773325475.13836288,0.01630221,6107,0.00098190,0.00934266,0,0.00000000,30805,30816,45,0.00156945,0.00252398,0.00152760,0.00000067,0.00032087,0.01213196
1773325475.23851109,0.01833824,6124,0.00060005,0.01211620,0,0.00000000,30816,30836,50,0.00147897,0.00234104,0.00138741,0.00000055,0.00035511,0.01474071
1773325475.33853173,0.02370866,6107,0.00057468,0.01440748,0,0.00000000,30836,30827,41,0.00146435,0.00437987,0.00192680,0.00000072,0.00042574,0.01928160
1773325475.43846226,0.01930041,6135,0.00055102,0.01321039,0,0.00000000,30827,30810,40,0.00087523,0.00190603,0.00172065,0.00000082,0.00032465,0.01529176
1773325475.53848004,0.02921290,6094,0.00019869,0.02031466,0,0.00000000,30810,30833,40,0.00166907,0.00382489,0.00204066,0.00000116,0.00066452,0.02480556
1773325475.63849258,0.01700430,6079,0.00042829,0.01119658,0,0.00000000,30833,30852,42,0.00196574,0.00189548,0.00147018,0.00000060,0.00038025,0.01329546
1773325475.73836040,0.01839550,6095,0.00043843,0.01054475,0,0.00000000,30852,30864,34,0.00201421,0.00184113,0.00319181,0.00000334,0.00073507,0.01260163
1773325475.83856773,0.02032668,6060,0.00040957,0.01345823,0,0.00000000,30864,30876,37,0.00176306,0.00268090,0.00165793,0.00000069,0.00049153,0.01641163
1773325475.93846107,0.02747610,6109,0.00030635,0.01991259,0,0.00000000,30876,30883,40,0.00168925,0.00326879,0.00212181,0.00000187,0.00082523,0.02349897
1773325476.03849745,0.01540178,6028,0.00019371,0.01107661,0,0.00000000,30883,30910,46,0.00242854,0.00147407,0.00148868,0.00000095,0.00049020,0.01269161
1773325476.13731384,0.02046096,6107,0.00052259,0.01412125,0,0.00000000,30910,30918,45,0.00208942,0.00254899,0.00129986,0.00000075,0.00036124,0.01688025
1773325476.23854327,0.02176383,5993,0.00020800,0.01580610,0,0.00000000,30918,30931,49,0.00231442,0.00172452,0.00208402,0.00000348,0.00099422,0.01780326
1773325476.33829308,0.02115819,6081,0.00031823,0.01241404,0,0.00000000,30931,30930,53,0.00129316,0.00268242,0.00347972,0.00000376,0.00075375,0.01532783
1773325476.43714142,0.02001246,6147,0.00023489,0.01436435,0,0.00000000,30930,30927,54,0.00082584,0.00197077,0.00203657,0.00000093,0.00045187,0.01654841
1773325476.53849173,0.03179289,6017,0.00028107,0.02586502,0,0.00000000,30927,30892,51,0.00166845,0.00221483,0.00181711,0.00000305,0.00081370,0.02824428
1773325476.63731122,0.02725832,6142,0.00074415,0.01852500,0,0.00000000,30892,30902,65,0.00078053,0.00317248,0.00183107,0.00000072,0.00052666,0.02214968
1773325476.73836994,0.02173832,6082,0.00020790,0.01418788,0,0.00000000,30902,30904,43,0.00143140,0.00215150,0.00335327,0.00000252,0.00075663,0.01662839
1773325476.83845067,0.04788210,6088,0.00065336,0.03393283,0,0.00000000,30904,30897,53,0.00172533,0.00875007,0.00188322,0.00000192,0.00085857,0.04300442
1773325476.93829417,0.01781517,6074,0.00044936,0.01220549,0,0.00000000,30897,30887,66,0.00151432,0.00237522,0.00127928,0.00000055,0.00036018,0.01479991
1773325477.03839207,0.01436558,6105,0.00022974,0.00937284,0,0.00000000,30887,30885,61,0.00117582,0.00184831,0.00182952,0.00000049,0.00036918,0.01137186
1773325477.13841057,0.02210715,6051,0.00042545,0.01526236,0,0.00000000,30885,30842,71,0.00085662,0.00217809,0.00241048,0.00000279,0.00076921,0.01782222
1773325477.23840213,0.02706164,6124,0.00024290,0.01933063,0,0.00000000,30842,30869,60,0.00114400,0.00334124,0.00249686,0.00000321,0.00072018,0.02290183
1773325477.33845735,0.02556904,6128,0.00022899,0.01727971,0,0.00000000,30869,30898,52,0.00089899,0.00288865,0.00315325,0.00000254,0.00088163,0.02060881
1773325477.43850183,0.02263831,6072,0.00029525,0.01598266,0,0.00000000,30898,30885,70,0.00085133,0.00275352,0.00194733,0.00000313,0.00073835,0.01906023
1773325477.53852940,0.02211065,6093,0.00032910,0.01541828,0,0.00000000,30885,30875,74,0.00263527,0.00257277,0.00209180,0.00000271,0.00073549,0.01833578
1773325477.63849497,0.02030701,5999,0.00030324,0.01427993,0,0.00000000,30875,30916,80,0.00140807,0.00194930,0.00197126,0.00000348,0.00093189,0.01643311
1773325477.73840570,0.05597485,6115,0.00033250,0.04953570,0,0.00000000,30916,30948,71,0.00089950,0.00245477,0.00179607,0.00000551,0.00091300,0.05221160
1773325477.83837247,0.02231378,6128,0.00030104,0.01595213,0,0.00000000,30948,30989,83,0.00093566,0.00218619,0.00214578,0.00000352,0.00089999,0.01839617
1773325477.93842578,0.02402009,6112,0.00090691,0.01653534,0,0.00000000,30989,30980,86,0.00244708,0.00240176,0.00192962,0.00000082,0.00050186,0.01918977
1773325478.03846383,0.01532279,6093,0.00044399,0.00935930,0,0.00000000,30980,31014,83,0.00153288,0.00226798,0.00191792,0.00000081,0.00045516,0.01178720
1773325478.13856173,0.02552428,6095,0.00048900,0.01780613,0,0.00000000,31014,30989,94,0.00197804,0.00244685,0.00280711,0.00000677,0.00104345,0.02057431
1773325478.23852849,0.02121891,6120,0.00110284,0.01418635,0,0.00000000,30989,31014,103,0.00254786,0.00210328,0.00184626,0.00000065,0.00040770,0.01655341
1773325478.33850956,0.01762149,6128,0.00037101,0.01138899,0,0.00000000,31014,31042,96,0.00265597,0.00158731,0.00266619,0.00000325,0.00090437,0.01309627
1773325478.43850493,0.02267475,6058,0.00057104,0.01564313,0,0.00000000,31042,31063,109,0.00118810,0.00204158,0.00215377,0.00000394,0.00117166,0.01793576
1773325478.53842950,0.01871709,6091,0.00048765,0.01272577,0,0.00000000,31063,31064,92,0.00106682,0.00152984,0.00230453,0.00000296,0.00090672,0.01436505
1773325478.63847971,0.02013973,6166,0.00117871,0.01277235,0,0.00000000,31064,31044,73,0.00260886,0.00162841,0.00216123,0.00000312,0.00134584,0.01452040
1773325478.73845601,0.02001934,6132,0.00078470,0.01290173,0,0.00000000,31044,31069,76,0.00159878,0.00186509,0.00206711,0.00000295,0.00075958,0.01498331
1773325478.83847022,0.02093496,6175,0.00029334,0.01495963,0,0.00000000,31069,31084,70,0.00171386,0.00186694,0.00223222,0.00000333,0.00078872,0.01696561
1773325478.93850899,0.01729477,6103,0.00079800,0.01088910,0,0.00000000,31084,31104,69,0.00168933,0.00231773,0.00130049,0.00000066,0.00036123,0.01344201
1773325479.03837800,0.01466362,6126,0.00028872,0.00916719,0,0.00000000,31104,31125,80,0.00101509,0.00148915,0.00262837,0.00000084,0.00035911,0.01077155
1773325479.13835883,0.02538941,6091,0.00031521,0.01897527,0,0.00000000,31125,31143,66,0.00112269,0.00219484,0.00213633,0.00000295,0.00080061,0.02139989
1773325479.23844242,0.02421211,6118,0.00028893,0.01782542,0,0.00000000,31143,31160,76,0.00211961,0.00229232,0.00210997,0.00000340,0.00074997,0.02042025
1773325479.33850503,0.02613953,6063,0.00029162,0.01966075,0,0.00000000,31160,31183,74,0.00219843,0.00235209,0.00198679,0.00000296,0.00086449,0.02227981
1773325479.43832088,0.03224348,6152,0.00109358,0.02417758,0,0.00000000,31183,31166,89,0.00083098,0.00320226,0.00150800,0.00000347,0.00036100,0.02777082
1773325479.53853941,0.01841773,6098,0.00043784,0.01376723,0,0.00000000,31166,31162,81,0.00190553,0.00183247,0.00131027,0.00000047,0.00039779,0.01572215
1773325479.63833070,0.02349169,6115,0.00070678,0.01548774,0,0.00000000,31162,31174,67,0.00164025,0.00255511,0.00249183,0.00001846,0.00081295,0.01829812
1773325479.73849201,0.07384709,6126,0.00036552,0.06188086,0,0.00000000,31174,31178,75,0.00136976,0.00461125,0.00453928,0.00000447,0.00121776,0.06699745
1773325479.83848405,0.09807136,6061,0.00044189,0.07715261,0,0.00000000,31178,31190,86,0.00239608,0.01182882,0.00545856,0.00000418,0.00123289,0.08997752
1773325479.93832731,0.08855307,6111,0.00073896,0.07690886,0,0.00000000,31190,31229,72,0.00176250,0.00302309,0.00312722,0.00000504,0.00160379,0.08027561
1773325480.03834224,0.04240896,6119,0.00049966,0.03433725,0,0.00000000,31229,31220,74,0.00160379,0.00236503,0.00246934,0.00000426,0.00112143,0.03706310
1773325480.13837528,0.05981059,6123,0.00070031,0.04910180,0,0.00000000,31220,31253,67,0.00385716,0.00426562,0.00222783,0.00000260,0.00098266,0.05387426
1773325480.23837519,0.04915548,6096,0.00033706,0.03820546,0,0.00000000,31253,31259,74,0.00136353,0.00354145,0.00463816,0.00000565,0.00145464,0.04197028
1773325480.33846593,0.02831053,6070,0.00035917,0.02057351,0,0.00000000,31259,31241,72,0.00617690,0.00183864,0.00121709,0.00000067,0.00037149,0.02257233
1773325480.43832970,0.04701227,6098,0.00042762,0.03974495,0,0.00000000,31241,31263,84,0.00242780,0.00190376,0.00254441,0.00000410,0.00124560,0.04179266
1773325480.53837514,0.05805955,6065,0.00080019,0.03714398,0,0.00000000,31263,31294,74,0.00123158,0.01014934,0.00239934,0.00000333,0.00067489,0.05232602
1773325480.63837910,0.05942294,6084,0.00046997,0.04844662,0,0.00000000,31294,31325,83,0.00114662,0.00249369,0.00261057,0.00000333,0.00094420,0.05116867
1773325480.73841000,0.07608115,6118,0.00151743,0.06011309,0,0.00000000,31325,31323,70,0.00120822,0.00845880,0.00177679,0.00000124,0.00106235,0.06972782
1773325480.83852816,0.04943045,6039,0.00031632,0.03760327,0,0.00000000,31323,31343,62,0.00091966,0.00491389,0.00247286,0.00000559,0.00185277,0.04295797
1773325480.93840313,0.04329389,6094,0.00022865,0.03096934,0,0.00000000,31343,31361,54,0.00164210,0.00879963,0.00189657,0.00000201,0.00046933,0.04005623
1773325481.03843594,0.03826269,6038,0.00032885,0.03268073,0,0.00000000,31361,31394,60,0.00298030,0.00194250,0.00186196,0.00000175,0.00050273,0.03483024
1773325481.13833642,0.02031196,6068,0.00025794,0.01544076,0,0.00000000,31394,31388,48,0.00109012,0.00179182,0.00154851,0.00000059,0.00033776,0.01739119
1773325481.23841429,0.02765791,6036,0.00346083,0.01765155,0,0.00000000,31388,31356,65,0.00120034,0.00260704,0.00181129,0.00000108,0.00035631,0.02058173
1773325481.33833504,0.01744192,6091,0.00052802,0.01043599,0,0.00000000,31356,31357,46,0.00171899,0.00144216,0.00270563,0.00000349,0.00081490,0.01199134
1773325481.43828559,0.02562253,6055,0.00070357,0.01815766,0,0.00000000,31357,31374,53,0.00239036,0.00308673,0.00128514,0.00000045,0.00039812,0.02158177
1773325481.53841305,0.02207244,6057,0.00065948,0.01438464,0,0.00000000,31374,31386,54,0.00091828,0.00313925,0.00145952,0.00000054,0.00037142,0.01791588
1773325481.63838577,0.02322752,6054,0.00021903,0.01595313,0,0.00000000,31386,31403,57,0.00178760,0.00257043,0.00283027,0.00000539,0.00073671,0.01880816
1773325481.73848391,0.04691549,6044,0.00034139,0.04100379,0,0.00000000,31403,31398,70,0.00154180,0.00182174,0.00189321,0.00000363,0.00081252,0.04300993
1773325481.83837605,0.01946246,6080,0.00077469,0.01161648,0,0.00000000,31398,31396,62,0.00223124,0.00215137,0.00215287,0.00000470,0.00071826,0.01400223
1773325481.93842745,0.01470655,6065,0.00022286,0.01036726,0,0.00000000,31396,31409,60,0.00171335,0.00174837,0.00128836,0.00000109,0.00040543,0.01224206
1773325482.03844166,0.01330533,6015,0.00018514,0.00922696,0,0.00000000,31409,31431,50,0.00179162,0.00130956,0.00159136,0.00000067,0.00032343,0.01064601
1773325482.13839912,0.04031420,6055,0.00072560,0.02987603,0,0.00000000,31431,31444,63,0.00191188,0.00354827,0.00218825,0.00000168,0.00132433,0.03394130
1773325482.23834896,0.03763731,6061,0.00073910,0.02692587,0,0.00000000,31444,31450,54,0.00155846,0.00401419,0.00277770,0.00000306,0.00070336,0.03179479
1773325482.33840799,0.04014918,6109,0.00033793,0.02982756,0,0.00000000,31450,31472,67,0.00086794,0.00384776,0.00242682,0.00000612,0.00102727,0.03452493
1773325482.43838787,0.03591412,6081,0.00029754,0.02557716,0,0.00000000,31472,31493,60,0.00084146,0.00353102,0.00197491,0.00000333,0.00095562,0.03107649
1773325482.53848600,0.02647706,6102,0.00020282,0.02057179,0,0.00000000,31493,31519,60,0.00095551,0.00202526,0.00199140,0.00000404,0.00086915,0.02274738
1773325482.63830376,0.03239734,6094,0.00063369,0.02257404,0,0.00000000,31519,31535,53,0.00255590,0.00327157,0.00281768,0.00000363,0.00112126,0.02625709
1773325482.73835611,0.04035790,6118,0.00142249,0.02744864,0,0.00000000,31535,31567,67,0.00086213,0.00551801,0.00246111,0.00000469,0.00083562,0.03329525
1773325482.83841348,0.03679709,6129,0.00102580,0.02657603,0,0.00000000,31567,31559,58,0.00182415,0.00314181,0.00297512,0.00000112,0.00038431,0.03020251
1773325482.93830609,0.02057408,6103,0.00021701,0.01481644,0,0.00000000,31559,31558,62,0.00192391,0.00139992,0.00249393,0.00000395,0.00080673,0.01634507
1773325483.03841758,0.01622797,6091,0.00024509,0.01072987,0,0.00000000,31558,31573,58,0.00322437,0.00184575,0.00218982,0.00000108,0.00043452,0.01275697
1773325483.13829756,0.05508874,6092,0.00091647,0.04562017,0,0.00000000,31573,31558,63,0.00214107,0.00282347,0.00260948,0.00000289,0.00098786,0.04885555
1773325483.23829675,0.04009218,6075,0.00035394,0.03226511,0,0.00000000,31558,31584,71,0.00176995,0.00354306,0.00149480,0.00000080,0.00039591,0.03637909
1773325483.33833051,0.02252192,6166,0.00060064,0.01443067,0,0.00000000,31584,31570,53,0.00172619,0.00261782,0.00205557,0.00000288,0.00084826,0.01732914
1773325483.43840504,0.02531081,6040,0.00034248,0.01787535,0,0.00000000,31570,31591,76,0.00086653,0.00239324,0.00258905,0.00000387,0.00112907,0.02050369
1773325483.53835297,0.03220922,6088,0.00031672,0.02491314,0,0.00000000,31591,31580,57,0.00135058,0.00273345,0.00217671,0.00000284,0.00097045,0.02785539
1773325483.63832283,0.02101399,6119,0.00034563,0.01522059,0,0.00000000,31580,31571,47,0.00271163,0.00242766,0.00159339,0.00000064,0.00034469,0.01787782
1773325483.73847961,0.05226176,6055,0.00021218,0.04412799,0,0.00000000,31571,31582,48,0.00198720,0.00251610,0.00313470,0.00000320,0.00092390,0.04692697
1773325483.83828998,0.02867568,6095,0.00049913,0.02100954,0,0.00000000,31582,31601,44,0.00159388,0.00279797,0.00252793,0.00000256,0.00089424,0.02413273
1773325483.93842626,0.04093054,6137,0.00024437,0.03427236,0,0.00000000,31601,31595,50,0.00088599,0.00242175,0.00198731,0.00000186,0.00093363,0.03698516
1773325484.03837419,0.04507331,6089,0.00060565,0.03847485,0,0.00000000,31595,31517,54,0.00167240,0.00261452,0.00154324,0.00000067,0.00078013,0.04137928
1773325484.13838172,0.02069878,6086,0.00027931,0.01579717,0,0.00000000,31517,31507,53,0.00120694,0.00171371,0.00156345,0.00000070,0.00047097,0.01764214
1773325484.23835802,0.03060320,6091,0.00031874,0.02563639,0,0.00000000,31507,31468,51,0.00089643,0.00202255,0.00127623,0.00000051,0.00039746,0.02787465
1773325484.33842421,0.01618028,6115,0.00038672,0.01149304,0,0.00000000,31468,31443,60,0.00163125,0.00162798,0.00134780,0.00000062,0.00038637,0.01327958
1773325484.43827796,0.01665583,6140,0.00019696,0.01055659,0,0.00000000,31443,31468,51,0.00083442,0.00196985,0.00167747,0.00000194,0.00049348,0.01268867
1773325484.53833628,0.01614463,6077,0.00028449,0.01077081,0,0.00000000,31468,31477,63,0.00084684,0.00156344,0.00215117,0.00000082,0.00039289,0.01248568
1773325484.63833785,0.02740990,6113,0.00057318,0.01951865,0,0.00000000,31477,31484,45,0.00174015,0.00273480,0.00201374,0.00000337,0.00077327,0.02258378
1773325484.73842764,0.02160498,6084,0.00066388,0.01366423,0,0.00000000,31484,31507,51,0.00104631,0.00282632,0.00171512,0.00000081,0.00049077,0.01673710
1773325484.83828568,0.02022578,6137,0.00017122,0.01482607,0,0.00000000,31507,31535,44,0.00101311,0.00161800,0.00218707,0.00000224,0.00072031,0.01655958
1773325484.93833899,0.02414666,6121,0.00017580,0.01798848,0,0.00000000,31535,31524,38,0.00087359,0.00229182,0.00194868,0.00000300,0.00087373,0.02056348
1773325485.03835511,0.05089949,6113,0.00029656,0.04578287,0,0.00000000,31524,31534,55,0.00094961,0.00180777,0.00176744,0.00000096,0.00048907,0.04771572
1773325485.13846445,0.03379210,6151,0.00023443,0.02862253,0,0.00000000,31534,31545,52,0.00266708,0.00175536,0.00198410,0.00000106,0.00052859,0.03050128
1773325485.23833013,0.06968161,6155,0.00066592,0.06184806,0,0.00000000,31545,31532,62,0.00080620,0.00220748,0.00253744,0.00000341,0.00102688,0.06450372
1773325485.33836603,0.06523187,6134,0.00033888,0.05684698,0,0.00000000,31532,31557,58,0.00295282,0.00176550,0.00240971,0.00000324,0.00067707,0.05875220
1773325485.43836308,0.07338276,6077,0.00368691,0.04835828,0,0.00000000,31557,31562,66,0.00137677,0.01436681,0.00301307,0.00000111,0.00054955,0.06420480
1773325485.53839087,0.04485730,6136,0.00153697,0.03541510,0,0.00000000,31562,31548,52,0.00125330,0.00257142,0.00227053,0.00000165,0.00052956,0.03827461
1773325485.63830376,0.05018194,6113,0.00030878,0.04297682,0,0.00000000,31548,31534,42,0.00156716,0.00257790,0.00189376,0.00000136,0.00047410,0.04579434
1773325485.73840022,0.04876375,6137,0.00031450,0.04153090,0,0.00000000,31534,31540,67,0.00112931,0.00160334,0.00316452,0.00000515,0.00109402,0.04331650
1773325485.83822083,0.05646416,6122,0.00027622,0.04897659,0,0.00000000,31540,31550,51,0.00265762,0.00149580,0.00271141,0.00000325,0.00199595,0.05062245
1773325485.93834782,0.02710220,6174,0.00018779,0.02107339,0,0.00000000,31550,31559,48,0.00251012,0.00210981,0.00196433,0.00000225,0.00082583,0.02339693
1773325486.03830981,0.01608682,6106,0.00047589,0.01054519,0,0.00000000,31559,31561,60,0.00208687,0.00171776,0.00143359,0.00000068,0.00040621,0.01243114
1773325486.13836241,0.02636883,6064,0.00033343,0.02068643,0,0.00000000,31561,31569,58,0.00159379,0.00209122,0.00187398,0.00000151,0.00050352,0.02306583
1773325486.23817945,0.04669094,6129,0.00026772,0.04058599,0,0.00000000,31569,31581,54,0.00136785,0.00217334,0.00217536,0.00000129,0.00070016,0.04295628
1773325486.33827734,0.03078567,6130,0.00057584,0.02358029,0,0.00000000,31581,31586,49,0.00128861,0.00318148,0.00171280,0.00000134,0.00038078,0.02715302
1773325486.43833470,0.04460171,6127,0.00098261,0.03461565,0,0.00000000,31586,31628,71,0.00209396,0.00341927,0.00251513,0.00000270,0.00115085,0.03846974
1773325486.53823972,0.02632692,6130,0.00036022,0.01906181,0,0.00000000,31628,31638,64,0.00093341,0.00232545,0.00271965,0.00000335,0.00083739,0.02168999
1773325486.63829231,0.01907009,6110,0.00080501,0.01195734,0,0.00000000,31638,31652,71,0.00176727,0.00215242,0.00198028,0.00000099,0.00071745,0.01434465
1773325486.73830557,0.06664684,6114,0.00148292,0.05024100,0,0.00000000,31652,31682,68,0.00125866,0.00434476,0.00665697,0.00000445,0.00232479,0.05478619
1773325486.83834171,0.02849166,6117,0.00097649,0.01963836,0,0.00000000,31682,31689,72,0.00176918,0.00297383,0.00169784,0.00000106,0.00035314,0.02303325
1773325486.93837428,0.02162553,6080,0.00028282,0.01479961,0,0.00000000,31689,31713,55,0.00128427,0.00232883,0.00243863,0.00000136,0.00049079,0.01740259
1773325487.03822923,0.02037570,6100,0.00086339,0.01326433,0,0.00000000,31713,31676,63,0.00216809,0.00220203,0.00198048,0.00000090,0.00047845,0.01573048
1773325487.13833070,0.01299343,6166,0.00026118,0.00881318,0,0.00000000,31676,31715,65,0.00475102,0.00163194,0.00122812,0.00000089,0.00036810,0.01058507
1773325487.23831034,0.02162057,6124,0.00084150,0.01414618,0,0.00000000,31715,31729,69,0.00123368,0.00284520,0.00152317,0.00000054,0.00040586,0.01738594
1773325487.33852959,0.01550207,6123,0.00029680,0.00957031,0,0.00000000,31729,31734,56,0.00316103,0.00200888,0.00185923,0.00000355,0.00080058,0.01185430
1773325487.43814111,0.01783565,6144,0.00068548,0.01119845,0,0.00000000,31734,31746,59,0.00080129,0.00165835,0.00238779,0.00000352,0.00077467,0.01298631
1773325487.53822494,0.01850236,6116,0.00070088,0.01212101,0,0.00000000,31746,31748,68,0.00077278,0.00137913,0.00253733,0.00000333,0.00085891,0.01363516
1773325487.63816381,0.02139648,6129,0.00030417,0.01484398,0,0.00000000,31748,31735,45,0.00163823,0.00200100,0.00266546,0.00000371,0.00077786,0.01703746
1773325487.73824000,0.02369079,6143,0.00027904,0.01664360,0,0.00000000,31735,31740,59,0.00175955,0.00227530,0.00261367,0.00000388,0.00094996,0.01918154
1773325487.83826995,0.02461684,6125,0.00043142,0.01780410,0,0.00000000,31740,31715,64,0.00173651,0.00236605,0.00182782,0.00000469,0.00080004,0.02048544
1773325487.93834925,0.01764846,6124,0.00035279,0.01247098,0,0.00000000,31715,31697,59,0.00096898,0.00144610,0.00196586,0.00000365,0.00074513,0.01403726
1773325488.03835201,0.01395568,6124,0.00022495,0.00902951,0,0.00000000,31697,31704,42,0.00141948,0.00151493,0.00162570,0.00000054,0.00033510,0.01069127
1773325488.13820553,0.02515596,6132,0.00024072,0.01783117,0,0.00000000,31704,31711,46,0.00110672,0.00278215,0.00195247,0.00000249,0.00070834,0.02100011
1773325488.23821187,0.02545227,6142,0.00069339,0.01769976,0,0.00000000,31711,31713,64,0.00087991,0.00281296,0.00168142,0.00000088,0.00057281,0.02090215
1773325488.33830953,0.01541218,6127,0.00061843,0.00946867,0,0.00000000,31713,31724,55,0.00183857,0.00133215,0.00198029,0.00000113,0.00047051,0.01095207
1773325488.43829751,0.01821315,6154,0.00053279,0.01132451,0,0.00000000,31724,31748,55,0.00082669,0.00152876,0.00251719,0.00000460,0.00083099,0.01305489
1773325488.53831244,0.01915121,6141,0.00053285,0.01073795,0,0.00000000,31748,31773,55,0.00080226,0.00243841,0.00336801,0.00000468,0.00050375,0.01342159
1773325488.63815737,0.01896102,6173,0.00023895,0.01360595,0,0.00000000,31773,31767,53,0.00177357,0.00177648,0.00181995,0.00000271,0.00079882,0.01550565
1773325488.73819518,0.02203823,6165,0.00031824,0.01534242,0,0.00000000,31767,31765,61,0.00246672,0.00197936,0.00250071,0.00000290,0.00105221,0.01760226
1773325488.83822155,0.02227301,6167,0.00024933,0.01559995,0,0.00000000,31765,31789,52,0.00185394,0.00229689,0.00233569,0.00000212,0.00073715,0.01819201
1773325488.93829441,0.01432636,6190,0.00053529,0.00859281,0,0.00000000,31789,31675,40,0.00214866,0.00131644,0.00286937,0.00000132,0.00041583,0.01002337
1773325489.03823829,0.01389995,6209,0.00022601,0.00852382,0,0.00000000,31675,31691,55,0.00166691,0.00153290,0.00259639,0.00000066,0.00038056,0.01017810
1773325489.13830900,0.02162023,6145,0.00018445,0.01549754,0,0.00000000,31691,31722,49,0.00167619,0.00221565,0.00203028,0.00000229,0.00073996,0.01797003
1773325489.23816323,0.02249395,6136,0.00057632,0.01536469,0,0.00000000,31722,31733,46,0.00182658,0.00271479,0.00155639,0.00000204,0.00051080,0.01844980
1773325489.33827591,0.01715346,6158,0.00057696,0.01109038,0,0.00000000,31733,31750,48,0.00310615,0.00207900,0.00127241,0.00000059,0.00038938,0.01340449
1773325489.43826604,0.01785455,6122,0.00069035,0.01032867,0,0.00000000,31750,31734,44,0.00106976,0.00238016,0.00167051,0.00000306,0.00081238,0.01295403
1773325489.53817415,0.01945552,6171,0.00064945,0.01094706,0,0.00000000,31734,31731,46,0.00163616,0.00267178,0.00250262,0.00000152,0.00071872,0.01387532
1773325489.63830447,0.01888183,6164,0.00046320,0.01155438,0,0.00000000,31731,31747,40,0.00117774,0.00210431,0.00239254,0.00000428,0.00080621,0.01382682
1773325489.73825979,0.02376668,6118,0.00023956,0.01581700,0,0.00000000,31747,31769,43,0.00169671,0.00265851,0.00292050,0.00000353,0.00102569,0.01893222
1773325489.83810306,0.02402795,6145,0.00019285,0.01734504,0,0.00000000,31769,31772,46,0.00259281,0.00208757,0.00247592,0.00000444,0.00100024,0.01966383
1773325489.93814945,0.01519218,6145,0.00018975,0.01060173,0,0.00000000,31772,31766,40,0.00275359,0.00156218,0.00160592,0.00000311,0.00059369,0.01228584
1773325490.03818703,0.01298556,6183,0.00026071,0.00859472,0,0.00000000,31766,31774,60,0.00182855,0.00153317,0.00157086,0.00000057,0.00037471,0.01027673
1773325490.13820219,0.01944838,6170,0.00035255,0.01283630,0,0.00000000,31774,31791,35,0.00149245,0.00234570,0.00194400,0.00000063,0.00035795,0.01543909
1773325490.23820829,0.01785779,6112,0.00047095,0.01132898,0,0.00000000,31791,31794,40,0.00125876,0.00189061,0.00188559,0.00000254,0.00080754,0.01341419
1773325490.33812165,0.01887494,6140,0.00020954,0.01242265,0,0.00000000,31794,31780,45,0.00190565,0.00209505,0.00236488,0.00000242,0.00073391,0.01486765
1773325490.43821073,0.01892003,6115,0.00049524,0.01118486,0,0.00000000,31780,31802,40,0.00111181,0.00197967,0.00234976,0.00000488,0.00111177,0.01336726
1773325490.53822184,0.01861483,6101,0.00018020,0.01258266,0,0.00000000,31802,31792,42,0.00176678,0.00183929,0.00248341,0.00000393,0.00078669,0.01455292
1773325490.63812566,0.02798758,6129,0.00034967,0.02096397,0,0.00000000,31792,31814,47,0.00210471,0.00253526,0.00234008,0.00000356,0.00092753,0.02370612
1773325490.73816085,0.02615374,6111,0.00055775,0.01811668,0,0.00000000,31814,31804,51,0.00164928,0.00275490,0.00237018,0.00000302,0.00074203,0.02132577
1773325490.83817029,0.02549726,6120,0.00068674,0.01724938,0,0.00000000,31804,31818,56,0.00258087,0.00327328,0.00184750,0.00000168,0.00055298,0.02092559
1773325490.93818164,0.02091659,6122,0.00025309,0.01435924,0,0.00000000,31818,31832,71,0.00210791,0.00210659,0.00224611,0.00000479,0.00086253,0.01678080
1773325491.03824735,0.01918957,6062,0.00026259,0.01479062,0,0.00000000,31832,31839,54,0.00077075,0.00180230,0.00125291,0.00000065,0.00034402,0.01675595
1773325491.13820124,0.01932392,6129,0.00068254,0.01169851,0,0.00000000,31839,31851,62,0.00089956,0.00252461,0.00181977,0.00000343,0.00075994,0.01447389
1773325491.23818254,0.02224836,6133,0.00074035,0.01412667,0,0.00000000,31851,31867,60,0.00088450,0.00221638,0.00236947,0.00000392,0.00096368,0.01653087
1773325491.33811235,0.04589792,6132,0.00095772,0.03780234,0,0.00000000,31867,31888,65,0.00268029,0.00248159,0.00206433,0.00000300,0.00086273,0.04058509
1773325491.43809915,0.02410912,6108,0.00078271,0.01682095,0,0.00000000,31888,31892,56,0.00075489,0.00263084,0.00149383,0.00000087,0.00043355,0.01979933
1773325491.53819656,0.02474755,6179,0.00078005,0.01736165,0,0.00000000,31892,31906,65,0.00183315,0.00299433,0.00130887,0.00000052,0.00043582,0.02077015
1773325491.63818192,0.02319612,6178,0.00060807,0.01481708,0,0.00000000,31906,31928,52,0.00154546,0.00304677,0.00246894,0.00000057,0.00042457,0.01823084
1773325491.73818564,0.01688901,6114,0.00064513,0.01015068,0,0.00000000,31928,31914,55,0.00144390,0.00176241,0.00189616,0.00000236,0.00088583,0.01205989
1773325491.83824635,0.02102422,6135,0.00063876,0.01274060,0,0.00000000,31914,31932,51,0.00090470,0.00238906,0.00285937,0.00000366,0.00076999,0.01536479
1773325491.93809414,0.01837148,6156,0.00095652,0.01060727,0,0.00000000,31932,31882,55,0.00161039,0.00240803,0.00228945,0.00000075,0.00038959,0.01326004
1773325492.03807354,0.01788398,6152,0.00032977,0.01215563,0,0.00000000,31882,31895,62,0.00209412,0.00165164,0.00240832,0.00000047,0.00044529,0.01396739
1773325492.13818169,0.02813284,6121,0.00085655,0.01930422,0,0.00000000,31895,31898,61,0.00202417,0.00343085,0.00220161,0.00000051,0.00040724,0.02315088
1773325492.23818493,0.01764018,6168,0.00020757,0.01204801,0,0.00000000,31898,31920,59,0.00188092,0.00183397,0.00202679,0.00000394,0.00078159,0.01400874
1773325492.33822346,0.02579308,6111,0.00027932,0.01854438,0,0.00000000,31920,31939,61,0.00140584,0.00242132,0.00240251,0.00000429,0.00106109,0.02123173
1773325492.43810415,0.03155736,6173,0.00027966,0.02164614,0,0.00000000,31939,31948,48,0.00177465,0.00299202,0.00303082,0.00000627,0.00115820,0.02513271
1773325492.53814864,0.02122256,6155,0.00052797,0.01351766,0,0.00000000,31948,31967,46,0.00172243,0.00225186,0.00213634,0.00000078,0.00040937,0.01605879
1773325492.63812995,0.01541636,6134,0.00030335,0.00968809,0,0.00000000,31967,31951,49,0.00178483,0.00168966,0.00228790,0.00000142,0.00062760,0.01150567
1773325492.73818302,0.01819657,6143,0.00015330,0.01244983,0,0.00000000,31951,31975,52,0.00116396,0.00180678,0.00196297,0.00000331,0.00085832,0.01453618
1773325492.83816028,0.02072389,6128,0.00015054,0.01492402,0,0.00000000,31975,31980,39,0.00122975,0.00177509,0.00214958,0.00000254,0.00097301,0.01681762
1773325492.93806243,0.01955636,6170,0.00019517,0.01453501,0,0.00000000,31980,31992,52,0.00262376,0.00141028,0.00230042,0.00000074,0.00047572,0.01606272
1773325493.03806520,0.01437899,6155,0.00020682,0.00968834,0,0.00000000,31992,32000,54,0.00271765,0.00179483,0.00164761,0.00000061,0.00037694,0.01161651
1773325493.13817191,0.02498159,6131,0.00026514,0.01714888,0,0.00000000,32000,31999,48,0.00184061,0.00312786,0.00242447,0.00000298,0.00071166,0.02078321
1773325493.23817062,0.02884928,6123,0.00055131,0.02103446,0,0.00000000,31999,32007,44,0.00184921,0.00314944,0.00124700,0.00000067,0.00045816,0.02457580
1773325493.33804893,0.04277581,6144,0.00022422,0.03764478,0,0.00000000,32007,32031,47,0.00195336,0.00215971,0.00147560,0.00000066,0.00045507,0.04005224
1773325493.43815327,0.02560691,6156,0.00043032,0.01873911,0,0.00000000,32031,32022,37,0.00151996,0.00181291,0.00227250,0.00000199,0.00079984,0.02068773
1773325493.53823447,0.02690754,6125,0.00017866,0.01992546,0,0.00000000,32022,32016,42,0.00084867,0.00268323,0.00233702,0.00000133,0.00074968,0.02297979
1773325493.63813972,0.02505776,6098,0.00061478,0.01755408,0,0.00000000,32016,32004,43,0.00249386,0.00261746,0.00216730,0.00000124,0.00042682,0.02047552
1773325493.73818803,0.03336852,6110,0.00055064,0.02354244,0,0.00000000,32004,31996,44,0.00226239,0.00304011,0.00271425,0.00000641,0.00151640,0.02693426
1773325493.83805180,0.01881497,6152,0.00011255,0.01365036,0,0.00000000,31996,32005,25,0.00165597,0.00142096,0.00203977,0.00000309,0.00079880,0.01518019
1773325493.93811417,0.04067645,6109,0.00361224,0.03113909,0,0.00000000,32005,32016,40,0.00094754,0.00252100,0.00143093,0.00000059,0.00039657,0.03395931
1773325494.03815031,0.01549665,6095,0.00023487,0.01126037,0,0.00000000,32016,32018,37,0.00193052,0.00182182,0.00117663,0.00000049,0.00035945,0.01321853
1773325494.13804030,0.03253278,6137,0.00016605,0.02512168,0,0.00000000,32018,32010,37,0.00168263,0.00233551,0.00319189,0.00000300,0.00077601,0.02773482
1773325494.23807192,0.02312880,6128,0.00050794,0.01627709,0,0.00000000,32010,32018,32,0.00172538,0.00295481,0.00131060,0.00000055,0.00044111,0.01961233
1773325494.33810902,0.02404575,6172,0.00030011,0.01757360,0,0.00000000,32018,32035,49,0.00188226,0.00200792,0.00210454,0.00000361,0.00094809,0.01976776
1773325494.43819237,0.03385444,6106,0.00015351,0.02771035,0,0.00000000,32035,32045,32,0.00093229,0.00303745,0.00124214,0.00000060,0.00039235,0.03115986
1773325494.53806925,0.04838159,6180,0.00058813,0.04044181,0,0.00000000,32045,32062,45,0.00159978,0.00300166,0.00197042,0.00000254,0.00094783,0.04376619
1773325494.63811564,0.04522062,6137,0.00046768,0.03727885,0,0.00000000,32062,32068,41,0.00249407,0.00248491,0.00238188,0.00000263,0.00079516,0.04009098
1773325494.73816442,0.03426531,6194,0.00018136,0.02899806,0,0.00000000,32068,32085,43,0.00157225,0.00178781,0.00190540,0.00000096,0.00048305,0.03105700
1773325494.83810735,0.01697657,6153,0.00045263,0.01083051,0,0.00000000,32085,32089,48,0.00085710,0.00170989,0.00165852,0.00000057,0.00039058,0.01269709
1773325494.93814588,0.01457504,6136,0.00017936,0.00923402,0,0.00000000,32089,32094,44,0.00161096,0.00156408,0.00235244,0.00000142,0.00041309,0.01091459
1773325495.03808761,0.01456894,6131,0.00025196,0.00944629,0,0.00000000,32094,32091,50,0.00077667,0.00265075,0.00117231,0.00000053,0.00035674,0.01225858
1773325495.13815308,0.03495622,6130,0.00058361,0.02723451,0,0.00000000,32091,32095,45,0.00201222,0.00216629,0.00288438,0.00000053,0.00039928,0.02968047
1773325495.23802638,0.02026312,6161,0.00019874,0.01302152,0,0.00000000,32095,32110,48,0.00194970,0.00234830,0.00275436,0.00000484,0.00107684,0.01556990
1773325495.33803511,0.02482253,6170,0.00018287,0.01829761,0,0.00000000,32110,32108,35,0.00093383,0.00238127,0.00195909,0.00000217,0.00080025,0.02112405
1773325495.43812704,0.02706170,6153,0.00054348,0.02063627,0,0.00000000,32108,32113,43,0.00080461,0.00236156,0.00155349,0.00000230,0.00050035,0.02322646
1773325495.53801703,0.02692548,6158,0.00024435,0.01903926,0,0.00000000,32113,32129,44,0.00177692,0.00311017,0.00225743,0.00000301,0.00076692,0.02265149
1773325495.63802409,0.01531917,6202,0.00020400,0.00982981,0,0.00000000,32129,32137,45,0.00172822,0.00178463,0.00209517,0.00000117,0.00046394,0.01174111
1773325495.73822260,0.01940448,6130,0.00014033,0.01356062,0,0.00000000,32137,32131,34,0.00115894,0.00206122,0.00191917,0.00000292,0.00084764,0.01591766
1773325495.83796978,0.02572741,6186,0.00016945,0.01917000,0,0.00000000,32131,32120,40,0.00161425,0.00241503,0.00204530,0.00000356,0.00080302,0.02184124
1773325495.93819118,0.02348707,6151,0.00022511,0.01586208,0,0.00000000,32120,32110,51,0.00081315,0.00175032,0.00346813,0.00000421,0.00129236,0.01780506
1773325496.03813291,0.01260101,6143,0.00011347,0.00858393,0,0.00000000,32110,32119,37,0.00151235,0.00155106,0.00135605,0.00000063,0.00038475,0.01024517
1773325496.13814187,0.02429945,6124,0.00064100,0.01816607,0,0.00000000,32119,32100,47,0.00199621,0.00201701,0.00135559,0.00000149,0.00053475,0.02042555
1773325496.23811865,0.02234056,6114,0.00058849,0.01614980,0,0.00000000,32100,32099,49,0.00164999,0.00204934,0.00125286,0.00000058,0.00034812,0.01849154
1773325496.33811331,0.01724629,6160,0.00053300,0.01054273,0,0.00000000,32099,32101,43,0.00217826,0.00174594,0.00227913,0.00000345,0.00067370,0.01244289
1773325496.43813467,0.01942656,6152,0.00027534,0.01251921,0,0.00000000,32101,32112,57,0.00091833,0.00201829,0.00265445,0.00000341,0.00095599,0.01468516
1773325496.53812099,0.02567392,6151,0.00032278,0.01747647,0,0.00000000,32112,32119,47,0.00078833,0.00277145,0.00230367,0.00000456,0.00070266,0.02064339
1773325496.63807487,0.02520106,6175,0.00045432,0.01739874,0,0.00000000,32119,32117,32,0.00162254,0.00203240,0.00227119,0.00000288,0.00077724,0.01973456
1773325496.73818803,0.01777975,6112,0.00029922,0.01046667,0,0.00000000,32117,32122,42,0.00182508,0.00218893,0.00246576,0.00000289,0.00111483,0.01294550
1773325496.83795357,0.04371646,6179,0.00369364,0.03309491,0,0.00000000,32122,32111,48,0.00202715,0.00187292,0.00192913,0.00000278,0.00125017,0.03516117
1773325496.93807626,0.01816294,6171,0.00018688,0.01283540,0,0.00000000,32111,32115,44,0.00081287,0.00128288,0.00233627,0.00000265,0.00082362,0.01420999
1773325497.03807664,0.01417340,6180,0.00012659,0.00981356,0,0.00000000,32115,32134,38,0.00166495,0.00161320,0.00152933,0.00000068,0.00042823,0.01157256
1773325497.13816500,0.02461790,6135,0.00061073,0.01511152,0,0.00000000,32134,32147,40,0.00228549,0.00311413,0.00261425,0.00000405,0.00104072,0.01860009
1773325497.23803163,0.01727371,6174,0.00012646,0.01056743,0,0.00000000,32147,32156,34,0.00198195,0.00172362,0.00323589,0.00000429,0.00083851,0.01241340
1773325497.33812618,0.02372756,6125,0.00044895,0.01620780,0,0.00000000,32156,32149,39,0.00209694,0.00293587,0.00201916,0.00000261,0.00098288,0.01954990
1773325497.43794560,0.02423365,6196,0.00051920,0.01613076,0,0.00000000,32149,32162,44,0.00085457,0.00292933,0.00210869,0.00000060,0.00038425,0.01942477
1773325497.53813982,0.01545075,6150,0.00059918,0.00908246,0,0.00000000,32162,32147,44,0.00282253,0.00159394,0.00208098,0.00000119,0.00060255,0.01082194
1773325497.63811398,0.04746925,6152,0.00052749,0.03979144,0,0.00000000,32147,32150,42,0.00171738,0.00180720,0.00246230,0.00000374,0.00101073,0.04179977
1773325497.73796797,0.02418400,6174,0.00058260,0.01689075,0,0.00000000,32150,32141,46,0.00094746,0.00189113,0.00257634,0.00000392,0.00080701,0.01911151
1773325497.83801985,0.02671286,6168,0.00071727,0.01984051,0,0.00000000,32141,32130,52,0.00201504,0.00251456,0.00171777,0.00000076,0.00034291,0.02261745
1773325497.93806410,0.01356695,6170,0.00009095,0.00933861,0,0.00000000,32130,32141,31,0.00294363,0.00161731,0.00155801,0.00000125,0.00036363,0.01107926
1773325498.03807998,0.01318435,6145,0.00014062,0.00913083,0,0.00000000,32141,32155,35,0.00110346,0.00167479,0.00125734,0.00000100,0.00037930,0.01093607
1773325498.13825560,0.02139339,6092,0.00039834,0.01447078,0,0.00000000,32155,32159,28,0.00147032,0.00296807,0.00140928,0.00000042,0.00038055,0.01781664
1773325498.23796368,0.02211578,6157,0.00069795,0.01254812,0,0.00000000,32159,32153,55,0.00180515,0.00307425,0.00258641,0.00000467,0.00108322,0.01592620
1773325498.33803868,0.01932622,6157,0.00013417,0.01215042,0,0.00000000,32153,32164,40,0.00099877,0.00226691,0.00255403,0.00000418,0.00108595,0.01479350
1773325498.43804407,0.02420295,6087,0.00018578,0.01641170,0,0.00000000,32164,32179,33,0.00082116,0.00300236,0.00246440,0.00000114,0.00037392,0.01994662
1773325498.53803945,0.02569139,6139,0.00031896,0.01764329,0,0.00000000,32179,32185,30,0.00119667,0.00318981,0.00154571,0.00000267,0.00075888,0.02126907
1773325498.63805151,0.02002111,6101,0.00054271,0.01281968,0,0.00000000,32185,32195,41,0.00193909,0.00266119,0.00170446,0.00000063,0.00035366,0.01577086
1773325498.73796248,0.01961433,6112,0.00048242,0.01271757,0,0.00000000,32195,32205,40,0.00224246,0.00192785,0.00197587,0.00000365,0.00081045,0.01480917
1773325498.83803296,0.02171457,6142,0.00015067,0.01570642,0,0.00000000,32205,32193,35,0.00094054,0.00215538,0.00207821,0.00000241,0.00079402,0.01809784
1773325498.93808460,0.01884053,6142,0.00012228,0.01325750,0,0.00000000,32193,32204,50,0.00165780,0.00190900,0.00185520,0.00000292,0.00097861,0.01530582
1773325499.03807664,0.01189703,6102,0.00014371,0.00834317,0,0.00000000,32204,32194,38,0.00222951,0.00124800,0.00118371,0.00000090,0.00036027,0.00969267
1773325499.13807106,0.01877237,6139,0.00020341,0.01205023,0,0.00000000,32194,32189,46,0.00156358,0.00196755,0.00252495,0.00000440,0.00112528,0.01415965
1773325499.23804259,0.02290464,6147,0.00037730,0.01581502,0,0.00000000,32189,32193,35,0.00181239,0.00305140,0.00131951,0.00000052,0.00040101,0.01930038
1773325499.33805728,0.02411517,6105,0.00017699,0.01673774,0,0.00000000,32193,32205,38,0.00226966,0.00338030,0.00181995,0.00000287,0.00077448,0.02072860
1773325499.43789291,0.02710792,6107,0.00046571,0.02063063,0,0.00000000,32205,32207,39,0.00094707,0.00264680,0.00130347,0.00000049,0.00040557,0.02358370
1773325499.53802323,0.02261239,6164,0.00055612,0.01553863,0,0.00000000,32207,32200,43,0.00168573,0.00295740,0.00145231,0.00000058,0.00037272,0.01885724
1773325499.63804841,0.01844612,6141,0.00024182,0.01260347,0,0.00000000,32200,32185,38,0.00172246,0.00142214,0.00258929,0.00000249,0.00080539,0.01415459
1773325499.73809123,0.06487930,6112,0.00016899,0.05696995,0,0.00000000,32185,32191,34,0.00109475,0.00425848,0.00198796,0.00000088,0.00052731,0.06152437
1773325499.83793068,0.07264519,6151,0.00028485,0.06577273,0,0.00000000,32191,32148,47,0.00083958,0.00231502,0.00249079,0.00000318,0.00080378,0.06832631
1773325499.93802738,0.03141299,6097,0.00040429,0.02248648,0,0.00000000,32148,32164,32,0.00213304,0.00276617,0.00314753,0.00000269,0.00059936,0.02567300
1773325500.03801966,0.02258167,6068,0.00017458,0.01586995,0,0.00000000,32164,32148,38,0.00149583,0.00233849,0.00242912,0.00000345,0.00087293,0.01846845
1773325500.13797283,0.01220785,6158,0.00016986,0.00821198,0,0.00000000,32148,32126,40,0.00447002,0.00103996,0.00180229,0.00000083,0.00036609,0.00935660
1773325500.23796701,0.02426800,6100,0.00021579,0.01678516,0,0.00000000,32126,32124,48,0.00319577,0.00291347,0.00211127,0.00000432,0.00078599,0.02023810
1773325500.33796644,0.01697371,6118,0.00043208,0.01087403,0,0.00000000,32124,32141,42,0.00256139,0.00235459,0.00133122,0.00000053,0.00036138,0.01348354
1773325500.43800879,0.04549893,6148,0.00020886,0.03770018,0,0.00000000,32141,32133,43,0.00132830,0.00267455,0.00297616,0.00000304,0.00093598,0.04066522
1773325500.53809237,0.02099243,6099,0.00015401,0.01475865,0,0.00000000,32133,32150,39,0.00087842,0.00247965,0.00190678,0.00000239,0.00081852,0.01751352
1773325500.63795137,0.01774489,6122,0.00052805,0.01180624,0,0.00000000,32150,32158,42,0.00127375,0.00237293,0.00114397,0.00000058,0.00031446,0.01441616
1773325500.73800707,0.01768260,6117,0.00016145,0.01254446,0,0.00000000,32158,32159,48,0.00174816,0.00170741,0.00182986,0.00000418,0.00077250,0.01437520
1773325500.83788157,0.02595092,6169,0.00047254,0.01804913,0,0.00000000,32159,32071,43,0.00217267,0.00278322,0.00199588,0.00000269,0.00076871,0.02129354
1773325500.93802190,0.02305147,6173,0.00022344,0.01673783,0,0.00000000,32071,32067,37,0.00149043,0.00210276,0.00185815,0.00000257,0.00077333,0.01918070
1773325501.03796983,0.01348586,6138,0.00019771,0.00930457,0,0.00000000,32067,32076,52,0.00192535,0.00161243,0.00137929,0.00000071,0.00037890,0.01104062
1773325501.13805628,0.02223100,6142,0.00048371,0.01567427,0,0.00000000,32076,32085,39,0.00159461,0.00233074,0.00154136,0.00000132,0.00039599,0.01838255
1773325501.23801017,0.01943064,6136,0.00059244,0.01200161,0,0.00000000,32085,32076,43,0.00129983,0.00212029,0.00219286,0.00000075,0.00048014,0.01444825
1773325501.33797121,0.02211451,6149,0.00020653,0.01565869,0,0.00000000,32076,32082,49,0.00159971,0.00239106,0.00209826,0.00000241,0.00082525,0.01829380
1773325501.43803716,0.02603206,6127,0.00072200,0.01753958,0,0.00000000,32082,32093,61,0.00147806,0.00291789,0.00199631,0.00000269,0.00079082,0.02085108
1773325501.53798556,0.01924093,6100,0.00058134,0.01132917,0,0.00000000,32093,32074,37,0.00080354,0.00270060,0.00245711,0.00000062,0.00041626,0.01432792
1773325501.63786602,0.02286993,6175,0.00021389,0.01604020,0,0.00000000,32074,32083,49,0.00254905,0.00253277,0.00222694,0.00000249,0.00077643,0.01894653
1773325501.73791575,0.02912327,6145,0.00019727,0.02296003,0,0.00000000,32083,32092,49,0.00159308,0.00160247,0.00231558,0.00000300,0.00081949,0.02474887
1773325501.83796859,0.04487024,6165,0.00064700,0.03814719,0,0.00000000,32092,32103,52,0.00181495,0.00263595,0.00134286,0.00000049,0.00033120,0.04107744
1773325501.93796182,0.03092025,6147,0.00036281,0.02207966,0,0.00000000,32103,32108,42,0.00281492,0.00300005,0.00313763,0.00000384,0.00100865,0.02540846
1773325502.03787470,0.01282709,6144,0.00016770,0.00856399,0,0.00000000,32108,32113,48,0.00132846,0.00152251,0.00161599,0.00000049,0.00031773,0.01019738
1773325502.13794541,0.02222834,6140,0.00020651,0.01566226,0,0.00000000,32113,32115,44,0.00170362,0.00209433,0.00242953,0.00000245,0.00079523,0.01816568
1773325502.23804760,0.02583077,6153,0.00075366,0.01754217,0,0.00000000,32115,32120,61,0.00247087,0.00291147,0.00203925,0.00000299,0.00068912,0.02085838
1773325502.33799958,0.01708237,6111,0.00072823,0.01025863,0,0.00000000,32120,32131,56,0.00250125,0.00234281,0.00153608,0.00000320,0.00054488,0.01283712
1773325502.43790865,0.02007956,6133,0.00020430,0.01335787,0,0.00000000,32131,32156,56,0.00091476,0.00206528,0.00259480,0.00000304,0.00086938,0.01569275
1773325502.53797174,0.02409832,6097,0.00043839,0.01751007,0,0.00000000,32156,32148,52,0.00252869,0.00245842,0.00193466,0.00000273,0.00070684,0.02030149
1773325502.63783932,0.05568572,6145,0.00348980,0.04406384,0,0.00000000,32148,32152,37,0.00171220,0.00316830,0.00188865,0.00000266,0.00093949,0.04773480
1773325502.73790741,0.03012225,6133,0.00054212,0.02131967,0,0.00000000,32152,32151,49,0.00197942,0.00320620,0.00200750,0.00000225,0.00077280,0.02505862
1773325502.83790326,0.02094669,6169,0.00046109,0.01234846,0,0.00000000,32151,32172,39,0.00187836,0.00348246,0.00203212,0.00000245,0.00076226,0.01612797
1773325502.93798041,0.01585167,6156,0.00015748,0.01150818,0,0.00000000,32172,32176,41,0.00155039,0.00135684,0.00174822,0.00000065,0.00043273,0.01298503
1773325503.03807187,0.01265912,6164,0.00011156,0.00880180,0,0.00000000,32176,32190,38,0.00145272,0.00161172,0.00120104,0.00000073,0.00035170,0.01052974
1773325503.13804674,0.01923259,6129,0.00015729,0.01276649,0,0.00000000,32190,32190,47,0.00227690,0.00183337,0.00231199,0.00000201,0.00136566,0.01476063
1773325503.23794484,0.02910734,6163,0.00020562,0.02087535,0,0.00000000,32190,32194,50,0.00208158,0.00270737,0.00348719,0.00000485,0.00079508,0.02394958
1773325503.33802080,0.02372704,6107,0.00062652,0.01643863,0,0.00000000,32194,32209,57,0.00196762,0.00234086,0.00222025,0.00000075,0.00040441,0.01904005
1773325503.43786979,0.02609899,6139,0.00030626,0.01767172,0,0.00000000,32209,32183,58,0.00079178,0.00311052,0.00269787,0.00000222,0.00105214,0.02122125
1773325503.53792214,0.03060300,6163,0.00049572,0.02351607,0,0.00000000,32183,32205,61,0.00203639,0.00300294,0.00130931,0.00000062,0.00046347,0.02691502
1773325503.63794017,0.01686405,6138,0.00061586,0.01041584,0,0.00000000,32205,32224,54,0.00193681,0.00199086,0.00181014,0.00000360,0.00055591,0.01257846
1773325503.73799634,0.02636082,6098,0.00021095,0.01883241,0,0.00000000,32224,32238,50,0.00268534,0.00255783,0.00247463,0.00000419,0.00119037,0.02179978
1773325503.83786559,0.02659730,6142,0.00050364,0.01924217,0,0.00000000,32238,32253,45,0.00276145,0.00217833,0.00204713,0.00000152,0.00080784,0.02171308
1773325503.93796682,0.02655934,6158,0.00024819,0.02010784,0,0.00000000,32253,32226,51,0.00179687,0.00249123,0.00189733,0.00000262,0.00089101,0.02290864
1773325504.03797698,0.01458774,6105,0.00012577,0.01027678,0,0.00000000,32226,32239,39,0.00199874,0.00139942,0.00175815,0.00000072,0.00037205,0.01183809
1773325504.13786626,0.02289571,6130,0.00045958,0.01608933,0,0.00000000,32239,32241,51,0.00135812,0.00208367,0.00199682,0.00000182,0.00049466,0.01848646
1773325504.23794007,0.01973723,6133,0.00082669,0.01114345,0,0.00000000,32241,32239,41,0.00181815,0.00272835,0.00274379,0.00000245,0.00054001,0.01414381
1773325504.33796668,0.04523583,6119,0.00052584,0.03822785,0,0.00000000,32239,32260,42,0.00202330,0.00186273,0.00199808,0.00000273,0.00099213,0.04031891
1773325504.43782115,0.02365383,6170,0.00054525,0.01678676,0,0.00000000,32260,32270,46,0.00081691,0.00272757,0.00146604,0.00000054,0.00041797,0.01985005
1773325504.53797603,0.02315551,6153,0.00063193,0.01459145,0,0.00000000,32270,32284,59,0.00082150,0.00224109,0.00326712,0.00000201,0.00077242,0.01705027
1773325504.63796353,0.02560631,6148,0.00019003,0.01733894,0,0.00000000,32284,32301,51,0.00245545,0.00316473,0.00199410,0.00000382,0.00141517,0.02072351
1773325504.73798299,0.02048407,6108,0.00059553,0.01423981,0,0.00000000,32301,32326,55,0.00216431,0.00207850,0.00165754,0.00000074,0.00035759,0.01652439
1773325504.83779216,0.01820838,6130,0.00052740,0.01182915,0,0.00000000,32326,32321,43,0.00241550,0.00148724,0.00195921,0.00000294,0.00082170,0.01342772
1773325504.93785954,0.01720368,6141,0.00025573,0.01185702,0,0.00000000,32321,32310,54,0.00265773,0.00153649,0.00187786,0.00000402,0.00092329,0.01351209
1773325505.03793764,0.01359079,6099,0.00025409,0.00946372,0,0.00000000,32310,32323,46,0.00203145,0.00137995,0.00117254,0.00000044,0.00035135,0.01099201
1773325505.13792586,0.01789770,6101,0.00019307,0.01259367,0,0.00000000,32323,32322,48,0.00175165,0.00145939,0.00211767,0.00000381,0.00082117,0.01415530
1773325505.23796320,0.02311447,6110,0.00028253,0.01715280,0,0.00000000,32322,32332,38,0.00202293,0.00156426,0.00236831,0.00000376,0.00083058,0.01892293
1773325505.33791089,0.02294922,6127,0.00072509,0.01693692,0,0.00000000,32332,32348,63,0.00378074,0.00190732,0.00137757,0.00000050,0.00035245,0.01912191
1773325505.43784165,0.01835033,6139,0.00049454,0.01148700,0,0.00000000,32348,32361,46,0.00082361,0.00199388,0.00219900,0.00000333,0.00054163,0.01369446
1773325505.53793049,0.02152408,6101,0.00037630,0.01510383,0,0.00000000,32361,32310,50,0.00171809,0.00216868,0.00209365,0.00000349,0.00094246,0.01748304
1773325505.63791037,0.02540464,6109,0.00042214,0.01729282,0,0.00000000,32310,32318,45,0.00228442,0.00249049,0.00239012,0.00000356,0.00076811,0.02013695
1773325505.73779416,0.02114272,6158,0.00065665,0.01352680,0,0.00000000,32318,32327,51,0.00149649,0.00285119,0.00176429,0.00000077,0.00054258,0.01671955
1773325505.83787704,0.01794258,6176,0.00025600,0.01208741,0,0.00000000,32327,32345,60,0.00201817,0.00106037,0.00294220,0.00000349,0.00088059,0.01323451
1773325505.93788528,0.01648186,6142,0.00021374,0.01076800,0,0.00000000,32345,32355,48,0.00251754,0.00140507,0.00306132,0.00000065,0.00041419,0.01227377
1773325506.03802872,0.01179125,6115,0.00019658,0.00808911,0,0.00000000,32355,32333,43,0.00092955,0.00141117,0.00114474,0.00000055,0.00036666,0.00963340
1773325506.13781071,0.02266573,6130,0.00019233,0.01679131,0,0.00000000,32333,32344,43,0.00271778,0.00194287,0.00209844,0.00000275,0.00080896,0.01895010
1773325506.23780632,0.01755542,6165,0.00031288,0.01338639,0,0.00000000,32344,32370,59,0.00298689,0.00126686,0.00146462,0.00000054,0.00039867,0.01474597
1773325506.33796144,0.02489716,6155,0.00033701,0.01629452,0,0.00000000,32370,32378,41,0.00286891,0.00199516,0.00262061,0.00000268,0.00074217,0.01854757
1773325506.43789721,0.01692223,6182,0.00037573,0.01003857,0,0.00000000,32378,32399,43,0.00155332,0.00245037,0.00166137,0.00000299,0.00069165,0.01283942
1773325506.53789330,0.02726567,6121,0.00065350,0.01759785,0,0.00000000,32399,32414,46,0.00150737,0.00337449,0.00225086,0.00000492,0.00111926,0.02149216
1773325506.63774943,0.02558479,6168,0.00044848,0.01866283,0,0.00000000,32414,32429,40,0.00210925,0.00300920,0.00130010,0.00000086,0.00041092,0.02206791
1773325506.73798156,0.02185179,6158,0.00079278,0.01277368,0,0.00000000,32429,32443,45,0.00223502,0.00302198,0.00235771,0.00000617,0.00105921,0.01610896
1773325506.83776641,0.02123094,6132,0.00022641,0.01499944,0,0.00000000,32443,32447,53,0.00185286,0.00198202,0.00221307,0.00000466,0.00090381,0.01722927
1773325506.93783569,0.01849800,6168,0.00023674,0.01041339,0,0.00000000,32447,32457,42,0.00172937,0.00242637,0.00360213,0.00000439,0.00096659,0.01299078
1773325507.03788018,0.01426166,6182,0.00022247,0.00861005,0,0.00000000,32457,32471,49,0.00201414,0.00213504,0.00210417,0.00000115,0.00052470,0.01086996
1773325507.13796806,0.01730624,6162,0.00060530,0.01149403,0,0.00000000,32471,32489,49,0.00299405,0.00198800,0.00154598,0.00000103,0.00046307,0.01370641
1773325507.23789263,0.01684008,6128,0.00010679,0.01173809,0,0.00000000,32489,32490,36,0.00162505,0.00157301,0.00196180,0.00000276,0.00072655,0.01343820
1773325507.33778858,0.02489691,6174,0.00020908,0.01738478,0,0.00000000,32490,32486,48,0.00241422,0.00289561,0.00179679,0.00000480,0.00093084,0.02068182
1773325507.43777919,0.05353405,6171,0.00359594,0.04244272,0,0.00000000,32486,32491,42,0.00136038,0.00247768,0.00235373,0.00000275,0.00090732,0.04522555
1773325507.53796458,0.03094349,6104,0.00063566,0.01936734,0,0.00000000,32491,32499,53,0.00126655,0.00191043,0.00165064,0.00000104,0.00038028,0.02153067
1773325507.63800120,0.02584709,6100,0.00058455,0.01847063,0,0.00000000,32499,32506,49,0.00185306,0.00251410,0.00173096,0.00000414,0.00074860,0.02131993
1773325507.73777127,0.01724841,6136,0.00036514,0.01108852,0,0.00000000,32506,32514,32,0.00289634,0.00192506,0.00186011,0.00000312,0.00051599,0.01321847
1773325507.83777380,0.02032806,6144,0.00053371,0.01316236,0,0.00000000,32514,32486,37,0.00186242,0.00188731,0.00220803,0.00000167,0.00087682,0.01529141
1773325507.93786740,0.02131015,6167,0.00021163,0.01298694,0,0.00000000,32486,32481,41,0.00181038,0.00177565,0.00310676,0.00000599,0.00235691,0.01489974
1773325508.03789353,0.01505503,6112,0.00020786,0.01082348,0,0.00000000,32481,32493,54,0.00090626,0.00156293,0.00144743,0.00000096,0.00033556,0.01253297
1773325508.13793468,0.03025741,6144,0.00020260,0.02396189,0,0.00000000,32493,32490,45,0.00173471,0.00215505,0.00199957,0.00000324,0.00106758,0.02635506
1773325508.23777413,0.02893806,6126,0.00097330,0.02018248,0,0.00000000,32490,32483,42,0.00189523,0.00293429,0.00214605,0.00000273,0.00071782,0.02352860
1773325508.33778548,0.01652008,6113,0.00031141,0.00946318,0,0.00000000,32483,32503,51,0.00601719,0.00270800,0.00228403,0.00000292,0.00107704,0.01228853
1773325508.43785477,0.02586593,6150,0.00017335,0.01944836,0,0.00000000,32503,32505,51,0.00094051,0.00214218,0.00244344,0.00000188,0.00071394,0.02178810
1773325508.53787708,0.02283135,6131,0.00045700,0.01556655,0,0.00000000,32505,32515,38,0.00108479,0.00276821,0.00171508,0.00000079,0.00041623,0.01894969
1773325508.63806987,0.01721757,6133,0.00034544,0.01157468,0,0.00000000,32515,32457,44,0.00168249,0.00156239,0.00214368,0.00000509,0.00084671,0.01325234
1773325508.73789358,0.02879794,6097,0.00025546,0.02055076,0,0.00000000,32457,32461,41,0.00244250,0.00251124,0.00345359,0.00000533,0.00090210,0.02335445
1773325508.83772635,0.02550968,6133,0.00027775,0.01891635,0,0.00000000,32461,32479,42,0.00276956,0.00221753,0.00214576,0.00000281,0.00078634,0.02141994
1773325508.93789244,0.02013766,6130,0.00045673,0.01069574,0,0.00000000,32479,32389,43,0.00137103,0.00205512,0.00427666,0.00000457,0.00178662,0.01290547
1773325509.03783202,0.01415506,6125,0.00017101,0.00992246,0,0.00000000,32389,32397,46,0.00285630,0.00166427,0.00134687,0.00000067,0.00042532,0.01170649
1773325509.13780093,0.02755823,6198,0.00067407,0.01940517,0,0.00000000,32397,32411,52,0.00195473,0.00307045,0.00171131,0.00000426,0.00074079,0.02288632
1773325509.23777795,0.02015254,6156,0.00019992,0.01279696,0,0.00000000,32411,32415,33,0.00170462,0.00330020,0.00189724,0.00000062,0.00053665,0.01628177
1773325509.33781457,0.05536822,6151,0.00052335,0.04488605,0,0.00000000,32415,32438,48,0.00231447,0.00335408,0.00308539,0.00000528,0.00123379,0.04887562
1773325509.43769193,0.03645919,6154,0.00057389,0.02664154,0,0.00000000,32438,32460,53,0.00193481,0.00351156,0.00292016,0.00000356,0.00090059,0.03049884
1773325509.53774571,0.03020320,6144,0.00056719,0.02229299,0,0.00000000,32460,32479,52,0.00103864,0.00238424,0.00221591,0.00000372,0.00092329,0.02493501
1773325509.63791609,0.03725501,6169,0.00021212,0.03076163,0,0.00000000,32479,32461,44,0.00240104,0.00231552,0.00206981,0.00000318,0.00087802,0.03338029
1773325509.73788214,0.03399684,6102,0.00046545,0.02522830,0,0.00000000,32461,32463,40,0.00215736,0.00208324,0.00289569,0.00000473,0.00127585,0.02754980
1773325509.83772731,0.05034957,6147,0.00068032,0.04112748,0,0.00000000,32463,32458,51,0.00114251,0.00281097,0.00243177,0.00000549,0.00109752,0.04427718
1773325509.93784690,0.04321186,6108,0.00085907,0.03249371,0,0.00000000,32458,32424,52,0.00279203,0.00293460,0.00367056,0.00000489,0.00157985,0.03574559
1773325510.03772354,0.04886457,6114,0.00021402,0.04268820,0,0.00000000,32424,32446,42,0.00174782,0.00189094,0.00194252,0.00000444,0.00106876,0.04484242
1773325510.13770747,0.03526511,6139,0.00019283,0.02970396,0,0.00000000,32446,32462,47,0.00295125,0.00130210,0.00225004,0.00000432,0.00097226,0.03111844
1773325510.23773742,0.02512855,6157,0.00018563,0.01974712,0,0.00000000,32462,32469,42,0.00197251,0.00154069,0.00257023,0.00000084,0.00036127,0.02141777
1773325510.33774185,0.02674871,6151,0.00025479,0.02049000,0,0.00000000,32469,32469,54,0.00254599,0.00201208,0.00208543,0.00000368,0.00093134,0.02274117
1773325510.43773246,0.03072064,6177,0.00063340,0.02243111,0,0.00000000,32469,32487,52,0.00122341,0.00275733,0.00200748,0.00000356,0.00063688,0.02555755
1773325510.53777194,0.04169787,6142,0.00022081,0.03572614,0,0.00000000,32487,32491,47,0.00197323,0.00267185,0.00173015,0.00000079,0.00038418,0.03872506
1773325510.63777065,0.03689057,6163,0.00034516,0.03031986,0,0.00000000,32491,32438,44,0.00157006,0.00219456,0.00218050,0.00000318,0.00087905,0.03273716
1773325510.73785281,0.02324235,6160,0.00051338,0.01476474,0,0.00000000,32438,32443,40,0.00231569,0.00228608,0.00256144,0.00000482,0.00087509,0.01723666
1773325510.83786297,0.03751535,6111,0.00021483,0.02999540,0,0.00000000,32443,32435,42,0.00220287,0.00234778,0.00261892,0.00000443,0.00122609,0.03260355
1773325510.93774271,0.04928603,6140,0.00039109,0.04191561,0,0.00000000,32435,32423,46,0.00185436,0.00216595,0.00272779,0.00000268,0.00109915,0.04426250
1773325511.03775811,0.03201841,6144,0.00026047,0.02594980,0,0.00000000,32423,32417,50,0.00177539,0.00184070,0.00221777,0.00000280,0.00090097,0.02795096
1773325511.13782644,0.03119402,6139,0.00024768,0.02570533,0,0.00000000,32417,32425,56,0.00225023,0.00185802,0.00216503,0.00000092,0.00045831,0.02772022
1773325511.23790431,0.02331585,6132,0.00028666,0.01622747,0,0.00000000,32425,32443,46,0.00305497,0.00221558,0.00304846,0.00000420,0.00071482,0.01857531
1773325511.33781719,0.05287416,6116,0.00019247,0.04532306,0,0.00000000,32443,32445,43,0.00295609,0.00231257,0.00261037,0.00000308,0.00123206,0.04795897
1773325511.43777823,0.04764642,6079,0.00016515,0.03951987,0,0.00000000,32445,32452,37,0.00272404,0.00311022,0.00260562,0.00000370,0.00114119,0.04296916
1773325511.53774238,0.03308953,6096,0.00083955,0.02465132,0,0.00000000,32452,32472,74,0.00187768,0.00284505,0.00176517,0.00000410,0.00108400,0.02785577
1773325511.63768387,0.02949097,6130,0.00033250,0.02232294,0,0.00000000,32472,32500,58,0.00241992,0.00217312,0.00262756,0.00000200,0.00115534,0.02473930
1773325511.73778272,0.05921189,6060,0.00074158,0.04622415,0,0.00000000,32500,32509,64,0.00293640,0.00194918,0.00251830,0.00001464,0.00155159,0.04842705
1773325511.83791733,0.05084831,6040,0.00032793,0.04505400,0,0.00000000,32509,32513,59,0.00209971,0.00209157,0.00201076,0.00000054,0.00036436,0.04737919
1773325511.93782043,0.03298920,6044,0.00053750,0.02465769,0,0.00000000,32513,32542,49,0.00239654,0.00197602,0.00317580,0.00000285,0.00084730,0.02678744
1773325512.03767562,0.04458286,6047,0.00027623,0.03600978,0,0.00000000,32542,32555,55,0.00083535,0.00330176,0.00237826,0.00000540,0.00114125,0.04006619
1773325512.13773775,0.03353645,6024,0.00031390,0.02767588,0,0.00000000,32555,32576,52,0.00251741,0.00176674,0.00225714,0.00000105,0.00040841,0.02982733
1773325512.23780179,0.01634335,5996,0.00028224,0.01097839,0,0.00000000,32576,32581,46,0.00271791,0.00190054,0.00198209,0.00000118,0.00047155,0.01302949
1773325512.33768749,0.04971468,6034,0.00086465,0.03773202,0,0.00000000,32581,32603,64,0.00399455,0.00529660,0.00279517,0.00000199,0.00105108,0.04335231
1773325512.43765831,0.05844508,6015,0.00655149,0.04372622,0,0.00000000,32603,32631,56,0.00261798,0.00341558,0.00236145,0.00000317,0.00066483,0.04747816
1773325512.53790498,0.04462846,5958,0.00057503,0.03804954,0,0.00000000,32631,32616,60,0.00157898,0.00266839,0.00178068,0.00000087,0.00035309,0.04115362
1773325512.63768840,0.05644373,5936,0.00029202,0.04871057,0,0.00000000,32616,32639,54,0.00122507,0.00265421,0.00288668,0.00000137,0.00052637,0.05176562
1773325512.73767519,0.04701836,5959,0.00025167,0.03813579,0,0.00000000,32639,32656,56,0.00248083,0.00490047,0.00223368,0.00000110,0.00054564,0.04340470
1773325512.83777738,0.04305744,5927,0.00074759,0.03343535,0,0.00000000,32656,32674,53,0.00228081,0.00344096,0.00271524,0.00000285,0.00055720,0.03720503
1773325512.93769884,0.06389595,6002,0.00040290,0.05040504,0,0.00000000,32674,32683,62,0.00212205,0.00443922,0.00253088,0.00000381,0.00114020,0.05510141
1773325513.03778076,0.08181213,5931,0.00037805,0.06638830,0,0.00000000,32683,32716,65,0.00607767,0.00538511,0.00764242,0.00000218,0.00096998,0.07203719
1773325513.13778567,0.05902452,5944,0.00040311,0.04916619,0,0.00000000,32716,32680,59,0.00305027,0.00408538,0.00338063,0.00000105,0.00045788,0.05353241
1773325513.23776007,0.05173412,5923,0.00084262,0.04486870,0,0.00000000,32680,32697,63,0.00369924,0.00213588,0.00247004,0.00000155,0.00053810,0.04719240
1773325513.33762956,0.02267383,5929,0.00025746,0.01759065,0,0.00000000,32697,32696,47,0.00299693,0.00206768,0.00167662,0.00000076,0.00034001,0.01984092
1773325513.43764305,0.05825141,5994,0.00333391,0.04306286,0,0.00000000,32696,32692,55,0.00726666,0.00258720,0.00331906,0.00000404,0.00132639,0.04594356
1773325513.53779531,0.05111884,5922,0.00119221,0.03806350,0,0.00000000,32692,32649,50,0.00514038,0.00503417,0.00209888,0.00000486,0.00153140,0.04365190
1773325513.63760328,0.07118523,5951,0.00014741,0.05712745,0,0.00000000,32649,32665,33,0.00100451,0.00323560,0.00251134,0.00000870,0.00371333,0.06106061
1773325513.73764873,0.03185497,5971,0.00040764,0.02446743,0,0.00000000,32665,32676,40,0.00118779,0.00314262,0.00167063,0.00000293,0.00063797,0.02802826
1773325513.83777332,0.02125592,5916,0.00022609,0.01421132,0,0.00000000,32676,32694,45,0.00237707,0.00235568,0.00231023,0.00000457,0.00111037,0.01676724
1773325513.93765974,0.05246383,5962,0.00040543,0.04107140,0,0.00000000,32694,32696,59,0.00258417,0.00386304,0.00435943,0.00000579,0.00154503,0.04531552
1773325514.03763723,0.03418884,5919,0.00030081,0.02775941,0,0.00000000,32696,32721,62,0.00132164,0.00158931,0.00245142,0.00000458,0.00125132,0.02950234
1773325514.13767099,0.01870768,5991,0.00031651,0.01329744,0,0.00000000,32721,32728,54,0.00143210,0.00196641,0.00184527,0.00000133,0.00051512,0.01542224
1773325514.23776913,0.04662161,5940,0.00103391,0.03625598,0,0.00000000,32728,32714,53,0.00253590,0.00263385,0.00329164,0.00000568,0.00108917,0.03916328
1773325514.33775163,0.02771419,5921,0.00085281,0.01821606,0,0.00000000,32714,32716,65,0.00298362,0.00306532,0.00257061,0.00000430,0.00088090,0.02154005
1773325514.43773770,0.03023967,5912,0.00076744,0.02263187,0,0.00000000,32716,32730,67,0.00236085,0.00214631,0.00234523,0.00000097,0.00048796,0.02502543
1773325514.53773952,0.03442999,5976,0.00096972,0.02505599,0,0.00000000,32730,32719,72,0.00118758,0.00330309,0.00245320,0.00000122,0.00063186,0.02876782
1773325514.63770747,0.03636265,5936,0.00079426,0.02641199,0,0.00000000,32719,32732,63,0.00181912,0.00271724,0.00247182,0.00000512,0.00130567,0.02946893
1773325514.73769617,0.03390165,6002,0.00105650,0.02496269,0,0.00000000,32732,32766,61,0.00200453,0.00242764,0.00293673,0.00000451,0.00116689,0.02774838
1773325514.83783054,0.03182527,5874,0.00098935,0.02050673,0,0.00000000,32766,32785,69,0.00206935,0.00272686,0.00117974,0.00000069,0.00037913,0.02452395
1773325514.93761301,0.07719690,5950,0.00250877,0.05601774,0,0.00000000,32785,32763,57,0.00383462,0.00922959,0.00280982,0.00000432,0.00143823,0.06615319
1773325515.03762531,0.04782656,5907,0.00035909,0.03930050,0,0.00000000,32763,32769,47,0.00253881,0.00232514,0.00250325,0.00002138,0.00224672,0.04186874
1773325515.13761544,0.03055793,5926,0.00136406,0.01909438,0,0.00000000,32769,32719,46,0.00147675,0.00365120,0.00397457,0.00000117,0.00100334,0.02323857
1773325515.23762250,0.05010303,5922,0.00038909,0.03836867,0,0.00000000,32719,32725,57,0.00118339,0.00508071,0.00231595,0.00000119,0.00272781,0.04382279
1773325515.33761430,0.03041915,5895,0.00045605,0.02417052,0,0.00000000,32725,32736,55,0.00363378,0.00261556,0.00161249,0.00000117,0.00062564,0.02710149
1773325515.43761921,0.07171345,5881,0.00073867,0.06130697,0,0.00000000,32736,32718,51,0.00924414,0.00322888,0.00243447,0.00000574,0.00151376,0.06490040
1773325515.53768516,0.04754140,5895,0.00093730,0.03830246,0,0.00000000,32718,32684,47,0.00122016,0.00311593,0.00197674,0.00000171,0.00151298,0.04178928
1773325515.63761902,0.06458493,5944,0.00029699,0.05469126,0,0.00000000,32684,32711,59,0.00216002,0.00373735,0.00321786,0.00000516,0.00127257,0.05887402
1773325515.73765349,0.08217221,6007,0.00242831,0.05615986,0,0.00000000,32711,32723,48,0.00185280,0.01316875,0.00334989,0.00000473,0.00150339,0.07103552
1773325515.83763599,0.07050939,5991,0.00040462,0.05301399,0,0.00000000,32723,32730,51,0.00235506,0.00923987,0.00218412,0.00000305,0.00066635,0.06362536
1773325515.93765306,0.07542660,6021,0.00101458,0.06429679,0,0.00000000,32730,32664,49,0.00159003,0.00382148,0.00253669,0.00000490,0.00166461,0.06864598
1773325516.03763056,0.03577302,6038,0.00074940,0.02810601,0,0.00000000,32664,32584,44,0.00304074,0.00217824,0.00233023,0.00000312,0.00082156,0.03050388
1773325516.13767838,0.06116359,6010,0.00031409,0.04622961,0,0.00000000,32584,32587,50,0.00340000,0.00252810,0.00232388,0.00000388,0.00823940,0.04911231
1773325516.23764849,0.04984394,6014,0.00021288,0.04273923,0,0.00000000,32587,32608,39,0.00301207,0.00192845,0.00262468,0.00000526,0.00136653,0.04486148
1773325516.33773494,0.04664007,5997,0.00026464,0.03774079,0,0.00000000,32608,32609,41,0.00409261,0.00580392,0.00145671,0.00000080,0.00041278,0.04385018
1773325516.43753648,0.04410400,6082,0.00208616,0.03223925,0,0.00000000,32609,32606,51,0.00481364,0.00435670,0.00180286,0.00000077,0.00052305,0.03717167
1773325516.53759456,0.04072705,6074,0.00027967,0.03522939,0,0.00000000,32606,32632,56,0.00233443,0.00160332,0.00206093,0.00000168,0.00068700,0.03701168
1773325516.63756943,0.08480978,6063,0.00458945,0.07102238,0,0.00000000,32632,32647,44,0.00223842,0.00220882,0.00337679,0.00011220,0.00137184,0.07354018
1773325516.73762965,0.08346615,6065,0.00030822,0.07450770,0,0.00000000,32647,32645,60,0.00466879,0.00265362,0.00257800,0.00001337,0.00217545,0.07757285
1773325516.83772254,0.06584122,6019,0.00059664,0.05111447,0,0.00000000,32645,32640,49,0.00169722,0.00619472,0.00217214,0.00000117,0.00058930,0.05778770
1773325516.93766356,0.04914606,6038,0.00119372,0.03843590,0,0.00000000,32640,32650,52,0.00142795,0.00462035,0.00176352,0.00000162,0.00056189,0.04357446
1773325517.03768420,0.02314894,6048,0.00030753,0.01505422,0,0.00000000,32650,32649,55,0.00347903,0.00196015,0.00302910,0.00000222,0.00154108,0.01738464
1773325517.13771653,0.04342471,6015,0.00027284,0.03604415,0,0.00000000,32649,32656,52,0.00747800,0.00174115,0.00344593,0.00002108,0.00086754,0.03792022
1773325517.23764443,0.03246242,6074,0.00023054,0.02699312,0,0.00000000,32656,32675,58,0.00221573,0.00176089,0.00191609,0.00000154,0.00060729,0.02894877
1773325517.33756161,0.03458024,6066,0.00085802,0.02757927,0,0.00000000,32675,32690,55,0.00297173,0.00245241,0.00134818,0.00000093,0.00039703,0.03026206
1773325517.43757367,0.04763216,6052,0.00037673,0.03888819,0,0.00000000,32690,32674,45,0.00161398,0.00277946,0.00307003,0.00000473,0.00126182,0.04200710
1773325517.53769875,0.04656747,6050,0.00043927,0.03773916,0,0.00000000,32674,32696,55,0.00226375,0.00318568,0.00206181,0.00000419,0.00105115,0.04130969
1773325517.63762760,0.05177638,6015,0.00064485,0.04074116,0,0.00000000,32696,32722,50,0.00221828,0.00285107,0.00309503,0.00000498,0.00134707,0.04389310
1773325517.73761392,0.05847135,6030,0.00041133,0.04846041,0,0.00000000,32722,32733,45,0.00096431,0.00319640,0.00335795,0.00000170,0.00061161,0.05216601
1773325517.83766747,0.05258750,5962,0.00077920,0.04241971,0,0.00000000,32733,32737,50,0.00344915,0.00296143,0.00299255,0.00000358,0.00084207,0.04592811
1773325517.93756151,0.04422701,6034,0.00039036,0.03406792,0,0.00000000,32737,32770,61,0.00279548,0.00344039,0.00206393,0.00000366,0.00111953,0.03816996
1773325518.03769994,0.05244483,6020,0.00065188,0.04356355,0,0.00000000,32770,32788,44,0.00182178,0.00235329,0.00150674,0.00000080,0.00044189,0.04630090
1773325518.13764548,0.05229459,5956,0.00039201,0.04362790,0,0.00000000,32788,32773,50,0.00223869,0.00336629,0.00180976,0.00000859,0.00112937,0.04766098
1773325518.23765135,0.06056181,5992,0.00056165,0.04853887,0,0.00000000,32773,32775,80,0.00335201,0.00725581,0.00213982,0.00000354,0.00079270,0.05614388
1773325518.33765554,0.05175224,5999,0.00041697,0.03902421,0,0.00000000,32775,32777,46,0.00137520,0.00639992,0.00190964,0.00000216,0.00099604,0.04587861
1773325518.43783522,0.05958868,5961,0.00073538,0.04837229,0,0.00000000,32777,32784,59,0.00238745,0.00264992,0.00163947,0.00000089,0.00048579,0.05142949
1773325518.53772712,0.03005834,5945,0.00024809,0.02106096,0,0.00000000,32784,32794,47,0.00169368,0.00291439,0.00315952,0.00000403,0.00135028,0.02439422
1773325518.63761210,0.05480859,5993,0.00090291,0.04314225,0,0.00000000,32794,32783,60,0.00118405,0.00434595,0.00256612,0.00000415,0.00123556,0.04816319
1773325518.73763299,0.06466621,6039,0.00065277,0.05550206,0,0.00000000,32783,32774,54,0.00178879,0.00218354,0.00253644,0.00000390,0.00102275,0.05800933
1773325518.83761501,0.06277877,6029,0.00024705,0.05411329,0,0.00000000,32774,32784,55,0.00168373,0.00376942,0.00226265,0.00002380,0.00122455,0.05828164
1773325518.93750858,0.03466237,6061,0.00064583,0.02575516,0,0.00000000,32784,32796,57,0.00411326,0.00253822,0.00208409,0.00000237,0.00076428,0.02893481
1773325519.03758192,0.03422145,5988,0.00028242,0.02627547,0,0.00000000,32796,32786,55,0.00306725,0.00266720,0.00224017,0.00000316,0.00101070,0.02945873
1773325519.13757992,0.07278266,6015,0.00029889,0.06526452,0,0.00000000,32786,32786,33,0.00422897,0.00309780,0.00197893,0.00000246,0.00059613,0.06884391
1773325519.23768401,0.04831814,5998,0.00026780,0.04217693,0,0.00000000,32786,32789,39,0.00086030,0.00233640,0.00174183,0.00000163,0.00054484,0.04489217
1773325519.33765459,0.03283275,6025,0.00037588,0.02690971,0,0.00000000,32789,32770,55,0.00200013,0.00155726,0.00193433,0.00000318,0.00096950,0.02864058
1773325519.43749404,0.05009969,6048,0.00110979,0.03723588,0,0.00000000,32770,32777,52,0.00154258,0.00604647,0.00250442,0.00000390,0.00122913,0.04367195
1773325519.53768086,0.05555735,5954,0.00239493,0.04450231,0,0.00000000,32777,32775,56,0.00185411,0.00284208,0.00240460,0.00000478,0.00125140,0.04791988
1773325519.63756227,0.03594966,5961,0.00046299,0.02782596,0,0.00000000,32775,32794,61,0.00166128,0.00275816,0.00244222,0.00000091,0.00043025,0.03106796
1773325519.73753929,0.04253348,5945,0.00044084,0.02986042,0,0.00000000,32794,32813,43,0.00135014,0.00444199,0.00250829,0.00000623,0.00120138,0.03552181
1773325519.83749175,0.05622773,6005,0.00133254,0.03410127,0,0.00000000,32813,32824,45,0.00401376,0.00430103,0.00235375,0.00000472,0.00130730,0.03903125
1773325519.93756151,0.05095022,5962,0.00035849,0.03950683,0,0.00000000,32824,32805,49,0.00202917,0.00370799,0.00276352,0.00000306,0.00093954,0.04393935
1773325520.03756428,0.02787321,5954,0.00032820,0.01823070,0,0.00000000,32805,32819,46,0.00253118,0.00403112,0.00219144,0.00001187,0.00171396,0.02252991
1773325520.13757491,0.03395201,5927,0.00029058,0.02651848,0,0.00000000,32819,32823,46,0.00361550,0.00194761,0.00328510,0.00000270,0.00087155,0.02861716
1773325520.23752594,0.01679101,5975,0.00017196,0.01225180,0,0.00000000,32823,32843,47,0.00143671,0.00118487,0.00178900,0.00000294,0.00067265,0.01355429
1773325520.33759069,0.03035392,5933,0.00058189,0.02177230,0,0.00000000,32843,32839,43,0.00361770,0.00257748,0.00189861,0.00000346,0.00078624,0.02502956
1773325520.43763351,0.05355683,5963,0.00031444,0.04351291,0,0.00000000,32839,32824,48,0.00117816,0.00307639,0.00258434,0.00000553,0.00146000,0.04712523
1773325520.53768301,0.03832587,5954,0.00278771,0.02651133,0,0.00000000,32824,32820,46,0.00243918,0.00293595,0.00228441,0.00000376,0.00097424,0.02991193
1773325520.63772130,0.03599296,5954,0.00046608,0.02611019,0,0.00000000,32820,32826,36,0.00132954,0.00325923,0.00238322,0.00000326,0.00097199,0.02998035
1773325520.73750091,0.04819145,5963,0.00297682,0.03372159,0,0.00000000,32826,32846,54,0.00160749,0.00605819,0.00208824,0.00000221,0.00080689,0.04043146
1773325520.83756495,0.04237811,5984,0.00046034,0.03246881,0,0.00000000,32846,32848,63,0.00199550,0.00345669,0.00210922,0.00001965,0.00095713,0.03628658
1773325520.93755436,0.06207218,5936,0.00087885,0.04894898,0,0.00000000,32848,32850,57,0.00166938,0.00396238,0.00308723,0.00000409,0.00101828,0.05382735
1773325521.03760552,0.04411616,5926,0.00022723,0.03634600,0,0.00000000,32850,32827,46,0.00254818,0.00147412,0.00338650,0.00000518,0.00137121,0.03811930
1773325521.13748240,0.03317412,5956,0.00022681,0.02595250,0,0.00000000,32827,32844,57,0.00232283,0.00234497,0.00257143,0.00000473,0.00094413,0.02872092
1773325521.23751926,0.01886433,5924,0.00053951,0.01289824,0,0.00000000,32844,32856,36,0.00246550,0.00176551,0.00183261,0.00000374,0.00087581,0.01485120
1773325521.33747864,0.02097507,6014,0.00024719,0.01592746,0,0.00000000,32856,32861,46,0.00351013,0.00167818,0.00182407,0.00000225,0.00052917,0.01774270
1773325521.43754506,0.05091786,5979,0.00259811,0.03804838,0,0.00000000,32861,32838,40,0.00258481,0.00345986,0.00259134,0.00000410,0.00122509,0.04202500
1773325521.53756380,0.03417066,5977,0.00033216,0.02039667,0,0.00000000,32838,32849,45,0.00264619,0.00437525,0.00275814,0.00000433,0.00098735,0.02655144
1773325521.63754368,0.04894500,5950,0.00044004,0.03523398,0,0.00000000,32849,32862,43,0.00199368,0.00580716,0.00413605,0.00000156,0.00054801,0.04173309
1773325521.73769879,0.03560748,5957,0.00096460,0.02218723,0,0.00000000,32862,32875,51,0.00138319,0.00367316,0.00231386,0.00000516,0.00256013,0.02670076
1773325521.83752131,0.03714819,5981,0.00027710,0.02984024,0,0.00000000,32875,32884,55,0.00363771,0.00233342,0.00257793,0.00000416,0.00104726,0.03245045
1773325521.93760276,0.04233871,5988,0.00035720,0.03382114,0,0.00000000,32884,32888,39,0.00420248,0.00319131,0.00275748,0.00000727,0.00107019,0.03739692
1773325522.03763890,0.02726357,5979,0.00062601,0.01794997,0,0.00000000,32888,32895,38,0.00375974,0.00334440,0.00255103,0.00000093,0.00054846,0.02182683
1773325522.13751531,0.02280733,6008,0.00025358,0.01397379,0,0.00000000,32895,32914,42,0.00278839,0.00229933,0.00235241,0.00000717,0.00071023,0.01654185
1773325522.23751998,0.01796191,6017,0.00050576,0.01110955,0,0.00000000,32914,32933,68,0.00179717,0.00241064,0.00218860,0.00000303,0.00061586,0.01367889
1773325522.33755231,0.03858906,6011,0.00053294,0.02917636,0,0.00000000,32933,32942,46,0.00279528,0.00297297,0.00242150,0.00000437,0.00139737,0.03258509
1773325522.43765974,0.02654978,5958,0.00057093,0.01937911,0,0.00000000,32942,32936,47,0.00127806,0.00155679,0.00222792,0.00000200,0.00100705,0.02112262
1773325522.53753138,0.03528260,5972,0.00216824,0.02155903,0,0.00000000,32936,32952,47,0.00152144,0.00569218,0.00232353,0.00002042,0.00111089,0.02758070
1773325522.63752270,0.03881098,5994,0.00027010,0.02543116,0,0.00000000,32952,32954,58,0.00161535,0.00685920,0.00248821,0.00000490,0.00160182,0.03283711
1773325522.73768330,0.04069649,5961,0.00056882,0.03159991,0,0.00000000,32954,32963,44,0.00258091,0.00319106,0.00191787,0.00000311,0.00067549,0.03540135
1773325522.83751631,0.03165668,6015,0.00048280,0.02297784,0,0.00000000,32963,32970,35,0.00188858,0.00239668,0.00240495,0.00000550,0.00100242,0.02564201
1773325522.93750024,0.05914320,6003,0.00024664,0.05171122,0,0.00000000,32970,32981,57,0.00183178,0.00224285,0.00279864,0.00000628,0.00117115,0.05424083
1773325523.03757191,0.01858382,6003,0.00041598,0.01160945,0,0.00000000,32981,33007,42,0.00224452,0.00322391,0.00144384,0.00000081,0.00040589,0.01504777
1773325523.13754320,0.02690436,6014,0.00036054,0.01921852,0,0.00000000,33007,33031,54,0.00249872,0.00298435,0.00256053,0.00000534,0.00076189,0.02237538
1773325523.23765945,0.03027424,6006,0.00018243,0.02417393,0,0.00000000,33031,33047,40,0.00176339,0.00208445,0.00225569,0.00000130,0.00066302,0.02642665
1773325523.33749676,0.02445391,5994,0.00135817,0.01368117,0,0.00000000,33047,33053,46,0.00152798,0.00301077,0.00231709,0.00000519,0.00147604,0.01702954
1773325523.43754292,0.06234644,6063,0.00049155,0.04939346,0,0.00000000,33053,33071,35,0.00101079,0.00459669,0.00252822,0.00000567,0.00301030,0.05451521
1773325523.53770232,0.04477609,6034,0.00047151,0.03248512,0,0.00000000,33071,33073,38,0.00286089,0.00459505,0.00239615,0.00000295,0.00107664,0.03833152
1773325523.63772631,0.04689821,5953,0.00083766,0.03656369,0,0.00000000,33073,33082,34,0.00131582,0.00304184,0.00254580,0.00000397,0.00123639,0.04037438
1773325523.73756909,0.04440213,6007,0.00341474,0.02823916,0,0.00000000,33082,33086,36,0.00127525,0.00408358,0.00209814,0.00001826,0.00072108,0.03266062
1773325523.83761382,0.03291294,6002,0.00080203,0.02167202,0,0.00000000,33086,33100,49,0.00341095,0.00388075,0.00304406,0.00001906,0.00105268,0.02605824
1773325523.93743253,0.06995491,6010,0.00038412,0.04715740,0,0.00000000,33100,33115,35,0.00269147,0.01097815,0.00276020,0.00000790,0.00147473,0.05865045
1773325524.03765559,0.06314530,5966,0.00027555,0.05424768,0,0.00000000,33115,33124,52,0.00202609,0.00364053,0.00187956,0.00000144,0.00037939,0.05882145
1773325524.13753366,0.03643809,5971,0.00016153,0.03109569,0,0.00000000,33124,33130,29,0.00190538,0.00204735,0.00164636,0.00000119,0.00042595,0.03341032
1773325524.23748350,0.03634928,6017,0.00030191,0.02681044,0,0.00000000,33130,33119,47,0.00258619,0.00387046,0.00267866,0.00000359,0.00137051,0.03109718
1773325524.33760381,0.02762484,5984,0.00060811,0.01923439,0,0.00000000,33119,33131,41,0.00340577,0.00301173,0.00209071,0.00000209,0.00059365,0.02273145
1773325524.43746233,0.03254066,5980,0.00053597,0.02210392,0,0.00000000,33131,33150,40,0.00251105,0.00255238,0.00327458,0.00000403,0.00139264,0.02489868
1773325524.53755236,0.04815078,6014,0.00033016,0.03958646,0,0.00000000,33150,33158,34,0.00107526,0.00244468,0.00282475,0.00000453,0.00098944,0.04231823
1773325524.63750386,0.03687640,6012,0.00079423,0.02607197,0,0.00000000,33158,33136,43,0.00087243,0.00319509,0.00307677,0.00000656,0.00168372,0.02972919
1773325524.73758793,0.03348398,6019,0.00032248,0.02528336,0,0.00000000,33136,33115,45,0.00138696,0.00332728,0.00254977,0.00000401,0.00093053,0.02892934
1773325524.83760762,0.04773038,6002,0.00054937,0.03461601,0,0.00000000,33115,33128,44,0.00178624,0.00531117,0.00324697,0.00000483,0.00165421,0.04039998
1773325524.93764138,0.05281742,5982,0.00021369,0.04613426,0,0.00000000,33128,33120,47,0.00279060,0.00237509,0.00216282,0.00000436,0.00091405,0.04876878
1773325525.03771377,0.02713033,5929,0.00021438,0.02264106,0,0.00000000,33120,33110,40,0.00131452,0.00165954,0.00137621,0.00000062,0.00037412,0.02443412
1773325525.13752031,0.04646348,5969,0.00031603,0.03463785,0,0.00000000,33110,33102,40,0.00237581,0.00563566,0.00261953,0.00000573,0.00127576,0.04057359
1773325525.23751569,0.02604379,6040,0.00029958,0.01909414,0,0.00000000,33102,33101,48,0.00325931,0.00253432,0.00244476,0.00000464,0.00080738,0.02178965
1773325525.33756876,0.02574524,6009,0.00030316,0.01952169,0,0.00000000,33101,33105,31,0.00249978,0.00189444,0.00207237,0.00000262,0.00049207,0.02167535
1773325525.43745565,0.05983197,6027,0.00034116,0.04902380,0,0.00000000,33105,33114,32,0.00107840,0.00364747,0.00248453,0.00000214,0.00148313,0.05300713
1773325525.53751254,0.02824148,6008,0.00019599,0.02014756,0,0.00000000,33114,33122,45,0.00263918,0.00305149,0.00280578,0.00000627,0.00115503,0.02346892
1773325525.63764405,0.04753613,5967,0.00055557,0.03410102,0,0.00000000,33122,33113,39,0.00185790,0.00341286,0.00277190,0.00000322,0.00097386,0.03813131
1773325525.73750305,0.03658394,6028,0.00049560,0.02645092,0,0.00000000,33113,33122,40,0.00235371,0.00348008,0.00232377,0.00000672,0.00162988,0.03045914
1773325525.83758235,0.02950250,6011,0.00027500,0.02202857,0,0.00000000,33122,33133,41,0.00179902,0.00230141,0.00224286,0.00000101,0.00110445,0.02468538
1773325525.93743801,0.07800033,6016,0.00031080,0.06665622,0,0.00000000,33133,33138,46,0.00251886,0.00486710,0.00200300,0.00000388,0.00092198,0.07224202
1773325526.03748822,0.05074266,5992,0.00038507,0.03789355,0,0.00000000,33138,33155,34,0.00270921,0.00482480,0.00296582,0.00000217,0.00074078,0.04357912
1773325526.13757205,0.04043728,5976,0.00020327,0.03261975,0,0.00000000,33155,33169,44,0.00323937,0.00245846,0.00285169,0.00000563,0.00123540,0.03545225
1773325526.23759794,0.03566232,5967,0.00019489,0.03007688,0,0.00000000,33169,33169,35,0.00286449,0.00224005,0.00178570,0.00000705,0.00046472,0.03253726
1773325526.33749938,0.01784283,6028,0.00017011,0.01234773,0,0.00000000,33169,33163,37,0.00155999,0.00127342,0.00219225,0.00000516,0.00091111,0.01376540
1773325526.43759561,0.03924806,5988,0.00065978,0.02369954,0,0.00000000,33163,33141,40,0.00100611,0.00805921,0.00295963,0.00000731,0.00140205,0.03230680
1773325526.53757977,0.03346750,6043,0.00051200,0.02376006,0,0.00000000,33141,33156,45,0.00895318,0.00323248,0.00289789,0.00000610,0.00083352,0.02750558
1773325526.63764071,0.07021117,6049,0.00092475,0.05383897,0,0.00000000,33156,33114,42,0.00120076,0.00768811,0.00381764,0.00000462,0.00114512,0.06247789
1773325526.73759556,0.05295437,6033,0.00038270,0.04204577,0,0.00000000,33114,33113,39,0.00134851,0.00227549,0.00490374,0.00000500,0.00159071,0.04461328
1773325526.83765650,0.04326126,6056,0.00062155,0.03148596,0,0.00000000,33113,33125,45,0.00256940,0.00359478,0.00213652,0.00000662,0.00146263,0.03760193
1773325526.93768382,0.05538834,5976,0.00047482,0.04623803,0,0.00000000,33125,33134,33,0.00304474,0.00311732,0.00230099,0.00000400,0.00093386,0.04992344
1773325527.03750777,0.05042589,6039,0.00062261,0.03586492,0,0.00000000,33134,33124,41,0.00415161,0.00505503,0.00442927,0.00000515,0.00134850,0.04202961
1773325527.13761353,0.03726835,6029,0.00077800,0.02725481,0,0.00000000,33124,33110,48,0.00120467,0.00246093,0.00289096,0.00000631,0.00164904,0.03005019
1773325527.23745131,0.03108725,6014,0.00044566,0.02494398,0,0.00000000,33110,33108,36,0.00318053,0.00240016,0.00200724,0.00000212,0.00046403,0.02761499
1773325527.33749795,0.02917070,6028,0.00020563,0.02052545,0,0.00000000,33108,33101,38,0.00434664,0.00246053,0.00217074,0.00000572,0.00145665,0.02400711
1773325527.43752646,0.04462151,6003,0.00042819,0.03524895,0,0.00000000,33101,33112,38,0.00303014,0.00283050,0.00286294,0.00000384,0.00124433,0.03837292
1773325527.53758430,0.02889730,5994,0.00012990,0.02161936,0,0.00000000,33112,33123,24,0.00891556,0.00220820,0.00256934,0.00000161,0.00104608,0.02399373
1773325527.63756490,0.03578473,6015,0.00052078,0.02533985,0,0.00000000,33123,33138,38,0.00257311,0.00325513,0.00265044,0.00000185,0.00117133,0.02900268
1773325527.73750567,0.03740733,6063,0.00043564,0.02862974,0,0.00000000,33138,33147,33,0.00098499,0.00251182,0.00272040,0.00000187,0.00085806,0.03142108
1773325527.83803415,0.04593962,5946,0.00045643,0.03489228,0,0.00000000,33147,33159,39,0.00239729,0.00312075,0.00302150,0.00000399,0.00182647,0.03838787
1773325527.93747497,0.03628644,6039,0.00018531,0.02983158,0,0.00000000,33159,33171,44,0.00269701,0.00231543,0.00217747,0.00000381,0.00088889,0.03242836
1773325528.03755689,0.03833966,5988,0.00053017,0.02944592,0,0.00000000,33171,33174,40,0.00181827,0.00374910,0.00203514,0.00000185,0.00053455,0.03357607
1773325528.13754916,0.03828718,5991,0.00022495,0.03118118,0,0.00000000,33174,33153,33,0.00265278,0.00343393,0.00184533,0.00000222,0.00063406,0.03488912
1773325528.23749018,0.02295269,5971,0.00020608,0.01607820,0,0.00000000,33153,33167,38,0.00291265,0.00376160,0.00167958,0.00000074,0.00034212,0.02001596
1773325528.33740926,0.04991715,6002,0.00262585,0.03874911,0,0.00000000,33167,33163,30,0.00244311,0.00272524,0.00273993,0.00000364,0.00087910,0.04181440
1773325528.43766308,0.04267888,5995,0.00087032,0.03269532,0,0.00000000,33163,33174,46,0.00134147,0.00443750,0.00245684,0.00000115,0.00042084,0.03744699
1773325528.53761888,0.04077817,6028,0.00048646,0.03252616,0,0.00000000,33174,33170,34,0.00126153,0.00239074,0.00225729,0.00000182,0.00084843,0.03557183
1773325528.63757944,0.04955113,5974,0.00029411,0.04251925,0,0.00000000,33170,33190,72,0.00091391,0.00258331,0.00166467,0.00001907,0.00081399,0.04538443
1773325528.73751235,0.05189766,6034,0.00053256,0.04244253,0,0.00000000,33190,33184,41,0.00290967,0.00217203,0.00316114,0.00000309,0.00123097,0.04493142
1773325528.83745289,0.04950915,6006,0.00042887,0.03814300,0,0.00000000,33184,33194,36,0.00300811,0.00499757,0.00222750,0.00000328,0.00095302,0.04351375
1773325528.93752146,0.03943320,6059,0.00021673,0.02905198,0,0.00000000,33194,33201,43,0.00170669,0.00339875,0.00262956,0.00000345,0.00068612,0.03510585
1773325529.03764367,0.02597403,6010,0.00038963,0.02054685,0,0.00000000,33201,33172,51,0.00089690,0.00147629,0.00221860,0.00000098,0.00043222,0.02222587
1773325529.13746190,0.02195769,6048,0.00034198,0.01595132,0,0.00000000,33172,33161,50,0.00172843,0.00188783,0.00228307,0.00000140,0.00049583,0.01797253
1773325529.23748279,0.01623335,6039,0.00020673,0.01055581,0,0.00000000,33161,33165,39,0.00227825,0.00206639,0.00212849,0.00000058,0.00035321,0.01277393
1773325529.33779788,0.03380242,6057,0.00015459,0.02451098,0,0.00000000,33165,33184,39,0.00247932,0.00271491,0.00411319,0.00000337,0.00107880,0.02761445
1773325529.43768144,0.05124772,6056,0.00020618,0.04333449,0,0.00000000,33184,33186,47,0.00097522,0.00243998,0.00229983,0.00000367,0.00120780,0.04630444
1773325529.53753781,0.05907051,6031,0.00031932,0.04470504,0,0.00000000,33186,33194,41,0.00120217,0.00455751,0.00261371,0.00000564,0.00564678,0.04947535
1773325529.63752985,0.07594422,6059,0.00038888,0.06002587,0,0.00000000,33194,33205,42,0.00117219,0.00252605,0.00511784,0.00000623,0.00300026,0.06290731
1773325529.73758936,0.06574188,6004,0.00022564,0.05407163,0,0.00000000,33205,33211,37,0.00164398,0.00449886,0.00420836,0.00000312,0.00173890,0.05885603
1773325529.83754539,0.03089654,6025,0.00086014,0.02054357,0,0.00000000,33211,33215,41,0.00179449,0.00238932,0.00263387,0.00000396,0.00081682,0.02493716
1773325529.93762565,0.04098331,6003,0.00020359,0.03257076,0,0.00000000,33215,33222,47,0.00173458,0.00266102,0.00290809,0.00000513,0.00117804,0.03574533
1773325530.03761458,0.02952029,5975,0.00046048,0.01903483,0,0.00000000,33222,33228,38,0.00656375,0.00331884,0.00226006,0.00000064,0.00043552,0.02274743
1773325530.13739538,0.01920769,6086,0.00024677,0.01443667,0,0.00000000,33228,33229,46,0.00246926,0.00178963,0.00134177,0.00000113,0.00039003,0.01641988
1773325530.23763824,0.02403647,6024,0.00033415,0.01782716,0,0.00000000,33229,33219,39,0.00178026,0.00230349,0.00166153,0.00000113,0.00046422,0.02031623
1773325530.33758307,0.03505758,6023,0.00019973,0.02598925,0,0.00000000,33219,33221,37,0.00088200,0.00366002,0.00204082,0.00000349,0.00081773,0.02998285
1773325530.43755555,0.02892972,6052,0.00020854,0.02175622,0,0.00000000,33221,33209,39,0.00147508,0.00263994,0.00254316,0.00000396,0.00072062,0.02468601
1773325530.53759694,0.02693022,5989,0.00014397,0.01982769,0,0.00000000,33209,33204,30,0.00090693,0.00208654,0.00278628,0.00000364,0.00091920,0.02225298
1773325530.63741493,0.02402696,6044,0.00022772,0.01592158,0,0.00000000,33204,33209,45,0.00143668,0.00295692,0.00233301,0.00000452,0.00095651,0.01920413
1773325530.73752213,0.03314628,6022,0.00044121,0.02403138,0,0.00000000,33209,33214,36,0.00091285,0.00360894,0.00228177,0.00000092,0.00046215,0.02825322
1773325530.83748293,0.04519161,6020,0.00025363,0.03700361,0,0.00000000,33214,33172,41,0.00259353,0.00277778,0.00280105,0.00000269,0.00088674,0.04034666
1773325530.93737650,0.02600992,5987,0.00065873,0.01745709,0,0.00000000,33172,33174,54,0.00243070,0.00228768,0.00249859,0.00000405,0.00100576,0.02002327
1773325531.03741169,0.02374254,6027,0.00048684,0.01562761,0,0.00000000,33174,33173,43,0.00308200,0.00410002,0.00138399,0.00000064,0.00039744,0.01987358
1773325531.13757539,0.02864650,6069,0.00018396,0.02313866,0,0.00000000,33173,33165,48,0.00171661,0.00153208,0.00215143,0.00000204,0.00080456,0.02491878
1773325531.23759937,0.01675954,5985,0.00018889,0.01199097,0,0.00000000,33165,33186,44,0.00089208,0.00195158,0.00122508,0.00000101,0.00038437,0.01428992
1773325531.33728933,0.03997754,6075,0.00126624,0.02936657,0,0.00000000,33186,33156,48,0.00207561,0.00516862,0.00164414,0.00000234,0.00071810,0.03487923
1773325531.43754101,0.02869729,5939,0.00046173,0.02039107,0,0.00000000,33156,33148,40,0.00086409,0.00292211,0.00199600,0.00000107,0.00047279,0.02380858
1773325531.53731275,0.02891194,5952,0.00091241,0.01998107,0,0.00000000,33148,33119,60,0.00137117,0.00281719,0.00236880,0.00000087,0.00041312,0.02321476
1773325531.63738179,0.04085626,5955,0.00090708,0.03145577,0,0.00000000,33119,33067,45,0.00090296,0.00328191,0.00175589,0.00000145,0.00076426,0.03510579
1773325531.73754501,0.03925930,5983,0.00053627,0.03056561,0,0.00000000,33067,33086,46,0.00203736,0.00266073,0.00249334,0.00000242,0.00077164,0.03359885
1773325531.83753729,0.04212292,5959,0.00058738,0.03060759,0,0.00000000,33086,33091,32,0.00205137,0.00447973,0.00260727,0.00000428,0.00117139,0.03607829
1773325531.93757057,0.04556072,5979,0.00034296,0.03707307,0,0.00000000,33091,33097,42,0.00179645,0.00276658,0.00298511,0.00000331,0.00117224,0.04029759
1773325532.03756618,0.01709723,6040,0.00014871,0.01291653,0,0.00000000,33097,33123,45,0.00160228,0.00153464,0.00138465,0.00000105,0.00041852,0.01458301
1773325532.13756585,0.01674976,6043,0.00024273,0.01180948,0,0.00000000,33123,33127,56,0.00266561,0.00168212,0.00172403,0.00000062,0.00030823,0.01364339
1773325532.23783970,0.03758589,5971,0.00014320,0.03349346,0,0.00000000,33127,33131,30,0.00245214,0.00161990,0.00123529,0.00000099,0.00037342,0.03527819
1773325532.33734751,0.03023074,6074,0.00109567,0.02175396,0,0.00000000,33131,33130,52,0.00084969,0.00288280,0.00168075,0.00000159,0.00065019,0.02501538
1773325532.43748546,0.03456330,6007,0.00025580,0.02657522,0,0.00000000,33130,33132,47,0.00094392,0.00219520,0.00346938,0.00000369,0.00093004,0.02908137
1773325532.53757882,0.04601403,6015,0.00057231,0.03695185,0,0.00000000,33132,33134,35,0.00174708,0.00244557,0.00254337,0.00000442,0.00105778,0.03975239
1773325532.63748026,0.02944742,6057,0.00033799,0.02171398,0,0.00000000,33134,33123,51,0.00103184,0.00243542,0.00264722,0.00000459,0.00112617,0.02443012
1773325532.73747754,0.02789103,5978,0.00050587,0.01813318,0,0.00000000,33123,33139,40,0.00122284,0.00337148,0.00267560,0.00000347,0.00082047,0.02181082
1773325532.83755875,0.02686515,5987,0.00181677,0.01795797,0,0.00000000,33139,33140,57,0.00196059,0.00242290,0.00188859,0.00000216,0.00077685,0.02062034
1773325532.93758130,0.05270384,5972,0.00068645,0.04444685,0,0.00000000,33140,33155,40,0.00268739,0.00253292,0.00205578,0.00000198,0.00097577,0.04743266
1773325533.03792119,0.03437968,5938,0.00026025,0.02672996,0,0.00000000,33155,33160,47,0.00363414,0.00228836,0.00239183,0.00000317,0.00129144,0.02935661
1773325533.13757849,0.03625259,5917,0.00016180,0.03198934,0,0.00000000,33160,33154,31,0.00252341,0.00170707,0.00123053,0.00000097,0.00035731,0.03383619
1773325533.23755813,0.01885626,5921,0.00042648,0.01354520,0,0.00000000,33154,33177,49,0.00337162,0.00170265,0.00123524,0.00000084,0.00033488,0.01547702
1773325533.33751774,0.03795085,5954,0.00061400,0.02951304,0,0.00000000,33177,33200,53,0.00284758,0.00270804,0.00256641,0.00000089,0.00036598,0.03259217
1773325533.43753600,0.03821030,5936,0.00025977,0.02990826,0,0.00000000,33200,33219,50,0.00236445,0.00302100,0.00265353,0.00000194,0.00124678,0.03319576
1773325533.53772616,0.03003314,5858,0.00034484,0.02227264,0,0.00000000,33219,33228,48,0.00092068,0.00222553,0.00270656,0.00001437,0.00119132,0.02475108
1773325533.63739848,0.02793105,5861,0.00029037,0.02113909,0,0.00000000,33228,33239,69,0.00088009,0.00192827,0.00254215,0.00000558,0.00112032,0.02323431
1773325533.73760700,0.06465531,5821,0.00673588,0.04867125,0,0.00000000,33239,33255,58,0.00168749,0.00256417,0.00248826,0.00000441,0.00115098,0.05176482
1773325533.83751512,0.05588946,5877,0.00030997,0.04850756,0,0.00000000,33255,33268,48,0.00088248,0.00373975,0.00171069,0.00000233,0.00050150,0.05255849
1773325533.93746638,0.08627331,5911,0.00064855,0.07267055,0,0.00000000,33268,33258,45,0.00162140,0.00324347,0.00617580,0.00000460,0.00134150,0.07652418
1773325534.03760982,0.05195234,5930,0.00027773,0.04073445,0,0.00000000,33258,33263,36,0.00191786,0.00247757,0.00392936,0.00000575,0.00197228,0.04383323
1773325534.13749528,0.06055597,6127,0.00020740,0.04665350,0,0.00000000,33263,33269,38,0.00231137,0.00572678,0.00306117,0.00000629,0.00195117,0.05297376
1773325534.23790574,0.02988543,6069,0.00019651,0.02477801,0,0.00000000,33269,33290,46,0.00133323,0.00166581,0.00164826,0.00000081,0.00040405,0.02664274
1773325534.33755445,0.01864594,6134,0.00017948,0.01339304,0,0.00000000,33290,33304,46,0.00358980,0.00164814,0.00195573,0.00000091,0.00038816,0.01529015
1773325534.43751574,0.05297733,6081,0.00043897,0.04479841,0,0.00000000,33304,33313,37,0.00573390,0.00227939,0.00258165,0.00000299,0.00091026,0.04734357
1773325534.53767943,0.04699625,6063,0.00190681,0.03708938,0,0.00000000,33313,33324,56,0.00260104,0.00296067,0.00264384,0.00000432,0.00084579,0.04045961
1773325534.63775802,0.03802415,6056,0.00050578,0.02862674,0,0.00000000,33324,33319,37,0.00154472,0.00345087,0.00282896,0.00000125,0.00038205,0.03251209
1773325534.73748803,0.03357728,6102,0.00054157,0.02238520,0,0.00000000,33319,33321,36,0.00126309,0.00461027,0.00251163,0.00000276,0.00105751,0.02751942
1773325534.83752131,0.03834433,6118,0.00066781,0.02810619,0,0.00000000,33321,33325,42,0.00292309,0.00361559,0.00268091,0.00000536,0.00098948,0.03221006
1773325534.93750381,0.03411476,6144,0.00034075,0.02432584,0,0.00000000,33325,33337,40,0.00307342,0.00431771,0.00295037,0.00000399,0.00056604,0.02886819
1773325535.03749084,0.10433202,6158,0.00023887,0.08452895,0,0.00000000,33337,33351,51,0.00292139,0.00428168,0.00240947,0.00000269,0.00214015,0.08930306
1773325535.13757300,0.03798832,6131,0.00026402,0.03019746,0,0.00000000,33351,33354,44,0.00212940,0.00208871,0.00209010,0.00000245,0.00100331,0.03246400
1773325535.23750138,0.03050440,6119,0.00023036,0.02335737,0,0.00000000,33354,33340,35,0.00209620,0.00262012,0.00198930,0.00000209,0.00063984,0.02640587
1773325535.33759618,0.04307001,6132,0.00023729,0.03373623,0,0.00000000,33340,33348,36,0.00349437,0.00375806,0.00188773,0.00000088,0.00053450,0.03813339
1773325535.43774438,0.05067625,6113,0.00061045,0.03890169,0,0.00000000,33348,33356,45,0.00219733,0.00495465,0.00256554,0.00000493,0.00118939,0.04445195
1773325535.53751302,0.05711939,6117,0.00017450,0.04591213,0,0.00000000,33356,33371,34,0.01024602,0.00379768,0.00185967,0.00000174,0.00052441,0.05031339
1773325535.63758779,0.04371674,6118,0.00070886,0.03004442,0,0.00000000,33371,33334,37,0.00124081,0.00625453,0.00341658,0.00000425,0.00109851,0.03682620
1773325535.73774099,0.03418250,6113,0.00074094,0.02339474,0,0.00000000,33334,33354,59,0.00128046,0.00334690,0.00258724,0.00000483,0.00093088,0.02745908
1773325535.83782625,0.04347589,6086,0.00054737,0.03598392,0,0.00000000,33354,33356,32,0.00265541,0.00287462,0.00179318,0.00000097,0.00049892,0.03923732
1773325535.93754220,0.02704771,6110,0.00014560,0.01968817,0,0.00000000,33356,33365,31,0.00138683,0.00186488,0.00327436,0.00000473,0.00116481,0.02171898
1773325536.03749537,0.03398845,6104,0.00029536,0.02642420,0,0.00000000,33365,33347,34,0.00252792,0.00234898,0.00236272,0.00000333,0.00109206,0.02908192
1773325536.13766670,0.02600345,6058,0.00018909,0.01976684,0,0.00000000,33347,33343,34,0.00283633,0.00202466,0.00262356,0.00000121,0.00042569,0.02202265
1773325536.23747325,0.02476177,6075,0.00027838,0.01870963,0,0.00000000,33343,33348,50,0.00175573,0.00223485,0.00207660,0.00000092,0.00055431,0.02112280
1773325536.33762455,0.03861865,6070,0.00033232,0.02949604,0,0.00000000,33348,33356,41,0.00264147,0.00281033,0.00249663,0.00000405,0.00096082,0.03269730
1773325536.43783951,0.04115529,6019,0.00026724,0.02687164,0,0.00000000,33356,33372,35,0.00184899,0.00682860,0.00155290,0.00000101,0.00038652,0.03731846
1773325536.53753805,0.03715915,6045,0.00024148,0.02982615,0,0.00000000,33372,33365,47,0.00109829,0.00236101,0.00235719,0.00000328,0.00098997,0.03245933
1773325536.63780951,0.03961052,5937,0.00022397,0.03317246,0,0.00000000,33365,33386,40,0.00116288,0.00223731,0.00219742,0.00000406,0.00079875,0.03569624
1773325536.73791337,0.03620939,5899,0.00022451,0.02409379,0,0.00000000,33386,33393,51,0.00252126,0.00702972,0.00253986,0.00000341,0.00124927,0.03138041
1773325536.83749485,0.03399313,5877,0.00063688,0.02013227,0,0.00000000,33393,33361,42,0.00103033,0.00652372,0.00230662,0.00000412,0.00107410,0.02711147
1773325536.93760228,0.04005654,5889,0.00065983,0.03081124,0,0.00000000,33361,33357,51,0.00206928,0.00265581,0.00240336,0.00000433,0.00101443,0.03389162
1773325537.03758359,0.04035914,5906,0.00092116,0.03036360,0,0.00000000,33357,33363,47,0.00270540,0.00238422,0.00285674,0.00000598,0.00170319,0.03309416
1773325537.13741398,0.01578173,5848,0.00042480,0.01143552,0,0.00000000,33363,33381,56,0.00256268,0.00156853,0.00132928,0.00000088,0.00039927,0.01314254
1773325537.23775911,0.01675404,5818,0.00032755,0.01037281,0,0.00000000,33381,33398,45,0.00097452,0.00139229,0.00138651,0.00000142,0.00039368,0.01189790
1773325537.33780956,0.03573553,5823,0.00033033,0.02902316,0,0.00000000,33398,33409,38,0.00315595,0.00220916,0.00215020,0.00000211,0.00081942,0.03147343
1773325537.43883634,0.03189408,5841,0.00027358,0.02428072,0,0.00000000,33409,33418,46,0.00353740,0.00260923,0.00221352,0.00000506,0.00097899,0.02738263
1773325537.53793311,0.03123472,5859,0.00047757,0.02369592,0,0.00000000,33418,33422,44,0.00168154,0.00315998,0.00136220,0.00000099,0.00035383,0.02730585
1773325537.63779449,0.04757352,5852,0.00323982,0.03333682,0,0.00000000,33422,33415,47,0.00130426,0.00210067,0.00477455,0.00000602,0.00183173,0.03565479
1773325537.73746514,0.02579862,5852,0.00022967,0.02076866,0,0.00000000,33415,33417,39,0.00198629,0.00207123,0.00000128,0.00000335,0.00128545,0.02311814
1773325537.83746529,0.01998472,5852,0.00017194,0.01638071,0,0.00000000,33417,33403,39,0.00248142,0.00131723,0.00000056,0.00000145,0.00091885,0.01779041
1773325537.93765473,0.02344763,5852,0.00018263,0.02036137,0,0.00000000,33403,33397,40,0.00102975,0.00120088,0.00000150,0.00000301,0.00073982,0.02165592
1773325538.03755808,0.03812440,5852,0.00041134,0.03373099,0,0.00000000,33397,33402,40,0.00205730,0.00102128,0.00000029,0.00000108,0.00039707,0.03489434
1773325538.13759565,0.03584161,5852,0.00037397,0.02776459,0,0.00000000,33402,33396,40,0.00288212,0.00199055,0.00000068,0.00000269,0.00411262,0.02988616
1773325538.23787165,0.03317191,5852,0.00023954,0.03006236,0,0.00000000,33396,33391,40,0.00167217,0.00109289,0.00000042,0.00000148,0.00062055,0.03122802
1773325538.33759427,0.02591926,5852,0.00017251,0.02241312,0,0.00000000,33391,33404,40,0.00206880,0.00200413,0.00000049,0.00000110,0.00046195,0.02452972
1773325538.43749356,0.03246032,5852,0.00019879,0.02609468,0,0.00000000,33404,33392,39,0.00240382,0.00094493,0.00000037,0.00000101,0.00100931,0.02711008
1773325538.53759336,0.01740769,5852,0.00020330,0.01473974,0,0.00000000,33392,33397,39,0.00118490,0.00097136,0.00000073,0.00000207,0.00057656,0.01578954
1773325538.63783550,0.01403767,5852,0.00017770,0.01134190,0,0.00000000,33397,33402,39,0.00125671,0.00111793,0.00000060,0.00000198,0.00055883,0.01253358
1773325538.73782420,0.02325001,5852,0.00016833,0.01702735,0,0.00000000,33402,33393,39,0.00240601,0.00090702,0.00000046,0.00000075,0.00424418,0.01799789
1773325538.83768988,0.01495328,5852,0.00021853,0.01220662,0,0.00000000,33393,33398,39,0.00290752,0.00094272,0.00000037,0.00000053,0.00047259,0.01322233
1773325538.93812084,0.05370888,4948,0.01657607,0.01830726,0,0.00000000,33398,34316,2692,0.00319947,0.00222438,0.00206247,0.00000098,0.00043211,0.02083373
1773325539.03777814,0.06567417,4911,0.01014662,0.04796075,0,0.00000000,34316,35096,1820,0.00365078,0.00431874,0.00198615,0.00000122,0.00041318,0.05251577
1773325539.13743877,0.05300924,4923,0.00801592,0.03648495,0,0.00000000,35096,35704,1426,0.00334934,0.00395762,0.00196634,0.00000274,0.00067869,0.04101110
1773325539.23877621,0.06490807,4842,0.01244090,0.04606055,0,0.00000000,35704,36011,1176,0.00255711,0.00256946,0.00129564,0.00002262,0.00041829,0.04897793
1773325539.33890152,0.05112760,4781,0.01394582,0.03011772,0,0.00000000,36011,36269,987,0.00458720,0.00262436,0.00156188,0.00000119,0.00048692,0.03317220
1773325539.43872738,0.04609373,4909,0.01314800,0.02663849,0,0.00000000,36269,36422,945,0.00147421,0.00187523,0.00184490,0.00000382,0.00055444,0.02875463
1773325539.53772759,0.03607366,5157,0.00553939,0.02398090,0,0.00000000,36422,36789,1043,0.00129455,0.00152496,0.00236979,0.00000405,0.00149200,0.02567744
1773325539.63764167,0.05218383,5198,0.01098421,0.03330201,0,0.00000000,36789,37039,946,0.00478033,0.00315112,0.00197596,0.00000186,0.00039548,0.03689849
1773325539.73747563,0.06919705,5057,0.01366621,0.03873726,0,0.00000000,37039,37322,872,0.00117319,0.00965051,0.00189139,0.00000228,0.00066571,0.04976040
1773325539.83747435,0.06955893,5098,0.00781055,0.05288192,0,0.00000000,37322,37602,767,0.00102720,0.00292441,0.00252584,0.00000179,0.00044013,0.05625120
1773325539.93883491,0.09061730,4972,0.02508696,0.05524120,0,0.00000000,37219,37510,737,0.00121164,0.00521942,0.00212504,0.00000372,0.00096427,0.06099215
1773325540.03777146,0.05124697,4919,0.00980626,0.03656259,0,0.00000000,37510,37783,718,0.00262403,0.00198102,0.00147306,0.00000156,0.00043602,0.03880743
1773325540.13789821,0.03763295,4989,0.00305738,0.02941206,0,0.00000000,37783,38019,589,0.00093260,0.00192981,0.00184718,0.00000152,0.00047576,0.03151998
1773325540.23878670,0.04202756,5008,0.01001796,0.02757216,0,0.00000000,38019,38168,626,0.00302648,0.00163586,0.00149196,0.00000088,0.00031909,0.02943117
1773325540.33786583,0.03685100,4898,0.00739130,0.02389081,0,0.00000000,38168,38323,613,0.00366388,0.00224413,0.00144705,0.00000102,0.00029719,0.02638067
1773325540.43767238,0.04810061,4789,0.01048463,0.03133595,0,0.00000000,38323,38520,622,0.00622857,0.00201112,0.00183631,0.00000223,0.00057833,0.03361835
1773325540.53776383,0.03164920,5016,0.01023011,0.01514395,0,0.00000000,38520,38663,606,0.00114182,0.00153010,0.00198295,0.00000338,0.00074580,0.01689445
1773325540.63783264,0.07417407,5216,0.00489460,0.06108764,0,0.00000000,38663,38977,629,0.00336883,0.00209365,0.00333649,0.00000433,0.00108746,0.06341343
1773325540.73774743,0.08236592,5480,0.02526239,0.04820045,0,0.00000000,38977,38883,597,0.00098398,0.00330489,0.00195594,0.00000383,0.00096538,0.05201827
1773325540.83766079,0.10151276,5533,0.02470017,0.06810548,0,0.00000000,38883,39143,606,0.00195872,0.00278660,0.00265188,0.00000574,0.00107477,0.07124580
1773325540.93887568,0.07406662,5593,0.00952156,0.05481935,0,0.00000000,39143,39152,492,0.00260326,0.00413461,0.00253795,0.00002982,0.00119533,0.05942657
1773325541.03793645,0.11068822,5611,0.01460501,0.07068777,0,0.00000000,39152,38982,497,0.00642288,0.01246433,0.00277102,0.00000433,0.00076559,0.08511124
1773325541.13765073,0.12288576,5723,0.01271647,0.09444980,0,0.00000000,38982,39098,463,0.00201628,0.00657403,0.00282234,0.00000449,0.00123943,0.10204106
1773325541.23773050,0.08493369,5820,0.00613072,0.06454975,0,0.00000000,39098,39329,446,0.00153659,0.00516993,0.00515704,0.00000665,0.00132248,0.07123948
1773325541.33754587,0.05746644,5946,0.01553892,0.03098337,0,0.00000000,39329,39497,413,0.00506061,0.00211310,0.00315256,0.00000436,0.00074801,0.03334370
1773325541.43875051,0.04503808,5979,0.00450994,0.03142410,0,0.00000000,39497,39654,457,0.00523624,0.00340061,0.00275491,0.00000386,0.00151647,0.03514786
1773325541.53747845,0.03193686,6039,0.00360895,0.02414292,0,0.00000000,39654,39673,413,0.00855031,0.00155953,0.00139016,0.00000105,0.00036300,0.02585407
1773325541.63884401,0.04500633,6005,0.00427971,0.03522272,0,0.00000000,39673,39844,392,0.00359320,0.00188659,0.00169402,0.00000118,0.00045598,0.03732682
1773325541.73766232,0.03140415,6070,0.00508280,0.02191278,0,0.00000000,39844,39960,379,0.00153394,0.00158729,0.00167958,0.00000172,0.00040256,0.02370092
1773325541.83884835,0.08190566,6035,0.00903077,0.05819431,0,0.00000000,39960,40087,426,0.00428810,0.00358373,0.00291596,0.00000470,0.00127415,0.06234540
1773325541.93768239,0.09279223,6064,0.01053354,0.06782288,0,0.00000000,40087,40217,391,0.00180826,0.00329481,0.00429631,0.00000672,0.00212494,0.07155424
1773325542.03771782,0.07057504,6104,0.00601149,0.05466713,0,0.00000000,40217,40246,419,0.00144871,0.00378680,0.00221146,0.00000181,0.00080621,0.05912506
1773325542.13759685,0.05766012,6088,0.00422395,0.04494800,0,0.00000000,40246,40298,324,0.00140624,0.00247457,0.00226423,0.00000702,0.00150991,0.04784010
1773325542.23884487,0.06056387,6018,0.00357557,0.05026488,0,0.00000000,40298,40395,342,0.00202047,0.00199626,0.00287576,0.00000283,0.00060650,0.05248204
1773325542.33877707,0.03960492,5965,0.00203237,0.03319393,0,0.00000000,40395,40449,357,0.00375499,0.00162028,0.00156729,0.00000156,0.00048554,0.03495731
1773325542.43875861,0.05103105,5894,0.00552751,0.03592522,0,0.00000000,40449,40530,424,0.00335055,0.00339588,0.00150716,0.00000119,0.00048791,0.03974297
1773325542.53750110,0.05647862,5932,0.00259412,0.04192755,0,0.00000000,40530,40524,390,0.00405018,0.00179620,0.00224153,0.00000974,0.00680508,0.04389271
1773325542.63773608,0.04810714,5924,0.00233719,0.03733096,0,0.00000000,40524,40512,348,0.00108573,0.00310493,0.00313385,0.00000526,0.00091868,0.04085092
1773325542.73783493,0.05430348,5882,0.00389113,0.04203188,0,0.00000000,40512,40541,349,0.00248728,0.00260135,0.00301778,0.00000583,0.00125661,0.04503970
1773325542.83782053,0.12702952,5877,0.01272079,0.09198138,0,0.00000000,40541,40625,330,0.00169375,0.01012809,0.00365669,0.00000447,0.00187237,0.10242418
1773325542.94029927,0.08904415,6022,0.00604542,0.07250619,0,0.00000000,40625,40729,330,0.00103102,0.00311560,0.00305371,0.00000777,0.00202113,0.07595435
1773325543.03887033,0.04263296,5856,0.00341843,0.03031997,0,0.00000000,40729,40856,285,0.00132703,0.00285717,0.00273976,0.00000449,0.00096882,0.03389374
1773325543.13736606,0.08196299,5968,0.00193175,0.06487423,0,0.00000000,40856,40942,281,0.00463270,0.00962534,0.00285381,0.00000608,0.00130801,0.07492441
1773325543.23749113,0.04178178,5998,0.00358283,0.03191012,0,0.00000000,40942,41012,271,0.00384805,0.00239880,0.00149439,0.00000114,0.00050150,0.03462554
1773325543.33787847,0.06703736,5987,0.00366351,0.05254796,0,0.00000000,41012,41055,278,0.00356300,0.00355011,0.00266715,0.00000471,0.00111272,0.05689588
1773325543.43748283,0.06249988,6010,0.00293041,0.04770431,0,0.00000000,41055,41130,258,0.00586625,0.00356869,0.00271321,0.00000105,0.00053017,0.05196421
1773325543.53772426,0.06002753,6026,0.00445534,0.04001806,0,0.00000000,41130,41147,243,0.00210697,0.00322094,0.00555274,0.00000643,0.00317530,0.04357388
1773325543.63748527,0.06785811,6088,0.00499394,0.05035879,0,0.00000000,41147,41154,258,0.00322277,0.00524360,0.00561660,0.00000188,0.00050550,0.05599051
1773325543.73791409,0.04227905,6092,0.00210996,0.03293257,0,0.00000000,41154,41126,288,0.00154224,0.00218466,0.00277496,0.00001015,0.00130134,0.03532403
1773325543.83872867,0.03980938,6111,0.00143883,0.03091142,0,0.00000000,41126,41271,295,0.00153181,0.00209343,0.00272964,0.00000087,0.00044827,0.03450517
1773325543.93769431,0.08146158,6169,0.00636484,0.06487778,0,0.00000000,41271,41517,558,0.00143633,0.00236875,0.00345020,0.00000855,0.00240575,0.06748139
1773325544.03757167,0.08453584,6194,0.00659582,0.06574755,0,0.00000000,41517,41841,720,0.00113117,0.00509103,0.00370379,0.00000503,0.00169277,0.07162684
1773325544.13869929,0.05805935,6098,0.00670701,0.04126544,0,0.00000000,41841,42146,632,0.00373544,0.00389228,0.00262540,0.00000161,0.00056496,0.04602240
1773325544.23749161,0.09042261,6155,0.00889787,0.06273104,0,0.00000000,42146,42182,607,0.00134776,0.00770772,0.00243784,0.00000354,0.00138046,0.07140468
1773325544.33755088,0.04214174,6129,0.00274513,0.02986993,0,0.00000000,42182,42425,509,0.00206128,0.00380245,0.00326783,0.00000184,0.00057006,0.03432834
1773325544.43871236,0.03661347,6182,0.00372928,0.02694992,0,0.00000000,42425,42529,487,0.00151515,0.00221428,0.00172371,0.00000096,0.00052924,0.02935186
1773325544.53873920,0.08821593,6143,0.01043045,0.06475317,0,0.00000000,42529,42561,450,0.00361144,0.00400262,0.00178129,0.00000154,0.00089231,0.06927893
1773325544.63745880,0.09030322,6168,0.00624606,0.05582731,0,0.00000000,42561,42700,438,0.00390669,0.01059478,0.00803411,0.00002074,0.00312735,0.06805666
1773325544.73748636,0.07564224,6181,0.00302432,0.05487050,0,0.00000000,42700,42819,404,0.00418562,0.00698096,0.00332375,0.00000503,0.00089914,0.06259734
1773325544.83799148,0.02990485,6175,0.00340556,0.01861758,0,0.00000000,42819,42966,371,0.00418966,0.00273503,0.00248935,0.00000116,0.00041836,0.02167985
1773325544.93872404,0.02627562,6183,0.00388566,0.01667389,0,0.00000000,42786,42976,369,0.00572203,0.00211466,0.00169148,0.00000084,0.00046516,0.01899064
1773325545.03868985,0.03220550,6193,0.00284036,0.02201823,0,0.00000000,42976,43070,328,0.00196806,0.00320105,0.00216125,0.00000134,0.00057187,0.02572867
1773325545.13880610,0.02342736,6177,0.00257386,0.01508060,0,0.00000000,43070,43058,335,0.00249689,0.00265928,0.00173647,0.00000095,0.00048969,0.01794649
1773325545.23874354,0.03055833,6146,0.00232942,0.02152274,0,0.00000000,43058,43043,303,0.00297991,0.00210968,0.00274567,0.00000565,0.00097587,0.02381341
1773325545.33750820,0.02591073,6188,0.00182888,0.01783834,0,0.00000000,43043,43147,280,0.00186827,0.00208177,0.00215915,0.00000261,0.00109834,0.02008704
1773325545.43881750,0.03189697,6147,0.00324563,0.02136204,0,0.00000000,43147,43268,260,0.00137262,0.00250174,0.00170278,0.00000102,0.00046365,0.02420978
1773325545.53751421,0.05216321,6232,0.00140745,0.04360037,0,0.00000000,43268,43286,261,0.01164827,0.00252030,0.00229753,0.00000396,0.00114082,0.04648399
1773325545.63885117,0.06471926,6166,0.00429272,0.04579051,0,0.00000000,43286,43286,225,0.00402548,0.00512606,0.00156934,0.00000386,0.00163131,0.05434275
1773325545.73867822,0.04779323,6179,0.00351133,0.03371129,0,0.00000000,43286,43391,259,0.00541075,0.00340455,0.00250396,0.00000662,0.00135216,0.03770386
1773325545.83869004,0.04989385,6171,0.00313147,0.03364991,0,0.00000000,43391,43464,218,0.00138458,0.00380071,0.00353362,0.00000547,0.00117981,0.03816875
1773325545.93868923,0.05507124,6191,0.00501188,0.03858115,0,0.00000000,43464,43402,221,0.00243486,0.00581392,0.00205060,0.00000276,0.00077818,0.04511030
1773325546.03869796,0.04801772,6160,0.00197004,0.02706861,0,0.00000000,43402,43449,199,0.00109593,0.00833925,0.00442353,0.00000369,0.00202730,0.03628649
1773325546.13876820,0.05722553,6134,0.00348320,0.04243785,0,0.00000000,43449,43540,188,0.00170191,0.00616644,0.00171746,0.00000111,0.00044027,0.04908221
1773325546.23878241,0.04216911,6137,0.00134185,0.02737319,0,0.00000000,43540,43555,218,0.00179411,0.00195970,0.00227379,0.00000118,0.00055581,0.02970531
1773325546.33869147,0.02868746,6125,0.00169795,0.01864184,0,0.00000000,43555,43601,185,0.00284809,0.00188761,0.00318616,0.00001138,0.00130622,0.02072629
1773325546.43862987,0.02960949,6102,0.00138230,0.01934372,0,0.00000000,43601,43645,207,0.00216127,0.00228747,0.00135655,0.00000162,0.00053660,0.02191307
1773325546.53874755,0.04711733,6142,0.00523621,0.02953298,0,0.00000000,43645,43683,192,0.00112360,0.00570453,0.00294327,0.00000501,0.00093717,0.03560319
1773325546.63881636,0.06435118,6110,0.00252407,0.04970136,0,0.00000000,43683,43715,167,0.00379052,0.00358328,0.00294684,0.00001560,0.00181082,0.05440613
1773325546.73878384,0.09739587,6154,0.00593427,0.07455394,0,0.00000000,43715,43733,170,0.00150904,0.00651839,0.00382079,0.00001093,0.00169980,0.08172711
1773325546.83874273,0.07523035,6126,0.00511813,0.05409986,0,0.00000000,43733,43744,173,0.00096754,0.00820424,0.00250167,0.00000477,0.00094254,0.06262423
1773325546.93877506,0.09925301,6122,0.00805702,0.07858217,0,0.00000000,43744,43778,172,0.00229274,0.00633260,0.00279356,0.00000558,0.00129603,0.08539757
1773325547.03870082,0.08384832,6136,0.00121958,0.06924403,0,0.00000000,43778,43778,157,0.00347387,0.00236135,0.00585510,0.00000229,0.00392232,0.07199136
1773325547.13859534,0.06422926,6123,0.00416323,0.04833780,0,0.00000000,43778,43721,160,0.00673774,0.00302005,0.00377350,0.00000664,0.00168570,0.05191170
1773325547.23770118,0.04919217,6135,0.00130804,0.03907825,0,0.00000000,43721,43635,135,0.00934862,0.00317096,0.00208953,0.00000114,0.00062835,0.04251859
1773325547.33878875,0.03450225,6136,0.00087924,0.02826743,0,0.00000000,43635,43706,143,0.00422295,0.00158866,0.00220152,0.00000137,0.00052008,0.03002628
1773325547.43875957,0.05335122,6103,0.00212135,0.04405513,0,0.00000000,43706,43717,174,0.00370040,0.00202311,0.00302696,0.00000321,0.00071250,0.04626882
1773325547.53891635,0.04238234,6153,0.00237041,0.02847188,0,0.00000000,43717,43664,150,0.00113479,0.00773666,0.00233162,0.00000120,0.00049336,0.03646447
1773325547.63870335,0.05743087,6157,0.00258021,0.04208192,0,0.00000000,43664,43639,141,0.00108679,0.00514196,0.00314657,0.00000628,0.00142592,0.04842070
1773325547.73878384,0.09086970,6161,0.00086950,0.07727621,0,0.00000000,43639,43684,138,0.00228225,0.00612348,0.00181402,0.00000132,0.00048098,0.08377933
1773325547.83875895,0.10898337,6110,0.00109345,0.08685634,0,0.00000000,43684,43652,127,0.00115567,0.00360352,0.00913426,0.00000706,0.00135687,0.09088190
1773325547.93776751,0.05854682,6187,0.00188756,0.03766230,0,0.00000000,43652,43711,147,0.00148488,0.00522301,0.00243144,0.00000507,0.00223313,0.04325764
1773325548.03866696,0.05124000,6149,0.00077006,0.03956324,0,0.00000000,43711,43757,135,0.00324232,0.00349952,0.00472673,0.00000760,0.00118163,0.04365096
1773325548.13874435,0.06987160,6155,0.00134612,0.06275311,0,0.00000000,43757,43757,183,0.00193707,0.00276478,0.00141031,0.00000067,0.00045680,0.06601665
1773325548.23873091,0.02024986,6164,0.00074066,0.01446126,0,0.00000000,43757,43806,148,0.00611485,0.00201609,0.00157401,0.00000080,0.00045818,0.01678700
1773325548.33862805,0.06352590,6099,0.00188763,0.05084044,0,0.00000000,43806,43817,167,0.00467693,0.00388189,0.00179021,0.00000228,0.00085879,0.05554169
1773325548.43771315,0.02947880,6140,0.00202207,0.01997539,0,0.00000000,43817,43879,167,0.00394596,0.00276790,0.00195643,0.00000181,0.00042289,0.02335456
1773325548.53857136,0.04250784,6173,0.00293969,0.03061473,0,0.00000000,43879,43918,150,0.00411666,0.00364218,0.00256765,0.00000402,0.00088335,0.03514201
1773325548.63880777,0.05930101,6155,0.00698878,0.04179618,0,0.00000000,43918,43969,179,0.00144432,0.00378845,0.00186822,0.00000424,0.00129755,0.04611298
1773325548.73863769,0.08580940,6169,0.00632553,0.06672245,0,0.00000000,43969,43947,162,0.00115604,0.00390889,0.00419842,0.00000587,0.00227450,0.07116005
1773325548.83865333,0.06400021,6187,0.00329897,0.05086578,0,0.00000000,43947,43978,145,0.00320411,0.00340433,0.00198910,0.00000376,0.00104276,0.05571121
1773325548.93868971,0.04311633,6186,0.00256397,0.03027027,0,0.00000000,43978,43978,173,0.00145295,0.00407183,0.00259616,0.00000410,0.00121283,0.03498552
1773325549.03871298,0.05608230,6171,0.00145652,0.04196009,0,0.00000000,43978,43911,131,0.00100394,0.00373509,0.00260771,0.00000577,0.00358176,0.04646217
1773325549.13775992,0.04363678,6146,0.00210594,0.03483352,0,0.00000000,43911,43936,135,0.00216690,0.00281677,0.00152847,0.00000115,0.00075815,0.03797681
1773325549.23862743,0.03583960,6164,0.00094850,0.02660210,0,0.00000000,43936,43989,143,0.00307111,0.00343655,0.00252233,0.00000444,0.00108423,0.03038198
1773325549.33862948,0.04762615,6131,0.00127462,0.03888790,0,0.00000000,43989,43894,148,0.00416820,0.00204824,0.00220748,0.00000325,0.00100737,0.04125973
1773325549.43868756,0.03976076,6107,0.00074173,0.03329223,0,0.00000000,43894,43900,137,0.00452528,0.00191629,0.00207516,0.00000356,0.00070205,0.03535243
1773325549.53768277,0.08245374,6146,0.00202190,0.07202197,0,0.00000000,43900,43987,160,0.00127924,0.00296858,0.00197378,0.00000134,0.00051518,0.07533644
1773325549.63872814,0.04572655,6069,0.00120248,0.03720173,0,0.00000000,43987,44049,138,0.00346665,0.00220638,0.00254716,0.00000494,0.00094153,0.03966800
1773325549.74067497,0.06597994,6175,0.00222705,0.05500680,0,0.00000000,44049,44077,140,0.00216266,0.00274486,0.00273427,0.00000439,0.00130636,0.05804269
1773325549.83861494,0.05504531,6145,0.00165294,0.04230295,0,0.00000000,44077,44144,125,0.00148323,0.00458052,0.00262358,0.00000489,0.00101491,0.04766972
1773325549.93871999,0.07064938,6183,0.00130169,0.05572074,0,0.00000000,44144,44188,134,0.00176510,0.00411259,0.00357465,0.00000461,0.00161548,0.06038468
1773325550.03867984,0.04576548,6137,0.00121082,0.03748122,0,0.00000000,44188,44203,159,0.00280579,0.00236515,0.00293750,0.00000206,0.00071045,0.04002320
1773325550.13864541,0.06675476,6160,0.00108245,0.05623114,0,0.00000000,44203,44246,130,0.00288092,0.00406854,0.00311794,0.00000172,0.00075242,0.06069861
1773325550.23877192,0.03703691,6168,0.00084125,0.03121980,0,0.00000000,44246,44272,125,0.00380286,0.00195222,0.00158200,0.00000129,0.00050852,0.03330687
1773325550.33872342,0.03487508,6184,0.00084446,0.02923061,0,0.00000000,44272,44280,124,0.00523053,0.00211390,0.00136450,0.00000142,0.00051220,0.03150694
1773325550.43881273,0.02750090,6089,0.00089988,0.02030455,0,0.00000000,44280,44295,118,0.00612304,0.00191013,0.00265702,0.00000155,0.00051371,0.02237307
1773325550.53859282,0.05913109,6180,0.00104080,0.05123691,0,0.00000000,44295,44250,112,0.00119389,0.00314787,0.00204375,0.00000098,0.00052751,0.05469340
1773325550.63872290,0.05047869,6153,0.00255672,0.03967726,0,0.00000000,44250,44305,137,0.00284322,0.00191746,0.00266018,0.00000489,0.00125907,0.04179282
1773325550.73879671,0.03330857,6159,0.00068793,0.02306572,0,0.00000000,44305,44309,105,0.00188492,0.00431918,0.00273663,0.00000563,0.00127428,0.02769532
1773325550.83867073,0.06048904,6149,0.00069698,0.05240992,0,0.00000000,44309,44292,111,0.00134230,0.00259006,0.00233684,0.00000549,0.00139204,0.05534043
1773325550.93863058,0.06054295,6165,0.00070226,0.05086142,0,0.00000000,44292,44317,129,0.00341915,0.00452822,0.00263503,0.00000222,0.00084467,0.05569975
1773325551.03859711,0.07014660,6174,0.00165243,0.05168010,0,0.00000000,44317,44351,115,0.00322957,0.00465927,0.00574018,0.00000393,0.00160993,0.05749235
1773325551.13866043,0.04167536,6169,0.00059632,0.03289140,0,0.00000000,44351,44353,100,0.00232484,0.00165099,0.00258561,0.00000335,0.00291074,0.03468669
1773325551.23865533,0.02714045,6177,0.00062001,0.02167084,0,0.00000000,44353,44383,100,0.00117011,0.00162576,0.00189458,0.00000094,0.00054547,0.02343383
1773325551.33873534,0.02160447,6158,0.00063422,0.01623638,0,0.00000000,44383,44407,115,0.00323467,0.00173006,0.00181782,0.00000156,0.00047760,0.01811812
1773325551.43857765,0.05024849,6182,0.00067151,0.04323142,0,0.00000000,44407,44433,123,0.00319463,0.00343988,0.00152783,0.00000091,0.00041283,0.04706881
1773325551.53882599,0.04212243,6134,0.00076459,0.03384108,0,0.00000000,44433,44432,130,0.00170702,0.00478615,0.00132833,0.00000074,0.00038590,0.03888905
1773325551.63824272,0.04792717,6201,0.00100977,0.04071554,0,0.00000000,44432,44433,118,0.00176333,0.00300485,0.00196282,0.00000103,0.00036790,0.04399120
1773325551.73861766,0.04285285,6214,0.00147110,0.03296539,0,0.00000000,44163,44190,102,0.00124350,0.00234935,0.00278921,0.00000361,0.00127414,0.03556394
1773325551.83870149,0.03669791,6159,0.00170742,0.02509798,0,0.00000000,44190,44240,105,0.00263354,0.00349571,0.00353201,0.00000324,0.00059731,0.02895597
1773325551.93869925,0.05974986,6107,0.00205801,0.04530452,0,0.00000000,44240,44316,122,0.00200180,0.00326833,0.00507008,0.00000773,0.00141197,0.04907593
1773325552.03869414,0.06043920,5990,0.00107587,0.05109562,0,0.00000000,44316,44326,108,0.00131027,0.00268794,0.00219377,0.00000194,0.00089465,0.05413348
1773325552.13869762,0.05419808,6023,0.00074568,0.04531283,0,0.00000000,44326,44340,113,0.00243494,0.00504716,0.00152724,0.00000110,0.00048702,0.05066593
1773325552.23859096,0.01490433,6011,0.00073269,0.00996627,0,0.00000000,44340,44340,121,0.00320114,0.00161555,0.00130660,0.00000062,0.00039884,0.01170244
1773325552.33869147,0.03095888,6023,0.00195163,0.02381188,0,0.00000000,44340,44262,131,0.00541429,0.00182417,0.00204163,0.00000081,0.00039913,0.02579818
1773325552.43873501,0.01572703,5965,0.00064479,0.01100172,0,0.00000000,44262,44280,120,0.00318066,0.00154540,0.00123913,0.00000094,0.00033990,0.01267895
1773325552.53865957,0.05043364,6070,0.00215652,0.03963220,0,0.00000000,44280,44283,114,0.00190596,0.00397837,0.00230959,0.00000185,0.00050037,0.04401534
1773325552.63877726,0.03994105,6013,0.00317337,0.02826900,0,0.00000000,44283,44303,114,0.00094723,0.00288867,0.00268481,0.00000381,0.00103637,0.03144927
1773325552.73772669,0.02862789,6065,0.00336980,0.01752213,0,0.00000000,44303,44139,122,0.00090306,0.00173747,0.00270819,0.00000449,0.00128663,0.01942545
1773325552.83864021,0.04461757,6028,0.00064768,0.03640325,0,0.00000000,44139,44194,120,0.00155150,0.00272136,0.00263754,0.00000426,0.00106941,0.03952904
1773325552.93869948,0.06229779,5996,0.00081687,0.05184726,0,0.00000000,44194,44231,126,0.00313499,0.00267061,0.00252873,0.00000494,0.00124285,0.05502394
1773325553.03855467,0.02988443,6003,0.00076517,0.02124086,0,0.00000000,44231,44283,131,0.00349397,0.00168057,0.00442811,0.00000160,0.00053388,0.02304140
1773325553.13866377,0.05168906,6027,0.00115777,0.04236258,0,0.00000000,44283,44239,127,0.00295268,0.00196925,0.00361423,0.00000497,0.00159940,0.04449432
1773325553.23868489,0.03764080,5934,0.00129483,0.02954425,0,0.00000000,44239,44203,117,0.00290168,0.00199062,0.00219779,0.00000634,0.00074620,0.03172974
1773325553.33779526,0.02327872,5977,0.00049254,0.01815954,0,0.00000000,44203,44253,102,0.00373287,0.00150143,0.00203476,0.00000077,0.00036810,0.01978607
1773325553.43769693,0.06463314,5967,0.00587871,0.04676084,0,0.00000000,44253,44297,145,0.00135162,0.00309654,0.00225172,0.00000409,0.00114491,0.05376799
1773325553.53784418,0.04004370,5978,0.00078134,0.03215746,0,0.00000000,44297,44373,161,0.00371106,0.00315614,0.00206624,0.00000443,0.00081659,0.03571351
1773325553.63848233,0.02757654,5963,0.00188965,0.01951109,0,0.00000000,44373,44406,133,0.00171101,0.00218333,0.00152458,0.00000113,0.00032854,0.02193710
1773325553.73855400,0.05649047,5909,0.00124387,0.04699705,0,0.00000000,44406,44463,149,0.00125674,0.00275207,0.00194912,0.00000464,0.00194295,0.05009414
1773325553.83776498,0.04158246,5954,0.00248521,0.03033942,0,0.00000000,44463,44470,174,0.00152349,0.00316963,0.00203024,0.00000148,0.00061871,0.03402677
1773325553.93856692,0.06673168,5953,0.00309520,0.05003533,0,0.00000000,44470,44522,127,0.00080742,0.00531120,0.00301152,0.00000415,0.00118047,0.05634363
1773325554.03869414,0.06402325,5933,0.00085052,0.05078479,0,0.00000000,44522,44540,133,0.00302048,0.00552795,0.00432372,0.00000400,0.00109726,0.05660702
1773325554.13772535,0.03906106,5987,0.00111654,0.03194107,0,0.00000000,44540,44543,144,0.00131025,0.00167674,0.00226061,0.00000289,0.00097949,0.03377892
1773325554.23862553,0.02265727,5994,0.00078539,0.01687370,0,0.00000000,44543,44576,135,0.00090614,0.00158608,0.00209351,0.00000103,0.00057815,0.01862555
1773325554.33880138,0.05134021,6007,0.00189414,0.04104697,0,0.00000000,44576,44621,149,0.00321122,0.00324182,0.00198531,0.00000327,0.00079627,0.04471954
1773325554.43862104,0.02807898,6035,0.00263350,0.01739690,0,0.00000000,44621,44625,173,0.00620735,0.00222850,0.00224387,0.00000407,0.00117299,0.01983539
1773325554.53861523,0.05649237,6082,0.00220930,0.04655505,0,0.00000000,44625,44670,143,0.00142126,0.00318489,0.00191501,0.00000107,0.00054203,0.05016027
1773325554.63870811,0.02871191,6035,0.00234560,0.01979773,0,0.00000000,44670,44623,155,0.00143074,0.00195992,0.00241051,0.00000599,0.00129793,0.02190004
1773325554.73860002,0.02542356,6086,0.00185230,0.01461894,0,0.00000000,44623,44612,116,0.00123007,0.00300224,0.00302196,0.00000249,0.00085407,0.01796348
1773325554.83865857,0.03114559,6032,0.00111671,0.02132776,0,0.00000000,44612,44635,117,0.00215421,0.00294778,0.00321347,0.00000374,0.00095948,0.02469513
1773325554.93866372,0.04104037,6034,0.00143346,0.03130416,0,0.00000000,44635,44621,141,0.00483751,0.00339291,0.00211869,0.00000474,0.00093387,0.03531562
1773325555.03871036,0.05409413,5994,0.00160807,0.04065994,0,0.00000000,44621,44630,144,0.00268136,0.00623201,0.00347703,0.00000352,0.00077801,0.04716614
1773325555.13848853,0.04847110,6003,0.00155844,0.03670960,0,0.00000000,44630,44700,158,0.00254767,0.00352962,0.00186158,0.00000385,0.00073268,0.04093815
1773325555.23865175,0.04269915,5987,0.00186233,0.03505700,0,0.00000000,44700,44771,156,0.00130296,0.00214761,0.00197748,0.00000135,0.00057447,0.03744524
1773325555.33872890,0.04339677,6002,0.00076512,0.03798302,0,0.00000000,44771,44773,136,0.00099916,0.00180099,0.00178660,0.00000111,0.00035088,0.03993813
1773325555.43862343,0.03752721,5969,0.00082799,0.03024351,0,0.00000000,44773,44830,153,0.00180009,0.00238735,0.00210993,0.00000484,0.00102155,0.03290564
1773325555.53864646,0.04682784,5992,0.00175424,0.03541142,0,0.00000000,44830,44862,133,0.00296418,0.00284751,0.00314076,0.00000353,0.00069603,0.03862287
1773325555.63878202,0.02318469,6045,0.00143502,0.01493328,0,0.00000000,44862,44891,125,0.00330109,0.00160505,0.00342430,0.00000407,0.00089158,0.01668010
1773325555.73861027,0.04215773,6113,0.00151312,0.03185888,0,0.00000000,44891,44941,110,0.00170740,0.00346054,0.00190068,0.00000357,0.00072592,0.03579737
1773325555.83860636,0.03735187,6137,0.00501741,0.02347546,0,0.00000000,44941,44963,127,0.00241601,0.00388401,0.00198171,0.00000108,0.00056096,0.02782369
1773325555.93867564,0.05158871,6140,0.00128418,0.04202348,0,0.00000000,44963,44966,109,0.00143802,0.00369716,0.00208383,0.00000164,0.00085721,0.04597606
1773325556.03863883,0.03856352,6195,0.00132242,0.02886056,0,0.00000000,44966,45023,110,0.00174334,0.00398980,0.00183691,0.00000073,0.00043624,0.03325653
1773325556.13867784,0.02257288,6202,0.00065025,0.01572979,0,0.00000000,45023,45065,113,0.00264545,0.00235176,0.00224472,0.00000126,0.00061404,0.01829468
1773325556.23863959,0.01856446,6168,0.00067756,0.01265678,0,0.00000000,45065,45068,102,0.00193744,0.00215931,0.00174851,0.00000165,0.00052043,0.01497515
1773325556.33864188,0.04638749,6197,0.00095123,0.03639186,0,0.00000000,45068,45127,93,0.00414862,0.00261834,0.00376243,0.00000337,0.00122492,0.03933374
1773325556.43864083,0.05873158,6183,0.00183774,0.04938969,0,0.00000000,45127,45151,104,0.00139291,0.00347929,0.00185836,0.00000121,0.00050902,0.05320721
1773325556.53867412,0.03479772,6175,0.00194333,0.02348267,0,0.00000000,45151,45168,104,0.00143902,0.00354703,0.00232359,0.00000067,0.00048654,0.02755816
1773325556.63851428,0.03279417,6202,0.00081666,0.02223935,0,0.00000000,45168,45196,109,0.00127425,0.00332848,0.00260405,0.00000399,0.00117590,0.02604308
1773325556.73859978,0.05290741,6187,0.00136006,0.04348557,0,0.00000000,45196,45239,102,0.00247982,0.00252193,0.00250550,0.00000290,0.00092602,0.04632163
1773325556.83852601,0.04936514,6215,0.00146419,0.03885472,0,0.00000000,45239,45201,92,0.00157868,0.00245962,0.00311757,0.00000204,0.00094796,0.04161893
1773325556.93860221,0.03485687,6199,0.00090899,0.02495092,0,0.00000000,45201,45194,112,0.00175625,0.00338006,0.00274263,0.00000491,0.00135026,0.02875154
1773325557.03862953,0.02681877,6214,0.00078259,0.02042844,0,0.00000000,45194,45201,119,0.00141464,0.00203450,0.00219867,0.00000096,0.00059763,0.02261848
1773325557.13867831,0.02047543,6217,0.00050430,0.01490392,0,0.00000000,45201,45235,101,0.00229958,0.00163050,0.00214073,0.00000090,0.00060043,0.01667065
1773325557.23864055,0.02303400,6218,0.00098432,0.01706240,0,0.00000000,45235,45233,141,0.00213248,0.00186681,0.00156312,0.00000112,0.00039422,0.01930717
1773325557.33861232,0.02508514,6232,0.00089864,0.01910150,0,0.00000000,45233,45206,119,0.00285409,0.00225123,0.00158620,0.00000099,0.00040322,0.02154404
1773325557.43856597,0.03490418,6258,0.00162475,0.02521330,0,0.00000000,45206,45231,149,0.00145614,0.00307140,0.00222114,0.00000060,0.00047580,0.02871941
1773325557.53846526,0.02425137,6220,0.00071966,0.01727849,0,0.00000000,45231,45215,129,0.00157491,0.00243187,0.00203719,0.00000322,0.00077934,0.02002058
1773325557.63863873,0.03349879,6258,0.00194518,0.02082122,0,0.00000000,45215,45226,138,0.00272231,0.00471907,0.00246866,0.00000180,0.00053514,0.02637594
1773325557.73860097,0.03223710,6219,0.00060147,0.02527971,0,0.00000000,45226,45264,118,0.00090338,0.00266661,0.00176796,0.00000138,0.00078182,0.02825968
1773325557.83861828,0.04205868,6200,0.00231590,0.03124321,0,0.00000000,45264,45257,131,0.00225685,0.00254662,0.00244353,0.00000422,0.00122209,0.03402085
1773325557.93868208,0.03744890,6251,0.00065137,0.02882863,0,0.00000000,45257,45287,119,0.00181405,0.00249087,0.00332921,0.00000287,0.00096841,0.03168712
1773325558.03868484,0.02852945,6219,0.00061894,0.02086436,0,0.00000000,45287,45337,121,0.00303516,0.00248597,0.00230516,0.00000435,0.00089464,0.02366339
1773325558.13864470,0.01603088,6197,0.00066822,0.01152307,0,0.00000000,45337,45319,126,0.00091044,0.00162900,0.00122743,0.00000050,0.00036719,0.01327964
1773325558.23875046,0.01471475,6196,0.00058826,0.01026918,0,0.00000000,45319,45321,124,0.00235213,0.00163775,0.00120066,0.00000046,0.00034934,0.01203866
1773325558.33855939,0.03039513,6232,0.00070286,0.02356584,0,0.00000000,45321,45320,134,0.00283230,0.00232508,0.00216024,0.00000303,0.00075677,0.02614012
1773325558.43856668,0.04914516,6223,0.00205406,0.03807452,0,0.00000000,45320,45302,118,0.00125168,0.00241435,0.00303968,0.00000542,0.00172690,0.04073947
1773325558.53860974,0.02921681,6233,0.00177835,0.02040560,0,0.00000000,45302,45302,119,0.00096215,0.00199348,0.00246071,0.00000323,0.00090147,0.02269423
1773325558.63870907,0.02325149,6201,0.00183395,0.01427986,0,0.00000000,45302,45324,120,0.00080675,0.00220389,0.00242890,0.00000235,0.00073738,0.01674430
1773325558.73858619,0.02065607,6208,0.00053455,0.01482275,0,0.00000000,45324,45362,125,0.00153113,0.00179247,0.00197335,0.00000371,0.00075655,0.01675289
1773325558.83859968,0.02373561,6220,0.00056325,0.01615522,0,0.00000000,45362,45354,123,0.00401041,0.00191929,0.00345519,0.00000243,0.00095328,0.01822700
1773325558.93867731,0.04000592,6207,0.00096524,0.02907640,0,0.00000000,45354,45307,104,0.00276664,0.00430938,0.00253940,0.00000377,0.00128016,0.03410149
1773325559.03870535,0.02700260,6185,0.00095106,0.01986739,0,0.00000000,45307,45338,117,0.00143177,0.00177482,0.00251955,0.00000281,0.00093961,0.02178588
1773325559.13858390,0.01925069,6123,0.00058401,0.01352396,0,0.00000000,45338,45365,107,0.00208243,0.00164656,0.00216211,0.00000063,0.00045352,0.01529929
1773325559.23854685,0.02078913,6088,0.00077835,0.01292573,0,0.00000000,45365,45404,109,0.00262665,0.00213099,0.00339969,0.00000671,0.00057368,0.01522615
1773325559.33856845,0.03880064,6087,0.00064985,0.03170320,0,0.00000000,45404,45473,109,0.00193328,0.00254324,0.00191683,0.00000159,0.00042125,0.03449890
1773325559.43850613,0.02835310,6059,0.00077258,0.01998686,0,0.00000000,45473,45440,111,0.00335893,0.00338586,0.00190893,0.00000337,0.00077918,0.02378045
1773325559.53846431,0.05631488,6038,0.00473026,0.04483236,0,0.00000000,45440,45427,107,0.00145014,0.00300447,0.00173426,0.00000097,0.00036729,0.04818474
1773325559.63852620,0.02117553,6004,0.00056556,0.01478792,0,0.00000000,45427,45444,99,0.00131595,0.00178747,0.00234632,0.00000372,0.00085525,0.01677550
1773325559.73853254,0.04130153,6007,0.00126969,0.03282600,0,0.00000000,45444,45433,119,0.00194242,0.00339292,0.00128240,0.00000071,0.00031996,0.03662526
1773325559.83847237,0.03040585,6018,0.00182552,0.01945320,0,0.00000000,45433,45468,136,0.00164417,0.00281784,0.00254256,0.00000591,0.00113248,0.02254733
1773325559.93854332,0.04221574,5993,0.00081190,0.03354212,0,0.00000000,45468,45485,132,0.00165900,0.00316737,0.00209151,0.00000274,0.00096967,0.03739180
1773325560.03855515,0.05943540,6055,0.00151484,0.04856914,0,0.00000000,45485,45530,137,0.00277414,0.00307988,0.00253032,0.00000321,0.00101654,0.05217686
1773325560.13857102,0.02846408,6032,0.00078333,0.02233123,0,0.00000000,45530,45542,148,0.00080986,0.00195072,0.00172403,0.00000322,0.00067814,0.02460729
1773325560.23856020,0.03850783,6104,0.00077740,0.03161273,0,0.00000000,45542,45555,139,0.00248974,0.00231908,0.00220626,0.00000096,0.00056869,0.03420695
1773325560.33870697,0.03471681,6001,0.00160449,0.02577582,0,0.00000000,45555,45633,140,0.00259171,0.00251891,0.00239048,0.00000238,0.00055386,0.02865439
1773325560.43848944,0.04226879,6056,0.00190685,0.02777063,0,0.00000000,45633,45685,134,0.00189798,0.00577191,0.00290281,0.00000590,0.00140815,0.03393305
1773325560.53888965,0.03789916,6069,0.00146843,0.02914266,0,0.00000000,45685,45708,130,0.00146464,0.00258194,0.00184309,0.00000078,0.00035509,0.03206871
1773325560.63856077,0.04529301,6072,0.00306321,0.03476484,0,0.00000000,45708,45728,149,0.00173069,0.00224076,0.00272569,0.00000313,0.00125743,0.03711991
1773325560.73858714,0.04654895,6054,0.00193145,0.03628796,0,0.00000000,45728,45782,132,0.00143599,0.00260358,0.00217118,0.00000499,0.00114188,0.03921262
1773325560.83857226,0.03649335,6105,0.00111057,0.02808722,0,0.00000000,45782,45774,151,0.00234531,0.00267196,0.00250944,0.00000427,0.00107221,0.03102342
1773325560.93857694,0.03013256,6131,0.00193711,0.02063914,0,0.00000000,45774,45830,161,0.00193317,0.00183654,0.00251359,0.00001972,0.00127540,0.02265554
1773325561.03857136,0.02945143,6116,0.00175866,0.02012050,0,0.00000000,45830,45888,196,0.00249528,0.00280410,0.00232980,0.00000138,0.00085013,0.02331645
1773325561.13858223,0.02225229,6120,0.00131129,0.01462329,0,0.00000000,45888,45687,188,0.00221765,0.00239101,0.00251238,0.00000106,0.00052942,0.01719396
1773325561.23863363,0.01536176,6183,0.00079385,0.00928842,0,0.00000000,45687,45745,155,0.00111397,0.00208206,0.00192584,0.00000083,0.00048813,0.01151522
1773325561.33864784,0.03440128,6149,0.00151829,0.02490593,0,0.00000000,45745,45792,181,0.00292872,0.00288988,0.00228785,0.00000294,0.00095550,0.02818686
1773325561.43846917,0.03025767,6200,0.00270178,0.02004326,0,0.00000000,45792,45793,171,0.00239497,0.00243280,0.00204320,0.00000286,0.00083102,0.02272686
1773325561.53863835,0.03149273,6134,0.00146137,0.02202619,0,0.00000000,45793,45824,143,0.00134677,0.00307396,0.00180570,0.00000334,0.00093860,0.02552083
1773325561.63732433,0.02473756,6221,0.00288694,0.01553911,0,0.00000000,45824,45791,157,0.00205405,0.00217165,0.00170179,0.00000078,0.00038393,0.01796073
1773325561.73851991,0.06305077,6194,0.00129139,0.04030009,0,0.00000000,45791,45840,150,0.00202324,0.01609359,0.00267719,0.00000507,0.00112106,0.05686812
1773325561.83845425,0.03690500,6197,0.00086338,0.02883122,0,0.00000000,45840,45858,145,0.00291282,0.00277053,0.00256503,0.00000305,0.00087549,0.03193728
1773325561.93856812,0.04381659,6194,0.00185574,0.03274096,0,0.00000000,45858,45853,167,0.00165659,0.00320377,0.00301252,0.00000656,0.00120621,0.03650976
1773325562.03856874,0.04206118,6188,0.00086123,0.03338970,0,0.00000000,45853,45856,157,0.00308843,0.00504595,0.00147710,0.00000087,0.00041237,0.03872153
1773325562.13862801,0.01818574,6147,0.00081770,0.01219650,0,0.00000000,45856,45875,177,0.00170087,0.00163929,0.00240927,0.00000108,0.00041693,0.01396051
1773325562.23862457,0.01945269,6154,0.00080927,0.01392143,0,0.00000000,45875,45900,159,0.00180603,0.00175944,0.00172906,0.00000150,0.00039519,0.01585841
1773325562.33865857,0.06058457,6160,0.00217188,0.04948181,0,0.00000000,45900,45927,161,0.00175420,0.00319845,0.00206608,0.00001871,0.00082435,0.05311294
1773325562.43844342,0.05764025,6209,0.00258596,0.04567257,0,0.00000000,45927,45957,142,0.00099340,0.00373103,0.00219899,0.00000295,0.00091412,0.04981899
1773325562.53846836,0.03513682,6232,0.00225137,0.02396756,0,0.00000000,45957,46041,168,0.00156196,0.00378241,0.00210850,0.00000078,0.00056732,0.02825150
1773325562.63848138,0.03396956,6242,0.00155218,0.02443895,0,0.00000000,46041,46049,155,0.00081948,0.00305084,0.00255090,0.00000331,0.00120938,0.02783005
1773325562.73856497,0.02247744,6240,0.00216265,0.01288590,0,0.00000000,46049,46071,142,0.00179866,0.00235243,0.00207523,0.00000327,0.00083957,0.01544711
1773325562.83856297,0.03392156,6227,0.00224109,0.02348129,0,0.00000000,46071,46151,164,0.00166480,0.00324700,0.00242994,0.00000079,0.00047859,0.02711751
1773325562.93850183,0.04063504,6229,0.00141685,0.03107904,0,0.00000000,46151,46213,178,0.00309668,0.00280044,0.00252833,0.00000402,0.00104810,0.03432755
1773325563.03846359,0.04099510,6234,0.00123175,0.03066283,0,0.00000000,46213,46230,163,0.00276560,0.00260640,0.00232910,0.00000284,0.00075662,0.03360489
1773325563.13847733,0.02347072,6270,0.00107309,0.01683218,0,0.00000000,46230,46294,168,0.00190561,0.00217241,0.00199217,0.00000092,0.00051285,0.01916515
1773325563.23857450,0.01832423,6247,0.00097585,0.01203802,0,0.00000000,46294,46379,166,0.00160115,0.00207021,0.00195599,0.00000085,0.00054327,0.01425883
1773325563.33852458,0.02706580,6240,0.00228314,0.01849722,0,0.00000000,46379,46435,151,0.00134522,0.00231292,0.00171467,0.00000100,0.00036093,0.02105468
1773325563.43842673,0.03067882,6312,0.00099778,0.02255979,0,0.00000000,46435,46460,167,0.00103344,0.00262965,0.00260001,0.00000238,0.00084345,0.02553402
1773325563.53862453,0.02285037,6272,0.00279353,0.01270578,0,0.00000000,46012,45961,125,0.00141171,0.00167853,0.00319661,0.00000383,0.00089572,0.01450785
1773325563.63859606,0.02555572,6215,0.00222674,0.01557237,0,0.00000000,45961,46036,151,0.00136878,0.00294318,0.00140978,0.00000064,0.00046736,0.01883610
1773325563.73837614,0.03217248,6251,0.00083996,0.02310412,0,0.00000000,46036,46088,170,0.00228744,0.00288232,0.00239534,0.00000297,0.00076254,0.02687066
1773325563.83846068,0.06133308,6263,0.00185070,0.05076452,0,0.00000000,46088,46108,160,0.00164096,0.00252189,0.00292757,0.00000263,0.00092571,0.05354985
1773325563.93849444,0.06636497,6271,0.00126224,0.05849581,0,0.00000000,46108,46030,136,0.00292304,0.00303261,0.00202883,0.00000108,0.00050933,0.06190483
1773325564.03849053,0.03814989,6237,0.00191409,0.02575467,0,0.00000000,46030,46072,131,0.00082768,0.00618443,0.00206251,0.00000109,0.00043019,0.03237274
1773325564.13855720,0.04836919,6269,0.00086718,0.03924398,0,0.00000000,46072,46135,132,0.00147592,0.00240188,0.00156994,0.00000071,0.00324278,0.04191694
1773325564.23854184,0.02218765,6235,0.00066114,0.01621096,0,0.00000000,46135,46117,121,0.00325293,0.00162610,0.00213083,0.00000454,0.00081319,0.01798682
1773325564.33932781,0.01580864,6225,0.00088187,0.01045913,0,0.00000000,46117,46138,133,0.00315859,0.00164689,0.00126703,0.00000095,0.00040666,0.01225938
1773325564.43836164,0.01692039,6205,0.00088090,0.01174779,0,0.00000000,46138,46105,119,0.00111130,0.00178892,0.00120208,0.00000050,0.00038737,0.01369170
1773325564.53844523,0.02753621,6218,0.00194586,0.01647292,0,0.00000000,46105,46161,144,0.00360466,0.00322805,0.00249479,0.00000387,0.00131076,0.02002161
1773325564.63850284,0.02979030,6162,0.00110307,0.02074623,0,0.00000000,46161,46093,131,0.00149025,0.00319607,0.00244474,0.00000432,0.00120098,0.02426917
1773325564.73841953,0.03357580,6097,0.00203496,0.02393709,0,0.00000000,46093,46122,136,0.00082512,0.00346552,0.00160211,0.00000101,0.00038122,0.02787590
1773325564.83850622,0.02783342,6068,0.00077354,0.02113156,0,0.00000000,46122,46143,134,0.00085053,0.00222023,0.00196460,0.00000251,0.00082181,0.02359130
1773325564.93846726,0.04515675,6029,0.00083948,0.03790923,0,0.00000000,46143,46112,118,0.00238777,0.00258550,0.00196719,0.00000306,0.00081217,0.04080894
1773325565.03843975,0.05700391,6115,0.00094315,0.04854946,0,0.00000000,46112,46154,128,0.00188176,0.00254652,0.00215647,0.00000288,0.00119097,0.05168274
1773325565.13845444,0.02833167,6085,0.00087374,0.02133698,0,0.00000000,46154,46212,148,0.00186670,0.00181611,0.00241608,0.00000520,0.00108888,0.02330703
1773325565.23843718,0.02108186,6091,0.00061168,0.01636094,0,0.00000000,46212,46272,131,0.00182008,0.00172719,0.00127891,0.00000155,0.00041716,0.01822773
1773325565.33841729,0.03312775,6111,0.00136527,0.02328351,0,0.00000000,46272,46311,109,0.00119444,0.00345509,0.00260060,0.00000372,0.00056619,0.02715416
1773325565.43839931,0.03333232,6098,0.00120532,0.02389101,0,0.00000000,46311,46333,145,0.00597867,0.00327107,0.00214825,0.00000384,0.00094643,0.02750558
1773325565.53845358,0.02563331,6055,0.00087111,0.01792416,0,0.00000000,46333,46391,130,0.00246524,0.00238823,0.00242371,0.00000377,0.00079256,0.02067254
1773325565.63842225,0.04119632,6082,0.00063606,0.03355224,0,0.00000000,46391,46465,126,0.00091036,0.00354937,0.00175635,0.00000121,0.00049435,0.03769379
1773325565.73844957,0.04697123,6106,0.00184970,0.03544755,0,0.00000000,46465,46508,126,0.00271969,0.00360719,0.00252008,0.00000420,0.00114876,0.03953294
1773325565.83847070,0.02591523,6081,0.00165725,0.01771994,0,0.00000000,46508,46552,126,0.00145768,0.00271642,0.00130779,0.00000068,0.00045903,0.02071230
1773325565.93851948,0.02223869,6144,0.00080618,0.01607457,0,0.00000000,46552,46593,141,0.00287249,0.00188544,0.00183846,0.00000279,0.00079424,0.01811995
1773325566.03853393,0.05013908,6125,0.00069617,0.03550228,0,0.00000000,46593,46641,131,0.00288441,0.00973639,0.00204135,0.00000311,0.00095919,0.04557856
1773325566.13846779,0.01585767,6224,0.00070698,0.01024185,0,0.00000000,46641,46697,134,0.00227704,0.00199607,0.00181749,0.00000057,0.00038227,0.01242035
1773325566.23854756,0.02812562,6199,0.00213536,0.01916994,0,0.00000000,46697,46754,149,0.00173905,0.00330853,0.00130595,0.00000044,0.00034598,0.02291490
1773325566.33841944,0.02459387,6274,0.00150861,0.01666778,0,0.00000000,46754,46558,146,0.00264620,0.00252729,0.00203954,0.00000249,0.00091190,0.01947456
1773325566.43846154,0.03518968,6244,0.00206567,0.02665554,0,0.00000000,46558,46623,152,0.00243857,0.00259967,0.00165695,0.00000081,0.00038462,0.02962532
1773325566.53856254,0.02678291,6213,0.00108889,0.01694328,0,0.00000000,46623,46636,151,0.00102536,0.00347798,0.00335459,0.00000414,0.00086720,0.02079833
1773325566.63842916,0.02554882,6256,0.00209701,0.01586175,0,0.00000000,46636,46691,150,0.00083959,0.00398973,0.00130965,0.00000080,0.00035293,0.02041885
1773325566.73844385,0.02353195,6259,0.00120701,0.01502247,0,0.00000000,46691,46620,162,0.00138835,0.00223302,0.00337828,0.00000285,0.00082044,0.01747394
1773325566.83848619,0.04481693,6275,0.00243897,0.03477302,0,0.00000000,46228,46313,173,0.00200324,0.00263592,0.00229116,0.00000241,0.00092448,0.03774620
1773325566.93855333,0.03411086,6285,0.00213241,0.02282618,0,0.00000000,46313,46375,147,0.00208333,0.00314021,0.00249870,0.00000418,0.00126843,0.02643710
1773325567.03848839,0.03608158,6233,0.00072135,0.02800970,0,0.00000000,46375,46408,138,0.00091072,0.00244159,0.00284950,0.00000474,0.00088107,0.03089161
1773325567.13838387,0.03150250,6290,0.00113082,0.02485611,0,0.00000000,46408,46471,164,0.00270794,0.00180069,0.00190462,0.00000308,0.00086612,0.02683361
1773325567.23843360,0.01892709,6303,0.00083721,0.01352765,0,0.00000000,46471,46507,139,0.00092121,0.00179846,0.00155009,0.00000120,0.00038045,0.01549673
1773325567.33839750,0.02190761,6276,0.00169197,0.01535741,0,0.00000000,46507,46385,117,0.00312055,0.00185912,0.00171638,0.00000103,0.00046467,0.01737094
1773325567.43845153,0.03882078,6276,0.00084039,0.02860463,0,0.00000000,46183,46252,160,0.00154954,0.00385905,0.00323379,0.00000466,0.00120990,0.03266779
1773325567.53843141,0.02752175,6287,0.00229071,0.01853986,0,0.00000000,46252,46248,135,0.00281374,0.00217496,0.00216906,0.00000395,0.00085461,0.02093626
1773325567.63843799,0.02305079,6252,0.00221458,0.01499279,0,0.00000000,46248,46314,152,0.00090149,0.00246221,0.00133767,0.00000096,0.00032106,0.01772955
1773325567.73848748,0.02485304,6286,0.00159423,0.01648715,0,0.00000000,46314,46368,140,0.00113390,0.00234387,0.00230996,0.00000274,0.00085887,0.01907001
1773325567.83837271,0.03802456,6262,0.00166053,0.02707218,0,0.00000000,46368,46420,114,0.00365388,0.00302695,0.00293878,0.00002028,0.00144317,0.03042598
1773325567.93840337,0.02897240,6257,0.00213412,0.01732982,0,0.00000000,46420,46465,136,0.00181212,0.00508810,0.00186069,0.00000309,0.00077859,0.02268864
1773325568.03840327,0.01775287,6297,0.00097897,0.01248550,0,0.00000000,46465,46525,132,0.00085949,0.00176679,0.00133677,0.00000067,0.00044842,0.01440374
1773325568.13837600,0.03833119,6272,0.00081821,0.03256510,0,0.00000000,46525,46555,149,0.00284839,0.00186862,0.00190083,0.00000073,0.00040834,0.03459919
1773325568.23837876,0.02561580,6254,0.00058771,0.01992760,0,0.00000000,46555,46622,121,0.00214215,0.00203178,0.00140360,0.00000101,0.00034417,0.02213110
1773325568.33840179,0.04084634,6271,0.00210378,0.03002398,0,0.00000000,46622,46675,152,0.00281197,0.00325337,0.00216318,0.00000299,0.00082360,0.03368326
1773325568.43837023,0.05266239,6233,0.00202801,0.04145900,0,0.00000000,46675,46764,156,0.00100721,0.00293502,0.00296458,0.00000362,0.00103226,0.04478921
1773325568.53823924,0.03149926,6215,0.00207480,0.02140453,0,0.00000000,46764,46825,145,0.00127460,0.00295130,0.00212306,0.00000322,0.00054092,0.02466076
1773325568.63819599,0.03206187,6157,0.00171136,0.02198138,0,0.00000000,46825,46879,114,0.00157234,0.00441030,0.00131417,0.00000060,0.00034097,0.02689029
1773325568.73833013,0.03378808,6144,0.00213360,0.02332120,0,0.00000000,46879,46900,133,0.00141880,0.00299380,0.00244220,0.00000364,0.00092118,0.02664422
1773325568.83826089,0.03439971,6144,0.00175381,0.02516666,0,0.00000000,46900,46967,129,0.00211412,0.00249670,0.00245896,0.00000289,0.00083917,0.02789996
1773325568.93835425,0.04458968,6118,0.00214884,0.03397378,0,0.00000000,46967,46986,153,0.00220263,0.00345010,0.00197610,0.00000373,0.00096948,0.03777363
1773325569.03847146,0.05727094,6145,0.00191299,0.04512237,0,0.00000000,46986,47055,146,0.00098015,0.00337639,0.00256123,0.00000564,0.00156193,0.04888194
1773325569.13834119,0.02331791,6064,0.00107996,0.01683209,0,0.00000000,47055,47120,148,0.00172476,0.00184495,0.00166978,0.00000236,0.00054197,0.01883761
1773325569.23730946,0.01969781,6203,0.00078709,0.01366767,0,0.00000000,47120,47147,152,0.00232281,0.00189845,0.00212099,0.00000078,0.00038867,0.01571935
1773325569.33841586,0.03902044,6181,0.00100709,0.02979949,0,0.00000000,47147,47217,140,0.00224959,0.00366917,0.00276474,0.00000117,0.00059118,0.03381409
1773325569.43833852,0.05858652,6212,0.00159705,0.04941751,0,0.00000000,47217,47255,130,0.00282071,0.00278488,0.00195837,0.00000322,0.00080993,0.05254348
1773325569.53839612,0.03664593,6191,0.00067844,0.03001026,0,0.00000000,47255,47308,140,0.00114651,0.00191958,0.00188531,0.00000533,0.00115542,0.03210479
1773325569.63844633,0.03016413,6205,0.00161146,0.02001630,0,0.00000000,47308,47336,114,0.00091187,0.00245195,0.00340078,0.00000283,0.00085452,0.02275675
1773325569.73847508,0.03023656,6184,0.00127933,0.02106543,0,0.00000000,47336,47355,114,0.00325857,0.00279598,0.00229784,0.00000316,0.00078214,0.02428907
1773325569.83850288,0.02915257,6155,0.00088420,0.01985538,0,0.00000000,47355,47346,127,0.00265919,0.00292690,0.00280293,0.00000493,0.00131414,0.02323992
1773325569.93834686,0.03453648,6225,0.00239081,0.02317472,0,0.00000000,47346,47345,146,0.00178135,0.00331842,0.00271764,0.00000297,0.00085942,0.02694017
1773325570.03846788,0.01735947,6137,0.00066495,0.01167518,0,0.00000000,47345,47376,126,0.00169717,0.00178780,0.00196787,0.00000085,0.00042358,0.01370477
1773325570.13836169,0.02556305,6181,0.00077846,0.01723912,0,0.00000000,47376,47400,116,0.00082878,0.00418842,0.00173441,0.00000141,0.00035749,0.02163032
1773325570.23833871,0.02531810,6180,0.00069255,0.01980256,0,0.00000000,47400,47388,122,0.00257975,0.00160353,0.00197113,0.00000090,0.00050539,0.02152994
1773325570.33839798,0.03810368,6200,0.00162018,0.02510899,0,0.00000000,47388,47436,118,0.00279052,0.00399357,0.00228067,0.00000478,0.00101445,0.02954473
1773325570.43838716,0.05398952,6177,0.00056410,0.04241087,0,0.00000000,47436,47455,108,0.00101000,0.00628549,0.00279968,0.00000275,0.00090717,0.04896923
1773325570.53836799,0.04217274,6179,0.00090592,0.03344293,0,0.00000000,47455,47523,125,0.00084527,0.00303526,0.00247549,0.00000059,0.00043199,0.03688089
1773325570.63843393,0.03632659,6146,0.00229056,0.02515324,0,0.00000000,47523,47560,138,0.00124405,0.00284801,0.00305766,0.00000356,0.00102408,0.02831393
1773325570.73830962,0.02666751,6136,0.00221779,0.01647969,0,0.00000000,47560,47595,138,0.00153846,0.00274483,0.00245282,0.00000376,0.00087537,0.01954200
1773325570.83838367,0.05499110,6168,0.00229496,0.04379686,0,0.00000000,47595,47648,167,0.00187178,0.00295552,0.00292205,0.00000363,0.00104559,0.04711423
1773325570.93838501,0.03902048,6244,0.00074765,0.03088507,0,0.00000000,47648,47684,140,0.00272321,0.00322984,0.00214261,0.00000319,0.00084082,0.03443506
1773325571.03848290,0.03097522,6182,0.00126279,0.02417081,0,0.00000000,47684,47753,136,0.00259753,0.00253345,0.00145471,0.00000102,0.00047359,0.02697622
1773325571.13766074,0.02048699,6274,0.00104941,0.01514777,0,0.00000000,47753,47748,150,0.00179241,0.00184463,0.00130484,0.00000120,0.00037364,0.01716075
1773325571.23835301,0.01468461,6272,0.00085222,0.00930140,0,0.00000000,47748,47775,159,0.00171680,0.00175444,0.00123386,0.00000046,0.00036439,0.01119876
1773325571.33833027,0.02480457,6282,0.00201768,0.01593472,0,0.00000000,47775,47862,153,0.00125166,0.00332567,0.00139772,0.00000113,0.00035957,0.01968089
1773325571.43834782,0.03003519,6277,0.00092396,0.02106932,0,0.00000000,47862,47960,138,0.00100950,0.00272954,0.00355101,0.00000471,0.00088550,0.02405664
1773325571.53831553,0.02629619,6317,0.00213040,0.01590301,0,0.00000000,47960,47931,121,0.00093972,0.00252031,0.00317352,0.00000294,0.00053056,0.01868561
1773325571.63842535,0.02307010,6297,0.00108803,0.01569140,0,0.00000000,47931,47904,128,0.00076180,0.00179294,0.00247642,0.00000488,0.00098647,0.01768920
1773325571.73843598,0.02781095,6318,0.00378875,0.01445758,0,0.00000000,47904,47852,127,0.00157457,0.00510295,0.00231162,0.00000097,0.00043132,0.01987029
1773325571.83840537,0.02925344,6280,0.00095207,0.02065676,0,0.00000000,47852,47883,131,0.00138364,0.00272708,0.00264344,0.00000504,0.00118881,0.02371055
1773325571.93855095,0.02749246,6267,0.00061103,0.01980066,0,0.00000000,47883,47939,136,0.00213000,0.00215453,0.00298940,0.00000514,0.00098032,0.02229514
1773325572.03827095,0.02787491,6302,0.00070668,0.01947124,0,0.00000000,47939,47990,121,0.00221158,0.00248360,0.00234685,0.00000277,0.00181251,0.02225673
1773325572.13827705,0.03109257,6253,0.00109924,0.02109554,0,0.00000000,47990,48017,127,0.00334512,0.00382616,0.00262025,0.00000455,0.00117069,0.02535807
1773325572.23830748,0.01346661,6294,0.00069435,0.00894680,0,0.00000000,48017,48060,141,0.00247400,0.00163352,0.00125869,0.00000059,0.00036070,0.01069886
1773325572.33845258,0.01635585,6298,0.00085151,0.01069561,0,0.00000000,48060,48085,126,0.00293919,0.00200999,0.00123814,0.00000047,0.00034713,0.01295085
1773325572.43835425,0.05328675,6277,0.00063325,0.04617172,0,0.00000000,48085,48116,111,0.00317355,0.00233428,0.00216111,0.00000516,0.00100829,0.04877279
1773325572.53831625,0.03089958,6276,0.00251808,0.01938335,0,0.00000000,48116,48102,118,0.00215183,0.00335000,0.00259922,0.00000329,0.00095599,0.02325554
1773325572.63843632,0.02032844,6308,0.00177441,0.01275966,0,0.00000000,48102,48130,114,0.00087121,0.00180396,0.00184053,0.00000467,0.00071936,0.01470047
1773325572.73833942,0.02657989,6300,0.00059295,0.01992485,0,0.00000000,48130,48199,122,0.00096697,0.00242796,0.00200530,0.00000323,0.00080329,0.02262775
1773325572.83839393,0.02836657,6246,0.00156271,0.01918707,0,0.00000000,48199,48243,118,0.00166671,0.00308623,0.00199847,0.00000295,0.00077408,0.02265815
1773325572.93826985,0.04151794,6293,0.00109738,0.03361846,0,0.00000000,48243,48197,128,0.00122582,0.00243864,0.00251255,0.00000371,0.00095864,0.03634668
1773325573.03828096,0.03372163,6314,0.00174385,0.02451690,0,0.00000000,48197,48270,109,0.00248499,0.00310483,0.00151120,0.00000268,0.00076045,0.02803334
1773325573.13824797,0.01643844,6262,0.00068527,0.01159313,0,0.00000000,48270,48256,116,0.00149737,0.00163193,0.00125580,0.00000091,0.00041630,0.01337164
1773325573.23835206,0.01857206,6264,0.00206116,0.01226762,0,0.00000000,48256,47833,116,0.00114092,0.00162769,0.00135575,0.00000143,0.00055774,0.01406470
1773325573.33828259,0.04100136,6279,0.00193492,0.03092092,0,0.00000000,47833,47900,145,0.00175234,0.00286424,0.00265155,0.00000505,0.00126838,0.03412162
1773325573.43840170,0.03698984,6238,0.00061683,0.02869322,0,0.00000000,47900,47976,117,0.00106503,0.00308843,0.00257479,0.00000333,0.00095235,0.03216818
1773325573.53835344,0.03607328,6216,0.00211763,0.02627480,0,0.00000000,47976,47982,121,0.00152112,0.00366317,0.00129245,0.00000193,0.00035910,0.03045224
1773325573.63830495,0.02972974,6190,0.00228664,0.01874798,0,0.00000000,47982,47989,125,0.00084757,0.00318188,0.00249256,0.00000439,0.00105254,0.02229387
1773325573.73825336,0.03500905,6195,0.00143467,0.02561735,0,0.00000000,47989,48029,108,0.00093027,0.00298146,0.00237269,0.00000098,0.00053207,0.02892554
1773325573.83835125,0.04442987,6176,0.00129164,0.03506816,0,0.00000000,48029,48103,113,0.00092580,0.00322789,0.00202143,0.00000192,0.00079662,0.03867827
1773325573.93838644,0.04024139,6142,0.00136436,0.03102567,0,0.00000000,48103,48155,107,0.00100472,0.00317292,0.00190854,0.00000310,0.00086463,0.03453716
1773325574.03820133,0.02505096,6170,0.00096609,0.01748611,0,0.00000000,48155,48190,143,0.00182966,0.00203085,0.00283705,0.00000371,0.00070248,0.01967674
1773325574.13825130,0.02791163,6162,0.00080377,0.02126188,0,0.00000000,48190,48252,135,0.00368863,0.00259558,0.00120421,0.00000071,0.00036153,0.02404938
1773325574.23835754,0.02026917,6171,0.00067085,0.01487608,0,0.00000000,48252,48272,131,0.00160842,0.00201719,0.00146675,0.00000093,0.00046572,0.01708425
1773325574.33838916,0.03472109,6179,0.00081828,0.02452710,0,0.00000000,48272,48315,127,0.00193643,0.00404230,0.00288620,0.00000301,0.00062208,0.02906029
1773325574.43831301,0.02682434,6160,0.00193100,0.01638783,0,0.00000000,48315,48371,142,0.00240194,0.00330956,0.00194796,0.00000253,0.00086967,0.02001210
1773325574.53825426,0.03351842,6184,0.00086123,0.02334549,0,0.00000000,48371,48434,127,0.00123504,0.00406527,0.00222596,0.00000308,0.00081895,0.02788754
1773325574.63839841,0.02687863,6220,0.00163914,0.01618779,0,0.00000000,48434,48474,122,0.00085225,0.00309158,0.00270072,0.00000459,0.00120378,0.01960435
1773325574.73829007,0.05553589,6182,0.00353736,0.04428348,0,0.00000000,48474,48488,102,0.00156366,0.00322764,0.00171368,0.00000243,0.00081339,0.04790962
1773325574.83833480,0.04030816,6173,0.00088269,0.03071252,0,0.00000000,48488,48524,137,0.00195432,0.00377465,0.00235009,0.00000464,0.00119885,0.03490921
1773325574.93830705,0.05253346,6188,0.00205273,0.04071175,0,0.00000000,48524,48537,126,0.00122906,0.00379752,0.00253403,0.00000326,0.00093023,0.04509244
1773325575.03822041,0.05552623,6183,0.00363757,0.04484035,0,0.00000000,48537,48527,117,0.00333460,0.00235505,0.00244149,0.00000133,0.00077411,0.04756121
1773325575.13831973,0.03859262,6193,0.00059378,0.03242515,0,0.00000000,48527,48575,100,0.00201475,0.00232167,0.00185129,0.00000124,0.00034585,0.03503264
1773325575.23830628,0.02694869,6203,0.00064637,0.02121151,0,0.00000000,48575,48573,102,0.00124551,0.00261976,0.00123698,0.00000066,0.00035412,0.02403075
1773325575.33835721,0.03556100,6178,0.00152622,0.02417136,0,0.00000000,48573,48591,98,0.00295685,0.00352090,0.00235809,0.00000349,0.00101570,0.02875698
1773325575.43821263,0.05214407,6194,0.00108883,0.04097834,0,0.00000000,48591,48613,112,0.00096699,0.00535444,0.00209532,0.00000432,0.00086973,0.04689995
1773325575.53821087,0.04972296,6177,0.00163619,0.04070940,0,0.00000000,48613,48647,105,0.00099863,0.00323507,0.00170180,0.00000080,0.00059421,0.04429354
1773325575.63832784,0.06851012,6177,0.00075904,0.05528600,0,0.00000000,48647,48600,106,0.00086013,0.00309456,0.00305489,0.00000269,0.00100011,0.05879194
1773325575.73833966,0.02581735,6166,0.00195810,0.01593624,0,0.00000000,48600,48594,93,0.00238575,0.00266906,0.00222381,0.00000359,0.00084160,0.01891899
1773325575.83831120,0.06797300,6177,0.00140268,0.05150794,0,0.00000000,48594,48631,94,0.00309803,0.00736258,0.00203133,0.00000112,0.00054137,0.05940846
1773325575.93838811,0.03790910,6151,0.00037784,0.02845230,0,0.00000000,48631,48679,78,0.00163784,0.00533950,0.00135487,0.00000071,0.00060159,0.03440480
1773325576.03816438,0.01953113,6185,0.00070587,0.01314811,0,0.00000000,48679,48726,117,0.00298621,0.00211862,0.00198549,0.00000094,0.00050698,0.01543833
1773325576.13823247,0.03993113,6154,0.00052196,0.03311127,0,0.00000000,48726,48760,96,0.00219126,0.00313541,0.00161335,0.00000121,0.00051376,0.03665722
1773325576.23825073,0.02754800,6188,0.00084578,0.02064889,0,0.00000000,48760,48790,128,0.00193910,0.00261390,0.00206725,0.00000111,0.00054678,0.02344742
1773325576.33835602,0.01854864,6202,0.00088365,0.01288458,0,0.00000000,48790,48770,119,0.00302059,0.00155843,0.00200885,0.00000062,0.00037563,0.01460467
1773325576.43824053,0.04375835,6229,0.00135387,0.03282302,0,0.00000000,48770,48745,127,0.00259099,0.00457439,0.00219026,0.00000142,0.00044993,0.03777890
1773325576.53822422,0.03527751,6281,0.00108573,0.02529478,0,0.00000000,48745,48795,117,0.00168959,0.00318216,0.00327495,0.00000334,0.00079935,0.02890476
1773325576.63821793,0.02956328,6271,0.00489788,0.01901777,0,0.00000000,48325,48380,115,0.00128313,0.00162666,0.00239413,0.00000374,0.00079835,0.02078561
1773325576.73820949,0.04402277,6277,0.00155688,0.03404507,0,0.00000000,47156,47206,117,0.00117119,0.00319962,0.00219783,0.00000448,0.00086623,0.03762871
1773325576.83828378,0.04203427,6266,0.00053344,0.03579743,0,0.00000000,47206,47285,114,0.00232859,0.00272204,0.00142037,0.00000091,0.00056277,0.03894303
1773325576.93834853,0.03114064,6267,0.00157356,0.02185895,0,0.00000000,47285,47326,130,0.00089060,0.00295443,0.00213037,0.00000336,0.00081140,0.02522934
1773325577.03828907,0.01452703,6236,0.00112166,0.00917521,0,0.00000000,47326,47295,125,0.00259153,0.00162602,0.00132781,0.00000058,0.00036712,0.01096972
1773325577.13822842,0.01396307,6282,0.00071071,0.00905019,0,0.00000000,47295,47341,124,0.00309371,0.00167086,0.00140316,0.00000177,0.00035857,0.01086130
1773325577.23830485,0.01394565,6300,0.00056149,0.00880519,0,0.00000000,47341,47395,116,0.00202403,0.00183267,0.00166294,0.00000075,0.00038839,0.01076723
1773325577.33821750,0.02898299,6303,0.00052996,0.02178654,0,0.00000000,47395,47467,121,0.00085854,0.00192067,0.00280450,0.00000450,0.00116712,0.02390110
1773325577.43826318,0.02184453,6286,0.00190249,0.01260616,0,0.00000000,47467,47461,100,0.00152595,0.00243384,0.00253951,0.00000349,0.00076312,0.01531218
1773325577.53825021,0.06337733,6287,0.00189791,0.05194707,0,0.00000000,47461,47436,109,0.00100528,0.00318027,0.00255114,0.00000376,0.00125768,0.05553353
1773325577.63821697,0.02281205,6306,0.00134896,0.01429756,0,0.00000000,47436,47462,96,0.00092656,0.00192003,0.00251149,0.00000375,0.00117636,0.01640650
1773325577.73817849,0.03338495,6342,0.00131130,0.02470014,0,0.00000000,47462,47512,99,0.00199305,0.00292805,0.00183029,0.00000100,0.00042310,0.02803891
1773325577.83829808,0.03149610,6280,0.00048778,0.02384249,0,0.00000000,47512,47572,110,0.00257286,0.00333369,0.00198021,0.00000089,0.00065056,0.02773544
1773325577.93833303,0.05349685,6289,0.00091760,0.04415975,0,0.00000000,47572,47602,87,0.00142855,0.00320218,0.00260378,0.00000623,0.00107926,0.04775715
1773325578.03831482,0.02843736,6288,0.00047011,0.01827172,0,0.00000000,47602,47651,76,0.00183496,0.00246333,0.00495548,0.00000586,0.00103561,0.02105454
1773325578.13826108,0.01939531,6291,0.00056127,0.01346826,0,0.00000000,47651,47695,98,0.00115317,0.00210570,0.00197201,0.00000122,0.00045677,0.01583312
1773325578.23833156,0.01495063,6268,0.00055578,0.00889044,0,0.00000000,47695,47692,87,0.00080226,0.00241431,0.00193662,0.00000079,0.00048031,0.01147444
1773325578.33822012,0.02411175,6290,0.00045850,0.01591108,0,0.00000000,47692,47747,95,0.00183745,0.00276912,0.00313121,0.00000246,0.00089971,0.01899516
1773325578.43825531,0.02315812,6285,0.00138761,0.01598777,0,0.00000000,47747,47750,91,0.00199773,0.00263936,0.00126417,0.00000066,0.00033113,0.01896520
1773325578.53818679,0.04997977,6294,0.00125771,0.04103917,0,0.00000000,47750,47777,92,0.00082731,0.00260718,0.00202686,0.00000322,0.00099637,0.04395698
1773325578.63827276,0.02581931,6305,0.00330341,0.01559775,0,0.00000000,47777,47787,107,0.00116261,0.00257155,0.00201679,0.00000095,0.00041225,0.01853631
1773325578.73821330,0.05817208,6291,0.00384103,0.04182973,0,0.00000000,47787,47794,71,0.00251872,0.00302587,0.00356517,0.00000577,0.00121596,0.04829449
1773325578.83812428,0.05053834,6337,0.00152187,0.03804506,0,0.00000000,47794,47810,93,0.00162504,0.00525087,0.00257402,0.00000423,0.00103670,0.04373810
1773325578.93821836,0.07074656,6311,0.00047631,0.06278367,0,0.00000000,47810,47819,78,0.00089218,0.00199303,0.00268818,0.00000507,0.00135363,0.06495327
1773325579.03829217,0.07990602,6328,0.00168752,0.06833351,0,0.00000000,47819,47861,102,0.00277121,0.00311597,0.00316041,0.00000119,0.00064300,0.07190438
1773325579.13818359,0.04908890,6303,0.00277664,0.03837332,0,0.00000000,47861,47825,88,0.00172249,0.00346905,0.00175507,0.00000108,0.00056165,0.04219503
1773325579.23821378,0.02850916,6303,0.00129301,0.01832894,0,0.00000000,47825,47876,92,0.00407246,0.00311266,0.00319558,0.00000379,0.00137362,0.02180268
1773325579.33832693,0.03989834,6230,0.00055449,0.03148272,0,0.00000000,47876,47918,98,0.00429586,0.00328013,0.00255227,0.00000296,0.00090159,0.03519676
1773325579.43814707,0.03441848,6244,0.00121707,0.02686163,0,0.00000000,47918,47911,101,0.00457995,0.00235691,0.00195926,0.00000132,0.00044052,0.02945824
1773325579.53815842,0.03668796,6235,0.00064680,0.03026932,0,0.00000000,47911,47937,92,0.00299602,0.00241200,0.00196432,0.00000114,0.00051924,0.03285526
1773325579.63811851,0.03335489,6236,0.00062479,0.02546241,0,0.00000000,47937,47971,106,0.00150746,0.00336376,0.00200045,0.00000220,0.00078062,0.02930089
1773325579.73814940,0.03339972,6250,0.00402222,0.02022252,0,0.00000000,47971,47810,79,0.00118375,0.00326138,0.00259023,0.00000503,0.00127277,0.02387340
1773325579.83826995,0.01904377,6228,0.00102653,0.01117816,0,0.00000000,47810,47859,83,0.00099052,0.00194023,0.00212695,0.00000450,0.00082282,0.01331461
1773325579.93826103,0.02715442,6229,0.00122173,0.01812951,0,0.00000000,47859,47876,87,0.00147783,0.00302585,0.00194440,0.00000235,0.00086890,0.02152485
1773325580.03814220,0.05173316,6252,0.00167153,0.03950843,0,0.00000000,47876,47876,103,0.00089788,0.00379343,0.00254031,0.00000616,0.00150940,0.04394528
1773325580.13819408,0.01511074,6241,0.00043277,0.00961051,0,0.00000000,47876,47917,108,0.00181761,0.00183678,0.00204460,0.00000100,0.00050484,0.01158115
1773325580.23821354,0.03924272,6236,0.00055822,0.03296978,0,0.00000000,47917,47982,92,0.00289368,0.00228960,0.00189100,0.00000231,0.00064558,0.03547290
1773325580.33814907,0.03499481,6245,0.00141648,0.02429979,0,0.00000000,47982,48008,93,0.00279864,0.00403295,0.00188804,0.00000397,0.00103627,0.02883579
1773325580.43809390,0.03047053,6287,0.00043906,0.02209079,0,0.00000000,48008,48060,95,0.00363428,0.00334145,0.00220654,0.00000322,0.00129892,0.02576932
1773325580.53824997,0.03990294,6242,0.00151414,0.02877922,0,0.00000000,48060,48114,92,0.00115439,0.00428033,0.00219995,0.00000327,0.00091303,0.03361677
1773325580.63823700,0.02692542,6226,0.00146178,0.01666392,0,0.00000000,48114,48146,95,0.00124353,0.00482910,0.00165412,0.00000117,0.00036013,0.02199178
1773325580.73825550,0.03271933,6222,0.00050382,0.02396157,0,0.00000000,48146,48135,80,0.00237236,0.00362535,0.00188383,0.00000410,0.00079143,0.02818655
1773325580.83826852,0.06534565,6248,0.00100299,0.05446062,0,0.00000000,48135,48182,78,0.00242462,0.00410492,0.00255679,0.00000562,0.00128132,0.05907463
1773325580.93825316,0.04216888,6222,0.00050335,0.03321553,0,0.00000000,48182,48207,72,0.00171644,0.00337576,0.00254086,0.00000608,0.00128078,0.03710337
1773325581.03820682,0.02972366,6215,0.00055420,0.02404408,0,0.00000000,48207,48264,91,0.00180350,0.00224356,0.00160507,0.00000227,0.00054284,0.02643876
1773325581.13817501,0.04026148,6156,0.00071817,0.03130075,0,0.00000000,48264,48314,90,0.00126869,0.00256989,0.00312971,0.00000587,0.00132972,0.03418169
1773325581.23667359,0.01904300,6312,0.00038389,0.01447904,0,0.00000000,48314,48364,80,0.00200467,0.00184235,0.00129277,0.00000068,0.00035799,0.01648002
1773325581.33811593,0.03290399,6285,0.00039110,0.02667438,0,0.00000000,48364,48393,73,0.00287523,0.00234143,0.00175416,0.00000168,0.00071049,0.02940292
1773325581.43820453,0.04962282,6339,0.00145075,0.03872355,0,0.00000000,48393,48442,97,0.00285456,0.00375394,0.00205388,0.00000283,0.00090917,0.04314034
1773325581.53822160,0.04083270,6285,0.00142364,0.02903124,0,0.00000000,48442,48430,89,0.00168120,0.00339082,0.00310257,0.00000344,0.00103885,0.03284196
1773325581.63809609,0.03417894,6334,0.00129614,0.02367840,0,0.00000000,48430,48460,85,0.00116479,0.00335630,0.00202303,0.00000278,0.00098969,0.02747249
1773325581.73807430,0.06154633,6295,0.00114859,0.05065165,0,0.00000000,48460,48472,89,0.00114861,0.00313486,0.00220754,0.00000298,0.00092350,0.05419695
1773325581.83818460,0.03525193,6262,0.00052916,0.02485763,0,0.00000000,48472,48492,79,0.00215107,0.00423791,0.00269858,0.00000421,0.00101857,0.03019458
1773325581.93794918,0.04836877,6308,0.00120814,0.03818611,0,0.00000000,48492,48516,93,0.00247073,0.00204912,0.00329695,0.00000460,0.00134350,0.04049441
1773325582.03810072,0.03037512,6281,0.00054155,0.02216348,0,0.00000000,48516,48561,69,0.00313067,0.00301751,0.00239221,0.00000307,0.00096984,0.02552110
1773325582.13808727,0.01911491,6262,0.00051782,0.00958457,0,0.00000000,48561,48597,96,0.00279791,0.00627622,0.00162499,0.00000146,0.00045103,0.01599305
1773325582.23812056,0.01500949,6285,0.00042739,0.01011380,0,0.00000000,48597,48656,92,0.00324682,0.00213217,0.00126626,0.00000063,0.00035691,0.01240618
1773325582.33813190,0.02098960,6302,0.00064922,0.01509855,0,0.00000000,48656,48568,79,0.00334846,0.00208596,0.00173653,0.00000234,0.00057318,0.01750370
1773325582.43820477,0.05601502,6255,0.00107498,0.04534917,0,0.00000000,48568,48591,72,0.00485015,0.00327267,0.00294265,0.00000540,0.00121035,0.04900266
1773325582.53810382,0.04014706,6287,0.00263069,0.02643828,0,0.00000000,48591,48561,88,0.00135019,0.00411164,0.00320232,0.00000764,0.00155058,0.03109307
1773325582.63813019,0.05475443,6313,0.00118764,0.04107425,0,0.00000000,48561,48605,85,0.00151287,0.00318386,0.00264508,0.00000442,0.00127415,0.04471377
1773325582.73807597,0.04533776,6281,0.00053899,0.03654344,0,0.00000000,48605,48626,84,0.00111928,0.00363343,0.00248352,0.00000398,0.00092767,0.04080388
1773325582.83809590,0.03118366,6325,0.00103850,0.01738558,0,0.00000000,48626,48636,66,0.00347889,0.00727184,0.00227625,0.00000081,0.00042017,0.02501449
1773325582.93819618,0.03459543,6317,0.00117304,0.02517465,0,0.00000000,48636,48649,63,0.00341380,0.00310230,0.00234432,0.00000160,0.00060048,0.02863488
1773325583.03809285,0.01472264,6344,0.00047694,0.00896940,0,0.00000000,48649,48684,81,0.00200074,0.00191754,0.00223919,0.00000244,0.00050560,0.01101041
1773325583.13825250,0.02538866,6320,0.00045737,0.02067011,0,0.00000000,48684,48714,86,0.00272307,0.00151999,0.00158027,0.00000146,0.00038430,0.02234366
1773325583.23825836,0.01411199,6366,0.00033577,0.00824094,0,0.00000000,48714,48737,67,0.00209678,0.00164945,0.00264979,0.00000075,0.00038734,0.01001061
1773325583.33812761,0.04425389,6373,0.00095596,0.03417557,0,0.00000000,48737,48764,73,0.00265313,0.00342885,0.00279181,0.00000447,0.00099316,0.03810802
1773325583.43812871,0.03572157,6377,0.00087001,0.02637181,0,0.00000000,48764,48788,67,0.00379912,0.00305268,0.00245661,0.00000931,0.00118331,0.02986410
1773325583.53822088,0.03483664,6342,0.00114775,0.02462640,0,0.00000000,48788,48791,67,0.00115259,0.00311647,0.00240434,0.00000516,0.00117230,0.02841766
1773325583.63807321,0.04704763,6332,0.00063492,0.03393907,0,0.00000000,48791,48816,62,0.00083148,0.00323032,0.00293632,0.00000492,0.00120365,0.03770224
1773325583.73804545,0.04498896,6365,0.00097868,0.03064119,0,0.00000000,48816,48825,69,0.00239411,0.00546900,0.00356744,0.00000588,0.00217284,0.03654983
1773325583.83805776,0.06030431,6357,0.00386534,0.04424452,0,0.00000000,48825,48847,70,0.00194907,0.00632079,0.00252974,0.00000556,0.00088643,0.05129779
1773325583.93805718,0.02692717,6341,0.00126570,0.01815386,0,0.00000000,48847,48859,69,0.00248898,0.00188908,0.00266216,0.00000456,0.00099523,0.02040667
1773325584.03821206,0.04253868,6347,0.00047437,0.03469966,0,0.00000000,48859,48875,72,0.00287627,0.00233453,0.00265661,0.00000484,0.00127052,0.03737480
1773325584.13809991,0.02673343,6306,0.00090290,0.01823794,0,0.00000000,48875,48880,60,0.00254868,0.00214799,0.00213867,0.00000359,0.00094754,0.02060143
1773325584.23808599,0.01553063,6311,0.00053477,0.01001684,0,0.00000000,48880,48909,89,0.00179943,0.00157305,0.00233467,0.00000068,0.00038697,0.01175984
1773325584.33803487,0.04675564,6250,0.00109857,0.03848983,0,0.00000000,48909,48946,70,0.00281829,0.00301985,0.00187543,0.00000201,0.00056290,0.04182347
1773325584.43824339,0.06417935,6253,0.00212283,0.04050404,0,0.00000000,48946,48949,86,0.00241636,0.01131416,0.00273286,0.00000406,0.00129687,0.05291892
1773325584.53810978,0.04117985,6252,0.00086438,0.03040925,0,0.00000000,48949,48962,48,0.00184445,0.00365989,0.00211544,0.00000747,0.00148935,0.03455357
1773325584.63815737,0.04129801,6203,0.00125994,0.03077932,0,0.00000000,48962,48970,80,0.00089650,0.00261310,0.00354684,0.00000370,0.00097654,0.03388739
1773325584.73811102,0.05126352,6267,0.00093838,0.04140116,0,0.00000000,48970,48990,64,0.00080604,0.00338513,0.00235894,0.00000333,0.00098668,0.04540316
1773325584.83817768,0.05457059,6214,0.00255690,0.03864151,0,0.00000000,48990,48990,79,0.00241171,0.00421307,0.00318995,0.00000107,0.00109610,0.04321638
1773325584.93811035,0.05267700,6245,0.00035614,0.04467869,0,0.00000000,48990,49041,70,0.00224076,0.00271393,0.00285692,0.00000352,0.00094749,0.04788309
1773325585.03818941,0.04770887,6236,0.00042367,0.03719266,0,0.00000000,49041,49038,67,0.00321231,0.00477161,0.00322631,0.00000478,0.00105575,0.04227740
1773325585.13819051,0.02212945,6251,0.00044540,0.01191453,0,0.00000000,49038,49050,66,0.00216944,0.00488187,0.00358246,0.00000318,0.00041891,0.01707690
1773325585.23811722,0.01219273,6272,0.00025693,0.00822299,0,0.00000000,49050,49060,56,0.00217503,0.00147331,0.00141212,0.00000070,0.00033645,0.00981326
1773325585.33813405,0.01266672,6249,0.00033074,0.00844079,0,0.00000000,49060,49064,56,0.00156335,0.00143882,0.00142618,0.00000065,0.00036704,0.00998794
1773325585.43810868,0.02921216,6262,0.00073692,0.02023419,0,0.00000000,49064,49063,62,0.00160798,0.00247675,0.00320581,0.00000342,0.00091181,0.02303266
1773325585.53800941,0.02135928,6297,0.00037734,0.01470736,0,0.00000000,49063,49094,77,0.00104384,0.00172168,0.00256435,0.00000395,0.00123157,0.01657054
1773325585.63803244,0.02114431,6322,0.00083371,0.01363896,0,0.00000000,49094,49120,63,0.00173547,0.00247997,0.00236755,0.00000080,0.00038888,0.01640865
1773325585.73858619,0.02696539,6278,0.00044538,0.01994120,0,0.00000000,49120,49112,83,0.00090234,0.00259867,0.00209341,0.00000289,0.00095567,0.02279242
1773325585.83804774,0.02097416,6304,0.00092234,0.01256929,0,0.00000000,49112,49125,67,0.00088820,0.00251153,0.00322847,0.00000347,0.00092329,0.01522238
1773325585.93821955,0.03346798,6285,0.00070064,0.02292163,0,0.00000000,49125,49161,65,0.00295569,0.00437251,0.00258718,0.00000359,0.00116993,0.02789947
1773325586.03808212,0.03182809,6288,0.00127515,0.01935226,0,0.00000000,49161,49182,79,0.00278578,0.00498974,0.00261641,0.00000508,0.00109930,0.02489117
1773325586.13802767,0.02180667,6273,0.00137209,0.01273615,0,0.00000000,49182,49215,74,0.00255536,0.00168211,0.00291245,0.00000300,0.00135748,0.01462437
1773325586.23803639,0.03008528,6264,0.00047550,0.02148215,0,0.00000000,49215,49189,72,0.00285313,0.00265324,0.00260729,0.00001028,0.00162055,0.02442698
1773325586.33805156,0.05777378,6301,0.00145054,0.04691577,0,0.00000000,49189,49196,80,0.00294871,0.00368434,0.00263088,0.00000375,0.00096052,0.05136300
1773325586.43814707,0.04911722,6304,0.00064852,0.03667635,0,0.00000000,49196,49186,71,0.00114449,0.00638182,0.00255373,0.00000275,0.00099240,0.04370225
1773325586.53809762,0.03494542,6295,0.00085098,0.02515555,0,0.00000000,49186,49202,78,0.00145999,0.00307442,0.00260409,0.00000428,0.00155482,0.02843185
1773325586.63793683,0.09642403,6287,0.00096930,0.06899038,0,0.00000000,49202,49219,73,0.00155089,0.01352568,0.00294369,0.00000645,0.00662869,0.08283557
1773325586.73796916,0.04675517,6329,0.00117840,0.03500462,0,0.00000000,49219,49248,83,0.00203902,0.00227484,0.00263931,0.00000426,0.00366528,0.03744612
1773325586.83808279,0.06150961,6275,0.00054172,0.05258351,0,0.00000000,49248,49257,75,0.00109072,0.00292573,0.00251563,0.00000434,0.00135780,0.05580743
1773325586.93809915,0.02669641,6298,0.00090861,0.01746427,0,0.00000000,49257,49290,73,0.00324627,0.00310714,0.00259853,0.00000433,0.00089114,0.02097619
1773325587.03817892,0.01255640,6303,0.00035620,0.00794175,0,0.00000000,49290,49305,78,0.00366261,0.00155055,0.00167988,0.00000083,0.00045542,0.00960008
1773325587.13796759,0.01494930,6294,0.00028412,0.00929531,0,0.00000000,49305,49351,78,0.00433099,0.00122487,0.00228892,0.00000444,0.00105692,0.01061192
1773325587.23808265,0.01346610,6283,0.00051540,0.00764571,0,0.00000000,49351,49328,87,0.00304398,0.00221302,0.00191267,0.00000109,0.00047101,0.01008096
1773325587.33806157,0.01487560,6263,0.00032775,0.00935326,0,0.00000000,49328,49329,61,0.00179278,0.00204947,0.00206767,0.00000085,0.00049261,0.01154754
1773325587.43801928,0.02389207,6265,0.00041316,0.01601214,0,0.00000000,49329,49361,71,0.00207712,0.00270484,0.00238791,0.00000323,0.00095055,0.01907157
1773325587.53797984,0.02462394,6254,0.00113273,0.01585518,0,0.00000000,49361,49380,74,0.00270857,0.00288879,0.00223461,0.00000263,0.00077804,0.01911679
1773325587.63804722,0.01327666,6285,0.00073431,0.00764535,0,0.00000000,49380,49399,65,0.00112604,0.00154410,0.00166133,0.00000074,0.00034270,0.00933371
1773325587.73814774,0.01877728,6264,0.00060259,0.01140768,0,0.00000000,49399,49414,79,0.00133595,0.00181107,0.00325851,0.00000312,0.00082499,0.01348487
1773325587.83802915,0.04886426,6282,0.00091163,0.03828132,0,0.00000000,49414,49381,68,0.00239487,0.00566572,0.00192744,0.00000429,0.00087179,0.04455354
1773325587.93811703,0.03225130,6298,0.00100324,0.02356552,0,0.00000000,49381,49361,63,0.00168326,0.00312293,0.00258250,0.00000066,0.00037970,0.02710693
1773325588.03810477,0.01837492,6285,0.00052371,0.01107978,0,0.00000000,49361,49359,78,0.00193457,0.00192137,0.00249090,0.00000440,0.00133053,0.01322926
1773325588.13815498,0.01631981,6281,0.00037627,0.00972859,0,0.00000000,49359,49349,51,0.00245658,0.00271089,0.00205741,0.00000109,0.00056894,0.01267745
1773325588.23798108,0.01462856,6339,0.00027306,0.00997804,0,0.00000000,49349,49342,51,0.00125110,0.00191841,0.00156501,0.00000071,0.00034177,0.01204637
1773325588.33812737,0.02741851,6281,0.00039001,0.02078378,0,0.00000000,49342,49365,62,0.00320293,0.00156173,0.00274414,0.00000359,0.00120078,0.02246487
1773325588.43796635,0.02144137,6323,0.00033618,0.01505614,0,0.00000000,49365,49408,79,0.00404931,0.00170898,0.00251118,0.00000383,0.00113865,0.01688848
1773325588.53808665,0.04544667,6282,0.00148796,0.03303545,0,0.00000000,49408,49405,62,0.00309898,0.00404794,0.00328053,0.00000560,0.00125297,0.03763489
1773325588.63791156,0.03263600,6359,0.00077406,0.02188893,0,0.00000000,49405,49441,65,0.00162374,0.00476399,0.00190368,0.00000431,0.00051143,0.02782630
1773325588.73803997,0.02285509,6282,0.00091051,0.01618840,0,0.00000000,49441,49442,63,0.00181504,0.00234912,0.00145590,0.00000081,0.00041299,0.01887384
1773325588.83790898,0.02796231,6370,0.00047881,0.02126289,0,0.00000000,49442,49425,66,0.00236018,0.00184885,0.00255839,0.00000453,0.00083308,0.02344859
1773325588.93802166,0.03624146,6281,0.00128424,0.02409686,0,0.00000000,49425,49453,64,0.00198415,0.00506632,0.00207147,0.00000250,0.00075390,0.02988280
1773325589.04098606,0.01326848,6340,0.00035426,0.00835595,0,0.00000000,49453,49460,63,0.00277157,0.00119514,0.00214944,0.00000121,0.00053151,0.00968520
1773325589.13802028,0.01477447,6311,0.00035874,0.01032692,0,0.00000000,49460,49504,82,0.00284566,0.00124604,0.00168499,0.00000144,0.00058011,0.01167843
1773325589.23795247,0.03421060,6349,0.00061525,0.02515772,0,0.00000000,49504,49529,63,0.00267753,0.00285455,0.00125698,0.00000064,0.00034944,0.02822422
1773325589.33798862,0.03733635,6312,0.00149994,0.02845553,0,0.00000000,49529,49527,71,0.00121674,0.00199347,0.00295797,0.00000268,0.00091847,0.03072479
1773325589.43799543,0.04416519,6333,0.00093628,0.03646237,0,0.00000000,49527,49528,61,0.00239189,0.00177079,0.00238689,0.00000359,0.00111437,0.03846741
1773325589.53800964,0.02700194,6304,0.00032254,0.01965230,0,0.00000000,49528,49555,67,0.00118917,0.00163377,0.00317614,0.00000360,0.00094395,0.02149177
1773325589.63789105,0.04683431,6314,0.00081499,0.03804473,0,0.00000000,49555,49561,54,0.00107058,0.00208596,0.00280498,0.00000176,0.00063071,0.04039811
1773325589.73805404,0.03049797,6299,0.00102523,0.02173898,0,0.00000000,49561,49570,65,0.00293818,0.00306095,0.00206506,0.00000121,0.00084240,0.02520441
1773325589.83803606,0.02679435,6297,0.00119751,0.01827802,0,0.00000000,49570,49600,59,0.00139321,0.00269925,0.00239805,0.00000173,0.00066701,0.02133830
1773325589.93799019,0.02746337,6273,0.00076118,0.02036612,0,0.00000000,49600,49627,55,0.00249946,0.00189770,0.00214475,0.00000256,0.00084206,0.02251489
1773325590.03794765,0.02247967,6276,0.00036985,0.01601994,0,0.00000000,49627,49647,73,0.00276574,0.00159086,0.00250909,0.00000454,0.00111008,0.01776085
1773325590.13798666,0.01627990,6248,0.00037154,0.01253182,0,0.00000000,49647,49627,50,0.00194818,0.00128376,0.00126617,0.00000075,0.00034268,0.01391847
1773325590.23800540,0.01759781,6239,0.00027500,0.01249444,0,0.00000000,49627,49624,62,0.00090926,0.00147493,0.00243225,0.00000077,0.00036007,0.01408115
1773325590.33806109,0.03664648,6196,0.00042681,0.02983676,0,0.00000000,49624,49643,73,0.00239993,0.00163287,0.00318627,0.00000229,0.00085493,0.03163556
1773325590.43803668,0.02867741,6217,0.00047984,0.02121418,0,0.00000000,49643,49664,72,0.00357484,0.00253398,0.00242507,0.00000541,0.00112335,0.02405811
1773325590.53795433,0.03567744,6221,0.00037905,0.02869112,0,0.00000000,49664,49659,61,0.00096902,0.00243533,0.00234863,0.00000512,0.00092810,0.03140751
1773325590.63808179,0.03104277,6214,0.00051281,0.02323277,0,0.00000000,49659,49654,56,0.00129134,0.00215614,0.00304744,0.00000304,0.00112711,0.02563817
1773325590.73799062,0.02457016,6203,0.00032303,0.01798872,0,0.00000000,49654,49657,56,0.00194352,0.00192961,0.00236744,0.00000510,0.00102601,0.02004507
1773325590.83804536,0.02493320,6127,0.00108622,0.01704658,0,0.00000000,49657,49678,75,0.00277538,0.00220871,0.00242621,0.00000348,0.00072811,0.01953950
1773325590.93802691,0.02970541,6083,0.00057384,0.02323049,0,0.00000000,49678,49724,75,0.00274864,0.00194024,0.00208153,0.00000375,0.00079395,0.02543510
1773325591.03789973,0.03496213,6076,0.00038212,0.02901011,0,0.00000000,49724,49739,62,0.00343624,0.00202763,0.00177188,0.00000258,0.00086972,0.03138862
1773325591.13788962,0.01688860,6032,0.00023889,0.01306396,0,0.00000000,49739,49763,50,0.00236756,0.00122131,0.00150588,0.00000653,0.00028453,0.01437307
1773325591.23801136,0.01316111,6008,0.00029682,0.00927074,0,0.00000000,49763,49785,59,0.00127040,0.00130420,0.00124803,0.00000042,0.00032104,0.01067430
1773325591.33805752,0.03616035,6014,0.00043602,0.02953292,0,0.00000000,49785,49779,40,0.00297793,0.00179218,0.00250229,0.00000282,0.00102113,0.03154889
1773325591.43798518,0.02400704,6029,0.00024668,0.01823903,0,0.00000000,49779,49812,46,0.00153330,0.00224795,0.00188638,0.00000301,0.00064375,0.02074306
1773325591.53803205,0.03272487,6071,0.00062951,0.02535013,0,0.00000000,49812,49815,43,0.00085097,0.00184988,0.00239377,0.00000412,0.00094485,0.02760676
1773325591.63796854,0.03927891,6039,0.00160142,0.03307451,0,0.00000000,49815,49830,52,0.00086979,0.00172574,0.00123827,0.00000078,0.00033541,0.03502558
1773325591.73792052,0.02234918,6057,0.00085624,0.01460080,0,0.00000000,49830,49791,51,0.00125760,0.00198087,0.00242438,0.00000356,0.00099783,0.01685809
1773325591.83790922,0.01342101,6095,0.00023219,0.00871986,0,0.00000000,49791,49807,47,0.00172864,0.00115222,0.00208586,0.00000363,0.00069980,0.00995288
1773325591.93796706,0.01262893,6073,0.00017898,0.00788505,0,0.00000000,49807,49816,36,0.00268127,0.00115305,0.00214779,0.00000335,0.00072245,0.00912681
1773325592.03785872,0.02446654,6062,0.00063841,0.01875952,0,0.00000000,49816,49818,37,0.00199966,0.00168536,0.00169005,0.00000086,0.00042106,0.02071047
1773325592.13798714,0.00929894,6116,0.00027367,0.00594627,0,0.00000000,49818,49834,58,0.00111885,0.00102877,0.00127705,0.00000205,0.00037140,0.00705077
1773325592.23802543,0.03638537,6038,0.00024036,0.03197030,0,0.00000000,49834,49858,44,0.00214098,0.00173368,0.00151312,0.00001634,0.00028698,0.03395333
1773325592.33789158,0.01435946,6081,0.00019182,0.00954022,0,0.00000000,49858,49876,40,0.00253630,0.00135836,0.00188312,0.00000270,0.00086384,0.01105400
1773325592.43797922,0.01426469,6022,0.00082617,0.00896898,0,0.00000000,49876,49856,43,0.00225276,0.00163019,0.00142312,0.00000051,0.00033162,0.01082941
1773325592.53782368,0.01658119,6005,0.00040899,0.01075829,0,0.00000000,49856,49859,63,0.00086857,0.00148739,0.00256163,0.00000379,0.00064801,0.01241402
1773325592.63792109,0.02281149,5979,0.00070013,0.01645383,0,0.00000000,49859,49884,48,0.00081501,0.00186881,0.00180284,0.00000269,0.00069872,0.01857018
1773325592.73785973,0.01771093,5994,0.00083932,0.01065955,0,0.00000000,49884,49919,63,0.00157301,0.00152177,0.00273112,0.00000078,0.00030574,0.01236781
1773325592.83805060,0.02547034,5962,0.00033126,0.01904367,0,0.00000000,49919,49947,61,0.00080956,0.00243755,0.00187319,0.00000436,0.00088260,0.02179019
1773325592.93788052,0.02804926,6006,0.00022544,0.02247956,0,0.00000000,49947,49964,42,0.00150600,0.00174920,0.00195669,0.00000387,0.00093736,0.02446704
1773325593.03785706,0.01421789,6078,0.00038287,0.00837692,0,0.00000000,49964,49997,69,0.00084997,0.00122589,0.00308957,0.00000080,0.00038909,0.00974059
1773325593.13792467,0.01048980,6121,0.00023276,0.00702553,0,0.00000000,49997,50032,59,0.00287507,0.00120830,0.00124718,0.00000057,0.00034599,0.00832136
1773325593.23800302,0.04041137,6110,0.00041351,0.03493905,0,0.00000000,50032,50006,64,0.00171552,0.00209915,0.00176985,0.00000081,0.00046342,0.03730669
1773325593.33786297,0.04921055,6157,0.00046781,0.04157677,0,0.00000000,50006,50014,58,0.00254588,0.00247401,0.00244777,0.00000409,0.00113498,0.04432095
1773325593.43788934,0.03396313,6110,0.00151128,0.02636672,0,0.00000000,50014,49971,60,0.00248733,0.00226997,0.00203828,0.00000062,0.00033912,0.02892812
1773325593.53782368,0.02673242,6113,0.00039153,0.02007558,0,0.00000000,49971,50012,56,0.00077423,0.00212949,0.00238802,0.00000359,0.00078167,0.02257003
1773325593.63795590,0.04130700,6070,0.00076843,0.03298951,0,0.00000000,50012,50039,58,0.00111328,0.00231243,0.00245969,0.00000429,0.00111320,0.03558572
1773325593.73790574,0.02736462,6020,0.00078097,0.01861112,0,0.00000000,50039,50033,64,0.00263105,0.00249536,0.00248526,0.00000320,0.00109213,0.02145349
1773325593.83789587,0.02838160,6047,0.00030207,0.02183678,0,0.00000000,50033,50060,58,0.00182250,0.00160795,0.00286645,0.00000284,0.00085412,0.02363022
1773325593.93796945,0.04595951,6005,0.00102823,0.03791044,0,0.00000000,50060,50038,56,0.00111707,0.00194618,0.00274684,0.00000511,0.00132652,0.04020018
1773325594.03785539,0.03134614,6033,0.00027804,0.02231149,0,0.00000000,50038,50065,55,0.00281506,0.00421608,0.00275439,0.00000994,0.00098851,0.02671204
1773325594.13794398,0.01772407,5964,0.00050595,0.01231481,0,0.00000000,50065,50049,55,0.00123779,0.00119552,0.00214963,0.00000174,0.00041496,0.01367097
1773325594.23784781,0.00982850,5997,0.00023106,0.00644540,0,0.00000000,50049,50074,52,0.00177905,0.00106571,0.00134138,0.00000072,0.00034434,0.00758651
1773325594.33784604,0.02514170,5954,0.00082398,0.01664214,0,0.00000000,50074,50089,56,0.00224590,0.00212906,0.00315366,0.00000340,0.00079907,0.01908132
1773325594.43783426,0.01867072,6010,0.00025600,0.01311919,0,0.00000000,50089,50083,41,0.00210525,0.00173459,0.00189561,0.00000237,0.00082816,0.01505035
1773325594.53784966,0.01929682,5984,0.00068985,0.01360674,0,0.00000000,50083,50096,52,0.00093449,0.00189053,0.00127173,0.00000069,0.00056971,0.01574173
1773325594.63786650,0.01702441,6002,0.00050554,0.01140446,0,0.00000000,50096,50082,75,0.00129636,0.00121089,0.00251077,0.00000338,0.00068808,0.01276647
1773325594.73781919,0.04950493,5940,0.00370332,0.03205043,0,0.00000000,50082,50104,51,0.00250134,0.00752721,0.00448891,0.00000217,0.00054027,0.03993895
1773325594.83788562,0.05067920,5983,0.00062869,0.04043665,0,0.00000000,50104,50136,43,0.00158960,0.00260263,0.00257607,0.00000510,0.00223209,0.04347353
1773325594.93780279,0.02617771,5941,0.00101206,0.01703487,0,0.00000000,50136,50174,64,0.00176151,0.00226953,0.00271821,0.00000576,0.00123536,0.01961024
1773325595.03791714,0.02076974,5964,0.00064978,0.01305280,0,0.00000000,50174,50205,49,0.00247688,0.00166236,0.00207026,0.00000260,0.00081705,0.01491751
1773325595.13783312,0.01400917,5890,0.00032858,0.00954762,0,0.00000000,50205,50221,61,0.00582778,0.00137398,0.00189354,0.00000131,0.00036521,0.01102268
1773325595.23777747,0.02485357,5955,0.00059149,0.01956629,0,0.00000000,50221,50230,65,0.00468598,0.00196733,0.00117846,0.00000058,0.00032930,0.02180451
1773325595.33791995,0.01647281,5908,0.00040307,0.01156120,0,0.00000000,50230,50236,55,0.00198405,0.00134305,0.00186252,0.00000082,0.00039506,0.01310124
1773325595.43777299,0.02104513,5958,0.00027341,0.01601655,0,0.00000000,50236,50234,43,0.00249428,0.00159202,0.00179061,0.00000393,0.00073005,0.01780314
1773325595.53789473,0.01649489,5924,0.00041453,0.01029300,0,0.00000000,50234,50210,55,0.00131626,0.00119037,0.00312825,0.00000398,0.00092689,0.01156909
1773325595.63789845,0.02454508,5929,0.00128437,0.01889970,0,0.00000000,50210,50179,65,0.00167395,0.00151813,0.00131103,0.00000056,0.00035825,0.02060257
1773325595.73799396,0.03028672,5991,0.00045899,0.02355188,0,0.00000000,50179,50197,61,0.00095066,0.00171218,0.00245881,0.00000463,0.00097570,0.02547076
1773325595.83796191,0.02849578,5945,0.00045583,0.02117126,0,0.00000000,50197,50234,55,0.00264966,0.00215857,0.00241179,0.00000349,0.00102625,0.02362118
1773325595.93791819,0.01659582,6028,0.00067322,0.01095248,0,0.00000000,50234,50238,44,0.00177557,0.00186876,0.00153217,0.00000056,0.00032642,0.01302381
1773325596.03787732,0.03273768,5958,0.00086399,0.02563234,0,0.00000000,50238,50247,50,0.00155749,0.00171005,0.00261939,0.00000175,0.00045391,0.02758960
1773325596.13791108,0.01015294,6031,0.00026702,0.00677955,0,0.00000000,50247,50247,51,0.00087309,0.00106743,0.00118784,0.00000067,0.00034274,0.00792526
1773325596.23786640,0.05612477,6018,0.00074823,0.04891382,0,0.00000000,50247,50241,43,0.00119871,0.00338970,0.00116236,0.00000063,0.00034176,0.05256614
1773325596.33784080,0.02163334,6023,0.00076033,0.01434200,0,0.00000000,50241,50258,46,0.00143005,0.00197068,0.00225987,0.00000286,0.00077536,0.01657969
1773325596.43786502,0.02027369,6077,0.00021491,0.01467862,0,0.00000000,50258,50266,49,0.00097276,0.00151833,0.00238556,0.00000273,0.00075205,0.01637568
1773325596.53784680,0.02010102,6061,0.00070457,0.01275561,0,0.00000000,50266,50268,43,0.00082980,0.00193518,0.00238645,0.00000269,0.00071924,0.01513120
1773325596.63780594,0.02060510,6086,0.00025700,0.01486533,0,0.00000000,50268,50261,44,0.00154445,0.00167262,0.00208139,0.00000237,0.00093701,0.01671432
1773325596.73781538,0.02263034,6080,0.00065117,0.01499255,0,0.00000000,50261,50250,43,0.00106152,0.00264050,0.00191949,0.00000257,0.00074279,0.01806232
1773325596.83787298,0.02042979,6202,0.00032062,0.01425793,0,0.00000000,50250,50276,58,0.00273694,0.00125268,0.00311844,0.00000617,0.00087321,0.01561879
1773325596.93791223,0.02564927,6105,0.00067580,0.01793564,0,0.00000000,50276,50264,40,0.00155008,0.00227106,0.00237320,0.00000087,0.00046205,0.02052153
1773325597.03779554,0.01303728,6221,0.00029095,0.00844560,0,0.00000000,50264,50264,60,0.00283396,0.00131315,0.00177495,0.00000433,0.00055002,0.00989242
1773325597.13788939,0.01041702,6089,0.00029728,0.00675583,0,0.00000000,50264,50263,50,0.00088509,0.00128195,0.00124511,0.00000081,0.00034539,0.00814040
1773325597.23778534,0.01163780,6165,0.00030767,0.00688873,0,0.00000000,50263,50289,69,0.00193132,0.00122858,0.00233744,0.00000061,0.00036419,0.00820476
1773325597.33775020,0.02320349,6173,0.00080218,0.01570389,0,0.00000000,50289,50307,61,0.00123983,0.00216015,0.00210931,0.00001969,0.00077278,0.01814089
1773325597.43780494,0.01970330,6211,0.00041427,0.01393839,0,0.00000000,50307,50336,49,0.00273711,0.00220250,0.00183134,0.00000330,0.00061551,0.01640219
1773325597.53780675,0.02436483,6226,0.00101318,0.01597326,0,0.00000000,50336,50343,66,0.00089421,0.00280730,0.00260841,0.00000072,0.00043538,0.01917702
1773325597.63801122,0.02517270,6244,0.00035120,0.01873814,0,0.00000000,50343,50371,59,0.00153933,0.00169597,0.00255816,0.00000440,0.00109715,0.02062495
1773325597.73818421,0.01548469,6255,0.00046710,0.01001571,0,0.00000000,50371,50365,39,0.00121031,0.00175572,0.00176517,0.00000103,0.00055959,0.01191271
1773325597.83785129,0.01763336,6311,0.00191122,0.01024907,0,0.00000000,50365,50178,46,0.00266975,0.00160314,0.00219493,0.00000347,0.00075823,0.01195950
1773325597.93791723,0.01879443,6294,0.00089643,0.01282459,0,0.00000000,50178,50191,45,0.00234562,0.00191454,0.00154206,0.00000061,0.00031555,0.01497728
1773325598.03784013,0.02448017,6324,0.00033390,0.01593914,0,0.00000000,50191,50195,33,0.00240055,0.00341894,0.00247977,0.00000378,0.00100663,0.01974807
1773325598.13773584,0.01155999,6328,0.00020848,0.00715641,0,0.00000000,50195,50179,38,0.00267902,0.00118252,0.00220048,0.00000055,0.00033901,0.00841768
1773325598.23789787,0.02217725,6335,0.00029843,0.01592882,0,0.00000000,50179,50182,37,0.00263287,0.00206330,0.00177432,0.00000444,0.00073817,0.01828741
1773325598.33787131,0.02004248,6371,0.00084364,0.01450628,0,0.00000000,50182,50168,41,0.00224312,0.00143891,0.00137070,0.00002305,0.00055575,0.01613841
1773325598.43786240,0.04677996,6331,0.00071427,0.03924417,0,0.00000000,50168,50196,52,0.00083631,0.00210594,0.00221520,0.00000310,0.00087911,0.04161024
1773325598.53782749,0.02200177,6367,0.00053841,0.01490477,0,0.00000000,50196,50215,36,0.00094734,0.00175779,0.00265115,0.00000603,0.00083072,0.01685771
1773325598.63785410,0.02874623,6344,0.00029568,0.02311920,0,0.00000000,50215,50223,44,0.00134624,0.00168705,0.00213436,0.00000294,0.00082010,0.02495322
1773325598.73775411,0.01868808,6320,0.00026174,0.01309925,0,0.00000000,50223,50241,48,0.00151350,0.00176291,0.00183577,0.00000085,0.00051093,0.01505863
1773325598.83776951,0.02873173,6340,0.00040624,0.02217203,0,0.00000000,50241,50245,51,0.00235036,0.00228448,0.00221830,0.00000087,0.00041433,0.02474980
1773325598.93772936,0.01828235,6343,0.00035153,0.01223794,0,0.00000000,50245,50257,57,0.00191635,0.00184519,0.00254415,0.00000243,0.00041776,0.01428851
1773325599.03771758,0.03804116,6349,0.00037728,0.03139235,0,0.00000000,50257,50244,55,0.00206112,0.00194396,0.00248543,0.00000245,0.00095006,0.03354320
1773325599.13791847,0.01283804,6281,0.00023455,0.00783078,0,0.00000000,50244,50255,56,0.00315447,0.00135553,0.00235336,0.00000075,0.00039306,0.00928215
1773325599.23768806,0.03869635,6363,0.00069653,0.02764275,0,0.00000000,50255,50282,52,0.00156385,0.00358198,0.00263599,0.00000507,0.00204681,0.03152109
1773325599.33789897,0.03353256,6305,0.00060979,0.02428776,0,0.00000000,50282,50298,41,0.00294054,0.00316508,0.00285652,0.00000357,0.00092675,0.02786177
1773325599.43793368,0.02910735,6300,0.00079578,0.02077705,0,0.00000000,50298,50324,52,0.00194263,0.00235239,0.00252343,0.00000371,0.00091516,0.02352381
1773325599.53777909,0.05413072,6314,0.00155220,0.04343578,0,0.00000000,50324,50334,37,0.00094995,0.00286453,0.00344958,0.00000497,0.00131747,0.04658760
1773325599.63778472,0.04100163,6283,0.00066053,0.02987525,0,0.00000000,50334,50344,44,0.00086820,0.00352592,0.00375350,0.00000694,0.00100735,0.03383261
1773325599.73775864,0.03514146,6246,0.00040066,0.02734463,0,0.00000000,50344,50364,70,0.00083486,0.00322078,0.00212489,0.00000259,0.00056600,0.03094154
1773325599.83782053,0.02831926,6236,0.00079693,0.01916008,0,0.00000000,50364,50403,64,0.00282878,0.00293280,0.00254248,0.00000417,0.00105164,0.02250508
1773325599.93778443,0.03601149,6234,0.00082412,0.02673974,0,0.00000000,50403,50357,50,0.00305725,0.00326689,0.00251382,0.00000315,0.00107890,0.03045240
1773325600.03779840,0.01538379,6238,0.00121428,0.00804904,0,0.00000000,50357,50287,43,0.00269230,0.00256310,0.00170354,0.00000081,0.00044662,0.01077813
1773325600.13773751,0.01332973,6239,0.00037122,0.00774905,0,0.00000000,50287,50311,64,0.00273200,0.00211755,0.00199333,0.00000088,0.00051555,0.01000576
1773325600.23773718,0.01596008,6258,0.00072342,0.00954125,0,0.00000000,50311,50330,56,0.00239712,0.00241990,0.00122662,0.00000063,0.00034222,0.01220251
1773325600.33772326,0.01401397,6274,0.00026240,0.00883233,0,0.00000000,50330,50362,58,0.00132593,0.00158375,0.00190040,0.00000373,0.00082616,0.01052615
1773325600.43782616,0.02447119,6222,0.00045216,0.01824591,0,0.00000000,50362,50363,71,0.00152973,0.00179270,0.00242126,0.00000301,0.00071336,0.02028922
1773325600.53779483,0.02506000,6310,0.00113189,0.01558267,0,0.00000000,50363,50360,55,0.00120761,0.00254829,0.00308086,0.00000391,0.00080654,0.01851780
1773325600.63772440,0.05162753,6273,0.00389513,0.04025951,0,0.00000000,50360,50393,63,0.00079522,0.00221343,0.00231197,0.00000400,0.00096835,0.04277426
1773325600.73770404,0.04149757,6259,0.00207640,0.03153775,0,0.00000000,50393,50388,44,0.00162745,0.00257762,0.00233876,0.00000443,0.00113312,0.03442253
1773325600.83780146,0.01878415,6282,0.00025371,0.01259458,0,0.00000000,50388,50407,52,0.00151588,0.00158161,0.00253371,0.00000365,0.00099373,0.01429915
1773325600.93780804,0.05101411,6265,0.00066813,0.03947848,0,0.00000000,50407,50403,34,0.00173001,0.00299867,0.00212818,0.00000456,0.00097218,0.04298740
1773325601.03778577,0.04108419,6290,0.00080726,0.02836376,0,0.00000000,50403,50423,44,0.00243615,0.00711913,0.00179930,0.00000099,0.00050668,0.03599771
1773325601.13775754,0.02431323,6306,0.00028596,0.01845243,0,0.00000000,50423,50413,45,0.00289884,0.00200979,0.00200664,0.00000194,0.00081833,0.02068886
1773325601.23775053,0.02826649,6296,0.00030948,0.02397835,0,0.00000000,50413,50417,54,0.00211917,0.00167617,0.00114564,0.00000126,0.00032475,0.02583678
1773325601.33773518,0.03850049,6311,0.00037749,0.03264172,0,0.00000000,50417,50412,53,0.00153858,0.00218000,0.00173912,0.00000084,0.00051608,0.03503243
1773325601.43777919,0.03793632,6315,0.00066281,0.02991446,0,0.00000000,50412,50425,47,0.00194877,0.00257959,0.00229914,0.00000225,0.00077398,0.03276852
1773325601.53779435,0.03905645,6289,0.00024567,0.03020102,0,0.00000000,50425,50416,34,0.00236886,0.00442757,0.00204593,0.00000064,0.00034258,0.03506126
1773325601.63780046,0.02157116,6208,0.00020908,0.01631336,0,0.00000000,50416,50439,50,0.00081462,0.00165902,0.00184099,0.00000367,0.00084714,0.01812917
1773325601.73768139,0.02233387,6172,0.00080952,0.01575807,0,0.00000000,50439,50418,54,0.00089418,0.00259278,0.00135824,0.00000053,0.00037152,0.01868956
1773325601.83771324,0.01790655,6199,0.00018218,0.01244135,0,0.00000000,50418,50449,50,0.00244528,0.00174433,0.00201179,0.00000168,0.00077670,0.01440845
1773325601.93780446,0.02837239,6111,0.00077970,0.01921655,0,0.00000000,50449,50446,58,0.00204902,0.00337528,0.00206166,0.00000314,0.00079173,0.02313267
1773325602.03772616,0.02683126,6039,0.00076695,0.01807418,0,0.00000000,50446,50436,51,0.00148489,0.00383159,0.00165940,0.00000309,0.00065379,0.02241376
1773325602.13765883,0.01439780,6017,0.00035919,0.00926408,0,0.00000000,50436,50438,55,0.00083413,0.00185033,0.00164578,0.00000066,0.00035981,0.01131780
1773325602.23773527,0.01801202,6019,0.00043691,0.01385572,0,0.00000000,50438,50359,44,0.00205271,0.00160741,0.00122909,0.00000076,0.00033495,0.01558931
1773325602.33771563,0.02323381,5984,0.00077473,0.01427856,0,0.00000000,50359,50371,57,0.00269589,0.00336813,0.00269824,0.00000411,0.00112354,0.01796925
1773325602.43769073,0.02343541,6037,0.00039641,0.01579150,0,0.00000000,50371,50382,52,0.00100994,0.00297146,0.00184609,0.00000400,0.00077635,0.01916117
1773325602.53778601,0.02226121,6021,0.00058963,0.01518098,0,0.00000000,50382,50385,38,0.00088136,0.00285436,0.00138813,0.00000085,0.00051023,0.01839055
1773325602.63779664,0.01688403,5991,0.00079306,0.00975449,0,0.00000000,50385,50394,53,0.00082988,0.00241323,0.00184825,0.00000087,0.00065545,0.01243232
1773325602.73773384,0.01923918,5979,0.00024646,0.01234601,0,0.00000000,50394,50387,39,0.00210496,0.00187119,0.00312003,0.00000265,0.00088349,0.01439939
1773325602.83774304,0.06128367,5951,0.00124356,0.05014843,0,0.00000000,50387,50330,44,0.00084423,0.00395228,0.00229569,0.00000428,0.00090612,0.05521454
1773325602.93773580,0.04689305,5977,0.00040292,0.03988567,0,0.00000000,50330,50334,47,0.00175794,0.00254308,0.00204705,0.00000156,0.00077677,0.04275572
1773325603.03773880,0.04739765,5943,0.00086755,0.02856900,0,0.00000000,50334,50367,66,0.00173668,0.00993357,0.00273308,0.00000074,0.00037286,0.03901832
1773325603.13782525,0.02669308,5967,0.00049715,0.02124779,0,0.00000000,50367,50369,68,0.00180323,0.00174501,0.00205008,0.00000077,0.00033356,0.02313480
1773325603.23771143,0.01710975,5978,0.00044734,0.01139129,0,0.00000000,50369,50391,65,0.00195879,0.00221671,0.00141668,0.00000095,0.00040886,0.01380847
1773325603.33778715,0.02467396,5940,0.00042759,0.01733095,0,0.00000000,50391,50413,43,0.00167651,0.00255199,0.00194473,0.00000102,0.00052373,0.02007026
1773325603.43763828,0.02258744,5932,0.00063256,0.01409914,0,0.00000000,50413,50432,46,0.00160597,0.00217310,0.00236953,0.00000180,0.00046312,0.01657903
1773325603.53769922,0.04351024,5932,0.00033199,0.03759433,0,0.00000000,50432,50427,50,0.00097851,0.00286284,0.00129238,0.00000073,0.00033523,0.04085564
1773325603.63761091,0.03652433,5932,0.00027854,0.02853448,0,0.00000000,50427,50460,62,0.00089082,0.00226347,0.00337192,0.00000522,0.00106318,0.03106083
1773325603.73775053,0.03777883,5900,0.00038761,0.02807079,0,0.00000000,50460,50466,61,0.00126498,0.00396013,0.00263538,0.00000283,0.00114013,0.03258665
1773325603.83760762,0.02807231,5939,0.00035566,0.02121477,0,0.00000000,50466,50486,60,0.00160392,0.00226494,0.00248977,0.00000394,0.00080438,0.02379541
1773325603.93763542,0.01928451,5928,0.00056679,0.01184079,0,0.00000000,50486,50479,51,0.00090759,0.00198182,0.00280657,0.00000494,0.00092507,0.01401903
1773325604.03759289,0.03019099,5984,0.00077338,0.02149821,0,0.00000000,50479,50464,47,0.00274901,0.00300199,0.00199244,0.00000385,0.00093722,0.02492544
1773325604.13772726,0.01481772,5899,0.00034495,0.00960805,0,0.00000000,50464,50451,50,0.00136105,0.00191067,0.00171457,0.00000116,0.00045741,0.01165744
1773325604.23765039,0.01619289,5961,0.00059447,0.01039231,0,0.00000000,50451,50449,46,0.00233898,0.00222626,0.00172960,0.00000069,0.00044164,0.01276087
1773325604.33761954,0.01570911,5972,0.00040108,0.01026332,0,0.00000000,50449,50429,58,0.00397504,0.00196626,0.00157074,0.00000083,0.00075977,0.01236963
1773325604.43775606,0.01658625,6009,0.00031880,0.01053716,0,0.00000000,50429,50446,44,0.00410183,0.00229572,0.00178021,0.00000052,0.00047850,0.01307361
1773325604.53772211,0.02060735,6013,0.00047013,0.01144250,0,0.00000000,50446,50436,44,0.00260780,0.00547053,0.00180965,0.00000068,0.00048324,0.01707900
1773325604.63771176,0.01979462,6038,0.00031154,0.01407159,0,0.00000000,50436,50444,46,0.00222038,0.00208833,0.00189369,0.00000140,0.00057662,0.01633078
1773325604.73761177,0.02889777,6077,0.00058699,0.02285118,0,0.00000000,50444,50462,54,0.00290889,0.00192765,0.00128194,0.00000069,0.00043917,0.02563858
1773325604.83793592,0.02724800,6142,0.00023201,0.02037671,0,0.00000000,50462,50476,48,0.00315494,0.00165061,0.00250731,0.00000880,0.00130633,0.02223271
1773325604.93777585,0.04785145,6170,0.00051645,0.03866516,0,0.00000000,50476,50476,44,0.00132777,0.00262033,0.00263554,0.00000475,0.00142484,0.04158071
1773325605.03757477,0.02892872,6207,0.00023148,0.02244973,0,0.00000000,50476,50469,47,0.00188251,0.00173829,0.00246623,0.00000309,0.00124421,0.02434865
1773325605.13773727,0.03176250,6163,0.00101696,0.02466636,0,0.00000000,50469,50371,55,0.00241174,0.00192439,0.00248365,0.00000265,0.00082532,0.02676482
1773325605.23761320,0.01506670,6192,0.00027606,0.00998798,0,0.00000000,50371,50385,55,0.00108348,0.00159077,0.00201528,0.00000101,0.00037198,0.01173691
1773325605.33776760,0.03366395,6184,0.00036069,0.02707785,0,0.00000000,50385,50407,58,0.00243618,0.00250614,0.00197307,0.00000311,0.00077210,0.02978774
1773325605.43757153,0.04412874,6215,0.00024848,0.03720992,0,0.00000000,50407,50425,49,0.00252884,0.00230039,0.00251153,0.00000465,0.00098683,0.03978982
1773325605.53760910,0.02925894,6221,0.00041798,0.02012600,0,0.00000000,50425,50395,56,0.00143947,0.00398263,0.00254124,0.00000399,0.00116161,0.02445873
1773325605.63761783,0.05644361,6203,0.00098511,0.04579489,0,0.00000000,50395,50407,63,0.00090681,0.00328047,0.00266061,0.00000450,0.00128057,0.04950854
1773325605.73768187,0.04866760,6182,0.00096585,0.03413322,0,0.00000000,50407,50419,55,0.00214677,0.00335187,0.00270734,0.00000508,0.00110587,0.03781544
1773325605.83767200,0.03304931,6189,0.00135757,0.02414733,0,0.00000000,50419,50429,49,0.00168938,0.00315201,0.00180099,0.00000131,0.00056145,0.02761732
1773325605.93771744,0.03753011,6138,0.00040499,0.02826087,0,0.00000000,50429,50423,46,0.00222152,0.00344725,0.00268494,0.00000353,0.00117811,0.03215671
1773325606.03755927,0.05487099,6140,0.00036571,0.04358848,0,0.00000000,50423,50438,58,0.00190981,0.00577018,0.00295145,0.00000510,0.00119343,0.04972740
1773325606.13758636,0.03186933,6188,0.00023266,0.02275766,0,0.00000000,50438,50440,44,0.00310798,0.00288886,0.00175148,0.00000089,0.00049476,0.02580980
1773325606.23823118,0.03357388,6193,0.00039511,0.02799890,0,0.00000000,50440,50451,65,0.00275854,0.00199892,0.00185256,0.00000109,0.00055785,0.03018876
1773325606.33766747,0.05456296,6195,0.00289007,0.04060534,0,0.00000000,50451,50472,53,0.00295359,0.00608716,0.00269810,0.00000466,0.00119238,0.04707106
1773325606.43771791,0.03931672,6143,0.00026974,0.03318878,0,0.00000000,50472,50494,53,0.00104139,0.00267679,0.00175156,0.00000113,0.00050560,0.03617417
1773325606.53761721,0.03543969,6167,0.00082025,0.02503323,0,0.00000000,50494,50494,50,0.00115868,0.00310345,0.00347685,0.00000304,0.00096925,0.02846315
1773325606.63762736,0.04087600,6154,0.00079068,0.03368828,0,0.00000000,50494,50491,71,0.00123616,0.00281433,0.00198064,0.00000072,0.00048296,0.03693436
1773325606.73771143,0.02478149,6144,0.00065471,0.01766788,0,0.00000000,50491,50526,63,0.00181083,0.00197477,0.00244518,0.00000312,0.00104029,0.01979739
1773325606.83769369,0.03373313,6178,0.00060873,0.02462152,0,0.00000000,50526,50546,53,0.00132573,0.00352315,0.00188179,0.00000116,0.00056091,0.02871379
1773325606.93766022,0.03773219,6151,0.00088159,0.02864456,0,0.00000000,50546,50576,64,0.00303703,0.00283200,0.00235356,0.00000332,0.00105555,0.03177954
1773325607.03752041,0.03229507,6180,0.00022230,0.02498077,0,0.00000000,50576,50603,44,0.00255145,0.00240198,0.00240901,0.00000344,0.00140329,0.02757483
1773325607.13763261,0.06356379,6183,0.00225597,0.05026002,0,0.00000000,50603,50621,59,0.00290557,0.00306679,0.00390723,0.00000318,0.00159764,0.05375488
1773325607.23767781,0.02150654,6173,0.00031657,0.01528567,0,0.00000000,50621,50643,66,0.00309879,0.00189877,0.00164910,0.00000634,0.00136345,0.01733882
1773325607.33774066,0.01963640,6171,0.00028359,0.01268481,0,0.00000000,50643,50668,43,0.00331671,0.00196426,0.00286345,0.00000181,0.00055640,0.01483339
1773325607.43768454,0.02685499,6165,0.00036025,0.01924250,0,0.00000000,50668,50684,50,0.00268192,0.00266544,0.00138348,0.00000243,0.00057936,0.02238840
1773325607.53759074,0.03971328,6178,0.00101737,0.02939655,0,0.00000000,50684,50709,50,0.00101100,0.00373616,0.00236395,0.00000449,0.00095836,0.03365495
1773325607.63762641,0.03890744,6180,0.00108777,0.02893967,0,0.00000000,50709,50740,58,0.00353945,0.00359789,0.00266807,0.00000088,0.00041500,0.03298066
1773325607.73755240,0.04890317,6186,0.00063670,0.04045640,0,0.00000000,50740,50741,50,0.00088270,0.00366302,0.00244968,0.00000129,0.00048357,0.04461442
1773325607.83768535,0.04009378,6168,0.00038384,0.03240551,0,0.00000000,50741,50760,63,0.00085871,0.00355925,0.00225691,0.00000070,0.00034937,0.03647199
1773325607.93753219,0.03034267,6171,0.00091952,0.02128074,0,0.00000000,50760,50756,61,0.00231969,0.00379147,0.00190699,0.00000068,0.00034577,0.02581345
1773325608.03755093,0.02009461,6154,0.00020236,0.01367051,0,0.00000000,50756,50776,47,0.00163074,0.00198434,0.00242845,0.00000333,0.00094035,0.01584312
1773325608.13756919,0.01613174,6152,0.00040540,0.01104445,0,0.00000000,50776,50767,62,0.00333166,0.00191946,0.00115072,0.00000054,0.00033941,0.01319144
1773325608.23793316,0.01649333,6144,0.00028472,0.01215119,0,0.00000000,50767,50747,61,0.00170608,0.00140122,0.00168547,0.00000082,0.00034115,0.01368644
1773325608.33764386,0.02226423,6113,0.00023047,0.01547182,0,0.00000000,50747,50752,44,0.00176351,0.00248075,0.00216345,0.00000409,0.00100025,0.01822768
1773325608.43764257,0.03272502,6113,0.00070528,0.01933574,0,0.00000000,50752,50766,49,0.00356625,0.00312527,0.00258454,0.00000370,0.00126311,0.02282736
1773325608.53751588,0.03161905,6117,0.00112658,0.02125044,0,0.00000000,50766,50744,58,0.00084226,0.00344717,0.00310724,0.00000136,0.00045569,0.02516799
1773325608.63755417,0.04047028,6137,0.00033362,0.03218033,0,0.00000000,50744,50760,55,0.00083417,0.00352357,0.00226178,0.00002204,0.00103412,0.03610163
1773325608.73757386,0.03330654,6142,0.00038931,0.02431481,0,0.00000000,50760,50779,60,0.00155268,0.00369120,0.00248072,0.00000572,0.00113258,0.02832011
1773325608.83755064,0.02553865,6154,0.00024282,0.01757076,0,0.00000000,50779,50781,55,0.00266450,0.00251907,0.00334109,0.00000329,0.00084161,0.02035329
1773325608.93763709,0.02633682,6103,0.00023498,0.01970468,0,0.00000000,50781,50796,48,0.00242548,0.00211678,0.00216507,0.00000385,0.00125634,0.02207370
1773325609.03747797,0.01842277,6178,0.00024605,0.01342924,0,0.00000000,50796,50818,63,0.00123197,0.00180362,0.00184687,0.00000321,0.00040986,0.01536321
1773325609.13764691,0.01555916,6121,0.00021944,0.01089618,0,0.00000000,50818,50842,59,0.00187517,0.00138732,0.00200398,0.00000062,0.00041542,0.01241400
1773325609.23753333,0.01585784,6145,0.00033230,0.00989467,0,0.00000000,50842,50865,62,0.00164258,0.00235869,0.00195385,0.00000073,0.00055056,0.01243090
1773325609.33755946,0.02593197,6115,0.00055548,0.01821190,0,0.00000000,50865,50862,38,0.00174967,0.00282657,0.00215856,0.00000119,0.00046336,0.02143282
1773325609.43760133,0.02624686,6129,0.00083429,0.01724095,0,0.00000000,50862,50870,58,0.00080410,0.00314214,0.00264394,0.00000065,0.00036956,0.02076348
1773325609.53758192,0.02512283,6134,0.00200340,0.01636588,0,0.00000000,50870,50885,50,0.00085594,0.00216625,0.00208757,0.00000302,0.00152439,0.01868294
1773325609.63764310,0.03111645,6096,0.00069979,0.02486855,0,0.00000000,50885,50512,48,0.00119558,0.00232952,0.00137141,0.00000069,0.00038912,0.02746780
1773325609.73752594,0.03062913,6151,0.00104815,0.01990310,0,0.00000000,50512,50512,68,0.00095691,0.00387971,0.00218838,0.00000338,0.00099976,0.02426335
1773325609.83753133,0.04398801,6153,0.00107223,0.03348739,0,0.00000000,50512,50518,50,0.00141817,0.00408541,0.00190928,0.00000136,0.00083676,0.03826359
1773325609.93758917,0.08287991,6154,0.00105525,0.07041455,0,0.00000000,50518,50525,62,0.00102547,0.00403176,0.00284092,0.00000499,0.00135358,0.07490121
1773325610.03761029,0.06197570,6122,0.00046954,0.05182255,0,0.00000000,50525,50522,59,0.00081108,0.00399313,0.00257641,0.00000380,0.00086985,0.05684104
1773325610.13761497,0.03357880,6108,0.00037415,0.02656085,0,0.00000000,50522,50530,67,0.00082052,0.00234048,0.00264569,0.00000113,0.00054366,0.02923422
1773325610.23758316,0.02844126,6141,0.00027490,0.01751308,0,0.00000000,50530,50553,44,0.00231658,0.00699312,0.00195545,0.00000159,0.00066257,0.02467447
1773325610.33757234,0.02292470,6153,0.00043134,0.01560620,0,0.00000000,50553,50564,77,0.00312724,0.00247592,0.00206240,0.00000244,0.00094697,0.01840642
1773325610.43766141,0.01669847,6145,0.00026665,0.01187621,0,0.00000000,50564,50579,51,0.00256138,0.00187084,0.00158431,0.00000113,0.00042646,0.01388760
1773325610.53761005,0.03294379,6162,0.00098337,0.02369314,0,0.00000000,50579,50547,48,0.00130543,0.00292362,0.00220503,0.00000287,0.00107627,0.02708619
1773325610.63757801,0.03279146,6143,0.00102490,0.02381960,0,0.00000000,50547,50537,51,0.00180016,0.00274406,0.00206399,0.00000450,0.00089532,0.02688978
1773325610.73759937,0.02730397,6155,0.00114565,0.01805291,0,0.00000000,50537,50564,63,0.00081409,0.00372614,0.00135183,0.00000074,0.00040903,0.02223746
1773325610.83764267,0.03898969,6116,0.00038201,0.02866242,0,0.00000000,50564,50555,61,0.00079678,0.00364450,0.00302314,0.00000345,0.00102209,0.03279602
1773325610.93752503,0.06248440,6181,0.00032905,0.05504016,0,0.00000000,50555,50563,47,0.00267928,0.00358325,0.00189519,0.00000105,0.00049861,0.05900708
1773325611.03748512,0.08451156,6184,0.00064268,0.06587690,0,0.00000000,50563,50587,45,0.00270800,0.00312161,0.00722458,0.00000353,0.00222475,0.06942659
1773325611.13755965,0.05034686,6182,0.00029404,0.04125417,0,0.00000000,50587,50601,57,0.00215635,0.00360003,0.00287739,0.00000211,0.00051643,0.04538349
1773325611.23754215,0.03693135,6169,0.00038591,0.02639948,0,0.00000000,50601,50597,64,0.00088108,0.00330848,0.00234142,0.00000508,0.00282105,0.03049938
1773325611.33759856,0.01936235,6168,0.00082713,0.01168751,0,0.00000000,50597,50610,66,0.00187282,0.00281915,0.00161567,0.00000072,0.00040696,0.01482215
1773325611.43746305,0.01570179,6201,0.00024207,0.01140597,0,0.00000000,50610,50631,51,0.00471115,0.00187254,0.00111970,0.00000056,0.00031157,0.01342204
1773325611.53751254,0.01422634,6211,0.00021892,0.01009473,0,0.00000000,50631,50642,55,0.00113236,0.00180629,0.00118690,0.00000104,0.00030750,0.01203097
1773325611.63758087,0.02456727,6203,0.00026871,0.01681879,0,0.00000000,50642,50668,61,0.00158385,0.00259330,0.00297265,0.00000422,0.00093184,0.01973064
1773325611.73754644,0.06711676,6164,0.00976148,0.03958484,0,0.00000000,50668,50689,57,0.00098458,0.01184841,0.00182931,0.00000265,0.00088860,0.05178441
1773325611.83756781,0.02344565,6165,0.00058520,0.01514260,0,0.00000000,50689,50691,38,0.00077089,0.00228212,0.00243524,0.00000611,0.00121231,0.01769002
1773325611.93759751,0.02675972,6116,0.00120394,0.01784178,0,0.00000000,50691,50698,79,0.00083628,0.00273370,0.00232531,0.00000110,0.00055927,0.02089564
1773325612.03749061,0.04993850,6202,0.00086909,0.04061517,0,0.00000000,50698,50730,68,0.00289302,0.00258284,0.00253443,0.00000421,0.00110287,0.04355206
1773325612.13759351,0.01981769,6131,0.00028410,0.01447662,0,0.00000000,50730,50732,61,0.00120876,0.00188602,0.00190027,0.00000117,0.00043944,0.01655344
1773325612.23750877,0.03147358,6180,0.00034061,0.02527970,0,0.00000000,50732,50738,58,0.00255357,0.00255177,0.00182392,0.00000081,0.00050416,0.02802568
1773325612.33749843,0.04015231,6131,0.00130589,0.02999858,0,0.00000000,50738,50753,65,0.00266208,0.00294507,0.00265951,0.00000604,0.00136033,0.03316462
1773325612.43747783,0.04625484,6177,0.00032456,0.04048255,0,0.00000000,50753,50749,53,0.00455911,0.00279610,0.00125883,0.00000049,0.00036429,0.04361852
1773325612.53758645,0.03334366,6185,0.00059119,0.02120606,0,0.00000000,50749,50763,61,0.00160770,0.00453005,0.00301948,0.00000341,0.00093688,0.02639702
1773325612.63753343,0.05209408,6202,0.00027954,0.04267926,0,0.00000000,50763,50783,53,0.00125669,0.00304586,0.00344261,0.00000371,0.00110975,0.04617721
1773325612.73758197,0.04442607,6147,0.00089309,0.03322220,0,0.00000000,50783,50781,59,0.00238432,0.00443929,0.00266620,0.00000194,0.00068986,0.03813746
1773325612.83746338,0.06078627,6142,0.00123168,0.04905062,0,0.00000000,50781,50797,56,0.00232075,0.00410302,0.00257964,0.00000809,0.00139703,0.05363818
1773325612.93751574,0.05926038,6204,0.00079321,0.04637978,0,0.00000000,50797,50777,45,0.00141056,0.00473495,0.00287296,0.00000488,0.00141896,0.05178571
1773325613.03753948,0.03470648,6123,0.00037942,0.02567703,0,0.00000000,50777,50780,59,0.00238968,0.00359940,0.00262225,0.00000152,0.00126432,0.02972078
1773325613.13743281,0.04093362,6182,0.00036387,0.03066067,0,0.00000000,50780,50783,55,0.00289507,0.00347293,0.00374927,0.00000129,0.00118128,0.03497739
1773325613.23752141,0.03403054,6224,0.00106977,0.02419786,0,0.00000000,50783,50791,66,0.00334538,0.00347931,0.00260311,0.00000192,0.00052149,0.02815978
1773325613.33759069,0.02515303,6156,0.00042349,0.01955623,0,0.00000000,50791,50800,59,0.00312679,0.00195546,0.00172617,0.00000200,0.00044821,0.02170790
1773325613.43754864,0.02285830,6157,0.00034169,0.01624389,0,0.00000000,50800,50821,56,0.00169933,0.00211353,0.00256619,0.00000144,0.00035597,0.01853949
1773325613.53745413,0.02611173,6178,0.00037357,0.01921420,0,0.00000000,50821,50831,47,0.00100253,0.00301223,0.00195735,0.00000110,0.00054205,0.02243582
1773325613.63749027,0.04418561,6166,0.00030091,0.03518317,0,0.00000000,50831,50849,55,0.00167111,0.00370917,0.00262333,0.00000281,0.00092773,0.03939840
1773325613.73754096,0.04504750,6179,0.00097229,0.02879882,0,0.00000000,50849,50870,58,0.00203311,0.01070379,0.00157598,0.00000078,0.00039180,0.04021038
1773325613.83752370,0.04209139,6208,0.00050879,0.03277538,0,0.00000000,50870,50887,67,0.00091577,0.00336295,0.00228471,0.00000259,0.00098182,0.03661259
1773325613.93744636,0.04266398,6167,0.00040522,0.03430473,0,0.00000000,50887,50871,73,0.00121585,0.00249355,0.00344192,0.00000128,0.00099083,0.03713889
1773325614.03748941,0.04140768,6220,0.00062443,0.02742589,0,0.00000000,50871,50902,69,0.00187395,0.00540962,0.00341258,0.00000141,0.00119396,0.03374333
1773325614.13751173,0.01925930,6213,0.00033468,0.01292420,0,0.00000000,50902,50928,56,0.00095156,0.00217411,0.00248930,0.00000060,0.00041025,0.01529096
1773325614.23754454,0.02114364,6222,0.00028410,0.01602801,0,0.00000000,50928,50945,69,0.00297212,0.00176212,0.00188812,0.00000180,0.00042063,0.01794259
1773325614.33755732,0.02102850,6168,0.00050445,0.01426529,0,0.00000000,50945,50975,57,0.00239098,0.00286598,0.00129257,0.00000051,0.00043645,0.01741679
1773325614.43767524,0.03660281,6149,0.00020391,0.02835419,0,0.00000000,50975,50998,50,0.00101902,0.00286902,0.00276069,0.00000535,0.00133107,0.03159718
1773325614.53750587,0.02860068,6204,0.00085443,0.01839312,0,0.00000000,50998,51015,53,0.00147543,0.00340144,0.00258285,0.00000557,0.00108303,0.02205035
1773325614.63749957,0.05181630,6202,0.00086534,0.04093262,0,0.00000000,51015,51022,57,0.00100453,0.00346285,0.00171433,0.00000311,0.00078568,0.04502780
1773325614.73750186,0.03414457,6137,0.00023149,0.02682695,0,0.00000000,51022,51037,48,0.00088488,0.00303313,0.00218152,0.00000362,0.00085263,0.03016863
1773325614.83753252,0.02597797,6141,0.00018013,0.01948877,0,0.00000000,51037,51052,35,0.00239334,0.00179341,0.00247177,0.00000734,0.00120806,0.02142875
1773325614.93752003,0.05074456,6175,0.00034071,0.03882290,0,0.00000000,51052,51071,54,0.00192577,0.00427894,0.00264294,0.00000420,0.00150075,0.04417442
1773325615.03763509,0.04041639,6091,0.00064295,0.02441914,0,0.00000000,51071,51078,48,0.00190265,0.00327621,0.00386474,0.00000751,0.00135329,0.02814034
1773325615.13755107,0.04944449,6115,0.00035141,0.04000385,0,0.00000000,51078,51113,64,0.00207623,0.00289615,0.00250808,0.00000438,0.00236516,0.04329961
1773325615.23753524,0.04760340,6173,0.00045841,0.03763111,0,0.00000000,51113,51105,48,0.00278081,0.00442480,0.00271795,0.00000474,0.00115480,0.04235434
1773325615.33756089,0.03748192,6133,0.00029512,0.02863232,0,0.00000000,51105,51110,46,0.00234307,0.00269495,0.00191445,0.00000261,0.00047494,0.03166567
1773325615.43772364,0.02166810,6166,0.00050029,0.01462045,0,0.00000000,51110,51114,60,0.00323575,0.00276240,0.00202259,0.00000166,0.00059702,0.01770424
1773325615.53763771,0.02116288,6099,0.00066874,0.01352248,0,0.00000000,51114,51094,54,0.00204608,0.00277701,0.00189377,0.00000072,0.00044731,0.01660385
1773325615.63751650,0.03347266,6144,0.00095418,0.02278194,0,0.00000000,51094,51113,59,0.00257851,0.00419537,0.00218125,0.00000268,0.00115440,0.02739543
1773325615.73757482,0.02810205,6094,0.00100810,0.01913967,0,0.00000000,51113,51130,52,0.00151376,0.00203991,0.00253534,0.00000388,0.00087769,0.02133339
1773325615.83749866,0.02717340,6129,0.00094376,0.01815251,0,0.00000000,51130,51129,63,0.00147355,0.00341360,0.00235423,0.00000047,0.00040148,0.02193739
1773325615.93756723,0.04676591,6111,0.00028578,0.04016267,0,0.00000000,51129,51141,50,0.00131935,0.00274371,0.00218740,0.00000116,0.00045218,0.04317898
1773325616.03744125,0.03877917,6131,0.00075686,0.02950836,0,0.00000000,51141,51146,53,0.00132151,0.00318750,0.00222364,0.00000136,0.00056719,0.03303218
1773325616.13762236,0.01770977,6049,0.00020841,0.01281390,0,0.00000000,51146,51156,43,0.00320434,0.00167167,0.00147982,0.00000068,0.00036961,0.01461359
1773325616.23742628,0.02355253,6102,0.00038787,0.01892792,0,0.00000000,51156,51122,50,0.00147721,0.00164027,0.00130998,0.00000067,0.00037481,0.02073262
1773325616.33745551,0.01656873,6102,0.00024565,0.01093651,0,0.00000000,51122,51144,52,0.00313352,0.00177911,0.00246422,0.00000090,0.00036827,0.01287439
1773325616.43745708,0.02868395,6129,0.00056376,0.02127488,0,0.00000000,51144,51130,51,0.00260163,0.00198837,0.00240505,0.00000353,0.00093239,0.02342026
1773325616.53753519,0.02975869,6134,0.00111580,0.01944106,0,0.00000000,51130,51148,49,0.00197886,0.00258084,0.00377832,0.00000112,0.00113249,0.02229875
1773325616.63761759,0.03555679,6070,0.00044454,0.02755433,0,0.00000000,51148,51151,57,0.00114431,0.00300426,0.00208024,0.00000255,0.00085283,0.03100713
1773325616.73751712,0.02286865,6115,0.00082855,0.01587530,0,0.00000000,51151,51162,64,0.00084231,0.00288516,0.00109403,0.00000059,0.00030553,0.01913133
1773325616.83746815,0.05270326,6105,0.00016425,0.04632609,0,0.00000000,51162,51162,33,0.00224269,0.00234983,0.00208303,0.00000277,0.00082464,0.04893064
1773325616.93752337,0.02271457,6087,0.00071246,0.01490785,0,0.00000000,51162,51155,47,0.00287624,0.00233187,0.00217172,0.00000267,0.00087810,0.01749685
1773325617.03751922,0.02631982,6082,0.00023560,0.01891917,0,0.00000000,51155,51188,52,0.00094735,0.00229786,0.00293124,0.00000278,0.00090392,0.02148698
1773325617.13752723,0.04740623,6064,0.00039645,0.03992640,0,0.00000000,51188,51204,50,0.00159154,0.00298880,0.00147939,0.00000121,0.00040960,0.04325853
1773325617.23739433,0.02581968,6141,0.00037650,0.01981030,0,0.00000000,51204,51215,48,0.00196510,0.00167765,0.00240820,0.00000064,0.00046578,0.02167846
1773325617.33759785,0.02267661,6054,0.00022522,0.01840868,0,0.00000000,51215,51237,61,0.00314478,0.00165243,0.00135073,0.00000056,0.00038304,0.02018874
1773325617.43755102,0.02811734,6009,0.00092766,0.01983385,0,0.00000000,51237,51258,57,0.00212737,0.00241621,0.00117989,0.00000074,0.00033297,0.02253289
1773325617.53752780,0.02408493,6086,0.00029648,0.01655731,0,0.00000000,51258,51248,52,0.00146953,0.00236909,0.00243508,0.00000384,0.00128951,0.01921413
1773325617.63811207,0.01941835,6006,0.00055435,0.01285651,0,0.00000000,51248,51272,42,0.00137329,0.00204903,0.00194983,0.00000079,0.00039042,0.01512309
1773325617.73804855,0.02349519,5961,0.00024965,0.01742866,0,0.00000000,51272,51277,57,0.00087909,0.00201181,0.00201499,0.00000355,0.00094080,0.01968348
1773325617.83756042,0.02491268,6074,0.00070803,0.01699961,0,0.00000000,51277,51296,53,0.00078708,0.00204213,0.00212432,0.00000312,0.00090123,0.01927874
1773325617.93818951,0.02874438,5998,0.00065121,0.02052973,0,0.00000000,51296,51320,54,0.00172426,0.00254110,0.00206799,0.00000358,0.00079969,0.02346114
1773325618.03745127,0.03194976,6050,0.00085808,0.02288317,0,0.00000000,51320,51329,45,0.00214477,0.00291052,0.00190103,0.00000459,0.00099589,0.02623028
1773325618.13748670,0.02136127,6018,0.00021818,0.01596478,0,0.00000000,51329,51336,50,0.00196677,0.00210558,0.00180242,0.00000100,0.00046612,0.01826979
1773325618.23764324,0.02610224,6032,0.00024055,0.02115224,0,0.00000000,51336,51354,54,0.00299411,0.00164941,0.00187501,0.00000096,0.00043002,0.02294059
1773325618.33758378,0.02021926,5991,0.00023213,0.01602917,0,0.00000000,51354,51378,52,0.00254054,0.00146047,0.00152937,0.00000054,0.00031879,0.01765941
1773325618.43763566,0.04466725,6034,0.00049972,0.03287679,0,0.00000000,51378,51396,37,0.00183250,0.00438422,0.00336953,0.00000367,0.00125444,0.03786448
1773325618.53759003,0.02592596,6019,0.00025990,0.01985652,0,0.00000000,51396,51410,53,0.00244395,0.00148894,0.00240918,0.00000417,0.00106575,0.02147005
1773325618.63751698,0.03859293,6087,0.00080058,0.02885639,0,0.00000000,51410,51419,61,0.00081208,0.00282386,0.00304206,0.00000350,0.00084300,0.03211894
1773325618.73802209,0.02568263,6120,0.00090938,0.01850941,0,0.00000000,51419,51428,62,0.00086080,0.00258170,0.00129685,0.00000106,0.00045313,0.02143193
1773325618.83756518,0.02145841,6046,0.00057731,0.01477945,0,0.00000000,51428,51437,39,0.00276618,0.00156712,0.00214886,0.00000311,0.00080918,0.01651470
1773325618.93751240,0.03111556,6119,0.00094838,0.02246955,0,0.00000000,51437,51431,57,0.00241911,0.00284729,0.00189536,0.00000089,0.00059362,0.02573697
1773325619.03755665,0.03153395,6091,0.00061424,0.02272059,0,0.00000000,51431,51431,41,0.00256144,0.00321723,0.00217728,0.00000300,0.00084514,0.02640346
1773325619.13749623,0.01524684,6117,0.00026931,0.01095081,0,0.00000000,51431,51416,51,0.00126946,0.00161882,0.00119330,0.00000055,0.00033878,0.01271347
1773325619.23754025,0.01448581,6069,0.00018656,0.01000434,0,0.00000000,51416,51440,55,0.00184284,0.00151633,0.00176371,0.00000106,0.00036782,0.01164569
1773325619.33758593,0.06856623,6061,0.00071300,0.05721907,0,0.00000000,51440,51446,59,0.00220115,0.00350703,0.00283810,0.00000751,0.00181994,0.06121141
1773325619.43763661,0.04968289,6100,0.00047520,0.03882881,0,0.00000000,51446,51470,55,0.00090132,0.00472681,0.00209074,0.00000379,0.00105895,0.04416627
1773325619.53757358,0.06626403,6071,0.00114392,0.04866133,0,0.00000000,51470,51482,62,0.00091037,0.00296457,0.00218831,0.00000326,0.00096625,0.05220670
1773325619.63763833,0.07293159,6063,0.00105681,0.06541050,0,0.00000000,51482,51469,40,0.00081502,0.00295176,0.00143022,0.00000104,0.00053034,0.06873677
1773325619.73748875,0.05500851,6067,0.00036444,0.04504244,0,0.00000000,51469,51478,67,0.00213518,0.00246360,0.00231294,0.00000331,0.00116508,0.04784307
1773325619.83734369,0.08949785,6115,0.00329538,0.07164585,0,0.00000000,51478,51479,55,0.00268859,0.00478495,0.00319954,0.00000277,0.00044584,0.07687845
1773325619.93760252,0.04251953,6037,0.00027811,0.03448465,0,0.00000000,51479,51485,50,0.00221294,0.00268711,0.00308365,0.00000333,0.00088127,0.03740961
1773325620.03754187,0.02285674,5995,0.00045656,0.01710879,0,0.00000000,51485,51471,46,0.00108317,0.00198814,0.00149899,0.00000091,0.00044817,0.01931382
1773325620.13744235,0.01801748,6114,0.00035007,0.01176521,0,0.00000000,51471,51488,48,0.00231534,0.00236934,0.00196563,0.00000071,0.00049056,0.01432583
1773325620.23755550,0.01543751,6050,0.00025265,0.01025545,0,0.00000000,51488,51481,53,0.00232931,0.00155680,0.00215207,0.00000107,0.00051019,0.01193416
1773325620.33767366,0.02055333,6056,0.00021403,0.01558421,0,0.00000000,51481,51494,56,0.00116906,0.00141284,0.00208568,0.00000126,0.00047674,0.01710405
1773325620.43759894,0.03375326,6026,0.00021914,0.02877954,0,0.00000000,51494,51502,49,0.00106252,0.00147105,0.00224629,0.00000073,0.00037250,0.03038196
1773325620.53769398,0.02947924,6030,0.00023661,0.02226190,0,0.00000000,51502,51507,41,0.00128542,0.00234026,0.00262723,0.00000363,0.00101682,0.02488600
1773325620.63750672,0.04481547,6057,0.00023418,0.03782678,0,0.00000000,51507,51511,44,0.00264787,0.00170082,0.00319768,0.00000369,0.00096507,0.03971749
1773325620.73740888,0.04805010,6083,0.00058859,0.03994260,0,0.00000000,51511,51515,53,0.00119624,0.00221573,0.00206140,0.00000264,0.00086207,0.04254914
1773325620.83759642,0.05870029,6026,0.00026858,0.05188090,0,0.00000000,51515,51533,40,0.00169561,0.00255606,0.00215870,0.00000385,0.00085206,0.05470819
1773325620.93751931,0.04065344,6074,0.00042757,0.03376988,0,0.00000000,51533,51520,43,0.00272551,0.00233285,0.00216068,0.00001434,0.00067582,0.03649943
1773325621.03750944,0.02111948,6029,0.00027213,0.01583740,0,0.00000000,51520,51523,37,0.00180724,0.00198882,0.00149309,0.00000078,0.00040863,0.01810903
1773325621.13756466,0.02994863,6077,0.00113950,0.02279176,0,0.00000000,51523,51542,47,0.00262684,0.00177350,0.00246708,0.00000330,0.00089011,0.02476700
1773325621.23753142,0.01305501,6003,0.00018652,0.00894696,0,0.00000000,51542,51548,44,0.00296493,0.00131848,0.00151625,0.00000076,0.00035138,0.01036103
1773325621.33756423,0.01280279,5925,0.00014960,0.00883465,0,0.00000000,51548,51549,36,0.00120554,0.00133140,0.00131768,0.00000077,0.00038895,0.01025458
1773325621.43756342,0.02250104,5868,0.00021396,0.01610268,0,0.00000000,51549,51572,43,0.00158312,0.00191394,0.00240561,0.00000534,0.00099797,0.01825419
1773325621.53763342,0.02159997,5784,0.00024478,0.01592099,0,0.00000000,51572,51571,51,0.00240184,0.00144565,0.00245174,0.00000275,0.00078446,0.01753999
1773325621.63765621,0.04922113,5610,0.00024819,0.04364634,0,0.00000000,51571,51571,42,0.00160851,0.00171187,0.00212585,0.00000123,0.00049461,0.04567450
1773325621.73749566,0.04926720,5603,0.00024111,0.04309829,0,0.00000000,51571,51580,44,0.00085885,0.00139303,0.00299644,0.00000357,0.00078856,0.04465525
1773325621.83756328,0.03228362,5586,0.00062032,0.02385886,0,0.00000000,51580,51603,44,0.00274861,0.00175756,0.00218189,0.00000493,0.00153925,0.02593818
1773325621.93800926,0.04894350,5520,0.00030988,0.04166609,0,0.00000000,51603,51631,47,0.00311706,0.00149464,0.00269287,0.00000494,0.00127711,0.04334880
1773325622.03750658,0.03139968,5486,0.00043775,0.02526347,0,0.00000000,51631,51660,50,0.00214386,0.00130861,0.00204312,0.00000380,0.00134362,0.02667904
1773325622.13756752,0.02219228,5534,0.00067815,0.01597782,0,0.00000000,51660,51628,40,0.00151301,0.00164136,0.00189347,0.00000050,0.00031002,0.01778341
1773325622.23759913,0.01298941,5523,0.00040005,0.00959908,0,0.00000000,51628,51635,40,0.00082223,0.00092271,0.00126498,0.00000049,0.00033797,0.01058869
1773325622.33770323,0.01613125,5526,0.00022723,0.01128117,0,0.00000000,51635,51658,36,0.00152399,0.00125650,0.00217119,0.00000100,0.00035036,0.01265593
1773325622.43769360,0.01383823,5643,0.00033690,0.00808033,0,0.00000000,51658,51676,45,0.00163602,0.00166164,0.00214381,0.00000085,0.00074137,0.00984811
1773325622.53753591,0.04183736,5893,0.00260719,0.03399533,0,0.00000000,51676,51681,39,0.00099894,0.00169516,0.00166920,0.00000060,0.00037172,0.03590071
1773325622.63794374,0.03015994,5958,0.00048613,0.02065381,0,0.00000000,51681,51695,54,0.00085280,0.00369579,0.00246902,0.00000353,0.00068692,0.02495449
1773325622.73802972,0.02330254,6008,0.00033949,0.01585717,0,0.00000000,51695,51700,59,0.00084189,0.00243196,0.00246281,0.00000479,0.00128568,0.01856038
1773325622.83797979,0.02155030,5978,0.00070213,0.01499747,0,0.00000000,51700,51715,49,0.00135761,0.00237949,0.00128625,0.00000068,0.00065182,0.01769438
1773325622.93768811,0.03277249,5986,0.00090820,0.01984006,0,0.00000000,51715,51734,54,0.00201073,0.00481687,0.00261205,0.00000329,0.00104497,0.02520809
1773325623.03797436,0.01623149,5995,0.00063100,0.00951513,0,0.00000000,51734,51756,53,0.00083038,0.00228856,0.00164007,0.00000071,0.00043224,0.01203931
1773325623.13758159,0.01482812,5990,0.00026034,0.01100243,0,0.00000000,51756,51776,48,0.00145665,0.00127754,0.00126679,0.00000074,0.00034178,0.01238764
1773325623.23752642,0.01548287,6021,0.00024845,0.01049120,0,0.00000000,51776,51804,54,0.00165111,0.00176140,0.00177419,0.00000141,0.00049678,0.01237060
1773325623.33759522,0.05324645,5939,0.00059948,0.04561468,0,0.00000000,51804,51798,44,0.00188167,0.00149021,0.00269807,0.00000405,0.00087005,0.04733086
1773325623.43747020,0.02520075,6011,0.00031167,0.01806410,0,0.00000000,51798,51794,54,0.00386636,0.00195486,0.00252748,0.00000566,0.00127055,0.02021948
1773325623.53752208,0.04987351,5978,0.00104729,0.03846786,0,0.00000000,51794,51753,52,0.00086065,0.00541267,0.00200674,0.00000171,0.00100243,0.04432265
1773325623.63752174,0.02894688,5985,0.00024011,0.02168706,0,0.00000000,51753,51770,49,0.00113460,0.00190385,0.00311507,0.00000270,0.00097040,0.02390663
1773325623.73754191,0.02556682,5943,0.00021256,0.01710494,0,0.00000000,51770,51773,39,0.00288517,0.00255740,0.00344687,0.00000500,0.00068823,0.02000783
1773325623.83768272,0.02721328,5923,0.00032983,0.02183281,0,0.00000000,51773,51773,53,0.00208100,0.00132107,0.00216343,0.00000475,0.00083213,0.02326791
1773325623.93750453,0.05282588,5965,0.00062976,0.04061460,0,0.00000000,51773,51780,27,0.00261573,0.00330794,0.00321963,0.00000600,0.00134013,0.04452664
1773325624.03791666,0.02594017,5966,0.00047273,0.01652226,0,0.00000000,51780,51793,36,0.00167927,0.00173367,0.00528088,0.00000110,0.00050271,0.01854345
1773325624.13761163,0.02926659,5961,0.00030731,0.02129138,0,0.00000000,51793,51798,51,0.00357389,0.00238572,0.00313637,0.00002252,0.00097407,0.02391739
1773325624.23768377,0.02572308,5913,0.00036713,0.01976527,0,0.00000000,51798,51808,54,0.00311647,0.00192072,0.00234005,0.00000089,0.00052565,0.02188817
1773325624.33750558,0.01695865,5950,0.00029730,0.01174990,0,0.00000000,51808,51809,41,0.00395028,0.00138825,0.00250536,0.00000088,0.00039814,0.01325825
1773325624.43752337,0.04037673,5938,0.00015866,0.03596676,0,0.00000000,51809,51804,30,0.00417861,0.00196027,0.00116901,0.00000046,0.00038680,0.03814422
1773325624.53758979,0.03211644,5963,0.00059526,0.02505932,0,0.00000000,51804,51815,46,0.00288676,0.00192098,0.00239155,0.00000089,0.00039113,0.02721674
1773325624.63790274,0.04122674,5897,0.00079496,0.03027995,0,0.00000000,51815,51804,53,0.00087766,0.00315729,0.00309780,0.00000436,0.00152937,0.03401479
1773325624.73756504,0.03813315,5945,0.00079459,0.02890156,0,0.00000000,51804,51795,40,0.00113385,0.00277511,0.00233013,0.00000362,0.00080903,0.03229360
1773325624.83786964,0.02302772,5956,0.00042017,0.01685418,0,0.00000000,51795,51799,35,0.00099164,0.00197095,0.00178367,0.00000084,0.00048637,0.01914682
1773325624.93768072,0.03668360,5944,0.00031165,0.02920711,0,0.00000000,51799,51806,39,0.00262381,0.00180333,0.00250833,0.00000375,0.00083904,0.03123597
1773325625.03788471,0.02545203,5927,0.00020944,0.01757528,0,0.00000000,51806,51808,34,0.00239327,0.00257471,0.00272098,0.00000724,0.00131820,0.02042506
1773325625.13751602,0.01155156,5980,0.00014710,0.00811946,0,0.00000000,51808,51815,38,0.00136841,0.00123207,0.00115218,0.00000072,0.00035306,0.00944741
1773325625.23760414,0.01342860,5930,0.00024390,0.00875610,0,0.00000000,51815,51818,41,0.00251167,0.00136280,0.00177332,0.00000094,0.00045098,0.01020009
1773325625.33753729,0.01476282,5912,0.00020128,0.01036073,0,0.00000000,51818,51815,34,0.00215936,0.00154667,0.00127638,0.00000052,0.00044606,0.01210857
1773325625.43787265,0.01840289,5922,0.00015739,0.01301463,0,0.00000000,51815,51830,37,0.00227567,0.00156635,0.00182063,0.00000299,0.00102702,0.01483678
1773325625.53790212,0.02658306,5918,0.00055041,0.01780566,0,0.00000000,51830,51840,41,0.00084845,0.00219220,0.00279734,0.00000822,0.00168334,0.02033986
1773325625.63758326,0.02318411,5957,0.00055532,0.01592385,0,0.00000000,51840,51828,39,0.00124405,0.00217013,0.00201582,0.00000230,0.00088689,0.01837115
1773325625.73758769,0.03197911,6010,0.00040967,0.01914174,0,0.00000000,51828,51846,36,0.00088699,0.00300512,0.00262170,0.00000429,0.00109673,0.02239306
1773325625.83761787,0.03086636,5960,0.00026104,0.02174899,0,0.00000000,51846,51840,45,0.00138244,0.00331201,0.00256800,0.00000347,0.00118591,0.02561319
1773325625.93747234,0.03594575,6039,0.00071712,0.02831045,0,0.00000000,51840,51858,53,0.00304799,0.00257633,0.00214539,0.00000139,0.00055150,0.03119459
1773325626.03785276,0.02715135,5937,0.00055221,0.01919886,0,0.00000000,51858,51805,53,0.00082650,0.00250840,0.00218772,0.00000420,0.00090731,0.02215237
1773325626.13748479,0.03275313,5956,0.00064955,0.02546254,0,0.00000000,51805,51827,48,0.00274016,0.00241077,0.00143373,0.00000127,0.00060996,0.02820116
1773325626.23784423,0.01303546,5853,0.00016714,0.00888897,0,0.00000000,51827,51840,41,0.00289770,0.00115668,0.00186040,0.00000094,0.00037668,0.01012747
1773325626.33765960,0.03375584,5746,0.00024832,0.02879988,0,0.00000000,51840,51852,44,0.00292686,0.00166980,0.00174877,0.00000145,0.00048309,0.03061379
1773325626.43785238,0.01433039,5606,0.00018404,0.00949503,0,0.00000000,51852,51860,47,0.00294305,0.00106264,0.00232780,0.00000525,0.00066831,0.01063415
1773325626.53747487,0.05196766,5695,0.00435712,0.04051114,0,0.00000000,51860,51890,52,0.00097122,0.00164162,0.00269703,0.00000092,0.00040755,0.04236422
1773325626.63788772,0.04274242,5597,0.00067477,0.03554490,0,0.00000000,51890,51878,48,0.00134124,0.00188221,0.00281503,0.00000093,0.00033417,0.03769026
1773325626.73787975,0.04638815,5639,0.00027584,0.04066686,0,0.00000000,51878,51875,45,0.00126313,0.00165343,0.00183505,0.00000446,0.00106268,0.04251952
1773325626.83799362,0.03974664,5664,0.00020697,0.03296385,0,0.00000000,51875,51883,43,0.00224534,0.00175493,0.00254004,0.00000424,0.00075548,0.03505126
1773325626.93783474,0.02684094,5655,0.00137696,0.01683770,0,0.00000000,51883,51897,47,0.00257760,0.00376820,0.00227255,0.00000129,0.00043013,0.02089680
1773325627.03784084,0.02890120,5634,0.00021366,0.02310597,0,0.00000000,51897,51919,45,0.00160533,0.00126422,0.00247732,0.00000337,0.00093344,0.02452699
1773325627.13783193,0.01572926,5586,0.00019630,0.01194279,0,0.00000000,51919,51916,33,0.00274414,0.00109223,0.00154652,0.00000137,0.00037891,0.01313947
1773325627.23754311,0.03342204,5637,0.00049976,0.02897826,0,0.00000000,51916,51839,37,0.00249712,0.00123991,0.00166207,0.00000079,0.00039992,0.03034216
1773325627.33761454,0.02477555,5574,0.00023114,0.01953553,0,0.00000000,51839,51857,41,0.00289764,0.00194232,0.00195603,0.00000087,0.00048867,0.02163030
1773325627.43753457,0.05493889,5604,0.00061492,0.04015845,0,0.00000000,51857,51860,39,0.00274395,0.00343191,0.00244730,0.00000386,0.00094739,0.04399447
1773325627.53785658,0.04361777,5548,0.00029291,0.03591536,0,0.00000000,51860,51867,39,0.00186202,0.00230155,0.00210323,0.00000478,0.00110542,0.03849724
1773325627.63749361,0.05250069,5606,0.00028668,0.04591709,0,0.00000000,51867,51883,48,0.00085572,0.00191253,0.00270163,0.00000394,0.00079572,0.04807921
1773325627.73797584,0.04892188,5518,0.00028915,0.04256346,0,0.00000000,51883,51887,44,0.00135664,0.00233376,0.00203599,0.00000093,0.00053268,0.04539086
1773325627.83789778,0.05023732,5535,0.00068396,0.04220336,0,0.00000000,51887,51906,51,0.00320594,0.00293701,0.00176178,0.00000148,0.00051901,0.04555543
1773325627.93791032,0.10105967,5578,0.00471453,0.06390046,0,0.00000000,51906,51905,48,0.00111690,0.00215551,0.00415607,0.00000314,0.00111147,0.06633158
1773325628.03752375,0.05892580,5610,0.00028468,0.04823926,0,0.00000000,51905,51918,49,0.00288541,0.00284977,0.00522662,0.00000438,0.00097193,0.05142778
