            0.300096  0.357036 -0.177273 -0.184445   0.00226947 -0.000103953  0.000202118 0 0 0   -0.011 -0.02329  0.04412  0.0257932  0.0012414 0.00138103 -0.00292515    0.013902   0.0418205 0 0 0 -1.83047 -1.96507 -9.43421 
            0.400112   0.517096 -0.0976568 -0.0177259 0.00613286 0.00485208 0.00414346 0 0 0   -0.011 -0.02329  0.04412  0.0339952 0.00909047  0.0015973 -0.00292517    0.013902   0.0418204 -1.55789e-08 -8.23904e-08 -7.08171e-08 -1.83047 -1.96507 -9.43421 
            0.499972   0.483144  -0.090388 -0.0469224  0.00604976  -0.0042989 -0.00436562 0 0 0   -0.011 -0.02329  0.04412  0.0212487 -0.0395555 -0.0433282 -0.00273639    0.013597   0.0410497 4.72715e-06 1.29903e-05 1.08202e-05 -1.83047 -1.96508 -9.43421 
            0.600031   0.489963  -0.154589 -0.0326132    0.0113887 -0.000290492   0.00192396 0 0 0   -0.011 -0.02329  0.04412   0.0419641 -0.00689511 0.000191947 -0.0027358  0.0134023  0.0401454 -0.00186467 -0.00441444 -0.00784295 -1.83027 -1.96258 -9.43477 
            0.700144   0.486635  -0.126866 -0.0165801  0.00634467    -0.00312 -0.00202517 0 0 0   -0.011 -0.02329  0.04412  0.0124625 -0.0124297 -0.0135423 -0.00266593   0.0130128   0.0393418   0.0223977 -0.00259472  0.00255633 -1.85091  -1.9614 -9.43099 
            0.799974  0.508609 -0.062287 0.0682581  0.00351682 -0.00144504 -0.00593322 0 0 0   -0.011 -0.02329  0.04412 0.00075005  0.0017002 -0.0237222 -0.00266521   0.0128084   0.0385161  0.0375815 -0.0118799  0.0129848 -1.86354  -1.9503  -9.4308 
            0.900006 0.467742 0.223115 0.283773  0.00218708 -0.00305367 -0.00160608 0 0 0   -0.011 -0.02329  0.04412 -0.000237302  -0.00715702   0.00325528 -0.00260261    0.012477   0.0376916   0.0414329 -0.00731393   -0.014078 -1.87168 -1.95957 -9.42727 
             1.00014 0.436327 0.620819 0.529623  8.4546e-05  -0.0015303 -0.00821157 0 0 0   -0.011 -0.02329  0.04412 -0.00627011  0.00283058  -0.0206017 -0.00264349   0.0122086   0.0369838 0.0493061 -0.012194 0.0132214 -1.87439 -1.94956 -9.42881 
             1.10012 0.424099  1.21547 0.800059  0.00194987 0.000931167   -0.007554 0 0 0   -0.011 -0.02329  0.04412   0.0110081  0.00939113 -0.00866702 -0.00265505   0.0119183   0.0362623  0.0434739  -0.018192 0.00304826 -1.87101 -1.94616 -9.43018 
                 1.2 0.526232   2.2644  1.19834  0.00367096  0.00183844 -0.00242501 0 0 0   -0.011 -0.02329  0.04412  0.0280597 0.00906377   0.013976 -0.00270175   0.0116825   0.0355933  0.0429269 -0.0194807 -0.0155707 -1.87368 -1.94855 -9.42915 
             1.30003 0.602922  4.07895  1.77518   0.0108836  0.00384805 -0.00482253 0 0 0   -0.011 -0.02329  0.04412  0.0732616  0.0199972 0.00394366 -0.00276739   0.0112944   0.0348505   0.0381956   -0.020088 -0.00527356 -1.86774 -1.94603 -9.43085 
             1.39999 0.609885  7.07852   2.4488  0.0205476 0.00628937 0.00151762 0 0 0   -0.011 -0.02329  0.04412  0.111465 0.0197603 0.0237855 -0.00283815   0.0109422   0.0342482  0.0369061 -0.0217823 -0.0206728 -1.86863 -1.94742 -9.43039 
             1.50008 0.809954  10.3759   3.4412   0.0353339  0.00413815 -0.00546102 0 0 0   -0.011 -0.02329  0.04412   0.124926 -0.0017341 -0.0113414 -0.0029062  0.0106523  0.0336027    0.0321652   -0.0142968 -0.000621398 -1.86172 -1.95006 -9.43121 
             1.59998 1.48876 12.7977 4.76239   0.0504949 -0.00311167  -0.0060282 0 0 0   -0.011 -0.02329  0.04412  0.0847089 -0.0495472  0.0044201 -0.0029924  0.0105162  0.0329966   0.0261056 -0.00546295 -0.00219432 -1.85444  -1.9576 -9.43108 
             1.70003 2.51796 13.1181 6.32397   0.0523049 -0.00874153 -0.00430647 0 0 0   -0.011 -0.02329  0.04412 0.00503259 -0.0570463  0.0265974 -0.00311222    0.010406   0.0324809   0.0297667 -0.00592093 -0.00145402 -1.85807 -1.95784 -9.43032 
             1.80009 3.36687 12.2331 7.70533  0.0462746  -0.013943 -0.0117434 0 0 0   -0.011 -0.02329  0.04412  -0.0439026  -0.0581665 -0.00569444 -0.0031254  0.0103591  0.0318792   0.0308527 -0.00624154   0.0194847 -1.86452  -1.9546 -9.42972 
             1.90005 4.11536 10.9757  9.1568   0.0370142  -0.0142154 -0.00466584 0 0 0   -0.011 -0.02329  0.04412  -0.060488 -0.0349629   0.013529 -0.00316624   0.0102861   0.0312687  0.0378762 -0.0152657  0.0075217 -1.86969 -1.95189 -9.42926 
             1.99991 4.54575  10.157  10.477    0.02802 -0.0138916  0.0081865 0 0 0   -0.011 -0.02329  0.04412   -0.045209 -0.00222435   0.0460142 -0.00309142   0.0101046   0.0307578   0.046856 -0.0224954 -0.0100755 -1.87261 -1.95329 -9.42839 
             2.09988 4.50204 10.4808 11.3628  0.0295198 -0.0186787 0.00330178 0 0 0   -0.011 -0.02329  0.04412 0.00897602 0.00277768 0.00687147 -0.00301547  0.00992689   0.0301514  0.0409617 -0.0127277 0.00225887 -1.86835 -1.95483 -9.42891 
             2.19993 3.47505 11.6418 11.7402  0.0318529 -0.0159731 0.00541103 0 0 0   -0.011 -0.02329  0.04412 0.0304757 0.0444167 0.0111397 -0.00293091  0.00965061    0.029733   0.0412938  -0.0132287 1.67652e-05 -1.86795 -1.95505 -9.42895 
             2.30013  2.1067 13.1544 11.2398   0.0345747 -0.00968928 -0.00271731 0 0 0   -0.011 -0.02329  0.04412  0.0301987  0.0352101 -0.0190605 -0.00294709  0.00949499   0.0292375  0.0371891 -0.0125956  0.0132609 -1.87042 -1.95044 -9.42941 
             2.39988 1.77123 14.1912 11.6179   0.0377301 -0.00673762 -0.00675261 0 0 0   -0.011 -0.02329  0.04412  0.0167466 0.00705666 -0.0193732 -0.0029506 0.00926698  0.0288765  0.0350642 -0.0123167  0.0160325 -1.87023 -1.94853 -9.42984 
              2.4999 2.55353  14.573  13.755   0.0385469 -0.00584769 -0.00880144 0 0 0   -0.011 -0.02329  0.04412 -0.00963404  -0.0192076  -0.0104194 -0.00305027  0.00913856   0.0282609  0.0336734 -0.0134172  0.0167896 -1.87075 -1.94684 -9.43009 
             2.59992 3.86676 13.3934 17.2739   0.0324737  -0.0123752 -0.00551005 0 0 0   -0.011 -0.02329  0.04412  -0.0655718  -0.0448012 0.000918109 -0.00314597  0.00901181   0.0277347  0.0389969 -0.0131566  0.0127936  -1.8712 -1.95136 -9.42906 
             2.69993 4.71543 12.0435 20.4711   0.0284042  -0.0140269 -0.00258259 0 0 0   -0.011 -0.02329  0.04412 -0.0184503 -0.0153942 0.00764588 -0.00315547  0.00899201    0.027133  0.0387034 -0.0143832  0.0090201 -1.87062 -1.95025 -9.42941 
             2.79997 5.23314 12.8776 22.1478  0.0294369 -0.0129541 -0.0055708 0 0 0   -0.011 -0.02329  0.04412  0.0402242  0.0148182 -0.0125811 -0.00303477  0.00886793   0.0267613  0.0365501 -0.0146268  0.0127164 -1.87187 -1.94875 -9.42947 
             2.89999 5.83254 15.0717 23.0006   0.0364265  -0.0147194 -0.00538615 0 0 0   -0.011 -0.02329  0.04412   0.0805343  0.00400735 -0.00942912 -0.00294474  0.00847761   0.0265355  0.0389443 -0.0121779  0.0105582 -1.86887 -1.95075 -9.42966 
             3.00004 6.85925 17.8041 23.8571   0.0448872  -0.0124589 -0.00518138 0 0 0   -0.011 -0.02329  0.04412   0.0693598  -0.0033825 -0.00927951 -0.0030097 0.00813884   0.026238  0.0372552 -0.0132275 0.00867343 -1.86958 -1.94897 -9.42988 
             3.09988 8.21161 18.7956 25.4627  0.0445589 -0.0175539  -0.010706 0 0 0   -0.011 -0.02329  0.04412 0.00886991 -0.0350459 -0.0119161 -0.00308017  0.00794987   0.0258637  0.0401304 -0.0148077  0.0161287 -1.87215 -1.95353 -9.42843 
             3.19991 9.42691 18.0106 27.1432   0.0470422  -0.0211972 -0.00907976 0 0 0   -0.011 -0.02329  0.04412 -0.0126442 -0.0573603  0.0127246 -0.00311689  0.00792709   0.0254884  0.0390488 -0.0130108  0.0130139 -1.87017 -1.95116 -9.42931 
             3.29992 10.6298 16.4465 28.7517   0.0405852  -0.0243864 -0.00136482 0 0 0   -0.011 -0.02329  0.04412 -0.0339896 -0.0539243  0.0333299 -0.00315527  0.00782277   0.0250563  0.0405457 -0.0207817 0.00917476 -1.87397 -1.95442 -9.42788 
             3.39991 11.3413 15.2993 29.6682   0.0354484  -0.0294867 -0.00707517 0 0 0   -0.011 -0.02329  0.04412  -0.0224119   -0.027736 -0.00503732 -0.00309557  0.00771235   0.0246958  0.0370608 -0.0189084  0.0179196 -1.87784 -1.95373 -9.42725 
             3.49997 11.4681 15.5582 29.5386   0.0321658  -0.0270357 -0.00663114 0 0 0   -0.011 -0.02329  0.04412 0.000678554   0.0155677  -0.0124627 -0.00307161   0.0075566   0.0244002   0.034928 -0.0230927  0.0177072 -1.88182 -1.95413 -9.42638 
             3.59992 11.3066 16.9523 28.7444  0.0435315 -0.0245918 -0.0118478 0 0 0   -0.011 -0.02329  0.04412   0.061071  0.0312431 -0.0336107 -0.00296673   0.0074859   0.0240517  0.0323522 -0.0120543  0.0159488 -1.87585 -1.94535 -9.42938 
             3.69992 11.1328 19.0337 27.7334  0.0501238 -0.0166936 -0.0113611 0 0 0   -0.011 -0.02329  0.04412  0.0582227  0.0466374 -0.0214954 -0.00295044  0.00731617   0.0237789  0.0297548 -0.0151424  0.0125837 -1.87811 -1.94437 -9.42914 
             3.80001 10.8788 20.2164 27.0926  0.0529231 -0.0148959 -0.0104885 0 0 0   -0.011 -0.02329  0.04412  0.0176288  0.0159651 0.00243321 -0.00299782  0.00714173   0.0234724  0.0325706 -0.0171813  0.0113723 -1.87697 -1.94735 -9.42875 
             3.90002 10.6799 19.8107 26.7722  0.0540165 -0.0186271 -0.0111618 0 0 0   -0.011 -0.02329  0.04412 -0.0145676 -0.0236242   0.016269 -0.00295424  0.00713113   0.0231145 0.0350737 -0.014233 0.0124063 -1.87399 -1.94781 -9.42925 
             4.00001 10.6542 18.5717 26.5251 0.0466369 -0.023441 -0.011196 0 0 0   -0.011 -0.02329  0.04412  -0.047288 -0.0371834  0.0154748 -0.00301627  0.00716668   0.0227436   0.036003 -0.0165571  0.0159469 -1.87645   -1.951  -9.4281 
             4.09993 10.4287 17.5438 26.1746   0.0397972   -0.020955 -0.00970367 0 0 0   -0.011 -0.02329  0.04412 -0.0430664 -0.0020049 0.00676122 -0.00300071  0.00712025   0.0224294  0.0321238 -0.0197844  0.0163488 -1.88102 -1.94973 -9.42745 
                 4.2 9.94634  17.952 25.7405  0.0403207 -0.0170624 -0.0130266 0 0 0   -0.011 -0.02329  0.04412  0.0125868  0.0295455 -0.0202769 -0.00300389  0.00702977   0.0220946  0.0283626 -0.0172239  0.0174905 -1.88209 -1.94599 -9.42801 
                 4.3 9.56728 19.4807 25.0751  0.0430915 -0.0176432 -0.0174082 0 0 0   -0.011 -0.02329  0.04412  0.0399487  0.0187647 -0.0339218 -0.00285169  0.00676624   0.0218342  0.0301596 -0.0155496   0.018939 -1.88071 -1.94726 -9.42802 
             4.39991 9.55785 20.6577 24.3965  0.0470692  -0.012037 -0.0184397 0 0 0   -0.011 -0.02329  0.04412  0.0197154  0.0140728 -0.0140456 -0.00298264  0.00664992   0.0215355  0.0279666 -0.0170713  0.0172601 -1.88207 -1.94549 -9.42812 
             4.49999 9.50066 20.4812  24.066  0.0503762 -0.0144989 -0.0164448 0 0 0   -0.011 -0.02329  0.04412 -0.00595337  -0.0123715   0.0130553 -0.00294348  0.00654035   0.0212332  0.0303633 -0.0153955  0.0148647 -1.87851 -1.94598 -9.42872 
             4.59993 9.52462 19.3085 24.0671   0.0457166  -0.0136331 -0.00958828 0 0 0   -0.011 -0.02329  0.04412  -0.0251994 -0.00913648   0.0321906 -0.00296478  0.00651438   0.0209762  0.0316695 -0.0198144  0.0125108  -1.8798 -1.94774 -9.42811 
             4.70001 9.50544 18.5055 24.0215   0.0419117  -0.0158317 -0.00797508 0 0 0   -0.011 -0.02329  0.04412   -0.00289 0.00146659  0.0157552 -0.00298333  0.00644063   0.0206429  0.0323622 -0.0201689  0.0140327 -1.88058 -1.94911 -9.42767 
             4.79989 9.20601 19.1138 23.7536  0.0455624 -0.0172154 -0.0149532 0 0 0   -0.011 -0.02329  0.04412  0.0464673  0.0169711 -0.0273865 -0.00288767  0.00635237   0.0203726 0.0300959 -0.015911 0.0182553 -1.88084 -1.94776 -9.42789 
             4.90002 8.90023 20.6771 23.3502  0.0540834 -0.0100772 -0.0192001 0 0 0   -0.011 -0.02329  0.04412  0.0693595   0.034408 -0.0368648 -0.00288238  0.00621357   0.0201197  0.0268546 -0.0156086  0.0178201 -1.88164 -1.94458 -9.42839 
             4.99994 8.71314 22.0089 22.7498  0.0579755 -0.0070275 -0.0244232 0 0 0   -0.011 -0.02329  0.04412  0.0393537  0.0185492 -0.0278762 -0.00290944  0.00609696   0.0198544  0.0260581 -0.0159749  0.0197537 -1.88331 -1.94471 -9.42803 
             5.09992 8.37087 22.0395 21.8608   0.0579773 -0.00345624   -0.024309 0 0 0   -0.011 -0.02329  0.04412  0.00102228   0.0103997 -0.00402072 -0.00300146  0.00603239   0.0196479  0.0258997 -0.0182207  0.0191729  -1.8847 -1.94484 -9.42773 
             5.19998 8.13858  21.531  21.693   0.0575697 -0.00090762   -0.019221 0 0 0   -0.011 -0.02329  0.04412 0.00534014  0.0112048  0.0107012 -0.00302524  0.00608308   0.0193759  0.0275656 -0.0205501  0.0161739 -1.88404 -1.94537 -9.42775 
             5.29989 8.12794 21.5277 21.8886    0.0575738 -0.000884359   -0.0201998 0 0 0   -0.011 -0.02329  0.04412   0.0209278   0.0051694 -0.00203912 -0.00301887  0.00601443   0.0190645  0.0273656 -0.0203696  0.0175297 -1.88485 -1.94587 -9.42748 
             5.39988 8.23598 22.0347  21.747   0.0592846 -0.00140147  -0.0196465 0 0 0   -0.011 -0.02329  0.04412     0.027279  -0.00292429 -0.000179709 -0.00301243  0.00585492   0.0188115  0.0281149 -0.0207539  0.0173661 -1.88484 -1.94648 -9.42736 
              5.4998  8.4291 22.4955 21.7205   0.0611777 -0.00601053  -0.0191119 0 0 0   -0.011 -0.02329  0.04412  0.0141902 -0.0179334 0.00645962 -0.00300257  0.00575028   0.0186147  0.0296458 -0.0199132  0.0175122   -1.884 -1.94798 -9.42722 
             5.59992 8.44749  22.415 22.1764   0.0669462 -0.00642748  -0.0192213 0 0 0   -0.011 -0.02329  0.04412   0.0136228 -0.00915483   0.0108395 -0.00301908  0.00568902   0.0183582 0.0281346 -0.018177 0.0166978 -1.88241 -1.94616 -9.42791 
             5.69994 8.39898 22.2678 22.6743   0.0657991 -0.00339728  -0.0224255 0 0 0   -0.011 -0.02329  0.04412  0.00898834  0.00198605 -0.00562201 -0.00301443  0.00567218   0.0180775  0.0252713 -0.0190092  0.0193241  -1.8855 -1.94502 -9.42753 
             5.79997 8.37144 22.4015 22.6884   0.0656223 -0.00668503  -0.0232089 0 0 0   -0.011 -0.02329  0.04412   0.0108412 -0.00956867 -0.00995844 -0.00295913  0.00555939   0.0178857  0.0264175 -0.0186158  0.0198501 -1.88537  -1.9464 -9.42727 
             5.90002 8.31449 22.7404 22.5476   0.0683072 -0.00593847  -0.0212746 0 0 0   -0.011 -0.02329  0.04412    0.0174537  -0.00332833 -4.71035e-05 -0.00297458  0.00547484   0.0176544  0.0272137 -0.0193015   0.017931 -1.88429 -1.94595 -9.42758 
              5.9998 8.18812 23.0888 22.5082   0.0724153 -0.00440319  -0.0219384 0 0 0   -0.011 -0.02329  0.04412   0.0201839 -0.00127948  0.00194921 -0.00295404  0.00541656    0.017473  0.0260071 -0.0187336  0.0176013 -1.88398 -1.94461 -9.42791 
             6.09983 8.20825 23.2532  22.636   0.0717574 -0.00376382  -0.0199484 0 0 0   -0.011 -0.02329  0.04412  0.00479256 -0.00537181   0.0107472 -0.00295329  0.00533931   0.0172566  0.0265879 -0.0201509  0.0173098 -1.88464 -1.94505 -9.42769 
             6.19986 8.22043 23.2783 22.7181   0.0730623 -0.00241152  -0.0201539 0 0 0   -0.011 -0.02329  0.04412  0.00512202 -0.00158361  0.00873981 -0.00294426  0.00529193   0.0170284  0.0253286 -0.0199962   0.017611 -1.88512 -1.94412 -9.42779 
             6.29996 8.20128 23.1857 22.7007   0.0723897 -0.00123832    -0.02087 0 0 0   -0.011 -0.02329  0.04412 0.00243936 0.00105756 0.00435273 -0.00298943  0.00525631   0.0168372  0.0242887 -0.0203291   0.018549 -1.88631 -1.94387  -9.4276 
             6.39998 8.19066 23.1794 22.7276  0.0719688 0.00134658 -0.0250279 0 0 0   -0.011 -0.02329  0.04412 0.00354522  0.0107076 -0.0123616 -0.00299322  0.00519988    0.016612  0.0216297 -0.0201487  0.0206191 -1.88842 -1.94299 -9.42736 
             6.49985 8.10087 23.3439 22.7394    0.0712462 -0.000827639   -0.0258961 0 0 0   -0.011 -0.02329  0.04412 0.00202752 -0.0018869 -0.0106523 -0.00295309  0.00514593   0.0164334  0.0227745 -0.0199447  0.0209144 -1.88809  -1.9442 -9.42718 
             6.59994 8.12541 23.5372 22.8796    0.0723258 -0.000661361   -0.0232361 0 0 0   -0.011 -0.02329  0.04412  0.00387014 -0.00675495  0.00384144 -0.0029363 0.00508431  0.0162254 0.0241492 -0.020579 0.0191444 -1.88693 -1.94417 -9.42742 
             6.70003 8.23758 23.5952 23.0224   0.0702402 -0.00407655  -0.0227675 0 0 0   -0.011 -0.02329  0.04412 -0.00387356  -0.0182377  0.00604738 -0.00293116  0.00498603   0.0160427  0.0249511 -0.0208117  0.0198398 -1.88728 -1.94541 -9.42709 
              6.7998 8.28405 23.6209 23.0256   0.0718135 -0.00514788  -0.0210602 0 0 0   -0.011 -0.02329  0.04412 0.000473306  -0.0179656   0.0106573 -0.00292387  0.00495084   0.0158606  0.0250384 -0.0205689  0.0188956 -1.88647 -1.94476 -9.42739 
             6.89979 8.31309 23.6127 22.9752   0.0697308 -0.00442074  -0.0255192 0 0 0   -0.011 -0.02329  0.04412  -0.0043687  -0.0136879 -0.00649422 -0.00296688  0.00489167   0.0156787  0.0220614 -0.0206479  0.0215036 -1.88925 -1.94415 -9.42696 
             6.99982 8.38521 23.6789 22.8902   0.0666844 -0.00201617   -0.030443 0 0 0   -0.011 -0.02329  0.04412  -0.0108436 -0.00189541  -0.0213725 -0.00297311  0.00483313   0.0155052  0.0194178 -0.0213913  0.0236015 -1.89207 -1.94353 -9.42652 
             7.09986  8.4328   23.71 22.8588   0.0672353 -8.2937e-05   -0.029381 0 0 0   -0.011 -0.02329  0.04412 -0.00534304  0.00506831  -0.0116927 -0.00298641  0.00481021   0.0153054  0.0201014 -0.0219286  0.0218735  -1.8911 -1.94286 -9.42685 
             7.19653 8.45041 23.8182  22.841    0.0674101 -0.000322353   -0.0237442 0 0 0   -0.011 -0.02329  0.04412  -0.00249048 -0.000526233    0.0129372 -0.00298417  0.00472719   0.0151361  0.0229835 -0.0229394  0.0191538   -1.889 -1.94338 -9.42717 
             7.29988 8.44347 23.9136 22.8209   0.069414 -0.0074424 -0.0239288 0 0 0   -0.011 -0.02329  0.04412 0.00636333 -0.0287101 0.00977923 -0.00291097  0.00466646    0.014983  0.0238709 -0.0208112  0.0196677 -1.88751 -1.94434 -9.42726 
             7.39989  8.5304 23.9993 22.7403  0.0717763 -0.0106934 -0.0206383 0 0 0   -0.011 -0.02329  0.04412  0.0112702 -0.0335465  0.0184071 -0.00291776  0.00460383    0.014791 0.0246949 -0.020751 0.0185039  -1.8864 -1.94416 -9.42752 
             7.49974 8.54042 24.0341 22.6206  0.0734413 -0.0135326  -0.024836 0 0 0   -0.011 -0.02329  0.04412   0.0112508  -0.0349601 3.75932e-06 -0.00289828  0.00456276   0.0146261  0.0220406 -0.0195538  0.0206162 -1.88794 -1.94339 -9.42738 
             7.59977 8.61042  24.004 22.5811 0.0711705 -0.012791 -0.019508 0 0 0   -0.011 -0.02329  0.04412 6.88499e-05  -0.0229921   0.0182576 -0.00292665  0.00454023   0.0144897  0.0232571 -0.0222312  0.0191689 -1.88837 -1.94351 -9.42726 
             7.69986 8.59317 24.1377 22.6267  0.0682627 -0.0113607 -0.0160383 0 0 0   -0.011 -0.02329  0.04412 -0.00467176 -0.00652275   0.0230464 -0.00293149  0.00445385   0.0143243  0.0233142 -0.0239811   0.018998 -1.88944 -1.94352 -9.42705 
             7.79985 8.57307 24.3314 22.6187  0.0667739 -0.0170641 -0.0161964 0 0 0   -0.011 -0.02329  0.04412 -0.00665675  -0.0273306   0.0147402 -0.00290895  0.00440684   0.0141773  0.0234289 -0.0229593  0.0203015 -1.88965 -1.94458 -9.42679 
             7.89981 8.57974 24.5638 22.5826  0.0685815 -0.0160788 -0.0207148 0 0 0   -0.011 -0.02329  0.04412  0.00246431  -0.0141403 -0.00530147 -0.00288603  0.00432873   0.0139926  0.0202151 -0.0219119  0.0217595 -1.89105 -1.94287 -9.42686 
             7.99989 8.57821 24.7801 22.4966  0.0680825 -0.0184084 -0.0209286 0 0 0   -0.011 -0.02329  0.04412 -0.00268765  -0.0220437  -0.0013484 -0.00289897  0.00429553   0.0138531  0.0204702 -0.0219773  0.0218122 -1.89106 -1.94314  -9.4268 
             8.09989 8.63461 24.8894  22.373  0.0717028 -0.0243151 -0.0255039 0 0 0   -0.011 -0.02329  0.04412 0.00859624 -0.0331044 -0.0154797 -0.00286815   0.0042283   0.0136897  0.0192642 -0.0195926  0.0227814 -1.89056 -1.94281 -9.42697 
             8.19993 8.61768 24.8625 22.1078  0.0727389 -0.0205918  -0.023503 0 0 0   -0.011 -0.02329  0.04412  0.00834126  -0.0060222 -0.00381906 -0.00291939  0.00423898   0.0135591  0.0193393 -0.0213339  0.0212209 -1.89051 -1.94163 -9.42722 
             8.29991 8.54918 24.8591 21.8938  0.0712523  -0.020061 -0.0208455 0 0 0   -0.011 -0.02329  0.04412 0.00222597 0.00195243 0.00597351 -0.00289723  0.00418609   0.0134176  0.0204964 -0.0225804  0.0205973 -1.89048  -1.9421 -9.42713 
             8.39992 8.52171 24.8273 21.7826   0.069391 -0.0186806 -0.0234545 0 0 0   -0.011 -0.02329  0.04412 -0.00163591  0.00960383 -0.00556297 -0.0029234 0.00416598   0.013257  0.0191791 -0.0226692  0.0219477 -1.89204 -1.94209 -9.42682 
              8.4999 8.47512 24.8443   21.68  0.0725376 -0.0167092 -0.0265865 0 0 0   -0.011 -0.02329  0.04412  0.0133985  0.0169362 -0.0147004 -0.00290895  0.00411377   0.0130947  0.0179297 -0.0217411   0.022188 -1.89196 -1.94127   -9.427 
             8.59992 8.41848 24.8344 21.5961  0.0742284 -0.0140072 -0.0270232 0 0 0   -0.011 -0.02329  0.04412 0.0161124 0.0247346 -0.011682 -0.00292009  0.00408053   0.0129708  0.0182132 -0.0220033  0.0217622 -1.89169 -1.94114 -9.42709 
             8.69982 8.33239 24.8604  21.673  0.0739183   -0.01318 -0.0278202 0 0 0   -0.011 -0.02329  0.04412  0.0136125  0.0229573 -0.0117668 -0.00290201  0.00405588    0.012831  0.0187929 -0.0221393  0.0220454 -1.89193 -1.94185 -9.42689 
             8.79976  8.2762 24.9997 21.8537   0.074009 -0.0100145 -0.0284255 0 0 0   -0.011 -0.02329  0.04412  0.0106849  0.0252289 -0.0108206 -0.0028959 0.00398935  0.0126818  0.0190105 -0.0226536  0.0220111 -1.89219 -1.94193 -9.42682 
             8.89985 8.14917 25.1218 21.9643  0.0699824 -0.0155119 -0.0286758 0 0 0   -0.011 -0.02329  0.04412  -0.00464785 -0.000639699  -0.00441301 -0.00283852  0.00387478   0.0125523   0.020702 -0.0222893  0.0229523 -1.89257  -1.9442 -9.42628 
             8.99977 8.09901 25.1844  22.055  0.0716697 -0.0077877 -0.0305171 0 0 0   -0.011 -0.02329  0.04412  0.00157064   0.0199169 -0.00997551 -0.00290645  0.00388434   0.0124155  0.0188884 -0.0230449  0.0227056 -1.89314 -1.94232 -9.42655 
             9.09985 7.93162 25.3607 22.1763   0.0764333 -0.00874531  -0.0280421 0 0 0   -0.011 -0.02329  0.04412  0.0158797 0.00558163 0.00184738 -0.00286745  0.00383594   0.0122958 0.0203957 -0.022261 0.0210194 -1.89082 -1.94231 -9.42702 
             9.19991 7.76035  25.557 22.3305   0.0808684 -0.00868071  -0.0311789 0 0 0   -0.011 -0.02329  0.04412   0.0206985 -0.00543511 -0.00619564 -0.00280769  0.00379439   0.0121928  0.0189585 -0.0211622  0.0215871  -1.8909 -1.94171 -9.42713 
             9.29983 7.81388  25.557 22.4957  0.0771273 -0.0060386 -0.0320253 0 0 0   -0.011 -0.02329  0.04412 -0.000600109  -0.00149801  -0.00423411 -0.00284226  0.00374408   0.0120654  0.0184343 -0.0227618  0.0224484 -1.89281  -1.9419 -9.42671 
             9.39988 7.83526  25.487 22.5143    0.0774383 -0.000727939    -0.027098 0 0 0   -0.011 -0.02329  0.04412 0.00221428  0.0174923  0.0129751 -0.00286848  0.00371751   0.0119383  0.0195746 -0.0242282  0.0205867 -1.89203 -1.94099 -9.42705 
             9.49972   7.761 25.5167 22.4931   0.0794136 -0.00107536  -0.0277385 0 0 0   -0.011 -0.02329  0.04412  0.0131977  0.0129846 0.00421024 -0.00285342  0.00368117   0.0118009  0.0191979 -0.0233707  0.0209913 -1.89187 -1.94111 -9.42706 
             9.60015 7.74045 25.6745  22.521  0.0815735 0.00211848 -0.0281413 0 0 0   -0.011 -0.02329  0.04412  0.0178838  0.0156904 0.00190585 -0.00286444  0.00365247   0.0116705  0.0185276 -0.0234306  0.0210421 -1.89217 -1.94061  -9.4271 
             9.69932 7.70705 25.7898 22.4749  0.0813586  0.0022384 -0.0285802 0 0 0   -0.011 -0.02329  0.04412   0.008338 0.00685255 0.00162226 -0.00285165  0.00360278   0.0115564 0.0184601  -0.02356 0.0216041 -1.89266 -1.94111  -9.4269 
              9.7997 7.67549 25.8495 22.4116  0.0832214 0.00241125 -0.0286332 0 0 0   -0.011 -0.02329  0.04412  0.0111543 0.00080752 0.00250805 -0.00284339  0.00356703   0.0114466  0.0183418 -0.0232762  0.0215552 -1.89248 -1.94097 -9.42696 
             9.89976 7.72367 25.8734 22.4001  0.0846538 0.00196049 -0.0345994 0 0 0   -0.011 -0.02329  0.04412   0.0103892 -0.00469373  -0.0171255 -0.00284129  0.00356025   0.0113318  0.0160772 -0.0224454    0.02322 -1.89383 -1.94084 -9.42672 
             9.99986 7.77082 25.9066 22.3976  0.0856264 0.00143063 -0.0346805 0 0 0   -0.011 -0.02329  0.04412  0.00758757 -0.00392302  -0.0110314 -0.00283724  0.00350953   0.0112028  0.0166418 -0.0226036  0.0228005 -1.89346 -1.94086 -9.42679 
             10.0998 7.79958 25.9056 22.4288  0.0870088 0.00281992 -0.0297348 0 0 0   -0.011 -0.02329  0.04412   0.00732497 -0.000150742    0.0104407 -0.00285681  0.00347443   0.0110961  0.0184854 -0.0233607  0.0210228 -1.89212 -1.94049 -9.42714 
             10.1998 7.82213 25.8896  22.521   0.0827665 0.000797703  -0.0298447 0 0 0   -0.011 -0.02329  0.04412 -0.0106296 -0.0077997 0.00820476 -0.00284417  0.00342206   0.0109768  0.0184339 -0.0239188  0.0221357 -1.89328 -1.94158 -9.42668 
             10.2998 7.83412 25.8728 22.6408  0.0833505 0.00273316 -0.0273032 0 0 0   -0.011 -0.02329  0.04412 -0.00712342  0.00114829   0.0145103 -0.00283692  0.00339558   0.0108644  0.0186185 -0.0241356  0.0213133 -1.89279 -1.94087 -9.42692 
             10.3998  7.7876  25.833 22.7572    0.0822906 -0.000410909   -0.0302973 0 0 0   -0.011 -0.02329  0.04412 -0.00823366  -0.0116677 0.000748882 -0.00281801  0.00334904   0.0107453 0.0174728 -0.023271 0.0226704 -1.89356 -1.94138 -9.42666 
             10.4998 7.73495 25.8108 22.7994  0.0827264 -0.0026058 -0.0310638 0 0 0   -0.011 -0.02329  0.04412  -0.00158649   -0.0176941 -0.000904667 -0.00281227  0.00330902   0.0106561  0.0172711 -0.0228453  0.0227786 -1.89343 -1.94133  -9.4267 
             10.5998 7.76952 25.8051  22.875   0.0789144 0.000314777  -0.0338869 0 0 0   -0.011 -0.02329  0.04412 -0.0124406 -0.0060955 -0.0108312 -0.00284014  0.00328457   0.0105362  0.0156464 -0.0239253  0.0237813 -1.89542 -1.94109 -9.42635 
             10.6998 7.76347  25.838 22.9479  0.0815117 0.00470226  -0.031938 0 0 0   -0.011 -0.02329  0.04412    0.0019298   0.00894232 -0.000706311 -0.00283235  0.00325573   0.0104258  0.0158865 -0.0241677  0.0222297 -1.89449 -1.93969 -9.42682 
             10.7999    7.76 25.8908 22.9896  0.0802679 0.00352497  -0.028687 0 0 0   -0.011 -0.02329  0.04412 -0.000134791  -0.00240692    0.0107891 -0.00284659  0.00323002   0.0103435  0.0173587 -0.0246169  0.0216852 -1.89387 -1.94031 -9.42682 
             10.8997 7.76701 25.9591 23.0498   0.0808612 0.000703085  -0.0281556 0 0 0   -0.011 -0.02329  0.04412 0.00571927 -0.0128572 0.00985916 -0.00281326  0.00318766   0.0102356 0.0175498  -0.02417 0.0218842 -1.89361 -1.94063 -9.42681 
             10.9997 7.79346 26.0184 23.0175   0.0783964 -0.00440945  -0.0289675 0 0 0   -0.011 -0.02329  0.04412 -0.00355765  -0.0278347  0.00518116 -0.00281434  0.00315719   0.0101366  0.0175606 -0.0241554  0.0229233  -1.8942 -1.94171 -9.42647 
             11.0997 7.85985 26.0673 22.9739   0.0797185 -0.00592129  -0.0285475 0 0 0   -0.011 -0.02329  0.04412 0.00401292 -0.0288136 0.00437465 -0.0028154 0.00311464  0.0100228  0.0172904 -0.0240112  0.0226527 -1.89406 -1.94121  -9.4266 
             11.1998  7.9848 26.1646  22.925   0.0794905 -0.00640206  -0.0272509 0 0 0   -0.011 -0.02329  0.04412 -3.59533e-05   -0.0228469   0.00898778 -0.00282257  0.00308348  0.00993299  0.0171974 -0.0245146  0.0224142  -1.8943 -1.94094  -9.4266 
             11.2998 8.09117 26.1768 22.8694   0.0796796 -0.00929655  -0.0249342 0 0 0   -0.011 -0.02329  0.04412 -0.00204696  -0.0258893   0.0174485 -0.00281482  0.00305522  0.00983959  0.0176739 -0.0245117  0.0221042 -1.89391 -1.94098 -9.42667 
             11.3999 8.19048 26.1458 22.8222   0.0771431 -0.00719847  -0.0233657 0 0 0   -0.011 -0.02329  0.04412    -0.01314 -0.00622063   0.0128594 -0.00280425   0.0030131  0.00975537  0.0170379 -0.0254567   0.022187 -1.89486 -1.94065 -9.42655 
             11.4999 8.18585 26.0889 22.8316   0.0787037 -0.00944058   -0.024804 0 0 0   -0.011 -0.02329  0.04412 -0.00387417 -0.00591696  0.00453281 -0.00278898  0.00301004  0.00964455  0.0163936 -0.0243788   0.022521 -1.89465 -1.94044 -9.42664 
             11.5997 8.16462 26.0406 22.8804  0.0809097 -0.0103034 -0.0222526 0 0 0   -0.011 -0.02329  0.04412 0.00731167 -0.0110142  0.0145789 -0.0027628  0.0029847 0.00955623 0.0169806 -0.024131  0.021778 -1.89375 -1.94011 -9.42689 
             11.6997 8.30207 25.9194 22.8587   0.0816892 -0.00981963  -0.0230135 0 0 0   -0.011 -0.02329  0.04412  0.00669486 -0.00388636  0.00540104 -0.00279764  0.00296051  0.00944695  0.0160185 -0.0240599  0.0221999 -1.89439 -1.93979 -9.42682 
             11.7998 8.25524 25.8286 22.7908  0.0786763 -0.0120856  -0.025674 0 0 0   -0.011 -0.02329  0.04412 -0.00325693 -0.00414245  -0.0074497 -0.00277559  0.00293687   0.0093635 0.0154018 -0.024095 0.0234627 -1.89554 -1.94059 -9.42643 
             11.8998  8.2571 25.8328 22.8624  0.0752042 -0.0146427 -0.0288122 0 0 0   -0.011 -0.02329  0.04412 -0.0131227 -0.0108767 -0.0152997 -0.00275093  0.00288088  0.00928947  0.0149875 -0.0241267  0.0244988 -1.89645 -1.94131  -9.4261 
             11.9996 8.26452 25.7419 22.8992 0.0760792 -0.011757 -0.027177 0 0 0   -0.011 -0.02329  0.04412 -0.00430268  0.00414534 -0.00507562 -0.00275374  0.00287432  0.00916879  0.0153845 -0.0245869  0.0233756 -1.89579 -1.94053 -9.42639 
             12.0998 8.21828 25.7143  22.862  0.0746982 -0.0119565 -0.0255033 0 0 0   -0.011 -0.02329  0.04412 -0.00452021  0.00141217  0.00114965 -0.00276639  0.00283785  0.00909178  0.0161551 -0.0249736  0.0230452  -1.8955 -1.94084 -9.42638 
             12.1998 8.15306  25.723 22.8616  0.0748378 -0.0131752 -0.0259565 0 0 0   -0.011 -0.02329  0.04412  0.000469607 -2.20263e-05  -0.00189064 -0.00273086  0.00279889  0.00899105  0.0161888 -0.0246728  0.0231708 -1.89539 -1.94097 -9.42638 
             12.2998 8.13611 25.7596  22.807   0.0727916 -0.00834352  -0.0272157 0 0 0   -0.011 -0.02329  0.04412  -0.0056502     0.01346 -0.00536841 -0.0027823 0.00278236 0.00890649  0.0152425 -0.0254947  0.0234959  -1.8965 -1.94057 -9.42624 
             12.3998 8.10046  25.806 22.7871   0.0743958 -0.00586405  -0.0241805 0 0 0   -0.011 -0.02329  0.04412 0.00186553  0.0165083 0.00692449 -0.00276111   0.0027468  0.00882914 0.0160598 -0.025677 0.0224267 -1.89557 -1.94022  -9.4265 
             12.4997 8.06695 25.8489 22.7747   0.0762221 -0.00787508  -0.0250104 0 0 0   -0.011 -0.02329  0.04412 0.00768995  0.0028154  0.0030551 -0.00274727  0.00270866  0.00875261   0.016027 -0.0248311   0.022721 -1.89524 -1.94043 -9.42652 
             12.5998 8.08495 25.8662 22.8248  0.0754403 -0.0101357 -0.0286365 0 0 0   -0.011 -0.02329  0.04412  0.00119805 -0.00650209   -0.010199 -0.00275171  0.00268115  0.00864496  0.0152488 -0.0243828  0.0238408 -1.89601 -1.94086 -9.42628 
             12.6997 8.04476 25.8697 22.8507   0.0731942 -0.00698697  -0.0298123 0 0 0   -0.011 -0.02329  0.04412 -0.00768115  0.00533061 -0.00934358 -0.00274766   0.0026557  0.00855659  0.0147667 -0.0251698  0.0240024 -1.89681 -1.94066 -9.42616 
             12.7998 8.02562 25.8563 22.8977   0.0738899 -0.00756254  -0.0283752 0 0 0   -0.011 -0.02329  0.04412 -0.00132952 -0.00238599 -0.00049142 -0.0027409 0.00265318  0.0084971  0.0155181 -0.0250881  0.0233763 -1.89605 -1.94065 -9.42631 
             12.8998 8.03238 25.8675 22.9312   0.0722858 -0.00554571  -0.0274004 0 0 0   -0.011 -0.02329  0.04412 -0.00703006   0.0048248  0.00405355 -0.00273839  0.00260186  0.00838748  0.0155477 -0.0256787   0.023245 -1.89633 -1.94056 -9.42627 
             12.9996 8.00604 25.9222 22.8782   0.0759089 -0.00667185  -0.0253661 0 0 0   -0.011 -0.02329  0.04412   0.0192815 0.000152169  0.00330484 -0.00274997  0.00257942  0.00832749  0.0161496 -0.0250421  0.0224803 -1.89518 -1.94026 -9.42657 
             13.0997  7.8416 27.1048 22.3998   0.0842379 -0.00692482  -0.0267987 0 0 0   -0.011 -0.02329  0.04412  0.0786962  0.0106035 -0.0210853 -0.00271911  0.00256673   0.0082443  0.0161038 -0.0242876  0.0221928 -1.89453 -1.93991 -9.42677 
             13.1998 7.78635 28.1938 22.1849   0.0894992 -0.00721754  -0.0309512 0 0 0   -0.011 -0.02329  0.04412  0.0213362 -0.0165566 0.00410693 -0.0027384 0.00250773 0.00820854 0.0153435 -0.024092 0.0229443 -1.89519 -1.94005 -9.42661 
             13.2998  8.0279 26.9454 22.9149   0.0825382 -0.00869629     -0.0281 0 0 0   -0.011 -0.02329  0.04412 -0.0530538 -0.0377123  0.0394353 -0.00274524  0.00245166  0.00812117    0.01535 -0.0251991  0.0234473 -1.89624 -1.94058 -9.42629 
             13.3999  8.1958 25.3326 23.0182  0.0753573 -0.0115049 -0.0219038 0 0 0   -0.011 -0.02329  0.04412 -0.0257625 -0.0259159  0.0243305 -0.00275496  0.00253801   0.0079787  0.0162994 -0.0260459  0.0231121 -1.89616 -1.94083 -9.42625 
             13.4997 8.10914 25.7503 22.3366   0.0788012 -0.00691662  -0.0243408 0 0 0   -0.011 -0.02329  0.04412  0.0380542  0.0235804 -0.0201135 -0.00274142  0.00256689  0.00789731  0.0147546 -0.0259363  0.0231262 -1.89669 -1.93974 -9.42637 
             13.5996  7.9588 26.8615   22.15   0.0825488 -0.00480452  -0.0319946 0 0 0   -0.011 -0.02329  0.04412  0.0150365  0.0186738 -0.0221331 -0.00273959  0.00251675  0.00785339  0.0129318 -0.0252059  0.0242818 -1.89778 -1.93968 -9.42616 
             13.6998 8.14861 26.3886 22.8109   0.079978 -0.0113701  -0.033269 0 0 0   -0.011 -0.02329  0.04412 -0.0418219 -0.0341882 0.00904158 -0.00270249  0.00247028   0.0077792   0.013485 -0.0246173  0.0248586 -1.89765 -1.94073 -9.42597 
             13.7996 8.45076 24.7912 23.3461  0.0748877 -0.0166279   -0.02827 0 0 0   -0.011 -0.02329  0.04412 -0.0427041  -0.040989  0.0165732 -0.00273177  0.00247556  0.00768752   0.014769 -0.0249036   0.024182  -1.8969 -1.94104 -9.42606 
             13.8998 8.41734 24.0076 23.1697  0.0710505  -0.015967 -0.0264075 0 0 0   -0.011 -0.02329  0.04412 -0.00447067 -0.00601067 -0.00646899 -0.0027238 0.00247839 0.00760227  0.0147984 -0.0256433  0.0239065 -1.89714 -1.94074 -9.42607 
             13.9996 8.24995 24.6785 22.8522  0.0734914  -0.012593 -0.0261463 0 0 0   -0.011 -0.02329  0.04412  0.0201851 0.00890542 -0.0118445 -0.00269136  0.00244285  0.00754128  0.0148234 -0.0259901  0.0233067 -1.89692 -1.94021 -9.42623 
             14.0997 8.44835 25.0742 23.1022   0.072219 -0.0134255 -0.0245573 0 0 0   -0.011 -0.02329  0.04412 -0.0116727 -0.0111162  0.0171727 -0.00268696  0.00235052  0.00748187   0.015388 -0.0264244  0.0232439 -1.89695 -1.94066 -9.42613 
             14.1996 8.66837 24.5897 23.4224  0.0737446 -0.0167348 -0.0227667 0 0 0   -0.011 -0.02329  0.04412 -0.0103539 -0.0176861  0.0203596 -0.00266211  0.00235776  0.00740722 0.0154108 -0.025633 0.0230461 -1.89631 -1.94045  -9.4263 
             14.2997 8.73305 24.4237 23.3528  0.0736306 -0.0157133 -0.0217088 0 0 0   -0.011 -0.02329  0.04412   0.0111507  0.00770845 0.000147051 -0.00269362  0.00235109  0.00731689  0.0151196 -0.0258251  0.0229933 -1.89651  -1.9402 -9.42631 
             14.3997 8.52134 25.0304 22.9285  0.0751437 -0.0153361 -0.0230696 0 0 0   -0.011 -0.02329  0.04412   0.022307  0.0134176 -0.0163018 -0.00267243   0.0023169  0.00726881  0.0151286 -0.0257061  0.0231768 -1.89653 -1.94031 -9.42628 
             14.4997 8.26983 25.6771 22.4588  0.0774875 -0.0129208 -0.0303671 0 0 0   -0.011 -0.02329  0.04412   0.025931  0.0224958 -0.0322367 -0.00268109  0.00228593  0.00720309  0.0138834 -0.0251168  0.0242679 -1.89731 -1.93991 -9.42621 
             14.5997 8.22066 26.6428 22.1106  0.0807193 -0.0105962 -0.0301261 0 0 0   -0.011 -0.02329  0.04412  0.00901795   0.0123483 -0.00910747 -0.00269779  0.00225608   0.0071425  0.0143295 -0.0253747  0.0236011 -1.89689 -1.93987  -9.4263 
             14.6996 8.26733 26.7098 22.3423  0.0792859 -0.0090273 -0.0282478 0 0 0   -0.011 -0.02329  0.04412 -0.0157598  0.0142237  0.0043225 -0.00269273   0.0022259  0.00708277  0.0147859 -0.0257929  0.0232633 -1.89676 -1.94002  -9.4263 
             14.7997 8.00543 26.3889  22.533   0.077923 -0.0124493  -0.031885 0 0 0   -0.011 -0.02329  0.04412 -0.0108741 0.00276108 -0.0121132 -0.00268221  0.00225501  0.00699288  0.0143262 -0.0248174  0.0241594   -1.897 -1.94043 -9.42617 
             14.8997  7.1954 26.2267 22.5083   0.0780011 -0.00731761  -0.0297186 0 0 0   -0.011 -0.02329  0.04412  0.0148946  0.0307296 -0.0093199 -0.00266609  0.00222621  0.00692181  0.014883 -0.025606  0.023372 -1.89663 -1.94005 -9.42632 
             14.9997 6.63002 26.6085 22.6416   0.0804403 -0.00385561  -0.0281621 0 0 0   -0.011 -0.02329  0.04412   0.0463538   0.0208186 -0.00603011 -0.00265953  0.00218474  0.00686107   0.015522 -0.0260123  0.0229332 -1.89631 -1.94005 -9.42638 
             15.0997 7.09916 27.3154 23.6058    0.082211 -0.00736242   -0.027992 0 0 0   -0.011 -0.02329  0.04412    0.043798 -0.00965078 -0.00510285 -0.0026381 0.00212517 0.00681268  0.0163046 -0.0260456  0.0231845 -1.89632 -1.94088 -9.42621 
             15.2029 8.36945 28.3263 25.0374   0.0845363 -0.00455805  -0.0325447 0 0 0   -0.011 -0.02329  0.04412 0.0140686 0.0343411 -0.015882 -0.00267475  0.00208694  0.00673568 0.0150313 -0.026288 0.0239291 -1.89735 -1.94079 -9.42602 
             15.2997 8.74236 29.0351 26.5673  0.0893147 0.00336767 -0.0343991 0 0 0   -0.011 -0.02329  0.04412  0.0281551  0.0841368 -0.0177752 -0.00270091  0.00207165  0.00666498  0.0147081 -0.0259356  0.0235746 -1.89708 -1.94013 -9.42621 
             15.3998 8.72544 30.5312 27.8351  0.0905742   0.011398 -0.0411421 0 0 0   -0.011 -0.02329  0.04412 9.99842e-05   0.0842344  -0.0385017 -0.00267158  0.00205838  0.00662562 0.0134144 -0.025782 0.0244596 -1.89802 -1.94043 -9.42596 
             15.4997 8.16282 31.4304 29.4337  0.0899718  0.0213746 -0.0412769 0 0 0   -0.011 -0.02329  0.04412  -0.015452  0.0693377 -0.0178121 -0.00269111  0.00198795  0.00656374  0.0141173 -0.0259884  0.0237823 -1.89749    -1.94 -9.42616 
             15.5997  8.4149 32.0307 32.3793   0.088635  0.0251717 -0.0351609 0 0 0   -0.011 -0.02329  0.04412 -0.0173424  0.0182168  0.0213424 -0.0026409 0.00196709 0.00650162  0.0170609 -0.0266461  0.0227039 -1.89527 -1.93999  -9.4266 
             15.6998 8.53963 32.0118 33.0457  0.0865237  0.0251484 -0.0334594 0 0 0   -0.011 -0.02329  0.04412 -0.00729141 -0.00260443   0.0253814 -0.00269665  0.00193026  0.00642398  0.0164186 -0.0269049  0.0229906 -1.89588 -1.94035 -9.42641 
             15.7997 7.82581 31.6972 32.5016  0.0873516  0.0207986 -0.0346801 0 0 0   -0.011 -0.02329  0.04412 0.00274356 -0.0167982  0.0158703 -0.00270004  0.00193173  0.00646848  0.0159649 -0.0257667  0.0236957 -1.89584 -1.94032 -9.42642 
             15.8996 6.39997 31.9274 30.9698  0.0874241  0.0208176 -0.0353139 0 0 0   -0.011 -0.02329  0.04412  0.0128434   -0.01783 0.00241381 -0.0027082 0.00192715 0.00644927  0.0145917 -0.0260936  0.0239538 -1.89705 -1.94076 -9.42609 
             15.9996 6.13048 31.7478 30.1904  0.0876248  0.0199622 -0.0359157 0 0 0   -0.011 -0.02329  0.04412  0.0130889  -0.037079 0.00447604 -0.00269471  0.00189857  0.00640177  0.0123425 -0.0258973  0.0238797 -1.89909 -1.94053 -9.42573 
             16.0997 6.34897 32.5265 29.8097  0.0859693  0.0190977 -0.0377616 0 0 0   -0.011 -0.02329  0.04412 -0.00404822    0.011418  -0.0154721 -0.00273982  0.00188622  0.00633903  0.0109646 -0.0278932  0.0245686 -1.90031 -1.94264 -9.42505 
             16.1996 4.39021 32.0993 28.3453  0.0836522  0.0220302 -0.0374108 0 0 0   -0.011 -0.02329  0.04412 -0.0303648  0.0430447 -0.0012231 -0.00273752  0.00187188  0.00627164  0.0109816 -0.0276194  0.0242945 -1.90038 -1.94218 -9.42512 
             16.2996  2.0205 31.7153 27.4305  0.0820634  0.0292738 -0.0348503 0 0 0   -0.011 -0.02329  0.04412  -0.032378  0.0511601 0.00916659 -0.00272611  0.00188118  0.00621941  0.0120471 -0.0266373  0.0233152 -1.89976 -1.94054 -9.42559 
             16.3997 0.59577 31.4795 27.0213 0.0817962 0.0335828 -0.035632 0 0 0   -0.011 -0.02329  0.04412  0.00622405   0.0391336 -0.00450103 -0.00271971  0.00186703  0.00615446  0.0117831 -0.0261169  0.0233569 -1.89982 -1.94021 -9.42564 
             16.4996 -0.0403941    32.1299    27.0882  0.0802396  0.0403535 -0.0382703 0 0 0   -0.011 -0.02329  0.04412  0.0330706  0.0426978 -0.0241624 -0.00272986  0.00180678    0.006072 0.00979051  -0.027337  0.0237363 -1.90161 -1.94125 -9.42507 
             16.5996 1.15483   33.05 27.6327  0.0797848  0.0421955 -0.0378287 0 0 0   -0.011 -0.02329  0.04412   0.0385889  0.00182621 -0.00968864 -0.00276428  0.00175673  0.00603734 0.00994808 -0.0287504  0.0238954 -1.90195 -1.94235 -9.42477 
             16.6996 2.62359 33.9271 28.4214  0.0834169  0.0395369 -0.0381644 0 0 0   -0.011 -0.02329  0.04412  0.0245619 -0.0100817 0.00118917 -0.0028107 0.00173396 0.00596452 0.0108323 -0.028861 0.0241933 -1.90107 -1.94288 -9.42484 
             16.7997 3.56931 34.4583 28.6675  0.0868797  0.0344475 -0.0428483 0 0 0   -0.011 -0.02329  0.04412  0.0297772  -0.022014 -0.0140079 -0.00280312  0.00174534  0.00590057 0.00951696 -0.0297297  0.0255359 -1.90108 -1.94493 -9.42442 
             16.8997 3.92505 35.1994 28.4367  0.0904114  0.0354028 -0.0408671 0 0 0   -0.011 -0.02329  0.04412   0.0307849 -0.00726763 -0.00687617 -0.00279564  0.00173502  0.00586449  0.0109806 -0.0287281  0.0244832 -1.90056 -1.94311  -9.4249 
             16.9995 4.32498  35.794 28.5614 0.0958223 0.0355137 -0.041812 0 0 0   -0.011 -0.02329  0.04412   0.0276177  -0.0108345 -0.00134476 -0.00278606   0.0017567  0.00582785  0.0109608 -0.0275439  0.0240474  -1.9005 -1.94183 -9.42517 
             17.0996 4.75182 36.0179 29.1039  0.0971432  0.0327038 -0.0444488 0 0 0   -0.011 -0.02329  0.04412   0.014869 -0.0158796 -0.0093622 -0.00278733  0.00173925  0.00576853 0.00982052 -0.0282975  0.0247601 -1.90111 -1.94319 -9.42477 
             17.1996 4.75975 35.8007 29.0992   0.098185  0.0319094 -0.0395995 0 0 0   -0.011 -0.02329  0.04412  0.0217815 -0.0190526  0.0098659 -0.00276712  0.00174115  0.00569642  0.0125201 -0.0280928  0.0239008 -1.89948 -1.94192 -9.42536 
             17.2998 4.75072 36.1083 29.0435  0.0944874  0.0322393 -0.0395101 0 0 0   -0.011 -0.02329  0.04412   0.0179558 -0.00588558 0.000224922 -0.0027666 0.00172324 0.00564336  0.0105525 -0.0306733  0.0246335 -1.90144 -1.94441 -9.42445 
             17.3996   4.539 36.5936 28.1876  0.0915194  0.0300708 -0.0390979 0 0 0   -0.011 -0.02329  0.04412 0.00766796 -0.0204827 0.00299026 -0.00277727  0.00167181  0.00559974 0.00987991 -0.0328097  0.0253812 -1.90216 -1.94668 -9.42384 
             17.4996 4.14803 36.8243 27.2552 0.0923312 0.0309593 -0.042571 0 0 0   -0.011 -0.02329  0.04412 0.000954876  0.00344624  -0.0130503 -0.0027865 0.00167007 0.00554983 0.00754396   -0.03259  0.0255173 -1.90396 -1.94677 -9.42346 
             17.5997 3.84232 36.9984 27.2437  0.0948076  0.0334649 -0.0434938 0 0 0   -0.011 -0.02329  0.04412 -0.0195335 0.00534172 0.00556107 -0.00279558  0.00167694  0.00549832 0.00773573 -0.0311115  0.0248555 -1.90376 -1.94498 -9.42387 
             17.6997 3.28993 36.4816 26.9779  0.0930149  0.0322047 -0.0422679 0 0 0   -0.011 -0.02329  0.04412  -0.0102178 -0.00588429  0.00319047 -0.00279334  0.00166801  0.00543508 0.00814745 -0.0310698  0.0248829 -1.90339   -1.945 -9.42394 
             17.7996 2.61628    36.1 26.3859  0.0942663  0.0346689 -0.0430003 0 0 0   -0.011 -0.02329  0.04412 -0.00239143   0.0093582 0.000583533 -0.00278113  0.00168591  0.00538961 0.00733992 -0.0301249  0.0243847 -1.90401 -1.94373 -9.42407 
             17.8996 1.49629 36.0075  26.049  0.0917905  0.0324911 -0.0397623 0 0 0   -0.011 -0.02329  0.04412 -0.00868543  0.00667688  0.00895121 -0.00276986  0.00163046  0.00534035 0.00937318 -0.0309365  0.0246202 -1.90258 -1.94453  -9.4242 
             17.9995 -0.321321   35.9742   25.7996  0.0865459  0.0369247 -0.0377904 0 0 0   -0.011 -0.02329  0.04412 -0.0143073  0.0371421  0.0032413 -0.00278028  0.00160545  0.00530104 0.00914651 -0.0322155  0.0247138 -1.90326 -1.94522 -9.42392 
             18.0995 -2.12315  36.1489  25.3967  0.0871144  0.0389333 -0.0421125 0 0 0   -0.011 -0.02329  0.04412 0.00336636  0.0277672 -0.0156907 -0.00272994  0.00158988  0.00523789 0.00716061 -0.0322183  0.0252356 -1.90432 -1.94606 -9.42353 
             18.1996 -3.21389  35.9795  25.1656  0.0889075  0.0428705 -0.0450781 0 0 0   -0.011 -0.02329  0.04412  -0.0026899  0.00696074 -0.00374911 -0.00272869   0.0015573  0.00519398 0.00609166 -0.0317972  0.0250777 -1.90499 -1.94557  -9.4235 
             18.2998 -3.12834  35.5577  25.0312  0.0871991  0.0414642 -0.0396915 0 0 0   -0.011 -0.02329  0.04412  0.0140304 -0.0439771  0.0258802 -0.00275622   0.0015247  0.00515669 0.00880965 -0.0314755   0.024547 -1.90359 -1.94459 -9.42398 
             18.3995 -0.100068   35.9007   26.6522 0.0872644 0.0355647  -0.03971 0 0 0   -0.011 -0.02329  0.04412  0.0316588 -0.0590933 0.00679298 -0.00279101  0.00151165  0.00507838 0.00687744 -0.0332192  0.0252356 -1.90496 -1.94651 -9.42331 
             18.4995 1.83407 36.2394 28.1453  0.0920166  0.0270716 -0.0403045 0 0 0   -0.011 -0.02329  0.04412   0.0247232  -0.0443804 -0.00872175 -0.00286427   0.0014923  0.00499849 0.00729956 -0.0329783  0.0255472 -1.90416 -1.94692 -9.42338 
             18.5997 1.98597 36.2931  28.015    0.09252  0.0270838 -0.0408976 0 0 0   -0.011 -0.02329  0.04412   0.0123965  -0.0229979 -0.00188734 -0.00287563  0.00146978  0.00491862 0.00655368 -0.0331699  0.0252771 -1.90508 -1.94656 -9.42327 
             18.6995 2.13558 36.2781 28.3438  0.0906196  0.0248958 -0.0361919 0 0 0   -0.011 -0.02329  0.04412 0.00922182  -0.018156  0.0114111 -0.0028334 0.00146907 0.00491612 0.00861705 -0.0334196  0.0249386 -1.90416 -1.94619 -9.42353 
             18.7996 2.08923 36.4613 28.3481  0.0918777  0.0264579 -0.0377867 0 0 0   -0.011 -0.02329  0.04412   0.0181092  0.00606518 -0.00795767 -0.00282787  0.00144139  0.00485752 0.00710721 -0.0336512  0.0249752 -1.90534 -1.94637 -9.42326 
             18.8995 1.76766 36.4165 27.9362  0.0964137  0.0257213 -0.0399871 0 0 0   -0.011 -0.02329  0.04412   0.0180588  0.00185397 -0.00973503 -0.00281082  0.00145076  0.00482872 0.00687087 -0.0327386  0.0249294 -1.90521  -1.9458  -9.4234 
             18.9995 1.27212  36.387 27.6852 0.0963288 0.0303025 -0.042029 0 0 0   -0.011 -0.02329  0.04412   0.0036937   0.0126248 -0.00951584 -0.00284232  0.00144616  0.00477836 0.00519988 -0.0329925   0.024717  -1.9068 -1.94566 -9.42311 
             19.0996 0.670526  36.2647  27.1889  0.0981713  0.0325524 -0.0406661 0 0 0   -0.011 -0.02329  0.04412  0.00950694  0.00955825 0.000655983 -0.00281651  0.00144373  0.00473911  0.0063128 -0.0321598  0.0241491 -1.90612 -1.94437 -9.42352 
             19.1996 0.727112  36.1948  27.4549  0.097302 0.0307191 -0.040425 0 0 0   -0.011 -0.02329  0.04412  0.00973232 -0.00684769  0.00187081 -0.00282326  0.00142373   0.0046817 0.00639741 -0.0330735  0.0246248 -1.90598 -1.94556  -9.4233 
             19.2997 1.02694  36.292 27.9255  0.0972093    0.02687 -0.0399201 0 0 0   -0.011 -0.02329  0.04412   0.0152612  -0.0133116 -0.00496825 -0.00281675  0.00140569  0.00463204 0.00700359   -0.03383  0.0250793 -1.90541 -1.94664 -9.42319 
             19.3996 0.741721  36.3913  28.0143  0.0961926  0.0292358 -0.0444154 0 0 0   -0.011 -0.02329  0.04412 -0.00157971   0.0117275  -0.0191743 -0.00282565  0.00139364  0.00458547 0.00434698 -0.0348137  0.0254803  -1.9074 -1.94776 -9.42255 
             19.4995 -0.225817   36.3794   27.5805  0.0949389  0.0303061 -0.0454773 0 0 0   -0.011 -0.02329  0.04412 -0.00775603   0.0146323  -0.0164424 -0.00280549   0.0013697  0.00454778 0.00469413 -0.0349855  0.0255026  -1.9072 -1.94788 -9.42257 
             19.5996 -0.83667  36.4021  27.6057  0.0916805  0.0344885 -0.0435171 0 0 0   -0.011 -0.02329  0.04412  -0.0128534   0.0207265 -0.00193604 -0.00281089   0.0013653  0.00451805 0.00552708 -0.0351944  0.0250107 -1.90716 -1.94729  -9.4227 
             19.6996 -1.41642   36.427  27.7822 0.0883366 0.0381735 -0.040893 0 0 0   -0.011 -0.02329  0.04412 -0.0359918  0.0287283  0.0134506 -0.00281443  0.00133022  0.00445109 0.00647513 -0.0353462  0.0246711 -1.90688 -1.94688 -9.42284 
             19.7995  -2.411 35.6909 27.6176  0.0862651   0.037438 -0.0375387 0 0 0   -0.011 -0.02329  0.04412  -0.0150449 -0.00750873   0.0240779 -0.0027984 0.00129724 0.00442162 0.00814778 -0.0347271  0.0246447 -1.90544 -1.94646 -9.42322 
             19.8995 -1.34365  35.7808  27.5238  0.0860168  0.0356284 -0.0374888 0 0 0   -0.011 -0.02329  0.04412  0.0251093 -0.0194262 0.00429333 -0.00278825  0.00129942  0.00437251 0.00693106 -0.0354382  0.0249543 -1.90625 -1.94733 -9.42288 
             19.9996 -0.410659   36.4865   27.7321  0.0848245  0.0353704 -0.0408934 0 0 0   -0.011 -0.02329  0.04412   0.0210134 -0.00142931  -0.0185313 -0.00284673  0.00124071  0.00431589 0.00463588  -0.037615  0.0257006 -1.90788 -1.94967 -9.42206 
             20.0995 0.155344  37.1387  28.1202  0.0887906  0.0399212 -0.0461449 0 0 0   -0.011 -0.02329  0.04412  0.0248854  0.0211355 -0.0308306 -0.00286363  0.00124396  0.00427233 0.00273804 -0.0371026  0.0254359 -1.90927 -1.94904 -9.42191 
             20.1994 0.294595  37.4604   28.033  0.0954458  0.0399733 -0.0470825 0 0 0   -0.011 -0.02329  0.04412  0.0363583  0.0146141 -0.0206814 -0.0028465 0.00125097 0.00422847  0.0045499 -0.0352837  0.0249499 -1.90781 -1.94728 -9.42257 
             20.2996 0.437616  37.6245  28.2977 0.0981835 0.0400971  -0.04586 0 0 0   -0.011 -0.02329  0.04412   0.0260763   0.0119595 -0.00534781 -0.00284776  0.00125599  0.00419322 0.00607855 -0.0350359  0.0247578 -1.90683 -1.94684 -9.42286 
             20.3995 0.716415  38.1396  29.2508   0.101073  0.0450468 -0.0469118 0 0 0   -0.011 -0.02329  0.04412  0.0357516  0.0393341 -0.0203179 -0.00284691  0.00124019  0.00414448 0.00564364  -0.034802  0.0243951 -1.90744 -1.94622 -9.42287 
             20.4995 0.0569996   38.9598   29.9848   0.104029  0.0524678 -0.0491934 0 0 0   -0.011 -0.02329  0.04412  0.037389  0.062087 -0.021911 -0.0028394 0.00122135 0.00409813 0.00520904 -0.0348566  0.0241988 -1.90799 -1.94599  -9.4228 
             20.5996 -0.154393   39.6494   31.0954   0.106341  0.0563586 -0.0530414 0 0 0   -0.011 -0.02329  0.04412  0.0387475    0.01477 -0.0106522 -0.00282059  0.00118992  0.00406035 0.00382991 -0.0358842  0.0246734 -1.90892 -1.94734 -9.42233 
             20.6996 0.475905   39.515  31.9174   0.108261  0.0539507 -0.0494612 0 0 0   -0.011 -0.02329  0.04412  0.0337489 -0.0110631  0.0179289 -0.00284756  0.00116024  0.00403156 0.00585157 -0.0365514  0.0248473 -1.90743 -1.94779 -9.42254 
             20.7996 0.981588  39.0578  31.8619   0.110801   0.054141 -0.0485267 0 0 0   -0.011 -0.02329  0.04412   0.0235252 -0.00615425   0.0178605 -0.00287235  0.00117923  0.00398648  0.0047962 -0.0367822  0.0248349 -1.90831 -1.94805 -9.42231 
             20.8995 1.22123 38.4894 31.4432   0.10743 0.0549834 -0.046521 0 0 0   -0.011 -0.02329  0.04412 -0.0122612  0.0106584   0.013319 -0.00290352  0.00117808   0.0039719 0.0037392 -0.038659 0.0251458 -1.90927 -1.94982 -9.42175 
             20.9995 1.33287 38.4298 32.0009   0.104126  0.0572226 -0.0429018 0 0 0   -0.011 -0.02329  0.04412 -0.0308468  0.0146956   0.024324 -0.00288376  0.00115276  0.00392909 0.00457307 -0.0388013  0.0249288 -1.90888 -1.94954 -9.42189 
             21.0995 1.71519 38.2987  33.386   0.103474  0.0608533 -0.0419001 0 0 0   -0.011 -0.02329  0.04412 -0.00171784   0.0152068   0.0114069 -0.00284018  0.00112293  0.00386404 0.00372163 -0.0377721   0.024486 -1.90977 -1.94846 -9.42193 
             21.1996 2.46967 38.7706  34.877   0.103141  0.0610132 -0.0435311 0 0 0   -0.011 -0.02329  0.04412  0.0105165 0.00284556 0.00250189 -0.00283838  0.00111428  0.00381244 0.00239272 -0.0387111  0.0250328 -1.91048 -1.94989 -9.42149 
             21.2996 2.84435 38.9443 35.8833   0.107012  0.0608115 -0.0440992 0 0 0   -0.011 -0.02329  0.04412   0.0139064  0.00457245 -0.00649822 -0.0028266 0.00107339 0.00376872 0.00288686 -0.0373738  0.0248392 -1.91002 -1.94867 -9.42184 
             21.3995 2.63785 39.2421 36.3736   0.107527  0.0582495 -0.0440175 0 0 0   -0.011 -0.02329  0.04412   0.0310223 -0.00748728  -0.0147644  -0.002818 0.00106519 0.00376395 0.00388598 -0.0386007  0.0253461 -1.90894 -1.94991  -9.4218 
             21.4995 3.99992 40.2389 37.8517    0.11262  0.0586858 -0.0459299 0 0 0   -0.011 -0.02329  0.04412  0.0750812 -0.0487744  -0.025669 -0.00282935   0.0010504  0.00371795  0.0032599 -0.0378852  0.0248383 -1.90981 -1.94901 -9.42181 
             21.5995 7.27388 41.0598 40.3615   0.118492  0.0580293 -0.0481019 0 0 0   -0.011 -0.02329  0.04412  0.0722567 -0.0252041 -0.0270783 -0.00285129  0.00103618  0.00368032 0.00153094 -0.0380712  0.0242408 -1.91177 -1.94894 -9.42143 
             21.6995 8.39677 41.5368 40.7634    0.12195  0.0532431 -0.0512882 0 0 0   -0.011 -0.02329  0.04412  0.0763901 -0.0302375 -0.0391222 -0.00288179  0.00103366  0.00364464 0.00137488 -0.0408602  0.0251906 -1.91128 -1.95192 -9.42091 
             21.7994 9.65134 42.4219 41.1243   0.131662  0.0467586 -0.0561301 0 0 0   -0.011 -0.02329  0.04412  0.0249796   -0.00911 -0.0128173 -0.00285406  0.00102544  0.00361973 0.00208775 -0.0404715  0.0255884 -1.91036  -1.9518 -9.42112 
             21.8995 9.08757 41.6162  41.867  0.133529 0.0423142 -0.056349 0 0 0   -0.011 -0.02329  0.04412   0.0063625  -0.0496604 -0.00183319 -0.00286226  0.00103659  0.00359655 0.00272503 -0.0397069  0.0256339 -1.90978 -1.95111 -9.42138 
             21.9994 8.02326 41.7235 42.1375   0.131505  0.0411894 -0.0539978 0 0 0   -0.011 -0.02329  0.04412   0.0104594   -0.031732 -0.00147174 -0.00282063  0.00105436  0.00353522  0.0026362 -0.0414369   0.025419 -1.90996 -1.95224 -9.42111 
             22.0995 7.00484 42.1509 42.0045   0.131011  0.0398896 -0.0502568 0 0 0   -0.011 -0.02329  0.04412  0.0241726 -0.0241005 0.00963378 -0.00279564 0.000978009  0.00352262 0.00332792 -0.0429495  0.0253113 -1.90936  -1.9531 -9.42105 
             22.1995 6.82539 42.3931 42.1045   0.133045  0.0406457 -0.0514424 0 0 0   -0.011 -0.02329  0.04412  0.00545917  -0.0221584 0.000558477 -0.00283236 0.000981978  0.00350589 0.000799444   -0.041617   0.0246463 -1.91204 -1.95215 -9.42071 
             22.2995  8.4284 41.8769 43.1333   0.134588  0.0395212 -0.0545906 0 0 0   -0.011 -0.02329  0.04412   0.0207057 -0.00572684 0.000510844 -0.00286234 0.000970288  0.00344506 -0.00176607  -0.0404255   0.0244367 -1.91444 -1.95172 -9.42031 
             22.3996  8.3817 41.8456 42.7833   0.136723   0.039987 -0.0541179 0 0 0   -0.011 -0.02329  0.04412   0.0293238   0.0129409 -0.00435258 -0.00289686 0.000980532  0.00339373 -0.00164626  -0.0404212   0.0243107 -1.91443 -1.95158 -9.42034 
             22.4996 7.99714 42.4838 42.7555   0.134397  0.0414657 -0.0522852 0 0 0   -0.011 -0.02329  0.04412  -0.015345  0.0361274 0.00688142 -0.00288386 0.000947404  0.00337046 -0.00105454  -0.0433295   0.0249765 -1.91334 -1.95422 -9.42001 
             22.5995 8.92263 42.5391 44.6491   0.131429  0.0428872 -0.0501658 0 0 0   -0.011 -0.02329  0.04412  -0.0215902 -0.00129553   0.0221584  -0.0028585 0.000929674  0.00334814 -0.000721523   -0.0443051    0.0252063 -1.91285 -1.95508 -9.41993 
             22.6995 10.0067 41.8699 46.3742  0.130671  0.045049 -0.052378 0 0 0   -0.011 -0.02329  0.04412  -0.0343919 -0.00943446   0.0250634 -0.00287236  0.00093813  0.00330679 -0.00372001  -0.0415351   0.0245621 -1.91599 -1.95319 -9.41969 
             22.7996 10.1325 40.8159 46.7002    0.12415  0.0402239 -0.0464128 0 0 0   -0.011 -0.02329  0.04412 -0.0553416 -0.0281841  0.0398266 -0.00285413 0.000897296  0.00326949 -0.00196342  -0.0442359    0.025344 -1.91381 -1.95545 -9.41966 
             22.8995 9.17463 40.3474 46.4419   0.118765  0.0413595 -0.0416407 0 0 0   -0.011 -0.02329  0.04412  -0.0188538 -0.00854655   0.0211911 -0.00285064 0.000896624  0.00323933 -0.00208128  -0.0443118   0.0248595 -1.91422 -1.95517 -9.41964 
             22.9994 8.98484 40.0979 47.1934   0.116081  0.0437774 -0.0437554 0 0 0   -0.011 -0.02329  0.04412 -0.0230736  0.0047995 0.00851292  -0.0028264 0.000893582  0.00323072 -0.00591735  -0.0423743   0.0242504 -1.91809 -1.95422 -9.41905 
             23.0995 8.20421 39.9895 47.1862  0.115732  0.043386 -0.045038 0 0 0   -0.011 -0.02329  0.04412  0.0185448 -0.0107144 -0.0115398 -0.00281195 0.000862534  0.00319065 -0.00600187   -0.042499   0.0244505 -1.91803 -1.95448   -9.419 
             23.1994 7.34274 39.7934 44.9937   0.118224  0.0379144 -0.0414822 0 0 0   -0.011 -0.02329  0.04412  0.0272922 -0.0384725  0.0120971 -0.00280121 0.000842391   0.0031612 -0.00280343  -0.0442298   0.0249788 -1.91475 -1.95539 -9.41948 
             23.2995 6.95276 39.7951 44.1414  0.117951 0.0376969 -0.037704 0 0 0   -0.011 -0.02329  0.04412   0.00128744 -0.000660239    0.0157022 -0.00284126 0.000826154  0.00316909 -0.00310222  -0.0457065   0.0246755 -1.91503  -1.9565 -9.41919 
             23.3995 4.12049 39.2567  42.039   0.113068   0.043888 -0.0377883 0 0 0   -0.011 -0.02329  0.04412 -0.0613379  0.0623353 0.00741086 -0.00283572 0.000841979  0.00310998 -0.00572246  -0.0455237   0.0242051 -1.91759 -1.95674 -9.41862 
             23.4996  1.7914 38.4975 41.5736   0.106019  0.0471559 -0.0384623 0 0 0   -0.011 -0.02329  0.04412 -0.0268232  0.0431147 -0.0116052 -0.00279114 0.000836702  0.00311101 -0.0056813 -0.0472223  0.0249453 -1.91693 -1.95856 -9.41838 
             23.5995 2.99077 39.2166 43.7631  0.109664 0.0503278 -0.039189 0 0 0   -0.011 -0.02329  0.04412  0.0555978  0.0277042 -0.0283157 -0.00274659 0.000823704  0.00302917 -0.00449701  -0.0462772   0.0247034 -1.91616 -1.95737 -9.41879 
             23.6995 5.26547  40.496 45.6457   0.113272  0.0523882 -0.0384974 0 0 0   -0.011 -0.02329  0.04412  0.0477263 0.00993537  -0.012683 -0.00279166 0.000731328  0.00291296 -0.00401822  -0.0476719   0.0246045 -1.91578 -1.95838 -9.41865 
             23.7995 5.21295 40.8258 45.3629   0.117961  0.0545705 -0.0404761 0 0 0   -0.011 -0.02329  0.04412  0.0142705   0.024691 -0.0176156  -0.0028461 0.000689796  0.00288771 -0.00414232   -0.046137    0.024288 -1.91619 -1.95695 -9.41887 
             23.8994 4.92642 41.5737 46.0434   0.122761  0.0594952 -0.0454519 0 0 0   -0.011 -0.02329  0.04412   0.029165  0.0260654 -0.0243058 -0.00285231 0.000744757  0.00289569 -0.00536781  -0.0439626   0.0238145 -1.91768 -1.95514 -9.41894 
             23.9995 5.28851 41.8266 47.5394   0.125238   0.060686 -0.0460963 0 0 0   -0.011 -0.02329  0.04412   0.0275594  0.00144857 0.000760615 -0.00282942 0.000722854  0.00288318 -0.00504632  -0.0441115   0.0238294 -1.91739  -1.9552 -9.41899 
             24.0994 5.06789 41.7365 47.5803   0.125969  0.0599473 -0.0456281 0 0 0   -0.011 -0.02329  0.04412  0.0302065 -0.0135853 0.00785804 -0.00284273 0.000722358  0.00284779 -0.00563555  -0.0456108   0.0240701 -1.91758 -1.95673 -9.41863 
             24.1994 4.83209 41.5984  47.071  0.126861 0.0613295 -0.045731 0 0 0   -0.011 -0.02329  0.04412   0.0225483  0.00345873 0.000478502 -0.00284183 0.000721178  0.00282089 -0.00753423  -0.0457998   0.0237352 -1.91937 -1.95719 -9.41817 
             24.2994 5.11058 41.6043 46.9692   0.126431  0.0570546 -0.0452514 0 0 0   -0.011 -0.02329  0.04412  0.0201021 -0.0094028 0.00165379 -0.0028389 0.00071546 0.00280527 -0.00665365   -0.048891   0.0248601 -1.91752 -1.96014 -9.41793 
             24.3996 5.82247 41.9274 46.6103   0.125032  0.0543797 -0.0450489 0 0 0   -0.011 -0.02329  0.04412  0.0279212 0.00417081 -0.0248211 -0.00284445  0.00070561  0.00277593 -0.00677883   -0.052317   0.0255651 -1.91675 -1.96341 -9.41741 
             24.4994 6.28393 43.3828 47.5344   0.125793  0.0567016 -0.0523834 0 0 0   -0.011 -0.02329  0.04412  0.0115273  0.0722683 -0.0818746 -0.00286435 0.000677201  0.00273231 -0.00811094  -0.0537274   0.0260933  -1.9173 -1.96522 -9.41692 
             24.5995 6.95368 45.0247 52.2547   0.132469  0.0687111 -0.0625907 0 0 0   -0.011 -0.02329  0.04412  0.055463 0.0675137 -0.111124 -0.00283796 0.000664647   0.0027056 -0.0083646 -0.0497059  0.0248461 -1.91883 -1.96127 -9.41743 
             24.6995  9.8242 46.7907 56.8379   0.139723  0.0773136 -0.0673455 0 0 0   -0.011 -0.02329  0.04412  0.0875404  0.0197379 -0.0712393 -0.00278041  0.00064087    0.002594 -0.00801395  -0.0489251    0.023566 -1.91958 -1.95978 -9.41759 
             24.7996 12.6408 47.3141  59.006   0.146476  0.0763103 -0.0780236 0 0 0   -0.011 -0.02329  0.04412  0.0771849 -0.0405964 -0.0515098 -0.00289198 0.000608623  0.00257998 -0.0110854  -0.049143  0.0238396 -1.92185 -1.96102 -9.41687 
             24.8994  14.449  47.874 58.9637   0.154837  0.0686256 -0.0816355 0 0 0   -0.011 -0.02329  0.04412  0.0694602 -0.0369949 -0.0390939 -0.00295022 0.000643958  0.00261726 -0.00881277  -0.0504661   0.0246163 -1.91926 -1.96183 -9.41723 
             24.9995 14.8964 48.4539 57.7796   0.157843  0.0627092 -0.0758605 0 0 0   -0.011 -0.02329  0.04412  0.0368399 -0.0697684  0.0330393 -0.00298463   0.0006233  0.00262871 -0.00564595  -0.0537891   0.0249994 -1.91592 -1.96368 -9.41752 
             25.0994 16.5252 48.4815 58.6597   0.158469  0.0547675 -0.0714502 0 0 0   -0.011 -0.02329  0.04412   0.060692 -0.0833058  0.0126551 -0.00299214 0.000625874  0.00261771  -0.006618 -0.0570093  0.0252901 -1.91597  -1.9668 -9.41686 
             25.1995   19.16 48.9072 59.6129   0.164652  0.0481359 -0.0741909 0 0 0   -0.011 -0.02329  0.04412   0.0463415  -0.0577873 -0.00251219 -0.00297043 0.000634352  0.00253222 -0.00865714  -0.0556762   0.0249695 -1.91809 -1.96628 -9.41654 
             25.2995 19.7194 49.0842  58.722   0.165675  0.0504936 -0.0783251 0 0 0   -0.011 -0.02329  0.04412 -0.00235381   0.0236229  -0.0238602 -0.00298415 0.000645823  0.00249259 -0.0132625 -0.0525073  0.0235879 -1.92336 -1.96455 -9.41582 
             25.3995 19.8698 49.9214 58.1109   0.167637  0.0428844 -0.0778774 0 0 0   -0.011 -0.02329  0.04412  0.0141398 -0.0488854 0.00685293 -0.00295805 0.000661211  0.00248546 -0.00907651  -0.0553536   0.0252266 -1.91832 -1.96639 -9.41646 
             25.4996 20.6189 49.6804  57.075   0.170706  0.0407637 -0.0826315 0 0 0   -0.011 -0.02329  0.04412   0.0100719  -0.0377604 -0.00425861  -0.0029731 0.000676847  0.00245378 -0.0133568 -0.0509898  0.0240323 -1.92344 -1.96375 -9.41597 
             25.5995 23.3546   49.74 59.8376    0.17222  0.0398915 -0.0869696 0 0 0   -0.011 -0.02329  0.04412  0.0308176 0.00534054 -0.0655116   -0.002981 0.000683757  0.00239798 -0.0143651 -0.0508858  0.0239019 -1.92439 -1.96395 -9.41574 
             25.6995 25.6295 50.2903  62.384   0.177939  0.0443002 -0.0932749 0 0 0   -0.011 -0.02329  0.04412  0.0518751 0.00982514 -0.0658238 -0.00295804 0.000664437  0.00232855 -0.0145364 -0.0492467  0.0230936 -1.92526 -1.96207 -9.41595 
             25.7994 27.0032 51.0706 63.5885   0.180444  0.0448367 -0.0920398 0 0 0   -0.011 -0.02329  0.04412  0.0550341 0.00266097 -0.0337096 -0.00297057 0.000656992  0.00231363 -0.0120881 -0.0536483  0.0236882 -1.92206 -1.96487 -9.41602 
             25.8994 28.1941  51.859 64.4721   0.188528  0.0434315 -0.0995915 0 0 0   -0.011 -0.02329  0.04412    0.0630461 -0.000318194   -0.0474658 -0.00296636 0.000658741  0.00229993 -0.0128591 -0.0512843  0.0236335 -1.92319 -1.96342 -9.41609 
             25.9996 29.0049 52.7173  65.123   0.19062 0.0438375 -0.101193 0 0 0   -0.011 -0.02329  0.04412   0.0452968 -0.00471932  -0.0321692   -0.002979 0.000650194  0.00229552 -0.0132323 -0.0537909  0.0238198 -1.92296 -1.96556 -9.41569 
             26.0993 29.6185 52.7336 65.6299  0.196386 0.0419158 -0.101992 0 0 0   -0.011 -0.02329  0.04412  0.0418118 -0.0308171 -0.0111139 -0.00295879 0.000652464  0.00228065 -0.0119556 -0.0532829  0.0237755 -1.92195 -1.96461  -9.4161 
             26.1994  30.185  52.778 65.4897  0.197636 0.0391975 -0.102543 0 0 0   -0.011 -0.02329  0.04412  0.0119496 -0.0372645  0.0140439 -0.00297766 0.000665675  0.00223785 -0.0133623 -0.0537839  0.0236774 -1.92314 -1.96547 -9.41568 
             26.2995 29.9048 52.7122 65.2908  0.199834 0.0388684 -0.103233 0 0 0   -0.011 -0.02329  0.04412  0.0025661  -0.018556 0.00861498 -0.00298483 0.000667033    0.002218 -0.0144648 -0.0514066  0.0229863  -1.9249 -1.96357 -9.41571 
             26.3995 30.4614 52.6622  66.128  0.193771  0.041393 -0.104454 0 0 0   -0.011 -0.02329  0.04412  0.0030655 -0.0101087 -0.0183478 -0.00298647 0.000661037   0.0021959 -0.0196193 -0.0521373  0.0222423 -1.92964 -1.96555 -9.41433 
             26.4995 31.7413 53.2154 66.8037  0.193354 0.0384232 -0.106675 0 0 0   -0.011 -0.02329  0.04412  0.0126702 0.00639182 -0.0417133 -0.00298389 0.000640177  0.00214755 -0.0195876 -0.0537523  0.0226985 -1.92909 -1.96715 -9.41411 
             26.5994 32.6668 53.7975 68.0029   0.19705 0.0406714 -0.108814 0 0 0   -0.011 -0.02329  0.04412  -0.0118137   0.0324631 -0.00676745 -0.00296549 0.000633663  0.00211364 -0.0176085 -0.0524134  0.0225736 -1.92766 -1.96521  -9.4148 
             26.6996 32.9855 53.6171 69.1017  0.198305 0.0399913 -0.109666 0 0 0   -0.011 -0.02329  0.04412   0.0189687 -0.00799564  -0.0122888 -0.00296949 0.000642447  0.00210139 -0.0164783 -0.0521696   0.022887 -1.92657 -1.96489  -9.4151 
             26.7994 33.4954 53.6151 69.8713  0.200545 0.0428967 -0.109502 0 0 0   -0.011 -0.02329  0.04412   0.0187727  0.00753633 -0.00474685 -0.00297244 0.000637904  0.00206915 -0.0166956  -0.051999  0.0223932 -1.92701 -1.96432 -9.41512 
             26.8994 34.8799 53.5421  72.038  0.20227 0.044679 -0.11381 0 0 0   -0.011 -0.02329  0.04412  0.0512792  0.0133491 -0.0543533 -0.00298134 0.000636899  0.00205996 -0.0187975    -0.0514  0.0220801 -1.92913 -1.96452 -9.41465 
             26.9995 39.0585  53.785 76.5212  0.204576 0.0489568 -0.121851 0 0 0   -0.011 -0.02329  0.04412  0.0758383  0.0172714 -0.0899341 -0.00297846 0.000620016   0.0020108 -0.0222045 -0.0519089  0.0215556 -1.93226 -1.96585 -9.41373 
             27.0995 43.4911 54.5284 80.3419  0.215543 0.0460375 -0.127061 0 0 0   -0.011 -0.02329  0.04412  0.0696726     -0.022 -0.0464493 -0.00300446 0.000552091  0.00198662 -0.0181644 -0.0530779  0.0223909 -1.92809 -1.96569 -9.41462 
             27.1993 42.4216 55.3104 77.7603  0.213493 0.0439109 -0.126691 0 0 0   -0.011 -0.02329  0.04412 -0.0419365 -0.0274034  0.0746944  -0.0030501 0.000543515  0.00196415 -0.0215677 -0.0538474  0.0220494 -1.93105 -1.96745 -9.41364 
             27.2996 39.0857  54.207 75.7407  0.205259 0.0409217 -0.117885 0 0 0   -0.011 -0.02329  0.04412  -0.0371838 -0.00417675   0.0571858 -0.00304527 0.000616289  0.00201973 -0.0218069   -0.05653  0.0226551 -1.93035 -1.97005 -9.41324 
             27.3994 38.2102 53.8138 74.6938  0.203516 0.0455804  -0.11889 0 0 0   -0.011 -0.02329  0.04412 -0.0245735  0.0161452 0.00287738 -0.00296485 0.000657514  0.00193963 -0.0250358 -0.0526682  0.0212913 -1.93471 -1.96754 -9.41287 
             27.4995 38.1443 53.9441 74.6081  0.204397 0.0507634 -0.122897 0 0 0   -0.011 -0.02329  0.04412 -0.00247811   0.0221096  -0.0319116 -0.00301403 0.000616219  0.00190681 -0.0257924 -0.0494072  0.0203934 -1.93655 -1.96472 -9.41308 
             27.5995 38.3875  53.929 74.5608  0.203807 0.0503273 -0.124713 0 0 0   -0.011 -0.02329  0.04412 -0.00978536 -0.00533339 -0.00525587 -0.00300956 0.000576878  0.00188134 -0.0255306 -0.0497498  0.0206294 -1.93614 -1.96508 -9.41309 
             27.6995 37.9276 53.9764 73.4327  0.205021 0.0523243 -0.125257 0 0 0   -0.011 -0.02329  0.04412  0.0123685 -0.0154373 -0.0238753 -0.00301333 0.000555997  0.00184027 -0.0252477 -0.0486552  0.0201337 -1.93636 -1.96366 -9.41334 
             27.7994 38.9615   54.51 72.6407   0.20635 0.0484686  -0.13027 0 0 0   -0.011 -0.02329  0.04412  0.0272759 -0.0265374 -0.0515416 -0.00301031 0.000582195  0.00182661 -0.0257934 -0.0492915  0.0203401  -1.9366 -1.96458  -9.4131 
             27.8994 38.5127 54.7916  70.899  0.204271 0.0467742  -0.12983 0 0 0   -0.011 -0.02329  0.04412  -0.0336255 -0.00537026   0.0242935 -0.00300862   0.0005566  0.00180121 -0.0256873 -0.0508169   0.020548 -1.93607 -1.96579 -9.41296 
             27.9993 36.7109   54.21 69.0121  0.199891 0.0509156 -0.125457 0 0 0   -0.011 -0.02329  0.04412 -0.0517939  0.0252445  0.0402171  -0.0029918 0.000578893  0.00175684   -0.02615 -0.0507865  0.0200532 -1.93669 -1.96543 -9.41291 
             28.0996 35.3875 53.7994 67.6955  0.195319  0.055554 -0.122033 0 0 0   -0.011 -0.02329  0.04412 -0.0310893  0.0273572  0.0119015 -0.00297192 0.000587038  0.00172029 -0.0265285 -0.0508813  0.0197821 -1.93711 -1.96535 -9.41284 
             28.1993 34.4449 53.9099 66.3761  0.194252 0.0558839 -0.122731 0 0 0   -0.011 -0.02329  0.04412  -0.0255759   0.0117364 2.94189e-05 -0.00294412 0.000590663  0.00169978 -0.0261398 -0.0498102  0.0198323 -1.93697 -1.96454 -9.41303 
             28.2995 33.9438 53.8085 65.5855  0.189488 0.0576486 -0.125326 0 0 0   -0.011 -0.02329  0.04412  -0.0316511   0.0161724 -0.00654887  -0.0029624 0.000584666  0.00167378 -0.0283335 -0.0491452  0.0195615 -1.93921 -1.96477 -9.41253 
             28.3995 33.5572 53.7979  65.356   0.18439 0.0600275 -0.124873 0 0 0   -0.011 -0.02329  0.04412 -0.0363941  0.0224337  0.0041437 -0.00294843 0.000567461  0.00164892 -0.0286597 -0.0500121  0.0196278 -1.93931 -1.96555 -9.41234 
             28.4995 32.4385 54.1951 64.3432  0.180392   0.06052 -0.123006 0 0 0   -0.011 -0.02329  0.04412 -0.0299295   0.016334  0.0163152   -0.002933 0.000562498  0.00161991 -0.0283541 -0.0504532  0.0198512 -1.93887 -1.96598 -9.41234 
             28.5994 30.7741 54.7238 62.3333   0.18036 0.0634449 -0.120628 0 0 0   -0.011 -0.02329  0.04412 -0.0444896  0.0319383  0.0258795 -0.00291582 0.000552255   0.0015948 -0.0272911 -0.0497595  0.0196103 -1.93809 -1.96478 -9.41275 
             28.6994 26.6043 54.8881 59.0897  0.168332 0.0692438 -0.116905 0 0 0   -0.011 -0.02329  0.04412 -0.150685 0.0662423  0.113388 -0.00294733 0.000560818  0.00159502 -0.0295335 -0.0494058  0.0194486 -1.94028  -1.9653 -9.41219 
             28.7996 18.3309 52.9723 53.3104  0.146666 0.0792125 -0.100496 0 0 0   -0.011 -0.02329  0.04412 -0.219165 0.0558877  0.177795 -0.00290399 0.000549827  0.00159009  -0.030387 -0.0503358  0.0191883 -1.94101 -1.96589 -9.41192 
             28.8995 11.3322 49.2949 49.0862   0.125657  0.0864389 -0.0831511 0 0 0   -0.011 -0.02329  0.04412 -0.215843 0.0489804  0.162849 -0.00280598 0.000627946  0.00156831 -0.0305825 -0.0497578  0.0188187 -1.94141 -1.96512   -9.412 
             28.9995 5.17629 45.6493 45.5385   0.106834  0.0895143 -0.0666224 0 0 0   -0.011 -0.02329  0.04412 -0.171042 0.0535453  0.113419 -0.00277975 0.000629722  0.00150787  -0.028693 -0.0501812  0.0191278 -1.93955 -1.96507 -9.41239 
             29.0995 0.842569  42.7552  43.1982  0.0912093  0.0959629 -0.0543515 0 0 0   -0.011 -0.02329  0.04412 -0.135689 0.0383605  0.102943 -0.00273109 0.000585683  0.00148022 -0.0282476  -0.050636  0.0189831 -1.93924 -1.96505 -9.41246 
             29.1994 -2.12975  38.9478   41.563  0.0773162  0.0967181 -0.0438379 0 0 0   -0.011 -0.02329  0.04412   -0.101785 -0.00710743    0.102553 -0.00269656 0.000538229  0.00142678 -0.0283744 -0.0512781  0.0191483 -1.93923 -1.96571 -9.41232 
             29.2995 -3.85849  33.7612  39.4351  0.0679379  0.0945688 -0.0368665 0 0 0   -0.011 -0.02329  0.04412 -0.0916952 -0.0391474  0.0971276 -0.00268047 0.000532074  0.00139411 -0.0294538 -0.0512764  0.0193004 -1.93988   -1.966 -9.41213 
             29.4001 -6.61544  28.2478  36.2496  0.0545306  0.0936055 -0.0271873 0 0 0   -0.011 -0.02329  0.04412  -0.0799894 -0.00635134   0.0638631 -0.00266236 0.000496687   0.0013592 -0.0297821 -0.0523579  0.0191804 -1.94032 -1.96683 -9.41186 
             29.4996  -8.062 26.3197 36.3934  0.0487176  0.0931648 -0.0271288 0 0 0   -0.011 -0.02329  0.04412  0.0256089  0.0136618 0.00742953 -0.00259905 0.000498792  0.00131671 -0.0301972 -0.0540158  0.0200929 -1.93981 -1.96852 -9.41162 
             29.5994 -6.22835  27.5899  40.0479   0.059238  0.0991334 -0.0294429 0 0 0   -0.011 -0.02329  0.04412   0.106437  0.0591678 -0.0388351 -0.00255096 0.000437297  0.00122677 -0.0306415 -0.0524542  0.0196433 -1.94027 -1.96696 -9.41185 
             29.6995 -3.76996  31.3674  44.6835  0.0741208   0.104853 -0.0376807 0 0 0   -0.011 -0.02329  0.04412   0.151524  0.0565882 -0.0820668 -0.00259414 0.000360148  0.00111589 -0.0305018 -0.0527352  0.0201136 -1.93964  -1.9672 -9.41193 
             29.7995 -1.43842  36.1285  49.2123  0.0896943   0.108133 -0.0366184 0 0 0   -0.011 -0.02329  0.04412   0.150422  0.0494247 -0.0612799 -0.00259196 0.000276852  0.00110806 -0.0301533 -0.0506387  0.0186212 -1.94098 -1.96609 -9.41189 
             29.8994 0.951093  38.7903  54.3256  0.0995469   0.107982 -0.0396632 0 0 0   -0.011 -0.02329  0.04412   0.0573919 -0.00841321  -0.0162857 -0.00261859 0.000236929  0.00108968 -0.030018 -0.050819 0.0186667 -1.94087  -1.9663 -9.41186 
             29.9995 0.56009 40.9074 59.0774   0.100802   0.105378 -0.0419972 0 0 0   -0.011 -0.02329  0.04412  0.0203556 0.00805094 -0.0111786 -0.00264245 0.000275716  0.00108653 -0.0295982 -0.0524465  0.0192426 -1.94006 -1.96782 -9.41171 
             30.0995 -1.80805  41.9704  63.1424   0.102821   0.106388 -0.0372009 0 0 0   -0.011 -0.02329  0.04412 0.000511551  -0.0167714   0.0417693 -0.0025466 0.00023153 0.00111697 -0.0292105  -0.051318  0.0186979 -1.94035 -1.96679 -9.41187 
             30.1994 -3.82928  41.3917  65.2874   0.103307   0.100321 -0.0287599 0 0 0   -0.011 -0.02329  0.04412  0.0590396 -0.0672276  0.0275876  -0.0024964 0.000210575  0.00113346 -0.0283649 -0.0518778  0.0183493 -1.93995 -1.96721 -9.41186 
             30.2994 -3.56676  41.8268  66.7858   0.112564  0.0921176 -0.0297495 0 0 0   -0.011 -0.02329  0.04412   0.130973 -0.0597207 -0.0116631  -0.0025287 0.000198397  0.00115409 -0.0284479 -0.0532507   0.018973 -1.93922 -1.96851 -9.41174 
             30.3996 -1.47278  42.9966  69.4544   0.131981  0.0886241 -0.0318204 0 0 0   -0.011 -0.02329  0.04412   0.221373 -0.0614833 -0.0179339 -0.00257163 0.000143302  0.00114642 -0.0281577 -0.0505342  0.0184316 -1.94009 -1.96595  -9.4121 
             30.4996 3.71622 44.2948 73.1355   0.151176  0.0824134 -0.0375364 0 0 0   -0.011 -0.02329  0.04412   0.210783 -0.0718094 -0.0255274  -0.0025995 0.000126162  0.00109977 -0.0302561 -0.0529991  0.0187134 -1.94066 -1.96869 -9.41141 
             30.5994  8.9055 44.6191 75.8403   0.165968   0.068405 -0.0385157 0 0 0   -0.011 -0.02329  0.04412   0.127815 -0.0694989 -0.0129511 -0.00263891 0.000100833  0.00107467 -0.0294326 -0.0592943  0.0203747 -1.93709 -1.97417 -9.41099 
             30.6995 9.58721 44.6525 76.0651   0.170008  0.0669285 -0.0445814 0 0 0   -0.011 -0.02329  0.04412  0.0315242 -0.0328774 -0.0269148 -0.00266573 0.000158431  0.00104975 -0.0324836 -0.0590132  0.0197013  -1.9398 -1.97474 -9.41032 
             30.7995  8.3015 44.6965 74.2832   0.166075  0.0621633 -0.0450253 0 0 0   -0.011 -0.02329  0.04412  -0.0273907  -0.0331658 -0.00675977 -0.00261549 0.000190732  0.00105115 -0.0340071  -0.062406  0.0197577 -1.93987 -1.97823 -9.40957 
             30.8993 7.26654 44.6628  73.138   0.162323  0.0571441 -0.0419294 0 0 0   -0.011 -0.02329  0.04412  -0.0426689  -0.0118621 -0.00874739 -0.00262454 0.000184808  0.00106077 -0.0324287 -0.0641028  0.0201159 -1.93798 -1.97927 -9.40974 
             30.9994 6.38498 44.9859 72.6598   0.164913  0.0569319 -0.0430335 0 0 0   -0.011 -0.02329  0.04412  -0.021843 0.00786003 -0.0110713 -0.00260013 0.000200371  0.00101764  -0.029229 -0.0605699  0.0205082 -1.93642 -1.97518 -9.41092 
             31.0995 6.06099 45.1224 72.3368   0.164515  0.0565589 -0.0432239 0 0 0   -0.011 -0.02329  0.04412   0.0035513   0.0147553 -0.00998501 -0.00261375 0.000165874 0.000994537 -0.0282327 -0.0609716  0.0208376 -1.93535 -1.97525 -9.41113 
             31.1995 6.14617 44.8865 71.4314   0.165926  0.0568026 -0.0416908 0 0 0   -0.011 -0.02329  0.04412  0.0119919 0.00468871  0.0111815 -0.00262491 0.000180768 0.000971844 -0.0273851  -0.061463  0.0210076 -1.93448 -1.97544 -9.41126 
             31.2995 5.96948 44.2558  70.301  0.163441 0.0564941 -0.038568 0 0 0   -0.011 -0.02329  0.04412 0.00119513 0.00527085  0.0166133 -0.00265378 0.000175249 0.000954282 -0.0278614 -0.0634969    0.02098 -1.93428 -1.97739  -9.4109 
             31.3994 5.84691 43.7766 68.8615   0.166115  0.0545432 -0.0328329 0 0 0   -0.011 -0.02329  0.04412   0.0152733 -0.00895968   0.0348215 -0.00262616 0.000183226 0.000938766 -0.0255138 -0.0637323   0.021339 -1.93227 -1.97693 -9.41141 
             31.4995 6.34077 43.1636 67.8394   0.161861  0.0545772 -0.0312346 0 0 0   -0.011 -0.02329  0.04412   0.012273 0.00261288   0.017864 -0.00265487 0.000182704 0.000913985 -0.0283981 -0.0662788  0.0210196  -1.9339    -1.98 -9.41043 
             31.5996 7.35707 42.9278 66.7362   0.164913  0.0524647 -0.0341517 0 0 0   -0.011 -0.02329  0.04412  0.0276464 -0.0118226 0.00277301 -0.00264396 0.000207909 0.000872632 -0.0284332 -0.0666104  0.0217727 -1.93327 -1.98039 -9.41047 
             31.6994 8.77588 42.1899 65.3361   0.169999  0.0483355 -0.0345709 0 0 0   -0.011 -0.02329  0.04412  0.0578643 -0.0413294 0.00841915 -0.00265001 0.000201477 0.000843548 -0.0277255 -0.0667965  0.0222802 -1.93233 -1.98042 -9.41066 
             31.7995 11.5967 40.6847 64.3459   0.176903   0.045109 -0.0308207 0 0 0   -0.011 -0.02329  0.04412  0.0912171 -0.0748621  0.0276222 -0.00267047 0.000228178 0.000835867 -0.0282991 -0.0662028  0.0215064 -1.93346 -1.97995 -9.41053 
             31.8993  14.887 38.1383 63.7072   0.181426  0.0343238 -0.0244293 0 0 0   -0.011 -0.02329  0.04412 0.0719628 -0.124009 0.0530668 -0.00267274 0.000254108 0.000787953 -0.0288038 -0.0684205  0.0214074 -1.93338 -1.98203  -9.4101 
             31.9996 16.3849 34.3092 61.2885   0.191668  0.0207159 -0.0216747 0 0 0   -0.011 -0.02329  0.04412 0.0393373 -0.149569 0.0501725 -0.00264635 0.000296657 0.000729828 -0.0280417 -0.0664247  0.0216188 -1.93311 -1.98011 -9.41056 
             32.0999 15.3749 28.8456 57.7826   0.193789 0.00408171 -0.0115208 0 0 0   -0.011 -0.02329  0.04412 -0.0422953  -0.164816  0.0819513 -0.00259757 0.000344215 0.000702606 -0.0266208 -0.0662732  0.0214255 -1.93209 -1.97961 -9.41088 
             32.1994 12.7428 23.4993 55.1526    0.187951   -0.012592 -0.00317916 0 0 0   -0.011 -0.02329  0.04412 -0.0888863 -0.0991876  0.0719696 -0.00250976 0.000407522 0.000650888 -0.0255674 -0.0666727  0.0218337 -1.93091 -1.97985 -9.41107 
             32.2995 8.63962 20.3666 53.4056   0.173822 -0.0189484 0.00307187 0 0 0   -0.011 -0.02329  0.04412  -0.137259 -0.0310456   0.048515 -0.00242599 0.000373715 0.000603247 -0.0259697 -0.0675873  0.0218952 -1.93107 -1.98073 -9.41085 
             32.3999 3.84244  18.503 52.3124   0.156293 -0.0188059 0.00424941 0 0 0   -0.011 -0.02329  0.04412 -0.174051 0.0316681 0.0122546 -0.00233475 0.000294928 0.000557036 -0.0263733 -0.0677782  0.0222114  -1.9314 -1.98091 -9.41075 
             32.4994 -2.2049 17.8833   51.04   0.135626 -0.0102278 0.00227917 0 0 0   -0.011 -0.02329  0.04412  -0.214672    0.13749 -0.0535497 -0.00227127 0.000225505  0.00052394 -0.0266786 -0.0679768  0.0222295 -1.93167 -1.98107 -9.41066 
             32.5993 -9.15529  19.4043  50.2659   0.116808  0.0141625 -0.0100421 0 0 0   -0.011 -0.02329  0.04412 -0.171227  0.271654 -0.145989 -0.00223463 0.000160138 0.000525709 -0.0272281 -0.0667868  0.0222897 -1.93237 -1.97975 -9.41079 
             32.6995 -15.8857  24.7602  48.8416   0.109518  0.0470187 -0.0251669 0 0 0   -0.011 -0.02329  0.04412 -0.0531872   0.366623  -0.223647 -0.00219268 4.95226e-05 0.000488091 -0.0272715 -0.0655882  0.0216101 -1.93265 -1.97904 -9.41089 
             32.7993 -21.4043  33.5152  47.3882  0.109002 0.0821917  -0.04994 0 0 0   -0.011 -0.02329  0.04412   0.04432  0.353014 -0.292261  -0.00223951 -0.000113224  0.000449559 -0.0270415 -0.0656449  0.0215239 -1.93248 -1.97925 -9.41087 
             32.8996 -23.6385  44.5791  47.3259   0.122418   0.109814 -0.0756554 0 0 0   -0.011 -0.02329  0.04412 0.181932 0.255489 -0.28253  -0.00231196 -0.000243225  0.000423372  -0.026233 -0.0648738  0.0212459 -1.93217 -1.97905 -9.41098 
             32.9996 -19.0636  54.8038  50.6626   0.142983   0.122346 -0.0967591 0 0 0   -0.011 -0.02329  0.04412  0.260808  0.111423 -0.202087  -0.00242213 -0.000331235  0.000340109 -0.0251138 -0.0654711  0.0213172 -1.93142 -1.97991 -9.41095 
             33.0994 -6.82975  61.8842  58.8732  0.174408   0.12826 -0.113347 0 0 0   -0.011 -0.02329  0.04412   0.329786 -0.0110515  -0.102902 -0.00254705 -0.00035462 0.000313265 -0.0251445 -0.0651958  0.0214078 -1.93132 -1.97961 -9.41104 
             33.1999  11.622 63.9349   71.64  0.213347  0.124157 -0.119413 0 0 0   -0.011 -0.02329  0.04412   0.343293  -0.104207 0.00150126  -0.00263752 -0.000306677  0.000314733 -0.0246954 -0.0631802   0.021305 -1.93143 -1.97769 -9.41142 
                33.3 25.6577 60.9438 80.5454  0.246732  0.111527 -0.110707 0 0 0   -0.011 -0.02329  0.04412  0.248632 -0.153484  0.130967  -0.00270857 -0.000215751  0.000269845 -0.0229912 -0.0610752  0.0211539 -1.93109 -1.97535 -9.41198 
             33.3995 29.8326 54.1841 83.6503   0.262871  0.0923402 -0.0960278 0 0 0   -0.011 -0.02329  0.04412  0.109642 -0.192556  0.234785  -0.00268885 -9.41072e-05  0.000262095 -0.0253061 -0.0627283  0.0214058 -1.93172 -1.97774 -9.41135 
             33.4994 28.5666 45.6575 84.0841   0.257174  0.0641259 -0.0701921 0 0 0   -0.011 -0.02329  0.04412 -0.0107414  -0.286304    0.29399 -0.00259522 -7.8788e-06 0.000230166  -0.028956 -0.0680147  0.0218039 -1.93266 -1.98381 -9.40988 
             33.5996 24.5671 35.2404 81.5402   0.244996  0.0303463 -0.0408311 0 0 0   -0.011 -0.02329  0.04412 -0.133328 -0.418751  0.320878 -0.00244524 2.48318e-05 0.000163222 -0.0323022 -0.0692119  0.0213481 -1.93508 -1.98602 -9.40891 
             33.7002 19.7653 22.7192 76.9436    0.219437  -0.0175343 -0.00790117 0 0 0   -0.011 -0.02329  0.04412 -0.249928 -0.496581  0.244417 -0.00234452  5.0755e-05 0.000160334 -0.0333325 -0.0724148  0.0213814 -1.93499 -1.98902  -9.4083 
                33.8 16.4565 11.6964 72.8677   0.193585 -0.0695077  0.0116585 0 0 0   -0.011 -0.02329  0.04412 -0.265782 -0.424583  0.133878 -0.00223502 7.40921e-05 0.000121896 -0.0317552  -0.074105  0.0222647 -1.93273 -1.99017 -9.40852 
             33.8999 14.2601  4.3915  69.869  0.167061 -0.109293 0.0148597 0 0 0   -0.011 -0.02329  0.04412 -0.275451 -0.349208 0.0570141  -0.00214348 -1.00533e-05  7.10711e-05 -0.0317005 -0.0726073  0.0231651 -1.93298 -1.98905 -9.40871 
             33.9994  12.3214 -2.34351  67.7035   0.136871   -0.14647 0.00622185 0 0 0   -0.011 -0.02329  0.04412  -0.297186  -0.351384 -0.0367738  -0.00204682 -0.000173245  2.90921e-05 -0.0311785 -0.0706766  0.0247224 -1.93308 -1.98716 -9.40908 
                34.1  10.9295 -8.75656   65.965   0.11324 -0.171635 0.0089945 0 0 0   -0.011 -0.02329  0.04412   -0.23432  -0.237227 -0.0327743  -0.00198766 -0.000229185 -3.88347e-05 -0.0326393 -0.0690593  0.0229964 -1.93504 -1.98633 -9.40886 
                34.2  10.4481 -12.1827   64.878  0.103315 -0.183545 0.0146117 0 0 0   -0.011 -0.02329  0.04412      -0.1156   -0.0854418 -0.000190058  -0.00192829 -0.000254436 -9.57328e-05 -0.0338924 -0.0660826  0.0211201 -1.93702 -1.98459 -9.40882 
             34.2995  10.5603 -12.8921  64.1143   0.10345 -0.179312 0.0161633 0 0 0   -0.011 -0.02329  0.04412 -0.0360956  0.0617728  0.0148359   -0.0018776 -0.000300562 -0.000139955 -0.0340457 -0.0614417   0.020648 -1.93863 -1.98059 -9.40933 
             34.3993  10.5066 -11.2438   63.337  0.106102 -0.164877  0.019546 0 0 0   -0.011 -0.02329  0.04412 0.0237245  0.216579   0.04017  -0.00185282 -0.000327664 -0.000163477 -0.0340271 -0.0600139  0.0204257 -1.93897 -1.97949 -9.40949 
             34.4995  10.2628 -5.85289  62.4428  0.111349 -0.140148 0.0232248 0 0 0   -0.011 -0.02329  0.04412 0.0718862  0.377461 0.0522444  -0.00186489 -0.000353835 -0.000162916 -0.0322546 -0.0609239  0.0209957 -1.93704 -1.97984 -9.40981 
             34.5992 9.52468 3.73568 62.6134 0.119755 -0.10127 0.023809 0 0 0   -0.011 -0.02329  0.04412   0.124265   0.470391 -0.0187126  -0.00189747 -0.000404415 -0.000171682 -0.0303734 -0.0624343  0.0217371 -1.93496 -1.98054 -9.41009 
             34.6995 9.08987 15.1876  62.868   0.137764 -0.0598592  0.0114627 0 0 0   -0.011 -0.02329  0.04412  0.131037  0.501291 -0.146194  -0.00194128 -0.000462029 -0.000168181 -0.0256883 -0.0623345   0.023456 -1.93075 -1.97902 -9.41128 
             34.7994 7.54515  27.555 62.7662   0.146647 -0.0172562 -0.0112882 0 0 0   -0.011 -0.02329  0.04412 0.0785025  0.496745 -0.269962  -0.00205101 -0.000524243  -0.00017901 -0.0232729 -0.0644948  0.0243325 -1.92794 -1.98037 -9.41157 
             34.8995 5.14648 39.5287 62.2498   0.160443  0.0323696 -0.0286783 0 0 0   -0.011 -0.02329  0.04412 0.0671244  0.425826  -0.29867  -0.00213947 -0.000522525  -0.00016607 -0.0266953 -0.0629821  0.0215595  -1.9311 -1.98117 -9.41075 
             34.9999 3.16806 49.3158 61.9695   0.170183  0.0774956 -0.0494382 0 0 0   -0.011 -0.02329  0.04412 0.0648505  0.332159 -0.252399  -0.00225463 -0.000504081 -0.000191628  -0.029356 -0.0611261   0.019399 -1.93416 -1.98061 -9.41024 
             35.0994 2.31381 55.3983 61.5788   0.175778  0.0961279 -0.0681946 0 0 0   -0.011 -0.02329  0.04412 0.0681579  0.163625 -0.138831  -0.00237185 -0.000482064 -0.000221584 -0.0280543 -0.0627205  0.0199928 -1.93242 -1.98194 -9.41032 
             35.1994  4.0399 57.6258 62.8049  0.183096 0.0990642 -0.081636 0 0 0   -0.011 -0.02329  0.04412   0.0787115 0.000967078   0.0043865  -0.00250147 -0.000388276 -0.000237282 -0.0275967 -0.0640267  0.0214867 -1.93084 -1.98322 -9.41038 
             35.2995 6.31136 54.6258 63.7777   0.186116  0.0878418 -0.0705501 0 0 0   -0.011 -0.02329  0.04412 0.0301215  -0.17923  0.217436  -0.00257279 -0.000300744 -0.000286797 -0.0277623 -0.0654728  0.0218991 -1.93041 -1.98463 -9.41017 
             35.3995  6.9368 47.2191 62.4338  0.186911 0.0643026 -0.042674 0 0 0   -0.011 -0.02329  0.04412 -0.0335043  -0.321755   0.318253  -0.00260792 -0.000114656 -0.000302086 -0.0275207 -0.0650148  0.0216414 -1.93056 -1.98405 -9.41026 
             35.4995 6.02901 36.6217   58.33    0.17396  0.0281152 -0.0135634 0 0 0   -0.011 -0.02329  0.04412 -0.116316 -0.399778  0.282067  -0.00257323 -1.40718e-05 -0.000346583 -0.0298498 -0.0663169  0.0215724 -1.93196 -1.98583  -9.4096 
             35.5999 5.58886 26.3444 53.0164   0.158453  -0.011638 0.00936837 0 0 0   -0.011 -0.02329  0.04412 -0.141115 -0.334435  0.161152  -0.00248407  4.76687e-05 -0.000403356 -0.0301232 -0.0672556  0.0217892 -1.93185 -1.98678 -9.40942 
             35.6995 4.75653 19.0065 47.3844   0.138589 -0.0400788  0.0140168 0 0 0   -0.011 -0.02329  0.04412 -0.161923 -0.177223  0.020818   -0.0024132  5.67823e-05 -0.000463989 -0.0317644 -0.0690041   0.022524 -1.93222 -1.98893 -9.40889 
             35.7999  2.5785 14.9108 41.7552   0.125435 -0.0499187  0.0139616 0 0 0   -0.011 -0.02329  0.04412 -0.0728598  0.0214734 -0.0405909  -0.00232397  4.11411e-05 -0.000523517 -0.0315062 -0.0691546  0.0224978 -1.93201 -1.98906  -9.4089 
             35.8994 -0.538871   16.7805   38.6704    0.129092  -0.0404241 0.000653057 0 0 0   -0.011 -0.02329  0.04412 0.0915334   0.12266 -0.109686   -0.0022415  1.91556e-05 -0.000562355 -0.0314149 -0.0681889  0.0232248  -1.9316 -1.98807  -9.4092 
             35.9995 0.44862 21.6552 40.1645    0.147244   -0.036534 -0.00670559 0 0 0   -0.011 -0.02329  0.04412   0.202814  0.0186191 -0.0937184    -0.002196 -9.58596e-05 -0.000620451 -0.0311174 -0.0678785  0.0228811 -1.93137 -1.98834 -9.40919 
             36.0999 2.92964 25.2818 42.8101    0.162405  -0.0327564 -0.00299182 0 0 0   -0.011 -0.02329  0.04412   0.115041  0.0584974 -0.0582617  -0.00230673 -0.000161397 -0.000709438 -0.0323183 -0.0675934  0.0206386 -1.93336 -1.98931 -9.40857 
             36.1999 4.62776 27.6557 45.4981    0.174292  -0.0287011 -0.00732957 0 0 0   -0.011 -0.02329  0.04412  0.0740275  0.0398589 -0.0259755  -0.00232265 -0.000130048 -0.000726007  -0.032427 -0.0673502  0.0205703 -1.93328  -1.9893 -9.40859 
             36.2999 6.17023 30.0912 47.3117   0.182725 -0.0256597 -0.0117262 0 0 0   -0.011 -0.02329  0.04412 0.0848522 0.0315533 -0.023097  -0.00234265  -9.2271e-05 -0.000727372 -0.0321652 -0.0674854  0.0209893 -1.93294 -1.98922 -9.40868 
             36.3994 6.95418 32.0214 47.1256   0.188628 -0.0213517 -0.0110536 0 0 0   -0.011 -0.02329  0.04412  0.0420592  0.0312507 -0.0102815  -0.00237995 -0.000106713 -0.000710689 -0.0324242 -0.0675361  0.0205299 -1.93336 -1.98927 -9.40858 
             36.4995 7.13326 34.1224 46.7961   0.187212 -0.0210491 -0.0139857 0 0 0   -0.011 -0.02329  0.04412 -0.00886779   0.0396458  -0.0158934  -0.00241661 -9.04424e-05 -0.000670146 -0.0319677 -0.0679002  0.0209667 -1.93317 -1.98963 -9.40855 
                36.6 7.27935 35.0431 48.3635   0.186609 -0.0209975 -0.0171266 0 0 0   -0.011 -0.02329  0.04412  -0.0255292 -0.00635572 0.000401374   -0.0023898 -7.89602e-05 -0.000688946 -0.0318922 -0.0676377  0.0213794 -1.93286 -1.98948 -9.40864 
             36.6994 7.81406 35.3178 49.4061   0.184718 -0.0205617 -0.0158478 0 0 0   -0.011 -0.02329  0.04412 -0.0204914  0.0110091 -0.0107605  -0.00238151 -5.51886e-05 -0.000738496 -0.0319386 -0.0675786   0.021106 -1.93294 -1.98939 -9.40864 
             36.7994 8.43125 36.4117 50.9094   0.183195 -0.0164712 -0.0182371 0 0 0   -0.011 -0.02329  0.04412 -0.0211215  0.0732104  -0.036803  -0.00239817 -4.39159e-05 -0.000752917 -0.0319732 -0.0675195  0.0210694 -1.93296 -1.98932 -9.40865 
             36.8999 8.63349 38.7811  54.788    0.179914 -0.00407306  -0.0252474 0 0 0   -0.011 -0.02329  0.04412 -0.0339338    0.14517 -0.0751896  -0.00240011 -7.50711e-05 -0.000765686 -0.0322535 -0.0675086  0.0211484 -1.93315 -1.98923 -9.40863 
             36.9994  9.4017 42.5344 62.0431   0.178113  0.0117687 -0.0336147 0 0 0   -0.011 -0.02329  0.04412  0.0191449   0.110387 -0.0994223  -0.00241377 -9.78472e-05 -0.000778692 -0.0323389 -0.0674448  0.0209422 -1.93327 -1.98908 -9.40864 
             37.0999 13.3235  44.832 67.3627   0.184919  0.0189005 -0.0415722 0 0 0   -0.011 -0.02329  0.04412  0.0708292  0.0556334 -0.0737073  -0.00242802 -0.000154742 -0.000789329 -0.0321815 -0.0673117  0.0208304 -1.93316 -1.98896 -9.40869 
             37.1999 15.9865 46.6301 69.5053   0.191529  0.0252419 -0.0484985 0 0 0   -0.011 -0.02329  0.04412  0.0684866  0.0789362 -0.0961371  -0.00250917 -0.000173114 -0.000777567 -0.0319334 -0.0674594  0.0207518   -1.933 -1.98904  -9.4087 
             37.2994 17.0537 47.8623 69.3318   0.195434  0.0326993 -0.0583894 0 0 0   -0.011 -0.02329  0.04412  0.0500793  0.0597679 -0.0595232  -0.00255194 -0.000138983 -0.000745747 -0.0327159  -0.067503  0.0208962 -1.93355 -1.98926 -9.40854 
             37.3999 17.1505 48.9832 68.4374   0.202343  0.0386944 -0.0631442 0 0 0   -0.011 -0.02329  0.04412  0.0682192  0.0472656 -0.0461804  -0.00256788 -9.89757e-05 -0.000733846 -0.0324699 -0.0673203   0.020828 -1.93343 -1.98902 -9.40862 
             37.4994 16.7624 49.5916  66.258   0.212898  0.0371752 -0.0637879 0 0 0   -0.011 -0.02329  0.04412   0.089586 -0.0028946 -0.0310325  -0.00256098 -0.000105879 -0.000736642 -0.0304746 -0.0675278  0.0211191 -1.93162 -1.98876 -9.40905 
             37.5999 17.6812 50.0655 64.5448   0.216582  0.0356005 -0.0653761 0 0 0   -0.011 -0.02329  0.04412   0.106302 -0.0225764 -0.0436441  -0.00259833 -7.54937e-05 -0.000738876 -0.0314008 -0.0694761  0.0210664 -1.93205 -1.99054 -9.40858 
             37.6994 19.5406 50.6562 64.3331   0.22795 0.0337593  -0.06655 0 0 0   -0.011 -0.02329  0.04412  0.0926691 -0.0173153 -0.0143284  -0.00262353 -7.22197e-05 -0.000779976 -0.0307397 -0.0694838  0.0209207 -1.93163 -1.99025 -9.40873 
             37.7994 19.4363 50.8203 63.8555   0.232735  0.0352883 -0.0714162 0 0 0   -0.011 -0.02329  0.04412  0.0493709 0.00929427 -0.0110465  -0.00262858 -5.86198e-05 -0.000810396 -0.0322851 -0.0690463  0.0209287 -1.93291 -1.99039 -9.40844 
             37.8999 19.6553 51.4871 63.7678   0.239132  0.0377642 -0.0735571 0 0 0   -0.011 -0.02329  0.04412  0.0704692 0.00347673 -0.0211621  -0.00259952 -4.85242e-05 -0.000823247 -0.0324728 -0.0689106  0.0207711 -1.93317 -1.99022 -9.40842 
             37.9993 18.3789 51.9236 61.7713   0.240449  0.0360521 -0.0725163 0 0 0   -0.011 -0.02329  0.04412 -0.00983476  -0.0165101   0.0334483  -0.00258759 -7.76552e-05 -0.000855445  -0.032647 -0.0696307  0.0209697 -1.93316 -1.99095 -9.40827 
             38.0998 17.5552 51.4972 61.5595   0.240363  0.0397803 -0.0715546 0 0 0   -0.011 -0.02329  0.04412 -0.00804683  0.00754257   0.0128855  -0.00261746 -5.59878e-05 -0.000858812 -0.0331738 -0.0689386  0.0205978 -1.93383 -1.99025 -9.40828 
             38.1999 17.0625 51.1876 61.7161  0.235631 0.0344697 -0.070649 0 0 0   -0.011 -0.02329  0.04412 -0.0252273  -0.019692  0.0105562  -0.00260422 -4.33368e-05 -0.000875276  -0.033469 -0.0697279  0.0211175  -1.9338 -1.99139 -9.40804 
             38.2999 15.2138 50.5687 59.8993  0.235271 0.0341813 -0.070322 0 0 0   -0.011 -0.02329  0.04412 -0.0310651 -0.0252131  0.0167588  -0.00259633 -2.65633e-05 -0.000893912 -0.0337139 -0.0688706  0.0208261 -1.93415 -1.99059 -9.40814 
                38.4 15.5748 49.7591 60.7069    0.23652  0.0331615 -0.0676345 0 0 0   -0.011 -0.02329  0.04412 -0.000343549   -0.0249779     0.011635  -0.00258034 -4.37332e-05 -0.000890412 -0.0329965   -0.06847  0.0205518 -1.93368 -1.98987 -9.40839 
                38.5 16.2554 49.8764 61.6577   0.238347   0.032176 -0.0695135 0 0 0   -0.011 -0.02329  0.04412  0.0743066 -0.0290089 -0.0416971  -0.00259049 -4.67492e-05 -0.000926421 -0.0336291 -0.0684533  0.0204743 -1.93424 -1.98992 -9.40826 
             38.5999 20.8536 50.9684 64.9154   0.250133   0.026795 -0.0790039 0 0 0   -0.011 -0.02329  0.04412   0.179541 -0.0297016  -0.175897  -0.00258577 -6.31076e-05 -0.000937709 -0.0335294 -0.0687754  0.0206395 -1.93408 -1.99027 -9.40822 
             38.6999 29.8044 53.5714 72.0374   0.266691   0.026172 -0.0959573 0 0 0   -0.011 -0.02329  0.04412     0.156596 -0.000386934    -0.176448  -0.00262807  -9.6032e-05 -0.000971147 -0.0329651 -0.0695732  0.0205361  -1.9337 -1.99058 -9.40823 
             38.7999 28.4866 54.0308 70.0961   0.268099  0.0259483 -0.0999949 0 0 0   -0.011 -0.02329  0.04412 -0.0304209 0.00286975   0.049474  -0.00266718 -0.000163019  -0.00101956 -0.0330466 -0.0707012  0.0207384 -1.93366 -1.99155 -9.40804 
             38.8999 24.1201 52.3765 67.0965   0.263786  0.0291409 -0.0974885 0 0 0   -0.011 -0.02329  0.04412 0.00400789 -0.0150847   0.026721  -0.00268277 -4.80922e-05 -0.000918904  -0.034329 -0.0704911  0.0204551 -1.93491 -1.99148  -9.4078 
             38.9994 23.5165 52.1028  66.577   0.272078  0.0263123 -0.0942233 0 0 0   -0.011 -0.02329  0.04412    0.05571 -0.0126485 -0.0143504  -0.0025769 2.66654e-05 -0.00094675 -0.0324868 -0.0702259  0.0203964 -1.93333 -1.99067 -9.40829 
             39.0999 25.9303 53.3495 67.8408   0.278447  0.0277483 -0.0981393 0 0 0   -0.011 -0.02329  0.04412  0.0621405  -0.015738 -0.0399921 -0.00261959 -5.2225e-05   -0.001002 -0.0331558  -0.069758  0.0200991 -1.93407 -1.99026 -9.40823 
             39.1998 29.0913 54.4216  70.053  0.283401 0.0275066 -0.105217 0 0 0   -0.011 -0.02329  0.04412  0.0403609 -0.0137854 -0.0427122  -0.00266225 -9.84946e-05  -0.00102409 -0.0341646 -0.0691875  0.0200133 -1.93503 -1.99012 -9.40806 
             39.2998 30.1505  54.247 71.3353  0.287625 0.0275071 -0.112583 0 0 0   -0.011 -0.02329  0.04412  0.0233705 -0.0150882 -0.0256117  -0.00269061 -9.65342e-05  -0.00105267 -0.0350557 -0.0681505  0.0198989 -1.93592 -1.98962 -9.40798 
             39.3999  29.414 53.7951 71.1787   0.28706 0.0259216 -0.109481 0 0 0   -0.011 -0.02329  0.04412 0.00425428 -0.0100009  0.0110316  -0.00268176 -8.57143e-05  -0.00106471 -0.0344106 -0.0691932  0.0199135 -1.93529 -1.99006 -9.40802 
             39.4999 29.1618 53.5856 71.8379  0.287241 0.0270295 -0.110456 0 0 0   -0.011 -0.02329  0.04412   0.0372617 -0.00814085  -0.0302952  -0.00267015 -6.51961e-05  -0.00106048 -0.0350051 -0.0690103  0.0197874 -1.93587 -1.98999 -9.40791 
             39.5999 32.3152 54.6117  74.042  0.288378 0.0272719 -0.114482 0 0 0   -0.011 -0.02329  0.04412   0.0553809 -0.00856277  -0.0618272  -0.00267042 -7.55623e-05  -0.00107105 -0.0353891 -0.0698278  0.0198141 -1.93615 -1.99062 -9.40772 
             39.6999 34.1909 55.4802 74.9191  0.292169 0.0272058  -0.11891 0 0 0   -0.011 -0.02329  0.04412  0.0232978 -0.0109433  -0.033715  -0.00270172 -0.000127381  -0.00109908 -0.0354112 -0.0698581  0.0197358  -1.9362 -1.99056 -9.40773 
             39.7998 35.7506 55.1105 76.6621  0.295445 0.0241294 -0.118711 0 0 0   -0.011 -0.02329  0.04412 0.00171365 -0.0110921 0.00314914  -0.00270343 -0.000101329  -0.00108513 -0.0343282 -0.0701459  0.0198698 -1.93515 -1.99051 -9.40795 
             39.8998 35.7288 55.1143 76.4488  0.293217 0.0182532 -0.118285 0 0 0   -0.011 -0.02329  0.04412   0.0154703  -0.0505983 -0.00680205  -0.00269538 -9.09307e-05  -0.00110579 -0.0347441 -0.0705135  0.0201803 -1.93538 -1.99125 -9.40775 
             39.9994 37.4642 55.4696 77.6315  0.300147 0.0156874 -0.121921 0 0 0   -0.011 -0.02329  0.04412  0.0252097 -0.0292573 -0.0358518  -0.00268578 -9.15039e-05  -0.00109562 -0.0343159 -0.0694191   0.019914 -1.93521 -1.99013 -9.40802 
                40.1 38.7826 55.8197 78.8796  0.301752 0.0138429 -0.129553 0 0 0   -0.011 -0.02329  0.04412  0.0180917 -0.0246558 -0.0384717  -0.00269708 -9.50078e-05  -0.00111655 -0.0355549 -0.0683865  0.0198384 -1.93648 -1.98992  -9.4078 
             40.1994 38.2027 56.0958 77.9152  0.301756 0.0154661 -0.131048 0 0 0   -0.011 -0.02329  0.04412 0.00507417 -0.0112069  -0.013426  -0.00269228 -8.92019e-05  -0.00112389 -0.0359642 -0.0685034  0.0195473 -1.93693 -1.98978 -9.40774 
             40.2995 37.8428 56.2517 77.2244  0.299135 0.0187329 -0.128571 0 0 0   -0.011 -0.02329  0.04412 -0.00540356  0.00872345 -0.00329879   -0.0026965 -7.81896e-05  -0.00111589 -0.0358128  -0.069712  0.0193684 -1.93668 -1.99017 -9.40771 
             40.3993 37.2534 56.6359 76.4641  0.297089 0.0176647 -0.127538 0 0 0   -0.011 -0.02329  0.04412 -0.0342298 0.00271059  0.0219691  -0.00269326 -8.01908e-05  -0.00112807 -0.0355961 -0.0700114   0.019526  -1.9364 -1.99045 -9.40771 
             40.4998 37.1953 56.4247 76.5054  0.288782 0.0181857 -0.124548 0 0 0   -0.011 -0.02329  0.04412  -0.049814 -0.0128908  0.0224008  -0.00269905 -9.87385e-05  -0.00114797 -0.0363623 -0.0707453  0.0195287 -1.93701 -1.99114 -9.40744 
             40.5998 36.5642 56.4124 75.8667  0.286023 0.0165077 -0.123723 0 0 0   -0.011 -0.02329  0.04412 -0.0388947 -0.0330866 0.00852184  -0.00269321 -9.26218e-05  -0.00117272 -0.0363133 -0.0700903  0.0194003 -1.93707 -1.99061 -9.40753 
             40.6998 36.1742 56.1939 75.5105  0.280779 0.0135876 -0.121465 0 0 0   -0.011 -0.02329  0.04412 -0.0608692 -0.0395445  0.0291554  -0.00268714 -8.33447e-05  -0.00118004 -0.0363255 -0.0700787  0.0193519  -1.9371 -1.99054 -9.40754 
             40.7998 35.9436 55.7655 75.5693  0.273786 0.0101279 -0.119986 0 0 0   -0.011 -0.02329  0.04412 -0.0550544 -0.0401991  0.0129377  -0.00268904 -9.76446e-05  -0.00119531 -0.0367592 -0.0700555  0.0193226 -1.93751 -1.99065 -9.40744 
             40.8998 35.4972   55.96 75.1626  0.271829 0.0077658 -0.116481 0 0 0   -0.011 -0.02329  0.04412   -0.03506 -0.0289751  0.0198973  -0.00268682 -0.000112567  -0.00120695  -0.035783 -0.0703087  0.0191984 -1.93662 -1.99026  -9.4077 
             40.9998  35.369 55.9066 75.3449   0.268487 0.00667946  -0.114067 0 0 0   -0.011 -0.02329  0.04412 -0.0222289 -0.0386657  0.0306202  -0.00269188 -0.000120015  -0.00121532  -0.035891 -0.0702545  0.0190525 -1.93677 -1.99008 -9.40771 
             41.0999 35.2942 55.6841 75.2523   0.270211 0.00450863  -0.114282 0 0 0   -0.011 -0.02329  0.04412 0.00591193 -0.0437037  0.0167901  -0.00268019 -0.000131128  -0.00123795 -0.0364153 -0.0691315  0.0187514 -1.93742 -1.98928 -9.40774 
             41.1999 34.8363 55.9964 74.9026  0.269983 0.0053078 -0.114642 0 0 0   -0.011 -0.02329  0.04412  0.00277124 -0.00595366 -0.00501778  -0.00267802 -0.000121651  -0.00124015 -0.0369896 -0.0688259  0.0184947 -1.93805 -1.98899 -9.40768 
             41.2999 34.6347  56.233 74.5288   0.271447 0.00384376  -0.117404 0 0 0   -0.011 -0.02329  0.04412 0.00981932 -0.0225216  0.0194377  -0.00266442 -0.000128725  -0.00126108 -0.0377694  -0.068064  0.0184203 -1.93884 -1.98876 -9.40756 
             41.3998 33.3029 55.4977 73.1276    0.269961 -0.00125787    -0.11257 0 0 0   -0.011 -0.02329  0.04412 -0.0255854 -0.0120083  0.0774533  -0.00267601 -0.000131474  -0.00125233  -0.037552 -0.0684923  0.0187114 -1.93853 -1.98929 -9.40751 
             41.4999 26.2706 53.6136 66.1823    0.26023 0.00174457 -0.0952982 0 0 0   -0.011 -0.02329  0.04412  -0.131204 0.00055331   0.215403  -0.00266155 -0.000105815  -0.00128804 -0.0376134 -0.0691356  0.0184705  -1.9386 -1.98934 -9.40749 
             41.5999 17.9669 49.7651 58.8932    0.244996 -0.00369484  -0.0664206 0 0 0   -0.011 -0.02329  0.04412   -0.18397 -0.0333838   0.250798  -0.00260629 -6.17041e-05  -0.00124843 -0.0358861  -0.070296  0.0187926 -1.93686 -1.98979 -9.40775 
             41.6998 12.5306 45.0283 56.0541    0.219926 -0.00729459  -0.0425531 0 0 0   -0.011 -0.02329  0.04412  -0.222208 -0.0545099   0.226068  -0.00255227 -3.39651e-05  -0.00127437  -0.036644 -0.0708464  0.0189245 -1.93749 -1.99046 -9.40748 
             41.7999 9.93042 40.4426 55.9312   0.196857 -0.0110255 -0.0263764 0 0 0   -0.011 -0.02329  0.04412  -0.191458 -0.0860064   0.184352  -0.00249931 -6.62623e-05  -0.00137519 -0.0380907  -0.070407   0.018888 -1.93877 -1.99046 -9.40722 
             41.8997 9.46533 35.3608 57.3801   0.177211 -0.0216112 -0.0119104 0 0 0   -0.011 -0.02329  0.04412 -0.181024 -0.165362  0.170527  -0.00248893 -0.000104988  -0.00142322 -0.0390453 -0.0701361  0.0189374 -1.93954 -1.99041 -9.40707 
             41.9998 10.8667 29.2366 61.6747     0.16501  -0.0382499 0.000849647 0 0 0   -0.011 -0.02329  0.04412 -0.160976 -0.155639  0.105621 -0.00246108 -0.00012014 -0.00147698   -0.03904 -0.0693164  0.0188497 -1.93945 -1.98979 -9.40722 
             42.0999 11.1502 23.9263 66.8593   0.149268 -0.0502615  0.0111973 0 0 0   -0.011 -0.02329  0.04412  -0.174459 -0.0513155  0.0481304  -0.00242529 -0.000150792  -0.00154559 -0.0385153 -0.0692943  0.0186177 -1.93913 -1.98978 -9.40729 
             42.1998  9.2722 21.7952 72.0462   0.139567 -0.0463099  0.0143937 0 0 0   -0.011 -0.02329  0.04412   -0.0940847    0.0458935 -0.000288098  -0.00236269 -0.000180841  -0.00158063 -0.0387506 -0.0681618   0.018034 -1.93955 -1.98873 -9.40742 
             42.2998 8.81203 22.2067 76.6879   0.135068 -0.0355283  0.0127333 0 0 0   -0.011 -0.02329  0.04412 -0.0181679  0.0999566  -0.032349  -0.00232645 -0.000251417  -0.00158277 -0.0392233 -0.0675814  0.0176465 -1.94017 -1.98821  -9.4074 
             42.3999 10.3396 23.7803 81.3464   0.135813 -0.0259887  0.0153673 0 0 0   -0.011 -0.02329  0.04412  0.0180014   0.111057 -0.0176692  -0.00234652 -0.000333871  -0.00156367 -0.0391554 -0.0680444  0.0169692 -1.94013 -1.98886 -9.40728 
             42.4998 12.7125 25.5127 85.4878   0.135828 -0.0212552   0.014906 0 0 0   -0.011 -0.02329  0.04412 -0.00227293   0.0850629   -0.025141  -0.00238427 -0.000387425  -0.00155927  -0.038264 -0.0696366  0.0173175 -1.93873 -1.99015 -9.40729 
             42.5998 14.7839 26.7127  88.008   0.132559 -0.0150245  0.0067087 0 0 0   -0.011 -0.02329  0.04412 -0.0592544  0.0919815 -0.0334099  -0.00242514 -0.000384689  -0.00154055 -0.0375395 -0.0701312  0.0184216 -1.93767 -1.99011 -9.40752 
             42.6999 15.1037  27.771 88.0027   0.123274 -0.0098341 0.00226982 0 0 0   -0.011 -0.02329  0.04412  -0.136078  0.0560217 -0.0143632  -0.00243362 -0.000385763  -0.00151992 -0.0366422 -0.0706828  0.0191456 -1.93649 -1.99021 -9.40774 
             42.7999 14.6108 27.7313 87.5714    0.110347 -0.00951869  0.00439297 0 0 0   -0.011 -0.02329  0.04412 -0.126246 0.0274789 0.0287417 -0.00243376 -0.00037867 -0.00148014 -0.0355474     -0.072  0.0195888 -1.93489 -1.99098 -9.40791 
             42.9007 14.9352 26.7525 87.9663  0.0989053 -0.0125328 0.00933684 0 0 0   -0.011 -0.02329  0.04412 -0.0940892 -0.0119061  0.0359546  -0.00242439 -0.000350403  -0.00148455 -0.0348135  -0.073763  0.0199295 -1.93341 -1.99223 -9.40795 
             42.9998 15.5225 25.5308 87.5529  0.0907039 -0.0154199  0.0120047 0 0 0   -0.011 -0.02329  0.04412 -0.0762334 -0.0311247  0.0378848  -0.00243825 -0.000339653  -0.00152063 -0.0347065 -0.0739528  0.0201694 -1.93316 -1.99232 -9.40798 
             43.0998 15.8722 24.2794 87.8168  0.0811468 -0.0159998  0.0155819 0 0 0   -0.011 -0.02329  0.04412   -0.106184 -0.00227738   0.0293181  -0.00245476 -0.000324184  -0.00151805 -0.0351147 -0.0733943  0.0198782 -1.93383 -1.99201 -9.40791 
             43.1998 15.6183 23.3634 85.9726   0.071033 -0.0163183  0.0195079 0 0 0   -0.011 -0.02329  0.04412 -0.0764272 -0.0139234  0.0298236  -0.00244652 -0.000335764  -0.00155829 -0.0355753 -0.0737988  0.0196187  -1.9341 -1.99253 -9.40774 
             43.2998 16.0003 22.0076 83.9792  0.0682302 -0.0194148  0.0267971 0 0 0   -0.011 -0.02329  0.04412 -0.0780374 -0.0165939  0.0377913  -0.00243542 -0.000332818  -0.00154867 -0.0340017 -0.0733844  0.0194877 -1.93302 -1.99176 -9.40812 
             43.4007 15.9107 21.1208 82.6537  0.0672072 -0.0165671  0.0282148 0 0 0   -0.011 -0.02329  0.04412 -0.0641816  0.0315751  0.0231643  -0.00243983 -0.000302927  -0.00157237 -0.0326126 -0.0703728  0.0196731 -1.93315 -1.98876 -9.40873 
             43.5007 15.3617 21.3097 82.5825  0.0572762 -0.0127687  0.0298793 0 0 0   -0.011 -0.02329  0.04412 -0.0910916  0.0551786  0.0154152  -0.00243545 -0.000296064  -0.00158952  -0.033151 -0.0713326   0.019713 -1.93318 -1.98971 -9.40852 
             43.5998 14.7678 21.8095 83.9508  0.0489802 -0.0101765  0.0251122 0 0 0   -0.011 -0.02329  0.04412  -0.093227  0.0784375 -0.0208173  -0.00241184 -0.000306588  -0.00162074 -0.0317428 -0.0716398  0.0209585  -1.9316 -1.98937 -9.40892 
             43.6998 15.4277 23.0084 86.2116   0.0385985 -0.00235874   0.0204502 0 0 0   -0.011 -0.02329  0.04412  -0.112964   0.079478 -0.0247483  -0.00240023 -0.000328136  -0.00163038 -0.0315138 -0.0716502  0.0213794 -1.93133 -1.98923 -9.40901 
             43.7997 16.2552 22.0698 88.8464   0.024048 0.00689199   0.018326 0 0 0   -0.011 -0.02329  0.04412  -0.125133    0.11639 -0.0229961  -0.00242559 -0.000360542  -0.00165614 -0.0321649 -0.0722653  0.0212336 -1.93167 -1.98994 -9.40879 
             43.9007 16.4952  21.406 92.0288 0.0122188 0.0151538 0.0208266 0 0 0   -0.011 -0.02329  0.04412 -0.134039  0.145056 -0.030164  -0.00243424 -0.000339319    -0.001666  -0.030996 -0.0741938  0.0211323 -1.92982 -1.99139 -9.40886 
             43.9998 16.9482 21.8065  95.598 0.00139946  0.0252478  0.0193294 0 0 0   -0.011 -0.02329  0.04412  -0.110337   0.119963 -0.0208966  -0.00242643 -0.000371502  -0.00169114 -0.0299494 -0.0754164  0.0214464 -1.92832 -1.99212 -9.40901 
             44.0998 17.6634 21.9983 97.9192 -0.00830658   0.0395387    0.018822 0 0 0   -0.011 -0.02329  0.04412  -0.114723   0.120999 -0.0173339  -0.00242487 -0.000426967  -0.00169196 -0.0301118 -0.0743653  0.0209784 -1.92903 -1.99136 -9.40903 
             44.1998  18.308 22.1911  99.823 -0.0186569  0.0488621  0.0155154 0 0 0   -0.011 -0.02329  0.04412   -0.103069   0.0703428 -0.00564968  -0.00245219 -0.000429903  -0.00166521 -0.0294897 -0.0741768  0.0214946 -1.92849 -1.99091 -9.40923 
             44.3007 18.0911  21.423 101.012 -0.0237434  0.0545315  0.0162465 0 0 0   -0.011 -0.02329  0.04412  -0.0755214    0.057515 -0.00744157 -0.00244885 -0.00043911 -0.00165918 -0.0280569 -0.0732316  0.0216053 -1.92775 -1.98962 -9.40966 
             44.3999 17.4811 21.4686 101.478 -0.0297424  0.0579052  0.0141512 0 0 0   -0.011 -0.02329  0.04412   -0.0346871    0.0702069 -0.000489854  -0.00244937 -0.000405545  -0.00166651 -0.0273578  -0.074443  0.0222748 -1.92643 -1.99028 -9.40979 
             44.4999 17.5438 21.9209 101.467 -0.0305148  0.0634912  0.0133487 0 0 0   -0.011 -0.02329  0.04412 0.00549796  0.0677605  0.0121316  -0.00243458 -0.000452656  -0.00164561 -0.0266914 -0.0746656  0.0227997 -1.92566 -1.99013 -9.40998 
             44.5999 18.3756 22.3186 101.296 -0.0259931  0.0698101  0.0144205 0 0 0   -0.011 -0.02329  0.04412  0.00974884   0.0310091 0.000764465  -0.00244719 -0.000459466   -0.0016396 -0.0256454 -0.0732217  0.0228038 -1.92556 -1.98855 -9.41033 
             44.7009 17.8804 21.5882 101.687 -0.0236482  0.0742768 0.00923212 0 0 0   -0.011 -0.02329  0.04412  0.0219471  0.0535386 -0.0354255  -0.00246245 -0.000438792  -0.00165364 -0.0252078 -0.0718611  0.0232921 -1.92578 -1.98718 -9.41058 
             44.7998  17.837 21.6255  102.63 -0.0208423  0.0775367 0.00939067 0 0 0   -0.011 -0.02329  0.04412  0.0498175  0.0738916 -0.0244329  -0.00245701 -0.000430326  -0.00166871 -0.0252361 -0.0743519  0.0231092 -1.92458 -1.98929 -9.41038 
             44.9007 17.6703 22.3606 103.759 -0.0124868   0.085396 0.00781866 0 0 0   -0.011 -0.02329  0.04412 0.0932419 0.0623421 0.0039279  -0.00245262 -0.000454677  -0.00168575 -0.0246684 -0.0737173  0.0231843 -1.92444 -1.98854 -9.41056 
             44.9999 18.6596 21.9937 104.483 -0.00358442   0.0901294   0.0117648 0 0 0   -0.011 -0.02329  0.04412 0.0884953 0.0567737 0.0115291  -0.00245035 -0.000483787  -0.00168918  -0.024925 -0.0748246  0.0229245 -1.92414 -1.98959  -9.4104 
             45.0999 19.3644 21.9721 105.502 0.00303473  0.0925214  0.0109938 0 0 0   -0.011 -0.02329  0.04412    0.056135   0.0280017 -0.00860105  -0.00247832 -0.000457048  -0.00169944 -0.0246372 -0.0757348  0.0232928 -1.92336 -1.99017 -9.41044 
             45.1998 19.5022 21.9463 105.861 0.00904465   0.092415 0.00918225 0 0 0   -0.011 -0.02329  0.04412  0.0571658 0.00354441 -0.0157407   -0.0024768 -0.000466622  -0.00171375 -0.0241215 -0.0765664  0.0236787 -1.92243  -1.9906 -9.41054 
             45.3001 19.1381 21.3205 105.792  0.0197045  0.0925655 0.00783159 0 0 0   -0.011 -0.02329  0.04412  0.0609363  0.0042365 -0.0123497  -0.00246425 -0.000463918  -0.00169577 -0.0223079 -0.0753589  0.0240528 -1.92154 -1.98886 -9.41109 
             45.4007 18.9456 21.1858 106.412  0.0268673  0.0914033 0.00726945 0 0 0   -0.011 -0.02329  0.04412  0.0727919  0.0061162 -0.0136755  -0.00245391 -0.000456405   -0.0017116 -0.0218722 -0.0762464  0.0242104  -1.9207 -1.98939 -9.41115 
             45.5008 18.8718 21.0121 107.243  0.0367551  0.0955095 0.00699851 0 0 0   -0.011 -0.02329  0.04412  0.0961801  0.0248829 -0.0108454  -0.00245144 -0.000480893  -0.00173004  -0.021686 -0.0748543  0.0238546 -1.92137 -1.98823 -9.41126 
             45.5999 19.2383 20.5656 107.958  0.048591 0.0943254 0.0074613 0 0 0   -0.011 -0.02329  0.04412    0.104081   0.0150157 -0.00874604  -0.00245754 -0.000489707  -0.00174846 -0.0206639 -0.0762224  0.0241962 -1.91977  -1.9889 -9.41144 
             45.6998 19.6358 20.2107 108.475   0.059216  0.0940168 0.00655709 0 0 0   -0.011 -0.02329  0.04412   0.102555  0.0339187 -0.0127016  -0.00248453 -0.000481604  -0.00175745 -0.0200897 -0.0774358  0.0245508 -1.91861 -1.98961 -9.41153 
             45.7997 20.3819 19.9533 109.334   0.0651644   0.0978736 0.000458927 0 0 0   -0.011 -0.02329  0.04412  0.0581155  0.0673516 -0.0293553    -0.002492 -0.000491558  -0.00176564 -0.0206678  -0.077909  0.0250868 -1.91867 -1.99014  -9.4114 
             45.8999 20.8453 20.0207 110.922   0.0725024    0.107039 -0.00187312 0 0 0   -0.011 -0.02329  0.04412  0.0145605   0.107718 -0.0304915  -0.00249159 -0.000502191  -0.00178631 -0.0194791 -0.0771619  0.0252156 -1.91811 -1.98904 -9.41175 
             46.0007 20.8601 19.9414 113.198   0.0763366    0.122161 -0.00647893 0 0 0   -0.011 -0.02329  0.04412 -0.00960126    0.149082  -0.0557419  -0.00247421 -0.000508668  -0.00178956 -0.0184755 -0.0752777  0.0253137 -1.91831  -1.9871 -9.41212 
             46.1007 21.0605 19.6207 115.844  0.0722414   0.133526 -0.0123098 0 0 0   -0.011 -0.02329  0.04412 -0.0860257   0.154977  -0.084396   -0.0024696 -0.000516777  -0.00180126 -0.0178626 -0.0770577  0.0255979 -1.91682 -1.98824 -9.41218 
             46.1998 21.4075 19.7581 118.982 0.0586197  0.153566 -0.017593 0 0 0   -0.011 -0.02329  0.04412  -0.137616   0.219132 -0.0289158  -0.00248651 -0.000530871  -0.00182422 -0.0189999 -0.0769237  0.0250223 -1.91791 -1.98869 -9.41187 
             46.2998 22.3167 19.3591 121.393  0.0402737   0.174459 -0.0185177 0 0 0   -0.011 -0.02329  0.04412  -0.225352   0.226384 0.00266804  -0.00250323 -0.000549838   -0.0018164 -0.0191036 -0.0779445  0.0252227 -1.91738 -1.98952  -9.4118 
             46.4008 22.2214 18.1972 123.521  0.0132478   0.195348 -0.0228798 0 0 0   -0.011 -0.02329  0.04412  -0.321621   0.254251 -0.0578156  -0.00251812 -0.000547351    -0.001814 -0.0185854 -0.0789747  0.0258998 -1.91625 -1.99002 -9.41192 
             46.4998  21.944 17.4995 126.012 -0.0155251   0.225143 -0.0369356 0 0 0   -0.011 -0.02329  0.04412 -0.373924  0.322097 -0.101574  -0.0024802  -0.0005536 -0.00183195 -0.0158553  -0.076555  0.0271612 -1.91525 -1.98672 -9.41282 
             46.5998 22.2438 17.3169 127.843 -0.0513851   0.257398 -0.0399176 0 0 0   -0.011 -0.02329  0.04412  -0.396971   0.352437 -0.0424446  -0.00247462 -0.000590942  -0.00181968  -0.014632 -0.0778921  0.0269753 -1.91365 -1.98722 -9.41304 
             46.6999 22.5673 15.9947 128.246 -0.0951296   0.297458 -0.0416422 0 0 0   -0.011 -0.02329  0.04412 -0.459623  0.417536 0.0168433  -0.00249784 -0.000589528  -0.00181766 -0.0155626 -0.0767454  0.0264557 -1.91511 -1.98683 -9.41283 
             46.8007 22.3971 15.4742 128.465  -0.142475   0.344751 -0.0319144 0 0 0   -0.011 -0.02329  0.04412 -0.510537  0.535595  0.100397 -0.00251402  -0.0005603   -0.001808 -0.0150117 -0.0773712  0.0262764  -1.9144 -1.98707 -9.41292 
             46.9009 22.0408  16.553 129.196  -0.188645    0.39835 -0.0272257 0 0 0   -0.011 -0.02329  0.04412  -0.471243   0.554876 0.00341279  -0.00248479 -0.000598319  -0.00179706 -0.0132319  -0.077535  0.0269836 -1.91285 -1.98624 -9.41341 
             46.9998 22.0605 17.5307 129.514  -0.232085   0.455749 -0.0279643 0 0 0   -0.011 -0.02329  0.04412  -0.420797   0.603722 -0.0193451  -0.00248186 -0.000630501  -0.00180474 -0.0128302 -0.0773683  0.0270677 -1.91264  -1.9859 -9.41353 
             47.0992  22.412 18.3654 129.588  -0.272397   0.518413 -0.0344637 0 0 0   -0.011 -0.02329  0.04412 -0.379202  0.643548 -0.092616  -0.00249439 -0.000639458   -0.0018075 -0.0127626 -0.0773278  0.0273152 -1.91255 -1.98581 -9.41356 
             47.2006  22.946 18.4495 129.885  -0.305448   0.579375 -0.0501148 0 0 0   -0.011 -0.02329  0.04412 -0.338895  0.619048 -0.184548  -0.00251184 -0.000636941  -0.00181874 -0.0111912 -0.0780584  0.0281922 -1.91077 -1.98549 -9.41399 
             47.3007 22.9176 17.1079 130.842  -0.334036   0.640306 -0.0725403 0 0 0   -0.011 -0.02329  0.04412 -0.299006  0.638539 -0.204116 -0.00250026 -0.00063846 -0.00181891 -0.00961825  -0.0781202   0.0290219  -1.9094 -1.98466 -9.41445 
             47.3997 22.7866 14.7819 132.589  -0.364646   0.704699 -0.0861475 0 0 0   -0.011 -0.02329  0.04412 -0.287776  0.685581 -0.076317   -0.0025105 -0.000620229  -0.00185522 -0.0101521 -0.0795407  0.0287077 -1.90904 -1.98604 -9.41423 
             47.4998 22.3232 12.5072 133.357  -0.39417  0.777132 -0.082043 0 0 0   -0.011 -0.02329  0.04412 -0.329358  0.746547  0.100824 -0.00250529 -0.00063144 -0.00186091 -0.0100868 -0.0793919  0.0284635 -1.90915 -1.98593 -9.41423 
             47.5998 22.5182   12.56 133.775  -0.430062   0.854803 -0.0713805 0 0 0   -0.011 -0.02329  0.04412 -0.423724  0.722244 0.0778735  -0.00249135 -0.000626063  -0.00187114  -0.010078 -0.0777079  0.0278706 -1.91029 -1.98471 -9.41426 
             47.6998 22.5996 13.5677 134.771  -0.476638   0.917523 -0.0611766 0 0 0   -0.011 -0.02329  0.04412 -0.520524  0.623991 0.0541865  -0.00248629 -0.000676523  -0.00185529 -0.00958025  -0.0805784   0.0281359 -1.90817  -1.9866 -9.41429 
             47.7998 22.7623 14.3392 136.408  -0.530641   0.976693 -0.0592965 0 0 0   -0.011 -0.02329  0.04412  -0.599436   0.567926 -0.0371791  -0.00249789 -0.000691043  -0.00188048 -0.00885466  -0.0809945   0.0283172 -1.90737 -1.98652 -9.41446 
             47.9006 22.5586 14.6333 138.196  -0.595965    1.02522 -0.0694886 0 0 0   -0.011 -0.02329  0.04412 -0.687242  0.485819 -0.139242  -0.00251146 -0.000711568  -0.00189403 -0.00885044  -0.0827748   0.0289336 -1.90616 -1.98779 -9.41444 
             48.0007 23.2027 14.1304 139.497  -0.663797     1.0731 -0.0864709 0 0 0   -0.011 -0.02329  0.04412 -0.754546    0.4768  -0.12203  -0.00250776 -0.000707528  -0.00189986 -0.00714787  -0.0821461    0.029661 -1.90516 -1.98636 -9.41495 
             48.0997 24.0313 12.8714 139.538  -0.740843    1.12694 -0.0934301 0 0 0   -0.011 -0.02329  0.04412 -0.795709  0.574919 0.0572812  -0.00253131 -0.000705664  -0.00190306 -0.00663519  -0.0805107   0.0299597 -1.90571 -1.98484 -9.41516 
             48.1997 25.1552 12.7574 139.096 -0.820742   1.19162 -0.083023 0 0 0   -0.011 -0.02329  0.04412 -0.797529  0.678005  0.140148  -0.00254223 -0.000666587   -0.0018873 -0.00625414  -0.0799257   0.0303349 -1.90571 -1.98416  -9.4153 
             48.3006 24.9079 14.0671 138.093  -0.897837    1.26075 -0.0654697 0 0 0   -0.011 -0.02329  0.04412 -0.754657  0.716884  0.126192  -0.00255952 -0.000676508  -0.00187686 -0.0061956 -0.0806549   0.029895 -1.90534 -1.98472 -9.41526 
             48.4007 24.3198 15.6974 136.641  -0.973075    1.33576 -0.0592465 0 0 0   -0.011 -0.02329  0.04412  -0.742691   0.744052 -0.0267521  -0.00252116 -0.000705634  -0.00186856 -0.00660088  -0.0798459   0.0294349 -1.90622 -1.98438 -9.41515 
             48.5007 23.8242 18.0118 136.091    -1.0389    1.41128 -0.0743034 0 0 0   -0.011 -0.02329  0.04412 -0.669989  0.725352 -0.201682  -0.00251133 -0.000707454  -0.00185774 -0.0041379 -0.0783853  0.0305189 -1.90514 -1.98189 -9.41589 
             48.5998 23.2995 18.6556 136.086   -1.10373    1.48218 -0.0970676 0 0 0   -0.011 -0.02329  0.04412 -0.620143  0.739364 -0.231498  -0.00252875 -0.000714752  -0.00187315 -0.00435877  -0.0789697   0.0304468 -1.90496 -1.98245 -9.41581 
             48.7007 22.1098 18.0001 136.578   -1.1615   1.55518 -0.110347 0 0 0   -0.011 -0.02329  0.04412  -0.557038   0.812451 -0.0383609   -0.0025562 -0.000720067  -0.00189903 -0.00384619  -0.0812466   0.0306751 -1.90319 -1.98386 -9.41587 
             48.8007 21.3921 16.9861 137.433 -1.21655  1.63518 -0.10788 0 0 0   -0.011 -0.02329  0.04412  -0.57484  0.811182 0.0391244  -0.00254639 -0.000717681  -0.00189429 -0.00342038  -0.0821989   0.0310683 -1.90223 -1.98432 -9.41597 
             48.8997 22.3448 16.9656 139.129  -1.27082   1.71164 -0.101504 0 0 0   -0.011 -0.02329  0.04412 -0.622329  0.683254  0.112008  -0.00253584 -0.000735299  -0.00192061 -0.00188692  -0.0813915      0.0313 -1.90159 -1.98291  -9.4164 
             48.9998 22.7733 17.4252 141.134   -1.33786    1.77317 -0.0918402 0 0 0   -0.011 -0.02329  0.04412 -0.731028  0.582161 0.0722469  -0.00256385 -0.000767949  -0.00192668 -0.00161062  -0.0821515   0.0316937 -1.90084  -1.9833 -9.41647 
             49.0997 22.8852 18.5756 143.957   -1.41768    1.82524 -0.0902712 0 0 0   -0.011 -0.02329  0.04412  -0.786041   0.437306 -0.0580224  -0.00254622 -0.000775879  -0.00193171 -0.00264233  -0.0822116   0.0313809 -1.90159  -1.9839 -9.41619 
             49.2007 23.4159 19.0976 146.875  -1.49546   1.86571 -0.100233 0 0 0   -0.011 -0.02329  0.04412   -0.78803   0.339992 -0.0800275   -0.0025446 -0.000802848  -0.00194255 -0.00234869  -0.0814214   0.0313942 -1.90186 -1.98316 -9.41629 
             49.2997 25.0692 18.3383 147.715  -1.57613   1.89396 -0.102826 0 0 0   -0.011 -0.02329  0.04412 -0.797363  0.336464 0.0798941  -0.00256977 -0.000820302  -0.00195852 -0.00256365   -0.083046     0.03157 -1.90098 -1.98445 -9.41619 
             49.4006 26.7796 18.5736 146.917   -1.65227    1.93677 -0.0918237 0 0 0   -0.011 -0.02329  0.04412 -0.736593  0.437469  0.152996  -0.00260637 -0.000762703  -0.00193201 -0.0019878 -0.0814522  0.0317613 -1.90149 -1.98296  -9.4164 
             49.5007 26.0072 21.3244 145.813   -1.72122     1.9779 -0.0679226 0 0 0   -0.011 -0.02329  0.04412 -0.604995   0.43465  0.163024  -0.00263487 -0.000746632  -0.00189313 -0.00251615  -0.0834112   0.0313028 -1.90081 -1.98471 -9.41617 
             49.6007 24.3501 23.7866 144.466   -1.77458     2.0202 -0.0597785 0 0 0   -0.011 -0.02329  0.04412  -0.517123   0.422963 -0.0168322    -0.002566 -0.000782412  -0.00186754 -0.00184518  -0.0836708    0.031489 -1.90017 -1.98452 -9.41634 
             49.7007 24.6219 26.1007 144.021  -1.81988   2.05597 -0.066399 0 0 0   -0.011 -0.02329  0.04412 -0.428306  0.361755 -0.054013  -0.00257395 -0.000786024   -0.0018589 -0.00126045  -0.0849522   0.0320716 -1.89882 -1.98508  -9.4165 
             49.8007 25.8614 27.2969  144.28   -1.85628    2.09013 -0.0705851 0 0 0   -0.011 -0.02329  0.04412  -0.407796   0.304684 -0.0533878  -0.00261639 -0.000799938  -0.00188149 0.000515817  -0.0846941   0.0324752  -1.8977  -1.9839 -9.41697 
             49.8997 26.2051 27.8061 144.576   -1.89644     2.1224 -0.0816434 0 0 0   -0.011 -0.02329  0.04412 -0.402145  0.327045  -0.14182  -0.00264805 -0.000772504  -0.00191016 0.000402503  -0.0839521   0.0325842 -1.89816 -1.98341 -9.41698 
             50.0006 26.1345 28.5013 144.784  -1.93807   2.15692 -0.102799 0 0 0   -0.011 -0.02329  0.04412  -0.41425  0.380931 -0.220657  -0.00264652 -0.000770316  -0.00191777 -3.84964e-05   -0.0837365    0.0328422 -1.89845 -1.98346 -9.41691 
             50.1007 25.9415 29.2015 145.566  -1.97995   2.19993 -0.127566 0 0 0   -0.011 -0.02329  0.04412 -0.402701  0.485574 -0.174353  -0.00263741 -0.000772055  -0.00192234 -0.000325447   -0.0832201    0.0331151 -1.89879 -1.98321  -9.4169 
             50.1997 25.1317 26.4495 145.987  -2.02209   2.25534 -0.134303 0 0 0   -0.011 -0.02329  0.04412  -0.440236   0.677614 -0.0274588  -0.00264195 -0.000780187  -0.00193559 -0.000622239   -0.0839627     0.032742 -1.89873 -1.98394 -9.41676 
             50.3007 23.3303 21.8703 145.987  -2.07035   2.33548 -0.131157 0 0 0   -0.011 -0.02329  0.04412 -0.491655  0.911043 0.0213562   -0.0026307 -0.000717134  -0.00196648 -0.000699079   -0.0843957     0.032329 -1.89873 -1.98433 -9.41667 
             50.4006 21.0897 16.5127 146.015  -2.11722   2.42952 -0.117029 0 0 0   -0.011 -0.02329  0.04412 -0.501469  0.922454  0.190718  -0.00259513 -0.000718866  -0.00198535 0.000221437  -0.0846207   0.0321189 -1.89814 -1.98402 -9.41686 
             50.5007  19.511 13.7726 147.614   -2.16188    2.51313 -0.0984437 0 0 0   -0.011 -0.02329  0.04412 -0.44428 0.811468 0.213129  -0.00254655 -0.000717528  -0.00200757 0.000812871  -0.0854397    0.032795 -1.89702 -1.98425 -9.41703 
             50.5997 19.1642 15.3138  149.53   -2.19715    2.58348 -0.0774954 0 0 0   -0.011 -0.02329  0.04412 -0.305319  0.572538  0.137506  -0.00252302 -0.000840246  -0.00202568 0.00217416 -0.0854396  0.0329834  -1.8961 -1.98351 -9.41738 
             50.7006 19.9143 15.0889 150.444    -2.2243    2.62963 -0.0650432 0 0 0   -0.011 -0.02329  0.04412 -0.234544  0.404462 0.0553882  -0.00254637 -0.000938152  -0.00201396 0.00187066 -0.0867057  0.0326695 -1.89564 -1.98463 -9.41723 
             50.8006 21.1862 14.0195   151.2   -2.24845    2.66301 -0.0634186 0 0 0   -0.011 -0.02329  0.04412 -0.234205  0.312038 0.0129236  -0.00259507 -0.000890391  -0.00200931 0.00149695 -0.0873759  0.0328567 -1.89541 -1.98528 -9.41714 
             50.9008 22.8826 12.8045 151.577   -2.27388    2.69141 -0.0646361 0 0 0   -0.011 -0.02329  0.04412 -0.279969  0.281363 -0.025701   -0.0026052 -0.000883706  -0.00202532 0.00155325 -0.0876869  0.0330815 -1.89512 -1.98544 -9.41717 
             51.0007 23.7302 10.9966   152.5   -2.30606    2.71557 -0.0782257 0 0 0   -0.011 -0.02329  0.04412 -0.348516  0.265843 -0.117895  -0.00261379 -0.000854788  -0.00203347 0.00133368 -0.0880796  0.0340432 -1.89474  -1.9857 -9.41719 
             51.0997 23.7415 9.56309 153.805   -2.34912    2.74444 -0.0913996 0 0 0   -0.011 -0.02329  0.04412 -0.472261  0.313404 -0.144765  -0.00257837 -0.000848778  -0.00205579 0.000526286  -0.0881031   0.0338301  -1.8953 -1.98618 -9.41697 
             51.2005 23.4825 8.76309 153.732   -2.4014   2.78238 -0.110184 0 0 0   -0.011 -0.02329  0.04412 -0.597709  0.367415 -0.209799  -0.00255631 -0.000847652  -0.00207259 0.000878905  -0.0862787   0.0337533 -1.89623 -1.98472  -9.4171 
             51.3007 24.9997 8.97736 151.096  -2.46474   2.82713 -0.127866 0 0 0   -0.011 -0.02329  0.04412 -0.711157  0.487953 -0.135408  -0.00254128 -0.000846306  -0.00206215 0.00177202 -0.0856216   0.033678  -1.8961 -1.98376 -9.41732 
             51.4008 28.0421 8.01423 146.856   -2.5342   2.88075 -0.122236 0 0 0   -0.011 -0.02329  0.04412 -0.660502  0.576727  0.192468  -0.00256498 -0.000828878  -0.00205925  0.0013346 -0.0858359  0.0335562 -1.89627 -1.98417  -9.4172 
             51.5005 29.0984 8.55186 143.173   -2.60133    2.93575 -0.0972176 0 0 0   -0.011 -0.02329  0.04412 -0.665873  0.596045  0.235371  -0.00258856 -0.000777219  -0.00207665 0.00109578 -0.0876527  0.0333631 -1.89532 -1.98559 -9.41709 
             51.6007 27.9532 9.55633 139.751 -2.65691  2.99771 -0.07355 0 0 0   -0.011 -0.02329  0.04412 -0.588355  0.618537   0.14111   -0.0025273 -0.000790545  -0.00209863 0.00321516 -0.0877699  0.0335143 -1.89384 -1.98447 -9.41763 
             51.7008 27.0506 9.18948 136.139 -2.71148  3.06221 -0.06644 0 0 0   -0.011 -0.02329  0.04412  -0.583173   0.686626 -0.0649686  -0.00249891 -0.000778951  -0.00210578  0.0040614 -0.0881489  0.0333755 -1.89308 -1.98428 -9.41782 
             51.8006 26.2443 9.11003 133.985   -2.76864    3.13584 -0.0852332 0 0 0   -0.011 -0.02329  0.04412 -0.566937   0.75853 -0.263334  -0.00248381 -0.000759039  -0.00213205 0.00444771 -0.0875232  0.0336032 -1.89314 -1.98362 -9.41795 
             51.9007 25.4815 8.01158 133.572  -2.82686   3.21582 -0.114163 0 0 0   -0.011 -0.02329  0.04412 -0.518101  0.829934 -0.216356 -0.00250111 -0.00075207 -0.00217405 0.00361253 -0.0870864  0.0336587 -1.89397 -1.98372 -9.41776 
             52.0008  25.052 6.62397 135.101  -2.87141   3.30297 -0.129567 0 0 0   -0.011 -0.02329  0.04412 -0.429999   0.88518 0.0448706  -0.00246933 -0.000765832  -0.00223274 0.00451274 -0.0860706  0.0344447 -1.89377  -1.9825 -9.41806 
             52.1006 26.0834 5.41338 137.699  -2.91199   3.38607 -0.113147 0 0 0   -0.011 -0.02329  0.04412 -0.429857  0.776689   0.15631  -0.00248811 -0.000795085  -0.00229766 0.00464592 -0.0870266  0.0339288 -1.89322 -1.98318 -9.41803 
             52.2007 25.3158 3.78287 139.891    -2.9551    3.46064 -0.0984781 0 0 0   -0.011 -0.02329  0.04412 -0.50576 0.720018 0.106429  -0.00248464 -0.000817712  -0.00231351 0.00541137  -0.086745  0.0340492  -1.8928  -1.9826 -9.41823 
             52.3006 25.0988 4.72264 142.452  -3.00912   3.53542 -0.087635 0 0 0   -0.011 -0.02329  0.04412   -0.580433    0.701335 -0.00784913  -0.00246037 -0.000801947  -0.00232411 0.00505501  -0.086552  0.0331418 -1.89328 -1.98269 -9.41812 
             52.4007 24.9157 6.26061 143.678   -3.07059    3.59925 -0.0966947 0 0 0   -0.011 -0.02329  0.04412 -0.649496  0.623096 -0.138771  -0.00246011 -0.000868602  -0.00231938 0.00529678 -0.0869583  0.0334952 -1.89283 -1.98285 -9.41817 
             52.5006 24.9739 6.42184  143.19  -3.13573   3.65624 -0.111834 0 0 0   -0.011 -0.02329  0.04412 -0.640234  0.601736 -0.131726  -0.00250764 -0.000883035  -0.00229845 0.00533999 -0.0879786  0.0337896 -1.89217 -1.98354 -9.41816 
             52.6006 26.0059 5.40936 141.621  -3.20599   3.71586 -0.127774 0 0 0   -0.011 -0.02329  0.04412  -0.673025   0.606774 -0.0395946  -0.00252394 -0.000869904  -0.00229838 0.00445326 -0.0874562  0.0342823 -1.89304 -1.98359 -9.41797 
             52.7007 26.9329 4.24298 139.861  -3.27127   3.78255 -0.127616 0 0 0   -0.011 -0.02329  0.04412 -0.667526  0.662317    0.1035  -0.00253492 -0.000856535   -0.0023127 0.00493416 -0.0861779  0.0346511 -1.89342  -1.9824 -9.41815 
             52.8007 26.5742 5.23427   138.9  -3.33065   3.85297 -0.119132 0 0 0   -0.011 -0.02329  0.04412 -0.613988  0.692012  0.099515  -0.0025054 -0.00083512 -0.00232348 0.00641913 -0.0851987  0.0349516 -1.89292 -1.98091 -9.41856 
             52.9007 25.7494 5.73123  138.15  -3.38921   3.92331 -0.111968 0 0 0   -0.011 -0.02329  0.04412  -0.55495  0.715176 0.0187117  -0.00249074 -0.000854111   -0.0023228 0.00642016 -0.0850663  0.0350265 -1.89299 -1.98081 -9.41857 
             53.0005 26.4485 6.38834 136.657  -3.44126    3.9969 -0.116198 0 0 0   -0.011 -0.02329  0.04412 -0.568932  0.756642 -0.126033  -0.00246757 -0.000869657  -0.00233997 0.00736571 -0.0853141  0.0350517 -1.89218 -1.98051  -9.4188 
             53.1006 27.6023 7.68104 134.568  -3.49934   4.06495 -0.138662 0 0 0   -0.011 -0.02329  0.04412 -0.534288  0.706822 -0.281001  -0.00251034 -0.000854679  -0.00232885 0.00711841 -0.0866203  0.0354738 -1.89155 -1.98156  -9.4187 
             53.2006 27.9659 7.04451 132.979  -3.54726   4.14064 -0.164759 0 0 0   -0.011 -0.02329  0.04412 -0.493663  0.767663 -0.168589 -0.00251338 -0.00086799 -0.00232837  0.0078963 -0.0857983  0.0355568 -1.89145 -1.98058 -9.41893 
             53.3007 27.2923 6.32985 132.658  -3.59581   4.21979 -0.162196 0 0 0   -0.011 -0.02329  0.04412 -0.472075  0.784443 0.0841346  -0.00250666 -0.000804529  -0.00238421 0.00737646 -0.0862716  0.0347525 -1.89166 -1.98121 -9.41875 
             53.3997 26.8937 6.53405 133.439  -3.64116   4.29605 -0.147626 0 0 0   -0.011 -0.02329  0.04412 -0.483198  0.668902  0.111631  -0.00245661 -0.000825372  -0.00241384 0.00764024 -0.0860518  0.0340449 -1.89168 -1.98096  -9.4188 
             53.5006 27.2337 5.88617 134.242  -3.69315   4.35752 -0.136501 0 0 0   -0.011 -0.02329  0.04412 -0.555798  0.577936  0.120875 -0.00245182 -0.00085347 -0.00243086 0.00747315 -0.0861444  0.0341912 -1.89173  -1.9811 -9.41876 
             53.6006 26.4092 6.54971  136.89 -3.75482  4.41198 -0.12987 0 0 0   -0.011 -0.02329  0.04412 -0.650005  0.511538 0.0249445  -0.00247766 -0.000844585  -0.00244625 0.00740352 -0.0860095  0.0343908 -1.89183 -1.98102 -9.41876 
             53.7005 25.7356 7.21082 138.821  -3.82059   4.45746 -0.135858 0 0 0   -0.011 -0.02329  0.04412 -0.677358  0.436755  -0.12092  -0.00246181 -0.000888201  -0.00247868 0.00772867 -0.0863824  0.0346957 -1.89136 -1.98114 -9.41883 
             53.8011 25.7662   6.845 138.764  -3.89105   4.49642 -0.152182 0 0 0   -0.011 -0.02329  0.04412  -0.705877   0.412316 -0.0887561   -0.0024786 -0.000923842  -0.00247202 0.00786244 -0.0866364  0.0354338 -1.89105 -1.98123 -9.41887 
             53.9007  26.244 6.54585 137.374  -3.95787   4.54317 -0.154424 0 0 0   -0.011 -0.02329  0.04412 -0.673093  0.499625 0.0707411  -0.00249186 -0.000912746  -0.00245737  0.0084226 -0.0861506  0.0354691  -1.8909 -1.98061 -9.41903 
             54.0007 27.7016 7.51469 136.165  -4.02021   4.59863 -0.138474 0 0 0   -0.011 -0.02329  0.04412 -0.614472  0.523079  0.105832   -0.0024986 -0.000903454  -0.00246124 0.00849857 -0.0859112  0.0347938 -1.89107 -1.98044 -9.41903 
             54.0997 28.8133 8.46634 134.423  -4.07858    4.6497 -0.130204 0 0 0   -0.011 -0.02329  0.04412 -0.589779  0.509682 0.0869427  -0.00248505 -0.000919283  -0.00246507 0.00887566 -0.0857202  0.0348536  -1.8909 -1.98012 -9.41914 
             54.1997 29.2803 10.0736 132.774  -4.13435   4.70694 -0.127092 0 0 0   -0.011 -0.02329  0.04412 -0.585092  0.544152 0.0293869  -0.00249388 -0.000894231   -0.0024752  0.0094273 -0.0844584  0.0351002 -1.89116 -1.97893 -9.41933 
             54.3006 29.1904 11.9695 132.594  -4.19192   4.75979 -0.132598 0 0 0   -0.011 -0.02329  0.04412  -0.561644   0.521237 -0.0866258  -0.00247985 -0.000894594  -0.00247657 0.00966313 -0.0842933  0.0356088 -1.89101 -1.97868 -9.41942 
             54.4006 29.1747 12.8841 132.751   -4.2458   4.80934 -0.147317 0 0 0   -0.011 -0.02329  0.04412 -0.516151   0.51456  -0.16111  -0.00247573 -0.000909807  -0.00250149 0.00979681 -0.0845014  0.0358774 -1.89076 -1.97877 -9.41945 
             54.4997 28.7944 13.7813 131.615  -4.29383   4.85952 -0.158737 0 0 0   -0.011 -0.02329  0.04412   -0.43406   0.548627 -0.0979243  -0.00249186 -0.000891189  -0.00251689 0.00986499   -0.08533  0.0356812 -1.89033 -1.97936 -9.41941 
             54.6005 28.4807 13.0853 129.979  -4.33537   4.91248 -0.157825 0 0 0   -0.011 -0.02329  0.04412 -0.411376  0.533344 0.0979673  -0.00249339 -0.000887712  -0.00250449 0.00991293 -0.0857213   0.035581 -1.89012 -1.97963 -9.41939 
             54.7005 27.8768 11.6106 128.706  -4.37489    4.9662 -0.146142 0 0 0   -0.011 -0.02329  0.04412 -0.430406  0.476449 0.0907983  -0.00250071 -0.000831376  -0.00252911   0.010132 -0.0852397  0.0353841 -1.89022 -1.97918 -9.41947 
             54.8006 27.1616 10.0667 128.371  -4.41853   5.00982 -0.137862 0 0 0   -0.011 -0.02329  0.04412  -0.47808  0.398364 0.0804852  -0.00248301 -0.000818984  -0.00255738 0.0104465 -0.085214 0.0353354 -1.89001 -1.97904 -9.41954 
             54.9007 26.0099  9.2911 129.906   -4.467  5.04711 -0.12915 0 0 0   -0.011 -0.02329  0.04412 -0.500261  0.336045 0.0765571  -0.00246517 -0.000852683  -0.00258956  0.0105524 -0.0851622  0.0352793 -1.88997 -1.97896 -9.41957 
             54.9997 25.2073 9.19512 131.344   -4.5191   5.07837 -0.125632 0 0 0   -0.011 -0.02329  0.04412  -0.517678   0.264287 0.00630576  -0.00243262 -0.000878761  -0.00261548  0.0102917 -0.0849386  0.0353455 -1.89026 -1.97888 -9.41952 
             55.0997  24.914 9.18464 131.406  -4.57112    5.1028 -0.128781 0 0 0   -0.011 -0.02329  0.04412   -0.51411   0.211424 -0.0461648  -0.00243673 -0.000894519  -0.00261771  0.0102082 -0.0847561  0.0353163 -1.89041 -1.97878 -9.41952 
             55.2005 25.8545 9.05701 130.924   -4.6201   5.12217 -0.128813 0 0 0   -0.011 -0.02329  0.04412 -0.467706  0.180316 0.0462095  -0.00243573 -0.000900561  -0.00261147  0.0102611 -0.0848803  0.0351697 -1.89033 -1.97886 -9.41952 
             55.3005   28.02 8.34722 128.362 -4.66222  5.14032 -0.12102 0 0 0   -0.011 -0.02329  0.04412 -0.414659  0.175512  0.138236   -0.0024658 -0.000897629  -0.00261481  0.0105601 -0.0846171  0.0352677 -1.89022 -1.97854  -9.4196 
             55.4006 28.8006 8.49089 125.058  -4.69894   5.15736 -0.107059 0 0 0   -0.011 -0.02329  0.04412 -0.372829  0.163671  0.109179  -0.00245245 -0.000857672  -0.00261659  0.0111638 -0.0845432  0.0353051  -1.8898 -1.97824 -9.41975 
             55.5005 28.9768 8.71756 123.086 -4.73868  5.16886 -0.10059 0 0 0   -0.011 -0.02329  0.04412 -0.322252  0.149517 0.0758996  -0.00245705 -0.000842634  -0.00261013  0.0106162 -0.0851531  0.0357099 -1.88987 -1.97889  -9.4196 
             55.6006 28.7267 9.83661 122.369   -4.76911    5.18254 -0.0977039 0 0 0   -0.011 -0.02329  0.04412 -0.272241  0.140664 0.0186586  -0.00243803 -0.000836383  -0.00265404  0.0107303 -0.0851897   0.036092 -1.88973 -1.97886 -9.41963 
             55.7007 27.8489 11.2743 122.364  -4.78835   5.19659 -0.102573 0 0 0   -0.011 -0.02329  0.04412   -0.175899    0.138944 -0.00390356  -0.00240129 -0.000870894  -0.00267234 0.0113489 -0.084517 0.0367255 -1.88949 -1.97812 -9.41984 
             55.7996 26.7954 12.0964 122.663   -4.80076    5.20908 -0.0997597 0 0 0   -0.011 -0.02329  0.04412  -0.115414   0.144627 -0.0208391  -0.00242464 -0.000890645  -0.00268798  0.0116531 -0.0850055  0.0364429 -1.88907 -1.97842 -9.41986 
             55.9005 26.3101  13.478  122.64   -4.80847    5.22901 -0.0990835 0 0 0   -0.011 -0.02329  0.04412  -0.093687   0.200695 -0.0309541  -0.00240423 -0.000890318  -0.00271478  0.0117769 -0.0846669  0.0358226 -1.88915 -1.97813  -9.4199 
             56.0006 27.2401 15.8119 122.074  -4.81562   5.25439 -0.102852 0 0 0   -0.011 -0.02329  0.04412 -0.137914  0.218989 -0.050878  -0.00243728 -0.000919086  -0.00269355   0.012049 -0.0839397  0.0355614 -1.88923 -1.97749 -9.42002 
             56.1006 27.3628 19.0759 121.555  -4.83215   5.27686 -0.106857 0 0 0   -0.011 -0.02329  0.04412  -0.200992   0.224957 -0.0409099  -0.00249586 -0.000918376  -0.00267441 0.0120887 -0.083956 0.0354813  -1.8892 -1.97749 -9.42003 
             56.1996 26.7732 22.2708 121.892 -4.85511  5.29601 -0.11434 0 0 0   -0.011 -0.02329  0.04412  -0.243506   0.189373 -0.0529965 -0.00249122 -0.00092346 -0.00268027  0.0121324 -0.0839273  0.0359313 -1.88912 -1.97746 -9.42005 
             56.3006 26.8349 25.0721 122.185  -4.88318   5.31493 -0.121572 0 0 0   -0.011 -0.02329  0.04412  -0.299935   0.212807 -0.0767471  -0.00250265 -0.000942392   -0.0026786  0.0120722 -0.0840689  0.0361238 -1.88908 -1.97758 -9.42003 
             56.4007  27.478 28.6645 122.442  -4.91531   5.33669 -0.128072 0 0 0   -0.011 -0.02329  0.04412 -0.352643  0.261956 -0.153293  -0.00255468 -0.000944058  -0.00268482  0.0123441 -0.0846179   0.035624 -1.88882 -1.97793 -9.42001 
             56.5005 28.0571 33.2288 122.946 -4.95402  5.36193 -0.14577 0 0 0   -0.011 -0.02329  0.04412 -0.340001  0.288549 -0.138329  -0.00257706 -0.000953036  -0.00268721   0.012041 -0.0850074  0.0360063 -1.88883 -1.97832 -9.41993 
             56.6005 27.8391 36.4991 122.211  -4.98611    5.3925 -0.158648 0 0 0   -0.011 -0.02329  0.04412  -0.295816   0.310603 -0.0784616  -0.00261597 -0.000963057  -0.00270286 0.0118509 -0.084819 0.0362097 -1.88895 -1.97824 -9.41992 
             56.7005  27.089 38.0913 120.865  -5.01049   5.42563 -0.163242 0 0 0   -0.011 -0.02329  0.04412  -0.252442   0.324279 -0.0833108  -0.00265797 -0.000940869  -0.00269115 0.0123602 -0.084657 0.0358442 -1.88878 -1.97795 -9.42002 
             56.8006 26.4013 38.4354 120.026  -5.03363   5.46132 -0.175653 0 0 0   -0.011 -0.02329  0.04412 -0.210859  0.391258 -0.125404   -0.002672 -0.00090146  -0.0026952  0.0122532 -0.0844723  0.0360035 -1.88881 -1.97786 -9.42003 
             56.9007 24.9723 38.5439 119.922  -5.05084    5.5054 -0.183339 0 0 0   -0.011 -0.02329  0.04412  -0.138993    0.49956 -0.0422262  -0.00267471 -0.000899192  -0.00272367   0.012408 -0.0844628  0.0357752 -1.88883 -1.97778 -9.42004 
             57.0005 23.2544 39.2906 119.105  -5.06128   5.56631 -0.184634 0 0 0   -0.011 -0.02329  0.04412 -0.0938494   0.618662  0.0517856  -0.00264384 -0.000891913  -0.00273659  0.0121365 -0.0839883  0.0356728 -1.88912 -1.97746 -9.42005 
             57.0996 20.8257 40.5375 118.039  -5.06995   5.61988 -0.177322 0 0 0   -0.011 -0.02329  0.04412 -0.0844818   0.429973  0.0333496  -0.00266689 -0.000923302  -0.00271801  0.0124303 -0.0840501  0.0354126 -1.88908 -1.97739 -9.42007 
             57.1996 18.6244 41.0768 117.429   -5.0796   5.65264 -0.176322 0 0 0   -0.011 -0.02329  0.04412 -0.0716017   0.265196  0.0282268  -0.00264131 -0.000931042  -0.00272119  0.0121459 -0.0843056  0.0356924 -1.88906 -1.97769 -9.42001 
             57.3005 17.7082 40.8883 117.572  -5.08336     5.671 -0.172797 0 0 0   -0.011 -0.02329  0.04412 -0.0494122   0.164733  0.0471403  -0.00266187 -0.000930584  -0.00273547 0.0124808 -0.084439 0.0360783 -1.88862 -1.97781 -9.42008 
             57.4007 17.0224  40.538 117.263  -5.09046   5.68383 -0.170089 0 0 0   -0.011 -0.02329  0.04412 -0.0657209   0.138329 0.00340071   -0.0026941 -0.000934007  -0.00275375  0.0124295 -0.0847337  0.0362082 -1.88854 -1.97807 -9.42004 
             57.5004 16.8571 40.6208 116.902  -5.09716   5.69546 -0.168356 0 0 0   -0.011 -0.02329  0.04412 -0.0917036   0.129285  -0.014881  -0.00269208 -0.000933402   -0.0027573  0.0128389 -0.0849305  0.0361408 -1.88834 -1.97814 -9.42006 
             57.6005 16.7269 40.8969 116.651  -5.11385   5.70867 -0.170689 0 0 0   -0.011 -0.02329  0.04412  -0.145828   0.123224 -0.0461305  -0.00272398 -0.000927085   -0.0027667  0.0123313 -0.0852065  0.0358659 -1.88878 -1.97838 -9.41993 
             57.7005 17.3558 41.5475 116.007  -5.13587   5.71805 -0.177825 0 0 0   -0.011 -0.02329  0.04412  -0.205257   0.127311 -0.0558207  -0.00272608 -0.000950288  -0.00277965  0.0117585 -0.0858614  0.0361266 -1.88885 -1.97899 -9.41978 
             57.7996 18.7922 42.4846 114.408  -5.16118   5.73291 -0.183095 0 0 0   -0.011 -0.02329  0.04412  -0.294349   0.184978 -0.0447785  -0.00273341 -0.000949876  -0.00279938 0.0116618  -0.08598   0.03613 -1.88889 -1.97909 -9.41975 
             57.9005 19.5134 43.6863 111.592 -5.19131  5.75596 -0.19025 0 0 0   -0.011 -0.02329  0.04412   -0.41611    0.21042 -0.0250326   -0.0027473 -0.000930365  -0.00278607  0.0117321 -0.0852282  0.0363472 -1.88877 -1.97855 -9.41989 
             58.0006  19.427  43.796 108.749  -5.23426   5.78279 -0.192317 0 0 0   -0.011 -0.02329  0.04412  -0.520177   0.277897 -0.0210924  -0.00275828 -0.000900765  -0.00276656  0.0119996 -0.0846504   0.036224 -1.88874 -1.97807    -9.42 
             58.0996   20.12 43.6196 105.739  -5.29878   5.81098 -0.191372 0 0 0   -0.011 -0.02329  0.04412  -0.675411   0.325501 -0.0244645  -0.00274937 -0.000864184  -0.00280257  0.0119036 -0.0853349  0.0359922 -1.88894 -1.97853 -9.41986 
             58.1996 20.7656 43.1519  101.25  -5.37057   5.84182 -0.191685 0 0 0   -0.011 -0.02329  0.04412   -0.707657    0.342385 -0.00803924  -0.00276439 -0.000845453  -0.00281898  0.0121593 -0.0856429  0.0360118 -1.88881 -1.97874 -9.41985 
             58.3004 22.7284 43.4419 95.0622  -5.43446   5.87819 -0.184502 0 0 0   -0.011 -0.02329  0.04412 -0.513834  0.348191  0.172658  -0.00278068 -0.000786269  -0.00283058  0.0119867 -0.0856515  0.0357725 -1.88904 -1.97866 -9.41981 
             58.3996  25.919 43.8082 91.8702  -5.47908   5.90676 -0.163917 0 0 0   -0.011 -0.02329  0.04412 -0.382459  0.265513  0.212239  -0.00282125 -0.000761181  -0.00282343  0.0120535 -0.0857371  0.0361082 -1.88883 -1.97886 -9.41981 
             58.5004 27.5664 43.0937 90.8499  -5.50855   5.92725 -0.144506 0 0 0   -0.011 -0.02329  0.04412 -0.257199  0.136082  0.148774  -0.00280712 -0.000682407  -0.00290818  0.0122841 -0.0855804  0.0359634 -1.88875 -1.97875 -9.41985 
             58.6005 27.1115 40.9222 89.2658  -5.53425   5.93692 -0.128686 0 0 0   -0.011 -0.02329  0.04412 -0.232031  0.118289  0.107019  -0.00276081 -0.000698113  -0.00297215  0.0126426 -0.0858306  0.0358477 -1.88875 -1.97887 -9.41983 
             58.7005 24.5807 38.2582  87.663  -5.55739   5.94525 -0.127533 0 0 0   -0.011 -0.02329  0.04412 -0.228171   0.10313 0.0113908  -0.00265959 -0.000598056  -0.00301244  0.0122081 -0.0856284  0.0364364 -1.88872 -1.97906  -9.4198 
             58.8005 21.8539 36.2939 87.5518  -5.58126   5.95553 -0.130575 0 0 0   -0.011 -0.02329  0.04412  -0.236454   0.147191 -0.0389287  -0.00260238 -0.000606895  -0.00301363  0.0120881 -0.0855455  0.0366463 -1.88871 -1.97913 -9.41978 
             58.9008 21.0328 37.3755 91.5097  -5.60609   5.97738 -0.140513 0 0 0   -0.011 -0.02329  0.04412 -0.245754   0.26188 -0.102522  -0.00255192 -0.000621208  -0.00303306  0.0116828 -0.0855338  0.0368695 -1.88881 -1.97907 -9.41977 
             59.0005 23.0215 40.1828 99.7184  -5.63245   6.00665 -0.155646 0 0 0   -0.011 -0.02329  0.04412 -0.271785  0.258602 -0.127135  -0.00252285 -0.000679502  -0.00305199  0.0113019 -0.0854585   0.037058 -1.88886 -1.97898 -9.41978 
             59.1005 25.2651 40.0602 107.076  -5.65803   6.03697 -0.161547 0 0 0   -0.011 -0.02329  0.04412 -0.228442  0.284423 -0.142321  -0.00255807 -0.000765475   -0.0030728 0.0115953 -0.085831 0.0361948 -1.88894 -1.97878 -9.41981 
             59.1996 26.8533 39.2525 112.451  -5.68112   6.06762 -0.169794 0 0 0   -0.011 -0.02329  0.04412 -0.169221  0.375414 -0.125037 -0.00259793 -0.00079154 -0.00307224  0.0120966 -0.0862462  0.0358526 -1.88903  -1.9789 -9.41977 
             59.3005 27.8069 37.1481  115.73  -5.69204   6.11537 -0.179488 0 0 0   -0.011 -0.02329  0.04412  -0.140294   0.533749 -0.0980693 -0.00261198 -0.00080505 -0.00304718  0.0122092 -0.0859576  0.0355071 -1.88891 -1.97866 -9.41984 
             59.3996 26.9645 33.7901 118.531  -5.70525    6.1739 -0.187015 0 0 0   -0.011 -0.02329  0.04412  -0.156053     0.6503 -0.0749104  -0.00264786 -0.000808646  -0.00303273  0.0125355 -0.0859521   0.035338 -1.88878 -1.97862 -9.41987 
             59.5005 25.4035 29.9461 121.902  -5.72288   6.24845 -0.191822 0 0 0   -0.011 -0.02329  0.04412 -0.202727  0.775757 0.0867571  -0.00258268 -0.000793161  -0.00304112  0.0119146 -0.0855501  0.0354121 -1.88905  -1.9784 -9.41987 
             59.5996 23.6965  28.538 123.906 -5.74489  6.32387 -0.18051 0 0 0   -0.011 -0.02329  0.04412 -0.225109  0.673777  0.115818  -0.00256077 -0.000825925  -0.00304884  0.0118058 -0.0854982  0.0355578 -1.88905 -1.97842 -9.41986 
             59.7006 22.7002 26.9715 123.732  -5.77034   6.38512 -0.173458 0 0 0   -0.011 -0.02329  0.04412 -0.301214  0.568582 0.0305361  -0.00256089 -0.000907145  -0.00299841  0.0117986 -0.0855187  0.0356927   -1.889 -1.97846 -9.41986 
             59.8008 22.9491 25.9398 123.991  -5.80532   6.43581 -0.175624 0 0 0   -0.011 -0.02329  0.04412 -0.388826  0.493775 -0.045285  -0.00260865 -0.000879266  -0.00297358  0.0117263 -0.0856818  0.0359043 -1.88893 -1.97862 -9.41985 
             59.9005 23.0386 25.2898 124.369  -5.85293   6.47983 -0.184604 0 0 0   -0.011 -0.02329  0.04412  -0.493085   0.421632 -0.0865776  -0.00261734 -0.000918248  -0.00297215  0.0112583 -0.0859599  0.0362056 -1.88905 -1.97895 -9.41975 
             60.0005 23.3757 24.2638  124.89  -5.90502   6.51627 -0.197341 0 0 0   -0.011 -0.02329  0.04412 -0.564232  0.375406 -0.128576  -0.00258227 -0.000944417  -0.00297971  0.0114722 -0.0862505  0.0365594  -1.8887 -1.97913 -9.41979 
             60.1006 24.2584 23.9737  124.62  -5.96891   6.55064 -0.207739 0 0 0   -0.011 -0.02329  0.04412  -0.629541   0.398088 -0.0126049 -0.00261924 -0.00093968 -0.00298903  0.0111378 -0.0867899  0.0368261 -1.88866  -1.9796 -9.41969 
             60.1996 25.1598 24.9898 123.355  -6.02857   6.59528 -0.196937 0 0 0   -0.011 -0.02329  0.04412 -0.616416  0.472806  0.137039  -0.00260842 -0.000969146  -0.00298805  0.0116144 -0.0867777  0.0365683 -1.88844 -1.97948 -9.41976 
             60.3004 24.7765 26.1939  122.19  -6.08872   6.64171 -0.182717 0 0 0   -0.011 -0.02329  0.04412 -0.554556  0.455307  0.088696  -0.00260735 -0.000945528  -0.00298942  0.0115379 -0.0868233  0.0362584 -1.88859 -1.97954 -9.41972 
             60.4004 24.8839 27.6963 121.809  -6.14028   6.69254 -0.176956 0 0 0   -0.011 -0.02329  0.04412 -0.498103  0.514584 0.0194211  -0.00262429 -0.000932802  -0.00299267  0.0115871 -0.0865253  0.0361716 -1.88867 -1.97931 -9.41975 
             60.5005 25.3556  29.865 121.727  -6.18215    6.7485 -0.182651 0 0 0   -0.011 -0.02329  0.04412  -0.398348   0.519885 -0.0637111 -0.00261009  -0.0009457 -0.00300272  0.0116417 -0.0856986  0.0364013 -1.88878  -1.9787 -9.41986 
             60.6005 26.3872 30.7765 121.216  -6.21878   6.79994 -0.188761 0 0 0   -0.011 -0.02329  0.04412 -0.338046   0.49654 -0.128681 -0.00265097 -0.00094403 -0.00300584  0.0117196 -0.0858288    0.03596 -1.88885 -1.97876 -9.41983 
             60.7007 26.1468 30.4186 120.164  -6.24995   6.84643 -0.200089 0 0 0   -0.011 -0.02329  0.04412 -0.274763  0.492404 -0.111226  -0.00265703 -0.000922354  -0.00302879  0.0120069 -0.0862101  0.0359967 -1.88856 -1.97899 -9.41984 
             60.8005 25.2862 28.6608  118.68  -6.26948   6.89784 -0.205952 0 0 0   -0.011 -0.02329  0.04412  -0.154939   0.492576 -0.0203872  -0.00264657 -0.000878581  -0.00302597  0.0122572 -0.0859298  0.0357838 -1.88853 -1.97872  -9.4199 
             60.9007 25.1888 25.9862 116.472  -6.28235   6.94483 -0.199035 0 0 0   -0.011 -0.02329  0.04412 -0.120434  0.520312 0.0950106  -0.00264313 -0.000854188  -0.00304253  0.0125657 -0.0863945  0.0357992 -1.88824 -1.97901  -9.4199 
             61.0004  25.382 24.2895 115.434  -6.29645   6.99273 -0.193709 0 0 0   -0.011 -0.02329  0.04412 -0.177592  0.431171 0.0426214  -0.00263446 -0.000844961  -0.00306146  0.0125441 -0.0863457    0.03614 -1.88814 -1.97902 -9.41992 
             61.1004 25.1866 21.9402 115.425  -6.32216   7.03158 -0.188781 0 0 0   -0.011 -0.02329  0.04412 -0.254919  0.347755 0.0272196  -0.00263227 -0.000849193  -0.00309073  0.0121385 -0.0866962  0.0358649 -1.88845 -1.97928  -9.4198 
             61.2004 24.8781 20.7144 116.548  -6.35131   7.06281 -0.182999 0 0 0   -0.011 -0.02329  0.04412 -0.305608  0.299283 0.0591924  -0.00260203 -0.000858041  -0.00312449  0.0122124 -0.0869553  0.0358168 -1.88838 -1.97945 -9.41978 
             61.3004  24.353 19.8802 117.874 -6.37968  7.08893 -0.17907 0 0 0   -0.011 -0.02329  0.04412 -0.298805   0.20364 0.0291224  -0.00253877 -0.000919056   -0.0031582  0.0123569 -0.0867023  0.0359005 -1.88829 -1.97927 -9.41984 
             61.4004 24.5268 18.1237 118.206  -6.40809    7.1039 -0.176481 0 0 0   -0.011 -0.02329  0.04412 -0.312913  0.140793 0.0100099  -0.00254156 -0.000932606  -0.00316101  0.0127288 -0.0868195  0.0358648 -1.88802 -1.97933 -9.41988 
             61.5005 25.2695 16.5893 118.044  -6.43989   7.12257 -0.181532 0 0 0   -0.011 -0.02329  0.04412  -0.364465   0.108799 0.00185224  -0.00253328 -0.000909582  -0.00315105  0.0123006 -0.0858505  0.0361475 -1.88842 -1.97867 -9.41994 
             61.6006 25.7696 14.8069 117.518  -6.47862    7.1331 -0.180024 0 0 0   -0.011 -0.02329  0.04412 -0.419536 0.0662037 0.0499835  -0.00252737 -0.000910585  -0.00315774  0.0121846 -0.0855965  0.0361447 -1.88855  -1.9785 -9.41995 
             61.6995 25.6719 12.0296 116.328  -6.52232   7.13704 -0.175207 0 0 0   -0.011 -0.02329  0.04412 -0.438152 0.0247692  0.104804  -0.00250245 -0.000888147  -0.00315855  0.0121547 -0.0855171  0.0364952 -1.88854 -1.97844 -9.41996 
             61.8004 24.7663 8.67365 114.617  -6.56573   7.13473 -0.160127 0 0 0   -0.011 -0.02329  0.04412  -0.426967 0.00851989   0.137161  -0.00247911 -0.000879696  -0.00317024   0.012466 -0.0860104  0.0364539 -1.88821 -1.97876 -9.41996 
             61.9004  23.837 4.83781 113.191  -6.60717   7.13426 -0.151755 0 0 0   -0.011 -0.02329  0.04412  -0.376727 -0.0174762  0.0184147  -0.00243392 -0.000864029  -0.00318996  0.0124943 -0.0860882  0.0364584 -1.88817 -1.97881 -9.41996 
             62.0006  23.8782 -1.62505  111.387  -6.63882   7.12804 -0.156165 0 0 0   -0.011 -0.02329  0.04412   -0.281189  -0.0696036 -0.00575984  -0.00241913 -0.000848718  -0.00320613  0.0126996 -0.0858928  0.0370018 -1.88804 -1.97861 -9.42002 
             62.1004  23.9022 -7.76399  109.075  -6.66387   7.12006 -0.156045 0 0 0   -0.011 -0.02329  0.04412  -0.262883  -0.019165 -0.0166572  -0.0024045 -0.00084406 -0.00323551  0.0131377 -0.0861392  0.0369671 -1.88765 -1.97876 -9.42007 
             62.2004  24.0836 -11.8923  106.216  -6.68585   7.11874 -0.161469 0 0 0   -0.011 -0.02329  0.04412 -0.235221 0.0250894 -0.081832  -0.00234675 -0.000872231  -0.00323886  0.0136158 -0.0860687  0.0370205  -1.8873 -1.97868 -9.42016 
             62.2995  24.3476 -16.2477  103.957  -6.70694   7.12647 -0.167264 0 0 0   -0.011 -0.02329  0.04412 -0.213776 0.0698876 -0.107147  -0.00230658 -0.000915423  -0.00325426   0.013353 -0.0858972  0.0364837 -1.88744 -1.97869 -9.42013 
             62.4005  24.352 -21.064 102.979  -6.72595   7.12889 -0.183083 0 0 0   -0.011 -0.02329  0.04412 -0.179894 0.0762319 -0.124048   -0.0022704 -0.000957324  -0.00327712  0.0139971 -0.0861099  0.0368816 -1.88702 -1.97871 -9.42021 
             62.5006  25.1347 -26.2282   101.93   -6.7461   7.14099 -0.182423 0 0 0   -0.011 -0.02329  0.04412  -0.172393  0.0686514 -0.0324166    -0.002264 -0.000935299  -0.00333079  0.0128004 -0.0863868  0.0358512 -1.88747 -1.97934 -9.41999 
             62.6003   25.484 -30.9026  101.111  -6.75958   7.14914 -0.188401 0 0 0   -0.011 -0.02329  0.04412  -0.184379  0.0629426 -0.0290596  -0.00222899 -0.000969687  -0.00335086 0.0133755 -0.085771 0.0362592 -1.88732 -1.97871 -9.42015 
             62.7005  25.1435 -34.5555  100.884  -6.77506   7.15655 -0.195297 0 0 0   -0.011 -0.02329  0.04412  -0.195498  0.0405382 -0.0328439  -0.00219814 -0.000973965  -0.00338965 0.0138126 -0.085153 0.0365966 -1.88725 -1.97809 -9.42029 
             62.8005  25.7033 -37.0651   99.176  -6.79499   7.16105 -0.198615 0 0 0   -0.011 -0.02329  0.04412  -0.211513  0.0219715 -0.0356392 -0.00217083 -0.00100307  -0.0033888  0.0137793 -0.0849857  0.0366542 -1.88732 -1.97795 -9.42031 
             62.9005  26.8134 -38.4856  96.8423  -6.80961   7.16636 -0.204832 0 0 0   -0.011 -0.02329  0.04412   -0.202523 -0.00613493   -0.034435 -0.00213806 -0.00100872 -0.00341211  0.0141935 -0.0841079  0.0367703 -1.88717 -1.97727 -9.42048 
             63.0005  28.4346 -39.4693  94.0478  -6.82875   7.16567 -0.210222 0 0 0   -0.011 -0.02329  0.04412   -0.22614  0.0121123 0.00431532 -0.00212097 -0.00100426 -0.00340399   0.014916 -0.0838062  0.0371746 -1.88703 -1.97673 -9.42062 
             63.1005  28.6279 -39.1546  92.5648   -6.8503   7.16911 -0.205827 0 0 0   -0.011 -0.02329  0.04412 -0.260376 0.0472102 0.0508084   -0.0021268 -0.000992034  -0.00340751  0.0146878 -0.0836544  0.0368027  -1.8869 -1.97692 -9.42061 
             63.2005   27.975 -38.2844  92.1547  -6.86484   7.17883 -0.199924 0 0 0   -0.011 -0.02329  0.04412 -0.234246 0.0735949   0.06504 -0.00209207  -0.0010074 -0.00341162   0.014786 -0.0827053  0.0364495 -1.88659 -1.97658 -9.42074 
             63.3004  26.7481 -36.8553  92.2386  -6.88105   7.18343 -0.195439 0 0 0   -0.011 -0.02329  0.04412 -0.235585    0.1322  0.108058 -0.00208069 -0.00105047 -0.00344034  0.0154751 -0.0824869  0.0360626 -1.88598 -1.97662 -9.42085 
             63.4005  24.8564 -31.8985   92.385  -6.90329   7.20179 -0.178298 0 0 0   -0.011 -0.02329  0.04412 -0.256306  0.283596  0.207125 -0.00208664 -0.00105594 -0.00343043  0.0154516 -0.0825997  0.0356667 -1.88574 -1.97698 -9.42083 
             63.5005 22.1195 -24.053 92.5791  -6.92415   7.23555 -0.155207 0 0 0   -0.011 -0.02329  0.04412  -0.2497 0.362581 0.201183 -0.00208521 -0.00112188 -0.00339778  0.0150869 -0.0823127   0.035151 -1.88555 -1.97725 -9.42081 
             63.6005 20.2984 -15.845 92.3028  -6.94326   7.27038 -0.132874 0 0 0   -0.011 -0.02329  0.04412 -0.186172  0.321441   0.14684  -0.0021348 -0.00118354 -0.00336887  0.0143599 -0.0824113   0.034473 -1.88548 -1.97789 -9.42069 
             63.6995  19.1094 -9.81652  92.0594  -6.95674   7.29483 -0.125571 0 0 0   -0.011 -0.02329  0.04412  -0.14982  0.228026 0.0719298 -0.00220382 -0.00123614 -0.00333376   0.015094 -0.0822037  0.0344982 -1.88513 -1.97773 -9.42079 
             63.8003  18.8333 -6.49952  90.3051  -6.96634   7.31185 -0.127802 0 0 0   -0.011 -0.02329  0.04412  -0.086321   0.149665 0.00521844 -0.00229455 -0.00120573 -0.00336711   0.016001 -0.0818886  0.0350082 -1.88489 -1.97721 -9.42095 
             63.9003  19.4852 -4.20098  85.2255  -6.97014   7.32465 -0.130585 0 0 0   -0.011 -0.02329  0.04412  -0.0634136    0.105896 -0.00693954 -0.00236475   -0.001125 -0.00335238  0.0162945 -0.0815477  0.0351635 -1.88474 -1.97696 -9.42103 
             64.0003  18.8326 -2.04819   76.286  -6.96778    7.3328 -0.133404 0 0 0   -0.011 -0.02329  0.04412  -0.0663183   0.0719262 -0.00934607 -0.00239872 -0.00107749  -0.0033135  0.0167067 -0.0807559  0.0350342 -1.88433 -1.97679 -9.42115 
             64.0995   16.9557 -0.696279   66.1603  -6.97034   7.34338 -0.132282 0 0 0   -0.011 -0.02329  0.04412  -0.0512372   0.0783414 -0.00666164  -0.0024076  -0.0010291 -0.00325388  0.0163479 -0.0804344  0.0347634  -1.8843 -1.97676 -9.42116 
             64.1995  14.7501 0.177107  57.4853  -6.97106   7.35052 -0.136702 0 0 0   -0.011 -0.02329  0.04412 -0.0332195  0.0850219 -0.0190836 -0.00238637 -0.00101897 -0.00325553  0.0166048 -0.0800532  0.0349939 -1.88411  -1.9766 -9.42123 
             64.3004  12.4561 0.664616  48.9638  -6.97594    7.3614 -0.135591 0 0 0   -0.011 -0.02329  0.04412 -0.0367206   0.106271 -0.0142634 -0.00241563 -0.00101591 -0.00328491  0.0163778 -0.0802574  0.0347302 -1.88421  -1.9767 -9.42119 
             64.4003 10.2091 0.81657 41.0071  -6.97711   7.37252 -0.137641 0 0 0   -0.011 -0.02329  0.04412 -0.0134923    0.11166 -0.0190603 -0.00243215 -0.00101225  -0.0032896  0.0163023 -0.0801246  0.0347124 -1.88414 -1.97674  -9.4212 
             64.5003  8.76978 0.680179  35.1791 -6.97156   7.3864 -0.13993 0 0 0   -0.011 -0.02329  0.04412 0.0298146  0.100913 -0.020021  -0.00243679 -0.000980627  -0.00332574  0.0157768 -0.0800099  0.0346805 -1.88384  -1.9768 -9.42125 
             64.5995  8.63095 0.614272  30.9309  -6.96985   7.38843 -0.139958 0 0 0   -0.011 -0.02329  0.04412   0.0431217   0.0589689 -0.00969088  -0.0024532 -0.00100129 -0.00337018 0.0160774 -0.079527 0.0343134 -1.88428 -1.97715 -9.42109 
             64.7006  9.22521 0.713204  28.7108  -6.96126   7.39051 -0.138547 0 0 0   -0.011 -0.02329  0.04412   0.057579  0.0369278 0.00171542 -0.00248064 -0.00100554 -0.00341525  0.0155011 -0.0790689  0.0338549 -1.88429 -1.97777 -9.42095 
             64.8003  9.86148 0.902213  28.4915  -6.95829   7.38892 -0.140757 0 0 0   -0.011 -0.02329  0.04412   0.0421004   0.0173007 -0.00141062 -0.00251466 -0.00100856 -0.00346587  0.0159116 -0.0784973  0.0339918 -1.88468 -1.97779 -9.42087 
             64.9003  10.6973 0.905865  30.9266  -6.95844   7.38357 -0.143656 0 0 0   -0.011 -0.02329  0.04412  0.00334641 -0.00132856 -0.00252807 -0.00249126 -0.00103716 -0.00352453   0.016366 -0.0776187   0.034075 -1.88527 -1.97788 -9.42073 
             65.0003   11.3528 0.0511986   39.0282   -6.9585   7.38122 -0.143623 0 0 0   -0.011 -0.02329  0.04412  -0.0139562 -0.00973718 -0.00287659 -0.00251239 -0.00102625 -0.00360224  0.0161463 -0.0773078  0.0339151 -1.88538 -1.97817 -9.42065 
             65.1004  12.3189 -1.30716  50.6775  -6.95594   7.37829 -0.147555 0 0 0   -0.011 -0.02329  0.04412 0.0206017  -0.05228 -0.015999 -0.00250125 -0.00104682 -0.00374896  0.0158463 -0.0773212  0.0342214 -1.88507 -1.97829 -9.42069 
             65.2004  14.4313 -3.44749  63.8108   -6.9501   7.36942 -0.149063 0 0 0   -0.011 -0.02329  0.04412  0.0640698 -0.0861841 -0.0241332 -0.00250321  -0.0010821 -0.00382875  0.0155061 -0.0770633  0.0340692 -1.88506 -1.97863 -9.42062 
             65.3004 17.0125 -5.9599 74.9492  -6.94123   7.35693 -0.153119 0 0 0   -0.011 -0.02329  0.04412  0.0688087 -0.0545734 -0.0326264 -0.00251586 -0.00110778 -0.00383966   0.015341 -0.0763056  0.0338997 -1.88529  -1.9791 -9.42047 
             65.3995  17.9737 -8.00311  83.6226  -6.92765   7.35365 -0.155339 0 0 0   -0.011 -0.02329  0.04412  0.0799477 -0.0404265  -0.026516 -0.00249695 -0.00110229 -0.00379516 0.0146141 -0.076174 0.0336867 -1.88486 -1.97953 -9.42047 
             65.4994  18.8303 -10.8804   90.467  -6.91722   7.34597 -0.157292 0 0 0   -0.011 -0.02329  0.04412   0.108783 -0.0973767 -0.0325457 -0.00245948 -0.00111244  -0.0037616   0.014497 -0.0760857  0.0334892 -1.88484 -1.97969 -9.42044 
             65.6003  20.0196 -14.4482  96.2881  -6.90646   7.33311 -0.156633 0 0 0   -0.011 -0.02329  0.04412   0.129766  -0.128328 -0.0281767 -0.00245796 -0.00110015 -0.00373606 0.0144707 -0.076169 0.0330508 -1.88498 -1.97994 -9.42036 
             65.7005  21.0454 -18.3162  101.323  -6.89394   7.31971 -0.163048 0 0 0   -0.011 -0.02329  0.04412   0.146971   -0.14033 -0.0528511 -0.00242871 -0.00110599 -0.00374238  0.0146089 -0.0761797  0.0334161   -1.885 -1.97973  -9.4204 
             65.8005  21.9941 -22.2586  106.051 -6.87311  7.31076 -0.16871 0 0 0   -0.011 -0.02329  0.04412   0.177613  -0.109637 -0.0622687 -0.00239552 -0.00108798 -0.00375096  0.0143187 -0.0757697  0.0333408 -1.88489 -1.97956 -9.42046 
             65.8994  22.9526 -25.9086  110.974  -6.84963   7.30405 -0.174256 0 0 0   -0.011 -0.02329  0.04412   0.205675 -0.0691745 -0.0706575  -0.0023624 -0.00106125 -0.00375805  0.0142073 -0.0753975  0.0331156 -1.88477 -1.97948  -9.4205 
             66.0003  23.5943 -29.3916   116.54   -6.8283   7.29961 -0.183548 0 0 0   -0.011 -0.02329  0.04412   0.191546 -0.0342581 -0.0688969 -0.00234699 -0.00106794 -0.00377005   0.014413 -0.0751638  0.0333418 -1.88472 -1.97923 -9.42056 
             66.1003  23.8969 -32.4158  121.393  -6.80501   7.29416 -0.192776 0 0 0   -0.011 -0.02329  0.04412   0.181026 -0.0400911 -0.0711284 -0.00231785 -0.00108206 -0.00378238  0.0149983 -0.0749863  0.0333162 -1.88434 -1.97908 -9.42067 
             66.2003  23.8039 -34.9866  125.465 -6.78496  7.28559 -0.20188 0 0 0   -0.011 -0.02329  0.04412   0.154956 -0.0511719 -0.0646371  -0.0022903 -0.00108555 -0.00374595   0.015714 -0.0751956  0.0332961 -1.88381 -1.97907 -9.42078 
             66.3003  23.2296 -37.2693  130.079  -6.76904   7.27925 -0.208068 0 0 0   -0.011 -0.02329  0.04412    0.14604   -0.02369 -0.0607673 -0.00226671 -0.00109709  -0.0037472  0.0158825 -0.0754875  0.0331477 -1.88353 -1.97926 -9.42079 
             66.4003  23.0382 -39.4968  135.296   -6.7531   7.28127 -0.212359 0 0 0   -0.011 -0.02329  0.04412   0.115557 0.00971684 -0.0488096 -0.00224216  -0.0010822 -0.00374804 0.0157602 -0.075116 0.0329053 -1.88361 -1.97913  -9.4208 
             66.5004  22.8076 -41.2603  140.194  -6.73863   7.28626 -0.214829 0 0 0   -0.011 -0.02329  0.04412  0.0752604 0.00660821  -0.026969 -0.00225767  -0.0010775 -0.00376363  0.0158547 -0.0745596  0.0325604 -1.88361 -1.97883 -9.42087 
             66.6004  22.4074 -42.5953  143.294   -6.7278   7.29311 -0.218574 0 0 0   -0.011 -0.02329  0.04412   0.0323038 -0.00482264 -0.00717584 -0.00221843 -0.00105529 -0.00377789  0.0165421 -0.0733014  0.0326109 -1.88384 -1.97777 -9.42104 
             66.7005  22.1975 -43.5658  144.491  -6.72455   7.29417 -0.221395 0 0 0   -0.011 -0.02329  0.04412 0.00371389 -0.0247229 -0.0132306  -0.0021768 -0.00104543 -0.00374797  0.0169955 -0.0727377  0.0327865 -1.88398  -1.9772 -9.42114 
             66.8003 22.4959  -44.69 144.802  -6.72253   7.29681 -0.221271 0 0 0   -0.011 -0.02329  0.04412 -0.0214341 -0.0186931 0.00654933 -0.00215508 -0.00102555 -0.00373961  0.0171092 -0.0719041  0.0326063 -1.88431  -1.9767 -9.42117 
             66.9003  22.7668 -45.3915  144.879  -6.72696   7.29485 -0.222854 0 0 0   -0.011 -0.02329  0.04412 -0.0745606 -0.0442098  0.0143732  -0.0021293 -0.00101659 -0.00372506  0.0176187 -0.0715789  0.0329066 -1.88438 -1.97623 -9.42126 
             67.0002  22.8487 -45.5615  144.519  -6.73285   7.29248 -0.223569 0 0 0   -0.011 -0.02329  0.04412  -0.152252 -0.0399613  0.0535947   -0.002121  -0.0010251 -0.00373957  0.0186719 -0.0712053  0.0329923  -1.8841 -1.97543 -9.42148 
             67.1003  22.8329 -43.2929  143.462  -6.75385   7.28946 -0.213719 0 0 0   -0.011 -0.02329  0.04412   -0.293112 -0.00348357    0.164691 -0.00211726 -0.00103144 -0.00374428  0.0188622 -0.0712897  0.0330147 -1.88397 -1.97536 -9.42152 
             67.2003  22.8575 -37.9409  142.321  -6.78374   7.29064 -0.193941 0 0 0   -0.011 -0.02329  0.04412 -0.408205 0.0505696   0.22829 -0.00210732 -0.00107177 -0.00371015  0.0193848 -0.0718288  0.0326941 -1.88322 -1.97535 -9.42167 
             67.3004  22.5847 -30.1177  141.725  -6.82459   7.30262 -0.169206 0 0 0   -0.011 -0.02329  0.04412 -0.509365  0.113267  0.261534 -0.00213227  -0.0011325 -0.00367751 0.0200061 -0.071383 0.0323668 -1.88304 -1.97477 -9.42183 
             67.4005 22.2716 -20.632 142.463  -6.87491    7.3176 -0.142864 0 0 0   -0.011 -0.02329  0.04412 -0.543305  0.157672  0.236891 -0.00217521  -0.0011745 -0.00366749  0.0199839 -0.0712688  0.0320893 -1.88301 -1.97474 -9.42185 
             67.4994  22.7931 -11.0271  143.216  -6.92821   7.33171 -0.124642 0 0 0   -0.011 -0.02329  0.04412 -0.54493  0.12811 0.149283 -0.00224911 -0.00123655 -0.00366038 0.0203032 -0.071355 0.0321014 -1.88279 -1.97461 -9.42192 
             67.5994  24.2025 -2.76434  142.467  -6.98609   7.34536 -0.113819 0 0 0   -0.011 -0.02329  0.04412 -0.570429  0.128126 0.0774336 -0.00234916 -0.00122818 -0.00367556  0.0200017 -0.0709704  0.0323028 -1.88325 -1.97454 -9.42184 
             67.7004 26.0357 6.75208 137.999  -7.04885   7.36032 -0.110685 0 0 0   -0.011 -0.02329  0.04412 -0.611281  0.136125 0.0220957 -0.00246906 -0.00114109 -0.00364663  0.0197175 -0.0706109  0.0325769 -1.88369 -1.97446 -9.42177 
             67.8004 26.1738 15.8849 133.137  -7.10409   7.37433 -0.109121 0 0 0   -0.011 -0.02329  0.04412 -0.565781  0.102722  0.002397 -0.00258349 -0.00111374 -0.00354265  0.0201602 -0.0704245  0.0324146  -1.8835 -1.97416 -9.42187 
             67.9003 25.7743 21.9831 130.711  -7.14611     7.386 -0.115716 0 0 0   -0.011 -0.02329  0.04412 -0.449025  0.052081 -0.034333  -0.0026279 -0.00108927 -0.00353598  0.0215593 -0.0696367   0.032712 -1.88306 -1.97305 -9.42219 
             68.0003 25.3924 25.6357 129.442  -7.17879   7.39063 -0.130259 0 0 0   -0.011 -0.02329  0.04412  -0.381978   0.015953 -0.0607394 -0.00264782 -0.00103299  -0.0035829  0.0229401 -0.0688627  0.0336083 -1.88247   -1.972 -9.42253 
             68.1003 24.7566 28.2792 129.873  -7.21484   7.38729 -0.127873 0 0 0   -0.011 -0.02329  0.04412   -0.380643 -0.00849746 -0.00974903 -0.00270862 -0.00103388 -0.00361352  0.0233699 -0.0696025  0.0332198   -1.882 -1.97233 -9.42255 
             68.2003 23.8445 30.1639 131.815  -7.25096   7.38613 -0.124989 0 0 0   -0.011 -0.02329  0.04412  -0.395749 -0.0114814 0.00279806 -0.00272295 -0.00103672 -0.00360672 0.0237963 -0.069685 0.0329695  -1.8818 -1.97226 -9.42261 
             68.3003 22.6111 31.7341 134.345  -7.29413   7.38319 -0.120135 0 0 0   -0.011 -0.02329  0.04412  -0.443959 -0.0421822  0.0091277 -0.00273366 -0.00104085 -0.00363034  0.0238434 -0.0699901  0.0326143 -1.88184 -1.97241 -9.42257 
             68.4003 21.4286 32.2601 138.935  -7.33846   7.37888 -0.122611 0 0 0   -0.011 -0.02329  0.04412   -0.447318  -0.0593061 -0.00418793  -0.0027343 -0.00106248 -0.00362303  0.0237014 -0.0697606  0.0327903 -1.88189 -1.97232 -9.42258 
             68.5004 20.9898 31.2633  146.38  -7.39432   7.37038 -0.127978 0 0 0   -0.011 -0.02329  0.04412  -0.507373 -0.0462843 0.00383109 -0.00274768 -0.00107854 -0.00365202  0.0225608 -0.0701624  0.0332109 -1.88225 -1.97288 -9.42239 
             68.6003 21.1317 30.2391 154.112  -7.45025   7.36393 -0.121454 0 0 0   -0.011 -0.02329  0.04412 -0.522902 0.0257867  0.130886 -0.00274664 -0.00113567 -0.00370263  0.0223417 -0.0709382  0.0334424 -1.88209 -1.97343  -9.4223 
             68.7003 21.5341 29.3136 160.003 -7.50279  7.37145 -0.10555 0 0 0   -0.011 -0.02329  0.04412 -0.506699 0.0438482  0.182874 -0.00276397 -0.00118864 -0.00367549  0.0220825 -0.0705485  0.0333294 -1.88239 -1.97328 -9.42228 
             68.8003 21.5577  27.769 165.023   -7.55125    7.37274 -0.0799559 0 0 0   -0.011 -0.02329  0.04412   -0.463325 -0.00884825    0.140786 -0.00280897 -0.00122049 -0.00364823  0.0227067 -0.0709802  0.0326325 -1.88232  -1.9733 -9.42228 
             68.9003 21.2671 26.1348 169.735   -7.59589    7.36669 -0.0677696 0 0 0   -0.011 -0.02329  0.04412  -0.430517 -0.0880456   0.112465 -0.00281138 -0.00124197 -0.00363475  0.0227257 -0.0712219  0.0327228 -1.88216 -1.97342 -9.42229 
             69.0002 20.5327 24.9623 174.095   -7.63673    7.35573 -0.0553445 0 0 0   -0.011 -0.02329  0.04412 -0.400745 -0.157403  0.140203 -0.00279025 -0.00125394 -0.00361872  0.0228955 -0.0710514  0.0327086 -1.88217 -1.97325 -9.42232 
             69.1002 19.6544 23.5848  178.22   -7.67309    7.33324 -0.0384941 0 0 0   -0.011 -0.02329  0.04412 -0.356817 -0.241404  0.141197 -0.00280492 -0.00130948 -0.00360532 0.0231948 -0.071706 0.0327665 -1.88168 -1.97342 -9.42239 
             69.2003  18.5132   22.023 -178.438   -7.70832    7.30476 -0.0279952 0 0 0   -0.011 -0.02329  0.04412 -0.359446 -0.307901  0.105006 -0.00278309 -0.00132516 -0.00359602  0.0231867 -0.0718248  0.0330378 -1.88149 -1.97344 -9.42242 
             69.3004  17.5055  20.4238 -176.399   -7.73923    7.27237 -0.0134058 0 0 0   -0.011 -0.02329  0.04412 -0.302728 -0.347439  0.117812 -0.00276826 -0.00137652 -0.00358053  0.0238493 -0.0721847  0.0328935  -1.8811 -1.97326 -9.42254 
             69.4003  16.9945  15.0289 -176.369   -7.76395    7.22918 0.00150659 0 0 0   -0.011 -0.02329  0.04412 -0.132854 -0.380651  0.184136 -0.00278373 -0.00139527 -0.00356254  0.0232363 -0.0733892  0.0330701 -1.88051 -1.97414 -9.42247 
             69.5003  17.5784  5.90266 -177.196   -7.7771   7.18821 0.0226872 0 0 0   -0.011 -0.02329  0.04412 -0.113077 -0.375043  0.229638 -0.00274481 -0.00136167 -0.00357086  0.0227564 -0.0736994  0.0330859 -1.88047 -1.97456 -9.42239 
             69.6005  18.9152 -3.23935 -179.128 -7.78937  7.14545 0.041768 0 0 0   -0.011 -0.02329  0.04412 -0.0675381  -0.363237   0.230815 -0.00271978 -0.00133567 -0.00359527  0.0217905 -0.0745256  0.0333976 -1.88013 -1.97545 -9.42227 
             69.7004  19.4683 -12.9938  177.984  -7.80209   7.10683 0.0533509 0 0 0   -0.011 -0.02329  0.04412 -0.0890697  -0.336853   0.159147 -0.00265569 -0.00131208 -0.00364228 0.0202347 -0.073998 0.0339468 -1.88081 -1.97611   -9.422 
             69.8003  19.8934 -18.9966  174.701   -7.8167   7.07451 0.0633077 0 0 0   -0.011 -0.02329  0.04412 -0.188575 -0.290749 0.0831261 -0.00255906 -0.00129301 -0.00368722  0.0203265 -0.0740836  0.0341746 -1.88065 -1.97605 -9.42204 
             69.9005   19.914 -24.1155  172.468  -7.83197   7.05198 0.0830832 0 0 0   -0.011 -0.02329  0.04412 -0.173512 -0.245348 0.0873028 -0.00247163 -0.00133826 -0.00369217  0.0208718 -0.0739415  0.0330432 -1.88081 -1.97578 -9.42207 
             70.0004  19.4047 -28.8112  170.819  -7.84603   7.03491 0.0985684 0 0 0   -0.011 -0.02329  0.04412 -0.188621  -0.18602 0.0504118 -0.00239827 -0.00135507 -0.00374456   0.021571 -0.0738145  0.0322202 -1.88075 -1.97533 -9.42217 
             70.1004  20.4861 -34.2861  168.828  -7.85329   7.02424 0.0864847 0 0 0   -0.011 -0.02329  0.04412 -0.149441 -0.142673 -0.126418 -0.00231175 -0.00142479 -0.00378952  0.0237499 -0.0735596  0.0329575 -1.88002 -1.97376 -9.42265 
             70.2004  20.9679 -41.0982  167.714  -7.87103   7.00822 0.0726418 0 0 0   -0.011 -0.02329  0.04412 -0.251912 -0.118718 -0.121887 -0.00230959 -0.00140243 -0.00381646    0.02386 -0.0742236  0.0329506  -1.8795 -1.97395 -9.42271 
             70.3004  20.6012 -45.6014   166.66 -7.90157  6.99746 0.069388 0 0 0   -0.011 -0.02329  0.04412  -0.363976 -0.0612955  0.0182477 -0.00223633 -0.00139321 -0.00387413  0.0235837 -0.0745743  0.0326692 -1.87934 -1.97427 -9.42268 
             70.4004  21.7599 -47.8204  164.554   -7.9399   6.99591 0.0774222 0 0 0   -0.011 -0.02329  0.04412  -0.385354 -0.0223185   0.150237 -0.00217615 -0.00148141 -0.00386229  0.0236298 -0.0741519  0.0326028 -1.87961 -1.97406 -9.42267 
             70.5003  22.3647 -49.4918  162.849 -7.98121   6.9992 0.091883 0 0 0   -0.011 -0.02329  0.04412   -0.389004 -0.00456355    0.162129 -0.00213954 -0.00152735 -0.00387227  0.0239473 -0.0728369  0.0329747  -1.8805 -1.97335 -9.42264 
             70.6002  22.3351 -50.6479  162.709 -8.02045  7.00275 0.100767 0 0 0   -0.011 -0.02329  0.04412   -0.387062 -0.00210162   0.0916224 -0.00210375 -0.00152988 -0.00387826  0.0246021 -0.0720097  0.0332793 -1.88091 -1.97262 -9.42271 
             70.7003  22.5938 -51.1452   163.09 -8.05591  7.00259 0.109248 0 0 0   -0.011 -0.02329  0.04412  -0.359694 -0.0442053   0.107666 -0.00209424 -0.00157565 -0.00391505   0.025066 -0.0718466  0.0332968 -1.88085 -1.97227 -9.42279 
             70.8003  22.5314 -51.1215  164.265 -8.09224  6.99402 0.123299 0 0 0   -0.011 -0.02329  0.04412 -0.378153 -0.112181  0.139074 -0.00208998 -0.00156766 -0.00390502 0.0246193 -0.072084 0.0330849 -1.88078 -1.97262 -9.42273 
             70.9003  22.2033 -49.1594  166.643 -8.13095  6.98388 0.139412 0 0 0   -0.011 -0.02329  0.04412 -0.442949 -0.164505  0.194357 -0.00210887 -0.00155228  -0.0038985 0.0251512 -0.071695 0.0329933 -1.88082 -1.97212 -9.42283 
             71.0004  20.4005 -46.0494    171.5 -8.17901  6.96693 0.157659 0 0 0   -0.011 -0.02329  0.04412 -0.493843 -0.263481  0.198301 -0.00211698 -0.00157043 -0.00390329 0.0255041 -0.070834 0.0331792 -1.88134 -1.97157 -9.42284 
             71.0993  19.2817 -42.4177  175.837 -8.22751  6.93298 0.177551 0 0 0   -0.011 -0.02329  0.04412 -0.520266 -0.390963  0.202713 -0.00217518 -0.00162086 -0.00393996  0.0256942 -0.0713679  0.0330275 -1.88085 -1.97165 -9.42292 
             71.2003 19.3711 -38.208 178.124 -8.27903  6.89078 0.195184 0 0 0   -0.011 -0.02329  0.04412 -0.531614 -0.499081  0.228408 -0.00220405 -0.00159841  -0.0039304   0.026337 -0.0710024  0.0332117 -1.88093 -1.97112 -9.42302 
             71.3003 19.7742 -33.081 -179.93 -8.33152   6.8382 0.222231 0 0 0   -0.011 -0.02329  0.04412 -0.529185 -0.590368  0.309527 -0.00224576 -0.00158692 -0.00388376  0.0263934 -0.0707821  0.0331424 -1.88104 -1.97099 -9.42302 
             71.4005  19.7032 -27.0473 -178.165 -8.38597  6.77635 0.258054 0 0 0   -0.011 -0.02329  0.04412 -0.573778 -0.678232  0.365064 -0.00230743 -0.00158448 -0.00388517  0.0263195 -0.0706244  0.0328735 -1.88111 -1.97095 -9.42302 
             71.5004  18.2873 -19.4722 -177.544 -8.44191  6.71104 0.300201 0 0 0   -0.011 -0.02329  0.04412 -0.597633 -0.745209  0.375943 -0.00235124 -0.00155882 -0.00386003  0.0265113 -0.0698673  0.0321906 -1.88145 -1.97048 -9.42305 
             71.6004  16.3371 -11.7961 -177.589 -8.49905   6.6455 0.329681 0 0 0   -0.011 -0.02329  0.04412 -0.566932 -0.658536  0.256166 -0.00235226 -0.00157828 -0.00378349 0.0272884 -0.069084 0.0322341 -1.88173 -1.96969 -9.42316 
             71.7003  15.2378 -5.98548 -176.055 -8.55262  6.58645 0.349912 0 0 0   -0.011 -0.02329  0.04412 -0.514098 -0.561726   0.20587 -0.00241849 -0.00158687 -0.00375339  0.0276448 -0.0687408  0.0323949 -1.88186 -1.96933 -9.42321 
             71.8002  14.6144 -1.13091 -173.628 -8.60506  6.53299 0.366984 0 0 0   -0.011 -0.02329  0.04412 -0.494203 -0.493247  0.145298  -0.0025021 -0.00156043 -0.00377864  0.0273761 -0.0685939  0.0325264 -1.88207 -1.96947 -9.42314 
              71.905  14.8042  3.19908 -171.155 -8.65283  6.48804 0.379806 0 0 0   -0.011 -0.02329  0.04412 -0.508865 -0.468968 0.0715919 -0.00254383 -0.00154545 -0.00378669  0.0277192 -0.0684307  0.0322731 -1.88206 -1.96918  -9.4232 
             72.0003  15.0215  7.65394 -169.471 -8.69966  6.44446 0.369456 0 0 0   -0.011 -0.02329  0.04412  -0.535784  -0.445987 -0.0312515 -0.00258695 -0.00156163 -0.00378448   0.029324 -0.0683542  0.0334843 -1.88142 -1.96802 -9.42357 
             72.1004  15.7291  11.0148 -168.136  -8.7478  6.40345 0.372566 0 0 0   -0.011 -0.02329  0.04412 -0.565138 -0.425297  0.027608 -0.00262583 -0.00157283 -0.00375579  0.0303699 -0.0688071   0.033178 -1.88079 -1.96753  -9.4238 
             72.2004  17.1048  12.7637 -165.923 -8.80355  6.36081 0.378008 0 0 0   -0.011 -0.02329  0.04412 -0.604559 -0.421401  0.169024  -0.0026877 -0.00157516 -0.00374803  0.0308405 -0.0691284   0.033582 -1.88034 -1.96729 -9.42394 
             72.3007 17.5296 13.5471 -164.38 -8.86197  6.32031 0.412535 0 0 0   -0.011 -0.02329  0.04412 -0.568741 -0.483082  0.329862 -0.00268298 -0.00153229 -0.00375779  0.0311313 -0.0687977  0.0326364 -1.88069 -1.96712  -9.4239 
             72.4003  15.9866  13.3052 -162.792 -8.91538  6.27125 0.449163 0 0 0   -0.011 -0.02329  0.04412 -0.481216 -0.474345  0.326699 -0.00270421 -0.00151778 -0.00373866  0.0311432 -0.0688232  0.0323655 -1.88074 -1.96717 -9.42388 
             72.5005  14.9114   12.322 -160.888 -8.96216  6.22232 0.479612 0 0 0   -0.011 -0.02329  0.04412 -0.436338 -0.450771  0.266949 -0.00266104 -0.00151632 -0.00375309  0.0306339 -0.0691683  0.0322467 -1.88069 -1.96765 -9.42379 
             72.6003  14.1716  12.1623 -159.032 -9.00606  6.17223 0.499165 0 0 0   -0.011 -0.02329  0.04412 -0.409469 -0.449952  0.200272 -0.00266739 -0.00150549 -0.00375087  0.0300092 -0.0696943  0.0327089 -1.88037 -1.96815 -9.42375 
             72.7003  13.3562   12.379 -157.674 -9.04414  6.12357 0.516363 0 0 0   -0.011 -0.02329  0.04412 -0.351289 -0.470638  0.126682 -0.00267233  -0.0015687 -0.00375229  0.0298443 -0.0701507   0.032762 -1.88009  -1.9684 -9.42375 
             72.8004  12.6525  11.7104 -157.264 -9.07531   6.0722 0.523226 0 0 0   -0.011 -0.02329  0.04412 -0.317293 -0.508495 0.0702961 -0.00267512 -0.00157659 -0.00373885 0.0298248 -0.070729 0.0331971 -1.87956 -1.96852 -9.42383 
             72.9004 12.4328 11.2799 -156.92 -9.10557  6.02097 0.526491 0 0 0   -0.011 -0.02329  0.04412 -0.295103 -0.488118 0.0406455 -0.00268628 -0.00155774 -0.00370703  0.0296265 -0.0709762   0.033476 -1.87935 -1.96867 -9.42384 
             73.0002  13.3137  10.6178 -157.186 -9.13353  5.97037 0.534677 0 0 0   -0.011 -0.02329  0.04412 -0.267738 -0.494346 0.0991613 -0.00267742 -0.00157271 -0.00371397 0.0296229 -0.071328 0.0332629 -1.87918 -1.96883 -9.42385 
             73.1004  14.3445  9.38048 -157.981 -9.16282  5.91257 0.552403 0 0 0   -0.011 -0.02329  0.04412 -0.270204 -0.521744  0.256653 -0.00270876 -0.00155393 -0.00371375  0.0285757 -0.0720132  0.0331343 -1.87898 -1.96977 -9.42369 
             73.2003  15.3361  8.32663 -158.678 -9.19214  5.86146 0.580392 0 0 0   -0.011 -0.02329  0.04412 -0.282215 -0.479565  0.286746  -0.0027062 -0.00152424 -0.00371068  0.0283438 -0.0718817  0.0332313 -1.87909 -1.96986 -9.42365 
             73.3004  15.8315  6.66215 -159.371 -9.21823  5.81695 0.608206 0 0 0   -0.011 -0.02329  0.04412 -0.269718  -0.41568  0.211763 -0.00268688 -0.00152859 -0.00372512  0.0285243 -0.0720437  0.0329575 -1.87902 -1.96985 -9.42366 
             73.4002  16.0566  3.58995 -160.355 -9.23879  5.78248 0.628192 0 0 0   -0.011 -0.02329  0.04412 -0.237066 -0.327636   0.20262 -0.00264889 -0.00151198 -0.00372658  0.0293543 -0.0723042  0.0331893 -1.87858 -1.96934 -9.42386 
             73.5003  16.1115 -1.96901 -161.912 -9.25891  5.74645 0.647179 0 0 0   -0.011 -0.02329  0.04412 -0.0865678  -0.255024    0.14706 -0.00264817 -0.00147229 -0.00373778  0.0285147 -0.0729958  0.0332186  -1.8783 -1.97011 -9.42375 
             73.6005  16.6349 -13.2289  -164.11 -9.25744  5.72514 0.656931 0 0 0   -0.011 -0.02329  0.04412  -0.0183261   -0.210999 0.000507964 -0.00261498 -0.00147294 -0.00376911  0.0290561 -0.0734539  0.0331337 -1.87787 -1.96991 -9.42388 
             73.7001  17.6333 -23.1423 -166.416 -9.26949  5.69789  0.64384 0 0 0   -0.011 -0.02329  0.04412 -0.171213 -0.240995  -0.07309 -0.00253353 -0.00136045 -0.00382488  0.0282486 -0.0734871  0.0339065 -1.87786 -1.97034 -9.42379 
             73.8003  18.7118 -29.9077 -167.927 -9.28275  5.67849 0.652655 0 0 0   -0.011 -0.02329  0.04412   -0.23778  -0.232198 -0.0252155 -0.00245895 -0.00138505 -0.00386551  0.0295316 -0.0742013  0.0326805 -1.87729 -1.96985 -9.42401 
             73.9004  19.9127 -35.9485  -168.82 -9.30664  5.65728 0.655161 0 0 0   -0.011 -0.02329  0.04412 -0.259237 -0.222913 0.0972729 -0.00238168 -0.00145604 -0.00391524  0.0297559 -0.0741773  0.0326199 -1.87725 -1.96969 -9.42405 
             74.0004  20.6958 -41.0826 -169.498 -9.33554  5.63029  0.66595 0 0 0   -0.011 -0.02329  0.04412 -0.252989 -0.290808  0.179344  -0.0023346 -0.00147253 -0.00394802 0.0294126 -0.073897 0.0329932 -1.87752 -1.96984 -9.42396 
             74.1004  18.9972 -44.3336 -168.678 -9.36208  5.59915 0.677574 0 0 0   -0.011 -0.02329  0.04412 -0.249527 -0.339949  0.136504 -0.00228144 -0.00155228 -0.00400531 0.0297595 -0.073483 0.0335757 -1.87771 -1.96952   -9.424 
             74.2004  16.8762 -46.7561 -167.918  -9.3883  5.56133 0.689818 0 0 0   -0.011 -0.02329  0.04412 -0.225582 -0.381668  0.112428 -0.00218765 -0.00162134 -0.00402662  0.0293082 -0.0734475  0.0336439 -1.87787 -1.96982  -9.4239 
             74.3002  15.5317 -48.3193 -168.381 -9.41172  5.52249 0.701788 0 0 0   -0.011 -0.02329  0.04412 -0.216759 -0.408369 0.0952012  -0.0021505 -0.00165406  -0.0040232  0.0291758 -0.0731885  0.0335935 -1.87809 -1.96983 -9.42385 
             74.4002  15.0224 -49.6705 -169.089 -9.43224  5.48376 0.705937 0 0 0   -0.011 -0.02329  0.04412 -0.209934 -0.456225 0.0274981 -0.00212297 -0.00170049 -0.00401245  0.0297928 -0.0726828  0.0335556 -1.87828 -1.96927 -9.42393 
             74.5003  15.6991 -50.9583   -171.1 -9.45408  5.43413 0.710742 0 0 0   -0.011 -0.02329  0.04412 -0.206501  -0.55115 0.0262641 -0.00213306 -0.00170039 -0.00400179  0.0294358 -0.0725394  0.0333467 -1.87844 -1.96943 -9.42387 
             74.6004   16.695 -51.5472 -173.896  -9.4727  5.37631 0.710081 0 0 0   -0.011 -0.02329  0.04412 -0.191539 -0.634451 0.0529614 -0.00211146 -0.00173064 -0.00401654  0.0301759 -0.0724204  0.0336113 -1.87839 -1.96896 -9.42398 
             74.7004  19.7148 -51.8187 -179.396 -9.48882  5.31615 0.713556 0 0 0   -0.011 -0.02329  0.04412 -0.162361 -0.699709  0.110626 -0.00210365 -0.00175519 -0.00402082  0.0311725 -0.0717454  0.0336738 -1.87864 -1.96813  -9.4241 
             74.8004  24.8614 -51.6955  170.407 -9.50465  5.24931   0.7333 0 0 0   -0.011 -0.02329  0.04412 -0.153436 -0.758568  0.229086 -0.00207838 -0.00174431 -0.00400132  0.0310043 -0.0709087  0.0332214 -1.87916 -1.96791 -9.42404 
             74.9002  27.7924 -50.2684  160.523 -9.51633  5.17895 0.756247 0 0 0   -0.011 -0.02329  0.04412 -0.204778 -0.719811  0.227297 -0.00203755 -0.00175053 -0.00395359  0.0318932 -0.0708774  0.0328746 -1.87887 -1.96727 -9.42423 
             75.0003  30.1286 -48.7576   152.21 -9.53441  5.12229 0.771927 0 0 0   -0.011 -0.02329  0.04412 -0.247676 -0.583259  0.131827 -0.00198806   -0.001771 -0.00395615  0.0326917 -0.0702165  0.0324358 -1.87898 -1.96648 -9.42438 
             75.1002  32.1557 -47.5047   145.99   -9.563  5.06822 0.793544 0 0 0   -0.011 -0.02329  0.04412 -0.296766 -0.467755   0.19708 -0.00201854 -0.00178843 -0.00395591  0.0319053 -0.0702852   0.032126 -1.87907 -1.96692 -9.42427 
             75.2004  32.7168 -46.1257  142.743 -9.59372  5.02385 0.809556 0 0 0   -0.011 -0.02329  0.04412 -0.359145 -0.439548  0.161864 -0.00203735 -0.00181544 -0.00399656  0.0323106 -0.0703356  0.0321708 -1.87892 -1.96672 -9.42434 
             75.3004  32.4979 -45.0886  140.166 -9.63408  4.98421 0.827155 0 0 0   -0.011 -0.02329  0.04412 -0.446794 -0.417971  0.139526 -0.00208919 -0.00183599 -0.00401349  0.0320002 -0.0699347  0.0319652 -1.87918 -1.96666  -9.4243 
             75.4004  30.8353 -43.8457  139.528 -9.68272   4.9476 0.838197 0 0 0   -0.011 -0.02329  0.04412 -0.557768 -0.356126  0.142694 -0.00209705 -0.00184159 -0.00401155  0.0324225 -0.0695974   0.032054 -1.87923 -1.96631 -9.42436 
             75.5004  29.1695 -42.2666  140.399 -9.74487  4.91752 0.856049 0 0 0   -0.011 -0.02329  0.04412 -0.632155 -0.319444  0.159574 -0.00212582 -0.00187542 -0.00404097  0.0319644 -0.0692327  0.0320351 -1.87957  -1.9663  -9.4243 
             75.6004  27.2123 -41.8673  141.818 -9.80759  4.88861 0.870637 0 0 0   -0.011 -0.02329  0.04412 -0.648753 -0.251943  0.211095 -0.00217451 -0.00191851 -0.00406083 0.0322172 -0.069111 0.0320715 -1.87953 -1.96614 -9.42434 
             75.7002  23.1742 -41.7729  149.403 -9.86841  4.87877 0.894602 0 0 0   -0.011 -0.02329  0.04412  -0.685134 -0.0792157   0.364581  -0.0021741 -0.00189632 -0.00406418 0.0329387 -0.068314 0.0320581 -1.87953 -1.96547 -9.42448 
             75.8003    17.61 -38.0381  161.059 -9.94111  4.87575 0.938604 0 0 0   -0.011 -0.02329  0.04412  -0.781983 -0.0520812   0.427287 -0.00225054 -0.00194254 -0.00413658  0.0326999 -0.0681164  0.0317483 -1.87955 -1.96545 -9.42448 
             75.9003  13.7002 -30.8985  170.664 -10.0123  4.87306 0.973275 0 0 0   -0.011 -0.02329  0.04412  -0.776118 -0.0838976   0.368758 -0.00226911 -0.00199264 -0.00416656  0.0336124 -0.0676775  0.0314863 -1.87919 -1.96492 -9.42466 
             76.0003  11.3798 -21.7489  177.867 -10.0868  4.86784  1.01039 0 0 0   -0.011 -0.02329  0.04412 -0.742253  -0.10797  0.302362 -0.00232697 -0.00197423 -0.00413712  0.0335532 -0.0672571  0.0311712 -1.87925 -1.96474 -9.42469 
             76.1003  10.0691      -14 -176.908 -10.157 4.85909  1.0436 0 0 0   -0.011 -0.02329  0.04412 -0.663663   -0.1179  0.210748 -0.00242448 -0.00196824 -0.00410655  0.0328098 -0.0670897  0.0304517 -1.87943   -1.965 -9.42459 
             76.2003  10.1881 -7.16488 -172.051 -10.2196  4.84807    1.055 0 0 0   -0.011 -0.02329  0.04412  -0.64431 -0.194754   0.14309 -0.00246286   -0.001924 -0.00407737  0.0335578 -0.0666362  0.0308534 -1.87942 -1.96441 -9.42472 
             76.3004    10.7291 -0.0122178    -168.32 -10.2849  4.82266  1.05231 0 0 0   -0.011 -0.02329  0.04412 -0.640767 -0.307178  0.060344 -0.00253024 -0.00189884 -0.00405384  0.0342736 -0.0665516  0.0320497 -1.87932 -1.96395 -9.42484 
             76.4004  11.1816  5.93139 -165.477 -10.3438  4.79068  1.03799 0 0 0   -0.011 -0.02329  0.04412   -0.581375   -0.381431 -0.00611596 -0.00260188 -0.00190189 -0.00402209  0.0354136 -0.0662805  0.0335048 -1.87909 -1.96311 -9.42506 
             76.5002  11.8419  10.4602 -163.681 -10.402 4.74258 1.04002 0 0 0   -0.011 -0.02329  0.04412  -0.571801  -0.490618 0.00184546 -0.00266788 -0.00186804 -0.00397193  0.0350712 -0.0668522  0.0333907 -1.87887 -1.96353 -9.42501 
             76.6004  12.6505  14.6941 -162.575 -10.4522  4.69096  1.04334 0 0 0   -0.011 -0.02329  0.04412  -0.54956 -0.549476 0.0435962  -0.0027213 -0.00184265 -0.00395261  0.035696 -0.067349 0.0332997 -1.87835 -1.96333 -9.42516 
             76.7002  13.2821  18.7336 -162.353 -10.5031  4.63466  1.07613 0 0 0   -0.011 -0.02329  0.04412 -0.537922 -0.558813  0.189844  -0.0027735 -0.00181706 -0.00393562  0.0358667 -0.0679356   0.031507 -1.87824  -1.9637  -9.4251 
             76.8002  13.6261  22.1478 -162.639 -10.5497  4.58626  1.10972 0 0 0   -0.011 -0.02329  0.04412 -0.500117 -0.497955  0.224997 -0.00281711 -0.00179734 -0.00388395  0.0368699 -0.0679763  0.0305344 -1.87816  -1.9633  -9.4252 
             76.9002 13.6496 24.5532 -163.04 -10.597  4.5415 1.12995 0 0 0   -0.011 -0.02329  0.04412 -0.437412 -0.391078  0.175934 -0.00284017 -0.00175033 -0.00386944  0.0368334 -0.0678949  0.0304641 -1.87824 -1.96331 -9.42518 
             77.0002  13.5651  25.7629 -163.814 -10.6437   4.5074  1.14201 0 0 0   -0.011 -0.02329  0.04412 -0.431179  -0.29838  0.175753 -0.00284538 -0.00174488 -0.00387506  0.0364243 -0.0675066   0.030732 -1.87848 -1.96335 -9.42513 
             77.1003  13.6496   25.318 -163.336 -10.6817   4.4788  1.15959 0 0 0   -0.011 -0.02329  0.04412 -0.338638  -0.25042  0.201245 -0.00289184 -0.00169376 -0.00386482  0.0363421 -0.0677719  0.0309783 -1.87826 -1.96342 -9.42516 
             77.2002   13.552   21.119 -160.717 -10.7111  4.45096  1.18062 0 0 0   -0.011 -0.02329  0.04412 -0.278648 -0.253478   0.17503 -0.00285429 -0.00167773 -0.00386543  0.0362215 -0.0681294  0.0309389 -1.87809 -1.96363 -9.42515 
             77.3003 13.3743  16.588 -156.52 -10.7408  4.41962  1.19084 0 0 0   -0.011 -0.02329  0.04412 -0.330753  -0.26039   0.10271 -0.00285794 -0.00164726 -0.00390564  0.0357675 -0.0687568  0.0313613 -1.87765 -1.96399 -9.42516 
             77.4003 13.1664 12.9714 -151.69 -10.7706  4.39798  1.19751 0 0 0   -0.011 -0.02329  0.04412 -0.362516  -0.22307  0.100837 -0.00278354 -0.00169081 -0.00392906   0.036259 -0.0688741  0.0319102 -1.87726 -1.96362 -9.42532 
             77.5003  12.9891   9.9525 -147.695 -10.8102  4.37073  1.21468 0 0 0   -0.011 -0.02329  0.04412 -0.407668 -0.206553  0.192974 -0.00275196 -0.00173259 -0.00395441  0.0359542 -0.0694594  0.0316042  -1.8771 -1.96408 -9.42525 
             77.6003  12.5486  7.14565 -145.155 -10.856 4.34358 1.23193 0 0 0   -0.011 -0.02329  0.04412 -0.438326 -0.214933  0.271931 -0.00272183 -0.00175727 -0.00393485  0.0349105 -0.0697466  0.0320361 -1.87697 -1.96466 -9.42516 
             77.7002  11.8553  5.12916 -143.509 -10.8988  4.31744   1.2596 0 0 0   -0.011 -0.02329  0.04412 -0.418859  -0.23648  0.279425 -0.00268021 -0.00181113 -0.00391745 0.0346926 -0.070215 0.0322231 -1.87665 -1.96488 -9.42517 
             77.8003  11.3238   3.3197 -142.851 -10.9377  4.28946  1.27904 0 0 0   -0.011 -0.02329  0.04412 -0.342734 -0.248869  0.185609 -0.00267262 -0.00183052 -0.00389542  0.0341675 -0.0705126  0.0326352 -1.87642 -1.96519 -9.42516 
             77.9003  11.1332  1.59812 -142.154 -10.9716  4.25459  1.29554 0 0 0   -0.011 -0.02329  0.04412 -0.307672 -0.297994  0.158094 -0.00264662 -0.00181072 -0.00387176  0.0333207 -0.0711384   0.032622 -1.87615 -1.96588 -9.42507 
             78.0003    11.4121 -0.0199894   -141.619 -10.9981  4.22344  1.30944 0 0 0   -0.011 -0.02329  0.04412 -0.220574 -0.289787  0.138775 -0.00267741  -0.0018172 -0.00387021  0.0332173 -0.0713253    0.03278 -1.87599 -1.96596 -9.42508 
             78.1003  11.9848 -3.35348 -142.097 -11.0159  4.18879  1.31786 0 0 0   -0.011 -0.02329  0.04412 -0.181188 -0.347113 0.0654461  -0.0026706 -0.00181957 -0.00387537 0.0329244 -0.071888 0.0330179 -1.87559 -1.96621 -9.42511 
             78.2003  12.3981 -6.01102 -142.807 -11.0346  4.14691  1.32474 0 0 0   -0.011 -0.02329  0.04412  -0.19995 -0.437851 0.0206204 -0.00267467 -0.00176717  -0.0038821  0.0326688 -0.0722403  0.0328207 -1.87543 -1.96649 -9.42508 
             78.3004   12.915 -8.46591 -143.317 -11.0563  4.09908  1.31787 0 0 0   -0.011 -0.02329  0.04412  -0.182596  -0.475102 0.00253285  -0.0026325 -0.00177312 -0.00388673  0.0323328 -0.0720164  0.0334074  -1.8755 -1.96658 -9.42505 
             78.4004  14.1892 -13.7805 -144.395 -11.0679   4.0566  1.31634 0 0 0   -0.011 -0.02329  0.04412 -0.0817001  -0.405739  0.0630261 -0.00261563 -0.00178488   -0.003893  0.0328076 -0.0720209  0.0338177 -1.87535  -1.9662 -9.42516 
             78.5004  15.6613 -20.5076 -146.483 -11.0747   4.0161  1.33468 0 0 0   -0.011 -0.02329  0.04412 -0.0988303  -0.428405   0.178626 -0.00260495 -0.00175475 -0.00392121  0.0328982 -0.0721992  0.0332639 -1.87532 -1.96624 -9.42516 
             78.6003  16.3961 -24.5234 -148.621 -11.0851  3.97934  1.36735 0 0 0   -0.011 -0.02329  0.04412 -0.129281  -0.39104  0.182105 -0.00253434 -0.00172029 -0.00393438  0.033269 -0.072105 0.0320192 -1.87557 -1.96608 -9.42514 
             78.7003  16.6711  -28.491 -149.946 -11.0931  3.94659  1.39916 0 0 0   -0.011 -0.02329  0.04412 -0.110091 -0.330585  0.178025 -0.00244015 -0.00172595 -0.00397013  0.0336154 -0.0725587  0.0306161 -1.87543   -1.966 -9.42518 
             78.8003  16.5069 -31.9171 -150.067 -11.1028  3.91704  1.41109 0 0 0   -0.011 -0.02329  0.04412 -0.126786 -0.268407  0.106403 -0.00241044 -0.00175076 -0.00400958 0.0339672 -0.072676  0.030973 -1.87525 -1.96578 -9.42527 
             78.9001  17.0026 -36.1213 -150.005 -11.1205  3.89182  1.41208 0 0 0   -0.011 -0.02329  0.04412 -0.187222 -0.267227  0.018735 -0.00235376  -0.0017651 -0.00402668  0.0340113 -0.0722023  0.0313698 -1.87552 -1.96568 -9.42523 
             79.0001  16.6669 -39.0541 -150.778 -11.1443  3.86103  1.40797 0 0 0   -0.011 -0.02329  0.04412 -0.260424 -0.289523 0.0278165 -0.00235286 -0.00176335 -0.00405314  0.0340459 -0.0721366  0.0320921  -1.8755 -1.96569 -9.42523 
             79.1003  14.4377 -41.4831 -150.183 -11.1755  3.83577  1.40811 0 0 0   -0.011 -0.02329  0.04412  -0.313881  -0.233979 0.00765926  -0.0022777 -0.00178281 -0.00404605 0.0340653 -0.071624 0.0321894 -1.87585 -1.96561 -9.42518 
             79.2003  12.7378 -44.4599  -148.97 -11.2077  3.81345  1.41289 0 0 0   -0.011 -0.02329  0.04412 -0.318972 -0.195613  0.101546 -0.00222429 -0.00183999 -0.00407283  0.0339267 -0.0717147  0.0322064 -1.87581 -1.96571 -9.42517 
             79.3003  11.6013 -46.9101 -148.217 -11.2401  3.79103  1.42661 0 0 0   -0.011 -0.02329  0.04412 -0.284794  -0.19679  0.171733 -0.00222648  -0.0018626 -0.00409843  0.0336607 -0.0716722  0.0324932 -1.87588 -1.96593 -9.42511 
             79.4003  10.6251 -49.1156 -147.683 -11.2674  3.77112  1.43844 0 0 0   -0.011 -0.02329  0.04412 -0.239736 -0.201373 0.0793568   -0.002221 -0.00189222 -0.00408356   0.033759 -0.0715385   0.032689 -1.87597 -1.96588  -9.4251 
             79.5002  9.28952 -51.3341 -146.138 -11.2914  3.75261  1.44517 0 0 0   -0.011 -0.02329  0.04412 -0.178596 -0.205385 0.0239873 -0.00218807 -0.00192769 -0.00410592  0.0335513 -0.0710341  0.0325162 -1.87634  -1.9659 -9.42502 
             79.6001  8.88447 -53.5438   -145.7 -11.3034  3.73711  1.44641 0 0 0   -0.011 -0.02329  0.04412 -0.0647855   -0.20174 0.00916367 -0.00217156 -0.00192725 -0.00410422 0.0339499 -0.070663 0.0322875 -1.87653 -1.96554 -9.42506 
             79.7001  9.71536 -55.8272 -147.766 -11.3051  3.72007  1.44383 0 0 0   -0.011 -0.02329  0.04412  0.0268832   -0.23493 -0.0200255 -0.00215654 -0.00192025 -0.00409243  0.0345086 -0.0702363  0.0322409 -1.87674 -1.96512 -9.42511 
             79.8002  12.1671  -57.817 -152.702 -11.3013  3.69672   1.4403 0 0 0   -0.011 -0.02329  0.04412   0.101541  -0.273944 -0.0355629 -0.00212977  -0.0019222 -0.00409278  0.0346127 -0.0697294  0.0322585 -1.87709 -1.96498 -9.42507 
             79.9004  15.2365 -59.4128 -158.785 -11.2829  3.67196  1.43326 0 0 0   -0.011 -0.02329  0.04412  0.210093 -0.281787  -0.05492 -0.00210539  -0.0019304  -0.0040648   0.035229 -0.0698358  0.0321381 -1.87693 -1.96458 -9.42518 
             80.0003  18.3116 -61.1176 -164.687 -11.2571  3.64883  1.42694 0 0 0   -0.011 -0.02329  0.04412   0.260729  -0.280949 -0.0674515 -0.00205759 -0.00195928 -0.00407438  0.0356332 -0.0695857  0.0318357 -1.87701 -1.96422 -9.42524 
             80.1003  22.9703 -61.7929 -171.696 -11.2293  3.62921  1.41325 0 0 0   -0.011 -0.02329  0.04412   0.267547  -0.282166 -0.0737404 -0.00203652  -0.0019648 -0.00407851  0.0368159 -0.0689627  0.0318062 -1.87729  -1.9634 -9.42535 
             80.2002  26.9488 -61.5708 -178.445 -11.1996  3.60538  1.40405 0 0 0   -0.011 -0.02329  0.04412   0.276236  -0.283924 -0.0439205 -0.00201154 -0.00200452 -0.00405859  0.0374801 -0.0688366  0.0317021 -1.87728 -1.96296 -9.42545 
                80.3  28.9687 -61.3258  176.896 -11.1746  3.58255  1.40646 0 0 0   -0.011 -0.02329  0.04412   0.221492  -0.228956 -0.0300384 -0.00198752 -0.00200562 -0.00406194  0.0369191 -0.0684909  0.0312002 -1.87747 -1.96305 -9.42539 
             80.4002  29.7036 -61.1311  175.066 -11.1552   3.5692  1.40678 0 0 0   -0.011 -0.02329  0.04412   0.181524  -0.169186 -0.0152478 -0.00197254 -0.00201872 -0.00408185  0.0368157 -0.0678648  0.0308302  -1.8778 -1.96284 -9.42537 
             80.5003  30.2138 -60.9261  173.843 -11.1395    3.556  1.40819 0 0 0   -0.011 -0.02329  0.04412    0.148709   -0.149042 -0.00769107 -0.00200236 -0.00202551 -0.00408799  0.0365823 -0.0675209  0.0306418   -1.878  -1.9628 -9.42534 
             80.6004  29.0092 -60.6782  174.906 -11.1268  3.54121  1.40857 0 0 0   -0.011 -0.02329  0.04412  0.122867 -0.133403 0.0173197 -0.00201237 -0.00206399 -0.00411752  0.0365709 -0.0674807  0.0307144 -1.87805 -1.96282 -9.42533 
             80.7003  24.8814 -60.8322 -179.611 -11.1183  3.53419  1.41263 0 0 0   -0.011 -0.02329  0.04412  0.0930228 -0.0586434  0.0195143 -0.00200449 -0.00207039 -0.00414427  0.0363181 -0.0669648  0.0306629 -1.87839 -1.96276 -9.42527 
             80.8003  17.6843 -61.0785 -168.043 -11.1115  3.53343  1.41213 0 0 0   -0.011 -0.02329  0.04412  0.0703812 0.00956883 0.00766224 -0.00205437  -0.0021009 -0.00422038  0.0365214 -0.0666844  0.0308169 -1.87856 -1.96261 -9.42527 
             80.9003  11.0898 -61.1051 -156.589 -11.1044  3.54135    1.414 0 0 0   -0.011 -0.02329  0.04412  0.0420866  0.0428715 0.00651205 -0.00210518 -0.00208392 -0.00425003  0.0364471 -0.0662977  0.0304813 -1.87869 -1.96243 -9.42528 
             81.0003 5.04308 -60.617 -145.52 -11.1085  3.54534  1.41121 0 0 0   -0.011 -0.02329  0.04412 -0.0377377  0.0928515 0.00787305 -0.00212311 -0.00206152 -0.00426015   0.036638 -0.0660486  0.0310845   -1.879 -1.96242 -9.42522 
             81.1002 -0.776088   -59.649   -133.16 -11.1178    3.561  1.41189 0 0 0   -0.011 -0.02329  0.04412  -0.121681   0.153474 0.00977575 -0.00213162 -0.00204594 -0.00427464 0.0366759 -0.065506 0.0310853 -1.87932 -1.96225 -9.42519 
             81.2002 -5.77434 -58.3612 -120.375 -11.1279  3.58673   1.4127 0 0 0   -0.011 -0.02329  0.04412 -0.186794   0.18681 0.0150723 -0.00214313 -0.00200337 -0.00427778  0.0371046 -0.0652491  0.0304553 -1.87923  -1.9618  -9.4253 
             81.3003 -9.10219 -57.2073 -109.251 -11.1494  3.60603  1.41697 0 0 0   -0.011 -0.02329  0.04412 -0.270493  0.200439 0.0307345 -0.00215075 -0.00192021 -0.00427682  0.0368455 -0.0653638  0.0302756 -1.87914 -1.96191  -9.4253 
             81.4002 -12.4815 -55.8062 -97.9041 -11.1823  3.62974  1.42029 0 0 0   -0.011 -0.02329  0.04412 -0.332087  0.181509 0.0255598 -0.00213185 -0.00184678 -0.00428501  0.0370009 -0.0647689  0.0301427 -1.87951 -1.96172 -9.42526 
             81.5002 -16.1944 -54.3267 -87.7595 -11.2088  3.66149  1.42816 0 0 0   -0.011 -0.02329  0.04412  -0.29703  0.156778 0.0846367 -0.00207381 -0.00179923 -0.00428161  0.0376558 -0.0642621  0.0289418 -1.87966 -1.96094  -9.4254 
             81.6002 -17.9242  -52.554  -81.062 -11.2349  3.68283   1.4312 0 0 0   -0.011 -0.02329  0.04412 -0.255116  0.129598 0.0506695   -0.002041  -0.0017574 -0.00427116   0.038656 -0.0640983  0.0287197 -1.87977 -1.96027 -9.42551 
             81.7003  -19.088 -51.4404 -76.3632 -11.2581   3.6985  1.43213 0 0 0   -0.011 -0.02329  0.04412 -0.199961 0.0998071 0.0336431 -0.00198417 -0.00175916 -0.00424166  0.0393053 -0.0639122  0.0286365 -1.87994 -1.95986 -9.42556 
             81.8002 -19.6791 -50.6909 -73.3487 -11.2765  3.70799  1.43126 0 0 0   -0.011 -0.02329  0.04412 -0.168366 0.0686467 0.0351843 -0.00196339 -0.00173088 -0.00421428  0.0398011 -0.0639549   0.028845 -1.87996 -1.95962 -9.42561 
             81.9002 -19.2476 -49.7946 -71.7946 -11.2952  3.71687  1.43271 0 0 0   -0.011 -0.02329  0.04412 -0.136935 0.0465539 0.0381918 -0.00192863 -0.00174361  -0.0041928  0.0404448 -0.0634751  0.0288001 -1.88039 -1.95931 -9.42559 
             82.0003 -18.2803 -48.6295 -72.0323 -11.3097  3.71948  1.44093 0 0 0   -0.011 -0.02329  0.04412 -0.0757895  0.0137928  0.0587233 -0.00191011 -0.00174129  -0.0041719 0.0402881 -0.062783 0.0285804 -1.88085 -1.95948 -9.42546 
             82.1003 -16.8828 -47.2076 -73.5829 -11.3181  3.72023  1.44895 0 0 0   -0.011 -0.02329  0.04412 -0.0492662 -0.0231946  0.0940917 -0.00190292 -0.00173367  -0.0041345  0.0403201 -0.0624157  0.0284413 -1.88112  -1.9595  -9.4254 
             82.2002 -14.5455  -43.532 -76.5009 -11.3244  3.71207  1.46154 0 0 0   -0.011 -0.02329  0.04412 -0.0170856  -0.126482   0.183943 -0.00189804 -0.00172235 -0.00410746  0.0404765 -0.0619809  0.0285901 -1.88142 -1.95955 -9.42533 
             82.3002 -12.1402 -36.2237 -79.6469 -11.3281  3.69756  1.48366 0 0 0   -0.011 -0.02329  0.04412 -0.0287948  -0.166999   0.202887  -0.0019292 -0.00174344 -0.00410031  0.0405361 -0.0616511  0.0283767 -1.88168 -1.95954 -9.42528 
             82.4001 -10.3181 -29.1431 -80.4552 -11.3345  3.68456  1.50339 0 0 0   -0.011 -0.02329  0.04412 -0.0414707 -0.0986011  0.0870205 -0.00196014 -0.00176567 -0.00407351  0.0404123 -0.0611059   0.027936 -1.88206 -1.95964 -9.42519 
             82.5003 -9.68069 -25.6182 -79.1304 -11.3413   3.6759  1.51237 0 0 0   -0.011 -0.02329  0.04412 -0.0289709 -0.0414742  0.0358957 -0.00203667 -0.00173649 -0.00409158  0.0400648 -0.0605226  0.0277967 -1.88238 -1.95996 -9.42506 
             82.6003 -9.42238 -23.4841 -78.0745 -11.3491  3.67023  1.52063 0 0 0   -0.011 -0.02329  0.04412 -0.0287899 -0.0343832  0.0317605 -0.00208618 -0.00168181   -0.004105 0.0396728 -0.059597  0.027468 -1.88293 -1.96036 -9.42486 
             82.7001 -8.63335 -22.1477 -79.2142 -11.3554  3.67011  1.52187 0 0 0   -0.011 -0.02329  0.04412 -0.0410775 -0.0117919    0.01794 -0.00208824 -0.00170389 -0.00409077  0.0401562 -0.0592347  0.0274496 -1.88327 -1.96013 -9.42484 
             82.8002 -6.70611  -22.396 -84.2286 -11.3606  3.67025  1.52215 0 0 0   -0.011 -0.02329  0.04412  -0.0437962 -0.00088905   0.0111866 -0.00210682  -0.0016564  -0.0040392  0.0403612 -0.0591065  0.0275082  -1.8834 -1.96004 -9.42484 
             82.9003   -3.878 -23.5921 -92.5327 -11.3632  3.67158  1.51923 0 0 0   -0.011 -0.02329  0.04412 -0.0362414  0.0155142  -0.012188 -0.00209459 -0.00164323 -0.00395582  0.0404918 -0.0594193  0.0277556  -1.8832  -1.9599 -9.42491 
             83.0002 -0.956822   -25.031  -101.513 -11.3644   3.6707   1.5169 0 0 0   -0.011 -0.02329  0.04412 -0.0268448  0.0105696 -0.0157201 -0.00212349 -0.00158739 -0.00389796  0.0401743 -0.0597304  0.0279374  -1.8829 -1.96004 -9.42494 
             83.1003  2.11858 -27.2015 -111.296 -11.3677  3.67117  1.51849 0 0 0   -0.011 -0.02329  0.04412 -0.0211022  0.0223272 -0.0312209 -0.00211887 -0.00155429 -0.00390786  0.0399006 -0.0594703  0.0275935 -1.88305 -1.96026 -9.42486 
             83.2001  5.67147 -30.0687 -121.144 -11.3724  3.66919  1.50967 0 0 0   -0.011 -0.02329  0.04412  -0.028872  0.0184027 -0.0466409 -0.00213116  -0.0015073  -0.0039068  0.0396558 -0.0591715  0.0281265 -1.88313 -1.96049  -9.4248 
             83.3002  9.25661 -32.2901 -129.611 -11.3734  3.67296   1.5094 0 0 0   -0.011 -0.02329  0.04412 -0.0368345   0.025005 -0.0282901 -0.00213665 -0.00148551 -0.00395412  0.0396601 -0.0594139  0.0277492 -1.88302 -1.96045 -9.42483 
             83.4001  12.4188 -33.1909 -136.036 -11.3732  3.68079  1.51029 0 0 0   -0.011 -0.02329  0.04412  -0.0404332   0.0232055 0.000400131 -0.00212631 -0.00149325 -0.00400835  0.0402015 -0.0599172  0.0273562 -1.88278 -1.96004 -9.42496 
             83.5001  14.2128 -33.0312 -140.412 -11.3788  3.68265  1.51104 0 0 0   -0.011 -0.02329  0.04412   -0.0462355 -0.000154803   0.00831436  -0.0021474 -0.00152367 -0.00405676  0.0402484 -0.0597636  0.0273229 -1.88289 -1.96001 -9.42494 
             83.6001  13.7718 -32.3543 -142.411 -11.387 3.68181  1.5183 0 0 0   -0.011 -0.02329  0.04412 -0.0693007   -0.03016  0.0448495 -0.00211145 -0.00151898  -0.0040888  0.0399678 -0.0593374  0.0268767 -1.88321 -1.96014 -9.42485 
             83.7002  12.8765 -30.4966 -143.864 -11.3968  3.67553  1.52349 0 0 0   -0.011 -0.02329  0.04412  -0.105889 -0.0798785  0.0657457 -0.00209893 -0.00153132 -0.00411755  0.0398631 -0.0592421  0.0269667 -1.88328 -1.96021 -9.42483 
             83.8001  11.1825   -28.16 -144.936 -11.4111  3.66318  1.53475 0 0 0   -0.011 -0.02329  0.04412 -0.122475 -0.121276 0.0815466 -0.00211917 -0.00153353 -0.00409721   0.039277 -0.0590097  0.0267237 -1.88351 -1.96052 -9.42471 
             83.9001  9.86459 -24.4779 -145.801 -11.4302  3.64883  1.54889 0 0 0   -0.011 -0.02329  0.04412 -0.206663 -0.151173  0.128589 -0.00212417 -0.00153998 -0.00409982 0.0388305 -0.058746 0.0264626 -1.88375 -1.96073 -9.42462 
             84.0001  10.2223 -18.8487 -147.196 -11.4573  3.63352  1.56367 0 0 0   -0.011 -0.02329  0.04412 -0.26424  -0.1413 0.135353  -0.0021567 -0.00156527 -0.00408461  0.0385339 -0.0584778  0.0264306 -1.88397 -1.96085 -9.42455 
             84.1003  10.8503 -14.0492  -147.89 -11.4881  3.61574  1.56563 0 0 0   -0.011 -0.02329  0.04412 -0.226265 -0.138435 0.0598842 -0.00219578 -0.00159985 -0.00407218  0.0383407 -0.0580896   0.027387  -1.8842 -1.96095 -9.42449 
             84.2002  11.1305 -11.6307 -148.076 -11.5055  3.59924   1.5549 0 0 0   -0.011 -0.02329  0.04412 -0.184352 -0.160151 0.0161357 -0.00231675 -0.00161449 -0.00407726  0.0390781 -0.0584108  0.0286645  -1.8838 -1.96064 -9.42463 
             84.3002  10.7717 -8.82956 -148.003 -11.5244  3.58199  1.54525 0 0 0   -0.011 -0.02329  0.04412  -0.189274  -0.198771 -0.0037093   -0.002328 -0.00155676 -0.00408383  0.039514 -0.058247  0.029549 -1.88374 -1.96037  -9.4247 
             84.4001  9.88264 -5.78013 -146.416 -11.5362  3.56272  1.54186 0 0 0   -0.011 -0.02329  0.04412  -0.122649  -0.242511 -0.0302715 -0.00236065 -0.00158458 -0.00408234  0.0400485 -0.0585034  0.0296367 -1.88347 -1.96012 -9.42481 
             84.5002  7.52472 -2.92087 -143.211 -11.5414   3.5364  1.54214 0 0 0   -0.011 -0.02329  0.04412 -0.0585815  -0.289368 -0.0299276 -0.00236883 -0.00159993 -0.00411723  0.0403076 -0.0588587  0.0293432 -1.88324 -1.96007 -9.42486 
             84.6001   4.91788 -0.117156  -139.523 -11.5435  3.50368  1.54517 0 0 0   -0.011 -0.02329  0.04412 -0.0109173  -0.321966 -0.0194212 -0.00236457 -0.00160732 -0.00415523 0.0401689 -0.059216 0.0289173 -1.88312 -1.96027 -9.42484 
             84.7002  2.90176  2.22871 -135.378 -11.5427  3.47481  1.55464 0 0 0   -0.011 -0.02329  0.04412   0.0451515     -0.3329 0.000440636 -0.00233469 -0.00163048 -0.00414786  0.0402299 -0.0589737  0.0279482 -1.88339 -1.96027 -9.42479 
             84.8002  1.12046  3.52982 -130.326 -11.5317  3.44077  1.56177 0 0 0   -0.011 -0.02329  0.04412   0.13024 -0.357171 0.0129709 -0.00236997 -0.00163875 -0.00415005  0.0403481 -0.0592381  0.0274069  -1.8833 -1.96034 -9.42479 
             84.9002 -0.695296   4.44584   -124.78 -11.5108  3.40755  1.56662 0 0 0   -0.011 -0.02329  0.04412  0.203671 -0.375462 0.0215229 -0.00236429 -0.00166955 -0.00414559  0.0409069 -0.0594396  0.0271678 -1.88313 -1.96009 -9.42488 
             85.0001 -2.02659  4.98628 -119.584 -11.4864   3.3704  1.57663 0 0 0   -0.011 -0.02329  0.04412  0.254608 -0.398598 0.0612949 -0.00234974 -0.00171841  -0.0041427  0.0411314 -0.0595277  0.0266798 -1.88313 -1.96007 -9.42488 
             85.1001 -3.42881   5.1731 -114.775 -11.4609  3.33018  1.59082 0 0 0   -0.011 -0.02329  0.04412  0.290108 -0.406863 0.0921988 -0.00237158 -0.00171028 -0.00411812  0.0410616 -0.0593443   0.026041 -1.88335 -1.96022 -9.42481 
                85.2 -4.89797  5.61391 -110.337 -11.4299  3.28954  1.59924 0 0 0   -0.011 -0.02329  0.04412  0.299931 -0.388289  0.117945 -0.00235918 -0.00173296 -0.00408498  0.0410784 -0.0595076  0.0262105 -1.88322 -1.96018 -9.42484 
             85.3002 -5.71321  6.39476 -106.017 -11.3991  3.24691   1.6075 0 0 0   -0.011 -0.02329  0.04412  0.289117 -0.357574  0.125688 -0.00237424 -0.00173597  -0.0040637 0.0405908 -0.059943 0.0265664 -1.88291 -1.96041 -9.42486 
             85.4001 -6.36001  7.50898 -101.462 -11.3697  3.20908  1.61519 0 0 0   -0.011 -0.02329  0.04412   0.27267 -0.314419  0.050165 -0.00235931 -0.00180166 -0.00405935  0.0401735 -0.0602892  0.0266463 -1.88267 -1.96065 -9.42486 
             85.5001 -7.68073  8.89241 -96.7594 -11.3439  3.17442  1.61241 0 0 0   -0.011 -0.02329  0.04412  0.262351 -0.300372 0.0174963 -0.00235074 -0.00180454 -0.00405167  0.0396707 -0.0603315  0.0270095 -1.88257 -1.96085 -9.42483 
             85.6001 -8.90148   10.644 -92.2592 -11.3197  3.14273  1.60841 0 0 0   -0.011 -0.02329  0.04412  0.204459 -0.258689 0.0247631 -0.00233581 -0.00182623 -0.00402842  0.0392115 -0.0605354  0.0275555 -1.88234 -1.96098 -9.42485 
             85.7001 -8.87876  11.2207 -88.2029 -11.2992  3.11582  1.60726 0 0 0   -0.011 -0.02329  0.04412   0.163841  -0.280208 -0.0050393 -0.00233631 -0.00187274 -0.00402873  0.0391251 -0.0608706  0.0277432 -1.88211 -1.96095  -9.4249 
                85.8  -8.6607  11.9172 -85.2135 -11.2852  3.08003  1.60053 0 0 0   -0.011 -0.02329  0.04412   0.121026  -0.346017 -0.0137624 -0.00236499 -0.00186686 -0.00399986  0.0385435 -0.0609018  0.0281421 -1.88196 -1.96119 -9.42488 
             85.9002 -8.11962    12.38 -82.7221 -11.2722  3.04244  1.59822 0 0 0   -0.011 -0.02329  0.04412  0.0728264  -0.400131 -0.0144427 -0.00235825 -0.00187622 -0.00396065  0.0383811 -0.0613617  0.0281746 -1.88164  -1.9612 -9.42495 
             86.0002 -7.27852  12.9181  -80.717 -11.2611  2.99748  1.59975 0 0 0   -0.011 -0.02329  0.04412 0.0590244 -0.474972 0.0169571 -0.00238016 -0.00187042 -0.00395219 0.0381248 -0.061982 0.0279418 -1.88122 -1.96129 -9.42501 
             86.1002 -6.83517  13.2148 -79.2603 -11.2514  2.95116  1.61428 0 0 0   -0.011 -0.02329  0.04412 0.0717774 -0.484847  0.122342 -0.00235879 -0.00189248  -0.0039417 0.0384127 -0.062259 0.0272395 -1.88115 -1.96124 -9.42504 
             86.2001 -6.23827  12.0965 -78.1233 -11.2438  2.90026  1.63031 0 0 0   -0.011 -0.02329  0.04412 0.0901679 -0.483297  0.200523 -0.00235252 -0.00188171 -0.00392752 0.0381548 -0.062154 0.0271913 -1.88114 -1.96142   -9.425 
             86.3001 -5.75364  11.0248 -77.0408 -11.2289  2.85925  1.65279 0 0 0   -0.011 -0.02329  0.04412  0.126943 -0.432919  0.218441 -0.00236784 -0.00186919 -0.00390551  0.0386363 -0.0628547  0.0272447 -1.88087 -1.96098 -9.42515 
             86.4001 -5.36173  10.0427 -76.5703 -11.2172  2.81493  1.66444 0 0 0   -0.011 -0.02329  0.04412  0.105599 -0.401726  0.139967 -0.00234447 -0.00188211 -0.00392528   0.038221 -0.0628197  0.0277265 -1.88075 -1.96109 -9.42515 
             86.5001 -4.14339  8.79556 -77.1624 -11.2045  2.77817  1.67429 0 0 0   -0.011 -0.02329  0.04412  0.127664 -0.344902   0.10542 -0.00233001 -0.00189538  -0.0039244  0.0382605 -0.0630871  0.0279205  -1.8806 -1.96095  -9.4252 
                86.6 -3.12356  6.20954  -77.387 -11.1885  2.74598  1.68086 0 0 0   -0.011 -0.02329  0.04412  0.179012 -0.267097 0.0624419 -0.00234522 -0.00186757  -0.0039082  0.0381429 -0.0631844  0.0281304  -1.8805 -1.96094 -9.42523 
             86.7001  -2.82057 -0.255601   -75.497 -11.1691  2.71889  1.67549 0 0 0   -0.011 -0.02329  0.04412  0.196233 -0.201844 -0.035004 -0.00232707 -0.00181857 -0.00391959  0.0372078 -0.0631889  0.0285537 -1.88019 -1.96134 -9.42521 
                86.8 -3.44457 -5.10793 -73.7766 -11.1451  2.69592  1.67615 0 0 0   -0.011 -0.02329  0.04412   0.253659  -0.262614 -0.0796662 -0.00226005 -0.00176439 -0.00398256 0.0373405 -0.063297 0.0280125  -1.8802 -1.96137  -9.4252 
             86.9001 -3.92708 -8.83742 -73.5971 -11.1153  2.66406  1.65821 0 0 0   -0.011 -0.02329  0.04412  0.303862 -0.309236 -0.113782 -0.00219487 -0.00179536 -0.00401111  0.0367326 -0.0635644  0.0285937 -1.87982 -1.96151 -9.42524 
                  87 -3.71829 -12.2237 -75.3337 -11.0735  2.63334  1.64243 0 0 0   -0.011 -0.02329  0.04412   0.400312  -0.332477 -0.0532852 -0.00216892 -0.00183115 -0.00398971  0.0365082 -0.0645451   0.029192 -1.87916 -1.96126 -9.42543 
             87.1002 -3.28282 -15.0909 -77.3833 -11.0303  2.60137  1.63563 0 0 0   -0.011 -0.02329  0.04412  0.446736 -0.324711  0.025683 -0.00215481 -0.00184391  -0.0039486  0.0366106 -0.0647303  0.0296495 -1.87904 -1.96107 -9.42549 
             87.2002  -3.5025 -17.5426 -78.4315 -10.9849  2.56811  1.64248 0 0 0   -0.011 -0.02329  0.04412  0.424744 -0.318606 0.0142703 -0.00213763 -0.00185799 -0.00395315  0.0364084 -0.0647787  0.0294104 -1.87898 -1.96121 -9.42547 
             87.3001 -3.89734 -20.7749 -78.3022 -10.9458  2.53717  1.63842 0 0 0   -0.011 -0.02329  0.04412   0.334399  -0.286068 -0.0707971 -0.00209631 -0.00187019 -0.00398994  0.0362651 -0.0648979  0.0294549 -1.87887 -1.96125 -9.42549 
             87.4001  -4.4068 -23.2224 -78.3818 -10.9165   2.5038  1.64014 0 0 0   -0.011 -0.02329  0.04412   0.303614  -0.319126 0.00154239 -0.00208196 -0.00186172 -0.00402852  0.0359162 -0.0643484  0.0290352 -1.87913 -1.96163 -9.42536 
             87.5001 -4.27268  -24.609 -79.9019 -10.8861  2.47141  1.64667 0 0 0   -0.011 -0.02329  0.04412    0.266048   -0.329219 -0.00790659 -0.00208051 -0.00185132 -0.00402446  0.0356583 -0.0645388  0.0285017 -1.87903 -1.96176 -9.42535 
             87.6001 -3.65865 -26.2766 -82.4745 -10.8631  2.43473   1.6509 0 0 0   -0.011 -0.02329  0.04412   0.214934  -0.358842 -0.0145523  -0.0020564 -0.00188491 -0.00402482   0.035293 -0.0642341  0.0280579 -1.87917 -1.96205 -9.42526 
             87.7001  -3.2023   -28.04 -85.6951 -10.8459  2.39692  1.65891 0 0 0   -0.011 -0.02329  0.04412   0.16348 -0.382025 0.0127588 -0.00204272 -0.00186973 -0.00402685   0.034982 -0.0638745   0.027369 -1.87939 -1.96231 -9.42516 
             87.8001 -2.48221 -30.0344 -90.5642 -10.8341  2.36006  1.66148 0 0 0   -0.011 -0.02329  0.04412  0.103621 -0.386519 0.0177594 -0.00201142  -0.0018805 -0.00402152  0.0352243 -0.0636718  0.0271886 -1.87959 -1.96221 -9.42514 
                87.9 -0.142459  -33.2814  -97.2349 -10.827 2.32268  1.6712 0 0 0   -0.011 -0.02329  0.04412 0.0824418 -0.376571  0.110472  -0.0019914 -0.00188211 -0.00401307   0.035185 -0.0634195  0.0267782 -1.87978 -1.96227 -9.42509 
                  88  4.37103 -36.0996 -106.644 -10.816 2.28626 1.68073 0 0 0   -0.011 -0.02329  0.04412  0.121141 -0.376071   0.16548 -0.00200433 -0.00185815 -0.00399117  0.0354719 -0.0636282  0.0272078 -1.87966 -1.96209 -9.42516 
                88.1  10.1033 -37.3717 -119.378 -10.804 2.24712 1.69135 0 0 0   -0.011 -0.02329  0.04412  0.149263 -0.380357 0.0853875 -0.00197908 -0.00184545 -0.00396583  0.0355467 -0.0634232  0.0274866 -1.87975 -1.96211 -9.42513 
                88.2  16.4628 -37.6683 -133.068 -10.7864  2.20997  1.69536 0 0 0   -0.011 -0.02329  0.04412  0.188253 -0.356718 0.0529536 -0.00196379 -0.00184514  -0.0039266  0.0356328 -0.0635651  0.0276529 -1.87966 -1.96206 -9.42516 
             88.3002  20.6439 -36.7298  -144.32 -10.7619  2.17812  1.70014 0 0 0   -0.011 -0.02329  0.04412  0.229894 -0.318343 0.0775108 -0.00195195 -0.00185382 -0.00394563  0.0359569 -0.0640054  0.0277298 -1.87942 -1.96185 -9.42525 
             88.4002  23.8474 -35.2708 -154.442 -10.7399  2.14607  1.71227 0 0 0   -0.011 -0.02329  0.04412  0.243349  -0.28868 0.0475278 -0.00192591  -0.0018523  -0.0040059  0.0354953 -0.0638696  0.0273694 -1.87953 -1.96206 -9.42519 
             88.5001  27.3979 -33.5334 -164.143 -10.718 2.11676 1.71983 0 0 0   -0.011 -0.02329  0.04412  0.248223 -0.247065 0.0189798 -0.00193128 -0.00186002  -0.0040181   0.034992 -0.0637002   0.027127 -1.87969 -1.96229 -9.42511 
             88.6001  30.2029 -31.5836 -172.226 -10.6998  2.08717  1.72593 0 0 0   -0.011 -0.02329  0.04412  0.254837 -0.217865 0.0274548 -0.00195766 -0.00181894 -0.00403673  0.0340237 -0.0633376  0.0273225 -1.88002 -1.96276 -9.42494 
             88.7001  31.8156 -29.4828 -177.836 -10.6743  2.07251  1.72353 0 0 0   -0.011 -0.02329  0.04412  0.287085 -0.157872 0.0243696 -0.00192249 -0.00185004 -0.00408624  0.0343942 -0.0628392  0.0275227 -1.88018 -1.96249 -9.42497 
                88.8  33.1411 -27.7309  178.368 -10.6468  2.05411  1.72346 0 0 0   -0.011 -0.02329  0.04412    0.308138   -0.160993 0.000280029 -0.00198259  -0.0018623 -0.00412279   0.034209 -0.0628019  0.0278946 -1.88026 -1.96262 -9.42493 
                88.9  33.3236 -26.9742  176.641 -10.6169  2.04247  1.71647 0 0 0   -0.011 -0.02329  0.04412   0.306477  -0.172137 -0.0422605 -0.00199563 -0.00187251 -0.00411101  0.0344723 -0.0622091  0.0280285  -1.8804 -1.96234 -9.42496 
                  89  32.1244 -27.0165  177.122 -10.5871  2.02709  1.71144 0 0 0   -0.011 -0.02329  0.04412    0.27656  -0.157163 -0.0354091 -0.00200998 -0.00187418 -0.00413641   0.034566 -0.0620722  0.0280115  -1.8804 -1.96225 -9.42497 
                89.1  31.2224 -26.8785  177.965 -10.5606  2.01464  1.71077 0 0 0   -0.011 -0.02329  0.04412   0.251034  -0.120112 -0.0448765 -0.00200867 -0.00187493 -0.00416638  0.0344586 -0.0620802  0.0277047 -1.88042 -1.96223 -9.42497 
                89.2  30.7854 -27.0405  178.616 -10.5348  2.00632  1.70606 0 0 0   -0.011 -0.02329  0.04412   0.228778   -0.10793 -0.0311502 -0.00201828 -0.00189025 -0.00417319  0.0346088 -0.0618825  0.0275465 -1.88039 -1.96209 -9.42501 
             89.3002  29.7547 -27.4013 -179.841 -10.5158  1.99567  1.70085 0 0 0   -0.011 -0.02329  0.04412   0.187619  -0.124744 -0.0189517 -0.00204036 -0.00187936 -0.00416188  0.0345577 -0.0616277  0.0277982  -1.8805 -1.96203   -9.425 
             89.4001  26.8329 -28.7971 -174.658 -10.4961  1.98641  1.69779 0 0 0   -0.011 -0.02329  0.04412   0.177866  -0.112306 -0.0173202 -0.00203243 -0.00190621 -0.00418321  0.0347522 -0.0613827  0.0276863 -1.88045 -1.96188 -9.42504 
             89.5001  19.0449 -31.3708 -159.286 -10.4777  1.97933  1.69347 0 0 0   -0.011 -0.02329  0.04412   0.148358 -0.0934142   -0.01365 -0.00200805 -0.00191423 -0.00425158  0.0350382 -0.0610576  0.0276789 -1.88039  -1.9617 -9.42509 
             89.6001  8.71905 -31.0812 -137.128 -10.4655   1.9729  1.70097 0 0 0   -0.011 -0.02329  0.04412  0.0904693 -0.0982413  0.0276891 -0.00202935 -0.00196825 -0.00444997  0.0347564 -0.0611429   0.026974 -1.88045 -1.96169 -9.42508 
                89.7 0.0126935  -26.2175  -116.006 -10.4627  1.95833  1.70459 0 0 0   -0.011 -0.02329  0.04412 0.0533485 -0.167616 0.0584559 -0.00206396 -0.00201909 -0.00457083  0.0344378 -0.0610591  0.0272666 -1.88063 -1.96178 -9.42503 
                89.8 -5.51638 -18.4089 -99.6633 -10.4633  1.93306  1.70746 0 0 0   -0.011 -0.02329  0.04412 0.0652126  -0.28149 0.0508847 -0.00211341 -0.00206778 -0.00452324 0.0340531 -0.060803 0.0278421  -1.8809 -1.96191 -9.42494 
                89.9 -9.21774 -8.91435 -88.0522 -10.4559  1.89956  1.71268 0 0 0   -0.011 -0.02329  0.04412  0.120513 -0.372143 0.0424297 -0.00214522 -0.00208712 -0.00442827  0.0338882 -0.0607106   0.027912   -1.881 -1.96198 -9.42491 
             90.0001 -11.7816  1.34649 -78.7957 -10.4509  1.85511  1.70978 0 0 0   -0.011 -0.02329  0.04412    0.116086   -0.440148 -0.00807489 -0.00216662  -0.0021196 -0.00432776  0.0336012 -0.0600644  0.0285797 -1.88137 -1.96216  -9.4248 
                90.1 -12.7972  9.78334 -72.1212 -10.4379  1.81234   1.7028 0 0 0   -0.011 -0.02329  0.04412   0.106382  -0.464955 -0.0374943 -0.00222028 -0.00216367 -0.00427052  0.0339885 -0.0602108  0.0288544 -1.88125 -1.96194 -9.42487 
                90.2 -13.2586   15.939 -69.0782 -10.4212  1.76738  1.69541 0 0 0   -0.011 -0.02329  0.04412  0.0779516  -0.514796 -0.0451898 -0.00230505  -0.0021844 -0.00422226  0.0343895 -0.0610401  0.0289544 -1.88081 -1.96157 -9.42503 
             90.2999 -12.8857  20.3057 -67.8294 -10.4147  1.71085  1.68574 0 0 0   -0.011 -0.02329  0.04412  0.0113516  -0.573363 -0.0254778 -0.00235881 -0.00219169 -0.00414086 0.0341938  -0.06132 0.0293979 -1.88056 -1.96159 -9.42508 
             90.4001 -11.7921  23.2482 -67.1136 -10.4094  1.65072  1.69014 0 0 0   -0.011 -0.02329  0.04412 0.0109962 -0.613151 0.0890457 -0.00241554 -0.00219087 -0.00409737  0.0338675 -0.0618169  0.0291254 -1.88022 -1.96164 -9.42514 
             90.5001 -10.6528  25.4773 -67.4906 -10.4037  1.58979  1.70577 0 0 0   -0.011 -0.02329  0.04412 0.000981389   -0.609574    0.161212 -0.00247464 -0.00216248 -0.00407215  0.0336915 -0.0623322  0.0288094 -1.87991 -1.96162  -9.4252 
                90.6 -9.79495  26.1256 -70.1448 -10.4012  1.53636  1.72185 0 0 0   -0.011 -0.02329  0.04412 -0.0381949  -0.546333   0.139183 -0.00251154 -0.00216765  -0.0040584  0.0339958 -0.0630326  0.0287597 -1.87969 -1.96127 -9.42532 
                90.7 -10.0894   24.531 -76.1877 -10.4067  1.48732  1.73627 0 0 0   -0.011 -0.02329  0.04412 -0.0594957  -0.452369  0.0950296 -0.00253785 -0.00213162 -0.00403194  0.0341666 -0.0630142  0.0285633 -1.87975 -1.96125 -9.42531 
             90.8003 -10.9141  23.0604 -81.7487 -10.4104  1.44514  1.75352 0 0 0   -0.011 -0.02329  0.04412 -0.0568561  -0.366673  0.0895021 -0.00256208 -0.00204209 -0.00396378  0.0342837 -0.0629871   0.027751 -1.87976 -1.96142 -9.42527 
                90.9 -10.6334  22.5415 -83.7762 -10.4145  1.41264   1.7651 0 0 0   -0.011 -0.02329  0.04412 -0.0448522  -0.263627  0.0915101 -0.00256025 -0.00200077 -0.00396313  0.0342616 -0.0630335  0.0274696 -1.87971  -1.9615 -9.42527 
                  91 -10.0928  21.9319 -84.0379 -10.4193  1.39053   1.7755 0 0 0   -0.011 -0.02329  0.04412 -0.0238123  -0.199831  0.0778781   -0.002539 -0.00197483 -0.00404545  0.0344652 -0.0629149  0.0273711 -1.87983 -1.96148 -9.42525 
                91.1  -10.181  22.2013 -83.3217 -10.419 1.37279 1.78316 0 0 0   -0.011 -0.02329  0.04412 0.0470855 -0.160345 0.0363121 -0.00251845 -0.00197648 -0.00410052  0.0345943 -0.0629033  0.0272578 -1.87987 -1.96146 -9.42524 
                91.2 -12.0436  24.4763 -80.0251  -10.41 1.35738 1.77868 0 0 0   -0.011 -0.02329  0.04412   0.177069  -0.117454 -0.0642855 -0.00247276 -0.00199106 -0.00411128   0.034334 -0.0627761  0.0275609 -1.87987 -1.96151 -9.42523 
             91.3001 -16.3464  30.2347 -72.8958 -10.3804  1.35493  1.76681 0 0 0   -0.011 -0.02329  0.04412  0.294689 0.0256521  -0.15858 -0.00242345 -0.00203578 -0.00413414 0.0346029  -0.06337 0.0276161 -1.87965 -1.96123 -9.42534 
             91.4001 -19.5413  36.2658 -63.6371 -10.3473  1.36187  1.73895 0 0 0   -0.011 -0.02329  0.04412  0.25189 0.149577 -0.16286 -0.00238385 -0.00213556 -0.00421003  0.0337885 -0.0640791  0.0283668 -1.87908 -1.96118 -9.42546 
             91.5001 -19.5004  41.1456 -53.7078 -10.3198  1.37823  1.71955 0 0 0   -0.011 -0.02329  0.04412  0.205881  0.229929 -0.122723 -0.00241089 -0.00221027  -0.0041829  0.0332049 -0.0645702  0.0286069 -1.87867 -1.96123 -9.42553 
             91.6001 -17.6142  44.6506 -43.0984 -10.2927  1.40168  1.69891 0 0 0   -0.011 -0.02329  0.04412 0.213034   0.3045 -0.13743 -0.00247204 -0.00224763 -0.00415757  0.0323189 -0.0652413  0.0289585 -1.87809 -1.96128 -9.42564 
                91.7 -16.1817  47.0034 -33.5761 -10.2626  1.43558  1.68361 0 0 0   -0.011 -0.02329  0.04412  0.236086  0.362049 -0.144357  -0.0024865 -0.00231407  -0.0041486   0.032002 -0.0659965  0.0287734  -1.8776 -1.96119 -9.42575 
             91.7999 -14.7947  48.5521 -25.0811 -10.2341   1.4733  1.66984 0 0 0   -0.011 -0.02329  0.04412  0.249859  0.392288 -0.145896 -0.00248909 -0.00235086 -0.00409264  0.0318364 -0.0662875  0.0285062 -1.87737  -1.9612  -9.4258 
                91.9 -13.1493  49.1927 -17.6793 -10.2089  1.51352  1.65474 0 0 0   -0.011 -0.02329  0.04412 0.245366 0.412464 -0.14227 -0.00251101 -0.00238669 -0.00404914  0.0317498 -0.0663346  0.0285128 -1.87731  -1.9612 -9.42581 
                  92  -11.373  49.2567 -11.2691 -10.1841  1.56009  1.64739 0 0 0   -0.011 -0.02329  0.04412   0.287651   0.438046 -0.0947116 -0.00253258 -0.00244975 -0.00402917  0.0324555 -0.0665444  0.0284121 -1.87756 -1.96096 -9.42581 
             92.0999 -9.37132  48.6694 -4.85895 -10.1549  1.61393  1.63718 0 0 0   -0.011 -0.02329  0.04412   0.292666   0.458019 -0.0991524 -0.00256057 -0.00247642   -0.004005 0.0327763 -0.067486 0.0285919 -1.87754 -1.96038 -9.42594 
                92.2 -7.12524  48.3403 0.881462 -10.1212  1.66385  1.63035 0 0 0   -0.011 -0.02329  0.04412   0.335384   0.446969 -0.0511946 -0.00256032 -0.00249734 -0.00400769  0.0328766 -0.0680342  0.0283667 -1.87743  -1.9601 -9.42601 
                92.3 -4.82149  47.8245  5.52302 -10.0861  1.70464  1.62571 0 0 0   -0.011 -0.02329  0.04412   0.290331   0.374219 -0.0204658 -0.00256237 -0.00251351 -0.00398068  0.0324424 -0.0679635  0.0282424 -1.87719 -1.96019 -9.42604 
                92.4 -2.45258  46.4833  9.25818 -10.0605  1.74114  1.61782 0 0 0   -0.011 -0.02329  0.04412   0.278975   0.338263 -0.0678382 -0.00258913  -0.0025337 -0.00396561  0.0323294 -0.0681765  0.0286361 -1.87722 -1.96004 -9.42607 
                92.5 -1.52291  46.8125   12.348 -10.0269  1.77597  1.60216 0 0 0   -0.011 -0.02329  0.04412   0.33289  0.333166 -0.104484 -0.00260082 -0.00252762 -0.00395212  0.0315963 -0.0683312  0.0289235 -1.87692 -1.95995 -9.42615 
                92.6 -0.697206   47.1897   15.8448 -9.9943 1.80478 1.59063 0 0 0   -0.011 -0.02329  0.04412  0.337968  0.279683 -0.133414 -0.00255914 -0.00256398 -0.00393791  0.0316676 -0.0681008  0.0290003 -1.87698 -1.96007 -9.42611 
             92.6999 0.618522  47.1915  19.1279 -9.96032  1.83254  1.56584 0 0 0   -0.011 -0.02329  0.04412  0.377592  0.231227 -0.218536 -0.00256773 -0.00257257 -0.00394069  0.0312713 -0.0683956  0.0296177 -1.87693 -1.95987 -9.42616 
             92.7999 1.77566 47.3342 21.4367 -9.91923   1.8545  1.54853 0 0 0   -0.011 -0.02329  0.04412  0.442383  0.184225 -0.203789 -0.00256275 -0.00259114 -0.00393296  0.0315606 -0.0685035  0.0292583 -1.87699 -1.95984 -9.42616 
             92.8999 2.79998 46.6786 23.1618 -9.86781  1.87544  1.52584 0 0 0   -0.011 -0.02329  0.04412  0.554718  0.181517 -0.166377 -0.00255899 -0.00259039 -0.00392227  0.0311002 -0.0687805  0.0293099 -1.87679 -1.95965 -9.42623 
             93.0001 3.71287 45.7586 24.5175 -9.80875  1.89541  1.51494 0 0 0   -0.011 -0.02329  0.04412   0.644609   0.216548 -0.0946078 -0.00257161 -0.00259233 -0.00391824  0.0313472 -0.0688733  0.0292491 -1.87691 -1.95962 -9.42622 
             93.0999 4.16629 44.7726 25.5865 -9.74317  1.92129  1.50987 0 0 0   -0.011 -0.02329  0.04412   0.654981   0.268606 -0.0412425 -0.00256023 -0.00261167 -0.00391505  0.0314576 -0.0690655   0.029113 -1.87695 -1.95953 -9.42623 
             93.1999 3.97737 44.2339 26.1028 -9.68115  1.95218  1.50565 0 0 0   -0.011 -0.02329  0.04412   0.562735   0.291225 -0.0625492 -0.00254643 -0.00260456 -0.00390448   0.031415 -0.0693195   0.029034 -1.87694 -1.95939 -9.42626 
             93.2999 4.38749 44.5382 27.6668 -9.6262 1.98528 1.49741 0 0 0   -0.011 -0.02329  0.04412  0.511644  0.323873 -0.101453  -0.0025421 -0.00261745 -0.00390808  0.0312746 -0.0695321  0.0288608 -1.87686 -1.95926  -9.4263 
             93.4001 5.75796  45.977 30.5215 -9.57747  2.01802  1.48288 0 0 0   -0.011 -0.02329  0.04412   0.43689  0.348367 -0.145218 -0.00250545 -0.00263519 -0.00390421 0.0310379 -0.069389 0.0290084 -1.87676 -1.95931 -9.42631 
             93.4999 6.36698 47.0089 32.6508 -9.53511  2.05697  1.46501 0 0 0   -0.011 -0.02329  0.04412   0.39529  0.387956 -0.224774  -0.0025214 -0.00269173 -0.00392429   0.030923 -0.0695796   0.028871  -1.8767  -1.9592 -9.42635 
             93.5999 5.23733 48.4043 32.3862 -9.49376  2.10139  1.43173 0 0 0   -0.011 -0.02329  0.04412  0.404111  0.438827 -0.318664 -0.00250389 -0.00266811 -0.00390306  0.0302959 -0.0697795   0.029142 -1.87647   -1.959 -9.42643 
             93.7001 3.75433 50.2798 30.1697 -9.45357  2.14856  1.39276 0 0 0   -0.011 -0.02329  0.04412  0.431677  0.463714 -0.341195 -0.00252372 -0.00268384 -0.00385782 0.0299989  -0.07003  0.029603 -1.87646 -1.95882 -9.42647 
             93.7999  2.0615 51.1873 25.7817 -9.4068 2.20129 1.36821 0 0 0   -0.011 -0.02329  0.04412  0.499494  0.503233 -0.239768 -0.00254928 -0.00268893  -0.0038118 0.0302114 -0.070483 0.0290326 -1.87652 -1.95862  -9.4265 
             93.8999 0.679119  51.5891  19.7859 -9.35245  2.25465  1.34488 0 0 0   -0.011 -0.02329  0.04412  0.560648  0.504519 -0.158648  -0.0026133 -0.00266051 -0.00382801  0.0297961 -0.0706954  0.0291825 -1.87639 -1.95845 -9.42657 
             93.9999 -1.14095  51.5008  14.0516 -9.29593  2.30565  1.32633 0 0 0   -0.011 -0.02329  0.04412  0.516256  0.467819 -0.146861 -0.00264292 -0.00261538 -0.00381843  0.0292677 -0.0707529  0.0292499 -1.87617 -1.95834 -9.42663 
                94.1 -2.89856  51.6172  10.1757 -9.24669  2.34997  1.31141 0 0 0   -0.011 -0.02329  0.04412  0.526095  0.446655 -0.160273 -0.00263786 -0.00259807 -0.00381699  0.0294723 -0.0707381  0.0294011 -1.87629 -1.95838  -9.4266 
                94.2 -4.55731   52.719  7.29375 -9.19425  2.39493  1.29611 0 0 0   -0.011 -0.02329  0.04412  0.530854  0.389988 -0.203856 -0.00263031 -0.00256433 -0.00385914  0.0296415 -0.0710228  0.0292207 -1.87636 -1.95824 -9.42661 
             94.2999 -5.31294  53.5533  4.55281 -9.14027   2.4308  1.27213 0 0 0   -0.011 -0.02329  0.04412  0.521866  0.339354 -0.258086 -0.00261094 -0.00255137 -0.00386191  0.0295016 -0.0709685  0.0291688 -1.87628 -1.95826 -9.42663 
             94.3999 -4.85213  53.6887   3.7482 -9.08518  2.46498  1.24052 0 0 0   -0.011 -0.02329  0.04412  0.543331  0.321539 -0.312608 -0.00264732 -0.00253555 -0.00385504  0.0290789 -0.0710279  0.0291671 -1.87609 -1.95821 -9.42668 
             94.4999 -3.32738  53.4951  4.73165 -9.02489  2.50144  1.20358 0 0 0   -0.011 -0.02329  0.04412  0.645217  0.351246 -0.302317 -0.00266107 -0.00249361 -0.00390058  0.0285056 -0.0713964  0.0293657 -1.87589 -1.95798 -9.42676 
             94.6001 -2.68256  53.6847  5.53341 -8.95756  2.54087  1.18059 0 0 0   -0.011 -0.02329  0.04412  0.728657  0.442995 -0.176323 -0.00263564 -0.00249078 -0.00391305  0.0287688 -0.0714183  0.0294118 -1.87602 -1.95797 -9.42674 
             94.6999 -2.60924  54.0453   6.2395 -8.88386  2.58844  1.17001 0 0 0   -0.011 -0.02329  0.04412   0.677221   0.423509 -0.0847428 -0.00262096 -0.00248554 -0.00390298  0.0288361 -0.0717524  0.0291387 -1.87598 -1.95781 -9.42678 
             94.7999 -1.70804  53.8983  7.07676 -8.82332  2.63281  1.16053 0 0 0   -0.011 -0.02329  0.04412   0.56466  0.432151 -0.105165  -0.0025958 -0.00250342 -0.00389425  0.0289263 -0.0720475  0.0292537 -1.87604 -1.95764  -9.4268 
             94.8998 -1.69611  54.2483  7.61844 -8.77061  2.68264  1.14392 0 0 0   -0.011 -0.02329  0.04412  0.475564  0.466334 -0.134304 -0.00264082 -0.00246397 -0.00389722  0.0285244 -0.0725944  0.0295138 -1.87593 -1.95733 -9.42689 
             94.9999 -2.14542  54.6446  8.43533 -8.73143  2.73025  1.12703 0 0 0   -0.011 -0.02329  0.04412  0.379524  0.444523 -0.159743 -0.00262459 -0.00248084 -0.00390543  0.0285775 -0.0728267  0.0299642 -1.87607 -1.95718 -9.42689 
             95.0999 -2.74758  54.4565  7.60195 -8.69595  2.77501  1.10947 0 0 0   -0.011 -0.02329  0.04412  0.330172  0.395098 -0.194919 -0.00259959 -0.00250233 -0.00389517  0.0286478 -0.0731312  0.0299653  -1.8761 -1.95702 -9.42692 
             95.1999 -2.43531  53.7828   6.1548 -8.66768  2.81218  1.09175 0 0 0   -0.011 -0.02329  0.04412  0.248096  0.414001 -0.199248 -0.00259751 -0.00249972 -0.00387631   0.028883 -0.0728648  0.0299096 -1.87619 -1.95717 -9.42687 
                95.3 -1.52415   52.648  5.61957 -8.64099  2.85504  1.07216 0 0 0   -0.011 -0.02329  0.04412  0.245566   0.46988 -0.163697 -0.00261309 -0.00249968 -0.00387234  0.0286286 -0.0727041  0.0296967 -1.87602 -1.95726 -9.42689 
             95.3999 1.49765 51.9022 7.66211 -8.61338  2.91154  1.05467 0 0 0   -0.011 -0.02329  0.04412   0.26219  0.574678 -0.070221  -0.0026053  -0.0024733 -0.00388169  0.0280535 -0.0732121  0.0299063 -1.87583 -1.95696 -9.42698 
             95.5003 4.55956 50.7541 11.7823 -8.5866 2.97198 1.05069 0 0 0   -0.011 -0.02329  0.04412   0.230492   0.655786 -0.0296691 -0.00256812 -0.00248403 -0.00389458   0.027944 -0.0730293  0.0297968 -1.87575 -1.95706 -9.42698 
             95.6029 6.70051 48.6111 17.6822 -8.56082  3.04238  1.04164 0 0 0   -0.011 -0.02329  0.04412    0.24804   0.652329 -0.0976386 -0.00254307 -0.00245688 -0.00393623  0.0274867 -0.0735095  0.0297075 -1.87552 -1.95681 -9.42708 
             95.6998 7.99677 47.2579 23.2265 -8.53448  3.10992  1.02933 0 0 0   -0.011 -0.02329  0.04412  0.314613   0.61964 -0.102777 -0.00248949 -0.00246485 -0.00394118  0.0274542 -0.0739217  0.0300199 -1.87559 -1.95657 -9.42711 
             95.7999 8.31516 46.2986 26.8194 -8.49948  3.17554  1.00721 0 0 0   -0.011 -0.02329  0.04412  0.341304  0.581277 -0.182558 -0.00247639 -0.00249677 -0.00394516  0.0265985 -0.0744579  0.0305448 -1.87534 -1.95622 -9.42724 
             95.8998 8.54667 45.1283 29.2251 -8.46806  3.23531 0.984564 0 0 0   -0.011 -0.02329  0.04412  0.354819  0.525747 -0.292746  -0.0024775 -0.00253156 -0.00391321  0.0268514 -0.0750124  0.0307333 -1.87551 -1.95594 -9.42726 
             95.9999 9.33387 44.3969 31.7099 -8.42406  3.28848 0.952572 0 0 0   -0.011 -0.02329  0.04412  0.449171  0.517775 -0.312392 -0.00248025 -0.00252452 -0.00389817  0.0264994 -0.0750265  0.0303743 -1.87527 -1.95592 -9.42731 
             96.0999 10.7511 43.8599 35.8775 -8.37414  3.33932 0.930834 0 0 0   -0.011 -0.02329  0.04412  0.566747  0.527766 -0.169281 -0.00249374 -0.00257603 -0.00389512  0.0268429 -0.0749318  0.0301165 -1.87536 -1.95602 -9.42727 
             96.1999 11.8655 43.8927  39.307 -8.31392  3.38803 0.923564 0 0 0   -0.011 -0.02329  0.04412   0.601954   0.507256 -0.0511009 -0.00247222 -0.00260419 -0.00391648  0.0271401 -0.0745071  0.0298866  -1.8754 -1.95627 -9.42721 
                96.3 12.1378 43.9254  40.295 -8.25449  3.43597 0.917463 0 0 0   -0.011 -0.02329  0.04412   0.54077  0.435218 -0.099961 -0.00246727 -0.00262894 -0.00387937 0.0270004 -0.074448 0.0296842 -1.87529 -1.95628 -9.42723 
             96.3998 12.5091  44.881 39.6122 -8.20286  3.47918 0.902555 0 0 0   -0.011 -0.02329  0.04412   0.50689  0.422902 -0.147854 -0.00249202 -0.00262901 -0.00383995  0.0268672 -0.0745317   0.029909 -1.87529 -1.95622 -9.42725 
             96.4999 12.4581 46.6431 38.0558 -8.15764  3.52235 0.885144 0 0 0   -0.011 -0.02329  0.04412  0.443478  0.402788 -0.169387 -0.00251188 -0.00264603 -0.00382477  0.0267982 -0.0748198  0.0302545 -1.87538 -1.95607 -9.42726 
             96.5999 10.9999 48.0283  34.202 -8.11541  3.56258 0.860083 0 0 0   -0.011 -0.02329  0.04412  0.416677  0.351886 -0.244072 -0.00251148 -0.00263275 -0.00380214  0.0264252 -0.0750302  0.0306612 -1.87534 -1.95591  -9.4273 
             96.6999 8.72369 49.2492  26.952 -8.06834  3.59888 0.824754 0 0 0   -0.011 -0.02329  0.04412 0.454361 0.313383 -0.33039 -0.00253067 -0.00259781 -0.00380807  0.0255507 -0.0750187  0.0308835 -1.87502 -1.95574  -9.4274 
             96.7998 5.48963 50.3335  16.012 -8.02401  3.63444 0.793151 0 0 0   -0.011 -0.02329  0.04412  0.450118  0.313961 -0.298797 -0.00257943 -0.00255972 -0.00379456  0.0255087 -0.0755644   0.030811 -1.87509 -1.95548 -9.42744 
             96.8999 1.98008 49.6908 3.74831 -7.98319  3.66129 0.771819 0 0 0   -0.011 -0.02329  0.04412  0.421618  0.308885 -0.199669 -0.00260452  -0.0025311 -0.00378415  0.0261402 -0.0752995  0.0307162 -1.87529 -1.95571 -9.42735 
                  97 0.367552  48.0613 -7.67871 -7.93785  3.69188 0.756875 0 0 0   -0.011 -0.02329  0.04412   0.442187   0.281973 -0.0879871 -0.00263203 -0.00244475 -0.00380955  0.0259402 -0.0752594  0.0305386 -1.87516 -1.95571 -9.42738 
             97.0998 -0.010476   46.9821  -17.7111 -7.89214  3.72304 0.751401 0 0 0   -0.011 -0.02329  0.04412   0.365918   0.283526 -0.0328725 -0.00265231 -0.00239198 -0.00386023  0.0256241 -0.0754879  0.0301816 -1.87496  -1.9556 -9.42744 
             97.1998 -0.698456   43.9223  -26.4843  -7.8577  3.75045 0.743323 0 0 0   -0.011 -0.02329  0.04412  0.340996  0.252416 -0.072433 -0.00265129 -0.00233372 -0.00390192  0.0252734 -0.0754799  0.0304006 -1.87485 -1.95557 -9.42747 
             97.2998 -2.16805  42.0037 -33.9028 -7.82258  3.77627 0.735176 0 0 0   -0.011 -0.02329  0.04412  0.373476  0.219964 -0.106959 -0.00262036 -0.00222471 -0.00395206  0.0254482 -0.0756687  0.0303941 -1.87491 -1.95546 -9.42748 
             97.3998 -2.74342  40.9377 -38.5192 -7.78681  3.80009 0.716804 0 0 0   -0.011 -0.02329  0.04412  0.376729  0.188553 -0.174638 -0.00258315 -0.00217635 -0.00398941  0.0252767 -0.0759541  0.0310134  -1.8749 -1.95521 -9.42753 
             97.4999 -2.51657  40.0099 -41.5273 -7.74907  3.81479 0.692739 0 0 0   -0.011 -0.02329  0.04412   0.40984  0.146583 -0.237571 -0.00253382 -0.00215818 -0.00406638  0.0250033 -0.0756831  0.0313143  -1.8749 -1.95529 -9.42752 
             97.5999 -2.22786  39.3416 -43.6406 -7.70397  3.83051 0.667145 0 0 0   -0.011 -0.02329  0.04412  0.492347  0.119337 -0.234023  -0.0025275 -0.00211935 -0.00410057  0.0250247 -0.0759693  0.0315143 -1.87485 -1.95512 -9.42756 
             97.6999 -1.62158  38.9118   -44.69 -7.64688  3.84378 0.649009 0 0 0   -0.011 -0.02329  0.04412  0.614798  0.134114 -0.129298 -0.00251594 -0.00210726 -0.00411755  0.0249504 -0.0762231  0.0313826 -1.87473 -1.95508 -9.42759 
             97.7998 -1.46612  39.2946  -45.235 -7.57865  3.85646 0.641171 0 0 0   -0.011 -0.02329  0.04412   0.669289   0.167243 -0.0683021 -0.00248162 -0.00208302 -0.00413788  0.0247069 -0.0762918   0.030963 -1.87458 -1.95525 -9.42759 
             97.8998 -2.07082  39.9811 -45.2183 -7.51156  3.88084 0.640674 0 0 0   -0.011 -0.02329  0.04412     0.6068   0.237015 -0.0866227 -0.00247483 -0.00209978 -0.00415982  0.0252541 -0.0768481  0.0303958 -1.87453  -1.9551 -9.42763 
             97.9999 -3.04531  40.8649 -44.4644 -7.45451  3.90991 0.631223 0 0 0   -0.011 -0.02329  0.04412  0.549938  0.276143 -0.100796 -0.00246851 -0.00210653 -0.00414383  0.0255652 -0.0770321  0.0305579 -1.87458 -1.95491 -9.42766 
             98.0998 -4.14522  42.1906 -44.0382  -7.3974  3.93646 0.608539 0 0 0   -0.011 -0.02329  0.04412  0.502998  0.290688 -0.169869 -0.00246825 -0.00209752 -0.00415483  0.0244521 -0.0772948  0.0312117 -1.87415 -1.95494 -9.42774 
             98.1999 -5.48242  43.7601 -44.6058 -7.34464  3.96721 0.588058 0 0 0   -0.011 -0.02329  0.04412  0.444464   0.32574 -0.222583 -0.00247643 -0.00212756 -0.00415364  0.0241621 -0.0777288  0.0310159 -1.87387 -1.95495 -9.42779 
             98.2999 -5.86438  43.4947 -45.4202 -7.30189  4.00265 0.561921 0 0 0   -0.011 -0.02329  0.04412  0.384934  0.404815 -0.242349 -0.00247994 -0.00212885 -0.00413961  0.0237514 -0.0778175  0.0311723 -1.87371 -1.95499 -9.42782 
             98.3998 -5.48418  42.3965 -46.2654 -7.26368  4.04944 0.535278 0 0 0   -0.011 -0.02329  0.04412  0.405571   0.49142 -0.252853  -0.0025231 -0.00211499 -0.00413754  0.0238194 -0.0779444  0.0314591 -1.87371 -1.95485 -9.42784 
             98.4999 -5.14849  41.6053 -46.6383  -7.2224  4.10133 0.513924 0 0 0   -0.011 -0.02329  0.04412  0.459188  0.520111 -0.173366 -0.00252212  -0.0020873 -0.00412062  0.0239822 -0.0778594   0.031544 -1.87381  -1.9548 -9.42783 
             98.5998 -4.73901  42.1999 -47.3582 -7.17112  4.14897 0.495007 0 0 0   -0.011 -0.02329  0.04412 0.501263 0.413003  -0.1188 -0.00251284  -0.0020885 -0.00414143  0.0234995 -0.0780223  0.0318477 -1.87362 -1.95479 -9.42788 
             98.6998 -4.81433  42.6104 -48.8102 -7.12128  4.18542 0.484194 0 0 0   -0.011 -0.02329  0.04412  0.470595  0.345025 -0.117128 -0.00250071 -0.00210654 -0.00412834   0.023302 -0.0780268   0.031621 -1.87353  -1.9549 -9.42787 
             98.7998 -5.74668  43.0591 -49.2403 -7.07324    4.217 0.471872 0 0 0   -0.011 -0.02329  0.04412  0.497431  0.236462 -0.130119 -0.00251401 -0.00209293 -0.00412303  0.0235249 -0.0781257  0.0317634 -1.87358 -1.95477 -9.42789 
             98.8999  -6.4756  43.5717 -48.3706 -7.01922  4.23171 0.458443 0 0 0   -0.011 -0.02329  0.04412  0.466319  0.104357 -0.126636 -0.00248557 -0.00208366 -0.00414927  0.0229612 -0.0783557  0.0313841 -1.87328 -1.95497 -9.42791 
             98.9999 -5.18028   42.949 -47.1804  -6.9701  4.23381 0.444751 0 0 0   -0.011 -0.02329  0.04412  0.429101 -0.047063 -0.130008 -0.00245948 -0.00209588 -0.00414409  0.0225733 -0.0786608  0.0311251 -1.87302 -1.95506 -9.42794 
             99.0999 -3.37565  40.8251 -46.9158 -6.92031  4.22732 0.430717 0 0 0   -0.011 -0.02329  0.04412  0.503783 -0.139279 -0.102259 -0.00249509  -0.0020814 -0.00417008  0.0223088 -0.0792614   0.031322 -1.87273  -1.9549 -9.42803 
                99.2 -3.45105  38.9901 -48.1365 -6.87042  4.21199 0.426983 0 0 0   -0.011 -0.02329  0.04412  0.545527 -0.220313 0.0362995 -0.00249286 -0.00205743 -0.00416365  0.0226654 -0.0792385  0.0315657 -1.87288 -1.95474 -9.42803 
                99.3  -5.8148  38.9914 -51.1098 -6.82469  4.19151 0.430316 0 0 0   -0.011 -0.02329  0.04412    0.3764 -0.206343 0.0630646 -0.00247468 -0.00204843 -0.00416259  0.0227392 -0.0791527  0.0317503 -1.87295 -1.95469 -9.42803 
             99.3998 -6.99003  38.3195 -54.7544 -6.78818  4.17466  0.43752 0 0 0   -0.011 -0.02329  0.04412  0.254261 -0.163678 0.0928489 -0.00245467 -0.00206693 -0.00416196  0.0224067 -0.0797445  0.0317558 -1.87262  -1.9546 -9.42811 
             99.4998 -7.27074  37.7518 -57.9987 -6.76746  4.16012 0.448878 0 0 0   -0.011 -0.02329  0.04412  0.213601 -0.123721 0.0626503 -0.00247596 -0.00205859 -0.00415607  0.0228124 -0.0795158  0.0315649 -1.87282 -1.95461 -9.42807 
             99.5998 -7.60714  38.1104 -61.2908  -6.7479  4.15078 0.451205 0 0 0   -0.011 -0.02329  0.04412   0.202594 -0.0880683 0.00488647 -0.00249337 -0.00203204 -0.00415474  0.0228797 -0.0795266  0.0318427 -1.87286 -1.95451 -9.42808 
             99.6999 -8.95755  38.6498 -66.1001 -6.72274  4.14132 0.448101 0 0 0   -0.011 -0.02329  0.04412   0.237453 -0.0574408 -0.0424105 -0.00247583 -0.00204771 -0.00417931  0.0224436 -0.0796754  0.0316595 -1.87266 -1.95466 -9.42809 
             99.7999 -11.6657  37.7178 -73.6176 -6.69273  4.13977 0.436113 0 0 0   -0.011 -0.02329  0.04412   0.250808 -0.0584081 -0.0896153 -0.00251103 -0.00202749  -0.0041727 0.0221019 -0.080426 0.0321093 -1.87229 -1.95445 -9.42821 
             99.8997 -12.1299  36.4908 -79.5274 -6.67068  4.13082 0.426557 0 0 0   -0.011 -0.02329  0.04412   0.225751 -0.0839887 -0.0805934 -0.00252137 -0.00197339 -0.00410695  0.0220057 -0.0801871  0.0322414 -1.87237 -1.95449 -9.42819 
             99.9998 -10.4707  35.0162 -83.7661 -6.64323  4.12449 0.420414 0 0 0   -0.011 -0.02329  0.04412   0.293439 -0.0246615 -0.0898782 -0.00256967 -0.00195033 -0.00416391  0.0220349 -0.0803639  0.0319058 -1.87229 -1.95455 -9.42819 
               100.1 -8.71696  32.5596 -88.4885 -6.60609  4.12194 0.409948 0 0 0   -0.011 -0.02329  0.04412   0.381141 0.00691782  -0.119855 -0.00258484 -0.00188203 -0.00420984  0.0217609 -0.0807647  0.0316662 -1.87205 -1.95467 -9.42821 
               100.2 -6.33335  29.4187  -95.205 -6.56032  4.12394 0.394068 0 0 0   -0.011 -0.02329  0.04412  0.510419 0.0300957 -0.159641 -0.00259761 -0.00182297 -0.00421121  0.0216275 -0.0809982   0.031825 -1.87192 -1.95463 -9.42824 
               100.3 -2.20649   26.051 -101.317 -6.50241  4.12794 0.378551 0 0 0   -0.011 -0.02329  0.04412  0.591308 0.0756706 -0.166143 -0.00263853 -0.00174597 -0.00420269  0.0215661 -0.0812285  0.0315142 -1.87182 -1.95475 -9.42824 
               100.4  4.00855  23.9604 -105.409 -6.44299  4.13781 0.364955 0 0 0   -0.011 -0.02329  0.04412   0.534711  0.0716953 0.00104629 -0.00264854 -0.00167558 -0.00426263  0.0215422 -0.0814171  0.0317992 -1.87171 -1.95466 -9.42828 
               100.5  10.4023  23.5338 -108.131 -6.39047  4.14468 0.367193 0 0 0   -0.011 -0.02329  0.04412  0.483749 0.0633409 0.0806343 -0.00267164 -0.00159795 -0.00431043  0.0212536 -0.0816657  0.0321133 -1.87154 -1.95468 -9.42831 
               100.6   12.263  23.7584 -109.817 -6.34471   4.1511 0.372041 0 0 0   -0.011 -0.02329  0.04412  0.414756  0.038765 0.0231415 -0.00265588 -0.00155519 -0.00436655  0.0213763 -0.0816785  0.0322246 -1.87151  -1.9546 -9.42833 
               100.7 12.0787 23.3695  -111.1  -6.3092  4.14678 0.369818 0 0 0   -0.011 -0.02329  0.04412    0.337635  -0.0219663 -0.00268647 -0.00260738 -0.00146195 -0.00437882  0.0206784 -0.0815628  0.0322477 -1.87158 -1.95484 -9.42827 
               100.8 11.0765  22.432 -112.47  -6.2774  4.14622 0.366802 0 0 0   -0.011 -0.02329  0.04412   0.290575 -0.0628203 -0.0147323 -0.00255165 -0.00145076 -0.00439795  0.0209045 -0.0813865  0.0326378 -1.87154 -1.95463 -9.42832 
               100.9   8.8588  20.9495 -113.708 -6.24667  4.13479  0.36204 0 0 0   -0.011 -0.02329  0.04412   0.270263  -0.115097 -0.0423876 -0.00253651 -0.00142603 -0.00440547  0.0206712 -0.0817828  0.0328714 -1.87133 -1.95475 -9.42834 
                 101  6.97317  19.1031 -114.429 -6.21251  4.12421 0.359222 0 0 0   -0.011 -0.02329  0.04412   0.285461   -0.13591 -0.0410339 -0.00251012 -0.00142171 -0.00438908  0.0210307 -0.0825461  0.0330658 -1.87095 -1.95476 -9.42841 
               101.1  5.87358  18.0428 -113.891 -6.17347  4.10752 0.355217 0 0 0   -0.011 -0.02329  0.04412   0.341986  -0.228568 -0.0718904 -0.00251069 -0.00143636 -0.00440954  0.0214094 -0.0833524  0.0332693 -1.87055 -1.95478 -9.42849 
               101.2  5.23544  17.6267 -112.253 -6.14173   4.0738 0.341983 0 0 0   -0.011 -0.02329  0.04412  0.335193  -0.36166 -0.149125 -0.00249422  -0.0014506 -0.00442721  0.0207667 -0.0833405  0.0333227 -1.87061   -1.955 -9.42843 
               101.3  4.96699  17.7121 -110.365 -6.11103  4.03199 0.328823 0 0 0   -0.011 -0.02329  0.04412  0.301009 -0.484263 -0.151183 -0.00248946 -0.00151716 -0.00445586  0.0208556 -0.0832365  0.0329652 -1.87073 -1.95501  -9.4284 
               101.4  5.31631  16.9076 -109.445 -6.08287  3.97742  0.31789 0 0 0   -0.011 -0.02329  0.04412    0.289856   -0.591412 -0.00953952 -0.00249258 -0.00155138  -0.0044552  0.0207203 -0.0830885  0.0330403 -1.87079 -1.95501 -9.42839 
               101.5  7.09751  15.1673 -111.218 -6.06065  3.90638 0.323898 0 0 0   -0.011 -0.02329  0.04412 0.228623 -0.68566 0.161479 -0.00250615 -0.00152137  -0.0044313  0.0198403 -0.0830586  0.0330465  -1.8709 -1.95533  -9.4283 
               101.6   9.7423  15.4262 -115.524 -6.03477   3.8381 0.347077 0 0 0   -0.011 -0.02329  0.04412  0.259688 -0.628024   0.26216  -0.0025369 -0.00149587 -0.00439972 0.0198503 -0.083422 0.0329536 -1.87078 -1.95542 -9.42831 
               101.7  11.0674   15.062 -121.039 -6.00519  3.77543 0.374543 0 0 0   -0.011 -0.02329  0.04412  0.374479 -0.536654   0.21539 -0.00256087 -0.00147838 -0.00435875  0.0194312 -0.0835783  0.0324284 -1.87088  -1.9557 -9.42823 
               101.8  10.4623  14.0711 -125.942 -5.96254  3.72251 0.396286 0 0 0   -0.011 -0.02329  0.04412  0.419346 -0.494289  0.140364 -0.00256283  -0.0014397 -0.00436476  0.0195027 -0.0839806  0.0321413 -1.87079 -1.95581 -9.42823 
               101.9  10.3834  13.1598 -129.209 -5.91724  3.67572 0.403915 0 0 0   -0.011 -0.02329  0.04412  0.448727 -0.448495 0.0234632 -0.00254122 -0.00139359 -0.00439073  0.0195969 -0.0841568  0.0322989 -1.87067 -1.95579 -9.42825 
                 102  10.8627  12.3312 -131.744 -5.86686  3.63643  0.39534 0 0 0   -0.011 -0.02329  0.04412  0.503159 -0.403505 -0.108173 -0.00253442  -0.0014031 -0.00441426  0.0199205 -0.0841697   0.032946 -1.87043 -1.95559 -9.42834 
               102.1  11.4422  10.1217 -133.849 -5.81195   3.5949 0.380653 0 0 0   -0.011 -0.02329  0.04412   0.59421 -0.352435 -0.164305 -0.00254052 -0.00138733 -0.00443787  0.0194611 -0.0843319  0.0329517 -1.87046  -1.9558 -9.42829 
               102.2 12.9008 9.06924 -136.66 -5.75527  3.55877 0.365046 0 0 0   -0.011 -0.02329  0.04412  0.602007 -0.315278 -0.121191 -0.00252162 -0.00134151  -0.0044543  0.0190714 -0.0841623  0.0327714 -1.87065 -1.95589 -9.42824 
               102.3  15.8571  9.73012 -139.327  -5.6925  3.52883 0.357676 0 0 0   -0.011 -0.02329  0.04412  0.618272 -0.321079 0.0453853 -0.00250843 -0.00135858 -0.00444415  0.0192099 -0.0842199  0.0332153 -1.87048 -1.95582 -9.42828 
               102.4  16.7562  10.1965 -142.054 -5.62883  3.49305  0.36503 0 0 0   -0.011 -0.02329  0.04412  0.591363 -0.353329 0.0785443  -0.0025472 -0.00135474 -0.00444618  0.0191388 -0.0845375  0.0332577 -1.87039 -1.95595 -9.42828 
               102.5  16.8939  10.7812 -146.064 -5.57313  3.45199 0.377193 0 0 0   -0.011 -0.02329  0.04412  0.436877 -0.451269 0.0606103 -0.00250444   -0.001328 -0.00445282  0.0194133 -0.0850626  0.0329193 -1.87027 -1.95608 -9.42827 
               102.6  17.2752  12.7337 -149.411  -5.5327  3.40487 0.379372 0 0 0   -0.011 -0.02329  0.04412   0.325686  -0.508003 -0.0164107 -0.00248311 -0.00130962 -0.00442747 0.0196498 -0.085186 0.0330267 -1.87014 -1.95606  -9.4283 
               102.7  17.6493  14.8414 -151.789 -5.50954  3.34737 0.374371 0 0 0   -0.011 -0.02329  0.04412   0.209285  -0.595457 -0.0594672 -0.00248668 -0.00131527 -0.00444346  0.0191743 -0.0851433  0.0329925  -1.8703 -1.95616 -9.42825 
               102.8  17.1384  16.7649 -154.124 -5.48821  3.27951 0.369259 0 0 0   -0.011 -0.02329  0.04412  0.145377 -0.692041 -0.021907 -0.00250132 -0.00133086 -0.00446389  0.0193488 -0.0856436   0.033228 -1.87008 -1.95632 -9.42826 
               102.9  17.9679  17.3138 -154.442 -5.48311   3.2069  0.37146 0 0 0   -0.011 -0.02329  0.04412 0.0501793 -0.709424  0.124363 -0.00250823 -0.00131244 -0.00445226  0.0187111 -0.0855628  0.0331508 -1.87032 -1.95641 -9.42819 
                 103  19.2109  18.5972 -153.969 -5.47688  3.13383 0.394399 0 0 0   -0.011 -0.02329  0.04412 0.0623815 -0.708238  0.270864 -0.00252101 -0.00129026 -0.00450373   0.018798 -0.0858775   0.033051 -1.87027 -1.95653 -9.42818 
               103.1   19.549   19.614 -154.863 -5.46717  3.06421  0.42302 0 0 0   -0.011 -0.02329  0.04412  0.134474 -0.660474  0.219844 -0.00253016 -0.00128835 -0.00452757   0.018847 -0.0861168  0.0327428 -1.87032 -1.95662 -9.42815 
               103.2  18.6392  19.9206 -156.478 -5.45093  2.99504 0.438747 0 0 0   -0.011 -0.02329  0.04412   0.13631 -0.682592  0.158664 -0.00254585 -0.00127265 -0.00450503  0.0188697 -0.0863147  0.0331887 -1.87014  -1.9567 -9.42817 
               103.3  17.3511  20.9391 -157.668 -5.44121   2.9278 0.451442 0 0 0   -0.011 -0.02329  0.04412  0.130235 -0.652598  0.115292 -0.00251991 -0.00125493 -0.00450478  0.0184879 -0.0861611  0.0331651 -1.87029 -1.95669 -9.42814 
               103.4  16.3566  21.4237 -159.475 -5.42305   2.8606  0.45673 0 0 0   -0.011 -0.02329  0.04412  0.173147 -0.659879 0.0311987  -0.0025327  -0.0012829 -0.00450926  0.0185952 -0.0863978  0.0336391 -1.87008 -1.95678 -9.42817 
               103.5  16.1344  21.6425 -160.713 -5.40286   2.7933 0.455727 0 0 0   -0.011 -0.02329  0.04412  0.218355 -0.640524  -0.04401 -0.00254552 -0.00126594 -0.00450048  0.0186105 -0.0866548   0.033743 -1.87001 -1.95689 -9.42816 
               103.6  17.1283  21.4446 -161.248 -5.37944  2.72798 0.450852 0 0 0   -0.011 -0.02329  0.04412   0.281132  -0.627567 -0.0134882 -0.00254522 -0.00125682 -0.00451089  0.0183887 -0.0867734  0.0337867 -1.87006 -1.95696 -9.42813 
               103.7  18.8708  20.5179 -161.922 -5.34832  2.66869 0.453593 0 0 0   -0.011 -0.02329  0.04412  0.285177 -0.585313  0.101237 -0.00256342 -0.00125676 -0.00451497 0.0185524 -0.086687 0.0339468 -1.86996 -1.95691 -9.42816 
               103.8  20.0766  20.0421 -163.012 -5.32422  2.60777 0.471283 0 0 0   -0.011 -0.02329  0.04412  0.217577 -0.566678  0.182405 -0.00257609 -0.00123257 -0.00452757 0.0184951 -0.087034 0.0337263 -1.87002 -1.95706 -9.42812 
               103.9  20.4153  18.8039 -163.478 -5.30438  2.54854 0.490637 0 0 0   -0.011 -0.02329  0.04412  0.136875 -0.568003  0.162304 -0.00254793  -0.0012287 -0.00452847  0.0186372 -0.0873937  0.0335914 -1.86999  -1.9572 -9.42809 
                 104 19.8872 18.2195 -163.18 -5.29583  2.49252 0.506483 0 0 0   -0.011 -0.02329  0.04412 0.0381626 -0.557101  0.156094  -0.0025082 -0.00121027 -0.00454272  0.0186862 -0.0873378  0.0336218 -1.86997 -1.95717  -9.4281 
               104.1  19.1869  17.9235 -162.709 -5.30175  2.43321 0.520591 0 0 0   -0.011 -0.02329  0.04412 -0.0636592  -0.520072   0.104353 -0.00246776 -0.00121881  -0.0045593  0.0181137 -0.0878036  0.0334257  -1.8702 -1.95741 -9.42801 
               104.2  19.1705   17.623 -163.295 -5.30981  2.37944 0.528569 0 0 0   -0.011 -0.02329  0.04412 -0.154726 -0.503936 0.0536851  -0.0024552 -0.00125491 -0.00455678  0.0183181 -0.0881674  0.0336262 -1.87005 -1.95756 -9.42801 
               104.3  19.7622  16.7713 -164.328 -5.33154  2.32883 0.534542 0 0 0   -0.011 -0.02329  0.04412 -0.254979 -0.484788 0.0930695 -0.00249314 -0.00122934 -0.00454571  0.0180921 -0.0882528  0.0336277 -1.87012 -1.95761 -9.42798 
               104.4  21.0955  14.4877 -164.894 -5.35938  2.28257 0.547659 0 0 0   -0.011 -0.02329  0.04412 -0.239994  -0.45031  0.241244 -0.00246998 -0.00123485 -0.00453835  0.0179493 -0.0880376  0.0337574 -1.87014 -1.95754   -9.428 
               104.5  22.8791   7.1979 -164.331 -5.37353  2.23917 0.578789 0 0 0   -0.011 -0.02329  0.04412 -0.0711427  -0.382791   0.360707 -0.00246815 -0.00121921 -0.00455538  0.0180335 -0.0882078  0.0339127 -1.87006  -1.9576   -9.428 
               104.6   23.6725 -0.918637  -164.007 -5.37824  2.19906 0.609121 0 0 0   -0.011 -0.02329  0.04412 -0.0444232   -0.41405   0.263246  -0.0024325 -0.00115768 -0.00460285  0.0179198 -0.0882338   0.034176 -1.87002 -1.95764   -9.428 
               104.7  23.0954 -5.71014 -164.781 -5.38513  2.15264 0.634191 0 0 0   -0.011 -0.02329  0.04412 -0.0935386  -0.453422   0.215866 -0.00236618 -0.00114697 -0.00462905  0.0179189 -0.0885691   0.034045 -1.87004 -1.95777 -9.42797 
               104.8  22.1627 -8.21628 -165.536 -5.39251  2.10631 0.652028 0 0 0   -0.011 -0.02329  0.04412 -0.0711572  -0.473021   0.171059 -0.00228395 -0.00118569 -0.00461007  0.0180728 -0.0885238  0.0343263 -1.86992 -1.95775 -9.42799 
               104.9  20.8856 -11.6653 -165.582 -5.39354  2.05529  0.66365 0 0 0   -0.011 -0.02329  0.04412 0.00281749   -0.50915  0.0926118 -0.00224671 -0.00125254 -0.00460971  0.0182585 -0.0887522  0.0346401 -1.86977 -1.95785 -9.42801 
                 105  19.4387  -15.249 -165.637 -5.39482  2.00156 0.674464 0 0 0   -0.011 -0.02329  0.04412 0.00280603  -0.554953  0.0723009 -0.00222428 -0.00122971 -0.00463189  0.0180639 -0.0888655  0.0343716 -1.86988 -1.95789 -9.42797 
               105.1  18.3061  -18.144 -165.896 -5.39523   1.9398 0.678726 0 0 0   -0.011 -0.02329  0.04412 0.0305393 -0.617323 0.0255585 -0.00218517 -0.00125249 -0.00464992  0.0178072 -0.0890881  0.0345894 -1.86993 -1.95803 -9.42794 
               105.2  17.3675 -21.4281 -166.236 -5.38961  1.87455 0.677576 0 0 0   -0.011 -0.02329  0.04412 0.0438379 -0.670362 0.0194215 -0.00216733  -0.0012841 -0.00463102 0.0180219 -0.089112 0.0348761 -1.86981 -1.95804 -9.42796 
               105.3  16.8534 -24.2316 -166.385 -5.38947  1.80943 0.681825 0 0 0   -0.011 -0.02329  0.04412 -0.00689467   -0.664832   0.0966076 -0.00214104 -0.00128309 -0.00463064 0.0178803 -0.088759 0.0348782 -1.86991 -1.95792 -9.42796 
               105.4  17.7071 -26.4101  -166.72 -5.39608  1.74471  0.70275 0 0 0   -0.011 -0.02329  0.04412 -0.0545422  -0.627152   0.230219 -0.00213433 -0.00129834 -0.00464367  0.0173739 -0.0887719  0.0344897 -1.87013 -1.95795 -9.42791 
               105.5  18.5282 -28.1741 -168.095  -5.401 1.68681 0.72255 0 0 0   -0.011 -0.02329  0.04412 -0.0909061  -0.595493    0.15499 -0.00212999 -0.00131679 -0.00465313  0.0177066 -0.0884722  0.0344082 -1.87004 -1.95779 -9.42796 
               105.6  19.2417 -30.6726 -170.294 -5.40541  1.62695 0.735634 0 0 0   -0.011 -0.02329  0.04412 -0.0535313  -0.589695   0.103062 -0.00210522 -0.00134021 -0.00463126  0.0179967 -0.0887479   0.034252 -1.86989 -1.95784 -9.42798 
               105.7  18.8475 -34.0042 -172.673 -5.41103  1.57113 0.749065 0 0 0   -0.011 -0.02329  0.04412 -0.0765684  -0.552746  0.0887834 -0.00209184 -0.00133159 -0.00462923  0.0179451 -0.0886861  0.0338744  -1.8699 -1.95779 -9.42799 
               105.8  18.6573 -37.4806 -175.249 -5.42466  1.52414 0.751225 0 0 0   -0.011 -0.02329  0.04412 -0.176994 -0.491072 0.0127735 -0.00203289 -0.00134639 -0.00463494  0.0180099 -0.0879362  0.0340086 -1.86999 -1.95751 -9.42803 
               105.9  18.7292   -40.51 -176.962 -5.45377  1.47916 0.755568 0 0 0   -0.011 -0.02329  0.04412     -0.32226    -0.427432 -8.08157e-05  -0.0019944 -0.00133796 -0.00464431  0.0173798 -0.0877291  0.0337094 -1.87024 -1.95746 -9.42799 
                 106  18.3627 -43.6596 -176.877 -5.48915  1.44393 0.758941 0 0 0   -0.011 -0.02329  0.04412 -0.373391 -0.331966 0.0923155 -0.00196993 -0.00136357 -0.00466553  0.0174239 -0.0874264  0.0335083 -1.87023 -1.95732 -9.42802 
               106.1  18.7387 -46.5653 -176.331 -5.52237  1.41693 0.770871 0 0 0   -0.011 -0.02329  0.04412 -0.341709 -0.305704  0.228893 -0.00194677 -0.00138315 -0.00469802  0.0180393 -0.0869897  0.0335434 -1.87006 -1.95711  -9.4281 
               106.2  18.9114 -48.1401  -176.16 -5.55468  1.38737 0.787358 0 0 0   -0.011 -0.02329  0.04412 -0.322091 -0.338004  0.166874 -0.00191661 -0.00140986 -0.00470637  0.0184396 -0.0866394  0.0337524 -1.86998 -1.95697 -9.42815 
               106.3  18.4243 -49.1009 -175.165 -5.58186   1.3505 0.803781 0 0 0   -0.011 -0.02329  0.04412 -0.273358 -0.398319  0.193235 -0.00189514 -0.00143677 -0.00469271  0.0187434 -0.0867598  0.0336567 -1.86984 -1.95699 -9.42817 
               106.4  18.1801  -49.705 -175.034 -5.60943  1.30749 0.814437 0 0 0   -0.011 -0.02329  0.04412 -0.225311 -0.451864 0.0897775 -0.00188384 -0.00145115 -0.00468882   0.018974 -0.0866224  0.0342787  -1.8699 -1.95697 -9.42816 
               106.5  19.5927 -50.7383 -177.057 -5.62969  1.26349 0.821894 0 0 0   -0.011 -0.02329  0.04412 -0.230985 -0.531286 0.0513559 -0.00185783 -0.00146578  -0.0046837  0.0189912 -0.0862341  0.0338516 -1.86986 -1.95678 -9.42821 
               106.6  20.9852 -50.5537 -178.727 -5.65396  1.20912 0.828449 0 0 0   -0.011 -0.02329  0.04412 -0.178702 -0.583681 0.0507935 -0.00184547 -0.00144459  -0.0046483   0.018812 -0.0860134  0.0338373 -1.86994 -1.95671 -9.42821 
               106.7  22.3211 -51.7361  179.901 -5.66181  1.15318 0.832736 0 0 0   -0.011 -0.02329  0.04412 -0.0687422  -0.586134   0.085496 -0.00184322 -0.00149321 -0.00465393  0.0191252 -0.0858312  0.0334851 -1.86978 -1.95659 -9.42826 
               106.8  25.3913 -52.4688  175.399 -5.6672 1.10025 0.85263 0 0 0   -0.011 -0.02329  0.04412 -0.0814172  -0.554498   0.254488 -0.00184971 -0.00144875 -0.00465271  0.0188494 -0.0854828  0.0329179 -1.86978 -1.95642  -9.4283 
               106.9  27.6704 -49.5294  170.058 -5.67874  1.05235 0.880559 0 0 0   -0.011 -0.02329  0.04412 -0.203488  -0.44083  0.327903 -0.00182249 -0.00146428 -0.00464617  0.0192695 -0.0852683  0.0328773 -1.86967 -1.95631 -9.42834 
                 107  27.7267 -44.1882   167.57   -5.706  1.01531 0.914655 0 0 0   -0.011 -0.02329  0.04412 -0.338631 -0.357768  0.316664 -0.00180443 -0.00147025 -0.00461701   0.019017 -0.0849917  0.0326273 -1.86972 -1.95619 -9.42836 
               107.1 25.4637 -36.936 168.298 -5.74776 0.988175 0.946418 0 0 0   -0.011 -0.02329  0.04412 -0.479745 -0.270206  0.329445 -0.00183264 -0.00150698 -0.00460814  0.0190091 -0.0845019  0.0326177 -1.86977   -1.956 -9.42839 
               107.2  23.9113 -27.9307  167.793  -5.8046 0.965957  0.97909 0 0 0   -0.011 -0.02329  0.04412 -0.59538   -0.192 0.268407 -0.00190152 -0.00152836 -0.00460555  0.0186291 -0.0843895  0.0326528  -1.8699 -1.95597 -9.42837 
               107.3  24.2488 -19.4315  162.849 -5.86694 0.953375  1.00306 0 0 0   -0.011 -0.02329  0.04412 -0.630634 -0.146866  0.184836 -0.00197636 -0.00154001 -0.00458082  0.0183523 -0.0840415  0.0324355 -1.86996 -1.95581 -9.42839 
               107.4  23.0854 -13.3291  156.906 -5.92783 0.943256  1.01415 0 0 0   -0.011 -0.02329  0.04412  -0.645664 -0.0934727   0.116475 -0.00204527 -0.00151038 -0.00452902  0.0187698 -0.0836902  0.0325053 -1.86983  -1.9557 -9.42844 
               107.5  21.1676 -9.49815  153.545 -5.99295 0.939711  1.02188 0 0 0   -0.011 -0.02329  0.04412    -0.68186 -0.00575297   0.0680799 -0.00210316 -0.00147413 -0.00450654  0.0189151 -0.0834878  0.0324863 -1.86976 -1.95563 -9.42847 
               107.6  20.0525 -6.74839  151.967 -6.05945 0.945393   1.0276 0 0 0   -0.011 -0.02329  0.04412 -0.696837 0.0582951  0.103019 -0.00214779 -0.00145372 -0.00455381  0.0191318 -0.0831205   0.032493 -1.86965 -1.95552 -9.42851 
               107.7   19.348 -3.58257  150.562  -6.1288 0.954066   1.0338 0 0 0   -0.011 -0.02329  0.04412 -0.684971 0.0694852  0.116209 -0.00218635 -0.00145661  -0.0045869  0.0192036 -0.0827791  0.0328559 -1.86959 -1.95541 -9.42855 
               107.8   18.5085 -0.510756   149.581  -6.1979 0.960614  1.04896 0 0 0   -0.011 -0.02329  0.04412 -0.692398 0.0210875  0.138928 -0.00222808 -0.00145543 -0.00458628  0.0190549 -0.0827327  0.0326811 -1.86963 -1.95536 -9.42855 
               107.9 16.3428 2.53661 149.444 -6.26503 0.956978  1.06511 0 0 0   -0.011 -0.02329  0.04412  -0.664028 -0.0520416    0.12102 -0.00225722 -0.00146901 -0.00459965  0.0192358 -0.0829791  0.0323778 -1.86963 -1.95548 -9.42852 
                 108 14.4142 6.03683 148.931 -6.32482 0.949672  1.07871 0 0 0   -0.011 -0.02329  0.04412  -0.622524 -0.0956005    0.11272 -0.00224296  -0.0014734 -0.00461704  0.0197236 -0.0828008  0.0321685 -1.86944 -1.95554 -9.42855 
               108.1 13.6463 9.58118 147.142 -6.38279 0.932776  1.08437 0 0 0   -0.011 -0.02329  0.04412  -0.57544 -0.177709   0.05966 -0.00227761 -0.00149428 -0.00460807  0.0201347 -0.0828779  0.0325327 -1.86931 -1.95568 -9.42855 
               108.2  13.873 12.5653 144.666 -6.43093  0.91437  1.08439 0 0 0   -0.011 -0.02329  0.04412 -0.507151 -0.217584 0.0210321 -0.00232182 -0.00153674 -0.00456776  0.0206659 -0.0822869  0.0328118 -1.86897 -1.95565 -9.42862 
               108.3 15.8163 15.0482 142.275 -6.47854 0.890691  1.08285 0 0 0   -0.011 -0.02329  0.04412  -0.47536 -0.245228 0.0496611 -0.00236923 -0.00152893 -0.00455893  0.0207396 -0.0821421  0.0332209 -1.86887 -1.95565 -9.42864 
               108.4 18.5407  18.188 139.935 -6.52436 0.871975  1.09568 0 0 0   -0.011 -0.02329  0.04412 -0.434859 -0.223363  0.131521 -0.00239769 -0.00148924 -0.00456231  0.0204945 -0.0818178  0.0326316 -1.86892 -1.95547 -9.42867 
               108.5 21.1314 21.6943 137.588 -6.56437 0.854427  1.11697 0 0 0   -0.011 -0.02329  0.04412 -0.368823 -0.198707  0.218675 -0.00241297 -0.00147952 -0.00455827  0.0204114 -0.0816184   0.032227 -1.86894 -1.95537 -9.42868 
               108.6 22.2904 23.9028 135.612 -6.59819 0.833796  1.13734 0 0 0   -0.011 -0.02329  0.04412 -0.282643 -0.203221  0.175309 -0.00244255  -0.0014322 -0.00456802  0.0203076 -0.0817333  0.0321903 -1.86901 -1.95537 -9.42867 
               108.7  22.116 25.1212 132.723  -6.6282 0.813923  1.15943 0 0 0   -0.011 -0.02329  0.04412 -0.261087 -0.161875  0.126892 -0.00245922 -0.00136706 -0.00458576   0.020339 -0.0822356  0.0315553 -1.86926 -1.95543 -9.42861 
               108.8 21.3861  26.635  129.78 -6.64954 0.795282  1.17041 0 0 0   -0.011 -0.02329  0.04412  -0.216921 -0.0972095  0.0614464 -0.00245131 -0.00134822  -0.0045765  0.0209781 -0.0823353  0.0316818 -1.86915 -1.95567 -9.42858 
               108.9  21.668 28.5212 127.145 -6.67103 0.785537  1.17098 0 0 0   -0.011 -0.02329  0.04412  -0.189093 -0.0327627  0.0193572 -0.00245253 -0.00131628  -0.0045858  0.0209543 -0.0825734  0.0321862 -1.86917 -1.95577 -9.42855 
                 109 21.9198 30.4769 124.132 -6.68737 0.778272  1.16841 0 0 0   -0.011 -0.02329  0.04412  -0.198861 -0.0239842 0.00948337 -0.00247304 -0.00133194  -0.0045937  0.0213223 -0.0824369  0.0328471 -1.86899 -1.95598 -9.42855 
               109.1 21.4759 31.5124 121.643  -6.7093 0.773986  1.16692 0 0 0   -0.011 -0.02329  0.04412  -0.241512 -0.0412605  0.0225147 -0.00250056 -0.00131821 -0.00458315  0.0212346 -0.0824098  0.0332001 -1.86895   -1.956 -9.42855 
               109.2 21.2165 31.6716 121.339 -6.73561 0.773339  1.16863 0 0 0   -0.011 -0.02329  0.04412  -0.278143 -0.0330625  0.0245634 -0.00247349  -0.0012857 -0.00460629  0.0209336 -0.0823175  0.0330722 -1.86896 -1.95587 -9.42858 
               109.3 22.1177 31.0311 124.007 -6.76645  0.77136  1.17064 0 0 0   -0.011 -0.02329  0.04412  -0.355057 -0.0613794  0.0501439 -0.00244691 -0.00125729  -0.0046583  0.0206916 -0.0822206  0.0330415 -1.86894 -1.95577  -9.4286 
               109.4 24.1126 28.7081 134.789 -6.80897  0.75772   1.1806 0 0 0   -0.011 -0.02329  0.04412 -0.515664  -0.14812 0.0937056 -0.00244045  -0.0012783 -0.00469779  0.0211511 -0.0823294  0.0330561 -1.86895 -1.95594 -9.42856 
               109.5 25.3568 25.5013 151.119  -6.8694 0.735814  1.19545 0 0 0   -0.011 -0.02329  0.04412  -0.59178 -0.211003  0.114755 -0.00239741 -0.00130981 -0.00482131  0.0214629 -0.0829937  0.0329199 -1.86921 -1.95606 -9.42849 
               109.6 25.8776  22.363 165.221 -6.92841 0.711516   1.2098 0 0 0   -0.011 -0.02329  0.04412 -0.562883 -0.215209  0.175711 -0.00237719  -0.0013836 -0.00485308  0.0217018 -0.0831405  0.0329686 -1.86925 -1.95617 -9.42846 
               109.7 25.9676 18.7242 175.759 -6.98735 0.687375  1.23714 0 0 0   -0.011 -0.02329  0.04412 -0.534478  -0.19021  0.298024 -0.00241616 -0.00146818 -0.00481461  0.0219121 -0.0837827  0.0329367 -1.86947 -1.95632 -9.42838 
               109.8  24.7544  15.3984 -177.563 -7.04195  0.66564  1.26597 0 0 0   -0.011 -0.02329  0.04412  -0.49529 -0.212316  0.258496 -0.00242857 -0.00148879 -0.00478364  0.0217111 -0.0840891  0.0330588 -1.86959 -1.95636 -9.42835 
               109.9  23.3388  13.1748 -173.113  -7.0871 0.642067  1.28579 0 0 0   -0.011 -0.02329  0.04412 -0.441619 -0.232338  0.174863 -0.00243441 -0.00155402 -0.00472271  0.0219169 -0.0840181   0.033309 -1.86947 -1.95642 -9.42836 
                 110  22.1083  11.7135 -169.419 -7.13339 0.618557  1.30133 0 0 0   -0.011 -0.02329  0.04412 -0.421204 -0.237872  0.177178 -0.00245392 -0.00158278 -0.00467227  0.0215422 -0.0840486  0.0334176 -1.86956  -1.9564 -9.42835 
               110.1  20.8169  10.5933 -165.944 -7.17308 0.593622  1.31151 0 0 0   -0.011 -0.02329  0.04412 -0.359521 -0.282988  0.125933 -0.00244996  -0.0016272 -0.00463937  0.0212912 -0.0837661  0.0338788  -1.8695 -1.95635 -9.42837 
               110.2  18.9305  7.09736 -162.646 -7.20211 0.563621   1.3273 0 0 0   -0.011 -0.02329  0.04412 -0.198327 -0.288697 0.0906261 -0.00247054 -0.00166312 -0.00462275  0.0215924 -0.0840036  0.0334867 -1.86951 -1.95639 -9.42836 
               110.3 17.1347 -3.1966 -160.86 -7.21133 0.534501  1.32867 0 0 0   -0.011 -0.02329  0.04412 0.00491715  -0.241269 0.00395855 -0.00243676 -0.00160692 -0.00462935   0.021284 -0.0841542  0.0338989  -1.8695 -1.95649 -9.42834 
               110.4  16.2849 -15.8399 -161.549 -7.20462 0.509557  1.32446 0 0 0   -0.011 -0.02329  0.04412  0.0423053   -0.24143 -0.0173384 -0.00238772 -0.00146281 -0.00465324  0.0215289 -0.0842028  0.0342783 -1.86933  -1.9565 -9.42837 
               110.5  16.6052 -26.6991 -163.257   -7.203 0.484051  1.32129 0 0 0   -0.011 -0.02329  0.04412 -0.0623489  -0.281635  0.0172432 -0.00230836 -0.00144127 -0.00462802 0.0216205 -0.084123 0.0344979 -1.86926 -1.95647 -9.42839 
               110.6  17.3536 -33.0034 -165.146 -7.21688 0.457209  1.33828 0 0 0   -0.011 -0.02329  0.04412 -0.167824 -0.291346  0.167588 -0.00222964 -0.00147157 -0.00463408  0.0215427 -0.0840997  0.0337784 -1.86942 -1.95645 -9.42836 
               110.7  17.2874 -36.1908 -166.277 -7.23599 0.433504  1.35477 0 0 0   -0.011 -0.02329  0.04412 -0.177942 -0.255634  0.121318 -0.00213912 -0.00158346  -0.0046505  0.0215577 -0.0836894  0.0335715 -1.86951 -1.95631 -9.42838 
               110.8  17.0256 -38.8175  -167.15 -7.24996 0.413122  1.36155 0 0 0   -0.011 -0.02329  0.04412 -0.129133 -0.186205 0.0704806 -0.00207728 -0.00167217 -0.00467708  0.021843 -0.083496 0.0337013 -1.86944 -1.95621 -9.42841 
               110.9 16.9376 -41.436 -167.73 -7.26221 0.396123  1.37216 0 0 0   -0.011 -0.02329  0.04412 -0.0889202  -0.110552  0.0169388 -0.00205371 -0.00167745 -0.00466737  0.0214355 -0.0837377  0.0333381 -1.86952 -1.95633 -9.42837 
                 111  17.0359 -44.6503 -167.761 -7.27122 0.389349  1.36595 0 0 0   -0.011 -0.02329  0.04412 -0.0782188 -0.0308979 -0.0957579 -0.00202488  -0.0017042 -0.00467449  0.0215186 -0.0836039  0.0335555 -1.86953 -1.95629 -9.42837 
               111.1   16.427 -48.7476 -166.711 -7.27557 0.390927  1.35327 0 0 0   -0.011 -0.02329  0.04412 -0.0666463  0.0591633  -0.125508 -0.00200778 -0.00171669 -0.00469279  0.0217816 -0.0836704  0.0334552 -1.86943 -1.95626  -9.4284 
               111.2  15.2497 -52.9206 -164.719 -7.28698  0.40016  1.33639 0 0 0   -0.011 -0.02329  0.04412 -0.100123  0.124715 -0.124289  -0.0019656 -0.00172315 -0.00471872  0.0218624 -0.0834315  0.0339939 -1.86953 -1.95623 -9.42839 
               111.3  15.0632 -56.7906 -163.622 -7.30162  0.41836  1.32623 0 0 0   -0.011 -0.02329  0.04412  -0.141141   0.143803 -0.0834909 -0.00194379 -0.00172898 -0.00472005  0.021754 -0.082935 0.0340116 -1.86965  -1.9561 -9.42839 
               111.4  15.9338 -59.3802 -163.808 -7.31739 0.438524  1.31588 0 0 0   -0.011 -0.02329  0.04412  -0.149304    0.13884 -0.0469222 -0.00189769 -0.00175496 -0.00472175 0.0220434 -0.082315 0.0340599  -1.8697 -1.95587 -9.42843 
               111.5  18.1374 -60.6286  -165.76 -7.33255 0.459176  1.30749 0 0 0   -0.011 -0.02329  0.04412  -0.130964   0.141244 -0.0606231   -0.001864 -0.00176931 -0.00470397  0.0223934 -0.0816492  0.0340815 -1.86976 -1.95563 -9.42847 
               111.6   20.225 -61.5747 -167.568  -7.338 0.47211 1.30262 0 0 0   -0.011 -0.02329  0.04412  -0.100873   0.101841 -0.0645819 -0.00184544 -0.00179507  -0.0046985  0.0225491 -0.0819758  0.0334712 -1.86953 -1.95561 -9.42852 
               111.7  22.9323 -62.2875 -170.437 -7.34898 0.483919  1.30032 0 0 0   -0.011 -0.02329  0.04412 -0.0893613  0.0694732  -0.029205 -0.00182869 -0.00178234 -0.00469651  0.0222779 -0.0816689  0.0332603  -1.8696 -1.95553 -9.42852 
               111.8  24.8395 -62.7618 -172.545 -7.35657 0.490207  1.29749 0 0 0   -0.011 -0.02329  0.04412 -0.0738288  0.0321557 -0.0195268 -0.00181158 -0.00179503 -0.00470424   0.022356 -0.0815958  0.0331984 -1.86959 -1.95549 -9.42853 
               111.9  25.6792 -63.2399 -173.451 -7.36487 0.496704  1.29551 0 0 0   -0.011 -0.02329  0.04412  -0.0733362   0.0100166 -0.00923879 -0.00180123 -0.00177585 -0.00470782  0.0224001 -0.0811826  0.0330969 -1.86965 -1.95535 -9.42855 
                 112  26.5806  -63.581 -174.099 -7.37003 0.497205  1.29462 0 0 0   -0.011 -0.02329  0.04412 -0.0607777 -0.0056033  -0.012591 -0.00181489 -0.00178686 -0.00469758  0.0224538 -0.0812579  0.0329382 -1.86959 -1.95534 -9.42856 
               112.1  27.5249 -64.1307 -174.297 -7.37512 0.503434  1.29582 0 0 0   -0.011 -0.02329  0.04412 -0.0425214 -0.0106584 0.00354175 -0.00181325 -0.00179225 -0.00470585  0.0222905 -0.0807746  0.0325086 -1.86962 -1.95515 -9.42859 
               112.2  28.0456 -64.4755 -174.363 -7.38247 0.504845  1.29559 0 0 0   -0.011 -0.02329  0.04412 -0.0394817 -0.0328575   0.010358 -0.00179606 -0.00177621  -0.0047176 0.0222856 -0.080284 0.0326375 -1.86976 -1.95504 -9.42859 
               112.3  27.9341 -64.6582 -173.867 -7.38265 0.503184  1.30219 0 0 0   -0.011 -0.02329  0.04412 -0.0133869 -0.0484632  0.0371331 -0.00181455 -0.00176378 -0.00471328  0.0219494 -0.0803374  0.0321109 -1.86968   -1.955 -9.42861 
               112.4  26.6658 -64.9617 -172.261  -7.3901 0.502432  1.30628 0 0 0   -0.011 -0.02329  0.04412 -0.0142095 -0.0406805  0.0246058 -0.00180093  -0.0017397  -0.0047127 0.0216661 -0.079626 0.0323352 -1.86994 -1.95487 -9.42859 
               112.5  23.8234 -65.5538 -167.435 -7.39075 0.509284  1.30314 0 0 0   -0.011 -0.02329  0.04412 0.00119504 -0.0246641  0.0175328 -0.00179285 -0.00173181 -0.00472164  0.0221633 -0.0788072  0.0321249 -1.86998 -1.95455 -9.42865 
               112.6  17.8478 -66.1109 -158.649  -7.3876 0.507711  1.30235 0 0 0   -0.011 -0.02329  0.04412    0.038207  -0.0512981 -0.00198816  -0.0018242 -0.00173077 -0.00471788  0.0223611 -0.0786884  0.0319994 -1.86995 -1.95448 -9.42867 
               112.7  9.95624 -66.5977 -147.851 -7.37969 0.507591  1.29983 0 0 0   -0.011 -0.02329  0.04412  0.0654492 -0.0551894 -0.0049743 -0.00184592 -0.00174104 -0.00474412  0.0225704 -0.0784342  0.0316508 -1.86989 -1.95432 -9.42871 
               112.8  4.23193 -66.1618  -139.46 -7.37325 0.508271  1.29564 0 0 0   -0.011 -0.02329  0.04412  0.0508711 -0.0696341  0.0330624 -0.00180706 -0.00175477 -0.00476428  0.0231068 -0.0779305  0.0315545 -1.86991 -1.95411 -9.42875 
               112.9  1.06693 -64.2815 -134.461 -7.37036 0.499191  1.29905 0 0 0   -0.011 -0.02329  0.04412 0.0338683 -0.146589  0.119325 -0.00181239 -0.00173941 -0.00474799  0.0233828 -0.0776806  0.0317685 -1.86998 -1.95406 -9.42875 
                 113  1.08205 -59.7422 -133.663 -7.37286 0.481429  1.31928 0 0 0   -0.011 -0.02329  0.04412 -0.0297077  -0.241657   0.259998 -0.00183821 -0.00174989 -0.00471303  0.0232257 -0.0773879   0.031843 -1.87009 -1.95403 -9.42873 
               113.1  2.61754 -52.4392 -135.252 -7.38169 0.458198  1.34643 0 0 0   -0.011 -0.02329  0.04412 -0.122578 -0.324206  0.332358 -0.00183038 -0.00183096 -0.00465877 0.0235212 -0.076904 0.0318027 -1.87019 -1.95387 -9.42875 
               113.2  5.17626 -42.0394 -137.812 -7.40206 0.422942  1.38725 0 0 0   -0.011 -0.02329  0.04412 -0.200856 -0.350118  0.387947 -0.00186341 -0.00189586 -0.00460939  0.0229247 -0.0766853  0.0317635 -1.87032 -1.95395 -9.42871 
               113.3  7.29696 -29.2772 -139.216 -7.42924 0.388904  1.43095 0 0 0   -0.011 -0.02329  0.04412 -0.245704 -0.357024  0.285865 -0.00192244 -0.00192547 -0.00458884  0.0220894 -0.0762084    0.03137  -1.8705 -1.95397 -9.42866 
               113.4  9.25816 -19.7294 -139.597 -7.45558 0.354519  1.46324 0 0 0   -0.011 -0.02329  0.04412 -0.199263 -0.329108  0.187194  -0.0020257 -0.00189845 -0.00460455  0.0211813 -0.0759571  0.0309966 -1.87065 -1.95408 -9.42861 
               113.5  10.8723 -12.2896  -140.76 -7.47764 0.325871  1.47899 0 0 0   -0.011 -0.02329  0.04412 -0.170962 -0.301126  0.127516 -0.00212878 -0.00183508 -0.00460665  0.0211185 -0.0754395  0.0309956 -1.87082 -1.95401 -9.42859 
               113.6  12.8894 -5.45599 -143.676 -7.48937 0.298651  1.47445 0 0 0   -0.011 -0.02329  0.04412 -0.131242 -0.229531 0.0362062 -0.00222907 -0.00179924 -0.00459648  0.0221498 -0.0756713  0.0318923  -1.8706 -1.95386 -9.42867 
               113.7    15.607 -0.665923  -149.882 -7.49885 0.287885  1.46557 0 0 0   -0.011 -0.02329  0.04412 -0.0913799 -0.0971369 -0.0283313  -0.0023179 -0.00178586  -0.0045566  0.0229997 -0.0752977  0.0324143 -1.87053 -1.95357 -9.42874 
               113.8  18.9476   3.1361 -158.897 -7.50547 0.286662  1.45434 0 0 0   -0.011 -0.02329  0.04412 -0.0495872 -0.0029482 -0.0692722 -0.00240988  -0.0017088 -0.00451931  0.0234524 -0.0750476  0.0328551 -1.87048 -1.95341 -9.42878 
               113.9  21.3143  5.76187 -167.034 -7.50449 0.295403  1.44044 0 0 0   -0.011 -0.02329  0.04412 0.00370205  0.0433891 -0.0884549 -0.00248293 -0.00164531 -0.00448843 0.0241773 -0.074728 0.0332323 -1.87036 -1.95315 -9.42886 
                 114  22.2259  7.82943 -173.319 -7.49983  0.30498  1.43645 0 0 0   -0.011 -0.02329  0.04412  0.0147343  0.0639311 -0.0743814 -0.00249488 -0.00158924 -0.00453187 0.0247173 -0.074672 0.0327859 -1.87031 -1.95303  -9.4289 
               114.1  22.7502  10.1802 -179.004 -7.50189 0.316123  1.43989 0 0 0   -0.011 -0.02329  0.04412 -0.0202936  0.0994848 -0.0530566 -0.00247444 -0.00152684  -0.0045688  0.0247268 -0.0745932  0.0317533 -1.87051 -1.95301 -9.42886 
               114.2 22.9549  13.426 174.342 -7.50905 0.327597  1.43812 0 0 0   -0.011 -0.02329  0.04412 -0.0348718   0.126464  -0.043487 -0.00247201  -0.0014997 -0.00458446 0.0244096 -0.074588 0.0313597 -1.87068 -1.95303 -9.42882 
               114.3 22.8761 15.2823 168.081 -7.50781 0.338914  1.43891 0 0 0   -0.011 -0.02329  0.04412   0.0271947    0.130075 -0.00781692 -0.00249741 -0.00148304 -0.00455498  0.0246351 -0.0748575   0.031115 -1.87065  -1.9531 -9.42881 
               114.4 23.5099 14.8122  164.77 -7.49765 0.345529  1.43553 0 0 0   -0.011 -0.02329  0.04412     0.071755     0.102484 -0.000747426 -0.00249147 -0.00140619 -0.00460802  0.0249536 -0.0751654  0.0316776 -1.87045 -1.95323 -9.42883 
               114.5 24.1787 14.0708 162.789  -7.4911 0.350069  1.43693 0 0 0   -0.011 -0.02329  0.04412  0.0477852  0.0745711 0.00958434 -0.00251097 -0.00137434 -0.00470059  0.0250067 -0.0755672  0.0317576 -1.87045 -1.95336  -9.4288 
               114.6 24.2881 13.5314 161.411 -7.48892   0.3528  1.43759 0 0 0   -0.011 -0.02329  0.04412 0.0263102 0.0479231 0.0178035  -0.0024863 -0.00133787 -0.00475605  0.0248745 -0.0759019  0.0319491  -1.8705 -1.95346 -9.42877 
             114.699 24.1717 12.4633 163.718 -7.49102 0.351988   1.4377 0 0 0   -0.011 -0.02329  0.04412  -0.0298333 -0.00165346   0.0278961 -0.00248096 -0.00134952 -0.00475569 0.0246391 -0.076218 0.0322663 -1.87056 -1.95353 -9.42874 
               114.8 23.1078 10.7592 173.488  -7.4972 0.346043  1.43865 0 0 0   -0.011 -0.02329  0.04412 -0.126297 -0.074506 0.0413291 -0.00247616 -0.00136276 -0.00478045  0.0247281 -0.0762822  0.0326238 -1.87048  -1.9536 -9.42874 
               114.9    20.15  10.3105 -173.258 -7.51538 0.331671  1.44209 0 0 0   -0.011 -0.02329  0.04412 -0.184558 -0.113154 0.0301767 -0.00244342 -0.00140849 -0.00484824  0.0246555 -0.0767304  0.0328482 -1.87056 -1.95372  -9.4287 
                 115  17.2935  10.4908 -161.479 -7.53491 0.319889  1.43901 0 0 0   -0.011 -0.02329  0.04412  -0.208626 -0.0644759 0.00194863 -0.00242867 -0.00150238 -0.00487469  0.0245596 -0.0767558  0.0333858  -1.8705 -1.95376 -9.42871 
             115.099  15.1238  10.4309 -151.299 -7.55317 0.316452  1.43451 0 0 0   -0.011 -0.02329  0.04412   -0.224914  -0.0118845 -0.00688493  -0.0024974 -0.00158121 -0.00482278  0.0247678 -0.0764878  0.0338035 -1.87032 -1.95375 -9.42875 
             115.199  12.7738  10.2056 -142.901 -7.57385 0.319391  1.43153 0 0 0   -0.011 -0.02329  0.04412 -0.251493 0.0628735 0.0193127 -0.00252575 -0.00164906 -0.00477491  0.0249667 -0.0763063  0.0341493 -1.87018 -1.95372 -9.42878 
               115.3  10.8871  10.0988 -136.726 -7.59666 0.329596  1.44106 0 0 0   -0.011 -0.02329  0.04412 -0.244626   0.12414 0.0446146 -0.00252008 -0.00169406 -0.00473428  0.0253647 -0.0764687   0.033635 -1.87018 -1.95373 -9.42878 
             115.399  9.19389  9.14989 -132.134 -7.61907 0.346356  1.45087 0 0 0   -0.011 -0.02329  0.04412 -0.196641  0.168106  0.049752  -0.0025656 -0.00171217 -0.00466771  0.0255402 -0.0764768  0.0331559 -1.87025  -1.9537 -9.42877 
             115.499  7.16185  7.61564 -128.602 -7.64087 0.361326  1.46231 0 0 0   -0.011 -0.02329  0.04412 -0.165707  0.192318  0.062307 -0.00255078 -0.00171316 -0.00462213  0.0253014 -0.0766606  0.0325753 -1.87042 -1.95383 -9.42871 
               115.6 5.69357 4.85442 -124.69  -7.6585 0.382077  1.47167 0 0 0   -0.011 -0.02329  0.04412 -0.100886  0.264738 0.0495304 -0.00252445 -0.00173391 -0.00459629  0.0249691 -0.0766146  0.0321922 -1.87057 -1.95393 -9.42866 
             115.699  4.32292 0.819363 -119.018 -7.66587 0.404539  1.47272 0 0 0   -0.011 -0.02329  0.04412 -0.0603635   0.241866 0.00615569 -0.00254605 -0.00171852 -0.00458657  0.0246957 -0.0768547  0.0323708 -1.87051 -1.95403 -9.42865 
             115.799  2.20011 -1.54627 -111.534 -7.66844 0.419292   1.4691 0 0 0   -0.011 -0.02329  0.04412 -0.0209449   0.174618 -0.0100086 -0.00252817 -0.00169674 -0.00463256  0.0242865 -0.0772613   0.032687 -1.87038 -1.95417 -9.42865 
             115.899 -0.19776 -2.40697 -103.309 -7.66758 0.432199  1.45988 0 0 0   -0.011 -0.02329  0.04412 0.00299783   0.130913 -0.0253025 -0.00246692 -0.00180819 -0.00468008  0.0240632 -0.0773952   0.033401 -1.87023 -1.95417 -9.42868 
                 116 -2.23039 -2.66926  -95.555 -7.66982  0.44377  1.45129 0 0 0   -0.011 -0.02329  0.04412 -0.0183116   0.111614  -0.041916 -0.00245938  -0.0018602 -0.00466431  0.0238997 -0.0771753  0.0338444 -1.87024 -1.95415 -9.42868 
               116.1 -3.51304 -2.75803  -89.511 -7.66981 0.454944  1.45438 0 0 0   -0.011 -0.02329  0.04412 -0.0282239   0.101957  -0.020114 -0.00243209  -0.0019095 -0.00466754  0.0240894 -0.0774592  0.0332926 -1.87021 -1.95416 -9.42868 
               116.2 -4.09693 -3.29483 -85.8707 -7.67213 0.463142  1.45659 0 0 0   -0.011 -0.02329  0.04412  -0.0469065    0.101873 -0.00749676 -0.00242942  -0.0019439 -0.00462712  0.0239751 -0.0776539  0.0329541 -1.87018 -1.95423 -9.42867 
             116.299 -4.07442 -4.99192 -84.0261 -7.68284 0.469396  1.46486 0 0 0   -0.011 -0.02329  0.04412 -0.0858361   0.126372  0.0072741 -0.00239884 -0.00193682 -0.00458468  0.0234976 -0.0771831   0.032212 -1.87037 -1.95452 -9.42858 
               116.4 -3.86748  -9.9461  -82.383 -7.68975 0.486476  1.46615 0 0 0   -0.011 -0.02329  0.04412  -0.100456    0.22419 -0.0247544 -0.00240524 -0.00192722 -0.00455048  0.0234316 -0.0774483  0.0319911 -1.87029 -1.95453 -9.42859 
             116.499 -3.78256 -15.7175 -80.8508 -7.70163 0.507416  1.45681 0 0 0   -0.011 -0.02329  0.04412  -0.102186   0.179342 -0.0298379  -0.0023746 -0.00185044 -0.00454295   0.023496 -0.0773164  0.0325907 -1.87029 -1.95448  -9.4286 
             116.599 -3.80277 -19.0476 -80.1216 -7.70747 0.521068  1.44513 0 0 0   -0.011 -0.02329  0.04412 -0.0714782    0.10974 -0.0384752 -0.00233007 -0.00188677 -0.00457676   0.023418 -0.0776771    0.03337  -1.8701 -1.95439 -9.42866 
               116.7 -4.02737 -20.6008 -79.7819 -7.71409 0.531476  1.44135 0 0 0   -0.011 -0.02329  0.04412 -0.0542527  0.0683981 -0.0286899 -0.00226974 -0.00191987 -0.00456713   0.023612 -0.0776669  0.0333959 -1.87014 -1.95432 -9.42866 
             116.799 -4.06276 -21.3183  -79.921 -7.71535 0.537007  1.44885 0 0 0   -0.011 -0.02329  0.04412 -0.0273462  0.0534381 0.00208675 -0.00224332 -0.00195551 -0.00456955   0.023328 -0.0779378  0.0325486 -1.87007 -1.95439 -9.42866 
             116.899 -3.05498 -22.5682 -83.9878 -7.71541 0.541725   1.4557 0 0 0   -0.011 -0.02329  0.04412    0.0241182    0.0736863 -7.17194e-05 -0.00221851 -0.00198127  -0.0045765  0.0230826 -0.0779177  0.0319816 -1.87008 -1.95449 -9.42864 
             116.999 0.812816 -26.2353  -96.623 -7.71139 0.551065  1.45344 0 0 0   -0.011 -0.02329  0.04412   0.064876   0.097844 -0.0293939 -0.00218571 -0.00199057 -0.00447727  0.0232031 -0.0778978  0.0320312 -1.87011 -1.95445 -9.42864 
             117.099   6.8924 -30.3513  -112.52 -7.70964 0.556225  1.45276 0 0 0   -0.011 -0.02329  0.04412  0.0642463  0.0773391 -0.0349776 -0.00216616 -0.00187561 -0.00426663  0.0228608 -0.0771941  0.0319209 -1.87028  -1.9547 -9.42856 
               117.2  13.2597 -32.9018 -126.896 -7.70279 0.558807  1.44708 0 0 0   -0.011 -0.02329  0.04412  0.0785439  0.0337508 -0.0307459 -0.00214904 -0.00183562 -0.00425984  0.0226364 -0.0770891  0.0322675 -1.87024 -1.95481 -9.42854 
               117.3  18.5114 -34.1862 -138.883 -7.68782 0.564268  1.44124 0 0 0   -0.011 -0.02329  0.04412   0.113593 0.00853029 -0.0344444 -0.00215409 -0.00182562 -0.00431681  0.0230055 -0.0777146  0.0323522 -1.87005 -1.95461 -9.42862 
               117.4  22.4239 -34.8427 -148.696  -7.6762 0.560309  1.43523 0 0 0   -0.011 -0.02329  0.04412   0.134094 -0.0397147 -0.0319247 -0.00214558 -0.00181629 -0.00435001  0.0228885 -0.0776476  0.0327394 -1.87003 -1.95469 -9.42861 
               117.5  24.5353 -35.4822  -156.04 -7.66669 0.553508  1.43063 0 0 0   -0.011 -0.02329  0.04412   0.115885 -0.0884595 -0.0262431 -0.00211747 -0.00181705  -0.0043998  0.0228171 -0.0772878  0.0329628 -1.87014 -1.95472 -9.42858 
               117.6   25.228  -36.159 -159.827 -7.65752  0.54652  1.42746 0 0 0   -0.011 -0.02329  0.04412    0.09565  -0.101044 -0.0207696 -0.00209358 -0.00180291 -0.00441905  0.0229268 -0.0770513  0.0329092 -1.87021 -1.95465 -9.42858 
               117.7  24.9152 -36.5962 -160.325 -7.65119 0.534263  1.42586 0 0 0   -0.011 -0.02329  0.04412   0.0939908   -0.123489 -0.00963429 -0.00209043 -0.00184984 -0.00447539  0.0227512 -0.0768708  0.0330746 -1.87029 -1.95469 -9.42856 
             117.799  24.6861 -37.8412 -159.387  -7.6417 0.521967  1.42595 0 0 0   -0.011 -0.02329  0.04412   0.164021  -0.148724 -0.0377739 -0.00207904 -0.00186588 -0.00452221  0.0224706 -0.0766844  0.0329424 -1.87039 -1.95468 -9.42854 
             117.899  24.3816 -40.3295 -157.989 -7.62461 0.503738  1.42227 0 0 0   -0.011 -0.02329  0.04412    0.23633  -0.204926 -0.0567917 -0.00210292 -0.00187607 -0.00455236  0.0221693 -0.0766046  0.0330048 -1.87048 -1.95472 -9.42851 
             117.999  22.8736 -43.5613 -154.737 -7.60134 0.482344  1.40718 0 0 0   -0.011 -0.02329  0.04412  0.292385 -0.267619  -0.11428 -0.00208374 -0.00187309 -0.00457319  0.0224102 -0.0759962    0.03356 -1.87055 -1.95464 -9.42852 
             118.099  22.2994 -47.1373 -152.774 -7.57003 0.454593  1.39744 0 0 0   -0.011 -0.02329  0.04412  0.367547 -0.335004 -0.125776 -0.00207578 -0.00186922 -0.00461269  0.0221918 -0.0758723  0.0332922 -1.87061  -1.9546 -9.42851 
             118.199  22.7164 -50.7214 -152.968 -7.53326 0.417719  1.38477 0 0 0   -0.011 -0.02329  0.04412  0.407714 -0.406114 -0.121574 -0.00207385 -0.00184468 -0.00457724  0.0220596 -0.0756877  0.0334347 -1.87069  -1.9546  -9.4285 
               118.3  22.4628 -54.2965 -152.909 -7.49522 0.382448  1.37564 0 0 0   -0.011 -0.02329  0.04412   0.377452  -0.421654 -0.0618926 -0.00200962 -0.00183044 -0.00456512  0.0220296 -0.0751438  0.0330746 -1.87077 -1.95443 -9.42851 
             118.399   21.125 -56.6525 -150.652  -7.4605 0.346235  1.37527 0 0 0   -0.011 -0.02329  0.04412  0.294471 -0.360923 0.0420635 -0.00198342 -0.00183321 -0.00454678  0.0220663 -0.0750093  0.0327427 -1.87077 -1.95434 -9.42853 
               118.5   18.899 -57.1968 -145.165 -7.43604    0.313  1.37567 0 0 0   -0.011 -0.02329  0.04412  0.195191 -0.325569 0.0594431 -0.00195752 -0.00187495 -0.00455355  0.0225376 -0.0747763  0.0330992 -1.87077 -1.95429 -9.42854 
             118.599   14.872 -57.3063 -136.739 -7.42557 0.285833  1.38481 0 0 0   -0.011 -0.02329  0.04412   0.10937 -0.281846 0.0341847 -0.00197458 -0.00189388 -0.00457952  0.0220248 -0.0743391  0.0328164 -1.87093 -1.95424 -9.42852 
             118.699  8.48687 -57.3865 -125.334 -7.42278 0.262941  1.38906 0 0 0   -0.011 -0.02329  0.04412 0.0163717 -0.240072 0.0587144 -0.00198279 -0.00189635 -0.00459391  0.0219505 -0.0738602   0.032829 -1.87107 -1.95418 -9.42851 
             118.799  3.21049 -56.7701 -114.848 -7.42675 0.241817  1.40093 0 0 0   -0.011 -0.02329  0.04412 -0.0730069  -0.246017  0.0610716  -0.0019864 -0.00186826  -0.0046154  0.0214785 -0.0737215   0.032358 -1.87112 -1.95413 -9.42851 
             118.899 -0.717917  -55.9986  -105.927 -7.43894 0.213625  1.40666 0 0 0   -0.011 -0.02329  0.04412  -0.14048 -0.298578 0.0637321 -0.00197886 -0.00185091 -0.00462564  0.0214201 -0.0736278  0.0325157 -1.87117 -1.95417 -9.42849 
             118.999 -4.46155 -55.0446 -97.6723 -7.46048 0.179123  1.41448 0 0 0   -0.011 -0.02329  0.04412  -0.21315 -0.360495 0.0950013 -0.00195928 -0.00183238 -0.00462318  0.0212675 -0.0732965  0.0328317  -1.8713 -1.95426 -9.42845 
               119.1 -6.97055  -53.872 -90.8923 -7.48497 0.142148   1.4239 0 0 0   -0.011 -0.02329  0.04412 -0.295307 -0.415822  0.102613  -0.0019422 -0.00180941 -0.00461443  0.0213757 -0.0733211  0.0327122 -1.87128  -1.9542 -9.42846 
               119.2 -8.78639 -52.6987 -84.6318 -7.51686 0.101441  1.43264 0 0 0   -0.011 -0.02329  0.04412  -0.32593 -0.442526  0.149727 -0.00194907 -0.00178491 -0.00459385  0.0217471 -0.0732358  0.0327087 -1.87131 -1.95411 -9.42847 
             119.299 -9.33395 -51.5829  -79.685  -7.55052 0.0594402    1.4477 0 0 0   -0.011 -0.02329  0.04412 -0.263175  -0.41612  0.239598 -0.00195321 -0.00176789 -0.00459435  0.0222219 -0.0728766  0.0329616 -1.87144 -1.95408 -9.42846 
             119.399 -10.0029 -50.5092 -75.9793 -7.57976 0.020541  1.47421 0 0 0   -0.011 -0.02329  0.04412 -0.193644 -0.421525   0.22323 -0.00192544 -0.00174498 -0.00457754  0.0222511 -0.0721285  0.0328071 -1.87169  -1.9541  -9.4284 
               119.5 -10.1549 -48.8389 -73.4829   -7.59952 -0.0206343    1.49572 0 0 0   -0.011 -0.02329  0.04412 -0.114646  -0.47517   0.17092   -0.001904  -0.0017265 -0.00457887   0.022248 -0.0717461  0.0324369 -1.87185 -1.95407 -9.42838 
               119.6 -9.30162 -45.8216 -72.8005   -7.60618 -0.0624266     1.5124 0 0 0   -0.011 -0.02329  0.04412 -0.00322972   -0.473729    0.166806 -0.00190051 -0.00172949 -0.00453284  0.0226759 -0.0717799  0.0320228 -1.87193 -1.95386  -9.4284 
               119.7 -9.39642 -42.0718 -71.7129  -7.60609 -0.107011   1.53347 0 0 0   -0.011 -0.02329  0.04412  0.111694 -0.538136  0.217527 -0.00188538 -0.00177088 -0.00450744  0.0228229 -0.0713389  0.0315229 -1.87214  -1.9538 -9.42837 
               119.8 -9.58471 -36.1893 -71.1386  -7.59527 -0.163685   1.55456 0 0 0   -0.011 -0.02329  0.04412  0.173712 -0.612448  0.175119 -0.00190235 -0.00175884 -0.00449515  0.0229875 -0.0709772  0.0313642 -1.87229  -1.9538 -9.42834 
               119.9 -9.56047 -30.2365 -69.6731  -7.57879 -0.221578   1.56798 0 0 0   -0.011 -0.02329  0.04412  0.205239 -0.577525 0.0901633 -0.00194975 -0.00181232 -0.00446744 0.0232462 -0.070806 0.0312221 -1.87241 -1.95374 -9.42833 
             119.999 -8.76328 -26.7737   -68.29  -7.56412 -0.281956   1.57279 0 0 0   -0.011 -0.02329  0.04412   0.254639  -0.531164 -0.0255517  -0.0019851 -0.00179811 -0.00445545  0.0230738 -0.0697864  0.0314088 -1.87264 -1.95404 -9.42822 
             120.099 -8.08763 -24.8699 -67.4511   -7.5382 -0.334553   1.57144 0 0 0   -0.011 -0.02329  0.04412    0.354212   -0.516772 -0.00839462  -0.0020391 -0.00175777 -0.00443144  0.0231783 -0.0692805  0.0313355 -1.87282 -1.95412 -9.42817 
             120.199 -7.44387 -22.9954 -66.9275  -7.49583 -0.396566    1.5809 0 0 0   -0.011 -0.02329  0.04412  0.476466 -0.580235  0.105252 -0.00204726 -0.00171117  -0.0044296  0.0222113 -0.0690686  0.0313663 -1.87266 -1.95444 -9.42814 
               120.3 -7.34231 -18.3885 -67.3376  -7.44787 -0.458116   1.60321 0 0 0   -0.011 -0.02329  0.04412  0.525648 -0.606784  0.164509 -0.00204091 -0.00170396 -0.00441839  0.0217977 -0.0685927  0.0307792 -1.87277 -1.95462 -9.42808 
             120.399 -7.84884 -12.7657 -68.3486  -7.40331 -0.519039   1.61957 0 0 0   -0.011 -0.02329  0.04412  0.462942 -0.581018  0.112653 -0.00202316 -0.00174856 -0.00441549 0.0218327 -0.067941 0.0306104 -1.87297 -1.95476 -9.42801 
             120.499 -8.55299 -7.14203 -70.4217  -7.36152 -0.572091   1.63941 0 0 0   -0.011 -0.02329  0.04412 0.382529 -0.56146 0.143352 -0.00206413  -0.0017614 -0.00437592  0.0219142 -0.0679813  0.0297621 -1.87308 -1.95469   -9.428 
               120.6 -8.47077  -1.6576 -72.4581  -7.32762 -0.627109   1.64971 0 0 0   -0.011 -0.02329  0.04412  0.267104  -0.52755 0.0998291  -0.0021079 -0.00177304 -0.00434635  0.0219687 -0.0681356  0.0299788 -1.87303 -1.95464 -9.42802 
             120.699 -7.30337 0.694254  -72.335  -7.30204 -0.678325   1.65522 0 0 0   -0.011 -0.02329  0.04412  0.185483 -0.477589 0.0593711 -0.00219294 -0.00175776 -0.00434352  0.0217054 -0.0684488  0.0302021 -1.87286 -1.95463 -9.42806 
             120.799 -5.98452  1.75284 -72.2924   -7.2856 -0.728725   1.64603 0 0 0   -0.011 -0.02329  0.04412   0.13507 -0.506967 0.0229698 -0.00228797 -0.00163494 -0.00436089  0.0217758 -0.0685638  0.0314209 -1.87275 -1.95455  -9.4281 
             120.899 -4.63834  2.74557 -74.0502  -7.27664 -0.779832   1.64285 0 0 0   -0.011 -0.02329  0.04412  0.0808544  -0.539776 0.00391339 -0.00228004 -0.00163147 -0.00434415  0.0219847 -0.0684844  0.0318117  -1.8728 -1.95449  -9.4281 
             120.999  -3.0133  2.77867 -78.9921  -7.27484 -0.835172   1.64352 0 0 0   -0.011 -0.02329  0.04412 0.0306556 -0.579087 0.0756586 -0.00229069 -0.00161635 -0.00432105     0.0222 -0.0681772  0.0320036 -1.87293 -1.95449 -9.42808 
               121.1 -0.923528   2.62786  -82.9524  -7.26777 -0.893298   1.66369 0 0 0   -0.011 -0.02329  0.04412 0.0679566 -0.577074  0.192757 -0.00233343 -0.00158416 -0.00426404  0.0220747 -0.0683897   0.031386 -1.87287 -1.95453 -9.42808 
             121.199 0.194427  3.40415 -85.1603    -7.258 -0.951144   1.68493 0 0 0   -0.011 -0.02329  0.04412 0.132189 -0.55504 0.167893 -0.00235165 -0.00153366 -0.00426677   0.021992 -0.0683145  0.0312142 -1.87288 -1.95459 -9.42806 
               121.3 -0.113793   4.56931  -86.2673 -7.24183 -1.00595  1.69911 0 0 0   -0.011 -0.02329  0.04412  0.146508 -0.477385  0.086146 -0.00234637 -0.00150536 -0.00429867  0.0217412 -0.0683725  0.0310636 -1.87281 -1.95467 -9.42806 
             121.399 -0.217392   4.63743  -87.3471 -7.22178 -1.04572  1.70905 0 0 0   -0.011 -0.02329  0.04412  0.151913 -0.369944 0.0616693 -0.00234307 -0.00152518 -0.00431245  0.0219098 -0.0689726  0.0307929 -1.87269 -1.95455 -9.42811 
               121.5 -0.0395307    3.54696   -91.7532 -7.21114 -1.07754    1.713 0 0 0   -0.011 -0.02329  0.04412  0.118645   -0.2626 0.0334986 -0.00234955 -0.00151088 -0.00431362  0.0219825 -0.0686907  0.0308924 -1.87278 -1.95456 -9.42809 
               121.6   0.711424 0.00834687   -103.142  -7.1986 -1.09777  1.71691 0 0 0   -0.011 -0.02329  0.04412   0.123421  -0.172618 0.00416323 -0.00235449 -0.00149437 -0.00427516  0.0221333 -0.0687845  0.0307288 -1.87279 -1.95453 -9.42809 
               121.7  2.32738 -3.53596 -115.202 -7.18987 -1.12021  1.71783 0 0 0   -0.011 -0.02329  0.04412    0.11753  -0.125973 -0.0150373 -0.00236979 -0.00139182 -0.00416649  0.0214854 -0.0683013  0.0305602 -1.87284 -1.95481 -9.42803 
             121.799  4.68031 -5.58163 -123.142 -7.17512 -1.12817   1.7134 0 0 0   -0.011 -0.02329  0.04412   0.153889  -0.054988 -0.0439433 -0.00236861 -0.00135015 -0.00416795  0.0215712 -0.0684782  0.0306982 -1.87278 -1.95475 -9.42805 
             121.899  7.29211 -6.69831 -128.431 -7.15647  -1.1313  1.69425 0 0 0   -0.011 -0.02329  0.04412    0.214633 -0.00463389  -0.0787136 -0.00235668 -0.00135891 -0.00428777  0.0214191 -0.0684879  0.0318273 -1.87266 -1.95464  -9.4281 
             121.999  10.7826 -7.69899 -134.758 -7.12405 -1.12821  1.68639 0 0 0   -0.011 -0.02329  0.04412   0.306866  0.0367448 -0.0524434 -0.00235425 -0.00136931 -0.00436676  0.0217072 -0.0691413  0.0319302 -1.87245 -1.95454 -9.42816 
             122.099  13.4927  -9.2561 -140.971 -7.08459 -1.12344  1.68861 0 0 0   -0.011 -0.02329  0.04412   0.373042  0.0407184 -0.0407079 -0.00237358 -0.00133757 -0.00435586   0.022064 -0.0695618  0.0313534 -1.87237 -1.95453 -9.42818 
             122.199   15.891 -11.6639 -146.423 -7.04646 -1.12474   1.6778 0 0 0   -0.011 -0.02329  0.04412   0.359543  0.0274504 -0.0657528 -0.00235588 -0.00127755 -0.00439963   0.021696 -0.0698139  0.0318999 -1.87227 -1.95462 -9.42818 
             122.299  18.1245 -13.7967 -151.853 -7.01569 -1.12629   1.6789 0 0 0   -0.011 -0.02329  0.04412   0.328954  0.0161963 -0.0636776 -0.00231264 -0.00122168 -0.00445458 0.0211607 -0.069839 0.0313085 -1.87242 -1.95478 -9.42812 
             122.399  19.8605 -17.2547 -156.991 -6.98194 -1.12368  1.66961 0 0 0   -0.011 -0.02329  0.04412  0.384511 0.0726222 -0.117788 -0.00228832 -0.00119812 -0.00447243  0.0210133 -0.0698117  0.0314167 -1.87244  -1.9548 -9.42811 
             122.499  21.9378 -23.7013 -160.984 -6.94358 -1.11264  1.65742 0 0 0   -0.011 -0.02329  0.04412  0.376582 0.0890476 -0.145592 -0.00224365  -0.0011654 -0.00450482  0.0209898 -0.0696503  0.0312051 -1.87249 -1.95477  -9.4281 
             122.599   24.451 -28.0938 -166.045 -6.91079 -1.10196  1.63679 0 0 0   -0.011 -0.02329  0.04412  0.291568  0.038497 -0.115388 -0.00217025  -0.0011336 -0.00456321  0.0212152 -0.0691413  0.0317059 -1.87246 -1.95463 -9.42814 
             122.699  26.5095 -30.2588 -171.163 -6.88426 -1.10029  1.62916 0 0 0   -0.011 -0.02329  0.04412    0.257895 -0.00788022  -0.0860201 -0.00216477 -0.00113504 -0.00453489  0.0211097 -0.0691465  0.0315243  -1.8725 -1.95464 -9.42813 
             122.799  27.1586 -32.6926 -173.888 -6.85649 -1.10404  1.61985 0 0 0   -0.011 -0.02329  0.04412   0.242355 -0.0429649 -0.0859632 -0.00210416 -0.00114713 -0.00455991 0.0213021 -0.069325 0.0315749 -1.87243 -1.95467 -9.42814 
             122.899  26.7247 -35.3531 -174.887  -6.8289 -1.10771   1.6119 0 0 0   -0.011 -0.02329  0.04412   0.229638 -0.0373245 -0.0843099 -0.00206005 -0.00118589 -0.00461414  0.0216475 -0.0694318  0.0313446 -1.87232 -1.95466 -9.42816 
             122.999  26.0783 -37.9981 -174.756 -6.80632 -1.11329  1.60111 0 0 0   -0.011 -0.02329  0.04412    0.191902 -0.00660728  -0.0848709 -0.00203139 -0.00121693  -0.0046396   0.021827 -0.0696346  0.0316328 -1.87227 -1.95473 -9.42815 
             123.099  25.2804  -41.006 -172.505 -6.79073  -1.1113  1.59544 0 0 0   -0.011 -0.02329  0.04412   0.168035  0.0351022 -0.0901288 -0.00202972  -0.0012351 -0.00464164  0.0214797 -0.0696305  0.0314664 -1.87236 -1.95472 -9.42814 
             123.199  24.2641 -43.7734 -169.179 -6.78343 -1.10742  1.58005 0 0 0   -0.011 -0.02329  0.04412   0.102101  0.0392031 -0.0845438 -0.00202685  -0.0012598 -0.00467574  0.0212972 -0.0692304  0.0323015  -1.8725 -1.95469 -9.42812 
             123.299  22.8085 -45.5915 -165.329 -6.77031 -1.09934  1.56899 0 0 0   -0.011 -0.02329  0.04412  0.0902471  0.0727077 -0.0861585 -0.00201287 -0.00130064 -0.00470306  0.0217248 -0.0690214  0.0321311 -1.87237 -1.95462 -9.42816 
             123.399  20.5414 -47.3511 -159.452 -6.76186 -1.09043  1.55979 0 0 0   -0.011 -0.02329  0.04412  0.0498655   0.109261 -0.0641001 -0.00201044 -0.00133042 -0.00468793  0.0218905 -0.0690253  0.0321897 -1.87234 -1.95463 -9.42816 
             123.499  16.4085  -48.376 -149.805 -6.76304 -1.07875  1.56067 0 0 0   -0.011 -0.02329  0.04412  -0.027713   0.105366 -0.0317934  -0.0020088 -0.00133248 -0.00472979  0.0213677 -0.0690405   0.031888 -1.87242 -1.95461 -9.42815 
             123.599  10.5494 -48.7506 -136.463 -6.76422  -1.0682  1.55771 0 0 0   -0.011 -0.02329  0.04412 -0.0969975   0.129354 -0.0406786 -0.00205841 -0.00139115 -0.00476361  0.0216641 -0.0692719  0.0316425  -1.8723 -1.95463 -9.42817 
               123.7  3.90143 -49.1894 -120.403 -6.78031 -1.05192  1.55615 0 0 0   -0.011 -0.02329  0.04412  -0.181101  0.0890941 0.00479178 -0.00206489 -0.00136881 -0.00481781  0.0215113 -0.0689066  0.0314664 -1.87235 -1.95453 -9.42818 
               123.8 -1.45147 -47.9095 -107.004 -6.80716 -1.05089  1.56349 0 0 0   -0.011 -0.02329  0.04412 -0.237722 -0.050882 0.0786856 -0.00206899 -0.00133789 -0.00490595  0.0209255 -0.0687317  0.0316502 -1.87251 -1.95459 -9.42814 
             123.899 -6.82469 -44.6508 -95.5281 -6.84061 -1.05609  1.57586 0 0 0   -0.011 -0.02329  0.04412 -0.273889 -0.180719  0.139293 -0.00204843 -0.00131344 -0.00490243  0.0206547 -0.0678007  0.0315609 -1.87275 -1.95447 -9.42812 
                 124 -13.1321 -38.7911 -84.5588 -6.87251 -1.07617  1.59498 0 0 0   -0.011 -0.02329  0.04412 -0.254342 -0.326797  0.211911 -0.00201155 -0.00130309 -0.00488212    0.02053 -0.0672159  0.0312721  -1.8729 -1.95438  -9.4281 
             124.099 -19.4201 -28.8513 -75.7159 -6.89814 -1.10888  1.62213 0 0 0   -0.011 -0.02329  0.04412 -0.201016 -0.431378  0.282558 -0.00199295 -0.00131144 -0.00486293  0.0206597 -0.0667666  0.0308783 -1.87302 -1.95426  -9.4281 
               124.2 -22.8688 -16.1598 -68.8809 -6.91799 -1.14178   1.6499 0 0 0   -0.011 -0.02329  0.04412 -0.168661  -0.44791  0.224315 -0.00198419 -0.00137823 -0.00482336  0.0212625 -0.0665159   0.029988 -1.87313 -1.95396 -9.42815 
             124.299 -23.2958 -3.89528 -62.6981 -6.93753   -1.188  1.67588 0 0 0   -0.011 -0.02329  0.04412 -0.135893 -0.435972  0.185382 -0.00205404 -0.00141534 -0.00479884  0.0208286 -0.0660721  0.0297242 -1.87323 -1.95408  -9.4281 
               124.4 -22.4616  6.39406 -56.7922 -6.94663 -1.23443  1.68127 0 0 0   -0.011 -0.02329  0.04412 -0.0442106  -0.396853  0.0814749 -0.00214645   -0.001402 -0.00476797  0.0209232 -0.0661859  0.0306843 -1.87317 -1.95414  -9.4281 
               124.5 -22.1721  14.4138 -53.3267 -6.94875 -1.28273  1.68226 0 0 0   -0.011 -0.02329  0.04412 0.0128202 -0.402194 0.0158078 -0.00220352 -0.00135993 -0.00471399  0.0203448 -0.0659556    0.03144 -1.87307  -1.9544 -9.42807 
               124.6 -21.2476  21.2331 -52.7668 -6.94259 -1.32312  1.67621 0 0 0   -0.011 -0.02329  0.04412  0.0344652  -0.384223 -0.0221849 -0.00223113 -0.00135107 -0.00460712   0.020248 -0.0664357  0.0318394 -1.87293 -1.95431 -9.42811 
             124.699  -19.112  26.6213 -51.5923 -6.94414 -1.35671  1.67509 0 0 0   -0.011 -0.02329  0.04412 0.00660143  -0.308219 -0.0259617 -0.00231552 -0.00136817 -0.00451131  0.0205865 -0.0661637  0.0318116 -1.87308 -1.95432 -9.42808 
             124.799 -16.2006  30.2697 -48.9334  -6.9432 -1.37779  1.66302 0 0 0   -0.011 -0.02329  0.04412 -0.0239584  -0.208442 -0.0250322   -0.002397 -0.00131369 -0.00450629   0.020698 -0.0670227  0.0325381 -1.87302 -1.95398 -9.42816 
             124.899 -13.5504  32.0693 -46.5335 -6.94779 -1.39016  1.66195 0 0 0   -0.011 -0.02329  0.04412 -0.0389744  -0.124127 -0.0222775 -0.00240972 -0.00128569 -0.00449614  0.0211337 -0.0672236  0.0324883 -1.87313 -1.95385 -9.42817 
             124.999 -11.4222   32.869 -44.1533 -6.95044 -1.39251  1.66029 0 0 0   -0.011 -0.02329  0.04412 -0.0223439 -0.0622445 -0.0247128 -0.00244999 -0.00124312 -0.00447619 0.0215644 -0.067869 0.0323909 -1.87319 -1.95358 -9.42821 
             125.099 -9.84807  33.5106 -42.0209 -6.94537  -1.3933  1.65855 0 0 0   -0.011 -0.02329  0.04412  0.0390548 -0.0226021 -0.0292235 -0.00245094 -0.00121258 -0.00446606  0.0215288 -0.0684694  0.0321393 -1.87308  -1.9534 -9.42827 
             125.199 -9.07947  33.8741 -40.8853 -6.93973 -1.38931  1.65625 0 0 0   -0.011 -0.02329  0.04412  0.0872915 0.00206542 -0.0449589 -0.00245587 -0.00122171 -0.00444969  0.0218955 -0.0688369  0.0321164 -1.87317 -1.95324 -9.42829 
               125.3 -8.56558  34.1643 -41.5219 -6.92604 -1.38937  1.65163 0 0 0   -0.011 -0.02329  0.04412    0.149016 -0.00905064  -0.0723535 -0.00246003 -0.00122708  -0.0044435  0.0218575 -0.0689618  0.0319438 -1.87312 -1.95323  -9.4283 
             125.399 -8.38223  34.0782  -44.356 -6.91459 -1.38935  1.64381 0 0 0   -0.011 -0.02329  0.04412    0.151297 -0.00883182  -0.0959246 -0.00246711 -0.00123778 -0.00441945  0.0221983 -0.0687819  0.0320649 -1.87327 -1.95325 -9.42826 
               125.5 -8.66133  32.4382 -52.1032 -6.90276  -1.3946   1.6392 0 0 0   -0.011 -0.02329  0.04412   0.150208 -0.0414656 -0.0575118 -0.00248775 -0.00122289 -0.00440371  0.0225247 -0.0683334  0.0318215 -1.87339 -1.95343  -9.4282 
               125.6 -9.23767   30.087 -62.3176 -6.88557 -1.39983  1.63596 0 0 0   -0.011 -0.02329  0.04412   0.167818 -0.0189859  -0.031472 -0.00251748 -0.00116815 -0.00432168  0.0224266 -0.0681972    0.03165 -1.87335 -1.95351 -9.42819 
             125.699  -8.8204  27.8095 -70.2305 -6.85568 -1.40315  1.63817 0 0 0   -0.011 -0.02329  0.04412    0.225533   0.0148813 -0.00636203  -0.0025423 -0.00113654  -0.0043157  0.0218953 -0.0685481  0.0307533 -1.87302 -1.95358 -9.42824 
             125.799 -8.06354  26.2675 -75.4814 -6.82309 -1.40598  1.63648 0 0 0   -0.011 -0.02329  0.04412   0.277969  0.0106136 0.00869854 -0.00255267 -0.00106281 -0.00437169  0.0211449 -0.0686862  0.0305239 -1.87272 -1.95364 -9.42829 
             125.899 -7.6047 25.3732 -79.376 -6.79395 -1.41206  1.63748 0 0 0   -0.011 -0.02329  0.04412   0.237413 0.00875458 -0.0190276 -0.00251527 -0.00100761 -0.00444611  0.0206816 -0.0683273  0.0301358 -1.87259 -1.95388 -9.42827 
                 126 -7.06501  23.9607 -82.9381 -6.76642 -1.40767  1.63092 0 0 0   -0.011 -0.02329  0.04412   0.186074  0.0213202 -0.0374956 -0.00251953 -0.00096105 -0.00450259 0.0204383  -0.06905 0.0302944 -1.87238 -1.95368 -9.42835 
               126.1 -7.15372   21.695 -87.5093 -6.75611 -1.40225   1.6296 0 0 0   -0.011 -0.02329  0.04412   0.0988665   0.0244056 -0.00715024  -0.00248943 -0.000919548  -0.00451682  0.0208245 -0.0688555  0.0304143 -1.87254 -1.95364 -9.42833 
               126.2 -6.72908  19.3592 -91.4681 -6.74708  -1.3969  1.62448 0 0 0   -0.011 -0.02329  0.04412  0.094062 0.0195613 0.0119438  -0.00248997 -0.000881391  -0.00450479  0.0207664 -0.0690242  0.0309556 -1.87251 -1.95349 -9.42836 
             126.301 -5.89042   18.018 -93.1038 -6.73698  -1.3902  1.62289 0 0 0   -0.011 -0.02329  0.04412     0.112405 -0.000976416   0.00892042  -0.00249907 -0.000858968  -0.00452139  0.0210647 -0.0692629  0.0313933 -1.87253 -1.95329  -9.4284 
               126.4 -4.73458  16.9161 -93.8171 -6.72469 -1.39177  1.62135 0 0 0   -0.011 -0.02329  0.04412   0.143968 -0.0329078 -0.0195102  -0.00248075 -0.000851833  -0.00457206 0.0210311 -0.069239 0.0315003 -1.87253 -1.95327 -9.42841 
               126.5 -4.14536  14.9906 -95.7701 -6.70853 -1.39428  1.61511 0 0 0   -0.011 -0.02329  0.04412   0.184705 -0.0496226 -0.0431458  -0.00245764 -0.000860389  -0.00459058  0.0210229 -0.0692935  0.0317979 -1.87251  -1.9532 -9.42843 
             126.599 -4.32737  12.8659 -97.1785 -6.68658 -1.40321   1.6114 0 0 0   -0.011 -0.02329  0.04412  0.242612  -0.11635 -0.039337  -0.00244318 -0.000837879  -0.00457263  0.0209457 -0.0693251  0.0317131 -1.87249 -1.95323 -9.42842 
             126.699 -4.42632  11.9956 -96.2886 -6.65561  -1.4162  1.60694 0 0 0   -0.011 -0.02329  0.04412    0.299607   -0.163199 -0.00977275  -0.00242059 -0.000833302   -0.0045874  0.0209882 -0.0697084  0.0318895 -1.87239 -1.95315 -9.42846 
             126.799 -4.18251  11.3884 -94.7508  -6.621 -1.4376 1.60432 0 0 0   -0.011 -0.02329  0.04412  0.342129 -0.172866 0.0094221  -0.00241031 -0.000854834  -0.00463316  0.0205366 -0.0699295  0.0320298 -1.87227 -1.95321 -9.42847 
               126.9 -4.07456  10.9059 -93.0023 -6.58789 -1.45864  1.60733 0 0 0   -0.011 -0.02329  0.04412  0.375739   -0.1786 0.0365666  -0.00237641 -0.000859328  -0.00464672  0.0202027 -0.0696699  0.0318972 -1.87231 -1.95334 -9.42844 
             126.999 -4.66956  11.2013 -90.2291 -6.54488 -1.47785   1.6103 0 0 0   -0.011 -0.02329  0.04412  0.426084 -0.153798 0.0255196  -0.00237161 -0.000861878  -0.00464439   0.020001 -0.0699599  0.0319126 -1.87222 -1.95337 -9.42845 
             127.099 -6.51621   12.257 -85.2845 -6.49589  -1.4958  1.60551 0 0 0   -0.011 -0.02329  0.04412   0.465891  -0.124681 -0.0367904  -0.00235274 -0.000895366  -0.00467924  0.0195549 -0.0703809  0.0322517 -1.87204 -1.95339 -9.42848 
             127.199 -9.12713  14.4213 -78.6587 -6.44733 -1.50333  1.59633 0 0 0   -0.011 -0.02329  0.04412   0.475878 -0.0692354  -0.115078  -0.00230161 -0.000944818  -0.00471656   0.019716 -0.0705691  0.0324418 -1.87199  -1.9533 -9.42851 
             127.299 -12.6888  19.4912 -69.8021 -6.39795 -1.50395  1.58257 0 0 0   -0.011 -0.02329  0.04412   0.562558 0.00530734  -0.199279  -0.0022924 -0.00101364 -0.00474387  0.0200467 -0.0704606  0.0323712 -1.87207 -1.95324 -9.42851 
             127.399 -17.5505  27.4076 -59.7524  -6.3474 -1.49869  1.56369 0 0 0   -0.011 -0.02329  0.04412   0.49773    0.1468 -0.234025 -0.00223026 -0.00114524 -0.00478464  0.0200118 -0.0699693   0.032077  -1.8722 -1.95336 -9.42845 
             127.499  -19.801  34.2337 -48.9147 -6.29758 -1.47912  1.54033 0 0 0   -0.011 -0.02329  0.04412  0.405073  0.246209 -0.246218 -0.00221387 -0.00129451 -0.00480322  0.0199208 -0.0704102  0.0319279 -1.87208 -1.95333 -9.42848 
             127.599 -19.6394  40.7427 -38.0441 -6.25701 -1.44635  1.51627 0 0 0   -0.011 -0.02329  0.04412  0.323925  0.330507 -0.225905 -0.00227774 -0.00135888 -0.00477411 0.0201664 -0.070948 0.0319206 -1.87202 -1.95316 -9.42853 
               127.7 -17.8739  45.7122 -27.7522 -6.22534 -1.41402  1.49788 0 0 0   -0.011 -0.02329  0.04412  0.240635  0.375492 -0.186857  -0.0023179 -0.00141003 -0.00471243   0.019929 -0.0710055   0.031541 -1.87192 -1.95325 -9.42853 
               127.8 -15.8838  48.1708 -19.8885 -6.19875 -1.37196  1.48383 0 0 0   -0.011 -0.02329  0.04412  0.210219  0.425301 -0.130919 -0.00236144 -0.00148759 -0.00467298  0.0199575 -0.0714622  0.0311488 -1.87183 -1.95316 -9.42857 
               127.9 -13.6868  48.7159 -13.1196 -6.17456 -1.32933  1.46961 0 0 0   -0.011 -0.02329  0.04412  0.212292  0.460314 -0.101906  -0.0023914 -0.00151915 -0.00461207  0.0194653 -0.0715087  0.0312075 -1.87167 -1.95316  -9.4286 
                 128 -11.4287  48.3428 -6.85294 -6.15253 -1.28144  1.45257 0 0 0   -0.011 -0.02329  0.04412   0.24723  0.458154 -0.130186 -0.00240602 -0.00155064 -0.00460139  0.0191905 -0.0717723  0.0316509 -1.87165 -1.95302 -9.42863 
             128.099  -9.08346   48.5848 -0.731799 -6.12768 -1.23153  1.44265 0 0 0   -0.011 -0.02329  0.04412   0.310857   0.457739 -0.0947844 -0.00241091 -0.00155855 -0.00456748  0.0196349 -0.0721134  0.0317184 -1.87182  -1.9529 -9.42862 
             128.199 -6.92199  49.6789  5.19684 -6.09536 -1.19506  1.43427 0 0 0   -0.011 -0.02329  0.04412  0.310767  0.367263 -0.101705 -0.00238042 -0.00160835 -0.00454935 0.0196019 -0.071472 0.0316502 -1.87175 -1.95315 -9.42859 
               128.3 -4.74207  50.0828   10.341 -6.06442 -1.15681  1.42356 0 0 0   -0.011 -0.02329  0.04412  0.323523  0.314343 -0.089592 -0.00238959 -0.00167413 -0.00455804   0.019579 -0.0719591  0.0316256 -1.87179 -1.95296 -9.42862 
               128.4 -3.40917  49.7035  13.9558 -6.03056 -1.12805  1.41596 0 0 0   -0.011 -0.02329  0.04412    0.37688   0.251473 -0.0709432 -0.00239394  -0.0016951 -0.00452616  0.0196631 -0.0720018  0.0317182 -1.87184 -1.95296 -9.42861 
               128.5 -2.43067  48.5779  16.2753  -5.9889 -1.10085   1.4008 0 0 0   -0.011 -0.02329  0.04412  0.440014  0.192853 -0.151217 -0.00241192 -0.00170071 -0.00451488  0.0191567 -0.0725757  0.0318458  -1.8718 -1.95268 -9.42867 
             128.599 -1.70371  47.2683   17.959 -5.94114 -1.08077  1.37932 0 0 0   -0.011 -0.02329  0.04412  0.502824   0.14089 -0.212951 -0.00241273 -0.00168967 -0.00448089 0.0187747 -0.072929 0.0318818 -1.87175 -1.95249 -9.42872 
             128.699 -1.26906  45.9921  19.4269 -5.88374 -1.06759  1.35658 0 0 0   -0.011 -0.02329  0.04412  0.601131 0.0993715 -0.204163 -0.00241456 -0.00169581 -0.00448324  0.0184523 -0.0729402   0.031756 -1.87163 -1.95243 -9.42876 
               128.8 -1.49405  45.3778  18.7159 -5.81665 -1.05723  1.34345 0 0 0   -0.011 -0.02329  0.04412   0.741369  0.0950881 -0.0788713 -0.00239373 -0.00169204 -0.00447899  0.0185996 -0.0730592  0.0315935 -1.87167 -1.95241 -9.42875 
               128.9 -1.54778  45.3479  15.9748 -5.74217 -1.04769  1.34019 0 0 0   -0.011 -0.02329  0.04412   0.699317   0.075722 0.00174795  -0.0023941 -0.00170933  -0.0044672  0.0184872 -0.0731105  0.0315832 -1.87165 -1.95238 -9.42877 
                 129 -2.52345  44.1665  11.3559 -5.67935 -1.04072   1.3418 0 0 0   -0.011 -0.02329  0.04412   0.545571 0.00376069 0.00268064 -0.00241653 -0.00170695 -0.00445251  0.0185167 -0.0733543  0.0313875 -1.87168 -1.95229 -9.42878 
               129.1 -1.99501  41.7966  6.21685 -5.63015 -1.04476  1.34294 0 0 0   -0.011 -0.02329  0.04412   0.428025 -0.0869784  0.0322307 -0.00240603 -0.00167563 -0.00444364  0.0184539 -0.0733595  0.0313798 -1.87166 -1.95228 -9.42878 
               129.2 -0.653593    39.134   1.19775 -5.59723 -1.05837  1.34688 0 0 0   -0.011 -0.02329  0.04412  0.266336 -0.119422 0.0616244 -0.00240484 -0.00163984 -0.00445414  0.0186424 -0.0731238   0.031728 -1.87172  -1.9524 -9.42875 
               129.3 0.522538  35.6917 -3.54735 -5.58436 -1.07169  1.36024 0 0 0   -0.011 -0.02329  0.04412 0.0767231 -0.113782 0.0765096 -0.00238629 -0.00160067 -0.00447826  0.0195769 -0.0731867  0.0315666   -1.872 -1.95254 -9.42866 
               129.4  2.15973  30.6753 -6.73159 -5.58657 -1.08425  1.36906 0 0 0   -0.011 -0.02329  0.04412  -0.110581 -0.0959122   0.102274 -0.00234655 -0.00153152  -0.0045148  0.0196543 -0.0729288  0.0316314 -1.87199 -1.95264 -9.42864 
               129.5  4.72258  24.1799 -9.32976 -5.61127 -1.09367  1.38031 0 0 0   -0.011 -0.02329  0.04412 -0.245414 -0.093949  0.139557 -0.00230919 -0.00149267 -0.00457312  0.0201504 -0.0730289   0.032128 -1.87224 -1.95265 -9.42859 
               129.6  6.92386  16.9899 -12.8478 -5.63957 -1.09258  1.39129 0 0 0   -0.011 -0.02329  0.04412   -0.31167 -0.0114494  0.0961717 -0.00228264 -0.00141837 -0.00459554  0.0199871 -0.0738573  0.0322249  -1.8723 -1.95233 -9.42865 
               129.7  7.56498  9.80964 -14.4918 -5.66868 -1.07988    1.395 0 0 0   -0.011 -0.02329  0.04412 -0.293685   0.10547 0.0387309 -0.00224303 -0.00137114 -0.00463865  0.0196273 -0.0747374  0.0324271 -1.87227 -1.95197 -9.42873 
               129.8  6.92506  3.28511 -14.7641 -5.69342 -1.06277  1.39607 0 0 0   -0.011 -0.02329  0.04412  -0.267971   0.166883 0.00122489 -0.00210733 -0.00132836 -0.00471771  0.0192112 -0.0751425   0.032412 -1.87215  -1.9518 -9.42879 
               129.9  5.80103 -2.34127 -15.8455 -5.71253 -1.04361  1.38738 0 0 0   -0.011 -0.02329  0.04412  -0.216031   0.198656 -0.0380783 -0.00201452 -0.00134548 -0.00478449  0.0183767 -0.0752598   0.032858 -1.87187 -1.95167 -9.42887 
                 130  4.39754  -7.1981 -17.4949 -5.72793 -1.02302  1.38608 0 0 0   -0.011 -0.02329  0.04412  -0.174013   0.216766 -0.0378714  -0.0019703 -0.00136994 -0.00478003  0.0180173 -0.0753511  0.0325664 -1.87174 -1.95166  -9.4289 
               130.1   2.3785 -12.0142 -17.6699 -5.74617 -1.00094  1.38757 0 0 0   -0.011 -0.02329  0.04412 -0.190008    0.2489 -0.050759 -0.00189247 -0.00139714 -0.00477115  0.0181378 -0.0753169  0.0320239  -1.8718 -1.95175 -9.42887 
               130.2 -0.0976034   -17.1151   -17.6176  -5.76524 -0.979436   1.38416 0 0 0   -0.011 -0.02329  0.04412 -0.165048   0.25963 -0.048547 -0.00183756 -0.00141303 -0.00482082   0.018159 -0.0748913  0.0318056 -1.87181 -1.95192 -9.42883 
               130.3 -2.11551  -21.628 -19.9397  -5.78109 -0.958854   1.38222 0 0 0   -0.011 -0.02329  0.04412  -0.142929   0.243361 -0.0513629 -0.00182003  -0.0014549 -0.00484994  0.0181248 -0.0744037   0.031502 -1.87181 -1.95212 -9.42879 
               130.4 -3.07131 -26.1769  -23.381  -5.79392 -0.939187   1.37209 0 0 0   -0.011 -0.02329  0.04412  -0.135085   0.222426 -0.0718192 -0.00177314 -0.00146707 -0.00482478  0.0179685 -0.0739895   0.031883 -1.87169 -1.95223 -9.42879 
               130.5 -3.51292 -30.2663 -26.1909  -5.80646 -0.918474   1.36339 0 0 0   -0.011 -0.02329  0.04412  -0.121954    0.21871 -0.0825293 -0.00174572 -0.00147582 -0.00483845   0.017946 -0.0738487  0.0320049 -1.87165 -1.95227 -9.42879 
               130.6 -3.88537 -34.0813 -28.4257  -5.82069 -0.899427   1.35036 0 0 0   -0.011 -0.02329  0.04412  -0.103448    0.21298 -0.0956095 -0.00171827 -0.00149868 -0.00485315  0.0182881 -0.0734542  0.0323237  -1.8717 -1.95238 -9.42876 
               130.7 -4.20964 -36.9704 -30.4167   -5.8313 -0.884432   1.34198 0 0 0   -0.011 -0.02329  0.04412 -0.0663331   0.182534 -0.0793207 -0.00170791 -0.00151457 -0.00487748  0.0183906 -0.0728584  0.0323286 -1.87172 -1.95258 -9.42871 
               130.8 -4.76314 -39.4844 -31.7782  -5.83514 -0.869561   1.33287 0 0 0   -0.011 -0.02329  0.04412 -0.0496738   0.177952 -0.0915006 -0.00168794 -0.00152893 -0.00489019  0.0181031 -0.0725778   0.032552  -1.8716 -1.95269 -9.42871 
               130.9 -5.20479 -41.4622 -32.5428  -5.83413 -0.858628   1.32258 0 0 0   -0.011 -0.02329  0.04412 -0.00778685     0.13894  -0.0949216 -0.00169051 -0.00156711 -0.00492018  0.0176503 -0.0722441  0.0330362 -1.87137 -1.95285 -9.42872 
             130.999 -5.77118 -42.6855 -32.4866  -5.83753 -0.851764   1.31389 0 0 0   -0.011 -0.02329  0.04412  0.0379356   0.112184 -0.0646795 -0.00168613 -0.00157577 -0.00493706   0.017867 -0.0714508  0.0330605 -1.87146 -1.95309 -9.42866 
             131.099 -6.55323 -42.5235 -32.2774   -5.8385 -0.844319   1.31414 0 0 0   -0.011 -0.02329  0.04412  0.0707783  0.0877388 -0.0206836 -0.00166654 -0.00157777 -0.00494541  0.0179542 -0.0708578  0.0324533 -1.87167 -1.95324 -9.42858 
             131.199 -7.56987 -40.6846 -31.2949  -5.82988 -0.840497   1.31801 0 0 0   -0.011 -0.02329  0.04412  0.142897 0.0785349 0.0130713 -0.00167075  -0.0016262 -0.00495487  0.0176989 -0.0703757  0.0322127 -1.87171 -1.95341 -9.42854 
               131.3 -9.86146 -38.2468 -29.9046  -5.81839 -0.831472    1.3235 0 0 0   -0.011 -0.02329  0.04412  0.18022 0.110234 0.013853 -0.00167051 -0.00169655 -0.00497329  0.0176737 -0.0700193  0.0316428 -1.87188 -1.95348 -9.42849 
               131.4 -12.0704 -34.6137 -29.1543  -5.80088 -0.826063   1.32723 0 0 0   -0.011 -0.02329  0.04412  0.262348 0.0815536 0.0459484 -0.00165816 -0.00170293 -0.00497259  0.0177531 -0.0694003  0.0315862 -1.87196 -1.95366 -9.42844 
               131.5 -14.4688 -27.4531 -28.1369  -5.76769 -0.819844   1.32962 0 0 0   -0.011 -0.02329  0.04412  0.396605 0.0672851 0.0566327 -0.00167793 -0.00175157 -0.00495407 0.0178753 -0.069346 0.0319392  -1.8719 -1.95369 -9.42844 
             131.599 -17.2686 -14.8362 -26.4332  -5.73142 -0.818053   1.33481 0 0 0   -0.011 -0.02329  0.04412  0.503018 0.0430551 0.0226848  -0.0017145  -0.0018027 -0.00493196  0.0184049 -0.0685044  0.0317489 -1.87214  -1.9539 -9.42836 
             131.699 -19.5418  2.40062 -23.0394  -5.68453 -0.812804   1.33274 0 0 0   -0.011 -0.02329  0.04412  0.511975 0.0465347 -0.116087 -0.00178456 -0.00186924 -0.00491566  0.0187624 -0.0683158  0.0312761 -1.87235 -1.95389 -9.42831 
               131.8 -19.3961  19.5576  -16.694  -5.63881 -0.807836   1.31052 0 0 0   -0.011 -0.02329  0.04412 0.403393 0.128493 -0.25217 -0.00188689 -0.00191017 -0.00491531   0.018941 -0.0680589  0.0316645 -1.87234 -1.95398  -9.4283 
               131.9  -17.267  32.5124 -8.55353   -5.6045 -0.791922   1.28739 0 0 0   -0.011 -0.02329  0.04412  0.300218  0.214738 -0.282544 -0.00200088 -0.00189885 -0.00491448  0.0188004 -0.0678489   0.031342 -1.87236 -1.95405 -9.42828 
             131.999  -13.7619   41.1254 0.0667133   -5.5792 -0.772283   1.26147 0 0 0   -0.011 -0.02329  0.04412  0.235016  0.245357 -0.219233 -0.00209411 -0.00185221 -0.00486001  0.0188073 -0.0674549  0.0314684 -1.87236 -1.95418 -9.42825 
             132.099 -9.74428  44.7748  7.39866  -5.55462 -0.753665   1.24584 0 0 0   -0.011 -0.02329  0.04412  0.226659  0.237232 -0.134406 -0.00216873 -0.00181631 -0.00479744  0.0184348 -0.0668521    0.03145 -1.87221 -1.95439 -9.42824 
               132.2 -6.9082 45.2606  11.308  -5.52984 -0.729152   1.22889 0 0 0   -0.011 -0.02329  0.04412  0.29422  0.25112 -0.19403 -0.00222076 -0.00175421 -0.00471922  0.0184456 -0.0669095  0.0316265 -1.87223 -1.95437 -9.42824 
               132.3 -5.06094    45.77  12.7547  -5.49185 -0.697113    1.2047 0 0 0   -0.011 -0.02329  0.04412  0.387358  0.289308 -0.269528 -0.00226019 -0.00170805 -0.00463611  0.0180943 -0.0673924  0.0312675 -1.87213 -1.95416  -9.4283 
               132.4 -3.34507  45.9355  13.3615  -5.44969 -0.668259    1.1788 0 0 0   -0.011 -0.02329  0.04412  0.453786  0.310733 -0.275355 -0.00225848 -0.00170593 -0.00457907   0.018219 -0.0672679  0.0310994 -1.87213 -1.95422 -9.42829 
               132.5 -2.07384  45.3418  14.5049  -5.40663 -0.629233   1.15601 0 0 0   -0.011 -0.02329  0.04412   0.51201  0.453275 -0.201486 -0.00228274 -0.00172391 -0.00457365  0.0187484 -0.0677117  0.0311905 -1.87236 -1.95416 -9.42826 
             132.599 -1.91608  44.8953  15.5761   -5.3535 -0.574292   1.14289 0 0 0   -0.011 -0.02329  0.04412   0.555134   0.539358 -0.0665617 -0.00226935 -0.00168191 -0.00457678  0.0187469 -0.0682317  0.0311094 -1.87245 -1.95399 -9.42827 
               132.7 -1.38799  44.7068  16.2437  -5.30409 -0.516942   1.13483 0 0 0   -0.011 -0.02329  0.04412   0.43794  0.508387 -0.083664 -0.00223081 -0.00168928 -0.00457699   0.018623 -0.0687612  0.0311723 -1.87253 -1.95381 -9.42829 
               132.8 -0.728526   44.8231   17.4157  -5.26833 -0.463257   1.12717 0 0 0   -0.011 -0.02329  0.04412   0.361024   0.503956 -0.0874608 -0.00224022 -0.00169642  -0.0045636  0.0189977 -0.0692562  0.0312548 -1.87274 -1.95373 -9.42827 
               132.9 0.587555  45.2855  18.9914  -5.23113 -0.417976   1.12121 0 0 0   -0.011 -0.02329  0.04412   0.323022    0.47382 -0.0718741 -0.00222855 -0.00169899 -0.00456363  0.0189788 -0.0687878  0.0310249  -1.8726 -1.95386 -9.42827 
             132.999 1.43142  44.557 20.5241  -5.20122 -0.371889   1.10796 0 0 0   -0.011 -0.02329  0.04412   0.27611  0.487255 -0.165176  -0.0022204 -0.00169737 -0.00456108 0.0188271 -0.068566  0.031242 -1.87255 -1.95391 -9.42827 
               133.1 1.59878 43.3384 21.8782  -5.17644 -0.319722   1.08416 0 0 0   -0.011 -0.02329  0.04412  0.240238  0.520701 -0.264679 -0.00223035 -0.00169128 -0.00455568 0.0186971 -0.068804 0.0314136 -1.87259 -1.95381 -9.42828 
               133.2 2.30062 41.7295 23.5257  -5.15309 -0.263584   1.05899 0 0 0   -0.011 -0.02329  0.04412  0.250433  0.577053 -0.243837  -0.0022179 -0.00169678 -0.00456415  0.0187672 -0.0690685  0.0313364 -1.87265 -1.95375 -9.42828 
             133.299 2.95574 40.2592 25.2058  -5.12432 -0.198935   1.03575 0 0 0   -0.011 -0.02329  0.04412  0.318326  0.663684 -0.141223 -0.00219824 -0.00169555 -0.00455887   0.018441 -0.0692264  0.0314398 -1.87261 -1.95364 -9.42831 
               133.4  3.9514 39.4203 26.0748  -5.09424 -0.130614   1.02613 0 0 0   -0.011 -0.02329  0.04412    0.34478   0.645288 -0.0672559 -0.00218611 -0.00170854  -0.0045625  0.0186792 -0.0696318  0.0318804 -1.87282 -1.95357 -9.42829 
               133.5 4.01354 38.0062 25.5159   -5.05613 -0.0680708    1.01515 0 0 0   -0.011 -0.02329  0.04412  0.373553  0.580928 -0.126798 -0.00218576 -0.00171247 -0.00455877  0.0182775 -0.0696194  0.0317109 -1.87269 -1.95349 -9.42833 
               133.6 3.69285 37.1702 25.1671   -5.01206 -0.0107543   0.999084 0 0 0   -0.011 -0.02329  0.04412  0.439087  0.526472 -0.138836 -0.00215747 -0.00169781  -0.0045413  0.0177194 -0.0695392   0.031719 -1.87253  -1.9534 -9.42838 
               133.7 3.88809 36.9379 25.0962  -4.96869 0.0417454   0.98332 0 0 0   -0.011 -0.02329  0.04412  0.481924  0.468466 -0.224602  -0.0021554 -0.00171972 -0.00454001   0.017936 -0.0699782  0.0317162 -1.87268 -1.95332 -9.42837 
               133.8 4.01604 36.8055 24.3088  -4.91992 0.0823826  0.957375 0 0 0   -0.011 -0.02329  0.04412  0.519001   0.39783 -0.317144 -0.00214228 -0.00172388 -0.00453108  0.0182566 -0.0697477  0.0317439 -1.87272 -1.95345 -9.42833 
               133.9 4.47097 35.7635  23.915 -4.86663 0.120432 0.928437 0 0 0   -0.011 -0.02329  0.04412  0.581615  0.356156 -0.303617 -0.00216905 -0.00173242 -0.00452985  0.0185145 -0.0699329   0.031498  -1.8728 -1.95345 -9.42831 
                 134 5.39674 34.3901 23.7851 -4.80353 0.156967 0.906585 0 0 0   -0.011 -0.02329  0.04412  0.707463  0.395321 -0.172534 -0.00216171 -0.00171543 -0.00452607  0.0187836 -0.0700112  0.0312341 -1.87286 -1.95349  -9.4283 
             134.099 5.61197  34.287 23.5595 -4.72976 0.201296 0.897511 0 0 0   -0.011 -0.02329  0.04412   0.753962   0.458243 -0.0812831 -0.00214845 -0.00171188 -0.00454846  0.0190361 -0.0701212  0.0310078 -1.87293 -1.95351 -9.42828 
               134.2 6.62072 34.8939 24.0269 -4.65514 0.241761 0.882972 0 0 0   -0.011 -0.02329  0.04412  0.661478  0.410885 -0.115266  -0.0021139 -0.00171066  -0.0045392  0.0186108 -0.0695867  0.0314141 -1.87274 -1.95357  -9.4283 
               134.3 7.13046 35.1797 23.6891 -4.59163 0.289134 0.868965 0 0 0   -0.011 -0.02329  0.04412  0.633939  0.470693 -0.176534 -0.00214043  -0.0017163 -0.00455076  0.0184518 -0.0700602  0.0313483 -1.87279 -1.95341 -9.42833 
               134.4 6.35929 37.6397 22.3396 -4.53106 0.336595 0.844798 0 0 0   -0.011 -0.02329  0.04412   0.61066  0.479064 -0.249746 -0.00213741 -0.00170556 -0.00455041  0.0184718 -0.0700729  0.0318103 -1.87284 -1.95339 -9.42832 
             134.499 5.44334 39.4352  20.351 -4.46908 0.387877 0.811691 0 0 0   -0.011 -0.02329  0.04412   0.58908  0.476885 -0.349833 -0.00213848 -0.00172655 -0.00452716  0.0178667 -0.0703232   0.031981 -1.87275  -1.9532 -9.42838 
               134.6 3.61556 41.3173 16.4966 -4.40634 0.441824 0.771382 0 0 0   -0.011 -0.02329  0.04412  0.646909  0.531625 -0.454125 -0.00216683 -0.00169681 -0.00452286  0.0175744 -0.0706985  0.0318045 -1.87273 -1.95304 -9.42841 
               134.7 1.15112 43.9935 10.5333 -4.33934 0.492942  0.72525 0 0 0   -0.011 -0.02329  0.04412   0.69384  0.513109 -0.439067  -0.0021936 -0.00168573 -0.00449565  0.0175986 -0.0705311   0.031879 -1.87271 -1.95309 -9.42841 
               134.8 -0.479276   45.6756   3.19397 -4.26439 0.544977 0.690214 0 0 0   -0.011 -0.02329  0.04412  0.784031  0.500696 -0.267174 -0.00223714 -0.00168683 -0.00447379  0.0175614 -0.0705879  0.0317385  -1.8727 -1.95307 -9.42841 
               134.9 -2.46604  46.9591 -4.49219 -4.18889 0.591366 0.673612 0 0 0   -0.011 -0.02329  0.04412  0.708898  0.452761 -0.167798 -0.00229661 -0.00164808 -0.00448571  0.0180399 -0.0704982  0.0313514 -1.87276 -1.95319 -9.42838 
                 135 -4.47771  46.6701 -9.96009 -4.12392 0.628548 0.658189 0 0 0   -0.011 -0.02329  0.04412  0.648648  0.367641 -0.145755  -0.0023247 -0.00159651 -0.00447988 0.0182812 -0.070117 0.0315673  -1.8728 -1.95333 -9.42834 
               135.1 -6.04169  47.0063 -13.4847 -4.05729 0.661011 0.638003 0 0 0   -0.011 -0.02329  0.04412  0.619661  0.296761 -0.175838 -0.00229531 -0.00150329 -0.00453276  0.0176976 -0.0699192  0.0317244 -1.87264 -1.95331 -9.42838 
               135.2 -6.39774  47.0438 -15.8798 -3.99832 0.684914  0.61671 0 0 0   -0.011 -0.02329  0.04412   0.58859  0.215979 -0.266224 -0.00226485 -0.00150388 -0.00456551 0.0177778 -0.069707 0.0317762 -1.87265 -1.95338 -9.42836 
               135.3 -6.28266  47.0633 -18.0688 -3.93974 0.710506 0.586079 0 0 0   -0.011 -0.02329  0.04412  0.623239  0.175157 -0.340473 -0.00228856 -0.00148206 -0.00459392 0.0179544 -0.070352 0.0318481 -1.87275 -1.95319 -9.42838 
               135.4 -5.45877  46.7729 -19.2848 -3.87845 0.729631 0.555315 0 0 0   -0.011 -0.02329  0.04412  0.690995  0.161121 -0.266092 -0.00227911 -0.00146946 -0.00459104   0.018331 -0.0706403  0.0321837 -1.87292  -1.9531 -9.42836 
               135.5  -4.0862  45.1217 -19.5792 -3.80115 0.750575 0.534565 0 0 0   -0.011 -0.02329  0.04412   0.777823   0.179337 -0.0848494 -0.00229391 -0.00145987 -0.00461783  0.0179564 -0.0712045   0.032217 -1.87285 -1.95291 -9.42842 
               135.6 -2.80057  42.1865 -19.0523 -3.72878 0.774764 0.533068 0 0 0   -0.011 -0.02329  0.04412  0.661164  0.246603 0.0613005 -0.00227998 -0.00144491 -0.00461768  0.0180005 -0.0715282  0.0324507  -1.8729 -1.95279 -9.42843 
               135.7 -0.809796   38.2314  -16.7679 -3.66659 0.800372 0.542006 0 0 0   -0.011 -0.02329  0.04412  0.534582   0.28565 0.0610991 -0.00224542 -0.00141132 -0.00463904   0.017916 -0.0714609  0.0319982 -1.87281 -1.95286 -9.42844 
               135.8 0.634196  35.4263 -14.4864 -3.61584 0.834013 0.543189 0 0 0   -0.011 -0.02329  0.04412   0.480464   0.348203 -0.0188038 -0.00221092 -0.00140664 -0.00467028   0.017854 -0.0717104  0.0321789 -1.87282 -1.95276 -9.42845 
               135.9 0.280757  32.8498 -12.9014 -3.56975 0.875679 0.538887 0 0 0   -0.011 -0.02329  0.04412   0.422458    0.40074 -0.0940216 -0.00217312 -0.00142395 -0.00467455   0.017954 -0.0721383  0.0320955 -1.87283 -1.95265 -9.42848 
                 136 -0.332438   30.3251  -11.3986 -3.53572 0.917393 0.521023 0 0 0   -0.011 -0.02329  0.04412 0.376721  0.41226 -0.20411 -0.00212343 -0.00144349 -0.00467218  0.0181866 -0.0721198  0.0328403 -1.87299 -1.95257 -9.42846 
               136.1 -0.371835   28.4019  -10.1863 -3.49746 0.956088 0.494238 0 0 0   -0.011 -0.02329  0.04412 0.384696 0.419511 -0.26735 -0.00210325 -0.00145377  -0.0046737  0.0178837 -0.0718065  0.0330413 -1.87292 -1.95263 -9.42846 
               136.2 0.167201  27.0309 -9.67802 -3.45553 0.998345 0.467163 0 0 0   -0.011 -0.02329  0.04412  0.446195  0.477738 -0.237728  -0.0020906 -0.00149622 -0.00466802  0.0177329 -0.0716417  0.0330519 -1.87287 -1.95267 -9.42846 
               136.3 0.774178  25.6555 -7.84661 -3.40297  1.05401 0.444901 0 0 0   -0.011 -0.02329  0.04412  0.524471  0.528057 -0.129712 -0.00210839 -0.00151143 -0.00466272  0.0171575 -0.0721582  0.0331979 -1.87273 -1.95249 -9.42853 
               136.4  2.33264  24.6568 -7.41028 -3.34837  1.10926  0.43602 0 0 0   -0.011 -0.02329  0.04412    0.51832   0.515702 -0.0485779 -0.00210142 -0.00151334 -0.00469122  0.0169883 -0.0724632  0.0332599 -1.87269 -1.95238 -9.42856 
               136.5  2.81536  23.9624 -8.22271 -3.30097  1.15467 0.432591 0 0 0   -0.011 -0.02329  0.04412   0.414553   0.384881 -0.0568786 -0.00211954 -0.00152735 -0.00465902 0.0170257  -0.07239 0.0330355 -1.87269 -1.95243 -9.42855 
               136.6  3.33477  23.6647 -9.52323 -3.26066  1.18634 0.429211 0 0 0   -0.011 -0.02329  0.04412   0.333672   0.231023 -0.0410325 -0.00211169 -0.00151952  -0.0046452  0.0167698 -0.0725412  0.0327047  -1.8726  -1.9524 -9.42857 
               136.7  3.30856  24.0473 -10.9947 -3.22679  1.19881 0.425544 0 0 0   -0.011 -0.02329  0.04412   0.303264   0.118653 -0.0233485 -0.00209267 -0.00150969 -0.00464041  0.0164285 -0.0719606  0.0326259 -1.87246 -1.95256 -9.42857 
               136.8  2.52006  25.1425 -13.2861 -3.19292   1.2047 0.421324 0 0 0   -0.011 -0.02329  0.04412   0.365887  0.0153971 -0.0934157 -0.00210718 -0.00148459  -0.0046385  0.0163441 -0.0718898  0.0324753 -1.87243  -1.9526 -9.42857 
             136.899  1.19626  27.4107 -16.9584 -3.16069   1.2015 0.410476 0 0 0   -0.011 -0.02329  0.04412    0.308258 -0.00420554   -0.136485 -0.00208811 -0.00150123 -0.00462869  0.0166892 -0.0715717  0.0323521 -1.87251 -1.95271 -9.42852 
             137.001 -0.192504     27.56  -20.0213 -3.13167  1.19957 0.397459 0 0 0   -0.011 -0.02329  0.04412   0.276198 -0.0355173  -0.117687 -0.00210992 -0.00149765 -0.00461781   0.016584 -0.0715085  0.0323445 -1.87248 -1.95273 -9.42853 
               137.1 -1.50887  26.8763 -22.9378 -3.10442  1.19465 0.379179 0 0 0   -0.011 -0.02329  0.04412   0.285007 -0.0969206  -0.140515 -0.00213078 -0.00144668 -0.00463655  0.0163775 -0.0716386  0.0329311 -1.87244 -1.95262 -9.42856 
               137.2 -2.88871  26.0284 -24.2176 -3.08207  1.18539 0.372151 0 0 0   -0.011 -0.02329  0.04412   0.251799  -0.143408 -0.0909964 -0.00212947 -0.00145176 -0.00463771  0.0172451 -0.0718286  0.0325814 -1.87269 -1.95262 -9.42851 
               137.3 -3.37521  22.3338 -24.7418 -3.05395  1.16516 0.365002 0 0 0   -0.011 -0.02329  0.04412    0.36572  -0.254266 -0.0371207 -0.00211384 -0.00143442 -0.00465637   0.017303 -0.0716576  0.0326841 -1.87271 -1.95265  -9.4285 
               137.4 -4.57655  16.8389 -26.3139 -3.00934  1.14081 0.359624 0 0 0   -0.011 -0.02329  0.04412   0.458273  -0.297511 -0.0286838 -0.00211918 -0.00139272 -0.00468026  0.0169632 -0.0720826  0.0328788 -1.87261 -1.95252 -9.42855 
               137.5 -5.57439   9.1511 -28.1794 -2.96066  1.11004 0.360825 0 0 0   -0.011 -0.02329  0.04412  0.521259 -0.361071 0.0542401 -0.00208368 -0.00136841  -0.0046749  0.0170323 -0.0723376  0.0328316 -1.87262 -1.95245 -9.42856 
               137.6 -6.12605   3.8322  -28.915 -2.90212  1.07057 0.380073 0 0 0   -0.011 -0.02329  0.04412 0.611236 -0.35853 0.214531  -0.0020344 -0.00132568 -0.00468698  0.0169492 -0.0720072  0.0324224  -1.8726 -1.95259 -9.42853 
               137.7 -6.94921  4.46798 -30.2449 -2.83556  1.03743  0.39026 0 0 0   -0.011 -0.02329  0.04412 0.573671 -0.28579 0.101376 -0.00199055 -0.00134434  -0.0047483  0.0161123 -0.0723623  0.0329269 -1.87235  -1.9525  -9.4286 
               137.8 -7.28666  6.31846 -32.1127 -2.78391  1.01412 0.400823 0 0 0   -0.011 -0.02329  0.04412  0.464519 -0.196296 0.0229904 -0.00196142  -0.0015155 -0.00475704  0.0162755 -0.0724194   0.032449  -1.8724 -1.95251 -9.42859 
               137.9 -7.54948   7.8896 -33.4348 -2.74479   1.0011 0.397533 0 0 0   -0.011 -0.02329  0.04412   0.405276  -0.110955 -0.0530529  -0.0019867 -0.00156706 -0.00474219   0.016809 -0.0723752  0.0326906 -1.87254 -1.95246 -9.42857 
             138.001 -7.01265  8.99453 -34.9134    -2.71 0.987546  0.39403 0 0 0   -0.011 -0.02329  0.04412   0.359012  -0.111721 -0.0689232 -0.00199998  -0.0015673 -0.00475429  0.0169777 -0.0719765  0.0324312 -1.87263 -1.95256 -9.42853 
               138.1 -5.85494  9.37883 -36.1114 -2.67333 0.973869 0.386599 0 0 0   -0.011 -0.02329  0.04412   0.372501  -0.105434 -0.0794079 -0.00200424 -0.00154234 -0.00474072  0.0167037 -0.0717038  0.0324265 -1.87258 -1.95266 -9.42852 
               138.2  -5.0848  9.37495 -38.1014 -2.62873 0.964657  0.37735 0 0 0   -0.011 -0.02329  0.04412   0.440163 -0.0983084  -0.123331 -0.00204064  -0.0015318 -0.00474656  0.0163303 -0.0720509  0.0323113 -1.87245 -1.95262 -9.42856 
               138.3 -5.49822  10.0636 -42.0781  -2.5844 0.957747 0.358429 0 0 0   -0.011 -0.02329  0.04412   0.478991 -0.0981489  -0.182347 -0.00204156 -0.00151178 -0.00473644  0.0166557 -0.0722352  0.0327416  -1.8725 -1.95251 -9.42857 
               138.4 -4.88957  10.8711 -47.3804 -2.53506 0.942855 0.333555 0 0 0   -0.011 -0.02329  0.04412  0.516704  -0.14999 -0.233139  -0.0020333 -0.00150669 -0.00471798  0.0164638 -0.0720351  0.0331737 -1.87245 -1.95255 -9.42857 
             138.501 -1.48033  10.7597 -55.4618 -2.48254 0.923353 0.309412 0 0 0   -0.011 -0.02329  0.04412  0.542735 -0.151444 -0.241314 -0.00205666 -0.00150654 -0.00469185  0.0162725 -0.0716461  0.0331277 -1.87245 -1.95267 -9.42855 
             138.601  3.43234   8.6688 -68.9451 -2.42982 0.907072 0.292458 0 0 0   -0.011 -0.02329  0.04412  0.546255 -0.127956 -0.132664 -0.00212792 -0.00146304  -0.0046739  0.0161829 -0.0713643  0.0328203 -1.87248 -1.95277 -9.42852 
               138.7  5.68528  8.43885 -84.6654 -2.37607 0.892157 0.284484 0 0 0   -0.011 -0.02329  0.04412    0.53358  -0.164641 -0.0577784 -0.00220592  -0.0013412 -0.00461214   0.016178 -0.0711733  0.0328646 -1.87251  -1.9528 -9.42851 
               138.8  4.99075  10.7061 -95.2513 -2.32495 0.883379 0.280615 0 0 0   -0.011 -0.02329  0.04412   0.423533  -0.143243 -0.0525944 -0.00218979   -0.001265 -0.00461566  0.0166638 -0.0718226  0.0327222 -1.87248 -1.95262 -9.42855 
               138.9   4.0473  13.7119 -98.7374 -2.28961 0.872678 0.274199 0 0 0   -0.011 -0.02329  0.04412   0.338425  -0.167772 -0.0508621 -0.00211673 -0.00128451 -0.00475068  0.0171966 -0.0716919  0.0329947 -1.87255 -1.95246 -9.42857 
                 139   3.3117  16.1929 -97.1623 -2.25667 0.852427  0.27034 0 0 0   -0.011 -0.02329  0.04412   0.295719  -0.172661 -0.0524159 -0.00212368 -0.00129032 -0.00492112  0.0168625 -0.0718002  0.0327741 -1.87253 -1.95258 -9.42855 
               139.1  3.43758  16.3895 -94.4184 -2.22501 0.830584 0.264291 0 0 0   -0.011 -0.02329  0.04412  0.236621 -0.226056 -0.049025 -0.00211081 -0.00127723 -0.00504343  0.0165074 -0.0723685  0.0328759 -1.87239 -1.95269 -9.42855 
               139.2  3.89051  16.0501 -93.6599 -2.20318 0.803055 0.258446 0 0 0   -0.011 -0.02329  0.04412   0.189805  -0.336539 -0.0512331 -0.00213477 -0.00125416  -0.0050603  0.0165267 -0.0724655  0.0329769 -1.87235 -1.95268 -9.42856 
               139.3  4.03733  15.6757 -93.0596 -2.18241 0.765566 0.255126 0 0 0   -0.011 -0.02329  0.04412   0.166076  -0.401582 -0.0159627 -0.00216215 -0.00124179 -0.00503184  0.0165464 -0.0728128  0.0329424 -1.87228 -1.95272 -9.42857 
               139.4   4.8464  15.0164 -90.9271 -2.16937 0.718718 0.260819 0 0 0   -0.011 -0.02329  0.04412   0.10797 -0.484803  0.123264 -0.00215012 -0.00123754 -0.00502887  0.0163233 -0.0728114  0.0326645 -1.87232  -1.9528 -9.42854 
               139.5  6.89778  15.5424 -90.0346 -2.15883 0.668351 0.281249 0 0 0   -0.011 -0.02329  0.04412 0.0852664 -0.527009  0.256048 -0.00215254 -0.00125052 -0.00502339 0.0164646 -0.072885 0.0326487  -1.8723 -1.95278 -9.42855 
               139.6  8.76866  16.3642 -91.6918 -2.15665 0.613535 0.304858 0 0 0   -0.011 -0.02329  0.04412 0.0171691 -0.499735  0.174824 -0.00215974 -0.00124577 -0.00501956  0.0161402 -0.0725736  0.0324603 -1.87241 -1.95285 -9.42852 
             139.701  10.4157  16.5063 -97.1311 -2.15843  0.56108 0.313538 0 0 0   -0.011 -0.02329  0.04412 -0.0332912  -0.503063   0.058801 -0.00217327 -0.00122314 -0.00498906   0.015749 -0.0725055  0.0326382 -1.87241 -1.95291 -9.42851 
             139.801  11.2951  18.4181 -104.141 -2.16038  0.51505 0.311577 0 0 0   -0.011 -0.02329  0.04412 -0.0577361  -0.450921  0.0230227 -0.00220639 -0.00117687 -0.00494336  0.0158213 -0.0726448   0.033413 -1.87227 -1.95279 -9.42856 
               139.9  12.2669  20.0154 -111.574 -2.17084 0.466759 0.314185 0 0 0   -0.011 -0.02329  0.04412  -0.0935509   -0.409818 -0.00121166 -0.00220442 -0.00114819 -0.00492371  0.0152925 -0.0724624  0.0330934 -1.87237 -1.95294 -9.42851 
             140.001  13.3372  21.5491 -120.172 -2.17713 0.429295 0.316678 0 0 0   -0.011 -0.02329  0.04412 -0.075595 -0.389543 -0.022236 -0.00223301 -0.00111007 -0.00494777  0.0156915 -0.0727567  0.0327847 -1.87234 -1.95293 -9.42852 
               140.1  14.2193  23.0584 -128.578 -2.17521 0.391014 0.315025 0 0 0   -0.011 -0.02329  0.04412  0.0172881  -0.384492 -0.0250626 -0.00228095 -0.00105156 -0.00492216  0.0158932 -0.0733532  0.0328169  -1.8722 -1.95297 -9.42853 
               140.2  15.4388  23.6848 -135.128 -2.16747 0.347152 0.310649 0 0 0   -0.011 -0.02329  0.04412  0.0999057  -0.420139 -0.0244274 -0.00229722 -0.00100899 -0.00496719  0.0154908 -0.0737411   0.033012 -1.87213  -1.9531 -9.42852 
             140.301 17.0265 24.3034 -140.46 -2.14675 0.305897 0.308745 0 0 0   -0.011 -0.02329  0.04412     0.201235    -0.460128 -0.000958477  -0.00230796 -0.000958751  -0.00503565  0.0159871 -0.0741516  0.0332657 -1.87195 -1.95308 -9.42856 
               140.4  19.3953  25.1738 -144.684 -2.12462 0.257869 0.311663 0 0 0   -0.011 -0.02329  0.04412  0.243977 -0.468007  0.076221  -0.00231441 -0.000931564  -0.00508407  0.0158255 -0.0742168   0.033298 -1.87196 -1.95312 -9.42855 
               140.5  21.5465  26.4323 -148.377 -2.10117 0.206502 0.317574 0 0 0   -0.011 -0.02329  0.04412  0.238338 -0.500991  0.135734  -0.00232395 -0.000882102  -0.00511613  0.0153314 -0.0742266  0.0337524 -1.87195 -1.95314 -9.42855 
             140.601 22.2661 26.7799  -151.7 -2.07898 0.154973 0.332921 0 0 0   -0.011 -0.02329  0.04412  0.184821 -0.487701  0.142893  -0.00232741 -0.000855991  -0.00513386  0.0152831 -0.0744828  0.0336683 -1.87196 -1.95322 -9.42853 
             140.701  21.9406  27.1157 -154.829 -2.06618 0.102453 0.344564 0 0 0   -0.011 -0.02329  0.04412  0.045837 -0.509611  0.106915  -0.00231263 -0.000809857  -0.00513868  0.0151767 -0.0747161  0.0338408 -1.87194 -1.95329 -9.42852 
             140.801  21.6205  28.3437 -157.366  -2.06496 0.0545651  0.354833 0 0 0   -0.011 -0.02329  0.04412 -0.063691 -0.451244   0.07551 -0.00229346   -0.000798 -0.00516711 0.0154308 -0.074799 0.0338491 -1.87188 -1.95331 -9.42853 
             140.901  21.8348  29.2269 -160.244   -2.07332 0.00974712   0.362373 0 0 0   -0.011 -0.02329  0.04412 -0.172086 -0.461148 0.0467099  -0.00228448 -0.000819215  -0.00516057  0.0157934 -0.0749703  0.0339003 -1.87179 -1.95336 -9.42853 
                 141  21.8108  29.8166 -162.393   -2.10184 -0.0430135   0.365753 0 0 0   -0.011 -0.02329  0.04412  -0.31901  -0.48832 0.0230266  -0.00230025 -0.000778619  -0.00515666  0.0152193 -0.0753996  0.0337102 -1.87198 -1.95349 -9.42847 
               141.1  22.5818  30.3439 -163.664   -2.14095 -0.0937421   0.370069 0 0 0   -0.011 -0.02329  0.04412 -0.459693 -0.461039 0.0821345  -0.00230465 -0.000766392  -0.00516795 0.0150986  -0.07571 0.0336887 -1.87203 -1.95358 -9.42844 
               141.2  24.2334  31.9548 -164.964  -2.19417 -0.143056  0.390902 0 0 0   -0.011 -0.02329  0.04412 -0.515804 -0.414642  0.250081  -0.00230176 -0.000758122  -0.00518922  0.0149705 -0.0764567  0.0332667  -1.8722 -1.95379 -9.42837 
               141.3  25.8138  33.8319 -166.679  -2.24257 -0.182053  0.414764 0 0 0   -0.011 -0.02329  0.04412 -0.428625  -0.37702  0.259357  -0.00232675 -0.000763768  -0.00517578  0.0147748 -0.0762837  0.0335466 -1.87216 -1.95374 -9.42838 
               141.4  26.6746  35.2284 -169.061   -2.2793 -0.221417  0.435667 0 0 0   -0.011 -0.02329  0.04412 -0.337149 -0.380639  0.160839  -0.00232972 -0.000734283  -0.00517296  0.0147951 -0.0764555    0.03372 -1.87213  -1.9538 -9.42838 
               141.5  27.2885  37.1703 -170.469  -2.30456 -0.263862  0.450193 0 0 0   -0.011 -0.02329  0.04412 -0.253976 -0.389067  0.128844  -0.00234711 -0.000717186  -0.00517473   0.015251 -0.0768682  0.0341038 -1.87198 -1.95397 -9.42837 
             141.601   27.792  38.6344 -171.826  -2.32295 -0.302874  0.460061 0 0 0   -0.011 -0.02329  0.04412 -0.153822 -0.357282 0.0776438  -0.00233135 -0.000707811  -0.00518491  0.0153377 -0.0770096  0.0343889 -1.87191 -1.95404 -9.42837 
             141.701  28.0471  40.3976 -175.077  -2.33333 -0.339322  0.461455 0 0 0   -0.011 -0.02329  0.04412 -0.0710295  -0.345924 -0.0218493 -0.00233023 -0.00068266 -0.00518712  0.0152814 -0.0770545  0.0346877 -1.87185 -1.95407 -9.42837 
             141.801  28.7781  43.3207 -179.037  -2.33299 -0.378199  0.457353 0 0 0   -0.011 -0.02329  0.04412  0.0968369  -0.343444 -0.0347428  -0.00237039 -0.000673344  -0.00517132  0.0153252 -0.0774958  0.0349002 -1.87185 -1.95422 -9.42834 
             141.901 29.3569 44.5439 174.729  -2.31573 -0.414748  0.457821 0 0 0   -0.011 -0.02329  0.04412  0.285095 -0.363263 0.0144422  -0.00239611 -0.000648962  -0.00514716  0.0152303 -0.0777773  0.0347218 -1.87195 -1.95427 -9.42831 
                 142 30.5926 44.9129 168.704  -2.28481 -0.453528  0.462713 0 0 0   -0.011 -0.02329  0.04412  0.307074 -0.384516 0.0656657  -0.00242362 -0.000596009   -0.0051533  0.0153575 -0.0779694   0.034648 -1.87198 -1.95433  -9.4283 
               142.1 31.6523 45.9906 165.253  -2.26068 -0.495787  0.472112 0 0 0   -0.011 -0.02329  0.04412  0.266303 -0.366358   0.11897  -0.00245239 -0.000542328  -0.00518618 0.0149568   -0.0786 0.0346322 -1.87217 -1.95445 -9.42823 
             142.201 32.8172 45.8615 164.088  -2.23508 -0.531945  0.485372 0 0 0   -0.011 -0.02329  0.04412  0.292609 -0.301271  0.102609  -0.00243055 -0.000529654  -0.00521185  0.0149401 -0.0789919  0.0345244 -1.87227 -1.95453  -9.4282 
               142.3 34.0331 44.7006  163.59  -2.20966 -0.559782  0.491521 0 0 0   -0.011 -0.02329  0.04412  0.281173 -0.251477 0.0519923  -0.00240247 -0.000480695  -0.00526562 0.0145139 -0.079197 0.0344492 -1.87241 -1.95451 -9.42817 
               142.4 32.6222 43.9324 161.281  -2.17836 -0.588357  0.492943 0 0 0   -0.011 -0.02329  0.04412  0.299283 -0.224193 0.0347895  -0.00240851 -0.000471454  -0.00528187  0.0145164 -0.0792807  0.0351324  -1.8723 -1.95464 -9.42817 
             142.501 30.7594 42.8816 159.175  -2.14591 -0.614922  0.501706 0 0 0   -0.011 -0.02329  0.04412  0.324498 -0.184174 0.0323105 -0.00237183 -0.00044683 -0.00526116  0.0152813 -0.0799108  0.0352509 -1.87232 -1.95492 -9.42811 
               142.6 30.0899 41.4529 158.663 -2.10839 -0.63125  0.50139 0 0 0   -0.011 -0.02329  0.04412   0.35436 -0.137283  -0.01672  -0.00233901 -0.000442479  -0.00527264 0.0153882 -0.079616 0.0355274 -1.87218 -1.95493 -9.42813 
               142.7 29.6089 40.8632 158.841  -2.07644 -0.643321  0.498799 0 0 0   -0.011 -0.02329  0.04412   0.311844 -0.0867986 -0.0429639  -0.00233394 -0.000466034  -0.00528495  0.0153189 -0.0798157  0.0355274 -1.87224 -1.95495 -9.42812 
               142.8 29.1124 41.9005 158.921  -2.05238 -0.649781  0.492594 0 0 0   -0.011 -0.02329  0.04412   0.288285 -0.0749455 -0.0688739  -0.00231992 -0.000477834  -0.00528154  0.0148286 -0.0801911  0.0352292 -1.87246 -1.95489 -9.42808 
             142.901 28.5611 41.8945 158.593  -2.02789 -0.658621  0.491394 0 0 0   -0.011 -0.02329  0.04412   0.240864 -0.0981599 -0.0158414  -0.00231595 -0.000530563  -0.00526927  0.0148748 -0.0806068  0.0348815 -1.87262 -1.95492 -9.42805 
                 143 27.2831 41.1198 158.783  -2.00832 -0.672267  0.483626 0 0 0   -0.011 -0.02329  0.04412   0.166576  -0.154227 -0.0232409  -0.00232755 -0.000491856  -0.00525351  0.0143646 -0.0805177  0.0354473 -1.87259  -1.9549 -9.42806 
             143.101 26.2955 39.1408 160.814  -1.99407 -0.690882   0.48685 0 0 0   -0.011 -0.02329  0.04412  0.125012 -0.194628 0.0456497  -0.00230186 -0.000496532  -0.00525855  0.0145936 -0.0807632  0.0352792 -1.87264 -1.95496 -9.42803 
             143.201 25.8517 36.7137 163.271   -1.9866 -0.717015  0.497386 0 0 0   -0.011 -0.02329  0.04412 0.0488563 -0.242246    0.1013  -0.00228438 -0.000503111  -0.00529702  0.0148474 -0.0813997  0.0353408 -1.87275 -1.95515 -9.42797 
             143.301 24.7672  34.689 165.143  -1.98646 -0.746473  0.507283 0 0 0   -0.011 -0.02329  0.04412 -0.0484021  -0.308041   0.091543  -0.00226062 -0.000529427  -0.00528882  0.0148833 -0.0816082  0.0354815 -1.87278 -1.95522 -9.42795 
             143.401 23.9959 33.8116 168.142  -1.99831 -0.783148  0.516007 0 0 0   -0.011 -0.02329  0.04412  -0.14688 -0.386777 0.0933475   -0.0022386 -0.000548997   -0.0052838  0.0148092 -0.0819309  0.0355831 -1.87285 -1.95528 -9.42793 
             143.501 22.6327 32.9042 170.229  -2.01439 -0.829719  0.527165 0 0 0   -0.011 -0.02329  0.04412 -0.181951 -0.479799  0.122496 -0.00222342 -0.00060532 -0.00528465  0.0149643 -0.0822295  0.0357861 -1.87286  -1.9554  -9.4279 
             143.601 21.4176 31.2468 172.354  -2.04151 -0.885555  0.545286 0 0 0   -0.011 -0.02329  0.04412 -0.252517  -0.57068  0.165754  -0.00222804 -0.000620022  -0.00527308  0.0148423 -0.0830708  0.0354268 -1.87312 -1.95553 -9.42782 
             143.701 20.8081 29.4501 175.147  -2.07096 -0.948047  0.562785 0 0 0   -0.011 -0.02329  0.04412 -0.311196 -0.619627   0.19655  -0.00223474 -0.000652379   -0.0052671   0.014776 -0.0833442  0.0355998 -1.87316 -1.95561  -9.4278 
               143.8 20.9638 27.9365 177.408 -2.10147 -1.00553 0.578403 0 0 0   -0.011 -0.02329  0.04412 -0.355018 -0.502781  0.170067   -0.0022193 -0.000696543  -0.00525913  0.0147521 -0.0830742  0.0358716 -1.87307 -1.95556 -9.42782 
             143.901  23.4886  28.7001 -179.015 -2.13771 -1.04834 0.597498 0 0 0   -0.011 -0.02329  0.04412 -0.338307 -0.405568  0.210257 -0.00222148 -0.00070427 -0.00525287   0.014777 -0.0828832  0.0357825 -1.87305 -1.95551 -9.42784 
             144.001  24.1494  28.6607 -177.692 -2.16884 -1.08771 0.616596 0 0 0   -0.011 -0.02329  0.04412 -0.285424 -0.366036  0.173934  -0.00226807 -0.000782441  -0.00525758  0.0146647 -0.0829452  0.0358415 -1.87307 -1.95552 -9.42783 
             144.101  23.9959  29.0397 -178.055  -2.1943 -1.12479 0.638583 0 0 0   -0.011 -0.02329  0.04412 -0.266721 -0.338087   0.16978  -0.00226384 -0.000761511  -0.00521609   0.015281 -0.0832719   0.035538 -1.87303 -1.95565 -9.42781 
             144.201  23.7636  28.7418 -178.143 -2.22445 -1.16226 0.651607 0 0 0   -0.011 -0.02329  0.04412 -0.292976 -0.330636  0.139503  -0.00226286 -0.000745663  -0.00517317  0.0148848 -0.0836498  0.0358653 -1.87311 -1.95573 -9.42778 
             144.301  23.5048   27.854 -178.078 -2.25239 -1.19184  0.66339 0 0 0   -0.011 -0.02329  0.04412 -0.333824 -0.301185 0.0943111  -0.0022519 -0.00075003  -0.0051709  0.0151737 -0.0833682  0.0359309   -1.873 -1.95569 -9.42781 
             144.401 23.1631 26.8333 -178.11 -2.29074 -1.22196 0.667867 0 0 0   -0.011 -0.02329  0.04412 -0.413731 -0.267432 0.0749558   -0.0022424 -0.000726685  -0.00519127  0.0148363 -0.0834118  0.0362515 -1.87302  -1.9557 -9.42781 
               144.5  23.2509  25.5474 -177.802 -2.33934 -1.24595 0.675475 0 0 0   -0.011 -0.02329  0.04412 -0.492259 -0.209643  0.126097 -0.00222832  -0.0007342 -0.00516754   0.014401 -0.0834034  0.0362349 -1.87312 -1.95565  -9.4278 
               144.6  24.6441  23.1023 -176.496 -2.38787 -1.27072 0.695378 0 0 0   -0.011 -0.02329  0.04412 -0.480224 -0.207207  0.278761 -0.00222976 -0.00074586 -0.00516802  0.0144898 -0.0838679   0.036473 -1.87311  -1.9558 -9.42777 
             144.701  25.5173  20.8989 -175.488 -2.43607 -1.29956 0.726798 0 0 0   -0.011 -0.02329  0.04412 -0.467715  -0.27093  0.330183  -0.00222021 -0.000742253  -0.00519665  0.0144455 -0.0844262  0.0367217 -1.87315 -1.95596 -9.42773 
               144.8  25.1981   19.772 -174.943  -2.4817 -1.33161 0.765293 0 0 0   -0.011 -0.02329  0.04412 -0.411118 -0.323825  0.248565  -0.0022049 -0.00072702 -0.00518633  0.0147486 -0.0850457  0.0359029 -1.87329 -1.95609 -9.42767 
             144.901  25.0196  19.6608 -173.972 -2.52289 -1.36666 0.789531 0 0 0   -0.011 -0.02329  0.04412 -0.396766 -0.340225   0.18916  -0.00217764 -0.000751554  -0.00517223   0.014848 -0.0853378  0.0356504 -1.87334 -1.95616 -9.42765 
             145.001  25.3534  20.3369 -172.925 -2.55923 -1.40325  0.80287 0 0 0   -0.011 -0.02329  0.04412 -0.309179 -0.351239  0.147806  -0.00218629 -0.000786294  -0.00517036  0.0146602 -0.0854272  0.0361262 -1.87332 -1.95621 -9.42764 
             145.101  25.3433  19.2121 -173.937 -2.58376 -1.43803 0.816936 0 0 0   -0.011 -0.02329  0.04412 -0.198103 -0.384746  0.114382  -0.00219731 -0.000795524  -0.00516933  0.0147545 -0.0852818  0.0360091  -1.8733 -1.95617 -9.42765 
             145.201  24.9042  17.4728 -176.635  -2.6031 -1.47895 0.822146 0 0 0   -0.011 -0.02329  0.04412 -0.185496 -0.431301 0.0519686  -0.00220076 -0.000743253  -0.00513341  0.0145593 -0.0851486  0.0362562  -1.8733 -1.95613 -9.42766 
             145.301  25.0684  16.8611 -179.726 -2.62066 -1.52608 0.826434 0 0 0   -0.011 -0.02329  0.04412 -0.175607  -0.45671 0.0661461  -0.00217378 -0.000715461  -0.00511703  0.0146124 -0.0853745  0.0364915 -1.87327 -1.95621 -9.42765 
               145.4 25.7385 16.7598 173.943 -2.63409 -1.57471 0.830113 0 0 0   -0.011 -0.02329  0.04412 -0.112037 -0.446871  0.109686  -0.00218514 -0.000740911  -0.00510072  0.0144977 -0.0854622  0.0371488 -1.87321 -1.95627 -9.42765 
               145.5 26.5316 17.6391 163.491 -2.64631 -1.61591 0.850343 0 0 0   -0.011 -0.02329  0.04412 -0.157594 -0.418734  0.230492  -0.00220735 -0.000661216  -0.00503052  0.0146948 -0.0854291  0.0367305 -1.87322 -1.95625 -9.42765 
             145.601 26.9791 19.3074 157.359 -2.66477 -1.65864 0.874616 0 0 0   -0.011 -0.02329  0.04412 -0.200856 -0.422171  0.200181  -0.00224138 -0.000614119  -0.00493485  0.0146687 -0.0855587  0.0366544 -1.87325 -1.95628 -9.42764 
               145.7 26.9931 20.5799 154.227 -2.69417 -1.70335 0.894417 0 0 0   -0.011 -0.02329  0.04412 -0.323627 -0.383153  0.143639 -0.00220302 -0.00061064 -0.00502733  0.0143984 -0.0861833  0.0364371 -1.87343 -1.95638 -9.42758 
             145.801 25.8641 23.5755 151.457 -2.73454 -1.74009 0.908239 0 0 0   -0.011 -0.02329  0.04412 -0.418758 -0.308995  0.111883  -0.00219493 -0.000606991  -0.00507577  0.0141958 -0.0864711  0.0364736 -1.87352 -1.95642 -9.42756 
             145.901 25.6104 26.2506 149.163 -2.77412 -1.77045 0.919008 0 0 0   -0.011 -0.02329  0.04412 -0.446524 -0.282718 0.0597767  -0.00219401 -0.000609894  -0.00506911  0.0146244 -0.0865348  0.0363542 -1.87345  -1.9565 -9.42755 
                 146 25.1611  28.379 146.884 -2.82426 -1.79431 0.920866 0 0 0   -0.011 -0.02329  0.04412 -0.537802 -0.258777 0.0198835  -0.00221518 -0.000596703  -0.00506828  0.0142232 -0.0862507  0.0363026 -1.87347 -1.95636 -9.42758 
               146.1 23.8122 30.1824 144.377 -2.88479 -1.82103 0.923064 0 0 0   -0.011 -0.02329  0.04412 -0.612494 -0.224912  0.041374  -0.00222589 -0.000570334  -0.00507576  0.0140617 -0.0866131  0.0364496 -1.87358 -1.95641 -9.42755 
             146.201 23.2898 31.5656  141.46  -2.9438 -1.84376 0.932976 0 0 0   -0.011 -0.02329  0.04412 -0.598766 -0.171482  0.144419  -0.00223024 -0.000566628  -0.00508011   0.014452 -0.0867767  0.0364929 -1.87355 -1.95652 -9.42753 
             146.301 24.3596 32.6266 140.036  -3.0062 -1.85983 0.958617 0 0 0   -0.011 -0.02329  0.04412 -0.577206 -0.163181  0.280142   -0.0022816 -0.000556514  -0.00507659  0.0143987 -0.0872056  0.0360995 -1.87369 -1.95654  -9.4275 
             146.401 25.1489  32.681 139.958 -3.05847 -1.88422 0.988262 0 0 0   -0.011 -0.02329  0.04412 -0.477976 -0.268473  0.273305  -0.00228725 -0.000575364   -0.0051033  0.0147874 -0.0873736  0.0362561 -1.87367 -1.95667 -9.42748 
               146.5 25.3682 30.4116 140.503 -3.10077 -1.91386  1.01025 0 0 0   -0.011 -0.02329  0.04412 -0.384509 -0.351453  0.264135  -0.00228555 -0.000531081  -0.00513616 0.0145394 -0.087069 0.0365409 -1.8736 -1.9566 -9.4275 
             146.601 25.2882 26.1842 142.056  -3.1338 -1.95279  1.03627 0 0 0   -0.011 -0.02329  0.04412 -0.254334 -0.447794  0.283194 -0.00224475 -0.00049468 -0.00517618  0.0143284 -0.0870405  0.0366624 -1.87361 -1.95656 -9.42751 
             146.701 25.0595 19.4897 143.222 -3.14919 -2.00759  1.06163 0 0 0   -0.011 -0.02329  0.04412 -0.146679 -0.555481  0.220837  -0.00221227 -0.000496905  -0.00520399  0.0149327 -0.0868696  0.0370488 -1.87346 -1.95673  -9.4275 
             146.801 24.7663 12.0639 142.794 -3.16185 -2.06353   1.0745 0 0 0   -0.011 -0.02329  0.04412 -0.0674509  -0.631764   0.117472  -0.00215965 -0.000428378  -0.00523775  0.0143766 -0.0867011  0.0372056 -1.87348  -1.9566 -9.42753 
               146.9 24.8799 4.18807 140.725 -3.17299 -2.13343  1.08684 0 0 0   -0.011 -0.02329  0.04412 -0.0442205  -0.727257   0.109582  -0.00212825 -0.000404571  -0.00522961  0.0140727 -0.0874285  0.0371359 -1.87372 -1.95662 -9.42748 
             147.001  25.1737 -2.16209  137.505 -3.18272 -2.20426  1.10457 0 0 0   -0.011 -0.02329  0.04412 -0.0998439  -0.714114   0.173505  -0.00208892 -0.000395149  -0.00521112  0.0138462 -0.0876542  0.0366745 -1.87384 -1.95655 -9.42747 
               147.1  25.1803 -7.28505  135.903  -3.1916 -2.27925  1.12194 0 0 0   -0.011 -0.02329  0.04412 -0.112819  -0.67551  0.245947 -0.00202791 -0.00041575 -0.00522254 0.0143229 -0.087668 0.0373061 -1.87374 -1.95672 -9.42745 
             147.201  23.7425 -14.0779  139.342 -3.20179  -2.3489  1.14542 0 0 0   -0.011 -0.02329  0.04412 -0.069468 -0.597803  0.125499  -0.00198153 -0.000447695  -0.00523466  0.0146442 -0.0881984  0.0372329 -1.87381 -1.95687 -9.42741 
             147.301  23.5814 -20.5238  142.164 -3.20916 -2.40302   1.1524 0 0 0   -0.011 -0.02329  0.04412 -0.0964183  -0.474746  0.0511394 -0.00192421 -0.00046831 -0.00530834  0.0147903 -0.0881689   0.037296 -1.87377 -1.95691 -9.42741 
               147.4  22.9385 -25.3361  143.385 -3.21656 -2.44578  1.15986 0 0 0   -0.011 -0.02329  0.04412 -0.104693  -0.39794 0.0528183  -0.00192523 -0.000507087  -0.00529064   0.014945 -0.0879806  0.0369739 -1.87369 -1.95691 -9.42742 
               147.5  22.1767 -29.6863   143.83 -3.22586 -2.48374  1.16295 0 0 0   -0.011 -0.02329  0.04412  -0.106368  -0.322693 -0.0130273   -0.0018835 -0.000528312   -0.0052768  0.0151573 -0.0880598  0.0368227 -1.87365 -1.95697 -9.42742 
             147.601  21.5119 -33.9233  144.969   -3.237 -2.51131  1.16196 0 0 0   -0.011 -0.02329  0.04412   -0.144453   -0.232604 -0.00119185  -0.00184263 -0.000554255  -0.00526041  0.0152028 -0.0879433  0.0367473 -1.87361 -1.95696 -9.42743 
             147.701  20.2909 -37.6656  147.619 -3.25087 -2.52565  1.16265 0 0 0   -0.011 -0.02329  0.04412  -0.168327  -0.128726 -0.0228175  -0.00181714 -0.000579944  -0.00526209  0.0149352 -0.0875944  0.0364283 -1.87357 -1.95686 -9.42746 
               147.8  18.5113 -41.0772   151.62 -3.26839  -2.5332   1.1565 0 0 0   -0.011 -0.02329  0.04412  -0.198777 -0.0304985 -0.0565175  -0.00180135 -0.000608556  -0.00529596  0.0150804 -0.0874301  0.0365865 -1.87353 -1.95684 -9.42747 
               147.9  15.5476 -44.9145  157.885  -3.2862 -2.52475  1.14922 0 0 0   -0.011 -0.02329  0.04412  -0.198786  0.0886821 -0.0513477  -0.00177258 -0.000624911  -0.00530629  0.0149557 -0.0866993  0.0364871 -1.87342 -1.95667 -9.42753 
                 148 14.1261 -48.226 163.631 -3.30281 -2.50543   1.1438 0 0 0   -0.011 -0.02329  0.04412 -0.234431   0.20479 0.0213176  -0.00176872 -0.000637306  -0.00535047  0.0152575 -0.0859913   0.036433 -1.87324 -1.95655 -9.42758 
             148.101  13.2976 -49.3295  168.993 -3.32375 -2.48064  1.15326 0 0 0   -0.011 -0.02329  0.04412 -0.281504  0.242576 0.0841677  -0.00177926 -0.000629501  -0.00532354  0.0152571 -0.0856683  0.0357039 -1.87308 -1.95653 -9.42762 
             148.201  11.5934 -49.4082   175.77 -3.35091 -2.45547  1.15889 0 0 0   -0.011 -0.02329  0.04412 -0.280159  0.234491 0.0544899  -0.00176209 -0.000679706  -0.00530967   0.015408 -0.0854864  0.0357023 -1.87303 -1.95651 -9.42764 
             148.301 9.43133 -49.105 -175.71 -3.37725 -2.43186  1.16227 0 0 0   -0.011 -0.02329  0.04412 -0.284003  0.202776 0.0770013  -0.00176348 -0.000690407  -0.00530765  0.0156892 -0.0852864  0.0357582 -1.87297 -1.95647 -9.42766 
             148.401  7.91994 -47.0928  -167.62  -3.4078 -2.41428  1.17532 0 0 0   -0.011 -0.02329  0.04412 -0.315529  0.128422  0.187346  -0.00176172 -0.000680764  -0.00531594   0.015579 -0.0852382  0.0357972   -1.873 -1.95645 -9.42765 
             148.501  7.92452  -42.585 -162.709 -3.43575 -2.40385  1.19557 0 0 0   -0.011 -0.02329  0.04412 -0.271462 0.0493442  0.175054  -0.00176221 -0.000651778  -0.00533029  0.0157319 -0.0850595  0.0355534 -1.87291 -1.95642 -9.42768 
             148.601  8.52711  -39.948 -158.957 -3.45273 -2.39807  1.20757 0 0 0   -0.011 -0.02329  0.04412 -0.127191 0.0352598 0.0656206  -0.00176617 -0.000665721  -0.00529325 0.0159081 -0.084944 0.0351494 -1.87281 -1.95639  -9.4277 
             148.701  9.67914 -39.7997 -155.695 -3.46124 -2.39586  1.20887 0 0 0   -0.011 -0.02329  0.04412  -0.0402479 -0.00792286    0.026551  -0.00179311 -0.000636369  -0.00530573  0.0161511 -0.0848671  0.0354412  -1.8728 -1.95637 -9.42771 
             148.801  9.91566  -40.302 -152.779 -3.46482 -2.39314  1.21073 0 0 0   -0.011 -0.02329  0.04412 0.00643078 -0.0609145 0.00584537   -0.0018078 -0.000571138  -0.00530299  0.0160567 -0.0841859  0.0353159 -1.87285 -1.95621 -9.42773 
             148.901  8.73206 -40.6203 -150.548  -3.4611 -2.40096  1.21114 0 0 0   -0.011 -0.02329  0.04412 0.0166377 -0.120323  0.018267 -0.00179164 -0.00055272  -0.0053088  0.0162873 -0.0841256  0.0351377 -1.87279 -1.95617 -9.42775 
             149.001  8.32485 -39.6951 -150.474 -3.45703 -2.40872  1.20842 0 0 0   -0.011 -0.02329  0.04412 -0.0158437  -0.123891  0.0436051  -0.00175327 -0.000566172  -0.00530746   0.017074 -0.0838072    0.03518 -1.87266 -1.95604 -9.42781 
               149.1  9.49226 -36.9925 -152.727 -3.46441 -2.42187  1.22369 0 0 0   -0.011 -0.02329  0.04412 -0.0853936  -0.141655     0.1054  -0.00173013 -0.000570749  -0.00525156   0.016368 -0.0837493  0.0346151 -1.87276 -1.95606 -9.42778 
             149.201  10.4897 -31.7228 -155.238 -3.48007 -2.43406  1.23396 0 0 0   -0.011 -0.02329  0.04412 -0.185319 -0.169194  0.155774  -0.00174927 -0.000611489  -0.00521179  0.0164655 -0.0832638  0.0348046 -1.87282 -1.95596 -9.42779 
             149.301  10.2754 -23.0282 -155.543 -3.50405 -2.44618  1.25101 0 0 0   -0.011 -0.02329  0.04412 -0.244736 -0.129598  0.142429  -0.00175984 -0.000666752  -0.00516923  0.0164562 -0.0828343  0.0346199 -1.87285 -1.95586  -9.4278 
             149.401  10.4753 -14.2355 -154.268 -3.53136 -2.45932  1.26646 0 0 0   -0.011 -0.02329  0.04412 -0.267272 -0.116726  0.108702  -0.00181442 -0.000755985  -0.00520782  0.0160977 -0.0828677  0.0344768 -1.87291  -1.9559 -9.42779 
             149.501  11.2505 -5.14265 -153.357 -3.56254 -2.47106  1.27475 0 0 0   -0.011 -0.02329  0.04412   -0.29176 -0.0905706  0.0566525  -0.00190709 -0.000757245  -0.00523205  0.0158639 -0.0828108  0.0347046 -1.87298 -1.95592 -9.42777 
             149.601  12.7578   1.8252 -152.336 -3.58738 -2.47754  1.26799 0 0 0   -0.011 -0.02329  0.04412  -0.214963 -0.0305329 -0.0193483  -0.00198609 -0.000785389  -0.00522288  0.0163178 -0.0827644  0.0354743 -1.87292 -1.95589 -9.42779 
               149.7  14.5385  5.24278 -151.892 -3.59975 -2.47763  1.26313 0 0 0   -0.011 -0.02329  0.04412  -0.130814 0.00996738 -0.0323808 -0.00208861  -0.0007684 -0.00522437  0.0167919 -0.0829004  0.0355734  -1.8728 -1.95588 -9.42781 
               149.8  16.1111  8.21595 -152.995 -3.60851 -2.47227   1.2557 0 0 0   -0.011 -0.02329  0.04412  -0.136646  0.0416562 -0.0528423  -0.00214773 -0.000718648  -0.00521872  0.0174293 -0.0827825  0.0357637 -1.87266  -1.9558 -9.42786 
               149.9  17.9135  11.6582 -156.448 -3.61776 -2.46111  1.25144 0 0 0   -0.011 -0.02329  0.04412  -0.133641  0.0874671 -0.0602222  -0.00217046 -0.000713881  -0.00519332  0.0181025 -0.0825404  0.0355424 -1.87254  -1.9557  -9.4279 
                 150  19.5702  15.1661 -162.886 -3.63903 -2.45256  1.24715 0 0 0   -0.011 -0.02329  0.04412   -0.14904   0.124006 -0.0618849  -0.00220976 -0.000674785  -0.00515977  0.0173479 -0.0824473  0.0353156 -1.87273 -1.95573 -9.42786 
             150.101  20.8334   18.194 -170.027 -3.65425 -2.43672  1.23944 0 0 0   -0.011 -0.02329  0.04412  -0.115765   0.147924 -0.0628285  -0.00222973 -0.000632669  -0.00512629  0.0172216 -0.0821632  0.0353781 -1.87277 -1.95568 -9.42786 
             150.201  21.7278  19.9402 -175.209 -3.66416 -2.42557  1.24075 0 0 0   -0.011 -0.02329  0.04412 -0.0641165   0.133377 -0.0272844  -0.00227111 -0.000574039  -0.00513076  0.0171758 -0.0826174  0.0348658 -1.87283 -1.95579 -9.42783 
             150.301 21.6609 20.3223 179.795 -3.66884 -2.41832  1.24369 0 0 0   -0.011 -0.02329  0.04412 -0.0214369   0.103576 0.00802748  -0.00228922 -0.000527813  -0.00519982  0.0170421 -0.0831627  0.0346101 -1.87289 -1.95592 -9.42779 
             150.401 21.6188  19.652 177.055 -3.66477 -2.41312  1.25067 0 0 0   -0.011 -0.02329  0.04412 0.0370272 0.0803404 0.0372614  -0.00227729 -0.000470578  -0.00520728  0.0174702 -0.0837223  0.0343919 -1.87284 -1.95605 -9.42777 
             150.501 21.7033 17.0937 176.376 -3.65559  -2.4045  1.26228 0 0 0   -0.011 -0.02329  0.04412  0.124879 0.0490262 0.0854159  -0.00225177 -0.000441198  -0.00527962  0.0178599 -0.0837103  0.0338745 -1.87283 -1.95605 -9.42777 
             150.601   20.93 12.4839 174.922 -3.63801 -2.40475  1.26457 0 0 0   -0.011 -0.02329  0.04412  0.191154 0.0031451 0.0702145  -0.00223477 -0.000408763  -0.00534272  0.0177414 -0.0837993  0.0345454 -1.87277 -1.95609 -9.42777 
             150.701 20.1007 6.61617 174.101 -3.61892  -2.4045  1.26576 0 0 0   -0.011 -0.02329  0.04412   0.219646 -0.0110109  0.0368991  -0.00218624 -0.000340148  -0.00536123  0.0173922 -0.0835986  0.0348627 -1.87278 -1.95604 -9.42778 
             150.801  19.8899 0.149552  174.638  -3.5938 -2.40624  1.26692 0 0 0   -0.011 -0.02329  0.04412   0.242025 -0.0017403 0.00437209  -0.00213928 -0.000330045  -0.00538816 0.0175321 -0.083603 0.0350467 -1.87272 -1.95606 -9.42779 
             150.901  20.2925 -6.68024  176.508 -3.57369 -2.40706  1.26083 0 0 0   -0.011 -0.02329  0.04412   0.227365 0.00850935  -0.043114   -0.0021082 -0.000331447  -0.00543775  0.0170174 -0.0836783  0.0354458  -1.8728 -1.95604 -9.42778 
             151.001  20.7284 -13.3939  178.961 -3.54701 -2.40775  1.25253 0 0 0   -0.011 -0.02329  0.04412   0.213919 0.00687602 -0.0734439  -0.00206401 -0.000367426  -0.00547201 0.0174376 -0.083643 0.0357468 -1.87267 -1.95609 -9.42779 
             151.101  21.0111 -19.3689 -178.851 -3.52935 -2.40828  1.24367 0 0 0   -0.011 -0.02329  0.04412   0.174015 0.00792528 -0.0906523  -0.00201393 -0.000371305   -0.0054956  0.0172609 -0.0837663  0.0358574 -1.87272 -1.95611 -9.42778 
               151.2  21.0993 -24.5203 -176.763 -3.51603  -2.4031  1.24119 0 0 0   -0.011 -0.02329  0.04412  0.135738 0.0202505 -0.070949   -0.0019658 -0.000377719  -0.00549919   0.016975 -0.0836106  0.0351855  -1.8728 -1.95603 -9.42778 
             151.301  20.9759 -28.6173 -174.429 -3.50552 -2.40258  1.24336 0 0 0   -0.011 -0.02329  0.04412   0.102204 0.00476122 -0.0380891  -0.00195297 -0.000388417  -0.00549233  0.0167522 -0.0839729  0.0344969 -1.87288 -1.95608 -9.42775 
             151.401  19.9691 -31.8523 -171.815  -3.4924 -2.40488  1.23678 0 0 0   -0.011 -0.02329  0.04412   0.104447 -0.0165718 -0.0412136  -0.00189744 -0.000421472  -0.00549269   0.017142 -0.0840552  0.0347247 -1.87279 -1.95612 -9.42776 
             151.501  19.4239 -34.7085 -170.961 -3.47778 -2.40367  1.23126 0 0 0   -0.011 -0.02329  0.04412   0.124625 -0.0132071 -0.0516775  -0.00186557 -0.000450848  -0.00549331  0.0174985 -0.0838163  0.0345547 -1.87269 -1.95607 -9.42779 
               151.6  19.5805 -37.6506 -172.041 -3.46418 -2.40377  1.21971 0 0 0   -0.011 -0.02329  0.04412    0.156885 -0.00985636  -0.0924847   -0.0018365 -0.000460494  -0.00546762  0.0176918 -0.0835366  0.0349636 -1.87268 -1.95602 -9.42781 
               151.7  19.8546 -41.3637 -173.507 -3.44609 -2.40246  1.20175 0 0 0   -0.011 -0.02329  0.04412     0.19413 -0.00107382   -0.142605   -0.0017834 -0.000475227  -0.00544916  0.0180689 -0.0831566   0.035449 -1.87264 -1.95596 -9.42783 
             151.801  20.8042 -45.3625 -175.399 -3.42154 -2.40302  1.18398 0 0 0   -0.011 -0.02329  0.04412    0.222099 -0.00250189   -0.168293  -0.00175637 -0.000481907  -0.00543824  0.0185041 -0.0832499  0.0354845 -1.87255 -1.95598 -9.42784 
             151.901  22.6157 -48.9635 -177.766 -3.40199 -2.40101  1.17132 0 0 0   -0.011 -0.02329  0.04412   0.193852 0.00279896  -0.145696  -0.00173013 -0.000489414  -0.00544077  0.0181516 -0.0831013  0.0351831 -1.87259 -1.95593 -9.42784 
             152.001   24.125 -51.5652 -179.189 -3.38814 -2.40118  1.16071 0 0 0   -0.011 -0.02329  0.04412   0.151752 -0.0112351  -0.109635  -0.00171109 -0.000496999  -0.00544732  0.0177305 -0.0830101  0.0352281 -1.87269 -1.95592 -9.42782 
             152.101  25.1064 -53.8473 -179.788 -3.37567 -2.40144  1.15221 0 0 0   -0.011 -0.02329  0.04412   0.138652 -0.0152998  -0.105842  -0.00171279 -0.000513103  -0.00545398 0.0173989 -0.082885 0.0351454 -1.87275 -1.95589 -9.42782 
             152.201  26.3356 -56.0491  179.152 -3.36145 -2.39945  1.14493 0 0 0   -0.011 -0.02329  0.04412   0.126602 -0.0218857 -0.0740045 -0.00169088 -0.00052575 -0.00546192  0.0172357 -0.0826045  0.0347305 -1.87273 -1.95581 -9.42784 
               152.3  27.1798 -57.4975  178.075 -3.35244 -2.40029  1.13703 0 0 0   -0.011 -0.02329  0.04412  0.0866918 -0.0213305 -0.0485248  -0.00167477 -0.000520968  -0.00545927  0.0172953 -0.0823155  0.0349274 -1.87276 -1.95576 -9.42784 
               152.4  27.2802 -58.6077  178.416 -3.34602 -2.39944  1.12755 0 0 0   -0.011 -0.02329  0.04412   0.0608515 -0.00685171  -0.0577294 -0.00164402 -0.00053563 -0.00546368   0.017611 -0.0819465  0.0351947 -1.87278  -1.9557 -9.42785 
             152.501  27.3815 -59.7507  179.163 -3.34134 -2.39306  1.12024 0 0 0   -0.011 -0.02329  0.04412  0.0450435   0.012129 -0.0551534   -0.0016452 -0.000522444  -0.00549144  0.0176569 -0.0812733  0.0350741 -1.87278 -1.95554 -9.42789 
             152.601  27.3281 -60.7747 -179.667 -3.33663  -2.3872  1.11599 0 0 0   -0.011 -0.02329  0.04412  0.0339491  0.0248504 -0.0379262 -0.00163595 -0.00053696 -0.00547363   0.017587 -0.0809496  0.0347936 -1.87276 -1.95546 -9.42791 
             152.701  25.1762 -61.9193 -175.737 -3.33107 -2.37844  1.11203 0 0 0   -0.011 -0.02329  0.04412 0.0346694 0.0350588 -0.024259  -0.00164178 -0.000532456  -0.00548657  0.0177127 -0.0804527  0.0343994 -1.87269 -1.95533 -9.42795 
               152.8  19.6365 -62.9496 -167.553 -3.32706 -2.37153  1.10974 0 0 0   -0.011 -0.02329  0.04412  0.0238044  0.0495168 -0.0113682  -0.00162955 -0.000541896  -0.00550745  0.0177527 -0.0801959  0.0341813 -1.87266 -1.95526 -9.42797 
             152.901  15.5858 -63.4014 -160.604 -3.32795 -2.36096  1.10814 0 0 0   -0.011 -0.02329  0.04412 0.00438124  0.0670411 -0.0175967   -0.001617  -0.0005686 -0.00554177 0.0176116 -0.079623 0.0341567 -1.87271 -1.95514 -9.42798 
             153.001  12.1554 -63.7067 -154.376 -3.32482 -2.35255  1.10063 0 0 0   -0.011 -0.02329  0.04412 -0.00967374   0.0682129  -0.0176171  -0.00163674 -0.000567707  -0.00551448  0.0183028 -0.0795144  0.0341398 -1.87262 -1.95511 -9.42801 
             153.101  9.15296 -63.6608 -148.431 -3.32737 -2.33974  1.09645 0 0 0   -0.011 -0.02329  0.04412 -0.0342248  0.0933492 -0.0174156  -0.00162435 -0.000574986  -0.00551566  0.0185552 -0.0790078  0.0340728 -1.87263   -1.955 -9.42803 
             153.201  6.61876  -63.628 -142.636  -3.3341 -2.32381  1.09127 0 0 0   -0.011 -0.02329  0.04412 -0.0574756   0.105637  -0.027578  -0.00163024 -0.000604535  -0.00551985  0.0187758 -0.0783241  0.0340799 -1.87268 -1.95486 -9.42805 
             153.301  4.16462 -63.4903 -137.047 -3.34044 -2.31264  1.09029 0 0 0   -0.011 -0.02329  0.04412 -0.0638864  0.0851938 -0.0122302  -0.00164708 -0.000574066  -0.00550107  0.0186653 -0.0781881  0.0339447 -1.87268 -1.95483 -9.42805 
               153.4  1.21403 -63.0063 -130.964 -3.34236 -2.30452  1.09264 0 0 0   -0.011 -0.02329  0.04412  -0.05678 0.0620851 0.0118619  -0.00164867 -0.000551813   -0.0055156  0.0185343 -0.0784401  0.0334531 -1.87258 -1.95482 -9.42807 
             153.501 -1.85408 -61.8788 -124.762 -3.35167 -2.29917  1.09413 0 0 0   -0.011 -0.02329  0.04412 -0.0807214  0.0226245  0.0459941  -0.00165514 -0.000545437   -0.0055064  0.0185696 -0.0781857  0.0336285 -1.87265  -1.9548 -9.42807 
               153.6 -4.73404 -59.1634 -118.389 -3.36203 -2.29645  1.10689 0 0 0   -0.011 -0.02329  0.04412  -0.116514 -0.0132025   0.120922  -0.00166052 -0.000537511  -0.00551474  0.0182225 -0.0779988  0.0332618 -1.87266 -1.95476 -9.42807 
             153.701 -7.50502 -56.0297 -111.254 -3.37765 -2.29318  1.11776 0 0 0   -0.011 -0.02329  0.04412  -0.128448 -0.0126745  0.0955937  -0.00167377 -0.000534213  -0.00551272  0.0183021 -0.0774179  0.0331382 -1.87274 -1.95466 -9.42808 
             153.801 -9.65775 -53.5768 -104.976 -3.39311  -2.2874  1.12709 0 0 0   -0.011 -0.02329  0.04412  -0.122187 0.00622932  0.0781666  -0.00169659 -0.000537285  -0.00550691 0.0183885 -0.076771 0.0328242 -1.87282 -1.95454 -9.42809 
             153.901 -11.1251 -52.0496 -99.9902 -3.41221  -2.2839  1.13847 0 0 0   -0.011 -0.02329  0.04412    -0.115448 -0.000943377    0.0653087  -0.00170514 -0.000488815  -0.00552381  0.0179756 -0.0759914  0.0327105 -1.87299 -1.95451 -9.42806 
                 154 -11.6805 -51.1623 -97.9324 -3.42701 -2.28546  1.15002 0 0 0   -0.011 -0.02329  0.04412 -0.100797 -0.064823  0.109014  -0.00170104 -0.000441116  -0.00551685 0.0176047 -0.075529 0.0326331  -1.8731 -1.95452 -9.42803 
             154.101 -8.48424 -49.7696 -102.557 -3.44566 -2.29036  1.16175 0 0 0   -0.011 -0.02329  0.04412 -0.162836 -0.133626  0.183829  -0.00165667 -0.000426467  -0.00550814  0.0180783 -0.0747022  0.0326927 -1.87328 -1.95441 -9.42802 
             154.201 -1.85599 -47.1389 -110.921 -3.45892 -2.30117  1.17951 0 0 0   -0.011 -0.02329  0.04412 -0.190984 -0.115052  0.181441  -0.00165585 -0.000429439   -0.0054136  0.0183826 -0.0751538  0.0324116 -1.87316 -1.95433 -9.42806 
             154.301  4.52931 -44.6922 -118.656 -3.47422 -2.31139  1.19692 0 0 0   -0.011 -0.02329  0.04412  -0.146175 -0.0761006     0.1164  -0.00168969 -0.000451916  -0.00536411  0.0181813 -0.0753846  0.0322116  -1.8731 -1.95434 -9.42807 
             154.401  8.92707 -43.6099 -125.061 -3.4878 -2.3157 1.20356 0 0 0   -0.011 -0.02329  0.04412  -0.097479 -0.0523218  0.0607282  -0.00172698 -0.000429549   -0.0053531  0.0184378 -0.0752033  0.0322861 -1.87314  -1.9543 -9.42807 
               154.5  12.5587 -43.1316 -131.838  -3.5014 -2.31701  1.21022 0 0 0   -0.011 -0.02329  0.04412 -0.0826244 -0.0485619  0.0560167  -0.00173559 -0.000338453  -0.00536297  0.0185156 -0.0745988  0.0321036 -1.87327 -1.95424 -9.42806 
               154.6  15.7484 -42.0907 -139.472 -3.51111 -2.31846   1.2147 0 0 0   -0.011 -0.02329  0.04412 -0.0823785  -0.054229  0.0656538 -0.00170602 -0.00030205 -0.00535274  0.0188335 -0.0742501  0.0320149 -1.87333 -1.95416 -9.42806 
               154.7  18.1902  -40.062 -146.265 -3.52424 -2.32168  1.21742 0 0 0   -0.011 -0.02329  0.04412 -0.134224 -0.036843 0.0628985  -0.00169081 -0.000314565  -0.00533125  0.0191188 -0.0738756   0.032321 -1.87339 -1.95412 -9.42806 
             154.801  20.1622 -37.3625 -150.585 -3.53816 -2.32218  1.22008 0 0 0   -0.011 -0.02329  0.04412   -0.170251 -0.00726521   0.0473047  -0.00169054 -0.000331787  -0.00533574  0.0195071 -0.0738581  0.0324068 -1.87336 -1.95407 -9.42808 
               154.9  21.6664 -34.9645 -152.102 -3.55582 -2.32114  1.22267 0 0 0   -0.011 -0.02329  0.04412   -0.171688 -0.00495742   0.0296192  -0.00172549 -0.000354791  -0.00533867  0.0196466 -0.0737414  0.0324547 -1.87336 -1.95404 -9.42808 
                 155  21.7418 -33.4649 -151.351 -3.57342 -2.32141   1.2238 0 0 0   -0.011 -0.02329  0.04412   -0.15029 -0.0541983  -0.006022  -0.00174447 -0.000359035  -0.00535552  0.0196844 -0.0734824  0.0324069 -1.87339   -1.954 -9.42808 
             155.101  21.2177 -32.7459 -150.567 -3.58885 -2.32818  1.22525 0 0 0   -0.011 -0.02329  0.04412  -0.13544 -0.126333 0.0238678  -0.00176776 -0.000347065  -0.00537283  0.0195832 -0.0732883  0.0322225 -1.87343 -1.95396 -9.42808 
             155.201  20.5871 -31.5769 -149.993 -3.60806  -2.3443  1.23572 0 0 0   -0.011 -0.02329  0.04412 -0.155607 -0.208217 0.0867679   -0.0017603 -0.000339853  -0.00537641  0.0190294 -0.0730911   0.031996 -1.87354 -1.95396 -9.42806 
               155.3  18.9832 -30.9953 -147.956 -3.62437 -2.36889  1.24362 0 0 0   -0.011 -0.02329  0.04412 -0.118206 -0.296113 0.0522399  -0.00175241 -0.000357462  -0.00536498  0.0188446 -0.0729394  0.0320075 -1.87359 -1.95396 -9.42805 
               155.4  15.9595 -31.5284 -144.865 -3.63645 -2.40054  1.24848 0 0 0   -0.011 -0.02329  0.04412 -0.0979855  -0.360497  0.0519731   -0.0017539 -0.000351829  -0.00538031  0.0187227 -0.0727086  0.0319807 -1.87364 -1.95393 -9.42805 
             155.501  13.9732 -31.7817 -141.393 -3.64408 -2.44034  1.25495 0 0 0   -0.011 -0.02329  0.04412 -0.119514 -0.399377 0.0774708  -0.00174806 -0.000353541  -0.00540063  0.0188753 -0.0731378  0.0319684 -1.87356 -1.95398 -9.42805 
             155.601  11.8282  -31.809 -135.582 -3.65479 -2.48008  1.26144 0 0 0   -0.011 -0.02329  0.04412 -0.0752816  -0.448202   0.109554  -0.00178386 -0.000391029  -0.00539384  0.0191187 -0.0728404  0.0320786 -1.87356 -1.95392 -9.42807 
             155.701  7.05444 -32.2194 -125.905 -3.66341  -2.5287   1.2715 0 0 0   -0.011 -0.02329  0.04412 -0.0216857  -0.443721   0.117806  -0.00180201 -0.000402651  -0.00544413  0.0187047 -0.0727769  0.0324616 -1.87364 -1.95398 -9.42804 
               155.8 0.612627 -31.6117  -113.94 -3.66721 -2.56831  1.28791 0 0 0   -0.011 -0.02329  0.04412 -0.00899049   -0.413906    0.162632  -0.00177984 -0.000421895  -0.00551653 0.0186096 -0.072371 0.0321961 -1.87371 -1.95392 -9.42804 
               155.9 -4.16365 -29.4462 -104.492 -3.66912 -2.60847  1.29991 0 0 0   -0.011 -0.02329  0.04412 -0.0409635  -0.363321   0.107873  -0.00176242 -0.000448688  -0.00554232  0.0186915 -0.0723974  0.0324118 -1.87369 -1.95393 -9.42804 
                 156  -7.4711 -27.2461 -96.5968  -3.6813 -2.64043  1.31101 0 0 0   -0.011 -0.02329  0.04412 -0.0964264  -0.302656   0.112542  -0.00178561 -0.000489183  -0.00548086  0.0184681 -0.0718727  0.0323994 -1.87381 -1.95392 -9.42802 
               156.1 -9.55189 -24.8327 -89.9813  -3.6949 -2.66221  1.32287 0 0 0   -0.011 -0.02329  0.04412 -0.164972 -0.261014  0.123239  -0.00180192 -0.000500418  -0.00544346  0.0189158 -0.0715389  0.0321213 -1.87385 -1.95379 -9.42804 
             156.201 -9.89317  -22.369 -85.8019  -3.7152 -2.68617  1.33004 0 0 0   -0.011 -0.02329  0.04412 -0.229428 -0.268379 0.0956841  -0.00180667 -0.000532524  -0.00542392 0.0192914 -0.071416 0.0323372 -1.87386 -1.95372 -9.42805 
             156.301 -9.43714 -19.3298 -84.6757 -3.74214 -2.71544  1.34193 0 0 0   -0.011 -0.02329  0.04412 -0.270621 -0.305595   0.13806  -0.00181175 -0.000539074  -0.00540057  0.0191348 -0.0712517  0.0323442  -1.8739 -1.95376 -9.42803 
             156.401  -8.4392 -13.9342 -86.9906 -3.77373 -2.75082  1.35605 0 0 0   -0.011 -0.02329  0.04412 -0.356307 -0.326661  0.133238    -0.001826 -0.000546978  -0.00535662  0.0189139 -0.0711504  0.0325632 -1.87391 -1.95382 -9.42802 
             156.501 -7.49918 -9.89669 -88.3984 -3.80909 -2.77802  1.36943 0 0 0   -0.011 -0.02329  0.04412 -0.411817 -0.230527  0.128932  -0.00186278 -0.000589073   -0.0053209  0.0189165 -0.0715216  0.0323197 -1.87383 -1.95379 -9.42804 
             156.601 -6.96589 -8.70778  -88.676  -3.8547 -2.80212  1.38368 0 0 0   -0.011 -0.02329  0.04412 -0.454173 -0.164737  0.147342  -0.00193614 -0.000520847  -0.00529965  0.0185197 -0.0712154  0.0324649 -1.87386  -1.9539 -9.42801 
             156.701 -5.82592 -9.81335 -91.0753 -3.90179 -2.81061  1.39644 0 0 0   -0.011 -0.02329  0.04412 -0.454623  -0.10941  0.146905 -0.00194991 -0.00049626 -0.00530858   0.019074 -0.0711468   0.032573 -1.87392 -1.95379 -9.42802 
             156.801  -3.9217 -11.1326 -96.1076 -3.94673 -2.81817  1.40763 0 0 0   -0.011 -0.02329  0.04412 -0.427302 -0.106357  0.103521  -0.00195978 -0.000462877  -0.00525743  0.0194365 -0.0711285  0.0326669 -1.87396 -1.95371 -9.42803 
             156.901 -1.46026 -11.8366 -103.108 -3.98448  -2.8278  1.42247 0 0 0   -0.011 -0.02329  0.04412  -0.383392 -0.0987815  0.0951709  -0.00197395 -0.000451004  -0.00520846  0.0194197 -0.0714003  0.0321617 -1.87391  -1.9537 -9.42804 
             157.001  2.07849 -12.2569 -112.992 -4.01818  -2.8369  1.43431 0 0 0   -0.011 -0.02329  0.04412   -0.34078 -0.0721463   0.074916  -0.00198227 -0.000445937  -0.00517723 0.0193239 -0.071652 0.0318416 -1.87386 -1.95372 -9.42805 
             157.101   6.3617  -12.819 -124.458 -4.05079  -2.8423  1.44659 0 0 0   -0.011 -0.02329  0.04412  -0.287043 -0.0691949  0.0775136  -0.00201754 -0.000413295   -0.0051053  0.0193661 -0.0715119  0.0313493 -1.87391 -1.95373 -9.42804 
             157.201  9.83345 -12.7003 -133.739 -4.08177 -2.85359  1.44871 0 0 0   -0.011 -0.02329  0.04412 -0.240674  -0.10343  0.058589  -0.00204164 -0.000348971  -0.00508329  0.0190432 -0.0711065  0.0319306 -1.87397 -1.95379 -9.42801 
               157.3  11.7836 -12.4837 -139.696 -4.10219  -2.8691  1.45478 0 0 0   -0.011 -0.02329  0.04412 -0.189047 -0.171489 0.0466764  -0.00204104 -0.000331164  -0.00514505 0.0188323 -0.071257  0.031884 -1.87394 -1.95384 -9.42801 
             157.401  12.3677 -11.2008 -143.282 -4.12152 -2.89155  1.45583 0 0 0   -0.011 -0.02329  0.04412 -0.174321 -0.249298 0.0349627  -0.00202926 -0.000301609  -0.00521094  0.0186797 -0.0711787  0.0322329 -1.87395 -1.95385   -9.428 
             157.501  12.4544 -9.00121 -145.234 -4.13647 -2.91473  1.46108 0 0 0   -0.011 -0.02329  0.04412 -0.096478  -0.30119 0.0263366  -0.00199386 -0.000321796  -0.00524362 0.0189411 -0.070932  0.031919 -1.87398 -1.95379 -9.42801 
             157.601  11.8689 -6.68543  -147.34 -4.14018 -2.94884  1.46795 0 0 0   -0.011 -0.02329  0.04412 -0.0121672  -0.360171   0.036975   -0.0020438 -0.000327612  -0.00525668  0.0189327 -0.0711642  0.0315922 -1.87397 -1.95383 -9.42801 
               157.7  11.3463 -4.88936 -150.498 -4.14018 -2.99045  1.47172 0 0 0   -0.011 -0.02329  0.04412 0.0353618 -0.385867 0.0281152  -0.00204156 -0.000310941  -0.00525225  0.0185246 -0.0713963  0.0316561   -1.874 -1.95391 -9.42798 
             157.801  11.6807 -3.58189 -153.082 -4.13446 -3.03013   1.4755 0 0 0   -0.011 -0.02329  0.04412 0.0541781 -0.407279 0.0555759  -0.00207558 -0.000315119  -0.00521369  0.0185878 -0.0714737  0.0316536 -1.87398 -1.95391 -9.42798 
             157.899  12.1634  -1.2922 -153.933 -4.12733 -3.06685  1.48023 0 0 0   -0.011 -0.02329  0.04412  0.031346 -0.417169 0.0707459  -0.00207875 -0.000313871  -0.00523744  0.0191143 -0.0711856  0.0317142 -1.87391 -1.95382 -9.42802 
             158.001  12.4819  1.30376 -153.423 -4.12448 -3.10875  1.48356 0 0 0   -0.011 -0.02329  0.04412 0.0702666 -0.393424 0.0398837  -0.00210457 -0.000327832  -0.00525474  0.0189611 -0.0711664  0.0318887 -1.87393 -1.95383 -9.42801 
             158.101  12.5135  2.49853 -152.658 -4.11479 -3.14761  1.49139 0 0 0   -0.011 -0.02329  0.04412   0.11229 -0.356378 0.0792409  -0.00212045 -0.000330063  -0.00527789  0.0188684 -0.0713624  0.0317587 -1.87394 -1.95387   -9.428 
               158.2   12.061  3.59411 -151.147 -4.09951 -3.18179  1.48848 0 0 0   -0.011 -0.02329  0.04412  0.123406 -0.344451  0.002914   -0.002134 -0.00031901 -0.00527352  0.0192308 -0.0712812  0.0324591 -1.87382 -1.95382 -9.42803 
             158.299  10.8373   4.3539 -147.172 -4.08648 -3.21919  1.48659 0 0 0   -0.011 -0.02329  0.04412   0.124959    -0.3582 -0.0275825  -0.00213203 -0.000343189  -0.00529312  0.0191778 -0.0715249  0.0324922 -1.87382 -1.95387 -9.42803 
             158.399   8.3086  5.47919 -141.808 -4.07156 -3.25778   1.4826 0 0 0   -0.011 -0.02329  0.04412   0.109296  -0.370604 0.00567411  -0.00209724 -0.000372711  -0.00534757  0.0193309 -0.0717522  0.0327931 -1.87375 -1.95389 -9.42803 
             158.499  5.78791  7.16746 -135.284 -4.06028 -3.29633  1.48214 0 0 0   -0.011 -0.02329  0.04412     0.11693   -0.379493 0.000516817  -0.00208771 -0.000432985  -0.00536544 0.0193393 -0.071833 0.0329142 -1.87373  -1.9539 -9.42804 
             158.599  3.02608  8.27491 -126.788 -4.04623 -3.33746  1.48215 0 0 0   -0.011 -0.02329  0.04412   0.167817  -0.405558 -0.0137561  -0.00209312 -0.000484128  -0.00536939  0.0192592 -0.0719905  0.0328589 -1.87374 -1.95394 -9.42803 
             158.699 -0.583074   9.51515  -116.379 -4.02411  -3.3777   1.4798 0 0 0   -0.011 -0.02329  0.04412   0.193971   -0.39353 -0.0252616  -0.00208842 -0.000539884  -0.00539039  0.0195493 -0.0721327  0.0329409 -1.87368 -1.95393 -9.42804 
             158.801 -3.30497  10.8248 -106.739 -4.00696 -3.41463  1.47634 0 0 0   -0.011 -0.02329  0.04412   0.117927  -0.363643 -0.0255663  -0.00208347 -0.000608818  -0.00538766  0.0196594 -0.0721115  0.0329824 -1.87366 -1.95391 -9.42805 
             158.901 -4.09307  11.4871 -99.8585 -4.00065 -3.44985   1.4744 0 0 0   -0.011 -0.02329  0.04412 0.0377778 -0.389388 0.0199967  -0.00210713 -0.000668044  -0.00534671  0.0197061 -0.0718801  0.0330908 -1.87368 -1.95387 -9.42805 
             159.001 -4.72397  11.4496 -94.8991  -3.9976 -3.49065  1.49158 0 0 0   -0.011 -0.02329  0.04412 -4.12548e-05    -0.435591     0.120332  -0.00212503 -0.000714702  -0.00528664  0.0200287 -0.0720228  0.0321693 -1.87372 -1.95392 -9.42803 
             159.101 -4.87298  11.1457 -90.5013 -4.00223  -3.5396  1.50539 0 0 0   -0.011 -0.02329  0.04412 -0.039559 -0.457448  0.194498  -0.00212832 -0.000739338  -0.00524953  0.0195766 -0.0719269  0.0322528 -1.87374   -1.954 -9.42802 
             159.201 -5.23757  10.8906 -86.9707 -4.00069 -3.58644  1.53081 0 0 0   -0.011 -0.02329  0.04412 -0.0246713  -0.409187   0.243869  -0.00214477 -0.000767007   -0.0052425  0.0194979 -0.0724336  0.0319104 -1.87366 -1.95405 -9.42802 
             159.301 -5.79308   10.027 -83.6683 -4.00394 -3.62742  1.55629 0 0 0   -0.011 -0.02329  0.04412 -0.0373963   -0.33262   0.184613   -0.0021267 -0.000785095   -0.0052191   0.019204 -0.0724461  0.0315771 -1.87365 -1.95415   -9.428 
             159.401 -6.52768  9.15711 -80.0097 -4.00956 -3.66077  1.57251 0 0 0   -0.011 -0.02329  0.04412 -0.0398462   -0.29626   0.123999  -0.00207124 -0.000798918  -0.00520003  0.0190327 -0.0722442  0.0314659 -1.87368 -1.95421 -9.42798 
             159.501 -6.81737  8.83158  -77.095 -4.01312 -3.69085  1.57374 0 0 0   -0.011 -0.02329  0.04412 -0.0539725  -0.243127  0.0707831   -0.0020665 -0.000813177  -0.00521275  0.0186119 -0.0722971    0.03218 -1.87361 -1.95419   -9.428 
               159.6 -6.36358  7.03064 -74.6823 -4.01534 -3.71488  1.58003 0 0 0   -0.011 -0.02329  0.04412 -0.0784987  -0.152979  0.0491889  -0.00204801 -0.000847585  -0.00520018  0.0181076 -0.0726777  0.0320317 -1.87347 -1.95426 -9.42801 
             159.701 -5.50808  4.43362 -73.1794 -4.02499 -3.72274   1.5851 0 0 0   -0.011 -0.02329  0.04412 -0.0769224  -0.101489  0.0363061  -0.00206422 -0.000820936  -0.00517231  0.0186405 -0.0726628  0.0320526 -1.87355 -1.95416 -9.42802 
               159.8 -4.88072  1.85128 -71.7678 -4.02359 -3.73033  1.59174 0 0 0   -0.011 -0.02329  0.04412 -0.0533542 -0.0188703  0.0321485  -0.00206283 -0.000792868  -0.00516348  0.0184163 -0.0733938   0.031655 -1.87339 -1.95414 -9.42806 
             159.901 -4.20775 -2.53243 -69.5409 -4.02612 -3.72628  1.60035 0 0 0   -0.011 -0.02329  0.04412 -0.0711985  0.0889456  0.0333475  -0.00203687 -0.000780547  -0.00516265  0.0184495 -0.0737524  0.0311206 -1.87334 -1.95413 -9.42807 
             160.001 -3.58029  -8.0739 -67.1333 -4.02906 -3.71696  1.60461 0 0 0   -0.011 -0.02329  0.04412 -0.0556857   0.129158  0.0163039  -0.00200254 -0.000743026  -0.00518931  0.0181667 -0.0740204  0.0309257 -1.87325 -1.95416 -9.42808 
               160.1  -2.8803 -13.7836 -65.3939 -4.03504  -3.7024  1.59819 0 0 0   -0.011 -0.02329  0.04412 -0.0214913   0.138152 -0.0504887  -0.00196782 -0.000740058  -0.00521483  0.0182805 -0.0739603   0.031398 -1.87327 -1.95411 -9.42809 
               160.2 -2.64058 -19.4054 -64.1899 -4.03408 -3.68623  1.59304 0 0 0   -0.011 -0.02329  0.04412  0.0469445   0.132148 -0.0723451  -0.00192585 -0.000731955  -0.00523385  0.0185189 -0.0740238  0.0312805  -1.8733 -1.95406 -9.42809 
             160.301 -1.98769  -24.234 -63.5177 -4.03043 -3.67714  1.58324 0 0 0   -0.011 -0.02329  0.04412   0.069667    0.08883 -0.0934211  -0.00186666 -0.000716145  -0.00524943  0.0184523 -0.0736545  0.0314699 -1.87334 -1.95413 -9.42807 
             160.401 -1.06059 -28.7645 -62.3376 -4.02281 -3.66874  1.57675 0 0 0   -0.011 -0.02329  0.04412  0.135804 0.0689468 -0.110628  -0.00180809 -0.000741488  -0.00528854  0.0185036 -0.0735096  0.0311201 -1.87339 -1.95416 -9.42805 
             160.501 -1.46414 -32.4934 -60.5102  -4.0062 -3.65792  1.56936 0 0 0   -0.011 -0.02329  0.04412  0.230525 0.0432013  -0.10194  -0.00179042 -0.000741305  -0.00530008  0.0189184 -0.0736689  0.0306974 -1.87347 -1.95407 -9.42805 
             160.599 -2.70811 -35.4287 -58.7342 -3.98145 -3.65443  1.55818 0 0 0   -0.011 -0.02329  0.04412   0.312275 0.00765412 -0.0982452  -0.00173706 -0.000786359   -0.0053361  0.0191307 -0.0734842  0.0307258 -1.87353 -1.95407 -9.42804 
             160.699 -4.23023 -37.8125 -57.1155 -3.94622 -3.65887  1.54345 0 0 0   -0.011 -0.02329  0.04412   0.379892 -0.0229276 -0.0714484  -0.00169035 -0.000776654  -0.00532629  0.0190621 -0.0733128  0.0313648 -1.87348 -1.95413 -9.42804 
               160.8 -5.41138 -39.7607 -56.1982 -3.90761 -3.66788  1.53857 0 0 0   -0.011 -0.02329  0.04412   0.396424 -0.0533525  -0.048259 -0.00166865 -0.00081524 -0.00533463  0.0187289 -0.0728916  0.0315221 -1.87346 -1.95427 -9.42801 
             160.899 -5.79718 -41.6605 -56.0031 -3.87015 -3.67672  1.53451 0 0 0   -0.011 -0.02329  0.04412   0.363373 -0.0758833 -0.0702132  -0.00164467 -0.000847018  -0.00532008  0.0185395 -0.0726603  0.0315148 -1.87346 -1.95435   -9.428 
             161.001 -6.46798 -42.9263 -55.2627 -3.83941 -3.69201   1.5252 0 0 0   -0.011 -0.02329  0.04412   0.316363  -0.106563 -0.0895275  -0.00163821 -0.000840898  -0.00531135  0.0184218 -0.0719323  0.0318528 -1.87349 -1.95454 -9.42795 
               161.1 -8.21951  -43.659  -53.188 -3.81255 -3.70598  1.51961 0 0 0   -0.011 -0.02329  0.04412   0.258646  -0.118024 -0.0478367  -0.00163208 -0.000868009  -0.00532404  0.0182595 -0.0715481  0.0318368 -1.87352 -1.95464 -9.42793 
               161.2 -9.73953 -44.1021 -50.8878 -3.79555 -3.72273  1.51784 0 0 0   -0.011 -0.02329  0.04412   0.204003  -0.166445 -0.0125573  -0.00160242 -0.000892832  -0.00536024  0.0183572 -0.0707828   0.031823 -1.87364 -1.95478 -9.42787 
               161.3 -10.5482 -44.2369 -48.9763 -3.77723 -3.74111    1.513 0 0 0   -0.011 -0.02329  0.04412   0.172221  -0.207203 -0.0361631  -0.00161092 -0.000909794  -0.00535919  0.0186092 -0.0707476  0.0319997 -1.87365 -1.95477 -9.42787 
               161.4 -11.1367 -44.6479 -46.9198 -3.76972 -3.76171  1.51318 0 0 0   -0.011 -0.02329  0.04412  0.0613266  -0.244881 -0.0528875  -0.00161172 -0.000912844  -0.00535643  0.0186369 -0.0704016  0.0314451 -1.87378 -1.95479 -9.42784 
               161.5 -11.7741 -45.5351 -42.9653  -3.7658 -3.79212  1.49996 0 0 0   -0.011 -0.02329  0.04412 0.0480368 -0.304434 -0.067646  -0.00163996 -0.000894479   -0.0053525  0.0190173 -0.0701618   0.032163 -1.87377 -1.95487 -9.42783 
               161.6 -12.9332 -45.9935 -39.5809 -3.76129 -3.82344  1.49628 0 0 0   -0.011 -0.02329  0.04412 0.0653721 -0.351921 -0.022527  -0.00164354 -0.000888055  -0.00536248  0.0190998 -0.0701178  0.0319564 -1.87382 -1.95485 -9.42782 
               161.7 -14.0731 -46.6563 -36.0368 -3.75638 -3.86067  1.49978 0 0 0   -0.011 -0.02329  0.04412 0.0778181  -0.37691 0.0762349  -0.00162382 -0.000875885  -0.00535108  0.0190628 -0.0699164  0.0318315 -1.87385 -1.95489 -9.42781 
               161.8 -14.2207 -46.9861  -33.549 -3.75131  -3.9028  1.51172 0 0 0   -0.011 -0.02329  0.04412  0.107105 -0.397696  0.128078    -0.001633 -0.000880447  -0.00536155 0.0191269 -0.069303 0.0318707 -1.87392 -1.95502 -9.42777 
               161.9 -14.0575 -46.3941 -31.9822  -3.7467 -3.94108  1.52677 0 0 0   -0.011 -0.02329  0.04412  0.147698 -0.389281  0.115102  -0.00162399 -0.000883964  -0.00534928  0.0193353 -0.0687367   0.031384 -1.87408 -1.95509 -9.42772 
             161.999 -13.6621 -44.1211 -31.5392 -3.73212 -3.98277   1.5405 0 0 0   -0.011 -0.02329  0.04412 0.240524 -0.37318 0.129177  -0.00162024 -0.000895386  -0.00533926  0.0194626 -0.0681683  0.0312831 -1.87417 -1.95521 -9.42768 
               162.1 -14.2163 -40.4841  -32.335 -3.70967 -4.01433  1.55241 0 0 0   -0.011 -0.02329  0.04412 0.342531 -0.30211 0.113851  -0.00161852 -0.000949626  -0.00531694  0.0199888 -0.0677967  0.0309745 -1.87434 -1.95523 -9.42764 
             162.201 -16.3002 -35.2978 -31.3787 -3.67664 -4.04796  1.56544 0 0 0   -0.011 -0.02329  0.04412  0.353762 -0.312897 0.0966064  -0.00159594 -0.000980388  -0.00528933  0.0198478 -0.0673326  0.0308744 -1.87436 -1.95535 -9.42761 
               162.3 -17.5642 -28.5713 -28.5754 -3.64675 -4.08126  1.57924 0 0 0   -0.011 -0.02329  0.04412  0.349617 -0.334881  0.121216 -0.00161922 -0.00101298 -0.00528924  0.0199488 -0.0668687  0.0305428 -1.87447 -1.95543 -9.42757 
               162.4 -16.6682 -21.0067 -26.3767 -3.60925 -4.12631  1.59455 0 0 0   -0.011 -0.02329  0.04412  0.354155 -0.367079  0.111152 -0.00170643  -0.0010677 -0.00535392  0.0193336 -0.0661095  0.0308714 -1.87435 -1.95568 -9.42754 
             162.501 -15.3779 -13.3318 -23.5903 -3.58546 -4.16611   1.6056 0 0 0   -0.011 -0.02329  0.04412  0.297121 -0.326637 0.0705636 -0.00178125  -0.0010718 -0.00532928   0.019787 -0.0650396  0.0306946 -1.87454 -1.95592 -9.42746 
             162.601 -13.8026  -6.7865 -20.0424 -3.55763 -4.19718  1.61162 0 0 0   -0.011 -0.02329  0.04412  0.237155 -0.272807 0.0424338  -0.0018322 -0.00104432 -0.00532423  0.0196043 -0.0650571   0.030755 -1.87449 -1.95592 -9.42747 
             162.701 -11.9766 -1.32586 -16.8598 -3.53597 -4.21951  1.61316 0 0 0   -0.011 -0.02329  0.04412   0.222175  -0.211166 0.00471469 -0.00188387  -0.0010036 -0.00530107 0.0198192 -0.065207 0.0307338 -1.87453 -1.95587 -9.42747 
               162.8 -10.4851  3.79889 -14.8881 -3.52199  -4.2399  1.60983 0 0 0   -0.011 -0.02329  0.04412   0.205304  -0.159485 -0.0330805  -0.00189542 -0.000999167  -0.00527393  0.0205397 -0.0647214  0.0308442 -1.87472 -1.95599 -9.42741 
             162.901 -9.51017  9.23893    -13.8 -3.50011  -4.2521    1.606 0 0 0   -0.011 -0.02329  0.04412   0.219405 -0.0752102  -0.049146  -0.00192489 -0.000980912  -0.00522831  0.0204691 -0.0647375  0.0308242  -1.8747 -1.95598 -9.42741 
                 163 -8.93462  15.0629 -12.1356 -3.47894 -4.25967  1.59658 0 0 0   -0.011 -0.02329  0.04412   0.192196 -0.0145831  -0.076058  -0.00196748 -0.000986174  -0.00520399  0.0204011 -0.0645093  0.0311708 -1.87466 -1.95604 -9.42741 
               163.1 -7.92279  20.6178 -9.42926 -3.46273 -4.25479  1.59804 0 0 0   -0.011 -0.02329  0.04412   0.150001  0.0628416 -0.0702924 -0.00200344 -0.00100398 -0.00519153  0.0205647 -0.0646058  0.0303661 -1.87474 -1.95603 -9.42739 
               163.2 -6.53305  25.2222 -6.41238 -3.44688 -4.24936  1.59996 0 0 0   -0.011 -0.02329  0.04412   0.122501   0.104356 -0.0615008 -0.00202158 -0.00100283 -0.00517501  0.0203267 -0.0641721   0.029645 -1.87466 -1.95617 -9.42738 
               163.3 -4.86293   28.943 -3.65558 -3.43617 -4.23665  1.59512 0 0 0   -0.011 -0.02329  0.04412   0.091965   0.135373 -0.0668904  -0.00206659 -0.000994778  -0.00516286  0.0203731 -0.0642234  0.0294708 -1.87468 -1.95617 -9.42738 
               163.4 -3.42954  31.8528 -1.44641 -3.42547 -4.22314  1.59056 0 0 0   -0.011 -0.02329  0.04412   0.122966   0.144454 -0.0578126  -0.00209705 -0.000982603  -0.00512578  0.0203699 -0.0641289  0.0293182 -1.87467  -1.9562 -9.42737 
               163.5 -3.33621  34.8727 -1.79385 -3.40973 -4.21088  1.58346 0 0 0   -0.011 -0.02329  0.04412    0.1419 0.0989152  -0.06093  -0.00210564 -0.000960097  -0.00510146  0.0201319 -0.0640797  0.0293242  -1.8746  -1.9562 -9.42739 
             163.601 -3.56577  37.1977 -3.62022 -3.39729  -4.1989  1.57078 0 0 0   -0.011 -0.02329  0.04412   0.127011  0.0626813 -0.0668775  -0.00214784 -0.000973417  -0.00502839  0.0199438 -0.0645782   0.029921 -1.87463 -1.95602 -9.42742 
               163.7 -4.07854  38.4842 -6.64583 -3.38619 -4.19148  1.56557 0 0 0   -0.011 -0.02329  0.04412    0.101595 -0.00302044  -0.0313808  -0.00218995 -0.000967473  -0.00499763  0.0199955 -0.0650593  0.0299197 -1.87469 -1.95589 -9.42743 
               163.8 -4.82588  38.4968 -12.4253 -3.37928 -4.19474  1.56182 0 0 0   -0.011 -0.02329  0.04412  0.0774896 -0.0882671 -0.0143984  -0.00222797 -0.000936387   -0.0049878  0.0200704 -0.0651813   0.030177 -1.87475 -1.95585 -9.42743 
             163.901 -6.51819  37.6474  -21.998 -3.37445 -4.20966  1.55976 0 0 0   -0.011 -0.02329  0.04412   0.0483692   -0.153168 -0.00822216  -0.00227525 -0.000883206  -0.00494611  0.0201419 -0.0648745  0.0303682 -1.87476 -1.95593 -9.42741 
             164.001 -7.54116  36.7548 -30.9684 -3.37294 -4.22904  1.56331 0 0 0   -0.011 -0.02329  0.04412 0.0179247  -0.19877  0.010524  -0.00228946 -0.000855429  -0.00494752  0.0205167 -0.0646479  0.0302018 -1.87482 -1.95603 -9.42738 
               164.1 -7.68835  36.1606 -38.9127  -3.3686 -4.24852  1.56165 0 0 0   -0.011 -0.02329  0.04412 0.00357015   -0.20943 0.00960957   -0.0023341 -0.000813137  -0.00498296   0.020076 -0.0648315   0.030207 -1.87472 -1.95595 -9.42742 
             164.201 -7.49505  35.5032 -45.9664 -3.36976 -4.27001  1.56102 0 0 0   -0.011 -0.02329  0.04412 -0.0264677  -0.205867  0.0155061  -0.00234148 -0.000764048  -0.00500219  0.0199299 -0.0647723  0.0303627  -1.8747 -1.95595 -9.42742 
               164.3 -7.03035  34.5244 -52.3841 -3.37421 -4.28754  1.56208 0 0 0   -0.011 -0.02329  0.04412 -0.0526032  -0.177104  0.0220929   -0.0023458 -0.000700691   -0.0050302  0.0199474 -0.0649534  0.0304808 -1.87472 -1.95589 -9.42743 
               164.4 -6.41197  33.4994 -57.7912 -3.37758 -4.30323  1.56285 0 0 0   -0.011 -0.02329  0.04412 -0.0611453  -0.153609  0.0221609   -0.0023792 -0.000670412   -0.0050654  0.0197093 -0.0651586  0.0304887 -1.87466 -1.95584 -9.42745 
               164.5 -5.93304  32.4983 -62.3259 -3.38335 -4.31022  1.56274 0 0 0   -0.011 -0.02329  0.04412 -0.073486 -0.109606 0.0222453  -0.00237612 -0.000597568  -0.00508053  0.0198011 -0.0658169  0.0307838 -1.87468 -1.95564 -9.42749 
             164.601 -5.72704  31.5611 -66.0984 -3.38762 -4.32143  1.55923 0 0 0   -0.011 -0.02329  0.04412 -0.0875121  -0.101994  0.0149625  -0.00236649 -0.000556998  -0.00511978  0.0192038 -0.0660201  0.0310274 -1.87456 -1.95559 -9.42752 
             164.701 -5.48184  30.4629   -69.78 -3.39382 -4.33107  1.56508 0 0 0   -0.011 -0.02329  0.04412  -0.116597 -0.0982121  0.0441057  -0.00235944 -0.000541254  -0.00514164  0.0192421 -0.0663168  0.0306368  -1.8745 -1.95559 -9.42753 
             164.801 -5.00964  28.7686 -73.8168 -3.40942 -4.33907  1.57105 0 0 0   -0.011 -0.02329  0.04412  -0.155125 -0.0848216   0.062288 -0.00235353 -0.00052486 -0.00516205  0.0194371 -0.0662373  0.0307043 -1.87455 -1.95558 -9.42753 
             164.901 -4.54791  26.5813 -78.2747 -3.42393 -4.34507  1.57939 0 0 0   -0.011 -0.02329  0.04412  -0.165136 -0.0719368  0.0732983  -0.00236114 -0.000477611  -0.00515578  0.0195947 -0.0664818   0.030597 -1.87454 -1.95555 -9.42754 
                 165 -4.41246  24.4463 -82.6844 -3.43971 -4.34945  1.58557 0 0 0   -0.011 -0.02329  0.04412  -0.147711 -0.0479218  0.0726668  -0.00237112 -0.000451842  -0.00515539  0.0196706 -0.0665677  0.0307586 -1.87454  -1.9555 -9.42754 
               165.1  -4.4124  22.2077 -86.2385 -3.45009 -4.35313  1.58953 0 0 0   -0.011 -0.02329  0.04412   -0.11713 -0.0418079  0.0577472  -0.00237217 -0.000409386  -0.00517721 0.0194798 -0.066884 0.0309256 -1.87448 -1.95545 -9.42757 
               165.2 -4.36576  20.6145 -88.4133 -3.45721  -4.3582  1.59241 0 0 0   -0.011 -0.02329  0.04412 -0.0893732 -0.0566406  0.0427091  -0.00236108 -0.000384955   -0.0051998  0.0192671 -0.0671977  0.0310313  -1.8744 -1.95542 -9.42759 
             165.301 -4.23341  19.7376 -89.4302 -3.46027 -4.35904   1.5946 0 0 0   -0.011 -0.02329  0.04412 -0.0599191 -0.0596699  0.0308976  -0.00234363 -0.000385911  -0.00521959 0.0195427 -0.067757 0.0312531 -1.87434  -1.9553 -9.42763 
               165.4 -4.02263  19.2631 -89.7306 -3.46329 -4.36144  1.59201 0 0 0   -0.011 -0.02329  0.04412 -0.0453979 -0.0561268  0.0186014  -0.00237007 -0.000385922   -0.0052293  0.0195738 -0.0680635  0.0317548 -1.87429 -1.95518 -9.42766 
             165.501 -3.96969  18.9703  -89.535 -3.46798 -4.37269  1.59105 0 0 0   -0.011 -0.02329  0.04412 -0.0323387 -0.0673702 0.00990361  -0.00233734 -0.000400496  -0.00524038 0.0190291 -0.067938  0.031809 -1.87427 -1.95526 -9.42765 
               165.6  -4.0953  18.5212 -89.4002 -3.46679 -4.37966  1.58837 0 0 0   -0.011 -0.02329  0.04412 -0.00589384  -0.0639277 -0.00348395  -0.00236662 -0.000404112  -0.00526021  0.0188622 -0.0682376  0.0320057  -1.8742 -1.95524 -9.42767 
               165.7 -4.58158  18.0627 -88.9572 -3.46689 -4.39331  1.59479 0 0 0   -0.011 -0.02329  0.04412    0.0214759   -0.0539911 -0.000209305  -0.00232667 -0.000411861  -0.00525843  0.0184758 -0.0680976  0.0312777 -1.87421 -1.95542 -9.42763 
             165.801 -5.07345  17.2294 -87.8006 -3.46103 -4.40015  1.59436 0 0 0   -0.011 -0.02329  0.04412  0.0685996 -0.0286376  -0.017613  -0.00233516 -0.000420716  -0.00526155  0.0182405 -0.0682458   0.031143 -1.87417 -1.95547 -9.42762 
             165.901 -6.16918  17.0279 -85.9388  -3.4499 -4.40289  1.58912 0 0 0   -0.011 -0.02329  0.04412    0.16512 -0.0039198 -0.0479948 -0.00231564 -0.00042148 -0.00527423  0.0180765 -0.0682495  0.0312891 -1.87416 -1.95547 -9.42763 
             166.001 -8.31481  18.1846 -81.9655 -3.42338 -4.39809   1.5833 0 0 0   -0.011 -0.02329  0.04412   0.304289  0.0712629 -0.0965534  -0.00228326 -0.000463058   -0.0052802  0.0182946 -0.0685844  0.0312089 -1.87412 -1.95543 -9.42764 
               166.1 -11.2719  20.4232 -75.5849 -3.38961 -4.38449  1.57364 0 0 0   -0.011 -0.02329  0.04412   0.37377  0.148829 -0.142235  -0.00223265 -0.000516521  -0.00532764   0.018615 -0.0685804  0.0310793 -1.87414  -1.9554 -9.42764 
               166.2 -14.0298  23.5843 -68.0357 -3.34866 -4.36878  1.55533 0 0 0   -0.011 -0.02329  0.04412  0.422185  0.237947 -0.180125  -0.00219368 -0.000575085  -0.00538349  0.0182721 -0.0686252  0.0311831 -1.87411 -1.95544 -9.42764 
             166.301 -15.9038   26.516 -59.7524 -3.30526 -4.34657  1.53903 0 0 0   -0.011 -0.02329  0.04412   0.43748  0.307457 -0.175414  -0.00217608 -0.000649857  -0.00540058 0.0178912 -0.068586 0.0308939 -1.87408 -1.95554 -9.42763 
               166.4  -16.721  29.1222 -51.2847 -3.25847 -4.31326  1.52494 0 0 0   -0.011 -0.02329  0.04412  0.458766   0.35149 -0.151204  -0.00218089 -0.000701056  -0.00539345  0.0179547 -0.0687443  0.0306623 -1.87405 -1.95555 -9.42763 
               166.5 -16.9095  31.4272 -43.3867 -3.21297 -4.27904  1.51105 0 0 0   -0.011 -0.02329  0.04412  0.447516  0.323561 -0.118705  -0.00218465 -0.000753977  -0.00536702  0.0179276 -0.0687534  0.0306375 -1.87405 -1.95555 -9.42763 
               166.6 -16.2894  33.6705 -37.8114 -3.16342   -4.247  1.50224 0 0 0   -0.011 -0.02329  0.04412   0.440081    0.26459 -0.0664413  -0.00218284 -0.000807776  -0.00533913  0.0179228 -0.0692717  0.0304837 -1.87397 -1.95548 -9.42766 
             166.701 -15.0322  35.2357 -34.1602 -3.11907 -4.21988  1.49589 0 0 0   -0.011 -0.02329  0.04412   0.395044   0.205624 -0.0930153  -0.00221101 -0.000879337  -0.00530765  0.0180741 -0.0697114  0.0303293 -1.87395 -1.95539 -9.42768 
             166.799 -14.0691  36.4918  -31.547 -3.07887 -4.20193  1.48627 0 0 0   -0.011 -0.02329  0.04412  0.388821  0.134903 -0.101205  -0.00221718 -0.000919984  -0.00525465  0.0180643 -0.0698518  0.0301979 -1.87393 -1.95537 -9.42769 
             166.901 -13.3004  37.8649 -29.2397 -3.03468  -4.1905  1.47547 0 0 0   -0.011 -0.02329  0.04412   0.413812  0.0687358 -0.0714676   -0.0022208 -0.000926047  -0.00523513  0.0177113 -0.0702104  0.0301793 -1.87384  -1.9553 -9.42773 
                 167 -11.8992  38.5733 -26.9082 -2.99293 -4.18546  1.46082 0 0 0   -0.011 -0.02329  0.04412    0.427358 -0.00582434   -0.118807  -0.0022213 -0.00091691 -0.00521402   0.017441 -0.0704932  0.0306626 -1.87383  -1.9552 -9.42775 
               167.1 -10.2913  39.2118 -24.9656 -2.95012 -4.18748  1.44351 0 0 0   -0.011 -0.02329  0.04412   0.450619 -0.0777115   -0.15887  -0.00223181 -0.000941998  -0.00520438  0.0173992 -0.0707203   0.031041 -1.87387 -1.95512 -9.42776 
               167.2 -8.47747  39.5608 -22.4557 -2.90125 -4.19508  1.42553 0 0 0   -0.011 -0.02329  0.04412  0.480857 -0.132298  -0.14908  -0.00224165 -0.000925618  -0.00518456  0.0171539 -0.0711437  0.0310702 -1.87383   -1.955 -9.42779 
               167.3 -6.63876  39.0949 -19.0295 -2.84802  -4.2116  1.41299 0 0 0   -0.011 -0.02329  0.04412  0.570025 -0.163657 -0.110593  -0.00223558 -0.000919625  -0.00518865  0.0170985 -0.0710368  0.0309253 -1.87379 -1.95504 -9.42779 
             167.401 -6.08079  38.6482 -15.8014 -2.78734 -4.22596  1.40084 0 0 0   -0.011 -0.02329  0.04412   0.662674  -0.150309 -0.0472351 -0.00222127 -0.00089881 -0.00518857  0.0169772 -0.0712025  0.0313035 -1.87382 -1.95497  -9.4278 
               167.5 -5.89932  38.3667 -13.3381 -2.72299 -4.23648  1.40318 0 0 0   -0.011 -0.02329  0.04412   0.65932 -0.114867 0.0352109  -0.00217955 -0.000926762  -0.00518414  0.0173683 -0.0714226  0.0312387 -1.87391 -1.95493 -9.42779 
               167.6 -5.64456  37.9836 -11.9514 -2.66135  -4.2452  1.40685 0 0 0   -0.011 -0.02329  0.04412   0.569441 -0.0836463  0.0145561  -0.00217089 -0.000964511  -0.00516113   0.017513 -0.0715737  0.0313356 -1.87396  -1.9549 -9.42779 
               167.7  -4.9978  36.9826 -10.8059 -2.60524 -4.25053  1.40539 0 0 0   -0.011 -0.02329  0.04412   0.521395  -0.020109 -0.0281528  -0.00218361 -0.000971972  -0.00514374  0.0172984 -0.0716428  0.0311714 -1.87389 -1.95488  -9.4278 
               167.8 -3.92985  35.2966 -9.66653 -2.55812 -4.24412  1.40775 0 0 0   -0.011 -0.02329  0.04412   0.40629 0.0626605 0.0422977   -0.0021912 -0.000993249  -0.00514343  0.0175512 -0.0721237  0.0310439 -1.87396 -1.95478 -9.42781 
               167.9 -2.10069  30.8807 -8.02078 -2.51891  -4.2335  1.41216 0 0 0   -0.011 -0.02329  0.04412   0.334504   0.108295 -0.0115779   -0.0021773 -0.000971606  -0.00513995  0.0174603 -0.0723717  0.0307303 -1.87392 -1.95473 -9.42783 
                 168 -0.97367  26.8146 -7.23078 -2.48495 -4.22069  1.40581 0 0 0   -0.011 -0.02329  0.04412  0.344416  0.158476 -0.130527  -0.00215572 -0.000951091  -0.00515646  0.0174687 -0.0723276  0.0306614 -1.87391 -1.95474 -9.42783 
               168.1 -0.918691    24.434  -7.21205 -2.44709 -4.19907  1.37849 0 0 0   -0.011 -0.02329  0.04412  0.378309  0.237697 -0.208297  -0.00211783 -0.000944162  -0.00515498  0.0167452 -0.0725738  0.0313655 -1.87384 -1.95459 -9.42787 
               168.2 -1.29732  22.5889 -7.47079 -2.40665 -4.16933   1.3508 0 0 0   -0.011 -0.02329  0.04412  0.409842  0.323464 -0.198301  -0.00208384 -0.000967408  -0.00516045  0.0163055 -0.0727645  0.0318494  -1.8738 -1.95448  -9.4279 
               168.3 -1.19441  20.8805 -7.72341 -2.36368 -4.13425  1.32927 0 0 0   -0.011 -0.02329  0.04412  0.485392  0.372807 -0.105745 -0.00206806  -0.0009952 -0.00517137  0.0160333 -0.0728131  0.0324509 -1.87378 -1.95442 -9.42792 
               168.4 -1.65466  20.1286 -8.11942 -2.30862 -4.09676  1.32184 0 0 0   -0.011 -0.02329  0.04412  0.516705    0.3806 -0.110055 -0.00205683 -0.00098545 -0.00517464 0.0157508 -0.072681 0.0321317 -1.87368 -1.95445 -9.42793 
             168.501 -2.91919   19.837 -8.32817 -2.25572 -4.05872  1.30861 0 0 0   -0.011 -0.02329  0.04412  0.532455  0.342653 -0.171101  -0.00205176 -0.000998029  -0.00518216  0.0157296 -0.0729073  0.0319767 -1.87369  -1.9544 -9.42794 
             168.601 -4.95979  21.5531  -7.2364 -2.20287 -4.02798  1.29158 0 0 0   -0.011 -0.02329  0.04412  0.618816  0.326924 -0.181255 -0.00201247 -0.00101479   -0.005178   0.016089 -0.0725841  0.0321428 -1.87376 -1.95449 -9.42791 
               168.7 -6.99351  26.6258 -5.03188 -2.14066 -4.00201  1.27005 0 0 0   -0.011 -0.02329  0.04412   0.64744  0.255854 -0.264442 -0.00197605 -0.00107471 -0.00520047 0.0162565 -0.072146 0.0321917 -1.87377 -1.95461 -9.42788 
             168.799  -6.8153  32.3156 -1.64644 -2.07203 -3.98098  1.24888 0 0 0   -0.011 -0.02329  0.04412  0.677804  0.208898 -0.325757 -0.00198269 -0.00118243 -0.00522303  0.0162744 -0.0719844  0.0313544 -1.87372 -1.95469 -9.42787 
               168.9 -5.79471  37.4591  2.48648  -2.0049 -3.96045   1.2291 0 0 0   -0.011 -0.02329  0.04412    0.6577  0.193527 -0.318077 -0.00205352  -0.0012283  -0.0052244  0.0168069 -0.0719669  0.0300824  -1.8738 -1.95479 -9.42784 
                 169 -4.55474  41.1249  5.57197 -1.93942 -3.94143  1.19858 0 0 0   -0.011 -0.02329  0.04412  0.680003   0.19689 -0.268581 -0.00209091  -0.0012513 -0.00520386 0.0168749  -0.07198 0.0301842 -1.87382 -1.95479 -9.42783 
               169.1 -3.96283  42.9995  7.94876 -1.86581 -3.91942  1.17855 0 0 0   -0.011 -0.02329  0.04412  0.734781  0.230725 -0.120352 -0.00212222 -0.00123804 -0.00515685  0.0166612 -0.0720327  0.0300541 -1.87376 -1.95476 -9.42785 
               169.2 -3.59807  43.2619   10.624 -1.79693 -3.89071  1.16656 0 0 0   -0.011 -0.02329  0.04412   0.734045   0.275229 -0.0835076  -0.0021551 -0.00124298 -0.00513753  0.0168966 -0.0725009  0.0305165 -1.87391 -1.95467 -9.42784 
             169.301 -3.61602  44.0821  12.3224 -1.72735 -3.86173  1.15319 0 0 0   -0.011 -0.02329  0.04412  0.684173  0.268666 -0.109643 -0.00214798 -0.00124912 -0.00512792  0.0166901 -0.0726697  0.0309735 -1.87394  -1.9546 -9.42785 
               169.4 -2.84719  44.9902   12.814 -1.66055 -3.83412  1.13368 0 0 0   -0.011 -0.02329  0.04412  0.621283   0.26791 -0.169318 -0.00216615 -0.00126823 -0.00510566  0.0161394 -0.0728268  0.0313178 -1.87388 -1.95449 -9.42788 
               169.5 -1.82733  46.2926  13.2045 -1.60267 -3.80667   1.1151 0 0 0   -0.011 -0.02329  0.04412   0.54348  0.304689 -0.192576 -0.00219369 -0.00127463 -0.00508039  0.0162439 -0.0727267  0.0315065 -1.87391 -1.95453 -9.42787 
             169.601 -1.67612   47.243  12.8699  -1.5544 -3.77342  1.09486 0 0 0   -0.011 -0.02329  0.04412  0.446124  0.348563 -0.231747 -0.00220467 -0.00127828 -0.00508967  0.0163411 -0.0728785  0.0315002 -1.87395 -1.95451 -9.42787 
               169.7 -1.90877  47.1533  12.4224 -1.50764 -3.73268  1.06352 0 0 0   -0.011 -0.02329  0.04412  0.400103  0.415203 -0.302846  -0.0022013 -0.00126393 -0.00508119  0.0155784 -0.0730347  0.0314688 -1.87383 -1.95437 -9.42792 
               169.8 -2.71533  46.7272  11.4173 -1.46742 -3.68601   1.0309 0 0 0   -0.011 -0.02329  0.04412  0.393756  0.496864 -0.321949 -0.00220493 -0.00123403 -0.00507556  0.0153418 -0.0731493  0.0313929 -1.87379 -1.95431 -9.42794 
               169.9 -2.74506  46.6386  10.3939 -1.42793 -3.62992 0.999414 0 0 0   -0.011 -0.02329  0.04412  0.440759  0.588266 -0.252734 -0.00219843 -0.00121715 -0.00505874  0.0152872 -0.0734248  0.0316406 -1.87386 -1.95424 -9.42794 
                 170 -1.65228  47.4159  10.2922 -1.38663 -3.56713 0.982789 0 0 0   -0.011 -0.02329  0.04412  0.472286  0.631967 -0.151544 -0.00222413 -0.00124883 -0.00506528 0.0159395 -0.073706 0.0317374 -1.87403 -1.95427  -9.4279 
               170.1 -1.40518  48.4014  10.7857 -1.34137 -3.50519 0.967927 0 0 0   -0.011 -0.02329  0.04412  0.450912  0.588814 -0.152567 -0.00223194 -0.00124824 -0.00507417  0.0160257 -0.0737299  0.0318098 -1.87406 -1.95428 -9.42789 
               170.2 -1.67352    49.21  11.1575 -1.29255 -3.44809  0.95449 0 0 0   -0.011 -0.02329  0.04412  0.496999  0.538549 -0.154508 -0.00219078 -0.00125762 -0.00508201   0.016029 -0.0737964  0.0314822 -1.87403 -1.95426  -9.4279 
               170.3 -2.83088   50.359  10.6734 -1.24264 -3.39609 0.935615 0 0 0   -0.011 -0.02329  0.04412  0.521028  0.481829 -0.206499 -0.00220511 -0.00125338 -0.00506853  0.0159549 -0.0738781  0.0316497 -1.87405 -1.95423 -9.42791 
               170.4 -3.69741  51.5381  9.69303 -1.18689 -3.34986 0.908407 0 0 0   -0.011 -0.02329  0.04412  0.572444  0.407177 -0.317546 -0.00220652 -0.00127863 -0.00506052  0.0156518 -0.0740495  0.0316039 -1.87401 -1.95416 -9.42793 
               170.5 -3.79436  52.8717  8.74828 -1.12653 -3.31385 0.872988 0 0 0   -0.011 -0.02329  0.04412  0.611927  0.325868 -0.351327 -0.00222227  -0.0012713 -0.00505093  0.0155828 -0.0739279  0.0315786 -1.87398 -1.95417 -9.42793 
               170.6 -2.94983  53.1852  8.89131 -1.06231 -3.28295 0.839848 0 0 0   -0.011 -0.02329  0.04412  0.710621  0.308206 -0.231069 -0.00224307 -0.00127551 -0.00505577  0.0154249 -0.0739299  0.0317995 -1.87398 -1.95415 -9.42793 
               170.7 -2.14012  52.9582  8.89607 -0.987716  -3.24807  0.825939 0 0 0   -0.011 -0.02329  0.04412   0.764565   0.354197 -0.0814616 -0.00224538 -0.00125632 -0.00505954  0.0155691 -0.0741356  0.0317484 -1.87403 -1.95413 -9.42793 
             170.801 -2.30973  52.9463  8.25667 -0.916245  -3.20937   0.82074 0 0 0   -0.011 -0.02329  0.04412   0.647172   0.373546 -0.0674624 -0.00223488 -0.00123557 -0.00504437  0.0156189 -0.0743985  0.0315938 -1.87405 -1.95407 -9.42794 
               170.9 -2.39942  52.7204  8.27345 -0.858305  -3.16906  0.811513 0 0 0   -0.011 -0.02329  0.04412  0.556213   0.39479 -0.123197 -0.00224793  -0.0012338  -0.0050486  0.0157132 -0.0747168  0.0316348 -1.87411 -1.95402 -9.42794 
             171.001 -2.21787  53.5884  9.17946 -0.80816 -3.12823 0.793898 0 0 0   -0.011 -0.02329  0.04412  0.486225  0.414192 -0.165846 -0.00221836 -0.00123023 -0.00504284  0.0155409 -0.0748113  0.0320534 -1.87416 -1.95398 -9.42794 
               171.1 -1.32065  53.7683  11.1763 -0.763101  -3.08616  0.771649 0 0 0   -0.011 -0.02329  0.04412  0.424847  0.429605 -0.229098 -0.00222227  -0.0012534 -0.00506262  0.0152297 -0.0747875  0.0323248 -1.87414 -1.95395 -9.42795 
               171.2 -1.77013  53.4408  11.1164 -0.722862  -3.04124  0.745369 0 0 0   -0.011 -0.02329  0.04412  0.435439  0.452362 -0.335314 -0.00221025 -0.00124308 -0.00507547  0.0154831 -0.0750062  0.0323292 -1.87422 -1.95393 -9.42793 
               171.3 -2.07201  53.7458  10.0072 -0.681766  -2.98682  0.713621 0 0 0   -0.011 -0.02329  0.04412 0.424101 0.489197 -0.27744 -0.00222448 -0.00126377  -0.0050254  0.0157119 -0.0758957  0.0323774 -1.87438 -1.95376 -9.42794 
               171.4 0.116534  51.7325  10.7263 -0.641529  -2.93276  0.687956 0 0 0   -0.011 -0.02329  0.04412   0.41434  0.539408 -0.136696 -0.00226077 -0.00126456 -0.00502818  0.0152455 -0.0763049  0.0327164 -1.87441 -1.95362 -9.42796 
               171.5  2.8616 48.8463 12.1312 -0.597788   -2.8784  0.683481 0 0 0   -0.011 -0.02329  0.04412   0.426492   0.559905 -0.0145392 -0.00229906 -0.00119818  -0.0050633 0.0153915  -0.07615 0.0325394 -1.87438 -1.95367 -9.42796 
               171.6 3.96756  45.521 13.6768 -0.550537  -2.82463  0.679058 0 0 0   -0.011 -0.02329  0.04412   0.415605   0.508755 -0.0704484 -0.00227473  -0.0011639 -0.00509163  0.0150083 -0.0759164   0.032117 -1.87423 -1.95367 -9.42799 
               171.7 4.32527 43.2491 15.1334 -0.508115  -2.77611  0.671502 0 0 0   -0.011 -0.02329  0.04412   0.454543   0.455994 -0.0952421 -0.00222409 -0.00115851 -0.00510793  0.0151295 -0.0759903   0.032183 -1.87427 -1.95367 -9.42798 
               171.8 4.17812 41.9059 15.9003 -0.462325  -2.73754   0.66107 0 0 0   -0.011 -0.02329  0.04412  0.470635  0.372159 -0.137764 -0.00217259  -0.0011793 -0.00511721 0.0153036 -0.075632 0.0322212 -1.87426 -1.95377 -9.42796 
               171.9 4.42379 40.6311 16.2514 -0.415847  -2.70284  0.642244 0 0 0   -0.011 -0.02329  0.04412  0.479071  0.298071 -0.213784 -0.00216436 -0.00119106 -0.00510807  0.0151979 -0.0757521  0.0324288 -1.87428 -1.95372 -9.42796 
                 172 5.03498 39.1046 17.1085 -0.37071 -2.67164 0.620671 0 0 0   -0.011 -0.02329  0.04412  0.507576  0.259565 -0.240944 -0.00216365 -0.00120702 -0.00509852 0.0154764 -0.076338 0.0324999 -1.87442 -1.95364 -9.42795 
               172.1 5.92721 37.6355 20.4991  -0.3161 -2.64345 0.593978 0 0 0   -0.011 -0.02329  0.04412  0.599275  0.309801 -0.162333 -0.00215262 -0.00120043 -0.00510559  0.0151384 -0.0762674  0.0329552  -1.8744  -1.9536 -9.42797 
             172.201 5.55641 36.9259 24.1209 -0.251003  -2.60817  0.584264 0 0 0   -0.011 -0.02329  0.04412   0.639128   0.332441 -0.0188056  -0.0021259 -0.00120641 -0.00514535  0.0148265 -0.0764579   0.032878 -1.87436 -1.95352 -9.42799 
               172.3  4.5632 35.7313 25.4934 -0.189352  -2.57288   0.58846 0 0 0   -0.011 -0.02329  0.04412    0.570211    0.275194 -2.2894e-05 -0.00209127 -0.00124055 -0.00513793   0.014957 -0.0769867  0.0323964 -1.87442 -1.95344   -9.428 
               172.4 4.68208 33.5618 25.8138 -0.131053  -2.54912   0.58467 0 0 0   -0.011 -0.02329  0.04412   0.552449   0.267664 -0.0609702 -0.00209734 -0.00123767 -0.00509012   0.014724 -0.0766067   0.032254  -1.8743 -1.95348 -9.42801 
             172.499 4.81434 32.2948 26.1926 -0.0766375    -2.5202   0.572181 0 0 0   -0.011 -0.02329  0.04412  0.526697  0.287682 -0.138926 -0.00213689 -0.00124247 -0.00509336  0.0145586 -0.0766534  0.0325461  -1.8743 -1.95344 -9.42802 
               172.6 4.91022 31.2592 26.7082 -0.0303654   -2.49136   0.555241 0 0 0   -0.011 -0.02329  0.04412  0.475512  0.306707 -0.214889 -0.00209777  -0.0012675 -0.00508292  0.0148874 -0.0768047  0.0326847  -1.8744 -1.95347 -9.42799 
               172.7 5.01406 29.9529 27.8598 0.0123161   -2.4575  0.532106 0 0 0   -0.011 -0.02329  0.04412  0.440596  0.357904 -0.264327 -0.00210665 -0.00127936 -0.00509083  0.0151409 -0.0770449   0.032747 -1.87449 -1.95346 -9.42798 
             172.799 5.30795 28.5203 29.0891 0.0590549  -2.42402  0.506688 0 0 0   -0.011 -0.02329  0.04412  0.479676  0.390774 -0.278765 -0.00207626 -0.00128284 -0.00510454  0.0154813 -0.0765809  0.0325797 -1.87445 -1.95361 -9.42795 
               172.9 5.18894 27.8406 29.0788 0.109597 -2.38096 0.476428 0 0 0   -0.011 -0.02329  0.04412  0.569004  0.453282 -0.244329 -0.00206784 -0.00129336 -0.00510957  0.0152701 -0.0767131  0.0329014 -1.87446 -1.95355 -9.42797 
             172.999 5.15583 28.7124 27.8939 0.174763  -2.3303 0.455022 0 0 0   -0.011 -0.02329  0.04412  0.698674  0.506095 -0.148984  -0.0020584  -0.0013059 -0.00508635  0.0149024 -0.0768742  0.0330202 -1.87443 -1.95345 -9.42799 
               173.1 4.25335 30.8072 26.1294 0.241523 -2.28014 0.435951 0 0 0   -0.011 -0.02329  0.04412  0.640128  0.418031 -0.175153 -0.00206823 -0.00131927 -0.00507517   0.014689 -0.0771396  0.0333695 -1.87446 -1.95336   -9.428 
               173.2 2.93638 31.8225 22.8654 0.310012 -2.24227 0.419169 0 0 0   -0.011 -0.02329  0.04412  0.694336  0.334257 -0.189052 -0.00208312 -0.00132678 -0.00506718   0.014439 -0.0770433  0.0330069 -1.87438 -1.95334 -9.42802 
               173.3 1.79853 33.6542 18.5096 0.380986 -2.21754 0.401616 0 0 0   -0.011 -0.02329  0.04412  0.705117  0.225298 -0.198486 -0.00210321 -0.00129819 -0.00504947  0.0146552 -0.0766633  0.0328915 -1.87435 -1.95345 -9.42801 
               173.4 1.65873  35.526 14.8848 0.453978 -2.20224 0.383498 0 0 0   -0.011 -0.02329  0.04412  0.721081   0.14267 -0.258301  -0.0021131  -0.0013092 -0.00504244  0.0149263 -0.0762742  0.0324312  -1.8743 -1.95357 -9.42799 
               173.5 1.82273  38.195 11.5084 0.526126 -2.19146 0.353226 0 0 0   -0.011 -0.02329  0.04412  0.746934 0.0534593  -0.33395 -0.00214655  -0.0012819  -0.0050652  0.0150398 -0.0763937   0.032475 -1.87435 -1.95356 -9.42798 
               173.6 2.11832 39.7611 7.77793 0.599641 -2.18847  0.32499 0 0 0   -0.011 -0.02329  0.04412   0.752185 -0.0105342  -0.247565 -0.00216161 -0.00128155 -0.00506644  0.0152616 -0.0766241  0.0323047 -1.87441 -1.95355 -9.42797 
               173.7 1.38103 39.0935 3.58963 0.673491 -2.18345 0.304909 0 0 0   -0.011 -0.02329  0.04412   0.757571  0.0404592 -0.0952897 -0.00219962 -0.00123029 -0.00507369  0.0150309 -0.0771198  0.0327186 -1.87447 -1.95342 -9.42799 
               173.8 -0.323002   38.1137  -1.41771 0.744321 -2.17714  0.29807 0 0 0   -0.011 -0.02329  0.04412   0.724292  0.0833871 -0.0916187 -0.00220546 -0.00115199 -0.00507858  0.0153579 -0.0772226  0.0328457 -1.87455 -1.95344 -9.42797 
               173.9  -1.6662  39.3425 -6.39291  0.82259 -2.17325 0.287047 0 0 0   -0.011 -0.02329  0.04412  0.759823 0.0825163 -0.130543 -0.00219315 -0.00112881 -0.00506898  0.0152235 -0.0766419  0.0325919 -1.87444 -1.95355 -9.42797 
                 174 -1.73963  41.6223   -9.812 0.897478  -2.1665 0.271407 0 0 0   -0.011 -0.02329  0.04412  0.706554 0.0993788  -0.18396 -0.00219337 -0.00116341 -0.00507812  0.0150878 -0.0764131  0.0325788 -1.87439 -1.95358 -9.42797 
               174.1 -2.75243  43.2901 -13.3653 0.962208 -2.15078 0.244927 0 0 0   -0.011 -0.02329  0.04412    0.6259  0.140189 -0.256857 -0.00223791   -0.001156 -0.00511222 0.0148984 -0.076812  0.033167 -1.87444 -1.95346 -9.42799 
               174.2   -3.737   43.662 -17.0376  1.02464 -2.13399 0.214216 0 0 0   -0.011 -0.02329  0.04412  0.579257  0.168676 -0.295101 -0.00223543 -0.00113269 -0.00510847  0.0144548 -0.0770098  0.0332894 -1.87438 -1.95338 -9.42802 
               174.3 -3.63887  42.7476 -20.7025  1.07853 -2.11166 0.189691 0 0 0   -0.011 -0.02329  0.04412   0.58896  0.216441 -0.268348 -0.00225303 -0.00109116 -0.00510547  0.0150912 -0.0773278  0.0331837  -1.8745 -1.95336   -9.428 
               174.4 -3.76485  41.5613 -25.7869  1.13613 -2.08692 0.168155 0 0 0   -0.011 -0.02329  0.04412  0.622042  0.218151 -0.187837 -0.00226889 -0.00106313 -0.00511327  0.0155231 -0.0774909  0.0332762  -1.8746 -1.95334 -9.42798 
               174.5 -4.80039  40.9686 -33.4916  1.20456 -2.06743 0.152102 0 0 0   -0.011 -0.02329  0.04412   0.66712  0.108168 -0.119773 -0.00228953 -0.00104134 -0.00512912  0.0151957 -0.0778269    0.03327 -1.87454 -1.95326 -9.42801 
               174.6  -8.2353  41.1302 -45.6605    1.264 -2.06238 0.136785 0 0 0   -0.011 -0.02329  0.04412    0.51798 -0.0817793  -0.164817 -0.00231057 -0.00101192 -0.00510464  0.0152041 -0.0781029  0.0334974 -1.87457 -1.95319 -9.42802 
               174.7 -10.8724  40.9598 -59.3617  1.30711 -2.07858 0.118557 0 0 0   -0.011 -0.02329  0.04412  0.339262 -0.240293 -0.118319  -0.00233661 -0.000998244  -0.00508475 0.0150107 -0.078106  0.033826 -1.87457 -1.95315 -9.42802 
               174.8 -11.6432  39.0194 -73.8195  1.33365 -2.11018 0.113119 0 0 0   -0.011 -0.02329  0.04412   0.117419  -0.313174 0.00973115  -0.00241189 -0.000947217  -0.00509294  0.0147292 -0.0780122  0.0334995  -1.8745 -1.95321 -9.42803 
               174.9 -8.91573  34.7084  -86.257  1.33906 -2.14497 0.119461 0 0 0   -0.011 -0.02329  0.04412 -0.0148332  -0.277508  0.0612711  -0.00249653 -0.000869509  -0.00511132   0.014536 -0.0776641  0.0330688 -1.87446 -1.95333 -9.42801 
                 175 -4.95711  30.6679 -95.1984  1.33747 -2.17288 0.124631 0 0 0   -0.011 -0.02329  0.04412 0.00777924  -0.279213   0.027821 -0.00256656 -0.00071681 -0.00518233  0.0145597 -0.0775564  0.0329416 -1.87446 -1.95336   -9.428 
               175.1 -2.21251  27.8705 -102.124   1.3412 -2.19888 0.133869 0 0 0   -0.011 -0.02329  0.04412 0.0623127 -0.300477  0.063246  -0.00255298 -0.000625609  -0.00526772  0.0151786 -0.0776328  0.0326192 -1.87449 -1.95334   -9.428 
               175.2  1.70651  25.8442 -105.584  1.35076 -2.22628 0.140315 0 0 0   -0.011 -0.02329  0.04412  0.143015 -0.313418  0.114304  -0.00250544 -0.000559839  -0.00536307    0.01531 -0.0777255  0.0329209 -1.87448 -1.95327 -9.42802 
               175.3  4.95139  25.5951 -107.758  1.37887 -2.25542 0.148896 0 0 0   -0.011 -0.02329  0.04412  0.281201 -0.275436  0.123933  -0.00249159 -0.000517613  -0.00546916  0.0151435 -0.0785421  0.0332747 -1.87432 -1.95325 -9.42805 
               175.4  6.20822  24.6953 -108.859  1.41797 -2.27403 0.156045 0 0 0   -0.011 -0.02329  0.04412   0.34502 -0.176612 0.0517247 -0.00244282 -0.00053637  -0.0055396  0.0154098 -0.0791781   0.033712 -1.87417 -1.95319  -9.4281 
               175.5  6.60416  23.7893 -110.887  1.45536 -2.29677 0.152884 0 0 0   -0.011 -0.02329  0.04412    0.331544   -0.219548 -0.00113029  -0.00240977 -0.000478129  -0.00555283  0.0148918 -0.0796279  0.0341373 -1.87408 -1.95324  -9.4281 
               175.6 6.74936 23.7912 -114.16  1.48883 -2.30795 0.151378 0 0 0   -0.011 -0.02329  0.04412   0.333645  -0.152993 -0.0141046  -0.00237762 -0.000475466  -0.00556296  0.0155664 -0.0793485   0.034581 -1.87404 -1.95307 -9.42815 
               175.7  6.80807  22.9128 -118.402  1.52118 -2.32494 0.149057 0 0 0   -0.011 -0.02329  0.04412   0.373944  -0.132315 -0.0541641  -0.00236999 -0.000469891  -0.00555577  0.0153132 -0.0791929  0.0343035 -1.87411 -1.95311 -9.42813 
               175.8  7.49414  21.3777 -121.134  1.56175 -2.34107 0.139176 0 0 0   -0.011 -0.02329  0.04412   0.444942 -0.0798357  -0.107415  -0.00237939 -0.000429853  -0.00555748  0.0147488 -0.0794262  0.0343476 -1.87412 -1.95321  -9.4281 
               175.9 8.93121 19.2198 -122.12  1.61125 -2.34772 0.126149 0 0 0   -0.011 -0.02329  0.04412   0.529822 -0.0221215  -0.119462   -0.0023865 -0.000416089  -0.00556105  0.0146002 -0.0796171  0.0344485 -1.87409 -1.95324  -9.4281 
                 176  10.5417  17.0117 -122.022  1.67161 -2.35175 0.120883 0 0 0   -0.011 -0.02329  0.04412   0.584025   -0.03446 -0.0129188  -0.00236687 -0.000394189  -0.00561646  0.0147177 -0.0802002  0.0343303 -1.87402 -1.95333  -9.4281 
               176.1  10.6598  15.8693 -120.549  1.72641 -2.36457 0.126141 0 0 0   -0.011 -0.02329  0.04412  0.557422 -0.110156 0.0644664  -0.00233832 -0.000394278  -0.00563355  0.0142391 -0.0802905  0.0339534 -1.87411 -1.95343 -9.42806 
               176.2   9.9586   14.604 -117.193  1.78382 -2.37439 0.128061 0 0 0   -0.011 -0.02329  0.04412   0.494152 -0.0785929  0.0272353  -0.00229744 -0.000411096    -0.005654  0.0143336 -0.0806294  0.0344182   -1.874 -1.95345 -9.42808 
               176.3   9.1837  12.7466 -115.205  1.83098 -2.38303 0.132053 0 0 0   -0.011 -0.02329  0.04412   0.365169 -0.0810058  0.0181076  -0.00228002 -0.000437267  -0.00568769 0.0145361 -0.081047 0.0342959 -1.87394  -1.9535 -9.42808 
               176.4  8.30695  11.3929 -115.394  1.85748  -2.3866 0.134677 0 0 0   -0.011 -0.02329  0.04412  0.219836 -0.041974 0.0266288  -0.00223948 -0.000443734  -0.00566205  0.0146342 -0.0805663  0.0341631   -1.874 -1.95342 -9.42808 
               176.5  8.13006  9.93362 -114.334  1.87356 -2.39793 0.136236 0 0 0   -0.011 -0.02329  0.04412   0.112709 -0.0693168  0.0321025  -0.00226555 -0.000455323  -0.00560599  0.0139896 -0.0808978  0.0342327 -1.87403 -1.95355 -9.42805 
               176.6  7.81482  9.22379 -110.425   1.8824 -2.41003 0.139956 0 0 0   -0.011 -0.02329  0.04412  0.0408565 -0.0958916  0.0313351  -0.00226361 -0.000469779  -0.00562885  0.0137204 -0.0812566  0.0341899 -1.87402 -1.95364 -9.42803 
               176.7  7.02693  8.88506 -105.069  1.88442 -2.42299 0.141124 0 0 0   -0.011 -0.02329  0.04412 -0.00310518   -0.118208   0.0342441  -0.00223563 -0.000502352  -0.00570366  0.0134414 -0.0813925  0.0343478 -1.87401 -1.95368 -9.42803 
               176.8  5.36124  9.40771 -100.001  1.88603 -2.43193 0.147345 0 0 0   -0.011 -0.02329  0.04412 -0.0220124  -0.114794  0.0559326  -0.00221306 -0.000553629  -0.00571923  0.0139134 -0.0815236  0.0343358 -1.87395 -1.95364 -9.42805 
               176.9   3.676 9.99785  -96.33  1.88245 -2.44079  0.15183 0 0 0   -0.011 -0.02329  0.04412  -0.04998 -0.084295 0.0348281  -0.00220518 -0.000594059  -0.00569479  0.0140201 -0.0814488  0.0343527 -1.87395 -1.95361 -9.42805 
                 177  2.57671  10.4057 -93.9529  1.87689 -2.44933  0.15352 0 0 0   -0.011 -0.02329  0.04412 -0.0788505 -0.0706895   0.024947  -0.00220668 -0.000628589  -0.00567859  0.0139648 -0.0815503  0.0345052 -1.87392 -1.95362 -9.42806 
               177.1   2.1757  10.6013 -92.1283  1.87063 -2.45489 0.153603 0 0 0   -0.011 -0.02329  0.04412 -0.0916391 -0.0389053  0.0228362 -0.00221181 -0.00065799 -0.00563568  0.0139704 -0.0817638  0.0348047 -1.87386 -1.95362 -9.42807 
               177.2  2.30409  10.4575 -90.7411  1.86035  -2.4604 0.155298 0 0 0   -0.011 -0.02329  0.04412 -0.0969062  -0.049343  0.0175556 -0.00222934 -0.00067263 -0.00562575  0.0138049 -0.0817201  0.0348286 -1.87387 -1.95364 -9.42806 
               177.3  2.24112  10.3679 -89.9546  1.84868 -2.46791 0.161635 0 0 0   -0.011 -0.02329  0.04412 -0.0999905  -0.058124  0.0333875  -0.00222617 -0.000669763   -0.0056135  0.0136708 -0.0815781  0.0343214 -1.87394  -1.9537 -9.42804 
               177.4 2.12199 10.0128 -89.983 1.84245 -2.4731 0.16476 0 0 0   -0.011 -0.02329  0.04412  -0.089253 -0.0439001  0.0364478  -0.00221773 -0.000696374  -0.00560782  0.0136859 -0.0819342  0.0343875 -1.87387  -1.9537 -9.42805 
               177.5  1.95781  9.45732 -90.4617  1.83334  -2.4815 0.165015 0 0 0   -0.011 -0.02329  0.04412 -0.0798704 -0.0265994  0.0181198  -0.00220913 -0.000673876  -0.00558467 0.0131314  -0.08189 0.0345912 -1.87387 -1.95378 -9.42804 
               177.6  1.84587  8.75147 -90.7202  1.82648  -2.4846 0.166127 0 0 0   -0.011 -0.02329  0.04412 -0.0666496 0.00185718 0.00585889   -0.0022068 -0.000679001  -0.00556964   0.012916 -0.0819612  0.0345594 -1.87386 -1.95382 -9.42803 
               177.7  1.77199  8.19306 -90.9475  1.82584 -2.48059 0.168938 0 0 0   -0.011 -0.02329  0.04412 -0.0360078  0.0228732 0.00814851  -0.00221077 -0.000665314  -0.00556849  0.0132528 -0.0824489  0.0343884 -1.87379 -1.95379 -9.42805 
               177.8   1.6002  7.55826 -91.5774   1.8242 -2.47387 0.170986 0 0 0   -0.011 -0.02329  0.04412 -0.0242344  0.0545247 0.00468415  -0.00219499 -0.000679781  -0.00558049  0.0135974 -0.0825769  0.0342861 -1.87378 -1.95375 -9.42806 
               177.9  1.45448  6.48827 -93.3338  1.82343 -2.46878 0.171732 0 0 0   -0.011 -0.02329  0.04412 -0.0278932  0.0485785 0.00959133  -0.00218851 -0.000684531  -0.00556152  0.0135686 -0.0827589  0.0342576 -1.87375 -1.95376 -9.42806 
                 178   1.7471  5.63117 -95.5427  1.82099 -2.46676 0.167815 0 0 0   -0.011 -0.02329  0.04412 -0.0436627  0.0201317  0.0042816  -0.00219244 -0.000665245  -0.00553971  0.0133182 -0.0828646  0.0347818  -1.8737 -1.95377 -9.42807 
               178.1  2.35985   5.1767 -97.7154  1.81496 -2.46735 0.164525 0 0 0   -0.011 -0.02329  0.04412   -0.061639  -0.0102601 -0.00365065 -0.00219978 -0.00066956 -0.00553568  0.0131388 -0.0827835  0.0351452 -1.87369 -1.95377 -9.42807 
               178.2  2.65961  5.31132 -99.1866   1.8052 -2.47076 0.164958 0 0 0   -0.011 -0.02329  0.04412   -0.0722119   -0.0446844 -0.000357295  -0.00219661 -0.000670356  -0.00552689  0.0130698 -0.0824683  0.0350492 -1.87375 -1.95377 -9.42806 
               178.3  2.30651  6.02976 -98.9184  1.79427 -2.47944 0.166793 0 0 0   -0.011 -0.02329  0.04412 -0.0770265   -0.09118 0.00553471   -0.0021891 -0.000656653  -0.00552745  0.0128119 -0.0821216  0.0348147 -1.87383 -1.95381 -9.42804 
               178.4  1.60066  7.85552 -96.8638  1.79219 -2.49055 0.169651 0 0 0   -0.011 -0.02329  0.04412  -0.0553872   -0.139875 -0.00490886  -0.00219716 -0.000668422  -0.00555222  0.0129261 -0.0826343  0.0345542 -1.87376 -1.95384 -9.42804 
               178.5  1.19534  10.2968 -94.5526   1.7923 -2.50744 0.174566 0 0 0   -0.011 -0.02329  0.04412 -0.0158899  -0.187345  0.0116347  -0.00218806 -0.000689527  -0.00555903  0.0129873 -0.0831265  0.0339846 -1.87372 -1.95389 -9.42804 
               178.6 0.888952  12.6921 -93.4129  1.79574 -2.52944 0.174706 0 0 0   -0.011 -0.02329  0.04412  0.041726 -0.228922  0.019974  -0.00221014 -0.000719145  -0.00556544  0.0128443 -0.0833804  0.0341898 -1.87367 -1.95392 -9.42804 
               178.7 0.675072  14.6426   -93.78  1.79852  -2.5545 0.170685 0 0 0   -0.011 -0.02329  0.04412   0.0388015   -0.271506 -0.00912986   -0.0022358 -0.000713586  -0.00551578  0.0127044 -0.0831864  0.0347249 -1.87367  -1.9539 -9.42805 
               178.8 1.01697 16.1685 -96.908  1.80049  -2.5845 0.171641 0 0 0   -0.011 -0.02329  0.04412   0.0175241   -0.339832 -0.00581355  -0.00225284 -0.000716619   -0.0054653   0.012764 -0.0831023  0.0344995  -1.8737  -1.9539 -9.42804 
               178.9  2.06946  18.2994 -101.449  1.80212  -2.6189 0.170191 0 0 0   -0.011 -0.02329  0.04412    0.020092   -0.357882 -0.00551913  -0.00231064 -0.000712063  -0.00540166  0.0128902 -0.0831001   0.034615 -1.87369 -1.95387 -9.42805 
                 179  3.45007  19.4045 -106.158  1.80891 -2.64802 0.171093 0 0 0   -0.011 -0.02329  0.04412 0.0545641 -0.321374 0.0420396  -0.00235842 -0.000717225  -0.00538871  0.0134217 -0.0833781  0.0347728 -1.87362 -1.95379 -9.42808 
               179.1  4.98959    19.15 -111.796   1.8137 -2.68172 0.178197 0 0 0   -0.011 -0.02329  0.04412 0.0529175 -0.312026 0.0850883  -0.00239744 -0.000660081  -0.00537682  0.0132704 -0.0833712   0.034639 -1.87364 -1.95383 -9.42807 
               179.2  6.63159  17.2543 -116.148  1.82117 -2.71269 0.189564 0 0 0   -0.011 -0.02329  0.04412  0.080857 -0.279836  0.138508  -0.00243005 -0.000595912  -0.00536393   0.013166 -0.0835079    0.03455 -1.87363 -1.95386 -9.42807 
               179.3  7.83916  13.9532 -117.515  1.82868 -2.73809 0.197964 0 0 0   -0.011 -0.02329  0.04412 0.0860853 -0.219389 0.0993121  -0.00242034 -0.000525895  -0.00542213  0.0128855 -0.0833432  0.0350237 -1.87363 -1.95383 -9.42807 
               179.4  8.40159  10.3126 -117.514  1.83718 -2.76266 0.205184 0 0 0   -0.011 -0.02329  0.04412 0.0534398 -0.249387  0.085203  -0.00238124 -0.000483274  -0.00550267  0.0126968 -0.0835382    0.03513  -1.8736 -1.95387 -9.42807 
               179.5  7.97869  8.32099 -117.367  1.83897 -2.79353 0.215249 0 0 0   -0.011 -0.02329  0.04412 -0.0327121  -0.322893  0.0920893  -0.00234096 -0.000466364    -0.005539  0.0125194 -0.0836923   0.034991 -1.87361 -1.95392 -9.42806 
               179.6  7.60987  7.90703 -117.039  1.83225 -2.83361 0.223644 0 0 0   -0.011 -0.02329  0.04412 -0.142101 -0.378939 0.0598309  -0.00231442 -0.000478196  -0.00554027  0.0122084 -0.0841573  0.0348674 -1.87361 -1.95403 -9.42803 
               179.7   8.0209  7.94065 -116.883  1.81438 -2.86914 0.229405 0 0 0   -0.011 -0.02329  0.04412 -0.238069 -0.409178 0.0688253  -0.00230865 -0.000514461  -0.00553409  0.0125942 -0.0840364   0.034941 -1.87357 -1.95397 -9.42806 
               179.8  8.02489  8.18273 -116.497  1.78538 -2.91947 0.237846 0 0 0   -0.011 -0.02329  0.04412 -0.326025 -0.476263 0.0924016   -0.0023068 -0.000511381  -0.00553829  0.0119494 -0.0843349   0.034844 -1.87362 -1.95409 -9.42802 
               179.9  7.77128  8.86979 -115.819  1.75367 -2.96257 0.252183 0 0 0   -0.011 -0.02329  0.04412 -0.372995 -0.501925  0.211581  -0.00231338 -0.000544264  -0.00552785  0.0126877 -0.0843459  0.0349457 -1.87352   -1.954 -9.42806 
                 180  7.25222  10.0092 -115.237  1.71088 -3.01893 0.277753 0 0 0   -0.011 -0.02329  0.04412 -0.348174 -0.512802  0.300085  -0.00228521 -0.000527036  -0.00554739  0.0118971 -0.0840689  0.0349159 -1.87365 -1.95405 -9.42802 
               180.1  6.31245  10.3442 -114.833  1.68868 -3.06557 0.306726 0 0 0   -0.011 -0.02329  0.04412 -0.235562 -0.463246  0.243117   -0.0023191 -0.000564902  -0.00552072  0.0125334 -0.0846318  0.0349269 -1.87351 -1.95406 -9.42805 
               180.2  4.45881  10.7661 -114.556  1.66899 -3.10613 0.325577 0 0 0   -0.011 -0.02329  0.04412 -0.171632 -0.349868  0.179384  -0.00230306 -0.000546801  -0.00550544  0.0126054 -0.0845474  0.0352218 -1.87348 -1.95403 -9.42806 
               180.3  3.38431  11.6687 -114.607  1.66064 -3.13308 0.337702 0 0 0   -0.011 -0.02329  0.04412 -0.094871 -0.201513  0.114062  -0.00228071 -0.000565552  -0.00550766  0.0129452 -0.0849507  0.0356243 -1.87336 -1.95402 -9.42809 
               180.4  3.06746  10.8607 -115.498  1.65365 -3.14677 0.346139 0 0 0   -0.011 -0.02329  0.04412 -0.0225926  -0.121878  0.0640411  -0.00230655 -0.000601971   -0.0054792  0.0129366 -0.0847457  0.0356757 -1.87338 -1.95399 -9.42809 
               180.5  2.49668  11.0072 -117.211  1.65143 -3.15972  0.35093 0 0 0   -0.011 -0.02329  0.04412 -0.0477508  -0.138737  0.0195894  -0.00233646 -0.000575291   -0.0054601  0.0129678 -0.0848552  0.0356529 -1.87336   -1.954 -9.42809 
               180.6  2.40488  12.9563 -119.368  1.64838 -3.17483 0.348674 0 0 0   -0.011 -0.02329  0.04412 -0.0266111  -0.123488 -0.0305279  -0.00232058 -0.000591577  -0.00544573  0.0128488 -0.0850298  0.0357765 -1.87334 -1.95403 -9.42809 
               180.7  2.00834  14.8267 -119.117  1.64622 -3.19279 0.350736 0 0 0   -0.011 -0.02329  0.04412 -0.00638527   -0.122153 -0.00801612  -0.00233845 -0.000608767  -0.00543279  0.0123103 -0.0853185  0.0352091 -1.87341 -1.95417 -9.42805 
               180.8  1.87378  16.7208 -118.197  1.64589 -3.21019  0.34914 0 0 0   -0.011 -0.02329  0.04412 0.000222483   -0.189719  -0.0399068  -0.00235471 -0.000593393  -0.00544712  0.0120625 -0.0855043   0.035139 -1.87342 -1.95422 -9.42803 
               180.9 0.929382  19.8825 -118.284   1.6476 -3.23376 0.343379 0 0 0   -0.011 -0.02329  0.04412  0.0306392  -0.245348 -0.0717506   -0.0023683 -0.000609053  -0.00543553  0.0119976 -0.0855703  0.0351308 -1.87342 -1.95424 -9.42803 
                 181 0.325288  22.3685 -118.221  1.65511 -3.25398 0.332674 0 0 0   -0.011 -0.02329  0.04412  0.0997247  -0.222106 -0.0735973  -0.00238009 -0.000638053  -0.00541289 0.0122359 -0.085504 0.0356007 -1.87336 -1.95417 -9.42805 
               181.1  0.59231    23.65 -117.008  1.67198 -3.27684 0.324112 0 0 0   -0.011 -0.02329  0.04412    0.20742  -0.250559 -0.0791876 -0.00241707 -0.00064248 -0.00540613  0.0123265 -0.0856847  0.0357961 -1.87331 -1.95417 -9.42806 
               181.2 0.609753  23.7156 -115.215  1.69971  -3.3078 0.320412 0 0 0   -0.011 -0.02329  0.04412   0.359538  -0.318122 -0.0905206  -0.00241927 -0.000610787  -0.00540591   0.012262 -0.0858684  0.0352057 -1.87335 -1.95425 -9.42804 
               181.3 0.107723  23.6123 -113.071  1.74002 -3.34499  0.31411 0 0 0   -0.011 -0.02329  0.04412   0.480573  -0.404542 -0.0613666  -0.00241545 -0.000612305   -0.0054037  0.0122234 -0.0857905  0.0350243 -1.87338 -1.95426 -9.42803 
               181.4 0.509167  22.8191 -110.414  1.79982 -3.39091 0.304705 0 0 0   -0.011 -0.02329  0.04412   0.593176  -0.475445 -0.0660759  -0.00239826 -0.000609127  -0.00541416  0.0121446 -0.0865082  0.0353667 -1.87327 -1.95433 -9.42804 
               181.5  1.60885  22.2852 -107.849   1.8664  -3.4399 0.301268 0 0 0   -0.011 -0.02329  0.04412  0.634092 -0.487707 -0.022063   -0.0024277 -0.000615674  -0.00540956  0.0124157 -0.0869593  0.0351683 -1.87321 -1.95438 -9.42804 
               181.6 2.66464 23.4176 -104.97  1.92801 -3.48747 0.299552 0 0 0   -0.011 -0.02329  0.04412   0.55659 -0.443731 0.0384208  -0.00244122 -0.000640121  -0.00540197  0.0122871 -0.0870513  0.0355624 -1.87317 -1.95436 -9.42805 
               181.7  2.94269  25.6487 -102.491  1.96927  -3.5291 0.299482 0 0 0   -0.011 -0.02329  0.04412  0.388519 -0.303737 0.0257555  -0.00241727 -0.000677896  -0.00539947  0.0116188 -0.0865261  0.0357289 -1.87328 -1.95435 -9.42803 
               181.8  3.70661   26.725 -100.196  2.00128 -3.55054 0.305101 0 0 0   -0.011 -0.02329  0.04412  0.241899  -0.15108 0.0617178  -0.00242683 -0.000732473  -0.00536871 0.0117758 -0.086557 0.0356355 -1.87327 -1.95435 -9.42804 
               181.9 4.67375 26.7561 -98.529  2.02211 -3.56082  0.30998 0 0 0   -0.011 -0.02329  0.04412  0.166352 -0.107336 0.0211862  -0.00242013 -0.000713277  -0.00536251  0.0120296 -0.0865453  0.0356914 -1.87325 -1.95431 -9.42805 
                 182   4.8566  26.8064 -97.5897  2.03481 -3.57077 0.307814 0 0 0   -0.011 -0.02329  0.04412    0.113134  -0.0745376 -0.00619972   -0.0024235 -0.000692914  -0.00534849  0.0117819 -0.0864056  0.0359358 -1.87326  -1.9543 -9.42805 
               182.1  4.65941  26.5225 -96.7401 2.04899 -3.5774 0.30975 0 0 0   -0.011 -0.02329  0.04412   0.100473 -0.0816001  0.0146684  -0.00241525 -0.000713622  -0.00533241  0.0120328 -0.0867366  0.0358475 -1.87322 -1.95431 -9.42805 
               182.2  4.49616  26.1247 -96.5416  2.06237 -3.59239 0.311248 0 0 0   -0.011 -0.02329  0.04412    0.111022   -0.123983 -0.00257018  -0.00242498 -0.000711189  -0.00532036  0.0116744 -0.0871768  0.0355878 -1.87318 -1.95441 -9.42804 
               182.3  4.75514  25.7172 -96.5654  2.07086 -3.60424 0.309024 0 0 0   -0.011 -0.02329  0.04412  0.0822644  -0.157575 -0.0365512 -0.00240617 -0.00070828  -0.0053215  0.0118065 -0.0869887   0.035699  -1.8732 -1.95437 -9.42805 
               182.4  5.25654  24.1394 -97.4913  2.08159 -3.62649 0.303144 0 0 0   -0.011 -0.02329  0.04412  0.0616854  -0.276081 -0.0670995  -0.00241744 -0.000721963  -0.00531004  0.0116911 -0.0873672  0.0356523 -1.87315 -1.95441 -9.42805 
               182.5  5.65931  22.4521 -98.8801  2.09013 -3.66529 0.298193 0 0 0   -0.011 -0.02329  0.04412 0.0469765 -0.415647 0.0123214 -0.0024197   -0.00068 -0.0053096  0.0113016 -0.0877529  0.0356189  -1.8731 -1.95447 -9.42804 
               182.6  5.88523  18.8371 -102.458 2.09768 -3.7122  0.3066 0 0 0   -0.011 -0.02329  0.04412 -0.00885934   -0.435014     0.17862  -0.00241641 -0.000684437  -0.00530967 0.0109147 -0.088308 0.0356245 -1.87303 -1.95455 -9.42804 
               182.7  8.72065  15.1823 -109.735  2.09506 -3.75424 0.331217 0 0 0   -0.011 -0.02329  0.04412 -0.0622105  -0.442764    0.26558  -0.00242633 -0.000641599  -0.00527812  0.0111989 -0.0885055  0.0355876   -1.873 -1.95453 -9.42805 
               182.8  12.6312  14.4494 -118.646 2.09221  -3.796 0.34922 0 0 0   -0.011 -0.02329  0.04412 0.00723854  -0.387597   0.151141  -0.00246026 -0.000622716  -0.00523694 0.0110511 -0.088479 0.0360125 -1.87297  -1.9545 -9.42806 
               182.9    15.84  14.2012 -126.695  2.10221 -3.83195 0.359716 0 0 0   -0.011 -0.02329  0.04412  0.120165 -0.318923 0.0804962  -0.00248362 -0.000596843   -0.0052586  0.0110142 -0.0888937  0.0361766 -1.87291 -1.95453 -9.42807 
                 183  18.8537  13.5642 -133.105   2.1096 -3.85648 0.368025 0 0 0   -0.011 -0.02329  0.04412  0.178323 -0.274344 0.0391694 -0.00245189 -0.00054073 -0.00529253  0.0113051 -0.0880251  0.0358061 -1.87303 -1.95442 -9.42807 
               183.1  20.7879  13.0009 -140.025   2.1342 -3.88522 0.370402 0 0 0   -0.011 -0.02329  0.04412   0.288859  -0.268168 -0.0188581  -0.00246177 -0.000488189  -0.00536148  0.0112922 -0.0882624  0.0357639 -1.87301 -1.95446 -9.42806 
               183.2  22.1061  12.6969 -146.445  2.17418  -3.9072 0.365433 0 0 0   -0.011 -0.02329  0.04412   0.415569  -0.207005 -0.0800721  -0.00242971 -0.000440648  -0.00537433  0.0117725 -0.0885249  0.0359036 -1.87292 -1.95445 -9.42808 
               183.3  24.0892  12.5656 -152.589  2.22291 -3.93075 0.358024 0 0 0   -0.011 -0.02329  0.04412   0.490429   -0.17873 -0.0338264  -0.00239419 -0.000386143  -0.00541728 0.0115819 -0.089098 0.0361097 -1.87289 -1.95457 -9.42807 
               183.4  25.3551  13.0891 -156.551   2.2706 -3.95439 0.353746 0 0 0   -0.011 -0.02329  0.04412  0.442734 -0.249618 0.0429518  -0.00237438 -0.000360254  -0.00543782  0.0111359 -0.0891715  0.0365885  -1.8729 -1.95461 -9.42805 
               183.5   24.927  14.4349 -152.917  2.30272 -3.98549 0.356401 0 0 0   -0.011 -0.02329  0.04412  0.248509 -0.366836 0.0418225  -0.00235602 -0.000322575  -0.00546164  0.0108575 -0.0888692  0.0367475 -1.87293 -1.95456 -9.42806 
               183.6  24.1131  16.0982 -147.031  2.32459 -4.02616 0.358805 0 0 0   -0.011 -0.02329  0.04412  0.179049 -0.374059 0.0133364  -0.00231848 -0.000356669  -0.00552828  0.0107915 -0.0892267   0.036944 -1.87293 -1.95464 -9.42804 
               183.7 22.7621 17.0619 -141.93  2.33746 -4.06555   0.3617 0 0 0   -0.011 -0.02329  0.04412  0.0761085  -0.341566 0.00166141  -0.00232613 -0.000409682  -0.00554421  0.0106497 -0.0896551  0.0368008 -1.87299 -1.95472 -9.42802 
               183.8  21.5991  18.4725 -139.418  2.33986  -4.1001 0.363976 0 0 0   -0.011 -0.02329  0.04412 -0.0513308  -0.315949   0.018795  -0.00236691 -0.000438546  -0.00551652  0.0106675 -0.0899396  0.0367464   -1.873 -1.95477   -9.428 
               183.9  20.3124  20.0579 -139.111  2.32898 -4.12687   0.3676 0 0 0   -0.011 -0.02329  0.04412 -0.185185 -0.279636 0.0313859  -0.00241618 -0.000474112  -0.00546555  0.0109256 -0.0897288  0.0365692 -1.87298 -1.95472 -9.42802 
                 184  19.3871  21.1831 -139.933  2.30695 -4.15283 0.371668 0 0 0   -0.011 -0.02329  0.04412 -0.307504 -0.244278 0.0640871  -0.00243166 -0.000479115  -0.00541747 0.0111581 -0.089762 0.0366714 -1.87292 -1.95473 -9.42803 
               184.1  19.2786   21.455 -142.012  2.26956  -4.1808 0.380124 0 0 0   -0.011 -0.02329  0.04412 -0.428445 -0.227057 0.0936028  -0.00246546 -0.000468606  -0.00538801 0.0108198 -0.090164 0.0366806 -1.87298 -1.95482   -9.428 
               184.2  19.1217  21.7126 -147.076  2.22046 -4.19935 0.384521 0 0 0   -0.011 -0.02329  0.04412 -0.560222 -0.161125 0.0770452  -0.00251924 -0.000448762  -0.00537385  0.0107271 -0.0898271   0.037078 -1.87293 -1.95476 -9.42802 
               184.3  20.8735  23.3572 -156.515  2.15629 -4.20005 0.395419 0 0 0   -0.011 -0.02329  0.04412 -0.692019 0.0651171  0.101548  -0.00254198 -0.000425037  -0.00529718 0.0111465 -0.089447 0.0368162 -1.87291 -1.95468 -9.42804 
               184.4   24.186  25.7704 -167.813  2.08661 -4.19673 0.408129 0 0 0   -0.011 -0.02329  0.04412 -0.593649 0.0607222  0.157702  -0.00260868 -0.000363511  -0.00523304  0.0104775 -0.0896443  0.0365995 -1.87304 -1.95472   -9.428 
               184.5  25.3706  27.8707 -176.246  2.03596 -4.19375   0.4227 0 0 0   -0.011 -0.02329  0.04412  -0.441821 -0.0105286   0.157202  -0.00270287 -0.000289492   -0.0051826  0.0105121 -0.0895838  0.0368529   -1.873 -1.95471 -9.42801 
               184.6 25.0019 29.2752 176.039  1.99766 -4.20469 0.440243 0 0 0   -0.011 -0.02329  0.04412  -0.374353 -0.0748482   0.123721   -0.0026812 -0.000227886  -0.00527485  0.0106643 -0.0904362  0.0367728 -1.87303 -1.95489 -9.42797 
               184.7 24.0025 31.0131 168.782  1.96564 -4.21545 0.450102 0 0 0   -0.011 -0.02329  0.04412 -0.304994 -0.106666 0.0802989  -0.00265967 -0.000128995  -0.00531159  0.0108318 -0.0906137  0.0369682 -1.87299 -1.95495 -9.42797 
               184.8 23.6581 32.2099 163.727  1.94003 -4.22939 0.454007 0 0 0   -0.011 -0.02329  0.04412 -0.240752 -0.144152  0.036105  -0.00267485 -0.000104775  -0.00533771  0.0108601 -0.0906563  0.0373013 -1.87294 -1.95498 -9.42797 
               184.9 23.6862 33.4124 160.146  1.92214 -4.24556 0.452953 0 0 0   -0.011 -0.02329  0.04412 -0.182095 -0.199294 0.0117116   -0.0026707 -8.17102e-05  -0.00536489  0.0110154 -0.0903393  0.0377051 -1.87282 -1.95498 -9.42799 
                 185 23.9236 34.3397 157.591  1.90918 -4.27164 0.454549 0 0 0   -0.011 -0.02329  0.04412 -0.0756128   -0.27354   0.040869  -0.00268013 -7.02152e-05  -0.00537665  0.0110827 -0.0905363  0.0379655 -1.87282 -1.95504 -9.42798 
               185.1 25.0308 34.1529 155.098  1.90497 -4.30287 0.459567 0 0 0   -0.011 -0.02329  0.04412 -0.0193055  -0.364363  0.0851714  -0.00267014 -7.13568e-05  -0.00538781  0.0109853 -0.0905109  0.0380023 -1.87283 -1.95503 -9.42798 
               185.2  26.378 33.4696 154.156   1.9017 -4.34938 0.481666 0 0 0   -0.011 -0.02329  0.04412 -0.0312991  -0.504028   0.193058  -0.00269009 -3.64065e-05  -0.00539879    0.01164 -0.0912156  0.0374806 -1.87293 -1.95518 -9.42793 
               185.3 27.3017 30.8287 157.025  1.89364 -4.40257 0.504163 0 0 0   -0.011 -0.02329  0.04412 -0.0731433  -0.582989   0.240718 -0.00266671 1.55708e-06  -0.0054644  0.0112984 -0.0913392  0.0372057 -1.87302 -1.95511 -9.42793 
               185.4  27.336 28.5394 162.582  1.88326 -4.46386 0.526981 0 0 0   -0.011 -0.02329  0.04412 -0.162669 -0.540152  0.196425  -0.00259854 -2.07077e-05  -0.00552926  0.0115862 -0.0915534  0.0374977 -1.87301 -1.95523 -9.42791 
               185.5 27.5207 28.3296 168.025  1.87007 -4.51588 0.539069 0 0 0   -0.011 -0.02329  0.04412 -0.140383 -0.470968   0.14059  -0.00252467 -6.29168e-05  -0.00556714  0.0116314 -0.0912863  0.0381183  -1.8729 -1.95527 -9.42792 
               185.6  27.837 26.9317 173.315  1.85466 -4.56232 0.549405 0 0 0   -0.011 -0.02329  0.04412 -0.0943293   -0.42415   0.108906  -0.00256284 -0.000155223  -0.00553771  0.0112437 -0.0915602   0.038371 -1.87299 -1.95527  -9.4279 
               185.7 27.3155 24.5684 177.386  1.84143 -4.60146 0.563354 0 0 0   -0.011 -0.02329  0.04412 -0.0745564  -0.330594   0.117009  -0.00257672 -0.000164333  -0.00553359 0.0109912  -0.09208 0.0380066 -1.87316 -1.95526 -9.42787 
               185.8  26.416 22.4856 179.412  1.83084 -4.62451 0.576272 0 0 0   -0.011 -0.02329  0.04412 -0.0934186  -0.215407   0.114903  -0.00255706 -0.000162482  -0.00551817  0.0106681 -0.0918989  0.0375581 -1.87321 -1.95514 -9.42788 
               185.9  25.3782  20.6904 -179.089  1.81897  -4.6393 0.585561 0 0 0   -0.011 -0.02329  0.04412 -0.144477 -0.127957 0.0737554   -0.0025437 -0.000165364  -0.00549544   0.010543 -0.0916273  0.0374224 -1.87319 -1.95506  -9.4279 
                 186    25.03  19.2907 -177.382  1.80329 -4.65017 0.591866 0 0 0   -0.011 -0.02329  0.04412  -0.207613 -0.0671687  0.0402485  -0.00254494 -0.000214545    -0.005466  0.0107878 -0.0917075  0.0374929 -1.87316 -1.95511  -9.4279 
               186.1  24.7683  17.9686 -176.329   1.7802 -4.65432 0.590728 0 0 0   -0.011 -0.02329  0.04412  -0.253495 -0.0101029  0.0114335  -0.00252794 -0.000218609  -0.00546622 0.0105937 -0.091546 0.0378522 -1.87313 -1.95509 -9.42791 
               186.2  24.6414  16.6336 -175.729  1.75573 -4.65561 0.590286 0 0 0   -0.011 -0.02329  0.04412 -0.266478 0.0546557 0.0309919  -0.00253255 -0.000253904  -0.00543338 0.0107261 -0.091734 0.0382641  -1.8731 -1.95517  -9.4279 
               186.3  25.2483   14.348 -175.471  1.72813 -4.64631 0.600763 0 0 0   -0.011 -0.02329  0.04412 -0.233694  0.105735  0.122601  -0.00252541 -0.000251978  -0.00543839  0.0106454 -0.0917931  0.0379141 -1.87315 -1.95515 -9.42789 
               186.4  26.0252  10.9696 -176.229  1.70563 -4.64141 0.615992 0 0 0   -0.011 -0.02329  0.04412 -0.200392 0.0888277  0.145031  -0.00253552 -0.000246302  -0.00543492  0.0105874 -0.0924555  0.0379459 -1.87323 -1.95527 -9.42785 
               186.5  26.7627   7.8704 -177.734  1.68924 -4.63374 0.634154 0 0 0   -0.011 -0.02329  0.04412  -0.15663 0.0464117   0.13991  -0.00252127 -0.000222493  -0.00542854  0.0108956 -0.0925462  0.0376588 -1.87321 -1.95529 -9.42785 
               186.6  26.8063  3.97718 -177.945  1.66875 -4.62998 0.649515 0 0 0   -0.011 -0.02329  0.04412 -0.147512 0.0106559  0.102016   -0.0024953 -0.000215146  -0.00542443  0.0104118 -0.0926392     0.0371 -1.87336 -1.95523 -9.42784 
               186.7  26.7347  0.26331 -176.709  1.65944 -4.63373 0.660826 0 0 0   -0.011 -0.02329  0.04412  -0.0879982 -0.00894626   0.0808627  -0.00245562 -0.000214523  -0.00546898  0.0108331 -0.0930831  0.0371379 -1.87332 -1.95535 -9.42782 
               186.8   26.725 -4.57564 -175.255  1.65316 -4.63698 0.666244 0 0 0   -0.011 -0.02329  0.04412  0.0166414 -0.0343497  0.0449424   -0.0024288 -0.000234528  -0.00550613  0.0106152 -0.0931864  0.0373002 -1.87336 -1.95536 -9.42781 
               186.9  25.8285 -11.9262 -173.499  1.66249 -4.64173 0.663743 0 0 0   -0.011 -0.02329  0.04412   0.116005 -0.0443032 -0.0143313   -0.0023994 -0.000222893   -0.0055189  0.0108133 -0.0930137  0.0377892 -1.87329 -1.95538 -9.42782 
                 187  24.8808 -19.1259 -171.323   1.6771  -4.6469 0.668143 0 0 0   -0.011 -0.02329  0.04412   0.121679 -0.0472267 -0.0153401  -0.00237054 -0.000198706  -0.00555486   0.011083 -0.0934096  0.0371736 -1.87329 -1.95543 -9.42781 
               187.1  24.0462 -23.6185 -169.887   1.6897  -4.6519 0.660704 0 0 0   -0.011 -0.02329  0.04412    0.10246 -0.0477694 -0.0214445  -0.00232184 -0.000251706  -0.00556032   0.011303 -0.0931048  0.0377858 -1.87321 -1.95543 -9.42782 
               187.2  23.6351 -26.7296 -169.097  1.70393 -4.65401 0.652092 0 0 0   -0.011 -0.02329  0.04412   0.121673 -0.0384107 -0.0493038  -0.00229456 -0.000317346  -0.00554361  0.0117739 -0.0926445  0.0381815 -1.87308  -1.9554 -9.42785 
               187.3  23.1874 -29.6938 -168.214  1.70734 -4.65909 0.647227 0 0 0   -0.011 -0.02329  0.04412  0.0927755 -0.0478546 -0.0508537 -0.00225891 -0.00033744  -0.0055359   0.010967 -0.0925803  0.0383517 -1.87325 -1.95536 -9.42783 
               187.4  22.5441 -32.1583 -166.924  1.71276  -4.6587 0.643404 0 0 0   -0.011 -0.02329  0.04412  0.0751277 -0.0296351 -0.0475511 -0.00223998 -0.00036631 -0.00552283  0.0106601 -0.0920884  0.0381061 -1.87329 -1.95525 -9.42785 
               187.5  21.9422 -34.5519 -165.436  1.72296 -4.66249 0.642377 0 0 0   -0.011 -0.02329  0.04412  0.0778673 -0.0289973 -0.0384773  -0.00223204 -0.000367758  -0.00553004  0.0107312 -0.0924122  0.0377313 -1.87326 -1.95528 -9.42784 
               187.6  21.2272 -36.8835  -163.85  1.72667 -4.65998 0.635015 0 0 0   -0.011 -0.02329  0.04412  0.0653488 -0.0102845 -0.0502057  -0.00221646 -0.000375161  -0.00553576 0.0106321   -0.0917 0.0379011 -1.87328 -1.95516 -9.42786 
               187.7  20.2733 -39.4015 -162.012  1.73015 -4.66222 0.633857 0 0 0   -0.011 -0.02329  0.04412  0.0604434 -0.0123753 -0.0447518  -0.00220805 -0.000367165  -0.00553463  0.0100998 -0.0918302  0.0377469 -1.87337 -1.95516 -9.42785 
               187.8  19.4576 -41.7108 -160.279  1.73736 -4.66308 0.629927 0 0 0   -0.011 -0.02329  0.04412   0.0558132 -0.00939087  -0.0351721  -0.00219745 -0.000388785   -0.0055272  0.0102057 -0.0918783  0.0376609 -1.87335 -1.95517 -9.42785 
               187.9  18.9033 -43.5401 -158.723  1.74523  -4.6586 0.619597 0 0 0   -0.011 -0.02329  0.04412  0.0519518 0.00360556  -0.044413  -0.00216209 -0.000409353  -0.00553771  0.0109324 -0.0913076  0.0378401 -1.87324 -1.95509 -9.42789 
                 188  18.4855 -44.7294 -157.073  1.74819 -4.65851 0.614378 0 0 0   -0.011 -0.02329  0.04412    0.0399713 -0.000312603   -0.0464086  -0.00216118 -0.000438874  -0.00551834 0.0108948 -0.091208 0.0379887 -1.87326 -1.95508 -9.42789 
               188.1  18.0498 -45.8664 -155.468  1.75055 -4.65595  0.61149 0 0 0   -0.011 -0.02329  0.04412  0.0338559 0.00184206 -0.0269412  -0.00215063 -0.000441258  -0.00552954  0.0107638 -0.0909368  0.0378262 -1.87328 -1.95502 -9.42789 
               188.2  17.7794 -46.7146 -154.351    1.751 -4.65247 0.606861 0 0 0   -0.011 -0.02329  0.04412  0.0258111 0.00410626 -0.0258767  -0.00216123 -0.000441412  -0.00551658  0.0107824 -0.0904553  0.0379341  -1.8733 -1.95495  -9.4279 
               188.3   17.286 -47.2251 -153.437  1.75607 -4.64686 0.605191 0 0 0   -0.011 -0.02329  0.04412   0.031145 0.00250625 -0.0154186  -0.00214309 -0.000460178  -0.00550987  0.0110081 -0.0901087   0.037425 -1.87323 -1.95485 -9.42794 
               188.4 16.9392 -47.572 -152.86  1.75698 -4.64338 0.606616 0 0 0   -0.011 -0.02329  0.04412   0.023429 0.00383528 0.00333851  -0.00213797 -0.000459089  -0.00550273  0.0107644 -0.0897745  0.0371225 -1.87325 -1.95477 -9.42795 
               188.5  15.3778 -47.9294 -150.335  1.75828 -4.64291 0.605862 0 0 0   -0.011 -0.02329  0.04412    0.019237 0.000956768 0.000549882  -0.0021289  -0.0004773 -0.00548638 0.0107994 -0.089653 0.0372312 -1.87327 -1.95476 -9.42795 
               188.6  12.4575 -48.3622 -145.034  1.76302 -4.64046 0.604618 0 0 0   -0.011 -0.02329  0.04412  0.0278613 0.00812871 -0.0131066  -0.00212873 -0.000475179  -0.00549425  0.0110598 -0.0896111  0.0370215 -1.87321 -1.95473 -9.42797 
               188.7   9.6409 -48.6661 -138.903  1.76761 -4.63464 0.597791 0 0 0   -0.011 -0.02329  0.04412   0.035561   0.017342 -0.0299755  -0.00215455 -0.000507553  -0.00550567  0.0116744 -0.0892464   0.037005 -1.87314 -1.95466   -9.428 
               188.8  6.86261 -48.8108 -132.832  1.76833 -4.63163 0.594702 0 0 0   -0.011 -0.02329  0.04412  0.0361815  0.0104556 -0.0279484    -0.002147 -0.000510759  -0.00549832  0.0115727 -0.0889038  0.0370625 -1.87318 -1.95462   -9.428 
               188.9  3.47244 -48.7652 -126.032  1.76856 -4.63079 0.598548 0 0 0   -0.011 -0.02329  0.04412    0.0320186  -0.00193841 -0.000147121  -0.00215112 -0.000488214  -0.00549772 0.0109095 -0.088739 0.0367512 -1.87325 -1.95459 -9.42799 
                 189 0.168534 -48.4183 -119.603  1.77223 -4.62921 0.596264 0 0 0   -0.011 -0.02329  0.04412     0.03531 -0.00924577  0.00117452 -0.00215106  -0.0004836 -0.00551361  0.0112236 -0.0885504  0.0367785 -1.87323 -1.95455   -9.428 
               189.1 -2.52775 -47.8712  -114.15  1.77419 -4.62379 0.594455 0 0 0   -0.011 -0.02329  0.04412   0.0313146  0.00285549 -0.00088223  -0.00216075 -0.000486158  -0.00550583  0.0115858 -0.0880023  0.0365682 -1.87323 -1.95444 -9.42802 
               189.2 -4.66089 -47.2292 -109.655  1.77657 -4.62172 0.594916 0 0 0   -0.011 -0.02329  0.04412  0.0239306 0.00353535 0.00609824  -0.00216892 -0.000472112  -0.00550596  0.0116446 -0.0878475  0.0364343 -1.87323 -1.95441 -9.42803 
               189.3 -6.25416 -46.4869 -105.775  1.77749 -4.61796 0.596895 0 0 0   -0.011 -0.02329  0.04412  0.0175488 0.00534018  0.0185411  -0.00215534 -0.000476125  -0.00547884  0.011701 -0.087563 0.0361653 -1.87324 -1.95435 -9.42804 
               189.4 -7.10074 -45.6379 -102.835  1.7781 -4.6138 0.59774 0 0 0   -0.011 -0.02329  0.04412  0.0123895 0.00191321  0.0214579  -0.00217737 -0.000492432  -0.00546356  0.0120241 -0.0872811  0.0360035 -1.87324 -1.95427 -9.42806 
               189.5 -7.11383 -45.0205 -101.164  1.77782 -4.60892 0.598758 0 0 0   -0.011 -0.02329  0.04412 0.00805615 0.00324721  0.0174771  -0.00219189 -0.000494474  -0.00544285  0.0123626 -0.0869443  0.0357756 -1.87326 -1.95419 -9.42807 
               189.6 -6.40261 -44.1004 -100.466   1.7759 -4.60795 0.603013 0 0 0   -0.011 -0.02329  0.04412 0.00529615  -0.032847  0.0553315  -0.00218902 -0.000490549  -0.00542701   0.012381 -0.0866158  0.0356069 -1.87329 -1.95415 -9.42807 
               189.7 -5.72152 -42.2059 -100.359  1.76785 -4.61408 0.612613 0 0 0   -0.011 -0.02329  0.04412 -0.00163434  -0.0843926   0.0866145 -0.00217553 -0.00048259 -0.00542735   0.012046 -0.0857867  0.0356811 -1.87342 -1.95416 -9.42804 
               189.8 -4.98631 -39.8164  -101.04  1.76814 -4.62132 0.617876 0 0 0   -0.011 -0.02329  0.04412 -0.00528449   -0.101792   0.0820537  -0.00220362 -0.000494376   -0.0053971  0.0124866 -0.0857845  0.0357943 -1.87341 -1.95412 -9.42805 
               189.9 -3.72257  -37.171 -102.007  1.76431 -4.63311 0.625324 0 0 0   -0.011 -0.02329  0.04412 -0.0191698  -0.111153  0.0727091   -0.0021899 -0.000502504  -0.00539306  0.0124389 -0.0855416  0.0359946 -1.87345 -1.95415 -9.42804 
                 190 -2.25258 -34.7134 -102.494  1.75817 -4.64207 0.630164 0 0 0   -0.011 -0.02329  0.04412 -0.0309735 -0.0922213  0.0455913  -0.00221223 -0.000510929  -0.00538961  0.0126092 -0.0851722  0.0361114  -1.8735 -1.95413 -9.42804 
               190.1  -1.2109 -32.8949  -102.43 1.75402 -4.6509 0.63345 0 0 0   -0.011 -0.02329  0.04412  -0.017077 -0.0897738  0.0280353  -0.00222522 -0.000501607  -0.00539503  0.0126119 -0.0849942  0.0361746 -1.87353 -1.95413 -9.42803 
               190.2 -0.421984  -31.3133    -102.6  1.74691 -4.65788 0.642097 0 0 0   -0.011 -0.02329  0.04412 -0.0223649 -0.0945058  0.0452749   -0.0022309 -0.000460313   -0.0053925  0.0123532 -0.0843646  0.0356485 -1.87362  -1.9541 -9.42802 
               190.3 0.256084 -29.5045 -102.784  1.74265 -4.66413 0.646694 0 0 0   -0.011 -0.02329  0.04412 -0.0224703 -0.0979631   0.053041  -0.00223356 -0.000463559  -0.00539451  0.0126117 -0.0840739   0.035499 -1.87365 -1.95404 -9.42802 
               190.4 0.231323 -26.9894 -102.083  1.74608 -4.67568 0.649466 0 0 0   -0.011 -0.02329  0.04412 0.00735711  -0.126245  0.0526847  -0.00225618 -0.000451959  -0.00538001 0.0127935 -0.084542   0.03572 -1.87358 -1.95405 -9.42804 
               190.5 -0.507639  -23.4746  -100.331  1.74423 -4.68669 0.657793 0 0 0   -0.011 -0.02329  0.04412 -0.00410507   -0.116914   0.0562637 -0.00225574  -0.0004689 -0.00539288  0.0127283 -0.0842764  0.0353937 -1.87362 -1.95402 -9.42803 
               190.6 -0.340496  -20.5302  -99.4339  1.74246 -4.69608 0.661238 0 0 0   -0.011 -0.02329  0.04412 -0.00315389  -0.0926029   0.0360833  -0.00227223 -0.000489252  -0.00540854  0.0128865 -0.0841123  0.0354834 -1.87363 -1.95401 -9.42803 
               190.7  0.18431 -18.4844 -99.3806  1.73886  -4.7015 0.664634 0 0 0   -0.011 -0.02329  0.04412 -0.00492596  -0.0625509   0.0216416  -0.00229847 -0.000467146   -0.0053728  0.0130282 -0.0837411  0.0353496 -1.87368 -1.95397 -9.42803 
               190.8 0.650689 -17.0606 -99.7027   1.7374 -4.70351 0.670513 0 0 0   -0.011 -0.02329  0.04412 -0.00082466   -0.044389   0.0284619 -0.00232035 -0.00045201 -0.00534562  0.0131386 -0.0835642  0.0348394 -1.87371 -1.95392 -9.42804 
               190.9  1.06853 -15.6112 -100.368    1.738 -4.71326 0.672848 0 0 0   -0.011 -0.02329  0.04412   0.006041 -0.0697389  0.0266253  -0.00234676 -0.000424853  -0.00532502  0.0127434 -0.0836754  0.0350572  -1.8737 -1.95399 -9.42802 
                 191  1.64429 -14.1281 -101.417  1.73714 -4.71688 0.670712 0 0 0   -0.011 -0.02329  0.04412 -0.00921667  -0.0549729  0.00902933  -0.00234763 -0.000436093  -0.00530878  0.0131581 -0.0835489  0.0353925  -1.8737 -1.95394 -9.42803 
               191.1  2.65382 -13.2426 -102.914  1.73869 -4.71852 0.669301 0 0 0   -0.011 -0.02329  0.04412 -0.00507603  -0.0354194 -0.00258427  -0.00237358 -0.000429426  -0.00529853 0.0135534 -0.083756 0.0354748 -1.87367 -1.95389 -9.42805 
               191.2  3.95678 -13.2117 -105.723  1.73913  -4.7256 0.669544 0 0 0   -0.011 -0.02329  0.04412  0.00148284  -0.0325349 -0.00820212  -0.00239736 -0.000431294  -0.00527887  0.0131592 -0.0838941  0.0355061 -1.87365 -1.95395 -9.42804 
               191.3  5.79465 -13.7951 -111.053  1.73736 -4.72829 0.663497 0 0 0   -0.011 -0.02329  0.04412 -0.00934389  -0.0264152  -0.0235306  -0.00240906 -0.000424566     -0.00527  0.0132864 -0.0837172   0.035978 -1.87366 -1.95393 -9.42804 
               191.4  7.66285 -14.2081 -116.532  1.73018  -4.7313 0.663877 0 0 0   -0.011 -0.02329  0.04412 -0.0377109 -0.0197726 -0.0133803  -0.00240833 -0.000393614  -0.00523883  0.0130538 -0.0832282  0.0357529 -1.87374 -1.95395 -9.42803 
               191.5  9.21525 -14.2012 -120.532  1.72008 -4.73023 0.669882 0 0 0   -0.011 -0.02329  0.04412  -0.0670595 -0.00302239  0.00875914  -0.00241564 -0.000363291  -0.00524842  0.0129986 -0.0827092  0.0350152 -1.87383 -1.95393 -9.42801 
               191.6  10.4034 -13.8272 -123.451  1.71269 -4.73042 0.673359 0 0 0   -0.011 -0.02329  0.04412  -0.0743684 0.000828742   0.0173611  -0.00240549 -0.000360402  -0.00529245  0.0129266 -0.0826849  0.0347746 -1.87385 -1.95394 -9.42801 
               191.7  11.5463 -13.2312 -125.796  1.70638 -4.72019 0.672926 0 0 0   -0.011 -0.02329  0.04412 -0.0779691   0.038475  0.0139341  -0.00238305 -0.000373405  -0.00530267  0.0138272 -0.0824352  0.0347206 -1.87381 -1.95381 -9.42804 
               191.8  12.3354 -12.2316 -126.884  1.70076 -4.71932 0.675844 0 0 0   -0.011 -0.02329  0.04412 -0.0692565  0.0215206  0.0235407  -0.00239088 -0.000377087  -0.00532343  0.0136902 -0.0827283  0.0346804  -1.8738 -1.95385 -9.42804 
               191.9  12.4844 -10.8888 -126.383  1.69896 -4.71791 0.676494 0 0 0   -0.011 -0.02329  0.04412 -0.0537272 0.00333101  0.0218983  -0.00240117 -0.000395745  -0.00532643  0.0139773 -0.0830737  0.0348632 -1.87373 -1.95385 -9.42805 
                 192  12.4222 -8.78608 -125.297  1.69656 -4.72234 0.678669 0 0 0   -0.011 -0.02329  0.04412 -0.0507418 -0.0342325   0.022106   -0.0024098 -0.000415306  -0.00536309  0.0138856 -0.0835115  0.0349936 -1.87369 -1.95391 -9.42804 
               192.1  12.3002 -5.80359  -124.58  1.68469 -4.73211 0.679751 0 0 0   -0.011 -0.02329  0.04412 -0.0750537 -0.0827678  0.0178627  -0.00240318 -0.000433855  -0.00537032  0.0132263 -0.0832565  0.0352196 -1.87378 -1.95395 -9.42802 
               192.2  12.1046 -2.72418  -124.62  1.67475 -4.74355 0.679772 0 0 0   -0.011 -0.02329  0.04412 -0.0722214 -0.0883189 0.00200861  -0.00242594 -0.000463858  -0.00534553  0.0128697 -0.0831786  0.0354019 -1.87381 -1.95398   -9.428 
               192.3    11.956 -0.816924  -124.754  1.66758 -4.74706  0.67876 0 0 0   -0.011 -0.02329  0.04412 -0.0585138 -0.0494325 -0.0054507   -0.0024378 -0.000465742  -0.00531313  0.0131343 -0.0828795  0.0353775 -1.87381 -1.95392 -9.42802 
               192.4  12.0301 0.296429 -125.851  1.66574 -4.75195 0.682082 0 0 0   -0.011 -0.02329  0.04412  -0.040342 -0.0380276 0.00439957  -0.00247145 -0.000458751  -0.00530892  0.0132472 -0.0832604  0.0350594 -1.87379 -1.95395 -9.42802 
               192.5  12.4598  1.13772 -128.607  1.66318 -4.75251 0.678672 0 0 0   -0.011 -0.02329  0.04412  -0.0443021  -0.0129044 -0.00759419  -0.00249746 -0.000442668  -0.00528879 0.0135487 -0.083185 0.0353881 -1.87374 -1.95391 -9.42803 
               192.6  13.2833  1.87405 -132.323  1.65285 -4.75442 0.677788 0 0 0   -0.011 -0.02329  0.04412  -0.0732483   0.0073669 -0.00788718  -0.00250743 -0.000421975  -0.00528281  0.0131308 -0.0828955  0.0353628 -1.87381 -1.95392 -9.42802 
               192.7  14.3346  2.32288 -135.936  1.64468 -4.75112 0.673508 0 0 0   -0.011 -0.02329  0.04412 -0.0671676  0.0350954 -0.0181064  -0.00250363 -0.000431302  -0.00525637 0.0131495 -0.082647 0.0356494 -1.87381 -1.95389 -9.42802 
               192.8  15.3465  2.37826 -139.259  1.63966 -4.74867 0.670338 0 0 0   -0.011 -0.02329  0.04412 -0.0534631  0.0396865 -0.0240777  -0.00251021 -0.000402285   -0.0052731  0.0130888 -0.0828027  0.0358087 -1.87379 -1.95391 -9.42802 
               192.9  16.0663  2.36882 -142.057  1.63443 -4.74576 0.668268 0 0 0   -0.011 -0.02329  0.04412 -0.0506578  0.0430952   -0.02235  -0.00251324 -0.000383253  -0.00528094  0.0129778 -0.0828878  0.0357989  -1.8738 -1.95393 -9.42802 
                 193  16.7627  2.29529 -144.244  1.62905 -4.73776 0.671548 0 0 0   -0.011 -0.02329  0.04412  -0.0541154    0.062589 -0.00450599 -0.00250229 -0.00036733 -0.00529601   0.013207 -0.0827905  0.0352425 -1.87382 -1.95391 -9.42802 
               193.1  17.5066  2.14753 -145.986  1.62719 -4.73057 0.675079 0 0 0   -0.011 -0.02329  0.04412 -0.0378729  0.0735923 0.00493586  -0.00249148 -0.000365283  -0.00530539 0.0134923 -0.083043 0.0349116  -1.8738 -1.95393 -9.42802 
               193.2  18.1787  1.76778 -147.439  1.62846 -4.72669  0.67759 0 0 0   -0.011 -0.02329  0.04412 -0.0144746  0.0651703  0.0115931  -0.00248184 -0.000347827  -0.00533197  0.0136413 -0.0836121  0.0348808 -1.87376   -1.954 -9.42801 
               193.3  18.6876  1.32448 -148.447  1.62866 -4.72175 0.676548 0 0 0   -0.011 -0.02329  0.04412 -0.000321357    0.0639134   0.00376474  -0.00249613 -0.000345972  -0.00533707  0.0136309 -0.0837475  0.0351379 -1.87374 -1.95403 -9.42801 
               193.4  18.9248  0.43101 -148.769  1.62815 -4.71585  0.67376 0 0 0   -0.011 -0.02329  0.04412   0.0159732   0.0666955 -0.00681466   -0.0024775 -0.000340706  -0.00534705  0.0134697 -0.0836537  0.0354244 -1.87374 -1.95402 -9.42801 
               193.5   18.8741 -0.956459  -148.735    1.629 -4.70755 0.670218 0 0 0   -0.011 -0.02329  0.04412   0.021292  0.0707599 -0.0128375 -0.00246192 -0.00033928 -0.00537508  0.0134175 -0.0833733  0.0356295 -1.87374 -1.95398 -9.42802 
               193.6  18.6006 -2.27841 -148.642  1.63067 -4.70318 0.666191 0 0 0   -0.011 -0.02329  0.04412  0.0168329  0.0590905 -0.0234539  -0.00244607 -0.000341894  -0.00537964  0.0132722 -0.0834698   0.035942 -1.87374 -1.95401 -9.42801 
               193.7  18.2247 -3.61642  -148.37  1.63735 -4.70138  0.67271 0 0 0   -0.011 -0.02329  0.04412 0.0355526 0.0496502 0.0044056  -0.00244527 -0.000346302  -0.00539042  0.0135277 -0.0842832  0.0353187 -1.87374 -1.95411 -9.42799 
               193.8  17.8584 -5.04456 -148.137  1.63229 -4.69742 0.670874 0 0 0   -0.011 -0.02329  0.04412   0.00993771    0.0493848 -0.000661854  -0.00241896 -0.000348277  -0.00537579  0.0127684 -0.0839452  0.0354532 -1.87385 -1.95407 -9.42798 
               193.9  17.6332 -6.52737 -148.023  1.64007 -4.68806 0.669912 0 0 0   -0.011 -0.02329  0.04412   0.0370189   0.0692884 -0.00675923  -0.00241851 -0.000374319  -0.00538132  0.0134934 -0.0838682  0.0354724 -1.87374 -1.95405   -9.428 
                 194  17.5746 -8.50302 -147.948  1.64127 -4.68296 0.666708 0 0 0   -0.011 -0.02329  0.04412  0.0380705  0.0720771 -0.0194555  -0.00242721 -0.000367677  -0.00538191  0.0131418 -0.0838448  0.0357172 -1.87378 -1.95406 -9.42799 
               194.1  17.6022 -10.8538 -147.701  1.64129   -4.676 0.668191 0 0 0   -0.011 -0.02329  0.04412  0.0358131  0.0787845 -0.0143056  -0.00239168 -0.000356697  -0.00538453  0.0127425 -0.0838168  0.0353587 -1.87386 -1.95405 -9.42798 
               194.2  17.8176 -13.5334 -147.468  1.64608 -4.66802 0.668422 0 0 0   -0.011 -0.02329  0.04412  0.0483089  0.0810697 -0.0133127 -0.00238556 -0.00034995  -0.0053919   0.012777 -0.0839047  0.0351875 -1.87386 -1.95406 -9.42798 
               194.3  17.9813 -16.1845 -147.423   1.6521 -4.65971 0.663612 0 0 0   -0.011 -0.02329  0.04412  0.0481907  0.0690154 -0.0257882  -0.00236314 -0.000347541  -0.00537359  0.0129551 -0.0837974  0.0354763 -1.87382 -1.95405 -9.42799 
               194.4  17.9385 -18.5894 -147.381  1.65238 -4.65244 0.655674 0 0 0   -0.011 -0.02329  0.04412  0.0397107  0.0587304 -0.0493374  -0.00233275 -0.000333804  -0.00539764  0.0127208 -0.0833354  0.0358973 -1.87385 -1.95401 -9.42799 
               194.5  17.7432 -21.1452 -147.451  1.65773 -4.65039 0.653217 0 0 0   -0.011 -0.02329  0.04412  0.0517643  0.0325668 -0.0440527 -0.00230192 -0.00035273 -0.00539672  0.0125941 -0.0836728   0.035762 -1.87387 -1.95405 -9.42798 
               194.6  17.4138 -23.7158 -147.382  1.66669 -4.64709 0.649045 0 0 0   -0.011 -0.02329  0.04412  0.0628573  0.0228554 -0.0383766  -0.00228731 -0.000344875  -0.00539345  0.0129007 -0.0838163  0.0357082 -1.87382 -1.95406 -9.42799 
               194.7  17.0544 -25.8103  -147.13   1.6775 -4.64442 0.646392 0 0 0   -0.011 -0.02329  0.04412  0.0776751  0.0205482 -0.0284658   -0.0022675 -0.000361119     -0.00539  0.0132493 -0.0840161  0.0355757 -1.87376 -1.95407   -9.428 
               194.8   16.777 -27.5871 -146.694  1.68915   -4.638 0.640122 0 0 0   -0.011 -0.02329  0.04412  0.0859733  0.0270977 -0.0402789   -0.0022558 -0.000401999  -0.00538034  0.0138594 -0.0837826  0.0356374 -1.87368 -1.95403 -9.42802 
               194.9  16.5589 -29.2573 -146.279  1.70005  -4.6385 0.634165 0 0 0   -0.011 -0.02329  0.04412  0.0952045  0.0100508 -0.0540408  -0.00224846 -0.000431429  -0.00538089  0.0139765 -0.0840555   0.035872 -1.87365 -1.95407 -9.42802 
                 195  16.6072 -30.9693 -146.358   1.7011 -4.63616 0.630953 0 0 0   -0.011 -0.02329  0.04412  0.0610051  0.0065193 -0.0391678  -0.00223176 -0.000441565  -0.00538073  0.0133637 -0.0835396  0.0357672 -1.87376 -1.95402 -9.42801 
               195.1  16.5137 -31.8749 -145.932  1.70631 -4.63155 0.630818 0 0 0   -0.011 -0.02329  0.04412  0.0403433 0.00457768 -0.0064442  -0.00221588 -0.000452745  -0.00538542  0.0134378 -0.0832794  0.0353216 -1.87375 -1.95395 -9.42802 
               195.2  16.1388 -32.0927 -144.874   1.7047 -4.63201 0.627684 0 0 0   -0.011 -0.02329  0.04412   0.0164346  -0.0115937 -0.00644925  -0.00220666 -0.000462064  -0.00538386  0.0132292 -0.0829181  0.0357123  -1.8738 -1.95394 -9.42802 
               195.3  15.6249 -32.2029 -143.728  1.70385 -4.63576  0.62774 0 0 0   -0.011 -0.02329  0.04412    0.015443  -0.0304972 -0.00198163  -0.00220922 -0.000465639   -0.0053863  0.0129313 -0.0829116  0.0358324 -1.87385 -1.95395   -9.428 
               195.4   14.893 -32.3688 -142.243  1.71009 -4.63867 0.632538 0 0 0   -0.011 -0.02329  0.04412  0.0352345 -0.0355726  0.0160474   -0.0022296 -0.000472006  -0.00536736  0.0129763 -0.0832613  0.0352816 -1.87381 -1.95396 -9.42801 
               195.5   13.932  -32.551 -140.189  1.71207 -4.64089 0.634367 0 0 0   -0.011 -0.02329  0.04412 0.0342657 -0.042036 0.0214839  -0.00222085 -0.000476712  -0.00539231    0.01293 -0.0830409  0.0352275 -1.87382 -1.95393 -9.42801 
               195.6  12.8415 -32.4559 -137.824  1.70961 -4.64146 0.636696 0 0 0   -0.011 -0.02329  0.04412  0.0247869 -0.0437746  0.0265213  -0.00223253 -0.000476214  -0.00538148  0.0127231 -0.0823834  0.0351707 -1.87388 -1.95385 -9.42802 
               195.7  11.4495 -32.2784 -135.212  1.71228  -4.6444 0.632304 0 0 0   -0.011 -0.02329  0.04412  0.0399649 -0.0425569 0.00105198  -0.00222734 -0.000502875  -0.00538563   0.013122 -0.0820797  0.0356758 -1.87386 -1.95384 -9.42802 
               195.8  9.95709 -32.1713 -132.429  1.71856 -4.64338  0.62824 0 0 0   -0.011 -0.02329  0.04412  0.0558106 -0.0276433 -0.0120536  -0.00221986 -0.000526562  -0.00537551  0.0136886 -0.0817577  0.0357041 -1.87381 -1.95378 -9.42805 
               195.9  8.27315 -32.0575  -129.29  1.72303  -4.6511 0.623656 0 0 0   -0.011 -0.02329  0.04412   0.059287 -0.0419386 -0.0225377  -0.00221889 -0.000523008  -0.00537438  0.0135484 -0.0818952  0.0362862 -1.87383 -1.95384 -9.42803 
                 196  6.59946 -31.9209 -126.026  1.72911 -4.65411 0.624705 0 0 0   -0.011 -0.02329  0.04412  0.0639671 -0.0255332 -0.0169559  -0.00221123 -0.000523756  -0.00539565  0.013386 -0.081906  0.035953 -1.87384 -1.95383 -9.42803 
               196.1  5.42372 -31.9096 -123.025  1.73375  -4.6527 0.625297 0 0 0   -0.011 -0.02329  0.04412    0.0527813 -6.10566e-05   -0.0124142  -0.00222169 -0.000536039   -0.0053858  0.0133563 -0.0816561   0.035615 -1.87386 -1.95378 -9.42804 
               196.2   4.7793 -31.8862 -120.425  1.73698 -4.64776 0.624774 0 0 0   -0.011 -0.02329  0.04412  0.0412479  0.0163931 -0.0115765  -0.00221721 -0.000540704  -0.00538308  0.0135142 -0.0812866  0.0353413 -1.87387 -1.95372 -9.42805 
               196.3  4.47571 -31.9203 -118.384  1.73863 -4.64323  0.62694 0 0 0   -0.011 -0.02329  0.04412   0.0390795   0.0238443 -0.00249931  -0.00222538 -0.000537605  -0.00537297  0.0133817 -0.0809754  0.0349398  -1.8739 -1.95368 -9.42805 
               196.4  4.22538   -32.04 -116.606  1.74296   -4.639 0.629578 0 0 0   -0.011 -0.02329  0.04412  0.0470198  0.0307109 0.00586431  -0.00224263 -0.000530897  -0.00536756  0.0133585 -0.0809203  0.0346011  -1.8739 -1.95365 -9.42806 
               196.5   3.9104 -32.5537 -115.131  1.74838 -4.63005 0.625503 0 0 0   -0.011 -0.02329  0.04412  0.0633116  0.0669117 -0.0239614  -0.00221868 -0.000552835  -0.00536931   0.013896 -0.0806468  0.0346825 -1.87389 -1.95359 -9.42807 
               196.6  3.84803 -34.0012 -113.834   1.7582 -4.62598 0.619558 0 0 0   -0.011 -0.02329  0.04412   0.078211  0.0801243 -0.0466321  -0.00222037 -0.000550251   -0.0053604  0.0138795 -0.0810344  0.0350539 -1.87385 -1.95364 -9.42807 
               196.7  3.95751 -35.5405 -112.052  1.76425 -4.61806 0.611424 0 0 0   -0.011 -0.02329  0.04412   0.081271  0.0849653 -0.0628902  -0.00220178 -0.000539329  -0.00536462  0.0139459 -0.0808709  0.0354177 -1.87387 -1.95365 -9.42806 
               196.8  4.00032 -37.0894 -110.464  1.77222 -4.61263 0.606544 0 0 0   -0.011 -0.02329  0.04412   0.103182  0.0542522 -0.0561556  -0.00222112 -0.000543794  -0.00536273  0.0136716 -0.0808511  0.0354389 -1.87389 -1.95368 -9.42805 
               196.9 3.68807 -38.303 -109.63  1.77922 -4.60343 0.601379 0 0 0   -0.011 -0.02329  0.04412   0.109786  0.0472559 -0.0521048   -0.0021901 -0.000534583  -0.00538285   0.013882 -0.0802985  0.0352201 -1.87393 -1.95362 -9.42805 
                 197  3.42788 -39.3094 -109.387    1.788  -4.5955 0.597982 0 0 0   -0.011 -0.02329  0.04412   0.116025  0.0423885 -0.0475621  -0.00216765 -0.000550543  -0.00534783  0.0139755 -0.0799304  0.0348885 -1.87397 -1.95357 -9.42806 
               197.1  3.41096 -40.5519 -110.194  1.79635 -4.59198 0.596321 0 0 0   -0.011 -0.02329  0.04412   0.116033  0.0349968 -0.0410749  -0.00215165 -0.000543785  -0.00535533  0.0136432 -0.0796292  0.0346958 -1.87402 -1.95358 -9.42805 
               197.2  3.91978 -41.9702 -112.142  1.80617  -4.5887 0.591154 0 0 0   -0.011 -0.02329  0.04412   0.111161  0.0257494 -0.0452646  -0.00212851 -0.000552633  -0.00534431  0.0136737 -0.0794552  0.0348015 -1.87403 -1.95358 -9.42804 
               197.3  5.31563 -43.4903 -115.441   1.8181 -4.58676 0.589092 0 0 0   -0.011 -0.02329  0.04412   0.118763  0.0128249 -0.0296372 -0.00213629 -0.00054761 -0.00530236  0.0135276 -0.0795201  0.0346336 -1.87403 -1.95358 -9.42804 
               197.4  7.30095 -44.7165  -119.56  1.83033 -4.58245 0.584271 0 0 0   -0.011 -0.02329  0.04412   0.112048 0.00924332  -0.037414  -0.00212593 -0.000556042  -0.00528759  0.0139042 -0.0794728  0.0345305 -1.87402 -1.95353 -9.42806 
               197.5  9.62155 -45.7696 -123.889  1.83835 -4.58062 0.577912 0 0 0   -0.011 -0.02329  0.04412    0.107248 -0.00271655  -0.0366327  -0.00210993 -0.000542687  -0.00528157  0.0141279 -0.0791151  0.0347264 -1.87405 -1.95352 -9.42805 
               197.6  12.1699 -46.4571  -128.82  1.84855 -4.58003 0.579498 0 0 0   -0.011 -0.02329  0.04412   0.115813 -0.0170667 -0.0153659  -0.00211804 -0.000546213  -0.00527543  0.0138612 -0.0789996  0.0342478 -1.87407 -1.95349 -9.42805 
               197.7  14.4208   -46.97 -133.608  1.86168 -4.57906 0.574409 0 0 0   -0.011 -0.02329  0.04412   0.127869  -0.021149 -0.0256117   -0.0021239 -0.000565767  -0.00526073 0.0143238 -0.078933  0.034271 -1.87405 -1.95346 -9.42807 
               197.8  16.3606 -47.4468 -137.965  1.87469 -4.58414 0.573868 0 0 0   -0.011 -0.02329  0.04412    0.13722 -0.0388855 -0.0165991  -0.00213134 -0.000560364  -0.00527478  0.0140476 -0.0790424  0.0343118 -1.87406 -1.95348 -9.42806 
               197.9  18.1125 -47.8455 -142.259  1.87958 -4.58503 0.571443 0 0 0   -0.011 -0.02329  0.04412   0.118117 -0.0408517 -0.0155519  -0.00210911 -0.000556171  -0.00527021  0.0139498 -0.0781435  0.0343887 -1.87415 -1.95344 -9.42805 
                 198  19.6195 -48.0948 -146.294  1.88847 -4.58462 0.568665 0 0 0   -0.011 -0.02329  0.04412   0.111459 -0.0293236 -0.0187138   -0.0021119 -0.000573804   -0.0052676  0.0141264 -0.0776544  0.0342536 -1.87417 -1.95338 -9.42806 
               198.1  21.0361 -48.3644   -149.9  1.89651  -4.5853 0.566721 0 0 0   -0.011 -0.02329  0.04412   0.106699 -0.0209641 -0.0257016 -0.00209333 -0.00059642  -0.0052664  0.0140315 -0.0773154  0.0341863  -1.8742 -1.95335 -9.42806 
               198.2  22.4164 -48.7207 -153.126  1.90848 -4.58755 0.558692 0 0 0   -0.011 -0.02329  0.04412   0.113456 -0.0268802 -0.0426204  -0.00210089 -0.000609265   -0.0052861  0.0145075 -0.0772634  0.0345152 -1.87417 -1.95336 -9.42806 
               198.3  23.6303 -48.9829 -155.852  1.91014 -4.58967 0.552207 0 0 0   -0.011 -0.02329  0.04412  0.0796704  -0.030944 -0.0404936   -0.0020839 -0.000630671  -0.00525442  0.0142848 -0.0765242  0.0349771 -1.87427 -1.95334 -9.42805 
               198.4  24.5334 -49.1326  -157.75  1.92145 -4.59192 0.554955 0 0 0   -0.011 -0.02329  0.04412   0.104066 -0.0271564 -0.0175546  -0.00210835 -0.000616393   -0.0052734  0.0139511 -0.0767973  0.0344044 -1.87425 -1.95331 -9.42806 
               198.5    24.98 -49.2664 -159.166  1.93049 -4.59319 0.551176 0 0 0   -0.011 -0.02329  0.04412   0.104266 -0.0412372 -0.0167072  -0.00208771 -0.000659383   -0.0052723  0.0140856 -0.0764775    0.03447 -1.87425 -1.95328 -9.42806 
               198.6  25.3205 -47.9958 -160.849  1.94088 -4.59436 0.555483 0 0 0   -0.011 -0.02329  0.04412  0.0338595 -0.0950742   0.132446  -0.00208625 -0.000647765  -0.00527771  0.0142314 -0.0762676  0.0339692  -1.8742 -1.95321 -9.42809 
               198.7  23.9771 -42.2765 -161.722  1.94248 -4.60434 0.569027 0 0 0   -0.011 -0.02329  0.04412 -0.0112618  -0.147252   0.168045  -0.00208816 -0.000657641  -0.00528646  0.0146258 -0.0760481  0.0339341 -1.87416 -1.95319  -9.4281 
               198.8  21.9625 -35.8997 -162.515   1.9409 -4.61567 0.584792 0 0 0   -0.011 -0.02329  0.04412 -0.0167358  -0.143457   0.123948  -0.00209225 -0.000756625  -0.00523786  0.0146043 -0.0757505  0.0336039 -1.87414 -1.95312 -9.42812 
               198.9  20.4179 -30.3926 -163.083  1.93759 -4.62266 0.597215 0 0 0   -0.011 -0.02329  0.04412 -0.0337387  -0.102738   0.103651  -0.00211162 -0.000786129  -0.00522958 0.0145115 -0.075279 0.0331702 -1.87412 -1.95303 -9.42814 
                 199  19.0875 -25.3113 -162.776  1.93116  -4.6336 0.607915 0 0 0   -0.011 -0.02329  0.04412 -0.0626093  -0.103344  0.0897106  -0.00219018 -0.000764735  -0.00523424  0.0142721 -0.0752967   0.033218 -1.87415 -1.95303 -9.42813 
               199.1  17.5801 -20.1216 -161.242  1.91859 -4.64362 0.609289 0 0 0   -0.011 -0.02329  0.04412 -0.0943548  -0.111791  0.0527124 -0.00222161 -0.00078801 -0.00522097  0.0143417 -0.0747899  0.0339216 -1.87419 -1.95301 -9.42813 
               199.2   15.993 -15.0416 -158.685  1.91019 -4.65896 0.609861 0 0 0   -0.011 -0.02329  0.04412 -0.0770698  -0.145458  0.0188035  -0.00226422 -0.000791996  -0.00523576  0.0145359 -0.0749567  0.0343585 -1.87419 -1.95306 -9.42812 
               199.3  13.9327 -10.3326  -155.68  1.89777  -4.6747 0.609259 0 0 0   -0.011 -0.02329  0.04412  -0.0593194   -0.181135 -0.00681252  -0.00230807 -0.000788009  -0.00524878  0.0141073 -0.0746748  0.0346592 -1.87426 -1.95302 -9.42811 
               199.4  10.1233 -6.76767 -151.468  1.89549 -4.69529 0.614377 0 0 0   -0.011 -0.02329  0.04412  0.0205296  -0.209448 -0.0149381  -0.00234057 -0.000794594  -0.00526081  0.0138187 -0.0749321  0.0340688  -1.8743 -1.95303  -9.4281 
               199.5  5.84381 -4.86958  -144.98  1.90247 -4.71156 0.612157 0 0 0   -0.011 -0.02329  0.04412  0.0707477  -0.150882 -0.0354793  -0.00235302 -0.000814723  -0.00525669  0.0140814 -0.0748081  0.0338879 -1.87426 -1.95301 -9.42812 
               199.6  2.67831  -3.7545 -136.701  1.91364 -4.72327 0.601111 0 0 0   -0.011 -0.02329  0.04412  0.0926535 -0.0864789 -0.0587021  -0.00235501 -0.000808447  -0.00528707    0.01449 -0.0747676  0.0345368 -1.87418 -1.95302 -9.42813 
               199.7 0.493541 -2.79416 -128.366  1.93059 -4.72651 0.596815 0 0 0   -0.011 -0.02329  0.04412   0.111381 -0.0588222 -0.0536099  -0.00241155 -0.000829259  -0.00531869  0.0153165 -0.0747639  0.0342699 -1.87407 -1.95302 -9.42815 
               199.8 -1.28306 -1.56922 -121.523   1.9405 -4.73106 0.588624 0 0 0   -0.011 -0.02329  0.04412  0.0822666 -0.0467687 -0.0525479  -0.00241726 -0.000872749  -0.00529044  0.0153819 -0.0746315  0.0345533 -1.87406   -1.953 -9.42816 
               199.9  -1.87471 -0.380356  -116.671  1.94579 -4.73244 0.593591 0 0 0   -0.011 -0.02329  0.04412  0.0353748 -0.0292192 -0.0141573  -0.00243068 -0.000903452  -0.00524927  0.0154427 -0.0744583  0.0336551 -1.87409   -1.953 -9.42815 
                 200 -1.49485 0.736198 -113.366  1.94553 -4.73277  0.59642 0 0 0   -0.011 -0.02329  0.04412 -0.00233388  -0.0199595  0.00783084 -0.00244159 -0.00092623 -0.00517811  0.0154799 -0.0741578   0.033309 -1.87412 -1.95299 -9.42815 
               200.1 -1.03691  1.50539 -110.742  1.94555 -4.73647 0.594959 0 0 0   -0.011 -0.02329  0.04412 -0.0181637 -0.0125229  0.0126682  -0.00245746 -0.000936199  -0.00514792  0.0153444 -0.0743786  0.0335848  -1.8741   -1.953 -9.42815 
               200.2 -0.255723   1.90251  -108.686  1.94164 -4.73583 0.601181 0 0 0   -0.011 -0.02329  0.04412 -0.0700955 0.00161652  0.0321215  -0.00245036 -0.000939792   -0.0051197 0.0155084 -0.074354 0.0331696 -1.87411 -1.95301 -9.42815 
               200.3 0.437473  2.06052 -107.385  1.93597 -4.73684  0.60166 0 0 0   -0.011 -0.02329  0.04412 -0.0928613 0.00352312  0.0336329   -0.0024482 -0.000950584  -0.00511579  0.0154433 -0.0746561  0.0334515 -1.87407   -1.953 -9.42816 
               200.4 0.176458  2.03904 -106.213  1.92421 -4.73912  0.60513 0 0 0   -0.011 -0.02329  0.04412  -0.173679 0.00601872  0.0437362  -0.00246001 -0.000937322   -0.0051087  0.0151975 -0.0748782  0.0335108 -1.87405 -1.95303 -9.42815 
               200.5 -0.272912   1.68656  -104.393  1.90042 -4.73855    0.611 0 0 0   -0.011 -0.02329  0.04412  -0.292711 0.00966338  0.0558284  -0.00242484 -0.000937152  -0.00510045  0.0151401 -0.0747911  0.0333967 -1.87406 -1.95304 -9.42815 
               200.6 -0.522832  0.958498  -101.804  1.86979 -4.73742  0.61624 0 0 0   -0.011 -0.02329  0.04412   -0.35385 -0.0132915  0.0747096 -0.00243946 -0.00094498 -0.00510575   0.015312 -0.0750067  0.0335223 -1.87404 -1.95302 -9.42816 
               200.7 -2.10359  0.73439 -98.1552  1.83601 -4.73658 0.624388 0 0 0   -0.011 -0.02329  0.04412  -0.355013 -0.0226783  0.0959024  -0.00241246 -0.000952409   -0.0051173  0.0156736 -0.0751199     0.0336 -1.87402 -1.95297 -9.42817 
               200.8 -3.85512  1.50541 -93.9407  1.79758 -4.73774 0.630484 0 0 0   -0.011 -0.02329  0.04412  -0.347762 -0.0362862  0.0607846  -0.00238237 -0.000995001  -0.00512377  0.0157787 -0.0747739  0.0338302 -1.87406 -1.95295 -9.42817 
               200.9 -5.61393  3.22749 -91.0161  1.76362 -4.74042 0.636621 0 0 0   -0.011 -0.02329  0.04412 -0.309272 -0.045349 0.0584652 -0.00235335  -0.0010295 -0.00513604  0.0159376 -0.0746304   0.033769 -1.87408 -1.95294 -9.42817 
                 201 -7.05457  5.69413  -88.216  1.73644 -4.74718 0.638924 0 0 0   -0.011 -0.02329  0.04412  -0.275382 -0.0312209  0.0198013 -0.00237742 -0.00109841 -0.00509147  0.0156906 -0.0748682  0.0339695 -1.87404 -1.95295 -9.42817 
               201.1  -7.6184  7.60615 -84.8825    1.712 -4.75219 0.638668 0 0 0   -0.011 -0.02329  0.04412  -0.241498 -0.0209032  0.0066078 -0.00239658 -0.00113647  -0.0050636  0.0154047 -0.0750857  0.0340952   -1.874 -1.95296 -9.42818 
               201.2 -7.93797  9.29352 -81.9334  1.69142 -4.75172 0.643946 0 0 0   -0.011 -0.02329  0.04412 -0.197659 0.0154863 0.0169047 -0.00241481 -0.00113564 -0.00506975  0.0155349 -0.0751877  0.0336831   -1.874 -1.95297 -9.42818 
               201.3 -7.87947  10.7405 -79.1199  1.67688 -4.74676 0.652788 0 0 0   -0.011 -0.02329  0.04412 -0.136134 0.0383463 0.0319313 -0.00241614 -0.00115153 -0.00505373  0.0158439 -0.0754163   0.032994   -1.874 -1.95297 -9.42818 
               201.4 -8.11321  12.5379 -76.0844  1.66687 -4.74579 0.655286 0 0 0   -0.011 -0.02329  0.04412 -0.0477367    0.04929 0.00510039 -0.00240212 -0.00115223 -0.00504014  0.0155221 -0.0753488  0.0329382 -1.87398 -1.95301 -9.42817 
               201.5 -9.54002  14.4684 -73.0635   1.6683 -4.74467 0.656182 0 0 0   -0.011 -0.02329  0.04412  0.0215537  0.0787417 -0.0153947 -0.00242076 -0.00115096 -0.00502432  0.0149663 -0.0754154  0.0326506 -1.87391 -1.95309 -9.42817 
               201.6 -10.3941  16.6747 -68.8296  1.67224 -4.73089 0.649321 0 0 0   -0.011 -0.02329  0.04412  0.0291676   0.133818 -0.0217815 -0.00242187 -0.00118039 -0.00500842  0.0151604 -0.0757139  0.0331648 -1.87391   -1.953 -9.42819 
               201.7 -10.0284  19.1173 -63.3034  1.67961 -4.71626 0.647304 0 0 0   -0.011 -0.02329  0.04412 0.0535325  0.153386  -0.03108 -0.00242622 -0.00120121 -0.00501374  0.0150564 -0.0760814  0.0330649 -1.87386 -1.95297  -9.4282 
               201.8 -9.34559  22.1768 -58.1856  1.68303 -4.69948 0.639542 0 0 0   -0.011 -0.02329  0.04412  0.0813848   0.159117 -0.0730686 -0.00243789 -0.00121734 -0.00501203  0.0151952 -0.0758625  0.0334433 -1.87391 -1.95296  -9.4282 
               201.9 -9.00251  25.7665 -54.8447  1.69578 -4.68135 0.629452 0 0 0   -0.011 -0.02329  0.04412  0.116092   0.19571 -0.109031 -0.00244866 -0.00125296 -0.00500194  0.0151045 -0.0761958  0.0334776 -1.87387 -1.95291 -9.42821 
                 202 -8.86299   29.043 -52.3067  1.70672 -4.65465 0.620788 0 0 0   -0.011 -0.02329  0.04412  0.118555  0.257351 -0.100275 -0.00247031 -0.00128174 -0.00495761  0.0156112 -0.0763413  0.0334006 -1.87394 -1.95287 -9.42821 
               202.1 -8.42645  31.8543 -49.4015  1.71723 -4.62279 0.610221 0 0 0   -0.011 -0.02329  0.04412  0.118721  0.317352 -0.101014 -0.00249047 -0.00129429 -0.00491926  0.0159464 -0.0764773  0.0336117   -1.874 -1.95281 -9.42821 
               202.2 -8.61777  34.1857 -46.2666  1.73344 -4.59398  0.59649 0 0 0   -0.011 -0.02329  0.04412  0.140632  0.343861 -0.126695  -0.0024969 -0.00129382 -0.00491182  0.0152611 -0.0764588  0.0335866 -1.87388 -1.95284 -9.42823 
               202.3 -9.65309   36.575 -42.8897  1.74908 -4.55812 0.583691 0 0 0   -0.011 -0.02329  0.04412  0.124041  0.378385 -0.125367 -0.00249674 -0.00129242 -0.00489295 0.0151191 -0.076604 0.0335334 -1.87384 -1.95282 -9.42824 
               202.4 -10.2148  38.7936 -36.9752  1.75733 -4.52247 0.566716 0 0 0   -0.011 -0.02329  0.04412 0.0663092  0.411711 -0.142089 -0.00248828 -0.00132968 -0.00487979  0.0147264 -0.0761883  0.0338166  -1.8738 -1.95287 -9.42824 
               202.5 -9.21453  41.2073 -28.1729  1.76295 -4.48509 0.556462 0 0 0   -0.011 -0.02329  0.04412 -0.00193273    0.412752  -0.0952426 -0.00244071 -0.00135651 -0.00490858  0.0145116 -0.0759231  0.0334236 -1.87374 -1.95296 -9.42823 
               202.6 -6.51514  42.2575 -17.9649  1.76229 -4.43772 0.549269 0 0 0   -0.011 -0.02329  0.04412 -0.0711064   0.414845 -0.0462739 -0.00245718 -0.00140308 -0.00494231  0.0146015 -0.0766569  0.0334163 -1.87375 -1.95282 -9.42826 
               202.7 -4.59384   41.559 -10.1227  1.75331 -4.39753 0.547051 0 0 0   -0.011 -0.02329  0.04412   -0.100154    0.352129 -0.00882958 -0.00244689 -0.00144756 -0.00493866 0.0147629 -0.076789  0.033416 -1.87378 -1.95279 -9.42826 
               202.8 -3.89304  40.5428 -5.40191  1.74694 -4.36503 0.545524 0 0 0   -0.011 -0.02329  0.04412 -0.0816182   0.267934 -0.0164865 -0.00244124 -0.00147787 -0.00490092   0.014527 -0.0770533  0.0332885 -1.87373 -1.95273 -9.42828 
               202.9  -3.1603  40.3857 -1.64703  1.73731 -4.33905 0.538475 0 0 0   -0.011 -0.02329  0.04412 -0.0829736   0.211863 -0.0275371 -0.00244982   -0.001516 -0.00487745  0.0143146 -0.0772699   0.033831 -1.87377 -1.95264 -9.42829 
                 203 -1.95501  40.2398  1.83998   1.7297 -4.31933 0.534801 0 0 0   -0.011 -0.02329  0.04412 -0.0756448   0.148561 -0.0146733 -0.00243976 -0.00156894  -0.0048791  0.0141437 -0.0774663  0.0339523 -1.87377 -1.95258  -9.4283 
               203.1 -1.0308 39.7598 3.19794  1.72147 -4.30551 0.533955 0 0 0   -0.011 -0.02329  0.04412   -0.062868   0.0809817 -0.00729463  -0.0024491 -0.00157635 -0.00486077  0.0142952 -0.0777605   0.034023 -1.87383 -1.95253  -9.4283 
               203.2 -1.29964  38.9787  1.33672  1.72209 -4.30212 0.533823 0 0 0   -0.011 -0.02329  0.04412 -0.0193303  0.0108047 0.00364058 -0.00245781  -0.0015763 -0.00482847  0.0138855 -0.0775208  0.0336495 -1.87369 -1.95254 -9.42833 
               203.3 -2.61705   37.627 -4.08391  1.72223 -4.30511 0.537077 0 0 0   -0.011 -0.02329  0.04412 -0.00517827  -0.0754976   0.0310544 -0.00244608 -0.00156815 -0.00478625  0.0139152 -0.0774993  0.0334137 -1.87367 -1.95256 -9.42833 
               203.4 -3.95424  35.1664 -12.1829  1.72142 -4.31161 0.535106 0 0 0   -0.011 -0.02329  0.04412 -0.0235763  -0.120633  0.0389666 -0.00248749 -0.00153869 -0.00474703  0.0133932 -0.0779438  0.0338452 -1.87367 -1.95239 -9.42836 
               203.5 -4.94738  31.5269 -20.8696  1.71453 -4.32934 0.544065 0 0 0   -0.011 -0.02329  0.04412 -0.0636445  -0.156222  0.0728623 -0.00249711 -0.00148644 -0.00471021  0.0139552 -0.0774616  0.0337393 -1.87371 -1.95256 -9.42832 
               203.6 -5.21616  27.6844 -28.7766  1.70516 -4.34277 0.551796 0 0 0   -0.011 -0.02329  0.04412 -0.0756572  -0.159682  0.0759665 -0.00250521 -0.00142903 -0.00472747  0.0141697 -0.0777666  0.0338626 -1.87379 -1.95252 -9.42831 
               203.7 -4.88755  24.3328 -35.4015  1.70034 -4.35809 0.565047 0 0 0   -0.011 -0.02329  0.04412 -0.0738657  -0.169227  0.0970923 -0.00249372 -0.00135985 -0.00477041  0.0142871 -0.0778797  0.0332758 -1.87377 -1.95252 -9.42831 
               203.8  -4.2828  20.9697 -41.8467  1.69587 -4.37011 0.577035 0 0 0   -0.011 -0.02329  0.04412 -0.0557196  -0.153228   0.106336 -0.00248291 -0.00132977  -0.0048246   0.014234 -0.0784236  0.0330278 -1.87378 -1.95241 -9.42834 
               203.9 -4.33711   18.109 -48.2028   1.6873 -4.38137 0.583859 0 0 0   -0.011 -0.02329  0.04412 -0.0515633  -0.150125  0.0864289 -0.00247755 -0.00131271 -0.00484151  0.0145041 -0.0787508  0.0335226 -1.87388 -1.95233 -9.42833 
                 204 -4.93757   14.395  -57.179  1.68606 -4.39951  0.58924 0 0 0   -0.011 -0.02329  0.04412 -0.0486245  -0.183515  0.0849957 -0.00243026 -0.00128337 -0.00487313  0.0139434 -0.0787424  0.0336339 -1.87378 -1.95231 -9.42836 
               204.1 -4.92011  10.2541 -67.3919  1.68133 -4.41983 0.592048 0 0 0   -0.011 -0.02329  0.04412 -0.030504 -0.216123 0.0643111 -0.00242726 -0.00125849  -0.0048674  0.0137216 -0.0787483  0.0341348 -1.87376 -1.95228 -9.42837 
               204.2 -4.70123  7.22709 -73.7884  1.67343 -4.44258  0.58948 0 0 0   -0.011 -0.02329  0.04412 -0.0177668  -0.222862  0.0370979 -0.00242656 -0.00122218 -0.00487659  0.0137602 -0.0783548  0.0350591 -1.87381 -1.95227 -9.42836 
               204.3 -4.77028  5.60561 -74.8782   1.6779 -4.46461 0.592778 0 0 0   -0.011 -0.02329  0.04412 0.0472276 -0.214388 0.0259018 -0.00243605 -0.00120006 -0.00496194  0.0135208 -0.0786416  0.0349896 -1.87375 -1.95225 -9.42838 
               204.4 -6.12041  5.90729 -69.6544  1.68798 -4.48566 0.595474 0 0 0   -0.011 -0.02329  0.04412    0.13162  -0.174522 0.00730997 -0.00239961 -0.00119223 -0.00504656  0.0133496 -0.0787099   0.034863 -1.87372 -1.95226 -9.42838 
               204.5 -8.69764  8.77142 -57.8283  1.70696 -4.50173 0.602612 0 0 0   -0.011 -0.02329  0.04412  0.187179 -0.123891   -0.0106 -0.00237083 -0.00121876  -0.0051296 0.0132704 -0.078879 0.0340823  -1.8737  -1.9523 -9.42837 
               204.6 -10.5873  13.5763 -43.9791  1.72233 -4.51354 0.600579 0 0 0   -0.011 -0.02329  0.04412   0.206321 -0.0918837 -0.0488093 -0.00231215 -0.00128795 -0.00523937 0.0133486 -0.078398 0.0340288 -1.87375 -1.95235 -9.42835 
               204.7 -11.5437  19.4052 -31.8003  1.74244 -4.52047 0.595151 0 0 0   -0.011 -0.02329  0.04412   0.225041 -0.0235169 -0.0973533 -0.00231715 -0.00136895 -0.00524593  0.0134126 -0.0781823  0.0339048 -1.87378 -1.95238 -9.42834 
               204.8 -11.0559  25.2237 -20.4672  1.76725 -4.51595 0.587319 0 0 0   -0.011 -0.02329  0.04412  0.239908 0.0638567 -0.116633 -0.00234802 -0.00144808 -0.00518093 0.0136554 -0.078496 0.0335449 -1.87379 -1.95233 -9.42835 
               204.9 -9.18688  30.7207 -10.6328  1.79542  -4.5062 0.582295 0 0 0   -0.011 -0.02329  0.04412  0.256531  0.145674 -0.104829 -0.00237445 -0.00151448 -0.00511272   0.013552 -0.0785493  0.0328287 -1.87375 -1.95236 -9.42835 
                 205 -6.18114  34.3176 -2.60358  1.81682 -4.48442  0.56669 0 0 0   -0.011 -0.02329  0.04412  0.240627  0.220369 -0.134331 -0.00241926 -0.00159516 -0.00504859  0.0138999 -0.0788431  0.0333262 -1.87384 -1.95228 -9.42835 
               205.1 -3.57187  36.2676  2.63002 1.84402 -4.4521 0.55134 0 0 0   -0.011 -0.02329  0.04412  0.269925  0.323449 -0.155892 -0.00250138 -0.00158456 -0.00495602  0.0138849 -0.0795441  0.0333079 -1.87387 -1.95213 -9.42837 
               205.2 -1.55327   37.514  6.20135  1.87491  -4.4172 0.532546 0 0 0   -0.011 -0.02329  0.04412  0.306478  0.407498 -0.165786 -0.00252809 -0.00157011 -0.00487247  0.0134698 -0.0794165  0.0334706 -1.87379 -1.95213 -9.42839 
               205.3 -0.0411009    38.5657    9.01761  1.91088 -4.37703 0.510633 0 0 0   -0.011 -0.02329  0.04412  0.360446  0.451401 -0.194592 -0.00255159 -0.00156533 -0.00483775  0.0129164 -0.0790348  0.0337247 -1.87366 -1.95215 -9.42841 
               205.4 0.864809   39.864  10.9954  1.94785 -4.33081 0.490148 0 0 0   -0.011 -0.02329  0.04412  0.398988  0.457855 -0.172329 -0.00255603 -0.00157581 -0.00481814  0.0128668 -0.0791185  0.0339157 -1.87368 -1.95212 -9.42842 
               205.5  1.1753  41.568 12.0544  1.99064 -4.28951 0.475385 0 0 0   -0.011 -0.02329  0.04412  0.394908  0.376402 -0.143958 -0.00255252 -0.00157282 -0.00479683  0.0127359 -0.0788692   0.033741 -1.87361 -1.95216 -9.42842 
               205.6   2.354 42.8054  12.918  2.02639 -4.25861 0.462107 0 0 0   -0.011 -0.02329  0.04412  0.352326  0.278127 -0.146209 -0.00255737 -0.00159397 -0.00478127  0.0130035 -0.0787368  0.0337222 -1.87363 -1.95222  -9.4284 
               205.7 3.54914 44.1787 13.7459   2.0602 -4.23329 0.449899 0 0 0   -0.011 -0.02329  0.04412  0.351172  0.229842 -0.116053 -0.00257942 -0.00158641 -0.00477353  0.0132025 -0.0787923  0.0336948 -1.87367 -1.95224 -9.42839 
               205.8 4.26785 45.4373 14.2607  2.09293  -4.2149 0.441243 0 0 0   -0.011 -0.02329  0.04412 0.374249 0.176575 -0.11951 -0.00257931 -0.00157674 -0.00475329  0.0137407 -0.0786367   0.033727 -1.87374 -1.95234 -9.42836 
               205.9 4.94018 47.0188 14.7203  2.13265 -4.19607 0.426277 0 0 0   -0.011 -0.02329  0.04412  0.422528  0.167783 -0.192804 -0.00258106 -0.00159188 -0.00475015   0.013774 -0.0788711  0.0336989 -1.87378  -1.9523 -9.42836 
                 206 5.59378 48.3757 16.1987  2.17751 -4.17688 0.403141 0 0 0   -0.011 -0.02329  0.04412  0.482356  0.170872 -0.242318 -0.00259069 -0.00158696 -0.00473945  0.0136191 -0.0791467  0.0337334  -1.8738 -1.95222 -9.42837 
               206.1 6.61827  49.711 19.2737   2.2297 -4.15267 0.373621 0 0 0   -0.011 -0.02329  0.04412 0.592313 0.240388  -0.2552 -0.00259094 -0.00159718 -0.00474796  0.0131971 -0.0796706  0.0340653 -1.87384 -1.95206  -9.4284 
               206.2 7.11005 51.5968 23.0972  2.29602 -4.12065 0.355733 0 0 0   -0.011 -0.02329  0.04412  0.700684  0.350369 -0.191842 -0.00257773 -0.00161928 -0.00476236 0.0134167  -0.07997 0.0336069 -1.87387 -1.95204 -9.42839 
               206.3 7.66965  54.745 28.1449  2.36403 -4.08029 0.331348 0 0 0   -0.011 -0.02329  0.04412  0.635819  0.410432 -0.167558 -0.00256344 -0.00164532 -0.00474759     0.0129 -0.0800605  0.0341059 -1.87386 -1.95195 -9.42842 
               206.4 11.2181 56.5481 37.1035  2.42342 -4.03963 0.313294 0 0 0   -0.011 -0.02329  0.04412  0.491802  0.377862 -0.148105 -0.00254979 -0.00170889 -0.00474722  0.0123594 -0.0800646  0.0340604 -1.87378 -1.95187 -9.42845 
               206.5 16.6516 57.3351 47.8813  2.46584 -4.00464 0.302767 0 0 0   -0.011 -0.02329  0.04412  0.380589  0.372327 -0.134388 -0.00256721 -0.00172342 -0.00477164  0.0129364 -0.0798824  0.0339479 -1.87382 -1.95199 -9.42842 
               206.6 21.7655 57.8302 58.1083  2.49665 -3.96771 0.287689 0 0 0   -0.011 -0.02329  0.04412  0.291094  0.350561 -0.150218 -0.00258904  -0.0017608 -0.00476595  0.0129424 -0.0800418  0.0342505 -1.87388 -1.95197 -9.42841 
               206.7 26.0653 57.8041   66.36  2.51962 -3.93508 0.271242 0 0 0   -0.011 -0.02329  0.04412  0.246877  0.321548 -0.182315 -0.00259982 -0.00179725 -0.00473088  0.0131746 -0.0801628  0.0345817 -1.87397   -1.952 -9.42838 
               206.8 29.5741  57.987 72.2406  2.53894 -3.90532 0.250147 0 0 0   -0.011 -0.02329  0.04412  0.226685  0.310652 -0.210047 -0.00263004 -0.00182728 -0.00470278  0.0133016 -0.0802443    0.03508 -1.87406 -1.95203 -9.42836 
               206.9 31.2433 58.2922 75.0734  2.56367 -3.86884  0.22695 0 0 0   -0.011 -0.02329  0.04412  0.268089  0.352336 -0.226666 -0.00265603  -0.0018367 -0.00467903  0.0129404 -0.0805314  0.0349635 -1.87407 -1.95192 -9.42838 
                 207 29.9065 59.3673 73.2529  2.59336 -3.83015 0.202704 0 0 0   -0.011 -0.02329  0.04412  0.360896  0.372843 -0.228118  -0.0026648 -0.00186546 -0.00466295  0.0127187 -0.0807803  0.0349843  -1.8741 -1.95184 -9.42839 
               207.1 24.6128 60.7226 63.9359  2.63394 -3.79604 0.188599 0 0 0   -0.011 -0.02329  0.04412  0.496717  0.367008 -0.129773 -0.00270466 -0.00187546 -0.00460962  0.0134253 -0.0809022  0.0349992 -1.87418 -1.95196 -9.42835 
               207.2 17.5633 61.0082  50.574  2.69029 -3.75663 0.174291 0 0 0   -0.011 -0.02329  0.04412   0.585007   0.356203 -0.0741313 -0.00274189 -0.00180713 -0.00456666 0.0127196 -0.080773 0.0349538  -1.8741 -1.95184 -9.42839 
               207.3 11.7681 60.6663 38.3605  2.75108 -3.72277 0.168516 0 0 0   -0.011 -0.02329  0.04412   0.575396   0.265159 -0.0454597 -0.00277586 -0.00175438 -0.00456094  0.0124789 -0.0807154  0.0347432 -1.87405 -1.95178 -9.42841 
               207.4 7.55576 59.2818 27.9194  2.81062 -3.69602 0.159559 0 0 0   -0.011 -0.02329  0.04412  0.575315  0.178785 -0.134003 -0.00277455 -0.00170302 -0.00459574  0.0121531 -0.0809146  0.0343131 -1.87403 -1.95166 -9.42844 
               207.5 4.63767 59.5403 18.9993  2.86212  -3.6826 0.150058 0 0 0   -0.011 -0.02329  0.04412 0.561707 0.106533 -0.13264 -0.00275247 -0.00166517 -0.00463797  0.0128823 -0.0813898  0.0345123 -1.87421 -1.95174 -9.42839 
               207.6 2.74554 59.6699 11.9297  2.91721 -3.67144  0.13201 0 0 0   -0.011 -0.02329  0.04412  0.530419 0.0470579 -0.146006 -0.00273611 -0.00164056 -0.00467624  0.0121834 -0.0815872  0.0345969 -1.87418 -1.95159 -9.42842 
               207.7 0.49063 59.3361 5.01683  2.96707 -3.67359 0.114985 0 0 0   -0.011 -0.02329  0.04412   0.511933 -0.0262618  -0.164194 -0.00272049 -0.00161783 -0.00472189  0.0122496 -0.0813199  0.0349808 -1.87419 -1.95167 -9.42841 
               207.8 -1.58577  58.5651 -1.13728   3.01427  -3.68292 0.0992414 0 0 0   -0.011 -0.02329  0.04412  0.494649 -0.106082 -0.119312 -0.00274071 -0.00156479 -0.00473677  0.0123853 -0.0811557  0.0353582 -1.87424 -1.95173 -9.42839 
               207.9 -2.60038  56.6828 -4.78007   3.06372  -3.69149 0.0876201 0 0 0   -0.011 -0.02329  0.04412   0.531717  -0.101934 -0.0564017 -0.00271853 -0.00152469 -0.00477143   0.012061 -0.0814108  0.0355559 -1.87426 -1.95164  -9.4284 
                 208 -3.67193  55.0335 -7.19727   3.11661   -3.7027 0.0881145 0 0 0   -0.011 -0.02329  0.04412    0.51534 -0.0763756 -0.0359193 -0.00269794  -0.0014671 -0.00478586  0.0126196 -0.0812207  0.0354407 -1.87429 -1.95174 -9.42837 
               208.1 -4.63268   53.578 -8.90174   3.16482  -3.70824 0.0802145 0 0 0   -0.011 -0.02329  0.04412   0.476767 -0.0434792 -0.0591912 -0.00269277 -0.00145009 -0.00479652  0.0124261 -0.0813223  0.0356408  -1.8743  -1.9517 -9.42838 
               208.2  -4.7327  52.8543 -10.1726   3.20322  -3.69809 0.0753901 0 0 0   -0.011 -0.02329  0.04412   0.409273  0.0484487 -0.0370607 -0.00270173 -0.00145394 -0.00480931  0.0126961 -0.0825316   0.036167 -1.87452 -1.95149 -9.42838 
               208.3 -4.33223  51.7808 -10.5708  3.23756 -3.68659 0.066945 0 0 0   -0.011 -0.02329  0.04412  0.299436 0.0900573 -0.111001 -0.00268608 -0.00146139 -0.00482768  0.0125619 -0.0830152  0.0363902 -1.87457 -1.95138 -9.42839 
               208.4 -3.55893  51.0768 -11.2838  3.27002 -3.67548 0.054544 0 0 0   -0.011 -0.02329  0.04412 0.284248 0.110328 -0.12871 -0.00266599 -0.00143479 -0.00484511   0.012363 -0.0831648  0.0360321 -1.87451 -1.95134 -9.42841 
               208.5 -3.11991  51.0961 -11.3333    3.2978  -3.66415 0.0444012 0 0 0   -0.011 -0.02329  0.04412  0.321148  0.101053 -0.080244 -0.00268244 -0.00144907 -0.00483403  0.0126004 -0.0831465  0.0361635 -1.87456 -1.95136  -9.4284 
               208.6 -3.54445  51.2612 -10.8876   3.33506  -3.66238 0.0368437 0 0 0   -0.011 -0.02329  0.04412   0.370392  0.0114141 -0.0410392 -0.00265375 -0.00141892 -0.00484558   0.012168 -0.0826891  0.0360576 -1.87445 -1.95142 -9.42841 
               208.7  -4.3101   51.016 -11.1419   3.37901  -3.66456 0.0293604 0 0 0   -0.011 -0.02329  0.04412   0.417234 -0.0582777 -0.0713084 -0.00263312 -0.00144364 -0.00485636  0.0116532 -0.0827714  0.0358636 -1.87435 -1.95137 -9.42844 
               208.8 -4.97637   49.496 -10.2205   3.42141  -3.66989 0.0246884 0 0 0   -0.011 -0.02329  0.04412  0.455289 -0.123173 -0.070871 -0.00264298 -0.00142961 -0.00483611  0.0119452 -0.0830635  0.0357333  -1.8744 -1.95134 -9.42843 
               208.9 -5.41706  47.3843 -8.66707   3.47324  -3.68545 0.0156106 0 0 0   -0.011 -0.02329  0.04412   0.560441  -0.212159 -0.0669604  -0.0026118 -0.00139901 -0.00486065  0.0116593 -0.0832327  0.0357519 -1.87437 -1.95129 -9.42845 
                 209 -5.83991  45.6747 -6.80344   3.53696  -3.71237 0.0114682 0 0 0   -0.011 -0.02329  0.04412    0.635886   -0.238433 -0.00470595 -0.00258684 -0.00140006 -0.00487255  0.0113535 -0.0828496  0.0355936 -1.87428 -1.95134 -9.42846 
               209.1  -6.8664  44.3055 -6.25522    3.5979   -3.7294 0.0156443 0 0 0   -0.011 -0.02329  0.04412  0.638603 -0.158542  0.030221 -0.00256959 -0.00143731 -0.00488699  0.0118553 -0.0831615  0.0357888  -1.8744 -1.95132 -9.42844 
               209.2 -9.07805  45.0681 -6.96559   3.65772  -3.74206 0.0214713 0 0 0   -0.011 -0.02329  0.04412  0.503536  -0.12267 0.0223792 -0.00256453 -0.00145352  -0.0048699  0.0120337 -0.0832927  0.0354946 -1.87441 -1.95131 -9.42844 
               209.3 -10.4532  46.7668  -6.4507    3.6982  -3.75547 0.0199415 0 0 0   -0.011 -0.02329  0.04412  0.293342 -0.153332 0.0339832  -0.0025439 -0.00148943 -0.00485201  0.0116823 -0.0833053  0.0358078 -1.87439 -1.95128 -9.42845 
               209.4  -9.3965  46.8763 -4.05793   3.72294  -3.76279 0.0266793 0 0 0   -0.011 -0.02329  0.04412  0.181218 -0.133796 0.0108667 -0.00256207 -0.00152075  -0.0048609  0.0118635 -0.0841275  0.0353134 -1.87444 -1.95114 -9.42847 
               209.5 -8.30462  47.6841  -1.7214   3.73598  -3.77715 0.0271278 0 0 0   -0.011 -0.02329  0.04412  0.124899 -0.127737 -0.041886 -0.00256715 -0.00151859   -0.004862  0.0122309 -0.0839889   0.035358 -1.87449  -1.9512 -9.42845 
               209.6 -7.70858  48.8379 0.414502   3.74271  -3.78882 0.0193145 0 0 0   -0.011 -0.02329  0.04412   0.042479   -0.11433 -0.0797934 -0.00258466 -0.00153209  -0.0048497  0.0121968 -0.0840637  0.0356594 -1.87452 -1.95118 -9.42844 
               209.7 -7.18835  50.2546  3.63177     3.7434   -3.79863 0.00435578 0 0 0   -0.011 -0.02329  0.04412 -0.00515134   -0.134982   -0.119329  -0.0025815 -0.00155625 -0.00484846  0.0118173 -0.0843493  0.0361671 -1.87454 -1.95109 -9.42846 
               209.8 -5.11665  51.4978  6.81215   3.74328  -3.81702 -0.004201 0 0 0   -0.011 -0.02329  0.04412 -0.0534045  -0.154794 -0.0943676 -0.00255582 -0.00158149 -0.00484232  0.0117878 -0.0839317  0.0359084 -1.87446 -1.95117 -9.42846 
               209.9 -3.10413  51.2139  8.62119    3.73598   -3.82863 -0.0171056 0 0 0   -0.011 -0.02329  0.04412 -0.0744871  -0.118427  -0.151458 -0.00261272 -0.00159765 -0.00483492  0.0117004 -0.0842334  0.0360943  -1.8745  -1.9511 -9.42846 
                 210 -2.31182  49.9901  7.73671    3.73304   -3.83813 -0.0356038 0 0 0   -0.011 -0.02329  0.04412 -0.0218998 -0.0266204  -0.223828 -0.00262484 -0.00156226 -0.00480145  0.0115297 -0.0840165  0.0358957 -1.87443 -1.95112 -9.42847 
               210.1 -2.99419  49.8107  5.12635    3.73906   -3.83374 -0.0564915 0 0 0   -0.011 -0.02329  0.04412 0.0864358 0.0990572 -0.198244 -0.00263003 -0.00154812 -0.00476677  0.0113704 -0.0840587  0.0355493 -1.87438  -1.9511 -9.42849 
               210.2 -4.54506  49.3915  1.62655    3.75132   -3.81408 -0.0730891 0 0 0   -0.011 -0.02329  0.04412  0.175232  0.249094 -0.172702 -0.00262395 -0.00155371  -0.0047446 0.0115099 -0.084367 0.0354342 -1.87442 -1.95106 -9.42849 
               210.3 -6.39055  48.6907 -1.36849     3.7779   -3.77761 -0.0933919 0 0 0   -0.011 -0.02329  0.04412  0.281371  0.409054 -0.191203 -0.00261977 -0.00152826 -0.00473421  0.0109844 -0.0847177  0.0352202 -1.87437 -1.95094 -9.42852 
               210.4 -7.66466  47.2193 -3.22213   3.81497  -3.73275 -0.115443 0 0 0   -0.011 -0.02329  0.04412  0.40211 0.498875 -0.20542 -0.00261514   -0.001486 -0.00474134  0.0104793 -0.0845073  0.0350626 -1.87426 -1.95092 -9.42855 
               210.5 -6.51822  44.9129 -4.74248   3.85445  -3.67067 -0.138237 0 0 0   -0.011 -0.02329  0.04412   0.49626  0.689846 -0.214391 -0.00259825 -0.00147635 -0.00475951 0.0106487 -0.085044 0.0355242 -1.87439 -1.95084 -9.42854 
               210.6 -4.41166  41.9035 -6.04404   3.90363  -3.59994 -0.158782 0 0 0   -0.011 -0.02329  0.04412 0.542942 0.704354 -0.14591 -0.00261194 -0.00145331 -0.00477188  0.0108164 -0.0849596  0.0359307 -1.87445 -1.95087 -9.42852 
               210.7 0.875746  39.0469 -7.25421    3.9538  -3.53377 -0.168004 0 0 0   -0.011 -0.02329  0.04412   0.500593   0.640405 -0.0579171 -0.00259273 -0.00144595 -0.00479663  0.0110844 -0.0848457  0.0359679 -1.87448 -1.95091 -9.42851 
               210.8  5.07676  38.0987 -9.04549   3.99468  -3.46962 -0.169272 0 0 0   -0.011 -0.02329  0.04412  0.383395   0.54968 0.0493418 -0.00261491 -0.00141006 -0.00482425  0.0113625 -0.0852195   0.036288 -1.87459 -1.95087  -9.4285 
               210.9  6.91843  38.6137 -11.6701   4.02375  -3.41949 -0.162348 0 0 0   -0.011 -0.02329  0.04412 0.215665 0.436624 0.114428 -0.00258468 -0.00140321 -0.00484025   0.011315 -0.0853254  0.0365213 -1.87461 -1.95084  -9.4285 
                 211  5.73937  38.7821 -13.3324    4.0432  -3.38262 -0.150927 0 0 0   -0.011 -0.02329  0.04412 0.127304 0.308828 0.102948 -0.00254638  -0.0013786 -0.00485304  0.0110521 -0.0852118   0.036416 -1.87455 -1.95084 -9.42851 
               211.1  3.40088  39.1349 -14.5659   4.05767  -3.35598 -0.138141 0 0 0   -0.011 -0.02329  0.04412 0.0924305   0.16904 0.0466967 -0.00247373 -0.00132851 -0.00485401   0.011169 -0.0855643  0.0357448 -1.87453 -1.95082 -9.42851 
               211.2  1.31815  39.7704 -15.4749   4.06774  -3.34276 -0.138179 0 0 0   -0.011 -0.02329  0.04412  0.0746967   0.114903 -0.0435159 -0.00244032 -0.00131534 -0.00486485  0.0108977 -0.0855254  0.0358032 -1.87449 -1.95081 -9.42853 
               211.3 0.345378   39.157 -14.6152    4.0669  -3.33428 -0.148508 0 0 0   -0.011 -0.02329  0.04412 0.0574624 0.0642945 -0.179137 -0.00244042 -0.00134258 -0.00486193  0.0114173 -0.0853514   0.036115 -1.87459 -1.95085  -9.4285 
               211.4 0.201049  40.2607 -13.2023   4.08067   -3.3271 -0.173876 0 0 0   -0.011 -0.02329  0.04412 0.0822548 0.0702783 -0.277113 -0.00245307 -0.00131562  -0.0048853   0.010965 -0.0855289  0.0357012  -1.8745 -1.95082 -9.42852 
               211.5  2.16932  41.5917 -10.7148   4.08896  -3.31911 -0.196052 0 0 0   -0.011 -0.02329  0.04412  0.122433  0.131087 -0.143312 -0.00245347 -0.00139877 -0.00488959 0.0111064 -0.085532 0.0355184 -1.87451 -1.95084 -9.42852 
               211.6  3.31559  42.3581 -6.90072   4.10687  -3.30311 -0.204689 0 0 0   -0.011 -0.02329  0.04412  0.193923  0.187251 0.0507123 -0.00250551 -0.00139732 -0.00491499  0.0103997 -0.0855755   0.035787 -1.87441 -1.95078 -9.42855 
               211.7    5.6561   41.8288 0.0466622    4.1276  -3.27791 -0.193945 0 0 0   -0.011 -0.02329  0.04412  0.261961  0.235946 0.0995026 -0.00247381 -0.00141756 -0.00492679  0.0108692 -0.0858996  0.0357467  -1.8745 -1.95075 -9.42854 
               211.8 7.86274 38.6339 7.44049   4.15373  -3.25309 -0.184854 0 0 0   -0.011 -0.02329  0.04412  0.331675  0.217547 0.0488487 -0.00246891 -0.00143601 -0.00494882  0.0111901 -0.0860128  0.0359024 -1.87457 -1.95075 -9.42852 
               211.9 7.85495 34.7472 11.6342   4.19247  -3.23306 -0.189574 0 0 0   -0.011 -0.02329  0.04412   0.444851   0.178195 -0.0280078 -0.00241969 -0.00144911 -0.00496065  0.0107244 -0.0859725  0.0362857 -1.87453  -1.9507 -9.42854 
                 212  6.7339 32.1633 14.4767   4.24411  -3.21727 -0.194684 0 0 0   -0.011 -0.02329  0.04412  0.498145  0.175584 0.0102664 -0.00239709 -0.00148209 -0.00493165  0.0101376 -0.0858404  0.0362244 -1.87442 -1.95067 -9.42857 
               212.1 5.64633 29.7031  18.818   4.29094  -3.19903 -0.193012 0 0 0   -0.011 -0.02329  0.04412    0.451842    0.179356 -0.00950457 -0.00237163 -0.00154916 -0.00491127  0.0101238 -0.0858127  0.0362808 -1.87442 -1.95068 -9.42857 
               212.2   4.799 27.8052 20.1001   4.33779  -3.18241 -0.199488 0 0 0   -0.011 -0.02329  0.04412  0.482465    0.1414 -0.104597 -0.00234565  -0.0015815 -0.00493239  0.0101158 -0.0858922  0.0362326 -1.87442 -1.95066 -9.42857 
               212.3 4.79414 28.4322 18.2104   4.38009  -3.16443 -0.210272 0 0 0   -0.011 -0.02329  0.04412    0.41581   0.146704 -0.0822652 -0.00238364 -0.00162126 -0.00487277  0.0102856 -0.0863851  0.0365332 -1.87453  -1.9506 -9.42856 
               212.4 5.21702 28.8717 15.4072   4.42007  -3.15392 -0.213248 0 0 0   -0.011 -0.02329  0.04412   0.292004    0.12906 -0.0423596 -0.00241391 -0.00166398 -0.00481186 0.0102428  -0.08595 0.0360779 -1.87444 -1.95067 -9.42857 
               212.5 5.26832  27.241 12.3468   4.44232  -3.14311 -0.217923 0 0 0   -0.011 -0.02329  0.04412   0.191612   0.174476 -0.0864738 -0.00242625  -0.0016531 -0.00480344  0.0105711 -0.0855573  0.0360485 -1.87443 -1.95077 -9.42855 
               212.6 5.01583 24.5268 8.89164    4.4612  -3.12408 -0.227283 0 0 0   -0.011 -0.02329  0.04412  0.123814  0.228126 -0.121258 -0.00241379 -0.00159533   -0.004823  0.0104698 -0.0853696  0.0357754 -1.87438 -1.95079 -9.42855 
               212.7  4.9178 21.1865 5.75897   4.47127  -3.09198 -0.239603 0 0 0   -0.011 -0.02329  0.04412    0.10017   0.325119 -0.0987871 -0.00240492 -0.00153393 -0.00482141  0.0103612 -0.0858928  0.0358459 -1.87444  -1.9507 -9.42856 
             212.799 5.41106 17.6157 3.00398   4.48006   -3.0536 -0.253688 0 0 0   -0.011 -0.02329  0.04412   0.134461   0.385341 -0.0919003 -0.00237331 -0.00150079 -0.00485124  0.0102205 -0.0862223  0.0364202 -1.87447 -1.95061 -9.42857 
               212.9    5.8735    14.798 -0.852194   4.49829   -3.0084 -0.261675 0 0 0   -0.011 -0.02329  0.04412   0.253866   0.444702 -0.0392538 -0.00239005 -0.00148539 -0.00486743  0.0101015 -0.0866361  0.0366349 -1.87451 -1.95053 -9.42858 
                 213  4.64353  13.8846 -5.79738   4.53153  -2.96853 -0.266996 0 0 0   -0.011 -0.02329  0.04412  0.334418  0.379334 -0.118529 -0.00237624 -0.00147239 -0.00487574 0.00991618 -0.0862994  0.0363864 -1.87444 -1.95058 -9.42859 
               213.1  3.16895  13.6213 -10.0523  4.56989 -2.93395 -0.28286 0 0 0   -0.011 -0.02329  0.04412  0.347756  0.284659 -0.156851   -0.002342 -0.00147489  -0.0048612 0.00939421 -0.0863708  0.0363295 -1.87435 -1.95052 -9.42861 
               213.2  1.55426  14.2913 -14.1273   4.60726  -2.91811 -0.293684 0 0 0   -0.011 -0.02329  0.04412   0.352232    0.16377 -0.0778668 -0.00231067 -0.00148027 -0.00489142 0.00922623 -0.0856289  0.0360847 -1.87426 -1.95065 -9.42861 
               213.3  0.38364  14.8794 -17.1741   4.63938  -2.91251 -0.302695 0 0 0   -0.011 -0.02329  0.04412   0.287946  0.0557649 -0.0722402 -0.00232621   -0.001492 -0.00487676 0.00918362 -0.0849803  0.0362292 -1.87421 -1.95074  -9.4286 
               213.4 -0.135068   13.5904  -18.8525   4.66243  -2.91167 -0.305727 0 0 0   -0.011 -0.02329  0.04412   0.258362 -0.0162529  -0.077042 -0.00231682 -0.00148307 -0.00489655 0.00973211 -0.0848208  0.0358403  -1.8743 -1.95081 -9.42856 
               213.5 -0.988119   11.8116  -20.9538   4.68639  -2.92044 -0.316188 0 0 0   -0.011 -0.02329  0.04412   0.288024  -0.111654 -0.0854281 -0.00232431 -0.00146315 -0.00491062 0.00992552 -0.0844581   0.036119 -1.87432 -1.95086 -9.42855 
               213.6 -2.24201  10.7535 -23.4202   4.71472  -2.93128 -0.327883 0 0 0   -0.011 -0.02329  0.04412  0.315138 -0.177121 -0.083367 -0.00232414 -0.00144244 -0.00490886  0.0101338 -0.0848082  0.0364809 -1.87436 -1.95079 -9.42856 
             213.699 -3.21491  10.7331 -25.6089   4.74509  -2.95258 -0.325513 0 0 0   -0.011 -0.02329  0.04412  0.327602 -0.223953    0.0284 -0.00228844 -0.00146824 -0.00491155  0.0104709 -0.0846392  0.0359712 -1.87442 -1.95084 -9.42853 
               213.8 -2.89012  11.2355 -28.0524   4.78365  -2.97627 -0.317662 0 0 0   -0.011 -0.02329  0.04412  0.331345 -0.199314 0.0441788 -0.00228818 -0.00147051 -0.00491461 0.00989682 -0.0845812  0.0355637 -1.87433 -1.95087 -9.42855 
               213.9 -2.75802  11.7085 -30.2423   4.81544  -2.99357 -0.317671 0 0 0   -0.011 -0.02329  0.04412   0.308448  -0.160211 -0.0373684  -0.0023433 -0.00148409 -0.00490252 0.00993503 -0.0846722  0.0355784 -1.87434 -1.95086 -9.42855 
                 214  -2.8896  11.8686 -32.0743   4.84137  -3.00638 -0.325056 0 0 0   -0.011 -0.02329  0.04412   0.304629  -0.117583 -0.0273345  -0.0023357 -0.00148396 -0.00491868  0.0103642 -0.0846187   0.036029  -1.8744 -1.95084 -9.42854 
               214.1 -2.82322  11.6438 -34.1841  4.86919 -3.01801 -0.32818 0 0 0   -0.011 -0.02329  0.04412    0.29821 -0.0911615 -0.0316748 -0.00232991 -0.00146982 -0.00490909  0.0105566 -0.0843998  0.0361652 -1.87443 -1.95086 -9.42853 
               214.2  -2.2719  11.2057 -35.7647   4.89659  -3.02467 -0.330037 0 0 0   -0.011 -0.02329  0.04412   0.266962 -0.0492586 -0.0578091 -0.00235111 -0.00145744 -0.00490908  0.0107393 -0.0844285  0.0359167 -1.87446 -1.95086 -9.42852 
             214.299 -1.32232  10.2529 -36.9828   4.92805  -3.02693 -0.338044 0 0 0   -0.011 -0.02329  0.04412    0.274596 -0.00587687  -0.0741844  -0.0023611 -0.00144966 -0.00492614  0.0103131 -0.0847134  0.0359309 -1.87439 -1.95084 -9.42854 
               214.4 -0.297642   8.91251  -38.4365   4.95861  -3.02353 -0.342344 0 0 0   -0.011 -0.02329  0.04412   0.308904    0.05305 -0.0342898  -0.0023722 -0.00142916 -0.00493765  0.0102713 -0.0848781  0.0357796 -1.87438 -1.95082 -9.42855 
               214.5 0.00802906    7.36413   -39.6849   4.99166  -3.02138 -0.345411 0 0 0   -0.011 -0.02329  0.04412   0.324182  0.0179879 -0.0420859 -0.00237574  -0.0014106 -0.00493434  0.0100141 -0.0847699  0.0356892 -1.87435 -1.95085 -9.42855 
               214.6 -0.0111748    6.96352   -40.7593   5.02621   -3.0248 -0.349822 0 0 0   -0.011 -0.02329  0.04412   0.352667 -0.0649863 -0.0536036 -0.00232573 -0.00138643 -0.00496303  0.0098342 -0.0847144  0.0356423 -1.87432 -1.95087 -9.42855 
               214.7 -0.070424   9.08406  -41.8635   5.06043  -3.03867 -0.358757 0 0 0   -0.011 -0.02329  0.04412   0.316163  -0.118525 -0.0651808 -0.00233077 -0.00139151 -0.00495995 0.00961313 -0.0843923  0.0359066  -1.8743 -1.95091 -9.42854 
               214.8 -0.661154   9.87093  -41.9152  5.08483 -3.04766 -0.35564 0 0 0   -0.011 -0.02329  0.04412   0.184883 -0.0428313 -0.0120556 -0.00231386 -0.00141032 -0.00497092 0.00986173 -0.0842611  0.0352352 -1.87436 -1.95094 -9.42852 
               214.9  -1.6932  7.92678 -40.4588   5.09421  -3.05103 -0.358506 0 0 0   -0.011 -0.02329  0.04412   0.108482 -0.0404861 -0.0227229 -0.00233245 -0.00140371 -0.00496637   0.010122 -0.0839918  0.0352927 -1.87441 -1.95096 -9.42851 
                 215 -2.77165  7.18119 -38.9149   5.10233  -3.05203 -0.367167 0 0 0   -0.011 -0.02329  0.04412   0.116332 -0.0359783 -0.0673284 -0.00230686 -0.00136905 -0.00499745  0.0104959 -0.0841122  0.0358304 -1.87443 -1.95089 -9.42852 
               215.1 -4.53668  8.07555 -36.6192   5.11288  -3.05859 -0.375769 0 0 0   -0.011 -0.02329  0.04412   0.082347 -0.0541972 -0.0527631 -0.00227788 -0.00140499 -0.00499974  0.0103969 -0.0838477  0.0360152 -1.87443 -1.95092 -9.42852 
               215.2 -3.86403   8.7264 -35.7374   5.12109  -3.06619 -0.374266 0 0 0   -0.011 -0.02329  0.04412   0.0175184  -0.0610784 0.000124468  -0.0022569 -0.00147082 -0.00500976  0.0101213 -0.0839529  0.0355614  -1.8744 -1.95095 -9.42852 
             215.299 -2.31896  8.39287 -35.8909   5.11968  -3.07005 -0.370411 0 0 0   -0.011 -0.02329  0.04412  -0.0240122 -0.00296152   0.0195337 -0.00232512 -0.00146605 -0.00497118 0.0102317 -0.083863 0.0352697 -1.87443 -1.95097 -9.42851 
               215.4  -1.9712   7.4124 -35.6544   5.11536  -3.06965 -0.373553 0 0 0   -0.011 -0.02329  0.04412  -0.02092 0.0389322 0.0022686 -0.00234077 -0.00144164 -0.00493923  0.0102066 -0.0836168  0.0357357 -1.87442 -1.95098 -9.42851 
               215.5 -2.68363  6.33753 -35.4693   5.11369  -3.06771 -0.379744 0 0 0   -0.011 -0.02329  0.04412 -0.0301345  0.0458732 -0.0180035 -0.00230471 -0.00140532  -0.0049651 0.00990832 -0.0834465  0.0362691 -1.87437 -1.95099 -9.42851 
               215.6 -2.98715   5.0331 -34.5306   5.10854  -3.06461 -0.377948 0 0 0   -0.011 -0.02329  0.04412   -0.0787401    0.0533368 -0.000674752 -0.00227168 -0.00141798 -0.00495368 0.00982427 -0.0832794  0.0359835 -1.87437 -1.95103  -9.4285 
               215.7 -2.84951  3.31701 -32.9858   5.09995  -3.05756 -0.383323 0 0 0   -0.011 -0.02329  0.04412  -0.090686  0.0579615 -0.0151036   -0.002269 -0.00140156 -0.00496151 0.00985548 -0.0834088  0.0364593 -1.87436 -1.95099 -9.42852 
             215.799  -2.5255 0.885957 -31.6055   5.09157  -3.04699 -0.381423 0 0 0   -0.011 -0.02329  0.04412  -0.144952   0.104556 -0.0130991 -0.00224608 -0.00141611 -0.00498123 0.00983979 -0.0838064  0.0361198 -1.87435 -1.95095 -9.42852 
               215.9 -2.35909 -3.16933 -30.3913   5.07909  -3.03223 -0.382146 0 0 0   -0.011 -0.02329  0.04412  -0.135283   0.138468 -0.0179383 -0.00226219 -0.00138666 -0.00496987 0.00975894 -0.0841554  0.0360128 -1.87434 -1.95092 -9.42854 
             215.999 -2.88286 -6.05269  -30.175   5.06789   -3.0171 -0.381505 0 0 0   -0.011 -0.02329  0.04412  -0.070628   0.123217 -0.0100323 -0.00223473 -0.00136683 -0.00497976 0.00994925 -0.0842658  0.0357959 -1.87437  -1.9509 -9.42853 
             216.099 -3.56718 -7.52719 -29.9524   5.06093   -3.0124 -0.381849 0 0 0   -0.011 -0.02329  0.04412 -0.0431174  0.0911098 -0.0130061 -0.00217883 -0.00138308 -0.00499524 0.00974256 -0.0836158  0.0357384 -1.87436   -1.951 -9.42851 
             216.199 -4.05394  -8.4622 -29.5054   5.05545  -3.00496 -0.375339 0 0 0   -0.011 -0.02329  0.04412 -0.0408224  0.0787451  0.0100809 -0.00216804 -0.00141002 -0.00498583 0.00983368 -0.0834237  0.0350277 -1.87441 -1.95104  -9.4285 
             216.299 -4.18334  -9.4196 -29.0438   5.05179  -2.99746 -0.371572 0 0 0   -0.011 -0.02329  0.04412 -0.0455604  0.0827001  0.0186618 -0.00216089 -0.00141463 -0.00500964 0.00975117 -0.0834052  0.0347842 -1.87441 -1.95105 -9.42849 
               216.4 -4.14354 -10.7203 -28.7291   5.04569   -2.9919 -0.363745 0 0 0   -0.011 -0.02329  0.04412 -0.0581777  0.0825871  0.0333151 -0.00216657 -0.00141932 -0.00501157 0.00963271 -0.0830866   0.034223 -1.87444  -1.9511 -9.42848 
               216.5 -4.06051  -12.171 -28.5312   5.03782  -2.98542 -0.364771 0 0 0   -0.011 -0.02329  0.04412 -0.0646508  0.0868324   0.015167 -0.00215514 -0.00141771 -0.00500704 0.00973429 -0.0828497  0.0346212 -1.87443 -1.95113 -9.42847 
             216.599 -4.39408 -13.5223 -28.1113   5.02789  -2.98236 -0.363375 0 0 0   -0.011 -0.02329  0.04412 -0.0542723  0.0879893  0.0134289 -0.00213729 -0.00141004 -0.00502301 0.00979885 -0.0821347  0.0346565 -1.87445 -1.95122 -9.42845 
               216.7 -5.10637 -14.4445 -27.5574   5.02277   -2.9766 -0.365427 0 0 0   -0.011 -0.02329  0.04412 -0.0418858  0.0741985 0.00339824 -0.00212654 -0.00141549 -0.00501992 0.00976117 -0.0818968  0.0350322 -1.87441 -1.95125 -9.42845 
               216.8 -5.69116  -14.991 -26.6727   5.01872  -2.96542 -0.368228 0 0 0   -0.011 -0.02329  0.04412  -0.0316366   0.0748472 -0.00536098 -0.00211412 -0.00143283  -0.0050214  0.0100459 -0.0822474  0.0352593 -1.87443  -1.9512 -9.42846 
               216.9  -5.8966 -15.7005 -26.6519   5.00669  -2.96045 -0.372853 0 0 0   -0.011 -0.02329  0.04412 -0.0616429  0.0642554 -0.0216939 -0.00209957 -0.00146205  -0.0050242  0.0107526 -0.0817497  0.0355338 -1.87451 -1.95124 -9.42843 
                 217 -5.34135 -18.1447 -30.1137   4.99935  -2.95322 -0.371091 0 0 0   -0.011 -0.02329  0.04412 -0.0663277  0.0950626 -0.0266179 -0.00211252 -0.00146943 -0.00502964  0.0106626 -0.0816385  0.0350565 -1.87454 -1.95125 -9.42842 
             217.099 -4.34576  -21.651 -35.7827    4.9913   -2.9425 -0.373999 0 0 0   -0.011 -0.02329  0.04412 -0.0689338   0.117044 -0.0324526 -0.00210844 -0.00146899 -0.00498016  0.0107953 -0.0816108  0.0350017 -1.87456 -1.95125 -9.42842 
               217.2 -4.09833 -24.6713 -40.0962   4.98172  -2.93426 -0.377707 0 0 0   -0.011 -0.02329  0.04412 -0.0579985   0.105336 -0.0306331 -0.00209429 -0.00146512 -0.00497755  0.0109802 -0.0811537  0.0350678 -1.87458 -1.95131  -9.4284 
             217.299 -3.42824  -27.013 -44.0892   4.97795  -2.93154 -0.380343 0 0 0   -0.011 -0.02329  0.04412 -0.0322646   0.070503 -0.0205801 -0.00207286 -0.00146416 -0.00501401  0.0106088 -0.0806392  0.0352642 -1.87453  -1.9514  -9.4284 
               217.4  -2.1401 -28.6562 -48.3073   4.97475   -2.9289 -0.383105 0 0 0   -0.011 -0.02329  0.04412 -0.0172134  0.0498752 -0.0191456  -0.0020634 -0.00148305 -0.00501268  0.0105351 -0.0803058  0.0354386 -1.87452 -1.95145 -9.42839 
             217.499 -0.892692  -29.7788  -51.5692   4.97521  -2.92462 -0.384319 0 0 0   -0.011 -0.02329  0.04412 -0.00734056   0.0424829  -0.0201969 -0.00206745   -0.001499 -0.00501645   0.010367 -0.0803815  0.0354248  -1.8745 -1.95145 -9.42839 
             217.599 -0.0752967    -30.741   -53.8509   4.97301  -2.92071 -0.381998 0 0 0   -0.011 -0.02329  0.04412  0.00577064   0.0430133 -0.00964926 -0.00206252 -0.00151509 -0.00503773  0.0102808 -0.0801738  0.0349377 -1.87455 -1.95145 -9.42838 
             217.699 0.489263 -31.3828 -55.4399  4.97091  -2.9207 -0.38313 0 0 0   -0.011 -0.02329  0.04412  0.00954944   0.0207074 -0.00758698 -0.00206323 -0.00151645 -0.00506021  0.0102849 -0.0797424  0.0350233 -1.87457  -1.9515 -9.42837 
             217.799 0.962785 -31.8711 -57.0498   4.96951  -2.91834 -0.378814 0 0 0   -0.011 -0.02329  0.04412 0.0252172 0.0263206 0.0045182 -0.00204688 -0.00151435 -0.00508329   0.010202 -0.0794901  0.0344358 -1.87465  -1.9515 -9.42835 
               217.9  1.58508 -32.4026 -59.4454  4.97098 -2.91711 -0.37837 0 0 0   -0.011 -0.02329  0.04412  0.0470299  0.0154792 0.00767135 -0.00205976 -0.00150594 -0.00507469  0.0102381 -0.0792545  0.0344187 -1.87467 -1.95151 -9.42835 
             217.999  2.96077 -32.4826 -63.2957  4.97325 -2.91585 -0.37923 0 0 0   -0.011 -0.02329  0.04412   0.0525688 -0.00287268  0.00929639 -0.00204097 -0.00152714 -0.00505545  0.0105607 -0.0790437   0.034479  -1.8747  -1.9515 -9.42834 
               218.1  5.42545 -32.5409 -68.6094    4.9729  -2.91862 -0.381158 0 0 0   -0.011 -0.02329  0.04412   0.0438696 -0.00993921 -0.00666011 -0.00202928 -0.00154683 -0.00501784 0.0108025  -0.07849 0.0346322 -1.87474 -1.95152 -9.42833 
             218.199  7.43641 -32.7749 -73.3965   4.97722  -2.92137 -0.382021 0 0 0   -0.011 -0.02329  0.04412   0.0690605 -0.00617452   -0.012566 -0.00205991 -0.00152514 -0.00499433  0.0107005 -0.0782816  0.0346878 -1.87475 -1.95155 -9.42832 
               218.3  8.77444 -33.0482 -78.1324   4.97738  -2.92533 -0.382574 0 0 0   -0.011 -0.02329  0.04412    0.0766319 -0.000268252   -0.0166054  -0.0020429 -0.00153055 -0.00501558  0.0106594 -0.0774776  0.0345494 -1.87483 -1.95159  -9.4283 
               218.4  9.82191 -33.7093 -83.0398    4.9869  -2.92511 -0.386022 0 0 0   -0.011 -0.02329  0.04412    0.081835 -0.00499377  -0.0300889 -0.00205817 -0.00151881 -0.00500054  0.0107181 -0.0775942  0.0347008 -1.87481 -1.95158  -9.4283 
             218.499  10.9252 -34.2556 -87.0803   4.99045  -2.92802 -0.387951 0 0 0   -0.011 -0.02329  0.04412  0.0698978 -0.0243804    -0.0195 -0.00204565 -0.00151702 -0.00501146  0.0106634 -0.0771866  0.0345931 -1.87486 -1.95159 -9.42829 
             218.599  11.8221 -34.3763 -90.4242   4.99575  -2.92952 -0.382734 0 0 0   -0.011 -0.02329  0.04412  0.0663401 -0.0313755  0.0111433 -0.00205452 -0.00149999 -0.00500576  0.0104115 -0.0771718  0.0338857 -1.87493 -1.95157 -9.42828 
             218.699  13.0032 -34.1108 -93.6724   5.00022  -2.93846 -0.376203 0 0 0   -0.011 -0.02329  0.04412  0.0610258 -0.0518841  0.0288752 -0.00207104 -0.00149438 -0.00502052 0.00974034 -0.0769788  0.0336431 -1.87499 -1.95163 -9.42826 
               218.8  14.8173 -33.9121 -98.1265  5.00849 -2.94684 -0.37442 0 0 0   -0.011 -0.02329  0.04412  0.0863465 -0.0442763  0.0147852 -0.00210241 -0.00148635 -0.00502717 0.00948333 -0.0770265  0.0339306 -1.87497 -1.95168 -9.42825 
             218.899  17.1168 -34.0819 -104.395   5.01221  -2.95043 -0.371002 0 0 0   -0.011 -0.02329  0.04412  0.0854954 -0.0284783  0.0199017 -0.00208941 -0.00148818 -0.00502894 0.00931844 -0.0765553  0.0335981 -1.87505 -1.95166 -9.42824 
             218.999  18.8234 -34.2005 -109.553   5.01694  -2.94901 -0.376202 0 0 0   -0.011 -0.02329  0.04412  0.0595464 -0.0164611 0.00273458 -0.00209189 -0.00145204 -0.00499337  0.0100466 -0.0761121  0.0339435 -1.87503 -1.95159 -9.42826 
               219.1   19.479 -34.0486 -111.577   5.01539  -2.95191 -0.376611 0 0 0   -0.011 -0.02329  0.04412  0.0192263 -0.0212947 0.00744308 -0.00208282 -0.00144935 -0.00501763 0.00997025  -0.075541  0.0339699 -1.87509 -1.95158 -9.42825 
             219.199  19.4868 -33.8363  -111.99    5.0135  -2.95251 -0.376434 0 0 0   -0.011 -0.02329  0.04412  0.0237749 -0.0193057  0.0125965 -0.00209935  -0.0014794 -0.00508266  0.0100429 -0.0751193  0.0338716 -1.87513 -1.95154 -9.42825 
             219.299   19.265 -33.5349 -112.713    5.0138  -2.95194 -0.377448 0 0 0   -0.011 -0.02329  0.04412   0.032798 -0.0107911 0.00577025 -0.00209577 -0.00149741 -0.00512838  0.0102675 -0.0747584    0.03387 -1.87514 -1.95149 -9.42826 
               219.4  19.0677 -33.2092 -113.496   5.01806  -2.95827 -0.374866 0 0 0   -0.011 -0.02329  0.04412 0.0387697 -0.033007 0.0169663 -0.00211765 -0.00148981 -0.00511451 0.00984563 -0.0749562  0.0339963 -1.87516 -1.95155 -9.42824 
             219.499  18.6789 -32.5389  -114.07   5.01781  -2.96097 -0.370976 0 0 0   -0.011 -0.02329  0.04412  0.0351179 -0.0451395  0.0356571 -0.00210012 -0.00150448 -0.00509579 0.00969016 -0.0746053  0.0337153 -1.87523 -1.95151 -9.42823 
               219.6  18.4221 -31.4871 -114.771  5.01906 -2.96821 -0.37059 0 0 0   -0.011 -0.02329  0.04412  0.0206611 -0.0734078  0.0330811 -0.00210567 -0.00152045 -0.00509704 0.00971579 -0.0743878  0.0340725 -1.87522 -1.95152 -9.42823 
             219.699  17.8729 -29.6572 -114.286   5.01952  -2.97411 -0.369736 0 0 0   -0.011 -0.02329  0.04412 -0.0021231  -0.108531  0.0469506 -0.00213164 -0.00151999 -0.00510101 0.0101395 -0.074138 0.0341635 -1.87519 -1.95147 -9.42825 
             219.799  17.1335 -26.6129 -112.767   5.01884   -2.9904 -0.361632 0 0 0   -0.011 -0.02329  0.04412 -0.00407355   -0.149043   0.0667796 -0.00215883 -0.00153711 -0.00508029  0.0097449 -0.0743193  0.0341539 -1.87522 -1.95152 -9.42823 
               219.9  16.6061   -23.19 -112.728    5.0135  -3.00752 -0.356816 0 0 0   -0.011 -0.02329  0.04412 0.0104029 -0.157234 0.0558085 -0.00216688 -0.00155795 -0.00510947 0.00947196 -0.0738036  0.0343146 -1.87529 -1.95151 -9.42822 
                 220  15.5632 -20.1818 -113.622   5.01455   -3.0231 -0.353674 0 0 0   -0.011 -0.02329  0.04412 0.0222868 -0.130213  0.029878 -0.00218512 -0.00156607 -0.00507757 0.00946272 -0.0736812  0.0345138 -1.87529 -1.95152 -9.42822 
               220.1  15.0406 -18.4967 -114.222   5.01467  -3.03274 -0.348932 0 0 0   -0.011 -0.02329  0.04412   0.015987 -0.0925773  0.0191667 -0.00221936 -0.00155281   -0.005056 0.00939066 -0.0735898  0.0341385 -1.87533 -1.95149 -9.42822 
               220.2  14.2692 -17.5112 -113.698   5.01375  -3.04525 -0.347566 0 0 0   -0.011 -0.02329  0.04412  0.0167676 -0.0813998  0.0100187 -0.00224964 -0.00154241 -0.00506194 0.00895671 -0.0734436  0.0343135 -1.87538 -1.95153  -9.4282 
             220.299    13.41 -16.6644 -112.335   5.01447  -3.04941 -0.349405 0 0 0   -0.011 -0.02329  0.04412   0.0186061  -0.0646434 0.000722026 -0.00226135 -0.00154359 -0.00507857 0.00928594 -0.0731533  0.0343972 -1.87536 -1.95147 -9.42822 
               220.4  12.5817 -15.7603  -110.49   5.01857  -3.05444 -0.347593 0 0 0   -0.011 -0.02329  0.04412   0.0402285  -0.0452043 -0.00154637 -0.00229252 -0.00155433 -0.00507965 0.00934567 -0.0733133  0.0342041 -1.87535 -1.95147 -9.42822 
             220.499  11.2347 -15.4369 -107.707   5.01333  -3.05559 -0.348994 0 0 0   -0.011 -0.02329  0.04412  0.0419827 -0.0180301 -0.0138466 -0.00228949 -0.00155663 -0.00509058 0.00914829 -0.0723066  0.0340358 -1.87547 -1.95138 -9.42821 
             220.599  9.70806 -15.5892 -104.368   5.01932  -3.05837 -0.346057 0 0 0   -0.011 -0.02329  0.04412   0.0550287  -0.0138015 -0.00660114 -0.00228811 -0.00154333 -0.00512168 0.00892822 -0.0725692  0.0336655 -1.87549 -1.95141  -9.4282 
               220.7  8.32814 -15.3378 -100.998   5.02965   -3.0607 -0.348691 0 0 0   -0.011 -0.02329  0.04412   0.083357 -0.0243774 -0.0127667  -0.0023164 -0.00154869 -0.00513103 0.00908778 -0.0728964  0.0339426 -1.87543 -1.95144 -9.42821 
             220.799   6.7196 -14.6153 -97.7484   5.03887  -3.06596 -0.354188 0 0 0   -0.011 -0.02329  0.04412  0.0930468 -0.0391592  -0.024956 -0.00231699 -0.00156774 -0.00511245 0.00901135 -0.0729113  0.0344231 -1.87541 -1.95146 -9.42821 
             220.899  5.36511  -13.527 -94.7484   5.05178  -3.06826 -0.352312 0 0 0   -0.011 -0.02329  0.04412   0.102116 -0.0306241 -0.0140821 -0.00234146 -0.00158756 -0.00509547 0.00912372 -0.0732563  0.0340153 -1.87539 -1.95147 -9.42821 
             220.999   4.2681 -12.5358 -92.2226   5.05574  -3.07074 -0.352232 0 0 0   -0.011 -0.02329  0.04412  0.0832147  -0.022138 -0.0113047 -0.00233692 -0.00160073 -0.00508728 0.00897676 -0.0727447  0.0337824 -1.87546 -1.95144  -9.4282 
               221.1  3.25293 -11.8878  -90.345   5.06272  -3.07241 -0.356836 0 0 0   -0.011 -0.02329  0.04412   0.0712658 -0.00962579  -0.0218222 -0.00234201 -0.00160362 -0.00509286 0.00902636 -0.0726177  0.0341049 -1.87545 -1.95143 -9.42821 
               221.2  2.51981 -11.5695 -89.0747   5.06675  -3.07466 -0.358215 0 0 0   -0.011 -0.02329  0.04412   0.0448702 0.000203211  -0.0184175 -0.00235514 -0.00161314 -0.00508038  0.0088139 -0.0724499  0.0340618 -1.87549 -1.95145  -9.4282 
               221.3  2.27858 -12.6564 -88.2848   5.06902  -3.07572 -0.358455 0 0 0   -0.011 -0.02329  0.04412 0.00988734  0.0446543 -0.0219502 -0.00236599 -0.00160447 -0.00505764 0.00841264 -0.0724388  0.0339193 -1.87551 -1.95149 -9.42818 
               221.4  2.31222 -14.9165 -88.5258   5.06588  -3.07055 -0.357026 0 0 0   -0.011 -0.02329  0.04412 -0.0141359  0.0712568 -0.0165598 -0.00235039 -0.00157785 -0.00505949 0.00830056  -0.072128  0.0335446 -1.87557 -1.95149 -9.42817 
             221.499  2.57936 -17.9014 -88.7999  5.06611 -3.06255  -0.3611 0 0 0   -0.011 -0.02329  0.04412 -0.0204565  0.0810304 -0.0178245 -0.00235527 -0.00155056 -0.00503537 0.00832714 -0.0723517  0.0337962 -1.87553  -1.9515 -9.42818 
             221.599  2.87462 -19.8732 -88.9589   5.06302  -3.05103 -0.364241 0 0 0   -0.011 -0.02329  0.04412 -0.0195095  0.0687329 -0.0117096 -0.00232984  -0.0015408 -0.00505163 0.00877005 -0.0722363   0.033873 -1.87553 -1.95144 -9.42819 
               221.7  3.55343 -20.8744 -90.3984   5.05954  -3.04643 -0.367316 0 0 0   -0.011 -0.02329  0.04412  -0.0158586   0.0359641 -0.00945987 -0.00231061 -0.00156496 -0.00506086 0.00877588 -0.0720608  0.0341005 -1.87553 -1.95144 -9.42819 
             221.799  4.80266 -21.3761 -93.6166   5.05712  -3.03943 -0.367137 0 0 0   -0.011 -0.02329  0.04412  -0.0141944   0.0372618 -0.00124692  -0.0023067 -0.00158397 -0.00502825 0.00911458 -0.0719532   0.033898 -1.87555 -1.95139  -9.4282 
             221.899  6.51884  -21.952 -98.1309   5.05545   -3.0392 -0.368331 0 0 0   -0.011 -0.02329  0.04412 -0.00789792   0.0335119  -0.0106267 -0.00228509 -0.00159325 -0.00499245 0.00883241 -0.0719087  0.0340735 -1.87555 -1.95143 -9.42819 
                 222  8.20086 -23.0261 -102.848   5.05716  -3.03487 -0.371457 0 0 0   -0.011 -0.02329  0.04412  0.0129374  0.0551597 -0.0254926 -0.00229846 -0.00157198 -0.00495329 0.00888128 -0.0720562  0.0342354 -1.87553 -1.95143 -9.42819 
             222.099  9.37598 -24.2678 -106.329  5.05958 -3.02524 -0.37221 0 0 0   -0.011 -0.02329  0.04412  0.0137835  0.0692179 -0.0160589 -0.00229325 -0.00155353 -0.00496665 0.00913712 -0.0721314  0.0339416 -1.87552 -1.95139  -9.4282 
               222.2  10.1096 -24.8665 -107.712   5.06219  -3.02118 -0.373144 0 0 0   -0.011 -0.02329  0.04412  0.00313443   0.0512193 -0.00501394 -0.00229464 -0.00155713 -0.00497352 0.00897831 -0.0723352  0.0340308 -1.87551 -1.95143  -9.4282 
             222.299  10.4336 -25.0216 -107.508    5.0527  -3.01752 -0.371814 0 0 0   -0.011 -0.02329  0.04412 -0.0232386  0.0433044 0.00322664 -0.00226891 -0.00154453 -0.00501023 0.00865102 -0.0715213   0.033833 -1.87562  -1.9514 -9.42818 
             222.399  10.5317 -25.3411 -107.022   5.05243  -3.01486 -0.368465 0 0 0   -0.011 -0.02329  0.04412 -0.00124539   0.0509424  0.00450379 -0.00226976 -0.00156082 -0.00502991 0.00835107 -0.0717119  0.0336108 -1.87563 -1.95143 -9.42817 
               222.5  10.3496 -26.0837 -106.357  5.04909 -3.00859 -0.37145 0 0 0   -0.011 -0.02329  0.04412 -0.00389175   0.0590865 -0.00862781 -0.00225915 -0.00155714 -0.00502774 0.00845981 -0.0713153  0.0338416 -1.87565  -1.9514 -9.42817 
               222.6  10.3367 -27.0224 -105.908   5.04697  -3.00272 -0.369939 0 0 0   -0.011 -0.02329  0.04412 -0.00863279   0.0730961 -0.00900527 -0.00225509 -0.00155034 -0.00502458 0.00825849 -0.0712254  0.0336048 -1.87569  -1.9514 -9.42817 
             222.699  10.3355  -28.293 -105.114  5.04686 -2.99486 -0.37358 0 0 0   -0.011 -0.02329  0.04412 -0.00355362   0.0748412   -0.017573 -0.00225691 -0.00154806 -0.00503405 0.00840939 -0.0712189  0.0338414 -1.87566  -1.9514 -9.42817 
               222.8  9.98481 -29.0828 -103.491   5.04857  -2.98967 -0.373072 0 0 0   -0.011 -0.02329  0.04412   0.00950652    0.0465054 -4.12991e-05 -0.00226171 -0.00153778 -0.00504236 0.00829222 -0.0714384  0.0337678 -1.87566 -1.95142 -9.42817 
               222.9  9.03778 -29.1891 -101.184   5.04595  -2.98321 -0.376604 0 0 0   -0.011 -0.02329  0.04412 0.00335414  0.0422326 -0.0080424 -0.00225159 -0.00155805 -0.00503571  0.0085758 -0.0709688  0.0339732 -1.87567 -1.95137 -9.42818 
                 223  7.97461 -29.2635 -97.9917   5.04297  -2.98279 -0.375773 0 0 0   -0.011 -0.02329  0.04412  -0.0115292   0.0367001 -0.00691491 -0.00222795 -0.00157276 -0.00506782 0.00810662 -0.0708225  0.0339795 -1.87572  -1.9514 -9.42816 
               223.1   6.8994 -29.4094 -93.8521   5.04239  -2.97999 -0.373414 0 0 0   -0.011 -0.02329  0.04412 -0.00721385   0.0308562  0.00305263 -0.00224855  -0.0015698 -0.00507224 0.00789784 -0.0709332  0.0337451 -1.87573 -1.95142 -9.42815 
               223.2  5.79026 -29.0775 -89.5251   5.04211   -2.9728 -0.373749 0 0 0   -0.011 -0.02329  0.04412 0.00406732  0.0259084 0.00918071  -0.0022616 -0.00157988 -0.00509178 0.00832242 -0.0708378  0.0336076 -1.87572 -1.95136 -9.42817 
               223.3  4.63685 -28.1589 -85.5407   5.03741  -2.97033 -0.377145 0 0 0   -0.011 -0.02329  0.04412 0.00321884  0.0102367 0.00558568 -0.00224323 -0.00159905 -0.00509112 0.00853706 -0.0702553  0.0339548 -1.87574 -1.95133 -9.42817 
             223.399   3.5477 -26.8714 -81.4565   5.03698  -2.96937 -0.373723 0 0 0   -0.011 -0.02329  0.04412 -0.00110558   0.0040591   0.0137777 -0.00226916 -0.00159089 -0.00507672 0.00841779 -0.0702351  0.0336855 -1.87577 -1.95133 -9.42817 
               223.5  2.49596 -25.4947 -77.2213   5.03589  -2.96987 -0.373928 0 0 0   -0.011 -0.02329  0.04412  0.00300497 -0.00091426  0.00496159 -0.00224865 -0.00162724 -0.00507489 0.00842795 -0.0701019  0.0338353 -1.87577 -1.95133 -9.42816 
             223.599  1.48048 -24.4935  -73.072   5.03011  -2.97401 -0.374843 0 0 0   -0.011 -0.02329  0.04412  -0.0107455     -0.0129 -0.00614346 -0.00226354 -0.00160975 -0.00507311 0.00817276 -0.0695236  0.0340403 -1.87582 -1.95136 -9.42815 
             223.699 0.708028  -23.809 -69.5606   5.02653  -2.97941 -0.369153 0 0 0   -0.011 -0.02329  0.04412 -0.0109416 -0.0230747 0.00873256 -0.00226005 -0.00161091 -0.00506282 0.00758158 -0.0692759  0.0335843 -1.87588 -1.95139 -9.42813 
             223.799 0.387278   -23.63 -67.4602    5.0277  -2.97998 -0.372195 0 0 0   -0.011 -0.02329  0.04412  0.00477334  -0.0146144 -0.00827015 -0.00227005 -0.00160585  -0.0050348 0.00782657 -0.0694385   0.033883 -1.87585 -1.95138 -9.42814 
               223.9 0.510234 -23.9973  -66.942   5.02304  -2.98339 -0.373696 0 0 0   -0.011 -0.02329  0.04412 -0.00483194  -0.0070629  -0.0176987 -0.00224487 -0.00160962 -0.00503445 0.00775676 -0.0689141  0.0339243 -1.87589  -1.9514 -9.42813 
                 224 0.852107 -24.7562 -67.5116   5.02591  -2.98192 -0.373746 0 0 0   -0.011 -0.02329  0.04412   0.0181984  0.00115476 -0.00941237 -0.00226036 -0.00157613 -0.00497975 0.00776737 -0.0691975  0.0337403 -1.87588 -1.95138 -9.42813 
             224.099 0.944795 -25.3669 -67.9301   5.02463  -2.97511 -0.373945 0 0 0   -0.011 -0.02329  0.04412     0.0068  0.0322345 -0.0111122 -0.00223321 -0.00158157 -0.00497962 0.00829091  -0.069146  0.0333595 -1.87593 -1.95132 -9.42813 
               224.2   1.2123 -26.3114 -68.4471   5.02165  -2.96936 -0.374158 0 0 0   -0.011 -0.02329  0.04412 -0.00967753   0.0540423 -0.00997646  -0.0022336 -0.00158141 -0.00497711 0.00848165 -0.0689285   0.033123 -1.87597 -1.95131 -9.42813 
             224.299  1.77769 -27.2545 -69.3476   5.01774  -2.96351 -0.378232 0 0 0   -0.011 -0.02329  0.04412 -0.00569603   0.0502711  -0.0115624 -0.00222822 -0.00158397 -0.00497283  0.0087706 -0.0686828  0.0333604 -1.87598  -1.9513 -9.42813 
             224.399  2.31923 -27.6494 -70.9941   5.01942  -2.96318 -0.381263 0 0 0   -0.011 -0.02329  0.04412   0.0252239   0.0147973 -0.00601018 -0.00223716 -0.00158203 -0.00495806 0.00858109  -0.068614  0.0337432 -1.87595 -1.95133 -9.42813 
             224.499  3.34822 -27.1982 -74.4986   5.01862  -2.96745 -0.374722 0 0 0   -0.011 -0.02329  0.04412 0.0356392 -0.048289 0.0390229  -0.0022092 -0.00159677 -0.00495217 0.00820027 -0.0681339  0.0331997 -1.87602 -1.95137 -9.42811 
             224.599  4.71773 -24.8318 -78.2919   5.01683  -2.97749 -0.366578 0 0 0   -0.011 -0.02329  0.04412  0.029345 -0.113822 0.0766733 -0.00219933  -0.0016049 -0.00489743 0.00809149 -0.0675908  0.0329268 -1.87608 -1.95138 -9.42809 
             224.699  5.45656 -20.7309 -80.9937  5.02129 -2.99247 -0.36129 0 0 0   -0.011 -0.02329  0.04412 0.0470474 -0.169243 0.0791053 -0.00222186 -0.00165055 -0.00488546 0.00814365 -0.0676152  0.0332575 -1.87606 -1.95139 -9.42809 
               224.8  5.68821 -15.3779 -83.4748   5.02504  -3.01443 -0.354305 0 0 0   -0.011 -0.02329  0.04412 0.0563176 -0.205881 0.0711992 -0.00224596 -0.00165516 -0.00489709  0.0079681 -0.0673973  0.0334362 -1.87606 -1.95142 -9.42809 
               224.9  5.15637 -10.1811 -84.8194   5.03039  -3.04048 -0.350902 0 0 0   -0.011 -0.02329  0.04412 0.0393635 -0.191991 0.0288738 -0.00230695 -0.00165059 -0.00488229 0.00757488 -0.0672678  0.0338838 -1.87604 -1.95148 -9.42808 
                 225  4.70563 -7.04189 -84.0151   5.03621  -3.06022 -0.347689 0 0 0   -0.011 -0.02329  0.04412 0.0463471  -0.14828 0.0114773 -0.00234936 -0.00163796 -0.00489134 0.00717103  -0.067421  0.0338805 -1.87602 -1.95152 -9.42807 
             225.099  4.05925 -4.40825 -82.7365   5.04121  -3.07363 -0.341107 0 0 0   -0.011 -0.02329  0.04412 0.0590207 -0.123151 0.0194225 -0.00241252 -0.00161625  -0.0049116 0.00706873 -0.0674405   0.033305 -1.87606 -1.95153 -9.42807 
             225.199  3.36486 -2.47236 -81.6579   5.04349  -3.08403 -0.340246 0 0 0   -0.011 -0.02329  0.04412  0.0503766 -0.0888363 0.00915786 -0.00243386 -0.00161879  -0.0048974 0.00716276 -0.0671016  0.0333026 -1.87609 -1.95151 -9.42806 
             225.299   2.6792 -1.22343  -80.771   5.04452   -3.0887 -0.342548 0 0 0   -0.011 -0.02329  0.04412   0.0424556  -0.0485565 -0.00514801 -0.00244809 -0.00160799 -0.00488317 0.00749241 -0.0667144  0.0334907 -1.87611 -1.95147 -9.42807 
               225.4   1.80091 -0.433658  -78.7023   5.04481  -3.08939 -0.344953 0 0 0   -0.011 -0.02329  0.04412   0.0331221 -0.00849377  -0.0148826 -0.00244399 -0.00160826 -0.00487757  0.0077824 -0.0663533  0.0335798 -1.87614 -1.95143 -9.42807 
             225.499 0.801584 0.267425 -75.2855   5.05056  -3.08816 -0.345674 0 0 0   -0.011 -0.02329  0.04412  0.0461671  0.0093107 -0.0151425 -0.00245709 -0.00160967  -0.0049002 0.00786434 -0.0665719  0.0335125 -1.87613 -1.95143 -9.42807 
             225.599 -0.510969  0.901203  -71.7488   5.05682  -3.09327 -0.347755 0 0 0   -0.011 -0.02329  0.04412  0.0542489 0.00708577 -0.0200112 -0.00245002 -0.00161591 -0.00492015 0.00721194 -0.0665878   0.033574 -1.87611 -1.95149 -9.42806 
               225.7 -1.52304  0.56107 -69.0261   5.06294  -3.08885 -0.354689 0 0 0   -0.011 -0.02329  0.04412  0.0153444  0.0672937 -0.0346233  -0.0024438 -0.00163106 -0.00491318 0.00729474  -0.066836  0.0340586 -1.87607 -1.95146 -9.42808 
               225.8 -1.96041 -1.97681 -67.4838   5.06704  -3.07736 -0.354308 0 0 0   -0.011 -0.02329  0.04412 -0.0146445   0.114919 -0.0242082 -0.00246386  -0.0016116 -0.00488284  0.0074068 -0.0673108  0.0337215 -1.87605 -1.95146 -9.42808 
             225.899 -1.91382 -5.27693 -66.3929  5.05931 -3.06223 -0.36437 0 0 0   -0.011 -0.02329  0.04412 -0.0570962   0.135865  -0.047096 -0.00244817 -0.00157719 -0.00485499 0.00776914  -0.066978  0.0344109 -1.87607 -1.95141 -9.42809 
             225.999 -1.77074  -8.5872 -64.9023   5.05348  -3.04842 -0.365475 0 0 0   -0.011 -0.02329  0.04412 -0.0714049   0.149278 -0.0421067 -0.00244224 -0.00155913 -0.00485127 0.00772846 -0.0670186  0.0340663 -1.87607 -1.95142 -9.42809 
               226.1 -1.90428  -11.948 -63.0826   5.04073   -3.0311 -0.361563 0 0 0   -0.011 -0.02329  0.04412 -0.0955246   0.162631 -0.0216299 -0.00240738 -0.00157264 -0.00485932 0.00807565 -0.0666301  0.0332941 -1.87615 -1.95143 -9.42807 
             226.199  -2.1988 -15.1001 -61.3529   5.02968  -3.01635 -0.360435 0 0 0   -0.011 -0.02329  0.04412 -0.0933717   0.155638 -0.0155778 -0.00236788 -0.00156272 -0.00487491 0.00800611 -0.0664236  0.0329712 -1.87617 -1.95146 -9.42806 
               226.3 -2.48929 -17.8623 -60.2291  5.03088 -2.99961 -0.36337 0 0 0   -0.011 -0.02329  0.04412 -0.0438486    0.14673 -0.0197421 -0.00234509 -0.00157241 -0.00489107 0.00775402 -0.0672779   0.033135 -1.87608 -1.95144 -9.42808 
               226.4 -2.71994 -19.9632 -59.8268   5.0259 -2.98584 -0.36436 0 0 0   -0.011 -0.02329  0.04412 -0.0277118   0.130739 -0.0149235 -0.00231233 -0.00159044 -0.00490272 0.00781087 -0.0671414  0.0330423  -1.8761 -1.95144 -9.42808 
             226.499  -3.2408 -21.5461  -58.869   5.02402  -2.97591 -0.365419 0 0 0   -0.011 -0.02329  0.04412  -0.014543   0.110118 -0.0146653 -0.00230424 -0.00160455 -0.00487897 0.00759839 -0.0670492  0.0330495 -1.87609 -1.95146 -9.42807 
               226.6 -4.04391 -22.5974 -56.7899   5.01915   -2.9638 -0.370238 0 0 0   -0.011 -0.02329  0.04412 -0.0153993   0.100516 -0.0169855 -0.00228079 -0.00162694 -0.00490326 0.00798636 -0.0668336  0.0333006 -1.87612 -1.95145 -9.42807 
               226.7  -4.4081 -22.5778 -54.3057   5.01283  -2.95626 -0.374185 0 0 0   -0.011 -0.02329  0.04412  -0.0140951   0.0644376 -0.00674942 -0.00226842 -0.00166011 -0.00492109 0.00830768 -0.0663845  0.0335639 -1.87615 -1.95146 -9.42806 
             226.799 -4.76725 -21.9211 -50.9772   5.00749  -2.95411 -0.375038 0 0 0   -0.011 -0.02329  0.04412 -0.0194313  0.0483004 -0.0129202 -0.00226382 -0.00168049 -0.00494529 0.00822808 -0.0658866  0.0336113 -1.87618 -1.95149 -9.42805 
               226.9 -5.37354 -21.0935 -46.9483    5.0068  -2.94735 -0.373476 0 0 0   -0.011 -0.02329  0.04412 -0.00381532   0.0559175 -0.00714875 -0.00226774 -0.00168118 -0.00494785 0.00822634 -0.0659961  0.0332717 -1.87619 -1.95148 -9.42805 
             226.999 -5.71259 -20.1438 -43.3201   5.00975  -2.94842 -0.373461 0 0 0   -0.011 -0.02329  0.04412   0.0144495   0.0292522 -0.00301618 -0.00227136 -0.00168408 -0.00496894 0.00762666 -0.0658837  0.0334892 -1.87614 -1.95153 -9.42805 
             227.099 -5.61757 -19.3314 -41.3389   5.01131  -2.94674 -0.373711 0 0 0   -0.011 -0.02329  0.04412   0.0560487   0.0123638 -0.00308212 -0.00226668 -0.00169067  -0.0049437  0.0076481 -0.0657214  0.0334419 -1.87616 -1.95154 -9.42804 
             227.199 -5.78842 -17.0952 -41.0782  5.01827  -2.9493 -0.36763 0 0 0   -0.011 -0.02329  0.04412   0.146569 -0.0471406  0.0612555 -0.00226607 -0.00166266 -0.00489006 0.00754897 -0.0653962  0.0330002 -1.87619 -1.95157 -9.42803 
             227.299 -5.90759 -10.4008 -41.9163  5.03413 -2.95951 -0.35783 0 0 0   -0.011 -0.02329  0.04412  0.210793 -0.145682 0.0950321 -0.00226065 -0.00169066 -0.00487076 0.00767708 -0.0651471  0.0328134 -1.87622 -1.95158 -9.42802 
             227.399 -5.64993 -2.43609 -41.9105    5.0512  -2.97637 -0.351109 0 0 0   -0.011 -0.02329  0.04412  0.163632 -0.148381 0.0457976  -0.0022768 -0.00173552 -0.00485413 0.00777255 -0.0648897  0.0328756 -1.87624 -1.95161 -9.42801 
               227.5 -5.45875  3.58601 -40.5462  5.06539 -2.99747 -0.35058 0 0 0   -0.011 -0.02329  0.04412   0.14258 -0.141835 0.0064611 -0.00233157 -0.00173899 -0.00484306 0.00744151 -0.0643271  0.0332838 -1.87619 -1.95168 -9.42801 
               227.6 -5.41268  8.68065 -40.0093   5.08032  -3.01337 -0.361643 0 0 0   -0.011 -0.02329  0.04412   0.127447  -0.140794 -0.0393572 -0.00241305 -0.00172638 -0.00483818 0.00741388 -0.0643645  0.0343698 -1.87613 -1.95168 -9.42802 
             227.699 -5.30743  12.2916 -40.4586   5.08493  -3.02753 -0.376332 0 0 0   -0.011 -0.02329  0.04412  0.0721778  -0.137985 -0.0732832 -0.00242231 -0.00172671 -0.00480541  0.0079437 -0.0640618  0.0352939 -1.87617 -1.95168 -9.42801 
             227.799 -4.67755  14.9298 -42.0803   5.08988  -3.04017 -0.377761 0 0 0   -0.011 -0.02329  0.04412  0.0443863  -0.155863 -0.0536042 -0.00248579 -0.00169587 -0.00477186   0.008169 -0.0641042  0.0347935 -1.87621 -1.95168   -9.428 
             227.899 -4.17153   16.028 -46.8313    5.087 -3.05661 -0.37453 0 0 0   -0.011 -0.02329  0.04412 -0.0236399  -0.153644 -0.0166955 -0.00251473 -0.00168189 -0.00472398 0.00859405 -0.0636796  0.0341416 -1.87627 -1.95174 -9.42798 
             227.999 -3.84436  14.0368 -57.0459   5.08354  -3.06751 -0.361705 0 0 0   -0.011 -0.02329  0.04412 -0.097044 -0.130847 0.0424101 -0.00256942 -0.00163237 -0.00463935 0.00891403 -0.0640398  0.0329531  -1.8763 -1.95175 -9.42797 
             228.099 -2.46542  10.7617 -68.0832   5.07601  -3.07333 -0.353877 0 0 0   -0.011 -0.02329  0.04412  -0.123974 -0.0853627   0.058071 -0.00264884 -0.00153331 -0.00449963 0.00904521 -0.0647104  0.0326577  -1.8763 -1.95169 -9.42798 
             228.199 -0.524072   8.15193  -76.4737   5.06809  -3.07895 -0.353099 0 0 0   -0.011 -0.02329  0.04412 -0.115765 -0.055928 0.0420428 -0.00268534 -0.00148189 -0.00455817 0.00866043 -0.0651882  0.0330385 -1.87624 -1.95164 -9.42801 
               228.3  1.21123  6.41417 -82.4863   5.05468   -3.0854 -0.343632 0 0 0   -0.011 -0.02329  0.04412  -0.110287 -0.0345726  0.0508789 -0.00265959 -0.00143757 -0.00467158 0.00878716 -0.0648516  0.0325347 -1.87627 -1.95169 -9.42799 
               228.4  2.61123   5.0419 -87.5448   5.04603  -3.08955 -0.341054 0 0 0   -0.011 -0.02329  0.04412 -0.0867926 -0.0137995  0.0372323 -0.00264013 -0.00139577 -0.00475808 0.00849914 -0.0649063  0.0326846 -1.87624  -1.9517 -9.42799 
               228.5 3.42469 3.88401 -91.494   5.03985  -3.08604 -0.339948 0 0 0   -0.011 -0.02329  0.04412 -0.0601851  0.0241058  0.0260198 -0.00261725 -0.00138992 -0.00478828 0.00871026 -0.0651051  0.0329423 -1.87623 -1.95166   -9.428 
               228.6 4.09259 2.60758 -93.945    5.0342  -3.08271 -0.340392 0 0 0   -0.011 -0.02329  0.04412 -0.0453436  0.0409212  0.0130264 -0.00260579  -0.0013535 -0.00484003 0.00865845 -0.0650793  0.0332078 -1.87623 -1.95165 -9.42801 
             228.699  4.58857   1.5764 -95.5654    5.0285  -3.07964 -0.339206 0 0 0   -0.011 -0.02329  0.04412 -0.0314486  0.0274202   0.011011 -0.00259016 -0.00133585 -0.00485948 0.00860814 -0.0648923  0.0331867 -1.87624 -1.95165   -9.428 
             228.799  4.64598   1.3761 -96.0003   5.03065  -3.08167 -0.340375 0 0 0   -0.011 -0.02329  0.04412   0.0014525 -0.00399294   0.0010277 -0.00260382 -0.00132768 -0.00487925 0.00824758 -0.0653251  0.0334101 -1.87621 -1.95169   -9.428 
               228.9  4.30163  1.90851 -95.1746   5.03615  -3.08085 -0.345627 0 0 0   -0.011 -0.02329  0.04412   0.0430438 0.000636524  -0.0180887 -0.00259954 -0.00134864 -0.00488087  0.0083859 -0.0656561  0.0339451 -1.87615 -1.95167 -9.42802 
             228.999   3.2773  2.71402 -91.5928    5.0434  -3.07996 -0.349077 0 0 0   -0.011 -0.02329  0.04412   0.105484  0.0148547 -0.0352718 -0.00260023 -0.00135286  -0.0048954 0.00834499 -0.0656467  0.0340268 -1.87615 -1.95167 -9.42802 
             229.099  1.18999  4.79694 -86.5047  5.05738 -3.07819 -0.35056 0 0 0   -0.011 -0.02329  0.04412   0.148948 0.00142559 -0.0373901  -0.0025876 -0.00136254  -0.0049507 0.00850372 -0.0657837   0.033782 -1.87614 -1.95167 -9.42802 
             229.199 -0.885595   7.63491  -80.8457   5.07073  -3.07758 -0.350515 0 0 0   -0.011 -0.02329  0.04412   0.134454  0.0365445 -0.0316939 -0.00257452 -0.00141109 -0.00496232 0.00841263 -0.0656801   0.033349 -1.87617 -1.95169 -9.42801 
               229.3 -2.00132  9.48825 -76.9123   5.08401  -3.07683 -0.361762 0 0 0   -0.011 -0.02329  0.04412   0.115375  0.0345502 -0.0534174 -0.00258312 -0.00146235 -0.00496393 0.00802468 -0.0657449  0.0341156 -1.87615 -1.95169 -9.42801 
               229.4 -2.43179  10.9177 -75.8472   5.09431  -3.07869 -0.367626 0 0 0   -0.011 -0.02329  0.04412   0.107077 -0.0184637 -0.0604475 -0.00262618  -0.0014594 -0.00490493  0.0076952 -0.0656874  0.0341263 -1.87616 -1.95172 -9.42801 
               229.5 -3.11473    13.75 -77.1068   5.10632  -3.08148 -0.373541 0 0 0   -0.011 -0.02329  0.04412   0.124874 -0.0796498 -0.0761497  -0.0026652 -0.00147127 -0.00482672 0.00797034 -0.0657425  0.0340654 -1.87615  -1.9517 -9.42801 
             229.599  -4.3655  16.9797 -79.1728   5.11508  -3.08953 -0.379689 0 0 0   -0.011 -0.02329  0.04412  0.0925388 -0.0718265 -0.0711526 -0.00267094 -0.00153314 -0.00475873 0.00808546 -0.0654583  0.0339082 -1.87618  -1.9517   -9.428 
             229.699 -5.12738  18.4076 -80.3825   5.12215  -3.09342 -0.388785 0 0 0   -0.011 -0.02329  0.04412   0.0386402 -0.00489907   -0.063023 -0.00268043 -0.00152048 -0.00472445 0.00801998 -0.0655088  0.0341606 -1.87617 -1.95169 -9.42801 
             229.799 -5.68526   19.175 -78.9998   5.12761  -3.08592 -0.392198 0 0 0   -0.011 -0.02329  0.04412 0.0231879  0.049959 -0.037215 -0.00272338 -0.00151741 -0.00473847 0.0085306 -0.065873  0.034073 -1.87616 -1.95166 -9.42802 
               229.9 -6.79067  20.5549  -74.255   5.13341  -3.07434 -0.390003 0 0 0   -0.011 -0.02329  0.04412 -0.00082926   0.0857899 -0.00366191 -0.00272696 -0.00149499 -0.00476842 0.00904538 -0.0664086  0.0336915 -1.87613 -1.95165 -9.42803 
             229.999 -8.44563   22.326 -67.0236  5.13048 -3.06918 -0.38783 0 0 0   -0.011 -0.02329  0.04412 -0.0564186   0.101185  0.0255544 -0.00269461  -0.0015136 -0.00480597 0.00873226  -0.066222  0.0334541 -1.87614 -1.95169 -9.42802 
               230.1 -9.83145   22.867 -58.7991   5.12211  -3.05845 -0.384662 0 0 0   -0.011 -0.02329  0.04412 -0.190951  0.108048 0.0775246 -0.00268989 -0.00156265 -0.00482391 0.00855353 -0.0665494  0.0335958 -1.87611 -1.95168 -9.42802 
             230.199 -10.4261  21.3749 -52.3901 5.09327 -3.0536 -0.3785 0 0 0   -0.011 -0.02329  0.04412   -0.3437 0.0430523  0.100003  -0.0026771 -0.00159689 -0.00482336 0.00823328 -0.0662446  0.0338562 -1.87612 -1.95169 -9.42802 
             230.299 -10.7751  17.6226 -47.5228    5.0496  -3.04869 -0.363397 0 0 0   -0.011 -0.02329  0.04412 -0.509409 0.0326868  0.155254 -0.00266277 -0.00160444 -0.00478831 0.00857696  -0.066115  0.0336754 -1.87615 -1.95169 -9.42801 
               230.4 -10.4704  10.2864 -41.2313   4.99073  -3.04479 -0.351105 0 0 0   -0.011 -0.02329  0.04412 -0.642101 0.0294089  0.128716 -0.00265838 -0.00160634 -0.00474162  0.0083864 -0.0661385  0.0339818 -1.87614 -1.95167 -9.42802 
             230.499 -10.5511   3.0119 -34.8771   4.93288  -3.04997 -0.344297 0 0 0   -0.011 -0.02329  0.04412  -0.583252 -0.0307999   0.029902 -0.00259979 -0.00156771  -0.0047661 0.00775493 -0.0661798  0.0338418 -1.87608  -1.9517 -9.42803 
               230.6 -11.0776 -2.51206 -30.0245   4.88448  -3.05548 -0.348058 0 0 0   -0.011 -0.02329  0.04412  -0.441708 -0.0515976  0.0372985 -0.00252852  -0.0016159 -0.00478127 0.00708977 -0.0664769    0.03436 -1.87602 -1.95166 -9.42805 
             230.699 -11.0932 -5.31006 -28.6614   4.85136  -3.05531 -0.347795 0 0 0   -0.011 -0.02329  0.04412  -0.332125 -0.0111599  0.0356501  -0.0024783 -0.00167136 -0.00477329 0.00683702 -0.0671653   0.034618 -1.87599 -1.95158 -9.42807 
             230.799 -10.8253 -6.76422  -27.098   4.82034  -3.04539 -0.333694 0 0 0   -0.011 -0.02329  0.04412  -0.29221 0.0536969 0.0536152 -0.00245767 -0.00174474 -0.00473167 0.00755247 -0.0676917  0.0336115 -1.87606 -1.95154 -9.42806 
               230.9 -10.5927 -5.59558 -21.1392   4.79377  -3.03238 -0.315254 0 0 0   -0.011 -0.02329  0.04412 -0.248646  0.111866 0.0901811 -0.00246227 -0.00176976 -0.00475035 0.00791793 -0.0679095  0.0323528 -1.87612 -1.95152 -9.42805 
                 231 -10.1312 -0.36527 -7.88976   4.77277  -3.02122 -0.308483 0 0 0   -0.011 -0.02329  0.04412 -0.179455  0.191229 0.0474817 -0.00246463 -0.00183467 -0.00490888 0.00770382 -0.0676974  0.0324782 -1.87608 -1.95155 -9.42806 
             231.099 -9.98685  6.96034  9.52747   4.74949  -2.99898 -0.306944 0 0 0   -0.011 -0.02329  0.04412 -0.216512  0.249059 0.0299724 -0.00246241 -0.00190275 -0.00504602 0.00803872 -0.0674455  0.0327084 -1.87611 -1.95159 -9.42804 
             231.199 -6.89702  11.2303  23.9944   4.72364  -2.97633 -0.308165 0 0 0   -0.011 -0.02329  0.04412 -0.219833   0.24331 0.0137455 -0.00244546 -0.00196481 -0.00506642 0.00840417 -0.0672316   0.033138 -1.87614 -1.95163 -9.42803 
             231.299  -3.222 13.0129 34.4355   4.69749   -2.9564 -0.313733 0 0 0   -0.011 -0.02329  0.04412  -0.210193   0.252765 -0.0189563 -0.00247762 -0.00200656 -0.00502358 0.00882503 -0.0667987  0.0337967 -1.87615 -1.95171 -9.42801 
             231.399 0.525089  14.0503  42.3154   4.68599  -2.93005 -0.310649 0 0 0   -0.011 -0.02329  0.04412  -0.162939   0.271434 0.00121004 -0.00245997 -0.00200092 -0.00495685 0.00812897 -0.0665887  0.0333589 -1.87603 -1.95167 -9.42804 
               231.5 4.57234 14.6046 48.4979   4.66589  -2.90658 -0.313438 0 0 0   -0.011 -0.02329  0.04412   -0.19119   0.260229 -0.0178865 -0.00245886 -0.00200934 -0.00491997 0.00848386 -0.0664201  0.0336451 -1.87605 -1.95174 -9.42802 
             231.599 8.22617 14.8283 54.4454   4.64671  -2.88323 -0.309231 0 0 0   -0.011 -0.02329  0.04412    -0.235785     0.249391 -0.000456744 -0.00246773 -0.00200598 -0.00488093 0.00858945 -0.0660267  0.0331048 -1.87599 -1.95181 -9.42802 
               231.7 11.5713 14.0886 61.2139   4.61799  -2.85984 -0.308951 0 0 0   -0.011 -0.02329  0.04412   -0.281826    0.211324 -0.00106428 -0.00245349 -0.00199996 -0.00486013 0.00882502 -0.0662895  0.0331245 -1.87606 -1.95183   -9.428 
               231.8 14.7326 12.6836 69.3824   4.58744   -2.8425 -0.315186 0 0 0   -0.011 -0.02329  0.04412  -0.296046   0.172566 -0.0408346 -0.00243989 -0.00199107 -0.00487508 0.00893962 -0.0661988  0.0335808 -1.87605 -1.95185   -9.428 
             231.899 17.5904 11.3091 78.1945   4.55504  -2.82702 -0.310919 0 0 0   -0.011 -0.02329  0.04412   -0.250054    0.159177 -0.00840985  -0.0024365 -0.00201108 -0.00488335   0.009575 -0.0667555  0.0329941  -1.8762 -1.95197 -9.42795 
                 232 19.9911 10.4069 85.0598   4.52966  -2.81202 -0.311007 0 0 0   -0.011 -0.02329  0.04412 -0.192956  0.163648 0.0102243 -0.00243445 -0.00203716 -0.00486938 0.00985338  -0.067037  0.0330856 -1.87627 -1.95201 -9.42792 
               232.1 21.5411 10.1067 89.4971    4.5117  -2.79621 -0.307286 0 0 0   -0.011 -0.02329  0.04412 -0.140973  0.180287 0.0113131 -0.00244286 -0.00205994  -0.0048064  0.0101163 -0.0671996  0.0329144 -1.87631 -1.95207  -9.4279 
               232.2 22.3087 10.6696 92.1528   4.51005  -2.77839 -0.304286 0 0 0   -0.011 -0.02329  0.04412 -0.0685386   0.212948 -0.0182047 -0.00241887 -0.00206621 -0.00472605  0.0102007 -0.0661892  0.0323219 -1.87605  -1.9521 -9.42795 
             232.299  22.647  11.851 94.3298   4.50657  -2.75533 -0.309451 0 0 0   -0.011 -0.02329  0.04412 -0.0163182   0.260333 -0.0478121 -0.00241599 -0.00207376 -0.00465944  0.0101932 -0.0659679  0.0324745 -1.87601 -1.95209 -9.42796 
             232.399 23.2259 13.2144  97.042   4.50938  -2.72626 -0.319246 0 0 0   -0.011 -0.02329  0.04412 0.0471616  0.322733  -0.10259 -0.00241428 -0.00208118 -0.00463022  0.0101063 -0.0656369  0.0327098 -1.87594 -1.95206 -9.42798 
               232.5 24.5224 15.0644  99.357   4.51956  -2.69122 -0.338221 0 0 0   -0.011 -0.02329  0.04412 0.0984185  0.403318 -0.183196 -0.00242167 -0.00208967 -0.00463351   0.010105 -0.0650352  0.0331136 -1.87581 -1.95204 -9.42801 
             232.599 25.7182 18.0196  100.27  4.52809 -2.64252  -0.3597 0 0 0   -0.011 -0.02329  0.04412  0.121749   0.52924 -0.232789 -0.00243356 -0.00207418  -0.0046168 0.00977116   -0.06527  0.0332216 -1.87589 -1.95197 -9.42801 
               232.7 27.4892 22.6214  100.87 4.54067 -2.5875 -0.3757 0 0 0   -0.011 -0.02329  0.04412  0.182437  0.626094 -0.203281 -0.00248273  -0.0020841  -0.0046079  0.0102865 -0.0659414  0.0326829   -1.876 -1.95212 -9.42796 
               232.8 30.1012 28.5169 101.819   4.56253  -2.52297 -0.389847 0 0 0   -0.011 -0.02329  0.04412  0.236271   0.69852 -0.166632 -0.00249879 -0.00208041 -0.00458973  0.0106321 -0.0660429  0.0323991 -1.87599 -1.95219 -9.42794 
             232.899 32.8476 34.5565 102.588   4.59129  -2.45312 -0.407749 0 0 0   -0.011 -0.02329  0.04412  0.233693  0.666467 -0.202902 -0.00253378 -0.00207635  -0.0045772  0.0106924 -0.0655415  0.0321165 -1.87586 -1.95218 -9.42797 
                 233 34.7282 38.1526 102.816    4.6129  -2.39021 -0.427022 0 0 0   -0.011 -0.02329  0.04412  0.190517   0.57071 -0.186071 -0.00258136  -0.0020628 -0.00457128  0.0106147 -0.0655785  0.0320298 -1.87587 -1.95216 -9.42797 
               233.1 36.3356 39.6618 103.646   4.62583  -2.33647 -0.445024 0 0 0   -0.011 -0.02329  0.04412  0.130833  0.521467 -0.147941 -0.00262002 -0.00198004 -0.00459468  0.0105182 -0.0659092    0.03229 -1.87596 -1.95216 -9.42795 
             233.199  37.278 40.8276 104.236    4.6368  -2.28467 -0.458513 0 0 0   -0.011 -0.02329  0.04412 0.0924493  0.485101 -0.109718 -0.00264724 -0.00194114 -0.00462451  0.0103738 -0.0658827  0.0323033 -1.87597 -1.95213 -9.42796 
               233.3 36.2182 40.9821  101.87    4.6372  -2.25038 -0.468087 0 0 0   -0.011 -0.02329  0.04412  0.0710557   0.346907 -0.0731778 -0.00267444 -0.00191915 -0.00461718  0.0108829 -0.0665621  0.0331226 -1.87613 -1.95231 -9.42789 
               233.4 31.3984  40.152 92.3222   4.64436  -2.21994 -0.473604 0 0 0   -0.011 -0.02329  0.04412   0.120354   0.237499 -0.0385773 -0.00265783 -0.00187519 -0.00460583  0.0106756 -0.0667202   0.033119 -1.87617 -1.95227 -9.42789 
             233.499 24.7677 39.2519 73.8191  4.65541 -2.20372 -0.47959 0 0 0   -0.011 -0.02329  0.04412   0.144272   0.159707 -0.0580292 -0.00267298 -0.00176122 -0.00451421  0.0107717 -0.0669088  0.0335216 -1.87623 -1.95233 -9.42787 
               233.6 17.7469 37.1056 50.8931   4.66513  -2.18922 -0.484533 0 0 0   -0.011 -0.02329  0.04412 0.0601737  0.140752 -0.018958 -0.00273162 -0.00166257 -0.00439559  0.0107258 -0.0670264  0.0336222 -1.87627 -1.95233 -9.42786 
               233.7 12.3812 32.4229  30.321  4.66375 -2.16844 -0.48331 0 0 0   -0.011 -0.02329  0.04412 -0.0534107   0.241734  0.0402005 -0.00278748 -0.00157384 -0.00438352  0.0105322 -0.0673193  0.0334984 -1.87633 -1.95228 -9.42786 
             233.801 8.66535 27.0523 15.1254  4.66085 -2.13093 -0.48124 0 0 0   -0.011 -0.02329  0.04412 -0.0559017   0.376653  0.0494627 -0.00278612 -0.00143997 -0.00447135  0.0097413 -0.0671642  0.0332358 -1.87627  -1.9521  -9.4279 
               233.9 6.13422  22.391 4.97851     4.652   -2.0924 -0.486122 0 0 0   -0.011 -0.02329  0.04412 -0.0464972   0.402338 -0.0459014 -0.00276396 -0.00134603 -0.00454605 0.00940642 -0.0671557  0.0339481 -1.87631 -1.95206  -9.4279 
                 234   4.45709   18.6012 -0.953713  4.64537 -2.05155 -0.49426 0 0 0   -0.011 -0.02329  0.04412 0.0168412  0.378147 -0.106833 -0.00272599 -0.00130566 -0.00463564 0.00961172 -0.0675373  0.0341241 -1.87641 -1.95207 -9.42788 
             234.099   4.44484   18.5429 -0.815469   4.64464     -2.05 -0.496618 0 0 0   -0.011 -0.02329  0.04412 0.0140089  0.385851 -0.117343 -0.00269454 -0.00127914 -0.00471031  0.0093982 -0.0677193  0.0344393 -1.87644 -1.95201 -9.42789 
             234.199   4.44984    18.543 -0.812124   4.64482  -2.04943 -0.497438 0 0 0   -0.011 -0.02329  0.04412 0.0150195  0.388452 -0.121185  -0.0026967 -0.00127929 -0.00471202 0.00928042 -0.0677614  0.0345251 -1.87643 -1.95199  -9.4279 
               234.3   4.45198    18.543 -0.810881    4.6449  -2.04917 -0.497865 0 0 0   -0.011 -0.02329  0.04412 0.0155007  0.389689 -0.123174 -0.00269767 -0.00127935 -0.00471265 0.00922173 -0.0677806  0.0345704 -1.87643 -1.95197  -9.4279 
             234.399   4.45325   18.5431 -0.810224   4.64493  -2.04898 -0.498116 0 0 0   -0.011 -0.02329  0.04412 0.0157251  0.390538 -0.124347 -0.00269825 -0.00127943 -0.00471298 0.00918704 -0.0677961  0.0345978 -1.87643 -1.95197  -9.4279 
               234.5   4.45407   18.5431 -0.809815   4.64495  -2.04886 -0.498281 0 0 0   -0.011 -0.02329  0.04412 0.0158698   0.39109 -0.125115 -0.00269863 -0.00127947 -0.00471318 0.00916444 -0.0678061  0.0346157 -1.87643 -1.95196  -9.4279 
               234.6   4.45468   18.5431 -0.809501   4.64497  -2.04877 -0.498394 0 0 0   -0.011 -0.02329  0.04412 0.0159735  0.391487 -0.125645 -0.00269891 -0.00127949 -0.00471334 0.00914856 -0.0678134  0.0346281 -1.87643 -1.95196  -9.4279 
               234.7   4.45513   18.5431 -0.809274   4.64498  -2.04871 -0.498478 0 0 0   -0.011 -0.02329  0.04412 0.0160501   0.39178 -0.126039 -0.00269911 -0.00127951 -0.00471345 0.00913677 -0.0678187  0.0346372 -1.87643 -1.95196  -9.4279 
             234.799   4.45535   18.5431 -0.808978   4.64498  -2.04866 -0.498546 0 0 0   -0.011 -0.02329  0.04412 0.0160803  0.392009 -0.126353 -0.00269918 -0.00127948 -0.00471361 0.00912812 -0.0678233   0.034645 -1.87643 -1.95195  -9.4279 
               234.9   4.45552    18.543 -0.808744   4.64499  -2.04862 -0.498601 0 0 0   -0.011 -0.02329  0.04412 0.0161089  0.392188 -0.126608 -0.00269924 -0.00127946 -0.00471373  0.0091211 -0.0678267  0.0346513 -1.87643 -1.95195  -9.4279 
                 235   4.45565    18.543 -0.808521   4.64499  -2.04859 -0.498645 0 0 0   -0.011 -0.02329  0.04412 0.0161534  0.392313 -0.126812 -0.00269926 -0.00127944 -0.00471385 0.00911523 -0.0678286   0.034656 -1.87643 -1.95195  -9.4279 
               235.1   4.45574   18.5429 -0.808333     4.645  -2.04857 -0.498681 0 0 0   -0.011 -0.02329  0.04412 0.0161961  0.392424 -0.126981 -0.00269928 -0.00127943 -0.00471395 0.00911013 -0.0678304  0.0346598 -1.87643 -1.95195  -9.4279 
               235.2   4.45589   18.5428 -0.808107   4.64502  -2.04854 -0.498719 0 0 0   -0.011 -0.02329  0.04412  0.016272  0.392547 -0.127158 -0.00269932 -0.00127939 -0.00471407  0.009104 -0.067832 0.0346633 -1.87643 -1.95195  -9.4279 
               235.3  -6.30056 -0.277687  -27.5116   4.82357  -1.53884 -0.652621 0 0 0   -0.011 -0.02329  0.04412   1.75849  0.479279 0.0124811 -0.00269935 -0.00127939 -0.00471419 0.00910007 -0.0678334  0.0346655 -1.87643 -1.95195  -9.4279 
               235.4 -5.99671 -1.01532  -27.638   5.35679  -1.07588 -0.725729 0 0 0   -0.011 -0.02329  0.04412   3.54722   2.65827 -0.328321 -0.00278744 -0.00125811 -0.00471857 0.00834447  -0.068702  0.0346095  -1.8764  -1.9518 -9.42794 
             235.499 -6.58371 -1.41309   -27.22   5.40287  -0.99644 -0.819825 0 0 0   -0.011 -0.02329  0.04412   2.03232   1.84757 -0.486751 -0.00437938 -0.00168548 -0.00362094 0.00676481  -0.068765  0.0337988 -1.87623 -1.95148 -9.42804 
             235.601  -5.7784 -1.69197 -25.8653   5.30127   -1.0533 -0.843079 0 0 0   -0.011 -0.02329  0.04412  0.729233  0.905538 -0.303875 -0.00331058 -0.00183642 -0.00468605  0.0122297 -0.0515607  0.0257431 -1.87613 -1.95105 -9.42815 
             235.701 -6.24242 -1.22735 -25.1892    5.2654  -1.08782 -0.842382 0 0 0   -0.011 -0.02329  0.04412 0.259726 0.460908 -0.19345 -0.00289631 -0.00214436  -0.0052999  0.0177428 -0.0248859  0.0119144 -1.87622 -1.95111 -9.42812 
             235.801  -7.17766 -0.402266   -25.288    5.2819  -1.10102 -0.846393 0 0 0   -0.011 -0.02329  0.04412  0.14855  0.22756 -0.14227  -0.0022823 -0.00219913 -0.00515469 0.00752071 -0.0051249 0.00525136 -1.87614  -1.9513  -9.4281 
               235.9 -8.09298 0.895877 -25.9435   5.32269  -1.11334 -0.861868 0 0 0   -0.011 -0.02329  0.04412   0.179558   0.114641 -0.0990724  -0.0021158 -0.00233507 -0.00455502 -0.0213579 0.00470632  0.0121216 -1.87578 -1.95143 -9.42814 
                 236 -9.39091  1.60822 -28.5295   5.38102  -1.12184 -0.870057 0 0 0   -0.011 -0.02329  0.04412  0.242052 0.0760208 0.0305435 -0.00149556 -0.00248648 -0.00448842 -0.0622801 0.00444944  0.0226326 -1.87523 -1.95146 -9.42825 
             236.099 -9.23256  1.56794 -31.6937   5.44564  -1.12435 -0.865573 0 0 0   -0.011 -0.02329  0.04412  0.322324  0.011013 0.0631534 -0.00174768 -0.00248431 -0.00397707 -0.0994329 -0.0041112  0.0271848 -1.87473 -1.95139 -9.42836 
             236.199 -6.51194  1.69408 -33.3854   5.51013  -1.13641 -0.858877 0 0 0   -0.011 -0.02329  0.04412  0.410674 0.0213189 0.0636737 -0.00201791 -0.00217886 -0.00378878   -0.130442 -0.00582112   0.0276697 -1.87432  -1.9514 -9.42844 
             236.301 -3.88346 0.713314 -35.9821   5.57333  -1.14254 -0.856697 0 0 0   -0.011 -0.02329  0.04412 0.460205 0.163802 0.112061 -0.00240756 -0.00215404 -0.00409356    -0.15496 -0.00363617   0.0337779 -1.87399 -1.95147 -9.42849 
               236.4  -2.52716 -0.592018    -40.56   5.63911   -1.1459 -0.846579 0 0 0   -0.011 -0.02329  0.04412 0.530096 0.247797 0.151923 -0.00220759 -0.00171642 -0.00405415  -0.179892 0.00740534  0.0390648 -1.87367 -1.95165 -9.42852 
               236.5 -2.46904  1.36746 -44.5804   5.70752   -1.1217 -0.838248 0 0 0   -0.011 -0.02329  0.04412   0.56516  0.327894 0.0414596  -0.0020898 -0.00165755 -0.00376689  -0.193171 0.00416013  0.0396453  -1.8735 -1.95165 -9.42855 
             236.601 -3.85865  7.38057 -48.4967   5.77986  -1.08605 -0.821797 0 0 0   -0.011 -0.02329  0.04412   0.538064   0.366644 -0.0207872 -0.00223329 -0.00230808 -0.00366929   -0.203808 -0.00385538   0.0251986 -1.87338 -1.95164 -9.42857 
               236.7 -6.22199  15.2309 -53.4157   5.84667   -1.0448 -0.804814 0 0 0   -0.011 -0.02329  0.04412   0.453747   0.439962 -0.0807175 -0.00207928  -0.0038103 -0.00355466  -0.212777 -0.0134034 0.00627952 -1.87329 -1.95165 -9.42859 
               236.8 -9.25529   21.042 -57.3434    5.9018  -1.00974 -0.798189 0 0 0   -0.011 -0.02329  0.04412  0.285645  0.582108 -0.104396 -0.00218138 -0.00467411 -0.00316657   -0.230721   -0.013814 -0.00714046 -1.87313  -1.9518 -9.42859 
               236.9 -9.67327  24.0728 -59.6554   5.93715 -0.962746  -0.81905 0 0 0   -0.011 -0.02329  0.04412  0.162718  0.663035 -0.136777 -0.00258853 -0.00435485 -0.00351253   -0.246752  -0.0141012 -0.00232969 -1.87297 -1.95188 -9.42861 
                 237 -7.70415  25.4644 -61.6814   5.96064 -0.901206 -0.837579 0 0 0   -0.011 -0.02329  0.04412  0.126107  0.746865 -0.107333  -0.0034393 -0.00372041 -0.00377174    -0.257411   -0.0161071 -0.000115505 -1.87287 -1.95193 -9.42862 
               237.1 -5.14597  25.9136  -60.953   5.98675 -0.855546 -0.862707 0 0 0   -0.011 -0.02329  0.04412   0.124534   0.673087 -0.0938111 -0.00433156 -0.00311213 -0.00393812  -0.281382  -0.014806 0.00642709 -1.87273 -1.95206 -9.42862 
               237.2 -3.97752  25.0941 -60.6192   6.02701 -0.817485 -0.879319 0 0 0   -0.011 -0.02329  0.04412  0.162592  0.556868 -0.105083 -0.00428701 -0.00238206 -0.00479657  -0.306335 -0.0222078 0.00365238 -1.87251 -1.95222 -9.42863 
             237.301 -4.05398  23.1062 -61.7609   6.06324 -0.776189 -0.886471 0 0 0   -0.011 -0.02329  0.04412  0.180772  0.501306 -0.114548 -0.00382358 -0.00199243  -0.0045244   -0.318051  -0.0288228 -0.00308932 -1.87236 -1.95233 -9.42863 
               237.4 -3.44683  19.6719 -63.4141   6.09914 -0.747561 -0.900843 0 0 0   -0.011 -0.02329  0.04412    0.2155  0.374568 -0.220203 -0.00369077 -0.00165588 -0.00423157  -0.330942 -0.0331939 -0.0100788 -1.87223 -1.95247 -9.42863 
               237.5 -3.23553  16.5889 -66.8732   6.14448 -0.722056  -0.91125 0 0 0   -0.011 -0.02329  0.04412  0.247168  0.304938 -0.226729 -0.00391108 -0.00150485 -0.00432704  -0.337518 -0.0429894  -0.022888 -1.87205 -1.95263 -9.42863 
               237.6 -2.77688  12.1753 -69.5827   6.19064 -0.697392 -0.916233 0 0 0   -0.011 -0.02329  0.04412  0.247813  0.302136 -0.154178 -0.00366275 -0.00160467 -0.00421206  -0.341924 -0.0526715 -0.0358951 -1.87189 -1.95279 -9.42863 
             237.699 -0.919757   5.79755  -70.0172   6.23459 -0.687605 -0.919874 0 0 0   -0.011 -0.02329  0.04412   0.273763   0.183159 -0.0938153 -0.00355666 -0.00143591 -0.00437215  -0.352182 -0.0583287 -0.0465548 -1.87176 -1.95298 -9.42862 
             237.801  1.96437   1.5245 -68.3332  6.28477 -0.69034 -0.91641 0 0 0   -0.011 -0.02329  0.04412  0.347143  0.137231 0.0620087 -0.00332097 -0.00124033  -0.0047409  -0.365268 -0.0651834 -0.0542322 -1.87164 -1.95317  -9.4286 
             237.899  2.79731 0.893264 -64.7899   6.34514 -0.692094 -0.900141 0 0 0   -0.011 -0.02329  0.04412  0.386769  0.217206 0.0890804 -0.00313376 -0.00125684 -0.00512568  -0.379817 -0.0740084 -0.0615386 -1.87151  -1.9534 -9.42858 
             238.001  2.32423 0.138566 -59.9368   6.39614 -0.676659 -0.896474 0 0 0   -0.011 -0.02329  0.04412    0.353705     0.29614 -0.00432769 -0.00289303 -0.00127587 -0.00523944   -0.38931 -0.0805024 -0.0624847 -1.87142 -1.95353 -9.42857 
               238.1   1.23729 -0.898895  -56.0589   6.44759 -0.650186 -0.902679 0 0 0   -0.011 -0.02329  0.04412   0.355014    0.34183 -0.0711302 -0.00264961 -0.00137802 -0.00537667  -0.396544 -0.0882688 -0.0611386 -1.87132 -1.95362 -9.42858 
             238.201 0.553901 -2.37817 -54.6745   6.49457 -0.615651 -0.914409 0 0 0   -0.011 -0.02329  0.04412   0.35143  0.373763 -0.139169 -0.00254796 -0.00142579  -0.0051845    -0.4004 -0.0948091 -0.0598724 -1.87123 -1.95366 -9.42858 
               238.3 0.399845 -3.46766 -54.9299   6.54369 -0.580743 -0.930857 0 0 0   -0.011 -0.02329  0.04412  0.367405  0.386359 -0.200454 -0.00256512 -0.00143482 -0.00488176 -0.406251 -0.101331  -0.05963 -1.87115 -1.95372 -9.42859 
               238.4   0.5896 -2.77803 -55.4729   6.59103 -0.557277  -0.95586 0 0 0   -0.011 -0.02329  0.04412  0.400278  0.357219 -0.223281 -0.00253978  -0.0014602 -0.00480447  -0.416568  -0.102201 -0.0573809 -1.87107 -1.95382 -9.42858 
               238.5 -0.380552  0.360685  -54.2702   6.64807 -0.535114 -0.977531 0 0 0   -0.011 -0.02329  0.04412  0.569523  0.363903 -0.166405 -0.00240048 -0.00164478 -0.00484531 -0.427137 -0.102508 -0.055362   -1.871 -1.95392 -9.42858 
             238.601 -3.90103     6.39 -51.8264    6.7205 -0.508183  -1.00022 0 0 0   -0.011 -0.02329  0.04412  0.651968  0.291243 -0.129647 -0.00247487 -0.00198483 -0.00495649 -0.434277 -0.105094 -0.049446 -1.87089 -1.95397 -9.42859 
             238.701 -6.86241  13.8593 -50.8487   6.79541 -0.496827  -1.01456 0 0 0   -0.011 -0.02329  0.04412  0.583593  0.115735 -0.179596 -0.00224035 -0.00235921 -0.00507122  -0.443041  -0.107708 -0.0495112 -1.87082 -1.95403 -9.42859 
             238.801 -7.36431   20.447 -50.9902   6.85492 -0.495908  -1.02759 0 0 0   -0.011 -0.02329  0.04412  0.475251 0.0201061 -0.162758 -0.00262994 -0.00281591 -0.00476843  -0.447458  -0.109054 -0.0517519 -1.87078 -1.95407 -9.42859 
             238.899 -7.07382  24.8994  -51.521   6.90649 -0.493992  -1.03482 0 0 0   -0.011 -0.02329  0.04412  0.376656 0.0107215 -0.133314 -0.00334151 -0.00303403 -0.00466957  -0.449978  -0.112736 -0.0559673 -1.87075 -1.95408 -9.42859 
                 239 -6.76312  27.0759 -52.2779   6.95524 -0.498131  -1.03426 0 0 0   -0.011 -0.02329  0.04412   0.343439 -0.0222733  -0.101342  -0.0035034  -0.0027434 -0.00457116  -0.454611  -0.116111 -0.0633143 -1.87068 -1.95413  -9.4286 
               239.1 -7.22847  28.4973 -53.4461   7.00075 -0.512835  -1.04653 0 0 0   -0.011 -0.02329  0.04412  0.332693 -0.114041 -0.115397 -0.00381886 -0.00272028 -0.00453059  -0.462285  -0.118358 -0.0643849 -1.87059 -1.95415 -9.42861 
               239.2  -7.1575  29.1462 -54.2917   7.03597 -0.549058  -1.05583 0 0 0   -0.011 -0.02329  0.04412   0.279151  -0.249134 -0.0658974 -0.00374917 -0.00257545 -0.00447763  -0.469789  -0.114102 -0.0670594 -1.87053 -1.95424  -9.4286 
             239.302 -5.52175  28.1784 -54.7598   7.07023 -0.590597  -1.05736 0 0 0   -0.011 -0.02329  0.04412  0.299888 -0.330734 0.0463839 -0.00387852 -0.00254406  -0.0044424  -0.476119  -0.112721 -0.0693454 -1.87047 -1.95429  -9.4286 
             239.401 -3.73453  25.5327 -56.4787   7.10871 -0.636806  -1.04533 0 0 0   -0.011 -0.02329  0.04412  0.262272 -0.247783  0.134868 -0.00395962 -0.00241997 -0.00449643 -0.483845 -0.111473 -0.074028 -1.87037 -1.95437 -9.42861 
             239.499 -2.77816  20.9382 -59.7325   7.14307 -0.665863  -1.02588 0 0 0   -0.011 -0.02329  0.04412  0.186914 -0.121259 0.0746601  -0.0038775 -0.00223523 -0.00439121   -0.48852  -0.112097 -0.0807882 -1.87026 -1.95447 -9.42861 
             239.599 -1.26391  16.0147 -63.3275   7.17752 -0.684563  -1.00866 0 0 0   -0.011 -0.02329  0.04412   0.183498 -0.0534203   0.054281 -0.00374498 -0.00200929 -0.00442616   -0.49315  -0.115001 -0.0895936 -1.87013 -1.95457 -9.42861 
               239.7  0.03859   12.037 -66.2772   7.20328 -0.698473  -1.00696 0 0 0   -0.011 -0.02329  0.04412   0.195468 -0.0194721 0.00170958 -0.00363942 -0.00186356 -0.00442912  -0.498988  -0.115203 -0.0912221 -1.87007 -1.95462 -9.42862 
             239.799  0.30016  8.71422 -67.8557   7.24477 -0.703079  -1.00599 0 0 0   -0.011 -0.02329  0.04412   0.253476 0.00995528 -0.0596625 -0.00347307 -0.00182789 -0.00463502  -0.504412   -0.12181 -0.0949043 -1.86996 -1.95468 -9.42863 
               239.9 0.546002  5.45023  -69.109   7.28126 -0.703436  -1.01276 0 0 0   -0.011 -0.02329  0.04412  0.259779 0.0455931 -0.122978 -0.00313209 -0.00189259 -0.00485272  -0.507507  -0.125654 -0.0969905  -1.8699 -1.95473 -9.42863 
             239.999 1.52999  2.0198 -70.466   7.32774 -0.706949  -1.02156 0 0 0   -0.011 -0.02329  0.04412  0.322153  0.054229 -0.113242 -0.00306837 -0.00185419 -0.00496913  -0.514068  -0.131742 -0.0999734 -1.86981 -1.95483 -9.42862 
               240.1  2.78687 -1.92942 -72.5831   7.37816 -0.708247  -1.02639 0 0 0   -0.011 -0.02329  0.04412  0.340917  0.122994 -0.055885 -0.00304152 -0.00184252 -0.00504377 -0.520438 -0.137395 -0.102143 -1.86974 -1.95495 -9.42861 
             240.201  4.15759 -9.78735 -74.7597   7.42534 -0.699327  -1.03004 0 0 0   -0.011 -0.02329  0.04412   0.333824   0.184069 -0.0258093  -0.0029467 -0.00173048 -0.00506374  -0.52617 -0.142423 -0.102244 -1.86968 -1.95504  -9.4286 
               240.3  3.76298 -17.5168 -76.2528     7.467 -0.694368  -1.02508 0 0 0   -0.011 -0.02329  0.04412   0.242323  0.0991431 -0.0104737 -0.00279391  -0.0013611 -0.00522272 -0.532381  -0.14641 -0.105598 -1.86967 -1.95517 -9.42858 
               240.4  3.79598 -22.5666 -77.6617   7.49966 -0.684629  -1.01404 0 0 0   -0.011 -0.02329  0.04412  0.147192 0.0818811 0.0767741  -0.0024671 -0.00140246 -0.00539713 -0.534022 -0.152526 -0.108634 -1.86963 -1.95523 -9.42858 
             240.501   4.2156  -26.075 -79.5075   7.52018 -0.674357 -0.995401 0 0 0   -0.011 -0.02329  0.04412 0.0535315 0.0987854  0.122463 -0.00230848 -0.00148522 -0.00549457 -0.535195 -0.157345 -0.111638 -1.86961 -1.95528 -9.42857 
             240.599  4.88927 -29.2918 -81.7106    7.5373 -0.664414 -0.984404 0 0 0   -0.011 -0.02329  0.04412 0.00441178   0.106729   0.131612 -0.00217942 -0.00153322 -0.00548905 -0.536745 -0.163591 -0.109695 -1.86951 -1.95538 -9.42857 
             240.699  4.77025 -32.1993   -83.04   7.54489 -0.661492 -0.985872 0 0 0   -0.011 -0.02329  0.04412 -0.0574656  0.0733995   0.124395 -0.00205108 -0.00159996 -0.00552391 -0.537821 -0.167284 -0.101554 -1.86937 -1.95555 -9.42856 
             240.801  3.90741 -34.7515 -82.7465   7.55113 -0.657122  -0.99591 0 0 0   -0.011 -0.02329  0.04412 -0.102398 0.0614766  0.104039    -0.00203 -0.00178381 -0.00552668   -0.53513  -0.173019 -0.0903526 -1.86912 -1.95577 -9.42857 
             240.901  2.36241  -37.002 -81.1794   7.54957 -0.659463  -1.00439 0 0 0   -0.011 -0.02329  0.04412 -0.155726 0.0243219  0.095556 -0.00196741 -0.00191112   -0.005612   -0.53378  -0.177067 -0.0798464 -1.86891 -1.95602 -9.42856 
             240.999  1.59666 -38.1216 -79.0161   7.54203 -0.668824  -1.01622 0 0 0   -0.011 -0.02329  0.04412  -0.198821 -0.0166643  0.0644482 -0.00192853 -0.00209607 -0.00560743  -0.532383  -0.180801 -0.0685395 -1.86869 -1.95631 -9.42854 
             241.099  1.77815 -38.3792  -76.675   7.52824 -0.683327  -1.01697 0 0 0   -0.011 -0.02329  0.04412 -0.209275 -0.017731 0.0703857 -0.00195512 -0.00226581 -0.00576947  -0.534519  -0.183184 -0.0617651 -1.86862 -1.95654  -9.4285 
               241.2 0.913465 -38.8164 -73.2803   7.51633 -0.691914  -1.01208 0 0 0   -0.011 -0.02329  0.04412 -0.195901 0.0235585 0.0682475 -0.00201018 -0.00223462 -0.00575192  -0.537147  -0.186198 -0.0580924 -1.86858 -1.95671 -9.42848 
             241.301 -1.04902 -39.0994 -68.4522   7.50471 -0.700572  -1.01069 0 0 0   -0.011 -0.02329  0.04412 -0.207322 0.0195887 0.0683731  -0.0019317 -0.00223981 -0.00586597  -0.539583  -0.188858 -0.0525853 -1.86852 -1.95691 -9.42845 
             241.401 -2.61975 -38.9738 -63.2102   7.49381 -0.706016  -1.00723 0 0 0   -0.011 -0.02329  0.04412 -0.203958   0.02385 0.0819621 -0.00187425 -0.00227481 -0.00601354 -0.541333 -0.192233 -0.048374 -1.86845 -1.95708 -9.42843 
             241.501 -4.51805 -38.5175 -57.3654   7.48584 -0.705675  -1.00724 0 0 0   -0.011 -0.02329  0.04412 -0.165905 0.0439373 0.0981045 -0.00185625 -0.00233521 -0.00602657  -0.540531  -0.196165 -0.0433192 -1.86831 -1.95723 -9.42842 
             241.601 -6.83908 -37.3508 -51.3023   7.48053 -0.717074  -1.00964 0 0 0   -0.011 -0.02329  0.04412 -0.134866 0.0303421 0.0835732 -0.00181203 -0.00227792 -0.00609484  -0.542474  -0.198136 -0.0345359 -1.86818  -1.9575 -9.42839 
             241.699 -9.26316 -35.6157 -44.7003    7.4721 -0.724931  -1.01082 0 0 0   -0.011 -0.02329  0.04412  -0.13905 0.0351444 0.0807744 -0.00180101 -0.00230752 -0.00598455  -0.543563  -0.198524 -0.0280143 -1.86808 -1.95769 -9.42837 
             241.801 -11.0217 -33.3725 -37.9321   7.47001 -0.733978  -1.00998 0 0 0   -0.011 -0.02329  0.04412 -0.116593 0.0277772 0.0983633 -0.00179916 -0.00235803 -0.00607956  -0.546281  -0.200236 -0.0211413 -1.86795 -1.95788 -9.42836 
             241.899 -11.0807 -30.7445 -32.5551    7.4724 -0.742629  -1.00166 0 0 0   -0.011 -0.02329  0.04412 -0.0808494  0.0236394   0.125194 -0.00184498 -0.00223824 -0.00604093  -0.550303  -0.202055 -0.0160713 -1.86784 -1.95802 -9.42835 
             242.001 -10.4711 -28.2626 -27.3483    7.4716 -0.748136 -0.997157 0 0 0   -0.011 -0.02329  0.04412 -0.0730582  0.0557258   0.098752 -0.00190856 -0.00222967 -0.00599923  -0.552197  -0.202377 -0.0110108 -1.86774 -1.95814 -9.42835 
             242.101 -9.67607  -26.384 -22.4311   7.46562 -0.757497  -0.99305 0 0 0   -0.011 -0.02329  0.04412 -0.0633236   0.089686  0.0890164 -0.00191184 -0.00214983 -0.00599532    -0.55445   -0.198716 -0.00587026 -1.86762 -1.95831 -9.42834 
             242.201 -9.13854 -24.9435 -17.6843   7.46111 -0.756904  -0.99385 0 0 0   -0.011 -0.02329  0.04412 -0.0546576   0.142776  0.0630429 -0.00191757 -0.00207015 -0.00598132    -0.555024    -0.196359 -0.000764781  -1.8675 -1.95844 -9.42833 
             242.301 -8.62106 -23.6037 -13.0351    7.4584 -0.757162 -0.996313 0 0 0   -0.011 -0.02329  0.04412 -0.0475768   0.159964  0.0502928 -0.00189152 -0.00198321 -0.00595991  -0.556507  -0.192421 0.00480452 -1.86733 -1.95861 -9.42833 
             242.401 -7.71241 -22.3444 -8.33568   7.45325 -0.764051   -0.9967 0 0 0   -0.011 -0.02329  0.04412 -0.0565119   0.140415  0.0457974 -0.00183272 -0.00193606 -0.00594384  -0.558537  -0.185463 0.00967039  -1.8671 -1.95881 -9.42833 
             242.501 -6.24572 -21.3349 -4.26646   7.44731 -0.772655 -0.997135 0 0 0   -0.011 -0.02329  0.04412 -0.0625586    0.13878  0.0293726 -0.00189829 -0.00195237 -0.00587599 -0.560156 -0.178038 0.0137336 -1.86686 -1.95902 -9.42834 
             242.601 -5.35831 -21.1263 -1.64251   7.44273 -0.778285 -0.996023 0 0 0   -0.011 -0.02329  0.04412 -0.0644411   0.172017  0.0232005 -0.00207007 -0.00201759 -0.00570783 -0.561936  -0.17136 0.0161713 -1.86663 -1.95919 -9.42835 
             242.701   -5.3212  -21.2492 0.0930697   7.43595 -0.778083 -0.993973 0 0 0   -0.011 -0.02329  0.04412 -0.062984  0.193352  0.038037   -0.002093 -0.00199713 -0.00548807 -0.562526 -0.165426 0.0175489 -1.86644 -1.95935 -9.42835 
             242.801 -5.22118 -21.0536  2.09019    7.4307 -0.773175 -0.987994 0 0 0   -0.011 -0.02329  0.04412 -0.0648787   0.211982  0.0545756 -0.00207228 -0.00195468 -0.00536419 -0.563357 -0.160331 0.0180821 -1.86625 -1.95948 -9.42836 
             242.901 -5.20453 -20.7504  4.58767   7.42482  -0.77272 -0.995285 0 0 0   -0.011 -0.02329  0.04412 -0.0646678   0.224466  0.0233176 -0.00213034 -0.00198602  -0.0053293 -0.562502 -0.153369 0.0223491 -1.86595  -1.9597 -9.42838 
             243.001 -5.15746 -20.5033  6.56261    7.4263 -0.766076 -0.987957 0 0 0   -0.011 -0.02329  0.04412 -0.0362443   0.253285   0.051537  -0.0021553 -0.00195948  -0.0053049 -0.565094  -0.14716 0.0225887 -1.86567 -1.95981 -9.42841 
             243.101 -5.19697 -19.9461  8.49574   7.42364 -0.763777 -0.992288 0 0 0   -0.011 -0.02329  0.04412 -0.0261892   0.269701  0.0350821 -0.00218519 -0.00198234 -0.00522396 -0.563844 -0.138926 0.0260511 -1.86532 -1.96008 -9.42842 
             243.201 -5.69316 -18.9474  10.9346   7.42549 -0.767764 -0.997081 0 0 0   -0.011 -0.02329  0.04412 -0.00836946    0.265961   0.0209263 -0.00210937 -0.00197182  -0.0052706 -0.563214 -0.128042 0.0295631 -1.86483  -1.9604 -9.42845 
             243.301 -6.10375 -17.8595  13.4011   7.42686 -0.759918 -0.996203 0 0 0   -0.011 -0.02329  0.04412 -0.0222489   0.282066  0.0215495 -0.00217563 -0.00199064 -0.00522048   -0.5632 -0.121023 0.0306865 -1.86452  -1.9606 -9.42847 
             243.401 -6.18041 -17.5359  14.5967   7.42442 -0.759166  -1.00005 0 0 0   -0.011 -0.02329  0.04412 -0.0419667   0.280621 0.00377929 -0.00218231 -0.00198049 -0.00518662 -0.561449 -0.111479  0.032877 -1.86411 -1.96092 -9.42849 
             243.501 -6.36526 -17.4529  15.4061   7.42326 -0.754129   -1.0003 0 0 0   -0.011 -0.02329  0.04412 -0.0455152   0.296395  0.0103271 -0.00225397 -0.00198138 -0.00507995 -0.560875 -0.103043  0.033908 -1.86373 -1.96117 -9.42851 
               243.6 -6.65367 -17.3565  16.1462  7.42234 -0.74535 -1.00809 0 0 0   -0.011 -0.02329  0.04412  -0.0360773    0.311194 -0.00952606 -0.00226566 -0.00193476 -0.00506063  -0.559462 -0.0956942  0.0369625 -1.86336 -1.96141 -9.42853 
             243.701 -6.90065 -17.1466  16.1117    7.4232 -0.741137  -1.00422 0 0 0   -0.011 -0.02329  0.04412 -0.00617568    0.315198   0.0184168 -0.00217832 -0.00192134 -0.00502791  -0.558649 -0.0863548  0.0365059 -1.86295  -1.9617 -9.42855 
             243.801 -7.29409 -15.6218  14.7581   7.42851 -0.737573  -1.00132 0 0 0   -0.011 -0.02329  0.04412  0.103602   0.35394 0.0497921 -0.00214856 -0.00195243 -0.00502932  -0.556373 -0.0765462  0.0370748 -1.86252 -1.96206 -9.42856 
             243.901 -7.60304 -12.5141  11.1883    7.4448 -0.726601 -0.999979 0 0 0   -0.011 -0.02329  0.04412  0.112124  0.322756 0.0373324 -0.00218435 -0.00206982 -0.00485354  -0.554929 -0.0685782  0.0388157 -1.86212 -1.96233 -9.42859 
             244.001 -7.31414 -11.5905  8.20641   7.45741 -0.723761 -0.999199 0 0 0   -0.011 -0.02329  0.04412 0.0296269  0.247376 0.0208468 -0.00221322 -0.00217961 -0.00470251 -0.554151 -0.059975 0.0402854  -1.8617 -1.96259 -9.42862 
             244.101 -6.48503 -12.7665  4.80909   7.45536 -0.726741  -1.00397 0 0 0   -0.011 -0.02329  0.04412 -0.0316153   0.206939 0.00550727 -0.00235408 -0.00214421 -0.00467573 -0.550975 -0.052108 0.0424066 -1.86136 -1.96293 -9.42861 
             244.201  -5.36504   -15.377 -0.261625   7.45661 -0.732087  -1.00506 0 0 0   -0.011 -0.02329  0.04412 -0.0504288   0.173904 0.00175711 -0.00244255  -0.0020149 -0.00469665  -0.550864 -0.0439715  0.0438806 -1.86096 -1.96315 -9.42864 
               244.3  -3.9338 -18.7816 -7.33402   7.44754 -0.742488  -1.00755 0 0 0   -0.011 -0.02329  0.04412 -0.0667042   0.158479 0.00348077 -0.00238895 -0.00197163  -0.0046907  -0.548313 -0.0356303   0.045123 -1.86065 -1.96349 -9.42864 
             244.401 -2.49441 -22.0376 -16.3841   7.44254 -0.744991  -1.00228 0 0 0   -0.011 -0.02329  0.04412 -0.0404657   0.170196  0.0281765 -0.00237017 -0.00190484 -0.00467149  -0.548035 -0.0293577   0.044553 -1.86043 -1.96368 -9.42864 
             244.501 0.0314753  -25.2308  -27.9758   7.43944 -0.750455  -0.99689 0 0 0   -0.011 -0.02329  0.04412 -0.0351943   0.136671  0.0451813 -0.00230296 -0.00188849 -0.00465083 -0.548202 -0.022722  0.044709  -1.8602 -1.96387 -9.42865 
             244.601  2.64118 -28.0877 -38.8269   7.43515 -0.753892 -0.994204 0 0 0   -0.011 -0.02329  0.04412 -0.0479675   0.125783  0.0446171 -0.00229486 -0.00188346 -0.00462471  -0.548398 -0.0178302  0.0458422 -1.86004 -1.96401 -9.42865 
             244.701  3.82459 -30.4464 -46.2399   7.43231 -0.753675 -0.994298 0 0 0   -0.011 -0.02329  0.04412 -0.0599271   0.119588  0.0415508 -0.00231762 -0.00188621 -0.00464195   -0.54923 -0.0151873   0.047522 -1.85994 -1.96408 -9.42865 
               244.8  4.36312 -32.2335 -51.9162   7.43107 -0.749509 -0.996891 0 0 0   -0.011 -0.02329  0.04412 -0.0582349   0.121614  0.0346015 -0.00230226 -0.00195913 -0.00485339  -0.550159 -0.0140354  0.0497311 -1.85986 -1.96412 -9.42866 
             244.901  4.94619 -33.9395 -57.3447    7.4359 -0.741531  -0.99496 0 0 0   -0.011 -0.02329  0.04412 -0.0521863   0.131623  0.0483927 -0.00231468 -0.00202179 -0.00493514  -0.552425 -0.0144969  0.0515591  -1.8598 -1.96415 -9.42867 
             245.001  5.64795 -35.1968 -62.2871   7.43765 -0.742226 -0.993286 0 0 0   -0.011 -0.02329  0.04412 -0.0618753  0.0896124  0.0687515 -0.00232361 -0.00207262 -0.00495332  -0.555107 -0.0134229  0.0545332 -1.85972 -1.96424 -9.42866 
             245.101  6.68766 -35.7248 -66.5036   7.44183 -0.743259 -0.991325 0 0 0   -0.011 -0.02329  0.04412 -0.0619587  0.0501547  0.0850247 -0.00231955 -0.00213833 -0.00499017  -0.557506 -0.0140811  0.0582478 -1.85964 -1.96435 -9.42866 
             245.201  7.41661 -34.8166 -69.9369   7.45068  -0.75186 -0.987093 0 0 0   -0.011 -0.02329  0.04412  0.0124735 -0.0365519   0.130404 -0.00236014 -0.00221802 -0.00504978  -0.560135 -0.0151769  0.0628307 -1.85953 -1.96449 -9.42865 
             245.301  7.37561 -30.8552 -73.9889   7.46983  -0.76811 -0.978404 0 0 0   -0.011 -0.02329  0.04412  0.093169 -0.181618  0.197185 -0.00239148 -0.00230797 -0.00506036   -0.56165 -0.0174902  0.0673761 -1.85942 -1.96464 -9.42864 
             245.401  7.27442 -23.1024 -79.3187   7.48436 -0.803384 -0.963327 0 0 0   -0.011 -0.02329  0.04412 0.0443533 -0.298004  0.206056 -0.00231654 -0.00243336 -0.00497996  -0.563435 -0.0175953  0.0713202 -1.85936 -1.96478 -9.42862 
               245.5  8.05301 -16.1485 -83.9982    7.4917 -0.837591 -0.950627 0 0 0   -0.011 -0.02329  0.04412 -0.102587 -0.234734  0.121143 -0.00242674 -0.00257447 -0.00490377   -0.56509 -0.0195943  0.0742781  -1.8593 -1.96491 -9.42861 
             245.601  9.25879 -12.6965 -86.9412   7.48629 -0.871452 -0.942827 0 0 0   -0.011 -0.02329  0.04412 -0.164141 -0.187738 0.0863042 -0.00263169 -0.00250639   -0.004913 -0.568366 -0.020773 0.0774282 -1.85929 -1.96508 -9.42857 
             245.701  9.43816 -10.7219 -88.1768   7.47862 -0.894314 -0.943963 0 0 0   -0.011 -0.02329  0.04412 -0.171846 -0.153415 0.0428683 -0.00271921 -0.00240204 -0.00494083  -0.569429 -0.0229741   0.080872 -1.85922 -1.96522 -9.42856 
             245.801  7.54076 -9.06245 -85.1996   7.47944 -0.908688 -0.954869 0 0 0   -0.011 -0.02329  0.04412  -0.123163  -0.100175 -0.0208492 -0.00275336 -0.00231976   -0.004982  -0.569332 -0.0271633  0.0853159 -1.85906 -1.96538 -9.42855 
               245.9  3.72925  -6.8965 -77.4864     7.495 -0.917956 -0.965573 0 0 0   -0.011 -0.02329  0.04412 -0.0390139 -0.0591544 -0.0679494 -0.00276938  -0.0023642 -0.00508352 -0.569724 -0.033847 0.0884566 -1.85888 -1.96562 -9.42854 
             246.001 -0.444904  -4.11524  -68.3172   7.51129 -0.918648 -0.974028 0 0 0   -0.011 -0.02329  0.04412 -0.0188548  0.0157726 -0.0953347 -0.00271863 -0.00249497 -0.00521906  -0.569593 -0.0393572  0.0894236 -1.85872 -1.96579 -9.42854 
             246.103 -3.53141 -1.45131 -59.0417   7.52457 -0.913322 -0.980924 0 0 0   -0.011 -0.02329  0.04412 -0.0356585  0.0762432 -0.0965784 -0.00271934 -0.00255601 -0.00518997 -0.569952 -0.044046 0.0894676 -1.85861 -1.96594 -9.42853 
             246.201 -5.58716 0.352993 -50.3124   7.53212  -0.90108 -0.985275 0 0 0   -0.011 -0.02329  0.04412  -0.143962   0.200626 -0.0816644 -0.00275997 -0.00265125 -0.00520921  -0.570837 -0.0481347  0.0888225 -1.85852 -1.96606 -9.42852 
             246.301 -6.84849 -4.18821 -38.7058   7.51636 -0.872283 -0.981103 0 0 0   -0.011 -0.02329  0.04412  -0.406601   0.351894 -0.0839546  -0.0027417 -0.00266313 -0.00510148  -0.572532 -0.0513699  0.0859849 -1.85846 -1.96618 -9.42851 
             246.401 -8.17988 -10.1932 -27.2908   7.49476 -0.842736 -0.988613 0 0 0   -0.011 -0.02329  0.04412 -0.313313  0.286349 -0.106225 -0.00277553 -0.00227066 -0.00515715  -0.575315 -0.0549282  0.0857001 -1.85837 -1.96626 -9.42851 
             246.501 -10.2937 -13.1242 -19.6171   7.47673 -0.816727 -0.987273 0 0 0   -0.011 -0.02329  0.04412   -0.21934   0.245741 -0.0646415 -0.00257246  -0.0024126 -0.00519616  -0.576782 -0.0563355  0.0830861 -1.85832  -1.9663 -9.42851 
             246.601 -11.4904 -14.6193 -15.3374   7.46721 -0.793703 -0.988184 0 0 0   -0.011 -0.02329  0.04412  -0.132803   0.236579 -0.0246104 -0.00242396 -0.00263063 -0.00502201   -0.57866 -0.0573549  0.0822558 -1.85826  -1.9663 -9.42852 
             246.701 -11.8058 -15.2943 -12.7976   7.46362 -0.780761 -0.985485 0 0 0   -0.011 -0.02329  0.04412 -0.0679647   0.204707   0.015307 -0.00238737 -0.00277031 -0.00489382  -0.581654 -0.0559512  0.0820273 -1.85818 -1.96633 -9.42853 
             246.801 -11.2628 -16.0658  -12.436   7.46371 -0.775658 -0.983993 0 0 0   -0.011 -0.02329  0.04412 -0.0288931   0.185046  0.0184897 -0.00237728 -0.00277609 -0.00486865  -0.584375 -0.0529233  0.0831884 -1.85805  -1.9664 -9.42854 
             246.901 -9.64458  -18.752 -16.3017   7.46132 -0.774868 -0.983181 0 0 0   -0.011 -0.02329  0.04412 -0.036661  0.182326 0.0082162 -0.00237583 -0.00275764 -0.00484059  -0.585908 -0.0485346  0.0846823 -1.85791 -1.96651 -9.42855 
             247.001 -5.34408 -24.1214 -27.5705   7.45696 -0.774412 -0.977882 0 0 0   -0.011 -0.02329  0.04412 -0.0532076   0.163574  0.0242364  -0.0023273 -0.00268538 -0.00477141  -0.587171 -0.0437703  0.0849296 -1.85777 -1.96663 -9.42855 
             247.101 -1.53661 -27.9135 -35.6753   7.45189 -0.775461 -0.982505 0 0 0   -0.011 -0.02329  0.04412  -0.05178  0.145301 0.0170337 -0.00233126 -0.00256855 -0.00462591  -0.587894 -0.0398012  0.0878361 -1.85762 -1.96677 -9.42855 
             247.201 -0.311883  -29.6648  -38.4549   7.44049 -0.776255 -0.986073 0 0 0   -0.011 -0.02329  0.04412 -0.0541154     0.1289  0.0240358 -0.00231398 -0.00255034 -0.00477627  -0.587043 -0.0358604  0.0898296 -1.85754 -1.96692 -9.42853 
             247.301 -0.100265  -30.2805  -39.7052   7.43987 -0.778265  -0.98839 0 0 0   -0.011 -0.02329  0.04412 -0.0351219   0.107672  0.0293017 -0.00227717  -0.0025538 -0.00500366  -0.588628 -0.0331502  0.0924724 -1.85742 -1.96701 -9.42854 
             247.401 0.264643 -30.6042 -41.2154   7.44086 -0.780739 -0.985224 0 0 0   -0.011 -0.02329  0.04412 -0.0196576   0.088023  0.0500169 -0.00225326 -0.00256155 -0.00506224  -0.590773 -0.0309332  0.0940534 -1.85734 -1.96709 -9.42854 
             247.501 0.780465 -30.4515 -43.0078   7.44303  -0.78042 -0.985719 0 0 0   -0.011 -0.02329  0.04412 -0.00613281    0.086578   0.0487618 -0.00228409 -0.00259024  -0.0050729  -0.591735 -0.0297448  0.0964349 -1.85727 -1.96715 -9.42854 
             247.601 0.747478  -29.975 -44.1148    7.4511 -0.781633 -0.981207 0 0 0   -0.011 -0.02329  0.04412 0.0388032  0.070712  0.071114   -0.002248 -0.00259313 -0.00507122  -0.594161 -0.0289838  0.0982852  -1.8572 -1.96721 -9.42854 
             247.701 -0.959293  -27.2791  -42.6317   7.46141 -0.783349 -0.977789 0 0 0   -0.011 -0.02329  0.04412  0.134811 0.0408921 0.0994383   -0.002277 -0.00256254 -0.00507815 -0.594931 -0.027875  0.100373 -1.85715 -1.96727 -9.42854 
             247.801 -4.46209 -21.8575 -39.5249   7.48121 -0.788694 -0.972766 0 0 0   -0.011 -0.02329  0.04412  0.179046 0.0159635 0.0979424 -0.00222986 -0.00270307 -0.00521802  -0.596064 -0.0268445   0.102576  -1.8571 -1.96733 -9.42854 
             247.901 -6.23125 -16.2304 -39.5529   7.50789 -0.797073 -0.966752 0 0 0   -0.011 -0.02329  0.04412   0.173505 -0.0452114  0.0960953 -0.00225912 -0.00285103 -0.00527231  -0.598203 -0.0269674    0.10495 -1.85703  -1.9674 -9.42854 
                 248 -5.58094 -10.3096 -43.3236   7.52882 -0.817574 -0.962488 0 0 0   -0.011 -0.02329  0.04412  0.176361 -0.159932 0.0869175 -0.00232055 -0.00290497 -0.00516226  -0.599926 -0.0257294   0.107407 -1.85697 -1.96747 -9.42853 
             248.101 -4.89992 -2.96892 -50.0531    7.5542 -0.848793 -0.966189 0 0 0   -0.011 -0.02329  0.04412   0.176505  -0.212769 0.00768365 -0.00247625 -0.00294016 -0.00505378  -0.602012 -0.0249323   0.110927 -1.85689 -1.96754 -9.42853 
             248.201 -5.92834  1.96491 -60.5224   7.57254 -0.884417 -0.979016 0 0 0   -0.011 -0.02329  0.04412  0.0598855  -0.253521 -0.0646506 -0.00269149 -0.00296047 -0.00494436  -0.604294 -0.0238126   0.114249 -1.85683 -1.96761 -9.42853 
             248.301 -5.94348  4.50402 -70.7942   7.57182 -0.911683  -0.98184 0 0 0   -0.011 -0.02329  0.04412  -0.122558  -0.248519 -0.0606343 -0.00283857 -0.00297778  -0.0047823  -0.605105 -0.0237348    0.11356 -1.85682 -1.96762 -9.42853 
             248.401 -4.31026   6.2187 -77.1346   7.55984 -0.930558 -0.976356 0 0 0   -0.011 -0.02329  0.04412  -0.240526  -0.198388 -0.0319913 -0.00301358 -0.00290459 -0.00481108  -0.605748 -0.0249988   0.111208 -1.85679 -1.96762 -9.42854 
             248.501   -2.149  7.86033 -81.1172   7.54084  -0.95104 -0.975635 0 0 0   -0.011 -0.02329  0.04412  -0.299237  -0.154185 -0.0363838 -0.00318084 -0.00282493 -0.00492824 -0.607368 -0.026235  0.110325 -1.85675 -1.96766 -9.42854 
             248.601 -0.169648   8.14853  -84.5093   7.51989 -0.960572 -0.977356 0 0 0   -0.011 -0.02329  0.04412  -0.328195 -0.0722079 -0.0484346 -0.00327887 -0.00275252 -0.00499688  -0.608126 -0.0286432   0.109714 -1.85668 -1.96771 -9.42854 
             248.701  1.32202  7.32073 -87.8581   7.49804 -0.964656 -0.982177 0 0 0   -0.011 -0.02329  0.04412  -0.326821 -0.0337633 -0.0709102  -0.0033466 -0.00264867  -0.0050259  -0.608778 -0.0313721   0.109413 -1.85661 -1.96779 -9.42854 
             248.801  2.04495  6.54535 -89.9769   7.48559  -0.97272 -0.982781 0 0 0   -0.011 -0.02329  0.04412  -0.301649 -0.0323894 -0.0781882 -0.00325199 -0.00254756 -0.00504493 -0.610559 -0.035445  0.107682  -1.8565 -1.96799 -9.42852 
             248.901  2.47552  5.89148 -90.6604   7.47858  -0.97744 -0.979428 0 0 0   -0.011 -0.02329  0.04412  -0.264222 -0.0354766 -0.0682247 -0.00321107 -0.00247979 -0.00513418  -0.611063 -0.0404897   0.105185 -1.85634 -1.96823  -9.4285 
             249.001  2.59269  5.84207 -90.2937   7.47617 -0.985353 -0.976222 0 0 0   -0.011 -0.02329  0.04412  -0.233016 -0.0698584 -0.0602863 -0.00317672 -0.00246359 -0.00519644  -0.611601 -0.0459112   0.103082 -1.85617 -1.96852 -9.42847 
               249.1  2.45195  6.68107 -89.2789   7.47956 -0.996328 -0.978608 0 0 0   -0.011 -0.02329  0.04412   -0.19109 -0.0863488 -0.0723982 -0.00315214 -0.00245865 -0.00529101  -0.612081 -0.0520774   0.102452   -1.856 -1.96882 -9.42844 
             249.201  1.67847  7.49234 -87.2064   7.48557  -1.00266 -0.975605 0 0 0   -0.011 -0.02329  0.04412 -0.122487 -0.041962 -0.071349 -0.00314824 -0.00253083 -0.00530976  -0.611502 -0.0575487   0.100626 -1.85581  -1.9691 -9.42842 
             249.301 -0.438101   8.32216  -81.3041    7.4922  -1.00393 -0.970652 0 0 0   -0.011 -0.02329  0.04412   -0.056674 -0.00232125  -0.0768117 -0.00306889 -0.00249813 -0.00532961  -0.610896 -0.0612927  0.0982451 -1.85568 -1.96931  -9.4284 
               249.4 -3.73228  10.8092  -72.899  7.51095 -1.00326 -0.97469 0 0 0   -0.011 -0.02329  0.04412 0.00917831  0.0105839  -0.119137 -0.00307508 -0.00257609 -0.00543899  -0.610645 -0.0662231   0.097459 -1.85552 -1.96955 -9.42838 
             249.501 -6.73668  14.4563 -64.3199   7.52874 -0.996598 -0.986478 0 0 0   -0.011 -0.02329  0.04412 0.000335857   0.0783115   -0.151119 -0.00302791 -0.00270945 -0.00545875  -0.610166 -0.0702058  0.0974319 -1.85538 -1.96969 -9.42838 
             249.601 -8.48864  17.1639  -56.421   7.54721 -0.985503 -0.987379 0 0 0   -0.011 -0.02329  0.04412 -0.0192895   0.137079  -0.130103 -0.00304176 -0.00284619 -0.00542628  -0.610136 -0.0745031  0.0947166 -1.85523 -1.96991 -9.42836 
               249.7 -9.22891  19.5812 -49.2755   7.55215 -0.977566 -0.989963 0 0 0   -0.011 -0.02329  0.04412 -0.0436544   0.135308  -0.128389 -0.00303285 -0.00292348 -0.00535064   -0.61118 -0.0759013  0.0922199 -1.85518 -1.97004 -9.42835 
               249.8 -9.70231  22.3158 -43.5227   7.56575 -0.959993 -0.991699 0 0 0   -0.011 -0.02329  0.04412 -0.00915738    0.168943   -0.132186 -0.00309908 -0.00298148 -0.00529793  -0.611287 -0.0791642  0.0894813 -1.85504 -1.97015 -9.42835 
               249.9  -10.427  25.1938 -39.0454  7.58124 -0.94385 -0.99557 0 0 0   -0.011 -0.02329  0.04412 0.0199308  0.202776 -0.138145 -0.00315611 -0.00310401 -0.00518925  -0.612533 -0.0813943  0.0867822 -1.85491 -1.97025 -9.42836 
                 250 -11.2568  27.7203 -35.2558   7.59511 -0.928526  -1.00165 0 0 0   -0.011 -0.02329  0.04412 0.0270855  0.242632 -0.148669 -0.00314452 -0.00317436 -0.00509999  -0.614341 -0.0821239   0.084275 -1.85479 -1.97032 -9.42836 
               250.1 -11.9485  29.7923 -31.4522   7.60891 -0.909051  -1.01084 0 0 0   -0.011 -0.02329  0.04412 0.0252863  0.273281 -0.160781  -0.0031915 -0.00321164 -0.00505472  -0.616256 -0.0825691  0.0821062 -1.85467 -1.97037 -9.42838 
               250.2 -12.1852  31.3003 -28.0807   7.61847 -0.886103  -1.02117 0 0 0   -0.011 -0.02329  0.04412 0.00311064   0.306804  -0.175413 -0.00324667  -0.0032261 -0.00501226  -0.617547 -0.0823815  0.0800787 -1.85456 -1.97041 -9.42839 
             250.301 -11.7736  32.1117 -24.8855   7.62376 -0.860417  -1.02767 0 0 0   -0.011 -0.02329  0.04412 -0.027785   0.35113 -0.171298 -0.00328758  -0.0032649 -0.00494941  -0.617945 -0.0813513  0.0772062 -1.85441 -1.97049  -9.4284 
             250.401 -11.1245  32.3384 -21.2727    7.6271 -0.838319   -1.0301 0 0 0   -0.011 -0.02329  0.04412 -0.0350065   0.399018  -0.147669 -0.00331045 -0.00321429 -0.00493638  -0.618611 -0.0785622  0.0736933 -1.85418 -1.97063 -9.42842 
               250.5 -10.8485  32.3266 -17.3852   7.63147 -0.804913  -1.03041 0 0 0   -0.011 -0.02329  0.04412 -0.0355796   0.464298  -0.143699 -0.00332251 -0.00321516 -0.00492843  -0.618721 -0.0766696  0.0701053 -1.85395 -1.97074 -9.42844 
             250.601 -10.8793  32.4548 -13.1284  7.63089 -0.77001 -1.03497 0 0 0   -0.011 -0.02329  0.04412 -0.0394618   0.488045  -0.159543 -0.00329693 -0.00324394 -0.00489486  -0.618638 -0.0738563  0.0676582 -1.85376 -1.97087 -9.42845 
             250.701 -10.8552  32.9015 -9.05718    7.6305 -0.734672  -1.03787 0 0 0   -0.011 -0.02329  0.04412 -0.0479225   0.492866  -0.165998 -0.00323845 -0.00331315 -0.00489666  -0.618118 -0.0707678  0.0647144 -1.85353 -1.97103 -9.42847 
             250.801 -10.6538  33.3643 -5.30442   7.62882 -0.696169  -1.04998 0 0 0   -0.011 -0.02329  0.04412 -0.0489566   0.496459  -0.197218 -0.00327444 -0.00336215  -0.0048774  -0.618338 -0.0684008  0.0632717 -1.85336 -1.97112 -9.42848 
             250.901 -10.1635  33.8789 -2.18448   7.63549 -0.661434   -1.0659 0 0 0   -0.011 -0.02329  0.04412 -0.0124769   0.485137  -0.230659 -0.00323179 -0.00341156 -0.00487795  -0.619924 -0.0653327  0.0613396 -1.85308 -1.97117 -9.42852 
             251.001 -9.34419  34.4899 0.164797   7.63781 -0.628984  -1.07857 0 0 0   -0.011 -0.02329  0.04412 0.00836071   0.491626  -0.257633 -0.00326234 -0.00346273 -0.00482849 -0.619116  -0.06176 0.0592822 -1.85284 -1.97135 -9.42853 
             251.101 -9.18136  36.1079  2.22106   7.64265 -0.591571  -1.09399 0 0 0   -0.011 -0.02329  0.04412 0.0377048  0.503106 -0.304628 -0.00332528 -0.00346635 -0.00482536   -0.61782 -0.0585147  0.0569928  -1.8526 -1.97154 -9.42854 
             251.201 -9.16882  38.7697   3.9946    7.6539 -0.559427  -1.11175 0 0 0   -0.011 -0.02329  0.04412 0.0592376  0.468043 -0.308087  -0.0032755 -0.00354401 -0.00480227 -0.616966 -0.054447 0.0544391 -1.85228 -1.97173 -9.42857 
             251.301 -8.81452  41.1656  5.70126   7.66897 -0.531269  -1.13057 0 0 0   -0.011 -0.02329  0.04412 0.0608632  0.413793 -0.277455 -0.00333501 -0.00352703 -0.00476037  -0.616907 -0.0504151  0.0520912 -1.85192 -1.97187 -9.42861 
             251.401 -8.4237  42.848 6.80732   7.68203 -0.510452  -1.14076 0 0 0   -0.011 -0.02329  0.04412 0.0899786  0.351937 -0.225796 -0.00336087 -0.00354896 -0.00475774  -0.615426 -0.0461167  0.0494654 -1.85156 -1.97209 -9.42863 
               251.5 -7.88768  44.1381  6.83365   7.69253 -0.496879  -1.15494 0 0 0   -0.011 -0.02329  0.04412  0.092119  0.286525 -0.215109 -0.00342016 -0.00353352 -0.00472976  -0.614025 -0.0419913  0.0486481 -1.85129 -1.97232 -9.42864 
             251.601 -7.2864 44.2648 6.19187   7.70518 -0.488525  -1.16043 0 0 0   -0.011 -0.02329  0.04412 0.0929753  0.238236 -0.190016 -0.00343468 -0.00351443 -0.00468543  -0.611645 -0.0377408  0.0464756 -1.85094  -1.9726 -9.42864 
             251.701 -6.9507 43.0388 4.18678   7.72008 -0.483282  -1.16744 0 0 0   -0.011 -0.02329  0.04412 0.0881049  0.176209 -0.166846 -0.00348421 -0.00339182 -0.00462007  -0.610275 -0.0339096  0.0446675 -1.85061 -1.97281 -9.42867 
             251.801   -7.08266     39.925 -0.0848628   7.73435 -0.486204  -1.16461 0 0 0   -0.011 -0.02329  0.04412 0.0725825  0.118059 -0.101944 -0.00351122 -0.00332943 -0.00460695  -0.607881 -0.0296534   0.041975 -1.85021 -1.97308 -9.42869 
             251.901 -9.32727  34.8392 -7.47525   7.74852 -0.494291  -1.15941 0 0 0   -0.011 -0.02329  0.04412   0.127102   0.119792 -0.0818185 -0.00351778 -0.00322967  -0.0045966  -0.605567 -0.0250176  0.0398394 -1.84982 -1.97337  -9.4287 
             252.001 -11.2426  27.0763 -16.3669  7.76214 -0.49681 -1.15407 0 0 0   -0.011 -0.02329  0.04412   0.124795   0.105126 -0.0481316  -0.0034899 -0.00315052 -0.00454302  -0.603305 -0.0220081   0.038384 -1.8496 -1.9736 -9.4287 
             252.101 -9.27455  19.1878 -19.4712  7.78566 -0.50285 -1.14988 0 0 0   -0.011 -0.02329  0.04412   0.214139   0.110519 -0.0169581 -0.00347771 -0.00299689 -0.00458157  -0.603261 -0.0182647  0.0365337 -1.84927 -1.97373 -9.42874 
             252.201 -6.82945  14.8933 -16.8989   7.81795 -0.505704  -1.13378 0 0 0   -0.011 -0.02329  0.04412  0.290843  0.162238 0.0345705 -0.00342342 -0.00293589 -0.00480047  -0.602009 -0.0144268  0.0336796 -1.84896 -1.97393 -9.42875 
             252.301 -5.62222  10.3471 -13.0015   7.85089 -0.503647  -1.12567 0 0 0   -0.011 -0.02329  0.04412   0.226883   0.171543 -0.0158683 -0.00329514 -0.00295768 -0.00504255  -0.602973 -0.0113552  0.0320807 -1.84872 -1.97402 -9.42878 
             252.401 -5.52631  6.06394  -10.926   7.87778 -0.497771   -1.1248 0 0 0   -0.011 -0.02329  0.04412  0.232118  0.192806 -0.071834 -0.00316657 -0.00294079 -0.00511615  -0.603709 -0.0088924  0.0307799 -1.84856 -1.97409  -9.4288 
             252.501 -5.93646  3.97599 -8.71541    7.9008 -0.491485  -1.12696 0 0 0   -0.011 -0.02329  0.04412  0.183413  0.182054 -0.081107 -0.00302935 -0.00295335  -0.0050954   -0.604167 -0.00625541   0.0296397 -1.84843 -1.97418 -9.42881 
             252.601 -5.16548  2.91397 -4.75404   7.91753 -0.486053  -1.12761 0 0 0   -0.011 -0.02329  0.04412   0.121011   0.193471 -0.0644187 -0.00293384 -0.00301184 -0.00514047   -0.604727 -0.00357449   0.0282579  -1.8483 -1.97427 -9.42881 
             252.701  -4.49277   2.76782 -0.154682   7.92674 -0.477658    -1.134 0 0 0   -0.011 -0.02329  0.04412   0.070356   0.243325 -0.0902417 -0.00292398 -0.00306626 -0.00519719    -0.605143 -0.000895391    0.0281557  -1.8482 -1.97436 -9.42882 
             252.801 -4.64354   3.3046  4.92399   7.93232 -0.460823  -1.14127 0 0 0   -0.011 -0.02329  0.04412 0.0269199  0.341091  -0.10746 -0.00286303  -0.0031146 -0.00523459  -0.605562 0.00150732  0.0276917 -1.84809 -1.97443 -9.42882 
             252.901 -5.96894  4.75605  9.65262   7.93545 -0.429857  -1.15217 0 0 0   -0.011 -0.02329  0.04412 -0.0166748   0.431699  -0.129595 -0.00283812 -0.00315229 -0.00522702  -0.606139 0.00315462  0.0275844 -1.84799 -1.97447 -9.42883 
                 253 -6.58107  6.15773  14.5516   7.93403 -0.399212  -1.16549 0 0 0   -0.011 -0.02329  0.04412 -0.0512284   0.469995  -0.138583 -0.00276807 -0.00319803 -0.00520879  -0.606645 0.00609241  0.0277065 -1.84783 -1.97456 -9.42885 
             253.101 -6.28916  8.16462  20.3441   7.93164 -0.365961  -1.17925 0 0 0   -0.011 -0.02329  0.04412 -0.0607247   0.525244  -0.156001 -0.00279799 -0.00325044 -0.00519717   -0.60704 0.00950762  0.0277765 -1.84761 -1.97466 -9.42887 
               253.2 -5.24062  10.2757  25.8346   7.92169 -0.330556  -1.18769 0 0 0   -0.011 -0.02329  0.04412 -0.0664555   0.573912  -0.134337  -0.0028139 -0.00329235 -0.00517484 -0.605565 0.0132991 0.0268475 -1.84742 -1.97489 -9.42886 
             253.301 -3.39338  13.0148  30.3804   7.91719 -0.290821   -1.1981 0 0 0   -0.011 -0.02329  0.04412 -0.0285505   0.644053  -0.136795 -0.00282195 -0.00332724 -0.00515805 -0.604404 0.0175532 0.0267401 -1.84715 -1.97511 -9.42886 
             253.401 -2.05315  16.5345  34.1872   7.91589 -0.245272  -1.20966 0 0 0   -0.011 -0.02329  0.04412 -0.0260773   0.674086  -0.154795 -0.00284326 -0.00331387 -0.00509673 -0.602984 0.0216918    0.0266 -1.84686 -1.97534 -9.42887 
             253.501 -0.914626   19.0688   37.1981   7.91522 -0.201384  -1.21591 0 0 0   -0.011 -0.02329  0.04412 -0.00691159    0.661191   -0.113493  -0.0028573 -0.00335698 -0.00505314 -0.600895 0.0260891 0.0257492 -1.84652 -1.97563 -9.42888 
             253.601 0.474989  21.0622  38.8838  7.92043  -0.1587 -1.21793 0 0 0   -0.011 -0.02329  0.04412 0.00669106   0.643534  -0.117355 -0.00287243  -0.0033394 -0.00500419 -0.598951 0.0305087 0.0245808 -1.84613  -1.9759  -9.4289 
             253.701 1.89081 22.9353 40.3278   7.92362 -0.121863  -1.22525 0 0 0   -0.011 -0.02329  0.04412 0.0151957  0.630226 -0.158235  -0.0029014   -0.003312 -0.00495507 -0.595919 0.0353116 0.0241553 -1.84571 -1.97627  -9.4289 
             253.801 2.72361 25.7872 41.7806    7.92526 -0.0833727   -1.23782 0 0 0   -0.011 -0.02329  0.04412 0.0134305  0.618551 -0.197785 -0.00295723 -0.00330883 -0.00493922  -0.59257 0.0391478 0.0239649 -1.84536 -1.97666 -9.42889 
               253.9 3.28433 28.3509 43.5412     7.9359 -0.0518543   -1.25143 0 0 0   -0.011 -0.02329  0.04412 0.0508685  0.578547 -0.180856  -0.0029105 -0.00332197 -0.00493264 -0.589666 0.0446553 0.0235607 -1.84481 -1.97702 -9.42892 
             254.001 4.15363 30.2581 44.9476   7.94119 -0.020144  -1.26306 0 0 0   -0.011 -0.02329  0.04412 0.0611013  0.575688 -0.192375   -0.002952 -0.00329957 -0.00489719 -0.585694 0.0484178 0.0233291 -1.84444 -1.97746  -9.4289 
             254.101 4.70543 31.7446 46.1893   7.95529 0.0100068  -1.27867 0 0 0   -0.011 -0.02329  0.04412 0.0937196  0.570243 -0.239013 -0.00295618 -0.00320709 -0.00485725 -0.582453 0.0533867 0.0230461 -1.84393 -1.97784 -9.42892 
             254.201 5.62333 32.8949 48.2638   7.96515 0.0422877  -1.29218 0 0 0   -0.011 -0.02329  0.04412  0.106531  0.567033 -0.241443 -0.00299773 -0.00324702 -0.00485421 -0.577982 0.0567092 0.0222874 -1.84357 -1.97833 -9.42889 
             254.301 7.09583 32.9202 51.4864   7.97955 0.0716173  -1.30907 0 0 0   -0.011 -0.02329  0.04412  0.145843  0.557951 -0.239797 -0.00300178 -0.00321132  -0.0048632 -0.573862 0.0607087 0.0222463 -1.84314 -1.97879 -9.42888 
             254.401 8.66773 31.7169 54.1936  7.99874 0.103387 -1.32243 0 0 0   -0.011 -0.02329  0.04412  0.185631  0.583006 -0.204122  -0.0030136 -0.00321544 -0.00490481 -0.569764 0.0643755 0.0218492 -1.84273 -1.97924 -9.42886 
             254.501 9.52395 29.5941 54.7969  8.02722 0.139117 -1.33569 0 0 0   -0.011 -0.02329  0.04412  0.237222  0.639023 -0.167226 -0.00300025 -0.00316086 -0.00488975 -0.566542 0.0688289 0.0218535 -1.84224  -1.9796 -9.42888 
             254.601 9.55589 27.9044 53.7731  8.05808 0.177298 -1.33885 0 0 0   -0.011 -0.02329  0.04412  0.223006  0.644996 -0.129728 -0.00297878 -0.00316473 -0.00487408 -0.562212 0.0730689 0.0210329 -1.84171 -1.98006 -9.42889 
               254.7 9.32175 25.9198 53.2091  8.08098 0.212783  -1.3436 0 0 0   -0.011 -0.02329  0.04412  0.144015  0.598606 -0.160233 -0.00294745 -0.00315822  -0.0048761 -0.557717 0.0768096  0.020706 -1.84125 -1.98055 -9.42888 
             254.801 9.27571 23.7196 53.8744  8.09317 0.246693 -1.35111 0 0 0   -0.011 -0.02329  0.04412 0.0528176  0.575983 -0.175716  -0.0029048 -0.00314817 -0.00488778 -0.553288 0.0797784 0.0201292 -1.84086 -1.98103 -9.42885 
             254.901 9.08822 22.0159 54.2584  8.10109 0.278662 -1.35603 0 0 0   -0.011 -0.02329  0.04412 -0.0122172   0.581481   -0.14194  -0.0028881 -0.00315845 -0.00490769 -0.548834 0.0834071 0.0191975 -1.84039  -1.9815 -9.42885 
             255.001 8.74375 20.3826 54.6726  8.10353 0.317392 -1.36327 0 0 0   -0.011 -0.02329  0.04412 -0.0698521   0.585245    -0.1804 -0.00285503 -0.00314347 -0.00491269 -0.545679 0.0864887 0.0182513 -1.83998 -1.98183 -9.42885 
             255.101  8.8709 18.1767 55.3859  8.09764   0.3459 -1.38027 0 0 0   -0.011 -0.02329  0.04412 -0.127066  0.586953 -0.240167  -0.0027857 -0.00315308 -0.00491484 -0.541282 0.0904588 0.0184572 -1.83951 -1.98232 -9.42885 
             255.201 9.25066 16.2814 56.2238   8.0928 0.379842 -1.39808 0 0 0   -0.011 -0.02329  0.04412 -0.161544  0.630932 -0.250112 -0.00276431 -0.00310212 -0.00491905 -0.537507  0.094932 0.0176735 -1.83895 -1.98271 -9.42887 
             255.301   9.839 14.5646 56.9022   8.0795 0.422043 -1.41494 0 0 0   -0.011 -0.02329  0.04412 -0.218003  0.692575 -0.218462 -0.00275196 -0.00313404 -0.00494775 -0.533755 0.0983654 0.0168911  -1.8385 -1.98312 -9.42887 
             255.401 11.0531 12.0165 58.0959  8.05116 0.466078 -1.43106 0 0 0   -0.011 -0.02329  0.04412 -0.287339  0.709691 -0.181976 -0.00277127  -0.0031018 -0.00492497 -0.529115  0.100508 0.0169923 -1.83822 -1.98363 -9.42882 
             255.501 12.4035 8.79749 59.5127  8.03043 0.512825 -1.44199 0 0 0   -0.011 -0.02329  0.04412 -0.285582  0.764973 -0.114064 -0.00274154 -0.00307794 -0.00498742 -0.525491  0.104635 0.0165649  -1.8377 -1.98401 -9.42884 
               255.6 12.4757 6.37611  60.208  8.01266 0.566262 -1.44053 0 0 0   -0.011 -0.02329  0.04412 -0.243561  0.793718 -0.109228 -0.00270822 -0.00307013  -0.0050191 -0.521602  0.108263 0.0146715  -1.8372 -1.98443 -9.42885 
             255.701 11.7353 4.60716 59.0746  8.00208 0.617407 -1.44452 0 0 0   -0.011 -0.02329  0.04412 -0.187617  0.769544 -0.136173 -0.00262883 -0.00307068 -0.00501669    -0.518  0.112296 0.0129396 -1.83665  -1.9848 -9.42888 
               255.8 10.3667 3.83949 54.7583  7.99348 0.664547 -1.45773 0 0 0   -0.011 -0.02329  0.04412 -0.118617  0.762379 -0.123958 -0.00255776 -0.00305135 -0.00496454  -0.51386  0.116302 0.0128977 -1.83612 -1.98523 -9.42889 
               255.9 8.71078 3.05635 48.3032  7.99156  0.70873 -1.46965 0 0 0   -0.011 -0.02329  0.04412 -0.0727144   0.722448  -0.157211 -0.00248369 -0.00302667 -0.00489466 -0.509454  0.120332  0.012282 -1.83557 -1.98568  -9.4289 
                 256 7.10306 1.05668 42.0228  7.98994 0.746547 -1.48591 0 0 0   -0.011 -0.02329  0.04412 -0.0782312   0.668812  -0.232489  -0.0024587 -0.00302783 -0.00487449 -0.504871  0.124061 0.0114519 -1.83505 -1.98617  -9.4289 
               256.1  5.43549 -2.32242  37.0141 7.99137 0.79124 -1.5057 0 0 0   -0.011 -0.02329  0.04412 -0.0239128   0.675049  -0.259233  -0.0024728 -0.00295266 -0.00490713 -0.502174  0.127065 0.0100608 -1.83466 -1.98646 -9.42892 
               256.2  3.1441 -5.4331 32.3011  7.98829  0.82999 -1.52914 0 0 0   -0.011 -0.02329  0.04412   0.05319  0.688344 -0.216829 -0.00241475 -0.00296932 -0.00495565  -0.497352   0.129562 0.00957392 -1.83436 -1.98698 -9.42886 
               256.3  2.39933 -8.81767  27.1824  7.99686 0.868929 -1.54789 0 0 0   -0.011 -0.02329  0.04412  0.120305  0.653468 -0.126914  -0.0023756 -0.00298748 -0.00496915  -0.493598   0.132875 0.00923179 -1.83402 -1.98739 -9.42885 
               256.4  3.32418 -11.5122  22.2822   8.0124 0.911066 -1.55473 0 0 0   -0.011 -0.02329  0.04412   0.138304   0.666196 -0.0462496 -0.00239143 -0.00299342  -0.0049892  -0.491053   0.136213 0.00864558  -1.8337 -1.98768 -9.42885 
             256.501  4.12792 -13.2195  18.0206  8.02791 0.948667 -1.55675 0 0 0   -0.011 -0.02329  0.04412  0.0953591   0.600754 -0.0806004  -0.0024196 -0.00305047  -0.0050263   -0.48888    0.14019 0.00750678 -1.83337 -1.98797 -9.42885 
               256.6  4.79277 -14.4032  15.8813  8.03319 0.982539 -1.56777 0 0 0   -0.011 -0.02329  0.04412 -0.0104978   0.555843 -0.0878133 -0.00237943 -0.00309342 -0.00509119  -0.486853   0.143786 0.00730397  -1.8331 -1.98822 -9.42885 
             256.701  4.23844 -15.7227  15.7972  8.03309  1.01195 -1.58233 0 0 0   -0.011 -0.02329  0.04412  -0.104457   0.533786 -0.0911755 -0.00233726 -0.00309547 -0.00519645  -0.485795   0.148182 0.00796451 -1.83276  -1.9884 -9.42888 
               256.8   3.1161 -17.5471  15.5771  8.02342  1.04998 -1.58912 0 0 0   -0.011 -0.02329  0.04412 -0.181758  0.529942 -0.104537 -0.00231755 -0.00308321  -0.0052747  -0.485725   0.151113 0.00723331 -1.83256 -1.98851 -9.42889 
             256.901  2.90001 -19.2411  14.4432  8.00958   1.0863 -1.60233 0 0 0   -0.011 -0.02329  0.04412 -0.250759  0.538992 -0.129578 -0.00224477 -0.00305286 -0.00527467  -0.485897   0.154279 0.00734468 -1.83232 -1.98859 -9.42892 
                 257  2.84738 -21.4584  12.7338  7.97698  1.12552 -1.62262 0 0 0   -0.011 -0.02329  0.04412 -0.391656  0.626132 -0.160342 -0.00223171 -0.00306689 -0.00525987   -0.48469   0.157336 0.00780697 -1.83213 -1.98874 -9.42893 
             257.101  2.37721 -25.0423  9.41502  7.93952  1.17357 -1.64742 0 0 0   -0.011 -0.02329  0.04412 -0.464094  0.701298 -0.165705 -0.00219837 -0.00301391 -0.00524592  -0.484406   0.160782 0.00905607 -1.83187 -1.98883 -9.42896 
             257.201  1.27406 -29.4848  5.23532  7.88803    1.234 -1.66795 0 0 0   -0.011 -0.02329  0.04412 -0.473401   0.79234 -0.124655 -0.00214034 -0.00303653 -0.00526856  -0.482944    0.16304 0.00940079 -1.83174 -1.98897 -9.42896 
             257.301 -0.648908  -33.8428 0.0367265  7.85059  1.30004 -1.69005 0 0 0   -0.011 -0.02329  0.04412 -0.347192  0.774411 -0.145029 -0.00210972 -0.00300755 -0.00525532 -0.482581  0.165603 0.0108113 -1.83153 -1.98903 -9.42898 
             257.401 -2.53821 -36.8985 -5.16095  7.82814  1.35813 -1.70218 0 0 0   -0.011 -0.02329  0.04412 -0.195186  0.682977 -0.100554 -0.00202398 -0.00303243 -0.00523317 -0.482927  0.168432 0.0107683 -1.83137 -1.98913   -9.429 
             257.501 -4.36567 -38.8109 -9.87289  7.81676  1.40541 -1.70405 0 0 0   -0.011 -0.02329  0.04412  -0.112593   0.554137 -0.0403146 -0.00194772 -0.00309111 -0.00524041 -0.483578  0.171148 0.0101463 -1.83126 -1.98923   -9.429 
             257.601 -4.61596 -40.7894 -15.1659  7.81371   1.4396 -1.70807 0 0 0   -0.011 -0.02329  0.04412   -0.07901   0.430163 -0.0143556 -0.00194735  -0.0031602 -0.00525174 -0.484218  0.173796 0.0109166 -1.83109 -1.98931 -9.42901 
             257.701 -3.65995 -42.8098 -20.2679  7.81716   1.4616 -1.70874 0 0 0   -0.011 -0.02329  0.04412 -0.0418876   0.358473  0.0227719 -0.00195322 -0.00315927  -0.0052399  -0.48548  0.176557 0.0121815 -1.83091 -1.98941 -9.42902 
               257.8 -2.80494  -44.209 -24.4699  7.82004  1.48411 -1.71359 0 0 0   -0.011 -0.02329  0.04412 -0.00933832    0.339758   0.0323439 -0.00196815 -0.00319565 -0.00523982 -0.48542  0.17844 0.014203 -1.83074 -1.98951 -9.42904 
             257.901 -3.07683 -45.3121 -27.4244  7.82907  1.50523 -1.72752 0 0 0   -0.011 -0.02329  0.04412 0.00901952   0.335197 -0.0100117 -0.00197679 -0.00321014 -0.00528996 -0.484958   0.17995 0.0177138 -1.83049 -1.98963 -9.42906 
             257.999  -4.2186 -46.0209 -28.5695  7.83426  1.53147 -1.73877 0 0 0   -0.011 -0.02329  0.04412 -0.00825807     0.29465  0.00445897 -0.00196079 -0.00323669 -0.00530812 -0.484319  0.180544 0.0200393 -1.83033 -1.98971 -9.42908 
               258.1 -4.94577 -45.8867 -27.9945  7.84281  1.55655 -1.74925 0 0 0   -0.011 -0.02329  0.04412 -0.0119465   0.274589  0.0133577 -0.00200002 -0.00326018  -0.0053583 -0.483957  0.180234 0.0227621 -1.83013 -1.98978  -9.4291 
               258.2 -6.79758 -44.3395 -24.8015  7.84471  1.56958 -1.75071 0 0 0   -0.011 -0.02329  0.04412 -0.0264354    0.23793  0.0481213 -0.00202767 -0.00331883 -0.00542934 -0.484345  0.181773 0.0246251 -1.83003  -1.9899 -9.42909 
             258.301 -10.8701  -40.682 -17.5536  7.85135  1.57821 -1.74475 0 0 0   -0.011 -0.02329  0.04412 -0.00201057    0.193873    0.101559 -0.00204718 -0.00333099 -0.00544605 -0.485726  0.182891 0.0265749 -1.82994 -1.99003 -9.42908 
             258.401  -15.771 -32.6669 -7.08117  7.86599  1.57994 -1.74123 0 0 0   -0.011 -0.02329  0.04412 0.114301 0.138598 0.160367 -0.00207744 -0.00337678 -0.00551925   -0.4862  0.183995 0.0299576 -1.82974 -1.99021 -9.42908 
             258.501 -18.3821 -19.1316  3.91137   7.8973  1.58495 -1.73211 0 0 0   -0.011 -0.02329  0.04412 0.314041  0.18131 0.166033 -0.00209751 -0.00340858 -0.00555571 -0.486782  0.184396 0.0327247 -1.82957 -1.99034 -9.42909 
             258.601   -18.579 -0.870746   15.0334  7.95093  1.60151 -1.72514 0 0 0   -0.011 -0.02329  0.04412  0.465631  0.337505 0.0522751 -0.00218893 -0.00342636 -0.00554255 -0.487985  0.184704 0.0353586  -1.8294 -1.99045  -9.4291 
             258.701 -16.4522   16.071  28.6532  7.9953 1.62691 -1.7339 0 0 0   -0.011 -0.02329  0.04412  0.385159   0.40828 -0.112931 -0.00227703 -0.00350534 -0.00550221 -0.487848  0.186374 0.0369993 -1.82931 -1.99056 -9.42909 
               258.8 -9.98419  26.6028  44.3446  8.04451  1.65756 -1.75631 0 0 0   -0.011 -0.02329  0.04412  0.418603  0.445588 -0.226649 -0.00236199 -0.00345041 -0.00548619 -0.489039  0.187795 0.0391319 -1.82914 -1.99063 -9.42911 
               258.9 -2.55403  32.3227   57.477  8.09088  1.69278 -1.78581 0 0 0   -0.011 -0.02329  0.04412   0.46283  0.540884 -0.310972 -0.00245743 -0.00338315 -0.00540197 -0.488864  0.190021 0.0403419 -1.82901 -1.99074 -9.42911 
                 259 3.22932 35.1185 66.2362  8.13452  1.73464 -1.81547 0 0 0   -0.011 -0.02329  0.04412  0.483066  0.641873 -0.280719 -0.00253726 -0.00332485 -0.00523315 -0.487111  0.192015 0.0408361  -1.8289 -1.99094 -9.42909 
             259.101 6.93303  37.708 71.2922  8.18551  1.78641 -1.82545 0 0 0   -0.011 -0.02329  0.04412  0.447738  0.752661 -0.158731 -0.00255201 -0.00330208 -0.00504495 -0.484679  0.194941 0.0401755 -1.82863 -1.99121 -9.42909 
               259.2 9.37759  39.241 74.5767   8.2215  1.83832 -1.83346 0 0 0   -0.011 -0.02329  0.04412  0.303123  0.725829 -0.180929 -0.00255236 -0.00326542 -0.00490517 -0.481205  0.196703 0.0406226 -1.82842 -1.99159 -9.42905 
               259.3 11.3189 41.0763 78.2435  8.24521  1.88854 -1.84566 0 0 0   -0.011 -0.02329  0.04412  0.142942  0.759469 -0.261903  -0.0026049 -0.00326556 -0.00485355 -0.476699  0.198621 0.0408286 -1.82809 -1.99207 -9.42901 
               259.4 13.9429 43.4346 83.4815    8.253  1.93851 -1.87035 0 0 0   -0.011 -0.02329  0.04412 0.00690486    0.74104  -0.299828 -0.00257895 -0.00324972 -0.00482267 -0.472754  0.200275 0.0424651  -1.8278 -1.99255 -9.42896 
               259.5 17.0694   44.88  88.569  8.25314  1.98754 -1.89372 0 0 0   -0.011 -0.02329  0.04412 -0.100618  0.717588 -0.344905 -0.00259575 -0.00330273 -0.00483761 -0.468637  0.202136   0.04317 -1.82742 -1.99299 -9.42894 
             259.601 18.9797 46.1409 90.6721  8.24489  2.02978 -1.91528 0 0 0   -0.011 -0.02329  0.04412 -0.191999  0.719905  -0.38455 -0.00262538 -0.00328939 -0.00483069 -0.462837   0.20405 0.0436673 -1.82694 -1.99361 -9.42891 
               259.7 18.5958 48.0366 88.0115  8.23383  2.07781 -1.94149 0 0 0   -0.011 -0.02329  0.04412  -0.23652  0.733294 -0.384022 -0.00265602 -0.00325574 -0.00475471 -0.458175  0.206296 0.0439854 -1.82643 -1.99406 -9.42891 
               259.8 17.2294 49.1767 82.8045  8.21494   2.1313 -1.96375 0 0 0   -0.011 -0.02329  0.04412 -0.271657  0.777794 -0.318505 -0.00271006 -0.00326115 -0.00472886 -0.453486  0.207714 0.0444065 -1.82601 -1.99456 -9.42889 
             259.901 15.4072  49.925 75.5548  8.19989  2.18629 -1.97918 0 0 0   -0.011 -0.02329  0.04412 -0.195838  0.829367 -0.233956 -0.00273572  -0.0031819 -0.00472582 -0.448633  0.209499 0.0452075 -1.82554 -1.99507 -9.42887 
             260.001 9.98291 51.3096 62.9092  8.19547  2.24164 -1.98759 0 0 0   -0.011 -0.02329  0.04412 -0.115627  0.746537 -0.179201 -0.00274944 -0.00313179 -0.00471655 -0.444132   0.21168  0.046019 -1.82505 -1.99552 -9.42887 
               260.1 4.73776 50.2325 50.5283  8.19276  2.28708 -1.99411 0 0 0   -0.011 -0.02329  0.04412 -0.100929  0.643606 -0.178202 -0.00279434 -0.00306684 -0.00467553 -0.439966  0.213643  0.046824 -1.82463 -1.99596 -9.42886 
               260.2 2.67039 49.1675 44.8467  8.18072  2.32744 -2.00253 0 0 0   -0.011 -0.02329  0.04412  -0.11776  0.628994 -0.214361 -0.00284034 -0.00293839 -0.00474559 -0.435876  0.214492 0.0480319 -1.82441 -1.99645  -9.4288 
               260.3 3.10125 48.7589 44.3022  8.18077  2.37435 -2.01361 0 0 0   -0.011 -0.02329  0.04412 -0.0840463   0.626637  -0.265611 -0.00276483 -0.00287683 -0.00486347 -0.432779   0.21682  0.047381 -1.82402  -1.9967 -9.42882 
               260.4 4.25313 47.7887 45.6063  8.17899   2.4259 -2.03189 0 0 0   -0.011 -0.02329  0.04412 -0.0744073   0.672096  -0.310062 -0.00272977 -0.00285984 -0.00496279  -0.43036  0.218723 0.0468856 -1.82374  -1.9969 -9.42883 
               260.5 3.93098  45.604 45.6439  8.18223  2.47607 -2.04972 0 0 0   -0.011 -0.02329  0.04412 -0.027595  0.642068 -0.247879 -0.00267353  -0.0028485 -0.00499549 -0.427681   0.22141 0.0462498  -1.8234 -1.99713 -9.42885 
               260.6 6.12989 39.0015 47.2405  8.18492    2.526 -2.06025 0 0 0   -0.011 -0.02329  0.04412 -0.00454986    0.617487   -0.155823 -0.00265287 -0.00278973 -0.00499987 -0.425682  0.223254 0.0457607 -1.82317 -1.99731 -9.42885 
             260.701 9.17332 30.1398 48.8606  8.18896   2.5736 -2.06031 0 0 0   -0.011 -0.02329  0.04412 -0.0339228   0.649149 -0.0564912 -0.00267324 -0.00261898 -0.00509069 -0.423281  0.225427 0.0451825 -1.82292 -1.99752 -9.42886 
               260.8 8.23492 20.5292 48.6127 8.18588 2.62692 -2.0509 0 0 0   -0.011 -0.02329  0.04412  -0.163232   0.717131 -0.0440422 -0.00258595 -0.00253851 -0.00515526 -0.420884   0.22794 0.0440687  -1.8226 -1.99772 -9.42888 
               260.9 5.48602 14.2106  47.085 8.17034 2.67323 -2.0516 0 0 0   -0.011 -0.02329  0.04412 -0.172172  0.651411 -0.113513 -0.00241288 -0.00259847 -0.00521635    -0.418  0.230513 0.0441876 -1.82236 -1.99804 -9.42886 
                 261  4.5002 9.20068 45.8392  8.15445  2.71873 -2.05668 0 0 0   -0.011 -0.02329  0.04412 -0.194666  0.643463 -0.131714 -0.00225195  -0.0026107 -0.00517357 -0.415571  0.232694 0.0437765 -1.82212 -1.99829 -9.42885 
               261.1 3.60708 5.65718 45.1092   8.1414  2.76956 -2.06479 0 0 0   -0.011 -0.02329  0.04412 -0.200527  0.654841 -0.177615 -0.00220371 -0.00261496 -0.00520369  -0.41402  0.234921 0.0429137 -1.82187 -1.99845 -9.42886 
               261.2 2.96875 2.65035 43.8583   8.1218  2.81442 -2.08682 0 0 0   -0.011 -0.02329  0.04412 -0.214154   0.66009 -0.244778 -0.00214545 -0.00262868 -0.00523001  -0.41193  0.237327 0.0432967 -1.82164 -1.99868 -9.42886 
               261.3 2.99403 0.69929 42.8958  8.10157  2.86252 -2.10409 0 0 0   -0.011 -0.02329  0.04412 -0.263026  0.672087  -0.25873 -0.00211145 -0.00265723  -0.0052277 -0.40961 0.239483 0.042097 -1.82141 -1.99894 -9.42885 
               261.4  3.44201 -2.20002  43.6468 8.07177 2.90856 -2.1249 0 0 0   -0.011 -0.02329  0.04412 -0.364436  0.656401  -0.26146  -0.0020934 -0.00265766 -0.00522931 -0.407203  0.241702 0.0411754 -1.82119 -1.99921 -9.42883 
               261.5  4.12014 -6.83964  44.5948  8.03882  2.95552 -2.14523 0 0 0   -0.011 -0.02329  0.04412 -0.407313  0.695574  -0.18296 -0.00205437  -0.0026238  -0.0053007 -0.405643  0.244605 0.0406204 -1.82091 -1.99939 -9.42885 
               261.6  4.87597 -10.9947  43.5631  7.99885  3.00723 -2.15591 0 0 0   -0.011 -0.02329  0.04412  -0.402974   0.788335 -0.0718928 -0.00202516 -0.00260658 -0.00532527 -0.403173  0.247053 0.0400121 -1.82068 -1.99966 -9.42884 
               261.7  4.08368 -13.4231  42.0026  7.96035  3.06561 -2.16513 0 0 0   -0.011 -0.02329  0.04412 -0.348021  0.815229 -0.100815 -0.00196862 -0.00261849 -0.00528588 -0.400647  0.249439 0.0399095 -1.82046 -1.99991 -9.42883 
               261.8  2.64731 -13.8612  40.9179  7.93317  3.12576 -2.17612 0 0 0   -0.011 -0.02329  0.04412  -0.246983   0.836313 -0.0984266 -0.00186266 -0.00268856 -0.00528676 -0.398627  0.252034 0.0394212 -1.82021 -2.00013 -9.42883 
               261.9 0.563555 -12.3943  40.4992   7.9198  3.18957 -2.18502 0 0 0   -0.011 -0.02329  0.04412  -0.156988   0.827094 -0.0954284 -0.00183427 -0.00274985 -0.00529301 -0.397235  0.254924 0.0389465 -1.81993 -2.00029 -9.42885 
                 262 -1.10255  -10.532  40.1376  7.90955  3.24798 -2.19828 0 0 0   -0.011 -0.02329  0.04412 -0.115419  0.792093 -0.157307 -0.00180154 -0.00284316 -0.00529031 -0.395353  0.257674 0.0384903 -1.81967  -2.0005 -9.42885 
               262.1 -3.41518 -7.26563  40.5843  7.91195  3.31364 -2.21159 0 0 0   -0.011 -0.02329  0.04412 0.0379903  0.876674 -0.190713 -0.00183626  -0.0028578 -0.00529658 -0.394457  0.260404  0.037478 -1.81942 -2.00064 -9.42887 
               262.2 -4.99628 -1.33533  41.3058  7.92728  3.38109 -2.23065 0 0 0   -0.011 -0.02329  0.04412 0.166838 0.880742 -0.21153 -0.00182996 -0.00290822 -0.00529817 -0.392909  0.263216 0.0367845 -1.81918 -2.00082 -9.42888 
               262.3 -5.08095  5.63581  43.3557  7.94719  3.44961 -2.25054 0 0 0   -0.011 -0.02329  0.04412  0.219599  0.885698 -0.176156 -0.00190318 -0.00299512 -0.00528639 -0.390903  0.265514 0.0362398 -1.81899 -2.00104 -9.42887 
               262.4 -3.78582  11.7975  46.4772   7.9806  3.51458 -2.26055 0 0 0   -0.011 -0.02329  0.04412   0.291054   0.901392 -0.0674105 -0.00198648 -0.00297516 -0.00526907 -0.389329  0.269174 0.0357224 -1.81867 -2.00123 -9.42889 
               262.5 -1.24453  18.2723  49.3071  8.01333  3.58799 -2.27401 0 0 0   -0.011 -0.02329  0.04412  0.272269  0.912284 -0.132222 -0.00204639  -0.0029803 -0.00527098 -0.387795  0.271668 0.0364357 -1.81843 -2.00139  -9.4289 
               262.6 1.73841 24.0409   50.95  8.03592  3.65849 -2.29411 0 0 0   -0.011 -0.02329  0.04412  0.127737  0.880939 -0.235216 -0.00212356 -0.00295795 -0.00524134 -0.385879  0.273964 0.0367052 -1.81823 -2.00158  -9.4289 
               262.7  2.8878  29.119 52.4376   8.0382  3.72841 -2.31031 0 0 0   -0.011 -0.02329  0.04412 -0.0349779   0.897575  -0.236469 -0.00221267 -0.00295466 -0.00518947 -0.382975  0.275684 0.0358876 -1.81807 -2.00188 -9.42887 
               262.8 3.12375 33.8602 54.5961  8.02489  3.79845 -2.33229 0 0 0   -0.011 -0.02329  0.04412  -0.19672  0.867797 -0.282154  -0.0022425 -0.00287892  -0.0051588 -0.38041 0.277229 0.035855 -1.81792 -2.00214 -9.42884 
               262.9 4.32028 38.6072 58.9489  8.00339  3.86551 -2.35667 0 0 0   -0.011 -0.02329  0.04412 -0.305176  0.836825 -0.360281 -0.00227377 -0.00290935 -0.00514972 -0.377948  0.279337 0.0354115 -1.81768 -2.00238 -9.42884 
                 263 7.88908 43.4231   66.21  7.96728  3.92878 -2.39379 0 0 0   -0.011 -0.02329  0.04412 -0.428169  0.816916 -0.386837 -0.00228916 -0.00289431 -0.00516479 -0.375605  0.281166 0.0360463 -1.81749 -2.00263 -9.42882 
               263.1 12.0284 48.0193 73.5436 7.92512 3.99111 -2.4281 0 0 0   -0.011 -0.02329  0.04412 -0.476921  0.794379 -0.322468 -0.00234956 -0.00292815 -0.00518615  -0.37357  0.283325 0.0367046 -1.81726 -2.00284 -9.42882 
               263.2 15.5653 50.8089 79.5547  7.87508  4.05118 -2.45371 0 0 0   -0.011 -0.02329  0.04412  -0.46559   0.77763 -0.206513 -0.00243004 -0.00295102 -0.00514337  -0.37125  0.284544 0.0379405 -1.81713 -2.00312 -9.42879 
               263.3 17.6503 51.7445 83.4685  7.83882  4.10781 -2.46132 0 0 0   -0.011 -0.02329  0.04412 -0.390516  0.714389 -0.205558 -0.00244093 -0.00291123 -0.00509626 -0.368143  0.286539 0.0376614 -1.81681 -2.00339 -9.42879 
               263.4 18.2551 52.1453 84.6785  7.81016   4.1565 -2.47269 0 0 0   -0.011 -0.02329  0.04412 -0.306912   0.70619  -0.25091 -0.00249361 -0.00285888 -0.00504395 -0.364614  0.288444 0.0378869 -1.81647 -2.00372 -9.42879 
               263.5  17.974 53.2535 84.7435  7.78822  4.20016 -2.48235 0 0 0   -0.011 -0.02329  0.04412 -0.222243  0.684259 -0.244996 -0.00250667 -0.00284179 -0.00498506 -0.360145  0.289932 0.0385343 -1.81613 -2.00417 -9.42876 
               263.6 18.1185 53.5515 84.4015  7.77281  4.25303 -2.50061 0 0 0   -0.011 -0.02329  0.04412 -0.160313  0.703001 -0.319639 -0.00251368 -0.00287815 -0.00496651 -0.357211  0.290908 0.0391005 -1.81589 -2.00447 -9.42874 
               263.7 17.9458 53.6344 83.5755  7.76839  4.30855 -2.52426 0 0 0   -0.011 -0.02329  0.04412 -0.0781134    0.73749  -0.376389 -0.00252844 -0.00285219 -0.00497032 -0.354088  0.292313 0.0392885 -1.81557 -2.00473 -9.42874 
               263.8  18.134 52.8869 82.4715    7.775  4.36747 -2.54771 0 0 0   -0.011 -0.02329  0.04412 0.0173255  0.807683 -0.361173 -0.00253755 -0.00282363 -0.00494836  -0.35062  0.293909 0.0394593 -1.81521 -2.00502 -9.42875 
               263.9 17.2539 52.7308 79.8685  7.78616  4.43964 -2.57071 0 0 0   -0.011 -0.02329  0.04412 0.0732856  0.901842   -0.2893 -0.00254583 -0.00279681 -0.00498064 -0.347744  0.295042 0.0395661 -1.81493 -2.00526 -9.42876 
                 264 16.4924 51.9864 76.7267  7.80136  4.50883 -2.57847 0 0 0   -0.011 -0.02329  0.04412 0.0899505  0.886507 -0.133552 -0.00255982 -0.00277541  -0.0049577 -0.344063  0.296331  0.040175 -1.81461 -2.00561 -9.42874 
               264.1 15.2965 50.5439 73.5288 7.81021 4.57001 -2.5829 0 0 0   -0.011 -0.02329  0.04412 0.0244661  0.746007    -0.136 -0.00253743 -0.00273683 -0.00494972 -0.340984   0.29758 0.0416144 -1.81437 -2.00597 -9.42871 
               264.2 14.1389 48.7574 69.5601  7.81512   4.6192 -2.58769 0 0 0   -0.011 -0.02329  0.04412 -0.0156903   0.644536  -0.161537 -0.00251483 -0.00269984 -0.00498196 -0.337665  0.298751 0.0423838 -1.81412 -2.00631 -9.42869 
               264.3  13.146 46.9695 65.9554  7.81409  4.65901 -2.58976 0 0 0   -0.011 -0.02329  0.04412   -0.0996  0.588124 -0.125583 -0.00252017 -0.00265394 -0.00497905 -0.333975  0.300089 0.0430742 -1.81384 -2.00667 -9.42867 
               264.4 11.7717 44.5755  63.565  7.80282  4.69846 -2.59143 0 0 0   -0.011 -0.02329  0.04412 -0.195594  0.562771 -0.140004 -0.00252271 -0.00266496 -0.00500206 -0.330749  0.301298 0.0434266  -1.8136 -2.00698 -9.42865 
               264.5 10.6452 40.6527 62.1062  7.7833 4.74033 -2.6019 0 0 0   -0.011 -0.02329  0.04412 -0.287255  0.520788 -0.175927 -0.00243358 -0.00256253 -0.00503681 -0.328885  0.302612   0.04369  -1.8134 -2.00715 -9.42865 
               264.6 10.4286  34.322 61.0905 7.75926 4.77864 -2.6106 0 0 0   -0.011 -0.02329  0.04412 -0.359077  0.487324 -0.173919 -0.00238725 -0.00250973 -0.00507041 -0.326859  0.304311 0.0431746 -1.81314  -2.0073 -9.42867 
               264.7 10.4577 27.6348  59.145  7.72627  4.81388 -2.61869 0 0 0   -0.011 -0.02329  0.04412 -0.412697  0.551764 -0.151828 -0.00236009 -0.00244756 -0.00513698 -0.324314  0.306021 0.0429945 -1.81289 -2.00752 -9.42867 
               264.8  9.8289 21.3916 55.8683  7.68602  4.85715 -2.61939 0 0 0   -0.011 -0.02329  0.04412  -0.444909   0.624171 -0.0448341 -0.00233968 -0.00245345  -0.0051359  -0.32165  0.307146 0.0426419  -1.8127 -2.00776 -9.42865 
               264.9 7.95181 15.2557 52.5157   7.642 4.90802  -2.609 0 0 0   -0.011 -0.02329  0.04412   -0.49711   0.663703 -0.0156921 -0.00225293 -0.00242929 -0.00516756 -0.318906  0.308277  0.041802 -1.81251 -2.00801 -9.42864 
                 265 4.59647 9.55502 49.4062  7.59239  4.95772 -2.61142 0 0 0   -0.011 -0.02329  0.04412  -0.486625   0.643981 -0.0968734 -0.00216792 -0.00238543 -0.00518596 -0.316806  0.309457 0.0418825 -1.81236 -2.00823 -9.42862 
               265.1 0.753281  4.75001  47.4603 7.55188 5.00101 -2.6246 0 0 0   -0.011 -0.02329  0.04412 -0.381192  0.640784 -0.144236 -0.00206765 -0.00238554 -0.00523176 -0.314738  0.311792 0.0424295 -1.81213 -2.00844 -9.42862 
               265.2 -1.4513 1.80666 46.8561  7.52079   5.0428 -2.63926 0 0 0   -0.011 -0.02329  0.04412 -0.239848   0.56696 -0.183882 -0.00200685 -0.00241625 -0.00524334 -0.312463  0.313426 0.0424222 -1.81196 -2.00867  -9.4286 
               265.3 -0.622913 -0.283391   46.9905  7.51531  5.08044 -2.65036 0 0 0   -0.011 -0.02329  0.04412 -0.0943911   0.527378  -0.197121 -0.00198953 -0.00246982 -0.00530002 -0.311037  0.316199 0.0411994 -1.81168 -2.00883 -9.42862 
               265.4  1.22988 -2.59477  47.2735 7.51035 5.11814  -2.668 0 0 0   -0.011 -0.02329  0.04412 -0.0343648   0.524531  -0.238299 -0.00204805 -0.00249044 -0.00531286 -0.309418  0.317663 0.0405469 -1.81155   -2.009 -9.42861 
               265.5  2.66799 -5.44953  47.5644 7.51341 5.15573 -2.6929 0 0 0   -0.011 -0.02329  0.04412 0.0178711  0.565605 -0.247613 -0.00203779 -0.00246035 -0.00534054  -0.30809  0.319677 0.0405168 -1.81137 -2.00913 -9.42862 
             265.599  4.37775 -8.48447  47.3877  7.51647  5.19648 -2.71599 0 0 0   -0.011 -0.02329  0.04412 0.0145422  0.601998 -0.161436 -0.00199082 -0.00241655 -0.00533936 -0.306199  0.321522 0.0406356 -1.81121 -2.00931 -9.42861 
               265.7  5.36978 -11.4202   47.585  7.51671  5.23946 -2.72755 0 0 0   -0.011 -0.02329  0.04412 -0.00948804     0.68721  -0.0966134 -0.00197886 -0.00241805  -0.0053417 -0.304049  0.323442 0.0402284 -1.81104 -2.00953 -9.42859 
               265.8  4.90615 -12.3658   47.945  7.52258  5.28955 -2.73081 0 0 0   -0.011 -0.02329  0.04412 -0.0319236   0.696145  -0.105538  -0.0018879 -0.00241747 -0.00538379 -0.302638  0.326066  0.039089 -1.81082 -2.00971  -9.4286 
               265.9  4.13547 -12.7824  48.2168  7.51941  5.34003 -2.73641 0 0 0   -0.011 -0.02329  0.04412 -0.087955  0.671001 -0.102027 -0.00181788 -0.00249843 -0.00538191 -0.301125  0.327847  0.037837 -1.81067  -2.0099 -9.42859 
                 266  3.15829 -12.7892  49.1304  7.51225  5.39797 -2.73981 0 0 0   -0.011 -0.02329  0.04412   -0.12498   0.698368 -0.0649468 -0.00181085 -0.00248613 -0.00534898 -0.300416  0.329075 0.0369134 -1.81057 -2.01001 -9.42858 
               266.1  2.74787 -12.5572  49.4189  7.49751  5.44207 -2.75271 0 0 0   -0.011 -0.02329  0.04412 -0.200902  0.664145 -0.125319 -0.00180207 -0.00252559 -0.00535957 -0.297923  0.331296 0.0367242 -1.81035 -2.01023 -9.42858 
               266.2  2.28651 -12.4996  49.8467 7.47481 5.49005 -2.7677 0 0 0   -0.011 -0.02329  0.04412 -0.279875  0.658709 -0.176494 -0.00182192 -0.00254658 -0.00534247 -0.296189  0.332972 0.0360886  -1.8102  -2.0104 -9.42857 
               266.3  2.32235 -12.1916  50.0743  7.45625  5.54422 -2.78547 0 0 0   -0.011 -0.02329  0.04412 -0.295486  0.686534 -0.175001  -0.0018215 -0.00251647 -0.00534558 -0.295741  0.335288 0.0358368 -1.80998 -2.01045  -9.4286 
               266.4  3.47166 -11.6071  50.3243 7.42603 5.59571 -2.8073 0 0 0   -0.011 -0.02329  0.04412 -0.356861  0.697565 -0.161568 -0.00184063 -0.00250122 -0.00531728 -0.293931   0.33704 0.0359626  -1.8098  -2.0106 -9.42861 
               266.5  4.75647 -11.7604  50.7849  7.38971  5.64871 -2.82544 0 0 0   -0.011 -0.02329  0.04412 -0.431132  0.711938 -0.131688 -0.00185025 -0.00250192 -0.00532985 -0.292197  0.338878  0.035872 -1.80961 -2.01074 -9.42861 
               266.6  4.58742 -13.1192  51.9049  7.35081  5.69204 -2.83176 0 0 0   -0.011 -0.02329  0.04412  -0.435922   0.688693 -0.0314086 -0.00184827 -0.00249396 -0.00531938 -0.289842  0.341738 0.0348192 -1.80935 -2.01099 -9.42861 
               266.7  3.42276 -13.7322  52.8149  7.31638  5.74116 -2.82965 0 0 0   -0.011 -0.02329  0.04412  -0.352963   0.698058 -0.0331271 -0.00179524 -0.00243865 -0.00534163 -0.288301  0.343949 0.0336129 -1.80914 -2.01118 -9.42861 
               266.8  1.74646 -12.3493  52.3811  7.27969  5.79262 -2.83103 0 0 0   -0.011 -0.02329  0.04412  -0.283594   0.754245 -0.0218414 -0.00178525 -0.00249482 -0.00531492 -0.285795  0.344973 0.0325169 -1.80905 -2.01144 -9.42857 
               266.9  -0.5565 -7.73479  52.2184  7.26563  5.85257 -2.83425 0 0 0   -0.011 -0.02329  0.04412   -0.13658   0.839352 -0.0294453 -0.00175251 -0.00252872 -0.00526171 -0.284273  0.347413 0.0321086  -1.8088 -2.01158 -9.42859 
                 267  -1.4941 0.783599  54.8122  7.26607  5.92266 -2.84461 0 0 0   -0.011 -0.02329  0.04412 -0.01578  0.89667 -0.13581 -0.00177058 -0.00264545 -0.00526606 -0.282988  0.349616 0.0320455 -1.80857 -2.01168 -9.42861 
               267.1 -0.434385   10.0438   58.3409 7.27143  5.9947 -2.8675 0 0 0   -0.011 -0.02329  0.04412  0.028324  0.894454 -0.258064 -0.00187293 -0.00275208 -0.00532028 -0.281306  0.351597 0.0320805 -1.80836 -2.01182 -9.42862 
               267.2 2.08398 16.9365 60.5166  7.28458  6.06443 -2.89144 0 0 0   -0.011 -0.02329  0.04412 0.0734218  0.876833 -0.308785 -0.00197134 -0.00278587 -0.00532799 -0.279872  0.353969 0.0311272 -1.80813 -2.01197 -9.42863 
               267.3 5.00148    21.6 62.4042 7.29959 6.13495  -2.922 0 0 0   -0.011 -0.02329  0.04412 0.0954418  0.939555  -0.34282 -0.00209001 -0.00269398 -0.00526933 -0.277997  0.356281  0.030665  -1.8079 -2.01215 -9.42864 
               267.4 7.47094 25.6906 64.0581  7.30448  6.20956 -2.94723 0 0 0   -0.011 -0.02329  0.04412 0.0446645   1.03498 -0.273116 -0.00217309 -0.00263679  -0.0052328 -0.274746  0.357535 0.0298519 -1.80773 -2.01247  -9.4286 
               267.5 8.76978 30.0541 65.9662  7.31101  6.30008 -2.96415 0 0 0   -0.011 -0.02329  0.04412 -0.0116522    1.11623  -0.174569 -0.00219052 -0.00260111 -0.00521859 -0.272365  0.359422  0.029487  -1.8075 -2.01268  -9.4286 
               267.6 8.88583 35.8057 68.4658   7.2995  6.39015 -2.98738 0 0 0   -0.011 -0.02329  0.04412 -0.112148  0.997531 -0.243377 -0.00226045 -0.00260607 -0.00522468 -0.269945  0.359871 0.0303536 -1.80742 -2.01293 -9.42856 
               267.7 9.47691 39.8719 70.7695  7.28737  6.46148 -3.01103 0 0 0   -0.011 -0.02329  0.04412 -0.168115  0.876094 -0.256847 -0.00223767 -0.00262984 -0.00517898 -0.267143  0.361504 0.0308931  -1.8072  -2.0132 -9.42855 
               267.8 10.7739 42.9857 72.9577  7.27128  6.53207 -3.03217 0 0 0   -0.011 -0.02329  0.04412 -0.213964  0.826975 -0.275438  -0.0023364 -0.00261961 -0.00518069 -0.265053   0.36259 0.0308843 -1.80703 -2.01339 -9.42854 
               267.9 11.7618 45.2671 74.5896  7.24527  6.59543 -3.05128 0 0 0   -0.011 -0.02329  0.04412 -0.310828  0.787896 -0.311133 -0.00238501 -0.00262417 -0.00515654  -0.26199  0.363282 0.0307636 -1.80686 -2.01368 -9.42851 
                 268 11.2933 47.2329 74.7403  7.21364  6.66338 -3.08193 0 0 0   -0.011 -0.02329  0.04412 -0.378908  0.815748 -0.389816 -0.00243437  -0.0025881 -0.00512628 -0.260284  0.364235 0.0309312 -1.80671 -2.01383 -9.42851 
               268.1 10.5861 49.3865 74.2586 7.17775 6.72752 -3.1153 0 0 0   -0.011 -0.02329  0.04412  -0.41662  0.803504 -0.358625 -0.00242781 -0.00255675 -0.00509089 -0.257951  0.365542 0.0314836  -1.8065 -2.01405  -9.4285 
               268.2 11.0059 49.9552 73.7069  7.13931  6.78975 -3.13655 0 0 0   -0.011 -0.02329  0.04412 -0.402754    0.7983 -0.206834 -0.00247164 -0.00256641 -0.00508083  -0.25534  0.366596 0.0320171 -1.80631  -2.0143 -9.42849 
               268.3 11.1582   49.74 73.1943  7.10505  6.85596 -3.14167 0 0 0   -0.011 -0.02329  0.04412  -0.386309   0.803868 -0.0969919 -0.00250186 -0.00251427 -0.00508675 -0.252855  0.367791 0.0321676 -1.80609  -2.0145 -9.42848 
               268.4 10.6416  48.782 73.1041  7.07607  6.91287 -3.14238 0 0 0   -0.011 -0.02329  0.04412 -0.292983  0.703138 -0.128503  -0.0025045 -0.00248379 -0.00509128  -0.25006  0.369235 0.0325909 -1.80584 -2.01474 -9.42848 
               268.5 9.93519 48.3073 71.9596  7.05558   6.9733 -3.14718 0 0 0   -0.011 -0.02329  0.04412 -0.196557   0.74673 -0.162271 -0.00242344 -0.00244489 -0.00510229 -0.247851  0.370057 0.0325252 -1.80567 -2.01491 -9.42848 
               268.6 8.71837 48.9496 69.7794 7.04001 7.02808 -3.1621 0 0 0   -0.011 -0.02329  0.04412 -0.114684  0.705586 -0.214375 -0.00247355 -0.00244226 -0.00506742 -0.245696  0.371005 0.0337935 -1.80554 -2.01516 -9.42845 
               268.7 10.3136  48.744 69.4063  7.03459  7.08159 -3.18174 0 0 0   -0.011 -0.02329  0.04412 -0.0538532     0.6699  -0.281494 -0.00245065 -0.00245167 -0.00506747 -0.243796  0.371961 0.0345511 -1.80539 -2.01536 -9.42843 
               268.8 12.3838 47.9944 69.9524  7.03464  7.13431 -3.20147 0 0 0   -0.011 -0.02329  0.04412 -0.0338249   0.676133   -0.32871 -0.00250388 -0.00242341 -0.00507599 -0.241217  0.373033 0.0345433 -1.80519 -2.01556 -9.42843 
               268.9 14.1125 46.7465 71.5229  7.03422  7.18556 -3.22887 0 0 0   -0.011 -0.02329  0.04412 0.0101576  0.713394 -0.294449  -0.0025012 -0.00239297 -0.00509503 -0.239005  0.374094 0.0354844 -1.80505 -2.01579 -9.42841 
                 269 14.6829 44.7988 72.4792  7.04058  7.25008 -3.24222 0 0 0   -0.011 -0.02329  0.04412 0.0701178  0.816571 -0.148634 -0.00247884 -0.00238788 -0.00511129 -0.236794   0.37497 0.0355131 -1.80489 -2.01597  -9.4284 
               269.1 15.0802 44.1743 72.1637  7.05122  7.31847 -3.24416 0 0 0   -0.011 -0.02329  0.04412  0.0542057   0.770042 -0.0769283 -0.00245583 -0.00237037 -0.00510402 -0.234578  0.375732 0.0355715 -1.80474 -2.01616 -9.42839 
               269.2  16.015 42.5521  72.921  7.05411  7.37504 -3.24492 0 0 0   -0.011 -0.02329  0.04412 -0.0468898   0.679928 -0.0972417  -0.0024495 -0.00239038 -0.00508774 -0.232308   0.37677 0.0358949 -1.80458 -2.01636 -9.42838 
               269.3 16.9645 40.7753 74.1894   7.0502  7.42736 -3.24902 0 0 0   -0.011 -0.02329  0.04412 -0.123819  0.652254 -0.127615 -0.00243555 -0.00235881 -0.00511366  -0.23013  0.377991 0.0360423 -1.80439 -2.01654 -9.42837 
               269.4 16.3197 39.5084   74.12   7.0389  7.47426 -3.25735 0 0 0   -0.011 -0.02329  0.04412 -0.175909  0.588244 -0.169417 -0.00239627 -0.00236772 -0.00511979 -0.227905   0.37924 0.0363283  -1.8042 -2.01674 -9.42837 
               269.5  15.161 38.4364 71.9979 7.02166 7.51743 -3.2683 0 0 0   -0.011 -0.02329  0.04412  -0.21596  0.557725 -0.210125  -0.0023813 -0.00238114 -0.00510115 -0.225508  0.380009  0.036361 -1.80404 -2.01695 -9.42835 
               269.6 14.2443 37.1541 68.6433  6.99795  7.55724 -3.27721 0 0 0   -0.011 -0.02329  0.04412 -0.296631  0.514836 -0.174053 -0.00240316 -0.00239626 -0.00506579  -0.22277  0.380521 0.0361131 -1.80388 -2.01719 -9.42833 
               269.7 12.7502 33.4239 63.0658   6.9623  7.59376 -3.28902 0 0 0   -0.011 -0.02329  0.04412 -0.433588  0.483066 -0.142541 -0.00243175 -0.00235434 -0.00504063 -0.220938  0.381144 0.0365087 -1.80377 -2.01737 -9.42832 
               269.8 10.2486 27.5775 55.6458  6.91617   7.6311 -3.29549 0 0 0   -0.011 -0.02329  0.04412  -0.532266    0.50311 -0.0809871 -0.00244223 -0.00221464 -0.00502355 -0.219177  0.381902 0.0365469 -1.80363 -2.01752 -9.42831 
               269.9 7.34209 19.4055 47.9365  6.86173  7.66552 -3.29601 0 0 0   -0.011 -0.02329  0.04412  -0.609837   0.540222 -0.0214784 -0.00237719 -0.00213561 -0.00501994 -0.217101  0.383228 0.0367372 -1.80346 -2.01771  -9.4283 
                 270 4.22761 11.8725 41.7536  6.80375  7.71062 -3.29403 0 0 0   -0.011 -0.02329  0.04412  -0.582765    0.56728 -0.0691316 -0.00229644 -0.00203842 -0.00507063 -0.215393  0.384193 0.0365188 -1.80333 -2.01786 -9.42829 
               270.1 1.80702 4.81348 39.6103  6.75403  7.74979 -3.29708 0 0 0   -0.011 -0.02329  0.04412 -0.497651  0.511833 -0.120218 -0.00218244 -0.00200646  -0.0051198 -0.213575  0.385779 0.0358806 -1.80316 -2.01801 -9.42829 
               270.2  0.161223 -0.393893   39.8194  6.71389  7.78744 -3.30723 0 0 0   -0.011 -0.02329  0.04412 -0.366466  0.491136 -0.124746 -0.00211962 -0.00199848 -0.00518166 -0.212444  0.387251 0.0356918 -1.80304 -2.01813 -9.42829 
               270.3 0.183844 -3.42718  40.5314  6.69075  7.82579 -3.31685 0 0 0   -0.011 -0.02329  0.04412 -0.236611  0.461894 -0.161365 -0.00206273 -0.00201705 -0.00523702 -0.212007  0.388771 0.0350129 -1.80292 -2.01819  -9.4283 
               270.4    1.243 -5.56038  41.0136  6.67318  7.86281 -3.32778 0 0 0   -0.011 -0.02329  0.04412 -0.163232  0.489262 -0.196292 -0.00206202 -0.00206766 -0.00523887 -0.211137  0.389978 0.0339754 -1.80286 -2.01829 -9.42829 
               270.5  1.45665 -7.00159  41.6971  6.66233  7.90096 -3.34832 0 0 0   -0.011 -0.02329  0.04412 -0.0844857   0.531617  -0.231617  -0.0020367 -0.00209814 -0.00524954 -0.210202  0.391451 0.0336711 -1.80278  -2.0184 -9.42828 
               270.6  1.46307 -8.04291  42.8361  6.66207   7.9533 -3.37146 0 0 0   -0.011 -0.02329  0.04412 -0.0301835   0.607514  -0.214689 -0.00201788 -0.00208643 -0.00527963 -0.210301  0.392332 0.0336787 -1.80272 -2.01841 -9.42829 
               270.7 0.907183 -10.2151  46.1634  6.66048  7.99758 -3.38815 0 0 0   -0.011 -0.02329  0.04412 -0.0253524   0.609831  -0.124032 -0.00201281 -0.00210832 -0.00525644 -0.209002  0.394182 0.0333681 -1.80262 -2.01855 -9.42828 
               270.8  1.17769 -12.2286   48.866  6.66209  8.04892 -3.39144 0 0 0   -0.011 -0.02329  0.04412 -0.0181963   0.647089 -0.0519851 -0.00199007 -0.00207685 -0.00533117 -0.208335  0.395575 0.0325069 -1.80255 -2.01865 -9.42827 
               270.9  1.69522 -13.0113  49.2444   6.6618  8.09658 -3.39526 0 0 0   -0.011 -0.02329  0.04412 -0.0872669   0.623543 -0.0815106 -0.00198271 -0.00211646  -0.0053033 -0.207333  0.397489 0.0318439 -1.80244 -2.01878 -9.42827 
                 271  1.54839 -13.7034  49.5669  6.65664   8.1456 -3.40199 0 0 0   -0.011 -0.02329  0.04412   -0.15705   0.632302 -0.0612706 -0.00195157 -0.00212777 -0.00524251 -0.206715  0.399387 0.0315503 -1.80231 -2.01885 -9.42828 
               271.1 0.471632 -14.1798  50.9238  6.64195  8.19549 -3.40682 0 0 0   -0.011 -0.02329  0.04412  -0.254133   0.621837 -0.0908229 -0.00191677 -0.00212015 -0.00525328 -0.205963  0.401029 0.0310166 -1.80219 -2.01895 -9.42828 
               271.2 -1.20361 -14.6294  52.7608  6.61527  8.23922 -3.42058 0 0 0   -0.011 -0.02329  0.04412 -0.331403  0.615989 -0.157997 -0.00188702 -0.00214392 -0.00524634   -0.2044  0.402796 0.0307332 -1.80206 -2.01908 -9.42828 
               271.3 -2.39081 -15.0108  53.8451  6.58119  8.28746 -3.44298 0 0 0   -0.011 -0.02329  0.04412  -0.36118  0.629168 -0.203156 -0.00187755 -0.00214865 -0.00524397 -0.203025  0.404022  0.030835 -1.80195 -2.01918 -9.42828 
               271.4 -2.16156 -14.4907  55.1186  6.5502 8.33719 -3.4666 0 0 0   -0.011 -0.02329  0.04412 -0.361325  0.673364 -0.189803 -0.00187622  -0.0021519 -0.00523255 -0.201762  0.405755 0.0309818 -1.80179 -2.01927 -9.42829 
               271.5 -1.38165 -13.2778  56.8851  6.51495  8.39773 -3.48189 0 0 0   -0.011 -0.02329  0.04412 -0.388985  0.733864 -0.134304 -0.00188084 -0.00216106 -0.00522977 -0.200973  0.406781 0.0305991 -1.80171 -2.01935 -9.42829 
               271.6 -0.168949  -12.5381   58.1271  6.48139  8.45523 -3.48977 0 0 0   -0.011 -0.02329  0.04412   -0.362427    0.771392 -0.00796633 -0.00188881 -0.00217933 -0.00523577 -0.199485  0.408557 0.0302121 -1.80155 -2.01948 -9.42829 
               271.7 0.240419   -11.48  57.4655  6.45546  8.51475 -3.48531 0 0 0   -0.011 -0.02329  0.04412   -0.324771    0.763644 -0.00983895 -0.00186385 -0.00215768 -0.00523674 -0.198231  0.410824 0.0294186 -1.80137 -2.01961 -9.42829 
               271.8 -0.264243  -10.9219   56.1544  6.42524   8.5718 -3.48857 0 0 0   -0.011 -0.02329  0.04412  -0.307826   0.731065 -0.0468132 -0.00184823 -0.00216481 -0.00520646 -0.196506  0.412154 0.0288622 -1.80124 -2.01976 -9.42829 
               271.9 -1.64428 -10.0504  55.9727   6.4037  8.62571 -3.49571 0 0 0   -0.011 -0.02329  0.04412  -0.230387   0.686057 -0.0825694 -0.00181247 -0.00214253 -0.00519887 -0.194961  0.414015 0.0286346 -1.80105 -2.01988  -9.4283 
                 272 -1.57588  -8.8199  56.7207  6.38384    8.677 -3.51084 0 0 0   -0.011 -0.02329  0.04412 -0.167398  0.663446 -0.142961 -0.00182489  -0.0021653 -0.00520605 -0.193155  0.415076 0.0286793 -1.80093 -2.02002 -9.42829 
               272.1 -0.920385  -7.12243    58.709  6.37058  8.72693 -3.52927 0 0 0   -0.011 -0.02329  0.04412 -0.123196  0.690435 -0.195133  -0.0018764  -0.0021815 -0.00522623 -0.191292  0.416402 0.0284191 -1.80079 -2.02017 -9.42828 
               272.2 -0.322997   -5.1517   60.8957  6.36178  8.77986 -3.54812 0 0 0   -0.011 -0.02329  0.04412 -0.0637791   0.737703  -0.217746  -0.0019073 -0.00219189 -0.00524175 -0.189384  0.417748 0.0276294 -1.80066 -2.02035 -9.42827 
               272.3 0.739134 -2.38544  62.8741  6.36482  8.84536 -3.57123 0 0 0   -0.011 -0.02329  0.04412 0.00909877   0.849453  -0.181391 -0.00190827 -0.00218687 -0.00524612 -0.188264  0.419321 0.0276881  -1.8005 -2.02043 -9.42828 
               272.4 2.24183 1.26771 64.5761  6.37097  8.91281 -3.58487 0 0 0   -0.011 -0.02329  0.04412 0.0482351  0.902014 -0.071165 -0.00193374 -0.00222025  -0.0052053 -0.186086  0.421055  0.027344 -1.80032 -2.02061 -9.42828 
               272.5 4.38785 6.14069 66.5677  6.37969  8.98985 -3.58302 0 0 0   -0.011 -0.02329  0.04412  0.0207622   0.918468 -0.0464123 -0.00196344 -0.00224498 -0.00520066 -0.184611  0.422448 0.0262478 -1.80019 -2.02076 -9.42827 
               272.6 6.61595 11.5185 69.0168  6.37724  9.05948 -3.59234 0 0 0   -0.011 -0.02329  0.04412 -0.0803393    0.85441  -0.113821 -0.00202371 -0.00227992 -0.00518637 -0.182336  0.423484 0.0260201 -1.80004 -2.02096 -9.42826 
               272.7 7.72203 16.6667 71.8609  6.36929  9.12439 -3.60318 0 0 0   -0.011 -0.02329  0.04412 -0.181366  0.833343 -0.123667 -0.00202965 -0.00227535 -0.00517138 -0.180196  0.425148 0.0256677 -1.79983 -2.02113 -9.42826 
               272.8 8.2744 21.626 75.101  6.34678  9.18404 -3.62493 0 0 0   -0.011 -0.02329  0.04412 -0.275042  0.770027 -0.212772 -0.00207474 -0.00228091 -0.00515146 -0.177659  0.426265 0.0262691 -1.79965 -2.02133 -9.42825 
               272.9 9.24641 25.2317 77.4087   6.3102  9.24252 -3.65124 0 0 0   -0.011 -0.02329  0.04412 -0.377553  0.719707 -0.302018 -0.00214003 -0.00228767 -0.00513929   -0.1754   0.42642 0.0264843 -1.79956 -2.02154 -9.42823 
                 273 10.8745 28.1249  79.179 6.27048 9.30226 -3.6745 0 0 0   -0.011 -0.02329  0.04412 -0.451377  0.725033 -0.298507 -0.00219604  -0.0022819 -0.00509914 -0.173519  0.426902 0.0257567 -1.79943 -2.02171 -9.42821 
               273.1 13.0606 31.3417 81.2269  6.22705  9.36333 -3.69652 0 0 0   -0.011 -0.02329  0.04412 -0.500829  0.772289 -0.249404 -0.00223573 -0.00227152 -0.00508492 -0.171464  0.427789 0.0253559 -1.79925 -2.02188 -9.42821 
               273.2 14.3752 35.1016 83.7436  6.18141  9.42987 -3.70987 0 0 0   -0.011 -0.02329  0.04412 -0.496082  0.844273 -0.135748   -0.002271 -0.00224343 -0.00507863 -0.169296  0.428756 0.0252008 -1.79906 -2.02205 -9.42821 
               273.3 15.1329 39.4119 86.7627  6.14263  9.50044 -3.71824 0 0 0   -0.011 -0.02329  0.04412 -0.421676  0.806331 -0.196091 -0.00226332 -0.00221972  -0.0050539 -0.167228  0.429878  0.024807 -1.79883 -2.02219 -9.42822 
               273.4 15.4347 43.2384 88.9513   6.104 9.56465 -3.7336 0 0 0   -0.011 -0.02329  0.04412 -0.366104  0.801728 -0.255737 -0.00227639 -0.00225914 -0.00503124 -0.164688   0.43021 0.0248313 -1.79867 -2.02243 -9.42821 
               273.5 15.8448 47.5996 90.9286 6.06909 9.62272 -3.7566 0 0 0   -0.011 -0.02329  0.04412 -0.279171  0.738451 -0.265714 -0.00234542 -0.00226896 -0.00501796  -0.16198  0.430284 0.0257175 -1.79853 -2.02272 -9.42817 
               273.6 16.9327 49.5361 92.2511  6.04481  9.67365 -3.77766 0 0 0   -0.011 -0.02329  0.04412 -0.198462  0.665986 -0.247205 -0.00239529 -0.00227834 -0.00497528 -0.159465  0.430492 0.0266797 -1.79838   -2.023 -9.42814 
               273.7 17.3377 49.8484 92.5357  6.02761  9.72337 -3.79609 0 0 0   -0.011 -0.02329  0.04412 -0.143979  0.660781 -0.279246 -0.00245968 -0.00220048 -0.00496783  -0.15696  0.430543 0.0273044 -1.79823 -2.02326 -9.42811 
               273.8 17.5686 49.5114 92.6321  6.01803  9.76789 -3.81753 0 0 0   -0.011 -0.02329  0.04412 -0.0614487   0.666231  -0.287015 -0.00250406 -0.00216653 -0.00495952 -0.154032  0.430793 0.0285113 -1.79805 -2.02358 -9.42808 
               273.9 16.8471 48.4608 90.8276  6.02087  9.82166 -3.83812 0 0 0   -0.011 -0.02329  0.04412 0.0328699    0.7519 -0.226073 -0.00249139 -0.00213942 -0.00495223 -0.151799   0.43147 0.0293963 -1.79786 -2.02379 -9.42807 
                 274 15.2209 47.8654  86.438  6.03065  9.88631 -3.85032 0 0 0   -0.011 -0.02329  0.04412 0.0869272  0.830787  -0.14119 -0.00248098 -0.00211678 -0.00495148 -0.149685  0.431914 0.0301764 -1.79769 -2.02399 -9.42806 
               274.1  12.953 47.6981 81.1326  6.04355  9.95302 -3.85433 0 0 0   -0.011 -0.02329  0.04412 0.0719143  0.769366 -0.116456 -0.00247251 -0.00210382 -0.00492631 -0.147443  0.432457 0.0307934 -1.79751 -2.02419 -9.42805 
               274.2 12.6917 47.0661 78.9246 6.04422 10.0091 -3.8602 0 0 0   -0.011 -0.02329  0.04412 -0.0321982   0.697457  -0.160255   -0.002452 -0.00211426 -0.00495247 -0.145045  0.432252 0.0316803 -1.79741 -2.02446 -9.42801 
               274.3 13.2622 47.3362  79.836  6.03983  10.0617 -3.86965 0 0 0   -0.011 -0.02329  0.04412 -0.110598   0.66877 -0.150013   -0.002449 -0.00205997 -0.00498159 -0.142811  0.432848 0.0324675 -1.79724 -2.02467   -9.428 
               274.4 14.3347 47.0443  82.026  6.02018  10.1076 -3.88238 0 0 0   -0.011 -0.02329  0.04412 -0.192953  0.598816 -0.169157 -0.00244024 -0.00207004 -0.00502337 -0.140885  0.432803  0.033835 -1.79719 -2.02494 -9.42795 
               274.5 14.4997  46.051 82.6591  6.00175  10.1579 -3.89385 0 0 0   -0.011 -0.02329  0.04412 -0.251359  0.624817 -0.231058 -0.00242483 -0.00206736 -0.00501679 -0.138997  0.433399 0.0339057 -1.79705 -2.02507 -9.42795 
               274.6 15.1223 45.9025 84.1129  5.96946   10.207 -3.91555 0 0 0   -0.011 -0.02329  0.04412 -0.33643   0.6403 -0.27135  -0.0024192 -0.00206703 -0.00500758 -0.137193  0.433467 0.0348136 -1.79699 -2.02528 -9.42791 
               274.7 15.4276  46.225 85.0177  5.93063  10.2582 -3.93784 0 0 0   -0.011 -0.02329  0.04412 -0.416246  0.683336 -0.261724 -0.00244473 -0.00208076 -0.00501618 -0.135205  0.433732 0.0356079  -1.7969 -2.02549 -9.42789 
               274.8 15.9287 46.3512 86.0737  5.88939  10.3176 -3.95599 0 0 0   -0.011 -0.02329  0.04412 -0.436945  0.748387 -0.187353 -0.00244672 -0.00210797 -0.00500224 -0.133506  0.434209 0.0360755 -1.79679 -2.02564 -9.42787 
               274.9  17.043  46.336 87.9165   5.8505  10.3829 -3.96265 0 0 0   -0.011 -0.02329  0.04412  -0.412542   0.814477 -0.0930108 -0.00243206 -0.00208099 -0.00500399 -0.131468  0.434925 0.0364764 -1.79663  -2.0258 -9.42787 
                 275 17.3629 46.3184 89.7675  5.81669  10.4485 -3.96582 0 0 0   -0.011 -0.02329  0.04412 -0.361691  0.730625 -0.129353 -0.00241309 -0.00209377 -0.00500879  -0.12957  0.435715 0.0366737 -1.79646 -2.02594 -9.42787 
               275.1 17.1606 45.8075 90.4962 5.78486 10.5048 -3.9707 0 0 0   -0.011 -0.02329  0.04412 -0.295506  0.697051 -0.140093 -0.00241768  -0.0020792 -0.00498716 -0.127155  0.435947 0.0370874 -1.79632 -2.02615 -9.42785 
               275.2 16.7854 44.9809 90.2437  5.75846  10.5548 -3.98037 0 0 0   -0.011 -0.02329  0.04412 -0.232358  0.621464 -0.151238 -0.00241962 -0.00211348 -0.00499949 -0.125083  0.436216  0.038056  -1.7962 -2.02638 -9.42783 
               275.3 16.3454 42.2844 88.6209  5.73994  10.6016 -3.98908 0 0 0   -0.011 -0.02329  0.04412 -0.179272  0.575528 -0.167303 -0.00242761 -0.00208732 -0.00496654 -0.123036  0.436521 0.0384504 -1.79606 -2.02656 -9.42782 
               275.4 15.8377 37.9913 86.4789  5.72622  10.6382 -3.99852 0 0 0   -0.011 -0.02329  0.04412 -0.0980925   0.527423  -0.167264 -0.00239269 -0.00208584 -0.00499054 -0.120412  0.436728 0.0393436 -1.79591 -2.02682 -9.42779 
               275.5 14.6531 32.7669 81.7312  5.72069  10.6726 -4.01166 0 0 0   -0.011 -0.02329  0.04412 0.00584824   0.541701  -0.194371 -0.00238238 -0.00205217 -0.00500934 -0.118061  0.436847 0.0404016 -1.79578 -2.02708 -9.42776 
               275.6 14.3101 28.1611 75.8359  5.72553  10.7172 -4.02504 0 0 0   -0.011 -0.02329  0.04412 0.0546249  0.624085 -0.151738 -0.00236429 -0.00198777 -0.00498243 -0.116156  0.437095 0.0409796 -1.79565 -2.02727 -9.42774 
               275.7 14.9131 23.9792 71.6484  5.73311  10.7688 -4.03039 0 0 0   -0.011 -0.02329  0.04412  0.0116285   0.616951 -0.0613469 -0.00232265 -0.00195866 -0.00500349 -0.114383  0.437623  0.041145 -1.79551 -2.02741 -9.42774 
               275.8 15.2115 19.7487 68.4531  5.72968  10.8112 -4.02956 0 0 0   -0.011 -0.02329  0.04412 -0.0999124   0.514208 -0.0665893 -0.00231174 -0.00192276 -0.00503069  -0.11217  0.437886 0.0412836 -1.79538 -2.02762 -9.42772 
               275.9 15.2481 15.0246 66.0922   5.7123  10.8436 -4.03202 0 0 0   -0.011 -0.02329  0.04412  -0.223778   0.436405 -0.0863695 -0.00224587 -0.00191066 -0.00509379  -0.10998  0.438068 0.0412924 -1.79528 -2.02783 -9.42769 
                 276 14.7611 9.37352 64.9688  5.68439  10.8689 -4.03415 0 0 0   -0.011 -0.02329  0.04412  -0.325986   0.377863 -0.0903427 -0.00218011 -0.00188004 -0.00515371 -0.107722  0.438462 0.0409818 -1.79516 -2.02803 -9.42767 
               276.1 13.6776  4.0745 64.3847  5.65517  10.8927 -4.03198 0 0 0   -0.011 -0.02329  0.04412 -0.379628  0.379938 -0.121456 -0.00209803 -0.00186013 -0.00522223 -0.105482  0.439384 0.0395165 -1.79498 -2.02821 -9.42767 
               276.2  12.7139 0.181417  64.1364  5.6247 10.9243 -4.0449 0 0 0   -0.011 -0.02329  0.04412 -0.404024  0.403382 -0.173394 -0.00200343 -0.00187203 -0.00525602  -0.10479   0.44072 0.0389727 -1.79484 -2.02825 -9.42768 
               276.3  12.5109 -2.77681  64.0061 5.58979   10.96 -4.0574 0 0 0   -0.011 -0.02329  0.04412 -0.434344  0.432099 -0.166798 -0.00196527 -0.00190618 -0.00525843 -0.104161  0.441642 0.0380733 -1.79473  -2.0283 -9.42769 
               276.4  12.9429 -5.63972  64.4468  5.54472  10.9892 -4.07301 0 0 0   -0.011 -0.02329  0.04412  -0.45808  0.446749 -0.132409 -0.00195356 -0.00193559 -0.00527737 -0.102521    0.4424 0.0379353 -1.79464 -2.02844 -9.42768 
               276.5  13.9901 -8.79654  65.4854  5.50062  11.0258 -4.07814 0 0 0   -0.011 -0.02329  0.04412  -0.453285   0.479107 -0.0288382 -0.00194209 -0.00193125 -0.00528493 -0.101516  0.442843 0.0371986 -1.79457 -2.02855 -9.42767 
               276.6 14.1707 -11.518 64.9188  5.46026  11.0607 -4.07961 0 0 0   -0.011 -0.02329  0.04412  -0.447607   0.508991 -0.0427972 -0.00190882 -0.00192162 -0.00529969 -0.100131  0.444063 0.0367431 -1.79444 -2.02866 -9.42767 
               276.7  13.1042 -13.4396  62.9256  5.4152 11.0981 -4.0858 0 0 0   -0.011 -0.02329  0.04412 -0.428095  0.535909 -0.115101 -0.00187608  -0.0019336 -0.00528012 -0.0984838   0.444432  0.0359811 -1.79437 -2.02884 -9.42765 
               276.8  10.7515 -14.2117  61.9141  5.3798  11.128 -4.0932 0 0 0   -0.011 -0.02329  0.04412  -0.328623    0.52449 -0.0929389 -0.00183466 -0.00197446 -0.00527534 -0.0961027   0.445617   0.034662  -1.7942 -2.02908 -9.42763 
               276.9  9.68107 -13.8091  62.2341  5.35293  11.1642 -4.09791 0 0 0   -0.011 -0.02329  0.04412 -0.231286  0.513627 -0.100092 -0.00183732 -0.00199582 -0.00528294 -0.0945467   0.446103  0.0333949 -1.79411 -2.02927  -9.4276 
                 277  9.09042 -12.8796   63.733  5.33616  11.2033 -4.10693 0 0 0   -0.011 -0.02329  0.04412 -0.167431  0.571798 -0.125054 -0.00185252 -0.00203794 -0.00526166 -0.093274  0.446962 0.0324665 -1.79401 -2.02941 -9.42759 
               277.1  7.63138 -10.0327  65.3906  5.33359  11.2592 -4.12027 0 0 0   -0.011 -0.02329  0.04412 -0.0493461   0.741423  -0.164127 -0.00187786 -0.00203631 -0.00530269 -0.0926773   0.448371  0.0319161 -1.79387 -2.02945 -9.42761 
               277.2 6.27376 -4.7202 68.1135  5.34521  11.3222 -4.13691 0 0 0   -0.011 -0.02329  0.04412 0.0810425  0.831324 -0.213647 -0.00186885 -0.00208763 -0.00526334 -0.0915778   0.450165  0.0309735  -1.7937 -2.02955 -9.42762 
               277.3 6.10221 1.60111 71.6491  5.36717  11.3943 -4.15249 0 0 0   -0.011 -0.02329  0.04412   0.18799  0.891852 -0.239959 -0.00191891 -0.00216043 -0.00527468 -0.0905949   0.451566  0.0294254 -1.79357  -2.0297 -9.42762 
               277.4 7.48618 6.78099 76.4804  5.39954  11.4691 -4.16986 0 0 0   -0.011 -0.02329  0.04412  0.260835  0.892767 -0.195092 -0.00195132 -0.00216849 -0.00528317 -0.0895297   0.453143  0.0282042 -1.79341 -2.02981 -9.42762 
               277.5 10.3272  10.475 84.1587  5.42146  11.5336 -4.18535 0 0 0   -0.011 -0.02329  0.04412   0.202976   0.913844 -0.0986221 -0.00203735 -0.00217576  -0.0053105  -0.08664  0.453908 0.0276159 -1.79327 -2.03005  -9.4276 
             277.599 12.8807  15.209 91.7758  5.43737  11.6075 -4.19329 0 0 0   -0.011 -0.02329  0.04412  0.121065  0.866067 -0.146773 -0.00210327 -0.00214273 -0.00538022 -0.084387  0.454369 0.0269531 -1.79315 -2.03025 -9.42758 
               277.7 15.7541 18.0529 97.1309 5.44023 11.6769 -4.2113 0 0 0   -0.011 -0.02329  0.04412 0.00769058   0.771329  -0.194402 -0.00215014 -0.00214825 -0.00534319 -0.082757  0.454155 0.0268575 -1.79309 -2.03041 -9.42755 
               277.8 17.4607 19.8187 100.516  5.43957  11.7314 -4.23349 0 0 0   -0.011 -0.02329  0.04412 -0.068418  0.715649 -0.195606 -0.00218784 -0.00213511 -0.00528558 -0.0802442   0.454766  0.0272557 -1.79289  -2.0306 -9.42755 
               277.9  17.842 21.1928 102.045  5.42923  11.7843 -4.24918 0 0 0   -0.011 -0.02329  0.04412 -0.136877   0.66933 -0.208862 -0.00223065 -0.00208736 -0.00525746 -0.0778832    0.45455  0.0270565 -1.79274 -2.03084 -9.42753 
                 278 17.9727 21.9872 102.822  5.41841  11.8332 -4.26949 0 0 0   -0.011 -0.02329  0.04412  -0.17548  0.644096 -0.242126 -0.00222053 -0.00207176  -0.0052371 -0.075463  0.454833  0.027197 -1.79251 -2.03104 -9.42753 
               278.1 18.5395 22.0055 103.358  5.40358  11.8761 -4.28563 0 0 0   -0.011 -0.02329  0.04412 -0.201919  0.589198 -0.230006 -0.00222589 -0.00205917 -0.00520819 -0.072408  0.454575 0.0269527 -1.79225 -2.03133 -9.42751 
               278.2 19.5246 19.8267  103.34  5.38542  11.9096 -4.29873 0 0 0   -0.011 -0.02329  0.04412 -0.220612  0.525838 -0.182911 -0.00224221 -0.00208598 -0.00520772 -0.0691091   0.454035  0.0269527 -1.79199 -2.03167 -9.42749 
               278.3 20.6231 16.2172 102.632  5.36826  11.9454 -4.31052 0 0 0   -0.011 -0.02329  0.04412 -0.239198  0.566339 -0.145043 -0.00220449 -0.00203956  -0.0052321 -0.0663247   0.454016  0.0271118 -1.79172 -2.03192 -9.42749 
               278.4 21.2553  13.235 101.426  5.34526  11.9871 -4.31341 0 0 0   -0.011 -0.02329  0.04412  -0.274565   0.662405 -0.0758196 -0.00223623 -0.00195602 -0.00520343 -0.0634142   0.453422  0.0270281 -1.79148 -2.03223 -9.42747 
               278.5   20.99 12.4952 100.845 5.31694 12.0405 -4.3163 0 0 0   -0.011 -0.02329  0.04412 -0.297461  0.738178 -0.106159 -0.00217058 -0.00193261 -0.00522984 -0.0609773   0.452808  0.0271248  -1.7913 -2.03251 -9.42744 
               278.6  20.701 12.7891 101.129  5.28906  12.0963 -4.32542 0 0 0   -0.011 -0.02329  0.04412 -0.270933  0.737974 -0.145566 -0.00214675 -0.00195645 -0.00520447 -0.0585584   0.452171  0.0271887 -1.79111 -2.03279 -9.42742 
               278.7 20.2741 13.9268 102.573  5.26603  12.1556 -4.33341 0 0 0   -0.011 -0.02329  0.04412 -0.236361  0.787271 -0.133883 -0.00212502 -0.00201842 -0.00522436 -0.0560766   0.451745  0.0269898  -1.7909 -2.03305  -9.4274 
               278.8  20.642 15.5983 104.283  5.24742  12.2154 -4.34804 0 0 0   -0.011 -0.02329  0.04412 -0.214759  0.785538 -0.224691 -0.00209602 -0.00203923 -0.00524103 -0.053424  0.451557 0.0270204 -1.79066 -2.03331 -9.42739 
               278.9 21.2402 16.6879 105.987  5.22715  12.2773 -4.36712 0 0 0   -0.011 -0.02329  0.04412 -0.221263  0.803719 -0.287264 -0.00216546 -0.00206527 -0.00524839 -0.0509165   0.450911   0.026628 -1.79046 -2.03359 -9.42737 
                 279 21.3947 17.6471 107.535  5.20964  12.3379 -4.39232 0 0 0   -0.011 -0.02329  0.04412 -0.181282  0.824992 -0.315093 -0.00219681 -0.00205594 -0.00521934 -0.047983  0.450395 0.0264858 -1.79021 -2.03389 -9.42735 
               279.1 21.6952 18.7794  109.36  5.19962  12.4034 -4.41964 0 0 0   -0.011 -0.02329  0.04412 -0.123604  0.903599  -0.28892 -0.00217809 -0.00207394  -0.0052032 -0.0450204   0.450223  0.0264921 -1.78993 -2.03417 -9.42734 
               279.2 22.4221 21.4093 111.597  5.19098  12.4761 -4.44038 0 0 0   -0.011 -0.02329  0.04412 -0.152723   1.01062 -0.185477 -0.00217902 -0.00210688 -0.00521405 -0.0418082   0.449805  0.0267475 -1.78964 -2.03449 -9.42733 
               279.3 22.8673 25.8273 114.956  5.17368  12.5583 -4.44844 0 0 0   -0.011 -0.02329  0.04412 -0.224976  0.989574 -0.146804 -0.00221323 -0.00212256 -0.00520857 -0.0389833   0.448924  0.0266627 -1.78941 -2.03481  -9.4273 
               279.4 24.0309 28.3167 119.243  5.15311  12.6332 -4.46143 0 0 0   -0.011 -0.02329  0.04412 -0.236516  0.834143 -0.185939 -0.00225455 -0.00212536 -0.00516888 -0.0366718   0.448378  0.0268663 -1.78921 -2.03506 -9.42729 
               279.5 25.6984 28.8229  123.58  5.12813  12.6931 -4.47711 0 0 0   -0.011 -0.02329  0.04412 -0.280189  0.769551 -0.180427 -0.00229057 -0.00210818 -0.00518329 -0.0341084   0.447515  0.0275097   -1.789 -2.03537 -9.42726 
               279.6 27.2708 29.0085 127.262  5.10521  12.7485 -4.48442 0 0 0   -0.011 -0.02329  0.04412 -0.296363  0.691896 -0.167105 -0.00232669 -0.00212018 -0.00517755 -0.0312218   0.446761  0.0275388 -1.78873 -2.03567 -9.42725 
               279.7 27.5219 27.8206 128.911  5.07841  12.7967 -4.49739 0 0 0   -0.011 -0.02329  0.04412  -0.34048   0.65786 -0.206398 -0.00230446 -0.00211086 -0.00513959 -0.0286124   0.446068  0.0281613 -1.78847 -2.03596 -9.42723 
               279.8 27.8384 26.7609 129.864  5.04572  12.8423 -4.51265 0 0 0   -0.011 -0.02329  0.04412 -0.407897  0.674159 -0.229268 -0.00231262 -0.00202182   -0.005093 -0.0257955   0.444996  0.0288898  -1.7882  -2.0363 -9.42721 
               279.9 28.1771 26.3417 130.335  4.99817  12.8882 -4.53339 0 0 0   -0.011 -0.02329  0.04412  -0.48487  0.704008 -0.216271 -0.00231698 -0.00204213 -0.00509552 -0.0235395    0.44327  0.0302869 -1.78802 -2.03672 -9.42716 
                 280 27.9765 25.7556 128.592  4.95014  12.9393 -4.54625 0 0 0   -0.011 -0.02329  0.04412 -0.507624  0.753992 -0.156558 -0.00230618 -0.00205545 -0.00507755 -0.0210457   0.441675  0.0311791 -1.78778 -2.03711 -9.42712 
               280.1 27.5986 26.4384 125.677  4.90276  12.9952 -4.55032 0 0 0   -0.011 -0.02329  0.04412  -0.528417    0.81629 -0.0916156 -0.00231766 -0.00203341 -0.00502035 -0.0181027   0.440125   0.032118 -1.78748 -2.03752 -9.42708 
               280.2 26.6507 28.2324 122.256  4.86226  13.0533 -4.55317 0 0 0   -0.011 -0.02329  0.04412 -0.390101  0.703067 -0.110942 -0.00232237 -0.00202292 -0.00496792 -0.0151388   0.438959  0.0327573 -1.78715 -2.03786 -9.42707 
               280.3 23.6396 25.3486 112.706  4.83622  13.0919 -4.55497 0 0 0   -0.011 -0.02329  0.04412  -0.277156   0.520363 -0.0435257 -0.00231491 -0.00203933 -0.00495641 -0.0124388   0.437818  0.0336369 -1.78686 -2.03821 -9.42705 
               280.4  18.767 21.3013 99.3859  4.80784  13.1195 -4.55375 0 0 0   -0.011 -0.02329  0.04412  -0.28718  0.506994 -0.100115 -0.00233861 -0.00190446 -0.00493148 -0.00981241    0.436043   0.0344779 -1.78664 -2.03862 -9.42701 
               280.5 15.2872 18.5611 84.7594  4.78548  13.1501 -4.56075 0 0 0   -0.011 -0.02329  0.04412 -0.220121  0.567616 -0.204911 -0.00228349 -0.00184224 -0.00492973 -0.00685018    0.434871   0.0350606 -1.78637 -2.03898 -9.42698 
               280.6  13.739 18.0166 71.3876  4.76784  13.1885 -4.58128 0 0 0   -0.011 -0.02329  0.04412 -0.161117  0.639671 -0.273505 -0.00226277 -0.00183148 -0.00496322 -0.00416322    0.433979   0.0358083 -1.78616 -2.03931 -9.42695 
               280.7 13.2475  16.682 63.2595 4.75892 13.2383 -4.6011 0 0 0   -0.011 -0.02329  0.04412 -0.128615  0.669101 -0.251752 -0.00228123 -0.00178747 -0.00498868 -0.00175017    0.434024   0.0355853 -1.78595 -2.03951 -9.42694 
               280.8 13.3142 14.2754 58.7174  4.75494  13.2977 -4.61169 0 0 0   -0.011 -0.02329  0.04412 -0.0905208   0.765297  -0.141201 -0.00224242 -0.00171496 -0.00512432 0.00028194   0.434609  0.0347797 -1.78578 -2.03965 -9.42695 
               280.9 13.3884 13.0824 56.1833 4.75071 13.3635 -4.6159 0 0 0   -0.011 -0.02329  0.04412  -0.073778   0.759993 -0.0575621 -0.00224922 -0.00170477 -0.00517674 0.00184504   0.435186  0.0343064 -1.78568 -2.03977 -9.42694 
                 281 14.6587 12.1149 57.7479  4.74239  13.4289 -4.62103 0 0 0   -0.011 -0.02329  0.04412  -0.169187   0.713041 -0.0918398 -0.00221788 -0.00171469 -0.00523447 0.00274473   0.435915  0.0340134 -1.78561 -2.03984 -9.42694 
               281.1 15.2488 10.9602   62.41  4.72318   13.491 -4.62583 0 0 0   -0.011 -0.02329  0.04412  -0.275831   0.660077 -0.0940793 -0.00220862 -0.00173392 -0.00532943 0.00359667    0.43655  0.0333973 -1.78556 -2.03991 -9.42693 
               281.2 14.9251 8.51552 67.2192  4.6963 13.5394 -4.6371 0 0 0   -0.011 -0.02329  0.04412 -0.356404  0.498203 -0.152939 -0.00215743 -0.00176932 -0.00538956 0.00444629   0.437702  0.0331063  -1.7855 -2.03999 -9.42693 
               281.3 14.9919 3.59517 70.1073   4.6661   13.576 -4.65525 0 0 0   -0.011 -0.02329  0.04412 -0.378019  0.437537 -0.210499 -0.00211372 -0.00172224 -0.00539881 0.00492351   0.438931  0.0327665 -1.78541 -2.04004 -9.42693 
               281.4 15.6678 1.40836 72.1409  4.62822  13.6114 -4.67602 0 0 0   -0.011 -0.02329  0.04412 -0.41101 0.504814 -0.23042 -0.00213721 -0.00168911 -0.00534552 0.0061238  0.439675 0.0324517 -1.78536 -2.04013 -9.42692 
               281.5 16.6469  2.0158 74.5016 4.58772 13.6586 -4.6965 0 0 0   -0.011 -0.02329  0.04412 -0.466074  0.586006 -0.207708 -0.00210801 -0.00177033 -0.00531964 0.00684546   0.440303  0.0319554  -1.7853  -2.0402 -9.42692 
               281.6 17.3727 3.40123 77.4362  4.54099  13.7146 -4.70463 0 0 0   -0.011 -0.02329  0.04412 -0.507589  0.678351 -0.093418 -0.00212271 -0.00180474 -0.00529985 0.00770207   0.440539  0.0310117 -1.78525  -2.0403  -9.4269 
               281.7 17.3612 5.64951 80.6973  4.49515  13.7733 -4.70485 0 0 0   -0.011 -0.02329  0.04412   -0.49478   0.712019 -0.0494051 -0.00212983 -0.00182352   -0.005307 0.00897855   0.441133  0.0299323 -1.78515 -2.04043  -9.4269 
               281.8 16.9117  6.8233 86.2204 4.45407  13.827 -4.7056 0 0 0   -0.011 -0.02329  0.04412  -0.398526   0.546681 -0.0927466 -0.00213822 -0.00184975 -0.00528762 0.0103585  0.441772 0.0289091 -1.78503 -2.04057 -9.42689 
               281.9  18.1297 0.143293  93.8547  4.42653  13.8576 -4.71196 0 0 0   -0.011 -0.02329  0.04412 -0.233249  0.308082 -0.139672 -0.00216352 -0.00185238 -0.00527874 0.0117136  0.442195 0.0280092 -1.78493 -2.04069 -9.42688 
                 282  19.0425 -8.56379  96.6469   4.4175  13.8722 -4.72066 0 0 0   -0.011 -0.02329  0.04412 -0.144518  0.332711 -0.124373  -0.0021376  -0.0017566 -0.00535866 0.0136081  0.443196 0.0270444 -1.78474 -2.04084 -9.42689 
             282.101  19.0612 -13.3408  95.4415  4.40931   13.894 -4.72932 0 0 0   -0.011 -0.02329  0.04412 -0.136641  0.388933 -0.169035 -0.00206764 -0.00173505 -0.00528498 0.0154454  0.443648 0.0260928 -1.78457 -2.04099 -9.42688 
               282.2 17.7416 -16.887 94.5865  4.40259   13.927 -4.74217 0 0 0   -0.011 -0.02329  0.04412 -0.088942  0.465213 -0.202205 -0.00197747 -0.00174588 -0.00523924 0.0167037  0.443816 0.0251461 -1.78444 -2.04112 -9.42688 
               282.3  16.7935 -18.5588  91.4179  4.40143  13.9629 -4.75954 0 0 0   -0.011 -0.02329  0.04412 -0.0198412   0.596968  -0.197428  -0.0019051 -0.00177391 -0.00525701 0.0186627  0.443737 0.0242587 -1.78426 -2.04132 -9.42687 
               282.4   17.246 -18.4022  83.3662  4.40474  14.0007 -4.77696 0 0 0   -0.011 -0.02329  0.04412 0.0191531  0.557025 -0.212279 -0.00184742  -0.0018178 -0.00520603 0.0210859  0.443335 0.0231988 -1.78405  -2.0416 -9.42685 
               282.5   18.782 -20.1748  73.5914  4.40689  14.0301 -4.78992 0 0 0   -0.011 -0.02329  0.04412 -0.0207628   0.516857  -0.120397 -0.00183442 -0.00184209  -0.0050962 0.0235125  0.442591 0.0217165 -1.78385 -2.04194 -9.42682 
               282.6  19.5974 -21.4156  65.2498  4.40571   14.063 -4.80285 0 0 0   -0.011 -0.02329  0.04412 -0.0796541   0.524909  -0.140356 -0.00185545 -0.00179497 -0.00510091 0.0257439  0.442627  0.020953 -1.78365 -2.04214 -9.42681 
               282.7  19.8254 -21.9699   59.571  4.39621  14.0942 -4.81858 0 0 0   -0.011 -0.02329  0.04412 -0.153317  0.501224 -0.166982  -0.0018123 -0.00180792 -0.00510747 0.0278371  0.442564   0.01984  -1.7835 -2.04237 -9.42679 
               282.8  20.0052 -21.8505  54.6666  4.38086  14.1324 -4.82897 0 0 0   -0.011 -0.02329  0.04412 -0.236093  0.514305 -0.133614 -0.00180248 -0.00183452 -0.00519217  0.028947  0.442784 0.0185846  -1.7834 -2.04254 -9.42677 
               282.9  19.1644 -22.0905  50.9406  4.35466  14.1746 -4.83993 0 0 0   -0.011 -0.02329  0.04412 -0.353289  0.535613  -0.16043 -0.00180544 -0.00185619 -0.00519716 0.0297196  0.443123 0.0175098 -1.78334 -2.04266 -9.42676 
                 283  17.5483 -23.1049  48.6638  4.32424  14.2184 -4.84952 0 0 0   -0.011 -0.02329  0.04412 -0.451844  0.542108  -0.18533 -0.00179251 -0.00185626  -0.0052309 0.0299229  0.444123 0.0158325 -1.78325  -2.0428 -9.42674 
               283.1  15.7411 -24.4716    47.07  4.28269  14.2621 -4.86355 0 0 0   -0.011 -0.02329  0.04412 -0.529471   0.54828 -0.181883 -0.00178588 -0.00186153 -0.00524542 0.0302907  0.445174 0.0145112 -1.78318 -2.04292 -9.42673 
               283.2  14.5644 -25.6783  44.9608  4.23393  14.3055 -4.87747 0 0 0   -0.011 -0.02329  0.04412 -0.580986  0.516894 -0.167383 -0.00175676 -0.00188305 -0.00525169 0.0305509  0.446232 0.0133829 -1.78312 -2.04303 -9.42672 
               283.3  14.1825 -27.3182  42.4852  4.18241  14.3464 -4.88881 0 0 0   -0.011 -0.02329  0.04412 -0.586928  0.539513 -0.087667 -0.00174776 -0.00189696 -0.00524382 0.0308086  0.447552 0.0123901 -1.78306 -2.04314  -9.4267 
               283.4   12.612 -28.4574  40.9658  4.13548  14.3906 -4.89099 0 0 0   -0.011 -0.02329  0.04412  -0.507857   0.518708 -0.0517271 -0.00176014 -0.00190432 -0.00523683 0.0308179  0.448838 0.0114054 -1.78301 -2.04324 -9.42669 
               283.5    10.97 -29.3517  39.7783  4.09674   14.434 -4.89229 0 0 0   -0.011 -0.02329  0.04412  -0.427079   0.447605 -0.0898964 -0.00172232 -0.00191278 -0.00524347 0.0302967  0.449792 0.0104367 -1.78298 -2.04333 -9.42668 
               283.6  9.37713 -30.3646  39.5311  4.07061  14.4635 -4.90092 0 0 0   -0.011 -0.02329  0.04412  -0.340237   0.342902 -0.0948482 -0.00168735 -0.00194413 -0.00520908  0.0300559   0.451562 0.00987612  -1.7829 -2.04342 -9.42667 
               283.7  7.81767 -31.6693  40.8689  4.04726  14.4868 -4.90749 0 0 0   -0.011 -0.02329  0.04412  -0.26517  0.260063 -0.099527 -0.00169759  -0.0019664 -0.00524544  0.0298312   0.452676 0.00924496 -1.78287  -2.0435 -9.42666 
               283.8 7.04365 -33.078  43.298  4.03459  14.4997 -4.91463 0 0 0   -0.011 -0.02329  0.04412  -0.16659  0.174282 -0.109547 -0.00170263 -0.00197354 -0.00526208  0.0294585   0.454021 0.00854263 -1.78284 -2.04359 -9.42665 
               283.9  6.59966 -34.1693  46.5806  4.02562  14.5056 -4.92515 0 0 0   -0.011 -0.02329  0.04412 -0.0879202   0.122269  -0.107014 -0.00174739 -0.00199784 -0.00527947  0.0296337   0.455066 0.00804121 -1.78282 -2.04367 -9.42664 
                 284  6.40389 -34.5773   50.029 4.03345 14.5104 -4.9289 0 0 0   -0.011 -0.02329  0.04412  0.0295454     0.1147 -0.0548734 -0.00174481 -0.00200779 -0.00530892  0.0289783   0.456471 0.00741511 -1.78278 -2.04376 -9.42662 
               284.1  6.84717 -34.4958  53.6297  4.05415  14.5141 -4.92582 0 0 0   -0.011 -0.02329  0.04412   0.146329  0.0579388 -0.0263434 -0.00175998 -0.00198439 -0.00531339  0.0280817   0.457846 0.00669425 -1.78274 -2.04386 -9.42661 
               284.2  9.04868 -34.8575  57.4912  4.08451  14.5088 -4.92855 0 0 0   -0.011 -0.02329  0.04412    0.250319 -0.00250272  -0.0458423 -0.00177513 -0.00198764 -0.00531773  0.0278861   0.459314 0.00641913 -1.78268 -2.04392 -9.42661 
               284.3 12.3161 -35.468 61.8483  4.11892  14.4982 -4.93204 0 0 0   -0.011 -0.02329  0.04412   0.296629 0.00416919 -0.0530414 -0.00179224 -0.00197048 -0.00531979  0.0280366   0.460579 0.00577245 -1.78264 -2.04401  -9.4266 
               284.4  15.3227 -35.7822  65.8754  4.16254  14.4892 -4.93533 0 0 0   -0.011 -0.02329  0.04412   0.350857  0.0284382 -0.0480608 -0.00180115 -0.00193675 -0.00536594   0.028101   0.462328 0.00513147 -1.78256 -2.04409 -9.42659 
               284.5  18.6123 -36.1798   69.893  4.20579  14.4803 -4.94476 0 0 0   -0.011 -0.02329  0.04412   0.41698 0.0174157 -0.111166 -0.00175912 -0.00192468 -0.00536016  0.0288426   0.463414 0.00467416  -1.7825 -2.04416 -9.42659 
               284.6  21.5992 -37.2286  74.5165  4.25714  14.4759 -4.95261 0 0 0   -0.011 -0.02329  0.04412  0.441513 0.0726262 -0.120716 -0.00177966  -0.0018401 -0.00539664  0.0288125   0.464442 0.00371179 -1.78244 -2.04425 -9.42658 
               284.7  23.3973 -37.7918  79.2028  4.30294  14.4721 -4.95952 0 0 0   -0.011 -0.02329  0.04412   0.436574   0.180729 -0.0489802 -0.00176373  -0.0018168 -0.00538526  0.0296907   0.464987 0.00224153 -1.78238 -2.04442 -9.42655 
               284.8  24.4995 -36.6081  86.2407   4.3537  14.4872 -4.95373 0 0 0   -0.011 -0.02329  0.04412    0.47428   0.304582 -0.0107797 -0.00175869 -0.00175592 -0.00541159   0.0298249    0.465301 0.000693076 -1.78234 -2.04458 -9.42653 
               284.9  26.3907 -35.7653  94.7558  4.40259  14.4979 -4.95604 0 0 0   -0.011 -0.02329  0.04412  0.420826  0.290805 -0.081116 -0.00178394 -0.00178286 -0.00542057   0.0310687    0.465518 -0.00112507 -1.78223 -2.04481  -9.4265 
                 285  28.0189 -36.1232   103.58  4.44493  14.5098 -4.96064 0 0 0   -0.011 -0.02329  0.04412   0.309181   0.310009 -0.0842749 -0.00184918 -0.00172471 -0.00544325   0.0321884    0.465642 -0.00293316 -1.78209 -2.04503 -9.42648 
               285.1  28.7509 -36.7093  112.489  4.47776  14.5218 -4.96829 0 0 0   -0.011 -0.02329  0.04412   0.202359   0.329828 -0.0805658 -0.00187723 -0.00168107  -0.0054883   0.0337568    0.465744 -0.00467727  -1.7819 -2.04525 -9.42647 
               285.2  28.4543 -37.5064  121.481  4.49899  14.5337 -4.97163 0 0 0   -0.011 -0.02329  0.04412  0.0867665   0.311637 -0.0619134 -0.00185835 -0.00162462 -0.00546747    0.035245    0.465181 -0.00665519 -1.78168 -2.04554 -9.42644 
               285.3  27.2798 -38.2235  129.012  4.51293  14.5399 -4.97074 0 0 0   -0.011 -0.02329  0.04412 0.00359179   0.284293 -0.0409502 -0.00185649  -0.0015887 -0.00546241   0.0369987    0.464172 -0.00903992 -1.78139  -2.0459 -9.42642 
             285.403  25.2797 -38.9128  134.838  4.51463  14.5441 -4.96817 0 0 0   -0.011 -0.02329  0.04412  -0.0825643    0.246543 -0.00214426 -0.00181794  -0.0015246 -0.00542648  0.0386135    0.46253 -0.0108865 -1.78111 -2.04629 -9.42639 
               285.5  22.1497 -38.8722  139.364  4.50751  14.5413 -4.96407 0 0 0   -0.011 -0.02329  0.04412 -0.103905  0.265656 0.0165041 -0.00178497  -0.0014996 -0.00540218  0.0405558   0.460079 -0.0124518 -1.78079 -2.04677 -9.42635 
               285.6  20.2065 -38.7252  144.748  4.51368  14.5495 -4.96633 0 0 0   -0.011 -0.02329  0.04412 -0.0662093   0.315558  -0.035129 -0.00175178 -0.00152166 -0.00536626    0.04306   0.458788 -0.0139732 -1.78034 -2.04705 -9.42637 
               285.7  19.5637 -38.9367  149.273  4.52413   14.559 -4.96367 0 0 0   -0.011 -0.02329  0.04412 -0.0774925   0.313497 -0.0233622 -0.00177248 -0.00152421 -0.00535079  0.0451296   0.456806 -0.0161913 -1.77985 -2.04745 -9.42638 
               285.8  20.0959 -38.9346  151.017  4.52425  14.5616 -4.95861 0 0 0   -0.011 -0.02329  0.04412   -0.113809    0.284155 -0.00872821 -0.00180521 -0.00149623 -0.00532721 0.0468124  0.453635 -0.017979 -1.77942 -2.04801 -9.42634 
               285.9  20.8579 -38.5444  150.852 4.51818 14.5663   -4.96 0 0 0   -0.011 -0.02329  0.04412  -0.182217   0.277538 0.00658567 -0.00177278 -0.00149963 -0.00531801  0.0487004    0.45118 -0.0189028 -1.77902 -2.04842 -9.42632 
                 286 20.6108 -36.894 150.447   4.5108   14.569 -4.95432 0 0 0   -0.011 -0.02329  0.04412  -0.28294  0.257563 0.0713439 -0.00174726 -0.00146137 -0.00527244  0.0507867   0.448403 -0.0203838 -1.77851 -2.04888 -9.42632 
               286.1  16.2459 -31.9246  151.626  4.48603  14.5708 -4.93702 0 0 0   -0.011 -0.02329  0.04412 -0.458754  0.301042  0.171159 -0.00174105 -0.00146921 -0.00527787  0.0524563   0.445466 -0.0218459 -1.77805 -2.04936  -9.4263 
               286.2  11.4524 -23.5528   156.84  4.45209  14.5736 -4.91749 0 0 0   -0.011 -0.02329  0.04412 -0.417394  0.366406   0.14351 -0.00170518  -0.0015677 -0.00524027  0.0543897   0.441687 -0.0230916 -1.77753 -2.04998 -9.42626 
               286.3  9.87591 -15.9796  164.865  4.42794  14.5903 -4.90136 0 0 0   -0.011 -0.02329  0.04412 -0.353071  0.392506 0.0895684 -0.00181663 -0.00166369 -0.00532128 0.0561462  0.439101 -0.024503 -1.77708  -2.0504 -9.42626 
               286.4  10.9016 -10.0306  170.367  4.40652  14.5999 -4.89193 0 0 0   -0.011 -0.02329  0.04412 -0.346819  0.380078 0.0561037 -0.00195599 -0.00165381 -0.00539938 0.0583484  0.435733 -0.025691 -1.77655 -2.05094 -9.42624 
               286.5  12.8674 -4.28676  172.975  4.38539  14.6126 -4.88794 0 0 0   -0.011 -0.02329  0.04412 -0.358529  0.372048 0.0213526 -0.00201775 -0.00159725 -0.00531871  0.0606966   0.432871 -0.0265101 -1.77604 -2.05139 -9.42624 
               286.6 14.5232 1.54708 173.932  4.36306    14.62 -4.89264 0 0 0   -0.011 -0.02329  0.04412  -0.348557    0.36044 -0.0222452 -0.00209245 -0.00160015 -0.00525154  0.0633343    0.42958 -0.0265461 -1.77547 -2.05188 -9.42624 
               286.7 16.0955 5.68425 173.752   4.3428  14.6259 -4.90038 0 0 0   -0.011 -0.02329  0.04412  -0.282129   0.344885 -0.0577314 -0.00212332 -0.00154217 -0.00517713  0.0655103   0.425999 -0.0263192 -1.77494 -2.05243 -9.42622 
               286.8 17.1808 8.25722 173.321  4.32637  14.6285 -4.90574 0 0 0   -0.011 -0.02329  0.04412  -0.274134   0.338684 -0.0599136 -0.00217341  -0.0014892  -0.0051532  0.0673833   0.421942 -0.0261333 -1.77442 -2.05306 -9.42618 
               286.9 18.5325 10.9948 172.388  4.31229  14.6288 -4.91246 0 0 0   -0.011 -0.02329  0.04412  -0.248579   0.352336 -0.0718053 -0.00223502 -0.00145038 -0.00514442 0.0694545  0.417459 -0.025495 -1.77384 -2.05375 -9.42614 
                 287 20.1939 13.9783  168.37  4.30542  14.6382 -4.91612 0 0 0   -0.011 -0.02329  0.04412  -0.223362   0.413822 -0.0849921 -0.00223647 -0.00143141 -0.00515119  0.0717585   0.413613 -0.0250533 -1.77325 -2.05432 -9.42612 
               287.1 22.1516 19.5668 160.772 4.29768 14.6602 -4.9247 0 0 0   -0.011 -0.02329  0.04412 -0.261446  0.533062 -0.148668  -0.0022421 -0.00136962 -0.00508373  0.0740213   0.410384 -0.0243349  -1.7727  -2.0548 -9.42612 
               287.2 25.1279  27.541 154.325 4.28772 14.6899 -4.9348 0 0 0   -0.011 -0.02329  0.04412 -0.208874  0.576532 -0.195334 -0.00230064  -0.0013747 -0.00504982  0.0762434   0.406761 -0.0239153 -1.77218 -2.05535  -9.4261 
               287.3 28.1856  33.065 151.451 4.28542 14.7201 -4.9475 0 0 0   -0.011 -0.02329  0.04412 -0.162258   0.49638  -0.16853 -0.00237489  -0.0013567 -0.00506017  0.0786961   0.403824 -0.0232171 -1.77167  -2.0558  -9.4261 
               287.4 29.5725 37.0777 149.804  4.28363  14.7389 -4.96169 0 0 0   -0.011 -0.02329  0.04412 -0.104363  0.480766  -0.16523 -0.00240297 -0.00129111 -0.00514711  0.0811342   0.400725 -0.0217433 -1.77118 -2.05633 -9.42608 
               287.5 30.4083 41.3206 146.011   4.2837  14.7613 -4.97028 0 0 0   -0.011 -0.02329  0.04412 0.00473459   0.498027  -0.148654 -0.00240212 -0.00123412 -0.00517448  0.0831924   0.397827 -0.0206966 -1.77084 -2.05683 -9.42603 
               287.6  30.242 45.6444 137.864 4.30202  14.787 -4.9815 0 0 0   -0.011 -0.02329  0.04412   0.15869  0.496306 -0.139731 -0.00243515 -0.00121227 -0.00513849 0.0855347  0.395944 -0.019094 -1.77047 -2.05723 -9.42601 
               287.7 28.5586 49.6781 126.216  4.32052  14.8086 -5.00315 0 0 0   -0.011 -0.02329  0.04412  0.213681  0.440301 -0.143758 -0.00258565 -0.00109516 -0.00509017  0.0864278   0.394101 -0.0167627  -1.7703 -2.05766 -9.42595 
               287.8 24.7295  53.005 113.645  4.34487  14.8246 -5.01607 0 0 0   -0.011 -0.02329  0.04412  0.231905  0.365359 -0.120133 -0.00262067 -0.00102417 -0.00507901  0.0880354   0.392503 -0.0148128 -1.77009 -2.05805 -9.42591 
               287.9 18.9024 55.2321 99.4989  4.37031  14.8358 -5.02782 0 0 0   -0.011 -0.02329  0.04412   0.240003   0.288238 -0.0879794  -0.00262104 -0.000910936  -0.00512624  0.0893581   0.391466 -0.0129308 -1.76993 -2.05837 -9.42586 
                 288  12.142 55.9313 85.6642  4.39306  14.8401 -5.03167 0 0 0   -0.011 -0.02329  0.04412   0.204412   0.219208 -0.0390962 -0.00267794 -0.00083404 -0.00513584  0.0908946   0.390561 -0.0113007 -1.76981 -2.05867 -9.42582 
               288.1 6.79344 55.4687 75.4541  4.41045  14.8374 -5.02972 0 0 0   -0.011 -0.02329  0.04412     0.154878     0.163103 -6.11377e-05  -0.00265427 -0.000783248  -0.00518168   0.0926239    0.389901 -0.00967785 -1.76972 -2.05897 -9.42578 
               288.2 3.80348  54.685 69.3069  4.42499  14.8376 -5.02235 0 0 0   -0.011 -0.02329  0.04412 0.118484 0.136723 0.032882  -0.00265516 -0.000719803  -0.00524732   0.0941651    0.389781 -0.00874739 -1.76965 -2.05914 -9.42575 
               288.3 3.38434 54.0155 67.5487  4.43385  14.8357 -5.02074 0 0 0   -0.011 -0.02329  0.04412 0.0583045  0.123813 0.0413499  -0.00259765 -0.000706916  -0.00526937   0.0949371    0.390034 -0.00747296 -1.76963 -2.05931 -9.42572 
               288.4 3.92147 53.1195 68.3729  4.44373  14.8406 -5.01171 0 0 0   -0.011 -0.02329  0.04412 -0.00798585    0.142312    0.046148  -0.00261906 -0.000665852  -0.00527082   0.0958795    0.390924 -0.00720064 -1.76956 -2.05937 -9.42572 
               288.5 4.06271 52.5873  71.177  4.43236  14.8432 -5.00958 0 0 0   -0.011 -0.02329  0.04412 -0.132473  0.161007 0.0345901  -0.00260015 -0.000681967  -0.00532527   0.0966197    0.390965 -0.00608226 -1.76959 -2.05951 -9.42568 
               288.6 5.06444 51.8037 77.4361  4.41732  14.8493 -5.00862 0 0 0   -0.011 -0.02329  0.04412 -0.216909  0.150645 0.0448894 -0.00254918 -0.00065291 -0.00534672  0.0968552   0.391664 -0.0053379 -1.76957 -2.05959 -9.42567 
               288.7 7.17606 50.8751 87.1272  4.38875  14.8507 -5.00892 0 0 0   -0.011 -0.02329  0.04412 -0.342651  0.102763  0.066094  -0.00248854 -0.000717861  -0.00538055   0.0970999    0.392138 -0.00417976 -1.76958 -2.05971 -9.42564 
               288.8 10.8269 48.8679 102.654  4.34775  14.8434 -5.00809 0 0 0   -0.011 -0.02329  0.04412  -0.465521 -0.0147174  0.0978528  -0.00242477 -0.000775356  -0.00543229   0.0972522    0.392691 -0.00291947 -1.76959 -2.05984 -9.42561 
               288.9 15.7785 45.0316 123.397 4.29763 14.8245 -4.9985 0 0 0   -0.011 -0.02329  0.04412 -0.488957 -0.136135  0.139476   -0.0023923 -0.000844042  -0.00551667   0.0978639    0.392954 -0.00194736 -1.76959 -2.05995 -9.42558 
                 289 19.3647 39.6266 143.924   4.2502  14.7907 -4.98818 0 0 0   -0.011 -0.02329  0.04412 -0.427254 -0.190811  0.150764  -0.00234567 -0.000984823  -0.00560366    0.0986882     0.393247 -0.000433983 -1.76956 -2.06013 -9.42555 
               289.1 20.3724 34.0067 159.915  4.21859  14.7592 -4.97994 0 0 0   -0.011 -0.02329  0.04412 -0.320276 -0.130626  0.121551 -0.00235405 -0.00112788 -0.00560675   0.0993273    0.393926 0.000948171 -1.76947 -2.06027 -9.42554 
               289.2 20.0622 28.7813  171.31   4.1925  14.7359 -4.96076 0 0 0   -0.011 -0.02329  0.04412  -0.256289 -0.0130195   0.132712 -0.00239089 -0.00123511  -0.0055109   0.100991   0.393437 0.00173008 -1.76934 -2.06047 -9.42552 
               289.3 19.3217  23.571 179.629  4.17318   14.722 -4.93645 0 0 0   -0.011 -0.02329  0.04412 -0.194199  0.109359  0.140989 -0.00242721 -0.00131903 -0.00540727   0.102967   0.391994 0.00221554 -1.76915 -2.06077 -9.42549 
               289.4  18.6173   18.573 -174.859   4.1594  14.7148 -4.91919 0 0 0   -0.011 -0.02329  0.04412 -0.18785 0.229055 0.120838 -0.00244644 -0.00141363 -0.00536179   0.104621   0.389822 0.00343571 -1.76887 -2.06117 -9.42545 
               289.5  18.3397  13.7013 -170.509  4.14547  14.7149 -4.91244 0 0 0   -0.011 -0.02329  0.04412 -0.184739   0.31296  0.036241  -0.0024022 -0.00143738 -0.00530527   0.105654   0.386971 0.00498679 -1.76856 -2.06167  -9.4254 
               289.6  18.5969  9.06827 -166.296  4.13291    14.72 -4.91103 0 0 0   -0.011 -0.02329  0.04412 -0.239963  0.373026 0.0241542 -0.00236453 -0.00147511  -0.0053175   0.106683   0.383465 0.00644164 -1.76816 -2.06223 -9.42535 
               289.7  18.7934  5.90744 -162.868  4.11787  14.7248 -4.91084 0 0 0   -0.011 -0.02329  0.04412 -0.265833   0.43704 0.0219615 -0.00235398 -0.00149821 -0.00530315   0.107523   0.379062 0.00816504 -1.76766 -2.06292  -9.4253 
               289.8  20.0817  1.83233 -162.017  4.10609  14.7398 -4.90845 0 0 0   -0.011 -0.02329  0.04412  -0.258272   0.496901 -0.0399876 -0.00232503 -0.00152291 -0.00527931   0.108472   0.374496 0.00918319 -1.76711  -2.0636 -9.42525 
               289.9  21.0616  -2.4243 -162.437  4.0972  14.758 -4.9164 0 0 0   -0.011 -0.02329  0.04412  -0.300589   0.509025 -0.0963398 -0.00231645 -0.00148318 -0.00523682  0.109587  0.369956 0.0106093 -1.76649 -2.06425 -9.42522 
                 290  21.0432 -5.63448 -163.103 4.08177 14.7845 -4.9225 0 0 0   -0.011 -0.02329  0.04412 -0.356202  0.553666 -0.115708 -0.00226353 -0.00145877 -0.00523747  0.110561  0.365902 0.0112758 -1.76594 -2.06481  -9.4252 
               290.1  21.2102 -8.52398 -164.045 4.06417 14.8143 -4.9239 0 0 0   -0.011 -0.02329  0.04412  -0.361116   0.594847 -0.0516946 -0.00223776 -0.00146849 -0.00523222   0.11142  0.361457 0.0118174 -1.76536 -2.06543 -9.42518 
               290.2  21.2009 -11.4786 -164.505  4.04272  14.8432 -4.92875 0 0 0   -0.011 -0.02329  0.04412  -0.362333   0.551452 -0.0729654 -0.00219277 -0.00146972 -0.00525636  0.111795  0.357317 0.0128045 -1.76485 -2.06605 -9.42514 
               290.3  20.8713 -13.8288  -163.83  4.02794  14.8711 -4.93208 0 0 0   -0.011 -0.02329  0.04412  -0.337607   0.495253 -0.0885664  -0.0021489 -0.00148663 -0.00527921  0.112925  0.353353 0.0133622 -1.76427 -2.06656 -9.42513 
               290.4  20.0147 -15.4139  -161.58  4.01588  14.8933 -4.93954 0 0 0   -0.011 -0.02329  0.04412 -0.283405  0.457613 -0.113773 -0.00213703 -0.00151431  -0.0052879  0.113986   0.34954 0.0140738 -1.76371 -2.06706 -9.42513 
               290.5  19.4065 -17.8454 -159.502   4.0061  14.9118 -4.94271 0 0 0   -0.011 -0.02329  0.04412 -0.249045  0.430763 -0.104864 -0.00209353  -0.0015468 -0.00533037  0.114512   0.34547 0.0142446 -1.76321 -2.06763  -9.4251 
               290.6  16.6464 -20.7823  -153.01 4.00121 14.9233  -4.948 0 0 0   -0.011 -0.02329  0.04412  -0.240869   0.412954 -0.0999485 -0.00210463 -0.00153777 -0.00532443   0.11518  0.341017 0.0147972 -1.76264 -2.06826 -9.42507 
               290.7   11.936 -23.2372 -139.387  3.99402  14.9405 -4.94784 0 0 0   -0.011 -0.02329  0.04412 -0.294519  0.402483 -0.061866 -0.00206183 -0.00154299  -0.0053723  0.115826  0.337093 0.0147399 -1.76212 -2.06878 -9.42505 
               290.8  8.86093 -22.6472 -127.809  3.98057  14.9531 -4.95205 0 0 0   -0.011 -0.02329  0.04412   -0.34911   0.360887 -0.0488097 -0.00208942 -0.00164964 -0.00547872  0.116546  0.333333 0.0153803 -1.76158 -2.06928 -9.42504 
               290.9  8.18086 -21.3582 -120.941  3.9607 14.9591 -4.9559 0 0 0   -0.011 -0.02329  0.04412  -0.368768    0.31078 -0.0506218 -0.00205319 -0.00168353  -0.0053956  0.116483  0.329501 0.0160888 -1.76111 -2.06985   -9.425 
                 291  7.78758 -20.2466 -115.587   3.9376    14.96 -4.95979 0 0 0   -0.011 -0.02329  0.04412  -0.376358   0.261804 -0.0395128 -0.00208982 -0.00162862 -0.00536205  0.115743  0.325904 0.0168467  -1.7607 -2.07044 -9.42495 
               291.1  6.74603   -18.76 -110.386  3.92371  14.9632 -4.95976 0 0 0   -0.011 -0.02329  0.04412  -0.360331    0.23997 -0.0339117 -0.00205792 -0.00164558 -0.00529623   0.11548  0.322179 0.0171203 -1.76016 -2.07094 -9.42494 
               291.2  5.59517 -17.4584 -105.498  3.91062  14.9628 -4.96172 0 0 0   -0.011 -0.02329  0.04412 -0.358906  0.226276 -0.042273 -0.00206203 -0.00165758 -0.00531441  0.114634  0.318396 0.0176621 -1.75963 -2.07149 -9.42492 
               291.3  5.14256 -16.8761 -102.387  3.90323  14.9617 -4.96067 0 0 0   -0.011 -0.02329  0.04412  -0.348643   0.204171 -0.0339687 -0.00204664 -0.00163398 -0.00525984  0.113462  0.314142 0.0179457 -1.75901 -2.07208  -9.4249 
               291.4 5.76192 -16.536 -102.49  3.89872  14.9617 -4.95494 0 0 0   -0.011 -0.02329  0.04412  -0.329434   0.175388 -0.0154185 -0.00206124 -0.00162154 -0.00523008  0.112186  0.309991 0.0178545  -1.7584 -2.07263  -9.4249 
               291.5  7.03482 -16.2916 -105.649  3.8895 14.9589 -4.9559 0 0 0   -0.011 -0.02329  0.04412  -0.324562   0.161262 -0.0175179  -0.0020301 -0.00161213 -0.00513259  0.110731  0.306556 0.0184464 -1.75789 -2.07313 -9.42488 
               291.6  8.36401 -16.3553 -108.842  3.88912  14.9539 -4.95182 0 0 0   -0.011 -0.02329  0.04412    -0.29484    0.149437 -0.00839316 -0.00208238 -0.00158179 -0.00510997  0.108916  0.302297 0.0187215 -1.75726 -2.07373 -9.42487 
               291.7  9.83255  -16.849 -112.539  3.88559  14.9515 -4.95434 0 0 0   -0.011 -0.02329  0.04412  -0.272608   0.147866 -0.0293575 -0.00204272 -0.00155635 -0.00509012  0.107574  0.298838 0.0194667 -1.75672 -2.07418 -9.42487 
               291.8  13.0039 -18.4168 -121.758 3.88326 14.9447 -4.9516 0 0 0   -0.011 -0.02329  0.04412  -0.245624   0.111947 -0.0211882 -0.00206778 -0.00152716 -0.00511863  0.105544  0.295416 0.0196848 -1.75626 -2.07475 -9.42483 
               291.9  17.4713 -19.3365 -135.396  3.88585  14.9317 -4.94829 0 0 0   -0.011 -0.02329  0.04412   -0.234153   0.0324459 -0.00648271 -0.00205903 -0.00144697 -0.00499625 0.103794 0.291591 0.020089 -1.75571 -2.07531 -9.42481 
                 292  20.7115 -19.3717 -147.358  3.88417  14.9155 -4.94679 0 0 0   -0.011 -0.02329  0.04412  -0.243975 -0.0357313 -0.0117112 -0.00199659 -0.00140447 -0.00495419  0.102779   0.28841 0.0205583 -1.75525 -2.07573  -9.4248 
               292.1  22.5441  -19.287 -155.907  3.89006  14.8941 -4.93968 0 0 0   -0.011 -0.02329  0.04412  -0.228301 -0.0884276 0.00726103 -0.00198095 -0.00138324 -0.00497923  0.102397  0.284326 0.0206882 -1.75463 -2.07616 -9.42482 
               292.2  23.2418 -19.6761 -161.615  3.89221  14.8643 -4.94003 0 0 0   -0.011 -0.02329  0.04412  -0.212664  -0.125615 0.00581634  -0.0019978 -0.00140843 -0.00505683 0.102324 0.280765 0.021577 -1.75408 -2.07658 -9.42483 
               292.3   23.988 -20.3324 -165.886  3.89474  14.8273 -4.93112 0 0 0   -0.011 -0.02329  0.04412 -0.208084  -0.14927 0.0581355 -0.00197995 -0.00140411 -0.00509301  0.102154  0.276748 0.0220313 -1.75355 -2.07709 -9.42482 
               292.4  24.6264 -20.6524 -168.407  3.89158   14.786 -4.91949 0 0 0   -0.011 -0.02329  0.04412 -0.218756 -0.153108 0.0949685 -0.00197999 -0.00141359 -0.00513773  0.102002  0.272922 0.0226874  -1.7531 -2.07763 -9.42479 
               292.5   25.041 -20.8958 -169.025  3.88523  14.7471 -4.89728 0 0 0   -0.011 -0.02329  0.04412  -0.25057 -0.129218  0.154692 -0.00195393 -0.00139572 -0.00515892  0.101945  0.269023 0.0228085 -1.75269 -2.07816 -9.42474 
               292.6  25.3518 -19.7756 -168.247  3.87535  14.7114 -4.87664 0 0 0   -0.011 -0.02329  0.04412 -0.331608 -0.123556  0.128426 -0.00197916 -0.00143888 -0.00518927  0.102721  0.265422 0.0230865 -1.75222 -2.07861 -9.42473 
               292.7  26.3868 -16.7317 -167.896  3.85582  14.6729 -4.86752 0 0 0   -0.011 -0.02329  0.04412 -0.422606 -0.118326 0.0692427 -0.00199639  -0.0014878 -0.00519718  0.103809  0.261893 0.0239491 -1.75175 -2.07907 -9.42472 
               292.8  26.6683 -12.5658 -167.268  3.82526  14.6383 -4.85164 0 0 0   -0.011 -0.02329  0.04412 -0.478341 -0.100526 0.0966711 -0.00202297 -0.00150358 -0.00516542  0.104327  0.258393 0.0240543 -1.75136 -2.07954 -9.42469 
               292.9  26.0687 -8.39062  -165.52  3.78581  14.6041 -4.84315 0 0 0   -0.011 -0.02329  0.04412  -0.593287 -0.0884146  0.0893869 -0.00206734 -0.00151777 -0.00515285  0.105071  0.255294 0.0250219 -1.75099 -2.07996 -9.42466 
                 293  25.7165 -2.40813 -162.671  3.73603  14.5684 -4.82871 0 0 0   -0.011 -0.02329  0.04412 -0.715014 -0.146022 0.0472459 -0.00207296  -0.0015225 -0.00517906  0.105794   0.25174 0.0252643 -1.75058 -2.08044 -9.42464 
               293.1  24.9711  3.31827 -159.698  3.68139  14.5292 -4.82713 0 0 0   -0.011 -0.02329  0.04412   -0.704365    -0.14702 -0.00494878 -0.00212387 -0.00156873 -0.00514502  0.106975  0.248592 0.0262023 -1.75014 -2.08084 -9.42463 
               293.2  24.4564  6.53797 -157.407  3.63107  14.4946 -4.81511 0 0 0   -0.011 -0.02329  0.04412 -0.687591 -0.112665 0.0291439 -0.00216672  -0.0016194 -0.00514985  0.107976  0.244966 0.0261443 -1.74968 -2.08129 -9.42461 
               293.3  24.4316  7.87407 -156.245  3.58335   14.465 -4.80021 0 0 0   -0.011 -0.02329  0.04412  -0.664431 -0.0766745   0.107862 -0.00223206 -0.00157519 -0.00512288  0.109188  0.241536 0.0263762  -1.7492 -2.08169 -9.42461 
               293.4  25.2641  6.93925 -155.792   3.5349  14.4393 -4.77914 0 0 0   -0.011 -0.02329  0.04412   -0.639411 -0.00856662    0.212861 -0.00225139 -0.00158241 -0.00510765 0.110062 0.238206 0.026982 -1.74878 -2.08212  -9.4246 
               293.5  26.4452  4.28201 -155.571 3.49369 14.4163 -4.7491 0 0 0   -0.011 -0.02329  0.04412 -0.534188 -0.029856  0.257327 -0.00226594 -0.00155979 -0.00509324  0.110943  0.234781 0.0276149 -1.74833 -2.08255 -9.42459 
               293.6  25.8801  1.34217 -155.761  3.45834  14.3865 -4.72281 0 0 0   -0.011 -0.02329  0.04412  -0.498558 -0.0767111   0.197001 -0.00227844 -0.00154501 -0.00512569  0.111451  0.231318 0.0286005 -1.74792 -2.08301 -9.42456 
               293.7  24.9593 -0.64772 -156.795  3.42833  14.3538 -4.70889 0 0 0   -0.011 -0.02329  0.04412   -0.41321 -0.0771239   0.115386 -0.00223208 -0.00153511 -0.00512609  0.111949   0.22805 0.0300743 -1.74749 -2.08345 -9.42454 
               293.8  24.9146 -4.41571 -160.165  3.40765  14.3266 -4.69561 0 0 0   -0.011 -0.02329  0.04412 -0.295816 -0.056979 0.0973987 -0.00218826  -0.0015476 -0.00511352  0.112285  0.224982 0.0310079 -1.74712 -2.08387 -9.42452 
               293.9  24.9938 -8.51231 -165.542  3.39436  14.2937 -4.68423 0 0 0   -0.011 -0.02329  0.04412 -0.260975 -0.133155 0.0440253  -0.0021664 -0.00150091 -0.00508454  0.112497  0.221595 0.0318657 -1.74675 -2.08433 -9.42448 
                 294  25.1549 -12.5555 -170.793  3.38379  14.2474 -4.68754 0 0 0   -0.011 -0.02329  0.04412  -0.242308  -0.216218 -0.0254314 -0.00214607 -0.00144929 -0.00506979  0.112591  0.218066 0.0335767 -1.74634 -2.08484 -9.42445 
               294.1  26.1273  -14.648 -177.169  3.37233  14.1963 -4.69079 0 0 0   -0.011 -0.02329  0.04412 -0.270879 -0.274016 -0.030533 -0.00209221 -0.00143639 -0.00509416  0.112862  0.214604 0.0347778 -1.74596 -2.08533 -9.42441 
               294.2  28.4855 -14.9915  175.092  3.36199  14.1472 -4.68213 0 0 0   -0.011 -0.02329  0.04412 -0.230369 -0.278497 0.0205764  -0.0020535 -0.00145231 -0.00507202  0.113523  0.211239 0.0348733 -1.74558 -2.08575 -9.42439 
               294.3  32.0348 -15.7321  169.522  3.35482  14.0984 -4.67147 0 0 0   -0.011 -0.02329  0.04412 -0.223669 -0.313203   0.11482 -0.00204633 -0.00148301 -0.00504985  0.114464  0.208289 0.0351693 -1.74521 -2.08611 -9.42437 
               294.4  33.1473 -16.4708  167.384  3.34349  14.0456 -4.64405 0 0 0   -0.011 -0.02329  0.04412 -0.277954 -0.336646  0.218012 -0.00208807 -0.00144112 -0.00514915  0.115375  0.205238 0.0350651 -1.74487  -2.0865 -9.42435 
               294.5  32.9581 -17.0005  166.714  3.33065  13.9902 -4.61918 0 0 0   -0.011 -0.02329  0.04412 -0.287749 -0.335873  0.120628 -0.00206769 -0.00147801 -0.00521381  0.116814  0.202155 0.0350258 -1.74449 -2.08688 -9.42434 
               294.6  32.8094 -19.1609  166.368  3.31634  13.9416 -4.60082 0 0 0   -0.011 -0.02329  0.04412 -0.253889 -0.294966  0.108721 -0.00202115 -0.00151036 -0.00525037  0.118136  0.199794 0.0348585 -1.74418 -2.08717 -9.42433 
               294.7 32.6056 -22.039 166.233  3.30507   13.897 -4.58604 0 0 0   -0.011 -0.02329  0.04412 -0.267259 -0.238144  0.082405 -0.00200795 -0.00148806 -0.00526393  0.119719  0.197461 0.0348375 -1.74385 -2.08746 -9.42433 
               294.8  32.7211 -23.9474  165.413 3.29437 13.8583 -4.5736 0 0 0   -0.011 -0.02329  0.04412  -0.25509 -0.224769 0.0264934 -0.00197722 -0.00148867  -0.0052651  0.121418  0.195302 0.0344898 -1.74351 -2.08772 -9.42433 
               294.9  32.1396 -26.7625  165.269  3.28008  13.8161 -4.56692 0 0 0   -0.011 -0.02329  0.04412   -0.301039   -0.253903 -0.00488527 -0.00196106 -0.00149693 -0.00525541  0.122824  0.192988 0.0343284 -1.74321 -2.08802 -9.42432 
                 295  28.8894 -29.7879  169.363   3.2585  13.7747 -4.56149 0 0 0   -0.011 -0.02329  0.04412 -0.441415 -0.207687 0.0659802 -0.00194642 -0.00152232 -0.00528232  0.124545  0.190823 0.0342396 -1.74288 -2.08829 -9.42432 
               295.1  23.2576 -30.9261  179.059  3.21624  13.7379 -4.54456 0 0 0   -0.011 -0.02329  0.04412 -0.547623 -0.109405  0.216772 -0.00189445  -0.0015333 -0.00531645  0.125673  0.188346 0.0344539 -1.74262 -2.08863  -9.4243 
               295.2  17.0528  -30.964 -166.625 3.17508 13.7133 -4.5148 0 0 0   -0.011 -0.02329  0.04412   -0.53475 -0.0479082   0.263924 -0.00192639 -0.00163775 -0.00535674 0.126987 0.186041 0.034153 -1.74231 -2.08892 -9.42429 
               295.3  10.0437  -29.845 -149.806  3.12979  13.6903 -4.48583 0 0 0   -0.011 -0.02329  0.04412 -0.53691 -0.04045 0.208011 -0.00193126 -0.00163132 -0.00541075  0.127742  0.183668 0.0340879 -1.74207 -2.08924 -9.42426 
               295.4  4.62847  -27.462 -133.735  3.09316    13.66 -4.47916 0 0 0   -0.011 -0.02329  0.04412  -0.481777 -0.0656803   0.100576 -0.00197937 -0.00168878 -0.00543046  0.129729  0.180968 0.0349822 -1.74166 -2.08956 -9.42427 
               295.5 0.727626 -24.4859 -119.868 3.06232 13.6309 -4.4656 0 0 0   -0.011 -0.02329  0.04412 -0.409822 -0.107747   0.11514 -0.00201713  -0.0016744 -0.00539391  0.130346  0.178095 0.0349404 -1.74131 -2.08993 -9.42425 
               295.6 -0.893874  -21.2652  -111.243 3.03774 13.5943 -4.4514 0 0 0   -0.011 -0.02329  0.04412 -0.342796  -0.17066 0.0652337 -0.00201157 -0.00165465   -0.005329  0.130049   0.17496 0.0348595 -1.74098 -2.09037 -9.42421 
               295.7 -0.906014  -19.4562  -106.884  3.02673  13.5582 -4.44456 0 0 0   -0.011 -0.02329  0.04412 -0.251452 -0.206477 0.0243396 -0.00202548 -0.00166256 -0.00517061  0.130049  0.171943 0.0347184 -1.74056 -2.09071 -9.42422 
               295.8 -0.44673 -18.8074  -104.59  3.02264   13.514 -4.43774 0 0 0   -0.011 -0.02329  0.04412 -0.182317 -0.255192 0.0154032 -0.00199995 -0.00159281 -0.00506786  0.128831  0.168767 0.0345947 -1.74017 -2.09117 -9.42419 
               295.9 0.544686 -17.6058  -102.91 3.02889 13.4676 -4.4328 0 0 0   -0.011 -0.02329  0.04412   -0.1253 -0.323364 0.0271264 -0.00201525 -0.00157491 -0.00503811  0.127734  0.165501 0.0344756 -1.73971 -2.09157 -9.42418 
                 296  1.88596 -14.6418 -102.003   3.0428   13.417 -4.42245 0 0 0   -0.011 -0.02329  0.04412 -0.0760945  -0.391099   0.122252 -0.00201437 -0.00158517 -0.00501961  0.126665   0.16223 0.0343069 -1.73923 -2.09193 -9.42419 
               296.1  3.38006 -8.74007 -103.042  3.05583  13.3585 -4.40066 0 0 0   -0.011 -0.02329  0.04412 -0.0886583  -0.446236   0.218108 -0.00202117 -0.00158715 -0.00501009 0.125141 0.159288 0.034222 -1.73881 -2.09231 -9.42418 
               296.2   4.47245 -0.973205  -104.827  3.06551  13.2949 -4.38219 0 0 0   -0.011 -0.02329  0.04412 -0.145146  -0.42309  0.111236 -0.00206065 -0.00161303 -0.00495341  0.123343  0.156247 0.0345332 -1.73838 -2.09273 -9.42417 
               296.3  6.38583  4.49326 -106.222  3.06857  13.2433 -4.36947 0 0 0   -0.011 -0.02329  0.04412  -0.16838 -0.327695 0.0683976 -0.00211203 -0.00162863 -0.00494714  0.121842  0.153549 0.0342886 -1.73799 -2.09308 -9.42416 
               296.4  7.89387  7.95426 -108.405 3.07235 13.1986 -4.3569 0 0 0   -0.011 -0.02329  0.04412 -0.194308 -0.240092 0.0868663 -0.00221673 -0.00158717 -0.00496023  0.120208  0.150513 0.0340803 -1.73756 -2.09348 -9.42416 
               296.5  10.1697  9.07125 -112.856 3.07232 13.1623 -4.3499 0 0 0   -0.011 -0.02329  0.04412 -0.218777 -0.146013 0.0565515 -0.00225219 -0.00153683   -0.004936  0.118665  0.147437 0.0342701 -1.73712 -2.09386 -9.42415 
               296.6 12.9179 7.97671  -122.4  3.07276  13.1337 -4.34455 0 0 0   -0.011 -0.02329  0.04412 -0.205951 -0.110003 0.0453822 -0.00233007 -0.00144391 -0.00493021    0.1173  0.144257 0.0343419 -1.73666 -2.09424 -9.42415 
               296.7   15.053  7.02948 -133.952  3.07694  13.1058 -4.33952 0 0 0   -0.011 -0.02329  0.04412 -0.181424 -0.144802 0.0377196 -0.00237412 -0.00133519 -0.00485439  0.116264  0.140862 0.0344035 -1.73618 -2.09459 -9.42416 
               296.8   16.956  6.23682 -140.762  3.07287  13.0678 -4.33601 0 0 0   -0.011 -0.02329  0.04412 -0.173505 -0.213436 0.0494625  -0.0023478   -0.001252 -0.00484241  0.114635  0.138232 0.0344873 -1.73587 -2.09501 -9.42413 
               296.9  18.6364  4.77892 -143.715  3.07839  13.0259 -4.32914 0 0 0   -0.011 -0.02329  0.04412 -0.122726 -0.277151 0.0961428  -0.0023195    -0.00125 -0.00497841  0.113968  0.134963 0.0348764 -1.73543 -2.09537 -9.42413 
                 297  20.2775  2.52653 -145.801  3.08896  12.9732 -4.31742 0 0 0   -0.011 -0.02329  0.04412 -0.0812482  -0.305965   0.165492 -0.00230363 -0.00122385 -0.00511742   0.11325  0.131208 0.0356004 -1.73497 -2.09581 -9.42411 
               297.1    22.3669 -0.0269564   -147.511  3.10327   12.924 -4.29344 0 0 0   -0.011 -0.02329  0.04412 -0.037626 -0.297236  0.246283 -0.00228863 -0.00120934 -0.00515903  0.113277   0.12765 0.0360321 -1.73453 -2.09619 -9.42411 
               297.2  22.6406 -2.65018 -147.879  3.11824  12.8749 -4.26482 0 0 0   -0.011 -0.02329  0.04412 0.0277614 -0.297487  0.201204 -0.00226127 -0.00119361 -0.00518025  0.113252  0.124389 0.0363687 -1.73417 -2.09657 -9.42409 
               297.3  22.1919 -6.18689 -146.246 3.13575 12.8295 -4.2545 0 0 0   -0.011 -0.02329  0.04412 0.0405555 -0.230947  0.100534 -0.00220933 -0.00117056 -0.00518528  0.113257   0.12176 0.0376277 -1.73384 -2.09688 -9.42408 
               297.4  22.9469 -8.76102 -145.467  3.15462  12.7896 -4.23952 0 0 0   -0.011 -0.02329  0.04412 0.0648014 -0.236751  0.131371 -0.00216403 -0.00118909 -0.00522013  0.113379  0.118938 0.0381473 -1.73353 -2.09721 -9.42407 
               297.5  22.9577 -10.4253 -145.665  3.17515  12.7392 -4.22532 0 0 0   -0.011 -0.02329  0.04412 0.0998784 -0.332095 0.0843498 -0.00219044 -0.00118647 -0.00521471 0.113028 0.115737  0.03891 -1.73322 -2.09763 -9.42403 
               297.6  21.7431 -11.8586 -145.065  3.19908  12.6765 -4.21599 0 0 0   -0.011 -0.02329  0.04412  0.116431 -0.450208 0.0250563 -0.00217201 -0.00117103  -0.0052039  0.112585  0.112297 0.0396553  -1.7329 -2.09809 -9.42399 
               297.7 18.7686 -13.043 -139.44  3.22691  12.6079 -4.21498 0 0 0   -0.011 -0.02329  0.04412     0.160771    -0.511908 -0.000964273 -0.00215584 -0.00117831 -0.00522731  0.112571  0.109346 0.0406791 -1.73256 -2.09845 -9.42397 
               297.8  14.5457 -14.1941 -127.867   3.2595  12.5386 -4.21128 0 0 0   -0.011 -0.02329  0.04412  0.204462 -0.522428 0.0329845 -0.00212216 -0.00123524  -0.0053028  0.112585  0.106541 0.0413091 -1.73224 -2.09878 -9.42396 
               297.9  10.8223 -14.5907 -114.615  3.29494  12.4702 -4.20049 0 0 0   -0.011 -0.02329  0.04412   0.17127 -0.514508  0.153823 -0.00212738 -0.00128238 -0.00535858  0.112693  0.103699 0.0419481  -1.7319 -2.09909 -9.42395 
                 298  8.21578  -12.425 -104.541  3.32094  12.3998 -4.17415 0 0 0   -0.011 -0.02329  0.04412 0.0711051 -0.541486  0.244525  -0.0021575 -0.00133268 -0.00536289  0.112171  0.100868 0.0423128  -1.7316 -2.09945 -9.42393 
               298.1  6.13329 -8.72471 -96.0892 3.33209   12.33 -4.1473 0 0 0   -0.011 -0.02329  0.04412 -0.0246603  -0.492634   0.213343 -0.00216099  -0.0013779 -0.00527516 0.111021 0.098676 0.042573 -1.73139 -2.09979 -9.42389 
               298.2  4.38561 -6.23206 -86.7203  3.34593  12.2694 -4.12263 0 0 0   -0.011 -0.02329  0.04412 -0.0902553   -0.45069   0.194574 -0.00219187 -0.00145216 -0.00520144  0.110395 0.0959337 0.0428126 -1.73101 -2.10008 -9.42389 
               298.3  3.91963 -4.98954 -80.5925 3.34855 12.2123 -4.1057 0 0 0   -0.011 -0.02329  0.04412 -0.182181 -0.435771  0.119676 -0.00220245 -0.00144041 -0.00520599  0.109361 0.0937199 0.0431686  -1.7307 -2.10035 -9.42389 
               298.4  4.13465 -4.97001 -78.2161  3.34477  12.1526 -4.09272 0 0 0   -0.011 -0.02329  0.04412 -0.249345 -0.452187 0.0836545 -0.00222582 -0.00144043 -0.00512887  0.107615  0.091387 0.0432352 -1.73035 -2.10069 -9.42388 
               298.5  3.36158 -5.42304 -76.9356  3.33876  12.0915 -4.08179 0 0 0   -0.011 -0.02329  0.04412 -0.317884 -0.467822 0.0772478 -0.00224962  -0.0014152 -0.00505147   0.10555 0.0888491 0.0432326 -1.72994 -2.10104 -9.42387 
               298.6  2.65369 -6.22827 -75.4986  3.32561  12.0261 -4.06797 0 0 0   -0.011 -0.02329  0.04412 -0.365805 -0.466564  0.199258 -0.00224719 -0.00140642 -0.00503195  0.102884 0.0865227 0.0433214 -1.72954 -2.10145 -9.42386 
               298.7  2.30448 -7.10532 -74.6543  3.30991  11.9645 -4.04098 0 0 0   -0.011 -0.02329  0.04412 -0.346739 -0.435459  0.336264  -0.0022286 -0.00141191 -0.00502551  0.100374 0.0845365 0.0437005 -1.72917 -2.10179 -9.42385 
               298.8  2.69805 -8.21857 -74.1817  3.29611  11.9075 -4.00687 0 0 0   -0.011 -0.02329  0.04412 -0.310087 -0.429441  0.236267 -0.00222932 -0.00140377 -0.00502433 0.0979206 0.0826986 0.0435057 -1.72883 -2.10214 -9.42383 
               298.9  3.53022 -8.93171 -75.0501  3.28447  11.8464 -3.98488 0 0 0   -0.011 -0.02329  0.04412 -0.23783 -0.50873 0.183951 -0.00221485 -0.00140144 -0.00502713 0.0955578 0.0813065 0.0434211 -1.72855 -2.10246 -9.42381 
                 299  4.92442  -6.5044 -77.9362  3.28504  11.7815 -3.96386 0 0 0   -0.011 -0.02329  0.04412 -0.133865 -0.569991  0.198665  -0.0022141 -0.00140724 -0.00499835 0.0936232 0.0794834 0.0435829 -1.72821  -2.1027 -9.42382 
               299.1  5.94775  -3.8219 -81.0125  3.29544  11.7117 -3.94789 0 0 0   -0.011 -0.02329  0.04412 -0.105979 -0.563724 0.0958343 -0.00221203 -0.00144755 -0.00496661 0.0912704 0.0774149 0.0438368 -1.72782   -2.103 -9.42383 
               299.2  7.38062 -2.03132 -84.8844  3.30946  11.6399 -3.93905 0 0 0   -0.011 -0.02329  0.04412 -0.0633751  -0.669684   0.044859 -0.00224583 -0.00146052 -0.00495207 0.0890776  0.075162 0.0439627 -1.72742 -2.10328 -9.42384 
               299.3  9.23986  2.33314 -90.3469  3.32065   11.551 -3.93278 0 0 0   -0.011 -0.02329  0.04412 -0.054107 -0.767581  0.033145   -0.002288 -0.00140489 -0.00494765 0.0866178  0.073521 0.0438693 -1.72712 -2.10363 -9.42382 
               299.4   10.957  6.41755 -96.7229  3.33419  11.4624 -3.92592 0 0 0   -0.011 -0.02329  0.04412 -0.0447248  -0.689717   0.106062  -0.0023232 -0.00145625   -0.004874 0.0844106 0.0716615  0.043925  -1.7268 -2.10394  -9.4238 
               299.5  13.3089  8.37369 -103.655  3.34374   11.386 -3.90396 0 0 0   -0.011 -0.02329  0.04412 -0.0847608  -0.583393   0.262247 -0.00238588 -0.00142645 -0.00487812 0.0825441  0.069843 0.0437748 -1.72651 -2.10423 -9.42379 
               299.6  14.9024  9.62656 -110.368  3.35236  11.3148 -3.88482 0 0 0   -0.011 -0.02329  0.04412 -0.118806 -0.499631   0.18986 -0.00245736 -0.00129602 -0.00487871  0.080455 0.0677327 0.0442892 -1.72617 -2.10455 -9.42378 
               299.7  15.7185   11.097 -117.617   3.3548  11.2504 -3.86835 0 0 0   -0.011 -0.02329  0.04412 -0.173137 -0.473246  0.166723 -0.00246319 -0.00125135  -0.0049089  0.078762 0.0655536 0.0445584 -1.72586 -2.10485 -9.42377 
               299.8  16.0778  12.7198 -124.084  3.35292  11.1933 -3.85119 0 0 0   -0.011 -0.02329  0.04412 -0.225953 -0.418869  0.132854 -0.00248063 -0.00122223 -0.00491323 0.0776869 0.0631123 0.0445787 -1.72553 -2.10511 -9.42378 
               299.9  17.2929  13.7552 -127.906  3.34709  11.1374 -3.83891 0 0 0   -0.011 -0.02329  0.04412 -0.277693 -0.421068 0.0695945     -0.0025 -0.00118222 -0.00491217 0.0766997 0.0603128 0.0447205 -1.72518  -2.1054 -9.42377 
                 300    18.29   14.568 -130.231 3.32999 11.0743 -3.8316 0 0 0   -0.011 -0.02329  0.04412 -0.320703 -0.446875 0.0522444 -0.00249178   -0.001147 -0.00496021 0.0752933 0.0577465 0.0447108 -1.72492 -2.10577 -9.42374 
               300.1  19.3942  14.2056 -132.938  3.31427  11.0126 -3.82101 0 0 0   -0.011 -0.02329  0.04412 -0.355912 -0.440809  0.120119 -0.00247636 -0.00114957 -0.00498606 0.0746278 0.0546516 0.0448853 -1.72458  -2.1061 -9.42373 
               300.2  21.1715  13.0072 -137.655  3.29376  10.9493 -3.80171 0 0 0   -0.011 -0.02329  0.04412 -0.341028  -0.42807  0.280857 -0.00249791 -0.00109427 -0.00498714 0.0737628  0.051793 0.0454284 -1.72428 -2.10645 -9.42371 
               300.3  22.5574  12.3188 -143.478   3.2854  10.8932 -3.76592 0 0 0   -0.011 -0.02329  0.04412 -0.257652 -0.410346  0.334035 -0.00250968  -0.0010546 -0.00497777 0.0739875 0.0485347 0.0459646 -1.72388 -2.10674 -9.42371 
               300.4  22.0248  11.7472 -146.798  3.27407   10.826 -3.73807 0 0 0   -0.011 -0.02329  0.04412 -0.198864 -0.450057  0.232405  -0.00248206 -0.000987487  -0.00497389 0.0728408 0.0456164  0.046561 -1.72363 -2.10714 -9.42367 
               300.5  21.1133  11.5343 -149.058  3.27881  10.7639 -3.71974 0 0 0   -0.011 -0.02329  0.04412  -0.15869 -0.436724  0.180006 -0.00243064 -0.00100094 -0.00503498 0.0731928 0.0424905 0.0479455 -1.72322 -2.10744 -9.42368 
               300.6  20.4649  11.6785 -150.745  3.28252  10.7064 -3.69881 0 0 0   -0.011 -0.02329  0.04412 -0.100395  -0.42012  0.145707 -0.00240342 -0.00101428 -0.00505923 0.0737219 0.0397568 0.0484983 -1.72291  -2.1077 -9.42368 
               300.7  20.4562  9.68308 -152.074  3.29366  10.6463 -3.68393 0 0 0   -0.011 -0.02329  0.04412 0.0516869 -0.394508 0.0875527 -0.00242001 -0.00103584  -0.0050679 0.0739623 0.0368041  0.049166 -1.72261 -2.10803 -9.42366 
               300.8  21.5853  2.38344 -154.253  3.32115  10.5915 -3.68264 0 0 0   -0.011 -0.02329  0.04412   0.217862  -0.371423 0.00848851  -0.00242646 -0.000975042  -0.00509511 0.0740368 0.0344288 0.0503628 -1.72235 -2.10831 -9.42364 
               300.9  23.5525  -4.8053 -156.705  3.35558  10.5348 -3.68028 0 0 0   -0.011 -0.02329  0.04412  0.226929 -0.439462  0.063846  -0.00241488 -0.000828834  -0.00513607 0.0742143 0.0321313 0.0511653 -1.72212 -2.10858 -9.42362 
                 301  25.3621 -9.28436  -158.93  3.39055  10.4726 -3.65954 0 0 0   -0.011 -0.02329  0.04412  0.200212 -0.450735   0.22686  -0.00235211 -0.000819716  -0.00517538 0.0747125 0.0293026 0.0513342 -1.72186  -2.1089  -9.4236 
               301.1  25.9687 -12.4459 -160.925  3.42734  10.4148 -3.62625 0 0 0   -0.011 -0.02329  0.04412  0.175368 -0.451008   0.23264  -0.00228388 -0.000844049  -0.00517298 0.0758904 0.0267175 0.0513703 -1.72155 -2.10914  -9.4236 
               301.2  26.1388 -15.2033 -163.739  3.45396  10.3527 -3.60085 0 0 0   -0.011 -0.02329  0.04412 0.0866462 -0.454418  0.224684  -0.00221833 -0.000846083  -0.00519975 0.0763984 0.0241702 0.0519242  -1.7213 -2.10943 -9.42358 
               301.3  25.6131 -16.7789 -165.469  3.46462  10.2876 -3.57929 0 0 0   -0.011 -0.02329  0.04412 -0.0303422  -0.492601   0.178033   -0.002191 -0.00083105 -0.00518721 0.0763981  0.021874 0.0527125 -1.72113 -2.10972 -9.42355 
               301.4  24.6792 -17.7666 -165.222  3.46504  10.2223 -3.56357 0 0 0   -0.011 -0.02329  0.04412 -0.139912 -0.506207 0.0757214  -0.0021618 -0.00084175 -0.00520916  0.076647 0.0197098 0.0532139 -1.72095 -2.10998 -9.42352 
               301.5  23.5144 -18.9772 -161.842 3.46303  10.159 -3.5536 0 0 0   -0.011 -0.02329  0.04412 -0.213375 -0.517832  0.052783 -0.00214977 -0.00086769 -0.00523697 0.0777572  0.017523 0.0533839 -1.72067 -2.11019 -9.42353 
               301.6  20.7916 -21.1692  -152.74  3.45079  10.0904 -3.54971 0 0 0   -0.011 -0.02329  0.04412 -0.283601 -0.537708   0.11466  -0.00215762 -0.000906514  -0.00528106 0.0787835 0.0154595 0.0543781 -1.72042 -2.11043 -9.42352 
               301.7  17.2295 -22.9819 -141.809  3.43842  10.0231 -3.52646 0 0 0   -0.011 -0.02329  0.04412 -0.286788 -0.514893  0.289736  -0.00216426 -0.000950576   -0.0053597 0.0799296 0.0129368 0.0546437 -1.72011 -2.11068 -9.42352 
               301.8  14.0029 -23.2698 -131.822  3.42173  9.95553 -3.49288 0 0 0   -0.011 -0.02329  0.04412 -0.270537 -0.500421  0.320313  -0.00216939 -0.000972087  -0.00536402 0.0804061 0.0105059  0.055197 -1.71988 -2.11096  -9.4235 
               301.9  11.9706 -22.6745 -123.534  3.40699  9.89108 -3.46257 0 0 0   -0.011 -0.02329  0.04412 -0.222759 -0.499307  0.218549 -0.00218485 -0.00100033 -0.00530756  0.0804869 0.00827078  0.0554666 -1.71967 -2.11121 -9.42348 
                 302  10.4013 -21.9392  -116.96  3.40208  9.83049 -3.44147 0 0 0   -0.011 -0.02329  0.04412 -0.148173 -0.505332  0.199731 -0.00219171 -0.00101899 -0.00524607  0.0808804 0.00626973  0.0558332 -1.71942 -2.11139 -9.42349 
               302.1  8.68996 -19.8122 -112.031  3.40259  9.76121 -3.42421 0 0 0   -0.011 -0.02329  0.04412 -0.0779521  -0.550199   0.126968 -0.00217609 -0.00103864 -0.00520083  0.0804036 0.00391522  0.0565468 -1.71918 -2.11167 -9.42347 
               302.2  7.01723 -18.1885 -108.664  3.41134  9.69272 -3.41176 0 0 0   -0.011 -0.02329  0.04412 -0.0147012  -0.541189  0.0287654 -0.00218068 -0.00107305 -0.00514411  0.0796729 0.00160742   0.056712 -1.71894 -2.11193 -9.42345 
               302.3  6.28776 -17.7179 -106.087  3.42659   9.6262 -3.40621 0 0 0   -0.011 -0.02329  0.04412   0.0363133   -0.511125 -0.00652973 -0.00219256 -0.00105884 -0.00509645   0.0786699 -0.00076752   0.0568249 -1.71867  -2.1122 -9.42344 
             302.399  6.54983 -18.1877 -103.763  3.44476  9.56186 -3.40008 0 0 0   -0.011 -0.02329  0.04412 0.0893551 -0.473831 0.0737025 -0.00219184 -0.00104794 -0.00508571   0.0773008 -0.00286654   0.0570047 -1.71844 -2.11248 -9.42342 
               302.5  7.07756 -19.1748 -100.944 3.47427 9.50243 -3.3819 0 0 0   -0.011 -0.02329  0.04412  0.154489 -0.447641  0.211304 -0.00221912 -0.00104326 -0.00506955  0.0761801 -0.0054435  0.0573571 -1.71812 -2.11274 -9.42342 
               302.6  5.62085 -19.0947 -97.4261  3.50476  9.44454 -3.35799 0 0 0   -0.011 -0.02329  0.04412  0.140915 -0.441971   0.18704 -0.00220873  -0.0010352 -0.00506919    0.074825 -0.00771406   0.0574856 -1.71784   -2.113 -9.42341 
               302.7   4.0575 -18.2494 -94.4204   3.5348   9.3875 -3.33814 0 0 0   -0.011 -0.02329  0.04412  0.111806 -0.430202  0.185248 -0.00220066 -0.00103364 -0.00508676  0.0736089 -0.0101273  0.0580298 -1.71752 -2.11324 -9.42342 
               302.8  3.07211 -16.8195 -92.1585  3.55821  9.33068 -3.31502 0 0 0   -0.011 -0.02329  0.04412 0.0494866 -0.433694  0.130753 -0.00221009 -0.00106684 -0.00507633  0.0719843 -0.0121832  0.0579657 -1.71727 -2.11351  -9.4234 
               302.9  3.33608 -15.8852 -89.9743  3.57438  9.27323 -3.30577 0 0 0   -0.011 -0.02329  0.04412 0.00536201  -0.467564  0.0800844 -0.00222766 -0.00107745 -0.00505263  0.0706424 -0.0140419  0.0586626 -1.71701 -2.11374  -9.4234 
                 303  3.45706 -14.2205 -88.4228  3.58375   9.2156 -3.30004 0 0 0   -0.011 -0.02329  0.04412 -0.0277931  -0.493176  0.0396625 -0.00223293 -0.00109609 -0.00504395 0.0696151  -0.01538 0.0591563 -1.71681  -2.1139  -9.4234 
               303.1  3.46704 -13.2848 -87.1692  3.58769  9.14869 -3.29124 0 0 0   -0.011 -0.02329  0.04412 -0.0899493  -0.536149  0.0578289 -0.00224353 -0.00110444 -0.00501847  0.0675815 -0.0166639  0.0592231 -1.71663 -2.11419 -9.42337 
               303.2  3.89622 -13.7435 -86.3426  3.59318  9.07908 -3.27742 0 0 0   -0.011 -0.02329  0.04412 -0.0979144  -0.523091   0.153844 -0.00225373 -0.00109712 -0.00501415  0.0654076 -0.0185151  0.0593585 -1.71636 -2.11449 -9.42335 
               303.3  4.97477 -15.6308 -86.2635  3.60059   9.0186 -3.25189 0 0 0   -0.011 -0.02329  0.04412 -0.0634169  -0.483912   0.267592 -0.00226338 -0.00107799 -0.00498498 0.0639024 -0.020395 0.0593341 -1.71609  -2.1147 -9.42335 
             303.399  6.39273  -17.614 -88.3813  3.61177  8.96034 -3.22292 0 0 0   -0.011 -0.02329  0.04412 0.00368544  -0.452417   0.229186 -0.00227087 -0.00103596 -0.00499118  0.0623001 -0.0220783  0.0595274 -1.71583 -2.11491 -9.42335 
               303.5  9.25632 -19.4904 -97.1168 3.63049 8.90077 -3.2019 0 0 0   -0.011 -0.02329  0.04412 0.0544725 -0.444898  0.149199 -0.00224352 -0.00102755 -0.00493773  0.0602567 -0.0238133  0.0597613 -1.71556 -2.11518 -9.42334 
               303.6  12.8402  -20.584 -109.108  3.65285    8.841 -3.18944 0 0 0   -0.011 -0.02329  0.04412   0.12432 -0.455859  0.123592  -0.00220699 -0.000989131  -0.00483943  0.0583409 -0.0253281  0.0605287 -1.71531 -2.11544 -9.42333 
               303.7  14.4138 -21.2651 -117.967  3.68395  8.78589 -3.17354 0 0 0   -0.011 -0.02329  0.04412  0.149086 -0.437998 0.0569904 -0.00219622 -0.00094977 -0.00479828  0.0567489 -0.0274148  0.0605217 -1.71502 -2.11566 -9.42333 
               303.8  15.6914 -22.3975 -123.675  3.71274  8.72783 -3.17356 0 0 0   -0.011 -0.02329  0.04412    0.17155   -0.47989 -0.0270415  -0.00217608 -0.000937766  -0.00483119  0.0554803 -0.0290926  0.0614063 -1.71478 -2.11587 -9.42333 
               303.9    17.19 -22.5292 -127.549   3.7449  8.66165 -3.17624 0 0 0   -0.011 -0.02329  0.04412   0.225372  -0.564784 -0.0224216   -0.0021743 -0.000933762  -0.00487314  0.0542562 -0.0309689  0.0621929 -1.71456 -2.11611 -9.42332 
                 304  17.9118 -21.7349 -129.495  3.78214  8.59172 -3.17995 0 0 0   -0.011 -0.02329  0.04412 0.293589 -0.59781 0.033771  -0.00215533 -0.000951258  -0.00489273  0.0537946 -0.0326336  0.0632431 -1.71435 -2.11628 -9.42332 
             304.099  19.1651 -20.9798 -131.024  3.82586  8.51858 -3.16429 0 0 0   -0.011 -0.02329  0.04412  0.303831 -0.614489  0.218928  -0.00216263 -0.000966282  -0.00492916  0.0529715 -0.0349413  0.0635815 -1.71412 -2.11652  -9.4233 
               304.2  17.7744 -17.4985 -130.618  3.86412  8.43896 -3.13099 0 0 0   -0.011 -0.02329  0.04412  0.225947 -0.711286  0.293598  -0.00217254 -0.000966298  -0.00494027  0.0521439 -0.0370591  0.0638211 -1.71394 -2.11676 -9.42328 
             304.299  13.9981  -11.336 -127.682  3.89646  8.35332 -3.09373 0 0 0   -0.011 -0.02329  0.04412 0.0873329 -0.760148  0.273391 -0.00215843 -0.00102898 -0.00494762   0.051688 -0.0397328  0.0636608 -1.71368   -2.117 -9.42327 
             304.399  11.0289 -2.92015 -123.869  3.91027  8.25504 -3.06424 0 0 0   -0.011 -0.02329  0.04412 -0.016252 -0.799042  0.175297 -0.00216267  -0.0010922  -0.0049655  0.0504819 -0.0423847  0.0640928 -1.71348 -2.11733 -9.42323 
               304.5  9.94737  4.05513 -119.596  3.91462  8.16424 -3.05058 0 0 0   -0.011 -0.02329  0.04412 -0.0449248  -0.726232  0.0657862 -0.00224437 -0.00117483 -0.00497589  0.0497145 -0.0442685  0.0645761 -1.71333 -2.11757 -9.42321 
               304.6  9.16049  7.75741 -116.245  3.92418  8.08333 -3.04734 0 0 0   -0.011 -0.02329  0.04412 -0.0476164  -0.712411  0.0272355 -0.00235294 -0.00114965 -0.00499472   0.049716 -0.0462672  0.0651374  -1.7131 -2.11773 -9.42321 
               304.7  8.09282  10.2231 -112.819  3.93028  8.00583 -3.04227 0 0 0   -0.011 -0.02329  0.04412 -0.0858286  -0.695458  0.0809438 -0.00239371 -0.00111473 -0.00494432  0.0498907 -0.0480548  0.0654008 -1.71288 -2.11784 -9.42323 
               304.8  7.45323  10.5022 -108.498   3.9378  7.92843 -3.02162 0 0 0   -0.011 -0.02329  0.04412 -0.0519582  -0.641005   0.264449 -0.00241759 -0.00110527 -0.00492046  0.0496227 -0.0502902  0.0652281 -1.71264 -2.11803 -9.42323 
             304.899  6.74283  10.2272 -104.501  3.95195  7.85735 -2.98903 0 0 0   -0.011 -0.02329  0.04412 0.0212429 -0.571394  0.324492 -0.00241427  -0.0011003 -0.00493702  0.0494547 -0.0524533  0.0653158 -1.71238 -2.11819 -9.42324 
             304.999  5.78007  9.54892 -101.282  3.96919   7.7909 -2.96029 0 0 0   -0.011 -0.02329  0.04412 0.0837101 -0.474149  0.218028 -0.00239872 -0.00112056 -0.00492341  0.0485386 -0.0544257  0.0652864 -1.71217  -2.1184 -9.42323 
               305.1  4.33952  9.15497 -98.5459 3.99607 7.72293 -2.9404 0 0 0   -0.011 -0.02329  0.04412  0.130024 -0.484791  0.171156 -0.00240733 -0.00113122 -0.00489185  0.0470322 -0.0569532  0.0651796 -1.71189  -2.1187 -9.42322 
             305.199 3.07208  9.7094 -96.069  4.02767  7.65657 -2.92219 0 0 0   -0.011 -0.02329  0.04412  0.153764 -0.455355  0.116844 -0.00239051 -0.00115404 -0.00489898  0.0456114 -0.0594878  0.0647308 -1.71161 -2.11898 -9.42321 
               305.3 2.74937 8.91837 -93.666  4.05961  7.60049 -2.91159 0 0 0   -0.011 -0.02329  0.04412  0.170328 -0.449978 0.0426039 -0.00238744 -0.00120285 -0.00487548  0.0447607 -0.0615946  0.0644625 -1.71135 -2.11916 -9.42321 
             305.399  3.05777  7.39635 -91.1199  4.09311  7.54499 -2.90808 0 0 0   -0.011 -0.02329  0.04412  0.213765  -0.43372 0.0154899 -0.00239984 -0.00120397  -0.0048632  0.0437757 -0.0634559   0.064297 -1.71111 -2.11933 -9.42322 
               305.5  3.31248   5.6144 -88.0915  4.13014  7.48181 -2.90827 0 0 0   -0.011 -0.02329  0.04412  0.266694 -0.422249 0.0596901 -0.00239226 -0.00119732 -0.00487856  0.0417501 -0.0652238  0.0642598 -1.71087  -2.1196  -9.4232 
             305.599  3.55781  3.42717 -85.3597 4.17134 7.42028 -2.8917 0 0 0   -0.011 -0.02329  0.04412  0.273917 -0.422212  0.246594 -0.00236586 -0.00119905 -0.00488883  0.0396397 -0.0670351  0.0638127 -1.71063 -2.11989 -9.42318 
             305.699  3.49571  1.77486 -84.1101  4.21473   7.3698 -2.86946 0 0 0   -0.011 -0.02329  0.04412  0.244171 -0.389611  0.191452  -0.0023546 -0.00121046 -0.00487568  0.0385523 -0.0689954  0.0638411 -1.71035 -2.12003  -9.4232 
               305.8     3.23182 -0.00385096    -83.4191  4.24824  7.31237 -2.84938 0 0 0   -0.011 -0.02329  0.04412  0.16427  -0.4007 0.187725 -0.00231399 -0.00121041 -0.00482468  0.0365214 -0.0704677  0.0634513 -1.71013 -2.12029 -9.42318 
               305.9  3.09666 -2.01118 -82.3312  4.27221  7.25547 -2.83199 0 0 0   -0.011 -0.02329  0.04412 0.0817087  -0.41867  0.131053 -0.00228046 -0.00120191 -0.00481952  0.0345755 -0.0716776  0.0632322 -1.70993 -2.12053 -9.42316 
                 306  3.73291 -4.16861 -81.2537 4.29576 7.19758 -2.8203 0 0 0   -0.011 -0.02329  0.04412 0.0354934 -0.491498 0.0391167 -0.00230014 -0.00119987 -0.00484687 0.0328659 -0.073619 0.0629151 -1.70964 -2.12073 -9.42317 
             306.099   3.7912 -6.18948 -80.4873  4.31412  7.13458 -2.81006 0 0 0   -0.011 -0.02329  0.04412 -0.00508361   -0.558103   0.0212013  -0.0023154 -0.00120256  -0.0048484  0.0313651 -0.0753539  0.0620726 -1.70939 -2.12092 -9.42317 
             306.199  3.22503 -8.54386 -79.5809  4.32343  7.06678 -2.80648 0 0 0   -0.011 -0.02329  0.04412 -0.0476278  -0.601974   0.102221 -0.00228265 -0.00121943  -0.0048524  0.0300565 -0.0766012  0.0622937 -1.70919 -2.12106 -9.42318 
               306.3  2.63345 -11.1656 -78.7069  4.33489  6.99113 -2.78322 0 0 0   -0.011 -0.02329  0.04412 -0.0309447  -0.604002   0.310689 -0.00227064 -0.00121293  -0.0048634 0.0279678 -0.078203 0.0621242 -1.70892 -2.12129 -9.42317 
               306.4  2.46266 -13.3631 -78.0596  4.34334  6.91818 -2.74761 0 0 0   -0.011 -0.02329  0.04412 0.00110941   -0.56975   0.333505 -0.00222968 -0.00122486  -0.0048679  0.0260419 -0.0790979  0.0621551 -1.70875 -2.12151 -9.42316 
               306.5   2.9156 -14.1674 -77.6595  4.35971  6.84512 -2.72124 0 0 0   -0.011 -0.02329  0.04412 0.0657075 -0.555976  0.240665 -0.00221412 -0.00123636  -0.0048827  0.0238578 -0.0803308  0.0626993 -1.70851 -2.12174 -9.42315 
               306.6  3.27994 -13.9516  -77.477  4.38541  6.77461 -2.69996 0 0 0   -0.011 -0.02329  0.04412  0.150835 -0.541791  0.188265 -0.00221077 -0.00124164 -0.00486177 0.0217198 -0.081707 0.0632395 -1.70826 -2.12197 -9.42314 
               306.7  2.99211 -13.6724 -77.3035  4.41657  6.71027 -2.68238 0 0 0   -0.011 -0.02329  0.04412  0.196463 -0.531644 0.0713604 -0.00220765 -0.00125675 -0.00487271  0.0199858 -0.0830131  0.0632395 -1.70804 -2.12215 -9.42314 
               306.8  2.23965 -14.4781 -77.2997   4.4514  6.64567 -2.67915 0 0 0   -0.011 -0.02329  0.04412   0.237561  -0.553475 -0.0514626 -0.00219526 -0.00125446 -0.00487765  0.0182965 -0.0842395   0.063424 -1.70783 -2.12232 -9.42314 
               306.9   2.1675 -15.5687 -78.0755  4.48825  6.57378 -2.68139 0 0 0   -0.011 -0.02329  0.04412   0.277716  -0.597558 -0.0451318 -0.00219354 -0.00123871 -0.00486606  0.0162053 -0.0851546  0.0635099 -1.70765 -2.12255 -9.42312 
                 307  3.14864 -16.5538  -80.073   4.5277  6.50147 -2.67998 0 0 0   -0.011 -0.02329  0.04412  0.332094 -0.592503  0.112976 -0.00218521 -0.00123312 -0.00484481  0.0145235 -0.0858953  0.0639764 -1.70749 -2.12274 -9.42311 
               307.1   4.3472 -16.6195 -83.0472 4.57248 6.42988 -2.6566 0 0 0   -0.011 -0.02329  0.04412  0.333898 -0.578104  0.227006  -0.0022008 -0.00124295 -0.00482201  0.0125631 -0.0868319  0.0640173 -1.70731 -2.12295 -9.42309 
               307.2  4.03139 -17.1839 -85.2857  4.61397  6.35576 -2.63324 0 0 0   -0.011 -0.02329  0.04412  0.272505 -0.586805  0.205999  -0.0021927 -0.00124444 -0.00481028  0.0103452 -0.0876969  0.0643169 -1.70713 -2.12319 -9.42307 
             307.299  3.07951 -17.8913 -87.0401  4.64978   6.2857 -2.60803 0 0 0   -0.011 -0.02329  0.04412 0.198282 -0.62454 0.227598 -0.00215835  -0.0012258 -0.00482513  0.0088398 -0.0888244  0.0644734 -1.70695 -2.12335 -9.42307 
             307.399   2.5966 -17.2758 -88.3732  4.67461  6.21045 -2.58699 0 0 0   -0.011 -0.02329  0.04412 0.0890734  -0.68807  0.135192  -0.0021376 -0.00122761 -0.00483738 0.00745973 -0.0898346  0.0647115 -1.70679  -2.1235 -9.42306 
             307.499  3.25267 -16.5784 -88.8016  4.69225  6.12605 -2.57705 0 0 0   -0.011 -0.02329  0.04412 0.00466724  -0.753483    0.03626 -0.00214411 -0.00126026 -0.00484998 0.00581035 -0.0912413  0.0651605 -1.70658 -2.12369 -9.42306 
             307.599  3.54825 -16.8135 -88.4786  4.69857  6.03529 -2.57469 0 0 0   -0.011 -0.02329  0.04412 -0.0485909  -0.778181  0.0364753 -0.00215722 -0.00125268 -0.00484636 0.00415322 -0.0921928  0.0657352 -1.70644 -2.12389 -9.42304 
               307.7  3.55633 -17.9087 -87.9852  4.70928  5.94717 -2.55978 0 0 0   -0.011 -0.02329  0.04412 -0.0331381  -0.764018   0.239683  -0.0021841  -0.0012513 -0.00484937 0.00267884 -0.0939916  0.0660046  -1.7062 -2.12406 -9.42304 
             307.799  3.53118  -17.972 -88.4795  4.72083  5.86212 -2.52406 0 0 0   -0.011 -0.02329  0.04412 0.0248612 -0.703787  0.383804  -0.0021708 -0.00124068  -0.0048516 0.00123038 -0.0953713  0.0662877 -1.70601 -2.12424 -9.42304 
             307.899  4.24962 -17.6161 -90.0349  4.73858   5.7859 -2.48258 0 0 0   -0.011 -0.02329  0.04412 0.0868069 -0.620783   0.28962 -0.00216085  -0.0012444 -0.00485688 -0.000218793   -0.0968201    0.0659873 -1.70583  -2.1244 -9.42303 
                 308  4.30705 -18.1466 -90.7238  4.75821  5.71738 -2.45782 0 0 0   -0.011 -0.02329  0.04412  0.125869 -0.562672  0.208946 -0.00216044 -0.00126017 -0.00483002 -0.00141571  -0.0978568    0.066443 -1.70568 -2.12455 -9.42303 
             308.099  4.06777 -18.2805 -89.8767  4.78651  5.64933 -2.43752 0 0 0   -0.011 -0.02329  0.04412  0.179813 -0.581313  0.112525 -0.00216752 -0.00122885  -0.0048503 -0.00291112  -0.0993855   0.0666265 -1.70548 -2.12473 -9.42302 
               308.2  3.34525 -17.8194 -88.3308  4.81692  5.57863 -2.43243 0 0 0   -0.011 -0.02329  0.04412   0.226123  -0.626271 -0.0263099 -0.00215937 -0.00124237 -0.00489035 -0.00413089   -0.100598   0.0671158 -1.70532 -2.12487 -9.42302 
               308.3  2.82772  -18.041 -87.0802  4.85383  5.50314 -2.43694 0 0 0   -0.011 -0.02329  0.04412   0.280067  -0.636146 -0.0648678 -0.00215587  -0.0012656 -0.00489228 -0.00558428   -0.101992   0.0675685 -1.70514 -2.12505 -9.42301 
             308.399  3.77301 -19.7849 -87.2418  4.89911  5.42506 -2.43534 0 0 0   -0.011 -0.02329  0.04412  0.348042 -0.636504 0.0887638 -0.00216438 -0.00125699 -0.00487971 -0.00740522   -0.103673    0.067948 -1.70492 -2.12527   -9.423 
               308.5  5.49054 -20.3494 -89.3041  4.94697  5.34789 -2.41309 0 0 0   -0.011 -0.02329  0.04412  0.374384 -0.641351  0.266543 -0.00218286 -0.00122063 -0.00486488 -0.00911858   -0.105003    0.068207 -1.70474 -2.12547 -9.42299 
             308.599  6.05483  -19.717 -92.4766  4.99133  5.27697 -2.37946 0 0 0   -0.011 -0.02329  0.04412  0.312733 -0.604314  0.263705 -0.00216592 -0.00123443 -0.00481307 -0.0104223  -0.106052  0.0678249 -1.70461 -2.12561 -9.42298 
             308.699  6.13496 -19.3677 -96.0764  5.03179  5.20417 -2.35039 0 0 0   -0.011 -0.02329  0.04412  0.252549 -0.606563  0.246885 -0.00213033 -0.00126223 -0.00479131 -0.0119918  -0.107357  0.0681957 -1.70444  -2.1258 -9.42297 
             308.799   6.2995 -19.0744 -99.4581  5.06094  5.13594 -2.33468 0 0 0   -0.011 -0.02329  0.04412  0.156785 -0.595196  0.114882 -0.00212361 -0.00125995 -0.00477751 -0.0128015  -0.108306  0.0689954  -1.7043  -2.1259 -9.42297 
               308.9  7.38612 -19.7892 -102.197  5.08174  5.06023 -2.32885 0 0 0   -0.011 -0.02329  0.04412    0.0707465    -0.639031 -0.000637375 -0.00211092   -0.001256 -0.00478595 -0.0143697   -0.10946   0.069671 -1.70416  -2.1261 -9.42295 
             308.999  8.89324 -21.7903 -104.345  5.09834  4.98147 -2.32754 0 0 0   -0.011 -0.02329  0.04412 0.0326981  -0.67242 0.0127356  -0.0021287 -0.00123286 -0.00479775 -0.0158039  -0.110948  0.0701342 -1.70398 -2.12629 -9.42294 
               309.1  11.1573 -24.7913 -108.362  5.11146  4.90565 -2.31642 0 0 0   -0.011 -0.02329  0.04412 0.0559752 -0.673098  0.187178 -0.00212806 -0.00122784 -0.00480812 -0.0166841  -0.112168  0.0703394 -1.70385 -2.12641 -9.42294 
             309.199  13.4448 -26.8256 -115.258  5.13255  4.82955 -2.28571 0 0 0   -0.011 -0.02329  0.04412 0.113894 -0.66534 0.318322 -0.00209949 -0.00119309 -0.00480844 -0.0176316  -0.113807  0.0705012 -1.70368 -2.12656 -9.42294 
             309.299  15.1818 -25.9428 -122.734   5.1588  4.75623 -2.24538 0 0 0   -0.011 -0.02329  0.04412  0.145099 -0.628004  0.294032  -0.0020589 -0.00118592 -0.00478182 -0.0185346    -0.1156  0.0700109 -1.70351  -2.1267 -9.42293 
             309.399  16.6106 -25.0154 -128.702  5.18697   4.6866 -2.22104 0 0 0   -0.011 -0.02329  0.04412  0.171341 -0.560611  0.208429 -0.00202454 -0.00121994 -0.00476454 -0.0190391  -0.117255  0.0708334 -1.70333 -2.12684 -9.42293 
             309.499  18.4047 -25.1006 -134.073  5.22228  4.62022 -2.20748 0 0 0   -0.011 -0.02329  0.04412  0.249858 -0.553293 0.0725848  -0.0020281 -0.00123527 -0.00479339 -0.0193908  -0.119284  0.0717167 -1.70312   -2.127 -9.42294 
             309.599   19.788 -26.2091 -139.518  5.26004  4.54909 -2.20396 0 0 0   -0.011 -0.02329  0.04412   0.286076  -0.606722 -0.0277982 -0.00203044 -0.00122068 -0.00482459 -0.0200415  -0.120983  0.0723459 -1.70298 -2.12719 -9.42292 
               309.7  22.0538 -26.4443 -144.882  5.30341  4.47827 -2.20634 0 0 0   -0.011 -0.02329  0.04412   0.309297  -0.619928 -0.0195346 -0.00199458 -0.00119582 -0.00483667 -0.0199863  -0.122845  0.0728425  -1.7028 -2.12733 -9.42292 
             309.799  25.0815 -25.1945 -150.936  5.34629  4.40498 -2.19518 0 0 0   -0.011 -0.02329  0.04412  0.349952 -0.610632  0.136767 -0.00200607 -0.00120001 -0.00483825 -0.0204677  -0.124683  0.0727706 -1.70268 -2.12751  -9.4229 
             309.899  27.5511 -23.4327 -157.151  5.38922  4.33576 -2.17643 0 0 0   -0.011 -0.02329  0.04412  0.339219 -0.566794  0.237959 -0.00199856 -0.00121871 -0.00481174 -0.0203976  -0.126021  0.0736294 -1.70257 -2.12765 -9.42289 
             309.999  29.4163 -22.4502 -163.479  5.43002  4.26687 -2.15411 0 0 0   -0.011 -0.02329  0.04412    0.2619 -0.591281  0.166476 -0.00197762 -0.00119349 -0.00482125 -0.020333 -0.127788 0.0740051 -1.70245 -2.12783 -9.42287 
             310.099  29.8432 -22.1331 -166.938   5.4627   4.1991 -2.13009 0 0 0   -0.011 -0.02329  0.04412  0.157356 -0.585936  0.198607 -0.00198557 -0.00113822 -0.00483724 -0.0200429   -0.12952  0.0739298 -1.70231 -2.12798 -9.42286 
             310.199  29.4074 -21.5533 -167.931  5.48546  4.13116 -2.11178 0 0 0   -0.011 -0.02329  0.04412 0.0569406 -0.591951  0.135653 -0.00198137 -0.00114822 -0.00487805 -0.0192749  -0.131064  0.0743158 -1.70215 -2.12813 -9.42286 
             310.299  29.6773 -20.7091 -168.303  5.50431  4.06228 -2.09982 0 0 0   -0.011 -0.02329  0.04412 0.00202047  -0.618804  0.0493433 -0.00199465 -0.00116408  -0.0048904 -0.0180462  -0.132815  0.0743739 -1.70194 -2.12829 -9.42286 
             310.399  30.1409 -20.8121 -167.528  5.51323  3.98978 -2.09659 0 0 0   -0.011 -0.02329  0.04412 -0.0755522  -0.628442  0.0247986 -0.00200166 -0.00114953 -0.00491747 -0.0169714  -0.134278  0.0747857 -1.70178 -2.12845 -9.42285 
             310.499  32.2787 -21.4505 -165.985  5.51611  3.91564 -2.08873 0 0 0   -0.011 -0.02329  0.04412 -0.111714 -0.640586  0.171489 -0.00202136 -0.00115863 -0.00492106 -0.0157804  -0.135864  0.0752526 -1.70161 -2.12863 -9.42284 
             310.599  33.5361 -22.1181 -163.245  5.52317  3.84109 -2.06182 0 0 0   -0.011 -0.02329  0.04412 -0.0493092  -0.703165   0.363565 -0.00206661 -0.00116381 -0.00494012 -0.0142165  -0.137249  0.0754572 -1.70139 -2.12878 -9.42285 
             310.699  28.7855 -22.9592 -154.504  5.53307  3.75536 -2.01751 0 0 0   -0.011 -0.02329  0.04412 0.0132859 -0.772145  0.377193 -0.00205908 -0.00115846 -0.00496329 -0.013398 -0.139078  0.075536 -1.70125 -2.12897 -9.42283 
               310.8  20.1186 -23.4977 -138.552 5.54808 3.66953 -1.9885 0 0 0   -0.011 -0.02329  0.04412 0.0664284 -0.740427  0.287285 -0.00198765 -0.00124985 -0.00505139 -0.0122426  -0.140233  0.0764077  -1.7011 -2.12912 -9.42282 
             310.899  12.3282 -21.4358 -121.188  5.57014  3.59153 -1.96404 0 0 0   -0.011 -0.02329  0.04412  0.110381 -0.725396  0.193625 -0.00201181 -0.00133738 -0.00514249 -0.0110256   -0.14129  0.0766558 -1.70092 -2.12922 -9.42283 
             310.999  7.10713 -18.1009 -107.137  5.59168  3.50961 -1.95153 0 0 0   -0.011 -0.02329  0.04412  0.137785 -0.732228 0.0454855 -0.00206155 -0.00140882 -0.00512735 -0.0105664  -0.142595  0.0771934 -1.70081 -2.12935 -9.42282 
             311.099  4.88304 -15.5138 -98.3631  5.61619   3.4236 -1.94493 0 0 0   -0.011 -0.02329  0.04412   0.174998  -0.753442 -0.0109245 -0.00211695 -0.00139372 -0.00505748 -0.0108485  -0.144379  0.0772272  -1.7007 -2.12953  -9.4228 
             311.199   4.4025 -13.9785 -95.2175  5.64536  3.33631 -1.94371 0 0 0   -0.011 -0.02329  0.04412  0.245888 -0.740752 0.0993569  -0.0021651 -0.00135582 -0.00490181 -0.0113213  -0.145853  0.0780477 -1.70058 -2.12969 -9.42279 
             311.299  4.46033 -13.2081 -93.9963  5.68164  3.25481 -1.92258 0 0 0   -0.011 -0.02329  0.04412  0.254936 -0.674224  0.241274 -0.00217316 -0.00133338 -0.00477884 -0.0120543  -0.147477  0.0783313 -1.70043 -2.12984 -9.42278 
               311.4  3.81452  -13.802 -91.5601  5.71398  3.17367 -1.89592 0 0 0   -0.011 -0.02329  0.04412  0.177005 -0.636426  0.222976 -0.00219055 -0.00131479 -0.00473802 -0.0137486  -0.149053  0.0785054 -1.70028 -2.13005 -9.42276 
             311.499  3.34092 -14.5575 -89.1419  5.74123  3.10019 -1.86839 0 0 0   -0.011 -0.02329  0.04412  0.113909 -0.643437  0.247324 -0.00218287 -0.00130165 -0.00472831 -0.0148909  -0.150634   0.078585 -1.70011 -2.13019 -9.42276 
             311.599  3.18276  -14.696 -87.0709  5.76287  3.02388 -1.83966 0 0 0   -0.011 -0.02329  0.04412 0.0424736 -0.670323   0.14918 -0.00217457 -0.00128486   -0.004742 -0.0163353  -0.152245  0.0781361 -1.69993 -2.13035 -9.42276 
             311.699  3.86298 -15.4837 -85.0489  5.77741  2.95119 -1.82742 0 0 0   -0.011 -0.02329  0.04412 -0.0237324  -0.703712  0.0240226 -0.00217846 -0.00131818 -0.00473101 -0.0169536  -0.153797  0.0780227 -1.69975 -2.13041 -9.42278 
               311.8  4.42388 -16.7709 -82.9576 5.78103 2.87092 -1.8258 0 0 0   -0.011 -0.02329  0.04412 -0.0801897  -0.720812  0.0459246 -0.00218167 -0.00131259 -0.00473821 -0.0179645  -0.154808  0.0783964 -1.69961 -2.13051 -9.42278 
               311.9  4.67597 -19.0158 -81.3554  5.78065  2.78639 -1.81149 0 0 0   -0.011 -0.02329  0.04412 -0.0940696  -0.716171   0.220146 -0.00216414 -0.00128948 -0.00473445 -0.0195245  -0.155754  0.0786562 -1.69948 -2.13067 -9.42277 
             311.999  4.75662 -20.9247 -80.3284   5.7839  2.70531 -1.77914 0 0 0   -0.011 -0.02329  0.04412 -0.0418971  -0.703745    0.36731  -0.0021584 -0.00129319  -0.0047426 -0.0208912  -0.156841  0.0789223 -1.69932  -2.1308 -9.42276 
               312.1  5.25563 -20.3294  -79.757  5.79432  2.62117 -1.74583 0 0 0   -0.011 -0.02329  0.04412 0.0385306 -0.700479  0.311334 -0.00213183 -0.00131321 -0.00473369 -0.0225306  -0.157864  0.0796493 -1.69915 -2.13096 -9.42276 
             312.199  5.34378 -18.9288 -78.9041  5.80937  2.53973 -1.71449 0 0 0   -0.011 -0.02329  0.04412 0.104045 -0.68615 0.254328 -0.00212866 -0.00135744 -0.00472485 -0.0240843  -0.158526  0.0799523 -1.69903 -2.13111 -9.42275 
               312.3  4.98291 -17.2905 -77.8047  5.83508  2.45546 -1.68492 0 0 0   -0.011 -0.02329  0.04412 0.170018 -0.70539  0.16053 -0.00212966 -0.00136271 -0.00472411 -0.0261942  -0.159558  0.0798717 -1.69886 -2.13131 -9.42273 
             312.399   4.0669 -16.0247 -76.8724  5.86329  2.37285 -1.67134 0 0 0   -0.011 -0.02329  0.04412  0.199465 -0.704601  0.019882 -0.00213232  -0.0013744 -0.00472421 -0.0278274  -0.160339  0.0800501 -1.69872 -2.13146 -9.42272 
               312.5  4.06366 -16.1214 -76.7488 5.89196   2.293  -1.667 0 0 0   -0.011 -0.02329  0.04412    0.212857   -0.677903 -0.00372401 -0.00212829 -0.00135044 -0.00470549 -0.0293422  -0.161003  0.0800825  -1.6986  -2.1316 -9.42271 
             312.599  5.16128 -17.8096 -77.3224  5.92753  2.21811 -1.66151 0 0 0   -0.011 -0.02329  0.04412 0.263741 -0.60828 0.154888 -0.00214995 -0.00133439 -0.00468828 -0.0307589   -0.16204  0.0806447 -1.69843 -2.13172 -9.42272 
             312.699  6.16437 -19.2646 -78.2196  5.96211  2.14678 -1.64268 0 0 0   -0.011 -0.02329  0.04412  0.284427 -0.585871  0.236431 -0.00215908 -0.00131498 -0.00469289 -0.0321835  -0.162492  0.0814998 -1.69831 -2.13185 -9.42271 
             312.799  4.98881 -19.6596 -78.7862 6.00021 2.07722 -1.6145 0 0 0   -0.011 -0.02329  0.04412   0.23861 -0.568962  0.225148 -0.00214923 -0.00128786 -0.00469735 -0.0339645  -0.163414  0.0814797 -1.69815   -2.132  -9.4227 
             312.899  3.92368 -19.7202 -80.0069  6.0292 2.00843 -1.5879 0 0 0   -0.011 -0.02329  0.04412 0.148564 -0.57368 0.219086 -0.00211994 -0.00128625 -0.00470808 -0.0355901   -0.16409  0.0816853 -1.69801 -2.13215 -9.42269 
                 313  3.46323 -19.8067 -80.8575  6.04314  1.93756 -1.57007 0 0 0   -0.011 -0.02329  0.04412 0.0160778  -0.60311  0.107306  -0.0021153 -0.00130316 -0.00468534 -0.0370894  -0.164322  0.0821326 -1.69792  -2.1323 -9.42268 
             313.099  4.16044 -20.5565 -81.3246  6.05145  1.86066 -1.56258 0 0 0   -0.011 -0.02329  0.04412 -0.0619845  -0.700724  0.0353585 -0.00212615 -0.00130914  -0.0047006 -0.0386935  -0.165216   0.082701 -1.69776 -2.13244 -9.42267 
             313.199  4.79934 -20.3455 -82.3002  6.04938   1.7736 -1.55425 0 0 0   -0.011 -0.02329  0.04412 -0.0980342  -0.804964   0.105141 -0.00212048 -0.00129605 -0.00470633 -0.0401822  -0.165622  0.0829542 -1.69767 -2.13259 -9.42266 
             313.299  4.54883 -17.7365 -82.9123  6.05328  1.68197 -1.53318 0 0 0   -0.011 -0.02329  0.04412 -0.0825903  -0.803102   0.308623 -0.00213756 -0.00130441 -0.00469324 -0.0415576  -0.166866  0.0834581 -1.69749  -2.1327 -9.42266 
             313.399  4.34627 -14.5753  -83.276  6.05728  1.59302 -1.48929 0 0 0   -0.011 -0.02329  0.04412 -0.0500049  -0.759528   0.385246 -0.00214651 -0.00134097 -0.00469728 -0.0432439  -0.167905  0.0833801 -1.69734 -2.13285 -9.42266 
             313.499  4.10156 -9.95324 -83.1944  6.06186  1.50468 -1.44596 0 0 0   -0.011 -0.02329  0.04412 0.0275531 -0.773355  0.345494 -0.00214559 -0.00136431 -0.00469982 -0.0448064  -0.168407  0.0831528 -1.69726 -2.13299 -9.42264 
             313.599   3.2589 -4.48571 -82.3587  6.07898  1.41848 -1.41433 0 0 0   -0.011 -0.02329  0.04412  0.097646 -0.744779  0.273474 -0.00218655 -0.00139357 -0.00468629 -0.0460431  -0.169402  0.0837162 -1.69711  -2.1331 -9.42264 
               313.7    2.05164 -0.0221353   -80.3541  6.09754  1.32424 -1.39675 0 0 0   -0.011 -0.02329  0.04412  0.123643 -0.751557  0.120797 -0.00219616 -0.00140514 -0.00468547 -0.0481793  -0.169934  0.0846051 -1.69699 -2.13331 -9.42262 
             313.799 0.890411  3.07825 -78.5592  6.12297  1.24428 -1.39263 0 0 0   -0.011 -0.02329  0.04412   0.141088  -0.722307 -0.0162206 -0.00223161 -0.00141512 -0.00470876 -0.0490271  -0.171151  0.0849851 -1.69683 -2.13337 -9.42263 
             313.899  0.94602  4.92926 -78.3128 6.14902 1.16462  -1.398 0 0 0   -0.011 -0.02329  0.04412   0.185445   -0.69237 -0.0412559 -0.00227441 -0.00142075 -0.00468718 -0.0500899  -0.172152  0.0853175 -1.69669 -2.13346 -9.42264 
                 314 0.814643  5.33626 -79.6277  6.18453  1.08328 -1.38938 0 0 0   -0.011 -0.02329  0.04412  0.238752 -0.662421  0.120673 -0.00232825 -0.00139355 -0.00465803 -0.0518476  -0.173446  0.0847172  -1.6965 -2.13362 -9.42263 
               314.1 1.46768 4.60542 -81.766   6.2172  1.01086 -1.36362 0 0 0   -0.011 -0.02329  0.04412  0.230827 -0.629069  0.247379 -0.00234875 -0.00139215 -0.00462773 -0.0528296  -0.174266  0.0841548 -1.69638 -2.13371 -9.42263 
             314.199  1.12932  3.22137 -84.2224  6.25133 0.935271  -1.3381 0 0 0   -0.011 -0.02329  0.04412  0.207684 -0.661692  0.236652 -0.00237977 -0.00136959 -0.00462962 -0.0543427  -0.175283  0.0839037 -1.69622 -2.13384 -9.42263 
               314.3 0.140354  3.98019  -87.017  6.27315  0.85745 -1.30732 0 0 0   -0.011 -0.02329  0.04412  0.114683 -0.698374  0.230822 -0.00233431 -0.00136951 -0.00462105 -0.0553701  -0.175619  0.0831163 -1.69615 -2.13396 -9.42262 
             314.399 -0.43482  5.67338 -88.2642  6.29426 0.774438 -1.28426 0 0 0   -0.011 -0.02329  0.04412 0.0269208 -0.703033  0.150189 -0.00232832 -0.00140249 -0.00464064 -0.0569383  -0.176879  0.0825985 -1.69596 -2.13411 -9.42262 
             314.499 -0.294767   7.31821   -88.622  6.30228 0.690812 -1.27442 0 0 0   -0.011 -0.02329  0.04412 -0.0578897  -0.708037  0.0553968  -0.0023521 -0.00142958 -0.00464881 -0.0584428  -0.177765  0.0825432 -1.69582 -2.13424 -9.42262 
               314.6 -0.482764   8.43137  -88.5947  6.30765 0.608183 -1.27228 0 0 0   -0.011 -0.02329  0.04412 -0.124877 -0.669278  0.021187 -0.00238925 -0.00142533 -0.00465494 -0.0599479  -0.179196  0.0825283 -1.69563 -2.13436 -9.42262 
               314.7 -0.770204   6.94914  -87.0581  6.29805 0.529404 -1.26428 0 0 0   -0.011 -0.02329  0.04412 -0.193894 -0.605267  0.129814 -0.00236991 -0.00141045 -0.00465455 -0.0614973  -0.179838  0.0821139 -1.69553 -2.13452  -9.4226 
               314.8 -0.823781   2.85699  -84.2049   6.2971  0.45867 -1.24241 0 0 0   -0.011 -0.02329  0.04412 -0.168068 -0.528436  0.308873 -0.00238715 -0.00135967 -0.00470317 -0.0631038  -0.181733   0.082028  -1.6953 -2.13466 -9.42261 
               314.9 -0.311808  -1.81486  -81.4748  6.29406 0.398555 -1.20131 0 0 0   -0.011 -0.02329  0.04412  -0.14036 -0.478023  0.307631 -0.00237375 -0.00131438 -0.00473686 -0.0641204  -0.183018  0.0810185 -1.69514 -2.13479 -9.42261 
             314.999  0.58918 -6.23908 -79.6559  6.29309 0.337801 -1.17024 0 0 0   -0.011 -0.02329  0.04412 -0.0723825  -0.462692   0.246603 -0.00234799 -0.00130911 -0.00475303 -0.0655336  -0.184007  0.0804605 -1.69501 -2.13494  -9.4226 
               315.1   1.1501 -10.5511 -78.1163  6.29766 0.277726 -1.13953 0 0 0   -0.011 -0.02329  0.04412 -0.0132979  -0.492292   0.175257 -0.00231447 -0.00132054 -0.00473696 -0.0669398  -0.184801  0.0793785  -1.6949 -2.13511 -9.42259 
               315.2  0.72496 -13.2592 -77.1387  6.30712  0.21213 -1.12102 0 0 0   -0.011 -0.02329  0.04412 0.0426664 -0.591963 0.0759205 -0.00225966 -0.00130722 -0.00474522 -0.0682761  -0.185457  0.0787892 -1.69479 -2.13525 -9.42257 
             315.299 0.405083 -15.1634 -76.7866  6.32827 0.141128 -1.11512 0 0 0   -0.011 -0.02329  0.04412   0.107128  -0.613611 -0.0256923 -0.00221264 -0.00134036 -0.00474473 -0.0696293  -0.186743  0.0785485 -1.69462 -2.13536 -9.42258 
             315.399 0.425264 -19.2238 -75.3368   6.34996 0.0711664  -1.11484 0 0 0   -0.011 -0.02329  0.04412   0.131629  -0.536472 0.00580444  -0.0021668 -0.00132457 -0.00476235 -0.0712191   -0.18753  0.0784921 -1.69448 -2.13549 -9.42257 
             315.499 0.979796  -24.718 -73.8091   6.37521 0.0109368  -1.10896 0 0 0   -0.011 -0.02329  0.04412  0.158543 -0.475389   0.19696  -0.0021617 -0.00132878 -0.00477223 -0.0725579  -0.188428  0.0792481 -1.69434 -2.13559 -9.42258 
             315.599  1.11864 -27.5064 -73.2249    6.40094 -0.0415844   -1.08525 0 0 0   -0.011 -0.02329  0.04412  0.128015 -0.463166   0.19581  -0.0021319 -0.00131762 -0.00478518 -0.073453 -0.189404 0.0792328 -1.69421 -2.13565 -9.42259 
               315.7  1.07833 -29.2283 -74.0861   6.42035 -0.094887  -1.06781 0 0 0   -0.011 -0.02329  0.04412 0.0626441 -0.447432  0.193193 -0.00207916 -0.00138796 -0.00479823 -0.0744614  -0.190159  0.0798445 -1.69409 -2.13572 -9.42259 
               315.8  2.00721 -30.1079 -75.1213  6.43608 -0.14891 -1.05261 0 0 0   -0.011 -0.02329  0.04412 0.000107431   -0.439574    0.118702 -0.00205413 -0.00141354 -0.00476594 -0.0757118  -0.191183  0.0805875 -1.69393 -2.13581  -9.4226 
               315.9  2.38009 -31.2568 -74.6049   6.43935 -0.209697  -1.04219 0 0 0   -0.011 -0.02329  0.04412  -0.07278 -0.485173 0.0425998  -0.0020716 -0.00143311 -0.00478355 -0.0774197  -0.191442  0.0811788 -1.69383 -2.13597 -9.42258 
                 316  1.94524 -32.3591 -73.6346   6.43654 -0.272483  -1.03258 0 0 0   -0.011 -0.02329  0.04412 -0.125552 -0.539736 0.0615327 -0.00206587 -0.00143245 -0.00480712 -0.0789445  -0.191819   0.081429 -1.69374  -2.1361 -9.42257 
             316.099  1.17003 -33.0806 -72.4667   6.42378 -0.342826  -1.02116 0 0 0   -0.011 -0.02329  0.04412 -0.19461  -0.5598 0.135356 -0.00202143 -0.00143766 -0.00482564 -0.0805148  -0.191724  0.0819688 -1.69368 -2.13626 -9.42254 
             316.199 0.907783 -33.8103 -71.2759   6.40855 -0.405422 -0.991995 0 0 0   -0.011 -0.02329  0.04412   -0.1841 -0.512086  0.335554 -0.00201043 -0.00145478 -0.00483722 -0.0817013  -0.191904  0.0819856 -1.69363 -2.13636 -9.42253 
               316.3  1.78974 -34.1906 -71.4371   6.40505 -0.469202 -0.960838 0 0 0   -0.011 -0.02329  0.04412   -0.1275 -0.497426  0.263281 -0.00204133 -0.00146166 -0.00481491 -0.0831922  -0.192764  0.0831285 -1.69347 -2.13649 -9.42253 
             316.399  1.53008 -34.1433 -70.6808   6.40327 -0.531112 -0.939426 0 0 0   -0.011 -0.02329  0.04412 -0.0598695   -0.49567   0.197221  -0.0020363 -0.00146579 -0.00480481 -0.084404 -0.193139 0.0840462 -1.69337 -2.13661 -9.42252 
             316.499  1.41752 -32.6802 -69.7086   6.40999 -0.592264 -0.916338 0 0 0   -0.011 -0.02329  0.04412 -0.00727579   -0.475808    0.221155 -0.00202916 -0.00145995 -0.00481688 -0.0858093   -0.19373  0.0848789 -1.69325 -2.13674 -9.42251 
             316.599  1.74291 -30.8905 -69.2205   6.41967 -0.649588 -0.900108 0 0 0   -0.011 -0.02329  0.04412 0.0358424 -0.445161  0.110643 -0.00204927 -0.00148499 -0.00481155 -0.0869265  -0.194186  0.0858614 -1.69314 -2.13685 -9.42251 
               316.7   2.2793 -29.6603 -69.5633   6.43079 -0.703011 -0.889027 0 0 0   -0.011 -0.02329  0.04412 0.0767355 -0.429587 0.0382713 -0.00205345  -0.0014787 -0.00481717 -0.088144 -0.194424 0.0861997 -1.69307 -2.13695  -9.4225 
               316.8 3.70181 -28.765 -71.201   6.44418 -0.756695 -0.885944 0 0 0   -0.011 -0.02329  0.04412  0.139087 -0.407641 0.0166176 -0.00205698 -0.00147549 -0.00481334 -0.0892471  -0.194305  0.0868918 -1.69301 -2.13707 -9.42248 
               316.9  4.42917 -28.3636 -73.7602   6.46916  -0.81482 -0.881449 0 0 0   -0.011 -0.02329  0.04412  0.233289 -0.414809   0.10847 -0.00207301 -0.00144715 -0.00479281 -0.0909366  -0.194261  0.0880083 -1.69292 -2.13725 -9.42246 
             316.999  5.57153 -26.6176 -78.1408   6.49838 -0.869735 -0.862055 0 0 0   -0.011 -0.02329  0.04412  0.227615 -0.465353  0.236786 -0.00206262 -0.00143824  -0.0047813 -0.0922204  -0.194428  0.0886436 -1.69283 -2.13737 -9.42244 
             317.099   5.9814 -22.8904 -80.8523   6.52946 -0.931133 -0.833319 0 0 0   -0.011 -0.02329  0.04412  0.223709 -0.523078  0.199732 -0.00207017   -0.001441 -0.00476004 -0.0937943  -0.194774  0.0889434 -1.69274 -2.13749 -9.42243 
               317.2  5.33202 -19.0928 -80.9142   6.55252  -1.00018 -0.814933 0 0 0   -0.011 -0.02329  0.04412  0.128016 -0.524107  0.135065 -0.00207754 -0.00145938 -0.00477542 -0.0955007  -0.194744   0.089644 -1.69266 -2.13766 -9.42241 
             317.299  5.09701 -15.6111 -80.1319  6.57037 -1.06781 -0.79337 0 0 0   -0.011 -0.02329  0.04412 0.0532685 -0.519259  0.200832 -0.00209972 -0.00143323 -0.00481819 -0.0974067  -0.195229     0.0901 -1.69255 -2.13782 -9.42239 
             317.399  5.39524 -11.1709 -80.0755   6.58305   -1.1309 -0.774025 0 0 0   -0.011 -0.02329  0.04412 -0.00594797   -0.522171    0.155969 -0.00215618 -0.00143412 -0.00482085 -0.0987525   -0.19605  0.0907337 -1.69242 -2.13792 -9.42239 
               317.5  5.22778 -7.25148 -80.3483    6.5923  -1.19198 -0.762583 0 0 0   -0.011 -0.02329  0.04412 -0.0473242  -0.541753  0.0756068 -0.00221442 -0.00144701 -0.00479618 -0.0998575   -0.19711  0.0913099 -1.69229   -2.138  -9.4224 
             317.599  4.00461 -2.57989 -80.5011  6.59714 -1.25419 -0.76082 0 0 0   -0.011 -0.02329  0.04412 -0.0858182  -0.609778  0.0595311 -0.00224842 -0.00145058 -0.00477128 -0.100503 -0.198209 0.0920031 -1.69215 -2.13804 -9.42241 
               317.7  2.99523  3.38076 -80.2921   6.59483  -1.32463 -0.751651 0 0 0   -0.011 -0.02329  0.04412 -0.109019 -0.645827  0.128152 -0.00226288 -0.00147429 -0.00475908 -0.101417 -0.198872 0.0924299 -1.69206 -2.13811 -9.42241 
             317.799  2.87517   9.1912 -80.0388    6.5889  -1.39757 -0.736576 0 0 0   -0.011 -0.02329  0.04412 -0.120326 -0.654536 0.0890376 -0.00230745 -0.00151698 -0.00476368 -0.102359  -0.19935 0.0922854 -1.69199 -2.13819 -9.42241 
               317.9   3.0947  14.8875 -79.8194   6.57865  -1.46616 -0.727162 0 0 0   -0.011 -0.02329  0.04412 -0.142068 -0.529694 0.0201823 -0.00235695 -0.00152898 -0.00474154 -0.103268 -0.199534 0.0919708 -1.69195 -2.13827  -9.4224 
                 318  3.24061  18.4762 -79.5344   6.57051  -1.51514 -0.716754 0 0 0   -0.011 -0.02329  0.04412  -0.145948  -0.347217 0.00260437 -0.00241714   -0.001555 -0.00473092 -0.103867 -0.200138  0.091029 -1.69189 -2.13834 -9.42239 
             318.099   3.3422  20.7632 -79.8499     6.562  -1.55745 -0.712153 0 0 0   -0.011 -0.02329  0.04412   -0.125492    -0.24833 -0.00403967 -0.00245977 -0.00151531  -0.0047065 -0.105115 -0.200502 0.0904516 -1.69182 -2.13847 -9.42238 
             318.199  3.26594  22.5948 -80.0104   6.56683  -1.58709 -0.713344 0 0 0   -0.011 -0.02329  0.04412 -0.0686674   -0.13924 -0.0181173 -0.00249848 -0.00151343 -0.00469728 -0.106372 -0.201798 0.0903765 -1.69165 -2.13855 -9.42239 
               318.3  2.95533  23.3978 -79.9036   6.56823  -1.61111 -0.711942 0 0 0   -0.011 -0.02329  0.04412 -0.0506493 -0.0767799 -0.0318299 -0.00250038 -0.00149218 -0.00467106 -0.107608 -0.202323 0.0897423 -1.69156 -2.13867 -9.42238 
             318.399  3.08913  23.7889 -79.3291   6.58436  -1.62932 -0.708453 0 0 0   -0.011 -0.02329  0.04412 -1.27137e-05   -0.0138705   -0.0294585 -0.00251527  -0.0014711 -0.00469398 -0.108905  -0.20399 0.0888154 -1.69136 -2.13879 -9.42239 
               318.5  3.24917   23.388 -78.8509   6.60037  -1.64318 -0.713146 0 0 0   -0.011 -0.02329  0.04412   0.054632  0.0511637 -0.0324654  -0.0025358 -0.00147397 -0.00469217 -0.110534 -0.205055 0.0885116  -1.6912 -2.13891 -9.42239 
               318.6  2.98803  21.3121 -78.3775    6.6223  -1.65163 -0.711901 0 0 0   -0.011 -0.02329  0.04412  0.0947034   0.133791 0.00475458 -0.00253245  -0.0014518 -0.00469414 -0.112123 -0.206186 0.0877061 -1.69103 -2.13905 -9.42239 
               318.7  2.83648   16.999 -77.4521   6.64651  -1.63943 -0.702912 0 0 0   -0.011 -0.02329  0.04412 0.0950288  0.300029 0.0767771 -0.00252834 -0.00143235 -0.00470188 -0.112801 -0.207467 0.0868867 -1.69089 -2.13914 -9.42239 
               318.8   2.5353   7.5369 -74.5021   6.66595  -1.61233 -0.684606 0 0 0   -0.011 -0.02329  0.04412 0.0232969  0.578597  0.117038 -0.00250739 -0.00136973 -0.00473319 -0.114023 -0.208445 0.0856583 -1.69074  -2.1393 -9.42238 
             318.899  1.02038 -7.66999 -69.3451   6.66624   -1.5643 -0.674667 0 0 0   -0.011 -0.02329  0.04412  -0.136489   0.669745 -0.0825819 -0.00243428 -0.00126827 -0.00484038 -0.115243 -0.208749 0.0845659 -1.69066 -2.13945 -9.42236 
                 319   -1.188 -23.4951 -65.6716   6.66442  -1.52869 -0.689144 0 0 0   -0.011 -0.02329  0.04412 -0.157029  0.465419 -0.197586 -0.00234282 -0.00116509 -0.00491339  -0.11754 -0.209673 0.0836873 -1.69047 -2.13966 -9.42235 
               319.1 -1.99974 -32.0031  -65.341   6.66616  -1.51033 -0.703634 0 0 0   -0.011 -0.02329  0.04412 -0.0916777   0.256868  -0.110497 -0.00222368 -0.00115418 -0.00497728 -0.119574  -0.21065 0.0833518 -1.69029 -2.13981 -9.42235 
               319.2  -3.1041 -34.5009 -64.7078    6.6683  -1.49632 -0.706256 0 0 0   -0.011 -0.02329  0.04412 -0.0980156   0.174873 -0.0877396  -0.0021163 -0.00131283 -0.00496478   -0.1205 -0.211496 0.0827435 -1.69018 -2.13988 -9.42235 
               319.3 -4.20254 -35.8767 -63.4757  6.66767   -1.485 -0.71274 0 0 0   -0.011 -0.02329  0.04412  -0.116407   0.192615 -0.0461863  -0.0020688 -0.00140157 -0.00497804 -0.121486 -0.212209 0.0830421 -1.69006 -2.13994 -9.42236 
               319.4 -4.62575 -37.0509 -62.7678   6.66278  -1.47616 -0.713357 0 0 0   -0.011 -0.02329  0.04412  -0.149471   0.190103 -0.0518675 -0.00205273 -0.00143503 -0.00498981 -0.122807 -0.212567 0.0832548 -1.68997 -2.14004 -9.42235 
               319.5 -3.93917 -38.7232 -62.7602   6.65236  -1.47244 -0.720447 0 0 0   -0.011 -0.02329  0.04412  -0.163718   0.169128 -0.0701394 -0.00204794 -0.00146093 -0.00498369 -0.124103 -0.212488 0.0842095 -1.68989 -2.14017 -9.42234 
             319.599 -3.02093 -40.3551 -63.2723   6.64878  -1.47177 -0.726089 0 0 0   -0.011 -0.02329  0.04412  -0.117615   0.137553 -0.0366809 -0.00206187 -0.00145517 -0.00498615 -0.125641  -0.21288 0.0854251 -1.68976 -2.14031 -9.42233 
               319.7 -2.33463 -41.1738 -64.4105   6.63646  -1.47658 -0.722149 0 0 0   -0.011 -0.02329  0.04412    -0.125146    0.0896483 -0.000212772 -0.00202615 -0.00143436 -0.00499045 -0.127216 -0.212116 0.0859325 -1.68974 -2.14048 -9.42229 
             319.799 -1.10523 -41.4319 -65.7508   6.62722  -1.47756 -0.725501 0 0 0   -0.011 -0.02329  0.04412   -0.131631    0.088092 -0.00363291 -0.00200081 -0.00146699 -0.00497772 -0.127799 -0.212043 0.0869823 -1.68969 -2.14057 -9.42228 
             319.899 -0.0699436   -41.5348   -66.1459   6.61908   -1.4802 -0.722257 0 0 0   -0.011 -0.02329  0.04412  -0.129067  0.0834664 0.00784651 -0.00201559 -0.00148348 -0.00498412 -0.128989 -0.211995 0.0876068 -1.68963 -2.14068 -9.42227 
             319.999  1.03518 -41.4922 -66.4538     6.613   -1.4816 -0.719432 0 0 0   -0.011 -0.02329  0.04412 -0.112455  0.099951 0.0118162 -0.00202859 -0.00146859 -0.00500562 -0.130046 -0.212102 0.0883223 -1.68956 -2.14078 -9.42226 
             320.099   1.6517 -41.5383 -66.5957   6.61093  -1.47657 -0.719522 0 0 0   -0.011 -0.02329  0.04412   -0.0804155     0.135326 -0.000335285  -0.0020433 -0.00145481  -0.0049976 -0.130731 -0.212528 0.0890507 -1.68948 -2.14084 -9.42226 
               320.2  1.06652 -41.5477  -66.306   6.61152  -1.47556 -0.720101 0 0 0   -0.011 -0.02329  0.04412  -0.0555095    0.145329 -0.00908342 -0.00202166 -0.00147579 -0.00502596 -0.131857 -0.212607 0.0901277  -1.6894 -2.14097 -9.42224 
             320.299 0.821333 -41.8238 -66.3446   6.61548  -1.47085 -0.716847 0 0 0   -0.011 -0.02329  0.04412  -0.0584969    0.154764 -0.00364984  -0.0020209 -0.00145567 -0.00501974 -0.133177 -0.213045 0.0907627  -1.6893 -2.14106 -9.42224 
               320.4 0.790322  -42.135 -66.2922   6.61202  -1.46974 -0.720269 0 0 0   -0.011 -0.02329  0.04412 -0.0693177   0.144796 -0.0140307  -0.0020123 -0.00145844 -0.00501167 -0.134038 -0.212726 0.0919968 -1.68925  -2.1412 -9.42222 
               320.5 0.843347 -42.3879 -66.2268    6.6114  -1.46714 -0.720482 0 0 0   -0.011 -0.02329  0.04412 -0.0684161   0.142158 -0.0111044  -0.0020317 -0.00144207 -0.00501347 -0.135114 -0.212806 0.0928848 -1.68918 -2.14131 -9.42221 
               320.6 0.878953  -42.558 -66.0844   6.60594  -1.46822 -0.727411 0 0 0   -0.011 -0.02329  0.04412 -0.0832471    0.12731  -0.028003 -0.00202969 -0.00148099 -0.00501258   -0.1358 -0.212364 0.0943629 -1.68913 -2.14145 -9.42218 
             320.699  1.10436 -42.8712 -65.9786   6.59988   -1.4648 -0.727277 0 0 0   -0.011 -0.02329  0.04412 -0.0905236    0.12922 -0.0167601  -0.0020173  -0.0014604 -0.00500097 -0.136728 -0.212225 0.0948745  -1.6891 -2.14155 -9.42217 
             320.799   1.1596 -43.0719 -65.7675   6.59737   -1.4596 -0.726177 0 0 0   -0.011 -0.02329  0.04412  -0.0786053    0.135557 -0.00671221 -0.00202807 -0.00146282  -0.0049973 -0.137645 -0.212427 0.0953988 -1.68903 -2.14162 -9.42216 
               320.9  1.02532 -43.1842 -65.6502   6.58656  -1.45705 -0.729162 0 0 0   -0.011 -0.02329  0.04412 -0.0956542     0.1309 -0.0105297 -0.00199277 -0.00146138 -0.00500718 -0.138139 -0.211773 0.0962408 -1.68904 -2.14173 -9.42214 
                 321 0.936246 -43.1865 -65.5638   6.58505  -1.46049 -0.728645 0 0 0   -0.011 -0.02329  0.04412  -0.0832713    0.112712 -0.00539337 -0.00200151 -0.00146478 -0.00503129 -0.139514 -0.211773 0.0974074 -1.68895 -2.14188 -9.42212 
               321.1 0.754756 -43.1376 -65.5057   6.58294  -1.45788 -0.730127 0 0 0   -0.011 -0.02329  0.04412  -0.0827228     0.12022 -0.00763219 -0.00199223   -0.001467 -0.00499978 -0.140241 -0.211929 0.0982704 -1.68888 -2.14196 -9.42211 
               321.2  0.60139 -43.1551 -65.3638   6.58374  -1.46001 -0.726645 0 0 0   -0.011 -0.02329  0.04412 -0.0774859   0.112816 0.00331313 -0.00199855 -0.00145582 -0.00502702 -0.141718 -0.212126 0.0991537 -1.68879 -2.14208  -9.4221 
               321.3 0.662487 -43.1453 -65.3749   6.58206  -1.45582 -0.728462 0 0 0   -0.011 -0.02329  0.04412  -0.0800985    0.122542 -0.00455646 -0.00199809 -0.00148053 -0.00500959  -0.14227 -0.212341  0.100005 -1.68873 -2.14215 -9.42209 
               321.4 0.746788 -43.1858 -65.3314    6.5812  -1.45088 -0.729216 0 0 0   -0.011 -0.02329  0.04412  -0.0753237    0.130864 -0.00409719 -0.00200564 -0.00147715 -0.00499779 -0.142968 -0.212617   0.10077 -1.68866 -2.14222 -9.42209 
             321.499 0.850166 -43.1971 -65.2924   6.58012  -1.44988 -0.732651 0 0 0   -0.011 -0.02329  0.04412 -0.0734105   0.121987  -0.011055 -0.00199834 -0.00148772 -0.00502305 -0.143738 -0.212661  0.101987 -1.68858 -2.14233 -9.42208 
               321.6  1.26032 -43.1066 -65.5129   6.57814  -1.45324 -0.726853 0 0 0   -0.011 -0.02329  0.04412 -0.0678882   0.100806  0.0136945 -0.00200265 -0.00147908 -0.00501323 -0.145291 -0.212508   0.10266 -1.68852 -2.14247 -9.42206 
             321.699  1.32646 -42.9656 -65.5007   6.57233   -1.4566 -0.727267 0 0 0   -0.011 -0.02329  0.04412 -0.0756011  0.0897682 0.00820653 -0.00200148 -0.00147217 -0.00500914 -0.146067 -0.212051  0.103709 -1.68849 -2.14259 -9.42204 
               321.8  1.37236 -42.7944 -65.5643    6.5686  -1.45496 -0.721592 0 0 0   -0.011 -0.02329  0.04412 -0.0793075  0.0938827  0.0273068 -0.00199759 -0.00147805 -0.00501068 -0.146992 -0.212079  0.104008 -1.68845 -2.14266 -9.42203 
               321.9  1.57753 -42.5026 -65.8327   6.57018  -1.45595 -0.722962 0 0 0   -0.011 -0.02329  0.04412 -0.0606849  0.0760932  0.0248027 -0.00200832 -0.00146702 -0.00499278 -0.147622 -0.212411  0.105256 -1.68836 -2.14275 -9.42202 
                 322  1.93384 -41.5699 -66.4091   6.56815   -1.4635 -0.718977 0 0 0   -0.011 -0.02329  0.04412 -0.044567 0.0292514 0.0488523 -0.00200428 -0.00149138 -0.00500511 -0.148601 -0.212145  0.106213 -1.68832 -2.14287 -9.42201 
               322.1  1.98109 -39.8228 -67.0858    6.5698  -1.47742 -0.715777 0 0 0   -0.011 -0.02329  0.04412  0.0023198 -0.0474428  0.0746379 -0.00200443 -0.00147064 -0.00498427 -0.149433 -0.211918  0.107495 -1.68826 -2.14299 -9.42199 
               322.2  1.13963 -35.5222 -68.0795   6.58303  -1.50212 -0.700122 0 0 0   -0.011 -0.02329  0.04412  0.116212 -0.188417  0.170566 -0.00202165 -0.00147704 -0.00497425 -0.150839 -0.212032   0.10832 -1.68818 -2.14311 -9.42197 
             322.299 -0.78534 -27.1871 -69.3951   6.59775  -1.53516 -0.676295 0 0 0   -0.011 -0.02329  0.04412  0.156289 -0.294339  0.217019 -0.00200097 -0.00150131 -0.00497215 -0.151734 -0.211681  0.108687 -1.68816  -2.1432 -9.42196 
               322.4 -2.26654 -16.3645 -70.9007   6.62008  -1.58389 -0.648358 0 0 0   -0.011 -0.02329  0.04412  0.155786 -0.424323  0.173955 -0.00203204 -0.00156255 -0.00494899 -0.153456 -0.211792  0.109039 -1.68809 -2.14331 -9.42194 
             322.499 -2.66045 -4.92664 -71.3463    6.6378   -1.6385 -0.634983 0 0 0   -0.011 -0.02329  0.04412  0.133136 -0.447014 0.0852089 -0.00209375 -0.00161789 -0.00495406 -0.154483 -0.211746  0.109718 -1.68804 -2.14341 -9.42193 
               322.6 -1.80912  4.66398 -71.5217   6.65332  -1.70363 -0.633776 0 0 0   -0.011 -0.02329  0.04412   0.134423  -0.462548 0.00426366  -0.0022098 -0.00162244 -0.00497477 -0.156025 -0.211299  0.111107 -1.68799 -2.14357  -9.4219 
               322.7 -1.20668   11.283  -72.113   6.67785  -1.75924 -0.637034 0 0 0   -0.011 -0.02329  0.04412   0.182551  -0.395643 -0.0712853 -0.00234388 -0.00158711 -0.00495289 -0.157541 -0.211718  0.111654 -1.68789 -2.14368  -9.4219 
               322.8 -0.897146   15.0183  -73.3967   6.70788  -1.79195 -0.653098 0 0 0   -0.011 -0.02329  0.04412   0.218387   -0.28207 -0.0660649 -0.00246218 -0.00151685 -0.00491287 -0.157624 -0.212813  0.112463  -1.6878 -2.14364 -9.42192 
             322.899 -0.464958   16.0105    -75.16    6.7356  -1.82149 -0.659227 0 0 0   -0.011 -0.02329  0.04412    0.19713  -0.221511 -0.0395077 -0.00249804 -0.00144349 -0.00488128 -0.158277 -0.213301  0.112592 -1.68773 -2.14366 -9.42193 
                 323 -0.499738     15.42  -77.0258   6.75736  -1.84533 -0.656563 0 0 0   -0.011 -0.02329  0.04412   0.101237  -0.173357 -0.0253801 -0.00254704 -0.00137067 -0.00486474 -0.158801 -0.213692  0.111988 -1.68767 -2.14371 -9.42193 
               323.1 -0.915576   14.1105   -78.854  6.77999 -1.86923 -0.64644 0 0 0   -0.011 -0.02329  0.04412 0.0522883 -0.141622 0.0488981 -0.00257817 -0.00133596 -0.00487261  -0.15975 -0.214867  0.110958 -1.68753 -2.14379 -9.42194 
               323.2 -1.46018  11.6853 -80.3644   6.78896  -1.88803 -0.628609 0 0 0   -0.011 -0.02329  0.04412 -0.0130024  -0.106308  0.0537038 -0.00256329 -0.00133502  -0.0048684 -0.160177 -0.215363  0.109533 -1.68745  -2.1439 -9.42193 
               323.3 -1.76397  8.84714 -81.3782   6.79769  -1.90646 -0.615985 0 0 0   -0.011 -0.02329  0.04412 -0.0129961  -0.117737  0.0109507 -0.00255937 -0.00134231  -0.0048799 -0.160847 -0.216108   0.10838 -1.68735   -2.144 -9.42192 
               323.4 -2.79714  7.72687 -81.5408   6.80192  -1.93802 -0.613493 0 0 0   -0.011 -0.02329  0.04412 -0.0570445  -0.200653 -0.0309107 -0.00252858 -0.00133715 -0.00489656 -0.162283 -0.216401  0.107508 -1.68726 -2.14414 -9.42191 
               323.5 -2.5052 7.19988 -80.775   6.81113  -1.97456 -0.607999 0 0 0   -0.011 -0.02329  0.04412 -0.0761995  -0.248456   0.125762 -0.00250599 -0.00136895 -0.00492297 -0.163801 -0.217735  0.106845 -1.68709 -2.14426 -9.42191 
             323.599  -1.6184  5.75154 -78.8613   6.81313  -2.01372 -0.570872 0 0 0   -0.011 -0.02329  0.04412 -0.00303915   -0.281137    0.569458 -0.00250539 -0.00137581 -0.00494423 -0.164883 -0.218156  0.106113 -1.68702 -2.14437  -9.4219 
               323.7  -1.9085  5.98781 -77.7476    6.8295  -2.05539 -0.500187 0 0 0   -0.011 -0.02329  0.04412  0.103223 -0.204049    0.7276 -0.00250517  -0.0013537 -0.00496531 -0.166522 -0.218955  0.105739  -1.6869 -2.14449 -9.42189 
             323.799 -3.12403  7.23218 -77.2052   6.85652  -2.07948 -0.432254 0 0 0   -0.011 -0.02329  0.04412   0.115549 -0.0733918   0.549999 -0.00249863 -0.00140729 -0.00493417 -0.167752 -0.220228  0.105321 -1.68676 -2.14458 -9.42189 
               323.9 -3.72764  7.89114  -76.232   6.87388  -2.10004 -0.380258 0 0 0   -0.011 -0.02329  0.04412  0.0350092 -0.0599098   0.341005 -0.00242827  -0.0013997 -0.00494418 -0.169235 -0.220909  0.104494 -1.68666 -2.14472 -9.42188 
             323.999 -3.44887  8.29716 -75.2436   6.88646  -2.10253 -0.348686 0 0 0   -0.011 -0.02329  0.04412 -0.00460038  -0.0380061    0.127968 -0.00248377 -0.00141545 -0.00493605  -0.16906 -0.221973  0.103647 -1.68657 -2.14473 -9.42189 
               324.1 -2.40969   8.9756 -74.2651   6.89433  -2.11288 -0.338297 0 0 0   -0.011 -0.02329  0.04412 -0.0106828  0.0329416 -0.0146567 -0.00248566 -0.00139326 -0.00493874 -0.170042 -0.222664   0.10296 -1.68648 -2.14482 -9.42189 
               324.2 -0.489601   8.32359  -74.1649  6.90089 -2.11503 -0.32791 0 0 0   -0.011 -0.02329  0.04412 0.00619027   0.120918   0.113327 -0.00252175 -0.00139815 -0.00492736 -0.171032 -0.223053  0.101873  -1.6864 -2.14493 -9.42188 
               324.3  2.84455  7.00566 -76.0248  6.92163 -2.10847 -0.29746 0 0 0   -0.011 -0.02329  0.04412  0.153442 0.0941416  0.524337 -0.00254247 -0.00137473 -0.00491379  -0.17199 -0.224281  0.101882 -1.68627 -2.14496  -9.4219 
             324.399    2.298  7.40436 -78.5158   6.94538  -2.11172 -0.239464 0 0 0   -0.011 -0.02329  0.04412  0.107029 0.0233718  0.646272 -0.00257934 -0.00133993 -0.00489743 -0.173066 -0.224819  0.101836 -1.68619 -2.14502  -9.4219 
