            0.300096  0.406307 -0.105531 0.0972687 0.00313577 0.00424961 0.00391574 0 0 0   -0.011 -0.02329  0.04412 0.0264203 0.0023778 0.0019436 -0.00292517    0.013902   0.0418204 -1.55789e-08 -8.23904e-08 -7.08171e-08 -1.83047 -1.96507 -9.43421  6033
            0.400112   0.462349 -0.0111257   0.206505   0.00428099 -0.000239373 -0.000148609 0 0 0   -0.011 -0.02329  0.04412  0.0157042   -0.04129 -0.0415281 -0.00273639    0.013597   0.0410497 4.72715e-06 1.29903e-05 1.08202e-05 -1.83047 -1.96508 -9.43421  6003
            0.499972   0.479046 -0.0355167     0.2204  0.00775516 0.000522761  0.00204183 0 0 0   -0.011 -0.02329  0.04412   0.0317559 -0.00913639 -0.00269224 -0.0027358  0.0134023  0.0401454 -0.00186467 -0.00441444 -0.00784295 -1.83027 -1.96258 -9.43477  6036
            0.600031   0.470159 -0.0435505   0.210354   0.00549398  -0.00183554 -0.000664864 0 0 0   -0.011 -0.02329  0.04412 0.00551956 -0.0132208 -0.0141882 -0.00266593   0.0130128   0.0393418   0.0223977 -0.00259472  0.00255633 -1.85091  -1.9614 -9.43099  6041
            0.700144   0.485182 -0.0673156   0.237423  0.00378654 -0.00148298 -0.00359905 0 0 0   -0.011 -0.02329  0.04412  -0.00477054 -0.000556794   -0.0230947 -0.00266521   0.0128084   0.0385161  0.0375815 -0.0118799  0.0129848 -1.86354  -1.9503  -9.4308  5990
            0.799974  0.489092 0.0383489  0.326177  0.00249723  -0.0024375 -0.00175688 0 0 0   -0.011 -0.02329  0.04412 -0.00542958 -0.00518332  0.00110691 -0.00260261    0.012477   0.0376916   0.0414329 -0.00731393   -0.014078 -1.87168 -1.95957 -9.42727  6025
            0.900006 0.481982 0.306559 0.509511 0.000871123 -0.00177357 -0.00597891 0 0 0   -0.011 -0.02329  0.04412 -0.00858284  0.00253111  -0.0226074 -0.00264349   0.0122086   0.0369838 0.0493061 -0.012194 0.0132214 -1.87439 -1.94956 -9.42881  6035
             1.00014 0.442933 0.713012 0.764057   0.00141163 -0.000109026  -0.00651544 0 0 0   -0.011 -0.02329  0.04412 0.00188136  0.0108502 -0.0113364 -0.00265505   0.0119183   0.0362623  0.0434739  -0.018192 0.00304826 -1.87101 -1.94616 -9.43018  6062
             1.10012 0.444366  1.29166  1.02104  0.00178045 0.000971456 -0.00376883 0 0 0   -0.011 -0.02329  0.04412   0.010251 0.00897264  0.0126444 -0.00270175   0.0116825   0.0355933  0.0429269 -0.0194807 -0.0155707 -1.87368 -1.94855 -9.42915  6027
                 1.2 0.558328  2.39136  1.44806  0.00544263  0.00231169 -0.00493232 0 0 0   -0.011 -0.02329  0.04412    0.0390287    0.0122524 -0.000314901 -0.00276739   0.0112944   0.0348505   0.0381956   -0.020088 -0.00527356 -1.86774 -1.94603 -9.43085  6015
             1.30003 0.641968  4.19683  1.98219    0.0111549   0.00415685 -0.000963547 0 0 0   -0.011 -0.02329  0.04412 0.0753633 0.0207561 0.0248794 -0.00283815   0.0109422   0.0342482  0.0369061 -0.0217823 -0.0206728 -1.86863 -1.94742 -9.43039  5990
             1.39999 0.660782  7.17598  2.67457   0.0226937  0.00379463 -0.00424585 0 0 0   -0.011 -0.02329  0.04412    0.124763  0.00702025 -0.00686304 -0.0029062  0.0106523  0.0336027    0.0321652   -0.0142968 -0.000621398 -1.86172 -1.95006 -9.43121  6047
             1.50008  0.8789 10.4204 3.65827   0.0383526 0.000411925 -0.00540298 0 0 0   -0.011 -0.02329  0.04412     0.1435 -0.0235407 -0.0100514 -0.0029924  0.0105162  0.0329966   0.0261056 -0.00546295 -0.00219432 -1.85444  -1.9576 -9.43108  5985
             1.59998 1.57344 12.8322  4.9523   0.0486467 -0.00317378 -0.00588159 0 0 0   -0.011 -0.02329  0.04412   0.074274 -0.0498689 0.00530647 -0.00311222    0.010406   0.0324809   0.0297667 -0.00592093 -0.00145402 -1.85807 -1.95784 -9.43032  6005
             1.70003 2.57368  13.125 6.54931  0.0493405 -0.0084061 -0.0112025 0 0 0   -0.011 -0.02329  0.04412  -0.0119066  -0.0524966 -0.00757705 -0.0031254  0.0103591  0.0318792   0.0308527 -0.00624154   0.0194847 -1.86452  -1.9546 -9.42972  6001
             1.80009 3.43112 12.2472 7.93596   0.0435064  -0.0104212 -0.00633523 0 0 0   -0.011 -0.02329  0.04412 -0.0609573 -0.0396294  0.0207981 -0.00316624   0.0102861   0.0312687  0.0378762 -0.0152657  0.0075217 -1.86969 -1.95189 -9.42926  6005
             1.90005 4.12562 11.0303 9.35518  0.0345447 -0.0122584 0.00330606 0 0 0   -0.011 -0.02329  0.04412 -0.0752375 -0.0255187  0.0530059 -0.00309142   0.0101046   0.0307578   0.046856 -0.0224954 -0.0100755 -1.87261 -1.95329 -9.42839  5958
             1.99991 4.55894 10.2054 10.7148  0.0305209 -0.0176752 0.00212402 0 0 0   -0.011 -0.02329  0.04412 -0.0298811 -0.0212241  0.0160476 -0.00301547  0.00992689   0.0301514  0.0409617 -0.0127277 0.00225887 -1.86835 -1.95483 -9.42891  5993
             2.09988 4.50092 10.5738 11.5339  0.0297117 -0.0185219 0.00425364 0 0 0   -0.011 -0.02329  0.04412  0.0102391 0.00371646  0.0114437 -0.00293091  0.00965061    0.029733   0.0412938  -0.0132287 1.67652e-05 -1.86795 -1.95505 -9.42895  6026
             2.19993 3.52138 11.6905 11.9405    0.0314419    -0.014582 -0.000696677 0 0 0   -0.011 -0.02329  0.04412  0.0283739  0.0536786 -0.0199883 -0.00294709  0.00949499   0.0292375  0.0371891 -0.0125956  0.0132609 -1.87042 -1.95044 -9.42941  5992
             2.30013 2.14208 13.2392 11.3896   0.0352208  -0.0089766 -0.00428857 0 0 0   -0.011 -0.02329  0.04412  0.0341947   0.039458 -0.0272432 -0.0029506 0.00926698  0.0288765  0.0350642 -0.0123167  0.0160325 -1.87023 -1.94853 -9.42984  5976
             2.39988 1.87384 14.2348 11.8741   0.0379443 -0.00555205 -0.00721927 0 0 0   -0.011 -0.02329  0.04412  0.0178562  0.0132153 -0.0220022 -0.00305027  0.00913856   0.0282609  0.0336734 -0.0134172  0.0167896 -1.87075 -1.94684 -9.43009  6052
              2.4999 2.64983 14.6146 13.9804  0.0366561 -0.0081612 -0.0059061 0 0 0   -0.011 -0.02329  0.04412 -0.0196498 -0.0323207 0.00456718 -0.00314597  0.00901181   0.0277347  0.0389969 -0.0131566  0.0127936  -1.8712 -1.95136 -9.42906  6034
             2.59992 3.92993 13.3848 17.5294   0.0331686  -0.0111108 -0.00361252 0 0 0   -0.011 -0.02329  0.04412 -0.0625002 -0.0390994 0.00985196 -0.00315547  0.00899201    0.027133  0.0387034 -0.0143832  0.0090201 -1.87062 -1.95025 -9.42941  6023
             2.69993 4.69911 12.0823 20.6332    0.028328  -0.0132161 -0.00476072 0 0 0   -0.011 -0.02329  0.04412  -0.0188674 -0.00990547 -0.00351791 -0.00303477  0.00886793   0.0267613  0.0365501 -0.0146268  0.0127164 -1.87187 -1.94875 -9.42947  6013
             2.79997 5.22058 13.0325 22.2604  0.0302513 -0.0150863 -0.0044964 0 0 0   -0.011 -0.02329  0.04412   0.0458706  0.00360885 -0.00708919 -0.00294474  0.00847761   0.0265355  0.0389443 -0.0121779  0.0105582 -1.86887 -1.95075 -9.42966  5975
             2.89999 5.89859 15.2032 23.1472   0.0369745  -0.0130265 -0.00441664 0 0 0   -0.011 -0.02329  0.04412  0.0838338  0.0126587 -0.0054549 -0.0030097 0.00813884   0.026238  0.0372552 -0.0132275 0.00867343 -1.86958 -1.94897 -9.42988  5975
             3.00004  6.9443 17.8658 24.0366   0.0412798  -0.0149968 -0.00860003 0 0 0   -0.011 -0.02329  0.04412   0.050959 -0.0149396 -0.0249728 -0.00308017  0.00794987   0.0258637  0.0401304 -0.0148077  0.0161287 -1.87215 -1.95353 -9.42843  5923
             3.09988 8.28392 18.7818 25.6369   0.0466922  -0.0167481 -0.00950274 0 0 0   -0.011 -0.02329  0.04412   0.0199369  -0.0320441 -0.00647655 -0.00311689  0.00792709   0.0254884  0.0390488 -0.0130108  0.0130139 -1.87017 -1.95116 -9.42931  5966
             3.19991 9.50793 18.0253 27.3496   0.0440244  -0.0191021 -0.00483061 0 0 0   -0.011 -0.02329  0.04412 -0.0295701 -0.0474208  0.0336379 -0.00315527  0.00782277   0.0250563  0.0405457 -0.0207817 0.00917476 -1.87397 -1.95442 -9.42788  5970
             3.29992 10.6527 16.4652 28.9271   0.0389194  -0.0251242 -0.00710647 0 0 0   -0.011 -0.02329  0.04412 -0.0419785  -0.055583 0.00493744 -0.00309557  0.00771235   0.0246958  0.0370608 -0.0189084  0.0179196 -1.87784 -1.95373 -9.42725  5933
             3.39991 11.3703 15.3425 29.8192   0.0337508    -0.02717 -0.00604757 0 0 0   -0.011 -0.02329  0.04412   -0.0319099   -0.0155885 -0.000325663 -0.00307161   0.0075566   0.0244002   0.034928 -0.0230927  0.0177072 -1.88182 -1.95413 -9.42638  5917
             3.49997  11.466 15.5585 29.7087   0.0387011  -0.0269733 -0.00885687 0 0 0   -0.011 -0.02329  0.04412  0.0355018  0.0156634 -0.0244911 -0.00296673   0.0074859   0.0240517  0.0323522 -0.0120543  0.0159488 -1.87585 -1.94535 -9.42938  5942
             3.59992 11.3416 17.0052 28.8909   0.0436862  -0.0215614 -0.00914157 0 0 0   -0.011 -0.02329  0.04412  0.0612839  0.0463096 -0.0208556 -0.00295044  0.00731617   0.0237789  0.0297548 -0.0151424  0.0125837 -1.87811 -1.94437 -9.42914  5946
             3.69992 11.2092  19.086 27.8998   0.0492523  -0.0179378 -0.00976806 0 0 0   -0.011 -0.02329  0.04412  0.0540562  0.0399281 -0.0132058 -0.00299782  0.00714173   0.0234724  0.0325706 -0.0171813  0.0113723 -1.87697 -1.94735 -9.42875  5995
             3.80001 10.9199  20.189 27.2718  0.0536758 -0.0175223 -0.0117791 0 0 0   -0.011 -0.02329  0.04412   0.0220769  0.00263916 -0.00354055 -0.00295424  0.00713113   0.0231145 0.0350737 -0.014233 0.0124063 -1.87399 -1.94781 -9.42925  5942
             3.90002 10.7719 19.7608 26.9558  0.0507286 -0.0199391 -0.0125159 0 0 0   -0.011 -0.02329  0.04412 -0.0316604 -0.0297993  0.0101985 -0.00301627  0.00716668   0.0227436   0.036003 -0.0165571  0.0159469 -1.87645   -1.951  -9.4281  5894
             4.00001 10.6998 18.5658 26.6884  0.0451779 -0.0196465 -0.0109112 0 0 0   -0.011 -0.02329  0.04412 -0.0557888  -0.017961  0.0162528 -0.00300071  0.00712025   0.0224294  0.0321238 -0.0197844  0.0163488 -1.88102 -1.94973 -9.42745  5932
             4.09993 10.4848 17.5564 26.3534  0.0415096 -0.0191325 -0.0118923 0 0 0   -0.011 -0.02329  0.04412  -0.0341567  0.00744357 -0.00482421 -0.00300389  0.00702977   0.0220946  0.0283626 -0.0172239  0.0174905 -1.88209 -1.94599 -9.42801  5964
                 4.2 9.91833 18.0588 25.8981  0.0401568 -0.0197047 -0.0142869 0 0 0   -0.011 -0.02329  0.04412  0.0126386  0.0173288 -0.0261363 -0.00285169  0.00676624   0.0218342  0.0301596 -0.0155496   0.018939 -1.88071 -1.94726 -9.42802  5932
                 4.3 9.68927 19.5127 25.2417  0.0436372 -0.0145241 -0.0161219 0 0 0   -0.011 -0.02329  0.04412 0.0424567 0.0336615 -0.028251 -0.00298264  0.00664992   0.0215355  0.0279666 -0.0170713  0.0172601 -1.88207 -1.94549 -9.42812  5953
             4.39991 9.59792 20.6869 24.5684  0.0491284 -0.0140451 -0.0168785 0 0 0   -0.011 -0.02329  0.04412    0.030668  0.00331527 -0.00617315 -0.00294348  0.00654035   0.0212332  0.0303633 -0.0153955  0.0148647 -1.87851 -1.94598 -9.42872  5994
             4.49999 9.56172 20.4733 24.2075  0.0482142 -0.0128223 -0.0129144 0 0 0   -0.011 -0.02329  0.04412  -0.0180268 -0.00457708   0.0307466 -0.00296478  0.00651438   0.0209762  0.0316695 -0.0198144  0.0125108  -1.8798 -1.94774 -9.42811  5929
             4.59993  9.5963  19.318 24.2549  0.0441172 -0.0148504 -0.0103409 0 0 0   -0.011 -0.02329  0.04412 -0.0332235 -0.0149578  0.0289181 -0.00298333  0.00644063   0.0206429  0.0323622 -0.0201689  0.0140327 -1.88058 -1.94911 -9.42767  5921
             4.70001 9.50414 18.5268 24.1762  0.0430318 -0.0177384 -0.0131581 0 0 0   -0.011 -0.02329  0.04412  0.00382935  -0.0069127 -0.00994415 -0.00288767  0.00635237   0.0203726 0.0300959 -0.015911 0.0182553 -1.88084 -1.94776 -9.42789  5946
             4.79989 9.25377 19.1642 23.9059  0.0475115 -0.0136901 -0.0156453 0 0 0   -0.011 -0.02329  0.04412  0.0562069  0.0346024 -0.0319087 -0.00288238  0.00621357   0.0201197  0.0268546 -0.0156086  0.0178201 -1.88164 -1.94458 -9.42839  6009
             4.90002 8.97114 20.7167 23.5099   0.0526217 -0.00984576   -0.020716 0 0 0   -0.011 -0.02329  0.04412  0.0620471  0.0361567 -0.0443866 -0.00290944  0.00609696   0.0198544  0.0260581 -0.0159749  0.0197537 -1.88331 -1.94471 -9.42803  5958
             4.99994 8.80968 22.0266  22.874  0.0565685  -0.005192 -0.0231448 0 0 0   -0.011 -0.02329  0.04412  0.0317163  0.0273698 -0.0216983 -0.00300146  0.00603239   0.0196479  0.0258997 -0.0182207  0.0191729  -1.8847 -1.94484 -9.42773  5997
             5.09992 8.44198 21.9906 22.0152   0.0576512 -0.00216462  -0.0206198 0 0 0   -0.011 -0.02329  0.04412 -0.00168435   0.0156619   0.0143952 -0.00302524  0.00608308   0.0193759  0.0275656 -0.0205501  0.0161739 -1.88404 -1.94537 -9.42775  5979
             5.19998 8.20402 21.5442  21.881   0.0565826 -0.00163527  -0.0203289 0 0 0   -0.011 -0.02329  0.04412 0.00050876 0.00789591 0.00536354 -0.00301887  0.00601443   0.0190645  0.0273656 -0.0203696  0.0175297 -1.88485 -1.94587 -9.42748  5939
             5.29989 8.18425 21.5957 22.0518    0.056924 -0.00135231   -0.019633 0 0 0   -0.011 -0.02329  0.04412   0.0179773   0.0028827 0.000880907 -0.00301243  0.00585492   0.0188115  0.0281149 -0.0207539  0.0173661 -1.88484 -1.94648 -9.42736  5956
             5.39988 8.27747 22.0769 21.8733   0.0589354 -0.00419075  -0.0194398 0 0 0   -0.011 -0.02329  0.04412 0.0261759 -0.016845 0.0014612 -0.00300257  0.00575028   0.0186147  0.0296458 -0.0199132  0.0175122   -1.884 -1.94798 -9.42722  5950
              5.4998 8.50014 22.5085 21.8814   0.0647978 -0.00524077   -0.019885 0 0 0   -0.011 -0.02329  0.04412  0.0327671 -0.0147782 0.00205434 -0.00301908  0.00568902   0.0183582 0.0281346 -0.018177 0.0166978 -1.88241 -1.94616 -9.42791  5993
             5.59992 8.51006 22.4009 22.3486   0.0652169 -0.00374963  -0.0220371 0 0 0   -0.011 -0.02329  0.04412  0.00444408  0.00485759 -0.00378861 -0.00301443  0.00567218   0.0180775  0.0252713 -0.0190092  0.0193241  -1.8855 -1.94502 -9.42753  5989
             5.69994 8.41605 22.3156 22.8029   0.0647986 -0.00570062  -0.0224438 0 0 0   -0.011 -0.02329  0.04412  0.00444317  -0.0090728 -0.00520205 -0.00295913  0.00555939   0.0178857  0.0264175 -0.0186158  0.0198501 -1.88537  -1.9464 -9.42727  5926
             5.79997 8.43809 22.4306 22.8397  0.0665558 -0.0055681 -0.0211688 0 0 0   -0.011 -0.02329  0.04412   0.0154618 -0.00478566 0.000131502 -0.00297458  0.00547484   0.0176544  0.0272137 -0.0193015   0.017931 -1.88429 -1.94595 -9.42758  6006
             5.90002 8.34862 22.7592 22.6672    0.070029 -0.00457875  -0.0218271 0 0 0   -0.011 -0.02329  0.04412   0.0262421  0.00323372 -0.00326519 -0.00295404  0.00541656    0.017473  0.0260071 -0.0187336  0.0176013 -1.88398 -1.94461 -9.42791  5923
              5.9998 8.24416 23.1155 22.6528   0.0708884 -0.00360047  -0.0208283 0 0 0   -0.011 -0.02329  0.04412  0.0121843 0.00267607 0.00757777 -0.00295329  0.00533931   0.0172566  0.0265879 -0.0201509  0.0173098 -1.88464 -1.94505 -9.42769  5971
             6.09983 8.26229  23.262 22.7869   0.0723861 -0.00242907  -0.0208362 0 0 0   -0.011 -0.02329  0.04412 0.00780914 0.00116953 0.00594361 -0.00294426  0.00529193   0.0170284  0.0253286 -0.0199962   0.017611 -1.88512 -1.94412 -9.42779  5951
             6.19986 8.29775 23.2829 22.8454   0.0722742 -0.00150691  -0.0212255 0 0 0   -0.011 -0.02329  0.04412  0.0010624 0.00298577 0.00325507 -0.00298943  0.00525631   0.0168372  0.0242887 -0.0203291   0.018549 -1.88631 -1.94387  -9.4276  5947
             6.29996 8.26336    23.2 22.8528   0.0718492 0.000333501  -0.0238575 0 0 0   -0.011 -0.02329  0.04412 -0.000375922   0.00951998   -0.0110609 -0.00299322  0.00519988    0.016612  0.0216297 -0.0201487  0.0206191 -1.88842 -1.94299 -9.42736  5962
             6.39998 8.21435 23.1963 22.8501    0.0711107 -0.000828758   -0.0247891 0 0 0   -0.011 -0.02329  0.04412 -0.000431243  0.000181017    -0.010683 -0.00295309  0.00514593   0.0164334  0.0227745 -0.0199447  0.0209144 -1.88809  -1.9442 -9.42718  5953
             6.49985 8.14779 23.3635 22.8838    0.0717752 -0.000392121   -0.0234873 0 0 0   -0.011 -0.02329  0.04412    0.0045045 -0.000345928   0.00145334 -0.0029363 0.00508431  0.0162254 0.0241492 -0.020579 0.0191444 -1.88693 -1.94417 -9.42742  5941
             6.59994 8.17492 23.5814 23.0116  0.0706913 -0.0023387  -0.023263 0 0 0   -0.011 -0.02329  0.04412 -0.00394578  -0.0147714  0.00402665 -0.00293116  0.00498603   0.0160427  0.0249511 -0.0208117  0.0198398 -1.88728 -1.94541 -9.42709  5986
             6.70003 8.28418 23.6008 23.1502   0.0716327 -0.00346373  -0.0220733 0 0 0   -0.011 -0.02329  0.04412 0.00311364 -0.0156655  0.0094218 -0.00292387  0.00495084   0.0158606  0.0250384 -0.0205689  0.0188956 -1.88647 -1.94476 -9.42739  5881
              6.7998 8.36298 23.6412 23.1552   0.0703942 -0.00338502  -0.0247725 0 0 0   -0.011 -0.02329  0.04412 -0.00671184 -0.00853397 -0.00836248 -0.00296688  0.00489167   0.0156787  0.0220614 -0.0206479  0.0215036 -1.88925 -1.94415 -9.42696  5970
             6.89979 8.36679 23.6335 23.1004   0.0678594 -0.00188722  -0.0283482 0 0 0   -0.011 -0.02329  0.04412   -0.0140705 -0.000431433   -0.0210545 -0.00297311  0.00483313   0.0155052  0.0194178 -0.0213913  0.0236015 -1.89207 -1.94353 -9.42652  5941
             6.99982 8.45017  23.675 23.0308    0.0678009 -0.000529081   -0.0283121 0 0 0   -0.011 -0.02329  0.04412 -0.00553005  0.00460201  -0.0109179 -0.00298641  0.00481021   0.0153054  0.0201014 -0.0219286  0.0218735  -1.8911 -1.94286 -9.42685  5988
             7.09986 8.48351 23.7479 22.9883    0.0677102 -0.000395619   -0.0249767 0 0 0   -0.011 -0.02329  0.04412 -0.00311348  0.00247348   0.0108723 -0.00298417  0.00472719   0.0151361  0.0229835 -0.0229394  0.0191538   -1.889 -1.94338 -9.42717  5751
             7.19653 8.44838 23.8429 22.9577   0.0688268 -0.00486453  -0.0248705 0 0 0   -0.011 -0.02329  0.04412 0.00560192 -0.0224496 0.00816046 -0.00291097  0.00466646    0.014983  0.0238709 -0.0208112  0.0196677 -1.88751 -1.94434 -9.42726  6261
             7.29988 8.50658 23.9359 22.9649   0.0705705 -0.00747348  -0.0224524 0 0 0   -0.011 -0.02329  0.04412  0.0122975 -0.0295538  0.0171896 -0.00291776  0.00460383    0.014791 0.0246949 -0.020751 0.0185039  -1.8864 -1.94416 -9.42752  5948
             7.39989 8.56702 24.0104 22.8629  0.0721756 -0.0102646  -0.024736 0 0 0   -0.011 -0.02329  0.04412   0.0134798  -0.0306714 -0.00239463 -0.00289828  0.00456276   0.0146261  0.0220406 -0.0195538  0.0206162 -1.88794 -1.94339 -9.42738  5918
             7.49974 8.59934 24.0349 22.7214  0.0712218 -0.0105136 -0.0213561 0 0 0   -0.011 -0.02329  0.04412 -0.000988648   -0.0205862    0.0172015 -0.00292665  0.00454023   0.0144897  0.0232571 -0.0222312  0.0191689 -1.88837 -1.94351 -9.42726  5986
             7.59977 8.66613 24.0447 22.7115  0.0690706 -0.0104522 -0.0183627 0 0 0   -0.011 -0.02329  0.04412 -0.0108651 -0.0114322  0.0236959 -0.00293149  0.00445385   0.0143243  0.0233142 -0.0239811   0.018998 -1.88944 -1.94352 -9.42705  5973
             7.69986 8.62411 24.1541 22.7397  0.0674901 -0.0145979 -0.0177007 0 0 0   -0.011 -0.02329  0.04412 -0.00795037  -0.0217927   0.0153138 -0.00290895  0.00440684   0.0141773  0.0234289 -0.0229593  0.0203015 -1.88965 -1.94458 -9.42679  5973
             7.79985 8.61744 24.3652 22.7643  0.0683839 -0.0146363 -0.0201026 0 0 0   -0.011 -0.02329  0.04412   0.0015129  -0.0148614 -0.00573281 -0.00288603  0.00432873   0.0139926  0.0202151 -0.0219119  0.0217595 -1.89105 -1.94287 -9.42686  5974
             7.89981 8.63354  24.572 22.6906  0.0682028 -0.0165269 -0.0205566 0 0 0   -0.011 -0.02329  0.04412 0.000656113  -0.0164577 -0.00439164 -0.00289897  0.00429553   0.0138531  0.0204702 -0.0219773  0.0218122 -1.89106 -1.94314  -9.4268  5994
             7.99989 8.61188 24.8092 22.6277  0.0706842 -0.0208438 -0.0239018 0 0 0   -0.011 -0.02329  0.04412  0.0114093 -0.0338235 -0.0162764 -0.00286815   0.0042283   0.0136897  0.0192642 -0.0195926  0.0227814 -1.89056 -1.94281 -9.42697  5967
             8.09989 8.71191 24.8684 22.4708  0.0719163 -0.0197359 -0.0230725 0 0 0   -0.011 -0.02329  0.04412  0.00873869  -0.0118287 -0.00392084 -0.00291939  0.00423898   0.0135591  0.0193393 -0.0213339  0.0212209 -1.89051 -1.94163 -9.42722  5974
             8.19993 8.65028 24.8846 22.2219  0.0711462 -0.0199788 -0.0214667 0 0 0   -0.011 -0.02329  0.04412  5.1999e-05 -0.00322241  0.00653524 -0.00289723  0.00418609   0.0134176  0.0204964 -0.0225804  0.0205973 -1.89048  -1.9421 -9.42713  5920
             8.29991 8.62054 24.8562 22.0194  0.0697669 -0.0194513 -0.0229237 0 0 0   -0.011 -0.02329  0.04412 -0.00521611  0.00528005 -0.00444541 -0.0029234 0.00416598   0.013257  0.0191791 -0.0226692  0.0219477 -1.89204 -1.94209 -9.42682  5959
             8.39992 8.56683 24.8467 21.9145  0.0714198 -0.0181574 -0.0250906 0 0 0   -0.011 -0.02329  0.04412 0.00872941  0.0120789 -0.0140842 -0.00290895  0.00411377   0.0130947  0.0179297 -0.0217411   0.022188 -1.89196 -1.94127   -9.427  5950
              8.4999 8.52548 24.8548 21.7808  0.0727431 -0.0161908 -0.0258635 0 0 0   -0.011 -0.02329  0.04412  0.0143555   0.019165 -0.0110913 -0.00292009  0.00408053   0.0129708  0.0182132 -0.0220033  0.0217622 -1.89169 -1.94114 -9.42709  5966
             8.59992 8.45278  24.837 21.7088  0.0728162 -0.0153179 -0.0267297 0 0 0   -0.011 -0.02329  0.04412  0.00911986   0.0184331 -0.00991069 -0.00290201  0.00405588    0.012831  0.0187929 -0.0221393  0.0220454 -1.89193 -1.94185 -9.42689  5928
             8.69982 8.38061 24.8923 21.7984  0.0730054 -0.0126161 -0.0273458 0 0 0   -0.011 -0.02329  0.04412 0.00904369  0.0257214 -0.0094021 -0.0028959 0.00398935  0.0126818  0.0190105 -0.0226536  0.0220111 -1.89219 -1.94193 -9.42682  5955
             8.79976 8.28445 25.0676 21.9708  0.0705439 -0.0154488 -0.0280658 0 0 0   -0.011 -0.02329  0.04412  -0.00567539 -0.000646074    -0.007949 -0.00283852  0.00387478   0.0125523   0.020702 -0.0222893  0.0229523 -1.89257  -1.9442 -9.42628  5943
             8.89985 8.24427 25.1012 22.0726  0.0714643 -0.0100926 -0.0295536 0 0 0   -0.011 -0.02329  0.04412  0.00211189   0.0253029 -0.00974778 -0.00290645  0.00388434   0.0124155  0.0188884 -0.0230449  0.0227056 -1.89314 -1.94232 -9.42655  5955
             8.99977 8.11429 25.2077 22.1578   0.0747602 -0.00960251  -0.0282071 0 0 0   -0.011 -0.02329  0.04412  0.0175607  0.0102376 0.00201617 -0.00286745  0.00383594   0.0122958 0.0203957 -0.022261 0.0210194 -1.89082 -1.94231 -9.42702  5995
             9.09985 7.92508 25.3806 22.2656  0.0784743  -0.008761 -0.0303591 0 0 0   -0.011 -0.02329  0.04412  0.0264365 0.00576219 -0.0101572 -0.00280769  0.00379439   0.0121928  0.0189585 -0.0211622  0.0215871  -1.8909 -1.94171 -9.42713  5962
             9.19991 7.83494 25.5821 22.4407  0.0771172 -0.0062691 -0.0314951 0 0 0   -0.011 -0.02329  0.04412  0.00153907   0.0069311 -0.00800209 -0.00284226  0.00374408   0.0120654  0.0184343 -0.0227618  0.0224484 -1.89281  -1.9419 -9.42671  5940
             9.29983 7.88093 25.5638 22.6034   0.0773836 -0.00230675  -0.0284801 0 0 0   -0.011 -0.02329  0.04412 3.92921e-05   0.0156552    0.013293 -0.00286848  0.00371751   0.0119383  0.0195746 -0.0242282  0.0205867 -1.89203 -1.94099 -9.42705  5957
             9.39988  7.8743 25.4997 22.6324    0.078401 -0.00224585   -0.028306 0 0 0   -0.011 -0.02329  0.04412 0.00741202  0.0101995 0.00700962 -0.00285342  0.00368117   0.0118009  0.0191979 -0.0233707  0.0209913 -1.89187 -1.94111 -9.42706  5945
             9.49972  7.8185 25.5248 22.6064   0.0798342 0.000303958  -0.0282948 0 0 0   -0.011 -0.02329  0.04412  0.0151995  0.0195539 0.00114411 -0.00286444  0.00365247   0.0116705  0.0185276 -0.0234306  0.0210421 -1.89217 -1.94061  -9.4271  6006
             9.60015 7.77513 25.7009  22.624  0.0803422 0.00134606 -0.0286848 0 0 0   -0.011 -0.02329  0.04412    0.0119524     0.012245 -0.000662693 -0.00285165  0.00360278   0.0115564 0.0184601  -0.02356 0.0216041 -1.89266 -1.94111  -9.4269  5867
             9.69932 7.74707 25.8082 22.5816  0.0820534 0.00209725   -0.02881 0 0 0   -0.011 -0.02329  0.04412   0.0120193  0.00600128 0.000415976 -0.00284339  0.00356703   0.0114466  0.0183418 -0.0232762  0.0215552 -1.89248 -1.94097 -9.42696  6060
              9.7997 7.71594 25.8458 22.5104  0.0834751 0.00223894 -0.0328328 0 0 0   -0.011 -0.02329  0.04412   0.0127697 0.000694199  -0.0190675 -0.00284129  0.00356025   0.0113318  0.0160772 -0.0224454    0.02322 -1.89383 -1.94084 -9.42672  5941
             9.89976 7.77211 25.8987 22.5176  0.0846877  0.0019383 -0.0335596 0 0 0   -0.011 -0.02329  0.04412   0.0106433 -0.00511295  -0.0118868 -0.00283724  0.00350953   0.0112028  0.0166418 -0.0226036  0.0228005 -1.89346 -1.94086 -9.42679  5992
             9.99986 7.82769 25.9226 22.4938  0.0861606 0.00276574 -0.0306933 0 0 0   -0.011 -0.02329  0.04412 0.00992306 0.00131527  0.0087586 -0.00285681  0.00347443   0.0110961  0.0184854 -0.0233607  0.0210228 -1.89212 -1.94049 -9.42714  5966
             10.0998 7.83822  25.933 22.5399  0.0837655 0.00148472 -0.0305774 0 0 0   -0.011 -0.02329  0.04412 -0.00859184 -0.00582448  0.00658219 -0.00284417  0.00342206   0.0109768  0.0184339 -0.0239188  0.0221357 -1.89328 -1.94158 -9.42668  5948
             10.1998 7.86095 25.8981 22.6228  0.0839322 0.00261341 -0.0287001 0 0 0   -0.011 -0.02329  0.04412 -0.00508428 0.000615119   0.0136912 -0.00283692  0.00339558   0.0108644  0.0186185 -0.0241356  0.0213133 -1.89279 -1.94087 -9.42692  5968
             10.2998 7.86665 25.8965 22.7511   0.0831149 0.000582668  -0.0302873 0 0 0   -0.011 -0.02329  0.04412  -0.00759893  -0.00860987 -0.000315118 -0.00281801  0.00334904   0.0107453 0.0174728 -0.023271 0.0226704 -1.89356 -1.94138 -9.42666  6026
             10.3998 7.81909 25.8548 22.8407   0.0830147 -0.00100026  -0.0308698 0 0 0   -0.011 -0.02329  0.04412 -0.00430448  -0.0145818 -0.00212345 -0.00281227  0.00330902   0.0106561  0.0172711 -0.0228453  0.0227786 -1.89343 -1.94133  -9.4267  6006
             10.4998 7.80678 25.8174 22.9092   0.0802341 0.000685939  -0.0328039 0 0 0   -0.011 -0.02329  0.04412   -0.0145834 -0.000980559   -0.0104037 -0.00284014  0.00328457   0.0105362  0.0156464 -0.0239253  0.0237813 -1.89542 -1.94109 -9.42635  5996
             10.5998 7.80832 25.8154 22.9774  0.0814238 0.00371051 -0.0318055 0 0 0   -0.011 -0.02329  0.04412 -0.000344376   0.00975721 -0.000926338 -0.00283235  0.00325573   0.0104258  0.0158865 -0.0241677  0.0222297 -1.89449 -1.93969 -9.42682  6002
             10.6998 7.80898 25.8499 23.0256  0.0804628 0.00345438 -0.0297412 0 0 0   -0.011 -0.02329  0.04412 -0.00318805  0.00234757   0.0108958 -0.00284659  0.00323002   0.0103435  0.0173587 -0.0246169  0.0216852 -1.89387 -1.94031 -9.42682  6005
             10.7999 7.77759 25.9133 23.0924   0.080527 0.00183013 -0.0290679 0 0 0   -0.011 -0.02329  0.04412 0.00156895  -0.010485 0.00911839 -0.00281326  0.00318766   0.0102356 0.0175498  -0.02417 0.0218842 -1.89361 -1.94063 -9.42681  5956
             10.8997 7.80936 25.9728 23.1444    0.078786 -0.00185105  -0.0293974 0 0 0   -0.011 -0.02329  0.04412 -0.00405066  -0.0245149  0.00419033 -0.00281434  0.00315719   0.0101366  0.0175606 -0.0241554  0.0229233  -1.8942 -1.94171 -9.42647  6012
             10.9997 7.84235 26.0407  23.127    0.079448 -0.00338603  -0.0289849 0 0 0   -0.011 -0.02329  0.04412 0.00169193  -0.023197 0.00483329 -0.0028154 0.00311464  0.0100228  0.0172904 -0.0240112  0.0226527 -1.89406 -1.94121  -9.4266  5990
             11.0997 7.90376 26.0829 23.0607   0.0793218 -0.00425079  -0.0279796 0 0 0   -0.011 -0.02329  0.04412 0.00178304 -0.0208198 0.00700459 -0.00282257  0.00308348  0.00993299  0.0171974 -0.0245146  0.0224142  -1.8943 -1.94094  -9.4266  6000
             11.1998 8.01819 26.1772 23.0153   0.0797185 -0.00674936  -0.0264649 0 0 0   -0.011 -0.02329  0.04412 0.00120217 -0.0248088  0.0130855 -0.00281482  0.00305522  0.00983959  0.0176739 -0.0245117  0.0221042 -1.89391 -1.94098 -9.42667  5995
             11.2998 8.11898  26.202 22.9533    0.078259 -0.00628918  -0.0249026 0 0 0   -0.011 -0.02329  0.04412 -0.00968443  -0.0109818   0.0170742 -0.00280425   0.0030131  0.00975537  0.0170379 -0.0254567   0.022187 -1.89486 -1.94065 -9.42655  5982
             11.3999 8.22365 26.1349  22.927   0.0790724 -0.00853202  -0.0251518 0 0 0   -0.011 -0.02329  0.04412 -0.0032343 -0.0127884 0.00397383 -0.00278898  0.00301004  0.00964455  0.0163936 -0.0243788   0.022521 -1.89465 -1.94044 -9.42664  5974
             11.4999 8.20168 26.0996 22.9189   0.0803205 -0.00946231  -0.0235777 0 0 0   -0.011 -0.02329  0.04412  0.00428672 -0.00653247   0.0107791 -0.0027628  0.0029847 0.00955623 0.0169806 -0.024131  0.021778 -1.89375 -1.94011 -9.42689  5914
             11.5997 8.24139 26.0477  22.987   0.0809889 -0.00915935  -0.0237094 0 0 0   -0.011 -0.02329  0.04412  0.00766966 -0.00549109  0.00695121 -0.00279764  0.00296051  0.00944695  0.0160185 -0.0240599  0.0221999 -1.89439 -1.93979 -9.42682  5975
             11.6997 8.31908  25.929 22.9414  0.0791871 -0.0114057 -0.0250715 0 0 0   -0.011 -0.02329  0.04412 -0.00551958  -0.0106345 -0.00477075 -0.00277559  0.00293687   0.0093635 0.0154018 -0.024095 0.0234627 -1.89554 -1.94059 -9.42643  5949
             11.7998 8.26798 25.8673 22.8692  0.0765113 -0.0135646 -0.0272868 0 0 0   -0.011 -0.02329  0.04412 -0.0136772 -0.0104668 -0.0154581 -0.00275093  0.00288088  0.00928947  0.0149875 -0.0241267  0.0244988 -1.89645 -1.94131  -9.4261  5986
             11.8998 8.31015 25.8235 22.9786  0.0766498 -0.0119651 -0.0267322 0 0 0   -0.011 -0.02329  0.04412 -0.00643424  0.00129646 -0.00503729 -0.00275374  0.00287432  0.00916879  0.0153845 -0.0245869  0.0233756 -1.89579 -1.94053 -9.42639  5932
             11.9996 8.30998 25.7637 22.9783  0.0753276 -0.0121417 -0.0257055 0 0 0   -0.011 -0.02329  0.04412 -0.00791527  0.00203879  0.00246041 -0.00276639  0.00283785  0.00909178  0.0161551 -0.0249736  0.0230452  -1.8955 -1.94084 -9.42638  6000
             12.0998 8.23173 25.7356  22.965  0.0749494 -0.0129654 -0.0258604 0 0 0   -0.011 -0.02329  0.04412  -0.00299814  -0.00329933 -0.000526519 -0.00273086  0.00279889  0.00899105  0.0161888 -0.0246728  0.0231708 -1.89539 -1.94097 -9.42638  5945
             12.1998 8.23517 25.7268  22.946   0.0733788 -0.00984307  -0.0266959 0 0 0   -0.011 -0.02329  0.04412 -0.00735765   0.0161448 -0.00607539 -0.0027823 0.00278236 0.00890649  0.0152425 -0.0254947  0.0234959  -1.8965 -1.94057 -9.42624  5987
             12.2998 8.15237 25.7813 22.8878   0.0742019 -0.00748998  -0.0248638 0 0 0   -0.011 -0.02329  0.04412 0.00133189  0.0169283 0.00640178 -0.00276111   0.0027468  0.00882914 0.0160598 -0.025677 0.0224267 -1.89557 -1.94022  -9.4265  5977
             12.3998 8.12303 25.8301 22.8677   0.0754393 -0.00823969  -0.0252515 0 0 0   -0.011 -0.02329  0.04412 0.00776993 0.00493936 0.00177213 -0.00274727  0.00270866  0.00875261   0.016027 -0.0248311   0.022721 -1.89524 -1.94043 -9.42652  5965
             12.4997 8.11885 25.8597 22.8848   0.0752129 -0.00954132  -0.0276336 0 0 0   -0.011 -0.02329  0.04412  0.00298802 -0.00478252   -0.010012 -0.00275171  0.00268115  0.00864496  0.0152488 -0.0243828  0.0238408 -1.89601 -1.94086 -9.42628  6002
             12.5998 8.12119 25.8778 22.9165   0.0739376 -0.00760921  -0.0287524 0 0 0   -0.011 -0.02329  0.04412 -0.00690984  0.00614588  -0.0111043 -0.00274766   0.0026557  0.00855659  0.0147667 -0.0251698  0.0240024 -1.89681 -1.94066 -9.42616  5994
             12.6997 8.06473 25.8644 22.9104   0.0741181 -0.00755971  -0.0282534 0 0 0   -0.011 -0.02329  0.04412 -0.00302886  0.00194977 -0.00128545 -0.0027409 0.00265318  0.0084971  0.0155181 -0.0250881  0.0233763 -1.89605 -1.94065 -9.42631  6006
             12.7998 8.07424 25.8885 23.0144     0.07294 -0.00602137  -0.0276985 0 0 0   -0.011 -0.02329  0.04412 -0.00626391  0.00506566  0.00268731 -0.00273839  0.00260186  0.00838748  0.0155477 -0.0256787   0.023245 -1.89633 -1.94056 -9.42627  5950
             12.8998 8.07069 25.8801 22.9948   0.0749336 -0.00653342  -0.0262373 0 0 0   -0.011 -0.02329  0.04412   0.00657967 -0.000851223    0.0100852 -0.00274997  0.00257942  0.00832749  0.0161496 -0.0250421  0.0224803 -1.89518 -1.94026 -9.42657  5945
             12.9996 8.01516 25.9229 22.9645   0.0783244 -0.00741066  -0.0256295 0 0 0   -0.011 -0.02329  0.04412   0.0315367 -0.00373396  0.00201387 -0.00271911  0.00256673   0.0082443  0.0161038 -0.0242876  0.0221928 -1.89453 -1.93991 -9.42677  5973
             13.0997 7.87994 27.1541 22.4448    0.083596 -0.00731263  -0.0288294 0 0 0   -0.011 -0.02329  0.04412   0.075999 0.00927343 -0.0313413 -0.0027384 0.00250773 0.00820854 0.0153435 -0.024092 0.0229443 -1.89519 -1.94005 -9.42661  6019
             13.1998 7.83956 28.2345 22.2838   0.0857346 -0.00612996  -0.0307552 0 0 0   -0.011 -0.02329  0.04412 0.00244161 -0.0106996 0.00520128 -0.00274524  0.00245166  0.00812117    0.01535 -0.0251991  0.0234473 -1.89624 -1.94058 -9.42629  6030
             13.2998 8.09829 26.8468 23.0502   0.0805388 -0.00805264  -0.0260013 0 0 0   -0.011 -0.02329  0.04412  -0.06391 -0.035191 0.0504269 -0.00275496  0.00253801   0.0079787  0.0162994 -0.0260459  0.0231121 -1.89616 -1.94083 -9.42625  6006
             13.3999 8.21739 25.2945 23.0974   0.0773719 -0.00773299  -0.0237762 0 0 0   -0.011 -0.02329  0.04412  -0.0166347 -0.00773534   0.0143252 -0.00274142  0.00256689  0.00789731  0.0147546 -0.0259363  0.0231262 -1.89669 -1.93974 -9.42637  5984
             13.4997 8.13043 25.7909 22.3896   0.0792187 -0.00726353  -0.0284232 0 0 0   -0.011 -0.02329  0.04412  0.0405981  0.0226152 -0.0410487 -0.00273959  0.00251675  0.00785339  0.0129318 -0.0252059  0.0242818 -1.89778 -1.93968 -9.42616  5967
             13.5996 7.96163 26.8953 22.2344   0.0814364 -0.00952849  -0.0325902 0 0 0   -0.011 -0.02329  0.04412   0.0105558 -0.00374966   -0.024313 -0.00270249  0.00247028   0.0077792   0.013485 -0.0246173  0.0248586 -1.89765 -1.94073 -9.42597  6043
             13.6998 8.21891 26.3712 22.9063  0.0796143 -0.0124099 -0.0306316 0 0 0   -0.011 -0.02329  0.04412 -0.0435567 -0.0401176  0.0228392 -0.00273177  0.00247556  0.00768752   0.014769 -0.0249036   0.024182  -1.8969 -1.94104 -9.42606  5993
             13.7996 8.47963 24.7766 23.4337  0.0740485  -0.014038 -0.0272977 0 0 0   -0.011 -0.02329  0.04412 -0.0476128 -0.0284394  0.0212162 -0.0027238 0.00247839 0.00760227  0.0147984 -0.0256433  0.0239065 -1.89714 -1.94074 -9.42607  6044
             13.8998 8.41397  24.033 23.2384  0.0719934 -0.0135898 -0.0252291 0 0 0   -0.011 -0.02329  0.04412 -0.000248667   0.00533816 -0.000961878 -0.00269136  0.00244285  0.00754128  0.0148234 -0.0259901  0.0233067 -1.89692 -1.94021 -9.42623  6043
             13.9996 8.27765 24.7582 22.9287  0.0719325 -0.0132087 -0.0250249 0 0 0   -0.011 -0.02329  0.04412  0.0129123 0.00614929  -0.006106 -0.00268696  0.00235052  0.00748187   0.015388 -0.0264244  0.0232439 -1.89695 -1.94066 -9.42613  6059
             14.0997 8.45686 25.0563 23.1802  0.0745819  -0.014752 -0.0248811 0 0 0   -0.011 -0.02329  0.04412 0.000355966  -0.0180171   0.0156597 -0.00266211  0.00235776  0.00740722 0.0154108 -0.025633 0.0230461 -1.89631 -1.94045  -9.4263  6052
             14.1996 8.73973 24.5827 23.5192  0.0738035 -0.0153302 -0.0228386 0 0 0   -0.011 -0.02329  0.04412 -0.0102798  -0.011133  0.0198075 -0.00269362  0.00235109  0.00731689  0.0151196 -0.0258251  0.0229933 -1.89651  -1.9402 -9.42631  6017
             14.2997 8.73559 24.4496 23.4092  0.0734186 -0.0163702 -0.0221275 0 0 0   -0.011 -0.02329  0.04412  0.0103069 0.00479799 -0.0019186 -0.00267243   0.0023169  0.00726881  0.0151286 -0.0257061  0.0231768 -1.89653 -1.94031 -9.42628  6039
             14.3997 8.56176 25.0505 23.0036  0.0751354 -0.0148702 -0.0269502 0 0 0   -0.011 -0.02329  0.04412  0.0225739  0.0163225 -0.0361065 -0.00268109  0.00228593  0.00720309  0.0138834 -0.0251168  0.0242679 -1.89731 -1.93991 -9.42621  6051
             14.4997 8.31644 25.6975 22.5286  0.0781745 -0.0123912 -0.0284381 0 0 0   -0.011 -0.02329  0.04412  0.0292697  0.0244182 -0.0226195 -0.00269779  0.00225608   0.0071425  0.0143295 -0.0253747  0.0236011 -1.89689 -1.93987  -9.4263  6053
             14.5997 8.24704 26.6638 22.1805  0.0800882 -0.0103023  -0.028634 0 0 0   -0.011 -0.02329  0.04412  0.00586386   0.0136309 -0.00162376 -0.00269273   0.0022259  0.00708277  0.0147859 -0.0257929  0.0232633 -1.89676 -1.94002  -9.4263  6006
             14.6996 8.29935 26.6683 22.4367  0.0793344 -0.0124468 -0.0310135 0 0 0   -0.011 -0.02329  0.04412  -0.0149923 -0.00218428 -0.00909686 -0.00268221  0.00225501  0.00699288  0.0143262 -0.0248174  0.0241594   -1.897 -1.94043 -9.42617  6067
             14.7997 8.02613 26.4075 22.6154   0.0780141 -0.00966169  -0.0294343 0 0 0   -0.011 -0.02329  0.04412   -0.0110624    0.0159035 -7.67069e-05 -0.00266609  0.00222621  0.00692181  0.014883 -0.025606  0.023372 -1.89663 -1.94005 -9.42632  6051
             14.8997 7.22119 26.2604 22.5814   0.0776161 -0.00671753  -0.0279662 0 0 0   -0.011 -0.02329  0.04412    0.0129184    0.0334266 -0.000512402 -0.00265953  0.00218474  0.00686107   0.015522 -0.0260123  0.0229332 -1.89631 -1.94005 -9.42638  6049
             14.9997 6.63609 26.6625 22.7035   0.0782162 -0.00691954  -0.0274679 0 0 0   -0.011 -0.02329  0.04412   0.0361608  0.00649058 -0.00190034 -0.0026381 0.00212517 0.00681268  0.0163046 -0.0260456  0.0231845 -1.89632 -1.94088 -9.42621  6058
             15.0997 7.17846  27.344 23.6979   0.0813463 -0.00553236  -0.0305513 0 0 0   -0.011 -0.02329  0.04412  0.0394429 -0.0003405 -0.0184447 -0.00267475  0.00208694  0.00673568 0.0150313 -0.026288 0.0239291 -1.89735 -1.94079 -9.42602  6019
             15.2029 8.43527  28.331 25.1203   0.0867779 -0.00318954  -0.0327041 0 0 0   -0.011 -0.02329  0.04412  0.0250382  0.0402577 -0.0170535 -0.00270091  0.00207165  0.00666498  0.0147081 -0.0259356  0.0235746 -1.89708 -1.94013 -9.42621  6042
             15.2997 8.73564 29.0422 26.6149  0.0887853 0.00301024  -0.037366 0 0 0   -0.011 -0.02329  0.04412  0.0255674  0.0833403 -0.0329057 -0.00267158  0.00205838  0.00662562 0.0134144 -0.025782 0.0244596 -1.89802 -1.94043 -9.42596  6077
             15.3998 8.78843 30.5922 27.9198   0.091083  0.0127339 -0.0391505 0 0 0   -0.011 -0.02329  0.04412 0.00277908  0.0901112 -0.0285402 -0.00269111  0.00198795  0.00656374  0.0141173 -0.0259884  0.0237823 -1.89749    -1.94 -9.42616  6016
             15.4997 8.15175 31.4427 29.5105  0.0901122  0.0208296 -0.0364904 0 0 0   -0.011 -0.02329  0.04412 -0.0149382  0.0656721 0.00740193 -0.0026409 0.00196709 0.00650162  0.0170609 -0.0266461  0.0227039 -1.89527 -1.93999  -9.4266  6056
             15.5997 8.52465 32.0562 32.4786  0.0878636  0.0252864 -0.0358812 0 0 0   -0.011 -0.02329  0.04412 -0.0206584  0.0187054  0.0175783 -0.00269665  0.00193026  0.00642398  0.0164186 -0.0269049  0.0229906 -1.89588 -1.94035 -9.42641  6101
             15.6998 8.51506  32.017 32.9923  0.0877672  0.0224533 -0.0362741 0 0 0   -0.011 -0.02329  0.04412 -0.000449675   -0.0153013     0.010922 -0.00270004  0.00193173  0.00646848  0.0159649 -0.0257667  0.0236957 -1.89584 -1.94032 -9.42642  6106
             15.7997 7.84673 31.6992 32.5255  0.0865422  0.0215264 -0.0356919 0 0 0   -0.011 -0.02329  0.04412 -0.00133488  -0.0129491   0.0103663 -0.0027082 0.00192715 0.00644927  0.0145917 -0.0260936  0.0239538 -1.89705 -1.94076 -9.42609  6059
             15.8996 6.41824 31.9517 31.0314  0.0870876  0.0230117 -0.0365933 0 0 0   -0.011 -0.02329  0.04412   0.0110027 -0.00665188 -0.00487668 -0.00269471  0.00189857  0.00640177  0.0123425 -0.0258973  0.0238797 -1.89909 -1.94053 -9.42573  6107
             15.9996 6.21809 31.7531 30.2683  0.0848371  0.0201478 -0.0363518 0 0 0   -0.011 -0.02329  0.04412 -0.000629741   -0.0359222   0.00216792 -0.00273982  0.00188622  0.00633903  0.0109646 -0.0278932  0.0245686 -1.90031 -1.94264 -9.42505  6060
             16.0997 6.39202 32.5338 29.8944   0.086275  0.0197751 -0.0373933 0 0 0   -0.011 -0.02329  0.04412 -0.00261317   0.0144864  -0.0136098 -0.00273752  0.00187188  0.00627164  0.0109816 -0.0276194  0.0242945 -1.90038 -1.94218 -9.42512  6031
             16.1996  4.4119 32.0857 28.4088  0.0849499  0.0234955 -0.0354835 0 0 0   -0.011 -0.02329  0.04412 -0.0243518  0.0496187 0.00884108 -0.00272611  0.00188118  0.00621941  0.0120471 -0.0266373  0.0233152 -1.89976 -1.94054 -9.42559  6112
             16.2996 2.05644 31.7278 27.5114  0.0829421  0.0290759 -0.0356559 0 0 0   -0.011 -0.02329  0.04412 -0.0278611  0.0500893 0.00488291 -0.00271971  0.00186703  0.00615446  0.0117831 -0.0261169  0.0233569 -1.89982 -1.94021 -9.42564  6065
             16.3997 0.659501   31.542  27.1238  0.0797631  0.0355374 -0.0367922 0 0 0   -0.011 -0.02329  0.04412 -0.00382935   0.0492054  -0.0109972 -0.00272986  0.00180678    0.006072 0.00979051  -0.027337  0.0237363 -1.90161 -1.94125 -9.42507  6045
             16.4996 0.0189398   32.1826   27.1316  0.0774135  0.0406739 -0.0370311 0 0 0   -0.011 -0.02329  0.04412  0.0191665   0.044513 -0.0176116 -0.00276428  0.00175673  0.00603734 0.00994808 -0.0287504  0.0238954 -1.90195 -1.94235 -9.42477  6080
             16.5996 1.25526 33.0725 27.7259  0.0798464  0.0400001 -0.0375826 0 0 0   -0.011 -0.02329  0.04412   0.0396031 -0.00934877 -0.00803873 -0.0028107 0.00173396 0.00596452 0.0108323 -0.028861 0.0241933 -1.90107 -1.94288 -9.42484  6091
             16.6996 2.66173 33.9118 28.5035  0.0842184  0.0366496 -0.0415452 0 0 0   -0.011 -0.02329  0.04412  0.0290233 -0.0241629 -0.0164685 -0.00280312  0.00174534  0.00590057 0.00951696 -0.0297297  0.0255359 -1.90108 -1.94493 -9.42442  6119
             16.7997 3.5879 34.467 28.715  0.0870526  0.0360858 -0.0402089 0 0 0   -0.011 -0.02329  0.04412    0.0303912   -0.0142549 -9.04608e-05 -0.00279564  0.00173502  0.00586449  0.0109806 -0.0287281  0.0244832 -1.90056 -1.94311  -9.4249  6070
             16.8997 3.94148 35.1736  28.483  0.0922873  0.0361625 -0.0411534 0 0 0   -0.011 -0.02329  0.04412   0.0398626  -0.0038739 -0.00846536 -0.00278606   0.0017567  0.00582785  0.0109608 -0.0275439  0.0240474  -1.9005 -1.94183 -9.42517  6060
             16.9995 4.37361 35.8078  28.642  0.0951773   0.034342 -0.0434811 0 0 0   -0.011 -0.02329  0.04412    0.02477 -0.0164398 -0.0101787 -0.00278733  0.00173925  0.00576853 0.00982052 -0.0282975  0.0247601 -1.90111 -1.94319 -9.42477  6090
             17.0996  4.7861 36.0094 29.1997  0.0967679  0.0336642 -0.0407679 0 0 0   -0.011 -0.02329  0.04412  0.0126276 -0.0116314  0.0104572 -0.00276712  0.00174115  0.00569642  0.0125201 -0.0280928  0.0239008 -1.89948 -1.94192 -9.42536  6089
             17.1996 4.80163 35.8152  29.172  0.0936432  0.0332051 -0.0399359 0 0 0   -0.011 -0.02329  0.04412 -0.000839504   -0.0121368   0.00790414 -0.0027666 0.00172324 0.00564336  0.0105525 -0.0306733  0.0246335 -1.90144 -1.94441 -9.42445  6087
             17.2998 4.80033 36.1602  29.108  0.0909286  0.0316532 -0.0393212 0 0 0   -0.011 -0.02329  0.04412 0.000721458 -0.00823121  0.00127374 -0.00277727  0.00167181  0.00559974 0.00987991 -0.0328097  0.0253812 -1.90216 -1.94668 -9.42384  6043
             17.3996 4.58949 36.5912 28.2554  0.0918171  0.0314294 -0.0414163 0 0 0   -0.011 -0.02329  0.04412  0.00902938  -0.0136914 -0.00957574 -0.0027865 0.00167007 0.00554983 0.00754396   -0.03259  0.0255173 -1.90396 -1.94677 -9.42346  6111
             17.4996 4.19988 36.8129  27.325  0.0947346  0.0323382 -0.0426611 0 0 0   -0.011 -0.02329  0.04412  0.0127909 0.00965073 -0.0136812 -0.00279558  0.00167694  0.00549832 0.00773573 -0.0311115  0.0248555 -1.90376 -1.94498 -9.42387  6088
             17.5997 3.89264 37.0034 27.3314  0.0949453  0.0328432 -0.0432529 0 0 0   -0.011 -0.02329  0.04412 -0.0186798  0.0020647 0.00694746 -0.00279334  0.00166801  0.00543508 0.00814745 -0.0310698  0.0248829 -1.90339   -1.945 -9.42394  6140
             17.6997 3.31257 36.4592 27.0388  0.0946772  0.0344694 -0.0430429 0 0 0   -0.011 -0.02329  0.04412 -0.00250285  0.00501352 -0.00120161 -0.00278113  0.00168591  0.00538961 0.00733992 -0.0301249  0.0243847 -1.90401 -1.94373 -9.42407  6080
             17.7996 2.64583 36.1589 26.4573   0.092558  0.0324003 -0.0407748 0 0 0   -0.011 -0.02329  0.04412  -0.0102546 -0.00181092   0.0127693 -0.00276986  0.00163046  0.00534035 0.00937318 -0.0309365  0.0246202 -1.90258 -1.94453  -9.4242  6109
             17.8996 1.53967  36.034 26.1034  0.0888115  0.0342098 -0.0387833 0 0 0   -0.011 -0.02329  0.04412 -0.0235777  0.0153666  0.0139724 -0.00278028  0.00160545  0.00530104 0.00914651 -0.0322155  0.0247138 -1.90326 -1.94522 -9.42392  6067
             17.9995 -0.326126   35.9921   25.8869  0.0875383  0.0360468 -0.0406424 0 0 0   -0.011 -0.02329  0.04412 -0.00925146   0.0333044  -0.0120936 -0.00272994  0.00158988  0.00523789 0.00716061 -0.0322183  0.0252356 -1.90432 -1.94606 -9.42353  6102
             18.0995 -2.08969  36.1875  25.4559  0.0883378  0.0403954 -0.0433756 0 0 0   -0.011 -0.02329  0.04412 0.00953208  0.0350369   -0.02277 -0.00272869   0.0015573  0.00519398 0.00609166 -0.0317972  0.0250777 -1.90499 -1.94557  -9.4235  6096
             18.1996 -3.1544 36.0179 25.2145 0.0874373 0.0425258 -0.041426 0 0 0   -0.011 -0.02329  0.04412 -0.00949234  0.00485187   0.0158907 -0.00275622   0.0015247  0.00515669 0.00880965 -0.0314755   0.024547 -1.90359 -1.94459 -9.42398  6111
             18.2998 -3.0263 35.5768 25.1394  0.0850485  0.0420827 -0.0414139 0 0 0   -0.011 -0.02329  0.04412 0.00334378 -0.0407584  0.0164125 -0.00279101  0.00151165  0.00507838 0.00687744 -0.0332192  0.0252356 -1.90496 -1.94651 -9.42331  6075
             18.3995 0.0505294   35.9228   26.7649  0.0886734  0.0330256 -0.0400958 0 0 0   -0.011 -0.02329  0.04412  0.0395817 -0.0727062 0.00497372 -0.00286427   0.0014923  0.00499849 0.00729956 -0.0329783  0.0255472 -1.90416 -1.94692 -9.42338  6120
             18.4995 1.91206 36.2622 28.2578 0.0910755 0.0296188 -0.040387 0 0 0   -0.011 -0.02329  0.04412   0.0199129  -0.0317637 -0.00944278 -0.00287563  0.00146978  0.00491862 0.00655368 -0.0331699  0.0252771 -1.90508 -1.94656 -9.42327  6117
             18.5997 1.93965 36.2928 28.0182  0.0903376  0.0270454 -0.0376995 0 0 0   -0.011 -0.02329  0.04412 0.00126607 -0.0230733  0.0154237 -0.0028334 0.00146907 0.00491612 0.00861705 -0.0334196  0.0249386 -1.90416 -1.94619 -9.42353  6085
             18.6995 2.17887 36.3075 28.4282  0.0903491  0.0265602 -0.0375354 0 0 0   -0.011 -0.02329  0.04412  0.00789344 -0.00978248  0.00393987 -0.00282787  0.00144139  0.00485752 0.00710721 -0.0336512  0.0249752 -1.90534 -1.94637 -9.42326  6124
             18.7996 2.09403 36.4494 28.3888  0.0939716  0.0258782 -0.0388849 0 0 0   -0.011 -0.02329  0.04412  0.0285854 0.00302942 -0.0138521 -0.00281082  0.00145076  0.00482872 0.00687087 -0.0327386  0.0249294 -1.90521  -1.9458  -9.4234  6071
             18.8995 1.84641 36.4201 28.0081  0.0955513  0.0287462 -0.0408093 0 0 0   -0.011 -0.02329  0.04412  0.0134943  0.0168638 -0.0145637 -0.00284232  0.00144616  0.00477836 0.00519988 -0.0329925   0.024717  -1.9068 -1.94566 -9.42311  6074
             18.9995 1.27573  36.389 27.7414   0.097345  0.0311333 -0.0406068 0 0 0   -0.011 -0.02329  0.04412  0.00858377   0.0164913 -0.00192595 -0.00281651  0.00144373  0.00473911  0.0063128 -0.0321598  0.0241491 -1.90612 -1.94437 -9.42352  6114
             19.0996 0.727083  36.2867  27.2714  0.0967604  0.0310603 -0.0406526 0 0 0   -0.011 -0.02329  0.04412  0.00287209  0.00221061 0.000914399 -0.00282326  0.00142373   0.0046817 0.00639741 -0.0330735  0.0246248 -1.90598 -1.94556  -9.4233  6083
             19.1996 0.761817  36.2149  27.5265  0.0961544  0.0285908 -0.0400004 0 0 0   -0.011 -0.02329  0.04412 0.00438853 -0.0173325 0.00441556 -0.00281675  0.00140569  0.00463204 0.00700359   -0.03383  0.0250793 -1.90541 -1.94664 -9.42319  6103
             19.2997 1.07744 36.3049  27.993  0.0959029  0.0287727 -0.0424941 0 0 0   -0.011 -0.02329  0.04412  0.00867977 -0.00358434  -0.0191272 -0.00282565  0.00139364  0.00458547 0.00434698 -0.0348137  0.0254803  -1.9074 -1.94776 -9.42255  6087
             19.3996 0.750848  36.4186  28.0693  0.0957339  0.0289575 -0.0439144 0 0 0   -0.011 -0.02329  0.04412 -0.00371411   0.0104702  -0.0164833 -0.00280549   0.0013697  0.00454778 0.00469413 -0.0349855  0.0255026  -1.9072 -1.94788 -9.42257  6098
             19.4995 -0.194488   36.3846   27.6232  0.0932661  0.0322924 -0.0432285 0 0 0   -0.011 -0.02329  0.04412   -0.016234   0.0242358 -0.00459976 -0.00281089   0.0013653  0.00451805 0.00552708 -0.0351944  0.0250107 -1.90716 -1.94729  -9.4227  6106
             19.5996 -0.775241   36.4443   27.7025  0.0903788  0.0354553 -0.0415521 0 0 0   -0.011 -0.02329  0.04412 -0.0190829  0.0253676 0.00851988 -0.00281443  0.00133022  0.00445109 0.00647513 -0.0353462  0.0246711 -1.90688 -1.94688 -9.42284  6105
             19.6996 -1.41048  36.4665  27.8241  0.0895065  0.0358878 -0.0396879 0 0 0   -0.011 -0.02329  0.04412 -0.029609 0.0172568 0.0200945 -0.0027984 0.00129724 0.00442162 0.00814778 -0.0347271  0.0246447 -1.90544 -1.94646 -9.42322  6039
             19.7995 -2.38127  35.6907  27.6889  0.0855168  0.0378644 -0.0388594 0 0 0   -0.011 -0.02329  0.04412   -0.018842 -0.00517835   0.0168974 -0.00278825  0.00129942  0.00437251 0.00693106 -0.0354382  0.0249543 -1.90625 -1.94733 -9.42288  6107
             19.8995 -1.22738  35.8516  27.6041  0.0831074  0.0364896 -0.0395783 0 0 0   -0.011 -0.02329  0.04412   0.0108777  -0.0147172 -0.00722925 -0.00284673  0.00124071  0.00431589 0.00463588  -0.037615  0.0257006 -1.90788 -1.94967 -9.42206  6116
             19.9996 -0.352447   36.4833   27.7964  0.0861243  0.0381296 -0.0429772 0 0 0   -0.011 -0.02329  0.04412  0.0272441   0.012125 -0.0300332 -0.00286363  0.00124396  0.00427233 0.00273804 -0.0371026  0.0254359 -1.90927 -1.94904 -9.42191  6084
             20.0995 0.175066  37.1304  28.1862  0.0917498  0.0385478 -0.0448544 0 0 0   -0.011 -0.02329  0.04412  0.0400571  0.0136479 -0.0235991 -0.0028465 0.00125097 0.00422847  0.0045499 -0.0352837  0.0249499 -1.90781 -1.94728 -9.42257  6110
             20.1994 0.328282  37.4541  28.0858  0.0952229  0.0391077 -0.0451588 0 0 0   -0.011 -0.02329  0.04412  0.0354227  0.0100134 -0.0101667 -0.00284776  0.00125599  0.00419322 0.00607855 -0.0350359  0.0247578 -1.90683 -1.94684 -9.42286  6152
             20.2996 0.481267   37.643   28.371  0.0980294   0.042182 -0.0457187 0 0 0   -0.011 -0.02329  0.04412   0.0251614   0.0222703 -0.00478835 -0.00284691  0.00124019  0.00414448 0.00564364  -0.034802  0.0243951 -1.90744 -1.94622 -9.42287  6071
             20.3995 0.751065  38.1615  29.3216  0.100558  0.046605 -0.046858 0 0 0   -0.011 -0.02329  0.04412 0.0331324 0.0470654 -0.020178 -0.0028394 0.00122135 0.00409813 0.00520904 -0.0348566  0.0241988 -1.90799 -1.94599  -9.4228  6084
             20.4995 0.0710235   38.9973    30.043   0.102623  0.0523287 -0.0506529 0 0 0   -0.011 -0.02329  0.04412  0.0305903  0.0618267 -0.0298789 -0.00282059  0.00118992  0.00406035 0.00382991 -0.0358842  0.0246734 -1.90892 -1.94734 -9.42233  6124
             20.5996 -0.093169   39.6846   31.1404    0.10496  0.0545068 -0.0506356 0 0 0   -0.011 -0.02329  0.04412  0.0325286 0.00543948 0.00239454 -0.00284756  0.00116024  0.00403156 0.00585157 -0.0365514  0.0248473 -1.90743 -1.94779 -9.42254  6110
             20.6996 0.550343  39.4916  31.9877  0.107778 0.0549609 -0.050228 0 0 0   -0.011 -0.02329  0.04412   0.0312565 -0.00629448    0.013698 -0.00287235  0.00117923  0.00398648  0.0047962 -0.0367822  0.0248349 -1.90831 -1.94805 -9.42231  6145
             20.7996 1.03286 39.0585 31.8841   0.107548  0.0549164 -0.0483304 0 0 0   -0.011 -0.02329  0.04412  0.00736871 -0.00210314   0.0187826 -0.00290352  0.00117808   0.0039719 0.0037392 -0.038659 0.0251458 -1.90927 -1.94982 -9.42175  6078
             20.8995 1.23887 38.5191 31.5104   0.106639  0.0555581 -0.0449641 0 0 0   -0.011 -0.02329  0.04412 -0.0160399    0.01362  0.0216324 -0.00288376  0.00115276  0.00392909 0.00457307 -0.0388013  0.0249288 -1.90888 -1.94954 -9.42189  6094
             20.9995 1.34323 38.4647  32.103   0.105235  0.0589751 -0.0436604 0 0 0   -0.011 -0.02329  0.04412 -0.0254371  0.0236069  0.0201017 -0.00284018  0.00112293  0.00386404 0.00372163 -0.0377721   0.024486 -1.90977 -1.94846 -9.42193  6135
             21.0995 1.76313 38.3072 33.4668    0.10265  0.0600438 -0.0436648 0 0 0   -0.011 -0.02329  0.04412 -0.00567635   0.0112669  0.00177569 -0.00283838  0.00111428  0.00381244 0.00239272 -0.0387111  0.0250328 -1.91048 -1.94989 -9.42149  6115
             21.1996 2.50052 38.8186 34.9488   0.105408  0.0606046 -0.0439679 0 0 0   -0.011 -0.02329  0.04412   0.0221891  0.00068487 0.000177307 -0.0028266 0.00107339 0.00376872 0.00288686 -0.0373738  0.0248392 -1.91002 -1.94867 -9.42184  6115
             21.2996 2.83896 38.9538 35.8915   0.105814  0.0588674 -0.0432741 0 0 0   -0.011 -0.02329  0.04412  0.00826348 -0.00496199 -0.00197189  -0.002818 0.00106519 0.00376395 0.00388598 -0.0386007  0.0253461 -1.90894 -1.94991  -9.4218  6072
             21.3995 2.69842 39.2577 36.4474    0.10779  0.0601715 -0.0438875 0 0 0   -0.011 -0.02329  0.04412  0.0322964 0.00191192 -0.0141855 -0.00282935   0.0010504  0.00371795  0.0032599 -0.0378852  0.0248383 -1.90981 -1.94901 -9.42181  6102
             21.4995 4.06694 40.2533 37.9138   0.111039  0.0618764 -0.0455607 0 0 0   -0.011 -0.02329  0.04412  0.0670277 -0.0327554 -0.0239625 -0.00285129  0.00103618  0.00368032 0.00153094 -0.0380712  0.0242408 -1.91177 -1.94894 -9.42143  6101
             21.5995 7.34978  41.057 40.4198   0.115706  0.0559718 -0.0481279 0 0 0   -0.011 -0.02329  0.04412  0.0587551 -0.0353956 -0.0273095 -0.00288179  0.00103366  0.00364464 0.00137488 -0.0408602  0.0251906 -1.91128 -1.95192 -9.42091  6104
             21.6995 8.39108 41.5422 40.8066   0.123199  0.0513342 -0.0522473 0 0 0   -0.011 -0.02329  0.04412  0.0827639  -0.039744 -0.0441566 -0.00285406  0.00102544  0.00361973 0.00208775 -0.0404715  0.0255884 -1.91036  -1.9518 -9.42112  6089
             21.7994 9.68548 42.4033 41.1598    0.13292  0.0459737 -0.0565136 0 0 0   -0.011 -0.02329  0.04412  0.0312386 -0.0133467 -0.0147496 -0.00286226  0.00103659  0.00359655 0.00272503 -0.0397069  0.0256339 -1.90978 -1.95111 -9.42138  6115
             21.8995 9.09981 41.5826 41.9631   0.131184  0.0441064 -0.0540993 0 0 0   -0.011 -0.02329  0.04412 -0.00553137  -0.0406436   0.0103214 -0.00282063  0.00105436  0.00353522  0.0026362 -0.0414369   0.025419 -1.90996 -1.95224 -9.42111  6050
             21.9994 8.01796 41.8159 42.1762    0.12993  0.0422795 -0.0517075 0 0 0   -0.011 -0.02329  0.04412 0.00306293 -0.0258566  0.0108555 -0.00279564 0.000978009  0.00352262 0.00332792 -0.0429495  0.0253113 -1.90936  -1.9531 -9.42105  6151
             22.0995 7.06901 42.1436 42.0315    0.13107  0.0424836 -0.0516542 0 0 0   -0.011 -0.02329  0.04412  0.0242812 -0.0114747 0.00192209 -0.00283236 0.000981978  0.00350589 0.000799444   -0.041617   0.0246463 -1.91204 -1.95215 -9.42071  6108
             22.1995 6.93419 42.3985 42.2098   0.133342  0.0415453 -0.0540365 0 0 0   -0.011 -0.02329  0.04412 0.00702476 -0.0178467 -0.0137521 -0.00286234 0.000970288  0.00344506 -0.00176607  -0.0404255   0.0244367 -1.91444 -1.95172 -9.42031  6133
             22.2995 8.52731 41.8547 43.2164  0.134513 0.0399359 -0.054132 0 0 0   -0.011 -0.02329  0.04412   0.0205145 -0.00411391  0.00307135 -0.00289686 0.000980532  0.00339373 -0.00164626  -0.0404212   0.0243107 -1.91443 -1.95158 -9.42034  6123
             22.3996 8.39647 41.8825 42.8302   0.134133  0.0387018 -0.0526702 0 0 0   -0.011 -0.02329  0.04412  0.0167696 0.00692594 0.00337547 -0.00288386 0.000947404  0.00337046 -0.00105454  -0.0433295   0.0249765 -1.91334 -1.95422 -9.42001  6134
             22.4996 7.99341  42.502 42.7977   0.133581  0.0409707 -0.0517117 0 0 0   -0.011 -0.02329  0.04412 -0.0193047   0.033873 0.00995339  -0.0028585 0.000929674  0.00334814 -0.000721523   -0.0443051    0.0252063 -1.91285 -1.95508 -9.41993  6080
             22.5995 8.98642 42.5202 44.7172   0.133003  0.0448437 -0.0535234 0 0 0   -0.011 -0.02329  0.04412 -0.0140832 0.00818565 0.00387797 -0.00287236  0.00093813  0.00330679 -0.00372001  -0.0415351   0.0245621 -1.91599 -1.95319 -9.41969  6125
             22.6995 10.0334 41.9128 46.4489   0.128902  0.0429219 -0.0505409 0 0 0   -0.011 -0.02329  0.04412 -0.042571 -0.019787 0.0350143 -0.00285413 0.000897296  0.00326949 -0.00196342  -0.0442359    0.025344 -1.91381 -1.95545 -9.41966  6121
             22.7996 10.1609 40.8102 46.7502   0.123625  0.0420038 -0.0449798 0 0 0   -0.011 -0.02329  0.04412 -0.0580506 -0.0194374  0.0474773 -0.00285064 0.000896624  0.00323933 -0.00208128  -0.0443118   0.0248595 -1.91422 -1.95517 -9.41964  6098
             22.8995 9.15361 40.3494  46.457   0.118767  0.0437298 -0.0448742 0 0 0   -0.011 -0.02329  0.04412 -0.0194859  0.0035249 0.00367412  -0.0028264 0.000893582  0.00323072 -0.00591735  -0.0423743   0.0242504 -1.91809 -1.95422 -9.41905  6138
             22.9994 9.01424  40.129 47.2676   0.116047  0.0432025 -0.0443236 0 0 0   -0.011 -0.02329  0.04412 -0.0230062 0.00210787 0.00540624 -0.00281195 0.000862534  0.00319065 -0.00600187   -0.042499   0.0244505 -1.91803 -1.95448   -9.419  6097
             23.0995 8.22466 40.0095 47.2396   0.115706  0.0413139 -0.0423307 0 0 0   -0.011 -0.02329  0.04412   0.019026 -0.0212548 0.00327347 -0.00280121 0.000842391   0.0031612 -0.00280343  -0.0442298   0.0249788 -1.91475 -1.95539 -9.41948  6087
             23.1994 7.38778 39.8156 44.9838   0.116409  0.0391923 -0.0393259 0 0 0   -0.011 -0.02329  0.04412    0.01849 -0.0320561   0.023556 -0.00284126 0.000826154  0.00316909 -0.00310222  -0.0457065   0.0246755 -1.91503  -1.9565 -9.41919  6120
             23.2995 7.00648 39.7657 44.2365   0.116707  0.0398826 -0.0386606 0 0 0   -0.011 -0.02329  0.04412 -0.00538601   0.0102693     0.01034 -0.00283572 0.000841979  0.00310998 -0.00572246  -0.0455237   0.0242051 -1.91759 -1.95674 -9.41862  6140
             23.3995 4.06235 39.2633  42.038   0.111832  0.0421214 -0.0384423 0 0 0   -0.011 -0.02329  0.04412 -0.0676164  0.0539211 0.00377973 -0.00279114 0.000836702  0.00311101 -0.0056813 -0.0472223  0.0249453 -1.91693 -1.95856 -9.41838  6142
             23.4996 1.81858 38.5109 41.7094   0.107353  0.0471353 -0.0375192 0 0 0   -0.011 -0.02329  0.04412  -0.0200531   0.0429743 -0.00639746 -0.00274659 0.000823704  0.00302917 -0.00449701  -0.0462772   0.0247034 -1.91616 -1.95737 -9.41879  6070
             23.5995 3.17733 39.3281 43.9657   0.107868  0.0505764 -0.0369477 0 0 0   -0.011 -0.02329  0.04412  0.0477737  0.0290429 -0.0165941 -0.00279166 0.000731328  0.00291296 -0.00401822  -0.0476719   0.0246045 -1.91578 -1.95838 -9.41865  6113
             23.6995 5.36867 40.5468 45.6955   0.114856  0.0530889 -0.0391628 0 0 0   -0.011 -0.02329  0.04412  0.0562485  0.0131213 -0.0161775  -0.0028461 0.000689796  0.00288771 -0.00414232   -0.046137    0.024288 -1.91619 -1.95695 -9.41887  6096
             23.7995 5.20673 40.7551 45.3408  0.119753 0.0561003 -0.042333 0 0 0   -0.011 -0.02329  0.04412  0.0227403  0.0320365 -0.0275891 -0.00285231 0.000744757  0.00289569 -0.00536781  -0.0439626   0.0238145 -1.91768 -1.95514 -9.41894  6109
             23.8994 4.91311 41.6008 46.0684   0.122687  0.0593461 -0.0450257 0 0 0   -0.011 -0.02329  0.04412  0.0288887  0.0255242 -0.0220516 -0.00282942 0.000722854  0.00288318 -0.00504632  -0.0441115   0.0238294 -1.91739  -1.9552 -9.41899  6154
             23.9995 5.34721 41.8231 47.6012   0.123529  0.0604559 -0.0459605 0 0 0   -0.011 -0.02329  0.04412   0.0192012 0.000380132  0.00132685 -0.00284273 0.000722358  0.00284779 -0.00563555  -0.0456108   0.0240701 -1.91758 -1.95673 -9.41863  6118
             24.0994 5.09819  41.735 47.6273   0.124717  0.0615767 -0.0461849 0 0 0   -0.011 -0.02329  0.04412   0.0237237 -0.00534667  0.00463934 -0.00284183 0.000721178  0.00282089 -0.00753423  -0.0457998   0.0237352 -1.91937 -1.95719 -9.41817  6152
             24.1994 4.84682  41.604 47.0991   0.124965  0.0583485 -0.0455803 0 0 0   -0.011 -0.02329  0.04412  0.0136039 -0.0111124 0.00146075 -0.0028389 0.00071546 0.00280527 -0.00665365   -0.048891   0.0248601 -1.91752 -1.96014 -9.41793  6124
             24.2994 5.15266 41.6138 47.0217   0.123278  0.0555961 -0.0443248 0 0 0   -0.011 -0.02329  0.04412 0.00483604 -0.0162501 0.00653661 -0.00284445  0.00070561  0.00277593 -0.00677883   -0.052317   0.0255651 -1.91675 -1.96341 -9.41741  6133
             24.3996  5.9031 41.9586 46.6919   0.123669  0.0535222 -0.0467963 0 0 0   -0.011 -0.02329  0.04412   0.0215208 0.000169255  -0.0342917 -0.00286435 0.000677201  0.00273231 -0.00811094  -0.0537274   0.0260933  -1.9173 -1.96522 -9.41692  6092
             24.4994 6.28411 43.3958 47.5851   0.128925  0.0597679 -0.0524878 0 0 0   -0.011 -0.02329  0.04412  0.0266328  0.0872428 -0.0824347 -0.00283796 0.000664647   0.0027056 -0.0083646 -0.0497059  0.0248461 -1.91883 -1.96127 -9.41743  6120
             24.5995 7.02739 45.0382 52.4667   0.131827   0.072329 -0.0586985 0 0 0   -0.011 -0.02329  0.04412  0.0521046  0.0854575 -0.0903616 -0.00278041  0.00064087    0.002594 -0.00801395  -0.0489251    0.023566 -1.91958 -1.95978 -9.41759  6136
             24.6995 9.99987 46.8294 56.8757   0.138887   0.077182 -0.0711499 0 0 0   -0.011 -0.02329  0.04412  0.0840614   0.019231 -0.0919353 -0.00289198 0.000608623  0.00257998 -0.0110854  -0.049143  0.0238396 -1.92185 -1.96102 -9.41687  6151
             24.7996 12.6547 47.2789 58.9197   0.146717  0.0738976 -0.0771267 0 0 0   -0.011 -0.02329  0.04412  0.0790672 -0.0531438 -0.0463043 -0.00295022 0.000643958  0.00261726 -0.00881277  -0.0504661   0.0246163 -1.91926 -1.96183 -9.41723  6082
             24.8994 14.4854 47.9048 58.9513   0.153006  0.0680398 -0.0766325 0 0 0   -0.011 -0.02329  0.04412  0.0611497 -0.0400058  -0.011996 -0.00298463   0.0006233  0.00262871 -0.00564595  -0.0537891   0.0249994 -1.91592 -1.96368 -9.41752  6163
             24.9995  14.921 48.4471 57.7992   0.154773  0.0624718 -0.0745529 0 0 0   -0.011 -0.02329  0.04412  0.0217358 -0.0704282  0.0399312 -0.00299214 0.000625874  0.00261771  -0.006618 -0.0570093  0.0252901 -1.91597  -1.9668 -9.41686  6160
             25.0994 16.6162  48.438   58.82  0.158618 0.0553645 -0.073556 0 0 0   -0.011 -0.02329  0.04412   0.061133 -0.0805103  0.0012151 -0.00297043 0.000634352  0.00253222 -0.00865714  -0.0556762   0.0249695 -1.91809 -1.96628 -9.41654  6179
             25.1995 19.2299 48.8756 59.6813   0.164459  0.0518435 -0.0769437 0 0 0   -0.011 -0.02329  0.04412  0.0443359 -0.0398278 -0.0176887 -0.00298415 0.000645823  0.00249259 -0.0132625 -0.0525073  0.0235879 -1.92336 -1.96455 -9.41582  6178
             25.2995 19.6864 49.0605 58.7257   0.166216  0.0454799 -0.0770626 0 0 0   -0.011 -0.02329  0.04412  0.00130853 -0.00096312  -0.0165406 -0.00295805 0.000661211  0.00248546 -0.00907651  -0.0553536   0.0252266 -1.91832 -1.96639 -9.41646  6148
             25.3995  19.929 49.8873 58.1618  0.168748 0.0455964 -0.082205 0 0 0   -0.011 -0.02329  0.04412  0.0185102 -0.0362891 -0.0167599  -0.0029731 0.000676847  0.00245378 -0.0133568 -0.0509898  0.0240323 -1.92344 -1.96375 -9.41597  6152
             25.4996 20.7082 49.6453 57.1782   0.170154  0.0411588 -0.0831622 0 0 0   -0.011 -0.02329  0.04412  0.00738986  -0.0360886 -0.00718246   -0.002981 0.000683757  0.00239798 -0.0143651 -0.0508858  0.0239019 -1.92439 -1.96395 -9.41574  6112
             25.5995 23.4371 49.7272 59.9859   0.173443  0.0428472 -0.0864812 0 0 0   -0.011 -0.02329  0.04412 0.0363421  0.019259  -0.06273 -0.00295804 0.000664437  0.00232855 -0.0145364 -0.0492467  0.0230936 -1.92526 -1.96207 -9.41595  6149
             25.6995 25.6734 50.2907 62.4192  0.175375 0.0443136 -0.088493 0 0 0   -0.011 -0.02329  0.04412  0.0404716  0.0100741 -0.0399194 -0.00297057 0.000656992  0.00231363 -0.0120881 -0.0536483  0.0236882 -1.92206 -1.96487 -9.41602  6150
             25.7994 27.0168 51.0599 63.6132   0.182158  0.0435139 -0.0949165 0 0 0   -0.011 -0.02329  0.04412   0.0629959 -0.00400058  -0.0492311 -0.00296636 0.000658741  0.00229993 -0.0128591 -0.0512843  0.0236335 -1.92319 -1.96342 -9.41609  6150
             25.8994 28.2246 51.8666 64.4892   0.185895  0.0439747 -0.0977439 0 0 0   -0.011 -0.02329  0.04412  0.0509723 0.00281881 -0.0377994   -0.002979 0.000650194  0.00229552 -0.0132323 -0.0537909  0.0238198 -1.92296 -1.96556 -9.41569  6134
             25.9996 28.9989 52.7048 65.1498  0.192058 0.0440664 -0.100714 0 0 0   -0.011 -0.02329  0.04412  0.0520824 -0.0039626 -0.0292608 -0.00295879 0.000652464  0.00228065 -0.0119556 -0.0532829  0.0237755 -1.92195 -1.96461  -9.4161  6124
             26.0993 29.6988 52.6892 65.6986  0.194854 0.0423748 -0.102179 0 0 0   -0.011 -0.02329  0.04412   0.034593 -0.0287186 -0.0123741 -0.00297766 0.000665675  0.00223785 -0.0133623 -0.0537839  0.0236774 -1.92314 -1.96547 -9.41568  6185
             26.1994 30.2244 52.7629 65.5268  0.198985 0.0409596 -0.104004 0 0 0   -0.011 -0.02329  0.04412  0.0177598 -0.0293369 0.00624719 -0.00298483 0.000667033    0.002218 -0.0144648 -0.0514066  0.0229863  -1.9249 -1.96357 -9.41571  6200
             26.2995  29.946 52.7045   65.34  0.195094 0.0419267  -0.10407 0 0 0   -0.011 -0.02329  0.04412  -0.0204124 -0.00315754  0.00317745 -0.00298647 0.000661037   0.0021959 -0.0196193 -0.0521373  0.0222423 -1.92964 -1.96555 -9.41433  6159
             26.3995 30.5513 52.6531 66.2458  0.192253 0.0399824 -0.103861 0 0 0   -0.011 -0.02329  0.04412 -0.00338098  -0.0165161  -0.0154703 -0.00298389 0.000640177  0.00214755 -0.0195876 -0.0537523  0.0226985 -1.92909 -1.96715 -9.41411  6181
             26.4995 31.7755 53.1986 66.8777  0.196257 0.0388058 -0.106442 0 0 0   -0.011 -0.02329  0.04412  0.0263325  0.0073895 -0.0398447 -0.00296549 0.000633663  0.00211364 -0.0176085 -0.0524134  0.0225736 -1.92766 -1.96521  -9.4148  6139
             26.5994 32.6829 53.7781 68.0162  0.198178  0.039028 -0.109094 0 0 0   -0.011 -0.02329  0.04412  -0.0061747    0.024233 -0.00807302 -0.00296949 0.000642447  0.00210139 -0.0164783 -0.0521696   0.022887 -1.92657 -1.96489  -9.4151  6220
             26.6996 33.0446 53.5986 69.1698  0.198378 0.0427104 -0.108769 0 0 0   -0.011 -0.02329  0.04412   0.0190578  0.00476675 -0.00729055 -0.00297244 0.000637904  0.00206915 -0.0166956  -0.051999  0.0223932 -1.92701 -1.96432 -9.41512  6123
             26.7994 33.5227 53.6092 69.8901  0.199319 0.0434733 -0.110806 0 0 0   -0.011 -0.02329  0.04412  0.0127371  0.0104485 -0.0122083 -0.00298134 0.000636899  0.00205996 -0.0187975    -0.0514  0.0220801 -1.92913 -1.96452 -9.41465  6194
             26.8994 34.9684 53.5227 72.1534  0.198915 0.0468562 -0.114307 0 0 0   -0.011 -0.02329  0.04412 0.0352524 0.0242035  -0.05771 -0.00297846 0.000620016   0.0020108 -0.0222045 -0.0519089  0.0215556 -1.93226 -1.96585 -9.41373  6186
             26.9995 39.2113 53.8362 76.6658  0.206968 0.0466161  -0.11988 0 0 0   -0.011 -0.02329  0.04412  0.0885001 0.00591893 -0.0788011 -0.00300446 0.000552091  0.00198662 -0.0181644 -0.0530779  0.0223909 -1.92809 -1.96569 -9.41462  6216
             27.0995 43.5972 54.5156 80.3947     0.212 0.0470295 -0.127696 0 0 0   -0.011 -0.02329  0.04412  0.0530761 -0.0165178 -0.0508568  -0.0030501 0.000543515  0.00196415 -0.0215677 -0.0538474  0.0220494 -1.93105 -1.96745 -9.41364  6171
             27.1993 42.2342 55.2876 77.5407  0.210944 0.0422745 -0.125508 0 0 0   -0.011 -0.02329  0.04412 -0.0539081 -0.0344956  0.0807756 -0.00304527 0.000616289  0.00201973 -0.0218069   -0.05653  0.0226551 -1.93035 -1.97005 -9.41324  6222
             27.2996 39.0432 54.0926 75.8259  0.205746 0.0442505 -0.120729 0 0 0   -0.011 -0.02329  0.04412 -0.0370894  0.0108979  0.0415895 -0.00296485 0.000657514  0.00193963 -0.0250358 -0.0526682  0.0212913 -1.93471 -1.96754 -9.41287  6154
             27.3994 38.3769  53.831  74.815  0.205728 0.0480072 -0.120735 0 0 0   -0.011 -0.02329  0.04412 -0.0147482  0.0268614 -0.0068092 -0.00301403 0.000616219  0.00190681 -0.0257924 -0.0494072  0.0203934 -1.93655 -1.96472 -9.41308  6173
             27.4995 38.2233 53.9651 74.7137  0.204293 0.0497282  -0.12293 0 0 0   -0.011 -0.02329  0.04412 -0.00242571   0.0174129  -0.0322326 -0.00300956 0.000576878  0.00188134 -0.0255306 -0.0497498  0.0206294 -1.93614 -1.96508 -9.41309  6191
             27.5995 38.4794 53.9162 74.6676  0.205158 0.0526132 -0.124485 0 0 0   -0.011 -0.02329  0.04412 -0.00364761  0.00498934 -0.00374175 -0.00301333 0.000555997  0.00184027 -0.0252477 -0.0486552  0.0201337 -1.93636 -1.96366 -9.41334  6163
             27.6995 37.9132 53.9356 73.4202  0.203862 0.0512936  -0.12545 0 0 0   -0.011 -0.02329  0.04412 0.00706035 -0.0202336 -0.0251049 -0.00301031 0.000582195  0.00182661 -0.0257934 -0.0492915  0.0203401  -1.9366 -1.96458  -9.4131  6122
             27.7994   39.03 54.5158 72.7276  0.205067 0.0484412 -0.128988 0 0 0   -0.011 -0.02329  0.04412  0.0218074 -0.0263486  -0.044772 -0.00300862   0.0005566  0.00180121 -0.0256873 -0.0508169   0.020548 -1.93607 -1.96579 -9.41296  6181
             27.8994 38.5306 54.7284 70.9496  0.204045  0.049695 -0.128991 0 0 0   -0.011 -0.02329  0.04412 -0.0353067 0.00797689  0.0290711  -0.0029918 0.000578893  0.00175684   -0.02615 -0.0507865  0.0200532 -1.93669 -1.96543 -9.41291  6130
             27.9993 36.7304 54.1703 69.0707  0.199535 0.0526446 -0.124979 0 0 0   -0.011 -0.02329  0.04412 -0.0538036  0.0332142  0.0429148 -0.00297192 0.000587038  0.00172029 -0.0265285 -0.0508813  0.0197821 -1.93711 -1.96535 -9.41284  6206
             28.0996 35.3768 53.7782 67.7308  0.196766 0.0543392 -0.123123 0 0 0   -0.011 -0.02329  0.04412 -0.0245277   0.021163 0.00613698 -0.00294412 0.000590663  0.00169978 -0.0261398 -0.0498102  0.0198323 -1.93697 -1.96454 -9.41303  6135
             28.1993 34.5188  53.896 66.4356  0.192437 0.0563707 -0.124437 0 0 0   -0.011 -0.02329  0.04412  -0.0340952   0.0141945 -0.00965315  -0.0029624 0.000584666  0.00167378 -0.0283335 -0.0491452  0.0195615 -1.93921 -1.96477 -9.41253  6169
             28.2995 33.9823 53.8091 65.6578  0.188107 0.0579699 -0.124649 0 0 0   -0.011 -0.02329  0.04412  -0.0378603   0.0179482 -0.00308132 -0.00294843 0.000567461  0.00164892 -0.0286597 -0.0500121  0.0196278 -1.93931 -1.96555 -9.41234  6160
             28.3995 33.5873  53.781 65.4206  0.184107 0.0589547 -0.124591 0 0 0   -0.011 -0.02329  0.04412  -0.037463   0.017331 0.00563981   -0.002933 0.000562498  0.00161991 -0.0283541 -0.0504532  0.0198512 -1.93887 -1.96598 -9.41234  6190
             28.4995 32.4669 54.1885 64.4079  0.182814 0.0617368 -0.122584 0 0 0   -0.011 -0.02329  0.04412 -0.0189298  0.0216023  0.0190257 -0.00291582 0.000552255   0.0015948 -0.0272911 -0.0497595  0.0196103 -1.93809 -1.96478 -9.41275  6115
             28.5994 30.8095 54.7135 62.3219  0.177925 0.0638431 -0.122428 0 0 0   -0.011 -0.02329  0.04412 -0.0558317  0.0340764  0.0158345 -0.00294733 0.000560818  0.00159502 -0.0295335 -0.0494058  0.0194486 -1.94028  -1.9653 -9.41219  6181
             28.6994 26.5609 54.8993 59.1122   0.16623 0.0720618  -0.11582 0 0 0   -0.011 -0.02329  0.04412 -0.160892 0.0801132   0.11891 -0.00290399 0.000549827  0.00159009  -0.030387 -0.0503358  0.0191883 -1.94101 -1.96589 -9.41192  6167
             28.7996 18.1837  52.857 53.3009  0.147424 0.0812895 -0.100649 0 0 0   -0.011 -0.02329  0.04412 -0.217222  0.065441  0.177396 -0.00280598 0.000627946  0.00156831 -0.0305825 -0.0497578  0.0188187 -1.94141 -1.96512   -9.412  6171
             28.8995 11.3934 49.2752 49.2158  0.127109 0.0846283 -0.081417 0 0 0   -0.011 -0.02329  0.04412 -0.208365 0.0399309  0.172451 -0.00277975 0.000629722  0.00150787  -0.028693 -0.0501812  0.0191278 -1.93955 -1.96507 -9.41239  6147
             28.9995  5.1527 45.7084 45.6026   0.106394  0.0907843 -0.0650655 0 0 0   -0.011 -0.02329  0.04412 -0.173124   0.06016   0.12156 -0.00273109 0.000585683  0.00148022 -0.0282476  -0.050636  0.0189831 -1.93924 -1.96505 -9.41246  6143
             29.0995 0.864949  42.8217   43.304  0.0899561  0.0954129 -0.0540972 0 0 0   -0.011 -0.02329  0.04412 -0.141382 0.0363118  0.104071 -0.00269656 0.000538229  0.00142678 -0.0283744 -0.0512781  0.0191483 -1.93923 -1.96571 -9.41232  6103
             29.1994 -2.11498  38.9584  41.6228 0.0771164 0.0970998 -0.046293 0 0 0   -0.011 -0.02329  0.04412   -0.102794 -0.00491769   0.0895248 -0.00268047 0.000532074  0.00139411 -0.0294538 -0.0512764  0.0193004 -1.93988   -1.966 -9.41213  6116
             29.2995 -3.85326  33.8155  39.4912  0.0649464  0.0954218 -0.0356073 0 0 0   -0.011 -0.02329  0.04412  -0.106767 -0.0340972   0.103457 -0.00266236 0.000496687   0.0013592 -0.0297821 -0.0523579  0.0191804 -1.94032 -1.96683 -9.41186  6167
             29.4001 -6.67293   28.252  36.3189  0.0527138  0.0919301 -0.0297057 0 0 0   -0.011 -0.02329  0.04412  -0.089529 -0.0140693  0.0505229 -0.00259905 0.000498792  0.00131671 -0.0301972 -0.0540158  0.0200929 -1.93981 -1.96852 -9.41162  6086
             29.4996 -8.07355  26.4248   36.523  0.0521806  0.0958307 -0.0281099 0 0 0   -0.011 -0.02329  0.04412  0.0434846  0.0275647 0.00197463 -0.00255096 0.000437297  0.00122677 -0.0306415 -0.0524542  0.0196433 -1.94027 -1.96696 -9.41185  6091
             29.5994 -6.08919  27.7173  40.2135  0.0601825  0.0984752 -0.0309059 0 0 0   -0.011 -0.02329  0.04412   0.112395  0.0558841 -0.0467372 -0.00259414 0.000360148  0.00111589 -0.0305018 -0.0527352  0.0201136 -1.93964  -1.9672 -9.41193  6134
             29.6995 -3.77157  31.4873  44.6866   0.074481   0.102948 -0.0315562 0 0 0   -0.011 -0.02329  0.04412   0.154227  0.0467175 -0.0502236 -0.00259196 0.000276852  0.00110806 -0.0301533 -0.0506387  0.0186212 -1.94098 -1.96609 -9.41189  6123
             29.7995 -1.38174  36.1865  49.2433  0.0892818   0.107525 -0.0363304 0 0 0   -0.011 -0.02329  0.04412   0.148922  0.0464678 -0.0598379 -0.00261859 0.000236929  0.00108968 -0.030018 -0.050819 0.0186667 -1.94087  -1.9663 -9.41186  6086
             29.8994 0.988364   38.734  54.3298  0.0973118   0.105627 -0.0396738 0 0 0   -0.011 -0.02329  0.04412  0.0462855 -0.0204694 -0.0161762 -0.00264245 0.000275716  0.00108653 -0.0295982 -0.0524465  0.0192426 -1.94006 -1.96782 -9.41171  6113
             29.9995 0.383198  40.9721  59.0195   0.101867   0.105812 -0.0400406 0 0 0   -0.011 -0.02329  0.04412    0.0252867    0.0108915 -0.000890107 -0.0025466 0.00023153 0.00111697 -0.0292105  -0.051318  0.0186979 -1.94035 -1.96679 -9.41187  6120
             30.0995 -1.90353  41.9998  63.1087    0.10173    0.10542 -0.0335783 0 0 0   -0.011 -0.02329  0.04412 -0.00502446  -0.0214359   0.0611608  -0.0024964 0.000210575  0.00113346 -0.0283649 -0.0518778  0.0183493 -1.93995 -1.96721 -9.41186  6138
             30.1994 -3.80961  41.4072   65.246   0.102693  0.0989471 -0.0301286 0 0 0   -0.011 -0.02329  0.04412  0.0562069 -0.0739734  0.0202717  -0.0025287 0.000198397  0.00115409 -0.0284479 -0.0532507   0.018973 -1.93922 -1.96851 -9.41174  6124
             30.2994 -3.49848  41.9075  66.7945   0.114637   0.093921 -0.0296888 0 0 0   -0.011 -0.02329  0.04412   0.141971 -0.0508594 -0.0114543 -0.00257163 0.000143302  0.00114642 -0.0281577 -0.0505342  0.0184316 -1.94009 -1.96595  -9.4121  6165
             30.3996  -1.369 43.0234 69.5466   0.129641  0.0885516 -0.0343354 0 0 0   -0.011 -0.02329  0.04412    0.20942  -0.061383 -0.0320375  -0.0025995 0.000126162  0.00109977 -0.0302561 -0.0529991  0.0187134 -1.94066 -1.96869 -9.41141  6117
             30.4996 3.81039 44.3288 73.1881   0.148357  0.0772177 -0.0369669 0 0 0   -0.011 -0.02329  0.04412    0.19768 -0.0974317 -0.0229113 -0.00263891 0.000100833  0.00107467 -0.0294326 -0.0592943  0.0203747 -1.93709 -1.97417 -9.41099  6111
             30.5994 8.96785 44.5307 75.8734   0.164356  0.0708062 -0.0411974 0 0 0   -0.011 -0.02329  0.04412   0.118656 -0.0576371 -0.0277446 -0.00266573 0.000158431  0.00104975 -0.0324836 -0.0590132  0.0197013  -1.9398 -1.97474 -9.41032  6173
             30.6995 9.50325 44.6064 76.0506   0.166642  0.0659004 -0.0440386 0 0 0   -0.011 -0.02329  0.04412  0.0137431 -0.0374986 -0.0241099 -0.00261549 0.000190732  0.00105115 -0.0340071  -0.062406  0.0197577 -1.93987 -1.97823 -9.40957  6133
             30.7995 8.30156 44.7072 74.2647   0.165823  0.0603584 -0.0422794 0 0 0   -0.011 -0.02329  0.04412 -0.0280305 -0.0422449 0.00807378 -0.00262454 0.000184808  0.00106077 -0.0324287 -0.0641028  0.0201159 -1.93798 -1.97927 -9.40974  6099
             30.8993 7.28963 44.6315 73.2225   0.167211  0.0569979 -0.0419528 0 0 0   -0.011 -0.02329  0.04412  -0.0172133  -0.0138102 -0.00846432 -0.00260013 0.000200371  0.00101764  -0.029229 -0.0605699  0.0205082 -1.93642 -1.97518 -9.41092  6143
             30.9994 6.44416 45.0324 72.7153   0.165467  0.0558832 -0.0423916 0 0 0   -0.011 -0.02329  0.04412   -0.018361  0.00273601 -0.00765469 -0.00261375 0.000165874 0.000994537 -0.0282327 -0.0609716  0.0208376 -1.93535 -1.97525 -9.41113  6124
             31.0995 6.10831  45.097 72.3805   0.164708  0.0557291 -0.0420434 0 0 0   -0.011 -0.02329  0.04412  0.00496561   0.0103365 -0.00357327 -0.00262491 0.000180768 0.000971844 -0.0273851  -0.061463  0.0210076 -1.93448 -1.97544 -9.41126  6168
             31.1995 6.21484  44.892 71.4687   0.163762   0.056054 -0.0402538 0 0 0   -0.011 -0.02329  0.04412 0.00146944 0.00133654  0.0186356 -0.00265378 0.000175249 0.000954282 -0.0278614 -0.0634969    0.02098 -1.93428 -1.97739  -9.4109  6163
             31.2995 5.94943 44.2413 70.3309   0.164796   0.054773 -0.0358675 0 0 0   -0.011 -0.02329  0.04412  0.00865378 -0.00365941   0.0312301 -0.00262616 0.000183226 0.000938766 -0.0255138 -0.0637323   0.021339 -1.93227 -1.97693 -9.41141  6080
             31.3994  5.9236  43.774 68.9116   0.161739  0.0550942 -0.0337223 0 0 0   -0.011 -0.02329  0.04412 -0.00725578 -0.00533396   0.0296948 -0.00265487 0.000182704 0.000913985 -0.0283981 -0.0662788  0.0210196  -1.9339    -1.98 -9.41043  6115
             31.4995 6.37833 43.1196 67.9173   0.162546  0.0531749 -0.0341004 0 0 0   -0.011 -0.02329  0.04412   0.0158822 -0.00470669  0.00265716 -0.00264396 0.000207909 0.000872632 -0.0284332 -0.0666104  0.0217727 -1.93327 -1.98039 -9.41047  6131
             31.5996 7.40713 42.9315 66.7963   0.165793  0.0511082 -0.0348846 0 0 0   -0.011 -0.02329  0.04412   0.0326218  -0.0187916 -0.00104822 -0.00265001 0.000201477 0.000843548 -0.0277255 -0.0667965  0.0222802 -1.93233 -1.98042 -9.41066  6100
             31.6994 8.81091 42.1492 65.3432   0.169336  0.0503874 -0.0329329 0 0 0   -0.011 -0.02329  0.04412 0.0542038 -0.031424 0.0170744 -0.00267047 0.000228178 0.000835867 -0.0282991 -0.0662028  0.0215064 -1.93346 -1.97995 -9.41053  6150
             31.7995 11.6533 40.6328 64.4277   0.173805  0.0443888 -0.0288626 0 0 0   -0.011 -0.02329  0.04412  0.0757743 -0.0782643  0.0380226 -0.00267274 0.000254108 0.000787953 -0.0288038 -0.0684205  0.0214074 -1.93338 -1.98203  -9.4101  6137
             31.8993  14.901 38.0547 63.7932   0.184697  0.0344287 -0.0262562 0 0 0   -0.011 -0.02329  0.04412 0.0882444 -0.124657 0.0436395 -0.00264635 0.000296657 0.000729828 -0.0280417 -0.0664247  0.0216188 -1.93311 -1.98011 -9.41056  6167
             31.9996 16.3256 34.2299 61.3116   0.193257  0.0200607 -0.0188124 0 0 0   -0.011 -0.02329  0.04412 0.0470609 -0.153615 0.0654018 -0.00259757 0.000344215 0.000702606 -0.0266208 -0.0662732  0.0214255 -1.93209 -1.97961 -9.41088  6108
             32.0999 15.2718 28.7338 57.8393   0.194523   0.001827 -0.0111752 0 0 0   -0.011 -0.02329  0.04412 -0.0393108  -0.176599  0.0840714 -0.00250976 0.000407522 0.000650888 -0.0255674 -0.0666727  0.0218337 -1.93091 -1.97985 -9.41107  6052
             32.1994 12.6532 23.5327 55.2405    0.185983  -0.0127467 -0.00298703 0 0 0   -0.011 -0.02329  0.04412 -0.0992315 -0.0990634  0.0728594 -0.00242599 0.000373715 0.000603247 -0.0259697 -0.0675873  0.0218952 -1.93107 -1.98073 -9.41085  6065
             32.2995 8.53548 20.4723 53.4975   0.172166 -0.0186788 0.00143533 0 0 0   -0.011 -0.02329  0.04412 -0.145954 -0.028022 0.0397783 -0.00233475 0.000294928 0.000557036 -0.0263733 -0.0677782  0.0222114  -1.9314 -1.98091 -9.41075  6069
             32.3999 3.76666 18.6029 52.3719   0.155327 -0.0182168 0.00391809 0 0 0   -0.011 -0.02329  0.04412 -0.179155 0.0357589 0.0103466 -0.00227127 0.000225505  0.00052394 -0.0266786 -0.0679768  0.0222295 -1.93167 -1.98107 -9.41066  6093
             32.4994 -2.26177  17.9812  51.0334    0.136846 -0.00687927 0.000243342 0 0 0   -0.011 -0.02329  0.04412  -0.209324   0.154448 -0.0647818 -0.00223463 0.000160138 0.000525709 -0.0272281 -0.0667868  0.0222897 -1.93237 -1.97975 -9.41079  6057
             32.5993 -9.20751  19.5769   50.297     0.12033   0.0145784 -0.00740317 0 0 0   -0.011 -0.02329  0.04412 -0.153786  0.272405 -0.134671 -0.00219268 4.95226e-05 0.000488091 -0.0272715 -0.0655882  0.0216101 -1.93265 -1.97904 -9.41089  6164
             32.6995 -15.8202  25.0108  48.8301   0.109661  0.0458258 -0.0242192 0 0 0   -0.011 -0.02329  0.04412 -0.0507791   0.361341   -0.21961  -0.00223951 -0.000113224  0.000449559 -0.0270415 -0.0656449  0.0215239 -1.93248 -1.97925 -9.41087  6120
             32.7993 -21.3173  33.7113  47.3468   0.110683  0.0790486 -0.0469585 0 0 0   -0.011 -0.02329  0.04412 0.0549359  0.337051 -0.277184  -0.00231196 -0.000243225  0.000423372  -0.026233 -0.0648738  0.0212459 -1.93217 -1.97905 -9.41098  6163
             32.8996 -23.4122  44.7481  47.4129   0.121037   0.105153 -0.0727455 0 0 0   -0.011 -0.02329  0.04412  0.177609  0.232706 -0.267279  -0.00242213 -0.000331235  0.000340109 -0.0251138 -0.0654711  0.0213172 -1.93142 -1.97991 -9.41095  6180
             32.9996 -18.8363  54.8502  50.7108   0.144129   0.122857 -0.0974621 0 0 0   -0.011 -0.02329  0.04412  0.267527  0.112989 -0.206134 -0.00254705 -0.00035462 0.000313265 -0.0251445 -0.0651958  0.0214078 -1.93132 -1.97961 -9.41104  6187
             33.0994 -6.67928  61.8117  58.8892  0.178023  0.129663 -0.113822 0 0 0   -0.011 -0.02329  0.04412    0.347833 -0.00611805   -0.105048  -0.00263752 -0.000306677  0.000314733 -0.0246954 -0.0631802   0.021305 -1.93143 -1.97769 -9.41142  6229
             33.1999 11.8085 63.7859 71.7288 0.215635 0.124645 -0.11737 0 0 0   -0.011 -0.02329  0.04412   0.35524 -0.103646 0.0132213  -0.00270857 -0.000215751  0.000269845 -0.0229912 -0.0610752  0.0211539 -1.93109 -1.97535 -9.41198  6190
                33.3 25.5049 60.7716 80.4048  0.245699  0.110163 -0.114186 0 0 0   -0.011 -0.02329  0.04412  0.242634 -0.161165   0.11172  -0.00268885 -9.41072e-05  0.000262095 -0.0253061 -0.0627283  0.0214058 -1.93172 -1.97774 -9.41135  6166
             33.3995 29.6618  54.048 83.6125   0.254329  0.0883063 -0.0964731 0 0 0   -0.011 -0.02329  0.04412 0.0686068 -0.207991  0.230743 -0.00259522 -7.8788e-06 0.000230166  -0.028956 -0.0680147  0.0218039 -1.93266 -1.98381 -9.40988  6185
             33.4994  28.408 45.5658 84.1784   0.252734  0.0650294 -0.0718802 0 0 0   -0.011 -0.02329  0.04412 -0.0340618  -0.281017   0.284392 -0.00244524 2.48318e-05 0.000163222 -0.0323022 -0.0692119  0.0213481 -1.93508 -1.98602 -9.40891  6158
             33.5996 24.4066 35.2033 81.5258   0.240225  0.0295482 -0.0380532 0 0 0   -0.011 -0.02329  0.04412 -0.156769 -0.420751   0.33482 -0.00234452  5.0755e-05 0.000160334 -0.0333325 -0.0724148  0.0213814 -1.93499 -1.98902  -9.4083  6128
             33.7002 19.6173 22.6656 76.9915    0.219773  -0.0214584 -0.00724804 0 0 0   -0.011 -0.02329  0.04412 -0.248198 -0.515888   0.24806 -0.00223502 7.40921e-05 0.000121896 -0.0317552  -0.074105  0.0222647 -1.93273 -1.99017 -9.40852  6094
                33.8 16.3408 11.7966 72.9808   0.193725 -0.0710079  0.0066338 0 0 0   -0.011 -0.02329  0.04412 -0.265634 -0.430669  0.107265  -0.00214348 -1.00533e-05  7.10711e-05 -0.0317005 -0.0726073  0.0231651 -1.93298 -1.98905 -9.40871  6031
             33.8999 14.1226 4.61689 69.9928  0.166036  -0.11071 0.0070259 0 0 0   -0.011 -0.02329  0.04412 -0.279985  -0.35163 0.0180085  -0.00204682 -0.000173245  2.90921e-05 -0.0311785 -0.0706766  0.0247224 -1.93308 -1.98716 -9.40908  5959
             33.9994 12.2271  -2.283  67.823  0.139936  -0.14221 0.0115595 0 0 0   -0.011 -0.02329  0.04412  -0.284229  -0.332308 -0.0132995  -0.00198766 -0.000229185 -3.88347e-05 -0.0326393 -0.0690593  0.0229964 -1.93504 -1.98633 -9.40886  6018
                34.1  10.8235 -8.73628  66.0594  0.119462 -0.168014 0.0151415 0 0 0   -0.011 -0.02329  0.04412    -0.20443   -0.221638 -0.00579296  -0.00192829 -0.000254436 -9.57328e-05 -0.0338924 -0.0660826  0.0211201 -1.93702 -1.98459 -9.40882  5912
                34.2  10.3532 -12.1279  64.9582  0.109413  -0.17886 0.0152308 0 0 0   -0.011 -0.02329  0.04412 -0.0858092 -0.0628921 0.00202928   -0.0018776 -0.000300562 -0.000139955 -0.0340457 -0.0614417   0.020648 -1.93863 -1.98059 -9.40933  5855
             34.2995  10.5119 -12.8584  64.1581  0.106216 -0.178465 0.0168954 0 0 0   -0.011 -0.02329  0.04412 -0.0225841  0.0655278  0.0183301  -0.00185282 -0.000327664 -0.000163477 -0.0340271 -0.0600139  0.0204257 -1.93897 -1.97949 -9.40949  5854
             34.3993  10.5233 -11.2037   63.343  0.106498  -0.16846 0.0186114 0 0 0   -0.011 -0.02329  0.04412 0.0268333  0.199436 0.0354902  -0.00186489 -0.000353835 -0.000162916 -0.0322546 -0.0609239  0.0209957 -1.93704 -1.97984 -9.40981  5863
             34.4995    10.31 -5.77845  62.4698  0.110123 -0.143911 0.0215866 0 0 0   -0.011 -0.02329  0.04412  0.066963  0.359978 0.0437709  -0.00189747 -0.000404415 -0.000171682 -0.0303734 -0.0624343  0.0217371 -1.93496 -1.98054 -9.41009  5883
             34.5992 9.59237 3.82366 62.6204  0.123197 -0.107089 0.0200768 0 0 0   -0.011 -0.02329  0.04412   0.143595   0.441456 -0.0368723  -0.00194128 -0.000462029 -0.000168181 -0.0256883 -0.0623345   0.023456 -1.93075 -1.97902 -9.41128  6000
             34.6995 9.26596 15.2785 62.9006   0.136431  -0.066119 0.00975307 0 0 0   -0.011 -0.02329  0.04412  0.126709  0.470817 -0.153686  -0.00205101 -0.000524243  -0.00017901 -0.0232729 -0.0644948  0.0243325 -1.92794 -1.98037 -9.41157  6075
             34.7994 7.67098 27.5537 62.7439    0.151561  -0.0148924 -0.00167834 0 0 0   -0.011 -0.02329  0.04412  0.103347  0.504585 -0.226686  -0.00213947 -0.000522525  -0.00016607 -0.0266953 -0.0629821  0.0215595  -1.9311 -1.98117 -9.41075  6088
             34.8995 5.35514 39.4963 62.2989   0.163221  0.0377834 -0.0223092 0 0 0   -0.011 -0.02329  0.04412 0.0800736  0.449551 -0.269637  -0.00225463 -0.000504081 -0.000191628  -0.029356 -0.0611261   0.019399 -1.93416 -1.98061 -9.41024  6097
             34.9999 3.39988 49.2793 62.0379    0.16951  0.0729159 -0.0487116 0 0 0   -0.011 -0.02329  0.04412 0.0631809  0.307878 -0.248186  -0.00237185 -0.000482064 -0.000221584 -0.0280543 -0.0627205  0.0199928 -1.93242 -1.98194 -9.41032  6152
             35.0994 2.54017 55.2529 61.6115   0.175665  0.0914591 -0.0725139 0 0 0   -0.011 -0.02329  0.04412 0.0685641  0.138562 -0.161662  -0.00250147 -0.000388276 -0.000237282 -0.0275967 -0.0640267  0.0214867 -1.93084 -1.98322 -9.41038  6168
             35.1994 4.25445 57.4853 62.9286   0.180939  0.0969322 -0.0817014 0 0 0   -0.011 -0.02329  0.04412  0.0685936 -0.0103875 0.00377667  -0.00257279 -0.000300744 -0.000286797 -0.0277623 -0.0654728  0.0218991 -1.93041 -1.98463 -9.41017  6195
             35.2995  6.3542 54.3362 63.7635   0.186406  0.0889113 -0.0697693 0 0 0   -0.011 -0.02329  0.04412 0.0303859 -0.176438  0.221981  -0.00260792 -0.000114656 -0.000302086 -0.0275207 -0.0650148  0.0216414 -1.93056 -1.98405 -9.41026  6172
             35.3995 6.93641 47.0566 62.5057    0.18296  0.0651383 -0.0449081 0 0 0   -0.011 -0.02329  0.04412 -0.0545031  -0.317538   0.305779  -0.00257323 -1.40718e-05 -0.000346583 -0.0298498 -0.0663169  0.0215724 -1.93196 -1.98583  -9.4096  6171
             35.4995 5.94927 36.5172  58.427   0.172225  0.0269688 -0.0134416 0 0 0   -0.011 -0.02329  0.04412 -0.125448 -0.405035  0.282611  -0.00248407  4.76687e-05 -0.000403356 -0.0301232 -0.0672556  0.0217892 -1.93185 -1.98678 -9.40942  6128
             35.5999 5.52568 26.3208 53.1191   0.154758 -0.0136241 0.00571965 0 0 0   -0.011 -0.02329  0.04412 -0.159941 -0.342871  0.141924   -0.0024132  5.67823e-05 -0.000463989 -0.0317644 -0.0690041   0.022524 -1.93222 -1.98893 -9.40889  6102
             35.6995 4.65112 19.0228  47.484    0.13855 -0.0406867  0.0148563 0 0 0   -0.011 -0.02329  0.04412 -0.162728  -0.17978 0.0251732  -0.00232397  4.11411e-05 -0.000523517 -0.0315062 -0.0691546  0.0224978 -1.93201 -1.98906  -9.4089  6107
             35.7999 2.46738 14.9419  41.819   0.128257 -0.0494446 0.00951742 0 0 0   -0.011 -0.02329  0.04412 -0.0587263   0.024813 -0.0636413   -0.0022415  1.91556e-05 -0.000562355 -0.0314149 -0.0681889  0.0232248  -1.9316 -1.98807  -9.4092  6098
             35.8994 -0.583184   16.9602   38.7627   0.130966 -0.0431623 0.00283682 0 0 0   -0.011 -0.02329  0.04412    0.10207   0.109238 -0.0990638    -0.002196 -9.58596e-05 -0.000620451 -0.0311174 -0.0678785  0.0228811 -1.93137 -1.98834 -9.40919  6140
             35.9995 0.67694 21.7549 40.3154   0.146377 -0.0367202    0.00295 0 0 0   -0.011 -0.02329  0.04412   0.198654  0.0140739 -0.0490747  -0.00230673 -0.000161397 -0.000709438 -0.0323183 -0.0675934  0.0206386 -1.93336 -1.98931 -9.40857  6125
             36.0999 2.96544 25.2315 42.8357    0.164081  -0.0331289 -0.00282827 0 0 0   -0.011 -0.02329  0.04412   0.123469  0.0556637 -0.0575326  -0.00232265 -0.000130048 -0.000726007  -0.032427 -0.0673502  0.0205703 -1.93328  -1.9893 -9.40859  6122
             36.1999  4.6575 27.5969 45.4951    0.173876  -0.0290801 -0.00899808 0 0 0   -0.011 -0.02329  0.04412  0.0721463  0.0382969 -0.0337346  -0.00234265  -9.2271e-05 -0.000727372 -0.0321652 -0.0674854  0.0209893 -1.93294 -1.98922 -9.40868  6095
             36.2999 6.21487 30.1163 47.2847    0.182266  -0.0244067 -0.00987997 0 0 0   -0.011 -0.02329  0.04412   0.082392  0.0370934 -0.0141377  -0.00237995 -0.000106713 -0.000710689 -0.0324242 -0.0675361  0.0205299 -1.93336 -1.98927 -9.40858  6045
             36.3994 6.97024  32.004 47.0481   0.186047 -0.0238291 -0.0118123 0 0 0   -0.011 -0.02329  0.04412  0.0295594  0.0195617 -0.0135943  -0.00241661 -9.04424e-05 -0.000670146 -0.0319677 -0.0679002  0.0209667 -1.93317 -1.98963 -9.40855  6091
             36.4995 7.10953 34.1009 46.8286     0.1884 -0.0220437 -0.0160569 0 0 0   -0.011 -0.02329  0.04412 -0.00300064   0.0347267  -0.0265031   -0.0023898 -7.89602e-05 -0.000688946 -0.0318922 -0.0676377  0.0213794 -1.93286 -1.98948 -9.40864  6106
                36.6 7.31688 34.9964 48.4515   0.187129 -0.0202025 -0.0161335 0 0 0   -0.011 -0.02329  0.04412  -0.0231363 -0.00280333   0.0056543  -0.00238151 -5.51886e-05 -0.000738496 -0.0319386 -0.0675786   0.021106 -1.93294 -1.98939 -9.40864  6070
             36.6994 7.85416 35.2973 49.4305   0.185009 -0.0203157 -0.0158656 0 0 0   -0.011 -0.02329  0.04412 -0.0189859   0.011975 -0.0108091  -0.00239817 -4.39159e-05 -0.000752917 -0.0319732 -0.0675195  0.0210694 -1.93296 -1.98932 -9.40865  6098
             36.7994 8.45414 36.4572 50.9429   0.182898  -0.015451 -0.0192104 0 0 0   -0.011 -0.02329  0.04412 -0.0225515  0.0786164 -0.0420992  -0.00240011 -7.50711e-05 -0.000765686 -0.0322535 -0.0675086  0.0211484 -1.93315 -1.98923 -9.40863  6104
             36.8999 8.67541 38.8134 54.8208    0.180215 -0.00297316  -0.0247216 0 0 0   -0.011 -0.02329  0.04412 -0.0322383   0.150677 -0.0725153  -0.00241377 -9.78472e-05 -0.000778692 -0.0323389 -0.0674448  0.0209422 -1.93327 -1.98908 -9.40864  6100
             36.9994 9.45305 42.6196 62.0856   0.178885  0.0116852 -0.0330548 0 0 0   -0.011 -0.02329  0.04412  0.0235211   0.110235 -0.0966454  -0.00242802 -0.000154742 -0.000789329 -0.0321815 -0.0673117  0.0208304 -1.93316 -1.98896 -9.40869  6153
             37.0999 13.4398 44.8641 67.3469   0.184819  0.0185376 -0.0405518 0 0 0   -0.011 -0.02329  0.04412  0.0711705  0.0535682 -0.0684679  -0.00250917 -0.000173114 -0.000777567 -0.0319334 -0.0674594  0.0207518   -1.933 -1.98904  -9.4087  6110
             37.1999 15.9873 46.5924 69.4139   0.190444  0.0258584 -0.0504181 0 0 0   -0.011 -0.02329  0.04412 0.0629046 0.0820212 -0.106224  -0.00255194 -0.000138983 -0.000745747 -0.0327159  -0.067503  0.0208962 -1.93355 -1.98926 -9.40854  6107
             37.2994 17.0388 47.8074 69.2776   0.196065  0.0328017 -0.0579673 0 0 0   -0.011 -0.02329  0.04412  0.0531369  0.0596859 -0.0571517  -0.00256788 -9.89757e-05 -0.000733846 -0.0324699 -0.0673203   0.020828 -1.93343 -1.98902 -9.40862  6135
             37.3999 17.1486 48.9918 68.4489   0.204787  0.0357372 -0.0608418 0 0 0   -0.011 -0.02329  0.04412  0.0812331  0.0321701 -0.0336202  -0.00256098 -0.000105879 -0.000736642 -0.0304746 -0.0675278  0.0211191 -1.93162 -1.98876 -9.40905  6145
             37.4994 16.8074 49.5446 66.2406   0.207803  0.0373242 -0.0620902 0 0 0   -0.011 -0.02329  0.04412   0.0646792 -0.00129254   -0.022348  -0.00259833 -7.54937e-05 -0.000738876 -0.0314008 -0.0694761  0.0210664 -1.93205 -1.99054 -9.40858  6177
             37.5999  17.793 50.0409 64.6387   0.217272  0.0358799 -0.0637741 0 0 0   -0.011 -0.02329  0.04412   0.110106 -0.0218392 -0.0351407  -0.00262353 -7.22197e-05 -0.000779976 -0.0307397 -0.0694838  0.0209207 -1.93163 -1.99025 -9.40873  6124
             37.6994 19.5947 50.6203  64.393   0.226848  0.0349337 -0.0696876 0 0 0   -0.011 -0.02329  0.04412    0.08677 -0.0115277 -0.0310061  -0.00262858 -5.86198e-05 -0.000810396 -0.0322851 -0.0690463  0.0209287 -1.93291 -1.99039 -9.40844  6185
             37.7994 19.4071 50.7987 63.8773   0.232646   0.036441 -0.0713899 0 0 0   -0.011 -0.02329  0.04412  0.0483944  0.0148266 -0.0108963  -0.00259952 -4.85242e-05 -0.000823247 -0.0324728 -0.0689106  0.0207711 -1.93317 -1.99022 -9.40842  6176
             37.8999 19.7157 51.5131 63.8694   0.237081  0.0366865 -0.0731855 0 0 0   -0.011 -0.02329  0.04412   0.0611554 -0.00095674  -0.0194363  -0.00258759 -7.76552e-05 -0.000855445  -0.032647 -0.0696307  0.0209697 -1.93316 -1.99095 -9.40827  6071
             37.9993 18.4191 51.8895 61.7618    0.24139  0.0390783 -0.0734593 0 0 0   -0.011 -0.02329  0.04412  -0.0061419 -0.00266863   0.0286198  -0.00261746 -5.59878e-05 -0.000858812 -0.0331738 -0.0689386  0.0205978 -1.93383 -1.99025 -9.40828  6209
             38.0998 17.5579 51.4702 61.5898   0.237666  0.0364337 -0.0720013 0 0 0   -0.011 -0.02329  0.04412  -0.0203201 -0.00769303   0.0103792  -0.00260422 -4.33368e-05 -0.000875276  -0.033469 -0.0697279  0.0211175  -1.9338 -1.99139 -9.40804  6181
             38.1999 17.0754 51.1533 61.7486   0.237798  0.0365652 -0.0718349 0 0 0   -0.011 -0.02329  0.04412 -0.0155077  -0.010412 0.00444855  -0.00259633 -2.65633e-05 -0.000893912 -0.0337139 -0.0688706  0.0208261 -1.93415 -1.99059 -9.40814  6176
             38.2999 15.1904 50.5965 59.9021   0.237606  0.0352934 -0.0691747 0 0 0   -0.011 -0.02329  0.04412 -0.0200158 -0.0202876  0.0229596  -0.00258034 -4.37332e-05 -0.000890412 -0.0329965   -0.06847  0.0205518 -1.93368 -1.98987 -9.40839  6137
                38.4 15.6573 49.7484 60.7939   0.235576  0.0345253 -0.0685153 0 0 0   -0.011 -0.02329  0.04412 -0.00510731  -0.0184635  0.00692546  -0.00259049 -4.67492e-05 -0.000926421 -0.0336291 -0.0684533  0.0204743 -1.93424 -1.98992 -9.40826  6154
                38.5 16.2769 49.8962 61.6957 0.237543 0.030938 -0.06922 0 0 0   -0.011 -0.02329  0.04412  0.0708626  -0.034607 -0.0402517  -0.00258577 -6.31076e-05 -0.000937709 -0.0335294 -0.0687754  0.0206395 -1.93408 -1.99027 -9.40822  6137
             38.5999 21.0043 50.9982 65.0233   0.24846 0.0270312 -0.076231 0 0 0   -0.011 -0.02329  0.04412   0.172115 -0.0283091  -0.161628  -0.00262807  -9.6032e-05 -0.000971147 -0.0329651 -0.0695732  0.0205361  -1.9337 -1.99058 -9.40823  6164
             38.6999 30.0296 53.6255 72.2399  0.263289 0.0251557 -0.094621 0 0 0   -0.011 -0.02329  0.04412    0.141407 -0.00440674   -0.169747  -0.00266718 -0.000163019  -0.00101956 -0.0330466 -0.0707012  0.0207384 -1.93366 -1.99155 -9.40804  6196
             38.7999  28.198 53.9461 69.7086  0.266318 0.0292345 -0.101369 0 0 0   -0.011 -0.02329  0.04412 -0.0412375  0.0187014    0.04185  -0.00268277 -4.80922e-05 -0.000918904  -0.034329 -0.0704911  0.0204551 -1.93491 -1.99148  -9.4078  6170
             38.8999 23.9412 52.2493 67.0839  0.268072 0.0280347 -0.095515 0 0 0   -0.011 -0.02329  0.04412  0.0238706 -0.0217391  0.0383218  -0.0025769 2.66654e-05 -0.00094675 -0.0324868 -0.0702259  0.0203964 -1.93333 -1.99067 -9.40829  6172
             38.9994 23.7547 52.1832 66.7917   0.272181   0.029003 -0.0951821 0 0 0   -0.011 -0.02329  0.04412   0.0563393 0.000184718  -0.0197963 -0.00261959 -5.2225e-05   -0.001002 -0.0331558  -0.069758  0.0200991 -1.93407 -1.99026 -9.40823  6182
             39.0999 26.0848 53.4005 67.9482  0.278081 0.0289241 -0.100297 0 0 0   -0.011 -0.02329  0.04412   0.0604731 -0.00995265  -0.0516821  -0.00266225 -9.84946e-05  -0.00102409 -0.0341646 -0.0691875  0.0200133 -1.93503 -1.99012 -9.40806  6188
             39.1998 29.1907 54.3964 70.1193  0.284564 0.0285469 -0.108033 0 0 0   -0.011 -0.02329  0.04412    0.045575 -0.00952264   -0.057718  -0.00269061 -9.65342e-05  -0.00105267 -0.0350557 -0.0681505  0.0198989 -1.93592 -1.98962 -9.40798  6174
             39.2998 30.1476 54.2225 71.3491  0.286017 0.0276213 -0.109834 0 0 0   -0.011 -0.02329  0.04412  0.0161128 -0.0142319 -0.0109782  -0.00268176 -8.57143e-05  -0.00106471 -0.0344106 -0.0691932  0.0199135 -1.93529 -1.99006 -9.40802  6146
             39.3999 29.3654 53.7699 71.1413  0.286407 0.0273321 -0.110248 0 0 0   -0.011 -0.02329  0.04412 0.000445998 -0.00332847  0.00686317  -0.00267015 -6.51961e-05  -0.00106048 -0.0350051 -0.0690103  0.0197874 -1.93587 -1.98999 -9.40791  6132
             39.4999 29.1933  53.592 71.8764  0.284194 0.0277297 -0.109393 0 0 0   -0.011 -0.02329  0.04412   0.0231486 -0.00397487  -0.0251014  -0.00267042 -7.55623e-05  -0.00107105 -0.0353891 -0.0698278  0.0198141 -1.93615 -1.99062 -9.40772  6164
             39.5999 32.4818 54.6579 74.1847  0.288332 0.0279975 -0.114283 0 0 0   -0.011 -0.02329  0.04412   0.0557083 -0.00501925  -0.0609417  -0.00270172 -0.000127381  -0.00109908 -0.0354112 -0.0698581  0.0197358  -1.9362 -1.99056 -9.40773  6165
             39.6999 34.1325 55.4581  74.845  0.293594 0.0255936 -0.117429 0 0 0   -0.011 -0.02329  0.04412  0.0304741 -0.0189308 -0.0255714  -0.00270343 -0.000101329  -0.00108513 -0.0343282 -0.0701459  0.0198698 -1.93515 -1.99051 -9.40795  6117
             39.7998 35.7624 55.0776 76.6923   0.29339 0.0219034  -0.11913 0 0 0   -0.011 -0.02329  0.04412 -0.00749136   -0.021213 0.000576563  -0.00269538 -9.09307e-05  -0.00110579 -0.0347441 -0.0705135  0.0201803 -1.93538 -1.99125 -9.40775  6174
             39.8998 35.6944 55.1244 76.4261  0.297085 0.0194831 -0.119344 0 0 0   -0.011 -0.02329  0.04412  0.0328965 -0.0457288 -0.0119132  -0.00268578 -9.15039e-05  -0.00109562 -0.0343159 -0.0694191   0.019914 -1.93521 -1.99013 -9.40802  6110
             39.9994  37.526 55.4534 77.6845  0.299965  0.015977 -0.124936 0 0 0   -0.011 -0.02329  0.04412  0.0239532 -0.0281121 -0.0521823  -0.00269708 -9.50078e-05  -0.00111655 -0.0355549 -0.0683865  0.0198384 -1.93648 -1.98992  -9.4078  6221
                40.1 38.7796 55.8052 78.8853  0.300877  0.016775 -0.129167 0 0 0   -0.011 -0.02329  0.04412  0.0131783 -0.0107083 -0.0363865  -0.00269228 -8.92019e-05  -0.00112389 -0.0359642 -0.0685034  0.0195473 -1.93693 -1.98978 -9.40774  6120
             40.1994 38.1773 56.0903 77.8766   0.29947 0.0182723 -0.128312 0 0 0   -0.011 -0.02329  0.04412 -0.00589202  0.00257819  0.00115103   -0.0026965 -7.81896e-05  -0.00111589 -0.0358128  -0.069712  0.0193684 -1.93668 -1.99017 -9.40771  6188
             40.2995 37.8638 56.2419 77.2561   0.29874 0.0174852 -0.128081 0 0 0   -0.011 -0.02329  0.04412  -0.00676194   0.00293392 -0.000792171  -0.00269326 -8.01908e-05  -0.00112807 -0.0355961 -0.0700114   0.019526  -1.9364 -1.99045 -9.40771  6141
             40.3993 37.3283 56.6404 76.5428  0.293531 0.0187573  -0.12683 0 0 0   -0.011 -0.02329  0.04412 -0.0506331 0.00880753  0.0251476  -0.00269905 -9.87385e-05  -0.00114797 -0.0363623 -0.0707453  0.0195287 -1.93701 -1.99114 -9.40744  6202
             40.4998 37.2252 56.3927 76.5523  0.290697   0.01863 -0.125566 0 0 0   -0.011 -0.02329  0.04412 -0.0412699 -0.0115879  0.0173199  -0.00269321 -9.26218e-05  -0.00117272 -0.0363133 -0.0700903  0.0194003 -1.93707 -1.99061 -9.40753  6161
             40.5998 36.5552 56.3934 75.8677  0.286087 0.0169718 -0.123684 0 0 0   -0.011 -0.02329  0.04412  -0.038788 -0.0310503 0.00881323  -0.00268714 -8.33447e-05  -0.00118004 -0.0363255 -0.0700787  0.0193519  -1.9371 -1.99054 -9.40754  6174
             40.6998 36.2269  56.198 75.5704  0.279853 0.0140664 -0.121884 0 0 0   -0.011 -0.02329  0.04412 -0.0652131 -0.0370594   0.026719  -0.00268904 -9.76446e-05  -0.00119531 -0.0367592 -0.0700555  0.0193226 -1.93751 -1.99065 -9.40744  6144
             40.7998 35.9836 55.7742 75.6219   0.27566 0.0111241 -0.118349 0 0 0   -0.011 -0.02329  0.04412 -0.0461821 -0.0359268  0.0220998  -0.00268682 -0.000112567  -0.00120695  -0.035783 -0.0703087  0.0191984 -1.93662 -1.99026  -9.4077  6171
             40.8998 35.5322 55.9622 75.1948   0.271931 0.00919172  -0.116478 0 0 0   -0.011 -0.02329  0.04412 -0.0348391 -0.0223713  0.0199643  -0.00269188 -0.000120015  -0.00121532  -0.035891 -0.0702545  0.0190525 -1.93677 -1.99008 -9.40771  6123
             40.9998 35.4098 55.9003 75.4169   0.270674 0.00859696  -0.116378 0 0 0   -0.011 -0.02329  0.04412  -0.013064 -0.0304584  0.0186383  -0.00268019 -0.000131128  -0.00123795 -0.0364153 -0.0691315  0.0187514 -1.93742 -1.98928 -9.40774  6147
             41.0999 35.2818 55.6698 75.2414   0.270008 0.00700611  -0.115097 0 0 0   -0.011 -0.02329  0.04412 0.00407562 -0.0321725  0.0125547  -0.00267802 -0.000121651  -0.00124015 -0.0369896 -0.0688259  0.0184947 -1.93805 -1.98899 -9.40768  6167
             41.1999 34.8652 55.9863 74.9641   0.270245 0.00565976  -0.116902 0 0 0   -0.011 -0.02329  0.04412  0.00346765 -0.00452725   -0.016981  -0.00266442 -0.000128725  -0.00126108 -0.0377694  -0.068064  0.0184203 -1.93884 -1.98876 -9.40756  6178
             41.2999 34.6399 56.2446 74.5123   0.270391 0.00138029  -0.116799 0 0 0   -0.011 -0.02329  0.04412 0.00585547  -0.033614  0.0224514  -0.00267601 -0.000131474  -0.00125233  -0.037552 -0.0684923  0.0187114 -1.93853 -1.98929 -9.40751  6138
             41.3998 33.3167 55.4312 73.1726   0.268365 0.00183734  -0.110949 0 0 0   -0.011 -0.02329  0.04412 -0.0335727 0.00243983  0.0861495  -0.00266155 -0.000105815  -0.00128804 -0.0376134 -0.0691356  0.0184705  -1.9386 -1.98934 -9.40749  6167
             41.4999 26.0597 53.5773 66.0321    0.260687 -0.00130977  -0.0914638 0 0 0   -0.011 -0.02329  0.04412  -0.128455 -0.0135884   0.236014  -0.00260629 -6.17041e-05  -0.00124843 -0.0358861  -0.070296  0.0187926 -1.93686 -1.98979 -9.40775  6169
             41.5999 17.9095 49.7089 58.9335   0.241305  -0.003593 -0.0664882 0 0 0   -0.011 -0.02329  0.04412  -0.201842 -0.0320431   0.249946  -0.00255227 -3.39651e-05  -0.00127437  -0.036644 -0.0708464  0.0189245 -1.93749 -1.99046 -9.40748  6154
             41.6998 12.6162 45.0436 56.2967     0.21807 -0.00514453  -0.0457528 0 0 0   -0.011 -0.02329  0.04412  -0.231558 -0.0439052   0.208941  -0.00249931 -6.62623e-05  -0.00137519 -0.0380907  -0.070407   0.018888 -1.93877 -1.99046 -9.40722  6126
             41.7999 9.98856 40.4908 56.0464     0.19587 -0.00939303  -0.0290173 0 0 0   -0.011 -0.02329  0.04412  -0.196307 -0.0776652   0.170182  -0.00248893 -0.000104988  -0.00142322 -0.0390453 -0.0701361  0.0189374 -1.93954 -1.99041 -9.40707  6087
             41.8997  9.4844 35.3706 57.4914   0.180601 -0.0211814 -0.0132447 0 0 0   -0.011 -0.02329  0.04412 -0.164447 -0.163672  0.163571 -0.00246108 -0.00012014 -0.00147698   -0.03904 -0.0693164  0.0188497 -1.93945 -1.98979 -9.40722  6114
             41.9998 10.8755 29.2647 61.8117   0.166025 -0.0392372  0.0030382 0 0 0   -0.011 -0.02329  0.04412 -0.155755 -0.160537  0.117251  -0.00242529 -0.000150792  -0.00154559 -0.0385153 -0.0692943  0.0186177 -1.93913 -1.98978 -9.40729  6101
             42.0999 11.0775 23.9635 66.9313   0.152808 -0.0469892  0.0116153 0 0 0   -0.011 -0.02329  0.04412  -0.157441 -0.0349587  0.0503439  -0.00236269 -0.000180841  -0.00158063 -0.0387506 -0.0681618   0.018034 -1.93955 -1.98873 -9.40742  6052
             42.1998 9.22214 21.9086 72.0702   0.140377 -0.0435587  0.0146155 0 0 0   -0.011 -0.02329  0.04412  -0.0906056   0.0602774 0.000370546  -0.00232645 -0.000251417  -0.00158277 -0.0392233 -0.0675814  0.0176465 -1.94017 -1.98821  -9.4074  6102
             42.2998 8.84089 22.3443 76.6769   0.135438 -0.0363747  0.0166817 0 0 0   -0.011 -0.02329  0.04412 -0.0160797  0.0954439 -0.0128026  -0.00234652 -0.000333871  -0.00156367 -0.0391554 -0.0680444  0.0169692 -1.94013 -1.98886 -9.40728  6114
             42.3999  10.405 23.8671 81.3555   0.134959 -0.0302972  0.0165039 0 0 0   -0.011 -0.02329  0.04412 0.0156378 0.0903089 -0.011172  -0.00238427 -0.000387425  -0.00155927  -0.038264 -0.0696366  0.0173175 -1.93873 -1.99015 -9.40729  6118
             42.4998  12.765 25.5152 85.4535   0.135187 -0.0230931  0.0110203 0 0 0   -0.011 -0.02329  0.04412 -0.00408618   0.0769056  -0.0442001  -0.00242514 -0.000384689  -0.00154055 -0.0375395 -0.0701312  0.0184216 -1.93767 -1.99011 -9.40752  6102
             42.5998 14.7818 26.7227 87.9718   0.132966 -0.0170259  0.0051746 0 0 0   -0.011 -0.02329  0.04412 -0.0564458  0.0819905 -0.0409175  -0.00243362 -0.000385763  -0.00151992 -0.0366422 -0.0706828  0.0191456 -1.93649 -1.99021 -9.40774  6108
             42.6999  15.069 27.7763 87.9276   0.123885 -0.0127592 0.00316752 0 0 0   -0.011 -0.02329  0.04412   -0.132336   0.0408217 -0.00943766 -0.00243376 -0.00037867 -0.00148014 -0.0355474     -0.072  0.0195888 -1.93489 -1.99098 -9.40791  6120
             42.7999 14.5927 27.6848  87.566   0.110116 -0.0123918 0.00555492 0 0 0   -0.011 -0.02329  0.04412 -0.126943 0.0124448 0.0352017  -0.00242439 -0.000350403  -0.00148455 -0.0348135  -0.073763  0.0199295 -1.93341 -1.99223 -9.40795  6126
             42.9007 14.9843 26.7203 88.0251  0.0987551 -0.0130161 0.00854413 0 0 0   -0.011 -0.02329  0.04412 -0.0944782 -0.0144496  0.0317803  -0.00243825 -0.000339653  -0.00152063 -0.0347065 -0.0739528  0.0201694 -1.93316 -1.99232 -9.40798  6078
             42.9998 15.5445 25.5073 87.5409  0.0905982 -0.0142126  0.0121894 0 0 0   -0.011 -0.02329  0.04412 -0.0769067  -0.025105  0.0387596  -0.00245476 -0.000324184  -0.00151805 -0.0351147 -0.0733943  0.0198782 -1.93383 -1.99201 -9.40791  6104
             43.0998 15.8898 24.2797 87.8923  0.0802046 -0.0157927  0.0164048 0 0 0   -0.011 -0.02329  0.04412    -0.111108 -0.000970107     0.033569  -0.00244652 -0.000335764  -0.00155829 -0.0355753 -0.0737988  0.0196187  -1.9341 -1.99253 -9.40774  6073
             43.1998 15.5929 23.3624 85.9542  0.0746898 -0.0173459  0.0224605 0 0 0   -0.011 -0.02329  0.04412 -0.0577667  -0.020272  0.0451511  -0.00243542 -0.000332818  -0.00154867 -0.0340017 -0.0733844  0.0194877 -1.93302 -1.99176 -9.40812  6113
             43.2998 16.0173 21.9493 84.0046 0.0731848  -0.01754 0.0255728 0 0 0   -0.011 -0.02329  0.04412  -0.0530061 -0.00858383   0.0312527  -0.00243983 -0.000302927  -0.00157237 -0.0326126 -0.0703728  0.0196731 -1.93315 -1.98876 -9.40873  6164
             43.4007 15.9129 21.1023 82.6797  0.0651916 -0.0171295  0.0279606 0 0 0   -0.011 -0.02329  0.04412 -0.0743644  0.0292363  0.0220453  -0.00243545 -0.000296064  -0.00158952  -0.033151 -0.0713326   0.019713 -1.93318 -1.98971 -9.40852  6119
             43.5007 15.3438 21.3128 82.6403 0.0580511  -0.01575 0.0262716 0 0 0   -0.011 -0.02329  0.04412  -0.0861805   0.0408442 -0.00244686  -0.00241184 -0.000306588  -0.00162074 -0.0317428 -0.0716398  0.0209585  -1.9316 -1.98937 -9.40892  6059
             43.5998 14.7585 21.8397 83.9769  0.0487042 -0.0107337  0.0233901 0 0 0   -0.011 -0.02329  0.04412 -0.0943754  0.0763573 -0.0293981  -0.00240023 -0.000328136  -0.00163038 -0.0315138 -0.0716502  0.0213794 -1.93133 -1.98923 -9.40901  6095
             43.6998 15.4929 23.0486 86.2718   0.0367767 -0.00217153    0.020631 0 0 0   -0.011 -0.02329  0.04412  -0.121983  0.0812359 -0.0238996  -0.00242559 -0.000360542  -0.00165614 -0.0321649 -0.0722653  0.0212336 -1.93167 -1.98994 -9.40879  6084
             43.7997 16.2717  22.031 88.8524  0.0252358 0.00280475  0.0223842 0 0 0   -0.011 -0.02329  0.04412  -0.118174  0.0945735 -0.0019149  -0.00243424 -0.000339319    -0.001666  -0.030996 -0.0741938  0.0211323 -1.92982 -1.99139 -9.40886  6134
             43.9007 16.5037  21.445 92.0874 0.0130599 0.0121355 0.0220212 0 0 0   -0.011 -0.02329  0.04412  -0.129057   0.129645 -0.0237687  -0.00242643 -0.000371502  -0.00169114 -0.0299494 -0.0754164  0.0214464 -1.92832 -1.99212 -9.40901  6100
             43.9998  16.957 21.8934 95.6281 0.00260016  0.0270591  0.0204749 0 0 0   -0.011 -0.02329  0.04412 -0.104764  0.129264 -0.015415  -0.00242487 -0.000426967  -0.00169196 -0.0301118 -0.0743653  0.0209784 -1.92903 -1.99136 -9.40903  6143
             44.0998 17.6921 22.0162 97.8753 -0.00760714   0.0388283   0.0170987 0 0 0   -0.011 -0.02329  0.04412  -0.110634   0.117508 -0.0260458  -0.00245219 -0.000429903  -0.00166521 -0.0294897 -0.0741768  0.0214946 -1.92849 -1.99091 -9.40923  6162
             44.1998 18.3006 22.2084 99.8177 -0.0152334  0.0487556  0.0164743 0 0 0   -0.011 -0.02329  0.04412   -0.0855199    0.0688771 -0.000843683 -0.00244885 -0.00043911 -0.00165918 -0.0280569 -0.0732316  0.0216053 -1.92775 -1.98962 -9.40966  6142
             44.3007 18.0896  21.367 101.005 -0.023855 0.0521063 0.0151273 0 0 0   -0.011 -0.02329  0.04412 -0.0753606   0.045002 -0.0128732  -0.00244937 -0.000405545  -0.00166651 -0.0273578  -0.074443  0.0222748 -1.92643 -1.99028 -9.40979  6130
             44.3999 17.4529 21.5531 101.468 -0.0291951  0.0568073  0.0128326 0 0 0   -0.011 -0.02329  0.04412 -0.0318393  0.0651734 -0.0072397  -0.00243458 -0.000452656  -0.00164561 -0.0266914 -0.0746656  0.0227997 -1.92566 -1.99013 -9.40998  6148
             44.4999 17.5619 21.9344  101.46 -0.0277084  0.0645063  0.0137401 0 0 0   -0.011 -0.02329  0.04412 0.0196561 0.0721093 0.0139781  -0.00244719 -0.000459466   -0.0016396 -0.0256454 -0.0732217  0.0228038 -1.92556 -1.98855 -9.41033  6128
             44.5999 18.4056 22.2787 101.308 -0.0250499  0.0706646  0.0115252 0 0 0   -0.011 -0.02329  0.04412  0.0145736  0.0352151 -0.0142112  -0.00246245 -0.000438792  -0.00165364 -0.0252078 -0.0718611  0.0232921 -1.92578 -1.98718 -9.41058  6106
             44.7009  17.879 21.5675 101.708 -0.0246755  0.0716245  0.0122778 0 0 0   -0.011 -0.02329  0.04412  0.0173282   0.039843 -0.0194516  -0.00245701 -0.000430326  -0.00166871 -0.0252361 -0.0743519  0.0231092 -1.92458 -1.98929 -9.41038  6135
             44.7998 17.8452 21.6553 102.672 -0.0194632  0.0778776 0.00936465 0 0 0   -0.011 -0.02329  0.04412  0.0566999  0.0755161 -0.0246658  -0.00245262 -0.000454677  -0.00168575 -0.0246684 -0.0737173  0.0231843 -1.92444 -1.98854 -9.41056  6129
             44.9007  17.675 22.4049 103.781 -0.0132514  0.0844956 0.00967695 0 0 0   -0.011 -0.02329  0.04412 0.0894845 0.0580668  0.013542  -0.00245035 -0.000483787  -0.00168918  -0.024925 -0.0748246  0.0229245 -1.92414 -1.98959  -9.4104  6107
             44.9999 18.7067 21.9464 104.485 -0.00386487   0.0885521   0.0112093 0 0 0   -0.011 -0.02329  0.04412  0.0879347  0.0486731 0.00882429  -0.00247832 -0.000457048  -0.00169944 -0.0246372 -0.0757348  0.0232928 -1.92336 -1.99017 -9.41044  6145
             45.0999 19.3729 21.9794 105.531 0.00325599  0.0909094   0.010653 0 0 0   -0.011 -0.02329  0.04412  0.0576969  0.0198664 -0.0102208   -0.0024768 -0.000466622  -0.00171375 -0.0241215 -0.0765664  0.0236787 -1.92243  -1.9906 -9.41054  6108
             45.1998 19.4691 21.9517 105.828  0.0128816   0.092518 0.00911059 0 0 0   -0.011 -0.02329  0.04412  0.0767287 0.00309857 -0.0160668  -0.00246425 -0.000463918  -0.00169577 -0.0223079 -0.0753589  0.0240528 -1.92154 -1.98886 -9.41109  6116
             45.3001 19.1289 21.3001 105.814  0.0200214  0.0911416 0.00853163 0 0 0   -0.011 -0.02329  0.04412   0.0628229 -0.00330039 -0.00847941  -0.00245391 -0.000456405   -0.0017116 -0.0218722 -0.0762464  0.0242104  -1.9207 -1.98939 -9.41115  6137
             45.4007 18.9578 21.2141 106.457  0.0282733  0.0933313 0.00803982 0 0 0   -0.011 -0.02329  0.04412  0.0795505  0.0157802 -0.0099075  -0.00245144 -0.000480893  -0.00173004  -0.021686 -0.0748543  0.0238546 -1.92137 -1.98823 -9.41126  6136
             45.5008 18.8947  21.016 107.279  0.0378642  0.0930372 0.00814294 0 0 0   -0.011 -0.02329  0.04412    0.102637   0.0119009 -0.00472991  -0.00245754 -0.000489707  -0.00174846 -0.0206639 -0.0762224  0.0241962 -1.91977  -1.9889 -9.41144  6110
             45.5999 19.2866 20.5481 107.968  0.0488476  0.0922192 0.00770387 0 0 0   -0.011 -0.02329  0.04412    0.106296  0.00416122 -0.00736719  -0.00248453 -0.000481604  -0.00175745 -0.0200897 -0.0774358  0.0245508 -1.91861 -1.98961 -9.41153  6150
             45.6998 19.6552 20.2218 108.495  0.0571905  0.0932052 0.00344451 0 0 0   -0.011 -0.02329  0.04412  0.0924529  0.0307293 -0.0287484    -0.002492 -0.000491558  -0.00176564 -0.0206678  -0.077909  0.0250868 -1.91867 -1.99014  -9.4114  6120
             45.7997 20.3948 19.9578 109.375   0.0678288   0.0981195 0.000963349 0 0 0   -0.011 -0.02329  0.04412  0.0718295   0.067942 -0.0268095  -0.00249159 -0.000502191  -0.00178631 -0.0194791 -0.0771619  0.0252156 -1.91811 -1.98904 -9.41175  6142
             45.8999 20.8192 20.0286 110.931   0.0753171    0.108852 -0.00254151 0 0 0   -0.011 -0.02329  0.04412  0.0282851   0.116203 -0.0341537  -0.00247421 -0.000508668  -0.00178956 -0.0184755 -0.0752777  0.0253137 -1.91831  -1.9871 -9.41212  6144
             46.0007 20.8609 19.9477 113.223   0.0765861    0.119414 -0.00534336 0 0 0   -0.011 -0.02329  0.04412 -0.00767795    0.134893  -0.0495538   -0.0024696 -0.000516777  -0.00180126 -0.0178626 -0.0770577  0.0255979 -1.91682 -1.98824 -9.41218  6135
             46.1007  21.105 19.6284 115.891  0.0705581   0.134736 -0.0112952 0 0 0   -0.011 -0.02329  0.04412 -0.0947725   0.161661 -0.0793207  -0.00248651 -0.000530871  -0.00182422 -0.0189999 -0.0769237  0.0250223 -1.91791 -1.98869 -9.41187  6119
             46.1998 21.4355 19.7927 118.981  0.0578072   0.152129 -0.0177927 0 0 0   -0.011 -0.02329  0.04412  -0.141282   0.212367 -0.0299262  -0.00250323 -0.000549838   -0.0018164 -0.0191036 -0.0779445  0.0252227 -1.91738 -1.98952  -9.4118  6142
             46.2998 22.3397  19.357 121.387  0.0402931   0.172327 -0.0201172 0 0 0   -0.011 -0.02329  0.04412     -0.2245    0.215711 -0.00555267  -0.00251812 -0.000547351    -0.001814 -0.0185854 -0.0789747  0.0258998 -1.91625 -1.99002 -9.41192  6141
             46.4008 22.1682 18.1952 123.554 0.0181888  0.196366 -0.027307 0 0 0   -0.011 -0.02329  0.04412  -0.296976    0.25822 -0.0807482  -0.0024802  -0.0005536 -0.00183195 -0.0158553  -0.076555  0.0271612 -1.91525 -1.98672 -9.41282  6113
             46.4998 21.9359  17.565 126.016 -0.0132001   0.223705  -0.032979 0 0 0   -0.011 -0.02329  0.04412  -0.361617   0.313999 -0.0807835  -0.00247462 -0.000590942  -0.00181968  -0.014632 -0.0778921  0.0269753 -1.91365 -1.98722 -9.41304  6100
             46.5998 22.2814 17.3162 127.839 -0.0525058   0.259382 -0.0398003 0 0 0   -0.011 -0.02329  0.04412  -0.403094   0.363017 -0.0420032  -0.00249784 -0.000589528  -0.00181766 -0.0155626 -0.0767454  0.0264557 -1.91511 -1.98683 -9.41283  6105
             46.6999 22.5846 15.9554 128.211 -0.0939317   0.296939 -0.0393712 0 0 0   -0.011 -0.02329  0.04412 -0.452914  0.414138 0.0287262 -0.00251402  -0.0005603   -0.001808 -0.0150117 -0.0773712  0.0262764  -1.9144 -1.98707 -9.41292  6131
             46.8007 22.3503 15.5394 128.472   -0.13966   0.343801 -0.0326665 0 0 0   -0.011 -0.02329  0.04412 -0.496334  0.530152 0.0965158  -0.00248479 -0.000598319  -0.00179706 -0.0132319  -0.077535  0.0269836 -1.91285 -1.98624 -9.41341  6124
             46.9009 22.0454  16.598 129.229  -0.187909   0.398483 -0.0272186 0 0 0   -0.011 -0.02329  0.04412  -0.467671   0.555581 0.00342293  -0.00248186 -0.000630501  -0.00180474 -0.0128302 -0.0773683  0.0270677 -1.91264  -1.9859 -9.41353  6109
             46.9998 22.0846 17.5429 129.525  -0.232209   0.455518 -0.0291606 0 0 0   -0.011 -0.02329  0.04412  -0.421265   0.602852 -0.0254728  -0.00249439 -0.000639458   -0.0018075 -0.0127626 -0.0773278  0.0273152 -1.91255 -1.98581 -9.41356  6156
             47.0992 22.4464 18.3544 129.604  -0.270143   0.516611 -0.0358995 0 0 0   -0.011 -0.02329  0.04412   -0.36682    0.63381 -0.0999711  -0.00251184 -0.000636941  -0.00181874 -0.0111912 -0.0780584  0.0281922 -1.91077 -1.98549 -9.41399  6154
             47.2006 22.9269 18.4516 129.887 -0.302976  0.578426 -0.051921 0 0 0   -0.011 -0.02329  0.04412 -0.326173  0.613524 -0.193763 -0.00250026 -0.00063846 -0.00181891 -0.00961825  -0.0781202   0.0290219  -1.9094 -1.98466 -9.41445  6131
             47.3007 22.9482 17.0562 130.888  -0.335053   0.638836 -0.0703748 0 0 0   -0.011 -0.02329  0.04412 -0.303422  0.631251 -0.192858   -0.0025105 -0.000620229  -0.00185522 -0.0101521 -0.0795407  0.0287077 -1.90904 -1.98604 -9.41423  6095
             47.3997 22.7821 14.7955 132.606  -0.364285   0.705197 -0.0849725 0 0 0   -0.011 -0.02329  0.04412  -0.286237   0.687988 -0.0702459 -0.00250529 -0.00063144 -0.00186091 -0.0100868 -0.0793919  0.0284635 -1.90915 -1.98593 -9.41423  6154
             47.4998 22.3028 12.4925  133.37  -0.393404   0.780072 -0.0806685 0 0 0   -0.011 -0.02329  0.04412 -0.326502  0.760867  0.107727  -0.00249135 -0.000626063  -0.00187114  -0.010078 -0.0777079  0.0278706 -1.91029 -1.98471 -9.41426  6133
             47.5998  22.511 12.6479 133.783  -0.429516   0.850761 -0.0693331 0 0 0   -0.011 -0.02329  0.04412 -0.420018  0.701738 0.0888298  -0.00248629 -0.000676523  -0.00185529 -0.00958025  -0.0805784   0.0281359 -1.90817  -1.9866 -9.41429  6097
             47.6998  22.631 13.5737 134.821  -0.475275   0.916871 -0.0607049 0 0 0   -0.011 -0.02329  0.04412 -0.513233  0.620325  0.056582  -0.00249789 -0.000691043  -0.00188048 -0.00885466  -0.0809945   0.0283172 -1.90737 -1.98652 -9.41446  6103
             47.7998 22.7937 14.3622 136.444  -0.531454   0.973491 -0.0608433 0 0 0   -0.011 -0.02329  0.04412  -0.602443   0.552667 -0.0445523  -0.00251146 -0.000711568  -0.00189403 -0.00885044  -0.0827748   0.0289336 -1.90616 -1.98779 -9.41444  6147
             47.9006 22.5538 14.6232 138.202  -0.593047    1.02547 -0.0713865 0 0 0   -0.011 -0.02329  0.04412 -0.672286   0.48625 -0.149113  -0.00250776 -0.000707528  -0.00189986 -0.00714787  -0.0821461    0.029661 -1.90516 -1.98636 -9.41495  6151
             48.0007 23.2429 14.1252 139.501   -0.66296    1.07501 -0.0887735 0 0 0   -0.011 -0.02329  0.04412 -0.750644   0.48663  -0.13423  -0.00253131 -0.000705664  -0.00190306 -0.00663519  -0.0805107   0.0299597 -1.90571 -1.98484 -9.41516  6129
             48.0997 24.0379 12.8219 139.486  -0.740377    1.12731 -0.0953353 0 0 0   -0.011 -0.02329  0.04412 -0.792949  0.576655 0.0473459  -0.00254223 -0.000666587   -0.0018873 -0.00625414  -0.0799257   0.0303349 -1.90571 -1.98416  -9.4153  6107
             48.1997 25.1823   12.78 139.087  -0.820151    1.19125 -0.0800167 0 0 0   -0.011 -0.02329  0.04412 -0.794433  0.675716  0.155653  -0.00255952 -0.000676508  -0.00187686 -0.0061956 -0.0806549   0.029895 -1.90534 -1.98472 -9.41526  6106
             48.3006 24.8453 14.1172 138.101  -0.898297     1.2624 -0.0644556 0 0 0   -0.011 -0.02329  0.04412 -0.758204  0.725145  0.131355  -0.00252116 -0.000705634  -0.00186856 -0.00660088  -0.0798459   0.0294349 -1.90622 -1.98438 -9.41515  6169
             48.4007 24.2987 15.7075 136.625   -0.96862    1.33701 -0.0628502 0 0 0   -0.011 -0.02329  0.04412  -0.720329    0.74914 -0.0457217  -0.00251133 -0.000707454  -0.00185774 -0.0041379 -0.0783853  0.0305189 -1.90514 -1.98189 -9.41589  6139
             48.5007  23.863 18.0126 136.121   -1.03934    1.41049 -0.0736579 0 0 0   -0.011 -0.02329  0.04412 -0.671874  0.721639 -0.198289  -0.00252875 -0.000714752  -0.00187315 -0.00435877  -0.0789697   0.0304468 -1.90496 -1.98245 -9.41581  6081
             48.5998 23.3606 18.6468 136.132  -1.10291   1.47861 -0.095189 0 0 0   -0.011 -0.02329  0.04412 -0.614467  0.721354   -0.2215   -0.0025562 -0.000720067  -0.00189903 -0.00384619  -0.0812466   0.0306751 -1.90319 -1.98386 -9.41587  6177
             48.7007 22.0903 17.9994 136.569  -1.16092   1.55327 -0.110732 0 0 0   -0.011 -0.02329  0.04412  -0.553435   0.802545 -0.0401372  -0.00254639 -0.000717681  -0.00189429 -0.00342038  -0.0821989   0.0310683 -1.90223 -1.98432 -9.41597  6137
             48.8007 21.3901 16.9974 137.488  -1.21309   1.63643 -0.107707 0 0 0   -0.011 -0.02329  0.04412 -0.557485   0.81638   0.03984  -0.00253584 -0.000735299  -0.00192061 -0.00188692  -0.0813915      0.0313 -1.90159 -1.98291  -9.4164  6074
             48.8997 22.4017  17.013 139.161  -1.27052   1.70995 -0.102329 0 0 0   -0.011 -0.02329  0.04412 -0.620154  0.675417  0.107948  -0.00256385 -0.000767949  -0.00192668 -0.00161062  -0.0821515   0.0316937 -1.90084  -1.9833 -9.41647  6175
             48.9998 22.7477 17.4343 141.148   -1.34009    1.77323 -0.0916748 0 0 0   -0.011 -0.02329  0.04412  -0.74272  0.583232 0.0731023  -0.00254622 -0.000775879  -0.00193171 -0.00264233  -0.0822116   0.0313809 -1.90159  -1.9839 -9.41619  6180
             49.0997  22.894 18.6105 143.993   -1.41693    1.82658 -0.0907145 0 0 0   -0.011 -0.02329  0.04412  -0.782835   0.444024 -0.0605004   -0.0025446 -0.000802848  -0.00194255 -0.00234869  -0.0814214   0.0313942 -1.90186 -1.98316 -9.41629  6172
             49.2007 23.4712  19.114 146.913   -1.49615    1.86286 -0.0997846 0 0 0   -0.011 -0.02329  0.04412  -0.790426   0.326199 -0.0773364  -0.00256977 -0.000820302  -0.00195852 -0.00256365   -0.083046     0.03157 -1.90098 -1.98445 -9.41619  6117
             49.2997  25.104 18.2684 147.628  -1.57483   1.89644 -0.104637 0 0 0   -0.011 -0.02329  0.04412 -0.790799  0.348351 0.0701303  -0.00260637 -0.000762703  -0.00193201 -0.0019878 -0.0814522  0.0317613 -1.90149 -1.98296  -9.4164  6164
             49.4006 26.8041 18.5792 146.842   -1.65329     1.9341 -0.0881673 0 0 0   -0.011 -0.02329  0.04412 -0.740623  0.423996  0.172438  -0.00263487 -0.000746632  -0.00189313 -0.00251615  -0.0834112   0.0313028 -1.90081 -1.98471 -9.41617  6171
             49.5007  25.885 21.3982 145.799    -1.7198    1.97755 -0.0675973 0 0 0   -0.011 -0.02329  0.04412 -0.598291  0.431982  0.165171    -0.002566 -0.000782412  -0.00186754 -0.00184518  -0.0836708    0.031489 -1.90017 -1.98452 -9.41634  6107
             49.6007 24.3589 23.7985 144.455  -1.77339   2.01754 -0.060406 0 0 0   -0.011 -0.02329  0.04412  -0.510086   0.409442 -0.0198695  -0.00257395 -0.000786024   -0.0018589 -0.00126045  -0.0849522   0.0320716 -1.89882 -1.98508  -9.4165  6196
             49.7007 24.7151 26.1064  144.07   -1.81594    2.05662 -0.0661188 0 0 0   -0.011 -0.02329  0.04412 -0.407903  0.364019 -0.052615  -0.00261639 -0.000799938  -0.00188149 0.000515817  -0.0846941   0.0324752  -1.8977  -1.9839 -9.41697  6156
             49.8007 25.9271 27.2336 144.306   -1.85641    2.09118 -0.0722073 0 0 0   -0.011 -0.02329  0.04412   -0.40829   0.310211 -0.0622909  -0.00264805 -0.000772504  -0.00191016 0.000402503  -0.0839521   0.0325842 -1.89816 -1.98341 -9.41698  6141
             49.8997 26.2078  27.797 144.587   -1.89728    2.12224 -0.0838995 0 0 0   -0.011 -0.02329  0.04412 -0.406474  0.326693 -0.153942  -0.00264652 -0.000770316  -0.00191777 -3.84964e-05   -0.0837365    0.0328422 -1.89845 -1.98346 -9.41691  6209
             50.0006 26.1233 28.5004 144.793  -1.93847   2.15734 -0.105267 0 0 0   -0.011 -0.02329  0.04412 -0.416569  0.383263 -0.234078  -0.00263741 -0.000772055  -0.00192234 -0.000325447   -0.0832201    0.0331151 -1.89879 -1.98321  -9.4169  6161
             50.1007 25.9641  29.204 145.596  -1.98097   2.19905 -0.125256 0 0 0   -0.011 -0.02329  0.04412 -0.407642  0.481445 -0.161752  -0.00264195 -0.000780187  -0.00193559 -0.000622239   -0.0839627     0.032742 -1.89873 -1.98394 -9.41676  6126
             50.1997 25.1136 26.3304 145.989  -2.02261   2.25509 -0.131809 0 0 0   -0.011 -0.02329  0.04412  -0.442108   0.675771 -0.0137831   -0.0026307 -0.000717134  -0.00196648 -0.000699079   -0.0843957     0.032329 -1.89873 -1.98433 -9.41667  6172
             50.3007 23.2819 21.8602  146.02  -2.06846   2.33567 -0.128288 0 0 0   -0.011 -0.02329  0.04412 -0.482071  0.910948 0.0370587  -0.00259513 -0.000718866  -0.00198535 0.000221437  -0.0846207   0.0321189 -1.89814 -1.98402 -9.41686  6179
             50.4006 21.0176 16.4972 146.051  -2.11573   2.42726 -0.118406 0 0 0   -0.011 -0.02329  0.04412 -0.493186  0.910443  0.183658  -0.00254655 -0.000717528  -0.00200757 0.000812871  -0.0854397    0.032795 -1.89702 -1.98425 -9.41703  6121
             50.5007 19.4954 13.9587 147.716   -2.15854    2.51353 -0.0972779 0 0 0   -0.011 -0.02329  0.04412 -0.428507  0.812558  0.219288  -0.00252302 -0.000840246  -0.00202568 0.00217416 -0.0854396  0.0329834  -1.8961 -1.98351 -9.41738  6135
             50.5997 19.2146 15.4784 149.568 -2.19789  2.58137 -0.07488 0 0 0   -0.011 -0.02329  0.04412 -0.308934  0.562599  0.151298  -0.00254637 -0.000938152  -0.00201396 0.00187066 -0.0867057  0.0326695 -1.89564 -1.98463 -9.41723  6162
             50.7006 19.9879 15.0154 150.408    -2.2253    2.62792 -0.0659544 0 0 0   -0.011 -0.02329  0.04412 -0.238321   0.39662 0.0509862  -0.00259507 -0.000890391  -0.00200931 0.00149695 -0.0873759  0.0328567 -1.89541 -1.98528 -9.41714  6126
             50.8006 21.2088 13.9991 151.222   -2.24841    2.66218 -0.0642518 0 0 0   -0.011 -0.02329  0.04412  -0.233393   0.308094 0.00883155   -0.0026052 -0.000883706  -0.00202532 0.00155325 -0.0876869  0.0330815 -1.89512 -1.98544 -9.41717  6153
             50.9008 22.8959 12.7537  151.57   -2.27493    2.68927 -0.0698225 0 0 0   -0.011 -0.02329  0.04412  -0.283986   0.272176 -0.0511749  -0.00261379 -0.000854788  -0.00203347 0.00133368 -0.0880796  0.0340432 -1.89474  -1.9857 -9.41719  6141
             51.0007  23.676 10.9718 152.531   -2.30801     2.7153 -0.0782139 0 0 0   -0.011 -0.02329  0.04412  -0.35857  0.265008 -0.117609  -0.00257837 -0.000848778  -0.00205579 0.000526286  -0.0881031   0.0338301  -1.8953 -1.98618 -9.41697  6085
             51.0997 23.7082 9.54983 153.831   -2.34841    2.74822 -0.0923041 0 0 0   -0.011 -0.02329  0.04412 -0.470331  0.331796 -0.150005  -0.00255631 -0.000847652  -0.00207259 0.000878905  -0.0862787   0.0337533 -1.89623 -1.98472  -9.4171  6128
             51.2005 23.4543 8.76783 153.714  -2.39908   2.78436 -0.109247 0 0 0   -0.011 -0.02329  0.04412 -0.586859  0.375902 -0.205534  -0.00254128 -0.000846306  -0.00206215 0.00177202 -0.0856216   0.033678  -1.8961 -1.98376 -9.41732  6141
             51.3007 25.0375 8.95266 151.078  -2.46575    2.8266 -0.127547 0 0 0   -0.011 -0.02329  0.04412 -0.715809  0.485866  -0.13376  -0.00256498 -0.000828878  -0.00205925  0.0013346 -0.0858359  0.0335562 -1.89627 -1.98417  -9.4172  6134
             51.4008   28.08 7.92219 146.841   -2.5343   2.87739 -0.119657 0 0 0   -0.011 -0.02329  0.04412 -0.658495  0.559218  0.205977  -0.00258856 -0.000777219  -0.00207665 0.00109578 -0.0876527  0.0333631 -1.89532 -1.98559 -9.41709  6091
             51.5005 29.0005  8.5525 143.217  -2.59544   2.93678 -0.095532 0 0 0   -0.011 -0.02329  0.04412 -0.636456  0.597198  0.243725   -0.0025273 -0.000790545  -0.00209863 0.00321516 -0.0877699  0.0335143 -1.89384 -1.98447 -9.41763  6140
             51.6007 27.9052 9.53276 139.753  -2.65427   2.99773 -0.071599 0 0 0   -0.011 -0.02329  0.04412 -0.574735  0.616549  0.151283  -0.00249891 -0.000778951  -0.00210578  0.0040614 -0.0881489  0.0333755 -1.89308 -1.98428 -9.41782  6167
             51.7008 27.0287 9.13848 136.164   -2.71055    3.06329 -0.0679348 0 0 0   -0.011 -0.02329  0.04412  -0.578847   0.691701 -0.0728171  -0.00248381 -0.000759039  -0.00213205 0.00444771 -0.0875232  0.0336032 -1.89314 -1.98362 -9.41795  6108
             51.8006 26.2835 9.06723 134.045   -2.77123    3.13637 -0.0867532 0 0 0   -0.011 -0.02329  0.04412 -0.580273  0.763054 -0.271298 -0.00250111 -0.00075207 -0.00217405 0.00361253 -0.0870864  0.0336587 -1.89397 -1.98372 -9.41776  6137
             51.9007  25.441 7.98965 133.673  -2.82472   3.21681 -0.118662 0 0 0   -0.011 -0.02329  0.04412  -0.50809  0.834797 -0.239104  -0.00246933 -0.000765832  -0.00223274 0.00451274 -0.0860706  0.0344447 -1.89377  -1.9825 -9.41806  6105
             52.0008 25.0983  6.6222 135.224   -2.8706   3.30171 -0.125701 0 0 0   -0.011 -0.02329  0.04412 -0.424901  0.877723   0.06452  -0.00248811 -0.000795085  -0.00229766 0.00464592 -0.0870266  0.0339288 -1.89322 -1.98318 -9.41803  6083
             52.1006 26.0812 5.43652  137.74  -2.90944   3.38669 -0.113446 0 0 0   -0.011 -0.02329  0.04412 -0.417234   0.77844  0.154615  -0.00248464 -0.000817712  -0.00231351 0.00541137  -0.086745  0.0340492  -1.8928  -1.9826 -9.41823  6131
             52.2007 25.2744 3.75033 139.896   -2.95474      3.463 -0.0940375 0 0 0   -0.011 -0.02329  0.04412 -0.505289   0.72969  0.127786  -0.00246037 -0.000801947  -0.00232411 0.00505501  -0.086552  0.0331418 -1.89328 -1.98269 -9.41812  6116
             52.3006 25.1019 4.82965 142.494   -3.00907    3.53371 -0.0889976 0 0 0   -0.011 -0.02329  0.04412   -0.57962   0.693766 -0.0140161  -0.00246011 -0.000868602  -0.00231938 0.00529678 -0.0869583  0.0334952 -1.89283 -1.98285 -9.41817  6163
             52.4007 24.9948 6.29818 143.656   -3.07125    3.59607 -0.0973582 0 0 0   -0.011 -0.02329  0.04412 -0.650659  0.608746 -0.141051  -0.00250764 -0.000883035  -0.00229845 0.00533999 -0.0879786  0.0337896 -1.89217 -1.98354 -9.41816  6115
             52.5006 25.0009 6.40201  143.18  -3.13949   3.65593 -0.115864 0 0 0   -0.011 -0.02329  0.04412 -0.658855  0.603866 -0.151108  -0.00252394 -0.000869904  -0.00229838 0.00445326 -0.0874562  0.0342823 -1.89304 -1.98359 -9.41797  6116
             52.6006 26.0263  5.3781 141.633  -3.20482   3.71845 -0.130644 0 0 0   -0.011 -0.02329  0.04412  -0.668108   0.619811 -0.0543496  -0.00253492 -0.000856535   -0.0023127 0.00493416 -0.0861779  0.0346511 -1.89342  -1.9824 -9.41815  6184
             52.7007 26.8828  4.2011 139.861  -3.26659   3.78516 -0.128904 0 0 0   -0.011 -0.02329  0.04412 -0.645115   0.67232 0.0963659  -0.0025054 -0.00083512 -0.00232348 0.00641913 -0.0851987  0.0349516 -1.89292 -1.98091 -9.41856  6156
             52.8007 26.5503 5.26396 138.913  -3.33075   3.85314 -0.119675 0 0 0   -0.011 -0.02329  0.04412 -0.614903  0.693163 0.0968668  -0.00249074 -0.000854111   -0.0023228 0.00642016 -0.0850663  0.0350265 -1.89299 -1.98081 -9.41857  6149
             52.9007 25.7134 5.74238 138.189  -3.38606   3.92301 -0.111137 0 0 0   -0.011 -0.02329  0.04412 -0.538722  0.711572 0.0229575  -0.00246757 -0.000869657  -0.00233997 0.00736571 -0.0853141  0.0350517 -1.89218 -1.98051  -9.4188  6143
             53.0005 26.5191 6.37417 136.629  -3.44311   3.99241 -0.117383 0 0 0   -0.011 -0.02329  0.04412 -0.575494   0.73616 -0.130678  -0.00251034 -0.000854679  -0.00232885 0.00711841 -0.0866203  0.0354738 -1.89155 -1.98156  -9.4187  6129
             53.1006 27.6086 7.70169 134.578  -3.49648   4.06724 -0.139389 0 0 0   -0.011 -0.02329  0.04412 -0.520973  0.716814 -0.285307 -0.00251338 -0.00086799 -0.00232837  0.0078963 -0.0857983  0.0355568 -1.89145 -1.98058 -9.41893  6120
             53.2006 27.9587 6.90311 133.013  -3.54798     4.141 -0.160174 0 0 0   -0.011 -0.02329  0.04412 -0.49694 0.767554 -0.14621  -0.00250666 -0.000804529  -0.00238421 0.00737646 -0.0862716  0.0347525 -1.89166 -1.98121 -9.41875  6139
             53.3007 27.2129 6.33824  132.72  -3.59361   4.22203 -0.158401 0 0 0   -0.011 -0.02329  0.04412 -0.462531  0.792887  0.102421  -0.00245661 -0.000825372  -0.00241384 0.00764024 -0.0860518  0.0340449 -1.89168 -1.98096  -9.4188  6138
             53.3997  26.891 6.56397 133.488   -3.6421   4.29544 -0.148417 0 0 0   -0.011 -0.02329  0.04412 -0.487833   0.66685  0.107885 -0.00245182 -0.00085347 -0.00243086 0.00747315 -0.0861444  0.0341912 -1.89173  -1.9811 -9.41876  6136
             53.5006 27.2799 5.86042 134.259  -3.69368   4.35745 -0.137793 0 0 0   -0.011 -0.02329  0.04412 -0.558153  0.578419  0.114528  -0.00247766 -0.000844585  -0.00244625 0.00740352 -0.0860095  0.0343908 -1.89183 -1.98102 -9.41876  6137
             53.6006 26.3916 6.59212 136.974 -3.75437  4.41015 -0.13093 0 0 0   -0.011 -0.02329  0.04412  -0.64696  0.502822 0.0203074  -0.00246181 -0.000888201  -0.00247868 0.00772867 -0.0863824  0.0346957 -1.89136 -1.98114 -9.41883  6160
             53.7005 25.7666 7.27111 138.837  -3.82159   4.45492 -0.139615 0 0 0   -0.011 -0.02329  0.04412 -0.681034  0.426736 -0.138315   -0.0024786 -0.000923842  -0.00247202 0.00786244 -0.0866364  0.0354338 -1.89105 -1.98123 -9.41887  6211
             53.8011 25.7854 6.83867 138.733  -3.88873   4.49792 -0.152496 0 0 0   -0.011 -0.02329  0.04412    -0.6948   0.418368 -0.0908699  -0.00249186 -0.000912746  -0.00245737  0.0084226 -0.0861506  0.0354691  -1.8909 -1.98061 -9.41903  6171
             53.9007 26.2556 6.52846 137.373  -3.95634   4.54548 -0.150796 0 0 0   -0.011 -0.02329  0.04412 -0.666584  0.508606 0.0873685   -0.0024986 -0.000903454  -0.00246124 0.00849857 -0.0859112  0.0347938 -1.89107 -1.98044 -9.41903  6184
             54.0007 27.6806 7.53584 136.183  -4.01879   4.59918 -0.138724 0 0 0   -0.011 -0.02329  0.04412 -0.607791  0.525031  0.104436  -0.00248505 -0.000919283  -0.00246507 0.00887566 -0.0857202  0.0348536  -1.8909 -1.98012 -9.41914  6151
             54.0997 28.8274 8.41992 134.417  -4.07623   4.65308 -0.132663 0 0 0   -0.011 -0.02329  0.04412 -0.579715  0.525452 0.0740679  -0.00249388 -0.000894231   -0.0024752  0.0094273 -0.0844584  0.0351002 -1.89116 -1.97893 -9.41933  6202
             54.1997 29.2565 10.0731 132.777  -4.13412   4.70629 -0.129977 0 0 0   -0.011 -0.02329  0.04412 -0.583775  0.541614  0.015587  -0.00247985 -0.000894594  -0.00247657 0.00966313 -0.0842933  0.0356088 -1.89101 -1.97868 -9.41942  6180
             54.3006 29.1939 11.9715 132.645  -4.19191   4.75851 -0.133721 0 0 0   -0.011 -0.02329  0.04412  -0.561039   0.515342 -0.0918134  -0.00247573 -0.000909807  -0.00250149 0.00979681 -0.0845014  0.0358774 -1.89076 -1.97877 -9.41945  6201
             54.4006 29.2042 12.8432 132.759  -4.24586   4.80721 -0.145039 0 0 0   -0.011 -0.02329  0.04412 -0.514816  0.503491 -0.149441  -0.00249186 -0.000891189  -0.00251689 0.00986499   -0.08533  0.0356812 -1.89033 -1.97936 -9.41941  6133
             54.4997 28.7917 13.7863 131.592 -4.29383  4.85853 -0.15758 0 0 0   -0.011 -0.02329  0.04412  -0.433457   0.543405 -0.0919499  -0.00249339 -0.000887712  -0.00250449 0.00991293 -0.0857213   0.035581 -1.89012 -1.97963 -9.41939  6211
             54.6005 28.4913 12.9796  129.97  -4.33379   4.91452 -0.157327 0 0 0   -0.011 -0.02329  0.04412 -0.403888  0.541626  0.100006  -0.00250071 -0.000831376  -0.00252911   0.010132 -0.0852397  0.0353841 -1.89022 -1.97918 -9.41947  6191
             54.7005 27.8531 11.5687  128.74  -4.37352   4.96634 -0.145677 0 0 0   -0.011 -0.02329  0.04412 -0.423476   0.47592 0.0931506  -0.00248301 -0.000818984  -0.00255738 0.0104465 -0.085214 0.0353354 -1.89001 -1.97904 -9.41954  6161
             54.8006 27.1443 10.0931 128.448  -4.41797   5.01012 -0.137554 0 0 0   -0.011 -0.02329  0.04412 -0.475685  0.399545 0.0819567  -0.00246517 -0.000852683  -0.00258956  0.0105524 -0.0851622  0.0352793 -1.88997 -1.97896 -9.41957  6173
             54.9007 25.9636 9.31188 129.966  -4.46794   5.04782 -0.130018 0 0 0   -0.011 -0.02329  0.04412  -0.50588   0.34029 0.0721743  -0.00243262 -0.000878761  -0.00261548  0.0102917 -0.0849386  0.0353455 -1.89026 -1.97888 -9.41952  6144
             54.9997 25.2169 9.21818 131.359  -4.51921   5.07912 -0.125769 0 0 0   -0.011 -0.02329  0.04412  -0.518714    0.26822 0.00538673  -0.00243673 -0.000894519  -0.00261771  0.0102082 -0.0847561  0.0353163 -1.89041 -1.97878 -9.41952  6188
             55.0997 24.9114  9.1987 131.401  -4.57079   5.10272 -0.127742 0 0 0   -0.011 -0.02329  0.04412  -0.512493   0.210482 -0.0411801  -0.00243573 -0.000900561  -0.00261147  0.0102611 -0.0848803  0.0351697 -1.89033 -1.97886 -9.41952  6166
             55.2005  25.907 9.04994 130.927 -4.61868  5.12282  -0.1295 0 0 0   -0.011 -0.02329  0.04412 -0.460697  0.182998 0.0426092   -0.0024658 -0.000897629  -0.00261481  0.0105601 -0.0846171  0.0352677 -1.89022 -1.97854  -9.4196  6219
             55.3005 27.9924 8.28482 128.332  -4.65959   5.14039 -0.120882 0 0 0   -0.011 -0.02329  0.04412 -0.401398   0.17343  0.138835  -0.00245245 -0.000857672  -0.00261659  0.0111638 -0.0845432  0.0353051  -1.8898 -1.97824 -9.41975  6168
             55.4006 28.8057 8.47364 125.036  -4.70269   5.15426 -0.109041 0 0 0   -0.011 -0.02329  0.04412 -0.389465  0.151969  0.101022  -0.00245705 -0.000842634  -0.00261013  0.0106162 -0.0851531  0.0357099 -1.88987 -1.97889  -9.4196  6179
             55.5005 28.9533 8.67139 123.148  -4.73889   5.16771 -0.102652 0 0 0   -0.011 -0.02329  0.04412 -0.322825  0.144572 0.0663973  -0.00243803 -0.000836383  -0.00265404  0.0107303 -0.0851897   0.036092 -1.88973 -1.97886 -9.41963  6170
             55.6006 28.6722 9.87415 122.426   -4.7667     5.183 -0.101943 0 0 0   -0.011 -0.02329  0.04412 -0.261015  0.142923 -0.001779  -0.00240129 -0.000870894  -0.00267234 0.0113489 -0.084517 0.0367255 -1.88949 -1.97812 -9.41984  6160
             55.7007 27.8973 11.2923 122.404  -4.78722   5.19513 -0.100214 0 0 0   -0.011 -0.02329  0.04412  -0.168823   0.130918 0.00796886  -0.00242464 -0.000890645  -0.00268798  0.0116531 -0.0850055  0.0364429 -1.88907 -1.97842 -9.41986  6137
             55.7996 26.7684 12.0747 122.705   -4.79851    5.21187 -0.0968385 0 0 0   -0.011 -0.02329  0.04412   -0.105154    0.155964 -0.00711921  -0.00240423 -0.000890318  -0.00271478  0.0117769 -0.0846669  0.0358226 -1.88915 -1.97813  -9.4199  6163
             55.9005 26.3645  13.539 122.629  -4.80548   5.23225 -0.098706 0 0 0   -0.011 -0.02329  0.04412 -0.0800812   0.215121 -0.0299081  -0.00243728 -0.000919086  -0.00269355   0.012049 -0.0839397  0.0355614 -1.88923 -1.97749 -9.42002  6189
             56.0006 27.3334 15.8261 122.043  -4.81532    5.2545 -0.102351 0 0 0   -0.011 -0.02329  0.04412 -0.135865  0.219549 -0.048641  -0.00249586 -0.000918376  -0.00267441 0.0120887 -0.083956 0.0354813  -1.8892 -1.97749 -9.42003  6193
             56.1006 27.3592 19.0792 121.569  -4.83259   5.27572 -0.109422 0 0 0   -0.011 -0.02329  0.04412  -0.202774   0.220583 -0.0529781 -0.00249122 -0.00092346 -0.00268027  0.0121324 -0.0839273  0.0359313 -1.88912 -1.97746 -9.42005  6167
             56.1996 26.7981 22.3016 121.906  -4.85591   5.29501 -0.115205 0 0 0   -0.011 -0.02329  0.04412  -0.247075   0.185496 -0.0571045  -0.00250265 -0.000942392   -0.0026786  0.0120722 -0.0840689  0.0361238 -1.88908 -1.97758 -9.42003  6277
             56.3006 26.9307 25.0698 122.198  -4.88276   5.31375 -0.117467 0 0 0   -0.011 -0.02329  0.04412  -0.296059    0.20611 -0.0562674  -0.00255468 -0.000944058  -0.00268482  0.0123441 -0.0846179   0.035624 -1.88882 -1.97793 -9.42001  6203
             56.4007  27.523 28.6764 122.455  -4.91773   5.33445 -0.129708 0 0 0   -0.011 -0.02329  0.04412 -0.363721  0.253003 -0.161376  -0.00257706 -0.000953036  -0.00268721   0.012041 -0.0850074  0.0360063 -1.88883 -1.97832 -9.41993  6237
             56.5005 28.1457 33.2312 122.985  -4.95435   5.36235 -0.147613 0 0 0   -0.011 -0.02329  0.04412 -0.341713  0.291344 -0.147625  -0.00261597 -0.000963057  -0.00270286 0.0118509 -0.084819 0.0362097 -1.88895 -1.97824 -9.41992  6256
             56.6005 27.8856 36.4745 122.166  -4.98367   5.39361 -0.156244 0 0 0   -0.011 -0.02329  0.04412  -0.283426   0.314179 -0.0663942  -0.00265797 -0.000940869  -0.00269115 0.0123602 -0.084657 0.0358442 -1.88878 -1.97795 -9.42002  6236
             56.7005 27.0939 38.0271 120.833  -5.01018   5.42596 -0.164764 0 0 0   -0.011 -0.02329  0.04412  -0.251104   0.325482 -0.0909015   -0.002672 -0.00090146  -0.0026952  0.0122532 -0.0844723  0.0360035 -1.88881 -1.97786 -9.42003  6248
             56.8006 26.4399 38.4098 120.081  -5.03332   5.46195 -0.174239 0 0 0   -0.011 -0.02329  0.04412 -0.209203  0.393975 -0.118226  -0.00267471 -0.000899192  -0.00272367   0.012408 -0.0844628  0.0357752 -1.88883 -1.97778 -9.42004  6266
             56.9007 24.9301 38.5223 119.941  -5.05039   5.50811 -0.184856 0 0 0   -0.011 -0.02329  0.04412  -0.138661   0.512052 -0.0499593  -0.00264384 -0.000891913  -0.00273659  0.0121365 -0.0839883  0.0356728 -1.88912 -1.97746 -9.42005  6233
             57.0005 23.2882 39.3539 119.095  -5.06088   5.56658 -0.182507 0 0 0   -0.011 -0.02329  0.04412 -0.0917098   0.619915   0.062574  -0.00266689 -0.000923302  -0.00271801  0.0124303 -0.0840501  0.0354126 -1.88908 -1.97739 -9.42007  6235
             57.0996   20.79 40.5482 118.052  -5.07145    5.6183 -0.178627 0 0 0   -0.011 -0.02329  0.04412 -0.0913656   0.423347   0.026626  -0.00264131 -0.000931042  -0.00272119  0.0121459 -0.0843056  0.0356924 -1.88906 -1.97769 -9.42001  6247
             57.1996 18.6806 41.0684  117.46 -5.07792  5.65009  -0.1769 0 0 0   -0.011 -0.02329  0.04412 -0.0621762   0.252612  0.0257056  -0.00266187 -0.000930584  -0.00273547 0.0124808 -0.084439 0.0360783 -1.88862 -1.97781 -9.42008  6221
             57.3005 17.7924 40.8843 117.614  -5.08439   5.66941 -0.172752 0 0 0   -0.011 -0.02329  0.04412 -0.0532261   0.157894  0.0472028   -0.0026941 -0.000934007  -0.00275375  0.0124295 -0.0847337  0.0362082 -1.88854 -1.97807 -9.42004  6218
             57.4007 17.0237 40.5353  117.27  -5.08997   5.68242 -0.168042 0 0 0   -0.011 -0.02329  0.04412 -0.0624506   0.131291  0.0138807  -0.00269208 -0.000933402   -0.0027573  0.0128389 -0.0849305  0.0361408 -1.88834 -1.97814 -9.42006  6223
             57.5004 16.9234 40.6058 116.918  -5.10086   5.69606 -0.167848 0 0 0   -0.011 -0.02329  0.04412 -0.109245  0.133754 -0.012888  -0.00272398 -0.000927085   -0.0027667  0.0123313 -0.0852065  0.0358659 -1.88878 -1.97838 -9.41993  6196
             57.6005 16.7593 40.9292 116.695  -5.11773   5.70621 -0.172067 0 0 0   -0.011 -0.02329  0.04412  -0.163493    0.11375 -0.0534853  -0.00272608 -0.000950288  -0.00277965  0.0117585 -0.0858614  0.0361266 -1.88885 -1.97899 -9.41978  6215
             57.7005 17.3977 41.5365  116.05  -5.13667   5.71772 -0.177851 0 0 0   -0.011 -0.02329  0.04412  -0.208755   0.126146 -0.0560647  -0.00273341 -0.000949876  -0.00279938 0.0116618  -0.08598   0.03613 -1.88889 -1.97909 -9.41975  6219
             57.7996 18.7864 42.4597 114.364  -5.15722   5.73542 -0.185724 0 0 0   -0.011 -0.02329  0.04412  -0.276615   0.195179 -0.0579118   -0.0027473 -0.000930365  -0.00278607  0.0117321 -0.0852282  0.0363472 -1.88877 -1.97855 -9.41989  6264
             57.9005 19.4856 43.6489 111.524  -5.18825   5.75831 -0.190268 0 0 0   -0.011 -0.02329  0.04412 -0.402515  0.219689 -0.024833  -0.00275828 -0.000900765  -0.00276656  0.0119996 -0.0846504   0.036224 -1.88874 -1.97807    -9.42  6202
             58.0006 19.4481 43.7152 108.802 -5.2385 5.78078 -0.1897 0 0 0   -0.011 -0.02329  0.04412   -0.538612    0.270047 -0.00859482  -0.00274937 -0.000864184  -0.00280257  0.0119036 -0.0853349  0.0359922 -1.88894 -1.97853 -9.41986  6218
             58.0996 20.1612 43.5791 105.761  -5.29946   5.80884 -0.189722 0 0 0   -0.011 -0.02329  0.04412  -0.676922   0.315646 -0.0163135  -0.00276439 -0.000845453  -0.00281898  0.0121593 -0.0856429  0.0360118 -1.88881 -1.97874 -9.41985  6256
             58.1996 20.7779 43.0476 101.225 -5.37179  5.84344 -0.19119 0 0 0   -0.011 -0.02329  0.04412   -0.713794    0.349654 -0.00591033  -0.00278068 -0.000786269  -0.00283058  0.0119867 -0.0856515  0.0357725 -1.88904 -1.97866 -9.41981  6252
             58.3004 22.7723 43.4066 95.0232  -5.43407   5.87576 -0.185433 0 0 0   -0.011 -0.02329  0.04412 -0.510707  0.336446  0.168288  -0.00282125 -0.000761181  -0.00282343  0.0120535 -0.0857371  0.0361082 -1.88883 -1.97886 -9.41981  6271
             58.3996 25.9646 43.6201 91.9715  -5.47751   5.90705 -0.162977 0 0 0   -0.011 -0.02329  0.04412 -0.374701  0.264885  0.217276  -0.00280712 -0.000682407  -0.00290818  0.0122841 -0.0855804  0.0359634 -1.88875 -1.97875 -9.41985  6255
             58.5004 27.5899 43.0664 91.0029  -5.50983   5.92556 -0.141849 0 0 0   -0.011 -0.02329  0.04412 -0.261557  0.128929  0.161565  -0.00276081 -0.000698113  -0.00297215  0.0126426 -0.0858306  0.0358477 -1.88875 -1.97887 -9.41983  6225
             58.6005 26.9202 40.7337 89.2441  -5.53422   5.93506 -0.133089 0 0 0   -0.011 -0.02329  0.04412 -0.233157  0.109505 0.0863431  -0.00265959 -0.000598056  -0.00301244  0.0122081 -0.0856284  0.0364364 -1.88872 -1.97906  -9.4198  6218
             58.7005 24.4875 38.2712 87.6737  -5.55746   5.94439 -0.128984 0 0 0   -0.011 -0.02329  0.04412  -0.228917   0.099725 0.00458321  -0.00260238 -0.000606895  -0.00301363  0.0120881 -0.0855455  0.0366463 -1.88871 -1.97913 -9.41978  6239
             58.8005 21.7957 36.3046 87.6028  -5.58201   5.95683 -0.133064 0 0 0   -0.011 -0.02329  0.04412  -0.241927    0.15406 -0.0512687  -0.00255192 -0.000621208  -0.00303306  0.0116828 -0.0855338  0.0368695 -1.88881 -1.97907 -9.41977  6234
             58.9008 21.0338 37.4592 91.5952  -5.60608   5.97884 -0.143018 0 0 0   -0.011 -0.02329  0.04412 -0.247418  0.269708 -0.115076  -0.00252285 -0.000679502  -0.00305199  0.0113019 -0.0854585   0.037058 -1.88886 -1.97898 -9.41978  6213
             59.0005 23.1614  40.306 99.8395  -5.63276    6.0101 -0.149904 0 0 0   -0.011 -0.02329  0.04412 -0.272962  0.274585 -0.100459  -0.00255807 -0.000765475   -0.0030728 0.0115953 -0.085831 0.0361948 -1.88894 -1.97878 -9.41981  6252
             59.1005 25.3508 40.1017   107.1  -5.66031   6.03555 -0.156887 0 0 0   -0.011 -0.02329  0.04412 -0.237172  0.278564 -0.120382 -0.00259793 -0.00079154 -0.00307224  0.0120966 -0.0862462  0.0358526 -1.88903  -1.9789 -9.41977  6236
             59.1996 26.8545 39.2935 112.414  -5.67802   6.06988 -0.168921 0 0 0   -0.011 -0.02329  0.04412 -0.155432  0.384115 -0.120513 -0.00261198 -0.00080505 -0.00304718  0.0122092 -0.0859576  0.0355071 -1.88891 -1.97866 -9.41984  6271
             59.3005  27.855 37.1655 115.706  -5.69089   6.11506 -0.177732 0 0 0   -0.011 -0.02329  0.04412  -0.133936   0.531539 -0.0894612  -0.00264786 -0.000808646  -0.00303273  0.0125355 -0.0859521   0.035338 -1.88878 -1.97862 -9.41987  6185
             59.3996 26.8511 33.7593 118.532  -5.70508   6.17702 -0.190454 0 0 0   -0.011 -0.02329  0.04412 -0.158369  0.664592 -0.091685  -0.00258268 -0.000793161  -0.00304112  0.0119146 -0.0855501  0.0354121 -1.88905  -1.9784 -9.41987  6233
             59.5005 25.3866 29.9922 121.945  -5.72294   6.24824 -0.192994 0 0 0   -0.011 -0.02329  0.04412 -0.203546  0.775392 0.0811439  -0.00256077 -0.000825925  -0.00304884  0.0118058 -0.0854982  0.0355578 -1.88905 -1.97842 -9.41986  6205
             59.5996 23.6839 28.7043 123.879   -5.7449   6.32325 -0.181185 0 0 0   -0.011 -0.02329  0.04412 -0.225573  0.671961  0.112834  -0.00256089 -0.000907145  -0.00299841  0.0117986 -0.0855187  0.0356927   -1.889 -1.97846 -9.41986  6247
             59.7006  22.754 26.9433 123.666  -5.77108    6.3837 -0.174357 0 0 0   -0.011 -0.02329  0.04412 -0.303626  0.562756 0.0265149  -0.00260865 -0.000879266  -0.00297358  0.0117263 -0.0856818  0.0359043 -1.88893 -1.97862 -9.41985  6221
             59.8008 22.9767 26.0033 124.018  -5.80819   6.43413 -0.177615 0 0 0   -0.011 -0.02329  0.04412   -0.40177   0.488959 -0.0544231  -0.00261734 -0.000918248  -0.00297215  0.0112583 -0.0859599  0.0362056 -1.88905 -1.97895 -9.41975  6208
             59.9005 22.9914 25.3273 124.402 -5.85262  6.47714 -0.18568 0 0 0   -0.011 -0.02329  0.04412  -0.490428   0.409753 -0.0907049  -0.00258227 -0.000944417  -0.00297971  0.0114722 -0.0862505  0.0365594  -1.8887 -1.97913 -9.41979  6222
             60.0005 23.4463 24.2498 124.903  -5.90802   6.51333 -0.198517 0 0 0   -0.011 -0.02329  0.04412 -0.576089  0.364754 -0.133192 -0.00261924 -0.00093968 -0.00298903  0.0111378 -0.0867899  0.0368261 -1.88866  -1.9796 -9.41969  6176
             60.1006 24.2481 24.0215 124.642  -5.96668   6.55095 -0.205302 0 0 0   -0.011 -0.02329  0.04412   -0.619383    0.397372 -0.00154906  -0.00260842 -0.000969146  -0.00298805  0.0116144 -0.0867777  0.0365683 -1.88844 -1.97948 -9.41976  6172
             60.1996 25.1507  24.951 123.337  -6.02911   6.59607 -0.195029 0 0 0   -0.011 -0.02329  0.04412 -0.619225   0.47565   0.14533  -0.00260735 -0.000945528  -0.00298942  0.0115379 -0.0868233  0.0362584 -1.88859 -1.97954 -9.41972  6204
             60.3004  24.804 26.1712 122.186  -6.08764   6.64334 -0.182675 0 0 0   -0.011 -0.02329  0.04412 -0.550295  0.461794 0.0883074  -0.00262429 -0.000932802  -0.00299267  0.0115871 -0.0865253  0.0361716 -1.88867 -1.97931 -9.41975  6211
             60.4004  24.872 27.7092 121.838  -6.13755   6.69567 -0.180056 0 0 0   -0.011 -0.02329  0.04412  -0.487587   0.528146 0.00470766 -0.00261009  -0.0009457 -0.00300272  0.0116417 -0.0856986  0.0364013 -1.88878  -1.9787 -9.41986  6200
             60.5005 25.4293   29.86 121.731  -6.18225   6.74925 -0.179454 0 0 0   -0.011 -0.02329  0.04412  -0.398672   0.522253 -0.0497765 -0.00265097 -0.00094403 -0.00300584  0.0117196 -0.0858288    0.03596 -1.88885 -1.97876 -9.41983  6187
             60.6005 26.4092 30.7244 121.238  -6.21867   6.79751 -0.187504 0 0 0   -0.011 -0.02329  0.04412 -0.335609  0.485057 -0.122433  -0.00265703 -0.000922354  -0.00302879  0.0120069 -0.0862101  0.0359967 -1.88856 -1.97899 -9.41984  6222
             60.7007  26.106 30.3516  120.12  -6.24789   6.84808 -0.198997 0 0 0   -0.011 -0.02329  0.04412  -0.26589  0.497634 -0.106443  -0.00264657 -0.000878581  -0.00302597  0.0122572 -0.0859298  0.0357838 -1.88853 -1.97872  -9.4199  6177
             60.8005 25.2844 28.6093 118.689 -6.26974  6.89501 -0.20415 0 0 0   -0.011 -0.02329  0.04412  -0.154094   0.479212 -0.0116248  -0.00264313 -0.000854188  -0.00304253  0.0125657 -0.0863945  0.0357992 -1.88824 -1.97901  -9.4199  6205
             60.9007  25.185 25.9573 116.498  -6.28206   6.94375 -0.201239 0 0 0   -0.011 -0.02329  0.04412 -0.118687  0.515788 0.0853442  -0.00263446 -0.000844961  -0.00306146  0.0125441 -0.0863457    0.03614 -1.88814 -1.97902 -9.41992  6221
             61.0004 25.4004 24.2743 115.488  -6.29993   6.99305 -0.191896 0 0 0   -0.011 -0.02329  0.04412 -0.193767  0.434319 0.0503175  -0.00263227 -0.000849193  -0.00309073  0.0121385 -0.0866962  0.0358649 -1.88845 -1.97928  -9.4198  6226
             61.1004 25.1577  21.929  115.49 -6.32289  7.03032 -0.18769 0 0 0   -0.011 -0.02329  0.04412 -0.257581  0.342108 0.0324605  -0.00260203 -0.000858041  -0.00312449  0.0122124 -0.0869553  0.0358168 -1.88838 -1.97945 -9.41978  6211
             61.2004 24.8046 20.7866 116.653  -6.34959   7.06335 -0.183908 0 0 0   -0.011 -0.02329  0.04412 -0.298762    0.3013 0.0551347  -0.00253877 -0.000919056   -0.0031582  0.0123569 -0.0867023  0.0359005 -1.88829 -1.97927 -9.41984  6168
             61.3004 24.3631    19.9 117.889  -6.37828   7.08748 -0.178076 0 0 0   -0.011 -0.02329  0.04412 -0.291127  0.195949 0.0341093  -0.00254156 -0.000932606  -0.00316101  0.0127288 -0.0868195  0.0358648 -1.88802 -1.97933 -9.41988  6211
             61.4004 24.5017 18.0945 118.172  -6.40659   7.10887 -0.180956 0 0 0   -0.011 -0.02329  0.04412  -0.309758   0.163532 -0.0111859  -0.00253328 -0.000909582  -0.00315105  0.0123006 -0.0858505  0.0361475 -1.88842 -1.97867 -9.41994  6202
             61.5005 25.2626 16.5861 118.056  -6.43949   7.12415 -0.182175 0 0 0   -0.011 -0.02329  0.04412   -0.363756     0.11586 -0.00148585  -0.00252737 -0.000910585  -0.00315774  0.0121846 -0.0855965  0.0361447 -1.88855  -1.9785 -9.41995  6224
             61.6006 25.7214 14.7706 117.502  -6.47897    7.1324 -0.182421 0 0 0   -0.011 -0.02329  0.04412 -0.421126 0.0638316 0.0396774  -0.00250245 -0.000888147  -0.00315855  0.0121547 -0.0855171  0.0364952 -1.88854 -1.97844 -9.41996  6194
             61.6995 25.6332 12.0071  116.34  -6.52244   7.13391 -0.173728 0 0 0   -0.011 -0.02329  0.04412  -0.436595 0.00987692   0.112396  -0.00247911 -0.000879696  -0.00317024   0.012466 -0.0860104  0.0364539 -1.88821 -1.97876 -9.41996  6183
             61.8004 24.6897 8.63393 114.637 -6.56589  7.13423 -0.15999 0 0 0   -0.011 -0.02329  0.04412 -0.427739 0.0058877  0.138094  -0.00243392 -0.000864029  -0.00318996  0.0124943 -0.0860882  0.0364584 -1.88817 -1.97881 -9.41996  6184
             61.9004 23.8121 4.80163 113.206  -6.60662    7.1331 -0.155515 0 0 0   -0.011 -0.02329  0.04412  -0.373746 -0.0217488 0.00271619  -0.00241913 -0.000848718  -0.00320613  0.0126996 -0.0858928  0.0370018 -1.88804 -1.97861 -9.42002  6174
             62.0006  23.8512 -1.65302  111.432  -6.63735    7.1255 -0.155603 0 0 0   -0.011 -0.02329  0.04412   -0.272496  -0.0825285 -0.00225102  -0.0024045 -0.00084406 -0.00323551  0.0131377 -0.0861392  0.0369671 -1.88765 -1.97876 -9.42007  6109
             62.1004  23.7965 -7.72068  109.101  -6.66135    7.1187 -0.156808 0 0 0   -0.011 -0.02329  0.04412  -0.250563 -0.0265538 -0.0188906  -0.00234675 -0.000872231  -0.00323886  0.0136158 -0.0860687  0.0370205  -1.8873 -1.97868 -9.42016  6163
             62.2004  24.0008 -11.8341  106.274  -6.68461   7.12154 -0.158143 0 0 0   -0.011 -0.02329  0.04412  -0.230941  0.0355199 -0.0688308  -0.00230658 -0.000915423  -0.00325426   0.013353 -0.0858972  0.0364837 -1.88744 -1.97869 -9.42013  6159
             62.2995  24.2644 -16.1965  104.028  -6.70627   7.12225 -0.170479 0 0 0   -0.011 -0.02329  0.04412  -0.20957 0.0525806 -0.118698   -0.0022704 -0.000957324  -0.00327712  0.0139971 -0.0861099  0.0368816 -1.88702 -1.97871 -9.42021  6157
             62.4005 24.3141 -21.139 103.054 -6.72799  7.13256 -0.17529 0 0 0   -0.011 -0.02329  0.04412  -0.189183   0.089497 -0.0921657    -0.002264 -0.000935299  -0.00333079  0.0128004 -0.0863868  0.0358512 -1.88747 -1.97934 -9.41999  6160
             62.5006  25.0446 -26.1883  101.995 -6.74283  7.14211 -0.18597 0 0 0   -0.011 -0.02329  0.04412  -0.159115  0.0737309 -0.0474759  -0.00222899 -0.000969687  -0.00335086 0.0133755 -0.085771 0.0362592 -1.88732 -1.97871 -9.42015  6095
             62.6003  25.3905 -30.9252  101.187  -6.75668   7.15105 -0.191086 0 0 0   -0.011 -0.02329  0.04412  -0.172841  0.0708166 -0.0409549  -0.00219814 -0.000973965  -0.00338965 0.0138126 -0.085153 0.0365966 -1.88725 -1.97809 -9.42029  6169
             62.7005  25.0814 -34.5086  100.909  -6.77471   7.15772 -0.195393 0 0 0   -0.011 -0.02329  0.04412  -0.194791  0.0458817 -0.0334996 -0.00217083 -0.00100307  -0.0033888  0.0137793 -0.0849857  0.0366542 -1.88732 -1.97795 -9.42031  6163
             62.8005  25.6146 -37.0738  99.2272  -6.78965   7.16417 -0.200451 0 0 0   -0.011 -0.02329  0.04412  -0.188425  0.0341575 -0.0437411 -0.00213806 -0.00100872 -0.00341211  0.0141935 -0.0841079  0.0367703 -1.88717 -1.97727 -9.42048  6148
             62.9005  26.7965 -38.4859  96.8214   -6.8082   7.16616 -0.208056 0 0 0   -0.011 -0.02329  0.04412     -0.1967 -0.00654281  -0.0492306 -0.00212097 -0.00100426 -0.00340399   0.014916 -0.0838062  0.0371746 -1.88703 -1.97673 -9.42062  6150
             63.0005  28.4491 -39.4913  94.0412  -6.82614   7.16615 -0.208953 0 0 0   -0.011 -0.02329  0.04412 -0.213509 0.0125093 0.0109219   -0.0021268 -0.000992034  -0.00340751  0.0146878 -0.0836544  0.0368027  -1.8869 -1.97692 -9.42061  6139
             63.1005  28.5516 -39.1343  92.5884  -6.84218   7.17211 -0.205968 0 0 0   -0.011 -0.02329  0.04412 -0.223474  0.057621 0.0514283 -0.00209207  -0.0010074 -0.00341162   0.014786 -0.0827053  0.0364495 -1.88659 -1.97658 -9.42074  6179
             63.2005  27.8922 -38.2413  92.2559  -6.85911   7.17548 -0.202364 0 0 0   -0.011 -0.02329  0.04412 -0.207245 0.0579393 0.0559456 -0.00208069 -0.00105047 -0.00344034  0.0154751 -0.0824869  0.0360626 -1.88598 -1.97662 -9.42085  6198
             63.3004  26.767 -36.839 92.2244 -6.87925  7.18131 -0.19508 0 0 0   -0.011 -0.02329  0.04412 -0.226058  0.122227  0.110848 -0.00208664 -0.00105594 -0.00343043  0.0154516 -0.0825997  0.0356667 -1.88574 -1.97698 -9.42083  6184
             63.4005  24.8559 -31.7688  92.3807  -6.89907   7.20254 -0.176637 0 0 0   -0.011 -0.02329  0.04412 -0.236026  0.285425  0.215672 -0.00208521 -0.00112188 -0.00339778  0.0150869 -0.0823127   0.035151 -1.88555 -1.97725 -9.42081  6196
             63.5005  22.2095 -23.9332  92.5727   -6.9224   7.23548 -0.151665 0 0 0   -0.011 -0.02329  0.04412 -0.239916  0.361064  0.218144  -0.0021348 -0.00118354 -0.00336887  0.0143599 -0.0824113   0.034473 -1.88548 -1.97789 -9.42069  6154
             63.6005  20.4272 -15.7357  92.2765  -6.94039   7.26769 -0.135826 0 0 0   -0.011 -0.02329  0.04412 -0.171237  0.309706  0.134124 -0.00220382 -0.00123614 -0.00333376   0.015094 -0.0822037  0.0344982 -1.88513 -1.97773 -9.42079  6143
             63.6995 19.2629 -9.8864 92.0985   -6.9549    7.2933 -0.130345 0 0 0   -0.011 -0.02329  0.04412 -0.140763  0.221491 0.0508213 -0.00229455 -0.00120573 -0.00336711   0.016001 -0.0818886  0.0350082 -1.88489 -1.97721 -9.42095  6163
             63.8003  18.9648 -6.62543  90.2342  -6.96384   7.31204 -0.129668 0 0 0   -0.011 -0.02329  0.04412  -0.0740174    0.148905 -0.00254899 -0.00236475   -0.001125 -0.00335238  0.0162945 -0.0815477  0.0351635 -1.88474 -1.97696 -9.42103  6147
             63.9003  19.5518 -4.25703  85.1324  -6.96306   7.32435 -0.132324 0 0 0   -0.011 -0.02329  0.04412 -0.0288708   0.100455 -0.0124047 -0.00239872 -0.00107749  -0.0033135  0.0167067 -0.0807559  0.0350342 -1.88433 -1.97679 -9.42115  6156
             64.0003  18.8532 -2.09531   76.158  -6.96489   7.33568 -0.131765 0 0 0   -0.011 -0.02329  0.04412  -0.0533042   0.0820428 -0.00276032  -0.0024076  -0.0010291 -0.00325388  0.0163479 -0.0804344  0.0347634  -1.8843 -1.97676 -9.42116  6144
             64.0995   16.9184 -0.714438   66.1577  -6.96763   7.34264 -0.134928 0 0 0   -0.011 -0.02329  0.04412 -0.0386914  0.0745618 -0.0167967 -0.00238637 -0.00101897 -0.00325553  0.0166048 -0.0800532  0.0349939 -1.88411  -1.9766 -9.42123  6153
             64.1995  14.8018 0.158778   57.534  -6.97203   7.35175 -0.134295 0 0 0   -0.011 -0.02329  0.04412   -0.037845   0.0897982 -0.00967629 -0.00241563 -0.00101591 -0.00328491  0.0163778 -0.0802574  0.0347302 -1.88421  -1.9767 -9.42119  6221
             64.3004  12.4855 0.656559  48.9704  -6.97469   7.36147 -0.135879 0 0 0   -0.011 -0.02329  0.04412 -0.0306769    0.10572 -0.0152141 -0.00243215 -0.00101225  -0.0032896  0.0163023 -0.0801246  0.0347124 -1.88414 -1.97674  -9.4212  6174
             64.4003  10.2181 0.749716  41.0599  -6.97328   7.37506 -0.137857 0 0 0   -0.011 -0.02329  0.04412 0.00302691   0.120408  -0.019916  -0.00243679 -0.000980627  -0.00332574  0.0157768 -0.0800099  0.0346805 -1.88384  -1.9768 -9.42125  6229
             64.5003  8.79929 0.704952  35.2623  -6.97333    7.3816 -0.138691 0 0 0   -0.011 -0.02329  0.04412  0.0246809  0.0798252 -0.0135916  -0.0024532 -0.00100129 -0.00337018 0.0160774 -0.079527 0.0343134 -1.88428 -1.97715 -9.42109  6220
             64.5995  8.68041 0.609853  31.0114  -6.96703   7.38651 -0.138382 0 0 0   -0.011 -0.02329  0.04412   0.0583829   0.0474608 -0.00201102 -0.00248064 -0.00100554 -0.00341525  0.0155011 -0.0790689  0.0338549 -1.88429 -1.97777 -9.42095  6261
             64.7006  9.28596 0.704652  28.7994  -6.96303   7.38675 -0.140504 0 0 0   -0.011 -0.02329  0.04412   0.0509558   0.0212873 -0.00534187 -0.00251466 -0.00100856 -0.00346587  0.0159116 -0.0784973  0.0339918 -1.88468 -1.97779 -9.42087  6175
             64.8003 9.82195 0.93467 28.6019   -6.9606    7.3838 -0.142898 0 0 0   -0.011 -0.02329  0.04412   0.0337316  -0.0032029 -0.00904453 -0.00249126 -0.00103716 -0.00352453   0.016366 -0.0776187   0.034075 -1.88527 -1.97788 -9.42073  6222
             64.9003  10.7366 0.861436  31.0579  -6.95776   7.38194 -0.143423 0 0 0   -0.011 -0.02329  0.04412   0.00739451  -0.00956481 -0.000830396 -0.00251239 -0.00102625 -0.00360224  0.0161463 -0.0773078  0.0339151 -1.88538 -1.97817 -9.42065  6204
             65.0003   11.3333 0.0359629   39.2896  -6.95638   7.38113 -0.146051 0 0 0   -0.011 -0.02329  0.04412 -0.00465563  -0.0102724  -0.0125293 -0.00250125 -0.00104682 -0.00374896  0.0158463 -0.0773212  0.0342214 -1.88507 -1.97829 -9.42069  6230
             65.1004  12.3191 -1.27618  50.8285  -6.95442   7.37698 -0.147451 0 0 0   -0.011 -0.02329  0.04412  0.0289055 -0.0589524 -0.0148859 -0.00250321  -0.0010821 -0.00382875  0.0155061 -0.0770633  0.0340692 -1.88506 -1.97863 -9.42062  6218
             65.2004   14.452 -3.40808  63.8406  -6.94892   7.36525 -0.149945 0 0 0   -0.011 -0.02329  0.04412  0.0725768  -0.105328 -0.0262565 -0.00251586 -0.00110778 -0.00383966   0.015341 -0.0763056  0.0338997 -1.88529  -1.9791 -9.42047  6168
             65.3004  16.9868 -5.94618  74.8705  -6.93598   7.35764 -0.152691 0 0 0   -0.011 -0.02329  0.04412  0.0937077 -0.0549125 -0.0299586 -0.00249695 -0.00110229 -0.00379516 0.0146141 -0.076174 0.0336867 -1.88486 -1.97953 -9.42047  6149
             65.3995  17.9146 -7.96762  83.5713  -6.92668   7.35334 -0.154437 0 0 0   -0.011 -0.02329  0.04412  0.0848122  -0.042628 -0.0223062 -0.00245948 -0.00111244  -0.0037616   0.014497 -0.0760857  0.0334892 -1.88484 -1.97969 -9.42044  6167
             65.4994  18.8371 -10.8864  90.4164  -6.91829   7.34485 -0.154498 0 0 0   -0.011 -0.02329  0.04412   0.105214  -0.102989 -0.0204595 -0.00245796 -0.00110015 -0.00373606 0.0144707 -0.076169 0.0330508 -1.88498 -1.97994 -9.42036  6166
             65.6003 19.9643 -14.442 96.3028 -6.90737  7.33326 -0.15869 0 0 0   -0.011 -0.02329  0.04412   0.124318  -0.126291 -0.0371947 -0.00242871 -0.00110599 -0.00374238  0.0146089 -0.0761797  0.0334161   -1.885 -1.97973  -9.4204  6168
             65.7005  20.9854 -18.3516  101.326  -6.89012   7.32305 -0.162933 0 0 0   -0.011 -0.02329  0.04412   0.163123  -0.127972 -0.0521802 -0.00239552 -0.00108798 -0.00375096  0.0143187 -0.0757697  0.0333408 -1.88489 -1.97956 -9.42046  6128
             65.8005 21.9374 -22.307 106.045  -6.86957    7.3126 -0.168041 0 0 0   -0.011 -0.02329  0.04412   0.193512  -0.104342 -0.0587618  -0.0023624 -0.00106125 -0.00375805  0.0142073 -0.0753975  0.0331156 -1.88477 -1.97948  -9.4205  6125
             65.8994  22.9135 -25.9059  111.001  -6.84854   7.30461 -0.176007 0 0 0   -0.011 -0.02329  0.04412   0.209748 -0.0666969 -0.0782187 -0.00234699 -0.00106794 -0.00377005   0.014413 -0.0751638  0.0333418 -1.88472 -1.97923 -9.42056  6149
             66.0003  23.5255 -29.3771  116.575  -6.82472   7.29822 -0.185282 0 0 0   -0.011 -0.02329  0.04412   0.208313 -0.0419906 -0.0752496 -0.00231785 -0.00108206 -0.00378238  0.0149983 -0.0749863  0.0333162 -1.88434 -1.97908 -9.42067  6150
             66.1003  23.8838 -32.3837  121.326  -6.80246   7.29095 -0.194712 0 0 0   -0.011 -0.02329  0.04412   0.194266 -0.0551282 -0.0783481  -0.0022903 -0.00108555 -0.00374595   0.015714 -0.0751956  0.0332961 -1.88381 -1.97907 -9.42078  6146
             66.2003  23.7549 -34.9687  125.478  -6.78414   7.28375 -0.201799 0 0 0   -0.011 -0.02329  0.04412   0.159617 -0.0600261 -0.0634535 -0.00226671 -0.00109709  -0.0037472  0.0158825 -0.0754875  0.0331477 -1.88353 -1.97926 -9.42079  6128
             66.3003  23.1927 -37.2943  130.067  -6.76704   7.28147 -0.206798 0 0 0   -0.011 -0.02329  0.04412   0.154521  -0.015576 -0.0550188 -0.00224216  -0.0010822 -0.00374804 0.0157602 -0.075116 0.0329053 -1.88361 -1.97913  -9.4208  6136
             66.4003  23.0475 -39.5155  135.324   -6.7492   7.28435 -0.211222 0 0 0   -0.011 -0.02329  0.04412   0.132287  0.0208215 -0.0434323 -0.00225767  -0.0010775 -0.00376363  0.0158547 -0.0745596  0.0325604 -1.88361 -1.97883 -9.42087  6158
             66.5004  22.7316 -41.3062  140.204  -6.73409   7.29181 -0.216452 0 0 0   -0.011 -0.02329  0.04412  0.0927694  0.0287044 -0.0346663 -0.00221843 -0.00105529 -0.00377789  0.0165421 -0.0733014  0.0326109 -1.88384 -1.97777 -9.42104  6145
             66.6004  22.3852 -42.5909  143.218 -6.72649  7.29524 -0.22017 0 0 0   -0.011 -0.02329  0.04412  0.0367667 0.00435294 -0.0149053  -0.0021768 -0.00104543 -0.00374797  0.0169955 -0.0727377  0.0327865 -1.88398  -1.9772 -9.42114  6125
             66.7005  22.1854 -43.5927  144.453 -6.72244  7.29817 -0.22066 0 0 0   -0.011 -0.02329  0.04412   0.0118145 -0.00853117  -0.0102254 -0.00215508 -0.00102555 -0.00373961  0.0171092 -0.0719041  0.0326063 -1.88431  -1.9767 -9.42117  6070
             66.8003    22.48 -44.6946   144.76  -6.72226   7.29764 -0.223532 0 0 0   -0.011 -0.02329  0.04412  -0.0214017  -0.0146781 -0.00424394  -0.0021293 -0.00101659 -0.00372506  0.0176187 -0.0715789  0.0329066 -1.88438 -1.97623 -9.42126  6108
             66.9003   22.723 -45.3877   144.92 -6.72316  7.29677 -0.22563 0 0 0   -0.011 -0.02329  0.04412 -0.0593205 -0.0371344 0.00205051   -0.002121  -0.0010251 -0.00373957  0.0186719 -0.0712053  0.0329923  -1.8841 -1.97543 -9.42148  6139
             67.0002  22.8298 -45.5545  144.536  -6.73223   7.29222 -0.224162 0 0 0   -0.011 -0.02329  0.04412   -0.14958 -0.0413788  0.0510521 -0.00211726 -0.00103144 -0.00374428  0.0188622 -0.0712897  0.0330147 -1.88397 -1.97536 -9.42152  6149
             67.1003  22.8418 -43.2039  143.423  -6.74968   7.28854 -0.214119 0 0 0   -0.011 -0.02329  0.04412   -0.274135 -0.00929576    0.164371 -0.00210732 -0.00107177 -0.00371015  0.0193848 -0.0718288  0.0326941 -1.88322 -1.97535 -9.42167  6142
             67.2003   22.911 -37.8189  142.306  -6.77919   7.29377 -0.194147 0 0 0   -0.011 -0.02329  0.04412 -0.389462 0.0627853  0.228025 -0.00213227  -0.0011325 -0.00367751 0.0200061 -0.071383 0.0323668 -1.88304 -1.97477 -9.42183  6162
             67.3004  22.6533 -30.0424  141.739  -6.82297   7.30381 -0.168041 0 0 0   -0.011 -0.02329  0.04412 -0.502281  0.117969  0.267171 -0.00217521  -0.0011745 -0.00366749  0.0199839 -0.0712688  0.0320893 -1.88301 -1.97474 -9.42185  6136
             67.4005  22.3911 -20.5254  142.495  -6.87364   7.31741 -0.143711 0 0 0   -0.011 -0.02329  0.04412 -0.537794  0.157487  0.233175 -0.00224911 -0.00123655 -0.00366038 0.0203032 -0.071355 0.0321014 -1.88279 -1.97461 -9.42192  6153
             67.4994  22.9673 -11.0509  143.237  -6.93052   7.33276 -0.125042 0 0 0   -0.011 -0.02329  0.04412 -0.555721  0.135153    0.1462 -0.00234916 -0.00122818 -0.00367556  0.0200017 -0.0709704  0.0323028 -1.88325 -1.97454 -9.42184  6176
             67.5994  24.4222 -2.88414  142.357  -6.98852   7.34613 -0.115159 0 0 0   -0.011 -0.02329  0.04412 -0.581028    0.1342 0.0705128 -0.00246906 -0.00114109 -0.00364663  0.0197175 -0.0706109  0.0325769 -1.88369 -1.97446 -9.42177  6197
             67.7004 26.2183    6.79  137.81  -7.04585   7.36185 -0.110214 0 0 0   -0.011 -0.02329  0.04412 -0.597142  0.141439 0.0234189 -0.00258349 -0.00111374 -0.00354265  0.0201602 -0.0704245  0.0324146  -1.8835 -1.97416 -9.42187  6246
             67.8004 26.2439 15.8515 133.106 -7.09684  7.37772 -0.11299 0 0 0   -0.011 -0.02329  0.04412  -0.534205   0.114098 -0.0144654  -0.0026279 -0.00108927 -0.00353598  0.0215593 -0.0696367   0.032712 -1.88306 -1.97305 -9.42219  6235
             67.9003 25.8219 21.8572 130.744  -7.13924   7.38726 -0.123682 0 0 0   -0.011 -0.02329  0.04412  -0.41782  0.056004 -0.066889 -0.00264782 -0.00103299  -0.0035829  0.0229401 -0.0688627  0.0336083 -1.88247   -1.972 -9.42253  6283
             68.0003 25.5249 25.6138 129.498  -7.17753   7.38784 -0.125316 0 0 0   -0.011 -0.02329  0.04412  -0.373487 0.00141041 -0.0392406 -0.00270862 -0.00103388 -0.00361352  0.0233699 -0.0696025  0.0332198   -1.882 -1.97233 -9.42255  6309
             68.1003 24.7773 28.2887 129.863  -7.21278   7.38725 -0.125347 0 0 0   -0.011 -0.02329  0.04412  -0.370793 -0.0108362 0.00118371 -0.00272295 -0.00103672 -0.00360672 0.0237963 -0.069685 0.0329695  -1.8818 -1.97226 -9.42261  6309
             68.2003 23.8875 30.1535 131.863  -7.25208    7.3857 -0.121701 0 0 0   -0.011 -0.02329  0.04412  -0.399945 -0.0136772   0.016924 -0.00273366 -0.00104085 -0.00363034  0.0238434 -0.0699901  0.0326143 -1.88184 -1.97241 -9.42257  6287
             68.3003 22.6141 31.7748 134.348  -7.29376   7.38395 -0.122263 0 0 0   -0.011 -0.02329  0.04412    -0.443184   -0.0382369 -0.000146107  -0.0027343 -0.00106248 -0.00362303  0.0237014 -0.0697606  0.0327903 -1.88189 -1.97232 -9.42258  6282
             68.4003 21.4887 32.2679 139.004  -7.34523    7.3765 -0.126765 0 0 0   -0.011 -0.02329  0.04412  -0.476862 -0.0634713 -0.0219764 -0.00274768 -0.00107854 -0.00365202  0.0225608 -0.0701624  0.0332109 -1.88225 -1.97288 -9.42239  6273
             68.5004 21.0612 31.3255 146.521  -7.39779   7.36583 -0.127649 0 0 0   -0.011 -0.02329  0.04412  -0.520538 -0.0631186 0.00601063 -0.00274664 -0.00113567 -0.00370263  0.0223417 -0.0709382  0.0334424 -1.88209 -1.97343  -9.4223  6289
             68.6003 21.1565 30.3445   154.1  -7.45072   7.36622 -0.122545 0 0 0   -0.011 -0.02329  0.04412 -0.527061 0.0368023  0.125655 -0.00276397 -0.00118864 -0.00367549  0.0220825 -0.0705485  0.0333294 -1.88239 -1.97328 -9.42228  6280
             68.7003 21.6004  29.384 159.975   -7.50264    7.37098 -0.0981237 0 0 0   -0.011 -0.02329  0.04412 -0.505291 0.0396898   0.21377 -0.00280897 -0.00122049 -0.00364823  0.0227067 -0.0709802  0.0326325 -1.88232  -1.9733 -9.42228  6280
             68.8003 21.5577 27.8132 165.014   -7.55131    7.37152 -0.0798651 0 0 0   -0.011 -0.02329  0.04412  -0.463125 -0.0140678   0.141542 -0.00281138 -0.00124197 -0.00363475  0.0227257 -0.0712219  0.0327228 -1.88216 -1.97342 -9.42229  6262
             68.9003 21.2202 26.1651 169.714   -7.59496     7.3677 -0.0677013 0 0 0   -0.011 -0.02329  0.04412  -0.427097 -0.0845423   0.112628 -0.00279025 -0.00125394 -0.00361872  0.0228955 -0.0710514  0.0327086 -1.88217 -1.97325 -9.42232  6289
             69.0002 20.5648 25.0635 174.109   -7.63559    7.35361 -0.0535021 0 0 0   -0.011 -0.02329  0.04412 -0.394881 -0.167584  0.148692 -0.00280492 -0.00130948 -0.00360532 0.0231948 -0.071706 0.0327665 -1.88168 -1.97342 -9.42239  6225
             69.1002  19.613 23.6166 178.213   -7.67255    7.33255 -0.0401373 0 0 0   -0.011 -0.02329  0.04412 -0.354244 -0.244268  0.134716 -0.00278309 -0.00132516 -0.00359602  0.0231867 -0.0718248  0.0330378 -1.88149 -1.97344 -9.42242  6228
             69.2003  18.4881  22.1187 -178.435  -7.70583   7.30503 -0.024764 0 0 0   -0.011 -0.02329  0.04412 -0.348677 -0.309468   0.11858 -0.00276826 -0.00137652 -0.00358053  0.0238493 -0.0721847  0.0328935  -1.8811 -1.97326 -9.42254  6256
             69.3004   17.526  20.4653 -176.421   -7.74068    7.26676 -0.0134725 0 0 0   -0.011 -0.02329  0.04412 -0.306384 -0.370425  0.119026 -0.00278373 -0.00139527 -0.00356254  0.0232363 -0.0733892  0.0330701 -1.88051 -1.97414 -9.42247  6196
             69.4003  16.9246  14.9671 -176.373   -7.76552    7.22698 0.00102922 0 0 0   -0.011 -0.02329  0.04412 -0.138288 -0.389417  0.182497 -0.00274481 -0.00136167 -0.00357086  0.0227564 -0.0736994  0.0330859 -1.88047 -1.97456 -9.42239  6270
             69.5003  17.5376  5.84512 -177.169  -7.77943   7.18299 0.0200733 0 0 0   -0.011 -0.02329  0.04412 -0.120835  -0.39533  0.220174 -0.00271978 -0.00133567 -0.00359527  0.0217905 -0.0745256  0.0333976 -1.88013 -1.97545 -9.42227  6275
             69.6005  18.7977 -3.30731 -179.062  -7.79517   7.14261 0.0340902 0 0 0   -0.011 -0.02329  0.04412 -0.0932449  -0.370245   0.200769 -0.00265569 -0.00131208 -0.00364228 0.0202347 -0.073998 0.0339468 -1.88081 -1.97611   -9.422  6200
             69.7004  19.2818 -13.0524   178.05  -7.80148   7.10653 0.0517818 0 0 0   -0.011 -0.02329  0.04412 -0.0860286  -0.339017   0.153538 -0.00255906 -0.00129301 -0.00368722  0.0203265 -0.0740836  0.0341746 -1.88065 -1.97605 -9.42204  6278
             69.8003  19.7245 -18.9237  174.739   -7.8145   7.07831 0.0726708 0 0 0   -0.011 -0.02329  0.04412 -0.180243 -0.280256  0.118353 -0.00247163 -0.00133826 -0.00369217  0.0208718 -0.0739415  0.0330432 -1.88081 -1.97578 -9.42207  6208
             69.9005  19.7395 -24.1188  172.576  -7.82846   7.05605 0.0893856 0 0 0   -0.011 -0.02329  0.04412 -0.158991 -0.233193  0.111404 -0.00239827 -0.00135507 -0.00374456   0.021571 -0.0738145  0.0322202 -1.88075 -1.97533 -9.42217  6204
             70.0004  19.1847 -28.7185  170.953 -7.83899  7.03911 0.091817 0 0 0   -0.011 -0.02329  0.04412 -0.159298 -0.170765 0.0230502 -0.00231175 -0.00142479 -0.00378952  0.0237499 -0.0735596  0.0329575 -1.88002 -1.97376 -9.42265  6207
             70.1004  20.4619 -34.3395  168.865  -7.85192   7.02244 0.0866716 0 0 0   -0.011 -0.02329  0.04412 -0.141432 -0.151864 -0.124988 -0.00230959 -0.00140243 -0.00381646    0.02386 -0.0742236  0.0329506  -1.8795 -1.97395 -9.42271  6233
             70.2004  20.7586 -41.1504  167.835  -7.87079   7.00731 0.0748065 0 0 0   -0.011 -0.02329  0.04412 -0.249466 -0.124582 -0.111923 -0.00223633 -0.00139321 -0.00387413  0.0235837 -0.0745743  0.0326692 -1.87934 -1.97427 -9.42268  6262
             70.3004  20.4572 -45.4467  166.711  -7.90172   6.99918 0.0696488 0 0 0   -0.011 -0.02329  0.04412  -0.366956 -0.0541405  0.0192257 -0.00217615 -0.00148141 -0.00386229  0.0236298 -0.0741519  0.0326028 -1.87961 -1.97406 -9.42267  6261
             70.4004  21.6425 -47.7513  164.623  -7.94199    6.9997 0.0751161 0 0 0   -0.011 -0.02329  0.04412  -0.399327 -0.0039364   0.138582 -0.00213954 -0.00152735 -0.00387227  0.0239473 -0.0728369  0.0329747  -1.8805 -1.97335 -9.42264  6219
             70.5003  22.2872 -49.4915  162.867  -7.98122   7.00223 0.0890476 0 0 0   -0.011 -0.02329  0.04412  -0.391981 0.00901031    0.14888 -0.00210375 -0.00152988 -0.00387826  0.0246021 -0.0720097  0.0332793 -1.88091 -1.97262 -9.42271  6230
             70.6002  22.2067 -50.5973  162.853  -8.01901    7.0041 0.0994451 0 0 0   -0.011 -0.02329  0.04412  -0.382002 0.00279839  0.0860429 -0.00209424 -0.00157565 -0.00391505   0.025066 -0.0718466  0.0332968 -1.88085 -1.97227 -9.42279  6250
             70.7003  22.6133 -51.1516  163.055 -8.05612  7.00178 0.111308 0 0 0   -0.011 -0.02329  0.04412  -0.359319 -0.0479588   0.117102 -0.00208998 -0.00156766 -0.00390502 0.0246193 -0.072084 0.0330849 -1.88078 -1.97262 -9.42273  6226
             70.8003   22.592 -51.1425  164.231 -8.09013  6.99684 0.122175 0 0 0   -0.011 -0.02329  0.04412 -0.370181 -0.101007  0.134136 -0.00210887 -0.00155228  -0.0038985 0.0251512 -0.071695 0.0329933 -1.88082 -1.97212 -9.42283  6218
             70.9003  22.1949 -49.1323  166.674 -8.13162  6.98708 0.138012 0 0 0   -0.011 -0.02329  0.04412 -0.448935 -0.150044  0.187208 -0.00211698 -0.00157043 -0.00390329 0.0255041 -0.070834 0.0331792 -1.88134 -1.97157 -9.42284  6230
             71.0004  20.4082 -45.9881  171.634 -8.17688  6.96584 0.157424 0 0 0   -0.011 -0.02329  0.04412 -0.483583 -0.269264  0.198142 -0.00217518 -0.00162086 -0.00393996  0.0256942 -0.0713679  0.0330275 -1.88085 -1.97165 -9.42292  6211
             71.0993  19.3606 -42.4501  175.797  -8.2266  6.93476 0.174948 0 0 0   -0.011 -0.02329  0.04412 -0.517728 -0.383055  0.190815 -0.00220405 -0.00159841  -0.0039304   0.026337 -0.0710024  0.0332117 -1.88093 -1.97112 -9.42302  6249
             71.2003  19.5121 -38.1998  178.016 -8.27874  6.89202 0.195374 0 0 0   -0.011 -0.02329  0.04412 -0.530969  -0.49321  0.229071 -0.00224576 -0.00158692 -0.00388376  0.0263934 -0.0707821  0.0331424 -1.88104 -1.97099 -9.42302  6143
             71.3003  19.8835  -33.086 -179.928 -8.33074  6.83973 0.223755 0 0 0   -0.011 -0.02329  0.04412 -0.525899 -0.583656  0.316127 -0.00230743 -0.00158448 -0.00388517  0.0263195 -0.0706244  0.0328735 -1.88111 -1.97095 -9.42302  6136
             71.4005  19.8099 -27.0753 -178.229 -8.38363  6.78191 0.261059 0 0 0   -0.011 -0.02329  0.04412 -0.564601 -0.654559  0.377828 -0.00235124 -0.00155882 -0.00386003  0.0265113 -0.0698673  0.0321906 -1.88145 -1.97048 -9.42305  6155
             71.5004  18.3303 -19.3963 -177.669 -8.44046  6.71519 0.297918 0 0 0   -0.011 -0.02329  0.04412 -0.594165 -0.726927  0.365939 -0.00235226 -0.00157828 -0.00378349 0.0272884 -0.069084 0.0322341 -1.88173 -1.96969 -9.42316  6123
             71.6004  16.4643 -11.7662 -177.636 -8.49876  6.64694  0.32778 0 0 0   -0.011 -0.02329  0.04412 -0.567024 -0.651227  0.247869 -0.00241849 -0.00158687 -0.00375339  0.0276448 -0.0687408  0.0323949 -1.88186 -1.96933 -9.42321  6118
             71.7003  15.3829 -6.04303 -176.023 -8.55434  6.58575  0.34921 0 0 0   -0.011 -0.02329  0.04412  -0.52171 -0.562516  0.202582  -0.0025021 -0.00156043 -0.00377864  0.0273761 -0.0685939  0.0325264 -1.88207 -1.96947 -9.42314  6149
             71.8002  14.6885 -1.16035  -173.62 -8.60332  6.53527 0.368451 0 0 0   -0.011 -0.02329  0.04412 -0.487041 -0.484298  0.150251 -0.00254383 -0.00154545 -0.00378669  0.0277192 -0.0684307  0.0322731 -1.88206 -1.96918  -9.4232  6179
              71.905  14.8827  3.22735 -171.151 -8.64812  6.49016 0.369476 0 0 0   -0.011 -0.02329  0.04412 -0.489083 -0.458475 0.0336771 -0.00258695 -0.00156163 -0.00378448   0.029324 -0.0683542  0.0334843 -1.88142 -1.96802 -9.42357  6141
             72.0003  15.0844  7.68468 -169.516 -8.69409  6.44677   0.3731 0 0 0   -0.011 -0.02329  0.04412  -0.510568  -0.439387 -0.0184965 -0.00262583 -0.00157283 -0.00375579  0.0303699 -0.0688071   0.033178 -1.88079 -1.96753  -9.4238  6138
             72.1004  15.8376  11.0218 -168.148 -8.74545  6.40326 0.370056 0 0 0   -0.011 -0.02329  0.04412 -0.554545  -0.42568 0.0188045  -0.0026877 -0.00157516 -0.00374803  0.0308405 -0.0691284   0.033582 -1.88034 -1.96729 -9.42394  6070
             72.2004  17.0951  12.6853 -165.929 -8.80296  6.36386 0.385492 0 0 0   -0.011 -0.02329  0.04412 -0.601637 -0.410637   0.19561 -0.00268298 -0.00153229 -0.00375779  0.0311313 -0.0687977  0.0326364 -1.88069 -1.96712  -9.4239  6054
             72.3007  17.5577  13.5328 -164.421   -8.862  6.32048 0.414741 0 0 0   -0.011 -0.02329  0.04412 -0.568576 -0.482825  0.338098 -0.00270421 -0.00151778 -0.00373866  0.0311432 -0.0688232  0.0323655 -1.88074 -1.96717 -9.42388  6069
             72.4003  15.9154  13.2956 -162.767 -8.91688  6.26847 0.449988 0 0 0   -0.011 -0.02329  0.04412 -0.486501 -0.485957  0.330409 -0.00266104 -0.00151632 -0.00375309  0.0306339 -0.0691683  0.0322467 -1.88069 -1.96765 -9.42379  6102
             72.5005   14.921  12.3041 -160.897 -8.96313  6.21831  0.47619 0 0 0   -0.011 -0.02329  0.04412 -0.439118 -0.466224  0.254195 -0.00266739 -0.00150549 -0.00375087  0.0300092 -0.0696943  0.0327089 -1.88037 -1.96815 -9.42375  6031
             72.6003  14.1872  12.2711 -159.001  -9.0058  6.17019 0.499365 0 0 0   -0.011 -0.02329  0.04412 -0.407857 -0.458852  0.201759 -0.00267233  -0.0015687 -0.00375229  0.0298443 -0.0701507   0.032762 -1.88009  -1.9684 -9.42375  6078
             72.7003   13.357  12.3983 -157.695 -9.04258  6.12163 0.514087 0 0 0   -0.011 -0.02329  0.04412 -0.343493 -0.479153  0.118401 -0.00267512 -0.00157659 -0.00373885 0.0298248 -0.070729 0.0331971 -1.87956 -1.96852 -9.42383  6030
             72.8004  12.6596  11.6899 -157.329 -9.07523   6.0707 0.521211 0 0 0   -0.011 -0.02329  0.04412 -0.316174 -0.514344 0.0627297 -0.00268628 -0.00155774 -0.00370703  0.0296265 -0.0709762   0.033476 -1.87935 -1.96867 -9.42384  6038
             72.9004  12.4208  11.3034 -156.901 -9.10509  6.01994 0.528698 0 0 0   -0.011 -0.02329  0.04412 -0.291964 -0.493359  0.049613 -0.00267742 -0.00157271 -0.00371397 0.0296229 -0.071328 0.0332629 -1.87918 -1.96883 -9.42385  6077
             73.0002  13.3687  10.5847 -157.194 -9.13596  5.96451  0.53518 0 0 0   -0.011 -0.02329  0.04412 -0.275277 -0.517258  0.101734 -0.00270876 -0.00155393 -0.00371375  0.0285757 -0.0720132  0.0331343 -1.87898 -1.96977 -9.42369  6105
             73.1004 14.3369 9.33038    -158 -9.16385  5.91207   0.5511 0 0 0   -0.011 -0.02329  0.04412 -0.274489 -0.522812  0.251425  -0.0027062 -0.00152424 -0.00371068  0.0283438 -0.0718817  0.0332313 -1.87909 -1.96986 -9.42365  6086
             73.2003 15.3056 8.32736 -158.65 -9.19134  5.86171 0.583034 0 0 0   -0.011 -0.02329  0.04412 -0.278242 -0.479802  0.297106 -0.00268688 -0.00152859 -0.00372512  0.0285243 -0.0720437  0.0329575 -1.87902 -1.96985 -9.42366  6147
             73.3004  15.7628  6.63319 -159.377 -9.21442  5.81922 0.607967 0 0 0   -0.011 -0.02329  0.04412 -0.252918 -0.408389  0.210931 -0.00264889 -0.00151198 -0.00372658  0.0293543 -0.0723042  0.0331893 -1.87858 -1.96934 -9.42386  6108
             73.4002  16.0552  3.51611 -160.356 -9.24025  5.77725 0.628062 0 0 0   -0.011 -0.02329  0.04412 -0.240761 -0.348983   0.20279 -0.00264817 -0.00147229 -0.00373778  0.0285147 -0.0729958  0.0332186  -1.8783 -1.97011 -9.42375  6111
             73.5003    16.05 -1.98398 -161.858 -9.25591  5.74709 0.649293 0 0 0   -0.011 -0.02329  0.04412 -0.0724228  -0.254355   0.155094 -0.00261498 -0.00147294 -0.00376911  0.0290561 -0.0734539  0.0331337 -1.87787 -1.96991 -9.42388  6172
             73.6005  16.4799 -13.4504  -164.07 -9.25996   5.7214 0.649739 0 0 0   -0.011 -0.02329  0.04412 -0.0280725   -0.22464 -0.0250838 -0.00253353 -0.00136045 -0.00382488  0.0282486 -0.0734871  0.0339065 -1.87786 -1.97034 -9.42379  6143
             73.7001  17.4653 -23.1236 -166.326 -9.26303  5.70209 0.655874 0 0 0   -0.011 -0.02329  0.04412  -0.140705  -0.230349 -0.0300098 -0.00245895 -0.00138505 -0.00386551  0.0295316 -0.0742013  0.0326805 -1.87729 -1.96985 -9.42401  6172
             73.8003  18.5018 -29.8158 -167.782  -9.2819  5.67947 0.653028 0 0 0   -0.011 -0.02329  0.04412  -0.234578   -0.22986 -0.0235057 -0.00238168 -0.00145604 -0.00391524  0.0297559 -0.0741773  0.0326199 -1.87725 -1.96969 -9.42405  6161
             73.9004   19.781 -35.9406 -168.739 -9.30914  5.65592 0.652651 0 0 0   -0.011 -0.02329  0.04412 -0.271237 -0.227987 0.0870565  -0.0023346 -0.00147253 -0.00394802 0.0294126 -0.073897 0.0329932 -1.87752 -1.96984 -9.42396  6178
             74.0004  20.4735 -40.9851 -169.304 -9.33635  5.63088 0.661308 0 0 0   -0.011 -0.02329  0.04412 -0.259108 -0.288692  0.159981 -0.00228144 -0.00155228 -0.00400531 0.0297595 -0.073483 0.0335757 -1.87771 -1.96952   -9.424  6148
             74.1004  18.7544 -44.2289 -168.571 -9.36414  5.59745 0.678227 0 0 0   -0.011 -0.02329  0.04412 -0.258644 -0.347636  0.139291 -0.00218765 -0.00162134 -0.00402662  0.0293082 -0.0734475  0.0336439 -1.87787 -1.96982  -9.4239  6176
             74.2004  16.7977 -46.6984 -167.901 -9.38931  5.56189 0.690431 0 0 0   -0.011 -0.02329  0.04412 -0.230854 -0.379212  0.114908  -0.0021505 -0.00165406  -0.0040232  0.0291758 -0.0731885  0.0335935 -1.87809 -1.96983 -9.42385  6144
             74.3002  15.4782  -48.234 -168.375  -9.4107   5.5261 0.700072 0 0 0   -0.011 -0.02329  0.04412 -0.214783 -0.393664 0.0881548 -0.00212297 -0.00170049 -0.00401245  0.0297928 -0.0726828  0.0335556 -1.87828 -1.96927 -9.42393  6170
             74.4002  15.0623 -49.6657 -169.118 -9.43305  5.48413 0.708175 0 0 0   -0.011 -0.02329  0.04412 -0.213346 -0.454133  0.036778 -0.00213306 -0.00170039 -0.00400179  0.0294358 -0.0725394  0.0333467 -1.87844 -1.96943 -9.42387  6162
             74.5003  15.6101 -50.9129 -171.035 -9.45294  5.43544 0.707004 0 0 0   -0.011 -0.02329  0.04412 -0.203321 -0.546526  0.010473 -0.00211146 -0.00173064 -0.00401654  0.0301759 -0.0724204  0.0336113 -1.87839 -1.96896 -9.42398  6205
             74.6004  16.6569 -51.5074 -173.864 -9.47123  5.38129 0.706527 0 0 0   -0.011 -0.02329  0.04412 -0.188943 -0.614483 0.0378809 -0.00210365 -0.00175519 -0.00402082  0.0311725 -0.0717454  0.0336738 -1.87864 -1.96813  -9.4241  6229
             74.7004  19.7196 -51.8256  -179.46 -9.48928  5.32089  0.71655 0 0 0   -0.011 -0.02329  0.04412 -0.166394 -0.679616   0.12321 -0.00207838 -0.00174431 -0.00400132  0.0310043 -0.0709087  0.0332214 -1.87916 -1.96791 -9.42404  6245
             74.8004  24.8794 -51.6489   170.29 -9.49993  5.25372  0.73145 0 0 0   -0.011 -0.02329  0.04412 -0.134467 -0.743175  0.222447 -0.00203755 -0.00175053 -0.00395359  0.0318932 -0.0708774  0.0328746 -1.87887 -1.96727 -9.42423  6230
             74.9002  27.6751 -50.2379  160.557 -9.51255  5.18608 0.755178 0 0 0   -0.011 -0.02329  0.04412 -0.191824 -0.692981  0.223893 -0.00198806   -0.001771 -0.00395615  0.0326917 -0.0702165  0.0324358 -1.87898 -1.96648 -9.42438  6263
             75.0003  30.1663 -48.7308  152.233 -9.53564  5.12156 0.776521 0 0 0   -0.011 -0.02329  0.04412 -0.251705 -0.585229  0.150632 -0.00201854 -0.00178843 -0.00395591  0.0319053 -0.0702852   0.032126 -1.87907 -1.96692 -9.42427  6256
             75.1002 32.0934 -47.502 146.121  -9.5616  5.06851 0.791509 0 0 0   -0.011 -0.02329  0.04412 -0.291267 -0.467558  0.189267 -0.00203735 -0.00181544 -0.00399656  0.0323106 -0.0703356  0.0321708 -1.87892 -1.96672 -9.42434  6294
             75.2004  32.7619 -46.1115  142.809 -9.59413  5.02668 0.811742 0 0 0   -0.011 -0.02329  0.04412 -0.361764 -0.427163  0.170805 -0.00208919 -0.00183599 -0.00401349  0.0320002 -0.0699347  0.0319652 -1.87918 -1.96666  -9.4243  6281
             75.3004  32.5086 -45.0781   140.17 -9.63291   4.9864 0.824696 0 0 0   -0.011 -0.02329  0.04412 -0.443214 -0.409369  0.129594 -0.00209705 -0.00184159 -0.00401155  0.0324225 -0.0695974   0.032054 -1.87923 -1.96631 -9.42436  6256
             75.4004  30.8135 -43.8215  139.633 -9.68448  4.95005 0.840331 0 0 0   -0.011 -0.02329  0.04412 -0.567052 -0.344769  0.151203 -0.00212582 -0.00187542 -0.00404097  0.0319644 -0.0692327  0.0320351 -1.87957  -1.9663  -9.4243  6256
             75.5004   29.194 -42.2163  140.492 -9.74393  4.91822 0.854576 0 0 0   -0.011 -0.02329  0.04412 -0.628771 -0.316573  0.153667 -0.00217451 -0.00191851 -0.00406083 0.0322172 -0.069111 0.0320715 -1.87953 -1.96614 -9.42434  6247
             75.6004  27.2212 -41.9052  141.802 -9.8035 4.89388 0.86647 0 0 0   -0.011 -0.02329  0.04412 -0.632376 -0.231906  0.194738  -0.0021741 -0.00189632 -0.00406418 0.0329387 -0.068314 0.0320581 -1.87953 -1.96547 -9.42448  6209
             75.7002  23.1752 -41.7482  149.607 -9.86736  4.88096 0.896656 0 0 0   -0.011 -0.02329  0.04412  -0.680796 -0.0702899   0.373631 -0.00225054 -0.00194254 -0.00413658  0.0326999 -0.0681164  0.0317483 -1.87955 -1.96545 -9.42448  6260
             75.8003  17.581 -37.968 161.159 -9.93459   4.8791 0.934795 0 0 0   -0.011 -0.02329  0.04412  -0.753469 -0.0409656   0.413453 -0.00226911 -0.00199264 -0.00416656  0.0336124 -0.0676775  0.0314863 -1.87919 -1.96492 -9.42466  6267
             75.9003  13.8388 -30.9184  170.596 -10.0104  4.87673 0.974642 0 0 0   -0.011 -0.02329  0.04412  -0.767821 -0.0687629   0.374702 -0.00232697 -0.00197423 -0.00413712  0.0335532 -0.0672571  0.0311712 -1.87925 -1.96474 -9.42469  6257
             76.0003  11.5761 -21.7494  177.808 -10.0869  4.86998  1.01725 0 0 0   -0.011 -0.02329  0.04412  -0.741617 -0.0977446   0.329073 -0.00242448 -0.00196824 -0.00410655  0.0328098 -0.0670897  0.0304517 -1.87943   -1.965 -9.42459  6189
             76.1003  10.1533 -14.0686 -176.975 -10.1549  4.86222   1.0383 0 0 0   -0.011 -0.02329  0.04412 -0.656078 -0.105233  0.190379 -0.00246286   -0.001924 -0.00407737  0.0335578 -0.0666362  0.0308534 -1.87942 -1.96441 -9.42472  6160
             76.2003  10.3149 -7.20161   -172.1  -10.22 4.84741 1.04444 0 0 0   -0.011 -0.02329  0.04412 -0.648445 -0.195831  0.103311 -0.00253024 -0.00189884 -0.00405384  0.0342736 -0.0665516  0.0320497 -1.87932 -1.96395 -9.42484  6147
             76.3004    10.8566 0.00477856   -168.374 -10.2832  4.82435  1.03827 0 0 0   -0.011 -0.02329  0.04412 -0.636321 -0.298801 0.0104929 -0.00260188 -0.00190189 -0.00402209  0.0354136 -0.0662805  0.0335048 -1.87909 -1.96311 -9.42506  6123
             76.4004  11.2906  5.88912 -165.577 -10.3442  4.78711  1.03992 0 0 0   -0.011 -0.02329  0.04412   -0.581205   -0.395803 0.000723444 -0.00266788 -0.00186804 -0.00397193  0.0350712 -0.0668522  0.0333907 -1.87887 -1.96353 -9.42501  6060
             76.5002  11.9301  10.4235 -163.725 -10.3976  4.74298  1.04185 0 0 0   -0.011 -0.02329  0.04412  -0.551027   -0.49053 0.00798463  -0.0027213 -0.00184265 -0.00395261  0.035696 -0.067349 0.0332997 -1.87835 -1.96333 -9.42516  6025
             76.6004   12.734  14.6557 -162.616 -10.4491  4.69097  1.06133 0 0 0   -0.011 -0.02329  0.04412 -0.53307  -0.5534 0.103016  -0.0027735 -0.00181706 -0.00393562  0.0358667 -0.0679356   0.031507 -1.87824  -1.9637  -9.4251  6035
             76.7002  13.3268  18.7213 -162.457 -10.4986  4.63898  1.08617 0 0 0   -0.011 -0.02329  0.04412 -0.517354  -0.54486  0.223993 -0.00281711 -0.00179734 -0.00388395  0.0368699 -0.0679763  0.0305344 -1.87816  -1.9633  -9.4252  6027
             76.8002  13.6491  22.0717 -162.688 -10.5501  4.58646  1.11008 0 0 0   -0.011 -0.02329  0.04412  -0.50148 -0.496783  0.225954 -0.00284017 -0.00175033 -0.00386944  0.0368334 -0.0678949  0.0304641 -1.87824 -1.96331 -9.42518  6065
             76.9002  13.6617  24.5409 -163.032 -10.5993  4.54181  1.12617 0 0 0   -0.011 -0.02329  0.04412 -0.448436 -0.388332  0.161478 -0.00284538 -0.00174488 -0.00387506  0.0364243 -0.0675066   0.030732 -1.87848 -1.96335 -9.42513  6021
             77.0002    13.63  25.6783 -163.857 -10.6429  4.50608  1.14057 0 0 0   -0.011 -0.02329  0.04412 -0.426897 -0.303257  0.170252 -0.00289184 -0.00169376 -0.00386482  0.0363421 -0.0677719  0.0309783 -1.87826 -1.96342 -9.42516  6024
             77.1003  13.5804  25.2897 -163.342 -10.6816  4.47647  1.16047 0 0 0   -0.011 -0.02329  0.04412  -0.33663 -0.259841  0.204768 -0.00285429 -0.00167773 -0.00386543  0.0362215 -0.0681294  0.0309389 -1.87809 -1.96363 -9.42515  5972
             77.2002  13.5815  21.0489 -160.655 -10.7107  4.44661  1.17787 0 0 0   -0.011 -0.02329  0.04412 -0.275026   -0.2697  0.164674 -0.00285794 -0.00164726 -0.00390564  0.0357675 -0.0687568  0.0313613 -1.87765 -1.96399 -9.42516  5979
             77.3003  13.2584  16.6555 -156.458 -10.7368  4.42189  1.18816 0 0 0   -0.011 -0.02329  0.04412  -0.31527 -0.254402 0.0936745 -0.00278354 -0.00169081 -0.00392906   0.036259 -0.0688741  0.0319102 -1.87726 -1.96362 -9.42532  5994
             77.4003  13.1248  13.0334 -151.627 -10.7716  4.39336  1.20062 0 0 0   -0.011 -0.02329  0.04412 -0.364138 -0.240761  0.112167 -0.00275196 -0.00173259 -0.00395441  0.0359542 -0.0694594  0.0316042  -1.8771 -1.96408 -9.42525  6025
             77.5003   12.931  10.0033 -147.719 -10.813 4.36537 1.20954 0 0 0   -0.011 -0.02329  0.04412 -0.419048 -0.226164  0.174322 -0.00272183 -0.00175727 -0.00393485  0.0349105 -0.0697466  0.0320361 -1.87697 -1.96466 -9.42516  5992
             77.6003  12.4728   7.2469 -145.164 -10.8552  4.34081  1.23094 0 0 0   -0.011 -0.02329  0.04412 -0.434388 -0.226759   0.26902 -0.00268021 -0.00181113 -0.00391745 0.0346926 -0.070215 0.0322231 -1.87665 -1.96488 -9.42517  5972
             77.7002 11.8391 5.17106 -143.54 -10.8993  4.31406  1.25572 0 0 0   -0.011 -0.02329  0.04412 -0.420833 -0.249247  0.266498 -0.00267262 -0.00183052 -0.00389542  0.0341675 -0.0705126  0.0326352 -1.87642 -1.96519 -9.42516  5996
             77.8003  11.2747  3.29276 -142.899 -10.9389  4.28311  1.27923 0 0 0   -0.011 -0.02329  0.04412 -0.345217 -0.273326  0.186442 -0.00264662 -0.00181072 -0.00387176  0.0333207 -0.0711384   0.032622 -1.87615 -1.96588 -9.42507  6022
             77.9003  11.1886  1.61004 -142.155 -10.9711  4.25351  1.29432 0 0 0   -0.011 -0.02329  0.04412 -0.305899 -0.301965  0.154262 -0.00267741  -0.0018172 -0.00387021  0.0332173 -0.0713253    0.03278 -1.87599 -1.96596 -9.42508  5964
             78.0003    11.4004 -0.0177396   -141.609 -10.9969  4.22024  1.30791 0 0 0   -0.011 -0.02329  0.04412  -0.21442 -0.302538   0.13438  -0.0026706 -0.00181957 -0.00387537 0.0329244 -0.071888 0.0330179 -1.87559 -1.96621 -9.42511  5995
             78.1003  11.9927  -3.4478 -142.105 -11.0156  4.18657   1.3201 0 0 0   -0.011 -0.02329  0.04412 -0.178169 -0.355877 0.0728183 -0.00267467 -0.00176717  -0.0038821  0.0326688 -0.0722403  0.0328207 -1.87543 -1.96649 -9.42508  5987
             78.2003  12.3214 -6.00246 -142.796 -11.0362  4.14543  1.31865 0 0 0   -0.011 -0.02329  0.04412  -0.207726   -0.44258 0.00114822  -0.0026325 -0.00177312 -0.00388673  0.0323328 -0.0720164  0.0334074  -1.8755 -1.96658 -9.42505  6010
             78.3004  12.8823  -8.4474 -143.301 -11.0546   4.1011  1.31413 0 0 0   -0.011 -0.02329  0.04412   -0.176185   -0.467192 -0.00953911 -0.00261563 -0.00178488   -0.003893  0.0328076 -0.0720209  0.0338177 -1.87535  -1.9662 -9.42516  6045
             78.4004  14.1613 -13.8455 -144.358 -11.067 4.05718 1.32183 0 0 0   -0.011 -0.02329  0.04412 -0.076471 -0.404289 0.0804744 -0.00260495 -0.00175475 -0.00392121  0.0328982 -0.0721992  0.0332639 -1.87532 -1.96624 -9.42516  5987
             78.5004  15.5314 -20.5737 -146.476 -11.0738  4.02003  1.34583 0 0 0   -0.011 -0.02329  0.04412 -0.0929773  -0.415066   0.214776 -0.00253434 -0.00172029 -0.00393438  0.033269 -0.072105 0.0320192 -1.87557 -1.96608 -9.42514  6064
             78.6003   16.197 -24.5317 -148.549 -11.0818  3.98245  1.38001 0 0 0   -0.011 -0.02329  0.04412 -0.112239 -0.382176  0.225321 -0.00244015 -0.00172595 -0.00397013  0.0336154 -0.0725587  0.0306161 -1.87543   -1.966 -9.42518  6002
             78.7003  16.5746 -28.4682 -149.854 -11.0916  3.94723  1.39577 0 0 0   -0.011 -0.02329  0.04412 -0.103935 -0.328871  0.166397 -0.00241044 -0.00175076 -0.00400958 0.0339672 -0.072676  0.030973 -1.87525 -1.96578 -9.42527  6086
             78.8003   16.382 -31.9012 -150.024 -11.1048  3.91751  1.40739 0 0 0   -0.011 -0.02329  0.04412 -0.136591 -0.266444 0.0928067 -0.00235376  -0.0017651 -0.00402668  0.0340113 -0.0722023  0.0313698 -1.87552 -1.96568 -9.42523  6052
             78.9001  16.9688 -36.1382  -149.95 -11.1214  3.88987  1.40654 0 0 0   -0.011 -0.02329  0.04412   -0.192012   -0.274959 -0.00179815 -0.00235286 -0.00176335 -0.00405314  0.0340459 -0.0721366  0.0320921  -1.8755 -1.96569 -9.42523  6138
             79.0001  16.5339 -39.0171 -150.781 -11.1463  3.86221  1.40683 0 0 0   -0.011 -0.02329  0.04412 -0.270333 -0.284952 0.0233347  -0.0022777 -0.00178281 -0.00404605 0.0340653 -0.071624 0.0321894 -1.87585 -1.96561 -9.42518  6141
             79.1003  14.2785 -41.3958 -150.087 -11.1756  3.83477  1.40853 0 0 0   -0.011 -0.02329  0.04412  -0.314297  -0.238942 0.00948829 -0.00222429 -0.00183999 -0.00407283  0.0339267 -0.0717147  0.0322064 -1.87581 -1.96571 -9.42517  6189
             79.2003  12.6891 -44.4303 -148.894 -11.2093  3.81109    1.412 0 0 0   -0.011 -0.02329  0.04412 -0.326339 -0.204721 0.0979049 -0.00222648  -0.0018626 -0.00409843  0.0336607 -0.0716722  0.0324932 -1.87588 -1.96593 -9.42511  6131
             79.3003  11.6079 -46.8528  -148.24 -11.2408  3.79093    1.425 0 0 0   -0.011 -0.02329  0.04412 -0.288726 -0.197241   0.16559   -0.002221 -0.00189222 -0.00408356   0.033759 -0.0715385   0.032689 -1.87597 -1.96588  -9.4251  6187
             79.4003  10.5071 -49.0607 -147.605 -11.2696  3.77256  1.44029 0 0 0   -0.011 -0.02329  0.04412 -0.250091 -0.195334  0.086229 -0.00218807 -0.00192769 -0.00410592  0.0335513 -0.0710341  0.0325162 -1.87634  -1.9659 -9.42502  6130
             79.5002  9.26335 -51.3342 -146.143 -11.291 3.75656 1.44486 0 0 0   -0.011 -0.02329  0.04412  -0.17798  -0.18992 0.0229123 -0.00217156 -0.00192725 -0.00410422 0.0339499 -0.070663 0.0322875 -1.87653 -1.96554 -9.42506  6122
             79.6001   8.8882 -53.5528 -145.739 -11.3033  3.74094  1.44441 0 0 0   -0.011 -0.02329  0.04412 -0.0660866  -0.186604 0.00135965 -0.00215654 -0.00192025 -0.00409243  0.0345086 -0.0702363  0.0322409 -1.87674 -1.96512 -9.42511  6182
             79.7001  9.66536 -55.8238 -147.764 -11.3069  3.72188  1.44352 0 0 0   -0.011 -0.02329  0.04412  0.0179497  -0.227224 -0.0215417 -0.00212977  -0.0019222 -0.00409278  0.0346127 -0.0697294  0.0322585 -1.87709 -1.96498 -9.42507  6164
             79.8002  12.1961 -57.7917 -152.788 -11.2986  3.69961  1.43803 0 0 0   -0.011 -0.02329  0.04412   0.111642  -0.263944 -0.0439511 -0.00210539  -0.0019304  -0.0040648   0.035229 -0.0698358  0.0321381 -1.87693 -1.96458 -9.42518  6200
             79.9004  15.0983  -59.367 -158.725 -11.2815  3.67624  1.43297 0 0 0   -0.011 -0.02329  0.04412   0.214225  -0.266667 -0.0555797 -0.00205759 -0.00195928 -0.00407438  0.0356332 -0.0695857  0.0318357 -1.87701 -1.96422 -9.42524  6188
             80.0003   18.252 -61.1097 -164.664 -11.2559  3.65595  1.42162 0 0 0   -0.011 -0.02329  0.04412   0.261111  -0.255225 -0.0877817 -0.00203652  -0.0019648 -0.00407851  0.0368159 -0.0689627  0.0318062 -1.87729  -1.9634 -9.42535  6207
             80.1003  22.9332 -61.7125 -171.706 -11.2272  3.63305  1.41026 0 0 0   -0.011 -0.02329  0.04412   0.273256  -0.269689 -0.0844174 -0.00201154 -0.00200452 -0.00405859  0.0374801 -0.0688366  0.0317021 -1.87728 -1.96296 -9.42545  6251
             80.2002  26.8925 -61.5723 -178.431   -11.2 3.60821 1.40935 0 0 0   -0.011 -0.02329  0.04412   0.274215  -0.272666 -0.0231778 -0.00198752 -0.00200562 -0.00406194  0.0369191 -0.0684909  0.0312002 -1.87747 -1.96305 -9.42539  6193
                80.3 28.8609 -61.323 176.987 -11.1749  3.58781  1.40865 0 0 0   -0.011 -0.02329  0.04412   0.217221  -0.209369 -0.0207267 -0.00197254 -0.00201872 -0.00408185  0.0368157 -0.0678648  0.0308302  -1.8778 -1.96284 -9.42537  6285
             80.4002  29.7275 -61.1264    175.1 -11.156 3.57159 1.40888 0 0 0   -0.011 -0.02329  0.04412    0.177253   -0.159389 -0.00690039 -0.00200236 -0.00202551 -0.00408799  0.0365823 -0.0675209  0.0306418   -1.878  -1.9628 -9.42534  6321
             80.5003  30.0863 -60.8929  174.009 -11.1401  3.55566  1.40805 0 0 0   -0.011 -0.02329  0.04412    0.145819   -0.150224 -0.00829148 -0.00201237 -0.00206399 -0.00411752  0.0365709 -0.0674807  0.0307144 -1.87805 -1.96282 -9.42533  6280
             80.6004  28.9088 -60.6922  175.004 -11.1287  3.54393   1.4103 0 0 0   -0.011 -0.02329  0.04412  0.113195 -0.122187 0.0240639 -0.00200449 -0.00207039 -0.00414427  0.0363181 -0.0669648  0.0306629 -1.87839 -1.96276 -9.42527  6313
             80.7003  24.7066   -60.84 -179.309 -11.1192  3.53535  1.41094 0 0 0   -0.011 -0.02329  0.04412 0.0873059 -0.054391 0.0129545 -0.00205437  -0.0021009 -0.00422038  0.0365214 -0.0666844  0.0308169 -1.87856 -1.96261 -9.42527  6306
             80.8003  17.6983 -61.1237 -167.955 -11.1104  3.53786  1.41349 0 0 0   -0.011 -0.02329  0.04412 0.0724844 0.0256595 0.0137261 -0.00210518 -0.00208392 -0.00425003  0.0364471 -0.0662977  0.0304813 -1.87869 -1.96243 -9.42528  6315
             80.9003  11.1035 -61.1489 -156.567 -11.1082  3.53923  1.41114 0 0 0   -0.011 -0.02329  0.04412   0.0255862   0.0373553 -0.00590294 -0.00212311 -0.00206152 -0.00426015   0.036638 -0.0660486  0.0310845   -1.879 -1.96242 -9.42522  6304
             81.0003  5.01491 -60.6473 -145.471 -11.1099  3.54825  1.41115 0 0 0   -0.011 -0.02329  0.04412  -0.045997   0.104702 0.00763396 -0.00213162 -0.00204594 -0.00427464 0.0366759 -0.065506 0.0310853 -1.87932 -1.96225 -9.42519  6293
             81.1002 -0.768663  -59.7244  -133.145 -11.1133  3.56806  1.41138 0 0 0   -0.011 -0.02329  0.04412  -0.105575   0.177371 0.00974313 -0.00214313 -0.00200337 -0.00427778  0.0371046 -0.0652491  0.0304553 -1.87923  -1.9618  -9.4253  6289
             81.2002 -5.78303 -58.5103  -120.35 -11.1273  3.58654  1.41471 0 0 0   -0.011 -0.02329  0.04412 -0.182707  0.186899 0.0229052 -0.00215075 -0.00192021 -0.00427682  0.0368455 -0.0653638  0.0302756 -1.87914 -1.96191  -9.4253  6275
             81.3003 -9.19448 -57.3356 -109.183 -11.1509  3.60934  1.41728 0 0 0   -0.011 -0.02329  0.04412 -0.278247  0.214361 0.0315767 -0.00213185 -0.00184678 -0.00428501  0.0370009 -0.0647689  0.0301427 -1.87951 -1.96172 -9.42526  6218
             81.4002 -12.6055 -55.8883 -97.8809 -11.178 3.64203 1.42262 0 0 0   -0.011 -0.02329  0.04412 -0.317362  0.226346  0.036116 -0.00207381 -0.00179923 -0.00428161  0.0376558 -0.0642621  0.0289418 -1.87966 -1.96094  -9.4254  6163
             81.5002 -16.2583 -54.4032  -87.754 -11.2072  3.66756  1.42447 0 0 0   -0.011 -0.02329  0.04412 -0.293323  0.179551 0.0706525   -0.002041  -0.0017574 -0.00427116   0.038656 -0.0640983  0.0287197 -1.87977 -1.96027 -9.42551  6097
             81.6002 -17.9592 -52.5668 -81.1468 -11.235 3.68618 1.42881 0 0 0   -0.011 -0.02329  0.04412 -0.257397  0.142399 0.0413658 -0.00198417 -0.00175916 -0.00424166  0.0393053 -0.0639122  0.0286365 -1.87994 -1.95986 -9.42556  6023
             81.7003 -19.0878 -51.5045 -76.4113 -11.2581  3.69924  1.42875 0 0 0   -0.011 -0.02329  0.04412 -0.201402  0.102848 0.0205512 -0.00196339 -0.00173088 -0.00421428  0.0398011 -0.0639549   0.028845 -1.87996 -1.95962 -9.42561  5998
             81.8002  -19.688 -50.6818 -73.4183 -11.2789  3.71038  1.42923 0 0 0   -0.011 -0.02329  0.04412  -0.18076 0.0786525 0.0271143 -0.00192863 -0.00174361  -0.0041928  0.0404448 -0.0634751  0.0288001 -1.88039 -1.95931 -9.42559  6011
             81.9002 -19.2412 -49.8108 -71.8472 -11.2983  3.71667  1.43545 0 0 0   -0.011 -0.02329  0.04412 -0.150563  0.047079 0.0480308 -0.00191011 -0.00174129  -0.0041719 0.0402881 -0.062783 0.0285804 -1.88085 -1.95948 -9.42546  5959
             82.0003 -18.2256 -48.6636 -72.1227 -11.3114  3.71986  1.44201 0 0 0   -0.011 -0.02329  0.04412 -0.0837557  0.0160111  0.0626261 -0.00190292 -0.00173367  -0.0041345  0.0403201 -0.0624157  0.0284413 -1.88112  -1.9595  -9.4254  6045
             82.1003 -16.8484 -47.2408 -73.6419 -11.3205  3.71923  1.44803 0 0 0   -0.011 -0.02329  0.04412 -0.0604608 -0.0263923  0.0898188 -0.00189804 -0.00172235 -0.00410746  0.0404765 -0.0619809  0.0285901 -1.88142 -1.95955 -9.42533  5975
             82.2002  -14.469 -43.4981 -76.5309 -11.3259  3.71293  1.46289 0 0 0   -0.011 -0.02329  0.04412 -0.0243774  -0.122764   0.189018  -0.0019292 -0.00174344 -0.00410031  0.0405361 -0.0616511  0.0283767 -1.88168 -1.95954 -9.42528  6011
             82.3002  -12.044  -36.194 -79.7156 -11.3304  3.69848  1.48733 0 0 0   -0.011 -0.02329  0.04412 -0.0390309  -0.162517   0.216784 -0.00196014 -0.00176567 -0.00407351  0.0404123 -0.0611059   0.027936 -1.88206 -1.95964 -9.42519  6013
             82.4001 -10.2045 -29.1891 -80.4068 -11.337 3.68267 1.50614 0 0 0   -0.011 -0.02329  0.04412 -0.0524363   -0.10474  0.0970421 -0.00203667 -0.00173649 -0.00409158  0.0400648 -0.0605226  0.0277967 -1.88238 -1.95996 -9.42506  6114
             82.5003 -9.61265 -25.7111  -79.085 -11.3453  3.67401  1.51672 0 0 0   -0.011 -0.02329  0.04412 -0.0465078 -0.0468232  0.0514257 -0.00208618 -0.00168181   -0.004105 0.0396728 -0.059597  0.027468 -1.88293 -1.96036 -9.42486  6074
             82.6003 -9.40522 -23.4483 -78.1093 -11.3513  3.67209  1.51955 0 0 0   -0.011 -0.02329  0.04412 -0.0398068 -0.0265725  0.0276904 -0.00208824 -0.00170389 -0.00409077  0.0401562 -0.0592347  0.0274496 -1.88327 -1.96013 -9.42484  6088
             82.7001 -8.56772 -22.2459 -79.2996 -11.3563  3.67071  1.52096 0 0 0   -0.011 -0.02329  0.04412  -0.0459635 -0.00856704   0.0145768 -0.00210682  -0.0016564  -0.0040392  0.0403612 -0.0591065  0.0275082  -1.8834 -1.96004 -9.42484  6119
             82.8002 -6.66688 -22.4371 -84.3874 -11.3594  3.67062  1.51978 0 0 0   -0.011 -0.02329  0.04412  -0.0385978 0.000395919  0.00289825 -0.00209459 -0.00164323 -0.00395582  0.0404918 -0.0594193  0.0277556  -1.8832  -1.9599 -9.42491  6112
             82.9003 -3.78277 -23.6995 -92.6386 -11.3615  3.66982   1.5183 0 0 0   -0.011 -0.02329  0.04412 -0.0285465 0.00865128 -0.0152197 -0.00212349 -0.00158739 -0.00389796  0.0401743 -0.0597304  0.0279374  -1.8829 -1.96004 -9.42494  6049
             83.0002 -0.974099  -25.0902  -101.493 -11.3653  3.66985  1.52023 0 0 0   -0.011 -0.02329  0.04412  -0.0299349  0.00758239 -0.00420424 -0.00211887 -0.00155429 -0.00390786  0.0399006 -0.0594703  0.0275935 -1.88305 -1.96026 -9.42486  6132
             83.1003  2.14352  -27.286 -111.301 -11.3697   3.6677  1.51459 0 0 0   -0.011 -0.02329  0.04412 -0.0295355  0.0103917 -0.0448766 -0.00213116  -0.0015073  -0.0039068  0.0396558 -0.0591715  0.0281265 -1.88313 -1.96049  -9.4248  6058
             83.2001  5.63479  -30.116 -121.051 -11.3708  3.67049  1.51276 0 0 0   -0.011 -0.02329  0.04412 -0.0210995  0.0230505 -0.0358901 -0.00213665 -0.00148551 -0.00395412  0.0396601 -0.0594139  0.0277492 -1.88302 -1.96045 -9.42483  6070
             83.3002  9.17613 -32.2921 -129.495  -11.37 3.67744 1.51134 0 0 0   -0.011 -0.02329  0.04412 -0.0214699  0.0414284 -0.0210661 -0.00212631 -0.00149325 -0.00400835  0.0402015 -0.0599172  0.0273562 -1.88278 -1.96004 -9.42496  6048
             83.4001 12.3933 -33.156 -135.92 -11.374 3.68137 1.51037 0 0 0   -0.011 -0.02329  0.04412  -0.0441063   0.0255448 0.000656803  -0.0021474 -0.00152367 -0.00405676  0.0402484 -0.0597636  0.0273229 -1.88289 -1.96001 -9.42494  6030
             83.5001  14.1129 -33.0537 -140.347 -11.3811   3.6832  1.51493 0 0 0   -0.011 -0.02329  0.04412 -0.0558297 0.00264802  0.0223398 -0.00211145 -0.00151898  -0.0040888  0.0399678 -0.0593374  0.0268767 -1.88321 -1.96014 -9.42485  6054
             83.6001  13.7141 -32.3451 -142.346 -11.3878  3.68107  1.51795 0 0 0   -0.011 -0.02329  0.04412 -0.0730947 -0.0331107  0.0433623 -0.00209893 -0.00153132 -0.00411755  0.0398631 -0.0592421  0.0269667 -1.88328 -1.96021 -9.42483  6046
             83.7002  12.9336 -30.4848 -143.905 -11.3995  3.67376  1.52707 0 0 0   -0.011 -0.02329  0.04412  -0.117234 -0.0856262  0.0785059 -0.00211917 -0.00153353 -0.00409721   0.039277 -0.0590097  0.0267237 -1.88351 -1.96052 -9.42471  6051
             83.8001  11.1876 -28.1498 -144.928 -11.4136  3.66258  1.53797 0 0 0   -0.011 -0.02329  0.04412  -0.13303 -0.122721 0.0930133 -0.00212417 -0.00153998 -0.00409982 0.0388305 -0.058746 0.0264626 -1.88375 -1.96073 -9.42462  6040
             83.9001  9.93164 -24.4285 -145.822 -11.4325  3.64831  1.54995 0 0 0   -0.011 -0.02329  0.04412 -0.217789 -0.152332  0.132085  -0.0021567 -0.00156527 -0.00408461  0.0385339 -0.0584778  0.0264306 -1.88397 -1.96085 -9.42455  6103
             84.0001  10.2965 -18.7833 -147.208 -11.4615  3.63042  1.55685 0 0 0   -0.011 -0.02329  0.04412 -0.285067 -0.152184  0.110296 -0.00219578 -0.00159985 -0.00407218  0.0383407 -0.0580896   0.027387  -1.8842 -1.96095 -9.42449  6090
             84.1003  11.0646  -14.025 -147.875 -11.4858  3.61403  1.55359 0 0 0   -0.011 -0.02329  0.04412 -0.217514 -0.144127  0.018069 -0.00231675 -0.00161449 -0.00407726  0.0390781 -0.0584108  0.0286645  -1.8838 -1.96064 -9.42463  6095
             84.2002  11.1526  -11.735 -148.085 -11.5057  3.59957  1.54614 0 0 0   -0.011 -0.02329  0.04412  -0.185676  -0.157491 -0.0138211   -0.002328 -0.00155676 -0.00408383  0.039514 -0.058247  0.029549 -1.88374 -1.96037  -9.4247  6089
             84.3002  10.8295 -8.77991 -147.997 -11.5209  3.58367  1.54375 0 0 0   -0.011 -0.02329  0.04412   -0.174391   -0.192964 -0.00860937 -0.00236065 -0.00158458 -0.00408234  0.0400485 -0.0585034  0.0296367 -1.88347 -1.96012 -9.42481  6088
             84.4001  9.89052 -5.76386 -146.349 -11.5331  3.56325  1.54461 0 0 0   -0.011 -0.02329  0.04412  -0.108545  -0.241393 -0.0209897 -0.00236883 -0.00159993 -0.00411723  0.0403076 -0.0588587  0.0293432 -1.88324 -1.96007 -9.42486  6037
             84.5002   7.5133 -2.91676 -143.141 -11.5402  3.53475  1.54671 0 0 0   -0.011 -0.02329  0.04412 -0.0522389  -0.296535 -0.0148141 -0.00236457 -0.00160732 -0.00415523 0.0401689 -0.059216 0.0289173 -1.88312 -1.96027 -9.42484  6071
             84.6001    4.86421 -0.0744508   -139.533 -11.544 3.50681 1.55418 0 0 0   -0.011 -0.02329  0.04412 -0.0122519  -0.311396 0.00840842 -0.00233469 -0.00163048 -0.00414786  0.0402299 -0.0589737  0.0279482 -1.88339 -1.96027 -9.42479  6154
             84.7002  2.96587  2.24328 -135.373 -11.5409  3.47503  1.56026 0 0 0   -0.011 -0.02329  0.04412 0.0538051 -0.332954  0.018024 -0.00236997 -0.00163875 -0.00415005  0.0403481 -0.0592381  0.0274069  -1.8833 -1.96034 -9.42479  6161
             84.8002  1.11011  3.58574 -130.333 -11.5282  3.44373  1.56451 0 0 0   -0.011 -0.02329  0.04412  0.145187   -0.3477 0.0216602 -0.00236429 -0.00166955 -0.00414559  0.0409069 -0.0594396  0.0271678 -1.88313 -1.96009 -9.42488  6216
             84.9002 -0.721709   4.53397  -124.786 -11.5094   3.4089  1.57162 0 0 0   -0.011 -0.02329  0.04412   0.20977 -0.372048 0.0370991 -0.00234974 -0.00171841  -0.0041427  0.0411314 -0.0595277  0.0266798 -1.88313 -1.96007 -9.42488  6219
             85.0001 -1.99156  4.96949 -119.628 -11.4879  3.37051   1.5826 0 0 0   -0.011 -0.02329  0.04412  0.249627 -0.398166 0.0795899 -0.00237158 -0.00171028 -0.00411812  0.0410616 -0.0593443   0.026041 -1.88335 -1.96022 -9.42481  6235
             85.1001 -3.45611  5.21043 -114.836 -11.4599  3.32989  1.58929 0 0 0   -0.011 -0.02329  0.04412  0.294347 -0.408528 0.0876754 -0.00235918 -0.00173296 -0.00408498  0.0410784 -0.0595076  0.0262105 -1.88322 -1.96018 -9.42484  6283
                85.2 -4.87318  5.61541 -110.375 -11.4289  3.28533  1.59538 0 0 0   -0.011 -0.02329  0.04412  0.304989 -0.404014  0.106212 -0.00237424 -0.00173597  -0.0040637 0.0405908 -0.059943 0.0265664 -1.88291 -1.96041 -9.42486  6316
             85.3002 -5.74112  6.51158 -106.036 -11.3981  3.24346  1.60618 0 0 0   -0.011 -0.02329  0.04412  0.294341 -0.371729  0.122182 -0.00235931 -0.00180166 -0.00405935  0.0401735 -0.0602892  0.0266463 -1.88267 -1.96065 -9.42486  6339
             85.4001 -6.37713  7.51202 -101.476 -11.3706  3.20575  1.61096 0 0 0   -0.011 -0.02329  0.04412  0.269129 -0.326476 0.0371164 -0.00235074 -0.00180454 -0.00405167  0.0396707 -0.0603315  0.0270095 -1.88257 -1.96085 -9.42483  6352
             85.5001 -7.71438  8.92541 -96.8064 -11.3437   3.1715  1.60648 0 0 0   -0.011 -0.02329  0.04412    0.263383   -0.311342 -0.00068774 -0.00233581 -0.00182623 -0.00402842  0.0392115 -0.0605354  0.0275555 -1.88234 -1.96098 -9.42485  6341
             85.6001  -8.9022  10.7271 -92.2715 -11.318 3.14224 1.60647 0 0 0   -0.011 -0.02329  0.04412   0.21216 -0.261457 0.0191043 -0.00233631 -0.00187274 -0.00402873  0.0391251 -0.0608706  0.0277432 -1.88211 -1.96095  -9.4249  6348
             85.7001 -8.83684  11.2017 -88.2534 -11.2997   3.1122  1.60234 0 0 0   -0.011 -0.02329  0.04412   0.161423  -0.293551 -0.0199275 -0.00236499 -0.00186686 -0.00399986  0.0385435 -0.0609018  0.0281421 -1.88196 -1.96119 -9.42488  6369
                85.8 -8.68755  11.9231 -85.2874 -11.2826   3.0794  1.59978 0 0 0   -0.011 -0.02329  0.04412    0.13343  -0.349309 -0.0157675 -0.00235825 -0.00187622 -0.00396065  0.0383811 -0.0613617  0.0281746 -1.88164  -1.9612 -9.42495  6416
             85.9002 -8.08198  12.3668 -82.7354 -11.2683  3.04147  1.59968 0 0 0   -0.011 -0.02329  0.04412   0.0912214   -0.405399 -0.00933869 -0.00238016 -0.00187042 -0.00395219 0.0381248 -0.061982 0.0279418 -1.88122 -1.96129 -9.42501  6382
             86.0002 -7.32204  12.9552 -80.7413 -11.2588  2.99925  1.60675 0 0 0   -0.011 -0.02329  0.04412 0.0710201 -0.469589 0.0392357 -0.00235879 -0.00189248  -0.0039417 0.0384127 -0.062259 0.0272395 -1.88115 -1.96124 -9.42504  6385
             86.1002 -6.85207  13.1921 -79.2839 -11.2517  2.94933  1.61416 0 0 0   -0.011 -0.02329  0.04412 0.0708499 -0.491814  0.122024 -0.00235252 -0.00188171 -0.00392752 0.0381548 -0.062154 0.0271913 -1.88114 -1.96142   -9.425  6401
             86.2001 -6.21756  12.0703 -78.1607 -11.2404  2.90472  1.63087 0 0 0   -0.011 -0.02329  0.04412 0.104748 -0.46666 0.202233 -0.00236784 -0.00186919 -0.00390551  0.0386363 -0.0628547  0.0272447 -1.88087 -1.96098 -9.42515  6409
             86.3001 -5.78948  11.0515 -77.0068 -11.2292  2.85697  1.64731 0 0 0   -0.011 -0.02329  0.04412  0.125162 -0.441325  0.201536 -0.00234447 -0.00188211 -0.00392528   0.038221 -0.0628197  0.0277265 -1.88075 -1.96109 -9.42515  6389
             86.4001 -5.38817  10.0664 -76.5741 -11.216 2.81595 1.66272 0 0 0   -0.011 -0.02329  0.04412  0.110825 -0.398065  0.134636 -0.00233001 -0.00189538  -0.0039244  0.0382605 -0.0630871  0.0279205  -1.8806 -1.96095  -9.4252  6400
             86.5001 -4.11981  8.74344 -77.1881 -11.2041  2.77784  1.67207 0 0 0   -0.011 -0.02329  0.04412  0.129264 -0.345839 0.0985337 -0.00234522 -0.00186757  -0.0039082  0.0381429 -0.0631844  0.0281304  -1.8805 -1.96094 -9.42523  6391
                86.6 -3.15367  6.12172 -77.3611 -11.1877   2.7405  1.67495 0 0 0   -0.011 -0.02329  0.04412  0.183509 -0.287478 0.0444946 -0.00232707 -0.00181857 -0.00391959  0.0372078 -0.0631889  0.0285537 -1.88019 -1.96134 -9.42521  6420
             86.7001 -2.94195 -0.34757 -75.3782 -11.1681  2.71966  1.68102 0 0 0   -0.011 -0.02329  0.04412   0.201726  -0.198671 -0.0183164 -0.00226005 -0.00176439 -0.00398256 0.0373405 -0.063297 0.0280125  -1.8802 -1.96137  -9.4252  6421
                86.8 -3.56623  -5.0492 -73.7278 -11.1431  2.69301  1.66959 0 0 0   -0.011 -0.02329  0.04412    0.26298  -0.273871 -0.0993094 -0.00219487 -0.00179536 -0.00401111  0.0367326 -0.0635644  0.0285937 -1.87982 -1.96151 -9.42524  6419
             86.9001 -3.96653 -8.77592 -73.6401 -11.1099  2.66517  1.65236 0 0 0   -0.011 -0.02329  0.04412  0.327799 -0.305959 -0.130997 -0.00216892 -0.00183115 -0.00398971  0.0365082 -0.0645451   0.029192 -1.87916 -1.96126 -9.42543  6376
                  87 -3.72723 -12.2054  -75.411 -11.0729   2.6343  1.63779 0 0 0   -0.011 -0.02329  0.04412   0.402237  -0.328524 -0.0671316 -0.00215481 -0.00184391  -0.0039486  0.0366106 -0.0647303  0.0296495 -1.87904 -1.96107 -9.42549  6427
             87.1002 -3.31579 -15.0653 -77.3762 -11.0295  2.60042   1.6382 0 0 0   -0.011 -0.02329  0.04412   0.45106 -0.329138 0.0334385 -0.00213763 -0.00185799 -0.00395315  0.0364084 -0.0647787  0.0294104 -1.87898 -1.96121 -9.42547  6418
             87.2002 -3.59755 -17.5167 -78.3632 -10.984 2.56747 1.64221 0 0 0   -0.011 -0.02329  0.04412  0.429602 -0.321359 0.0134326 -0.00209631 -0.00187019 -0.00398994  0.0362651 -0.0648979  0.0294549 -1.87887 -1.96125 -9.42549  6399
             87.3001 -3.95098 -20.7858 -78.2266 -10.9482   2.5342  1.64292 0 0 0   -0.011 -0.02329  0.04412   0.324677  -0.297383 -0.0568889 -0.00208196 -0.00186172 -0.00402852  0.0359162 -0.0643484  0.0290352 -1.87913 -1.96163 -9.42536  6364
             87.4001 -4.40689 -23.2419 -78.3881 -10.9149  2.50376  1.64584 0 0 0   -0.011 -0.02329  0.04412  0.311636 -0.320321 0.0192642 -0.00208051 -0.00185132 -0.00402446  0.0356583 -0.0645388  0.0285017 -1.87903 -1.96176 -9.42535  6379
             87.5001 -4.31494 -24.5489  -79.906 -10.8872   2.4694  1.65155 0 0 0   -0.011 -0.02329  0.04412   0.262216  -0.337561 0.00782833  -0.0020564 -0.00188491 -0.00402482   0.035293 -0.0642341  0.0280579 -1.87917 -1.96205 -9.42526  6383
             87.6001 -3.68656  -26.304 -82.4683 -10.8646  2.43375  1.65788 0 0 0   -0.011 -0.02329  0.04412   0.208993  -0.362322 0.00795415 -0.00204272 -0.00186973 -0.00402685   0.034982 -0.0638745   0.027369 -1.87939 -1.96231 -9.42516  6387
             87.7001 -3.25328 -28.0209 -85.7072 -10.8472  2.39847   1.6598 0 0 0   -0.011 -0.02329  0.04412  0.156916  -0.37542 0.0155862 -0.00201142  -0.0018805 -0.00402152  0.0352243 -0.0636718  0.0271886 -1.87959 -1.96221 -9.42514  6375
             87.8001 -2.50988 -30.0321 -90.5818 -10.8354  2.36056  1.66507 0 0 0   -0.011 -0.02329  0.04412  0.097804 -0.384022 0.0297699  -0.0019914 -0.00188211 -0.00401307   0.035185 -0.0634195  0.0267782 -1.87978 -1.96227 -9.42509  6372
                87.9 -0.0928618   -33.3244   -97.2822 -10.8261  2.32347  1.66675 0 0 0   -0.011 -0.02329  0.04412 0.0856464 -0.373556 0.0952473 -0.00200433 -0.00185815 -0.00399117  0.0354719 -0.0636282  0.0272078 -1.87966 -1.96209 -9.42516  6364
                  88  4.35978 -36.1191 -106.702 -10.8173  2.28556  1.67842 0 0 0   -0.011 -0.02329  0.04412  0.114919 -0.378897  0.156926 -0.00197908 -0.00184545 -0.00396583  0.0355467 -0.0634232  0.0274866 -1.87975 -1.96211 -9.42513  6350
                88.1  10.1292 -37.3598 -119.466 -10.8032  2.24716  1.68979 0 0 0   -0.011 -0.02329  0.04412  0.152757 -0.380732 0.0798276 -0.00196379 -0.00184514  -0.0039266  0.0356328 -0.0635651  0.0276529 -1.87966 -1.96206 -9.42516  6379
                88.2  16.4129 -37.6626 -133.021 -10.7836  2.21176  1.69347 0 0 0   -0.011 -0.02329  0.04412  0.201223 -0.350708 0.0466442 -0.00195195 -0.00185382 -0.00394563  0.0359569 -0.0640054  0.0277298 -1.87942 -1.96185 -9.42525  6400
             88.3002  20.5212 -36.7715 -144.194 -10.7633  2.17673  1.70462 0 0 0   -0.011 -0.02329  0.04412  0.225563 -0.323229 0.0938026 -0.00192591  -0.0018523  -0.0040059  0.0354953 -0.0638696  0.0273694 -1.87953 -1.96206 -9.42519  6374
             88.4002  23.8386 -35.2675  -154.41 -10.742 2.14432  1.7162 0 0 0   -0.011 -0.02329  0.04412  0.234903 -0.294588 0.0615424 -0.00193128 -0.00186002  -0.0040181   0.034992 -0.0637002   0.027127 -1.87969 -1.96229 -9.42511  6363
             88.5001  27.4487  -33.616 -164.148 -10.7237  2.11139  1.72307 0 0 0   -0.011 -0.02329  0.04412  0.224191 -0.266249 0.0289278 -0.00195766 -0.00181894 -0.00403673  0.0340237 -0.0633376  0.0273225 -1.88002 -1.96276 -9.42494  6400
             88.6001  30.0742 -31.5799 -172.103 -10.7009  2.09055  1.72171 0 0 0   -0.011 -0.02329  0.04412  0.247648 -0.204953 0.0123728 -0.00192249 -0.00185004 -0.00408624  0.0343942 -0.0628392  0.0275227 -1.88018 -1.96249 -9.42497  6387
             88.7001   31.886 -29.4989 -177.758 -10.6762  2.07011  1.72205 0 0 0   -0.011 -0.02329  0.04412  0.278494 -0.166512 0.0183661 -0.00198259  -0.0018623 -0.00412279   0.034209 -0.0628019  0.0278946 -1.88026 -1.96262 -9.42493  6372
                88.8  33.1682 -27.7037  178.359 -10.6476  2.05818  1.71946 0 0 0   -0.011 -0.02329  0.04412   0.302062  -0.144191 -0.0139419 -0.00199563 -0.00187251 -0.00411101  0.0344723 -0.0622091  0.0280285  -1.8804 -1.96234 -9.42496  6384
                88.9   33.329 -26.9969  176.686 -10.6166  2.04373  1.71564 0 0 0   -0.011 -0.02329  0.04412   0.307265  -0.167042 -0.0451581 -0.00200998 -0.00187418 -0.00413641   0.034566 -0.0620722  0.0280115  -1.8804 -1.96225 -9.42497  6391
                  89  32.0982 -27.0441  177.174 -10.5869  2.02829  1.71393 0 0 0   -0.011 -0.02329  0.04412   0.277697  -0.152168 -0.0264746 -0.00200867 -0.00187493 -0.00416638  0.0344586 -0.0620802  0.0277047 -1.88042 -1.96223 -9.42497  6390
                89.1  31.2266 -26.8611  177.993 -10.5594  2.01704  1.71031 0 0 0   -0.011 -0.02329  0.04412   0.255358  -0.110732 -0.0462249 -0.00201828 -0.00189025 -0.00417319  0.0346088 -0.0618825  0.0275465 -1.88039 -1.96209 -9.42501  6381
                89.2  30.8393 -27.0472  178.585 -10.5363  2.00696  1.70367 0 0 0   -0.011 -0.02329  0.04412   0.221257  -0.104665 -0.0398402 -0.00204036 -0.00187936 -0.00416188  0.0345577 -0.0616277  0.0277982  -1.8805 -1.96203   -9.425  6417
             89.3002  29.7099 -27.3781 -179.776 -10.5145  1.99822  1.69972 0 0 0   -0.011 -0.02329  0.04412   0.192657  -0.115137 -0.0225271 -0.00203243 -0.00190621 -0.00418321  0.0347522 -0.0613827  0.0276863 -1.88045 -1.96188 -9.42504  6411
             89.4001  26.7238 -28.8393 -174.525 -10.4945  1.98916  1.69531 0 0 0   -0.011 -0.02329  0.04412   0.184086  -0.102165 -0.0257386 -0.00200805 -0.00191423 -0.00425158  0.0350382 -0.0610576  0.0276789 -1.88039  -1.9617 -9.42509  6391
             89.5001  18.8571 -31.3952 -158.852 -10.4775  1.98138  1.69968 0 0 0   -0.011 -0.02329  0.04412   0.149717 -0.0848828 0.00881667 -0.00202935 -0.00196825 -0.00444997  0.0347564 -0.0611429   0.026974 -1.88045 -1.96169 -9.42508  6379
             89.6001  8.64375 -31.0247  -136.86 -10.4687  1.97133  1.70038 0 0 0   -0.011 -0.02329  0.04412 0.0754597 -0.104171 0.0250418 -0.00206396 -0.00201909 -0.00457083  0.0344378 -0.0610591  0.0272666 -1.88063 -1.96178 -9.42503  6384
                89.7 0.144531 -26.1314 -116.101 -10.4675  1.95573  1.70218 0 0 0   -0.011 -0.02329  0.04412 0.0298339 -0.177247 0.0489845 -0.00211341 -0.00206778 -0.00452324 0.0340531 -0.060803 0.0278421  -1.8809 -1.96191 -9.42494  6357
                89.8 -5.40033 -18.3911 -99.8467 -10.4649   1.9322  1.70771 0 0 0   -0.011 -0.02329  0.04412 0.0574369 -0.284755 0.0517229 -0.00214522 -0.00208712 -0.00442827  0.0338882 -0.0607106   0.027912   -1.881 -1.96198 -9.42491  6399
                89.9  -9.1494 -8.88637 -88.2427 -10.4617  1.89651  1.70869 0 0 0   -0.011 -0.02329  0.04412 0.0924097 -0.383792 0.0281583 -0.00216662  -0.0021196 -0.00432776  0.0336012 -0.0600644  0.0285797 -1.88137 -1.96216  -9.4248  6430
             90.0001 -11.6865  1.40365 -78.9128 -10.4494  1.85697    1.706 0 0 0   -0.011 -0.02329  0.04412   0.122005  -0.433627 -0.0201623 -0.00222028 -0.00216367 -0.00427052  0.0339885 -0.0602108  0.0288544 -1.88125 -1.96194 -9.42487  6352
                90.1 -12.6584  9.80093 -72.2155 -10.4323   1.8157  1.70012 0 0 0   -0.011 -0.02329  0.04412   0.130513  -0.453207 -0.0454982 -0.00230505  -0.0021844 -0.00422226  0.0343895 -0.0610401  0.0289544 -1.88081 -1.96157 -9.42503  6414
                90.2 -13.2024  15.9179 -69.2298 -10.4196   1.7657  1.69051 0 0 0   -0.011 -0.02329  0.04412 0.0848179  -0.52172 -0.059843 -0.00235881 -0.00219169 -0.00414086 0.0341938  -0.06132 0.0293979 -1.88056 -1.96159 -9.42508  6415
             90.2999 -12.8105  20.2864 -67.9105 -10.4108  1.71017  1.68754 0 0 0   -0.011 -0.02329  0.04412  0.0286815  -0.576671 -0.0197702 -0.00241554 -0.00219087 -0.00409737  0.0338675 -0.0618169  0.0291254 -1.88022 -1.96164 -9.42514  6425
             90.4001 -11.6994  23.1885   -67.15 -10.4054   1.6512   1.6923 0 0 0   -0.011 -0.02329  0.04412 0.0277783 -0.611562 0.0959951 -0.00247464 -0.00216248 -0.00407215  0.0336915 -0.0623322  0.0288094 -1.87991 -1.96162  -9.4252  6387
             90.5001 -10.5976  25.4821 -67.5189 -10.4003  1.59392  1.70639 0 0 0   -0.011 -0.02329  0.04412 0.0150336 -0.593999  0.163493 -0.00251154 -0.00216765  -0.0040584  0.0339958 -0.0630326  0.0287597 -1.87969 -1.96127 -9.42532  6384
                90.6  -9.7649  26.0533 -70.1849 -10.4013  1.53712  1.72406 0 0 0   -0.011 -0.02329  0.04412 -0.0386404  -0.543025   0.146352 -0.00253785 -0.00213162 -0.00403194  0.0341666 -0.0630142  0.0285633 -1.87975 -1.96125 -9.42531  6390
                90.7 -10.0874  24.3496 -76.2896 -10.405 1.48658 1.74341 0 0 0   -0.011 -0.02329  0.04412 -0.0516472  -0.453852   0.118309 -0.00256208 -0.00204209 -0.00396378  0.0342837 -0.0629871   0.027751 -1.87976 -1.96142 -9.42527  6361
             90.8003 -10.9117  22.9866 -81.7344 -10.4093  1.44454  1.75568 0 0 0   -0.011 -0.02329  0.04412 -0.0521037  -0.368251  0.0966656 -0.00256025 -0.00200077 -0.00396313  0.0342616 -0.0630335  0.0274696 -1.87971  -1.9615 -9.42527  6344
                90.9 -10.6076  22.5229 -83.6088 -10.4155   1.4133  1.76667 0 0 0   -0.011 -0.02329  0.04412 -0.0492862  -0.260704  0.0967146   -0.002539 -0.00197483 -0.00404545  0.0344652 -0.0629149  0.0273711 -1.87983 -1.96148 -9.42525  6339
                  91 -10.0907  21.9522 -83.9329 -10.4194  1.39101   1.7769 0 0 0   -0.011 -0.02329  0.04412 -0.0241145  -0.197952  0.0825257 -0.00251845 -0.00197648 -0.00410052  0.0345943 -0.0629033  0.0272578 -1.87987 -1.96146 -9.42524  6309
                91.1 -10.2575  22.2307 -83.3063 -10.4202  1.37169  1.77974 0 0 0   -0.011 -0.02329  0.04412 0.0426905 -0.164669 0.0250532 -0.00247276 -0.00199106 -0.00411128   0.034334 -0.0627761  0.0275609 -1.87987 -1.96151 -9.42523  6300
                91.2 -12.1217  24.5642 -79.9988 -10.4065  1.36061  1.77879 0 0 0   -0.011 -0.02329  0.04412   0.191795  -0.106017 -0.0635622 -0.00242345 -0.00203578 -0.00413414 0.0346029  -0.06337 0.0276161 -1.87965 -1.96123 -9.42534  6322
             91.3001 -16.3695  30.4466 -72.8006 -10.3759  1.35315  1.75719 0 0 0   -0.011 -0.02329  0.04412  0.312251 0.0170455 -0.189304 -0.00238385 -0.00213556 -0.00421003  0.0337885 -0.0640791  0.0283668 -1.87908 -1.96118 -9.42546  6311
             91.4001 -19.5579  36.3761 -63.7486 -10.3435   1.3598  1.73449 0 0 0   -0.011 -0.02329  0.04412  0.267605  0.140758 -0.177412 -0.00241089 -0.00221027  -0.0041829  0.0332049 -0.0645702  0.0286069 -1.87867 -1.96123 -9.42553  6249
             91.5001 -19.4455  41.1934  -53.793 -10.3144  1.37555  1.71265 0 0 0   -0.011 -0.02329  0.04412  0.227335  0.218939 -0.145888 -0.00247204 -0.00224763 -0.00415757  0.0323189 -0.0652413  0.0289585 -1.87809 -1.96128 -9.42564  6197
             91.6001 -17.6373    44.76 -43.1694 -10.2863  1.40211  1.69787 0 0 0   -0.011 -0.02329  0.04412  0.239337  0.305891 -0.140559  -0.0024865 -0.00231407  -0.0041486   0.032002 -0.0659965  0.0287734  -1.8776 -1.96119 -9.42575  6156
                91.7 -16.3002  47.0387 -33.7449 -10.2593  1.43545  1.68419 0 0 0   -0.011 -0.02329  0.04412  0.250549  0.361943 -0.142105 -0.00248909 -0.00235086 -0.00409264  0.0318364 -0.0662875  0.0285062 -1.87737  -1.9612  -9.4258  6184
             91.7999 -14.8598  48.5948  -25.221 -10.2336  1.47322   1.6693 0 0 0   -0.011 -0.02329  0.04412  0.252613  0.391907 -0.147943 -0.00251101 -0.00238669 -0.00404914  0.0317498 -0.0663346  0.0285128 -1.87731  -1.9612 -9.42581  6203
                91.9 -13.1806   49.296 -17.7729 -10.2106  1.51699   1.6586 0 0 0   -0.011 -0.02329  0.04412  0.239654   0.42633 -0.127716 -0.00253258 -0.00244975 -0.00402917  0.0324555 -0.0665444  0.0284121 -1.87756 -1.96096 -9.42581  6260
                  92 -11.3814  49.2953 -11.3478 -10.1836  1.56737  1.64663 0 0 0   -0.011 -0.02329  0.04412  0.289213  0.465793 -0.096147 -0.00256057 -0.00247642   -0.004005 0.0327763 -0.067486 0.0285919 -1.87754 -1.96038 -9.42594  6263
             92.0999 -9.37239  48.7072 -4.86024 -10.1529  1.61782  1.63829 0 0 0   -0.011 -0.02329  0.04412   0.301062    0.47327 -0.0941977 -0.00256032 -0.00249734 -0.00400769  0.0328766 -0.0680342  0.0283667 -1.87743  -1.9601 -9.42601  6231
                92.2 -7.18007  48.3628 0.803341 -10.1186  1.66304  1.62877 0 0 0   -0.011 -0.02329  0.04412   0.346943   0.443149 -0.0570714 -0.00256237 -0.00251351 -0.00398068  0.0324424 -0.0679635  0.0282424 -1.87719 -1.96019 -9.42604  6288
                92.3 -4.80608  47.8587  5.47837 -10.0875  1.70584  1.62255 0 0 0   -0.011 -0.02329  0.04412   0.283919   0.378292 -0.0318663 -0.00258913  -0.0025337 -0.00396561  0.0323294 -0.0681765  0.0286361 -1.87722 -1.96004 -9.42607  6300
                92.4 -2.45644  46.4707    9.224 -10.0584  1.74206  1.61187 0 0 0   -0.011 -0.02329  0.04412   0.287293   0.339949 -0.0889657 -0.00260082 -0.00252762 -0.00395212  0.0315963 -0.0683312  0.0289235 -1.87692 -1.95995 -9.42615  6259
                92.5 -1.62789  46.8779  12.3075 -10.0277  1.77424  1.60231 0 0 0   -0.011 -0.02329  0.04412  0.330234  0.327094 -0.104599 -0.00255914 -0.00256398 -0.00393791  0.0316676 -0.0681008  0.0290003 -1.87698 -1.96007 -9.42611  6263
                92.6 -0.675544   47.2054   15.8526 -9.99563  1.80643  1.58442 0 0 0   -0.011 -0.02329  0.04412 0.331376  0.28479 -0.15543 -0.00256773 -0.00257257 -0.00394069  0.0312713 -0.0683956  0.0296177 -1.87693 -1.95987 -9.42616  6244
             92.6999 0.595193  47.2251   19.108 -9.96001  1.83347  1.56956 0 0 0   -0.011 -0.02329  0.04412  0.379379  0.235949 -0.205027 -0.00256275 -0.00259114 -0.00393296  0.0315606 -0.0685035  0.0292583 -1.87699 -1.95984 -9.42616  6262
             92.7999 1.74846 47.3326 21.4087 -9.91735  1.85708  1.54549 0 0 0   -0.011 -0.02329  0.04412  0.449605  0.193403 -0.214073 -0.00255899 -0.00259039 -0.00392227  0.0311002 -0.0687805  0.0293099 -1.87679 -1.95965 -9.42623  6281
             92.8999 2.81562 46.6827 23.1515 -9.86889  1.87575  1.52753 0 0 0   -0.011 -0.02329  0.04412  0.550266  0.183289 -0.160257 -0.00257161 -0.00259233 -0.00391824  0.0313472 -0.0688733  0.0292491 -1.87691 -1.95962 -9.42622  6285
             93.0001 3.68928 45.7938 24.5127 -9.80888  1.89677  1.51629 0 0 0   -0.011 -0.02329  0.04412    0.64408   0.222645 -0.0895303 -0.00256023 -0.00261167 -0.00391505  0.0314576 -0.0690655   0.029113 -1.87695 -1.95953 -9.42623  6174
             93.0999 4.12229 44.7608 25.5587 -9.74294  1.92331  1.51002 0 0 0   -0.011 -0.02329  0.04412   0.655419   0.276868 -0.0402754 -0.00254643 -0.00260456 -0.00390448   0.031415 -0.0693195   0.029034 -1.87694 -1.95939 -9.42626  6172
             93.1999 3.97793  44.256 26.1144 -9.67991  1.95431  1.50585 0 0 0   -0.011 -0.02329  0.04412   0.567964   0.299655 -0.0612898  -0.0025421 -0.00261745 -0.00390808  0.0312746 -0.0695321  0.0288608 -1.87686 -1.95926  -9.4263  6116
             93.2999 4.31636 44.5706 27.6602 -9.62545  1.98463  1.49524 0 0 0   -0.011 -0.02329  0.04412    0.5148  0.321011 -0.109596 -0.00250545 -0.00263519 -0.00390421 0.0310379 -0.069389 0.0290084 -1.87676 -1.95931 -9.42631  6152
             93.4001 5.83518 46.0743 30.5885 -9.57656  2.01986  1.48306 0 0 0   -0.011 -0.02329  0.04412  0.441412  0.355783 -0.144211  -0.0025214 -0.00269173 -0.00392429   0.030923 -0.0695796   0.028871  -1.8767  -1.9592 -9.42635  6095
             93.4999 6.28998   46.97 32.5885 -9.53362  2.05952  1.45997 0 0 0   -0.011 -0.02329  0.04412   0.40049  0.397062 -0.242886 -0.00250389 -0.00266811 -0.00390306  0.0302959 -0.0697795   0.029142 -1.87647   -1.959 -9.42643  6093
             93.5999 5.18503 48.4398  32.268 -9.49501  2.10301  1.42739 0 0 0   -0.011 -0.02329  0.04412  0.397872  0.444917 -0.334917 -0.00252372 -0.00268384 -0.00385782 0.0299989  -0.07003  0.029603 -1.87646 -1.95882 -9.42647  6077
             93.7001 3.70165 50.2941 30.0409 -9.45281  2.15217  1.39716 0 0 0   -0.011 -0.02329  0.04412  0.434899  0.479295 -0.323842 -0.00254928 -0.00268893  -0.0038118 0.0302114 -0.070483 0.0290326 -1.87652 -1.95862  -9.4265  6096
             93.7999 2.21123 51.1348 25.8256 -9.40602  2.20357  1.36505 0 0 0   -0.011 -0.02329  0.04412   0.50228  0.510594 -0.251135  -0.0026133 -0.00266051 -0.00382801  0.0297961 -0.0706954  0.0291825 -1.87639 -1.95845 -9.42657  6104
             93.8999 0.709992  51.5073  19.7568 -9.35045  2.25637  1.34149 0 0 0   -0.011 -0.02329  0.04412  0.568682  0.509776 -0.170848 -0.00264292 -0.00261538 -0.00381843  0.0292677 -0.0707529  0.0292499 -1.87617 -1.95834 -9.42663  6052
             93.9999 -1.15247  51.4698  14.0483 -9.29764  2.30468  1.32671 0 0 0   -0.011 -0.02329  0.04412  0.508388  0.464364 -0.145662 -0.00263786 -0.00259807 -0.00381699  0.0294723 -0.0707381  0.0294011 -1.87629 -1.95838  -9.4266  6052
                94.1 -2.81212  51.5604  10.3028  -9.247 2.35199 1.31324 0 0 0   -0.011 -0.02329  0.04412  0.524088  0.455052 -0.152847 -0.00263031 -0.00256433 -0.00385914  0.0296415 -0.0710228  0.0292207 -1.87636 -1.95824 -9.42661  6035
                94.2 -4.58356  52.6957  7.30498 -9.19326  2.39486  1.29559 0 0 0   -0.011 -0.02329  0.04412  0.535165  0.389547 -0.205717 -0.00261094 -0.00255137 -0.00386191  0.0295016 -0.0709685  0.0291688 -1.87628 -1.95826 -9.42663  6029
             94.2999 -5.25976  53.5226  4.53675 -9.13835  2.43179  1.26967 0 0 0   -0.011 -0.02329  0.04412  0.530059  0.342178 -0.267197 -0.00264732 -0.00253555 -0.00385504  0.0290789 -0.0710279  0.0291671 -1.87609 -1.95821 -9.42668  6057
             94.3999 -4.70564  53.6192  3.89853 -9.08383    2.468  1.23587 0 0 0   -0.011 -0.02329  0.04412 0.547868 0.332026 -0.32955 -0.00266107 -0.00249361 -0.00390058  0.0285056 -0.0713964  0.0293657 -1.87589 -1.95798 -9.42676  6000
             94.4999 -3.34256  53.4915  4.77031 -9.02636  2.50136  1.20487 0 0 0   -0.011 -0.02329  0.04412  0.638514  0.351654 -0.297498 -0.00263564 -0.00249078 -0.00391305  0.0287688 -0.0714183  0.0294118 -1.87602 -1.95797 -9.42674  6041
             94.6001 -2.73335  53.6742  5.50344 -8.95642  2.54352  1.18202 0 0 0   -0.011 -0.02329  0.04412  0.733683  0.454456 -0.169993 -0.00262096 -0.00248554 -0.00390298  0.0288361 -0.0717524  0.0291387 -1.87598 -1.95781 -9.42678  6016
             94.6999 -2.67891  54.0766  6.20994 -8.88491  2.59046  1.16973 0 0 0   -0.011 -0.02329  0.04412  0.672028  0.432387 -0.085623  -0.0025958 -0.00250342 -0.00389425  0.0289263 -0.0720475  0.0292537 -1.87604 -1.95764  -9.4268  6090
             94.7999 -1.61703  53.8272   7.0892 -8.82291  2.63684  1.15657 0 0 0   -0.011 -0.02329  0.04412  0.564662  0.447401 -0.120204 -0.00264082 -0.00246397 -0.00389722  0.0285244 -0.0725944  0.0295138 -1.87593 -1.95733 -9.42689  6071
             94.8998 -1.70566  54.2796  7.64248 -8.77335  2.68391  1.14201 0 0 0   -0.011 -0.02329  0.04412  0.462177  0.471824 -0.142484 -0.00262459 -0.00248084 -0.00390543  0.0285775 -0.0728267  0.0299642 -1.87607 -1.95718 -9.42689  6128
             94.9999 -2.21745  54.6824  8.40164 -8.73175  2.73244  1.12722 0 0 0   -0.011 -0.02329  0.04412  0.377725   0.45405 -0.158692 -0.00259959 -0.00250233 -0.00389517  0.0286478 -0.0731312  0.0299653  -1.8761 -1.95702 -9.42692  6108
             95.0999 -2.79944  54.4504  7.54314 -8.6967 2.77297 1.11119 0 0 0   -0.011 -0.02329  0.04412  0.327465  0.387187 -0.188174 -0.00259751 -0.00249972 -0.00387631   0.028883 -0.0728648  0.0299096 -1.87619 -1.95717 -9.42687  6133
             95.1999 -2.41789  53.7815  6.14233 -8.66536  2.81149  1.09133 0 0 0   -0.011 -0.02329  0.04412 0.259364 0.410296 -0.20057 -0.00261309 -0.00249968 -0.00387234  0.0286286 -0.0727041  0.0296967 -1.87602 -1.95726 -9.42689  6111
                95.3 -1.51217  52.6001  5.65139 -8.63958  2.85888   1.0678 0 0 0   -0.011 -0.02329  0.04412  0.249756  0.485129 -0.181397  -0.0026053  -0.0024733 -0.00388169  0.0280535 -0.0732121  0.0299063 -1.87583 -1.95696 -9.42698  6126
             95.3999 1.46035 51.9208 7.70011 -8.61228  2.91042  1.05463 0 0 0   -0.011 -0.02329  0.04412   0.267728   0.569961 -0.0703412 -0.00256812 -0.00248403 -0.00389458   0.027944 -0.0730293  0.0297968 -1.87575 -1.95706 -9.42698  6138
             95.5003 4.60213 50.6985 11.8954 -8.58401   2.9759  1.04836 0 0 0   -0.011 -0.02329  0.04412   0.240828   0.671131 -0.0384634 -0.00254307 -0.00245688 -0.00393623  0.0274867 -0.0735095  0.0297075 -1.87552 -1.95681 -9.42708  6087
             95.6029 6.61645 48.6244 17.6987 -8.56231  3.04522  1.03991 0 0 0   -0.011 -0.02329  0.04412  0.239624  0.664875 -0.105099 -0.00248949 -0.00246485 -0.00394118  0.0274542 -0.0739217  0.0300199 -1.87559 -1.95657 -9.42711  6102
             95.6998 7.99023 47.3136 23.2494 -8.53304  3.11437  1.02223 0 0 0   -0.011 -0.02329  0.04412    0.3186  0.637308 -0.132633 -0.00247639 -0.00249677 -0.00394516  0.0265985 -0.0744579  0.0305448 -1.87534 -1.95622 -9.42724  6162
             95.7999 8.26808 46.3689 26.7506 -8.50188  3.17896   1.0077 0 0 0   -0.011 -0.02329  0.04412 0.329115 0.596919 -0.18078  -0.0024775 -0.00253156 -0.00391321  0.0268514 -0.0750124  0.0307333 -1.87551 -1.95594 -9.42726  6158
             95.8998 8.52245 45.1192 29.1843 -8.46454   3.2365 0.984457 0 0 0   -0.011 -0.02329  0.04412  0.371403  0.529899 -0.292264 -0.00248025 -0.00252452 -0.00389817  0.0264994 -0.0750265  0.0303743 -1.87527 -1.95592 -9.42731  6235
             95.9999 9.36761 44.4898 31.7233 -8.42444  3.28747 0.955483 0 0 0   -0.011 -0.02329  0.04412 0.449055 0.513875 -0.30001 -0.00249374 -0.00257603 -0.00389512  0.0268429 -0.0749318  0.0301165 -1.87536 -1.95602 -9.42727  6160
             96.0999 10.7566 43.9032 35.9427 -8.37392  3.33608 0.933173 0 0 0   -0.011 -0.02329  0.04412  0.569698  0.514284 -0.159145 -0.00247222 -0.00260419 -0.00391648  0.0271401 -0.0745071  0.0298866  -1.8754 -1.95627 -9.42721  6207
             96.1999 11.8019 43.9494 39.2286 -8.31217  3.38845 0.923844 0 0 0   -0.011 -0.02329  0.04412   0.610597   0.508965 -0.0495598 -0.00246727 -0.00262894 -0.00387937 0.0270004 -0.074448 0.0296842 -1.87529 -1.95628 -9.42723  6199
                96.3 12.1161 43.9404 40.1986 -8.25501  3.43648 0.915777 0 0 0   -0.011 -0.02329  0.04412   0.5376 0.437621 -0.10753 -0.00249202 -0.00262901 -0.00383995  0.0268672 -0.0745317   0.029909 -1.87529 -1.95622 -9.42725  6157
             96.3998 12.5263 44.9172 39.5844 -8.20474  3.48046 0.900743 0 0 0   -0.011 -0.02329  0.04412  0.496801  0.429197 -0.156324 -0.00251188 -0.00264603 -0.00382477  0.0267982 -0.0748198  0.0302545 -1.87538 -1.95607 -9.42726  6189
             96.4999 12.4103  46.628 37.9904 -8.15818  3.52408 0.881465 0 0 0   -0.011 -0.02329  0.04412  0.438838  0.410507 -0.185397 -0.00251148 -0.00263275 -0.00380214  0.0264252 -0.0750302  0.0306612 -1.87534 -1.95591  -9.4273  6206
             96.5999 11.0328  47.963 34.1998 -8.11223  3.56513 0.854641 0 0 0   -0.011 -0.02329  0.04412  0.429547  0.361312 -0.266653 -0.00253067 -0.00259781 -0.00380807  0.0255507 -0.0750187  0.0308835 -1.87502 -1.95574  -9.4274  6237
             96.6999 8.77368 49.1846 26.9002 -8.06914  3.60264 0.825349 0 0 0   -0.011 -0.02329  0.04412  0.449063  0.329611 -0.327765 -0.00257943 -0.00255972 -0.00379456  0.0255087 -0.0755644   0.030811 -1.87509 -1.95548 -9.42744  6186
             96.7998  5.5058 50.2851 15.9743 -8.02598  3.63093 0.796561 0 0 0   -0.011 -0.02329  0.04412  0.442361  0.299123 -0.284083 -0.00260452  -0.0025311 -0.00378415  0.0261402 -0.0752995  0.0307162 -1.87529 -1.95571 -9.42735  6269
             96.8999 2.07828 49.5322 3.81139 -7.98133   3.6618 0.771583 0 0 0   -0.011 -0.02329  0.04412  0.429364  0.309799 -0.199904 -0.00263203 -0.00244475 -0.00380955  0.0259402 -0.0752594  0.0305386 -1.87516 -1.95571 -9.42738  6225
                  97 0.507133  47.9638 -7.54108 -7.93472  3.69445 0.756915 0 0 0   -0.011 -0.02329  0.04412    0.45593   0.291681 -0.0866468 -0.00265231 -0.00239198 -0.00386023  0.0256241 -0.0754879  0.0301816 -1.87496  -1.9556 -9.42744  6178
             97.0998 0.0692452   46.8765  -17.5999 -7.89148  3.72319 0.748669 0 0 0   -0.011 -0.02329  0.04412   0.367315   0.283815 -0.0451074 -0.00265129 -0.00233372 -0.00390192  0.0252734 -0.0754799  0.0304006 -1.87485 -1.95557 -9.42747  6191
             97.1998 -0.66364  43.7267 -26.3546 -7.85833  3.75196 0.744216 0 0 0   -0.011 -0.02329  0.04412   0.336488    0.25955 -0.0683109 -0.00262036 -0.00222471 -0.00395206  0.0254482 -0.0756687  0.0303941 -1.87491 -1.95546 -9.42748  6254
             97.2998 -2.17055  41.9189 -33.8069 -7.82379  3.77903 0.731384 0 0 0   -0.011 -0.02329  0.04412  0.365297  0.232676 -0.124536 -0.00258315 -0.00217635 -0.00398941  0.0252767 -0.0759541  0.0310134  -1.8749 -1.95521 -9.42753  6190
             97.3998 -2.71083  40.9117 -38.3333 -7.78759  3.79827 0.714081 0 0 0   -0.011 -0.02329  0.04412 0.372142 0.181349 -0.18709 -0.00253382 -0.00215818 -0.00406638  0.0250033 -0.0756831  0.0313143  -1.8749 -1.95529 -9.42752  6201
             97.4999 -2.47328  39.9427 -41.4426 -7.74879  3.81709 0.691817 0 0 0   -0.011 -0.02329  0.04412  0.409914  0.156611 -0.241757  -0.0025275 -0.00211935 -0.00410057  0.0250247 -0.0759693  0.0315143 -1.87485 -1.95512 -9.42756  6205
             97.5999 -2.22278  39.3208 -43.5996 -7.70218  3.83139 0.667506 0 0 0   -0.011 -0.02329  0.04412  0.500631  0.122792 -0.232033 -0.00251594 -0.00210726 -0.00411755  0.0249504 -0.0762231  0.0313826 -1.87473 -1.95508 -9.42759  6223
             97.6999 -1.65308  38.8686 -44.6408 -7.64439  3.84215 0.650157 0 0 0   -0.011 -0.02329  0.04412  0.627083  0.127025 -0.123377 -0.00248162 -0.00208302 -0.00413788  0.0247069 -0.0762918   0.030963 -1.87458 -1.95525 -9.42759  6161
             97.7998 -1.44613  39.3258 -45.1845 -7.57648  3.86001 0.646487 0 0 0   -0.011 -0.02329  0.04412   0.680437   0.180839 -0.0439882 -0.00247483 -0.00209978 -0.00415982  0.0252541 -0.0768481  0.0303958 -1.87453  -1.9551 -9.42763  6197
             97.8998 -2.10653  39.9927 -45.2566 -7.51221  3.88352 0.641133 0 0 0   -0.011 -0.02329  0.04412  0.603435  0.248567 -0.085043 -0.00246851 -0.00210653 -0.00414383  0.0255652 -0.0770321  0.0305579 -1.87458 -1.95491 -9.42766  6218
             97.9999 -3.02656   40.849 -44.4356 -7.45081  3.90841  0.62322 0 0 0   -0.011 -0.02329  0.04412  0.565521  0.270331 -0.136664 -0.00246825 -0.00209752 -0.00415483  0.0244521 -0.0772948  0.0312117 -1.87415 -1.95494 -9.42774  6224
             98.0998 -4.1347 42.2438 -44.045 -7.39356  3.93686 0.608333 0 0 0   -0.011 -0.02329  0.04412  0.521392  0.291358 -0.169878 -0.00247643 -0.00212756 -0.00415364  0.0241621 -0.0777288  0.0310159 -1.87387 -1.95495 -9.42779  6233
             98.1999 -5.50004  43.7597 -44.6407 -7.34312   3.9664   0.5855 0 0 0   -0.011 -0.02329  0.04412  0.451192  0.322531 -0.233927 -0.00247994 -0.00212885 -0.00413961  0.0237514 -0.0778175  0.0311723 -1.87371 -1.95499 -9.42782  6210
             98.2999   -5.787  43.4699 -45.4217 -7.30238   4.0044 0.560774 0 0 0   -0.011 -0.02329  0.04412  0.381637  0.412312 -0.247897  -0.0025231 -0.00211499 -0.00413754  0.0238194 -0.0779444  0.0314591 -1.87371 -1.95485 -9.42784  6150
             98.3998 -5.50955   42.344 -46.3004 -7.26499  4.04989 0.535602 0 0 0   -0.011 -0.02329  0.04412  0.399299  0.493873 -0.251802 -0.00252212  -0.0020873 -0.00412062  0.0239822 -0.0778594   0.031544 -1.87381  -1.9548 -9.42783  6246
             98.4999 -5.13147  41.6108 -46.5876 -7.22086   4.1011 0.510293 0 0 0   -0.011 -0.02329  0.04412  0.465541  0.519514 -0.189993 -0.00251284  -0.0020885 -0.00414143  0.0234995 -0.0780223  0.0318477 -1.87362 -1.95479 -9.42788  6179
             98.5998 -4.78482  42.2299 -47.3935 -7.16964  4.14753 0.495235 0 0 0   -0.011 -0.02329  0.04412  0.508955  0.406561 -0.117263 -0.00250071 -0.00210654 -0.00412834   0.023302 -0.0780268   0.031621 -1.87353  -1.9549 -9.42787  6185
             98.6998 -4.79695  42.5854 -48.8204 -7.12202  4.18728 0.484456 0 0 0   -0.011 -0.02329  0.04412  0.466606  0.353117 -0.116311 -0.00251401 -0.00209293 -0.00412303  0.0235249 -0.0781257  0.0317634 -1.87358 -1.95477 -9.42789  6189
             98.7998 -5.75213  43.0464 -49.1726 -7.06886  4.21464 0.471166 0 0 0   -0.011 -0.02329  0.04412  0.518283   0.22597 -0.132043 -0.00248557 -0.00208366 -0.00414927  0.0229612 -0.0783557  0.0313841 -1.87328 -1.95497 -9.42791  6182
             98.8999 -6.53341   43.592 -48.3863 -7.01548  4.23081  0.45789 0 0 0   -0.011 -0.02329  0.04412  0.484412 0.0999987 -0.128232 -0.00245948 -0.00209588 -0.00414409  0.0225733 -0.0786608  0.0311251 -1.87302 -1.95506 -9.42794  6191
             98.9999 -5.06897  42.9269 -47.1124 -6.96666  4.23629  0.44249 0 0 0   -0.011 -0.02329  0.04412  0.443818    -0.037 -0.140144 -0.00249509  -0.0020814 -0.00417008  0.0223088 -0.0792614   0.031322 -1.87273  -1.9549 -9.42803  6176
             99.0999 -3.38761  40.7819  -46.928 -6.92242  4.22947 0.431155 0 0 0   -0.011 -0.02329  0.04412  0.493345 -0.129492 -0.101008 -0.00249286 -0.00205743 -0.00416365  0.0226654 -0.0792385  0.0315657 -1.87288 -1.95474 -9.42803  6203
                99.2  -3.4851  38.9741 -48.1379 -6.87169  4.21243 0.426444 0 0 0   -0.011 -0.02329  0.04412  0.539288 -0.217815 0.0333366 -0.00247468 -0.00204843 -0.00416259  0.0227392 -0.0791527  0.0317503 -1.87295 -1.95469 -9.42803  6189
                99.3 -5.85327  39.0241 -51.1143  -6.8204  4.19305 0.428758 0 0 0   -0.011 -0.02329  0.04412  0.396572 -0.200131 0.0564286 -0.00245467 -0.00206693 -0.00416196  0.0224067 -0.0797445  0.0317558 -1.87262  -1.9546 -9.42811  6155
             99.3998 -6.95888  38.3034  -54.766 -6.79027  4.17478 0.440192 0 0 0   -0.011 -0.02329  0.04412  0.244694 -0.163343  0.105177 -0.00247596 -0.00205859 -0.00415607  0.0228124 -0.0795158  0.0315649 -1.87282 -1.95461 -9.42807  6190
             99.4998 -7.23633  37.7043 -57.9941  -6.7684  4.16131 0.447758 0 0 0   -0.011 -0.02329  0.04412  0.20827 -0.11806 0.056926 -0.00249337 -0.00203204 -0.00415474  0.0228797 -0.0795266  0.0318427 -1.87286 -1.95451 -9.42808  6202
             99.5998 -7.60692  38.1438 -61.2389 -6.74522  4.14883 0.450336 0 0 0   -0.011 -0.02329  0.04412   0.215739 -0.0970737 0.00166591 -0.00247583 -0.00204771 -0.00417931  0.0224436 -0.0796754  0.0316595 -1.87266 -1.95466 -9.42809  6165
             99.6999  -8.8969  38.6121 -66.1065 -6.71861   4.1442 0.444218 0 0 0   -0.011 -0.02329  0.04412   0.255667 -0.0449699  -0.060565 -0.00251103 -0.00202749  -0.0041727 0.0221019 -0.080426 0.0321093 -1.87229 -1.95445 -9.42821  6191
             99.7999 -11.7218  37.5976 -73.7402 -6.69418  4.13877 0.435188 0 0 0   -0.011 -0.02329  0.04412   0.243893 -0.0614542 -0.0944575 -0.00252137 -0.00197339 -0.00410695  0.0220057 -0.0801871  0.0322414 -1.87237 -1.95449 -9.42819  6180
             99.8997 -11.9614  36.4716  -79.391 -6.66895  4.13046  0.42822 0 0 0   -0.011 -0.02329  0.04412   0.233538 -0.0863273 -0.0718423 -0.00256967 -0.00195033 -0.00416391  0.0220349 -0.0803639  0.0319058 -1.87229 -1.95455 -9.42819  6151
             99.9998 -10.3696  34.9095 -83.6381 -6.63977  4.12331  0.42021 0 0 0   -0.011 -0.02329  0.04412   0.309475 -0.0299574 -0.0897716 -0.00258484 -0.00188203 -0.00420984  0.0217609 -0.0807647  0.0316662 -1.87205 -1.95467 -9.42821  6205
               100.1 -8.68141  32.4542  -88.466 -6.60468  4.12231  0.40844 0 0 0   -0.011 -0.02329  0.04412   0.387231 0.00912781  -0.126948 -0.00259761 -0.00182297 -0.00421121  0.0216275 -0.0809982   0.031825 -1.87192 -1.95463 -9.42824  6189
               100.2 -6.25868  29.2787 -95.2044 -6.5584 4.12282 0.39525 0 0 0   -0.011 -0.02329  0.04412  0.519911 0.0252602 -0.153378 -0.00263853 -0.00174597 -0.00420269  0.0215661 -0.0812285  0.0315142 -1.87182 -1.95475 -9.42824  6183
               100.3 -2.13209  25.9279  -101.19  -6.5013   4.1291 0.376773 0 0 0   -0.011 -0.02329  0.04412  0.595169 0.0816612 -0.174581 -0.00264854 -0.00167558 -0.00426263  0.0215422 -0.0814171  0.0317992 -1.87171 -1.95466 -9.42828  6188
               100.4  4.08485  23.8147 -105.324 -6.44146  4.13721 0.362063 0 0 0   -0.011 -0.02329  0.04412   0.541046  0.0701433 -0.0122372 -0.00267164 -0.00159795 -0.00431043  0.0212536 -0.0816657  0.0321133 -1.87154 -1.95468 -9.42831  6211
               100.5  10.4113  23.4397 -108.037 -6.39011  4.14591 0.366887 0 0 0   -0.011 -0.02329  0.04412  0.484701 0.0693604 0.0790658 -0.00265588 -0.00155519 -0.00436655  0.0213763 -0.0816785  0.0322246 -1.87151  -1.9546 -9.42833  6230
               100.6  12.1695  23.5889 -109.832 -6.34675  4.14647 0.369894 0 0 0   -0.011 -0.02329  0.04412  0.408308 0.0210996 0.0127722 -0.00260738 -0.00146195 -0.00437882  0.0206784 -0.0815628  0.0322477 -1.87158 -1.95484 -9.42827  6192
               100.7  11.9906  23.3427 -111.068 -6.30875  4.14983 0.367819 0 0 0   -0.011 -0.02329  0.04412    0.337582 -0.00882573  -0.0120268 -0.00255165 -0.00145076 -0.00439795  0.0209045 -0.0813865  0.0326378 -1.87154 -1.95463 -9.42832  6262
               100.8  11.0516  22.3855 -112.465 -6.27527  4.14438 0.365312 0 0 0   -0.011 -0.02329  0.04412   0.301798 -0.0719019 -0.0210822 -0.00253651 -0.00142603 -0.00440547  0.0206712 -0.0817828  0.0328714 -1.87133 -1.95475 -9.42834  6205
               100.9  8.79933  20.9465 -113.741   -6.241  4.13593 0.362917 0 0 0   -0.011 -0.02329  0.04412   0.296959   -0.11451 -0.0371605 -0.00251012 -0.00142171 -0.00438908  0.0210307 -0.0825461  0.0330658 -1.87095 -1.95476 -9.42841  6247
                 101  6.98843  19.1252 -114.387  -6.2065  4.12523 0.360101 0 0 0   -0.011 -0.02329  0.04412   0.313462   -0.13587 -0.0356751 -0.00251069 -0.00143636 -0.00440954  0.0214094 -0.0833524  0.0332693 -1.87055 -1.95478 -9.42849  6233
               101.1  5.85511  18.0649 -113.854 -6.17552   4.1033 0.353194 0 0 0   -0.011 -0.02329  0.04412   0.334807  -0.245313 -0.0811455 -0.00249422  -0.0014506 -0.00442721  0.0207667 -0.0833405  0.0333227 -1.87061   -1.955 -9.42843  6234
               101.2  5.24674  17.7416 -112.188 -6.14283  4.07395 0.344285 0 0 0   -0.011 -0.02329  0.04412  0.329864 -0.361116 -0.138643 -0.00248946 -0.00151716 -0.00445586  0.0208556 -0.0832365  0.0329652 -1.87073 -1.95501  -9.4284  6218
               101.3  4.97398  17.7738 -110.361 -6.11217  4.03154 0.327902 0 0 0   -0.011 -0.02329  0.04412  0.295476 -0.485712 -0.155505 -0.00249258 -0.00155138  -0.0044552  0.0207203 -0.0830885  0.0330403 -1.87079 -1.95501 -9.42839  6211
               101.4  5.32636  16.8573 -109.495 -6.0859 3.97154  0.3158 0 0 0   -0.011 -0.02329  0.04412   0.278872  -0.614797 -0.0191106 -0.00250615 -0.00152137  -0.0044313  0.0198403 -0.0830586  0.0330465  -1.8709 -1.95533  -9.4283  6231
               101.5  7.13613  15.1287 -111.283 -6.05863  3.90556 0.324781 0 0 0   -0.011 -0.02329  0.04412  0.238937 -0.690407  0.165939  -0.0025369 -0.00149587 -0.00439972 0.0198503 -0.083422 0.0329536 -1.87078 -1.95542 -9.42831  6227
               101.6  9.76427  15.4075 -115.605 -6.03607  3.83401 0.349669 0 0 0   -0.011 -0.02329  0.04412 0.256646 -0.64589 0.274154 -0.00256087 -0.00147838 -0.00435875  0.0194312 -0.0835783  0.0324284 -1.87088  -1.9557 -9.42823  6213
               101.7  11.0705  14.9912 -121.042 -6.00318   3.7746 0.376895 0 0 0   -0.011 -0.02329  0.04412  0.385424 -0.541675  0.226505 -0.00256283  -0.0014397 -0.00436476  0.0195027 -0.0839806  0.0321413 -1.87079 -1.95581 -9.42823  6200
               101.8  10.431 13.9801 -125.91 -5.96093  3.72294 0.395678 0 0 0   -0.011 -0.02329  0.04412  0.427229 -0.492897  0.137513 -0.00254122 -0.00139359 -0.00439073  0.0195969 -0.0841568  0.0322989 -1.87067 -1.95579 -9.42825  6209
               101.9  10.3814  13.1692 -129.163 -5.91458  3.67865 0.400416 0 0 0   -0.011 -0.02329  0.04412   0.459302  -0.436449 0.00745435 -0.00253442  -0.0014031 -0.00441426  0.0199205 -0.0841697   0.032946 -1.87043 -1.95559 -9.42834  6224
                 102   10.882  12.2949 -131.706 -5.86798  3.63282 0.394702 0 0 0   -0.011 -0.02329  0.04412    0.4998 -0.418546 -0.111026 -0.00254052 -0.00138733 -0.00443787  0.0194611 -0.0843319  0.0329517 -1.87046  -1.9558 -9.42829  6209
               102.1  11.4103   10.034 -133.836 -5.81478  3.59303 0.380842 0 0 0   -0.011 -0.02329  0.04412  0.582038 -0.358798 -0.163711 -0.00252162 -0.00134151  -0.0044543  0.0190714 -0.0841623  0.0327714 -1.87065 -1.95589 -9.42824  6176
               102.2  12.8753  9.10373 -136.671 -5.75348  3.55951 0.362529 0 0 0   -0.011 -0.02329  0.04412  0.610071 -0.312949 -0.132581 -0.00250843 -0.00135858 -0.00444415  0.0192099 -0.0842199  0.0332153 -1.87048 -1.95582 -9.42828  6222
               102.3  15.9278  9.72248 -139.325 -5.69153  3.52699 0.357768 0 0 0   -0.011 -0.02329  0.04412  0.623813 -0.329615 0.0461267  -0.0025472 -0.00135474 -0.00444618  0.0191388 -0.0845375  0.0332577 -1.87039 -1.95595 -9.42828  6157
               102.4  16.6788  10.1465 -142.056 -5.62613  3.49212 0.368525 0 0 0   -0.011 -0.02329  0.04412  0.606144 -0.359902 0.0946825 -0.00250444   -0.001328 -0.00445282  0.0194133 -0.0850626  0.0329193 -1.87027 -1.95608 -9.42827  6215
               102.5  16.8452  10.7629 -146.118 -5.57123  3.45255  0.37709 0 0 0   -0.011 -0.02329  0.04412  0.446305 -0.449822 0.0602276 -0.00248311 -0.00130962 -0.00442747 0.0196498 -0.085186 0.0330267 -1.87014 -1.95606  -9.4283  6203
               102.6 17.2886 12.7345 -149.38 -5.53555  3.40276 0.378779 0 0 0   -0.011 -0.02329  0.04412   0.312717  -0.516199 -0.0190421 -0.00248668 -0.00131527 -0.00444346  0.0191743 -0.0851433  0.0329925  -1.8703 -1.95616 -9.42825  6209
               102.7    17.69  14.8583 -151.741 -5.50672  3.34526 0.374224 0 0 0   -0.011 -0.02329  0.04412   0.224083  -0.606572 -0.0597008 -0.00250132 -0.00133086 -0.00446389  0.0193488 -0.0856436   0.033228 -1.87008 -1.95632 -9.42826  6204
               102.8   17.142  16.7379 -154.156 -5.49231  3.27724 0.368436 0 0 0   -0.011 -0.02329  0.04412    0.12651  -0.700224 -0.0257869 -0.00250823 -0.00131244 -0.00445226  0.0187111 -0.0855628  0.0331508 -1.87032 -1.95641 -9.42819  6232
               102.9  18.0154  17.2469 -154.362 -5.48218  3.20547 0.372894 0 0 0   -0.011 -0.02329  0.04412 0.0558413 -0.716091  0.131097 -0.00252101 -0.00129026 -0.00450373   0.018798 -0.0858775   0.033051 -1.87027 -1.95653 -9.42818  6193
                 103  19.2412  18.5795 -153.927 -5.47695  3.13281 0.396836 0 0 0   -0.011 -0.02329  0.04412 0.0628504 -0.712865   0.28232 -0.00253016 -0.00128835 -0.00452757   0.018847 -0.0861168  0.0327428 -1.87032 -1.95662 -9.42815  6172
               103.1   19.561  19.6015 -154.913 -5.46553  3.06268 0.420858 0 0 0   -0.011 -0.02329  0.04412  0.143249 -0.668288  0.209884 -0.00254585 -0.00127265 -0.00450503  0.0188697 -0.0863147  0.0331887 -1.87014  -1.9567 -9.42817  6205
               103.2 18.5881 19.8897 -156.49 -5.45353  2.99464 0.437675 0 0 0   -0.011 -0.02329  0.04412  0.124136 -0.683215  0.153438 -0.00251991 -0.00125493 -0.00450478  0.0184879 -0.0861611  0.0331651 -1.87029 -1.95669 -9.42814  6195
               103.3  17.3836  20.9858 -157.643  -5.4389  2.92629 0.449468 0 0 0   -0.011 -0.02329  0.04412  0.141689 -0.660589  0.106359  -0.0025327  -0.0012829 -0.00450926  0.0185952 -0.0863978  0.0336391 -1.87008 -1.95678 -9.42817  6212
               103.4  16.371 21.3988  -159.5 -5.42234  2.85892 0.456716 0 0 0   -0.011 -0.02329  0.04412  0.177593 -0.667864 0.0311619 -0.00254552 -0.00126594 -0.00450048  0.0186105 -0.0866548   0.033743 -1.87001 -1.95689 -9.42816  6213
               103.5  16.1395  21.6212 -160.698 -5.40395  2.79178 0.455168 0 0 0   -0.011 -0.02329  0.04412   0.213986  -0.646815 -0.0467748 -0.00254522 -0.00125682 -0.00451089  0.0183887 -0.0867734  0.0337867 -1.87006 -1.95696 -9.42813  6177
               103.6 17.1638 21.4427 -161.24 -5.37803  2.72897 0.450145 0 0 0   -0.011 -0.02329  0.04412   0.287193  -0.623589 -0.0166229 -0.00256342 -0.00125676 -0.00451497 0.0185524 -0.086687 0.0339468 -1.86996 -1.95691 -9.42816  6187
               103.7  18.8972  20.4688 -161.914 -5.34906  2.66635  0.45542 0 0 0   -0.011 -0.02329  0.04412  0.283404 -0.595395  0.109537 -0.00257609 -0.00123257 -0.00452757 0.0184951 -0.087034 0.0337263 -1.87002 -1.95706 -9.42812  6175
               103.8  20.0263  20.0349 -163.012 -5.32351  2.60584 0.473169 0 0 0   -0.011 -0.02329  0.04412  0.222394 -0.576298  0.191275 -0.00254793  -0.0012287 -0.00452847  0.0186372 -0.0873937  0.0335914 -1.86999  -1.9572 -9.42809  6177
               103.9  20.3475  18.7638 -163.465 -5.30401  2.54901 0.490463 0 0 0   -0.011 -0.02329  0.04412  0.138736 -0.566305  0.161584  -0.0025082 -0.00121027 -0.00454272  0.0186862 -0.0873378  0.0336218 -1.86997 -1.95717  -9.4281  6199
                 104  19.8261  18.2227 -163.145 -5.29967  2.48816 0.507259 0 0 0   -0.011 -0.02329  0.04412 0.0214294 -0.576124  0.159377 -0.00246776 -0.00121881  -0.0045593  0.0181137 -0.0878036  0.0334257  -1.8702 -1.95741 -9.42801  6185
               104.1 19.1705  17.987 -162.69 -5.29979  2.43108 0.520755 0 0 0   -0.011 -0.02329  0.04412 -0.0533938  -0.531286   0.105407  -0.0024552 -0.00125491 -0.00455678  0.0183181 -0.0881674  0.0336262 -1.87005 -1.95756 -9.42801  6203
               104.2  19.2284  17.5856 -163.331 -5.31117  2.37831 0.528237 0 0 0   -0.011 -0.02329  0.04412 -0.160694 -0.508216 0.0518796 -0.00249314 -0.00122934 -0.00454571  0.0180921 -0.0882528  0.0336277 -1.87012 -1.95761 -9.42798  6218
               104.3  19.7173  16.7851 -164.338  -5.3322  2.32969 0.532977 0 0 0   -0.011 -0.02329  0.04412 -0.258871 -0.480721 0.0857762 -0.00246998 -0.00123485 -0.00453835  0.0179493 -0.0880376  0.0337574 -1.87014 -1.95754   -9.428  6165
               104.4  21.0972  14.4504 -164.874 -5.35837  2.28145 0.547319 0 0 0   -0.011 -0.02329  0.04412 -0.234245 -0.455904  0.239664 -0.00246815 -0.00121921 -0.00455538  0.0180335 -0.0882078  0.0339127 -1.87006  -1.9576   -9.428  6179
               104.5  22.8194   7.0624 -164.294 -5.37356  2.23834 0.577033 0 0 0   -0.011 -0.02329  0.04412  -0.07018 -0.386768  0.352302  -0.0024325 -0.00115768 -0.00460285  0.0179198 -0.0882338   0.034176 -1.87002 -1.95764   -9.428  6165
               104.6   23.5525 -0.955488  -163.971 -5.37831  2.19705 0.610784 0 0 0   -0.011 -0.02329  0.04412 -0.0434682  -0.424063   0.270761 -0.00236618 -0.00114697 -0.00462905  0.0179189 -0.0885691   0.034045 -1.87004 -1.95777 -9.42797  6167
               104.7  22.9468 -5.63174 -164.785  -5.3837  2.15271 0.632463 0 0 0   -0.011 -0.02329  0.04412 -0.0867463  -0.454743    0.20847 -0.00228395 -0.00118569 -0.00461007  0.0180728 -0.0885238  0.0343263 -1.86992 -1.95775 -9.42799  6197
               104.8   22.089 -8.10332  -165.49 -5.39076   2.1046 0.650723 0 0 0   -0.011 -0.02329  0.04412 -0.0622975  -0.482446   0.165614 -0.00224671 -0.00125254 -0.00460971  0.0182585 -0.0887522  0.0346401 -1.86977 -1.95785 -9.42801  6174
               104.9  20.8403 -11.7185 -165.558 -5.39479   2.0548 0.665752 0 0 0   -0.011 -0.02329  0.04412 -0.00287133   -0.511164    0.101787 -0.00222428 -0.00122971 -0.00463189  0.0180639 -0.0888655  0.0343716 -1.86988 -1.95789 -9.42797  6143
                 105   19.356 -15.2211 -165.591 -5.39624  1.99895 0.673839 0 0 0   -0.011 -0.02329  0.04412 -0.0034469  -0.567249  0.0696978 -0.00218517 -0.00125249 -0.00464992  0.0178072 -0.0890881  0.0345894 -1.86993 -1.95803 -9.42794  6209
               105.1  18.2785 -18.0784 -165.911 -5.39394  1.93933 0.676614 0 0 0   -0.011 -0.02329  0.04412 0.0367705 -0.620247 0.0166775 -0.00216733  -0.0012841 -0.00463102 0.0180219 -0.089112 0.0348761 -1.86981 -1.95804 -9.42796  6188
               105.2  17.3196 -21.4301 -166.237 -5.39108  1.87634 0.677028 0 0 0   -0.011 -0.02329  0.04412 0.0354955   -0.6614 0.0167114 -0.00214104 -0.00128309 -0.00463064 0.0178803 -0.088759 0.0348782 -1.86991 -1.95792 -9.42796  6188
               105.3  16.8274  -24.213 -166.351 -5.39218  1.80936 0.685465 0 0 0   -0.011 -0.02329  0.04412 -0.0206246  -0.664662   0.112247 -0.00213433 -0.00129834 -0.00464367  0.0173739 -0.0887719  0.0344897 -1.87013 -1.95795 -9.42791  6088
               105.4  17.6854 -26.3829  -166.69 -5.39437   1.7475 0.701853 0 0 0   -0.011 -0.02329  0.04412 -0.0471308  -0.614512    0.22623 -0.00212999 -0.00131679 -0.00465313  0.0177066 -0.0884722  0.0344082 -1.87004 -1.95779 -9.42796  6107
               105.5  18.4965 -28.1204 -168.122 -5.39838  1.68616 0.723218 0 0 0   -0.011 -0.02329  0.04412 -0.077141 -0.599994   0.15834 -0.00210522 -0.00134021 -0.00463126  0.0179967 -0.0887479   0.034252 -1.86989 -1.95784 -9.42798  6138
               105.6  19.2223  -30.686 -170.304   -5.405  1.62833 0.737972 0 0 0   -0.011 -0.02329  0.04412 -0.0514438  -0.583502    0.11321 -0.00209184 -0.00133159 -0.00462923  0.0179451 -0.0886861  0.0338744  -1.8699 -1.95779 -9.42799  6131
               105.7  18.7268 -33.9826  -172.65  -5.4123  1.57553 0.746575 0 0 0   -0.011 -0.02329  0.04412 -0.0852886  -0.531921  0.0777662 -0.00203289 -0.00134639 -0.00463494  0.0180099 -0.0879362  0.0340086 -1.86999 -1.95751 -9.42803  6130
               105.8  18.5785 -37.5009 -175.235 -5.42803  1.52528 0.754848 0 0 0   -0.011 -0.02329  0.04412 -0.193682 -0.484841 0.0283952  -0.0019944 -0.00133796 -0.00464431  0.0173798 -0.0877291  0.0337094 -1.87024 -1.95746 -9.42799  6113
               105.9  18.6408 -40.4783 -176.895 -5.45338  1.48175 0.755863 0 0 0   -0.011 -0.02329  0.04412  -0.321206  -0.415727 0.00159434 -0.00196993 -0.00136357 -0.00466553  0.0174239 -0.0874264  0.0335083 -1.87023 -1.95732 -9.42802  6141
                 106  18.2567 -43.6446 -176.784 -5.48635   1.4474 0.755377 0 0 0   -0.011 -0.02329  0.04412 -0.361206 -0.317272 0.0766567 -0.00194677 -0.00138315 -0.00469802  0.0180393 -0.0869897  0.0335434 -1.87006 -1.95711  -9.4281  6166
               106.1  18.6521 -46.5245 -176.288 -5.52143  1.41907 0.767522 0 0 0   -0.011 -0.02329  0.04412 -0.338812  -0.29663  0.213615 -0.00191661 -0.00140986 -0.00470637  0.0184396 -0.0866394  0.0337524 -1.86998 -1.95697 -9.42815  6175
               106.2  18.8812 -48.0855 -176.172 -5.55241  1.38706 0.786491 0 0 0   -0.011 -0.02329  0.04412 -0.311027 -0.340392  0.163489 -0.00189514 -0.00143677 -0.00469271  0.0187434 -0.0867598  0.0336567 -1.86984 -1.95699 -9.42817  6170
               106.3   18.402 -49.0751 -175.163 -5.58365  1.34989 0.799929 0 0 0   -0.011 -0.02329  0.04412 -0.283609 -0.401119  0.174732 -0.00188384 -0.00145115 -0.00468882   0.018974 -0.0866224  0.0342787  -1.8699 -1.95697 -9.42816  6182
               106.4  18.1316 -49.6764 -175.034 -5.60799  1.31135 0.815388 0 0 0   -0.011 -0.02329  0.04412 -0.218972 -0.434558 0.0949437 -0.00185783 -0.00146578  -0.0046837  0.0189912 -0.0862341  0.0338516 -1.86986 -1.95678 -9.42821  6140
               106.5  19.6591 -50.7534 -177.173 -5.63093  1.26488 0.822588 0 0 0   -0.011 -0.02329  0.04412 -0.237176  -0.52427 0.0543101 -0.00184547 -0.00144459  -0.0046483   0.018812 -0.0860134  0.0338373 -1.86994 -1.95671 -9.42821  6184
               106.6  20.9302 -50.4743 -178.661   -5.651  1.21163 0.827735 0 0 0   -0.011 -0.02329  0.04412 -0.165484 -0.573119 0.0487318 -0.00184322 -0.00149321 -0.00465393  0.0191252 -0.0858312  0.0334851 -1.86978 -1.95659 -9.42826  6171
               106.7   22.373 -51.8097  179.849 -5.66098  1.15699 0.835757 0 0 0   -0.011 -0.02329  0.04412 -0.0642322  -0.568108  0.0997971 -0.00184971 -0.00144875 -0.00465271  0.0188494 -0.0854828  0.0329179 -1.86978 -1.95642  -9.4283  6193
               106.8  25.3395 -52.4382  175.402  -5.6653  1.10212 0.850066 0 0 0   -0.011 -0.02329  0.04412 -0.0734259  -0.547004   0.243467 -0.00182249 -0.00146428 -0.00464617  0.0192695 -0.0852683  0.0328773 -1.86967 -1.95631 -9.42834  6159
               106.9  27.6858 -49.4955  169.994 -5.67915  1.05492 0.882344 0 0 0   -0.011 -0.02329  0.04412 -0.205783 -0.428696  0.336237 -0.00180443 -0.00147025 -0.00461701   0.019017 -0.0849917  0.0326273 -1.86972 -1.95619 -9.42836  6145
                 107   27.761 -44.1219  167.594  -5.7067  1.01883 0.913736 0 0 0   -0.011 -0.02329  0.04412 -0.343779 -0.341379  0.312632 -0.00183264 -0.00150698 -0.00460814  0.0190091 -0.0845019  0.0326177 -1.86977   -1.956 -9.42839  6189
               107.1  25.5789 -36.8991  168.314 -5.75003 0.988961 0.948126 0 0 0   -0.011 -0.02329  0.04412 -0.490715 -0.265149    0.3364 -0.00190152 -0.00152836 -0.00460555  0.0186291 -0.0843895  0.0326528  -1.8699 -1.95597 -9.42837  6202
               107.2  24.0637 -27.8933  167.758 -5.80525 0.969153 0.980452 0 0 0   -0.011 -0.02329  0.04412 -0.598954 -0.176197  0.274453 -0.00197636 -0.00154001 -0.00458082  0.0183523 -0.0840415  0.0324355 -1.86996 -1.95581 -9.42839  6205
               107.3  24.4111 -19.4413  162.736 -5.86489 0.955452 0.999783 0 0 0   -0.011 -0.02329  0.04412 -0.621557 -0.137412  0.170657 -0.00204527 -0.00151038 -0.00452902  0.0187698 -0.0836902  0.0325053 -1.86983  -1.9557 -9.42844  6114
               107.4 23.2049 -13.373 156.842 -5.92676 0.944595  1.01304 0 0 0   -0.011 -0.02329  0.04412  -0.640391 -0.0871817   0.111776 -0.00210316 -0.00147413 -0.00450654  0.0189151 -0.0834878  0.0324863 -1.86976 -1.95563 -9.42847  6157
               107.5   21.237 -9.56364  153.613 -5.99114 0.941944  1.01996 0 0 0   -0.011 -0.02329  0.04412  -0.673511 0.00405519  0.0603801 -0.00214779 -0.00145372 -0.00455381  0.0191318 -0.0831205   0.032493 -1.86965 -1.95552 -9.42851  6152
               107.6 20.1154 -6.7642 152.026 -6.05923 0.946884  1.02377 0 0 0   -0.011 -0.02329  0.04412 -0.696785 0.0655619 0.0875211 -0.00218635 -0.00145661  -0.0045869  0.0192036 -0.0827791  0.0328559 -1.86959 -1.95541 -9.42855  6187
               107.7  19.4236 -3.58417   150.56 -6.12913 0.955183  1.03514 0 0 0   -0.011 -0.02329  0.04412 -0.686554 0.0750428  0.121128 -0.00222808 -0.00145543 -0.00458628  0.0190549 -0.0827327  0.0326811 -1.86963 -1.95536 -9.42855  6178
               107.8   18.5612 -0.494777   149.612 -6.19712 0.959046  1.05185 0 0 0   -0.011 -0.02329  0.04412 -0.687493  0.013684  0.150173 -0.00225722 -0.00146901 -0.00459965  0.0192358 -0.0829791  0.0323778 -1.86963 -1.95548 -9.42852  6222
               107.9  16.318 2.53611 149.477  -6.2613 0.956904   1.0662 0 0 0   -0.011 -0.02329  0.04412  -0.645471 -0.0543089   0.125357 -0.00224296  -0.0014734 -0.00461704  0.0197236 -0.0828008  0.0321685 -1.86944 -1.95554 -9.42855  6202
                 108 14.4765  6.0782 148.925 -6.32335 0.946849  1.07604 0 0 0   -0.011 -0.02329  0.04412 -0.614264 -0.107892  0.103186 -0.00227761 -0.00149428 -0.00460807  0.0201347 -0.0828779  0.0325327 -1.86931 -1.95568 -9.42855  6260
               108.1 13.7166 9.67407 147.089 -6.37777 0.933894  1.08115 0 0 0   -0.011 -0.02329  0.04412 -0.551088 -0.173446  0.047989 -0.00232182 -0.00153674 -0.00456776  0.0206659 -0.0822869  0.0328118 -1.86897 -1.95565 -9.42862  6257
               108.2 13.9547 12.5556 144.646 -6.43011 0.914069  1.08084 0 0 0   -0.011 -0.02329  0.04412  -0.502929  -0.218389 0.00792213 -0.00236923 -0.00152893 -0.00455893  0.0207396 -0.0821421  0.0332209 -1.86887 -1.95565 -9.42864  6291
               108.3 15.8639 14.9771 142.261 -6.47837 0.894915  1.08654 0 0 0   -0.011 -0.02329  0.04412 -0.474417 -0.226337 0.0631334 -0.00239769 -0.00148924 -0.00456231  0.0204945 -0.0818178  0.0326316 -1.86892 -1.95547 -9.42867  6263
               108.4 18.5639 18.1733 139.922 -6.52397 0.874413  1.09822 0 0 0   -0.011 -0.02329  0.04412 -0.432817   -0.2123  0.141244 -0.00241297 -0.00147952 -0.00455827  0.0204114 -0.0816184   0.032227 -1.86894 -1.95537 -9.42868  6243
               108.5 21.1798 21.6077 137.573 -6.56541 0.854345  1.11724 0 0 0   -0.011 -0.02329  0.04412 -0.373205  -0.19906  0.219406 -0.00244255  -0.0014322 -0.00456802  0.0203076 -0.0817333  0.0321903 -1.86901 -1.95537 -9.42867  6211
               108.6 22.3153 23.7805 135.596 -6.60089 0.832806  1.14285 0 0 0   -0.011 -0.02329  0.04412 -0.293918 -0.207129  0.197196 -0.00245922 -0.00136706 -0.00458576   0.020339 -0.0822356  0.0315553 -1.86926 -1.95543 -9.42861  6318
               108.7 22.0889 25.0967 132.693 -6.62599 0.809778  1.16073 0 0 0   -0.011 -0.02329  0.04412  -0.24923 -0.180967  0.132368 -0.00245131 -0.00134822  -0.0045765  0.0209781 -0.0823353  0.0316818 -1.86915 -1.95567 -9.42858  6232
               108.8 21.3859 26.5754 129.775 -6.65083  0.79248  1.16781 0 0 0   -0.011 -0.02329  0.04412 -0.223063  -0.11006 0.0500841 -0.00245253 -0.00131628  -0.0045858  0.0209543 -0.0825734  0.0321862 -1.86917 -1.95577 -9.42855  6253
               108.9 21.7179 28.5432 127.173 -6.66883 0.781567  1.16787 0 0 0   -0.011 -0.02329  0.04412  -0.178232 -0.0506735 0.00638928 -0.00247304 -0.00133194  -0.0045937  0.0213223 -0.0824369  0.0328471 -1.86899 -1.95598 -9.42855  6279
                 109 21.9538 30.4611   124.1 -6.68749  0.77739  1.16591 0 0 0   -0.011 -0.02329  0.04412   -0.199533  -0.0280404 -0.00108003 -0.00250056 -0.00131821 -0.00458315  0.0212346 -0.0824098  0.0332001 -1.86895   -1.956 -9.42855  6228
               109.1 21.4372 31.4416 121.663 -6.70963 0.776462  1.16631 0 0 0   -0.011 -0.02329  0.04412  -0.243592 -0.0307328  0.0201167 -0.00247349  -0.0012857 -0.00460629  0.0209336 -0.0823175  0.0330722 -1.86896 -1.95587 -9.42858  6257
               109.2 21.2106 31.5889  121.42 -6.73564 0.775089  1.16763 0 0 0   -0.011 -0.02329  0.04412 -0.278669 -0.025741 0.0205034 -0.00244691 -0.00125729  -0.0046583  0.0206916 -0.0822206  0.0330415 -1.86894 -1.95577  -9.4286  6264
               109.3 22.1552 31.0403 124.102   -6.766 0.768437  1.17265 0 0 0   -0.011 -0.02329  0.04412 -0.351918 -0.074119 0.0585204 -0.00244045  -0.0012783 -0.00469779  0.0211511 -0.0823294  0.0330561 -1.86895 -1.95594 -9.42856  6263
               109.4 24.1611 28.6687 135.049 -6.81234 0.754891  1.18412 0 0 0   -0.011 -0.02329  0.04412 -0.530957 -0.159933  0.107684 -0.00239741 -0.00130981 -0.00482131  0.0214629 -0.0829937  0.0329199 -1.86921 -1.95606 -9.42849  6247
               109.5 25.3738 25.5979 151.242 -6.86969 0.733872  1.19649 0 0 0   -0.011 -0.02329  0.04412 -0.593344 -0.218914  0.118918 -0.00237719  -0.0013836 -0.00485308  0.0217018 -0.0831405  0.0329686 -1.86925 -1.95617 -9.42846  6264
               109.6 25.9521 22.5307 165.226 -6.93162 0.708112  1.21252 0 0 0   -0.011 -0.02329  0.04412 -0.578563  -0.22899    0.1862 -0.00241616 -0.00146818 -0.00481461  0.0219121 -0.0837827  0.0329367 -1.86947 -1.95632 -9.42838  6262
               109.7 25.9792 18.7821 175.723 -6.98993  0.68601  1.23664 0 0 0   -0.011 -0.02329  0.04412 -0.547256 -0.196168  0.295457 -0.00242857 -0.00148879 -0.00478364  0.0217111 -0.0840891  0.0330588 -1.86959 -1.95636 -9.42835  6275
               109.8  24.7513  15.5527 -177.616 -7.03995 0.664442  1.26489 0 0 0   -0.011 -0.02329  0.04412 -0.487013 -0.217799   0.25464 -0.00243441 -0.00155402 -0.00472271  0.0219169 -0.0840181   0.033309 -1.86947 -1.95642 -9.42836  6245
               109.9  23.3596   13.259 -173.178 -7.08951 0.641924  1.28423 0 0 0   -0.011 -0.02329  0.04412 -0.453506 -0.233168  0.168202 -0.00245392 -0.00158278 -0.00467227  0.0215422 -0.0840486  0.0334176 -1.86956  -1.9564 -9.42835  6305
                 110  22.0958  11.8107 -169.444 -7.13355 0.619151  1.29675 0 0 0   -0.011 -0.02329  0.04412 -0.423535 -0.235892  0.159018 -0.00244996  -0.0016272 -0.00463937  0.0212912 -0.0837661  0.0338788  -1.8695 -1.95635 -9.42837  6287
               110.1  20.8537   10.665 -165.949 -7.1721 0.59322 1.31556 0 0 0   -0.011 -0.02329  0.04412 -0.354699 -0.284298  0.142314 -0.00247054 -0.00166312 -0.00462275  0.0215924 -0.0840036  0.0334867 -1.86951 -1.95639 -9.42836  6224
               110.2  18.8668  6.99685 -162.667 -7.20312 0.560954  1.32434 0 0 0   -0.011 -0.02329  0.04412 -0.202784 -0.300414 0.0785445 -0.00243676 -0.00160692 -0.00462935   0.021284 -0.0841542  0.0338989  -1.8695 -1.95649 -9.42834  6261
               110.3  17.0476 -3.45807 -160.895 -7.20856 0.533767  1.32625 0 0 0   -0.011 -0.02329  0.04412   0.0188714   -0.244547 -0.00545336 -0.00238772 -0.00146281 -0.00465324  0.0215289 -0.0842028  0.0342783 -1.86933  -1.9565 -9.42837  6268
               110.4  16.1559 -15.8643 -161.606 -7.20363 0.509852  1.32253 0 0 0   -0.011 -0.02329  0.04412   0.047062  -0.241038 -0.0242114 -0.00230836 -0.00144127 -0.00462802 0.0216205 -0.084123 0.0344979 -1.86926 -1.95647 -9.42839  6289
               110.5   16.449   -26.65 -163.227 -7.20453 0.485669  1.32731 0 0 0   -0.011 -0.02329  0.04412 -0.0688364  -0.276497  0.0389567 -0.00222964 -0.00147157 -0.00463408  0.0215427 -0.0840997  0.0337784 -1.86942 -1.95645 -9.42836  6219
               110.6  17.1319 -32.8187 -165.041 -7.21791 0.460637  1.33907 0 0 0   -0.011 -0.02329  0.04412 -0.173907 -0.278551   0.17055 -0.00213912 -0.00158346  -0.0046505  0.0215577 -0.0836894  0.0335715 -1.86951 -1.95631 -9.42838  6182
               110.7  17.1073 -36.0518 -166.161 -7.23469 0.435286  1.35254 0 0 0   -0.011 -0.02329  0.04412 -0.172959 -0.249142  0.113212 -0.00207728 -0.00167217 -0.00467708  0.021843 -0.083496 0.0337013 -1.86944 -1.95621 -9.42841  6217
               110.8  16.9945 -38.8034 -167.168 -7.25129 0.411399  1.36604 0 0 0   -0.011 -0.02329  0.04412 -0.134051 -0.193344 0.0881161 -0.00205371 -0.00167745 -0.00466737  0.0214355 -0.0837377  0.0333381 -1.86952 -1.95633 -9.42837  6216
               110.9  16.8617 -41.3935 -167.694 -7.26266 0.396606  1.37032 0 0 0   -0.011 -0.02329  0.04412 -0.0919034   -0.10924 0.00954144 -0.00202488  -0.0017042 -0.00467449  0.0215186 -0.0836039  0.0335555 -1.86953 -1.95629 -9.42837  6271
                 111  16.9672 -44.6378 -167.707 -7.26911 0.389712  1.36519 0 0 0   -0.011 -0.02329  0.04412 -0.0683581 -0.0296874 -0.0981851 -0.00200778 -0.00171669 -0.00469279  0.0217816 -0.0836704  0.0334552 -1.86943 -1.95626  -9.4284  6267
               111.1  16.2945 -48.7502 -166.637 -7.27782 0.391107   1.3498 0 0 0   -0.011 -0.02329  0.04412 -0.0781088  0.0585132  -0.140038  -0.0019656 -0.00172315 -0.00471872  0.0218624 -0.0834315  0.0339939 -1.86953 -1.95623 -9.42839  6216
               111.2  15.2019 -52.9115  -164.71 -7.28928   0.4036  1.33617 0 0 0   -0.011 -0.02329  0.04412  -0.11071  0.138542 -0.125206 -0.00194379 -0.00172898 -0.00472005  0.021754 -0.082935 0.0340116 -1.86965  -1.9561 -9.42839  6279
               111.3  14.9535 -56.7458 -163.592 -7.30246 0.423282  1.32336 0 0 0   -0.011 -0.02329  0.04412  -0.145555   0.163135 -0.0946065 -0.00189769 -0.00175496 -0.00472175 0.0220434 -0.082315 0.0340599  -1.8697 -1.95587 -9.42843  6271
               111.4  15.9094 -59.3463 -163.852 -7.31816 0.443982  1.31273 0 0 0   -0.011 -0.02329  0.04412   -0.15362   0.160628 -0.0592392   -0.001864 -0.00176931 -0.00470397  0.0223934 -0.0816492  0.0340815 -1.86976 -1.95563 -9.42847  6321
               111.5  18.0948 -60.5792  -165.75 -7.32743 0.459603  1.30886 0 0 0   -0.011 -0.02329  0.04412  -0.107439   0.142648 -0.0535813 -0.00184544 -0.00179507  -0.0046985  0.0225491 -0.0819758  0.0334712 -1.86953 -1.95561 -9.42852  6275
               111.6  20.2143 -61.5953 -167.591 -7.33924 0.474791  1.30478 0 0 0   -0.011 -0.02329  0.04412  -0.105855   0.112919 -0.0553531 -0.00182869 -0.00178234 -0.00469651  0.0222779 -0.0816689  0.0332603  -1.8696 -1.95553 -9.42852  6264
               111.7  22.8597 -62.2718  -170.39 -7.34855 0.484916  1.29989 0 0 0   -0.011 -0.02329  0.04412 -0.0878343  0.0729096 -0.0307162 -0.00181158 -0.00179503 -0.00470424   0.022356 -0.0815958  0.0331984 -1.86959 -1.95549 -9.42853  6221
               111.8  24.8366  -62.796 -172.563 -7.35731 0.493901  1.29704 0 0 0   -0.011 -0.02329  0.04412 -0.0778356  0.0464267 -0.0210833 -0.00180123 -0.00177585 -0.00470782  0.0224001 -0.0811826  0.0330969 -1.86965 -1.95535 -9.42855  6271
               111.9    25.72 -63.2137 -173.469 -7.36342 0.497072  1.29557 0 0 0   -0.011 -0.02329  0.04412  -0.0672273    0.011219 -0.00849905 -0.00181489 -0.00178686 -0.00469758  0.0224538 -0.0812579  0.0329382 -1.86959 -1.95534 -9.42856  6247
                 112   26.541 -63.5789 -174.058 -7.36994 0.502858  1.29611 0 0 0   -0.011 -0.02329  0.04412  -0.0611031   0.0160931 -0.00518267 -0.00181325 -0.00179225 -0.00470585  0.0222905 -0.0807746  0.0325086 -1.86962 -1.95515 -9.42859  6255
               112.1  27.4821 -64.1666 -174.283 -7.37779 0.506476  1.29497 0 0 0   -0.011 -0.02329  0.04412   -0.0546373   0.00109021 -0.000211844 -0.00179606 -0.00177621  -0.0047176 0.0222856 -0.080284 0.0326375 -1.86976 -1.95504 -9.42859  6236
               112.2  28.1152 -64.4913 -174.404 -7.38042 0.506791  1.29907 0 0 0   -0.011 -0.02329  0.04412 -0.0298342 -0.0248915  0.0258365 -0.00181455 -0.00176378 -0.00471328  0.0219494 -0.0803374  0.0321109 -1.86968   -1.955 -9.42861  6240
               112.3   27.953 -64.6971 -173.915 -7.38795 0.506993  1.30287 0 0 0   -0.011 -0.02329  0.04412 -0.0364142 -0.0328453  0.0390332 -0.00180093  -0.0017397  -0.0047127 0.0216661 -0.079626 0.0323352 -1.86994 -1.95487 -9.42859  6194
               112.4  26.6311  -64.982 -172.239  -7.3898 0.510591  1.30194 0 0 0   -0.011 -0.02329  0.04412 -0.0163118 -0.0116136 0.00801521 -0.00179285 -0.00173181 -0.00472164  0.0221633 -0.0788072  0.0321249 -1.86998 -1.95455 -9.42865  6254
               112.5  23.8949 -65.5526 -167.451  -7.3896 0.511208  1.30175 0 0 0   -0.011 -0.02329  0.04412 0.00506895 -0.0178872  0.0124203  -0.0018242 -0.00173077 -0.00471788  0.0223611 -0.0786884  0.0319994 -1.86995 -1.95448 -9.42867  6198
               112.6  17.7711 -66.1075 -158.522 -7.38557 0.512001  1.30107 0 0 0   -0.011 -0.02329  0.04412    0.045399  -0.0364516 -0.00585109 -0.00184592 -0.00174104 -0.00474412  0.0225704 -0.0784342  0.0316508 -1.86989 -1.95432 -9.42871  6236
               112.7  9.79179 -66.5792 -147.749   -7.379 0.512864  1.29551 0 0 0   -0.011 -0.02329  0.04412  0.0656211 -0.0376149 -0.0217807 -0.00180706 -0.00175477 -0.00476428  0.0231068 -0.0779305  0.0315545 -1.86991 -1.95411 -9.42875  6189
               112.8   4.3125 -66.1877 -139.537 -7.37456 0.509326  1.29306 0 0 0   -0.011 -0.02329  0.04412  0.0438697 -0.0656947  0.0219896 -0.00181239 -0.00173941 -0.00474799  0.0233828 -0.0776806  0.0317685 -1.86998 -1.95406 -9.42875  6216
               112.9  1.24341 -64.2615 -134.605 -7.37279 0.500276  1.29998 0 0 0   -0.011 -0.02329  0.04412 0.0226362 -0.141515  0.122756 -0.00183821 -0.00174989 -0.00471303  0.0232257 -0.0773879   0.031843 -1.87009 -1.95403 -9.42873  6157
                 113   1.2298 -59.5926 -133.851 -7.37413 0.485698  1.31717 0 0 0   -0.011 -0.02329  0.04412 -0.0385641  -0.226788   0.251756 -0.00183038 -0.00183096 -0.00465877 0.0235212 -0.076904 0.0318027 -1.87019 -1.95387 -9.42875  6213
               113.1  2.78472 -52.3185 -135.388 -7.38466 0.457566  1.35091 0 0 0   -0.011 -0.02329  0.04412 -0.135456 -0.324941  0.350361 -0.00186341 -0.00189586 -0.00460939  0.0229247 -0.0766853  0.0317635 -1.87032 -1.95395 -9.42871  6195
               113.2  5.31002  -41.983 -137.853 -7.40558 0.424819  1.39437 0 0 0   -0.011 -0.02329  0.04412 -0.216143 -0.341035  0.417306 -0.00192244 -0.00192547 -0.00458884  0.0220894 -0.0762084    0.03137  -1.8705 -1.95397 -9.42866  6194
               113.3  7.47005 -29.3297 -139.189 -7.43223 0.388576  1.43841 0 0 0   -0.011 -0.02329  0.04412 -0.258152 -0.356549   0.31613  -0.0020257 -0.00189845 -0.00460455  0.0211813 -0.0759571  0.0309966 -1.87065 -1.95408 -9.42861  6138
               113.4  9.45023 -19.8439 -139.611  -7.4587 0.357094  1.46347 0 0 0   -0.011 -0.02329  0.04412 -0.214266 -0.317278   0.18736 -0.00212878 -0.00183508 -0.00460665  0.0211185 -0.0754395  0.0309956 -1.87082 -1.95401 -9.42859  6196
               113.5  11.0614 -12.3503 -140.791 -7.47417 0.326081  1.46811 0 0 0   -0.011 -0.02329  0.04412 -0.157039 -0.298714 0.0851521 -0.00222907 -0.00179924 -0.00459648  0.0221498 -0.0756713  0.0318923  -1.8706 -1.95386 -9.42867  6223
               113.6  13.0582  -5.4634 -143.751 -7.48834 0.303544  1.46685 0 0 0   -0.011 -0.02329  0.04412  -0.127531  -0.208383 0.00716324  -0.0023179 -0.00178586  -0.0045566  0.0229997 -0.0752977  0.0324143 -1.87053 -1.95357 -9.42874  6223
               113.7   15.7759 -0.782111  -149.985 -7.49824 0.290642  1.46036 0 0 0   -0.011 -0.02329  0.04412 -0.0886194  -0.084298 -0.0480098 -0.00240988  -0.0017088 -0.00451931  0.0234524 -0.0750476  0.0328551 -1.87048 -1.95341 -9.42878  6258
               113.8  19.0755  3.04609 -158.987 -7.50306  0.29164  1.44944 0 0 0   -0.011 -0.02329  0.04412 -0.0381771  0.0187177   -0.08719 -0.00248293 -0.00164531 -0.00448843 0.0241773 -0.074728 0.0332323 -1.87036 -1.95315 -9.42886  6242
               113.9  21.3398   5.6388 -166.998 -7.50175 0.299124  1.44392 0 0 0   -0.011 -0.02329  0.04412  0.0177614  0.0590225 -0.0763816 -0.00249488 -0.00158924 -0.00453187 0.0247173 -0.074672 0.0327859 -1.87031 -1.95303  -9.4289  6256
                 114 22.1915 7.69866  -173.3 -7.50158 0.307645  1.44472 0 0 0   -0.011 -0.02329  0.04412 0.00947504  0.0740739 -0.0450186 -0.00247444 -0.00152684  -0.0045688  0.0247268 -0.0745932  0.0317533 -1.87051 -1.95301 -9.42886  6251
               114.1  22.7471  10.1227 -178.997 -7.50497 0.316245  1.44272 0 0 0   -0.011 -0.02329  0.04412 -0.0331579   0.099645 -0.0430665 -0.00247201  -0.0014997 -0.00458446 0.0244096 -0.074588 0.0313597 -1.87068 -1.95303 -9.42882  6228
               114.2 22.9873 13.4194  174.28 -7.50748 0.326248  1.44104 0 0 0   -0.011 -0.02329  0.04412 -0.0272936   0.121387 -0.0323692 -0.00249741 -0.00148304 -0.00455498  0.0246351 -0.0748575   0.031115 -1.87065  -1.9531 -9.42881  6208
               114.3 22.8763 15.1176 168.117 -7.50403 0.334727  1.43627 0 0 0   -0.011 -0.02329  0.04412  0.0441449   0.113303 -0.0176393 -0.00249147 -0.00140619 -0.00460802  0.0249536 -0.0751654  0.0316776 -1.87045 -1.95323 -9.42883  6221
               114.4 23.5808 14.6927 164.906  -7.4974 0.342035  1.43636 0 0 0   -0.011 -0.02329  0.04412  0.0731953  0.0886095 0.00199175 -0.00251097 -0.00137434 -0.00470059  0.0250067 -0.0755672  0.0317576 -1.87045 -1.95336  -9.4288  6232
               114.5  24.151 13.9691 162.856 -7.49227 0.347124  1.43643 0 0 0   -0.011 -0.02329  0.04412  0.0423292  0.0618695 0.00710043  -0.0024863 -0.00133787 -0.00475605  0.0248745 -0.0759019  0.0319491  -1.8705 -1.95346 -9.42877  6192
               114.6  24.281 13.5507  161.42 -7.49083 0.349957  1.43591 0 0 0   -0.011 -0.02329  0.04412 0.0166117  0.035792 0.0107976 -0.00248096 -0.00134952 -0.00475569 0.0246391 -0.076218 0.0322663 -1.87056 -1.95353 -9.42874  6215
             114.699 24.1745 12.4671 163.771 -7.49005 0.349901   1.4356 0 0 0   -0.011 -0.02329  0.04412  -0.026284 -0.0100309  0.0199124 -0.00247616 -0.00136276 -0.00478045  0.0247281 -0.0762822  0.0326238 -1.87048  -1.9536 -9.42874  6229
               114.8 23.0771 10.7871 173.637 -7.49879 0.342236  1.43839 0 0 0   -0.011 -0.02329  0.04412 -0.134493 -0.090274 0.0400048 -0.00244342 -0.00140849 -0.00484824  0.0246555 -0.0767304  0.0328482 -1.87056 -1.95372  -9.4287  6242
               114.9  20.1434  10.4542 -173.152 -7.51543 0.329698  1.43818 0 0 0   -0.011 -0.02329  0.04412 -0.187021 -0.121435 0.0154034 -0.00242867 -0.00150238 -0.00487469  0.0245596 -0.0767558  0.0333858  -1.8705 -1.95376 -9.42871  6219
                 115  17.4102  10.6557 -161.527 -7.53216 0.320105   1.4355 0 0 0   -0.011 -0.02329  0.04412  -0.197994 -0.0629061 -0.0109321  -0.0024974 -0.00158121 -0.00482278  0.0247678 -0.0764878  0.0338035 -1.87032 -1.95375 -9.42875  6196
             115.099   15.166  10.5727 -151.351 -7.55074 0.316824  1.43164 0 0 0   -0.011 -0.02329  0.04412  -0.215552 -0.0103945 -0.0169359 -0.00252575 -0.00164906 -0.00477491  0.0249667 -0.0763063  0.0341493 -1.87018 -1.95372 -9.42878  6223
             115.199  12.7542  10.3021 -142.955 -7.57198 0.320139  1.43666 0 0 0   -0.011 -0.02329  0.04412 -0.242517 0.0652375 0.0383887 -0.00252008 -0.00169406 -0.00473428  0.0253647 -0.0764687   0.033635 -1.87018 -1.95373 -9.42878  6237
               115.3 10.9495 10.1536 -136.84 -7.59685  0.33111  1.44527 0 0 0   -0.011 -0.02329  0.04412 -0.244519  0.129885 0.0596064  -0.0025656 -0.00171217 -0.00466771  0.0255402 -0.0764768  0.0331559 -1.87025  -1.9537 -9.42877  6186
             115.399  9.15424  9.16369 -132.216 -7.62188 0.344252  1.45595 0 0 0   -0.011 -0.02329  0.04412 -0.206799  0.159627 0.0669426 -0.00255078 -0.00171316 -0.00462213  0.0253014 -0.0766606  0.0325753 -1.87042 -1.95383 -9.42871  6189
             115.499  7.10816  7.65808 -128.644  -7.6443 0.359674  1.46514 0 0 0   -0.011 -0.02329  0.04412 -0.179002  0.185615 0.0714918 -0.00252445 -0.00173391 -0.00459629  0.0249691 -0.0766146  0.0321922 -1.87057 -1.95393 -9.42866  6219
               115.6  5.73152  4.82813 -124.711 -7.65808 0.378706  1.47021 0 0 0   -0.011 -0.02329  0.04412 -0.0997678   0.252571  0.0443804 -0.00254605 -0.00171852 -0.00458657  0.0246957 -0.0768547  0.0323708 -1.87051 -1.95403 -9.42865  6143
             115.699  4.29226 0.773645 -118.938 -7.66445  0.39944  1.47004 0 0 0   -0.011 -0.02329  0.04412  -0.0552265    0.223438 -0.00296532 -0.00252817 -0.00169674 -0.00463256  0.0242865 -0.0772613   0.032687 -1.87038 -1.95417 -9.42865  6185
             115.799  2.08809 -1.34762  -111.44  -7.6671 0.417348  1.46259 0 0 0   -0.011 -0.02329  0.04412  -0.016938   0.166071 -0.0316168 -0.00246692 -0.00180819 -0.00468008  0.0240632 -0.0773952   0.033401 -1.87023 -1.95417 -9.42868  6206
             115.899 -0.210084  -2.31252  -103.338 -7.66898 0.431981  1.45557 0 0 0   -0.011 -0.02329  0.04412 -0.00426574    0.129262  -0.0398669 -0.00245938  -0.0018602 -0.00466431  0.0238997 -0.0771753  0.0338444 -1.87024 -1.95415 -9.42868  6223
                 116 -2.27944 -2.57942 -95.5525 -7.66787 0.444289  1.45653 0 0 0   -0.011 -0.02329  0.04412 -0.00820536    0.113044    -0.02397 -0.00243209  -0.0019095 -0.00466754  0.0240894 -0.0774592  0.0332926 -1.87021 -1.95416 -9.42868  6168
               116.1 -3.51382 -2.70061 -89.5879 -7.66869 0.453612  1.45751 0 0 0   -0.011 -0.02329  0.04412  -0.0226392   0.0961478 -0.00927142 -0.00242942  -0.0019439 -0.00462712  0.0239751 -0.0776539  0.0329541 -1.87018 -1.95423 -9.42867  6168
               116.2 -4.14901 -3.31422 -85.9463  -7.6756 0.459604  1.46346 0 0 0   -0.011 -0.02329  0.04412 -0.0617529  0.0866667   0.015819 -0.00239884 -0.00193682 -0.00458468  0.0234976 -0.0771831   0.032212 -1.87037 -1.95452 -9.42858  6125
             116.299 -4.05716 -5.01381 -84.0868 -7.68092 0.468988  1.46676 0 0 0   -0.011 -0.02329  0.04412 -0.0768282   0.124924  0.0139812 -0.00240524 -0.00192722 -0.00455048  0.0234316 -0.0774483  0.0319911 -1.87029 -1.95453 -9.42859  6228
               116.4 -3.92244 -10.0855 -82.3871 -7.69092  0.48657  1.46078 0 0 0   -0.011 -0.02329  0.04412  -0.106156   0.226048 -0.0436816  -0.0023746 -0.00185044 -0.00454295   0.023496 -0.0773164  0.0325907 -1.87029 -1.95448  -9.4286  6092
             116.499 -3.87862 -15.6477 -80.7917 -7.69933 0.506622  1.44977 0 0 0   -0.011 -0.02329  0.04412 -0.0919656    0.17707 -0.0544349 -0.00233007 -0.00188677 -0.00457676   0.023418 -0.0776771    0.03337  -1.8701 -1.95439 -9.42866  6087
             116.599  -3.9044 -18.9889 -80.1441 -7.70788 0.522489  1.44475 0 0 0   -0.011 -0.02329  0.04412 -0.0724501   0.115052 -0.0401753 -0.00226974 -0.00191987 -0.00456713   0.023612 -0.0776669  0.0333959 -1.87014 -1.95432 -9.42866  6066
               116.7 -4.07483 -20.5364  -79.782 -7.71173 0.531181  1.44884 0 0 0   -0.011 -0.02329  0.04412  -0.0416406   0.0664345 -0.00141882 -0.00224332 -0.00195551 -0.00456955   0.023328 -0.0779378  0.0325486 -1.87007 -1.95439 -9.42866  6029
             116.799 -4.11135 -21.2709 -79.9111   -7.715 0.536292  1.45407 0 0 0   -0.011 -0.02329  0.04412 -0.0247367  0.0500074  0.0212157 -0.00221851 -0.00198127  -0.0045765  0.0230826 -0.0779177  0.0319816 -1.87008 -1.95449 -9.42864  5988
             116.899 -3.03961  -22.561 -84.1824 -7.71578 0.542446  1.45504 0 0 0   -0.011 -0.02329  0.04412   0.0226739    0.076136 -0.00256224 -0.00218571 -0.00199057 -0.00447727  0.0232031 -0.0778978  0.0320312 -1.87011 -1.95445 -9.42864  6020
             116.999 0.967165 -26.4368 -97.0501 -7.71541 0.547723  1.45572 0 0 0   -0.011 -0.02329  0.04412  0.0460132   0.084555 -0.0213023 -0.00216616 -0.00187561 -0.00426663  0.0228608 -0.0771941  0.0319209 -1.87028  -1.9547 -9.42856  5978
             117.099  6.87408  -30.422 -112.544 -7.70982 0.553472  1.45084 0 0 0   -0.011 -0.02329  0.04412  0.0628773  0.0666047 -0.0424149 -0.00214904 -0.00183562 -0.00425984  0.0226364 -0.0770891  0.0322675 -1.87024 -1.95481 -9.42854  5946
               117.2  13.2075 -32.9424 -126.783 -7.69844 0.561319  1.44485 0 0 0   -0.011 -0.02329  0.04412  0.0987836  0.0447247 -0.0386954 -0.00215409 -0.00182562 -0.00431681  0.0230055 -0.0777146  0.0323522 -1.87005 -1.95461 -9.42862  6035
               117.3  18.4613 -34.2217 -138.821 -7.68823 0.562049  1.43897 0 0 0   -0.011 -0.02329  0.04412     0.111187 -0.000404665   -0.0434894 -0.00214558 -0.00181629 -0.00435001  0.0228885 -0.0776476  0.0327394 -1.87003 -1.95469 -9.42861  5968
               117.4   22.314 -34.8765 -148.593 -7.67898 0.560022  1.43389 0 0 0   -0.011 -0.02329  0.04412   0.121362 -0.0415887 -0.0378978 -0.00211747 -0.00181705  -0.0043998  0.0228171 -0.0772878  0.0329628 -1.87014 -1.95472 -9.42858  6020
               117.5  24.4765   -35.52 -156.014  -7.6679 0.555497  1.43017 0 0 0   -0.011 -0.02329  0.04412   0.110902 -0.0808381 -0.0283178 -0.00209358 -0.00180291 -0.00441905  0.0229268 -0.0770513  0.0329092 -1.87021 -1.95465 -9.42858  5979
               117.6  25.1284 -36.1259 -159.668 -7.65961 0.545881  1.42705 0 0 0   -0.011 -0.02329  0.04412 0.0856626 -0.104341 -0.022832 -0.00209043 -0.00184984 -0.00447539  0.0227512 -0.0768708  0.0330746 -1.87029 -1.95469 -9.42856  6035
               117.7  24.8283 -36.6059 -160.215 -7.65354 0.535004  1.42763 0 0 0   -0.011 -0.02329  0.04412   0.0839407   -0.120962 -0.00303449 -0.00207904 -0.00186588 -0.00452221  0.0224706 -0.0766844  0.0329424 -1.87039 -1.95468 -9.42854  6056
             117.799  24.6847 -37.8476 -159.314 -7.64395   0.5213  1.42698 0 0 0   -0.011 -0.02329  0.04412   0.153799  -0.151431 -0.0343376 -0.00210292 -0.00187607 -0.00455236  0.0221693 -0.0766046  0.0330048 -1.87048 -1.95472 -9.42851  6037
             117.899  24.3188 -40.3503 -157.946 -7.62696 0.505693  1.41661 0 0 0   -0.011 -0.02329  0.04412   0.223992  -0.197967 -0.0802641 -0.00208374 -0.00187309 -0.00457319  0.0224102 -0.0759962    0.03356 -1.87055 -1.95464 -9.42852  6073
             117.999  22.7981 -43.5958 -154.649 -7.60257 0.483971  1.40941 0 0 0   -0.011 -0.02329  0.04412   0.28797 -0.261212 -0.105569 -0.00207578 -0.00186922 -0.00461269  0.0221918 -0.0758723  0.0332922 -1.87061  -1.9546 -9.42851  6096
             118.099  22.3775 -47.1544 -152.886 -7.57197 0.454734  1.39707 0 0 0   -0.011 -0.02329  0.04412  0.358375 -0.334352 -0.127831 -0.00207385 -0.00184468 -0.00457724  0.0220596 -0.0756877  0.0334347 -1.87069  -1.9546  -9.4285  6110
             118.199   22.634  -50.737 -153.015 -7.53502 0.423038  1.38553 0 0 0   -0.011 -0.02329  0.04412  0.400448 -0.385181 -0.118751 -0.00200962 -0.00183044 -0.00456512  0.0220296 -0.0751438  0.0330746 -1.87077 -1.95443 -9.42851  6150
               118.3  22.4551 -54.2792 -152.958 -7.49477 0.385285  1.37661 0 0 0   -0.011 -0.02329  0.04412   0.380055  -0.410339 -0.0576069 -0.00198342 -0.00183321 -0.00454678  0.0220663 -0.0750093  0.0327427 -1.87077 -1.95434 -9.42853  6196
             118.399  21.0195 -56.5863 -150.582 -7.46048 0.346863  1.37057 0 0 0   -0.011 -0.02329  0.04412  0.292842 -0.359271 0.0225423 -0.00195752 -0.00187495 -0.00455355  0.0225376 -0.0747763  0.0330992 -1.87077 -1.95429 -9.42854  6209
               118.5  18.8441 -57.1792 -145.062 -7.43985 0.315848  1.37955 0 0 0   -0.011 -0.02329  0.04412  0.178545 -0.314384 0.0747859 -0.00197458 -0.00189388 -0.00457952  0.0220248 -0.0743391  0.0328164 -1.87093 -1.95424 -9.42852  6232
             118.599  14.8456 -57.3087  -136.69 -7.42861 0.288249  1.38481 0 0 0   -0.011 -0.02329  0.04412 0.0950533 -0.272338 0.0334743 -0.00198279 -0.00189635 -0.00459391  0.0219505 -0.0738602   0.032829 -1.87107 -1.95418 -9.42851  6244
             118.699   8.4446 -57.4422 -125.276 -7.42386 0.265309  1.39364 0 0 0   -0.011 -0.02329  0.04412 0.0130238 -0.230308 0.0777388  -0.0019864 -0.00186826  -0.0046154  0.0214785 -0.0737215   0.032358 -1.87112 -1.95413 -9.42851  6238
             118.799  3.17076 -56.8027 -114.817 -7.42801 0.240922  1.40079 0 0 0   -0.011 -0.02329  0.04412 -0.0786162  -0.249257  0.0600437 -0.00197886 -0.00185091 -0.00462564  0.0214201 -0.0736278  0.0325157 -1.87117 -1.95417 -9.42849  6259
             118.899 -0.748479  -56.0327  -105.933 -7.44239 0.212043  1.40666 0 0 0   -0.011 -0.02329  0.04412 -0.156176 -0.304522  0.062706 -0.00195928 -0.00183238 -0.00462318  0.0212675 -0.0732965  0.0328317  -1.8713 -1.95426 -9.42845  6293
             118.999 -4.47457 -55.0872 -97.6943 -7.45985 0.180414  1.41416 0 0 0   -0.011 -0.02329  0.04412 -0.210104 -0.355172 0.0938451  -0.0019422 -0.00180941 -0.00461443  0.0213757 -0.0733211  0.0327122 -1.87128  -1.9542 -9.42846  6269
               119.1 -6.91495 -53.9205 -90.9458 -7.48508 0.144206  1.42154 0 0 0   -0.011 -0.02329  0.04412 -0.296443 -0.407655 0.0929198 -0.00194907 -0.00178491 -0.00459385  0.0217471 -0.0732358  0.0327087 -1.87131 -1.95411 -9.42847  6290
               119.2 -8.78734  -52.729 -84.6216 -7.51937 0.102616  1.42902 0 0 0   -0.011 -0.02329  0.04412 -0.338265 -0.438411  0.134145 -0.00195321 -0.00176789 -0.00459435  0.0222219 -0.0728766  0.0329616 -1.87144 -1.95408 -9.42846  6280
             119.299 -9.35719 -51.6285 -79.7205  -7.55606 0.0612919   1.44916 0 0 0   -0.011 -0.02329  0.04412 -0.287177 -0.409503  0.244399 -0.00192544 -0.00174498 -0.00457754  0.0222511 -0.0721285  0.0328071 -1.87169  -1.9541  -9.4284  6297
             119.399 -10.0529 -50.5409 -75.9654 -7.58269 0.023108  1.47643 0 0 0   -0.011 -0.02329  0.04412 -0.205441 -0.411563  0.231837   -0.001904  -0.0017265 -0.00457887   0.022248 -0.0717461  0.0324369 -1.87185 -1.95407 -9.42838  6272
               119.5 -10.0655 -48.8472 -73.6101    -7.6001 -0.0155304    1.49505 0 0 0   -0.011 -0.02329  0.04412 -0.116488 -0.455352  0.168707 -0.00190051 -0.00172949 -0.00453284  0.0226759 -0.0717799  0.0320228 -1.87193 -1.95386  -9.4284  6241
               119.6 -9.27092 -45.7536 -72.8826   -7.61006 -0.0588905    1.51471 0 0 0   -0.011 -0.02329  0.04412 -0.0190218  -0.461043   0.175885 -0.00188538 -0.00177088 -0.00450744  0.0228229 -0.0713389  0.0315229 -1.87214  -1.9538 -9.42837  6304
               119.7 -9.35003 -42.0964  -71.737  -7.60908 -0.105684   1.53396 0 0 0   -0.011 -0.02329  0.04412 0.0983966 -0.533453  0.219188 -0.00190235 -0.00175884 -0.00449515  0.0229875 -0.0709772  0.0313642 -1.87229  -1.9538 -9.42834  6293
               119.8 -9.45078 -36.1011 -71.2197   -7.5972 -0.161746   1.55421 0 0 0   -0.011 -0.02329  0.04412  0.165024 -0.606021  0.173842 -0.00194975 -0.00181232 -0.00446744 0.0232462 -0.070806 0.0312221 -1.87241 -1.95374 -9.42833  6329
               119.9 -9.48868 -30.2659 -69.6909  -7.58497 -0.225758   1.56945 0 0 0   -0.011 -0.02329  0.04412   0.17675  -0.59533 0.0947831  -0.0019851 -0.00179811 -0.00445545  0.0230738 -0.0697864  0.0314088 -1.87264 -1.95404 -9.42822  6334
             119.999 -8.65005 -26.8524 -68.3251  -7.56782 -0.282135   1.57358 0 0 0   -0.011 -0.02329  0.04412   0.237377   -0.53229 -0.0228457  -0.0020391 -0.00175777 -0.00443144  0.0231783 -0.0692805  0.0313355 -1.87282 -1.95412 -9.42817  6341
             120.099 -8.07753 -24.9553 -67.4407  -7.53679 -0.341243   1.57584 0 0 0   -0.011 -0.02329  0.04412  0.359842 -0.542196 0.0079035 -0.00204726 -0.00171117  -0.0044296  0.0222113 -0.0690686  0.0313663 -1.87266 -1.95444 -9.42814  6355
             120.199  -7.4488  -23.011 -66.9468  -7.49819 -0.398174   1.58767 0 0 0   -0.011 -0.02329  0.04412  0.466814 -0.586463  0.129745 -0.00204091 -0.00170396 -0.00441839  0.0217977 -0.0685927  0.0307792 -1.87277 -1.95462 -9.42808  6363
               120.3 -7.37063 -18.3087 -67.3535  -7.45221 -0.459267   1.60537 0 0 0   -0.011 -0.02329  0.04412   0.50669 -0.612509  0.171724 -0.00202316 -0.00174856 -0.00441549 0.0218327 -0.067941 0.0306104 -1.87297 -1.95476 -9.42801  6351
             120.399 -7.75755 -12.7515 -68.4249  -7.40404 -0.515694   1.62604 0 0 0   -0.011 -0.02329  0.04412   0.46099 -0.567637  0.136316 -0.00206413  -0.0017614 -0.00437592  0.0219142 -0.0679813  0.0297621 -1.87308 -1.95469   -9.428  6339
             120.499 -8.46623 -7.12904 -70.4781  -7.36066 -0.571824   1.63729 0 0 0   -0.011 -0.02329  0.04412  0.385668 -0.560688   0.13597  -0.0021079 -0.00177304 -0.00434635  0.0219687 -0.0681356  0.0299788 -1.87303 -1.95464 -9.42802  6370
               120.6   -8.316 -1.68601 -72.4587  -7.3247 -0.62845  1.64797 0 0 0   -0.011 -0.02329  0.04412    0.2787 -0.532596 0.0940291 -0.00219294 -0.00175776 -0.00434352  0.0217054 -0.0684488  0.0302021 -1.87286 -1.95463 -9.42806  6352
             120.699 -7.12974 0.476419 -72.2753  -7.30176 -0.679551   1.64391 0 0 0   -0.011 -0.02329  0.04412  0.183441 -0.481567 0.0211123 -0.00228797 -0.00163494 -0.00436089  0.0217758 -0.0685638  0.0314209 -1.87275 -1.95455  -9.4281  6388
             120.799 -5.99974  1.74363 -72.3219  -7.28704 -0.727883    1.6423 0 0 0   -0.011 -0.02329  0.04412  0.128614 -0.503888 0.0105342 -0.00228004 -0.00163147 -0.00434415  0.0219847 -0.0684844  0.0318117  -1.8728 -1.95449  -9.4281  6363
             120.899 -4.62104  2.71496   -74.09 -7.27952 -0.77922  1.64126 0 0 0   -0.011 -0.02329  0.04412   0.0679538   -0.537878 -0.00139872 -0.00229069 -0.00161635 -0.00432105     0.0222 -0.0681772  0.0320036 -1.87293 -1.95449 -9.42808  6401
             120.999 -2.94029   2.7149 -79.0923  -7.27255 -0.835366   1.64919 0 0 0   -0.011 -0.02329  0.04412 0.0408239 -0.579194  0.094247 -0.00233343 -0.00158416 -0.00426404  0.0220747 -0.0683897   0.031386 -1.87287 -1.95453 -9.42808  6412
               121.1 -0.890086   2.53628  -82.9459  -7.26786 -0.894125    1.6653 0 0 0   -0.011 -0.02329  0.04412 0.0671082 -0.579727  0.197972 -0.00235165 -0.00153366 -0.00426677   0.021992 -0.0683145  0.0312142 -1.87288 -1.95459 -9.42806  6354
             121.199 0.188355   3.3523 -85.1023  -7.25671 -0.953075   1.68619 0 0 0   -0.011 -0.02329  0.04412  0.137346 -0.561793  0.171925 -0.00234637 -0.00150536 -0.00429867  0.0217412 -0.0683725  0.0310636 -1.87281 -1.95467 -9.42806  6450
               121.3 -0.117111   4.60541   -86.242 -7.23775  -1.0038  1.70167 0 0 0   -0.011 -0.02329  0.04412  0.164917 -0.468075 0.0949473 -0.00234307 -0.00152518 -0.00431245  0.0219098 -0.0689726  0.0307929 -1.87269 -1.95455 -9.42811  6385
             121.399 -0.205709   4.61163   -87.345 -7.22416  -1.0454  1.70815 0 0 0   -0.011 -0.02329  0.04412  0.141848 -0.369074 0.0585622 -0.00234955 -0.00151088 -0.00431362  0.0219825 -0.0686907  0.0308924 -1.87278 -1.95456 -9.42809  6453
               121.5 -0.0348093    3.51692   -91.8233 -7.21068 -1.07637  1.71467 0 0 0   -0.011 -0.02329  0.04412  0.121137 -0.257805 0.0389336 -0.00235449 -0.00149437 -0.00427516  0.0221333 -0.0687845  0.0307288 -1.87279 -1.95453 -9.42809  6422
               121.6  0.739645 -0.176396  -103.342 -7.20123 -1.10386  1.71815 0 0 0   -0.011 -0.02329  0.04412   0.111716  -0.194994 0.00684285 -0.00236979 -0.00139182 -0.00416649  0.0214854 -0.0683013  0.0305602 -1.87284 -1.95481 -9.42803  6428
               121.7  2.32588 -3.61146 -115.202 -7.18853 -1.11928  1.71654 0 0 0   -0.011 -0.02329  0.04412   0.123416  -0.121837 -0.0191709 -0.00236861 -0.00135015 -0.00416795  0.0215712 -0.0684782  0.0306982 -1.87278 -1.95475 -9.42805  6411
             121.799  4.63769 -5.58271 -122.923 -7.17475 -1.12835  1.70242 0 0 0   -0.011 -0.02329  0.04412    0.15387 -0.0560277 -0.0792941 -0.00235668 -0.00135891 -0.00428777  0.0214191 -0.0684879  0.0318273 -1.87266 -1.95464  -9.4281  6409
             121.899  7.27192 -6.69699 -128.285 -7.15071 -1.13067  1.69331 0 0 0   -0.011 -0.02329  0.04412     0.239847 -0.000591297   -0.0814173 -0.00235425 -0.00136931 -0.00436676  0.0217072 -0.0691413  0.0319302 -1.87245 -1.95454 -9.42816  6417
             121.999  10.8225 -7.75177 -134.788 -7.12012 -1.12721  1.69203 0 0 0   -0.011 -0.02329  0.04412   0.325014  0.0422493 -0.0343854 -0.00237358 -0.00133757 -0.00435586   0.022064 -0.0695618  0.0313534 -1.87237 -1.95453 -9.42818  6384
             122.099  13.4529 -9.38049 -140.918 -7.08369 -1.12755  1.68388 0 0 0   -0.011 -0.02329  0.04412   0.376287  0.0246818 -0.0561391 -0.00235588 -0.00127755 -0.00439963   0.021696 -0.0698139  0.0318999 -1.87227 -1.95462 -9.42818  6397
             122.199  15.7988 -11.7895 -146.354 -7.04928 -1.12779  1.68418 0 0 0   -0.011 -0.02329  0.04412   0.34816 0.0148699 -0.045286 -0.00231264 -0.00122168 -0.00445458 0.0211607 -0.069839 0.0313085 -1.87242 -1.95478 -9.42812  6368
             122.299   18.076 -13.8478 -151.835 -7.01657 -1.12711  1.67809 0 0 0   -0.011 -0.02329  0.04412   0.325218  0.0126182 -0.0664958 -0.00228832 -0.00119812 -0.00447243  0.0210133 -0.0698117  0.0314167 -1.87244  -1.9548 -9.42811  6393
             122.399  19.7687 -17.3306 -156.954 -6.98303 -1.12225  1.67112 0 0 0   -0.011 -0.02329  0.04412  0.380766 0.0780117 -0.112685 -0.00224365  -0.0011654 -0.00450482  0.0209898 -0.0696503  0.0312051 -1.87249 -1.95477  -9.4281  6361
             122.499  21.7706 -23.7943   -160.9  -6.9443 -1.10932  1.65151 0 0 0   -0.011 -0.02329  0.04412  0.374388  0.101193 -0.166558 -0.00217025  -0.0011336 -0.00456321  0.0212152 -0.0691413  0.0317059 -1.87246 -1.95463 -9.42814  6377
             122.599  24.4653 -28.0703 -166.097 -6.91148  -1.1018  1.63848 0 0 0   -0.011 -0.02329  0.04412  0.288643 0.0391837 -0.109186 -0.00216477 -0.00113504 -0.00453489  0.0211097 -0.0691465  0.0315243  -1.8725 -1.95464 -9.42813  6363
             122.699    26.37 -30.2593 -171.104 -6.88222 -1.10134  1.62868 0 0 0   -0.011 -0.02329  0.04412   0.266765 -0.0126892 -0.0875339 -0.00210416 -0.00114713 -0.00455991 0.0213021 -0.069325 0.0315749 -1.87243 -1.95467 -9.42814  6378
             122.799  27.0014 -32.6742 -173.745  -6.8532 -1.10339  1.62027 0 0 0   -0.011 -0.02329  0.04412   0.257067 -0.0405261 -0.0833182 -0.00206005 -0.00118589 -0.00461414  0.0216475 -0.0694318  0.0313446 -1.87232 -1.95466 -9.42816  6363
             122.899  26.6256 -35.3233 -174.805 -6.82759 -1.11015  1.61006 0 0 0   -0.011 -0.02329  0.04412   0.234242 -0.0479854  -0.091325 -0.00203139 -0.00121693  -0.0046396   0.021827 -0.0696346  0.0316328 -1.87227 -1.95473 -9.42815  6349
             122.999  26.0612 -37.9705 -174.733 -6.80841 -1.11289  1.60376 0 0 0   -0.011 -0.02329  0.04412    0.183106 -0.00484518  -0.0752238 -0.00202972  -0.0012351 -0.00464164  0.0214797 -0.0696305  0.0314664 -1.87236 -1.95472 -9.42814  6354
             123.099  25.2099 -40.9935 -172.406 -6.79586  -1.1113   1.5902 0 0 0   -0.011 -0.02329  0.04412  0.144379 0.0326165 -0.110444 -0.00202685  -0.0012598 -0.00467574  0.0212972 -0.0692304  0.0323015  -1.8725 -1.95469 -9.42812  6352
             123.199  24.1654  -43.725 -169.074 -6.78037 -1.10497  1.57785 0 0 0   -0.011 -0.02329  0.04412   0.114947  0.0484032 -0.0915292 -0.00201287 -0.00130064 -0.00470306  0.0217248 -0.0690214  0.0321311 -1.87237 -1.95462 -9.42816  6340
             123.299  22.8087 -45.5306 -165.335 -6.76944  -1.0995  1.56777 0 0 0   -0.011 -0.02329  0.04412  0.0933667  0.0717538 -0.0906009 -0.00201044 -0.00133042 -0.00468793  0.0218905 -0.0690253  0.0321897 -1.87234 -1.95463 -9.42816  6361
             123.399  20.4597 -47.3745 -159.345 -6.76389 -1.08982  1.56435 0 0 0   -0.011 -0.02329  0.04412  0.0421616   0.112338 -0.0465548  -0.0020088 -0.00133248 -0.00472979  0.0213677 -0.0690405   0.031888 -1.87242 -1.95461 -9.42815  6362
             123.499  16.3995  -48.291 -149.672 -6.75934 -1.07918  1.56063 0 0 0   -0.011 -0.02329  0.04412 -0.0123702    0.10427 -0.0314248 -0.00205841 -0.00139115 -0.00476361  0.0216641 -0.0692719  0.0316425  -1.8723 -1.95463 -9.42817  6331
             123.599  10.4577 -48.8083 -136.327 -6.76605 -1.06492  1.55858 0 0 0   -0.011 -0.02329  0.04412  -0.103648   0.142292 -0.0370035 -0.00206489 -0.00136881 -0.00481781  0.0215113 -0.0689066  0.0314664 -1.87235 -1.95453 -9.42818  6353
               123.7  3.72683  -49.257 -120.164 -6.78482 -1.05328  1.55888 0 0 0   -0.011 -0.02329  0.04412 -0.200196 0.0831409 0.0145772 -0.00206899 -0.00133789 -0.00490595  0.0209255 -0.0687317  0.0316502 -1.87251 -1.95459 -9.42814  6341
               123.8 -1.48704 -47.9541 -107.009 -6.81373 -1.04592  1.56474 0 0 0   -0.011 -0.02329  0.04412  -0.266194 -0.0311609  0.0831389 -0.00204843 -0.00131344 -0.00490243  0.0206547 -0.0678007  0.0315609 -1.87275 -1.95447 -9.42812  6276
             123.899    -6.86 -44.6732 -95.5748 -6.84447 -1.05228  1.57785 0 0 0   -0.011 -0.02329  0.04412 -0.290035 -0.165083  0.147018 -0.00201155 -0.00130309 -0.00488212    0.02053 -0.0672159  0.0312721  -1.8729 -1.95438  -9.4281  6373
                 124 -13.1372 -38.7829 -84.6057  -6.8751 -1.07165  1.59628 0 0 0   -0.011 -0.02329  0.04412 -0.264831  -0.30815  0.217214 -0.00199295 -0.00131144 -0.00486293  0.0206597 -0.0667666  0.0308783 -1.87302 -1.95426  -9.4281  6326
             124.099 -19.3764 -28.7576 -75.8398  -6.899 -1.0995 1.62344 0 0 0   -0.011 -0.02329  0.04412 -0.202805 -0.393055  0.289119 -0.00198419 -0.00137823 -0.00482336  0.0212625 -0.0665159   0.029988 -1.87313 -1.95396 -9.42815  6376
               124.2 -22.7227 -16.1152 -68.9495 -6.92104 -1.14305  1.65462 0 0 0   -0.011 -0.02329  0.04412 -0.182245 -0.453519  0.242673 -0.00205404 -0.00141534 -0.00479884  0.0208286 -0.0660721  0.0297242 -1.87323 -1.95408  -9.4281  6318
             124.299 -23.1252 -3.94089 -62.7391 -6.93732 -1.19168  1.66882 0 0 0   -0.011 -0.02329  0.04412 -0.138047 -0.452578  0.158076 -0.00214645   -0.001402 -0.00476797  0.0209232 -0.0661859  0.0306843 -1.87317 -1.95414  -9.4281  6384
               124.4  -22.365  6.28473 -56.8533 -6.94715 -1.24182  1.67813 0 0 0   -0.011 -0.02329  0.04412 -0.0485794  -0.427166  0.0692792 -0.00220352 -0.00135993 -0.00471399  0.0203448 -0.0659556    0.03144 -1.87307  -1.9544 -9.42807  6393
               124.5 -22.1655  14.3255 -53.5056 -6.94599 -1.28305  1.67762 0 0 0   -0.011 -0.02329  0.04412   0.0243426   -0.403222 -0.00110292 -0.00223113 -0.00135107 -0.00460712   0.020248 -0.0664357  0.0318394 -1.87293 -1.95431 -9.42811  6372
               124.6 -21.1613  21.1994 -52.9526 -6.94562  -1.3219  1.67729 0 0 0   -0.011 -0.02329  0.04412  0.0215523   -0.38046 -0.0180774 -0.00231552 -0.00136817 -0.00451131  0.0205865 -0.0661637  0.0318116 -1.87308 -1.95432 -9.42808  6373
             124.699 -18.9512  26.5252 -51.5651 -6.94258  -1.3527  1.66702 0 0 0   -0.011 -0.02329  0.04412  0.0125337   -0.29261 -0.0547934   -0.002397 -0.00131369 -0.00450629   0.020698 -0.0670227  0.0325381 -1.87302 -1.95398 -9.42816  6354
             124.799 -16.1793  30.2161 -48.9374 -6.94439 -1.37428  1.66387 0 0 0   -0.011 -0.02329  0.04412 -0.0283122  -0.194542    -0.0216 -0.00240972 -0.00128569 -0.00449614  0.0211337 -0.0672236  0.0324883 -1.87313 -1.95385 -9.42817  6391
             124.899 -13.4868  31.9859  -46.553 -6.94701 -1.38443  1.66258 0 0 0   -0.011 -0.02329  0.04412 -0.0342949   -0.10117  -0.019156 -0.00244999 -0.00124312 -0.00447619 0.0215644 -0.067869 0.0323909 -1.87319 -1.95358 -9.42821  6383
             124.999 -11.4236  32.8101 -44.1606 -6.94677  -1.3896  1.66094 0 0 0   -0.011 -0.02329  0.04412 -0.00640158   -0.049204  -0.0217208 -0.00245094 -0.00121258 -0.00446606  0.0215288 -0.0684694  0.0321393 -1.87308  -1.9534 -9.42827  6423
             125.099 -9.85942  33.5225  -42.059 -6.94583 -1.38939  1.65955 0 0 0   -0.011 -0.02329  0.04412    0.038979 -0.00793005  -0.0249816 -0.00245587 -0.00122171 -0.00444969  0.0218955 -0.0688369  0.0321164 -1.87317 -1.95324 -9.42829  6387
             125.199 -9.07999  33.8817 -40.9002 -6.93822 -1.38908  1.65715 0 0 0   -0.011 -0.02329  0.04412  0.0935491 0.00361623 -0.0414998 -0.00246003 -0.00122708  -0.0044435  0.0218575 -0.0689618  0.0319438 -1.87312 -1.95323  -9.4283  6426
               125.3 -8.58461  34.1777 -41.5783 -6.92921 -1.38875  1.65231 0 0 0   -0.011 -0.02329  0.04412     0.13696 -0.00796401  -0.0698101 -0.00246711 -0.00123778 -0.00441945  0.0221983 -0.0687819  0.0320649 -1.87327 -1.95325 -9.42826  6358
             125.399 -8.36187  34.0472 -44.3861 -6.91686 -1.39138  1.64705 0 0 0   -0.011 -0.02329  0.04412   0.141417 -0.0170059 -0.0839301 -0.00248775 -0.00122289 -0.00440371  0.0225247 -0.0683334  0.0318215 -1.87339 -1.95343  -9.4282  6425
               125.5 -8.69098  32.3171 -52.2597 -6.90186 -1.39628     1.64 0 0 0   -0.011 -0.02329  0.04412   0.152877 -0.0467526 -0.0546822 -0.00251748 -0.00116815 -0.00432168  0.0224266 -0.0681972    0.03165 -1.87335 -1.95351 -9.42819  6403
               125.6 -9.19276  30.0277 -62.3184 -6.87674 -1.40272  1.63954 0 0 0   -0.011 -0.02329  0.04412   0.201353 -0.0248972 -0.0178002  -0.0025423 -0.00113654  -0.0043157  0.0218953 -0.0685481  0.0307533 -1.87302 -1.95358 -9.42824  6417
             125.699 -8.73681  27.6922 -70.0929 -6.84958 -1.40688   1.6365 0 0 0   -0.011 -0.02329  0.04412   0.246641 0.00441635 -0.0126578 -0.00255267 -0.00106281 -0.00437169  0.0211449 -0.0686862  0.0305239 -1.87272 -1.95364 -9.42829  6429
             125.799 -8.05863  26.1863 -75.3163 -6.82071 -1.41182  1.63751 0 0 0   -0.011 -0.02329  0.04412    0.284402 -0.00892463   0.0118508 -0.00251527 -0.00100761 -0.00444611  0.0206816 -0.0683273  0.0301358 -1.87259 -1.95388 -9.42827  6420
             125.899 -7.54174  25.3023  -79.249 -6.78876  -1.4098  1.63482 0 0 0   -0.011 -0.02329  0.04412   0.257888    0.01893 -0.0281702 -0.00251953 -0.00096105 -0.00450259 0.0204383  -0.06905 0.0302944 -1.87238 -1.95368 -9.42835  6444
                 126 -7.10452  23.8894 -82.9002 -6.76995 -1.40513  1.63166 0 0 0   -0.011 -0.02329  0.04412  0.173182 0.0300175 -0.034808  -0.00248943 -0.000919548  -0.00451682  0.0208245 -0.0688555  0.0304143 -1.87254 -1.95364 -9.42833  6431
               126.1 -7.15745  21.6242 -87.5232 -6.75632 -1.39978  1.62524 0 0 0   -0.011 -0.02329  0.04412  0.0984286   0.032826 -0.0228507  -0.00248997 -0.000881391  -0.00450479  0.0207664 -0.0690242  0.0309556 -1.87251 -1.95349 -9.42836  6424
               126.2 -6.69957  19.3231 -91.4308 -6.74723 -1.39205  1.62192 0 0 0   -0.011 -0.02329  0.04412  0.0944051  0.0364223 0.00356943  -0.00249907 -0.000858968  -0.00452139  0.0210647 -0.0692629  0.0313933 -1.87253 -1.95329  -9.4284  6397
             126.301 -5.89353  18.0147  -93.006 -6.73735 -1.39002  1.62197 0 0 0   -0.011 -0.02329  0.04412     0.110841 -0.000470428   0.00558672  -0.00248075 -0.000851833  -0.00457206 0.0210311 -0.069239 0.0315003 -1.87253 -1.95327 -9.42841  6422
               126.4 -4.76657  16.9349 -93.7834 -6.72474 -1.39051  1.61888 0 0 0   -0.011 -0.02329  0.04412   0.144019 -0.0290358 -0.0280635  -0.00245764 -0.000860389  -0.00459058  0.0210229 -0.0692935  0.0317979 -1.87251  -1.9532 -9.42843  6417
               126.5 -4.17947  14.9471 -95.8006 -6.70803 -1.39527  1.61558 0 0 0   -0.011 -0.02329  0.04412   0.186746 -0.0527161 -0.0417623  -0.00244318 -0.000837879  -0.00457263  0.0209457 -0.0693251  0.0317131 -1.87249 -1.95323 -9.42842  6413
             126.599 -4.36144  12.8599 -97.1499 -6.68345 -1.40222  1.60977 0 0 0   -0.011 -0.02329  0.04412   0.255111  -0.112315 -0.0446508  -0.00242059 -0.000833302   -0.0045874  0.0209882 -0.0697084  0.0318895 -1.87239 -1.95315 -9.42846  6423
             126.699 -4.42748  12.0405 -96.2067 -6.65351  -1.4197  1.60462 0 0 0   -0.011 -0.02329  0.04412   0.306598  -0.176227 -0.0182326  -0.00241031 -0.000854834  -0.00463316  0.0205366 -0.0699295  0.0320298 -1.87227 -1.95321 -9.42847  6415
             126.799 -4.23969  11.3979 -94.7264 -6.62301 -1.44071  1.60494 0 0 0   -0.011 -0.02329  0.04412  0.333749 -0.184955 0.0108704  -0.00237641 -0.000859328  -0.00464672  0.0202027 -0.0696699  0.0318972 -1.87231 -1.95334 -9.42844  6452
               126.9 -4.08369    10.91 -93.0066 -6.58535 -1.46056   1.6067 0 0 0   -0.011 -0.02329  0.04412  0.385573 -0.185395 0.0341979  -0.00237161 -0.000861878  -0.00464439   0.020001 -0.0699599  0.0319126 -1.87222 -1.95337 -9.42845  6373
             126.999 -4.69142  11.2668 -90.1692 -6.54129 -1.48101  1.60641 0 0 0   -0.011 -0.02329  0.04412  0.439645 -0.166159 0.0118523  -0.00235274 -0.000895366  -0.00467924  0.0195549 -0.0703809  0.0322517 -1.87204 -1.95339 -9.42848  6366
             127.099 -6.59589  12.3542 -85.2261 -6.49449 -1.49393  1.60398 0 0 0   -0.011 -0.02329  0.04412   0.472254  -0.118127 -0.0416789  -0.00230161 -0.000944818  -0.00471656   0.019716 -0.0705691  0.0324418 -1.87199  -1.9533 -9.42851  6319
             127.199 -9.13606  14.5525 -78.6286 -6.44854 -1.50061  1.59752 0 0 0   -0.011 -0.02329  0.04412   0.471831 -0.0599132  -0.110474  -0.0022924 -0.00101364 -0.00474387  0.0200467 -0.0704606  0.0323712 -1.87207 -1.95324 -9.42851  6399
             127.299  -12.794  19.7408 -69.7813 -6.40154 -1.50543  1.58539 0 0 0   -0.011 -0.02329  0.04412    0.548628 -0.00209897     -0.1895 -0.00223026 -0.00114524 -0.00478464  0.0200118 -0.0699693   0.032077  -1.8722 -1.95336 -9.42845  6314
             127.399 -17.6037  27.6752 -59.8066 -6.34342 -1.49917  1.56441 0 0 0   -0.011 -0.02329  0.04412  0.514787  0.144818 -0.231177 -0.00221387 -0.00129451 -0.00480322  0.0199208 -0.0704102  0.0319279 -1.87208 -1.95333 -9.42848  6254
             127.499 -19.7441  34.3255 -49.0208 -6.29454 -1.47559  1.54023 0 0 0   -0.011 -0.02329  0.04412  0.418705  0.260028 -0.246134 -0.00227774 -0.00135888 -0.00477411 0.0201664 -0.070948 0.0319206 -1.87202 -1.95316 -9.42853  6234
             127.599 -19.6832  40.7919 -38.2233 -6.25417 -1.44897  1.51847 0 0 0   -0.011 -0.02329  0.04412  0.334899  0.321723 -0.218202  -0.0023179 -0.00141003 -0.00471243   0.019929 -0.0710055   0.031541 -1.87192 -1.95325 -9.42853  6173
               127.7 -17.9067  45.8235 -27.9097 -6.22152 -1.41228  1.49982 0 0 0   -0.011 -0.02329  0.04412  0.257597  0.383918 -0.179148 -0.00236144 -0.00148759 -0.00467298  0.0199575 -0.0714622  0.0311488 -1.87183 -1.95316 -9.42857  6133
               127.8 -15.9654  48.1953 -20.0716 -6.19617 -1.37369  1.48135 0 0 0   -0.011 -0.02329  0.04412  0.220317  0.419015 -0.141132  -0.0023914 -0.00151915 -0.00461207  0.0194653 -0.0715087  0.0312075 -1.87167 -1.95316  -9.4286  6151
               127.9 -13.6963  48.7673  -13.168 -6.17503 -1.32765   1.4653 0 0 0   -0.011 -0.02329  0.04412  0.211083  0.465596 -0.118857 -0.00240602 -0.00155064 -0.00460139  0.0191905 -0.0717723  0.0316509 -1.87165 -1.95302 -9.42863  6136
                 128 -11.4902  48.3453 -6.94748 -6.15489 -1.27811  1.45387 0 0 0   -0.011 -0.02329  0.04412  0.238751   0.47142 -0.124244 -0.00241091 -0.00155855 -0.00456748  0.0196349 -0.0721134  0.0317184 -1.87182  -1.9529 -9.42862  6110
             128.099  -9.19285   48.6687 -0.803414 -6.12718 -1.23616  1.44366 0 0 0   -0.011 -0.02329  0.04412   0.312351   0.439721 -0.0922699 -0.00238042 -0.00160835 -0.00454935 0.0196019 -0.071472 0.0316502 -1.87175 -1.95315 -9.42859  6108
             128.199 -6.90251  49.7991  5.19979 -6.09531 -1.19159  1.43376 0 0 0   -0.011 -0.02329  0.04412  0.312494  0.381271 -0.102933 -0.00238959 -0.00167413 -0.00455804   0.019579 -0.0719591  0.0316256 -1.87179 -1.95296 -9.42862  6154
               128.3  -4.807 50.1163 10.2459 -6.06537 -1.15663  1.42349 0 0 0   -0.011 -0.02329  0.04412   0.319795   0.315136 -0.0899267 -0.00239394  -0.0016951 -0.00452616  0.0196631 -0.0720018  0.0317182 -1.87184 -1.95296 -9.42861  6131
               128.4 -3.39948  49.7118  13.9246 -6.02973 -1.12388  1.41218 0 0 0   -0.011 -0.02329  0.04412   0.380944   0.267725 -0.0848352 -0.00241192 -0.00170071 -0.00451488  0.0191567 -0.0725757  0.0318458  -1.8718 -1.95268 -9.42867  6131
               128.5 -2.49647  48.5545  16.1848 -5.98802 -1.09806  1.39837 0 0 0   -0.011 -0.02329  0.04412 0.443926 0.204065 -0.16013 -0.00241273 -0.00168967 -0.00448089 0.0187747 -0.072929 0.0318818 -1.87175 -1.95249 -9.42872  6132
             128.599 -1.69603  47.2787  17.9649 -5.93909 -1.07996  1.37822 0 0 0   -0.011 -0.02329  0.04412  0.511892  0.144195 -0.217018 -0.00241456 -0.00169581 -0.00448324  0.0184523 -0.0729402   0.031756 -1.87163 -1.95243 -9.42876  6150
             128.699 -1.31436  45.9851  19.4162 -5.88385 -1.06682  1.35817 0 0 0   -0.011 -0.02329  0.04412  0.600684  0.103378 -0.197591 -0.00239373 -0.00169204 -0.00447899  0.0185996 -0.0730592  0.0315935 -1.87167 -1.95241 -9.42875  6133
               128.8 -1.51576  45.4084  18.6844 -5.81622 -1.05664  1.34291 0 0 0   -0.011 -0.02329  0.04412   0.743487  0.0975748 -0.0810086  -0.0023941 -0.00170933  -0.0044672  0.0184872 -0.0731105  0.0315832 -1.87165 -1.95238 -9.42877  6090
               128.9 -1.53342  45.3427  15.9374 -5.74197 -1.04582  1.34132 0 0 0   -0.011 -0.02329  0.04412   0.700443  0.0837271 0.00682183 -0.00241653 -0.00170695 -0.00445251  0.0185167 -0.0733543  0.0313875 -1.87168 -1.95229 -9.42878  6012
                 129 -2.55548  44.1089  11.3371 -5.67905 -1.04053  1.34152 0 0 0   -0.011 -0.02329  0.04412   0.546456 0.00455901  0.0016305 -0.00240603 -0.00167563 -0.00444364  0.0184539 -0.0733595  0.0313798 -1.87166 -1.95228 -9.42878  5983
               129.1 -1.97842  41.7329  6.24517 -5.63215 -1.04721  1.34202 0 0 0   -0.011 -0.02329  0.04412   0.418326 -0.0980516  0.0278773 -0.00240484 -0.00163984 -0.00445414  0.0186424 -0.0731238   0.031728 -1.87172  -1.9524 -9.42875  5982
               129.2 -0.650774   39.0646   1.25509 -5.60115 -1.05937  1.35221 0 0 0   -0.011 -0.02329  0.04412  0.248805 -0.122879 0.0831073 -0.00238629 -0.00160067 -0.00447826  0.0195769 -0.0731867  0.0315666   -1.872 -1.95254 -9.42866  5936
               129.3 0.497191  35.5659 -3.46718 -5.58466  -1.0736  1.36029 0 0 0   -0.011 -0.02329  0.04412 0.0740398 -0.121734 0.0762569 -0.00234655 -0.00153152  -0.0045148  0.0196543 -0.0729288  0.0316314 -1.87199 -1.95264 -9.42864  5974
               129.4 2.15359 30.6021 -6.6109 -5.59195 -1.08406  1.36818 0 0 0   -0.011 -0.02329  0.04412  -0.134421 -0.0965242  0.0985642 -0.00230919 -0.00149267 -0.00457312  0.0201504 -0.0730289   0.032128 -1.87224 -1.95265 -9.42859  5934
               129.5  4.68956  24.0401 -9.29517 -5.61144 -1.08766  1.37905 0 0 0   -0.011 -0.02329  0.04412  -0.245515 -0.0689325   0.135331 -0.00228264 -0.00141837 -0.00459554  0.0199871 -0.0738573  0.0322249  -1.8723 -1.95233 -9.42865  5984
               129.6  6.87428  16.8934 -12.7746 -5.63845 -1.08617  1.38888 0 0 0   -0.011 -0.02329  0.04412 -0.305601 0.0155453  0.087098 -0.00224303 -0.00137114 -0.00463865  0.0196273 -0.0747374  0.0324271 -1.87227 -1.95197 -9.42873  5957
               129.7  7.34231  9.71277 -14.3559 -5.66574  -1.0772  1.39409 0 0 0   -0.011 -0.02329  0.04412 -0.280969  0.118922 0.0349169 -0.00210733 -0.00132836 -0.00471771  0.0192112 -0.0751425   0.032412 -1.87215  -1.9518 -9.42879  6017
               129.8  6.76335  3.30116 -14.6386 -5.68901 -1.06209   1.3906 0 0 0   -0.011 -0.02329  0.04412  -0.248392   0.171262 -0.0194486 -0.00201452 -0.00134548 -0.00478449  0.0183767 -0.0752598   0.032858 -1.87187 -1.95167 -9.42887  6141
               129.9   5.7207 -2.29643 -15.8489 -5.70933 -1.04385  1.38941 0 0 0   -0.011 -0.02329  0.04412  -0.201452   0.198726 -0.0308635  -0.0019703 -0.00136994 -0.00478003  0.0180173 -0.0753511  0.0325664 -1.87174 -1.95166  -9.4289  6188
                 130  4.25655 -7.14726 -17.5071 -5.72817 -1.02389  1.39091 0 0 0   -0.011 -0.02329  0.04412  -0.174179   0.214471 -0.0210092 -0.00189247 -0.00139714 -0.00477115  0.0181378 -0.0753169  0.0320239  -1.8718 -1.95175 -9.42887  6202
               130.1  2.25948  -11.989 -17.5762 -5.74684  -1.0043  1.38913 0 0 0   -0.011 -0.02329  0.04412  -0.192498   0.236335 -0.0456939 -0.00183756 -0.00141303 -0.00482082   0.018159 -0.0748913  0.0318056 -1.87181 -1.95192 -9.42883  6237
               130.2 -0.145903  -17.0386  -17.5618  -5.76588 -0.983391   1.38667 0 0 0   -0.011 -0.02329  0.04412  -0.166707   0.244044 -0.0403936 -0.00182003  -0.0014549 -0.00484994  0.0181248 -0.0744037   0.031502 -1.87181 -1.95212 -9.42879  6243
               130.3 -2.18263  -21.608  -19.989  -5.78021 -0.961828   1.37896 0 0 0   -0.011 -0.02329  0.04412  -0.13897  0.230979 -0.063038 -0.00177314 -0.00146707 -0.00482478  0.0179685 -0.0739895   0.031883 -1.87169 -1.95223 -9.42879  6268
               130.4 -3.13301   -26.16 -23.3541  -5.79378 -0.940188   1.37114 0 0 0   -0.011 -0.02329  0.04412 -0.134279  0.218404 -0.075488 -0.00174572 -0.00147582 -0.00483845   0.017946 -0.0738487  0.0320049 -1.87165 -1.95227 -9.42879  6252
               130.5 -3.57742 -30.2233 -26.1625   -5.8086 -0.920665   1.36026 0 0 0   -0.011 -0.02329  0.04412  -0.131385   0.209213 -0.0953827 -0.00171827 -0.00149868 -0.00485315  0.0182881 -0.0734542  0.0323237  -1.8717 -1.95238 -9.42876  6269
               130.6 -3.93421 -34.0493 -28.3736  -5.82267 -0.903384   1.35059 0 0 0   -0.011 -0.02329  0.04412   -0.11148   0.196224 -0.0960096 -0.00170791 -0.00151457 -0.00487748  0.0183906 -0.0728584  0.0323286 -1.87172 -1.95258 -9.42871  6284
               130.7 -4.26258 -36.9436 -30.3893  -5.82955 -0.887211   1.34173 0 0 0   -0.011 -0.02329  0.04412 -0.0584794   0.170419 -0.0806273 -0.00168794 -0.00152893 -0.00489019  0.0181031 -0.0725778   0.032552  -1.8716 -1.95269 -9.42871  6293
               130.8 -4.79949 -39.4126  -31.714 -5.83173 -0.87362  1.33184 0 0 0   -0.011 -0.02329  0.04412 -0.0347441    0.15996 -0.0960131 -0.00169051 -0.00156711 -0.00492018  0.0176503 -0.0722441  0.0330362 -1.87137 -1.95285 -9.42872  6331
               130.9 -5.24109 -41.4432 -32.5018  -5.83782 -0.863341   1.32249 0 0 0   -0.011 -0.02329  0.04412 -0.0235838    0.11869 -0.0970211 -0.00168613 -0.00157577 -0.00493706   0.017867 -0.0714508  0.0330605 -1.87146 -1.95309 -9.42866  6310
             130.999 -5.82249 -42.6788  -32.465  -5.84273 -0.854066   1.31778 0 0 0   -0.011 -0.02329  0.04412  0.0167066   0.103219 -0.0495027 -0.00166654 -0.00157777 -0.00494541  0.0179542 -0.0708578  0.0324533 -1.87167 -1.95324 -9.42858  6330
             131.099 -6.55365 -42.4337 -32.2664  -5.84014 -0.847598   1.31727 0 0 0   -0.011 -0.02329  0.04412   0.0649062   0.0740139 -0.00823534 -0.00167075  -0.0016262 -0.00495487  0.0176989 -0.0703757  0.0322127 -1.87171 -1.95341 -9.42854  6318
             131.199 -7.58536 -40.5521 -31.2725  -5.83376 -0.841334   1.32176 0 0 0   -0.011 -0.02329  0.04412  0.128015 0.0751356 0.0281565 -0.00167051 -0.00169655 -0.00497329  0.0176737 -0.0700193  0.0316428 -1.87188 -1.95348 -9.42849  6347
               131.3 -9.88285 -38.2351 -29.9074  -5.82148 -0.834998   1.32427 0 0 0   -0.011 -0.02329  0.04412  0.167081 0.0950494 0.0159701 -0.00165816 -0.00170293 -0.00497259  0.0177531 -0.0694003  0.0315862 -1.87196 -1.95366 -9.42844  6306
               131.4 -11.9987 -34.5344 -29.2166  -5.80014 -0.827083   1.32478 0 0 0   -0.011 -0.02329  0.04412  0.265355 0.0760753 0.0353604 -0.00167793 -0.00175157 -0.00495407 0.0178753 -0.069346 0.0319392  -1.8719 -1.95369 -9.42844  6285
               131.5 -14.3712  -27.372 -28.2055  -5.77452 -0.823139   1.32977 0 0 0   -0.011 -0.02329  0.04412  0.367043 0.0518493 0.0556234  -0.0017145  -0.0018027 -0.00493196  0.0184049 -0.0685044  0.0317489 -1.87214  -1.9539 -9.42836  6305
             131.599 -17.1248 -14.7286 -26.4985   -5.7358 -0.816935   1.33661 0 0 0   -0.011 -0.02329  0.04412  0.484263 0.0468455 0.0299484 -0.00178456 -0.00186924 -0.00491566  0.0187624 -0.0683158  0.0312761 -1.87235 -1.95389 -9.42831  6280
             131.699 -19.3572  2.46994 -23.0629  -5.68536 -0.815021   1.33003 0 0 0   -0.011 -0.02329  0.04412  0.507621 0.0353048 -0.126999 -0.00188689 -0.00191017 -0.00491531   0.018941 -0.0680589  0.0316645 -1.87234 -1.95398  -9.4283  6262
               131.8 -19.1871  19.5374 -16.6865  -5.63919 -0.808776   1.31385 0 0 0   -0.011 -0.02329  0.04412  0.401653  0.123526 -0.238795 -0.00200088 -0.00189885 -0.00491448  0.0188004 -0.0678489   0.031342 -1.87236 -1.95405 -9.42828  6164
               131.9 -17.1422  32.4021 -8.63445  -5.60546 -0.794761   1.28748 0 0 0   -0.011 -0.02329  0.04412  0.295087  0.201487 -0.282015 -0.00209411 -0.00185221 -0.00486001  0.0188073 -0.0674549  0.0314684 -1.87236 -1.95418 -9.42825  6052
             131.999   -13.7103    41.0347 -0.0578905  -5.57742 -0.776999   1.26254 0 0 0   -0.011 -0.02329  0.04412  0.242989  0.224589 -0.215038 -0.00216873 -0.00181631 -0.00479744  0.0184348 -0.0668521    0.03145 -1.87221 -1.95439 -9.42824  6087
             132.099 -9.76931  44.6403   7.2295  -5.55518 -0.753521    1.2446 0 0 0   -0.011 -0.02329  0.04412  0.223059   0.23734 -0.139327 -0.00222076 -0.00175421 -0.00471922  0.0184456 -0.0669095  0.0316265 -1.87223 -1.95437 -9.42824  6096
               132.2 -6.97501  45.1579  11.1117 -5.52668   -0.725  1.22841 0 0 0   -0.011 -0.02329  0.04412  0.308361  0.268815 -0.194357 -0.00226019 -0.00170805 -0.00463611  0.0180943 -0.0673924  0.0312675 -1.87213 -1.95416  -9.4283  6114
               132.3 -5.1698 45.7569 12.6074  -5.49167 -0.697788   1.20632 0 0 0   -0.011 -0.02329  0.04412  0.388367  0.287208 -0.262939 -0.00225848 -0.00170593 -0.00457907   0.018219 -0.0672679  0.0310994 -1.87213 -1.95422 -9.42829  6081
               132.4 -3.31206  45.9686  13.3452  -5.45343 -0.666204   1.18069 0 0 0   -0.011 -0.02329  0.04412  0.437206  0.319656 -0.267444 -0.00228274 -0.00172391 -0.00457365  0.0187484 -0.0677117  0.0311905 -1.87236 -1.95416 -9.42826  6142
               132.5 -2.0884 45.2658 14.5176   -5.4073 -0.625655   1.15618 0 0 0   -0.011 -0.02329  0.04412  0.508435  0.468779 -0.199843 -0.00226935 -0.00168191 -0.00457678  0.0187469 -0.0682317  0.0311094 -1.87245 -1.95399 -9.42827  6084
             132.599 -1.98468  44.9085  15.5767  -5.35433 -0.570678   1.14183 0 0 0   -0.011 -0.02329  0.04412   0.551097   0.555188 -0.0704747 -0.00223081 -0.00168928 -0.00457699   0.018623 -0.0687612  0.0311723 -1.87253 -1.95381 -9.42829  6131
               132.7 -1.39427  44.7196  16.2097  -5.30726 -0.514579   1.13623 0 0 0   -0.011 -0.02329  0.04412   0.423586   0.518945 -0.0775602 -0.00224022 -0.00169642  -0.0045636  0.0189977 -0.0692562  0.0312548 -1.87274 -1.95373 -9.42827  6115
               132.8 -0.750632   44.8276    17.415  -5.26618 -0.465921   1.12825 0 0 0   -0.011 -0.02329  0.04412   0.371288   0.492842 -0.0830106 -0.00222855 -0.00169899 -0.00456363  0.0189788 -0.0687878  0.0310249  -1.8726 -1.95386 -9.42827  6129
               132.9 0.567808  45.2827  18.9845   -5.2309 -0.419448   1.11943 0 0 0   -0.011 -0.02329  0.04412   0.323607   0.467043 -0.0800133  -0.0022204 -0.00169737 -0.00456108 0.0188271 -0.068566  0.031242 -1.87255 -1.95391 -9.42827  6067
             132.999 1.43987 44.5462 20.5102  -5.20188 -0.370348   1.10649 0 0 0   -0.011 -0.02329  0.04412  0.272531  0.493636 -0.171472 -0.00223035 -0.00169128 -0.00455568 0.0186971 -0.068804 0.0314136 -1.87259 -1.95381 -9.42828  6168
               133.1 1.59121 43.3478 21.8999  -5.17701 -0.318073   1.08488 0 0 0   -0.011 -0.02329  0.04412  0.237619  0.528277 -0.261256  -0.0022179 -0.00169678 -0.00456415  0.0187672 -0.0690685  0.0313364 -1.87265 -1.95375 -9.42828  6084
               133.2 2.25648 41.7276  23.513 -5.15238 -0.26197  1.05692 0 0 0   -0.011 -0.02329  0.04412  0.253098  0.584018 -0.252582 -0.00219824 -0.00169555 -0.00455887   0.018441 -0.0692264  0.0314398 -1.87261 -1.95364 -9.42831  6111
             133.299  2.9408 40.2829 25.2163  -5.12815 -0.197816   1.03478 0 0 0   -0.011 -0.02329  0.04412   0.29938  0.669097 -0.146308 -0.00218611 -0.00170854  -0.0045625  0.0186792 -0.0696318  0.0318804 -1.87282 -1.95357 -9.42829  6160
               133.4 3.94554 39.4273 26.0668  -5.09165 -0.129304   1.02511 0 0 0   -0.011 -0.02329  0.04412   0.35702  0.650821 -0.071039 -0.00218576 -0.00171247 -0.00455877  0.0182775 -0.0696194  0.0317109 -1.87269 -1.95349 -9.42833  6122
               133.5 3.93611 37.9811 25.4736   -5.05329 -0.0669383    1.01254 0 0 0   -0.011 -0.02329  0.04412  0.386056  0.585484 -0.137644 -0.00215747 -0.00169781  -0.0045413  0.0177194 -0.0695392   0.031719 -1.87253  -1.9534 -9.42838  6120
               133.6 3.68999 37.2103 25.1677    -5.01421 -0.00875413     1.00025 0 0 0   -0.011 -0.02329  0.04412  0.428945  0.536115 -0.133996  -0.0021554 -0.00171972 -0.00454001   0.017936 -0.0699782  0.0317162 -1.87268 -1.95332 -9.42837  6091
               133.7 3.85206 36.9471 25.0764  -4.96975 0.0393486  0.984441 0 0 0   -0.011 -0.02329  0.04412  0.477395  0.458168 -0.220106 -0.00214228 -0.00172388 -0.00453108  0.0182566 -0.0697477  0.0317439 -1.87272 -1.95345 -9.42833  6152
               133.8 4.06401 36.8213 24.3075  -4.92077 0.0830898  0.959863 0 0 0   -0.011 -0.02329  0.04412  0.515694  0.401239 -0.306074 -0.00216905 -0.00173242 -0.00452985  0.0185145 -0.0699329   0.031498  -1.8728 -1.95345 -9.42831  6160
               133.9 4.45117 35.7335 23.9037 -4.86722 0.120505 0.930973 0 0 0   -0.011 -0.02329  0.04412  0.579177  0.356839 -0.292076 -0.00216171 -0.00171543 -0.00452607  0.0187836 -0.0700112  0.0312341 -1.87286 -1.95349  -9.4283  6147
                 134 5.40017   34.38 23.8336 -4.80427 0.157215 0.908863 0 0 0   -0.011 -0.02329  0.04412 0.704312 0.396809  -0.1622 -0.00214845 -0.00171188 -0.00454846  0.0190361 -0.0701212  0.0310078 -1.87293 -1.95351 -9.42828  6097
             134.099 5.53636 34.2859 23.5386 -4.72773 0.198794 0.893305 0 0 0   -0.011 -0.02329  0.04412  0.762865  0.446525 -0.100239  -0.0021139 -0.00171066  -0.0045392  0.0186108 -0.0695867  0.0314141 -1.87274 -1.95357  -9.4283  6169
               134.2 6.68617  34.901 24.0545 -4.65523 0.245146 0.883007 0 0 0   -0.011 -0.02329  0.04412  0.660802  0.426345 -0.114859 -0.00214043  -0.0017163 -0.00455076  0.0184518 -0.0700602  0.0313483 -1.87279 -1.95341 -9.42833  6112
               134.3 7.12328 35.1611 23.6854 -4.59335 0.288634 0.866537 0 0 0   -0.011 -0.02329  0.04412  0.624679  0.468455 -0.188148 -0.00213741 -0.00170556 -0.00455041  0.0184718 -0.0700729  0.0318103 -1.87284 -1.95339 -9.42832  6126
               134.4 6.33343 37.6805 22.2927 -4.52913   0.3397 0.841773 0 0 0   -0.011 -0.02329  0.04412  0.619174  0.493088 -0.263343 -0.00213848 -0.00172655 -0.00452716  0.0178667 -0.0703232   0.031981 -1.87275  -1.9532 -9.42838  6101
             134.499 5.48513 39.3815 20.3349 -4.46779 0.391135 0.811767 0 0 0   -0.011 -0.02329  0.04412  0.594795  0.491505 -0.348793 -0.00216683 -0.00169681 -0.00452286  0.0175744 -0.0706985  0.0318045 -1.87273 -1.95304 -9.42841  6170
               134.6 3.61947 41.3005 16.4293  -4.4064  0.44066 0.770984 0 0 0   -0.011 -0.02329  0.04412  0.646765  0.526004 -0.456083  -0.0021936 -0.00168573 -0.00449565  0.0175986 -0.0705311   0.031879 -1.87271 -1.95309 -9.42841  6146
               134.7 1.19202 43.9962 10.4786 -4.33871 0.493528 0.725828 0 0 0   -0.011 -0.02329  0.04412  0.697166   0.51543 -0.436096 -0.00223714 -0.00168683 -0.00447379  0.0175614 -0.0705879  0.0317385  -1.8727 -1.95307 -9.42841  6108
               134.8 -0.349191   45.6063   3.22536 -4.26505  0.54378  0.69399 0 0 0   -0.011 -0.02329  0.04412 0.781521 0.494499 -0.24882 -0.00229661 -0.00164808 -0.00448571  0.0180399 -0.0704982  0.0313514 -1.87276 -1.95319 -9.42838  6207
               134.9 -2.42343  46.8664 -4.50263 -4.19058 0.588274 0.673581 0 0 0   -0.011 -0.02329  0.04412  0.700161  0.438119 -0.168502  -0.0023247 -0.00159651 -0.00447988 0.0182812 -0.070117 0.0315673  -1.8728 -1.95333 -9.42834  6135
                 135 -4.41608  46.5084 -9.80191 -4.12159 0.627707 0.654913 0 0 0   -0.011 -0.02329  0.04412  0.657836  0.363358 -0.161454 -0.00229531 -0.00150329 -0.00453276  0.0176976 -0.0699192  0.0317244 -1.87264 -1.95331 -9.42838  6169
               135.1 -6.03442  47.0138 -13.3983 -4.05791 0.659472  0.63815 0 0 0   -0.011 -0.02329  0.04412 0.616673 0.289759 -0.17533 -0.00226485 -0.00150388 -0.00456551 0.0177778 -0.069707 0.0317762 -1.87265 -1.95338 -9.42836  6168
               135.2  -6.2926  47.0109 -15.7966 -3.99939 0.689515 0.617176 0 0 0   -0.011 -0.02329  0.04412  0.583433  0.236538 -0.263917 -0.00228856 -0.00148206 -0.00459392 0.0179544 -0.070352 0.0318481 -1.87275 -1.95319 -9.42838  6134
               135.3 -6.30178  47.0414 -18.0723  -3.9431 0.712865 0.586421 0 0 0   -0.011 -0.02329  0.04412  0.607264  0.185929 -0.339492 -0.00227911 -0.00146946 -0.00459104   0.018331 -0.0706403  0.0321837 -1.87292  -1.9531 -9.42836  6169
               135.4 -5.37708  46.7597 -19.2104 -3.87611 0.733292 0.553305 0 0 0   -0.011 -0.02329  0.04412 0.701211 0.177307 -0.27552 -0.00229391 -0.00145987 -0.00461783  0.0179564 -0.0712045   0.032217 -1.87285 -1.95291 -9.42842  6162
               135.5 -4.10912  45.0949 -19.5763 -3.80209 0.753058 0.533753 0 0 0   -0.011 -0.02329  0.04412    0.77295    0.19088 -0.0891697 -0.00227998 -0.00144491 -0.00461768  0.0180005 -0.0715282  0.0324507  -1.8729 -1.95279 -9.42843  6154
               135.6 -2.82547  42.1271  -18.996 -3.72623 0.773766 0.534496 0 0 0   -0.011 -0.02329  0.04412  0.673148  0.242414 0.0691195 -0.00224542 -0.00141132 -0.00463904   0.017916 -0.0714609  0.0319982 -1.87281 -1.95286 -9.42844  6178
               135.7 -0.826999   38.2239  -16.6951  -3.6667 0.802245 0.540925 0 0 0   -0.011 -0.02329  0.04412  0.533641  0.294328 0.0555572 -0.00221092 -0.00140664 -0.00467028   0.017854 -0.0717104  0.0321789 -1.87282 -1.95276 -9.42845  6144
               135.8 0.572113  35.4576 -14.4758 -3.61522 0.837051 0.543942 0 0 0   -0.011 -0.02329  0.04412   0.483873   0.362335 -0.0150381 -0.00217312 -0.00142395 -0.00467455   0.017954 -0.0721383  0.0320955 -1.87283 -1.95265 -9.42848  6158
               135.9 0.187701   32.887 -12.9065 -3.57417 0.876673 0.536336 0 0 0   -0.011 -0.02329  0.04412  0.400938   0.40588 -0.107962 -0.00212343 -0.00144349 -0.00467218  0.0181866 -0.0721198  0.0328403 -1.87299 -1.95257 -9.42846  6155
                 136 -0.368058   30.3436  -11.3957 -3.53525 0.915083 0.518802 0 0 0   -0.011 -0.02329  0.04412  0.378576  0.401989 -0.214988 -0.00210325 -0.00145377  -0.0046737  0.0178837 -0.0718065  0.0330413 -1.87292 -1.95263 -9.42846  6114
               136.1 -0.400976   28.4787  -10.1986 -3.49683  0.95482 0.493608 0 0 0   -0.011 -0.02329  0.04412  0.388165  0.413743 -0.270417  -0.0020906 -0.00149622 -0.00466802  0.0177329 -0.0716417  0.0330519 -1.87287 -1.95267 -9.42846  6155
               136.2 0.196387  27.0572  -9.6875   -3.452  1.00151 0.464645 0 0 0   -0.011 -0.02329  0.04412  0.463198  0.492384 -0.250002 -0.00210839 -0.00151143 -0.00466272  0.0171575 -0.0721582  0.0331979 -1.87273 -1.95249 -9.42853  6088
               136.3 0.787414  25.6579 -7.78874 -3.40182  1.05603 0.444117 0 0 0   -0.011 -0.02329  0.04412  0.529793  0.537536 -0.133617 -0.00210142 -0.00151334 -0.00469122  0.0169883 -0.0724632  0.0332599 -1.87269 -1.95238 -9.42856  6133
               136.4   2.3388  24.6845 -7.47357 -3.34801  1.10869 0.437394 0 0 0   -0.011 -0.02329  0.04412   0.520644   0.512642 -0.0418542 -0.00211954 -0.00152735 -0.00465902 0.0170257  -0.07239 0.0330355 -1.87269 -1.95243 -9.42855  6098
               136.5  2.78983  23.9489 -8.25067 -3.29834  1.15552 0.433841 0 0 0   -0.011 -0.02329  0.04412   0.427637   0.388542 -0.0506702 -0.00211169 -0.00151952  -0.0046452  0.0167698 -0.0725412  0.0327047  -1.8726  -1.9524 -9.42857  6107
               136.6  3.29511  23.6468 -9.53405 -3.25883  1.18222  0.42848 0 0 0   -0.011 -0.02329  0.04412   0.343103    0.21148 -0.0437625 -0.00209267 -0.00150969 -0.00464041  0.0164285 -0.0719606  0.0326259 -1.87246 -1.95256 -9.42857  6120
               136.7  3.33206  24.0017 -11.0014 -3.22596  1.19822 0.426175 0 0 0   -0.011 -0.02329  0.04412   0.307263   0.115516 -0.0200974 -0.00210718 -0.00148459  -0.0046385  0.0163441 -0.0718898  0.0324753 -1.87243  -1.9526 -9.42857  6123
               136.8  2.47673  25.1741 -13.3047 -3.19512  1.20259 0.422747 0 0 0   -0.011 -0.02329  0.04412   0.355803 0.00575096 -0.0866584 -0.00208811 -0.00150123 -0.00462869  0.0166892 -0.0715717  0.0323521 -1.87251 -1.95271 -9.42852  6117
             136.899  1.22525  27.4043 -16.9806 -3.16009  1.20098 0.410199 0 0 0   -0.011 -0.02329  0.04412    0.311184 -0.00686718   -0.137609 -0.00210992 -0.00149765 -0.00461781   0.016584 -0.0715085  0.0323445 -1.87248 -1.95273 -9.42853  6162
             137.001 -0.135602   27.4676  -19.9824 -3.13174   1.2007 0.393636 0 0 0   -0.011 -0.02329  0.04412   0.274415 -0.0295718  -0.136425 -0.00213078 -0.00144668 -0.00463655  0.0163775 -0.0716386  0.0329311 -1.87244 -1.95262 -9.42856  6087
               137.1 -1.51034  26.8877 -22.9363 -3.10844  1.19683 0.383719 0 0 0   -0.011 -0.02329  0.04412   0.265801 -0.0872931  -0.118977 -0.00212947 -0.00145176 -0.00463771  0.0172451 -0.0718286  0.0325814 -1.87269 -1.95262 -9.42851  6118
               137.2 -2.90031   25.999 -24.1786 -3.08306  1.18442 0.371692 0 0 0   -0.011 -0.02329  0.04412    0.24671   -0.14758 -0.0932263 -0.00211384 -0.00143442 -0.00465637   0.017303 -0.0716576  0.0326841 -1.87271 -1.95265  -9.4285  6081
               137.3 -3.34454  22.2602 -24.6897 -3.0515 1.16753 0.36296 0 0 0   -0.011 -0.02329  0.04412    0.37673   -0.24286 -0.0469197 -0.00211918 -0.00139272 -0.00468026  0.0169632 -0.0720826  0.0328788 -1.87261 -1.95252 -9.42855  6125
               137.4 -4.64271   16.794 -26.3201 -3.00899  1.14265 0.360103 0 0 0   -0.011 -0.02329  0.04412   0.459805   -0.28839 -0.0266206 -0.00208368 -0.00136841  -0.0046749  0.0170323 -0.0723376  0.0328316 -1.87262 -1.95245 -9.42856  6072
               137.5 -5.65899  9.07608 -28.1494 -2.96011  1.10746 0.363153 0 0 0   -0.011 -0.02329  0.04412  0.524336 -0.372996  0.065584  -0.0020344 -0.00132568 -0.00468698  0.0169492 -0.0720072  0.0324224  -1.8726 -1.95259 -9.42853  6107
               137.6 -6.19785  3.87722 -28.8076 -2.89716  1.07098 0.374803 0 0 0   -0.011 -0.02329  0.04412  0.636497 -0.356232  0.190914 -0.00199055 -0.00134434  -0.0047483  0.0161123 -0.0723623  0.0329269 -1.87235  -1.9525  -9.4286  6136
               137.7 -7.00379  4.77694 -30.2668 -2.83553  1.03822 0.394082 0 0 0   -0.011 -0.02329  0.04412  0.575348 -0.283308  0.117037 -0.00196142  -0.0015155 -0.00475704  0.0162755 -0.0724194   0.032449  -1.8724 -1.95251 -9.42859  6108
               137.8 -7.24507  6.40884 -32.1518  -2.7874  1.01515 0.399397 0 0 0   -0.011 -0.02329  0.04412  0.446754 -0.190299 0.0173268  -0.0019867 -0.00156706 -0.00474219   0.016809 -0.0723752  0.0326906 -1.87254 -1.95246 -9.42857  6156
               137.9 -7.52312  7.89315  -33.413 -2.74686 0.999215 0.399859 0 0 0   -0.011 -0.02329  0.04412   0.395106  -0.120213 -0.0430972 -0.00199998  -0.0015673 -0.00475429  0.0169777 -0.0719765  0.0324312 -1.87263 -1.95256 -9.42853  6143
             138.001  -7.0083  8.94602 -34.9324 -2.70944 0.985066 0.394012 0 0 0   -0.011 -0.02329  0.04412   0.362415  -0.124015 -0.0684498 -0.00200424 -0.00154234 -0.00474072  0.0167037 -0.0717038  0.0324265 -1.87258 -1.95266 -9.42852  6093
               138.1 -5.78624  9.36029 -36.0984 -2.66992 0.974836 0.386936 0 0 0   -0.011 -0.02329  0.04412   0.389407  -0.102021 -0.0781765 -0.00204064  -0.0015318 -0.00474656  0.0163303 -0.0720509  0.0323113 -1.87245 -1.95262 -9.42856  6135
               138.2 -5.08525  9.33749 -38.1169 -2.63027 0.966656 0.374483 0 0 0   -0.011 -0.02329  0.04412   0.431623 -0.0870738  -0.135887 -0.00204156 -0.00151178 -0.00473644  0.0166557 -0.0722352  0.0327416  -1.8725 -1.95251 -9.42857  6111
               138.3 -5.51918  10.0509 -42.1112 -2.58466 0.955731 0.355107 0 0 0   -0.011 -0.02329  0.04412  0.478441 -0.107063 -0.195981  -0.0020333 -0.00150669 -0.00471798  0.0164638 -0.0720351  0.0331737 -1.87245 -1.95255 -9.42857  6133
               138.4 -4.85625  10.8666 -47.4289 -2.53564 0.939871 0.333765 0 0 0   -0.011 -0.02329  0.04412   0.51432 -0.164943 -0.231496 -0.00205666 -0.00150654 -0.00469185  0.0162725 -0.0716461  0.0331277 -1.87245 -1.95267 -9.42855  6096
             138.501 -1.35624  10.6799 -55.4929 -2.48306 0.921371 0.311545 0 0 0   -0.011 -0.02329  0.04412  0.539578 -0.161808 -0.231288 -0.00212792 -0.00146304  -0.0046739  0.0161829 -0.0713643  0.0328203 -1.87248 -1.95277 -9.42852  6115
             138.601   3.5552  8.45654 -69.0706 -2.43086 0.906085 0.292175 0 0 0   -0.011 -0.02329  0.04412   0.53994 -0.131568 -0.133617 -0.00220592  -0.0013412 -0.00461214   0.016178 -0.0711733  0.0328646 -1.87251  -1.9528 -9.42851  6075
               138.7  5.65712  8.30179 -84.6726 -2.37389 0.897891 0.286067 0 0 0   -0.011 -0.02329  0.04412    0.54283  -0.136958 -0.0515054 -0.00218979   -0.001265 -0.00461566  0.0166638 -0.0718226  0.0327222 -1.87248 -1.95262 -9.42855  6127
               138.8  4.90429  10.7217 -95.0009 -2.32692 0.887015 0.279391 0 0 0   -0.011 -0.02329  0.04412   0.412533  -0.124925 -0.0589696 -0.00211673 -0.00128451 -0.00475068  0.0171966 -0.0716919  0.0329947 -1.87255 -1.95246 -9.42857  6144
               138.9  4.13489   13.699 -98.4198 -2.28892 0.870026  0.27528 0 0 0   -0.011 -0.02329  0.04412   0.342266  -0.180459 -0.0453215 -0.00212368 -0.00129032 -0.00492112  0.0168625 -0.0718002  0.0327741 -1.87253 -1.95258 -9.42855  6125
                 139  3.35412  16.1548 -96.9312 -2.25303 0.850008 0.269532 0 0 0   -0.011 -0.02329  0.04412   0.314189  -0.184991 -0.0558947 -0.00211081 -0.00127723 -0.00504343  0.0165074 -0.0723685  0.0328759 -1.87239 -1.95269 -9.42855  6158
               139.1   3.4899  16.3458 -94.3889 -2.22422 0.830848  0.26374 0 0 0   -0.011 -0.02329  0.04412  0.239974 -0.224765 -0.051666 -0.00213477 -0.00125416  -0.0050603  0.0165267 -0.0724655  0.0329769 -1.87235 -1.95268 -9.42856  6135
               139.2  3.92608  16.0311 -93.7145 -2.20088 0.802853 0.258816 0 0 0   -0.011 -0.02329  0.04412   0.200955  -0.338351 -0.0491552 -0.00216215 -0.00124179 -0.00503184  0.0165464 -0.0728128  0.0329424 -1.87228 -1.95272 -9.42857  6101
               139.3  4.01376  15.6676 -93.0657  -2.1831 0.763459 0.256393 0 0 0   -0.011 -0.02329  0.04412    0.163876   -0.411072 -0.00969996 -0.00215012 -0.00123754 -0.00502887  0.0163233 -0.0728114  0.0326645 -1.87232  -1.9528 -9.42854  6147
               139.4  4.84884  15.0409 -90.9353  -2.1687 0.719625 0.261212 0 0 0   -0.011 -0.02329  0.04412  0.110928 -0.481087  0.125215 -0.00215254 -0.00125052 -0.00502339 0.0164646 -0.072885 0.0326487  -1.8723 -1.95278 -9.42855  6126
               139.5  6.90771  15.5337 -90.0431 -2.16161 0.665793 0.281633 0 0 0   -0.011 -0.02329  0.04412 0.0726665 -0.537788  0.257918 -0.00215974 -0.00124577 -0.00501956  0.0161402 -0.0725736  0.0324603 -1.87241 -1.95285 -9.42852  6173
               139.6  8.77545  16.3309 -91.7557 -2.15727 0.611133 0.302991 0 0 0   -0.011 -0.02329  0.04412 0.0150418  -0.51041  0.165803 -0.00217327 -0.00122314 -0.00498906   0.015749 -0.0725055  0.0326382 -1.87241 -1.95291 -9.42851  6160
             139.701  10.4487  16.4398 -97.2319 -2.15624 0.563235 0.309073 0 0 0   -0.011 -0.02329  0.04412 -0.0239874  -0.493387  0.0368206 -0.00220639 -0.00117687 -0.00494336  0.0158213 -0.0726448   0.033413 -1.87227 -1.95279 -9.42856  6156
             139.801  11.2759  18.3721 -104.188 -2.16285  0.51056 0.312383 0 0 0   -0.011 -0.02329  0.04412 -0.0669517  -0.470238  0.0268538 -0.00220442 -0.00114819 -0.00492371  0.0152925 -0.0724624  0.0330934 -1.87237 -1.95294 -9.42851  6183
               139.9  12.3296  19.9392 -111.544 -2.16885 0.468793 0.317122 0 0 0   -0.011 -0.02329  0.04412 -0.0851271  -0.401173  0.0130222 -0.00223301 -0.00111007 -0.00494777  0.0156915 -0.0727567  0.0327847 -1.87234 -1.95293 -9.42852  6202
             140.001  13.3991  21.4567 -120.246 -2.17284 0.429829 0.317534 0 0 0   -0.011 -0.02329  0.04412 -0.0552076  -0.388933 -0.0176839 -0.00228095 -0.00105156 -0.00492216  0.0158932 -0.0733532  0.0328169  -1.8722 -1.95297 -9.42853  6164
               140.1  14.2776  22.9614 -128.509 -2.17368 0.387581   0.3135 0 0 0   -0.011 -0.02329  0.04412 0.0262403 -0.400448 -0.032607 -0.00229722 -0.00100899 -0.00496719  0.0154908 -0.0737411   0.033012 -1.87213  -1.9531 -9.42852  6159
               140.2  15.5032  23.5669 -135.021 -2.16271 0.349306  0.31077 0 0 0   -0.011 -0.02329  0.04412   0.121516  -0.411818 -0.0233437  -0.00230796 -0.000958751  -0.00503565  0.0159871 -0.0741516  0.0332657 -1.87195 -1.95308 -9.42856  6195
             140.301  17.0705  24.2296 -140.383 -2.14707 0.304712 0.308267 0 0 0   -0.011 -0.02329  0.04412    0.200398   -0.464823 -0.00355941  -0.00231441 -0.000931564  -0.00508407  0.0158255 -0.0742168   0.033298 -1.87196 -1.95312 -9.42855  6166
               140.4  19.4256  25.0694 -144.656 -2.12532  0.25571 0.307834 0 0 0   -0.011 -0.02329  0.04412  0.241853 -0.477134 0.0571113  -0.00232395 -0.000882102  -0.00511613  0.0153314 -0.0742266  0.0337524 -1.87195 -1.95314 -9.42855  6180
               140.5  21.5596  26.3754 -148.362 -2.10105 0.204757 0.318337 0 0 0   -0.011 -0.02329  0.04412  0.240147 -0.508828  0.139276  -0.00232741 -0.000855991  -0.00513386  0.0152831 -0.0744828  0.0336683 -1.87196 -1.95322 -9.42853  6196
             140.601  22.2275  26.6983 -151.726 -2.07838 0.153108 0.332097 0 0 0   -0.011 -0.02329  0.04412  0.188981 -0.496615  0.138725  -0.00231263 -0.000809857  -0.00513868  0.0151767 -0.0747161  0.0338408 -1.87194 -1.95329 -9.42852  6207
             140.701   21.926  27.0762 -154.784 -2.06461 0.102809 0.345372 0 0 0   -0.011 -0.02329  0.04412 0.0532747 -0.508526  0.111101 -0.00229346   -0.000798 -0.00516711 0.0154308 -0.074799 0.0338491 -1.87188 -1.95331 -9.42853  6213
             140.801  21.6059  28.3843 -157.362 -2.06256 0.054531 0.355935 0 0 0   -0.011 -0.02329  0.04412 -0.0525684  -0.452506  0.0812792  -0.00228448 -0.000819215  -0.00516057  0.0157934 -0.0749703  0.0339003 -1.87179 -1.95336 -9.42853  6187
             140.901  21.8452  29.1603 -160.283  -2.07696 0.0056744   0.36251 0 0 0   -0.011 -0.02329  0.04412 -0.187047 -0.478513 0.0468494  -0.00230025 -0.000778619  -0.00515666  0.0152193 -0.0753996  0.0337102 -1.87198 -1.95349 -9.42847  6168
                 141 21.8255 29.7881 -162.38   -2.10245 -0.0452393   0.366105 0 0 0   -0.011 -0.02329  0.04412  -0.32096 -0.498415 0.0245834  -0.00230465 -0.000766392  -0.00516795 0.0150986  -0.07571 0.0336887 -1.87203 -1.95358 -9.42844  6211
               141.1  22.5952  30.3144 -163.629   -2.14314 -0.0981929   0.373285 0 0 0   -0.011 -0.02329  0.04412 -0.468042 -0.480957 0.0975812  -0.00230176 -0.000758122  -0.00518922  0.0149705 -0.0764567  0.0332667  -1.8722 -1.95379 -9.42837  6210
               141.2  24.2673  31.9744 -164.986  -2.19421 -0.142698   0.38853 0 0 0   -0.011 -0.02329  0.04412 -0.516446 -0.413025  0.238355  -0.00232675 -0.000763768  -0.00517578  0.0147748 -0.0762837  0.0335466 -1.87216 -1.95374 -9.42838  6217
               141.3   25.801  33.7857 -166.712  -2.24179 -0.183454  0.414313 0 0 0   -0.011 -0.02329  0.04412  -0.42441 -0.383839  0.256939  -0.00232972 -0.000734283  -0.00517296  0.0147951 -0.0764555    0.03372 -1.87213  -1.9538 -9.42838  6218
               141.4  26.7001     35.2 -169.073  -2.27533 -0.224301  0.436143 0 0 0   -0.011 -0.02329  0.04412 -0.318255 -0.394742  0.163206  -0.00234711 -0.000717186  -0.00517473   0.015251 -0.0768682  0.0341038 -1.87198 -1.95397 -9.42837  6228
               141.5   27.267  37.1471 -170.458    -2.303 -0.265321  0.449438 0 0 0   -0.011 -0.02329  0.04412 -0.246545   -0.3963  0.124979  -0.00233135 -0.000707811  -0.00518491  0.0153377 -0.0770096  0.0343889 -1.87191 -1.95404 -9.42837  6204
             141.601  27.7761  38.5923 -171.848  -2.32204 -0.303941  0.458599 0 0 0   -0.011 -0.02329  0.04412 -0.149326 -0.362646 0.0700631 -0.00233023 -0.00068266 -0.00518712  0.0152814 -0.0770545  0.0346877 -1.87185 -1.95407 -9.42837  6228
             141.701 28.0931 40.3962 -175.12  -2.33275 -0.342657  0.461622 0 0 0   -0.011 -0.02329  0.04412 -0.0679677  -0.361511 -0.0213717  -0.00237039 -0.000673344  -0.00517132  0.0153252 -0.0774958  0.0349002 -1.87185 -1.95422 -9.42834  6230
             141.801  28.7692  43.3022 -179.119  -2.33468 -0.379507  0.458391 0 0 0   -0.011 -0.02329  0.04412  0.0895963  -0.349509 -0.0298358  -0.00239611 -0.000648962  -0.00514716  0.0152303 -0.0777773  0.0347218 -1.87195 -1.95427 -9.42831  6257
             141.901 29.3712 44.4542 174.677  -2.31576 -0.415707  0.459044 0 0 0   -0.011 -0.02329  0.04412  0.285811 -0.367653 0.0202516  -0.00242362 -0.000596009   -0.0051533  0.0153575 -0.0779694   0.034648 -1.87198 -1.95433  -9.4283  6165
                 142 30.6493 44.7971 168.709  -2.28836 -0.457189  0.462542 0 0 0   -0.011 -0.02329  0.04412  0.292163 -0.401368 0.0637249  -0.00245239 -0.000542328  -0.00518618 0.0149568   -0.0786 0.0346322 -1.87217 -1.95445 -9.42823  6204
               142.1 31.6423 45.9455 165.294  -2.26236 -0.497632  0.473331 0 0 0   -0.011 -0.02329  0.04412  0.259029 -0.374787  0.124661  -0.00243055 -0.000529654  -0.00521185  0.0149401 -0.0789919  0.0345244 -1.87227 -1.95453  -9.4282  6226
             142.201 32.8015 45.7327 164.136  -2.23804 -0.532222  0.484302 0 0 0   -0.011 -0.02329  0.04412  0.279774 -0.303133  0.096773  -0.00240247 -0.000480695  -0.00526562 0.0145139 -0.079197 0.0344492 -1.87241 -1.95451 -9.42817  6184
               142.3 34.0605 44.6714 163.613  -2.20761 -0.563415  0.489118 0 0 0   -0.011 -0.02329  0.04412  0.290095 -0.268325 0.0395684  -0.00240851 -0.000471454  -0.00528187  0.0145164 -0.0792807  0.0351324  -1.8723 -1.95464 -9.42817  6227
               142.4 32.5039  43.915 161.206  -2.17714 -0.593249  0.497306 0 0 0   -0.011 -0.02329  0.04412  0.304515 -0.246475 0.0560658 -0.00237183 -0.00044683 -0.00526116  0.0152813 -0.0799108  0.0352509 -1.87232 -1.95492 -9.42811  6207
             142.501 30.7123 42.8648 159.194   -2.1434 -0.615171  0.500466 0 0 0   -0.011 -0.02329  0.04412  0.335722 -0.185421 0.0262836  -0.00233901 -0.000442479  -0.00527264 0.0153882 -0.079616 0.0355274 -1.87218 -1.95493 -9.42813  6191
               142.6 30.1171 41.4785 158.718 -2.10957 -0.63201 0.501561 0 0 0   -0.011 -0.02329  0.04412   0.348805  -0.140548 -0.0161094  -0.00233394 -0.000466034  -0.00528495  0.0153189 -0.0798157  0.0355274 -1.87224 -1.95495 -9.42812  6212
               142.7 29.5883 40.8837 158.848  -2.08094 -0.642496  0.498801 0 0 0   -0.011 -0.02329  0.04412   0.290877 -0.0832277 -0.0433158  -0.00231992 -0.000477834  -0.00528154  0.0148286 -0.0801911  0.0352292 -1.87246 -1.95489 -9.42808  6204
               142.8 29.1304 41.9943 158.958  -2.05481 -0.650101  0.495152 0 0 0   -0.011 -0.02329  0.04412   0.276665 -0.0756629 -0.0563561  -0.00231595 -0.000530563  -0.00526927  0.0148748 -0.0806068  0.0348815 -1.87262 -1.95492 -9.42805  6220
             142.901 28.5295 41.8468 158.514  -2.02837 -0.659731   0.48689 0 0 0   -0.011 -0.02329  0.04412   0.238339    -0.1045 -0.0389193  -0.00232755 -0.000491856  -0.00525351  0.0143646 -0.0805177  0.0354473 -1.87259  -1.9549 -9.42806  6171
                 143 27.2477 41.1229   158.8  -2.00879 -0.673123  0.485796 0 0 0   -0.011 -0.02329  0.04412   0.164562   -0.15802 -0.0125008  -0.00230186 -0.000496532  -0.00525855  0.0145936 -0.0807632  0.0352792 -1.87264 -1.95496 -9.42803  6230
             143.101 26.3226 39.1203 160.905  -1.99552 -0.694688  0.489027 0 0 0   -0.011 -0.02329  0.04412  0.118666 -0.212017 0.0557865  -0.00228438 -0.000503111  -0.00529702  0.0148474 -0.0813997  0.0353408 -1.87275 -1.95515 -9.42797  6209
             143.201 25.8155 36.7637 163.282  -1.98696 -0.718717   0.49738 0 0 0   -0.011 -0.02329  0.04412  0.046736 -0.250367  0.101083  -0.00226062 -0.000529427  -0.00528882  0.0148833 -0.0816082  0.0354815 -1.87278 -1.95522 -9.42795  6204
             143.301 24.7336 34.7249 165.153  -1.98786 -0.748381  0.507241 0 0 0   -0.011 -0.02329  0.04412 -0.0551826   -0.31708  0.0910178   -0.0022386 -0.000548997   -0.0052838  0.0148092 -0.0819309  0.0355831 -1.87285 -1.95528 -9.42793  6200
             143.401 23.9992 33.9052 168.196  -1.99822 -0.785824  0.516302 0 0 0   -0.011 -0.02329  0.04412 -0.146751 -0.399176 0.0945791 -0.00222342 -0.00060532 -0.00528465  0.0149643 -0.0822295  0.0357861 -1.87286  -1.9554  -9.4279  6210
             143.501 22.6379 32.9354  170.22  -2.01895 -0.832734  0.530257 0 0 0   -0.011 -0.02329  0.04412 -0.203054  -0.49322  0.136771  -0.00222804 -0.000620022  -0.00527308  0.0148423 -0.0830708  0.0354268 -1.87312 -1.95553 -9.42782  6235
             143.601  21.438 31.3058 172.368  -2.04226 -0.887596  0.544807 0 0 0   -0.011 -0.02329  0.04412 -0.256368 -0.580275  0.163038  -0.00223474 -0.000652379   -0.0052671   0.014776 -0.0833442  0.0355998 -1.87316 -1.95561  -9.4278  6208
             143.701  20.788  29.531 175.164  -2.06953 -0.947341  0.560803 0 0 0   -0.011 -0.02329  0.04412 -0.305377 -0.616648  0.187114   -0.0022193 -0.000696543  -0.00525913  0.0147521 -0.0830742  0.0358716 -1.87307 -1.95556 -9.42782  6168
               143.8 20.9641 27.9537 177.401 -2.10109 -1.00414 0.578556 0 0 0   -0.011 -0.02329  0.04412 -0.353509 -0.496149  0.171014 -0.00222148 -0.00070427 -0.00525287   0.014777 -0.0828832  0.0357825 -1.87305 -1.95551 -9.42784  6188
             143.901  23.6094  28.8271 -178.941 -2.13835 -1.04878 0.596958 0 0 0   -0.011 -0.02329  0.04412 -0.342242 -0.406842  0.207572  -0.00226807 -0.000782441  -0.00525758  0.0146647 -0.0829452  0.0358415 -1.87307 -1.95552 -9.42783  6240
             144.001  24.0964  28.6571 -177.788 -2.16685 -1.08931 0.620769 0 0 0   -0.011 -0.02329  0.04412 -0.275124 -0.373794  0.194337  -0.00226384 -0.000761511  -0.00521609   0.015281 -0.0832719   0.035538 -1.87303 -1.95565 -9.42781  6226
             144.101  23.9493  29.0446 -178.149 -2.19632 -1.12796 0.636517 0 0 0   -0.011 -0.02329  0.04412 -0.275735  -0.35351  0.159154  -0.00226286 -0.000745663  -0.00517317  0.0148848 -0.0836498  0.0358653 -1.87311 -1.95573 -9.42778  6191
             144.201  23.7424  28.7518 -178.144 -2.22202 -1.16065 0.651472 0 0 0   -0.011 -0.02329  0.04412 -0.282125 -0.323572  0.139412  -0.0022519 -0.00075003  -0.0051709  0.0151737 -0.0833682  0.0359309   -1.873 -1.95569 -9.42781  6232
             144.301  23.4968  27.8002 -178.058 -2.25342 -1.19296 0.660759 0 0 0   -0.011 -0.02329  0.04412  -0.33844 -0.306684 0.0814251   -0.0022424 -0.000726685  -0.00519127  0.0148363 -0.0834118  0.0362515 -1.87302  -1.9557 -9.42781  6222
             144.401  23.1199  26.8619 -178.149  -2.2934 -1.22185 0.666624 0 0 0   -0.011 -0.02329  0.04412 -0.426315 -0.267044 0.0687887 -0.00222832  -0.0007342 -0.00516754   0.014401 -0.0834034  0.0362349 -1.87312 -1.95565  -9.4278  6207
               144.5  23.2594  25.5667 -177.791 -2.33878 -1.24957 0.675554 0 0 0   -0.011 -0.02329  0.04412 -0.489365 -0.226754  0.126216 -0.00222976 -0.00074586 -0.00516802  0.0144898 -0.0838679   0.036473 -1.87311  -1.9558 -9.42777  6174
               144.6  24.6474  23.0745 -176.446  -2.3882 -1.27494 0.695236 0 0 0   -0.011 -0.02329  0.04412 -0.481197 -0.227223  0.277546  -0.00222021 -0.000742253  -0.00519665  0.0144455 -0.0844262  0.0367217 -1.87315 -1.95596 -9.42773  6206
             144.701  25.4798  20.8807 -175.518 -2.43756 -1.30138 0.733772 0 0 0   -0.011 -0.02329  0.04412 -0.473346 -0.278837  0.362287  -0.0022049 -0.00072702 -0.00518633  0.0147486 -0.0850457  0.0359029 -1.87329 -1.95609 -9.42767  6219
               144.8  25.1477  19.8229 -174.947 -2.48219 -1.33281 0.767738 0 0 0   -0.011 -0.02329  0.04412 -0.413263  -0.32946  0.259911  -0.00217764 -0.000751554  -0.00517223   0.014848 -0.0853378  0.0356504 -1.87334 -1.95616 -9.42765  6185
             144.901  25.0446  19.7198 -173.946 -2.52288 -1.36854 0.786599 0 0 0   -0.011 -0.02329  0.04412 -0.397486 -0.349529  0.175423  -0.00218629 -0.000786294  -0.00517036  0.0146602 -0.0854272  0.0361262 -1.87332 -1.95621 -9.42764  6219
             145.001  25.375  20.353 -172.92  -2.5588 -1.40198 0.803353 0 0 0   -0.011 -0.02329  0.04412 -0.307284 -0.345009  0.150294  -0.00219731 -0.000795524  -0.00516933  0.0147545 -0.0852818  0.0360091  -1.8733 -1.95617 -9.42765  6216
             145.101  25.3145  19.1539 -174.043 -2.58423  -1.4379 0.814669 0 0 0   -0.011 -0.02329  0.04412  -0.20011 -0.384862  0.103869  -0.00220076 -0.000743253  -0.00513341  0.0145593 -0.0851486  0.0362562  -1.8733 -1.95613 -9.42766  6227
             145.201  24.8406  17.4396 -176.685  -2.6023 -1.48105 0.821523 0 0 0   -0.011 -0.02329  0.04412 -0.181496 -0.441774 0.0489565  -0.00217378 -0.000715461  -0.00511703  0.0146124 -0.0853745  0.0364915 -1.87327 -1.95621 -9.42765  6211
             145.301  25.0879  16.9166 -179.733 -2.61983 -1.52846 0.822475 0 0 0   -0.011 -0.02329  0.04412  -0.17257 -0.468634 0.0482422  -0.00218514 -0.000740911  -0.00510072  0.0144977 -0.0854622  0.0371488 -1.87321 -1.95627 -9.42765  6174
               145.4 25.7252 16.6845 173.757 -2.63372 -1.57333 0.832955 0 0 0   -0.011 -0.02329  0.04412 -0.109074 -0.440337  0.122536  -0.00220735 -0.000661216  -0.00503052  0.0146948 -0.0854291  0.0367305 -1.87322 -1.95625 -9.42765  6193
               145.5 26.5322 17.6399 163.287  -2.6468 -1.61652 0.851143 0 0 0   -0.011 -0.02329  0.04412 -0.159456 -0.421626   0.23392  -0.00224138 -0.000614119  -0.00493485  0.0146687 -0.0855587  0.0366544 -1.87325 -1.95628 -9.42764  6182
             145.601 26.9621 19.2247 157.515 -2.66813 -1.66166 0.877287 0 0 0   -0.011 -0.02329  0.04412 -0.215913  -0.43573  0.211378 -0.00220302 -0.00061064 -0.00502733  0.0143984 -0.0861833  0.0364371 -1.87343 -1.95638 -9.42758  6174
               145.7 27.0074 20.5335 154.308 -2.69617 -1.70484 0.894687 0 0 0   -0.011 -0.02329  0.04412 -0.332828 -0.389901  0.144335  -0.00219493 -0.000606991  -0.00507577  0.0141958 -0.0864711  0.0364736 -1.87352 -1.95642 -9.42756  6201
             145.801 25.8589 23.5862 151.447  -2.7324 -1.74113 0.910051 0 0 0   -0.011 -0.02329  0.04412 -0.408082  -0.31381  0.120435  -0.00219401 -0.000609894  -0.00506911  0.0146244 -0.0865348  0.0363542 -1.87345  -1.9565 -9.42755  6226
             145.901 25.6424 26.2291 149.149 -2.77523 -1.76757 0.917486 0 0 0   -0.011 -0.02329  0.04412 -0.452091 -0.269315  0.052848  -0.00221518 -0.000596703  -0.00506828  0.0142232 -0.0862507  0.0363026 -1.87347 -1.95636 -9.42758  6198
                 146  25.177 28.3296 146.875  -2.8265 -1.79611 0.920674 0 0 0   -0.011 -0.02329  0.04412 -0.547952 -0.267053 0.0184321  -0.00222589 -0.000570334  -0.00507576  0.0140617 -0.0866131  0.0364496 -1.87358 -1.95641 -9.42755  6230
               146.1 23.8233 30.1737 144.382 -2.88357 -1.82332 0.924431 0 0 0   -0.011 -0.02329  0.04412 -0.606333 -0.235425 0.0475148  -0.00223024 -0.000566628  -0.00508011   0.014452 -0.0867767  0.0364929 -1.87355 -1.95652 -9.42753  6181
             146.201 23.3761 31.5508 141.444  -2.9464 -1.84389 0.936143 0 0 0   -0.011 -0.02329  0.04412 -0.609842 -0.171231  0.158279   -0.0022816 -0.000556514  -0.00507659  0.0143987 -0.0872056  0.0360995 -1.87369 -1.95654  -9.4275  6218
             146.301 24.4081 32.6386 140.106 -3.00518 -1.86268 0.959501 0 0 0   -0.011 -0.02329  0.04412 -0.571968 -0.175951  0.283959  -0.00228725 -0.000575364   -0.0051033  0.0147874 -0.0873736  0.0362561 -1.87367 -1.95667 -9.42748  6199
             146.401 25.1575  32.583 139.981 -3.05763 -1.88318 0.985043 0 0 0   -0.011 -0.02329  0.04412 -0.474293 -0.264586  0.258875  -0.00228555 -0.000531081  -0.00513616 0.0145394 -0.087069 0.0365409 -1.8736 -1.9566 -9.4275  6174
               146.5 25.3157 30.3202 140.546 -3.10135 -1.91342  1.00877 0 0 0   -0.011 -0.02329  0.04412 -0.387361  -0.35018  0.257344 -0.00224475 -0.00049468 -0.00517618  0.0143284 -0.0870405  0.0366624 -1.87361 -1.95656 -9.42751  6213
             146.601 25.2526 26.1682  142.11 -3.1301 -1.9564 1.03587 0 0 0   -0.011 -0.02329  0.04412 -0.237105  -0.46436  0.281777  -0.00221227 -0.000496905  -0.00520399  0.0149327 -0.0868696  0.0370488 -1.87346 -1.95673  -9.4275  6197
             146.701 24.9642 19.3501 143.225 -3.15045 -2.00531   1.0584 0 0 0   -0.011 -0.02329  0.04412 -0.152996 -0.546408  0.206446  -0.00215965 -0.000428378  -0.00523775  0.0143766 -0.0867011  0.0372056 -1.87348  -1.9566 -9.42753  6222
             146.801 24.7045 12.0293 142.763 -3.16696 -2.06485  1.07616 0 0 0   -0.011 -0.02329  0.04412 -0.0914595  -0.638051    0.12361  -0.00212825 -0.000404571  -0.00522961  0.0140727 -0.0874285  0.0371359 -1.87372 -1.95662 -9.42748  6152
               146.9 24.8059 4.18512 140.688 -3.17529 -2.13168  1.08987 0 0 0   -0.011 -0.02329  0.04412 -0.0548075  -0.719178   0.122439  -0.00208892 -0.000395149  -0.00521112  0.0138462 -0.0876542  0.0366745 -1.87384 -1.95655 -9.42747  6165
             147.001 25.0613 -2.1356 137.541 -3.18072 -2.20855  1.10122 0 0 0   -0.011 -0.02329  0.04412 -0.0912747  -0.734864   0.159759 -0.00202791 -0.00041575 -0.00522254 0.0143229 -0.087668 0.0373061 -1.87374 -1.95672 -9.42745  6150
               147.1 25.0912 -7.2413 135.948 -3.19248 -2.28288  1.12451 0 0 0   -0.011 -0.02329  0.04412 -0.116875 -0.692475  0.256423  -0.00198153 -0.000447695  -0.00523466  0.0146442 -0.0881984  0.0372329 -1.87381 -1.95687 -9.42741  6207
             147.201  23.6038 -14.0971  139.484 -3.2011 -2.3496 1.14489 0 0 0   -0.011 -0.02329  0.04412 -0.0667047  -0.601713   0.123725 -0.00192421 -0.00046831 -0.00530834  0.0147903 -0.0881689   0.037296 -1.87377 -1.95691 -9.42741  6217
             147.301  23.5834 -20.4457  142.163 -3.20695 -2.40232  1.15385 0 0 0   -0.011 -0.02329  0.04412 -0.0859655  -0.471325  0.0572672  -0.00192523 -0.000507087  -0.00529064   0.014945 -0.0879806  0.0369739 -1.87369 -1.95691 -9.42742  6227
               147.4  22.8662 -25.2899  143.376  -3.2155 -2.44701  1.16082 0 0 0   -0.011 -0.02329  0.04412 -0.0996996  -0.403899  0.0568766   -0.0018835 -0.000528312   -0.0052768  0.0151573 -0.0880598  0.0368227 -1.87365 -1.95697 -9.42742  6246
               147.5  22.1074 -29.6311  143.819 -3.22498 -2.48328  1.16294 0 0 0   -0.011 -0.02329  0.04412  -0.102628  -0.320743 -0.0127364  -0.00184263 -0.000554255  -0.00526041  0.0152028 -0.0879433  0.0367473 -1.87361 -1.95696 -9.42743  6249
             147.601  21.4511 -33.8808  144.994 -3.23602 -2.50826  1.16355 0 0 0   -0.011 -0.02329  0.04412  -0.140135  -0.217934 0.00638211  -0.00181714 -0.000579944  -0.00526209  0.0149352 -0.0875944  0.0364283 -1.87357 -1.95686 -9.42746  6217
             147.701   20.203 -37.6382  147.715 -3.25025 -2.52521  1.16076 0 0 0   -0.011 -0.02329  0.04412  -0.166209  -0.127276 -0.0306525  -0.00180135 -0.000608556  -0.00529596  0.0150804 -0.0874301  0.0365865 -1.87353 -1.95684 -9.42747  6264
               147.8  18.4328 -41.0551  151.659  -3.2665 -2.52833  1.15549 0 0 0   -0.011 -0.02329  0.04412   -0.190116 -0.00830237  -0.0597057  -0.00177258 -0.000624911  -0.00530629  0.0149557 -0.0866993  0.0364871 -1.87342 -1.95667 -9.42753  6248
               147.9 15.4541 -44.914 158.007 -3.28263 -2.52125  1.14643 0 0 0   -0.011 -0.02329  0.04412  -0.182776   0.104202 -0.0624142  -0.00176872 -0.000637306  -0.00535047  0.0152575 -0.0859913   0.036433 -1.87324 -1.95655 -9.42758  6260
                 148 14.2013 -48.226 163.556 -3.29861 -2.50383  1.14651 0 0 0   -0.011 -0.02329  0.04412 -0.213999   0.21341 0.0347527  -0.00177926 -0.000629501  -0.00532354  0.0152571 -0.0856683  0.0357039 -1.87308 -1.95653 -9.42762  6255
             148.101  13.2695 -49.2345  168.989 -3.32267  -2.4797  1.15215 0 0 0   -0.011 -0.02329  0.04412 -0.277391  0.246671 0.0796006  -0.00176209 -0.000679706  -0.00530967   0.015408 -0.0854864  0.0357023 -1.87303 -1.95651 -9.42764  6232
             148.201  11.594 -49.388 175.772 -3.34954 -2.45445  1.15684 0 0 0   -0.011 -0.02329  0.04412 -0.274429  0.238716 0.0455772  -0.00176348 -0.000690407  -0.00530765  0.0156892 -0.0852864  0.0357582 -1.87297 -1.95647 -9.42766  6241
             148.301  9.41388 -49.1253 -175.692 -3.37798 -2.43141  1.16262 0 0 0   -0.011 -0.02329  0.04412 -0.287219  0.204887 0.0785333  -0.00176172 -0.000680764  -0.00531594   0.015579 -0.0852382  0.0357972   -1.873 -1.95645 -9.42765  6230
             148.401  7.89908 -47.1474 -167.592 -3.40575 -2.41292   1.1752 0 0 0   -0.011 -0.02329  0.04412 -0.305486  0.134783  0.187446  -0.00176221 -0.000651778  -0.00533029  0.0157319 -0.0850595  0.0355534 -1.87291 -1.95642 -9.42768  6253
             148.501  7.98933 -42.5486 -162.794 -3.43288  -2.4025  1.19608 0 0 0   -0.011 -0.02329  0.04412 -0.258035 0.0558812  0.178351  -0.00176617 -0.000665721  -0.00529325 0.0159081 -0.084944 0.0351494 -1.87281 -1.95639  -9.4277  6189
             148.601  8.56331 -40.0045 -158.938 -3.45297 -2.39775  1.20491 0 0 0   -0.011 -0.02329  0.04412 -0.128752 0.0364052 0.0534223  -0.00179311 -0.000636369  -0.00530573  0.0161511 -0.0848671  0.0354412  -1.8728 -1.95637 -9.42771  6172
             148.701  9.72263 -39.9159 -155.724 -3.46279 -2.39115  1.20927 0 0 0   -0.011 -0.02329  0.04412 -0.0473058  0.0149503  0.0287349   -0.0018078 -0.000571138  -0.00530299  0.0160567 -0.0841859  0.0353159 -1.87285 -1.95621 -9.42773  6214
             148.801  9.88171 -40.3356 -152.773 -3.46306 -2.39184  1.21031 0 0 0   -0.011 -0.02329  0.04412  0.0149409 -0.0551534 0.00460999 -0.00179164 -0.00055272  -0.0053088  0.0162873 -0.0841256  0.0351377 -1.87279 -1.95617 -9.42775  6119
             148.901  8.65931  -40.593 -150.545 -3.45807 -2.39713  1.20648 0 0 0   -0.011 -0.02329  0.04412    0.0296524     -0.10436 -0.000484394  -0.00175327 -0.000566172  -0.00530746   0.017074 -0.0838072    0.03518 -1.87266 -1.95604 -9.42781  6157
             149.001  8.36473 -39.6731 -150.604 -3.45916  -2.4087  1.21476 0 0 0   -0.011 -0.02329  0.04412 -0.0241799  -0.121998  0.0711498  -0.00173013 -0.000570749  -0.00525156   0.016368 -0.0837493  0.0346151 -1.87276 -1.95606 -9.42778  6122
               149.1  9.56874 -36.9075 -152.799 -3.46645 -2.41912  1.22177 0 0 0   -0.011 -0.02329  0.04412 -0.0962453  -0.129482  0.0970606  -0.00174927 -0.000611489  -0.00521179  0.0164655 -0.0832638  0.0348046 -1.87282 -1.95596 -9.42779  6140
             149.201   10.542  -31.609 -155.304 -3.48128  -2.4309   1.2345 0 0 0   -0.011 -0.02329  0.04412 -0.191729 -0.154502  0.158617  -0.00175984 -0.000666752  -0.00516923  0.0164562 -0.0828343  0.0346199 -1.87285 -1.95586  -9.4278  6115
             149.301  10.3329  -22.882 -155.436 -3.50551 -2.44706  1.25357 0 0 0   -0.011 -0.02329  0.04412 -0.252123 -0.133067  0.153248  -0.00181442 -0.000755985  -0.00520782  0.0160977 -0.0828677  0.0344768 -1.87291  -1.9559 -9.42779  6146
             149.401  10.6328 -14.2426 -154.222 -3.53357 -2.46022    1.266 0 0 0   -0.011 -0.02329  0.04412 -0.278269 -0.119853  0.106222  -0.00190709 -0.000757245  -0.00523205  0.0158639 -0.0828108  0.0347046 -1.87298 -1.95592 -9.42777  6122
             149.501  11.3949 -5.08897 -153.362 -3.56166 -2.47134  1.26768 0 0 0   -0.011 -0.02329  0.04412  -0.289402 -0.0913444  0.0281495  -0.00198609 -0.000785389  -0.00522288  0.0163178 -0.0827644  0.0354743 -1.87292 -1.95589 -9.42779  6174
             149.601 12.9457 1.79522 -152.34 -3.58406 -2.47722  1.26624 0 0 0   -0.011 -0.02329  0.04412 -0.199854 -0.027715  -0.02621 -0.00208861  -0.0007684 -0.00522437  0.0167919 -0.0829004  0.0355734  -1.8728 -1.95588 -9.42781  6147
               149.7  14.6429  5.15918 -151.925 -3.59608 -2.47527  1.26046 0 0 0   -0.011 -0.02329  0.04412  -0.113604  0.0219669 -0.0425174  -0.00214773 -0.000718648  -0.00521872  0.0174293 -0.0827825  0.0357637 -1.87266  -1.9558 -9.42786  6163
               149.8  16.1452  8.22207 -153.042   -3.605 -2.46814  1.25683 0 0 0   -0.011 -0.02329  0.04412  -0.120046  0.0606304 -0.0481819  -0.00217046 -0.000713881  -0.00519332  0.0181025 -0.0825404  0.0355424 -1.87254  -1.9557  -9.4279  6198
               149.9 17.9683 11.6069 -156.53  -3.6234 -2.46257  1.25299 0 0 0   -0.011 -0.02329  0.04412  -0.158422   0.081025 -0.0555165  -0.00220976 -0.000674785  -0.00515977  0.0173479 -0.0824473  0.0353156 -1.87273 -1.95573 -9.42786  6112
                 150  19.5836   15.114 -162.972 -3.64057 -2.45108  1.24596 0 0 0   -0.011 -0.02329  0.04412  -0.155605   0.130639 -0.0669233  -0.00222973 -0.000632669  -0.00512629  0.0172216 -0.0821632  0.0353781 -1.87277 -1.95568 -9.42786  6083
             150.101  20.9002  18.0904 -170.058 -3.65476 -2.43933  1.24447 0 0 0   -0.011 -0.02329  0.04412  -0.116348   0.136961 -0.0439451  -0.00227111 -0.000574039  -0.00513076  0.0171758 -0.0826174  0.0348658 -1.87283 -1.95579 -9.42783  6108
             150.201  21.7933  19.8146 -175.117 -3.66489 -2.42943  1.24385 0 0 0   -0.011 -0.02329  0.04412 -0.0662855   0.117151 -0.0158114  -0.00228922 -0.000527813  -0.00519982  0.0170421 -0.0831627  0.0346101 -1.87289 -1.95592 -9.42779  6055
             150.301 21.6316 20.2208 179.768 -3.66588 -2.42154  1.24769 0 0 0   -0.011 -0.02329  0.04412 -0.00770443    0.089842    0.023892  -0.00227729 -0.000470578  -0.00520728  0.0174702 -0.0837223  0.0343919 -1.87284 -1.95605 -9.42777  6110
             150.401 21.6087 19.5538 177.164 -3.66366 -2.41165  1.25522 0 0 0   -0.011 -0.02329  0.04412  0.043756  0.087406 0.0553344  -0.00225177 -0.000441198  -0.00527962  0.0178599 -0.0837103  0.0338745 -1.87283 -1.95605 -9.42777  6083
             150.501 21.6995 16.9973 176.466 -3.65434 -2.40694  1.25748 0 0 0   -0.011 -0.02329  0.04412  0.129331 0.0383637 0.0664872  -0.00223477 -0.000408763  -0.00534272  0.0177414 -0.0837993  0.0345454 -1.87277 -1.95609 -9.42777  6117
             150.601 20.8385 12.3552 174.908 -3.63929 -2.40398  1.26094 0 0 0   -0.011 -0.02329  0.04412   0.185701 0.00528664   0.055496  -0.00218624 -0.000340148  -0.00536123  0.0173922 -0.0835986  0.0348627 -1.87278 -1.95604 -9.42778  6105
             150.701 20.0202 6.58287 174.141 -3.61747 -2.40524  1.26477 0 0 0   -0.011 -0.02329  0.04412   0.225878 -0.0146335  0.0332664  -0.00213928 -0.000330045  -0.00538816 0.0175321 -0.083603 0.0350467 -1.87272 -1.95606 -9.42779  6113
             150.801  19.8341 0.120605  174.724 -3.59672 -2.40728  1.26343 0 0 0   -0.011 -0.02329  0.04412    0.227775 -0.00718285  -0.0100553   -0.0021082 -0.000331447  -0.00543775  0.0170174 -0.0836783  0.0354458  -1.8728 -1.95604 -9.42778  6157
             150.901  20.2029 -6.63877   176.59 -3.57022 -2.40824   1.2589 0 0 0   -0.011 -0.02329  0.04412   0.242441 0.00306913 -0.0499881  -0.00206401 -0.000367426  -0.00547201 0.0174376 -0.083643 0.0357468 -1.87267 -1.95609 -9.42779  6182
             151.001  20.6275 -13.4028  179.005 -3.54836  -2.4087  1.25202 0 0 0   -0.011 -0.02329  0.04412   0.207466 0.00185626 -0.0753973  -0.00201393 -0.000371305   -0.0054956  0.0172609 -0.0837663  0.0358574 -1.87272 -1.95611 -9.42778  6187
             151.101  20.9191 -19.3612  -178.84  -3.5313 -2.40522  1.24848 0 0 0   -0.011 -0.02329  0.04412   0.165875  0.0211071 -0.0718589   -0.0019658 -0.000377719  -0.00549919   0.016975 -0.0836106  0.0351855  -1.8728 -1.95603 -9.42778  6143
               151.2  21.0791 -24.4982 -176.768 -3.51717 -2.40385  1.24763 0 0 0   -0.011 -0.02329  0.04412  0.131357 0.0170088 -0.045414  -0.00195297 -0.000388417  -0.00549233  0.0167522 -0.0839729  0.0344969 -1.87288 -1.95608 -9.42775  6104
             151.301  20.8632 -28.5603 -174.404 -3.50302 -2.40379  1.24103 0 0 0   -0.011 -0.02329  0.04412      0.1132 -0.00184812  -0.0469746  -0.00189744 -0.000421472  -0.00549269   0.017142 -0.0840552  0.0347247 -1.87279 -1.95612 -9.42776  6131
             151.401  19.8984 -31.8016 -171.791 -3.48969 -2.40269  1.23595 0 0 0   -0.011 -0.02329  0.04412    0.116648 -0.00729728  -0.0435843  -0.00186557 -0.000450848  -0.00549331  0.0174985 -0.0838163  0.0345547 -1.87269 -1.95607 -9.42779  6105
             151.501  19.3967 -34.6764 -171.007 -3.47786 -2.40267  1.22741 0 0 0   -0.011 -0.02329  0.04412     0.12301 -0.00965967  -0.0676739   -0.0018365 -0.000460494  -0.00546762  0.0176918 -0.0835366  0.0349636 -1.87268 -1.95602 -9.42781  6135
               151.6  19.5004 -37.6142 -172.069 -3.46373 -2.40214  1.21456 0 0 0   -0.011 -0.02329  0.04412     0.15728 -0.00409888   -0.114072   -0.0017834 -0.000475227  -0.00544916  0.0180689 -0.0831566   0.035449 -1.87264 -1.95596 -9.42783  6130
               151.7  19.8183 -41.3448 -173.526 -3.44327 -2.40276  1.19979 0 0 0   -0.011 -0.02329  0.04412    0.206971 -0.00340709   -0.150366  -0.00175637 -0.000481907  -0.00543824  0.0185041 -0.0832499  0.0354845 -1.87255 -1.95598 -9.42784  6213
             151.801  20.7467 -45.3516 -175.385  -3.4229 -2.40157  1.18679 0 0 0   -0.011 -0.02329  0.04412  0.216298 0.0047975 -0.155857  -0.00173013 -0.000489414  -0.00544077  0.0181516 -0.0831013  0.0351831 -1.87259 -1.95593 -9.42784  6190
             151.901  22.5623 -48.9563 -177.741 -3.40479 -2.40091  1.17306 0 0 0   -0.011 -0.02329  0.04412   0.180871 0.00366499  -0.138532  -0.00171109 -0.000496999  -0.00544732  0.0177305 -0.0830101  0.0352281 -1.87269 -1.95592 -9.42782  6233
             152.001  24.0985 -51.5438 -179.151 -3.38985 -2.40037  1.16253 0 0 0   -0.011 -0.02329  0.04412   0.143755 -0.0068791  -0.101563  -0.00171279 -0.000513103  -0.00545398 0.0173989 -0.082885 0.0351454 -1.87275 -1.95589 -9.42782  6225
             152.101  25.0336  -53.832 -179.748 -3.37507 -2.39851  1.15403 0 0 0   -0.011 -0.02329  0.04412    0.141498 -0.00127356  -0.0966049 -0.00169088 -0.00052575 -0.00546192  0.0172357 -0.0826045  0.0347305 -1.87273 -1.95581 -9.42784  6220
             152.201  26.3185 -56.0548  179.138 -3.36275 -2.39803  1.14332 0 0 0   -0.011 -0.02329  0.04412   0.119924 -0.0154734 -0.0812915  -0.00167477 -0.000520968  -0.00545927  0.0172953 -0.0823155  0.0349274 -1.87276 -1.95576 -9.42784  6212
               152.3 27.0934 -57.478 178.112 -3.35312 -2.39845  1.13362 0 0 0   -0.011 -0.02329  0.04412  0.0821616 -0.0138067  -0.063813 -0.00164402 -0.00053563 -0.00546368   0.017611 -0.0819465  0.0351947 -1.87278  -1.9557 -9.42785  6200
               152.4  27.2247 -58.6527  178.484 -3.34649 -2.39449  1.12618 0 0 0   -0.011 -0.02329  0.04412   0.057529  0.0158531 -0.0629032   -0.0016452 -0.000522444  -0.00549144  0.0176569 -0.0812733  0.0350741 -1.87278 -1.95554 -9.42789  6231
             152.501  27.3912 -59.7122  179.132 -3.34072 -2.39003  1.12069 0 0 0   -0.011 -0.02329  0.04412  0.0471823  0.0263035 -0.0521224 -0.00163595 -0.00053696 -0.00547363   0.017587 -0.0809496  0.0347936 -1.87276 -1.95546 -9.42791  6225
             152.601  27.3036 -60.7923 -179.628 -3.33481 -2.38254  1.11512 0 0 0   -0.011 -0.02329  0.04412  0.0410176  0.0458131 -0.0402809  -0.00164178 -0.000532456  -0.00548657  0.0177127 -0.0804527  0.0343994 -1.87269 -1.95533 -9.42795  6218
             152.701  25.0732 -61.9195 -175.646 -3.33017 -2.37599  1.11175 0 0 0   -0.011 -0.02329  0.04412  0.0380747  0.0458054 -0.0246159  -0.00162955 -0.000541896  -0.00550745  0.0177527 -0.0801959  0.0341813 -1.87266 -1.95526 -9.42797  6199
               152.8  19.4631 -62.9253 -167.384 -3.32897 -2.36774  1.10961 0 0 0   -0.011 -0.02329  0.04412  0.0140668  0.0669799 -0.0113484   -0.001617  -0.0005686 -0.00554177 0.0176116 -0.079623 0.0341567 -1.87271 -1.95514 -9.42798  6233
             152.901  15.7176 -63.3892 -160.711 -3.32524 -2.35959  1.10361 0 0 0   -0.011 -0.02329  0.04412  0.0146113    0.07164 -0.0376441  -0.00163674 -0.000567707  -0.00551448  0.0183028 -0.0795144  0.0341398 -1.87262 -1.95511 -9.42801  6192
             153.001    12.12  -63.694 -154.362 -3.32498 -2.34871  1.09838 0 0 0   -0.011 -0.02329  0.04412 -0.0122134  0.0848723 -0.0268578  -0.00162435 -0.000574986  -0.00551566  0.0185552 -0.0790078  0.0340728 -1.87263   -1.955 -9.42803  6226
             153.101  9.12626 -63.6089  -148.39 -3.32899 -2.33512  1.09418 0 0 0   -0.011 -0.02329  0.04412 -0.0438997   0.113715 -0.0267744  -0.00163024 -0.000604535  -0.00551985  0.0187758 -0.0783241  0.0340799 -1.87268 -1.95486 -9.42805  6224
             153.201  6.72894 -63.6788 -142.725 -3.33432 -2.32259  1.09216 0 0 0   -0.011 -0.02329  0.04412  -0.058389   0.111937 -0.0233718  -0.00164708 -0.000574066  -0.00550107  0.0186653 -0.0781881  0.0339447 -1.87268 -1.95483 -9.42805  6209
             153.301  4.12277 -63.5308 -136.997 -3.33712 -2.31213  1.09229 0 0 0   -0.011 -0.02329  0.04412  -0.0480754   0.0874952 -0.00209283  -0.00164867 -0.000551813   -0.0055156  0.0185343 -0.0784401  0.0334531 -1.87258 -1.95482 -9.42807  6157
               153.4  1.25687 -63.0182     -131 -3.34441 -2.30385  1.09195 0 0 0   -0.011 -0.02329  0.04412 -0.0663607  0.0652987 0.00832947  -0.00165514 -0.000545437   -0.0055064  0.0185696 -0.0781857  0.0336285 -1.87265  -1.9548 -9.42807  6228
             153.501 -1.87528 -61.8919 -124.727 -3.35204 -2.29719  1.09728 0 0 0   -0.011 -0.02329  0.04412 -0.0815224  0.0319616  0.0603284  -0.00166052 -0.000537511  -0.00551474  0.0182225 -0.0779988  0.0332618 -1.87266 -1.95476 -9.42807  6119
               153.6 -4.70955 -59.1689 -118.391 -3.36455 -2.29254  1.10671 0 0 0   -0.011 -0.02329  0.04412  -0.128656 0.00379817   0.120315  -0.00167377 -0.000534213  -0.00551272  0.0183021 -0.0774179  0.0331382 -1.87274 -1.95466 -9.42808  6192
             153.701 -7.45172 -56.0239  -111.27 -3.38004 -2.28805   1.1182 0 0 0   -0.011 -0.02329  0.04412  -0.140115 0.00963643  0.0980933  -0.00169659 -0.000537285  -0.00550691 0.0183885 -0.076771 0.0328242 -1.87282 -1.95454 -9.42809  6123
             153.801 -9.70958 -53.6584 -104.895 -3.39865 -2.28511  1.13064 0 0 0   -0.011 -0.02329  0.04412 -0.146266 0.0177126 0.0927398  -0.00170514 -0.000488815  -0.00552381  0.0179756 -0.0759914  0.0327105 -1.87299 -1.95451 -9.42806  6126
             153.901 -11.1419 -52.1373   -99.98 -3.41576 -2.28333  1.14151 0 0 0   -0.011 -0.02329  0.04412  -0.130741 0.00256406  0.0778225  -0.00170104 -0.000441116  -0.00551685 0.0176047 -0.075529 0.0326331  -1.8731 -1.95452 -9.42803  6083
                 154 -11.7549 -51.1895 -97.9437 -3.43201 -2.28107  1.14796 0 0 0   -0.011 -0.02329  0.04412 -0.124429 -0.046192 0.0988068  -0.00165667 -0.000426467  -0.00550814  0.0180783 -0.0747022  0.0326927 -1.87328 -1.95441 -9.42802  6113
             154.101 -8.27897 -49.7871 -102.826 -3.44171 -2.28844   1.1604 0 0 0   -0.011 -0.02329  0.04412 -0.145166 -0.124774  0.179099  -0.00165585 -0.000429439   -0.0054136  0.0183826 -0.0751538  0.0324116 -1.87316 -1.95433 -9.42806  6107
             154.201 -1.69442 -47.1007 -111.056 -3.45719 -2.30161  1.18112 0 0 0   -0.011 -0.02329  0.04412 -0.182988  -0.11659  0.189223  -0.00168969 -0.000451916  -0.00536411  0.0181813 -0.0753846  0.0322116  -1.8731 -1.95434 -9.42807  6118
             154.301  4.61825 -44.7303 -118.688 -3.47533 -2.31004   1.1954 0 0 0   -0.011 -0.02329  0.04412  -0.152101 -0.0698701   0.109343  -0.00172698 -0.000429549   -0.0053531  0.0184378 -0.0752033  0.0322861 -1.87314  -1.9543 -9.42807  6103
             154.401  8.94747 -43.7784 -125.069 -3.49159 -2.31279  1.20443 0 0 0   -0.011 -0.02329  0.04412 -0.114287 -0.038315 0.0634726  -0.00173559 -0.000338453  -0.00536297  0.0185156 -0.0745988  0.0321036 -1.87327 -1.95424 -9.42806  6071
               154.5  12.5345 -43.1918 -131.882 -3.50297 -2.31388  1.20898 0 0 0   -0.011 -0.02329  0.04412 -0.0896485 -0.0345418   0.050277 -0.00170602 -0.00030205 -0.00535274  0.0188335 -0.0742501  0.0320149 -1.87333 -1.95416 -9.42806  6103
               154.6  15.7487 -42.0583 -139.514 -3.51323 -2.31719  1.21162 0 0 0   -0.011 -0.02329  0.04412 -0.0933223 -0.0492721  0.0515885  -0.00169081 -0.000314565  -0.00533125  0.0191188 -0.0738756   0.032321 -1.87339 -1.95412 -9.42806  6104
               154.7  18.1748 -40.0347 -146.241 -3.52307  -2.3202  1.21487 0 0 0   -0.011 -0.02329  0.04412  -0.129701 -0.0305523   0.052154  -0.00169054 -0.000331787  -0.00533574  0.0195071 -0.0738581  0.0324068 -1.87336 -1.95407 -9.42808  6133
             154.801 20.2107 -37.325 -150.56 -3.53835 -2.32126  1.21899 0 0 0   -0.011 -0.02329  0.04412   -0.171865 -0.00309016   0.0425179  -0.00172549 -0.000354791  -0.00533867  0.0196466 -0.0737414  0.0324547 -1.87336 -1.95404 -9.42808  6110
               154.9  21.6787 -34.9687 -152.063 -3.55696 -2.31943  1.22233 0 0 0   -0.011 -0.02329  0.04412  -0.177049 0.00274816  0.0279816  -0.00174447 -0.000359035  -0.00535552  0.0196844 -0.0734824  0.0324069 -1.87339   -1.954 -9.42808  6083
                 155    21.77 -33.4969 -151.325 -3.57457  -2.3199  1.22488 0 0 0   -0.011 -0.02329  0.04412   -0.155102  -0.0469125 -0.00147441  -0.00176776 -0.000347065  -0.00537283  0.0195832 -0.0732883  0.0322225 -1.87343 -1.95396 -9.42808  6089
             155.101  21.2029 -32.7608 -150.565 -3.59248 -2.32787  1.22875 0 0 0   -0.011 -0.02329  0.04412  -0.15088 -0.124629 0.0379204   -0.0017603 -0.000339853  -0.00537641  0.0190294 -0.0730911   0.031996 -1.87354 -1.95396 -9.42806  6067
             155.201  20.5774 -31.5401 -150.002 -3.60984 -2.34405   1.2362 0 0 0   -0.011 -0.02329  0.04412 -0.163888 -0.207363 0.0884621  -0.00175241 -0.000357462  -0.00536498  0.0188446 -0.0729394  0.0320075 -1.87359 -1.95396 -9.42805  6063
               155.3  18.9713 -31.0143 -147.928 -3.62608 -2.36782  1.24382 0 0 0   -0.011 -0.02329  0.04412 -0.125883 -0.291389 0.0527268   -0.0017539 -0.000351829  -0.00538031  0.0187227 -0.0727086  0.0319807 -1.87364 -1.95393 -9.42805  6120
               155.4   15.928 -31.5351 -144.824 -3.63356 -2.40248  1.24877 0 0 0   -0.011 -0.02329  0.04412 -0.0845707  -0.368949  0.0537476  -0.00174806 -0.000353541  -0.00540063  0.0188753 -0.0731378  0.0319684 -1.87356 -1.95398 -9.42805  6086
             155.501  14.0348 -31.7123 -141.387 -3.64426 -2.43824  1.25267 0 0 0   -0.011 -0.02329  0.04412 -0.121462 -0.390241 0.0680624  -0.00178386 -0.000391029  -0.00539384  0.0191187 -0.0728404  0.0320786 -1.87356 -1.95392 -9.42807  6079
             155.601  11.8031 -31.8087 -135.471 -3.65795 -2.48276  1.26094 0 0 0   -0.011 -0.02329  0.04412 -0.0901763  -0.460526   0.106384  -0.00180201 -0.000402651  -0.00544413  0.0187047 -0.0727769  0.0324616 -1.87364 -1.95398 -9.42804  6086
             155.701  6.92715 -32.2004 -125.745 -3.66578 -2.52585   1.2729 0 0 0   -0.011 -0.02329  0.04412 -0.0314335   -0.43154   0.123407  -0.00177984 -0.000421895  -0.00551653 0.0186096 -0.072371 0.0321961 -1.87371 -1.95392 -9.42804  6130
               155.8 0.552528 -31.5635 -113.885 -3.66687 -2.56891  1.28627 0 0 0   -0.011 -0.02329  0.04412 -0.00790754   -0.417128    0.155881  -0.00176242 -0.000448688  -0.00554232  0.0186915 -0.0723974  0.0324118 -1.87369 -1.95393 -9.42804  6098
               155.9 -4.05855 -29.3819 -104.624 -3.67352 -2.60729  1.30076 0 0 0   -0.011 -0.02329  0.04412 -0.0609859  -0.358881   0.110616  -0.00178561 -0.000489183  -0.00548086  0.0184681 -0.0718727  0.0323994 -1.87381 -1.95392 -9.42802  6120
                 156 -7.40717 -27.2326 -96.6753 -3.68201 -2.63541  1.31079 0 0 0   -0.011 -0.02329  0.04412 -0.0995022  -0.280836   0.111962  -0.00180192 -0.000500418  -0.00544346  0.0189158 -0.0715389  0.0321213 -1.87385 -1.95379 -9.42804  6127
               156.1  -9.5229 -24.7799 -90.0306 -3.69521 -2.66016  1.31995 0 0 0   -0.011 -0.02329  0.04412 -0.167019 -0.252754  0.111575  -0.00180667 -0.000532524  -0.00542392 0.0192914 -0.071416 0.0323372 -1.87386 -1.95372 -9.42805  6136
             156.201  -9.8667 -22.3653 -85.8489 -3.71661 -2.68705  1.33079 0 0 0   -0.011 -0.02329  0.04412 -0.235754 -0.272339 0.0984513  -0.00181175 -0.000539074  -0.00540057  0.0191348 -0.0712517  0.0323442  -1.8739 -1.95376 -9.42803  6160
             156.301 -9.38331 -19.3299  -84.761 -3.74305 -2.71769  1.34131 0 0 0   -0.011 -0.02329  0.04412 -0.275357 -0.315583  0.135466    -0.001826 -0.000546978  -0.00535662  0.0189139 -0.0711504  0.0325632 -1.87391 -1.95382 -9.42802  6183
             156.401 -8.35219 -13.8676 -87.0686 -3.77085 -2.75005  1.35722 0 0 0   -0.011 -0.02329  0.04412 -0.343525 -0.323525   0.13842  -0.00186278 -0.000589073   -0.0053209  0.0189165 -0.0715216  0.0323197 -1.87383 -1.95379 -9.42804  6171
             156.501 -7.36195 -10.0267 -88.4206 -3.81098 -2.78137  1.36977 0 0 0   -0.011 -0.02329  0.04412 -0.421771 -0.244558  0.130035  -0.00193614 -0.000520847  -0.00529965  0.0185197 -0.0712154  0.0324649 -1.87386  -1.9539 -9.42801  6232
             156.601 -6.94446 -8.74861 -88.6543 -3.85596 -2.79829  1.38176 0 0 0   -0.011 -0.02329  0.04412 -0.459836 -0.147846  0.139882 -0.00194991 -0.00049626 -0.00530858   0.019074 -0.0711468   0.032573 -1.87392 -1.95379 -9.42802  6209
             156.701 -5.79312  -9.8819 -91.1629 -3.90244 -2.80806  1.39506 0 0 0   -0.011 -0.02329  0.04412  -0.457416 -0.0979694   0.141728  -0.00195978 -0.000462877  -0.00525743  0.0194365 -0.0711285  0.0326669 -1.87396 -1.95371 -9.42803  6211
             156.801  -3.8778 -11.1603 -96.1967 -3.94434 -2.81749  1.41167 0 0 0   -0.011 -0.02329  0.04412 -0.416094 -0.103035  0.118158  -0.00197395 -0.000451004  -0.00520846  0.0194197 -0.0714003  0.0321617 -1.87391  -1.9537 -9.42804  6194
             156.901 -1.43235 -11.8476 -103.165 -3.98231 -2.82818  1.42507 0 0 0   -0.011 -0.02329  0.04412 -0.373513 -0.100065  0.104719  -0.00198227 -0.000445937  -0.00517723 0.0193239 -0.071652 0.0318416 -1.87386 -1.95372 -9.42805  6204
             157.001   2.1709 -12.3111 -113.128 -4.01904  -2.8359  1.43866 0 0 0   -0.011 -0.02329  0.04412  -0.344059 -0.0678418  0.0902419  -0.00201754 -0.000413295   -0.0051053  0.0193661 -0.0715119  0.0313493 -1.87391 -1.95373 -9.42804  6201
             157.101  6.41661 -12.9322 -124.512 -4.05434 -2.84473  1.44229 0 0 0   -0.011 -0.02329  0.04412 -0.303902 -0.079539 0.0618067  -0.00204164 -0.000348971  -0.00508329  0.0190432 -0.0711065  0.0319306 -1.87397 -1.95379 -9.42801  6170
             157.201  9.80972 -12.7521 -133.632 -4.08093 -2.85553  1.44944 0 0 0   -0.011 -0.02329  0.04412 -0.237266 -0.111202 0.0612687  -0.00204104 -0.000331164  -0.00514505 0.0188323 -0.071257  0.031884 -1.87394 -1.95384 -9.42801  6135
               157.3  11.7387 -12.5614 -139.587 -4.10321 -2.87031  1.45205 0 0 0   -0.011 -0.02329  0.04412 -0.193759 -0.176499 0.0366352  -0.00202926 -0.000301609  -0.00521094  0.0186797 -0.0711787  0.0322329 -1.87395 -1.95385   -9.428  6087
             157.401  12.2889 -11.1767 -143.215 -4.12224 -2.88812  1.45782 0 0 0   -0.011 -0.02329  0.04412  -0.17588 -0.235717  0.041891  -0.00199386 -0.000321796  -0.00524362 0.0189411 -0.070932  0.031919 -1.87398 -1.95379 -9.42801  6159
             157.501  12.5414 -8.99625 -145.208 -4.13515 -2.91554  1.46416 0 0 0   -0.011 -0.02329  0.04412 -0.0909689  -0.303688  0.0376362   -0.0020438 -0.000327612  -0.00525668  0.0189327 -0.0711642  0.0315922 -1.87397 -1.95383 -9.42801  6117
             157.601  11.8672  -6.7146 -147.354 -4.14117 -2.95232   1.4685 0 0 0   -0.011 -0.02329  0.04412 -0.0175442   -0.37511  0.0389151  -0.00204156 -0.000310941  -0.00525225  0.0185246 -0.0713963  0.0316561   -1.874 -1.95391 -9.42798  6131
               157.7  11.4141 -4.86782 -150.565 -4.13938 -2.99072  1.47177 0 0 0   -0.011 -0.02329  0.04412 0.0384295 -0.386438  0.028394  -0.00207558 -0.000315119  -0.00521369  0.0185878 -0.0714737  0.0316536 -1.87398 -1.95391 -9.42798  6166
             157.801   11.683 -3.59113  -153.04  -4.1324 -3.02632  1.47381 0 0 0   -0.011 -0.02329  0.04412 0.0643071 -0.390271 0.0495711  -0.00207875 -0.000313871  -0.00523744  0.0191143 -0.0711856  0.0317142 -1.87391 -1.95382 -9.42802  6217
             157.899  12.2095 -1.27427 -153.897 -4.12835 -3.06756  1.47882 0 0 0   -0.011 -0.02329  0.04412 0.0261974 -0.420185 0.0657454  -0.00210457 -0.000327832  -0.00525474  0.0189611 -0.0711664  0.0318887 -1.87393 -1.95383 -9.42801  6225
             158.001   12.512  1.29826 -153.381 -4.12442 -3.11025  1.48512 0 0 0   -0.011 -0.02329  0.04412 0.0701321 -0.399427 0.0453342  -0.00212045 -0.000330063  -0.00527789  0.0188684 -0.0713624  0.0317587 -1.87394 -1.95387   -9.428  6211
             158.101 12.5377 2.48229 -152.67 -4.11179 -3.14718  1.48469 0 0 0   -0.011 -0.02329  0.04412   0.12415 -0.353171 0.0567089   -0.002134 -0.00031901 -0.00527352  0.0192308 -0.0712812  0.0324591 -1.87382 -1.95382 -9.42803  6198
               158.2  12.0612   3.6291 -151.103 -4.09891 -3.18387   1.4886 0 0 0   -0.011 -0.02329  0.04412   0.125053  -0.352965 0.00357292  -0.00213203 -0.000343189  -0.00529312  0.0191778 -0.0715249  0.0324922 -1.87382 -1.95387 -9.42803  6287
             158.299  10.7833    4.389 -147.064 -4.08404 -3.22094  1.48424 0 0 0   -0.011 -0.02329  0.04412  0.134157 -0.365026 -0.035089  -0.00209724 -0.000372711  -0.00534757  0.0193309 -0.0717522  0.0327931 -1.87375 -1.95389 -9.42803  6284
             158.399 8.29646 5.58341 -141.76 -4.07097 -3.25854  1.48164 0 0 0   -0.011 -0.02329  0.04412   0.110738  -0.374101 0.00269317  -0.00208771 -0.000432985  -0.00536544 0.0193393 -0.071833 0.0329142 -1.87373  -1.9539 -9.42804  6326
             158.499  5.80058  7.25857 -135.267 -4.06027 -3.29779  1.48289 0 0 0   -0.011 -0.02329  0.04412   0.116274  -0.385788 0.00317539  -0.00209312 -0.000484128  -0.00536939  0.0192592 -0.0719905  0.0328589 -1.87374 -1.95394 -9.42803  6325
             158.599  3.02468  8.37487 -126.744 -4.04344 -3.33726  1.48169 0 0 0   -0.011 -0.02329  0.04412   0.178676   -0.40459 -0.0144647  -0.00208842 -0.000539884  -0.00539039  0.0195493 -0.0721327  0.0329409 -1.87368 -1.95393 -9.42804  6333
             158.699 -0.592575   9.64095  -116.385 -4.02348 -3.37697  1.47945 0 0 0   -0.011 -0.02329  0.04412   0.196183  -0.391306 -0.0259643  -0.00208347 -0.000608818  -0.00538766  0.0196594 -0.0721115  0.0329824 -1.87366 -1.95391 -9.42805  6394
             158.801 -3.27749  10.9283 -106.821 -4.00803 -3.41285   1.4752 0 0 0   -0.011 -0.02329  0.04412   0.113213  -0.357515 -0.0291274  -0.00210713 -0.000668044  -0.00534671  0.0197061 -0.0718801  0.0330908 -1.87368 -1.95387 -9.42805  6387
             158.901 -4.08335  11.5634 -99.9758 -3.99998 -3.44946  1.48341 0 0 0   -0.011 -0.02329  0.04412 0.0426856 -0.386859 0.0504335  -0.00212503 -0.000714702  -0.00528664  0.0200287 -0.0720228  0.0321693 -1.87372 -1.95392 -9.42803  6415
             159.001 -4.73263  11.4877 -94.9716 -3.99933 -3.49377  1.49037 0 0 0   -0.011 -0.02329  0.04412 -0.00804209   -0.449157    0.115361  -0.00212832 -0.000739338  -0.00524953  0.0195766 -0.0719269  0.0322528 -1.87374   -1.954 -9.42802  6384
             159.101 -4.84464   11.194 -90.5175 -3.99854   -3.542  1.50816 0 0 0   -0.011 -0.02329  0.04412 -0.0235069  -0.466553   0.204048  -0.00214477 -0.000767007   -0.0052425  0.0194979 -0.0724336  0.0319104 -1.87366 -1.95405 -9.42802  6375
             159.201 -5.27909  10.9182 -87.0167 -4.00073 -3.58963  1.53349 0 0 0   -0.011 -0.02329  0.04412 -0.0242096  -0.421883   0.252075   -0.0021267 -0.000785095   -0.0052191   0.019204 -0.0724461  0.0315771 -1.87365 -1.95415   -9.428  6386
             159.301 -5.90109   10.048 -83.7062 -4.00541 -3.62907  1.55723 0 0 0   -0.011 -0.02329  0.04412 -0.0428986  -0.339441   0.187112  -0.00207124 -0.000798918  -0.00520003  0.0190327 -0.0722442  0.0314659 -1.87368 -1.95421 -9.42798  6400
             159.401 -6.53271  9.18585 -79.9892 -4.00907 -3.66245  1.56507 0 0 0   -0.011 -0.02329  0.04412 -0.0393301  -0.304722  0.0995203   -0.0020665 -0.000813177  -0.00521275  0.0186119 -0.0722971    0.03218 -1.87361 -1.95419   -9.428  6409
             159.501 -6.85487  8.89012 -77.1247 -4.00929 -3.69456  1.57387 0 0 0   -0.011 -0.02329  0.04412 -0.0376722  -0.258294  0.0712527  -0.00204801 -0.000847585  -0.00520018  0.0181076 -0.0726777  0.0320317 -1.87347 -1.95426 -9.42801  6423
               159.6 -6.33977  6.97753 -74.7281 -4.01664 -3.71086  1.58074 0 0 0   -0.011 -0.02329  0.04412 -0.0833979  -0.135914  0.0516289  -0.00206422 -0.000820936  -0.00517231  0.0186405 -0.0726628  0.0320526 -1.87355 -1.95416 -9.42802  6407
             159.701 -5.51034  4.38047 -73.1895 -4.01877 -3.72357  1.58771 0 0 0   -0.011 -0.02329  0.04412 -0.0498655  -0.103083  0.0450562  -0.00206283 -0.000792868  -0.00516348  0.0184163 -0.0733938   0.031655 -1.87339 -1.95414 -9.42806  6418
               159.8 -4.92752  1.82827 -71.7669  -4.0206 -3.73002  1.59644 0 0 0   -0.011 -0.02329  0.04412 -0.0393149 -0.0159858  0.0475602  -0.00203687 -0.000780547  -0.00516265  0.0184495 -0.0737524  0.0311206 -1.87334 -1.95413 -9.42807  6433
             159.901 -4.27204 -2.59754 -69.4868 -4.02315  -3.7279  1.60165 0 0 0   -0.011 -0.02329  0.04412 -0.0584587  0.0835616  0.0374158  -0.00200254 -0.000743026  -0.00518931  0.0181667 -0.0740204  0.0309257 -1.87325 -1.95416 -9.42808  6420
             160.001 -3.65576  -8.0753 -67.0826 -4.03033 -3.71593   1.6002 0 0 0   -0.011 -0.02329  0.04412 -0.0608978   0.133127 0.00170798  -0.00196782 -0.000740058  -0.00521483  0.0182805 -0.0739603   0.031398 -1.87327 -1.95411 -9.42809  6153
               160.1 -2.96407 -13.7933 -65.3583 -4.03545 -3.70049  1.59931 0 0 0   -0.011 -0.02329  0.04412 -0.0221009   0.146628 -0.0471021  -0.00192585 -0.000731955  -0.00523385  0.0185189 -0.0740238  0.0312805  -1.8733 -1.95406 -9.42809  6687
               160.2  -2.7642 -19.4341 -64.1579 -4.03625 -3.68788  1.59153 0 0 0   -0.011 -0.02329  0.04412 0.0373793  0.124815 -0.077677  -0.00186666 -0.000716145  -0.00524943  0.0184523 -0.0736545  0.0314699 -1.87334 -1.95413 -9.42807  6441
             160.301 -2.12854 -24.1847 -63.4413 -4.03167 -3.67686  1.58663 0 0 0   -0.011 -0.02329  0.04412  0.0657771  0.0897161 -0.0823398  -0.00180809 -0.000741488  -0.00528854  0.0185036 -0.0735096  0.0311201 -1.87339 -1.95416 -9.42805  6401
             160.401 -1.10413 -28.7601 -62.3151 -4.02401 -3.66454  1.57955 0 0 0   -0.011 -0.02329  0.04412  0.132825 0.0864332 -0.101182  -0.00179042 -0.000741305  -0.00530008  0.0189184 -0.0736689  0.0306974 -1.87347 -1.95407 -9.42805  6403
             160.501 -1.60232 -32.4084 -60.4351 -4.00821 -3.65718  1.56867 0 0 0   -0.011 -0.02329  0.04412  0.223132 0.0454352 -0.104986  -0.00173706 -0.000786359   -0.0053361  0.0191307 -0.0734842  0.0307258 -1.87353 -1.95407 -9.42804  6357
             160.599 -2.78069 -35.4486 -58.7542 -3.98085 -3.65729  1.55344 0 0 0   -0.011 -0.02329  0.04412    0.313279 -0.00447379   -0.115787  -0.00169035 -0.000776654  -0.00532629  0.0190621 -0.0733128  0.0313648 -1.87348 -1.95413 -9.42804  6390
             160.699 -4.27898 -37.7422 -57.1012 -3.94689 -3.66302  1.54402 0 0 0   -0.011 -0.02329  0.04412   0.375933 -0.0411197 -0.0698689 -0.00166865 -0.00081524 -0.00533463  0.0187289 -0.0728916  0.0315221 -1.87346 -1.95427 -9.42801  6379
               160.8 -5.42952 -39.7058 -56.2386  -3.9082 -3.66988   1.5397 0 0 0   -0.011 -0.02329  0.04412   0.393679  -0.062215 -0.0442654  -0.00164467 -0.000847018  -0.00532008  0.0185395 -0.0726603  0.0315148 -1.87346 -1.95435   -9.428  6366
             160.899 -5.79814 -41.6739 -56.0203 -3.87294 -3.68162  1.53371 0 0 0   -0.011 -0.02329  0.04412   0.349543 -0.0976334 -0.0744305  -0.00163821 -0.000840898  -0.00531135  0.0184218 -0.0719323  0.0318528 -1.87349 -1.95454 -9.42795  6408
             161.001 -6.49692 -42.8747 -55.2373  -3.8411 -3.69434  1.52661 0 0 0   -0.011 -0.02329  0.04412   0.309001  -0.117034 -0.0846562  -0.00163208 -0.000868009  -0.00532404  0.0182595 -0.0715481  0.0318368 -1.87352 -1.95464 -9.42793  6349
               161.1  -8.3323 -43.6045 -53.1044 -3.81764 -3.70828  1.52033 0 0 0   -0.011 -0.02329  0.04412   0.237611  -0.130078 -0.0464324  -0.00160242 -0.000892832  -0.00536024  0.0183572 -0.0707828   0.031823 -1.87364 -1.95478 -9.42787  6382
               161.2  -9.7172 -44.0721 -50.8977 -3.79618 -3.72239  1.51559 0 0 0   -0.011 -0.02329  0.04412     0.2012  -0.166018 -0.0216254  -0.00161092 -0.000909794  -0.00535919  0.0186092 -0.0707476  0.0319997 -1.87365 -1.95477 -9.42787  6389
               161.3 -10.5423 -44.2307 -48.9837 -3.78158 -3.73955  1.51655 0 0 0   -0.011 -0.02329  0.04412  0.156181 -0.202137 -0.022287  -0.00161172 -0.000912844  -0.00535643  0.0186369 -0.0704016  0.0314451 -1.87378 -1.95479 -9.42784  6351
               161.4 -11.0857 -44.6835 -46.9195 -3.77003 -3.76442  1.50768 0 0 0   -0.011 -0.02329  0.04412  0.0571619  -0.257375 -0.0758855  -0.00163996 -0.000894479   -0.0053525  0.0190173 -0.0701618   0.032163 -1.87377 -1.95487 -9.42783  6347
               161.5 -11.7883 -45.5422 -42.9364 -3.76724 -3.79083  1.50074 0 0 0   -0.011 -0.02329  0.04412  0.0429844  -0.299518 -0.0645059  -0.00164354 -0.000888055  -0.00536248  0.0190998 -0.0701178  0.0319564 -1.87382 -1.95485 -9.42782  6364
               161.6  -12.954 -46.0193 -39.6022 -3.76275 -3.82383  1.49753 0 0 0   -0.011 -0.02329  0.04412  0.0594388  -0.353864 -0.0177922  -0.00162382 -0.000875885  -0.00535108  0.0190628 -0.0699164  0.0318315 -1.87385 -1.95489 -9.42781  6393
               161.7 -14.0766 -46.6432 -36.0101 -3.75979 -3.86337  1.50042 0 0 0   -0.011 -0.02329  0.04412 0.0629104 -0.389797 0.0777498    -0.001633 -0.000880447  -0.00536155 0.0191269 -0.069303 0.0318707 -1.87392 -1.95502 -9.42777  6366
               161.8 -14.2146  -46.983  -33.581 -3.75746 -3.90214  1.51439 0 0 0   -0.011 -0.02329  0.04412 0.0834916  -0.39752  0.138026  -0.00162399 -0.000883964  -0.00534928  0.0193353 -0.0687367   0.031384 -1.87408 -1.95509 -9.42772  6383
               161.9 -14.0435 -46.3771 -32.0126 -3.75056 -3.94294  1.52786 0 0 0   -0.011 -0.02329  0.04412 0.131725 -0.39896 0.118409  -0.00162024 -0.000895386  -0.00533926  0.0194626 -0.0681683  0.0312831 -1.87417 -1.95521 -9.42768  6267
             161.999 -13.6074 -44.0323 -31.6243 -3.73804 -3.98125  1.54021 0 0 0   -0.011 -0.02329  0.04412  0.218324 -0.370507    0.1272  -0.00161852 -0.000949626  -0.00531694  0.0199888 -0.0677967  0.0309745 -1.87434 -1.95523 -9.42764  6512
               162.1 -14.2078 -40.4414 -32.4139 -3.71148 -4.01693  1.55469 0 0 0   -0.011 -0.02329  0.04412  0.335042 -0.313596  0.122304  -0.00159594 -0.000980388  -0.00528933  0.0198478 -0.0673326  0.0308744 -1.87436 -1.95535 -9.42761  6381
             162.201 -16.2486 -35.2382 -31.3971 -3.68084 -4.04869  1.56782 0 0 0   -0.011 -0.02329  0.04412  0.337607 -0.317781  0.105389 -0.00161922 -0.00101298 -0.00528924  0.0199488 -0.0668687  0.0305428 -1.87447 -1.95543 -9.42757  6370
               162.3 -17.4539  -28.443 -28.4766 -3.64489 -4.08921  1.58206 0 0 0   -0.011 -0.02329  0.04412  0.354372 -0.367177  0.131463 -0.00170643  -0.0010677 -0.00535392  0.0193336 -0.0661095  0.0308714 -1.87435 -1.95568 -9.42754  6385
               162.4 -16.5169 -21.0101 -26.4222 -3.61697 -4.13009  1.59628 0 0 0   -0.011 -0.02329  0.04412  0.321128 -0.386727  0.116368 -0.00178125  -0.0010718 -0.00532928   0.019787 -0.0650396  0.0306946 -1.87454 -1.95592 -9.42746  6402
             162.501 -15.2863 -13.3831 -23.5853 -3.58405 -4.16687  1.60588 0 0 0   -0.011 -0.02329  0.04412  0.302085 -0.329619  0.071878  -0.0018322 -0.00104432 -0.00532423  0.0196043 -0.0650571   0.030755 -1.87449 -1.95592 -9.42747  6367
             162.601 -13.7056 -6.86832 -20.0659 -3.55865  -4.1955  1.61065 0 0 0   -0.011 -0.02329  0.04412   0.23261 -0.266591 0.0392897 -0.00188387  -0.0010036 -0.00530107 0.0198192 -0.065207 0.0307338 -1.87453 -1.95587 -9.42747  6382
             162.701 -11.9555 -1.34244 -16.9064 -3.54199 -4.22068  1.61166 0 0 0   -0.011 -0.02329  0.04412     0.196132    -0.218455 -0.000553476  -0.00189542 -0.000999167  -0.00527393  0.0205397 -0.0647214  0.0308442 -1.87472 -1.95599 -9.42741  6409
               162.8 -10.4363  3.75098 -14.9635 -3.52149 -4.23996  1.61009 0 0 0   -0.011 -0.02329  0.04412   0.207174  -0.159877 -0.0320623  -0.00192489 -0.000980912  -0.00522831  0.0204691 -0.0647375  0.0308242  -1.8747 -1.95598 -9.42741  6436
             162.901 -9.44042  9.24059 -13.8455 -3.49965 -4.25453  1.60317 0 0 0   -0.011 -0.02329  0.04412   0.220386 -0.0860464 -0.0580688  -0.00196748 -0.000986174  -0.00520399  0.0204011 -0.0645093  0.0311708 -1.87466 -1.95604 -9.42741  6414
                 163 -8.87619  15.0922  -12.164 -3.48014 -4.25746  1.60432 0 0 0   -0.011 -0.02329  0.04412     0.18844 -0.00542068  -0.0510972 -0.00200344 -0.00100398 -0.00519153  0.0205647 -0.0646058  0.0303661 -1.87474 -1.95603 -9.42739  6400
               163.1 -7.90178  20.6111 -9.46064 -3.46082 -4.25737  1.60517 0 0 0   -0.011 -0.02329  0.04412   0.157773  0.0525136 -0.0468669 -0.00202158 -0.00100283 -0.00517501  0.0203267 -0.0641721   0.029645 -1.87466 -1.95617 -9.42738  6401
               163.2 -6.46056   25.205 -6.43466 -3.44693 -4.24881  1.60155 0 0 0   -0.011 -0.02329  0.04412   0.122384   0.106332 -0.0559194  -0.00206659 -0.000994778  -0.00516286  0.0203731 -0.0642234  0.0294708 -1.87468 -1.95617 -9.42738  6410
               163.3 -4.84378  28.9151  -3.7302 -3.43583 -4.23722  1.59645 0 0 0   -0.011 -0.02329  0.04412  0.0932556   0.132845 -0.0620875  -0.00209705 -0.000982603  -0.00512578  0.0203699 -0.0641289  0.0293182 -1.87467  -1.9562 -9.42737  6382
               163.4 -3.43975  31.8089 -1.49519 -3.42389 -4.22359  1.58979 0 0 0   -0.011 -0.02329  0.04412   0.129415   0.142593 -0.0606097  -0.00210564 -0.000960097  -0.00510146  0.0201319 -0.0640797  0.0293242  -1.8746  -1.9562 -9.42739  6367
               163.5 -3.35123  34.8896 -1.95827 -3.41053 -4.20765  1.57827 0 0 0   -0.011 -0.02329  0.04412   0.138788   0.112006 -0.0804479  -0.00214784 -0.000973417  -0.00502839  0.0199438 -0.0645782   0.029921 -1.87463 -1.95602 -9.42742  6436
             163.601 -3.52857  37.1835 -3.68879 -3.39777 -4.19563  1.57078 0 0 0   -0.011 -0.02329  0.04412   0.125336  0.0769189 -0.0662158  -0.00218995 -0.000967473  -0.00499763  0.0199955 -0.0650593  0.0299197 -1.87469 -1.95589 -9.42743  6328
               163.7 -4.01988  38.4275 -6.66327 -3.38773  -4.1907  1.56419 0 0 0   -0.011 -0.02329  0.04412    0.0944441 -0.000487104   -0.0366551  -0.00222797 -0.000936387   -0.0049878  0.0200704 -0.0651813   0.030177 -1.87475 -1.95585 -9.42743  6390
               163.8 -4.79437  38.3946 -12.5121 -3.38047 -4.19689  1.56105 0 0 0   -0.011 -0.02329  0.04412  0.0713039 -0.0983448 -0.0178594  -0.00227525 -0.000883206  -0.00494611  0.0201419 -0.0648745  0.0303682 -1.87476 -1.95593 -9.42741  6351
             163.901  -6.4867  37.5979 -21.9883  -3.3759 -4.21123  1.56257 0 0 0   -0.011 -0.02329  0.04412  0.0417827  -0.159753 0.00265484  -0.00228946 -0.000855429  -0.00494752  0.0205167 -0.0646479  0.0302018 -1.87482 -1.95603 -9.42738  6382
             164.001 -7.40346  36.6864 -30.8751 -3.37033 -4.22802  1.56116 0 0 0   -0.011 -0.02329  0.04412  0.0284757  -0.194721 0.00245752   -0.0023341 -0.000813137  -0.00498296   0.020076 -0.0648315   0.030207 -1.87472 -1.95595 -9.42742  6381
               164.1 -7.64072   36.077 -38.8549 -3.36862 -4.24896  1.56006 0 0 0   -0.011 -0.02329  0.04412 0.00260274  -0.211549 0.00327668  -0.00234148 -0.000764048  -0.00500219  0.0199299 -0.0647723  0.0303627  -1.8747 -1.95595 -9.42742  6391
             164.201 -7.43962  35.3961 -45.8854 -3.37009 -4.26856  1.56027 0 0 0   -0.011 -0.02329  0.04412 -0.0283928  -0.199466  0.0128547   -0.0023458 -0.000700691   -0.0050302  0.0199474 -0.0649534  0.0304808 -1.87472 -1.95589 -9.42743  6393
               164.3 -6.92052  34.4775 -52.2981 -3.37227 -4.28687  1.56075 0 0 0   -0.011 -0.02329  0.04412 -0.0450933  -0.174244  0.0173508   -0.0023792 -0.000670412   -0.0050654  0.0197093 -0.0651586  0.0304887 -1.87466 -1.95584 -9.42745  6405
               164.4 -6.38757  33.3717  -57.739 -3.37677 -4.29798  1.56083 0 0 0   -0.011 -0.02329  0.04412 -0.0574644  -0.131482  0.0153873  -0.00237612 -0.000597568  -0.00508053  0.0198011 -0.0658169  0.0307838 -1.87468 -1.95564 -9.42749  6390
               164.5 -5.89909  32.4315 -62.2308 -3.38044 -4.31089  1.55823 0 0 0   -0.011 -0.02329  0.04412 -0.0624219   -0.11223 0.00514281  -0.00236649 -0.000556998  -0.00511978  0.0192038 -0.0660201  0.0310274 -1.87456 -1.95559 -9.42752  6412
             164.601 -5.71236  31.5353 -66.0467 -3.38456 -4.32118  1.56175 0 0 0   -0.011 -0.02329  0.04412 -0.0746635 -0.0996029  0.0248935  -0.00235944 -0.000541254  -0.00514164  0.0192421 -0.0663168  0.0306368  -1.8745 -1.95559 -9.42753  6393
             164.701 -5.46953  30.4374 -69.7343  -3.3954 -4.33008  1.56555 0 0 0   -0.011 -0.02329  0.04412  -0.123053 -0.0943073  0.0458981 -0.00235353 -0.00052486 -0.00516205  0.0194371 -0.0662373  0.0307043 -1.87455 -1.95558 -9.42753  6418
             164.801 -4.99696  28.6818 -73.8204 -3.40805 -4.33756  1.57224 0 0 0   -0.011 -0.02329  0.04412  -0.149283 -0.0778649  0.0671946  -0.00236114 -0.000477611  -0.00515578  0.0195947 -0.0664818   0.030597 -1.87454 -1.95555 -9.42754  6411
             164.901 -4.52788  26.5352 -78.2712 -3.42401 -4.34354  1.57847 0 0 0   -0.011 -0.02329  0.04412 -0.165601 -0.065933 0.0701413  -0.00237112 -0.000451842  -0.00515539  0.0196706 -0.0665677  0.0307586 -1.87454  -1.9555 -9.42754  6406
                 165 -4.38859  24.3726 -82.6333 -3.43714 -4.34897  1.58329 0 0 0   -0.011 -0.02329  0.04412   -0.13781 -0.0456841   0.064593  -0.00237217 -0.000409386  -0.00517721 0.0194798 -0.066884 0.0309256 -1.87448 -1.95545 -9.42757  6441
               165.1 -4.41316  22.1664 -86.1894 -3.44728 -4.35332  1.58763 0 0 0   -0.011 -0.02329  0.04412   -0.10614 -0.0423733  0.0510748  -0.00236108 -0.000384955   -0.0051998  0.0192671 -0.0671977  0.0310313  -1.8744 -1.95542 -9.42759  6448
               165.2 -4.38222  20.6205 -88.3732  -3.4535 -4.35409  1.59111 0 0 0   -0.011 -0.02329  0.04412 -0.0742616 -0.0406006  0.0393743  -0.00234363 -0.000385911  -0.00521959 0.0195427 -0.067757 0.0312531 -1.87434  -1.9553 -9.42763  6459
             165.301 -4.17658  19.7409 -89.4104  -3.4583 -4.35616  1.59026 0 0 0   -0.011 -0.02329  0.04412 -0.0528653 -0.0493966  0.0167113  -0.00237007 -0.000385922   -0.0052293  0.0195738 -0.0680635  0.0317548 -1.87429 -1.95518 -9.42766  6409
               165.4 -4.07696  19.2892 -89.7108 -3.46378 -4.36558  1.58998 0 0 0   -0.011 -0.02329  0.04412  -0.047663 -0.0729659  0.0105844  -0.00233734 -0.000400496  -0.00524038 0.0190291 -0.067938  0.031809 -1.87427 -1.95526 -9.42765  6427
             165.501 -3.90111  18.9796 -89.4954 -3.46536 -4.37298  1.58855 0 0 0   -0.011 -0.02329  0.04412 -0.0228768 -0.0691419 0.00178634  -0.00236662 -0.000404112  -0.00526021  0.0188622 -0.0682376  0.0320057  -1.8742 -1.95524 -9.42767  6437
               165.6 -4.17104  18.5311 -89.4045 -3.46736 -4.38578  1.59398 0 0 0   -0.011 -0.02329  0.04412 -0.00718155  -0.0863146     0.01375  -0.00232667 -0.000411861  -0.00525843  0.0184758 -0.0680976  0.0312777 -1.87421 -1.95542 -9.42763  6435
               165.7  -4.5639  18.0782 -88.9518 -3.46538 -4.39571  1.59525 0 0 0   -0.011 -0.02329  0.04412  0.0272338 -0.0631703 0.00100844  -0.00233516 -0.000420716  -0.00526155  0.0182405 -0.0682458   0.031143 -1.87417 -1.95547 -9.42762  6428
             165.801 -5.10219  17.2328 -87.7761 -3.46095 -4.40092  1.59262 0 0 0   -0.011 -0.02329  0.04412  0.0687117 -0.0321332 -0.0237115 -0.00231564 -0.00042148 -0.00527423  0.0180765 -0.0682495  0.0312891 -1.87416 -1.95547 -9.42763  6430
             165.901  -6.2268  17.1061 -85.9351 -3.44709 -4.40129  1.59004 0 0 0   -0.011 -0.02329  0.04412      0.177 0.00244325 -0.0441655  -0.00228326 -0.000463058   -0.0052802  0.0182946 -0.0685844  0.0312089 -1.87412 -1.95543 -9.42764  6432
             166.001 -8.38449  18.2957 -81.8897 -3.42363 -4.39596  1.58526 0 0 0   -0.011 -0.02329  0.04412   0.304117  0.0797771 -0.0894592  -0.00223265 -0.000516521  -0.00532764   0.018615 -0.0685804  0.0310793 -1.87414  -1.9554 -9.42764  6398
               166.1 -11.3131  20.5485 -75.4983 -3.38885  -4.3869   1.5718 0 0 0   -0.011 -0.02329  0.04412  0.376443  0.138332 -0.148777  -0.00219368 -0.000575085  -0.00538349  0.0182721 -0.0686252  0.0311831 -1.87411 -1.95544 -9.42764  6401
               166.2 -14.0631  23.7235 -68.0374 -3.34796 -4.37291  1.55694 0 0 0   -0.011 -0.02329  0.04412  0.425237  0.221181 -0.175056  -0.00217608 -0.000649857  -0.00540058 0.0178912 -0.068586 0.0308939 -1.87408 -1.95554 -9.42763  6392
             166.301 -15.9128   26.602 -59.7941 -3.30374 -4.34647  1.54091 0 0 0   -0.011 -0.02329  0.04412  0.444426  0.307946 -0.168647  -0.00218089 -0.000701056  -0.00539345  0.0179547 -0.0687443  0.0306623 -1.87405 -1.95555 -9.42763  6404
               166.4 -16.7549  29.2006 -51.3689 -3.25823 -4.31351  1.52504 0 0 0   -0.011 -0.02329  0.04412  0.460332  0.350069 -0.150904  -0.00218465 -0.000753977  -0.00536702  0.0179276 -0.0687534  0.0306375 -1.87405 -1.95555 -9.42763  6399
               166.5 -16.9581  31.5064 -43.4758 -3.20908 -4.27719  1.51111 0 0 0   -0.011 -0.02329  0.04412  0.464729   0.33183 -0.118254  -0.00218284 -0.000807776  -0.00533913  0.0179228 -0.0692717  0.0304837 -1.87397 -1.95548 -9.42766  6377
               166.6 -16.2979  33.7797 -37.9206 -3.16121 -4.24418  1.50299 0 0 0   -0.011 -0.02329  0.04412   0.450718   0.276789 -0.0632395  -0.00221101 -0.000879337  -0.00530765  0.0180741 -0.0697114  0.0303293 -1.87395 -1.95539 -9.42768  6358
             166.701 -15.0998  35.2819 -34.2973 -3.11785  -4.2193  1.49644 0 0 0   -0.011 -0.02329  0.04412   0.400897   0.208505 -0.0908408  -0.00221718 -0.000919984  -0.00525465  0.0180643 -0.0698518  0.0301979 -1.87393 -1.95537 -9.42769  6338
             166.799 -14.0892  36.4934 -31.5925 -3.07567 -4.20103  1.48419 0 0 0   -0.011 -0.02329  0.04412  0.402611  0.139082 -0.109051   -0.0022208 -0.000926047  -0.00523513  0.0177113 -0.0702104  0.0301793 -1.87384  -1.9553 -9.42773  6394
             166.901  -13.325  37.8404 -29.2817 -3.03464 -4.18905   1.4708 0 0 0   -0.011 -0.02329  0.04412   0.413737  0.0742402 -0.0897273  -0.0022213 -0.00091691 -0.00521402   0.017441 -0.0704932  0.0306626 -1.87383  -1.9552 -9.42775  6384
                 167 -11.9006  38.6152 -26.9418 -2.99393 -4.18378  1.45797 0 0 0   -0.011 -0.02329  0.04412    0.423245 0.000595958   -0.129849  -0.00223181 -0.000941998  -0.00520438  0.0173992 -0.0707203   0.031041 -1.87387 -1.95512 -9.42776  6353
               167.1 -10.2959  39.1755  -25.003 -2.94806  -4.1852  1.44159 0 0 0   -0.011 -0.02329  0.04412   0.459518 -0.0676331  -0.165895  -0.00224165 -0.000925618  -0.00518456  0.0171539 -0.0711437  0.0310702 -1.87383   -1.955 -9.42779  6381
               167.2 -8.48143  39.5506 -22.4441 -2.90042 -4.19602  1.42626 0 0 0   -0.011 -0.02329  0.04412  0.484242 -0.136092 -0.146325  -0.00223558 -0.000919625  -0.00518865  0.0170985 -0.0710368  0.0309253 -1.87379 -1.95504 -9.42779  6349
               167.3 -6.66121  39.0574 -19.0237 -2.84899 -4.21039  1.40995 0 0 0   -0.011 -0.02329  0.04412  0.565703 -0.158899 -0.122388 -0.00222127 -0.00089881 -0.00518857  0.0169772 -0.0712025  0.0313035 -1.87382 -1.95497  -9.4278  6357
             167.401 -6.16774  38.6996 -15.8186 -2.78888 -4.22382  1.40296 0 0 0   -0.011 -0.02329  0.04412   0.656957   -0.14023 -0.0386891  -0.00217955 -0.000926762  -0.00518414  0.0173683 -0.0714226  0.0312387 -1.87391 -1.95493 -9.42779  6352
               167.5 -5.95339  38.4317 -13.4004 -2.72411 -4.23514  1.40319 0 0 0   -0.011 -0.02329  0.04412  0.655333 -0.108932  0.035335  -0.00217089 -0.000964511  -0.00516113   0.017513 -0.0715737  0.0313356 -1.87396  -1.9549 -9.42779  6353
               167.6 -5.64672  37.9934 -11.9931 -2.65921 -4.24506  1.40674 0 0 0   -0.011 -0.02329  0.04412   0.578842 -0.0827497  0.0142279  -0.00218361 -0.000971972  -0.00514374  0.0172984 -0.0716428  0.0311714 -1.87389 -1.95488  -9.4278  6343
               167.7  -4.9853  37.0218 -10.8098 -2.60573   -4.247  1.40708 0 0 0   -0.011 -0.02329  0.04412     0.52015 -0.00407258  -0.0206862   -0.0021912 -0.000993249  -0.00514343  0.0175512 -0.0721237  0.0310439 -1.87396 -1.95478 -9.42781  6349
               167.8 -3.95706   35.256 -9.67015 -2.55592 -4.24258  1.40911 0 0 0   -0.011 -0.02329  0.04412  0.415741 0.0703992 0.0480358   -0.0021773 -0.000971606  -0.00513995  0.0174603 -0.0723717  0.0307303 -1.87392 -1.95473 -9.42783  6335
               167.9 -2.12139  30.8442 -7.98396 -2.51866 -4.23384  1.41266 0 0 0   -0.011 -0.02329  0.04412     0.33527    0.107132 -0.00966325  -0.00215572 -0.000951091  -0.00515646  0.0174687 -0.0723276  0.0306614 -1.87391 -1.95474 -9.42783  6287
                 168 -1.04292  26.8015 -7.23211 -2.48367 -4.21892  1.39781 0 0 0   -0.011 -0.02329  0.04412  0.349726  0.165271 -0.161679  -0.00211783 -0.000944162  -0.00515498  0.0167452 -0.0725738  0.0313655 -1.87384 -1.95459 -9.42787  6293
               168.1 -0.975399   24.4766  -7.20064 -2.44638 -4.19765  1.37324 0 0 0   -0.011 -0.02329  0.04412   0.38181  0.243492 -0.228688  -0.00208384 -0.000967408  -0.00516045  0.0163055 -0.0727645  0.0318494  -1.8738 -1.95448  -9.4279  6249
               168.2 -1.31734  22.6409 -7.44971 -2.40728  -4.1688  1.34537 0 0 0   -0.011 -0.02329  0.04412  0.407583  0.324986 -0.219236 -0.00206806  -0.0009952 -0.00517137  0.0160333 -0.0728131  0.0324509 -1.87378 -1.95442 -9.42792  6266
               168.3 -1.21335  20.8611 -7.71624 -2.36063 -4.13543  1.33069 0 0 0   -0.011 -0.02329  0.04412  0.498201  0.368406 -0.100526 -0.00205683 -0.00098545 -0.00517464 0.0157508 -0.072681 0.0321317 -1.87368 -1.95445 -9.42793  6221
               168.4 -1.65845  20.1518 -8.10519  -2.3079 -4.09522  1.32296 0 0 0   -0.011 -0.02329  0.04412  0.520067  0.387698 -0.105811  -0.00205176 -0.000998029  -0.00518216  0.0157296 -0.0729073  0.0319767 -1.87369  -1.9544 -9.42794  6272
             168.501  -2.9965   19.869 -8.33882 -2.25876 -4.06078  1.30842 0 0 0   -0.011 -0.02329  0.04412  0.519168  0.333443 -0.171995 -0.00201247 -0.00101479   -0.005178   0.016089 -0.0725841  0.0321428 -1.87376 -1.95449 -9.42791  6194
             168.601 -5.01591  21.6666 -7.20309 -2.20425 -4.03097  1.29174 0 0 0   -0.011 -0.02329  0.04412  0.613141  0.313626 -0.181102 -0.00197605 -0.00107471 -0.00520047 0.0162565 -0.072146 0.0321917 -1.87377 -1.95461 -9.42788  6180
               168.7 -6.97411  26.8237 -5.01284 -2.13844 -4.00333  1.27675 0 0 0   -0.011 -0.02329  0.04412  0.658006  0.250673 -0.239586 -0.00198269 -0.00118243 -0.00522303  0.0162744 -0.0719844  0.0313544 -1.87372 -1.95469 -9.42787  6151
             168.799 -6.69174  32.3993 -1.65508 -2.07212 -3.98104  1.26021 0 0 0   -0.011 -0.02329  0.04412  0.678256  0.209406 -0.282299 -0.00205352  -0.0012283  -0.0052244  0.0168069 -0.0719669  0.0300824  -1.8738 -1.95479 -9.42784  6204
               168.9 -5.75783  37.4973  2.43417 -2.00566 -3.96039  1.22859 0 0 0   -0.011 -0.02329  0.04412  0.654715   0.19337 -0.320097 -0.00209091  -0.0012513 -0.00520386 0.0168749  -0.07198 0.0301842 -1.87382 -1.95479 -9.42783  6146
                 169 -4.57022  41.0936  5.46153 -1.93759 -3.94092  1.19859 0 0 0   -0.011 -0.02329  0.04412  0.687893  0.199134 -0.268375 -0.00212222 -0.00123804 -0.00515685  0.0166612 -0.0720327  0.0300541 -1.87376 -1.95476 -9.42785  6082
               169.1 -3.93509  43.0068  7.90014 -1.86953 -3.91666  1.17634 0 0 0   -0.011 -0.02329  0.04412  0.71863 0.242286 -0.12901  -0.0021551 -0.00124298 -0.00513753  0.0168966 -0.0725009  0.0305165 -1.87391 -1.95467 -9.42784  6119
               169.2 -3.62802  43.2725   10.599 -1.79798 -3.88969   1.1629 0 0 0   -0.011 -0.02329  0.04412   0.729399    0.27887 -0.0990132 -0.00214798 -0.00124912 -0.00512792  0.0166901 -0.0726697  0.0309735 -1.87394  -1.9546 -9.42785  6067
             169.301 -3.62318  44.1134  12.2639 -1.72619  -3.8603  1.14858 0 0 0   -0.011 -0.02329  0.04412  0.689461  0.274012 -0.129156 -0.00216615 -0.00126823 -0.00510566  0.0161394 -0.0728268  0.0313178 -1.87388 -1.95449 -9.42788  6054
               169.4 -2.84404  45.0001  12.7483 -1.66179 -3.83516  1.13326 0 0 0   -0.011 -0.02329  0.04412  0.615813  0.262798 -0.171447 -0.00219369 -0.00127463 -0.00508039  0.0162439 -0.0727267  0.0315065 -1.87391 -1.95453 -9.42787  6061
               169.5 -1.78889  46.3001  13.2293 -1.60343 -3.80584  1.11556 0 0 0   -0.011 -0.02329  0.04412  0.540253  0.308445 -0.190347 -0.00220467 -0.00127828 -0.00508967  0.0163411 -0.0728785  0.0315002 -1.87395 -1.95451 -9.42787  6096
             169.601 -1.69646   47.214  12.8499 -1.55088 -3.77107  1.09111 0 0 0   -0.011 -0.02329  0.04412  0.461485   0.35871 -0.247337  -0.0022013 -0.00126393 -0.00508119  0.0155784 -0.0730347  0.0314688 -1.87383 -1.95437 -9.42792  6053
               169.7 -1.9104 47.0974 12.4107  -1.5064 -3.73144  1.06266 0 0 0   -0.011 -0.02329  0.04412 0.405346 0.420739 -0.30617 -0.00220493 -0.00123403 -0.00507556  0.0153418 -0.0731493  0.0313929 -1.87379 -1.95431 -9.42794  6058
               169.8 -2.75626  46.6956  11.3759 -1.46899 -3.68448   1.0294 0 0 0   -0.011 -0.02329  0.04412  0.386399   0.50361 -0.328397 -0.00219843 -0.00121715 -0.00505874  0.0152872 -0.0734248  0.0316406 -1.87386 -1.95424 -9.42794  6045
               169.9 -2.68812  46.6989   10.407 -1.43206 -3.62934   1.0022 0 0 0   -0.011 -0.02329  0.04412  0.423075  0.591184 -0.240412 -0.00222413 -0.00124883 -0.00506528 0.0159395 -0.073706 0.0317374 -1.87403 -1.95427  -9.4279  6041
                 170 -1.62019  47.4158  10.3161 -1.38745 -3.56721 0.982888 0 0 0   -0.011 -0.02329  0.04412  0.468612  0.631403 -0.151157 -0.00223194 -0.00124824 -0.00507417  0.0160257 -0.0737299  0.0318098 -1.87406 -1.95428 -9.42789  6073
               170.1 -1.46477  48.4178  10.8072 -1.33984 -3.50435 0.969414 0 0 0   -0.011 -0.02329  0.04412   0.45801  0.593584 -0.145483 -0.00219078 -0.00125762 -0.00508201   0.016029 -0.0737964  0.0314822 -1.87403 -1.95426  -9.4279  6073
               170.2 -1.67477  49.2018  11.1204 -1.29321 -3.44764 0.953354 0 0 0   -0.011 -0.02329  0.04412   0.4939 0.540257 -0.15971 -0.00220511 -0.00125338 -0.00506853  0.0159549 -0.0738781  0.0316497 -1.87405 -1.95423 -9.42791  6051
               170.3 -2.84696  50.4032  10.6482 -1.24125 -3.39446 0.934257 0 0 0   -0.011 -0.02329  0.04412    0.5275  0.489347 -0.212425 -0.00220652 -0.00127863 -0.00506052  0.0156518 -0.0740495  0.0316039 -1.87401 -1.95416 -9.42793  6066
               170.4 -3.6904 51.5233 9.66595 -1.18622 -3.35051 0.908175 0 0 0   -0.011 -0.02329  0.04412  0.575396  0.403914 -0.318654 -0.00222227  -0.0012713 -0.00505093  0.0155828 -0.0739279  0.0315786 -1.87398 -1.95417 -9.42793  6049
               170.5 -3.74561  52.8801  8.76202 -1.12696 -3.31393 0.871272 0 0 0   -0.011 -0.02329  0.04412  0.609808  0.324885 -0.359492 -0.00224307 -0.00127551 -0.00505577  0.0154249 -0.0739299  0.0317995 -1.87398 -1.95415 -9.42793  6076
               170.6 -2.93269  53.1507  8.90677 -1.06306 -3.28174 0.840768 0 0 0   -0.011 -0.02329  0.04412  0.707134  0.313988 -0.226458 -0.00224538 -0.00125632 -0.00505954  0.0155691 -0.0741356  0.0317484 -1.87403 -1.95413 -9.42793  6084
               170.7 -2.19094   52.919  8.85475 -0.987554   -3.2462  0.826749 0 0 0   -0.011 -0.02329  0.04412   0.765129   0.363448 -0.0771791 -0.00223488 -0.00123557 -0.00504437  0.0156189 -0.0743985  0.0315938 -1.87405 -1.95407 -9.42794  6116
             170.801 -2.2707 52.9444 8.27285 -0.917429  -3.20746  0.821046 0 0 0   -0.011 -0.02329  0.04412   0.641924   0.382504 -0.0658036 -0.00224793  -0.0012338  -0.0050486  0.0157132 -0.0747168  0.0316348 -1.87411 -1.95402 -9.42794  6049
               170.9 -2.46636  52.7151  8.25723 -0.860052  -3.16878  0.809046 0 0 0   -0.011 -0.02329  0.04412   0.54768  0.395977 -0.135428 -0.00221836 -0.00123023 -0.00504284  0.0155409 -0.0748113  0.0320534 -1.87416 -1.95398 -9.42794  6102
             171.001 -2.16309  53.6323  9.23829 -0.808268  -3.12834  0.791276 0 0 0   -0.011 -0.02329  0.04412  0.485563  0.412945 -0.178731 -0.00222227  -0.0012534 -0.00506262  0.0152297 -0.0747875  0.0323248 -1.87414 -1.95395 -9.42795  6081
               171.1 -1.30844  53.7508  11.2181 -0.76458 -3.08505 0.772928 0 0 0   -0.011 -0.02329  0.04412  0.418151  0.435142 -0.222804 -0.00221025 -0.00124308 -0.00507547  0.0154831 -0.0750062  0.0323292 -1.87422 -1.95393 -9.42793  6104
               171.2 -1.86444  53.4763  10.9649 -0.725568  -3.03576  0.746352 0 0 0   -0.011 -0.02329  0.04412   0.42365  0.478878 -0.330257 -0.00222448 -0.00126377  -0.0050254  0.0157119 -0.0758957  0.0323774 -1.87438 -1.95376 -9.42794  6033
               171.3 -1.99715  53.7477  10.0172 -0.682333  -2.98404  0.709947 0 0 0   -0.011 -0.02329  0.04412  0.421095  0.501438 -0.295033 -0.00226077 -0.00126456 -0.00502818  0.0152455 -0.0763049  0.0327164 -1.87441 -1.95362 -9.42796  6131
               171.4 0.26564 51.6116 10.8279 -0.640925  -2.93374  0.689363 0 0 0   -0.011 -0.02329  0.04412  0.416536   0.53404 -0.129471 -0.00229906 -0.00119818  -0.0050633 0.0153915  -0.07615 0.0325394 -1.87438 -1.95367 -9.42796  6106
               171.5 2.87195 48.7807 12.2039 -0.593389  -2.87891   0.68306 0 0 0   -0.011 -0.02329  0.04412   0.446048   0.557615 -0.0159214 -0.00227473  -0.0011639 -0.00509163  0.0150083 -0.0759164   0.032117 -1.87423 -1.95367 -9.42799  6107
               171.6 3.90502 45.5094 13.7186 -0.551576  -2.82438  0.679419 0 0 0   -0.011 -0.02329  0.04412   0.410701   0.510329 -0.0687671 -0.00222409 -0.00115851 -0.00510793  0.0151295 -0.0759903   0.032183 -1.87427 -1.95367 -9.42798  6124
               171.7  4.2475 43.2867 15.1599 -0.508542  -2.77873  0.672117 0 0 0   -0.011 -0.02329  0.04412   0.452673   0.444125 -0.0927276 -0.00217259  -0.0011793 -0.00511721 0.0153036 -0.075632 0.0322212 -1.87426 -1.95377 -9.42796  6107
               171.8    4.15 41.9289 15.8803 -0.463081  -2.73677  0.659715 0 0 0   -0.011 -0.02329  0.04412  0.467172  0.375826 -0.144434 -0.00216436 -0.00119106 -0.00510807  0.0151979 -0.0757521  0.0324288 -1.87428 -1.95372 -9.42796  6135
               171.9 4.41205 40.6626 16.2328 -0.418539  -2.69959   0.64343 0 0 0   -0.011 -0.02329  0.04412  0.466684  0.313795 -0.207963 -0.00216365 -0.00120702 -0.00509852 0.0154764 -0.076338 0.0324999 -1.87442 -1.95364 -9.42795  6094
                 172 5.02443 39.0914 17.1238 -0.371018  -2.67187  0.617007 0 0 0   -0.011 -0.02329  0.04412  0.505747   0.25822 -0.258845 -0.00215262 -0.00120043 -0.00510559  0.0151384 -0.0762674  0.0329552  -1.8744  -1.9536 -9.42797  6079
               172.1 5.93553 37.6382 20.5922 -0.31452 -2.64156 0.593152 0 0 0   -0.011 -0.02329  0.04412  0.606438  0.318887 -0.166147  -0.0021259 -0.00120641 -0.00514535  0.0148265 -0.0764579   0.032878 -1.87436 -1.95352 -9.42799  6095
             172.201 5.48841 36.9894 24.1122 -0.250625  -2.60464  0.587511 0 0 0   -0.011 -0.02329  0.04412    0.641176     0.35013 -0.00303832 -0.00209127 -0.00124055 -0.00513793   0.014957 -0.0769867  0.0323964 -1.87442 -1.95344   -9.428  6060
               172.3 4.50919 35.7321 25.3842 -0.186705  -2.57456  0.588048 0 0 0   -0.011 -0.02329  0.04412     0.58282    0.267145 -0.00204524 -0.00209734 -0.00123767 -0.00509012   0.014724 -0.0766067   0.032254  -1.8743 -1.95348 -9.42801  6109
               172.4  4.7588   33.57 25.8219 -0.131519  -2.54874  0.582534 0 0 0   -0.011 -0.02329  0.04412    0.55044   0.269001 -0.0712559 -0.00213689 -0.00124247 -0.00509336  0.0145586 -0.0766534  0.0325461  -1.8743 -1.95344 -9.42802  6028
             172.499 4.73352 32.3428 26.1747 -0.0792326   -2.52034   0.572743 0 0 0   -0.011 -0.02329  0.04412  0.514408  0.287644 -0.136452 -0.00209777  -0.0012675 -0.00508292  0.0148874 -0.0768047  0.0326847  -1.8744 -1.95347 -9.42799  6107
               172.6 4.93668 31.2799 26.7273 -0.0325313   -2.49076   0.555933 0 0 0   -0.011 -0.02329  0.04412   0.46529  0.309675 -0.211592 -0.00210665 -0.00127936 -0.00509083  0.0151409 -0.0770449   0.032747 -1.87449 -1.95346 -9.42798  5993
               172.7 4.97402 29.9572 27.8888 0.0125377  -2.46096  0.533973 0 0 0   -0.011 -0.02329  0.04412  0.441794  0.341508 -0.255588 -0.00207626 -0.00128284 -0.00510454  0.0154813 -0.0765809  0.0325797 -1.87445 -1.95361 -9.42795  6081
             172.799 5.29846 28.5385 29.1015 0.0586331    -2.423  0.504244 0 0 0   -0.011 -0.02329  0.04412  0.477597  0.395779 -0.290416 -0.00206784 -0.00129336 -0.00510957  0.0152701 -0.0767131  0.0329014 -1.87446 -1.95355 -9.42797  6147
               172.9 5.15072 27.8666 29.0334 0.110562 -2.37903  0.47467 0 0 0   -0.011 -0.02329  0.04412  0.573623  0.462791 -0.252813  -0.0020584  -0.0013059 -0.00508635  0.0149024 -0.0768742  0.0330202 -1.87443 -1.95345 -9.42799  6017
             172.999 5.16449 28.7382 27.8733 0.173925 -2.32849  0.45248 0 0 0   -0.011 -0.02329  0.04412  0.694743  0.514843 -0.161121 -0.00206823 -0.00131927 -0.00507517   0.014689 -0.0771396  0.0333695 -1.87446 -1.95336   -9.428  6142
               173.1 4.27211 30.8211 26.1137  0.24425 -2.27946 0.437238 0 0 0   -0.011 -0.02329  0.04412  0.653332  0.420969 -0.169048 -0.00208312 -0.00132678 -0.00506718   0.014439 -0.0770433  0.0330069 -1.87438 -1.95334 -9.42802  6082
               173.2 2.94949 31.7732 22.8241 0.310452 -2.24505 0.420307 0 0 0   -0.011 -0.02329  0.04412  0.696313  0.320573 -0.183565 -0.00210321 -0.00129819 -0.00504947  0.0146552 -0.0766633  0.0328915 -1.87435 -1.95345 -9.42801  6088
               173.3 1.80682 33.6751 18.4945 0.382271 -2.22018 0.404927 0 0 0   -0.011 -0.02329  0.04412  0.711428   0.21285 -0.182746  -0.0021131  -0.0013092 -0.00504244  0.0149263 -0.0762742  0.0324312  -1.8743 -1.95357 -9.42799  6074
               173.4 1.74903 35.4753 14.9343 0.452902  -2.2019 0.383679 0 0 0   -0.011 -0.02329  0.04412  0.715755  0.143852 -0.257269 -0.00214655  -0.0012819  -0.0050652  0.0150398 -0.0763937   0.032475 -1.87435 -1.95356 -9.42798  6105
               173.5 1.85303 38.1949 11.5116  0.52502 -2.19036 0.354967 0 0 0   -0.011 -0.02329  0.04412  0.741689  0.058616 -0.325267 -0.00216161 -0.00128155 -0.00506644  0.0152616 -0.0766241  0.0323047 -1.87441 -1.95355 -9.42797  6051
               173.6  2.1994 39.6665 7.79204 0.598179 -2.18523 0.322185 0 0 0   -0.011 -0.02329  0.04412   0.744791 0.00407008  -0.261307 -0.00219962 -0.00123029 -0.00507369  0.0150309 -0.0771198  0.0327186 -1.87447 -1.95342 -9.42799  6124
               173.7 1.39696 38.9519 3.59685 0.670925 -2.18336 0.305528 0 0 0   -0.011 -0.02329  0.04412    0.74456  0.0404903 -0.0919192 -0.00220546 -0.00115199 -0.00507858  0.0153579 -0.0772226  0.0328457 -1.87455 -1.95344 -9.42797  6128
               173.8  -0.3637  38.0692 -1.44169 0.747017 -2.18085 0.298639 0 0 0   -0.011 -0.02329  0.04412   0.736116  0.0662835 -0.0887401 -0.00219315 -0.00112881 -0.00506898  0.0152235 -0.0766419  0.0325919 -1.87444 -1.95355 -9.42797  6072
               173.9 -1.65527  39.4059 -6.37419 0.823648 -2.17477 0.286518 0 0 0   -0.011 -0.02329  0.04412  0.764926 0.0754536 -0.133213 -0.00219337 -0.00116341 -0.00507812  0.0150878 -0.0764131  0.0325788 -1.87439 -1.95358 -9.42797  6093
                 174 -1.59701  41.6118  -9.7253 0.895616 -2.16363 0.267888 0 0 0   -0.011 -0.02329  0.04412  0.698158  0.112053 -0.201773 -0.00223791   -0.001156 -0.00511222 0.0148984 -0.076812  0.033167 -1.87444 -1.95346 -9.42799  5999
               174.1 -2.75847  43.2452 -13.3695 0.964176 -2.14943 0.242579 0 0 0   -0.011 -0.02329  0.04412  0.634765   0.14688 -0.268795 -0.00223543 -0.00113269 -0.00510847  0.0144548 -0.0770098  0.0332894 -1.87438 -1.95338 -9.42802  6115
               174.2 -3.70396  43.5884 -17.0384  1.02168 -2.13137 0.217324 0 0 0   -0.011 -0.02329  0.04412  0.565904  0.180127 -0.279293 -0.00225303 -0.00109116 -0.00510547  0.0150912 -0.0773278  0.0331837  -1.8745 -1.95336   -9.428  6128
               174.3 -3.59289  42.6992 -20.6789  1.07576 -2.10999 0.191069 0 0 0   -0.011 -0.02329  0.04412  0.576485  0.223453 -0.261288 -0.00226889 -0.00106313 -0.00511327  0.0155231 -0.0774909  0.0332762  -1.8746 -1.95334 -9.42798  6112
               174.4 -3.69539  41.5219 -25.7419  1.13843 -2.08499 0.166757 0 0 0   -0.011 -0.02329  0.04412  0.632198  0.227154 -0.194852 -0.00228953 -0.00104134 -0.00512912  0.0151957 -0.0778269    0.03327 -1.87454 -1.95326 -9.42801  6093
               174.5 -4.79424   40.912 -33.5437  1.20383 -2.06513 0.151068 0 0 0   -0.011 -0.02329  0.04412  0.663942  0.118596 -0.125065 -0.00231057 -0.00101192 -0.00510464  0.0152041 -0.0781029  0.0334974 -1.87457 -1.95319 -9.42802  6095
               174.6 -8.21542  41.1008 -45.7035   1.2634 -2.06221 0.134469 0 0 0   -0.011 -0.02329  0.04412   0.515061 -0.0809924  -0.176603  -0.00233661 -0.000998244  -0.00508475 0.0150107 -0.078106  0.033826 -1.87457 -1.95315 -9.42802  6120
               174.7 -10.7057  40.8687 -59.3182  1.30987 -2.08084 0.118848 0 0 0   -0.011 -0.02329  0.04412  0.350029  -0.24978 -0.116615  -0.00241189 -0.000947217  -0.00509294  0.0147292 -0.0780122  0.0334995  -1.8745 -1.95321 -9.42803  6128
               174.8 -11.4376  38.8837 -73.7405    1.335 -2.11427 0.114423 0 0 0   -0.011 -0.02329  0.04412  0.121155 -0.330602  0.016315  -0.00249653 -0.000869509  -0.00511132   0.014536 -0.0776641  0.0330688 -1.87446 -1.95333 -9.42801  6058
               174.9 -8.66677  34.4516 -86.0475  1.33881 -2.14582 0.120216 0 0 0   -0.011 -0.02329  0.04412 -0.0178079  -0.279678  0.0648355 -0.00256656 -0.00071681 -0.00518233  0.0145597 -0.0775564  0.0329416 -1.87446 -1.95336   -9.428  6091
                 175 -4.87912  30.5152 -94.9986  1.33747 -2.17038 0.128566 0 0 0   -0.011 -0.02329  0.04412 0.00728887  -0.266818  0.0476433  -0.00255298 -0.000625609  -0.00526772  0.0151786 -0.0776328  0.0326192 -1.87449 -1.95334   -9.428  6166
               175.1 -2.20395  27.7583  -101.92  1.34118 -2.19638 0.132687 0 0 0   -0.011 -0.02329  0.04412 0.0620241 -0.288628 0.0574504  -0.00250544 -0.000559839  -0.00536307    0.01531 -0.0777255  0.0329209 -1.87448 -1.95327 -9.42802  6132
               175.2   1.7793  25.7625 -105.367  1.35687 -2.22536 0.137202 0 0 0   -0.011 -0.02329  0.04412  0.169661 -0.309608  0.099146  -0.00249159 -0.000517613  -0.00546916  0.0151435 -0.0785421  0.0332747 -1.87432 -1.95325 -9.42805  6175
               175.3 4.92944 25.6208 -107.61  1.38418 -2.25232 0.146928 0 0 0   -0.011 -0.02329  0.04412  0.304227 -0.263091  0.114701 -0.00244282 -0.00053637  -0.0055396  0.0154098 -0.0791781   0.033712 -1.87417 -1.95319  -9.4281  6103
               175.4  6.15677  24.5876 -108.842  1.42066 -2.27666 0.152076 0 0 0   -0.011 -0.02329  0.04412  0.358284 -0.188784 0.0318667  -0.00240977 -0.000478129  -0.00555283  0.0148918 -0.0796279  0.0341373 -1.87408 -1.95324  -9.4281  6126
               175.5  6.55215  23.7858 -110.869  1.45606 -2.29034 0.151942 0 0 0   -0.011 -0.02329  0.04412    0.332828   -0.191198 -0.00492569  -0.00237762 -0.000475466  -0.00556296  0.0155664 -0.0793485   0.034581 -1.87404 -1.95307 -9.42815  6091
               175.6    6.728  23.7809 -114.176   1.4865 -2.31002 0.152308 0 0 0   -0.011 -0.02329  0.04412    0.32408  -0.161211 -0.0100281  -0.00236999 -0.000469891  -0.00555577  0.0153132 -0.0791929  0.0343035 -1.87411 -1.95311 -9.42813  6118
               175.7  6.82414  22.8381 -118.407  1.52099 -2.32912 0.147502 0 0 0   -0.011 -0.02329  0.04412   0.374831  -0.150472 -0.0623355  -0.00237939 -0.000429853  -0.00555748  0.0147488 -0.0794262  0.0343476 -1.87412 -1.95321  -9.4281  6063
               175.8 7.50922 21.3517 -121.13  1.56266 -2.34237 0.138335 0 0 0   -0.011 -0.02329  0.04412    0.44955 -0.0858706  -0.111663   -0.0023865 -0.000416089  -0.00556105  0.0146002 -0.0796171  0.0344485 -1.87409 -1.95324  -9.4281  6152
               175.9  8.92978  19.1643 -122.018  1.61475 -2.34938 0.127591 0 0 0   -0.011 -0.02329  0.04412   0.546517 -0.0302541  -0.112568  -0.00236687 -0.000394189  -0.00561646  0.0147177 -0.0802002  0.0343303 -1.87402 -1.95333  -9.4281  6098
                 176  10.4988   17.004 -121.989  1.66917 -2.35579 0.122148 0 0 0   -0.011 -0.02329  0.04412    0.574719  -0.0518372 -0.00726738  -0.00233832 -0.000394278  -0.00563355  0.0142391 -0.0802905  0.0339534 -1.87411 -1.95343 -9.42806  6115
               176.1  10.5983   15.894 -120.503  1.72992 -2.36461 0.123845 0 0 0   -0.011 -0.02329  0.04412  0.573702 -0.112013 0.0533276  -0.00229744 -0.000411096    -0.005654  0.0143336 -0.0806294  0.0344182   -1.874 -1.95345 -9.42808  6126
               176.2  9.94549  14.6407 -117.121  1.78664 -2.37504 0.129654 0 0 0   -0.011 -0.02329  0.04412   0.507157 -0.0826936  0.0351634  -0.00228002 -0.000437267  -0.00568769 0.0145361 -0.081047 0.0342959 -1.87394  -1.9535 -9.42808  6061
               176.3  9.09857  12.7659 -115.251  1.82841 -2.38072   0.1325 0 0 0   -0.011 -0.02329  0.04412   0.353002 -0.0698332  0.0204131  -0.00223948 -0.000443734  -0.00566205  0.0146342 -0.0805663  0.0341631   -1.874 -1.95342 -9.42808  6111
               176.4  8.33514  11.4281 -115.494  1.85693 -2.39176 0.133537 0 0 0   -0.011 -0.02329  0.04412   0.218721 -0.0658944  0.0209676  -0.00226555 -0.000455323  -0.00560599  0.0139896 -0.0808978  0.0342327 -1.87403 -1.95355 -9.42805  6119
               176.5  8.13501  9.95359 -114.288  1.87457 -2.40093 0.136489 0 0 0   -0.011 -0.02329  0.04412   0.117981 -0.0835269   0.033323  -0.00226361 -0.000469779  -0.00562885  0.0137204 -0.0812566  0.0341899 -1.87402 -1.95364 -9.42803  6123
               176.6  7.78723  9.26422 -110.279  1.88248 -2.41212 0.138723 0 0 0   -0.011 -0.02329  0.04412 0.0416786 -0.105928 0.0253675  -0.00223563 -0.000502352  -0.00570366  0.0134414 -0.0813925  0.0343478 -1.87401 -1.95368 -9.42803  6096
               176.7  6.99219  8.97578 -105.028  1.88684 -2.42037 0.141961 0 0 0   -0.011 -0.02329  0.04412 0.00760713  -0.106932  0.0382664  -0.00221306 -0.000553629  -0.00571923  0.0139134 -0.0815236  0.0343358 -1.87395 -1.95364 -9.42805  6070
               176.8 5.34065 9.48575 -100.04   1.8859 -2.43104 0.147287 0 0 0   -0.011 -0.02329  0.04412 -0.0227563  -0.111087   0.055784  -0.00220518 -0.000594059  -0.00569479  0.0140201 -0.0814488  0.0343527 -1.87395 -1.95361 -9.42805  6098
               176.9  3.67473   10.063 -96.3557  1.88319 -2.44125 0.150872 0 0 0   -0.011 -0.02329  0.04412 -0.0462624 -0.0871124   0.030324  -0.00220668 -0.000628589  -0.00567859  0.0139648 -0.0815503  0.0345052 -1.87392 -1.95362 -9.42806  6065
                 177  2.57299  10.4638 -94.0303  1.87873 -2.44931 0.151718 0 0 0   -0.011 -0.02329  0.04412 -0.0698395 -0.0714443  0.0163942 -0.00221181 -0.00065799 -0.00563568  0.0139704 -0.0817638  0.0348047 -1.87386 -1.95362 -9.42807  6084
               177.1   2.2047  10.6285 -92.1458  1.87009   -2.456 0.153225 0 0 0   -0.011 -0.02329  0.04412 -0.0941126 -0.0442261  0.0211846 -0.00222934 -0.00067263 -0.00562575  0.0138049 -0.0817201  0.0348286 -1.87387 -1.95364 -9.42806  6118
               177.2  2.29353  10.4523 -90.7642  1.85885 -2.46196 0.158422 0 0 0   -0.011 -0.02329  0.04412  -0.103985 -0.0564473     0.0325  -0.00222617 -0.000669763   -0.0056135  0.0136708 -0.0815781  0.0343214 -1.87394  -1.9537 -9.42804  6039
               177.3  2.22494  10.4173 -89.9629  1.85132  -2.4678 0.161366 0 0 0   -0.011 -0.02329  0.04412 -0.0873307 -0.0585323  0.0319605  -0.00221773 -0.000696374  -0.00560782  0.0136859 -0.0819342  0.0343875 -1.87387  -1.9537 -9.42805  6094
               177.4   2.0986  9.97205 -90.0273   1.8419 -2.47681 0.162672 0 0 0   -0.011 -0.02329  0.04412 -0.0905083 -0.0609145  0.0266609  -0.00220913 -0.000673876  -0.00558467 0.0131314  -0.08189 0.0345912 -1.87387 -1.95378 -9.42804  6038
               177.5 1.94923 9.46708 -90.489  1.83375 -2.48311 0.164987 0 0 0   -0.011 -0.02329  0.04412 -0.0774544 -0.0343047  0.0179817   -0.0022068 -0.000679001  -0.00556964   0.012916 -0.0819612  0.0345594 -1.87386 -1.95382 -9.42803  6068
               177.6  1.85376  8.72701 -90.7228   1.8301 -2.48233 0.167843 0 0 0   -0.011 -0.02329  0.04412 -0.0501825  0.0118562  0.0136284  -0.00221077 -0.000665314  -0.00556849  0.0132528 -0.0824489  0.0343884 -1.87379 -1.95379 -9.42805  6036
               177.7  1.74656  8.21964 -90.9245  1.82688 -2.47821 0.170079 0 0 0   -0.011 -0.02329  0.04412 -0.0315595   0.033659  0.0133219  -0.00219499 -0.000679781  -0.00558049  0.0135974 -0.0825769  0.0342861 -1.87378 -1.95375 -9.42806  6091
               177.8  1.58431   7.5678 -91.6119   1.8255  -2.4741 0.171209 0 0 0   -0.011 -0.02329  0.04412 -0.0178654  0.0530022 0.00563439  -0.00218851 -0.000684531  -0.00556152  0.0135686 -0.0827589  0.0342576 -1.87375 -1.95376 -9.42806  6055
               177.9  1.45819   6.4538 -93.3744  1.82426 -2.47004 0.167921 0 0 0   -0.011 -0.02329  0.04412  -0.0232015   0.0429382 -0.00806882  -0.00219244 -0.000665245  -0.00553971  0.0133182 -0.0828646  0.0347818  -1.8737 -1.95377 -9.42807  6057
                 178  1.75986  5.63909 -95.5498  1.82041 -2.46771 0.165127 0 0 0   -0.011 -0.02329  0.04412  -0.0459723   0.0158942 -0.00802651 -0.00219978 -0.00066956 -0.00553568  0.0131388 -0.0827835  0.0351452 -1.87369 -1.95377 -9.42807  6054
               178.1  2.35148   5.1785 -97.7318  1.81261 -2.46783  0.16501 0 0 0   -0.011 -0.02329  0.04412  -0.0727923  -0.0121225 -0.00118342  -0.00219661 -0.000670356  -0.00552689  0.0130698 -0.0824683  0.0350492 -1.87375 -1.95377 -9.42806  6044
               178.2  2.64468  5.28521 -99.1869  1.80236 -2.47257 0.166238 0 0 0   -0.011 -0.02329  0.04412 -0.0855181 -0.0527553 0.00580094   -0.0021891 -0.000656653  -0.00552745  0.0128119 -0.0821216  0.0348147 -1.87383 -1.95381 -9.42804  6080
               178.3  2.32782  6.04958 -98.8716  1.79794 -2.47923 0.168908 0 0 0   -0.011 -0.02329  0.04412 -0.0600051 -0.0909618  0.0148834  -0.00219716 -0.000668422  -0.00555222  0.0129261 -0.0826343  0.0345542 -1.87376 -1.95384 -9.42804  6065
               178.4  1.58707  7.89372 -96.8497  1.79547 -2.49096 0.173797 0 0 0   -0.011 -0.02329  0.04412 -0.0400498  -0.142945  0.0140926  -0.00218806 -0.000689527  -0.00555903  0.0129873 -0.0831265  0.0339846 -1.87372 -1.95389 -9.42804  6015
               178.5  1.23918  10.3505 -94.5391  1.79397 -2.50858 0.173151 0 0 0   -0.011 -0.02329  0.04412 -0.00785192   -0.193399  0.00510026  -0.00221014 -0.000719145  -0.00556544  0.0128443 -0.0833804  0.0341898 -1.87367 -1.95392 -9.42804  6055
               178.6 0.915439  12.6834 -93.5065  1.79445 -2.52974 0.170928 0 0 0   -0.011 -0.02329  0.04412  0.0358828  -0.230196 0.00226661   -0.0022358 -0.000713586  -0.00551578  0.0127044 -0.0831864  0.0347249 -1.87367  -1.9539 -9.42805  6061
               178.7  0.68172  14.6491 -93.8755  1.79785 -2.55431  0.17224 0 0 0   -0.011 -0.02329  0.04412   0.0355901   -0.270649 -0.00172829  -0.00225284 -0.000716619   -0.0054653   0.012764 -0.0831023  0.0344995  -1.8737  -1.9539 -9.42804  6109
               178.8  1.08934   16.163 -97.0298  1.80065  -2.5834 0.171042 0 0 0   -0.011 -0.02329  0.04412   0.0177551   -0.334838 -0.00853384  -0.00231064 -0.000712063  -0.00540166  0.0128902 -0.0831001   0.034615 -1.87369 -1.95387 -9.42805  6081
               178.9  2.15036  18.3118 -101.473  1.80479 -2.61494 0.169999 0 0 0   -0.011 -0.02329  0.04412   0.0313213   -0.340059 -0.00614287  -0.00235842 -0.000717225  -0.00538871  0.0134217 -0.0833781  0.0347728 -1.87362 -1.95379 -9.42808  6102
                 179  3.51195  19.3005 -106.187  1.80855 -2.64938 0.171692 0 0 0   -0.011 -0.02329  0.04412  0.053064 -0.326755 0.0446946  -0.00239744 -0.000660081  -0.00537682  0.0132704 -0.0833712   0.034639 -1.87364 -1.95383 -9.42807  6094
               179.1  5.03881  19.0339 -111.831  1.81442 -2.68285 0.178601 0 0 0   -0.011 -0.02329  0.04412 0.0565356 -0.316487 0.0867284  -0.00243005 -0.000595912  -0.00536393   0.013166 -0.0835079    0.03455 -1.87363 -1.95386 -9.42807  6118
               179.2  6.64202  17.1155 -116.053  1.82003 -2.71312 0.185938 0 0 0   -0.011 -0.02329  0.04412 0.0760544 -0.280579  0.120735  -0.00242034 -0.000525895  -0.00542213  0.0128855 -0.0833432  0.0350237 -1.87363 -1.95383 -9.42807  6129
               179.3  7.80233  13.8549 -117.374  1.82962 -2.73964  0.19702 0 0 0   -0.011 -0.02329  0.04412 0.0910666 -0.226122 0.0944019  -0.00238124 -0.000483274  -0.00550267  0.0126968 -0.0835382    0.03513  -1.8736 -1.95387 -9.42807  6103
               179.4  8.33985   10.271 -117.451  1.83726  -2.7646 0.205844 0 0 0   -0.011 -0.02329  0.04412  0.054819 -0.258131 0.0881674  -0.00234096 -0.000466364    -0.005539  0.0125194 -0.0836923   0.034991 -1.87361 -1.95392 -9.42806  6091
               179.5 7.93268 8.34028 -117.36  1.84036  -2.7973 0.215924 0 0 0   -0.011 -0.02329  0.04412 -0.0251003    -0.3411  0.0952129  -0.00231442 -0.000478196  -0.00554027  0.0122084 -0.0841573  0.0348674 -1.87361 -1.95403 -9.42803  6092
               179.6  7.59854  7.97594 -117.042  1.83313 -2.83076 0.223592 0 0 0   -0.011 -0.02329  0.04412 -0.138649 -0.366002 0.0597447  -0.00230865 -0.000514461  -0.00553409  0.0125942 -0.0840364   0.034941 -1.87357 -1.95397 -9.42806  6075
               179.7  8.02057  7.92875 -116.876  1.81348 -2.87415 0.229575 0 0 0   -0.011 -0.02329  0.04412 -0.241303 -0.432987 0.0695659   -0.0023068 -0.000511381  -0.00553829  0.0119494 -0.0843349   0.034844 -1.87362 -1.95409 -9.42802  6166
               179.8  8.03586   8.2506 -116.507  1.78849 -2.91491 0.237987 0 0 0   -0.011 -0.02329  0.04412 -0.312733 -0.455576 0.0930823  -0.00231338 -0.000544264  -0.00552785  0.0126877 -0.0843459  0.0349457 -1.87352   -1.954 -9.42806  6040
               179.9  7.72244   8.8288 -115.788  1.74886 -2.96664 0.251295 0 0 0   -0.011 -0.02329  0.04412 -0.394019 -0.519863  0.207428  -0.00228521 -0.000527036  -0.00554739  0.0118971 -0.0840689  0.0349159 -1.87365 -1.95405 -9.42802  6088
                 180  7.31028  10.0872 -115.276  1.71682 -3.01671 0.278915 0 0 0   -0.011 -0.02329  0.04412 -0.321683 -0.504337  0.305537   -0.0023191 -0.000564902  -0.00552072  0.0125334 -0.0846318  0.0349269 -1.87351 -1.95406 -9.42805  6119
               180.1  6.27725  10.3152 -114.865  1.68891 -3.06465 0.304747 0 0 0   -0.011 -0.02329  0.04412 -0.234262 -0.458965  0.233761  -0.00230306 -0.000546801  -0.00550544  0.0126054 -0.0845474  0.0352218 -1.87348 -1.95403 -9.42806  6055
               180.2  4.42113  10.8021 -114.548  1.67344 -3.10493 0.323617 0 0 0   -0.011 -0.02329  0.04412 -0.151108 -0.345658  0.170227  -0.00228071 -0.000565552  -0.00550766  0.0129452 -0.0849507  0.0356243 -1.87336 -1.95402 -9.42809  6095
               180.3  3.42092  11.7384 -114.656   1.6594 -3.13243 0.337192 0 0 0   -0.011 -0.02329  0.04412 -0.101058 -0.198659  0.111957  -0.00230655 -0.000601971   -0.0054792  0.0129366 -0.0847457  0.0356757 -1.87338 -1.95399 -9.42809  6137
               180.4  3.11541  10.8138 -115.536  1.65442 -3.14693 0.346396 0 0 0   -0.011 -0.02329  0.04412 -0.0190558  -0.122485  0.0651722  -0.00233646 -0.000575291   -0.0054601  0.0129678 -0.0848552  0.0356529 -1.87336   -1.954 -9.42809  6089
               180.5   2.4632  11.0382 -117.236  1.65228  -3.1609 0.350054 0 0 0   -0.011 -0.02329  0.04412 -0.0433635  -0.144788  0.0154171  -0.00232058 -0.000591577  -0.00544573  0.0128488 -0.0850298  0.0357765 -1.87334 -1.95403 -9.42809  6086
               180.6 2.43322 12.9865 -119.39  1.64745 -3.17995 0.352038 0 0 0   -0.011 -0.02329  0.04412 -0.0299392  -0.147222 -0.0152288  -0.00233845 -0.000608767  -0.00543279  0.0123103 -0.0853185  0.0352091 -1.87341 -1.95417 -9.42805  6091
               180.7  2.04536  14.7969 -119.091  1.64632 -3.19509 0.350977 0 0 0   -0.011 -0.02329  0.04412 -0.00546547   -0.132552 -0.00713302  -0.00235471 -0.000593393  -0.00544712  0.0120625 -0.0855043   0.035139 -1.87342 -1.95422 -9.42803  6115
               180.8  1.89284  16.7499 -118.218  1.64602 -3.21085 0.349132 0 0 0   -0.011 -0.02329  0.04412 0.000818397   -0.192959  -0.0399442   -0.0023683 -0.000609053  -0.00543553  0.0119976 -0.0855703  0.0351308 -1.87342 -1.95424 -9.42803  6140
               180.9 0.936311  19.9381 -118.327  1.64886 -3.23122 0.340573 0 0 0   -0.011 -0.02329  0.04412  0.0355551  -0.234645 -0.0845189  -0.00238009 -0.000638053  -0.00541289 0.0122359 -0.085504 0.0356007 -1.87336 -1.95417 -9.42805  6077
                 181 0.388822  22.3774 -118.234  1.65689 -3.25366 0.331572 0 0 0   -0.011 -0.02329  0.04412    0.10746  -0.221211 -0.0786397 -0.00241707 -0.00064248 -0.00540613  0.0123265 -0.0856847  0.0357961 -1.87331 -1.95417 -9.42806  6113
               181.1 0.596264  23.5904 -117.008  1.67179 -3.27932 0.327851 0 0 0   -0.011 -0.02329  0.04412   0.207488  -0.260856 -0.0618236  -0.00241927 -0.000610787  -0.00540591   0.012262 -0.0858684  0.0352057 -1.87335 -1.95425 -9.42804  6084
               181.2 0.600651  23.7179 -115.219   1.6987 -3.30827 0.321501 0 0 0   -0.011 -0.02329  0.04412   0.355237  -0.319786 -0.0854777  -0.00241545 -0.000612305   -0.0054037  0.0122234 -0.0857905  0.0350243 -1.87338 -1.95426 -9.42803  6137
               181.3 0.0881853   23.6072  -113.047   1.7451 -3.34689 0.311697 0 0 0   -0.011 -0.02329  0.04412   0.503715  -0.414975 -0.0727375  -0.00239826 -0.000609127  -0.00541416  0.0121446 -0.0865082  0.0353667 -1.87327 -1.95433 -9.42804  6121
               181.4 0.561295  22.8312 -110.421  1.80336 -3.39126 0.306617 0 0 0   -0.011 -0.02329  0.04412  0.608801 -0.477944 -0.056867   -0.0024277 -0.000615674  -0.00540956  0.0124157 -0.0869593  0.0351683 -1.87321 -1.95438 -9.42804  6113
               181.5  1.62931  22.3313 -107.862  1.86739 -3.43974 0.298438 0 0 0   -0.011 -0.02329  0.04412   0.638035  -0.488044 -0.0352335  -0.00244122 -0.000640121  -0.00540197  0.0122871 -0.0870513  0.0355624 -1.87317 -1.95436 -9.42805  6151
               181.6  2.61955  23.4864 -104.972   1.9225 -3.48994 0.296849 0 0 0   -0.011 -0.02329  0.04412  0.533045   -0.4539 0.0252421  -0.00241727 -0.000677896  -0.00539947  0.0116188 -0.0865261  0.0357289 -1.87328 -1.95435 -9.42803  6155
               181.7  2.93574  25.7518 -102.548  1.96977 -3.52844  0.30048 0 0 0   -0.011 -0.02329  0.04412  0.390609  -0.30157 0.0308068  -0.00242683 -0.000732473  -0.00536871 0.0117758 -0.086557 0.0356355 -1.87327 -1.95435 -9.42804  6134
               181.8  3.68753  26.6908 -100.211  2.00195 -3.54859 0.305371 0 0 0   -0.011 -0.02329  0.04412  0.244455 -0.142435 0.0632005  -0.00242013 -0.000713277  -0.00536251  0.0120296 -0.0865453  0.0356914 -1.87325 -1.95431 -9.42805  6077
               181.9  4.66511  26.7212 -98.5614  2.02094 -3.56138 0.307722 0 0 0   -0.011 -0.02329  0.04412  0.161415 -0.109539 0.0105152   -0.0024235 -0.000692914  -0.00534849  0.0117819 -0.0864056  0.0359358 -1.87326  -1.9543 -9.42805  6136
                 182  4.82935  26.8467 -97.6179  2.03765 -3.56987 0.309147 0 0 0   -0.011 -0.02329  0.04412   0.125579  -0.071632 0.00040771  -0.00241525 -0.000713622  -0.00533241  0.0120328 -0.0867366  0.0358475 -1.87322 -1.95431 -9.42805  6113
               182.1  4.66768  26.5182 -96.7637   2.0513 -3.58142 0.310587 0 0 0   -0.011 -0.02329  0.04412   0.111927 -0.0996636  0.0180444  -0.00242498 -0.000711189  -0.00532036  0.0116744 -0.0871768  0.0355878 -1.87318 -1.95441 -9.42804  6137
               182.2  4.46189  26.1197 -96.5403  2.06132 -3.59084 0.310828 0 0 0   -0.011 -0.02329  0.04412    0.106086   -0.116938 -0.00434489 -0.00240617 -0.00070828  -0.0053215  0.0118065 -0.0869887   0.035699  -1.8732 -1.95437 -9.42805  6122
               182.3 4.76796 25.7434 -96.585  2.07353 -3.60557 0.309155 0 0 0   -0.011 -0.02329  0.04412  0.0943609  -0.164417 -0.0359725  -0.00241744 -0.000721963  -0.00531004  0.0116911 -0.0873672  0.0356523 -1.87315 -1.95441 -9.42805  6174
               182.4  5.25874  24.0617 -97.4984  2.08399 -3.62959 0.302447 0 0 0   -0.011 -0.02329  0.04412  0.0732983  -0.290172 -0.0708417 -0.0024197   -0.00068 -0.0053096  0.0113016 -0.0877529  0.0356189  -1.8731 -1.95447 -9.42804  6106
               182.5  5.65554  22.4592 -98.8775  2.09387 -3.66844 0.297335 0 0 0   -0.011 -0.02329  0.04412  0.0644665  -0.430895 0.00809349  -0.00241641 -0.000684437  -0.00530967 0.0109147 -0.088308 0.0356245 -1.87303 -1.95455 -9.42804  6064
               182.6  5.88149  18.7653 -102.527  2.09953 -3.71048 0.307669 0 0 0   -0.011 -0.02329  0.04412 -0.000966151    -0.427419     0.183831  -0.00242633 -0.000641599  -0.00527812  0.0111989 -0.0885055  0.0355876   -1.873 -1.95453 -9.42805  6129
               182.7  8.76134  15.1601 -109.818  2.09534 -3.75384 0.328077 0 0 0   -0.011 -0.02329  0.04412 -0.0611843  -0.441495   0.251242  -0.00246026 -0.000622716  -0.00523694 0.0110511 -0.088479 0.0360125 -1.87297  -1.9545 -9.42806  6130
               182.8  12.6832  14.3949 -118.616   2.0954 -3.79651 0.348394 0 0 0   -0.011 -0.02329  0.04412 0.0217305 -0.390722  0.147182  -0.00248362 -0.000596843   -0.0052586  0.0110142 -0.0888937  0.0361766 -1.87291 -1.95453 -9.42807  6127
               182.9  15.7869   14.086 -126.664  2.09645 -3.82843  0.36171 0 0 0   -0.011 -0.02329  0.04412 0.0934304 -0.299884 0.0898727 -0.00245189 -0.00054073 -0.00529253  0.0113051 -0.0880251  0.0358061 -1.87303 -1.95442 -9.42807  6130
                 183  18.8941  13.4321 -133.013  2.11088 -3.85744 0.368605 0 0 0   -0.011 -0.02329  0.04412  0.184652 -0.278192 0.0415221  -0.00246177 -0.000488189  -0.00536148  0.0112922 -0.0882624  0.0357639 -1.87301 -1.95446 -9.42806  6110
               183.1  20.7283  12.9122 -140.033  2.13824 -3.88337 0.370628 0 0 0   -0.011 -0.02329  0.04412   0.307146   -0.26031 -0.0176841  -0.00242971 -0.000440648  -0.00537433  0.0117725 -0.0885249  0.0359036 -1.87292 -1.95445 -9.42808  6114
               183.2  22.0512  12.5739 -146.407  2.17644 -3.91118 0.365104 0 0 0   -0.011 -0.02329  0.04412   0.426849  -0.225729 -0.0824129  -0.00239419 -0.000386143  -0.00541728 0.0115819 -0.089098 0.0361097 -1.87289 -1.95457 -9.42807  6117
               183.3  24.0575  12.5069 -152.573  2.22205 -3.93353 0.354685 0 0 0   -0.011 -0.02329  0.04412   0.487449  -0.192191 -0.0503088  -0.00237438 -0.000360254  -0.00543782  0.0111359 -0.0891715  0.0365885  -1.8729 -1.95461 -9.42805  6080
               183.4  25.3229  13.0072 -156.541  2.26854 -3.95386 0.351641 0 0 0   -0.011 -0.02329  0.04412  0.434029 -0.247139 0.0327421  -0.00235602 -0.000322575  -0.00546164  0.0108575 -0.0888692  0.0367475 -1.87293 -1.95456 -9.42806  6100
               183.5  24.8952  14.4399 -152.775  2.30359 -3.98818 0.356147 0 0 0   -0.011 -0.02329  0.04412  0.252503 -0.380082 0.0402533  -0.00231848 -0.000356669  -0.00552828  0.0107915 -0.0892267   0.036944 -1.87293 -1.95464 -9.42804  6166
               183.6  24.1476  16.1738 -146.961    2.324 -4.02881 0.360604 0 0 0   -0.011 -0.02329  0.04412  0.175916 -0.386451  0.021734  -0.00232613 -0.000409682  -0.00554421  0.0106497 -0.0896551  0.0368008 -1.87299 -1.95472 -9.42802  6124
               183.7  22.8294  17.1292 -141.956  2.33788 -4.06712 0.362847 0 0 0   -0.011 -0.02329  0.04412  0.0776554  -0.348771 0.00695445  -0.00236691 -0.000438546  -0.00551652  0.0106675 -0.0899396  0.0367464   -1.873 -1.95477   -9.428  6123
               183.8   21.667  18.5679 -139.484  2.34052 -4.09774 0.364857 0 0 0   -0.011 -0.02329  0.04412 -0.0494713  -0.304905  0.0234803  -0.00241618 -0.000474112  -0.00546555  0.0109256 -0.0897288  0.0365692 -1.87298 -1.95472 -9.42802  6144
               183.9  20.3125   20.098 -139.194  2.33087 -4.12639 0.367524 0 0 0   -0.011 -0.02329  0.04412 -0.177047  -0.27795 0.0312656  -0.00243166 -0.000479115  -0.00541747 0.0111581 -0.089762 0.0366714 -1.87292 -1.95473 -9.42803  6116
                 184  19.4299  21.1799 -139.993   2.3061 -4.15648 0.371988 0 0 0   -0.011 -0.02329  0.04412 -0.310584 -0.260886  0.064841  -0.00246546 -0.000468606  -0.00538801 0.0108198 -0.090164 0.0366806 -1.87298 -1.95482   -9.428  6129
               184.1  19.3608  21.4309 -142.053  2.26953 -4.17936  0.37681 0 0 0   -0.011 -0.02329  0.04412 -0.429264 -0.220511 0.0778843  -0.00251924 -0.000448762  -0.00537385  0.0107271 -0.0898271   0.037078 -1.87293 -1.95476 -9.42802  6143
               184.2   19.102  21.7194 -147.235  2.22069 -4.19533 0.386072 0 0 0   -0.011 -0.02329  0.04412 -0.559541 -0.142517 0.0852697  -0.00254198 -0.000425037  -0.00529718 0.0111465 -0.089447 0.0368162 -1.87291 -1.95468 -9.42804  6125
               184.3   20.932  23.2899 -156.679  2.15207 -4.20378 0.395605 0 0 0   -0.011 -0.02329  0.04412 -0.708878 0.0491566  0.101247  -0.00260868 -0.000363511  -0.00523304  0.0104775 -0.0896443  0.0365995 -1.87304 -1.95472   -9.428  6124
               184.4  24.2916   25.686 -167.967  2.08769 -4.19633 0.406595 0 0 0   -0.011 -0.02329  0.04412 -0.588449   0.06252  0.150206  -0.00270287 -0.000289492   -0.0051826  0.0105121 -0.0895838  0.0368529   -1.873 -1.95471 -9.42801  6124
               184.5   25.389   27.696 -176.126   2.0378 -4.19896 0.425597 0 0 0   -0.011 -0.02329  0.04412 -0.432039 -0.034345  0.169806   -0.0026812 -0.000227886  -0.00527485  0.0106643 -0.0904362  0.0367728 -1.87303 -1.95489 -9.42797  6132
               184.6 24.9553 29.0833 176.022  1.99955 -4.20603 0.440053 0 0 0   -0.011 -0.02329  0.04412  -0.364777 -0.0816109   0.122412  -0.00265967 -0.000128995  -0.00531159  0.0108318 -0.0906137  0.0369682 -1.87299 -1.95495 -9.42797  6142
               184.7 24.0464 30.9542 168.813  1.96693 -4.21656 0.448513 0 0 0   -0.011 -0.02329  0.04412 -0.298947 -0.112039  0.072328  -0.00267485 -0.000104775  -0.00533771  0.0108601 -0.0906563  0.0373013 -1.87294 -1.95498 -9.42797  6127
               184.8 23.6679 32.1533  163.76  1.94293 -4.22879 0.451609 0 0 0   -0.011 -0.02329  0.04412 -0.227793 -0.141624 0.0245559   -0.0026707 -8.17102e-05  -0.00536489  0.0110154 -0.0903393  0.0377051 -1.87282 -1.95498 -9.42799  6154
               184.9 23.7121 33.3853 160.161  1.92271 -4.24764 0.452302 0 0 0   -0.011 -0.02329  0.04412  -0.179488  -0.209082 0.00821096  -0.00268013 -7.02152e-05  -0.00537665  0.0110827 -0.0905363  0.0379655 -1.87282 -1.95504 -9.42798  6141
                 185 23.9185 34.3332 157.615  1.90882 -4.27147 0.453975 0 0 0   -0.011 -0.02329  0.04412 -0.0771896  -0.272794  0.0380817  -0.00267014 -7.13568e-05  -0.00538781  0.0109853 -0.0905109  0.0380023 -1.87283 -1.95503 -9.42798  6173
               185.1 25.0643 34.0851  155.09   1.9045  -4.3059 0.466039 0 0 0   -0.011 -0.02329  0.04412 -0.020657 -0.377423   0.11604  -0.00269009 -3.64065e-05  -0.00539879    0.01164 -0.0912156  0.0374806 -1.87293 -1.95518 -9.42793  6165
               185.2 26.3857 33.3523 154.248   1.8989 -4.34805 0.482081 0 0 0   -0.011 -0.02329  0.04412 -0.042862 -0.497976  0.195005 -0.00266671 1.55708e-06  -0.0054644  0.0112984 -0.0913392  0.0372057 -1.87302 -1.95511 -9.42793  6167
               185.3 27.2531  30.812 157.171  1.89465 -4.40552 0.504255 0 0 0   -0.011 -0.02329  0.04412 -0.0687163  -0.596929   0.240795  -0.00259854 -2.07077e-05  -0.00552926  0.0115862 -0.0915534  0.0374977 -1.87301 -1.95523 -9.42791  6190
               185.4 27.2541 28.5786 162.693  1.88572 -4.46534 0.523498 0 0 0   -0.011 -0.02329  0.04412 -0.152681 -0.548027   0.17951  -0.00252467 -6.29168e-05  -0.00556714  0.0116314 -0.0912863  0.0381183  -1.8729 -1.95527 -9.42792  6209
               185.5 27.6084  28.503  168.06  1.86728 -4.51718 0.537191 0 0 0   -0.011 -0.02329  0.04412 -0.153841 -0.476497  0.131057  -0.00256284 -0.000155223  -0.00553771  0.0112437 -0.0915602   0.038371 -1.87299 -1.95527  -9.4279  6145
               185.6 27.8641 26.9481 173.317  1.85054 -4.56283 0.551737 0 0 0   -0.011 -0.02329  0.04412 -0.112416 -0.425903  0.119784  -0.00257672 -0.000164333  -0.00553359 0.0109912  -0.09208 0.0380066 -1.87316 -1.95526 -9.42787  6136
               185.7 27.2661  24.577 177.356  1.83924 -4.59809 0.564118 0 0 0   -0.011 -0.02329  0.04412 -0.0842076  -0.315214   0.121034  -0.00255706 -0.000162482  -0.00551817  0.0106681 -0.0918989  0.0375581 -1.87321 -1.95514 -9.42788  6158
               185.8 26.3763 22.5087 179.374  1.83057  -4.6223 0.575822 0 0 0   -0.011 -0.02329  0.04412 -0.0948015  -0.205439   0.113178   -0.0025437 -0.000165364  -0.00549544   0.010543 -0.0916273  0.0374224 -1.87319 -1.95506  -9.4279  6122
               185.9 25.3771  20.795  -179.1  1.82047 -4.64028 0.586111 0 0 0   -0.011 -0.02329  0.04412 -0.138431 -0.132499 0.0764824  -0.00254494 -0.000214545    -0.005466  0.0107878 -0.0917075  0.0374929 -1.87316 -1.95511  -9.4279  6171
                 186  24.9997  19.2975 -177.379  1.80326 -4.65021 0.588952 0 0 0   -0.011 -0.02329  0.04412  -0.208129 -0.0680811  0.0263949  -0.00252794 -0.000218609  -0.00546622 0.0105937 -0.091546 0.0378522 -1.87313 -1.95509 -9.42791  6164
               186.1   24.769  18.0532 -176.357  1.78176 -4.65673 0.589323 0 0 0   -0.011 -0.02329  0.04412  -0.247135 -0.0219922 0.00458694  -0.00253255 -0.000253904  -0.00543338 0.0107261 -0.091734 0.0382641  -1.8731 -1.95517  -9.4279  6118
               186.2  24.6304  16.6257 -175.722   1.7543 -4.65496 0.592226 0 0 0   -0.011 -0.02329  0.04412 -0.272699 0.0580707 0.0402354  -0.00252541 -0.000251978  -0.00543839  0.0106454 -0.0917931  0.0379141 -1.87315 -1.95515 -9.42789  6145
               186.3 25.2668 14.3406 -175.48  1.72709 -4.65048 0.602339 0 0 0   -0.011 -0.02329  0.04412 -0.238025  0.086184  0.129345  -0.00253552 -0.000246302  -0.00543492  0.0105874 -0.0924555  0.0379459 -1.87323 -1.95527 -9.42785  6145
               186.4  25.9937  10.9361 -176.258  1.70707 -4.64119 0.618531 0 0 0   -0.011 -0.02329  0.04412 -0.193553 0.0899961  0.156989  -0.00252127 -0.000222493  -0.00542854  0.0108956 -0.0925462  0.0376588 -1.87321 -1.95529 -9.42785  6183
               186.5  26.7131  7.85907 -177.748 1.68476 -4.6327 0.63685 0 0 0   -0.011 -0.02329  0.04412 -0.176472 0.0512138  0.152492   -0.0024953 -0.000215146  -0.00542443  0.0104118 -0.0926392     0.0371 -1.87336 -1.95523 -9.42784  6170
               186.6  26.7408  3.94075 -177.872   1.6715 -4.63295 0.651257 0 0 0   -0.011 -0.02329  0.04412   -0.135111 -0.00314691     0.10993  -0.00245562 -0.000214523  -0.00546898  0.0108331 -0.0930831  0.0371379 -1.87332 -1.95535 -9.42782  6112
               186.7  26.6864 0.264945 -176.632  1.65801 -4.63485 0.659949 0 0 0   -0.011 -0.02329  0.04412 -0.0946515 -0.0144776  0.0766458   -0.0024288 -0.000234528  -0.00550613  0.0106152 -0.0931864  0.0373002 -1.87336 -1.95536 -9.42781  6140
               186.8  26.6706 -4.60403 -175.244  1.65496 -4.63743 0.662906 0 0 0   -0.011 -0.02329  0.04412  0.0249822 -0.0372969  0.0294444   -0.0023994 -0.000222893   -0.0055189  0.0108133 -0.0930137  0.0377892 -1.87329 -1.95538 -9.42782  6115
               186.9  25.7685 -11.9934 -173.458  1.66426 -4.64233 0.668829 0 0 0   -0.011 -0.02329  0.04412   0.124487 -0.0466826  0.0090554  -0.00237054 -0.000198706  -0.00555486   0.011083 -0.0934096  0.0371736 -1.87329 -1.95543 -9.42781  6101
                 187  24.7758 -19.0426 -171.271  1.67838 -4.64692 0.663384 0 0 0   -0.011 -0.02329  0.04412   0.126979 -0.0484836 -0.0369593  -0.00232184 -0.000251706  -0.00556032   0.011303 -0.0931048  0.0377858 -1.87321 -1.95543 -9.42782  6129
               187.1  23.9867 -23.4959 -169.864  1.69237 -4.65013 0.656376 0 0 0   -0.011 -0.02329  0.04412   0.113531 -0.0405896 -0.0409325  -0.00229456 -0.000317346  -0.00554361  0.0117739 -0.0926445  0.0381815 -1.87308  -1.9554 -9.42785  6111
               187.2  23.5692 -26.6936 -169.095  1.69791 -4.65459   0.6523 0 0 0   -0.011 -0.02329  0.04412  0.0940109 -0.0411953 -0.0481854 -0.00225891 -0.00033744  -0.0055359   0.010967 -0.0925803  0.0383517 -1.87325 -1.95536 -9.42783  6120
               187.3  23.1508 -29.6371 -168.214  1.70498 -4.65558 0.647849 0 0 0   -0.011 -0.02329  0.04412  0.0812118 -0.0311901 -0.0474539 -0.00223998 -0.00036631 -0.00552283  0.0106601 -0.0920884  0.0381061 -1.87329 -1.95525 -9.42785  6122
               187.4  22.5223 -32.1594 -166.909  1.71479 -4.65945 0.646078 0 0 0   -0.011 -0.02329  0.04412  0.0848425 -0.0331703 -0.0349253  -0.00223204 -0.000367758  -0.00553004  0.0107312 -0.0924122  0.0377313 -1.87326 -1.95528 -9.42784  6062
               187.5  21.8999 -34.5448 -165.416  1.72026 -4.65883 0.639969 0 0 0   -0.011 -0.02329  0.04412   0.064805 -0.0117397  -0.049657  -0.00221646 -0.000375161  -0.00553576 0.0106321   -0.0917 0.0379011 -1.87328 -1.95516 -9.42786  6129
               187.6  21.2178 -36.8977 -163.859  1.72423 -4.66086 0.637908 0 0 0   -0.011 -0.02329  0.04412  0.0540489 -0.0141043 -0.0364108  -0.00220805 -0.000367165  -0.00553463  0.0100998 -0.0918302  0.0377469 -1.87337 -1.95516 -9.42785  6133
               187.7  20.2533 -39.3592 -162.011  1.73118  -4.6621 0.634002 0 0 0   -0.011 -0.02329  0.04412  0.0650739 -0.0120716 -0.0439666  -0.00219745 -0.000388785   -0.0055272  0.0102057 -0.0918783  0.0376609 -1.87335 -1.95517 -9.42785  6132
               187.8  19.3629 -41.6807 -160.236  1.73922  -4.6593 0.624964 0 0 0   -0.011 -0.02329  0.04412   0.064319 0.00743263  -0.058573  -0.00216209 -0.000409353  -0.00553771  0.0109324 -0.0913076  0.0378401 -1.87324 -1.95509 -9.42789  6108
               187.9  18.9164 -43.4785 -158.745  1.74414 -4.65858 0.618865 0 0 0   -0.011 -0.02329  0.04412  0.0465012 0.00359403 -0.0478189  -0.00216118 -0.000438874  -0.00551834 0.0108948 -0.091208 0.0379887 -1.87326 -1.95508 -9.42789  6179
                 188  18.4434 -44.7319 -157.042  1.74716 -4.65659 0.615062 0 0 0   -0.011 -0.02329  0.04412  0.0350412 0.00887755 -0.0427809  -0.00215063 -0.000441258  -0.00552954  0.0107638 -0.0909368  0.0378262 -1.87328 -1.95502 -9.42789  6178
               188.1  18.0891 -45.8598 -155.498  1.74847 -4.65354 0.609973 0 0 0   -0.011 -0.02329  0.04412  0.0237791  0.0135215 -0.0338676  -0.00216123 -0.000441412  -0.00551658  0.0107824 -0.0904553  0.0379341  -1.8733 -1.95495  -9.4279  6114
               188.2  17.7443 -46.6759  -154.35  1.75285 -4.64817 0.607224 0 0 0   -0.011 -0.02329  0.04412  0.0336005  0.0240906 -0.0234563  -0.00214309 -0.000460178  -0.00550987  0.0110081 -0.0901087   0.037425 -1.87323 -1.95485 -9.42794  6135
               188.3  17.2868 -47.2232 -153.453  1.75469 -4.64434 0.606937 0 0 0   -0.011 -0.02329  0.04412   0.0244939   0.0148929 -0.00671575  -0.00213797 -0.000459089  -0.00550273  0.0107644 -0.0897745  0.0371225 -1.87325 -1.95477 -9.42795  6156
               188.4  16.9422 -47.5321 -152.887  1.75619 -4.64306 0.605807 0 0 0   -0.011 -0.02329  0.04412    0.0195998   0.00514853 -0.000431299  -0.0021289  -0.0004773 -0.00548638 0.0107994 -0.089653 0.0372312 -1.87327 -1.95476 -9.42795  6152
               188.5  15.3623 -47.9346 -150.315   1.7602 -4.64128 0.605321 0 0 0   -0.011 -0.02329  0.04412   0.0278882  0.00835551 -0.00181444  -0.00212873 -0.000475179  -0.00549425  0.0110598 -0.0896111  0.0370215 -1.87321 -1.95473 -9.42797  6121
               188.6   12.464 -48.3064 -144.982  1.76437 -4.63702    0.601 0 0 0   -0.011 -0.02329  0.04412   0.033289  0.0236641 -0.0297589  -0.00215455 -0.000507553  -0.00550567  0.0116744 -0.0892464   0.037005 -1.87314 -1.95466   -9.428  6168
               188.7  9.63817  -48.659 -138.919  1.76533  -4.6333 0.597552 0 0 0   -0.011 -0.02329  0.04412  0.0249008  0.0238266 -0.0309219    -0.002147 -0.000510759  -0.00549832  0.0115727 -0.0889038  0.0370625 -1.87318 -1.95462   -9.428  6111
               188.8  6.87372 -48.8525 -132.839  1.76577 -4.63132 0.599013 0 0 0   -0.011 -0.02329  0.04412   0.0245809   0.0130561 -0.00722959  -0.00215112 -0.000488214  -0.00549772 0.0109095 -0.088739 0.0367512 -1.87325 -1.95459 -9.42799  6173
               188.9   3.4377 -48.7728 -125.988  1.76877 -4.62901 0.596638 0 0 0   -0.011 -0.02329  0.04412   0.0329313  0.00612689 -0.00912974 -0.00215106  -0.0004836 -0.00551361  0.0112236 -0.0885504  0.0367785 -1.87323 -1.95455   -9.428  6155
                 189  0.19077 -48.4074 -119.617  1.77117 -4.62453 0.594747 0 0 0   -0.011 -0.02329  0.04412   0.0300516   0.0126021 -0.00546479  -0.00216075 -0.000486158  -0.00550583  0.0115858 -0.0880023  0.0365682 -1.87323 -1.95444 -9.42802  6134
               189.1 -2.51802 -47.8944 -114.145  1.77385  -4.6223 0.594572 0 0 0   -0.011 -0.02329  0.04412    0.0297775    0.0100286 -0.000139654  -0.00216892 -0.000472112  -0.00550596  0.0116446 -0.0878475  0.0364343 -1.87323 -1.95441 -9.42803  6143
               189.2  -4.6372 -47.2228 -109.726  1.77565 -4.61915 0.595576 0 0 0   -0.011 -0.02329  0.04412  0.0197594   0.015571 0.00970802  -0.00215534 -0.000476125  -0.00547884  0.011701 -0.087563 0.0361653 -1.87324 -1.95435 -9.42804  6128
               189.3 -6.18529 -46.4572 -105.818  1.77676 -4.61478  0.59587 0 0 0   -0.011 -0.02329  0.04412 0.0138944 0.0200543  0.014107  -0.00217737 -0.000492432  -0.00546356  0.0120241 -0.0872811  0.0360035 -1.87324 -1.95427 -9.42806  6170
               189.4 -7.03852 -45.6361 -102.887  1.77695 -4.61007 0.597008 0 0 0   -0.011 -0.02329  0.04412 0.00697399  0.0193261   0.018404  -0.00219189 -0.000494474  -0.00544285  0.0123626 -0.0869443  0.0357756 -1.87326 -1.95419 -9.42807  6155
               189.5 -7.09401 -45.0302 -101.202  1.77587 -4.60718 0.599473 0 0 0   -0.011 -0.02329  0.04412 -0.000750318    0.0116881    0.0212138  -0.00218902 -0.000490549  -0.00542701   0.012381 -0.0866158  0.0356069 -1.87329 -1.95415 -9.42807  6131
               189.6 -6.43664 -44.1159 -100.457  1.76935 -4.60815 0.604873 0 0 0   -0.011 -0.02329  0.04412  -0.024365 -0.0333696  0.0640422 -0.00217553 -0.00048259 -0.00542735   0.012046 -0.0857867  0.0356811 -1.87342 -1.95416 -9.42804  6123
               189.7 -5.61798 -42.1888 -100.436  1.76812 -4.61229 0.610024 0 0 0   -0.011 -0.02329  0.04412 -0.00104314  -0.0764136   0.0742309  -0.00220362 -0.000494376   -0.0053971  0.0124866 -0.0857845  0.0357943 -1.87341 -1.95412 -9.42805  6144
               189.8 -5.00619 -39.8034 -101.049  1.76595 -4.62207 0.617432 0 0 0   -0.011 -0.02329  0.04412 -0.0150701   -0.10559  0.0796421   -0.0021899 -0.000502504  -0.00539306  0.0124389 -0.0855416  0.0359946 -1.87345 -1.95415 -9.42804  6156
               189.9 -3.67902 -37.1557 -102.014  1.76156 -4.63205 0.624257 0 0 0   -0.011 -0.02329  0.04412 -0.0319336  -0.106381  0.0675543  -0.00221223 -0.000510929  -0.00538961  0.0126092 -0.0851722  0.0361114  -1.8735 -1.95413 -9.42804  6125
                 190 -2.23739 -34.7302 -102.481  1.75675 -4.64203 0.629963 0 0 0   -0.011 -0.02329  0.04412 -0.0374776 -0.0918858  0.0445411  -0.00222522 -0.000501607  -0.00539503  0.0126119 -0.0849942  0.0361746 -1.87353 -1.95413 -9.42803  6098
               190.1 -1.20189 -32.9697 -102.432   1.7497 -4.64922 0.637436 0 0 0   -0.011 -0.02329  0.04412 -0.0365091 -0.0803278  0.0472359   -0.0022309 -0.000460313   -0.0053925  0.0123532 -0.0843646  0.0356485 -1.87362  -1.9541 -9.42802  6110
               190.2 -0.420706  -31.3062  -102.595  1.74528 -4.65525 0.641872 0 0 0   -0.011 -0.02329  0.04412 -0.0298973 -0.0821505  0.0445143  -0.00223356 -0.000463559  -0.00539451  0.0126117 -0.0840739   0.035499 -1.87365 -1.95404 -9.42802  6152
               190.3 0.314985 -29.5257 -102.816   1.7462 -4.66456 0.644673 0 0 0   -0.011 -0.02329  0.04412 -0.00685601    -0.10027   0.0434643  -0.00225618 -0.000451959  -0.00538001 0.0127935 -0.084542   0.03572 -1.87358 -1.95405 -9.42804  6109
               190.4 0.217049 -26.9582 -102.056  1.74426 -4.67451 0.651537 0 0 0   -0.011 -0.02329  0.04412 -0.000820233    -0.120553    0.0626671 -0.00225574  -0.0004689 -0.00539288  0.0127283 -0.0842764  0.0353937 -1.87362 -1.95402 -9.42803  6095
               190.5 -0.490539  -23.4369    -100.3  1.74317 -4.68574 0.656729 0 0 0   -0.011 -0.02329  0.04412 -0.00913776   -0.112724   0.0514189  -0.00227223 -0.000489252  -0.00540854  0.0128865 -0.0841123  0.0354834 -1.87363 -1.95401 -9.42803  6137
               190.6 -0.270114    -20.57  -99.5024  1.73992 -4.69416 0.661596 0 0 0   -0.011 -0.02329  0.04412 -0.0148879 -0.0833121  0.0378172  -0.00229847 -0.000467146   -0.0053728  0.0130282 -0.0837411  0.0353496 -1.87368 -1.95397 -9.42803  6128
               190.7 0.239901 -18.5106 -99.4327  1.73792 -4.69901 0.667503 0 0 0   -0.011 -0.02329  0.04412 -0.00954709   -0.050569   0.0347853 -0.00232035 -0.00045201 -0.00534562  0.0131386 -0.0835642  0.0348394 -1.87371 -1.95392 -9.42804  6172
               190.8 0.711157 -17.1114 -99.7426  1.73765 -4.70692 0.670177 0 0 0   -0.011 -0.02329  0.04412 0.000136479  -0.0600425   0.0269116  -0.00234676 -0.000424853  -0.00532502  0.0127434 -0.0836754  0.0350572  -1.8737 -1.95399 -9.42802  6106
               190.9  1.07807 -15.5892 -100.398  1.73744 -4.71107 0.669581 0 0 0   -0.011 -0.02329  0.04412 0.00342813 -0.0595107  0.0121304  -0.00234763 -0.000436093  -0.00530878  0.0131581 -0.0835489  0.0353925  -1.8737 -1.95394 -9.42803  6180
                 191  1.69739 -14.1385 -101.437  1.73913 -4.71452  0.66926 0 0 0   -0.011 -0.02329  0.04412 -0.000459381   -0.0437611   0.00257243  -0.00237358 -0.000429426  -0.00529853 0.0135534 -0.083756 0.0354748 -1.87367 -1.95389 -9.42805  6137
               191.1  2.70611 -13.2391  -102.95   1.7392 -4.72145 0.669928 0 0 0   -0.011 -0.02329  0.04412 -0.00292454   -0.049584 0.000169948  -0.00239736 -0.000431294  -0.00527887  0.0131592 -0.0838941  0.0355061 -1.87365 -1.95395 -9.42804  6194
               191.2  3.98172 -13.2226  -105.74  1.73796 -4.72536 0.665899 0 0 0   -0.011 -0.02329  0.04412 -0.00395202  -0.0311157  -0.0238491  -0.00240906 -0.000424566     -0.00527  0.0132864 -0.0837172   0.035978 -1.87366 -1.95393 -9.42804  6153
               191.3  5.80695 -13.8465 -111.117  1.73343 -4.72881 0.665367 0 0 0   -0.011 -0.02329  0.04412 -0.0275741 -0.0284687 -0.0153726  -0.00240833 -0.000393614  -0.00523883  0.0130538 -0.0832282  0.0357529 -1.87374 -1.95395 -9.42803  6136
               191.4  7.67119 -14.2649 -116.521  1.72633 -4.72951 0.668966 0 0 0   -0.011 -0.02329  0.04412 -0.0559424 -0.0105031 0.00863728  -0.00241564 -0.000363291  -0.00524842  0.0129986 -0.0827092  0.0350152 -1.87383 -1.95393 -9.42801  6131
               191.5  9.17645 -14.2195 -120.451  1.71971 -4.73022 0.671698 0 0 0   -0.011 -0.02329  0.04412 -0.0687154 -0.0029367  0.0165973  -0.00240549 -0.000360402  -0.00529245  0.0129266 -0.0826849  0.0347746 -1.87385 -1.95394 -9.42801  6130
               191.6  10.3564 -13.8049 -123.428  1.71383 -4.72382 0.671848 0 0 0   -0.011 -0.02329  0.04412 -0.0689193   0.032288  0.0105722  -0.00238305 -0.000373405  -0.00530267  0.0138272 -0.0824352  0.0347206 -1.87381 -1.95381 -9.42804  6161
               191.7  11.5522 -13.2325 -125.756   1.7078 -4.72191 0.673795 0 0 0   -0.011 -0.02329  0.04412 -0.0715696  0.0302364  0.0177031  -0.00239088 -0.000377087  -0.00532343  0.0136902 -0.0827283  0.0346804  -1.8738 -1.95385 -9.42804  6170
               191.8  12.3528 -12.1985 -126.871  1.70418 -4.71926 0.674536 0 0 0   -0.011 -0.02329  0.04412 -0.0538069  0.0216039  0.0176989  -0.00240117 -0.000395745  -0.00532643  0.0139773 -0.0830737  0.0348632 -1.87373 -1.95385 -9.42805  6153
               191.9  12.4876 -10.8688 -126.309  1.70125  -4.7204 0.676451 0 0 0   -0.011 -0.02329  0.04412 -0.0433044 -0.0087779  0.0215035   -0.0024098 -0.000415306  -0.00536309  0.0138856 -0.0835115  0.0349936 -1.87369 -1.95391 -9.42804  6158
                 192  12.4062 -8.75821 -125.277  1.69215 -4.72542  0.67781 0 0 0   -0.011 -0.02329  0.04412 -0.0711704 -0.0494098  0.0183573  -0.00240318 -0.000433855  -0.00537032  0.0132263 -0.0832565  0.0352196 -1.87378 -1.95395 -9.42802  6202
               192.1  12.3447  -5.7424 -124.612  1.68271 -4.73414 0.678921 0 0 0   -0.011 -0.02329  0.04412 -0.0847366 -0.0927778  0.0142227  -0.00242594 -0.000463858  -0.00534553  0.0128697 -0.0831786  0.0354019 -1.87381 -1.95398   -9.428  6130
               192.2  12.1278 -2.70725 -124.677  1.67417  -4.7408 0.679122 0 0 0   -0.011 -0.02329  0.04412   -0.0750628    -0.075166 -0.000694122   -0.0024378 -0.000465742  -0.00531313  0.0131343 -0.0828795  0.0353775 -1.87381 -1.95392 -9.42802  6186
               192.3   12.0189 -0.827607  -124.764  1.66996 -4.74747 0.681516 0 0 0   -0.011 -0.02329  0.04412 -0.0475407 -0.0510496 0.00657323  -0.00247145 -0.000458751  -0.00530892  0.0132472 -0.0832604  0.0350594 -1.87379 -1.95395 -9.42802  6151
               192.4  12.0772 0.277101 -125.892  1.66706 -4.75027 0.679433 0 0 0   -0.011 -0.02329  0.04412  -0.0345519  -0.0299555 -0.00711161  -0.00249746 -0.000442668  -0.00528879 0.0135487 -0.083185 0.0353881 -1.87374 -1.95391 -9.42803  6143
               192.5  12.4768  1.10183 -128.626  1.65959 -4.75375 0.678572 0 0 0   -0.011 -0.02329  0.04412  -0.0608254  -0.0182668 -0.00831931  -0.00250743 -0.000421975  -0.00528281  0.0131308 -0.0828955  0.0353628 -1.87381 -1.95392 -9.42802  6124
               192.6  13.2746  1.90196 -132.367  1.65198  -4.7535 0.675347 0 0 0   -0.011 -0.02329  0.04412  -0.077544  0.0115435 -0.0184656  -0.00250363 -0.000431302  -0.00525637 0.0131495 -0.082647 0.0356494 -1.87381 -1.95389 -9.42802  6114
               192.7  14.3478    2.264 -135.919  1.64549 -4.75227 0.672617 0 0 0   -0.011 -0.02329  0.04412 -0.0631751  0.0298491 -0.0220992  -0.00251021 -0.000402285   -0.0052731  0.0130888 -0.0828027  0.0358087 -1.87379 -1.95391 -9.42802  6160
               192.8  15.3526  2.34048 -139.254   1.6395 -4.74966 0.670545 0 0 0   -0.011 -0.02329  0.04412 -0.0539275  0.0351796 -0.0233063  -0.00251324 -0.000383253  -0.00528094  0.0129778 -0.0828878  0.0357989  -1.8738 -1.95393 -9.42802  6152
               192.9  16.0463  2.33335 -142.039  1.63428 -4.74364 0.672004 0 0 0   -0.011 -0.02329  0.04412  -0.0511035   0.0537068 -0.00582278 -0.00250229 -0.00036733 -0.00529601   0.013207 -0.0827905  0.0352425 -1.87382 -1.95391 -9.42802  6151
                 193  16.7441  2.28707 -144.228  1.63124 -4.73746 0.674393 0 0 0   -0.011 -0.02329  0.04412 -0.0438466  0.0640585 0.00809481  -0.00249148 -0.000365283  -0.00530539 0.0134923 -0.083043 0.0349116  -1.8738 -1.95393 -9.42802  6175
               193.1  17.4921  2.10266 -145.948  1.63034 -4.73309 0.676466 0 0 0   -0.011 -0.02329  0.04412 -0.0229914  0.0616265   0.011046  -0.00248184 -0.000347827  -0.00533197  0.0136413 -0.0836121  0.0348808 -1.87376   -1.954 -9.42801  6112
               193.2  18.2056  1.76194 -147.431  1.62936 -4.72786  0.67613 0 0 0   -0.011 -0.02329  0.04412 -0.0105253  0.0595903  0.0050262  -0.00249613 -0.000345972  -0.00533707  0.0136309 -0.0837475  0.0351379 -1.87374 -1.95403 -9.42801  6179
               193.3  18.6539   1.3094 -148.433  1.62779 -4.72222 0.674398 0 0 0   -0.011 -0.02329  0.04412  -0.0041649   0.0612625 -0.00599696   -0.0024775 -0.000340706  -0.00534705  0.0134697 -0.0836537  0.0354244 -1.87374 -1.95402 -9.42801  6171
               193.4  18.8959 0.412344 -148.722  1.62722 -4.71471 0.671714 0 0 0   -0.011 -0.02329  0.04412  0.0117757  0.0719298 -0.0158984 -0.00246192 -0.00033928 -0.00537508  0.0134175 -0.0833733  0.0356295 -1.87374 -1.95398 -9.42802  6180
               193.5   18.8457 -0.954779  -148.726  1.62886 -4.70918  0.66835 0 0 0   -0.011 -0.02329  0.04412  0.0206846  0.0626088 -0.0212803  -0.00244607 -0.000341894  -0.00537964  0.0132722 -0.0834698   0.035942 -1.87374 -1.95401 -9.42801  6135
               193.6  18.5999 -2.27731  -148.62  1.63399 -4.70599 0.672344 0 0 0   -0.011 -0.02329  0.04412  0.0323145  0.0461115 0.00387582  -0.00244527 -0.000346302  -0.00539042  0.0135277 -0.0842832  0.0353187 -1.87374 -1.95411 -9.42799  6174
               193.7  18.1775 -3.60653 -148.394  1.63147 -4.70212 0.671075 0 0 0   -0.011 -0.02329  0.04412 0.00863777  0.0454838 -0.0029525  -0.00241896 -0.000348277  -0.00537579  0.0127684 -0.0839452  0.0354532 -1.87385 -1.95407 -9.42798  6125
               193.8  17.8553  -5.0002 -148.113   1.6368 -4.69457 0.670331 0 0 0   -0.011 -0.02329  0.04412   0.0303991   0.0626711 -0.00268178  -0.00241851 -0.000374319  -0.00538132  0.0134934 -0.0838682  0.0354724 -1.87374 -1.95405   -9.428  6196
               193.9  17.6496 -6.54067 -148.026  1.63797  -4.6896 0.668371 0 0 0   -0.011 -0.02329  0.04412  0.0272438  0.0619245 -0.0137195  -0.00242721 -0.000367677  -0.00538191  0.0131418 -0.0838448  0.0357172 -1.87378 -1.95406 -9.42799  6150
                 194  17.5095 -8.52584  -147.95  1.63826 -4.68341  0.66932 0 0 0   -0.011 -0.02329  0.04412  0.0246748  0.0699146 -0.0079945  -0.00239168 -0.000356697  -0.00538453  0.0127425 -0.0838168  0.0353587 -1.87386 -1.95405 -9.42798  6152
               194.1  17.5895 -10.8695 -147.692  1.64173 -4.67603 0.669504 0 0 0   -0.011 -0.02329  0.04412   0.0379126   0.0787825 -0.00845059 -0.00238556 -0.00034995  -0.0053919   0.012777 -0.0839047  0.0351875 -1.87386 -1.95406 -9.42798  6174
               194.2  17.7846 -13.5266 -147.502  1.64699 -4.66744 0.666063 0 0 0   -0.011 -0.02329  0.04412  0.0525399  0.0833193 -0.0237661  -0.00236314 -0.000347541  -0.00537359  0.0129551 -0.0837974  0.0354763 -1.87382 -1.95405 -9.42799  6168
               194.3  17.9148 -16.2226 -147.388  1.64893  -4.6589 0.660119 0 0 0   -0.011 -0.02329  0.04412  0.0341265  0.0724942 -0.0415515  -0.00233275 -0.000333804  -0.00539764  0.0127208 -0.0833354  0.0358973 -1.87385 -1.95401 -9.42799  6170
               194.4  17.8801 -18.5564 -147.371  1.65288 -4.65449 0.657516 0 0 0   -0.011 -0.02329  0.04412  0.0420928  0.0487694 -0.0409646 -0.00230192 -0.00035273 -0.00539672  0.0125941 -0.0836728   0.035762 -1.87387 -1.95405 -9.42798  6145
               194.5   17.721  -21.156 -147.462  1.66027 -4.64997 0.653293 0 0 0   -0.011 -0.02329  0.04412  0.0635653  0.0343254 -0.0437041  -0.00228731 -0.000344875  -0.00539345  0.0129007 -0.0838163  0.0357082 -1.87382 -1.95406 -9.42799  6092
               194.6   17.377 -23.6845 -147.379  1.66978  -4.6466 0.649538 0 0 0   -0.011 -0.02329  0.04412  0.0769248  0.0247005 -0.0360265   -0.0022675 -0.000361119     -0.00539  0.0132493 -0.0840161  0.0355757 -1.87376 -1.95407   -9.428  6157
               194.7  17.0299 -25.7318 -147.124  1.68025 -4.64119 0.643969 0 0 0   -0.011 -0.02329  0.04412  0.0897155  0.0348802 -0.0391724   -0.0022558 -0.000401999  -0.00538034  0.0138594 -0.0837826  0.0356374 -1.87368 -1.95403 -9.42802  6157
               194.8  16.7565 -27.5357 -146.676  1.69072 -4.63985 0.639009 0 0 0   -0.011 -0.02329  0.04412  0.0930547  0.0178372 -0.0454109  -0.00224846 -0.000431429  -0.00538089  0.0139765 -0.0840555   0.035872 -1.87365 -1.95407 -9.42802  6087
               194.9  16.5232 -29.2418 -146.272   1.6943  -4.6374 0.635549 0 0 0   -0.011 -0.02329  0.04412  0.0688014  0.0153082 -0.0475682  -0.00223176 -0.000441565  -0.00538073  0.0133637 -0.0835396  0.0357672 -1.87376 -1.95402 -9.42801  6139
                 195  16.5681 -30.9513 -146.341  1.70112 -4.63301 0.632668 0 0 0   -0.011 -0.02329  0.04412  0.0610247  0.0213946 -0.0308837  -0.00221588 -0.000452745  -0.00538542  0.0134378 -0.0832794  0.0353216 -1.87375 -1.95395 -9.42802  6101
               195.1  16.4941 -31.8598 -145.929  1.70278 -4.63167 0.628735 0 0 0   -0.011 -0.02329  0.04412  0.0239719  0.0037638 -0.0163693  -0.00220666 -0.000462064  -0.00538386  0.0132292 -0.0829181  0.0357123  -1.8738 -1.95394 -9.42802  6112
               195.2  16.1397 -32.0891 -144.867  1.70276 -4.63338 0.628094 0 0 0   -0.011 -0.02329  0.04412  0.00748409  -0.0180273 -0.00464835  -0.00220922 -0.000465639   -0.0053863  0.0129313 -0.0829116  0.0358324 -1.87385 -1.95395   -9.428  6142
               195.3  15.6822 -32.1807 -143.764  1.70682 -4.63552 0.631045 0 0 0   -0.011 -0.02329  0.04412 0.0290258 -0.028639 0.0140256   -0.0022296 -0.000472006  -0.00536736  0.0129763 -0.0832613  0.0352816 -1.87381 -1.95396 -9.42801  6142
               195.4  14.8465 -32.3723 -142.187  1.70889 -4.63746 0.632586 0 0 0   -0.011 -0.02329  0.04412  0.0298538 -0.0300417  0.0163653  -0.00222085 -0.000476712  -0.00539231    0.01293 -0.0830409  0.0352275 -1.87382 -1.95393 -9.42801  6102
               195.5  13.9623 -32.5481  -140.21   1.7078 -4.63793 0.634262 0 0 0   -0.011 -0.02329  0.04412   0.014649 -0.0281022  0.0212251  -0.00223253 -0.000476214  -0.00538148  0.0127231 -0.0823834  0.0351707 -1.87388 -1.95385 -9.42802  6139
               195.6  12.8197   -32.41 -137.802  1.70919  -4.6403 0.632058 0 0 0   -0.011 -0.02329  0.04412  0.0225285 -0.0392176 0.00469694  -0.00222734 -0.000502875  -0.00538563   0.013122 -0.0820797  0.0356758 -1.87386 -1.95384 -9.42802  6147
               195.7  11.4405 -32.2306 -135.222  1.71346  -4.6407 0.629452 0 0 0   -0.011 -0.02329  0.04412  0.0451563 -0.0258966  -0.011867  -0.00221986 -0.000526562  -0.00537551  0.0136886 -0.0817577  0.0357041 -1.87381 -1.95378 -9.42805  6105
               195.8  9.95854 -32.1791 -132.434  1.71754 -4.64675 0.625948 0 0 0   -0.011 -0.02329  0.04412  0.0510432 -0.0436846 -0.0233269  -0.00221889 -0.000523008  -0.00537438  0.0135484 -0.0818952  0.0362862 -1.87383 -1.95384 -9.42803  6107
               195.9  8.23473 -32.0615 -129.244   1.7229 -4.65064 0.626075 0 0 0   -0.011 -0.02329  0.04412  0.0589396 -0.0395751 -0.0111808  -0.00221123 -0.000523756  -0.00539565  0.013386 -0.081906  0.035953 -1.87384 -1.95383 -9.42803  6164
                 196  6.62623 -31.8961 -126.043  1.72811 -4.65192 0.626319 0 0 0   -0.011 -0.02329  0.04412   0.0591343  -0.0149781 -0.00903816  -0.00222169 -0.000536039   -0.0053858  0.0133563 -0.0816561   0.035615 -1.87386 -1.95378 -9.42804  6141
               196.1   5.4164 -31.8997 -123.029  1.73268 -4.64941 0.625776 0 0 0   -0.011 -0.02329  0.04412   0.0477813   0.0155707 -0.00975673  -0.00221721 -0.000540704  -0.00538308  0.0135142 -0.0812866  0.0353413 -1.87387 -1.95372 -9.42805  6112
               196.2  4.80474   -31.89 -120.446  1.73515 -4.64577 0.627206 0 0 0   -0.011 -0.02329  0.04412   0.0327609   0.0263128 5.83639e-05  -0.00222538 -0.000537605  -0.00537297  0.0133817 -0.0809754  0.0349398  -1.8739 -1.95368 -9.42805  6151
               196.3  4.51364 -31.9312 -118.397  1.73869 -4.64195 0.628828 0 0 0   -0.011 -0.02329  0.04412  0.0392809  0.0303116 0.00655783  -0.00224263 -0.000530897  -0.00536756  0.0133585 -0.0809203  0.0346011  -1.8739 -1.95365 -9.42806  6097
               196.4   4.1773 -31.9996 -116.598  1.74291  -4.6354 0.626915 0 0 0   -0.011 -0.02329  0.04412   0.0468194   0.0469613 -0.00633619  -0.00221868 -0.000552835  -0.00536931   0.013896 -0.0806468  0.0346825 -1.87389 -1.95359 -9.42807  6068
               196.5  3.92527 -32.5579 -115.151  1.75046 -4.63272  0.62373 0 0 0   -0.011 -0.02329  0.04412  0.0726991  0.0540107 -0.0325641  -0.00222037 -0.000550251   -0.0053604  0.0138795 -0.0810344  0.0350539 -1.87385 -1.95364 -9.42807  6158
               196.6  3.80947  -34.022 -113.826  1.75682  -4.6264 0.617272 0 0 0   -0.011 -0.02329  0.04412 0.0721765 0.0778276 -0.057632  -0.00220178 -0.000539329  -0.00536462  0.0139459 -0.0808709  0.0354177 -1.87387 -1.95365 -9.42806  6100
               196.7  3.99463 -35.5331 -112.055  1.76332 -4.61965 0.612388 0 0 0   -0.011 -0.02329  0.04412  0.0767847  0.0776518 -0.0584872  -0.00222112 -0.000543794  -0.00536273  0.0136716 -0.0808511  0.0354389 -1.87389 -1.95368 -9.42805  6118
               196.8   3.9136 -37.1075 -110.418  1.76913 -4.60909  0.60663 0 0 0   -0.011 -0.02329  0.04412  0.0895799  0.0709021 -0.0554226   -0.0021901 -0.000534583  -0.00538285   0.013882 -0.0802985  0.0352201 -1.87393 -1.95362 -9.42805  6148
               196.9  3.69358 -38.2688 -109.707  1.77715 -4.60065 0.602553 0 0 0   -0.011 -0.02329  0.04412   0.100446  0.0602303 -0.0460458  -0.00216765 -0.000550543  -0.00534783  0.0139755 -0.0799304  0.0348885 -1.87397 -1.95357 -9.42806  6099
                 197  3.38625 -39.3231  -109.37  1.78524  -4.5959 0.600255 0 0 0   -0.011 -0.02329  0.04412  0.103994 0.0409289 -0.036753  -0.00215165 -0.000543785  -0.00535533  0.0136432 -0.0796292  0.0346958 -1.87402 -1.95358 -9.42805  6122
               197.1  3.38437  -40.535 -110.218  1.79503 -4.59188 0.595648 0 0 0   -0.011 -0.02329  0.04412   0.110255  0.0350843 -0.0444014  -0.00212851 -0.000552633  -0.00534431  0.0136737 -0.0794552  0.0348015 -1.87403 -1.95358 -9.42804  6117
               197.2  4.00302  -41.974 -112.245   1.8065 -4.58891 0.592581 0 0 0   -0.011 -0.02329  0.04412    0.11244  0.0251722 -0.0381922 -0.00213629 -0.00054761 -0.00530236  0.0135276 -0.0795201  0.0346336 -1.87403 -1.95358 -9.42804  6169
               197.3  5.32048 -43.4712 -115.476  1.81865 -4.58415 0.587861 0 0 0   -0.011 -0.02329  0.04412   0.121185  0.0248096 -0.0353128  -0.00212593 -0.000556042  -0.00528759  0.0139042 -0.0794728  0.0345305 -1.87402 -1.95353 -9.42806  6173
               197.4  7.28363 -44.7394 -119.578  1.82801 -4.58133 0.582307 0 0 0   -0.011 -0.02329  0.04412   0.101571  0.0142087 -0.0471449  -0.00210993 -0.000542687  -0.00528157  0.0141279 -0.0791151  0.0347264 -1.87405 -1.95352 -9.42805  6138
               197.5  9.64529 -45.7606 -123.902   1.8376  -4.5794 0.581148 0 0 0   -0.011 -0.02329  0.04412   0.103777 0.00377921  -0.020478  -0.00211804 -0.000546213  -0.00527543  0.0138612 -0.0789996  0.0342478 -1.87407 -1.95349 -9.42805  6142
               197.6  12.1999 -46.4157 -128.846  1.84931 -4.57772 0.577147 0 0 0   -0.011 -0.02329  0.04412    0.118842 -0.00676412  -0.0265581   -0.0021239 -0.000565767  -0.00526073 0.0143238 -0.078933  0.034271 -1.87405 -1.95346 -9.42807  6136
               197.7   14.411 -46.9863 -133.576  1.86151 -4.58086 0.575678 0 0 0   -0.011 -0.02329  0.04412   0.127186 -0.0293353 -0.0196465  -0.00213134 -0.000560364  -0.00527478  0.0140476 -0.0790424  0.0343118 -1.87406 -1.95348 -9.42806  6149
               197.8  16.3278 -47.4528 -137.976  1.86829 -4.58166  0.57325 0 0 0   -0.011 -0.02329  0.04412     0.1083 -0.0274657 -0.0197876  -0.00210911 -0.000556171  -0.00527021  0.0139498 -0.0781435  0.0343887 -1.87415 -1.95344 -9.42805  6127
               197.9   18.109 -47.8133 -142.249  1.87746 -4.58172 0.570512 0 0 0   -0.011 -0.02329  0.04412   0.108313 -0.0257134 -0.0197107   -0.0021119 -0.000573804   -0.0052676  0.0141264 -0.0776544  0.0342536 -1.87417 -1.95338 -9.42806  6100
                 198  19.5704 -48.0556 -146.275  1.88622 -4.58319 0.568918 0 0 0   -0.011 -0.02329  0.04412   0.101192 -0.0228328 -0.0172199 -0.00209333 -0.00059642  -0.0052664  0.0140315 -0.0773154  0.0341863  -1.8742 -1.95335 -9.42806  6175
               198.1  21.0033 -48.3554 -149.838  1.89727 -4.58518 0.563038 0 0 0   -0.011 -0.02329  0.04412   0.110002 -0.0211943   -0.04351  -0.00210089 -0.000609265   -0.0052861  0.0145075 -0.0772634  0.0345152 -1.87417 -1.95336 -9.42806  6145
               198.2  22.4253  -48.666 -153.181  1.90198 -4.58689 0.556899 0 0 0   -0.011 -0.02329  0.04412  0.0837399 -0.0239587 -0.0514254   -0.0020839 -0.000630671  -0.00525442  0.0142848 -0.0765242  0.0349771 -1.87427 -1.95334 -9.42805  6165
               198.3  23.6507 -49.0192  -155.82  1.91201 -4.58915 0.556384 0 0 0   -0.011 -0.02329  0.04412  0.0881872 -0.0275851 -0.0200254  -0.00210835 -0.000616393   -0.0052734  0.0139511 -0.0767973  0.0344044 -1.87425 -1.95331 -9.42806  6147
               198.4  24.4585 -49.0611 -157.702  1.92027 -4.59031 0.553438 0 0 0   -0.011 -0.02329  0.04412  0.0983021  -0.020231 -0.0245816  -0.00208771 -0.000659383   -0.0052723  0.0140856 -0.0764775    0.03447 -1.87425 -1.95328 -9.42806  6144
               198.5  24.9742 -49.2877 -159.164  1.93215 -4.58946 0.551754 0 0 0   -0.011 -0.02329  0.04412   0.111561 -0.0238828 -0.0134285  -0.00208625 -0.000647765  -0.00527771  0.0142314 -0.0762676  0.0339692  -1.8742 -1.95321 -9.42809  6140
               198.6  25.2978 -47.9852 -160.815  1.94194 -4.59232  0.55318 0 0 0   -0.011 -0.02329  0.04412  0.0384207 -0.0860839   0.121556  -0.00208816 -0.000657641  -0.00528646  0.0146258 -0.0760481  0.0339341 -1.87416 -1.95319  -9.4281  6153
               198.7   23.988 -42.0763 -161.729   1.9424  -4.6013 0.569613 0 0 0   -0.011 -0.02329  0.04412 -0.0132795  -0.133133   0.171638  -0.00209225 -0.000756625  -0.00523786  0.0146043 -0.0757505  0.0336039 -1.87414 -1.95312 -9.42812  6111
               198.8  21.9889 -35.8436 -162.504  1.94023 -4.61138 0.585709 0 0 0   -0.011 -0.02329  0.04412 -0.0206206  -0.122679   0.129197  -0.00211162 -0.000786129  -0.00522958 0.0145115 -0.075279 0.0331702 -1.87412 -1.95303 -9.42814  6133
               198.9  20.5639 -30.4331 -163.089  1.93618 -4.62328 0.598125 0 0 0   -0.011 -0.02329  0.04412 -0.0403101   -0.10455   0.107783  -0.00219018 -0.000764735  -0.00523424  0.0142721 -0.0752967   0.033218 -1.87415 -1.95303 -9.42813  6097
                 199  19.1471 -25.2659 -162.785  1.92744 -4.63301 0.603199 0 0 0   -0.011 -0.02329  0.04412 -0.080127 -0.100929  0.067188 -0.00222161 -0.00078801 -0.00522097  0.0143417 -0.0747899  0.0339216 -1.87419 -1.95301 -9.42813  6145
               199.1  17.6485 -20.1231 -161.213    1.919 -4.64572 0.606774 0 0 0   -0.011 -0.02329  0.04412 -0.0925845   -0.12175  0.0404922  -0.00226422 -0.000791996  -0.00523576  0.0145359 -0.0749567  0.0343585 -1.87419 -1.95306 -9.42812  6133
               199.2  16.0661 -15.0576 -158.663  1.90596 -4.65881 0.608804 0 0 0   -0.011 -0.02329  0.04412 -0.0968785   -0.14405  0.0139882  -0.00230807 -0.000788009  -0.00524878  0.0141073 -0.0746748  0.0346592 -1.87426 -1.95302 -9.42811  6169
               199.3   13.988  -10.327 -155.656  1.89763 -4.67514 0.614172 0 0 0   -0.011 -0.02329  0.04412 -0.0605026    -0.1827  0.0154499  -0.00234057 -0.000794594  -0.00526081  0.0138187 -0.0749321  0.0340688  -1.8743 -1.95303  -9.4281  6156
               199.4  10.1456 -6.72898 -151.469   1.8972 -4.69349 0.614804 0 0 0   -0.011 -0.02329  0.04412  0.0279294  -0.201087 -0.0130881  -0.00235302 -0.000814723  -0.00525669  0.0140814 -0.0748081  0.0338879 -1.87426 -1.95301 -9.42812  6164
               199.5  5.84316 -4.88429 -144.927   1.9047 -4.71168 0.606979 0 0 0   -0.011 -0.02329  0.04412  0.0813631  -0.151531 -0.0581294  -0.00235501 -0.000808447  -0.00528707    0.01449 -0.0747676  0.0345368 -1.87418 -1.95302 -9.42813  6129
               199.6  2.77761  -3.7156 -136.642  1.91909  -4.7203 0.602176 0 0 0   -0.011 -0.02329  0.04412   0.117353 -0.0721007  -0.054513  -0.00241155 -0.000829259  -0.00531869  0.0153165 -0.0747639  0.0342699 -1.87407 -1.95302 -9.42815  6163
               199.7 0.506009 -2.71369 -128.417  1.93049 -4.72583 0.594467 0 0 0   -0.011 -0.02329  0.04412   0.110613 -0.0558929  -0.063103  -0.00241726 -0.000872749  -0.00529044  0.0153819 -0.0746315  0.0345533 -1.87406   -1.953 -9.42816  6107
               199.8 -1.25702 -1.51638   -121.6  1.93994 -4.72922 0.595501 0 0 0   -0.011 -0.02329  0.04412  0.0788518 -0.0383993 -0.0245925  -0.00243068 -0.000903452  -0.00524927  0.0154427 -0.0744583  0.0336551 -1.87409   -1.953 -9.42815  6139
               199.9  -1.85528 -0.343644  -116.803  1.94434 -4.73081 0.596182 0 0 0   -0.011 -0.02329  0.04412    0.027964  -0.0213293 -0.00336853 -0.00244159 -0.00092623 -0.00517811  0.0154799 -0.0741578   0.033309 -1.87412 -1.95299 -9.42815  6163
                 200  -1.4656 0.752654 -113.421  1.94624 -4.73437 0.594311 0 0 0   -0.011 -0.02329  0.04412   0.00134636   -0.0280328 -0.000797558  -0.00245746 -0.000936199  -0.00514792  0.0153444 -0.0743786  0.0335848  -1.8741   -1.953 -9.42815  6138
               200.1  -1.0511    1.511 -110.794  1.94606 -4.73549 0.598218 0 0 0   -0.011 -0.02329  0.04412  -0.0159741 -0.00792131   0.0257698  -0.00245036 -0.000939792   -0.0051197 0.0155084 -0.074354 0.0331696 -1.87411 -1.95301 -9.42815  6098
               200.2 -0.258585   1.92245  -108.692  1.94342 -4.73694 0.598927 0 0 0   -0.011 -0.02329  0.04412 -0.0614804 -0.0041543  0.0229249   -0.0024482 -0.000950584  -0.00511579  0.0154433 -0.0746561  0.0334515 -1.87407   -1.953 -9.42816  6142
               200.3 0.459425  2.03556 -107.398  1.93682 -4.73898 0.601144 0 0 0   -0.011 -0.02329  0.04412  -0.0885882 -0.00663957   0.0314142  -0.00246001 -0.000937322   -0.0051087  0.0151975 -0.0748782  0.0335108 -1.87405 -1.95303 -9.42815  6158
               200.4 0.111673  2.03841 -106.228  1.92349 -4.73943 0.606008 0 0 0   -0.011 -0.02329  0.04412  -0.176632 0.00460855  0.0473281  -0.00242484 -0.000937152  -0.00510045  0.0151401 -0.0747911  0.0333967 -1.87406 -1.95304 -9.42815  6105
               200.5 -0.245363   1.70152  -104.383   1.9023 -4.73764 0.610064 0 0 0   -0.011 -0.02329  0.04412  -0.28418 0.0135677 0.0519991 -0.00243946 -0.00094498 -0.00510575   0.015312 -0.0750067  0.0335223 -1.87404 -1.95302 -9.42816  6130
               200.6 -0.571629  0.973255  -101.783  1.87133   -4.735 0.615698 0 0 0   -0.011 -0.02329  0.04412   -0.346688 -0.00216572   0.0725451  -0.00241246 -0.000952409   -0.0051173  0.0156736 -0.0751199     0.0336 -1.87402 -1.95297 -9.42817  6133
               200.7 -2.15882 0.812776 -98.1466  1.83373 -4.73523 0.622591 0 0 0   -0.011 -0.02329  0.04412  -0.365578 -0.0165906  0.0887646  -0.00238237 -0.000995001  -0.00512377  0.0157787 -0.0747739  0.0338302 -1.87406 -1.95295 -9.42817  6119
               200.8 -3.90804  1.57042 -93.9228  1.79678  -4.7365 0.630994 0 0 0   -0.011 -0.02329  0.04412   -0.35145 -0.0306518  0.0629165 -0.00235335  -0.0010295 -0.00513604  0.0159376 -0.0746304   0.033769 -1.87408 -1.95294 -9.42817  6170
               200.9 -5.57437  3.34381 -91.1086  1.76507 -4.74227 0.634939 0 0 0   -0.011 -0.02329  0.04412  -0.302286 -0.0553496  0.0518901 -0.00237742 -0.00109841 -0.00509147  0.0156906 -0.0748682  0.0339695 -1.87404 -1.95295 -9.42817  6153
                 201 -7.02462  5.75631 -88.2748  1.73783  -4.7492 0.637767 0 0 0   -0.011 -0.02329  0.04412  -0.268524 -0.0416313  0.0151929 -0.00239658 -0.00113647  -0.0050636  0.0154047 -0.0750857  0.0340952   -1.874 -1.95296 -9.42818  6148
               201.1 -7.58334   7.6059 -84.8709  1.71304  -4.7515 0.641947 0 0 0   -0.011 -0.02329  0.04412  -0.237334 -0.0176918  0.0196739 -0.00241481 -0.00113564 -0.00506975  0.0155349 -0.0751877  0.0336831   -1.874 -1.95297 -9.42818  6108
               201.2 -7.94058  9.31783 -81.9664  1.69355 -4.74994 0.649367 0 0 0   -0.011 -0.02329  0.04412 -0.188208 0.0236917 0.0386823 -0.00241614 -0.00115153 -0.00505373  0.0158439 -0.0754163   0.032994   -1.874 -1.95297 -9.42818  6130
               201.3 -7.90991  10.7378 -79.1451  1.67677 -4.74915 0.652965 0 0 0   -0.011 -0.02329  0.04412 -0.136223  0.027082 0.0325644 -0.00240212 -0.00115223 -0.00504014  0.0155221 -0.0753488  0.0329382 -1.87398 -1.95301 -9.42817  6141
               201.4 -8.08535  12.5301 -76.1128  1.66847  -4.7499 0.656752 0 0 0   -0.011 -0.02329  0.04412  -0.04027 0.0300689 0.0109103 -0.00242076 -0.00115096 -0.00502432  0.0149663 -0.0754154  0.0326506 -1.87391 -1.95309 -9.42817  6099
               201.5 -9.54654  14.5175 -73.1017   1.6693  -4.7421 0.652177 0 0 0   -0.011 -0.02329  0.04412  0.0264036  0.0901497 -0.0312437 -0.00242187 -0.00118039 -0.00500842  0.0151604 -0.0757139  0.0331648 -1.87391   -1.953 -9.42819  6101
               201.6 -10.3842  16.7134 -68.8259  1.67515 -4.73085 0.649523 0 0 0   -0.011 -0.02329  0.04412  0.0424784   0.133617 -0.0210956 -0.00242622 -0.00120121 -0.00501374  0.0150564 -0.0760814  0.0330649 -1.87386 -1.95297  -9.4282  6110
               201.7 -10.0105  19.1466 -63.3128  1.67705 -4.71542 0.644996 0 0 0   -0.011 -0.02329  0.04412  0.0420524   0.157039 -0.0402032 -0.00243789 -0.00121734 -0.00501203  0.0151952 -0.0758625  0.0334433 -1.87391 -1.95296  -9.4282  6127
               201.8  -9.3365  22.2376 -58.2157  1.68533 -4.69889 0.638783 0 0 0   -0.011 -0.02329  0.04412  0.0921851   0.161408 -0.0764625 -0.00244866 -0.00125296 -0.00500194  0.0151045 -0.0761958  0.0334776 -1.87387 -1.95291 -9.42821  6139
               201.9 -9.00505  25.8066 -54.9419   1.6951 -4.67802 0.631076 0 0 0   -0.011 -0.02329  0.04412  0.113132  0.210665 -0.102075 -0.00247031 -0.00128174 -0.00495761  0.0156112 -0.0763413  0.0334006 -1.87394 -1.95287 -9.42821  6101
                 202 -8.86613  29.0562   -52.39  1.70559 -4.65192  0.62013 0 0 0   -0.011 -0.02329  0.04412  0.113753  0.269642 -0.102847 -0.00249047 -0.00129429 -0.00491926  0.0159464 -0.0764773  0.0336117   -1.874 -1.95281 -9.42821  6109
               202.1  -8.4225  31.8499 -49.4163  1.72003 -4.62629 0.608364 0 0 0   -0.011 -0.02329  0.04412  0.131427  0.301478 -0.109412  -0.0024969 -0.00129382 -0.00491182  0.0152611 -0.0764588  0.0335866 -1.87388 -1.95284 -9.42823  6158
               202.2 -8.64027  34.1777 -46.3067  1.73495   -4.594 0.596273 0 0 0   -0.011 -0.02329  0.04412  0.147518  0.343909 -0.127854 -0.00249674 -0.00129242 -0.00489295 0.0151191 -0.076604 0.0335334 -1.87384 -1.95282 -9.42824  6176
               202.3  -9.6954  36.6378 -42.9341  1.74785 -4.56134 0.580784 0 0 0   -0.011 -0.02329  0.04412   0.11916  0.363544 -0.137997 -0.00248828 -0.00132968 -0.00487979  0.0147264 -0.0761883  0.0338166  -1.8738 -1.95287 -9.42824  6142
               202.4 -10.2674  38.8498 -36.9204  1.75886 -4.52561 0.568394 0 0 0   -0.011 -0.02329  0.04412 0.0728677  0.398036  -0.13504 -0.00244071 -0.00135651 -0.00490858  0.0145116 -0.0759231  0.0334236 -1.87374 -1.95296 -9.42823  6115
               202.5 -9.14079  41.3008 -28.1079  1.76531 -4.48056  0.55647 0 0 0   -0.011 -0.02329  0.04412  0.0093757   0.432555 -0.0951712 -0.00245718 -0.00140308 -0.00494231  0.0146015 -0.0766569  0.0334163 -1.87375 -1.95282 -9.42826  6130
               202.6 -6.54766  42.3377 -17.9858  1.76193 -4.43645  0.54983 0 0 0   -0.011 -0.02329  0.04412 -0.0718886   0.420461 -0.0436247 -0.00244689 -0.00144756 -0.00493866 0.0147629 -0.076789  0.033416 -1.87378 -1.95279 -9.42826  6165
               202.7 -4.66733  41.6076 -10.2186  1.75571 -4.39653 0.546613 0 0 0   -0.011 -0.02329  0.04412 -0.0888688   0.357374 -0.0109998 -0.00244124 -0.00147787 -0.00490092   0.014527 -0.0770533  0.0332885 -1.87373 -1.95273 -9.42828  6155
               202.8 -3.91715  40.6104 -5.46373  1.74555 -4.36346 0.541845 0 0 0   -0.011 -0.02329  0.04412 -0.0870212   0.274484 -0.0335953 -0.00244982   -0.001516 -0.00487745  0.0143146 -0.0772699   0.033831 -1.87377 -1.95264 -9.42829  6182
               202.9  -3.1801  40.4852 -1.64934  1.73767 -4.33787 0.537134 0 0 0   -0.011 -0.02329  0.04412 -0.0803919   0.217455 -0.0339572 -0.00243976 -0.00156894  -0.0048791  0.0141437 -0.0774663  0.0339523 -1.87377 -1.95258  -9.4283  6121
                 203 -1.96494  40.2529  1.79681   1.7286 -4.31742 0.535036 0 0 0   -0.011 -0.02329  0.04412 -0.0803587   0.157417 -0.0133803  -0.0024491 -0.00157635 -0.00486077  0.0142952 -0.0777605   0.034023 -1.87383 -1.95253  -9.4283  6168
               203.1 -1.0648 39.7559 3.12107  1.72536 -4.30678  0.53423 0 0 0   -0.011 -0.02329  0.04412  -0.0451387   0.0755655 -0.00631543 -0.00245781  -0.0015763 -0.00482847  0.0138855 -0.0775208  0.0336495 -1.87369 -1.95254 -9.42833  6158
               203.2 -1.38241  38.9614  1.23902  1.72305 -4.30214 0.535182 0 0 0   -0.011 -0.02329  0.04412 -0.0151367  0.0113036 0.00986015 -0.00244608 -0.00156815 -0.00478625  0.0139152 -0.0774993  0.0334137 -1.87367 -1.95256 -9.42833  6132
               203.3 -2.59097  37.5697 -4.16845  1.72247  -4.3022 0.532739 0 0 0   -0.011 -0.02329  0.04412 -0.00391292  -0.0626313   0.0113806 -0.00248749 -0.00153869 -0.00474703  0.0133932 -0.0779438  0.0338452 -1.87367 -1.95239 -9.42836  6168
               203.4 -3.98337  35.0693 -12.2592  1.71938 -4.31488  0.53785 0 0 0   -0.011 -0.02329  0.04412 -0.033935 -0.135795 0.0515107 -0.00249711 -0.00148644 -0.00471021  0.0139552 -0.0774616  0.0337393 -1.87371 -1.95256 -9.42832  6182
               203.5 -4.90556  31.4273 -20.8214   1.7127 -4.32746 0.544217 0 0 0   -0.011 -0.02329  0.04412 -0.0724812  -0.147611  0.0739182 -0.00250521 -0.00142903 -0.00472747  0.0141697 -0.0777666  0.0338626 -1.87379 -1.95252 -9.42831  6162
               203.6 -5.18922  27.5647 -28.6751  1.70718 -4.34196 0.555605 0 0 0   -0.011 -0.02329  0.04412 -0.067879 -0.155454  0.093063 -0.00249372 -0.00135985 -0.00477041  0.0142871 -0.0778797  0.0332758 -1.87377 -1.95252 -9.42831  6128
               203.7 -4.85791   24.286 -35.2869  1.70239 -4.35467  0.56632 0 0 0   -0.011 -0.02329  0.04412 -0.0651212  -0.153217   0.102385 -0.00248291 -0.00132977  -0.0048246   0.014234 -0.0784236  0.0330278 -1.87378 -1.95241 -9.42834  6174
               203.8 -4.27832  20.9435 -41.8111  1.69301 -4.36707 0.574682 0 0 0   -0.011 -0.02329  0.04412 -0.068179 -0.139424 0.0965373 -0.00247755 -0.00131271 -0.00484151  0.0145041 -0.0787508  0.0335226 -1.87388 -1.95233 -9.42833  6171
               203.9 -4.40239  18.0583 -48.1373  1.69007 -4.38289 0.581447 0 0 0   -0.011 -0.02329  0.04412 -0.0388862  -0.156295  0.0756642 -0.00243026 -0.00128337 -0.00487313  0.0139434 -0.0787424  0.0336339 -1.87378 -1.95231 -9.42836  6104
                 204 -4.94403  14.3491 -57.1855  1.68576 -4.39964 0.585239 0 0 0   -0.011 -0.02329  0.04412 -0.049565 -0.183939 0.0678785 -0.00242726 -0.00125849  -0.0048674  0.0137216 -0.0787483  0.0341348 -1.87376 -1.95228 -9.42837  6100
               204.1 -4.9178 10.1913  -67.37  1.67699  -4.4204 0.585692 0 0 0   -0.011 -0.02329  0.04412 -0.0499488  -0.218656  0.0381093 -0.00242656 -0.00122218 -0.00487659  0.0137602 -0.0783548  0.0350591 -1.87381 -1.95227 -9.42836  6136
               204.2  -4.6624  7.19909 -73.6304  1.67614 -4.44263 0.589401 0 0 0   -0.011 -0.02329  0.04412 -0.00574598   -0.222852   0.0365923 -0.00243605 -0.00120006 -0.00496194  0.0135208 -0.0786416  0.0349896 -1.87375 -1.95225 -9.42838  6144
               204.3  -4.8209  5.60276 -74.7216  1.67911 -4.46553 0.593436 0 0 0   -0.011 -0.02329  0.04412 0.0528849 -0.218331 0.0283669 -0.00239961 -0.00119223 -0.00504656  0.0133496 -0.0787099   0.034863 -1.87372 -1.95226 -9.42838  6167
               204.4 -6.15728  5.96869 -69.5079 1.69025 -4.4865 0.60135 0 0 0   -0.011 -0.02329  0.04412  0.141687 -0.178455 0.0306978 -0.00237083 -0.00121876  -0.0051296 0.0132704 -0.078879 0.0340823  -1.8737  -1.9523 -9.42837  6112
               204.5 -8.77989   8.9264 -57.6493  1.70361 -4.50258 0.603377 0 0 0   -0.011 -0.02329  0.04412    0.172328   -0.128006 -0.00731953 -0.00231215 -0.00128795 -0.00523937 0.0133486 -0.078398 0.0340288 -1.87375 -1.95235 -9.42835  6144
               204.6 -10.5825  13.7235 -43.9951   1.7209  -4.5139 0.601761 0 0 0   -0.011 -0.02329  0.04412   0.200234  -0.094333 -0.0438659 -0.00231715 -0.00136895 -0.00524593  0.0134126 -0.0781823  0.0339048 -1.87378 -1.95238 -9.42834  6126
               204.7 -11.5365  19.5233 -31.9534  1.74394 -4.51801 0.597881 0 0 0   -0.011 -0.02329  0.04412    0.23241 -0.0127626 -0.0864017 -0.00234802 -0.00144808 -0.00518093 0.0136554 -0.078496 0.0335449 -1.87379 -1.95233 -9.42835  6113
               204.8 -11.0755  25.3173 -20.6272  1.76962 -4.51648 0.592332 0 0 0   -0.011 -0.02329  0.04412   0.251335  0.0607692 -0.0958737 -0.00237445 -0.00151448 -0.00511272   0.013552 -0.0785493  0.0328287 -1.87375 -1.95236 -9.42835  6150
               204.9 -9.18545  30.8526 -10.7985  1.79297 -4.50318 0.579229 0 0 0   -0.011 -0.02329  0.04412  0.246629  0.159642 -0.117915 -0.00241926 -0.00159516 -0.00504859  0.0138999 -0.0788431  0.0333262 -1.87384 -1.95228 -9.42835  6131
                 205  -6.1411  34.2802 -2.80204  1.81818 -4.47997 0.566072 0 0 0   -0.011 -0.02329  0.04412  0.247174   0.24103 -0.137329 -0.00250138 -0.00158456 -0.00495602  0.0138849 -0.0795441  0.0333079 -1.87387 -1.95213 -9.42837  6133
               205.1 -3.63306   36.231  2.44444  1.84576 -4.45332 0.549123 0 0 0   -0.011 -0.02329  0.04412  0.278293   0.31776 -0.166289 -0.00252809 -0.00157011 -0.00487247  0.0134698 -0.0794165  0.0334706 -1.87379 -1.95213 -9.42839  6097
               205.2 -1.55935  37.5028  6.12189  1.87707 -4.41975 0.529359 0 0 0   -0.011 -0.02329  0.04412  0.316788  0.395263 -0.180929 -0.00255159 -0.00156533 -0.00483775  0.0129164 -0.0790348  0.0337247 -1.87366 -1.95215 -9.42841  6133
               205.3 -0.0610865     38.585    8.97209  1.91028 -4.37661 0.509352 0 0 0   -0.011 -0.02329  0.04412  0.35803 0.453316 -0.20053 -0.00255603 -0.00157581 -0.00481814  0.0128668 -0.0791185  0.0339157 -1.87368 -1.95212 -9.42842  6130
               205.4 0.825139  39.8585  10.9445  1.94955 -4.33206 0.490627 0 0 0   -0.011 -0.02329  0.04412  0.406653  0.452217 -0.170352 -0.00255252 -0.00157282 -0.00479683  0.0127359 -0.0788692   0.033741 -1.87361 -1.95216 -9.42842  6125
               205.5  1.1589 41.6079  12.017  1.98962 -4.29063  0.47649 0 0 0   -0.011 -0.02329  0.04412  0.390344  0.371226 -0.138809 -0.00255737 -0.00159397 -0.00478127  0.0130035 -0.0787368  0.0337222 -1.87363 -1.95222  -9.4284  6198
               205.6  2.3807 42.7929 12.8982  2.02548 -4.25854 0.463022 0 0 0   -0.011 -0.02329  0.04412  0.348039  0.278323 -0.141701 -0.00257942 -0.00158641 -0.00477353  0.0132025 -0.0787923  0.0336948 -1.87367 -1.95224 -9.42839  6156
               205.7 3.51114 44.1651 13.6923   2.0578 -4.23505 0.451789 0 0 0   -0.011 -0.02329  0.04412  0.339786   0.22158 -0.106812 -0.00257931 -0.00157674 -0.00475329  0.0137407 -0.0786367   0.033727 -1.87374 -1.95234 -9.42836  6151
               205.8  4.2683 45.4651 14.2562  2.09252 -4.21348 0.441597 0 0 0   -0.011 -0.02329  0.04412 0.372611 0.183257 -0.11773 -0.00258106 -0.00159188 -0.00475015   0.013774 -0.0788711  0.0336989 -1.87378  -1.9523 -9.42836  6154
               205.9 4.93717 47.0113 14.6916  2.13271 -4.19417 0.425573 0 0 0   -0.011 -0.02329  0.04412 0.422959 0.176598   -0.196 -0.00259069 -0.00158696 -0.00473945  0.0136191 -0.0791467  0.0337334  -1.8738 -1.95222 -9.42837  6144
                 206 5.61578 48.3926 16.2262  2.17676 -4.17329 0.399992 0 0 0   -0.011 -0.02329  0.04412  0.479768  0.187257 -0.257078 -0.00259094 -0.00159718 -0.00474796  0.0131971 -0.0796706  0.0340653 -1.87384 -1.95206  -9.4284  6169
               206.1 6.63112 49.7473 19.3217  2.23062 -4.15076 0.376867 0 0 0   -0.011 -0.02329  0.04412   0.59659  0.249838 -0.239708 -0.00257773 -0.00161928 -0.00476236 0.0134167  -0.07997 0.0336069 -1.87387 -1.95204 -9.42839  6102
               206.2 7.06039  51.646 23.0654  2.29536 -4.11972 0.351157 0 0 0   -0.011 -0.02329  0.04412  0.698415  0.354668 -0.213573 -0.00256344 -0.00164532 -0.00474759     0.0129 -0.0800605  0.0341059 -1.87386 -1.95195 -9.42842  6147
               206.3 7.66706 54.8566 28.1719  2.36647 -4.07926 0.329045 0 0 0   -0.011 -0.02329  0.04412  0.647564  0.415742 -0.178768 -0.00254979 -0.00170889 -0.00474722  0.0123594 -0.0800646  0.0340604 -1.87378 -1.95187 -9.42845  6108
               206.4   11.32 56.5676 37.1891  2.42231 -4.04171 0.316411 0 0 0   -0.011 -0.02329  0.04412  0.486854  0.368112 -0.133261 -0.00256721 -0.00172342 -0.00477164  0.0129364 -0.0798824  0.0339479 -1.87382 -1.95199 -9.42842  6114
               206.5 16.7088 57.4043 47.9008  2.46368 -4.00427 0.301665 0 0 0   -0.011 -0.02329  0.04412  0.371698  0.374027 -0.139582 -0.00258904  -0.0017608 -0.00476595  0.0129424 -0.0800418  0.0342505 -1.87388 -1.95197 -9.42841  6139
               206.6 21.7319 57.9171 58.0445  2.49365  -3.9684 0.287653 0 0 0   -0.011 -0.02329  0.04412  0.278332  0.347961 -0.150435 -0.00259982 -0.00179725 -0.00473088  0.0131746 -0.0801628  0.0345817 -1.87397   -1.952 -9.42838  6157
               206.7 26.0877 57.8775 66.3205  2.51611 -3.93648 0.270154 0 0 0   -0.011 -0.02329  0.04412  0.232282  0.315686 -0.187793 -0.00263004 -0.00182728 -0.00470278  0.0133016 -0.0802443    0.03508 -1.87406 -1.95203 -9.42836  6151
               206.8 29.5759 58.0221 72.1867  2.53932 -3.90237 0.249019 0 0 0   -0.011 -0.02329  0.04412 0.227803 0.323977 -0.21518 -0.00265603  -0.0018367 -0.00467903  0.0129404 -0.0805314  0.0349635 -1.87407 -1.95192 -9.42838  6177
               206.9  31.264 58.3515 75.0787  2.56292 -3.86706 0.226079 0 0 0   -0.011 -0.02329  0.04412  0.264571  0.360766 -0.230829  -0.0026648 -0.00186546 -0.00466295  0.0127187 -0.0807803  0.0349843  -1.8741 -1.95184 -9.42839  6142
                 207 29.8526 59.4326 73.1053  2.59165 -3.83229 0.206386 0 0 0   -0.011 -0.02329  0.04412  0.354239  0.364513 -0.210283 -0.00270466 -0.00187546 -0.00460962  0.0134253 -0.0809022  0.0349992 -1.87418 -1.95196 -9.42835  6163
               207.1 24.4612 60.6405 63.6841  2.63571 -3.79373 0.184963 0 0 0   -0.011 -0.02329  0.04412  0.503103  0.375601 -0.147083 -0.00274189 -0.00180713 -0.00456666 0.0127196 -0.080773 0.0349538  -1.8741 -1.95184 -9.42839  6160
               207.2 17.5547 60.9182  50.493  2.69202 -3.75504  0.17359 0 0 0   -0.011 -0.02329  0.04412   0.591665   0.362061 -0.0771102 -0.00277586 -0.00175438 -0.00456094  0.0124789 -0.0807154  0.0347432 -1.87405 -1.95178 -9.42841  6111
               207.3 11.8433 60.5597 38.4491  2.75311 -3.71891 0.168336 0 0 0   -0.011 -0.02329  0.04412   0.582692   0.281467 -0.0455957 -0.00277455 -0.00170302 -0.00459574  0.0121531 -0.0809146  0.0343131 -1.87403 -1.95166 -9.42844  6140
               207.4 7.63177 59.2054 28.0533  2.80605 -3.69678 0.163321 0 0 0   -0.011 -0.02329  0.04412  0.555299  0.176088 -0.115512 -0.00275247 -0.00166517 -0.00463797  0.0128823 -0.0813898  0.0345123 -1.87421 -1.95174 -9.42839  6144
               207.5 4.72163 59.4891 19.1306  2.86263 -3.67994 0.146304 0 0 0   -0.011 -0.02329  0.04412   0.56362  0.118036 -0.150712 -0.00273611 -0.00164056 -0.00467624  0.0121834 -0.0815872  0.0345969 -1.87418 -1.95159 -9.42842  6139
               207.6 2.85301 59.6266 12.0875  2.91545 -3.67424 0.130915 0 0 0   -0.011 -0.02329  0.04412  0.522719 0.0338547 -0.151319 -0.00272049 -0.00161783 -0.00472189  0.0122496 -0.0813199  0.0349808 -1.87419 -1.95167 -9.42841  6132
               207.7 0.57092  59.241 5.06731  2.96458 -3.67568 0.114349 0 0 0   -0.011 -0.02329  0.04412   0.500739 -0.0362604   -0.16716 -0.00274071 -0.00156479 -0.00473677  0.0123853 -0.0811557  0.0353582 -1.87424 -1.95173 -9.42839  6116
               207.8  -1.5181  58.4941 -1.01086    3.0136  -3.68115 0.0969947 0 0 0   -0.011 -0.02329  0.04412   0.491623 -0.0984985  -0.130022 -0.00271853 -0.00152469 -0.00477143   0.012061 -0.0814108  0.0355559 -1.87426 -1.95164  -9.4284  6079
               207.9 -2.59152  56.5796 -4.72474   3.06264  -3.69311 0.0909042 0 0 0   -0.011 -0.02329  0.04412   0.525896  -0.109008 -0.0404674 -0.00269794  -0.0014671 -0.00478586  0.0126196 -0.0812207  0.0354407 -1.87429 -1.95174 -9.42837  6096
                 208 -3.65015  55.0042 -7.15943   3.11591  -3.70202 0.0864021 0 0 0   -0.011 -0.02329  0.04412   0.512434 -0.0735649   -0.04398 -0.00269277 -0.00145009 -0.00479652  0.0124261 -0.0813223  0.0356408  -1.8743  -1.9517 -9.42838  6130
               208.1 -4.57975  53.5893 -8.85834   3.15953  -3.69975 0.0798251 0 0 0   -0.011 -0.02329  0.04412    0.456743 -0.00760535  -0.0603659 -0.00270173 -0.00145394 -0.00480931  0.0126961 -0.0825316   0.036167 -1.87452 -1.95149 -9.42838  6060
               208.2 -4.71633  52.8712 -10.1172   3.20218  -3.69465 0.0738861 0 0 0   -0.011 -0.02329  0.04412   0.405967  0.0632026 -0.0441104 -0.00268608 -0.00146139 -0.00482768  0.0125619 -0.0830152  0.0363902 -1.87457 -1.95138 -9.42839  6040
               208.3 -4.32308  51.7336 -10.5125   3.24078  -3.68573 0.0673471 0 0 0   -0.011 -0.02329  0.04412   0.31276 0.0946259 -0.109288 -0.00266599 -0.00143479 -0.00484511   0.012363 -0.0831648  0.0360321 -1.87451 -1.95134 -9.42841  6044
               208.4 -3.55626  51.1019 -11.3187   3.26812  -3.67544 0.0551815 0 0 0   -0.011 -0.02329  0.04412  0.276382  0.110007 -0.125485 -0.00268244 -0.00144907 -0.00483403  0.0126004 -0.0831465  0.0361635 -1.87456 -1.95136  -9.4284  6047
               208.5 -3.14358  51.0421 -11.2964   3.3003 -3.66767 0.042773 0 0 0   -0.011 -0.02329  0.04412   0.330658  0.0863369 -0.0883768 -0.00265375 -0.00141892 -0.00484558   0.012168 -0.0826891  0.0360576 -1.87445 -1.95142 -9.42841  6024
               208.6 -3.56034  51.3063 -10.8599  3.33869 -3.66224 0.035202 0 0 0   -0.011 -0.02329  0.04412  0.386386 0.0129343 -0.049476 -0.00263312 -0.00144364 -0.00485636  0.0116532 -0.0827714  0.0358636 -1.87435 -1.95137 -9.42844  5996
               208.7 -4.33401  50.9879  -11.196    3.3786  -3.66241 0.0312944 0 0 0   -0.011 -0.02329  0.04412   0.415567 -0.0486432 -0.0618557 -0.00264298 -0.00142961 -0.00483611  0.0119452 -0.0830635  0.0357333  -1.8744 -1.95134 -9.42843  6034
               208.8 -4.97474  49.4441 -10.1438   3.42267  -3.66887 0.0232669 0 0 0   -0.011 -0.02329  0.04412   0.460705  -0.118135 -0.0778383  -0.0026118 -0.00139901 -0.00486065  0.0116593 -0.0832327  0.0357519 -1.87437 -1.95129 -9.42845  6015
               208.9 -5.44035  47.3875  -8.6363   3.47551  -3.68841 0.0148529 0 0 0   -0.011 -0.02329  0.04412   0.569679  -0.224802 -0.0709775 -0.00258684 -0.00140006 -0.00487255  0.0113535 -0.0828496  0.0355936 -1.87428 -1.95134 -9.42846  5958
                 209 -5.85034  45.7461 -6.77532   3.53344  -3.70978 0.0129425 0 0 0   -0.011 -0.02329  0.04412   0.621625  -0.227538 0.00276345 -0.00256959 -0.00143731 -0.00488699  0.0118553 -0.0831615  0.0357888  -1.8744 -1.95132 -9.42844  5936
               209.1 -6.90852  44.3307 -6.30271   3.59881  -3.72842 0.0177541 0 0 0   -0.011 -0.02329  0.04412  0.642486 -0.153845 0.0402247 -0.00256453 -0.00145352  -0.0048699  0.0120337 -0.0832927  0.0354946 -1.87441 -1.95131 -9.42844  5959
               209.2 -9.15759  45.1272  -7.0253   3.65766  -3.74211 0.0184699 0 0 0   -0.011 -0.02329  0.04412   0.504308  -0.122587 0.00777013  -0.0025439 -0.00148943 -0.00485201  0.0116823 -0.0833053  0.0358078 -1.87439 -1.95128 -9.42845  5927
               209.3 -10.4106  46.8249 -6.43939   3.69984  -3.74949 0.0227901 0 0 0   -0.011 -0.02329  0.04412  0.301263 -0.126347 0.0476087 -0.00256207 -0.00152075  -0.0048609  0.0118635 -0.0841275  0.0353134 -1.87444 -1.95114 -9.42847  6002
               209.4 -9.38488   46.873  -4.0546   3.72093  -3.76371 0.0281226 0 0 0   -0.011 -0.02329  0.04412  0.172068 -0.138229 0.0181205 -0.00256715 -0.00151859   -0.004862  0.0122309 -0.0839889   0.035358 -1.87449  -1.9512 -9.42845  5931
               209.5 -8.30095  47.7057 -1.75939   3.73441  -3.77685 0.0255517 0 0 0   -0.011 -0.02329  0.04412   0.118489  -0.126699 -0.0493773 -0.00258466 -0.00153209  -0.0048497  0.0121968 -0.0840637  0.0356594 -1.87452 -1.95118 -9.42844  5944
               209.6 -7.72299  48.8817 0.402738   3.74144  -3.78725 0.0151738 0 0 0   -0.011 -0.02329  0.04412  0.0380519  -0.107554 -0.0997626  -0.0025815 -0.00155625 -0.00484846  0.0118173 -0.0843493  0.0361671 -1.87454 -1.95109 -9.42846  5923
               209.7 -7.2563  50.298  3.6044    3.74549   -3.80124 0.00559727 0 0 0   -0.011 -0.02329  0.04412 0.00352418  -0.146157    -0.1137 -0.00255582 -0.00158149 -0.00484232  0.0117878 -0.0839317  0.0359084 -1.87446 -1.95117 -9.42846  5929
               209.8 -5.03181  51.5261  6.78781     3.74224    -3.81516 -0.00555477 0 0 0   -0.011 -0.02329  0.04412 -0.0571146  -0.146896  -0.100722 -0.00261272 -0.00159765 -0.00483492  0.0117004 -0.0842334  0.0360943  -1.8745  -1.9511 -9.42846  5994
               209.9 -3.15406  51.1457  8.52978    3.73822   -3.82974 -0.0169483 0 0 0   -0.011 -0.02329  0.04412 -0.0653183  -0.123199  -0.150958 -0.00262484 -0.00156226 -0.00480145  0.0115297 -0.0840165  0.0358957 -1.87443 -1.95112 -9.42847  5922
                 210 -2.37548  49.9602  7.64125    3.73567   -3.83726 -0.0348889 0 0 0   -0.011 -0.02329  0.04412 -0.0106311 -0.0222098  -0.220606 -0.00263003 -0.00154812 -0.00476677  0.0113704 -0.0840587  0.0355493 -1.87438  -1.9511 -9.42849  5951
               210.1 -3.0513 49.8188 5.06488    3.73858   -3.83164 -0.0554054 0 0 0   -0.011 -0.02329  0.04412 0.0844648  0.108782 -0.192894 -0.00262395 -0.00155371  -0.0047446 0.0115099 -0.084367 0.0354342 -1.87442 -1.95106 -9.42849  5971
               210.2 -4.56754  49.3419  1.60574   3.75433  -3.81096 -0.074671 0 0 0   -0.011 -0.02329  0.04412  0.188319  0.263653 -0.180655 -0.00261977 -0.00152826 -0.00473421  0.0109844 -0.0847177  0.0352202 -1.87437 -1.95094 -9.42852  5916
               210.3 -6.37478  48.6139 -1.33556    3.78152   -3.77847 -0.0950529 0 0 0   -0.011 -0.02329  0.04412  0.296261  0.405592 -0.199608 -0.00261514   -0.001486 -0.00474134  0.0104793 -0.0845073  0.0350626 -1.87426 -1.95092 -9.42855  5962
               210.4 -7.65546  47.2076 -3.16926   3.81062  -3.72954 -0.116772 0 0 0   -0.011 -0.02329  0.04412  0.384127  0.512796 -0.211129 -0.00259825 -0.00147635 -0.00475951 0.0106487 -0.085044 0.0355242 -1.87439 -1.95084 -9.42854  5919
               210.5 -6.46657  44.8748 -4.70483   3.85129  -3.67167 -0.139216 0 0 0   -0.011 -0.02329  0.04412  0.482581  0.684681 -0.218604 -0.00261194 -0.00145331 -0.00477188  0.0108164 -0.0849596  0.0359307 -1.87445 -1.95087 -9.42852  5991
               210.6 -4.40569   41.894  -5.9831   3.90217  -3.60082 -0.157696 0 0 0   -0.011 -0.02329  0.04412  0.536181  0.700271 -0.140381 -0.00259273 -0.00144595 -0.00479663  0.0110844 -0.0848457  0.0359679 -1.87448 -1.95091 -9.42851  5940
               210.7 0.956908  38.9816  -7.1904   3.95027  -3.53127 -0.168441 0 0 0   -0.011 -0.02329  0.04412   0.485168   0.650765 -0.0591672 -0.00261491 -0.00141006 -0.00482425  0.0113625 -0.0852195   0.036288 -1.87459 -1.95087  -9.4285  5921
               210.8  5.04443  38.0843 -9.01009   3.99359  -3.46889 -0.170668 0 0 0   -0.011 -0.02329  0.04412  0.379072  0.553063 0.0429279 -0.00258468 -0.00140321 -0.00484025   0.011315 -0.0853254  0.0365213 -1.87461 -1.95084  -9.4285  5912
               210.9  6.86285  38.5655 -11.6477   4.02577  -3.42041 -0.162836 0 0 0   -0.011 -0.02329  0.04412 0.224073 0.433119  0.11166 -0.00254638  -0.0013786 -0.00485304  0.0110521 -0.0852118   0.036416 -1.87455 -1.95084 -9.42851  5976
                 211   5.6047  38.6899 -13.3401   4.04635  -3.38057 -0.146675 0 0 0   -0.011 -0.02329  0.04412 0.139642 0.318903 0.122054 -0.00247373 -0.00132851 -0.00485401   0.011169 -0.0855643  0.0357448 -1.87453 -1.95082 -9.42851  5936
               211.1  3.35541  39.1091 -14.5425   4.05888  -3.35639 -0.139489 0 0 0   -0.011 -0.02329  0.04412 0.097843 0.167793 0.040154 -0.00244032 -0.00131534 -0.00486485  0.0108977 -0.0855254  0.0358032 -1.87449 -1.95081 -9.42853  6002
               211.2  1.31352  39.8232 -15.4816   4.06294  -3.34296 -0.138091 0 0 0   -0.011 -0.02329  0.04412  0.0542578   0.113216 -0.0420611 -0.00244042 -0.00134258 -0.00486193  0.0114173 -0.0853514   0.036115 -1.87459 -1.95085  -9.4285  5874
               211.3  0.40324  39.1054 -14.5601   4.07182  -3.33425 -0.147828 0 0 0   -0.011 -0.02329  0.04412 0.0780571 0.0650029 -0.176963 -0.00245307 -0.00131562  -0.0048853   0.010965 -0.0855289  0.0357012  -1.8745 -1.95082 -9.42852  5950
               211.4  0.20877  40.4104 -13.1914   4.08084  -3.32718 -0.172327 0 0 0   -0.011 -0.02329  0.04412 0.0835485 0.0695356 -0.270088 -0.00245347 -0.00139877 -0.00488959 0.0111064 -0.085532 0.0355184 -1.87451 -1.95084 -9.42852  5907
               211.5  2.30488  41.5864 -10.6527    4.0915  -3.31938 -0.200192 0 0 0   -0.011 -0.02329  0.04412  0.134482  0.130015 -0.163202 -0.00250551 -0.00139732 -0.00491499  0.0103997 -0.0855755   0.035787 -1.87441 -1.95078 -9.42855  5926
               211.6  3.28025  42.3944 -6.86877   4.10496  -3.30035 -0.202477 0 0 0   -0.011 -0.02329  0.04412  0.185498  0.199284 0.0612699 -0.00247381 -0.00141756 -0.00492679  0.0108692 -0.0858996  0.0357467  -1.8745 -1.95075 -9.42854  5922
               211.7  5.68611  41.8591 0.104182  4.12511 -3.27662 -0.19343 0 0 0   -0.011 -0.02329  0.04412 0.251409 0.241082  0.10241 -0.00246891 -0.00143601 -0.00494882  0.0111901 -0.0860128  0.0359024 -1.87457 -1.95075 -9.42852  5895
               211.8 7.79406 38.6543 7.47264   4.15412  -3.25317 -0.188766 0 0 0   -0.011 -0.02329  0.04412  0.334684  0.218153 0.0301405 -0.00241969 -0.00144911 -0.00496065  0.0107244 -0.0859725  0.0362857 -1.87453  -1.9507 -9.42854  5881
               211.9 7.78349 34.8121 11.5813   4.19609    -3.234 -0.191648 0 0 0   -0.011 -0.02329  0.04412   0.461159   0.175139 -0.0389357 -0.00239709 -0.00148209 -0.00493165  0.0101376 -0.0858404  0.0362244 -1.87442 -1.95067 -9.42857  5895
                 212 6.67352  32.289 14.4502   4.24391  -3.21743 -0.195082 0 0 0   -0.011 -0.02329  0.04412   0.498259   0.175552 0.00820655 -0.00237163 -0.00154916 -0.00491127  0.0101238 -0.0858127  0.0362808 -1.87442 -1.95068 -9.42857  5944
               212.1  5.6246 29.7578 18.8689   4.29116  -3.19844 -0.192689 0 0 0   -0.011 -0.02329  0.04412     0.45292    0.182188 -0.00825536 -0.00234565  -0.0015815 -0.00493239  0.0101158 -0.0858922  0.0362326 -1.87442 -1.95066 -9.42857  6007
               212.2 4.81543 27.8866 19.9854    4.3347  -3.17951 -0.200307 0 0 0   -0.011 -0.02329  0.04412 0.469578 0.154726 -0.10794 -0.00238364 -0.00162126 -0.00487277  0.0102856 -0.0863851  0.0365332 -1.87453  -1.9506 -9.42856  5991
               212.3 4.79147 28.5182 18.0923   4.38316  -3.16685 -0.207902 0 0 0   -0.011 -0.02329  0.04412   0.429707   0.135078 -0.0722589 -0.00241391 -0.00166398 -0.00481186 0.0102428  -0.08595 0.0360779 -1.87444 -1.95067 -9.42857  6021
               212.4 5.22872 28.8544 15.3874   4.41918  -3.15719 -0.212438 0 0 0   -0.011 -0.02329  0.04412   0.287941   0.113929 -0.0378284 -0.00242625  -0.0016531 -0.00480344  0.0105711 -0.0855573  0.0360485 -1.87443 -1.95077 -9.42855  6038
               212.5  5.2584 27.1323 12.3759   4.44436  -3.14385 -0.216571 0 0 0   -0.011 -0.02329  0.04412   0.199606   0.170594 -0.0807224 -0.00241379 -0.00159533   -0.004823  0.0104698 -0.0853696  0.0357754 -1.87438 -1.95079 -9.42855  6010
               212.6 4.99539 24.4154 8.87819   4.46048  -3.12046 -0.227688 0 0 0   -0.011 -0.02329  0.04412  0.119808  0.244679 -0.123352 -0.00240492 -0.00153393 -0.00482141  0.0103612 -0.0858928  0.0358459 -1.87444  -1.9507 -9.42856  6014
               212.7 4.88031 21.1216 5.81185   4.46934  -3.08974 -0.243517 0 0 0   -0.011 -0.02329  0.04412 0.0921281  0.336116  -0.11609 -0.00237331 -0.00150079 -0.00485124  0.0102205 -0.0862223  0.0364202 -1.87447 -1.95061 -9.42857  5997
             212.799 5.45046 17.5851 3.03182   4.47948  -3.05063 -0.255165 0 0 0   -0.011 -0.02329  0.04412   0.131942   0.398841 -0.0984804 -0.00239005 -0.00148539 -0.00486743  0.0101015 -0.0866361  0.0366349 -1.87451 -1.95053 -9.42858  6082
               212.9  5.85134  14.7728 -0.83887   4.50058   -3.0105 -0.260553 0 0 0   -0.011 -0.02329  0.04412   0.263956   0.435072 -0.0348573 -0.00237624 -0.00147239 -0.00487574 0.00991618 -0.0862994  0.0363864 -1.87444 -1.95058 -9.42859  6074
                 213  4.57522  13.8902 -5.82374   4.53511  -2.96754 -0.267523 0 0 0   -0.011 -0.02329  0.04412   0.35117  0.384054 -0.121943   -0.002342 -0.00147489  -0.0048612 0.00939421 -0.0863708  0.0363295 -1.87435 -1.95052 -9.42861  6063
               213.1  3.12436  13.6277 -9.99477   4.57161  -2.93923 -0.281858 0 0 0   -0.011 -0.02329  0.04412 0.356027 0.260679 -0.15281 -0.00231067 -0.00148027 -0.00489142 0.00922623 -0.0856289  0.0360847 -1.87426 -1.95065 -9.42861  6065
               213.2  1.57482  14.3131 -14.1536   4.60693  -2.92265 -0.295211 0 0 0   -0.011 -0.02329  0.04412   0.351741   0.142995 -0.0840664 -0.00232621   -0.001492 -0.00487676 0.00918362 -0.0849803  0.0362292 -1.87421 -1.95074  -9.4286  6019
               213.3  0.37536  14.8645 -17.1373  4.63627 -2.91365 -0.29909 0 0 0   -0.011 -0.02329  0.04412   0.272579  0.0510544 -0.0566194 -0.00231682 -0.00148307 -0.00489655 0.00973211 -0.0848208  0.0358403  -1.8743 -1.95081 -9.42856  6038
               213.4 -0.116114   13.5546   -18.826   4.66008  -2.91385 -0.307652 0 0 0   -0.011 -0.02329  0.04412   0.247834 -0.0260321  -0.084541 -0.00232431 -0.00146315 -0.00491062 0.00992552 -0.0844581   0.036119 -1.87432 -1.95086 -9.42855  6048
               213.5 -0.987827   11.7743  -20.9567   4.68494  -2.91745 -0.318458 0 0 0   -0.011 -0.02329  0.04412   0.281254 -0.0977543 -0.0946453 -0.00232414 -0.00144244 -0.00490886  0.0101338 -0.0848082  0.0364809 -1.87436 -1.95079 -9.42856  6015
               213.6 -2.30683  10.8013 -23.4172   4.71308   -2.9322 -0.323661 0 0 0   -0.011 -0.02329  0.04412    0.30705  -0.180672 -0.0654635 -0.00228844 -0.00146824 -0.00491155  0.0104709 -0.0846392  0.0359712 -1.87442 -1.95084 -9.42853  6074
             213.699 -3.21455  10.7363 -25.6032   4.74946   -2.9543 -0.323182 0 0 0   -0.011 -0.02329  0.04412  0.347524 -0.232523 0.0371474 -0.00228818 -0.00147051 -0.00491461 0.00989682 -0.0845812  0.0355637 -1.87433 -1.95087 -9.42855  6066
               213.8 -2.79449  11.2592  -28.076  4.78362 -2.97556 -0.31774 0 0 0   -0.011 -0.02329  0.04412  0.331005 -0.196783 0.0440862  -0.0023433 -0.00148409 -0.00490252 0.00993503 -0.0846722  0.0355784 -1.87434 -1.95086 -9.42855  6052
               213.9 -2.76581  11.7102 -30.2125   4.81172   -2.9927 -0.320622 0 0 0   -0.011 -0.02329  0.04412   0.291913  -0.155515 -0.0486584  -0.0023357 -0.00148396 -0.00491868  0.0103642 -0.0846187   0.036029  -1.8744 -1.95084 -9.42854  6050
                 214  -2.9037  11.8422 -32.0907   4.83921  -3.00725 -0.325822 0 0 0   -0.011 -0.02329  0.04412   0.294924  -0.121126 -0.0300472 -0.00232991 -0.00146982 -0.00490909  0.0105566 -0.0843998  0.0361652 -1.87443 -1.95086 -9.42853  6015
               214.1 -2.78461  11.6217 -34.1832   4.86856  -3.01737 -0.326084 0 0 0   -0.011 -0.02329  0.04412   0.294445 -0.0882983 -0.0227894 -0.00235111 -0.00145744 -0.00490908  0.0107393 -0.0844285  0.0359167 -1.87446 -1.95086 -9.42852  6030
               214.2 -2.24674   11.192 -35.7321   4.90022  -3.02422 -0.330707 0 0 0   -0.011 -0.02329  0.04412   0.283574 -0.0477435 -0.0613691  -0.0023611 -0.00144966 -0.00492614  0.0103131 -0.0847134  0.0359309 -1.87439 -1.95084 -9.42854  5962
             214.299 -1.29789  10.2161 -36.9607   4.92921  -3.02611 -0.336967 0 0 0   -0.011 -0.02329  0.04412    0.279125 -0.00222453  -0.0699573  -0.0023722 -0.00142916 -0.00493765  0.0102713 -0.0848781  0.0357796 -1.87438 -1.95082 -9.42855  6034
               214.4 -0.290563   8.87902  -38.4438   4.95983  -3.02525 -0.341913 0 0 0   -0.011 -0.02329  0.04412   0.314598  0.0449865 -0.0328211 -0.00237574  -0.0014106 -0.00493434  0.0100141 -0.0847699  0.0356892 -1.87435 -1.95085 -9.42855  6020
               214.5 -0.0745552    7.32397   -39.6337   4.99256  -3.02248 -0.345235 0 0 0   -0.011 -0.02329  0.04412  0.328566 0.0135166 -0.041701 -0.00232573 -0.00138643 -0.00496303  0.0098342 -0.0847144  0.0356423 -1.87432 -1.95087 -9.42855  5956
               214.6 0.000774633     6.97592    -40.7654   5.02566  -3.02758 -0.352114 0 0 0   -0.011 -0.02329  0.04412   0.351273  -0.077551 -0.0628994 -0.00233077 -0.00139151 -0.00495995 0.00961313 -0.0843923  0.0359066  -1.8743 -1.95091 -9.42854  5992
               214.7 -0.0936739    9.11646   -41.8426   5.05916  -3.03888 -0.353389 0 0 0   -0.011 -0.02329  0.04412   0.309217    -0.1194 -0.0427824 -0.00231386 -0.00141032 -0.00497092 0.00986173 -0.0842611  0.0352352 -1.87436 -1.95094 -9.42852  5999
               214.8 -0.626839   9.85714  -41.9225   5.08199  -3.04809 -0.355962 0 0 0   -0.011 -0.02329  0.04412   0.171919  -0.044386 -0.0126573 -0.00233245 -0.00140371 -0.00496637   0.010122 -0.0839918  0.0352927 -1.87441 -1.95096 -9.42851  5961
               214.9 -1.73213  7.86471 -40.4001  5.09213 -3.04818 -0.36233 0 0 0   -0.011 -0.02329  0.04412  0.0993482 -0.0267655 -0.0379557 -0.00230686 -0.00136905 -0.00499745  0.0104959 -0.0841122  0.0358304 -1.87443 -1.95089 -9.42852  5945
                 215 -2.82432  7.24631 -38.9136   5.10138  -3.05387 -0.368709 0 0 0   -0.011 -0.02329  0.04412   0.113271  -0.044209 -0.0735922 -0.00227788 -0.00140499 -0.00499974  0.0103969 -0.0838477  0.0360152 -1.87443 -1.95092 -9.42852  5993
               215.1 -4.57355  8.19536   -36.61    5.1155   -3.0595 -0.372462 0 0 0   -0.011 -0.02329  0.04412  0.0943234 -0.0590523 -0.0398914  -0.0022569 -0.00147082 -0.00500976  0.0101213 -0.0839529  0.0355614  -1.8744 -1.95095 -9.42852  6039
               215.2 -3.75199  8.71356 -35.8075   5.12041  -3.06646 -0.371917 0 0 0   -0.011 -0.02329  0.04412  0.0133748 -0.0627939  0.0100793 -0.00232512 -0.00146605 -0.00497118 0.0102317 -0.083863 0.0352697 -1.87443 -1.95097 -9.42851  6029
             215.299 -2.29947  8.34629 -35.9476   5.11808  -3.07144 -0.373975 0 0 0   -0.011 -0.02329  0.04412  -0.0303811 -0.00908183  0.00534972 -0.00234077 -0.00144164 -0.00493923  0.0102066 -0.0836168  0.0357357 -1.87442 -1.95098 -9.42851  6061
               215.4 -2.03011  7.34732 -35.6045   5.11567  -3.07162 -0.377817 0 0 0   -0.011 -0.02329  0.04412 -0.0184225  0.0304773 -0.0155366 -0.00230471 -0.00140532  -0.0049651 0.00990832 -0.0834465  0.0362691 -1.87437 -1.95099 -9.42851  5988
               215.5 -2.74684  6.35893  -35.491   5.11387   -3.0692 -0.377556 0 0 0   -0.011 -0.02329  0.04412  -0.0291815   0.0393247 -0.00925949 -0.00227168 -0.00141798 -0.00495368 0.00982427 -0.0832794  0.0359835 -1.87437 -1.95103  -9.4285  6015
               215.6 -2.98955  5.00407 -34.5148    5.1083  -3.06345 -0.381667 0 0 0   -0.011 -0.02329  0.04412 -0.0793654  0.0586557 -0.0157009   -0.002269 -0.00140156 -0.00496151 0.00985548 -0.0834088  0.0364593 -1.87436 -1.95099 -9.42852  5998
               215.7 -2.88763  3.34501 -32.9515   5.10214  -3.05519 -0.380781 0 0 0   -0.011 -0.02329  0.04412  -0.0815379   0.0685221 -0.00530764 -0.00224608 -0.00141611 -0.00498123 0.00983979 -0.0838064  0.0361198 -1.87435 -1.95095 -9.42852  6025
             215.799 -2.49527 0.831346 -31.6238   5.09366  -3.04504 -0.380715 0 0 0   -0.011 -0.02329  0.04412  -0.136545   0.112906 -0.0105567 -0.00226219 -0.00138666 -0.00496987 0.00975894 -0.0841554  0.0360128 -1.87434 -1.95092 -9.42854  6048
               215.9 -2.40971 -3.20354 -30.3721   5.07851  -3.03085 -0.380447 0 0 0   -0.011 -0.02329  0.04412  -0.138542   0.145284 -0.0110579 -0.00223473 -0.00136683 -0.00497976 0.00994925 -0.0842658  0.0357959 -1.87437  -1.9509 -9.42853  5954
             215.999 -2.98978 -6.02273 -30.1473   5.06671  -3.02209 -0.380826 0 0 0   -0.011 -0.02329  0.04412  -0.0746801    0.101493 -0.00738504 -0.00217883 -0.00138308 -0.00499524 0.00974256 -0.0836158  0.0357384 -1.87436   -1.951 -9.42851  5961
             216.099 -3.58558 -7.47838 -29.9726   5.05976  -3.01324 -0.376319 0 0 0   -0.011 -0.02329  0.04412 -0.0490135  0.0874417 0.00959506 -0.00216804 -0.00141002 -0.00498583 0.00983368 -0.0834237  0.0350277 -1.87441 -1.95104  -9.4285  5945
             216.199 -4.07347  -8.4507 -29.4623   5.05591  -3.00527 -0.373434 0 0 0   -0.011 -0.02329  0.04412 -0.0390937  0.0774494  0.0179203 -0.00216089 -0.00141463 -0.00500964 0.00975117 -0.0834052  0.0347842 -1.87441 -1.95105 -9.42849  6005
             216.299 -4.17489 -9.41021 -29.0403  5.05118 -2.99967 -0.36724 0 0 0   -0.011 -0.02329  0.04412 -0.0489133  0.0728236  0.0373953 -0.00216657 -0.00141932 -0.00501157 0.00963271 -0.0830866   0.034223 -1.87444  -1.9511 -9.42848  5962
               216.4 -4.16326 -10.7242 -28.7368   5.04434  -2.99343 -0.366586 0 0 0   -0.011 -0.02329  0.04412 -0.063081 0.0759292 0.0210977 -0.00215514 -0.00141771 -0.00500704 0.00973429 -0.0828497  0.0346212 -1.87443 -1.95113 -9.42847  5954
               216.5  -4.1018 -12.1826 -28.4991   5.03477  -2.99005 -0.364712 0 0 0   -0.011 -0.02329  0.04412 -0.0773328   0.066767  0.0157164 -0.00213729 -0.00141004 -0.00502301 0.00979885 -0.0821347  0.0346565 -1.87445 -1.95122 -9.42845  5927
             216.599 -4.41263 -13.5138 -28.1171   5.02761  -2.98438 -0.365707 0 0 0   -0.011 -0.02329  0.04412 -0.0544637  0.0787901 0.00274935 -0.00212654 -0.00141549 -0.00501992 0.00976117 -0.0818968  0.0350322 -1.87441 -1.95125 -9.42845  5975
               216.7 -5.12706 -14.4125 -27.5588   5.02242  -2.97356 -0.367664 0 0 0   -0.011 -0.02329  0.04412  -0.0432784   0.0878149 -0.00655937 -0.00211412 -0.00143283  -0.0050214  0.0100459 -0.0822474  0.0352593 -1.87443  -1.9512 -9.42846  5933
               216.8 -5.71952 -14.9354 -26.6723   5.01255  -2.96697 -0.371013 0 0 0   -0.011 -0.02329  0.04412 -0.0576393  0.0688264 -0.0172673 -0.00209957 -0.00146205  -0.0050242  0.0107526 -0.0817497  0.0355338 -1.87451 -1.95124 -9.42843  5963
               216.9 -5.87652 -15.6852 -26.6429   5.00622  -2.96101 -0.369471 0 0 0   -0.011 -0.02329  0.04412  -0.0641585    0.062137 -0.00611536 -0.00211252 -0.00146943 -0.00502964  0.0106626 -0.0816385  0.0350565 -1.87454 -1.95125 -9.42842  5954
                 217 -5.31963 -18.1532 -30.2082   4.99829  -2.95298 -0.370987 0 0 0   -0.011 -0.02329  0.04412 -0.0710447  0.0961771 -0.0258883 -0.00210844 -0.00146899 -0.00498016  0.0107953 -0.0816108  0.0350017 -1.87456 -1.95125 -9.42842  5954
             217.099 -4.37139 -21.6583 -35.7863   4.98846  -2.94516 -0.374461 0 0 0   -0.011 -0.02329  0.04412 -0.0806503   0.105727 -0.0343777 -0.00209429 -0.00146512 -0.00497755  0.0109802 -0.0811537  0.0350678 -1.87458 -1.95131  -9.4284  5963
               217.2 -4.16848 -24.6688 -40.0222   4.98242   -2.9392 -0.377625 0 0 0   -0.011 -0.02329  0.04412 -0.0538745  0.0834115 -0.0309926 -0.00207286 -0.00146416 -0.00501401  0.0106088 -0.0806392  0.0352642 -1.87453  -1.9514  -9.4284  5984
             217.299 -3.44377 -26.9793 -44.0934   4.97728  -2.93427 -0.380956 0 0 0   -0.011 -0.02329  0.04412 -0.0344338  0.0581124 -0.0236571  -0.0020634 -0.00148305 -0.00501268  0.0105351 -0.0803058  0.0354386 -1.87452 -1.95145 -9.42839  5936
               217.4 -2.13576 -28.6272 -48.3009   4.97605   -2.9291 -0.382581 0 0 0   -0.011 -0.02329  0.04412 -0.0114443  0.0487145 -0.0168478 -0.00206745   -0.001499 -0.00501645   0.010367 -0.0803815  0.0354248  -1.8745 -1.95145 -9.42839  5926
             217.499 -0.924772  -29.7477  -51.5243   4.97346  -2.92507 -0.381152 0 0 0   -0.011 -0.02329  0.04412  -0.0153591   0.0410205 -0.00497189 -0.00206252 -0.00151509 -0.00503773  0.0102808 -0.0801738  0.0349377 -1.87455 -1.95145 -9.42838  5956
             217.599 -0.100286  -30.7389  -53.8017   4.97074  -2.92326 -0.382324 0 0 0   -0.011 -0.02329  0.04412 -0.00384048   0.0319532  -0.0112068 -0.00206323 -0.00151645 -0.00506021  0.0102849 -0.0797424  0.0350233 -1.87457  -1.9515 -9.42837  5924
             217.699 0.431834  -31.385 -55.3898   4.96835  -2.92073 -0.379642 0 0 0   -0.011 -0.02329  0.04412 -0.00206119   0.0213761  0.00962103 -0.00204688 -0.00151435 -0.00508329   0.010202 -0.0794901  0.0344358 -1.87465  -1.9515 -9.42835  6014
             217.799 0.994752  -31.886 -57.0675   4.96787  -2.91923 -0.378832 0 0 0   -0.011 -0.02329  0.04412   0.017836  0.0224651 0.00462021 -0.00205976 -0.00150594 -0.00507469  0.0102381 -0.0792545  0.0344187 -1.87467 -1.95151 -9.42835  5979
               217.9   1.5716 -32.3625 -59.4849    4.9686  -2.91655 -0.379868 0 0 0   -0.011 -0.02329  0.04412   0.0370444   0.0178644 0.000752862 -0.00204097 -0.00152714 -0.00505545  0.0105607 -0.0790437   0.034479  -1.8747  -1.9515 -9.42834  5977
             217.999  2.97913 -32.4433 -63.3722   4.96915  -2.91749 -0.381003 0 0 0   -0.011 -0.02329  0.04412  0.0353457 -0.0102164 0.00125465 -0.00202928 -0.00154683 -0.00501784 0.0108025  -0.07849 0.0346322 -1.87474 -1.95152 -9.42833  5950
               218.1   5.5095 -32.5763 -68.6632   4.97195  -2.92024 -0.381108 0 0 0   -0.011 -0.02329  0.04412   0.0393747  -0.0170925 -0.00630064 -0.00205991 -0.00152514 -0.00499433  0.0107005 -0.0782816  0.0346878 -1.87475 -1.95155 -9.42832  5957
             218.199  7.37706 -32.7702 -73.3467   4.97143  -2.92427 -0.381425 0 0 0   -0.011 -0.02329  0.04412   0.0446159  -0.0183677 -0.00927572  -0.0020429 -0.00153055 -0.00501558  0.0106594 -0.0774776  0.0345494 -1.87483 -1.95159  -9.4283  5981
               218.3  8.82284 -33.0653 -78.1693    4.9784  -2.92508 -0.383519 0 0 0   -0.011 -0.02329  0.04412   0.0809342 0.000643834  -0.0212099 -0.00205817 -0.00151881 -0.00500054  0.0107181 -0.0775942  0.0347008 -1.87481 -1.95158  -9.4283  5988
               218.4  9.78475  -33.716 -83.0155   4.98378  -2.92632 -0.385554 0 0 0   -0.011 -0.02329  0.04412   0.0685877 -0.00987182  -0.0275867 -0.00204565 -0.00151702 -0.00501146  0.0106634 -0.0771866  0.0345931 -1.87486 -1.95159 -9.42829  5979
             218.499  10.9507 -34.2828  -87.099   4.98922  -2.92702 -0.383445 0 0 0   -0.011 -0.02329  0.04412  0.0634778 -0.0190901 0.00272914 -0.00205452 -0.00149999 -0.00500576  0.0104115 -0.0771718  0.0338857 -1.87493 -1.95157 -9.42828  6008
             218.599  11.8338  -34.393 -90.3932   4.99429  -2.93338 -0.379171 0 0 0   -0.011 -0.02329  0.04412   0.059815 -0.0475582  0.0283175 -0.00207104 -0.00149438 -0.00502052 0.00974034 -0.0769788  0.0336431 -1.87499 -1.95163 -9.42826  6017
             218.699  13.0549 -34.1291 -93.6621   5.00109  -2.94128 -0.376577 0 0 0   -0.011 -0.02329  0.04412  0.0649128 -0.0642333  0.0266535 -0.00210241 -0.00148635 -0.00502717 0.00948333 -0.0770265  0.0339306 -1.87497 -1.95168 -9.42825  6011
               218.8  14.7883 -33.9097 -98.1199   5.00439  -2.94698 -0.372846 0 0 0   -0.011 -0.02329  0.04412  0.0682824 -0.0443407   0.023191 -0.00208941 -0.00148818 -0.00502894 0.00931844 -0.0765553  0.0335981 -1.87505 -1.95166 -9.42824  5958
             218.899  17.1757 -34.1242 -104.493   5.00977  -2.94745 -0.376097 0 0 0   -0.011 -0.02329  0.04412   0.0756347  -0.0152605 -0.00435347 -0.00209189 -0.00145204 -0.00499337  0.0100466 -0.0761121  0.0339435 -1.87503 -1.95159 -9.42826  5972
             218.999   18.777 -34.2202 -109.503   5.01253  -2.94969 -0.377062 0 0 0   -0.011 -0.02329  0.04412    0.041023  -0.0189218 -0.00065542 -0.00208282 -0.00144935 -0.00501763 0.00997025  -0.075541  0.0339699 -1.87509 -1.95158 -9.42825  5994
               219.1  19.4192 -34.0363 -111.419   5.01228  -2.95082 -0.377199 0 0 0   -0.011 -0.02329  0.04412 0.00580083  -0.016222 0.00516206 -0.00209935  -0.0014794 -0.00508266  0.0100429 -0.0751193  0.0338716 -1.87513 -1.95154 -9.42825  5961
             219.199  19.4193 -33.8327 -111.882   5.01137  -2.95075 -0.377958 0 0 0   -0.011 -0.02329  0.04412  0.0148437  -0.011692 0.00551247 -0.00209577 -0.00149741 -0.00512838  0.0102675 -0.0747584    0.03387 -1.87514 -1.95149 -9.42826  6015
             219.299  19.3238 -33.5411 -112.747   5.01423  -2.95537 -0.376099 0 0 0   -0.011 -0.02329  0.04412 0.0343587   -0.0255 0.0119538 -0.00211765 -0.00148981 -0.00511451 0.00984563 -0.0749562  0.0339963 -1.87516 -1.95155 -9.42824  6003
               219.4  19.0492 -33.1729 -113.523   5.01495  -2.95736 -0.373774 0 0 0   -0.011 -0.02329  0.04412  0.0250443 -0.0289112  0.0230666 -0.00210012 -0.00150448 -0.00509579 0.00969016 -0.0746053  0.0337153 -1.87523 -1.95151 -9.42823  6003
             219.499  18.6817  -32.513 -114.056   5.01648  -2.96216 -0.373212 0 0 0   -0.011 -0.02329  0.04412   0.029914 -0.0506218  0.0246966 -0.00210567 -0.00152045 -0.00509704 0.00971579 -0.0743878  0.0340725 -1.87522 -1.95152 -9.42823  6014
               219.6  18.4646 -31.4887 -114.764    5.0186  -2.96567 -0.373043 0 0 0   -0.011 -0.02329  0.04412  0.0186908 -0.0623385   0.021367 -0.00213164 -0.00151999 -0.00510101 0.0101395 -0.074138 0.0341635 -1.87519 -1.95147 -9.42825  6006
             219.699  17.9376 -29.6178 -114.316   5.01956  -2.97676 -0.367951 0 0 0   -0.011 -0.02329  0.04412 -0.00258581   -0.120079    0.055574 -0.00215883 -0.00153711 -0.00508029  0.0097449 -0.0743193  0.0341539 -1.87522 -1.95152 -9.42823  5994
             219.799  17.1146 -26.5945 -112.696   5.01437  -2.99178 -0.362698 0 0 0   -0.011 -0.02329  0.04412 -0.0230253   -0.15476   0.062446 -0.00216688 -0.00155795 -0.00510947 0.00947196 -0.0738036  0.0343146 -1.87529 -1.95151 -9.42822  6063
               219.9  16.6612 -23.1598 -112.783   5.01266  -3.00817 -0.358056 0 0 0   -0.011 -0.02329  0.04412 0.00678873  -0.160318  0.0499066 -0.00218512 -0.00156607 -0.00507757 0.00946272 -0.0736812  0.0345138 -1.87529 -1.95152 -9.42822  6034
                 220  15.6401 -20.1941 -113.668   5.01352  -3.02191 -0.351672 0 0 0   -0.011 -0.02329  0.04412 0.0167448 -0.124232 0.0399264 -0.00221936 -0.00155281   -0.005056 0.00939066 -0.0735898  0.0341385 -1.87533 -1.95149 -9.42822  5953
               220.1  15.0934 -18.5201 -114.216   5.01234   -3.0358 -0.349042 0 0 0   -0.011 -0.02329  0.04412 0.00581396  -0.105701  0.0187554 -0.00224964 -0.00154241 -0.00506194 0.00895671 -0.0734436  0.0343135 -1.87538 -1.95153  -9.4282  6007
               220.2  14.2802 -17.5154 -113.666   5.01288  -3.04272 -0.349485 0 0 0   -0.011 -0.02329  0.04412   0.013065 -0.0700757 0.00135553 -0.00226135 -0.00154359 -0.00507857 0.00928594 -0.0731533  0.0343972 -1.87536 -1.95147 -9.42822  6002
             220.299  13.4649 -16.6455 -112.328  5.01566 -3.04884 -0.34804 0 0 0   -0.011 -0.02329  0.04412  0.0229444 -0.0620164 0.00698691 -0.00229252 -0.00155433 -0.00507965 0.00934567 -0.0733133  0.0342041 -1.87535 -1.95147 -9.42822  6010
               220.4   12.566 -15.7613 -110.468  5.01089 -3.05271  -0.3483 0 0 0   -0.011 -0.02329  0.04412  0.00672838  -0.0369441 -0.00291219 -0.00228949 -0.00155663 -0.00509058 0.00914829 -0.0723066  0.0340358 -1.87547 -1.95138 -9.42821  5966
             220.499  11.2184 -15.4722 -107.655   5.01423  -3.05677 -0.345738 0 0 0   -0.011 -0.02329  0.04412    0.045229   -0.022741 0.000834704 -0.00228811 -0.00154333 -0.00512168 0.00892822 -0.0725692  0.0336655 -1.87549 -1.95141  -9.4282  5971
             220.599  9.75576 -15.5821 -104.349   5.02225  -3.05872 -0.347472 0 0 0   -0.011 -0.02329  0.04412  0.0679405 -0.0157531 -0.0137359  -0.0023164 -0.00154869 -0.00513103 0.00908778 -0.0728964  0.0339426 -1.87543 -1.95144 -9.42821  6017
               220.7  8.33748 -15.2991 -101.028   5.02977  -3.06235 -0.351618 0 0 0   -0.011 -0.02329  0.04412  0.0849328 -0.0323616 -0.0261862 -0.00231699 -0.00156774 -0.00511245 0.00901135 -0.0729113  0.0344231 -1.87541 -1.95146 -9.42821  5984
             220.799  6.77142 -14.5756 -97.7759   5.04148  -3.06492 -0.351137 0 0 0   -0.011 -0.02329  0.04412   0.102999 -0.0348266 -0.0115636 -0.00234146 -0.00158756 -0.00509547 0.00912372 -0.0732563  0.0340153 -1.87539 -1.95147 -9.42821  5980
             220.899  5.35794 -13.5022  -94.761  5.04753 -3.06809 -0.35134 0 0 0   -0.011 -0.02329  0.04412   0.0834064  -0.0295862 -0.00842385 -0.00233692 -0.00160073 -0.00508728 0.00897676 -0.0727447  0.0337824 -1.87546 -1.95144  -9.4282  6014
             220.999  4.27498 -12.5312 -92.2119   5.05497  -3.07086 -0.354628 0 0 0   -0.011 -0.02329  0.04412  0.0805353  -0.022705 -0.0219871 -0.00234201 -0.00160362 -0.00509286 0.00902636 -0.0726177  0.0341049 -1.87545 -1.95143 -9.42821  6012
               221.1  3.28048 -11.8702 -90.3669   5.06118  -3.07379 -0.356386 0 0 0   -0.011 -0.02329  0.04412  0.0643282  -0.015793 -0.0193525 -0.00235514 -0.00161314 -0.00508038  0.0088139 -0.0724499  0.0340618 -1.87549 -1.95145  -9.4282  6019
               221.2  2.54784 -11.5851 -89.1172   5.06631  -3.07739 -0.356602 0 0 0   -0.011 -0.02329  0.04412  0.0426609   -0.01199 -0.0110793 -0.00236599 -0.00160447 -0.00505764 0.00841264 -0.0724388  0.0339193 -1.87551 -1.95149 -9.42818  6002
               221.3  2.24827 -12.7054 -88.2832   5.06654  -3.07598 -0.355981 0 0 0   -0.011 -0.02329  0.04412 -0.00172487   0.0442375  -0.0103871 -0.00235039 -0.00157785 -0.00505949 0.00830056  -0.072128  0.0335446 -1.87557 -1.95149 -9.42817  5982
               221.4 2.33421 -14.964 -88.573   5.06761  -3.07065 -0.358648 0 0 0   -0.011 -0.02329  0.04412 -0.00591996   0.0706733  -0.0241923 -0.00235527 -0.00155056 -0.00503537 0.00832714 -0.0723517  0.0337962 -1.87553  -1.9515 -9.42818  5929
             221.499  2.52366 -17.9187   -88.77   5.06534   -3.0594 -0.362503 0 0 0   -0.011 -0.02329  0.04412 -0.0237243   0.095439 -0.0237641 -0.00232984  -0.0015408 -0.00505163 0.00877005 -0.0722363   0.033873 -1.87553 -1.95144 -9.42819  5969
             221.599  2.83227 -19.8302 -88.9386  5.06166 -3.05148 -0.36596 0 0 0   -0.011 -0.02329  0.04412  -0.024573   0.066637 -0.0189704 -0.00231061 -0.00156496 -0.00506086 0.00877588 -0.0720608  0.0341005 -1.87553 -1.95144 -9.42819  6040
               221.7  3.56746 -20.8348 -90.4594   5.05874  -3.04352 -0.366793 0 0 0   -0.011 -0.02329  0.04412  -0.0200307   0.0487079 -0.00663871  -0.0023067 -0.00158397 -0.00502825 0.00911458 -0.0719532   0.033898 -1.87555 -1.95139  -9.4282  6009
             221.799  4.78805 -21.3551 -93.6844   5.05672  -3.04197 -0.367638 0 0 0   -0.011 -0.02329  0.04412  -0.0151477   0.0258017 -0.00357844 -0.00228509 -0.00159325 -0.00499245 0.00883241 -0.0719087  0.0340735 -1.87555 -1.95143 -9.42819  6027
             221.899  6.57417 -21.9821 -98.2119   5.05665  -3.03924 -0.369338 0 0 0   -0.011 -0.02329  0.04412 -0.00265332    0.033239  -0.0155916 -0.00229846 -0.00157198 -0.00495329 0.00888128 -0.0720562  0.0342354 -1.87553 -1.95143 -9.42819  6008
                 222  8.18328 -23.0609 -102.827   5.05791  -3.03222 -0.370252 0 0 0   -0.011 -0.02329  0.04412  0.0155694  0.0672814 -0.0199296 -0.00229325 -0.00155353 -0.00496665 0.00913712 -0.0721314  0.0339416 -1.87552 -1.95139  -9.4282  5967
             222.099  9.37377 -24.2643 -106.315   5.06099  -3.02677 -0.372088 0 0 0   -0.011 -0.02329  0.04412  0.0200208  0.0622532 -0.0159645 -0.00229464 -0.00155713 -0.00497352 0.00897831 -0.0723352  0.0340308 -1.87551 -1.95143  -9.4282  6028
               222.2  10.0294 -24.9021 -107.642   5.05537  -3.02197 -0.372133 0 0 0   -0.011 -0.02329  0.04412 -0.0260108  0.0486572  0.0012568 -0.00226891 -0.00154453 -0.00501023 0.00865102 -0.0715213   0.033833 -1.87562  -1.9514 -9.42818  6011
             222.299  10.4168 -25.0002 -107.463   5.05351  -3.01911 -0.369415 0 0 0   -0.011 -0.02329  0.04412 -0.0203159  0.0362174  0.0143047 -0.00226976 -0.00156082 -0.00502991 0.00835107 -0.0717119  0.0336108 -1.87563 -1.95143 -9.42817  6016
             222.399  10.5134 -25.3469 -107.027   5.04976  -3.01423 -0.370705 0 0 0   -0.011 -0.02329  0.04412  -0.0121575   0.0537641 -0.00551767 -0.00225915 -0.00155714 -0.00502774 0.00845981 -0.0713153  0.0338416 -1.87565  -1.9514 -9.42817  5992
               222.5  10.3454 -26.0952 -106.366   5.04791  -3.00896 -0.369654 0 0 0   -0.011 -0.02329  0.04412 -0.00933616   0.0578516 9.23227e-05 -0.00225509 -0.00155034 -0.00502458 0.00825849 -0.0712254  0.0336048 -1.87569  -1.9514 -9.42817  5976
               222.6   10.332 -27.0295 -105.891   5.04732  -3.00253 -0.371735 0 0 0   -0.011 -0.02329  0.04412 -0.00668869   0.0737755   -0.017648 -0.00225691 -0.00154806 -0.00503405 0.00840939 -0.0712189  0.0338414 -1.87566  -1.9514 -9.42817  5967
             222.699  10.3385 -28.3142 -105.101   5.04817  -2.99575 -0.372476 0 0 0   -0.011 -0.02329  0.04412 0.00200491  0.0710181 -0.0126733 -0.00226171 -0.00153778 -0.00504236 0.00829222 -0.0714384  0.0337678 -1.87566 -1.95142 -9.42817  6028
               222.8  9.96824  -29.044 -103.497   5.04578  -2.98778 -0.375781 0 0 0   -0.011 -0.02329  0.04412 -0.00207372   0.0545949  -0.0123827 -0.00225159 -0.00155805 -0.00503571  0.0085758 -0.0709688  0.0339732 -1.87567 -1.95137 -9.42818  5988
               222.9  8.95939 -29.1737 -101.113   5.04385  -2.98609 -0.375406 0 0 0   -0.011 -0.02329  0.04412  -0.0054612    0.029557 -0.00210643 -0.00222795 -0.00157276 -0.00506782 0.00810662 -0.0708225  0.0339795 -1.87572  -1.9514 -9.42816  6043
                 223  8.00808 -29.2704 -97.9833   5.04336  -2.98345 -0.373658 0 0 0   -0.011 -0.02329  0.04412 -0.0105787   0.034187 0.00318308 -0.00224855  -0.0015698 -0.00507224 0.00789784 -0.0709332  0.0337451 -1.87573 -1.95142 -9.42815  6049
               223.1  6.90167 -29.3937 -93.8094   5.04237  -2.97652 -0.374218 0 0 0   -0.011 -0.02329  0.04412  -0.00751746    0.0460909 -0.000351295  -0.0022616 -0.00157988 -0.00509178 0.00832242 -0.0708378  0.0336076 -1.87572 -1.95136 -9.42817  6033
               223.2  5.75408 -29.0427 -89.5217   5.03795  -2.97224 -0.377081 0 0 0   -0.011 -0.02329  0.04412 -0.0127684  0.0280419 -0.0061638 -0.00224323 -0.00159905 -0.00509112 0.00853706 -0.0702553  0.0339548 -1.87574 -1.95133 -9.42817  6056
               223.3  4.69861 -28.1715 -85.5716   5.03702  -2.97013 -0.375293 0 0 0   -0.011 -0.02329  0.04412 0.000681391   0.0114323   0.0147503 -0.00226916 -0.00159089 -0.00507672 0.00841779 -0.0702351  0.0336855 -1.87577 -1.95133 -9.42817  5976
             223.399     3.51 -26.8054 -81.4555  5.03603 -2.96988 -0.37472 0 0 0   -0.011 -0.02329  0.04412 -0.00464766  0.00129231  0.00915633 -0.00224865 -0.00162724 -0.00507489 0.00842795 -0.0701019  0.0338353 -1.87577 -1.95133 -9.42816  6039
               223.5  2.52383 -25.5271 -77.2253   5.03146  -2.97279 -0.374686 0 0 0   -0.011 -0.02329  0.04412 -0.0157945 -0.0133069 0.00184208 -0.00226354 -0.00160975 -0.00507311 0.00817276 -0.0695236  0.0340403 -1.87582 -1.95136 -9.42815  6029
             223.599  1.48134 -24.4913 -73.0916   5.02816  -2.97701 -0.370394 0 0 0   -0.011 -0.02329  0.04412 -0.0197674 -0.0253031  0.0149617 -0.00226005 -0.00161091 -0.00506282 0.00758158 -0.0692759  0.0335843 -1.87588 -1.95139 -9.42813  6014
             223.699 0.749584 -23.8175 -69.6168   5.02775   -2.9783 -0.371628 0 0 0   -0.011 -0.02329  0.04412 -0.00535754  -0.0187795 -0.00295004 -0.00227005 -0.00160585  -0.0050348 0.00782657 -0.0694385   0.033883 -1.87585 -1.95138 -9.42814  6028
             223.799 0.336905 -23.6233 -67.4592   5.02389  -2.98182 -0.372442 0 0 0   -0.011 -0.02329  0.04412  -0.0112282  -0.0222213 -0.00893379 -0.00224487 -0.00160962 -0.00503445 0.00775676 -0.0689141  0.0339243 -1.87589  -1.9514 -9.42813  6003
               223.9 0.584946 -24.0559 -67.0517   5.02492  -2.98205 -0.372535 0 0 0   -0.011 -0.02329  0.04412  0.00248659 -0.00103672   -0.012369 -0.00226036 -0.00157613 -0.00497975 0.00776737 -0.0691975  0.0337403 -1.87588 -1.95138 -9.42813  5994
                 224 0.802021 -24.7401  -67.513   5.02378   -2.9776 -0.373099 0 0 0   -0.011 -0.02329  0.04412  0.00846962   0.0206771 -0.00545237 -0.00223321 -0.00158157 -0.00497962 0.00829091  -0.069146  0.0333595 -1.87593 -1.95132 -9.42813  6015
             224.099 0.945745 -25.3654 -67.9348   5.02226  -2.97395 -0.373169 0 0 0   -0.011 -0.02329  0.04412 -0.00394107   0.0377755 -0.00682892  -0.0022336 -0.00158141 -0.00497711 0.00848165 -0.0689285   0.033123 -1.87597 -1.95131 -9.42813  6063
               224.2  1.20544  -26.306 -68.4554   5.01934  -2.96894 -0.376516 0 0 0   -0.011 -0.02329  0.04412 -0.0190271  0.0559268 -0.0206261 -0.00222822 -0.00158397 -0.00497283  0.0087706 -0.0686828  0.0333604 -1.87598  -1.9513 -9.42813  5946
             224.299   1.8077 -27.2585 -69.3775   5.01824  -2.96603 -0.379887 0 0 0   -0.011 -0.02329  0.04412 -0.00292233   0.0387742  -0.0197122 -0.00223716 -0.00158203 -0.00495806 0.00858109  -0.068614  0.0337432 -1.87595 -1.95133 -9.42813  6039
             224.399   2.2701 -27.6223 -71.0032  5.01623  -2.9656 -0.37708 0 0 0   -0.011 -0.02329  0.04412  0.0108748 0.00471361  0.0145079  -0.0022092 -0.00159677 -0.00495217 0.00820027 -0.0681339  0.0331997 -1.87602 -1.95137 -9.42811  5988
             224.499  3.37747 -27.1773 -74.6079   5.01454  -2.96903 -0.373006 0 0 0   -0.011 -0.02329  0.04412  0.0174871 -0.0549579  0.0480874 -0.00219933  -0.0016049 -0.00489743 0.00809149 -0.0675908  0.0329268 -1.87608 -1.95138 -9.42809  5991
             224.599  4.76597 -24.7486 -78.3083   5.01732  -2.97812 -0.368617 0 0 0   -0.011 -0.02329  0.04412 0.0319983 -0.117573 0.0668768 -0.00222186 -0.00165055 -0.00488546 0.00814365 -0.0676152  0.0332575 -1.87606 -1.95139 -9.42809  5971
             224.699     5.49 -20.7269 -80.9695   5.0202 -2.99476 -0.36185 0 0 0   -0.011 -0.02329  0.04412 0.0425182 -0.179388 0.0764856 -0.00224596 -0.00165516 -0.00489709  0.0079681 -0.0673973  0.0334362 -1.87606 -1.95142 -9.42809  6002
               224.8   5.8063 -15.3888 -83.5017   5.02514  -3.01873 -0.355781 0 0 0   -0.011 -0.02329  0.04412 0.0568981 -0.225181 0.0639014 -0.00230695 -0.00165059 -0.00488229 0.00757488 -0.0672678  0.0338838 -1.87604 -1.95148 -9.42808  5995
               224.9  5.23168 -10.2089 -84.8042     5.032  -3.04307 -0.349639 0 0 0   -0.011 -0.02329  0.04412 0.0458331 -0.203421 0.0342895 -0.00234936 -0.00163796 -0.00489134 0.00717103  -0.067421  0.0338805 -1.87602 -1.95152 -9.42807  6028
                 225  4.81461 -7.08415 -83.9811   5.03595  -3.05978 -0.343728 0 0 0   -0.011 -0.02329  0.04412 0.0432185 -0.145754 0.0299917 -0.00241252 -0.00161625  -0.0049116 0.00706873 -0.0674405   0.033305 -1.87606 -1.95153 -9.42807  5974
             225.099   4.0979 -4.40127 -82.7618   5.03861  -3.07335 -0.341579 0 0 0   -0.011 -0.02329  0.04412 0.0471518 -0.121566 0.0179761 -0.00243386 -0.00161879  -0.0048974 0.00716276 -0.0671016  0.0333026 -1.87609 -1.95151 -9.42806  6034
             225.199  3.39043 -2.48884 -81.6852   5.04054  -3.08213 -0.342341 0 0 0   -0.011 -0.02329  0.04412   0.0370853  -0.0799033 0.000603139 -0.00244809 -0.00160799 -0.00488317 0.00749241 -0.0667144  0.0334907 -1.87611 -1.95147 -9.42807  6006
             225.299  2.67103 -1.22165 -80.7818   5.04168  -3.08697 -0.343754 0 0 0   -0.011 -0.02329  0.04412   0.0297444  -0.0402967 -0.00970512 -0.00244399 -0.00160826 -0.00487757  0.0077824 -0.0663533  0.0335798 -1.87614 -1.95143 -9.42807  6059
               225.4   1.82493 -0.432272   -78.661   5.04638  -3.08852 -0.344343 0 0 0   -0.011 -0.02329  0.04412   0.0396623 -0.00473481  -0.0124828 -0.00245709 -0.00160967  -0.0049002 0.00786434 -0.0665719  0.0335125 -1.87613 -1.95143 -9.42807  6010
             225.499 0.788904 0.276968 -75.2484   5.05127  -3.09297 -0.345889 0 0 0   -0.011 -0.02329  0.04412  0.0503292 -0.0127326 -0.0164104 -0.00245002 -0.00161591 -0.00492015 0.00721194 -0.0665878   0.033574 -1.87611 -1.95149 -9.42806  6048
             225.599 -0.52153 0.929145 -71.7614   5.05869  -3.09209 -0.351263 0 0 0   -0.011 -0.02329  0.04412  0.0634061  0.0117412 -0.0352785  -0.0024438 -0.00163106 -0.00491318 0.00729474  -0.066836  0.0340586 -1.87607 -1.95146 -9.42808  6039
               225.7 -1.48612 0.524124   -69.08   5.06631  -3.08722 -0.351971 0 0 0   -0.011 -0.02329  0.04412  0.0294897  0.0743429 -0.0237144 -0.00246386  -0.0016116 -0.00488284  0.0074068 -0.0673108  0.0337215 -1.87605 -1.95146 -9.42808  6057
               225.8 -1.98778 -2.03885 -67.5329   5.06372  -3.07528 -0.359701 0 0 0   -0.011 -0.02329  0.04412 -0.0286976   0.125203 -0.0461822 -0.00244817 -0.00157719 -0.00485499 0.00776914  -0.066978  0.0344109 -1.87607 -1.95141 -9.42809  6056
             225.899  -1.9243 -5.31065 -66.3985   5.05981  -3.06249 -0.361671 0 0 0   -0.011 -0.02329  0.04412 -0.0553889   0.134847 -0.0361792 -0.00244224 -0.00155913 -0.00485127 0.00772846 -0.0670186  0.0340663 -1.87607 -1.95142 -9.42809  6031
             225.999 -1.83846 -8.56135 -64.8888   5.05003  -3.04723 -0.359615 0 0 0   -0.011 -0.02329  0.04412 -0.0879509   0.155304 -0.0175903 -0.00240738 -0.00157264 -0.00485932 0.00807565 -0.0666301  0.0332941 -1.87615 -1.95143 -9.42807  6059
               226.1 -1.98295 -11.9654 -63.0532   5.03957  -3.03216 -0.359084 0 0 0   -0.011 -0.02329  0.04412   -0.10076   0.158491 -0.0111286 -0.00236788 -0.00156272 -0.00487491 0.00800611 -0.0664236  0.0329712 -1.87617 -1.95146 -9.42806  6004
             226.199  -2.2439 -15.0825 -61.3229   5.03643  -3.01513 -0.361185 0 0 0   -0.011 -0.02329  0.04412 -0.0625307   0.159702 -0.0207609 -0.00234509 -0.00157241 -0.00489107 0.00775402 -0.0672779   0.033135 -1.87608 -1.95144 -9.42808  6025
               226.3 -2.55568 -17.8284 -60.2084  5.02975 -2.99964 -0.36284 0 0 0   -0.011 -0.02329  0.04412 -0.0486022   0.146878 -0.0171496 -0.00231233 -0.00159044 -0.00490272 0.00781087 -0.0671414  0.0330423  -1.8761 -1.95144 -9.42808  6003
               226.4 -2.71912 -19.9406 -59.8734   5.02602  -2.98759 -0.363975 0 0 0   -0.011 -0.02329  0.04412   -0.02682   0.122717 -0.0133152 -0.00230424 -0.00160455 -0.00487897 0.00759839 -0.0670492  0.0330495 -1.87609 -1.95146 -9.42807  5975
             226.499 -3.30019 -21.5021 -58.8245    5.0213   -2.9748 -0.367905 0 0 0   -0.011 -0.02329  0.04412  -0.025642   0.115352 -0.0255984 -0.00228079 -0.00162694 -0.00490326 0.00798636 -0.0668336  0.0333006 -1.87612 -1.95145 -9.42807  6086
               226.6 -4.07957 -22.5342  -56.759   5.01511  -2.96422 -0.372647 0 0 0   -0.011 -0.02329  0.04412 -0.0319994  0.0988446 -0.0273705 -0.00226842 -0.00166011 -0.00492109 0.00830768 -0.0663845  0.0335639 -1.87615 -1.95146 -9.42806  6024
               226.7 -4.43569 -22.5379 -54.2602   5.00979  -2.95897 -0.374136 0 0 0   -0.011 -0.02329  0.04412  -0.0265772   0.0528749 -0.00616754 -0.00226382 -0.00168049 -0.00494529 0.00822808 -0.0658866  0.0336113 -1.87618 -1.95149 -9.42805  6023
             226.799 -4.76165 -21.9187 -50.9726    5.0079  -2.95282 -0.373024 0 0 0   -0.011 -0.02329  0.04412  -0.0185693   0.0542534 -0.00329895 -0.00226774 -0.00168118 -0.00494785 0.00822634 -0.0659961  0.0332717 -1.87619 -1.95148 -9.42805  6052
               226.9 -5.38218 -21.0877 -46.9069   5.00878  -2.95174 -0.372986 0 0 0   -0.011 -0.02329  0.04412  0.00585645   0.0359366 -0.00582415 -0.00227136 -0.00168408 -0.00496894 0.00762666 -0.0658837  0.0334892 -1.87614 -1.95153 -9.42805  5989
             226.999 -5.70471 -20.1361 -43.3698   5.00859    -2.949 -0.373152 0 0 0   -0.011 -0.02329  0.04412  0.00940101   0.0267444 -0.00135888 -0.00226668 -0.00169067  -0.0049437  0.0076481 -0.0657214  0.0334419 -1.87616 -1.95154 -9.42804  6044
             227.099 -5.58821 -19.3908 -41.4355   5.00932  -2.94802 -0.370536 0 0 0   -0.011 -0.02329  0.04412   0.046219 0.00744848  0.0123215 -0.00226607 -0.00166266 -0.00489006 0.00754897 -0.0653962  0.0330002 -1.87619 -1.95157 -9.42803  6022
             227.199 -5.78692 -17.0474 -41.1196     5.016  -2.94971 -0.366677 0 0 0   -0.011 -0.02329  0.04412    0.13651 -0.0488166  0.0662647 -0.00226065 -0.00169066 -0.00487076 0.00767708 -0.0651471  0.0328134 -1.87622 -1.95158 -9.42802  6020
             227.299 -5.87211 -10.3229 -41.9546  5.03235 -2.96068 -0.35829 0 0 0   -0.011 -0.02329  0.04412  0.203404 -0.151389 0.0931666  -0.0022768 -0.00173552 -0.00485413 0.00777255 -0.0648897  0.0328756 -1.87624 -1.95161 -9.42801  5987
             227.399 -5.55132  -2.4339 -41.9291  5.05054 -2.98181 -0.35265 0 0 0   -0.011 -0.02329  0.04412  0.161788 -0.173506 0.0384072 -0.00233157 -0.00173899 -0.00484306 0.00744151 -0.0643271  0.0332838 -1.87619 -1.95168 -9.42801  6027
               227.5 -5.31077  3.56015 -40.5523   5.06609  -2.99879 -0.358302 0 0 0   -0.011 -0.02329  0.04412   0.147591  -0.149127 -0.0275032 -0.00241305 -0.00172638 -0.00483818 0.00741388 -0.0643645  0.0343698 -1.87613 -1.95168 -9.42802  6069
               227.6 -5.40557   8.6769 -40.0695   5.07574  -3.01379 -0.369064 0 0 0   -0.011 -0.02329  0.04412    0.10857  -0.141901 -0.0693128 -0.00242231 -0.00172671 -0.00480541  0.0079437 -0.0640618  0.0352939 -1.87617 -1.95168 -9.42801  5985
             227.699 -5.20533  12.2321  -40.515   5.08418  -3.02604 -0.372318 0 0 0   -0.011 -0.02329  0.04412  0.0669366  -0.131616 -0.0568597 -0.00248579 -0.00169587 -0.00477186   0.008169 -0.0641042  0.0347935 -1.87621 -1.95168   -9.428  6075
             227.799 -4.65032   14.899 -42.1682   5.08643  -3.04092 -0.372052 0 0 0   -0.011 -0.02329  0.04412  0.0271099  -0.158885 -0.0298356 -0.00251473 -0.00168189 -0.00472398 0.00859405 -0.0636796  0.0341416 -1.87627 -1.95174 -9.42798  5939
             227.899 -4.11342  15.9279 -46.9827   5.08914   -3.0535 -0.364898 0 0 0   -0.011 -0.02329  0.04412 -0.0180682  -0.139836   0.021564 -0.00256942 -0.00163237 -0.00463935 0.00891403 -0.0640398  0.0329531  -1.8763 -1.95175 -9.42797  5952
             227.999  -3.7579  13.8423 -57.2916   5.08664  -3.06318 -0.359422 0 0 0   -0.011 -0.02329  0.04412 -0.0850083  -0.111048  0.0508678 -0.00264884 -0.00153331 -0.00449963 0.00904521 -0.0647104  0.0326577  -1.8763 -1.95169 -9.42798  5955
             228.099 -2.37762  10.6741 -67.9713   5.07955  -3.07217 -0.357399 0 0 0   -0.011 -0.02329  0.04412  -0.107987 -0.0800382   0.042421 -0.00268534 -0.00148189 -0.00455817 0.00866043 -0.0651882  0.0330385 -1.87624 -1.95164 -9.42801  5983
             228.199 -0.540997   8.07283  -76.2646   5.06649  -3.08052 -0.349173 0 0 0   -0.011 -0.02329  0.04412  -0.124355 -0.0619642  0.0588372 -0.00265959 -0.00143757 -0.00467158 0.00878716 -0.0648516  0.0325347 -1.87627 -1.95169 -9.42799  5959
               228.3  1.19382  6.33522 -82.3301   5.05573  -3.08683 -0.345121 0 0 0   -0.011 -0.02329  0.04412  -0.105053 -0.0405612  0.0441721 -0.00264013 -0.00139577 -0.00475808 0.00849914 -0.0649063  0.0326846 -1.87624  -1.9517 -9.42799  5979
               228.4  2.57486  5.02936 -87.4902   5.04684  -3.08715 -0.342718 0 0 0   -0.011 -0.02329  0.04412 -0.0829539 -0.0027785  0.0299426 -0.00261725 -0.00138992 -0.00478828 0.00871026 -0.0651051  0.0329423 -1.87623 -1.95166   -9.428  6040
               228.5  3.41016  3.81285 -91.4042  5.03962 -3.08609 -0.34193 0 0 0   -0.011 -0.02329  0.04412 -0.0607977  0.0244195  0.0173656 -0.00260579  -0.0013535 -0.00484003 0.00865845 -0.0650793  0.0332078 -1.87623 -1.95165 -9.42801  6043
               228.6   4.0656    2.573 -93.9121   5.03283   -3.0832 -0.340369 0 0 0   -0.011 -0.02329  0.04412  -0.05141 0.0391841 0.0133157 -0.00259016 -0.00133585 -0.00485948 0.00860814 -0.0648923  0.0331867 -1.87624 -1.95165   -9.428  5971
             228.699  4.61512  1.55844 -95.5301   5.03156   -3.0822 -0.340606 0 0 0   -0.011 -0.02329  0.04412 -0.0168695  0.0153703 0.00391023 -0.00260382 -0.00132768 -0.00487925 0.00824758 -0.0653251  0.0334101 -1.87621 -1.95169   -9.428  6074
             228.799  4.63991  1.41491 -95.9937   5.03341  -3.08051 -0.343874 0 0 0   -0.011 -0.02329  0.04412     0.01479 0.000335069   -0.014977 -0.00259954 -0.00134864 -0.00488087  0.0083859 -0.0656561  0.0339451 -1.87615 -1.95167 -9.42802  6007
               228.9  4.30385  1.91414 -95.1476   5.03608   -3.0811 -0.346225 0 0 0   -0.011 -0.02329  0.04412    0.0428269 -0.000558317   -0.0207208 -0.00260023 -0.00135286  -0.0048954 0.00834499 -0.0656467  0.0340268 -1.87615 -1.95167 -9.42802  6015
             228.999   3.2594  2.72607 -91.4913   5.04445    -3.079 -0.347195 0 0 0   -0.011 -0.02329  0.04412   0.109685  0.0192615 -0.0270728  -0.0025876 -0.00136254  -0.0049507 0.00850372 -0.0657837   0.033782 -1.87614 -1.95167 -9.42802  6057
             229.099  1.16741  4.88316 -86.4818   5.05629    -3.079 -0.347528 0 0 0   -0.011 -0.02329  0.04412    0.143501 -0.00249039  -0.0238116 -0.00257452 -0.00141109 -0.00496232 0.00841263 -0.0656801   0.033349 -1.87617 -1.95169 -9.42801  5978
             229.199 -0.868524   7.72824  -80.8435   5.07121  -3.08003 -0.356237 0 0 0   -0.011 -0.02329  0.04412   0.138473  0.0244312 -0.0563349 -0.00258312 -0.00146235 -0.00496393 0.00802468 -0.0657449  0.0341156 -1.87615 -1.95169 -9.42801  5987
               229.3 -1.94127  9.47823 -77.0201   5.08349   -3.0793 -0.362002 0 0 0   -0.011 -0.02329  0.04412    0.11333  0.0232318 -0.0543954 -0.00262618  -0.0014594 -0.00490493  0.0076952 -0.0656874  0.0341263 -1.87616 -1.95172 -9.42801  5972
               229.4  -2.3882  10.9339 -75.9929   5.09462  -3.07668 -0.366947 0 0 0   -0.011 -0.02329  0.04412    0.107792 -0.00979936  -0.0575374  -0.0026652 -0.00147127 -0.00482672 0.00797034 -0.0657425  0.0340654 -1.87615  -1.9517 -9.42801  5938
               229.5  -3.1374  13.8562 -77.2414   5.10416  -3.08134 -0.372275 0 0 0   -0.011 -0.02329  0.04412   0.115095  -0.079474 -0.0702849 -0.00267094 -0.00153314 -0.00475873 0.00808546 -0.0654583  0.0339082 -1.87618  -1.9517   -9.428  5917
             229.599 -4.36606  16.9522  -79.236   5.11534  -3.08948 -0.381674 0 0 0   -0.011 -0.02329  0.04412  0.0943308 -0.0716226 -0.0795727 -0.00268043 -0.00152048 -0.00472445 0.00801998 -0.0655088  0.0341606 -1.87617 -1.95169 -9.42801  5921
             229.699 -5.03925  18.4066 -80.3548   5.12419  -3.08922 -0.387352 0 0 0   -0.011 -0.02329  0.04412  0.0463998  0.0135965 -0.0572031 -0.00272338 -0.00151741 -0.00473847 0.0085306 -0.065873  0.034073 -1.87616 -1.95166 -9.42802  5954
             229.799 -5.65612  19.1411  -78.937   5.13132  -3.08208 -0.388623 0 0 0   -0.011 -0.02329  0.04412  0.0383219  0.0671053 -0.0225088 -0.00272696 -0.00149499 -0.00476842 0.00904538 -0.0664086  0.0336915 -1.87613 -1.95165 -9.42803  5936
               229.9 -6.82626  20.5944 -74.1874   5.13279  -3.07751 -0.388929 0 0 0   -0.011 -0.02329  0.04412 -0.00364212   0.0717434  0.00104806 -0.00269461  -0.0015136 -0.00480597 0.00873226  -0.066222  0.0334541 -1.87614 -1.95169 -9.42802  5858
             229.999  -8.4443  22.4187 -67.0015  5.13295 -3.06945 -0.38931 0 0 0   -0.011 -0.02329  0.04412 -0.0448563  0.0993537  0.0185904 -0.00268989 -0.00156265 -0.00482391 0.00855353 -0.0665494  0.0335958 -1.87611 -1.95168 -9.42802  5861
               230.1 -9.86114  22.9278 -58.8129   5.11994  -3.06068 -0.387102 0 0 0   -0.011 -0.02329  0.04412 -0.199307 0.0979249 0.0676062  -0.0026771 -0.00159689 -0.00482336 0.00823328 -0.0662446  0.0338562 -1.87612 -1.95169 -9.42802  5821
             230.199 -10.4785  21.3777 -52.4607   5.09193  -3.05223 -0.376324 0 0 0   -0.011 -0.02329  0.04412 -0.349862 0.0492586  0.109727 -0.00266277 -0.00160444 -0.00478831 0.00857696  -0.066115  0.0336754 -1.87615 -1.95169 -9.42801  5877
             230.299 -10.8101  17.6106 -47.6113   5.04946  -3.04902 -0.365983 0 0 0   -0.011 -0.02329  0.04412 -0.508969 0.0314529   0.14404 -0.00265838 -0.00160634 -0.00474162  0.0083864 -0.0661385  0.0339818 -1.87614 -1.95167 -9.42802  5911
               230.4 -10.5662  10.2236 -41.1731   4.99404  -3.04845 -0.351722 0 0 0   -0.011 -0.02329  0.04412 -0.627187 0.0139872  0.125131 -0.00259979 -0.00156771  -0.0047661 0.00775493 -0.0661798  0.0338418 -1.87608  -1.9517 -9.42803  5930
             230.499 -10.6796  3.10325 -34.8655   4.93592  -3.05116 -0.349597 0 0 0   -0.011 -0.02329  0.04412  -0.566793 -0.0358584 0.00620943 -0.00252852  -0.0016159 -0.00478127 0.00708977 -0.0664769    0.03436 -1.87602 -1.95166 -9.42805  6127
               230.6 -11.1658 -2.41634 -30.0572    4.8884  -3.05245 -0.350937 0 0 0   -0.011 -0.02329  0.04412  -0.422639 -0.0383519   0.023719  -0.0024783 -0.00167136 -0.00477329 0.00683702 -0.0671653   0.034618 -1.87599 -1.95158 -9.42807  6069
             230.699 -11.1201 -5.19234 -28.7617   4.85172   -3.0487 -0.339845 0 0 0   -0.011 -0.02329  0.04412 -0.333679 0.0171237  0.066826 -0.00245767 -0.00174474 -0.00473167 0.00755247 -0.0676917  0.0336115 -1.87606 -1.95154 -9.42806  6134
             230.799 -10.8191 -6.71144 -27.0736   4.82077  -3.04152 -0.324479 0 0 0   -0.011 -0.02329  0.04412  -0.29406 0.0704671 0.0919253 -0.00246227 -0.00176976 -0.00475035 0.00791793 -0.0679095  0.0323528 -1.87612 -1.95152 -9.42805  6081
               230.9 -10.6141 -5.42633 -20.8746  4.79437 -3.03455 -0.31575 0 0 0   -0.011 -0.02329  0.04412 -0.244501  0.102088  0.087701 -0.00246463 -0.00183467 -0.00490888 0.00770382 -0.0676974  0.0324782 -1.87608 -1.95155 -9.42806  6063
                 231  -10.1368 -0.198021   -7.6655   4.76961  -3.02244 -0.310068 0 0 0   -0.011 -0.02329  0.04412  -0.19226  0.186778 0.0411068 -0.00246241 -0.00190275 -0.00504602 0.00803872 -0.0674455  0.0327084 -1.87611 -1.95159 -9.42804  6056
             231.099 -10.0154   7.0788  9.54459   4.74631  -3.00044 -0.309955 0 0 0   -0.011 -0.02329  0.04412 -0.228735  0.243485  0.017307 -0.00244546 -0.00196481 -0.00506642 0.00840417 -0.0672316   0.033138 -1.87614 -1.95163 -9.42803  6102
             231.199 -6.8567 11.2968 23.9068   4.71992  -2.98008 -0.312496 0 0 0   -0.011 -0.02329  0.04412   -0.233836    0.227004 -0.00394909 -0.00247762 -0.00200656 -0.00502358 0.00882503 -0.0667987  0.0337967 -1.87615 -1.95171 -9.42801  6118
             231.299 -3.28281  12.9932  34.3117   4.70312  -2.95641 -0.310352 0 0 0   -0.011 -0.02329  0.04412   -0.185856    0.251636 -0.00623541 -0.00245997 -0.00200092 -0.00495685 0.00812897 -0.0665887  0.0333589 -1.87603 -1.95167 -9.42804  6144
             231.399 0.505625  14.0672   42.247  4.68371 -2.93245 -0.31242 0 0 0   -0.011 -0.02329  0.04412  -0.172001   0.261265 -0.0052615 -0.00245886 -0.00200934 -0.00491997 0.00848386 -0.0664201  0.0336451 -1.87605 -1.95174 -9.42802  6158
               231.5 4.56908 14.6045 48.4248    4.6676  -2.90846 -0.308895 0 0 0   -0.011 -0.02329  0.04412   -0.184485    0.250691 0.000493325 -0.00246773 -0.00200598 -0.00488093 0.00858945 -0.0660267  0.0331048 -1.87599 -1.95181 -9.42802  6131
             231.599 8.19044 14.8235  54.405    4.6444  -2.88315 -0.309074 0 0 0   -0.011 -0.02329  0.04412   -0.246464    0.250242 0.000895711 -0.00245349 -0.00199996 -0.00486013 0.00882502 -0.0662895  0.0331245 -1.87606 -1.95183   -9.428  6119
               231.7 11.5519 14.0675 61.2382   4.61697  -2.86135 -0.312324 0 0 0   -0.011 -0.02329  0.04412  -0.285054   0.205192 -0.0145422 -0.00243989 -0.00199107 -0.00487508 0.00893962 -0.0661988  0.0335808 -1.87605 -1.95185   -9.428  6132
               231.8  14.734 12.7171 69.4072    4.5838  -2.84331 -0.309521 0 0 0   -0.011 -0.02329  0.04412  -0.314165   0.168861 -0.0157821  -0.0024365 -0.00201108 -0.00488335   0.009575 -0.0667555  0.0329941  -1.8762 -1.95197 -9.42795  6113
             231.899 17.5858 11.3627 78.1846   4.55254  -2.82791 -0.310945 0 0 0   -0.011 -0.02329  0.04412   -0.261053    0.155852 -0.00769489 -0.00243445 -0.00203716 -0.00486938 0.00985338  -0.067037  0.0330856 -1.87627 -1.95201 -9.42792  6117
                 232 19.9899 10.4858 84.9649   4.52866  -2.81306 -0.309217 0 0 0   -0.011 -0.02329  0.04412 -0.197715  0.159272 0.0181407 -0.00244286 -0.00205994  -0.0048064  0.0101163 -0.0671996  0.0329144 -1.87631 -1.95207  -9.4279  6118
               232.1 21.4709 10.1708 89.3643  4.51895 -2.79745 -0.30454 0 0 0   -0.011 -0.02329  0.04412 -0.108982  0.173288 0.0206742 -0.00241887 -0.00206621 -0.00472605  0.0102007 -0.0661892  0.0323219 -1.87605  -1.9521 -9.42795  6113
               232.2 22.2827 10.7283 92.0438   4.51085   -2.7787 -0.305757 0 0 0   -0.011 -0.02329  0.04412 -0.0642288   0.211855 -0.0249867 -0.00241599 -0.00207376 -0.00465944  0.0101932 -0.0659679  0.0324745 -1.87601 -1.95209 -9.42796  6086
             232.299 22.6336 11.8833  94.285   4.50773   -2.7552 -0.311784 0 0 0   -0.011 -0.02329  0.04412 -0.0101393   0.261231 -0.0586673 -0.00241428 -0.00208118 -0.00463022  0.0101063 -0.0656369  0.0327098 -1.87594 -1.95206 -9.42798  6110
             232.399 23.2403 13.2259  97.054    4.5115  -2.72685 -0.323201 0 0 0   -0.011 -0.02329  0.04412 0.0586014    0.3204 -0.120994 -0.00242167 -0.00208967 -0.00463351   0.010105 -0.0650352  0.0331136 -1.87581 -1.95204 -9.42801  6104
               232.5  24.534 15.0505 99.3157   4.51774  -2.68942 -0.338838 0 0 0   -0.011 -0.02329  0.04412 0.0902124  0.411794 -0.185562 -0.00243356 -0.00207418  -0.0046168 0.00977116   -0.06527  0.0332216 -1.87589 -1.95197 -9.42801  6058
             232.599 25.8065  18.044 100.263   4.52645  -2.64485 -0.354243 0 0 0   -0.011 -0.02329  0.04412  0.112985  0.518283 -0.206635 -0.00248273  -0.0020841  -0.0046079  0.0102865 -0.0659414  0.0326829   -1.876 -1.95212 -9.42796  6075
               232.7 27.5052 22.6314 100.835   4.54134  -2.58898 -0.373192 0 0 0   -0.011 -0.02329  0.04412  0.184888  0.618861 -0.191571 -0.00249879 -0.00208041 -0.00458973  0.0106321 -0.0660429  0.0323991 -1.87599 -1.95219 -9.42794  6070
               232.8  30.151  28.522 101.793   4.56628  -2.52238 -0.389127 0 0 0   -0.011 -0.02329  0.04412  0.253315  0.700396 -0.164418 -0.00253378 -0.00207635  -0.0045772  0.0106924 -0.0655415  0.0321165 -1.87586 -1.95218 -9.42797  6019
             232.899 32.9184 34.5414 102.561   4.59127  -2.45242 -0.407365 0 0 0   -0.011 -0.02329  0.04412  0.233843  0.669596 -0.201025 -0.00258136  -0.0020628 -0.00457128  0.0106147 -0.0655785  0.0320298 -1.87587 -1.95216 -9.42797  6045
                 233 34.7595 38.0055 102.752   4.61014  -2.39065 -0.427819 0 0 0   -0.011 -0.02329  0.04412  0.178819  0.568241 -0.189623 -0.00262002 -0.00198004 -0.00459468  0.0105182 -0.0659092    0.03229 -1.87596 -1.95216 -9.42795  5937
               233.1 36.3864 39.5729 103.648   4.62581  -2.33573 -0.445589 0 0 0   -0.011 -0.02329  0.04412  0.131032  0.524044 -0.150647 -0.00264724 -0.00194114 -0.00462451  0.0103738 -0.0658827  0.0323033 -1.87597 -1.95213 -9.42796  5899
             233.199 37.3002 40.8053 104.193   4.63045  -2.29128 -0.458771 0 0 0   -0.011 -0.02329  0.04412 0.0675882  0.459116 -0.111213 -0.00267444 -0.00191915 -0.00461718  0.0108829 -0.0665621  0.0331226 -1.87613 -1.95231 -9.42789  5877
               233.3 36.1336 40.9294 101.786    4.6361  -2.24919 -0.468442 0 0 0   -0.011 -0.02329  0.04412  0.0654995   0.351825 -0.0744396 -0.00265783 -0.00187519 -0.00460583  0.0106756 -0.0667202   0.033119 -1.87617 -1.95227 -9.42789  5889
               233.4 31.2186 40.0631 91.9991    4.6418  -2.22248 -0.474353 0 0 0   -0.011 -0.02329  0.04412   0.109645   0.226543 -0.0422486 -0.00267298 -0.00176122 -0.00451421  0.0107717 -0.0669088  0.0335216 -1.87623 -1.95233 -9.42787  5906
             233.499 24.6549 39.1797 73.4722  4.65431  -2.2039 -0.47987 0 0 0   -0.011 -0.02329  0.04412   0.139206   0.158554 -0.0591455 -0.00273162 -0.00166257 -0.00439559  0.0107258 -0.0670264  0.0336222 -1.87627 -1.95233 -9.42786  5848
               233.6 17.7973  36.959 50.8066   4.66393  -2.18715 -0.484113 0 0 0   -0.011 -0.02329  0.04412  0.0541362   0.149034 -0.0161526 -0.00278748 -0.00157384 -0.00438352  0.0105322 -0.0673193  0.0334984 -1.87633 -1.95228 -9.42786  5818
               233.7 12.4464 32.1512 30.4437    4.6666  -2.16318 -0.485478 0 0 0   -0.011 -0.02329  0.04412 -0.043811  0.261904 0.0299693 -0.00278612 -0.00143997 -0.00447135  0.0097413 -0.0671642  0.0332358 -1.87627  -1.9521  -9.4279  5823
             233.801 8.68253 26.8653 15.2471   4.65808  -2.13173 -0.486115 0 0 0   -0.011 -0.02329  0.04412 -0.0668004   0.374155  0.0276038 -0.00276396 -0.00134603 -0.00454605 0.00940642 -0.0671557  0.0339481 -1.87631 -1.95206  -9.4279  5841
               233.9 6.12991 22.3015 5.14437    4.6485  -2.09155 -0.485928 0 0 0   -0.011 -0.02329  0.04412 -0.0619606    0.40664 -0.0439454 -0.00272599 -0.00130566 -0.00463564 0.00961172 -0.0675373  0.0341241 -1.87641 -1.95207 -9.42788  5859
                 234   4.44484   18.5429 -0.815469   4.64464     -2.05 -0.496618 0 0 0   -0.011 -0.02329  0.04412 0.0140089  0.385851 -0.117343 -0.00269454 -0.00127914 -0.00471031  0.0093982 -0.0677193  0.0344393 -1.87644 -1.95201 -9.42789  5852
             234.099   4.44984    18.543 -0.812124   4.64482  -2.04943 -0.497438 0 0 0   -0.011 -0.02329  0.04412 0.0150195  0.388452 -0.121185  -0.0026967 -0.00127929 -0.00471202 0.00928042 -0.0677614  0.0345251 -1.87643 -1.95199  -9.4279  5852
             234.199   4.45198    18.543 -0.810881    4.6449  -2.04917 -0.497865 0 0 0   -0.011 -0.02329  0.04412 0.0155007  0.389689 -0.123174 -0.00269767 -0.00127935 -0.00471265 0.00922173 -0.0677806  0.0345704 -1.87643 -1.95197  -9.4279  5852
               234.3   4.45325   18.5431 -0.810224   4.64493  -2.04898 -0.498116 0 0 0   -0.011 -0.02329  0.04412 0.0157251  0.390538 -0.124347 -0.00269825 -0.00127943 -0.00471298 0.00918704 -0.0677961  0.0345978 -1.87643 -1.95197  -9.4279  5852
             234.399   4.45407   18.5431 -0.809815   4.64495  -2.04886 -0.498281 0 0 0   -0.011 -0.02329  0.04412 0.0158698   0.39109 -0.125115 -0.00269863 -0.00127947 -0.00471318 0.00916444 -0.0678061  0.0346157 -1.87643 -1.95196  -9.4279  5852
               234.5   4.45468   18.5431 -0.809501   4.64497  -2.04877 -0.498394 0 0 0   -0.011 -0.02329  0.04412 0.0159735  0.391487 -0.125645 -0.00269891 -0.00127949 -0.00471334 0.00914856 -0.0678134  0.0346281 -1.87643 -1.95196  -9.4279  5852
               234.6   4.45513   18.5431 -0.809274   4.64498  -2.04871 -0.498478 0 0 0   -0.011 -0.02329  0.04412 0.0160501   0.39178 -0.126039 -0.00269911 -0.00127951 -0.00471345 0.00913677 -0.0678187  0.0346372 -1.87643 -1.95196  -9.4279  5852
               234.7   4.45535   18.5431 -0.808978   4.64498  -2.04866 -0.498546 0 0 0   -0.011 -0.02329  0.04412 0.0160803  0.392009 -0.126353 -0.00269918 -0.00127948 -0.00471361 0.00912812 -0.0678233   0.034645 -1.87643 -1.95195  -9.4279  5852
             234.799   4.45552    18.543 -0.808744   4.64499  -2.04862 -0.498601 0 0 0   -0.011 -0.02329  0.04412 0.0161089  0.392188 -0.126608 -0.00269924 -0.00127946 -0.00471373  0.0091211 -0.0678267  0.0346513 -1.87643 -1.95195  -9.4279  5852
               234.9   4.45565    18.543 -0.808521   4.64499  -2.04859 -0.498645 0 0 0   -0.011 -0.02329  0.04412 0.0161534  0.392313 -0.126812 -0.00269926 -0.00127944 -0.00471385 0.00911523 -0.0678286   0.034656 -1.87643 -1.95195  -9.4279  5852
                 235   4.45574   18.5429 -0.808333     4.645  -2.04857 -0.498681 0 0 0   -0.011 -0.02329  0.04412 0.0161961  0.392424 -0.126981 -0.00269928 -0.00127943 -0.00471395 0.00911013 -0.0678304  0.0346598 -1.87643 -1.95195  -9.4279  5852
               235.1   4.45589   18.5428 -0.808107   4.64502  -2.04854 -0.498719 0 0 0   -0.011 -0.02329  0.04412  0.016272  0.392547 -0.127158 -0.00269932 -0.00127939 -0.00471407  0.009104 -0.067832 0.0346633 -1.87643 -1.95195  -9.4279  5852
               235.2   4.45602   18.5428 -0.807871   4.64502  -2.04852 -0.498742 0 0 0   -0.011 -0.02329  0.04412 0.0163158  0.392636 -0.127271 -0.00269935 -0.00127939 -0.00471419 0.00910007 -0.0678334  0.0346655 -1.87643 -1.95195  -9.4279  5852
               235.3  -5.02731 -0.457805   -27.972   5.00198  -1.33486 -0.689258 0 0 0   -0.011 -0.02329  0.04412   3.54835   2.52673 -0.373121 -0.00278744 -0.00125811 -0.00471857 0.00834447  -0.068702  0.0346095  -1.8764  -1.9518 -9.42794  4948
               235.4  -5.72291 -0.937401  -27.8629   5.19355  -1.17816 -0.763369 0 0 0   -0.011 -0.02329  0.04412   2.13083    1.7724 -0.613875 -0.00437938 -0.00168548 -0.00362094 0.00676481  -0.068765  0.0337988 -1.87623 -1.95148 -9.42804  4911
             235.499 -6.47328 -1.48392  -26.931   5.22358  -1.14262 -0.809731 0 0 0   -0.011 -0.02329  0.04412  0.823579  0.874436 -0.382429 -0.00331058 -0.00183642 -0.00468605  0.0122297 -0.0515607  0.0257431 -1.87613 -1.95105 -9.42815  4923
             235.601 -5.69052 -1.64729 -25.7107   5.23302  -1.13617 -0.824091 0 0 0   -0.011 -0.02329  0.04412  0.379808  0.489408 -0.182326 -0.00289631 -0.00214436  -0.0052999  0.0177428 -0.0248859  0.0119144 -1.87622 -1.95111 -9.42812  4842
             235.701 -6.31517 -1.19735  -25.212   5.26201  -1.12639 -0.832202 0 0 0   -0.011 -0.02329  0.04412  0.250185  0.287173 -0.140876  -0.0022823 -0.00219913 -0.00515469 0.00752071 -0.0051249 0.00525136 -1.87614  -1.9513  -9.4281  4781
             235.801  -7.20161 -0.369958   -25.416   5.30102  -1.12462 -0.848053 0 0 0   -0.011 -0.02329  0.04412  0.245261   0.12032 -0.155536  -0.0021158 -0.00233507 -0.00455502 -0.0213579 0.00470632  0.0121216 -1.87578 -1.95143 -9.42814  4909
               235.9 -8.22634 0.932349 -25.9641   5.35259    -1.128 -0.865061 0 0 0   -0.011 -0.02329  0.04412  0.325271 0.0448175 -0.126323 -0.00149556 -0.00248648 -0.00448842 -0.0622801 0.00444944  0.0226326 -1.87523 -1.95146 -9.42825  5157
                 236 -9.33821   1.5807 -28.6387   5.41073  -1.12744 -0.870142 0 0 0   -0.011 -0.02329  0.04412  0.381848    0.0447 0.0164396 -0.00174768 -0.00248431 -0.00397707 -0.0994329 -0.0041112  0.0271848 -1.87473 -1.95139 -9.42836  5198
             236.099  -9.1714   1.4755 -31.7205   5.46783  -1.13382 -0.864756 0 0 0   -0.011 -0.02329  0.04412   0.429004 -0.0353735  0.0597328 -0.00201791 -0.00217886 -0.00378878   -0.130442 -0.00582112   0.0276697 -1.87432  -1.9514 -9.42844  5057
             236.199 -6.42189  1.68004 -33.3128   5.52598  -1.14816 -0.863479 0 0 0   -0.011 -0.02329  0.04412    0.48866 -0.0342591  0.0401249 -0.00240756 -0.00215404 -0.00409356    -0.15496 -0.00363617   0.0337779 -1.87399 -1.95147 -9.42849  5098
             236.301 -3.93633 0.598091 -35.9827   5.58629  -1.16218 -0.860167 0 0 0   -0.011 -0.02329  0.04412  0.523827 0.0745183 0.0952212 -0.00220759 -0.00171642 -0.00405415  -0.179892 0.00740534  0.0390648 -1.87367 -1.95165 -9.42852  4972
               236.4  -2.55366 -0.614338  -40.6274   5.65022  -1.14998 -0.847693 0 0 0   -0.011 -0.02329  0.04412 0.583913 0.228913 0.145766  -0.0020898 -0.00165755 -0.00376689  -0.193171 0.00416013  0.0396453  -1.8735 -1.95165 -9.42855  4919
               236.5 -2.43175  1.52064  -44.609   5.72036  -1.12087 -0.825822 0 0 0   -0.011 -0.02329  0.04412  0.625511  0.330975 0.0947454 -0.00223329 -0.00230808 -0.00366929   -0.203808 -0.00385538   0.0251986 -1.87338 -1.95164 -9.42857  4989
             236.601   -3.902   7.7501 -48.5487   5.79279  -1.08411 -0.804193 0 0 0   -0.011 -0.02329  0.04412  0.600328  0.374409 0.0538372 -0.00207928  -0.0038103 -0.00355466  -0.212777 -0.0134034 0.00627952 -1.87329 -1.95165 -9.42859  5008
               236.7 -6.22944  15.4327 -53.5405  5.86097 -1.05772 -0.79133 0 0 0   -0.011 -0.02329  0.04412   0.519374   0.385026 -0.0263431 -0.00218138 -0.00467411 -0.00316657   -0.230721   -0.013814 -0.00714046 -1.87313  -1.9518 -9.42859  4898
               236.8 -9.10474  20.9652 -57.2275   5.91265  -1.02214 -0.804575 0 0 0   -0.011 -0.02329  0.04412  0.332836  0.530303 -0.133777 -0.00258853 -0.00435485 -0.00351253   -0.246752  -0.0141012 -0.00232969 -1.87297 -1.95188 -9.42861  4789
               236.9 -9.39797  23.9105 -59.5453   5.94534 -0.970361 -0.823381 0 0 0   -0.011 -0.02329  0.04412  0.196424    0.6323 -0.157119  -0.0034393 -0.00372041 -0.00377174    -0.257411   -0.0161071 -0.000115505 -1.87287 -1.95193 -9.42862  5016
                 237  -7.4281  25.2951 -61.6035   5.97203 -0.922993 -0.850026 0 0 0   -0.011 -0.02329  0.04412 0.174072  0.66048 -0.16658 -0.00433156 -0.00311213 -0.00393812  -0.281382  -0.014806 0.00642709 -1.87273 -1.95206 -9.42862  5216
               237.1 -5.02662  25.7162 -60.6578   6.00804 -0.875385 -0.867921 0 0 0   -0.011 -0.02329  0.04412  0.215914  0.597029 -0.126577 -0.00428701 -0.00238206 -0.00479657  -0.306335 -0.0222078 0.00365238 -1.87251 -1.95222 -9.42863  5480
               237.2 -4.13709  24.9666  -60.691   6.04187 -0.827248 -0.876973 0 0 0   -0.011 -0.02329  0.04412  0.227597  0.520912 -0.101662 -0.00382358 -0.00199243  -0.0045244   -0.318051  -0.0288228 -0.00308932 -1.87236 -1.95233 -9.42863  5533
             237.301  -4.1225  22.9915 -61.8423   6.07679 -0.789299  -0.88428 0 0 0   -0.011 -0.02329  0.04412   0.23925  0.451231 -0.112259 -0.00369077 -0.00165588 -0.00423157  -0.330942 -0.0331939 -0.0100788 -1.87223 -1.95247 -9.42863  5593
               237.4 -3.36461  19.6207  -63.377   6.11753 -0.754305 -0.890441 0 0 0   -0.011 -0.02329  0.04412 0.291898 0.351024  -0.1811 -0.00391108 -0.00150485 -0.00432704  -0.337518 -0.0429894  -0.022888 -1.87205 -1.95263 -9.42863  5611
               237.5 -3.31696  16.6107 -66.9079   6.16186 -0.727003 -0.899198 0 0 0   -0.011 -0.02329  0.04412  0.319411  0.288362 -0.180038 -0.00366275 -0.00160467 -0.00421206  -0.341924 -0.0526715 -0.0358951 -1.87189 -1.95279 -9.42863  5723
               237.6 -2.79518  12.1171 -69.5266   6.20548 -0.710167 -0.907996 0 0 0   -0.011 -0.02329  0.04412 0.309971 0.252663   -0.125 -0.00355666 -0.00143591 -0.00437215  -0.352182 -0.0583287 -0.0465548 -1.87176 -1.95298 -9.42862  5820
             237.699 -0.976992   5.72807  -69.8968    6.2506 -0.702113 -0.914916 0 0 0   -0.011 -0.02329  0.04412   0.343721   0.125281 -0.0797001 -0.00332097 -0.00124033  -0.0047409  -0.365268 -0.0651834 -0.0542322 -1.87164 -1.95317  -9.4286  5946
             237.801  1.91311  1.51459 -68.2068   6.30306   -0.7055 -0.910763 0 0 0   -0.011 -0.02329  0.04412  0.428509 0.0730469 0.0790166 -0.00313376 -0.00125684 -0.00512568  -0.379817 -0.0740084 -0.0615386 -1.87151  -1.9534 -9.42858  5979
             237.899   2.7241 0.890627 -64.7503   6.35695 -0.700675 -0.900118 0 0 0   -0.011 -0.02329  0.04412  0.442233  0.178966 0.0855154 -0.00289303 -0.00127587 -0.00523944   -0.38931 -0.0805024 -0.0624847 -1.87142 -1.95353 -9.42857  6039
             238.001  2.24972 0.165523 -59.8876   6.40851 -0.681352 -0.898328 0 0 0   -0.011 -0.02329  0.04412   0.412052   0.274134 -0.0146899 -0.00264961 -0.00137802 -0.00537667  -0.396544 -0.0882688 -0.0611386 -1.87132 -1.95362 -9.42858  6005
               238.1   1.20796 -0.883341  -56.1213   6.45714 -0.650937 -0.903776 0 0 0   -0.011 -0.02329  0.04412   0.400354   0.337092 -0.0779512 -0.00254796 -0.00142579  -0.0051845    -0.4004 -0.0948091 -0.0598724 -1.87123 -1.95366 -9.42858  6070
             238.201 0.566124 -2.37572 -54.7767   6.50541 -0.618178 -0.913868 0 0 0   -0.011 -0.02329  0.04412 0.402524 0.360811 -0.13936 -0.00256512 -0.00143482 -0.00488176 -0.406251 -0.101331  -0.05963 -1.87115 -1.95372 -9.42859  6035
               238.3 0.393196 -3.46165 -54.9554   6.55117 -0.591867 -0.933017 0 0 0   -0.011 -0.02329  0.04412 0.404785 0.336111 -0.21192 -0.00253978  -0.0014602 -0.00480447  -0.416568  -0.102201 -0.0573809 -1.87107 -1.95382 -9.42858  6064
               238.4 0.540031 -2.71626 -55.4566   6.59861 -0.568664 -0.957451 0 0 0   -0.011 -0.02329  0.04412  0.438801  0.304164 -0.232667 -0.00240048 -0.00164478 -0.00484531 -0.427137 -0.102508 -0.055362   -1.871 -1.95392 -9.42858  6104
               238.5 -0.351588  0.479273  -54.2301   6.65604  -0.54096 -0.984598 0 0 0   -0.011 -0.02329  0.04412  0.610703  0.334712 -0.200048 -0.00247487 -0.00198483 -0.00495649 -0.434277 -0.105094 -0.049446 -1.87089 -1.95397 -9.42859  6088
             238.601 -3.99458  6.55526 -51.7974   6.73006 -0.515828  -0.99915 0 0 0   -0.011 -0.02329  0.04412  0.700269  0.254086 -0.128202 -0.00224035 -0.00235921 -0.00507122  -0.443041  -0.107708 -0.0495112 -1.87082 -1.95403 -9.42859  6018
             238.701 -6.75429   14.025 -50.9875   6.80069 -0.500794  -1.01114 0 0 0   -0.011 -0.02329  0.04412   0.60819 0.0959739 -0.166032 -0.00262994 -0.00281591 -0.00476843  -0.447458  -0.109054 -0.0517519 -1.87078 -1.95407 -9.42859  5965
             238.801   -7.122    20.53 -51.0427   6.86232 -0.495642  -1.02146 0 0 0   -0.011 -0.02329  0.04412  0.505603 0.0192242 -0.138141 -0.00334151 -0.00303403 -0.00466957  -0.449978  -0.112736 -0.0559673 -1.87075 -1.95408 -9.42859  5894
             238.899 -7.02731  24.7923 -51.5507   6.91727 -0.497202   -1.0247 0 0 0   -0.011 -0.02329  0.04412    0.420075 -0.00289953  -0.0933425  -0.0035034  -0.0027434 -0.00457116  -0.454611  -0.116111 -0.0633143 -1.87068 -1.95413  -9.4286  5932
                 239 -6.64834  27.0661 -52.2951   6.96448 -0.505097  -1.03504 0 0 0   -0.011 -0.02329  0.04412   0.386292 -0.0517952  -0.110885 -0.00381886 -0.00272028 -0.00453059  -0.462285  -0.118358 -0.0643849 -1.87059 -1.95415 -9.42861  5924
               239.1 -7.26472  28.4351 -53.4637   7.00376 -0.527501  -1.04555 0 0 0   -0.011 -0.02329  0.04412  0.346355 -0.173464 -0.113696 -0.00374917 -0.00257545 -0.00447763  -0.469789  -0.114102 -0.0670594 -1.87053 -1.95424  -9.4286  5882
               239.2 -7.11072  29.1222 -54.3052   7.04094 -0.559318  -1.05574 0 0 0   -0.011 -0.02329  0.04412  0.301529 -0.290296 -0.068801 -0.00387852 -0.00254406  -0.0044424  -0.476119  -0.112721 -0.0693454 -1.87047 -1.95429  -9.4286  5877
             239.302 -5.47602  28.1045 -54.7268   7.07822 -0.603976  -1.05522 0 0 0   -0.011 -0.02329  0.04412  0.334592 -0.384067 0.0514756 -0.00395962 -0.00241997 -0.00449643 -0.483845 -0.111473 -0.074028 -1.87037 -1.95437 -9.42861  6022
             239.401 -3.78309  25.4328 -56.5161    7.1183 -0.645928   -1.0389 0 0 0   -0.011 -0.02329  0.04412  0.301787 -0.283087  0.159512  -0.0038775 -0.00223523 -0.00439121   -0.48852  -0.112097 -0.0807882 -1.87026 -1.95447 -9.42861  5856
             239.499 -2.81879  20.8225 -59.7049   7.15689 -0.674178  -1.01654 0 0 0   -0.011 -0.02329  0.04412  0.243879 -0.153036  0.111086 -0.00374498 -0.00200929 -0.00442616   -0.49315  -0.115001 -0.0895936 -1.87013 -1.95457 -9.42861  5968
             239.599 -1.3077 15.9428 -63.323  7.18332 -0.69329 -1.00966 0 0 0   -0.011 -0.02329  0.04412   0.210538 -0.0880323  0.0463839 -0.00363942 -0.00186356 -0.00442912  -0.498988  -0.115203 -0.0912221 -1.87007 -1.95462 -9.42862  5998
               239.7 -0.00616667     12.0125    -66.1822   7.21856 -0.702024  -1.00393 0 0 0   -0.011 -0.02329  0.04412   0.264004 -0.0343434 0.00837619 -0.00347307 -0.00182789 -0.00463502  -0.504412   -0.12181 -0.0949043 -1.86996 -1.95468 -9.42863  5987
             239.799 0.171755  8.73714 -67.7582   7.25351 -0.705484  -1.00373 0 0 0   -0.011 -0.02329  0.04412     0.293163 -0.000454297    -0.053558 -0.00313209 -0.00189259 -0.00485272  -0.507507  -0.125654 -0.0969905  -1.8699 -1.95473 -9.42863  6010
               239.9 0.528211  5.42562 -69.0541  7.29562 -0.71028 -1.00936 0 0 0   -0.011 -0.02329  0.04412  0.325291 0.0154003 -0.114143 -0.00306837 -0.00185419 -0.00496913  -0.514068  -0.131742 -0.0999734 -1.86981 -1.95483 -9.42862  6026
             239.999  1.52439   2.0069 -70.4297   7.34079 -0.714054  -1.01862 0 0 0   -0.011 -0.02329  0.04412  0.382024 0.0228506 -0.105772 -0.00304152 -0.00184252 -0.00504377 -0.520438 -0.137395 -0.102143 -1.86974 -1.95495 -9.42861  6088
               240.1  2.75016 -1.98595 -72.5734   7.38919 -0.714571  -1.02627 0 0 0   -0.011 -0.02329  0.04412   0.393372  0.0950998 -0.0596978  -0.0029467 -0.00173048 -0.00506374  -0.52617 -0.142423 -0.102244 -1.86968 -1.95504  -9.4286  6092
             240.201  4.08185 -9.96644 -74.6963   7.43498 -0.707425  -1.02397 0 0 0   -0.011 -0.02329  0.04412    0.378735    0.147546 -0.00181588 -0.00279391  -0.0013611 -0.00522272 -0.532381  -0.14641 -0.105598 -1.86967 -1.95517 -9.42858  6111
               240.3  3.59343 -17.5055 -76.1666   7.47763 -0.693467  -1.01838 0 0 0   -0.011 -0.02329  0.04412   0.29211  0.100969 0.0156367  -0.0024671 -0.00140246 -0.00539713 -0.534022 -0.152526 -0.108634 -1.86963 -1.95523 -9.42858  6169
               240.4  3.70789 -22.5325 -77.6106   7.50791 -0.683339  -1.00723 0 0 0   -0.011 -0.02329  0.04412 0.185155 0.085431 0.103748 -0.00230848 -0.00148522 -0.00549457 -0.535195 -0.157345 -0.111638 -1.86961 -1.95528 -9.42857  6194
             240.501   4.1632 -26.0548 -79.5106    7.5316 -0.674621 -0.996476 0 0 0   -0.011 -0.02329  0.04412  0.108325 0.0945135  0.114426 -0.00217942 -0.00153322 -0.00548905 -0.536745 -0.163591 -0.109695 -1.86951 -1.95538 -9.42857  6098
             240.599  4.82449 -29.2673 -81.6912   7.54504  -0.66937 -0.995674 0 0 0   -0.011 -0.02329  0.04412 0.0467414 0.0810894 0.0768077 -0.00205108 -0.00159996 -0.00552391 -0.537821 -0.167284 -0.101554 -1.86937 -1.95555 -9.42856  6155
             240.699  4.76686 -32.1164 -83.0358   7.55604 -0.663074  -1.00278 0 0 0   -0.011 -0.02329  0.04412 0.0015711 0.0614545 0.0390772    -0.00203 -0.00178381 -0.00552668   -0.53513  -0.173019 -0.0903526 -1.86912 -1.95577 -9.42857  6129
             240.801  3.85423 -34.6997 -82.6961   7.55968 -0.662522  -1.01084 0 0 0   -0.011 -0.02329  0.04412 -0.0552364  0.0324672   0.028542 -0.00196741 -0.00191112   -0.005612   -0.53378  -0.177067 -0.0798464 -1.86891 -1.95602 -9.42856  6182
             240.901  2.34854  -36.919 -81.1817   7.55756 -0.666911  -1.01988 0 0 0   -0.011 -0.02329  0.04412  -0.109928 -0.0146755  0.0153435 -0.00192853 -0.00209607 -0.00560743  -0.532383  -0.180801 -0.0685395 -1.86869 -1.95631 -9.42854  6143
             240.999  1.54908 -38.0473 -78.9138   7.54756 -0.678543  -1.02245 0 0 0   -0.011 -0.02329  0.04412  -0.167833 -0.0640191   0.030424 -0.00195512 -0.00226581 -0.00576947  -0.534519  -0.183184 -0.0617651 -1.86862 -1.95654  -9.4285  6168
             241.099  1.81703 -38.3993 -76.6897    7.5348 -0.690402  -1.01844 0 0 0   -0.011 -0.02329  0.04412  -0.176598 -0.0516307   0.060265 -0.00201018 -0.00223462 -0.00575192  -0.537147  -0.186198 -0.0580924 -1.86858 -1.95671 -9.42848  6181
               241.2 0.830621 -38.8203 -73.2084   7.52284 -0.701035  -1.01611 0 0 0   -0.011 -0.02329  0.04412  -0.162069 -0.0194781  0.0452463  -0.0019317 -0.00223981 -0.00586597  -0.539583  -0.188858 -0.0525853 -1.86852 -1.95691 -9.42845  6175
             241.301 -1.13493 -39.0844 -68.3585   7.51257 -0.706523  -1.01374 0 0 0   -0.011 -0.02329  0.04412   -0.168335 -0.00928324   0.0505053 -0.00187425 -0.00227481 -0.00601354 -0.541333 -0.192233 -0.048374 -1.86845 -1.95708 -9.42843  6183
             241.401 -2.62743 -38.9466 -63.2076   7.50236 -0.708345  -1.01431 0 0 0   -0.011 -0.02329  0.04412 -0.161768 0.0104438 0.0444899 -0.00185625 -0.00233521 -0.00602657  -0.540531  -0.196165 -0.0433192 -1.86831 -1.95723 -9.42842  6193
             241.501 -4.56884 -38.5519 -57.3179    7.4934 -0.717692  -1.01639 0 0 0   -0.011 -0.02329  0.04412  -0.125956 -0.0125639  0.0499742 -0.00181203 -0.00227792 -0.00609484  -0.542474  -0.198136 -0.0345359 -1.86818  -1.9575 -9.42839  6177
             241.601 -6.79902 -37.3471 -51.3768  7.48456 -0.72597 -1.01694 0 0 0   -0.011 -0.02329  0.04412  -0.112793 -0.0124184   0.045681 -0.00180101 -0.00230752 -0.00598455  -0.543563  -0.198524 -0.0280143 -1.86808 -1.95769 -9.42837  6146
             241.699  -9.2953 -35.5886 -44.6439   7.48073 -0.734789  -1.01703 0 0 0   -0.011 -0.02329  0.04412 -0.0962153  -0.012713  0.0475348 -0.00179916 -0.00235803 -0.00607956  -0.546281  -0.200236 -0.0211413 -1.86795 -1.95788 -9.42836  6188
             241.801 -10.9905 -33.4484 -37.9408   7.47976 -0.742734  -1.01259 0 0 0   -0.011 -0.02329  0.04412 -0.0699736 -0.0143287  0.0829298 -0.00184498 -0.00223824 -0.00604093  -0.550303  -0.202055 -0.0160713 -1.86784 -1.95802 -9.42835  6147
             241.899 -11.0333 -30.7619  -32.578   7.47805 -0.749911  -1.00689 0 0 0   -0.011 -0.02329  0.04412 -0.0526938 -0.0114191  0.0982548 -0.00190856 -0.00222967 -0.00599923  -0.552197  -0.202377 -0.0110108 -1.86774 -1.95814 -9.42835  6232
             242.001 -10.4796 -28.3145 -27.3339   7.47226 -0.761284  -1.00126 0 0 0   -0.011 -0.02329  0.04412  -0.0671095 -0.00504443   0.0770021 -0.00191184 -0.00214983 -0.00599532    -0.55445   -0.198716 -0.00587026 -1.86762 -1.95831 -9.42834  6166
             242.101 -9.67652 -26.4355 -22.4267   7.46672  -0.76636 -0.999676 0 0 0   -0.011 -0.02329  0.04412 -0.0557753  0.0474568  0.0557868 -0.00191757 -0.00207015 -0.00598132    -0.555024    -0.196359 -0.000764781  -1.8675 -1.95844 -9.42833  6179
             242.201 -9.15598 -24.9995 -17.6829  7.46277 -0.76936 -1.00031 0 0 0   -0.011 -0.02329  0.04412 -0.0435895  0.0838688  0.0310621 -0.00189152 -0.00198321 -0.00595991  -0.556507  -0.192421 0.00480452 -1.86733 -1.95861 -9.42833  6171
             242.301 -8.65806 -23.6356  -13.033   7.45844 -0.774751   -1.0004 0 0 0   -0.011 -0.02329  0.04412 -0.0429767   0.077367  0.0294367 -0.00183272 -0.00193606 -0.00594384  -0.558537  -0.185463 0.00967039  -1.8671 -1.95881 -9.42833  6191
             242.401 -7.70122 -22.3685 -8.34495   7.45311 -0.781585  -1.00013 0 0 0   -0.011 -0.02329  0.04412 -0.0524906  0.0549716  0.0285125 -0.00189829 -0.00195237 -0.00587599 -0.560156 -0.178038 0.0137336 -1.86686 -1.95902 -9.42834  6160
             242.501 -6.23563 -21.3559 -4.29534   7.44855 -0.789291 -0.998157 0 0 0   -0.011 -0.02329  0.04412 -0.0527441  0.0544411  0.0234449 -0.00207007 -0.00201759 -0.00570783 -0.561936  -0.17136 0.0161713 -1.86663 -1.95919 -9.42835  6134
             242.601 -5.39599 -21.1733 -1.71872    7.4423 -0.792944 -0.996674 0 0 0   -0.011 -0.02329  0.04412 -0.0634459   0.101297  0.0203317   -0.002093 -0.00199713 -0.00548807 -0.562526 -0.165426 0.0175489 -1.86644 -1.95935 -9.42835  6137
             242.701  -5.36309  -21.2943 0.0527668   7.43657 -0.790317 -0.993104 0 0 0   -0.011 -0.02329  0.04412 -0.0575351   0.136151  0.0423853 -0.00207228 -0.00195468 -0.00536419 -0.563357 -0.160331 0.0180821 -1.86625 -1.95948 -9.42836  6125
             242.801 -5.21397 -21.0481  2.09029   7.43107 -0.790288  -0.99717 0 0 0   -0.011 -0.02329  0.04412 -0.0583092    0.13373  0.0167791 -0.00213034 -0.00198602  -0.0053293 -0.562502 -0.153369 0.0223491 -1.86595  -1.9597 -9.42838  6102
             242.901 -5.19927 -20.7715  4.58564   7.43003 -0.786391 -0.992371 0 0 0   -0.011 -0.02329  0.04412 -0.0381039   0.160679  0.0364046  -0.0021553 -0.00195948  -0.0053049 -0.565094  -0.14716 0.0225887 -1.86567 -1.95981 -9.42841  6142
             243.001 -5.12764 -20.4933  6.51745   7.42644 -0.785291 -0.995163 0 0 0   -0.011 -0.02329  0.04412 -0.0304238   0.166304  0.0222822 -0.00218519 -0.00198234 -0.00522396 -0.563844 -0.138926 0.0260511 -1.86532 -1.96008 -9.42842  6110
             243.101 -5.25405 -19.9478  8.53221   7.42617 -0.788706  -0.99858 0 0 0   -0.011 -0.02329  0.04412 -0.00912111    0.157297  0.00985694 -0.00210937 -0.00197182  -0.0052706 -0.563214 -0.128042 0.0295631 -1.86483  -1.9604 -9.42845  6154
             243.201 -5.64155 -18.9376  10.9048   7.42756 -0.783454 -0.998094 0 0 0   -0.011 -0.02329  0.04412 0.00479485   0.193457  0.0170815 -0.00217563 -0.00199064 -0.00522048   -0.5632 -0.121023 0.0306865 -1.86452  -1.9606 -9.42847  6126
             243.301 -6.09254 -17.8675  13.3849    7.4272 -0.781963  -1.00042 0 0 0   -0.011 -0.02329  0.04412 -0.0149203   0.180762  0.0043645 -0.00218231 -0.00198049 -0.00518662 -0.561449 -0.111479  0.032877 -1.86411 -1.96092 -9.42849  6122
             243.401  -6.116 -17.542 14.5327    7.4268 -0.778415  -1.00088 0 0 0   -0.011 -0.02329  0.04412  -0.0261666    0.192023 0.000923758 -0.00225397 -0.00198138 -0.00507995 -0.560875 -0.103043  0.033908 -1.86373 -1.96117 -9.42851  6136
             243.501 -6.35622 -17.4844  15.4014   7.42564 -0.771589   -1.0068 0 0 0   -0.011 -0.02329  0.04412 -0.0299825   0.217019 -0.0163994 -0.00226566 -0.00193476 -0.00506063  -0.559462 -0.0956942  0.0369625 -1.86336 -1.96141 -9.42853  6123
               243.6 -6.70476 -17.3662  16.1318   7.42484 -0.767208  -1.00525 0 0 0   -0.011 -0.02329  0.04412 -0.0208359   0.212911 0.00352191 -0.00217832 -0.00192134 -0.00502791  -0.558649 -0.0863548  0.0365059 -1.86295  -1.9617 -9.42855  6135
             243.701 -6.92357 -17.1262  16.1176   7.42397 -0.765305  -1.00464 0 0 0   -0.011 -0.02329  0.04412 0.00224855    0.20711  0.0177919 -0.00214856 -0.00195243 -0.00502932  -0.556373 -0.0765462  0.0370748 -1.86252 -1.96206 -9.42856  6136
             243.801   -7.244 -15.5625  14.6413   7.43129 -0.756977  -1.00439 0 0 0   -0.011 -0.02329  0.04412  0.121299   0.26573 0.0375426 -0.00218435 -0.00206982 -0.00485354  -0.554929 -0.0685782  0.0388157 -1.86212 -1.96233 -9.42859  6103
             243.901 -7.56796 -12.4578  11.0899    7.4491 -0.747092  -1.00164 0 0 0   -0.011 -0.02329  0.04412  0.137134  0.229004 0.0309972 -0.00221322 -0.00217961 -0.00470251 -0.554151 -0.059975 0.0402854  -1.8617 -1.96259 -9.42862  6153
             244.001 -7.22381 -11.6151  8.19791   7.45574 -0.744677  -1.00431 0 0 0   -0.011 -0.02329  0.04412  0.0272182   0.152294 0.00104316 -0.00235408 -0.00214421 -0.00467573 -0.550975 -0.052108 0.0424066 -1.86136 -1.96293 -9.42861  6157
             244.101 -6.43629 -12.8482  4.83718   7.45946 -0.746316  -1.00525 0 0 0   -0.011 -0.02329  0.04412 -0.00844133    0.116503 0.000678505 -0.00244255  -0.0020149 -0.00469665  -0.550864 -0.0439715  0.0438806 -1.86096 -1.96315 -9.42864  6161
             244.201  -5.40193  -15.4053 -0.259203   7.45416 -0.753753  -1.00733 0 0 0   -0.011 -0.02329  0.04412  -0.0580867   0.0752524 -0.00595644 -0.00238895 -0.00197163  -0.0046907  -0.548313 -0.0356303   0.045123 -1.86065 -1.96349 -9.42864  6110
               244.3 -3.94593 -18.8261   -7.341   7.44767 -0.758024  -1.00445 0 0 0   -0.011 -0.02329  0.04412 -0.0641064   0.087723  0.0174324 -0.00237017 -0.00190484 -0.00467149  -0.548035 -0.0293577   0.044553 -1.86043 -1.96368 -9.42864  6187
             244.401 -2.53796 -22.0496 -16.3944   7.44269 -0.761756  -1.00087 0 0 0   -0.011 -0.02329  0.04412 -0.0366019   0.093351  0.0352154 -0.00230296 -0.00188849 -0.00465083 -0.548202 -0.022722  0.044709  -1.8602 -1.96387 -9.42865  6149
             244.501 0.00121596   -25.2614   -27.9775   7.43908 -0.763663  -0.99842 0 0 0   -0.011 -0.02329  0.04412 -0.0335829  0.0693145  0.0381295 -0.00229486 -0.00188346 -0.00462471  -0.548398 -0.0178302  0.0458422 -1.86004 -1.96401 -9.42865  6155
             244.601 2.62308 -28.107 -38.796   7.43708 -0.763396 -0.997633 0 0 0   -0.011 -0.02329  0.04412 -0.0355175  0.0747993   0.026894 -0.00231762 -0.00188621 -0.00464195   -0.54923 -0.0151873   0.047522 -1.85994 -1.96408 -9.42865  6164
             244.701  3.72048 -30.4213 -46.0638   7.43595  -0.75984 -0.999639 0 0 0   -0.011 -0.02329  0.04412 -0.0407598  0.0886742  0.0156552 -0.00230226 -0.00195913 -0.00485339  -0.550159 -0.0140354  0.0497311 -1.85986 -1.96412 -9.42866  6099
               244.8   4.3335 -32.2078 -51.8435   7.43955 -0.753326 -0.998522 0 0 0   -0.011 -0.02329  0.04412 -0.0191231   0.101952  0.0263407 -0.00231468 -0.00202179 -0.00493514  -0.552425 -0.0144969  0.0515591  -1.8598 -1.96415 -9.42867  6140
             244.901  4.93741 -33.9117 -57.3217  7.44172 -0.75111 -0.99817 0 0 0   -0.011 -0.02329  0.04412 -0.023921  0.085345 0.0320007 -0.00232361 -0.00207262 -0.00495332  -0.555107 -0.0134229  0.0545332 -1.85972 -1.96424 -9.42866  6173
             245.001  5.62583 -35.1588 -62.2501   7.44624 -0.748703 -0.997608 0 0 0   -0.011 -0.02329  0.04412 -0.0207894  0.0566248  0.0465282 -0.00231955 -0.00213833 -0.00499017  -0.557506 -0.0140811  0.0582478 -1.85964 -1.96435 -9.42866  6155
             245.101  6.68435 -35.6778 -66.4452   7.45162 -0.751149 -0.996343 0 0 0   -0.011 -0.02329  0.04412 -0.0147066   0.010504  0.0583789 -0.00236014 -0.00221802 -0.00504978  -0.560135 -0.0151769  0.0628307 -1.85953 -1.96449 -9.42865  6169
             245.201  7.43064 -34.7566 -69.9197   7.46151 -0.756593 -0.993073 0 0 0   -0.011 -0.02329  0.04412 0.0639381 -0.062193 0.0993313 -0.00239148 -0.00230797 -0.00506036   -0.56165 -0.0174902  0.0673761 -1.85942 -1.96464 -9.42864  6187
             245.301  7.35093 -30.7614 -74.0415   7.47483 -0.776457  -0.98331 0 0 0   -0.011 -0.02329  0.04412  0.119071 -0.222965  0.171633 -0.00231654 -0.00243336 -0.00497996  -0.563435 -0.0175953  0.0713202 -1.85936 -1.96478 -9.42862  6186
             245.401  7.37069 -22.9971 -79.3634   7.49258  -0.80837 -0.966176 0 0 0   -0.011 -0.02329  0.04412 0.0833561 -0.324007  0.190493 -0.00242674 -0.00257447 -0.00490377   -0.56509 -0.0195943  0.0742781  -1.8593 -1.96491 -9.42861  6171
               245.5  8.20053 -16.1977 -83.9979    7.4983 -0.847918 -0.952447 0 0 0   -0.011 -0.02329  0.04412 -0.0705979  -0.282949   0.110045 -0.00263169 -0.00250639   -0.004913 -0.568366 -0.020773 0.0774282 -1.85929 -1.96508 -9.42857  6146
             245.601  9.32033 -12.7737  -86.933   7.49387 -0.876083 -0.948809 0 0 0   -0.011 -0.02329  0.04412 -0.126838 -0.210519 0.0570556 -0.00271921 -0.00240204 -0.00494083  -0.569429 -0.0229741   0.080872 -1.85922 -1.96522 -9.42856  6164
             245.701  9.45938 -10.7846 -88.1554   7.49122 -0.895532 -0.953777 0 0 0   -0.011 -0.02329  0.04412   -0.110734   -0.162211 -0.00234737 -0.00275336 -0.00231976   -0.004982  -0.569332 -0.0271633  0.0853159 -1.85906 -1.96538 -9.42855  6131
             245.801  7.54286 -9.03899 -85.1174   7.49844 -0.909221 -0.959812 0 0 0   -0.011 -0.02329  0.04412  -0.033828   -0.10713 -0.0454262 -0.00276938  -0.0023642 -0.00508352 -0.569724 -0.033847 0.0884566 -1.85888 -1.96562 -9.42854  6107
               245.9   3.6822 -6.80701 -77.3771   7.51014 -0.916432 -0.965495 0 0 0   -0.011 -0.02329  0.04412  0.0319462 -0.0555555 -0.0708719 -0.00271863 -0.00249497 -0.00521906  -0.569593 -0.0393572  0.0894236 -1.85872 -1.96579 -9.42854  6146
             246.001 -0.438015  -4.06872  -68.3367   7.52413 -0.917922 -0.971752 0 0 0   -0.011 -0.02329  0.04412   0.041062  0.0164056 -0.0887751 -0.00271934 -0.00255601 -0.00518997 -0.569952 -0.044046 0.0894676 -1.85861 -1.96594 -9.42853  6069
             246.103 -3.48312 -1.38911 -59.0234   7.53622 -0.913037 -0.977007 0 0 0   -0.011 -0.02329  0.04412  0.0185846  0.0742082 -0.0835017 -0.00275997 -0.00265125 -0.00520921  -0.570837 -0.0481347  0.0888225 -1.85852 -1.96606 -9.42852  6175
             246.201 -5.58901 0.340329 -50.3855   7.54274 -0.902116 -0.975267 0 0 0   -0.011 -0.02329  0.04412 -0.0971609   0.192926 -0.0421229  -0.0027417 -0.00266313 -0.00510148  -0.572532 -0.0513699  0.0859849 -1.85846 -1.96618 -9.42851  6145
             246.301 -6.81568 -4.48775 -38.6204   7.52929 -0.874326 -0.978886 0 0 0   -0.011 -0.02329  0.04412  -0.347877     0.3415 -0.0807149 -0.00277553 -0.00227066 -0.00515715  -0.575315 -0.0549282  0.0857001 -1.85837 -1.96626 -9.42851  6183
             246.401 -8.33111 -10.0886 -27.2731     7.502 -0.843145 -0.980158 0 0 0   -0.011 -0.02329  0.04412 -0.282168   0.28302 -0.072598 -0.00257246  -0.0024126 -0.00519616  -0.576782 -0.0563355  0.0830861 -1.85832  -1.9663 -9.42851  6137
             246.501 -10.3678  -12.986 -19.7805   7.48331 -0.817584 -0.984016 0 0 0   -0.011 -0.02329  0.04412    -0.1881   0.239783 -0.0533343 -0.00242396 -0.00263063 -0.00502201   -0.57866 -0.0573549  0.0822558 -1.85826  -1.9663 -9.42852  6160
             246.601  -11.488 -14.5364  -15.458   7.47248 -0.801013 -0.985527 0 0 0   -0.011 -0.02329  0.04412  -0.105964   0.200281 -0.0141968 -0.00238737 -0.00277031 -0.00489382  -0.581654 -0.0559512  0.0820273 -1.85818 -1.96633 -9.42853  6168
             246.701 -11.8062 -15.2921   -12.82   7.46719 -0.791838 -0.985841 0 0 0   -0.011 -0.02329  0.04412 -0.0480895   0.151484  0.0131416 -0.00237728 -0.00277609 -0.00486865  -0.584375 -0.0529233  0.0831884 -1.85805  -1.9664 -9.42854  6184
             246.801 -11.2536 -16.0814 -12.4575   7.46413 -0.789391 -0.984727 0 0 0   -0.011 -0.02329  0.04412 -0.023918  0.120295 0.0145994 -0.00237583 -0.00275764 -0.00484059  -0.585908 -0.0485346  0.0846823 -1.85791 -1.96651 -9.42855  6089
             246.901 -9.66243 -18.8151 -16.3491   7.46109 -0.788576  -0.97998 0 0 0   -0.011 -0.02329  0.04412 -0.0361449   0.117802  0.0215098  -0.0023273 -0.00268538 -0.00477141  -0.587171 -0.0437703  0.0849296 -1.85777 -1.96663 -9.42855  6180
             247.001 -5.29254 -24.2243 -27.6851   7.45749 -0.787759 -0.983207 0 0 0   -0.011 -0.02329  0.04412 -0.0477185   0.100394  0.0011751 -0.00233126 -0.00256855 -0.00462591  -0.587894 -0.0398012  0.0878361 -1.85762 -1.96677 -9.42855  6153
             247.101 -1.61482 -27.9261 -35.5381   7.44702 -0.787403 -0.986841 0 0 0   -0.011 -0.02329  0.04412  -0.0711006   0.0905355 -0.00180944 -0.00231398 -0.00255034 -0.00477627  -0.587043 -0.0358604  0.0898296 -1.85754 -1.96692 -9.42853  6159
             247.201 -0.445801   -29.663  -38.2441    7.4433 -0.787331  -0.99011 0 0 0   -0.011 -0.02329  0.04412  -0.038122  0.0769128 0.00457311 -0.00227717  -0.0025538 -0.00500366  -0.588628 -0.0331502  0.0924724 -1.85742 -1.96701 -9.42854  6149
             247.301 -0.147888  -30.2749   -39.649    7.4429 -0.788261 -0.988853 0 0 0   -0.011 -0.02329  0.04412 -0.0188386  0.0602903  0.0255611 -0.00225326 -0.00256155 -0.00506224  -0.590773 -0.0309332  0.0940534 -1.85734 -1.96709 -9.42854  6165
             247.401 0.284272 -30.5821 -41.2044   7.44343 -0.787301 -0.989724 0 0 0   -0.011 -0.02329  0.04412 -0.00610584   0.0560301   0.0285147 -0.00228409 -0.00259024  -0.0050729  -0.591735 -0.0297448  0.0964349 -1.85727 -1.96715 -9.42854  6174
             247.501 0.752258 -30.4493 -43.0085   7.44866 -0.787888 -0.986651 0 0 0   -0.011 -0.02329  0.04412  0.021171 0.0501414 0.0432377   -0.002248 -0.00259313 -0.00507122  -0.594161 -0.0289838  0.0982852  -1.8572 -1.96721 -9.42854  6169
             247.601 0.768454 -29.9996 -44.1084   7.45275 -0.787522 -0.985324 0 0 0   -0.011 -0.02329  0.04412  0.047705 0.0420308 0.0517411   -0.002277 -0.00256254 -0.00507815 -0.594931 -0.027875  0.100373 -1.85715 -1.96727 -9.42854  6177
             247.701 -1.05476 -27.1612 -42.5054   7.46393 -0.789889 -0.981615 0 0 0   -0.011 -0.02329  0.04412   0.149117 0.00920986  0.0806794 -0.00222986 -0.00270307 -0.00521802  -0.596064 -0.0268445   0.102576  -1.8571 -1.96733 -9.42854  6158
             247.801 -4.45203 -21.7317 -39.4868   7.48827 -0.794649 -0.975556 0 0 0   -0.011 -0.02329  0.04412   0.213592 -0.0141989     0.0835 -0.00225912 -0.00285103 -0.00527231  -0.598203 -0.0269674    0.10495 -1.85703  -1.9674 -9.42854  6182
             247.901 -6.15064  -16.196 -39.6529   7.51103 -0.805569 -0.970833 0 0 0   -0.011 -0.02329  0.04412   0.190307 -0.0864762  0.0764332 -0.00232055 -0.00290497 -0.00516226  -0.599926 -0.0257294   0.107407 -1.85697 -1.96747 -9.42853  6134
                 248 -5.43448 -10.2953 -43.4157   7.53412 -0.826581 -0.970066 0 0 0   -0.011 -0.02329  0.04412  0.204193 -0.204664 0.0523287 -0.00247625 -0.00294016 -0.00505378  -0.602012 -0.0249323   0.110927 -1.85689 -1.96754 -9.42853  6201
             248.101   -4.716 -2.96568 -50.1435   7.55812 -0.858751 -0.974314 0 0 0   -0.011 -0.02329  0.04412   0.198979  -0.261155 -0.0272922 -0.00269149 -0.00296047 -0.00494436  -0.604294 -0.0238126   0.114249 -1.85683 -1.96761 -9.42853  6214
             248.201 -5.81017  1.96551  -60.658   7.57406 -0.885759 -0.976057 0 0 0   -0.011 -0.02329  0.04412   0.065853  -0.260851 -0.0522395 -0.00283857 -0.00297778  -0.0047823  -0.605105 -0.0237348    0.11356 -1.85682 -1.96762 -9.42853  6159
             248.301 -5.79394  4.44552 -70.7637   7.57696 -0.908832 -0.973585 0 0 0   -0.011 -0.02329  0.04412  -0.103907  -0.237893 -0.0270452 -0.00301358 -0.00290459 -0.00481108  -0.605748 -0.0249988   0.111208 -1.85679 -1.96762 -9.42854  6107
             248.401 -4.15817  6.16026   -77.03   7.56638  -0.93237 -0.972937 0 0 0   -0.011 -0.02329  0.04412  -0.212886  -0.207588 -0.0201905 -0.00318084 -0.00282493 -0.00492824 -0.607368 -0.026235  0.110325 -1.85675 -1.96766 -9.42854  5990
             248.501 -2.05754  7.80135 -81.0539  7.54939 -0.94952 -0.97342 0 0 0   -0.011 -0.02329  0.04412  -0.262451  -0.148996 -0.0310568 -0.00327887 -0.00275252 -0.00499688  -0.608126 -0.0286432   0.109714 -1.85668 -1.96771 -9.42854  6023
             248.601  -0.1069  8.05991 -84.4806   7.52911 -0.959723 -0.976254 0 0 0   -0.011 -0.02329  0.04412  -0.287019 -0.0695723 -0.0481136  -0.0033466 -0.00264867  -0.0050259  -0.608778 -0.0313721   0.109413 -1.85661 -1.96779 -9.42854  6011
             248.701  1.24612  7.23119 -87.8381   7.51305 -0.968603 -0.976412 0 0 0   -0.011 -0.02329  0.04412   -0.26004 -0.0521114 -0.0522943 -0.00325199 -0.00254756 -0.00504493 -0.610559 -0.035445  0.107682  -1.8565 -1.96799 -9.42852  6023
             248.801  2.02056  6.48004 -89.8944   7.50318 -0.973842 -0.973767 0 0 0   -0.011 -0.02329  0.04412  -0.224883 -0.0391818 -0.0457101 -0.00321107 -0.00247979 -0.00513418  -0.611063 -0.0404897   0.105185 -1.85634 -1.96823  -9.4285  5965
             248.901  2.45449  5.87118 -90.5994   7.49677 -0.979879 -0.971357 0 0 0   -0.011 -0.02329  0.04412  -0.183319 -0.0482048 -0.0392821 -0.00317672 -0.00246359 -0.00519644  -0.611601 -0.0459112   0.103082 -1.85617 -1.96852 -9.42847  6070
             249.001  2.58171  5.83219 -90.2027   7.49625 -0.987551 -0.972454 0 0 0   -0.011 -0.02329  0.04412  -0.141595 -0.0824079  -0.050677 -0.00315214 -0.00245865 -0.00529101  -0.612081 -0.0520774   0.102452   -1.856 -1.96882 -9.42844  6013
               249.1  2.45467  6.74052 -89.2523   7.49769 -0.995773 -0.970032 0 0 0   -0.011 -0.02329  0.04412  -0.110453 -0.0876917  -0.042252 -0.00314824 -0.00253083 -0.00530976  -0.611502 -0.0575487   0.100626 -1.85581  -1.9691 -9.42842  6065
             249.201 1.61295 7.46001 -87.185   7.49842  -1.00202 -0.965594 0 0 0   -0.011 -0.02329  0.04412 -0.0675936 -0.0416431 -0.0331623 -0.00306889 -0.00249813 -0.00532961  -0.610896 -0.0612927  0.0982451 -1.85568 -1.96931  -9.4284  6028
             249.301 -0.419921   8.39157  -81.2013    7.5089  -1.00366 -0.965753 0 0 0   -0.011 -0.02329  0.04412   0.0172623 -0.00415085  -0.0620927 -0.00307508 -0.00257609 -0.00543899  -0.610645 -0.0662231   0.097459 -1.85552 -1.96955 -9.42838  5996
               249.4 -3.77436  10.9294 -72.8851   7.52463  -1.00089 -0.972837 0 0 0   -0.011 -0.02329  0.04412 0.0707701 0.0175654 -0.117007 -0.00302791 -0.00270945 -0.00545875  -0.610166 -0.0702058  0.0974319 -1.85538 -1.96969 -9.42838  6003
             249.501 -6.73636  14.5715 -64.3595   7.54461 -0.996245 -0.975586 0 0 0   -0.011 -0.02329  0.04412 0.0679433 0.0762755 -0.110495 -0.00304176 -0.00284619 -0.00542628  -0.610136 -0.0745031  0.0947166 -1.85523 -1.96991 -9.42836  6027
             249.601 -8.52057  17.2213 -56.5006   7.55424 -0.990097 -0.978989 0 0 0   -0.011 -0.02329  0.04412 0.00956798   0.116966  -0.095637 -0.00303285 -0.00292348 -0.00535064   -0.61118 -0.0759013  0.0922199 -1.85518 -1.97004 -9.42835  5934
               249.7 -9.18836  19.6222 -49.3297   7.56572 -0.975409 -0.980599 0 0 0   -0.011 -0.02329  0.04412  0.0129089   0.142344 -0.0926849 -0.00309908 -0.00298148 -0.00529793  -0.611287 -0.0791642  0.0894813 -1.85504 -1.97015 -9.42835  5977
               249.8 -9.69659   22.405 -43.6437   7.57798 -0.961772 -0.983622 0 0 0   -0.011 -0.02329  0.04412 0.0425425  0.160174 -0.101727 -0.00315611 -0.00310401 -0.00518925  -0.612533 -0.0813943  0.0867822 -1.85491 -1.97025 -9.42836  5967
               249.9 -10.4793  25.2388 -39.1448   7.59061 -0.949344 -0.988742 0 0 0   -0.011 -0.02329  0.04412 0.0591448  0.180057 -0.112124 -0.00314452 -0.00317436 -0.00509999  -0.614341 -0.0821239   0.084275 -1.85479 -1.97032 -9.42836  5978
                 250 -11.2375   27.742 -35.3076   7.60417 -0.933727 -0.996329 0 0 0   -0.011 -0.02329  0.04412 0.0652211  0.221201 -0.129647  -0.0031915 -0.00321164 -0.00505472  -0.616256 -0.0825691  0.0821062 -1.85467 -1.97037 -9.42838  5963
               250.1 -11.9209  29.7932 -31.4982   7.61561 -0.913833  -1.00554 0 0 0   -0.011 -0.02329  0.04412 0.0523689  0.253677 -0.140283 -0.00324667  -0.0032261 -0.00501226  -0.617547 -0.0823815  0.0800787 -1.85456 -1.97041 -9.42839  5909
               250.2  -12.186  31.3183 -28.1568   7.62404 -0.891935  -1.01212 0 0 0   -0.011 -0.02329  0.04412 0.0226616  0.283229 -0.136552 -0.00328758  -0.0032649 -0.00494941  -0.617945 -0.0813513  0.0772062 -1.85441 -1.97049  -9.4284  5954
             250.301 -11.7547  32.0565 -24.8915   7.62939 -0.872601   -1.0168 0 0 0   -0.011 -0.02329  0.04412 -0.00882309    0.301058   -0.122345 -0.00331045 -0.00321429 -0.00493638  -0.618611 -0.0785622  0.0736933 -1.85418 -1.97063 -9.42842  5953
             250.401 -11.1166  32.3322 -21.2827   7.63375 -0.846226  -1.01869 0 0 0   -0.011 -0.02329  0.04412 -0.0116684    0.36621 -0.0968131 -0.00332251 -0.00321516 -0.00492843  -0.618721 -0.0766696  0.0701053 -1.85395 -1.97074 -9.42844  5933
               250.5 -10.8948  32.3434  -17.431   7.63434 -0.815676  -1.02189 0 0 0   -0.011 -0.02329  0.04412 -0.0270951   0.420492  -0.104536 -0.00329693 -0.00324394 -0.00489486  -0.618638 -0.0738563  0.0676582 -1.85376 -1.97087 -9.42845  5987
             250.601 -10.9442   32.515 -13.1459    7.6343 -0.781238  -1.02423 0 0 0   -0.011 -0.02329  0.04412 -0.0296072   0.441838  -0.110045 -0.00323845 -0.00331315 -0.00489666  -0.618118 -0.0707678  0.0647144 -1.85353 -1.97103 -9.42847  5994
             250.701 -10.8426  32.9406 -9.09352   7.63322 -0.743828  -1.03293 0 0 0   -0.011 -0.02329  0.04412 -0.0378091   0.454779  -0.143877 -0.00327444 -0.00336215  -0.0048774  -0.618338 -0.0684008  0.0632717 -1.85336 -1.97112 -9.42848  6007
             250.801 -10.7074  33.4043 -5.31977   7.63694 -0.708307  -1.04526 0 0 0   -0.011 -0.02329  0.04412 -0.0141043   0.445167  -0.179513 -0.00323179 -0.00341156 -0.00487795  -0.619924 -0.0653327  0.0613396 -1.85308 -1.97117 -9.42852  6035
             250.901 -10.1826  33.9142 -2.25917   7.63782 -0.674008  -1.05688 0 0 0   -0.011 -0.02329  0.04412 -0.00591788    0.431151   -0.189063 -0.00326234 -0.00346273 -0.00482849 -0.619116  -0.06176 0.0592822 -1.85284 -1.97135 -9.42853  6082
             251.001 -9.29395  34.4885 0.154171   7.64017 -0.639817  -1.06824 0 0 0   -0.011 -0.02329  0.04412 0.0138179  0.443884 -0.209417 -0.00332528 -0.00346635 -0.00482536   -0.61782 -0.0585147  0.0569928  -1.8526 -1.97154 -9.42854  6035
             251.101 -9.25957  36.1725  2.17294  7.64771 -0.60506 -1.08325 0 0 0   -0.011 -0.02329  0.04412 0.0561716  0.443783 -0.256038  -0.0032755 -0.00354401 -0.00480227 -0.616966 -0.054447 0.0544391 -1.85228 -1.97173 -9.42857  6086
             251.201 -9.14181  38.7436  3.94265   7.6613 -0.57252 -1.10301 0 0 0   -0.011 -0.02329  0.04412 0.0891889  0.409605 -0.270013 -0.00333501 -0.00352703 -0.00476037  -0.616907 -0.0504151  0.0520912 -1.85192 -1.97187 -9.42861  6032
             251.301 -8.79017  41.1815  5.69114     7.674 -0.545185   -1.1187 0 0 0   -0.011 -0.02329  0.04412 0.0789619  0.351451 -0.222819 -0.00336087 -0.00354896 -0.00475774  -0.615426 -0.0461167  0.0494654 -1.85156 -1.97209 -9.42863  6034
             251.401 -8.3843 42.8268 6.77095    7.6829 -0.525559  -1.13452 0 0 0   -0.011 -0.02329  0.04412 0.0935762  0.286053 -0.195653 -0.00342016 -0.00353352 -0.00472976  -0.614025 -0.0419913  0.0486481 -1.85129 -1.97232 -9.42864  5994
               251.5 -7.90846  44.1098  6.77466   7.69548 -0.511536  -1.14301 0 0 0   -0.011 -0.02329  0.04412  0.101181  0.222328 -0.158204 -0.00343468 -0.00351443 -0.00468543  -0.611645 -0.0377408  0.0464756 -1.85094  -1.9726 -9.42864  6003
             251.601 -7.28116  44.1359  6.12208   7.70989 -0.501398  -1.15163 0 0 0   -0.011 -0.02329  0.04412  0.110664  0.181207 -0.149253 -0.00348421 -0.00339182 -0.00462007  -0.610275 -0.0339096  0.0446675 -1.85061 -1.97281 -9.42867  5987
             251.701 -6.92364  42.9718  4.17713   7.72548 -0.497376   -1.1543 0 0 0   -0.011 -0.02329  0.04412  0.107001  0.113649 -0.104656 -0.00351122 -0.00332943 -0.00460695  -0.607881 -0.0296534   0.041975 -1.85021 -1.97308 -9.42869  6002
             251.801    -7.0674    39.8222 -0.0842197   7.73841 -0.502508  -1.15318 0 0 0   -0.011 -0.02329  0.04412  0.0867761  0.0464276 -0.0471716 -0.00351778 -0.00322967  -0.0045966  -0.605567 -0.0250176  0.0398394 -1.84982 -1.97337  -9.4287  5969
             251.901 -9.37821  34.7496 -7.52423   7.74908 -0.505517  -1.15017 0 0 0   -0.011 -0.02329  0.04412   0.125567  0.0719771 -0.0369526  -0.0034899 -0.00315052 -0.00454302  -0.603305 -0.0220081   0.038384 -1.8496 -1.9736 -9.4287  5992
             252.001 -11.2182  26.9315 -16.2945   7.76906 -0.510005  -1.14753 0 0 0   -0.011 -0.02329  0.04412  0.152555 0.0479247 -0.020392 -0.00347771 -0.00299689 -0.00458157  -0.603261 -0.0182647  0.0365337 -1.84927 -1.97373 -9.42874  6045
             252.101 -9.24783  19.1595 -19.2356   7.79054 -0.516326  -1.13754 0 0 0   -0.011 -0.02329  0.04412  0.228422 0.0529479 0.0393102 -0.00342342 -0.00293589 -0.00480047  -0.602009 -0.0144268  0.0336796 -1.84896 -1.97393 -9.42875  6113
             252.201 -6.89254  14.9443  -16.654    7.8241 -0.517998  -1.12862 0 0 0   -0.011 -0.02329  0.04412  0.31698 0.109795 0.055958 -0.00329514 -0.00295768 -0.00504255  -0.602973 -0.0113552  0.0320807 -1.84872 -1.97402 -9.42878  6137
             252.301 -5.73451  10.3384  -12.927   7.85435 -0.513562  -1.12105 0 0 0   -0.011 -0.02329  0.04412   0.241651   0.128668 0.00464217 -0.00316657 -0.00294079 -0.00511615  -0.603709 -0.0088924  0.0307799 -1.84856 -1.97409  -9.4288  6140
             252.401 -5.66208   6.0754 -10.9494   7.87903 -0.508241  -1.12026 0 0 0   -0.011 -0.02329  0.04412    0.23708   0.147952 -0.0507579 -0.00302935 -0.00295335  -0.0050954   -0.604167 -0.00625541   0.0296397 -1.84843 -1.97418 -9.42881  6195
             252.501 -6.02492  4.04067 -8.67721   7.90234 -0.501862  -1.12141 0 0 0   -0.011 -0.02329  0.04412   0.189623   0.136034 -0.0557617 -0.00293384 -0.00301184 -0.00514047   -0.604727 -0.00357449   0.0282579  -1.8483 -1.97427 -9.42881  6202
             252.601 -5.16773   2.9754 -4.70249   7.91696 -0.496667  -1.12684 0 0 0   -0.011 -0.02329  0.04412   0.120263    0.14604 -0.0592602 -0.00292398 -0.00306626 -0.00519719    -0.605143 -0.000895391    0.0281557  -1.8482 -1.97436 -9.42882  6168
             252.701  -4.54907   2.82099 -0.121294   7.92717 -0.487007  -1.13176 0 0 0   -0.011 -0.02329  0.04412   0.073451   0.201429 -0.0793697 -0.00286303  -0.0031146 -0.00523459  -0.605562 0.00150732  0.0276917 -1.84809 -1.97443 -9.42882  6197
             252.801 -4.66715  3.34377  4.91243   7.93398 -0.467365   -1.1405 0 0 0   -0.011 -0.02329  0.04412 0.0359122  0.311797 -0.103935 -0.00283812 -0.00315229 -0.00522702  -0.606139 0.00315462  0.0275844 -1.84799 -1.97447 -9.42883  6183
             252.901 -6.03913  4.80242  9.62797  7.93711 -0.44137 -1.15205 0 0 0   -0.011 -0.02329  0.04412 -0.00626564    0.380401   -0.128169 -0.00276807 -0.00319803 -0.00520879  -0.606645 0.00609241  0.0277065 -1.84783 -1.97456 -9.42885  6175
                 253 -6.5479 6.21113 14.5326   7.93651 -0.412298  -1.16486 0 0 0   -0.011 -0.02329  0.04412 -0.0368528   0.410378  -0.135081 -0.00279799 -0.00325044 -0.00519717   -0.60704 0.00950762  0.0277765 -1.84761 -1.97466 -9.42887  6202
             253.101 -6.27338  8.20503  20.3157  7.92908 -0.38151 -1.17421 0 0 0   -0.011 -0.02329  0.04412 -0.071834  0.455245 -0.130677  -0.0028139 -0.00329235 -0.00517484 -0.605565 0.0132991 0.0268475 -1.84742 -1.97489 -9.42886  6187
               253.2 -5.23461  10.3104  25.8134  7.92178 -0.34789 -1.18548 0 0 0   -0.011 -0.02329  0.04412 -0.0633339   0.495886  -0.122803 -0.00282195 -0.00332724 -0.00515805 -0.604404 0.0175532 0.0267401 -1.84715 -1.97511 -9.42886  6215
             253.301 -3.38341  12.9963  30.3155    7.9179 -0.307787  -1.19553 0 0 0   -0.011 -0.02329  0.04412 -0.0225189    0.56675  -0.123796 -0.00284326 -0.00331387 -0.00509673 -0.602984 0.0216918    0.0266 -1.84686 -1.97534 -9.42887  6199
             253.401 -2.04857  16.5763   34.138   7.91699 -0.263714  -1.20385 0 0 0   -0.011 -0.02329  0.04412 -0.0191053   0.590364  -0.126894  -0.0028573 -0.00335698 -0.00505314 -0.600895 0.0260891 0.0257492 -1.84652 -1.97563 -9.42888  6214
             253.501 -0.911282   19.0474   37.1438   7.91905 -0.219096  -1.20873 0 0 0   -0.011 -0.02329  0.04412  0.0107597   0.580269 -0.0808154 -0.00287243  -0.0033394 -0.00500419 -0.598951 0.0305087 0.0245808 -1.84613  -1.9759  -9.4289  6217
             253.601 0.491485  21.0303  38.8273   7.92241 -0.180347  -1.21284 0 0 0   -0.011 -0.02329  0.04412  0.0178201   0.545459 -0.0932827  -0.0029014   -0.003312 -0.00495507 -0.595919 0.0353116 0.0241553 -1.84571 -1.97627  -9.4289  6218
             253.701 1.94519 22.9312  40.309   7.92353 -0.141616  -1.22099 0 0 0   -0.011 -0.02329  0.04412  0.016674   0.54155 -0.136622 -0.00295723 -0.00330883 -0.00493922  -0.59257 0.0391478 0.0239649 -1.84536 -1.97666 -9.42889  6232
             253.801 2.67219 25.8008 41.7721    7.9314 -0.106556   -1.2331 0 0 0   -0.011 -0.02329  0.04412 0.0444698  0.514605 -0.176659  -0.0029105 -0.00332197 -0.00493264 -0.589666 0.0446553 0.0235607 -1.84481 -1.97702 -9.42892  6258
               253.9 3.30806 28.3285 43.4954    7.93547 -0.0726951   -1.24641 0 0 0   -0.011 -0.02329  0.04412  0.051698  0.484036 -0.153486   -0.002952 -0.00329957 -0.00489719 -0.585694 0.0484178 0.0233291 -1.84444 -1.97746  -9.4289  6220
             254.001  4.1298  30.161 44.8876    7.94631 -0.0420067    -1.2584 0 0 0   -0.011 -0.02329  0.04412  0.087602  0.474303 -0.169926 -0.00295618 -0.00320709 -0.00485725 -0.582453 0.0533867 0.0230461 -1.84393 -1.97784 -9.42892  6258
             254.101 4.75161 31.7853 46.1884     7.95518 -0.00991241    -1.27012 0 0 0   -0.011 -0.02329  0.04412 0.0933786  0.478758 -0.195204 -0.00299773 -0.00324702 -0.00485421 -0.577982 0.0567092 0.0222874 -1.84357 -1.97833 -9.42889  6219
             254.201 5.63439 32.8527 48.2693    7.9666 0.0207748  -1.28662 0 0 0   -0.011 -0.02329  0.04412 0.115699 0.467351 -0.21192 -0.00300178 -0.00321132  -0.0048632 -0.573862 0.0607087 0.0222463 -1.84314 -1.97879 -9.42888  6200
             254.301 7.14352 32.9137 51.5398   7.98155 0.0515424  -1.30176 0 0 0   -0.011 -0.02329  0.04412  0.156581  0.465344 -0.203175  -0.0030136 -0.00321544 -0.00490481 -0.569764 0.0643755 0.0218492 -1.84273 -1.97924 -9.42886  6251
             254.401 8.64424 31.6568 54.1627   8.00445 0.0830051  -1.31808 0 0 0   -0.011 -0.02329  0.04412  0.214567  0.489204 -0.183647 -0.00300025 -0.00316086 -0.00488975 -0.566542 0.0688289 0.0218535 -1.84224  -1.9796 -9.42888  6219
             254.501 9.49687 29.5961 54.7769  8.03282 0.117812 -1.32662 0 0 0   -0.011 -0.02329  0.04412  0.263535  0.539912 -0.123972 -0.00297878 -0.00316473 -0.00487408 -0.562212 0.0730689 0.0210329 -1.84171 -1.98006 -9.42889  6197
             254.601 9.52506 27.8937 53.7726  8.06135 0.155729 -1.33153 0 0 0   -0.011 -0.02329  0.04412   0.239776   0.545226 -0.0930511 -0.00294745 -0.00315822  -0.0048761 -0.557717 0.0768096  0.020706 -1.84125 -1.98055 -9.42888  6196
               254.7 9.28211 25.9039 53.2197  8.08295  0.19318 -1.33557 0 0 0   -0.011 -0.02329  0.04412  0.153176  0.508806 -0.120066  -0.0029048 -0.00314817 -0.00488778 -0.553288 0.0797784 0.0201292 -1.84086 -1.98103 -9.42885  6232
             254.801 9.27024 23.7239 53.8982  8.09787 0.225808 -1.34246 0 0 0   -0.011 -0.02329  0.04412 0.0736726  0.479703 -0.134159  -0.0028881 -0.00315845 -0.00490769 -0.548834 0.0834071 0.0191975 -1.84039  -1.9815 -9.42885  6223
             254.901 9.05503 21.9961   54.26  8.10639 0.262816 -1.34927 0 0 0   -0.011 -0.02329  0.04412 0.0111755   0.50841 -0.111007 -0.00285503 -0.00314347 -0.00491269 -0.545679 0.0864887 0.0182513 -1.83998 -1.98183 -9.42885  6233
             255.001 8.67052 20.3908 54.6748  8.10642 0.293399 -1.36005 0 0 0   -0.011 -0.02329  0.04412 -0.0532455   0.477979  -0.163714  -0.0027857 -0.00315308 -0.00491484 -0.541282 0.0904588 0.0184572 -1.83951 -1.98232 -9.42885  6201
             255.101 8.84828  18.118 55.3796  8.10515 0.324297  -1.3746 0 0 0   -0.011 -0.02329  0.04412 -0.0905776    0.48696   -0.21457 -0.00276431 -0.00310212 -0.00491905 -0.537507  0.094932 0.0176735 -1.83895 -1.98271 -9.42887  6208
             255.201  9.2502 16.3092 56.2613  8.09722 0.360475 -1.39241 0 0 0   -0.011 -0.02329  0.04412 -0.139613  0.541963 -0.223177 -0.00275196 -0.00313404 -0.00494775 -0.533755 0.0983654 0.0168911  -1.8385 -1.98312 -9.42887  6220
             255.301 9.85375 14.5313  56.869  8.07663 0.401197 -1.41193 0 0 0   -0.011 -0.02329  0.04412 -0.228346  0.598535 -0.199367 -0.00277127  -0.0031018 -0.00492497 -0.529115  0.100508 0.0169923 -1.83822 -1.98363 -9.42882  6207
             255.401 11.0345 11.9762 58.1601  8.05763 0.444853 -1.42788 0 0 0   -0.011 -0.02329  0.04412 -0.254741   0.61278 -0.168027 -0.00274154 -0.00307794 -0.00498742 -0.525491  0.104635 0.0165649  -1.8377 -1.98401 -9.42884  6185
             255.501 12.3726 8.78027 59.5455  8.03782 0.492316 -1.43283 0 0 0   -0.011 -0.02329  0.04412 -0.253872  0.671638 -0.072968 -0.00270822 -0.00307013  -0.0050191 -0.521602  0.108263 0.0146715  -1.8372 -1.98443 -9.42885  6123
               255.6 12.3868 6.37723 60.2056  8.02188 0.545232 -1.43304 0 0 0   -0.011 -0.02329  0.04412  -0.202778    0.69986 -0.0771744 -0.00262883 -0.00307068 -0.00501669    -0.518  0.112296 0.0129396 -1.83665  -1.9848 -9.42888  6088
             255.701 11.6501  4.5976 59.0129  8.00742 0.593066 -1.44498 0 0 0   -0.011 -0.02329  0.04412 -0.159208  0.664809 -0.137253 -0.00255776 -0.00305135 -0.00496454  -0.51386  0.116302 0.0128977 -1.83612 -1.98523 -9.42889  6087
               255.8 10.2758  3.8269 54.6764  7.99943 0.639141 -1.45633 0 0 0   -0.011 -0.02329  0.04412 -0.0885556   0.653107  -0.117085 -0.00248369 -0.00302667 -0.00489466 -0.509454  0.120332  0.012282 -1.83557 -1.98568  -9.4289  6059
               255.9  8.6804 3.06217 48.2825  7.99615 0.682774 -1.46771 0 0 0   -0.011 -0.02329  0.04412 -0.0494861   0.611234  -0.146849  -0.0024587 -0.00302783 -0.00487449 -0.504871  0.124061 0.0114519 -1.83505 -1.98617  -9.4289  6038
                 256  7.12132 0.966847  42.0501  7.99588 0.729151 -1.48132 0 0 0   -0.011 -0.02329  0.04412 -0.0518493   0.592726  -0.212274  -0.0024728 -0.00295266 -0.00490713 -0.502174  0.127065 0.0100608 -1.83466 -1.98646 -9.42892  6004
               256.1   5.3688 -2.31176  37.0725  7.98787 0.766596 -1.50549 0 0 0   -0.011 -0.02329  0.04412 -0.0382836   0.570816  -0.252086 -0.00241475 -0.00296932 -0.00495565  -0.497352   0.129562 0.00957392 -1.83436 -1.98698 -9.42886  6007
               256.2  3.09937 -5.41502  32.3197  7.98792 0.806717 -1.52989 0 0 0   -0.011 -0.02329  0.04412 0.0544917  0.589989 -0.216491  -0.0023756 -0.00298748 -0.00496915  -0.493598   0.132875 0.00923179 -1.83402 -1.98739 -9.42885  6018
               256.3  2.41644 -8.81305  27.2076  7.99848 0.849147 -1.54726 0 0 0   -0.011 -0.02329  0.04412  0.130023  0.569356 -0.121994 -0.00239143 -0.00299342  -0.0049892  -0.491053   0.136213 0.00864558  -1.8337 -1.98768 -9.42885  5993
               256.4   3.3525 -11.4506  22.3305  8.01507  0.88971 -1.55183 0 0 0   -0.011 -0.02329  0.04412   0.152971    0.57364 -0.0310321  -0.0024196 -0.00305047  -0.0050263   -0.48888    0.14019 0.00750678 -1.83337 -1.98797 -9.42885  6055
             256.501  4.06848 -13.1776  18.1016  8.02799 0.929271 -1.55828 0 0 0   -0.011 -0.02329  0.04412  0.0999985   0.517333 -0.0839676 -0.00237943 -0.00309342 -0.00509119  -0.486853   0.143786 0.00730397  -1.8331 -1.98822 -9.42885  6032
               256.6 4.71821 -14.412 16.0078   8.0374 0.962474 -1.57285 0 0 0   -0.011 -0.02329  0.04412 0.0140665   0.46932 -0.107689 -0.00233726 -0.00309547 -0.00519645  -0.485795   0.148182 0.00796451 -1.83276  -1.9884 -9.42888  6104
             256.701  4.19299 -15.7435  15.8914  8.03714  0.99902 -1.57992 0 0 0   -0.011 -0.02329  0.04412 -0.0850966   0.476682 -0.0799597 -0.00231755 -0.00308321  -0.0052747  -0.485725   0.151113 0.00723331 -1.83256 -1.98851 -9.42889  6001
               256.8  3.03546 -17.5826  15.5745 8.02889 1.03658 -1.5903 0 0 0   -0.011 -0.02329  0.04412 -0.154779  0.471659 -0.109412 -0.00224477 -0.00305286 -0.00527467  -0.485897   0.154279 0.00734468 -1.83232 -1.98859 -9.42892  6056
             256.901  2.90054 -19.2259  14.4234 8.00902 1.07125  -1.607 0 0 0   -0.011 -0.02329  0.04412 -0.249411  0.474247 -0.147888 -0.00223171 -0.00306689 -0.00525987   -0.48469   0.157336 0.00780697 -1.83213 -1.98874 -9.42893  6069
                 257 2.82796 -21.518 12.7094  7.98157  1.11092 -1.62945 0 0 0   -0.011 -0.02329  0.04412 -0.366745  0.562084 -0.189439 -0.00219837 -0.00301391 -0.00524592  -0.484406   0.160782 0.00905607 -1.83187 -1.98883 -9.42896  6072
             257.101  2.30309 -25.0207  9.44479   7.9364   1.1618 -1.65192 0 0 0   -0.011 -0.02329  0.04412 -0.474997  0.651179 -0.183247 -0.00214034 -0.00303653 -0.00526856  -0.482944    0.16304 0.00940079 -1.83174 -1.98897 -9.42896  6054
             257.201  1.25314 -29.5191  5.21562  7.89127  1.22324 -1.67527 0 0 0   -0.011 -0.02329  0.04412 -0.454502  0.744698 -0.155251 -0.00210972 -0.00300755 -0.00525532 -0.482581  0.165603 0.0108113 -1.83153 -1.98903 -9.42898  6105
             257.301  -0.727406   -33.8133 0.00504342  7.85428  1.28765 -1.68947 0 0 0   -0.011 -0.02329  0.04412 -0.327061  0.717939 -0.141872 -0.00202398 -0.00303243 -0.00523317 -0.482927  0.168432 0.0107683 -1.83137 -1.98913   -9.429  6131
             257.401  -2.6284 -36.8275 -5.15347  7.83073  1.34585 -1.69811 0 0 0   -0.011 -0.02329  0.04412  -0.180358   0.626047 -0.0825401 -0.00194772 -0.00309111 -0.00524041 -0.483578  0.171148 0.0101463 -1.83126 -1.98923   -9.429  6116
             257.501 -4.37118 -38.7241 -9.85954  7.82169  1.39341 -1.70507 0 0 0   -0.011 -0.02329  0.04412 -0.0873246   0.497761 -0.0453354 -0.00194735  -0.0031602 -0.00525174 -0.484218  0.173796 0.0109166 -1.83109 -1.98931 -9.42901  6120
             257.601 -4.60545 -40.7974 -15.1733  7.82144  1.42625 -1.70861 0 0 0   -0.011 -0.02329  0.04412 -0.0426947   0.366519  -0.018288 -0.00195322 -0.00315927  -0.0052399  -0.48548  0.176557 0.0121815 -1.83091 -1.98941 -9.42902  6183
             257.701 -3.64644 -42.7724 -20.2631   7.8214  1.45156 -1.71503 0 0 0   -0.011 -0.02329  0.04412  -0.0199098    0.310368 -0.00807395 -0.00196815 -0.00319565 -0.00523982 -0.48542  0.17844 0.014203 -1.83074 -1.98951 -9.42904  6149
               257.8 -2.85772 -44.1975 -24.3801  7.82698  1.47415 -1.72549 0 0 0   -0.011 -0.02329  0.04412  0.0263509   0.291151 -0.0259656 -0.00197679 -0.00321014 -0.00528996 -0.484958   0.17995 0.0177138 -1.83049 -1.98963 -9.42906  6200
             257.901 -3.11837 -45.2835 -27.3931  7.83289  1.50026 -1.73613 0 0 0   -0.011 -0.02329  0.04412  0.0295445   0.310899 -0.0526538 -0.00196079 -0.00323669 -0.00530812 -0.484319  0.180544 0.0200393 -1.83033 -1.98971 -9.42908  6134
             257.999 -4.23107 -45.9935 -28.4855  7.84201  1.52916 -1.74773 0 0 0   -0.011 -0.02329  0.04412  0.0292736   0.281778 -0.0405187 -0.00200002 -0.00326018  -0.0053583 -0.483957  0.180234 0.0227621 -1.83013 -1.98978  -9.4291  6221
               258.1 -4.99648 -45.8101 -27.8757  7.84569  1.54615 -1.75297 0 0 0   -0.011 -0.02329  0.04412  0.00443249    0.225951 -0.00587882 -0.00202767 -0.00331883 -0.00542934 -0.484345  0.181773 0.0246251 -1.83003  -1.9899 -9.42909  6194
               258.2 -6.79326 -44.3242 -24.7727   7.8516  1.55903 -1.75141 0 0 0   -0.011 -0.02329  0.04412 0.00644043   0.188204  0.0421585 -0.00204718 -0.00333099 -0.00544605 -0.485726  0.182891 0.0265749 -1.82994 -1.99003 -9.42908  6197
             258.301 -10.9003 -40.6128 -17.4495  7.85934   1.5664 -1.75226 0 0 0   -0.011 -0.02329  0.04412 0.0395406  0.136948 0.0621515 -0.00207744 -0.00337678 -0.00551925   -0.4862  0.183995 0.0299576 -1.82974 -1.99021 -9.42908  6194
             258.401 -15.7677 -32.6186 -7.04226  7.87449   1.5723 -1.74711 0 0 0   -0.011 -0.02329  0.04412 0.156641 0.100663  0.12923 -0.00209751 -0.00340858 -0.00555571 -0.486782  0.184396 0.0327247 -1.82957 -1.99034 -9.42909  6188
             258.501 -18.2634 -19.1168  3.88861  7.90794  1.57779 -1.73636 0 0 0   -0.011 -0.02329  0.04412 0.365396  0.14447 0.142683 -0.00218893 -0.00342636 -0.00554255 -0.487985  0.184704 0.0353586  -1.8294 -1.99045  -9.4291  6147
             258.601  -18.4682 -0.795995   14.9582   7.9516  1.59172 -1.72972 0 0 0   -0.011 -0.02329  0.04412  0.473488  0.290219 0.0305866 -0.00227703 -0.00350534 -0.00550221 -0.487848  0.186374 0.0369993 -1.82931 -1.99056 -9.42909  6154
             258.701 -16.3473  15.9992   28.655  8.00347  1.61833 -1.73842 0 0 0   -0.011 -0.02329  0.04412  0.427634  0.365205 -0.136674 -0.00236199 -0.00345041 -0.00548619 -0.489039  0.187795 0.0391319 -1.82914 -1.99063 -9.42911  6160
               258.8 -9.90758  26.5013  44.2474  8.04608   1.6461 -1.75841 0 0 0   -0.011 -0.02329  0.04412  0.430431  0.391265 -0.236268 -0.00245743 -0.00338315 -0.00540197 -0.488864  0.190021 0.0403419 -1.82901 -1.99074 -9.42911  6209
               258.9 -2.58224  32.2388   57.235 8.08781 1.68013 -1.7845 0 0 0   -0.011 -0.02329  0.04412     0.451  0.482451 -0.301325 -0.00253726 -0.00332485 -0.00523315 -0.487111  0.192015 0.0408361  -1.8289 -1.99094 -9.42909  6232
                 259 3.08664    35.1 65.9499  8.13729  1.71917 -1.80605 0 0 0   -0.011 -0.02329  0.04412  0.494163  0.569414 -0.235335 -0.00255201 -0.00330208 -0.00504495 -0.484679  0.194941 0.0401755 -1.82863 -1.99121 -9.42909  6242
             259.101 6.79804 37.6801 71.0677  8.18379  1.76954 -1.82003 0 0 0   -0.011 -0.02329  0.04412 0.440724 0.674749 -0.12967 -0.00255236 -0.00326542 -0.00490517 -0.481205  0.196703 0.0406226 -1.82842 -1.99159 -9.42905  6240
               259.2 9.39214 39.2496  74.493  8.22214  1.81881 -1.82485 0 0 0   -0.011 -0.02329  0.04412  0.307318  0.634376 -0.136436  -0.0026049 -0.00326556 -0.00485355 -0.476699  0.198621 0.0408286 -1.82809 -1.99207 -9.42901  6227
               259.3 11.2474 41.0681 78.1857  8.24507   1.8679 -1.84315 0 0 0   -0.011 -0.02329  0.04412 0.146717 0.664508  -0.2482 -0.00257895 -0.00324972 -0.00482267 -0.472754  0.200275 0.0424651  -1.8278 -1.99255 -9.42896  6229
               259.4 13.9943 43.4953 83.5257  8.25671  1.91963 -1.86369 0 0 0   -0.011 -0.02329  0.04412 0.0261462  0.654325 -0.268108 -0.00259575 -0.00330273 -0.00483761 -0.468637  0.202136   0.04317 -1.82742 -1.99299 -9.42894  6234
               259.5 17.0917 44.8649 88.5469  8.25813  1.96381 -1.88181 0 0 0   -0.011 -0.02329  0.04412 -0.0764857   0.607882   -0.28716 -0.00262538 -0.00328939 -0.00483069 -0.462837   0.20405 0.0436673 -1.82694 -1.99361 -9.42891  6270
             259.601 18.9086 46.1295 90.5174  8.25318  2.01069 -1.90523 0 0 0   -0.011 -0.02329  0.04412 -0.153336  0.631001 -0.338515 -0.00265602 -0.00325574 -0.00475471 -0.458175  0.206296 0.0439854 -1.82643 -1.99406 -9.42891  6247
               259.7 18.6309 48.0507 87.9654 8.23962 2.05946 -1.9308 0 0 0   -0.011 -0.02329  0.04412 -0.209363  0.648652 -0.333561 -0.00271006 -0.00326115 -0.00472886 -0.453486  0.207714 0.0444065 -1.82601 -1.99456 -9.42889  6240
               259.8 17.2221 49.0797 82.7498  8.22216  2.11074 -1.95354 0 0 0   -0.011 -0.02329  0.04412 -0.237884  0.683175 -0.270778 -0.00273572  -0.0031819 -0.00472582 -0.448633  0.209499 0.0452075 -1.82554 -1.99507 -9.42887  6312
             259.901 15.3896 49.8653 75.5071 8.20838 2.16649 -1.9698 0 0 0   -0.011 -0.02329  0.04412 -0.156132  0.737234 -0.191033 -0.00274944 -0.00313179 -0.00471655 -0.444132   0.21168  0.046019 -1.82505 -1.99552 -9.42887  6272
             260.001 9.95532 51.2375 62.8001  8.20205   2.2227 -1.97854 0 0 0   -0.011 -0.02329  0.04412 -0.0850647   0.658424  -0.137269 -0.00279434 -0.00306684 -0.00467553 -0.439966  0.213643  0.046824 -1.82463 -1.99596 -9.42886  6215
               260.1 4.88517  50.065 50.6442    8.192  2.26802 -1.98553 0 0 0   -0.011 -0.02329  0.04412  -0.10401  0.556558 -0.133759 -0.00284034 -0.00293839 -0.00474559 -0.435876  0.214492 0.0480319 -1.82441 -1.99645  -9.4288  6251
               260.2 2.74094  49.081 45.0667  8.18918  2.31494 -1.99209 0 0 0   -0.011 -0.02329  0.04412 -0.0830622   0.570673  -0.165149 -0.00276483 -0.00287683 -0.00486347 -0.432779   0.21682  0.047381 -1.82402  -1.9967 -9.42882  6263
               260.3 3.19889 48.7291 44.4895   8.1861  2.36386 -2.00523 0 0 0   -0.011 -0.02329  0.04412 -0.0624658   0.577614  -0.225519 -0.00272977 -0.00285984 -0.00496279  -0.43036  0.218723 0.0468856 -1.82374  -1.9969 -9.42883  6271
               260.4 4.22792 47.7686 45.6646  8.18565   2.4125 -2.02231 0 0 0   -0.011 -0.02329  0.04412 -0.0469857   0.609306  -0.264416 -0.00267353  -0.0028485 -0.00499549 -0.427681   0.22141 0.0462498  -1.8234 -1.99713 -9.42885  6237
               260.5 3.90704 45.5255 45.6436  8.18607  2.46637 -2.04244 0 0 0   -0.011 -0.02329  0.04412 -0.0128497   0.596307  -0.212672 -0.00265287 -0.00278973 -0.00499987 -0.425682  0.223254 0.0457607 -1.82317 -1.99731 -9.42885  6269
               260.6 6.23505 38.7652 47.3595   8.1889  2.51401 -2.05159 0 0 0   -0.011 -0.02329  0.04412  0.010413  0.559887 -0.113349 -0.00267324 -0.00261898 -0.00509069 -0.423281  0.225427 0.0451825 -1.82292 -1.99752 -9.42886  6235
             260.701 9.10246 30.0188 48.9374  8.19554  2.56142 -2.05018 0 0 0   -0.011 -0.02329  0.04412 -0.00879705    0.590818 -0.00879431 -0.00258595 -0.00253851 -0.00515526 -0.420884   0.22794 0.0440687  -1.8226 -1.99772 -9.42888  6225
               260.8   8.048 20.5918 48.7079  8.18681  2.60852 -2.04497 0 0 0   -0.011 -0.02329  0.04412  -0.158303   0.635168 -0.0131175 -0.00241288 -0.00259847 -0.00521635    -0.418  0.230513 0.0441876 -1.82236 -1.99804 -9.42886  6205
               260.9 5.26654 14.2283 47.0296  8.17247  2.65825 -2.04584 0 0 0   -0.011 -0.02329  0.04412  -0.163894   0.583599 -0.0845267 -0.00225195  -0.0026107 -0.00517357 -0.415571  0.232694 0.0437765 -1.82212 -1.99829 -9.42885  6218
                 261 4.44674 9.20127 45.8789  8.15996  2.70733 -2.05132 0 0 0   -0.011 -0.02329  0.04412 -0.171233  0.589786 -0.107806 -0.00220371 -0.00261496 -0.00520369  -0.41402  0.234921 0.0429137 -1.82187 -1.99845 -9.42886  6162
               261.1 3.53735 5.67124 45.1443  8.14241  2.75307 -2.06566 0 0 0   -0.011 -0.02329  0.04412 -0.192875  0.582111 -0.177989 -0.00214545 -0.00262868 -0.00523001  -0.41193  0.237327 0.0432967 -1.82164 -1.99868 -9.42886  6097
               261.2 2.92649 2.68597 43.8572  8.12418  2.79918 -2.08056 0 0 0   -0.011 -0.02329  0.04412 -0.205932  0.591169 -0.213845 -0.00211145 -0.00265723  -0.0052277 -0.40961 0.239483 0.042097 -1.82141 -1.99894 -9.42885  6068
               261.3  2.97246 0.698279  42.8981  8.10267  2.84619 -2.09989 0 0 0   -0.011 -0.02329  0.04412 -0.259012  0.598751 -0.235899  -0.0020934 -0.00265766 -0.00522931 -0.407203  0.241702 0.0411754 -1.82119 -1.99921 -9.42883  6029
               261.4  3.39003 -2.25046  43.7375  8.07704  2.89275 -2.12293 0 0 0   -0.011 -0.02329  0.04412 -0.339506  0.586277 -0.251121 -0.00205437  -0.0026238  -0.0053007 -0.405643  0.244605 0.0406204 -1.82091 -1.99939 -9.42885  6115
               261.5  4.08041 -6.86592   44.626  8.03931  2.93744 -2.14366 0 0 0   -0.011 -0.02329  0.04412  -0.40456   0.61626 -0.171373 -0.00202516 -0.00260658 -0.00532527 -0.403173  0.247053 0.0400121 -1.82068 -1.99966 -9.42884  6085
               261.6  4.81307 -10.9763  43.5126 7.99841 2.98864 -2.1577 0 0 0   -0.011 -0.02329  0.04412  -0.402197   0.709383 -0.0742608 -0.00196862 -0.00261849 -0.00528588 -0.400647  0.249439 0.0399095 -1.82046 -1.99991 -9.42883  6091
               261.7 3.94515 -13.333 42.0113  7.96262  3.04764 -2.16519 0 0 0   -0.011 -0.02329  0.04412  -0.335997   0.740771 -0.0973555 -0.00186266 -0.00268856 -0.00528676 -0.398627  0.252034 0.0394212 -1.82021 -2.00013 -9.42883  6111
               261.8  2.61073 -13.7823  40.9305  7.93854  3.10935 -2.17599 0 0 0   -0.011 -0.02329  0.04412  -0.220174   0.766965 -0.0964279 -0.00183427 -0.00274985 -0.00529301 -0.397235  0.254924 0.0389465 -1.81993 -2.00029 -9.42885  6098
               261.9 0.524946 -12.2734  40.4973  7.92264   3.1718 -2.18592 0 0 0   -0.011 -0.02329  0.04412  -0.140889   0.751547 -0.0966481 -0.00180154 -0.00284316 -0.00529031 -0.395353  0.257674 0.0384903 -1.81967  -2.0005 -9.42885  6055
                 262 -1.05371 -10.5135  40.1458  7.91556  3.23354 -2.19492 0 0 0   -0.011 -0.02329  0.04412 -0.0874602   0.728257  -0.141479 -0.00183626  -0.0028578 -0.00529658 -0.394457  0.260404  0.037478 -1.81942 -2.00064 -9.42887  6082
               262.1 -3.41838 -7.20072  40.5829  7.91563  3.29678 -2.21048 0 0 0   -0.011 -0.02329  0.04412 0.0567873  0.803119   -0.1838 -0.00182996 -0.00290822 -0.00529817 -0.392909  0.263216 0.0367845 -1.81918 -2.00082 -9.42888  6106
               262.2 -4.89376 -1.22371  41.2814  7.92735  3.36494 -2.23051 0 0 0   -0.011 -0.02329  0.04412  0.170475  0.808784 -0.206941 -0.00190318 -0.00299512 -0.00528639 -0.390903  0.265514 0.0362398 -1.81899 -2.00104 -9.42887  6081
               262.3 -4.96665  5.60577  43.3361  7.95326  3.43041 -2.24867 0 0 0   -0.011 -0.02329  0.04412  0.251491  0.796448 -0.165356 -0.00198648 -0.00297516 -0.00526907 -0.389329  0.269174 0.0357224 -1.81867 -2.00123 -9.42889  6144
               262.4 -3.70383  11.8034  46.4806  7.98311  3.49997 -2.26468 0 0 0   -0.011 -0.02329  0.04412   0.309535   0.834372 -0.0826126 -0.00204639  -0.0029803 -0.00527098 -0.387795  0.271668 0.0364357 -1.81843 -2.00139  -9.4289  6125
               262.5 -1.15334  18.2414  49.2674  8.01446   3.5729 -2.27513 0 0 0   -0.011 -0.02329  0.04412  0.281937  0.841955 -0.132265 -0.00212356 -0.00295795 -0.00524134 -0.385879  0.273964 0.0367052 -1.81823 -2.00158  -9.4289  6224
               262.6 1.82661 24.0414  50.875  8.03384   3.6429 -2.28843 0 0 0   -0.011 -0.02329  0.04412  0.117285  0.806967 -0.201292 -0.00221267 -0.00295466 -0.00518947 -0.382975  0.275684 0.0358876 -1.81807 -2.00188 -9.42887  6199
               262.7 2.90125 29.0207 52.3851  8.03665  3.71371 -2.30788 0 0 0   -0.011 -0.02329  0.04412 -0.0415494   0.830047  -0.218426  -0.0022425 -0.00287892  -0.0051588 -0.38041 0.277229 0.035855 -1.81792 -2.00214 -9.42884  6274
               262.8 3.15876  33.902 54.5839  8.02747  3.78357 -2.32672 0 0 0   -0.011 -0.02329  0.04412 -0.185255  0.798485 -0.252474 -0.00227377 -0.00290935 -0.00514972 -0.377948  0.279337 0.0354115 -1.81768 -2.00238 -9.42884  6244
               262.9 4.35523 38.5858 58.9717  8.00358  3.84999 -2.35582 0 0 0   -0.011 -0.02329  0.04412 -0.301353  0.766213 -0.351771 -0.00228916 -0.00289431 -0.00516479 -0.375605  0.281166 0.0360463 -1.81749 -2.00263 -9.42882  6213
                 263 8.00408 43.4644 66.2567  7.97001  3.91377 -2.39262 0 0 0   -0.011 -0.02329  0.04412 -0.411567  0.747597 -0.379465 -0.00234956 -0.00292815 -0.00518615  -0.37357  0.283325 0.0367046 -1.81726 -2.00284 -9.42882  6256
               263.1 12.0816 48.0623 73.4673   7.9231  3.97601 -2.42776 0 0 0   -0.011 -0.02329  0.04412 -0.481725  0.726384 -0.316875 -0.00243004 -0.00295102 -0.00514337  -0.37125  0.284544 0.0379405 -1.81713 -2.00312 -9.42879  6259
               263.2 15.4842 50.7745 79.4303  7.88065  4.03648 -2.44452 0 0 0   -0.011 -0.02329  0.04412 -0.441606  0.707499 -0.161139 -0.00244093 -0.00291123 -0.00509626 -0.368143  0.286539 0.0376614 -1.81681 -2.00339 -9.42879  6275
               263.3 17.6057 51.6998 83.3203  7.84416  4.09061 -2.45189 0 0 0   -0.011 -0.02329  0.04412 -0.367158  0.634197 -0.159704 -0.00249361 -0.00285888 -0.00504395 -0.364614  0.288444 0.0378869 -1.81647 -2.00372 -9.42879  6285
               263.4  18.163 52.1504 84.5398  7.81393  4.13579 -2.46084 0 0 0   -0.011 -0.02329  0.04412 -0.291599  0.612038 -0.192436 -0.00250667 -0.00284179 -0.00498506 -0.360145  0.289932 0.0385343 -1.81613 -2.00417 -9.42876  6233
               263.5 17.9704 53.3107 84.7276  7.79122  4.18662 -2.47482 0 0 0   -0.011 -0.02329  0.04412 -0.209245  0.622218  -0.20792 -0.00251368 -0.00287815 -0.00496651 -0.357211  0.290908 0.0391005 -1.81589 -2.00447 -9.42874  6290
               263.6 18.1278  53.518 84.3888  7.77937  4.24004 -2.49132 0 0 0   -0.011 -0.02329  0.04412 -0.132992  0.642166 -0.275608 -0.00252844 -0.00285219 -0.00497032 -0.354088  0.292313 0.0392885 -1.81557 -2.00473 -9.42874  6303
               263.7 17.9003 53.6078  83.504  7.77629  4.29453 -2.51363 0 0 0   -0.011 -0.02329  0.04412 -0.0459506   0.671536   -0.32661 -0.00253755 -0.00282363 -0.00494836  -0.35062  0.293909 0.0394593 -1.81521 -2.00502 -9.42875  6276
               263.8 18.1846 52.8378 82.5206  7.78083  4.35642 -2.53858 0 0 0   -0.011 -0.02329  0.04412 0.0403428  0.755093 -0.317872 -0.00254583 -0.00279681 -0.00498064 -0.347744  0.295042 0.0395661 -1.81493 -2.00526 -9.42876  6276
               263.9 17.2207 52.7122 79.8024  7.79141  4.42362 -2.56034 0 0 0   -0.011 -0.02329  0.04412  0.094502  0.826411 -0.238718 -0.00255982 -0.00277541  -0.0049577 -0.344063  0.296331  0.040175 -1.81461 -2.00561 -9.42874  6287
                 264 16.4262  51.942  76.683  7.80369  4.49097 -2.57265 0 0 0   -0.011 -0.02329  0.04412  0.101806  0.803434 -0.104049 -0.00253743 -0.00273683 -0.00494972 -0.340984   0.29758 0.0416144 -1.81437 -2.00597 -9.42871  6252
               264.1 15.2974 50.4887  73.572  7.81335  4.55404 -2.57424 0 0 0   -0.011 -0.02329  0.04412   0.037765   0.670977 -0.0932271 -0.00251483 -0.00269984 -0.00498196 -0.337665  0.298751 0.0423838 -1.81412 -2.00631 -9.42869  6286
               264.2  14.121  48.701 69.5273 7.81842 4.60186 -2.5779 0 0 0   -0.011 -0.02329  0.04412 -0.00229486    0.562584   -0.112747 -0.00252017 -0.00265394 -0.00497905 -0.333975  0.300089 0.0430742 -1.81384 -2.00667 -9.42867  6262
               264.3 13.1845 46.9783 66.0032  7.81694  4.64448 -2.58083 0 0 0   -0.011 -0.02329  0.04412 -0.0879427   0.519482 -0.0807088 -0.00252271 -0.00266496 -0.00500206 -0.330749  0.301298 0.0434266  -1.8136 -2.00698 -9.42865  6257
               264.4 11.6657  44.428 63.5883  7.80631   4.6883 -2.58704 0 0 0   -0.011 -0.02329  0.04412 -0.180607  0.513649   -0.1183 -0.00243358 -0.00256253 -0.00503681 -0.328885  0.302612   0.04369  -1.8134 -2.00715 -9.42865  6297
               264.5 10.6076 40.5708 62.1463  7.79024  4.73126 -2.59473 0 0 0   -0.011 -0.02329  0.04412 -0.258584  0.475646 -0.142507 -0.00238725 -0.00250973 -0.00507041 -0.326859  0.304311 0.0431746 -1.81314  -2.0073 -9.42867  6272
               264.6 10.4422 34.2191 61.1797  7.76387  4.76583 -2.60341 0 0 0   -0.011 -0.02329  0.04412 -0.339638  0.425703 -0.137987 -0.00236009 -0.00244756 -0.00513698 -0.324314  0.306021 0.0429945 -1.81289 -2.00752 -9.42867  6254
               264.7 10.4297 27.6412 59.1438  7.72814  4.80198 -2.61072 0 0 0   -0.011 -0.02329  0.04412 -0.406524  0.495442 -0.111034 -0.00233968 -0.00245345  -0.0051359  -0.32165  0.307146 0.0426419  -1.8127 -2.00776 -9.42865  6271
               264.8 9.72294 21.3482 55.9087  7.68852  4.84572 -2.61009 0 0 0   -0.011 -0.02329  0.04412  -0.438553    0.56763 0.00247403 -0.00225293 -0.00242929 -0.00516756 -0.318906  0.308277  0.041802 -1.81251 -2.00801 -9.42864  6233
               264.9 7.83667 15.1914 52.5332 7.64217 4.89542 -2.6062 0 0 0   -0.011 -0.02329  0.04412  -0.496796   0.605463 0.00220055 -0.00216792 -0.00238543 -0.00518596 -0.316806  0.309457 0.0418825 -1.81236 -2.00823 -9.42862  6215
                 265 4.46465 9.55166 49.4709  7.59535  4.94026 -2.61268 0 0 0   -0.011 -0.02329  0.04412  -0.470003     0.5665 -0.0979707 -0.00206765 -0.00238554 -0.00523176 -0.314738  0.311792 0.0424295 -1.81213 -2.00844 -9.42862  6157
               265.1 0.667422  4.79521  47.4773   7.5521  4.98551 -2.62336 0 0 0   -0.011 -0.02329  0.04412 -0.379778   0.57123 -0.133233 -0.00200685 -0.00241625 -0.00524334 -0.312463  0.313426 0.0424222 -1.81196 -2.00867  -9.4286  6144
               265.2 -1.47639  1.88676  46.9358  7.52987  5.02866 -2.63287 0 0 0   -0.011 -0.02329  0.04412 -0.199922  0.500901 -0.155384 -0.00198953 -0.00246982 -0.00530002 -0.311037  0.316199 0.0411994 -1.81168 -2.00883 -9.42862  6144
               265.3 -0.541882  -0.25136   47.0097  7.51641  5.06882 -2.64719 0 0 0   -0.011 -0.02329  0.04412 -0.0895499   0.473025  -0.178573 -0.00204805 -0.00249044 -0.00531286 -0.309418  0.317663 0.0405469 -1.81155   -2.009 -9.42861  6118
               265.4  1.21218 -2.63662  47.3134  7.51357  5.10529 -2.66839 0 0 0   -0.011 -0.02329  0.04412 -0.0175204   0.466307  -0.236439 -0.00203779 -0.00246035 -0.00534054  -0.30809  0.319677 0.0405168 -1.81137 -2.00913 -9.42862  6145
               265.5  2.60094 -5.51185  47.5619  7.51381  5.14073 -2.69475 0 0 0   -0.011 -0.02329  0.04412 0.0219723  0.499289 -0.250052 -0.00199082 -0.00241655 -0.00533936 -0.306199  0.321522 0.0406356 -1.81121 -2.00931 -9.42861  6064
             265.599  4.35905 -8.48109  47.3937   7.5167  5.17988 -2.71547 0 0 0   -0.011 -0.02329  0.04412 0.0166367   0.52866 -0.153693 -0.00197886 -0.00241805  -0.0053417 -0.304049  0.323442 0.0402284 -1.81104 -2.00953 -9.42859  6203
               265.7   5.2274 -11.4252  47.6489 7.52281 5.22317 -2.7227 0 0 0   -0.011 -0.02329  0.04412  0.0167218   0.614859 -0.0736291  -0.0018879 -0.00241747 -0.00538379 -0.302638  0.326066  0.039089 -1.81082 -2.00971  -9.4286  6181
               265.8   4.8033 -12.2483  47.9547  7.52499  5.27524 -2.72624 0 0 0   -0.011 -0.02329  0.04412 -0.0226291   0.633524 -0.0818691 -0.00181788 -0.00249843 -0.00538191 -0.301125  0.327847  0.037837 -1.81067  -2.0099 -9.42859  6212
               265.9  4.13509 -12.7949  48.1692  7.52223  5.33138 -2.73281 0 0 0   -0.011 -0.02329  0.04412 -0.0763114   0.632557 -0.0842735 -0.00181085 -0.00248613 -0.00534898 -0.300416  0.329075 0.0369134 -1.81057 -2.01001 -9.42858  6191
                 266  3.13955 -12.7323  49.1518  7.51292  5.37831 -2.74314 0 0 0   -0.011 -0.02329  0.04412 -0.119638  0.615515 -0.075515 -0.00180207 -0.00252559 -0.00535957 -0.297923  0.331296 0.0367242 -1.81035 -2.01023 -9.42858  6205
               266.1  2.78045 -12.5252  49.3973  7.49867  5.42738 -2.75261 0 0 0   -0.011 -0.02329  0.04412 -0.195028  0.601194 -0.121326 -0.00182192 -0.00254658 -0.00534247 -0.296189  0.332972 0.0360886  -1.8102  -2.0104 -9.42857  6184
               266.2  2.28541 -12.5422  49.8512  7.48317  5.47944 -2.76745 0 0 0   -0.011 -0.02329  0.04412 -0.241079  0.613263 -0.176109  -0.0018215 -0.00251647 -0.00534558 -0.295741  0.335288 0.0358368 -1.80998 -2.01045  -9.4286  6155
               266.3  2.35882 -12.2122  50.0335  7.45765  5.52988 -2.78936 0 0 0   -0.011 -0.02329  0.04412  -0.28678   0.62617 -0.189485 -0.00184063 -0.00250122 -0.00531728 -0.293931   0.33704 0.0359626  -1.8098  -2.0106 -9.42861  6225
               266.4 3.48265 -11.608 50.3439  7.42806   5.5813 -2.80978 0 0 0   -0.011 -0.02329  0.04412 -0.345562  0.636152 -0.170145 -0.00185025 -0.00250192 -0.00532985 -0.292197  0.338878  0.035872 -1.80961 -2.01074 -9.42861  6137
               266.5  4.75968 -11.7721  50.7701 7.39408 5.62697 -2.8241 0 0 0   -0.011 -0.02329  0.04412 -0.410193  0.616993 -0.120717 -0.00184827 -0.00249396 -0.00531938 -0.289842  0.341738 0.0348192 -1.80935 -2.01099 -9.42861  6181
               266.6  4.50678 -13.2008  51.9325  7.35539  5.67587 -2.82815 0 0 0   -0.011 -0.02329  0.04412  -0.416718   0.617959 -0.0119424 -0.00179524 -0.00243865 -0.00534163 -0.288301  0.343949 0.0336129 -1.80914 -2.01118 -9.42861  6180
               266.7  3.41745 -13.6502  52.7814   7.3128  5.72434 -2.82827 0 0 0   -0.011 -0.02329  0.04412  -0.369817   0.626169 -0.0200416 -0.00178525 -0.00249482 -0.00531492 -0.285795  0.344973 0.0325169 -1.80905 -2.01144 -9.42857  6200
               266.8  1.71806 -12.2991  52.3052  7.28577  5.77642 -2.83182 0 0 0   -0.011 -0.02329  0.04412  -0.254348   0.686084 -0.0235763 -0.00175251 -0.00252872 -0.00526171 -0.284273  0.347413 0.0321086  -1.8088 -2.01158 -9.42859  6177
               266.9 -0.528403  -7.56794   52.2239  7.27151  5.83888 -2.83629 0 0 0   -0.011 -0.02329  0.04412  -0.106987   0.782397 -0.0381714 -0.00177058 -0.00264545 -0.00526606 -0.282988  0.349616 0.0320455 -1.80857 -2.01168 -9.42861  6179
                 267 -1.34264 0.937084  54.8878  7.26964  5.90797 -2.84738 0 0 0   -0.011 -0.02329  0.04412 0.00429022   0.834431  -0.146693 -0.00187293 -0.00275208 -0.00532028 -0.281306  0.351597 0.0320805 -1.80836 -2.01182 -9.42862  6146
               267.1 -0.286027   10.0914   58.3531   7.2778  5.97997 -2.86384 0 0 0   -0.011 -0.02329  0.04412    0.0583  0.826815 -0.239004 -0.00197134 -0.00278587 -0.00532799 -0.279872  0.353969 0.0311272 -1.80813 -2.01197 -9.42863  6136
               267.2  2.2318  16.805 60.4241  7.28974  6.04879 -2.88972 0 0 0   -0.011 -0.02329  0.04412  0.099129  0.803149 -0.297141 -0.00209001 -0.00269398 -0.00526933 -0.277997  0.356281  0.030665  -1.8079 -2.01215 -9.42864  6168
               267.3 5.10101 21.5187 62.3405  7.29759  6.11718 -2.91729 0 0 0   -0.011 -0.02329  0.04412 0.0858145  0.853931 -0.311428 -0.00217309 -0.00263679  -0.0052328 -0.274746  0.357535 0.0298519 -1.80773 -2.01247  -9.4286  6244
               267.4 7.48403 25.6413 64.0282 7.30806 6.19432 -2.9436 0 0 0   -0.011 -0.02329  0.04412 0.0622074  0.961476 -0.251533 -0.00219052 -0.00260111 -0.00521859 -0.272365  0.359422  0.029487  -1.8075 -2.01268  -9.4286  6182
               267.5 8.87711 30.0612  65.978  7.30654  6.28618 -2.96651 0 0 0   -0.011 -0.02329  0.04412 -0.0282147    1.05298  -0.176647 -0.00226045 -0.00260607 -0.00522468 -0.269945  0.359871 0.0303536 -1.80742 -2.01293 -9.42856  6274
               267.6 8.80821 35.8512 68.3908  7.30101  6.37256 -2.98637 0 0 0   -0.011 -0.02329  0.04412 -0.102533  0.914804 -0.231838 -0.00223767 -0.00262984 -0.00517898 -0.267143  0.361504 0.0308931  -1.8072  -2.0132 -9.42855  6272
               267.7 9.62132 39.8563 70.7693  7.28941  6.45004 -3.00721 0 0 0   -0.011 -0.02329  0.04412 -0.157599  0.819929 -0.235034  -0.0023364 -0.00261961 -0.00518069 -0.265053   0.36259 0.0308843 -1.80703 -2.01339 -9.42854  6282
               267.8 10.8141 42.9968 72.9114  7.27125  6.51818 -3.02463 0 0 0   -0.011 -0.02329  0.04412 -0.215481  0.759161 -0.233293 -0.00238501 -0.00262417 -0.00515654  -0.26199  0.363282 0.0307636 -1.80686 -2.01368 -9.42851  6277
               267.9 11.7791 45.2243 74.5117 7.24783 6.58601 -3.0477 0 0 0   -0.011 -0.02329  0.04412 -0.299047  0.742025 -0.292515 -0.00243437  -0.0025881 -0.00512628 -0.260284  0.364235 0.0309312 -1.80671 -2.01383 -9.42851  6317
                 268 11.2171 47.1992 74.6497  7.21686  6.64972 -3.07772 0 0 0   -0.011 -0.02329  0.04412  -0.36412  0.750264 -0.367767 -0.00242781 -0.00255675 -0.00509089 -0.257951  0.365542 0.0314836  -1.8065 -2.01405  -9.4285  6297
               268.1 10.6344 49.4051 74.2381  7.18002  6.71372 -3.10951 0 0 0   -0.011 -0.02329  0.04412 -0.406124  0.737182 -0.328101 -0.00247164 -0.00256641 -0.00508083  -0.25534  0.366596 0.0320171 -1.80631  -2.0143 -9.42849  6318
               268.2 11.0411 49.8792  73.695  7.14364  6.77794 -3.12921 0 0 0   -0.011 -0.02329  0.04412 -0.384498  0.739625 -0.170311 -0.00250186 -0.00251427 -0.00508675 -0.252855  0.367791 0.0321676 -1.80609  -2.0145 -9.42848  6280
               268.3 11.1568 49.6966 73.1881  7.10992  6.84148 -3.13398 0 0 0   -0.011 -0.02329  0.04412  -0.365665   0.733298 -0.0587913  -0.0025045 -0.00248379 -0.00509128  -0.25006  0.369235 0.0325909 -1.80584 -2.01474 -9.42848  6267
               268.4 10.5272 48.7242 73.1106  7.07938  6.90372 -3.13461 0 0 0   -0.011 -0.02329  0.04412  -0.281474   0.658316 -0.0897107 -0.00242344 -0.00244489 -0.00510229 -0.247851  0.370057 0.0325252 -1.80567 -2.01491 -9.42848  6302
               268.5 9.95007 48.3153 71.8813 7.05579 6.95828 -3.1444 0 0 0   -0.011 -0.02329  0.04412 -0.193461  0.676461  -0.14583 -0.00247355 -0.00244226 -0.00506742 -0.245696  0.371005 0.0337935 -1.80554 -2.01516 -9.42845  6253
               268.6 8.68617  48.964 69.7819   7.0417  7.01614 -3.15843 0 0 0   -0.011 -0.02329  0.04412  -0.10683  0.649398 -0.194957 -0.00245065 -0.00245167 -0.00506747 -0.243796  0.371961 0.0345511 -1.80539 -2.01536 -9.42843  6294
               268.7 10.3977 48.6991 69.4128  7.03841  7.07027 -3.17304 0 0 0   -0.011 -0.02329  0.04412 -0.0393763   0.614132  -0.237779 -0.00250388 -0.00242341 -0.00507599 -0.241217  0.373033 0.0345433 -1.80519 -2.01556 -9.42843  6298
               268.8 12.4003 47.9427 69.9785  7.03555  7.12038 -3.19759 0 0 0   -0.011 -0.02329  0.04412 -0.0286045   0.609391  -0.306798  -0.0025012 -0.00239297 -0.00509503 -0.239005  0.374094 0.0354844 -1.80505 -2.01579 -9.42841  6277
               268.9 14.1025  46.732 71.5537  7.03669  7.17583 -3.22165 0 0 0   -0.011 -0.02329  0.04412  0.019202  0.665041 -0.257677 -0.00247884 -0.00238788 -0.00511129 -0.236794   0.37497 0.0355131 -1.80489 -2.01597  -9.4284  6276
                 269 14.6318 44.7757 72.4545  7.04242  7.24021 -3.23518 0 0 0   -0.011 -0.02329  0.04412 0.0758536  0.767618 -0.112118 -0.00245583 -0.00237037 -0.00510402 -0.234578  0.375732 0.0355715 -1.80474 -2.01616 -9.42839  6308
               269.1 15.0554 44.2091  72.141  7.05346  7.30636 -3.23831 0 0 0   -0.011 -0.02329  0.04412  0.0637519   0.711267 -0.0463797  -0.0024495 -0.00239038 -0.00508774 -0.232308   0.37677 0.0358949 -1.80458 -2.01636 -9.42838  6300
               269.2 16.0156 42.4963 72.9523  7.05782  7.36352 -3.23918 0 0 0   -0.011 -0.02329  0.04412 -0.0306986   0.622103 -0.0677732 -0.00243555 -0.00235881 -0.00511366  -0.23013  0.377991 0.0360423 -1.80439 -2.01654 -9.42837  6246
               269.3 16.9158 40.7862 74.2041  7.05345  7.41498 -3.24414 0 0 0   -0.011 -0.02329  0.04412 -0.108789  0.590958 -0.101574 -0.00239627 -0.00236772 -0.00511979 -0.227905   0.37924 0.0363283  -1.8042 -2.01674 -9.42837  6293
               269.4 16.2789 39.5353  74.091  7.04066  7.46308 -3.25081 0 0 0   -0.011 -0.02329  0.04412 -0.169228  0.532443 -0.134771  -0.0023813 -0.00238114 -0.00510115 -0.225508  0.380009  0.036361 -1.80404 -2.01695 -9.42835  6314
               269.5 15.1572 38.4703 71.9388  7.02294  7.50622 -3.25963 0 0 0   -0.011 -0.02329  0.04412 -0.212846  0.501146 -0.164563 -0.00240316 -0.00239626 -0.00506579  -0.22277  0.380521 0.0361131 -1.80388 -2.01719 -9.42833  6262
               269.6  14.248  37.101 68.5769  6.99807   7.5468 -3.27437 0 0 0   -0.011 -0.02329  0.04412 -0.295069  0.464523 -0.156291 -0.00243175 -0.00235434 -0.00504063 -0.220938  0.381144 0.0365087 -1.80377 -2.01737 -9.42832  6264
               269.7 12.7197 33.2228 62.9797  6.96404  7.58441 -3.28499 0 0 0   -0.011 -0.02329  0.04412  -0.42652   0.43632 -0.120463 -0.00244223 -0.00221464 -0.00502355 -0.219177  0.381902 0.0365469 -1.80363 -2.01752 -9.42831  6279
               269.8 10.1381 27.4601 55.6155  6.91896  7.61813 -3.29226 0 0 0   -0.011 -0.02329  0.04412 -0.519269  0.440492 -0.061474 -0.00237719 -0.00213561 -0.00501994 -0.217101  0.383228 0.0367372 -1.80346 -2.01771  -9.4283  6238
               269.9 7.24028 19.2486 47.9973  6.86367  7.65593 -3.29184 0 0 0   -0.011 -0.02329  0.04412  -0.602931   0.492501 0.00188638 -0.00229644 -0.00203842 -0.00507063 -0.215393  0.384193 0.0365188 -1.80333 -2.01786 -9.42829  6216
                 270 4.06874  11.821 41.8243  6.80814   7.6989 -3.28849 0 0 0   -0.011 -0.02329  0.04412  -0.565451    0.50975 -0.0399978 -0.00218244 -0.00200646  -0.0051198 -0.213575  0.385779 0.0358806 -1.80316 -2.01801 -9.42829  6190
               270.1 1.71949 4.79979 39.7023  6.75682  7.73947 -3.29559 0 0 0   -0.011 -0.02329  0.04412 -0.484816  0.463687  -0.10955 -0.00211962 -0.00199848 -0.00518166 -0.212444  0.387251 0.0356918 -1.80304 -2.01813 -9.42829  6195
               270.2 0.0753827  -0.36585   39.9025  6.71957  7.78024 -3.30387 0 0 0   -0.011 -0.02329  0.04412 -0.341415  0.456769 -0.108717 -0.00206273 -0.00201705 -0.00523702 -0.212007  0.388771 0.0350129 -1.80292 -2.01819  -9.4283  6176
               270.3 0.183286 -3.35046  40.5347  6.69296  7.81783 -3.31159 0 0 0   -0.011 -0.02329  0.04412 -0.228783   0.42296 -0.134005 -0.00206202 -0.00206766 -0.00523887 -0.211137  0.389978 0.0339754 -1.80286 -2.01829 -9.42829  6142
               270.4  1.20327 -5.51408  41.0317  6.67458  7.85246 -3.32713 0 0 0   -0.011 -0.02329  0.04412 -0.156306  0.442078 -0.188618  -0.0020367 -0.00209814 -0.00524954 -0.210202  0.391451 0.0336711 -1.80278  -2.0184 -9.42828  6170
               270.5  1.42205 -7.02048  41.7434  6.66603  7.89744 -3.34846 0 0 0   -0.011 -0.02329  0.04412 -0.0668563   0.515722  -0.232278 -0.00201788 -0.00208643 -0.00527963 -0.210301  0.392332 0.0336787 -1.80272 -2.01841 -9.42829  6162
               270.6  1.45878 -8.00746  42.8039  6.66336  7.93948 -3.37165 0 0 0   -0.011 -0.02329  0.04412 -0.0228197   0.545413  -0.209904 -0.00201281 -0.00210832 -0.00525644 -0.209002  0.394182 0.0333681 -1.80262 -2.01855 -9.42828  6171
               270.7 0.851805 -10.2632  46.2792 6.66309 7.98825 -3.3844 0 0 0   -0.011 -0.02329  0.04412 -0.0153568   0.566504     -0.104 -0.00199007 -0.00207685 -0.00533117 -0.208335  0.395575 0.0325069 -1.80255 -2.01865 -9.42827  6179
               270.8  1.1755 -12.167 48.8257  6.66568  8.03593 -3.38943 0 0 0   -0.011 -0.02329  0.04412 -0.00132426    0.588123  -0.0392015 -0.00198271 -0.00211646  -0.0053033 -0.207333  0.397489 0.0318439 -1.80244 -2.01878 -9.42827  6160
               270.9  1.66955 -12.9914  49.1514 6.66743 8.08575 -3.3947 0 0 0   -0.011 -0.02329  0.04412  -0.060463   0.574854 -0.0774273 -0.00195157 -0.00212777 -0.00524251 -0.206715  0.399387 0.0315503 -1.80231 -2.01885 -9.42828  6184
                 271  1.49232 -13.7155  49.5845  6.66092  8.13517 -3.40036 0 0 0   -0.011 -0.02329  0.04412    -0.1377   0.585029 -0.0519027 -0.00191677 -0.00212015 -0.00525328 -0.205963  0.401029 0.0310166 -1.80219 -2.01895 -9.42828  6220
               271.1 0.429515  -14.144  50.9144   6.644 8.18088 -3.4082 0 0 0   -0.011 -0.02329  0.04412  -0.243323   0.558121 -0.0927453 -0.00188702 -0.00214392 -0.00524634   -0.2044  0.402796 0.0307332 -1.80206 -2.01908 -9.42828  6182
               271.2 -1.21683 -14.6228  52.7579  6.61598    8.228 -3.42373 0 0 0   -0.011 -0.02329  0.04412 -0.326603  0.567911 -0.168923 -0.00187755 -0.00214865 -0.00524397 -0.203025  0.404022  0.030835 -1.80195 -2.01918 -9.42828  6173
               271.3 -2.37944 -15.0114  53.8234  6.58492  8.27517 -3.44605 0 0 0   -0.011 -0.02329  0.04412 -0.341543  0.574832 -0.214712 -0.00187622  -0.0021519 -0.00523255 -0.201762  0.405755 0.0309818 -1.80179 -2.01927 -9.42829  6188
               271.4 -2.14458 -14.4841  55.1096   6.5522  8.32925 -3.46589 0 0 0   -0.011 -0.02329  0.04412  -0.35172  0.636986 -0.184275 -0.00188084 -0.00216106 -0.00522977 -0.200973  0.406781 0.0305991 -1.80171 -2.01935 -9.42829  6183
               271.5 -1.34932 -13.2658  56.8842  6.51844  8.38377 -3.48228 0 0 0   -0.011 -0.02329  0.04412 -0.371505  0.670119 -0.132141 -0.00188881 -0.00217933 -0.00523577 -0.199485  0.408557 0.0302121 -1.80155 -2.01948 -9.42829  6193
               271.6 -0.183185  -12.5851   58.1169  6.48826  8.44057 -3.48712 0 0 0   -0.011 -0.02329  0.04412    -0.3309   0.702767 0.00746299 -0.00186385 -0.00215768 -0.00523674 -0.198231  0.410824 0.0294186 -1.80137 -2.01961 -9.42829  6203
               271.7 0.236312   -11.48   57.414  6.45663  8.50082 -3.48515 0 0 0   -0.011 -0.02329  0.04412    -0.31879    0.700865 -0.00422616 -0.00184823 -0.00216481 -0.00520646 -0.196506  0.412154 0.0288622 -1.80124 -2.01976 -9.42829  6178
               271.8 -0.30916 -10.9618  56.1403  6.42999  8.55761 -3.48968 0 0 0   -0.011 -0.02329  0.04412  -0.284733   0.667781 -0.0484446 -0.00181247 -0.00214253 -0.00519887 -0.194961  0.414015 0.0286346 -1.80105 -2.01988  -9.4283  6194
               271.9 -1.62514 -10.0187  55.9834  6.40359   8.6128 -3.49904 0 0 0   -0.011 -0.02329  0.04412  -0.228165   0.630107 -0.0929232 -0.00182489  -0.0021653 -0.00520605 -0.193155  0.415076 0.0286793 -1.80093 -2.02002 -9.42829  6177
                 272 -1.50106  -8.7951   56.753  6.38484  8.66287 -3.51237 0 0 0   -0.011 -0.02329  0.04412 -0.160909    0.6006 -0.144756  -0.0018764  -0.0021815 -0.00522623 -0.191292  0.416402 0.0284191 -1.80079 -2.02017 -9.42828  6177
               272.1 -0.875533  -7.10566   58.7349  6.37136  8.71227 -3.52771 0 0 0   -0.011 -0.02329  0.04412 -0.119243  0.623663 -0.181988  -0.0019073 -0.00219189 -0.00524175 -0.189384  0.417748 0.0276294 -1.80066 -2.02035 -9.42827  6166
               272.2 -0.321487  -5.15982   60.9038  6.36632   8.7692 -3.54982 0 0 0   -0.011 -0.02329  0.04412 -0.0409724   0.690171  -0.223055 -0.00190827 -0.00218687 -0.00524612 -0.188264  0.419321 0.0276881  -1.8005 -2.02043 -9.42828  6177
               272.3 0.782992 -2.33559   62.813  6.36735  8.82857 -3.57203 0 0 0   -0.011 -0.02329  0.04412 0.0231358  0.773638  -0.17848 -0.00193374 -0.00222025  -0.0052053 -0.186086  0.421055  0.027344 -1.80032 -2.02061 -9.42828  6151
               272.4 2.29035 1.30318 64.5706  6.37449  8.90098 -3.57999 0 0 0   -0.011 -0.02329  0.04412  0.0635092   0.844879 -0.0444387 -0.00196344 -0.00224498 -0.00520066 -0.184611  0.422448 0.0262478 -1.80019 -2.02076 -9.42827  6185
               272.5 4.48139 6.19271 66.5499 6.37943 8.97459 -3.5841 0 0 0   -0.011 -0.02329  0.04412   0.022264   0.849545 -0.0427791 -0.00202371 -0.00227992 -0.00518637 -0.182336  0.423484 0.0260201 -1.80004 -2.02096 -9.42826  6154
               272.6 6.62148 11.5134 68.9927 6.38139 9.04391 -3.5919 0 0 0   -0.011 -0.02329  0.04412 -0.0592984   0.782209  -0.104801 -0.00202965 -0.00227535 -0.00517138 -0.180196  0.425148 0.0256677 -1.79983 -2.02113 -9.42826  6188
               272.7 7.78255 16.6797 71.8309  6.36914  9.10744 -3.60816 0 0 0   -0.011 -0.02329  0.04412 -0.176735  0.758012 -0.136459 -0.00207474 -0.00228091 -0.00515146 -0.177659  0.426265 0.0262691 -1.79965 -2.02133 -9.42825  6202
               272.8 8.36917   21.64  75.083  6.34328  9.17115 -3.62608 0 0 0   -0.011 -0.02329  0.04412 -0.288529  0.710981 -0.208682 -0.00214003 -0.00228767 -0.00513929   -0.1754   0.42642 0.0264843 -1.79956 -2.02154 -9.42823  6229
               272.9 9.30339 25.2349 77.3395  6.31163  9.23321 -3.64544 0 0 0   -0.011 -0.02329  0.04412 -0.372456  0.671768 -0.271222 -0.00219604  -0.0022819 -0.00509914 -0.173519  0.426902 0.0257567 -1.79943 -2.02171 -9.42821  6281
                 273 10.9218 28.1152 79.1511  6.27386  9.29154 -3.66989 0 0 0   -0.011 -0.02329  0.04412  -0.43567  0.669938 -0.273358 -0.00223573 -0.00227152 -0.00508492 -0.171464  0.427789 0.0253559 -1.79925 -2.02188 -9.42821  6271
               273.1 13.1024 31.3029 81.2043  6.23091    9.352 -3.69252 0 0 0   -0.011 -0.02329  0.04412 -0.482387  0.713374 -0.226677   -0.002271 -0.00224343 -0.00507863 -0.169296  0.428756 0.0252008 -1.79906 -2.02205 -9.42821  6277
               273.2 14.3295  35.076 83.6862  6.18727  9.41998 -3.70413 0 0 0   -0.011 -0.02329  0.04412 -0.469839  0.790931 -0.106832 -0.00226332 -0.00221972  -0.0050539 -0.167228  0.429878  0.024807 -1.79883 -2.02219 -9.42822  6266
               273.3 15.1384 39.4829 86.7398  6.14359  9.48807 -3.71252 0 0 0   -0.011 -0.02329  0.04412 -0.417282  0.743756 -0.164022 -0.00227639 -0.00225914 -0.00503124 -0.164688   0.43021 0.0248313 -1.79867 -2.02243 -9.42821  6267
               273.4 15.5275 43.2607 88.9306  6.10205  9.54894 -3.73089 0 0 0   -0.011 -0.02329  0.04412 -0.371794  0.726077 -0.235025 -0.00234542 -0.00226896 -0.00501796  -0.16198  0.430284 0.0257175 -1.79853 -2.02272 -9.42817  6236
               273.5 15.8572 47.6324   90.84   6.0685  9.60778 -3.75356 0 0 0   -0.011 -0.02329  0.04412 -0.279657  0.666258  -0.24569 -0.00239529 -0.00227834 -0.00497528 -0.159465  0.430492 0.0266797 -1.79838   -2.023 -9.42814  6282
               273.6  16.979 49.4227   92.18  6.04486  9.66054 -3.77179 0 0 0   -0.011 -0.02329  0.04412 -0.198206   0.60106 -0.215121 -0.00245968 -0.00220048 -0.00496783  -0.15696  0.430543 0.0273044 -1.79823 -2.02326 -9.42811  6300
               273.7 17.3739  49.801 92.4924  6.02836  9.70622 -3.79038 0 0 0   -0.011 -0.02329  0.04412 -0.139797  0.577461 -0.247581 -0.00250406 -0.00216653 -0.00495952 -0.154032  0.430793 0.0285113 -1.79805 -2.02358 -9.42808  6303
               273.8  17.521 49.4731 92.5953  6.02175  9.75476 -3.81281 0 0 0   -0.011 -0.02329  0.04412 -0.0447221   0.602104  -0.262997 -0.00249139 -0.00213942 -0.00495223 -0.151799   0.43147 0.0293963 -1.79786 -2.02379 -9.42807  6286
               273.9 16.8181 48.4269 90.8105  6.02357  9.80971 -3.83306 0 0 0   -0.011 -0.02329  0.04412 0.0443978  0.693659 -0.199942 -0.00248098 -0.00211678 -0.00495148 -0.149685  0.431914 0.0301764 -1.79769 -2.02399 -9.42806  6287
                 274 15.1596 47.8569 86.3735 6.03429 9.87464 -3.8442 0 0 0   -0.011 -0.02329  0.04412  0.101926  0.772889 -0.110273 -0.00247251 -0.00210382 -0.00492631 -0.147443  0.432457 0.0307934 -1.79751 -2.02419 -9.42805  6306
               274.1 12.9692 47.7061 81.1988  6.04203  9.93987 -3.84817 0 0 0   -0.011 -0.02329  0.04412   0.064271   0.705508 -0.0821288   -0.002452 -0.00211426 -0.00495247 -0.145045  0.432252 0.0316803 -1.79741 -2.02446 -9.42801  6342
               274.2 12.7145  46.974 78.9624  6.04656   9.9963 -3.85512 0 0 0   -0.011 -0.02329  0.04412 -0.0214687    0.63338  -0.132986   -0.002449 -0.00205997 -0.00498159 -0.142811  0.432848 0.0324675 -1.79724 -2.02467   -9.428  6280
               274.3 13.3221 47.3384 79.9363  6.03602  10.0478 -3.86801 0 0 0   -0.011 -0.02329  0.04412 -0.124161  0.602901  -0.13522 -0.00244024 -0.00207004 -0.00502337 -0.140885  0.432803  0.033835 -1.79719 -2.02494 -9.42795  6289
               274.4  14.298 47.0434 82.0089   6.0232  10.0994 -3.87595 0 0 0   -0.011 -0.02329  0.04412 -0.181508  0.556098 -0.137239 -0.00242483 -0.00206736 -0.00501679 -0.138997  0.433399 0.0339057 -1.79705 -2.02507 -9.42795  6288
               274.5 14.4763 46.0553 82.6388  5.99919  10.1465 -3.89111 0 0 0   -0.011 -0.02329  0.04412 -0.260915  0.570846 -0.212385  -0.0024192 -0.00206703 -0.00500758 -0.137193  0.433467 0.0348136 -1.79699 -2.02528 -9.42791  6291
               274.6 15.1818 45.9215 84.1397  5.96848  10.1952 -3.91176 0 0 0   -0.011 -0.02329  0.04412 -0.339386  0.583437 -0.248722 -0.00244473 -0.00208076 -0.00501618 -0.135205  0.433732 0.0356079  -1.7969 -2.02549 -9.42789  6268
               274.7 15.4198 46.2742  85.003  5.93199  10.2487 -3.93387 0 0 0   -0.011 -0.02329  0.04412 -0.409922  0.637096 -0.240507 -0.00244672 -0.00210797 -0.00500224 -0.133506  0.434209 0.0360755 -1.79679 -2.02564 -9.42787  6290
               274.8 15.8946 46.3127 86.0596   5.8926  10.3068 -3.95065 0 0 0   -0.011 -0.02329  0.04412  -0.42336  0.693996 -0.159783 -0.00243206 -0.00208099 -0.00500399 -0.131468  0.434925 0.0364764 -1.79663  -2.0258 -9.42787  6285
               274.9 17.0249 46.3565 87.9345  5.85502  10.3735 -3.95689 0 0 0   -0.011 -0.02329  0.04412  -0.394034   0.766605 -0.0650938 -0.00241309 -0.00209377 -0.00500879  -0.12957  0.435715 0.0366737 -1.79646 -2.02594 -9.42787  6294
                 275 17.3283 46.3089 89.7102  5.81772  10.4367 -3.95867 0 0 0   -0.011 -0.02329  0.04412  -0.358569   0.671247 -0.0917637 -0.00241768  -0.0020792 -0.00498716 -0.127155  0.435947 0.0370874 -1.79632 -2.02615 -9.42785  6305
               275.1 17.1995 45.8554 90.5463  5.78472  10.4917 -3.96732 0 0 0   -0.011 -0.02329  0.04412 -0.294293  0.634203 -0.119605 -0.00241962 -0.00211348 -0.00499949 -0.125083  0.436216  0.038056  -1.7962 -2.02638 -9.42783  6291
               275.2 16.7361 44.9572 90.1565  5.76036  10.5445 -3.97457 0 0 0   -0.011 -0.02329  0.04412 -0.224912   0.56997 -0.121391 -0.00242761 -0.00208732 -0.00496654 -0.123036  0.436521 0.0384504 -1.79606 -2.02656 -9.42782  6337
               275.3 16.3228 42.2728 88.6706  5.74047  10.5867 -3.98334 0 0 0   -0.011 -0.02329  0.04412 -0.176588  0.502983 -0.135435 -0.00239269 -0.00208584 -0.00499054 -0.120412  0.436728 0.0393436 -1.79591 -2.02682 -9.42779  6311
               275.4 15.8327  37.934 86.4979  5.72565  10.6236 -3.99487 0 0 0   -0.011 -0.02329  0.04412 -0.0992225   0.456333  -0.144134 -0.00238238 -0.00205217 -0.00500934 -0.118061  0.436847 0.0404016 -1.79578 -2.02708 -9.42776  6328
               275.5 14.5813 32.6802 81.6521   5.7215  10.6618 -4.00806 0 0 0   -0.011 -0.02329  0.04412 0.00966105   0.487352  -0.173303 -0.00236429 -0.00198777 -0.00498243 -0.116156  0.437095 0.0409796 -1.79565 -2.02727 -9.42774  6303
               275.6 14.2552 28.1096 75.8601  5.72838  10.7082 -4.02092 0 0 0   -0.011 -0.02329  0.04412 0.0666257  0.577265 -0.129629 -0.00232265 -0.00195866 -0.00500349 -0.114383  0.437623  0.041145 -1.79551 -2.02741 -9.42774  6303
               275.7 14.9079 23.9136 71.6787  5.73341  10.7572 -4.02567 0 0 0   -0.011 -0.02329  0.04412 0.0129829  0.557919 -0.033168 -0.00231174 -0.00192276 -0.00503069  -0.11217  0.437886 0.0412836 -1.79538 -2.02762 -9.42772  6230
               275.8 15.1395 19.7045 68.5515  5.72862  10.7996 -4.02529 0 0 0   -0.011 -0.02329  0.04412  -0.104937   0.455561 -0.0393568 -0.00224587 -0.00191066 -0.00509379  -0.10998  0.438068 0.0412924 -1.79528 -2.02783 -9.42769  6244
               275.9 15.1647 14.9532 66.1744  5.71217  10.8316 -4.02714 0 0 0   -0.011 -0.02329  0.04412  -0.225646   0.375699 -0.0565604 -0.00218011 -0.00188004 -0.00515371 -0.107722  0.438462 0.0409818 -1.79516 -2.02803 -9.42767  6235
                 276  14.646 9.31508 65.0679  5.68966  10.8581 -4.02408 0 0 0   -0.011 -0.02329  0.04412  -0.307439   0.320029 -0.0408962 -0.00209803 -0.00186013 -0.00522223 -0.105482  0.439384 0.0395165 -1.79498 -2.02821 -9.42767  6236
               276.1  13.531 4.08035 64.4417   5.6622  10.8865 -4.03013 0 0 0   -0.011 -0.02329  0.04412 -0.348697  0.349603 -0.112704 -0.00200343 -0.00187203 -0.00525602  -0.10479   0.44072 0.0389727 -1.79484 -2.02825 -9.42768  6250
               276.2  12.6535 0.233412  64.1521   5.6304  10.9195 -4.04079 0 0 0   -0.011 -0.02329  0.04412 -0.380067  0.378276 -0.154159 -0.00196527 -0.00190618 -0.00525843 -0.104161  0.441642 0.0380733 -1.79473  -2.0283 -9.42769  6228
               276.3   12.491 -2.73831  64.0458  5.58971  10.9482 -4.05835 0 0 0   -0.011 -0.02329  0.04412 -0.433158  0.379057  -0.16369 -0.00195356 -0.00193559 -0.00527737 -0.102521    0.4424 0.0379353 -1.79464 -2.02844 -9.42768  6229
               276.4  12.9243 -5.65038   64.457  5.54592   10.982 -4.07013 0 0 0   -0.011 -0.02329  0.04412 -0.453933   0.41243 -0.114946 -0.00194209 -0.00193125 -0.00528493 -0.101516  0.442843 0.0371986 -1.79457 -2.02855 -9.42767  6252
               276.5  13.9352 -8.81819  65.5051  5.50449   11.014 -4.07831 0 0 0   -0.011 -0.02329  0.04412  -0.435801    0.42694 -0.0251969 -0.00190882 -0.00192162 -0.00529969 -0.100131  0.444063 0.0367431 -1.79444 -2.02866 -9.42767  6241
               276.6  14.1236 -11.4914  64.8928  5.45946   11.049 -4.07797 0 0 0   -0.011 -0.02329  0.04412  -0.452883   0.456376 -0.0285061 -0.00187608  -0.0019336 -0.00528012 -0.0984838   0.444432  0.0359811 -1.79437 -2.02884 -9.42765  6236
               276.7  13.0356 -13.3728  62.9346  5.41809  11.0788 -4.08356 0 0 0   -0.011 -0.02329  0.04412  -0.416961   0.451503 -0.0962579 -0.00183466 -0.00197446 -0.00527534 -0.0961027   0.445617   0.034662  -1.7942 -2.02908 -9.42763  6245
               276.8   10.751 -14.1794  61.9339  5.38049  11.1154 -4.08973 0 0 0   -0.011 -0.02329  0.04412  -0.327566   0.467793 -0.0701424 -0.00183732 -0.00199582 -0.00528294 -0.0945467   0.446103  0.0333949 -1.79411 -2.02927  -9.4276  6287
               276.9  9.71084 -13.7354  62.2123  5.35565  11.1529 -4.09625 0 0 0   -0.011 -0.02329  0.04412  -0.219365   0.463646 -0.0881773 -0.00185252 -0.00203794 -0.00526166 -0.093274  0.446962 0.0324665 -1.79401 -2.02941 -9.42759  6242
                 277  9.11486 -12.8919  63.8015  5.34329  11.1954 -4.10634 0 0 0   -0.011 -0.02329  0.04412 -0.135616  0.536563 -0.121857 -0.00187786 -0.00203631 -0.00530269 -0.0926773   0.448371  0.0319161 -1.79387 -2.02945 -9.42761  6226
               277.1  7.62444 -9.94018   65.341  5.34192  11.2465 -4.11875 0 0 0   -0.011 -0.02329  0.04412 -0.0120766   0.685831  -0.155227 -0.00186885 -0.00208763 -0.00526334 -0.0915778   0.450165  0.0309735  -1.7937 -2.02955 -9.42762  6222
               277.2  6.35111 -4.60282  68.1475   5.3522  11.3106 -4.13119 0 0 0   -0.011 -0.02329  0.04412  0.110516  0.777693 -0.183998 -0.00191891 -0.00216043 -0.00527468 -0.0905949   0.451566  0.0294254 -1.79357  -2.0297 -9.42762  6248
               277.3  6.1546 1.61396 71.6665   5.3749  11.3829 -4.14823 0 0 0   -0.011 -0.02329  0.04412  0.221744  0.838468 -0.217133 -0.00195132 -0.00216849 -0.00528317 -0.0895297   0.453143  0.0282042 -1.79341 -2.02981 -9.42762  6222
               277.4 7.64443 6.78988 76.5337    5.398  11.4497 -4.17115 0 0 0   -0.011 -0.02329  0.04412  0.257219  0.805138 -0.188954 -0.00203735 -0.00217576  -0.0053105  -0.08664  0.453908 0.0276159 -1.79327 -2.03005  -9.4276  6215
               277.5 10.4524 10.4117 84.2664  5.42086  11.5192 -4.18364 0 0 0   -0.011 -0.02329  0.04412  0.201616  0.844837 -0.080604 -0.00210327 -0.00214273 -0.00538022 -0.084387  0.454369 0.0269531 -1.79315 -2.03025 -9.42758  6156
             277.599 12.9429 15.2389  91.719  5.43402  11.5979 -4.19337 0 0 0   -0.011 -0.02329  0.04412  0.107854  0.821215 -0.139255 -0.00215014 -0.00214825 -0.00534319 -0.082757  0.454155 0.0268575 -1.79309 -2.03041 -9.42755  6312
               277.7 15.7814 18.0648 97.0338  5.44183  11.6609 -4.21421 0 0 0   -0.011 -0.02329  0.04412 0.0197563  0.697244 -0.197443 -0.00218784 -0.00213511 -0.00528558 -0.0802442   0.454766  0.0272557 -1.79289  -2.0306 -9.42755  6285
               277.8 17.5055 19.7616 100.446  5.43949  11.7185 -4.23029 0 0 0   -0.011 -0.02329  0.04412 -0.0670884   0.650985  -0.173236 -0.00223065 -0.00208736 -0.00525746 -0.0778832    0.45455  0.0270565 -1.79274 -2.03084 -9.42753  6339
               277.9 17.8097 21.1812 102.004  5.43295   11.771 -4.24775 0 0 0   -0.011 -0.02329  0.04412 -0.118389  0.603568 -0.195949 -0.00222053 -0.00207176  -0.0052371 -0.075463  0.454833  0.027197 -1.79251 -2.03104 -9.42753  6285
                 278  17.961  21.986 102.768  5.42181  11.8179 -4.26337 0 0 0   -0.011 -0.02329  0.04412 -0.160257  0.565857 -0.207555 -0.00222589 -0.00205917 -0.00520819 -0.072408  0.454575 0.0269527 -1.79225 -2.03133 -9.42751  6334
               278.1 18.5722 22.0526 103.373 5.40588  11.859 -4.2799 0 0 0   -0.011 -0.02329  0.04412 -0.190828  0.503215 -0.195494 -0.00224221 -0.00208598 -0.00520772 -0.0691091   0.454035  0.0269527 -1.79199 -2.03167 -9.42749  6295
               278.2  19.467 19.7464 103.355  5.38988  11.8951 -4.29511 0 0 0   -0.011 -0.02329  0.04412 -0.199879  0.452519 -0.160263 -0.00220449 -0.00203956  -0.0052321 -0.0663247   0.454016  0.0271118 -1.79172 -2.03192 -9.42749  6262
               278.3 20.6505 16.1181  102.54   5.3704  11.9303 -4.30449 0 0 0   -0.011 -0.02329  0.04412 -0.229221    0.4886 -0.110071 -0.00223623 -0.00195602 -0.00520343 -0.0634142   0.453422  0.0270281 -1.79148 -2.03223 -9.42747  6308
               278.4 21.1563 13.1907 101.455  5.34592  11.9733 -4.30977 0 0 0   -0.011 -0.02329  0.04412  -0.271432   0.593666 -0.0509847 -0.00217058 -0.00193261 -0.00522984 -0.0609773   0.452808  0.0271248  -1.7913 -2.03251 -9.42744  6281
               278.5 20.9466 12.5497 100.821  5.31738  12.0264 -4.31321 0 0 0   -0.011 -0.02329  0.04412  -0.294547   0.669333 -0.0832882 -0.00214675 -0.00195645 -0.00520447 -0.0585584   0.452171  0.0271887 -1.79111 -2.03279 -9.42742  6262
               278.6 20.6805 12.8728 101.197  5.29124  12.0826 -4.32147 0 0 0   -0.011 -0.02329  0.04412 -0.260965    0.6708  -0.12034 -0.00212502 -0.00201842 -0.00522436 -0.0560766   0.451745  0.0269898  -1.7909 -2.03305  -9.4274  6285
               278.7 20.2361 13.9487 102.611  5.26895  12.1403 -4.33161 0 0 0   -0.011 -0.02329  0.04412 -0.221324  0.713642 -0.117376 -0.00209602 -0.00203923 -0.00524103 -0.053424  0.451557 0.0270204 -1.79066 -2.03331 -9.42739  6302
               278.8 20.7618 15.6322  104.31  5.24877  12.2017 -4.34294 0 0 0   -0.011 -0.02329  0.04412 -0.208024  0.717765 -0.194286 -0.00216546 -0.00206527 -0.00524839 -0.0509165   0.450911   0.026628 -1.79046 -2.03359 -9.42737  6255
               278.9 21.2764 16.6894 105.935 5.22951 12.2609 -4.3633 0 0 0   -0.011 -0.02329  0.04412 -0.209318  0.723547 -0.261186 -0.00219681 -0.00205594 -0.00521934 -0.047983  0.450395 0.0264858 -1.79021 -2.03389 -9.42735  6287
                 279 21.3601 17.6841 107.521 5.21402 12.3218 -4.3896 0 0 0   -0.011 -0.02329  0.04412 -0.160471  0.745909 -0.294492 -0.00217809 -0.00207394  -0.0052032 -0.0450204   0.450223  0.0264921 -1.78993 -2.03417 -9.42734  6313
               279.1 21.7096 18.8246 109.399  5.20291   12.385 -4.41737 0 0 0   -0.011 -0.02329  0.04412 -0.106501  0.815519  -0.26887 -0.00217902 -0.00210688 -0.00521405 -0.0418082   0.449805  0.0267475 -1.78964 -2.03449 -9.42733  6281
               279.2 22.4798 21.4391   111.6  5.1924 12.4605 -4.4349 0 0 0   -0.011 -0.02329  0.04412 -0.145434  0.933382 -0.152767 -0.00221323 -0.00212256 -0.00520857 -0.0389833   0.448924  0.0266627 -1.78941 -2.03481  -9.4273  6325
               279.3 22.9075 25.8584 114.893  5.17573  12.5452 -4.44544 0 0 0   -0.011 -0.02329  0.04412 -0.214438  0.925073 -0.126693 -0.00225455 -0.00212536 -0.00516888 -0.0366718   0.448378  0.0268663 -1.78921 -2.03506 -9.42729  6317
               279.4 24.0955 28.2826 119.256  5.15362  12.6172 -4.45952 0 0 0   -0.011 -0.02329  0.04412 -0.231268  0.756841 -0.168264 -0.00229057 -0.00210818 -0.00518329 -0.0341084   0.447515  0.0275097   -1.789 -2.03537 -9.42726  6344
               279.5 25.7582 28.8458 123.581  5.13281  12.6788 -4.46934 0 0 0   -0.011 -0.02329  0.04412  -0.26105  0.695486 -0.142139 -0.00232669 -0.00212018 -0.00517755 -0.0312218   0.446761  0.0275388 -1.78873 -2.03567 -9.42725  6320
               279.6 27.2004 29.0248 127.191  5.10905  12.7337 -4.48039 0 0 0   -0.011 -0.02329  0.04412 -0.278984   0.61786 -0.143726 -0.00230446 -0.00211086 -0.00513959 -0.0286124   0.446068  0.0281613 -1.78847 -2.03596 -9.42723  6366
               279.7 27.4646 27.7276  128.76  5.08199  12.7803 -4.49208 0 0 0   -0.011 -0.02329  0.04412 -0.323988  0.575184 -0.176707 -0.00231262 -0.00202182   -0.005093 -0.0257955   0.444996  0.0288898  -1.7882  -2.0363 -9.42721  6373
               279.8 27.8564 26.7897 129.886  5.04353  12.8238 -4.51169 0 0 0   -0.011 -0.02329  0.04412 -0.413517  0.587018 -0.213567 -0.00231698 -0.00204213 -0.00509552 -0.0235395    0.44327  0.0302869 -1.78802 -2.03672 -9.42716  6377
               279.9 28.1535 26.3772 130.319 4.99928 12.8715 -4.5287 0 0 0   -0.011 -0.02329  0.04412 -0.478985  0.621749 -0.187555 -0.00230618 -0.00205545 -0.00507755 -0.0210457   0.441675  0.0311791 -1.78778 -2.03711 -9.42712  6342
                 280 27.9483 25.7701 128.483  4.95386  12.9208 -4.54077 0 0 0   -0.011 -0.02329  0.04412 -0.490394  0.662258 -0.124542 -0.00231766 -0.00203341 -0.00502035 -0.0181027   0.440125   0.032118 -1.78748 -2.03752 -9.42708  6332
               280.1 27.5655 26.4656 125.585  4.90895  12.9788 -4.54384 0 0 0   -0.011 -0.02329  0.04412  -0.501709   0.733629 -0.0580038 -0.00232237 -0.00202292 -0.00496792 -0.0151388   0.438959  0.0327573 -1.78715 -2.03786 -9.42707  6365
               280.2  26.634 28.2635  122.25 4.86667 13.0366 -4.5491 0 0 0   -0.011 -0.02329  0.04412  -0.369791   0.620527 -0.0862852 -0.00231491 -0.00203933 -0.00495641 -0.0124388   0.437818  0.0336369 -1.78686 -2.03821 -9.42705  6357
               280.3 23.6149 25.1567 112.563  4.83628  13.0735 -4.54954 0 0 0   -0.011 -0.02329  0.04412  -0.275335   0.429609 -0.0107352 -0.00233861 -0.00190446 -0.00493148 -0.00981241    0.436043   0.0344779 -1.78664 -2.03862 -9.42701  6341
               280.4 18.6595 21.1986 99.3454    4.811  13.1018 -4.54763 0 0 0   -0.011 -0.02329  0.04412  -0.273765   0.419606 -0.0657066 -0.00228349 -0.00184224 -0.00492973 -0.00685018    0.434871   0.0350606 -1.78637 -2.03898 -9.42698  6347
               280.5 15.2672  18.525 84.8094   4.7861  13.1321 -4.55812 0 0 0   -0.011 -0.02329  0.04412 -0.215282  0.482682 -0.183112 -0.00226277 -0.00183148 -0.00496322 -0.00416322    0.433979   0.0358083 -1.78616 -2.03931 -9.42695  6306
               280.6 13.7765 17.9356 71.4122 4.77229 13.1764 -4.5756 0 0 0   -0.011 -0.02329  0.04412 -0.142142  0.577296 -0.243328 -0.00228123 -0.00178747 -0.00498868 -0.00175017    0.434024   0.0355853 -1.78595 -2.03951 -9.42694  6311
               280.7 13.2406 16.5151 63.4591  4.76481  13.2292 -4.59372 0 0 0   -0.011 -0.02329  0.04412 -0.106073  0.618759 -0.216254 -0.00224242 -0.00171496 -0.00512432 0.00028194   0.434609  0.0347797 -1.78578 -2.03965 -9.42695  6250
               280.8 13.3456 14.2408 58.8008   4.7575  13.2887 -4.60775 0 0 0   -0.011 -0.02329  0.04412 -0.0797415   0.719332  -0.118865 -0.00224922 -0.00170477 -0.00517674 0.00184504   0.435186  0.0343064 -1.78568 -2.03977 -9.42694  6253
               280.9  13.359  13.077 56.2825 4.75338 13.3569 -4.6144 0 0 0   -0.011 -0.02329  0.04412 -0.0618885   0.727799 -0.0473429 -0.00221788 -0.00171469 -0.00523447 0.00274473   0.435915  0.0340134 -1.78561 -2.03984 -9.42694  6252
                 281 14.6783  12.106 57.9122  4.74468  13.4232 -4.61754 0 0 0   -0.011 -0.02329  0.04412 -0.159838  0.683058 -0.073236 -0.00220862 -0.00173392 -0.00532943 0.00359667    0.43655  0.0333973 -1.78556 -2.03991 -9.42693  6203
               281.1 15.1866 10.9906 62.5237  4.72689  13.4824 -4.62555 0 0 0   -0.011 -0.02329  0.04412  -0.258674   0.620272 -0.0884132 -0.00215743 -0.00176932 -0.00538956 0.00444629   0.437702  0.0331063  -1.7855 -2.03999 -9.42693  6267
               281.2 14.8525 8.43682 67.2139 4.70198 13.5327 -4.6369 0 0 0   -0.011 -0.02329  0.04412 -0.331479  0.466043 -0.149656 -0.00211372 -0.00172224 -0.00539881 0.00492351   0.438931  0.0327665 -1.78541 -2.04004 -9.42693  6214
               281.3 15.0245 3.56504 70.0077  4.66696  13.5668 -4.65449 0 0 0   -0.011 -0.02329  0.04412 -0.372457  0.394422 -0.201134 -0.00213721 -0.00168911 -0.00534552 0.0061238  0.439675 0.0324517 -1.78536 -2.04013 -9.42692  6245
               281.4 15.6193 1.54974  72.136  4.63105  13.6057 -4.67414 0 0 0   -0.011 -0.02329  0.04412 -0.398596  0.477634 -0.219383 -0.00210801 -0.00177033 -0.00531964 0.00684546   0.440303  0.0319554  -1.7853  -2.0402 -9.42692  6236
               281.5 16.6704 2.08049 74.4866   4.5895  13.6533 -4.69143 0 0 0   -0.011 -0.02329  0.04412 -0.459214  0.557767 -0.181884 -0.00212271 -0.00180474 -0.00529985 0.00770207   0.440539  0.0310117 -1.78525  -2.0403  -9.4269  6251
               281.6 17.3851 3.42832  77.457  4.5447 13.7057 -4.6998 0 0 0   -0.011 -0.02329  0.04412  -0.492069   0.633701 -0.0665935 -0.00212983 -0.00182352   -0.005307 0.00897855   0.441133  0.0299323 -1.78515 -2.04043  -9.4269  6272
               281.7 17.3731 5.70109 80.6798  4.49936  13.7639 -4.70051 0 0 0   -0.011 -0.02329  0.04412  -0.476521   0.664985 -0.0247893 -0.00213822 -0.00184975 -0.00528762 0.0103585  0.441772 0.0289091 -1.78503 -2.04057 -9.42689  6249
               281.8  16.952  6.8322 86.2077  4.45733  13.8182 -4.70135 0 0 0   -0.011 -0.02329  0.04412 -0.384584  0.503025 -0.069431 -0.00216352 -0.00185238 -0.00527874 0.0117136  0.442195 0.0280092 -1.78493 -2.04069 -9.42688  6262
               281.9    18.0861 -0.0484596    93.9323  4.43393  13.8453 -4.70819 0 0 0   -0.011 -0.02329  0.04412 -0.201616    0.2469 -0.117777  -0.0021376  -0.0017566 -0.00535866 0.0136081  0.443196 0.0270444 -1.78474 -2.04084 -9.42689  6297
                 282  18.9449 -8.55731   96.519  4.42256  13.8611 -4.71625 0 0 0   -0.011 -0.02329  0.04412  -0.123184   0.277203 -0.0995626 -0.00206764 -0.00173505 -0.00528498 0.0154454  0.443648 0.0260928 -1.78457 -2.04099 -9.42688  6322
             282.101  18.9269 -13.2985  95.3748  4.41355  13.8866 -4.72483 0 0 0   -0.011 -0.02329  0.04412 -0.119896  0.350618  -0.14542 -0.00197747 -0.00174588 -0.00523924 0.0167037  0.443816 0.0251461 -1.78444 -2.04112 -9.42688  6278
               282.2   17.608 -16.8503  94.6317 4.40596 13.9139 -4.7398 0 0 0   -0.011 -0.02329  0.04412 -0.0748488    0.40411  -0.183296  -0.0019051 -0.00177391 -0.00525701 0.0186627  0.443737 0.0242587 -1.78426 -2.04132 -9.42687  6304
               282.3   16.717 -18.4633  91.3553  4.40392  13.9457 -4.75785 0 0 0   -0.011 -0.02329  0.04412 -0.00844075    0.518548   -0.178821 -0.00184742  -0.0018178 -0.00520603 0.0210859  0.443335 0.0231988 -1.78405  -2.0416 -9.42685  6285
               282.4 17.2775 -18.309 83.1953  4.40607   13.982 -4.77358 0 0 0   -0.011 -0.02329  0.04412 0.0252621  0.471817 -0.184842 -0.00183442 -0.00184209  -0.0050962 0.0235125  0.442591 0.0217165 -1.78385 -2.04194 -9.42682  6288
               282.5  18.823 -20.251  73.573  4.40994  14.0141 -4.79159 0 0 0   -0.011 -0.02329  0.04412 -0.00603916      0.4459   -0.119222 -0.00185545 -0.00179497 -0.00510091 0.0257439  0.442627  0.020953 -1.78365 -2.04214 -9.42681  6273
               282.6 19.5178 -21.398 65.2693  4.40734  14.0468 -4.80264 0 0 0   -0.011 -0.02329  0.04412 -0.0724663   0.453161  -0.130551  -0.0018123 -0.00180792 -0.00510747 0.0278371  0.442564   0.01984  -1.7835 -2.04237 -9.42679  6264
               282.7  19.7485 -21.9746  59.7315  4.39908  14.0838 -4.81553 0 0 0   -0.011 -0.02329  0.04412 -0.142792  0.454239 -0.147852 -0.00180248 -0.00183452 -0.00519217  0.028947  0.442784 0.0185846  -1.7834 -2.04254 -9.42677  6301
               282.8  20.0011 -21.8177  54.6893  4.38333  14.1242 -4.82635 0 0 0   -0.011 -0.02329  0.04412 -0.226299  0.476569 -0.117456 -0.00180544 -0.00185619 -0.00519716 0.0297196  0.443123 0.0175098 -1.78334 -2.04266 -9.42676  6304
               282.9 19.1194 -22.107 51.0001  4.36264  14.1667 -4.83379 0 0 0   -0.011 -0.02329  0.04412 -0.321655  0.496478 -0.129296 -0.00179251 -0.00185626  -0.0052309 0.0299229  0.444123 0.0158325 -1.78325  -2.0428 -9.42674  6295
                 283  17.5243 -23.1021  48.6938   4.3305  14.2096 -4.84592 0 0 0   -0.011 -0.02329  0.04412 -0.426181  0.500527 -0.165501 -0.00178588 -0.00186153 -0.00524542 0.0302907  0.445174 0.0145112 -1.78318 -2.04292 -9.42673  6287
               283.1  15.6819 -24.4387  47.0935   4.2883  14.2541 -4.86064 0 0 0   -0.011 -0.02329  0.04412  -0.50614  0.510311 -0.165626 -0.00175676 -0.00188305 -0.00525169 0.0305509  0.446232 0.0133829 -1.78312 -2.04303 -9.42672  6329
               283.2  14.5517 -25.6518  44.9548  4.24026  14.2967 -4.87571 0 0 0   -0.011 -0.02329  0.04412 -0.553863  0.475459 -0.156074 -0.00174776 -0.00189696 -0.00524382 0.0308086  0.447552 0.0123901 -1.78306 -2.04314  -9.4267  6275
               283.3  14.2065 -27.3026  42.4776  4.18906  14.3387 -4.88621 0 0 0   -0.011 -0.02329  0.04412  -0.558605    0.50179 -0.0727362 -0.00176014 -0.00190432 -0.00523683 0.0308179  0.448838 0.0114054 -1.78301 -2.04324 -9.42669  6298
               283.4  12.5398 -28.4452  40.9837  4.14239  14.3863 -4.88614 0 0 0   -0.011 -0.02329  0.04412  -0.479775   0.495814 -0.0279735 -0.00172232 -0.00191278 -0.00524347 0.0302967  0.449792 0.0104367 -1.78298 -2.04333 -9.42668  6303
               283.5 10.9349 -29.289 39.7287  4.10678  14.4258 -4.89164 0 0 0   -0.011 -0.02329  0.04412   -0.38458   0.409651 -0.0844378 -0.00168735 -0.00194413 -0.00520908  0.0300559   0.451562 0.00987612  -1.7829 -2.04342 -9.42667  6294
               283.6 9.35418 -30.337   39.61  4.07659  14.4577 -4.89884 0 0 0   -0.011 -0.02329  0.04412  -0.315457   0.314861 -0.0828885 -0.00169759  -0.0019664 -0.00524544  0.0298312   0.452676 0.00924496 -1.78287  -2.0435 -9.42666  6283
               283.7  7.80745 -31.6606  40.9052   4.0547  14.4802 -4.90481 0 0 0   -0.011 -0.02329  0.04412  -0.234416   0.227569 -0.0842874 -0.00170263 -0.00197354 -0.00526208  0.0294585   0.454021 0.00854263 -1.78284 -2.04359 -9.42665  6263
               283.8  7.09671 -33.0408  43.3398  4.03795  14.4927 -4.91432 0 0 0   -0.011 -0.02329  0.04412    -0.152  0.141604 -0.104612 -0.00174739 -0.00199784 -0.00527947  0.0296337   0.455066 0.00804121 -1.78282 -2.04367 -9.42664  6265
               283.9  6.56045 -34.1575  46.6441 4.03479 14.5001 -4.9215 0 0 0   -0.011 -0.02329  0.04412 -0.0512419  0.0937555 -0.0879733 -0.00174481 -0.00200779 -0.00530892  0.0289783   0.456471 0.00741511 -1.78278 -2.04376 -9.42662  6254
                 284  6.42709 -34.6163  50.0344  4.04353  14.5059 -4.92364 0 0 0   -0.011 -0.02329  0.04412  0.0695445  0.0891219 -0.0288113 -0.00175998 -0.00198439 -0.00531339  0.0280817   0.457846 0.00669425 -1.78274 -2.04386 -9.42661  6285
               284.1  6.86695 -34.4911  53.6407  4.06279  14.5077 -4.92533 0 0 0   -0.011 -0.02329  0.04412   0.181785  0.0272273 -0.0214281 -0.00177513 -0.00198764 -0.00531773  0.0278861   0.459314 0.00641913 -1.78268 -2.04392 -9.42661  6264
               284.2  9.07914 -34.8866  57.4906 4.08997 14.5009 -4.9274 0 0 0   -0.011 -0.02329  0.04412   0.273351 -0.0404082 -0.0366202 -0.00179224 -0.00197048 -0.00531979  0.0280366   0.460579 0.00577245 -1.78264 -2.04401  -9.4266  6282
               284.3 12.2858 -35.539 61.9283  4.12853  14.4893 -4.93093 0 0 0   -0.011 -0.02329  0.04412   0.336022 -0.0385851 -0.0442251 -0.00180115 -0.00193675 -0.00536594   0.028101   0.462328 0.00513147 -1.78256 -2.04409 -9.42659  6298
               284.4  15.2618 -35.7988  65.8593  4.16646  14.4803 -4.93723 0 0 0   -0.011 -0.02329  0.04412     0.3681 -0.0109495 -0.0531877 -0.00175912 -0.00192468 -0.00536016  0.0288426   0.463414 0.00467416  -1.7825 -2.04416 -9.42659  6285
               284.5  18.6356 -36.3332  69.9121  4.21251  14.4738 -4.94137 0 0 0   -0.011 -0.02329  0.04412   0.443869 -0.0146397 -0.0926373 -0.00177966  -0.0018401 -0.00539664  0.0288125   0.464442 0.00371179 -1.78244 -2.04425 -9.42658  6281
               284.6  21.5955 -37.2564  74.4784  4.25914  14.4637 -4.95049 0 0 0   -0.011 -0.02329  0.04412   0.44964 0.0175436  -0.10471 -0.00176373  -0.0018168 -0.00538526  0.0296907   0.464987 0.00224153 -1.78238 -2.04442 -9.42655  6339
               284.7 23.3875 -37.902 79.2049 4.30675  14.464  -4.954 0 0 0   -0.011 -0.02329  0.04412   0.450541   0.141323 -0.0184217 -0.00175869 -0.00175592 -0.00541159   0.0298249    0.465301 0.000693076 -1.78234 -2.04458 -9.42653  6281
               284.8  24.5172 -36.5722  86.2827   4.3566  14.4716 -4.95184 0 0 0   -0.011 -0.02329  0.04412   0.485553   0.237202 0.00584391 -0.00178394 -0.00178286 -0.00542057   0.0310687    0.465518 -0.00112507 -1.78223 -2.04481  -9.4265  6323
               284.9 26.5067  -35.87 94.7455  4.40705  14.4833 -4.95359 0 0 0   -0.011 -0.02329  0.04412   0.438583   0.227159 -0.0625795 -0.00184918 -0.00172471 -0.00544325   0.0321884    0.465642 -0.00293316 -1.78209 -2.04503 -9.42648  6282
                 285  28.0416 -36.2216  103.621 4.45069 14.4935 -4.9602 0 0 0   -0.011 -0.02329  0.04412    0.33276   0.240786 -0.0750651 -0.00187723 -0.00168107  -0.0054883   0.0337568    0.465744 -0.00467727  -1.7819 -2.04525 -9.42647  6359
               285.1  28.7756 -36.7722  112.394    4.483  14.5052 -4.96536 0 0 0   -0.011 -0.02329  0.04412   0.223608   0.256473 -0.0593828 -0.00185835 -0.00162462 -0.00546747    0.035245    0.465181 -0.00665519 -1.78168 -2.04554 -9.42644  6282
               285.2  28.4781 -37.5513  121.436  4.50678  14.5145 -4.96708 0 0 0   -0.011 -0.02329  0.04412   0.118405   0.225273 -0.0328309 -0.00185649  -0.0015887 -0.00546241   0.0369987    0.464172 -0.00903992 -1.78139  -2.0459 -9.42642  6370
               285.3  27.2958 -38.2884   128.88  4.51736  14.5215 -4.96695 0 0 0   -0.011 -0.02329  0.04412 0.0230323  0.202369 -0.014923 -0.00181794  -0.0015246 -0.00542648  0.0386135    0.46253 -0.0108865 -1.78111 -2.04629 -9.42639  6281
             285.403  25.2702 -38.9289  134.765  4.51691  14.5219 -4.96608 0 0 0   -0.011 -0.02329  0.04412 -0.0690411   0.149859  0.0193715 -0.00178497  -0.0014996 -0.00540218  0.0405558   0.460079 -0.0124518 -1.78079 -2.04677 -9.42635  6340
               285.5  22.1272 -38.8127   139.31 4.51917  14.524 -4.9656 0 0 0   -0.011 -0.02329  0.04412 -0.0543068   0.188158  0.0155485 -0.00175178 -0.00152166 -0.00536626    0.04306   0.458788 -0.0139732 -1.78034 -2.04705 -9.42637  6311
               285.6  20.2591 -38.7107  144.719  4.52813  14.5317 -4.96179 0 0 0   -0.011 -0.02329  0.04412  -0.0084894      0.2314 -0.00919056 -0.00177248 -0.00152421 -0.00535079  0.0451296   0.456806 -0.0161913 -1.77985 -2.04745 -9.42638  6349
               285.7  19.6618 -38.9667  149.203  4.53187  14.5368 -4.95886 0 0 0   -0.011 -0.02329  0.04412 -0.0429715   0.211284  0.0091973 -0.00180521 -0.00149623 -0.00532721 0.0468124  0.453635 -0.017979 -1.77942 -2.04801 -9.42634  6312
               285.8 20.0495 -38.925 151.001  4.53099  14.5428 -4.95964 0 0 0   -0.011 -0.02329  0.04412  -0.0820214    0.200401 -0.00423574 -0.00177278 -0.00149963 -0.00531801  0.0487004    0.45118 -0.0189028 -1.77902 -2.04842 -9.42632  6333
               285.9  20.8893 -38.5784  150.729  4.53014  14.5464 -4.95847 0 0 0   -0.011 -0.02329  0.04412 -0.131334  0.185185 0.0209478 -0.00174726 -0.00146137 -0.00527244  0.0507867   0.448403 -0.0203838 -1.77851 -2.04888 -9.42632  6304
                 286 20.5913 -36.883 150.462  4.52142  14.5496 -4.95102 0 0 0   -0.011 -0.02329  0.04412 -0.238742  0.166674 0.0939036 -0.00174105 -0.00146921 -0.00527787  0.0524563   0.445466 -0.0218459 -1.77805 -2.04936  -9.4263  6314
               286.1  16.2005 -31.7409  151.603 4.49505 14.5455 -4.9353 0 0 0   -0.011 -0.02329  0.04412 -0.418917  0.187221  0.191016 -0.00170518  -0.0015677 -0.00524027  0.0543897   0.441687 -0.0230916 -1.77753 -2.04998 -9.42626  6299
               286.2  11.5737 -23.4143  157.018  4.46376  14.5563 -4.91423 0 0 0   -0.011 -0.02329  0.04412 -0.370947    0.2861  0.163666 -0.00181663 -0.00166369 -0.00532128 0.0561462  0.439101 -0.024503 -1.77708  -2.0504 -9.42626  6297
               286.3   10.081 -16.0129  164.995  4.43863   14.567 -4.89989 0 0 0   -0.011 -0.02329  0.04412 -0.306539  0.287748  0.105881 -0.00195599 -0.00165381 -0.00539938 0.0583484  0.435733 -0.025691 -1.77655 -2.05094 -9.42624  6273
               286.4  11.0354 -10.0966   170.21  4.41795  14.5796 -4.89229 0 0 0   -0.011 -0.02329  0.04412 -0.296028  0.287871 0.0629232 -0.00201775 -0.00159725 -0.00531871  0.0606966   0.432871 -0.0265101 -1.77604 -2.05139 -9.42624  6276
               286.5 13.0033 -4.2552 172.864  4.39624  14.5889 -4.89243 0 0 0   -0.011 -0.02329  0.04412 -0.308189  0.268376 0.0130389 -0.00209245 -0.00160015 -0.00525154  0.0633343    0.42958 -0.0265461 -1.77547 -2.05188 -9.42624  6248
               286.6 14.5749 1.48524 173.786  4.37217   14.596 -4.89593 0 0 0   -0.011 -0.02329  0.04412  -0.305189   0.253532 -0.0243677 -0.00212332 -0.00154217 -0.00517713  0.0655103   0.425999 -0.0263192 -1.77494 -2.05243 -9.42622  6239
               286.7 16.1794 5.61124 173.691  4.35155  14.6007 -4.90043 0 0 0   -0.011 -0.02329  0.04412   -0.24146   0.229945 -0.0457914 -0.00217341  -0.0014892  -0.0051532  0.0673833   0.421942 -0.0261333 -1.77442 -2.05306 -9.42618  6196
               286.8 17.2853 8.20055  173.29  4.33654   14.601 -4.90646 0 0 0   -0.011 -0.02329  0.04412  -0.226616   0.212147 -0.0494182 -0.00223502 -0.00145038 -0.00514442 0.0694545  0.417459 -0.025495 -1.77384 -2.05375 -9.42614  6217
               286.9 18.5382  10.962 172.391  4.32553   14.606 -4.90963 0 0 0   -0.011 -0.02329  0.04412  -0.190897   0.243427 -0.0518157 -0.00223647 -0.00143141 -0.00515119  0.0717585   0.413613 -0.0250533 -1.77325 -2.05432 -9.42612  6221
                 287 20.1707 13.9208 168.226  4.31857  14.6183 -4.91436 0 0 0   -0.011 -0.02329  0.04412  -0.165216   0.318957 -0.0711603  -0.0022421 -0.00136962 -0.00508373  0.0740213   0.410384 -0.0243349  -1.7727  -2.0548 -9.42612  6214
               287.1 22.2357 19.5978 160.722  4.30954  14.6388 -4.91875 0 0 0   -0.011 -0.02329  0.04412 -0.211324   0.42974 -0.117074 -0.00230064  -0.0013747 -0.00504982  0.0762434   0.406761 -0.0239153 -1.77218 -2.05535  -9.4261  6203
               287.2 25.2589 27.5076 154.333 4.30023 14.6709   -4.93 0 0 0   -0.011 -0.02329  0.04412 -0.155098  0.484333 -0.169838 -0.00237489  -0.0013567 -0.00506017  0.0786961   0.403824 -0.0232171 -1.77167  -2.0558  -9.4261  6127
               287.3 28.2867 32.8972 151.548  4.29541  14.6965 -4.94607 0 0 0   -0.011 -0.02329  0.04412 -0.116192  0.386003 -0.152186 -0.00240297 -0.00129111 -0.00514711  0.0811342   0.400725 -0.0217433 -1.77118 -2.05633 -9.42608  6083
               287.4 29.5685 36.9707 149.799   4.2883  14.7176 -4.95624 0 0 0   -0.011 -0.02329  0.04412 -0.0828232   0.379926  -0.133365 -0.00240212 -0.00123412 -0.00517448  0.0831924   0.397827 -0.0206966 -1.77084 -2.05683 -9.42603  6076
               287.5 30.4053 41.3212  145.92  4.29205  14.7416 -4.96787 0 0 0   -0.011 -0.02329  0.04412 0.0418937  0.406583 -0.130895 -0.00243515 -0.00121227 -0.00513849 0.0855347  0.395944 -0.019094 -1.77047 -2.05723 -9.42601  6032
               287.6 30.3308  45.517 137.627  4.30093  14.7659 -4.98798 0 0 0   -0.011 -0.02329  0.04412  0.163037  0.405291 -0.152187 -0.00258565 -0.00109516 -0.00509017  0.0864278   0.394101 -0.0167627  -1.7703 -2.05766 -9.42595  6008
               287.7 28.5391 49.5851  126.11  4.32216  14.7888 -5.00327 0 0 0   -0.011 -0.02329  0.04412 0.225402 0.350903 -0.13349 -0.00262067 -0.00102417 -0.00507901  0.0880354   0.392503 -0.0148128 -1.77009 -2.05805 -9.42591  6014
               287.8 24.7258 52.7985 113.638  4.34591   14.807 -5.01735 0 0 0   -0.011 -0.02329  0.04412  0.240983  0.286944 -0.115662  -0.00262104 -0.000910936  -0.00512624  0.0893581   0.391466 -0.0129308 -1.76993 -2.05837 -9.42586  6029
               287.9 18.9642 55.1047 99.4557  4.37044  14.8186 -5.02609 0 0 0   -0.011 -0.02329  0.04412   0.243399   0.213188 -0.0725961 -0.00267794 -0.00083404 -0.00513584  0.0908946   0.390561 -0.0113007 -1.76981 -2.05867 -9.42582  6071
                 288 12.1897 55.8338 85.7701  4.39242  14.8223 -5.02882 0 0 0   -0.011 -0.02329  0.04412   0.203299    0.14283 -0.0188777  -0.00265427 -0.000783248  -0.00518168   0.0926239    0.389901 -0.00967785 -1.76972 -2.05897 -9.42578  6039
               288.1 6.93781 55.3503 75.6274  4.41103  14.8254 -5.02513 0 0 0   -0.011 -0.02329  0.04412  0.157326  0.109815 0.0235712  -0.00265516 -0.000719803  -0.00524732   0.0941651    0.389781 -0.00874739 -1.76965 -2.05914 -9.42575  6057
               288.2  3.7564 54.6616 69.3696  4.42455  14.8254 -5.02433 0 0 0   -0.011 -0.02329  0.04412   0.11917 0.0874341  0.031926  -0.00259765 -0.000706916  -0.00526937   0.0949371    0.390034 -0.00747296 -1.76963 -2.05931 -9.42572  6095
               288.3 3.41654 53.9467 67.5439  4.43974   14.829 -5.01708 0 0 0   -0.011 -0.02329  0.04412 0.0803366 0.0928709 0.0567937  -0.00261906 -0.000665852  -0.00527082   0.0958795    0.390924 -0.00720064 -1.76956 -2.05937 -9.42572  6073
               288.4 4.01539 53.1425 68.5307  4.43956  14.8299 -5.01329 0 0 0   -0.011 -0.02329  0.04412 -0.0211816   0.100911  0.0473497  -0.00260015 -0.000681967  -0.00532527   0.0966197    0.390965 -0.00608226 -1.76959 -2.05951 -9.42568  6062
               288.5 4.01699 52.5366 71.2298  4.43441  14.8354 -5.01226 0 0 0   -0.011 -0.02329  0.04412 -0.122647  0.130077 0.0276451 -0.00254918 -0.00065291 -0.00534672  0.0968552   0.391664 -0.0053379 -1.76957 -2.05959 -9.42567  6116
               288.6 5.04607 51.9111 77.5442   4.4161  14.8393 -5.01359 0 0 0   -0.011 -0.02329  0.04412 -0.217752  0.113815 0.0314312  -0.00248854 -0.000717861  -0.00538055   0.0970999    0.392138 -0.00417976 -1.76958 -2.05971 -9.42564  6038
               288.7 7.19025 50.9634 87.2859  4.38819  14.8403 -5.01509 0 0 0   -0.011 -0.02329  0.04412 -0.340516 0.0645181 0.0481087  -0.00242477 -0.000775356  -0.00543229   0.0972522    0.392691 -0.00291947 -1.76959 -2.05984 -9.42561  6081
               288.8 10.9598  48.956 102.903   4.3464   14.834 -5.01019 0 0 0   -0.011 -0.02329  0.04412  -0.468046 -0.0514489  0.0952678   -0.0023923 -0.000844042  -0.00551667   0.0978639    0.392954 -0.00194736 -1.76959 -2.05995 -9.42558  6022
               288.9 15.9121  45.223 123.696  4.29662  14.8106 -5.00265 0 0 0   -0.011 -0.02329  0.04412 -0.489345 -0.189748  0.131344  -0.00234567 -0.000984823  -0.00560366    0.0986882     0.393247 -0.000433983 -1.76956 -2.06013 -9.42555  6005
                 289 19.4542 39.8566 144.038  4.25511  14.7788 -4.99306 0 0 0   -0.011 -0.02329  0.04412 -0.405245  -0.23727  0.137056 -0.00235405 -0.00112788 -0.00560675   0.0993273    0.393926 0.000948171 -1.76947 -2.06027 -9.42554  5979
               289.1 20.3779 34.2362 159.809  4.22102  14.7464 -4.97513 0 0 0   -0.011 -0.02329  0.04412 -0.311487 -0.188487  0.145335 -0.00239089 -0.00123511  -0.0055109   0.100991   0.393437 0.00173008 -1.76934 -2.06047 -9.42552  5994
               289.2 20.0643 28.9778 171.182  4.19507  14.7214 -4.95225 0 0 0   -0.011 -0.02329  0.04412  -0.247698 -0.0827377   0.172996 -0.00242721 -0.00131903 -0.00540727   0.102967   0.391994 0.00221554 -1.76915 -2.06077 -9.42549  5962
               289.3  19.349 23.7518 179.612  4.17717  14.7026 -4.93373 0 0 0   -0.011 -0.02329  0.04412 -0.176757 0.0205656  0.161467 -0.00244644 -0.00141363 -0.00536179   0.104621   0.389822 0.00343571 -1.76887 -2.06117 -9.42545  6006
               289.4  18.5164  18.6445 -174.937  4.16296   14.693 -4.92096 0 0 0   -0.011 -0.02329  0.04412 -0.169458  0.130379  0.125388  -0.0024022 -0.00143738 -0.00530527   0.105654   0.386971 0.00498679 -1.76856 -2.06167  -9.4254  6078
               289.5  18.2825   13.757 -170.467  4.15204  14.6914 -4.91358 0 0 0   -0.011 -0.02329  0.04412 -0.154291  0.205612 0.0438667 -0.00236453 -0.00147511  -0.0053175   0.106683   0.383465 0.00644164 -1.76816 -2.06223 -9.42535  6121
               289.6  18.5716    9.114 -166.307  4.14185   14.692 -4.91421 0 0 0   -0.011 -0.02329  0.04412 -0.199111  0.246577 0.0257644 -0.00235398 -0.00149821 -0.00530315   0.107523   0.379062 0.00816504 -1.76766 -2.06292  -9.4253  6110
               289.7  18.7408  5.96039 -162.892  4.12925  14.6987 -4.90882 0 0 0   -0.011 -0.02329  0.04412 -0.216535  0.315891 0.0418378 -0.00232503 -0.00152291 -0.00527931   0.108472   0.374496 0.00918319 -1.76711  -2.0636 -9.42525  6157
               289.8  20.0674  1.79373 -162.106  4.12113  14.7138 -4.90947 0 0 0   -0.011 -0.02329  0.04412  -0.191637   0.379318 -0.0343654 -0.00231645 -0.00148318 -0.00523682  0.109587  0.369956 0.0106093 -1.76649 -2.06425 -9.42522  6110
               289.9  20.9788 -2.46291 -162.447  4.11143   14.737 -4.91283 0 0 0   -0.011 -0.02329  0.04412  -0.240199   0.410147 -0.0751995 -0.00226353 -0.00145877 -0.00523747  0.110561  0.365902 0.0112758 -1.76594 -2.06481  -9.4252  6113
                 290  21.0084  -5.6144 -163.101  4.09701  14.7619 -4.91752 0 0 0   -0.011 -0.02329  0.04412  -0.292866   0.447101 -0.0883507 -0.00223776 -0.00146849 -0.00523222   0.11142  0.361457 0.0118174 -1.76536 -2.06543 -9.42518  6070
               290.1  21.1394 -8.53534 -164.002  4.07624  14.7908 -4.92349 0 0 0   -0.011 -0.02329  0.04412  -0.308971   0.488407 -0.0408549 -0.00219277 -0.00146972 -0.00525636  0.111795  0.357317 0.0128045 -1.76485 -2.06605 -9.42514  6020
               290.2  21.1255 -11.4625 -164.454  4.05957  14.8234 -4.92487 0 0 0   -0.011 -0.02329  0.04412  -0.293218   0.459534 -0.0529618  -0.0021489 -0.00148663 -0.00527921  0.112925  0.353353 0.0133622 -1.76427 -2.06656 -9.42513  6047
               290.3  20.8492 -13.7871 -163.796  4.04394  14.8509 -4.93036 0 0 0   -0.011 -0.02329  0.04412  -0.271694    0.40469 -0.0760647 -0.00213703 -0.00151431  -0.0052879  0.113986   0.34954 0.0140738 -1.76371 -2.06706 -9.42513  6005
               290.4  19.9197  -15.385 -161.488 4.02965 14.8722 -4.9331 0 0 0   -0.011 -0.02329  0.04412   -0.22836   0.360666 -0.0819787 -0.00209353  -0.0015468 -0.00533037  0.114512   0.34547 0.0142446 -1.76321 -2.06763  -9.4251  6033
               290.5  19.4316 -17.8558 -159.517  4.02187  14.8873 -4.93915 0 0 0   -0.011 -0.02329  0.04412  -0.184967   0.322318 -0.0828988 -0.00210463 -0.00153777 -0.00532443   0.11518  0.341017 0.0147972 -1.76264 -2.06826 -9.42507  5964
               290.6  16.5446 -20.7963 -152.924  4.01706  14.9039 -4.94075 0 0 0   -0.011 -0.02329  0.04412   -0.17893   0.324093 -0.0674543 -0.00206183 -0.00154299  -0.0053723  0.115826  0.337093 0.0147399 -1.76212 -2.06878 -9.42505  5997
               290.7  11.8975 -23.0958 -139.153  4.00977  14.9196 -4.94727 0 0 0   -0.011 -0.02329  0.04412  -0.231806    0.31225 -0.0534413 -0.00208942 -0.00164964 -0.00547872  0.116546  0.333333 0.0153803 -1.76158 -2.06928 -9.42504  5954
               290.8  8.86111 -22.5679 -127.954  3.99395  14.9306 -4.95149 0 0 0   -0.011 -0.02329  0.04412  -0.294299    0.26311 -0.0384107 -0.00205319 -0.00168353  -0.0053956  0.116483  0.329501 0.0160888 -1.76111 -2.06985   -9.425  6010
               290.9  8.27895 -21.4452 -121.019  3.97237  14.9364 -4.95571 0 0 0   -0.011 -0.02329  0.04412  -0.320471   0.214337 -0.0412231 -0.00208982 -0.00162862 -0.00536205  0.115743  0.325904 0.0168467  -1.7607 -2.07044 -9.42495  5984
                 291  7.77932 -20.2019 -115.704  3.95659  14.9423 -4.95697 0 0 0   -0.011 -0.02329  0.04412  -0.301307   0.182815 -0.0257718 -0.00205792 -0.00164558 -0.00529623   0.11548  0.322179 0.0171203 -1.76016 -2.07094 -9.42494  6002
               291.1  6.74557 -18.7424 -110.351  3.94246  14.9441 -4.95845 0 0 0   -0.011 -0.02329  0.04412  -0.285097   0.155407 -0.0250403 -0.00206203 -0.00165758 -0.00531441  0.114634  0.318396 0.0176621 -1.75963 -2.07149 -9.42492  5940
               291.2  5.60256 -17.4893 -105.601  3.93375  14.9443 -4.95766 0 0 0   -0.011 -0.02329  0.04412  -0.266221   0.140615 -0.0248535 -0.00204664 -0.00163398 -0.00525984  0.113462  0.314142 0.0179457 -1.75901 -2.07208  -9.4249  5983
               291.3  5.18848 -16.8942 -102.443  3.92752  14.9465 -4.95391 0 0 0   -0.011 -0.02329  0.04412   -0.252204    0.130211 -0.00809595 -0.00206124 -0.00162154 -0.00523008  0.112186  0.309991 0.0178545  -1.7584 -2.07263  -9.4249  5941
               291.4  5.76236  -16.537 -102.667   3.9181  14.9459 -4.95446 0 0 0   -0.011 -0.02329  0.04412  -0.249374   0.103631 -0.0106187  -0.0020301 -0.00161213 -0.00513259  0.110731  0.306556 0.0184464 -1.75789 -2.07313 -9.42488  5964
               291.5  7.14332 -16.3404 -105.696  3.91483  14.9423 -4.95145 0 0 0   -0.011 -0.02329  0.04412   -0.222262   0.0823754 0.000183363 -0.00208238 -0.00158179 -0.00510997  0.108916  0.302297 0.0187215 -1.75726 -2.07373 -9.42487  5890
               291.6  8.31264 -16.3958 -108.884  3.90966    14.94 -4.95251 0 0 0   -0.011 -0.02329  0.04412   -0.208827   0.0856278 -0.00983067 -0.00204272 -0.00155635 -0.00509012  0.107574  0.298838 0.0194667 -1.75672 -2.07418 -9.42487  5955
               291.7  9.86905 -16.9102 -112.497  3.90477  14.9352 -4.94981 0 0 0   -0.011 -0.02329  0.04412   -0.194708   0.0696283 -0.00918795 -0.00206778 -0.00152716 -0.00511863  0.105544  0.295416 0.0196848 -1.75626 -2.07475 -9.42483  5908
               291.8   13.073 -18.5063 -122.009   3.9052  14.9281 -4.94783 0 0 0   -0.011 -0.02329  0.04412   -0.156985   0.0337199 -0.00548601 -0.00205903 -0.00144697 -0.00499625 0.103794 0.291591 0.020089 -1.75571 -2.07531 -9.42481  5958
               291.9  17.4006 -19.3857 -135.493  3.90403  14.9187 -4.94624 0 0 0   -0.011 -0.02329  0.04412  -0.159969 -0.0282031 0.00203298 -0.00199659 -0.00140447 -0.00495419  0.102779   0.28841 0.0205583 -1.75525 -2.07573  -9.4248  5924
                 292  20.6808 -19.4212 -147.329  3.90874  14.9033 -4.94048 0 0 0   -0.011 -0.02329  0.04412  -0.147095 -0.0959631 0.00946007 -0.00198095 -0.00138324 -0.00497923  0.102397  0.284326 0.0206882 -1.75463 -2.07616 -9.42482  5929
               292.1  22.5302 -19.2975 -155.759  3.91007  14.8786 -4.94044 0 0 0   -0.011 -0.02329  0.04412  -0.147709  -0.156082 0.00654103  -0.0019978 -0.00140843 -0.00505683 0.102324 0.280765 0.021577 -1.75408 -2.07658 -9.42483  5991
               292.2  23.1976 -19.7075 -161.559  3.91168  14.8456 -4.93533 0 0 0   -0.011 -0.02329  0.04412 -0.136759 -0.209547 0.0268282 -0.00197995 -0.00140411 -0.00509301  0.102154  0.276748 0.0220313 -1.75355 -2.07709 -9.42482  5945
               292.3  23.9627 -20.3495 -165.803  3.90979  14.8063 -4.92801 0 0 0   -0.011 -0.02329  0.04412 -0.149275 -0.241139 0.0765092 -0.00197999 -0.00141359 -0.00513773  0.102002  0.272922 0.0226874  -1.7531 -2.07763 -9.42479  6028
               292.4  24.5746  -20.696 -168.386  3.90541  14.7659 -4.91172 0 0 0   -0.011 -0.02329  0.04412 -0.166179 -0.243902  0.130738 -0.00195393 -0.00139572 -0.00515892  0.101945  0.269023 0.0228085 -1.75269 -2.07816 -9.42474  5958
               292.5  25.0538 -20.8504 -168.941  3.90082  14.7284 -4.89268 0 0 0   -0.011 -0.02329  0.04412  -0.18967 -0.211735  0.176896 -0.00197916 -0.00143888 -0.00518927  0.102721  0.265422 0.0230865 -1.75222 -2.07861 -9.42473  6031
               292.6   25.362 -19.7053 -168.195  3.89023  14.6898 -4.87718 0 0 0   -0.011 -0.02329  0.04412 -0.27115 -0.21444 0.132655 -0.00199639  -0.0014878 -0.00519718  0.103809  0.261893 0.0239491 -1.75175 -2.07907 -9.42472  6018
               292.7  26.4425 -16.6826 -167.935  3.86817  14.6538 -4.86119 0 0 0   -0.011 -0.02329  0.04412  -0.37523 -0.202836 0.0997676 -0.00202297 -0.00150358 -0.00516542  0.104327  0.258393 0.0240543 -1.75136 -2.07954 -9.42469  6023
               292.8  26.7467 -12.5341 -167.277  3.83575  14.6177 -4.85297 0 0 0   -0.011 -0.02329  0.04412 -0.434982 -0.186334  0.099064 -0.00206734 -0.00151777 -0.00515285  0.105071  0.255294 0.0250219 -1.75099 -2.07996 -9.42466  6077
               292.9  26.0718 -8.40299 -165.476 3.79928 14.5845 -4.8372 0 0 0   -0.011 -0.02329  0.04412  -0.54122 -0.176288  0.117844 -0.00207296  -0.0015225 -0.00517906  0.105794   0.25174 0.0252643 -1.75058 -2.08044 -9.42464  6061
                 293  25.8058 -2.31013  -162.69  3.75006  14.5489 -4.82937 0 0 0   -0.011 -0.02329  0.04412   -0.6577 -0.229299 0.0505923 -0.00212387 -0.00156873 -0.00514502  0.106975  0.248592 0.0262023 -1.75014 -2.08084 -9.42463  6086
               293.1  25.0483  3.39453 -159.653  3.69731  14.5121 -4.81785 0 0 0   -0.011 -0.02329  0.04412 -0.642704 -0.228884  0.033957 -0.00216672  -0.0016194 -0.00514985  0.107976  0.244966 0.0261443 -1.74968 -2.08129 -9.42461  6080
               293.2  24.5626  6.48828 -157.481  3.64757  14.4785 -4.80811 0 0 0   -0.011 -0.02329  0.04412 -0.620458 -0.189656 0.0590799 -0.00223206 -0.00157519 -0.00512288  0.109188  0.241536 0.0263762  -1.7492 -2.08169 -9.42461  6202
               293.3  24.4646   7.8967 -156.263  3.59726  14.4476 -4.79611 0 0 0   -0.011 -0.02329  0.04412 -0.606447 -0.158519  0.129676 -0.00225139 -0.00158241 -0.00510765 0.110062 0.238206 0.026982 -1.74878 -2.08212  -9.4246  6105
               293.4  25.2855  6.91485 -155.831  3.54965  14.4218 -4.77465 0 0 0   -0.011 -0.02329  0.04412  -0.577667 -0.0917029   0.236424 -0.00226594 -0.00155979 -0.00509324  0.110943  0.234781 0.0276149 -1.74833 -2.08255 -9.42459  6221
               293.5   26.469  4.23413 -155.531 3.50678 14.3969  -4.747 0 0 0   -0.011 -0.02329  0.04412 -0.478107 -0.120571  0.272491 -0.00227844 -0.00154501 -0.00512569  0.111451  0.231318 0.0286005 -1.74792 -2.08301 -9.42456  6089
               293.6  25.7979  1.32652 -155.767  3.47202  14.3669 -4.72429 0 0 0   -0.011 -0.02329  0.04412 -0.438717 -0.166979  0.197733 -0.00223208 -0.00153511 -0.00512609  0.111949   0.22805 0.0300743 -1.74749 -2.08345 -9.42454  6165
               293.7  24.8811 -0.61875 -156.805  3.43993  14.3365 -4.70713 0 0 0   -0.011 -0.02329  0.04412 -0.363508 -0.158237  0.128531 -0.00218826  -0.0015476 -0.00511352  0.112285  0.224982 0.0310079 -1.74712 -2.08387 -9.42452  6173
               293.8  24.8824 -4.46924 -160.244  3.41924  14.3077 -4.69271 0 0 0   -0.011 -0.02329  0.04412 -0.245366 -0.146279  0.115813  -0.0021664 -0.00150091 -0.00508454  0.112497  0.221595 0.0318657 -1.74675 -2.08433 -9.42448  6211
               293.9  24.9645 -8.58478 -165.604  3.40595  14.2703 -4.68814 0 0 0   -0.011 -0.02329  0.04412 -0.206802 -0.238111 0.0389459 -0.00214607 -0.00144929 -0.00506979  0.112591  0.218066 0.0335767 -1.74634 -2.08484 -9.42445  6226
                 294  25.0506 -12.5938 -170.763  3.39509   14.226 -4.68817 0 0 0   -0.011 -0.02329  0.04412  -0.191615  -0.314552 -0.0181135 -0.00209221 -0.00143639 -0.00509416  0.112862  0.214604 0.0347778 -1.74596 -2.08533 -9.42441  6244
               294.1  26.0651 -14.6058 -177.192  3.38489  14.1797 -4.68313 0 0 0   -0.011 -0.02329  0.04412  -0.219824  -0.354701 0.00474963  -0.0020535 -0.00145231 -0.00507202  0.113523  0.211239 0.0348733 -1.74558 -2.08575 -9.42439  6255
               294.2  28.4768 -14.9247  175.083  3.37437  14.1312 -4.67789 0 0 0   -0.011 -0.02329  0.04412  -0.17978   -0.3524 0.0420691 -0.00204633 -0.00148301 -0.00504985  0.114464  0.208289 0.0351693 -1.74521 -2.08611 -9.42437  6311
               294.3  32.0806 -15.8835  169.634   3.3661  14.0825 -4.66425 0 0 0   -0.011 -0.02329  0.04412 -0.177288 -0.388703  0.148454 -0.00208807 -0.00144112 -0.00514915  0.115375  0.205238 0.0350651 -1.74487  -2.0865 -9.42435  6294
               294.4  33.0756 -16.4772   167.52   3.3566  14.0284 -4.63797 0 0 0   -0.011 -0.02329  0.04412 -0.224434 -0.418164  0.247716 -0.00206769 -0.00147801 -0.00521381  0.116814  0.202155 0.0350258 -1.74449 -2.08688 -9.42434  6324
               294.5  32.8516 -16.9875  166.802   3.3415  13.9768 -4.61369 0 0 0   -0.011 -0.02329  0.04412 -0.244157 -0.399511  0.146558 -0.00202115 -0.00151036 -0.00525037  0.118136  0.199794 0.0348585 -1.74418 -2.08717 -9.42433  6328
               294.6  32.7871 -19.2061  166.367  3.32785  13.9269 -4.59675 0 0 0   -0.011 -0.02329  0.04412 -0.206636 -0.362543  0.128775 -0.00200795 -0.00148806 -0.00526393  0.119719  0.197461 0.0348375 -1.74385 -2.08746 -9.42433  6335
               294.7  32.5507 -22.0392  166.235 3.31811 13.8844 -4.5804 0 0 0   -0.011 -0.02329  0.04412 -0.215577  -0.29867  0.107046 -0.00197722 -0.00148867  -0.0052651  0.121418  0.195302 0.0344898 -1.74351 -2.08772 -9.42433  6371
               294.8  32.6947 -23.9266  165.406  3.30452   13.844 -4.56872 0 0 0   -0.011 -0.02329  0.04412 -0.213905 -0.291289 0.0504419 -0.00196106 -0.00149693 -0.00525541  0.122824  0.192988 0.0343284 -1.74321 -2.08802 -9.42432  6331
               294.9  32.0814 -26.7504   165.34  3.29194  13.8019 -4.56412 0 0 0   -0.011 -0.02329  0.04412  -0.252025  -0.320265 0.00987081 -0.00194642 -0.00152232 -0.00528232  0.124545  0.190823 0.0342396 -1.74288 -2.08829 -9.42432  6367
                 295   28.763 -29.7998  169.434 3.26527 13.7581 -4.5592 0 0 0   -0.011 -0.02329  0.04412 -0.411616 -0.284194 0.0827082 -0.00189445  -0.0015333 -0.00531645  0.125673  0.188346 0.0344539 -1.74262 -2.08863  -9.4243  6344
               295.1  23.2336 -30.7858  179.216   3.2269  13.7241 -4.54049 0 0 0   -0.011 -0.02329  0.04412 -0.505562  -0.17533  0.237554 -0.00192639 -0.00163775 -0.00535674 0.126987 0.186041 0.034153 -1.74231 -2.08892 -9.42429  6320
               295.2  17.0106 -31.0019 -166.526    3.182  13.6985 -4.51149 0 0 0   -0.011 -0.02329  0.04412 -0.504984 -0.116699  0.283577 -0.00193126 -0.00163132 -0.00541075  0.127742  0.183668 0.0340879 -1.74207 -2.08924 -9.42426  6340
               295.3  10.1003 -29.7527 -149.748  3.14188  13.6697 -4.49292 0 0 0   -0.011 -0.02329  0.04412 -0.481098  -0.12822   0.18433 -0.00197937 -0.00168878 -0.00543046  0.129729  0.180968 0.0349822 -1.74166 -2.08956 -9.42427  6343
               295.4  4.72846 -27.4821  -133.81  3.10454  13.6433 -4.47714 0 0 0   -0.011 -0.02329  0.04412 -0.433197 -0.142767  0.113459 -0.00201713  -0.0016744 -0.00539391  0.130346  0.178095 0.0349404 -1.74131 -2.08993 -9.42425  6349
               295.5 0.770018 -24.5192 -119.994  3.07303  13.6127 -4.46191 0 0 0   -0.011 -0.02329  0.04412 -0.363692 -0.193006  0.136467 -0.00201157 -0.00165465   -0.005329  0.130049   0.17496 0.0348595 -1.74098 -2.09037 -9.42421  6281
               295.6 -0.761581  -21.2554   -111.54   3.0533  13.5805 -4.44941 0 0 0   -0.011 -0.02329  0.04412 -0.276343 -0.236868 0.0754628 -0.00202548 -0.00166256 -0.00517061  0.130049  0.171943 0.0347184 -1.74056 -2.09071 -9.42422  6363
               295.7 -0.888286  -19.5809  -107.074  3.04096  13.5412 -4.44084 0 0 0   -0.011 -0.02329  0.04412 -0.189293 -0.287921 0.0442048 -0.00199995 -0.00159281 -0.00506786  0.128831  0.168767 0.0345947 -1.74017 -2.09117 -9.42419  6305
               295.8  -0.4009 -18.8395 -104.645  3.04032  13.4995 -4.43491 0 0 0   -0.011 -0.02329  0.04412 -0.106931  -0.32493 0.0296358 -0.00201525 -0.00157491 -0.00503811  0.127734  0.165501 0.0344756 -1.73971 -2.09157 -9.42418  6300
               295.9 0.556185 -17.5883 -102.944   3.0485  13.4558 -4.42973 0 0 0   -0.011 -0.02329  0.04412 -0.0429904   -0.38353  0.0405055 -0.00201437 -0.00158517 -0.00501961  0.126665   0.16223 0.0343069 -1.73923 -2.09193 -9.42419  6314
                 296  1.90458 -14.6387 -102.021  3.05989  13.4042 -4.41928 0 0 0   -0.011 -0.02329  0.04412 -0.00378209   -0.455574    0.137456 -0.00202117 -0.00158715 -0.00501009 0.125141 0.159288 0.034222 -1.73881 -2.09231 -9.42418  6283
               296.1  3.46698 -8.69008  -103.14  3.0728 13.3434 -4.4003 0 0 0   -0.011 -0.02329  0.04412 -0.0146851  -0.519959   0.224233 -0.00206065 -0.00161303 -0.00495341  0.123343  0.156247 0.0345332 -1.73838 -2.09273 -9.42417  6246
               296.2   4.56463 -0.946014  -104.836  3.08129  13.2838 -4.37801 0 0 0   -0.011 -0.02329  0.04412 -0.0767967  -0.481132   0.130244 -0.00211203 -0.00162863 -0.00494714  0.121842  0.153549 0.0342886 -1.73799 -2.09308 -9.42416  6236
               296.3  6.57131  4.41864 -106.206    3.086  13.2308 -4.36608 0 0 0   -0.011 -0.02329  0.04412 -0.0930624  -0.392688  0.0853364 -0.00221673 -0.00158717 -0.00496023  0.120208  0.150513 0.0340803 -1.73756 -2.09348 -9.42416  6234
               296.4  7.94811  7.87331 -108.459  3.08942  13.1851 -4.35724 0 0 0   -0.011 -0.02329  0.04412 -0.117495 -0.307098 0.0897989 -0.00225219 -0.00153683   -0.004936  0.118665  0.147437 0.0342701 -1.73712 -2.09386 -9.42415  6238
               296.5  10.2999  8.91346 -112.894  3.08996  13.1491 -4.34991 0 0 0   -0.011 -0.02329  0.04412 -0.140352 -0.210612 0.0616842 -0.00233007 -0.00144391 -0.00493021    0.1173  0.144257 0.0343419 -1.73666 -2.09424 -9.42415  6239
               296.6  12.9726  7.82082 -122.572  3.09184  13.1214 -4.34411 0 0 0   -0.011 -0.02329  0.04412 -0.120923 -0.171527 0.0527091 -0.00237412 -0.00133519 -0.00485439  0.116264  0.140862 0.0344035 -1.73618 -2.09459 -9.42416  6258
               296.7  15.0005  6.89355 -134.009  3.08799  13.0897 -4.34023 0 0 0   -0.011 -0.02329  0.04412 -0.129613 -0.222059 0.0421105  -0.0023478   -0.001252 -0.00484241  0.114635  0.138232 0.0344873 -1.73587 -2.09501 -9.42413  6274
               296.8  16.9329  6.16406 -140.531  3.08941  13.0541 -4.33601 0 0 0   -0.011 -0.02329  0.04412 -0.0999729  -0.280993  0.0541811  -0.0023195    -0.00125 -0.00497841  0.113968  0.134963 0.0348764 -1.73543 -2.09537 -9.42413  6222
               296.9  18.6287  4.65671 -143.495  3.09523  13.0074 -4.33006 0 0 0   -0.011 -0.02329  0.04412 -0.0466608  -0.365537  0.0977899 -0.00230363 -0.00122385 -0.00511742   0.11325  0.131208 0.0356004 -1.73497 -2.09581 -9.42411  6310
                 297 20.2559 2.47673 -145.74  3.10534   12.958 -4.31474 0 0 0   -0.011 -0.02329  0.04412 -0.00820634   -0.382514    0.181073 -0.00228863 -0.00120934 -0.00515903  0.113277   0.12765 0.0360321 -1.73453 -2.09619 -9.42411  6273
               297.1    22.3224 -0.0677649   -147.484  3.11628  12.9089 -4.28989 0 0 0   -0.011 -0.02329  0.04412 0.0209594   -0.3739  0.265939 -0.00226127 -0.00119361 -0.00518025  0.113252  0.124389 0.0363687 -1.73417 -2.09657 -9.42409  6259
               297.2  22.5558 -2.69073 -147.883  3.12944    12.86 -4.26836 0 0 0   -0.011 -0.02329  0.04412 0.0807945 -0.368437  0.190698 -0.00220933 -0.00117056 -0.00518528  0.113257   0.12176 0.0376277 -1.73384 -2.09688 -9.42408  6282
               297.3  22.1118 -6.18035 -146.174  3.14695  12.8157 -4.25164 0 0 0   -0.011 -0.02329  0.04412 0.0908049 -0.300278  0.116411 -0.00216403 -0.00118909 -0.00522013  0.113379  0.118938 0.0381473 -1.73353 -2.09721 -9.42407  6265
               297.4  23.0004 -8.76248 -145.475 3.16447 12.7718 -4.2375 0 0 0   -0.011 -0.02329  0.04412  0.110755 -0.324209   0.14601 -0.00219044 -0.00118647 -0.00521471 0.113028 0.115737  0.03891 -1.73322 -2.09763 -9.42403  6290
               297.5  22.9338 -10.4431 -145.691 3.18564 12.7203 -4.2223 0 0 0   -0.011 -0.02329  0.04412    0.1495 -0.426032   0.10367 -0.00217201 -0.00117103  -0.0052039  0.112585  0.112297 0.0396553  -1.7329 -2.09809 -9.42399  6306
               297.6   21.706 -11.8615  -145.02  3.21056  12.6608 -4.21611 0 0 0   -0.011 -0.02329  0.04412  0.170925 -0.528091 0.0294121 -0.00215584 -0.00117831 -0.00522731  0.112571  0.109346 0.0406791 -1.73256 -2.09845 -9.42397  6296
               297.7  18.6719 -12.9905 -139.277  3.23824  12.5942 -4.21269 0 0 0   -0.011 -0.02329  0.04412  0.212813 -0.581375 0.0121881 -0.00212216 -0.00123524  -0.0053028  0.112585  0.106541 0.0413091 -1.73224 -2.09878 -9.42396  6311
               297.8  14.5253 -14.1389 -127.747  3.27222  12.5254 -4.20938 0 0 0   -0.011 -0.02329  0.04412  0.262167 -0.589434 0.0435346 -0.00212738 -0.00128238 -0.00535858  0.112693  0.103699 0.0419481  -1.7319 -2.09909 -9.42395  6315
               297.9  10.8709 -14.5071  -114.59  3.30587  12.4562 -4.19682 0 0 0   -0.011 -0.02329  0.04412 0.220861 -0.58701 0.172859  -0.0021575 -0.00133268 -0.00536289  0.112171  0.100868 0.0423128  -1.7316 -2.09945 -9.42393  6289
                 298  8.25656 -12.3268 -104.686   3.3282  12.3863 -4.17115 0 0 0   -0.011 -0.02329  0.04412  0.105177 -0.610856  0.262302 -0.00216099  -0.0013779 -0.00527516 0.111021 0.098676 0.042573 -1.73139 -2.09979 -9.42389  6208
               298.1     6.21 -8.58209  -96.205  3.34756  12.3193 -4.14435 0 0 0   -0.011 -0.02329  0.04412 0.0442266 -0.550599  0.226866 -0.00219187 -0.00145216 -0.00520144  0.110395 0.0959337 0.0428126 -1.73101 -2.10008 -9.42389  6172
               298.2  4.40692 -6.25472 -86.7133  3.35874  12.2591 -4.12191 0 0 0   -0.011 -0.02329  0.04412 -0.0322678  -0.503332   0.199678 -0.00220245 -0.00144041 -0.00520599  0.109361 0.0937199 0.0431686  -1.7307 -2.10035 -9.42389  6199
               298.3   3.9758 -4.98177  -80.728  3.36298  12.2002 -4.10332 0 0 0   -0.011 -0.02329  0.04412 -0.116691 -0.498987  0.133331 -0.00222582 -0.00144043 -0.00512887  0.107615  0.091387 0.0432352 -1.73035 -2.10069 -9.42388  6111
               298.4   4.1901 -5.00371 -78.3554  3.3624 12.1406 -4.0903 0 0 0   -0.011 -0.02329  0.04412 -0.170362 -0.515083 0.0971417 -0.00224962  -0.0014152 -0.00505147   0.10555 0.0888491 0.0432326 -1.72994 -2.10104 -9.42387  6039
               298.5  3.36105 -5.43538 -76.9706  3.35634   12.077 -4.08067 0 0 0   -0.011 -0.02329  0.04412 -0.238183 -0.540781 0.0870633 -0.00224719 -0.00140642 -0.00503195  0.102884 0.0865227 0.0433214 -1.72954 -2.10145 -9.42386  6017
               298.6  2.62247 -6.21821 -75.5091  3.34175  12.0131 -4.06923 0 0 0   -0.011 -0.02329  0.04412 -0.292145 -0.531679  0.198036  -0.0022286 -0.00141191 -0.00502551  0.100374 0.0845365 0.0437005 -1.72917 -2.10179 -9.42385  6019
               298.7  2.30618 -7.11982 -74.6567 3.32581 11.9531 -4.0381 0 0 0   -0.011 -0.02329  0.04412 -0.276299 -0.496209  0.352075 -0.00222932 -0.00140377 -0.00502433 0.0979206 0.0826986 0.0435057 -1.72883 -2.10214 -9.42383  5984
               298.8  2.67179 -8.22281 -74.1766  3.30918  11.8959 -4.00495 0 0 0   -0.011 -0.02329  0.04412 -0.251326 -0.489309  0.248202 -0.00221485 -0.00140144 -0.00502713 0.0955578 0.0813065 0.0434211 -1.72855 -2.10246 -9.42381  6037
               298.9  3.53661 -8.91844 -75.1003  3.30004  11.8382 -3.98422 0 0 0   -0.011 -0.02329  0.04412 -0.168715 -0.552322  0.188129  -0.0022141 -0.00140724 -0.00499835 0.0936232 0.0794834 0.0435829 -1.72821  -2.1027 -9.42382  6021
                 299  4.92733 -6.43011 -77.9855  3.30284  11.7713 -3.96326 0 0 0   -0.011 -0.02329  0.04412 -0.0539018  -0.624642   0.202852 -0.00221203 -0.00144755 -0.00496661 0.0912704 0.0774149 0.0438368 -1.72782   -2.103 -9.42383  5991
               299.1  6.01108 -3.79888 -81.0344  3.31388  11.7027 -3.94625 0 0 0   -0.011 -0.02329  0.04412 -0.0237534  -0.612809   0.103953 -0.00224583 -0.00146052 -0.00495207 0.0890776  0.075162 0.0439627 -1.72742 -2.10328 -9.42384  5979
               299.2  7.45776 -2.13085 -84.9034  3.32335  11.6277 -3.93702 0 0 0   -0.011 -0.02329  0.04412 -0.000620761    -0.732208    0.0590452   -0.002288 -0.00140489 -0.00494765 0.0866178  0.073521 0.0438693 -1.72712 -2.10363 -9.42382  5951
               299.3  9.29986  2.43978 -90.4592  3.33519  11.5395 -3.93204 0 0 0   -0.011 -0.02329  0.04412 0.0113648 -0.826597 0.0416396  -0.0023232 -0.00145625   -0.004874 0.0844106 0.0716615  0.043925  -1.7268 -2.10394  -9.4238  5977
               299.4  11.0699  6.36212 -96.7243   3.3472  11.4521 -3.92417 0 0 0   -0.011 -0.02329  0.04412 0.0129117 -0.741643  0.118452 -0.00238588 -0.00142645 -0.00487812 0.0825441  0.069843 0.0437748 -1.72651 -2.10423 -9.42379  5943
               299.5  13.4322  8.14617 -103.705  3.35846  11.3721 -3.90726 0 0 0   -0.011 -0.02329  0.04412 -0.0187286  -0.646553   0.253881 -0.00245736 -0.00129602 -0.00487871  0.080455 0.0677327 0.0442892 -1.72617 -2.10455 -9.42378  5967
               299.6  14.9213  9.53427 -110.334   3.3662  11.3022 -3.88623 0 0 0   -0.011 -0.02329  0.04412 -0.0570323  -0.558929   0.189402 -0.00246319 -0.00125135  -0.0049089  0.078762 0.0655536 0.0445584 -1.72586 -2.10485 -9.42377  5978
               299.7    15.75  11.0444 -117.622  3.36942  11.2405 -3.86692 0 0 0   -0.011 -0.02329  0.04412 -0.109094 -0.522368  0.177178 -0.00248063 -0.00122223 -0.00491323 0.0776869 0.0631123 0.0445787 -1.72553 -2.10511 -9.42378  5940
               299.8   16.109  12.6521 -124.104  3.36858  11.1819 -3.84989 0 0 0   -0.011 -0.02329  0.04412 -0.157166 -0.476328  0.143291     -0.0025 -0.00118222 -0.00491217 0.0766997 0.0603128 0.0447205 -1.72518  -2.1054 -9.42377  5932
               299.9 17.2943 13.6698 -127.84  3.35748  11.1221 -3.83779 0 0 0   -0.011 -0.02329  0.04412 -0.230245 -0.495834 0.0817474 -0.00249178   -0.001147 -0.00496021 0.0752933 0.0577465 0.0447108 -1.72492 -2.10577 -9.42374  5932
                 300  18.2751  14.5575 -130.183  3.34482  11.0605 -3.82937 0 0 0   -0.011 -0.02329  0.04412 -0.255501  -0.51544 0.0676702 -0.00247636 -0.00114957 -0.00498606 0.0746278 0.0546516 0.0448853 -1.72458  -2.1061 -9.42373  5932
               300.1  19.4261  14.1127 -132.967  3.32651  10.9969 -3.82155 0 0 0   -0.011 -0.02329  0.04412 -0.300592 -0.514393  0.122551 -0.00249791 -0.00109427 -0.00498714 0.0737628  0.051793 0.0454284 -1.72428 -2.10645 -9.42371  5900
               300.2  21.1848  12.9477 -137.695  3.31206  10.9373 -3.79895 0 0 0   -0.011 -0.02329  0.04412 -0.261999 -0.488373  0.295507 -0.00250968  -0.0010546 -0.00497777 0.0739875 0.0485347 0.0459646 -1.72388 -2.10674 -9.42371  5939
               300.3  22.4989  12.2115 -143.529  3.29423  10.8741 -3.76667 0 0 0   -0.011 -0.02329  0.04412 -0.215313 -0.500076  0.337052  -0.00248206 -0.000987487  -0.00497389 0.0728408 0.0456164  0.046561 -1.72363 -2.10714 -9.42367  5928
               300.4  21.9575  11.7292 -146.685 3.29245 10.8119 -3.7399 0 0 0   -0.011 -0.02329  0.04412 -0.117271 -0.519019  0.227101 -0.00243064 -0.00100094 -0.00503498 0.0731928 0.0424905 0.0479455 -1.72322 -2.10744 -9.42368  5984
               300.5  21.0754  11.5406 -149.007  3.29296  10.7525 -3.71659 0 0 0   -0.011 -0.02329  0.04412 -0.0958766  -0.495296   0.196929 -0.00240342 -0.00101428 -0.00505923 0.0737219 0.0397568 0.0484983 -1.72291  -2.1077 -9.42368  5899
               300.6  20.5006  11.7086 -150.714  3.29499  10.6916 -3.69651 0 0 0   -0.011 -0.02329  0.04412 -0.0441006  -0.493191   0.160361 -0.00242001 -0.00103584  -0.0050679 0.0739623 0.0368041  0.049166 -1.72261 -2.10803 -9.42366  5961
               300.7  20.4698  9.56583 -152.065  3.30376  10.6322 -3.68668 0 0 0   -0.011 -0.02329  0.04412  0.100222 -0.461131 0.0790969  -0.00242646 -0.000975042  -0.00509511 0.0740368 0.0344288 0.0503628 -1.72235 -2.10831 -9.42364  5972
               300.8  21.5655  2.11647 -154.278  3.33037  10.5785 -3.68293 0 0 0   -0.011 -0.02329  0.04412  0.262338  -0.43338 0.0101934  -0.00241488 -0.000828834  -0.00513607 0.0742143 0.0321313 0.0511653 -1.72212 -2.10858 -9.42362  6009
               300.9  23.4397 -4.84845 -156.644  3.36663  10.5212 -3.67474 0 0 0   -0.011 -0.02329  0.04412  0.277275 -0.508822 0.0915368  -0.00235211 -0.000819716  -0.00517538 0.0747125 0.0293026 0.0513342 -1.72186  -2.1089  -9.4236  6013
                 301  25.2465 -9.24204 -158.913   3.4049   10.463 -3.65261 0 0 0   -0.011 -0.02329  0.04412   0.26439 -0.504473  0.257078  -0.00228388 -0.000844049  -0.00517298 0.0758904 0.0267175 0.0513703 -1.72155 -2.10914  -9.4236  6038
               301.1  25.8536 -12.4617 -160.878  3.43756  10.4017 -3.62362 0 0 0   -0.011 -0.02329  0.04412  0.224115 -0.518622  0.246419  -0.00221833 -0.000846083  -0.00519975 0.0763984 0.0241702 0.0519242  -1.7213 -2.10943 -9.42358  6077
               301.2  26.1081 -15.2172 -163.771  3.45993  10.3384 -3.60046 0 0 0   -0.011 -0.02329  0.04412   0.11721 -0.524711  0.230629   -0.002191 -0.00083105 -0.00518721 0.0763981  0.021874 0.0527125 -1.72113 -2.10972 -9.42355  6142
               301.3  25.5551 -16.7777 -165.423  3.47162  10.2754 -3.57715 0 0 0   -0.011 -0.02329  0.04412 0.00300796  -0.553745   0.190334  -0.0021618 -0.00084175 -0.00520916  0.076647 0.0197098 0.0532139 -1.72095 -2.10998 -9.42352  6170
               301.4  24.6404 -17.7433 -165.155  3.47765   10.213 -3.56011 0 0 0   -0.011 -0.02329  0.04412 -0.0831789  -0.555676  0.0906999 -0.00214977 -0.00086769 -0.00523697 0.0777572  0.017523 0.0533839 -1.72067 -2.11019 -9.42353  6207
               301.5  23.4951  -18.945 -161.738  3.47318  10.1465 -3.55645 0 0 0   -0.011 -0.02329  0.04412  -0.16429 -0.578268 0.0427707  -0.00215762 -0.000906514  -0.00528106 0.0787835 0.0154595 0.0543781 -1.72042 -2.11043 -9.42352  6163
               301.6  20.7434 -21.1452 -152.571  3.46421  10.0787 -3.54712 0 0 0   -0.011 -0.02329  0.04412 -0.222419 -0.598413  0.127036  -0.00216426 -0.000950576   -0.0053597 0.0799296 0.0129368 0.0546437 -1.72011 -2.11068 -9.42352  6192
               301.7  17.2334 -22.9481  -141.79  3.44764  10.0098 -3.52543 0 0 0   -0.011 -0.02329  0.04412  -0.2424 -0.58183  0.29748  -0.00216939 -0.000972087  -0.00536402 0.0804061 0.0105059  0.055197 -1.71988 -2.11096  -9.4235  6184
               301.8   14.069 -23.1976 -131.915   3.4302   9.9442 -3.49031 0 0 0   -0.011 -0.02329  0.04412  -0.23076 -0.559811  0.334754 -0.00218485 -0.00100033 -0.00530756  0.0804869 0.00827078  0.0554666 -1.71967 -2.11121 -9.42348  6215
               301.9  12.0257 -22.6191 -123.643  3.41805  9.88272 -3.46215 0 0 0   -0.011 -0.02329  0.04412 -0.171915 -0.544003  0.220902 -0.00219171 -0.00101899 -0.00524607  0.0808804 0.00626973  0.0558332 -1.71942 -2.11139 -9.42349  6221
                 302  10.4038 -21.8905 -117.039   3.4116  9.81757 -3.44172 0 0 0   -0.011 -0.02329  0.04412 -0.101499 -0.571641  0.202195 -0.00217609 -0.00103864 -0.00520083  0.0804036 0.00391522  0.0565468 -1.71918 -2.11167 -9.42347  6203
               302.1  8.73228 -19.7371 -112.127  3.41332  9.75068 -3.42064 0 0 0   -0.011 -0.02329  0.04412 -0.0280644  -0.607389   0.143971 -0.00218068 -0.00107305 -0.00514411  0.0796729 0.00160742   0.056712 -1.71894 -2.11193 -9.42345  6182
               302.2  7.06909  -18.204 -108.755 3.42292 9.68208 -3.4076 0 0 0   -0.011 -0.02329  0.04412 0.0391215 -0.599076 0.0475199 -0.00219256 -0.00105884 -0.00509645   0.0786699 -0.00076752   0.0568249 -1.71867  -2.1122 -9.42344  6189
               302.3  6.29436 -17.7354 -106.109   3.4362  9.61468 -3.40273 0 0 0   -0.011 -0.02329  0.04412 0.0822205 -0.572138 0.0104991 -0.00219184 -0.00104794 -0.00508571   0.0773008 -0.00286654   0.0570047 -1.71844 -2.11248 -9.42342  6138
             302.399  6.60815 -18.1925 -103.794  3.45866  9.55121 -3.39801 0 0 0   -0.011 -0.02329  0.04412  0.154959 -0.531535 0.0826836 -0.00221912 -0.00104326 -0.00506955  0.0761801 -0.0054435  0.0573571 -1.71812 -2.11274 -9.42342  6140
               302.5  7.05998 -19.1892 -100.947  3.48642  9.49185 -3.37846 0 0 0   -0.011 -0.02329  0.04412  0.212604 -0.505219   0.22716 -0.00220873  -0.0010352 -0.00506919    0.074825 -0.00771406   0.0574856 -1.71784   -2.113 -9.42341  6188
               302.6  5.59627 -19.1007 -97.3936  3.51863  9.43397 -3.35714 0 0 0   -0.011 -0.02329  0.04412  0.207949 -0.498659  0.189784 -0.00220066 -0.00103364 -0.00508676  0.0736089 -0.0101273  0.0580298 -1.71752 -2.11324 -9.42342  6193
               302.7  4.07804 -18.1882 -94.4357  3.54667  9.37702 -3.33284 0 0 0   -0.011 -0.02329  0.04412  0.166914 -0.488852   0.20909 -0.00221009 -0.00106684 -0.00507633  0.0719843 -0.0121832  0.0579657 -1.71727 -2.11351  -9.4234  6195
               302.8  3.11399 -16.7971 -92.2016  3.56922  9.32047 -3.31558 0 0 0   -0.011 -0.02329  0.04412  0.103442 -0.487331  0.127978 -0.00222766 -0.00107745 -0.00505263  0.0706424 -0.0140419  0.0586626 -1.71701 -2.11374  -9.4234  6143
               302.9  3.34868  -15.851 -89.9884   3.5825  9.26586 -3.30633 0 0 0   -0.011 -0.02329  0.04412 0.0454809 -0.506199 0.0779045 -0.00223293 -0.00109609 -0.00504395 0.0696151  -0.01538 0.0591563 -1.71681  -2.1139  -9.4234  6167
                 303  3.48672 -14.2026 -88.4685  3.59151  9.20346 -3.29665 0 0 0   -0.011 -0.02329  0.04412 0.0100478 -0.556476 0.0580505 -0.00224353 -0.00110444 -0.00501847  0.0675815 -0.0166639  0.0592231 -1.71663 -2.11419 -9.42337  6154
               303.1  3.48744  -13.298 -87.1779  3.59976  9.13606 -3.28786 0 0 0   -0.011 -0.02329  0.04412 -0.032179 -0.602877 0.0743936 -0.00225373 -0.00109712 -0.00501415  0.0654076 -0.0185151  0.0593585 -1.71636 -2.11449 -9.42335  6144
               303.2  3.92842 -13.7759  -86.398  3.60613  9.07125 -3.27395 0 0 0   -0.011 -0.02329  0.04412 -0.0381296  -0.566767   0.168489 -0.00226338 -0.00107799 -0.00498498 0.0639024 -0.020395 0.0593341 -1.71609  -2.1147 -9.42335  6178
               303.3  4.99009 -15.7097 -86.2585  3.61227  9.00967 -3.25005 0 0 0   -0.011 -0.02329  0.04412 -0.00790552   -0.531141    0.275779 -0.00227087 -0.00103596 -0.00499118  0.0623001 -0.0220783  0.0595274 -1.71583 -2.11491 -9.42335  6151
             303.399  6.37822 -17.6227 -88.4815   3.6241  8.94885 -3.22063 0 0 0   -0.011 -0.02329  0.04412 0.0632754 -0.513678  0.240523 -0.00224352 -0.00102755 -0.00493773  0.0602567 -0.0238133  0.0597613 -1.71556 -2.11518 -9.42334  6180
               303.5  9.25895 -19.5325 -97.3112  3.64122  8.88868 -3.20302 0 0 0   -0.011 -0.02329  0.04412  0.108253 -0.506584  0.145146  -0.00220699 -0.000989131  -0.00483943  0.0583409 -0.0253281  0.0605287 -1.71531 -2.11544 -9.42333  6183
               303.6  12.8572 -20.6377   -109.2   3.667 8.83283 -3.1843 0 0 0   -0.011 -0.02329  0.04412  0.189413 -0.502717  0.144293 -0.00219622 -0.00094977 -0.00479828  0.0567489 -0.0274148  0.0605217 -1.71502 -2.11566 -9.42333  6173
               303.7   14.361 -21.3017 -117.912  3.69427  8.77585 -3.17468 0 0 0   -0.011 -0.02329  0.04412  0.200337 -0.490033 0.0509004  -0.00217608 -0.000937766  -0.00483119  0.0554803 -0.0290926  0.0614063 -1.71478 -2.11587 -9.42333  6171
               303.8  15.6611 -22.4252   -123.6   3.7228  8.71672 -3.17324 0 0 0   -0.011 -0.02329  0.04412   0.220729  -0.537348 -0.0261881   -0.0021743 -0.000933762  -0.00487314  0.0542562 -0.0309689  0.0621929 -1.71456 -2.11611 -9.42332  6165
               303.9  17.1394 -22.5103 -127.503  3.75385  8.65303 -3.17882 0 0 0   -0.011 -0.02329  0.04412    0.27011  -0.609415 -0.0359316  -0.00215533 -0.000951258  -0.00489273  0.0537946 -0.0326336  0.0632431 -1.71435 -2.11628 -9.42332  6178
                 304  17.8973 -21.7296 -129.421  3.79276  8.58123 -3.17606 0 0 0   -0.011 -0.02329  0.04412  0.343736 -0.653807 0.0506419  -0.00216263 -0.000966282  -0.00492916  0.0529715 -0.0349413  0.0635815 -1.71412 -2.11652  -9.4233  6180
             304.099  19.1771 -20.9868 -131.004  3.83452  8.50805 -3.15985 0 0 0   -0.011 -0.02329  0.04412  0.344539 -0.669795  0.238707  -0.00217254 -0.000966298  -0.00494027  0.0521439 -0.0370591  0.0638211 -1.71394 -2.11676 -9.42328  6186
               304.2 17.7371 -17.397 -130.57  3.87697  8.42967 -3.12371 0 0 0   -0.011 -0.02329  0.04412  0.284388 -0.764064  0.325763 -0.00215843 -0.00102898 -0.00494762   0.051688 -0.0397328  0.0636608 -1.71368   -2.117 -9.42327  6168
             304.299  13.9967 -11.2363 -127.624  3.90524  8.33804 -3.08886 0 0 0   -0.011 -0.02329  0.04412  0.129718 -0.840648  0.297588 -0.00216267  -0.0010922  -0.0049655  0.0504819 -0.0423847  0.0640928 -1.71348 -2.11733 -9.42323  6171
             304.399  11.1724 -2.78122 -123.822  3.91662  8.24389 -3.06275 0 0 0   -0.011 -0.02329  0.04412 0.0147999 -0.856899  0.184084 -0.00224437 -0.00117483 -0.00497589  0.0497145 -0.0442685  0.0645761 -1.71333 -2.11757 -9.42321  6154
               304.5  10.144 4.00444 -119.57  3.92522  8.15639 -3.05109 0 0 0   -0.011 -0.02329  0.04412 0.00592789  -0.765734  0.0629575 -0.00235294 -0.00114965 -0.00499472   0.049716 -0.0462672  0.0651374  -1.7131 -2.11773 -9.42321  6152
               304.6  9.22198  7.71066 -116.342  3.93486  8.07809 -3.04677 0 0 0   -0.011 -0.02329  0.04412 0.00299552  -0.739124   0.028964 -0.00239371 -0.00111473 -0.00494432  0.0498907 -0.0480548  0.0654008 -1.71288 -2.11784 -9.42323  6144
               304.7  8.13301  10.2107 -112.861  3.94215  7.99734 -3.03883 0 0 0   -0.011 -0.02329  0.04412 -0.0311749  -0.738237  0.0971841 -0.00241759 -0.00110527 -0.00492046  0.0496227 -0.0502902  0.0652281 -1.71264 -2.11803 -9.42323  6113
               304.8  7.45939  10.4887 -108.466 3.95051 7.92084 -3.0203 0 0 0   -0.011 -0.02329  0.04412 0.0064259 -0.677624  0.270799 -0.00241427  -0.0011003 -0.00493702  0.0494547 -0.0524533  0.0653158 -1.71238 -2.11819 -9.42324  6113
             304.899  6.71702  10.2633 -104.518  3.96179  7.84589 -2.98836 0 0 0   -0.011 -0.02329  0.04412 0.0668247 -0.624892  0.329736 -0.00239872 -0.00112056 -0.00492341  0.0485386 -0.0544257  0.0652864 -1.71217  -2.1184 -9.42323  6117
             304.999  5.79132   9.5708 -101.333  3.98203  7.77472 -2.95982 0 0 0   -0.011 -0.02329  0.04412 0.142923 -0.54828 0.223344 -0.00240733 -0.00113122 -0.00489185  0.0470322 -0.0569532  0.0651796 -1.71189  -2.1187 -9.42322  6137
               305.1  4.31737  9.19095 -98.5253 4.00999 7.70806 -2.9378 0 0 0   -0.011 -0.02329  0.04412  0.193296 -0.553853  0.186064 -0.00239051 -0.00115404 -0.00489898  0.0456114 -0.0594878  0.0647308 -1.71161 -2.11898 -9.42321  6142
             305.199 3.06414  9.7966 -96.103  4.04068  7.64723 -2.92023 0 0 0   -0.011 -0.02329  0.04412  0.21227 -0.49886 0.126956 -0.00238744 -0.00120285 -0.00487548  0.0447607 -0.0615946  0.0644625 -1.71135 -2.11916 -9.42321  6154
               305.3   2.7709  8.91975 -93.6851  4.07127  7.59125 -2.91088 0 0 0   -0.011 -0.02329  0.04412  0.222826 -0.491351 0.0469326 -0.00239984 -0.00120397  -0.0048632  0.0437757 -0.0634559   0.064297 -1.71111 -2.11933 -9.42322  6103
             305.399 3.04941 7.38143 -91.091  4.10352  7.52903 -2.91001 0 0 0   -0.011 -0.02329  0.04412   0.261982  -0.502735 0.00972432 -0.00239226 -0.00119732 -0.00487856  0.0417501 -0.0652238  0.0642598 -1.71087  -2.1196  -9.4232  6178
               305.5  3.26752  5.61567 -88.0713  4.14139  7.46556 -2.90745 0 0 0   -0.011 -0.02329  0.04412  0.318744 -0.494297 0.0664137 -0.00236586 -0.00119905 -0.00488883  0.0396397 -0.0670351  0.0638127 -1.71063 -2.11989 -9.42318  6121
             305.599  3.53731  3.44823 -85.3804  4.18484  7.41221 -2.89216 0 0 0   -0.011 -0.02329  0.04412  0.335679 -0.458316  0.243794  -0.0023546 -0.00121046 -0.00487568  0.0385523 -0.0689954  0.0638411 -1.71035 -2.12003  -9.4232  6145
             305.699  3.42088  1.77918 -84.1997   4.2253  7.35519 -2.86839 0 0 0   -0.011 -0.02329  0.04412  0.293009 -0.454925   0.19918 -0.00231399 -0.00121041 -0.00482468  0.0365214 -0.0704677  0.0634513 -1.71013 -2.12029 -9.42318  6115
               305.8   3.17298 -0.019458  -83.4282  4.25737  7.29904 -2.84898 0 0 0   -0.011 -0.02329  0.04412  0.207226 -0.460791   0.19205 -0.00228046 -0.00120191 -0.00481952  0.0345755 -0.0716776  0.0632322 -1.70993 -2.12053 -9.42316  6129
               305.9  3.12937 -2.01703 -82.2824  4.28684  7.24497 -2.82955 0 0 0   -0.011 -0.02329  0.04412    0.1478 -0.468007  0.141793 -0.00230014 -0.00119987 -0.00484687 0.0328659 -0.073619 0.0629151 -1.70964 -2.12073 -9.42317  6134
                 306  3.75918  -4.1636 -81.2505 4.30912 7.18926 -2.8138 0 0 0   -0.011 -0.02329  0.04412 0.0942967 -0.533526 0.0678411  -0.0023154 -0.00120256  -0.0048484  0.0313651 -0.0753539  0.0620726 -1.70939 -2.12092 -9.42317  6096
             306.099  3.73162 -6.15971  -80.478  4.32377   7.1268 -2.81101 0 0 0   -0.011 -0.02329  0.04412 0.0405605 -0.593873 0.0173533 -0.00228265 -0.00121943  -0.0048524  0.0300565 -0.0766012  0.0622937 -1.70919 -2.12106 -9.42318  6151
             306.199  3.20042 -8.55624 -79.5617   4.3363  7.05496 -2.80414 0 0 0   -0.011 -0.02329  0.04412 0.0124097 -0.659068  0.114212 -0.00227064 -0.00121293  -0.0048634 0.0279678 -0.078203 0.0621242 -1.70892 -2.12129 -9.42317  6153
               306.3  2.55859 -11.1464 -78.6973  4.34287  6.97962 -2.78243 0 0 0   -0.011 -0.02329  0.04412 0.00844842  -0.659714   0.317264 -0.00222968 -0.00122486  -0.0048679  0.0260419 -0.0790979  0.0621551 -1.70875 -2.12151 -9.42316  6154
               306.4  2.43094  -13.348 -78.0311  4.35405  6.90498 -2.74931 0 0 0   -0.011 -0.02329  0.04412 0.0548647 -0.633339  0.328145 -0.00221412 -0.00123636  -0.0048827  0.0238578 -0.0803308  0.0626993 -1.70851 -2.12174 -9.42315  6122
               306.5  2.92109 -14.1597 -77.6966  4.37154  6.83279 -2.72194 0 0 0   -0.011 -0.02329  0.04412 0.124453 -0.61707 0.238055 -0.00221077 -0.00124164 -0.00486177 0.0217198 -0.081707 0.0632395 -1.70826 -2.12197 -9.42314  6108
               306.6  3.27059 -13.9278  -77.455  4.39647  6.76611 -2.69684 0 0 0   -0.011 -0.02329  0.04412  0.203275 -0.586921  0.201555 -0.00220765 -0.00125675 -0.00487271  0.0199858 -0.0830131  0.0632395 -1.70804 -2.12215 -9.42314  6141
               306.7   2.9687 -13.6782 -77.2942  4.42712  6.70179 -2.68047 0 0 0   -0.011 -0.02329  0.04412  0.246787 -0.575969 0.0794215 -0.00219526 -0.00125446 -0.00487765  0.0182965 -0.0842395   0.063424 -1.70783 -2.12232 -9.42314  6153
               306.8   2.2427 -14.5068 -77.3215  4.46041   6.6344 -2.67613 0 0 0   -0.011 -0.02329  0.04412   0.280475  -0.610847 -0.0373598 -0.00219354 -0.00123871 -0.00486606  0.0162053 -0.0851546  0.0635099 -1.70765 -2.12255 -9.42312  6145
               306.9  2.16363  -15.578 -78.1148   4.4954  6.56392 -2.68177 0 0 0   -0.011 -0.02329  0.04412   0.313852  -0.646314 -0.0457478 -0.00218521 -0.00123312 -0.00484481  0.0145235 -0.0858953  0.0639764 -1.70749 -2.12274 -9.42311  6162
                 307  3.18849 -16.5347 -80.1141  4.53648  6.49118 -2.67677 0 0 0   -0.011 -0.02329  0.04412  0.374302 -0.646065  0.128037  -0.0022008 -0.00124295 -0.00482201  0.0125631 -0.0868319  0.0640173 -1.70731 -2.12295 -9.42309  6143
               307.1  4.33894 -16.6154 -83.0688  4.58098  6.41715 -2.65462 0 0 0   -0.011 -0.02329  0.04412 0.376489 -0.64316 0.237145  -0.0021927 -0.00124444 -0.00481028  0.0103452 -0.0876969  0.0643169 -1.70713 -2.12319 -9.42307  6155
               307.2  3.96328 -17.2195 -85.2606  4.62336  6.34786 -2.63092 0 0 0   -0.011 -0.02329  0.04412  0.317519 -0.627942  0.215455 -0.00215835  -0.0012258 -0.00482513  0.0088398 -0.0888244  0.0644734 -1.70695 -2.12335 -9.42307  6116
             307.299   3.0362 -17.8902 -87.0172  4.65784  6.27795 -2.60643 0 0 0   -0.011 -0.02329  0.04412  0.237429 -0.664745  0.234283  -0.0021376 -0.00122761 -0.00483738 0.00745973 -0.0898346  0.0647115 -1.70679  -2.1235 -9.42306  6181
             307.399  2.60135   -17.22 -88.3473  4.68518  6.20075 -2.58589 0 0 0   -0.011 -0.02329  0.04412  0.140081 -0.738645  0.139238 -0.00214411 -0.00126026 -0.00484998 0.00581035 -0.0912413  0.0651605 -1.70658 -2.12369 -9.42306  6184
             307.499  3.27845 -16.5922 -88.8093  4.69911   6.1152 -2.57717 0 0 0   -0.011 -0.02329  0.04412 0.0393666 -0.807621 0.0359736 -0.00215722 -0.00125268 -0.00484636 0.00415322 -0.0921928  0.0657352 -1.70644 -2.12389 -9.42304  6182
             307.599  3.59333 -16.8154 -88.4736  4.71101  6.02682 -2.57241 0 0 0   -0.011 -0.02329  0.04412 0.0102592 -0.822879 0.0444536  -0.0021841  -0.0012513 -0.00484937 0.00267884 -0.0939916  0.0660046  -1.7062 -2.12406 -9.42304  6169
               307.7  3.53032 -17.9263 -87.9827  4.71868  5.93844 -2.55805 0 0 0   -0.011 -0.02329  0.04412 0.0127954 -0.809384  0.246296  -0.0021708 -0.00124068  -0.0048516 0.00123038 -0.0953713  0.0662877 -1.70601 -2.12424 -9.42304  6168
             307.799  3.50937 -17.9649 -88.4696  4.73099  5.85473 -2.51839 0 0 0   -0.011 -0.02329  0.04412 0.0720687 -0.744533  0.408153 -0.00216085  -0.0012444 -0.00485688 -0.000218793   -0.0968201    0.0659873 -1.70583  -2.1244 -9.42303  6201
             307.899  4.26273  -17.584 -90.0829  4.74565   5.7779 -2.48259 0 0 0   -0.011 -0.02329  0.04412  0.122614 -0.661622  0.289016 -0.00216044 -0.00126017 -0.00483002 -0.00141571  -0.0978568    0.066443 -1.70568 -2.12455 -9.42303  6211
                 308  4.30932 -18.2051 -90.6902 4.76871 5.70833  -2.455 0 0 0   -0.011 -0.02329  0.04412  0.176473 -0.608954  0.219956 -0.00216752 -0.00122885  -0.0048503 -0.00291112  -0.0993855   0.0666265 -1.70548 -2.12473 -9.42302  6203
             308.099  4.03138 -18.2635 -89.7998  4.79469   5.6411 -2.43735 0 0 0   -0.011 -0.02329  0.04412 0.220444 -0.62291 0.111758 -0.00215937 -0.00124237 -0.00489035 -0.00413089   -0.100598   0.0671158 -1.70532 -2.12487 -9.42302  6164
               308.2  3.33931 -17.7807 -88.3242 4.82627 5.56911 -2.4314 0 0 0   -0.011 -0.02329  0.04412   0.271896  -0.674696 -0.0232125 -0.00215587  -0.0012656 -0.00489228 -0.00558428   -0.101992   0.0675685 -1.70514 -2.12505 -9.42301  6165
               308.3  2.85373 -18.0592 -87.1038  4.86523   5.4917 -2.43457 0 0 0   -0.011 -0.02329  0.04412   0.334775  -0.694127 -0.0558853 -0.00216438 -0.00125699 -0.00487971 -0.00740522   -0.103673    0.067948 -1.70492 -2.12527   -9.423  6116
             308.399  3.81974 -19.8517 -87.2738  4.90833  5.41455 -2.43276 0 0 0   -0.011 -0.02329  0.04412  0.392022 -0.689603 0.0994485 -0.00218286 -0.00122063 -0.00486488 -0.00911858   -0.105003    0.068207 -1.70474 -2.12547 -9.42299  6202
               308.5  5.49549 -20.3187 -89.3997  4.95458  5.34135 -2.40721 0 0 0   -0.011 -0.02329  0.04412  0.408808 -0.676863  0.292365 -0.00216592 -0.00123443 -0.00481307 -0.0104223  -0.106052  0.0678249 -1.70461 -2.12561 -9.42298  6131
             308.599  6.00599 -19.6667 -92.5121  5.00069  5.26701 -2.37736 0 0 0   -0.011 -0.02329  0.04412  0.358482 -0.655554  0.271322 -0.00213033 -0.00126223 -0.00479131 -0.0119918  -0.107357  0.0681957 -1.70444  -2.1258 -9.42297  6180
             308.699  6.13339 -19.3705  -96.103  5.03839  5.19761 -2.35273 0 0 0   -0.011 -0.02329  0.04412  0.286293 -0.639458  0.234037 -0.00212361 -0.00125995 -0.00477751 -0.0128015  -0.108306  0.0689954  -1.7043  -2.1259 -9.42297  6131
             308.799  6.27291 -19.0844 -99.4433   5.0684  5.12456 -2.33445 0 0 0   -0.011 -0.02329  0.04412  0.194644 -0.651352  0.114837 -0.00211092   -0.001256 -0.00478595 -0.0143697   -0.10946   0.069671 -1.70416  -2.1261 -9.42295  6177
               308.9  7.41314 -19.8336 -102.181 5.09094 5.04989 -2.3272 0 0 0   -0.011 -0.02329  0.04412  0.115388 -0.690401 0.0050982  -0.0021287 -0.00123286 -0.00479775 -0.0158039  -0.110948  0.0701342 -1.70398 -2.12629 -9.42294  6185
             308.999  8.88629 -21.8026 -104.327  5.10577  4.97487 -2.32553 0 0 0   -0.011 -0.02329  0.04412 0.0679165 -0.705445 0.0198104 -0.00212806 -0.00122784 -0.00480812 -0.0166841  -0.112168  0.0703394 -1.70385 -2.12641 -9.42294  6202
               309.1  11.1137 -24.8536 -108.375  5.12132  4.89813 -2.31325 0 0 0   -0.011 -0.02329  0.04412  0.102902 -0.711187  0.198456 -0.00209949 -0.00119309 -0.00480844 -0.0176316  -0.113807  0.0705012 -1.70368 -2.12656 -9.42294  6147
             309.199  13.3996 -26.8279 -115.314  5.14344  4.82358 -2.27809 0 0 0   -0.011 -0.02329  0.04412  0.162719 -0.697519   0.35042  -0.0020589 -0.00118592 -0.00478182 -0.0185346    -0.1156  0.0700109 -1.70351  -2.1267 -9.42293  6142
             309.299  15.1289 -25.8767  -122.75  5.16865  4.74819 -2.24642 0 0 0   -0.011 -0.02329  0.04412  0.193301 -0.669325  0.285972 -0.00202454 -0.00121994 -0.00476454 -0.0190391  -0.117255  0.0708334 -1.70333 -2.12684 -9.42293  6204
             309.399  16.6036 -25.0036 -128.634   5.1989  4.67761 -2.22173 0 0 0   -0.011 -0.02329  0.04412  0.228901 -0.606522  0.201167  -0.0020281 -0.00123527 -0.00479339 -0.0193908  -0.119284  0.0717167 -1.70312   -2.127 -9.42294  6123
             309.499   18.432 -25.1534 -134.028  5.23046  4.60992 -2.20611 0 0 0   -0.011 -0.02329  0.04412  0.290021 -0.604304 0.0763463 -0.00203044 -0.00122068 -0.00482459 -0.0200415  -0.120983  0.0723459 -1.70298 -2.12719 -9.42292  6182
             309.599  19.7629 -26.2572 -139.515 5.27102 4.54169  -2.203 0 0 0   -0.011 -0.02329  0.04412   0.338656  -0.644528 -0.0273987 -0.00199458 -0.00119582 -0.00483667 -0.0199863  -0.122845  0.0728425  -1.7028 -2.12733 -9.42292  6224
               309.7  22.0968 -26.4461  -144.88  5.31159  4.46959 -2.20078 0 0 0   -0.011 -0.02329  0.04412   0.346217  -0.662617 0.00540087 -0.00200607 -0.00120001 -0.00483825 -0.0204677  -0.124683  0.0727706 -1.70268 -2.12751  -9.4229  6156
             309.799  25.0914 -25.1469 -150.969  5.35248  4.39652 -2.19702 0 0 0   -0.011 -0.02329  0.04412  0.380201 -0.651683  0.126081 -0.00199856 -0.00121871 -0.00481174 -0.0203976  -0.126021  0.0736294 -1.70257 -2.12765 -9.42289  6157
             309.899  27.5214 -23.4813 -157.158   5.3973  4.32676 -2.17428 0 0 0   -0.011 -0.02329  0.04412  0.377936 -0.611178  0.246054 -0.00197762 -0.00119349 -0.00482125 -0.020333 -0.127788 0.0740051 -1.70245 -2.12783 -9.42287  6178
             309.999  29.4429  -22.549 -163.505  5.43911  4.25979 -2.14978 0 0 0   -0.011 -0.02329  0.04412  0.303837 -0.625628  0.184638 -0.00198557 -0.00113822 -0.00483724 -0.0200429   -0.12952  0.0739298 -1.70231 -2.12798 -9.42286  6166
             310.099  29.8071 -22.1525 -166.861 5.47224 4.19181 -2.1294 0 0 0   -0.011 -0.02329  0.04412  0.202379 -0.622244  0.199069 -0.00198137 -0.00114822 -0.00487805 -0.0192749  -0.131064  0.0743158 -1.70215 -2.12813 -9.42286  6179
             310.199  29.4174 -21.5385 -167.896  5.49833  4.12433 -2.10938 0 0 0   -0.011 -0.02329  0.04412    0.1163 -0.626192  0.143225 -0.00199465 -0.00116408  -0.0048904 -0.0180462  -0.132815  0.0743739 -1.70194 -2.12829 -9.42286  6208
             310.299  29.6782 -20.7554 -168.272  5.51412   4.0546 -2.09963 0 0 0   -0.011 -0.02329  0.04412 0.0487969 -0.656309 0.0473325 -0.00200166 -0.00114953 -0.00491747 -0.0169714  -0.134278  0.0747857 -1.70178 -2.12845 -9.42285  6167
             310.399  30.1705 -20.8011 -167.514  5.52356  3.98109 -2.09645 0 0 0   -0.011 -0.02329  0.04412 -0.0263955  -0.670804  0.0226057 -0.00202136 -0.00115863 -0.00492106 -0.0157804  -0.135864  0.0752526 -1.70161 -2.12863 -9.42284  6220
             310.499   32.347 -21.4604  -165.95 5.52873 3.90953 -2.0884 0 0 0   -0.011 -0.02329  0.04412 -0.0521957  -0.671201   0.169131 -0.00206661 -0.00116381 -0.00494012 -0.0142165  -0.137249  0.0754572 -1.70139 -2.12878 -9.42285  6213
             310.599  33.5125 -22.1476 -163.215  5.53274  3.83211 -2.05786 0 0 0   -0.011 -0.02329  0.04412 -0.00465958    -0.74818    0.379967 -0.00205908 -0.00115846 -0.00496329 -0.013398 -0.139078  0.075536 -1.70125 -2.12897 -9.42283  6222
             310.699  28.5682 -22.8906  -154.27  5.54199  3.74746 -2.02026 0 0 0   -0.011 -0.02329  0.04412 0.0567455 -0.812289  0.360711 -0.00198765 -0.00124985 -0.00505139 -0.0122426  -0.140233  0.0764077  -1.7011 -2.12912 -9.42282  6168
               310.8  20.0736 -23.4074 -138.329   5.5587  3.66549 -1.98862 0 0 0   -0.011 -0.02329  0.04412  0.115205 -0.761277  0.282807 -0.00201181 -0.00133738 -0.00514249 -0.0110256   -0.14129  0.0766558 -1.70092 -2.12922 -9.42283  6149
             310.899  12.4174 -21.3061 -121.187  5.57734  3.58427 -1.96379 0 0 0   -0.011 -0.02329  0.04412  0.143662 -0.760749  0.191927 -0.00206155 -0.00140882 -0.00512735 -0.0105664  -0.142595  0.0771934 -1.70081 -2.12935 -9.42282  6204
             310.999  7.24734 -18.1127 -107.271   5.5992  3.50034 -1.94644 0 0 0   -0.011 -0.02329  0.04412  0.171319 -0.776467 0.0672715 -0.00211695 -0.00139372 -0.00505748 -0.0108485  -0.144379  0.0772272  -1.7007 -2.12953  -9.4228  6202
             311.099  5.04837 -15.5579 -98.6576  5.62257  3.41374 -1.94579 0 0 0   -0.011 -0.02329  0.04412   0.206678  -0.800584 -0.0175875  -0.0021651 -0.00135582 -0.00490181 -0.0113213  -0.145853  0.0780477 -1.70058 -2.12969 -9.42279  6137
             311.199  4.47361 -14.0024 -95.4461  5.65418  3.32793 -1.94166 0 0 0   -0.011 -0.02329  0.04412  0.287638 -0.782933  0.105977 -0.00217316 -0.00133338 -0.00477884 -0.0120543  -0.147477  0.0783313 -1.70043 -2.12984 -9.42278  6141
             311.299  4.51056 -13.2368 -94.0731  5.68974  3.24206 -1.91905 0 0 0   -0.011 -0.02329  0.04412  0.294102 -0.737247  0.255967 -0.00219055 -0.00131479 -0.00473802 -0.0137486  -0.149053  0.0785054 -1.70028 -2.13005 -9.42276  6175
               311.4  3.80558 -13.8238 -91.5796  5.72406   3.1657 -1.89324 0 0 0   -0.011 -0.02329  0.04412 0.224667 -0.67746 0.232743 -0.00218287 -0.00130165 -0.00472831 -0.0148909  -0.150634   0.078585 -1.70011 -2.13019 -9.42276  6091
             311.499  3.32036  -14.589 -89.1185  5.75212  3.09178 -1.86187 0 0 0   -0.011 -0.02329  0.04412 0.163392 -0.68738 0.274347 -0.00217457 -0.00128486   -0.004742 -0.0163353  -0.152245  0.0781361 -1.69993 -2.13035 -9.42276  6115
             311.599  3.19545 -14.6363 -87.0877  5.77386   3.0207 -1.83652 0 0 0   -0.011 -0.02329  0.04412 0.0922606  -0.68923  0.159769 -0.00217846 -0.00131818 -0.00473101 -0.0169536  -0.153797  0.0780227 -1.69975 -2.13041 -9.42278  6173
             311.699  3.86633 -15.4955 -85.0363  5.78446  2.94457 -1.82769 0 0 0   -0.011 -0.02329  0.04412 0.0104696 -0.736699  0.021805 -0.00218167 -0.00131259 -0.00473821 -0.0179645  -0.154808  0.0783964 -1.69961 -2.13051 -9.42278  6133
               311.8  4.39655 -16.8134  -82.968  5.78804  2.86111 -1.82432 0 0 0   -0.011 -0.02329  0.04412 -0.0459071  -0.768899  0.0516137 -0.00216414 -0.00128948 -0.00473445 -0.0195245  -0.155754  0.0786562 -1.69948 -2.13067 -9.42277  6166
               311.9  4.66207 -19.0123 -81.3397  5.78899   2.7782 -1.80987 0 0 0   -0.011 -0.02329  0.04412 -0.0541455  -0.757391   0.225303  -0.0021584 -0.00129319  -0.0047426 -0.0208912  -0.156841  0.0789223 -1.69932  -2.1308 -9.42276  6099
             311.999  4.71439 -20.8882 -80.3424  5.79251  2.69451 -1.77988 0 0 0   -0.011 -0.02329  0.04412 0.000894641   -0.757166    0.362333 -0.00213183 -0.00131321 -0.00473369 -0.0225306  -0.157864  0.0796493 -1.69915 -2.13096 -9.42276  6144
               312.1  5.25317 -20.2493 -79.7661  5.80058  2.61138 -1.74374 0 0 0   -0.011 -0.02329  0.04412 0.0689044 -0.748815  0.319296 -0.00212866 -0.00135744 -0.00472485 -0.0240843  -0.158526  0.0799523 -1.69903 -2.13111 -9.42275  6094
             312.199  5.34634 -18.9212 -78.9039 5.81903 2.52788 -1.7079 0 0 0   -0.011 -0.02329  0.04412   0.14813 -0.744044  0.281006 -0.00212966 -0.00136271 -0.00472411 -0.0261942  -0.159558  0.0798717 -1.69886 -2.13131 -9.42273  6129
               312.3  4.98762 -17.2713 -77.8019  5.84266  2.44607 -1.68141 0 0 0   -0.011 -0.02329  0.04412  0.205287 -0.751676  0.174272 -0.00213232  -0.0013744 -0.00472421 -0.0278274  -0.160339  0.0800501 -1.69872 -2.13146 -9.42272  6111
             312.399  4.07029 -16.0657 -76.9098  5.86981  2.36457 -1.66758 0 0 0   -0.011 -0.02329  0.04412  0.230016 -0.745543 0.0356948 -0.00212829 -0.00135044 -0.00470549 -0.0293422  -0.161003  0.0800825  -1.6986  -2.1316 -9.42271  6131
               312.5  4.11201 -16.1479 -76.7829  5.9014 2.28499 -1.6668 0 0 0   -0.011 -0.02329  0.04412    0.257221   -0.717397 -0.00489519 -0.00214995 -0.00133439 -0.00468828 -0.0307589   -0.16204  0.0806447 -1.69843 -2.13172 -9.42272  6049
             312.599  5.17581 -17.8446  -77.317  5.93313  2.20826 -1.66419 0 0 0   -0.011 -0.02329  0.04412   0.29225 -0.654785  0.143067 -0.00215908 -0.00131498 -0.00469289 -0.0321835  -0.162492  0.0814998 -1.69831 -2.13185 -9.42271  6102
             312.699   6.1447 -19.3111 -78.2169  5.97123  2.13747 -1.63796 0 0 0   -0.011 -0.02329  0.04412  0.326482 -0.632356  0.254886 -0.00214923 -0.00128786 -0.00469735 -0.0339645  -0.163414  0.0814797 -1.69815   -2.132  -9.4227  6102
             312.799  4.92849 -19.6614 -78.7667  6.00754  2.06778 -1.61161 0 0 0   -0.011 -0.02329  0.04412   0.27337 -0.615183  0.235821 -0.00211994 -0.00128625 -0.00470808 -0.0355901   -0.16409  0.0816853 -1.69801 -2.13215 -9.42269  6129
             312.899  3.92897 -19.6864  -80.048  6.03328  1.99831 -1.58717 0 0 0   -0.011 -0.02329  0.04412  0.168908 -0.622252  0.221422  -0.0021153 -0.00130316 -0.00468534 -0.0370894  -0.164322  0.0821326 -1.69792  -2.1323 -9.42268  6134
                 313   3.4724 -19.7974  -80.828  6.05192  1.92773 -1.56913 0 0 0   -0.011 -0.02329  0.04412 0.0573699 -0.650988  0.108941 -0.00212615 -0.00130914  -0.0047006 -0.0386935  -0.165216   0.082701 -1.69776 -2.13244 -9.42267  6070
             313.099  4.14739 -20.5813 -81.3157  6.05626  1.85124 -1.56027 0 0 0   -0.011 -0.02329  0.04412 -0.0392486  -0.745495  0.0443147 -0.00212048 -0.00129605 -0.00470633 -0.0401822  -0.165622  0.0829542 -1.69767 -2.13259 -9.42266  6115
             313.199  4.83857 -20.3296 -82.3239     6.06  1.76572 -1.55303 0 0 0   -0.011 -0.02329  0.04412 -0.0496168  -0.844076   0.107281 -0.00213756 -0.00130441 -0.00469324 -0.0415576  -0.166866  0.0834581 -1.69749  -2.1327 -9.42266  6105
             313.299  4.56122 -17.6727 -82.8994  6.06242   1.6728 -1.52749 0 0 0   -0.011 -0.02329  0.04412 -0.041663 -0.847953  0.331018 -0.00214651 -0.00134097 -0.00469728 -0.0432439  -0.167905  0.0833801 -1.69734 -2.13285 -9.42266  6087
             313.399  4.34263 -14.5343 -83.2681  6.06218  1.58401 -1.48359 0 0 0   -0.011 -0.02329  0.04412 -0.0276113  -0.802907   0.409295 -0.00214559 -0.00136431 -0.00469982 -0.0448064  -0.168407  0.0831528 -1.69726 -2.13299 -9.42264  6082
             313.499  4.17848 -9.89973 -83.2148  6.07029  1.49669 -1.44626 0 0 0   -0.011 -0.02329  0.04412 0.0668591 -0.812732  0.342652 -0.00218655 -0.00139357 -0.00468629 -0.0460431  -0.169402  0.0837162 -1.69711  -2.1331 -9.42264  6064
             313.599  3.27682 -4.46728 -82.3579   6.0847   1.4028 -1.41659 0 0 0   -0.011 -0.02329  0.04412   0.12719 -0.817455  0.265092 -0.00219616 -0.00140514 -0.00468547 -0.0481793  -0.169934  0.0846051 -1.69699 -2.13331 -9.42262  6141
               313.7     2.11677 -0.00696404    -80.3109  6.10715  1.31927 -1.39768 0 0 0   -0.011 -0.02329  0.04412  0.167221 -0.775204  0.116081 -0.00223161 -0.00141512 -0.00470876 -0.0490271  -0.171151  0.0849851 -1.69683 -2.13337 -9.42263  6054
             313.799 0.965979  3.08814  -78.597  6.13132   1.2374 -1.39381 0 0 0   -0.011 -0.02329  0.04412   0.178709   -0.75281 -0.0213509 -0.00227441 -0.00142075 -0.00468718 -0.0500899  -0.172152  0.0853175 -1.69669 -2.13346 -9.42264  6009
             313.899  1.03803  4.88107 -78.3652  6.16046  1.15359 -1.39246 0 0 0   -0.011 -0.02329  0.04412   0.234599  -0.740863 -0.0187503 -0.00232825 -0.00139355 -0.00465803 -0.0518476  -0.173446  0.0847172  -1.6965 -2.13362 -9.42263  6086
                 314 0.846493  5.33395 -79.6815  6.19185  1.07719 -1.38504 0 0 0   -0.011 -0.02329  0.04412  0.270148 -0.689535  0.138217 -0.00234875 -0.00139215 -0.00462773 -0.0528296  -0.174266  0.0841548 -1.69638 -2.13371 -9.42263  6006
               314.1  1.52479   4.5631 -81.7625  6.22664  1.00107 -1.36222 0 0 0   -0.011 -0.02329  0.04412  0.272604 -0.671205   0.25261 -0.00237977 -0.00136959 -0.00462962 -0.0543427  -0.175283  0.0839037 -1.69622 -2.13384 -9.42263  5961
             314.199  1.04709  3.21952 -84.2373  6.25544 0.927566 -1.33285 0 0 0   -0.011 -0.02329  0.04412 0.225564 -0.69533  0.25866 -0.00233431 -0.00136951 -0.00462105 -0.0553701  -0.175619  0.0831163 -1.69615 -2.13396 -9.42262  6074
               314.3 0.134166  4.03614 -86.9803  6.28428 0.846919 -1.30413 0 0 0   -0.011 -0.02329  0.04412  0.164218 -0.744489   0.24318 -0.00232832 -0.00140249 -0.00464064 -0.0569383  -0.176879  0.0825985 -1.69596 -2.13411 -9.42262  5998
             314.399 -0.38884  5.71783 -88.2485  6.30205 0.763781 -1.28482 0 0 0   -0.011 -0.02329  0.04412 0.0620287 -0.748558  0.148319  -0.0023521 -0.00142958 -0.00464881 -0.0584428  -0.177765  0.0825432 -1.69582 -2.13424 -9.42262  6050
             314.499 -0.223927   7.30758  -88.6091  6.31367 0.680287 -1.27508 0 0 0   -0.011 -0.02329  0.04412 -0.00724273   -0.752516   0.0518748 -0.00238925 -0.00142533 -0.00465494 -0.0599479  -0.179196  0.0825283 -1.69563 -2.13436 -9.42262  6018
               314.6 -0.51669  8.40185 -88.5945  6.31308 0.596176 -1.27041 0 0 0   -0.011 -0.02329  0.04412 -0.100345 -0.719327 0.0294476 -0.00236991 -0.00141045 -0.00465455 -0.0614973  -0.179838  0.0821139 -1.69553 -2.13452  -9.4226  6032
               314.7 -0.727495   6.85783  -86.9681  6.31229 0.517636 -1.26448 0 0 0   -0.011 -0.02329  0.04412 -0.13049 -0.65395 0.126284 -0.00238715 -0.00135967 -0.00470317 -0.0631038  -0.181733   0.082028  -1.6953 -2.13466 -9.42261  5991
               314.8 -0.844626   2.77602  -84.1429  6.30744 0.450282  -1.2354 0 0 0   -0.011 -0.02329  0.04412 -0.124114 -0.563668  0.335963 -0.00237375 -0.00131438 -0.00473686 -0.0641204  -0.183018  0.0810185 -1.69514 -2.13479 -9.42261  6034
               314.9 -0.358771  -1.82457  -81.4455  6.30224 0.387513 -1.19812 0 0 0   -0.011 -0.02329  0.04412 -0.104374 -0.524666    0.3202 -0.00234799 -0.00130911 -0.00475303 -0.0655336  -0.184007  0.0804605 -1.69501 -2.13494  -9.4226  6019
             314.999 0.532233 -6.21897 -79.6842  6.30051 0.327047 -1.16253 0 0 0   -0.011 -0.02329  0.04412 -0.0406764  -0.510306   0.277814 -0.00231447 -0.00132054 -0.00473696 -0.0669398  -0.184801  0.0793785  -1.6949 -2.13511 -9.42259  6087
               315.1   1.0496 -10.5754 -78.1013  6.30406  0.26836 -1.13491 0 0 0   -0.011 -0.02329  0.04412 0.0148747  -0.53387  0.193664 -0.00225966 -0.00130722 -0.00474522 -0.0682761  -0.185457  0.0787892 -1.69479 -2.13525 -9.42257  6120
               315.2 0.642463 -13.2018 -77.1382  6.31828 0.204067 -1.11803 0 0 0   -0.011 -0.02329  0.04412 0.0923981 -0.629101 0.0864614 -0.00221264 -0.00134036 -0.00474473 -0.0696293  -0.186743  0.0785485 -1.69462 -2.13536 -9.42258  6046
             315.299 0.314357 -15.1948 -76.7527  6.33618 0.131251 -1.11287 0 0 0   -0.011 -0.02329  0.04412   0.143162  -0.658583 -0.0169265  -0.0021668 -0.00132457 -0.00476235 -0.0712191   -0.18753  0.0784921 -1.69448 -2.13549 -9.42257  6119
             315.399 0.412549 -19.2197 -75.3171   6.35852 0.0626065  -1.11805 0 0 0   -0.011 -0.02329  0.04412    0.171298   -0.576385 -0.00899394  -0.0021617 -0.00132878 -0.00477223 -0.0725579  -0.188428  0.0792481 -1.69434 -2.13559 -9.42258  6091
             315.499 0.918742 -24.7413 -73.7833     6.3839 0.00690194   -1.10666 0 0 0   -0.011 -0.02329  0.04412  0.196806 -0.495299  0.204565  -0.0021319 -0.00131762 -0.00478518 -0.073453 -0.189404 0.0792328 -1.69421 -2.13565 -9.42259  6117
             315.599  1.01432 -27.3853 -73.1954   6.40855 -0.048017  -1.08664 0 0 0   -0.011 -0.02329  0.04412  0.163485 -0.494371  0.188095 -0.00207916 -0.00138796 -0.00479823 -0.0744614  -0.190159  0.0798445 -1.69409 -2.13572 -9.42259  6069
               315.7  1.06854 -29.1854 -74.1512   6.43067 -0.102682  -1.06855 0 0 0   -0.011 -0.02329  0.04412  0.109488 -0.484713  0.187072 -0.00205413 -0.00141354 -0.00476594 -0.0757118  -0.191183  0.0805875 -1.69393 -2.13581  -9.4226  6061
               315.8  2.01979 -30.0767  -75.083   6.44159 -0.161116  -1.05055 0 0 0   -0.011 -0.02329  0.04412 0.0258573 -0.494727  0.125828  -0.0020716 -0.00143311 -0.00478355 -0.0774197  -0.191442  0.0811788 -1.69383 -2.13597 -9.42258  6100
               315.9  2.34443 -31.2607 -74.5557   6.44506 -0.219196  -1.03817 0 0 0   -0.011 -0.02329  0.04412 -0.0467269  -0.528081  0.0585173 -0.00206587 -0.00143245 -0.00480712 -0.0789445  -0.191819   0.081429 -1.69374  -2.1361 -9.42257  6071
                 316  1.84456 -32.3512 -73.5951  6.43913  -0.2843 -1.02995 0 0 0   -0.011 -0.02329  0.04412 -0.112112  -0.59212 0.0716072 -0.00202143 -0.00143766 -0.00482564 -0.0805148  -0.191724  0.0819688 -1.69368 -2.13626 -9.42254  6063
             316.099  1.13639 -33.0504 -72.4414   6.42728 -0.349713  -1.01666 0 0 0   -0.011 -0.02329  0.04412 -0.179175 -0.590622  0.154234 -0.00201043 -0.00145478 -0.00483722 -0.0817013  -0.191904  0.0819856 -1.69363 -2.13636 -9.42253  6067
             316.199 0.990699 -33.7994 -71.3243   6.41871   -0.4164 -0.992433 0 0 0   -0.011 -0.02329  0.04412 -0.138469  -0.56306  0.330851 -0.00204133 -0.00146166 -0.00481491 -0.0831922  -0.192764  0.0831285 -1.69347 -2.13649 -9.42253  6115
               316.3  1.79372 -34.1852 -71.4588   6.41113 -0.478982  -0.96106 0 0 0   -0.011 -0.02329  0.04412 -0.0993812   -0.54174   0.260146  -0.0020363 -0.00146579 -0.00480481 -0.084404 -0.193139 0.0840462 -1.69337 -2.13661 -9.42252  6037
             316.399  1.50376 -34.1565 -70.6551   6.41132 -0.541135 -0.938256 0 0 0   -0.011 -0.02329  0.04412 -0.0232902  -0.540719   0.199958 -0.00202916 -0.00145995 -0.00481688 -0.0858093   -0.19373  0.0848789 -1.69325 -2.13674 -9.42251  5995
             316.499  1.45937 -32.6367 -69.7187   6.41676 -0.601364 -0.917139 0 0 0   -0.011 -0.02329  0.04412 0.0238248 -0.517421  0.215451 -0.00204927 -0.00148499 -0.00481155 -0.0869265  -0.194186  0.0858614 -1.69314 -2.13685 -9.42251  6114
             316.599  1.74449 -30.9021 -69.2091   6.42436 -0.657435 -0.897017 0 0 0   -0.011 -0.02329  0.04412 0.0568501  -0.47985  0.123017 -0.00205345  -0.0014787 -0.00481717 -0.088144 -0.194424 0.0861997 -1.69307 -2.13695  -9.4225  6050
               316.7  2.28957 -29.6661 -69.5712    6.4333 -0.712356 -0.888513 0 0 0   -0.011 -0.02329  0.04412 0.0889092 -0.471165 0.0389407 -0.00205698 -0.00147549 -0.00481334 -0.0892471  -0.194305  0.0868918 -1.69301 -2.13707 -9.42248  6056
               316.8  3.75255 -28.8137 -71.2463   6.44924 -0.770767 -0.885759 0 0 0   -0.011 -0.02329  0.04412   0.16263 -0.469964 0.0147738 -0.00207301 -0.00144715 -0.00479281 -0.0909366  -0.194261  0.0880083 -1.69292 -2.13725 -9.42246  6026
               316.9  4.42231 -28.3779 -73.7849   6.47414 -0.824121 -0.880228 0 0 0   -0.011 -0.02329  0.04412  0.256089 -0.456609  0.111742 -0.00206262 -0.00143824  -0.0047813 -0.0922204  -0.194428  0.0886436 -1.69283 -2.13737 -9.42244  6030
             316.999   5.6039 -26.6091 -78.1826   6.50473 -0.879449 -0.857738 0 0 0   -0.011 -0.02329  0.04412 0.255379 -0.50883 0.253186 -0.00207017   -0.001441 -0.00476004 -0.0937943  -0.194774  0.0889434 -1.69274 -2.13749 -9.42243  6057
             317.099  5.98157 -22.8613 -80.8187   6.53346 -0.944404 -0.831287 0 0 0   -0.011 -0.02329  0.04412  0.242772 -0.581724  0.205941 -0.00207754 -0.00145938 -0.00477542 -0.0955007  -0.194744   0.089644 -1.69266 -2.13766 -9.42241  6083
               317.2  5.34641 -19.1463 -80.8382  6.55967 -1.01284 -0.81082 0 0 0   -0.011 -0.02329  0.04412   0.16001 -0.580562  0.149725 -0.00209972 -0.00143323 -0.00481819 -0.0974067  -0.195229     0.0901 -1.69255 -2.13782 -9.42239  6026
             317.299  5.19626 -15.6097 -80.1269   6.57884  -1.07675 -0.792727 0 0 0   -0.011 -0.02329  0.04412 0.0905754 -0.560714  0.201569 -0.00215618 -0.00143412 -0.00482085 -0.0987525   -0.19605  0.0907337 -1.69242 -2.13792 -9.42239  6074
             317.399  5.50735 -11.1432 -80.1181   6.59276  -1.13776 -0.774111 0 0 0   -0.011 -0.02329  0.04412 0.0364224 -0.554828  0.153828 -0.00221442 -0.00144701 -0.00479618 -0.0998575   -0.19711  0.0913099 -1.69229   -2.138  -9.4224  6029
               317.5  5.29298 -7.24015 -80.3927   6.60176  -1.19592 -0.765292 0 0 0   -0.011 -0.02329  0.04412 -0.00555516   -0.560853   0.0632783 -0.00224842 -0.00145058 -0.00477128 -0.100503 -0.198209 0.0920031 -1.69215 -2.13804 -9.42241  6077
             317.599  4.03006 -2.53457   -80.52   6.60349  -1.26028 -0.761971 0 0 0   -0.011 -0.02329  0.04412 -0.0577836  -0.637808   0.054538 -0.00226288 -0.00147429 -0.00475908 -0.101417 -0.198872 0.0924299 -1.69206 -2.13811 -9.42241  6003
               317.7  3.07512  3.45796 -80.2798  6.59944 -1.33064 -0.74895 0 0 0   -0.011 -0.02329  0.04412 -0.0895129  -0.673106   0.138464 -0.00230745 -0.00151698 -0.00476368 -0.102359  -0.19935 0.0922854 -1.69199 -2.13819 -9.42241  5925
             317.799  2.95738  9.21559 -80.0777  6.59126 -1.40408 -0.73335 0 0 0   -0.011 -0.02329  0.04412 -0.110581 -0.682534  0.101582 -0.00235695 -0.00152898 -0.00474154 -0.103268 -0.199534 0.0919708 -1.69195 -2.13827  -9.4224  5868
               317.9  3.19772  14.9356 -79.8362  6.58393 -1.47018 -0.71914 0 0 0   -0.011 -0.02329  0.04412 -0.121791 -0.546957 0.0509733 -0.00241714   -0.001555 -0.00473092 -0.103867 -0.200138  0.091029 -1.69189 -2.13834 -9.42239  5784
                 318  3.30064  18.4091 -79.5847   6.57496  -1.52539 -0.712705 0 0 0   -0.011 -0.02329  0.04412 -0.127799 -0.387055 0.0173783 -0.00245977 -0.00151531  -0.0047065 -0.105115 -0.200502 0.0904516 -1.69182 -2.13847 -9.42238  5610
             318.099  3.40429  20.7619 -79.8677    6.5741  -1.56576 -0.712204 0 0 0   -0.011 -0.02329  0.04412   -0.076689   -0.280561 -0.00704882 -0.00249848 -0.00151343 -0.00469728 -0.106372 -0.201798 0.0903765 -1.69165 -2.13855 -9.42239  5603
             318.199  3.24892  22.5598 -80.0632   6.57293  -1.59828 -0.710001 0 0 0   -0.011 -0.02329  0.04412  -0.0441296   -0.179795 -0.00767305 -0.00250038 -0.00149218 -0.00467106 -0.107608 -0.202323 0.0897423 -1.69156 -2.13867 -9.42238  5586
               318.3  2.99861   23.358 -79.8602   6.58397  -1.62253 -0.706231 0 0 0   -0.011 -0.02329  0.04412  0.0106404  -0.116437 -0.0142301 -0.00251527  -0.0014711 -0.00469398 -0.108905  -0.20399 0.0888154 -1.69136 -2.13879 -9.42239  5520
             318.399  3.12494   23.794 -79.3312   6.59549  -1.64224 -0.709369 0 0 0   -0.011 -0.02329  0.04412  0.0440303 -0.0596724 -0.0366339  -0.0025358 -0.00147397 -0.00469217 -0.110534 -0.205055 0.0885116  -1.6912 -2.13891 -9.42239  5486
               318.5  3.24383  23.3479 -78.8485   6.61218   -1.6578 -0.710489 0 0 0   -0.011 -0.02329  0.04412   0.101312 0.00054748 -0.0264226 -0.00253245  -0.0014518 -0.00469414 -0.112123 -0.206186 0.0877061 -1.69103 -2.13905 -9.42239  5534
               318.6  2.98477  21.2765 -78.3642   6.63421  -1.65875 -0.706934 0 0 0   -0.011 -0.02329  0.04412  0.140885  0.109808 0.0213568 -0.00252834 -0.00143235 -0.00470188 -0.112801 -0.207467 0.0868867 -1.69089 -2.13914 -9.42239  5523
               318.7 2.81346 16.8843 -77.399   6.65686  -1.65309 -0.696649 0 0 0   -0.011 -0.02329  0.04412  0.135351  0.253575 0.0977818 -0.00250739 -0.00136973 -0.00473319 -0.114023 -0.208445 0.0856583 -1.69074  -2.1393 -9.42238  5526
               318.8 2.42876 7.34691 -74.316   6.67074  -1.62607 -0.679565 0 0 0   -0.011 -0.02329  0.04412 0.0417742  0.531208  0.134014 -0.00243428 -0.00126827 -0.00484038 -0.115243 -0.208749 0.0845659 -1.69066 -2.13945 -9.42236  5643
             318.899 0.839404 -7.85756 -69.2144    6.6779  -1.58416 -0.672543 0 0 0   -0.011 -0.02329  0.04412 -0.0882618   0.597185 -0.0779626 -0.00234282 -0.00116509 -0.00491339  -0.11754 -0.209673 0.0836873 -1.69047 -2.13966 -9.42235  5893
                 319 -1.45277 -23.5126 -65.5432   6.67612   -1.5433 -0.688374 0 0 0   -0.011 -0.02329  0.04412 -0.105339  0.407044 -0.196836 -0.00222368 -0.00115418 -0.00497728 -0.119574  -0.21065 0.0833518 -1.69029 -2.13981 -9.42235  5958
               319.1 -2.17213 -31.7212 -65.3781  6.67505  -1.5157 -0.69756 0 0 0   -0.011 -0.02329  0.04412 -0.0527756   0.231954 -0.0887322  -0.0021163 -0.00131283 -0.00496478   -0.1205 -0.211496 0.0827435 -1.69018 -2.13988 -9.42235  6008
               319.2 -3.19946 -34.3411 -64.6892   6.67652  -1.50184 -0.705897 0 0 0   -0.011 -0.02329  0.04412 -0.0615063   0.148553 -0.0885623  -0.0020688 -0.00140157 -0.00497804 -0.121486 -0.212209 0.0830421 -1.69006 -2.13994 -9.42236  5978
               319.3 -4.24322 -35.8163  -63.455    6.6743  -1.49333 -0.709646 0 0 0   -0.011 -0.02329  0.04412 -0.0871595   0.155525 -0.0352055 -0.00205273 -0.00143503 -0.00498981 -0.122807 -0.212567 0.0832548 -1.68997 -2.14004 -9.42235  5986
               319.4 -4.62352 -37.0075 -62.7858  6.66713 -1.48773 -0.71372 0 0 0   -0.011 -0.02329  0.04412  -0.129283   0.138962 -0.0560469 -0.00204794 -0.00146093 -0.00498369 -0.124103 -0.212488 0.0842095 -1.68989 -2.14017 -9.42234  5995
               319.5 -3.91761 -38.7364 -62.7536   6.66122   -1.4847 -0.720509 0 0 0   -0.011 -0.02329  0.04412  -0.124717   0.115065 -0.0740488 -0.00206187 -0.00145517 -0.00498615 -0.125641  -0.21288 0.0854251 -1.68976 -2.14031 -9.42233  5990
             319.599 -3.09511 -40.3943 -63.2579   6.64837  -1.48516 -0.721268 0 0 0   -0.011 -0.02329  0.04412  -0.117156  0.0815126 -0.0176896 -0.00202615 -0.00143436 -0.00499045 -0.127216 -0.212116 0.0859325 -1.68974 -2.14048 -9.42229  6021
               319.7 -2.35836 -41.1174 -64.4439   6.63924  -1.48442 -0.724761 0 0 0   -0.011 -0.02329  0.04412  -0.111404  0.0543202 -0.0132905 -0.00200081 -0.00146699 -0.00497772 -0.127799 -0.212043 0.0869823 -1.68969 -2.14057 -9.42228  5939
             319.799 -1.08846 -41.4035 -65.7358   6.63127  -1.48677 -0.722956 0 0 0   -0.011 -0.02329  0.04412  -0.114014   0.048068 0.00583143 -0.00201559 -0.00148348 -0.00498412 -0.128989 -0.211995 0.0876068 -1.68963 -2.14068 -9.42227  6011
             319.899 -0.0807001   -41.5634    -66.094   6.62407  -1.48863 -0.720768 0 0 0   -0.011 -0.02329  0.04412  -0.10787 0.0469411 0.0125863 -0.00202859 -0.00146859 -0.00500562 -0.130046 -0.212102 0.0883223 -1.68956 -2.14078 -9.42226  5978
             319.999  1.07592 -41.5186  -66.474   6.61948  -1.48702 -0.719955 0 0 0   -0.011 -0.02329  0.04412 -0.0859597  0.0754883 0.00841521  -0.0020433 -0.00145481  -0.0049976 -0.130731 -0.212528 0.0890507 -1.68948 -2.14084 -9.42226  5985
             320.099 1.56734 -41.505 -66.526   6.61658  -1.48724 -0.719417 0 0 0   -0.011 -0.02329  0.04412  -0.0554644   0.0887065 -0.00190763 -0.00202166 -0.00147579 -0.00502596 -0.131857 -0.212607 0.0901277  -1.6894 -2.14097 -9.42224  5943
               320.2  1.07626 -41.5853  -66.322    6.6195  -1.48403 -0.716806 0 0 0   -0.011 -0.02329  0.04412 -0.0228498   0.108571 0.00336626  -0.0020209 -0.00145567 -0.00501974 -0.133177 -0.213045 0.0907627  -1.6893 -2.14106 -9.42224  5923
             320.299 0.818481 -41.8199 -66.3633   6.61794  -1.48225 -0.718733 0 0 0   -0.011 -0.02329  0.04412  -0.046746   0.105641 -0.0139765  -0.0020123 -0.00145844 -0.00501167 -0.134038 -0.212726 0.0919968 -1.68925  -2.1412 -9.42222  5965
               320.4  0.82255 -42.1646 -66.2884   6.61719  -1.47933 -0.719346 0 0 0   -0.011 -0.02329  0.04412 -0.0474659   0.103553 -0.0120771  -0.0020317 -0.00144207 -0.00501347 -0.135114 -0.212806 0.0928848 -1.68918 -2.14131 -9.42221  5966
               320.5 0.840241 -42.3176 -66.2275   6.61299  -1.47899 -0.724525 0 0 0   -0.011 -0.02329  0.04412 -0.0593849  0.0899064 -0.0304443 -0.00202969 -0.00148099 -0.00501258   -0.1358 -0.212364 0.0943629 -1.68913 -2.14145 -9.42218  5961
               320.6 0.876522 -42.5935 -66.1139   6.60824  -1.47588 -0.725352 0 0 0   -0.011 -0.02329  0.04412 -0.0729923  0.0940821 -0.0202632  -0.0020173  -0.0014604 -0.00500097 -0.136728 -0.212225 0.0948745  -1.6891 -2.14155 -9.42217  5913
             320.699  1.12972 -42.8661 -65.9877    6.6048  -1.47134 -0.725355 0 0 0   -0.011 -0.02329  0.04412  -0.0700719    0.100402 -0.00945469 -0.00202807 -0.00146282  -0.0049973 -0.137645 -0.212427 0.0953988 -1.68903 -2.14162 -9.42216  5950
             320.799   1.0794 -43.0751 -65.7429   6.59548   -1.4684 -0.727882 0 0 0   -0.011 -0.02329  0.04412 -0.0840192  0.0980864  -0.015263 -0.00199277 -0.00146138 -0.00500718 -0.138139 -0.211773 0.0962408 -1.68904 -2.14173 -9.42214  5938
               320.9  1.00035 -43.1792 -65.5909   6.59264  -1.46979 -0.728026 0 0 0   -0.011 -0.02329  0.04412  -0.0695332   0.0759645 -0.00779174 -0.00200151 -0.00146478 -0.00503129 -0.139514 -0.211773 0.0974074 -1.68895 -2.14188 -9.42212  5963
                 321 0.972559 -43.1815 -65.6415   6.59007  -1.46779 -0.729294 0 0 0   -0.011 -0.02329  0.04412  -0.0622288   0.0805892 -0.00938144 -0.00199223   -0.001467 -0.00499978 -0.140241 -0.211929 0.0982704 -1.68888 -2.14196 -9.42211  5897
               321.1 0.720414 -43.1575 -65.4393   6.59021  -1.46915 -0.726984 0 0 0   -0.011 -0.02329  0.04412 -0.0526088  0.0721192 0.00387618 -0.00199855 -0.00145582 -0.00502702 -0.141718 -0.212126 0.0991537 -1.68879 -2.14208  -9.4221  5945
               321.2  0.62926 -43.1104  -65.406  6.58884 -1.46614 -0.72806 0 0 0   -0.011 -0.02329  0.04412  -0.0563938   0.0855647 -0.00401432 -0.00199809 -0.00148053 -0.00500959  -0.14227 -0.212341  0.100005 -1.68873 -2.14215 -9.42209  5956
               321.3 0.696087 -43.1513 -65.4043   6.58774  -1.46209 -0.728695 0 0 0   -0.011 -0.02329  0.04412  -0.0568633   0.0950747 -0.00693532 -0.00200564 -0.00147715 -0.00499779 -0.142968 -0.212617   0.10077 -1.68866 -2.14222 -9.42209  5944
               321.4 0.691164 -43.1684 -65.2689  6.58635 -1.46039  -0.7313 0 0 0   -0.011 -0.02329  0.04412 -0.0530111  0.0891946 -0.0150399 -0.00199834 -0.00148772 -0.00502305 -0.143738 -0.212661  0.101987 -1.68858 -2.14233 -9.42208  5927
             321.499 0.874451 -43.2126 -65.3166   6.58436  -1.46171 -0.727987 0 0 0   -0.011 -0.02329  0.04412 -0.0551667  0.0714904 0.00721038 -0.00200265 -0.00147908 -0.00501323 -0.145291 -0.212508   0.10266 -1.68852 -2.14247 -9.42206  5980
               321.6  1.26545 -43.1184 -65.5233   6.57912  -1.46382 -0.727991 0 0 0   -0.011 -0.02329  0.04412 -0.0624481  0.0554132 0.00700172 -0.00200148 -0.00147217 -0.00500914 -0.146067 -0.212051  0.103709 -1.68849 -2.14259 -9.42204  5930
             321.699  1.31669 -42.9543 -65.4968   6.57558  -1.46281 -0.723993 0 0 0   -0.011 -0.02329  0.04412 -0.0620234  0.0634403  0.0212671 -0.00199759 -0.00147805 -0.00501068 -0.146992 -0.212079  0.104008 -1.68845 -2.14266 -9.42203  5912
               321.8  1.42139 -42.8128 -65.6089   6.57574  -1.46285 -0.724641 0 0 0   -0.011 -0.02329  0.04412 -0.0499059  0.0588748  0.0125502 -0.00200832 -0.00146702 -0.00499278 -0.147622 -0.212411  0.105256 -1.68836 -2.14275 -9.42202  5922
               321.9  1.54904 -42.4585 -65.8012   6.57291  -1.46652 -0.722668 0 0 0   -0.011 -0.02329  0.04412 -0.0479628  0.0305404  0.0242155 -0.00200428 -0.00149138 -0.00500511 -0.148601 -0.212145  0.106213 -1.68832 -2.14287 -9.42201  5918
                 322  1.96859  -41.605 -66.4611   6.57161  -1.47459 -0.721094 0 0 0   -0.011 -0.02329  0.04412 -0.0291718 -0.0187814  0.0376036 -0.00200443 -0.00147064 -0.00498427 -0.149433 -0.211918  0.107495 -1.68826 -2.14299 -9.42199  5957
               322.1  2.02657 -39.8093 -67.1089   6.57606  -1.48836 -0.712802 0 0 0   -0.011 -0.02329  0.04412  0.0286208 -0.0945099  0.0855465 -0.00202165 -0.00147704 -0.00497425 -0.150839 -0.212032   0.10832 -1.68818 -2.14311 -9.42197  6010
               322.2  1.10488 -35.4779 -68.0833    6.5834  -1.50987 -0.697489 0 0 0   -0.011 -0.02329  0.04412 0.119069 -0.22164 0.180676 -0.00200097 -0.00150131 -0.00497215 -0.151734 -0.211681  0.108687 -1.68816  -2.1432 -9.42196  5960
             322.299 -0.707779  -27.0774  -69.4431   6.60341  -1.54597 -0.669902 0 0 0   -0.011 -0.02329  0.04412  0.180429 -0.341521  0.243107 -0.00203204 -0.00156255 -0.00494899 -0.153456 -0.211792  0.109039 -1.68809 -2.14331 -9.42194  6039
               322.4 -2.15747 -16.2647 -70.8946   6.62334  -1.59265 -0.647636 0 0 0   -0.011 -0.02329  0.04412   0.17035 -0.463958  0.175455 -0.00209375 -0.00161789 -0.00495406 -0.154483 -0.211746  0.109718 -1.68804 -2.14341 -9.42193  5937
             322.499 -2.45503 -4.91612 -71.3084   6.63959  -1.65397 -0.637947 0 0 0   -0.011 -0.02329  0.04412  0.143276 -0.516662 0.0701324  -0.0022098 -0.00162244 -0.00497477 -0.156025 -0.211299  0.111107 -1.68799 -2.14357  -9.4219  5956
               322.6 -1.57173  4.60089 -71.5584   6.66032  -1.71391 -0.633508 0 0 0   -0.011 -0.02329  0.04412   0.164583  -0.508709 0.00390001 -0.00234388 -0.00158711 -0.00495289 -0.157541 -0.211718  0.111654 -1.68789 -2.14368  -9.4219  5853
               322.7 -1.00843  11.1552 -72.1834  6.68601 -1.75792 -0.64345 0 0 0   -0.011 -0.02329  0.04412   0.217097  -0.390699 -0.0982615 -0.00246218 -0.00151685 -0.00491287 -0.157624 -0.212813  0.112463  -1.6878 -2.14364 -9.42192  5746
               322.8 -0.84769  14.8862 -73.4535    6.7131  -1.79561 -0.653819 0 0 0   -0.011 -0.02329  0.04412   0.240076  -0.296233 -0.0703398 -0.00249804 -0.00144349 -0.00488128 -0.158277 -0.213301  0.112592 -1.68773 -2.14366 -9.42193  5606
             322.899 -0.385684   15.8807  -75.1897   6.74038  -1.82501 -0.654529 0 0 0   -0.011 -0.02329  0.04412    0.21513  -0.234486 -0.0223487 -0.00254704 -0.00137067 -0.00486474 -0.158801 -0.213692  0.111988 -1.68767 -2.14371 -9.42193  5695
                 323 -0.441138   15.3592   -77.011   6.76984  -1.85148 -0.649338 0 0 0   -0.011 -0.02329  0.04412     0.149549    -0.196099 -0.000232273 -0.00257817 -0.00133596 -0.00487261  -0.15975 -0.214867  0.110958 -1.68753 -2.14379 -9.42194  5597
               323.1 -0.944482   14.1093  -78.8619  6.78641 -1.87473 -0.63614 0 0 0   -0.011 -0.02329  0.04412 0.0763275  -0.16185 0.0881234 -0.00256329 -0.00133502  -0.0048684 -0.160177 -0.215363  0.109533 -1.68745  -2.1439 -9.42193  5639
               323.2 -1.46352  11.6996  -80.344    6.7974  -1.89472 -0.620919 0 0 0   -0.011 -0.02329  0.04412 0.0197276 -0.131084 0.0817725 -0.00255937 -0.00134231  -0.0048799 -0.160847 -0.216108   0.10838 -1.68735   -2.144 -9.42192  5664
               323.3 -1.8147 8.84026 -81.348   6.80327  -1.91971 -0.611916 0 0 0   -0.011 -0.02329  0.04412 0.00967096  -0.167407  0.0248217 -0.00252858 -0.00133715 -0.00489656 -0.162283 -0.216401  0.107508 -1.68726 -2.14414 -9.42191  5655
               323.4 -2.83318  7.78796 -81.4963   6.81527  -1.94947 -0.610604 0 0 0   -0.011 -0.02329  0.04412    -0.0021  -0.245618 -0.0236852 -0.00250599 -0.00136895 -0.00492297 -0.163801 -0.217735  0.106845 -1.68709 -2.14426 -9.42191  5634
               323.5 -2.50224  7.21564 -80.7377   6.81649  -1.98421 -0.603718 0 0 0   -0.011 -0.02329  0.04412 -0.0545813  -0.286127   0.140467 -0.00250539 -0.00137581 -0.00494423 -0.164883 -0.218156  0.106113 -1.68702 -2.14437  -9.4219  5586
             323.599 -1.61769  5.71777 -78.8233   6.82171  -2.02687 -0.569873 0 0 0   -0.011 -0.02329  0.04412  0.033034 -0.331718  0.570746 -0.00250517  -0.0013537 -0.00496531 -0.166522 -0.218955  0.105739  -1.6869 -2.14449 -9.42189  5637
               323.7  -1.9311  6.08627 -77.8085   6.84173  -2.06449 -0.497941 0 0 0   -0.011 -0.02329  0.04412  0.154167 -0.240708  0.733259 -0.00249863 -0.00140729 -0.00493417 -0.167752 -0.220228  0.105321 -1.68676 -2.14458 -9.42189  5574
             323.799 -3.25043   7.2249 -77.1878   6.86482  -2.09186 -0.426765 0 0 0   -0.011 -0.02329  0.04412  0.149882 -0.122194  0.568879 -0.00242827  -0.0013997 -0.00494418 -0.169235 -0.220909  0.104494 -1.68666 -2.14472 -9.42188  5604
               323.9 -3.63265  7.91837  -76.249   6.88299  -2.09767 -0.373353 0 0 0   -0.011 -0.02329  0.04412 0.0703034 -0.051398  0.366173 -0.00248377 -0.00141545 -0.00493605  -0.16906 -0.221973  0.103647 -1.68657 -2.14473 -9.42189  5548
             323.999 -3.44547  8.25915 -75.2367   6.8942  -2.1101 -0.34394 0 0 0   -0.011 -0.02329  0.04412 0.0265826 -0.067407  0.144569 -0.00248566 -0.00139326 -0.00493874 -0.170042 -0.222664   0.10296 -1.68648 -2.14482 -9.42189  5606
               324.1 -2.34815  8.98341 -74.2861   6.90037  -2.12145 -0.330337 0 0 0   -0.011 -0.02329  0.04412    0.0122072 -0.000448121    0.0148499 -0.00252175 -0.00139815 -0.00492736 -0.171032 -0.223053  0.101873  -1.6864 -2.14493 -9.42188  5518
               324.2 -0.454274   8.28046  -74.1875   6.91197   -2.1199 -0.328685 0 0 0   -0.011 -0.02329  0.04412 0.0526295  0.102003  0.106548 -0.00254247 -0.00137473 -0.00491379  -0.17199 -0.224281  0.101882 -1.68627 -2.14496  -9.4219  5535
               324.3  2.90793  6.94287 -76.0563   6.92785  -2.11575 -0.297952 0 0 0   -0.011 -0.02329  0.04412  0.179539 0.0656683  0.520356 -0.00257934 -0.00133993 -0.00489743 -0.173066 -0.224819  0.101836 -1.68619 -2.14502  -9.4219  5578
             324.399  2.19598  7.39636 -78.5172   6.95531  -2.11946 -0.234215 0 0 0   -0.011 -0.02329  0.04412    0.148906 -0.00735041    0.663465 -0.00252198 -0.00133672 -0.00489613  -0.17418 -0.225721  0.101098 -1.68607  -2.1451  -9.4219  5610
